Current Time,Time Since Program Started (s),Autonomous Mode (On/Off),Cruise Control (Active/Inactive),Shift Up PRND (Event),Shift Down PRND (Event),Quit (Event),Increase CC (Event),Decrease CC (Event),Steer (Value),Brake (On/Off),Gas (Value),Maximum Speed Recall (MPH),Average Speed (MPH),Current Speed (MPH),Motor PWM Value,Gear Mode,Cruise Control Target Speed (MPH),LiDAR Front Distance (m),LiDAR Left Distance (m),LiDAR Right Distance (m),LiDAR Back Distance (m),LiDAR Determined Direction,Target Heading (deg),Stop Reason,CPU Usage (%),Memory Usage (%),Number of LiDAR Points in Scan,Time Since Last Hall Sensor Pulse (s),CPU Temp (C),AEB Enabled (On/Off),AEB Triggered (On/Off),PID Output (Cruise Control),LiDAR Best Heading (deg),LiDAR Heading Confidence,LiDAR Forward Clearance (m),Camera Steering Bias,Camera Confidence,Camera Left Edge Found,Camera Right Edge Found,Camera Corridor Width (px),Driveway Cut Suspected
2026-04-25 13:53:39,8.98,0,0,0,0,0,0,0,0.00,1,0.00,0.00,0.00,0.00,0.00,P,0.00,0.93,0.80,1.31,1.67,WARN_WARNING,0.00,,9.80,12.70,504,8.98,39.5,1,0,0.00,0.00,0.00,0.93,0.00,0.00,0,0,0.00,0
2026-04-25 13:53:40,9.88,0,0,0,0,0,0,0,0.00,1,0.00,0.00,0.00,0.00,0.00,P,0.00,0.93,0.80,1.31,1.67,WARN_WARNING,0.00,,12.00,12.80,504,9.88,41.1,1,0,0.00,0.00,0.00,0.93,0.00,0.00,0,0,0.00,0
2026-04-25 13:53:41,10.90,0,0,0,0,0,0,0,0.00,1,0.00,0.00,0.00,0.00,0.00,P,0.00,0.93,0.80,1.31,1.67,WARN_WARNING,0.00,,11.90,12.70,504,10.90,41.7,1,0,0.00,0.00,0.00,0.93,0.00,0.00,0,0,0.00,0
2026-04-25 13:53:42,11.91,0,0,0,0,0,0,0,0.00,1,0.00,0.00,0.00,0.00,0.00,P,0.00,0.93,0.80,1.32,1.67,WARN_WARNING,0.00,,13.60,12.70,504,11.91,41.1,1,0,0.00,0.00,0.00,0.93,0.00,0.00,0,0,0.00,0
2026-04-25 13:53:43,12.92,0,0,0,0,0,0,0,0.00,1,0.00,0.00,0.00,0.00,0.00,P,0.00,0.93,0.80,1.31,1.67,WARN_WARNING,0.00,,14.20,12.70,504,12.92,40.6,1,0,0.00,0.00,0.00,0.93,0.00,0.00,0,0,0.00,0
2026-04-25 13:53:44,13.93,0,0,0,0,0,0,0,0.00,1,0.00,0.00,0.00,0.00,0.00,P,0.00,0.93,0.80,1.32,1.67,WARN_WARNING,0.00,,14.70,12.70,504,13.93,41.1,1,0,0.00,0.00,0.00,0.93,0.00,0.00,0,0,0.00,0
2026-04-25 13:53:45,14.93,0,0,0,0,0,0,0,0.00,1,0.00,0.00,0.00,0.00,0.00,P,0.00,0.95,0.80,1.32,1.67,WARN_WARNING,0.00,,15.00,12.70,504,14.93,41.1,1,0,0.00,0.00,0.00,0.95,0.00,0.00,0,0,0.00,0
2026-04-25 13:53:46,15.95,0,0,0,0,0,0,0,0.00,1,0.00,0.00,0.00,0.00,0.00,P,0.00,0.94,0.80,1.31,1.67,WARN_WARNING,0.00,,14.70,12.80,504,15.95,40.0,1,0,0.00,0.00,0.00,0.94,0.00,0.00,0,0,0.00,0
2026-04-25 13:53:47,16.96,0,0,0,0,0,0,0,0.00,1,0.00,0.00,0.00,0.00,0.00,P,0.00,0.81,0.80,1.31,1.67,WARN_WARNING,0.00,,14.50,12.80,504,16.96,40.6,1,0,0.00,0.00,0.00,0.81,0.00,0.00,0,0,0.00,0
2026-04-25 13:53:48,17.96,0,0,0,0,0,0,0,0.00,1,0.00,0.00,0.00,0.00,0.00,P,0.00,0.95,0.80,1.32,1.67,WARN_WARNING,0.00,,15.90,12.70,504,17.96,40.0,1,0,0.00,0.00,0.00,0.95,0.00,0.00,0,0,0.00,0
2026-04-25 13:53:49,19.07,0,0,0,0,0,0,0,0.00,1,0.00,0.00,0.00,0.00,0.00,P,0.00,0.81,0.80,1.31,1.67,WARN_WARNING,0.00,,15.10,12.70,504,19.07,42.2,1,0,0.00,0.00,0.00,0.81,0.00,0.00,0,0,0.00,0
2026-04-25 13:53:50,19.97,0,0,0,0,0,0,0,0.00,1,0.00,0.00,0.00,0.00,0.00,P,0.00,0.93,0.80,0.60,1.67,WARN_WARNING,0.00,,14.80,12.60,504,19.97,40.6,1,0,0.00,0.00,0.00,0.93,0.00,0.00,0,0,0.00,0
2026-04-25 13:53:51,20.97,0,0,0,0,0,0,0,0.00,1,0.00,0.00,0.00,0.00,0.00,P,0.00,0.95,0.80,1.31,1.67,WARN_WARNING,0.00,,16.00,12.50,504,20.97,41.1,1,0,0.00,0.00,0.00,0.95,0.00,0.00,0,0,0.00,0
2026-04-25 13:53:52,21.99,0,0,0,0,0,0,0,0.00,1,0.00,0.00,0.00,0.00,0.00,P,0.00,0.93,0.80,1.31,1.67,WARN_WARNING,0.00,,14.90,12.50,504,21.99,42.2,1,0,0.00,0.00,0.00,0.93,0.00,0.00,0,0,0.00,0
2026-04-25 13:53:53,23.00,0,0,0,0,0,0,0,0.00,1,0.00,0.00,0.00,0.00,0.00,P,0.00,0.94,0.80,1.31,1.67,WARN_WARNING,0.00,,14.00,12.50,504,23.00,42.2,1,0,0.00,0.00,0.00,0.94,0.00,0.00,0,0,0.00,0
2026-04-25 13:53:54,24.00,0,0,0,0,0,0,0,0.00,1,0.00,0.00,0.00,0.00,0.00,P,0.00,0.95,0.80,0.55,0.56,WARN_WARNING,0.00,,15.90,12.60,504,0.29,41.7,1,0,0.00,0.00,0.00,0.95,0.00,0.00,0,0,0.00,0
2026-04-25 13:53:55,25.02,0,0,0,0,0,0,0,0.00,1,0.00,0.00,0.00,0.00,0.00,P,0.00,0.93,0.80,1.32,1.33,WARN_WARNING,0.00,,15.10,12.60,504,0.37,42.2,1,0,0.00,0.00,0.00,0.93,0.00,0.00,0,0,0.00,0
2026-04-25 13:53:56,26.03,0,0,0,0,0,0,0,0.00,1,0.00,0.00,0.00,0.00,0.00,P,0.00,0.83,0.80,1.32,1.13,WARN_WARNING,0.00,,14.00,12.60,504,1.39,40.6,1,0,0.00,0.00,0.00,0.83,0.00,0.00,0,0,0.00,0
2026-04-25 13:53:57,27.05,0,0,0,0,0,0,0,0.00,1,0.00,0.00,0.00,0.00,0.00,P,0.00,0.93,0.80,1.32,0.55,WARN_WARNING,0.00,,16.00,12.60,504,2.40,41.7,1,0,0.00,0.00,0.00,0.93,0.00,0.00,0,0,0.00,0
2026-04-25 13:53:58,28.06,0,0,0,0,0,0,0,0.00,1,0.00,0.00,0.00,0.00,0.00,P,0.00,0.93,0.80,1.31,1.45,WARN_WARNING,0.00,,13.60,12.50,504,3.42,41.7,1,0,0.00,0.00,0.00,0.93,0.00,0.00,0,0,0.00,0
2026-04-25 13:53:59,29.07,0,0,0,0,0,0,0,0.00,1,0.00,0.00,0.00,0.00,0.00,P,0.00,0.82,0.80,1.32,1.67,WARN_WARNING,0.00,,16.00,12.60,504,4.43,42.2,1,0,0.00,0.00,0.00,0.82,0.00,0.00,0,0,0.00,0
2026-04-25 13:54:00,30.09,0,0,0,0,0,0,0,0.00,1,0.00,0.00,0.00,0.00,0.00,P,0.00,0.83,0.80,1.32,1.67,WARN_WARNING,0.00,,15.50,12.50,504,5.44,40.6,1,0,0.00,0.00,0.00,0.83,0.00,0.00,0,0,0.00,0
2026-04-25 13:54:01,31.10,0,0,0,0,0,0,0,0.00,1,0.00,0.00,0.00,0.00,0.00,P,0.00,0.93,0.80,1.32,1.67,WARN_WARNING,0.00,,15.30,12.50,504,6.46,42.2,1,0,0.00,0.00,0.00,0.93,0.00,0.00,0,0,0.00,0
2026-04-25 13:54:02,32.11,0,0,0,0,0,0,0,0.00,1,0.00,0.00,0.00,0.00,0.00,P,0.00,0.93,0.80,1.31,1.67,WARN_WARNING,0.00,,13.60,12.50,504,7.47,41.7,1,0,0.00,0.00,0.00,0.93,0.00,0.00,0,0,0.00,0
2026-04-25 13:54:03,33.12,0,0,0,0,0,0,0,0.00,1,0.00,0.00,0.00,0.00,0.00,P,0.00,0.93,0.80,1.31,1.67,WARN_WARNING,0.00,,16.00,12.40,504,8.48,41.7,1,0,0.00,0.00,0.00,0.93,0.00,0.00,0,0,0.00,0
2026-04-25 13:54:04,34.13,0,0,0,0,0,0,0,0.00,1,0.00,0.00,0.00,0.00,0.00,P,0.00,0.93,0.80,1.31,1.67,WARN_WARNING,0.00,,14.70,12.20,504,9.49,41.7,1,0,0.00,0.00,0.00,0.93,0.00,0.00,0,0,0.00,0
2026-04-25 13:54:05,35.15,0,0,0,0,0,0,0,0.00,1,0.00,0.00,0.00,0.00,0.00,P,0.00,0.93,0.80,1.31,1.67,WARN_WARNING,0.00,,15.10,12.20,504,10.50,41.7,1,0,0.00,0.00,0.00,0.93,0.00,0.00,0,0,0.00,0
2026-04-25 13:54:06,36.15,0,0,0,0,0,0,0,0.00,1,0.00,0.00,0.00,0.00,0.00,P,0.00,0.93,0.80,1.31,1.67,WARN_WARNING,0.00,,14.80,12.20,504,11.51,41.1,1,0,0.00,0.00,0.00,0.93,0.00,0.00,0,0,0.00,0
2026-04-25 13:54:07,37.17,0,0,0,0,0,0,0,0.00,1,0.00,0.00,0.00,0.00,0.00,P,0.00,0.92,0.80,1.31,1.67,WARN_WARNING,0.00,,14.50,12.30,504,12.53,41.7,1,0,0.00,0.00,0.00,0.92,0.00,0.00,0,0,0.00,0
2026-04-25 13:54:08,38.19,0,0,0,0,0,0,0,0.00,1,0.00,0.00,0.00,0.00,0.00,P,0.00,0.94,0.80,1.32,1.67,WARN_WARNING,0.00,,15.10,12.20,504,13.54,41.7,1,0,0.00,0.00,0.00,0.94,0.00,0.00,0,0,0.00,0
2026-04-25 13:54:09,39.20,0,0,0,0,0,0,0,0.00,1,0.00,0.00,0.00,0.00,0.00,P,0.00,0.93,0.80,1.31,1.67,WARN_WARNING,0.00,,14.00,12.20,504,14.56,42.8,1,0,0.00,0.00,0.00,0.93,0.00,0.00,0,0,0.00,0
2026-04-25 13:54:10,40.21,0,0,0,0,0,0,0,0.00,1,0.00,0.00,0.00,0.00,0.00,P,0.00,0.82,0.80,1.31,1.67,WARN_WARNING,0.00,,14.00,12.30,504,15.57,40.6,1,0,0.00,0.00,0.00,0.82,0.00,0.00,0,0,0.00,0
2026-04-25 13:54:11,41.22,0,0,0,0,0,0,0,0.00,1,0.00,0.00,0.00,0.00,0.00,P,0.00,0.81,0.80,1.32,1.67,WARN_WARNING,0.00,,14.00,12.20,504,16.57,42.2,1,0,0.00,0.00,0.00,0.81,0.00,0.00,0,0,0.00,0
2026-04-25 13:54:12,42.23,0,0,0,0,0,0,0,0.00,1,0.00,0.00,0.00,0.00,0.00,P,0.00,0.82,0.80,1.31,1.67,WARN_WARNING,0.00,,14.20,12.30,504,17.58,42.2,1,0,0.00,0.00,0.00,0.82,0.00,0.00,0,0,0.00,0
2026-04-25 13:54:13,43.24,0,0,0,0,0,0,0,0.00,1,0.00,0.00,0.00,0.00,0.00,P,0.00,0.93,0.80,1.31,1.67,WARN_WARNING,0.00,,14.50,12.30,504,18.60,42.2,1,0,0.00,0.00,0.00,0.93,0.00,0.00,0,0,0.00,0
2026-04-25 13:54:14,44.26,0,0,0,0,0,0,0,0.00,1,0.00,0.00,0.00,0.00,0.00,P,0.00,0.93,0.80,1.31,1.67,WARN_WARNING,0.00,,15.30,12.50,504,19.61,41.1,1,0,0.00,0.00,0.00,0.93,0.00,0.00,0,0,0.00,0
2026-04-25 13:54:15,45.27,0,0,0,0,0,0,0,0.00,1,0.00,0.00,0.00,0.00,0.00,P,0.00,0.94,0.80,1.32,1.67,WARN_WARNING,0.00,,16.70,12.50,504,20.62,42.2,1,0,0.00,0.00,0.00,0.94,0.00,0.00,0,0,0.00,0
2026-04-25 13:54:16,46.38,0,0,0,0,0,0,0,0.00,1,0.00,0.00,0.00,0.00,0.00,P,0.00,0.95,0.80,1.32,1.67,WARN_WARNING,0.00,,14.50,12.70,504,21.74,41.7,1,0,0.00,0.00,0.00,0.95,0.00,0.00,0,0,0.00,0
2026-04-25 13:54:17,47.28,0,0,0,0,0,0,0,0.00,1,0.00,0.00,0.00,0.00,0.00,P,0.00,0.94,0.80,1.31,1.67,WARN_WARNING,0.00,,15.00,12.80,504,22.64,41.7,1,0,0.00,0.00,0.00,0.94,0.00,0.00,0,0,0.00,0
2026-04-25 13:54:18,48.30,0,0,0,0,0,0,0,0.00,1,0.00,0.00,0.00,0.00,0.00,P,0.00,0.81,0.80,1.31,1.67,WARN_WARNING,0.00,,15.30,12.70,504,23.65,41.7,1,0,0.00,0.00,0.00,0.81,0.00,0.00,0,0,0.00,0
2026-04-25 13:54:19,49.31,0,0,0,0,0,0,0,0.00,1,0.00,0.00,0.00,0.00,0.00,P,0.00,0.94,0.80,1.31,1.67,WARN_WARNING,0.00,,14.20,12.70,504,24.67,41.1,1,0,0.00,0.00,0.00,0.94,0.00,0.00,0,0,0.00,0
2026-04-25 13:54:20,50.32,0,0,0,0,0,0,0,0.00,1,0.00,0.00,0.00,0.00,0.00,P,0.00,0.80,0.80,1.31,1.67,WARN_WARNING,0.00,,14.70,12.60,504,25.68,42.8,1,0,0.00,0.00,0.00,0.80,0.00,0.00,0,0,0.00,0
2026-04-25 13:54:21,51.32,0,0,0,0,0,0,0,0.00,1,0.00,0.00,0.00,0.00,0.00,P,0.00,0.93,0.80,1.32,1.67,WARN_WARNING,0.00,,14.60,12.60,504,26.68,42.8,1,0,0.00,0.00,0.00,0.93,0.00,0.00,0,0,0.00,0
2026-04-25 13:54:22,52.34,0,0,0,0,0,0,0,0.00,1,0.00,0.00,0.00,0.00,0.00,P,0.00,0.93,0.80,1.31,1.67,WARN_WARNING,0.00,,13.20,12.60,504,27.69,41.1,1,0,0.00,0.00,0.00,0.93,0.00,0.00,0,0,0.00,0
2026-04-25 13:54:23,53.35,0,0,0,0,0,0,0,0.00,1,0.00,0.00,0.00,0.00,0.00,P,0.00,0.82,0.80,1.32,1.67,WARN_WARNING,0.00,,14.10,12.50,504,28.70,43.3,1,0,0.00,0.00,0.00,0.82,0.00,0.00,0,0,0.00,0
2026-04-25 13:54:24,54.36,0,0,0,0,0,0,0,0.00,1,0.00,0.00,0.00,0.00,0.00,P,0.00,0.81,0.80,1.31,1.67,WARN_WARNING,0.00,,15.10,12.60,504,29.72,41.7,1,0,0.00,0.00,0.00,0.81,0.00,0.00,0,0,0.00,0
2026-04-25 13:54:25,55.37,0,0,0,0,0,0,0,0.00,1,0.00,0.00,0.00,0.00,0.00,P,0.00,0.93,0.80,1.32,1.67,WARN_WARNING,0.00,,15.20,12.60,504,30.72,41.7,1,0,0.00,0.00,0.00,0.93,0.00,0.00,0,0,0.00,0
2026-04-25 13:54:26,56.37,0,0,0,0,0,0,0,0.00,1,0.00,0.00,0.00,0.00,0.00,P,0.00,0.95,0.80,1.32,1.67,WARN_WARNING,0.00,,15.10,12.60,504,31.73,43.3,1,0,0.00,0.00,0.00,0.95,0.00,0.00,0,0,0.00,0
2026-04-25 13:54:27,57.38,0,0,0,0,0,0,0,0.00,1,0.00,0.00,0.00,0.00,0.00,P,0.00,0.80,0.80,1.32,1.67,WARN_WARNING,0.00,,14.30,12.50,504,32.74,43.3,1,0,0.00,0.00,0.00,0.80,0.00,0.00,0,0,0.00,0
2026-04-25 13:54:28,58.39,0,0,0,0,0,0,0,0.00,1,0.00,0.00,0.00,0.00,0.00,P,0.00,0.82,0.80,1.32,1.67,WARN_WARNING,0.00,,14.50,12.50,504,33.75,41.1,1,0,0.00,0.00,0.00,0.82,0.00,0.00,0,0,0.00,0
2026-04-25 13:54:29,59.40,0,0,0,0,0,0,0,0.00,1,0.00,0.00,0.00,0.00,0.00,P,0.00,0.80,0.80,1.31,1.67,WARN_WARNING,0.00,,15.00,12.50,504,34.76,41.1,1,0,0.00,0.00,0.00,0.80,0.00,0.00,0,0,0.00,0
2026-04-25 13:54:30,60.42,0,0,0,0,0,0,0,0.00,1,0.00,0.00,0.00,0.00,0.00,P,0.00,0.93,0.80,1.31,1.67,WARN_WARNING,0.00,,16.60,12.40,504,35.77,42.8,1,0,0.00,0.00,0.00,0.93,0.00,0.00,0,0,0.00,0
2026-04-25 13:54:31,61.43,0,0,0,0,0,0,0,0.00,1,0.00,0.00,0.00,0.00,0.00,P,0.00,0.95,0.80,1.31,1.67,WARN_WARNING,0.00,,15.10,12.40,504,36.79,43.3,1,0,0.00,0.00,0.00,0.95,0.00,0.00,0,0,0.00,0
2026-04-25 13:54:32,62.45,0,0,0,0,0,0,0,0.00,1,0.00,0.00,0.00,0.00,0.00,P,0.00,0.93,0.80,1.31,1.67,WARN_WARNING,0.00,,14.90,12.40,504,37.80,41.7,1,0,0.00,0.00,0.00,0.93,0.00,0.00,0,0,0.00,0
2026-04-25 13:54:33,63.46,0,0,0,0,0,0,0,0.00,1,0.00,0.00,0.00,0.00,0.00,P,0.00,0.93,0.80,1.32,1.67,WARN_WARNING,0.00,,14.50,12.40,504,38.81,42.8,1,0,0.00,0.00,0.00,0.93,0.00,0.00,0,0,0.00,0
2026-04-25 13:54:34,64.47,0,0,0,0,0,0,0,0.00,1,0.00,0.00,0.00,0.00,0.00,P,0.00,0.95,0.80,1.32,1.67,WARN_WARNING,0.00,,14.60,12.30,504,39.83,41.7,1,0,0.00,0.00,0.00,0.95,0.00,0.00,0,0,0.00,0
2026-04-25 13:54:35,65.48,0,0,0,0,0,0,0,0.00,1,0.00,0.00,0.00,0.00,0.00,P,0.00,0.93,0.80,1.31,1.67,WARN_WARNING,0.00,,15.40,12.30,504,40.84,41.1,1,0,0.00,0.00,0.00,0.93,0.00,0.00,0,0,0.00,0
2026-04-25 13:54:36,66.50,0,0,0,0,0,0,0,0.00,1,0.00,0.00,0.00,0.00,0.00,P,0.00,0.95,0.80,1.31,1.67,WARN_WARNING,0.00,,15.50,12.30,504,41.85,42.2,1,0,0.00,0.00,0.00,0.95,0.00,0.00,0,0,0.00,0
2026-04-25 13:54:37,67.51,0,0,0,0,0,0,0,0.00,1,0.00,0.00,0.00,0.00,0.00,P,0.00,0.93,0.80,1.32,1.67,WARN_WARNING,0.00,,15.40,12.30,504,42.86,42.2,1,0,0.00,0.00,0.00,0.93,0.00,0.00,0,0,0.00,0
2026-04-25 13:54:38,68.51,0,0,0,0,0,0,0,0.00,1,0.00,0.00,0.00,0.00,0.00,P,0.00,0.95,0.80,1.31,1.67,WARN_WARNING,0.00,,16.60,12.30,504,43.87,42.2,1,0,0.00,0.00,0.00,0.95,0.00,0.00,0,0,0.00,0
2026-04-25 13:54:39,69.52,0,0,0,0,0,0,0,0.00,1,0.00,0.00,0.00,0.00,0.00,P,0.00,0.82,0.80,1.32,1.67,WARN_WARNING,0.00,,15.40,12.30,504,44.88,42.2,1,0,0.00,0.00,0.00,0.82,0.00,0.00,0,0,0.00,0
2026-04-25 13:54:40,70.52,0,0,0,0,0,0,0,0.00,1,0.00,0.00,0.00,0.00,0.00,P,0.00,0.94,0.80,1.31,1.67,WARN_WARNING,0.00,,15.10,12.20,504,45.88,42.8,1,0,0.00,0.00,0.00,0.94,0.00,0.00,0,0,0.00,0
2026-04-25 13:54:41,71.54,0,0,0,0,0,0,0,0.00,1,0.00,0.00,0.00,0.00,0.00,P,0.00,0.95,0.80,1.32,1.67,WARN_WARNING,0.00,,15.40,12.30,504,46.89,42.8,1,0,0.00,0.00,0.00,0.95,0.00,0.00,0,0,0.00,0
2026-04-25 13:54:42,72.55,0,0,0,0,0,0,0,0.00,1,0.00,0.00,0.00,0.00,0.00,P,0.00,0.92,0.80,1.32,1.67,WARN_WARNING,0.00,,14.90,12.20,504,47.90,42.8,1,0,0.00,0.00,0.00,0.92,0.00,0.00,0,0,0.00,0
2026-04-25 13:54:43,73.56,0,0,0,0,0,0,0,0.00,1,0.00,0.00,0.00,0.00,0.00,P,0.00,0.93,0.80,1.31,1.66,WARN_WARNING,0.00,,14.70,12.20,504,48.92,42.8,1,0,0.00,0.00,0.00,0.93,0.00,0.00,0,0,0.00,0
2026-04-25 13:54:44,74.67,0,0,0,0,0,0,0,0.00,1,0.00,0.00,0.00,0.00,0.00,P,0.00,0.94,0.80,1.32,1.67,WARN_WARNING,0.00,,14.70,12.20,504,50.03,41.7,1,0,0.00,0.00,0.00,0.94,0.00,0.00,0,0,0.00,0
2026-04-25 13:54:45,75.58,0,0,0,0,0,0,0,0.00,1,0.00,0.00,0.00,0.00,0.00,P,0.00,0.93,0.80,1.31,1.67,WARN_WARNING,0.00,,14.20,12.20,504,50.93,41.7,1,0,0.00,0.00,0.00,0.93,0.00,0.00,0,0,0.00,0
2026-04-25 13:54:46,76.59,0,0,0,0,0,0,0,0.00,1,0.00,0.00,0.00,0.00,0.00,P,0.00,0.94,0.80,1.32,1.67,WARN_WARNING,0.00,,14.90,12.20,504,51.94,41.7,1,0,0.00,0.00,0.00,0.94,0.00,0.00,0,0,0.00,0
2026-04-25 13:54:47,77.59,0,0,0,0,0,0,0,0.00,1,0.00,0.00,0.00,0.00,0.00,P,0.00,0.81,0.80,1.32,1.67,WARN_WARNING,0.00,,14.40,12.20,504,52.94,42.8,1,0,0.00,0.00,0.00,0.81,0.00,0.00,0,0,0.00,0
2026-04-25 13:54:48,78.60,0,0,0,0,0,0,0,0.00,1,0.00,0.00,0.00,0.00,0.00,P,0.00,0.94,0.80,1.31,1.61,WARN_WARNING,0.00,,15.30,12.20,504,53.96,42.2,1,0,0.00,0.00,0.00,0.94,0.00,0.00,0,0,0.00,0
2026-04-25 13:54:49,79.62,0,0,0,0,0,0,0,0.00,1,0.00,0.00,0.00,0.00,0.00,P,0.00,0.95,0.80,1.31,1.37,WARN_WARNING,0.00,,13.10,12.20,504,54.97,42.8,1,0,0.00,0.00,0.00,0.95,0.00,0.00,0,0,0.00,0
2026-04-25 13:54:50,80.63,0,0,0,0,0,0,0,0.00,1,0.00,0.00,0.00,0.00,0.00,P,0.00,0.82,0.80,1.32,1.10,WARN_WARNING,0.00,,17.00,12.20,504,55.99,43.3,1,0,0.00,0.00,0.00,0.82,0.00,0.00,0,0,0.00,0
2026-04-25 13:54:51,81.64,0,0,0,0,0,0,0,0.00,1,0.00,0.00,0.00,0.00,0.00,P,0.00,0.94,0.80,1.32,1.01,WARN_WARNING,0.00,,14.30,12.20,504,57.00,43.3,1,0,0.00,0.00,0.00,0.94,0.00,0.00,0,0,0.00,0
2026-04-25 13:54:52,82.65,0,0,0,0,0,0,0,0.00,1,0.00,0.00,0.00,0.00,0.00,P,0.00,0.93,0.80,1.32,0.97,WARN_WARNING,0.00,,14.90,12.20,504,58.01,44.4,1,0,0.00,0.00,0.00,0.93,0.00,0.00,0,0,0.00,0
2026-04-25 13:54:53,83.67,0,0,0,0,0,0,0,0.00,1,0.00,0.00,0.00,0.00,0.00,P,0.00,0.80,0.80,1.31,0.86,WARN_WARNING,0.00,,14.50,12.20,504,59.03,42.2,1,0,0.00,0.00,0.00,0.80,0.00,0.00,0,0,0.00,0
2026-04-25 13:54:54,84.68,0,0,0,0,0,0,0,0.00,1,0.00,0.00,0.00,0.00,0.00,P,0.00,0.95,0.80,1.32,0.91,WARN_WARNING,0.00,,14.30,12.20,504,60.04,41.7,1,0,0.00,0.00,0.00,0.95,0.00,0.00,0,0,0.00,0
2026-04-25 13:54:55,85.69,0,0,0,0,0,0,0,0.00,1,0.00,0.00,0.00,0.00,0.00,P,0.00,0.93,0.80,1.31,1.67,WARN_WARNING,0.00,,13.80,12.20,504,61.05,43.3,1,0,0.00,0.00,0.00,0.93,0.00,0.00,0,0,0.00,0
2026-04-25 13:54:56,86.69,0,0,0,0,0,0,0,0.00,1,0.00,0.00,0.00,0.00,0.00,P,0.00,0.94,0.80,1.32,1.67,WARN_WARNING,0.00,,15.70,12.20,504,62.05,42.8,1,0,0.00,0.00,0.00,0.94,0.00,0.00,0,0,0.00,0
2026-04-25 13:54:57,87.70,0,0,0,0,0,0,0,0.00,1,0.00,0.00,0.00,0.00,0.00,P,0.00,0.95,0.80,1.32,1.67,WARN_WARNING,0.00,,14.90,12.20,504,63.06,43.9,1,0,0.00,0.00,0.00,0.95,0.00,0.00,0,0,0.00,0
2026-04-25 13:54:58,88.71,0,0,0,0,0,0,0,0.00,1,0.00,0.00,0.00,0.00,0.00,P,0.00,0.93,0.80,1.31,1.67,WARN_WARNING,0.00,,14.40,12.20,504,64.06,41.7,1,0,0.00,0.00,0.00,0.93,0.00,0.00,0,0,0.00,0
2026-04-25 13:54:59,89.71,0,0,0,0,0,0,0,0.00,1,0.00,0.00,0.00,0.00,0.00,P,0.00,0.93,0.80,1.31,1.67,WARN_WARNING,0.00,,15.20,12.20,504,65.07,42.8,1,0,0.00,0.00,0.00,0.93,0.00,0.00,0,0,0.00,0
2026-04-25 13:55:00,90.73,0,0,0,0,0,0,0,0.00,1,0.00,0.00,0.00,0.00,0.00,P,0.00,0.93,0.80,1.32,1.67,WARN_WARNING,0.00,,14.50,12.20,504,66.08,43.9,1,0,0.00,0.00,0.00,0.93,0.00,0.00,0,0,0.00,0
2026-04-25 13:55:01,91.74,0,0,0,0,0,0,0,0.00,1,0.00,0.00,0.00,0.00,0.00,P,0.00,0.95,0.80,1.31,1.67,WARN_WARNING,0.00,,14.60,12.20,504,67.10,43.3,1,0,0.00,0.00,0.00,0.95,0.00,0.00,0,0,0.00,0
2026-04-25 13:55:02,92.75,0,0,0,0,0,0,0,0.00,1,0.00,0.00,0.00,0.00,0.00,P,0.00,0.95,0.80,1.32,1.67,WARN_WARNING,0.00,,15.10,12.20,504,68.11,43.3,1,0,0.00,0.00,0.00,0.95,0.00,0.00,0,0,0.00,0
2026-04-25 13:55:03,93.76,0,0,0,0,0,0,0,0.00,1,0.00,0.00,0.00,0.00,0.00,P,0.00,0.81,0.80,1.31,1.67,WARN_WARNING,0.00,,14.30,12.20,504,69.12,42.8,1,0,0.00,0.00,0.00,0.81,0.00,0.00,0,0,0.00,0
2026-04-25 13:55:04,94.88,0,0,0,0,0,0,0,0.00,1,0.00,0.00,0.00,0.00,0.00,P,0.00,0.95,0.80,1.32,1.67,WARN_WARNING,0.00,,13.80,12.20,504,70.23,42.2,1,0,0.00,0.00,0.00,0.95,0.00,0.00,0,0,0.00,0
2026-04-25 13:55:05,95.78,0,0,0,0,0,0,0,0.00,1,0.00,0.00,0.00,0.00,0.00,P,0.00,0.81,0.80,1.32,1.67,WARN_WARNING,0.00,,15.00,12.20,504,71.14,42.8,1,0,0.00,0.00,0.00,0.81,0.00,0.00,0,0,0.00,0
2026-04-25 13:55:06,96.79,0,0,0,0,0,0,0,0.00,1,0.00,0.00,0.00,0.00,0.00,P,0.00,0.95,0.80,1.31,1.37,WARN_WARNING,0.00,,14.00,12.20,504,72.15,43.9,1,0,0.00,0.00,0.00,0.95,0.00,0.00,0,0,0.00,0
2026-04-25 13:55:07,97.81,0,0,0,0,0,0,0,0.00,1,0.00,0.00,0.00,0.00,0.00,P,0.00,0.81,0.80,1.31,0.99,WARN_WARNING,0.00,,14.60,12.20,504,73.16,43.3,1,0,0.00,0.00,0.00,0.81,0.00,0.00,0,0,0.00,0
2026-04-25 13:55:08,98.82,0,0,0,0,0,0,0,0.00,1,0.00,0.00,0.00,0.00,0.00,P,0.00,0.95,0.80,1.32,1.67,WARN_WARNING,0.00,,14.10,12.20,504,74.17,42.8,1,0,0.00,0.00,0.00,0.95,0.00,0.00,0,0,0.00,0
2026-04-25 13:55:09,99.83,0,0,0,0,0,0,0,0.00,1,0.00,0.00,0.00,0.00,0.00,P,0.00,0.83,0.80,1.31,1.67,WARN_WARNING,0.00,,14.80,12.20,504,75.19,42.8,1,0,0.00,0.00,0.00,0.83,0.00,0.00,0,0,0.00,0
2026-04-25 13:55:10,100.84,0,0,0,0,0,0,0,0.00,1,0.00,0.00,0.00,0.00,0.00,P,0.00,0.93,0.80,1.31,1.67,WARN_WARNING,0.00,,15.40,12.20,504,76.20,43.9,1,0,0.00,0.00,0.00,0.93,0.00,0.00,0,0,0.00,0
2026-04-25 13:55:11,101.85,0,0,0,0,0,0,0,0.00,1,0.00,0.00,0.00,0.00,0.00,P,0.00,0.93,0.80,1.32,1.67,WARN_WARNING,0.00,,16.00,12.20,504,77.21,43.3,1,0,0.00,0.00,0.00,0.93,0.00,0.00,0,0,0.00,0
2026-04-25 13:55:12,102.87,0,0,0,0,0,0,0,0.00,1,0.00,0.00,0.00,0.00,0.00,P,0.00,0.82,0.80,1.31,1.67,WARN_WARNING,0.00,,14.20,12.20,504,78.22,43.9,1,0,0.00,0.00,0.00,0.82,0.00,0.00,0,0,0.00,0
2026-04-25 13:55:14,103.88,0,0,0,0,0,0,0,0.00,1,0.00,0.00,0.00,0.00,0.00,P,0.00,0.92,0.80,1.31,1.67,WARN_WARNING,0.00,,14.20,12.20,504,79.24,43.3,1,0,0.00,0.00,0.00,0.92,0.00,0.00,0,0,0.00,0
2026-04-25 13:55:15,104.89,0,0,0,0,0,0,0,0.00,1,0.00,0.00,0.00,0.00,0.00,P,0.00,0.93,0.80,1.32,1.67,WARN_WARNING,0.00,,14.50,12.20,504,80.25,42.2,1,0,0.00,0.00,0.00,0.93,0.00,0.00,0,0,0.00,0
2026-04-25 13:55:16,105.91,0,0,0,0,0,0,0,0.00,1,0.00,0.00,0.00,0.00,0.00,P,0.00,0.95,0.80,1.32,1.67,WARN_WARNING,0.00,,14.00,12.20,504,81.26,42.8,1,0,0.00,0.00,0.00,0.95,0.00,0.00,0,0,0.00,0
2026-04-25 13:55:17,106.92,0,0,0,0,0,0,0,0.00,1,0.00,0.00,0.00,0.00,0.00,P,0.00,0.93,0.80,1.32,1.67,WARN_WARNING,0.00,,14.10,12.20,504,82.27,42.8,1,0,0.00,0.00,0.00,0.93,0.00,0.00,0,0,0.00,0
2026-04-25 13:55:18,107.93,0,0,0,0,0,0,0,0.00,1,0.00,0.00,0.00,0.00,0.00,P,0.00,0.81,0.80,1.32,1.67,WARN_WARNING,0.00,,15.00,12.20,504,83.28,43.3,1,0,0.00,0.00,0.00,0.81,0.00,0.00,0,0,0.00,0
2026-04-25 13:55:19,108.94,0,0,0,0,0,0,0,0.00,1,0.00,0.00,0.00,0.00,0.00,P,0.00,0.81,0.80,1.31,1.67,WARN_WARNING,0.00,,13.40,12.20,504,84.29,43.9,1,0,0.00,0.00,0.00,0.81,0.00,0.00,0,0,0.00,0
2026-04-25 13:55:20,109.94,0,0,0,0,0,0,0,0.00,1,0.00,0.00,0.00,0.00,0.00,P,0.00,0.95,0.80,1.32,1.67,WARN_WARNING,0.00,,14.20,12.20,504,85.29,43.3,1,0,0.00,0.00,0.00,0.95,0.00,0.00,0,0,0.00,0
2026-04-25 13:55:21,110.95,0,0,0,0,0,0,0,0.00,1,0.00,0.00,0.00,0.00,0.00,P,0.00,0.93,0.80,1.31,1.67,WARN_WARNING,0.00,,15.10,12.20,504,86.31,43.3,1,0,0.00,0.00,0.00,0.93,0.00,0.00,0,0,0.00,0
2026-04-25 13:55:22,111.96,0,0,0,0,0,0,0,0.00,1,0.00,0.00,0.00,0.00,0.00,P,0.00,0.81,0.80,1.32,1.67,WARN_WARNING,0.00,,14.20,12.20,504,87.32,43.9,1,0,0.00,0.00,0.00,0.81,0.00,0.00,0,0,0.00,0
2026-04-25 13:55:23,112.98,0,0,0,0,0,0,0,0.00,1,0.00,0.00,0.00,0.00,0.00,P,0.00,0.80,0.80,1.32,1.66,WARN_WARNING,0.00,,13.60,12.20,504,88.33,43.3,1,0,0.00,0.00,0.00,0.80,0.00,0.00,0,0,0.00,0
2026-04-25 13:55:24,113.99,0,0,0,0,0,0,0,0.00,1,0.00,0.00,0.00,0.00,0.00,P,0.00,0.95,0.80,1.32,1.67,WARN_WARNING,0.00,,15.70,12.20,504,89.35,42.8,1,0,0.00,0.00,0.00,0.95,0.00,0.00,0,0,0.00,0
2026-04-25 13:55:25,115.00,0,0,0,0,0,0,0,0.00,1,0.00,0.00,0.00,0.00,0.00,P,0.00,0.93,0.80,1.31,1.67,WARN_WARNING,0.00,,14.20,12.20,504,90.36,43.3,1,0,0.00,0.00,0.00,0.93,0.00,0.00,0,0,0.00,0
2026-04-25 13:55:26,116.00,0,0,0,0,0,0,0,0.00,1,0.00,0.00,0.00,0.00,0.00,P,0.00,0.95,0.80,1.31,1.67,WARN_WARNING,0.00,,14.60,12.20,504,91.36,43.9,1,0,0.00,0.00,0.00,0.95,0.00,0.00,0,0,0.00,0
2026-04-25 13:55:27,117.11,0,0,0,0,0,0,0,0.00,1,0.00,0.00,0.00,0.00,0.00,P,0.00,0.93,0.80,1.31,1.67,WARN_WARNING,0.00,,14.30,12.20,504,92.47,42.8,1,0,0.00,0.00,0.00,0.93,0.00,0.00,0,0,0.00,0
2026-04-25 13:55:28,118.02,0,0,0,0,0,0,0,0.00,1,0.00,0.00,0.00,0.00,0.00,P,0.00,0.95,0.80,1.32,1.67,WARN_WARNING,0.00,,14.30,12.20,504,93.37,43.3,1,0,0.00,0.00,0.00,0.95,0.00,0.00,0,0,0.00,0
2026-04-25 13:55:29,119.03,0,0,0,0,0,0,0,0.00,1,0.00,0.00,0.00,0.00,0.00,P,0.00,0.80,0.80,1.31,1.67,WARN_WARNING,0.00,,15.30,12.20,504,94.38,43.9,1,0,0.00,0.00,0.00,0.80,0.00,0.00,0,0,0.00,0
2026-04-25 13:55:30,120.03,0,0,0,0,0,0,0,0.00,1,0.00,0.00,0.00,0.00,0.00,P,0.00,0.93,0.80,1.31,1.67,WARN_WARNING,0.00,,15.20,12.20,504,95.39,42.8,1,0,0.00,0.00,0.00,0.93,0.00,0.00,0,0,0.00,0
2026-04-25 13:55:31,121.05,0,0,0,0,0,0,0,0.00,1,0.00,0.00,0.00,0.00,0.00,P,0.00,0.93,0.80,1.31,1.67,WARN_WARNING,0.00,,15.10,12.20,504,96.41,42.8,1,0,0.00,0.00,0.00,0.93,0.00,0.00,0,0,0.00,0
2026-04-25 13:55:32,122.06,0,0,0,0,0,0,0,0.00,1,0.00,0.00,0.00,0.00,0.00,P,0.00,0.95,0.80,1.32,1.67,WARN_WARNING,0.00,,16.40,12.20,504,97.41,42.2,1,0,0.00,0.00,0.00,0.95,0.00,0.00,0,0,0.00,0
2026-04-25 13:55:33,123.07,0,0,0,0,0,0,0,0.00,1,0.00,0.00,0.00,0.00,0.00,P,0.00,0.81,0.80,1.32,1.67,WARN_WARNING,0.00,,16.20,12.20,504,98.42,43.9,1,0,0.00,0.00,0.00,0.81,0.00,0.00,0,0,0.00,0
2026-04-25 13:55:34,124.08,0,0,0,0,0,0,0,0.00,1,0.00,0.00,0.00,0.00,0.00,P,0.00,0.93,0.80,1.31,1.67,WARN_WARNING,0.00,,14.00,12.20,504,99.43,43.3,1,0,0.00,0.00,0.00,0.93,0.00,0.00,0,0,0.00,0
2026-04-25 13:55:35,125.09,0,0,0,0,0,0,0,0.00,1,0.00,0.00,0.00,0.00,0.00,P,0.00,0.93,0.80,1.32,1.67,WARN_WARNING,0.00,,13.70,12.20,504,100.44,42.8,1,0,0.00,0.00,0.00,0.93,0.00,0.00,0,0,0.00,0
2026-04-25 13:55:36,126.09,0,0,0,0,0,0,0,0.00,1,0.00,0.00,0.00,0.00,0.00,P,0.00,0.95,0.80,1.32,1.39,WARN_WARNING,0.00,,13.90,12.20,504,101.45,43.9,1,0,0.00,0.00,0.00,0.95,0.00,0.00,0,0,0.00,0
2026-04-25 13:55:37,127.21,0,0,0,0,0,0,0,0.00,1,0.00,0.00,0.00,0.00,0.00,P,0.00,0.94,0.80,1.31,0.97,WARN_WARNING,0.00,,13.80,12.20,504,102.56,43.9,1,0,0.00,0.00,0.00,0.94,0.00,0.00,0,0,0.00,0
2026-04-25 13:55:38,128.11,0,0,0,0,0,0,0,0.00,1,0.00,0.00,0.00,0.00,0.00,P,0.00,0.82,0.80,1.31,0.76,WARN_WARNING,0.00,,14.80,12.20,504,103.47,43.9,1,0,0.00,0.00,0.00,0.82,0.00,0.00,0,0,0.00,0
2026-04-25 13:55:39,129.11,0,0,0,0,0,0,0,0.00,1,0.00,0.00,0.00,0.00,0.00,P,0.00,0.93,0.80,1.31,0.76,WARN_WARNING,0.00,,15.70,12.20,504,104.47,43.9,1,0,0.00,0.00,0.00,0.93,0.00,0.00,0,0,0.00,0
2026-04-25 13:55:40,130.12,0,0,0,0,0,0,0,0.00,1,0.00,0.00,0.00,0.00,0.00,P,0.00,0.82,0.80,0.59,0.57,WARN_WARNING,0.00,,13.80,12.20,504,105.48,43.9,1,0,0.00,0.00,0.00,0.82,0.00,0.00,0,0,0.00,0
2026-04-25 13:55:41,131.13,0,0,0,0,0,0,0,0.00,1,0.00,0.00,0.00,0.00,0.00,P,0.00,0.81,0.80,0.55,0.54,WARN_WARNING,0.00,,14.10,12.20,504,106.48,42.8,1,0,0.00,0.00,0.00,0.81,0.00,0.00,0,0,0.00,0
2026-04-25 13:55:42,132.14,0,0,0,0,0,0,0,0.00,1,0.00,0.00,0.00,0.00,0.00,P,0.00,0.82,0.80,0.66,0.56,WARN_WARNING,0.00,,14.70,12.20,504,107.49,44.4,1,0,0.00,0.00,0.00,0.82,0.00,0.00,0,0,0.00,0
2026-04-25 13:55:43,133.25,0,0,0,0,0,0,0,0.00,1,0.00,0.00,0.00,0.00,0.00,P,0.00,0.80,0.80,0.53,0.53,WARN_WARNING,0.00,,14.50,12.20,504,108.61,44.4,1,0,0.00,0.00,0.00,0.80,0.00,0.00,0,0,0.00,0
2026-04-25 13:55:44,134.15,0,0,0,0,0,0,0,0.00,1,0.00,0.00,0.00,0.00,0.00,P,0.00,0.80,0.80,0.58,0.56,WARN_WARNING,0.00,,15.30,12.20,504,109.51,44.4,1,0,0.00,0.00,0.00,0.80,0.00,0.00,0,0,0.00,0
2026-04-25 13:55:45,135.16,0,0,0,0,0,0,0,0.00,1,0.00,0.00,0.00,0.00,0.00,P,0.00,0.92,0.80,1.31,1.67,WARN_WARNING,0.00,,16.80,12.20,504,110.52,44.4,1,0,0.00,0.00,0.00,0.92,0.00,0.00,0,0,0.00,0
2026-04-25 13:55:46,136.18,0,0,0,0,0,0,0,0.00,1,0.00,0.00,0.00,0.00,0.00,P,0.00,0.82,0.80,0.64,0.64,WARN_WARNING,0.00,,14.50,12.20,504,111.53,44.4,1,0,0.00,0.00,0.00,0.82,0.00,0.00,0,0,0.00,0
2026-04-25 13:55:47,137.19,0,0,0,0,0,0,0,0.00,1,0.00,0.00,0.00,0.00,0.00,P,0.00,0.81,0.80,0.60,1.67,WARN_WARNING,0.00,,14.90,12.20,504,112.54,43.9,1,0,0.00,0.00,0.00,0.81,0.00,0.00,0,0,0.00,0
2026-04-25 13:55:48,138.20,0,0,0,0,0,0,0,0.00,1,0.00,0.00,0.00,0.00,0.00,P,0.00,0.93,0.80,0.65,1.67,WARN_WARNING,0.00,,15.20,12.20,504,113.56,43.9,1,0,0.00,0.00,0.00,0.93,0.00,0.00,0,0,0.00,0
2026-04-25 13:55:49,139.21,0,0,0,0,0,0,0,0.00,1,0.00,0.00,0.00,0.00,0.00,P,0.00,0.94,0.80,1.32,0.69,WARN_WARNING,0.00,,15.40,12.20,504,114.57,43.9,1,0,0.00,0.00,0.00,0.94,0.00,0.00,0,0,0.00,0
2026-04-25 13:55:50,140.32,0,0,0,0,0,0,0,0.00,1,0.00,0.00,0.00,0.00,0.00,P,0.00,0.93,0.80,0.57,1.67,WARN_WARNING,0.00,,14.30,12.20,504,115.68,42.8,1,0,0.00,0.00,0.00,0.93,0.00,0.00,0,0,0.00,0
2026-04-25 13:55:51,141.23,0,0,0,0,0,0,0,0.00,1,0.00,0.00,0.00,0.00,0.00,P,0.00,0.93,0.80,0.58,1.67,WARN_WARNING,0.00,,15.60,12.20,504,116.58,42.8,1,0,0.00,0.00,0.00,0.93,0.00,0.00,0,0,0.00,0
2026-04-25 13:55:52,142.24,0,0,0,0,0,0,0,0.00,1,0.00,0.00,0.00,0.00,0.00,P,0.00,0.93,0.80,0.59,1.67,WARN_WARNING,0.00,,14.10,12.20,504,117.59,43.9,1,0,0.00,0.00,0.00,0.93,0.00,0.00,0,0,0.00,0
2026-04-25 13:55:53,143.35,0,0,0,0,0,0,0,0.00,1,0.00,0.00,0.00,0.00,0.00,P,0.00,0.95,0.80,0.59,1.67,WARN_WARNING,0.00,,14.90,12.20,504,118.71,44.4,1,0,0.00,0.00,0.00,0.95,0.00,0.00,0,0,0.00,0
2026-04-25 13:55:54,144.25,0,0,0,0,0,0,0,0.00,1,0.00,0.00,0.00,0.00,0.00,P,0.00,0.95,0.80,1.31,1.67,WARN_WARNING,0.00,,13.50,12.20,504,119.61,43.9,1,0,0.00,0.00,0.00,0.95,0.00,0.00,0,0,0.00,0
2026-04-25 13:55:55,145.26,0,0,0,0,0,0,0,0.00,1,0.00,0.00,0.00,0.00,0.00,P,0.00,0.94,0.80,1.32,1.67,WARN_WARNING,0.00,,14.10,12.20,504,120.62,43.9,1,0,0.00,0.00,0.00,0.94,0.00,0.00,0,0,0.00,0
2026-04-25 13:55:56,146.27,0,0,0,0,0,0,0,0.00,1,0.00,0.00,0.00,0.00,0.00,P,0.00,0.81,0.80,1.32,1.67,WARN_WARNING,0.00,,15.30,12.20,504,121.63,43.9,1,0,0.00,0.00,0.00,0.81,0.00,0.00,0,0,0.00,0
2026-04-25 13:55:57,147.39,0,0,0,0,0,0,0,0.00,1,0.00,0.00,0.00,0.00,0.00,P,0.00,0.94,0.80,1.32,1.67,WARN_WARNING,0.00,,17.00,12.20,504,122.74,44.4,1,0,0.00,0.00,0.00,0.94,0.00,0.00,0,0,0.00,0
2026-04-25 13:55:58,148.29,0,0,0,0,0,0,0,0.00,1,0.00,0.00,0.00,0.00,0.00,P,0.00,0.81,0.80,1.32,1.67,WARN_WARNING,0.00,,14.70,12.20,504,123.65,44.4,1,0,0.00,0.00,0.00,0.81,0.00,0.00,0,0,0.00,0
2026-04-25 13:55:59,149.40,0,0,0,0,0,0,0,0.00,1,0.00,0.00,0.00,0.00,0.00,P,0.00,0.95,0.80,1.31,1.67,WARN_WARNING,0.00,,15.00,12.20,504,124.76,43.3,1,0,0.00,0.00,0.00,0.95,0.00,0.00,0,0,0.00,0
2026-04-25 13:56:00,150.31,0,0,0,0,0,0,0,0.00,1,0.00,0.00,0.00,0.00,0.00,P,0.00,0.93,0.80,1.31,1.67,WARN_WARNING,0.00,,14.30,12.20,504,125.66,43.9,1,0,0.00,0.00,0.00,0.93,0.00,0.00,0,0,0.00,0
2026-04-25 13:56:01,151.31,0,0,0,0,0,0,0,0.00,1,0.00,0.00,0.00,0.00,0.00,P,0.00,0.82,0.80,1.31,1.67,WARN_WARNING,0.00,,12.80,12.20,504,126.66,45.5,1,0,0.00,0.00,0.00,0.82,0.00,0.00,0,0,0.00,0
2026-04-25 13:56:02,152.32,0,0,0,0,0,0,0,0.00,1,0.00,0.00,0.00,0.00,0.00,P,0.00,0.93,0.80,1.31,1.67,WARN_WARNING,0.00,,12.40,12.20,504,127.67,44.4,1,0,0.00,0.00,0.00,0.93,0.00,0.00,0,0,0.00,0
2026-04-25 13:56:03,153.33,0,0,0,0,0,0,0,0.00,1,0.00,0.00,0.00,0.00,0.00,P,0.00,0.82,0.80,1.32,1.67,WARN_WARNING,0.00,,12.40,12.20,504,128.69,45.5,1,0,0.00,0.00,0.00,0.82,0.00,0.00,0,0,0.00,0
2026-04-25 13:56:04,154.34,0,0,0,0,0,0,0,0.00,1,0.00,0.00,0.00,0.00,0.00,P,0.00,0.93,0.80,1.32,1.67,WARN_WARNING,0.00,,13.10,12.20,504,129.70,45.5,1,0,0.00,0.00,0.00,0.93,0.00,0.00,0,0,0.00,0
2026-04-25 13:56:05,155.35,0,0,0,0,0,0,0,0.00,1,0.00,0.00,0.00,0.00,0.00,P,0.00,0.95,0.80,0.58,0.61,WARN_WARNING,0.00,,13.60,12.20,504,130.71,45.5,1,0,0.00,0.00,0.00,0.95,0.00,0.00,0,0,0.00,0
2026-04-25 13:56:06,156.36,0,0,0,0,0,0,0,0.00,1,0.00,0.00,0.00,0.00,0.00,P,0.00,0.92,0.80,0.58,1.67,WARN_WARNING,0.00,,15.40,12.20,504,131.72,43.9,1,0,0.00,0.00,0.00,0.92,0.00,0.00,0,0,0.00,0
2026-04-25 13:56:07,157.38,0,0,0,0,0,0,0,0.00,1,0.00,0.00,0.00,0.00,0.00,P,0.00,0.80,0.80,0.58,1.67,WARN_WARNING,0.00,,11.70,12.20,504,132.73,44.4,1,0,0.00,0.00,0.00,0.80,0.00,0.00,0,0,0.00,0
2026-04-25 13:56:08,158.39,0,0,0,0,0,0,0,0.00,1,0.00,0.00,0.00,0.00,0.00,P,0.00,0.81,0.80,0.58,1.67,WARN_WARNING,0.00,,11.70,12.20,504,133.74,45.5,1,0,0.00,0.00,0.00,0.81,0.00,0.00,0,0,0.00,0
2026-04-25 13:56:09,159.50,0,0,0,0,0,0,0,0.00,1,0.00,0.00,0.00,0.00,0.00,P,0.00,0.93,0.80,1.32,1.67,WARN_WARNING,0.00,,12.40,12.20,504,134.85,45.5,1,0,0.00,0.00,0.00,0.93,0.00,0.00,0,0,0.00,0
2026-04-25 13:56:10,160.40,0,0,0,0,0,0,0,0.00,1,0.00,0.00,0.00,0.00,0.00,P,0.00,0.93,0.80,0.60,1.67,WARN_WARNING,0.00,,11.10,12.20,504,135.76,45.0,1,0,0.00,0.00,0.00,0.93,0.00,0.00,0,0,0.00,0
2026-04-25 13:56:11,161.42,0,0,0,0,0,0,0,0.00,1,0.00,0.00,0.00,0.00,0.00,P,0.00,0.94,0.80,0.60,1.67,WARN_WARNING,0.00,,13.60,12.20,504,136.77,45.0,1,0,0.00,0.00,0.00,0.94,0.00,0.00,0,0,0.00,0
2026-04-25 13:56:12,162.43,0,0,0,0,0,0,0,0.00,1,0.00,0.00,0.00,0.00,0.00,P,0.00,0.82,0.80,0.61,1.67,WARN_WARNING,0.00,,14.90,12.20,504,137.79,45.0,1,0,0.00,0.00,0.00,0.82,0.00,0.00,0,0,0.00,0
2026-04-25 13:56:13,163.43,0,0,0,0,0,0,0,0.00,1,0.00,0.00,0.00,0.00,0.00,P,0.00,0.93,0.80,1.31,1.67,WARN_WARNING,0.00,,14.80,12.20,504,138.79,43.9,1,0,0.00,0.00,0.00,0.93,0.00,0.00,0,0,0.00,0
2026-04-25 13:56:14,164.44,0,0,0,0,0,0,0,0.00,1,0.00,0.00,0.00,0.00,0.00,P,0.00,0.82,0.80,1.32,1.67,WARN_WARNING,0.00,,16.80,12.20,504,139.80,45.0,1,0,0.00,0.00,0.00,0.82,0.00,0.00,0,0,0.00,0
2026-04-25 13:56:15,165.45,0,0,0,0,0,0,0,0.00,1,0.00,0.00,0.00,0.00,0.00,P,0.00,0.83,0.80,1.32,1.67,WARN_WARNING,0.00,,14.70,12.20,504,140.81,43.9,1,0,0.00,0.00,0.00,0.83,0.00,0.00,0,0,0.00,0
2026-04-25 13:56:16,166.47,0,0,0,0,0,0,0,0.00,1,0.00,0.00,0.00,0.00,0.00,P,0.00,0.81,0.80,1.31,1.67,WARN_WARNING,0.00,,14.50,12.20,504,141.82,45.0,1,0,0.00,0.00,0.00,0.81,0.00,0.00,0,0,0.00,0
2026-04-25 13:56:17,167.47,0,0,0,0,0,0,0,0.00,1,0.00,0.00,0.00,0.00,0.00,P,0.00,0.93,0.80,1.32,1.67,WARN_WARNING,0.00,,14.30,12.20,504,142.83,42.8,1,0,0.00,0.00,0.00,0.93,0.00,0.00,0,0,0.00,0
2026-04-25 13:56:18,168.49,0,0,0,0,0,0,0,0.00,1,0.00,0.00,0.00,0.00,0.00,P,0.00,0.93,0.80,1.32,1.67,WARN_WARNING,0.00,,14.60,12.20,504,143.84,43.9,1,0,0.00,0.00,0.00,0.93,0.00,0.00,0,0,0.00,0
2026-04-25 13:56:19,169.49,0,0,0,0,0,0,0,0.00,1,0.00,0.00,0.00,0.00,0.00,P,0.00,0.95,0.80,1.31,1.67,WARN_WARNING,0.00,,14.20,12.20,504,144.84,43.9,1,0,0.00,0.00,0.00,0.95,0.00,0.00,0,0,0.00,0
2026-04-25 13:56:20,170.50,0,0,0,0,0,0,0,0.00,1,0.00,0.00,0.00,0.00,0.00,P,0.00,0.92,0.80,1.31,1.67,WARN_WARNING,0.00,,15.80,12.20,504,145.86,46.6,1,0,0.00,0.00,0.00,0.92,0.00,0.00,0,0,0.00,0
2026-04-25 13:56:21,171.51,0,0,0,0,0,0,0,0.00,1,0.00,0.00,0.00,0.00,0.00,P,0.00,0.95,0.80,1.31,1.67,WARN_WARNING,0.00,,15.10,12.20,504,146.87,45.0,1,0,0.00,0.00,0.00,0.95,0.00,0.00,0,0,0.00,0
2026-04-25 13:56:22,172.53,0,0,0,0,0,0,0,0.00,1,0.00,0.00,0.00,0.00,0.00,P,0.00,0.82,0.80,1.32,1.67,WARN_WARNING,0.00,,14.10,12.20,504,147.88,45.0,1,0,0.00,0.00,0.00,0.82,0.00,0.00,0,0,0.00,0
2026-04-25 13:56:23,173.54,0,0,0,0,0,0,0,0.00,1,0.00,0.00,0.00,0.00,0.00,P,0.00,0.94,0.80,1.32,1.67,WARN_WARNING,0.00,,13.80,12.20,504,148.90,44.4,1,0,0.00,0.00,0.00,0.94,0.00,0.00,0,0,0.00,0
2026-04-25 13:56:24,174.55,0,0,0,0,0,0,0,0.00,1,0.00,0.00,0.00,0.00,0.00,P,0.00,0.81,0.80,1.32,1.67,WARN_WARNING,0.00,,13.70,12.20,504,149.90,43.3,1,0,0.00,0.00,0.00,0.81,0.00,0.00,0,0,0.00,0
2026-04-25 13:56:25,175.56,0,0,0,0,0,0,0,0.00,1,0.00,0.00,0.00,0.00,0.00,P,0.00,0.93,0.80,1.32,1.67,WARN_WARNING,0.00,,14.70,12.10,504,150.91,45.5,1,0,0.00,0.00,0.00,0.93,0.00,0.00,0,0,0.00,0
2026-04-25 13:56:26,176.57,0,0,0,0,0,0,0,0.00,1,0.00,0.00,0.00,0.00,0.00,P,0.00,0.93,0.80,1.32,1.67,WARN_WARNING,0.00,,15.00,12.20,504,151.92,45.0,1,0,0.00,0.00,0.00,0.93,0.00,0.00,0,0,0.00,0
2026-04-25 13:56:27,177.58,0,0,0,0,0,0,0,0.00,1,0.00,0.00,0.00,0.00,0.00,P,0.00,0.81,0.80,1.32,1.67,WARN_WARNING,0.00,,15.90,12.20,504,152.94,45.0,1,0,0.00,0.00,0.00,0.81,0.00,0.00,0,0,0.00,0
2026-04-25 13:56:28,178.60,0,0,0,0,0,0,0,0.00,1,0.00,0.00,0.00,0.00,0.00,P,0.00,0.93,0.80,1.31,1.67,WARN_WARNING,0.00,,13.00,12.20,504,153.95,44.4,1,0,0.00,0.00,0.00,0.93,0.00,0.00,0,0,0.00,0
2026-04-25 13:56:29,179.61,0,0,0,0,0,0,0,0.00,1,0.00,0.00,0.00,0.00,0.00,P,0.00,0.94,0.80,1.32,1.67,WARN_WARNING,0.00,,15.30,12.20,504,154.97,43.3,1,0,0.00,0.00,0.00,0.94,0.00,0.00,0,0,0.00,0
2026-04-25 13:56:30,180.62,0,0,0,0,0,0,0,0.00,1,0.00,0.00,0.00,0.00,0.00,P,0.00,0.81,0.80,1.31,1.67,WARN_WARNING,0.00,,15.40,12.20,504,155.98,44.4,1,0,0.00,0.00,0.00,0.81,0.00,0.00,0,0,0.00,0
2026-04-25 13:56:31,181.63,0,0,0,0,0,0,0,0.00,1,0.00,0.00,0.00,0.00,0.00,P,0.00,0.93,0.80,1.32,1.67,WARN_WARNING,0.00,,16.00,12.20,504,156.99,43.3,1,0,0.00,0.00,0.00,0.93,0.00,0.00,0,0,0.00,0
2026-04-25 13:56:32,182.64,0,0,0,0,0,0,0,0.00,1,0.00,0.00,0.00,0.00,0.00,P,0.00,0.80,0.80,1.31,1.67,WARN_WARNING,0.00,,13.70,12.20,504,158.00,44.4,1,0,0.00,0.00,0.00,0.80,0.00,0.00,0,0,0.00,0
2026-04-25 13:56:33,183.66,0,0,0,0,0,0,0,0.00,1,0.00,0.00,0.00,0.00,0.00,P,0.00,0.81,0.80,1.32,1.67,WARN_WARNING,0.00,,16.60,12.20,504,159.01,43.3,1,0,0.00,0.00,0.00,0.81,0.00,0.00,0,0,0.00,0
2026-04-25 13:56:34,184.66,0,0,0,0,0,0,0,0.00,1,0.00,0.00,0.00,0.00,0.00,P,0.00,0.95,0.80,1.31,1.67,WARN_WARNING,0.00,,13.80,12.10,504,160.01,44.4,1,0,0.00,0.00,0.00,0.95,0.00,0.00,0,0,0.00,0
2026-04-25 13:56:35,185.67,0,0,0,0,0,0,0,0.00,1,0.00,0.00,0.00,0.00,0.00,P,0.00,0.94,0.80,1.32,1.67,WARN_WARNING,0.00,,12.40,12.20,504,161.03,45.5,1,0,0.00,0.00,0.00,0.94,0.00,0.00,0,0,0.00,0
2026-04-25 13:56:36,186.68,0,0,0,0,0,0,0,0.00,1,0.00,0.00,0.00,0.00,0.00,P,0.00,0.94,0.80,1.32,1.66,WARN_WARNING,0.00,,12.50,12.20,504,162.04,45.0,1,0,0.00,0.00,0.00,0.94,0.00,0.00,0,0,0.00,0
2026-04-25 13:56:37,187.79,0,0,0,0,0,0,0,0.00,1,0.00,0.00,0.00,0.00,0.00,P,0.00,0.82,0.80,1.32,1.67,WARN_WARNING,0.00,,11.80,12.20,504,163.15,46.1,1,0,0.00,0.00,0.00,0.82,0.00,0.00,0,0,0.00,0
2026-04-25 13:56:38,188.69,0,0,0,0,0,0,0,0.00,1,0.00,0.00,0.00,0.00,0.00,P,0.00,0.93,0.80,1.31,1.67,WARN_WARNING,0.00,,13.40,12.20,504,164.05,46.1,1,0,0.00,0.00,0.00,0.93,0.00,0.00,0,0,0.00,0
2026-04-25 13:56:39,189.71,0,0,0,0,0,0,0,0.00,1,0.00,0.00,0.00,0.00,0.00,P,0.00,0.94,0.80,1.31,1.67,WARN_WARNING,0.00,,12.40,12.20,504,165.06,44.4,1,0,0.00,0.00,0.00,0.94,0.00,0.00,0,0,0.00,0
2026-04-25 13:56:40,190.71,0,0,0,0,0,0,0,0.00,1,0.00,0.00,0.00,0.00,0.00,P,0.00,0.93,0.80,1.32,1.67,WARN_WARNING,0.00,,14.90,12.10,504,166.07,45.0,1,0,0.00,0.00,0.00,0.93,0.00,0.00,0,0,0.00,0
2026-04-25 13:56:41,191.73,0,0,0,0,0,0,0,0.00,1,0.00,0.00,0.00,0.00,0.00,P,0.00,0.93,0.80,1.31,1.67,WARN_WARNING,0.00,,16.60,12.20,504,167.08,45.5,1,0,0.00,0.00,0.00,0.93,0.00,0.00,0,0,0.00,0
2026-04-25 13:56:42,192.74,0,0,0,0,0,0,0,0.00,1,0.00,0.00,0.00,0.00,0.00,P,0.00,0.93,0.80,1.31,1.67,WARN_WARNING,0.00,,14.30,12.20,504,168.10,45.0,1,0,0.00,0.00,0.00,0.93,0.00,0.00,0,0,0.00,0
2026-04-25 13:56:43,193.75,0,0,0,0,0,0,0,0.00,1,0.00,0.00,0.00,0.00,0.00,P,0.00,0.94,0.80,1.31,1.67,WARN_WARNING,0.00,,14.90,12.20,504,169.11,46.6,1,0,0.00,0.00,0.00,0.94,0.00,0.00,0,0,0.00,0
2026-04-25 13:56:44,194.77,0,0,0,0,0,0,0,0.00,1,0.00,0.00,0.00,0.00,0.00,P,0.00,0.80,0.80,1.31,1.67,WARN_WARNING,0.00,,15.20,12.20,504,170.12,44.4,1,0,0.00,0.00,0.00,0.80,0.00,0.00,0,0,0.00,0
2026-04-25 13:56:45,195.77,0,0,0,0,0,0,0,0.00,1,0.00,0.00,0.00,0.00,0.00,P,0.00,0.83,0.80,1.32,1.67,WARN_WARNING,0.00,,14.30,12.20,504,171.13,44.4,1,0,0.00,0.00,0.00,0.83,0.00,0.00,0,0,0.00,0
2026-04-25 13:56:46,196.78,0,0,0,0,0,0,0,0.00,1,0.00,0.00,0.00,0.00,0.00,P,0.00,0.94,0.80,1.32,1.67,WARN_WARNING,0.00,,14.10,12.20,504,172.14,43.3,1,0,0.00,0.00,0.00,0.94,0.00,0.00,0,0,0.00,0
2026-04-25 13:56:47,197.80,0,0,0,0,0,0,0,0.00,1,0.00,0.00,0.00,0.00,0.00,P,0.00,0.82,0.80,1.32,1.67,WARN_WARNING,0.00,,16.20,12.20,504,173.15,45.5,1,0,0.00,0.00,0.00,0.82,0.00,0.00,0,0,0.00,0
2026-04-25 13:56:48,198.81,0,0,0,0,0,0,0,0.00,1,0.00,0.00,0.00,0.00,0.00,P,0.00,0.93,0.80,1.31,1.67,WARN_WARNING,0.00,,14.70,12.20,504,174.17,44.4,1,0,0.00,0.00,0.00,0.93,0.00,0.00,0,0,0.00,0
2026-04-25 13:56:49,199.82,0,0,0,0,0,0,0,0.00,1,0.00,0.00,0.00,0.00,0.00,P,0.00,0.93,0.80,1.31,1.67,WARN_WARNING,0.00,,15.20,12.20,504,175.18,43.9,1,0,0.00,0.00,0.00,0.93,0.00,0.00,0,0,0.00,0
2026-04-25 13:56:50,200.83,0,0,0,0,0,0,0,0.00,1,0.00,0.00,0.00,0.00,0.00,P,0.00,0.93,0.80,1.32,1.67,WARN_WARNING,0.00,,14.90,12.20,504,176.19,45.0,1,0,0.00,0.00,0.00,0.93,0.00,0.00,0,0,0.00,0
2026-04-25 13:56:52,201.94,0,0,0,0,0,0,0,0.00,1,0.00,0.00,0.00,0.00,0.00,P,0.00,0.93,0.80,1.32,1.67,WARN_WARNING,0.00,,14.50,12.20,504,177.30,45.5,1,0,0.00,0.00,0.00,0.93,0.00,0.00,0,0,0.00,0
2026-04-25 13:56:52,202.84,0,0,0,0,0,0,0,0.00,1,0.00,0.00,0.00,0.00,0.00,P,0.00,0.94,0.80,1.32,1.67,WARN_WARNING,0.00,,14.60,12.20,504,178.20,45.0,1,0,0.00,0.00,0.00,0.94,0.00,0.00,0,0,0.00,0
2026-04-25 13:56:54,203.96,0,0,0,0,0,0,0,0.00,1,0.00,0.00,0.00,0.00,0.00,P,0.00,0.95,0.80,1.32,1.67,WARN_WARNING,0.00,,15.80,12.20,504,179.31,44.4,1,0,0.00,0.00,0.00,0.95,0.00,0.00,0,0,0.00,0
2026-04-25 13:56:54,204.86,0,0,0,0,0,0,0,0.00,1,0.00,0.00,0.00,0.00,0.00,P,0.00,0.81,0.80,1.31,1.67,WARN_WARNING,0.00,,14.00,12.20,504,180.22,43.3,1,0,0.00,0.00,0.00,0.81,0.00,0.00,0,0,0.00,0
2026-04-25 13:56:55,205.87,0,0,0,0,0,0,0,0.00,1,0.00,0.00,0.00,0.00,0.00,P,0.00,0.81,0.80,1.31,1.67,WARN_WARNING,0.00,,14.90,12.20,504,181.23,45.0,1,0,0.00,0.00,0.00,0.81,0.00,0.00,0,0,0.00,0
2026-04-25 13:56:57,206.88,0,0,0,0,0,0,0,0.00,1,0.00,0.00,0.00,0.00,0.00,P,0.00,0.80,0.80,1.31,1.67,WARN_WARNING,0.00,,15.80,12.20,504,182.24,43.3,1,0,0.00,0.00,0.00,0.80,0.00,0.00,0,0,0.00,0
2026-04-25 13:56:58,207.89,0,0,0,0,0,0,0,0.00,1,0.00,0.00,0.00,0.00,0.00,P,0.00,0.95,0.80,1.31,1.67,WARN_WARNING,0.00,,13.80,12.20,504,183.25,43.9,1,0,0.00,0.00,0.00,0.95,0.00,0.00,0,0,0.00,0
2026-04-25 13:56:59,208.90,0,0,0,0,0,0,0,0.00,1,0.00,0.00,0.00,0.00,0.00,P,0.00,0.83,0.80,1.31,1.67,WARN_WARNING,0.00,,15.80,12.10,504,184.26,45.5,1,0,0.00,0.00,0.00,0.83,0.00,0.00,0,0,0.00,0
2026-04-25 13:57:00,210.02,0,0,0,0,0,0,0,0.00,1,0.00,0.00,0.00,0.00,0.00,P,0.00,0.93,0.80,1.31,1.67,WARN_WARNING,0.00,,15.00,12.20,504,185.37,43.3,1,0,0.00,0.00,0.00,0.93,0.00,0.00,0,0,0.00,0
2026-04-25 13:57:01,210.92,0,0,0,0,0,0,0,0.00,1,0.00,0.00,0.00,0.00,0.00,P,0.00,0.80,0.80,1.32,1.67,WARN_WARNING,0.00,,14.30,12.20,504,186.28,44.4,1,0,0.00,0.00,0.00,0.80,0.00,0.00,0,0,0.00,0
2026-04-25 13:57:02,211.93,0,0,0,0,0,0,0,0.00,1,0.00,0.00,0.00,0.00,0.00,P,0.00,0.94,0.80,1.32,1.67,WARN_WARNING,0.00,,14.80,12.20,504,187.28,45.5,1,0,0.00,0.00,0.00,0.94,0.00,0.00,0,0,0.00,0
2026-04-25 13:57:03,212.94,0,0,0,0,0,0,0,0.00,1,0.00,0.00,0.00,0.00,0.00,P,0.00,0.95,0.80,1.32,1.67,WARN_WARNING,0.00,,15.60,12.20,504,188.30,45.5,1,0,0.00,0.00,0.00,0.95,0.00,0.00,0,0,0.00,0
2026-04-25 13:57:04,213.95,0,0,0,0,0,0,0,0.00,1,0.00,0.00,0.00,0.00,0.00,P,0.00,0.94,0.80,0.62,1.67,WARN_WARNING,0.00,,15.80,12.20,504,189.31,45.0,1,0,0.00,0.00,0.00,0.94,0.00,0.00,0,0,0.00,0
2026-04-25 13:57:05,214.96,0,0,0,0,0,0,0,0.00,1,0.00,0.00,0.00,0.00,0.00,P,0.00,0.94,0.80,1.32,1.67,WARN_WARNING,0.00,,14.50,12.20,504,190.32,43.3,1,0,0.00,0.00,0.00,0.94,0.00,0.00,0,0,0.00,0
2026-04-25 13:57:06,215.97,0,0,0,0,0,0,0,0.00,1,0.00,0.00,0.00,0.00,0.00,P,0.00,0.96,0.80,1.31,1.67,WARN_WARNING,0.00,,15.70,12.20,504,191.33,43.3,1,0,0.00,0.00,0.00,0.96,0.00,0.00,0,0,0.00,0
2026-04-25 13:57:07,216.98,0,0,0,0,0,0,0,0.00,1,0.00,0.00,0.00,0.00,0.00,P,0.00,0.94,0.80,0.63,0.62,WARN_WARNING,0.00,,14.40,12.20,504,192.34,44.4,1,0,0.00,0.00,0.00,0.94,0.00,0.00,0,0,0.00,0
2026-04-25 13:57:08,218.10,0,0,0,0,0,0,0,0.00,1,0.00,0.00,0.00,0.00,0.00,P,0.00,0.83,0.80,0.61,0.64,WARN_WARNING,0.00,,14.10,12.20,504,193.45,45.0,1,0,0.00,0.00,0.00,0.83,0.00,0.00,0,0,0.00,0
2026-04-25 13:57:09,219.00,0,0,0,0,0,0,0,0.00,1,0.00,0.00,0.00,0.00,0.00,P,0.00,0.95,0.80,0.55,1.67,WARN_WARNING,0.00,,15.70,12.20,504,194.36,43.3,1,0,0.00,0.00,0.00,0.95,0.00,0.00,0,0,0.00,0
2026-04-25 13:57:10,220.01,0,0,0,0,0,0,0,0.00,1,0.00,0.00,0.00,0.00,0.00,P,0.00,0.80,0.80,0.54,1.66,WARN_WARNING,0.00,,15.20,12.20,504,195.37,45.5,1,0,0.00,0.00,0.00,0.80,0.00,0.00,0,0,0.00,0
2026-04-25 13:57:11,221.02,0,0,0,0,0,0,0,0.00,1,0.00,0.00,0.00,0.00,0.00,P,0.00,0.81,0.80,0.56,1.67,WARN_WARNING,0.00,,17.20,12.20,504,196.38,42.8,1,0,0.00,0.00,0.00,0.81,0.00,0.00,0,0,0.00,0
2026-04-25 13:57:12,222.03,0,0,0,0,0,0,0,0.00,1,0.00,0.00,0.00,0.00,0.00,P,0.00,0.83,0.80,1.31,1.67,WARN_WARNING,0.00,,15.50,12.20,504,197.39,44.4,1,0,0.00,0.00,0.00,0.83,0.00,0.00,0,0,0.00,0
2026-04-25 13:57:13,223.05,0,0,0,0,0,0,0,0.00,1,0.00,0.00,0.00,0.00,0.00,P,0.00,0.80,0.80,1.31,1.66,WARN_WARNING,0.00,,14.10,12.20,504,198.40,45.0,1,0,0.00,0.00,0.00,0.80,0.00,0.00,0,0,0.00,0
2026-04-25 13:57:14,224.06,0,0,0,0,0,0,0,0.00,1,0.00,0.00,0.00,0.00,0.00,P,0.00,0.94,0.80,1.31,1.67,WARN_WARNING,0.00,,15.30,12.10,504,199.42,43.3,1,0,0.00,0.00,0.00,0.94,0.00,0.00,0,0,0.00,0
2026-04-25 13:57:15,225.08,0,0,0,0,0,0,0,0.00,1,0.00,0.00,0.00,0.00,0.00,P,0.00,0.93,0.80,1.31,1.67,WARN_WARNING,0.00,,15.40,12.20,504,200.43,44.4,1,0,0.00,0.00,0.00,0.93,0.00,0.00,0,0,0.00,0
2026-04-25 13:57:16,226.19,0,0,0,0,0,0,0,0.00,1,0.00,0.00,0.00,0.00,0.00,P,0.00,0.94,0.80,1.32,1.67,WARN_WARNING,0.00,,14.10,12.10,504,201.54,43.3,1,0,0.00,0.00,0.00,0.94,0.00,0.00,0,0,0.00,0
2026-04-25 13:57:17,227.09,0,0,0,0,0,0,0,0.00,1,0.00,0.00,0.00,0.00,0.00,P,0.00,0.92,0.80,1.32,1.67,WARN_WARNING,0.00,,17.60,12.10,504,202.44,44.4,1,0,0.00,0.00,0.00,0.92,0.00,0.00,0,0,0.00,0
2026-04-25 13:57:18,228.10,0,0,0,0,0,0,0,0.00,1,0.00,0.00,0.00,0.00,0.00,P,0.00,0.94,0.80,1.31,1.67,WARN_WARNING,0.00,,16.20,12.10,504,203.46,45.0,1,0,0.00,0.00,0.00,0.94,0.00,0.00,0,0,0.00,0
2026-04-25 13:57:19,229.11,0,0,0,0,0,0,0,0.00,1,0.00,0.00,0.00,0.00,0.00,P,0.00,0.93,0.80,1.32,1.67,WARN_WARNING,0.00,,13.80,12.20,504,204.47,45.0,1,0,0.00,0.00,0.00,0.93,0.00,0.00,0,0,0.00,0
2026-04-25 13:57:20,230.12,0,0,0,0,0,0,0,0.00,1,0.00,0.00,0.00,0.00,0.00,P,0.00,0.93,0.80,1.32,1.67,WARN_WARNING,0.00,,15.60,12.20,504,205.48,43.9,1,0,0.00,0.00,0.00,0.93,0.00,0.00,0,0,0.00,0
2026-04-25 13:57:21,231.13,0,0,0,0,0,0,0,0.00,1,0.00,0.00,0.00,0.00,0.00,P,0.00,0.95,0.80,1.32,1.67,WARN_WARNING,0.00,,15.20,12.20,504,206.49,44.4,1,0,0.00,0.00,0.00,0.95,0.00,0.00,0,0,0.00,0
2026-04-25 13:57:22,232.24,0,0,0,0,0,0,0,0.00,1,0.00,0.00,0.00,0.00,0.00,P,0.00,0.80,0.80,0.55,1.67,WARN_WARNING,0.00,,13.60,12.20,504,207.60,44.4,1,0,0.00,0.00,0.00,0.80,0.00,0.00,0,0,0.00,0
2026-04-25 13:57:23,233.15,0,0,0,0,0,0,0,0.00,1,0.00,0.00,0.00,0.00,0.00,P,0.00,0.92,0.80,0.56,1.67,WARN_WARNING,0.00,,14.40,12.20,504,208.50,44.4,1,0,0.00,0.00,0.00,0.92,0.00,0.00,0,0,0.00,0
2026-04-25 13:57:24,234.15,0,0,0,0,0,0,0,0.00,1,0.00,0.00,0.00,0.00,0.00,P,0.00,0.93,0.80,0.57,1.67,WARN_WARNING,0.00,,15.50,12.20,504,209.51,45.5,1,0,0.00,0.00,0.00,0.93,0.00,0.00,0,0,0.00,0
2026-04-25 13:57:25,235.16,0,0,0,0,0,0,0,0.00,1,0.00,0.00,0.00,0.00,0.00,P,0.00,0.95,0.80,0.57,1.67,WARN_WARNING,0.00,,13.40,12.20,504,210.52,44.4,1,0,0.00,0.00,0.00,0.95,0.00,0.00,0,0,0.00,0
2026-04-25 13:57:26,236.17,0,0,0,0,0,0,0,0.00,1,0.00,0.00,0.00,0.00,0.00,P,0.00,0.80,0.80,0.58,1.67,WARN_WARNING,0.00,,16.60,12.20,504,211.53,43.9,1,0,0.00,0.00,0.00,0.80,0.00,0.00,0,0,0.00,0
2026-04-25 13:57:27,237.19,0,0,0,0,0,0,0,0.00,1,0.00,0.00,0.00,0.00,0.00,P,0.00,0.82,0.80,0.59,1.67,WARN_WARNING,0.00,,14.60,12.20,504,212.54,44.4,1,0,0.00,0.00,0.00,0.82,0.00,0.00,0,0,0.00,0
2026-04-25 13:57:28,238.20,0,0,0,0,0,0,0,0.00,1,0.00,0.00,0.00,0.00,0.00,P,0.00,0.92,0.80,0.58,1.67,WARN_WARNING,0.00,,15.80,12.20,504,213.56,45.5,1,0,0.00,0.00,0.00,0.92,0.00,0.00,0,0,0.00,0
2026-04-25 13:57:29,239.20,0,0,0,0,0,0,0,0.00,1,0.00,0.00,0.00,0.00,0.00,P,0.00,0.92,0.80,0.58,1.67,WARN_WARNING,0.00,,14.60,12.20,504,214.56,45.0,1,0,0.00,0.00,0.00,0.92,0.00,0.00,0,0,0.00,0
2026-04-25 13:57:30,240.22,0,0,0,0,0,0,0,0.00,1,0.00,0.00,0.00,0.00,0.00,P,0.00,0.95,0.80,0.59,1.67,WARN_WARNING,0.00,,14.40,12.20,504,215.57,45.5,1,0,0.00,0.00,0.00,0.95,0.00,0.00,0,0,0.00,0
2026-04-25 13:57:31,241.23,0,0,0,0,0,0,0,0.00,1,0.00,0.00,0.00,0.00,0.00,P,0.00,0.93,0.80,0.59,1.67,WARN_WARNING,0.00,,15.50,12.20,504,216.59,45.5,1,0,0.00,0.00,0.00,0.93,0.00,0.00,0,0,0.00,0
2026-04-25 13:57:32,242.24,0,0,0,0,0,0,0,0.00,1,0.00,0.00,0.00,0.00,0.00,P,0.00,0.93,0.80,0.59,1.67,WARN_WARNING,0.00,,17.40,12.20,504,217.60,43.3,1,0,0.00,0.00,0.00,0.93,0.00,0.00,0,0,0.00,0
2026-04-25 13:57:33,243.26,0,0,0,0,0,0,0,0.00,1,0.00,0.00,0.00,0.00,0.00,P,0.00,0.93,0.80,1.32,1.67,WARN_WARNING,0.00,,14.70,12.20,504,218.61,45.0,1,0,0.00,0.00,0.00,0.93,0.00,0.00,0,0,0.00,0
2026-04-25 13:57:34,244.37,0,0,0,0,0,0,0,0.00,1,0.00,0.00,0.00,0.00,0.00,P,0.00,0.94,0.80,0.59,1.67,WARN_WARNING,0.00,,14.20,12.20,504,219.72,45.0,1,0,0.00,0.00,0.00,0.94,0.00,0.00,0,0,0.00,0
2026-04-25 13:57:35,245.27,0,0,0,0,0,0,0,0.00,1,0.00,0.00,0.00,0.00,0.00,P,0.00,0.93,0.80,0.60,1.67,WARN_WARNING,0.00,,15.00,12.20,504,220.63,43.9,1,0,0.00,0.00,0.00,0.93,0.00,0.00,0,0,0.00,0
2026-04-25 13:57:36,246.28,0,0,0,0,0,0,0,0.00,1,0.00,0.00,0.00,0.00,0.00,P,0.00,0.93,0.80,0.59,1.67,WARN_WARNING,0.00,,12.00,12.20,504,221.64,45.0,1,0,0.00,0.00,0.00,0.93,0.00,0.00,0,0,0.00,0
2026-04-25 13:57:37,247.29,0,0,0,0,0,0,0,0.00,1,0.00,0.00,0.00,0.00,0.00,P,0.00,0.93,0.80,0.60,1.67,WARN_WARNING,0.00,,13.30,12.20,504,222.65,46.1,1,0,0.00,0.00,0.00,0.93,0.00,0.00,0,0,0.00,0
2026-04-25 13:57:38,248.31,0,0,0,0,0,0,0,0.00,1,0.00,0.00,0.00,0.00,0.00,P,0.00,0.83,0.80,0.58,1.67,WARN_WARNING,0.00,,13.20,12.20,504,223.66,46.6,1,0,0.00,0.00,0.00,0.83,0.00,0.00,0,0,0.00,0
2026-04-25 13:57:39,249.31,0,0,0,0,0,0,0,0.00,1,0.00,0.00,0.00,0.00,0.00,P,0.00,0.80,0.80,0.59,1.67,WARN_WARNING,0.00,,12.70,12.20,504,224.67,45.5,1,0,0.00,0.00,0.00,0.80,0.00,0.00,0,0,0.00,0
2026-04-25 13:57:40,250.33,0,0,0,0,0,0,0,0.00,1,0.00,0.00,0.00,0.00,0.00,P,0.00,0.95,0.80,0.58,1.67,WARN_WARNING,0.00,,13.70,12.20,504,225.68,45.0,1,0,0.00,0.00,0.00,0.95,0.00,0.00,0,0,0.00,0
2026-04-25 13:57:41,251.44,0,0,0,0,0,0,0,0.00,1,0.00,0.00,0.00,0.00,0.00,P,0.00,0.83,0.80,0.57,1.67,WARN_WARNING,0.00,,15.60,12.20,504,226.79,45.5,1,0,0.00,0.00,0.00,0.83,0.00,0.00,0,0,0.00,0
2026-04-25 13:57:42,252.34,0,0,0,0,0,0,0,0.00,1,0.00,0.00,0.00,0.00,0.00,P,0.00,0.93,0.80,0.58,1.67,WARN_WARNING,0.00,,15.60,12.20,504,227.70,44.4,1,0,0.00,0.00,0.00,0.93,0.00,0.00,0,0,0.00,0
2026-04-25 13:57:43,253.36,0,0,0,0,0,0,0,0.00,1,0.00,0.00,0.00,0.00,0.00,P,0.00,0.80,0.80,0.58,1.67,WARN_WARNING,0.00,,14.10,12.20,504,228.71,45.0,1,0,0.00,0.00,0.00,0.80,0.00,0.00,0,0,0.00,0
2026-04-25 13:57:44,254.47,0,0,0,0,0,0,0,0.00,1,0.00,0.00,0.00,0.00,0.00,P,0.00,0.95,0.80,0.58,1.67,WARN_WARNING,0.00,,14.50,12.20,504,229.82,45.5,1,0,0.00,0.00,0.00,0.95,0.00,0.00,0,0,0.00,0
2026-04-25 13:57:45,255.37,0,0,0,0,0,0,0,0.00,1,0.00,0.00,0.00,0.00,0.00,P,0.00,0.95,0.80,0.58,1.67,WARN_WARNING,0.00,,16.80,12.30,504,230.73,44.4,1,0,0.00,0.00,0.00,0.95,0.00,0.00,0,0,0.00,0
2026-04-25 13:57:46,256.37,0,0,0,0,0,0,0,0.00,1,0.00,0.00,0.00,0.00,0.00,P,0.00,0.95,0.80,0.58,1.67,WARN_WARNING,0.00,,12.50,12.30,504,231.73,46.1,1,0,0.00,0.00,0.00,0.95,0.00,0.00,0,0,0.00,0
2026-04-25 13:57:47,257.39,0,0,0,0,0,0,0,0.00,1,0.00,0.00,0.00,0.00,0.00,P,0.00,0.80,0.80,0.58,1.67,WARN_WARNING,0.00,,12.40,12.30,504,232.74,46.1,1,0,0.00,0.00,0.00,0.80,0.00,0.00,0,0,0.00,0
2026-04-25 13:57:48,258.50,0,0,0,0,0,0,0,0.00,1,0.00,0.00,0.00,0.00,0.00,P,0.00,0.93,0.80,0.58,1.67,WARN_WARNING,0.00,,11.90,12.20,504,233.85,44.4,1,0,0.00,0.00,0.00,0.93,0.00,0.00,0,0,0.00,0
2026-04-25 13:57:49,259.40,0,0,0,0,0,0,0,0.00,1,0.00,0.00,0.00,0.00,0.00,P,0.00,0.94,0.80,0.57,1.67,WARN_WARNING,0.00,,13.90,12.30,504,234.76,46.6,1,0,0.00,0.00,0.00,0.94,0.00,0.00,0,0,0.00,0
2026-04-25 13:57:50,260.41,0,0,0,0,0,0,0,0.00,1,0.00,0.00,0.00,0.00,0.00,P,0.00,0.93,0.80,0.57,1.67,WARN_WARNING,0.00,,14.20,12.30,504,235.77,46.1,1,0,0.00,0.00,0.00,0.93,0.00,0.00,0,0,0.00,0
2026-04-25 13:57:51,261.42,0,0,0,0,0,0,0,0.00,1,0.00,0.00,0.00,0.00,0.00,P,0.00,0.95,0.80,0.58,1.66,WARN_WARNING,0.00,,16.30,12.30,504,236.78,45.5,1,0,0.00,0.00,0.00,0.95,0.00,0.00,0,0,0.00,0
2026-04-25 13:57:52,262.44,0,0,0,0,0,0,0,0.00,1,0.00,0.00,0.00,0.00,0.00,P,0.00,0.93,0.80,0.57,1.67,WARN_WARNING,0.00,,16.50,12.20,504,237.79,45.5,1,0,0.00,0.00,0.00,0.93,0.00,0.00,0,0,0.00,0
2026-04-25 13:57:53,263.45,0,0,0,0,0,0,0,0.00,1,0.00,0.00,0.00,0.00,0.00,P,0.00,0.93,0.80,0.57,1.66,WARN_WARNING,0.00,,14.80,12.20,504,238.80,45.0,1,0,0.00,0.00,0.00,0.93,0.00,0.00,0,0,0.00,0
2026-04-25 13:57:54,264.56,0,0,0,0,0,0,0,0.00,1,0.00,0.00,0.00,0.00,0.00,P,0.00,0.94,0.80,0.57,1.67,WARN_WARNING,0.00,,14.00,12.20,504,239.92,45.5,1,0,0.00,0.00,0.00,0.94,0.00,0.00,0,0,0.00,0
2026-04-25 13:57:55,265.46,0,0,0,0,0,0,0,0.00,1,0.00,0.00,0.00,0.00,0.00,P,0.00,0.95,0.80,0.57,1.67,WARN_WARNING,0.00,,14.10,12.20,504,240.82,43.9,1,0,0.00,0.00,0.00,0.95,0.00,0.00,0,0,0.00,0
2026-04-25 13:57:56,266.48,0,0,0,0,0,0,0,0.00,1,0.00,0.00,0.00,0.00,0.00,P,0.00,0.93,0.80,0.58,1.67,WARN_WARNING,0.00,,17.00,12.20,504,241.83,45.5,1,0,0.00,0.00,0.00,0.93,0.00,0.00,0,0,0.00,0
2026-04-25 13:57:57,267.49,0,0,0,0,0,0,0,0.00,1,0.00,0.00,0.00,0.00,0.00,P,0.00,0.94,0.80,0.58,1.67,WARN_WARNING,0.00,,14.30,12.20,504,242.84,44.4,1,0,0.00,0.00,0.00,0.94,0.00,0.00,0,0,0.00,0
2026-04-25 13:57:58,268.50,0,0,0,0,0,0,0,0.00,1,0.00,0.00,0.00,0.00,0.00,P,0.00,0.92,0.80,0.58,1.67,WARN_WARNING,0.00,,14.50,12.20,504,243.85,45.0,1,0,0.00,0.00,0.00,0.92,0.00,0.00,0,0,0.00,0
2026-04-25 13:57:59,269.51,0,0,0,0,0,0,0,0.00,1,0.00,0.00,0.00,0.00,0.00,P,0.00,0.92,0.80,0.58,1.67,WARN_WARNING,0.00,,14.20,12.20,504,244.87,43.9,1,0,0.00,0.00,0.00,0.92,0.00,0.00,0,0,0.00,0
2026-04-25 13:58:00,270.52,0,0,0,0,0,0,0,0.00,1,0.00,0.00,0.00,0.00,0.00,P,0.00,0.95,0.80,0.58,1.67,WARN_WARNING,0.00,,14.10,12.20,504,245.88,46.6,1,0,0.00,0.00,0.00,0.95,0.00,0.00,0,0,0.00,0
2026-04-25 13:58:01,271.53,0,0,0,0,0,0,0,0.00,1,0.00,0.00,0.00,0.00,0.00,P,0.00,0.94,0.80,0.58,1.67,WARN_WARNING,0.00,,13.10,12.20,504,246.89,45.5,1,0,0.00,0.00,0.00,0.94,0.00,0.00,0,0,0.00,0
2026-04-25 13:58:02,272.64,0,0,0,0,0,0,0,0.00,1,0.00,0.00,0.00,0.00,0.00,P,0.00,0.93,0.80,0.59,1.67,WARN_WARNING,0.00,,14.20,12.20,504,248.00,45.5,1,0,0.00,0.00,0.00,0.93,0.00,0.00,0,0,0.00,0
2026-04-25 13:58:03,273.55,0,0,0,0,0,0,0,0.00,1,0.00,0.00,0.00,0.00,0.00,P,0.00,0.93,0.80,0.59,1.67,WARN_WARNING,0.00,,17.50,12.20,504,248.90,45.5,1,0,0.00,0.00,0.00,0.93,0.00,0.00,0,0,0.00,0
2026-04-25 13:58:04,274.66,0,0,0,0,0,0,0,0.00,1,0.00,0.00,0.00,0.00,0.00,P,0.00,0.94,0.80,0.59,1.67,WARN_WARNING,0.00,,13.80,12.20,504,250.01,44.4,1,0,0.00,0.00,0.00,0.94,0.00,0.00,0,0,0.00,0
2026-04-25 13:58:05,275.57,0,0,0,0,0,0,0,0.00,1,0.00,0.00,0.00,0.00,0.00,P,0.00,0.94,0.80,0.59,1.67,WARN_WARNING,0.00,,14.70,12.20,504,250.92,45.0,1,0,0.00,0.00,0.00,0.94,0.00,0.00,0,0,0.00,0
2026-04-25 13:58:06,276.58,0,0,0,0,0,0,0,0.00,1,0.00,0.00,0.00,0.00,0.00,P,0.00,0.94,0.80,0.59,1.67,WARN_WARNING,0.00,,14.60,12.20,504,251.94,45.5,1,0,0.00,0.00,0.00,0.94,0.00,0.00,0,0,0.00,0
2026-04-25 13:58:07,277.60,0,0,0,0,0,0,0,0.00,1,0.00,0.00,0.00,0.00,0.00,P,0.00,0.82,0.80,0.60,1.67,WARN_WARNING,0.00,,15.80,12.20,504,252.95,44.4,1,0,0.00,0.00,0.00,0.82,0.00,0.00,0,0,0.00,0
2026-04-25 13:58:08,278.60,0,0,0,0,0,0,0,0.00,1,0.00,0.00,0.00,0.00,0.00,P,0.00,0.81,0.80,0.60,1.67,WARN_WARNING,0.00,,15.50,12.20,504,253.95,43.9,1,0,0.00,0.00,0.00,0.81,0.00,0.00,0,0,0.00,0
2026-04-25 13:58:09,279.61,0,0,0,0,0,0,0,0.00,1,0.00,0.00,0.00,0.00,0.00,P,0.00,0.95,0.80,0.59,1.67,WARN_WARNING,0.00,,16.50,12.20,504,254.96,44.4,1,0,0.00,0.00,0.00,0.95,0.00,0.00,0,0,0.00,0
2026-04-25 13:58:10,280.62,0,0,0,0,0,0,0,0.00,1,0.00,0.00,0.00,0.00,0.00,P,0.00,0.82,0.80,0.59,1.67,WARN_WARNING,0.00,,15.80,12.10,504,255.98,45.5,1,0,0.00,0.00,0.00,0.82,0.00,0.00,0,0,0.00,0
2026-04-25 13:58:11,281.63,0,0,0,0,0,0,0,0.00,1,0.00,0.00,0.00,0.00,0.00,P,0.00,0.80,0.80,0.58,1.67,WARN_WARNING,0.00,,15.30,12.10,504,256.99,45.0,1,0,0.00,0.00,0.00,0.80,0.00,0.00,0,0,0.00,0
2026-04-25 13:58:12,282.65,0,0,0,0,0,0,0,0.00,1,0.00,0.00,0.00,0.00,0.00,P,0.00,0.81,0.80,0.60,1.67,WARN_WARNING,0.00,,15.20,12.20,504,258.00,43.3,1,0,0.00,0.00,0.00,0.81,0.00,0.00,0,0,0.00,0
2026-04-25 13:58:13,283.66,0,0,0,0,0,0,0,0.00,1,0.00,0.00,0.00,0.00,0.00,P,0.00,0.94,0.80,1.32,1.67,WARN_WARNING,0.00,,16.40,12.10,504,259.01,45.5,1,0,0.00,0.00,0.00,0.94,0.00,0.00,0,0,0.00,0
2026-04-25 13:58:14,284.67,0,0,0,0,0,0,0,0.00,1,0.00,0.00,0.00,0.00,0.00,P,0.00,0.82,0.80,1.32,1.67,WARN_WARNING,0.00,,15.50,12.20,504,260.03,45.0,1,0,0.00,0.00,0.00,0.82,0.00,0.00,0,0,0.00,0
2026-04-25 13:58:15,285.68,0,0,0,0,0,0,0,0.00,1,0.00,0.00,0.00,0.00,0.00,P,0.00,0.82,0.80,1.31,1.67,WARN_WARNING,0.00,,14.10,12.10,504,261.04,45.0,1,0,0.00,0.00,0.00,0.82,0.00,0.00,0,0,0.00,0
2026-04-25 13:58:16,286.69,0,0,0,0,0,0,0,0.00,1,0.00,0.00,0.00,0.00,0.00,P,0.00,0.93,0.80,1.31,1.66,WARN_WARNING,0.00,,13.60,12.10,504,262.05,44.4,1,0,0.00,0.00,0.00,0.93,0.00,0.00,0,0,0.00,0
2026-04-25 13:58:17,287.70,0,0,0,0,0,0,0,0.00,1,0.00,0.00,0.00,0.00,0.00,P,0.00,0.81,0.80,1.31,1.67,WARN_WARNING,0.00,,15.40,12.10,504,263.06,43.9,1,0,0.00,0.00,0.00,0.81,0.00,0.00,0,0,0.00,0
2026-04-25 13:58:18,288.71,0,0,0,0,0,0,0,0.00,1,0.00,0.00,0.00,0.00,0.00,P,0.00,0.95,0.80,0.59,1.67,WARN_WARNING,0.00,,16.60,12.10,504,264.07,45.0,1,0,0.00,0.00,0.00,0.95,0.00,0.00,0,0,0.00,0
2026-04-25 13:58:19,289.72,0,0,0,0,0,0,0,0.00,1,0.00,0.00,0.00,0.00,0.00,P,0.00,0.82,0.80,0.60,1.67,WARN_WARNING,0.00,,13.90,12.20,504,265.08,43.3,1,0,0.00,0.00,0.00,0.82,0.00,0.00,0,0,0.00,0
2026-04-25 13:58:20,290.73,0,0,0,0,0,0,0,0.00,1,0.00,0.00,0.00,0.00,0.00,P,0.00,0.80,0.80,0.60,1.67,WARN_WARNING,0.00,,15.00,12.20,504,266.09,45.0,1,0,0.00,0.00,0.00,0.80,0.00,0.00,0,0,0.00,0
2026-04-25 13:58:21,291.73,0,0,0,0,0,0,0,0.00,1,0.00,0.00,0.00,0.00,0.00,P,0.00,0.95,0.80,1.31,1.67,WARN_WARNING,0.00,,16.10,12.30,504,267.09,46.1,1,0,0.00,0.00,0.00,0.95,0.00,0.00,0,0,0.00,0
2026-04-25 13:58:22,292.75,0,0,0,0,0,0,0,0.00,1,0.00,0.00,0.00,0.00,0.00,P,0.00,0.82,0.80,1.32,1.67,WARN_WARNING,0.00,,12.00,12.30,504,268.10,46.6,1,0,0.00,0.00,0.00,0.82,0.00,0.00,0,0,0.00,0
2026-04-25 13:58:23,293.76,0,0,0,0,0,0,0,0.00,1,0.00,0.00,0.00,0.00,0.00,P,0.00,0.82,0.80,1.31,1.67,WARN_WARNING,0.00,,12.20,12.30,504,269.12,45.0,1,0,0.00,0.00,0.00,0.82,0.00,0.00,0,0,0.00,0
2026-04-25 13:58:24,294.87,0,0,0,0,0,0,0,0.00,1,0.00,0.00,0.00,0.00,0.00,P,0.00,0.82,0.80,1.31,1.67,WARN_WARNING,0.00,,13.50,12.30,504,270.23,46.6,1,0,0.00,0.00,0.00,0.82,0.00,0.00,0,0,0.00,0
2026-04-25 13:58:25,295.78,0,0,0,0,0,0,0,0.00,1,0.00,0.00,0.00,0.00,0.00,P,0.00,0.93,0.80,1.32,1.67,WARN_WARNING,0.00,,15.80,12.30,504,271.14,45.5,1,0,0.00,0.00,0.00,0.93,0.00,0.00,0,0,0.00,0
2026-04-25 13:58:26,296.79,0,0,0,0,0,0,0,0.00,1,0.00,0.00,0.00,0.00,0.00,P,0.00,0.93,0.80,1.32,1.67,WARN_WARNING,0.00,,16.00,12.20,504,272.15,44.4,1,0,0.00,0.00,0.00,0.93,0.00,0.00,0,0,0.00,0
2026-04-25 13:58:27,297.81,0,0,0,0,0,0,0,0.00,1,0.00,0.00,0.00,0.00,0.00,P,0.00,0.81,0.80,1.31,1.67,WARN_WARNING,0.00,,14.70,12.20,504,273.17,45.0,1,0,0.00,0.00,0.00,0.81,0.00,0.00,0,0,0.00,0
2026-04-25 13:58:28,298.82,0,0,0,0,0,0,0,0.00,1,0.00,0.00,0.00,0.00,0.00,P,0.00,0.93,0.80,1.31,1.67,WARN_WARNING,0.00,,16.50,12.20,504,274.17,43.9,1,0,0.00,0.00,0.00,0.93,0.00,0.00,0,0,0.00,0
2026-04-25 13:58:29,299.82,0,0,0,0,0,0,0,0.00,1,0.00,0.00,0.00,0.00,0.00,P,0.00,0.93,0.80,1.31,1.66,WARN_WARNING,0.00,,14.90,12.20,504,275.17,46.1,1,0,0.00,0.00,0.00,0.93,0.00,0.00,0,0,0.00,0
2026-04-25 13:58:30,300.82,0,0,0,0,0,0,0,0.00,1,0.00,0.00,0.00,0.00,0.00,P,0.00,0.93,0.80,1.32,1.67,WARN_WARNING,0.00,,14.00,12.20,504,276.17,45.0,1,0,0.00,0.00,0.00,0.93,0.00,0.00,0,0,0.00,0
2026-04-25 13:58:31,301.83,0,0,0,0,0,0,0,0.00,1,0.00,0.00,0.00,0.00,0.00,P,0.00,0.94,0.80,1.32,1.67,WARN_WARNING,0.00,,13.10,12.20,504,277.19,46.1,1,0,0.00,0.00,0.00,0.94,0.00,0.00,0,0,0.00,0
2026-04-25 13:58:32,302.84,0,0,0,0,0,0,0,0.00,1,0.00,0.00,0.00,0.00,0.00,P,0.00,0.82,0.80,1.32,1.67,WARN_WARNING,0.00,,14.10,12.20,504,278.20,46.1,1,0,0.00,0.00,0.00,0.82,0.00,0.00,0,0,0.00,0
2026-04-25 13:58:33,303.85,0,0,0,0,0,0,0,0.00,1,0.00,0.00,0.00,0.00,0.00,P,0.00,0.94,0.80,0.57,1.67,WARN_WARNING,0.00,,15.30,12.20,504,279.21,43.9,1,0,0.00,0.00,0.00,0.94,0.00,0.00,0,0,0.00,0
2026-04-25 13:58:34,304.87,0,0,0,0,0,0,0,0.00,1,0.00,0.00,0.00,0.00,0.00,P,0.00,0.92,0.80,0.60,0.60,WARN_WARNING,0.00,,14.20,12.20,504,280.22,43.9,1,0,0.00,0.00,0.00,0.92,0.00,0.00,0,0,0.00,0
2026-04-25 13:58:36,305.88,0,0,0,0,0,0,0,0.00,1,0.00,0.00,0.00,0.00,0.00,P,0.00,0.81,0.80,0.59,1.67,WARN_WARNING,0.00,,14.20,12.20,504,281.24,43.9,1,0,0.00,0.00,0.00,0.81,0.00,0.00,0,0,0.00,0
2026-04-25 13:58:37,306.99,0,0,0,0,0,0,0,0.00,1,0.00,0.00,0.00,0.00,0.00,P,0.00,0.81,0.80,0.59,1.67,WARN_WARNING,0.00,,13.40,12.20,504,282.35,44.4,1,0,0.00,0.00,0.00,0.81,0.00,0.00,0,0,0.00,0
2026-04-25 13:58:38,307.90,0,0,0,0,0,0,0,0.00,1,0.00,0.00,0.00,0.00,0.00,P,0.00,0.82,0.80,0.57,1.67,WARN_WARNING,0.00,,16.50,12.20,504,283.25,45.5,1,0,0.00,0.00,0.00,0.82,0.00,0.00,0,0,0.00,0
2026-04-25 13:58:39,308.91,0,0,0,0,0,0,0,0.00,1,0.00,0.00,0.00,0.00,0.00,P,0.00,0.82,0.80,0.57,1.67,WARN_WARNING,0.00,,17.00,12.20,504,284.27,45.5,1,0,0.00,0.00,0.00,0.82,0.00,0.00,0,0,0.00,0
2026-04-25 13:58:40,309.92,0,0,0,0,0,0,0,0.00,1,0.00,0.00,0.00,0.00,0.00,P,0.00,0.94,0.80,0.58,1.67,WARN_WARNING,0.00,,15.30,12.20,504,285.28,45.0,1,0,0.00,0.00,0.00,0.94,0.00,0.00,0,0,0.00,0
2026-04-25 13:58:41,310.94,0,0,0,0,0,0,0,0.00,1,0.00,0.00,0.00,0.00,0.00,P,0.00,0.93,0.80,0.58,1.67,WARN_WARNING,0.00,,17.40,12.20,504,286.29,46.1,1,0,0.00,0.00,0.00,0.93,0.00,0.00,0,0,0.00,0
2026-04-25 13:58:42,311.95,0,0,0,0,0,0,0,0.00,1,0.00,0.00,0.00,0.00,0.00,P,0.00,0.94,0.80,0.58,1.67,WARN_WARNING,0.00,,14.50,12.20,504,287.30,45.5,1,0,0.00,0.00,0.00,0.94,0.00,0.00,0,0,0.00,0
2026-04-25 13:58:43,312.95,0,0,0,0,0,0,0,0.00,1,0.00,0.00,0.00,0.00,0.00,P,0.00,0.95,0.80,0.59,1.67,WARN_WARNING,0.00,,14.60,12.20,504,288.31,45.0,1,0,0.00,0.00,0.00,0.95,0.00,0.00,0,0,0.00,0
2026-04-25 13:58:44,313.96,0,0,0,0,0,0,0,0.00,1,0.00,0.00,0.00,0.00,0.00,P,0.00,0.93,0.80,0.59,1.67,WARN_WARNING,0.00,,13.60,12.20,504,289.32,45.5,1,0,0.00,0.00,0.00,0.93,0.00,0.00,0,0,0.00,0
2026-04-25 13:58:45,314.97,0,0,0,0,0,0,0,0.00,1,0.00,0.00,0.00,0.00,0.00,P,0.00,0.93,0.80,0.58,1.67,WARN_WARNING,0.00,,16.10,12.20,504,290.32,45.5,1,0,0.00,0.00,0.00,0.93,0.00,0.00,0,0,0.00,0
2026-04-25 13:58:46,315.98,0,0,0,0,0,0,0,0.00,1,0.00,0.00,0.00,0.00,0.00,P,0.00,0.81,0.80,0.59,1.67,WARN_WARNING,0.00,,14.20,12.20,504,291.33,45.5,1,0,0.00,0.00,0.00,0.81,0.00,0.00,0,0,0.00,0
2026-04-25 13:58:47,316.99,0,0,0,0,0,0,0,0.00,1,0.00,0.00,0.00,0.00,0.00,P,0.00,0.93,0.80,0.59,1.67,WARN_WARNING,0.00,,14.20,12.20,504,292.35,46.1,1,0,0.00,0.00,0.00,0.93,0.00,0.00,0,0,0.00,0
2026-04-25 13:58:48,317.99,0,0,0,0,0,0,0,0.00,1,0.00,0.00,0.00,0.00,0.00,P,0.00,0.94,0.80,0.59,1.67,WARN_WARNING,0.00,,15.70,12.20,504,293.35,46.6,1,0,0.00,0.00,0.00,0.94,0.00,0.00,0,0,0.00,0
2026-04-25 13:58:49,319.00,0,0,0,0,0,0,0,0.00,1,0.00,0.00,0.00,0.00,0.00,P,0.00,0.80,0.80,0.59,1.67,WARN_WARNING,0.00,,14.80,12.20,504,294.36,44.4,1,0,0.00,0.00,0.00,0.80,0.00,0.00,0,0,0.00,0
2026-04-25 13:58:50,320.01,0,0,0,0,0,0,0,0.00,1,0.00,0.00,0.00,0.00,0.00,P,0.00,0.93,0.80,0.59,1.67,WARN_WARNING,0.00,,14.10,12.20,504,295.37,45.5,1,0,0.00,0.00,0.00,0.93,0.00,0.00,0,0,0.00,0
2026-04-25 13:58:51,321.02,0,0,0,0,0,0,0,0.00,1,0.00,0.00,0.00,0.00,0.00,P,0.00,0.92,0.80,1.32,1.67,WARN_WARNING,0.00,,14.30,12.20,504,296.38,45.5,1,0,0.00,0.00,0.00,0.92,0.00,0.00,0,0,0.00,0
2026-04-25 13:58:52,322.04,0,0,0,0,0,0,0,0.00,1,0.00,0.00,0.00,0.00,0.00,P,0.00,0.93,0.80,0.60,1.67,WARN_WARNING,0.00,,13.60,12.20,504,297.39,43.3,1,0,0.00,0.00,0.00,0.93,0.00,0.00,0,0,0.00,0
2026-04-25 13:58:53,323.05,0,0,0,0,0,0,0,0.00,1,0.00,0.00,0.00,0.00,0.00,P,0.00,0.93,0.80,0.60,1.67,WARN_WARNING,0.00,,15.50,12.20,504,298.41,43.9,1,0,0.00,0.00,0.00,0.93,0.00,0.00,0,0,0.00,0
2026-04-25 13:58:54,324.06,0,0,0,0,0,0,0,0.00,1,0.00,0.00,0.00,0.00,0.00,P,0.00,0.95,0.80,0.60,1.67,WARN_WARNING,0.00,,14.00,12.20,504,299.42,45.5,1,0,0.00,0.00,0.00,0.95,0.00,0.00,0,0,0.00,0
2026-04-25 13:58:55,325.18,0,0,0,0,0,0,0,0.00,1,0.00,0.00,0.00,0.00,0.00,P,0.00,0.95,0.80,0.59,0.62,WARN_WARNING,0.00,,13.40,12.20,504,300.53,45.5,1,0,0.00,0.00,0.00,0.95,0.00,0.00,0,0,0.00,0
2026-04-25 13:58:56,326.08,0,0,0,0,0,0,0,0.00,1,0.00,0.00,0.00,0.00,0.00,P,0.00,0.93,0.80,0.59,0.61,WARN_WARNING,0.00,,16.00,12.20,504,301.44,45.5,1,0,0.00,0.00,0.00,0.93,0.00,0.00,0,0,0.00,0
2026-04-25 13:58:57,327.09,0,0,0,0,0,0,0,0.00,1,0.00,0.00,0.00,0.00,0.00,P,0.00,0.82,0.80,0.59,0.62,WARN_WARNING,0.00,,16.00,12.20,504,302.45,43.9,1,0,0.00,0.00,0.00,0.82,0.00,0.00,0,0,0.00,0
2026-04-25 13:58:58,328.10,0,0,0,0,0,0,0,0.00,1,0.00,0.00,0.00,0.00,0.00,P,0.00,0.80,0.80,0.59,1.67,WARN_WARNING,0.00,,14.10,12.20,504,303.45,45.0,1,0,0.00,0.00,0.00,0.80,0.00,0.00,0,0,0.00,0
2026-04-25 13:58:59,329.21,0,0,0,0,0,0,0,0.00,1,0.00,0.00,0.00,0.00,0.00,P,0.00,0.93,0.80,0.59,1.67,WARN_WARNING,0.00,,14.50,12.20,504,304.57,43.9,1,0,0.00,0.00,0.00,0.93,0.00,0.00,0,0,0.00,0
2026-04-25 13:59:00,330.11,0,0,0,0,0,0,0,0.00,1,0.00,0.00,0.00,0.00,0.00,P,0.00,0.80,0.80,0.59,1.67,WARN_WARNING,0.00,,13.70,12.20,504,305.47,44.4,1,0,0.00,0.00,0.00,0.80,0.00,0.00,0,0,0.00,0
2026-04-25 13:59:01,331.13,0,0,0,0,0,0,0,0.00,1,0.00,0.00,0.00,0.00,0.00,P,0.00,0.93,0.80,0.59,1.67,WARN_WARNING,0.00,,15.40,12.20,504,306.48,46.1,1,0,0.00,0.00,0.00,0.93,0.00,0.00,0,0,0.00,0
2026-04-25 13:59:02,332.14,0,0,0,0,0,0,0,0.00,1,0.00,0.00,0.00,0.00,0.00,P,0.00,0.93,0.80,0.59,1.67,WARN_WARNING,0.00,,15.50,12.20,504,307.50,45.5,1,0,0.00,0.00,0.00,0.93,0.00,0.00,0,0,0.00,0
2026-04-25 13:59:03,333.15,0,0,0,0,0,0,0,0.00,1,0.00,0.00,0.00,0.00,0.00,P,0.00,0.95,0.80,0.60,1.67,WARN_WARNING,0.00,,15.10,12.20,504,308.51,46.1,1,0,0.00,0.00,0.00,0.95,0.00,0.00,0,0,0.00,0
2026-04-25 13:59:04,334.16,0,0,0,0,0,0,0,0.00,1,0.00,0.00,0.00,0.00,0.00,P,0.00,0.81,0.80,0.60,1.67,WARN_WARNING,0.00,,13.60,12.20,504,309.52,45.5,1,0,0.00,0.00,0.00,0.81,0.00,0.00,0,0,0.00,0
2026-04-25 13:59:05,335.18,0,0,0,0,0,0,0,0.00,1,0.00,0.00,0.00,0.00,0.00,P,0.00,0.81,0.80,0.60,1.67,WARN_WARNING,0.00,,15.10,12.20,504,310.53,45.5,1,0,0.00,0.00,0.00,0.81,0.00,0.00,0,0,0.00,0
2026-04-25 13:59:06,336.19,0,0,0,0,0,0,0,0.00,1,0.00,0.00,0.00,0.00,0.00,P,0.00,0.81,0.80,0.60,1.67,WARN_WARNING,0.00,,17.40,12.20,504,311.55,45.5,1,0,0.00,0.00,0.00,0.81,0.00,0.00,0,0,0.00,0
2026-04-25 13:59:07,337.30,0,0,0,0,0,0,0,0.00,1,0.00,0.00,0.00,0.00,0.00,P,0.00,0.92,0.80,0.60,1.67,WARN_WARNING,0.00,,15.20,12.20,504,312.66,43.9,1,0,0.00,0.00,0.00,0.92,0.00,0.00,0,0,0.00,0
2026-04-25 13:59:08,338.20,0,0,0,0,0,0,0,0.00,1,0.00,0.00,0.00,0.00,0.00,P,0.00,0.93,0.80,0.61,1.67,WARN_WARNING,0.00,,14.60,12.20,504,313.56,45.5,1,0,0.00,0.00,0.00,0.93,0.00,0.00,0,0,0.00,0
2026-04-25 13:59:09,339.22,0,0,0,0,0,0,0,0.00,1,0.00,0.00,0.00,0.00,0.00,P,0.00,0.93,0.80,0.62,1.67,WARN_WARNING,0.00,,14.70,12.20,504,314.57,45.5,1,0,0.00,0.00,0.00,0.93,0.00,0.00,0,0,0.00,0
2026-04-25 13:59:10,340.22,0,0,0,0,0,0,0,0.00,1,0.00,0.00,0.00,0.00,0.00,P,0.00,0.81,0.80,0.65,1.67,WARN_WARNING,0.00,,12.60,12.20,504,315.57,46.6,1,0,0.00,0.00,0.00,0.81,0.00,0.00,0,0,0.00,0
2026-04-25 13:59:11,341.33,0,0,0,0,0,0,0,0.00,1,0.00,0.00,0.00,0.00,0.00,P,0.00,0.93,0.80,0.64,1.67,WARN_WARNING,0.00,,12.20,12.20,504,316.68,45.5,1,0,0.00,0.00,0.00,0.93,0.00,0.00,0,0,0.00,0
2026-04-25 13:59:12,342.23,0,0,0,0,0,0,0,0.00,1,0.00,0.00,0.00,0.00,0.00,P,0.00,0.95,0.80,1.31,1.67,WARN_WARNING,0.00,,12.70,12.20,504,317.59,45.5,1,0,0.00,0.00,0.00,0.95,0.00,0.00,0,0,0.00,0
2026-04-25 13:59:13,343.24,0,0,0,0,0,0,0,0.00,1,0.00,0.00,0.00,0.00,0.00,P,0.00,0.80,0.80,0.62,1.67,WARN_WARNING,0.00,,12.60,12.20,504,318.60,45.5,1,0,0.00,0.00,0.00,0.80,0.00,0.00,0,0,0.00,0
2026-04-25 13:59:14,344.25,0,0,0,0,0,0,0,0.00,1,0.00,0.00,0.00,0.00,0.00,P,0.00,0.94,0.80,0.60,1.67,WARN_WARNING,0.00,,14.00,12.20,504,319.61,46.1,1,0,0.00,0.00,0.00,0.94,0.00,0.00,0,0,0.00,0
2026-04-25 13:59:15,345.27,0,0,0,0,0,0,0,0.00,1,0.00,0.00,0.00,0.00,0.00,P,0.00,0.93,0.80,0.60,0.64,WARN_WARNING,0.00,,14.50,12.20,504,320.62,46.1,1,0,0.00,0.00,0.00,0.93,0.00,0.00,0,0,0.00,0
2026-04-25 13:59:16,346.28,0,0,0,0,0,0,0,0.00,1,0.00,0.00,0.00,0.00,0.00,P,0.00,0.94,0.80,0.60,1.67,WARN_WARNING,0.00,,13.40,12.20,504,321.63,45.5,1,0,0.00,0.00,0.00,0.94,0.00,0.00,0,0,0.00,0
2026-04-25 13:59:17,347.29,0,0,0,0,0,0,0,0.00,1,0.00,0.00,0.00,0.00,0.00,P,0.00,0.95,0.80,0.59,1.67,WARN_WARNING,0.00,,14.20,12.20,504,322.65,46.6,1,0,0.00,0.00,0.00,0.95,0.00,0.00,0,0,0.00,0
2026-04-25 13:59:18,348.30,0,0,0,0,0,0,0,0.00,1,0.00,0.00,0.00,0.00,0.00,P,0.00,0.94,0.80,0.60,1.67,WARN_WARNING,0.00,,15.70,12.20,504,323.66,46.6,1,0,0.00,0.00,0.00,0.94,0.00,0.00,0,0,0.00,0
2026-04-25 13:59:19,349.31,0,0,0,0,0,0,0,0.00,1,0.00,0.00,0.00,0.00,0.00,P,0.00,0.81,0.80,0.60,1.67,WARN_WARNING,0.00,,13.20,12.20,504,324.67,45.0,1,0,0.00,0.00,0.00,0.81,0.00,0.00,0,0,0.00,0
2026-04-25 13:59:20,350.32,0,0,0,0,0,0,0,0.00,1,0.00,0.00,0.00,0.00,0.00,P,0.00,0.95,0.80,0.60,1.67,WARN_WARNING,0.00,,14.90,12.20,504,325.68,44.4,1,0,0.00,0.00,0.00,0.95,0.00,0.00,0,0,0.00,0
2026-04-25 13:59:21,351.43,0,0,0,0,0,0,0,0.00,1,0.00,0.00,0.00,0.00,0.00,P,0.00,0.81,0.80,0.60,1.67,WARN_WARNING,0.00,,16.50,12.20,504,326.79,45.5,1,0,0.00,0.00,0.00,0.81,0.00,0.00,0,0,0.00,0
2026-04-25 13:59:22,352.34,0,0,0,0,0,0,0,0.00,1,0.00,0.00,0.00,0.00,0.00,P,0.00,0.93,0.80,0.60,1.67,WARN_WARNING,0.00,,13.00,12.20,504,327.69,45.5,1,0,0.00,0.00,0.00,0.93,0.00,0.00,0,0,0.00,0
2026-04-25 13:59:23,353.34,0,0,0,0,0,0,0,0.00,1,0.00,0.00,0.00,0.00,0.00,P,0.00,0.93,0.80,0.60,1.67,WARN_WARNING,0.00,,16.10,12.20,504,328.69,45.5,1,0,0.00,0.00,0.00,0.93,0.00,0.00,0,0,0.00,0
2026-04-25 13:59:24,354.35,0,0,0,0,0,0,0,0.00,1,0.00,0.00,0.00,0.00,0.00,P,0.00,0.95,0.80,0.60,1.67,WARN_WARNING,0.00,,14.70,12.20,504,329.71,45.5,1,0,0.00,0.00,0.00,0.95,0.00,0.00,0,0,0.00,0
2026-04-25 13:59:25,355.36,0,0,0,0,0,0,0,0.00,1,0.00,0.00,0.00,0.00,0.00,P,0.00,0.94,0.80,0.60,1.67,WARN_WARNING,0.00,,15.90,12.20,504,330.72,45.5,1,0,0.00,0.00,0.00,0.94,0.00,0.00,0,0,0.00,0
2026-04-25 13:59:26,356.38,0,0,0,0,0,0,0,0.00,1,0.00,0.00,0.00,0.00,0.00,P,0.00,0.95,0.80,1.32,1.67,WARN_WARNING,0.00,,15.30,12.20,504,331.73,46.6,1,0,0.00,0.00,0.00,0.95,0.00,0.00,0,0,0.00,0
2026-04-25 13:59:27,357.39,0,0,0,0,0,0,0,0.00,1,0.00,0.00,0.00,0.00,0.00,P,0.00,0.81,0.80,1.31,1.67,WARN_WARNING,0.00,,15.80,12.30,504,332.74,45.5,1,0,0.00,0.00,0.00,0.81,0.00,0.00,0,0,0.00,0
2026-04-25 13:59:28,358.40,0,0,0,0,0,0,0,0.00,1,0.00,0.00,0.00,0.00,0.00,P,0.00,0.81,0.80,1.32,1.67,WARN_WARNING,0.00,,15.50,12.30,504,333.76,43.9,1,0,0.00,0.00,0.00,0.81,0.00,0.00,0,0,0.00,0
2026-04-25 13:59:29,359.40,0,0,0,0,0,0,0,0.00,1,0.00,0.00,0.00,0.00,0.00,P,0.00,0.94,0.80,1.32,1.67,WARN_WARNING,0.00,,14.60,12.30,504,334.76,45.5,1,0,0.00,0.00,0.00,0.94,0.00,0.00,0,0,0.00,0
2026-04-25 13:59:30,360.41,0,0,0,0,0,0,0,0.00,1,0.00,0.00,0.00,0.00,0.00,P,0.00,0.80,0.80,1.31,1.67,WARN_WARNING,0.00,,18.30,12.30,504,335.77,45.0,1,0,0.00,0.00,0.00,0.80,0.00,0.00,0,0,0.00,0
2026-04-25 13:59:31,361.42,0,0,0,0,0,0,0,0.00,1,0.00,0.00,0.00,0.00,0.00,P,0.00,0.93,0.80,1.31,1.67,WARN_WARNING,0.00,,15.20,12.20,504,336.78,44.4,1,0,0.00,0.00,0.00,0.93,0.00,0.00,0,0,0.00,0
2026-04-25 13:59:32,362.43,0,0,0,0,0,0,0,0.00,1,0.00,0.00,0.00,0.00,0.00,P,0.00,0.93,0.80,1.31,1.67,WARN_WARNING,0.00,,15.10,12.20,504,337.79,46.1,1,0,0.00,0.00,0.00,0.93,0.00,0.00,0,0,0.00,0
2026-04-25 13:59:33,363.45,0,0,0,0,0,0,0,0.00,1,0.00,0.00,0.00,0.00,0.00,P,0.00,0.95,0.80,1.31,1.67,WARN_WARNING,0.00,,16.80,12.20,504,338.80,45.0,1,0,0.00,0.00,0.00,0.95,0.00,0.00,0,0,0.00,0
2026-04-25 13:59:34,364.46,0,0,0,0,0,0,0,0.00,1,0.00,0.00,0.00,0.00,0.00,P,0.00,0.95,0.80,1.32,1.67,WARN_WARNING,0.00,,14.00,12.20,504,339.82,44.4,1,0,0.00,0.00,0.00,0.95,0.00,0.00,0,0,0.00,0
2026-04-25 13:59:35,365.47,0,0,0,0,0,0,0,0.00,1,0.00,0.00,0.00,0.00,0.00,P,0.00,0.80,0.80,1.31,1.67,WARN_WARNING,0.00,,15.60,12.20,504,340.83,43.9,1,0,0.00,0.00,0.00,0.80,0.00,0.00,0,0,0.00,0
2026-04-25 13:59:36,366.47,0,0,0,0,0,0,0,0.00,1,0.00,0.00,0.00,0.00,0.00,P,0.00,0.93,0.80,1.32,1.67,WARN_WARNING,0.00,,14.60,12.20,504,341.83,45.0,1,0,0.00,0.00,0.00,0.93,0.00,0.00,0,0,0.00,0
2026-04-25 13:59:37,367.48,0,0,0,0,0,0,0,0.00,1,0.00,0.00,0.00,0.00,0.00,P,0.00,0.94,0.80,1.32,1.67,WARN_WARNING,0.00,,14.30,12.20,504,342.84,45.0,1,0,0.00,0.00,0.00,0.94,0.00,0.00,0,0,0.00,0
2026-04-25 13:59:38,368.50,0,0,0,0,0,0,0,0.00,1,0.00,0.00,0.00,0.00,0.00,P,0.00,0.81,0.80,1.32,1.67,WARN_WARNING,0.00,,14.00,12.20,504,343.85,43.9,1,0,0.00,0.00,0.00,0.81,0.00,0.00,0,0,0.00,0
2026-04-25 13:59:39,369.61,0,0,0,0,0,0,0,0.00,1,0.00,0.00,0.00,0.00,0.00,P,0.00,0.93,0.80,1.32,1.67,WARN_WARNING,0.00,,14.80,12.20,504,344.97,43.9,1,0,0.00,0.00,0.00,0.93,0.00,0.00,0,0,0.00,0
2026-04-25 13:59:40,370.51,0,0,0,0,0,0,0,0.00,1,0.00,0.00,0.00,0.00,0.00,P,0.00,0.94,0.80,1.32,1.67,WARN_WARNING,0.00,,14.40,12.20,504,345.87,46.1,1,0,0.00,0.00,0.00,0.94,0.00,0.00,0,0,0.00,0
2026-04-25 13:59:41,371.52,0,0,0,0,0,0,0,0.00,1,0.00,0.00,0.00,0.00,0.00,P,0.00,0.95,0.80,1.31,1.67,WARN_WARNING,0.00,,16.70,12.20,504,346.88,45.0,1,0,0.00,0.00,0.00,0.95,0.00,0.00,0,0,0.00,0
2026-04-25 13:59:42,372.53,0,0,0,0,0,0,0,0.00,1,0.00,0.00,0.00,0.00,0.00,P,0.00,0.81,0.80,1.31,1.67,WARN_WARNING,0.00,,15.30,12.30,504,347.89,45.0,1,0,0.00,0.00,0.00,0.81,0.00,0.00,0,0,0.00,0
2026-04-25 13:59:43,373.54,0,0,0,0,0,0,0,0.00,1,0.00,0.00,0.00,0.00,0.00,P,0.00,0.80,0.80,1.31,1.67,WARN_WARNING,0.00,,17.10,12.20,504,348.90,43.9,1,0,0.00,0.00,0.00,0.80,0.00,0.00,0,0,0.00,0
2026-04-25 13:59:44,374.55,0,0,0,0,0,0,0,0.00,1,0.00,0.00,0.00,0.00,0.00,P,0.00,0.83,0.80,1.32,1.67,WARN_WARNING,0.00,,16.80,12.20,504,349.91,44.4,1,0,0.00,0.00,0.00,0.83,0.00,0.00,0,0,0.00,0
2026-04-25 13:59:45,375.55,0,0,0,0,0,0,0,0.00,1,0.00,0.00,0.00,0.00,0.00,P,0.00,0.93,0.80,1.31,1.66,WARN_WARNING,0.00,,15.30,12.20,504,350.91,45.5,1,0,0.00,0.00,0.00,0.93,0.00,0.00,0,0,0.00,0
2026-04-25 13:59:46,376.57,0,0,0,0,0,0,0,0.00,1,0.00,0.00,0.00,0.00,0.00,P,0.00,0.80,0.80,1.31,1.66,WARN_WARNING,0.00,,14.70,12.20,504,351.92,46.1,1,0,0.00,0.00,0.00,0.80,0.00,0.00,0,0,0.00,0
2026-04-25 13:59:47,377.58,0,0,0,0,0,0,0,0.00,1,0.00,0.00,0.00,0.00,0.00,P,0.00,0.93,0.80,1.32,1.66,WARN_WARNING,0.00,,14.90,12.30,504,352.94,44.4,1,0,0.00,0.00,0.00,0.93,0.00,0.00,0,0,0.00,0
2026-04-25 13:59:48,378.59,0,0,0,0,0,0,0,0.00,1,0.00,0.00,0.00,0.00,0.00,P,0.00,0.81,0.80,1.32,1.67,WARN_WARNING,0.00,,14.90,12.30,504,353.95,43.9,1,0,0.00,0.00,0.00,0.81,0.00,0.00,0,0,0.00,0
2026-04-25 13:59:49,379.71,0,0,0,0,0,0,0,0.00,1,0.00,0.00,0.00,0.00,0.00,P,0.00,0.93,0.80,1.32,1.67,WARN_WARNING,0.00,,16.20,12.30,504,355.06,45.5,1,0,0.00,0.00,0.00,0.93,0.00,0.00,0,0,0.00,0
2026-04-25 13:59:50,380.61,0,0,0,0,0,0,0,0.00,1,0.00,0.00,0.00,0.00,0.00,P,0.00,0.81,0.80,1.32,1.67,WARN_WARNING,0.00,,14.40,12.30,504,355.97,45.5,1,0,0.00,0.00,0.00,0.81,0.00,0.00,0,0,0.00,0
2026-04-25 13:59:51,381.62,0,0,0,0,0,0,0,0.00,1,0.00,0.00,0.00,0.00,0.00,P,0.00,0.93,0.80,1.31,1.67,WARN_WARNING,0.00,,16.40,12.30,504,356.98,45.5,1,0,0.00,0.00,0.00,0.93,0.00,0.00,0,0,0.00,0
2026-04-25 13:59:52,382.63,0,0,0,0,0,0,0,0.00,1,0.00,0.00,0.00,0.00,0.00,P,0.00,0.94,0.80,1.31,1.67,WARN_WARNING,0.00,,15.20,12.20,504,357.99,43.9,1,0,0.00,0.00,0.00,0.94,0.00,0.00,0,0,0.00,0
2026-04-25 13:59:53,383.75,0,0,0,0,0,0,0,0.00,1,0.00,0.00,0.00,0.00,0.00,P,0.00,0.82,0.80,1.31,1.67,WARN_WARNING,0.00,,14.70,12.20,504,359.10,44.4,1,0,0.00,0.00,0.00,0.82,0.00,0.00,0,0,0.00,0
2026-04-25 13:59:54,384.65,0,0,0,0,0,0,0,0.00,1,0.00,0.00,0.00,0.00,0.00,P,0.00,0.94,0.80,1.31,1.67,WARN_WARNING,0.00,,14.60,12.30,504,360.01,43.3,1,0,0.00,0.00,0.00,0.94,0.00,0.00,0,0,0.00,0
2026-04-25 13:59:55,385.66,0,0,0,0,0,0,0,0.00,1,0.00,0.00,0.00,0.00,0.00,P,0.00,0.93,0.80,0.64,1.67,WARN_WARNING,0.00,,13.60,12.20,504,361.02,44.4,1,0,0.00,0.00,0.00,0.93,0.00,0.00,0,0,0.00,0
2026-04-25 13:59:56,386.67,0,0,0,0,0,0,0,0.00,1,0.00,0.00,0.00,0.00,0.00,P,0.00,0.82,0.80,0.63,1.67,WARN_WARNING,0.00,,15.70,12.20,504,362.03,45.5,1,0,0.00,0.00,0.00,0.82,0.00,0.00,0,0,0.00,0
2026-04-25 13:59:57,387.68,0,0,0,0,0,0,0,0.00,1,0.00,0.00,0.00,0.00,0.00,P,0.00,0.93,0.80,0.63,1.66,WARN_WARNING,0.00,,16.00,12.20,504,363.04,44.4,1,0,0.00,0.00,0.00,0.93,0.00,0.00,0,0,0.00,0
2026-04-25 13:59:58,388.69,0,0,0,0,0,0,0,0.00,1,0.00,0.00,0.00,0.00,0.00,P,0.00,0.94,0.80,0.63,1.67,WARN_WARNING,0.00,,15.40,12.20,504,364.05,45.0,1,0,0.00,0.00,0.00,0.94,0.00,0.00,0,0,0.00,0
2026-04-25 13:59:59,389.81,0,0,0,0,0,0,0,0.00,1,0.00,0.00,0.00,0.00,0.00,P,0.00,0.93,0.80,0.65,1.67,WARN_WARNING,0.00,,17.80,12.20,504,365.16,43.3,1,0,0.00,0.00,0.00,0.93,0.00,0.00,0,0,0.00,0
2026-04-25 14:00:00,390.71,0,0,0,0,0,0,0,0.00,1,0.00,0.00,0.00,0.00,0.00,P,0.00,0.81,0.80,0.63,1.67,WARN_WARNING,0.00,,14.10,12.20,504,366.07,44.4,1,0,0.00,0.00,0.00,0.81,0.00,0.00,0,0,0.00,0
2026-04-25 14:00:01,391.82,0,0,0,0,0,0,0,0.00,1,0.00,0.00,0.00,0.00,0.00,P,0.00,0.80,0.80,0.62,1.67,WARN_WARNING,0.00,,14.10,12.20,504,367.18,45.0,1,0,0.00,0.00,0.00,0.80,0.00,0.00,0,0,0.00,0
2026-04-25 14:00:02,392.83,0,0,0,0,0,0,0,0.00,1,0.00,0.00,0.00,0.00,0.00,P,0.00,0.93,0.80,0.62,1.67,WARN_WARNING,0.00,,14.40,12.20,504,368.18,46.1,1,0,0.00,0.00,0.00,0.93,0.00,0.00,0,0,0.00,0
2026-04-25 14:00:03,393.73,0,0,0,0,0,0,0,0.00,1,0.00,0.00,0.00,0.00,0.00,P,0.00,0.80,0.80,0.62,1.67,WARN_WARNING,0.00,,13.50,12.20,504,369.09,45.0,1,0,0.00,0.00,0.00,0.80,0.00,0.00,0,0,0.00,0
2026-04-25 14:00:04,394.74,0,0,0,0,0,0,0,0.00,1,0.00,0.00,0.00,0.00,0.00,P,0.00,0.81,0.80,0.62,1.67,WARN_WARNING,0.00,,13.90,12.20,504,370.10,45.0,1,0,0.00,0.00,0.00,0.81,0.00,0.00,0,0,0.00,0
2026-04-25 14:00:05,395.75,0,0,0,0,0,0,0,0.00,1,0.00,0.00,0.00,0.00,0.00,P,0.00,0.94,0.80,0.62,1.67,WARN_WARNING,0.00,,15.60,12.20,504,371.11,45.0,1,0,0.00,0.00,0.00,0.94,0.00,0.00,0,0,0.00,0
2026-04-25 14:00:06,396.75,0,0,0,0,0,0,0,0.00,1,0.00,0.00,0.00,0.00,0.00,P,0.00,0.80,0.80,0.62,1.67,WARN_WARNING,0.00,,16.20,12.20,504,372.11,45.5,1,0,0.00,0.00,0.00,0.80,0.00,0.00,0,0,0.00,0
2026-04-25 14:00:07,397.76,0,0,0,0,0,0,0,0.00,1,0.00,0.00,0.00,0.00,0.00,P,0.00,0.93,0.80,0.62,1.67,WARN_WARNING,0.00,,13.70,12.20,504,373.12,45.0,1,0,0.00,0.00,0.00,0.93,0.00,0.00,0,0,0.00,0
2026-04-25 14:00:08,398.77,0,0,0,0,0,0,0,0.00,1,0.00,0.00,0.00,0.00,0.00,P,0.00,0.80,0.80,1.31,1.67,WARN_WARNING,0.00,,15.30,12.20,504,374.13,45.5,1,0,0.00,0.00,0.00,0.80,0.00,0.00,0,0,0.00,0
2026-04-25 14:00:09,399.78,0,0,0,0,0,0,0,0.00,1,0.00,0.00,0.00,0.00,0.00,P,0.00,0.81,0.80,1.32,1.67,WARN_WARNING,0.00,,14.40,12.20,504,375.14,46.1,1,0,0.00,0.00,0.00,0.81,0.00,0.00,0,0,0.00,0
2026-04-25 14:00:10,400.79,0,0,0,0,0,0,0,0.00,1,0.00,0.00,0.00,0.00,0.00,P,0.00,0.93,0.80,1.32,1.67,WARN_WARNING,0.00,,12.90,12.20,504,376.15,46.6,1,0,0.00,0.00,0.00,0.93,0.00,0.00,0,0,0.00,0
2026-04-25 14:00:11,401.81,0,0,0,0,0,0,0,0.00,1,0.00,0.00,0.00,0.00,0.00,P,0.00,0.93,0.80,1.32,1.67,WARN_WARNING,0.00,,13.60,12.20,504,377.16,46.6,1,0,0.00,0.00,0.00,0.93,0.00,0.00,0,0,0.00,0
2026-04-25 14:00:12,402.82,0,0,0,0,0,0,0,0.00,1,0.00,0.00,0.00,0.00,0.00,P,0.00,0.81,0.80,1.32,1.67,WARN_WARNING,0.00,,13.80,12.20,504,378.17,47.2,1,0,0.00,0.00,0.00,0.81,0.00,0.00,0,0,0.00,0
2026-04-25 14:00:13,403.83,0,0,0,0,0,0,0,0.00,1,0.00,0.00,0.00,0.00,0.00,P,0.00,0.81,0.80,1.31,1.67,WARN_WARNING,0.00,,11.60,12.20,504,379.18,45.0,1,0,0.00,0.00,0.00,0.81,0.00,0.00,0,0,0.00,0
2026-04-25 14:00:14,404.84,0,0,0,0,0,0,0,0.00,1,0.00,0.00,0.00,0.00,0.00,P,0.00,0.80,0.80,1.31,1.67,WARN_WARNING,0.00,,15.70,12.20,504,380.20,46.6,1,0,0.00,0.00,0.00,0.80,0.00,0.00,0,0,0.00,0
2026-04-25 14:00:15,405.85,0,0,0,0,0,0,0,0.00,1,0.00,0.00,0.00,0.00,0.00,P,0.00,0.94,0.80,1.31,1.67,WARN_WARNING,0.00,,15.10,12.20,504,381.21,45.5,1,0,0.00,0.00,0.00,0.94,0.00,0.00,0,0,0.00,0
2026-04-25 14:00:16,406.86,0,0,0,0,0,0,0,0.00,1,0.00,0.00,0.00,0.00,0.00,P,0.00,0.94,0.80,1.31,1.67,WARN_WARNING,0.00,,15.30,12.20,504,382.22,45.5,1,0,0.00,0.00,0.00,0.94,0.00,0.00,0,0,0.00,0
2026-04-25 14:00:18,407.88,0,0,0,0,0,0,0,0.00,1,0.00,0.00,0.00,0.00,0.00,P,0.00,0.93,0.80,0.63,1.67,WARN_WARNING,0.00,,15.10,12.20,504,383.23,46.6,1,0,0.00,0.00,0.00,0.93,0.00,0.00,0,0,0.00,0
2026-04-25 14:00:19,408.89,0,0,0,0,0,0,0,0.00,1,0.00,0.00,0.00,0.00,0.00,P,0.00,0.94,0.80,1.32,1.67,WARN_WARNING,0.00,,15.70,12.20,504,384.24,46.1,1,0,0.00,0.00,0.00,0.94,0.00,0.00,0,0,0.00,0
2026-04-25 14:00:20,409.90,0,0,0,0,0,0,0,0.00,1,0.00,0.00,0.00,0.00,0.00,P,0.00,0.82,0.80,1.32,1.67,WARN_WARNING,0.00,,15.10,12.20,504,385.26,44.4,1,0,0.00,0.00,0.00,0.82,0.00,0.00,0,0,0.00,0
2026-04-25 14:00:21,410.91,0,0,0,0,0,0,0,0.00,1,0.00,0.00,0.00,0.00,0.00,P,0.00,0.93,0.80,1.32,1.67,WARN_WARNING,0.00,,14.70,12.20,504,386.27,45.5,1,0,0.00,0.00,0.00,0.93,0.00,0.00,0,0,0.00,0
2026-04-25 14:00:22,412.02,0,0,0,0,0,0,0,0.00,1,0.00,0.00,0.00,0.00,0.00,P,0.00,0.93,0.80,1.32,1.67,WARN_WARNING,0.00,,13.80,12.20,504,387.38,46.1,1,0,0.00,0.00,0.00,0.93,0.00,0.00,0,0,0.00,0
2026-04-25 14:00:23,412.93,0,0,0,0,0,0,0,0.00,1,0.00,0.00,0.00,0.00,0.00,P,0.00,0.95,0.80,1.32,1.67,WARN_WARNING,0.00,,14.60,12.20,504,388.28,46.1,1,0,0.00,0.00,0.00,0.95,0.00,0.00,0,0,0.00,0
2026-04-25 14:00:24,414.04,0,0,0,0,0,0,0,0.00,1,0.00,0.00,0.00,0.00,0.00,P,0.00,0.81,0.80,1.32,1.67,WARN_WARNING,0.00,,14.00,12.20,504,389.39,45.5,1,0,0.00,0.00,0.00,0.81,0.00,0.00,0,0,0.00,0
2026-04-25 14:00:25,414.94,0,0,0,0,0,0,0,0.00,1,0.00,0.00,0.00,0.00,0.00,P,0.00,0.93,0.80,1.32,1.67,WARN_WARNING,0.00,,13.70,12.20,504,390.30,46.1,1,0,0.00,0.00,0.00,0.93,0.00,0.00,0,0,0.00,0
2026-04-25 14:00:26,416.05,0,0,0,0,0,0,0,0.00,1,0.00,0.00,0.00,0.00,0.00,P,0.00,0.93,0.80,1.31,1.67,WARN_WARNING,0.00,,17.60,12.20,504,391.41,46.1,1,0,0.00,0.00,0.00,0.93,0.00,0.00,0,0,0.00,0
2026-04-25 14:00:27,416.96,0,0,0,0,0,0,0,0.00,1,0.00,0.00,0.00,0.00,0.00,P,0.00,0.93,0.80,1.32,1.67,WARN_WARNING,0.00,,16.70,12.20,504,392.31,44.4,1,0,0.00,0.00,0.00,0.93,0.00,0.00,0,0,0.00,0
2026-04-25 14:00:28,417.96,0,0,0,0,0,0,0,0.00,1,0.00,0.00,0.00,0.00,0.00,P,0.00,0.81,0.80,1.32,1.67,WARN_WARNING,0.00,,17.90,12.20,504,393.32,45.0,1,0,0.00,0.00,0.00,0.81,0.00,0.00,0,0,0.00,0
2026-04-25 14:00:29,418.97,0,0,0,0,0,0,0,0.00,1,0.00,0.00,0.00,0.00,0.00,P,0.00,0.94,0.80,1.31,1.67,WARN_WARNING,0.00,,15.10,12.20,504,394.33,45.5,1,0,0.00,0.00,0.00,0.94,0.00,0.00,0,0,0.00,0
2026-04-25 14:00:30,419.99,0,0,0,0,0,0,0,0.00,1,0.00,0.00,0.00,0.00,0.00,P,0.00,0.94,0.80,1.32,1.67,WARN_WARNING,0.00,,14.90,12.20,504,395.34,45.5,1,0,0.00,0.00,0.00,0.94,0.00,0.00,0,0,0.00,0
2026-04-25 14:00:31,420.99,0,0,0,0,0,0,0,0.00,1,0.00,0.00,0.00,0.00,0.00,P,0.00,0.93,0.80,1.32,1.67,WARN_WARNING,0.00,,14.80,12.20,504,396.35,45.5,1,0,0.00,0.00,0.00,0.93,0.00,0.00,0,0,0.00,0
2026-04-25 14:00:32,422.10,0,0,0,0,0,0,0,0.00,1,0.00,0.00,0.00,0.00,0.00,P,0.00,0.95,0.80,1.31,1.67,WARN_WARNING,0.00,,13.80,12.20,504,397.46,46.1,1,0,0.00,0.00,0.00,0.95,0.00,0.00,0,0,0.00,0
2026-04-25 14:00:33,423.01,0,0,0,0,0,0,0,0.00,1,0.00,0.00,0.00,0.00,0.00,P,0.00,0.93,0.80,1.31,1.67,WARN_WARNING,0.00,,14.10,12.20,504,398.36,45.0,1,0,0.00,0.00,0.00,0.93,0.00,0.00,0,0,0.00,0
2026-04-25 14:00:34,424.02,0,0,0,0,0,0,0,0.00,1,0.00,0.00,0.00,0.00,0.00,P,0.00,0.93,0.80,1.31,1.67,WARN_WARNING,0.00,,14.20,12.20,504,399.38,45.5,1,0,0.00,0.00,0.00,0.93,0.00,0.00,0,0,0.00,0
2026-04-25 14:00:35,425.03,0,0,0,0,0,0,0,0.00,1,0.00,0.00,0.00,0.00,0.00,P,0.00,0.81,0.80,1.31,1.67,WARN_WARNING,0.00,,15.50,12.20,504,400.39,45.0,1,0,0.00,0.00,0.00,0.81,0.00,0.00,0,0,0.00,0
2026-04-25 14:00:36,426.05,0,0,0,0,0,0,0,0.00,1,0.00,0.00,0.00,0.00,0.00,P,0.00,0.80,0.80,1.31,1.67,WARN_WARNING,0.00,,14.90,12.20,504,401.40,46.1,1,0,0.00,0.00,0.00,0.80,0.00,0.00,0,0,0.00,0
2026-04-25 14:00:37,427.06,0,0,0,0,0,0,0,0.00,1,0.00,0.00,0.00,0.00,0.00,P,0.00,0.82,0.80,1.31,1.67,WARN_WARNING,0.00,,13.80,12.20,504,402.42,45.0,1,0,0.00,0.00,0.00,0.82,0.00,0.00,0,0,0.00,0
2026-04-25 14:00:38,428.06,0,0,0,0,0,0,0,0.00,1,0.00,0.00,0.00,0.00,0.00,P,0.00,0.95,0.80,1.31,1.67,WARN_WARNING,0.00,,14.60,12.20,504,403.42,45.0,1,0,0.00,0.00,0.00,0.95,0.00,0.00,0,0,0.00,0
2026-04-25 14:00:39,429.06,0,0,0,0,0,0,0,0.00,1,0.00,0.00,0.00,0.00,0.00,P,0.00,0.93,0.80,1.31,1.67,WARN_WARNING,0.00,,15.50,12.20,504,404.42,45.5,1,0,0.00,0.00,0.00,0.93,0.00,0.00,0,0,0.00,0
2026-04-25 14:00:40,430.07,0,0,0,0,0,0,0,0.00,1,0.00,0.00,0.00,0.00,0.00,P,0.00,0.95,0.80,1.32,1.67,WARN_WARNING,0.00,,14.70,12.20,504,405.43,46.1,1,0,0.00,0.00,0.00,0.95,0.00,0.00,0,0,0.00,0
2026-04-25 14:00:41,431.07,0,0,0,0,0,0,0,0.00,1,0.00,0.00,0.00,0.00,0.00,P,0.00,0.95,0.80,1.32,1.67,WARN_WARNING,0.00,,16.10,12.20,504,406.43,45.5,1,0,0.00,0.00,0.00,0.95,0.00,0.00,0,0,0.00,0
2026-04-25 14:00:42,432.08,0,0,0,0,0,0,0,0.00,1,0.00,0.00,0.00,0.00,0.00,P,0.00,0.94,0.80,1.32,1.67,WARN_WARNING,0.00,,15.20,12.20,504,407.44,45.0,1,0,0.00,0.00,0.00,0.94,0.00,0.00,0,0,0.00,0
2026-04-25 14:00:43,433.10,0,0,0,0,0,0,0,0.00,1,0.00,0.00,0.00,0.00,0.00,P,0.00,0.80,0.80,1.32,1.67,WARN_WARNING,0.00,,13.60,12.20,504,408.45,46.6,1,0,0.00,0.00,0.00,0.80,0.00,0.00,0,0,0.00,0
2026-04-25 14:00:44,434.11,0,0,0,0,0,0,0,0.00,1,0.00,0.00,0.00,0.00,0.00,P,0.00,0.80,0.80,1.32,1.67,WARN_WARNING,0.00,,15.40,12.20,504,409.46,43.9,1,0,0.00,0.00,0.00,0.80,0.00,0.00,0,0,0.00,0
2026-04-25 14:00:45,435.12,0,0,0,0,0,0,0,0.00,1,0.00,0.00,0.00,0.00,0.00,P,0.00,0.93,0.80,1.31,1.66,WARN_WARNING,0.00,,14.10,12.20,504,410.47,45.5,1,0,0.00,0.00,0.00,0.93,0.00,0.00,0,0,0.00,0
2026-04-25 14:00:46,436.23,0,0,0,0,0,0,0,0.00,1,0.00,0.00,0.00,0.00,0.00,P,0.00,0.93,0.80,1.31,1.67,WARN_WARNING,0.00,,14.50,12.20,504,411.59,46.1,1,0,0.00,0.00,0.00,0.93,0.00,0.00,0,0,0.00,0
2026-04-25 14:00:47,437.13,0,0,0,0,0,0,0,0.00,1,0.00,0.00,0.00,0.00,0.00,P,0.00,0.93,0.80,1.32,1.67,WARN_WARNING,0.00,,15.10,12.20,504,412.49,45.5,1,0,0.00,0.00,0.00,0.93,0.00,0.00,0,0,0.00,0
2026-04-25 14:00:48,438.14,0,0,0,0,0,0,0,0.00,1,0.00,0.00,0.00,0.00,0.00,P,0.00,0.93,0.80,1.32,1.67,WARN_WARNING,0.00,,15.90,12.20,504,413.50,44.4,1,0,0.00,0.00,0.00,0.93,0.00,0.00,0,0,0.00,0
2026-04-25 14:00:49,439.15,0,0,0,0,0,0,0,0.00,1,0.00,0.00,0.00,0.00,0.00,P,0.00,0.94,0.80,1.32,1.67,WARN_WARNING,0.00,,15.10,12.20,504,414.50,43.9,1,0,0.00,0.00,0.00,0.94,0.00,0.00,0,0,0.00,0
2026-04-25 14:00:50,440.16,0,0,0,0,0,0,0,0.00,1,0.00,0.00,0.00,0.00,0.00,P,0.00,0.82,0.80,1.32,1.67,WARN_WARNING,0.00,,15.20,12.20,504,415.51,45.0,1,0,0.00,0.00,0.00,0.82,0.00,0.00,0,0,0.00,0
2026-04-25 14:00:51,441.17,0,0,0,0,0,0,0,0.00,1,0.00,0.00,0.00,0.00,0.00,P,0.00,0.81,0.80,1.32,1.67,WARN_WARNING,0.00,,15.20,12.20,504,416.52,44.4,1,0,0.00,0.00,0.00,0.81,0.00,0.00,0,0,0.00,0
2026-04-25 14:00:52,442.28,0,0,0,0,0,0,0,0.00,1,0.00,0.00,0.00,0.00,0.00,P,0.00,0.93,0.80,0.64,1.67,WARN_WARNING,0.00,,14.70,12.20,504,417.63,45.0,1,0,0.00,0.00,0.00,0.93,0.00,0.00,0,0,0.00,0
2026-04-25 14:00:53,443.18,0,0,0,0,0,0,0,0.00,1,0.00,0.00,0.00,0.00,0.00,P,0.00,0.94,0.80,0.63,1.67,WARN_WARNING,0.00,,13.90,12.20,504,418.54,45.5,1,0,0.00,0.00,0.00,0.94,0.00,0.00,0,0,0.00,0
2026-04-25 14:00:54,444.20,0,0,0,0,0,0,0,0.00,1,0.00,0.00,0.00,0.00,0.00,P,0.00,0.95,0.80,0.64,1.67,WARN_WARNING,0.00,,14.20,12.20,504,419.55,44.4,1,0,0.00,0.00,0.00,0.95,0.00,0.00,0,0,0.00,0
2026-04-25 14:00:55,445.21,0,0,0,0,0,0,0,0.00,1,0.00,0.00,0.00,0.00,0.00,P,0.00,0.93,0.80,0.63,1.67,WARN_WARNING,0.00,,14.50,12.20,504,420.57,45.0,1,0,0.00,0.00,0.00,0.93,0.00,0.00,0,0,0.00,0
2026-04-25 14:00:56,446.23,0,0,0,0,0,0,0,0.00,1,0.00,0.00,0.00,0.00,0.00,P,0.00,0.93,0.80,0.64,1.67,WARN_WARNING,0.00,,13.80,12.20,504,421.58,43.9,1,0,0.00,0.00,0.00,0.93,0.00,0.00,0,0,0.00,0
2026-04-25 14:00:57,447.23,0,0,0,0,0,0,0,0.00,1,0.00,0.00,0.00,0.00,0.00,P,0.00,0.93,0.80,0.64,1.67,WARN_WARNING,0.00,,14.30,12.20,504,422.59,45.0,1,0,0.00,0.00,0.00,0.93,0.00,0.00,0,0,0.00,0
2026-04-25 14:00:58,448.25,0,0,0,0,0,0,0,0.00,1,0.00,0.00,0.00,0.00,0.00,P,0.00,0.93,0.80,0.64,1.67,WARN_WARNING,0.00,,15.80,12.20,504,423.60,43.9,1,0,0.00,0.00,0.00,0.93,0.00,0.00,0,0,0.00,0
2026-04-25 14:00:59,449.26,0,0,0,0,0,0,0,0.00,1,0.00,0.00,0.00,0.00,0.00,P,0.00,0.94,0.80,0.63,1.67,WARN_WARNING,0.00,,16.20,12.20,504,424.61,45.0,1,0,0.00,0.00,0.00,0.94,0.00,0.00,0,0,0.00,0
2026-04-25 14:01:00,450.27,0,0,0,0,0,0,0,0.00,1,0.00,0.00,0.00,0.00,0.00,P,0.00,0.93,0.80,0.63,1.67,WARN_WARNING,0.00,,14.50,12.20,504,425.63,45.0,1,0,0.00,0.00,0.00,0.93,0.00,0.00,0,0,0.00,0
2026-04-25 14:01:01,451.27,0,0,0,0,0,0,0,0.00,1,0.00,0.00,0.00,0.00,0.00,P,0.00,0.81,0.80,1.31,1.67,WARN_WARNING,0.00,,13.00,12.20,504,426.63,46.1,1,0,0.00,0.00,0.00,0.81,0.00,0.00,0,0,0.00,0
2026-04-25 14:01:02,452.28,0,0,0,0,0,0,0,0.00,1,0.00,0.00,0.00,0.00,0.00,P,0.00,0.95,0.80,0.64,1.67,WARN_WARNING,0.00,,14.90,12.20,504,427.64,44.4,1,0,0.00,0.00,0.00,0.95,0.00,0.00,0,0,0.00,0
2026-04-25 14:01:03,453.29,0,0,0,0,0,0,0,0.00,1,0.00,0.00,0.00,0.00,0.00,P,0.00,0.93,0.80,0.64,1.67,WARN_WARNING,0.00,,16.00,12.20,504,428.65,44.4,1,0,0.00,0.00,0.00,0.93,0.00,0.00,0,0,0.00,0
2026-04-25 14:01:04,454.31,0,0,0,0,0,0,0,0.00,1,0.00,0.00,0.00,0.00,0.00,P,0.00,0.93,0.80,0.64,1.67,WARN_WARNING,0.00,,15.30,12.10,504,429.66,45.5,1,0,0.00,0.00,0.00,0.93,0.00,0.00,0,0,0.00,0
2026-04-25 14:01:05,455.32,0,0,0,0,0,0,0,0.00,1,0.00,0.00,0.00,0.00,0.00,P,0.00,0.93,0.80,0.64,1.67,WARN_WARNING,0.00,,15.20,12.20,504,430.68,46.6,1,0,0.00,0.00,0.00,0.93,0.00,0.00,0,0,0.00,0
2026-04-25 14:01:06,456.33,0,0,0,0,0,0,0,0.00,1,0.00,0.00,0.00,0.00,0.00,P,0.00,0.95,0.80,0.64,1.67,WARN_WARNING,0.00,,14.90,12.20,504,431.69,45.0,1,0,0.00,0.00,0.00,0.95,0.00,0.00,0,0,0.00,0
2026-04-25 14:01:07,457.35,0,0,0,0,0,0,0,0.00,1,0.00,0.00,0.00,0.00,0.00,P,0.00,0.93,0.80,0.63,1.67,WARN_WARNING,0.00,,14.50,12.20,504,432.70,45.5,1,0,0.00,0.00,0.00,0.93,0.00,0.00,0,0,0.00,0
2026-04-25 14:01:08,458.36,0,0,0,0,0,0,0,0.00,1,0.00,0.00,0.00,0.00,0.00,P,0.00,0.83,0.80,1.31,1.67,WARN_WARNING,0.00,,16.00,12.20,504,433.71,45.0,1,0,0.00,0.00,0.00,0.83,0.00,0.00,0,0,0.00,0
2026-04-25 14:01:09,459.37,0,0,0,0,0,0,0,0.00,1,0.00,0.00,0.00,0.00,0.00,P,0.00,0.93,0.80,1.31,1.67,WARN_WARNING,0.00,,14.70,12.20,504,434.73,46.1,1,0,0.00,0.00,0.00,0.93,0.00,0.00,0,0,0.00,0
2026-04-25 14:01:10,460.38,0,0,0,0,0,0,0,0.00,1,0.00,0.00,0.00,0.00,0.00,P,0.00,0.80,0.80,1.32,1.67,WARN_WARNING,0.00,,13.20,12.20,504,435.73,45.5,1,0,0.00,0.00,0.00,0.80,0.00,0.00,0,0,0.00,0
2026-04-25 14:01:11,461.39,0,0,0,0,0,0,0,0.00,1,0.00,0.00,0.00,0.00,0.00,P,0.00,0.93,0.80,1.31,1.67,WARN_WARNING,0.00,,15.70,12.20,504,436.75,45.0,1,0,0.00,0.00,0.00,0.93,0.00,0.00,0,0,0.00,0
2026-04-25 14:01:12,462.40,0,0,0,0,0,0,0,0.00,1,0.00,0.00,0.00,0.00,0.00,P,0.00,0.93,0.80,1.32,1.67,WARN_WARNING,0.00,,16.50,12.20,504,437.76,47.2,1,0,0.00,0.00,0.00,0.93,0.00,0.00,0,0,0.00,0
2026-04-25 14:01:13,463.41,0,0,0,0,0,0,0,0.00,1,0.00,0.00,0.00,0.00,0.00,P,0.00,0.93,0.80,1.31,1.67,WARN_WARNING,0.00,,14.50,12.20,504,438.77,46.1,1,0,0.00,0.00,0.00,0.93,0.00,0.00,0,0,0.00,0
2026-04-25 14:01:14,464.41,0,0,0,0,0,0,0,0.00,1,0.00,0.00,0.00,0.00,0.00,P,0.00,0.93,0.80,1.31,1.67,WARN_WARNING,0.00,,14.20,12.20,504,439.77,46.6,1,0,0.00,0.00,0.00,0.93,0.00,0.00,0,0,0.00,0
2026-04-25 14:01:15,465.42,0,0,0,0,0,0,0,0.00,1,0.00,0.00,0.00,0.00,0.00,P,0.00,0.81,0.80,1.31,1.67,WARN_WARNING,0.00,,13.90,12.20,504,440.78,47.2,1,0,0.00,0.00,0.00,0.81,0.00,0.00,0,0,0.00,0
2026-04-25 14:01:16,466.44,0,0,0,0,0,0,0,0.00,1,0.00,0.00,0.00,0.00,0.00,P,0.00,0.80,0.80,1.32,1.67,WARN_WARNING,0.00,,17.20,12.20,504,441.79,45.5,1,0,0.00,0.00,0.00,0.80,0.00,0.00,0,0,0.00,0
2026-04-25 14:01:17,467.45,0,0,0,0,0,0,0,0.00,1,0.00,0.00,0.00,0.00,0.00,P,0.00,0.92,0.80,1.32,1.67,WARN_WARNING,0.00,,14.10,12.20,504,442.80,45.5,1,0,0.00,0.00,0.00,0.92,0.00,0.00,0,0,0.00,0
2026-04-25 14:01:18,468.56,0,0,0,0,0,0,0,0.00,1,0.00,0.00,0.00,0.00,0.00,P,0.00,0.94,0.80,1.32,1.67,WARN_WARNING,0.00,,14.50,12.20,504,443.92,46.1,1,0,0.00,0.00,0.00,0.94,0.00,0.00,0,0,0.00,0
2026-04-25 14:01:19,469.47,0,0,0,0,0,0,0,0.00,1,0.00,0.00,0.00,0.00,0.00,P,0.00,0.92,0.80,0.64,1.67,WARN_WARNING,0.00,,15.00,12.20,504,444.82,46.6,1,0,0.00,0.00,0.00,0.92,0.00,0.00,0,0,0.00,0
2026-04-25 14:01:20,470.48,0,0,0,0,0,0,0,0.00,1,0.00,0.00,0.00,0.00,0.00,P,0.00,0.93,0.80,1.32,1.67,WARN_WARNING,0.00,,15.80,12.20,504,445.83,44.4,1,0,0.00,0.00,0.00,0.93,0.00,0.00,0,0,0.00,0
2026-04-25 14:01:21,471.48,0,0,0,0,0,0,0,0.00,1,0.00,0.00,0.00,0.00,0.00,P,0.00,0.93,0.80,1.32,1.67,WARN_WARNING,0.00,,15.50,12.20,504,446.83,43.9,1,0,0.00,0.00,0.00,0.93,0.00,0.00,0,0,0.00,0
2026-04-25 14:01:22,472.59,0,0,0,0,0,0,0,0.00,1,0.00,0.00,0.00,0.00,0.00,P,0.00,0.82,0.80,1.32,1.67,WARN_WARNING,0.00,,15.00,12.30,504,447.95,46.6,1,0,0.00,0.00,0.00,0.82,0.00,0.00,0,0,0.00,0
2026-04-25 14:01:23,473.49,0,0,0,0,0,0,0,0.00,1,0.00,0.00,0.00,0.00,0.00,P,0.00,0.81,0.80,1.32,1.67,WARN_WARNING,0.00,,15.90,12.20,504,448.85,45.0,1,0,0.00,0.00,0.00,0.81,0.00,0.00,0,0,0.00,0
2026-04-25 14:01:24,474.51,0,0,0,0,0,0,0,0.00,1,0.00,0.00,0.00,0.00,0.00,P,0.00,0.81,0.80,1.32,1.67,WARN_WARNING,0.00,,14.60,12.20,504,449.86,45.5,1,0,0.00,0.00,0.00,0.81,0.00,0.00,0,0,0.00,0
2026-04-25 14:01:25,475.52,0,0,0,0,0,0,0,0.00,1,0.00,0.00,0.00,0.00,0.00,P,0.00,0.93,0.80,0.64,1.67,WARN_WARNING,0.00,,12.20,12.20,504,450.88,46.1,1,0,0.00,0.00,0.00,0.93,0.00,0.00,0,0,0.00,0
2026-04-25 14:01:26,476.53,0,0,0,0,0,0,0,0.00,1,0.00,0.00,0.00,0.00,0.00,P,0.00,0.82,0.80,1.32,1.67,WARN_WARNING,0.00,,13.50,12.20,504,451.89,46.6,1,0,0.00,0.00,0.00,0.82,0.00,0.00,0,0,0.00,0
2026-04-25 14:01:27,477.55,0,0,0,0,0,0,0,0.00,1,0.00,0.00,0.00,0.00,0.00,P,0.00,0.81,0.80,0.64,1.67,WARN_WARNING,0.00,,12.80,12.20,504,452.90,47.2,1,0,0.00,0.00,0.00,0.81,0.00,0.00,0,0,0.00,0
2026-04-25 14:01:28,478.66,0,0,0,0,0,0,0,0.00,1,0.00,0.00,0.00,0.00,0.00,P,0.00,0.93,0.80,1.31,1.67,WARN_WARNING,0.00,,13.10,12.20,504,454.01,45.5,1,0,0.00,0.00,0.00,0.93,0.00,0.00,0,0,0.00,0
2026-04-25 14:01:29,479.56,0,0,0,0,0,0,0,0.00,1,0.00,0.00,0.00,0.00,0.00,P,0.00,0.92,0.80,1.31,1.67,WARN_WARNING,0.00,,13.90,12.20,504,454.92,46.6,1,0,0.00,0.00,0.00,0.92,0.00,0.00,0,0,0.00,0
2026-04-25 14:01:30,480.57,0,0,0,0,0,0,0,0.00,1,0.00,0.00,0.00,0.00,0.00,P,0.00,0.93,0.80,1.32,1.67,WARN_WARNING,0.00,,13.80,12.20,504,455.93,46.1,1,0,0.00,0.00,0.00,0.93,0.00,0.00,0,0,0.00,0
2026-04-25 14:01:31,481.58,0,0,0,0,0,0,0,0.00,1,0.00,0.00,0.00,0.00,0.00,P,0.00,0.82,0.80,1.31,1.67,WARN_WARNING,0.00,,14.80,12.20,504,456.94,46.1,1,0,0.00,0.00,0.00,0.82,0.00,0.00,0,0,0.00,0
2026-04-25 14:01:32,482.58,0,0,0,0,0,0,0,0.00,1,0.00,0.00,0.00,0.00,0.00,P,0.00,0.93,0.80,1.32,1.67,WARN_WARNING,0.00,,15.30,12.20,504,457.94,46.1,1,0,0.00,0.00,0.00,0.93,0.00,0.00,0,0,0.00,0
2026-04-25 14:01:33,483.59,0,0,0,0,0,0,0,0.00,1,0.00,0.00,0.00,0.00,0.00,P,0.00,0.94,0.80,1.32,1.67,WARN_WARNING,0.00,,14.90,12.20,504,458.95,47.2,1,0,0.00,0.00,0.00,0.94,0.00,0.00,0,0,0.00,0
2026-04-25 14:01:34,484.71,0,0,0,0,0,0,0,0.00,1,0.00,0.00,0.00,0.00,0.00,P,0.00,0.93,0.80,1.32,1.67,WARN_WARNING,0.00,,15.10,12.20,504,460.06,45.0,1,0,0.00,0.00,0.00,0.93,0.00,0.00,0,0,0.00,0
2026-04-25 14:01:35,485.61,0,0,0,0,0,0,0,0.00,1,0.00,0.00,0.00,0.00,0.00,P,0.00,0.93,0.80,1.31,1.67,WARN_WARNING,0.00,,13.60,12.20,504,460.97,44.4,1,0,0.00,0.00,0.00,0.93,0.00,0.00,0,0,0.00,0
2026-04-25 14:01:36,486.72,0,0,0,0,0,0,0,0.00,1,0.00,0.00,0.00,0.00,0.00,P,0.00,0.93,0.80,1.32,1.67,WARN_WARNING,0.00,,16.20,12.20,504,462.08,45.5,1,0,0.00,0.00,0.00,0.93,0.00,0.00,0,0,0.00,0
2026-04-25 14:01:37,487.62,0,0,0,0,0,0,0,0.00,1,0.00,0.00,0.00,0.00,0.00,P,0.00,0.93,0.80,1.32,1.67,WARN_WARNING,0.00,,17.00,12.20,504,462.98,46.1,1,0,0.00,0.00,0.00,0.93,0.00,0.00,0,0,0.00,0
2026-04-25 14:01:38,488.62,0,0,0,0,0,0,0,0.00,1,0.00,0.00,0.00,0.00,0.00,P,0.00,0.92,0.80,1.32,1.67,WARN_WARNING,0.00,,15.50,12.20,504,463.98,45.5,1,0,0.00,0.00,0.00,0.92,0.00,0.00,0,0,0.00,0
2026-04-25 14:01:39,489.64,0,0,0,0,0,0,0,0.00,1,0.00,0.00,0.00,0.00,0.00,P,0.00,0.80,0.80,1.31,1.67,WARN_WARNING,0.00,,15.20,12.20,504,464.99,46.1,1,0,0.00,0.00,0.00,0.80,0.00,0.00,0,0,0.00,0
2026-04-25 14:01:40,490.75,0,0,0,0,0,0,0,0.00,1,0.00,0.00,0.00,0.00,0.00,P,0.00,0.81,0.80,1.32,1.67,WARN_WARNING,0.00,,13.80,12.20,504,466.10,46.1,1,0,0.00,0.00,0.00,0.81,0.00,0.00,0,0,0.00,0
2026-04-25 14:01:41,491.65,0,0,0,0,0,0,0,0.00,1,0.00,0.00,0.00,0.00,0.00,P,0.00,0.80,0.80,1.32,1.67,WARN_WARNING,0.00,,15.20,12.20,504,467.01,46.1,1,0,0.00,0.00,0.00,0.80,0.00,0.00,0,0,0.00,0
2026-04-25 14:01:42,492.66,0,0,0,0,0,0,0,0.00,1,0.00,0.00,0.00,0.00,0.00,P,0.00,0.94,0.80,1.32,1.67,WARN_WARNING,0.00,,13.60,12.20,504,468.02,46.1,1,0,0.00,0.00,0.00,0.94,0.00,0.00,0,0,0.00,0
2026-04-25 14:01:43,493.68,0,0,0,0,0,0,0,0.00,1,0.00,0.00,0.00,0.00,0.00,P,0.00,0.82,0.80,1.32,1.67,WARN_WARNING,0.00,,13.80,12.20,504,469.03,46.1,1,0,0.00,0.00,0.00,0.82,0.00,0.00,0,0,0.00,0
2026-04-25 14:01:44,494.69,0,0,0,0,0,0,0,0.00,1,0.00,0.00,0.00,0.00,0.00,P,0.00,0.81,0.80,1.32,1.67,WARN_WARNING,0.00,,15.70,12.20,504,470.04,46.1,1,0,0.00,0.00,0.00,0.81,0.00,0.00,0,0,0.00,0
2026-04-25 14:01:45,495.70,0,0,0,0,0,0,0,0.00,1,0.00,0.00,0.00,0.00,0.00,P,0.00,0.94,0.80,1.32,1.67,WARN_WARNING,0.00,,14.40,12.20,504,471.06,45.5,1,0,0.00,0.00,0.00,0.94,0.00,0.00,0,0,0.00,0
2026-04-25 14:01:46,496.71,0,0,0,0,0,0,0,0.00,1,0.00,0.00,0.00,0.00,0.00,P,0.00,0.93,0.80,1.32,1.67,WARN_WARNING,0.00,,14.30,12.20,504,472.07,46.1,1,0,0.00,0.00,0.00,0.93,0.00,0.00,0,0,0.00,0
2026-04-25 14:01:47,497.73,0,0,0,0,0,0,0,0.00,1,0.00,0.00,0.00,0.00,0.00,P,0.00,0.95,0.80,1.32,1.67,WARN_WARNING,0.00,,14.90,12.20,504,473.08,45.5,1,0,0.00,0.00,0.00,0.95,0.00,0.00,0,0,0.00,0
2026-04-25 14:01:48,498.73,0,0,0,0,0,0,0,0.00,1,0.00,0.00,0.00,0.00,0.00,P,0.00,0.92,0.80,1.32,1.67,WARN_WARNING,0.00,,14.20,12.20,504,474.08,46.1,1,0,0.00,0.00,0.00,0.92,0.00,0.00,0,0,0.00,0
2026-04-25 14:01:49,499.74,0,0,0,0,0,0,0,0.00,1,0.00,0.00,0.00,0.00,0.00,P,0.00,0.95,0.80,1.32,1.67,WARN_WARNING,0.00,,15.50,12.20,504,475.10,46.6,1,0,0.00,0.00,0.00,0.95,0.00,0.00,0,0,0.00,0
2026-04-25 14:01:50,500.75,0,0,0,0,0,0,0,0.00,1,0.00,0.00,0.00,0.00,0.00,P,0.00,0.83,0.80,1.31,1.67,WARN_WARNING,0.00,,16.20,12.20,504,476.11,45.0,1,0,0.00,0.00,0.00,0.83,0.00,0.00,0,0,0.00,0
2026-04-25 14:01:51,501.77,0,0,0,0,0,0,0,0.00,1,0.00,0.00,0.00,0.00,0.00,P,0.00,0.94,0.80,1.32,1.67,WARN_WARNING,0.00,,14.00,12.20,504,477.12,45.0,1,0,0.00,0.00,0.00,0.94,0.00,0.00,0,0,0.00,0
2026-04-25 14:01:52,502.77,0,0,0,0,0,0,0,0.00,1,0.00,0.00,0.00,0.00,0.00,P,0.00,0.80,0.80,1.32,1.67,WARN_WARNING,0.00,,17.30,12.20,504,478.13,45.5,1,0,0.00,0.00,0.00,0.80,0.00,0.00,0,0,0.00,0
2026-04-25 14:01:53,503.79,0,0,0,0,0,0,0,0.00,1,0.00,0.00,0.00,0.00,0.00,P,0.00,0.94,0.80,1.32,1.67,WARN_WARNING,0.00,,15.80,12.20,504,479.14,45.0,1,0,0.00,0.00,0.00,0.94,0.00,0.00,0,0,0.00,0
2026-04-25 14:01:54,504.80,0,0,0,0,0,0,0,0.00,1,0.00,0.00,0.00,0.00,0.00,P,0.00,0.94,0.80,1.32,1.67,WARN_WARNING,0.00,,14.40,12.20,504,480.16,45.0,1,0,0.00,0.00,0.00,0.94,0.00,0.00,0,0,0.00,0
2026-04-25 14:01:55,505.81,0,0,0,0,0,0,0,0.00,1,0.00,0.00,0.00,0.00,0.00,P,0.00,0.93,0.80,1.31,1.67,WARN_WARNING,0.00,,14.30,12.20,504,481.17,46.1,1,0,0.00,0.00,0.00,0.93,0.00,0.00,0,0,0.00,0
2026-04-25 14:01:56,506.82,0,0,0,0,0,0,0,0.00,1,0.00,0.00,0.00,0.00,0.00,P,0.00,0.80,0.80,1.31,1.67,WARN_WARNING,0.00,,14.80,12.20,504,482.18,45.0,1,0,0.00,0.00,0.00,0.80,0.00,0.00,0,0,0.00,0
2026-04-25 14:01:57,507.83,0,0,0,0,0,0,0,0.00,1,0.00,0.00,0.00,0.00,0.00,P,0.00,0.81,0.80,1.31,1.67,WARN_WARNING,0.00,,14.30,12.20,504,483.19,43.9,1,0,0.00,0.00,0.00,0.81,0.00,0.00,0,0,0.00,0
2026-04-25 14:01:58,508.84,0,0,0,0,0,0,0,0.00,1,0.00,0.00,0.00,0.00,0.00,P,0.00,0.93,0.80,1.32,1.67,WARN_WARNING,0.00,,14.30,12.20,504,484.20,45.0,1,0,0.00,0.00,0.00,0.93,0.00,0.00,0,0,0.00,0
2026-04-25 14:01:59,509.85,0,0,0,0,0,0,0,0.00,1,0.00,0.00,0.00,0.00,0.00,P,0.00,0.93,0.80,1.32,1.66,WARN_WARNING,0.00,,16.70,12.20,504,485.21,44.4,1,0,0.00,0.00,0.00,0.93,0.00,0.00,0,0,0.00,0
2026-04-25 14:02:00,510.87,0,0,0,0,0,0,0,0.00,1,0.00,0.00,0.00,0.00,0.00,P,0.00,0.81,0.80,1.31,1.67,WARN_WARNING,0.00,,14.10,12.20,504,486.22,46.1,1,0,0.00,0.00,0.00,0.81,0.00,0.00,0,0,0.00,0
2026-04-25 14:02:02,511.88,0,0,0,0,0,0,0,0.00,1,0.00,0.00,0.00,0.00,0.00,P,0.00,0.92,0.80,1.32,1.67,WARN_WARNING,0.00,,16.40,12.20,504,487.24,46.1,1,0,0.00,0.00,0.00,0.92,0.00,0.00,0,0,0.00,0
2026-04-25 14:02:03,512.89,0,0,0,0,0,0,0,0.00,1,0.00,0.00,0.00,0.00,0.00,P,0.00,0.80,0.80,1.31,1.67,WARN_WARNING,0.00,,15.40,12.20,504,488.25,46.1,1,0,0.00,0.00,0.00,0.80,0.00,0.00,0,0,0.00,0
2026-04-25 14:02:04,513.90,0,0,0,0,0,0,0,0.00,1,0.00,0.00,0.00,0.00,0.00,P,0.00,0.93,0.80,1.32,1.67,WARN_WARNING,0.00,,13.40,12.20,504,489.26,45.5,1,0,0.00,0.00,0.00,0.93,0.00,0.00,0,0,0.00,0
2026-04-25 14:02:05,514.91,0,0,0,0,0,0,0,0.00,1,0.00,0.00,0.00,0.00,0.00,P,0.00,0.93,0.80,1.31,1.67,WARN_WARNING,0.00,,15.10,12.20,504,490.27,46.6,1,0,0.00,0.00,0.00,0.93,0.00,0.00,0,0,0.00,0
2026-04-25 14:02:06,515.92,0,0,0,0,0,0,0,0.00,1,0.00,0.00,0.00,0.00,0.00,P,0.00,0.80,0.80,1.32,1.67,WARN_WARNING,0.00,,14.70,12.20,504,491.28,45.0,1,0,0.00,0.00,0.00,0.80,0.00,0.00,0,0,0.00,0
2026-04-25 14:02:07,517.04,0,0,0,0,0,0,0,0.00,1,0.00,0.00,0.00,0.00,0.00,P,0.00,0.93,0.80,1.32,1.67,WARN_WARNING,0.00,,14.00,12.20,504,492.39,46.1,1,0,0.00,0.00,0.00,0.93,0.00,0.00,0,0,0.00,0
2026-04-25 14:02:08,517.94,0,0,0,0,0,0,0,0.00,1,0.00,0.00,0.00,0.00,0.00,P,0.00,0.82,0.80,1.31,1.67,WARN_WARNING,0.00,,15.00,12.20,504,493.30,45.5,1,0,0.00,0.00,0.00,0.82,0.00,0.00,0,0,0.00,0
2026-04-25 14:02:09,518.95,0,0,0,0,0,0,0,0.00,1,0.00,0.00,0.00,0.00,0.00,P,0.00,0.93,0.80,1.32,1.67,WARN_WARNING,0.00,,14.30,12.20,504,494.31,46.1,1,0,0.00,0.00,0.00,0.93,0.00,0.00,0,0,0.00,0
2026-04-25 14:02:10,519.96,0,0,0,0,0,0,0,0.00,1,0.00,0.00,0.00,0.00,0.00,P,0.00,0.94,0.80,1.31,1.67,WARN_WARNING,0.00,,14.20,12.20,504,495.32,45.0,1,0,0.00,0.00,0.00,0.94,0.00,0.00,0,0,0.00,0
2026-04-25 14:02:11,520.98,0,0,0,0,0,0,0,0.00,1,0.00,0.00,0.00,0.00,0.00,P,0.00,0.94,0.80,0.63,1.67,WARN_WARNING,0.00,,14.50,12.20,504,496.33,45.0,1,0,0.00,0.00,0.00,0.94,0.00,0.00,0,0,0.00,0
2026-04-25 14:02:12,521.99,0,0,0,0,0,0,0,0.00,1,0.00,0.00,0.00,0.00,0.00,P,0.00,0.93,0.80,1.32,1.67,WARN_WARNING,0.00,,16.40,12.20,504,497.34,45.0,1,0,0.00,0.00,0.00,0.93,0.00,0.00,0,0,0.00,0
2026-04-25 14:02:13,523.00,0,0,0,0,0,0,0,0.00,1,0.00,0.00,0.00,0.00,0.00,P,0.00,0.94,0.80,1.31,1.67,WARN_WARNING,0.00,,13.80,12.20,504,498.36,45.5,1,0,0.00,0.00,0.00,0.94,0.00,0.00,0,0,0.00,0
2026-04-25 14:02:14,524.01,0,0,0,0,0,0,0,0.00,1,0.00,0.00,0.00,0.00,0.00,P,0.00,0.81,0.80,1.32,1.67,WARN_WARNING,0.00,,14.70,12.20,504,499.37,46.1,1,0,0.00,0.00,0.00,0.81,0.00,0.00,0,0,0.00,0
2026-04-25 14:02:15,525.02,0,0,0,0,0,0,0,0.00,1,0.00,0.00,0.00,0.00,0.00,P,0.00,0.80,0.80,1.31,1.67,WARN_WARNING,0.00,,15.20,12.20,504,500.38,43.9,1,0,0.00,0.00,0.00,0.80,0.00,0.00,0,0,0.00,0
2026-04-25 14:02:16,526.03,0,0,0,0,0,0,0,0.00,1,0.00,0.00,0.00,0.00,0.00,P,0.00,0.82,0.80,1.32,1.67,WARN_WARNING,0.00,,13.40,12.20,504,501.39,46.6,1,0,0.00,0.00,0.00,0.82,0.00,0.00,0,0,0.00,0
2026-04-25 14:02:17,527.05,0,0,0,0,0,0,0,0.00,1,0.00,0.00,0.00,0.00,0.00,P,0.00,0.93,0.80,0.64,1.67,WARN_WARNING,0.00,,16.20,12.20,504,502.40,45.0,1,0,0.00,0.00,0.00,0.93,0.00,0.00,0,0,0.00,0
2026-04-25 14:02:18,528.06,0,0,0,0,0,0,0,0.00,1,0.00,0.00,0.00,0.00,0.00,P,0.00,0.80,0.80,0.62,1.67,WARN_WARNING,0.00,,15.50,12.20,504,503.42,44.4,1,0,0.00,0.00,0.00,0.80,0.00,0.00,0,0,0.00,0
2026-04-25 14:02:19,529.06,0,0,0,0,0,0,0,0.00,1,0.00,0.00,0.00,0.00,0.00,P,0.00,0.92,0.80,0.59,1.67,WARN_WARNING,0.00,,14.00,12.20,504,504.42,45.0,1,0,0.00,0.00,0.00,0.92,0.00,0.00,0,0,0.00,0
2026-04-25 14:02:20,530.07,0,0,0,0,0,0,0,0.00,1,0.00,0.00,0.00,0.00,0.00,P,0.00,0.92,0.80,0.60,1.67,WARN_WARNING,0.00,,17.00,12.20,504,505.43,45.5,1,0,0.00,0.00,0.00,0.92,0.00,0.00,0,0,0.00,0
2026-04-25 14:02:21,531.08,0,0,0,0,0,0,0,0.00,1,0.00,0.00,0.00,0.00,0.00,P,0.00,0.80,0.80,1.31,1.67,WARN_WARNING,0.00,,14.20,12.20,504,506.43,45.5,1,0,0.00,0.00,0.00,0.80,0.00,0.00,0,0,0.00,0
2026-04-25 14:02:22,532.09,0,0,0,0,0,0,0,0.00,1,0.00,0.00,0.00,0.00,0.00,P,0.00,0.83,0.80,1.31,1.67,WARN_WARNING,0.00,,13.60,12.20,504,507.45,46.1,1,0,0.00,0.00,0.00,0.83,0.00,0.00,0,0,0.00,0
2026-04-25 14:02:23,533.09,0,0,0,0,0,0,0,0.00,1,0.00,0.00,0.00,0.00,0.00,P,0.00,0.80,0.80,1.32,1.67,WARN_WARNING,0.00,,17.00,12.20,504,508.45,45.0,1,0,0.00,0.00,0.00,0.80,0.00,0.00,0,0,0.00,0
2026-04-25 14:02:24,534.10,0,0,0,0,0,0,0,0.00,1,0.00,0.00,0.00,0.00,0.00,P,0.00,0.81,0.80,0.61,1.67,WARN_WARNING,0.00,,15.30,12.20,504,509.46,45.5,1,0,0.00,0.00,0.00,0.81,0.00,0.00,0,0,0.00,0
2026-04-25 14:02:25,535.12,0,0,0,0,0,0,0,0.00,1,0.00,0.00,0.00,0.00,0.00,P,0.00,0.81,0.80,0.61,1.67,WARN_WARNING,0.00,,13.30,12.20,504,510.47,45.0,1,0,0.00,0.00,0.00,0.81,0.00,0.00,0,0,0.00,0
2026-04-25 14:02:26,536.13,0,0,0,0,0,0,0,0.00,1,0.00,0.00,0.00,0.00,0.00,P,0.00,0.94,0.80,1.31,1.67,WARN_WARNING,0.00,,16.30,12.20,504,511.48,45.0,1,0,0.00,0.00,0.00,0.94,0.00,0.00,0,0,0.00,0
2026-04-25 14:02:27,537.14,0,0,0,0,0,0,0,0.00,1,0.00,0.00,0.00,0.00,0.00,P,0.00,0.93,0.80,0.60,1.67,WARN_WARNING,0.00,,18.00,12.20,504,512.49,46.1,1,0,0.00,0.00,0.00,0.93,0.00,0.00,0,0,0.00,0
2026-04-25 14:02:28,538.15,0,0,0,0,0,0,0,0.00,1,0.00,0.00,0.00,0.00,0.00,P,0.00,0.81,0.80,0.63,1.67,WARN_WARNING,0.00,,14.80,12.20,504,513.50,46.1,1,0,0.00,0.00,0.00,0.81,0.00,0.00,0,0,0.00,0
2026-04-25 14:02:29,539.16,0,0,0,0,0,0,0,0.00,1,0.00,0.00,0.00,0.00,0.00,P,0.00,0.82,0.80,0.62,1.67,WARN_WARNING,0.00,,16.20,12.20,504,514.52,44.4,1,0,0.00,0.00,0.00,0.82,0.00,0.00,0,0,0.00,0
2026-04-25 14:02:30,540.17,0,0,0,0,0,0,0,0.00,1,0.00,0.00,0.00,0.00,0.00,P,0.00,0.95,0.80,0.62,1.67,WARN_WARNING,0.00,,16.70,12.20,504,515.53,45.5,1,0,0.00,0.00,0.00,0.95,0.00,0.00,0,0,0.00,0
2026-04-25 14:02:31,541.18,0,0,0,0,0,0,0,0.00,1,0.00,0.00,0.00,0.00,0.00,P,0.00,0.81,0.80,0.62,1.67,WARN_WARNING,0.00,,17.30,12.20,504,516.53,45.5,1,0,0.00,0.00,0.00,0.81,0.00,0.00,0,0,0.00,0
2026-04-25 14:02:32,542.19,0,0,0,0,0,0,0,0.00,1,0.00,0.00,0.00,0.00,0.00,P,0.00,0.81,0.80,0.62,1.67,WARN_WARNING,0.00,,14.90,12.20,504,517.55,46.1,1,0,0.00,0.00,0.00,0.81,0.00,0.00,0,0,0.00,0
2026-04-25 14:02:33,543.30,0,0,0,0,0,0,0,0.00,1,0.00,0.00,0.00,0.00,0.00,P,0.00,0.93,0.80,0.62,1.67,WARN_WARNING,0.00,,15.20,12.20,504,518.66,47.2,1,0,0.00,0.00,0.00,0.93,0.00,0.00,0,0,0.00,0
2026-04-25 14:02:34,544.21,0,0,0,0,0,0,0,0.00,1,0.00,0.00,0.00,0.00,0.00,P,0.00,0.81,0.80,0.61,1.67,WARN_WARNING,0.00,,13.70,12.20,504,519.56,44.4,1,0,0.00,0.00,0.00,0.81,0.00,0.00,0,0,0.00,0
2026-04-25 14:02:35,545.22,0,0,0,0,0,0,0,0.00,1,0.00,0.00,0.00,0.00,0.00,P,0.00,0.93,0.80,0.62,1.67,WARN_WARNING,0.00,,15.30,12.20,504,520.58,46.6,1,0,0.00,0.00,0.00,0.93,0.00,0.00,0,0,0.00,0
2026-04-25 14:02:36,546.24,0,0,0,0,0,0,0,0.00,1,0.00,0.00,0.00,0.00,0.00,P,0.00,0.95,0.80,0.62,1.67,WARN_WARNING,0.00,,15.40,12.20,504,521.59,45.5,1,0,0.00,0.00,0.00,0.95,0.00,0.00,0,0,0.00,0
2026-04-25 14:02:37,547.25,0,0,0,0,0,0,0,0.00,1,0.00,0.00,0.00,0.00,0.00,P,0.00,0.81,0.80,0.62,1.67,WARN_WARNING,0.00,,14.10,12.20,504,522.60,45.0,1,0,0.00,0.00,0.00,0.81,0.00,0.00,0,0,0.00,0
2026-04-25 14:02:38,548.25,0,0,0,0,0,0,0,0.00,1,0.00,0.00,0.00,0.00,0.00,P,0.00,0.94,0.80,0.62,1.67,WARN_WARNING,0.00,,13.70,12.20,504,523.61,46.1,1,0,0.00,0.00,0.00,0.94,0.00,0.00,0,0,0.00,0
2026-04-25 14:02:39,549.27,0,0,0,0,0,0,0,0.00,1,0.00,0.00,0.00,0.00,0.00,P,0.00,0.94,0.80,0.62,1.66,WARN_WARNING,0.00,,15.60,12.20,504,524.62,45.5,1,0,0.00,0.00,0.00,0.94,0.00,0.00,0,0,0.00,0
2026-04-25 14:02:40,550.28,0,0,0,0,0,0,0,0.00,1,0.00,0.00,0.00,0.00,0.00,P,0.00,0.92,0.80,0.62,1.67,WARN_WARNING,0.00,,16.30,12.20,504,525.63,45.0,1,0,0.00,0.00,0.00,0.92,0.00,0.00,0,0,0.00,0
2026-04-25 14:02:41,551.29,0,0,0,0,0,0,0,0.00,1,0.00,0.00,0.00,0.00,0.00,P,0.00,0.81,0.80,0.62,1.67,WARN_WARNING,0.00,,15.70,12.20,504,526.64,45.5,1,0,0.00,0.00,0.00,0.81,0.00,0.00,0,0,0.00,0
2026-04-25 14:02:42,552.30,0,0,0,0,0,0,0,0.00,1,0.00,0.00,0.00,0.00,0.00,P,0.00,0.92,0.80,0.62,1.67,WARN_WARNING,0.00,,16.80,12.20,504,527.65,45.0,1,0,0.00,0.00,0.00,0.92,0.00,0.00,0,0,0.00,0
2026-04-25 14:02:43,553.31,0,0,0,0,0,0,0,0.00,1,0.00,0.00,0.00,0.00,0.00,P,0.00,0.93,0.80,0.62,1.66,WARN_WARNING,0.00,,14.40,12.20,504,528.67,44.4,1,0,0.00,0.00,0.00,0.93,0.00,0.00,0,0,0.00,0
2026-04-25 14:02:44,554.32,0,0,0,0,0,0,0,0.00,1,0.00,0.00,0.00,0.00,0.00,P,0.00,0.79,0.80,0.62,1.67,WARN_WARNING,0.00,,15.00,12.20,504,529.68,46.1,1,0,0.00,0.00,0.00,0.79,0.00,0.00,0,0,0.00,0
2026-04-25 14:02:45,555.44,0,0,0,0,0,0,0,0.00,1,0.00,0.00,0.00,0.00,0.00,P,0.00,0.82,0.80,0.61,1.67,WARN_WARNING,0.00,,16.30,12.20,504,530.79,46.1,1,0,0.00,0.00,0.00,0.82,0.00,0.00,0,0,0.00,0
2026-04-25 14:02:46,556.34,0,0,0,0,0,0,0,0.00,1,0.00,0.00,0.00,0.00,0.00,P,0.00,0.93,0.80,0.61,1.67,WARN_WARNING,0.00,,17.50,12.20,504,531.69,46.1,1,0,0.00,0.00,0.00,0.93,0.00,0.00,0,0,0.00,0
2026-04-25 14:02:47,557.35,0,0,0,0,0,0,0,0.00,1,0.00,0.00,0.00,0.00,0.00,P,0.00,0.93,0.80,0.61,1.67,WARN_WARNING,0.00,,15.10,12.20,504,532.71,45.0,1,0,0.00,0.00,0.00,0.93,0.00,0.00,0,0,0.00,0
2026-04-25 14:02:48,558.36,0,0,0,0,0,0,0,0.00,1,0.00,0.00,0.00,0.00,0.00,P,0.00,0.95,0.80,0.60,1.67,WARN_WARNING,0.00,,17.20,12.20,504,533.72,46.1,1,0,0.00,0.00,0.00,0.95,0.00,0.00,0,0,0.00,0
2026-04-25 14:02:49,559.38,0,0,0,0,0,0,0,0.00,1,0.00,0.00,0.00,0.00,0.00,P,0.00,0.94,0.80,0.61,1.66,WARN_WARNING,0.00,,15.10,12.20,504,534.73,45.5,1,0,0.00,0.00,0.00,0.94,0.00,0.00,0,0,0.00,0
2026-04-25 14:02:50,560.39,0,0,0,0,0,0,0,0.00,1,0.00,0.00,0.00,0.00,0.00,P,0.00,0.93,0.80,0.62,1.67,WARN_WARNING,0.00,,15.00,12.30,504,535.74,44.4,1,0,0.00,0.00,0.00,0.93,0.00,0.00,0,0,0.00,0
2026-04-25 14:02:51,561.39,0,0,0,0,0,0,0,0.00,1,0.00,0.00,0.00,0.00,0.00,P,0.00,0.94,0.80,1.32,1.67,WARN_WARNING,0.00,,14.00,12.30,504,536.74,44.4,1,0,0.00,0.00,0.00,0.94,0.00,0.00,0,0,0.00,0
2026-04-25 14:02:52,562.50,0,0,0,0,0,0,0,0.00,1,0.00,0.00,0.00,0.00,0.00,P,0.00,0.93,0.80,1.31,1.67,WARN_WARNING,0.00,,14.20,12.20,504,537.86,46.6,1,0,0.00,0.00,0.00,0.93,0.00,0.00,0,0,0.00,0
2026-04-25 14:02:53,563.41,0,0,0,0,0,0,0,0.00,1,0.00,0.00,0.00,0.00,0.00,P,0.00,0.94,0.80,1.31,1.67,WARN_WARNING,0.00,,16.10,12.20,504,538.76,45.5,1,0,0.00,0.00,0.00,0.94,0.00,0.00,0,0,0.00,0
2026-04-25 14:02:54,564.52,0,0,0,0,0,0,0,0.00,1,0.00,0.00,0.00,0.00,0.00,P,0.00,0.93,0.80,1.32,1.67,WARN_WARNING,0.00,,12.80,12.20,504,539.87,46.6,1,0,0.00,0.00,0.00,0.93,0.00,0.00,0,0,0.00,0
2026-04-25 14:02:55,565.42,0,0,0,0,0,0,0,0.00,1,0.00,0.00,0.00,0.00,0.00,P,0.00,0.82,0.80,1.32,1.67,WARN_WARNING,0.00,,13.60,12.30,504,540.78,47.2,1,0,0.00,0.00,0.00,0.82,0.00,0.00,0,0,0.00,0
2026-04-25 14:02:56,566.43,0,0,0,0,0,0,0,0.00,1,0.00,0.00,0.00,0.00,0.00,P,0.00,0.93,0.80,1.32,1.67,WARN_WARNING,0.00,,12.80,12.20,504,541.79,46.1,1,0,0.00,0.00,0.00,0.93,0.00,0.00,0,0,0.00,0
2026-04-25 14:02:57,567.44,0,0,0,0,0,0,0,0.00,1,0.00,0.00,0.00,0.00,0.00,P,0.00,0.93,0.80,0.62,1.67,WARN_WARNING,0.00,,11.70,12.20,504,542.80,46.6,1,0,0.00,0.00,0.00,0.93,0.00,0.00,0,0,0.00,0
2026-04-25 14:02:58,568.46,0,0,0,0,0,0,0,0.00,1,0.00,0.00,0.00,0.00,0.00,P,0.00,0.82,0.80,0.61,1.67,WARN_WARNING,0.00,,11.50,12.30,504,543.81,45.5,1,0,0.00,0.00,0.00,0.82,0.00,0.00,0,0,0.00,0
2026-04-25 14:02:59,569.47,0,0,0,0,0,0,0,0.00,1,0.00,0.00,0.00,0.00,0.00,P,0.00,0.94,0.80,0.62,1.67,WARN_WARNING,0.00,,15.70,12.30,504,544.83,47.2,1,0,0.00,0.00,0.00,0.94,0.00,0.00,0,0,0.00,0
2026-04-25 14:03:00,570.47,0,0,0,0,0,0,0,0.00,1,0.00,0.00,0.00,0.00,0.00,P,0.00,0.93,0.80,1.31,1.67,WARN_WARNING,0.00,,15.30,12.30,504,545.83,46.6,1,0,0.00,0.00,0.00,0.93,0.00,0.00,0,0,0.00,0
2026-04-25 14:03:01,571.48,0,0,0,0,0,0,0,0.00,1,0.00,0.00,0.00,0.00,0.00,P,0.00,0.93,0.80,1.31,1.67,WARN_WARNING,0.00,,15.50,12.30,504,546.84,45.5,1,0,0.00,0.00,0.00,0.93,0.00,0.00,0,0,0.00,0
2026-04-25 14:03:02,572.49,0,0,0,0,0,0,0,0.00,1,0.00,0.00,0.00,0.00,0.00,P,0.00,0.94,0.80,1.32,1.67,WARN_WARNING,0.00,,18.10,12.20,504,547.85,46.6,1,0,0.00,0.00,0.00,0.94,0.00,0.00,0,0,0.00,0
2026-04-25 14:03:03,573.50,0,0,0,0,0,0,0,0.00,1,0.00,0.00,0.00,0.00,0.00,P,0.00,0.94,0.80,1.31,1.67,WARN_WARNING,0.00,,14.10,12.30,504,548.86,45.0,1,0,0.00,0.00,0.00,0.94,0.00,0.00,0,0,0.00,0
2026-04-25 14:03:04,574.51,0,0,0,0,0,0,0,0.00,1,0.00,0.00,0.00,0.00,0.00,P,0.00,0.93,0.80,0.62,1.67,WARN_WARNING,0.00,,13.80,12.20,504,549.87,45.5,1,0,0.00,0.00,0.00,0.93,0.00,0.00,0,0,0.00,0
2026-04-25 14:03:05,575.63,0,0,0,0,0,0,0,0.00,1,0.00,0.00,0.00,0.00,0.00,P,0.00,0.92,0.80,1.32,1.67,WARN_WARNING,0.00,,14.70,12.20,504,550.98,46.1,1,0,0.00,0.00,0.00,0.92,0.00,0.00,0,0,0.00,0
2026-04-25 14:03:06,576.53,0,0,0,0,0,0,0,0.00,1,0.00,0.00,0.00,0.00,0.00,P,0.00,0.93,0.80,1.32,1.67,WARN_WARNING,0.00,,13.20,12.20,504,551.89,46.1,1,0,0.00,0.00,0.00,0.93,0.00,0.00,0,0,0.00,0
2026-04-25 14:03:07,577.54,0,0,0,0,0,0,0,0.00,1,0.00,0.00,0.00,0.00,0.00,P,0.00,0.93,0.80,1.32,1.67,WARN_WARNING,0.00,,13.70,12.20,504,552.90,44.4,1,0,0.00,0.00,0.00,0.93,0.00,0.00,0,0,0.00,0
2026-04-25 14:03:08,578.55,0,0,0,0,0,0,0,0.00,1,0.00,0.00,0.00,0.00,0.00,P,0.00,0.93,0.80,1.31,1.67,WARN_WARNING,0.00,,17.60,12.20,504,553.91,46.6,1,0,0.00,0.00,0.00,0.93,0.00,0.00,0,0,0.00,0
2026-04-25 14:03:09,579.56,0,0,0,0,0,0,0,0.00,1,0.00,0.00,0.00,0.00,0.00,P,0.00,0.81,0.80,1.31,1.67,WARN_WARNING,0.00,,14.50,12.20,504,554.92,46.1,1,0,0.00,0.00,0.00,0.81,0.00,0.00,0,0,0.00,0
2026-04-25 14:03:10,580.58,0,0,0,0,0,0,0,0.00,1,0.00,0.00,0.00,0.00,0.00,P,0.00,0.93,0.80,1.32,1.67,WARN_WARNING,0.00,,16.00,12.20,504,555.93,46.6,1,0,0.00,0.00,0.00,0.93,0.00,0.00,0,0,0.00,0
2026-04-25 14:03:11,581.69,0,0,0,0,0,0,0,0.00,1,0.00,0.00,0.00,0.00,0.00,P,0.00,0.93,0.80,1.31,1.67,WARN_WARNING,0.00,,17.40,12.20,504,557.04,45.5,1,0,0.00,0.00,0.00,0.93,0.00,0.00,0,0,0.00,0
2026-04-25 14:03:12,582.59,0,0,0,0,0,0,0,0.00,1,0.00,0.00,0.00,0.00,0.00,P,0.00,0.93,0.80,1.32,1.67,WARN_WARNING,0.00,,15.40,12.20,504,557.95,46.6,1,0,0.00,0.00,0.00,0.93,0.00,0.00,0,0,0.00,0
2026-04-25 14:03:13,583.60,0,0,0,0,0,0,0,0.00,1,0.00,0.00,0.00,0.00,0.00,P,0.00,0.93,0.80,1.32,1.67,WARN_WARNING,0.00,,13.60,12.20,504,558.96,46.6,1,0,0.00,0.00,0.00,0.93,0.00,0.00,0,0,0.00,0
2026-04-25 14:03:14,584.61,0,0,0,0,0,0,0,0.00,1,0.00,0.00,0.00,0.00,0.00,P,0.00,0.93,0.80,1.31,1.67,WARN_WARNING,0.00,,15.20,12.20,504,559.97,45.5,1,0,0.00,0.00,0.00,0.93,0.00,0.00,0,0,0.00,0
2026-04-25 14:03:15,585.63,0,0,0,0,0,0,0,0.00,1,0.00,0.00,0.00,0.00,0.00,P,0.00,0.80,0.80,1.32,1.67,WARN_WARNING,0.00,,15.70,12.20,504,560.98,45.5,1,0,0.00,0.00,0.00,0.80,0.00,0.00,0,0,0.00,0
2026-04-25 14:03:16,586.64,0,0,0,0,0,0,0,0.00,1,0.00,0.00,0.00,0.00,0.00,P,0.00,0.94,0.80,1.32,1.67,WARN_WARNING,0.00,,15.20,12.20,504,562.00,46.1,1,0,0.00,0.00,0.00,0.94,0.00,0.00,0,0,0.00,0
2026-04-25 14:03:17,587.75,0,0,0,0,0,0,0,0.00,1,0.00,0.00,0.00,0.00,0.00,P,0.00,0.93,0.80,1.31,1.67,WARN_WARNING,0.00,,17.20,12.20,504,563.11,46.1,1,0,0.00,0.00,0.00,0.93,0.00,0.00,0,0,0.00,0
2026-04-25 14:03:18,588.66,0,0,0,0,0,0,0,0.00,1,0.00,0.00,0.00,0.00,0.00,P,0.00,0.93,0.80,1.32,1.67,WARN_WARNING,0.00,,14.10,12.20,504,564.01,44.4,1,0,0.00,0.00,0.00,0.93,0.00,0.00,0,0,0.00,0
2026-04-25 14:03:19,589.67,0,0,0,0,0,0,0,0.00,1,0.00,0.00,0.00,0.00,0.00,P,0.00,0.93,0.80,1.32,1.67,WARN_WARNING,0.00,,13.70,12.20,504,565.02,45.5,1,0,0.00,0.00,0.00,0.93,0.00,0.00,0,0,0.00,0
2026-04-25 14:03:20,590.68,0,0,0,0,0,0,0,0.00,1,0.00,0.00,0.00,0.00,0.00,P,0.00,0.93,0.80,1.32,1.67,WARN_WARNING,0.00,,14.90,12.20,504,566.04,46.6,1,0,0.00,0.00,0.00,0.93,0.00,0.00,0,0,0.00,0
2026-04-25 14:03:21,591.79,0,0,0,0,0,0,0,0.00,1,0.00,0.00,0.00,0.00,0.00,P,0.00,0.94,0.80,1.32,1.67,WARN_WARNING,0.00,,14.20,12.20,504,567.15,46.1,1,0,0.00,0.00,0.00,0.94,0.00,0.00,0,0,0.00,0
2026-04-25 14:03:22,592.70,0,0,0,0,0,0,0,0.00,1,0.00,0.00,0.00,0.00,0.00,P,0.00,0.93,0.80,1.32,1.67,WARN_WARNING,0.00,,14.80,12.20,504,568.05,44.4,1,0,0.00,0.00,0.00,0.93,0.00,0.00,0,0,0.00,0
2026-04-25 14:03:23,593.71,0,0,0,0,0,0,0,0.00,1,0.00,0.00,0.00,0.00,0.00,P,0.00,0.94,0.80,1.31,1.67,WARN_WARNING,0.00,,14.70,12.20,504,569.07,46.6,1,0,0.00,0.00,0.00,0.94,0.00,0.00,0,0,0.00,0
2026-04-25 14:03:24,594.72,0,0,0,0,0,0,0,0.00,1,0.00,0.00,0.00,0.00,0.00,P,0.00,0.94,0.80,1.31,1.67,WARN_WARNING,0.00,,13.10,12.20,504,570.08,47.2,1,0,0.00,0.00,0.00,0.94,0.00,0.00,0,0,0.00,0
2026-04-25 14:03:25,595.73,0,0,0,0,0,0,0,0.00,1,0.00,0.00,0.00,0.00,0.00,P,0.00,0.82,0.80,1.32,1.67,WARN_WARNING,0.00,,15.80,12.20,504,571.09,46.1,1,0,0.00,0.00,0.00,0.82,0.00,0.00,0,0,0.00,0
2026-04-25 14:03:26,596.74,0,0,0,0,0,0,0,0.00,1,0.00,0.00,0.00,0.00,0.00,P,0.00,0.93,0.80,1.31,1.67,WARN_WARNING,0.00,,15.20,12.20,504,572.10,45.5,1,0,0.00,0.00,0.00,0.93,0.00,0.00,0,0,0.00,0
2026-04-25 14:03:27,597.75,0,0,0,0,0,0,0,0.00,1,0.00,0.00,0.00,0.00,0.00,P,0.00,0.82,0.80,1.31,1.67,WARN_WARNING,0.00,,13.40,12.20,504,573.11,46.1,1,0,0.00,0.00,0.00,0.82,0.00,0.00,0,0,0.00,0
2026-04-25 14:03:28,598.76,0,0,0,0,0,0,0,0.00,1,0.00,0.00,0.00,0.00,0.00,P,0.00,0.93,0.80,1.31,1.67,WARN_WARNING,0.00,,14.10,12.20,504,574.12,46.1,1,0,0.00,0.00,0.00,0.93,0.00,0.00,0,0,0.00,0
2026-04-25 14:03:29,599.77,0,0,0,0,0,0,0,0.00,1,0.00,0.00,0.00,0.00,0.00,P,0.00,0.95,0.80,0.60,1.67,WARN_WARNING,0.00,,14.10,12.20,504,575.13,45.5,1,0,0.00,0.00,0.00,0.95,0.00,0.00,0,0,0.00,0
2026-04-25 14:03:30,600.78,0,0,0,0,0,0,0,0.00,1,0.00,0.00,0.00,0.00,0.00,P,0.00,0.93,0.80,0.61,1.67,WARN_WARNING,0.00,,14.00,12.20,504,576.14,46.1,1,0,0.00,0.00,0.00,0.93,0.00,0.00,0,0,0.00,0
2026-04-25 14:03:31,601.79,0,0,0,0,0,0,0,0.00,1,0.00,0.00,0.00,0.00,0.00,P,0.00,0.80,0.80,0.63,1.67,WARN_WARNING,0.00,,16.00,12.20,504,577.15,45.5,1,0,0.00,0.00,0.00,0.80,0.00,0.00,0,0,0.00,0
2026-04-25 14:03:32,602.81,0,0,0,0,0,0,0,0.00,1,0.00,0.00,0.00,0.00,0.00,P,0.00,0.93,0.80,0.62,1.67,WARN_WARNING,0.00,,14.50,12.20,504,578.17,45.5,1,0,0.00,0.00,0.00,0.93,0.00,0.00,0,0,0.00,0
2026-04-25 14:03:34,603.92,0,0,0,0,0,0,0,0.00,1,0.00,0.00,0.00,0.00,0.00,P,0.00,0.83,0.80,0.62,1.67,WARN_WARNING,0.00,,15.30,12.20,504,579.28,45.0,1,0,0.00,0.00,0.00,0.83,0.00,0.00,0,0,0.00,0
2026-04-25 14:03:34,604.83,0,0,0,0,0,0,0,0.00,1,0.00,0.00,0.00,0.00,0.00,P,0.00,0.93,0.80,0.62,1.67,WARN_WARNING,0.00,,15.00,12.20,504,580.19,46.1,1,0,0.00,0.00,0.00,0.93,0.00,0.00,0,0,0.00,0
2026-04-25 14:03:35,605.84,0,0,0,0,0,0,0,0.00,1,0.00,0.00,0.00,0.00,0.00,P,0.00,0.95,0.80,0.61,1.67,WARN_WARNING,0.00,,16.70,12.20,504,581.20,46.1,1,0,0.00,0.00,0.00,0.95,0.00,0.00,0,0,0.00,0
2026-04-25 14:03:36,606.84,0,0,0,0,0,0,0,0.00,1,0.00,0.00,0.00,0.00,0.00,P,0.00,0.93,0.80,0.61,1.67,WARN_WARNING,0.00,,14.00,12.20,504,582.20,46.6,1,0,0.00,0.00,0.00,0.93,0.00,0.00,0,0,0.00,0
2026-04-25 14:03:37,607.86,0,0,0,0,0,0,0,0.00,1,0.00,0.00,0.00,0.00,0.00,P,0.00,0.81,0.80,0.61,1.67,WARN_WARNING,0.00,,16.00,12.20,504,583.21,46.1,1,0,0.00,0.00,0.00,0.81,0.00,0.00,0,0,0.00,0
2026-04-25 14:03:39,608.97,0,0,0,0,0,0,0,0.00,1,0.00,0.00,0.00,0.00,0.00,P,0.00,0.93,0.80,0.61,1.67,WARN_WARNING,0.00,,15.60,12.20,504,584.32,43.9,1,0,0.00,0.00,0.00,0.93,0.00,0.00,0,0,0.00,0
2026-04-25 14:03:39,609.87,0,0,0,0,0,0,0,0.00,1,0.00,0.00,0.00,0.00,0.00,P,0.00,0.95,0.80,0.61,1.67,WARN_WARNING,0.00,,14.60,12.20,504,585.23,44.4,1,0,0.00,0.00,0.00,0.95,0.00,0.00,0,0,0.00,0
2026-04-25 14:03:40,610.87,0,0,0,0,0,0,0,0.00,1,0.00,0.00,0.00,0.00,0.00,P,0.00,0.93,0.80,0.61,1.67,WARN_WARNING,0.00,,16.40,12.20,504,586.23,46.1,1,0,0.00,0.00,0.00,0.93,0.00,0.00,0,0,0.00,0
2026-04-25 14:03:42,611.89,0,0,0,0,0,0,0,0.00,1,0.00,0.00,0.00,0.00,0.00,P,0.00,0.93,0.80,0.62,1.67,WARN_WARNING,0.00,,14.80,12.20,504,587.24,46.1,1,0,0.00,0.00,0.00,0.93,0.00,0.00,0,0,0.00,0
2026-04-25 14:03:43,613.00,0,0,0,0,0,0,0,0.00,1,0.00,0.00,0.00,0.00,0.00,P,0.00,0.93,0.80,0.62,1.67,WARN_WARNING,0.00,,11.80,12.20,504,588.35,45.5,1,0,0.00,0.00,0.00,0.93,0.00,0.00,0,0,0.00,0
2026-04-25 14:03:44,613.91,0,0,0,0,0,0,0,0.00,1,0.00,0.00,0.00,0.00,0.00,P,0.00,0.94,0.80,0.61,1.67,WARN_WARNING,0.00,,13.30,12.20,504,589.26,47.2,1,0,0.00,0.00,0.00,0.94,0.00,0.00,0,0,0.00,0
2026-04-25 14:03:45,614.92,0,0,0,0,0,0,0,0.00,1,0.00,0.00,0.00,0.00,0.00,P,0.00,0.82,0.80,1.31,1.67,WARN_WARNING,0.00,,13.70,12.20,504,590.28,45.5,1,0,0.00,0.00,0.00,0.82,0.00,0.00,0,0,0.00,0
2026-04-25 14:03:46,616.03,0,0,0,0,0,0,0,0.00,1,0.00,0.00,0.00,0.00,0.00,P,0.00,0.82,0.80,1.31,1.67,WARN_WARNING,0.00,,13.40,12.20,504,591.39,47.2,1,0,0.00,0.00,0.00,0.82,0.00,0.00,0,0,0.00,0
2026-04-25 14:03:47,616.94,0,0,0,0,0,0,0,0.00,1,0.00,0.00,0.00,0.00,0.00,P,0.00,0.93,0.80,1.32,1.67,WARN_WARNING,0.00,,15.40,12.20,504,592.29,46.1,1,0,0.00,0.00,0.00,0.93,0.00,0.00,0,0,0.00,0
2026-04-25 14:03:48,617.95,0,0,0,0,0,0,0,0.00,1,0.00,0.00,0.00,0.00,0.00,P,0.00,0.80,0.80,1.31,1.67,WARN_WARNING,0.00,,15.30,12.30,504,593.31,45.0,1,0,0.00,0.00,0.00,0.80,0.00,0.00,0,0,0.00,0
2026-04-25 14:03:49,618.96,0,0,0,0,0,0,0,0.00,1,0.00,0.00,0.00,0.00,0.00,P,0.00,0.93,0.80,1.32,1.67,WARN_WARNING,0.00,,14.80,12.20,504,594.32,46.6,1,0,0.00,0.00,0.00,0.93,0.00,0.00,0,0,0.00,0
2026-04-25 14:03:50,619.97,0,0,0,0,0,0,0,0.00,1,0.00,0.00,0.00,0.00,0.00,P,0.00,0.80,0.80,1.32,1.67,WARN_WARNING,0.00,,15.80,12.20,504,595.33,46.6,1,0,0.00,0.00,0.00,0.80,0.00,0.00,0,0,0.00,0
2026-04-25 14:03:51,620.98,0,0,0,0,0,0,0,0.00,1,0.00,0.00,0.00,0.00,0.00,P,0.00,0.80,0.80,1.31,1.67,WARN_WARNING,0.00,,13.70,12.20,504,596.34,45.5,1,0,0.00,0.00,0.00,0.80,0.00,0.00,0,0,0.00,0
2026-04-25 14:03:52,622.00,0,0,0,0,0,0,0,0.00,1,0.00,0.00,0.00,0.00,0.00,P,0.00,0.94,0.80,1.32,1.67,WARN_WARNING,0.00,,14.30,12.20,504,597.35,45.0,1,0,0.00,0.00,0.00,0.94,0.00,0.00,0,0,0.00,0
2026-04-25 14:03:53,623.01,0,0,0,0,0,0,0,0.00,1,0.00,0.00,0.00,0.00,0.00,P,0.00,0.81,0.80,1.31,1.67,WARN_WARNING,0.00,,15.50,12.20,504,598.37,45.0,1,0,0.00,0.00,0.00,0.81,0.00,0.00,0,0,0.00,0
2026-04-25 14:03:54,624.02,0,0,0,0,0,0,0,0.00,1,0.00,0.00,0.00,0.00,0.00,P,0.00,0.93,0.80,1.31,1.67,WARN_WARNING,0.00,,15.20,12.20,504,599.38,46.6,1,0,0.00,0.00,0.00,0.93,0.00,0.00,0,0,0.00,0
2026-04-25 14:03:55,625.03,0,0,0,0,0,0,0,0.00,1,0.00,0.00,0.00,0.00,0.00,P,0.00,0.92,0.80,1.31,1.67,WARN_WARNING,0.00,,14.10,12.20,504,600.39,45.0,1,0,0.00,0.00,0.00,0.92,0.00,0.00,0,0,0.00,0
2026-04-25 14:03:56,626.04,0,0,0,0,0,0,0,0.00,1,0.00,0.00,0.00,0.00,0.00,P,0.00,0.94,0.80,1.31,1.66,WARN_WARNING,0.00,,15.20,12.20,504,601.40,46.1,1,0,0.00,0.00,0.00,0.94,0.00,0.00,0,0,0.00,0
2026-04-25 14:03:57,627.05,0,0,0,0,0,0,0,0.00,1,0.00,0.00,0.00,0.00,0.00,P,0.00,0.81,0.80,0.62,1.67,WARN_WARNING,0.00,,15.70,12.20,504,602.40,45.5,1,0,0.00,0.00,0.00,0.81,0.00,0.00,0,0,0.00,0
2026-04-25 14:03:58,628.06,0,0,0,0,0,0,0,0.00,1,0.00,0.00,0.00,0.00,0.00,P,0.00,0.93,0.80,0.61,1.67,WARN_WARNING,0.00,,13.80,12.20,504,603.41,46.1,1,0,0.00,0.00,0.00,0.93,0.00,0.00,0,0,0.00,0
2026-04-25 14:03:59,629.07,0,0,0,0,0,0,0,0.00,1,0.00,0.00,0.00,0.00,0.00,P,0.00,0.80,0.80,0.61,1.67,WARN_WARNING,0.00,,14.70,12.20,504,604.43,46.6,1,0,0.00,0.00,0.00,0.80,0.00,0.00,0,0,0.00,0
2026-04-25 14:04:00,630.18,0,0,0,0,0,0,0,0.00,1,0.00,0.00,0.00,0.00,0.00,P,0.00,0.81,0.80,0.62,1.67,WARN_WARNING,0.00,,15.30,12.20,504,605.54,46.6,1,0,0.00,0.00,0.00,0.81,0.00,0.00,0,0,0.00,0
2026-04-25 14:04:01,631.09,0,0,0,0,0,0,0,0.00,1,0.00,0.00,0.00,0.00,0.00,P,0.00,0.81,0.80,0.61,1.67,WARN_WARNING,0.00,,14.80,12.20,504,606.45,45.5,1,0,0.00,0.00,0.00,0.81,0.00,0.00,0,0,0.00,0
2026-04-25 14:04:01,631.78,0,0,0,0,1,0,0,0.00,1,0.00,0.00,0.00,0.00,0.00,P,0.00,0.81,0.80,0.61,1.67,WARN_WARNING,0.00,,23.20,11.50,504,607.14,47.2,1,0,0.00,0.00,0.00,0.81,0.00,0.00,0,0,0.00,0
