Current Time,Time Since Program Started (s),Autonomous Mode (On/Off),Cruise Control (Active/Inactive),Shift Up PRND (Event),Shift Down PRND (Event),Quit (Event),Increase CC (Event),Decrease CC (Event),Steer (Value),Brake (On/Off),Gas (Value),Maximum Speed Recall (MPH),Average Speed (MPH),Current Speed (MPH),Motor PWM Value,Gear Mode,Cruise Control Target Speed (MPH),LiDAR Front Distance (m),LiDAR Left Distance (m),LiDAR Right Distance (m),LiDAR Back Distance (m),LiDAR Determined Direction,Target Heading (deg),Stop Reason,CPU Usage (%),Memory Usage (%),Number of LiDAR Points in Scan,Time Since Last Hall Sensor Pulse (s),CPU Temp (C),AEB Enabled (On/Off),AEB Triggered (On/Off),PID Output (Cruise Control),LiDAR Best Heading (deg),LiDAR Heading Confidence,LiDAR Forward Clearance (m),Camera Steering Bias,Camera Confidence,Camera Left Edge Found,Camera Right Edge Found,Camera Corridor Width (px),Driveway Cut Suspected
2026-05-10 20:08:39,4.23,0,0,0,0,0,0,0,0.00,1,0.00,0.00,0.00,0.00,0.00,P,0.00,12.00,12.00,12.00,12.00, ,0.00,,28.90,13.50,0,4.23,42.2,1,0,0.00,0.00,0.00,12.00,0.00,0.00,0,0,0.00,0
2026-05-10 20:08:40,5.24,0,0,0,0,0,0,0,0.00,1,0.00,0.00,0.00,0.00,0.00,P,0.00,12.00,12.00,12.00,12.00, ,0.00,,35.50,13.70,0,0.13,43.9,1,0,0.00,0.00,0.00,12.00,0.00,0.00,0,0,0.00,0
2026-05-10 20:08:41,6.24,0,0,0,0,0,0,0,0.00,1,0.17,0.00,0.00,0.00,0.00,P,0.00,12.00,12.00,12.00,12.00, ,0.00,,37.10,13.60,0,1.13,44.4,1,0,0.00,0.00,0.00,12.00,0.00,0.00,0,0,0.00,0
2026-05-10 20:08:42,7.27,0,0,0,0,0,0,0,0.00,1,0.00,0.00,0.00,0.00,0.00,P,0.00,12.00,12.00,12.00,12.00, ,0.00,,36.10,13.70,0,2.16,45.0,1,0,0.00,0.00,0.00,12.00,0.00,0.00,0,0,0.00,0
2026-05-10 20:08:43,8.28,0,0,0,0,0,0,0,0.00,1,0.00,0.00,0.00,0.00,0.00,P,0.00,12.00,12.00,12.00,12.00, ,0.00,,35.60,13.70,0,3.17,44.4,1,0,0.00,0.00,0.00,12.00,0.00,0.00,0,0,0.00,0
2026-05-10 20:08:44,9.30,0,0,0,0,0,0,0,0.00,1,0.00,0.00,0.00,0.00,0.00,P,0.00,12.00,12.00,12.00,12.00, ,0.00,,35.80,13.60,0,0.39,44.4,1,0,0.00,0.00,0.00,12.00,0.00,0.00,0,0,0.00,0
2026-05-10 20:08:45,10.32,0,0,0,0,0,0,0,0.00,1,0.00,0.00,0.00,0.00,0.00,P,0.00,12.00,12.00,12.00,12.00, ,0.00,,36.30,13.60,0,1.40,46.1,1,0,0.00,0.00,0.00,12.00,0.00,0.00,0,0,0.00,0
2026-05-10 20:08:46,11.33,0,0,0,0,0,0,0,0.00,1,0.00,0.00,0.00,0.00,0.00,P,0.00,12.00,12.00,12.00,12.00, ,0.00,,34.90,13.60,0,0.29,46.6,1,0,0.00,0.00,0.00,12.00,0.00,0.00,0,0,0.00,0
2026-05-10 20:08:47,12.36,0,0,0,0,0,0,0,0.00,1,0.00,0.00,0.00,0.00,0.00,P,0.00,12.00,12.00,12.00,12.00, ,0.00,,35.00,13.60,0,1.31,45.5,1,0,0.00,0.00,0.00,12.00,0.00,0.00,0,0,0.00,0
2026-05-10 20:08:48,13.36,0,0,0,0,0,0,0,0.00,1,0.00,0.00,0.00,0.00,0.00,P,0.00,12.00,12.00,12.00,12.00, ,0.00,,35.10,13.60,0,2.31,46.6,1,0,0.00,0.00,0.00,12.00,0.00,0.00,0,0,0.00,0
2026-05-10 20:08:49,14.37,0,0,0,0,0,0,0,0.00,1,0.00,0.00,0.00,0.00,0.00,P,0.00,12.00,12.00,12.00,12.00, ,0.00,,35.60,13.60,0,3.32,47.7,1,0,0.00,0.00,0.00,12.00,0.00,0.00,0,0,0.00,0
2026-05-10 20:08:50,15.38,0,0,0,0,0,0,0,0.00,1,0.00,0.00,0.00,0.00,0.00,P,0.00,12.00,12.00,12.00,12.00, ,0.00,,36.90,13.50,0,4.33,46.1,1,0,0.00,0.00,0.00,12.00,0.00,0.00,0,0,0.00,0
2026-05-10 20:08:51,16.38,0,0,0,0,0,0,0,0.00,1,0.00,0.00,0.00,0.00,0.00,P,0.00,12.00,12.00,12.00,12.00, ,0.00,,36.20,13.50,0,5.34,46.1,1,0,0.00,0.00,0.00,12.00,0.00,0.00,0,0,0.00,0
2026-05-10 20:08:52,17.40,0,0,0,0,0,0,0,0.00,1,0.00,0.00,0.00,0.00,0.00,P,0.00,12.00,12.00,12.00,12.00, ,0.00,,34.30,13.50,0,6.35,48.3,1,0,0.00,0.00,0.00,12.00,0.00,0.00,0,0,0.00,0
2026-05-10 20:08:53,18.42,0,0,0,0,0,0,0,0.00,1,0.00,0.00,0.00,0.00,0.00,P,0.00,12.00,12.00,12.00,12.00, ,0.00,,35.90,13.40,0,7.37,47.7,1,0,0.00,0.00,0.00,12.00,0.00,0.00,0,0,0.00,0
2026-05-10 20:08:54,19.43,0,0,0,0,0,0,0,0.00,1,0.00,0.00,0.00,0.00,0.00,P,0.00,12.00,12.00,12.00,12.00, ,0.00,,35.20,13.40,0,8.39,46.1,1,0,0.00,0.00,0.00,12.00,0.00,0.00,0,0,0.00,0
2026-05-10 20:08:55,20.45,0,0,0,0,0,0,0,0.00,1,0.00,0.00,0.00,0.00,0.00,P,0.00,12.00,12.00,12.00,12.00, ,0.00,,36.70,13.40,0,9.40,47.7,1,0,0.00,0.00,0.00,12.00,0.00,0.00,0,0,0.00,0
2026-05-10 20:08:56,21.46,0,0,0,0,0,0,0,0.00,1,0.00,0.00,0.00,0.00,0.00,P,0.00,12.00,12.00,12.00,12.00, ,0.00,,35.50,13.40,0,10.42,48.8,1,0,0.00,0.00,0.00,12.00,0.00,0.00,0,0,0.00,0
2026-05-10 20:08:57,22.48,0,0,0,0,0,0,0,0.00,1,0.00,0.00,0.00,0.00,0.00,P,0.00,12.00,12.00,12.00,12.00, ,0.00,,35.10,13.30,0,11.43,48.8,1,0,0.00,0.00,0.00,12.00,0.00,0.00,0,0,0.00,0
2026-05-10 20:08:58,23.49,0,0,0,0,0,0,0,0.00,1,0.00,0.00,0.00,0.00,0.00,P,0.00,12.00,12.00,12.00,12.00, ,0.00,,35.50,13.30,0,12.45,47.2,1,0,0.00,0.00,0.00,12.00,0.00,0.00,0,0,0.00,0
2026-05-10 20:08:59,24.50,0,0,0,0,0,0,0,0.00,1,0.00,0.00,0.00,0.00,0.00,P,0.00,12.00,12.00,12.00,12.00, ,0.00,,36.50,13.30,0,13.45,48.8,1,0,0.00,0.00,0.00,12.00,0.00,0.00,0,0,0.00,0
2026-05-10 20:09:00,25.51,0,0,0,0,0,0,0,0.00,1,0.00,0.00,0.00,0.00,0.00,P,0.00,12.00,12.00,12.00,12.00, ,0.00,,34.80,13.30,0,0.23,48.8,1,0,0.00,0.00,0.00,12.00,0.00,0.00,0,0,0.00,0
2026-05-10 20:09:01,26.52,0,0,0,0,0,0,0,0.00,1,0.00,0.00,0.00,0.00,0.00,P,0.00,12.00,12.00,12.00,12.00, ,0.00,,36.60,13.30,0,1.24,47.7,1,0,0.00,0.00,0.00,12.00,0.00,0.00,0,0,0.00,0
2026-05-10 20:09:02,27.53,0,0,0,0,0,0,0,0.00,1,0.00,0.00,0.00,0.00,0.00,P,0.00,12.00,12.00,12.00,12.00, ,0.00,,37.30,13.20,0,0.38,47.7,1,0,0.00,0.00,0.00,12.00,0.00,0.00,0,0,0.00,0
2026-05-10 20:09:03,28.54,0,0,0,0,0,0,0,0.00,1,0.00,0.00,0.00,0.00,0.00,P,0.00,12.00,12.00,12.00,12.00, ,0.00,,36.60,13.20,0,0.40,48.3,1,0,0.00,0.00,0.00,12.00,0.00,0.00,0,0,0.00,0
2026-05-10 20:09:04,29.55,0,0,0,0,0,0,0,0.00,1,0.00,0.00,0.00,0.00,0.00,P,0.00,12.00,12.00,12.00,12.00, ,0.00,,35.60,13.20,0,0.67,48.8,1,0,0.00,0.00,0.00,12.00,0.00,0.00,0,0,0.00,0
2026-05-10 20:09:05,30.57,0,0,0,0,0,0,0,0.00,1,0.00,0.00,0.00,0.00,0.00,P,0.00,12.00,12.00,12.00,12.00, ,0.00,,37.60,13.20,0,1.69,48.3,1,0,0.00,0.00,0.00,12.00,0.00,0.00,0,0,0.00,0
2026-05-10 20:09:06,31.58,0,0,0,0,0,0,0,0.00,1,0.00,0.00,0.00,0.00,0.00,P,0.00,12.00,12.00,12.00,12.00, ,0.00,,36.20,13.20,0,2.70,47.7,1,0,0.00,0.00,0.00,12.00,0.00,0.00,0,0,0.00,0
2026-05-10 20:09:07,32.59,0,0,0,0,0,0,0,0.00,1,0.00,0.00,0.00,0.00,0.00,P,0.00,12.00,12.00,12.00,12.00, ,0.00,,36.40,13.20,0,3.71,49.9,1,0,0.00,0.00,0.00,12.00,0.00,0.00,0,0,0.00,0
2026-05-10 20:09:08,33.60,0,0,0,0,0,0,0,0.00,1,0.00,0.00,0.00,0.00,0.00,P,0.00,12.00,12.00,12.00,12.00, ,0.00,,36.90,13.20,0,4.72,49.9,1,0,0.00,0.00,0.00,12.00,0.00,0.00,0,0,0.00,0
2026-05-10 20:09:09,34.62,0,0,0,0,0,0,0,0.00,1,0.00,0.00,0.00,0.00,0.00,P,0.00,12.00,12.00,12.00,12.00, ,0.00,,36.00,13.20,0,0.76,49.4,1,0,0.00,0.00,0.00,12.00,0.00,0.00,0,0,0.00,0
2026-05-10 20:09:10,35.64,0,0,0,0,0,0,0,0.00,1,0.00,0.00,0.00,0.00,0.00,P,0.00,12.00,12.00,12.00,12.00, ,0.00,,35.40,13.20,0,1.78,49.4,1,0,0.00,0.00,0.00,12.00,0.00,0.00,0,0,0.00,0
2026-05-10 20:09:11,36.65,0,0,0,0,0,0,0,0.00,1,0.00,0.00,0.00,0.00,0.00,P,0.00,12.00,12.00,12.00,12.00, ,0.00,,37.40,13.20,0,2.79,49.9,1,0,0.00,0.00,0.00,12.00,0.00,0.00,0,0,0.00,0
2026-05-10 20:09:12,37.66,0,0,0,0,0,0,0,0.00,1,0.00,0.00,0.00,0.00,0.00,P,0.00,12.00,12.00,12.00,12.00, ,0.00,,35.60,13.20,0,3.80,48.8,1,0,0.00,0.00,0.00,12.00,0.00,0.00,0,0,0.00,0
2026-05-10 20:09:13,38.67,0,0,0,0,0,0,0,0.00,1,0.00,0.00,0.00,0.00,0.00,P,0.00,12.00,12.00,12.00,12.00, ,0.00,,37.20,13.20,0,4.81,49.4,1,0,0.00,0.00,0.00,12.00,0.00,0.00,0,0,0.00,0
2026-05-10 20:09:14,39.68,0,0,0,0,0,0,0,0.00,1,0.00,0.00,0.00,0.00,0.00,P,0.00,12.00,12.00,12.00,12.00, ,0.00,,36.30,13.20,0,5.82,49.4,1,0,0.00,0.00,0.00,12.00,0.00,0.00,0,0,0.00,0
2026-05-10 20:09:15,40.69,0,0,0,0,0,0,0,0.00,1,0.00,0.00,0.00,0.00,0.00,P,0.00,12.00,12.00,12.00,12.00, ,0.00,,36.60,13.20,0,0.37,50.5,1,0,0.00,0.00,0.00,12.00,0.00,0.00,0,0,0.00,0
2026-05-10 20:09:16,41.71,0,0,0,0,0,0,0,0.00,1,0.00,0.00,0.00,0.00,0.00,P,0.00,12.00,12.00,12.00,12.00, ,0.00,,36.30,13.20,0,1.39,50.5,1,0,0.00,0.00,0.00,12.00,0.00,0.00,0,0,0.00,0
2026-05-10 20:09:17,42.73,0,0,0,0,0,0,0,0.00,1,0.00,0.00,0.00,0.00,0.00,P,0.00,12.00,12.00,12.00,12.00, ,0.00,,36.30,13.20,0,2.41,49.4,1,0,0.00,0.00,0.00,12.00,0.00,0.00,0,0,0.00,0
2026-05-10 20:09:18,43.74,0,0,0,0,0,0,0,0.00,1,0.00,0.00,0.00,0.00,0.00,P,0.00,12.00,12.00,12.00,12.00, ,0.00,,36.10,13.20,0,0.54,48.8,1,0,0.00,0.00,0.00,12.00,0.00,0.00,0,0,0.00,0
2026-05-10 20:09:19,44.86,0,0,0,0,0,0,0,0.00,1,0.00,0.00,0.00,0.00,0.00,P,0.00,12.00,12.00,12.00,12.00, ,0.00,,35.30,13.20,0,1.65,49.4,1,0,0.00,0.00,0.00,12.00,0.00,0.00,0,0,0.00,0
2026-05-10 20:09:20,45.77,0,0,0,0,0,0,0,0.00,1,0.00,0.00,0.00,0.00,0.00,P,0.00,12.00,12.00,12.00,12.00, ,0.00,,35.10,13.20,0,2.56,49.9,1,0,0.00,0.00,0.00,12.00,0.00,0.00,0,0,0.00,0
2026-05-10 20:09:21,46.79,0,0,0,0,0,0,0,0.00,1,0.00,0.00,0.00,0.00,0.00,P,0.00,12.00,12.00,12.00,12.00, ,0.00,,36.60,13.20,0,3.58,49.4,1,0,0.00,0.00,0.00,12.00,0.00,0.00,0,0,0.00,0
2026-05-10 20:09:22,47.79,0,0,0,0,0,0,0,0.00,1,0.00,0.00,0.00,0.00,0.00,P,0.00,12.00,12.00,12.00,12.00, ,0.00,,37.40,13.20,0,4.58,48.3,1,0,0.00,0.00,0.00,12.00,0.00,0.00,0,0,0.00,0
2026-05-10 20:09:23,48.80,0,0,0,0,0,0,0,0.00,1,0.00,0.00,0.00,0.00,0.00,P,0.00,12.00,12.00,12.00,12.00, ,0.00,,37.40,13.20,0,0.84,48.8,1,0,0.00,0.00,0.00,12.00,0.00,0.00,0,0,0.00,0
2026-05-10 20:09:24,49.81,0,0,0,0,0,0,0,0.00,1,0.00,0.00,0.00,0.00,0.00,P,0.00,12.00,12.00,12.00,12.00, ,0.00,,35.20,13.20,0,1.85,51.0,1,0,0.00,0.00,0.00,12.00,0.00,0.00,0,0,0.00,0
2026-05-10 20:09:25,50.82,0,0,0,0,0,0,0,0.00,1,0.00,0.00,0.00,0.00,0.00,P,0.00,12.00,12.00,12.00,12.00, ,0.00,,37.10,13.10,0,0.98,51.0,1,0,0.00,0.00,0.00,12.00,0.00,0.00,0,0,0.00,0
2026-05-10 20:09:26,51.83,0,0,0,0,0,0,0,0.00,1,0.00,0.00,0.00,0.00,0.00,P,0.00,12.00,12.00,12.00,12.00, ,0.00,,36.00,13.20,0,1.99,50.5,1,0,0.00,0.00,0.00,12.00,0.00,0.00,0,0,0.00,0
2026-05-10 20:09:27,52.85,0,0,0,0,0,0,0,0.00,1,0.00,0.00,0.00,0.00,0.00,P,0.00,12.00,12.00,12.00,12.00, ,0.00,,34.80,13.20,0,3.00,50.5,1,0,0.00,0.00,0.00,12.00,0.00,0.00,0,0,0.00,0
2026-05-10 20:09:28,53.97,0,0,0,0,0,0,0,0.00,1,0.00,0.00,0.00,0.00,0.00,P,0.00,12.00,12.00,12.00,12.00, ,0.00,,33.90,13.20,0,4.13,50.5,1,0,0.00,0.00,0.00,12.00,0.00,0.00,0,0,0.00,0
2026-05-10 20:09:29,54.88,0,0,0,0,0,0,0,0.00,1,0.00,0.00,0.00,0.00,0.00,P,0.00,12.00,12.00,12.00,12.00, ,0.00,,37.20,13.20,0,0.14,50.5,1,0,0.00,0.00,0.00,12.00,0.00,0.00,0,0,0.00,0
2026-05-10 20:09:30,55.90,0,0,0,0,0,0,0,0.00,1,0.00,0.00,0.00,0.00,0.00,P,0.00,12.00,12.00,12.00,12.00, ,0.00,,35.40,13.10,0,0.47,51.6,1,0,0.00,0.00,0.00,12.00,0.00,0.00,0,0,0.00,0
2026-05-10 20:09:31,56.92,0,0,0,0,0,0,0,0.00,1,0.00,0.00,0.00,0.00,0.00,P,0.00,12.00,12.00,12.00,12.00, ,0.00,,36.70,13.10,0,0.51,52.1,1,0,0.00,0.00,0.00,12.00,0.00,0.00,0,0,0.00,0
2026-05-10 20:09:32,57.92,0,0,0,0,0,0,0,0.00,1,0.00,0.00,0.00,0.00,0.00,P,0.00,12.00,12.00,12.00,12.00, ,0.00,,35.60,13.10,0,0.83,51.0,1,0,0.00,0.00,0.00,12.00,0.00,0.00,0,0,0.00,0
2026-05-10 20:09:33,58.94,0,0,0,0,0,0,0,0.00,1,0.00,0.00,0.00,0.00,0.00,P,0.00,12.00,12.00,12.00,12.00, ,0.00,,36.00,13.10,0,1.85,51.6,1,0,0.00,0.00,0.00,12.00,0.00,0.00,0,0,0.00,0
2026-05-10 20:09:34,59.95,0,0,0,0,0,0,0,0.00,1,0.00,0.00,0.00,0.00,0.00,P,0.00,12.00,12.00,12.00,12.00, ,0.00,,35.80,13.10,0,2.86,50.5,1,0,0.00,0.00,0.00,12.00,0.00,0.00,0,0,0.00,0
2026-05-10 20:09:35,60.95,0,0,0,0,0,0,0,0.00,1,0.00,0.00,0.00,0.00,0.00,P,0.00,12.00,12.00,12.00,12.00, ,0.00,,36.00,13.10,0,3.87,51.0,1,0,0.00,0.00,0.00,12.00,0.00,0.00,0,0,0.00,0
2026-05-10 20:09:36,61.96,0,0,0,0,0,0,0,0.00,1,0.00,0.00,0.00,0.00,0.00,P,0.00,12.00,12.00,12.00,12.00, ,0.00,,35.50,13.10,0,4.87,51.6,1,0,0.00,0.00,0.00,12.00,0.00,0.00,0,0,0.00,0
2026-05-10 20:09:37,62.97,0,0,0,0,0,0,0,0.00,1,0.00,0.00,0.00,0.00,0.00,P,0.00,12.00,12.00,12.00,12.00, ,0.00,,36.20,13.10,0,5.88,52.1,1,0,0.00,0.00,0.00,12.00,0.00,0.00,0,0,0.00,0
2026-05-10 20:09:38,63.99,0,0,0,0,0,0,0,0.00,1,0.00,0.00,0.00,0.00,0.00,P,0.00,12.00,12.00,12.00,12.00, ,0.00,,37.30,13.10,0,6.90,49.9,1,0,0.00,0.00,0.00,12.00,0.00,0.00,0,0,0.00,0
2026-05-10 20:09:39,64.99,0,0,0,0,0,0,0,0.00,1,0.00,0.00,0.00,0.00,0.00,P,0.00,12.00,12.00,12.00,12.00, ,0.00,,35.40,13.10,0,7.91,50.5,1,0,0.00,0.00,0.00,12.00,0.00,0.00,0,0,0.00,0
2026-05-10 20:09:40,66.01,0,0,0,0,0,0,0,0.00,1,0.00,0.00,0.00,0.00,0.00,P,0.00,12.00,12.00,12.00,12.00, ,0.00,,36.00,13.10,0,0.66,50.5,1,0,0.00,0.00,0.00,12.00,0.00,0.00,0,0,0.00,0
2026-05-10 20:09:41,67.03,0,0,0,0,0,0,0,0.00,1,0.00,0.00,0.00,0.00,0.00,P,0.00,12.00,12.00,12.00,12.00, ,0.00,,36.40,13.10,0,1.68,49.9,1,0,0.00,0.00,0.00,12.00,0.00,0.00,0,0,0.00,0
2026-05-10 20:09:42,68.05,0,0,0,0,0,0,0,0.00,1,0.00,0.00,0.00,0.00,0.00,P,0.00,12.00,12.00,12.00,12.00, ,0.00,,35.20,13.10,0,2.70,51.6,1,0,0.00,0.00,0.00,12.00,0.00,0.00,0,0,0.00,0
2026-05-10 20:09:44,69.07,0,0,0,0,0,0,0,0.00,1,0.00,0.00,0.00,0.00,0.00,P,0.00,12.00,12.00,12.00,12.00, ,0.00,,37.60,13.10,0,3.72,51.0,1,0,0.00,0.00,0.00,12.00,0.00,0.00,0,0,0.00,0
2026-05-10 20:09:45,70.07,0,0,0,0,0,0,0,0.00,1,0.00,0.00,0.00,0.00,0.00,P,0.00,12.00,12.00,12.00,12.00, ,0.00,,36.40,13.10,0,0.46,51.0,1,0,0.00,0.00,0.00,12.00,0.00,0.00,0,0,0.00,0
2026-05-10 20:09:46,71.07,0,0,0,0,0,0,0,0.00,1,0.00,0.00,0.00,0.00,0.00,P,0.00,12.00,12.00,12.00,12.00, ,0.00,,36.50,13.10,0,1.46,51.6,1,0,0.00,0.00,0.00,12.00,0.00,0.00,0,0,0.00,0
2026-05-10 20:09:47,72.09,0,0,0,0,0,0,0,0.00,1,0.00,0.00,0.00,0.00,0.00,P,0.00,12.00,12.00,12.00,12.00, ,0.00,,37.40,13.10,0,2.48,52.7,1,0,0.00,0.00,0.00,12.00,0.00,0.00,0,0,0.00,0
2026-05-10 20:09:48,73.11,0,0,0,0,0,0,0,0.00,1,0.00,0.00,0.00,0.00,0.00,P,0.00,12.00,12.00,12.00,12.00, ,0.00,,36.30,13.10,0,0.74,52.7,1,0,0.00,0.00,0.00,12.00,0.00,0.00,0,0,0.00,0
2026-05-10 20:09:49,74.13,0,0,0,0,0,0,0,0.00,1,0.00,0.00,0.00,0.00,0.00,P,0.00,12.00,12.00,12.00,12.00, ,0.00,,35.80,13.10,0,0.04,49.9,1,0,0.00,0.00,0.00,12.00,0.00,0.00,0,0,0.00,0
2026-05-10 20:09:50,75.14,0,0,0,0,0,0,0,0.00,1,0.00,0.00,0.00,0.00,0.00,P,0.00,12.00,12.00,12.00,12.00, ,0.00,,35.00,13.10,0,0.60,52.1,1,0,0.00,0.00,0.00,12.00,0.00,0.00,0,0,0.00,0
2026-05-10 20:09:51,76.14,0,0,0,0,0,0,0,0.00,1,0.00,0.00,0.00,0.00,0.00,P,0.00,12.00,12.00,12.00,12.00, ,0.00,,36.50,13.10,0,1.60,52.7,1,0,0.00,0.00,0.00,12.00,0.00,0.00,0,0,0.00,0
2026-05-10 20:09:52,77.16,0,0,0,0,0,0,0,0.00,1,0.00,0.00,0.00,0.00,0.00,P,0.00,12.00,12.00,12.00,12.00, ,0.00,,36.00,13.10,0,2.62,52.1,1,0,0.00,0.00,0.00,12.00,0.00,0.00,0,0,0.00,0
2026-05-10 20:09:53,78.17,0,0,0,0,0,0,0,0.00,1,0.00,0.00,0.00,0.00,0.00,P,0.00,12.00,12.00,12.00,12.00, ,0.00,,34.50,13.10,0,3.63,50.5,1,0,0.00,0.00,0.00,12.00,0.00,0.00,0,0,0.00,0
2026-05-10 20:09:54,79.19,0,0,0,0,0,0,0,0.00,1,0.00,0.00,0.00,0.00,0.00,P,0.00,12.00,12.00,12.00,12.00, ,0.00,,36.20,13.10,0,0.22,51.0,1,0,0.00,0.00,0.00,12.00,0.00,0.00,0,0,0.00,0
2026-05-10 20:09:55,80.21,0,0,0,0,0,0,0,0.00,1,0.00,0.00,0.00,0.00,0.00,P,0.00,12.00,12.00,12.00,12.00, ,0.00,,36.90,13.10,0,0.27,51.0,1,0,0.00,0.00,0.00,12.00,0.00,0.00,0,0,0.00,0
2026-05-10 20:09:56,81.32,0,0,0,0,0,0,0,0.00,1,0.00,0.00,0.00,0.00,0.00,P,0.00,12.00,12.00,12.00,12.00, ,0.00,,34.60,13.10,0,1.37,51.6,1,0,0.00,0.00,0.00,12.00,0.00,0.00,0,0,0.00,0
2026-05-10 20:09:57,82.23,0,0,0,0,0,0,0,0.00,1,0.00,0.00,0.00,0.00,0.00,P,0.00,12.00,12.00,12.00,12.00, ,0.00,,36.90,13.10,0,2.29,52.1,1,0,0.00,0.00,0.00,12.00,0.00,0.00,0,0,0.00,0
2026-05-10 20:09:58,83.25,0,0,0,0,0,0,0,0.00,1,0.00,0.00,0.00,0.00,0.00,P,0.00,12.00,12.00,12.00,12.00, ,0.00,,36.20,13.10,0,3.31,52.1,1,0,0.00,0.00,0.00,12.00,0.00,0.00,0,0,0.00,0
2026-05-10 20:09:59,84.26,0,0,0,0,0,0,0,0.00,1,0.00,0.00,0.00,0.00,0.00,P,0.00,12.00,12.00,12.00,12.00, ,0.00,,36.90,13.10,0,0.76,51.6,1,0,0.00,0.00,0.00,12.00,0.00,0.00,0,0,0.00,0
2026-05-10 20:10:00,85.27,0,0,0,0,0,0,0,0.00,1,0.00,0.00,0.00,0.00,0.00,P,0.00,12.00,12.00,12.00,12.00, ,0.00,,36.50,13.10,0,1.77,51.6,1,0,0.00,0.00,0.00,12.00,0.00,0.00,0,0,0.00,0
2026-05-10 20:10:01,86.29,0,0,0,0,0,0,0,0.00,1,0.00,0.00,0.00,0.00,0.00,P,0.00,12.00,12.00,12.00,12.00, ,0.00,,36.10,13.10,0,2.79,53.8,1,0,0.00,0.00,0.00,12.00,0.00,0.00,0,0,0.00,0
2026-05-10 20:10:02,87.30,0,0,0,0,0,0,0,0.00,1,0.00,0.00,0.00,0.00,0.00,P,0.00,12.00,12.00,12.00,12.00, ,0.00,,35.20,13.10,0,3.80,52.7,1,0,0.00,0.00,0.00,12.00,0.00,0.00,0,0,0.00,0
2026-05-10 20:10:03,88.30,0,0,0,0,0,0,0,0.00,1,0.00,0.00,0.00,0.00,0.00,P,0.00,12.00,12.00,12.00,12.00, ,0.00,,36.30,13.10,0,4.80,53.8,1,0,0.00,0.00,0.00,12.00,0.00,0.00,0,0,0.00,0
2026-05-10 20:10:04,89.30,0,0,0,0,0,0,0,0.00,1,0.00,0.00,0.00,0.00,0.00,P,0.00,12.00,12.00,12.00,12.00, ,0.00,,36.20,13.10,0,5.80,53.2,1,0,0.00,0.00,0.00,12.00,0.00,0.00,0,0,0.00,0
2026-05-10 20:10:05,90.31,0,0,0,0,0,0,0,0.00,1,0.00,0.00,0.00,0.00,0.00,P,0.00,12.00,12.00,12.00,12.00, ,0.00,,36.50,13.10,0,6.81,53.2,1,0,0.00,0.00,0.00,12.00,0.00,0.00,0,0,0.00,0
2026-05-10 20:10:06,91.32,0,0,0,0,0,0,0,0.00,1,0.00,0.00,0.00,0.00,0.00,P,0.00,12.00,12.00,12.00,12.00, ,0.00,,35.20,13.10,0,7.82,52.7,1,0,0.00,0.00,0.00,12.00,0.00,0.00,0,0,0.00,0
2026-05-10 20:10:07,92.32,0,0,0,0,0,0,0,0.00,1,0.00,0.00,0.00,0.00,0.00,P,0.00,12.00,12.00,12.00,12.00, ,0.00,,36.70,13.10,0,0.28,52.1,1,0,0.00,0.00,0.00,12.00,0.00,0.00,0,0,0.00,0
2026-05-10 20:10:08,93.33,0,0,0,0,0,0,0,0.00,1,0.00,0.00,0.00,0.00,0.00,P,0.00,12.00,12.00,12.00,12.00, ,0.00,,36.10,13.10,0,0.60,52.1,1,0,0.00,0.00,0.00,12.00,0.00,0.00,0,0,0.00,0
2026-05-10 20:10:09,94.34,0,0,0,0,0,0,0,0.00,1,0.00,0.00,0.00,0.00,0.00,P,0.00,12.00,12.00,12.00,12.00, ,0.00,,36.00,13.10,0,1.61,52.7,1,0,0.00,0.00,0.00,12.00,0.00,0.00,0,0,0.00,0
2026-05-10 20:10:10,95.36,0,0,0,0,0,0,0,0.00,1,0.00,0.00,0.00,0.00,0.00,P,0.00,12.00,12.00,12.00,12.00, ,0.00,,36.30,13.10,0,2.63,52.7,1,0,0.00,0.00,0.00,12.00,0.00,0.00,0,0,0.00,0
2026-05-10 20:10:11,96.36,0,0,0,0,0,0,0,0.00,1,0.00,0.00,0.00,0.00,0.00,P,0.00,12.00,12.00,12.00,12.00, ,0.00,,37.20,13.10,0,0.07,53.2,1,0,0.00,0.00,0.00,12.00,0.00,0.00,0,0,0.00,0
2026-05-10 20:10:12,97.37,0,0,0,0,0,0,0,0.00,1,0.00,0.00,0.00,0.00,0.00,P,0.00,12.00,12.00,12.00,12.00, ,0.00,,37.00,13.10,0,1.08,53.8,1,0,0.00,0.00,0.00,12.00,0.00,0.00,0,0,0.00,0
2026-05-10 20:10:13,98.38,0,0,0,0,0,0,0,0.00,1,0.00,0.00,0.00,0.00,0.00,P,0.00,12.00,12.00,12.00,12.00, ,0.00,,37.40,13.10,0,2.09,52.1,1,0,0.00,0.00,0.00,12.00,0.00,0.00,0,0,0.00,0
2026-05-10 20:10:14,99.49,0,0,0,0,0,0,0,0.00,1,0.00,0.00,0.00,0.00,0.00,P,0.00,12.00,12.00,12.00,12.00, ,0.00,,34.00,13.10,0,0.16,52.7,1,0,0.00,0.00,0.00,12.00,0.00,0.00,0,0,0.00,0
2026-05-10 20:10:15,100.42,0,0,0,0,0,0,0,0.00,1,0.00,0.00,0.00,0.00,0.00,P,0.00,12.00,12.00,12.00,12.00, ,0.00,,36.50,13.10,0,0.08,53.8,1,0,0.00,0.00,0.00,12.00,0.00,0.00,0,0,0.00,0
2026-05-10 20:10:16,101.43,0,0,0,0,0,0,0,0.00,1,0.00,0.00,0.00,0.00,0.00,P,0.00,12.00,12.00,12.00,12.00, ,0.00,,36.40,13.10,0,1.10,52.7,1,0,0.00,0.00,0.00,12.00,0.00,0.00,0,0,0.00,0
2026-05-10 20:10:17,102.45,0,0,0,0,0,0,0,0.00,1,0.00,0.00,0.00,0.00,0.00,P,0.00,12.00,12.00,12.00,12.00, ,0.00,,35.90,13.10,0,0.65,53.8,1,0,0.00,0.00,0.00,12.00,0.00,0.00,0,0,0.00,0
2026-05-10 20:10:18,103.47,0,0,0,0,0,0,0,0.00,1,0.00,0.00,0.00,0.00,0.00,P,0.00,12.00,12.00,12.00,12.00, ,0.00,,36.30,13.10,0,0.49,52.1,1,0,0.00,0.00,0.00,12.00,0.00,0.00,0,0,0.00,0
2026-05-10 20:10:19,104.48,0,0,0,0,0,0,0,0.00,1,0.00,0.00,0.00,0.00,0.00,P,0.00,12.00,12.00,12.00,12.00, ,0.00,,36.80,13.10,0,1.50,52.7,1,0,0.00,0.00,0.00,12.00,0.00,0.00,0,0,0.00,0
2026-05-10 20:10:20,105.48,0,0,0,0,0,0,0,0.00,1,0.00,0.00,0.00,0.00,0.00,P,0.00,12.00,12.00,12.00,12.00, ,0.00,,35.30,13.10,0,0.28,53.2,1,0,0.00,0.00,0.00,12.00,0.00,0.00,0,0,0.00,0
2026-05-10 20:10:21,106.50,0,0,0,0,0,0,0,0.00,1,0.00,0.00,0.00,0.00,0.00,P,0.00,12.00,12.00,12.00,12.00, ,0.00,,37.10,13.10,0,1.30,53.8,1,0,0.00,0.00,0.00,12.00,0.00,0.00,0,0,0.00,0
2026-05-10 20:10:22,107.51,0,0,0,0,0,0,0,0.00,1,0.00,0.00,0.00,0.00,0.00,P,0.00,12.00,12.00,12.00,12.00, ,0.00,,38.30,13.10,0,2.32,53.8,1,0,0.00,0.00,0.00,12.00,0.00,0.00,0,0,0.00,0
2026-05-10 20:10:23,108.52,0,0,0,0,0,0,0,0.00,1,0.00,0.00,0.00,0.00,0.00,P,0.00,12.00,12.00,12.00,12.00, ,0.00,,36.50,13.10,0,0.50,52.7,1,0,0.00,0.00,0.00,12.00,0.00,0.00,0,0,0.00,0
2026-05-10 20:10:24,109.54,0,0,0,0,0,0,0,0.00,1,0.00,0.00,0.00,0.00,0.00,P,0.00,12.00,12.00,12.00,12.00, ,0.00,,36.20,13.10,0,1.51,52.1,1,0,0.00,0.00,0.00,12.00,0.00,0.00,0,0,0.00,0
2026-05-10 20:10:25,110.54,0,0,0,0,0,0,0,0.00,1,0.00,0.00,0.00,0.00,0.00,P,0.00,12.00,12.00,12.00,12.00, ,0.00,,36.30,13.10,0,2.52,52.7,1,0,0.00,0.00,0.00,12.00,0.00,0.00,0,0,0.00,0
2026-05-10 20:10:26,111.55,0,0,0,0,0,0,0,0.00,1,0.00,0.00,0.00,0.00,0.00,P,0.00,12.00,12.00,12.00,12.00, ,0.00,,35.20,13.10,0,3.53,53.2,1,0,0.00,0.00,0.00,12.00,0.00,0.00,0,0,0.00,0
2026-05-10 20:10:27,112.56,0,0,1,0,0,0,0,0.00,0,0.00,0.00,0.00,0.00,0.00,N,0.00,12.00,12.00,12.00,12.00, ,0.00,,35.30,13.10,0,4.54,53.8,1,0,0.00,0.00,0.00,12.00,0.00,0.00,0,0,0.00,0
2026-05-10 20:10:28,113.57,0,0,0,0,0,0,0,-0.87,0,0.00,0.00,0.00,0.00,0.00,N,0.00,12.00,12.00,12.00,12.00, ,0.00,,37.00,13.10,0,5.55,53.2,1,0,0.00,0.00,0.00,12.00,0.00,0.00,0,0,0.00,0
2026-05-10 20:10:29,114.59,0,0,1,0,0,0,0,-0.60,0,0.00,0.03,0.00,0.01,0.15,D,0.00,12.00,12.00,12.00,12.00, ,0.00,,36.80,13.10,0,0.15,54.3,1,0,0.00,0.00,0.00,12.00,0.00,0.00,0,0,0.00,0
2026-05-10 20:10:30,115.62,0,0,1,0,0,0,0,-0.60,0,1.00,0.03,0.00,0.00,0.24,D,0.00,12.00,12.00,12.00,12.00, ,0.00,,37.80,13.10,0,0.98,54.9,1,0,0.00,0.00,0.00,12.00,0.00,0.00,0,0,0.00,0
2026-05-10 20:10:31,116.62,0,0,0,0,0,0,0,0.00,0,1.00,0.40,0.00,0.40,0.74,D,0.00,12.00,12.00,12.00,12.00, ,0.00,,37.80,13.10,0,0.00,53.8,1,0,0.00,0.00,0.00,12.00,0.00,0.00,0,0,0.00,0
2026-05-10 20:10:32,117.62,0,0,0,0,0,0,0,0.41,0,0.00,3.10,0.02,3.10,0.94,D,0.00,12.00,12.00,12.00,12.00, ,0.00,,37.10,13.10,0,0.00,53.2,1,0,0.00,0.00,0.00,12.00,0.00,0.00,0,0,0.00,0
2026-05-10 20:10:33,118.64,0,0,0,0,0,0,0,0.00,1,0.00,3.36,0.04,2.51,0.00,D,0.00,12.00,12.00,12.00,12.00, ,0.00,,38.20,13.20,0,0.00,52.1,1,0,0.00,0.00,0.00,12.00,0.00,0.00,0,0,0.00,0
2026-05-10 20:10:34,119.66,0,0,0,0,0,0,0,0.00,0,0.00,3.36,0.05,0.00,0.00,D,0.00,12.00,12.00,12.00,12.00, ,0.00,,37.90,13.20,0,0.44,53.2,1,0,0.00,0.00,0.00,12.00,0.00,0.00,0,0,0.00,0
2026-05-10 20:10:35,120.67,0,0,0,0,0,0,0,0.17,0,1.00,3.36,0.05,0.01,0.22,D,0.00,12.00,12.00,12.00,12.00, ,0.00,,36.00,13.20,0,0.14,54.9,1,0,0.00,0.00,0.00,12.00,0.00,0.00,0,0,0.00,0
2026-05-10 20:10:36,121.68,0,0,0,0,0,0,0,0.38,0,1.00,3.36,0.05,0.60,0.72,D,0.00,12.00,12.00,12.00,12.00, ,0.00,,37.30,13.20,0,0.00,53.8,1,0,0.00,0.00,0.00,12.00,0.00,0.00,0,0,0.00,0
2026-05-10 20:10:37,122.69,0,0,0,0,0,0,0,0.00,0,1.00,3.36,0.06,2.16,0.95,D,0.00,12.00,12.00,12.00,12.00, ,0.00,,38.10,13.10,0,0.00,54.3,1,0,0.00,0.00,0.00,12.00,0.00,0.00,0,0,0.00,0
2026-05-10 20:10:38,123.69,0,0,0,0,0,0,0,0.00,0,0.00,3.51,0.08,3.51,0.78,D,0.00,12.00,12.00,12.00,12.00, ,0.00,,37.90,13.20,0,0.00,52.1,1,0,0.00,0.00,0.00,12.00,0.00,0.00,0,0,0.00,0
2026-05-10 20:10:39,124.71,0,0,0,0,0,0,0,0.00,0,0.00,3.51,0.11,0.96,0.00,D,0.00,12.00,12.00,12.00,12.00, ,0.00,,40.70,13.50,0,0.00,53.8,1,0,0.00,0.00,0.00,12.00,0.00,0.00,0,0,0.00,0
2026-05-10 20:10:40,125.71,0,0,0,0,0,0,0,0.00,0,0.00,3.51,0.11,0.00,0.00,D,0.00,12.00,12.00,12.00,12.00, ,0.00,,38.40,13.50,0,0.03,55.4,1,0,0.00,0.00,0.00,12.00,0.00,0.00,0,0,0.00,0
2026-05-10 20:10:41,126.73,0,0,0,0,0,0,0,0.00,0,0.00,3.51,0.11,0.00,0.00,D,0.00,12.00,12.00,12.00,12.00, ,0.00,,37.00,13.50,0,0.95,53.8,1,0,0.00,0.00,0.00,12.00,0.00,0.00,0,0,0.00,0
2026-05-10 20:10:42,127.75,0,0,0,0,0,0,0,0.00,0,0.00,3.51,0.11,0.00,0.00,D,0.00,12.00,12.00,12.00,12.00, ,0.00,,37.40,13.30,0,1.97,53.8,1,0,0.00,0.00,0.00,12.00,0.00,0.00,0,0,0.00,0
2026-05-10 20:10:43,128.76,0,0,0,0,0,0,0,0.00,0,1.00,3.51,0.11,0.01,0.33,D,0.00,12.00,12.00,12.00,12.00, ,0.00,,44.00,13.30,0,0.02,53.8,1,0,0.00,0.00,0.00,12.00,0.00,0.00,0,0,0.00,0
2026-05-10 20:10:44,129.78,0,0,0,0,0,0,0,0.26,0,1.00,3.51,0.11,1.18,0.84,D,0.00,12.00,12.00,12.00,12.00, ,0.00,,37.60,13.20,0,0.00,53.8,1,0,0.00,0.00,0.00,12.00,0.00,0.00,0,0,0.00,0
2026-05-10 20:10:45,130.81,0,0,0,0,0,0,0,0.14,0,0.00,3.51,0.12,2.45,0.43,D,0.00,12.00,12.00,12.00,12.00, ,0.00,,47.20,13.40,0,0.00,54.9,1,0,0.00,0.00,0.00,12.00,0.00,0.00,0,0,0.00,0
2026-05-10 20:10:46,131.87,0,0,0,0,0,0,0,0.00,0,0.00,3.51,0.14,1.63,0.00,D,0.00,12.00,12.00,12.00,12.00, ,0.00,,38.50,13.40,0,0.00,55.4,1,0,0.00,0.00,0.00,12.00,0.00,0.00,0,0,0.00,0
2026-05-10 20:10:47,132.85,0,0,0,0,0,0,0,0.00,0,0.00,3.51,0.15,1.48,0.00,D,0.00,12.00,12.00,12.00,12.00, ,0.00,,37.30,13.40,0,0.00,53.8,1,0,0.00,0.00,0.00,12.00,0.00,0.00,0,0,0.00,0
2026-05-10 20:10:48,133.87,0,0,0,0,0,0,0,0.00,1,0.00,3.51,0.16,1.11,0.00,D,0.00,12.00,12.00,12.00,12.00, ,0.00,,44.20,13.60,0,0.00,52.7,1,0,0.00,0.00,0.00,12.00,0.00,0.00,0,0,0.00,0
2026-05-10 20:10:49,134.89,0,0,0,0,0,0,0,0.00,1,0.00,3.51,0.16,0.00,0.00,D,0.00,12.00,12.00,12.00,12.00, ,0.00,,37.20,13.60,0,0.00,53.2,1,0,0.00,0.00,0.00,12.00,0.00,0.00,0,0,0.00,0
2026-05-10 20:10:50,135.92,0,0,0,0,0,0,0,0.00,1,0.00,3.51,0.16,0.00,0.00,D,0.00,12.00,12.00,12.00,12.00, ,0.00,,48.20,13.60,0,0.01,52.7,1,0,0.00,0.00,0.00,12.00,0.00,0.00,0,0,0.00,0
2026-05-10 20:10:51,136.93,0,0,0,0,0,0,0,0.00,1,0.00,3.51,0.16,0.23,0.00,D,0.00,12.00,12.00,12.00,12.00, ,0.00,,36.90,13.50,0,0.01,53.2,1,0,0.00,0.00,0.00,12.00,0.00,0.00,0,0,0.00,0
2026-05-10 20:10:52,137.94,0,0,0,0,0,0,0,0.00,1,0.00,3.51,0.16,0.00,0.00,D,0.00,12.00,12.00,12.00,12.00, ,0.00,,43.90,13.40,0,0.22,52.7,1,0,0.00,0.00,0.00,12.00,0.00,0.00,0,0,0.00,0
2026-05-10 20:10:53,138.95,0,0,0,0,0,0,0,0.00,1,0.00,3.51,0.16,0.00,0.00,D,0.00,12.00,12.00,12.00,12.00, ,0.00,,39.70,13.50,0,0.21,54.3,1,0,0.00,0.00,0.00,12.00,0.00,0.00,0,0,0.00,0
2026-05-10 20:10:54,139.96,0,0,0,0,0,0,0,0.00,1,0.00,3.51,0.15,0.00,0.00,D,0.00,12.00,12.00,12.00,12.00, ,0.00,,44.00,13.40,0,1.22,54.9,1,0,0.00,0.00,0.00,12.00,0.00,0.00,0,0,0.00,0
2026-05-10 20:10:55,140.97,0,0,0,0,0,0,0,0.00,1,0.00,3.51,0.15,0.00,0.00,D,0.00,12.00,12.00,12.00,12.00, ,0.00,,36.50,13.40,0,2.23,54.3,1,0,0.00,0.00,0.00,12.00,0.00,0.00,0,0,0.00,0
2026-05-10 20:10:56,141.98,0,0,0,0,0,0,0,0.00,1,0.00,3.51,0.15,0.00,0.00,D,0.00,12.00,12.00,12.00,12.00, ,0.00,,44.00,13.50,0,3.24,53.8,1,0,0.00,0.00,0.00,12.00,0.00,0.00,0,0,0.00,0
2026-05-10 20:10:57,142.99,0,0,0,0,0,0,0,0.00,1,0.00,3.51,0.15,0.00,0.00,D,0.00,12.00,12.00,12.00,12.00, ,0.00,,39.20,13.50,0,4.25,53.8,1,0,0.00,0.00,0.00,12.00,0.00,0.00,0,0,0.00,0
2026-05-10 20:10:59,144.10,0,0,0,0,0,0,0,0.00,1,0.00,3.51,0.15,0.00,0.00,D,0.00,12.00,12.00,12.00,12.00, ,0.00,,33.50,13.50,0,5.36,54.9,1,0,0.00,0.00,0.00,12.00,0.00,0.00,0,0,0.00,0
2026-05-10 20:10:59,145.01,0,0,0,0,0,0,0,0.00,1,0.00,3.51,0.15,0.00,0.00,D,0.00,12.00,12.00,12.00,12.00, ,0.00,,45.90,13.40,0,6.27,52.1,1,0,0.00,0.00,0.00,12.00,0.00,0.00,0,0,0.00,0
2026-05-10 20:11:00,146.03,0,0,0,0,0,0,0,0.00,1,0.00,3.51,0.15,0.00,0.00,D,0.00,12.00,12.00,12.00,12.00, ,0.00,,52.60,13.60,0,7.29,53.8,1,0,0.00,0.00,0.00,12.00,0.00,0.00,0,0,0.00,0
2026-05-10 20:11:01,147.05,0,0,0,0,0,0,0,0.00,1,0.00,3.51,0.15,0.00,0.00,D,0.00,12.00,12.00,12.00,12.00, ,0.00,,56.00,13.50,0,8.31,55.4,1,0,0.00,0.00,0.00,12.00,0.00,0.00,0,0,0.00,0
2026-05-10 20:11:02,148.06,0,0,0,0,0,0,0,0.00,1,0.00,3.51,0.15,0.00,0.00,D,0.00,12.00,12.00,12.00,12.00, ,0.00,,37.40,13.60,0,9.32,54.9,1,0,0.00,0.00,0.00,12.00,0.00,0.00,0,0,0.00,0
2026-05-10 20:11:04,149.07,0,0,0,0,0,0,0,0.00,1,0.00,3.51,0.15,0.00,0.00,D,0.00,12.00,12.00,12.00,12.00, ,0.00,,37.50,13.50,0,10.33,54.9,1,0,0.00,0.00,0.00,12.00,0.00,0.00,0,0,0.00,0
2026-05-10 20:11:05,150.08,0,0,0,0,0,0,0,0.00,1,0.00,3.51,0.14,0.00,0.00,D,0.00,12.00,12.00,12.00,12.00, ,0.00,,45.40,13.70,0,11.34,55.4,1,0,0.00,0.00,0.00,12.00,0.00,0.00,0,0,0.00,0
2026-05-10 20:11:06,151.09,0,0,0,0,0,0,0,0.00,1,0.00,3.51,0.14,0.00,0.00,D,0.00,12.00,12.00,12.00,12.00, ,0.00,,35.10,13.60,0,12.35,53.8,1,0,0.00,0.00,0.00,12.00,0.00,0.00,0,0,0.00,0
2026-05-10 20:11:07,152.10,0,0,0,0,0,0,0,0.00,1,0.00,3.51,0.14,0.00,0.00,D,0.00,12.00,12.00,12.00,12.00, ,0.00,,36.60,13.40,0,13.36,54.9,1,0,0.00,0.00,0.00,12.00,0.00,0.00,0,0,0.00,0
2026-05-10 20:11:08,153.13,0,0,0,0,0,0,0,0.00,1,0.00,3.51,0.14,0.00,0.00,D,0.00,12.00,12.00,12.00,12.00, ,0.00,,43.80,13.50,0,0.65,54.9,1,0,0.00,0.00,0.00,12.00,0.00,0.00,0,0,0.00,0
2026-05-10 20:11:09,154.13,0,0,0,0,0,0,0,0.00,1,0.00,3.51,0.14,0.00,0.00,D,0.00,12.00,12.00,12.00,12.00, ,0.00,,36.60,13.40,0,1.66,54.3,1,0,0.00,0.00,0.00,12.00,0.00,0.00,0,0,0.00,0
2026-05-10 20:11:10,155.14,0,0,0,0,0,0,0,0.00,1,0.00,3.51,0.14,0.00,0.00,D,0.00,12.00,12.00,12.00,12.00, ,0.00,,36.20,13.30,0,2.66,53.2,1,0,0.00,0.00,0.00,12.00,0.00,0.00,0,0,0.00,0
2026-05-10 20:11:11,156.15,0,0,0,0,0,0,0,0.00,1,0.00,3.51,0.14,0.00,0.00,D,0.00,12.00,12.00,12.00,12.00, ,0.00,,46.20,13.50,0,3.67,53.2,1,0,0.00,0.00,0.00,12.00,0.00,0.00,0,0,0.00,0
2026-05-10 20:11:12,157.17,0,0,0,0,0,0,0,0.00,1,0.00,3.51,0.14,0.00,0.00,D,0.00,12.00,12.00,12.00,12.00, ,0.00,,38.10,13.60,0,4.69,56.0,1,0,0.00,0.00,0.00,12.00,0.00,0.00,0,0,0.00,0
2026-05-10 20:11:13,158.18,0,0,0,0,0,0,0,0.00,1,0.00,3.51,0.14,0.00,0.00,D,0.00,12.00,12.00,12.00,12.00, ,0.00,,36.30,13.40,0,0.04,55.4,1,0,0.00,0.00,0.00,12.00,0.00,0.00,0,0,0.00,0
2026-05-10 20:11:14,159.22,0,0,0,0,0,0,0,0.00,1,0.00,3.51,0.14,0.00,0.00,D,0.00,12.00,12.00,12.00,12.00, ,0.00,,47.80,13.40,0,0.34,54.3,1,0,0.00,0.00,0.00,12.00,0.00,0.00,0,0,0.00,0
2026-05-10 20:11:15,160.24,0,0,0,0,0,0,0,0.00,1,0.00,3.51,0.14,0.00,0.00,D,0.00,12.00,12.00,12.00,12.00, ,0.00,,38.30,13.40,0,0.40,53.2,1,0,0.00,0.00,0.00,12.00,0.00,0.00,0,0,0.00,0
2026-05-10 20:11:16,161.29,0,0,0,0,0,0,0,0.00,1,0.00,3.51,0.13,0.00,0.00,D,0.00,12.00,12.00,12.00,12.00, ,0.00,,45.70,13.70,0,1.46,53.8,1,0,0.00,0.00,0.00,12.00,0.00,0.00,0,0,0.00,0
2026-05-10 20:11:17,162.30,0,0,0,0,0,0,0,0.00,1,0.00,3.51,0.13,0.00,0.00,D,0.00,12.00,12.00,12.00,12.00, ,0.00,,36.80,13.70,0,2.47,54.3,1,0,0.00,0.00,0.00,12.00,0.00,0.00,0,0,0.00,0
2026-05-10 20:11:18,163.31,0,0,0,0,0,0,0,0.00,1,0.00,3.51,0.13,0.00,0.00,D,0.00,12.00,12.00,12.00,12.00, ,0.00,,36.90,13.50,0,3.48,53.8,1,0,0.00,0.00,0.00,12.00,0.00,0.00,0,0,0.00,0
2026-05-10 20:11:19,164.32,0,0,0,0,0,0,0,0.00,1,0.00,3.51,0.13,0.00,0.00,D,0.00,12.00,12.00,12.00,12.00, ,0.00,,45.10,13.60,0,4.49,54.3,1,0,0.00,0.00,0.00,12.00,0.00,0.00,0,0,0.00,0
2026-05-10 20:11:20,165.32,0,0,0,0,0,0,0,0.00,1,0.00,3.51,0.13,0.00,0.00,D,0.00,12.00,12.00,12.00,12.00, ,0.00,,37.90,13.40,0,5.49,54.9,1,0,0.00,0.00,0.00,12.00,0.00,0.00,0,0,0.00,0
2026-05-10 20:11:21,166.35,0,0,0,0,0,0,0,0.00,1,0.00,3.51,0.13,0.00,0.00,D,0.00,12.00,12.00,12.00,12.00, ,0.00,,46.20,13.60,0,6.51,54.9,1,0,0.00,0.00,0.00,12.00,0.00,0.00,0,0,0.00,0
2026-05-10 20:11:22,167.38,0,0,0,0,0,0,0,0.00,1,0.00,3.51,0.13,0.00,0.00,D,0.00,12.00,12.00,12.00,12.00, ,0.00,,38.40,13.60,0,7.54,53.8,1,0,0.00,0.00,0.00,12.00,0.00,0.00,0,0,0.00,0
2026-05-10 20:11:23,168.39,0,0,0,0,0,0,0,0.00,1,0.00,3.51,0.13,0.00,0.00,D,0.00,12.00,12.00,12.00,12.00, ,0.00,,43.40,13.60,0,0.02,55.4,1,0,0.00,0.00,0.00,12.00,0.00,0.00,0,0,0.00,0
2026-05-10 20:11:24,169.40,0,0,0,0,0,0,0,0.00,1,0.00,3.51,0.13,0.00,0.00,D,0.00,12.00,12.00,12.00,12.00, ,0.00,,36.00,13.60,0,1.03,54.3,1,0,0.00,0.00,0.00,12.00,0.00,0.00,0,0,0.00,0
2026-05-10 20:11:25,170.42,0,0,0,0,0,0,0,0.00,1,0.00,3.51,0.13,0.00,0.00,D,0.00,12.00,12.00,12.00,12.00, ,0.00,,46.60,13.80,0,2.05,54.9,1,0,0.00,0.00,0.00,12.00,0.00,0.00,0,0,0.00,0
2026-05-10 20:11:26,171.42,0,0,0,0,0,0,0,0.00,1,0.00,3.51,0.13,0.00,0.00,D,0.00,12.00,12.00,12.00,12.00, ,0.00,,37.20,13.90,0,3.05,54.9,1,0,0.00,0.00,0.00,12.00,0.00,0.00,0,0,0.00,0
2026-05-10 20:11:27,172.44,0,0,0,0,0,0,0,0.00,1,0.00,3.51,0.13,0.00,0.00,D,0.00,12.00,12.00,12.00,12.00, ,0.00,,36.80,13.70,0,4.07,54.3,1,0,0.00,0.00,0.00,12.00,0.00,0.00,0,0,0.00,0
2026-05-10 20:11:28,173.45,0,0,0,0,0,0,0,0.00,1,0.00,3.51,0.12,0.00,0.00,D,0.00,12.00,12.00,12.00,12.00, ,0.00,,45.50,13.70,0,5.09,56.0,1,0,0.00,0.00,0.00,12.00,0.00,0.00,0,0,0.00,0
2026-05-10 20:11:29,174.46,0,0,0,0,0,0,0,0.00,1,0.00,3.51,0.12,0.00,0.00,D,0.00,12.00,12.00,12.00,12.00, ,0.00,,39.20,13.70,0,6.10,56.0,1,0,0.00,0.00,0.00,12.00,0.00,0.00,0,0,0.00,0
2026-05-10 20:11:30,175.48,0,0,0,0,0,0,0,0.00,1,0.00,3.51,0.12,0.00,0.00,D,0.00,12.00,12.00,12.00,12.00, ,0.00,,38.10,13.50,0,0.95,54.9,1,0,0.00,0.00,0.00,12.00,0.00,0.00,0,0,0.00,0
2026-05-10 20:11:31,176.50,0,0,0,0,0,0,0,0.00,1,0.00,3.51,0.12,0.00,0.00,D,0.00,12.00,12.00,12.00,12.00, ,0.00,,45.80,13.50,0,1.96,54.9,1,0,0.00,0.00,0.00,12.00,0.00,0.00,0,0,0.00,0
2026-05-10 20:11:32,177.53,0,0,0,0,0,0,0,0.00,1,0.00,3.51,0.12,0.00,0.00,D,0.00,12.00,12.00,12.00,12.00, ,0.00,,37.80,13.50,0,2.99,56.0,1,0,0.00,0.00,0.00,12.00,0.00,0.00,0,0,0.00,0
2026-05-10 20:11:33,178.53,0,0,0,0,0,0,0,0.00,1,0.00,3.51,0.12,0.00,0.00,D,0.00,12.00,12.00,12.00,12.00, ,0.00,,47.00,13.80,0,4.00,56.5,1,0,0.00,0.00,0.00,12.00,0.00,0.00,0,0,0.00,0
2026-05-10 20:11:34,179.55,0,0,0,0,0,0,0,0.00,1,0.00,3.51,0.12,0.00,0.00,D,0.00,12.00,12.00,12.00,12.00, ,0.00,,37.30,13.70,0,0.04,55.4,1,0,0.00,0.00,0.00,12.00,0.00,0.00,0,0,0.00,0
2026-05-10 20:11:35,180.55,0,0,0,0,0,0,0,0.00,1,0.00,3.51,0.12,0.00,0.00,D,0.00,12.00,12.00,12.00,12.00, ,0.00,,46.60,13.60,0,1.05,56.0,1,0,0.00,0.00,0.00,12.00,0.00,0.00,0,0,0.00,0
2026-05-10 20:11:36,181.57,0,0,0,0,0,0,0,0.00,1,0.00,3.51,0.12,0.00,0.00,D,0.00,12.00,12.00,12.00,12.00, ,0.00,,35.80,13.50,0,2.07,55.4,1,0,0.00,0.00,0.00,12.00,0.00,0.00,0,0,0.00,0
2026-05-10 20:11:37,182.59,0,0,0,0,0,0,0,0.00,1,0.00,3.51,0.12,0.00,0.00,D,0.00,12.00,12.00,12.00,12.00, ,0.00,,43.30,13.60,0,0.90,54.9,1,0,0.00,0.00,0.00,12.00,0.00,0.00,0,0,0.00,0
2026-05-10 20:11:38,183.61,0,0,0,0,0,0,0,0.00,1,0.00,3.51,0.12,0.00,0.00,D,0.00,12.00,12.00,12.00,12.00, ,0.00,,37.40,13.60,0,1.92,54.9,1,0,0.00,0.00,0.00,12.00,0.00,0.00,0,0,0.00,0
2026-05-10 20:11:39,184.63,0,0,0,0,0,0,0,0.00,1,0.00,3.51,0.12,0.00,0.00,D,0.00,12.00,12.00,12.00,12.00, ,0.00,,37.20,13.40,0,2.94,55.4,1,0,0.00,0.00,0.00,12.00,0.00,0.00,0,0,0.00,0
2026-05-10 20:11:40,185.64,0,0,0,0,0,0,0,0.00,1,0.00,3.51,0.12,0.00,0.00,D,0.00,12.00,12.00,12.00,12.00, ,0.00,,43.70,13.70,0,3.94,55.4,1,0,0.00,0.00,0.00,12.00,0.00,0.00,0,0,0.00,0
2026-05-10 20:11:41,186.66,0,0,0,0,0,0,0,0.00,1,0.00,3.51,0.12,0.00,0.00,D,0.00,12.00,12.00,12.00,12.00, ,0.00,,37.40,13.50,0,4.96,54.9,1,0,0.00,0.00,0.00,12.00,0.00,0.00,0,0,0.00,0
2026-05-10 20:11:42,187.67,0,0,0,0,0,0,0,0.00,1,0.00,3.51,0.12,0.00,0.00,D,0.00,12.00,12.00,12.00,12.00, ,0.00,,46.00,13.70,0,0.13,54.9,1,0,0.00,0.00,0.00,12.00,0.00,0.00,0,0,0.00,0
2026-05-10 20:11:43,188.68,0,0,0,0,0,0,0,0.00,1,0.00,3.51,0.11,0.00,0.00,D,0.00,12.00,12.00,12.00,12.00, ,0.00,,38.10,13.50,0,1.14,54.3,1,0,0.00,0.00,0.00,12.00,0.00,0.00,0,0,0.00,0
2026-05-10 20:11:44,189.69,0,0,0,0,0,0,0,0.00,1,0.00,3.51,0.11,0.00,0.00,D,0.00,12.00,12.00,12.00,12.00, ,0.00,,45.70,13.50,0,2.15,55.4,1,0,0.00,0.00,0.00,12.00,0.00,0.00,0,0,0.00,0
2026-05-10 20:11:45,190.70,0,0,0,0,0,0,0,0.00,1,0.00,3.51,0.11,0.00,0.00,D,0.00,12.00,12.00,12.00,12.00, ,0.00,,38.20,13.50,0,3.17,54.9,1,0,0.00,0.00,0.00,12.00,0.00,0.00,0,0,0.00,0
2026-05-10 20:11:46,191.73,0,0,0,0,0,0,0,0.00,1,0.00,3.51,0.11,0.00,0.00,D,0.00,12.00,12.00,12.00,12.00, ,0.00,,43.10,13.60,0,4.20,55.4,1,0,0.00,0.00,0.00,12.00,0.00,0.00,0,0,0.00,0
2026-05-10 20:11:47,192.74,0,0,0,0,0,0,0,0.00,1,0.00,3.51,0.11,0.00,0.00,D,0.00,12.00,12.00,12.00,12.00, ,0.00,,37.50,13.40,0,5.21,56.0,1,0,0.00,0.00,0.00,12.00,0.00,0.00,0,0,0.00,0
2026-05-10 20:11:48,193.75,0,0,0,0,0,0,0,0.00,1,0.00,3.51,0.11,0.00,0.00,D,0.00,12.00,12.00,12.00,12.00, ,0.00,,44.10,13.60,0,6.22,55.4,1,0,0.00,0.00,0.00,12.00,0.00,0.00,0,0,0.00,0
2026-05-10 20:11:49,194.77,0,0,0,0,0,0,0,0.00,1,0.00,3.51,0.11,0.00,0.00,D,0.00,12.00,12.00,12.00,12.00, ,0.00,,38.10,13.60,0,0.49,55.4,1,0,0.00,0.00,0.00,12.00,0.00,0.00,0,0,0.00,0
2026-05-10 20:11:50,195.79,0,0,0,0,0,0,0,0.00,1,0.00,3.51,0.11,0.00,0.00,D,0.00,12.00,12.00,12.00,12.00, ,0.00,,38.10,13.40,0,0.85,54.9,1,0,0.00,0.00,0.00,12.00,0.00,0.00,0,0,0.00,0
2026-05-10 20:11:51,196.82,0,0,0,0,0,0,0,0.00,1,0.00,3.51,0.11,0.00,0.00,D,0.00,12.00,12.00,12.00,12.00, ,0.00,,44.90,13.40,0,0.90,55.4,1,0,0.00,0.00,0.00,12.00,0.00,0.00,0,0,0.00,0
2026-05-10 20:11:52,197.94,0,0,0,0,0,0,0,0.00,1,0.00,3.51,0.11,0.00,0.00,D,0.00,12.00,12.00,12.00,12.00, ,0.00,,42.30,13.60,0,2.01,56.0,1,0,0.00,0.00,0.00,12.00,0.00,0.00,0,0,0.00,0
2026-05-10 20:11:53,198.85,0,0,0,0,0,0,0,0.00,1,0.00,3.51,0.11,0.00,0.00,D,0.00,12.00,12.00,12.00,12.00, ,0.00,,36.80,13.60,0,2.92,54.9,1,0,0.00,0.00,0.00,12.00,0.00,0.00,0,0,0.00,0
2026-05-10 20:11:54,199.87,0,0,0,0,0,0,0,0.00,1,0.00,3.51,0.11,0.00,0.00,D,0.00,12.00,12.00,12.00,12.00, ,0.00,,38.30,13.40,0,3.94,54.3,1,0,0.00,0.00,0.00,12.00,0.00,0.00,0,0,0.00,0
2026-05-10 20:11:55,200.88,0,0,0,0,0,0,0,0.00,1,0.00,3.51,0.11,0.00,0.00,D,0.00,12.00,12.00,12.00,12.00, ,0.00,,46.40,13.70,0,4.95,54.9,1,0,0.00,0.00,0.00,12.00,0.00,0.00,0,0,0.00,0
2026-05-10 20:11:56,201.89,0,0,0,0,0,0,0,0.00,1,0.00,3.51,0.11,0.00,0.00,D,0.00,12.00,12.00,12.00,12.00, ,0.00,,35.90,13.60,0,5.96,56.0,1,0,0.00,0.00,0.00,12.00,0.00,0.00,0,0,0.00,0
2026-05-10 20:11:57,202.89,0,0,0,0,0,0,0,0.00,1,0.00,3.51,0.11,0.00,0.00,D,0.00,12.00,12.00,12.00,12.00, ,0.00,,45.10,13.70,0,0.93,55.4,1,0,0.00,0.00,0.00,12.00,0.00,0.00,0,0,0.00,0
2026-05-10 20:11:58,203.91,0,0,0,0,0,0,0,0.00,1,0.00,3.51,0.11,0.00,0.00,D,0.00,12.00,12.00,12.00,12.00, ,0.00,,35.60,13.50,0,0.82,54.9,1,0,0.00,0.00,0.00,12.00,0.00,0.00,0,0,0.00,0
2026-05-10 20:11:59,204.92,0,0,0,0,0,0,0,0.00,1,0.00,3.51,0.11,0.00,0.00,D,0.00,12.00,12.00,12.00,12.00, ,0.00,,40.70,13.50,0,0.93,54.3,1,0,0.00,0.00,0.00,12.00,0.00,0.00,0,0,0.00,0
2026-05-10 20:12:00,205.95,0,0,0,0,0,0,0,0.00,1,0.00,3.51,0.11,0.00,0.00,D,0.00,12.00,12.00,12.00,12.00, ,0.00,,46.00,13.20,0,0.12,54.3,1,0,0.00,0.00,0.00,12.00,0.00,0.00,0,0,0.00,0
2026-05-10 20:12:01,207.01,0,0,0,0,0,0,0,0.00,1,0.00,3.51,0.10,0.00,0.00,D,0.00,12.00,12.00,12.00,12.00, ,0.00,,37.80,13.20,0,1.19,54.9,1,0,0.00,0.00,0.00,12.00,0.00,0.00,0,0,0.00,0
2026-05-10 20:12:03,208.09,0,0,0,0,0,0,0,0.00,1,0.00,3.51,0.10,0.00,0.00,D,0.00,12.00,12.00,12.00,12.00, ,0.00,,36.40,13.10,0,0.52,53.8,1,0,0.00,0.00,0.00,12.00,0.00,0.00,0,0,0.00,0
2026-05-10 20:12:03,208.99,0,0,0,0,0,0,0,0.00,1,0.00,3.51,0.10,0.00,0.00,D,0.00,12.00,12.00,12.00,12.00, ,0.00,,48.30,13.30,0,1.42,54.3,1,0,0.00,0.00,0.00,12.00,0.00,0.00,0,0,0.00,0
2026-05-10 20:12:04,210.01,0,0,0,0,0,0,0,0.00,1,0.00,3.51,0.10,0.00,0.00,D,0.00,12.00,12.00,12.00,12.00, ,0.00,,37.00,13.10,0,0.15,52.7,1,0,0.00,0.00,0.00,12.00,0.00,0.00,0,0,0.00,0
2026-05-10 20:12:05,211.03,0,0,0,0,0,0,0,0.00,1,0.00,3.51,0.10,0.00,0.00,D,0.00,12.00,12.00,12.00,12.00, ,0.00,,48.90,13.50,0,0.01,54.3,1,0,0.00,0.00,0.00,12.00,0.00,0.00,0,0,0.00,0
2026-05-10 20:12:06,212.05,0,0,0,0,0,0,0,0.00,1,0.00,3.51,0.10,0.00,0.00,D,0.00,12.00,12.00,12.00,12.00, ,0.00,,40.20,13.50,0,0.98,53.2,1,0,0.00,0.00,0.00,12.00,0.00,0.00,0,0,0.00,0
2026-05-10 20:12:08,213.06,0,0,0,0,0,0,0,0.00,1,0.00,3.51,0.10,0.00,0.00,D,0.00,12.00,12.00,12.00,12.00, ,0.00,,35.70,13.30,0,2.00,55.4,1,0,0.00,0.00,0.00,12.00,0.00,0.00,0,0,0.00,0
2026-05-10 20:12:09,214.06,0,0,0,0,0,0,0,0.00,1,0.00,3.51,0.10,0.00,0.00,D,0.00,12.00,12.00,12.00,12.00, ,0.00,,47.60,13.40,0,3.00,54.3,1,0,0.00,0.00,0.00,12.00,0.00,0.00,0,0,0.00,0
2026-05-10 20:12:10,215.08,0,0,0,0,0,0,0,0.00,0,1.00,3.51,0.10,0.00,0.10,D,0.00,12.00,12.00,12.00,12.00, ,0.00,,39.90,13.50,0,4.01,53.8,1,0,0.00,0.00,0.00,12.00,0.00,0.00,0,0,0.00,0
2026-05-10 20:12:11,216.11,0,0,0,0,0,0,0,0.00,0,1.00,3.51,0.10,0.78,0.62,D,0.00,12.00,12.00,12.00,12.00, ,0.00,,39.30,13.20,0,0.00,53.2,1,0,0.00,0.00,0.00,12.00,0.00,0.00,0,0,0.00,0
2026-05-10 20:12:12,217.12,0,0,0,0,0,0,0,0.00,0,0.00,3.51,0.11,2.95,0.74,D,0.00,12.00,12.00,12.00,12.00, ,0.00,,50.50,13.30,0,0.00,53.2,1,0,0.00,0.00,0.00,12.00,0.00,0.00,0,0,0.00,0
2026-05-10 20:12:13,218.12,0,0,0,0,0,0,0,0.00,1,0.00,3.62,0.13,2.47,0.00,D,0.00,12.00,12.00,12.00,12.00, ,0.00,,38.90,13.40,0,0.00,53.8,1,0,0.00,0.00,0.00,12.00,0.00,0.00,0,0,0.00,0
2026-05-10 20:12:14,219.14,0,0,0,0,0,0,0,0.31,0,0.00,3.62,0.13,1.17,0.00,D,0.00,12.00,12.00,12.00,12.00, ,0.00,,37.20,13.20,0,0.00,53.8,1,0,0.00,0.00,0.00,12.00,0.00,0.00,0,0,0.00,0
2026-05-10 20:12:15,220.18,0,0,0,0,0,0,0,0.00,0,1.00,3.62,0.14,1.72,0.46,D,0.00,12.00,12.00,12.00,12.00, ,0.00,,46.60,13.30,0,0.00,55.4,1,0,0.00,0.00,0.00,12.00,0.00,0.00,0,0,0.00,0
2026-05-10 20:12:16,221.19,0,0,0,0,0,0,0,0.00,0,0.00,3.62,0.15,2.05,0.01,D,0.00,12.00,12.00,12.00,12.00, ,0.00,,39.30,13.10,0,0.00,55.4,1,0,0.00,0.00,0.00,12.00,0.00,0.00,0,0,0.00,0
2026-05-10 20:12:17,222.20,0,0,0,0,0,0,0,0.00,0,1.00,3.62,0.15,0.89,0.09,D,0.00,12.00,12.00,12.00,12.00, ,0.00,,55.10,13.50,0,0.00,54.9,1,0,0.00,0.00,0.00,12.00,0.00,0.00,0,0,0.00,0
2026-05-10 20:12:18,223.20,0,0,0,0,0,0,0,-0.24,0,1.00,3.62,0.15,0.19,0.59,D,0.00,12.00,12.00,12.00,12.00, ,0.00,,38.80,13.20,0,0.00,53.8,1,0,0.00,0.00,0.00,12.00,0.00,0.00,0,0,0.00,0
2026-05-10 20:12:19,224.24,0,0,0,0,0,0,0,0.00,1,0.00,3.62,0.16,0.75,0.00,D,0.00,12.00,12.00,12.00,12.00, ,0.00,,44.70,13.40,0,0.01,55.4,1,0,0.00,0.00,0.00,12.00,0.00,0.00,0,0,0.00,0
2026-05-10 20:12:20,225.26,0,0,0,0,0,0,0,-1.00,1,0.00,3.62,0.16,0.00,0.00,D,0.00,12.00,12.00,12.00,12.00, ,0.00,,40.10,13.60,0,0.34,54.9,1,0,0.00,0.00,0.00,12.00,0.00,0.00,0,0,0.00,0
2026-05-10 20:12:21,226.25,0,0,0,0,0,0,0,-0.38,1,0.00,3.62,0.15,0.00,0.00,D,0.00,12.00,12.00,12.00,12.00, ,0.00,,38.90,13.50,0,1.33,52.7,1,0,0.00,0.00,0.00,12.00,0.00,0.00,0,0,0.00,0
2026-05-10 20:12:22,227.27,0,0,0,0,0,0,0,0.00,0,0.00,3.62,0.15,0.00,0.00,D,0.00,12.00,12.00,12.00,12.00, ,0.00,,47.20,13.40,0,2.35,54.9,1,0,0.00,0.00,0.00,12.00,0.00,0.00,0,0,0.00,0
2026-05-10 20:12:23,228.33,0,0,0,0,0,0,0,-0.29,0,0.00,3.62,0.15,0.00,0.00,D,0.00,12.00,12.00,12.00,12.00, ,0.00,,39.30,13.40,0,3.41,53.8,1,0,0.00,0.00,0.00,12.00,0.00,0.00,0,0,0.00,0
2026-05-10 20:12:24,229.29,0,0,0,0,0,0,0,-0.35,0,0.00,3.62,0.15,0.00,0.00,D,0.00,12.00,12.00,12.00,12.00, ,0.00,,46.10,13.50,0,4.37,54.3,1,0,0.00,0.00,0.00,12.00,0.00,0.00,0,0,0.00,0
2026-05-10 20:12:25,230.29,0,0,0,0,0,0,0,-0.28,0,0.00,3.62,0.15,0.00,0.00,D,0.00,12.00,12.00,12.00,12.00, ,0.00,,38.70,13.40,0,5.38,56.0,1,0,0.00,0.00,0.00,12.00,0.00,0.00,0,0,0.00,0
2026-05-10 20:12:26,231.32,0,0,0,0,0,0,0,0.00,0,0.00,3.62,0.15,0.00,0.00,D,0.00,12.00,12.00,12.00,12.00, ,0.00,,46.50,13.20,0,6.40,55.4,1,0,0.00,0.00,0.00,12.00,0.00,0.00,0,0,0.00,0
2026-05-10 20:12:27,232.39,1,0,0,0,0,0,0,-0.13,0,1.00,3.62,0.15,0.05,0.18,D,0.00,12.00,12.00,12.00,12.00, ,-7.57,,42.10,13.20,0,0.00,54.3,1,0,0.00,0.00,0.00,12.00,-0.13,1.00,0,0,0.00,0
2026-05-10 20:12:28,233.37,1,0,0,0,0,0,0,-0.13,0,1.00,3.62,0.15,0.10,0.69,D,0.00,12.00,12.00,12.00,12.00, ,-7.74,,44.30,13.50,0,0.00,53.2,1,0,0.00,0.00,0.00,12.00,-0.13,1.00,0,0,0.00,0
2026-05-10 20:12:29,234.38,1,0,0,0,0,0,0,-0.08,0,1.00,3.62,0.15,2.65,1.00,D,0.00,12.00,12.00,12.00,12.00, ,-5.08,,40.80,13.50,0,0.00,54.3,1,0,0.00,0.00,0.00,12.00,-0.08,1.00,0,0,0.00,0
2026-05-10 20:12:30,235.39,1,0,0,0,0,0,0,0.08,0,1.00,3.62,0.17,3.39,1.00,D,0.00,12.00,12.00,12.00,12.00, ,4.56,,42.10,13.30,0,0.00,54.9,1,0,0.00,0.00,0.00,12.00,0.08,1.00,0,0,0.00,0
2026-05-10 20:12:31,236.42,1,0,0,0,0,0,0,0.08,0,1.00,3.62,0.18,3.24,1.00,D,0.00,12.00,12.00,12.00,12.00, ,4.96,,50.90,13.30,0,0.00,55.4,1,0,0.00,0.00,0.00,12.00,0.08,1.00,0,0,0.00,0
2026-05-10 20:12:32,237.39,1,0,0,0,0,0,0,0.30,0,1.00,3.62,0.19,3.32,1.00,D,0.00,12.00,12.00,12.00,12.00, ,17.77,,91.00,13.50,0,0.00,56.0,1,0,0.00,0.00,0.00,12.00,0.30,1.00,0,0,0.00,0
2026-05-10 20:12:33,238.50,1,0,0,0,0,0,0,-0.04,0,1.00,3.62,0.21,3.22,1.00,D,0.00,12.00,12.00,12.00,12.00, ,-2.22,,62.80,13.50,0,0.00,57.1,1,0,0.00,0.00,0.00,12.00,-0.04,1.00,0,0,0.00,0
2026-05-10 20:12:34,239.42,1,0,0,0,0,0,0,0.10,0,1.00,3.62,0.22,3.43,1.00,D,0.00,12.00,12.00,12.00,12.00, ,5.95,,65.20,14.30,0,0.00,57.6,1,0,0.00,0.00,0.00,12.00,0.10,1.00,0,0,0.00,0
2026-05-10 20:12:35,240.44,1,0,0,0,0,0,0,-0.04,0,1.00,3.62,0.23,3.38,1.00,D,0.00,12.00,12.00,12.00,12.00, ,-2.66,,68.80,15.40,0,0.00,56.0,1,0,0.00,0.00,0.00,12.00,-0.04,1.00,0,0,0.00,0
2026-05-10 20:12:36,241.46,1,0,0,0,0,0,0,0.14,0,1.00,3.62,0.25,3.45,1.00,D,0.00,12.00,12.00,12.00,12.00, ,8.68,,63.10,15.40,0,0.00,57.6,1,0,0.00,0.00,0.00,12.00,0.14,1.00,0,0,0.00,0
2026-05-10 20:12:37,242.48,1,0,0,0,0,0,0,0.13,0,1.00,3.62,0.26,3.49,1.00,D,0.00,12.00,12.00,12.00,12.00, ,8.02,,41.30,14.70,0,0.00,56.5,1,0,0.00,0.00,0.00,12.00,0.13,1.00,0,0,0.00,0
2026-05-10 20:12:38,243.50,1,0,0,0,0,0,0,-0.05,0,1.00,3.62,0.27,3.43,1.00,D,0.00,12.00,12.00,12.00,12.00, ,-3.28,,42.80,14.70,0,0.00,56.5,1,0,0.00,0.00,0.00,12.00,-0.05,1.00,0,0,0.00,0
2026-05-10 20:12:39,244.52,1,0,0,0,0,0,0,-0.03,0,1.00,3.62,0.29,3.37,1.00,D,0.00,12.00,12.00,12.00,12.00, ,-1.78,,40.70,14.70,0,0.00,57.1,1,0,0.00,0.00,0.00,12.00,-0.03,1.00,0,0,0.00,0
2026-05-10 20:12:40,245.54,1,0,0,0,0,0,0,-0.12,0,1.00,3.62,0.30,3.37,1.00,D,0.00,12.00,12.00,12.00,12.00, ,-7.16,,42.70,14.90,0,0.00,56.5,1,0,0.00,0.00,0.00,12.00,-0.12,1.00,0,0,0.00,0
2026-05-10 20:12:41,246.57,1,0,0,0,0,0,0,0.03,0,1.00,3.62,0.31,3.39,1.00,D,0.00,12.00,12.00,12.00,12.00, ,1.62,,42.10,14.70,0,0.00,56.0,1,0,0.00,0.00,0.00,12.00,0.03,1.00,0,0,0.00,0
2026-05-10 20:12:42,247.57,1,0,0,0,0,0,0,-0.01,0,1.00,3.62,0.33,3.34,1.00,D,0.00,12.00,12.00,12.00,12.00, ,-0.44,,47.50,14.50,0,0.00,57.1,1,0,0.00,0.00,0.00,12.00,-0.01,1.00,0,0,0.00,0
2026-05-10 20:12:43,248.58,1,0,0,0,0,0,0,-0.05,0,1.00,3.62,0.34,3.35,1.00,D,0.00,12.00,12.00,12.00,12.00, ,-3.23,,37.50,14.50,0,0.00,55.4,1,0,0.00,0.00,0.00,12.00,-0.05,1.00,0,0,0.00,0
2026-05-10 20:12:44,249.60,1,0,0,0,0,0,0,0.07,0,1.00,3.62,0.35,3.38,1.00,D,0.00,12.00,12.00,12.00,12.00, ,4.45,,39.40,14.20,0,0.00,57.1,1,0,0.00,0.00,0.00,12.00,0.07,1.00,0,0,0.00,0
2026-05-10 20:12:45,250.61,1,0,0,0,0,0,0,0.03,0,1.00,3.62,0.36,3.27,1.00,D,0.00,12.00,12.00,12.00,12.00, ,1.61,,46.80,14.30,0,0.00,58.2,1,0,0.00,0.00,0.00,12.00,0.03,1.00,0,0,0.00,0
2026-05-10 20:12:46,251.62,1,0,0,0,0,0,0,-0.11,0,1.00,3.62,0.37,3.37,1.00,D,0.00,12.00,12.00,12.00,12.00, ,-6.50,,42.50,14.30,0,0.00,56.0,1,0,0.00,0.00,0.00,12.00,-0.11,1.00,0,0,0.00,0
2026-05-10 20:12:47,252.63,1,0,0,0,0,0,0,-0.01,0,1.00,3.62,0.39,3.34,1.00,D,0.00,12.00,12.00,12.00,12.00, ,-0.47,,37.90,14.20,0,0.00,56.5,1,0,0.00,0.00,0.00,12.00,-0.01,1.00,0,0,0.00,0
2026-05-10 20:12:48,253.64,1,0,0,0,0,0,0,0.05,0,1.00,3.62,0.40,3.36,1.00,D,0.00,12.00,12.00,12.00,12.00, ,2.71,,40.80,14.10,0,0.00,55.4,1,0,0.00,0.00,0.00,12.00,0.05,1.00,0,0,0.00,0
2026-05-10 20:12:49,254.66,1,0,0,0,0,0,0,-0.05,0,1.00,3.62,0.41,3.38,1.00,D,0.00,12.00,12.00,12.00,12.00, ,-3.19,,38.80,13.90,0,0.00,56.0,1,0,0.00,0.00,0.00,12.00,-0.05,1.00,0,0,0.00,0
2026-05-10 20:12:50,255.66,1,0,0,0,0,0,0,-0.01,0,1.00,3.62,0.42,3.35,1.00,D,0.00,12.00,12.00,12.00,12.00, ,-0.88,,44.20,14.20,0,0.00,57.1,1,0,0.00,0.00,0.00,12.00,-0.01,1.00,0,0,0.00,0
2026-05-10 20:12:51,256.66,1,0,0,0,0,0,0,0.00,0,1.00,3.62,0.43,3.34,1.00,D,0.00,12.00,12.00,12.00,12.00, ,0.00,,37.70,13.90,0,0.00,56.0,1,0,0.00,0.00,0.00,12.00,0.00,1.00,0,0,0.00,0
2026-05-10 20:12:52,257.74,1,0,0,0,0,0,0,-0.05,0,1.00,3.62,0.44,3.33,1.00,D,0.00,12.00,12.00,12.00,12.00, ,-3.12,,48.20,14.00,0,0.00,57.6,1,0,0.00,0.00,0.00,12.00,-0.05,1.00,0,0,0.00,0
2026-05-10 20:12:53,258.75,1,0,0,0,0,0,0,0.03,0,1.00,3.62,0.46,3.36,1.00,D,0.00,12.00,12.00,12.00,12.00, ,1.61,,65.10,14.20,0,0.00,57.6,1,0,0.00,0.00,0.00,12.00,0.03,1.00,0,0,0.00,0
2026-05-10 20:12:54,259.75,1,0,0,0,0,0,0,-0.01,0,1.00,3.62,0.47,3.41,1.00,D,0.00,12.00,12.00,12.00,12.00, ,-0.75,,51.20,14.80,0,0.00,58.2,1,0,0.00,0.00,0.00,12.00,-0.01,1.00,0,0,0.00,0
2026-05-10 20:12:55,260.78,1,0,0,0,0,0,0,0.03,0,1.00,3.62,0.48,3.35,1.00,D,0.00,12.00,12.00,12.00,12.00, ,1.56,,67.70,15.30,0,0.00,58.2,1,0,0.00,0.00,0.00,12.00,0.03,1.00,0,0,0.00,0
2026-05-10 20:12:56,261.79,1,0,0,0,0,0,0,-0.01,0,1.00,3.62,0.49,3.40,1.00,D,0.00,12.00,12.00,12.00,12.00, ,-0.42,,69.90,15.50,0,0.00,59.3,1,0,0.00,0.00,0.00,12.00,-0.01,1.00,0,0,0.00,0
2026-05-10 20:12:57,262.90,1,0,0,0,0,0,0,-0.06,0,1.00,3.62,0.50,3.38,1.00,D,0.00,12.00,12.00,12.00,12.00, ,-3.70,,62.40,14.70,0,0.00,56.5,1,0,0.00,0.00,0.00,12.00,-0.06,1.00,0,0,0.00,0
2026-05-10 20:12:58,263.82,1,0,0,0,0,0,0,0.13,0,1.00,3.62,0.51,3.41,1.00,D,0.00,12.00,12.00,12.00,12.00, ,7.61,,42.10,14.80,0,0.00,58.2,1,0,0.00,0.00,0.00,12.00,0.13,1.00,0,0,0.00,0
2026-05-10 20:12:59,264.85,1,0,0,0,0,0,0,0.26,0,1.00,3.62,0.52,3.44,1.00,D,0.00,12.00,12.00,12.00,12.00, ,15.63,,64.40,14.80,0,0.00,58.2,1,0,0.00,0.00,0.00,12.00,0.26,1.00,0,0,0.00,0
2026-05-10 20:13:00,265.84,1,0,0,0,0,0,0,-0.01,0,1.00,3.62,0.53,3.39,1.00,D,0.00,12.00,12.00,12.00,12.00, ,-0.78,,42.10,14.70,0,0.00,57.6,1,0,0.00,0.00,0.00,12.00,-0.01,1.00,0,0,0.00,0
2026-05-10 20:13:01,266.86,1,0,0,0,0,0,0,-0.14,0,1.00,3.62,0.55,3.37,1.00,D,0.00,12.00,12.00,12.00,12.00, ,-8.58,,43.30,14.60,0,0.00,57.1,1,0,0.00,0.00,0.00,12.00,-0.14,1.00,0,0,0.00,0
2026-05-10 20:13:02,267.87,1,0,0,0,0,0,0,0.56,0,1.00,3.62,0.56,3.38,1.00,D,0.00,12.00,12.00,12.00,12.00, ,33.39,,43.00,14.60,0,0.00,57.6,1,0,0.00,0.00,0.00,12.00,0.56,1.00,0,0,0.00,0
2026-05-10 20:13:03,268.96,1,0,0,0,0,0,0,0.08,0,1.00,3.62,0.57,3.19,1.00,D,0.00,12.00,12.00,12.00,12.00, ,4.86,,50.20,14.70,0,0.00,58.2,1,0,0.00,0.00,0.00,12.00,0.08,1.00,0,0,0.00,0
2026-05-10 20:13:04,269.94,1,0,0,0,0,0,0,-0.09,0,1.00,3.62,0.58,3.34,1.00,D,0.00,12.00,12.00,12.00,12.00, ,-5.60,,37.30,14.50,0,0.00,57.1,1,0,0.00,0.00,0.00,12.00,-0.09,1.00,0,0,0.00,0
2026-05-10 20:13:05,270.94,1,0,0,0,0,0,0,-0.14,0,1.00,3.62,0.59,3.41,1.00,D,0.00,12.00,12.00,12.00,12.00, ,-8.37,,46.50,14.20,0,0.00,57.6,1,0,0.00,0.00,0.00,12.00,-0.14,1.00,0,0,0.00,0
2026-05-10 20:13:06,271.96,1,0,0,0,0,0,0,-0.04,0,1.00,3.62,0.60,3.37,1.00,D,0.00,12.00,12.00,12.00,12.00, ,-2.41,,45.20,14.20,0,0.00,57.6,1,0,0.00,0.00,0.00,12.00,-0.04,1.00,0,0,0.00,0
2026-05-10 20:13:07,272.98,1,0,0,0,0,0,0,0.10,0,1.00,3.62,0.61,3.25,1.00,D,0.00,12.00,12.00,12.00,12.00, ,6.09,,42.20,14.20,0,0.00,57.6,1,0,0.00,0.00,0.00,12.00,0.10,1.00,0,0,0.00,0
2026-05-10 20:13:08,273.99,1,0,0,0,0,0,0,-0.08,0,1.00,3.62,0.62,3.35,1.00,D,0.00,12.00,12.00,12.00,12.00, ,-4.63,,41.30,14.00,0,0.00,57.6,1,0,0.00,0.00,0.00,12.00,-0.08,1.00,0,0,0.00,0
2026-05-10 20:13:10,275.10,1,0,0,0,0,0,0,-0.03,0,1.00,3.62,0.63,3.36,1.00,D,0.00,12.00,12.00,12.00,12.00, ,-1.52,,36.20,14.00,0,0.00,56.0,1,0,0.00,0.00,0.00,12.00,-0.03,1.00,0,0,0.00,0
2026-05-10 20:13:11,276.06,1,0,0,0,0,0,0,0.05,0,1.00,3.62,0.64,3.37,1.00,D,0.00,12.00,12.00,12.00,12.00, ,2.85,,40.30,14.00,0,0.00,58.2,1,0,0.00,0.00,0.00,12.00,0.05,1.00,0,0,0.00,0
2026-05-10 20:13:11,277.03,1,0,0,0,0,0,0,0.10,0,1.00,3.62,0.65,3.38,1.00,D,0.00,12.00,12.00,12.00,12.00, ,5.79,,46.70,14.00,0,0.00,56.5,1,0,0.00,0.00,0.00,12.00,0.10,1.00,0,0,0.00,0
2026-05-10 20:13:12,278.03,1,0,0,0,0,0,0,-0.09,0,1.00,3.62,0.66,3.41,1.00,D,0.00,12.00,12.00,12.00,12.00, ,-5.46,,37.80,13.80,0,0.00,57.6,1,0,0.00,0.00,0.00,12.00,-0.09,1.00,0,0,0.00,0
2026-05-10 20:13:13,279.04,1,0,0,0,0,0,0,-0.02,0,1.00,3.62,0.67,3.36,1.00,D,0.00,12.00,12.00,12.00,12.00, ,-1.07,,47.30,13.90,0,0.00,57.6,1,0,0.00,0.00,0.00,12.00,-0.02,1.00,0,0,0.00,0
2026-05-10 20:13:15,280.10,1,0,0,0,0,0,0,0.05,0,1.00,3.62,0.68,3.38,1.00,D,0.00,12.00,12.00,12.00,12.00, ,3.07,,37.60,13.80,0,0.00,57.6,1,0,0.00,0.00,0.00,12.00,0.05,1.00,0,0,0.00,0
2026-05-10 20:13:16,281.09,1,0,0,0,0,0,0,0.11,0,1.00,3.62,0.69,3.45,1.00,D,0.00,12.00,12.00,12.00,12.00, ,6.63,,45.40,13.80,0,0.00,58.2,1,0,0.00,0.00,0.00,12.00,0.11,1.00,0,0,0.00,0
2026-05-10 20:13:17,282.15,1,0,0,0,0,0,0,-0.02,0,1.00,3.62,0.70,3.34,1.00,D,0.00,12.00,12.00,12.00,12.00, ,-1.41,,38.80,13.70,0,0.00,57.1,1,0,0.00,0.00,0.00,12.00,-0.02,1.00,0,0,0.00,0
2026-05-10 20:13:18,283.16,1,0,0,0,0,0,0,-0.16,0,1.00,3.62,0.71,3.34,1.00,D,0.00,12.00,12.00,12.00,12.00, ,-9.44,,47.20,14.10,0,0.00,56.0,1,0,0.00,0.00,0.00,12.00,-0.16,1.00,0,0,0.00,0
2026-05-10 20:13:19,284.18,1,0,0,0,0,0,0,-0.00,0,1.00,3.62,0.72,3.35,1.00,D,0.00,12.00,12.00,12.00,12.00, ,-0.15,,38.60,14.00,0,0.00,56.5,1,0,0.00,0.00,0.00,12.00,-0.00,1.00,0,0,0.00,0
2026-05-10 20:13:20,285.14,1,0,0,0,0,0,0,0.14,0,1.00,3.62,0.73,3.38,1.00,D,0.00,12.00,12.00,12.00,12.00, ,8.26,,46.90,14.00,0,0.00,58.2,1,0,0.00,0.00,0.00,12.00,0.14,1.00,0,0,0.00,0
2026-05-10 20:13:21,286.19,1,0,0,0,0,0,0,-0.02,0,1.00,3.62,0.74,3.38,1.00,D,0.00,12.00,12.00,12.00,12.00, ,-1.26,,39.40,14.00,0,0.00,54.9,1,0,0.00,0.00,0.00,12.00,-0.02,1.00,0,0,0.00,0
2026-05-10 20:13:22,287.21,1,0,0,0,0,0,0,0.08,0,1.00,3.62,0.74,3.38,1.00,D,0.00,12.00,12.00,12.00,12.00, ,5.05,,45.70,13.90,0,0.00,57.6,1,0,0.00,0.00,0.00,12.00,0.08,1.00,0,0,0.00,0
2026-05-10 20:13:23,288.26,1,0,0,0,0,0,0,0.02,0,1.00,3.62,0.75,3.33,1.00,D,0.00,12.00,12.00,12.00,12.00, ,1.29,,44.90,14.00,0,0.00,56.5,1,0,0.00,0.00,0.00,12.00,0.02,1.00,0,0,0.00,0
2026-05-10 20:13:24,289.25,1,0,0,0,0,0,0,-0.10,0,1.00,3.62,0.76,3.35,1.00,D,0.00,12.00,12.00,12.00,12.00, ,-5.82,,40.00,13.70,0,0.00,56.5,1,0,0.00,0.00,0.00,12.00,-0.10,1.00,0,0,0.00,0
2026-05-10 20:13:25,290.28,1,0,0,0,0,0,0,0.04,0,1.00,3.62,0.77,3.37,1.00,D,0.00,12.00,12.00,12.00,12.00, ,2.69,,47.20,13.90,0,0.00,56.0,1,0,0.00,0.00,0.00,12.00,0.04,1.00,0,0,0.00,0
2026-05-10 20:13:26,291.31,1,0,0,0,0,0,0,0.34,0,1.00,3.62,0.78,3.44,1.00,D,0.00,12.00,12.00,12.00,12.00, ,20.36,,39.30,13.70,0,0.00,56.0,1,0,0.00,0.00,0.00,12.00,0.34,1.00,0,0,0.00,0
2026-05-10 20:13:27,292.31,1,0,0,0,0,0,0,-0.09,0,1.00,3.62,0.79,3.37,1.00,D,0.00,12.00,12.00,12.00,12.00, ,-5.25,,51.70,13.90,0,0.00,57.1,1,0,0.00,0.00,0.00,12.00,-0.09,1.00,0,0,0.00,0
2026-05-10 20:13:28,293.34,1,0,0,0,0,0,0,0.10,0,1.00,3.62,0.80,3.30,1.00,D,0.00,12.00,12.00,12.00,12.00, ,5.82,,49.20,13.80,0,0.00,58.2,1,0,0.00,0.00,0.00,12.00,0.10,1.00,0,0,0.00,0
2026-05-10 20:13:29,294.37,1,0,0,0,0,0,0,-0.16,0,1.00,3.62,0.81,3.40,1.00,D,0.00,12.00,12.00,12.00,12.00, ,-9.79,,40.20,13.90,0,0.00,57.1,1,0,0.00,0.00,0.00,12.00,-0.16,1.00,0,0,0.00,0
2026-05-10 20:13:30,295.37,1,0,0,0,0,0,0,-0.16,0,1.00,3.62,0.82,3.39,1.00,D,0.00,12.00,12.00,12.00,12.00, ,-9.57,,43.40,14.10,0,0.00,57.6,1,0,0.00,0.00,0.00,12.00,-0.16,1.00,0,0,0.00,0
2026-05-10 20:13:31,296.40,1,0,0,0,0,0,0,-0.16,0,1.00,3.62,0.83,3.37,1.00,D,0.00,12.00,12.00,12.00,12.00, ,-9.63,,39.30,14.00,0,0.00,57.6,1,0,0.00,0.00,0.00,12.00,-0.16,1.00,0,0,0.00,0
2026-05-10 20:13:32,297.40,1,0,0,0,0,0,0,-0.12,0,1.00,3.62,0.83,3.43,1.00,D,0.00,12.00,12.00,12.00,12.00, ,-7.46,,46.50,14.10,0,0.00,56.5,1,0,0.00,0.00,0.00,12.00,-0.12,1.00,0,0,0.00,0
2026-05-10 20:13:33,298.41,1,0,0,0,0,0,0,0.28,0,1.00,3.62,0.84,3.30,1.00,D,0.00,12.00,12.00,12.00,12.00, ,16.65,,40.40,14.10,0,0.00,56.0,1,0,0.00,0.00,0.00,12.00,0.28,1.00,0,0,0.00,0
2026-05-10 20:13:34,299.43,1,0,0,0,0,0,0,0.23,0,1.00,3.62,0.85,3.29,1.00,D,0.00,12.00,12.00,12.00,12.00, ,13.79,,42.30,13.80,0,0.00,56.5,1,0,0.00,0.00,0.00,12.00,0.23,1.00,0,0,0.00,0
2026-05-10 20:13:35,300.45,1,0,0,0,0,0,0,-0.11,0,1.00,3.62,0.86,3.39,1.00,D,0.00,12.00,12.00,12.00,12.00, ,-6.85,,48.60,13.90,0,0.00,58.2,1,0,0.00,0.00,0.00,12.00,-0.11,1.00,0,0,0.00,0
2026-05-10 20:13:36,301.48,1,0,0,0,0,0,0,0.26,0,1.00,3.62,0.87,3.39,1.00,D,0.00,12.00,12.00,12.00,12.00, ,15.77,,43.70,13.90,0,0.00,57.1,1,0,0.00,0.00,0.00,12.00,0.26,1.00,0,0,0.00,0
2026-05-10 20:13:37,302.50,1,0,0,0,0,0,0,-0.05,0,1.00,3.62,0.88,3.18,1.00,D,0.00,12.00,12.00,12.00,12.00, ,-3.25,,41.10,13.80,0,0.00,58.2,1,0,0.00,0.00,0.00,12.00,-0.05,1.00,0,0,0.00,0
2026-05-10 20:13:38,303.52,1,0,0,0,0,0,0,-0.02,0,1.00,3.62,0.88,3.37,1.00,D,0.00,12.00,12.00,12.00,12.00, ,-1.12,,42.70,13.80,0,0.00,58.2,1,0,0.00,0.00,0.00,12.00,-0.02,1.00,0,0,0.00,0
2026-05-10 20:13:39,304.54,1,0,0,0,0,0,0,0.06,0,1.00,3.62,0.89,3.35,1.00,D,0.00,12.00,12.00,12.00,12.00, ,3.40,,44.80,13.90,0,0.00,57.6,1,0,0.00,0.00,0.00,12.00,0.06,1.00,0,0,0.00,0
2026-05-10 20:13:40,305.55,1,0,0,0,0,0,0,0.01,0,1.00,3.62,0.90,3.42,1.00,D,0.00,12.00,12.00,12.00,12.00, ,0.81,,38.40,13.80,0,0.00,57.1,1,0,0.00,0.00,0.00,12.00,0.01,1.00,0,0,0.00,0
2026-05-10 20:13:41,306.56,1,0,0,0,0,0,0,0.01,0,1.00,3.62,0.91,3.35,1.00,D,0.00,12.00,12.00,12.00,12.00, ,0.58,,38.80,13.70,0,0.00,58.7,1,0,0.00,0.00,0.00,12.00,0.01,1.00,0,0,0.00,0
2026-05-10 20:13:42,307.61,1,0,0,0,0,0,0,-0.00,0,1.00,3.62,0.92,3.30,1.00,D,0.00,12.00,12.00,12.00,12.00, ,-0.15,,45.80,13.70,0,0.00,57.1,1,0,0.00,0.00,0.00,12.00,-0.00,1.00,0,0,0.00,0
2026-05-10 20:13:43,308.59,1,0,0,0,0,0,0,-0.02,0,1.00,3.62,0.93,3.35,1.00,D,0.00,12.00,12.00,12.00,12.00, ,-1.10,,39.10,13.80,0,0.00,58.2,1,0,0.00,0.00,0.00,12.00,-0.02,1.00,0,0,0.00,0
2026-05-10 20:13:44,309.62,1,0,0,0,0,0,0,0.03,0,1.00,3.62,0.93,3.37,1.00,D,0.00,12.00,12.00,12.00,12.00, ,2.01,,39.00,13.60,0,0.00,56.5,1,0,0.00,0.00,0.00,12.00,0.03,1.00,0,0,0.00,0
2026-05-10 20:13:45,310.65,1,0,0,0,0,0,0,0.13,0,1.00,3.62,0.94,3.33,1.00,D,0.00,12.00,12.00,12.00,12.00, ,7.94,,45.10,13.80,0,0.00,56.0,1,0,0.00,0.00,0.00,12.00,0.13,1.00,0,0,0.00,0
2026-05-10 20:13:46,311.65,1,0,0,0,0,0,0,0.16,0,1.00,3.62,0.95,3.45,1.00,D,0.00,12.00,12.00,12.00,12.00, ,9.72,,39.50,13.80,0,0.00,56.5,1,0,0.00,0.00,0.00,12.00,0.16,1.00,0,0,0.00,0
2026-05-10 20:13:47,312.67,1,0,0,0,0,0,0,0.02,0,1.00,3.62,0.96,3.30,1.00,D,0.00,12.00,12.00,12.00,12.00, ,1.08,,38.90,13.70,0,0.00,57.1,1,0,0.00,0.00,0.00,12.00,0.02,1.00,0,0,0.00,0
2026-05-10 20:13:48,313.69,1,0,0,0,0,0,0,-0.02,0,1.00,3.62,0.96,3.31,1.00,D,0.00,12.00,12.00,12.00,12.00, ,-0.96,,46.60,14.10,0,0.00,55.4,1,0,0.00,0.00,0.00,12.00,-0.02,1.00,0,0,0.00,0
2026-05-10 20:13:49,314.70,1,0,0,0,0,0,0,-0.05,0,1.00,3.62,0.97,3.31,1.00,D,0.00,12.00,12.00,12.00,12.00, ,-2.84,,37.80,13.90,0,0.00,58.2,1,0,0.00,0.00,0.00,12.00,-0.05,1.00,0,0,0.00,0
2026-05-10 20:13:50,315.71,1,0,0,0,0,0,0,-0.04,0,1.00,3.62,0.98,3.35,1.00,D,0.00,12.00,12.00,12.00,12.00, ,-2.24,,46.30,13.90,0,0.00,58.2,1,0,0.00,0.00,0.00,12.00,-0.04,1.00,0,0,0.00,0
2026-05-10 20:13:51,316.73,1,0,0,0,0,0,0,0.11,0,1.00,3.62,0.99,3.33,1.00,D,0.00,12.00,12.00,12.00,12.00, ,6.77,,38.30,13.60,0,0.00,57.1,1,0,0.00,0.00,0.00,12.00,0.11,1.00,0,0,0.00,0
2026-05-10 20:13:52,317.75,1,0,0,0,0,0,0,-0.08,0,1.00,3.62,0.99,3.36,1.00,D,0.00,12.00,12.00,12.00,12.00, ,-4.82,,47.30,13.80,0,0.00,57.6,1,0,0.00,0.00,0.00,12.00,-0.08,1.00,0,0,0.00,0
2026-05-10 20:13:53,318.81,1,0,0,0,0,0,0,0.19,0,1.00,3.62,1.00,3.27,1.00,D,0.00,12.00,12.00,12.00,12.00, ,11.41,,40.90,13.80,0,0.00,57.1,1,0,0.00,0.00,0.00,12.00,0.19,1.00,0,0,0.00,0
2026-05-10 20:13:54,319.78,1,0,0,0,0,0,0,0.20,0,1.00,3.62,1.01,3.24,1.00,D,0.00,12.00,12.00,12.00,12.00, ,11.90,,39.10,13.60,0,0.00,57.6,1,0,0.00,0.00,0.00,12.00,0.20,1.00,0,0,0.00,0
2026-05-10 20:13:55,320.81,1,0,0,0,0,0,0,-0.08,0,1.00,3.62,1.02,3.32,1.00,D,0.00,12.00,12.00,12.00,12.00, ,-4.85,,54.50,13.80,0,0.00,59.3,1,0,0.00,0.00,0.00,12.00,-0.08,1.00,0,0,0.00,0
2026-05-10 20:13:56,321.81,1,0,0,0,0,0,0,-0.05,0,1.00,3.62,1.02,3.29,1.00,D,0.00,12.00,12.00,12.00,12.00, ,-2.72,,39.70,13.80,0,0.00,56.5,1,0,0.00,0.00,0.00,12.00,-0.05,1.00,0,0,0.00,0
2026-05-10 20:13:57,322.88,1,0,0,0,0,0,0,-0.07,0,1.00,3.62,1.03,3.27,1.00,D,0.00,12.00,12.00,12.00,12.00, ,-4.41,,41.10,13.70,0,0.00,56.0,1,0,0.00,0.00,0.00,12.00,-0.07,1.00,0,0,0.00,0
2026-05-10 20:13:58,323.89,1,0,0,0,0,0,0,0.01,0,1.00,3.62,1.04,3.23,1.00,D,0.00,12.00,12.00,12.00,12.00, ,0.82,,49.90,14.00,0,0.00,57.1,1,0,0.00,0.00,0.00,12.00,0.01,1.00,0,0,0.00,0
2026-05-10 20:13:59,324.90,1,0,0,0,0,0,0,0.27,0,1.00,3.62,1.04,3.28,1.00,D,0.00,12.00,12.00,12.00,12.00, ,16.20,,44.30,13.90,0,0.00,57.1,1,0,0.00,0.00,0.00,12.00,0.27,1.00,0,0,0.00,0
2026-05-10 20:14:00,325.93,1,0,0,0,0,0,0,-0.28,0,1.00,3.62,1.05,3.38,1.00,D,0.00,12.00,12.00,12.00,12.00, ,-16.54,,41.80,13.90,0,0.00,56.0,1,0,0.00,0.00,0.00,12.00,-0.28,1.00,0,0,0.00,0
2026-05-10 20:14:01,326.94,1,0,0,0,0,0,0,-0.01,0,1.00,3.62,1.06,3.28,1.00,D,0.00,12.00,12.00,12.00,12.00, ,-0.44,,49.00,13.70,0,0.00,56.0,1,0,0.00,0.00,0.00,12.00,-0.01,1.00,0,0,0.00,0
2026-05-10 20:14:02,327.96,1,0,0,0,0,0,0,-0.10,0,1.00,3.62,1.07,3.13,1.00,D,0.00,12.00,12.00,12.00,12.00, ,-5.71,,41.10,13.70,0,0.00,56.5,1,0,0.00,0.00,0.00,12.00,-0.10,1.00,0,0,0.00,0
2026-05-10 20:14:03,328.97,1,0,0,0,0,0,0,0.05,0,1.00,3.62,1.07,3.30,1.00,D,0.00,12.00,12.00,12.00,12.00, ,3.29,,39.10,13.70,0,0.00,56.5,1,0,0.00,0.00,0.00,12.00,0.05,1.00,0,0,0.00,0
2026-05-10 20:14:04,330.02,1,0,0,0,0,0,0,0.17,0,1.00,3.62,1.08,3.23,1.00,D,0.00,12.00,12.00,12.00,12.00, ,9.95,,42.30,14.00,0,0.00,58.2,1,0,0.00,0.00,0.00,12.00,0.17,1.00,0,0,0.00,0
2026-05-10 20:14:05,331.03,1,0,0,0,0,0,0,0.07,0,1.00,3.62,1.09,3.33,1.00,D,0.00,12.00,12.00,12.00,12.00, ,4.41,,37.70,13.90,0,0.00,56.5,1,0,0.00,0.00,0.00,12.00,0.07,1.00,0,0,0.00,0
2026-05-10 20:14:06,332.01,1,0,0,0,0,0,0,0.01,0,1.00,3.62,1.09,3.23,1.00,D,0.00,12.00,12.00,12.00,12.00, ,0.40,,42.90,13.80,0,0.00,57.6,1,0,0.00,0.00,0.00,12.00,0.01,1.00,0,0,0.00,0
2026-05-10 20:14:07,333.02,1,0,0,0,0,0,0,0.15,0,1.00,3.62,1.10,3.30,1.00,D,0.00,12.00,12.00,12.00,12.00, ,9.30,,44.00,13.60,0,0.00,56.5,1,0,0.00,0.00,0.00,12.00,0.15,1.00,0,0,0.00,0
2026-05-10 20:14:09,334.06,1,0,0,0,0,0,0,0.03,0,1.00,3.62,1.11,3.32,1.00,D,0.00,12.00,12.00,12.00,12.00, ,2.01,,42.40,13.60,0,0.00,58.2,1,0,0.00,0.00,0.00,12.00,0.03,1.00,0,0,0.00,0
2026-05-10 20:14:10,335.08,1,0,0,0,0,0,0,-0.01,0,1.00,3.62,1.11,3.16,1.00,D,0.00,12.00,12.00,12.00,12.00, ,-0.80,,45.70,13.80,0,0.00,55.4,1,0,0.00,0.00,0.00,12.00,-0.01,1.00,0,0,0.00,0
2026-05-10 20:14:11,336.20,1,0,0,0,0,0,0,0.04,0,1.00,3.62,1.12,3.25,1.00,D,0.00,12.00,12.00,12.00,12.00, ,2.37,,38.60,13.70,0,0.00,56.0,1,0,0.00,0.00,0.00,12.00,0.04,1.00,0,0,0.00,0
2026-05-10 20:14:12,337.11,1,0,0,0,0,0,0,-0.10,0,1.00,3.62,1.12,3.34,1.00,D,0.00,12.00,12.00,12.00,12.00, ,-6.23,,38.80,13.60,0,0.00,57.1,1,0,0.00,0.00,0.00,12.00,-0.10,1.00,0,0,0.00,0
2026-05-10 20:14:13,338.13,1,0,0,0,0,0,0,0.29,0,1.00,3.62,1.13,3.33,1.00,D,0.00,12.00,12.00,12.00,12.00, ,17.28,,50.00,13.80,0,0.00,58.2,1,0,0.00,0.00,0.00,12.00,0.29,1.00,0,0,0.00,0
2026-05-10 20:14:14,339.15,1,0,0,0,0,0,0,0.00,0,1.00,3.62,1.14,3.42,1.00,D,0.00,12.00,12.00,12.00,12.00, ,0.03,,39.40,13.80,0,0.00,57.6,1,0,0.00,0.00,0.00,12.00,0.00,1.00,0,0,0.00,0
2026-05-10 20:14:15,340.15,0,0,0,0,0,0,0,0.00,0,0.00,3.62,1.14,2.39,0.00,D,0.00,12.00,12.00,12.00,12.00, ,0.00,,41.40,13.60,0,0.00,58.7,1,0,0.00,0.00,0.00,12.00,0.00,0.00,0,0,0.00,0
2026-05-10 20:14:16,341.17,0,0,1,0,0,0,0,-1.00,0,0.00,3.62,1.14,0.00,0.00,D,0.00,12.00,12.00,12.00,12.00, ,0.00,,49.10,13.60,0,0.05,58.2,1,0,0.00,0.00,0.00,12.00,0.00,0.00,0,0,0.00,0
2026-05-10 20:14:17,342.21,0,0,0,0,0,0,0,-1.00,0,1.00,3.62,1.14,0.00,0.31,D,0.00,12.00,12.00,12.00,12.00, ,0.00,,40.40,13.60,0,1.09,57.6,1,0,0.00,0.00,0.00,12.00,0.00,0.00,0,0,0.00,0
2026-05-10 20:14:18,343.20,0,0,0,0,0,0,0,-1.00,0,1.00,3.62,1.14,0.25,0.82,D,0.00,12.00,12.00,12.00,12.00, ,0.00,,45.50,13.70,0,0.00,56.5,1,0,0.00,0.00,0.00,12.00,0.00,0.00,0,0,0.00,0
2026-05-10 20:14:19,344.22,0,0,0,0,0,0,0,-0.39,0,1.00,3.62,1.14,2.43,1.00,D,0.00,12.00,12.00,12.00,12.00, ,0.00,,37.80,13.80,0,0.00,55.4,1,0,0.00,0.00,0.00,12.00,0.00,0.00,0,0,0.00,0
2026-05-10 20:14:20,345.31,0,0,0,0,0,0,0,0.41,0,1.00,3.62,1.14,3.47,1.00,D,0.00,12.00,12.00,12.00,12.00, ,0.00,,42.90,13.60,0,0.00,54.3,1,0,0.00,0.00,0.00,12.00,0.00,0.00,0,0,0.00,0
2026-05-10 20:14:21,346.29,0,0,0,0,0,0,0,-1.00,0,1.00,3.77,1.15,3.57,1.00,D,0.00,12.00,12.00,12.00,12.00, ,0.00,,49.70,13.70,0,0.00,54.9,1,0,0.00,0.00,0.00,12.00,0.00,0.00,0,0,0.00,0
2026-05-10 20:14:22,347.37,0,0,0,0,0,0,0,-1.00,1,0.00,3.77,1.16,1.76,0.00,D,0.00,12.00,12.00,12.00,12.00, ,0.00,,39.30,13.70,0,0.00,56.0,1,0,0.00,0.00,0.00,12.00,0.00,0.00,0,0,0.00,0
2026-05-10 20:14:23,348.34,0,0,0,0,0,0,0,0.00,0,0.00,3.77,1.15,0.00,0.00,D,0.00,12.00,12.00,12.00,12.00, ,0.00,,47.80,13.70,0,0.54,55.4,1,0,0.00,0.00,0.00,12.00,0.00,0.00,0,0,0.00,0
2026-05-10 20:14:24,349.35,0,0,0,0,0,0,0,0.00,0,0.00,3.77,1.15,0.00,0.00,D,0.00,12.00,12.00,12.00,12.00, ,0.00,,38.40,13.70,0,1.56,56.0,1,0,0.00,0.00,0.00,12.00,0.00,0.00,0,0,0.00,0
2026-05-10 20:14:25,350.35,0,0,0,0,0,0,0,0.00,0,0.00,3.77,1.15,0.00,0.00,D,0.00,12.00,12.00,12.00,12.00, ,0.00,,41.00,13.50,0,0.01,57.6,1,0,0.00,0.00,0.00,12.00,0.00,0.00,0,0,0.00,0
2026-05-10 20:14:26,351.37,0,0,0,0,0,0,0,0.00,0,0.00,3.77,1.14,0.00,0.00,D,0.00,12.00,12.00,12.00,12.00, ,0.00,,48.90,13.60,0,0.00,56.5,1,0,0.00,0.00,0.00,12.00,0.00,0.00,0,0,0.00,0
2026-05-10 20:14:27,352.39,0,0,0,0,0,0,0,0.00,0,0.00,3.77,1.14,0.00,0.00,D,0.00,12.00,12.00,12.00,12.00, ,0.00,,37.20,13.60,0,0.01,57.1,1,0,0.00,0.00,0.00,12.00,0.00,0.00,0,0,0.00,0
2026-05-10 20:14:28,353.40,0,0,0,0,0,0,0,0.00,0,0.00,3.77,1.14,0.00,0.00,D,0.00,12.00,12.00,12.00,12.00, ,0.00,,37.90,13.40,0,0.01,56.5,1,0,0.00,0.00,0.00,12.00,0.00,0.00,0,0,0.00,0
2026-05-10 20:14:29,354.41,0,0,0,0,0,0,0,0.00,0,0.00,3.77,1.13,0.00,0.00,D,0.00,12.00,12.00,12.00,12.00, ,0.00,,45.10,13.60,0,0.84,57.6,1,0,0.00,0.00,0.00,12.00,0.00,0.00,0,0,0.00,0
2026-05-10 20:14:30,355.41,1,0,0,0,0,0,0,0.16,0,1.00,3.77,1.13,0.01,0.41,D,0.00,12.00,12.00,12.00,12.00, ,9.61,,39.90,13.50,0,0.04,56.5,1,0,0.00,0.00,0.00,12.00,0.16,1.00,0,0,0.00,0
2026-05-10 20:14:31,356.45,1,0,0,0,0,0,0,-0.05,0,1.00,3.77,1.13,1.02,0.92,D,0.00,12.00,12.00,12.00,12.00, ,-3.20,,44.40,13.90,0,0.00,57.1,1,0,0.00,0.00,0.00,12.00,-0.05,1.00,0,0,0.00,0
2026-05-10 20:14:32,357.50,0,0,0,0,0,0,0,0.00,1,0.00,3.77,1.13,2.10,0.00,D,0.00,12.00,12.00,12.00,12.00, ,0.00,,42.10,13.90,0,0.00,56.0,1,0,0.00,0.00,0.00,12.00,0.00,0.00,0,0,0.00,0
2026-05-10 20:14:33,358.52,0,0,0,0,0,0,0,0.00,0,0.00,3.77,1.13,0.00,0.00,D,0.00,12.00,12.00,12.00,12.00, ,0.00,,40.40,13.70,0,0.81,54.9,1,0,0.00,0.00,0.00,12.00,0.00,0.00,0,0,0.00,0
2026-05-10 20:14:34,359.60,0,0,0,0,0,0,0,0.00,0,0.00,3.77,1.13,0.00,0.00,D,0.00,12.00,12.00,12.00,12.00, ,0.00,,46.90,13.80,0,1.89,55.4,1,0,0.00,0.00,0.00,12.00,0.00,0.00,0,0,0.00,0
2026-05-10 20:14:35,360.51,0,0,0,0,0,0,0,0.00,0,0.00,3.77,1.12,0.00,0.00,D,0.00,12.00,12.00,12.00,12.00, ,0.00,,38.30,13.70,0,2.81,55.4,1,0,0.00,0.00,0.00,12.00,0.00,0.00,0,0,0.00,0
2026-05-10 20:14:36,361.53,0,0,0,0,0,0,0,0.00,0,0.00,3.77,1.12,0.00,0.00,D,0.00,12.00,12.00,12.00,12.00, ,0.00,,47.50,13.70,0,3.82,56.5,1,0,0.00,0.00,0.00,12.00,0.00,0.00,0,0,0.00,0
2026-05-10 20:14:37,362.54,0,0,0,0,0,0,0,0.00,0,0.00,3.77,1.12,0.00,0.00,D,0.00,12.00,12.00,12.00,12.00, ,0.00,,39.50,13.50,0,4.84,56.5,1,0,0.00,0.00,0.00,12.00,0.00,0.00,0,0,0.00,0
2026-05-10 20:14:38,363.55,0,0,0,0,0,0,0,0.00,0,0.00,3.77,1.11,0.00,0.00,D,0.00,12.00,12.00,12.00,12.00, ,0.00,,44.80,13.60,0,5.85,57.1,1,0,0.00,0.00,0.00,12.00,0.00,0.00,0,0,0.00,0
2026-05-10 20:14:39,364.56,0,0,0,0,0,0,0,0.00,0,0.00,3.77,1.11,0.00,0.00,D,0.00,12.00,12.00,12.00,12.00, ,0.00,,37.40,13.40,0,6.86,56.5,1,0,0.00,0.00,0.00,12.00,0.00,0.00,0,0,0.00,0
2026-05-10 20:14:40,365.59,0,0,0,0,0,0,0,0.00,0,0.00,3.77,1.11,0.00,0.00,D,0.00,12.00,12.00,12.00,12.00, ,0.00,,47.70,13.40,0,7.88,57.1,1,0,0.00,0.00,0.00,12.00,0.00,0.00,0,0,0.00,0
2026-05-10 20:14:41,366.59,0,0,0,0,0,0,0,0.00,0,0.00,3.77,1.11,0.00,0.00,D,0.00,12.00,12.00,12.00,12.00, ,0.00,,39.60,13.30,0,8.89,56.0,1,0,0.00,0.00,0.00,12.00,0.00,0.00,0,0,0.00,0
2026-05-10 20:14:42,367.63,0,0,0,0,0,0,0,0.00,0,0.00,3.77,1.10,0.00,0.00,D,0.00,12.00,12.00,12.00,12.00, ,0.00,,46.30,13.60,0,9.93,57.1,1,0,0.00,0.00,0.00,12.00,0.00,0.00,0,0,0.00,0
2026-05-10 20:14:43,368.64,0,0,0,0,0,0,0,0.00,0,0.00,3.77,1.10,0.00,0.00,D,0.00,12.00,12.00,12.00,12.00, ,0.00,,40.90,13.60,0,10.94,56.5,1,0,0.00,0.00,0.00,12.00,0.00,0.00,0,0,0.00,0
2026-05-10 20:14:44,369.63,0,0,0,0,0,0,0,0.00,0,0.00,3.77,1.10,0.00,0.00,D,0.00,12.00,12.00,12.00,12.00, ,0.00,,37.90,13.60,0,11.92,53.8,1,0,0.00,0.00,0.00,12.00,0.00,0.00,0,0,0.00,0
2026-05-10 20:14:45,370.64,0,0,0,0,0,0,0,0.00,0,0.00,3.77,1.09,0.00,0.00,D,0.00,12.00,12.00,12.00,12.00, ,0.00,,37.90,13.50,0,12.93,56.0,1,0,0.00,0.00,0.00,12.00,0.00,0.00,0,0,0.00,0
2026-05-10 20:14:46,371.66,0,0,0,0,0,0,0,0.00,0,0.00,3.77,1.09,0.00,0.00,D,0.00,12.00,12.00,12.00,12.00, ,0.00,,52.00,13.70,0,13.95,56.5,1,0,0.00,0.00,0.00,12.00,0.00,0.00,0,0,0.00,0
2026-05-10 20:14:47,372.68,0,0,0,0,0,0,0,0.00,0,0.00,3.77,1.09,0.00,0.00,D,0.00,12.00,12.00,12.00,12.00, ,0.00,,39.10,13.60,0,14.97,57.6,1,0,0.00,0.00,0.00,12.00,0.00,0.00,0,0,0.00,0
2026-05-10 20:14:48,373.70,0,0,0,0,0,0,0,0.00,0,0.00,3.77,1.08,0.00,0.00,D,0.00,12.00,12.00,12.00,12.00, ,0.00,,49.00,13.70,0,15.99,56.0,1,0,0.00,0.00,0.00,12.00,0.00,0.00,0,0,0.00,0
2026-05-10 20:14:49,374.71,0,0,0,0,0,0,0,0.00,0,0.00,3.77,1.08,0.00,0.00,D,0.00,12.00,12.00,12.00,12.00, ,0.00,,39.70,13.70,0,17.01,56.5,1,0,0.00,0.00,0.00,12.00,0.00,0.00,0,0,0.00,0
2026-05-10 20:14:50,375.71,0,0,0,0,0,0,0,0.00,0,0.00,3.77,1.08,0.00,0.00,D,0.00,12.00,12.00,12.00,12.00, ,0.00,,41.90,13.60,0,18.01,55.4,1,0,0.00,0.00,0.00,12.00,0.00,0.00,0,0,0.00,0
2026-05-10 20:14:51,376.76,0,0,0,0,0,0,0,0.00,0,0.00,3.77,1.08,0.00,0.00,D,0.00,12.00,12.00,12.00,12.00, ,0.00,,41.00,13.50,0,19.05,56.5,1,0,0.00,0.00,0.00,12.00,0.00,0.00,0,0,0.00,0
2026-05-10 20:14:52,377.77,0,0,0,0,0,0,0,0.00,0,0.00,3.77,1.07,0.00,0.00,D,0.00,12.00,12.00,12.00,12.00, ,0.00,,45.10,13.70,0,20.06,57.6,1,0,0.00,0.00,0.00,12.00,0.00,0.00,0,0,0.00,0
2026-05-10 20:14:53,378.78,0,0,0,0,0,0,0,0.00,0,0.00,3.77,1.07,0.00,0.00,D,0.00,12.00,12.00,12.00,12.00, ,0.00,,40.50,13.60,0,21.07,57.1,1,0,0.00,0.00,0.00,12.00,0.00,0.00,0,0,0.00,0
2026-05-10 20:14:54,379.78,0,0,0,0,0,0,0,0.00,0,0.00,3.77,1.07,0.00,0.00,D,0.00,12.00,12.00,12.00,12.00, ,0.00,,36.90,13.60,0,22.08,56.5,1,0,0.00,0.00,0.00,12.00,0.00,0.00,0,0,0.00,0
2026-05-10 20:14:55,380.80,0,0,0,0,0,0,0,0.00,0,0.00,3.77,1.06,0.00,0.00,D,0.00,12.00,12.00,12.00,12.00, ,0.00,,47.10,13.70,0,23.09,56.0,1,0,0.00,0.00,0.00,12.00,0.00,0.00,0,0,0.00,0
2026-05-10 20:14:56,381.82,0,0,0,0,0,0,0,0.00,0,0.00,3.77,1.06,0.00,0.00,D,0.00,12.00,12.00,12.00,12.00, ,0.00,,38.40,13.70,0,24.12,54.9,1,0,0.00,0.00,0.00,12.00,0.00,0.00,0,0,0.00,0
2026-05-10 20:14:57,382.84,0,0,0,0,0,0,0,0.00,0,0.00,3.77,1.06,0.00,0.00,D,0.00,12.00,12.00,12.00,12.00, ,0.00,,41.50,13.70,0,25.13,55.4,1,0,0.00,0.00,0.00,12.00,0.00,0.00,0,0,0.00,0
2026-05-10 20:14:58,383.84,0,0,0,0,0,0,0,0.00,0,0.00,3.77,1.06,0.00,0.00,D,0.00,12.00,12.00,12.00,12.00, ,0.00,,39.60,13.70,0,26.13,56.0,1,0,0.00,0.00,0.00,12.00,0.00,0.00,0,0,0.00,0
2026-05-10 20:14:59,384.86,0,0,0,0,0,0,0,0.00,0,0.00,3.77,1.05,0.00,0.00,D,0.00,12.00,12.00,12.00,12.00, ,0.00,,41.10,13.50,0,27.15,56.5,1,0,0.00,0.00,0.00,12.00,0.00,0.00,0,0,0.00,0
2026-05-10 20:15:00,385.97,0,0,0,0,0,0,0,0.00,0,0.00,3.77,1.05,0.00,0.00,D,0.00,12.00,12.00,12.00,12.00, ,0.00,,37.80,13.40,0,28.26,54.9,1,0,0.00,0.00,0.00,12.00,0.00,0.00,0,0,0.00,0
2026-05-10 20:15:01,386.88,0,0,0,0,0,0,0,0.00,0,0.00,3.77,1.05,0.00,0.00,D,0.00,12.00,12.00,12.00,12.00, ,0.00,,51.00,13.70,0,29.18,57.6,1,0,0.00,0.00,0.00,12.00,0.00,0.00,0,0,0.00,0
2026-05-10 20:15:02,387.91,0,0,0,0,0,0,0,0.00,0,0.00,3.77,1.04,0.00,0.00,D,0.00,12.00,12.00,12.00,12.00, ,0.00,,41.20,13.70,0,30.20,57.6,1,0,0.00,0.00,0.00,12.00,0.00,0.00,0,0,0.00,0
2026-05-10 20:15:03,388.92,0,0,0,0,0,0,0,0.00,0,0.00,3.77,1.04,0.00,0.00,D,0.00,12.00,12.00,12.00,12.00, ,0.00,,41.30,13.70,0,31.22,57.1,1,0,0.00,0.00,0.00,12.00,0.00,0.00,0,0,0.00,0
2026-05-10 20:15:04,389.95,0,0,0,0,0,0,0,0.00,0,0.00,3.77,1.04,0.00,0.00,D,0.00,12.00,12.00,12.00,12.00, ,0.00,,42.10,13.60,0,32.24,56.5,1,0,0.00,0.00,0.00,12.00,0.00,0.00,0,0,0.00,0
2026-05-10 20:15:05,390.96,0,0,0,0,0,0,0,0.00,0,0.00,3.77,1.04,0.00,0.00,D,0.00,12.00,12.00,12.00,12.00, ,0.00,,48.20,14.00,0,33.26,57.6,1,0,0.00,0.00,0.00,12.00,0.00,0.00,0,0,0.00,0
2026-05-10 20:15:06,391.99,1,0,0,0,0,0,0,0.04,0,1.00,3.77,1.03,0.00,0.05,D,0.00,12.00,12.00,12.00,12.00, ,2.51,,40.60,13.70,0,34.29,56.5,1,0,0.00,0.00,0.00,12.00,0.04,1.00,0,0,0.00,0
2026-05-10 20:15:07,393.04,1,0,0,0,0,0,0,0.12,0,1.00,3.77,1.03,0.05,0.57,D,0.00,12.00,12.00,12.00,12.00, ,7.05,,51.70,13.70,0,0.00,56.0,1,0,0.00,0.00,0.00,12.00,0.12,1.00,0,0,0.00,0
2026-05-10 20:15:08,394.04,1,0,0,0,0,0,0,0.03,0,1.00,3.77,1.03,2.07,1.00,D,0.00,12.00,12.00,12.00,12.00, ,1.55,,41.50,13.80,0,0.00,57.1,1,0,0.00,0.00,0.00,12.00,0.03,1.00,0,0,0.00,0
2026-05-10 20:15:10,395.07,1,0,0,0,0,0,0,-0.01,0,1.00,3.77,1.03,3.31,1.00,D,0.00,12.00,12.00,12.00,12.00, ,-0.65,,44.30,13.50,0,0.00,56.0,1,0,0.00,0.00,0.00,12.00,-0.01,1.00,0,0,0.00,0
2026-05-10 20:15:11,396.07,1,0,0,0,0,0,0,-0.07,0,1.00,3.77,1.04,3.42,1.00,D,0.00,12.00,12.00,12.00,12.00, ,-4.27,,46.70,13.60,0,0.00,57.1,1,0,0.00,0.00,0.00,12.00,-0.07,1.00,0,0,0.00,0
2026-05-10 20:15:12,397.08,1,0,0,0,0,0,0,-0.04,0,1.00,3.77,1.05,3.25,1.00,D,0.00,12.00,12.00,12.00,12.00, ,-2.69,,51.20,14.00,0,0.00,55.4,1,0,0.00,0.00,0.00,12.00,-0.04,1.00,0,0,0.00,0
2026-05-10 20:15:13,398.10,1,0,0,0,0,0,0,0.23,0,1.00,3.77,1.05,3.31,1.00,D,0.00,12.00,12.00,12.00,12.00, ,14.03,,50.60,13.90,0,0.00,57.1,1,0,0.00,0.00,0.00,12.00,0.23,1.00,0,0,0.00,0
2026-05-10 20:15:14,399.14,1,0,0,0,0,0,0,0.53,0,1.00,3.77,1.06,3.39,1.00,D,0.00,12.00,12.00,12.00,12.00, ,31.71,,44.30,13.90,0,0.00,56.5,1,0,0.00,0.00,0.00,12.00,0.53,1.00,0,0,0.00,0
2026-05-10 20:15:15,400.12,1,0,0,0,0,0,0,-0.02,0,1.00,3.77,1.06,3.41,1.00,D,0.00,12.00,12.00,12.00,12.00, ,-1.04,,48.00,13.90,0,0.00,57.1,1,0,0.00,0.00,0.00,12.00,-0.02,1.00,0,0,0.00,0
2026-05-10 20:15:16,401.13,1,0,0,0,0,0,0,-0.33,0,1.00,3.77,1.07,3.41,1.00,D,0.00,12.00,12.00,12.00,12.00, ,-20.07,,46.00,13.70,0,0.00,55.4,1,0,0.00,0.00,0.00,12.00,-0.33,1.00,0,0,0.00,0
2026-05-10 20:15:17,402.18,0,0,0,0,0,0,0,0.00,0,0.00,3.77,1.08,2.27,0.00,D,0.00,12.00,12.00,12.00,12.00, ,0.00,,49.90,13.60,0,0.00,57.6,1,0,0.00,0.00,0.00,12.00,0.00,0.00,0,0,0.00,0
2026-05-10 20:15:18,403.19,0,0,0,0,0,0,0,0.00,0,0.00,3.77,1.08,0.75,0.00,D,0.00,12.00,12.00,12.00,12.00, ,0.00,,66.10,13.70,0,0.00,57.1,1,0,0.00,0.00,0.00,12.00,0.00,0.00,0,0,0.00,0
2026-05-10 20:15:19,404.20,0,0,0,0,0,0,0,0.00,0,0.00,3.77,1.07,0.00,0.00,D,0.00,12.00,12.00,12.00,12.00, ,0.00,,55.20,13.80,0,0.64,58.7,1,0,0.00,0.00,0.00,12.00,0.00,0.00,0,0,0.00,0
2026-05-10 20:15:20,405.22,0,0,0,0,0,0,0,0.00,0,0.00,3.77,1.07,0.00,0.00,D,0.00,12.00,12.00,12.00,12.00, ,0.00,,40.50,13.70,0,1.66,57.6,1,0,0.00,0.00,0.00,12.00,0.00,0.00,0,0,0.00,0
2026-05-10 20:15:21,406.25,0,0,0,0,0,0,0,0.00,0,0.00,3.77,1.07,0.00,0.00,D,0.00,12.00,12.00,12.00,12.00, ,0.00,,44.80,13.90,0,0.01,57.6,1,0,0.00,0.00,0.00,12.00,0.00,0.00,0,0,0.00,0
2026-05-10 20:15:22,407.25,0,0,0,0,0,0,0,0.00,0,0.00,3.77,1.07,0.00,0.00,D,0.00,12.00,12.00,12.00,12.00, ,0.00,,36.80,13.90,0,0.01,56.0,1,0,0.00,0.00,0.00,12.00,0.00,0.00,0,0,0.00,0
2026-05-10 20:15:23,408.26,0,0,0,0,0,0,0,0.00,0,1.00,3.77,1.06,0.69,0.37,D,0.00,12.00,12.00,12.00,12.00, ,0.00,,37.70,13.90,0,0.00,56.5,1,0,0.00,0.00,0.00,12.00,0.00,0.00,0,0,0.00,0
2026-05-10 20:15:24,409.28,0,0,0,0,0,0,0,-0.39,0,1.00,3.77,1.07,3.28,0.88,D,0.00,12.00,12.00,12.00,12.00, ,0.00,,37.20,13.90,0,0.00,57.6,1,0,0.00,0.00,0.00,12.00,0.00,0.00,0,0,0.00,0
2026-05-10 20:15:25,410.28,0,0,0,0,0,0,0,-0.10,0,1.00,4.08,1.07,2.42,1.00,D,0.00,12.00,12.00,12.00,12.00, ,0.00,,38.60,13.80,0,0.00,56.5,1,0,0.00,0.00,0.00,12.00,0.00,0.00,0,0,0.00,0
2026-05-10 20:15:26,411.28,0,0,0,0,0,0,0,0.54,0,0.00,4.08,1.08,2.02,0.64,D,0.00,12.00,12.00,12.00,12.00, ,0.00,,37.20,13.80,0,0.00,56.5,1,0,0.00,0.00,0.00,12.00,0.00,0.00,0,0,0.00,0
2026-05-10 20:15:27,412.30,0,0,0,0,0,0,0,0.00,1,0.00,4.08,1.08,0.00,0.00,D,0.00,12.00,12.00,12.00,12.00, ,0.00,,37.00,13.80,0,0.07,56.5,1,0,0.00,0.00,0.00,12.00,0.00,0.00,0,0,0.00,0
2026-05-10 20:15:28,413.30,0,0,0,0,0,0,0,0.00,0,0.00,4.08,1.07,0.00,0.00,D,0.00,12.00,12.00,12.00,12.00, ,0.00,,38.80,13.70,0,0.93,56.0,1,0,0.00,0.00,0.00,12.00,0.00,0.00,0,0,0.00,0
2026-05-10 20:15:29,414.31,0,0,0,0,0,0,0,0.00,0,0.00,4.08,1.07,0.00,0.00,D,0.00,12.00,12.00,12.00,12.00, ,0.00,,36.60,13.70,0,0.38,57.1,1,0,0.00,0.00,0.00,12.00,0.00,0.00,0,0,0.00,0
2026-05-10 20:15:30,415.32,0,0,0,0,0,0,0,0.00,0,0.00,4.08,1.07,0.00,0.00,D,0.00,12.00,12.00,12.00,12.00, ,0.00,,37.20,13.60,0,1.39,56.0,1,0,0.00,0.00,0.00,12.00,0.00,0.00,0,0,0.00,0
2026-05-10 20:15:31,416.32,0,0,0,0,0,0,0,0.00,0,0.00,4.08,1.07,0.00,0.00,D,0.00,12.00,12.00,12.00,12.00, ,0.00,,36.60,13.60,0,0.12,56.0,1,0,0.00,0.00,0.00,12.00,0.00,0.00,0,0,0.00,0
2026-05-10 20:15:32,417.35,0,0,0,0,0,0,0,0.00,0,0.00,4.08,1.06,0.00,0.00,D,0.00,12.00,12.00,12.00,12.00, ,0.00,,36.40,13.60,0,0.29,56.5,1,0,0.00,0.00,0.00,12.00,0.00,0.00,0,0,0.00,0
2026-05-10 20:15:33,418.46,0,0,0,0,0,0,0,0.00,0,0.00,4.08,1.06,0.00,0.00,D,0.00,12.00,12.00,12.00,12.00, ,0.00,,33.60,13.50,0,0.26,54.9,1,0,0.00,0.00,0.00,12.00,0.00,0.00,0,0,0.00,0
2026-05-10 20:15:34,419.37,0,0,0,0,0,0,0,0.00,0,0.00,4.08,1.06,0.00,0.00,D,0.00,12.00,12.00,12.00,12.00, ,0.00,,37.10,13.50,0,1.17,55.4,1,0,0.00,0.00,0.00,12.00,0.00,0.00,0,0,0.00,0
2026-05-10 20:15:35,420.38,0,0,0,0,0,0,0,0.00,0,0.00,4.08,1.06,0.00,0.00,D,0.00,12.00,12.00,12.00,12.00, ,0.00,,36.10,13.50,0,2.19,56.0,1,0,0.00,0.00,0.00,12.00,0.00,0.00,0,0,0.00,0
2026-05-10 20:15:36,421.40,0,0,0,0,0,0,0,0.00,0,0.00,4.08,1.05,0.00,0.00,D,0.00,12.00,12.00,12.00,12.00, ,0.00,,38.20,13.50,0,0.17,56.0,1,0,0.00,0.00,0.00,12.00,0.00,0.00,0,0,0.00,0
2026-05-10 20:15:37,422.41,0,0,0,0,0,0,0,0.00,0,0.00,4.08,1.05,0.00,0.00,D,0.00,12.00,12.00,12.00,12.00, ,0.00,,37.50,13.50,0,0.45,57.1,1,0,0.00,0.00,0.00,12.00,0.00,0.00,0,0,0.00,0
2026-05-10 20:15:38,423.41,0,0,0,0,0,0,0,0.00,0,0.00,4.08,1.05,0.00,0.00,D,0.00,12.00,12.00,12.00,12.00, ,0.00,,37.50,13.50,0,1.46,57.1,1,0,0.00,0.00,0.00,12.00,0.00,0.00,0,0,0.00,0
2026-05-10 20:15:39,424.42,0,0,0,0,0,0,0,0.00,0,0.00,4.08,1.05,0.00,0.00,D,0.00,12.00,12.00,12.00,12.00, ,0.00,,37.30,13.40,0,0.29,57.1,1,0,0.00,0.00,0.00,12.00,0.00,0.00,0,0,0.00,0
2026-05-10 20:15:40,425.43,0,0,0,0,0,0,0,0.00,0,0.00,4.08,1.04,0.00,0.00,D,0.00,12.00,12.00,12.00,12.00, ,0.00,,37.30,13.50,0,0.47,56.5,1,0,0.00,0.00,0.00,12.00,0.00,0.00,0,0,0.00,0
2026-05-10 20:15:41,426.43,0,0,0,0,0,0,0,0.00,0,0.00,4.08,1.04,0.00,0.00,D,0.00,12.00,12.00,12.00,12.00, ,0.00,,36.70,13.40,0,1.47,57.1,1,0,0.00,0.00,0.00,12.00,0.00,0.00,0,0,0.00,0
2026-05-10 20:15:42,427.46,0,0,0,0,0,0,0,0.00,0,0.00,4.08,1.04,0.00,0.00,D,0.00,12.00,12.00,12.00,12.00, ,0.00,,37.30,13.40,0,2.49,55.4,1,0,0.00,0.00,0.00,12.00,0.00,0.00,0,0,0.00,0
2026-05-10 20:15:43,428.48,0,0,0,0,0,0,0,0.00,0,0.00,4.08,1.04,0.00,0.00,D,0.00,12.00,12.00,12.00,12.00, ,0.00,,36.50,13.40,0,0.88,56.0,1,0,0.00,0.00,0.00,12.00,0.00,0.00,0,0,0.00,0
2026-05-10 20:15:44,429.48,0,0,0,0,0,0,0,0.00,0,0.00,4.08,1.03,0.00,0.00,D,0.00,12.00,12.00,12.00,12.00, ,0.00,,36.00,13.40,0,0.00,56.5,1,0,0.00,0.00,0.00,12.00,0.00,0.00,0,0,0.00,0
2026-05-10 20:15:45,430.50,0,0,0,0,0,0,0,0.00,0,0.00,4.08,1.03,0.00,0.00,D,0.00,12.00,12.00,12.00,12.00, ,0.00,,36.20,13.40,0,0.10,54.9,1,0,0.00,0.00,0.00,12.00,0.00,0.00,0,0,0.00,0
2026-05-10 20:15:46,431.51,0,0,0,0,0,0,0,0.00,0,0.00,4.08,1.03,0.00,0.00,D,0.00,12.00,12.00,12.00,12.00, ,0.00,,36.20,13.40,0,0.00,56.0,1,0,0.00,0.00,0.00,12.00,0.00,0.00,0,0,0.00,0
2026-05-10 20:15:47,432.51,0,0,0,0,0,0,0,0.00,0,0.00,4.08,1.03,0.00,0.00,D,0.00,12.00,12.00,12.00,12.00, ,0.00,,35.80,13.40,0,0.19,54.9,1,0,0.00,0.00,0.00,12.00,0.00,0.00,0,0,0.00,0
2026-05-10 20:15:48,433.52,0,0,0,0,0,0,0,0.00,0,0.00,4.08,1.02,0.00,0.00,D,0.00,12.00,12.00,12.00,12.00, ,0.00,,35.80,13.40,0,0.66,56.5,1,0,0.00,0.00,0.00,12.00,0.00,0.00,0,0,0.00,0
2026-05-10 20:15:49,434.52,0,0,0,0,0,0,0,0.00,0,0.00,4.08,1.02,0.00,0.00,D,0.00,12.00,12.00,12.00,12.00, ,0.00,,36.50,13.30,0,1.67,56.5,1,0,0.00,0.00,0.00,12.00,0.00,0.00,0,0,0.00,0
2026-05-10 20:15:50,435.52,0,0,0,0,0,0,0,0.00,0,0.00,4.08,1.02,0.00,0.00,D,0.00,12.00,12.00,12.00,12.00, ,0.00,,35.40,13.30,0,0.06,56.5,1,0,0.00,0.00,0.00,12.00,0.00,0.00,0,0,0.00,0
2026-05-10 20:15:51,436.53,0,0,0,0,0,0,0,0.00,0,0.00,4.08,1.02,0.00,0.00,D,0.00,12.00,12.00,12.00,12.00, ,0.00,,35.80,13.30,0,1.07,56.0,1,0,0.00,0.00,0.00,12.00,0.00,0.00,0,0,0.00,0
2026-05-10 20:15:52,437.54,0,0,0,0,0,0,0,0.00,0,0.00,4.08,1.01,0.00,0.00,D,0.00,12.00,12.00,12.00,12.00, ,0.00,,37.40,13.30,0,2.08,55.4,1,0,0.00,0.00,0.00,12.00,0.00,0.00,0,0,0.00,0
2026-05-10 20:15:53,438.56,0,0,0,0,0,0,0,0.00,0,0.00,4.08,1.01,0.00,0.00,D,0.00,12.00,12.00,12.00,12.00, ,0.00,,36.60,13.30,0,3.10,55.4,1,0,0.00,0.00,0.00,12.00,0.00,0.00,0,0,0.00,0
2026-05-10 20:15:54,439.56,0,0,0,0,0,0,0,0.00,0,0.00,4.08,1.01,0.00,0.00,D,0.00,12.00,12.00,12.00,12.00, ,0.00,,36.40,13.30,0,0.01,57.1,1,0,0.00,0.00,0.00,12.00,0.00,0.00,0,0,0.00,0
2026-05-10 20:15:55,440.57,0,0,0,0,0,0,0,0.00,0,0.00,4.08,1.01,0.00,0.00,D,0.00,12.00,12.00,12.00,12.00, ,0.00,,38.40,13.30,0,0.00,56.0,1,0,0.00,0.00,0.00,12.00,0.00,0.00,0,0,0.00,0
2026-05-10 20:15:56,441.58,0,0,0,0,0,0,0,0.00,0,0.00,4.08,1.01,0.00,0.00,D,0.00,12.00,12.00,12.00,12.00, ,0.00,,36.50,13.30,0,0.05,57.6,1,0,0.00,0.00,0.00,12.00,0.00,0.00,0,0,0.00,0
2026-05-10 20:15:57,442.60,0,0,0,0,0,0,0,0.00,0,0.00,4.08,1.00,0.76,0.00,D,0.00,12.00,12.00,12.00,12.00, ,0.00,,37.30,13.30,0,0.00,57.1,1,0,0.00,0.00,0.00,12.00,0.00,0.00,0,0,0.00,0
2026-05-10 20:15:58,443.62,0,0,0,0,0,0,0,0.00,0,0.00,4.08,1.00,0.00,0.00,D,0.00,12.00,12.00,12.00,12.00, ,0.00,,36.90,13.30,0,0.16,54.9,1,0,0.00,0.00,0.00,12.00,0.00,0.00,0,0,0.00,0
2026-05-10 20:15:59,444.63,0,0,0,0,0,0,0,0.00,0,0.00,4.08,1.00,0.30,0.00,D,0.00,12.00,12.00,12.00,12.00, ,0.00,,36.20,13.30,0,0.02,54.9,1,0,0.00,0.00,0.00,12.00,0.00,0.00,0,0,0.00,0
2026-05-10 20:16:00,445.65,0,0,0,0,0,0,0,0.00,0,0.00,4.08,1.00,0.00,0.00,D,0.00,12.00,12.00,12.00,12.00, ,0.00,,37.60,13.40,0,0.01,56.0,1,0,0.00,0.00,0.00,12.00,0.00,0.00,0,0,0.00,0
2026-05-10 20:16:01,446.65,0,0,0,0,0,0,0,0.00,0,0.00,4.08,1.00,0.00,0.00,D,0.00,12.00,12.00,12.00,12.00, ,0.00,,35.60,13.40,0,0.40,56.5,1,0,0.00,0.00,0.00,12.00,0.00,0.00,0,0,0.00,0
2026-05-10 20:16:02,447.68,0,0,0,0,0,0,0,0.00,0,0.00,4.08,0.99,0.00,0.00,D,0.00,12.00,12.00,12.00,12.00, ,0.00,,37.30,13.40,0,0.00,57.6,1,0,0.00,0.00,0.00,12.00,0.00,0.00,0,0,0.00,0
2026-05-10 20:16:03,448.68,1,0,0,0,0,0,0,-0.08,0,1.00,4.08,0.99,0.00,0.08,D,0.00,12.00,12.00,12.00,12.00, ,-4.89,,36.60,13.30,0,0.71,56.5,1,0,0.00,0.00,0.00,12.00,-0.08,1.00,0,0,0.00,0
2026-05-10 20:16:04,449.68,1,0,0,0,0,0,0,-0.10,0,1.00,4.08,0.99,0.10,0.58,D,0.00,12.00,12.00,12.00,12.00, ,-5.72,,36.30,13.30,0,0.00,55.4,1,0,0.00,0.00,0.00,12.00,-0.10,1.00,0,0,0.00,0
2026-05-10 20:16:05,450.70,1,0,0,0,0,0,0,-0.20,0,1.00,4.08,0.99,2.01,1.00,D,0.00,12.00,12.00,12.00,12.00, ,-11.95,,36.90,13.30,0,0.00,56.5,1,0,0.00,0.00,0.00,12.00,-0.20,1.00,0,0,0.00,0
2026-05-10 20:16:06,451.70,1,0,0,0,0,0,0,0.01,0,1.00,4.08,0.99,3.48,1.00,D,0.00,12.00,12.00,12.00,12.00, ,0.84,,37.90,13.30,0,0.00,54.9,1,0,0.00,0.00,0.00,12.00,0.01,1.00,0,0,0.00,0
2026-05-10 20:16:07,452.73,1,0,0,0,0,0,0,-0.06,0,1.00,4.08,1.00,3.41,1.00,D,0.00,12.00,12.00,12.00,12.00, ,-3.38,,38.80,13.30,0,0.00,54.9,1,0,0.00,0.00,0.00,12.00,-0.06,1.00,0,0,0.00,0
2026-05-10 20:16:08,453.73,1,0,0,0,0,0,0,0.05,0,1.00,4.08,1.00,3.48,1.00,D,0.00,12.00,12.00,12.00,12.00, ,2.76,,45.40,13.70,0,0.00,56.5,1,0,0.00,0.00,0.00,12.00,0.05,1.00,0,0,0.00,0
2026-05-10 20:16:09,454.84,1,0,0,0,0,0,0,-0.04,0,1.00,4.08,1.01,3.46,1.00,D,0.00,12.00,12.00,12.00,12.00, ,-2.53,,37.40,13.70,0,0.00,54.9,1,0,0.00,0.00,0.00,12.00,-0.04,1.00,0,0,0.00,0
2026-05-10 20:16:10,455.85,1,0,0,0,0,0,0,-0.15,0,1.00,4.08,1.01,3.46,1.00,D,0.00,12.00,12.00,12.00,12.00, ,-8.89,,35.00,13.70,0,0.00,54.9,1,0,0.00,0.00,0.00,12.00,-0.15,1.00,0,0,0.00,0
2026-05-10 20:16:11,456.78,1,0,0,0,0,0,0,-0.19,0,1.00,4.08,1.02,3.48,1.00,D,0.00,12.00,12.00,12.00,12.00, ,-11.60,,37.20,13.70,0,0.00,55.4,1,0,0.00,0.00,0.00,12.00,-0.19,1.00,0,0,0.00,0
2026-05-10 20:16:12,457.79,1,0,0,0,0,0,0,-0.05,0,1.00,4.08,1.03,3.43,1.00,D,0.00,12.00,12.00,12.00,12.00, ,-2.81,,38.30,13.70,0,0.00,57.6,1,0,0.00,0.00,0.00,12.00,-0.05,1.00,0,0,0.00,0
2026-05-10 20:16:13,458.80,1,0,0,0,0,0,0,0.00,0,1.00,4.08,1.03,3.35,1.00,D,0.00,12.00,12.00,12.00,12.00, ,0.19,,39.90,13.80,0,0.00,56.0,1,0,0.00,0.00,0.00,12.00,0.00,1.00,0,0,0.00,0
2026-05-10 20:16:14,459.82,1,0,0,0,0,0,0,-0.05,0,1.00,4.08,1.04,3.56,1.00,D,0.00,12.00,12.00,12.00,12.00, ,-3.04,,40.20,13.60,0,0.00,56.5,1,0,0.00,0.00,0.00,12.00,-0.05,1.00,0,0,0.00,0
2026-05-10 20:16:15,460.82,0,0,0,0,0,0,0,0.00,0,0.00,4.08,1.04,0.00,0.00,D,0.00,12.00,12.00,12.00,12.00, ,0.00,,37.00,13.60,0,0.13,55.4,1,0,0.00,0.00,0.00,12.00,0.00,0.00,0,0,0.00,0
2026-05-10 20:16:16,461.83,0,0,0,0,0,0,0,0.00,0,0.00,4.08,1.04,0.00,0.00,D,0.00,12.00,12.00,12.00,12.00, ,0.00,,37.00,13.60,0,1.15,56.5,1,0,0.00,0.00,0.00,12.00,0.00,0.00,0,0,0.00,0
2026-05-10 20:16:17,462.84,0,0,0,0,0,0,0,0.00,0,0.00,4.08,1.03,0.00,0.00,D,0.00,12.00,12.00,12.00,12.00, ,0.00,,35.20,13.60,0,2.15,57.6,1,0,0.00,0.00,0.00,12.00,0.00,0.00,0,0,0.00,0
2026-05-10 20:16:18,463.85,0,0,0,0,0,0,0,0.00,0,0.00,4.08,1.03,0.00,0.00,D,0.00,12.00,12.00,12.00,12.00, ,0.00,,36.70,13.50,0,3.17,57.1,1,0,0.00,0.00,0.00,12.00,0.00,0.00,0,0,0.00,0
2026-05-10 20:16:19,464.86,0,0,0,0,0,0,0,0.00,0,0.00,4.08,1.03,0.00,0.00,D,0.00,12.00,12.00,12.00,12.00, ,0.00,,36.50,13.50,0,4.18,57.1,1,0,0.00,0.00,0.00,12.00,0.00,0.00,0,0,0.00,0
2026-05-10 20:16:20,465.88,0,0,0,0,0,0,0,0.00,0,0.00,4.08,1.03,0.00,0.00,D,0.00,12.00,12.00,12.00,12.00, ,0.00,,36.90,13.50,0,5.19,56.0,1,0,0.00,0.00,0.00,12.00,0.00,0.00,0,0,0.00,0
2026-05-10 20:16:21,466.90,0,0,0,0,0,0,0,0.00,0,0.00,4.08,1.02,0.00,0.00,D,0.00,12.00,12.00,12.00,12.00, ,0.00,,37.80,13.50,0,6.21,55.4,1,0,0.00,0.00,0.00,12.00,0.00,0.00,0,0,0.00,0
2026-05-10 20:16:22,467.92,0,0,0,0,0,0,0,0.00,0,0.00,4.08,1.02,0.00,0.00,D,0.00,12.00,12.00,12.00,12.00, ,0.00,,36.00,13.50,0,7.23,56.5,1,0,0.00,0.00,0.00,12.00,0.00,0.00,0,0,0.00,0
2026-05-10 20:16:23,468.93,0,0,0,0,0,0,0,0.00,0,0.00,4.08,1.02,0.00,0.00,D,0.00,12.00,12.00,12.00,12.00, ,0.00,,36.10,13.50,0,8.24,54.9,1,0,0.00,0.00,0.00,12.00,0.00,0.00,0,0,0.00,0
2026-05-10 20:16:24,469.94,1,0,0,0,0,0,0,0.02,0,1.00,4.08,1.02,0.03,0.49,D,0.00,12.00,12.00,12.00,12.00, ,0.95,,37.30,13.50,0,0.00,55.4,1,0,0.00,0.00,0.00,12.00,0.02,1.00,0,0,0.00,0
2026-05-10 20:16:25,470.97,1,0,0,0,0,0,0,-0.05,0,1.00,4.08,1.02,1.80,1.00,D,0.00,12.00,12.00,12.00,12.00, ,-2.93,,37.10,13.50,0,0.00,56.0,1,0,0.00,0.00,0.00,12.00,-0.05,1.00,0,0,0.00,0
2026-05-10 20:16:26,471.99,1,0,0,0,0,0,0,-0.04,0,1.00,4.08,1.02,3.37,1.00,D,0.00,12.00,12.00,12.00,12.00, ,-2.28,,36.70,13.50,0,0.00,56.0,1,0,0.00,0.00,0.00,12.00,-0.04,1.00,0,0,0.00,0
2026-05-10 20:16:27,472.99,0,0,0,0,0,0,0,0.00,0,0.00,4.08,1.03,2.28,0.00,D,0.00,12.00,12.00,12.00,12.00, ,0.00,,38.50,13.50,0,0.00,55.4,1,0,0.00,0.00,0.00,12.00,0.00,0.00,0,0,0.00,0
2026-05-10 20:16:28,474.01,1,0,0,0,0,0,0,0.04,0,1.00,4.08,1.03,0.84,0.44,D,0.00,12.00,12.00,12.00,12.00, ,2.33,,37.90,13.40,0,0.00,56.0,1,0,0.00,0.00,0.00,12.00,0.04,1.00,0,0,0.00,0
2026-05-10 20:16:29,475.03,1,0,0,0,0,0,0,-0.06,0,1.00,4.08,1.03,1.40,0.95,D,0.00,12.00,12.00,12.00,12.00, ,-3.84,,37.70,13.40,0,0.00,56.0,1,0,0.00,0.00,0.00,12.00,-0.06,1.00,0,0,0.00,0
2026-05-10 20:16:30,476.05,1,0,0,0,0,0,0,0.06,0,1.00,4.08,1.03,3.41,1.00,D,0.00,12.00,12.00,12.00,12.00, ,3.40,,38.00,13.40,0,0.00,56.5,1,0,0.00,0.00,0.00,12.00,0.06,1.00,0,0,0.00,0
2026-05-10 20:16:32,477.08,1,0,0,0,0,0,0,-0.05,0,1.00,4.08,1.04,3.33,1.00,D,0.00,12.00,12.00,12.00,12.00, ,-2.78,,38.70,13.40,0,0.00,54.3,1,0,0.00,0.00,0.00,12.00,-0.05,1.00,0,0,0.00,0
2026-05-10 20:16:33,478.09,1,0,0,0,0,0,0,0.01,0,1.00,4.08,1.04,3.53,1.00,D,0.00,12.00,12.00,12.00,12.00, ,0.87,,38.20,13.40,0,0.00,54.9,1,0,0.00,0.00,0.00,12.00,0.01,1.00,0,0,0.00,0
2026-05-10 20:16:34,479.10,1,0,0,0,0,0,0,0.08,0,1.00,4.08,1.05,3.58,1.00,D,0.00,12.00,12.00,12.00,12.00, ,4.65,,37.60,13.40,0,0.00,56.0,1,0,0.00,0.00,0.00,12.00,0.08,1.00,0,0,0.00,0
2026-05-10 20:16:35,480.12,0,0,0,0,0,0,0,0.00,0,0.00,4.08,1.05,3.13,0.00,D,0.00,12.00,12.00,12.00,12.00, ,0.00,,38.10,13.40,0,0.00,56.0,1,0,0.00,0.00,0.00,12.00,0.00,0.00,0,0,0.00,0
2026-05-10 20:16:36,481.14,0,0,0,1,0,0,0,-0.93,0,0.00,4.08,1.05,1.43,-0.00,R,0.00,12.00,12.00,12.00,12.00, ,0.00,,36.90,13.40,0,0.00,54.3,1,0,0.00,0.00,0.00,12.00,0.00,0.00,0,0,0.00,0
2026-05-10 20:16:37,482.16,0,0,0,0,0,0,0,-0.98,0,1.00,4.08,1.05,0.09,-0.47,R,0.00,12.00,12.00,12.00,12.00, ,0.00,,37.90,13.40,0,0.01,55.4,1,0,0.00,0.00,0.00,12.00,0.00,0.00,0,0,0.00,0
2026-05-10 20:16:38,483.28,0,0,0,0,0,0,0,0.00,0,1.00,4.08,1.05,1.20,-0.97,R,0.00,12.00,12.00,12.00,12.00, ,0.00,,35.40,13.40,0,0.00,55.4,1,0,0.00,0.00,0.00,12.00,0.00,0.00,0,0,0.00,0
2026-05-10 20:16:39,484.18,0,0,0,0,0,0,0,0.00,0,1.00,4.08,1.05,3.32,-1.00,R,0.00,12.00,12.00,12.00,12.00, ,0.00,,37.60,13.40,0,0.00,54.9,1,0,0.00,0.00,0.00,12.00,0.00,0.00,0,0,0.00,0
2026-05-10 20:16:40,485.18,1,0,0,0,0,0,0,0.02,0,1.00,4.08,1.06,0.27,0.12,D,0.00,12.00,12.00,12.00,12.00, ,1.39,,37.90,13.40,0,0.08,56.5,1,0,0.00,0.00,0.00,12.00,0.02,1.00,0,0,0.00,0
2026-05-10 20:16:41,486.20,1,0,0,0,0,0,0,0.04,0,1.00,4.08,1.05,0.25,0.63,D,0.00,12.00,12.00,12.00,12.00, ,2.22,,36.50,13.30,0,0.00,56.5,1,0,0.00,0.00,0.00,12.00,0.04,1.00,0,0,0.00,0
2026-05-10 20:16:42,487.22,1,0,0,0,0,0,0,0.03,0,1.00,4.08,1.05,2.66,1.00,D,0.00,12.00,12.00,12.00,12.00, ,1.52,,37.20,13.40,0,0.00,55.4,1,0,0.00,0.00,0.00,12.00,0.03,1.00,0,0,0.00,0
2026-05-10 20:16:43,488.23,1,0,0,0,0,0,0,-0.21,0,1.00,4.08,1.06,3.55,1.00,D,0.00,12.00,12.00,12.00,12.00, ,-12.45,,38.00,13.30,0,0.00,57.1,1,0,0.00,0.00,0.00,12.00,-0.21,1.00,0,0,0.00,0
2026-05-10 20:16:44,489.24,1,0,0,0,0,0,0,-0.10,0,1.00,4.08,1.06,3.60,1.00,D,0.00,12.00,12.00,12.00,12.00, ,-6.08,,37.60,13.40,0,0.00,56.5,1,0,0.00,0.00,0.00,12.00,-0.10,1.00,0,0,0.00,0
2026-05-10 20:16:45,490.25,1,0,0,0,0,0,0,0.28,0,1.00,4.08,1.07,3.66,1.00,D,0.00,12.00,12.00,12.00,12.00, ,16.96,,38.00,13.40,0,0.00,55.4,1,0,0.00,0.00,0.00,12.00,0.28,1.00,0,0,0.00,0
2026-05-10 20:16:46,491.25,1,0,0,0,0,0,0,-0.12,0,1.00,4.08,1.07,3.68,1.00,D,0.00,12.00,12.00,12.00,12.00, ,-7.23,,45.40,13.90,0,0.00,57.1,1,0,0.00,0.00,0.00,12.00,-0.12,1.00,0,0,0.00,0
2026-05-10 20:16:47,492.25,1,0,0,0,0,0,0,0.08,0,1.00,4.08,1.08,3.67,1.00,D,0.00,12.00,12.00,12.00,12.00, ,5.06,,37.00,13.80,0,0.00,57.1,1,0,0.00,0.00,0.00,12.00,0.08,1.00,0,0,0.00,0
2026-05-10 20:16:48,493.36,1,0,0,0,0,0,0,-0.05,0,1.00,4.08,1.09,3.78,1.00,D,0.00,12.00,12.00,12.00,12.00, ,-3.29,,37.00,13.70,0,0.00,55.4,1,0,0.00,0.00,0.00,12.00,-0.05,1.00,0,0,0.00,0
2026-05-10 20:16:49,494.28,1,0,0,0,0,0,0,0.17,0,1.00,4.08,1.09,3.77,1.00,D,0.00,12.00,12.00,12.00,12.00, ,10.24,,37.00,13.70,0,0.00,54.3,1,0,0.00,0.00,0.00,12.00,0.17,1.00,0,0,0.00,0
2026-05-10 20:16:50,495.30,1,0,0,0,0,0,0,0.08,0,1.00,4.08,1.10,3.62,1.00,D,0.00,12.00,12.00,12.00,12.00, ,5.01,,38.20,13.70,0,0.00,54.9,1,0,0.00,0.00,0.00,12.00,0.08,1.00,0,0,0.00,0
2026-05-10 20:16:51,496.30,1,0,0,0,0,0,0,-0.03,0,1.00,4.08,1.10,3.77,1.00,D,0.00,12.00,12.00,12.00,12.00, ,-1.77,,37.70,13.60,0,0.00,57.1,1,0,0.00,0.00,0.00,12.00,-0.03,1.00,0,0,0.00,0
2026-05-10 20:16:52,497.41,1,0,0,0,0,0,0,-0.03,0,1.00,4.08,1.11,3.59,1.00,D,0.00,12.00,12.00,12.00,12.00, ,-1.54,,35.20,13.60,0,0.00,53.8,1,0,0.00,0.00,0.00,12.00,-0.03,1.00,0,0,0.00,0
2026-05-10 20:16:53,498.34,1,0,0,0,0,0,0,0.05,0,1.00,4.08,1.11,3.69,1.00,D,0.00,12.00,12.00,12.00,12.00, ,3.13,,37.50,13.60,0,0.00,56.0,1,0,0.00,0.00,0.00,12.00,0.05,1.00,0,0,0.00,0
2026-05-10 20:16:54,499.35,1,0,0,0,0,0,0,0.02,0,1.00,4.08,1.12,3.62,1.00,D,0.00,12.00,12.00,12.00,12.00, ,1.05,,37.40,13.60,0,0.00,56.0,1,0,0.00,0.00,0.00,12.00,0.02,1.00,0,0,0.00,0
2026-05-10 20:16:55,500.36,1,0,0,0,0,0,0,0.03,0,1.00,4.08,1.12,3.66,1.00,D,0.00,12.00,12.00,12.00,12.00, ,1.60,,37.60,13.60,0,0.00,56.5,1,0,0.00,0.00,0.00,12.00,0.03,1.00,0,0,0.00,0
2026-05-10 20:16:56,501.36,1,0,0,0,0,0,0,0.03,0,1.00,4.08,1.13,3.71,1.00,D,0.00,12.00,12.00,12.00,12.00, ,1.53,,38.00,13.50,0,0.00,55.4,1,0,0.00,0.00,0.00,12.00,0.03,1.00,0,0,0.00,0
2026-05-10 20:16:57,502.37,1,0,0,0,0,0,0,-0.00,0,1.00,4.08,1.13,3.71,1.00,D,0.00,12.00,12.00,12.00,12.00, ,-0.21,,37.00,13.50,0,0.00,55.4,1,0,0.00,0.00,0.00,12.00,-0.00,1.00,0,0,0.00,0
2026-05-10 20:16:58,503.40,1,0,0,0,0,0,0,0.00,0,1.00,4.08,1.14,3.71,1.00,D,0.00,12.00,12.00,12.00,12.00, ,0.13,,37.80,13.50,0,0.00,56.0,1,0,0.00,0.00,0.00,12.00,0.00,1.00,0,0,0.00,0
2026-05-10 20:16:59,504.43,1,0,0,0,0,0,0,0.06,0,1.00,4.08,1.14,3.74,1.00,D,0.00,12.00,12.00,12.00,12.00, ,3.60,,36.20,13.50,0,0.00,56.5,1,0,0.00,0.00,0.00,12.00,0.06,1.00,0,0,0.00,0
2026-05-10 20:17:00,505.44,1,0,0,0,0,0,0,0.01,0,1.00,4.08,1.15,3.68,1.00,D,0.00,12.00,12.00,12.00,12.00, ,0.34,,38.30,13.50,0,0.00,56.5,1,0,0.00,0.00,0.00,12.00,0.01,1.00,0,0,0.00,0
2026-05-10 20:17:01,506.46,1,0,0,0,0,0,0,0.04,0,1.00,4.08,1.15,3.72,1.00,D,0.00,12.00,12.00,12.00,12.00, ,2.18,,37.70,13.50,0,0.00,56.5,1,0,0.00,0.00,0.00,12.00,0.04,1.00,0,0,0.00,0
2026-05-10 20:17:02,507.47,1,0,0,0,0,0,0,0.30,0,1.00,4.08,1.16,3.61,1.00,D,0.00,12.00,12.00,12.00,12.00, ,17.75,,37.10,13.50,0,0.00,55.4,1,0,0.00,0.00,0.00,12.00,0.30,1.00,0,0,0.00,0
2026-05-10 20:17:03,508.48,1,0,0,0,0,0,0,0.12,0,1.00,4.08,1.16,3.66,1.00,D,0.00,12.00,12.00,12.00,12.00, ,7.23,,39.10,13.50,0,0.00,54.9,1,0,0.00,0.00,0.00,12.00,0.12,1.00,0,0,0.00,0
2026-05-10 20:17:04,509.50,1,0,0,0,0,0,0,-0.03,0,1.00,4.08,1.17,3.71,1.00,D,0.00,12.00,12.00,12.00,12.00, ,-1.83,,36.90,13.50,0,0.00,54.9,1,0,0.00,0.00,0.00,12.00,-0.03,1.00,0,0,0.00,0
2026-05-10 20:17:05,510.51,1,0,0,0,0,0,0,0.08,0,1.00,4.08,1.17,3.68,1.00,D,0.00,12.00,12.00,12.00,12.00, ,4.95,,36.50,13.50,0,0.00,55.4,1,0,0.00,0.00,0.00,12.00,0.08,1.00,0,0,0.00,0
2026-05-10 20:17:06,511.54,1,0,0,0,0,0,0,0.00,0,1.00,4.08,1.18,3.71,1.00,D,0.00,12.00,12.00,12.00,12.00, ,0.18,,37.50,13.40,0,0.00,53.8,1,0,0.00,0.00,0.00,12.00,0.00,1.00,0,0,0.00,0
2026-05-10 20:17:07,512.55,1,0,0,0,0,0,0,0.13,0,1.00,4.08,1.18,3.58,1.00,D,0.00,12.00,12.00,12.00,12.00, ,7.92,,38.10,13.40,0,0.00,55.4,1,0,0.00,0.00,0.00,12.00,0.13,1.00,0,0,0.00,0
2026-05-10 20:17:08,513.55,1,0,0,0,0,0,0,0.06,0,1.00,4.08,1.19,3.57,1.00,D,0.00,12.00,12.00,12.00,12.00, ,3.61,,36.20,13.40,0,0.00,56.0,1,0,0.00,0.00,0.00,12.00,0.06,1.00,0,0,0.00,0
2026-05-10 20:17:09,514.56,0,0,0,0,0,0,0,1.00,0,0.00,4.08,1.19,3.67,0.00,D,0.00,12.00,12.00,12.00,12.00, ,0.00,,41.90,13.60,0,0.00,56.5,1,0,0.00,0.00,0.00,12.00,0.00,0.00,0,0,0.00,0
2026-05-10 20:17:10,515.57,0,0,0,0,0,0,0,0.50,0,1.00,4.08,1.20,2.46,0.31,D,0.00,12.00,12.00,12.00,12.00, ,0.00,,44.30,13.60,0,0.00,55.4,1,0,0.00,0.00,0.00,12.00,0.00,0.00,0,0,0.00,0
2026-05-10 20:17:11,516.57,0,0,0,0,0,0,0,0.36,0,1.00,4.08,1.20,1.39,0.81,D,0.00,12.00,12.00,12.00,12.00, ,0.00,,47.20,13.70,0,0.00,56.5,1,0,0.00,0.00,0.00,12.00,0.00,0.00,0,0,0.00,0
2026-05-10 20:17:12,517.58,0,0,0,0,0,0,0,0.00,0,1.00,4.08,1.20,3.03,1.00,D,0.00,12.00,12.00,12.00,12.00, ,0.00,,46.80,13.90,0,0.00,55.4,1,0,0.00,0.00,0.00,12.00,0.00,0.00,0,0,0.00,0
2026-05-10 20:17:13,518.59,0,0,0,0,0,0,0,0.00,0,1.00,4.08,1.20,3.41,1.00,D,0.00,12.00,12.00,12.00,12.00, ,0.00,,43.90,13.80,0,0.00,56.0,1,0,0.00,0.00,0.00,12.00,0.00,0.00,0,0,0.00,0
2026-05-10 20:17:14,519.60,0,0,0,0,0,0,0,0.00,0,1.00,4.08,1.21,3.48,1.00,D,0.00,12.00,12.00,12.00,12.00, ,0.00,,37.30,13.70,0,0.00,56.0,1,0,0.00,0.00,0.00,12.00,0.00,0.00,0,0,0.00,0
2026-05-10 20:17:15,520.60,0,0,0,0,0,0,0,0.00,0,1.00,4.08,1.21,3.43,1.00,D,0.00,12.00,12.00,12.00,12.00, ,0.00,,40.10,13.70,0,0.00,54.3,1,0,0.00,0.00,0.00,12.00,0.00,0.00,0,0,0.00,0
2026-05-10 20:17:16,521.61,0,0,0,0,0,0,0,0.00,0,1.00,4.08,1.22,3.53,1.00,D,0.00,12.00,12.00,12.00,12.00, ,0.00,,41.30,13.70,0,0.00,56.0,1,0,0.00,0.00,0.00,12.00,0.00,0.00,0,0,0.00,0
2026-05-10 20:17:17,522.62,0,0,0,0,0,0,0,0.00,0,1.00,4.08,1.22,3.49,1.00,D,0.00,12.00,12.00,12.00,12.00, ,0.00,,38.30,13.60,0,0.00,56.5,1,0,0.00,0.00,0.00,12.00,0.00,0.00,0,0,0.00,0
2026-05-10 20:17:18,523.63,0,0,0,0,0,0,0,0.00,0,1.00,4.08,1.23,3.54,1.00,D,0.00,12.00,12.00,12.00,12.00, ,0.00,,40.40,13.60,0,0.00,55.4,1,0,0.00,0.00,0.00,12.00,0.00,0.00,0,0,0.00,0
2026-05-10 20:17:19,524.74,0,0,0,0,0,0,0,0.38,0,1.00,4.08,1.23,3.59,1.00,D,0.00,12.00,12.00,12.00,12.00, ,0.00,,41.40,13.50,0,0.00,56.0,1,0,0.00,0.00,0.00,12.00,0.00,0.00,0,0,0.00,0
2026-05-10 20:17:20,525.67,0,0,0,0,0,0,0,0.99,0,1.00,4.08,1.23,3.56,1.00,D,0.00,12.00,12.00,12.00,12.00, ,0.00,,48.50,13.60,0,0.00,57.6,1,0,0.00,0.00,0.00,12.00,0.00,0.00,0,0,0.00,0
2026-05-10 20:17:21,526.69,1,0,0,0,0,0,0,-0.10,0,1.00,4.08,1.24,3.28,1.00,D,0.00,12.00,12.00,12.00,12.00, ,-5.71,,39.70,13.50,0,0.00,56.0,1,0,0.00,0.00,0.00,12.00,-0.10,1.00,0,0,0.00,0
2026-05-10 20:17:22,527.71,0,0,0,0,0,0,0,0.99,0,0.00,4.08,1.24,3.71,0.00,D,0.00,12.00,12.00,12.00,12.00, ,0.00,,40.40,13.60,0,0.00,56.0,1,0,0.00,0.00,0.00,12.00,0.00,0.00,0,0,0.00,0
2026-05-10 20:17:23,528.70,0,0,0,0,0,0,0,0.00,0,1.00,4.08,1.25,2.28,0.07,D,0.00,12.00,12.00,12.00,12.00, ,0.00,,41.80,13.80,0,0.00,57.1,1,0,0.00,0.00,0.00,12.00,0.00,0.00,0,0,0.00,0
2026-05-10 20:17:24,529.71,0,0,0,0,0,0,0,0.00,0,1.00,4.08,1.25,1.15,0.57,D,0.00,12.00,12.00,12.00,12.00, ,0.00,,40.80,13.70,0,0.00,56.0,1,0,0.00,0.00,0.00,12.00,0.00,0.00,0,0,0.00,0
2026-05-10 20:17:25,530.72,1,0,0,0,0,0,0,0.74,0,1.00,4.08,1.25,2.63,1.00,D,0.00,12.00,12.00,12.00,12.00, ,44.35,,40.60,13.70,0,0.00,56.0,1,0,0.00,0.00,0.00,12.00,0.74,1.00,0,0,0.00,0
2026-05-10 20:17:26,531.73,1,0,0,0,0,0,0,-0.07,0,1.00,4.08,1.25,3.40,1.00,D,0.00,12.00,12.00,12.00,12.00, ,-4.33,,38.10,13.70,0,0.00,55.4,1,0,0.00,0.00,0.00,12.00,-0.07,1.00,0,0,0.00,0
2026-05-10 20:17:27,532.74,1,0,0,0,0,0,0,0.16,0,1.00,4.08,1.26,3.45,1.00,D,0.00,12.00,12.00,12.00,12.00, ,9.72,,40.90,13.60,0,0.00,57.1,1,0,0.00,0.00,0.00,12.00,0.16,1.00,0,0,0.00,0
2026-05-10 20:17:28,533.75,1,0,0,0,0,0,0,0.19,0,1.00,4.08,1.26,3.56,1.00,D,0.00,12.00,12.00,12.00,12.00, ,11.27,,48.70,13.60,0,0.00,56.5,1,0,0.00,0.00,0.00,12.00,0.19,1.00,0,0,0.00,0
2026-05-10 20:17:29,534.75,1,0,0,0,0,0,0,-0.01,0,1.00,4.08,1.27,3.63,1.00,D,0.00,12.00,12.00,12.00,12.00, ,-0.44,,43.30,13.80,0,0.00,56.5,1,0,0.00,0.00,0.00,12.00,-0.01,1.00,0,0,0.00,0
2026-05-10 20:17:30,535.79,1,0,0,0,0,0,0,0.19,0,1.00,4.08,1.27,3.54,1.00,D,0.00,12.00,12.00,12.00,12.00, ,11.25,,42.20,13.60,0,0.00,55.4,1,0,0.00,0.00,0.00,12.00,0.19,1.00,0,0,0.00,0
2026-05-10 20:17:31,536.79,1,0,0,0,0,0,0,-0.12,0,1.00,4.08,1.27,3.53,1.00,D,0.00,12.00,12.00,12.00,12.00, ,-7.41,,51.20,13.70,0,0.00,56.5,1,0,0.00,0.00,0.00,12.00,-0.12,1.00,0,0,0.00,0
2026-05-10 20:17:32,537.79,1,0,0,0,0,0,0,-0.03,0,1.00,4.08,1.28,3.57,1.00,D,0.00,12.00,12.00,12.00,12.00, ,-1.64,,40.30,13.70,0,0.00,57.1,1,0,0.00,0.00,0.00,12.00,-0.03,1.00,0,0,0.00,0
2026-05-10 20:17:33,538.91,1,0,0,0,0,0,0,0.00,0,1.00,4.08,1.28,3.55,1.00,D,0.00,12.00,12.00,12.00,12.00, ,0.24,,40.00,13.70,0,0.00,56.5,1,0,0.00,0.00,0.00,12.00,0.00,1.00,0,0,0.00,0
2026-05-10 20:17:34,539.83,1,0,0,0,0,0,0,0.22,0,1.00,4.08,1.29,3.40,1.00,D,0.00,12.00,12.00,12.00,12.00, ,13.43,,39.80,13.90,0,0.00,54.9,1,0,0.00,0.00,0.00,12.00,0.22,1.00,0,0,0.00,0
2026-05-10 20:17:35,540.85,1,0,0,0,0,0,0,0.03,0,1.00,4.08,1.29,3.54,1.00,D,0.00,12.00,12.00,12.00,12.00, ,1.80,,43.20,13.80,0,0.00,56.0,1,0,0.00,0.00,0.00,12.00,0.03,1.00,0,0,0.00,0
2026-05-10 20:17:36,541.84,1,0,0,0,0,0,0,-0.00,0,1.00,4.08,1.30,3.65,1.00,D,0.00,12.00,12.00,12.00,12.00, ,-0.04,,40.50,13.80,0,0.00,54.9,1,0,0.00,0.00,0.00,12.00,-0.00,1.00,0,0,0.00,0
2026-05-10 20:17:37,542.85,1,0,0,0,0,0,0,-0.00,0,1.00,4.08,1.30,3.60,1.00,D,0.00,12.00,12.00,12.00,12.00, ,-0.02,,44.40,13.80,0,0.00,57.1,1,0,0.00,0.00,0.00,12.00,-0.00,1.00,0,0,0.00,0
2026-05-10 20:17:38,543.86,1,0,0,0,0,0,0,0.07,0,1.00,4.08,1.30,3.61,1.00,D,0.00,12.00,12.00,12.00,12.00, ,4.15,,47.60,13.90,0,0.00,57.1,1,0,0.00,0.00,0.00,12.00,0.07,1.00,0,0,0.00,0
2026-05-10 20:17:39,544.87,1,0,0,0,0,0,0,0.21,0,1.00,4.08,1.31,3.41,1.00,D,0.00,12.00,12.00,12.00,12.00, ,12.87,,41.70,13.90,0,0.00,56.0,1,0,0.00,0.00,0.00,12.00,0.21,1.00,0,0,0.00,0
2026-05-10 20:17:40,545.87,1,0,0,0,0,0,0,0.04,0,1.00,4.08,1.31,3.48,1.00,D,0.00,12.00,12.00,12.00,12.00, ,2.58,,48.80,13.80,0,0.00,54.9,1,0,0.00,0.00,0.00,12.00,0.04,1.00,0,0,0.00,0
2026-05-10 20:17:41,546.88,1,0,0,0,0,0,0,0.11,0,1.00,4.08,1.32,3.43,1.00,D,0.00,12.00,12.00,12.00,12.00, ,6.53,,39.00,13.80,0,0.00,56.0,1,0,0.00,0.00,0.00,12.00,0.11,1.00,0,0,0.00,0
2026-05-10 20:17:42,547.88,1,0,0,0,0,0,0,0.06,0,1.00,4.08,1.32,3.60,1.00,D,0.00,12.00,12.00,12.00,12.00, ,3.47,,42.70,13.70,0,0.00,56.5,1,0,0.00,0.00,0.00,12.00,0.06,1.00,0,0,0.00,0
2026-05-10 20:17:43,548.92,1,0,0,0,0,0,0,-0.11,0,1.00,4.08,1.32,3.68,1.00,D,0.00,12.00,12.00,12.00,12.00, ,-6.32,,40.80,13.50,0,0.00,55.4,1,0,0.00,0.00,0.00,12.00,-0.11,1.00,0,0,0.00,0
2026-05-10 20:17:44,549.93,1,0,0,0,0,0,0,-0.03,0,1.00,4.08,1.33,3.66,1.00,D,0.00,12.00,12.00,12.00,12.00, ,-1.55,,48.80,13.70,0,0.00,54.3,1,0,0.00,0.00,0.00,12.00,-0.03,1.00,0,0,0.00,0
2026-05-10 20:17:45,550.96,1,0,0,0,0,0,0,0.03,0,1.00,4.08,1.33,3.52,1.00,D,0.00,12.00,12.00,12.00,12.00, ,1.82,,41.10,13.40,0,0.00,54.9,1,0,0.00,0.00,0.00,12.00,0.03,1.00,0,0,0.00,0
2026-05-10 20:17:46,551.98,1,0,0,0,0,0,0,0.22,0,1.00,4.08,1.34,3.51,1.00,D,0.00,12.00,12.00,12.00,12.00, ,12.95,,50.90,13.60,0,0.00,54.3,1,0,0.00,0.00,0.00,12.00,0.22,1.00,0,0,0.00,0
2026-05-10 20:17:47,552.98,1,0,0,0,0,0,0,0.07,0,1.00,4.08,1.34,3.55,1.00,D,0.00,12.00,12.00,12.00,12.00, ,4.35,,43.50,13.50,0,0.00,54.3,1,0,0.00,0.00,0.00,12.00,0.07,1.00,0,0,0.00,0
2026-05-10 20:17:48,553.99,1,0,0,0,0,0,0,0.00,0,1.00,4.08,1.34,3.64,1.00,D,0.00,12.00,12.00,12.00,12.00, ,0.26,,42.30,13.70,0,0.00,55.4,1,0,0.00,0.00,0.00,12.00,0.00,1.00,0,0,0.00,0
2026-05-10 20:17:49,555.01,1,0,0,0,0,0,0,0.01,0,1.00,4.08,1.35,3.58,1.00,D,0.00,12.00,12.00,12.00,12.00, ,0.81,,39.70,13.60,0,0.00,57.1,1,0,0.00,0.00,0.00,12.00,0.01,1.00,0,0,0.00,0
2026-05-10 20:17:50,556.03,1,0,0,0,0,0,0,0.06,0,1.00,4.08,1.35,3.56,1.00,D,0.00,12.00,12.00,12.00,12.00, ,3.41,,37.70,13.60,0,0.00,56.5,1,0,0.00,0.00,0.00,12.00,0.06,1.00,0,0,0.00,0
2026-05-10 20:17:52,557.12,1,0,0,0,0,0,0,0.08,0,1.00,4.08,1.36,3.61,1.00,D,0.00,12.00,12.00,12.00,12.00, ,4.77,,42.70,13.70,0,0.00,54.9,1,0,0.00,0.00,0.00,12.00,0.08,1.00,0,0,0.00,0
2026-05-10 20:17:53,558.10,1,0,0,0,0,0,0,0.08,0,1.00,4.08,1.36,3.59,1.00,D,0.00,12.00,12.00,12.00,12.00, ,4.89,,41.90,13.50,0,0.00,52.7,1,0,0.00,0.00,0.00,12.00,0.08,1.00,0,0,0.00,0
2026-05-10 20:17:54,559.11,1,0,0,0,0,0,0,-0.05,0,1.00,4.08,1.37,3.63,1.00,D,0.00,12.00,12.00,12.00,12.00, ,-2.88,,49.20,13.60,0,0.00,53.8,1,0,0.00,0.00,0.00,12.00,-0.05,1.00,0,0,0.00,0
2026-05-10 20:17:55,560.12,1,0,0,0,0,0,0,0.09,0,1.00,4.08,1.37,3.74,1.00,D,0.00,12.00,12.00,12.00,12.00, ,5.26,,38.80,13.60,0,0.00,53.8,1,0,0.00,0.00,0.00,12.00,0.09,1.00,0,0,0.00,0
2026-05-10 20:17:56,561.14,1,0,0,0,0,0,0,-0.01,0,1.00,4.08,1.37,3.46,1.00,D,0.00,12.00,12.00,12.00,12.00, ,-0.63,,42.00,13.60,0,0.00,53.8,1,0,0.00,0.00,0.00,12.00,-0.01,1.00,0,0,0.00,0
2026-05-10 20:17:57,562.14,1,0,0,0,0,0,0,0.13,0,1.00,4.08,1.38,3.52,1.00,D,0.00,12.00,12.00,12.00,12.00, ,7.72,,46.60,14.00,0,0.00,55.4,1,0,0.00,0.00,0.00,12.00,0.13,1.00,0,0,0.00,0
2026-05-10 20:17:58,563.25,1,0,0,0,0,0,0,0.05,0,1.00,4.08,1.38,3.67,1.00,D,0.00,12.00,12.00,12.00,12.00, ,2.94,,36.80,13.90,0,0.00,54.3,1,0,0.00,0.00,0.00,12.00,0.05,1.00,0,0,0.00,0
2026-05-10 20:17:59,564.16,1,0,0,0,0,0,0,-0.00,0,1.00,4.08,1.39,3.65,1.00,D,0.00,12.00,12.00,12.00,12.00, ,-0.18,,51.10,13.70,0,0.00,54.3,1,0,0.00,0.00,0.00,12.00,-0.00,1.00,0,0,0.00,0
2026-05-10 20:18:00,565.18,1,0,0,0,0,0,0,0.02,0,1.00,4.08,1.39,3.63,1.00,D,0.00,12.00,12.00,12.00,12.00, ,1.00,,39.90,13.50,0,0.00,54.9,1,0,0.00,0.00,0.00,12.00,0.02,1.00,0,0,0.00,0
2026-05-10 20:18:01,566.22,1,0,0,0,0,0,0,-0.04,0,1.00,4.08,1.39,3.58,1.00,D,0.00,12.00,12.00,12.00,12.00, ,-2.13,,49.90,13.70,0,0.00,54.9,1,0,0.00,0.00,0.00,12.00,-0.04,1.00,0,0,0.00,0
2026-05-10 20:18:02,567.23,1,0,0,0,0,0,0,0.03,0,1.00,4.08,1.40,3.59,1.00,D,0.00,12.00,12.00,12.00,12.00, ,1.87,,40.70,13.50,0,0.00,52.7,1,0,0.00,0.00,0.00,12.00,0.03,1.00,0,0,0.00,0
2026-05-10 20:18:03,568.36,1,0,0,0,0,0,0,0.01,0,1.00,4.08,1.40,3.65,1.00,D,0.00,12.00,12.00,12.00,12.00, ,0.58,,46.30,13.60,0,0.00,54.3,1,0,0.00,0.00,0.00,12.00,0.01,1.00,0,0,0.00,0
2026-05-10 20:18:04,569.34,1,0,0,0,0,0,0,-0.02,0,1.00,4.08,1.41,3.64,1.00,D,0.00,12.00,12.00,12.00,12.00, ,-1.07,,44.50,13.50,0,0.00,53.2,1,0,0.00,0.00,0.00,12.00,-0.02,1.00,0,0,0.00,0
2026-05-10 20:18:05,570.31,1,0,0,0,0,0,0,0.08,0,1.00,4.08,1.41,3.68,1.00,D,0.00,12.00,12.00,12.00,12.00, ,4.81,,50.30,13.80,0,0.00,54.3,1,0,0.00,0.00,0.00,12.00,0.08,1.00,0,0,0.00,0
2026-05-10 20:18:06,571.32,1,0,0,0,0,0,0,0.13,0,1.00,4.08,1.41,3.77,1.00,D,0.00,12.00,12.00,12.00,12.00, ,7.78,,38.30,13.60,0,0.00,53.8,1,0,0.00,0.00,0.00,12.00,0.13,1.00,0,0,0.00,0
2026-05-10 20:18:07,572.39,1,0,0,0,0,0,0,-0.03,0,1.00,4.08,1.42,3.56,1.00,D,0.00,12.00,12.00,12.00,12.00, ,-1.66,,52.40,13.70,0,0.00,54.3,1,0,0.00,0.00,0.00,12.00,-0.03,1.00,0,0,0.00,0
2026-05-10 20:18:08,573.35,1,0,0,0,0,0,0,-0.03,0,1.00,4.08,1.42,3.62,1.00,D,0.00,12.00,12.00,12.00,12.00, ,-1.73,,41.80,13.70,0,0.00,54.3,1,0,0.00,0.00,0.00,12.00,-0.03,1.00,0,0,0.00,0
2026-05-10 20:18:09,574.35,0,0,0,0,0,0,0,0.99,0,1.00,4.08,1.42,1.08,0.06,D,0.00,12.00,12.00,12.00,12.00, ,0.00,,43.50,13.80,0,0.00,56.0,1,0,0.00,0.00,0.00,12.00,0.00,0.00,0,0,0.00,0
2026-05-10 20:18:10,575.37,0,0,0,0,0,0,0,0.99,0,1.00,4.08,1.42,0.08,0.57,D,0.00,12.00,12.00,12.00,12.00, ,0.00,,40.60,13.80,0,0.00,55.4,1,0,0.00,0.00,0.00,12.00,0.00,0.00,0,0,0.00,0
2026-05-10 20:18:11,576.38,0,0,0,0,0,0,0,0.99,0,0.00,4.08,1.42,2.02,0.61,D,0.00,12.00,12.00,12.00,12.00, ,0.00,,43.10,13.80,0,0.00,54.9,1,0,0.00,0.00,0.00,12.00,0.00,0.00,0,0,0.00,0
2026-05-10 20:18:12,577.39,0,0,0,0,0,0,0,0.98,0,0.00,4.08,1.42,1.30,0.01,D,0.00,12.00,12.00,12.00,12.00, ,0.00,,47.00,13.60,0,0.00,56.5,1,0,0.00,0.00,0.00,12.00,0.00,0.00,0,0,0.00,0
2026-05-10 20:18:13,578.40,0,0,0,0,0,0,0,0.00,0,1.00,4.08,1.42,0.77,0.28,D,0.00,12.00,12.00,12.00,12.00, ,0.00,,42.90,13.50,0,0.00,54.9,1,0,0.00,0.00,0.00,12.00,0.00,0.00,0,0,0.00,0
2026-05-10 20:18:14,579.41,0,0,0,0,0,0,0,0.00,0,0.00,4.08,1.42,0.00,0.00,D,0.00,12.00,12.00,12.00,12.00, ,0.00,,40.30,13.50,0,0.51,53.8,1,0,0.00,0.00,0.00,12.00,0.00,0.00,0,0,0.00,0
2026-05-10 20:18:15,580.42,0,0,0,0,0,0,0,0.00,0,0.00,4.08,1.42,0.00,0.00,D,0.00,12.00,12.00,12.00,12.00, ,0.00,,42.70,13.80,0,1.53,56.5,1,0,0.00,0.00,0.00,12.00,0.00,0.00,0,0,0.00,0
2026-05-10 20:18:16,581.42,0,0,0,0,0,0,0,0.00,0,0.00,4.08,1.41,0.00,0.00,D,0.00,12.00,12.00,12.00,12.00, ,0.00,,39.50,13.70,0,2.53,55.4,1,0,0.00,0.00,0.00,12.00,0.00,0.00,0,0,0.00,0
2026-05-10 20:18:17,582.43,0,0,0,0,0,0,0,0.00,0,1.00,4.08,1.41,0.00,0.17,D,0.00,12.00,12.00,12.00,12.00, ,0.00,,41.10,13.70,0,3.53,55.4,1,0,0.00,0.00,0.00,12.00,0.00,0.00,0,0,0.00,0
2026-05-10 20:18:18,583.44,0,0,0,0,0,0,0,0.18,0,1.00,4.08,1.41,0.10,0.68,D,0.00,12.00,12.00,12.00,12.00, ,0.00,,45.80,13.80,0,0.00,54.9,1,0,0.00,0.00,0.00,12.00,0.00,0.00,0,0,0.00,0
2026-05-10 20:18:19,584.45,0,0,0,0,0,0,0,-0.58,0,1.00,4.08,1.41,2.51,1.00,D,0.00,12.00,12.00,12.00,12.00, ,0.00,,43.00,13.80,0,0.00,54.9,1,0,0.00,0.00,0.00,12.00,0.00,0.00,0,0,0.00,0
2026-05-10 20:18:20,585.45,0,0,0,0,0,0,0,0.00,0,1.00,4.08,1.41,3.28,1.00,D,0.00,12.00,12.00,12.00,12.00, ,0.00,,41.00,13.70,0,0.00,55.4,1,0,0.00,0.00,0.00,12.00,0.00,0.00,0,0,0.00,0
2026-05-10 20:18:21,586.47,0,0,0,0,0,0,0,0.29,0,1.00,4.08,1.42,3.42,1.00,D,0.00,12.00,12.00,12.00,12.00, ,0.00,,53.00,13.80,0,0.00,55.4,1,0,0.00,0.00,0.00,12.00,0.00,0.00,0,0,0.00,0
2026-05-10 20:18:22,587.50,0,0,0,0,0,0,0,1.00,0,1.00,4.08,1.42,3.52,1.00,D,0.00,12.00,12.00,12.00,12.00, ,0.00,,47.70,13.60,0,0.00,54.3,1,0,0.00,0.00,0.00,12.00,0.00,0.00,0,0,0.00,0
2026-05-10 20:18:23,588.51,0,0,0,0,0,0,0,0.68,0,1.00,4.08,1.42,3.59,1.00,D,0.00,12.00,12.00,12.00,12.00, ,0.00,,53.20,13.60,0,0.00,56.0,1,0,0.00,0.00,0.00,12.00,0.00,0.00,0,0,0.00,0
2026-05-10 20:18:24,589.52,0,0,0,0,0,0,0,0.00,0,1.00,4.08,1.43,3.65,1.00,D,0.00,12.00,12.00,12.00,12.00, ,0.00,,44.10,13.60,0,0.00,55.4,1,0,0.00,0.00,0.00,12.00,0.00,0.00,0,0,0.00,0
2026-05-10 20:18:25,590.53,0,0,0,0,0,0,0,0.00,0,1.00,4.08,1.43,3.84,1.00,D,0.00,12.00,12.00,12.00,12.00, ,0.00,,44.70,13.80,0,0.00,54.9,1,0,0.00,0.00,0.00,12.00,0.00,0.00,0,0,0.00,0
2026-05-10 20:18:26,591.53,0,0,0,0,0,0,0,-0.34,0,1.00,4.08,1.43,3.35,1.00,D,0.00,12.00,12.00,12.00,12.00, ,0.00,,43.90,13.60,0,0.00,54.9,1,0,0.00,0.00,0.00,12.00,0.00,0.00,0,0,0.00,0
2026-05-10 20:18:27,592.55,0,0,0,0,0,0,0,-0.44,0,0.68,4.08,1.44,2.92,0.98,D,0.00,12.00,12.00,12.00,12.00, ,0.00,,43.80,13.80,0,0.00,56.0,1,0,0.00,0.00,0.00,12.00,0.00,0.00,0,0,0.00,0
2026-05-10 20:18:28,593.56,1,0,0,0,0,0,0,-0.01,0,1.00,4.08,1.44,2.67,1.00,D,0.00,12.00,12.00,12.00,12.00, ,-0.81,,51.00,13.80,0,0.00,54.3,1,0,0.00,0.00,0.00,12.00,-0.01,1.00,0,0,0.00,0
2026-05-10 20:18:29,594.69,1,0,0,0,0,0,0,0.35,0,1.00,4.08,1.44,3.60,1.00,D,0.00,12.00,12.00,12.00,12.00, ,20.80,,39.20,13.70,0,0.00,54.3,1,0,0.00,0.00,0.00,12.00,0.35,1.00,0,0,0.00,0
2026-05-10 20:18:30,595.60,1,0,0,0,0,0,0,0.06,0,1.00,4.08,1.45,3.53,1.00,D,0.00,12.00,12.00,12.00,12.00, ,3.35,,41.60,13.70,0,0.00,55.4,1,0,0.00,0.00,0.00,12.00,0.06,1.00,0,0,0.00,0
2026-05-10 20:18:31,596.61,1,0,0,0,0,0,0,0.13,0,1.00,4.08,1.45,3.71,1.00,D,0.00,12.00,12.00,12.00,12.00, ,7.65,,38.00,13.50,0,0.00,56.0,1,0,0.00,0.00,0.00,12.00,0.13,1.00,0,0,0.00,0
2026-05-10 20:18:32,597.63,1,0,0,0,0,0,0,0.08,0,1.00,4.08,1.45,3.72,1.00,D,0.00,12.00,12.00,12.00,12.00, ,5.03,,44.10,13.70,0,0.00,55.4,1,0,0.00,0.00,0.00,12.00,0.08,1.00,0,0,0.00,0
2026-05-10 20:18:33,598.63,1,0,0,0,0,0,0,0.07,0,1.00,4.08,1.46,3.73,1.00,D,0.00,12.00,12.00,12.00,12.00, ,4.28,,39.10,13.50,0,0.00,54.9,1,0,0.00,0.00,0.00,12.00,0.07,1.00,0,0,0.00,0
2026-05-10 20:18:34,599.65,1,0,0,0,0,0,0,0.08,0,1.00,4.08,1.46,3.75,1.00,D,0.00,12.00,12.00,12.00,12.00, ,4.87,,48.70,13.60,0,0.00,53.8,1,0,0.00,0.00,0.00,12.00,0.08,1.00,0,0,0.00,0
2026-05-10 20:18:35,600.66,1,0,0,0,0,0,0,0.08,0,1.00,4.08,1.47,3.72,1.00,D,0.00,12.00,12.00,12.00,12.00, ,5.00,,39.70,13.60,0,0.00,53.8,1,0,0.00,0.00,0.00,12.00,0.08,1.00,0,0,0.00,0
2026-05-10 20:18:36,601.74,1,0,0,0,0,0,0,0.09,0,1.00,4.08,1.47,3.76,1.00,D,0.00,12.00,12.00,12.00,12.00, ,5.61,,54.40,13.60,0,0.00,52.7,1,0,0.00,0.00,0.00,12.00,0.09,1.00,0,0,0.00,0
2026-05-10 20:18:37,602.69,1,0,0,0,0,0,0,0.13,0,1.00,4.08,1.47,3.80,1.00,D,0.00,12.00,12.00,12.00,12.00, ,8.06,,41.50,13.40,0,0.00,53.8,1,0,0.00,0.00,0.00,12.00,0.13,1.00,0,0,0.00,0
2026-05-10 20:18:38,603.76,1,0,0,0,0,0,0,0.12,0,1.00,4.08,1.48,3.80,1.00,D,0.00,12.00,12.00,12.00,12.00, ,7.39,,47.10,13.60,0,0.00,53.8,1,0,0.00,0.00,0.00,12.00,0.12,1.00,0,0,0.00,0
2026-05-10 20:18:39,604.83,1,0,0,0,0,0,0,-0.05,0,1.00,4.08,1.48,3.75,1.00,D,0.00,12.00,12.00,12.00,12.00, ,-3.08,,40.20,13.40,0,0.00,51.0,1,0,0.00,0.00,0.00,12.00,-0.05,1.00,0,0,0.00,0
2026-05-10 20:18:40,605.84,1,0,0,0,0,0,0,0.10,0,1.00,4.08,1.48,3.78,1.00,D,0.00,12.00,12.00,12.00,12.00, ,6.29,,48.80,13.70,0,0.00,52.7,1,0,0.00,0.00,0.00,12.00,0.10,1.00,0,0,0.00,0
2026-05-10 20:18:41,606.82,1,0,0,0,0,0,0,0.12,0,1.00,4.08,1.49,3.78,1.00,D,0.00,12.00,12.00,12.00,12.00, ,6.96,,41.00,13.60,0,0.00,51.6,1,0,0.00,0.00,0.00,12.00,0.12,1.00,0,0,0.00,0
2026-05-10 20:18:42,607.94,1,0,0,0,0,0,0,0.13,0,1.00,4.08,1.49,3.76,1.00,D,0.00,12.00,12.00,12.00,12.00, ,8.05,,50.90,13.70,0,0.00,53.2,1,0,0.00,0.00,0.00,12.00,0.13,1.00,0,0,0.00,0
2026-05-10 20:18:43,608.92,1,0,0,0,0,0,0,0.09,0,1.00,4.08,1.50,3.81,1.00,D,0.00,12.00,12.00,12.00,12.00, ,5.59,,41.30,13.60,0,0.00,52.7,1,0,0.00,0.00,0.00,12.00,0.09,1.00,0,0,0.00,0
2026-05-10 20:18:44,609.94,1,0,0,0,0,0,0,0.09,0,1.00,4.08,1.50,3.81,1.00,D,0.00,12.00,12.00,12.00,12.00, ,5.30,,50.00,13.60,0,0.00,53.2,1,0,0.00,0.00,0.00,12.00,0.09,1.00,0,0,0.00,0
2026-05-10 20:18:45,610.94,1,0,0,0,0,0,0,-0.01,0,1.00,4.08,1.50,3.72,1.00,D,0.00,12.00,12.00,12.00,12.00, ,-0.47,,41.50,13.50,0,0.00,54.3,1,0,0.00,0.00,0.00,12.00,-0.01,1.00,0,0,0.00,0
2026-05-10 20:18:46,611.94,1,0,0,0,0,0,0,0.20,0,1.00,4.08,1.51,3.88,1.00,D,0.00,12.00,12.00,12.00,12.00, ,12.13,,45.50,13.70,0,0.00,53.2,1,0,0.00,0.00,0.00,12.00,0.20,1.00,0,0,0.00,0
2026-05-10 20:18:47,612.98,1,0,0,0,0,0,0,0.18,0,1.00,4.08,1.51,3.64,1.00,D,0.00,12.00,12.00,12.00,12.00, ,10.68,,40.80,13.70,0,0.00,54.3,1,0,0.00,0.00,0.00,12.00,0.18,1.00,0,0,0.00,0
2026-05-10 20:18:49,614.07,1,0,0,0,0,0,0,-0.14,0,1.00,4.08,1.52,3.80,1.00,D,0.00,12.00,12.00,12.00,12.00, ,-8.25,,54.70,13.90,0,0.00,51.0,1,0,0.00,0.00,0.00,12.00,-0.14,1.00,0,0,0.00,0
2026-05-10 20:18:49,615.04,1,0,0,0,0,0,0,0.36,0,1.00,4.08,1.52,3.87,1.00,D,0.00,12.00,12.00,12.00,12.00, ,21.86,,42.00,13.80,0,0.00,53.2,1,0,0.00,0.00,0.00,12.00,0.36,1.00,0,0,0.00,0
2026-05-10 20:18:51,616.06,1,0,0,0,0,0,0,0.10,0,1.00,4.08,1.52,3.81,1.00,D,0.00,12.00,12.00,12.00,12.00, ,6.13,,41.50,13.80,0,0.00,53.2,1,0,0.00,0.00,0.00,12.00,0.10,1.00,0,0,0.00,0
2026-05-10 20:18:52,617.08,1,0,0,0,0,0,0,0.17,0,1.00,4.08,1.53,3.88,1.00,D,0.00,12.00,12.00,12.00,12.00, ,10.39,,46.00,13.70,0,0.00,53.2,1,0,0.00,0.00,0.00,12.00,0.17,1.00,0,0,0.00,0
2026-05-10 20:18:53,618.13,1,0,0,0,0,0,0,-0.03,0,1.00,4.08,1.53,3.68,1.00,D,0.00,12.00,12.00,12.00,12.00, ,-1.65,,42.30,13.70,0,0.00,54.9,1,0,0.00,0.00,0.00,12.00,-0.03,1.00,0,0,0.00,0
2026-05-10 20:18:54,619.12,1,0,0,0,0,0,0,0.10,0,1.00,4.08,1.53,3.95,1.00,D,0.00,12.00,12.00,12.00,12.00, ,5.96,,54.90,14.00,0,0.00,55.4,1,0,0.00,0.00,0.00,12.00,0.10,1.00,0,0,0.00,0
2026-05-10 20:18:55,620.13,1,0,0,0,0,0,0,0.06,0,1.00,4.08,1.54,3.79,1.00,D,0.00,12.00,12.00,12.00,12.00, ,3.65,,41.30,14.00,0,0.00,54.9,1,0,0.00,0.00,0.00,12.00,0.06,1.00,0,0,0.00,0
2026-05-10 20:18:56,621.17,1,0,0,0,0,0,0,0.02,0,1.00,4.08,1.54,3.81,1.00,D,0.00,12.00,12.00,12.00,12.00, ,1.17,,40.50,13.80,0,0.00,53.8,1,0,0.00,0.00,0.00,12.00,0.02,1.00,0,0,0.00,0
2026-05-10 20:18:57,622.19,1,0,0,0,0,0,0,0.17,0,1.00,4.08,1.55,3.84,1.00,D,0.00,12.00,12.00,12.00,12.00, ,10.25,,47.80,13.70,0,0.00,55.4,1,0,0.00,0.00,0.00,12.00,0.17,1.00,0,0,0.00,0
2026-05-10 20:18:58,623.20,1,0,0,0,0,0,0,0.31,0,1.00,4.08,1.55,3.86,1.00,D,0.00,12.00,12.00,12.00,12.00, ,18.77,,41.20,13.70,0,0.00,53.8,1,0,0.00,0.00,0.00,12.00,0.31,1.00,0,0,0.00,0
2026-05-10 20:18:59,624.22,1,0,0,0,0,0,0,0.04,0,1.00,4.08,1.55,3.78,1.00,D,0.00,12.00,12.00,12.00,12.00, ,2.12,,39.00,13.70,0,0.00,55.4,1,0,0.00,0.00,0.00,12.00,0.04,1.00,0,0,0.00,0
2026-05-10 20:19:00,625.22,1,0,0,0,0,0,0,0.22,0,1.00,4.08,1.56,3.96,1.00,D,0.00,12.00,12.00,12.00,12.00, ,13.08,,44.10,13.80,0,0.00,55.4,1,0,0.00,0.00,0.00,12.00,0.22,1.00,0,0,0.00,0
2026-05-10 20:19:01,626.25,1,0,0,0,0,0,0,0.12,0,1.00,4.08,1.56,3.94,1.00,D,0.00,12.00,12.00,12.00,12.00, ,7.07,,39.80,13.80,0,0.00,56.5,1,0,0.00,0.00,0.00,12.00,0.12,1.00,0,0,0.00,0
2026-05-10 20:19:02,627.26,1,0,0,0,0,0,0,0.06,0,1.00,4.08,1.56,3.93,1.00,D,0.00,12.00,12.00,12.00,12.00, ,3.60,,39.00,13.50,0,0.00,53.8,1,0,0.00,0.00,0.00,12.00,0.06,1.00,0,0,0.00,0
2026-05-10 20:19:03,628.28,1,0,0,0,0,0,0,-0.02,0,1.00,4.08,1.57,3.92,1.00,D,0.00,12.00,12.00,12.00,12.00, ,-1.38,,47.90,13.70,0,0.00,54.3,1,0,0.00,0.00,0.00,12.00,-0.02,1.00,0,0,0.00,0
2026-05-10 20:19:04,629.32,1,0,0,0,0,0,0,0.09,0,1.00,4.08,1.57,3.89,1.00,D,0.00,12.00,12.00,12.00,12.00, ,5.48,,40.50,13.70,0,0.00,54.9,1,0,0.00,0.00,0.00,12.00,0.09,1.00,0,0,0.00,0
2026-05-10 20:19:05,630.35,1,0,0,0,0,0,0,0.12,0,1.00,4.08,1.58,3.96,1.00,D,0.00,12.00,12.00,12.00,12.00, ,7.25,,45.70,13.60,0,0.00,55.4,1,0,0.00,0.00,0.00,12.00,0.12,1.00,0,0,0.00,0
2026-05-10 20:19:06,631.34,1,0,0,0,0,0,0,0.12,0,1.00,4.08,1.58,3.97,1.00,D,0.00,12.00,12.00,12.00,12.00, ,7.03,,43.50,13.60,0,0.00,54.9,1,0,0.00,0.00,0.00,12.00,0.12,1.00,0,0,0.00,0
2026-05-10 20:19:07,632.37,1,0,0,0,0,0,0,0.05,0,1.00,4.08,1.58,3.93,1.00,D,0.00,12.00,12.00,12.00,12.00, ,3.14,,44.90,13.70,0,0.00,56.0,1,0,0.00,0.00,0.00,12.00,0.05,1.00,0,0,0.00,0
2026-05-10 20:19:08,633.35,1,0,0,0,0,0,0,0.11,0,1.00,4.08,1.59,3.91,1.00,D,0.00,12.00,12.00,12.00,12.00, ,6.35,,42.10,13.70,0,0.00,53.8,1,0,0.00,0.00,0.00,12.00,0.11,1.00,0,0,0.00,0
2026-05-10 20:19:09,634.37,1,0,0,0,0,0,0,0.19,0,1.00,4.08,1.59,3.94,1.00,D,0.00,12.00,12.00,12.00,12.00, ,11.51,,39.80,13.70,0,0.00,53.2,1,0,0.00,0.00,0.00,12.00,0.19,1.00,0,0,0.00,0
2026-05-10 20:19:10,635.38,1,0,0,0,0,0,0,0.16,0,1.00,4.08,1.60,3.97,1.00,D,0.00,12.00,12.00,12.00,12.00, ,9.54,,47.80,13.80,0,0.00,56.5,1,0,0.00,0.00,0.00,12.00,0.16,1.00,0,0,0.00,0
2026-05-10 20:19:11,636.41,1,0,0,0,0,0,0,-0.07,0,1.00,4.08,1.60,3.87,1.00,D,0.00,12.00,12.00,12.00,12.00, ,-4.37,,39.40,13.60,0,0.00,56.0,1,0,0.00,0.00,0.00,12.00,-0.07,1.00,0,0,0.00,0
2026-05-10 20:19:12,637.43,1,0,0,0,0,0,0,0.38,0,1.00,4.08,1.60,4.01,1.00,D,0.00,12.00,12.00,12.00,12.00, ,22.77,,46.40,13.80,0,0.00,56.5,1,0,0.00,0.00,0.00,12.00,0.38,1.00,0,0,0.00,0
2026-05-10 20:19:13,638.45,1,0,0,0,0,0,0,-0.02,0,1.00,4.08,1.61,3.91,1.00,D,0.00,12.00,12.00,12.00,12.00, ,-1.36,,39.90,13.70,0,0.00,55.4,1,0,0.00,0.00,0.00,12.00,-0.02,1.00,0,0,0.00,0
2026-05-10 20:19:14,639.48,1,0,0,0,0,0,0,0.06,0,1.00,4.08,1.61,4.00,1.00,D,0.00,12.00,12.00,12.00,12.00, ,3.42,,46.70,13.80,0,0.00,53.8,1,0,0.00,0.00,0.00,12.00,0.06,1.00,0,0,0.00,0
2026-05-10 20:19:15,640.48,1,0,0,0,0,0,0,-0.04,0,1.00,4.08,1.61,4.00,1.00,D,0.00,12.00,12.00,12.00,12.00, ,-2.36,,39.20,13.80,0,0.00,54.3,1,0,0.00,0.00,0.00,12.00,-0.04,1.00,0,0,0.00,0
2026-05-10 20:19:16,641.50,1,0,0,0,0,0,0,0.14,0,1.00,4.08,1.62,4.00,1.00,D,0.00,12.00,12.00,12.00,12.00, ,8.11,,47.30,13.90,0,0.00,56.0,1,0,0.00,0.00,0.00,12.00,0.14,1.00,0,0,0.00,0
2026-05-10 20:19:17,642.50,1,0,0,0,0,0,0,0.05,0,1.00,4.08,1.62,4.02,1.00,D,0.00,12.00,12.00,12.00,12.00, ,3.20,,42.00,13.90,0,0.00,55.4,1,0,0.00,0.00,0.00,12.00,0.05,1.00,0,0,0.00,0
2026-05-10 20:19:18,643.51,1,0,0,0,0,0,0,0.10,0,1.00,4.08,1.62,3.98,1.00,D,0.00,12.00,12.00,12.00,12.00, ,5.90,,40.80,13.70,0,0.00,55.4,1,0,0.00,0.00,0.00,12.00,0.10,1.00,0,0,0.00,0
2026-05-10 20:19:19,644.52,1,0,0,0,0,0,0,0.11,0,1.00,4.08,1.63,3.99,1.00,D,0.00,12.00,12.00,12.00,12.00, ,6.47,,49.40,13.90,0,0.00,54.9,1,0,0.00,0.00,0.00,12.00,0.11,1.00,0,0,0.00,0
2026-05-10 20:19:20,645.53,1,0,0,0,0,0,0,0.21,0,1.00,4.08,1.63,3.96,1.00,D,0.00,12.00,12.00,12.00,12.00, ,12.82,,43.10,13.80,0,0.00,55.4,1,0,0.00,0.00,0.00,12.00,0.21,1.00,0,0,0.00,0
2026-05-10 20:19:21,646.59,1,0,0,0,0,0,0,0.07,0,1.00,4.08,1.64,3.99,1.00,D,0.00,12.00,12.00,12.00,12.00, ,4.11,,41.60,13.70,0,0.00,54.9,1,0,0.00,0.00,0.00,12.00,0.07,1.00,0,0,0.00,0
2026-05-10 20:19:22,647.63,1,0,0,0,0,0,0,-0.07,0,1.00,4.08,1.64,3.94,1.00,D,0.00,12.00,12.00,12.00,12.00, ,-3.99,,49.50,13.60,0,0.00,54.3,1,0,0.00,0.00,0.00,12.00,-0.07,1.00,0,0,0.00,0
2026-05-10 20:19:23,648.62,1,0,0,0,0,0,0,0.04,0,1.00,4.08,1.64,4.00,1.00,D,0.00,12.00,12.00,12.00,12.00, ,2.55,,41.60,13.60,0,0.00,52.1,1,0,0.00,0.00,0.00,12.00,0.04,1.00,0,0,0.00,0
2026-05-10 20:19:24,649.67,1,0,0,0,0,0,0,0.13,0,1.00,4.08,1.65,4.04,1.00,D,0.00,12.00,12.00,12.00,12.00, ,7.99,,49.30,13.80,0,0.00,54.3,1,0,0.00,0.00,0.00,12.00,0.13,1.00,0,0,0.00,0
2026-05-10 20:19:25,650.66,1,0,0,0,0,0,0,0.07,0,1.00,4.08,1.65,3.99,1.00,D,0.00,12.00,12.00,12.00,12.00, ,3.97,,39.40,13.70,0,0.00,54.3,1,0,0.00,0.00,0.00,12.00,0.07,1.00,0,0,0.00,0
2026-05-10 20:19:26,651.67,1,0,0,0,0,0,0,0.06,0,1.00,4.08,1.65,4.01,1.00,D,0.00,12.00,12.00,12.00,12.00, ,3.69,,50.00,13.70,0,0.00,53.2,1,0,0.00,0.00,0.00,12.00,0.06,1.00,0,0,0.00,0
2026-05-10 20:19:27,652.68,1,0,0,0,0,0,0,0.01,0,1.00,4.08,1.66,3.92,1.00,D,0.00,12.00,12.00,12.00,12.00, ,0.50,,42.50,13.60,0,0.00,54.3,1,0,0.00,0.00,0.00,12.00,0.01,1.00,0,0,0.00,0
2026-05-10 20:19:28,653.71,1,0,0,0,0,0,0,0.04,0,1.00,4.08,1.66,3.92,1.00,D,0.00,12.00,12.00,12.00,12.00, ,2.33,,47.20,13.70,0,0.00,53.8,1,0,0.00,0.00,0.00,12.00,0.04,1.00,0,0,0.00,0
2026-05-10 20:19:29,654.74,1,0,0,0,0,0,0,0.12,0,1.00,4.08,1.66,3.87,1.00,D,0.00,12.00,12.00,12.00,12.00, ,7.25,,40.80,13.70,0,0.00,53.2,1,0,0.00,0.00,0.00,12.00,0.12,1.00,0,0,0.00,0
2026-05-10 20:19:30,655.77,1,0,0,0,0,0,0,-0.03,0,1.00,4.08,1.67,3.97,1.00,D,0.00,12.00,12.00,12.00,12.00, ,-2.04,,49.20,13.90,0,0.00,55.4,1,0,0.00,0.00,0.00,12.00,-0.03,1.00,0,0,0.00,0
2026-05-10 20:19:31,656.79,1,0,0,0,0,0,0,0.16,0,1.00,4.08,1.67,3.87,1.00,D,0.00,12.00,12.00,12.00,12.00, ,9.31,,38.80,13.90,0,0.00,54.9,1,0,0.00,0.00,0.00,12.00,0.16,1.00,0,0,0.00,0
2026-05-10 20:19:32,657.81,1,0,0,0,0,0,0,0.06,0,1.00,4.12,1.68,4.06,1.00,D,0.00,12.00,12.00,12.00,12.00, ,3.75,,41.90,13.80,0,0.00,53.8,1,0,0.00,0.00,0.00,12.00,0.06,1.00,0,0,0.00,0
2026-05-10 20:19:33,658.81,1,0,0,0,0,0,0,0.17,0,1.00,4.12,1.68,4.07,1.00,D,0.00,12.00,12.00,12.00,12.00, ,10.37,,45.50,14.00,0,0.00,55.4,1,0,0.00,0.00,0.00,12.00,0.17,1.00,0,0,0.00,0
2026-05-10 20:19:34,659.83,0,0,0,1,0,0,0,-0.53,0,0.00,4.12,1.68,3.78,0.00,N,0.00,12.00,12.00,12.00,12.00, ,0.00,,42.10,13.80,0,0.00,55.4,1,0,0.00,0.00,0.00,12.00,0.00,0.00,0,0,0.00,0
2026-05-10 20:19:35,660.86,0,0,0,1,0,0,0,-0.18,0,1.00,4.12,1.68,0.89,-0.38,R,0.00,12.00,12.00,12.00,12.00, ,0.00,,41.00,13.70,0,0.00,53.8,1,0,0.00,0.00,0.00,12.00,0.00,0.00,0,0,0.00,0
2026-05-10 20:19:36,661.87,0,0,0,0,0,0,0,-0.22,0,1.00,4.12,1.68,0.85,-0.88,R,0.00,12.00,12.00,12.00,12.00, ,0.00,,47.90,13.60,0,0.00,55.4,1,0,0.00,0.00,0.00,12.00,0.00,0.00,0,0,0.00,0
2026-05-10 20:19:37,662.94,0,0,0,0,0,0,0,0.00,0,1.00,4.12,1.68,3.18,-1.00,R,0.00,12.00,12.00,12.00,12.00, ,0.00,,46.40,13.70,0,0.00,54.9,1,0,0.00,0.00,0.00,12.00,0.00,0.00,0,0,0.00,0
2026-05-10 20:19:38,663.90,0,0,0,0,0,0,0,0.00,0,1.00,4.12,1.69,3.35,-1.00,R,0.00,12.00,12.00,12.00,12.00, ,0.00,,48.90,13.80,0,0.00,55.4,1,0,0.00,0.00,0.00,12.00,0.00,0.00,0,0,0.00,0
2026-05-10 20:19:39,664.90,0,0,0,0,0,0,0,0.00,1,0.00,4.12,1.69,0.00,0.00,R,0.00,12.00,12.00,12.00,12.00, ,0.00,,38.60,13.70,0,0.00,54.9,1,0,0.00,0.00,0.00,12.00,0.00,0.00,0,0,0.00,0
2026-05-10 20:19:40,665.91,0,0,0,0,0,0,0,0.00,0,0.00,4.12,1.68,0.00,-0.00,R,0.00,12.00,12.00,12.00,12.00, ,0.00,,45.40,13.80,0,0.72,54.3,1,0,0.00,0.00,0.00,12.00,0.00,0.00,0,0,0.00,0
2026-05-10 20:19:41,666.91,0,0,0,0,0,0,0,0.00,0,0.00,4.12,1.68,0.00,-0.00,R,0.00,12.00,12.00,12.00,12.00, ,0.00,,38.40,13.60,0,0.37,56.0,1,0,0.00,0.00,0.00,12.00,0.00,0.00,0,0,0.00,0
2026-05-10 20:19:42,667.95,0,0,0,0,0,0,0,0.17,0,1.00,4.12,1.68,0.01,-0.17,R,0.00,12.00,12.00,12.00,12.00, ,0.00,,45.50,13.60,0,0.06,55.4,1,0,0.00,0.00,0.00,12.00,0.00,0.00,0,0,0.00,0
2026-05-10 20:19:43,668.94,0,0,0,0,0,0,0,0.29,0,1.00,4.12,1.68,0.02,-0.67,R,0.00,12.00,12.00,12.00,12.00, ,0.00,,46.40,13.50,0,0.03,54.9,1,0,0.00,0.00,0.00,12.00,0.00,0.00,0,0,0.00,0
2026-05-10 20:19:44,670.05,0,0,0,0,0,0,0,0.00,0,1.00,4.12,1.67,2.50,-1.00,R,0.00,12.00,12.00,12.00,12.00, ,0.00,,45.00,13.50,0,0.00,54.3,1,0,0.00,0.00,0.00,12.00,0.00,0.00,0,0,0.00,0
2026-05-10 20:19:45,671.02,0,0,0,0,0,0,0,0.00,0,1.00,4.12,1.68,3.31,-1.00,R,0.00,12.00,12.00,12.00,12.00, ,0.00,,48.30,13.60,0,0.00,54.9,1,0,0.00,0.00,0.00,12.00,0.00,0.00,0,0,0.00,0
2026-05-10 20:19:46,672.03,0,0,0,0,0,0,0,0.00,1,0.00,4.12,1.68,0.99,0.00,R,0.00,12.00,12.00,12.00,12.00, ,0.00,,50.40,14.00,0,0.01,53.2,1,0,0.00,0.00,0.00,12.00,0.00,0.00,0,0,0.00,0
2026-05-10 20:19:47,673.05,1,0,0,0,0,0,0,-0.11,0,1.00,4.12,1.68,0.12,0.46,D,0.00,12.00,12.00,12.00,12.00, ,-6.41,,39.20,13.90,0,0.01,54.9,1,0,0.00,0.00,0.00,12.00,-0.11,1.00,0,0,0.00,0
2026-05-10 20:19:49,674.09,1,0,0,0,0,0,0,0.17,0,1.00,4.12,1.67,1.66,0.97,D,0.00,12.00,12.00,12.00,12.00, ,10.24,,39.90,13.90,0,0.00,53.2,1,0,0.00,0.00,0.00,12.00,0.17,1.00,0,0,0.00,0
2026-05-10 20:19:50,675.11,1,0,0,0,0,0,0,0.30,0,1.00,4.12,1.68,3.89,1.00,D,0.00,12.00,12.00,12.00,12.00, ,17.95,,46.70,14.00,0,0.00,55.4,1,0,0.00,0.00,0.00,12.00,0.30,1.00,0,0,0.00,0
2026-05-10 20:19:51,676.25,0,0,0,0,0,0,0,0.00,0,0.00,4.12,1.68,2.28,0.00,D,0.00,12.00,12.00,12.00,12.00, ,0.00,,42.40,14.00,0,0.00,55.4,1,0,0.00,0.00,0.00,12.00,0.00,0.00,0,0,0.00,0
2026-05-10 20:19:52,677.12,0,0,0,1,0,0,0,-0.91,0,1.00,4.12,1.68,0.86,-0.36,R,0.00,12.00,12.00,12.00,12.00, ,0.00,,41.30,13.90,0,0.00,54.9,1,0,0.00,0.00,0.00,12.00,0.00,0.00,0,0,0.00,0
2026-05-10 20:19:53,678.14,0,0,0,0,0,0,0,-0.91,0,1.00,4.12,1.68,0.55,-0.87,R,0.00,12.00,12.00,12.00,12.00, ,0.00,,40.90,13.70,0,0.00,55.4,1,0,0.00,0.00,0.00,12.00,0.00,0.00,0,0,0.00,0
2026-05-10 20:19:54,679.20,0,0,0,0,0,0,0,0.00,0,0.00,4.12,1.68,2.77,-0.93,R,0.00,12.00,12.00,12.00,12.00, ,0.00,,42.80,13.60,0,0.00,55.4,1,0,0.00,0.00,0.00,12.00,0.00,0.00,0,0,0.00,0
2026-05-10 20:19:55,680.19,0,0,1,0,0,0,0,0.92,0,0.00,4.12,1.68,2.08,0.00,D,0.00,12.00,12.00,12.00,12.00, ,0.00,,46.40,13.60,0,0.00,53.8,1,0,0.00,0.00,0.00,12.00,0.00,0.00,0,0,0.00,0
2026-05-10 20:19:56,681.20,0,0,0,0,0,0,0,-0.19,0,1.00,4.12,1.68,0.36,0.39,D,0.00,12.00,12.00,12.00,12.00, ,0.00,,50.90,13.80,0,0.00,52.7,1,0,0.00,0.00,0.00,12.00,0.00,0.00,0,0,0.00,0
2026-05-10 20:19:57,682.24,0,0,0,0,0,0,0,-0.11,0,1.00,4.12,1.68,1.56,0.92,D,0.00,12.00,12.00,12.00,12.00, ,0.00,,41.80,13.80,0,0.00,53.2,1,0,0.00,0.00,0.00,12.00,0.00,0.00,0,0,0.00,0
2026-05-10 20:19:58,683.31,0,0,0,0,0,0,0,0.00,0,1.00,4.12,1.68,3.64,1.00,D,0.00,12.00,12.00,12.00,12.00, ,0.00,,42.70,13.70,0,0.00,52.1,1,0,0.00,0.00,0.00,12.00,0.00,0.00,0,0,0.00,0
2026-05-10 20:19:59,684.41,0,0,0,0,0,0,0,0.00,0,1.00,4.12,1.68,3.95,1.00,D,0.00,12.00,12.00,12.00,12.00, ,0.00,,47.10,13.60,0,0.00,52.1,1,0,0.00,0.00,0.00,12.00,0.00,0.00,0,0,0.00,0
2026-05-10 20:20:00,685.39,0,0,0,0,0,0,0,0.00,0,1.00,4.12,1.69,3.90,1.00,D,0.00,12.00,12.00,12.00,12.00, ,0.00,,51.40,13.70,0,0.00,53.2,1,0,0.00,0.00,0.00,12.00,0.00,0.00,0,0,0.00,0
2026-05-10 20:20:01,686.41,0,0,0,0,0,0,0,0.00,0,1.00,4.12,1.69,3.96,1.00,D,0.00,12.00,12.00,12.00,12.00, ,0.00,,40.80,13.70,0,0.00,52.1,1,0,0.00,0.00,0.00,12.00,0.00,0.00,0,0,0.00,0
2026-05-10 20:20:02,687.41,0,0,0,0,0,0,0,0.00,0,0.00,4.12,1.69,3.89,0.96,D,0.00,12.00,12.00,12.00,12.00, ,0.00,,43.00,13.50,0,0.00,52.1,1,0,0.00,0.00,0.00,12.00,0.00,0.00,0,0,0.00,0
2026-05-10 20:20:03,688.53,1,0,0,0,0,0,0,0.10,0,1.00,4.12,1.70,3.99,1.00,D,0.00,12.00,12.00,12.00,12.00, ,5.73,,50.70,13.60,0,0.00,52.1,1,0,0.00,0.00,0.00,12.00,0.10,1.00,0,0,0.00,0
2026-05-10 20:20:04,689.46,1,0,0,0,0,0,0,0.06,0,1.00,4.12,1.70,3.91,1.00,D,0.00,12.00,12.00,12.00,12.00, ,3.35,,46.10,13.60,0,0.00,53.2,1,0,0.00,0.00,0.00,12.00,0.06,1.00,0,0,0.00,0
2026-05-10 20:20:05,690.47,1,0,0,0,0,0,0,0.05,0,1.00,4.12,1.70,3.92,1.00,D,0.00,12.00,12.00,12.00,12.00, ,2.74,,46.20,13.70,0,0.00,53.8,1,0,0.00,0.00,0.00,12.00,0.05,1.00,0,0,0.00,0
2026-05-10 20:20:06,691.53,1,0,0,0,0,0,0,0.05,0,1.00,4.12,1.71,4.05,1.00,D,0.00,12.00,12.00,12.00,12.00, ,3.29,,41.10,13.60,0,0.00,53.2,1,0,0.00,0.00,0.00,12.00,0.05,1.00,0,0,0.00,0
2026-05-10 20:20:07,692.54,1,0,0,0,0,0,0,-0.07,0,1.00,4.12,1.71,3.90,1.00,D,0.00,12.00,12.00,12.00,12.00, ,-3.91,,48.40,13.60,0,0.00,54.9,1,0,0.00,0.00,0.00,12.00,-0.07,1.00,0,0,0.00,0
2026-05-10 20:20:08,693.54,1,0,0,0,0,0,0,0.17,0,1.00,4.12,1.71,3.94,1.00,D,0.00,12.00,12.00,12.00,12.00, ,10.05,,41.70,13.50,0,0.00,54.3,1,0,0.00,0.00,0.00,12.00,0.17,1.00,0,0,0.00,0
2026-05-10 20:20:09,694.59,1,0,0,0,0,0,0,-0.01,0,1.00,4.12,1.72,3.95,1.00,D,0.00,12.00,12.00,12.00,12.00, ,-0.30,,49.80,13.70,0,0.00,53.2,1,0,0.00,0.00,0.00,12.00,-0.01,1.00,0,0,0.00,0
2026-05-10 20:20:10,695.61,1,0,0,0,0,0,0,0.05,0,1.00,4.12,1.72,3.91,1.00,D,0.00,12.00,12.00,12.00,12.00, ,2.86,,43.20,13.60,0,0.00,53.2,1,0,0.00,0.00,0.00,12.00,0.05,1.00,0,0,0.00,0
2026-05-10 20:20:11,696.61,0,0,0,0,0,0,0,-0.36,0,0.00,4.12,1.72,1.73,0.00,D,0.00,12.00,12.00,12.00,12.00, ,0.00,,52.80,13.80,0,0.00,52.7,1,0,0.00,0.00,0.00,12.00,0.00,0.00,0,0,0.00,0
2026-05-10 20:20:12,697.63,0,0,0,0,0,0,0,-1.00,0,1.00,4.12,1.72,0.37,0.38,D,0.00,12.00,12.00,12.00,12.00, ,0.00,,40.30,13.70,0,0.00,53.8,1,0,0.00,0.00,0.00,12.00,0.00,0.00,0,0,0.00,0
2026-05-10 20:20:13,698.65,0,0,0,0,0,0,0,0.00,0,1.00,4.12,1.72,1.62,0.89,D,0.00,12.00,12.00,12.00,12.00, ,0.00,,49.60,13.90,0,0.00,52.7,1,0,0.00,0.00,0.00,12.00,0.00,0.00,0,0,0.00,0
2026-05-10 20:20:14,699.69,0,0,0,0,0,0,0,0.00,0,1.00,4.12,1.72,3.30,1.00,D,0.00,12.00,12.00,12.00,12.00, ,0.00,,43.50,13.80,0,0.00,52.1,1,0,0.00,0.00,0.00,12.00,0.00,0.00,0,0,0.00,0
2026-05-10 20:20:15,700.72,0,0,0,0,0,0,0,0.00,0,1.00,4.12,1.72,3.59,1.00,D,0.00,12.00,12.00,12.00,12.00, ,0.00,,53.40,13.80,0,0.00,52.1,1,0,0.00,0.00,0.00,12.00,0.00,0.00,0,0,0.00,0
2026-05-10 20:20:16,701.78,0,0,0,0,0,0,0,0.00,0,1.00,4.12,1.72,3.64,1.00,D,0.00,12.00,12.00,12.00,12.00, ,0.00,,44.60,13.70,0,0.00,52.7,1,0,0.00,0.00,0.00,12.00,0.00,0.00,0,0,0.00,0
2026-05-10 20:20:17,702.77,0,0,0,0,0,0,0,0.00,0,1.00,4.12,1.73,3.69,1.00,D,0.00,12.00,12.00,12.00,12.00, ,0.00,,54.40,13.70,0,0.00,52.7,1,0,0.00,0.00,0.00,12.00,0.00,0.00,0,0,0.00,0
2026-05-10 20:20:18,703.84,0,0,0,0,0,0,0,0.00,0,1.00,4.12,1.73,3.83,1.00,D,0.00,12.00,12.00,12.00,12.00, ,0.00,,42.50,13.60,0,0.00,51.6,1,0,0.00,0.00,0.00,12.00,0.00,0.00,0,0,0.00,0
2026-05-10 20:20:19,704.87,0,0,0,0,0,0,0,0.00,0,1.00,4.12,1.73,3.75,1.00,D,0.00,12.00,12.00,12.00,12.00, ,0.00,,52.70,13.60,0,0.00,54.3,1,0,0.00,0.00,0.00,12.00,0.00,0.00,0,0,0.00,0
2026-05-10 20:20:20,705.93,0,0,0,0,0,0,0,0.00,0,0.00,4.12,1.74,3.75,0.74,D,0.00,12.00,12.00,12.00,12.00, ,0.00,,44.80,13.60,0,0.00,52.7,1,0,0.00,0.00,0.00,12.00,0.00,0.00,0,0,0.00,0
2026-05-10 20:20:21,706.97,1,0,0,0,0,0,0,-0.16,0,1.00,4.12,1.74,2.64,1.00,D,0.00,12.00,12.00,12.00,12.00, ,-9.66,,52.30,13.80,0,0.00,52.7,1,0,0.00,0.00,0.00,12.00,-0.16,1.00,0,0,0.00,0
2026-05-10 20:20:22,707.98,1,0,0,0,0,0,0,0.03,0,1.00,4.12,1.74,3.29,1.00,D,0.00,12.00,12.00,12.00,12.00, ,2.10,,45.10,13.70,0,0.00,49.9,1,0,0.00,0.00,0.00,12.00,0.03,1.00,0,0,0.00,0
2026-05-10 20:20:23,709.04,1,0,0,0,0,0,0,0.18,0,1.00,4.12,1.74,3.60,1.00,D,0.00,12.00,12.00,12.00,12.00, ,10.74,,55.20,13.80,0,0.00,53.8,1,0,0.00,0.00,0.00,12.00,0.18,1.00,0,0,0.00,0
2026-05-10 20:20:24,710.04,1,0,0,0,0,0,0,0.02,0,1.00,4.12,1.75,3.79,1.00,D,0.00,12.00,12.00,12.00,12.00, ,1.43,,39.90,13.60,0,0.00,52.1,1,0,0.00,0.00,0.00,12.00,0.02,1.00,0,0,0.00,0
2026-05-10 20:20:25,711.03,1,0,0,0,0,0,0,0.06,0,1.00,4.12,1.75,3.74,1.00,D,0.00,12.00,12.00,12.00,12.00, ,3.79,,52.50,14.00,0,0.00,51.0,1,0,0.00,0.00,0.00,12.00,0.06,1.00,0,0,0.00,0
2026-05-10 20:20:27,712.09,1,0,0,0,0,0,0,0.25,0,1.00,4.12,1.75,3.75,1.00,D,0.00,12.00,12.00,12.00,12.00, ,14.94,,43.00,14.00,0,0.00,51.6,1,0,0.00,0.00,0.00,12.00,0.25,1.00,0,0,0.00,0
2026-05-10 20:20:28,713.07,1,0,0,0,0,0,0,0.12,0,1.00,4.12,1.75,3.77,1.00,D,0.00,12.00,12.00,12.00,12.00, ,6.96,,53.30,13.80,0,0.00,52.1,1,0,0.00,0.00,0.00,12.00,0.12,1.00,0,0,0.00,0
2026-05-10 20:20:29,714.13,1,0,0,0,0,0,0,0.04,0,1.00,4.12,1.76,3.72,1.00,D,0.00,12.00,12.00,12.00,12.00, ,2.32,,46.20,13.80,0,0.00,51.0,1,0,0.00,0.00,0.00,12.00,0.04,1.00,0,0,0.00,0
2026-05-10 20:20:30,715.13,1,0,0,0,0,0,0,0.29,0,1.00,4.12,1.76,3.69,1.00,D,0.00,12.00,12.00,12.00,12.00, ,17.36,,54.00,13.90,0,0.00,49.9,1,0,0.00,0.00,0.00,12.00,0.29,1.00,0,0,0.00,0
2026-05-10 20:20:31,716.14,1,0,0,0,0,0,0,0.42,0,1.00,4.12,1.76,3.68,1.00,D,0.00,12.00,12.00,12.00,12.00, ,25.44,,46.20,13.90,0,0.00,51.6,1,0,0.00,0.00,0.00,12.00,0.42,1.00,0,0,0.00,0
2026-05-10 20:20:32,717.12,0,0,0,1,0,0,0,0.22,0,1.00,4.12,1.77,2.47,-0.07,R,0.00,12.00,12.00,12.00,12.00, ,0.00,,47.20,13.90,0,0.00,51.0,1,0,0.00,0.00,0.00,12.00,0.00,0.00,0,0,0.00,0
2026-05-10 20:20:33,718.14,0,0,0,0,0,0,0,-0.80,0,1.00,4.12,1.76,0.20,-0.58,R,0.00,12.00,12.00,12.00,12.00, ,0.00,,50.10,13.80,0,0.00,51.0,1,0,0.00,0.00,0.00,12.00,0.00,0.00,0,0,0.00,0
2026-05-10 20:20:34,719.15,0,0,0,0,0,0,0,0.19,0,1.00,4.12,1.76,2.20,-1.00,R,0.00,12.00,12.00,12.00,12.00, ,0.00,,42.80,13.60,0,0.00,51.6,1,0,0.00,0.00,0.00,12.00,0.00,0.00,0,0,0.00,0
2026-05-10 20:20:35,720.29,0,0,0,0,0,0,0,0.78,0,1.00,4.12,1.77,3.82,-1.00,R,0.00,12.00,12.00,12.00,12.00, ,0.00,,49.70,13.70,0,0.00,50.5,1,0,0.00,0.00,0.00,12.00,0.00,0.00,0,0,0.00,0
2026-05-10 20:20:36,721.27,0,0,1,0,0,0,0,0.00,0,0.00,4.12,1.77,2.90,0.00,D,0.00,12.00,12.00,12.00,12.00, ,0.00,,47.20,13.80,0,0.00,52.1,1,0,0.00,0.00,0.00,12.00,0.00,0.00,0,0,0.00,0
2026-05-10 20:20:37,722.31,0,0,0,0,0,0,0,0.00,1,0.00,4.12,1.77,0.80,0.00,D,0.00,12.00,12.00,12.00,12.00, ,0.00,,52.00,13.90,0,0.04,51.0,1,0,0.00,0.00,0.00,12.00,0.00,0.00,0,0,0.00,0
2026-05-10 20:20:38,723.32,0,0,0,0,0,0,0,0.00,0,0.00,4.12,1.77,0.00,0.00,D,0.00,12.00,12.00,12.00,12.00, ,0.00,,43.20,13.70,0,1.05,51.6,1,0,0.00,0.00,0.00,12.00,0.00,0.00,0,0,0.00,0
2026-05-10 20:20:39,724.35,0,0,0,0,0,0,0,0.00,0,0.14,4.12,1.76,0.00,0.03,D,0.00,12.00,12.00,12.00,12.00, ,0.00,,52.00,13.50,0,2.08,51.0,1,0,0.00,0.00,0.00,12.00,0.00,0.00,0,0,0.00,0
2026-05-10 20:20:40,725.41,0,0,0,0,0,0,0,0.00,0,1.00,4.12,1.76,0.08,0.54,D,0.00,12.00,12.00,12.00,12.00, ,0.00,,44.90,13.40,0,0.00,49.9,1,0,0.00,0.00,0.00,12.00,0.00,0.00,0,0,0.00,0
2026-05-10 20:20:41,726.40,0,0,0,0,0,0,0,0.00,0,1.00,4.12,1.76,1.79,1.00,D,0.00,12.00,12.00,12.00,12.00, ,0.00,,57.60,13.60,0,0.00,50.5,1,0,0.00,0.00,0.00,12.00,0.00,0.00,0,0,0.00,0
2026-05-10 20:20:42,727.46,0,0,0,0,0,0,0,0.00,0,1.00,4.12,1.76,3.48,1.00,D,0.00,12.00,12.00,12.00,12.00, ,0.00,,48.60,13.60,0,0.00,51.0,1,0,0.00,0.00,0.00,12.00,0.00,0.00,0,0,0.00,0
2026-05-10 20:20:43,728.48,0,0,0,0,0,0,0,0.00,0,1.00,4.12,1.76,3.59,1.00,D,0.00,12.00,12.00,12.00,12.00, ,0.00,,53.80,13.80,0,0.00,49.4,1,0,0.00,0.00,0.00,12.00,0.00,0.00,0,0,0.00,0
2026-05-10 20:20:44,729.54,0,0,0,0,0,0,0,0.00,0,1.00,4.12,1.77,3.67,1.00,D,0.00,12.00,12.00,12.00,12.00, ,0.00,,55.50,13.90,0,0.00,51.0,1,0,0.00,0.00,0.00,12.00,0.00,0.00,0,0,0.00,0
2026-05-10 20:20:45,730.54,0,0,0,0,0,0,0,0.00,0,1.00,4.12,1.77,3.61,1.00,D,0.00,12.00,12.00,12.00,12.00, ,0.00,,49.20,13.80,0,0.00,51.6,1,0,0.00,0.00,0.00,12.00,0.00,0.00,0,0,0.00,0
2026-05-10 20:20:46,731.56,0,0,0,0,0,0,0,0.00,0,1.00,4.12,1.77,3.63,1.00,D,0.00,12.00,12.00,12.00,12.00, ,0.00,,54.80,13.80,0,0.00,51.0,1,0,0.00,0.00,0.00,12.00,0.00,0.00,0,0,0.00,0
2026-05-10 20:20:47,732.59,1,0,0,0,0,0,0,0.07,0,1.00,4.12,1.77,3.44,0.98,D,0.00,12.00,12.00,12.00,12.00, ,3.93,,53.50,13.80,0,0.00,52.1,1,0,0.00,0.00,0.00,12.00,0.07,1.00,0,0,0.00,0
2026-05-10 20:20:48,733.63,1,0,0,0,0,0,0,0.09,0,1.00,4.12,1.78,3.65,1.00,D,0.00,12.00,12.00,12.00,12.00, ,5.27,,48.80,13.60,0,0.00,50.5,1,0,0.00,0.00,0.00,12.00,0.09,1.00,0,0,0.00,0
2026-05-10 20:20:49,734.65,1,0,0,0,0,0,0,0.20,0,1.00,4.12,1.78,3.77,1.00,D,0.00,12.00,12.00,12.00,12.00, ,11.73,,50.80,13.70,0,0.00,49.9,1,0,0.00,0.00,0.00,12.00,0.20,1.00,0,0,0.00,0
2026-05-10 20:20:50,735.61,1,0,0,0,0,0,0,-0.06,0,1.00,4.12,1.78,3.77,1.00,D,0.00,12.00,12.00,12.00,12.00, ,-3.34,,45.50,13.60,0,0.00,51.0,1,0,0.00,0.00,0.00,12.00,-0.06,1.00,0,0,0.00,0
2026-05-10 20:20:51,736.61,1,0,0,0,0,0,0,-0.05,0,1.00,4.12,1.78,3.70,1.00,D,0.00,12.00,12.00,12.00,12.00, ,-2.87,,55.70,13.70,0,0.00,51.0,1,0,0.00,0.00,0.00,12.00,-0.05,1.00,0,0,0.00,0
2026-05-10 20:20:52,737.68,1,0,0,0,0,0,0,0.14,0,1.00,4.12,1.79,3.69,1.00,D,0.00,12.00,12.00,12.00,12.00, ,8.17,,46.60,13.50,0,0.00,49.9,1,0,0.00,0.00,0.00,12.00,0.14,1.00,0,0,0.00,0
2026-05-10 20:20:53,738.69,1,0,0,0,0,0,0,-0.11,0,1.00,4.12,1.79,3.86,1.00,D,0.00,12.00,12.00,12.00,12.00, ,-6.56,,57.90,13.80,0,0.00,49.9,1,0,0.00,0.00,0.00,12.00,-0.11,1.00,0,0,0.00,0
2026-05-10 20:20:54,739.72,1,0,0,0,0,0,0,0.41,0,1.00,4.12,1.79,3.65,1.00,D,0.00,12.00,12.00,12.00,12.00, ,24.40,,48.20,13.90,0,0.00,50.5,1,0,0.00,0.00,0.00,12.00,0.41,1.00,0,0,0.00,0
2026-05-10 20:20:55,740.78,1,0,0,0,0,0,0,-0.06,0,1.00,4.12,1.80,3.73,1.00,D,0.00,12.00,12.00,12.00,12.00, ,-3.60,,45.30,13.60,0,0.00,49.9,1,0,0.00,0.00,0.00,12.00,-0.06,1.00,0,0,0.00,0
2026-05-10 20:20:56,741.77,1,0,0,0,0,0,0,0.10,0,1.00,4.12,1.80,3.63,1.00,D,0.00,12.00,12.00,12.00,12.00, ,5.86,,55.60,13.90,0,0.00,51.0,1,0,0.00,0.00,0.00,12.00,0.10,1.00,0,0,0.00,0
2026-05-10 20:20:57,742.86,1,0,0,0,0,0,0,0.29,0,1.00,4.12,1.80,3.77,1.00,D,0.00,12.00,12.00,12.00,12.00, ,17.24,,54.50,13.80,0,0.00,51.6,1,0,0.00,0.00,0.00,12.00,0.29,1.00,0,0,0.00,0
2026-05-10 20:20:58,743.88,1,0,0,0,0,0,0,-0.16,0,1.00,4.12,1.80,3.70,1.00,D,0.00,12.00,12.00,12.00,12.00, ,-9.81,,45.20,13.80,0,0.00,51.6,1,0,0.00,0.00,0.00,12.00,-0.16,1.00,0,0,0.00,0
2026-05-10 20:20:59,744.90,1,0,0,0,0,0,0,0.10,0,1.00,4.12,1.81,3.77,1.00,D,0.00,12.00,12.00,12.00,12.00, ,5.75,,54.30,13.90,0,0.00,50.5,1,0,0.00,0.00,0.00,12.00,0.10,1.00,0,0,0.00,0
2026-05-10 20:21:00,745.94,1,0,0,0,0,0,0,0.11,0,1.00,4.12,1.81,3.81,1.00,D,0.00,12.00,12.00,12.00,12.00, ,6.71,,46.60,13.80,0,0.00,50.5,1,0,0.00,0.00,0.00,12.00,0.11,1.00,0,0,0.00,0
2026-05-10 20:21:01,746.90,1,0,0,0,0,0,0,0.13,0,1.00,4.12,1.81,3.78,1.00,D,0.00,12.00,12.00,12.00,12.00, ,7.69,,54.40,14.10,0,0.00,51.0,1,0,0.00,0.00,0.00,12.00,0.13,1.00,0,0,0.00,0
2026-05-10 20:21:02,747.91,1,0,0,0,0,0,0,0.12,0,1.00,4.12,1.81,3.79,1.00,D,0.00,12.00,12.00,12.00,12.00, ,6.91,,45.80,13.90,0,0.00,49.9,1,0,0.00,0.00,0.00,12.00,0.12,1.00,0,0,0.00,0
2026-05-10 20:21:03,749.03,1,0,0,0,0,0,0,0.00,0,1.00,4.12,1.82,3.80,1.00,D,0.00,12.00,12.00,12.00,12.00, ,0.09,,51.00,14.00,0,0.00,51.0,1,0,0.00,0.00,0.00,12.00,0.00,1.00,0,0,0.00,0
2026-05-10 20:21:04,749.95,1,0,0,0,0,0,0,-0.03,0,1.00,4.12,1.82,3.77,1.00,D,0.00,12.00,12.00,12.00,12.00, ,-1.66,,45.10,14.00,0,0.00,51.6,1,0,0.00,0.00,0.00,12.00,-0.03,1.00,0,0,0.00,0
2026-05-10 20:21:06,751.08,1,0,0,0,0,0,0,0.11,0,1.00,4.12,1.82,3.79,1.00,D,0.00,12.00,12.00,12.00,12.00, ,6.34,,46.20,13.80,0,0.00,51.0,1,0,0.00,0.00,0.00,12.00,0.11,1.00,0,0,0.00,0
2026-05-10 20:21:06,752.04,1,0,0,0,0,0,0,0.12,0,1.00,4.12,1.82,3.84,1.00,D,0.00,12.00,12.00,12.00,12.00, ,7.25,,56.20,13.70,0,0.00,52.1,1,0,0.00,0.00,0.00,12.00,0.12,1.00,0,0,0.00,0
2026-05-10 20:21:08,753.06,1,0,0,0,0,0,0,0.04,0,1.00,4.12,1.83,3.78,1.00,D,0.00,12.00,12.00,12.00,12.00, ,2.26,,51.70,13.70,0,0.00,51.6,1,0,0.00,0.00,0.00,12.00,0.04,1.00,0,0,0.00,0
2026-05-10 20:21:09,754.07,1,0,0,0,0,0,0,0.00,0,1.00,4.12,1.83,3.79,1.00,D,0.00,12.00,12.00,12.00,12.00, ,0.01,,51.80,13.70,0,0.00,52.1,1,0,0.00,0.00,0.00,12.00,0.00,1.00,0,0,0.00,0
2026-05-10 20:21:10,755.11,1,0,0,0,0,0,0,0.14,0,1.00,4.12,1.83,3.76,1.00,D,0.00,12.00,12.00,12.00,12.00, ,8.48,,42.50,13.60,0,0.00,51.6,1,0,0.00,0.00,0.00,12.00,0.14,1.00,0,0,0.00,0
2026-05-10 20:21:11,756.10,1,0,0,0,0,0,0,0.10,0,1.00,4.12,1.84,3.80,1.00,D,0.00,12.00,12.00,12.00,12.00, ,5.92,,43.70,13.50,0,0.00,51.6,1,0,0.00,0.00,0.00,12.00,0.10,1.00,0,0,0.00,0
2026-05-10 20:21:12,757.15,1,0,0,0,0,0,0,0.04,0,1.00,4.12,1.84,3.81,1.00,D,0.00,12.00,12.00,12.00,12.00, ,2.29,,54.60,13.50,0,0.00,50.5,1,0,0.00,0.00,0.00,12.00,0.04,1.00,0,0,0.00,0
2026-05-10 20:21:13,758.21,1,0,0,0,0,0,0,0.19,0,1.00,4.12,1.84,3.84,1.00,D,0.00,12.00,12.00,12.00,12.00, ,11.38,,51.40,13.40,0,0.00,51.6,1,0,0.00,0.00,0.00,12.00,0.19,1.00,0,0,0.00,0
2026-05-10 20:21:14,759.20,1,0,0,0,0,0,0,0.06,0,1.00,4.12,1.84,3.49,1.00,D,0.00,12.00,12.00,12.00,12.00, ,3.71,,59.30,13.60,0,0.00,51.6,1,0,0.00,0.00,0.00,12.00,0.06,1.00,0,0,0.00,0
2026-05-10 20:21:15,760.27,1,0,0,0,0,0,0,0.11,0,1.00,4.12,1.85,3.84,1.00,D,0.00,12.00,12.00,12.00,12.00, ,6.85,,49.60,13.70,0,0.00,51.0,1,0,0.00,0.00,0.00,12.00,0.11,1.00,0,0,0.00,0
2026-05-10 20:21:16,761.26,1,0,0,0,0,0,0,0.08,0,1.00,4.12,1.85,3.75,1.00,D,0.00,12.00,12.00,12.00,12.00, ,4.99,,59.00,13.80,0,0.00,50.5,1,0,0.00,0.00,0.00,12.00,0.08,1.00,0,0,0.00,0
2026-05-10 20:21:17,762.29,1,0,0,0,0,0,0,-0.06,0,1.00,4.12,1.85,3.75,1.00,D,0.00,12.00,12.00,12.00,12.00, ,-3.60,,49.10,13.60,0,0.00,52.1,1,0,0.00,0.00,0.00,12.00,-0.06,1.00,0,0,0.00,0
2026-05-10 20:21:18,763.36,1,0,0,0,0,0,0,0.20,0,1.00,4.12,1.85,3.77,1.00,D,0.00,12.00,12.00,12.00,12.00, ,11.83,,55.00,13.70,0,0.00,51.0,1,0,0.00,0.00,0.00,12.00,0.20,1.00,0,0,0.00,0
2026-05-10 20:21:19,764.30,1,0,0,0,0,0,0,0.11,0,1.00,4.12,1.86,3.90,1.00,D,0.00,12.00,12.00,12.00,12.00, ,6.40,,50.00,13.90,0,0.00,51.0,1,0,0.00,0.00,0.00,12.00,0.11,1.00,0,0,0.00,0
2026-05-10 20:21:20,765.34,1,0,0,0,0,0,0,-0.11,0,1.00,4.12,1.86,3.78,1.00,D,0.00,12.00,12.00,12.00,12.00, ,-6.87,,49.50,13.80,0,0.00,49.9,1,0,0.00,0.00,0.00,12.00,-0.11,1.00,0,0,0.00,0
2026-05-10 20:21:21,766.34,1,0,0,0,0,0,0,0.07,0,1.00,4.12,1.86,3.81,1.00,D,0.00,12.00,12.00,12.00,12.00, ,4.24,,56.00,13.80,0,0.00,51.0,1,0,0.00,0.00,0.00,12.00,0.07,1.00,0,0,0.00,0
2026-05-10 20:21:22,767.44,1,0,0,0,0,0,0,0.31,0,1.00,4.12,1.86,3.86,1.00,D,0.00,12.00,12.00,12.00,12.00, ,18.46,,56.40,13.80,0,0.00,52.7,1,0,0.00,0.00,0.00,12.00,0.31,1.00,0,0,0.00,0
2026-05-10 20:21:23,768.44,1,0,0,0,0,0,0,-0.02,0,1.00,4.12,1.87,3.89,1.00,D,0.00,12.00,12.00,12.00,12.00, ,-1.43,,47.70,13.70,0,0.00,50.5,1,0,0.00,0.00,0.00,12.00,-0.02,1.00,0,0,0.00,0
2026-05-10 20:21:24,769.52,1,0,0,0,0,0,0,0.08,0,1.00,4.12,1.87,3.83,1.00,D,0.00,12.00,12.00,12.00,12.00, ,4.62,,59.60,13.80,0,0.00,49.9,1,0,0.00,0.00,0.00,12.00,0.08,1.00,0,0,0.00,0
2026-05-10 20:21:25,770.51,1,0,0,0,0,0,0,0.09,0,1.00,4.12,1.87,3.88,1.00,D,0.00,12.00,12.00,12.00,12.00, ,5.17,,44.90,13.60,0,0.00,52.7,1,0,0.00,0.00,0.00,12.00,0.09,1.00,0,0,0.00,0
2026-05-10 20:21:26,771.60,1,0,0,0,0,0,0,0.32,0,1.00,4.12,1.87,3.87,1.00,D,0.00,12.00,12.00,12.00,12.00, ,19.30,,57.60,13.70,0,0.00,50.5,1,0,0.00,0.00,0.00,12.00,0.32,1.00,0,0,0.00,0
2026-05-10 20:21:27,772.58,1,0,0,0,0,0,0,-0.08,0,1.00,4.12,1.88,3.92,1.00,D,0.00,12.00,12.00,12.00,12.00, ,-4.82,,50.10,13.70,0,0.00,52.7,1,0,0.00,0.00,0.00,12.00,-0.08,1.00,0,0,0.00,0
2026-05-10 20:21:28,773.59,1,0,0,0,0,0,0,0.09,0,1.00,4.12,1.88,3.90,1.00,D,0.00,12.00,12.00,12.00,12.00, ,5.68,,51.00,13.80,0,0.00,52.7,1,0,0.00,0.00,0.00,12.00,0.09,1.00,0,0,0.00,0
2026-05-10 20:21:29,774.61,1,0,0,0,0,0,0,0.13,0,1.00,4.12,1.88,3.91,1.00,D,0.00,12.00,12.00,12.00,12.00, ,7.91,,44.90,13.70,0,0.00,52.7,1,0,0.00,0.00,0.00,12.00,0.13,1.00,0,0,0.00,0
2026-05-10 20:21:30,775.63,1,0,0,0,0,0,0,0.13,0,1.00,4.12,1.89,3.92,1.00,D,0.00,12.00,12.00,12.00,12.00, ,7.84,,44.60,13.50,0,0.00,52.1,1,0,0.00,0.00,0.00,12.00,0.13,1.00,0,0,0.00,0
2026-05-10 20:21:31,776.68,1,0,0,0,0,0,0,0.31,0,1.00,4.12,1.89,3.93,1.00,D,0.00,12.00,12.00,12.00,12.00, ,18.43,,54.70,13.60,0,0.00,53.2,1,0,0.00,0.00,0.00,12.00,0.31,1.00,0,0,0.00,0
2026-05-10 20:21:32,777.68,1,0,0,0,0,0,0,-0.11,0,1.00,4.12,1.89,3.87,1.00,D,0.00,12.00,12.00,12.00,12.00, ,-6.35,,49.30,13.50,0,0.00,52.7,1,0,0.00,0.00,0.00,12.00,-0.11,1.00,0,0,0.00,0
2026-05-10 20:21:33,778.70,1,0,0,0,0,0,0,0.15,0,1.00,4.12,1.89,3.98,1.00,D,0.00,12.00,12.00,12.00,12.00, ,8.80,,55.80,13.60,0,0.00,52.7,1,0,0.00,0.00,0.00,12.00,0.15,1.00,0,0,0.00,0
2026-05-10 20:21:34,779.73,1,0,0,0,0,0,0,0.03,0,1.00,4.12,1.90,4.02,1.00,D,0.00,12.00,12.00,12.00,12.00, ,1.97,,48.60,13.60,0,0.00,51.6,1,0,0.00,0.00,0.00,12.00,0.03,1.00,0,0,0.00,0
2026-05-10 20:21:35,780.76,1,0,0,0,0,0,0,0.14,0,1.00,4.12,1.90,3.95,1.00,D,0.00,12.00,12.00,12.00,12.00, ,8.52,,56.90,13.70,0,0.00,52.1,1,0,0.00,0.00,0.00,12.00,0.14,1.00,0,0,0.00,0
2026-05-10 20:21:36,781.77,1,0,0,0,0,0,0,0.14,0,1.00,4.12,1.90,4.00,1.00,D,0.00,12.00,12.00,12.00,12.00, ,8.43,,46.20,13.70,0,0.00,53.2,1,0,0.00,0.00,0.00,12.00,0.14,1.00,0,0,0.00,0
2026-05-10 20:21:37,782.78,1,0,0,0,0,0,0,0.09,0,1.00,4.12,1.90,4.06,1.00,D,0.00,12.00,12.00,12.00,12.00, ,5.35,,46.40,13.60,0,0.00,52.1,1,0,0.00,0.00,0.00,12.00,0.09,1.00,0,0,0.00,0
2026-05-10 20:21:38,783.90,1,0,0,0,0,0,0,0.04,0,1.00,4.12,1.91,3.98,1.00,D,0.00,12.00,12.00,12.00,12.00, ,2.33,,51.50,13.80,0,0.00,53.8,1,0,0.00,0.00,0.00,12.00,0.04,1.00,0,0,0.00,0
2026-05-10 20:21:39,784.80,1,0,0,0,0,0,0,0.20,0,1.00,4.13,1.91,4.13,1.00,D,0.00,12.00,12.00,12.00,12.00, ,12.00,,48.50,13.90,0,0.00,53.8,1,0,0.00,0.00,0.00,12.00,0.20,1.00,0,0,0.00,0
2026-05-10 20:21:40,785.82,1,0,0,0,0,0,0,-0.00,0,1.00,4.14,1.91,4.06,1.00,D,0.00,12.00,12.00,12.00,12.00, ,-0.02,,48.40,13.60,0,0.00,52.7,1,0,0.00,0.00,0.00,12.00,-0.00,1.00,0,0,0.00,0
2026-05-10 20:21:41,786.89,1,0,0,0,0,0,0,0.20,0,1.00,4.14,1.92,4.10,1.00,D,0.00,12.00,12.00,12.00,12.00, ,12.09,,57.00,13.80,0,0.00,52.7,1,0,0.00,0.00,0.00,12.00,0.20,1.00,0,0,0.00,0
2026-05-10 20:21:42,787.87,1,0,0,0,0,0,0,-0.04,0,1.00,4.19,1.92,4.11,1.00,D,0.00,12.00,12.00,12.00,12.00, ,-2.58,,55.70,13.80,0,0.00,53.2,1,0,0.00,0.00,0.00,12.00,-0.04,1.00,0,0,0.00,0
2026-05-10 20:21:43,788.92,1,0,0,0,0,0,0,0.12,0,1.00,4.19,1.92,4.17,1.00,D,0.00,12.00,12.00,12.00,12.00, ,7.14,,51.40,13.70,0,0.00,52.7,1,0,0.00,0.00,0.00,12.00,0.12,1.00,0,0,0.00,0
2026-05-10 20:21:44,789.90,1,0,0,0,0,0,0,-0.08,0,1.00,4.20,1.92,4.17,1.00,D,0.00,12.00,12.00,12.00,12.00, ,-4.78,,59.70,13.90,0,0.00,52.1,1,0,0.00,0.00,0.00,12.00,-0.08,1.00,0,0,0.00,0
2026-05-10 20:21:45,790.92,1,0,0,0,0,0,0,0.13,0,1.00,4.28,1.93,4.28,1.00,D,0.00,12.00,12.00,12.00,12.00, ,8.04,,51.30,13.90,0,0.00,52.7,1,0,0.00,0.00,0.00,12.00,0.13,1.00,0,0,0.00,0
2026-05-10 20:21:46,791.95,1,0,0,0,0,0,0,0.13,0,1.00,4.33,1.93,4.04,1.00,D,0.00,12.00,12.00,12.00,12.00, ,7.60,,58.60,13.70,0,0.00,53.8,1,0,0.00,0.00,0.00,12.00,0.13,1.00,0,0,0.00,0
2026-05-10 20:21:47,792.99,1,0,0,0,0,0,0,-0.03,0,1.00,4.33,1.93,4.17,1.00,D,0.00,12.00,12.00,12.00,12.00, ,-1.54,,46.50,13.60,0,0.00,51.0,1,0,0.00,0.00,0.00,12.00,-0.03,1.00,0,0,0.00,0
2026-05-10 20:21:48,794.03,1,0,0,0,0,0,0,0.22,0,1.00,4.33,1.94,4.06,1.00,D,0.00,12.00,12.00,12.00,12.00, ,13.27,,52.60,13.60,0,0.00,52.1,1,0,0.00,0.00,0.00,12.00,0.22,1.00,0,0,0.00,0
2026-05-10 20:21:50,795.11,1,0,0,0,0,0,0,-0.14,0,1.00,4.33,1.94,4.14,1.00,D,0.00,12.00,12.00,12.00,12.00, ,-8.55,,58.00,13.70,0,0.00,51.6,1,0,0.00,0.00,0.00,12.00,-0.14,1.00,0,0,0.00,0
2026-05-10 20:21:51,796.08,1,0,0,0,0,0,0,-0.08,0,1.00,4.33,1.94,4.28,1.00,D,0.00,12.00,12.00,12.00,12.00, ,-4.95,,51.70,13.50,0,0.00,52.1,1,0,0.00,0.00,0.00,12.00,-0.08,1.00,0,0,0.00,0
2026-05-10 20:21:52,797.10,0,0,0,0,0,0,0,-0.85,0,0.00,4.33,1.94,4.18,0.00,D,0.00,12.00,12.00,12.00,12.00, ,0.00,,58.70,13.80,0,0.00,52.7,1,0,0.00,0.00,0.00,12.00,0.00,0.00,0,0,0.00,0
2026-05-10 20:21:53,798.13,0,0,0,1,0,0,0,-1.00,0,1.00,4.33,1.95,1.65,-0.16,R,0.00,12.00,12.00,12.00,12.00, ,0.00,,47.70,13.90,0,0.00,52.7,1,0,0.00,0.00,0.00,12.00,0.00,0.00,0,0,0.00,0
2026-05-10 20:21:54,799.12,0,0,0,0,0,0,0,-0.99,0,1.00,4.33,1.94,0.23,-0.66,R,0.00,12.00,12.00,12.00,12.00, ,0.00,,46.70,13.90,0,0.00,52.7,1,0,0.00,0.00,0.00,12.00,0.00,0.00,0,0,0.00,0
2026-05-10 20:21:55,800.15,0,0,0,0,0,0,0,0.00,0,1.00,4.33,1.94,1.94,-1.00,R,0.00,12.00,12.00,12.00,12.00, ,0.00,,53.30,14.00,0,0.00,54.9,1,0,0.00,0.00,0.00,12.00,0.00,0.00,0,0,0.00,0
2026-05-10 20:21:56,801.16,0,0,0,0,0,0,0,0.00,0,1.00,4.33,1.94,3.24,-1.00,R,0.00,12.00,12.00,12.00,12.00, ,0.00,,48.70,13.90,0,0.00,54.9,1,0,0.00,0.00,0.00,12.00,0.00,0.00,0,0,0.00,0
2026-05-10 20:21:57,802.22,0,0,0,0,0,0,0,0.00,0,1.00,4.33,1.95,3.52,-1.00,R,0.00,12.00,12.00,12.00,12.00, ,0.00,,51.80,14.00,0,0.00,54.9,1,0,0.00,0.00,0.00,12.00,0.00,0.00,0,0,0.00,0
2026-05-10 20:21:58,803.22,0,0,0,0,0,0,0,0.00,0,1.00,4.33,1.95,3.27,-1.00,R,0.00,12.00,12.00,12.00,12.00, ,0.00,,47.90,14.00,0,0.00,52.7,1,0,0.00,0.00,0.00,12.00,0.00,0.00,0,0,0.00,0
2026-05-10 20:21:59,804.24,0,0,0,0,0,0,0,0.00,0,1.00,4.33,1.95,3.20,-1.00,R,0.00,12.00,12.00,12.00,12.00, ,0.00,,46.30,13.80,0,0.00,53.8,1,0,0.00,0.00,0.00,12.00,0.00,0.00,0,0,0.00,0
2026-05-10 20:22:00,805.28,0,0,1,0,0,0,0,0.90,0,1.00,4.33,1.95,0.15,0.17,D,0.00,12.00,12.00,12.00,12.00, ,0.00,,70.90,14.20,0,0.01,54.3,1,0,0.00,0.00,0.00,12.00,0.00,0.00,0,0,0.00,0
2026-05-10 20:22:01,806.29,0,0,0,0,0,0,0,0.00,0,1.00,4.33,1.95,1.09,0.68,D,0.00,12.00,12.00,12.00,12.00, ,0.00,,78.00,14.20,0,0.00,56.0,1,0,0.00,0.00,0.00,12.00,0.00,0.00,0,0,0.00,0
2026-05-10 20:22:02,807.33,0,0,0,0,0,0,0,0.00,0,1.00,4.33,1.95,3.22,1.00,D,0.00,12.00,12.00,12.00,12.00, ,0.00,,80.70,14.30,0,0.00,56.5,1,0,0.00,0.00,0.00,12.00,0.00,0.00,0,0,0.00,0
2026-05-10 20:22:03,808.32,0,0,0,0,0,0,0,0.00,0,1.00,4.33,1.95,4.05,1.00,D,0.00,12.00,12.00,12.00,12.00, ,0.00,,81.20,14.00,0,0.00,57.1,1,0,0.00,0.00,0.00,12.00,0.00,0.00,0,0,0.00,0
2026-05-10 20:22:04,809.32,0,0,0,0,0,0,0,0.00,0,1.00,4.33,1.95,4.17,1.00,D,0.00,12.00,12.00,12.00,12.00, ,0.00,,80.70,14.10,0,0.00,56.5,1,0,0.00,0.00,0.00,12.00,0.00,0.00,0,0,0.00,0
2026-05-10 20:22:05,810.33,0,0,0,0,0,0,0,0.00,0,1.00,4.33,1.95,4.22,1.00,D,0.00,12.00,12.00,12.00,12.00, ,0.00,,39.60,14.10,0,0.00,54.9,1,0,0.00,0.00,0.00,12.00,0.00,0.00,0,0,0.00,0
2026-05-10 20:22:06,811.34,1,0,0,0,0,0,0,-0.06,0,1.00,4.33,1.96,4.12,0.89,D,0.00,12.00,12.00,12.00,12.00, ,-3.54,,39.60,14.10,0,0.00,54.9,1,0,0.00,0.00,0.00,12.00,-0.06,1.00,0,0,0.00,0
2026-05-10 20:22:07,812.37,1,0,0,0,0,0,0,0.14,0,1.00,4.33,1.96,4.20,1.00,D,0.00,12.00,12.00,12.00,12.00, ,8.32,,37.60,14.00,0,0.00,55.4,1,0,0.00,0.00,0.00,12.00,0.14,1.00,0,0,0.00,0
2026-05-10 20:22:08,813.39,1,0,0,0,0,0,0,0.18,0,1.00,4.33,1.96,4.12,1.00,D,0.00,12.00,12.00,12.00,12.00, ,10.79,,38.30,14.00,0,0.00,53.8,1,0,0.00,0.00,0.00,12.00,0.18,1.00,0,0,0.00,0
2026-05-10 20:22:09,814.39,1,0,0,0,0,0,0,0.02,0,1.00,4.33,1.97,4.10,1.00,D,0.00,12.00,12.00,12.00,12.00, ,1.33,,37.10,13.90,0,0.00,54.3,1,0,0.00,0.00,0.00,12.00,0.02,1.00,0,0,0.00,0
2026-05-10 20:22:10,815.42,1,0,0,0,0,0,0,0.32,0,1.00,4.33,1.97,4.16,1.00,D,0.00,12.00,12.00,12.00,12.00, ,19.15,,37.60,13.90,0,0.00,53.8,1,0,0.00,0.00,0.00,12.00,0.32,1.00,0,0,0.00,0
2026-05-10 20:22:11,816.43,1,0,0,0,0,0,0,0.07,0,1.00,4.33,1.97,4.19,1.00,D,0.00,12.00,12.00,12.00,12.00, ,4.35,,37.90,13.80,0,0.00,56.0,1,0,0.00,0.00,0.00,12.00,0.07,1.00,0,0,0.00,0
2026-05-10 20:22:12,817.44,1,0,0,0,0,0,0,0.17,0,1.00,4.33,1.97,4.14,1.00,D,0.00,12.00,12.00,12.00,12.00, ,10.11,,37.10,13.80,0,0.00,54.3,1,0,0.00,0.00,0.00,12.00,0.17,1.00,0,0,0.00,0
2026-05-10 20:22:13,818.44,1,0,0,0,0,0,0,0.13,0,1.00,4.33,1.98,4.10,1.00,D,0.00,12.00,12.00,12.00,12.00, ,7.54,,38.40,13.80,0,0.00,55.4,1,0,0.00,0.00,0.00,12.00,0.13,1.00,0,0,0.00,0
2026-05-10 20:22:14,819.47,1,0,0,0,0,0,0,0.11,0,1.00,4.33,1.98,4.22,1.00,D,0.00,12.00,12.00,12.00,12.00, ,6.35,,37.80,13.70,0,0.00,55.4,1,0,0.00,0.00,0.00,12.00,0.11,1.00,0,0,0.00,0
2026-05-10 20:22:15,820.49,1,0,0,0,0,0,0,0.11,0,1.00,4.33,1.98,4.22,1.00,D,0.00,12.00,12.00,12.00,12.00, ,6.51,,37.50,13.70,0,0.00,53.8,1,0,0.00,0.00,0.00,12.00,0.11,1.00,0,0,0.00,0
2026-05-10 20:22:16,821.54,1,0,0,0,0,0,0,0.14,0,1.00,4.33,1.98,4.26,1.00,D,0.00,12.00,12.00,12.00,12.00, ,8.66,,37.00,13.70,0,0.00,54.3,1,0,0.00,0.00,0.00,12.00,0.14,1.00,0,0,0.00,0
2026-05-10 20:22:17,822.53,1,0,0,0,0,0,0,0.19,0,1.00,4.33,1.99,4.19,1.00,D,0.00,12.00,12.00,12.00,12.00, ,11.37,,39.00,13.90,0,0.00,53.8,1,0,0.00,0.00,0.00,12.00,0.19,1.00,0,0,0.00,0
2026-05-10 20:22:18,823.58,1,0,0,0,0,0,0,0.14,0,1.00,4.33,1.99,4.12,1.00,D,0.00,12.00,12.00,12.00,12.00, ,8.32,,38.50,13.70,0,0.00,55.4,1,0,0.00,0.00,0.00,12.00,0.14,1.00,0,0,0.00,0
2026-05-10 20:22:19,824.59,1,0,0,0,0,0,0,0.15,0,1.00,4.33,1.99,4.12,1.00,D,0.00,12.00,12.00,12.00,12.00, ,8.95,,37.50,13.70,0,0.00,53.2,1,0,0.00,0.00,0.00,12.00,0.15,1.00,0,0,0.00,0
2026-05-10 20:22:20,825.60,1,0,0,0,0,0,0,0.38,0,1.00,4.33,2.00,4.16,1.00,D,0.00,12.00,12.00,12.00,12.00, ,23.01,,36.50,13.70,0,0.00,54.3,1,0,0.00,0.00,0.00,12.00,0.38,1.00,0,0,0.00,0
2026-05-10 20:22:21,826.61,1,0,0,0,0,0,0,0.06,0,1.00,4.33,2.00,4.07,1.00,D,0.00,12.00,12.00,12.00,12.00, ,3.40,,36.60,13.70,0,0.00,54.3,1,0,0.00,0.00,0.00,12.00,0.06,1.00,0,0,0.00,0
2026-05-10 20:22:22,827.63,1,0,0,0,0,0,0,0.16,0,1.00,4.33,2.00,3.99,1.00,D,0.00,12.00,12.00,12.00,12.00, ,9.53,,36.80,13.60,0,0.00,53.8,1,0,0.00,0.00,0.00,12.00,0.16,1.00,0,0,0.00,0
2026-05-10 20:22:23,828.63,1,0,0,0,0,0,0,0.17,0,1.00,4.33,2.00,4.00,1.00,D,0.00,12.00,12.00,12.00,12.00, ,10.09,,40.70,13.70,0,0.00,54.3,1,0,0.00,0.00,0.00,12.00,0.17,1.00,0,0,0.00,0
2026-05-10 20:22:24,829.64,1,0,0,0,0,0,0,0.15,0,1.00,4.33,2.01,3.99,1.00,D,0.00,12.00,12.00,12.00,12.00, ,9.01,,39.20,13.90,0,0.00,54.3,1,0,0.00,0.00,0.00,12.00,0.15,1.00,0,0,0.00,0
2026-05-10 20:22:25,830.67,1,0,0,0,0,0,0,0.12,0,1.00,4.33,2.01,4.13,1.00,D,0.00,12.00,12.00,12.00,12.00, ,7.41,,41.70,13.80,0,0.00,53.8,1,0,0.00,0.00,0.00,12.00,0.12,1.00,0,0,0.00,0
2026-05-10 20:22:26,831.79,1,0,0,0,0,0,0,0.11,0,1.00,4.33,2.01,4.04,1.00,D,0.00,12.00,12.00,12.00,12.00, ,6.84,,40.20,13.70,0,0.00,52.7,1,0,0.00,0.00,0.00,12.00,0.11,1.00,0,0,0.00,0
2026-05-10 20:22:27,832.70,1,0,0,0,0,0,0,0.05,0,1.00,4.33,2.01,4.03,1.00,D,0.00,12.00,12.00,12.00,12.00, ,2.80,,46.30,13.80,0,0.00,54.3,1,0,0.00,0.00,0.00,12.00,0.05,1.00,0,0,0.00,0
2026-05-10 20:22:28,833.72,1,0,0,0,0,0,0,0.02,0,1.00,4.33,2.02,4.07,1.00,D,0.00,12.00,12.00,12.00,12.00, ,1.16,,38.20,13.80,0,0.00,54.3,1,0,0.00,0.00,0.00,12.00,0.02,1.00,0,0,0.00,0
2026-05-10 20:22:29,834.73,1,0,0,0,0,0,0,0.17,0,1.00,4.33,2.02,4.09,1.00,D,0.00,12.00,12.00,12.00,12.00, ,10.02,,38.40,13.80,0,0.00,54.3,1,0,0.00,0.00,0.00,12.00,0.17,1.00,0,0,0.00,0
2026-05-10 20:22:30,835.76,1,0,0,0,0,0,0,0.12,0,1.00,4.33,2.02,4.10,1.00,D,0.00,12.00,12.00,12.00,12.00, ,7.21,,38.10,13.70,0,0.00,54.9,1,0,0.00,0.00,0.00,12.00,0.12,1.00,0,0,0.00,0
2026-05-10 20:22:31,836.78,1,0,0,0,0,0,0,0.11,0,1.00,4.33,2.02,4.04,1.00,D,0.00,12.00,12.00,12.00,12.00, ,6.57,,36.90,13.70,0,0.00,52.7,1,0,0.00,0.00,0.00,12.00,0.11,1.00,0,0,0.00,0
2026-05-10 20:22:32,837.81,1,0,0,0,0,0,0,0.32,0,1.00,4.33,2.03,4.04,1.00,D,0.00,12.00,12.00,12.00,12.00, ,19.46,,43.10,13.80,0,0.00,54.9,1,0,0.00,0.00,0.00,12.00,0.32,1.00,0,0,0.00,0
2026-05-10 20:22:33,838.82,1,0,0,0,0,0,0,0.05,0,1.00,4.33,2.03,3.97,1.00,D,0.00,12.00,12.00,12.00,12.00, ,3.05,,37.70,13.80,0,0.00,53.8,1,0,0.00,0.00,0.00,12.00,0.05,1.00,0,0,0.00,0
2026-05-10 20:22:34,839.85,1,0,0,0,0,0,0,-0.00,0,1.00,4.33,2.03,3.88,1.00,D,0.00,12.00,12.00,12.00,12.00, ,-0.22,,37.40,13.80,0,0.00,54.3,1,0,0.00,0.00,0.00,12.00,-0.00,1.00,0,0,0.00,0
2026-05-10 20:22:35,840.87,1,0,0,0,0,0,0,0.02,0,1.00,4.33,2.03,3.90,1.00,D,0.00,12.00,12.00,12.00,12.00, ,1.37,,38.40,13.70,0,0.00,52.1,1,0,0.00,0.00,0.00,12.00,0.02,1.00,0,0,0.00,0
2026-05-10 20:22:36,841.98,1,0,0,0,0,0,0,0.31,0,1.00,4.33,2.03,3.94,1.00,D,0.00,12.00,12.00,12.00,12.00, ,18.51,,40.60,14.00,0,0.00,54.3,1,0,0.00,0.00,0.00,12.00,0.31,1.00,0,0,0.00,0
2026-05-10 20:22:37,842.91,1,0,0,0,0,0,0,-0.01,0,1.00,4.33,2.04,3.88,1.00,D,0.00,12.00,12.00,12.00,12.00, ,-0.87,,42.70,13.90,0,0.00,52.1,1,0,0.00,0.00,0.00,12.00,-0.01,1.00,0,0,0.00,0
2026-05-10 20:22:38,843.91,1,0,0,0,0,0,0,0.16,0,1.00,4.33,2.04,3.88,1.00,D,0.00,12.00,12.00,12.00,12.00, ,9.65,,37.20,13.90,0,0.00,54.9,1,0,0.00,0.00,0.00,12.00,0.16,1.00,0,0,0.00,0
2026-05-10 20:22:39,844.93,1,0,0,0,0,0,0,0.05,0,1.00,4.33,2.04,3.94,1.00,D,0.00,12.00,12.00,12.00,12.00, ,3.07,,41.70,13.80,0,0.00,55.4,1,0,0.00,0.00,0.00,12.00,0.05,1.00,0,0,0.00,0
2026-05-10 20:22:40,845.95,1,0,0,0,0,0,0,0.10,0,1.00,4.33,2.04,3.90,1.00,D,0.00,12.00,12.00,12.00,12.00, ,5.74,,49.60,14.00,0,0.00,54.9,1,0,0.00,0.00,0.00,12.00,0.10,1.00,0,0,0.00,0
2026-05-10 20:22:41,846.97,1,0,0,0,0,0,0,0.16,0,1.00,4.33,2.05,3.86,1.00,D,0.00,12.00,12.00,12.00,12.00, ,9.84,,43.60,13.90,0,0.00,54.9,1,0,0.00,0.00,0.00,12.00,0.16,1.00,0,0,0.00,0
2026-05-10 20:22:42,847.97,1,0,0,0,0,0,0,0.07,0,1.00,4.33,2.05,3.95,1.00,D,0.00,12.00,12.00,12.00,12.00, ,4.08,,40.60,14.00,0,0.00,53.8,1,0,0.00,0.00,0.00,12.00,0.07,1.00,0,0,0.00,0
2026-05-10 20:22:43,849.00,1,0,0,0,0,0,0,0.06,0,1.00,4.33,2.05,3.85,1.00,D,0.00,12.00,12.00,12.00,12.00, ,3.77,,44.00,13.90,0,0.00,52.7,1,0,0.00,0.00,0.00,12.00,0.06,1.00,0,0,0.00,0
2026-05-10 20:22:44,850.02,1,0,0,0,0,0,0,0.35,0,1.00,4.33,2.05,3.81,1.00,D,0.00,12.00,12.00,12.00,12.00, ,21.08,,40.70,14.00,0,0.00,54.3,1,0,0.00,0.00,0.00,12.00,0.35,1.00,0,0,0.00,0
2026-05-10 20:22:45,851.03,1,0,0,0,0,0,0,-0.02,0,1.00,4.33,2.05,3.55,1.00,D,0.00,12.00,12.00,12.00,12.00, ,-1.09,,41.70,13.80,0,0.00,53.2,1,0,0.00,0.00,0.00,12.00,-0.02,1.00,0,0,0.00,0
2026-05-10 20:22:46,852.05,1,0,0,0,0,0,0,0.08,0,1.00,4.33,2.06,3.71,1.00,D,0.00,12.00,12.00,12.00,12.00, ,4.95,,41.10,14.00,0,0.00,53.8,1,0,0.00,0.00,0.00,12.00,0.08,1.00,0,0,0.00,0
2026-05-10 20:22:48,853.07,1,0,0,0,0,0,0,0.13,0,1.00,4.33,2.06,3.76,1.00,D,0.00,12.00,12.00,12.00,12.00, ,7.73,,41.90,13.80,0,0.00,55.4,1,0,0.00,0.00,0.00,12.00,0.13,1.00,0,0,0.00,0
2026-05-10 20:22:48,854.06,1,0,0,0,0,0,0,0.23,0,1.00,4.33,2.06,3.65,1.00,D,0.00,12.00,12.00,12.00,12.00, ,13.52,,40.60,13.80,0,0.00,52.7,1,0,0.00,0.00,0.00,12.00,0.23,1.00,0,0,0.00,0
2026-05-10 20:22:50,855.06,1,0,0,0,0,0,0,0.04,0,1.00,4.33,2.06,3.71,1.00,D,0.00,12.00,12.00,12.00,12.00, ,2.11,,41.40,13.60,0,0.00,53.2,1,0,0.00,0.00,0.00,12.00,0.04,1.00,0,0,0.00,0
2026-05-10 20:22:51,856.08,1,0,0,0,0,0,0,-0.02,0,1.00,4.33,2.06,3.70,1.00,D,0.00,12.00,12.00,12.00,12.00, ,-1.15,,43.80,13.80,0,0.00,54.9,1,0,0.00,0.00,0.00,12.00,-0.02,1.00,0,0,0.00,0
2026-05-10 20:22:52,857.08,1,0,0,0,0,0,0,0.02,0,1.00,4.33,2.07,3.75,1.00,D,0.00,12.00,12.00,12.00,12.00, ,1.42,,37.00,13.80,0,0.00,55.4,1,0,0.00,0.00,0.00,12.00,0.02,1.00,0,0,0.00,0
2026-05-10 20:22:53,858.19,1,0,0,0,0,0,0,0.03,0,1.00,4.33,2.07,3.72,1.00,D,0.00,12.00,12.00,12.00,12.00, ,1.79,,39.20,13.90,0,0.00,52.7,1,0,0.00,0.00,0.00,12.00,0.03,1.00,0,0,0.00,0
2026-05-10 20:22:54,859.11,1,0,0,0,0,0,0,0.42,0,1.00,4.33,2.07,3.75,1.00,D,0.00,12.00,12.00,12.00,12.00, ,25.46,,44.80,13.90,0,0.00,52.1,1,0,0.00,0.00,0.00,12.00,0.42,1.00,0,0,0.00,0
2026-05-10 20:22:55,860.14,1,0,0,0,0,0,0,-0.09,0,1.00,4.33,2.07,3.63,1.00,D,0.00,12.00,12.00,12.00,12.00, ,-5.30,,38.40,13.90,0,0.00,53.8,1,0,0.00,0.00,0.00,12.00,-0.09,1.00,0,0,0.00,0
2026-05-10 20:22:56,861.21,1,0,0,0,0,0,0,0.05,0,1.00,4.33,2.07,3.75,1.00,D,0.00,12.00,12.00,12.00,12.00, ,3.01,,41.20,14.00,0,0.00,54.9,1,0,0.00,0.00,0.00,12.00,0.05,1.00,0,0,0.00,0
2026-05-10 20:22:57,862.20,1,0,0,0,0,0,0,0.07,0,1.00,4.33,2.08,3.75,1.00,D,0.00,12.00,12.00,12.00,12.00, ,4.44,,40.10,14.10,0,0.00,52.7,1,0,0.00,0.00,0.00,12.00,0.07,1.00,0,0,0.00,0
2026-05-10 20:22:58,863.22,1,0,0,0,0,0,0,0.08,0,1.00,4.33,2.08,3.75,1.00,D,0.00,12.00,12.00,12.00,12.00, ,4.54,,42.00,13.70,0,0.00,52.7,1,0,0.00,0.00,0.00,12.00,0.08,1.00,0,0,0.00,0
2026-05-10 20:22:59,864.25,1,0,0,0,0,0,0,0.11,0,1.00,4.33,2.08,3.78,1.00,D,0.00,12.00,12.00,12.00,12.00, ,6.61,,52.10,13.90,0,0.00,53.8,1,0,0.00,0.00,0.00,12.00,0.11,1.00,0,0,0.00,0
2026-05-10 20:23:00,865.23,1,0,0,0,0,0,0,0.05,0,1.00,4.33,2.08,3.79,1.00,D,0.00,12.00,12.00,12.00,12.00, ,3.20,,45.40,13.90,0,0.00,55.4,1,0,0.00,0.00,0.00,12.00,0.05,1.00,0,0,0.00,0
2026-05-10 20:23:01,866.24,1,0,0,0,0,0,0,0.05,0,1.00,4.33,2.08,3.68,1.00,D,0.00,12.00,12.00,12.00,12.00, ,3.26,,43.60,13.80,0,0.00,54.9,1,0,0.00,0.00,0.00,12.00,0.05,1.00,0,0,0.00,0
2026-05-10 20:23:02,867.25,1,0,0,0,0,0,0,0.02,0,1.00,4.33,2.09,3.72,1.00,D,0.00,12.00,12.00,12.00,12.00, ,1.00,,44.40,13.90,0,0.00,55.4,1,0,0.00,0.00,0.00,12.00,0.02,1.00,0,0,0.00,0
2026-05-10 20:23:03,868.30,1,0,0,0,0,0,0,0.06,0,1.00,4.33,2.09,3.67,1.00,D,0.00,12.00,12.00,12.00,12.00, ,3.38,,43.60,14.00,0,0.00,56.0,1,0,0.00,0.00,0.00,12.00,0.06,1.00,0,0,0.00,0
2026-05-10 20:23:04,869.36,1,0,0,0,0,0,0,0.10,0,1.00,4.33,2.09,3.71,1.00,D,0.00,12.00,12.00,12.00,12.00, ,6.17,,36.50,14.00,0,0.00,52.7,1,0,0.00,0.00,0.00,12.00,0.10,1.00,0,0,0.00,0
2026-05-10 20:23:05,870.28,1,0,0,0,0,0,0,0.16,0,1.00,4.33,2.09,3.77,1.00,D,0.00,12.00,12.00,12.00,12.00, ,9.61,,37.90,13.70,0,0.00,54.3,1,0,0.00,0.00,0.00,12.00,0.16,1.00,0,0,0.00,0
2026-05-10 20:23:06,871.30,1,0,0,0,0,0,0,-0.10,0,1.00,4.33,2.09,3.71,1.00,D,0.00,12.00,12.00,12.00,12.00, ,-6.11,,49.40,13.90,0,0.00,53.8,1,0,0.00,0.00,0.00,12.00,-0.10,1.00,0,0,0.00,0
2026-05-10 20:23:07,872.33,1,0,0,0,0,0,0,0.11,0,1.00,4.33,2.10,3.77,1.00,D,0.00,12.00,12.00,12.00,12.00, ,6.60,,39.30,13.90,0,0.00,53.2,1,0,0.00,0.00,0.00,12.00,0.11,1.00,0,0,0.00,0
2026-05-10 20:23:08,873.35,1,0,0,0,0,0,0,0.16,0,1.00,4.33,2.10,3.77,1.00,D,0.00,12.00,12.00,12.00,12.00, ,9.45,,44.70,13.50,0,0.00,52.1,1,0,0.00,0.00,0.00,12.00,0.16,1.00,0,0,0.00,0
2026-05-10 20:23:09,874.37,0,0,0,0,0,0,0,-1.00,0,1.00,4.33,2.10,3.55,0.06,D,0.00,12.00,12.00,12.00,12.00, ,0.00,,51.40,13.40,0,0.00,52.7,1,0,0.00,0.00,0.00,12.00,0.00,0.00,0,0,0.00,0
2026-05-10 20:23:10,875.39,0,0,0,0,0,0,0,-1.00,0,1.00,4.33,2.10,0.87,0.58,D,0.00,12.00,12.00,12.00,12.00, ,0.00,,55.40,13.80,0,0.00,52.7,1,0,0.00,0.00,0.00,12.00,0.00,0.00,0,0,0.00,0
2026-05-10 20:23:11,876.39,0,0,0,0,0,0,0,0.34,0,1.00,4.33,2.10,2.23,1.00,D,0.00,12.00,12.00,12.00,12.00, ,0.00,,38.20,13.80,0,0.00,54.3,1,0,0.00,0.00,0.00,12.00,0.00,0.00,0,0,0.00,0
2026-05-10 20:23:12,877.42,0,0,0,0,0,0,0,0.00,0,1.00,4.33,2.10,3.48,1.00,D,0.00,12.00,12.00,12.00,12.00, ,0.00,,38.70,13.70,0,0.00,53.8,1,0,0.00,0.00,0.00,12.00,0.00,0.00,0,0,0.00,0
2026-05-10 20:23:13,878.42,0,0,0,0,0,0,0,0.00,0,1.00,4.33,2.10,3.63,1.00,D,0.00,12.00,12.00,12.00,12.00, ,0.00,,39.50,13.70,0,0.00,55.4,1,0,0.00,0.00,0.00,12.00,0.00,0.00,0,0,0.00,0
2026-05-10 20:23:14,879.42,0,0,0,0,0,0,0,-0.24,0,1.00,4.33,2.10,3.54,1.00,D,0.00,12.00,12.00,12.00,12.00, ,0.00,,37.80,13.70,0,0.00,54.3,1,0,0.00,0.00,0.00,12.00,0.00,0.00,0,0,0.00,0
2026-05-10 20:23:15,880.44,0,0,0,0,0,0,0,-0.15,0,1.00,4.33,2.10,3.47,1.00,D,0.00,12.00,12.00,12.00,12.00, ,0.00,,38.60,13.60,0,0.00,54.3,1,0,0.00,0.00,0.00,12.00,0.00,0.00,0,0,0.00,0
2026-05-10 20:23:16,881.45,0,0,0,0,0,0,0,0.00,0,1.00,4.33,2.11,2.98,0.90,D,0.00,12.00,12.00,12.00,12.00, ,0.00,,39.10,13.60,0,0.00,54.9,1,0,0.00,0.00,0.00,12.00,0.00,0.00,0,0,0.00,0
2026-05-10 20:23:17,882.49,0,0,0,0,0,0,0,-0.70,0,1.00,4.33,2.10,0.68,1.00,D,0.00,12.00,12.00,12.00,12.00, ,0.00,,44.40,13.50,0,0.00,53.2,1,0,0.00,0.00,0.00,12.00,0.00,0.00,0,0,0.00,0
2026-05-10 20:23:18,883.55,0,0,0,0,0,0,0,-1.00,0,0.00,4.33,2.10,0.80,0.81,D,0.00,12.00,12.00,12.00,12.00, ,0.00,,41.50,13.50,0,0.00,52.1,1,0,0.00,0.00,0.00,12.00,0.00,0.00,0,0,0.00,0
2026-05-10 20:23:19,884.54,0,0,0,0,0,0,0,-1.00,0,0.00,4.33,2.10,0.57,0.00,D,0.00,12.00,12.00,12.00,12.00, ,0.00,,47.70,13.50,0,0.00,53.2,1,0,0.00,0.00,0.00,12.00,0.00,0.00,0,0,0.00,0
2026-05-10 20:23:20,885.54,0,0,0,0,0,0,0,0.00,0,0.00,4.33,2.10,0.00,0.05,D,0.00,12.00,12.00,12.00,12.00, ,0.00,,39.90,13.50,0,0.68,52.7,1,0,0.00,0.00,0.00,12.00,0.00,0.00,0,0,0.00,0
2026-05-10 20:23:21,886.56,0,0,0,0,0,0,0,0.00,0,0.00,4.33,2.10,0.00,0.00,D,0.00,12.00,12.00,12.00,12.00, ,0.00,,39.40,13.40,0,1.70,52.1,1,0,0.00,0.00,0.00,12.00,0.00,0.00,0,0,0.00,0
2026-05-10 20:23:22,887.59,0,0,0,0,0,0,0,0.00,0,0.00,4.33,2.09,0.00,0.00,D,0.00,12.00,12.00,12.00,12.00, ,0.00,,40.70,13.40,0,0.01,54.3,1,0,0.00,0.00,0.00,12.00,0.00,0.00,0,0,0.00,0
2026-05-10 20:23:23,888.60,0,0,0,0,0,0,0,0.00,0,0.00,4.33,2.09,0.00,0.00,D,0.00,12.00,12.00,12.00,12.00, ,0.00,,43.40,13.50,0,0.00,53.2,1,0,0.00,0.00,0.00,12.00,0.00,0.00,0,0,0.00,0
2026-05-10 20:23:24,889.64,0,0,0,0,0,0,0,0.00,0,0.00,4.33,2.09,0.00,0.00,D,0.00,12.00,12.00,12.00,12.00, ,0.00,,44.80,13.50,0,0.16,52.7,1,0,0.00,0.00,0.00,12.00,0.00,0.00,0,0,0.00,0
2026-05-10 20:23:25,890.66,0,0,0,0,0,0,0,0.00,0,0.00,4.33,2.09,0.21,0.00,D,0.00,12.00,12.00,12.00,12.00, ,0.00,,43.10,13.50,0,0.00,53.2,1,0,0.00,0.00,0.00,12.00,0.00,0.00,0,0,0.00,0
2026-05-10 20:23:26,891.67,0,0,0,0,0,0,0,0.00,0,0.00,4.33,2.09,0.00,0.00,D,0.00,12.00,12.00,12.00,12.00, ,0.00,,36.70,13.50,0,0.00,53.8,1,0,0.00,0.00,0.00,12.00,0.00,0.00,0,0,0.00,0
2026-05-10 20:23:27,892.70,0,0,0,0,0,0,0,0.00,0,0.00,4.33,2.08,0.00,0.00,D,0.00,12.00,12.00,12.00,12.00, ,0.00,,41.90,13.50,0,0.00,53.8,1,0,0.00,0.00,0.00,12.00,0.00,0.00,0,0,0.00,0
2026-05-10 20:23:28,893.72,0,0,0,0,0,0,0,0.00,0,0.00,4.33,2.08,0.00,0.00,D,0.00,12.00,12.00,12.00,12.00, ,0.00,,46.30,13.40,0,0.00,53.2,1,0,0.00,0.00,0.00,12.00,0.00,0.00,0,0,0.00,0
2026-05-10 20:23:29,894.72,0,0,0,0,0,0,0,0.00,0,0.00,4.33,2.08,0.23,0.00,D,0.00,12.00,12.00,12.00,12.00, ,0.00,,44.70,13.60,0,0.00,54.3,1,0,0.00,0.00,0.00,12.00,0.00,0.00,0,0,0.00,0
2026-05-10 20:23:30,895.72,0,0,0,0,0,0,0,0.00,0,0.00,4.33,2.08,0.00,0.00,D,0.00,12.00,12.00,12.00,12.00, ,0.00,,41.30,13.60,0,0.01,53.2,1,0,0.00,0.00,0.00,12.00,0.00,0.00,0,0,0.00,0
2026-05-10 20:23:31,896.75,0,0,0,0,0,0,0,0.00,0,0.00,4.33,2.07,0.00,0.00,D,0.00,12.00,12.00,12.00,12.00, ,0.00,,41.60,13.40,0,0.25,53.8,1,0,0.00,0.00,0.00,12.00,0.00,0.00,0,0,0.00,0
2026-05-10 20:23:32,897.78,0,0,0,0,0,0,0,0.00,0,0.00,4.33,2.07,0.00,0.00,D,0.00,12.00,12.00,12.00,12.00, ,0.00,,47.10,13.60,0,0.03,52.7,1,0,0.00,0.00,0.00,12.00,0.00,0.00,0,0,0.00,0
2026-05-10 20:23:33,898.78,0,0,0,0,0,0,0,0.00,0,0.00,4.33,2.07,0.00,0.00,D,0.00,12.00,12.00,12.00,12.00, ,0.00,,40.00,13.50,0,0.01,52.1,1,0,0.00,0.00,0.00,12.00,0.00,0.00,0,0,0.00,0
2026-05-10 20:23:34,899.80,0,0,0,0,0,0,0,0.00,0,0.00,4.33,2.07,0.00,0.00,D,0.00,12.00,12.00,12.00,12.00, ,0.00,,45.30,13.70,0,0.00,52.1,1,0,0.00,0.00,0.00,12.00,0.00,0.00,0,0,0.00,0
2026-05-10 20:23:35,900.80,0,0,0,0,0,0,0,0.00,0,0.00,4.33,2.06,0.00,0.00,D,0.00,12.00,12.00,12.00,12.00, ,0.00,,38.40,13.50,0,0.37,53.8,1,0,0.00,0.00,0.00,12.00,0.00,0.00,0,0,0.00,0
2026-05-10 20:23:36,901.81,0,0,0,0,0,0,0,0.00,0,0.00,4.33,2.06,0.00,0.00,D,0.00,12.00,12.00,12.00,12.00, ,0.00,,49.70,13.70,0,0.08,53.2,1,0,0.00,0.00,0.00,12.00,0.00,0.00,0,0,0.00,0
2026-05-10 20:23:37,902.83,0,0,0,0,0,0,0,0.00,0,0.00,4.33,2.06,0.00,0.00,D,0.00,12.00,12.00,12.00,12.00, ,0.00,,40.90,13.70,0,0.40,52.1,1,0,0.00,0.00,0.00,12.00,0.00,0.00,0,0,0.00,0
2026-05-10 20:23:38,903.85,0,0,0,0,0,0,0,0.00,0,0.00,4.33,2.06,0.00,0.00,D,0.00,12.00,12.00,12.00,12.00, ,0.00,,37.90,13.50,0,0.25,53.2,1,0,0.00,0.00,0.00,12.00,0.00,0.00,0,0,0.00,0
2026-05-10 20:23:39,904.86,0,0,0,0,0,0,0,0.00,0,0.00,4.33,2.06,0.00,0.00,D,0.00,12.00,12.00,12.00,12.00, ,0.00,,50.00,13.50,0,1.26,53.2,1,0,0.00,0.00,0.00,12.00,0.00,0.00,0,0,0.00,0
2026-05-10 20:23:40,905.88,0,0,0,0,0,0,0,0.00,0,1.00,4.33,2.05,0.01,0.48,D,0.00,12.00,12.00,12.00,12.00, ,0.00,,38.90,13.40,0,0.00,53.2,1,0,0.00,0.00,0.00,12.00,0.00,0.00,0,0,0.00,0
2026-05-10 20:23:41,906.96,0,0,0,0,0,0,0,0.00,0,1.00,4.33,2.05,1.52,1.00,D,0.00,12.00,12.00,12.00,12.00, ,0.00,,43.60,13.40,0,0.00,52.7,1,0,0.00,0.00,0.00,12.00,0.00,0.00,0,0,0.00,0
2026-05-10 20:23:42,907.95,0,0,0,0,0,0,0,0.00,0,1.00,4.33,2.05,3.43,1.00,D,0.00,12.00,12.00,12.00,12.00, ,0.00,,47.20,13.40,0,0.00,53.8,1,0,0.00,0.00,0.00,12.00,0.00,0.00,0,0,0.00,0
2026-05-10 20:23:43,908.96,0,0,0,0,0,0,0,0.00,0,1.00,4.33,2.05,3.68,1.00,D,0.00,12.00,12.00,12.00,12.00, ,0.00,,50.90,13.40,0,0.00,53.2,1,0,0.00,0.00,0.00,12.00,0.00,0.00,0,0,0.00,0
2026-05-10 20:23:44,909.98,0,0,0,0,0,0,0,0.00,0,1.00,4.33,2.06,3.80,1.00,D,0.00,12.00,12.00,12.00,12.00, ,0.00,,44.30,13.40,0,0.00,53.8,1,0,0.00,0.00,0.00,12.00,0.00,0.00,0,0,0.00,0
2026-05-10 20:23:45,910.98,0,0,0,0,0,0,0,0.00,0,1.00,4.33,2.06,3.75,1.00,D,0.00,12.00,12.00,12.00,12.00, ,0.00,,59.00,13.60,0,0.00,53.2,1,0,0.00,0.00,0.00,12.00,0.00,0.00,0,0,0.00,0
2026-05-10 20:23:46,912.02,0,0,0,0,0,0,0,0.00,0,0.00,4.33,2.06,3.75,0.93,D,0.00,12.00,12.00,12.00,12.00, ,0.00,,42.30,13.60,0,0.00,54.3,1,0,0.00,0.00,0.00,12.00,0.00,0.00,0,0,0.00,0
2026-05-10 20:23:47,913.03,1,0,0,0,0,0,0,0.08,0,1.00,4.33,2.06,3.73,1.00,D,0.00,12.00,12.00,12.00,12.00, ,5.01,,44.80,13.60,0,0.00,54.3,1,0,0.00,0.00,0.00,12.00,0.08,1.00,0,0,0.00,0
2026-05-10 20:23:49,914.06,1,0,0,0,0,0,0,0.13,0,1.00,4.33,2.06,3.75,1.00,D,0.00,12.00,12.00,12.00,12.00, ,7.57,,44.30,13.70,0,0.00,54.3,1,0,0.00,0.00,0.00,12.00,0.13,1.00,0,0,0.00,0
2026-05-10 20:23:50,915.06,1,0,0,0,0,0,0,0.20,0,1.00,4.33,2.06,3.72,1.00,D,0.00,12.00,12.00,12.00,12.00, ,11.98,,43.20,13.50,0,0.00,53.2,1,0,0.00,0.00,0.00,12.00,0.20,1.00,0,0,0.00,0
2026-05-10 20:23:51,916.11,1,0,0,0,0,0,0,0.02,0,1.00,4.33,2.07,3.76,1.00,D,0.00,12.00,12.00,12.00,12.00, ,1.18,,45.80,13.70,0,0.00,54.3,1,0,0.00,0.00,0.00,12.00,0.02,1.00,0,0,0.00,0
2026-05-10 20:23:52,917.10,1,0,0,0,0,0,0,0.03,0,1.00,4.33,2.07,3.72,1.00,D,0.00,12.00,12.00,12.00,12.00, ,1.80,,39.70,13.70,0,0.00,53.2,1,0,0.00,0.00,0.00,12.00,0.03,1.00,0,0,0.00,0
2026-05-10 20:23:53,918.13,1,0,0,0,0,0,0,0.19,0,1.00,4.33,2.07,3.73,1.00,D,0.00,12.00,12.00,12.00,12.00, ,11.40,,40.40,13.60,0,0.00,53.2,1,0,0.00,0.00,0.00,12.00,0.19,1.00,0,0,0.00,0
2026-05-10 20:23:54,919.16,1,0,0,0,0,0,0,0.02,0,1.00,4.33,2.07,3.75,1.00,D,0.00,12.00,12.00,12.00,12.00, ,1.02,,42.50,13.60,0,0.00,51.6,1,0,0.00,0.00,0.00,12.00,0.02,1.00,0,0,0.00,0
2026-05-10 20:23:55,920.18,1,0,0,0,0,0,0,0.12,0,1.00,4.33,2.07,3.73,1.00,D,0.00,12.00,12.00,12.00,12.00, ,7.50,,43.30,13.50,0,0.00,51.6,1,0,0.00,0.00,0.00,12.00,0.12,1.00,0,0,0.00,0
2026-05-10 20:23:56,921.19,1,0,0,0,0,0,0,-0.07,0,1.00,4.33,2.08,3.85,1.00,D,0.00,12.00,12.00,12.00,12.00, ,-4.43,,47.30,13.50,0,0.00,52.7,1,0,0.00,0.00,0.00,12.00,-0.07,1.00,0,0,0.00,0
2026-05-10 20:23:57,922.21,1,0,0,0,0,0,0,0.07,0,1.00,4.33,2.08,3.72,1.00,D,0.00,12.00,12.00,12.00,12.00, ,4.02,,45.60,13.60,0,0.00,54.3,1,0,0.00,0.00,0.00,12.00,0.07,1.00,0,0,0.00,0
2026-05-10 20:23:58,923.24,1,0,0,0,0,0,0,0.19,0,1.00,4.33,2.08,3.78,1.00,D,0.00,12.00,12.00,12.00,12.00, ,11.50,,44.30,13.50,0,0.00,53.8,1,0,0.00,0.00,0.00,12.00,0.19,1.00,0,0,0.00,0
2026-05-10 20:23:59,924.26,1,0,0,0,0,0,0,0.08,0,1.00,4.33,2.08,3.65,1.00,D,0.00,12.00,12.00,12.00,12.00, ,5.03,,41.30,13.50,0,0.00,51.6,1,0,0.00,0.00,0.00,12.00,0.08,1.00,0,0,0.00,0
2026-05-10 20:24:00,925.29,1,0,0,0,0,0,0,0.12,0,1.00,4.33,2.08,3.68,1.00,D,0.00,12.00,12.00,12.00,12.00, ,7.39,,41.40,13.40,0,0.00,52.7,1,0,0.00,0.00,0.00,12.00,0.12,1.00,0,0,0.00,0
2026-05-10 20:24:01,926.31,1,0,0,0,0,0,0,0.13,0,1.00,4.33,2.09,3.83,1.00,D,0.00,12.00,12.00,12.00,12.00, ,7.70,,42.50,13.30,0,0.00,53.2,1,0,0.00,0.00,0.00,12.00,0.13,1.00,0,0,0.00,0
2026-05-10 20:24:02,927.32,1,0,0,0,0,0,0,0.10,0,1.00,4.33,2.09,3.62,1.00,D,0.00,12.00,12.00,12.00,12.00, ,6.12,,47.30,13.30,0,0.00,54.9,1,0,0.00,0.00,0.00,12.00,0.10,1.00,0,0,0.00,0
2026-05-10 20:24:03,928.33,1,0,0,0,0,0,0,0.09,0,1.00,4.33,2.09,3.84,1.00,D,0.00,12.00,12.00,12.00,12.00, ,5.57,,40.00,13.20,0,0.00,53.2,1,0,0.00,0.00,0.00,12.00,0.09,1.00,0,0,0.00,0
2026-05-10 20:24:04,929.43,1,0,0,0,0,0,0,0.05,0,1.00,4.33,2.09,3.78,1.00,D,0.00,12.00,12.00,12.00,12.00, ,3.22,,51.80,13.50,0,0.00,52.7,1,0,0.00,0.00,0.00,12.00,0.05,1.00,0,0,0.00,0
2026-05-10 20:24:05,930.43,1,0,0,0,0,0,0,0.48,0,1.00,4.33,2.09,3.84,1.00,D,0.00,12.00,12.00,12.00,12.00, ,28.74,,50.30,13.60,0,0.00,51.6,1,0,0.00,0.00,0.00,12.00,0.48,1.00,0,0,0.00,0
2026-05-10 20:24:06,931.42,1,0,0,0,0,0,0,-0.08,0,1.00,4.33,2.09,3.59,1.00,D,0.00,12.00,12.00,12.00,12.00, ,-4.84,,42.40,13.60,0,0.00,53.2,1,0,0.00,0.00,0.00,12.00,-0.08,1.00,0,0,0.00,0
2026-05-10 20:24:07,932.46,1,0,0,0,0,0,0,-0.18,0,1.00,4.33,2.10,4.00,1.00,D,0.00,12.00,12.00,12.00,12.00, ,-11.05,,46.00,13.50,0,0.00,53.8,1,0,0.00,0.00,0.00,12.00,-0.18,1.00,0,0,0.00,0
2026-05-10 20:24:08,933.52,1,0,0,0,0,0,0,0.00,0,1.00,4.33,2.10,3.71,1.00,D,0.00,12.00,12.00,12.00,12.00, ,0.05,,47.40,13.50,0,0.00,52.1,1,0,0.00,0.00,0.00,12.00,0.00,1.00,0,0,0.00,0
2026-05-10 20:24:09,934.55,0,0,0,0,0,0,0,0.00,1,0.00,4.33,2.10,1.28,0.00,D,0.00,12.00,12.00,12.00,12.00, ,0.00,,44.30,13.40,0,0.00,51.0,1,0,0.00,0.00,0.00,12.00,0.00,0.00,0,0,0.00,0
2026-05-10 20:24:10,935.56,0,0,0,1,0,0,0,0.95,0,1.00,4.33,2.10,0.01,-0.22,R,0.00,12.00,12.00,12.00,12.00, ,0.00,,49.40,13.60,0,0.24,51.0,1,0,0.00,0.00,0.00,12.00,0.00,0.00,0,0,0.00,0
2026-05-10 20:24:11,936.58,0,0,0,0,0,0,0,0.95,0,1.00,4.33,2.09,0.20,-0.72,R,0.00,12.00,12.00,12.00,12.00, ,0.00,,43.20,13.40,0,0.00,49.9,1,0,0.00,0.00,0.00,12.00,0.00,0.00,0,0,0.00,0
2026-05-10 20:24:12,937.57,0,0,1,0,0,0,0,0.00,0,0.00,4.33,2.09,2.01,0.00,D,0.00,12.00,12.00,12.00,12.00, ,0.00,,50.90,13.60,0,0.00,50.5,1,0,0.00,0.00,0.00,12.00,0.00,0.00,0,0,0.00,0
2026-05-10 20:24:13,938.59,0,0,0,0,0,0,0,-0.23,0,1.00,4.33,2.09,0.37,0.43,D,0.00,12.00,12.00,12.00,12.00, ,0.00,,41.10,13.60,0,0.00,51.0,1,0,0.00,0.00,0.00,12.00,0.00,0.00,0,0,0.00,0
2026-05-10 20:24:14,939.66,0,0,0,0,0,0,0,0.00,0,1.00,4.33,2.09,1.68,0.95,D,0.00,12.00,12.00,12.00,12.00, ,0.00,,42.70,13.40,0,0.00,51.6,1,0,0.00,0.00,0.00,12.00,0.00,0.00,0,0,0.00,0
2026-05-10 20:24:15,940.66,0,0,0,0,0,0,0,0.70,0,1.00,4.33,2.09,3.45,1.00,D,0.00,12.00,12.00,12.00,12.00, ,0.00,,58.40,13.60,0,0.00,52.1,1,0,0.00,0.00,0.00,12.00,0.00,0.00,0,0,0.00,0
2026-05-10 20:24:16,941.65,0,0,0,0,0,0,0,0.15,0,1.00,4.33,2.09,3.54,1.00,D,0.00,12.00,12.00,12.00,12.00, ,0.00,,53.50,13.50,0,0.00,52.1,1,0,0.00,0.00,0.00,12.00,0.00,0.00,0,0,0.00,0
2026-05-10 20:24:17,942.67,0,0,0,0,0,0,0,0.15,0,1.00,4.33,2.10,3.63,1.00,D,0.00,12.00,12.00,12.00,12.00, ,0.00,,38.50,13.50,0,0.00,53.2,1,0,0.00,0.00,0.00,12.00,0.00,0.00,0,0,0.00,0
2026-05-10 20:24:18,943.70,0,0,0,0,0,0,0,0.00,0,1.00,4.33,2.10,3.56,1.00,D,0.00,12.00,12.00,12.00,12.00, ,0.00,,47.60,13.60,0,0.00,52.1,1,0,0.00,0.00,0.00,12.00,0.00,0.00,0,0,0.00,0
2026-05-10 20:24:19,944.71,0,0,0,0,0,0,0,0.23,0,1.00,4.33,2.10,3.58,1.00,D,0.00,12.00,12.00,12.00,12.00, ,0.00,,45.90,13.80,0,0.00,51.6,1,0,0.00,0.00,0.00,12.00,0.00,0.00,0,0,0.00,0
2026-05-10 20:24:20,945.73,0,0,0,0,0,0,0,0.00,0,1.00,4.33,2.10,3.77,1.00,D,0.00,12.00,12.00,12.00,12.00, ,0.00,,41.90,13.70,0,0.00,53.8,1,0,0.00,0.00,0.00,12.00,0.00,0.00,0,0,0.00,0
2026-05-10 20:24:21,946.76,0,0,0,0,0,0,0,0.54,0,1.00,4.33,2.10,3.56,1.00,D,0.00,12.00,12.00,12.00,12.00, ,0.00,,40.40,13.60,0,0.00,52.7,1,0,0.00,0.00,0.00,12.00,0.00,0.00,0,0,0.00,0
2026-05-10 20:24:22,947.76,0,0,0,0,0,0,0,0.21,0,1.00,4.33,2.10,3.79,1.00,D,0.00,12.00,12.00,12.00,12.00, ,0.00,,38.30,13.60,0,0.00,53.8,1,0,0.00,0.00,0.00,12.00,0.00,0.00,0,0,0.00,0
2026-05-10 20:24:23,948.77,0,0,0,0,0,0,0,-0.25,0,1.00,4.33,2.11,3.75,1.00,D,0.00,12.00,12.00,12.00,12.00, ,0.00,,39.10,13.50,0,0.00,53.2,1,0,0.00,0.00,0.00,12.00,0.00,0.00,0,0,0.00,0
2026-05-10 20:24:24,949.79,0,0,0,0,0,0,0,0.41,0,1.00,4.33,2.11,3.71,1.00,D,0.00,12.00,12.00,12.00,12.00, ,0.00,,38.20,13.50,0,0.00,53.8,1,0,0.00,0.00,0.00,12.00,0.00,0.00,0,0,0.00,0
2026-05-10 20:24:25,950.82,0,0,0,0,0,0,0,0.68,0,1.00,4.33,2.11,3.55,1.00,D,0.00,12.00,12.00,12.00,12.00, ,0.00,,43.30,13.40,0,0.00,53.2,1,0,0.00,0.00,0.00,12.00,0.00,0.00,0,0,0.00,0
2026-05-10 20:24:26,951.86,0,0,0,0,0,0,0,0.15,0,1.00,4.33,2.11,3.40,1.00,D,0.00,12.00,12.00,12.00,12.00, ,0.00,,42.70,13.60,0,0.00,53.2,1,0,0.00,0.00,0.00,12.00,0.00,0.00,0,0,0.00,0
2026-05-10 20:24:27,952.86,0,0,0,0,0,0,0,1.00,0,0.97,4.33,2.11,3.71,0.98,D,0.00,12.00,12.00,12.00,12.00, ,0.00,,40.60,13.40,0,0.00,51.6,1,0,0.00,0.00,0.00,12.00,0.00,0.00,0,0,0.00,0
2026-05-10 20:24:28,953.88,0,0,0,0,0,0,0,0.00,1,0.00,4.33,2.11,1.31,0.00,D,0.00,12.00,12.00,12.00,12.00, ,0.00,,57.50,13.60,0,0.00,52.7,1,0,0.00,0.00,0.00,12.00,0.00,0.00,0,0,0.00,0
2026-05-10 20:24:29,954.90,0,0,0,0,0,0,0,0.00,0,0.00,4.33,2.11,0.00,0.00,D,0.00,12.00,12.00,12.00,12.00, ,0.00,,36.50,13.60,0,0.90,51.6,1,0,0.00,0.00,0.00,12.00,0.00,0.00,0,0,0.00,0
2026-05-10 20:24:30,955.90,0,0,0,0,0,0,0,0.00,0,0.00,4.33,2.11,0.00,0.00,D,0.00,12.00,12.00,12.00,12.00, ,0.00,,41.20,13.50,0,0.02,52.7,1,0,0.00,0.00,0.00,12.00,0.00,0.00,0,0,0.00,0
2026-05-10 20:24:31,956.93,0,0,0,0,0,0,0,0.00,0,0.00,4.33,2.11,0.00,0.00,D,0.00,12.00,12.00,12.00,12.00, ,0.00,,40.40,13.60,0,0.24,52.7,1,0,0.00,0.00,0.00,12.00,0.00,0.00,0,0,0.00,0
2026-05-10 20:24:32,957.94,1,0,0,0,0,0,0,0.11,0,1.00,4.33,2.10,0.01,0.36,D,0.00,12.00,12.00,12.00,12.00, ,6.42,,35.90,13.60,0,0.02,54.3,1,0,0.00,0.00,0.00,12.00,0.11,1.00,0,0,0.00,0
2026-05-10 20:24:33,958.95,1,0,0,0,0,0,0,0.11,0,1.00,4.33,2.10,0.58,0.87,D,0.00,12.00,12.00,12.00,12.00, ,6.86,,36.50,13.60,0,0.00,52.7,1,0,0.00,0.00,0.00,12.00,0.11,1.00,0,0,0.00,0
2026-05-10 20:24:34,959.98,1,0,0,0,0,0,0,0.19,0,1.00,4.33,2.10,3.39,1.00,D,0.00,12.00,12.00,12.00,12.00, ,11.22,,41.90,13.50,0,0.00,53.8,1,0,0.00,0.00,0.00,12.00,0.19,1.00,0,0,0.00,0
2026-05-10 20:24:35,960.97,1,0,0,0,0,0,0,-0.13,0,1.00,4.33,2.10,3.33,1.00,D,0.00,12.00,12.00,12.00,12.00, ,-7.84,,38.70,13.50,0,0.00,53.8,1,0,0.00,0.00,0.00,12.00,-0.13,1.00,0,0,0.00,0
2026-05-10 20:24:36,962.00,1,0,0,0,0,0,0,0.17,0,1.00,4.33,2.10,3.54,1.00,D,0.00,12.00,12.00,12.00,12.00, ,10.33,,43.30,13.60,0,0.00,53.2,1,0,0.00,0.00,0.00,12.00,0.17,1.00,0,0,0.00,0
2026-05-10 20:24:37,963.05,1,0,0,0,0,0,0,0.29,0,1.00,4.33,2.11,3.50,1.00,D,0.00,12.00,12.00,12.00,12.00, ,17.30,,45.60,13.60,0,0.00,51.6,1,0,0.00,0.00,0.00,12.00,0.29,1.00,0,0,0.00,0
2026-05-10 20:24:38,964.02,1,0,0,0,0,0,0,0.15,0,1.00,4.33,2.11,3.53,1.00,D,0.00,12.00,12.00,12.00,12.00, ,8.87,,42.20,13.50,0,0.00,53.8,1,0,0.00,0.00,0.00,12.00,0.15,1.00,0,0,0.00,0
2026-05-10 20:24:40,965.07,1,0,0,0,0,0,0,0.13,0,1.00,4.33,2.11,3.63,1.00,D,0.00,12.00,12.00,12.00,12.00, ,7.60,,48.00,13.40,0,0.00,53.8,1,0,0.00,0.00,0.00,12.00,0.13,1.00,0,0,0.00,0
2026-05-10 20:24:40,966.04,1,0,0,0,0,0,0,0.12,0,1.00,4.33,2.11,3.65,1.00,D,0.00,12.00,12.00,12.00,12.00, ,7.08,,39.90,13.30,0,0.00,52.1,1,0,0.00,0.00,0.00,12.00,0.12,1.00,0,0,0.00,0
2026-05-10 20:24:42,967.10,1,0,0,0,0,0,0,0.05,0,1.00,4.33,2.11,3.63,1.00,D,0.00,12.00,12.00,12.00,12.00, ,3.22,,51.10,13.60,0,0.00,52.1,1,0,0.00,0.00,0.00,12.00,0.05,1.00,0,0,0.00,0
2026-05-10 20:24:43,968.12,1,0,0,0,0,0,0,0.12,0,1.00,4.33,2.11,3.64,1.00,D,0.00,12.00,12.00,12.00,12.00, ,7.25,,41.00,13.50,0,0.00,51.0,1,0,0.00,0.00,0.00,12.00,0.12,1.00,0,0,0.00,0
2026-05-10 20:24:44,969.15,1,0,0,0,0,0,0,0.07,0,1.00,4.33,2.12,3.66,1.00,D,0.00,12.00,12.00,12.00,12.00, ,4.34,,48.70,13.80,0,0.00,49.9,1,0,0.00,0.00,0.00,12.00,0.07,1.00,0,0,0.00,0
2026-05-10 20:24:45,970.27,0,0,0,0,0,0,0,0.00,0,0.00,4.33,2.12,0.00,0.00,D,0.00,12.00,12.00,12.00,12.00, ,0.00,,39.00,13.70,0,0.04,49.9,1,0,0.00,0.00,0.00,12.00,0.00,0.00,0,0,0.00,0
2026-05-10 20:24:46,971.24,0,0,0,0,0,0,0,0.00,0,0.00,4.33,2.11,0.00,0.00,D,0.00,12.00,12.00,12.00,12.00, ,0.00,,51.20,13.60,0,1.02,49.9,1,0,0.00,0.00,0.00,12.00,0.00,0.00,0,0,0.00,0
2026-05-10 20:24:47,972.22,0,0,0,0,0,0,0,0.00,0,0.00,4.33,2.11,0.00,0.00,D,0.00,12.00,12.00,12.00,12.00, ,0.00,,39.30,13.40,0,2.00,49.4,1,0,0.00,0.00,0.00,12.00,0.00,0.00,0,0,0.00,0
2026-05-10 20:24:48,973.23,0,0,0,0,0,0,0,0.00,0,0.00,4.33,2.11,0.00,0.00,D,0.00,12.00,12.00,12.00,12.00, ,0.00,,50.90,13.60,0,3.01,51.0,1,0,0.00,0.00,0.00,12.00,0.00,0.00,0,0,0.00,0
2026-05-10 20:24:49,974.29,0,0,0,0,0,0,0,0.00,0,0.00,4.33,2.11,0.00,0.00,D,0.00,12.00,12.00,12.00,12.00, ,0.00,,43.60,13.60,0,4.06,51.6,1,0,0.00,0.00,0.00,12.00,0.00,0.00,0,0,0.00,0
2026-05-10 20:24:50,975.26,0,0,0,0,0,0,0,0.00,0,0.00,4.33,2.11,0.00,0.00,D,0.00,12.00,12.00,12.00,12.00, ,0.00,,41.80,13.40,0,5.03,51.6,1,0,0.00,0.00,0.00,12.00,0.00,0.00,0,0,0.00,0
2026-05-10 20:24:51,976.25,0,0,0,0,0,0,0,0.00,0,0.00,4.33,2.10,0.00,0.00,D,0.00,12.00,12.00,12.00,12.00, ,0.00,,50.30,13.60,0,6.02,49.9,1,0,0.00,0.00,0.00,12.00,0.00,0.00,0,0,0.00,0
2026-05-10 20:24:52,977.31,0,0,0,0,0,0,0,0.00,0,0.00,4.33,2.10,0.00,0.00,D,0.00,12.00,12.00,12.00,12.00, ,0.00,,41.60,13.60,0,7.08,49.9,1,0,0.00,0.00,0.00,12.00,0.00,0.00,0,0,0.00,0
2026-05-10 20:24:53,978.31,0,0,0,0,0,0,0,0.00,0,0.00,4.33,2.10,0.00,0.00,D,0.00,12.00,12.00,12.00,12.00, ,0.00,,46.10,13.70,0,8.09,48.8,1,0,0.00,0.00,0.00,12.00,0.00,0.00,0,0,0.00,0
2026-05-10 20:24:54,979.34,0,0,0,0,0,0,0,0.00,0,0.00,4.33,2.10,0.00,0.00,D,0.00,12.00,12.00,12.00,12.00, ,0.00,,47.70,13.70,0,9.11,49.4,1,0,0.00,0.00,0.00,12.00,0.00,0.00,0,0,0.00,0
2026-05-10 20:24:55,980.35,0,0,0,0,0,0,0,0.00,0,0.00,4.33,2.09,0.00,0.00,D,0.00,12.00,12.00,12.00,12.00, ,0.00,,50.10,13.80,0,10.12,49.9,1,0,0.00,0.00,0.00,12.00,0.00,0.00,0,0,0.00,0
2026-05-10 20:24:56,981.41,0,0,0,0,0,0,0,0.00,0,0.00,4.33,2.09,0.00,0.00,D,0.00,12.00,12.00,12.00,12.00, ,0.00,,40.10,13.60,0,11.19,50.5,1,0,0.00,0.00,0.00,12.00,0.00,0.00,0,0,0.00,0
2026-05-10 20:24:57,982.44,0,0,0,0,0,0,0,0.00,0,0.00,4.33,2.09,0.00,0.00,D,0.00,12.00,12.00,12.00,12.00, ,0.00,,49.20,13.60,0,12.21,49.9,1,0,0.00,0.00,0.00,12.00,0.00,0.00,0,0,0.00,0
2026-05-10 20:24:58,983.45,0,0,0,0,0,0,0,0.00,0,0.00,4.33,2.09,0.00,0.00,D,0.00,12.00,12.00,12.00,12.00, ,0.00,,41.50,13.50,0,13.22,51.0,1,0,0.00,0.00,0.00,12.00,0.00,0.00,0,0,0.00,0
2026-05-10 20:24:59,984.46,0,0,0,0,0,0,0,0.00,0,0.00,4.33,2.09,0.00,0.00,D,0.00,12.00,12.00,12.00,12.00, ,0.00,,45.00,13.60,0,14.23,50.5,1,0,0.00,0.00,0.00,12.00,0.00,0.00,0,0,0.00,0
2026-05-10 20:25:00,985.47,0,0,0,0,0,0,0,0.00,0,0.00,4.33,2.08,0.00,0.00,D,0.00,12.00,12.00,12.00,12.00, ,0.00,,43.40,13.40,0,15.24,49.9,1,0,0.00,0.00,0.00,12.00,0.00,0.00,0,0,0.00,0
2026-05-10 20:25:01,986.50,0,0,0,0,0,0,0,0.00,0,0.00,4.33,2.08,0.00,0.00,D,0.00,12.00,12.00,12.00,12.00, ,0.00,,52.30,13.40,0,16.28,49.9,1,0,0.00,0.00,0.00,12.00,0.00,0.00,0,0,0.00,0
2026-05-10 20:25:02,987.52,0,0,0,0,0,0,0,0.00,0,0.00,4.33,2.08,0.00,0.00,D,0.00,12.00,12.00,12.00,12.00, ,0.00,,42.60,13.40,0,17.29,50.5,1,0,0.00,0.00,0.00,12.00,0.00,0.00,0,0,0.00,0
2026-05-10 20:25:03,988.55,0,0,0,0,0,0,0,0.00,0,0.00,4.33,2.08,0.00,0.00,D,0.00,12.00,12.00,12.00,12.00, ,0.00,,51.80,13.60,0,18.33,48.8,1,0,0.00,0.00,0.00,12.00,0.00,0.00,0,0,0.00,0
2026-05-10 20:25:04,989.57,0,0,0,0,0,0,0,0.00,0,0.00,4.33,2.07,0.00,0.00,D,0.00,12.00,12.00,12.00,12.00, ,0.00,,44.90,13.60,0,19.34,49.4,1,0,0.00,0.00,0.00,12.00,0.00,0.00,0,0,0.00,0
2026-05-10 20:25:05,990.60,0,0,0,0,0,0,0,0.00,0,0.00,4.33,2.07,0.00,0.00,D,0.00,12.00,12.00,12.00,12.00, ,0.00,,42.90,13.40,0,20.37,50.5,1,0,0.00,0.00,0.00,12.00,0.00,0.00,0,0,0.00,0
2026-05-10 20:25:06,991.61,0,0,0,0,0,0,0,0.00,0,0.00,4.33,2.07,0.00,0.00,D,0.00,12.00,12.00,12.00,12.00, ,0.00,,51.90,13.30,0,21.38,49.4,1,0,0.00,0.00,0.00,12.00,0.00,0.00,0,0,0.00,0
2026-05-10 20:25:07,992.70,0,0,0,0,0,0,0,0.00,0,0.00,4.33,2.07,0.00,0.00,D,0.00,12.00,12.00,12.00,12.00, ,0.00,,52.00,13.50,0,22.47,50.5,1,0,0.00,0.00,0.00,12.00,0.00,0.00,0,0,0.00,0
2026-05-10 20:25:08,993.65,0,0,0,0,0,0,0,0.00,0,0.00,4.33,2.07,0.00,0.00,D,0.00,12.00,12.00,12.00,12.00, ,0.00,,49.20,13.50,0,23.43,51.6,1,0,0.00,0.00,0.00,12.00,0.00,0.00,0,0,0.00,0
2026-05-10 20:25:09,994.69,0,0,0,0,0,0,0,0.00,0,0.00,4.33,2.06,0.00,0.00,D,0.00,12.00,12.00,12.00,12.00, ,0.00,,41.90,13.30,0,24.46,48.8,1,0,0.00,0.00,0.00,12.00,0.00,0.00,0,0,0.00,0
2026-05-10 20:25:10,995.72,0,0,0,0,0,0,0,0.00,0,0.00,4.33,2.06,0.00,0.00,D,0.00,12.00,12.00,12.00,12.00, ,0.00,,52.70,13.40,0,25.50,51.0,1,0,0.00,0.00,0.00,12.00,0.00,0.00,0,0,0.00,0
2026-05-10 20:25:11,996.78,0,0,0,0,0,0,0,0.00,0,0.00,4.33,2.06,0.00,0.00,D,0.00,12.00,12.00,12.00,12.00, ,0.00,,45.90,13.40,0,26.55,49.9,1,0,0.00,0.00,0.00,12.00,0.00,0.00,0,0,0.00,0
2026-05-10 20:25:12,997.75,0,0,0,0,0,0,0,0.00,0,0.00,4.33,2.06,0.00,0.00,D,0.00,12.00,12.00,12.00,12.00, ,0.00,,52.50,13.50,0,27.52,49.9,1,0,0.00,0.00,0.00,12.00,0.00,0.00,0,0,0.00,0
2026-05-10 20:25:13,998.77,0,0,0,0,0,0,0,0.00,0,0.00,4.33,2.06,0.00,0.00,D,0.00,12.00,12.00,12.00,12.00, ,0.00,,46.30,13.50,0,28.54,47.7,1,0,0.00,0.00,0.00,12.00,0.00,0.00,0,0,0.00,0
2026-05-10 20:25:14,999.83,0,0,0,0,0,0,0,0.00,0,0.00,4.33,2.05,0.00,0.00,D,0.00,12.00,12.00,12.00,12.00, ,0.00,,43.30,13.30,0,29.60,49.4,1,0,0.00,0.00,0.00,12.00,0.00,0.00,0,0,0.00,0
2026-05-10 20:25:15,1000.81,0,0,0,0,0,0,0,0.00,0,0.00,4.33,2.05,0.00,0.00,D,0.00,12.00,12.00,12.00,12.00, ,0.00,,53.80,13.40,0,30.59,49.9,1,0,0.00,0.00,0.00,12.00,0.00,0.00,0,0,0.00,0
2026-05-10 20:25:16,1001.89,0,0,0,0,0,0,0,0.00,0,0.00,4.33,2.05,0.00,0.00,D,0.00,12.00,12.00,12.00,12.00, ,0.00,,46.80,13.40,0,31.66,50.5,1,0,0.00,0.00,0.00,12.00,0.00,0.00,0,0,0.00,0
2026-05-10 20:25:17,1002.85,0,0,0,0,0,0,0,0.00,0,0.00,4.33,2.05,0.00,0.00,D,0.00,12.00,12.00,12.00,12.00, ,0.00,,53.00,13.40,0,32.63,49.9,1,0,0.00,0.00,0.00,12.00,0.00,0.00,0,0,0.00,0
2026-05-10 20:25:18,1003.94,0,0,0,0,0,0,0,0.00,0,0.00,4.33,2.05,0.00,0.00,D,0.00,12.00,12.00,12.00,12.00, ,0.00,,51.80,13.40,0,33.71,49.4,1,0,0.00,0.00,0.00,12.00,0.00,0.00,0,0,0.00,0
2026-05-10 20:25:19,1004.87,0,0,0,0,0,0,0,0.00,0,0.00,4.33,2.04,0.00,0.00,D,0.00,12.00,12.00,12.00,12.00, ,0.00,,46.20,13.30,0,34.64,48.8,1,0,0.00,0.00,0.00,12.00,0.00,0.00,0,0,0.00,0
2026-05-10 20:25:20,1005.93,0,0,0,0,0,0,0,0.00,0,0.00,4.33,2.04,0.00,0.00,D,0.00,12.00,12.00,12.00,12.00, ,0.00,,55.50,13.50,0,35.71,51.0,1,0,0.00,0.00,0.00,12.00,0.00,0.00,0,0,0.00,0
2026-05-10 20:25:21,1006.90,0,0,0,0,0,0,0,0.00,0,0.00,4.33,2.04,0.00,0.00,D,0.00,12.00,12.00,12.00,12.00, ,0.00,,44.00,13.50,0,36.68,48.8,1,0,0.00,0.00,0.00,12.00,0.00,0.00,0,0,0.00,0
2026-05-10 20:25:22,1007.97,0,0,0,0,0,0,0,0.00,0,0.00,4.33,2.04,0.00,0.00,D,0.00,12.00,12.00,12.00,12.00, ,0.00,,46.10,13.60,0,37.74,48.8,1,0,0.00,0.00,0.00,12.00,0.00,0.00,0,0,0.00,0
2026-05-10 20:25:23,1008.94,0,0,0,0,0,0,0,0.00,0,0.00,4.33,2.03,0.00,0.00,D,0.00,12.00,12.00,12.00,12.00, ,0.00,,46.90,13.50,0,38.71,48.3,1,0,0.00,0.00,0.00,12.00,0.00,0.00,0,0,0.00,0
2026-05-10 20:25:24,1009.94,0,0,0,0,0,0,0,0.00,0,0.00,4.33,2.03,0.00,0.00,D,0.00,12.00,12.00,12.00,12.00, ,0.00,,45.20,13.40,0,39.71,49.9,1,0,0.00,0.00,0.00,12.00,0.00,0.00,0,0,0.00,0
2026-05-10 20:25:25,1010.98,0,0,0,0,0,0,0,0.00,0,0.00,4.33,2.03,0.00,0.00,D,0.00,12.00,12.00,12.00,12.00, ,0.00,,53.80,13.50,0,40.75,49.9,1,0,0.00,0.00,0.00,12.00,0.00,0.00,0,0,0.00,0
2026-05-10 20:25:26,1011.99,0,0,0,0,0,0,0,0.00,0,0.00,4.33,2.03,0.00,0.00,D,0.00,12.00,12.00,12.00,12.00, ,0.00,,47.80,13.60,0,41.76,49.9,1,0,0.00,0.00,0.00,12.00,0.00,0.00,0,0,0.00,0
2026-05-10 20:25:27,1012.98,0,0,0,0,0,0,0,0.00,0,0.00,4.33,2.03,0.00,0.00,D,0.00,12.00,12.00,12.00,12.00, ,0.00,,45.40,13.50,0,42.75,48.8,1,0,0.00,0.00,0.00,12.00,0.00,0.00,0,0,0.00,0
2026-05-10 20:25:28,1014.00,0,0,0,0,0,0,0,0.00,0,0.00,4.33,2.02,0.00,0.00,D,0.00,12.00,12.00,12.00,12.00, ,0.00,,53.80,13.40,0,43.78,48.8,1,0,0.00,0.00,0.00,12.00,0.00,0.00,0,0,0.00,0
2026-05-10 20:25:29,1015.04,0,0,0,0,0,0,0,0.00,0,0.00,4.33,2.02,0.00,0.00,D,0.00,12.00,12.00,12.00,12.00, ,0.00,,44.40,13.30,0,44.81,51.0,1,0,0.00,0.00,0.00,12.00,0.00,0.00,0,0,0.00,0
2026-05-10 20:25:30,1016.06,0,0,0,0,0,0,0,0.00,0,0.00,4.33,2.02,0.00,0.00,D,0.00,12.00,12.00,12.00,12.00, ,0.00,,55.80,13.60,0,45.83,49.9,1,0,0.00,0.00,0.00,12.00,0.00,0.00,0,0,0.00,0
2026-05-10 20:25:32,1017.06,0,0,0,0,0,0,0,0.00,0,0.00,4.33,2.02,0.00,0.00,D,0.00,12.00,12.00,12.00,12.00, ,0.00,,46.40,13.40,0,46.83,47.7,1,0,0.00,0.00,0.00,12.00,0.00,0.00,0,0,0.00,0
2026-05-10 20:25:33,1018.13,0,0,0,0,0,0,0,0.00,0,0.00,4.33,2.02,0.00,0.00,D,0.00,12.00,12.00,12.00,12.00, ,0.00,,57.70,13.20,0,47.90,49.4,1,0,0.00,0.00,0.00,12.00,0.00,0.00,0,0,0.00,0
2026-05-10 20:25:34,1019.14,0,0,0,0,0,0,0,0.00,0,0.00,4.33,2.01,0.00,0.00,D,0.00,12.00,12.00,12.00,12.00, ,0.00,,49.00,13.20,0,48.92,47.7,1,0,0.00,0.00,0.00,12.00,0.00,0.00,0,0,0.00,0
2026-05-10 20:25:35,1020.26,0,0,0,0,0,0,0,0.00,0,0.00,4.33,2.01,0.00,0.00,D,0.00,12.00,12.00,12.00,12.00, ,0.00,,52.10,13.50,0,50.04,47.7,1,0,0.00,0.00,0.00,12.00,0.00,0.00,0,0,0.00,0
2026-05-10 20:25:36,1021.20,0,0,0,0,0,0,0,0.00,0,0.00,4.33,2.01,0.00,0.00,D,0.00,12.00,12.00,12.00,12.00, ,0.00,,48.50,13.60,0,50.98,50.5,1,0,0.00,0.00,0.00,12.00,0.00,0.00,0,0,0.00,0
2026-05-10 20:25:37,1022.18,0,0,0,0,0,0,0,0.00,0,0.00,4.33,2.01,0.00,0.00,D,0.00,12.00,12.00,12.00,12.00, ,0.00,,47.60,13.50,0,51.95,49.4,1,0,0.00,0.00,0.00,12.00,0.00,0.00,0,0,0.00,0
2026-05-10 20:25:38,1023.30,0,0,0,0,0,0,0,0.00,0,1.00,4.33,2.01,0.01,0.23,D,0.00,12.00,12.00,12.00,12.00, ,0.00,,54.30,13.50,0,0.19,47.7,1,0,0.00,0.00,0.00,12.00,0.00,0.00,0,0,0.00,0
2026-05-10 20:25:39,1024.21,1,0,0,0,0,0,0,0.10,0,1.00,4.33,2.00,0.19,0.69,D,0.00,12.00,12.00,12.00,12.00, ,5.77,,45.20,13.40,0,0.00,49.9,1,0,0.00,0.00,0.00,12.00,0.10,1.00,0,0,0.00,0
2026-05-10 20:25:40,1025.24,1,0,0,0,0,0,0,0.08,0,1.00,4.33,2.00,2.64,1.00,D,0.00,12.00,12.00,12.00,12.00, ,4.61,,57.40,13.50,0,0.00,48.3,1,0,0.00,0.00,0.00,12.00,0.08,1.00,0,0,0.00,0
2026-05-10 20:25:41,1026.33,1,0,0,0,0,0,0,0.07,0,1.00,4.33,2.01,3.58,1.00,D,0.00,12.00,12.00,12.00,12.00, ,4.26,,51.20,13.50,0,0.00,49.4,1,0,0.00,0.00,0.00,12.00,0.07,1.00,0,0,0.00,0
2026-05-10 20:25:42,1027.38,1,0,0,0,0,0,0,-0.03,0,1.00,4.33,2.01,3.59,1.00,D,0.00,12.00,12.00,12.00,12.00, ,-1.51,,54.20,13.30,0,0.00,49.4,1,0,0.00,0.00,0.00,12.00,-0.03,1.00,0,0,0.00,0
2026-05-10 20:25:43,1028.38,1,0,0,0,0,0,0,0.09,0,1.00,4.33,2.01,3.58,1.00,D,0.00,12.00,12.00,12.00,12.00, ,5.47,,61.50,13.60,0,0.00,49.9,1,0,0.00,0.00,0.00,12.00,0.09,1.00,0,0,0.00,0
2026-05-10 20:25:44,1029.46,1,0,0,0,0,0,0,0.19,0,1.00,4.33,2.01,3.63,1.00,D,0.00,12.00,12.00,12.00,12.00, ,11.25,,50.20,13.40,0,0.00,49.4,1,0,0.00,0.00,0.00,12.00,0.19,1.00,0,0,0.00,0
2026-05-10 20:25:45,1030.42,1,0,0,0,0,0,0,-0.07,0,1.00,4.33,2.01,3.55,1.00,D,0.00,12.00,12.00,12.00,12.00, ,-4.37,,54.70,13.50,0,0.00,49.4,1,0,0.00,0.00,0.00,12.00,-0.07,1.00,0,0,0.00,0
2026-05-10 20:25:46,1031.43,1,0,0,0,0,0,0,0.10,0,1.00,4.33,2.01,3.56,1.00,D,0.00,12.00,12.00,12.00,12.00, ,6.26,,51.80,13.30,0,0.00,49.4,1,0,0.00,0.00,0.00,12.00,0.10,1.00,0,0,0.00,0
2026-05-10 20:25:47,1032.46,1,0,0,0,0,0,0,0.18,0,1.00,4.33,2.01,3.63,1.00,D,0.00,12.00,12.00,12.00,12.00, ,10.66,,61.80,13.50,0,0.00,51.0,1,0,0.00,0.00,0.00,12.00,0.18,1.00,0,0,0.00,0
2026-05-10 20:25:48,1033.50,1,0,0,0,0,0,0,-0.01,0,1.00,4.33,2.02,3.65,1.00,D,0.00,12.00,12.00,12.00,12.00, ,-0.82,,50.30,13.40,0,0.00,49.9,1,0,0.00,0.00,0.00,12.00,-0.01,1.00,0,0,0.00,0
2026-05-10 20:25:49,1034.57,1,0,0,0,0,0,0,-0.04,0,1.00,4.33,2.02,3.54,1.00,D,0.00,12.00,12.00,12.00,12.00, ,-2.56,,53.90,13.40,0,0.00,48.8,1,0,0.00,0.00,0.00,12.00,-0.04,1.00,0,0,0.00,0
2026-05-10 20:25:50,1035.59,1,0,0,0,0,0,0,0.13,0,1.00,4.33,2.02,3.63,1.00,D,0.00,12.00,12.00,12.00,12.00, ,7.60,,57.60,13.70,0,0.00,48.8,1,0,0.00,0.00,0.00,12.00,0.13,1.00,0,0,0.00,0
2026-05-10 20:25:51,1036.60,1,0,0,0,0,0,0,0.12,0,1.00,4.33,2.02,3.70,1.00,D,0.00,12.00,12.00,12.00,12.00, ,6.93,,54.10,13.60,0,0.00,49.9,1,0,0.00,0.00,0.00,12.00,0.12,1.00,0,0,0.00,0
2026-05-10 20:25:52,1037.57,1,0,0,0,0,0,0,0.12,0,1.00,4.33,2.02,3.62,1.00,D,0.00,12.00,12.00,12.00,12.00, ,7.34,,63.10,13.50,0,0.00,51.0,1,0,0.00,0.00,0.00,12.00,0.12,1.00,0,0,0.00,0
2026-05-10 20:25:53,1038.57,1,0,0,0,0,0,0,-0.02,0,1.00,4.33,2.02,3.52,1.00,D,0.00,12.00,12.00,12.00,12.00, ,-1.37,,48.20,13.50,0,0.00,49.9,1,0,0.00,0.00,0.00,12.00,-0.02,1.00,0,0,0.00,0
2026-05-10 20:25:54,1039.59,1,0,0,0,0,0,0,0.18,0,1.00,4.33,2.03,3.63,1.00,D,0.00,12.00,12.00,12.00,12.00, ,10.53,,46.00,13.30,0,0.00,51.0,1,0,0.00,0.00,0.00,12.00,0.18,1.00,0,0,0.00,0
2026-05-10 20:25:55,1040.64,1,0,0,0,0,0,0,0.23,0,1.00,4.33,2.03,3.65,1.00,D,0.00,12.00,12.00,12.00,12.00, ,14.04,,53.10,13.30,0,0.00,49.9,1,0,0.00,0.00,0.00,12.00,0.23,1.00,0,0,0.00,0
2026-05-10 20:25:56,1041.69,1,0,0,0,0,0,0,0.08,0,1.00,4.33,2.03,3.46,1.00,D,0.00,12.00,12.00,12.00,12.00, ,4.65,,56.10,13.50,0,0.00,51.0,1,0,0.00,0.00,0.00,12.00,0.08,1.00,0,0,0.00,0
2026-05-10 20:25:57,1042.71,1,0,0,0,0,0,0,0.47,0,1.00,4.33,2.03,3.55,1.00,D,0.00,12.00,12.00,12.00,12.00, ,28.02,,54.10,13.60,0,0.00,48.8,1,0,0.00,0.00,0.00,12.00,0.47,1.00,0,0,0.00,0
2026-05-10 20:25:58,1043.72,1,0,0,0,0,0,0,-0.05,0,1.00,4.33,2.03,3.44,1.00,D,0.00,12.00,12.00,12.00,12.00, ,-2.98,,49.90,13.40,0,0.00,51.6,1,0,0.00,0.00,0.00,12.00,-0.05,1.00,0,0,0.00,0
2026-05-10 20:25:59,1044.84,1,0,0,0,0,0,0,0.15,0,1.00,4.33,2.03,3.62,1.00,D,0.00,12.00,12.00,12.00,12.00, ,8.95,,62.10,13.50,0,0.00,51.0,1,0,0.00,0.00,0.00,12.00,0.15,1.00,0,0,0.00,0
2026-05-10 20:26:00,1045.80,1,0,0,0,0,0,0,-0.01,0,1.00,4.33,2.03,3.66,1.00,D,0.00,12.00,12.00,12.00,12.00, ,-0.53,,46.60,13.50,0,0.00,49.9,1,0,0.00,0.00,0.00,12.00,-0.01,1.00,0,0,0.00,0
2026-05-10 20:26:01,1046.81,1,0,0,0,0,0,0,0.06,0,1.00,4.33,2.04,3.60,1.00,D,0.00,12.00,12.00,12.00,12.00, ,3.56,,48.20,13.50,0,0.00,51.0,1,0,0.00,0.00,0.00,12.00,0.06,1.00,0,0,0.00,0
2026-05-10 20:26:02,1047.81,1,0,0,0,0,0,0,0.11,0,1.00,4.33,2.04,3.60,1.00,D,0.00,12.00,12.00,12.00,12.00, ,6.77,,48.80,13.40,0,0.00,50.5,1,0,0.00,0.00,0.00,12.00,0.11,1.00,0,0,0.00,0
2026-05-10 20:26:03,1048.83,1,0,0,0,0,0,0,-0.00,0,1.00,4.33,2.04,3.56,1.00,D,0.00,12.00,12.00,12.00,12.00, ,-0.04,,59.80,13.10,0,0.00,49.9,1,0,0.00,0.00,0.00,12.00,-0.00,1.00,0,0,0.00,0
2026-05-10 20:26:04,1049.88,1,0,0,0,0,0,0,0.12,0,1.00,4.33,2.04,3.63,1.00,D,0.00,12.00,12.00,12.00,12.00, ,6.96,,55.40,13.20,0,0.00,49.9,1,0,0.00,0.00,0.00,12.00,0.12,1.00,0,0,0.00,0
2026-05-10 20:26:05,1050.85,1,0,0,0,0,0,0,0.17,0,1.00,4.33,2.04,3.63,1.00,D,0.00,12.00,12.00,12.00,12.00, ,10.25,,57.80,13.30,0,0.00,49.4,1,0,0.00,0.00,0.00,12.00,0.17,1.00,0,0,0.00,0
2026-05-10 20:26:06,1051.89,1,0,0,0,0,0,0,0.07,0,1.00,4.33,2.04,3.58,1.00,D,0.00,12.00,12.00,12.00,12.00, ,3.98,,58.00,13.40,0,0.00,50.5,1,0,0.00,0.00,0.00,12.00,0.07,1.00,0,0,0.00,0
2026-05-10 20:26:07,1052.96,1,0,0,0,0,0,0,0.12,0,1.00,4.33,2.05,3.61,1.00,D,0.00,12.00,12.00,12.00,12.00, ,6.93,,49.90,13.30,0,0.00,50.5,1,0,0.00,0.00,0.00,12.00,0.12,1.00,0,0,0.00,0
2026-05-10 20:26:08,1053.98,1,0,0,0,0,0,0,0.18,0,1.00,4.33,2.05,3.60,1.00,D,0.00,12.00,12.00,12.00,12.00, ,10.93,,60.70,13.50,0,0.00,51.0,1,0,0.00,0.00,0.00,12.00,0.18,1.00,0,0,0.00,0
2026-05-10 20:26:09,1054.94,1,0,0,0,0,0,0,0.00,0,1.00,4.33,2.05,3.54,1.00,D,0.00,12.00,12.00,12.00,12.00, ,0.10,,51.70,13.40,0,0.00,48.8,1,0,0.00,0.00,0.00,12.00,0.00,1.00,0,0,0.00,0
2026-05-10 20:26:10,1056.03,1,0,0,0,0,0,0,0.21,0,1.00,4.33,2.05,3.63,1.00,D,0.00,12.00,12.00,12.00,12.00, ,12.35,,61.50,13.40,0,0.00,49.9,1,0,0.00,0.00,0.00,12.00,0.21,1.00,0,0,0.00,0
2026-05-10 20:26:12,1057.07,1,0,0,0,0,0,0,-0.04,0,1.00,4.33,2.05,3.60,1.00,D,0.00,12.00,12.00,12.00,12.00, ,-2.48,,54.00,13.30,0,0.00,49.4,1,0,0.00,0.00,0.00,12.00,-0.04,1.00,0,0,0.00,0
2026-05-10 20:26:13,1058.06,1,0,0,0,0,0,0,-0.10,0,1.00,4.33,2.05,3.59,1.00,D,0.00,12.00,12.00,12.00,12.00, ,-6.09,,62.80,13.50,0,0.00,51.0,1,0,0.00,0.00,0.00,12.00,-0.10,1.00,0,0,0.00,0
2026-05-10 20:26:13,1059.04,1,0,0,0,0,0,0,0.09,0,1.00,4.33,2.05,3.59,1.00,D,0.00,12.00,12.00,12.00,12.00, ,5.22,,48.50,13.40,0,0.00,49.4,1,0,0.00,0.00,0.00,12.00,0.09,1.00,0,0,0.00,0
2026-05-10 20:26:15,1060.13,1,0,0,0,0,0,0,0.18,0,1.00,4.33,2.06,3.61,1.00,D,0.00,12.00,12.00,12.00,12.00, ,10.56,,60.80,13.40,0,0.00,47.7,1,0,0.00,0.00,0.00,12.00,0.18,1.00,0,0,0.00,0
2026-05-10 20:26:16,1061.27,1,0,0,0,0,0,0,0.53,0,1.00,4.33,2.06,3.58,1.00,D,0.00,12.00,12.00,12.00,12.00, ,31.71,,48.90,13.40,0,0.00,48.8,1,0,0.00,0.00,0.00,12.00,0.53,1.00,0,0,0.00,0
2026-05-10 20:26:17,1062.17,1,0,0,0,0,0,0,0.04,0,1.00,4.33,2.06,3.31,1.00,D,0.00,12.00,12.00,12.00,12.00, ,2.44,,61.00,13.50,0,0.00,49.9,1,0,0.00,0.00,0.00,12.00,0.04,1.00,0,0,0.00,0
2026-05-10 20:26:18,1063.15,1,0,0,0,0,0,0,0.06,0,1.00,4.33,2.06,2.77,1.00,D,0.00,12.00,12.00,12.00,12.00, ,3.49,,55.20,13.30,0,0.00,50.5,1,0,0.00,0.00,0.00,12.00,0.06,1.00,0,0,0.00,0
2026-05-10 20:26:19,1064.19,0,0,0,1,0,0,0,0.63,0,1.00,4.33,2.06,0.13,-0.35,R,0.00,12.00,12.00,12.00,12.00, ,0.00,,65.30,13.40,0,0.02,49.4,1,0,0.00,0.00,0.00,12.00,0.00,0.00,0,0,0.00,0
2026-05-10 20:26:20,1065.33,0,0,0,0,0,0,0,0.67,0,1.00,4.33,2.06,0.67,-0.86,R,0.00,12.00,12.00,12.00,12.00, ,0.00,,49.80,13.30,0,0.00,49.4,1,0,0.00,0.00,0.00,12.00,0.00,0.00,0,0,0.00,0
2026-05-10 20:26:21,1066.25,0,0,0,0,0,0,0,0.00,0,1.00,4.33,2.06,2.85,-1.00,R,0.00,12.00,12.00,12.00,12.00, ,0.00,,59.70,13.60,0,0.00,49.9,1,0,0.00,0.00,0.00,12.00,0.00,0.00,0,0,0.00,0
2026-05-10 20:26:22,1067.36,0,0,0,0,0,0,0,0.55,0,1.00,4.33,2.06,3.28,-1.00,R,0.00,12.00,12.00,12.00,12.00, ,0.00,,65.70,13.50,0,0.00,51.0,1,0,0.00,0.00,0.00,12.00,0.00,0.00,0,0,0.00,0
2026-05-10 20:26:23,1068.27,0,0,0,0,0,0,0,0.00,0,1.00,4.33,2.06,3.74,-1.00,R,0.00,12.00,12.00,12.00,12.00, ,0.00,,55.40,13.40,0,0.00,51.0,1,0,0.00,0.00,0.00,12.00,0.00,0.00,0,0,0.00,0
2026-05-10 20:26:24,1069.29,0,0,0,0,0,0,0,0.00,0,1.00,4.33,2.06,3.84,-1.00,R,0.00,12.00,12.00,12.00,12.00, ,0.00,,52.90,13.20,0,0.00,51.0,1,0,0.00,0.00,0.00,12.00,0.00,0.00,0,0,0.00,0
2026-05-10 20:26:25,1070.30,0,0,1,0,0,0,0,0.59,0,1.00,4.33,2.06,0.07,0.03,D,0.00,12.00,12.00,12.00,12.00, ,0.00,,57.90,13.50,0,0.06,49.9,1,0,0.00,0.00,0.00,12.00,0.00,0.00,0,0,0.00,0
2026-05-10 20:26:26,1071.32,0,0,0,0,0,0,0,1.00,0,1.00,4.33,2.06,0.14,0.54,D,0.00,12.00,12.00,12.00,12.00, ,0.00,,49.70,13.50,0,0.00,49.9,1,0,0.00,0.00,0.00,12.00,0.00,0.00,0,0,0.00,0
2026-05-10 20:26:27,1072.34,0,0,0,0,0,0,0,0.00,0,1.00,4.33,2.06,1.89,1.00,D,0.00,12.00,12.00,12.00,12.00, ,0.00,,50.10,13.40,0,0.00,51.0,1,0,0.00,0.00,0.00,12.00,0.00,0.00,0,0,0.00,0
2026-05-10 20:26:28,1073.41,0,0,0,0,0,0,0,0.00,0,1.00,4.33,2.06,3.37,1.00,D,0.00,12.00,12.00,12.00,12.00, ,0.00,,60.50,13.40,0,0.00,51.0,1,0,0.00,0.00,0.00,12.00,0.00,0.00,0,0,0.00,0
2026-05-10 20:26:29,1074.42,0,0,0,0,0,0,0,0.00,0,1.00,4.33,2.06,3.54,1.00,D,0.00,12.00,12.00,12.00,12.00, ,0.00,,55.20,13.20,0,0.00,51.0,1,0,0.00,0.00,0.00,12.00,0.00,0.00,0,0,0.00,0
2026-05-10 20:26:30,1075.46,0,0,0,0,0,0,0,0.00,0,1.00,4.33,2.06,3.50,1.00,D,0.00,12.00,12.00,12.00,12.00, ,0.00,,66.60,13.30,0,0.00,50.5,1,0,0.00,0.00,0.00,12.00,0.00,0.00,0,0,0.00,0
2026-05-10 20:26:31,1076.43,0,0,0,0,0,0,0,1.00,0,0.00,4.33,2.06,3.58,0.93,D,0.00,12.00,12.00,12.00,12.00, ,0.00,,52.90,13.30,0,0.00,49.4,1,0,0.00,0.00,0.00,12.00,0.00,0.00,0,0,0.00,0
2026-05-10 20:26:32,1077.52,1,0,0,0,0,0,0,0.08,0,1.00,4.33,2.07,3.08,1.00,D,0.00,12.00,12.00,12.00,12.00, ,4.67,,54.70,13.20,0,0.00,50.5,1,0,0.00,0.00,0.00,12.00,0.08,1.00,0,0,0.00,0
2026-05-10 20:26:33,1078.53,1,0,0,0,0,0,0,0.00,0,1.00,4.33,2.07,3.58,1.00,D,0.00,12.00,12.00,12.00,12.00, ,0.00,,54.60,13.50,0,0.00,51.0,1,0,0.00,0.00,0.00,12.00,0.00,1.00,0,0,0.00,0
2026-05-10 20:26:34,1079.55,1,0,0,0,0,0,0,0.15,0,1.00,4.33,2.07,3.60,1.00,D,0.00,12.00,12.00,12.00,12.00, ,8.97,,53.20,13.30,0,0.00,50.5,1,0,0.00,0.00,0.00,12.00,0.15,1.00,0,0,0.00,0
2026-05-10 20:26:35,1080.61,1,0,0,0,0,0,0,0.13,0,1.00,4.33,2.07,3.58,1.00,D,0.00,12.00,12.00,12.00,12.00, ,7.82,,64.20,13.30,0,0.00,50.5,1,0,0.00,0.00,0.00,12.00,0.13,1.00,0,0,0.00,0
2026-05-10 20:26:36,1081.58,1,0,0,0,0,0,0,0.07,0,1.00,4.33,2.07,3.61,1.00,D,0.00,12.00,12.00,12.00,12.00, ,4.12,,54.00,13.30,0,0.00,51.0,1,0,0.00,0.00,0.00,12.00,0.07,1.00,0,0,0.00,0
2026-05-10 20:26:37,1082.69,1,0,0,0,0,0,0,0.06,0,1.00,4.33,2.07,3.63,1.00,D,0.00,12.00,12.00,12.00,12.00, ,3.89,,70.30,13.50,0,0.00,49.4,1,0,0.00,0.00,0.00,12.00,0.06,1.00,0,0,0.00,0
2026-05-10 20:26:38,1083.71,1,0,0,0,0,0,0,0.01,0,1.00,4.33,2.07,3.59,1.00,D,0.00,12.00,12.00,12.00,12.00, ,0.36,,58.50,13.40,0,0.00,48.3,1,0,0.00,0.00,0.00,12.00,0.01,1.00,0,0,0.00,0
2026-05-10 20:26:39,1084.76,1,0,0,0,0,0,0,0.07,0,1.00,4.33,2.08,3.58,1.00,D,0.00,12.00,12.00,12.00,12.00, ,4.46,,59.20,13.40,0,0.00,48.3,1,0,0.00,0.00,0.00,12.00,0.07,1.00,0,0,0.00,0
2026-05-10 20:26:40,1085.76,1,0,0,0,0,0,0,0.13,0,1.00,4.33,2.08,3.64,1.00,D,0.00,12.00,12.00,12.00,12.00, ,7.56,,65.10,13.50,0,0.00,49.9,1,0,0.00,0.00,0.00,12.00,0.13,1.00,0,0,0.00,0
2026-05-10 20:26:41,1086.74,1,0,0,0,0,0,0,0.08,0,1.00,4.33,2.08,3.63,1.00,D,0.00,12.00,12.00,12.00,12.00, ,4.74,,59.70,13.40,0,0.00,49.9,1,0,0.00,0.00,0.00,12.00,0.08,1.00,0,0,0.00,0
2026-05-10 20:26:42,1087.83,1,0,0,0,0,0,0,0.10,0,1.00,4.33,2.08,3.63,1.00,D,0.00,12.00,12.00,12.00,12.00, ,5.86,,66.30,13.60,0,0.01,51.0,1,0,0.00,0.00,0.00,12.00,0.10,1.00,0,0,0.00,0
2026-05-10 20:26:43,1088.87,1,0,0,0,0,0,0,-0.03,0,1.00,4.33,2.08,3.60,1.00,D,0.00,12.00,12.00,12.00,12.00, ,-1.52,,52.80,13.60,0,0.00,49.9,1,0,0.00,0.00,0.00,12.00,-0.03,1.00,0,0,0.00,0
2026-05-10 20:26:44,1089.87,1,0,0,0,0,0,0,0.00,0,1.00,4.33,2.08,3.60,1.00,D,0.00,12.00,12.00,12.00,12.00, ,0.03,,57.80,13.50,0,0.00,48.8,1,0,0.00,0.00,0.00,12.00,0.00,1.00,0,0,0.00,0
2026-05-10 20:26:45,1090.95,1,0,0,0,0,0,0,0.05,0,1.00,4.33,2.08,3.63,1.00,D,0.00,12.00,12.00,12.00,12.00, ,3.22,,64.10,13.60,0,0.00,50.5,1,0,0.00,0.00,0.00,12.00,0.05,1.00,0,0,0.00,0
2026-05-10 20:26:46,1091.96,1,0,0,0,0,0,0,0.24,0,1.00,4.33,2.09,3.63,1.00,D,0.00,12.00,12.00,12.00,12.00, ,14.60,,58.50,13.50,0,0.00,50.5,1,0,0.00,0.00,0.00,12.00,0.24,1.00,0,0,0.00,0
2026-05-10 20:26:47,1092.96,1,0,0,0,0,0,0,0.09,0,1.00,4.33,2.09,3.66,1.00,D,0.00,12.00,12.00,12.00,12.00, ,5.21,,54.00,13.50,0,0.00,50.5,1,0,0.00,0.00,0.00,12.00,0.09,1.00,0,0,0.00,0
2026-05-10 20:26:48,1094.00,1,0,0,0,0,0,0,-0.16,0,1.00,4.33,2.09,3.55,1.00,D,0.00,12.00,12.00,12.00,12.00, ,-9.44,,71.20,13.50,0,0.00,48.8,1,0,0.00,0.00,0.00,12.00,-0.16,1.00,0,0,0.00,0
2026-05-10 20:26:49,1094.97,1,0,0,0,0,0,0,0.18,0,1.00,4.33,2.09,3.59,1.00,D,0.00,12.00,12.00,12.00,12.00, ,11.01,,60.40,13.50,0,0.00,49.9,1,0,0.00,0.00,0.00,12.00,0.18,1.00,0,0,0.00,0
2026-05-10 20:26:51,1096.13,1,0,0,0,0,0,0,0.12,0,1.00,4.33,2.09,3.61,1.00,D,0.00,12.00,12.00,12.00,12.00, ,7.07,,58.50,13.40,0,0.00,49.9,1,0,0.00,0.00,0.00,12.00,0.12,1.00,0,0,0.00,0
2026-05-10 20:26:51,1097.04,1,0,0,0,0,0,0,0.17,0,1.00,4.33,2.09,3.63,1.00,D,0.00,12.00,12.00,12.00,12.00, ,10.44,,70.80,13.20,0,0.00,49.4,1,0,0.00,0.00,0.00,12.00,0.17,1.00,0,0,0.00,0
2026-05-10 20:26:53,1098.09,1,0,0,0,0,0,0,0.20,0,1.00,4.33,2.09,3.59,1.00,D,0.00,12.00,12.00,12.00,12.00, ,12.22,,62.40,13.40,0,0.00,49.4,1,0,0.00,0.00,0.00,12.00,0.20,1.00,0,0,0.00,0
2026-05-10 20:26:54,1099.15,1,0,0,0,0,0,0,-0.04,0,1.00,4.33,2.10,3.60,1.00,D,0.00,12.00,12.00,12.00,12.00, ,-2.24,,62.70,13.20,0,0.00,48.3,1,0,0.00,0.00,0.00,12.00,-0.04,1.00,0,0,0.00,0
2026-05-10 20:26:55,1100.23,1,0,0,0,0,0,0,-0.01,0,1.00,4.33,2.10,3.63,1.00,D,0.00,12.00,12.00,12.00,12.00, ,-0.82,,67.10,13.30,0,0.00,49.9,1,0,0.00,0.00,0.00,12.00,-0.01,1.00,0,0,0.00,0
2026-05-10 20:26:56,1101.17,1,0,0,0,0,0,0,0.39,0,1.00,4.33,2.10,3.94,1.00,D,0.00,12.00,12.00,12.00,12.00, ,23.59,,57.30,13.20,0,0.00,49.9,1,0,0.00,0.00,0.00,12.00,0.39,1.00,0,0,0.00,0
2026-05-10 20:26:57,1102.21,1,0,0,0,0,0,0,-0.28,0,1.00,4.33,2.10,3.50,1.00,D,0.00,12.00,12.00,12.00,12.00, ,-16.77,,60.50,13.50,0,0.00,51.6,1,0,0.00,0.00,0.00,12.00,-0.28,1.00,0,0,0.00,0
2026-05-10 20:26:58,1103.23,1,0,0,0,0,0,0,0.11,0,1.00,4.33,2.10,3.62,1.00,D,0.00,12.00,12.00,12.00,12.00, ,6.65,,54.70,13.40,0,0.00,49.4,1,0,0.00,0.00,0.00,12.00,0.11,1.00,0,0,0.00,0
2026-05-10 20:26:59,1104.24,1,0,0,0,0,0,0,0.37,0,1.00,4.33,2.10,3.82,1.00,D,0.00,12.00,12.00,12.00,12.00, ,21.92,,69.60,13.40,0,0.00,49.4,1,0,0.00,0.00,0.00,12.00,0.37,1.00,0,0,0.00,0
2026-05-10 20:27:00,1105.34,1,0,0,0,0,0,0,0.13,0,1.00,4.33,2.10,3.66,1.00,D,0.00,12.00,12.00,12.00,12.00, ,7.58,,59.10,13.30,0,0.00,49.4,1,0,0.00,0.00,0.00,12.00,0.13,1.00,0,0,0.00,0
2026-05-10 20:27:01,1106.30,1,0,0,0,0,0,0,0.03,0,1.00,4.33,2.11,3.67,1.00,D,0.00,12.00,12.00,12.00,12.00, ,1.94,,65.20,13.50,0,0.00,49.4,1,0,0.00,0.00,0.00,12.00,0.03,1.00,0,0,0.00,0
2026-05-10 20:27:02,1107.35,1,0,0,0,0,0,0,0.12,0,1.00,4.33,2.11,3.69,1.00,D,0.00,12.00,12.00,12.00,12.00, ,7.42,,59.70,13.40,0,0.00,48.8,1,0,0.00,0.00,0.00,12.00,0.12,1.00,0,0,0.00,0
2026-05-10 20:27:03,1108.41,1,0,0,0,0,0,0,0.08,0,1.00,4.33,2.11,3.76,1.00,D,0.00,12.00,12.00,12.00,12.00, ,4.73,,70.10,13.60,0,0.00,50.5,1,0,0.00,0.00,0.00,12.00,0.08,1.00,0,0,0.00,0
2026-05-10 20:27:04,1109.45,1,0,0,0,0,0,0,0.04,0,1.00,4.33,2.11,3.59,1.00,D,0.00,12.00,12.00,12.00,12.00, ,2.15,,52.50,13.40,0,0.00,49.4,1,0,0.00,0.00,0.00,12.00,0.04,1.00,0,0,0.00,0
2026-05-10 20:27:05,1110.51,1,0,0,0,0,0,0,0.14,0,1.00,4.33,2.11,3.66,1.00,D,0.00,12.00,12.00,12.00,12.00, ,8.37,,65.70,13.50,0,0.00,48.3,1,0,0.00,0.00,0.00,12.00,0.14,1.00,0,0,0.00,0
2026-05-10 20:27:06,1111.48,1,0,0,0,0,0,0,-0.04,0,1.00,4.33,2.11,3.64,1.00,D,0.00,12.00,12.00,12.00,12.00, ,-2.57,,59.70,13.40,0,0.00,49.9,1,0,0.00,0.00,0.00,12.00,-0.04,1.00,0,0,0.00,0
2026-05-10 20:27:07,1112.55,1,0,0,0,0,0,0,-0.23,0,1.00,4.33,2.11,3.63,1.00,D,0.00,12.00,12.00,12.00,12.00, ,-13.60,,63.40,13.40,0,0.00,48.3,1,0,0.00,0.00,0.00,12.00,-0.23,1.00,0,0,0.00,0
2026-05-10 20:27:08,1113.51,1,0,0,0,0,0,0,0.12,0,1.00,4.33,2.12,3.60,1.00,D,0.00,12.00,12.00,12.00,12.00, ,7.34,,68.70,13.40,0,0.00,49.9,1,0,0.00,0.00,0.00,12.00,0.12,1.00,0,0,0.00,0
2026-05-10 20:27:09,1114.58,1,0,0,0,0,0,0,0.02,0,1.00,4.33,2.12,3.66,1.00,D,0.00,12.00,12.00,12.00,12.00, ,1.39,,62.00,13.30,0,0.00,49.9,1,0,0.00,0.00,0.00,12.00,0.02,1.00,0,0,0.00,0
2026-05-10 20:27:10,1115.62,1,0,0,0,0,0,0,0.07,0,1.00,4.33,2.12,3.61,1.00,D,0.00,12.00,12.00,12.00,12.00, ,4.50,,70.30,13.20,0,0.00,48.8,1,0,0.00,0.00,0.00,12.00,0.07,1.00,0,0,0.00,0
2026-05-10 20:27:11,1116.65,1,0,0,0,0,0,0,0.19,0,1.00,4.33,2.12,3.48,1.00,D,0.00,12.00,12.00,12.00,12.00, ,11.48,,70.70,13.50,0,0.00,50.5,1,0,0.00,0.00,0.00,12.00,0.19,1.00,0,0,0.00,0
2026-05-10 20:27:12,1117.65,1,0,0,0,0,0,0,0.07,0,1.00,4.33,2.12,3.57,1.00,D,0.00,12.00,12.00,12.00,12.00, ,4.08,,62.20,13.20,0,0.00,48.3,1,0,0.00,0.00,0.00,12.00,0.07,1.00,0,0,0.00,0
2026-05-10 20:27:13,1118.78,1,0,0,0,0,0,0,-0.02,0,1.00,4.33,2.12,3.49,1.00,D,0.00,12.00,12.00,12.00,12.00, ,-1.31,,70.30,13.50,0,0.00,49.9,1,0,0.00,0.00,0.00,12.00,-0.02,1.00,0,0,0.00,0
2026-05-10 20:27:14,1119.85,1,0,0,0,0,0,0,0.05,0,1.00,4.33,2.12,3.44,1.00,D,0.00,12.00,12.00,12.00,12.00, ,3.21,,59.30,13.40,0,0.00,48.8,1,0,0.00,0.00,0.00,12.00,0.05,1.00,0,0,0.00,0
2026-05-10 20:27:15,1120.79,1,0,0,0,0,0,0,0.18,0,1.00,4.33,2.12,3.47,1.00,D,0.00,12.00,12.00,12.00,12.00, ,10.75,,73.70,13.40,0,0.00,50.5,1,0,0.00,0.00,0.00,12.00,0.18,1.00,0,0,0.00,0
2026-05-10 20:27:16,1121.79,1,0,0,0,0,0,0,0.19,0,1.00,4.33,2.13,3.54,1.00,D,0.00,12.00,12.00,12.00,12.00, ,11.10,,62.00,13.30,0,0.00,49.4,1,0,0.00,0.00,0.00,12.00,0.19,1.00,0,0,0.00,0
2026-05-10 20:27:17,1122.78,1,0,0,0,0,0,0,0.04,0,1.00,4.33,2.13,3.52,1.00,D,0.00,12.00,12.00,12.00,12.00, ,2.43,,70.40,13.40,0,0.00,50.5,1,0,0.00,0.00,0.00,12.00,0.04,1.00,0,0,0.00,0
2026-05-10 20:27:18,1123.87,1,0,0,0,0,0,0,-0.00,0,1.00,4.33,2.13,3.48,1.00,D,0.00,12.00,12.00,12.00,12.00, ,-0.21,,63.10,13.30,0,0.00,49.9,1,0,0.00,0.00,0.00,12.00,-0.00,1.00,0,0,0.00,0
2026-05-10 20:27:19,1124.94,1,0,0,0,0,0,0,0.09,0,1.00,4.33,2.13,3.29,1.00,D,0.00,12.00,12.00,12.00,12.00, ,5.15,,71.90,13.40,0,0.00,48.8,1,0,0.00,0.00,0.00,12.00,0.09,1.00,0,0,0.00,0
2026-05-10 20:27:21,1126.06,1,0,0,0,0,0,0,0.16,0,1.00,4.33,2.13,3.47,1.00,D,0.00,12.00,12.00,12.00,12.00, ,9.55,,60.40,13.20,0,0.00,48.8,1,0,0.00,0.00,0.00,12.00,0.16,1.00,0,0,0.00,0
2026-05-10 20:27:21,1126.96,1,0,0,0,0,0,0,0.10,0,1.00,4.33,2.13,3.44,1.00,D,0.00,12.00,12.00,12.00,12.00, ,6.13,,73.60,13.40,0,0.00,49.9,1,0,0.00,0.00,0.00,12.00,0.10,1.00,0,0,0.00,0
2026-05-10 20:27:22,1127.98,1,0,0,0,0,0,0,0.02,0,1.00,4.33,2.13,3.28,1.00,D,0.00,12.00,12.00,12.00,12.00, ,1.19,,66.10,13.20,0,0.00,49.4,1,0,0.00,0.00,0.00,12.00,0.02,1.00,0,0,0.00,0
2026-05-10 20:27:24,1129.07,1,0,0,0,0,0,0,0.11,0,1.00,4.33,2.13,3.37,1.00,D,0.00,12.00,12.00,12.00,12.00, ,6.66,,67.90,13.40,0,0.00,51.0,1,0,0.00,0.00,0.00,12.00,0.11,1.00,0,0,0.00,0
2026-05-10 20:27:24,1130.05,1,0,0,0,0,0,0,0.22,0,1.00,4.33,2.14,3.43,1.00,D,0.00,12.00,12.00,12.00,12.00, ,13.21,,67.20,13.40,0,0.00,50.5,1,0,0.00,0.00,0.00,12.00,0.22,1.00,0,0,0.00,0
2026-05-10 20:27:26,1131.22,1,0,0,0,0,0,0,-0.01,0,1.00,4.33,2.14,3.42,1.00,D,0.00,12.00,12.00,12.00,12.00, ,-0.85,,66.40,13.50,0,0.00,50.5,1,0,0.00,0.00,0.00,12.00,-0.01,1.00,0,0,0.00,0
2026-05-10 20:27:27,1132.18,1,0,0,0,0,0,0,0.03,0,1.00,4.33,2.14,3.31,1.00,D,0.00,12.00,12.00,12.00,12.00, ,1.63,,70.40,13.50,0,0.00,48.8,1,0,0.00,0.00,0.00,12.00,0.03,1.00,0,0,0.00,0
2026-05-10 20:27:28,1133.24,1,0,0,0,0,0,0,0.05,0,1.00,4.33,2.14,3.37,1.00,D,0.00,12.00,12.00,12.00,12.00, ,3.03,,70.10,13.50,0,0.00,48.8,1,0,0.00,0.00,0.00,12.00,0.05,1.00,0,0,0.00,0
2026-05-10 20:27:29,1134.20,1,0,0,0,0,0,0,0.03,0,1.00,4.33,2.14,3.33,1.00,D,0.00,12.00,12.00,12.00,12.00, ,1.68,,72.20,13.90,0,0.00,48.8,1,0,0.00,0.00,0.00,12.00,0.03,1.00,0,0,0.00,0
2026-05-10 20:27:30,1135.27,1,0,0,0,0,0,0,0.04,0,1.00,4.33,2.14,3.30,1.00,D,0.00,12.00,12.00,12.00,12.00, ,2.58,,65.00,13.70,0,0.00,48.8,1,0,0.00,0.00,0.00,12.00,0.04,1.00,0,0,0.00,0
2026-05-10 20:27:31,1136.24,1,0,0,0,0,0,0,0.13,0,1.00,4.33,2.14,3.37,1.00,D,0.00,12.00,12.00,12.00,12.00, ,7.80,,75.10,13.90,0,0.00,50.5,1,0,0.00,0.00,0.00,12.00,0.13,1.00,0,0,0.00,0
2026-05-10 20:27:32,1137.28,1,0,0,0,0,0,0,0.08,0,1.00,4.33,2.14,3.41,1.00,D,0.00,12.00,12.00,12.00,12.00, ,4.65,,60.10,13.80,0,0.00,48.8,1,0,0.00,0.00,0.00,12.00,0.08,1.00,0,0,0.00,0
2026-05-10 20:27:33,1138.34,1,0,0,0,0,0,0,0.02,0,1.00,4.33,2.14,3.42,1.00,D,0.00,12.00,12.00,12.00,12.00, ,1.11,,75.50,13.50,0,0.00,51.0,1,0,0.00,0.00,0.00,12.00,0.02,1.00,0,0,0.00,0
2026-05-10 20:27:34,1139.45,1,0,0,0,0,0,0,0.01,0,1.00,4.33,2.15,3.44,1.00,D,0.00,12.00,12.00,12.00,12.00, ,0.38,,70.70,13.40,0,0.00,49.4,1,0,0.00,0.00,0.00,12.00,0.01,1.00,0,0,0.00,0
2026-05-10 20:27:35,1140.39,1,0,0,0,0,0,0,0.03,0,1.00,4.33,2.15,3.42,1.00,D,0.00,12.00,12.00,12.00,12.00, ,1.69,,68.10,13.30,0,0.00,49.4,1,0,0.00,0.00,0.00,12.00,0.03,1.00,0,0,0.00,0
2026-05-10 20:27:36,1141.51,1,0,0,0,0,0,0,-0.02,0,1.00,4.33,2.15,3.39,1.00,D,0.00,12.00,12.00,12.00,12.00, ,-0.91,,74.50,13.30,0,0.00,48.8,1,0,0.00,0.00,0.00,12.00,-0.02,1.00,0,0,0.00,0
2026-05-10 20:27:37,1142.55,1,0,0,0,0,0,0,-0.07,0,1.00,4.33,2.15,3.38,1.00,D,0.00,12.00,12.00,12.00,12.00, ,-4.17,,62.20,13.30,0,0.00,47.7,1,0,0.00,0.00,0.00,12.00,-0.07,1.00,0,0,0.00,0
2026-05-10 20:27:38,1143.52,1,0,0,0,0,0,0,0.02,0,1.00,4.33,2.15,3.37,1.00,D,0.00,12.00,12.00,12.00,12.00, ,1.26,,71.80,13.40,0,0.00,49.9,1,0,0.00,0.00,0.00,12.00,0.02,1.00,0,0,0.00,0
2026-05-10 20:27:39,1144.50,1,0,0,0,0,0,0,0.06,0,1.00,4.33,2.15,3.37,1.00,D,0.00,12.00,12.00,12.00,12.00, ,3.32,,67.80,13.30,0,0.00,49.4,1,0,0.00,0.00,0.00,12.00,0.06,1.00,0,0,0.00,0
2026-05-10 20:27:40,1145.67,1,0,0,0,0,0,0,0.05,0,1.00,4.33,2.15,3.29,1.00,D,0.00,12.00,12.00,12.00,12.00, ,3.18,,68.30,13.30,0,0.00,50.5,1,0,0.00,0.00,0.00,12.00,0.05,1.00,0,0,0.00,0
2026-05-10 20:27:41,1146.59,1,0,0,0,0,0,0,-0.27,0,1.00,4.33,2.15,3.21,1.00,D,0.00,12.00,12.00,12.00,12.00, ,-16.43,,72.00,13.50,0,0.00,49.9,1,0,0.00,0.00,0.00,12.00,-0.27,1.00,0,0,0.00,0
2026-05-10 20:27:42,1147.68,1,0,0,0,0,0,0,0.06,0,1.00,4.33,2.15,3.42,1.00,D,0.00,12.00,12.00,12.00,12.00, ,3.90,,64.70,13.30,0,0.00,48.8,1,0,0.00,0.00,0.00,12.00,0.06,1.00,0,0,0.00,0
2026-05-10 20:27:43,1148.65,1,0,0,0,0,0,0,0.07,0,1.00,4.33,2.16,3.30,1.00,D,0.00,12.00,12.00,12.00,12.00, ,3.96,,68.90,13.60,0,0.00,51.0,1,0,0.00,0.00,0.00,12.00,0.07,1.00,0,0,0.00,0
2026-05-10 20:27:44,1149.73,1,0,0,0,0,0,0,0.07,0,1.00,4.33,2.16,3.30,1.00,D,0.00,12.00,12.00,12.00,12.00, ,4.14,,66.70,13.50,0,0.00,51.0,1,0,0.00,0.00,0.00,12.00,0.07,1.00,0,0,0.00,0
2026-05-10 20:27:45,1150.73,1,0,0,0,0,0,0,-0.00,0,1.00,4.33,2.16,3.30,1.00,D,0.00,12.00,12.00,12.00,12.00, ,-0.14,,74.70,13.40,0,0.00,51.6,1,0,0.00,0.00,0.00,12.00,-0.00,1.00,0,0,0.00,0
2026-05-10 20:27:46,1151.74,1,0,0,0,0,0,0,0.04,0,1.00,4.33,2.16,3.34,1.00,D,0.00,12.00,12.00,12.00,12.00, ,2.24,,67.80,13.50,0,0.00,51.0,1,0,0.00,0.00,0.00,12.00,0.04,1.00,0,0,0.00,0
2026-05-10 20:27:47,1152.76,1,0,0,0,0,0,0,0.16,0,1.00,4.33,2.16,3.35,1.00,D,0.00,12.00,12.00,12.00,12.00, ,9.60,,64.80,13.50,0,0.00,51.0,1,0,0.00,0.00,0.00,12.00,0.16,1.00,0,0,0.00,0
2026-05-10 20:27:48,1153.77,1,0,0,0,0,0,0,0.03,0,1.00,4.33,2.16,3.34,1.00,D,0.00,12.00,12.00,12.00,12.00, ,1.68,,74.80,13.40,0,0.00,49.9,1,0,0.00,0.00,0.00,12.00,0.03,1.00,0,0,0.00,0
2026-05-10 20:27:49,1154.84,1,0,0,0,0,0,0,-0.10,0,1.00,4.33,2.16,3.30,1.00,D,0.00,12.00,12.00,12.00,12.00, ,-6.05,,68.60,13.30,0,0.00,50.5,1,0,0.00,0.00,0.00,12.00,-0.10,1.00,0,0,0.00,0
2026-05-10 20:27:50,1155.80,1,0,0,0,0,0,0,0.07,0,1.00,4.33,2.16,3.30,1.00,D,0.00,12.00,12.00,12.00,12.00, ,4.07,,80.50,13.70,0,0.00,49.4,1,0,0.00,0.00,0.00,12.00,0.07,1.00,0,0,0.00,0
2026-05-10 20:27:51,1156.86,1,0,0,0,0,0,0,0.09,0,1.00,4.33,2.16,3.33,1.00,D,0.00,12.00,12.00,12.00,12.00, ,5.41,,68.10,13.60,0,0.00,51.0,1,0,0.00,0.00,0.00,12.00,0.09,1.00,0,0,0.00,0
2026-05-10 20:27:52,1157.89,1,0,0,0,0,0,0,0.11,0,1.00,4.33,2.16,3.36,1.00,D,0.00,12.00,12.00,12.00,12.00, ,6.53,,76.60,13.80,0,0.00,49.9,1,0,0.00,0.00,0.00,12.00,0.11,1.00,0,0,0.00,0
2026-05-10 20:27:53,1158.96,1,0,0,0,0,0,0,0.36,0,1.00,4.33,2.17,3.21,1.00,D,0.00,12.00,12.00,12.00,12.00, ,21.41,,68.60,13.80,0,0.00,49.9,1,0,0.00,0.00,0.00,12.00,0.36,1.00,0,0,0.00,0
2026-05-10 20:27:54,1159.96,1,0,0,0,0,0,0,-0.10,0,1.00,4.33,2.17,3.16,1.00,D,0.00,12.00,12.00,12.00,12.00, ,-6.19,,73.30,13.70,0,0.00,49.9,1,0,0.00,0.00,0.00,12.00,-0.10,1.00,0,0,0.00,0
2026-05-10 20:27:55,1160.99,1,0,0,0,0,0,0,-0.28,0,1.00,4.33,2.17,3.42,1.00,D,0.00,12.00,12.00,12.00,12.00, ,-17.08,,67.90,13.60,0,0.00,48.3,1,0,0.00,0.00,0.00,12.00,-0.28,1.00,0,0,0.00,0
2026-05-10 20:27:57,1162.07,1,0,0,0,0,0,0,0.56,0,1.00,4.33,2.17,3.34,1.00,D,0.00,12.00,12.00,12.00,12.00, ,33.41,,74.50,13.70,0,0.00,49.4,1,0,0.00,0.00,0.00,12.00,0.56,1.00,0,0,0.00,0
2026-05-10 20:27:58,1163.12,1,0,0,0,0,0,0,-0.28,0,1.00,4.33,2.17,3.16,1.00,D,0.00,12.00,12.00,12.00,12.00, ,-16.67,,69.40,13.60,0,0.00,48.3,1,0,0.00,0.00,0.00,12.00,-0.28,1.00,0,0,0.00,0
2026-05-10 20:27:59,1164.09,1,0,0,0,0,0,0,0.58,0,1.00,4.33,2.17,3.36,1.00,D,0.00,12.00,12.00,12.00,12.00, ,35.02,,74.40,13.70,0,0.00,50.5,1,0,0.00,0.00,0.00,12.00,0.58,1.00,0,0,0.00,0
2026-05-10 20:28:00,1165.14,1,0,0,0,0,0,0,-0.17,0,1.00,4.33,2.17,3.25,1.00,D,0.00,12.00,12.00,12.00,12.00, ,-10.39,,70.00,13.60,0,0.00,51.6,1,0,0.00,0.00,0.00,12.00,-0.17,1.00,0,0,0.00,0
2026-05-10 20:28:01,1166.14,1,0,0,0,0,0,0,0.26,0,1.00,4.33,2.17,3.34,1.00,D,0.00,12.00,12.00,12.00,12.00, ,15.45,,68.40,13.60,0,0.00,49.9,1,0,0.00,0.00,0.00,12.00,0.26,1.00,0,0,0.00,0
2026-05-10 20:28:02,1167.18,1,0,0,0,0,0,0,-0.21,0,1.00,4.33,2.17,3.46,1.00,D,0.00,12.00,12.00,12.00,12.00, ,-12.57,,74.60,13.70,0,0.00,48.8,1,0,0.00,0.00,0.00,12.00,-0.21,1.00,0,0,0.00,0
2026-05-10 20:28:03,1168.19,1,0,0,0,0,0,0,0.45,0,1.00,4.33,2.17,3.44,1.00,D,0.00,12.00,12.00,12.00,12.00, ,26.77,,65.80,13.50,0,0.00,51.0,1,0,0.00,0.00,0.00,12.00,0.45,1.00,0,0,0.00,0
2026-05-10 20:28:04,1169.15,1,0,0,0,0,0,0,0.06,0,1.00,4.33,2.18,3.17,1.00,D,0.00,12.00,12.00,12.00,12.00, ,3.69,,76.50,13.60,0,0.00,49.9,1,0,0.00,0.00,0.00,12.00,0.06,1.00,0,0,0.00,0
2026-05-10 20:28:05,1170.16,1,0,0,0,0,0,0,0.15,0,1.00,4.33,2.18,3.23,1.00,D,0.00,12.00,12.00,12.00,12.00, ,9.11,,68.60,13.50,0,0.00,51.0,1,0,0.00,0.00,0.00,12.00,0.15,1.00,0,0,0.00,0
2026-05-10 20:28:06,1171.24,1,0,0,0,0,0,0,0.20,0,1.00,4.33,2.18,3.29,1.00,D,0.00,12.00,12.00,12.00,12.00, ,11.73,,65.00,13.40,0,0.00,50.5,1,0,0.00,0.00,0.00,12.00,0.20,1.00,0,0,0.00,0
2026-05-10 20:28:07,1172.26,1,0,0,0,0,0,0,-0.00,0,1.00,4.33,2.18,3.49,1.00,D,0.00,12.00,12.00,12.00,12.00, ,-0.15,,73.50,13.60,0,0.00,52.1,1,0,0.00,0.00,0.00,12.00,-0.00,1.00,0,0,0.00,0
2026-05-10 20:28:08,1173.28,1,0,0,0,0,0,0,0.04,0,1.00,4.33,2.18,3.31,1.00,D,0.00,12.00,12.00,12.00,12.00, ,2.40,,64.90,13.40,0,0.00,51.0,1,0,0.00,0.00,0.00,12.00,0.04,1.00,0,0,0.00,0
2026-05-10 20:28:09,1174.29,1,0,0,0,0,0,0,0.11,0,1.00,4.33,2.18,3.43,1.00,D,0.00,12.00,12.00,12.00,12.00, ,6.72,,70.80,13.40,0,0.00,52.1,1,0,0.00,0.00,0.00,12.00,0.11,1.00,0,0,0.00,0
2026-05-10 20:28:10,1175.31,1,0,0,0,0,0,0,0.07,0,1.00,4.33,2.18,3.46,1.00,D,0.00,12.00,12.00,12.00,12.00, ,4.03,,64.90,13.30,0,0.00,52.1,1,0,0.00,0.00,0.00,12.00,0.07,1.00,0,0,0.00,0
2026-05-10 20:28:11,1176.34,1,0,0,0,0,0,0,-0.08,0,1.00,4.33,2.18,3.36,1.00,D,0.00,12.00,12.00,12.00,12.00, ,-4.91,,71.60,13.40,0,0.00,53.8,1,0,0.00,0.00,0.00,12.00,-0.08,1.00,0,0,0.00,0
2026-05-10 20:28:12,1177.35,1,0,0,0,0,0,0,0.05,0,1.00,4.33,2.18,3.38,1.00,D,0.00,12.00,12.00,12.00,12.00, ,3.30,,64.30,13.60,0,0.00,53.2,1,0,0.00,0.00,0.00,12.00,0.05,1.00,0,0,0.00,0
2026-05-10 20:28:13,1178.37,1,0,0,0,0,0,0,0.16,0,1.00,4.33,2.18,3.42,1.00,D,0.00,12.00,12.00,12.00,12.00, ,9.72,,62.00,13.30,0,0.00,52.7,1,0,0.00,0.00,0.00,12.00,0.16,1.00,0,0,0.00,0
2026-05-10 20:28:14,1179.49,1,0,0,0,0,0,0,0.10,0,1.00,4.33,2.19,3.43,1.00,D,0.00,12.00,12.00,12.00,12.00, ,5.83,,74.40,13.40,0,0.00,51.6,1,0,0.00,0.00,0.00,12.00,0.10,1.00,0,0,0.00,0
2026-05-10 20:28:15,1180.57,1,0,0,0,0,0,0,0.08,0,1.00,4.33,2.19,3.35,1.00,D,0.00,12.00,12.00,12.00,12.00, ,5.01,,69.70,13.60,0,0.00,52.1,1,0,0.00,0.00,0.00,12.00,0.08,1.00,0,0,0.00,0
2026-05-10 20:28:16,1181.58,1,0,0,0,0,0,0,0.09,0,1.00,4.33,2.19,3.41,1.00,D,0.00,12.00,12.00,12.00,12.00, ,5.43,,67.50,13.40,0,0.00,52.1,1,0,0.00,0.00,0.00,12.00,0.09,1.00,0,0,0.00,0
2026-05-10 20:28:17,1182.63,1,0,0,0,0,0,0,0.16,0,1.00,4.33,2.19,3.40,1.00,D,0.00,12.00,12.00,12.00,12.00, ,9.76,,76.50,13.50,0,0.00,50.5,1,0,0.00,0.00,0.00,12.00,0.16,1.00,0,0,0.00,0
2026-05-10 20:28:18,1183.63,1,0,0,0,0,0,0,0.04,0,1.00,4.33,2.19,3.42,1.00,D,0.00,12.00,12.00,12.00,12.00, ,2.53,,68.70,13.40,0,0.00,50.5,1,0,0.00,0.00,0.00,12.00,0.04,1.00,0,0,0.00,0
2026-05-10 20:28:19,1184.61,1,0,0,0,0,0,0,0.04,0,1.00,4.33,2.19,3.33,1.00,D,0.00,12.00,12.00,12.00,12.00, ,2.45,,74.70,13.60,0,0.00,50.5,1,0,0.00,0.00,0.00,12.00,0.04,1.00,0,0,0.00,0
2026-05-10 20:28:20,1185.69,1,0,0,0,0,0,0,0.10,0,1.00,4.33,2.19,3.46,1.00,D,0.00,12.00,12.00,12.00,12.00, ,5.98,,68.50,13.60,0,0.00,52.1,1,0,0.00,0.00,0.00,12.00,0.10,1.00,0,0,0.00,0
2026-05-10 20:28:21,1186.77,1,0,0,0,0,0,0,-0.02,0,1.00,4.33,2.19,3.41,1.00,D,0.00,12.00,12.00,12.00,12.00, ,-1.48,,74.70,13.60,0,0.00,49.9,1,0,0.00,0.00,0.00,12.00,-0.02,1.00,0,0,0.00,0
2026-05-10 20:28:22,1187.83,1,0,0,0,0,0,0,-0.05,0,1.00,4.33,2.19,3.43,1.00,D,0.00,12.00,12.00,12.00,12.00, ,-3.13,,67.50,13.50,0,0.00,50.5,1,0,0.00,0.00,0.00,12.00,-0.05,1.00,0,0,0.00,0
2026-05-10 20:28:23,1188.84,1,0,0,0,0,0,0,0.14,0,1.00,4.33,2.20,3.41,1.00,D,0.00,12.00,12.00,12.00,12.00, ,8.29,,65.10,13.40,0,0.00,51.6,1,0,0.00,0.00,0.00,12.00,0.14,1.00,0,0,0.00,0
2026-05-10 20:28:24,1189.92,1,0,0,0,0,0,0,0.13,0,1.00,4.33,2.20,3.31,1.00,D,0.00,12.00,12.00,12.00,12.00, ,7.79,,66.80,13.30,0,0.00,51.6,1,0,0.00,0.00,0.00,12.00,0.13,1.00,0,0,0.00,0
2026-05-10 20:28:25,1190.91,1,0,0,0,0,0,0,0.31,0,1.00,4.33,2.20,3.17,1.00,D,0.00,12.00,12.00,12.00,12.00, ,18.45,,72.50,13.60,0,0.00,52.1,1,0,0.00,0.00,0.00,12.00,0.31,1.00,0,0,0.00,0
2026-05-10 20:28:26,1191.88,0,0,1,0,0,0,0,0.00,0,0.00,4.33,2.20,0.00,0.00,D,0.00,12.00,12.00,12.00,12.00, ,0.00,,65.10,13.50,0,0.00,51.6,1,0,0.00,0.00,0.00,12.00,0.00,0.00,0,0,0.00,0
2026-05-10 20:28:27,1192.89,0,0,0,0,0,0,0,-0.16,0,1.00,4.33,2.20,0.04,0.39,D,0.00,12.00,12.00,12.00,12.00, ,0.00,,71.80,13.50,0,0.23,53.2,1,0,0.00,0.00,0.00,12.00,0.00,0.00,0,0,0.00,0
2026-05-10 20:28:28,1193.90,0,0,0,1,0,0,0,0.18,0,1.00,4.33,2.19,0.00,0.00,N,0.00,12.00,12.00,12.00,12.00, ,0.00,,65.10,13.30,0,0.02,53.8,1,0,0.00,0.00,0.00,12.00,0.00,0.00,0,0,0.00,0
2026-05-10 20:28:29,1194.90,0,0,0,0,0,0,0,0.00,0,0.00,4.33,2.19,0.00,0.00,N,0.00,12.00,12.00,12.00,12.00, ,0.00,,71.90,13.40,0,0.40,54.3,1,0,0.00,0.00,0.00,12.00,0.00,0.00,0,0,0.00,0
2026-05-10 20:28:30,1195.91,0,0,1,0,0,0,0,0.00,0,1.00,4.33,2.19,0.04,0.37,D,0.00,12.00,12.00,12.00,12.00, ,0.00,,68.60,13.40,0,0.01,54.9,1,0,0.00,0.00,0.00,12.00,0.00,0.00,0,0,0.00,0
2026-05-10 20:28:31,1196.92,0,0,0,1,0,0,0,0.00,0,1.00,4.33,2.19,0.06,-0.10,R,0.00,12.00,12.00,12.00,12.00, ,0.00,,69.30,13.60,0,0.00,53.8,1,0,0.00,0.00,0.00,12.00,0.00,0.00,0,0,0.00,0
2026-05-10 20:28:32,1197.93,0,0,0,0,0,0,0,0.00,0,1.00,4.33,2.19,0.72,-0.61,R,0.00,12.00,12.00,12.00,12.00, ,0.00,,66.60,13.40,0,0.00,53.8,1,0,0.00,0.00,0.00,12.00,0.00,0.00,0,0,0.00,0
2026-05-10 20:28:33,1199.02,0,0,0,0,0,0,0,0.37,0,1.00,4.33,2.19,3.01,-1.00,R,0.00,12.00,12.00,12.00,12.00, ,0.00,,76.00,13.40,0,0.00,52.7,1,0,0.00,0.00,0.00,12.00,0.00,0.00,0,0,0.00,0
2026-05-10 20:28:35,1200.10,0,0,0,0,0,0,0,0.11,0,1.00,4.33,2.19,3.77,-1.00,R,0.00,12.00,12.00,12.00,12.00, ,0.00,,66.70,13.40,0,0.00,52.7,1,0,0.00,0.00,0.00,12.00,0.00,0.00,0,0,0.00,0
2026-05-10 20:28:35,1201.04,0,0,0,0,0,0,0,0.00,1,0.00,4.33,2.19,1.68,0.00,R,0.00,12.00,12.00,12.00,12.00, ,0.00,,76.70,13.60,0,0.02,52.1,1,0,0.00,0.00,0.00,12.00,0.00,0.00,0,0,0.00,0
2026-05-10 20:28:37,1202.10,0,0,1,0,0,0,0,0.00,0,0.00,4.33,2.19,0.00,0.00,D,0.00,12.00,12.00,12.00,12.00, ,0.00,,65.90,13.50,0,1.09,50.5,1,0,0.00,0.00,0.00,12.00,0.00,0.00,0,0,0.00,0
2026-05-10 20:28:38,1203.09,0,0,0,0,0,0,0,0.26,0,1.00,4.33,2.19,0.03,0.16,D,0.00,12.00,12.00,12.00,12.00, ,0.00,,73.80,13.50,0,0.02,52.7,1,0,0.00,0.00,0.00,12.00,0.00,0.00,0,0,0.00,0
2026-05-10 20:28:38,1204.06,0,0,0,0,0,0,0,0.80,0,1.00,4.33,2.18,0.05,0.68,D,0.00,12.00,12.00,12.00,12.00, ,0.00,,67.80,13.50,0,0.00,52.1,1,0,0.00,0.00,0.00,12.00,0.00,0.00,0,0,0.00,0
2026-05-10 20:28:40,1205.11,0,0,0,0,0,0,0,0.00,0,1.00,4.33,2.18,2.19,1.00,D,0.00,12.00,12.00,12.00,12.00, ,0.00,,75.90,13.40,0,0.00,51.6,1,0,0.00,0.00,0.00,12.00,0.00,0.00,0,0,0.00,0
2026-05-10 20:28:41,1206.11,0,0,0,0,0,0,0,0.00,0,1.00,4.33,2.18,3.20,1.00,D,0.00,12.00,12.00,12.00,12.00, ,0.00,,66.20,13.30,0,0.00,50.5,1,0,0.00,0.00,0.00,12.00,0.00,0.00,0,0,0.00,0
2026-05-10 20:28:42,1207.19,0,0,0,0,0,0,0,0.00,0,1.00,4.33,2.18,3.39,1.00,D,0.00,12.00,12.00,12.00,12.00, ,0.00,,73.60,13.50,0,0.00,51.6,1,0,0.00,0.00,0.00,12.00,0.00,0.00,0,0,0.00,0
2026-05-10 20:28:43,1208.24,0,0,0,0,0,0,0,0.00,0,1.00,4.33,2.19,3.51,1.00,D,0.00,12.00,12.00,12.00,12.00, ,0.00,,70.20,13.40,0,0.00,51.6,1,0,0.00,0.00,0.00,12.00,0.00,0.00,0,0,0.00,0
2026-05-10 20:28:44,1209.32,0,0,0,0,0,0,0,0.16,0,1.00,4.33,2.19,3.40,1.00,D,0.00,12.00,12.00,12.00,12.00, ,0.00,,75.40,13.60,0,0.00,52.1,1,0,0.00,0.00,0.00,12.00,0.00,0.00,0,0,0.00,0
2026-05-10 20:28:45,1210.35,0,0,0,0,0,0,0,0.00,0,1.00,4.33,2.19,3.42,1.00,D,0.00,12.00,12.00,12.00,12.00, ,0.00,,68.80,13.40,0,0.00,51.6,1,0,0.00,0.00,0.00,12.00,0.00,0.00,0,0,0.00,0
2026-05-10 20:28:46,1211.36,1,0,0,0,0,0,0,0.01,0,1.00,4.33,2.19,3.20,0.93,D,0.00,12.00,12.00,12.00,12.00, ,0.80,,76.40,13.50,0,0.00,51.0,1,0,0.00,0.00,0.00,12.00,0.01,1.00,0,0,0.00,0
2026-05-10 20:28:47,1212.38,1,0,0,0,0,0,0,0.04,0,1.00,4.33,2.19,3.33,1.00,D,0.00,12.00,12.00,12.00,12.00, ,2.16,,65.60,13.50,0,0.00,50.5,1,0,0.00,0.00,0.00,12.00,0.04,1.00,0,0,0.00,0
2026-05-10 20:28:48,1213.44,1,0,0,0,0,0,0,0.23,0,1.00,4.33,2.19,3.48,1.00,D,0.00,12.00,12.00,12.00,12.00, ,13.55,,67.30,13.20,0,0.00,52.7,1,0,0.00,0.00,0.00,12.00,0.23,1.00,0,0,0.00,0
2026-05-10 20:28:49,1214.48,1,0,0,0,0,0,0,0.04,0,1.00,4.33,2.19,3.44,1.00,D,0.00,12.00,12.00,12.00,12.00, ,2.67,,76.10,13.60,0,0.00,49.9,1,0,0.00,0.00,0.00,12.00,0.04,1.00,0,0,0.00,0
2026-05-10 20:28:50,1215.48,1,0,0,0,0,0,0,0.02,0,1.00,4.33,2.19,3.39,1.00,D,0.00,12.00,12.00,12.00,12.00, ,1.27,,68.80,13.50,0,0.00,50.5,1,0,0.00,0.00,0.00,12.00,0.02,1.00,0,0,0.00,0
2026-05-10 20:28:51,1216.57,1,0,0,0,0,0,0,0.16,0,1.00,4.33,2.19,3.46,1.00,D,0.00,12.00,12.00,12.00,12.00, ,9.42,,68.10,13.40,0,0.00,50.5,1,0,0.00,0.00,0.00,12.00,0.16,1.00,0,0,0.00,0
2026-05-10 20:28:52,1217.53,1,0,0,0,0,0,0,0.14,0,1.00,4.33,2.19,3.49,1.00,D,0.00,12.00,12.00,12.00,12.00, ,8.17,,74.40,13.50,0,0.00,51.0,1,0,0.00,0.00,0.00,12.00,0.14,1.00,0,0,0.00,0
2026-05-10 20:28:53,1218.54,1,0,0,0,0,0,0,-0.04,0,1.00,4.33,2.20,3.44,1.00,D,0.00,12.00,12.00,12.00,12.00, ,-2.23,,64.90,13.40,0,0.00,49.4,1,0,0.00,0.00,0.00,12.00,-0.04,1.00,0,0,0.00,0
2026-05-10 20:28:54,1219.61,1,0,0,0,0,0,0,0.15,0,1.00,4.33,2.20,3.39,1.00,D,0.00,12.00,12.00,12.00,12.00, ,9.19,,76.60,13.50,0,0.00,50.5,1,0,0.00,0.00,0.00,12.00,0.15,1.00,0,0,0.00,0
2026-05-10 20:28:55,1220.66,1,0,0,0,0,0,0,-0.00,0,1.00,4.33,2.20,3.42,1.00,D,0.00,12.00,12.00,12.00,12.00, ,-0.15,,69.50,13.50,0,0.00,48.8,1,0,0.00,0.00,0.00,12.00,-0.00,1.00,0,0,0.00,0
2026-05-10 20:28:56,1221.74,1,0,0,0,0,0,0,0.02,0,1.00,4.33,2.20,3.38,1.00,D,0.00,12.00,12.00,12.00,12.00, ,1.27,,72.30,13.80,0,0.00,50.5,1,0,0.00,0.00,0.00,12.00,0.02,1.00,0,0,0.00,0
2026-05-10 20:28:57,1222.84,1,0,0,0,0,0,0,0.14,0,1.00,4.33,2.20,3.43,1.00,D,0.00,12.00,12.00,12.00,12.00, ,8.63,,71.90,13.80,0,0.00,49.4,1,0,0.00,0.00,0.00,12.00,0.14,1.00,0,0,0.00,0
2026-05-10 20:28:58,1223.85,1,0,0,0,0,0,0,0.28,0,1.00,4.33,2.20,3.49,1.00,D,0.00,12.00,12.00,12.00,12.00, ,16.59,,75.30,13.60,0,0.00,49.9,1,0,0.00,0.00,0.00,12.00,0.28,1.00,0,0,0.00,0
2026-05-10 20:28:59,1224.87,1,0,0,0,0,0,0,-0.07,0,1.00,4.33,2.20,3.40,1.00,D,0.00,12.00,12.00,12.00,12.00, ,-3.96,,69.70,13.60,0,0.00,50.5,1,0,0.00,0.00,0.00,12.00,-0.07,1.00,0,0,0.00,0
2026-05-10 20:29:00,1225.90,1,0,0,0,0,0,0,0.04,0,1.00,4.33,2.20,3.38,1.00,D,0.00,12.00,12.00,12.00,12.00, ,2.67,,73.20,13.70,0,0.00,48.8,1,0,0.00,0.00,0.00,12.00,0.04,1.00,0,0,0.00,0
2026-05-10 20:29:01,1226.89,1,0,0,0,0,0,0,0.20,0,1.00,4.33,2.20,3.43,1.00,D,0.00,12.00,12.00,12.00,12.00, ,11.99,,67.30,13.40,0,0.00,48.3,1,0,0.00,0.00,0.00,12.00,0.20,1.00,0,0,0.00,0
2026-05-10 20:29:02,1227.97,1,0,0,0,0,0,0,0.17,0,1.00,4.33,2.20,3.49,1.00,D,0.00,12.00,12.00,12.00,12.00, ,9.95,,73.90,13.50,0,0.00,49.4,1,0,0.00,0.00,0.00,12.00,0.17,1.00,0,0,0.00,0
2026-05-10 20:29:03,1229.00,1,0,0,0,0,0,0,-0.05,0,1.00,4.33,2.21,3.40,1.00,D,0.00,12.00,12.00,12.00,12.00, ,-3.21,,65.60,13.40,0,0.00,49.4,1,0,0.00,0.00,0.00,12.00,-0.05,1.00,0,0,0.00,0
2026-05-10 20:29:04,1230.02,1,0,0,0,0,0,0,0.01,0,1.00,4.33,2.21,3.33,1.00,D,0.00,12.00,12.00,12.00,12.00, ,0.84,,74.60,13.80,0,0.00,48.8,1,0,0.00,0.00,0.00,12.00,0.01,1.00,0,0,0.00,0
2026-05-10 20:29:06,1231.09,1,0,0,0,0,0,0,0.21,0,1.00,4.33,2.21,3.41,1.00,D,0.00,12.00,12.00,12.00,12.00, ,12.58,,67.60,13.60,0,0.00,48.3,1,0,0.00,0.00,0.00,12.00,0.21,1.00,0,0,0.00,0
2026-05-10 20:29:07,1232.11,1,0,0,0,0,0,0,-0.03,0,1.00,4.33,2.21,3.48,1.00,D,0.00,12.00,12.00,12.00,12.00, ,-1.69,,79.70,13.40,0,0.00,47.7,1,0,0.00,0.00,0.00,12.00,-0.03,1.00,0,0,0.00,0
2026-05-10 20:29:08,1233.09,1,0,0,0,0,0,0,0.20,0,1.00,4.33,2.21,3.15,1.00,D,0.00,12.00,12.00,12.00,12.00, ,12.00,,66.90,13.30,0,0.00,48.8,1,0,0.00,0.00,0.00,12.00,0.20,1.00,0,0,0.00,0
2026-05-10 20:29:09,1234.18,1,0,0,0,0,0,0,0.04,0,1.00,4.33,2.21,3.51,1.00,D,0.00,12.00,12.00,12.00,12.00, ,2.48,,70.00,13.30,0,0.00,48.3,1,0,0.00,0.00,0.00,12.00,0.04,1.00,0,0,0.00,0
2026-05-10 20:29:10,1235.22,1,0,0,0,0,0,0,-0.09,0,1.00,4.33,2.21,3.35,1.00,D,0.00,12.00,12.00,12.00,12.00, ,-5.19,,73.40,13.30,0,0.00,48.8,1,0,0.00,0.00,0.00,12.00,-0.09,1.00,0,0,0.00,0
2026-05-10 20:29:11,1236.25,1,0,0,0,0,0,0,0.07,0,1.00,4.33,2.21,3.36,1.00,D,0.00,12.00,12.00,12.00,12.00, ,4.23,,68.80,13.20,0,0.00,47.2,1,0,0.00,0.00,0.00,12.00,0.07,1.00,0,0,0.00,0
2026-05-10 20:29:12,1237.30,1,0,0,0,0,0,0,0.57,0,1.00,4.33,2.21,3.45,1.00,D,0.00,12.00,12.00,12.00,12.00, ,34.08,,72.80,13.50,0,0.00,47.7,1,0,0.00,0.00,0.00,12.00,0.57,1.00,0,0,0.00,0
2026-05-10 20:29:13,1238.38,1,0,0,0,0,0,0,-0.37,0,1.00,4.33,2.21,3.23,1.00,D,0.00,12.00,12.00,12.00,12.00, ,-22.06,,65.00,13.50,0,0.00,48.8,1,0,0.00,0.00,0.00,12.00,-0.37,1.00,0,0,0.00,0
2026-05-10 20:29:14,1239.47,1,0,0,0,0,0,0,0.51,0,1.00,4.33,2.22,3.45,1.00,D,0.00,12.00,12.00,12.00,12.00, ,30.82,,69.50,13.60,0,0.00,48.8,1,0,0.00,0.00,0.00,12.00,0.51,1.00,0,0,0.00,0
2026-05-10 20:29:15,1240.43,1,0,0,0,0,0,0,0.49,0,1.00,4.33,2.22,3.55,1.00,D,0.00,12.00,12.00,12.00,12.00, ,29.13,,75.30,13.70,0,0.00,48.8,1,0,0.00,0.00,0.00,12.00,0.49,1.00,0,0,0.00,0
2026-05-10 20:29:16,1241.51,0,0,0,0,0,0,0,-1.00,0,1.00,4.33,2.22,0.82,0.25,D,0.00,12.00,12.00,12.00,12.00, ,0.00,,66.30,13.50,0,0.00,47.7,1,0,0.00,0.00,0.00,12.00,0.00,0.00,0,0,0.00,0
2026-05-10 20:29:17,1242.54,0,0,0,0,0,0,0,-1.00,0,1.00,4.33,2.22,0.19,0.76,D,0.00,12.00,12.00,12.00,12.00, ,0.00,,73.80,13.60,0,0.00,49.9,1,0,0.00,0.00,0.00,12.00,0.00,0.00,0,0,0.00,0
2026-05-10 20:29:18,1243.57,0,0,0,0,0,0,0,0.00,0,1.00,4.33,2.21,2.56,1.00,D,0.00,12.00,12.00,12.00,12.00, ,0.00,,65.70,13.50,0,0.00,48.8,1,0,0.00,0.00,0.00,12.00,0.00,0.00,0,0,0.00,0
2026-05-10 20:29:19,1244.59,0,0,0,0,0,0,0,0.00,0,1.00,4.33,2.22,3.30,1.00,D,0.00,12.00,12.00,12.00,12.00, ,0.00,,67.10,13.40,0,0.00,49.9,1,0,0.00,0.00,0.00,12.00,0.00,0.00,0,0,0.00,0
2026-05-10 20:29:20,1245.59,0,0,0,0,0,0,0,0.00,0,1.00,4.33,2.22,3.40,1.00,D,0.00,12.00,12.00,12.00,12.00, ,0.00,,80.40,13.60,0,0.00,52.7,1,0,0.00,0.00,0.00,12.00,0.00,0.00,0,0,0.00,0
2026-05-10 20:29:21,1246.60,0,0,0,0,0,0,0,0.00,0,1.00,4.33,2.22,3.51,1.00,D,0.00,12.00,12.00,12.00,12.00, ,0.00,,68.10,13.60,0,0.00,53.2,1,0,0.00,0.00,0.00,12.00,0.00,0.00,0,0,0.00,0
2026-05-10 20:29:22,1247.62,0,0,0,0,0,0,0,0.00,0,1.00,4.33,2.22,3.53,1.00,D,0.00,12.00,12.00,12.00,12.00, ,0.00,,71.10,13.70,0,0.00,52.1,1,0,0.00,0.00,0.00,12.00,0.00,0.00,0,0,0.00,0
2026-05-10 20:29:23,1248.65,0,0,0,0,0,0,0,0.00,0,1.00,4.33,2.22,3.61,1.00,D,0.00,12.00,12.00,12.00,12.00, ,0.00,,71.30,13.70,0,0.00,53.2,1,0,0.00,0.00,0.00,12.00,0.00,0.00,0,0,0.00,0
2026-05-10 20:29:24,1249.66,0,0,0,0,0,0,0,0.00,0,1.00,4.33,2.22,3.69,1.00,D,0.00,12.00,12.00,12.00,12.00, ,0.00,,68.00,13.70,0,0.00,54.3,1,0,0.00,0.00,0.00,12.00,0.00,0.00,0,0,0.00,0
2026-05-10 20:29:25,1250.68,0,0,0,0,0,0,0,0.00,0,1.00,4.33,2.22,3.62,1.00,D,0.00,12.00,12.00,12.00,12.00, ,0.00,,68.90,13.60,0,0.00,54.3,1,0,0.00,0.00,0.00,12.00,0.00,0.00,0,0,0.00,0
2026-05-10 20:29:26,1251.70,1,0,0,0,0,0,0,0.13,0,1.00,4.33,2.22,3.20,1.00,D,0.00,12.00,12.00,12.00,12.00, ,7.98,,68.70,13.60,0,0.00,53.8,1,0,0.00,0.00,0.00,12.00,0.13,1.00,0,0,0.00,0
2026-05-10 20:29:27,1252.69,1,0,0,0,0,0,0,0.19,0,1.00,4.33,2.22,3.65,1.00,D,0.00,12.00,12.00,12.00,12.00, ,11.21,,68.00,13.60,0,0.00,53.2,1,0,0.00,0.00,0.00,12.00,0.19,1.00,0,0,0.00,0
2026-05-10 20:29:28,1253.71,1,0,0,0,0,0,0,0.02,0,1.00,4.33,2.22,3.03,1.00,D,0.00,12.00,12.00,12.00,12.00, ,1.07,,65.70,13.50,0,0.00,54.3,1,0,0.00,0.00,0.00,12.00,0.02,1.00,0,0,0.00,0
2026-05-10 20:29:29,1254.73,0,0,0,1,0,0,0,0.96,0,1.00,4.33,2.22,0.09,-0.05,R,0.00,12.00,12.00,12.00,12.00, ,0.00,,65.00,13.50,0,0.10,53.8,1,0,0.00,0.00,0.00,12.00,0.00,0.00,0,0,0.00,0
2026-05-10 20:29:30,1255.75,0,0,0,0,0,0,0,0.89,0,1.00,4.33,2.22,0.04,-0.56,R,0.00,12.00,12.00,12.00,12.00, ,0.00,,69.80,13.30,0,0.00,52.1,1,0,0.00,0.00,0.00,12.00,0.00,0.00,0,0,0.00,0
2026-05-10 20:29:31,1256.86,0,0,0,0,0,0,0,0.91,0,1.00,4.33,2.22,2.18,-1.00,R,0.00,12.00,12.00,12.00,12.00, ,0.00,,71.70,13.40,0,0.00,54.3,1,0,0.00,0.00,0.00,12.00,0.00,0.00,0,0,0.00,0
2026-05-10 20:29:32,1257.80,0,0,1,0,0,0,0,0.00,0,0.00,4.33,2.22,0.00,0.00,N,0.00,12.00,12.00,12.00,12.00, ,0.00,,71.10,13.40,0,0.00,53.2,1,0,0.00,0.00,0.00,12.00,0.00,0.00,0,0,0.00,0
2026-05-10 20:29:33,1258.86,1,0,1,0,0,0,0,0.32,0,1.00,4.33,2.22,0.03,0.27,D,0.00,12.00,12.00,12.00,12.00, ,18.94,,68.40,13.40,0,0.05,54.9,1,0,0.00,0.00,0.00,12.00,0.32,1.00,0,0,0.00,0
2026-05-10 20:29:34,1259.86,1,0,0,0,0,0,0,0.22,0,1.00,4.33,2.22,0.17,0.77,D,0.00,12.00,12.00,12.00,12.00, ,13.21,,73.50,13.40,0,0.00,53.8,1,0,0.00,0.00,0.00,12.00,0.22,1.00,0,0,0.00,0
2026-05-10 20:29:35,1260.91,1,0,0,0,0,0,0,-0.07,0,1.00,4.33,2.22,2.43,1.00,D,0.00,12.00,12.00,12.00,12.00, ,-4.44,,74.20,13.50,0,0.00,51.0,1,0,0.00,0.00,0.00,12.00,-0.07,1.00,0,0,0.00,0
2026-05-10 20:29:36,1261.89,0,0,0,1,0,0,0,1.00,0,0.13,4.33,2.22,0.26,-0.02,R,0.00,12.00,12.00,12.00,12.00, ,0.00,,68.00,13.50,0,0.00,52.7,1,0,0.00,0.00,0.00,12.00,0.00,0.00,0,0,0.00,0
2026-05-10 20:29:37,1262.93,0,0,0,0,0,0,0,1.00,0,1.00,4.33,2.21,0.64,-0.53,R,0.00,12.00,12.00,12.00,12.00, ,0.00,,66.90,13.30,0,0.00,52.7,1,0,0.00,0.00,0.00,12.00,0.00,0.00,0,0,0.00,0
2026-05-10 20:29:38,1263.96,0,0,0,0,0,0,0,0.00,0,0.00,4.33,2.21,0.60,-0.00,R,0.00,12.00,12.00,12.00,12.00, ,0.00,,74.20,13.40,0,0.00,51.0,1,0,0.00,0.00,0.00,12.00,0.00,0.00,0,0,0.00,0
2026-05-10 20:29:40,1265.09,0,0,0,0,0,0,0,0.00,1,0.00,4.33,2.21,0.00,0.00,R,0.00,12.00,12.00,12.00,12.00, ,0.00,,75.10,13.80,0,0.00,53.2,1,0,0.00,0.00,0.00,12.00,0.00,0.00,0,0,0.00,0
2026-05-10 20:29:40,1266.05,0,0,0,0,0,0,0,0.00,0,0.00,4.33,2.21,0.00,-0.00,R,0.00,12.00,12.00,12.00,12.00, ,0.00,,68.00,13.80,0,0.00,51.0,1,0,0.00,0.00,0.00,12.00,0.00,0.00,0,0,0.00,0
2026-05-10 20:29:42,1267.11,0,0,0,0,0,0,0,0.00,0,0.00,4.33,2.21,0.00,-0.00,R,0.00,12.00,12.00,12.00,12.00, ,0.00,,67.20,13.60,0,0.58,51.6,1,0,0.00,0.00,0.00,12.00,0.00,0.00,0,0,0.00,0
2026-05-10 20:29:43,1268.09,1,0,0,0,0,0,0,-0.32,0,1.00,4.33,2.21,0.00,0.14,D,0.00,12.00,12.00,12.00,12.00, ,-19.46,,76.60,13.70,0,1.57,50.5,1,0,0.00,0.00,0.00,12.00,-0.32,1.00,0,0,0.00,0
2026-05-10 20:29:44,1269.10,1,0,0,0,0,0,0,-0.29,0,1.00,4.33,2.21,0.09,0.64,D,0.00,12.00,12.00,12.00,12.00, ,-17.19,,66.30,13.60,0,0.00,51.0,1,0,0.00,0.00,0.00,12.00,-0.29,1.00,0,0,0.00,0
2026-05-10 20:29:45,1270.16,1,0,0,0,0,0,0,-0.02,0,1.00,4.33,2.20,1.80,1.00,D,0.00,12.00,12.00,12.00,12.00, ,-1.44,,66.30,13.60,0,0.00,51.6,1,0,0.00,0.00,0.00,12.00,-0.02,1.00,0,0,0.00,0
2026-05-10 20:29:46,1271.19,1,0,0,0,0,0,0,0.02,0,1.00,4.33,2.20,3.00,1.00,D,0.00,12.00,12.00,12.00,12.00, ,1.36,,71.00,13.50,0,0.00,52.7,1,0,0.00,0.00,0.00,12.00,0.02,1.00,0,0,0.00,0
2026-05-10 20:29:47,1272.28,1,0,0,0,0,0,0,0.17,0,1.00,4.33,2.20,3.03,1.00,D,0.00,12.00,12.00,12.00,12.00, ,10.01,,67.10,13.40,0,0.00,52.7,1,0,0.00,0.00,0.00,12.00,0.17,1.00,0,0,0.00,0
2026-05-10 20:29:48,1273.24,1,0,0,0,0,0,0,0.35,0,1.00,4.33,2.21,3.29,1.00,D,0.00,12.00,12.00,12.00,12.00, ,20.74,,65.10,13.40,0,0.00,52.7,1,0,0.00,0.00,0.00,12.00,0.35,1.00,0,0,0.00,0
2026-05-10 20:29:49,1274.25,1,0,0,0,0,0,0,-0.08,0,1.00,4.33,2.21,3.18,1.00,D,0.00,12.00,12.00,12.00,12.00, ,-4.77,,71.50,13.40,0,0.00,51.6,1,0,0.00,0.00,0.00,12.00,-0.08,1.00,0,0,0.00,0
2026-05-10 20:29:50,1275.35,1,0,0,0,0,0,0,0.07,0,1.00,4.33,2.21,3.23,1.00,D,0.00,12.00,12.00,12.00,12.00, ,3.96,,66.70,13.20,0,0.00,52.7,1,0,0.00,0.00,0.00,12.00,0.07,1.00,0,0,0.00,0
2026-05-10 20:29:51,1276.35,1,0,0,0,0,0,0,0.12,0,1.00,4.33,2.21,3.34,1.00,D,0.00,12.00,12.00,12.00,12.00, ,7.07,,74.70,13.60,0,0.00,51.6,1,0,0.00,0.00,0.00,12.00,0.12,1.00,0,0,0.00,0
2026-05-10 20:29:52,1277.41,1,0,0,0,0,0,0,0.14,0,1.00,4.33,2.21,3.43,1.00,D,0.00,12.00,12.00,12.00,12.00, ,8.13,,63.70,13.50,0,0.00,51.0,1,0,0.00,0.00,0.00,12.00,0.14,1.00,0,0,0.00,0
2026-05-10 20:29:53,1278.48,1,0,0,0,0,0,0,0.19,0,1.00,4.33,2.21,3.47,1.00,D,0.00,12.00,12.00,12.00,12.00, ,11.18,,78.70,13.60,0,0.00,52.1,1,0,0.00,0.00,0.00,12.00,0.19,1.00,0,0,0.00,0
2026-05-10 20:29:54,1279.46,1,0,0,0,0,0,0,0.06,0,1.00,4.33,2.21,3.39,1.00,D,0.00,12.00,12.00,12.00,12.00, ,3.56,,68.40,13.60,0,0.00,50.5,1,0,0.00,0.00,0.00,12.00,0.06,1.00,0,0,0.00,0
2026-05-10 20:29:55,1280.54,1,0,0,0,0,0,0,0.08,0,1.00,4.33,2.21,3.43,1.00,D,0.00,12.00,12.00,12.00,12.00, ,4.56,,75.30,13.70,0,0.00,50.5,1,0,0.00,0.00,0.00,12.00,0.08,1.00,0,0,0.00,0
2026-05-10 20:29:56,1281.52,1,0,0,0,0,0,0,0.09,0,1.00,4.33,2.21,3.41,1.00,D,0.00,12.00,12.00,12.00,12.00, ,5.35,,66.70,13.50,0,0.00,50.5,1,0,0.00,0.00,0.00,12.00,0.09,1.00,0,0,0.00,0
2026-05-10 20:29:57,1282.56,1,0,0,0,0,0,0,0.03,0,1.00,4.33,2.21,3.38,1.00,D,0.00,12.00,12.00,12.00,12.00, ,1.91,,67.80,13.40,0,0.00,50.5,1,0,0.00,0.00,0.00,12.00,0.03,1.00,0,0,0.00,0
2026-05-10 20:29:58,1283.60,1,0,0,0,0,0,0,0.15,0,1.00,4.33,2.21,3.37,1.00,D,0.00,12.00,12.00,12.00,12.00, ,9.17,,75.90,13.50,0,0.00,51.6,1,0,0.00,0.00,0.00,12.00,0.15,1.00,0,0,0.00,0
2026-05-10 20:29:59,1284.64,1,0,0,0,0,0,0,-0.06,0,1.00,4.33,2.22,3.43,1.00,D,0.00,12.00,12.00,12.00,12.00, ,-3.47,,67.90,13.40,0,0.00,48.8,1,0,0.00,0.00,0.00,12.00,-0.06,1.00,0,0,0.00,0
2026-05-10 20:30:00,1285.79,1,0,0,0,0,0,0,-0.01,0,1.00,4.33,2.22,3.40,1.00,D,0.00,12.00,12.00,12.00,12.00, ,-0.70,,76.70,13.40,0,0.00,50.5,1,0,0.00,0.00,0.00,12.00,-0.01,1.00,0,0,0.00,0
2026-05-10 20:30:01,1286.69,1,0,0,0,0,0,0,0.14,0,1.00,4.33,2.22,3.46,1.00,D,0.00,12.00,12.00,12.00,12.00, ,8.22,,68.00,13.30,0,0.00,49.4,1,0,0.00,0.00,0.00,12.00,0.14,1.00,0,0,0.00,0
2026-05-10 20:30:02,1287.79,1,0,0,0,0,0,0,0.13,0,1.00,4.33,2.22,3.45,1.00,D,0.00,12.00,12.00,12.00,12.00, ,7.70,,72.70,13.40,0,0.00,49.9,1,0,0.00,0.00,0.00,12.00,0.13,1.00,0,0,0.00,0
2026-05-10 20:30:03,1288.86,1,0,0,0,0,0,0,0.14,0,1.00,4.33,2.22,3.42,1.00,D,0.00,12.00,12.00,12.00,12.00, ,8.66,,70.50,13.30,0,0.00,49.4,1,0,0.00,0.00,0.00,12.00,0.14,1.00,0,0,0.00,0
2026-05-10 20:30:04,1289.92,1,0,0,0,0,0,0,0.11,0,1.00,4.33,2.22,3.44,1.00,D,0.00,12.00,12.00,12.00,12.00, ,6.80,,71.40,13.30,0,0.00,49.9,1,0,0.00,0.00,0.00,12.00,0.11,1.00,0,0,0.00,0
2026-05-10 20:30:05,1290.97,1,0,0,0,0,0,0,-0.06,0,1.00,4.33,2.22,3.40,1.00,D,0.00,12.00,12.00,12.00,12.00, ,-3.62,,73.50,13.60,0,0.00,48.8,1,0,0.00,0.00,0.00,12.00,-0.06,1.00,0,0,0.00,0
2026-05-10 20:30:06,1292.04,1,0,0,0,0,0,0,0.15,0,1.00,4.33,2.22,3.43,1.00,D,0.00,12.00,12.00,12.00,12.00, ,8.81,,74.90,13.60,0,0.00,50.5,1,0,0.00,0.00,0.00,12.00,0.15,1.00,0,0,0.00,0
2026-05-10 20:30:08,1293.09,1,0,0,0,0,0,0,0.12,0,1.00,4.33,2.22,3.43,1.00,D,0.00,12.00,12.00,12.00,12.00, ,7.26,,69.60,13.50,0,0.00,50.5,1,0,0.00,0.00,0.00,12.00,0.12,1.00,0,0,0.00,0
2026-05-10 20:30:09,1294.20,1,0,0,0,0,0,0,0.10,0,1.00,4.33,2.22,3.42,1.00,D,0.00,12.00,12.00,12.00,12.00, ,6.10,,75.10,13.50,0,0.00,50.5,1,0,0.00,0.00,0.00,12.00,0.10,1.00,0,0,0.00,0
2026-05-10 20:30:10,1295.17,1,0,0,0,0,0,0,0.06,0,1.00,4.33,2.23,3.45,1.00,D,0.00,12.00,12.00,12.00,12.00, ,3.60,,68.60,13.40,0,0.00,49.4,1,0,0.00,0.00,0.00,12.00,0.06,1.00,0,0,0.00,0
2026-05-10 20:30:11,1296.24,1,0,0,0,0,0,0,0.04,0,1.00,4.33,2.23,3.44,1.00,D,0.00,12.00,12.00,12.00,12.00, ,2.33,,69.20,13.40,0,0.00,48.8,1,0,0.00,0.00,0.00,12.00,0.04,1.00,0,0,0.00,0
2026-05-10 20:30:12,1297.28,1,0,0,0,0,0,0,0.09,0,1.00,4.33,2.23,3.42,1.00,D,0.00,12.00,12.00,12.00,12.00, ,5.61,,73.80,13.50,0,0.00,50.5,1,0,0.00,0.00,0.00,12.00,0.09,1.00,0,0,0.00,0
2026-05-10 20:30:13,1298.34,1,0,0,0,0,0,0,0.14,0,1.00,4.33,2.23,3.45,1.00,D,0.00,12.00,12.00,12.00,12.00, ,8.27,,67.80,13.50,0,0.00,48.8,1,0,0.00,0.00,0.00,12.00,0.14,1.00,0,0,0.00,0
2026-05-10 20:30:14,1299.35,1,0,0,0,0,0,0,0.16,0,1.00,4.33,2.23,3.36,1.00,D,0.00,12.00,12.00,12.00,12.00, ,9.62,,70.50,13.50,0,0.00,50.5,1,0,0.00,0.00,0.00,12.00,0.16,1.00,0,0,0.00,0
2026-05-10 20:30:15,1300.39,0,0,0,0,0,0,0,0.00,0,0.00,4.33,2.23,1.70,0.00,D,0.00,12.00,12.00,12.00,12.00, ,0.00,,66.70,13.30,0,0.00,48.3,1,0,0.00,0.00,0.00,12.00,0.00,0.00,0,0,0.00,0
2026-05-10 20:30:16,1301.52,0,0,1,0,0,0,0,0.00,0,1.00,4.33,2.23,0.05,0.25,D,0.00,12.00,12.00,12.00,12.00, ,0.00,,73.00,13.60,0,0.37,49.4,1,0,0.00,0.00,0.00,12.00,0.00,0.00,0,0,0.00,0
2026-05-10 20:30:17,1302.42,0,0,0,0,0,0,0,0.15,0,0.00,4.33,2.23,0.12,0.68,D,0.00,12.00,12.00,12.00,12.00, ,0.00,,67.90,13.40,0,0.00,48.3,1,0,0.00,0.00,0.00,12.00,0.00,0.00,0,0,0.00,0
2026-05-10 20:30:18,1303.55,0,0,0,1,0,0,0,0.74,0,1.00,4.33,2.23,0.46,-0.41,R,0.00,12.00,12.00,12.00,12.00, ,0.00,,72.90,13.40,0,0.00,49.9,1,0,0.00,0.00,0.00,12.00,0.00,0.00,0,0,0.00,0
2026-05-10 20:30:19,1304.51,0,0,0,0,0,0,0,0.00,0,1.00,4.33,2.22,1.62,-0.92,R,0.00,12.00,12.00,12.00,12.00, ,0.00,,67.40,13.40,0,0.00,48.8,1,0,0.00,0.00,0.00,12.00,0.00,0.00,0,0,0.00,0
2026-05-10 20:30:20,1305.47,0,0,0,0,0,0,0,0.00,0,1.00,4.33,2.22,3.31,-1.00,R,0.00,12.00,12.00,12.00,12.00, ,0.00,,71.70,13.40,0,0.00,48.8,1,0,0.00,0.00,0.00,12.00,0.00,0.00,0,0,0.00,0
2026-05-10 20:30:21,1306.54,0,0,0,0,0,0,0,1.00,0,1.00,4.33,2.22,0.90,-0.27,R,0.00,12.00,12.00,12.00,12.00, ,0.00,,76.00,13.60,0,0.00,48.8,1,0,0.00,0.00,0.00,12.00,0.00,0.00,0,0,0.00,0
2026-05-10 20:30:22,1307.59,0,0,0,0,0,0,0,0.00,0,0.00,4.33,2.22,1.24,-0.64,R,0.00,12.00,12.00,12.00,12.00, ,0.00,,66.70,13.50,0,0.00,48.8,1,0,0.00,0.00,0.00,12.00,0.00,0.00,0,0,0.00,0
2026-05-10 20:30:23,1308.59,0,0,0,0,0,0,0,0.00,1,0.00,4.33,2.22,1.54,0.00,R,0.00,12.00,12.00,12.00,12.00, ,0.00,,67.90,13.60,0,0.00,49.9,1,0,0.00,0.00,0.00,12.00,0.00,0.00,0,0,0.00,0
2026-05-10 20:30:24,1309.61,0,0,0,0,0,0,0,0.00,1,0.00,4.33,2.22,0.00,0.00,R,0.00,12.00,12.00,12.00,12.00, ,0.00,,65.00,13.40,0,0.05,48.3,1,0,0.00,0.00,0.00,12.00,0.00,0.00,0,0,0.00,0
2026-05-10 20:30:25,1310.63,0,0,0,0,0,0,0,0.00,1,0.00,4.33,2.22,0.00,0.00,R,0.00,12.00,12.00,12.00,12.00, ,0.00,,75.00,13.30,0,0.28,47.2,1,0,0.00,0.00,0.00,12.00,0.00,0.00,0,0,0.00,0
2026-05-10 20:30:26,1311.70,0,0,0,0,0,0,0,0.00,1,0.00,4.33,2.22,0.00,0.00,R,0.00,12.00,12.00,12.00,12.00, ,0.00,,66.60,13.30,0,1.35,48.3,1,0,0.00,0.00,0.00,12.00,0.00,0.00,0,0,0.00,0
2026-05-10 20:30:27,1312.73,0,0,0,0,0,0,0,0.00,1,0.00,4.33,2.22,0.00,0.00,R,0.00,12.00,12.00,12.00,12.00, ,0.00,,75.60,13.40,0,0.12,48.3,1,0,0.00,0.00,0.00,12.00,0.00,0.00,0,0,0.00,0
2026-05-10 20:30:28,1313.78,0,0,0,0,0,0,0,0.00,0,0.00,4.33,2.21,0.00,-0.00,R,0.00,12.00,12.00,12.00,12.00, ,0.00,,71.30,13.40,0,0.70,48.8,1,0,0.00,0.00,0.00,12.00,0.00,0.00,0,0,0.00,0
2026-05-10 20:30:29,1314.85,0,0,0,0,0,0,0,0.00,0,0.00,4.33,2.21,0.00,-0.00,R,0.00,12.00,12.00,12.00,12.00, ,0.00,,68.50,13.30,0,1.78,49.9,1,0,0.00,0.00,0.00,12.00,0.00,0.00,0,0,0.00,0
2026-05-10 20:30:30,1315.91,0,0,0,0,0,0,0,0.00,0,0.00,4.33,2.21,0.00,-0.00,R,0.00,12.00,12.00,12.00,12.00, ,0.00,,74.80,13.50,0,0.02,49.4,1,0,0.00,0.00,0.00,12.00,0.00,0.00,0,0,0.00,0
2026-05-10 20:30:31,1316.90,0,0,0,0,0,0,0,0.00,0,0.00,4.33,2.21,0.00,-0.00,R,0.00,12.00,12.00,12.00,12.00, ,0.00,,65.70,13.50,0,0.64,48.8,1,0,0.00,0.00,0.00,12.00,0.00,0.00,0,0,0.00,0
2026-05-10 20:30:32,1318.02,0,0,0,0,0,0,0,0.00,0,0.00,4.33,2.21,0.00,-0.00,R,0.00,12.00,12.00,12.00,12.00, ,0.00,,66.90,13.60,0,1.77,47.7,1,0,0.00,0.00,0.00,12.00,0.00,0.00,0,0,0.00,0
2026-05-10 20:30:33,1318.98,0,0,0,0,0,0,0,0.00,0,0.00,4.33,2.21,0.00,-0.00,R,0.00,12.00,12.00,12.00,12.00, ,0.00,,65.70,13.50,0,2.73,49.9,1,0,0.00,0.00,0.00,12.00,0.00,0.00,0,0,0.00,0
2026-05-10 20:30:34,1320.00,0,0,0,0,0,0,0,0.00,0,0.00,4.33,2.20,0.00,-0.00,R,0.00,12.00,12.00,12.00,12.00, ,0.00,,75.10,13.50,0,3.75,47.7,1,0,0.00,0.00,0.00,12.00,0.00,0.00,0,0,0.00,0
2026-05-10 20:30:35,1321.04,0,0,0,0,0,0,0,0.00,0,0.00,4.33,2.20,0.00,-0.00,R,0.00,12.00,12.00,12.00,12.00, ,0.00,,66.10,13.30,0,0.03,48.8,1,0,0.00,0.00,0.00,12.00,0.00,0.00,0,0,0.00,0
2026-05-10 20:30:37,1322.06,0,0,0,0,0,0,0,0.00,0,0.00,4.33,2.20,0.00,-0.00,R,0.00,12.00,12.00,12.00,12.00, ,0.00,,73.90,13.50,0,0.00,49.9,1,0,0.00,0.00,0.00,12.00,0.00,0.00,0,0,0.00,0
2026-05-10 20:30:38,1323.08,0,0,0,0,0,0,0,0.00,0,0.00,4.33,2.20,0.00,-0.00,R,0.00,12.00,12.00,12.00,12.00, ,0.00,,65.10,13.40,0,0.92,50.5,1,0,0.00,0.00,0.00,12.00,0.00,0.00,0,0,0.00,0
2026-05-10 20:30:39,1324.08,0,0,0,0,0,0,0,0.00,0,0.00,4.33,2.20,0.00,-0.00,R,0.00,12.00,12.00,12.00,12.00, ,0.00,,65.60,13.40,0,0.55,49.9,1,0,0.00,0.00,0.00,12.00,0.00,0.00,0,0,0.00,0
2026-05-10 20:30:40,1325.10,0,0,0,0,0,0,0,0.00,0,0.00,4.33,2.20,0.00,-0.00,R,0.00,12.00,12.00,12.00,12.00, ,0.00,,73.20,13.60,0,1.56,50.5,1,0,0.00,0.00,0.00,12.00,0.00,0.00,0,0,0.00,0
2026-05-10 20:30:41,1326.10,0,0,0,0,0,0,0,0.00,0,0.00,4.33,2.19,0.00,-0.00,R,0.00,12.00,12.00,12.00,12.00, ,0.00,,68.50,13.50,0,2.56,49.9,1,0,0.00,0.00,0.00,12.00,0.00,0.00,0,0,0.00,0
2026-05-10 20:30:42,1327.11,0,0,0,0,0,0,0,0.00,0,0.00,4.33,2.19,0.00,-0.00,R,0.00,12.00,12.00,12.00,12.00, ,0.00,,74.60,13.60,0,3.57,48.8,1,0,0.00,0.00,0.00,12.00,0.00,0.00,0,0,0.00,0
2026-05-10 20:30:43,1328.12,0,0,0,0,0,0,0,0.00,0,0.00,4.33,2.19,0.00,-0.00,R,0.00,12.00,12.00,12.00,12.00, ,0.00,,65.70,13.60,0,4.59,47.7,1,0,0.00,0.00,0.00,12.00,0.00,0.00,0,0,0.00,0
2026-05-10 20:30:44,1329.12,0,0,0,0,0,0,0,0.00,0,0.00,4.33,2.19,0.00,-0.00,R,0.00,12.00,12.00,12.00,12.00, ,0.00,,74.40,13.40,0,5.59,48.8,1,0,0.00,0.00,0.00,12.00,0.00,0.00,0,0,0.00,0
2026-05-10 20:30:45,1330.18,0,0,0,0,0,0,0,0.00,0,0.00,4.33,2.19,0.00,-0.00,R,0.00,12.00,12.00,12.00,12.00, ,0.00,,65.30,13.40,0,6.65,49.4,1,0,0.00,0.00,0.00,12.00,0.00,0.00,0,0,0.00,0
2026-05-10 20:30:46,1331.22,0,0,0,0,0,0,0,0.00,0,0.00,4.33,2.19,0.00,-0.00,R,0.00,12.00,12.00,12.00,12.00, ,0.00,,73.30,13.60,0,0.56,49.9,1,0,0.00,0.00,0.00,12.00,0.00,0.00,0,0,0.00,0
2026-05-10 20:30:47,1332.22,0,0,0,0,0,0,0,0.00,0,0.00,4.33,2.18,0.00,-0.00,R,0.00,12.00,12.00,12.00,12.00, ,0.00,,64.90,13.30,0,1.56,48.8,1,0,0.00,0.00,0.00,12.00,0.00,0.00,0,0,0.00,0
2026-05-10 20:30:48,1333.27,0,0,0,0,0,0,0,0.00,0,0.00,4.33,2.18,0.00,-0.00,R,0.00,12.00,12.00,12.00,12.00, ,0.00,,73.30,13.60,0,0.81,48.8,1,0,0.00,0.00,0.00,12.00,0.00,0.00,0,0,0.00,0
2026-05-10 20:30:49,1334.27,1,0,0,0,0,0,0,0.17,0,1.00,4.33,2.18,0.00,0.39,D,0.00,12.00,12.00,12.00,12.00, ,10.08,,64.50,13.40,0,0.03,48.3,1,0,0.00,0.00,0.00,12.00,0.17,1.00,0,0,0.00,0
2026-05-10 20:30:50,1335.32,1,0,0,0,0,0,0,0.19,0,1.00,4.33,2.18,0.84,0.91,D,0.00,12.00,12.00,12.00,12.00, ,11.28,,72.70,13.70,0,0.00,48.8,1,0,0.00,0.00,0.00,12.00,0.19,1.00,0,0,0.00,0
2026-05-10 20:30:51,1336.38,1,0,0,0,0,0,0,0.37,0,1.00,4.33,2.18,3.07,1.00,D,0.00,12.00,12.00,12.00,12.00, ,22.14,,66.70,13.60,0,0.00,50.5,1,0,0.00,0.00,0.00,12.00,0.37,1.00,0,0,0.00,0
2026-05-10 20:30:52,1337.38,0,0,0,1,0,0,0,0.00,0,0.00,4.33,2.18,2.94,0.00,N,0.00,12.00,12.00,12.00,12.00, ,0.00,,76.00,13.70,0,0.00,50.5,1,0,0.00,0.00,0.00,12.00,0.00,0.00,0,0,0.00,0
2026-05-10 20:30:53,1338.40,0,0,0,0,0,0,0,0.00,0,0.00,4.33,2.18,1.02,0.00,N,0.00,12.00,12.00,12.00,12.00, ,0.00,,68.50,13.70,0,0.01,49.4,1,0,0.00,0.00,0.00,12.00,0.00,0.00,0,0,0.00,0
2026-05-10 20:30:54,1339.46,0,0,1,0,0,0,0,0.00,0,1.00,4.33,2.18,0.01,0.18,D,0.00,12.00,12.00,12.00,12.00, ,0.00,,68.20,13.60,0,0.20,47.7,1,0,0.00,0.00,0.00,12.00,0.00,0.00,0,0,0.00,0
2026-05-10 20:30:55,1340.53,0,0,0,1,0,0,0,0.00,0,0.00,4.33,2.18,0.19,0.00,N,0.00,12.00,12.00,12.00,12.00, ,0.00,,79.20,13.60,0,0.00,47.7,1,0,0.00,0.00,0.00,12.00,0.00,0.00,0,0,0.00,0
2026-05-10 20:30:56,1341.65,0,0,0,1,0,0,0,0.70,0,1.00,4.33,2.17,0.17,-0.47,R,0.00,12.00,12.00,12.00,12.00, ,0.00,,66.60,13.40,0,0.00,45.5,1,0,0.00,0.00,0.00,12.00,0.00,0.00,0,0,0.00,0
2026-05-10 20:30:57,1342.60,0,0,0,0,0,0,0,0.00,0,1.00,4.33,2.17,1.31,-0.99,R,0.00,12.00,12.00,12.00,12.00, ,0.00,,73.00,13.40,0,0.00,47.2,1,0,0.00,0.00,0.00,12.00,0.00,0.00,0,0,0.00,0
2026-05-10 20:30:58,1343.61,0,0,0,0,0,0,0,0.00,0,1.00,4.33,2.17,3.59,-1.00,R,0.00,12.00,12.00,12.00,12.00, ,0.00,,76.10,13.60,0,0.00,47.2,1,0,0.00,0.00,0.00,12.00,0.00,0.00,0,0,0.00,0
2026-05-10 20:30:59,1344.66,0,0,1,0,0,0,0,0.00,0,0.00,4.33,2.18,3.10,0.00,N,0.00,12.00,12.00,12.00,12.00, ,0.00,,68.90,13.40,0,0.00,47.2,1,0,0.00,0.00,0.00,12.00,0.00,0.00,0,0,0.00,0
2026-05-10 20:31:00,1345.69,0,0,1,0,0,0,0,0.00,0,1.00,4.33,2.17,0.71,0.39,D,0.00,12.00,12.00,12.00,12.00, ,0.00,,75.40,13.50,0,0.01,46.1,1,0,0.00,0.00,0.00,12.00,0.00,0.00,0,0,0.00,0
2026-05-10 20:31:01,1346.66,0,0,0,0,0,0,0,0.00,0,1.00,4.33,2.17,0.79,0.90,D,0.00,12.00,12.00,12.00,12.00, ,0.00,,70.90,13.50,0,0.00,47.7,1,0,0.00,0.00,0.00,12.00,0.00,0.00,0,0,0.00,0
2026-05-10 20:31:02,1347.68,0,0,0,0,0,0,0,0.00,0,1.00,4.33,2.17,2.98,1.00,D,0.00,12.00,12.00,12.00,12.00, ,0.00,,69.00,13.40,0,0.00,46.6,1,0,0.00,0.00,0.00,12.00,0.00,0.00,0,0,0.00,0
2026-05-10 20:31:03,1348.67,0,0,0,0,0,0,0,0.00,0,1.00,4.33,2.17,3.32,1.00,D,0.00,12.00,12.00,12.00,12.00, ,0.00,,77.10,13.30,0,0.00,48.3,1,0,0.00,0.00,0.00,12.00,0.00,0.00,0,0,0.00,0
2026-05-10 20:31:04,1349.77,0,0,0,0,0,0,0,0.00,0,1.00,4.33,2.17,3.40,1.00,D,0.00,12.00,12.00,12.00,12.00, ,0.00,,68.00,13.20,0,0.00,48.3,1,0,0.00,0.00,0.00,12.00,0.00,0.00,0,0,0.00,0
2026-05-10 20:31:05,1350.80,0,0,0,0,0,0,0,0.00,0,1.00,4.33,2.18,3.41,1.00,D,0.00,12.00,12.00,12.00,12.00, ,0.00,,79.30,13.70,0,0.00,49.9,1,0,0.00,0.00,0.00,12.00,0.00,0.00,0,0,0.00,0
2026-05-10 20:31:06,1351.86,0,0,0,0,0,0,0,0.00,0,1.00,4.33,2.18,3.41,1.00,D,0.00,12.00,12.00,12.00,12.00, ,0.00,,67.80,13.70,0,0.00,47.2,1,0,0.00,0.00,0.00,12.00,0.00,0.00,0,0,0.00,0
2026-05-10 20:31:07,1352.82,0,0,0,0,0,0,0,0.00,0,1.00,4.33,2.18,3.39,1.00,D,0.00,12.00,12.00,12.00,12.00, ,0.00,,76.90,13.70,0,0.00,48.8,1,0,0.00,0.00,0.00,12.00,0.00,0.00,0,0,0.00,0
2026-05-10 20:31:08,1353.92,0,0,0,0,0,0,0,0.00,0,0.00,4.33,2.18,3.44,0.87,D,0.00,12.00,12.00,12.00,12.00, ,0.00,,69.70,13.60,0,0.00,48.8,1,0,0.00,0.00,0.00,12.00,0.00,0.00,0,0,0.00,0
2026-05-10 20:31:09,1354.97,0,0,0,0,0,0,0,0.00,0,0.00,4.33,2.18,2.42,0.24,D,0.00,12.00,12.00,12.00,12.00, ,0.00,,74.40,13.60,0,0.00,48.8,1,0,0.00,0.00,0.00,12.00,0.00,0.00,0,0,0.00,0
2026-05-10 20:31:10,1355.95,1,0,0,0,0,0,0,-0.05,0,1.00,4.33,2.18,0.74,0.46,D,0.00,12.00,12.00,12.00,12.00, ,-3.09,,69.30,13.50,0,0.00,49.4,1,0,0.00,0.00,0.00,12.00,-0.05,1.00,0,0,0.00,0
2026-05-10 20:31:11,1356.98,1,0,0,0,0,0,0,-0.12,0,1.00,4.33,2.18,1.29,0.98,D,0.00,12.00,12.00,12.00,12.00, ,-7.48,,72.60,13.70,0,0.00,48.8,1,0,0.00,0.00,0.00,12.00,-0.12,1.00,0,0,0.00,0
2026-05-10 20:31:13,1358.08,1,0,0,0,0,0,0,0.75,0,1.00,4.33,2.18,3.14,1.00,D,0.00,12.00,12.00,12.00,12.00, ,44.83,,73.10,13.80,0,0.00,49.4,1,0,0.00,0.00,0.00,12.00,0.75,1.00,0,0,0.00,0
2026-05-10 20:31:14,1359.08,1,0,0,0,0,0,0,0.04,0,1.00,4.33,2.18,3.19,1.00,D,0.00,12.00,12.00,12.00,12.00, ,2.38,,69.50,13.70,0,0.00,48.8,1,0,0.00,0.00,0.00,12.00,0.04,1.00,0,0,0.00,0
2026-05-10 20:31:15,1360.12,1,0,0,0,0,0,0,-0.09,0,1.00,4.33,2.18,3.29,1.00,D,0.00,12.00,12.00,12.00,12.00, ,-5.18,,75.80,13.60,0,0.00,48.8,1,0,0.00,0.00,0.00,12.00,-0.09,1.00,0,0,0.00,0
2026-05-10 20:31:16,1361.17,1,0,0,0,0,0,0,0.19,0,1.00,4.33,2.18,3.46,1.00,D,0.00,12.00,12.00,12.00,12.00, ,11.36,,71.50,13.70,0,0.00,48.8,1,0,0.00,0.00,0.00,12.00,0.19,1.00,0,0,0.00,0
2026-05-10 20:31:17,1362.16,1,0,0,0,0,0,0,-0.07,0,1.00,4.33,2.18,3.51,1.00,D,0.00,12.00,12.00,12.00,12.00, ,-3.95,,72.60,13.60,0,0.00,48.8,1,0,0.00,0.00,0.00,12.00,-0.07,1.00,0,0,0.00,0
2026-05-10 20:31:18,1363.27,1,0,0,0,0,0,0,0.08,0,1.00,4.33,2.18,3.41,1.00,D,0.00,12.00,12.00,12.00,12.00, ,4.62,,68.00,13.40,0,0.00,46.6,1,0,0.00,0.00,0.00,12.00,0.08,1.00,0,0,0.00,0
2026-05-10 20:31:19,1364.30,1,0,0,0,0,0,0,0.23,0,1.00,4.33,2.18,3.41,1.00,D,0.00,12.00,12.00,12.00,12.00, ,13.95,,77.10,13.70,0,0.00,47.7,1,0,0.00,0.00,0.00,12.00,0.23,1.00,0,0,0.00,0
2026-05-10 20:31:20,1365.32,1,0,0,0,0,0,0,0.02,0,1.00,4.33,2.18,3.47,1.00,D,0.00,12.00,12.00,12.00,12.00, ,0.99,,66.80,13.60,0,0.00,48.8,1,0,0.00,0.00,0.00,12.00,0.02,1.00,0,0,0.00,0
2026-05-10 20:31:21,1366.39,1,0,0,0,0,0,0,-0.06,0,1.00,4.33,2.19,3.41,1.00,D,0.00,12.00,12.00,12.00,12.00, ,-3.63,,74.90,13.60,0,0.00,48.8,1,0,0.00,0.00,0.00,12.00,-0.06,1.00,0,0,0.00,0
2026-05-10 20:31:22,1367.43,1,0,0,0,0,0,0,0.02,0,1.00,4.33,2.19,3.36,1.00,D,0.00,12.00,12.00,12.00,12.00, ,1.23,,66.40,13.50,0,0.00,48.3,1,0,0.00,0.00,0.00,12.00,0.02,1.00,0,0,0.00,0
2026-05-10 20:31:23,1368.55,1,0,0,0,0,0,0,0.11,0,1.00,4.33,2.19,3.38,1.00,D,0.00,12.00,12.00,12.00,12.00, ,6.47,,75.30,13.80,0,0.00,49.4,1,0,0.00,0.00,0.00,12.00,0.11,1.00,0,0,0.00,0
2026-05-10 20:31:24,1369.57,1,0,0,0,0,0,0,0.06,0,1.00,4.33,2.19,3.44,1.00,D,0.00,12.00,12.00,12.00,12.00, ,3.62,,68.00,13.80,0,0.00,49.4,1,0,0.00,0.00,0.00,12.00,0.06,1.00,0,0,0.00,0
2026-05-10 20:31:25,1370.56,1,0,0,0,0,0,0,0.18,0,1.00,4.33,2.19,3.43,1.00,D,0.00,12.00,12.00,12.00,12.00, ,10.79,,68.30,13.80,0,0.00,49.4,1,0,0.00,0.00,0.00,12.00,0.18,1.00,0,0,0.00,0
2026-05-10 20:31:26,1371.58,1,0,0,0,0,0,0,0.15,0,1.00,4.33,2.19,3.43,1.00,D,0.00,12.00,12.00,12.00,12.00, ,9.01,,74.70,13.70,0,0.00,48.3,1,0,0.00,0.00,0.00,12.00,0.15,1.00,0,0,0.00,0
2026-05-10 20:31:27,1372.59,1,0,0,0,0,0,0,0.10,0,1.00,4.33,2.19,3.43,1.00,D,0.00,12.00,12.00,12.00,12.00, ,6.26,,68.50,13.60,0,0.00,49.4,1,0,0.00,0.00,0.00,12.00,0.10,1.00,0,0,0.00,0
2026-05-10 20:31:28,1373.62,1,0,0,0,0,0,0,0.15,0,1.00,4.33,2.19,3.43,1.00,D,0.00,12.00,12.00,12.00,12.00, ,8.86,,75.90,13.50,0,0.00,49.4,1,0,0.00,0.00,0.00,12.00,0.15,1.00,0,0,0.00,0
2026-05-10 20:31:29,1374.67,1,0,0,0,0,0,0,0.16,0,1.00,4.33,2.19,3.52,1.00,D,0.00,12.00,12.00,12.00,12.00, ,9.50,,68.00,13.50,0,0.00,47.7,1,0,0.00,0.00,0.00,12.00,0.16,1.00,0,0,0.00,0
2026-05-10 20:31:30,1375.67,1,0,0,0,0,0,0,0.07,0,1.00,4.33,2.19,3.49,1.00,D,0.00,12.00,12.00,12.00,12.00, ,3.94,,66.10,13.50,0,0.00,48.3,1,0,0.00,0.00,0.00,12.00,0.07,1.00,0,0,0.00,0
2026-05-10 20:31:31,1376.79,1,0,0,0,0,0,0,0.07,0,1.00,4.33,2.19,3.47,1.00,D,0.00,12.00,12.00,12.00,12.00, ,4.25,,74.80,13.60,0,0.00,48.8,1,0,0.00,0.00,0.00,12.00,0.07,1.00,0,0,0.00,0
2026-05-10 20:31:32,1377.81,1,0,0,0,0,0,0,0.21,0,1.00,4.33,2.20,3.77,1.00,D,0.00,12.00,12.00,12.00,12.00, ,12.55,,70.10,13.60,0,0.00,47.7,1,0,0.00,0.00,0.00,12.00,0.21,1.00,0,0,0.00,0
2026-05-10 20:31:33,1378.86,0,0,0,0,0,0,0,0.00,1,0.00,4.33,2.20,3.53,0.00,D,0.00,12.00,12.00,12.00,12.00, ,0.00,,68.10,13.60,0,0.00,47.2,1,0,0.00,0.00,0.00,12.00,0.00,0.00,0,0,0.00,0
2026-05-10 20:31:34,1379.91,0,0,1,0,0,0,0,0.00,0,0.00,4.33,2.20,0.00,0.00,D,0.00,12.00,12.00,12.00,12.00, ,0.00,,77.90,13.50,0,0.54,46.6,1,0,0.00,0.00,0.00,12.00,0.00,0.00,0,0,0.00,0
2026-05-10 20:31:35,1380.93,0,0,0,0,0,0,0,0.00,0,1.00,4.33,2.19,0.03,0.52,D,0.00,12.00,12.00,12.00,12.00, ,0.00,,67.20,13.40,0,0.00,47.2,1,0,0.00,0.00,0.00,12.00,0.00,0.00,0,0,0.00,0
2026-05-10 20:31:36,1381.96,0,0,0,1,0,0,0,0.00,0,1.00,4.33,2.19,1.24,-0.07,R,0.00,12.00,12.00,12.00,12.00, ,0.00,,74.90,13.30,0,0.00,46.6,1,0,0.00,0.00,0.00,12.00,0.00,0.00,0,0,0.00,0
2026-05-10 20:31:38,1383.08,0,0,0,0,0,0,0,0.00,0,1.00,4.33,2.19,0.13,-0.59,R,0.00,12.00,12.00,12.00,12.00, ,0.00,,72.90,13.60,0,0.00,48.3,1,0,0.00,0.00,0.00,12.00,0.00,0.00,0,0,0.00,0
2026-05-10 20:31:39,1384.11,0,0,0,0,0,0,0,0.00,0,1.00,4.33,2.19,1.07,-1.00,R,0.00,12.00,12.00,12.00,12.00, ,0.00,,67.80,13.40,0,0.00,48.3,1,0,0.00,0.00,0.00,12.00,0.00,0.00,0,0,0.00,0
2026-05-10 20:31:40,1385.16,0,0,0,0,0,0,0,0.00,0,0.85,4.33,2.19,2.16,-0.69,R,0.00,12.00,12.00,12.00,12.00, ,0.00,,78.70,13.50,0,0.00,47.7,1,0,0.00,0.00,0.00,12.00,0.00,0.00,0,0,0.00,0
2026-05-10 20:31:41,1386.22,0,0,0,0,0,0,0,0.67,0,0.00,4.33,2.19,2.58,-0.43,R,0.00,12.00,12.00,12.00,12.00, ,0.00,,67.80,13.30,0,0.00,46.6,1,0,0.00,0.00,0.00,12.00,0.00,0.00,0,0,0.00,0
2026-05-10 20:31:42,1387.22,0,0,1,0,0,0,0,-0.59,0,1.00,4.33,2.19,1.40,0.10,D,0.00,12.00,12.00,12.00,12.00, ,0.00,,77.50,13.60,0,0.00,47.2,1,0,0.00,0.00,0.00,12.00,0.00,0.00,0,0,0.00,0
2026-05-10 20:31:43,1388.33,0,0,0,0,0,0,0,0.00,0,1.00,4.33,2.19,0.36,0.63,D,0.00,12.00,12.00,12.00,12.00, ,0.00,,68.50,13.60,0,0.00,48.3,1,0,0.00,0.00,0.00,12.00,0.00,0.00,0,0,0.00,0
2026-05-10 20:31:44,1389.40,0,0,0,0,0,0,0,0.31,0,1.00,4.33,2.19,2.29,1.00,D,0.00,12.00,12.00,12.00,12.00, ,0.00,,68.80,13.40,0,0.00,46.6,1,0,0.00,0.00,0.00,12.00,0.00,0.00,0,0,0.00,0
2026-05-10 20:31:45,1390.50,0,0,0,0,0,0,0,0.00,0,1.00,4.33,2.19,3.26,1.00,D,0.00,12.00,12.00,12.00,12.00, ,0.00,,76.30,13.40,0,0.00,48.3,1,0,0.00,0.00,0.00,12.00,0.00,0.00,0,0,0.00,0
2026-05-10 20:31:46,1391.47,0,0,0,0,0,0,0,0.00,0,1.00,4.33,2.19,3.35,1.00,D,0.00,12.00,12.00,12.00,12.00, ,0.00,,68.10,13.40,0,0.00,46.1,1,0,0.00,0.00,0.00,12.00,0.00,0.00,0,0,0.00,0
2026-05-10 20:31:47,1392.57,0,0,0,0,0,0,0,0.00,0,1.00,4.33,2.19,3.49,1.00,D,0.00,12.00,12.00,12.00,12.00, ,0.00,,79.40,13.50,0,0.00,46.1,1,0,0.00,0.00,0.00,12.00,0.00,0.00,0,0,0.00,0
2026-05-10 20:31:48,1393.52,0,0,0,0,0,0,0,0.00,0,1.00,4.33,2.19,3.54,1.00,D,0.00,12.00,12.00,12.00,12.00, ,0.00,,68.00,13.40,0,0.00,47.2,1,0,0.00,0.00,0.00,12.00,0.00,0.00,0,0,0.00,0
2026-05-10 20:31:49,1394.59,0,0,0,0,0,0,0,0.00,0,1.00,4.33,2.19,3.62,1.00,D,0.00,12.00,12.00,12.00,12.00, ,0.00,,76.00,13.50,0,0.00,48.8,1,0,0.00,0.00,0.00,12.00,0.00,0.00,0,0,0.00,0
2026-05-10 20:31:50,1395.71,0,0,0,0,0,0,0,0.00,0,1.00,4.33,2.19,3.64,1.00,D,0.00,12.00,12.00,12.00,12.00, ,0.00,,64.30,13.50,0,0.00,48.8,1,0,0.00,0.00,0.00,12.00,0.00,0.00,0,0,0.00,0
2026-05-10 20:31:51,1396.56,0,0,0,0,0,0,0,0.00,0,0.00,4.33,2.20,3.48,0.82,D,0.00,12.00,12.00,12.00,12.00, ,0.00,,69.90,13.50,0,0.00,46.1,1,0,0.00,0.00,0.00,12.00,0.00,0.00,0,0,0.00,0
2026-05-10 20:31:52,1397.65,0,0,0,0,0,0,0,0.00,0,0.00,4.33,2.20,2.66,0.21,D,0.00,12.00,12.00,12.00,12.00, ,0.00,,76.10,13.70,0,0.00,48.3,1,0,0.00,0.00,0.00,12.00,0.00,0.00,0,0,0.00,0
2026-05-10 20:31:53,1398.70,0,0,0,0,0,0,0,-0.65,0,1.00,4.33,2.20,1.61,0.59,D,0.00,12.00,12.00,12.00,12.00, ,0.00,,68.60,13.70,0,0.00,46.6,1,0,0.00,0.00,0.00,12.00,0.00,0.00,0,0,0.00,0
2026-05-10 20:31:54,1399.68,1,0,0,0,0,0,0,0.26,0,1.00,4.33,2.20,1.58,0.83,D,0.00,12.00,12.00,12.00,12.00, ,15.33,,67.60,13.40,0,0.00,48.3,1,0,0.00,0.00,0.00,12.00,0.26,1.00,0,0,0.00,0
2026-05-10 20:31:55,1400.72,1,0,0,0,0,0,0,-0.63,0,1.00,4.33,2.20,2.68,1.00,D,0.00,12.00,12.00,12.00,12.00, ,-37.98,,69.70,13.40,0,0.00,48.8,1,0,0.00,0.00,0.00,12.00,-0.63,1.00,0,0,0.00,0
2026-05-10 20:31:56,1401.78,1,0,0,0,0,0,0,0.36,0,1.00,4.33,2.20,3.00,1.00,D,0.00,12.00,12.00,12.00,12.00, ,21.84,,75.30,13.70,0,0.00,47.2,1,0,0.00,0.00,0.00,12.00,0.36,1.00,0,0,0.00,0
2026-05-10 20:31:57,1402.72,1,0,0,0,0,0,0,-0.21,0,1.00,4.33,2.20,3.30,1.00,D,0.00,12.00,12.00,12.00,12.00, ,-12.49,,70.00,13.60,0,0.00,45.5,1,0,0.00,0.00,0.00,12.00,-0.21,1.00,0,0,0.00,0
2026-05-10 20:31:58,1403.79,1,0,0,0,0,0,0,0.21,0,1.00,4.33,2.20,3.28,1.00,D,0.00,12.00,12.00,12.00,12.00, ,12.68,,74.00,13.70,0,0.00,47.7,1,0,0.00,0.00,0.00,12.00,0.21,1.00,0,0,0.00,0
2026-05-10 20:31:59,1404.84,1,0,0,0,0,0,0,0.04,0,1.00,4.33,2.20,3.48,1.00,D,0.00,12.00,12.00,12.00,12.00, ,2.49,,70.00,13.50,0,0.00,48.3,1,0,0.00,0.00,0.00,12.00,0.04,1.00,0,0,0.00,0
2026-05-10 20:32:00,1406.02,1,0,0,0,0,0,0,0.35,0,1.00,4.33,2.20,3.50,1.00,D,0.00,12.00,12.00,12.00,12.00, ,21.03,,75.50,13.50,0,0.00,47.2,1,0,0.00,0.00,0.00,12.00,0.35,1.00,0,0,0.00,0
2026-05-10 20:32:01,1406.99,1,0,0,0,0,0,0,-0.23,0,1.00,4.33,2.20,3.49,1.00,D,0.00,12.00,12.00,12.00,12.00, ,-13.65,,70.80,13.60,0,0.00,46.6,1,0,0.00,0.00,0.00,12.00,-0.23,1.00,0,0,0.00,0
2026-05-10 20:32:03,1408.08,1,0,0,0,0,0,0,0.87,0,1.00,4.33,2.20,3.45,1.00,D,0.00,12.00,12.00,12.00,12.00, ,52.00,,69.90,13.60,0,0.00,45.0,1,0,0.00,0.00,0.00,12.00,0.87,1.00,0,0,0.00,0
2026-05-10 20:32:04,1409.07,1,0,0,0,0,0,0,-0.19,0,1.00,4.33,2.20,3.30,1.00,D,0.00,12.00,12.00,12.00,12.00, ,-11.61,,68.90,13.50,0,0.00,46.1,1,0,0.00,0.00,0.00,12.00,-0.19,1.00,0,0,0.00,0
2026-05-10 20:32:05,1410.08,1,0,0,0,0,0,0,0.35,0,1.00,4.33,2.20,3.33,1.00,D,0.00,12.00,12.00,12.00,12.00, ,21.14,,74.70,13.40,0,0.00,46.6,1,0,0.00,0.00,0.00,12.00,0.35,1.00,0,0,0.00,0
2026-05-10 20:32:06,1411.23,1,0,0,0,0,0,0,-0.14,0,1.00,4.33,2.20,3.60,1.00,D,0.00,12.00,12.00,12.00,12.00, ,-8.21,,77.60,13.50,0,0.00,44.4,1,0,0.00,0.00,0.00,12.00,-0.14,1.00,0,0,0.00,0
2026-05-10 20:32:07,1412.15,1,0,0,0,0,0,0,0.08,0,1.00,4.33,2.20,3.44,1.00,D,0.00,12.00,12.00,12.00,12.00, ,4.67,,68.30,13.50,0,0.00,45.5,1,0,0.00,0.00,0.00,12.00,0.08,1.00,0,0,0.00,0
2026-05-10 20:32:08,1413.17,1,0,0,0,0,0,0,0.26,0,1.00,4.33,2.21,3.68,1.00,D,0.00,12.00,12.00,12.00,12.00, ,15.31,,67.30,13.30,0,0.00,47.2,1,0,0.00,0.00,0.00,12.00,0.26,1.00,0,0,0.00,0
2026-05-10 20:32:09,1414.31,1,0,0,0,0,0,0,-0.07,0,1.00,4.33,2.21,3.54,1.00,D,0.00,12.00,12.00,12.00,12.00, ,-3.94,,78.00,13.60,0,0.00,46.6,1,0,0.00,0.00,0.00,12.00,-0.07,1.00,0,0,0.00,0
2026-05-10 20:32:10,1415.27,1,0,0,0,0,0,0,0.09,0,1.00,4.33,2.21,3.55,1.00,D,0.00,12.00,12.00,12.00,12.00, ,5.21,,68.20,13.50,0,0.00,45.5,1,0,0.00,0.00,0.00,12.00,0.09,1.00,0,0,0.00,0
2026-05-10 20:32:11,1416.28,1,0,0,0,0,0,0,-0.03,0,1.00,4.33,2.21,3.66,1.00,D,0.00,12.00,12.00,12.00,12.00, ,-1.78,,76.20,13.60,0,0.00,47.7,1,0,0.00,0.00,0.00,12.00,-0.03,1.00,0,0,0.00,0
2026-05-10 20:32:12,1417.32,1,0,0,0,0,0,0,-0.03,0,1.00,4.33,2.21,3.59,1.00,D,0.00,12.00,12.00,12.00,12.00, ,-1.84,,68.00,13.50,0,0.00,47.7,1,0,0.00,0.00,0.00,12.00,-0.03,1.00,0,0,0.00,0
2026-05-10 20:32:13,1418.32,1,0,0,0,0,0,0,0.05,0,1.00,4.33,2.21,3.59,1.00,D,0.00,12.00,12.00,12.00,12.00, ,2.81,,66.90,13.40,0,0.00,46.1,1,0,0.00,0.00,0.00,12.00,0.05,1.00,0,0,0.00,0
2026-05-10 20:32:14,1419.41,1,0,0,0,0,0,0,0.28,0,1.00,4.33,2.21,3.61,1.00,D,0.00,12.00,12.00,12.00,12.00, ,16.83,,75.70,13.60,0,0.00,48.3,1,0,0.00,0.00,0.00,12.00,0.28,1.00,0,0,0.00,0
2026-05-10 20:32:15,1420.40,1,0,0,0,0,0,0,0.03,0,1.00,4.33,2.21,3.69,1.00,D,0.00,12.00,12.00,12.00,12.00, ,1.90,,68.20,13.60,0,0.00,48.8,1,0,0.00,0.00,0.00,12.00,0.03,1.00,0,0,0.00,0
2026-05-10 20:32:16,1421.48,1,0,0,0,0,0,0,0.22,0,1.00,4.33,2.21,3.57,1.00,D,0.00,12.00,12.00,12.00,12.00, ,12.96,,75.80,13.60,0,0.00,47.7,1,0,0.00,0.00,0.00,12.00,0.22,1.00,0,0,0.00,0
2026-05-10 20:32:17,1422.44,1,0,0,0,0,0,0,0.10,0,1.00,4.33,2.21,3.55,1.00,D,0.00,12.00,12.00,12.00,12.00, ,6.24,,67.00,13.50,0,0.00,47.2,1,0,0.00,0.00,0.00,12.00,0.10,1.00,0,0,0.00,0
2026-05-10 20:32:18,1423.53,1,0,0,0,0,0,0,0.14,0,1.00,4.33,2.22,3.55,1.00,D,0.00,12.00,12.00,12.00,12.00, ,8.25,,75.30,13.50,0,0.00,47.7,1,0,0.00,0.00,0.00,12.00,0.14,1.00,0,0,0.00,0
2026-05-10 20:32:19,1424.52,1,0,0,0,0,0,0,0.21,0,1.00,4.33,2.22,3.72,1.00,D,0.00,12.00,12.00,12.00,12.00, ,12.82,,70.30,13.30,0,0.00,48.8,1,0,0.00,0.00,0.00,12.00,0.21,1.00,0,0,0.00,0
2026-05-10 20:32:20,1425.54,1,0,0,0,0,0,0,0.09,0,1.00,4.33,2.22,3.67,1.00,D,0.00,12.00,12.00,12.00,12.00, ,5.38,,68.00,13.40,0,0.00,47.7,1,0,0.00,0.00,0.00,12.00,0.09,1.00,0,0,0.00,0
2026-05-10 20:32:21,1426.63,1,0,0,0,0,0,0,-0.01,0,1.00,4.33,2.22,3.51,1.00,D,0.00,12.00,12.00,12.00,12.00, ,-0.33,,74.00,13.60,0,0.00,48.3,1,0,0.00,0.00,0.00,12.00,-0.01,1.00,0,0,0.00,0
2026-05-10 20:32:22,1427.63,1,0,0,0,0,0,0,0.21,0,1.00,4.33,2.22,3.70,1.00,D,0.00,12.00,12.00,12.00,12.00, ,12.57,,66.80,13.60,0,0.00,48.8,1,0,0.00,0.00,0.00,12.00,0.21,1.00,0,0,0.00,0
2026-05-10 20:32:23,1428.59,1,0,0,0,0,0,0,0.11,0,1.00,4.33,2.22,3.70,1.00,D,0.00,12.00,12.00,12.00,12.00, ,6.54,,67.90,13.50,0,0.00,47.2,1,0,0.00,0.00,0.00,12.00,0.11,1.00,0,0,0.00,0
2026-05-10 20:32:24,1429.61,1,0,0,0,0,0,0,0.00,0,1.00,4.33,2.22,3.60,1.00,D,0.00,12.00,12.00,12.00,12.00, ,0.29,,76.30,13.50,0,0.00,47.7,1,0,0.00,0.00,0.00,12.00,0.00,1.00,0,0,0.00,0
2026-05-10 20:32:25,1430.65,1,0,0,0,0,0,0,0.12,0,1.00,4.33,2.22,3.67,1.00,D,0.00,12.00,12.00,12.00,12.00, ,6.92,,67.50,13.50,0,0.00,48.8,1,0,0.00,0.00,0.00,12.00,0.12,1.00,0,0,0.00,0
2026-05-10 20:32:26,1431.70,0,0,0,0,0,0,0,-1.00,0,1.00,4.33,2.22,3.73,0.06,D,0.00,12.00,12.00,12.00,12.00, ,0.00,,71.00,13.40,0,0.00,47.7,1,0,0.00,0.00,0.00,12.00,0.00,0.00,0,0,0.00,0
2026-05-10 20:32:27,1432.90,0,0,0,0,0,0,0,0.00,0,1.00,4.33,2.22,2.20,0.57,D,0.00,12.00,12.00,12.00,12.00, ,0.00,,73.80,13.80,0,0.00,49.4,1,0,0.00,0.00,0.00,12.00,0.00,0.00,0,0,0.00,0
2026-05-10 20:32:28,1433.79,0,0,0,0,0,0,0,0.00,0,1.00,4.33,2.22,2.02,1.00,D,0.00,12.00,12.00,12.00,12.00, ,0.00,,66.30,13.60,0,0.00,47.2,1,0,0.00,0.00,0.00,12.00,0.00,0.00,0,0,0.00,0
2026-05-10 20:32:29,1434.78,0,0,0,0,0,0,0,0.47,0,1.00,4.33,2.22,3.33,1.00,D,0.00,12.00,12.00,12.00,12.00, ,0.00,,66.60,13.60,0,0.00,49.4,1,0,0.00,0.00,0.00,12.00,0.00,0.00,0,0,0.00,0
2026-05-10 20:32:30,1435.83,0,0,0,0,0,0,0,0.00,0,1.00,4.33,2.23,3.50,1.00,D,0.00,12.00,12.00,12.00,12.00, ,0.00,,74.20,13.90,0,0.00,48.3,1,0,0.00,0.00,0.00,12.00,0.00,0.00,0,0,0.00,0
2026-05-10 20:32:31,1436.83,0,0,0,0,0,0,0,0.00,0,1.00,4.33,2.23,3.66,1.00,D,0.00,12.00,12.00,12.00,12.00, ,0.00,,71.20,13.80,0,0.00,48.3,1,0,0.00,0.00,0.00,12.00,0.00,0.00,0,0,0.00,0
2026-05-10 20:32:32,1437.94,0,0,0,0,0,0,0,0.00,0,1.00,4.33,2.23,3.80,1.00,D,0.00,12.00,12.00,12.00,12.00, ,0.00,,74.50,13.80,0,0.00,48.3,1,0,0.00,0.00,0.00,12.00,0.00,0.00,0,0,0.00,0
2026-05-10 20:32:33,1439.05,0,0,0,0,0,0,0,0.00,0,0.00,4.33,2.23,3.76,0.92,D,0.00,12.00,12.00,12.00,12.00, ,0.00,,67.40,13.70,0,0.00,48.3,1,0,0.00,0.00,0.00,12.00,0.00,0.00,0,0,0.00,0
2026-05-10 20:32:34,1439.98,1,0,0,0,0,0,0,0.02,0,1.00,4.33,2.23,3.32,0.46,D,0.00,12.00,12.00,12.00,12.00, ,1.00,,69.70,13.70,0,0.00,48.8,1,0,0.00,0.00,0.00,12.00,0.02,1.00,0,0,0.00,0
2026-05-10 20:32:35,1440.95,1,0,0,0,0,0,0,0.90,0,1.00,4.33,2.23,2.57,0.98,D,0.00,12.00,12.00,12.00,12.00, ,54.07,,78.30,13.70,0,0.00,47.7,1,0,0.00,0.00,0.00,12.00,0.90,1.00,0,0,0.00,0
2026-05-10 20:32:36,1442.01,1,0,0,0,0,0,0,-0.14,0,1.00,4.33,2.23,3.26,1.00,D,0.00,12.00,12.00,12.00,12.00, ,-8.22,,68.50,13.60,0,0.00,47.2,1,0,0.00,0.00,0.00,12.00,-0.14,1.00,0,0,0.00,0
2026-05-10 20:32:37,1443.01,0,0,0,1,0,0,0,0.41,0,0.00,4.33,2.23,0.00,0.00,N,0.00,12.00,12.00,12.00,12.00, ,0.00,,73.50,13.80,0,0.34,47.2,1,0,0.00,0.00,0.00,12.00,0.00,0.00,0,0,0.00,0
2026-05-10 20:32:38,1444.02,0,0,0,1,0,0,0,0.84,0,1.00,4.33,2.23,0.01,-0.47,R,0.00,12.00,12.00,12.00,12.00, ,0.00,,66.50,13.80,0,0.37,48.8,1,0,0.00,0.00,0.00,12.00,0.00,0.00,0,0,0.00,0
2026-05-10 20:32:40,1445.16,0,0,0,0,0,0,0,1.00,0,1.00,4.33,2.23,0.97,-1.00,R,0.00,12.00,12.00,12.00,12.00, ,0.00,,73.90,13.80,0,0.00,47.7,1,0,0.00,0.00,0.00,12.00,0.00,0.00,0,0,0.00,0
2026-05-10 20:32:41,1446.17,0,0,0,0,0,0,0,0.00,0,0.00,4.33,2.23,1.77,0.00,D,0.00,12.00,12.00,12.00,12.00, ,0.00,,67.60,13.60,0,0.00,48.8,1,0,0.00,0.00,0.00,12.00,0.00,0.00,0,0,0.00,0
2026-05-10 20:32:42,1447.15,0,0,0,0,0,0,0,0.00,0,0.00,4.33,2.23,0.00,0.00,D,0.00,12.00,12.00,12.00,12.00, ,0.00,,74.90,13.50,0,0.34,47.2,1,0,0.00,0.00,0.00,12.00,0.00,0.00,0,0,0.00,0
2026-05-10 20:32:43,1448.21,1,0,0,0,0,0,0,-0.12,0,1.00,4.33,2.22,0.00,0.10,D,0.00,12.00,12.00,12.00,12.00, ,-7.23,,66.20,13.50,0,1.40,47.2,1,0,0.00,0.00,0.00,12.00,-0.12,1.00,0,0,0.00,0
2026-05-10 20:32:44,1449.29,1,0,0,0,0,0,0,-0.22,0,1.00,4.33,2.22,0.11,0.61,D,0.00,12.00,12.00,12.00,12.00, ,-13.45,,68.20,13.40,0,0.00,49.4,1,0,0.00,0.00,0.00,12.00,-0.22,1.00,0,0,0.00,0
2026-05-10 20:32:45,1450.37,1,0,0,0,0,0,0,-0.13,0,1.00,4.33,2.22,1.84,1.00,D,0.00,12.00,12.00,12.00,12.00, ,-7.87,,74.90,13.60,0,0.00,48.8,1,0,0.00,0.00,0.00,12.00,-0.13,1.00,0,0,0.00,0
2026-05-10 20:32:46,1451.34,1,0,0,0,0,0,0,0.39,0,1.00,4.33,2.22,3.71,1.00,D,0.00,12.00,12.00,12.00,12.00, ,23.60,,65.90,13.50,0,0.00,49.9,1,0,0.00,0.00,0.00,12.00,0.39,1.00,0,0,0.00,0
2026-05-10 20:32:47,1452.40,1,0,0,0,0,0,0,-0.44,0,1.00,4.33,2.22,3.40,1.00,D,0.00,12.00,12.00,12.00,12.00, ,-26.10,,73.00,13.80,0,0.00,51.0,1,0,0.00,0.00,0.00,12.00,-0.44,1.00,0,0,0.00,0
2026-05-10 20:32:48,1453.35,1,0,0,0,0,0,0,0.89,0,1.00,4.33,2.22,3.86,1.00,D,0.00,12.00,12.00,12.00,12.00, ,53.37,,70.20,13.80,0,0.00,52.1,1,0,0.00,0.00,0.00,12.00,0.89,1.00,0,0,0.00,0
2026-05-10 20:32:49,1454.40,1,0,0,0,0,0,0,-0.11,0,1.00,4.33,2.23,3.25,1.00,D,0.00,12.00,12.00,12.00,12.00, ,-6.68,,73.00,13.70,0,0.00,51.0,1,0,0.00,0.00,0.00,12.00,-0.11,1.00,0,0,0.00,0
2026-05-10 20:32:50,1455.43,1,0,0,0,0,0,0,-0.22,0,1.00,4.33,2.23,3.85,1.00,D,0.00,12.00,12.00,12.00,12.00, ,-13.29,,68.40,13.60,0,0.00,49.9,1,0,0.00,0.00,0.00,12.00,-0.22,1.00,0,0,0.00,0
2026-05-10 20:32:51,1456.46,1,0,0,0,0,0,0,0.22,0,1.00,4.33,2.23,3.84,1.00,D,0.00,12.00,12.00,12.00,12.00, ,13.09,,73.00,13.60,0,0.00,49.9,1,0,0.00,0.00,0.00,12.00,0.22,1.00,0,0,0.00,0
2026-05-10 20:32:52,1457.46,1,0,0,0,0,0,0,0.08,0,1.00,4.33,2.23,3.90,1.00,D,0.00,12.00,12.00,12.00,12.00, ,4.87,,65.30,13.50,0,0.00,50.5,1,0,0.00,0.00,0.00,12.00,0.08,1.00,0,0,0.00,0
2026-05-10 20:32:53,1458.52,1,0,0,0,0,0,0,0.12,0,1.00,4.33,2.23,3.86,1.00,D,0.00,12.00,12.00,12.00,12.00, ,7.09,,70.80,13.60,0,0.00,50.5,1,0,0.00,0.00,0.00,12.00,0.12,1.00,0,0,0.00,0
2026-05-10 20:32:54,1459.61,1,0,0,0,0,0,0,0.24,0,1.00,4.33,2.23,3.90,1.00,D,0.00,12.00,12.00,12.00,12.00, ,14.31,,66.30,13.60,0,0.00,51.0,1,0,0.00,0.00,0.00,12.00,0.24,1.00,0,0,0.00,0
2026-05-10 20:32:55,1460.65,1,0,0,0,0,0,0,0.03,0,1.00,4.33,2.23,3.86,1.00,D,0.00,12.00,12.00,12.00,12.00, ,1.90,,74.90,13.80,0,0.00,49.4,1,0,0.00,0.00,0.00,12.00,0.03,1.00,0,0,0.00,0
2026-05-10 20:32:56,1461.60,1,0,0,0,0,0,0,-0.01,0,1.00,4.33,2.23,3.82,1.00,D,0.00,12.00,12.00,12.00,12.00, ,-0.40,,66.40,13.60,0,0.00,49.9,1,0,0.00,0.00,0.00,12.00,-0.01,1.00,0,0,0.00,0
2026-05-10 20:32:57,1462.73,1,0,0,0,0,0,0,0.00,0,1.00,4.33,2.23,3.83,1.00,D,0.00,12.00,12.00,12.00,12.00, ,0.10,,72.70,13.60,0,0.00,50.5,1,0,0.00,0.00,0.00,12.00,0.00,1.00,0,0,0.00,0
2026-05-10 20:32:58,1463.69,1,0,0,0,0,0,0,0.69,0,1.00,4.33,2.24,3.95,1.00,D,0.00,12.00,12.00,12.00,12.00, ,41.57,,74.00,13.50,0,0.00,49.9,1,0,0.00,0.00,0.00,12.00,0.69,1.00,0,0,0.00,0
2026-05-10 20:32:59,1464.76,1,0,0,0,0,0,0,-0.27,0,1.00,4.33,2.24,3.74,1.00,D,0.00,12.00,12.00,12.00,12.00, ,-16.05,,75.70,13.50,0,0.00,50.5,1,0,0.00,0.00,0.00,12.00,-0.27,1.00,0,0,0.00,0
2026-05-10 20:33:00,1465.79,1,0,0,0,0,0,0,0.01,0,1.00,4.33,2.24,3.87,1.00,D,0.00,12.00,12.00,12.00,12.00, ,0.52,,68.30,13.40,0,0.00,50.5,1,0,0.00,0.00,0.00,12.00,0.01,1.00,0,0,0.00,0
2026-05-10 20:33:01,1466.81,1,0,0,0,0,0,0,0.58,0,1.00,4.33,2.24,3.95,1.00,D,0.00,12.00,12.00,12.00,12.00, ,35.05,,73.60,13.50,0,0.00,49.9,1,0,0.00,0.00,0.00,12.00,0.58,1.00,0,0,0.00,0
2026-05-10 20:33:02,1467.91,1,0,0,0,0,0,0,0.54,0,1.00,4.33,2.24,3.92,1.00,D,0.00,12.00,12.00,12.00,12.00, ,32.58,,72.60,13.70,0,0.00,49.9,1,0,0.00,0.00,0.00,12.00,0.54,1.00,0,0,0.00,0
2026-05-10 20:33:03,1468.86,0,0,0,0,0,0,0,0.00,1,0.00,4.33,2.24,3.16,0.00,D,0.00,12.00,12.00,12.00,12.00, ,0.00,,71.20,13.40,0,0.00,51.6,1,0,0.00,0.00,0.00,12.00,0.00,0.00,0,0,0.00,0
2026-05-10 20:33:04,1469.88,0,0,0,1,0,0,0,0.00,0,0.00,4.33,2.24,0.00,0.00,N,0.00,12.00,12.00,12.00,12.00, ,0.00,,71.60,13.50,0,0.41,52.1,1,0,0.00,0.00,0.00,12.00,0.00,0.00,0,0,0.00,0
2026-05-10 20:33:05,1470.90,0,0,0,0,0,0,0,1.00,0,1.00,4.33,2.24,0.00,0.00,N,0.00,12.00,12.00,12.00,12.00, ,0.00,,64.60,13.50,0,1.43,53.2,1,0,0.00,0.00,0.00,12.00,0.00,0.00,0,0,0.00,0
2026-05-10 20:33:06,1471.94,0,0,0,1,0,0,0,1.00,0,1.00,4.33,2.24,0.03,-0.19,R,0.00,12.00,12.00,12.00,12.00, ,0.00,,71.20,13.40,0,0.22,53.2,1,0,0.00,0.00,0.00,12.00,0.00,0.00,0,0,0.00,0
2026-05-10 20:33:07,1472.94,0,0,0,0,0,0,0,1.00,0,1.00,4.33,2.24,0.49,-0.69,R,0.00,12.00,12.00,12.00,12.00, ,0.00,,65.30,13.40,0,0.00,53.2,1,0,0.00,0.00,0.00,12.00,0.00,0.00,0,0,0.00,0
2026-05-10 20:33:08,1474.03,0,0,0,0,0,0,0,0.18,0,0.85,4.33,2.24,2.68,-0.90,R,0.00,12.00,12.00,12.00,12.00, ,0.00,,74.60,13.60,0,0.00,51.6,1,0,0.00,0.00,0.00,12.00,0.00,0.00,0,0,0.00,0
2026-05-10 20:33:09,1475.05,0,0,0,0,0,0,0,0.00,0,1.00,4.33,2.24,3.35,-1.00,R,0.00,12.00,12.00,12.00,12.00, ,0.00,,67.90,13.60,0,0.00,50.5,1,0,0.00,0.00,0.00,12.00,0.00,0.00,0,0,0.00,0
2026-05-10 20:33:10,1476.01,0,0,0,0,0,0,0,0.00,0,1.00,4.33,2.24,2.96,-1.00,R,0.00,12.00,12.00,12.00,12.00, ,0.00,,75.30,13.50,0,0.00,52.1,1,0,0.00,0.00,0.00,12.00,0.00,0.00,0,0,0.00,0
2026-05-10 20:33:11,1477.03,0,0,1,0,0,0,0,0.00,0,1.00,4.33,2.24,2.12,0.14,D,0.00,12.00,12.00,12.00,12.00, ,0.00,,66.70,13.40,0,0.00,49.4,1,0,0.00,0.00,0.00,12.00,0.00,0.00,0,0,0.00,0
2026-05-10 20:33:12,1478.05,0,0,0,0,0,0,0,0.00,0,1.00,4.33,2.24,0.63,0.65,D,0.00,12.00,12.00,12.00,12.00, ,0.00,,77.20,13.70,0,0.00,49.9,1,0,0.00,0.00,0.00,12.00,0.00,0.00,0,0,0.00,0
2026-05-10 20:33:14,1479.12,0,0,0,0,0,0,0,0.00,0,1.00,4.33,2.24,2.79,1.00,D,0.00,12.00,12.00,12.00,12.00, ,0.00,,66.80,13.60,0,0.00,49.4,1,0,0.00,0.00,0.00,12.00,0.00,0.00,0,0,0.00,0
2026-05-10 20:33:15,1480.12,0,0,0,0,0,0,0,0.00,0,1.00,4.33,2.24,3.86,1.00,D,0.00,12.00,12.00,12.00,12.00, ,0.00,,73.90,13.80,0,0.00,50.5,1,0,0.00,0.00,0.00,12.00,0.00,0.00,0,0,0.00,0
2026-05-10 20:33:16,1481.12,0,0,0,0,0,0,0,0.00,0,1.00,4.33,2.24,4.02,1.00,D,0.00,12.00,12.00,12.00,12.00, ,0.00,,71.10,13.80,0,0.00,50.5,1,0,0.00,0.00,0.00,12.00,0.00,0.00,0,0,0.00,0
2026-05-10 20:33:17,1482.18,0,0,0,0,0,0,0,0.00,0,1.00,4.33,2.24,3.98,1.00,D,0.00,12.00,12.00,12.00,12.00, ,0.00,,72.00,13.80,0,0.00,51.0,1,0,0.00,0.00,0.00,12.00,0.00,0.00,0,0,0.00,0
2026-05-10 20:33:18,1483.20,0,0,0,0,0,0,0,0.00,1,0.00,4.33,2.24,3.83,0.00,D,0.00,12.00,12.00,12.00,12.00, ,0.00,,71.50,13.70,0,0.00,51.0,1,0,0.00,0.00,0.00,12.00,0.00,0.00,0,0,0.00,0
2026-05-10 20:33:19,1484.25,0,0,0,0,0,0,0,0.00,0,0.00,4.33,2.24,0.98,0.00,D,0.00,12.00,12.00,12.00,12.00, ,0.00,,67.70,13.40,0,0.00,50.5,1,0,0.00,0.00,0.00,12.00,0.00,0.00,0,0,0.00,0
2026-05-10 20:33:20,1485.27,0,0,0,0,0,0,0,0.00,0,0.00,4.33,2.24,0.40,0.00,D,0.00,12.00,12.00,12.00,12.00, ,0.00,,67.40,13.40,0,0.01,51.0,1,0,0.00,0.00,0.00,12.00,0.00,0.00,0,0,0.00,0
2026-05-10 20:33:21,1486.28,0,0,0,0,0,0,0,0.00,0,0.00,4.33,2.24,0.00,0.00,D,0.00,12.00,12.00,12.00,12.00, ,0.00,,75.60,13.60,0,0.79,49.4,1,0,0.00,0.00,0.00,12.00,0.00,0.00,0,0,0.00,0
2026-05-10 20:33:22,1487.28,1,0,0,0,0,0,0,0.50,0,1.00,4.33,2.24,0.02,0.20,D,0.00,12.00,12.00,12.00,12.00, ,29.96,,65.50,13.60,0,0.02,50.5,1,0,0.00,0.00,0.00,12.00,0.50,1.00,0,0,0.00,0
2026-05-10 20:33:23,1488.35,1,0,0,0,0,0,0,0.34,0,1.00,4.33,2.23,0.53,0.71,D,0.00,12.00,12.00,12.00,12.00, ,20.11,,73.10,13.70,0,0.00,50.5,1,0,0.00,0.00,0.00,12.00,0.34,1.00,0,0,0.00,0
2026-05-10 20:33:24,1489.37,1,0,0,0,0,0,0,-0.02,0,1.00,4.33,2.23,2.88,1.00,D,0.00,12.00,12.00,12.00,12.00, ,-1.11,,67.10,13.60,0,0.00,51.0,1,0,0.00,0.00,0.00,12.00,-0.02,1.00,0,0,0.00,0
2026-05-10 20:33:25,1490.36,1,0,0,0,0,0,0,0.01,0,1.00,4.33,2.23,3.90,1.00,D,0.00,12.00,12.00,12.00,12.00, ,0.48,,75.90,13.80,0,0.00,48.8,1,0,0.00,0.00,0.00,12.00,0.01,1.00,0,0,0.00,0
2026-05-10 20:33:26,1491.39,1,0,0,0,0,0,0,0.16,0,1.00,4.33,2.24,4.09,1.00,D,0.00,12.00,12.00,12.00,12.00, ,9.49,,67.00,13.70,0,0.00,48.3,1,0,0.00,0.00,0.00,12.00,0.16,1.00,0,0,0.00,0
2026-05-10 20:33:27,1492.44,1,0,0,0,0,0,0,-0.02,0,1.00,4.33,2.24,3.99,1.00,D,0.00,12.00,12.00,12.00,12.00, ,-1.31,,66.40,13.50,0,0.00,49.4,1,0,0.00,0.00,0.00,12.00,-0.02,1.00,0,0,0.00,0
2026-05-10 20:33:28,1493.47,1,0,0,0,0,0,0,0.13,0,1.00,4.33,2.24,4.11,1.00,D,0.00,12.00,12.00,12.00,12.00, ,8.04,,73.10,13.70,0,0.00,51.0,1,0,0.00,0.00,0.00,12.00,0.13,1.00,0,0,0.00,0
2026-05-10 20:33:29,1494.55,1,0,0,0,0,0,0,0.19,0,1.00,4.33,2.24,4.07,1.00,D,0.00,12.00,12.00,12.00,12.00, ,11.55,,68.80,13.50,0,0.00,51.6,1,0,0.00,0.00,0.00,12.00,0.19,1.00,0,0,0.00,0
2026-05-10 20:33:30,1495.49,1,0,0,0,0,0,0,0.64,0,1.00,4.33,2.24,3.93,1.00,D,0.00,12.00,12.00,12.00,12.00, ,38.43,,72.30,13.60,0,0.00,52.1,1,0,0.00,0.00,0.00,12.00,0.64,1.00,0,0,0.00,0
2026-05-10 20:33:31,1496.52,0,0,0,0,0,0,0,0.00,0,0.00,4.33,2.24,0.00,0.00,D,0.00,12.00,12.00,12.00,12.00, ,0.00,,64.10,13.40,0,0.22,51.0,1,0,0.00,0.00,0.00,12.00,0.00,0.00,0,0,0.00,0
2026-05-10 20:33:32,1497.54,0,0,1,0,0,0,0,-0.99,0,1.00,4.33,2.24,0.01,0.07,D,0.00,12.00,12.00,12.00,12.00, ,0.00,,78.70,13.80,0,0.03,52.7,1,0,0.00,0.00,0.00,12.00,0.00,0.00,0,0,0.00,0
2026-05-10 20:33:33,1498.54,0,0,0,0,0,0,0,0.00,0,0.00,4.33,2.24,0.00,0.04,D,0.00,12.00,12.00,12.00,12.00, ,0.00,,67.10,13.80,0,0.27,53.8,1,0,0.00,0.00,0.00,12.00,0.00,0.00,0,0,0.00,0
2026-05-10 20:33:34,1499.56,0,0,0,0,0,0,0,0.00,0,0.00,4.33,2.24,0.00,0.00,D,0.00,12.00,12.00,12.00,12.00, ,0.00,,68.00,13.70,0,1.29,53.8,1,0,0.00,0.00,0.00,12.00,0.00,0.00,0,0,0.00,0
2026-05-10 20:33:35,1500.56,0,0,0,0,0,0,0,0.00,0,0.00,4.33,2.23,0.00,0.00,D,0.00,12.00,12.00,12.00,12.00, ,0.00,,69.80,13.80,0,2.30,52.7,1,0,0.00,0.00,0.00,12.00,0.00,0.00,0,0,0.00,0
2026-05-10 20:33:36,1501.57,0,0,0,0,0,0,0,0.00,0,0.00,4.33,2.23,0.00,0.00,D,0.00,12.00,12.00,12.00,12.00, ,0.00,,67.40,13.70,0,0.28,54.9,1,0,0.00,0.00,0.00,12.00,0.00,0.00,0,0,0.00,0
2026-05-10 20:33:37,1502.58,0,0,0,0,0,0,0,0.00,0,0.00,4.33,2.23,0.00,0.00,D,0.00,12.00,12.00,12.00,12.00, ,0.00,,66.60,13.70,0,1.30,53.2,1,0,0.00,0.00,0.00,12.00,0.00,0.00,0,0,0.00,0
2026-05-10 20:33:38,1503.61,0,0,0,0,0,0,0,0.00,0,0.00,4.33,2.23,0.00,0.00,D,0.00,12.00,12.00,12.00,12.00, ,0.00,,66.00,13.70,0,2.32,53.2,1,0,0.00,0.00,0.00,12.00,0.00,0.00,0,0,0.00,0
2026-05-10 20:33:39,1504.62,0,0,0,0,0,0,0,0.00,0,0.00,4.33,2.23,0.00,0.00,D,0.00,12.00,12.00,12.00,12.00, ,0.00,,66.20,13.60,0,3.33,54.3,1,0,0.00,0.00,0.00,12.00,0.00,0.00,0,0,0.00,0
2026-05-10 20:33:40,1505.64,0,0,0,0,0,0,0,0.00,0,0.00,4.33,2.23,0.00,0.00,D,0.00,12.00,12.00,12.00,12.00, ,0.00,,66.40,13.60,0,4.35,54.9,1,0,0.00,0.00,0.00,12.00,0.00,0.00,0,0,0.00,0
2026-05-10 20:33:41,1506.65,0,0,0,0,0,0,0,0.00,0,0.00,4.33,2.23,0.00,0.00,D,0.00,12.00,12.00,12.00,12.00, ,0.00,,66.60,13.60,0,5.36,55.4,1,0,0.00,0.00,0.00,12.00,0.00,0.00,0,0,0.00,0
2026-05-10 20:33:42,1507.68,0,0,0,0,0,0,0,0.00,0,0.00,4.33,2.22,0.00,0.00,D,0.00,12.00,12.00,12.00,12.00, ,0.00,,66.80,13.60,0,6.39,54.3,1,0,0.00,0.00,0.00,12.00,0.00,0.00,0,0,0.00,0
2026-05-10 20:33:43,1508.68,0,0,0,0,0,0,0,0.00,0,0.00,4.33,2.22,0.00,0.00,D,0.00,12.00,12.00,12.00,12.00, ,0.00,,66.80,13.50,0,7.39,55.4,1,0,0.00,0.00,0.00,12.00,0.00,0.00,0,0,0.00,0
2026-05-10 20:33:44,1509.69,0,0,0,1,0,0,0,-1.00,0,1.00,4.33,2.22,0.00,0.00,N,0.00,12.00,12.00,12.00,12.00, ,0.00,,67.00,13.50,0,8.40,55.4,1,0,0.00,0.00,0.00,12.00,0.00,0.00,0,0,0.00,0
2026-05-10 20:33:45,1510.69,0,0,1,0,0,0,0,-1.00,0,0.00,4.33,2.22,0.00,0.00,D,0.00,12.00,12.00,12.00,12.00, ,0.00,,66.70,13.50,0,9.40,54.3,1,0,0.00,0.00,0.00,12.00,0.00,0.00,0,0,0.00,0
2026-05-10 20:33:46,1511.71,0,0,0,1,0,0,0,-1.00,0,1.00,4.33,2.22,0.00,-0.21,R,0.00,12.00,12.00,12.00,12.00, ,0.00,,67.50,13.50,0,10.42,56.0,1,0,0.00,0.00,0.00,12.00,0.00,0.00,0,0,0.00,0
2026-05-10 20:33:47,1512.72,0,0,1,0,0,0,0,-1.00,0,1.00,4.33,2.22,0.00,0.00,N,0.00,12.00,12.00,12.00,12.00, ,0.00,,67.50,13.50,0,0.65,55.4,1,0,0.00,0.00,0.00,12.00,0.00,0.00,0,0,0.00,0
2026-05-10 20:33:48,1513.74,0,0,0,0,0,0,0,-1.00,0,1.00,4.33,2.22,0.00,0.00,N,0.00,12.00,12.00,12.00,12.00, ,0.00,,67.90,13.40,0,1.67,54.3,1,0,0.00,0.00,0.00,12.00,0.00,0.00,0,0,0.00,0
2026-05-10 20:33:49,1514.78,0,0,1,0,0,0,0,-1.00,0,1.00,4.33,2.21,0.00,0.07,D,0.00,12.00,12.00,12.00,12.00, ,0.00,,69.90,13.60,0,2.71,55.4,1,0,0.00,0.00,0.00,12.00,0.00,0.00,0,0,0.00,0
2026-05-10 20:33:50,1515.78,0,0,0,0,0,0,0,-1.00,0,1.00,4.33,2.21,0.02,0.58,D,0.00,12.00,12.00,12.00,12.00, ,0.00,,69.60,13.60,0,0.06,54.3,1,0,0.00,0.00,0.00,12.00,0.00,0.00,0,0,0.00,0
2026-05-10 20:33:51,1516.80,0,0,0,0,0,0,0,-1.00,0,0.00,4.33,2.21,1.02,0.80,D,0.00,12.00,12.00,12.00,12.00, ,0.00,,67.40,13.60,0,0.00,54.3,1,0,0.00,0.00,0.00,12.00,0.00,0.00,0,0,0.00,0
2026-05-10 20:33:52,1517.82,0,0,0,0,0,0,0,-1.00,0,1.00,4.33,2.21,1.77,1.00,D,0.00,12.00,12.00,12.00,12.00, ,0.00,,68.30,13.60,0,0.00,55.4,1,0,0.00,0.00,0.00,12.00,0.00,0.00,0,0,0.00,0
2026-05-10 20:33:53,1518.86,0,0,0,0,0,0,0,0.11,0,1.00,4.33,2.21,2.96,1.00,D,0.00,12.00,12.00,12.00,12.00, ,0.00,,69.00,13.60,0,0.00,55.4,1,0,0.00,0.00,0.00,12.00,0.00,0.00,0,0,0.00,0
2026-05-10 20:33:54,1519.87,0,0,0,0,0,0,0,1.00,0,1.00,4.33,2.21,3.65,1.00,D,0.00,12.00,12.00,12.00,12.00, ,0.00,,70.30,13.40,0,0.00,53.8,1,0,0.00,0.00,0.00,12.00,0.00,0.00,0,0,0.00,0
2026-05-10 20:33:55,1520.93,0,0,0,1,0,0,0,1.00,0,1.00,4.33,2.21,0.50,-0.31,R,0.00,12.00,12.00,12.00,12.00, ,0.00,,75.50,13.50,0,0.00,55.4,1,0,0.00,0.00,0.00,12.00,0.00,0.00,0,0,0.00,0
2026-05-10 20:33:56,1521.96,0,0,0,0,0,0,0,0.00,0,1.00,4.33,2.21,2.46,-0.83,R,0.00,12.00,12.00,12.00,12.00, ,0.00,,72.70,13.80,0,0.00,56.0,1,0,0.00,0.00,0.00,12.00,0.00,0.00,0,0,0.00,0
2026-05-10 20:33:57,1522.97,0,0,1,0,0,0,0,0.99,0,0.00,4.33,2.21,2.08,0.00,N,0.00,12.00,12.00,12.00,12.00, ,0.00,,67.70,13.70,0,0.00,54.9,1,0,0.00,0.00,0.00,12.00,0.00,0.00,0,0,0.00,0
2026-05-10 20:33:58,1523.99,0,0,1,0,0,0,0,0.99,0,1.00,4.33,2.21,0.19,0.40,D,0.00,12.00,12.00,12.00,12.00, ,0.00,,68.80,13.70,0,0.00,55.4,1,0,0.00,0.00,0.00,12.00,0.00,0.00,0,0,0.00,0
2026-05-10 20:33:59,1525.00,0,0,0,0,0,0,0,0.00,0,1.00,4.33,2.21,1.16,0.91,D,0.00,12.00,12.00,12.00,12.00, ,0.00,,68.20,13.70,0,0.00,55.4,1,0,0.00,0.00,0.00,12.00,0.00,0.00,0,0,0.00,0
2026-05-10 20:34:00,1526.04,0,0,0,0,0,0,0,-0.30,0,0.00,4.33,2.21,2.69,0.73,D,0.00,12.00,12.00,12.00,12.00, ,0.00,,69.70,13.70,0,0.00,54.3,1,0,0.00,0.00,0.00,12.00,0.00,0.00,0,0,0.00,0
2026-05-10 20:34:01,1527.06,0,0,0,0,0,0,0,0.00,0,1.00,4.33,2.21,2.42,1.00,D,0.00,12.00,12.00,12.00,12.00, ,0.00,,69.70,13.70,0,0.00,56.5,1,0,0.00,0.00,0.00,12.00,0.00,0.00,0,0,0.00,0
2026-05-10 20:34:03,1528.07,0,0,0,0,0,0,0,0.00,0,1.00,4.33,2.21,3.15,1.00,D,0.00,12.00,12.00,12.00,12.00, ,0.00,,69.60,13.60,0,0.00,54.3,1,0,0.00,0.00,0.00,12.00,0.00,0.00,0,0,0.00,0
2026-05-10 20:34:04,1529.10,0,0,0,0,0,0,0,0.18,0,1.00,4.33,2.21,3.17,1.00,D,0.00,12.00,12.00,12.00,12.00, ,0.00,,69.80,13.60,0,0.00,56.0,1,0,0.00,0.00,0.00,12.00,0.00,0.00,0,0,0.00,0
2026-05-10 20:34:05,1530.21,0,0,0,0,0,0,0,1.00,0,1.00,4.33,2.21,3.43,1.00,D,0.00,12.00,12.00,12.00,12.00, ,0.00,,67.70,13.60,0,0.00,56.0,1,0,0.00,0.00,0.00,12.00,0.00,0.00,0,0,0.00,0
2026-05-10 20:34:06,1531.13,0,0,0,0,0,0,0,0.00,0,0.00,4.33,2.21,0.00,0.00,D,0.00,12.00,12.00,12.00,12.00, ,0.00,,68.40,13.60,0,0.11,56.0,1,0,0.00,0.00,0.00,12.00,0.00,0.00,0,0,0.00,0
2026-05-10 20:34:07,1532.14,0,0,0,0,0,0,0,0.00,0,0.00,4.33,2.21,0.00,0.00,D,0.00,12.00,12.00,12.00,12.00, ,0.00,,67.30,13.50,0,1.12,57.1,1,0,0.00,0.00,0.00,12.00,0.00,0.00,0,0,0.00,0
2026-05-10 20:34:08,1533.15,0,0,0,0,0,0,0,0.00,0,0.00,4.33,2.21,0.00,0.00,D,0.00,12.00,12.00,12.00,12.00, ,0.00,,67.70,13.50,0,2.13,56.0,1,0,0.00,0.00,0.00,12.00,0.00,0.00,0,0,0.00,0
2026-05-10 20:34:09,1534.18,0,0,0,0,0,0,0,0.00,0,0.00,4.33,2.21,0.00,0.00,D,0.00,12.00,12.00,12.00,12.00, ,0.00,,67.50,13.50,0,3.16,56.0,1,0,0.00,0.00,0.00,12.00,0.00,0.00,0,0,0.00,0
2026-05-10 20:34:10,1535.19,0,0,0,0,0,0,0,0.00,0,0.00,4.33,2.21,0.00,0.00,D,0.00,12.00,12.00,12.00,12.00, ,0.00,,67.40,13.40,0,4.18,56.5,1,0,0.00,0.00,0.00,12.00,0.00,0.00,0,0,0.00,0
2026-05-10 20:34:11,1536.21,0,0,0,0,0,0,0,0.00,0,0.00,4.33,2.20,0.00,0.00,D,0.00,12.00,12.00,12.00,12.00, ,0.00,,67.80,13.40,0,5.19,56.5,1,0,0.00,0.00,0.00,12.00,0.00,0.00,0,0,0.00,0
2026-05-10 20:34:12,1537.24,0,0,0,0,0,0,0,0.00,0,0.00,4.33,2.20,0.00,0.00,D,0.00,12.00,12.00,12.00,12.00, ,0.00,,67.80,13.40,0,6.22,56.0,1,0,0.00,0.00,0.00,12.00,0.00,0.00,0,0,0.00,0
2026-05-10 20:34:13,1538.26,0,0,0,0,0,0,0,0.00,0,0.00,4.33,2.20,0.00,0.00,D,0.00,12.00,12.00,12.00,12.00, ,0.00,,68.30,13.40,0,7.24,57.1,1,0,0.00,0.00,0.00,12.00,0.00,0.00,0,0,0.00,0
2026-05-10 20:34:14,1539.29,0,0,0,0,0,0,0,0.00,0,0.00,4.33,2.20,0.00,0.00,D,0.00,12.00,12.00,12.00,12.00, ,0.00,,67.60,13.40,0,0.00,56.0,1,0,0.00,0.00,0.00,12.00,0.00,0.00,0,0,0.00,0
2026-05-10 20:34:15,1540.30,0,0,0,0,0,0,0,0.00,0,0.00,4.33,2.20,0.00,0.00,D,0.00,12.00,12.00,12.00,12.00, ,0.00,,67.90,13.30,0,0.01,56.0,1,0,0.00,0.00,0.00,12.00,0.00,0.00,0,0,0.00,0
2026-05-10 20:34:16,1541.30,0,0,0,0,0,0,0,0.00,0,0.00,4.33,2.20,0.00,0.00,D,0.00,12.00,12.00,12.00,12.00, ,0.00,,68.00,13.30,0,0.00,56.0,1,0,0.00,0.00,0.00,12.00,0.00,0.00,0,0,0.00,0
2026-05-10 20:34:17,1542.32,0,0,0,0,0,0,0,0.00,0,0.00,4.33,2.19,0.00,0.00,D,0.00,12.00,12.00,12.00,12.00, ,0.00,,68.60,13.30,0,0.00,57.1,1,0,0.00,0.00,0.00,12.00,0.00,0.00,0,0,0.00,0
2026-05-10 20:34:18,1543.32,0,0,0,0,0,0,0,0.00,0,0.00,4.33,2.19,0.00,0.00,D,0.00,12.00,12.00,12.00,12.00, ,0.00,,69.00,13.30,0,0.01,57.6,1,0,0.00,0.00,0.00,12.00,0.00,0.00,0,0,0.00,0
2026-05-10 20:34:19,1544.33,0,0,0,0,0,0,0,0.00,0,0.00,4.33,2.19,0.32,0.00,D,0.00,12.00,12.00,12.00,12.00, ,0.00,,68.60,13.30,0,0.01,57.6,1,0,0.00,0.00,0.00,12.00,0.00,0.00,0,0,0.00,0
2026-05-10 20:34:20,1545.34,0,0,0,0,0,0,0,0.00,0,0.00,4.33,2.19,0.00,0.00,D,0.00,12.00,12.00,12.00,12.00, ,0.00,,69.30,13.30,0,0.04,56.0,1,0,0.00,0.00,0.00,12.00,0.00,0.00,0,0,0.00,0
2026-05-10 20:34:21,1546.36,0,0,0,0,0,0,0,0.00,0,0.00,4.33,2.19,0.00,0.00,D,0.00,12.00,12.00,12.00,12.00, ,0.00,,69.50,13.30,0,0.10,57.1,1,0,0.00,0.00,0.00,12.00,0.00,0.00,0,0,0.00,0
2026-05-10 20:34:22,1547.39,0,0,0,0,0,0,0,0.00,0,0.00,4.33,2.19,0.00,0.00,D,0.00,12.00,12.00,12.00,12.00, ,0.00,,71.60,13.30,0,0.03,57.6,1,0,0.00,0.00,0.00,12.00,0.00,0.00,0,0,0.00,0
2026-05-10 20:34:23,1548.42,0,0,0,0,0,0,0,0.00,0,0.00,4.33,2.19,0.00,0.00,D,0.00,12.00,12.00,12.00,12.00, ,0.00,,74.20,13.30,0,0.16,57.1,1,0,0.00,0.00,0.00,12.00,0.00,0.00,0,0,0.00,0
2026-05-10 20:34:24,1549.45,0,0,0,0,0,0,0,0.00,0,0.00,4.33,2.19,0.53,0.00,D,0.00,12.00,12.00,12.00,12.00, ,0.00,,82.20,13.40,0,0.00,56.5,1,0,0.00,0.00,0.00,12.00,0.00,0.00,0,0,0.00,0
2026-05-10 20:34:25,1550.45,0,0,0,0,0,0,0,0.00,0,0.00,4.33,2.18,0.00,0.00,D,0.00,12.00,12.00,12.00,12.00, ,0.00,,77.30,13.50,0,0.47,56.0,1,0,0.00,0.00,0.00,12.00,0.00,0.00,0,0,0.00,0
2026-05-10 20:34:26,1551.47,0,0,0,0,0,0,0,0.00,0,0.00,4.33,2.18,0.00,0.00,D,0.00,12.00,12.00,12.00,12.00, ,0.00,,36.40,13.50,0,1.50,56.0,1,0,0.00,0.00,0.00,12.00,0.00,0.00,0,0,0.00,0
2026-05-10 20:34:27,1552.51,0,0,0,0,0,0,0,0.00,0,0.00,4.33,2.18,0.00,0.00,D,0.00,12.00,12.00,12.00,12.00, ,0.00,,36.70,13.40,0,2.53,54.3,1,0,0.00,0.00,0.00,12.00,0.00,0.00,0,0,0.00,0
2026-05-10 20:34:28,1553.53,0,0,0,0,0,0,0,0.00,0,0.00,4.33,2.18,0.00,0.00,D,0.00,12.00,12.00,12.00,12.00, ,0.00,,37.20,13.40,0,3.55,54.3,1,0,0.00,0.00,0.00,12.00,0.00,0.00,0,0,0.00,0
2026-05-10 20:34:29,1554.55,0,0,0,0,0,0,0,0.00,0,0.00,4.33,2.18,0.00,0.00,D,0.00,12.00,12.00,12.00,12.00, ,0.00,,36.90,13.40,0,0.04,54.3,1,0,0.00,0.00,0.00,12.00,0.00,0.00,0,0,0.00,0
2026-05-10 20:34:30,1555.58,0,0,0,0,0,0,0,0.00,0,0.00,4.33,2.18,0.00,0.00,D,0.00,12.00,12.00,12.00,12.00, ,0.00,,36.40,13.40,0,0.17,53.2,1,0,0.00,0.00,0.00,12.00,0.00,0.00,0,0,0.00,0
2026-05-10 20:34:31,1556.59,0,0,0,0,0,0,0,0.00,0,0.00,4.33,2.18,0.00,0.00,D,0.00,12.00,12.00,12.00,12.00, ,0.00,,36.30,13.40,0,1.18,53.2,1,0,0.00,0.00,0.00,12.00,0.00,0.00,0,0,0.00,0
2026-05-10 20:34:32,1557.62,0,0,0,0,0,0,0,0.00,0,0.00,4.33,2.17,0.00,0.00,D,0.00,12.00,12.00,12.00,12.00, ,0.00,,36.70,13.40,0,2.21,54.3,1,0,0.00,0.00,0.00,12.00,0.00,0.00,0,0,0.00,0
2026-05-10 20:34:33,1558.64,0,0,0,0,0,0,0,1.00,0,0.66,4.33,2.17,0.00,0.03,D,0.00,12.00,12.00,12.00,12.00, ,0.00,,36.80,13.40,0,3.24,53.8,1,0,0.00,0.00,0.00,12.00,0.00,0.00,0,0,0.00,0
2026-05-10 20:34:34,1559.66,0,0,0,0,0,0,0,1.00,0,1.00,4.33,2.17,0.18,0.54,D,0.00,12.00,12.00,12.00,12.00, ,0.00,,37.00,13.40,0,0.00,53.8,1,0,0.00,0.00,0.00,12.00,0.00,0.00,0,0,0.00,0
2026-05-10 20:34:35,1560.68,0,0,0,0,0,0,0,0.00,0,0.00,4.33,2.17,2.03,0.51,D,0.00,12.00,12.00,12.00,12.00, ,0.00,,36.30,13.40,0,0.00,54.3,1,0,0.00,0.00,0.00,12.00,0.00,0.00,0,0,0.00,0
2026-05-10 20:34:36,1561.68,1,0,0,0,0,0,0,0.12,0,1.00,4.33,2.17,2.23,0.93,D,0.00,12.00,12.00,12.00,12.00, ,7.36,,37.30,13.30,0,0.00,54.3,1,0,0.00,0.00,0.00,12.00,0.12,1.00,0,0,0.00,0
2026-05-10 20:34:37,1562.72,1,0,0,0,0,0,0,0.30,0,1.00,4.33,2.17,3.86,1.00,D,0.00,12.00,12.00,12.00,12.00, ,17.87,,38.80,13.40,0,0.00,54.3,1,0,0.00,0.00,0.00,12.00,0.30,1.00,0,0,0.00,0
2026-05-10 20:34:38,1563.74,1,0,0,0,0,0,0,-0.16,0,1.00,4.33,2.17,3.95,1.00,D,0.00,12.00,12.00,12.00,12.00, ,-9.51,,38.40,13.40,0,0.00,53.8,1,0,0.00,0.00,0.00,12.00,-0.16,1.00,0,0,0.00,0
2026-05-10 20:34:39,1564.74,1,0,0,0,0,0,0,0.30,0,1.00,4.33,2.17,3.96,1.00,D,0.00,12.00,12.00,12.00,12.00, ,18.26,,38.30,13.40,0,0.00,54.3,1,0,0.00,0.00,0.00,12.00,0.30,1.00,0,0,0.00,0
2026-05-10 20:34:40,1565.76,1,0,0,0,0,0,0,0.06,0,1.00,4.33,2.17,4.04,1.00,D,0.00,12.00,12.00,12.00,12.00, ,3.44,,38.70,13.40,0,0.00,53.8,1,0,0.00,0.00,0.00,12.00,0.06,1.00,0,0,0.00,0
2026-05-10 20:34:41,1566.77,1,0,0,0,0,0,0,0.11,0,1.00,4.33,2.18,4.15,1.00,D,0.00,12.00,12.00,12.00,12.00, ,6.77,,38.10,13.40,0,0.00,53.8,1,0,0.00,0.00,0.00,12.00,0.11,1.00,0,0,0.00,0
2026-05-10 20:34:42,1567.78,1,0,0,0,0,0,0,0.05,0,1.00,4.33,2.18,4.12,1.00,D,0.00,12.00,12.00,12.00,12.00, ,3.27,,37.10,13.30,0,0.00,53.8,1,0,0.00,0.00,0.00,12.00,0.05,1.00,0,0,0.00,0
2026-05-10 20:34:43,1568.81,1,0,0,0,0,0,0,0.24,0,1.00,4.33,2.18,4.11,1.00,D,0.00,12.00,12.00,12.00,12.00, ,14.25,,37.80,13.30,0,0.00,54.9,1,0,0.00,0.00,0.00,12.00,0.24,1.00,0,0,0.00,0
2026-05-10 20:34:44,1569.85,1,0,0,0,0,0,0,0.18,0,1.00,4.33,2.18,4.05,1.00,D,0.00,12.00,12.00,12.00,12.00, ,10.56,,36.80,13.30,0,0.00,54.9,1,0,0.00,0.00,0.00,12.00,0.18,1.00,0,0,0.00,0
2026-05-10 20:34:45,1570.86,1,0,0,0,0,0,0,0.12,0,1.00,4.33,2.18,4.05,1.00,D,0.00,12.00,12.00,12.00,12.00, ,7.27,,36.30,13.40,0,0.00,54.3,1,0,0.00,0.00,0.00,12.00,0.12,1.00,0,0,0.00,0
2026-05-10 20:34:46,1571.86,1,0,0,0,0,0,0,0.31,0,1.00,4.33,2.18,4.03,1.00,D,0.00,12.00,12.00,12.00,12.00, ,18.78,,36.80,13.30,0,0.00,53.2,1,0,0.00,0.00,0.00,12.00,0.31,1.00,0,0,0.00,0
2026-05-10 20:34:47,1572.86,1,0,0,0,0,0,0,-0.07,0,1.00,4.33,2.18,3.85,1.00,D,0.00,12.00,12.00,12.00,12.00, ,-4.32,,37.20,13.30,0,0.00,52.1,1,0,0.00,0.00,0.00,12.00,-0.07,1.00,0,0,0.00,0
2026-05-10 20:34:48,1573.88,1,0,0,0,0,0,0,0.16,0,1.00,4.33,2.18,4.03,1.00,D,0.00,12.00,12.00,12.00,12.00, ,9.40,,38.40,13.30,0,0.00,53.2,1,0,0.00,0.00,0.00,12.00,0.16,1.00,0,0,0.00,0
2026-05-10 20:34:49,1574.91,1,0,0,0,0,0,0,0.31,0,1.00,4.33,2.19,4.08,1.00,D,0.00,12.00,12.00,12.00,12.00, ,18.36,,37.00,13.30,0,0.00,51.6,1,0,0.00,0.00,0.00,12.00,0.31,1.00,0,0,0.00,0
2026-05-10 20:34:50,1575.94,1,0,0,0,0,0,0,0.05,0,1.00,4.33,2.19,3.94,1.00,D,0.00,12.00,12.00,12.00,12.00, ,3.26,,37.10,13.30,0,0.00,53.8,1,0,0.00,0.00,0.00,12.00,0.05,1.00,0,0,0.00,0
2026-05-10 20:34:51,1576.97,1,0,0,0,0,0,0,-0.00,0,1.00,4.33,2.19,3.86,1.00,D,0.00,12.00,12.00,12.00,12.00, ,-0.03,,37.80,13.30,0,0.00,52.7,1,0,0.00,0.00,0.00,12.00,-0.00,1.00,0,0,0.00,0
2026-05-10 20:34:53,1578.08,1,0,0,0,0,0,0,0.22,0,1.00,4.33,2.19,4.00,1.00,D,0.00,12.00,12.00,12.00,12.00, ,13.27,,35.50,13.30,0,0.00,52.7,1,0,0.00,0.00,0.00,12.00,0.22,1.00,0,0,0.00,0
2026-05-10 20:34:53,1579.00,1,0,0,0,0,0,0,0.05,0,1.00,4.33,2.19,4.09,1.00,D,0.00,12.00,12.00,12.00,12.00, ,3.08,,38.40,13.30,0,0.00,52.1,1,0,0.00,0.00,0.00,12.00,0.05,1.00,0,0,0.00,0
2026-05-10 20:34:54,1580.04,1,0,0,0,0,0,0,0.05,0,1.00,4.33,2.19,4.00,1.00,D,0.00,12.00,12.00,12.00,12.00, ,3.14,,38.20,13.30,0,0.00,52.1,1,0,0.00,0.00,0.00,12.00,0.05,1.00,0,0,0.00,0
2026-05-10 20:34:56,1581.07,1,0,0,0,0,0,0,0.23,0,1.00,4.33,2.19,4.01,1.00,D,0.00,12.00,12.00,12.00,12.00, ,13.95,,37.60,13.30,0,0.00,53.2,1,0,0.00,0.00,0.00,12.00,0.23,1.00,0,0,0.00,0
2026-05-10 20:34:57,1582.07,1,0,0,0,0,0,0,0.08,0,1.00,4.33,2.19,3.96,1.00,D,0.00,12.00,12.00,12.00,12.00, ,4.90,,40.70,13.40,0,0.00,52.1,1,0,0.00,0.00,0.00,12.00,0.08,1.00,0,0,0.00,0
2026-05-10 20:34:58,1583.08,1,0,0,0,0,0,0,0.10,0,1.00,4.33,2.19,4.00,1.00,D,0.00,12.00,12.00,12.00,12.00, ,5.93,,44.50,13.40,0,0.00,54.3,1,0,0.00,0.00,0.00,12.00,0.10,1.00,0,0,0.00,0
2026-05-10 20:34:59,1584.09,1,0,0,0,0,0,0,0.20,0,1.00,4.33,2.20,3.94,1.00,D,0.00,12.00,12.00,12.00,12.00, ,11.85,,47.20,13.70,0,0.00,52.7,1,0,0.00,0.00,0.00,12.00,0.20,1.00,0,0,0.00,0
2026-05-10 20:35:00,1585.10,1,0,0,0,0,0,0,-0.04,0,1.00,4.33,2.20,4.02,1.00,D,0.00,12.00,12.00,12.00,12.00, ,-2.68,,42.30,13.90,0,0.00,54.3,1,0,0.00,0.00,0.00,12.00,-0.04,1.00,0,0,0.00,0
2026-05-10 20:35:01,1586.17,1,0,0,0,0,0,0,0.26,0,1.00,4.33,2.20,3.89,1.00,D,0.00,12.00,12.00,12.00,12.00, ,15.62,,45.70,13.90,0,0.00,51.6,1,0,0.00,0.00,0.00,12.00,0.26,1.00,0,0,0.00,0
2026-05-10 20:35:02,1587.19,1,0,0,0,0,0,0,0.05,0,1.00,4.33,2.20,3.96,1.00,D,0.00,12.00,12.00,12.00,12.00, ,3.16,,43.40,13.70,0,0.00,53.2,1,0,0.00,0.00,0.00,12.00,0.05,1.00,0,0,0.00,0
2026-05-10 20:35:03,1588.20,1,0,0,0,0,0,0,0.17,0,1.00,4.33,2.20,3.97,1.00,D,0.00,12.00,12.00,12.00,12.00, ,10.13,,40.20,13.80,0,0.00,53.8,1,0,0.00,0.00,0.00,12.00,0.17,1.00,0,0,0.00,0
2026-05-10 20:35:04,1589.28,1,0,0,0,0,0,0,0.13,0,1.00,4.33,2.20,3.95,1.00,D,0.00,12.00,12.00,12.00,12.00, ,7.83,,40.50,13.70,0,0.00,53.2,1,0,0.00,0.00,0.00,12.00,0.13,1.00,0,0,0.00,0
2026-05-10 20:35:05,1590.28,1,0,0,0,0,0,0,0.18,0,1.00,4.33,2.20,3.98,1.00,D,0.00,12.00,12.00,12.00,12.00, ,10.59,,38.90,13.50,0,0.00,53.2,1,0,0.00,0.00,0.00,12.00,0.18,1.00,0,0,0.00,0
2026-05-10 20:35:06,1591.40,1,0,0,0,0,0,0,-0.10,0,1.00,4.33,2.20,4.01,1.00,D,0.00,12.00,12.00,12.00,12.00, ,-5.98,,46.80,13.70,0,0.00,53.2,1,0,0.00,0.00,0.00,12.00,-0.10,1.00,0,0,0.00,0
2026-05-10 20:35:07,1592.34,1,0,0,0,0,0,0,0.29,0,1.00,4.33,2.20,4.00,1.00,D,0.00,12.00,12.00,12.00,12.00, ,17.60,,46.30,13.60,0,0.00,51.6,1,0,0.00,0.00,0.00,12.00,0.29,1.00,0,0,0.00,0
2026-05-10 20:35:08,1593.38,1,0,0,0,0,0,0,0.05,0,1.00,4.33,2.21,3.96,1.00,D,0.00,12.00,12.00,12.00,12.00, ,3.22,,47.60,13.50,0,0.00,52.7,1,0,0.00,0.00,0.00,12.00,0.05,1.00,0,0,0.00,0
2026-05-10 20:35:09,1594.40,1,0,0,0,0,0,0,0.21,0,1.00,4.33,2.21,4.02,1.00,D,0.00,12.00,12.00,12.00,12.00, ,12.87,,60.30,13.50,0,0.00,51.6,1,0,0.00,0.00,0.00,12.00,0.21,1.00,0,0,0.00,0
2026-05-10 20:35:10,1595.46,1,0,0,0,0,0,0,0.05,0,1.00,4.33,2.21,3.95,1.00,D,0.00,12.00,12.00,12.00,12.00, ,2.74,,49.90,13.50,0,0.00,51.0,1,0,0.00,0.00,0.00,12.00,0.05,1.00,0,0,0.00,0
2026-05-10 20:35:11,1596.54,1,0,0,0,0,0,0,0.11,0,1.00,4.33,2.21,3.88,1.00,D,0.00,12.00,12.00,12.00,12.00, ,6.74,,57.90,13.70,0,0.00,52.1,1,0,0.00,0.00,0.00,12.00,0.11,1.00,0,0,0.00,0
2026-05-10 20:35:12,1597.57,1,0,0,0,0,0,0,0.22,0,1.00,4.33,2.21,4.01,1.00,D,0.00,12.00,12.00,12.00,12.00, ,12.94,,47.20,13.70,0,0.00,50.5,1,0,0.00,0.00,0.00,12.00,0.22,1.00,0,0,0.00,0
2026-05-10 20:35:13,1598.61,1,0,0,0,0,0,0,0.09,0,1.00,4.33,2.21,3.95,1.00,D,0.00,12.00,12.00,12.00,12.00, ,5.42,,56.60,13.60,0,0.00,51.0,1,0,0.00,0.00,0.00,12.00,0.09,1.00,0,0,0.00,0
2026-05-10 20:35:14,1599.53,1,0,0,0,0,0,0,0.06,0,1.00,4.33,2.21,3.92,1.00,D,0.00,12.00,12.00,12.00,12.00, ,3.65,,49.70,13.60,0,0.00,51.6,1,0,0.00,0.00,0.00,12.00,0.06,1.00,0,0,0.00,0
2026-05-10 20:35:15,1600.67,1,0,0,0,0,0,0,0.03,0,1.00,4.33,2.21,3.92,1.00,D,0.00,12.00,12.00,12.00,12.00, ,1.81,,57.30,13.70,0,0.00,51.6,1,0,0.00,0.00,0.00,12.00,0.03,1.00,0,0,0.00,0
2026-05-10 20:35:16,1601.62,1,0,0,0,0,0,0,0.37,0,1.00,4.33,2.21,3.98,1.00,D,0.00,12.00,12.00,12.00,12.00, ,22.45,,47.40,13.70,0,0.00,52.7,1,0,0.00,0.00,0.00,12.00,0.37,1.00,0,0,0.00,0
2026-05-10 20:35:17,1602.68,1,0,0,0,0,0,0,-0.05,0,1.00,4.33,2.22,3.98,1.00,D,0.00,12.00,12.00,12.00,12.00, ,-3.12,,56.50,13.60,0,0.00,52.1,1,0,0.00,0.00,0.00,12.00,-0.05,1.00,0,0,0.00,0
2026-05-10 20:35:18,1603.73,1,0,0,0,0,0,0,0.21,0,1.00,4.33,2.22,3.94,1.00,D,0.00,12.00,12.00,12.00,12.00, ,12.53,,50.40,13.50,0,0.00,50.5,1,0,0.00,0.00,0.00,12.00,0.21,1.00,0,0,0.00,0
2026-05-10 20:35:19,1604.69,1,0,0,0,0,0,0,0.15,0,1.00,4.33,2.22,4.00,1.00,D,0.00,12.00,12.00,12.00,12.00, ,9.21,,59.50,13.60,0,0.00,49.4,1,0,0.00,0.00,0.00,12.00,0.15,1.00,0,0,0.00,0
2026-05-10 20:35:20,1605.77,1,0,0,0,0,0,0,0.05,0,1.00,4.33,2.22,3.96,1.00,D,0.00,12.00,12.00,12.00,12.00, ,3.02,,50.10,13.50,0,0.00,51.0,1,0,0.00,0.00,0.00,12.00,0.05,1.00,0,0,0.00,0
2026-05-10 20:35:21,1606.79,1,0,0,0,0,0,0,0.09,0,1.00,4.33,2.22,3.96,1.00,D,0.00,12.00,12.00,12.00,12.00, ,5.45,,60.20,13.60,0,0.00,50.5,1,0,0.00,0.00,0.00,12.00,0.09,1.00,0,0,0.00,0
2026-05-10 20:35:22,1607.85,1,0,0,0,0,0,0,0.08,0,1.00,4.33,2.22,3.96,1.00,D,0.00,12.00,12.00,12.00,12.00, ,4.90,,49.90,13.50,0,0.00,51.0,1,0,0.00,0.00,0.00,12.00,0.08,1.00,0,0,0.00,0
2026-05-10 20:35:23,1608.90,1,0,0,0,0,0,0,0.18,0,1.00,4.33,2.22,3.93,1.00,D,0.00,12.00,12.00,12.00,12.00, ,10.79,,70.00,13.90,0,0.00,49.4,1,0,0.00,0.00,0.00,12.00,0.18,1.00,0,0,0.00,0
2026-05-10 20:35:24,1609.97,1,0,0,0,0,0,0,0.06,0,1.00,4.33,2.22,3.96,1.00,D,0.00,12.00,12.00,12.00,12.00, ,3.84,,58.50,13.70,0,0.00,48.8,1,0,0.00,0.00,0.00,12.00,0.06,1.00,0,0,0.00,0
2026-05-10 20:35:25,1611.00,1,0,0,0,0,0,0,0.08,0,1.00,4.33,2.22,3.95,1.00,D,0.00,12.00,12.00,12.00,12.00, ,4.95,,71.40,13.70,0,0.00,48.8,1,0,0.00,0.00,0.00,12.00,0.08,1.00,0,0,0.00,0
2026-05-10 20:35:26,1612.05,1,0,0,0,0,0,0,0.21,0,1.00,4.33,2.23,4.01,1.00,D,0.00,12.00,12.00,12.00,12.00, ,12.86,,61.20,13.70,0,0.00,47.2,1,0,0.00,0.00,0.00,12.00,0.21,1.00,0,0,0.00,0
2026-05-10 20:35:27,1613.01,1,0,0,0,0,0,0,0.13,0,1.00,4.33,2.23,3.96,1.00,D,0.00,12.00,12.00,12.00,12.00, ,7.66,,65.60,13.50,0,0.00,47.7,1,0,0.00,0.00,0.00,12.00,0.13,1.00,0,0,0.00,0
2026-05-10 20:35:29,1614.07,1,0,0,0,0,0,0,0.02,0,1.00,4.33,2.23,3.91,1.00,D,0.00,12.00,12.00,12.00,12.00, ,1.20,,65.80,13.60,0,0.00,49.4,1,0,0.00,0.00,0.00,12.00,0.02,1.00,0,0,0.00,0
2026-05-10 20:35:30,1615.10,1,0,0,0,0,0,0,0.14,0,1.00,4.33,2.23,3.97,1.00,D,0.00,12.00,12.00,12.00,12.00, ,8.68,,56.20,13.50,0,0.00,47.7,1,0,0.00,0.00,0.00,12.00,0.14,1.00,0,0,0.00,0
2026-05-10 20:35:31,1616.21,1,0,0,0,0,0,0,0.09,0,1.00,4.33,2.23,3.99,1.00,D,0.00,12.00,12.00,12.00,12.00, ,5.60,,65.20,13.60,0,0.00,47.7,1,0,0.00,0.00,0.00,12.00,0.09,1.00,0,0,0.00,0
2026-05-10 20:35:32,1617.25,1,0,0,0,0,0,0,0.13,0,1.00,4.33,2.23,3.96,1.00,D,0.00,12.00,12.00,12.00,12.00, ,7.72,,59.40,13.70,0,0.00,49.4,1,0,0.00,0.00,0.00,12.00,0.13,1.00,0,0,0.00,0
2026-05-10 20:35:33,1618.31,1,0,0,0,0,0,0,0.17,0,1.00,4.33,2.23,3.94,1.00,D,0.00,12.00,12.00,12.00,12.00, ,10.23,,57.80,13.50,0,0.00,48.3,1,0,0.00,0.00,0.00,12.00,0.17,1.00,0,0,0.00,0
2026-05-10 20:35:34,1619.28,1,0,0,0,0,0,0,0.13,0,1.00,4.33,2.23,3.94,1.00,D,0.00,12.00,12.00,12.00,12.00, ,7.78,,68.40,13.70,0,0.00,48.3,1,0,0.00,0.00,0.00,12.00,0.13,1.00,0,0,0.00,0
2026-05-10 20:35:35,1620.35,1,0,0,0,0,0,0,0.07,0,1.00,4.33,2.23,3.92,1.00,D,0.00,12.00,12.00,12.00,12.00, ,4.24,,56.40,13.70,0,0.00,49.4,1,0,0.00,0.00,0.00,12.00,0.07,1.00,0,0,0.00,0
2026-05-10 20:35:36,1621.38,1,0,0,0,0,0,0,0.08,0,1.00,4.33,2.24,3.91,1.00,D,0.00,12.00,12.00,12.00,12.00, ,4.55,,60.10,13.50,0,0.00,49.4,1,0,0.00,0.00,0.00,12.00,0.08,1.00,0,0,0.00,0
2026-05-10 20:35:37,1622.51,1,0,0,0,0,0,0,0.23,0,1.00,4.33,2.24,3.92,1.00,D,0.00,12.00,12.00,12.00,12.00, ,13.95,,66.20,13.50,0,0.00,49.4,1,0,0.00,0.00,0.00,12.00,0.23,1.00,0,0,0.00,0
2026-05-10 20:35:38,1623.36,1,0,0,0,0,0,0,-0.02,0,1.00,4.33,2.24,3.96,1.00,D,0.00,12.00,12.00,12.00,12.00, ,-1.26,,58.90,13.50,0,0.00,49.4,1,0,0.00,0.00,0.00,12.00,-0.02,1.00,0,0,0.00,0
2026-05-10 20:35:39,1624.37,1,0,0,0,0,0,0,0.10,0,1.00,4.33,2.24,3.81,1.00,D,0.00,12.00,12.00,12.00,12.00, ,5.76,,59.70,13.50,0,0.00,48.3,1,0,0.00,0.00,0.00,12.00,0.10,1.00,0,0,0.00,0
2026-05-10 20:35:40,1625.45,1,0,0,0,0,0,0,0.32,0,1.00,4.33,2.24,3.98,1.00,D,0.00,12.00,12.00,12.00,12.00, ,18.97,,66.70,13.60,0,0.00,48.8,1,0,0.00,0.00,0.00,12.00,0.32,1.00,0,0,0.00,0
2026-05-10 20:35:41,1626.46,1,0,0,0,0,0,0,-0.11,0,1.00,4.33,2.24,3.79,1.00,D,0.00,12.00,12.00,12.00,12.00, ,-6.64,,55.70,13.50,0,0.00,50.5,1,0,0.00,0.00,0.00,12.00,-0.11,1.00,0,0,0.00,0
2026-05-10 20:35:42,1627.49,1,0,0,0,0,0,0,0.43,0,1.00,4.33,2.24,3.95,1.00,D,0.00,12.00,12.00,12.00,12.00, ,25.94,,63.20,13.80,0,0.00,51.0,1,0,0.00,0.00,0.00,12.00,0.43,1.00,0,0,0.00,0
2026-05-10 20:35:43,1628.48,1,0,0,0,0,0,0,0.01,0,1.00,4.33,2.24,3.88,1.00,D,0.00,12.00,12.00,12.00,12.00, ,0.90,,62.30,13.70,0,0.00,49.4,1,0,0.00,0.00,0.00,12.00,0.01,1.00,0,0,0.00,0
2026-05-10 20:35:44,1629.51,1,0,0,0,0,0,0,0.26,0,1.00,4.33,2.24,3.88,1.00,D,0.00,12.00,12.00,12.00,12.00, ,15.49,,62.60,13.60,0,0.00,49.9,1,0,0.00,0.00,0.00,12.00,0.26,1.00,0,0,0.00,0
2026-05-10 20:35:45,1630.67,1,0,0,0,0,0,0,0.04,0,1.00,4.33,2.25,3.93,1.00,D,0.00,12.00,12.00,12.00,12.00, ,2.50,,70.60,14.00,0,0.00,50.5,1,0,0.00,0.00,0.00,12.00,0.04,1.00,0,0,0.00,0
2026-05-10 20:35:46,1631.68,1,0,0,0,0,0,0,-0.04,0,1.00,4.33,2.25,3.83,1.00,D,0.00,12.00,12.00,12.00,12.00, ,-2.43,,59.40,13.90,0,0.00,50.5,1,0,0.00,0.00,0.00,12.00,-0.04,1.00,0,0,0.00,0
2026-05-10 20:35:47,1632.70,1,0,0,0,0,0,0,0.53,0,1.00,4.33,2.25,3.92,1.00,D,0.00,12.00,12.00,12.00,12.00, ,31.55,,65.50,13.70,0,0.00,49.9,1,0,0.00,0.00,0.00,12.00,0.53,1.00,0,0,0.00,0
2026-05-10 20:35:48,1633.77,1,0,0,0,0,0,0,-0.09,0,1.00,4.33,2.25,3.92,1.00,D,0.00,12.00,12.00,12.00,12.00, ,-5.14,,73.80,13.80,0,0.00,49.4,1,0,0.00,0.00,0.00,12.00,-0.09,1.00,0,0,0.00,0
2026-05-10 20:35:49,1634.70,1,0,0,0,0,0,0,0.21,0,1.00,4.33,2.25,3.89,1.00,D,0.00,12.00,12.00,12.00,12.00, ,12.62,,65.20,13.70,0,0.00,49.4,1,0,0.00,0.00,0.00,12.00,0.21,1.00,0,0,0.00,0
2026-05-10 20:35:50,1635.79,1,0,0,0,0,0,0,0.10,0,1.00,4.33,2.25,3.94,1.00,D,0.00,12.00,12.00,12.00,12.00, ,6.29,,62.70,13.60,0,0.00,50.5,1,0,0.00,0.00,0.00,12.00,0.10,1.00,0,0,0.00,0
2026-05-10 20:35:51,1636.81,1,0,0,0,0,0,0,0.11,0,1.00,4.33,2.25,3.89,1.00,D,0.00,12.00,12.00,12.00,12.00, ,6.68,,75.30,13.70,0,0.00,48.3,1,0,0.00,0.00,0.00,12.00,0.11,1.00,0,0,0.00,0
2026-05-10 20:35:52,1637.82,1,0,0,0,0,0,0,0.06,0,1.00,4.33,2.25,3.88,1.00,D,0.00,12.00,12.00,12.00,12.00, ,3.87,,63.40,13.50,0,0.00,49.9,1,0,0.00,0.00,0.00,12.00,0.06,1.00,0,0,0.00,0
2026-05-10 20:35:53,1638.94,1,0,0,0,0,0,0,0.06,0,1.00,4.33,2.25,3.92,1.00,D,0.00,12.00,12.00,12.00,12.00, ,3.64,,71.70,13.50,0,0.00,49.9,1,0,0.00,0.00,0.00,12.00,0.06,1.00,0,0,0.00,0
2026-05-10 20:35:54,1640.00,1,0,0,0,0,0,0,-0.08,0,1.00,4.33,2.25,3.72,1.00,D,0.00,12.00,12.00,12.00,12.00, ,-4.58,,66.10,13.40,0,0.00,49.9,1,0,0.00,0.00,0.00,12.00,-0.08,1.00,0,0,0.00,0
2026-05-10 20:35:55,1640.99,1,0,0,0,0,0,0,0.36,0,1.00,4.33,2.26,3.93,1.00,D,0.00,12.00,12.00,12.00,12.00, ,21.66,,68.00,13.50,0,0.00,50.5,1,0,0.00,0.00,0.00,12.00,0.36,1.00,0,0,0.00,0
2026-05-10 20:35:56,1642.00,1,0,0,0,0,0,0,-0.05,0,1.00,4.33,2.26,3.99,1.00,D,0.00,12.00,12.00,12.00,12.00, ,-2.71,,64.60,13.50,0,0.00,48.8,1,0,0.00,0.00,0.00,12.00,-0.05,1.00,0,0,0.00,0
2026-05-10 20:35:57,1643.04,1,0,0,0,0,0,0,-0.06,0,1.00,4.33,2.26,3.99,1.00,D,0.00,12.00,12.00,12.00,12.00, ,-3.61,,78.80,13.80,0,0.00,46.6,1,0,0.00,0.00,0.00,12.00,-0.06,1.00,0,0,0.00,0
2026-05-10 20:35:59,1644.13,1,0,0,0,0,0,0,0.79,0,1.00,4.33,2.26,3.81,1.00,D,0.00,12.00,12.00,12.00,12.00, ,47.26,,68.50,13.60,0,0.00,48.8,1,0,0.00,0.00,0.00,12.00,0.79,1.00,0,0,0.00,0
2026-05-10 20:36:00,1645.15,1,0,0,0,0,0,0,0.10,0,1.00,4.33,2.26,3.59,1.00,D,0.00,12.00,12.00,12.00,12.00, ,6.09,,74.90,13.50,0,0.00,50.5,1,0,0.00,0.00,0.00,12.00,0.10,1.00,0,0,0.00,0
2026-05-10 20:36:01,1646.25,1,0,0,0,0,0,0,0.12,0,1.00,4.33,2.26,3.91,1.00,D,0.00,12.00,12.00,12.00,12.00, ,7.42,,67.10,13.40,0,0.00,49.9,1,0,0.00,0.00,0.00,12.00,0.12,1.00,0,0,0.00,0
2026-05-10 20:36:02,1647.34,1,0,0,0,0,0,0,0.09,0,1.00,4.33,2.26,3.87,1.00,D,0.00,12.00,12.00,12.00,12.00, ,5.11,,79.70,13.80,0,0.00,48.8,1,0,0.00,0.00,0.00,12.00,0.09,1.00,0,0,0.00,0
2026-05-10 20:36:03,1648.38,1,0,0,0,0,0,0,0.11,0,1.00,4.33,2.26,3.90,1.00,D,0.00,12.00,12.00,12.00,12.00, ,6.72,,70.50,13.80,0,0.00,46.6,1,0,0.00,0.00,0.00,12.00,0.11,1.00,0,0,0.00,0
2026-05-10 20:36:04,1649.50,1,0,0,0,0,0,0,0.10,0,1.00,4.33,2.26,3.98,1.00,D,0.00,12.00,12.00,12.00,12.00, ,5.74,,72.00,13.60,0,0.00,46.6,1,0,0.00,0.00,0.00,12.00,0.10,1.00,0,0,0.00,0
2026-05-10 20:36:05,1650.47,1,0,0,0,0,0,0,0.04,0,1.00,4.33,2.27,3.91,1.00,D,0.00,12.00,12.00,12.00,12.00, ,2.63,,80.70,13.60,0,0.00,46.6,1,0,0.00,0.00,0.00,12.00,0.04,1.00,0,0,0.00,0
2026-05-10 20:36:06,1651.58,1,0,0,0,0,0,0,0.12,0,1.00,4.33,2.27,3.92,1.00,D,0.00,12.00,12.00,12.00,12.00, ,7.34,,71.00,13.50,0,0.00,47.2,1,0,0.00,0.00,0.00,12.00,0.12,1.00,0,0,0.00,0
2026-05-10 20:36:07,1652.60,1,0,0,0,0,0,0,0.13,0,1.00,4.33,2.27,3.88,1.00,D,0.00,12.00,12.00,12.00,12.00, ,7.78,,71.80,13.50,0,0.00,48.8,1,0,0.00,0.00,0.00,12.00,0.13,1.00,0,0,0.00,0
2026-05-10 20:36:08,1653.65,1,0,0,0,0,0,0,0.11,0,1.00,4.33,2.27,3.93,1.00,D,0.00,12.00,12.00,12.00,12.00, ,6.61,,76.90,13.60,0,0.00,46.1,1,0,0.00,0.00,0.00,12.00,0.11,1.00,0,0,0.00,0
2026-05-10 20:36:09,1654.77,1,0,0,0,0,0,0,0.03,0,1.00,4.33,2.27,3.89,1.00,D,0.00,12.00,12.00,12.00,12.00, ,1.77,,70.50,13.60,0,0.00,48.3,1,0,0.00,0.00,0.00,12.00,0.03,1.00,0,0,0.00,0
2026-05-10 20:36:10,1655.81,0,0,0,0,0,0,0,1.00,0,1.00,4.33,2.27,3.34,0.15,D,0.00,12.00,12.00,12.00,12.00, ,0.00,,75.00,13.50,0,0.00,48.8,1,0,0.00,0.00,0.00,12.00,0.00,0.00,0,0,0.00,0
2026-05-10 20:36:11,1656.75,0,0,0,0,0,0,0,1.00,0,0.00,4.33,2.27,0.99,0.12,D,0.00,12.00,12.00,12.00,12.00, ,0.00,,67.10,13.40,0,0.01,48.3,1,0,0.00,0.00,0.00,12.00,0.00,0.00,0,0,0.00,0
2026-05-10 20:36:12,1657.75,0,0,0,0,0,0,0,1.00,0,1.00,4.33,2.27,0.03,0.64,D,0.00,12.00,12.00,12.00,12.00, ,0.00,,68.40,13.40,0,0.00,49.4,1,0,0.00,0.00,0.00,12.00,0.00,0.00,0,0,0.00,0
2026-05-10 20:36:13,1658.83,0,0,0,0,0,0,0,0.00,0,0.00,4.33,2.27,2.03,0.79,D,0.00,12.00,12.00,12.00,12.00, ,0.00,,73.30,13.50,0,0.00,48.8,1,0,0.00,0.00,0.00,12.00,0.00,0.00,0,0,0.00,0
2026-05-10 20:36:14,1659.84,0,0,0,0,0,0,0,0.00,0,0.00,4.33,2.27,1.65,0.19,D,0.00,12.00,12.00,12.00,12.00, ,0.00,,71.30,13.50,0,0.00,48.3,1,0,0.00,0.00,0.00,12.00,0.00,0.00,0,0,0.00,0
2026-05-10 20:36:15,1660.84,1,0,0,0,0,0,0,-0.25,0,1.00,4.33,2.27,0.30,0.50,D,0.00,12.00,12.00,12.00,12.00, ,-15.12,,76.10,13.40,0,0.00,47.7,1,0,0.00,0.00,0.00,12.00,-0.25,1.00,0,0,0.00,0
2026-05-10 20:36:16,1661.96,1,0,0,0,0,0,0,-0.08,0,1.00,4.33,2.27,1.26,1.00,D,0.00,12.00,12.00,12.00,12.00, ,-4.91,,70.40,13.50,0,0.00,47.2,1,0,0.00,0.00,0.00,12.00,-0.08,1.00,0,0,0.00,0
2026-05-10 20:36:17,1662.96,1,0,0,0,0,0,0,0.12,0,1.00,4.33,2.27,3.11,1.00,D,0.00,12.00,12.00,12.00,12.00, ,7.25,,74.20,13.50,0,0.00,47.7,1,0,0.00,0.00,0.00,12.00,0.12,1.00,0,0,0.00,0
2026-05-10 20:36:18,1664.03,1,0,0,0,0,0,0,0.33,0,1.00,4.33,2.27,3.31,1.00,D,0.00,12.00,12.00,12.00,12.00, ,19.58,,68.60,13.40,0,0.00,45.5,1,0,0.00,0.00,0.00,12.00,0.33,1.00,0,0,0.00,0
2026-05-10 20:36:19,1665.03,1,0,0,0,0,0,0,-0.47,0,1.00,4.33,2.27,3.40,1.00,D,0.00,12.00,12.00,12.00,12.00, ,-28.24,,80.30,13.70,0,0.00,46.6,1,0,0.00,0.00,0.00,12.00,-0.47,1.00,0,0,0.00,0
2026-05-10 20:36:21,1666.09,1,0,0,0,0,0,0,0.56,0,1.00,4.33,2.27,3.32,1.00,D,0.00,12.00,12.00,12.00,12.00, ,33.52,,68.30,13.70,0,0.00,48.8,1,0,0.00,0.00,0.00,12.00,0.56,1.00,0,0,0.00,0
2026-05-10 20:36:22,1667.12,1,0,0,0,0,0,0,0.04,0,1.00,4.33,2.27,3.29,1.00,D,0.00,12.00,12.00,12.00,12.00, ,2.50,,68.40,13.60,0,0.00,48.3,1,0,0.00,0.00,0.00,12.00,0.04,1.00,0,0,0.00,0
2026-05-10 20:36:23,1668.32,1,0,0,0,0,0,0,-0.17,0,1.00,4.33,2.27,3.43,1.00,D,0.00,12.00,12.00,12.00,12.00, ,-10.04,,77.80,13.60,0,0.00,47.7,1,0,0.00,0.00,0.00,12.00,-0.17,1.00,0,0,0.00,0
2026-05-10 20:36:24,1669.27,1,0,0,0,0,0,0,0.27,0,1.00,4.33,2.27,3.36,1.00,D,0.00,12.00,12.00,12.00,12.00, ,16.03,,68.70,13.60,0,0.00,47.7,1,0,0.00,0.00,0.00,12.00,0.27,1.00,0,0,0.00,0
2026-05-10 20:36:25,1670.42,1,0,0,0,0,0,0,-0.12,0,1.00,4.33,2.27,3.45,1.00,D,0.00,12.00,12.00,12.00,12.00, ,-6.91,,68.80,13.40,0,0.00,47.7,1,0,0.00,0.00,0.00,12.00,-0.12,1.00,0,0,0.00,0
2026-05-10 20:36:26,1671.42,1,0,0,0,0,0,0,0.27,0,1.00,4.33,2.27,3.42,1.00,D,0.00,12.00,12.00,12.00,12.00, ,16.00,,78.70,13.40,0,0.00,46.6,1,0,0.00,0.00,0.00,12.00,0.27,1.00,0,0,0.00,0
2026-05-10 20:36:27,1672.46,1,0,0,0,0,0,0,0.12,0,1.00,4.33,2.27,3.44,1.00,D,0.00,12.00,12.00,12.00,12.00, ,7.33,,73.50,13.40,0,0.00,47.2,1,0,0.00,0.00,0.00,12.00,0.12,1.00,0,0,0.00,0
2026-05-10 20:36:28,1673.51,0,0,0,0,0,0,0,-0.73,0,0.00,4.33,2.27,3.09,0.00,D,0.00,12.00,12.00,12.00,12.00, ,0.00,,78.80,13.50,0,0.00,47.2,1,0,0.00,0.00,0.00,12.00,0.00,0.00,0,0,0.00,0
2026-05-10 20:36:29,1674.50,0,0,0,0,0,0,0,0.00,0,1.00,4.33,2.27,0.99,0.45,D,0.00,12.00,12.00,12.00,12.00, ,0.00,,69.10,13.50,0,0.00,46.6,1,0,0.00,0.00,0.00,12.00,0.00,0.00,0,0,0.00,0
2026-05-10 20:36:30,1675.60,0,0,0,0,0,0,0,0.24,0,1.00,4.33,2.27,0.88,0.99,D,0.00,12.00,12.00,12.00,12.00, ,0.00,,77.70,13.70,0,0.00,47.7,1,0,0.00,0.00,0.00,12.00,0.00,0.00,0,0,0.00,0
2026-05-10 20:36:31,1676.67,0,0,0,0,0,0,0,0.15,0,1.00,4.33,2.27,2.61,1.00,D,0.00,12.00,12.00,12.00,12.00, ,0.00,,68.80,13.50,0,0.00,46.6,1,0,0.00,0.00,0.00,12.00,0.00,0.00,0,0,0.00,0
2026-05-10 20:36:32,1677.65,0,0,0,0,0,0,0,0.00,0,1.00,4.33,2.27,2.79,1.00,D,0.00,12.00,12.00,12.00,12.00, ,0.00,,73.90,13.50,0,0.00,45.5,1,0,0.00,0.00,0.00,12.00,0.00,0.00,0,0,0.00,0
2026-05-10 20:36:33,1678.78,0,0,0,0,0,0,0,0.00,0,1.00,4.33,2.27,2.77,1.00,D,0.00,12.00,12.00,12.00,12.00, ,0.00,,72.60,13.50,0,0.00,46.6,1,0,0.00,0.00,0.00,12.00,0.00,0.00,0,0,0.00,0
2026-05-10 20:36:34,1679.80,0,0,0,0,0,0,0,0.39,0,1.00,4.33,2.27,2.89,1.00,D,0.00,12.00,12.00,12.00,12.00, ,0.00,,67.50,13.50,0,0.00,47.2,1,0,0.00,0.00,0.00,12.00,0.00,0.00,0,0,0.00,0
2026-05-10 20:36:35,1680.95,0,0,0,0,0,0,0,0.00,0,1.00,4.33,2.27,2.99,1.00,D,0.00,12.00,12.00,12.00,12.00, ,0.00,,77.50,13.50,0,0.00,46.6,1,0,0.00,0.00,0.00,12.00,0.00,0.00,0,0,0.00,0
2026-05-10 20:36:37,1682.10,0,0,0,0,0,0,0,0.11,0,1.00,4.33,2.27,3.26,1.00,D,0.00,12.00,12.00,12.00,12.00, ,0.00,,75.10,13.60,0,0.00,46.6,1,0,0.00,0.00,0.00,12.00,0.00,0.00,0,0,0.00,0
2026-05-10 20:36:37,1683.06,0,0,0,0,0,0,0,0.21,0,1.00,4.33,2.27,3.38,1.00,D,0.00,12.00,12.00,12.00,12.00, ,0.00,,72.90,13.60,0,0.00,46.1,1,0,0.00,0.00,0.00,12.00,0.00,0.00,0,0,0.00,0
2026-05-10 20:36:39,1684.11,0,0,0,0,0,0,0,0.00,0,1.00,4.33,2.27,3.43,1.00,D,0.00,12.00,12.00,12.00,12.00, ,0.00,,74.60,13.60,0,0.00,46.1,1,0,0.00,0.00,0.00,12.00,0.00,0.00,0,0,0.00,0
2026-05-10 20:36:40,1685.06,0,0,0,0,0,0,0,0.00,0,1.00,4.33,2.28,3.57,1.00,D,0.00,12.00,12.00,12.00,12.00, ,0.00,,75.30,13.60,0,0.00,44.4,1,0,0.00,0.00,0.00,12.00,0.00,0.00,0,0,0.00,0
2026-05-10 20:36:41,1686.11,0,0,0,0,0,0,0,0.00,0,0.00,4.33,2.28,3.50,0.70,D,0.00,12.00,12.00,12.00,12.00, ,0.00,,68.40,13.60,0,0.00,45.5,1,0,0.00,0.00,0.00,12.00,0.00,0.00,0,0,0.00,0
2026-05-10 20:36:42,1687.16,0,0,0,0,0,0,0,0.00,0,0.00,4.33,2.28,2.30,0.07,D,0.00,12.00,12.00,12.00,12.00, ,0.00,,74.30,13.60,0,0.00,46.6,1,0,0.00,0.00,0.00,12.00,0.00,0.00,0,0,0.00,0
2026-05-10 20:36:43,1688.18,0,0,0,0,0,0,0,0.00,0,0.00,4.33,2.28,0.00,0.00,D,0.00,12.00,12.00,12.00,12.00, ,0.00,,65.90,13.40,0,0.04,46.6,1,0,0.00,0.00,0.00,12.00,0.00,0.00,0,0,0.00,0
2026-05-10 20:36:44,1689.25,0,0,0,0,0,0,0,0.00,0,0.72,4.33,2.27,0.00,0.23,D,0.00,12.00,12.00,12.00,12.00, ,0.00,,68.90,13.40,0,0.70,47.7,1,0,0.00,0.00,0.00,12.00,0.00,0.00,0,0,0.00,0
2026-05-10 20:36:45,1690.25,0,0,0,0,0,0,0,0.00,0,0.00,4.33,2.27,0.00,0.00,D,0.00,12.00,12.00,12.00,12.00, ,0.00,,71.50,13.70,0,0.68,47.7,1,0,0.00,0.00,0.00,12.00,0.00,0.00,0,0,0.00,0
2026-05-10 20:36:46,1691.30,0,0,0,0,0,0,0,0.00,0,0.00,4.33,2.27,0.00,0.00,D,0.00,12.00,12.00,12.00,12.00, ,0.00,,67.20,13.70,0,1.74,46.6,1,0,0.00,0.00,0.00,12.00,0.00,0.00,0,0,0.00,0
2026-05-10 20:36:47,1692.33,0,0,0,0,0,0,0,0.00,0,0.00,4.33,2.27,0.00,0.00,D,0.00,12.00,12.00,12.00,12.00, ,0.00,,77.40,14.00,0,2.76,47.7,1,0,0.00,0.00,0.00,12.00,0.00,0.00,0,0,0.00,0
2026-05-10 20:36:48,1693.29,0,0,0,0,0,0,0,0.00,0,0.00,4.33,2.27,0.00,0.00,D,0.00,12.00,12.00,12.00,12.00, ,0.00,,65.90,14.00,0,3.72,46.6,1,0,0.00,0.00,0.00,12.00,0.00,0.00,0,0,0.00,0
2026-05-10 20:36:49,1694.34,0,0,0,0,0,0,0,0.00,0,0.00,4.33,2.27,0.00,0.00,D,0.00,12.00,12.00,12.00,12.00, ,0.00,,74.50,13.90,0,4.78,48.8,1,0,0.00,0.00,0.00,12.00,0.00,0.00,0,0,0.00,0
2026-05-10 20:36:49,1694.98,0,0,0,0,1,0,0,0.00,0,0.00,4.33,2.27,0.00,0.00,D,0.00,12.00,12.00,12.00,12.00, ,0.00,,64.70,13.90,0,5.41,46.6,1,0,0.00,0.00,0.00,12.00,0.00,0.00,0,0,0.00,0
