Current Time,Time Since Program Started (s),Autonomous Mode (On/Off),Cruise Control (Active/Inactive),Shift Up PRND (Event),Shift Down PRND (Event),Quit (Event),Increase CC (Event),Decrease CC (Event),Steer (Value),Brake (On/Off),Gas (Value),Maximum Speed Recall (MPH),Average Speed (MPH),Current Speed (MPH),Motor PWM Value,Gear Mode,Cruise Control Target Speed (MPH),LiDAR Front Distance (m),LiDAR Left Distance (m),LiDAR Right Distance (m),LiDAR Back Distance (m),LiDAR Determined Direction,Target Heading (deg),Stop Reason,CPU Usage (%),Memory Usage (%),Number of LiDAR Points in Scan,Time Since Last Hall Sensor Pulse (s),CPU Temp (C),AEB Enabled (On/Off),AEB Triggered (On/Off),PID Output (Cruise Control),LiDAR Best Heading (deg),LiDAR Heading Confidence,LiDAR Forward Clearance (m),Camera Steering Bias,Camera Confidence,Camera Left Edge Found,Camera Right Edge Found,Camera Corridor Width (px),Driveway Cut Suspected,Front Ultrasonic Distance (cm)
2026-03-28 17:38:43,2.94,0,0,0,0,0,0,0,0.00,1,0.00,0.00,0.00,0.00,0.00,P,0.00,0.86,1.05,0.33,0.39,CAUTION_WARNING,0.00,,13.90,10.40,504,2.94,56.0,1,0,0.00,0.00,0.00,0.86,0.00,0.00,0,0,0.00,0,0.00
2026-03-28 17:38:44,3.96,0,0,0,0,0,0,0,0.60,1,0.00,0.00,0.00,0.00,0.00,P,0.00,0.86,1.05,0.34,0.39,CAUTION_WARNING,0.00,,11.10,10.40,504,3.96,56.5,1,0,0.00,0.00,0.00,0.86,0.00,0.00,0,0,0.00,0,0.00
2026-03-28 17:38:45,4.97,0,0,0,0,0,0,0,-1.00,1,0.00,0.00,0.00,0.00,0.00,P,0.00,0.86,1.05,0.37,0.39,CAUTION_WARNING,0.00,,18.90,10.50,504,4.97,54.9,1,0,0.00,0.00,0.00,0.86,0.00,0.00,0,0,0.00,0,0.00
2026-03-28 17:38:46,5.98,0,0,0,0,0,0,0,0.00,1,0.00,0.00,0.00,0.00,0.00,P,0.00,0.86,1.05,0.41,0.39,CAUTION_WARNING,0.00,,10.50,10.40,504,5.98,56.0,1,0,0.00,0.00,0.00,0.86,0.00,0.00,0,0,0.00,0,0.00
2026-03-28 17:38:47,6.99,0,0,0,0,0,0,0,0.00,1,0.00,0.00,0.00,0.00,0.00,P,0.00,0.86,1.05,0.41,0.39,CAUTION_WARNING,0.00,,7.20,10.40,504,6.99,54.3,1,0,0.00,0.00,0.00,0.86,0.00,0.00,0,0,0.00,0,0.00
2026-03-28 17:38:48,8.01,0,0,0,0,0,0,0,0.00,1,0.00,0.00,0.00,0.00,0.00,P,0.00,0.85,1.05,0.33,0.39,CAUTION_WARNING,0.00,,5.90,10.30,504,8.01,55.4,1,0,0.00,0.00,0.00,0.85,0.00,0.00,0,0,0.00,0,0.00
2026-03-28 17:38:49,9.02,0,0,0,0,0,0,0,0.00,1,0.00,0.00,0.00,0.00,0.00,P,0.00,0.86,1.05,0.35,0.39,CAUTION_WARNING,0.00,,4.90,10.30,504,9.02,55.4,1,0,0.00,0.00,0.00,0.86,0.00,0.00,0,0,0.00,0,0.00
2026-03-28 17:38:50,10.03,0,0,0,0,0,0,0,0.00,1,0.00,0.00,0.00,0.00,0.00,P,0.00,0.86,1.05,0.31,0.39,CAUTION_WARNING,0.00,,6.10,10.20,504,10.03,54.3,1,0,0.00,0.00,0.00,0.86,0.00,0.00,0,0,0.00,0,0.00
2026-03-28 17:38:51,11.04,0,0,0,0,0,0,0,0.00,1,0.00,0.00,0.00,0.00,0.00,P,0.00,0.85,1.05,0.36,0.37,CAUTION_WARNING,0.00,,6.90,10.10,504,11.04,54.3,1,0,0.00,0.00,0.00,0.85,0.00,0.00,0,0,0.00,0,0.00
2026-03-28 17:38:52,12.05,0,0,0,0,0,0,0,0.00,1,0.00,0.00,0.00,0.00,0.00,P,0.00,0.87,1.05,0.35,0.39,CAUTION_WARNING,0.00,,7.60,10.10,504,12.05,55.4,1,0,0.00,0.00,0.00,0.87,0.00,0.00,0,0,0.00,0,0.00
2026-03-28 17:38:53,13.07,0,0,0,0,0,0,0,0.00,1,0.00,0.00,0.00,0.00,0.00,P,0.00,0.86,1.05,0.35,0.39,CAUTION_WARNING,0.00,,7.20,10.10,504,13.07,53.8,1,0,0.00,0.00,0.00,0.86,0.00,0.00,0,0,0.00,0,0.00
2026-03-28 17:38:54,14.08,0,0,0,0,0,0,0,0.00,1,0.00,0.00,0.00,0.00,0.00,P,0.00,0.86,0.11,0.34,0.39,CAUTION_WARNING,0.00,,7.60,10.00,504,14.08,53.8,1,0,0.00,0.00,0.00,0.86,0.00,0.00,0,0,0.00,0,0.00
2026-03-28 17:38:55,15.10,0,0,0,0,0,0,0,0.00,1,0.00,0.00,0.00,0.00,0.00,P,0.00,0.12,0.12,0.34,0.39,STOP_WARNING,0.00,,8.80,10.00,504,0.70,54.9,1,0,0.00,0.00,0.00,0.12,0.00,0.00,0,0,0.00,0,0.00
2026-03-28 17:38:56,16.11,0,0,0,0,0,0,0,0.00,1,0.00,0.00,0.00,0.00,0.00,P,0.00,0.11,0.09,0.36,0.39,STOP_WARNING,0.00,,11.00,9.90,504,1.71,55.4,1,0,0.00,0.00,0.00,0.11,0.00,0.00,0,0,0.00,0,0.00
2026-03-28 17:38:57,17.12,0,0,0,0,0,0,0,0.00,1,0.00,0.00,0.00,0.00,0.00,P,0.00,0.85,0.09,0.41,0.40,CAUTION_WARNING,0.00,,10.70,9.90,504,2.72,56.0,1,0,0.00,0.00,0.00,0.85,0.00,0.00,0,0,0.00,0,0.00
2026-03-28 17:38:58,18.13,0,0,0,0,0,0,0,0.00,1,0.00,0.00,0.00,0.00,0.00,P,0.00,0.12,0.10,0.37,0.39,STOP_WARNING,0.00,,8.10,9.80,504,3.74,54.3,1,0,0.00,0.00,0.00,0.12,0.00,0.00,0,0,0.00,0,0.00
2026-03-28 17:38:59,19.14,0,0,0,0,0,0,0,0.00,1,0.00,0.00,0.00,0.00,0.00,P,0.00,0.10,0.10,0.41,0.39,STOP_WARNING,0.00,,8.20,9.80,504,4.74,55.4,1,0,0.00,0.00,0.00,0.10,0.00,0.00,0,0,0.00,0,0.00
2026-03-28 17:39:00,20.15,0,0,0,0,0,0,0,0.00,1,0.00,0.00,0.00,0.00,0.00,P,0.00,0.86,1.03,0.41,0.36,CAUTION_WARNING,0.00,,8.80,9.80,504,5.75,54.9,1,0,0.00,0.00,0.00,0.86,0.00,0.00,0,0,0.00,0,0.00
2026-03-28 17:39:01,21.16,0,0,0,0,0,0,0,0.00,1,0.00,0.00,0.00,0.00,0.00,P,0.00,0.09,0.09,0.40,0.36,STOP_WARNING,0.00,,8.70,9.80,504,6.77,54.3,1,0,0.00,0.00,0.00,0.09,0.00,0.00,0,0,0.00,0,0.00
2026-03-28 17:39:02,22.18,0,0,0,0,0,0,0,0.00,1,0.00,0.00,0.00,0.00,0.00,P,0.00,0.86,1.05,0.33,0.32,CAUTION_WARNING,0.00,,8.10,9.80,504,7.79,53.8,1,0,0.00,0.00,0.00,0.86,0.00,0.00,0,0,0.00,0,0.00
2026-03-28 17:39:03,23.19,0,0,0,0,0,0,0,0.00,1,0.00,0.00,0.00,0.00,0.00,P,0.00,0.84,1.05,0.34,0.29,CAUTION_WARNING,0.00,,8.30,9.80,504,8.80,55.4,1,0,0.00,0.00,0.00,0.84,0.00,0.00,0,0,0.00,0,0.00
2026-03-28 17:39:04,24.21,0,0,0,0,0,0,0,0.00,1,0.00,0.00,0.00,0.00,0.00,P,0.00,0.85,1.05,0.34,0.39,CAUTION_WARNING,0.00,,9.30,9.80,504,9.81,54.9,1,0,0.00,0.00,0.00,0.85,0.00,0.00,0,0,0.00,0,0.00
2026-03-28 17:39:05,25.22,0,0,0,0,0,0,0,0.00,1,0.00,0.00,0.00,0.00,0.00,P,0.00,0.86,0.11,0.40,0.39,CAUTION_WARNING,0.00,,7.90,9.80,504,10.82,56.0,1,0,0.00,0.00,0.00,0.86,0.00,0.00,0,0,0.00,0,0.00
2026-03-28 17:39:06,26.23,0,0,0,0,0,0,0,0.00,1,0.00,0.00,0.00,0.00,0.00,P,0.00,0.10,0.09,0.40,0.39,STOP_WARNING,0.00,,11.10,9.70,504,11.83,55.4,1,0,0.00,0.00,0.00,0.10,0.00,0.00,0,0,0.00,0,0.00
2026-03-28 17:39:07,27.23,0,0,0,0,0,0,0,0.00,1,0.00,0.00,0.00,0.00,0.00,P,0.00,0.08,0.06,0.41,0.40,STOP_WARNING,0.00,,11.80,9.70,504,12.83,55.4,1,1,0.00,0.00,0.00,0.08,0.00,0.00,0,0,0.00,0,0.00
2026-03-28 17:39:08,28.25,0,0,0,0,0,0,0,0.00,1,0.00,0.00,0.00,0.00,0.00,P,0.00,0.07,0.06,0.35,0.39,STOP_WARNING,0.00,,12.10,9.70,504,13.85,55.4,1,1,0.00,0.00,0.00,0.07,0.00,0.00,0,0,0.00,0,0.00
2026-03-28 17:39:09,29.26,0,0,0,0,0,0,0,0.00,1,0.00,0.00,0.00,0.00,0.00,P,0.00,0.07,0.07,0.34,0.39,STOP_WARNING,0.00,,12.30,9.70,504,14.86,56.0,1,1,0.00,0.00,0.00,0.07,0.00,0.00,0,0,0.00,0,0.00
2026-03-28 17:39:10,30.27,0,0,0,0,0,0,0,0.00,1,0.00,0.00,0.00,0.00,0.00,P,0.00,0.86,0.17,0.34,0.16,CAUTION_WARNING,0.00,,9.80,9.70,504,15.87,54.3,1,0,0.00,0.00,0.00,0.86,0.00,0.00,0,0,0.00,0,0.00
2026-03-28 17:39:11,31.27,0,0,0,0,0,0,0,0.00,1,0.00,0.00,0.00,0.00,0.00,P,0.00,0.87,1.05,0.41,0.39,CAUTION_WARNING,0.00,,10.40,9.70,504,16.88,54.9,1,0,0.00,0.00,0.00,0.87,0.00,0.00,0,0,0.00,0,0.00
2026-03-28 17:39:12,32.29,0,0,0,0,0,0,0,0.00,1,0.00,0.00,0.00,0.00,0.00,P,0.00,0.86,1.05,0.33,0.39,CAUTION_WARNING,0.00,,12.10,9.70,504,17.89,55.4,1,0,0.00,0.00,0.00,0.86,0.00,0.00,0,0,0.00,0,0.00
2026-03-28 17:39:13,33.30,0,0,0,0,0,0,0,0.00,1,0.00,0.00,0.00,0.00,0.00,P,0.00,0.85,1.05,0.41,0.39,CAUTION_WARNING,0.00,,10.80,9.70,504,18.91,55.4,1,0,0.00,0.00,0.00,0.85,0.00,0.00,0,0,0.00,0,0.00
2026-03-28 17:39:14,34.31,0,0,0,0,0,0,0,0.00,1,0.00,0.00,0.00,0.00,0.00,P,0.00,0.86,1.05,0.37,0.39,CAUTION_WARNING,0.00,,11.90,9.70,504,19.92,53.8,1,0,0.00,0.00,0.00,0.86,0.00,0.00,0,0,0.00,0,0.00
2026-03-28 17:39:15,35.33,0,0,0,0,0,0,0,0.00,1,0.00,0.00,0.00,0.00,0.00,P,0.00,0.86,0.09,0.37,0.38,CAUTION_WARNING,0.00,,12.10,9.70,504,20.93,56.0,1,0,0.00,0.00,0.00,0.86,0.00,0.00,0,0,0.00,0,0.00
2026-03-28 17:39:16,36.34,0,0,0,0,0,0,0,0.00,1,0.00,0.00,0.00,0.00,0.00,P,0.00,0.06,0.06,0.39,0.38,STOP_WARNING,0.00,,12.70,9.70,504,21.94,55.4,1,0,0.00,0.00,0.00,0.06,0.00,0.00,0,0,0.00,0,0.00
2026-03-28 17:39:17,37.35,0,0,0,0,0,0,0,0.00,1,0.00,0.00,0.00,0.00,0.00,P,0.00,0.08,0.07,0.34,0.39,STOP_WARNING,0.00,,11.90,9.60,504,22.95,55.4,1,1,0.00,0.00,0.00,0.08,0.00,0.00,0,0,0.00,0,0.00
2026-03-28 17:39:18,38.36,0,0,0,0,0,0,0,0.00,1,0.00,0.00,0.00,0.00,0.00,P,0.00,0.84,0.26,0.40,0.23,CAUTION_WARNING,0.00,,13.40,9.60,504,23.96,54.3,1,0,0.00,0.00,0.00,0.84,0.00,0.00,0,0,0.00,0,0.00
2026-03-28 17:39:19,39.37,0,0,0,0,0,0,0,0.00,1,0.00,0.00,0.00,0.00,0.00,P,0.00,0.85,0.31,0.39,0.33,CAUTION_WARNING,0.00,,11.90,9.60,504,24.98,55.4,1,0,0.00,0.00,0.00,0.85,0.00,0.00,0,0,0.00,0,0.00
2026-03-28 17:39:20,40.38,0,0,0,0,0,0,0,0.00,1,0.00,0.00,0.00,0.00,0.00,P,0.00,0.07,0.34,0.41,0.34,STOP_WARNING,0.00,,12.80,9.60,504,25.99,54.3,1,0,0.00,0.00,0.00,0.07,0.00,0.00,0,0,0.00,0,0.00
2026-03-28 17:39:21,41.40,0,0,0,0,0,0,0,0.00,1,0.00,0.00,0.00,0.00,0.00,P,0.00,0.06,0.34,0.41,0.34,STOP_WARNING,0.00,,13.10,9.60,504,27.00,55.4,1,1,0.00,0.00,0.00,0.06,0.00,0.00,0,0,0.00,0,0.00
2026-03-28 17:39:22,42.41,0,0,0,0,0,0,0,0.00,1,0.00,0.00,0.00,0.00,0.00,P,0.00,0.07,0.05,0.34,0.06,STOP_WARNING,0.00,,12.30,9.60,504,28.01,54.9,1,0,0.00,0.00,0.00,0.07,0.00,0.00,0,0,0.00,0,0.00
2026-03-28 17:39:23,43.42,0,0,0,0,0,0,0,0.00,1,0.00,0.00,0.00,0.00,0.00,P,0.00,0.85,0.37,0.35,0.13,CAUTION_WARNING,0.00,,10.10,9.60,504,29.02,56.5,1,0,0.00,0.00,0.00,0.85,0.00,0.00,0,0,0.00,0,0.00
2026-03-28 17:39:24,44.43,0,0,0,0,0,0,0,0.00,1,0.00,0.00,0.00,0.00,0.00,P,0.00,0.86,0.10,0.38,0.39,CAUTION_WARNING,0.00,,10.10,9.50,504,30.03,56.0,1,0,0.00,0.00,0.00,0.86,0.00,0.00,0,0,0.00,0,0.00
2026-03-28 17:39:25,45.44,0,0,0,0,0,0,0,0.00,1,0.00,0.00,0.00,0.00,0.00,P,0.00,0.85,0.43,0.40,0.39,CAUTION_WARNING,0.00,,12.90,9.60,504,0.78,55.4,1,0,0.00,0.00,0.00,0.85,0.00,0.00,0,0,0.00,0,0.00
2026-03-28 17:39:26,46.46,0,0,0,0,0,0,0,0.00,1,0.00,0.00,0.00,0.00,0.00,P,0.00,0.86,0.42,0.38,0.39,CAUTION_WARNING,0.00,,11.30,9.60,504,1.79,54.9,1,0,0.00,0.00,0.00,0.86,0.00,0.00,0,0,0.00,0,0.00
2026-03-28 17:39:27,47.47,0,0,0,0,0,0,0,0.00,1,0.00,0.00,0.00,0.00,0.00,P,0.00,0.85,0.42,0.41,0.38,CAUTION_WARNING,0.00,,12.50,9.60,504,2.80,54.3,1,0,0.00,0.00,0.00,0.85,0.00,0.00,0,0,0.00,0,0.00
2026-03-28 17:39:28,48.48,0,0,0,0,0,0,0,0.00,1,0.00,0.00,0.00,0.00,0.00,P,0.00,0.86,1.05,0.40,0.39,CAUTION_WARNING,0.00,,12.90,9.70,504,3.82,55.4,1,0,0.00,0.00,0.00,0.86,0.00,0.00,0,0,0.00,0,0.00
2026-03-28 17:39:29,49.50,0,0,0,0,0,0,0,0.00,1,0.03,0.00,0.00,0.00,0.00,P,0.00,0.85,1.05,0.40,0.39,CAUTION_WARNING,0.00,,13.40,9.70,504,4.83,54.3,1,0,0.00,0.00,0.00,0.85,0.00,0.00,0,0,0.00,0,0.00
2026-03-28 17:39:30,50.50,0,0,0,0,0,0,0,0.00,1,1.00,0.00,0.00,0.00,0.00,P,0.00,0.83,1.04,0.35,0.40,CAUTION_WARNING,0.00,,31.30,9.90,504,5.83,55.4,1,0,0.00,0.00,0.00,0.83,0.00,0.00,0,0,0.00,0,0.00
2026-03-28 17:39:31,51.51,0,0,1,0,0,0,0,0.00,0,0.00,0.00,0.00,0.00,0.00,D,0.00,0.82,1.04,0.41,0.43,CAUTION_WARNING,0.00,,15.60,9.90,504,6.85,56.0,1,0,0.00,0.00,0.00,0.82,0.00,0.00,0,0,0.00,0,0.00
2026-03-28 17:39:33,52.52,0,0,1,0,0,0,0,0.00,0,1.00,0.02,0.00,0.01,0.35,D,0.00,0.81,1.04,0.41,0.42,CAUTION_WARNING,0.00,,12.80,9.90,504,0.03,57.1,1,0,0.00,0.00,0.00,0.81,0.00,0.00,0,0,0.00,0,0.00
2026-03-28 17:39:34,53.53,0,0,0,0,0,0,0,0.00,0,1.00,1.37,0.01,1.37,0.85,D,0.00,0.82,1.04,0.38,0.42,CAUTION_WARNING,0.00,,11.00,9.80,504,0.00,57.1,1,0,0.00,0.00,0.00,0.82,0.00,0.00,0,0,0.00,0,0.00
2026-03-28 17:39:35,54.54,0,0,0,0,0,0,0,0.00,0,1.00,2.64,0.05,2.64,1.00,D,0.00,0.82,1.04,0.40,0.44,CAUTION_WARNING,0.00,,12.00,9.80,504,0.00,56.0,1,0,0.00,0.00,0.00,0.82,0.00,0.00,0,0,0.00,0,0.00
2026-03-28 17:39:36,55.66,0,0,0,0,0,0,0,0.00,0,1.00,2.68,0.10,2.55,1.00,D,0.00,0.82,1.07,0.35,0.38,CAUTION_WARNING,0.00,,13.30,9.80,504,0.00,56.0,1,0,0.00,0.00,0.00,0.82,0.00,0.00,0,0,0.00,0,0.00
2026-03-28 17:39:37,56.57,0,0,0,0,0,0,0,0.00,0,1.00,2.74,0.14,2.69,1.00,D,0.00,0.79,1.04,0.40,0.43,CAUTION_WARNING,0.00,,13.70,9.70,504,0.00,55.4,1,0,0.00,0.00,0.00,0.79,0.00,0.00,0,0,0.00,0,0.00
2026-03-28 17:39:38,57.58,0,0,0,0,0,0,0,0.00,0,1.00,2.74,0.19,2.72,1.00,D,0.00,1.02,0.42,0.68,0.42,^,0.00,,17.20,9.70,504,0.00,56.5,1,0,0.00,0.00,0.00,1.02,0.00,0.00,0,0,0.00,0,0.00
2026-03-28 17:39:39,58.58,0,0,0,0,0,0,0,0.00,0,1.00,2.76,0.23,2.75,1.00,D,0.00,0.24,0.34,1.21,0.51,STOP_WARNING,0.00,,11.30,9.70,504,0.00,54.9,1,0,0.00,0.00,0.00,0.24,0.00,0.00,0,0,0.00,0,0.00
2026-03-28 17:39:40,59.58,0,0,0,0,0,0,0,0.00,1,1.00,2.79,0.27,2.16,0.00,D,0.00,0.24,0.49,0.96,0.59,STOP_WARNING,0.00,,8.50,9.70,504,0.00,56.0,1,1,0.00,0.00,0.00,0.24,0.00,0.00,0,0,0.00,0,0.00
2026-03-28 17:39:41,60.67,0,0,0,0,0,0,0,0.00,1,1.00,2.79,0.28,0.00,0.00,D,0.00,0.26,0.98,0.92,0.64,STOP_WARNING,0.00,,7.10,9.70,504,0.66,54.9,1,1,0.00,0.00,0.00,0.26,0.00,0.00,0,0,0.00,0,0.00
2026-03-28 17:39:42,61.60,0,0,0,0,0,0,0,0.00,1,1.00,2.79,0.27,0.00,0.00,D,0.00,0.82,2.58,0.86,0.46,CAUTION_WARNING,0.00,,8.10,9.70,504,1.60,57.1,1,0,0.00,0.00,0.00,0.82,0.00,0.00,0,0,0.00,0,0.00
2026-03-28 17:39:43,62.61,0,0,0,0,0,0,0,0.00,1,0.00,2.79,0.27,0.00,0.00,D,0.00,0.77,0.80,0.85,0.43,CAUTION_WARNING,0.00,,10.20,9.70,504,0.73,54.9,1,0,0.00,0.00,0.00,0.77,0.00,0.00,0,0,0.00,0,0.00
2026-03-28 17:39:44,63.61,0,0,0,0,0,0,0,0.00,1,1.00,2.79,0.26,0.00,0.00,D,0.00,0.77,0.77,0.90,0.31,CAUTION_WARNING,0.00,,13.60,9.70,504,1.74,57.1,1,0,0.00,0.00,0.00,0.77,0.00,0.00,0,0,0.00,0,0.00
2026-03-28 17:39:45,64.62,0,0,0,0,0,0,0,0.00,1,0.03,2.79,0.26,0.00,0.00,D,0.00,0.80,0.80,0.84,0.30,CAUTION_WARNING,0.00,,9.90,9.70,504,2.75,57.6,1,0,0.00,0.00,0.00,0.80,0.00,0.00,0,0,0.00,0,0.00
2026-03-28 17:39:46,65.64,0,0,0,0,0,0,0,0.00,1,1.00,2.79,0.26,0.00,0.00,D,0.00,0.99,0.81,0.57,0.27,CAUTION_WARNING,0.00,,11.80,9.70,504,3.76,57.1,1,0,0.00,0.00,0.00,0.99,0.00,0.00,0,0,0.00,0,0.00
2026-03-28 17:39:47,66.65,0,0,0,0,0,0,0,0.00,1,1.00,2.79,0.25,0.00,0.00,D,0.00,0.81,0.86,0.60,0.34,CAUTION_WARNING,0.00,,11.10,9.70,504,4.78,57.1,1,0,0.00,0.00,0.00,0.81,0.00,0.00,0,0,0.00,0,0.00
2026-03-28 17:39:48,67.66,0,0,0,0,0,0,0,0.00,1,0.00,2.79,0.25,0.00,0.00,D,0.00,1.01,0.98,0.53,0.30,^,0.00,,7.40,9.70,504,5.79,57.6,1,0,0.00,0.00,0.00,1.01,0.00,0.00,0,0,0.00,0,0.00
2026-03-28 17:39:49,68.68,0,0,0,0,0,0,0,0.00,1,0.00,2.79,0.25,0.00,0.00,D,0.00,0.91,1.01,0.42,0.43,CAUTION_WARNING,0.00,,6.40,9.70,504,0.69,57.6,1,0,0.00,0.00,0.00,0.91,0.00,0.00,0,0,0.00,0,0.00
2026-03-28 17:39:50,69.69,0,0,0,0,0,0,0,0.00,1,0.00,2.79,0.24,0.00,0.00,D,0.00,0.91,1.00,0.37,0.44,CAUTION_WARNING,0.00,,16.00,9.70,504,0.80,58.2,1,0,0.00,0.00,0.00,0.91,0.00,0.00,0,0,0.00,0,0.00
2026-03-28 17:39:51,70.70,0,0,0,0,0,0,0,0.00,1,1.00,2.79,0.24,0.00,0.00,D,0.00,0.92,1.00,0.43,0.28,CAUTION_WARNING,0.00,,10.90,9.70,504,1.81,57.6,1,0,0.00,0.00,0.00,0.92,0.00,0.00,0,0,0.00,0,0.00
2026-03-28 17:39:52,71.71,0,0,0,0,0,0,0,0.00,1,0.00,2.79,0.23,0.00,0.00,D,0.00,0.91,1.00,0.41,0.28,CAUTION_WARNING,0.00,,9.60,9.70,504,2.82,57.6,1,0,0.00,0.00,0.00,0.91,0.00,0.00,0,0,0.00,0,0.00
2026-03-28 17:39:53,72.72,0,0,0,0,0,0,0,0.00,1,0.00,2.79,0.23,0.00,0.00,D,0.00,0.93,1.00,0.38,0.44,CAUTION_WARNING,0.00,,6.90,9.70,504,3.83,57.1,1,0,0.00,0.00,0.00,0.93,0.00,0.00,0,0,0.00,0,0.00
2026-03-28 17:39:54,73.74,0,0,1,1,0,0,0,0.00,0,1.00,2.79,0.23,0.00,0.17,D,0.00,0.93,1.00,0.41,0.28,CAUTION_WARNING,0.00,,12.20,9.70,504,4.85,57.6,1,0,0.00,0.00,0.00,0.93,0.00,0.00,0,0,0.00,0,0.00
2026-03-28 17:39:55,74.76,0,0,0,0,0,0,0,0.00,0,0.24,2.79,0.23,0.00,0.05,D,0.00,0.93,1.00,0.43,0.44,CAUTION_WARNING,0.00,,10.90,9.70,504,0.51,58.2,1,0,0.00,0.00,0.00,0.93,0.00,0.00,0,0,0.00,0,0.00
2026-03-28 17:39:56,75.77,0,0,0,0,0,0,0,0.00,0,0.00,2.79,0.22,0.02,0.22,D,0.00,0.93,0.99,0.44,0.45,CAUTION_WARNING,0.00,,21.20,9.70,504,0.04,57.1,1,0,0.00,0.00,0.00,0.93,0.00,0.00,0,0,0.00,0,0.00
2026-03-28 17:39:57,76.78,0,0,0,0,0,0,0,0.00,0,0.00,2.79,0.22,0.00,0.00,D,0.00,0.80,0.74,0.77,0.28,CAUTION_WARNING,0.00,,6.20,9.70,504,0.86,58.7,1,0,0.00,0.00,0.00,0.80,0.00,0.00,0,0,0.00,0,0.00
2026-03-28 17:39:58,77.79,0,0,0,0,0,0,0,0.00,0,0.00,2.79,0.22,0.00,0.00,D,0.00,0.83,0.71,0.48,0.22,CAUTION_WARNING,0.00,,7.50,9.60,504,1.87,56.5,1,0,0.00,0.00,0.00,0.83,0.00,0.00,0,0,0.00,0,0.00
2026-03-28 17:39:59,78.80,0,0,0,0,0,0,0,0.00,0,1.00,2.79,0.21,0.00,0.31,D,0.00,0.86,0.71,0.48,0.20,CAUTION_WARNING,0.00,,6.90,9.60,504,0.29,57.6,1,0,0.00,0.00,0.00,0.86,0.00,0.00,0,0,0.00,0,0.00
2026-03-28 17:40:00,79.82,0,0,0,0,0,0,0,0.15,0,0.96,2.79,0.21,0.75,0.82,D,0.00,0.80,0.66,0.78,0.47,CAUTION_WARNING,0.00,,11.90,9.60,504,0.00,58.7,1,0,0.00,0.00,0.00,0.80,0.00,0.00,0,0,0.00,0,0.00
2026-03-28 17:40:01,80.83,0,0,0,0,0,0,0,1.00,0,0.00,2.79,0.23,1.68,0.44,D,0.00,0.98,0.34,0.62,0.34,CAUTION_WARNING,0.00,,18.70,9.70,504,0.00,59.8,1,0,0.00,0.00,0.00,0.98,0.00,0.00,0,0,0.00,0,0.00
2026-03-28 17:40:02,81.85,0,0,0,0,0,0,0,1.00,0,1.00,2.79,0.24,0.85,0.63,D,0.00,0.52,0.51,0.46,0.54,CAUTION_WARNING,0.00,,13.10,9.70,504,0.00,58.2,1,0,0.00,0.00,0.00,0.52,0.00,0.00,0,0,0.00,0,0.00
2026-03-28 17:40:03,82.85,0,0,0,0,0,0,0,0.00,0,0.97,2.79,0.25,1.26,0.69,D,0.00,2.24,0.25,0.62,0.27,^,0.00,,20.00,9.70,504,0.00,58.2,1,0,0.00,0.00,0.00,2.24,0.00,0.00,0,0,0.00,0,0.00
2026-03-28 17:40:04,83.85,0,0,0,0,0,0,0,-0.31,0,1.00,2.79,0.27,1.54,0.85,D,0.00,1.70,1.19,0.89,0.45,^,0.00,,26.70,9.70,504,0.00,59.3,1,0,0.00,0.00,0.00,1.70,0.00,0.00,0,0,0.00,0,0.00
2026-03-28 17:40:05,84.86,0,0,0,0,0,0,0,-0.21,0,0.00,2.79,0.29,2.24,0.85,D,0.00,0.78,0.78,1.30,1.15,CAUTION_WARNING,0.00,,20.80,9.70,504,0.00,59.8,1,0,0.00,0.00,0.00,0.78,0.00,0.00,0,0,0.00,0,0.00
2026-03-28 17:40:06,85.86,0,0,0,0,0,0,0,0.60,0,1.00,2.92,0.32,2.88,0.90,D,0.00,0.92,0.46,0.45,0.32,CAUTION_WARNING,0.00,,24.90,9.70,504,0.00,58.7,1,0,0.00,0.00,0.00,0.92,0.00,0.00,0,0,0.00,0,0.00
2026-03-28 17:40:07,86.87,0,0,0,0,0,0,0,0.00,1,0.00,2.92,0.34,1.98,0.19,D,0.00,0.31,1.54,0.23,0.71,STOP_WARNING,0.00,,25.30,9.70,504,0.00,59.8,1,0,0.00,0.00,0.00,0.31,0.00,0.00,0,0,0.00,0,0.00
2026-03-28 17:40:08,87.89,0,0,0,0,0,0,0,0.00,0,0.00,2.92,0.35,0.59,0.00,D,0.00,1.36,1.17,0.55,0.29,^,0.00,,18.20,9.70,504,0.00,58.2,1,0,0.00,0.00,0.00,1.36,0.00,0.00,0,0,0.00,0,0.00
2026-03-28 17:40:09,88.90,0,0,0,1,0,0,0,0.00,0,0.00,2.92,0.35,0.00,0.00,R,0.00,1.33,1.14,0.54,0.31,^,0.00,,15.80,9.70,504,0.71,58.2,1,0,0.00,0.00,0.00,1.33,0.00,0.00,0,0,0.00,0,0.00
2026-03-28 17:40:10,89.90,0,0,0,0,0,0,0,0.00,0,1.00,2.92,0.34,0.11,-0.58,R,0.00,1.33,1.15,0.55,0.30,^,0.00,,15.90,9.70,504,0.00,58.2,1,0,0.00,0.00,0.00,1.33,0.00,0.00,0,0,0.00,0,0.00
2026-03-28 17:40:11,90.91,0,0,0,0,0,0,0,-1.00,0,0.00,2.92,0.35,1.95,-0.67,R,0.00,0.28,1.46,0.17,0.71,STOP_WARNING,0.00,,12.80,9.70,504,0.00,58.2,1,0,0.00,0.00,0.00,0.28,0.00,0.00,0,0,0.00,0,0.00
2026-03-28 17:40:12,91.92,0,0,1,0,0,0,0,0.13,0,0.00,2.92,0.36,0.92,0.00,D,0.00,0.58,0.58,0.82,0.82,CAUTION_WARNING,0.00,,14.70,9.70,504,0.00,59.3,1,0,0.00,0.00,0.00,0.58,0.00,0.00,0,0,0.00,0,0.00
2026-03-28 17:40:13,92.93,0,0,0,0,0,0,0,0.60,0,1.00,2.92,0.36,0.08,0.48,D,0.00,0.64,0.64,0.81,0.82,CAUTION_WARNING,0.00,,13.70,9.60,504,0.00,57.6,1,0,0.00,0.00,0.00,0.64,0.00,0.00,0,0,0.00,0,0.00
2026-03-28 17:40:14,93.94,0,0,0,0,0,0,0,0.60,0,0.00,2.92,0.36,0.41,0.36,D,0.00,0.80,0.56,0.77,0.82,CAUTION_WARNING,0.00,,14.00,9.70,504,0.00,59.8,1,0,0.00,0.00,0.00,0.80,0.00,0.00,0,0,0.00,0,0.00
2026-03-28 17:40:15,94.96,0,0,0,0,0,0,0,0.71,0,1.00,2.92,0.36,0.41,0.66,D,0.00,0.66,0.50,0.69,0.58,CAUTION_WARNING,0.00,,10.40,9.70,504,0.00,59.8,1,0,0.00,0.00,0.00,0.66,0.00,0.00,0,0,0.00,0,0.00
2026-03-28 17:40:16,95.97,0,0,0,0,0,0,0,-1.00,0,1.00,2.92,0.37,2.24,1.00,D,0.00,2.02,0.43,0.27,0.44,^,0.00,,16.40,9.70,504,0.00,59.3,1,0,0.00,0.00,0.00,2.02,0.00,0.00,0,0,0.00,0,0.00
2026-03-28 17:40:17,96.98,0,0,0,0,0,0,0,-0.34,0,0.00,2.95,0.39,2.47,0.57,D,0.00,1.14,0.26,1.06,0.26,^,0.00,,15.80,9.70,504,0.00,59.8,1,0,0.00,0.00,0.00,1.14,0.00,0.00,0,0,0.00,0,0.00
2026-03-28 17:40:18,97.99,0,0,0,0,0,0,0,0.00,0,0.00,2.95,0.40,0.00,0.00,D,0.00,0.20,0.19,0.99,0.25,STOP_WARNING,0.00,,15.00,9.70,504,0.04,58.2,1,0,0.00,0.00,0.00,0.20,0.00,0.00,0,0,0.00,0,0.00
2026-03-28 17:40:19,99.00,0,0,0,1,0,0,0,-1.00,1,1.00,2.95,0.39,0.00,0.00,N,0.00,0.20,0.19,0.99,0.25,STOP_WARNING,0.00,,11.40,9.70,504,1.06,59.8,1,1,0.00,0.00,0.00,0.20,0.00,0.00,0,0,0.00,0,0.00
2026-03-28 17:40:20,100.01,0,0,0,0,0,0,0,0.00,1,0.00,2.95,0.39,0.00,0.00,N,0.00,0.20,0.19,0.99,0.24,STOP_WARNING,0.00,,12.40,9.70,504,2.07,59.8,1,1,0.00,0.00,0.00,0.20,0.00,0.00,0,0,0.00,0,0.00
2026-03-28 17:40:21,101.03,0,0,0,0,0,0,0,0.00,1,0.00,2.95,0.38,0.00,0.00,N,0.00,0.20,0.19,0.99,0.25,STOP_WARNING,0.00,,6.40,9.70,504,0.95,59.3,1,1,0.00,0.00,0.00,0.20,0.00,0.00,0,0,0.00,0,0.00
2026-03-28 17:40:22,102.04,0,0,0,0,0,0,0,0.00,1,0.00,2.95,0.38,0.00,0.00,N,0.00,0.20,0.19,0.99,0.25,STOP_WARNING,0.00,,8.80,9.70,504,0.39,58.7,1,1,0.00,0.00,0.00,0.20,0.00,0.00,0,0,0.00,0,0.00
2026-03-28 17:40:23,103.05,0,0,0,0,0,0,0,0.00,1,0.00,2.95,0.38,0.00,0.00,N,0.00,0.20,0.19,0.99,0.24,STOP_WARNING,0.00,,7.00,9.70,504,1.40,58.2,1,1,0.00,0.00,0.00,0.20,0.00,0.00,0,0,0.00,0,0.00
2026-03-28 17:40:24,104.07,0,0,0,1,0,0,0,-0.10,0,1.00,2.95,0.37,0.00,-0.10,R,0.00,0.20,0.19,0.99,0.25,STOP_WARNING,0.00,,11.80,9.70,504,2.42,58.2,1,1,0.00,0.00,0.00,0.20,0.00,0.00,0,0,0.00,0,0.00
2026-03-28 17:40:25,105.08,0,0,0,0,0,0,0,-0.38,0,1.00,2.95,0.37,0.27,-0.71,R,0.00,0.22,0.20,0.99,0.26,STOP_WARNING,0.00,,15.70,9.70,504,0.00,59.3,1,1,0.00,0.00,0.00,0.22,0.00,0.00,0,0,0.00,0,0.00
2026-03-28 17:40:26,106.09,0,0,0,0,0,0,0,0.00,0,0.00,2.95,0.38,1.04,-0.33,R,0.00,0.60,0.39,1.09,0.40,CAUTION_WARNING,0.00,,9.30,9.70,504,0.00,57.6,1,0,0.00,0.00,0.00,0.60,0.00,0.00,0,0,0.00,0,0.00
2026-03-28 17:40:27,107.11,0,0,0,0,0,0,0,0.00,0,0.00,2.95,0.38,0.00,-0.00,R,0.00,0.72,0.24,1.18,0.22,CAUTION_WARNING,0.00,,3.40,9.60,504,0.30,58.7,1,0,0.00,0.00,0.00,0.72,0.00,0.00,0,0,0.00,0,0.00
2026-03-28 17:40:28,108.12,0,0,0,0,0,0,0,0.00,0,0.00,2.95,0.37,0.00,-0.00,R,0.00,0.72,0.46,1.18,0.14,CAUTION_WARNING,0.00,,3.60,9.60,504,0.15,58.2,1,0,0.00,0.00,0.00,0.72,0.00,0.00,0,0,0.00,0,0.00
2026-03-28 17:40:29,109.13,0,0,0,0,0,0,0,0.00,0,0.00,2.95,0.37,0.00,-0.00,R,0.00,0.72,0.46,1.18,0.15,CAUTION_WARNING,0.00,,4.40,9.60,504,0.07,58.2,1,0,0.00,0.00,0.00,0.72,0.00,0.00,0,0,0.00,0,0.00
2026-03-28 17:40:30,110.14,0,0,0,0,0,0,0,0.00,0,0.00,2.95,0.37,0.00,-0.00,R,0.00,0.72,0.46,1.18,0.17,CAUTION_WARNING,0.00,,3.10,9.60,504,0.97,58.2,1,0,0.00,0.00,0.00,0.72,0.00,0.00,0,0,0.00,0,0.00
2026-03-28 17:40:31,111.15,0,0,0,0,0,0,0,0.00,0,0.00,2.95,0.36,0.00,-0.00,R,0.00,0.72,0.46,1.18,0.25,CAUTION_WARNING,0.00,,4.70,9.60,504,1.98,56.5,1,0,0.00,0.00,0.00,0.72,0.00,0.00,0,0,0.00,0,0.00
2026-03-28 17:40:32,112.16,0,0,0,0,0,0,0,0.00,0,0.00,2.95,0.36,0.00,-0.00,R,0.00,0.73,0.23,1.18,0.16,CAUTION_WARNING,0.00,,3.20,9.60,504,0.17,58.7,1,0,0.00,0.00,0.00,0.73,0.00,0.00,0,0,0.00,0,0.00
2026-03-28 17:40:33,113.18,0,0,0,0,0,0,0,0.00,0,0.00,2.95,0.36,0.00,-0.00,R,0.00,0.71,0.46,1.18,0.18,CAUTION_WARNING,0.00,,3.10,9.60,504,0.94,58.2,1,0,0.00,0.00,0.00,0.71,0.00,0.00,0,0,0.00,0,0.00
2026-03-28 17:40:34,114.18,0,0,0,0,0,0,0,0.00,0,0.00,2.95,0.35,0.00,-0.00,R,0.00,0.74,0.17,1.18,0.14,CAUTION_WARNING,0.00,,4.40,9.60,504,0.34,57.6,1,0,0.00,0.00,0.00,0.74,0.00,0.00,0,0,0.00,0,0.00
2026-03-28 17:40:35,115.20,0,0,0,0,0,0,0,0.00,0,0.00,2.95,0.35,0.00,-0.00,R,0.00,0.72,0.17,1.18,0.15,CAUTION_WARNING,0.00,,5.10,9.60,504,1.35,56.5,1,0,0.00,0.00,0.00,0.72,0.00,0.00,0,0,0.00,0,0.00
2026-03-28 17:40:36,116.21,0,0,0,0,0,0,0,0.00,0,0.00,2.95,0.35,0.00,-0.00,R,0.00,0.72,0.20,1.18,0.15,CAUTION_WARNING,0.00,,5.10,9.60,504,2.36,57.6,1,0,0.00,0.00,0.00,0.72,0.00,0.00,0,0,0.00,0,0.00
2026-03-28 17:40:37,117.22,0,0,0,0,0,0,0,0.00,0,0.00,2.95,0.34,0.00,-0.00,R,0.00,0.72,0.16,1.18,0.14,CAUTION_WARNING,0.00,,4.10,9.60,504,3.37,57.6,1,0,0.00,0.00,0.00,0.72,0.00,0.00,0,0,0.00,0,0.00
2026-03-28 17:40:38,118.23,0,0,0,0,0,0,0,0.00,0,0.00,2.95,0.34,0.00,-0.00,R,0.00,0.73,0.13,1.18,0.12,CAUTION_WARNING,0.00,,5.80,9.60,504,4.38,56.0,1,0,0.00,0.00,0.00,0.73,0.00,0.00,0,0,0.00,0,0.00
2026-03-28 17:40:39,119.24,0,0,0,0,0,0,0,0.00,0,0.00,2.95,0.34,0.00,-0.00,R,0.00,0.73,0.16,1.18,0.14,CAUTION_WARNING,0.00,,5.40,9.60,504,5.39,57.1,1,0,0.00,0.00,0.00,0.73,0.00,0.00,0,0,0.00,0,0.00
2026-03-28 17:40:40,120.25,0,0,0,0,0,0,0,0.00,0,0.00,2.95,0.34,0.00,-0.00,R,0.00,0.72,0.46,1.18,0.24,CAUTION_WARNING,0.00,,4.10,9.60,504,6.41,57.6,1,0,0.00,0.00,0.00,0.72,0.00,0.00,0,0,0.00,0,0.00
2026-03-28 17:40:41,121.27,0,0,0,0,0,0,0,0.00,0,0.00,2.95,0.33,0.00,-0.00,R,0.00,0.72,0.46,1.18,0.23,CAUTION_WARNING,0.00,,7.30,9.60,504,7.42,57.6,1,0,0.00,0.00,0.00,0.72,0.00,0.00,0,0,0.00,0,0.00
2026-03-28 17:40:42,122.28,0,0,0,0,0,0,0,0.00,0,0.00,2.95,0.33,0.00,-0.00,R,0.00,0.74,0.46,1.18,0.24,CAUTION_WARNING,0.00,,5.40,9.60,504,8.43,56.0,1,0,0.00,0.00,0.00,0.74,0.00,0.00,0,0,0.00,0,0.00
2026-03-28 17:40:43,123.29,0,0,0,0,0,0,0,0.00,0,0.00,2.95,0.33,0.00,-0.00,R,0.00,0.74,0.46,1.18,0.23,CAUTION_WARNING,0.00,,6.10,9.60,504,0.05,57.6,1,0,0.00,0.00,0.00,0.74,0.00,0.00,0,0,0.00,0,0.00
2026-03-28 17:40:44,124.30,0,0,0,0,0,0,0,0.00,0,0.00,2.95,0.32,0.00,-0.00,R,0.00,0.73,0.18,1.18,0.16,CAUTION_WARNING,0.00,,7.50,9.60,504,0.96,57.1,1,0,0.00,0.00,0.00,0.73,0.00,0.00,0,0,0.00,0,0.00
2026-03-28 17:40:45,125.31,0,0,0,0,0,0,0,0.00,0,0.00,2.95,0.32,0.00,-0.00,R,0.00,0.73,0.29,1.18,0.23,CAUTION_WARNING,0.00,,7.80,9.50,504,0.35,57.6,1,0,0.00,0.00,0.00,0.73,0.00,0.00,0,0,0.00,0,0.00
2026-03-28 17:40:46,126.33,0,0,0,0,0,0,0,0.00,0,0.00,2.95,0.32,0.00,-0.00,R,0.00,0.72,0.46,1.18,0.32,CAUTION_WARNING,0.00,,5.90,9.60,504,1.36,57.1,1,0,0.00,0.00,0.00,0.72,0.00,0.00,0,0,0.00,0,0.00
2026-03-28 17:40:47,127.34,0,0,0,0,0,0,0,0.85,0,1.00,2.95,0.32,0.00,-0.39,R,0.00,0.72,0.46,1.18,0.38,CAUTION_WARNING,0.00,,9.10,9.60,504,0.00,58.2,1,0,0.00,0.00,0.00,0.72,0.00,0.00,0,0,0.00,0,0.00
2026-03-28 17:40:48,128.34,0,0,1,0,0,0,0,0.00,0,1.00,2.95,0.32,0.44,0.02,D,0.00,0.84,0.55,1.26,0.37,CAUTION_WARNING,0.00,,16.80,9.60,504,0.00,58.2,1,0,0.00,0.00,0.00,0.84,0.00,0.00,0,0,0.00,0,0.00
2026-03-28 17:40:49,129.35,0,0,0,0,0,0,0,0.00,0,1.00,2.95,0.32,0.14,0.52,D,0.00,0.84,0.55,1.26,0.73,CAUTION_WARNING,0.00,,13.50,9.60,504,0.00,58.2,1,0,0.00,0.00,0.00,0.84,0.00,0.00,0,0,0.00,0,0.00
2026-03-28 17:40:50,130.36,0,0,0,0,0,0,0,-0.39,0,1.00,2.95,0.32,1.79,1.00,D,0.00,1.12,0.41,1.02,0.41,^,0.00,,10.20,9.60,504,0.00,58.2,1,0,0.00,0.00,0.00,1.12,0.00,0.00,0,0,0.00,0,0.00
2026-03-28 17:40:51,131.37,0,0,0,0,0,0,0,0.15,0,1.00,2.95,0.33,2.23,0.95,D,0.00,0.71,0.24,0.66,0.26,CAUTION_WARNING,0.00,,20.20,9.60,504,0.00,59.8,1,0,0.00,0.00,0.00,0.71,0.00,0.00,0,0,0.00,0,0.00
2026-03-28 17:40:52,132.39,0,0,0,0,0,0,0,0.16,0,0.00,2.95,0.35,2.09,0.85,D,0.00,1.18,0.32,0.74,0.33,^,0.00,,16.90,9.60,504,0.00,58.7,1,0,0.00,0.00,0.00,1.18,0.00,0.00,0,0,0.00,0,0.00
2026-03-28 17:40:53,133.40,0,0,0,0,0,0,0,0.13,0,0.35,2.95,0.36,2.10,0.86,D,0.00,1.06,0.96,0.61,0.62,^,0.00,,14.00,9.60,504,0.00,58.7,1,0,0.00,0.00,0.00,1.06,0.00,0.00,0,0,0.00,0,0.00
2026-03-28 17:40:54,134.41,0,0,0,1,0,0,0,0.10,0,0.00,2.95,0.37,1.25,0.00,R,0.00,0.85,0.56,0.62,0.59,CAUTION_WARNING,0.00,,14.20,9.60,504,0.00,60.4,1,0,0.00,0.00,0.00,0.85,0.00,0.00,0,0,0.00,0,0.00
2026-03-28 17:40:55,135.42,0,0,0,0,0,0,0,0.00,0,1.00,2.95,0.38,0.20,-0.56,R,0.00,0.93,0.54,0.63,0.54,CAUTION_WARNING,0.00,,9.00,9.60,504,0.00,58.7,1,0,0.00,0.00,0.00,0.93,0.00,0.00,0,0,0.00,0,0.00
2026-03-28 17:40:56,136.43,0,0,0,0,0,0,0,1.00,0,1.00,2.95,0.38,2.33,-1.00,R,0.00,0.91,0.68,0.64,0.66,CAUTION_WARNING,0.00,,10.90,9.70,504,0.00,59.8,1,0,0.00,0.00,0.00,0.91,0.00,0.00,0,0,0.00,0,0.00
2026-03-28 17:40:57,137.45,0,0,0,0,0,0,0,0.00,0,1.00,2.95,0.40,2.84,-1.00,R,0.00,1.65,0.48,0.54,0.51,^,0.00,,12.90,9.60,504,0.00,59.8,1,0,0.00,0.00,0.00,1.65,0.00,0.00,0,0,0.00,0,0.00
2026-03-28 17:40:58,138.45,0,0,0,0,0,0,0,0.00,0,1.00,2.99,0.42,2.92,-1.00,R,0.00,1.20,0.64,0.26,0.29,^,0.00,,18.50,9.60,504,0.00,60.4,1,0,0.00,0.00,0.00,1.20,0.00,0.00,0,0,0.00,0,0.00
2026-03-28 17:40:59,139.47,0,0,0,0,0,0,0,0.00,0,0.00,2.99,0.43,2.57,-0.74,R,0.00,0.91,0.97,0.53,0.54,CAUTION_WARNING,0.00,,17.40,9.60,504,0.00,59.8,1,0,0.00,0.00,0.00,0.91,0.00,0.00,0,0,0.00,0,0.00
2026-03-28 17:41:00,140.48,0,0,0,0,0,0,0,0.00,1,0.00,2.99,0.44,1.69,-0.24,R,0.00,0.98,1.61,0.60,0.44,CAUTION_WARNING,0.00,,11.20,9.60,504,0.00,60.4,1,0,0.00,0.00,0.00,0.98,0.00,0.00,0,0,0.00,0,0.00
2026-03-28 17:41:01,141.49,0,0,0,0,0,0,0,0.00,0,0.00,2.99,0.45,0.31,-0.00,R,0.00,1.04,1.87,0.64,0.18,^,0.00,,12.90,9.60,504,0.00,60.4,1,0,0.00,0.00,0.00,1.04,0.00,0.00,0,0,0.00,0,0.00
2026-03-28 17:41:02,142.49,0,0,1,0,0,0,0,0.00,0,1.00,2.99,0.45,0.00,0.00,N,0.00,1.03,1.88,0.64,0.22,^,0.00,,13.10,9.60,504,0.97,59.8,1,0,0.00,0.00,0.00,1.03,0.00,0.00,0,0,0.00,0,0.00
2026-03-28 17:41:03,143.51,0,0,1,0,0,0,0,0.00,0,1.00,2.99,0.44,0.00,0.21,D,0.00,1.02,1.87,0.64,0.21,^,0.00,,13.80,9.70,504,0.29,58.2,1,0,0.00,0.00,0.00,1.02,0.00,0.00,0,0,0.00,0,0.00
2026-03-28 17:41:05,144.52,0,0,0,0,0,0,0,0.53,0,1.00,2.99,0.44,0.62,0.72,D,0.00,1.08,1.83,0.63,0.29,^,0.00,,14.50,9.60,504,0.00,59.3,1,0,0.00,0.00,0.00,1.08,0.00,0.00,0,0,0.00,0,0.00
2026-03-28 17:41:06,145.53,0,0,0,0,0,0,0,0.00,0,1.00,2.99,0.45,2.41,1.00,D,0.00,1.09,1.26,0.63,0.64,^,0.00,,22.00,9.70,504,0.00,59.3,1,0,0.00,0.00,0.00,1.09,0.00,0.00,0,0,0.00,0,0.00
2026-03-28 17:41:07,146.55,0,0,0,0,0,0,0,0.00,0,1.00,2.99,0.46,2.81,1.00,D,0.00,1.38,0.57,0.51,0.51,^,0.00,,15.50,9.70,504,0.00,59.3,1,0,0.00,0.00,0.00,1.38,0.00,0.00,0,0,0.00,0,0.00
2026-03-28 17:41:08,147.56,0,0,0,0,0,0,0,0.72,0,0.00,2.99,0.48,2.29,0.56,D,0.00,1.09,0.54,0.71,0.55,^,0.00,,20.50,9.70,504,0.00,59.3,1,0,0.00,0.00,0.00,1.09,0.00,0.00,0,0,0.00,0,0.00
2026-03-28 17:41:09,148.57,0,0,0,0,0,0,0,0.00,0,0.00,2.99,0.49,1.00,0.00,D,0.00,1.21,0.47,0.56,0.47,^,0.00,,16.60,9.70,504,0.00,59.8,1,0,0.00,0.00,0.00,1.21,0.00,0.00,0,0,0.00,0,0.00
2026-03-28 17:41:10,149.59,0,0,0,0,0,0,0,0.46,0,1.00,2.99,0.49,0.15,0.48,D,0.00,1.24,0.54,0.57,0.47,^,0.00,,17.90,9.70,504,0.00,60.4,1,0,0.00,0.00,0.00,1.24,0.00,0.00,0,0,0.00,0,0.00
2026-03-28 17:41:11,150.60,0,0,0,0,0,0,0,0.00,0,0.00,2.99,0.49,0.60,0.16,D,0.00,1.04,0.86,0.56,0.56,^,0.00,,12.00,9.70,504,0.00,58.7,1,0,0.00,0.00,0.00,1.04,0.00,0.00,0,0,0.00,0,0.00
2026-03-28 17:41:12,151.61,0,0,0,0,0,0,0,0.00,0,1.00,2.99,0.48,0.00,0.06,D,0.00,1.04,0.92,0.56,0.56,^,0.00,,8.50,9.70,504,0.68,60.9,1,0,0.00,0.00,0.00,1.04,0.00,0.00,0,0,0.00,0,0.00
2026-03-28 17:41:13,152.62,0,0,0,0,0,0,0,0.00,0,1.00,2.99,0.48,0.09,0.56,D,0.00,1.04,0.92,0.56,0.56,^,0.00,,9.00,9.60,504,0.00,60.4,1,0,0.00,0.00,0.00,1.04,0.00,0.00,0,0,0.00,0,0.00
2026-03-28 17:41:14,153.64,0,0,0,0,0,0,0,0.00,0,0.00,2.99,0.48,0.59,0.15,D,0.00,1.20,0.94,0.57,0.57,^,0.00,,16.50,9.60,504,0.00,59.8,1,0,0.00,0.00,0.00,1.20,0.00,0.00,0,0,0.00,0,0.00
2026-03-28 17:41:15,154.65,0,0,0,0,0,0,0,1.00,0,1.00,2.99,0.48,0.00,0.10,D,0.00,1.34,0.90,0.58,0.58,^,0.00,,18.60,9.60,504,0.66,60.9,1,0,0.00,0.00,0.00,1.34,0.00,0.00,0,0,0.00,0,0.00
2026-03-28 17:41:16,155.67,0,0,0,0,0,0,0,0.00,0,0.00,2.99,0.48,0.22,0.52,D,0.00,1.28,0.89,0.58,0.58,^,0.00,,17.30,9.70,504,0.00,60.9,1,0,0.00,0.00,0.00,1.28,0.00,0.00,0,0,0.00,0,0.00
2026-03-28 17:41:17,156.68,0,0,0,0,0,0,0,0.00,0,0.00,2.99,0.48,0.00,0.00,D,0.00,1.02,0.80,0.56,0.57,^,0.00,,10.90,9.70,504,0.20,60.4,1,0,0.00,0.00,0.00,1.02,0.00,0.00,0,0,0.00,0,0.00
2026-03-28 17:41:18,157.69,0,0,0,0,0,0,0,0.00,0,0.00,2.99,0.47,0.00,0.00,D,0.00,1.03,0.80,0.57,0.57,^,0.00,,7.50,9.60,504,1.21,59.8,1,0,0.00,0.00,0.00,1.03,0.00,0.00,0,0,0.00,0,0.00
2026-03-28 17:41:19,158.70,0,0,0,0,0,0,0,0.00,0,0.00,2.99,0.47,0.00,0.00,D,0.00,1.01,0.80,0.57,0.57,^,0.00,,7.00,9.60,504,2.22,59.3,1,0,0.00,0.00,0.00,1.01,0.00,0.00,0,0,0.00,0,0.00
2026-03-28 17:41:20,159.71,0,0,0,0,0,0,0,0.00,0,0.00,2.99,0.47,0.00,0.00,D,0.00,1.02,0.80,0.57,0.57,^,0.00,,5.50,9.60,504,3.23,60.4,1,0,0.00,0.00,0.00,1.02,0.00,0.00,0,0,0.00,0,0.00
2026-03-28 17:41:21,160.73,0,0,0,0,0,0,0,0.00,0,0.00,2.99,0.46,0.00,0.00,D,0.00,1.03,0.80,0.57,0.57,^,0.00,,8.60,9.60,504,4.25,58.7,1,0,0.00,0.00,0.00,1.03,0.00,0.00,0,0,0.00,0,0.00
2026-03-28 17:41:22,161.73,0,0,0,0,0,0,0,0.00,0,0.00,2.99,0.46,0.00,0.00,D,0.00,1.02,0.80,0.56,0.56,^,0.00,,10.90,9.60,504,5.25,60.4,1,0,0.00,0.00,0.00,1.02,0.00,0.00,0,0,0.00,0,0.00
2026-03-28 17:41:23,162.75,0,0,0,0,0,0,0,0.00,0,0.00,2.99,0.46,0.00,0.00,D,0.00,1.02,0.80,0.56,0.57,^,0.00,,13.30,9.60,504,6.27,59.3,1,0,0.00,0.00,0.00,1.02,0.00,0.00,0,0,0.00,0,0.00
2026-03-28 17:41:24,163.76,0,0,0,0,0,0,0,0.00,0,0.00,2.99,0.45,0.00,0.00,D,0.00,1.03,0.80,0.57,0.57,^,0.00,,10.60,9.60,504,7.28,58.2,1,0,0.00,0.00,0.00,1.03,0.00,0.00,0,0,0.00,0,0.00
2026-03-28 17:41:25,164.77,0,0,0,0,0,0,0,0.00,0,0.00,2.99,0.45,0.00,0.00,D,0.00,1.03,0.80,0.57,0.57,^,0.00,,10.20,9.60,504,8.29,58.2,1,0,0.00,0.00,0.00,1.03,0.00,0.00,0,0,0.00,0,0.00
2026-03-28 17:41:26,165.78,0,0,0,0,0,0,0,0.00,0,0.00,2.99,0.45,0.00,0.00,D,0.00,1.01,0.80,0.56,0.57,^,0.00,,12.70,9.60,504,9.30,59.3,1,0,0.00,0.00,0.00,1.01,0.00,0.00,0,0,0.00,0,0.00
2026-03-28 17:41:27,166.80,0,0,0,0,0,0,0,0.00,0,0.00,2.99,0.45,0.00,0.00,D,0.00,1.03,0.80,0.57,0.57,^,0.00,,13.60,9.60,504,10.32,59.3,1,0,0.00,0.00,0.00,1.03,0.00,0.00,0,0,0.00,0,0.00
2026-03-28 17:41:28,167.81,0,0,0,0,0,0,0,0.00,0,0.00,2.99,0.44,0.00,0.00,D,0.00,1.03,0.80,0.56,0.57,^,0.00,,12.70,9.60,504,11.33,57.6,1,0,0.00,0.00,0.00,1.03,0.00,0.00,0,0,0.00,0,0.00
2026-03-28 17:41:29,168.82,0,0,0,0,0,0,0,0.00,0,0.00,2.99,0.44,0.00,0.00,D,0.00,1.02,0.80,0.57,0.57,^,0.00,,13.40,9.60,504,12.34,58.7,1,0,0.00,0.00,0.00,1.02,0.00,0.00,0,0,0.00,0,0.00
2026-03-28 17:41:30,169.83,0,0,0,0,0,0,0,0.00,0,0.00,2.99,0.44,0.00,0.00,D,0.00,1.03,0.80,0.56,0.57,^,0.00,,13.40,9.60,504,13.35,58.2,1,0,0.00,0.00,0.00,1.03,0.00,0.00,0,0,0.00,0,0.00
2026-03-28 17:41:31,170.86,0,0,0,0,0,0,0,0.00,0,0.00,2.99,0.44,0.00,0.00,D,0.00,1.02,0.80,0.56,0.57,^,0.00,,14.00,9.60,504,14.37,58.2,1,0,0.00,0.00,0.00,1.02,0.00,0.00,0,0,0.00,0,0.00
2026-03-28 17:41:32,171.87,0,0,0,0,0,0,0,0.00,0,0.00,2.99,0.43,0.00,0.00,D,0.00,1.03,0.80,0.57,0.57,^,0.00,,11.20,9.60,504,15.39,58.2,1,0,0.00,0.00,0.00,1.03,0.00,0.00,0,0,0.00,0,0.00
2026-03-28 17:41:33,172.87,0,0,0,0,0,0,0,0.00,0,0.00,2.99,0.43,0.00,0.00,D,0.00,1.03,0.80,0.56,0.57,^,0.00,,11.10,9.60,504,16.39,58.7,1,0,0.00,0.00,0.00,1.03,0.00,0.00,0,0,0.00,0,0.00
2026-03-28 17:41:34,173.89,0,0,0,0,0,0,0,0.00,0,0.00,2.99,0.43,0.00,0.00,D,0.00,1.02,0.80,0.56,0.57,^,0.00,,12.00,9.60,504,17.41,59.3,1,0,0.00,0.00,0.00,1.02,0.00,0.00,0,0,0.00,0,0.00
2026-03-28 17:41:35,174.90,0,0,0,0,0,0,0,0.00,0,0.00,2.99,0.43,0.00,0.00,D,0.00,1.04,0.80,0.57,0.57,^,0.00,,12.70,9.60,504,18.42,58.7,1,0,0.00,0.00,0.00,1.04,0.00,0.00,0,0,0.00,0,0.00
2026-03-28 17:41:36,175.91,0,0,0,0,0,0,0,0.00,0,0.00,2.99,0.42,0.00,0.00,D,0.00,1.03,0.80,0.57,0.57,^,0.00,,13.60,9.60,504,19.43,58.2,1,0,0.00,0.00,0.00,1.03,0.00,0.00,0,0,0.00,0,0.00
2026-03-28 17:41:37,176.92,0,0,0,0,0,0,0,0.00,0,0.00,2.99,0.42,0.00,0.00,D,0.00,1.02,0.80,0.57,0.57,^,0.00,,12.00,9.60,504,20.44,58.2,1,0,0.00,0.00,0.00,1.02,0.00,0.00,0,0,0.00,0,0.00
2026-03-28 17:41:38,177.93,0,0,0,0,0,0,0,0.00,0,0.00,2.99,0.42,0.00,0.00,D,0.00,1.03,0.80,0.57,0.57,^,0.00,,12.40,9.60,504,21.45,58.7,1,0,0.00,0.00,0.00,1.03,0.00,0.00,0,0,0.00,0,0.00
2026-03-28 17:41:39,178.94,0,0,0,0,0,0,0,0.00,0,0.00,2.99,0.42,0.00,0.00,D,0.00,1.04,0.80,0.57,0.57,^,0.00,,14.60,9.60,504,22.46,56.5,1,0,0.00,0.00,0.00,1.04,0.00,0.00,0,0,0.00,0,0.00
2026-03-28 17:41:40,179.95,0,0,0,0,0,0,0,0.00,0,0.00,2.99,0.41,0.00,0.00,D,0.00,1.02,0.80,0.57,0.57,^,0.00,,13.60,9.60,504,23.47,57.1,1,0,0.00,0.00,0.00,1.02,0.00,0.00,0,0,0.00,0,0.00
2026-03-28 17:41:41,180.96,0,0,0,0,0,0,0,0.00,0,0.00,2.99,0.41,0.00,0.00,D,0.00,1.04,0.80,0.57,0.57,^,0.00,,13.40,9.60,504,24.48,59.3,1,0,0.00,0.00,0.00,1.04,0.00,0.00,0,0,0.00,0,0.00
2026-03-28 17:41:42,181.97,0,0,0,0,0,0,0,0.00,0,0.00,2.99,0.41,0.00,0.00,D,0.00,1.02,0.80,0.57,0.57,^,0.00,,15.60,9.60,504,25.49,57.1,1,0,0.00,0.00,0.00,1.02,0.00,0.00,0,0,0.00,0,0.00
2026-03-28 17:41:43,182.99,0,0,0,0,0,0,0,0.00,0,0.00,2.99,0.41,0.00,0.00,D,0.00,1.03,0.80,0.57,0.57,^,0.00,,11.00,9.60,504,26.51,57.1,1,0,0.00,0.00,0.00,1.03,0.00,0.00,0,0,0.00,0,0.00
2026-03-28 17:41:44,184.00,0,0,0,0,0,0,0,0.00,0,0.00,2.99,0.40,0.00,0.00,D,0.00,1.03,0.80,0.57,0.57,^,0.00,,8.70,9.60,504,27.52,58.2,1,0,0.00,0.00,0.00,1.03,0.00,0.00,0,0,0.00,0,0.00
2026-03-28 17:41:45,185.01,0,0,0,0,0,0,0,0.00,0,0.00,2.99,0.40,0.00,0.00,D,0.00,1.02,0.80,0.57,0.57,^,0.00,,7.00,9.60,504,28.53,58.2,1,0,0.00,0.00,0.00,1.02,0.00,0.00,0,0,0.00,0,0.00
2026-03-28 17:41:46,186.03,0,0,0,0,0,0,0,0.00,0,0.00,2.99,0.40,0.00,0.00,D,0.00,1.04,0.80,0.57,0.57,^,0.00,,8.70,9.60,504,29.55,58.2,1,0,0.00,0.00,0.00,1.04,0.00,0.00,0,0,0.00,0,0.00
2026-03-28 17:41:47,187.04,0,0,0,0,0,0,0,0.00,0,0.00,2.99,0.40,0.00,0.00,D,0.00,1.01,0.80,0.57,0.57,^,0.00,,8.70,9.60,504,30.56,58.2,1,0,0.00,0.00,0.00,1.01,0.00,0.00,0,0,0.00,0,0.00
2026-03-28 17:41:48,188.05,0,0,0,0,0,0,0,0.00,0,0.00,2.99,0.40,0.00,0.00,D,0.00,1.03,0.80,0.57,0.57,^,0.00,,10.10,9.60,504,31.57,58.2,1,0,0.00,0.00,0.00,1.03,0.00,0.00,0,0,0.00,0,0.00
2026-03-28 17:41:49,189.06,0,0,0,0,0,0,0,0.00,0,0.00,2.99,0.39,0.00,0.00,D,0.00,1.03,0.80,0.56,0.57,^,0.00,,7.80,9.60,504,32.58,58.2,1,0,0.00,0.00,0.00,1.03,0.00,0.00,0,0,0.00,0,0.00
2026-03-28 17:41:50,190.08,0,0,0,0,0,0,0,0.00,0,0.00,2.99,0.39,0.00,0.00,D,0.00,1.01,0.80,0.57,0.57,^,0.00,,6.10,9.50,504,33.59,57.1,1,0,0.00,0.00,0.00,1.01,0.00,0.00,0,0,0.00,0,0.00
2026-03-28 17:41:51,191.09,0,0,0,0,0,0,0,0.00,0,0.00,2.99,0.39,0.00,0.00,D,0.00,1.02,0.80,0.57,0.57,^,0.00,,7.30,9.50,504,34.61,57.1,1,0,0.00,0.00,0.00,1.02,0.00,0.00,0,0,0.00,0,0.00
2026-03-28 17:41:52,192.10,0,0,0,0,0,0,0,0.00,0,0.00,2.99,0.39,0.00,0.00,D,0.00,1.02,0.80,0.57,0.57,^,0.00,,7.00,9.60,504,35.62,56.5,1,0,0.00,0.00,0.00,1.02,0.00,0.00,0,0,0.00,0,0.00
2026-03-28 17:41:53,193.12,0,0,0,0,0,0,0,0.00,0,0.00,2.99,0.39,0.00,0.00,D,0.00,1.03,0.80,0.57,0.57,^,0.00,,7.80,9.60,504,36.63,58.2,1,0,0.00,0.00,0.00,1.03,0.00,0.00,0,0,0.00,0,0.00
2026-03-28 17:41:54,194.13,0,0,0,0,0,0,0,0.00,0,0.00,2.99,0.38,0.00,0.00,D,0.00,1.03,0.80,0.57,0.57,^,0.00,,7.60,9.60,504,37.64,57.6,1,0,0.00,0.00,0.00,1.03,0.00,0.00,0,0,0.00,0,0.00
2026-03-28 17:41:55,195.13,0,0,0,0,0,0,0,0.00,0,0.00,2.99,0.38,0.00,0.00,D,0.00,1.04,0.80,0.57,0.57,^,0.00,,8.50,9.60,504,38.65,57.1,1,0,0.00,0.00,0.00,1.04,0.00,0.00,0,0,0.00,0,0.00
2026-03-28 17:41:56,196.15,0,0,0,0,0,0,0,0.00,0,0.00,2.99,0.38,0.00,0.00,D,0.00,1.03,0.80,0.57,0.57,^,0.00,,9.00,9.70,504,39.67,57.1,1,0,0.00,0.00,0.00,1.03,0.00,0.00,0,0,0.00,0,0.00
2026-03-28 17:41:57,197.16,0,0,0,0,0,0,0,0.00,0,0.00,2.99,0.38,0.00,0.00,D,0.00,1.03,0.80,0.57,0.57,^,0.00,,6.70,9.60,504,40.68,57.1,1,0,0.00,0.00,0.00,1.03,0.00,0.00,0,0,0.00,0,0.00
2026-03-28 17:41:58,198.17,0,0,0,0,0,0,0,0.00,0,0.00,2.99,0.38,0.00,0.00,D,0.00,1.02,0.80,0.57,0.57,^,0.00,,8.70,9.60,504,41.69,56.5,1,0,0.00,0.00,0.00,1.02,0.00,0.00,0,0,0.00,0,0.00
2026-03-28 17:41:59,199.18,0,0,0,0,0,0,0,0.00,0,0.00,2.99,0.37,0.00,0.00,D,0.00,1.03,0.80,0.57,0.57,^,0.00,,8.00,9.60,504,42.70,58.7,1,0,0.00,0.00,0.00,1.03,0.00,0.00,0,0,0.00,0,0.00
2026-03-28 17:42:00,200.20,0,0,0,0,0,0,0,0.00,0,0.00,2.99,0.37,0.00,0.00,D,0.00,1.03,0.80,0.57,0.57,^,0.00,,6.50,9.60,504,43.72,57.1,1,0,0.00,0.00,0.00,1.03,0.00,0.00,0,0,0.00,0,0.00
2026-03-28 17:42:01,201.21,0,0,0,0,0,0,0,0.00,0,0.00,2.99,0.37,0.00,0.00,D,0.00,1.03,0.80,0.57,0.57,^,0.00,,7.60,9.60,504,44.73,57.6,1,0,0.00,0.00,0.00,1.03,0.00,0.00,0,0,0.00,0,0.00
2026-03-28 17:42:02,202.22,0,0,0,0,0,0,0,0.00,0,0.00,2.99,0.37,0.00,0.00,D,0.00,1.03,0.80,0.57,0.57,^,0.00,,8.10,9.60,504,45.74,57.6,1,0,0.00,0.00,0.00,1.03,0.00,0.00,0,0,0.00,0,0.00
2026-03-28 17:42:03,203.23,0,0,0,0,0,0,0,0.00,0,0.00,2.99,0.37,0.00,0.00,D,0.00,1.03,0.80,0.57,0.57,^,0.00,,6.90,9.60,504,46.75,57.1,1,0,0.00,0.00,0.00,1.03,0.00,0.00,0,0,0.00,0,0.00
2026-03-28 17:42:04,204.24,0,0,0,0,0,0,0,0.00,0,0.00,2.99,0.36,0.00,0.00,D,0.00,1.03,0.80,0.57,0.57,^,0.00,,7.20,9.60,504,47.76,58.2,1,0,0.00,0.00,0.00,1.03,0.00,0.00,0,0,0.00,0,0.00
2026-03-28 17:42:05,205.26,0,0,0,0,0,0,0,0.00,0,0.00,2.99,0.36,0.00,0.00,D,0.00,1.03,0.80,0.57,0.57,^,0.00,,7.40,9.60,504,48.78,56.5,1,0,0.00,0.00,0.00,1.03,0.00,0.00,0,0,0.00,0,0.00
2026-03-28 17:42:06,206.27,0,0,0,0,0,0,0,0.00,0,0.00,2.99,0.36,0.00,0.00,D,0.00,1.01,0.80,0.57,0.57,^,0.00,,8.90,9.60,504,49.79,57.6,1,0,0.00,0.00,0.00,1.01,0.00,0.00,0,0,0.00,0,0.00
2026-03-28 17:42:07,207.28,0,0,0,0,0,0,0,0.00,0,0.00,2.99,0.36,0.00,0.00,D,0.00,1.02,0.80,0.57,0.57,^,0.00,,8.30,9.60,504,50.80,58.2,1,0,0.00,0.00,0.00,1.02,0.00,0.00,0,0,0.00,0,0.00
2026-03-28 17:42:08,208.29,0,0,0,0,0,0,0,0.00,0,0.00,2.99,0.36,0.00,0.00,D,0.00,1.01,0.80,0.57,0.57,^,0.00,,5.70,9.60,504,51.81,58.2,1,0,0.00,0.00,0.00,1.01,0.00,0.00,0,0,0.00,0,0.00
2026-03-28 17:42:09,209.31,0,0,0,0,0,0,0,0.00,0,0.00,2.99,0.36,0.00,0.00,D,0.00,1.02,0.80,0.57,0.57,^,0.00,,6.40,9.60,504,52.83,58.2,1,0,0.00,0.00,0.00,1.02,0.00,0.00,0,0,0.00,0,0.00
2026-03-28 17:42:10,210.32,0,0,0,0,0,0,0,0.00,0,0.00,2.99,0.35,0.00,0.00,D,0.00,1.01,0.80,0.57,0.57,^,0.00,,6.40,9.60,504,53.84,57.6,1,0,0.00,0.00,0.00,1.01,0.00,0.00,0,0,0.00,0,0.00
2026-03-28 17:42:11,211.33,0,0,0,0,0,0,0,0.00,0,0.00,2.99,0.35,0.00,0.00,D,0.00,1.03,0.80,0.57,0.57,^,0.00,,7.90,9.60,504,54.85,57.1,1,0,0.00,0.00,0.00,1.03,0.00,0.00,0,0,0.00,0,0.00
2026-03-28 17:42:12,212.34,0,0,0,0,0,0,0,0.00,0,0.00,2.99,0.35,0.00,0.00,D,0.00,1.03,0.80,0.57,0.57,^,0.00,,6.00,9.60,504,55.86,58.2,1,0,0.00,0.00,0.00,1.03,0.00,0.00,0,0,0.00,0,0.00
2026-03-28 17:42:13,213.35,0,0,0,0,0,0,0,0.00,0,0.00,2.99,0.35,0.00,0.00,D,0.00,1.02,0.80,0.57,0.57,^,0.00,,6.90,9.60,504,56.87,58.2,1,0,0.00,0.00,0.00,1.02,0.00,0.00,0,0,0.00,0,0.00
2026-03-28 17:42:14,214.37,0,0,0,0,0,0,0,0.00,0,0.00,2.99,0.35,0.00,0.00,D,0.00,1.01,0.80,0.57,0.57,^,0.00,,6.40,9.50,504,57.89,58.2,1,0,0.00,0.00,0.00,1.01,0.00,0.00,0,0,0.00,0,0.00
2026-03-28 17:42:15,215.38,0,0,0,0,0,0,0,0.00,0,0.00,2.99,0.35,0.00,0.00,D,0.00,1.02,0.80,0.57,0.57,^,0.00,,6.70,9.50,504,58.90,57.1,1,0,0.00,0.00,0.00,1.02,0.00,0.00,0,0,0.00,0,0.00
2026-03-28 17:42:16,216.39,0,0,0,0,0,0,0,0.00,0,0.00,2.99,0.34,0.00,0.00,D,0.00,1.01,0.80,0.57,0.57,^,0.00,,6.90,9.50,504,59.91,57.6,1,0,0.00,0.00,0.00,1.01,0.00,0.00,0,0,0.00,0,0.00
2026-03-28 17:42:17,217.41,0,0,0,0,0,0,0,0.00,0,0.00,2.99,0.34,0.00,0.00,D,0.00,1.02,0.80,0.57,0.57,^,0.00,,8.60,9.50,504,60.93,58.2,1,0,0.00,0.00,0.00,1.02,0.00,0.00,0,0,0.00,0,0.00
2026-03-28 17:42:18,218.42,0,0,0,0,0,0,0,0.00,0,0.00,2.99,0.34,0.00,0.00,D,0.00,1.02,0.80,0.57,0.57,^,0.00,,8.00,9.60,504,61.94,57.1,1,0,0.00,0.00,0.00,1.02,0.00,0.00,0,0,0.00,0,0.00
2026-03-28 17:42:19,219.43,0,0,0,0,0,0,0,0.00,0,0.00,2.99,0.34,0.00,0.00,D,0.00,1.02,0.80,0.57,0.57,^,0.00,,7.50,9.60,504,62.95,57.6,1,0,0.00,0.00,0.00,1.02,0.00,0.00,0,0,0.00,0,0.00
2026-03-28 17:42:20,220.45,0,0,0,0,0,0,0,0.00,0,0.00,2.99,0.34,0.00,0.00,D,0.00,1.04,0.80,0.57,0.57,^,0.00,,7.50,9.60,504,63.97,58.7,1,0,0.00,0.00,0.00,1.04,0.00,0.00,0,0,0.00,0,0.00
2026-03-28 17:42:21,221.46,0,0,0,0,0,0,0,0.00,0,0.00,2.99,0.34,0.00,0.00,D,0.00,1.03,0.80,0.57,0.57,^,0.00,,9.00,9.50,504,64.98,58.2,1,0,0.00,0.00,0.00,1.03,0.00,0.00,0,0,0.00,0,0.00
2026-03-28 17:42:22,222.47,0,0,0,0,0,0,0,0.00,0,0.00,2.99,0.33,0.00,0.00,D,0.00,1.03,0.80,0.57,0.57,^,0.00,,8.70,9.60,504,65.99,56.5,1,0,0.00,0.00,0.00,1.03,0.00,0.00,0,0,0.00,0,0.00
2026-03-28 17:42:23,223.48,0,0,0,0,0,0,0,0.00,0,0.00,2.99,0.33,0.00,0.00,D,0.00,1.02,0.80,0.57,0.57,^,0.00,,7.20,9.60,504,67.00,58.2,1,0,0.00,0.00,0.00,1.02,0.00,0.00,0,0,0.00,0,0.00
2026-03-28 17:42:24,224.49,0,0,0,0,0,0,0,0.00,0,0.00,2.99,0.33,0.00,0.00,D,0.00,1.03,0.80,0.57,0.57,^,0.00,,8.20,9.60,504,68.01,56.0,1,0,0.00,0.00,0.00,1.03,0.00,0.00,0,0,0.00,0,0.00
2026-03-28 17:42:25,225.50,0,0,0,0,0,0,0,0.00,0,0.00,2.99,0.33,0.00,0.00,D,0.00,1.03,0.80,0.57,0.57,^,0.00,,7.50,9.60,504,69.02,58.7,1,0,0.00,0.00,0.00,1.03,0.00,0.00,0,0,0.00,0,0.00
2026-03-28 17:42:26,226.52,0,0,0,0,0,0,0,0.00,0,0.00,2.99,0.33,0.00,0.00,D,0.00,1.02,0.80,0.57,0.57,^,0.00,,9.00,9.60,504,70.03,57.6,1,0,0.00,0.00,0.00,1.02,0.00,0.00,0,0,0.00,0,0.00
2026-03-28 17:42:28,227.53,0,0,0,0,0,0,0,0.00,0,0.00,2.99,0.33,0.00,0.00,D,0.00,1.03,0.80,0.57,0.57,^,0.00,,8.40,9.60,504,71.05,56.5,1,0,0.00,0.00,0.00,1.03,0.00,0.00,0,0,0.00,0,0.00
2026-03-28 17:42:29,228.54,0,0,0,0,0,0,0,0.00,0,0.00,2.99,0.33,0.00,0.00,D,0.00,1.02,0.80,0.57,0.57,^,0.00,,6.90,9.60,504,72.06,57.1,1,0,0.00,0.00,0.00,1.02,0.00,0.00,0,0,0.00,0,0.00
2026-03-28 17:42:30,229.55,0,0,0,0,0,0,0,0.00,0,0.00,2.99,0.32,0.00,0.00,D,0.00,1.04,0.80,0.57,0.57,^,0.00,,6.70,9.60,504,73.07,57.1,1,0,0.00,0.00,0.00,1.04,0.00,0.00,0,0,0.00,0,0.00
2026-03-28 17:42:31,230.56,0,0,0,0,0,0,0,0.00,0,0.00,2.99,0.32,0.00,0.00,D,0.00,1.03,0.80,0.57,0.57,^,0.00,,8.70,9.60,504,74.08,57.6,1,0,0.00,0.00,0.00,1.03,0.00,0.00,0,0,0.00,0,0.00
2026-03-28 17:42:32,231.58,0,0,0,0,0,0,0,0.00,0,0.00,2.99,0.32,0.00,0.00,D,0.00,1.03,0.80,0.57,0.57,^,0.00,,8.00,9.60,504,75.09,57.6,1,0,0.00,0.00,0.00,1.03,0.00,0.00,0,0,0.00,0,0.00
2026-03-28 17:42:33,232.59,0,0,0,0,0,0,0,0.00,0,0.00,2.99,0.32,0.00,0.00,D,0.00,1.02,0.80,0.57,0.57,^,0.00,,8.50,9.60,504,76.11,57.6,1,0,0.00,0.00,0.00,1.02,0.00,0.00,0,0,0.00,0,0.00
2026-03-28 17:42:34,233.60,0,0,0,0,0,0,0,0.00,0,0.00,2.99,0.32,0.00,0.00,D,0.00,1.04,0.80,0.57,0.57,^,0.00,,8.90,9.60,504,77.12,57.6,1,0,0.00,0.00,0.00,1.04,0.00,0.00,0,0,0.00,0,0.00
2026-03-28 17:42:35,234.61,0,0,0,0,0,0,0,0.00,0,0.00,2.99,0.32,0.00,0.00,D,0.00,1.03,0.80,0.57,0.57,^,0.00,,8.40,9.60,504,78.13,57.1,1,0,0.00,0.00,0.00,1.03,0.00,0.00,0,0,0.00,0,0.00
2026-03-28 17:42:36,235.63,0,0,0,0,0,0,0,0.00,0,0.00,2.99,0.32,0.00,0.00,D,0.00,1.02,0.80,0.57,0.57,^,0.00,,7.00,9.60,504,79.15,57.1,1,0,0.00,0.00,0.00,1.02,0.00,0.00,0,0,0.00,0,0.00
2026-03-28 17:42:37,236.64,0,0,0,0,0,0,0,0.00,0,0.00,2.99,0.31,0.00,0.00,D,0.00,1.03,0.80,0.57,0.57,^,0.00,,8.70,9.60,504,80.16,57.6,1,0,0.00,0.00,0.00,1.03,0.00,0.00,0,0,0.00,0,0.00
2026-03-28 17:42:38,237.65,0,0,0,0,0,0,0,0.00,0,0.00,2.99,0.31,0.00,0.00,D,0.00,1.02,0.80,0.57,0.57,^,0.00,,10.10,9.60,504,81.17,57.6,1,0,0.00,0.00,0.00,1.02,0.00,0.00,0,0,0.00,0,0.00
2026-03-28 17:42:39,238.66,0,0,0,0,0,0,0,0.00,0,0.00,2.99,0.31,0.00,0.00,D,0.00,1.03,0.80,0.57,0.57,^,0.00,,8.70,9.60,504,82.18,57.6,1,0,0.00,0.00,0.00,1.03,0.00,0.00,0,0,0.00,0,0.00
2026-03-28 17:42:40,239.66,0,0,0,0,0,0,0,0.00,0,0.00,2.99,0.31,0.00,0.00,D,0.00,1.01,0.80,0.57,0.57,^,0.00,,7.70,9.60,504,83.18,58.2,1,0,0.00,0.00,0.00,1.01,0.00,0.00,0,0,0.00,0,0.00
2026-03-28 17:42:41,240.67,0,0,0,0,0,0,0,0.00,0,0.00,2.99,0.31,0.00,0.00,D,0.00,1.03,0.80,0.57,0.57,^,0.00,,8.20,9.60,504,84.19,57.6,1,0,0.00,0.00,0.00,1.03,0.00,0.00,0,0,0.00,0,0.00
2026-03-28 17:42:42,241.67,0,0,0,0,0,0,0,0.00,0,0.00,2.99,0.31,0.00,0.00,D,0.00,1.03,0.80,0.57,0.57,^,0.00,,8.80,9.60,504,85.19,56.5,1,0,0.00,0.00,0.00,1.03,0.00,0.00,0,0,0.00,0,0.00
2026-03-28 17:42:43,242.69,0,0,0,0,0,0,0,0.00,0,0.00,2.99,0.31,0.00,0.00,D,0.00,1.03,0.80,0.57,0.57,^,0.00,,9.40,9.50,504,86.21,58.7,1,0,0.00,0.00,0.00,1.03,0.00,0.00,0,0,0.00,0,0.00
2026-03-28 17:42:44,243.70,0,0,0,0,0,0,0,0.00,0,0.00,2.99,0.31,0.00,0.00,D,0.00,1.04,0.80,0.57,0.57,^,0.00,,9.60,9.50,504,87.22,57.1,1,0,0.00,0.00,0.00,1.04,0.00,0.00,0,0,0.00,0,0.00
2026-03-28 17:42:45,244.72,0,0,0,0,0,0,0,0.00,0,0.00,2.99,0.30,0.00,0.00,D,0.00,1.01,0.80,0.57,0.57,^,0.00,,10.10,9.50,504,88.23,57.1,1,0,0.00,0.00,0.00,1.01,0.00,0.00,0,0,0.00,0,0.00
2026-03-28 17:42:46,245.73,0,0,0,0,0,0,0,0.00,0,0.00,2.99,0.30,0.00,0.00,D,0.00,1.01,0.80,0.57,0.57,^,0.00,,8.00,9.60,504,89.25,57.1,1,0,0.00,0.00,0.00,1.01,0.00,0.00,0,0,0.00,0,0.00
2026-03-28 17:42:47,246.74,0,0,0,0,0,0,0,0.00,0,0.00,2.99,0.30,0.00,0.00,D,0.00,1.01,0.80,0.57,0.57,^,0.00,,9.20,9.60,504,90.26,57.1,1,0,0.00,0.00,0.00,1.01,0.00,0.00,0,0,0.00,0,0.00
2026-03-28 17:42:48,247.75,0,0,0,0,0,0,0,0.00,0,0.00,2.99,0.30,0.00,0.00,D,0.00,1.04,0.80,0.57,0.57,^,0.00,,8.40,9.60,504,91.27,56.5,1,0,0.00,0.00,0.00,1.04,0.00,0.00,0,0,0.00,0,0.00
2026-03-28 17:42:49,248.76,0,0,0,0,0,0,0,0.00,0,0.00,2.99,0.30,0.00,0.00,D,0.00,1.01,0.80,0.56,0.57,^,0.00,,7.20,9.60,504,92.28,57.1,1,0,0.00,0.00,0.00,1.01,0.00,0.00,0,0,0.00,0,0.00
2026-03-28 17:42:50,249.77,0,0,0,0,0,0,0,0.00,0,0.00,2.99,0.30,0.00,0.00,D,0.00,1.03,0.80,0.56,0.57,^,0.00,,11.40,9.70,504,93.29,58.2,1,0,0.00,0.00,0.00,1.03,0.00,0.00,0,0,0.00,0,0.00
2026-03-28 17:42:51,250.78,0,0,0,0,0,0,0,0.00,0,0.00,2.99,0.30,0.00,0.00,D,0.00,1.03,0.80,0.57,0.57,^,0.00,,12.80,9.60,504,94.30,56.5,1,0,0.00,0.00,0.00,1.03,0.00,0.00,0,0,0.00,0,0.00
2026-03-28 17:42:52,251.79,0,0,0,0,0,0,0,0.00,0,0.00,2.99,0.30,0.00,0.00,D,0.00,1.04,0.80,0.57,0.57,^,0.00,,12.30,9.60,504,95.31,57.6,1,0,0.00,0.00,0.00,1.04,0.00,0.00,0,0,0.00,0,0.00
2026-03-28 17:42:53,252.81,0,0,0,0,0,0,0,0.00,0,0.00,2.99,0.29,0.00,0.00,D,0.00,1.03,0.80,0.57,0.57,^,0.00,,12.60,9.60,504,96.32,58.2,1,0,0.00,0.00,0.00,1.03,0.00,0.00,0,0,0.00,0,0.00
2026-03-28 17:42:54,253.81,0,0,0,0,0,0,0,0.00,0,0.00,2.99,0.29,0.00,0.00,D,0.00,1.03,0.80,0.57,0.57,^,0.00,,11.80,9.60,504,97.33,57.6,1,0,0.00,0.00,0.00,1.03,0.00,0.00,0,0,0.00,0,0.00
2026-03-28 17:42:55,254.83,0,0,0,0,0,0,0,0.00,0,0.00,2.99,0.29,0.00,0.00,D,0.00,1.02,0.80,0.57,0.57,^,0.00,,11.40,9.60,504,98.35,58.2,1,0,0.00,0.00,0.00,1.02,0.00,0.00,0,0,0.00,0,0.00
2026-03-28 17:42:56,255.84,0,0,0,0,0,0,0,0.00,0,0.00,2.99,0.29,0.00,0.00,D,0.00,1.03,0.80,0.57,0.57,^,0.00,,12.40,9.60,504,99.36,56.5,1,0,0.00,0.00,0.00,1.03,0.00,0.00,0,0,0.00,0,0.00
2026-03-28 17:42:57,256.85,0,0,0,0,0,0,0,0.00,0,0.00,2.99,0.29,0.00,0.00,D,0.00,1.02,0.80,0.57,0.57,^,0.00,,12.50,9.60,504,100.37,57.6,1,0,0.00,0.00,0.00,1.02,0.00,0.00,0,0,0.00,0,0.00
2026-03-28 17:42:58,257.86,0,0,0,0,0,0,0,0.00,0,0.00,2.99,0.29,0.00,0.00,D,0.00,1.02,0.80,0.57,0.57,^,0.00,,13.00,9.60,504,101.38,56.5,1,0,0.00,0.00,0.00,1.02,0.00,0.00,0,0,0.00,0,0.00
2026-03-28 17:42:59,258.88,0,0,0,0,0,0,0,0.00,0,0.00,2.99,0.29,0.00,0.00,D,0.00,1.01,0.80,0.57,0.57,^,0.00,,12.40,9.60,504,102.39,57.6,1,0,0.00,0.00,0.00,1.01,0.00,0.00,0,0,0.00,0,0.00
2026-03-28 17:43:00,259.89,0,0,0,0,0,0,0,0.00,0,0.00,2.99,0.29,0.00,0.00,D,0.00,1.03,0.80,0.57,0.57,^,0.00,,11.90,9.60,504,103.41,58.2,1,0,0.00,0.00,0.00,1.03,0.00,0.00,0,0,0.00,0,0.00
2026-03-28 17:43:01,260.90,0,0,0,0,0,0,0,0.00,0,0.00,2.99,0.29,0.00,0.00,D,0.00,1.02,0.80,0.57,0.57,^,0.00,,11.70,9.60,504,104.42,56.5,1,0,0.00,0.00,0.00,1.02,0.00,0.00,0,0,0.00,0,0.00
2026-03-28 17:43:02,261.91,0,0,0,0,0,0,0,0.00,0,0.00,2.99,0.28,0.00,0.00,D,0.00,1.03,0.80,0.57,0.57,^,0.00,,13.80,9.60,504,105.43,56.5,1,0,0.00,0.00,0.00,1.03,0.00,0.00,0,0,0.00,0,0.00
2026-03-28 17:43:03,262.92,0,0,0,0,0,0,0,0.00,0,0.00,2.99,0.28,0.00,0.00,D,0.00,1.01,0.80,0.57,0.57,^,0.00,,10.70,9.60,504,106.44,57.1,1,0,0.00,0.00,0.00,1.01,0.00,0.00,0,0,0.00,0,0.00
2026-03-28 17:43:04,263.94,0,0,0,0,0,0,0,0.00,0,0.00,2.99,0.28,0.00,0.00,D,0.00,1.02,0.80,0.57,0.57,^,0.00,,11.50,9.60,504,107.46,57.1,1,0,0.00,0.00,0.00,1.02,0.00,0.00,0,0,0.00,0,0.00
2026-03-28 17:43:05,264.95,0,0,0,0,0,0,0,0.00,0,0.00,2.99,0.28,0.00,0.00,D,0.00,1.03,0.80,0.57,0.57,^,0.00,,13.10,9.60,504,108.47,56.5,1,0,0.00,0.00,0.00,1.03,0.00,0.00,0,0,0.00,0,0.00
2026-03-28 17:43:06,265.96,0,0,0,0,0,0,0,0.00,0,0.00,2.99,0.28,0.00,0.00,D,0.00,1.02,0.80,0.56,0.57,^,0.00,,12.30,9.60,504,109.48,58.7,1,0,0.00,0.00,0.00,1.02,0.00,0.00,0,0,0.00,0,0.00
2026-03-28 17:43:07,266.97,0,0,0,0,0,0,0,0.00,0,0.00,2.99,0.28,0.00,0.00,D,0.00,1.04,0.80,0.56,0.57,^,0.00,,12.30,9.60,504,110.49,56.0,1,0,0.00,0.00,0.00,1.04,0.00,0.00,0,0,0.00,0,0.00
2026-03-28 17:43:08,267.98,0,0,0,0,0,0,0,0.00,0,0.00,2.99,0.28,0.00,0.00,D,0.00,1.03,0.80,0.57,0.57,^,0.00,,14.20,9.60,504,111.50,57.1,1,0,0.00,0.00,0.00,1.03,0.00,0.00,0,0,0.00,0,0.00
2026-03-28 17:43:09,269.00,0,0,0,0,0,0,0,0.00,0,0.00,2.99,0.28,0.00,0.00,D,0.00,1.01,0.80,0.57,0.57,^,0.00,,12.70,9.60,504,112.52,58.7,1,0,0.00,0.00,0.00,1.01,0.00,0.00,0,0,0.00,0,0.00
2026-03-28 17:43:10,270.01,0,0,0,0,0,0,0,0.00,0,0.00,2.99,0.28,0.00,0.00,D,0.00,1.04,0.80,0.57,0.57,^,0.00,,12.50,9.60,504,113.52,56.5,1,0,0.00,0.00,0.00,1.04,0.00,0.00,0,0,0.00,0,0.00
2026-03-28 17:43:11,271.01,0,0,0,0,0,0,0,0.00,0,0.00,2.99,0.27,0.00,0.00,D,0.00,1.02,0.80,0.57,0.57,^,0.00,,12.80,9.60,504,114.53,58.2,1,0,0.00,0.00,0.00,1.02,0.00,0.00,0,0,0.00,0,0.00
2026-03-28 17:43:12,272.02,0,0,0,0,0,0,0,0.00,0,0.00,2.99,0.27,0.00,0.00,D,0.00,1.02,0.80,0.57,0.57,^,0.00,,12.10,9.60,504,115.54,56.5,1,0,0.00,0.00,0.00,1.02,0.00,0.00,0,0,0.00,0,0.00
2026-03-28 17:43:13,273.04,0,0,0,0,0,0,0,0.00,0,0.00,2.99,0.27,0.00,0.00,D,0.00,1.03,0.80,0.57,0.57,^,0.00,,12.90,9.50,504,116.56,57.6,1,0,0.00,0.00,0.00,1.03,0.00,0.00,0,0,0.00,0,0.00
2026-03-28 17:43:14,274.05,0,0,0,0,0,0,0,0.00,0,0.00,2.99,0.27,0.00,0.00,D,0.00,1.02,0.80,0.57,0.57,^,0.00,,13.40,9.50,504,117.57,58.2,1,0,0.00,0.00,0.00,1.02,0.00,0.00,0,0,0.00,0,0.00
2026-03-28 17:43:15,275.07,0,0,0,0,0,0,0,0.00,0,0.00,2.99,0.27,0.00,0.00,D,0.00,1.03,0.80,0.57,0.57,^,0.00,,13.50,9.50,504,118.59,56.5,1,0,0.00,0.00,0.00,1.03,0.00,0.00,0,0,0.00,0,0.00
2026-03-28 17:43:16,276.08,0,0,0,0,0,0,0,0.00,0,0.00,2.99,0.27,0.00,0.00,D,0.00,1.01,0.80,0.57,0.57,^,0.00,,11.10,9.60,504,119.60,56.0,1,0,0.00,0.00,0.00,1.01,0.00,0.00,0,0,0.00,0,0.00
2026-03-28 17:43:17,277.09,0,0,0,0,0,0,0,0.00,0,0.00,2.99,0.27,0.00,0.00,D,0.00,1.02,0.80,0.57,0.57,^,0.00,,12.30,9.60,504,120.61,57.1,1,0,0.00,0.00,0.00,1.02,0.00,0.00,0,0,0.00,0,0.00
2026-03-28 17:43:18,278.10,0,0,0,0,0,0,0,0.00,0,0.00,2.99,0.27,0.00,0.00,D,0.00,1.03,0.80,0.57,0.57,^,0.00,,13.60,9.50,504,121.62,57.6,1,0,0.00,0.00,0.00,1.03,0.00,0.00,0,0,0.00,0,0.00
2026-03-28 17:43:19,279.12,0,0,0,0,0,0,0,0.00,0,0.00,2.99,0.27,0.00,0.00,D,0.00,1.03,0.80,0.57,0.57,^,0.00,,13.30,9.60,504,122.64,57.6,1,0,0.00,0.00,0.00,1.03,0.00,0.00,0,0,0.00,0,0.00
2026-03-28 17:43:20,280.13,0,0,0,0,0,0,0,0.00,0,0.00,2.99,0.27,0.00,0.00,D,0.00,1.04,0.80,0.57,0.57,^,0.00,,15.80,9.50,504,123.65,57.6,1,0,0.00,0.00,0.00,1.04,0.00,0.00,0,0,0.00,0,0.00
2026-03-28 17:43:21,281.14,0,0,0,0,0,0,0,0.00,0,0.00,2.99,0.26,0.00,0.00,D,0.00,1.02,0.80,0.57,0.57,^,0.00,,10.40,9.50,504,124.66,57.6,1,0,0.00,0.00,0.00,1.02,0.00,0.00,0,0,0.00,0,0.00
2026-03-28 17:43:22,282.15,0,0,0,0,0,0,0,0.00,0,0.00,2.99,0.26,0.00,0.00,D,0.00,1.02,0.80,0.57,0.57,^,0.00,,8.10,9.50,504,125.67,57.1,1,0,0.00,0.00,0.00,1.02,0.00,0.00,0,0,0.00,0,0.00
2026-03-28 17:43:23,283.16,0,0,0,0,0,0,0,0.00,0,0.00,2.99,0.26,0.00,0.00,D,0.00,1.02,0.80,0.57,0.57,^,0.00,,7.20,9.60,504,126.68,58.2,1,0,0.00,0.00,0.00,1.02,0.00,0.00,0,0,0.00,0,0.00
2026-03-28 17:43:24,284.18,0,0,0,0,0,0,0,0.00,0,0.00,2.99,0.26,0.00,0.00,D,0.00,1.02,0.80,0.57,0.57,^,0.00,,8.00,9.60,504,127.69,57.6,1,0,0.00,0.00,0.00,1.02,0.00,0.00,0,0,0.00,0,0.00
2026-03-28 17:43:25,285.18,0,0,0,0,0,0,0,0.00,0,0.00,2.99,0.26,0.00,0.00,D,0.00,1.04,0.80,0.57,0.57,^,0.00,,9.70,9.60,504,128.70,56.5,1,0,0.00,0.00,0.00,1.04,0.00,0.00,0,0,0.00,0,0.00
2026-03-28 17:43:26,286.20,0,0,0,0,0,0,0,0.00,0,0.00,2.99,0.26,0.00,0.00,D,0.00,1.02,0.80,0.57,0.57,^,0.00,,8.00,9.60,504,129.72,57.6,1,0,0.00,0.00,0.00,1.02,0.00,0.00,0,0,0.00,0,0.00
2026-03-28 17:43:27,287.21,0,0,0,0,0,0,0,0.00,0,0.00,2.99,0.26,0.00,0.00,D,0.00,1.02,0.80,0.56,0.57,^,0.00,,7.00,9.60,504,130.73,58.2,1,0,0.00,0.00,0.00,1.02,0.00,0.00,0,0,0.00,0,0.00
2026-03-28 17:43:28,288.22,0,0,0,0,0,0,0,0.00,0,0.00,2.99,0.26,0.00,0.00,D,0.00,1.02,0.80,0.57,0.57,^,0.00,,8.20,9.60,504,131.74,56.0,1,0,0.00,0.00,0.00,1.02,0.00,0.00,0,0,0.00,0,0.00
2026-03-28 17:43:29,289.24,0,0,0,0,0,0,0,0.00,0,0.00,2.99,0.26,0.00,0.00,D,0.00,1.02,0.80,0.57,0.57,^,0.00,,8.70,9.60,504,132.76,58.2,1,0,0.00,0.00,0.00,1.02,0.00,0.00,0,0,0.00,0,0.00
2026-03-28 17:43:30,290.25,0,0,0,0,0,0,0,0.00,0,0.00,2.99,0.26,0.00,0.00,D,0.00,1.03,0.80,0.57,0.57,^,0.00,,7.50,9.60,504,133.77,56.5,1,0,0.00,0.00,0.00,1.03,0.00,0.00,0,0,0.00,0,0.00
2026-03-28 17:43:31,291.26,0,0,0,0,0,0,0,0.00,0,0.00,2.99,0.26,0.00,0.00,D,0.00,1.02,0.80,0.57,0.57,^,0.00,,10.40,9.60,504,134.78,58.2,1,0,0.00,0.00,0.00,1.02,0.00,0.00,0,0,0.00,0,0.00
2026-03-28 17:43:32,292.26,0,0,0,0,0,0,0,0.00,0,0.00,2.99,0.25,0.00,0.00,D,0.00,1.02,0.80,0.57,0.57,^,0.00,,8.10,9.60,504,135.78,56.5,1,0,0.00,0.00,0.00,1.02,0.00,0.00,0,0,0.00,0,0.00
2026-03-28 17:43:33,293.27,0,0,0,0,0,0,0,0.00,0,0.00,2.99,0.25,0.00,0.00,D,0.00,1.02,0.80,0.57,0.57,^,0.00,,7.80,9.60,504,136.79,56.5,1,0,0.00,0.00,0.00,1.02,0.00,0.00,0,0,0.00,0,0.00
2026-03-28 17:43:34,294.28,0,0,0,0,0,0,0,0.00,0,0.00,2.99,0.25,0.00,0.00,D,0.00,1.03,0.80,0.57,0.57,^,0.00,,8.20,9.60,504,137.80,57.1,1,0,0.00,0.00,0.00,1.03,0.00,0.00,0,0,0.00,0,0.00
2026-03-28 17:43:35,295.29,0,0,0,0,0,0,0,0.00,0,0.00,2.99,0.25,0.00,0.00,D,0.00,1.02,0.80,0.56,0.57,^,0.00,,7.80,9.60,504,138.81,58.2,1,0,0.00,0.00,0.00,1.02,0.00,0.00,0,0,0.00,0,0.00
2026-03-28 17:43:36,296.31,0,0,0,0,0,0,0,0.00,0,0.00,2.99,0.25,0.00,0.00,D,0.00,1.02,0.80,0.56,0.57,^,0.00,,7.80,9.60,504,139.83,57.6,1,0,0.00,0.00,0.00,1.02,0.00,0.00,0,0,0.00,0,0.00
2026-03-28 17:43:37,297.32,0,0,0,0,0,0,0,0.00,0,0.00,2.99,0.25,0.00,0.00,D,0.00,1.02,0.80,0.56,0.57,^,0.00,,8.50,9.60,504,140.84,57.6,1,0,0.00,0.00,0.00,1.02,0.00,0.00,0,0,0.00,0,0.00
2026-03-28 17:43:38,298.33,0,0,0,0,0,0,0,0.00,0,0.00,2.99,0.25,0.00,0.00,D,0.00,1.01,0.80,0.56,0.57,^,0.00,,6.40,9.60,504,141.85,56.5,1,0,0.00,0.00,0.00,1.01,0.00,0.00,0,0,0.00,0,0.00
2026-03-28 17:43:39,299.33,0,0,0,0,0,0,0,0.00,0,0.00,2.99,0.25,0.00,0.00,D,0.00,1.02,0.80,0.57,0.57,^,0.00,,7.20,9.60,504,142.85,58.2,1,0,0.00,0.00,0.00,1.02,0.00,0.00,0,0,0.00,0,0.00
2026-03-28 17:43:40,300.35,0,0,0,0,0,0,0,0.00,0,0.00,2.99,0.25,0.00,0.00,D,0.00,1.03,0.80,0.56,0.57,^,0.00,,6.50,9.60,504,143.87,57.6,1,0,0.00,0.00,0.00,1.03,0.00,0.00,0,0,0.00,0,0.00
2026-03-28 17:43:41,301.36,0,0,0,0,0,0,0,0.00,0,0.00,2.99,0.25,0.00,0.00,D,0.00,1.02,0.80,0.57,0.57,^,0.00,,6.70,9.70,504,144.88,56.5,1,0,0.00,0.00,0.00,1.02,0.00,0.00,0,0,0.00,0,0.00
2026-03-28 17:43:42,302.37,0,0,0,0,0,0,0,0.00,0,0.00,2.99,0.25,0.00,0.00,D,0.00,1.02,0.80,0.57,0.57,^,0.00,,8.00,9.70,504,145.89,57.6,1,0,0.00,0.00,0.00,1.02,0.00,0.00,0,0,0.00,0,0.00
2026-03-28 17:43:43,303.38,0,0,0,0,0,0,0,0.00,0,0.00,2.99,0.25,0.00,0.00,D,0.00,1.02,0.80,0.57,0.57,^,0.00,,7.50,8.90,504,146.90,57.1,1,0,0.00,0.00,0.00,1.02,0.00,0.00,0,0,0.00,0,0.00
2026-03-28 17:43:44,304.39,0,0,0,0,0,0,0,0.00,0,0.00,2.99,0.24,0.00,0.00,D,0.00,1.03,0.80,0.56,0.57,^,0.00,,6.80,8.90,504,147.91,58.2,1,0,0.00,0.00,0.00,1.03,0.00,0.00,0,0,0.00,0,0.00
2026-03-28 17:43:45,305.40,0,0,0,0,0,0,0,0.00,0,0.00,2.99,0.24,0.00,0.00,D,0.00,1.03,0.80,0.56,0.57,^,0.00,,7.40,8.80,504,148.92,57.6,1,0,0.00,0.00,0.00,1.03,0.00,0.00,0,0,0.00,0,0.00
2026-03-28 17:43:46,306.41,0,0,0,0,0,0,0,0.00,0,0.00,2.99,0.24,0.00,0.00,D,0.00,1.02,0.80,0.57,0.57,^,0.00,,8.80,8.80,504,149.93,56.5,1,0,0.00,0.00,0.00,1.02,0.00,0.00,0,0,0.00,0,0.00
2026-03-28 17:43:47,307.42,0,0,0,0,0,0,0,0.00,0,0.00,2.99,0.24,0.00,0.00,D,0.00,1.03,0.80,0.57,0.57,^,0.00,,7.20,8.70,504,150.94,56.5,1,0,0.00,0.00,0.00,1.03,0.00,0.00,0,0,0.00,0,0.00
2026-03-28 17:43:48,308.44,0,0,0,0,0,0,0,0.00,0,0.00,2.99,0.24,0.00,0.00,D,0.00,1.01,0.80,0.57,0.57,^,0.00,,7.70,8.70,504,151.95,56.5,1,0,0.00,0.00,0.00,1.01,0.00,0.00,0,0,0.00,0,0.00
2026-03-28 17:43:49,309.44,0,0,0,0,0,0,0,0.00,0,0.00,2.99,0.24,0.00,0.00,D,0.00,1.03,0.80,0.56,0.57,^,0.00,,8.40,8.70,504,152.96,57.1,1,0,0.00,0.00,0.00,1.03,0.00,0.00,0,0,0.00,0,0.00
2026-03-28 17:43:50,310.45,0,0,0,0,0,0,0,0.00,0,0.00,2.99,0.24,0.00,0.00,D,0.00,1.03,0.80,0.57,0.57,^,0.00,,9.20,8.60,504,153.97,58.2,1,0,0.00,0.00,0.00,1.03,0.00,0.00,0,0,0.00,0,0.00
2026-03-28 17:43:51,311.46,0,0,0,0,0,0,0,0.00,0,0.00,2.99,0.24,0.00,0.00,D,0.00,1.03,0.80,0.57,0.57,^,0.00,,6.70,8.60,504,154.98,56.5,1,0,0.00,0.00,0.00,1.03,0.00,0.00,0,0,0.00,0,0.00
2026-03-28 17:43:52,312.47,0,0,0,0,0,0,0,0.00,0,0.00,2.99,0.24,0.00,0.00,D,0.00,1.02,0.80,0.57,0.57,^,0.00,,6.70,8.60,504,155.99,57.6,1,0,0.00,0.00,0.00,1.02,0.00,0.00,0,0,0.00,0,0.00
2026-03-28 17:43:53,313.48,0,0,0,0,0,0,0,0.00,0,0.00,2.99,0.24,0.00,0.00,D,0.00,1.02,0.80,0.56,0.57,^,0.00,,6.50,8.50,504,157.00,56.5,1,0,0.00,0.00,0.00,1.02,0.00,0.00,0,0,0.00,0,0.00
2026-03-28 17:43:54,314.50,0,0,0,0,0,0,0,0.00,0,0.00,2.99,0.24,0.00,0.00,D,0.00,1.03,0.80,0.57,0.57,^,0.00,,8.50,8.50,504,158.02,58.2,1,0,0.00,0.00,0.00,1.03,0.00,0.00,0,0,0.00,0,0.00
2026-03-28 17:43:55,315.51,0,0,0,0,0,0,0,0.00,0,0.00,2.99,0.24,0.00,0.00,D,0.00,1.01,0.80,0.56,0.57,^,0.00,,8.70,8.50,504,159.03,57.1,1,0,0.00,0.00,0.00,1.01,0.00,0.00,0,0,0.00,0,0.00
2026-03-28 17:43:57,316.53,0,0,0,0,0,0,0,0.00,0,0.00,2.99,0.24,0.00,0.00,D,0.00,1.03,0.80,0.57,0.57,^,0.00,,8.70,8.50,504,160.05,56.0,1,0,0.00,0.00,0.00,1.03,0.00,0.00,0,0,0.00,0,0.00
2026-03-28 17:43:58,317.53,0,0,0,0,0,0,0,0.00,0,0.00,2.99,0.23,0.00,0.00,D,0.00,1.02,0.80,0.57,0.57,^,0.00,,9.60,8.50,504,161.05,56.0,1,0,0.00,0.00,0.00,1.02,0.00,0.00,0,0,0.00,0,0.00
2026-03-28 17:43:59,318.54,0,0,0,0,0,0,0,0.00,0,0.00,2.99,0.23,0.00,0.00,D,0.00,1.02,0.80,0.57,0.57,^,0.00,,8.30,8.50,504,162.06,58.2,1,0,0.00,0.00,0.00,1.02,0.00,0.00,0,0,0.00,0,0.00
2026-03-28 17:44:00,319.55,0,0,0,0,0,0,0,0.00,0,0.00,2.99,0.23,0.00,0.00,D,0.00,1.02,0.80,0.57,0.57,^,0.00,,9.00,8.50,504,163.07,57.6,1,0,0.00,0.00,0.00,1.02,0.00,0.00,0,0,0.00,0,0.00
2026-03-28 17:44:01,320.56,0,0,0,0,0,0,0,0.00,0,0.00,2.99,0.23,0.00,0.00,D,0.00,1.03,0.80,0.57,0.57,^,0.00,,9.00,8.50,504,164.08,57.1,1,0,0.00,0.00,0.00,1.03,0.00,0.00,0,0,0.00,0,0.00
2026-03-28 17:44:02,321.58,0,0,0,0,0,0,0,0.00,0,0.00,2.99,0.23,0.00,0.00,D,0.00,1.02,0.80,0.57,0.57,^,0.00,,8.70,8.50,504,165.10,57.6,1,0,0.00,0.00,0.00,1.02,0.00,0.00,0,0,0.00,0,0.00
2026-03-28 17:44:03,322.58,0,0,0,0,0,0,0,0.00,0,0.00,2.99,0.23,0.00,0.00,D,0.00,1.02,0.80,0.57,0.57,^,0.00,,8.00,8.50,504,166.10,56.0,1,0,0.00,0.00,0.00,1.02,0.00,0.00,0,0,0.00,0,0.00
2026-03-28 17:44:04,323.58,0,0,0,0,0,0,0,0.00,0,0.00,2.99,0.23,0.00,0.00,D,0.00,1.02,0.80,0.57,0.57,^,0.00,,8.10,8.50,504,167.10,57.6,1,0,0.00,0.00,0.00,1.02,0.00,0.00,0,0,0.00,0,0.00
2026-03-28 17:44:05,324.60,0,0,0,0,0,0,0,0.00,0,0.00,2.99,0.23,0.00,0.00,D,0.00,1.03,0.80,0.57,0.57,^,0.00,,8.20,8.50,504,168.12,58.2,1,0,0.00,0.00,0.00,1.03,0.00,0.00,0,0,0.00,0,0.00
2026-03-28 17:44:06,325.61,0,0,0,0,0,0,0,0.00,0,0.00,2.99,0.23,0.00,0.00,D,0.00,1.02,0.80,0.57,0.57,^,0.00,,8.90,8.50,504,169.13,56.5,1,0,0.00,0.00,0.00,1.02,0.00,0.00,0,0,0.00,0,0.00
2026-03-28 17:44:07,326.62,0,0,0,0,0,0,0,0.00,0,0.00,2.99,0.23,0.00,0.00,D,0.00,1.02,0.80,0.57,0.57,^,0.00,,7.30,8.60,504,170.14,58.2,1,0,0.00,0.00,0.00,1.02,0.00,0.00,0,0,0.00,0,0.00
2026-03-28 17:44:08,327.64,0,0,0,0,0,0,0,0.00,0,0.00,2.99,0.23,0.00,0.00,D,0.00,1.03,0.80,0.57,0.43,^,0.00,,9.20,8.50,504,171.16,56.5,1,0,0.00,0.00,0.00,1.03,0.00,0.00,0,0,0.00,0,0.00
2026-03-28 17:44:09,328.65,0,0,0,0,0,0,0,0.00,0,0.00,2.99,0.23,0.00,0.00,D,0.00,1.10,0.86,0.62,0.23,^,0.00,,8.00,8.50,504,172.17,56.0,1,0,0.00,0.00,0.00,1.10,0.00,0.00,0,0,0.00,0,0.00
2026-03-28 17:44:10,329.66,0,0,0,0,0,0,0,0.00,0,0.00,2.99,0.23,0.00,0.00,D,0.00,0.60,3.58,0.46,0.20,CAUTION_WARNING,0.00,,11.20,8.50,504,173.18,56.5,1,0,0.00,0.00,0.00,0.60,0.00,0.00,0,0,0.00,0,0.00
2026-03-28 17:44:11,330.67,0,0,0,0,0,0,0,0.00,0,0.00,2.99,0.23,0.00,0.00,D,0.00,0.51,2.73,0.45,0.19,CAUTION_WARNING,0.00,,10.50,8.50,504,174.19,57.1,1,0,0.00,0.00,0.00,0.51,0.00,0.00,0,0,0.00,0,0.00
2026-03-28 17:44:12,331.68,0,0,0,0,0,0,0,0.00,0,0.00,2.99,0.22,0.00,0.00,D,0.00,0.46,1.28,0.45,0.21,STOP_WARNING,0.00,,14.50,8.50,504,175.20,58.2,1,0,0.00,0.00,0.00,0.46,0.00,0.00,0,0,0.00,0,0.00
2026-03-28 17:44:13,332.69,0,0,0,0,0,0,0,0.00,1,0.00,2.99,0.22,0.00,0.00,D,0.00,0.72,1.62,0.57,0.22,CAUTION_WARNING,0.00,,12.60,8.50,504,176.21,58.2,1,0,0.00,0.00,0.00,0.72,0.00,0.00,0,0,0.00,0,0.00
2026-03-28 17:44:14,333.71,0,0,0,0,0,0,0,0.00,1,0.00,2.99,0.22,0.00,0.00,D,0.00,0.64,0.75,1.08,0.20,CAUTION_WARNING,0.00,,10.30,8.50,504,177.22,57.6,1,0,0.00,0.00,0.00,0.64,0.00,0.00,0,0,0.00,0,0.00
2026-03-28 17:44:15,334.72,0,0,0,0,0,0,0,0.00,1,0.00,2.99,0.22,0.00,0.00,D,0.00,2.66,1.43,2.66,0.21,^,0.00,,10.50,8.50,504,178.24,56.5,1,0,0.00,0.00,0.00,2.66,0.00,0.00,0,0,0.00,0,0.00
2026-03-28 17:44:16,335.73,0,0,0,0,0,0,0,0.00,1,0.00,2.99,0.22,0.00,0.00,D,0.00,1.92,1.68,2.73,0.23,^,0.00,,10.70,8.50,504,179.25,56.5,1,0,0.00,0.00,0.00,1.92,0.00,0.00,0,0,0.00,0,0.00
2026-03-28 17:44:17,336.74,0,0,0,0,0,0,0,0.00,1,0.00,2.99,0.22,0.00,0.00,D,0.00,1.07,1.06,2.72,0.23,^,0.00,,11.40,8.50,504,180.26,57.6,1,0,0.00,0.00,0.00,1.07,0.00,0.00,0,0,0.00,0,0.00
2026-03-28 17:44:18,337.76,0,0,0,0,0,0,0,0.00,1,0.00,2.99,0.22,0.00,0.00,D,0.00,0.53,0.55,0.55,0.20,CAUTION_WARNING,0.00,,9.60,8.50,504,181.28,56.0,1,0,0.00,0.00,0.00,0.53,0.00,0.00,0,0,0.00,0,0.00
2026-03-28 17:44:19,338.77,0,0,0,0,0,0,0,0.00,1,0.00,2.99,0.22,0.00,0.00,D,0.00,0.35,0.79,0.31,0.16,STOP_WARNING,0.00,,11.00,8.50,504,182.29,57.6,1,0,0.00,0.00,0.00,0.35,0.00,0.00,0,0,0.00,0,0.00
2026-03-28 17:44:20,339.78,0,0,0,0,0,0,0,0.00,1,0.00,2.99,0.22,0.00,0.00,D,0.00,1.07,1.14,0.36,0.15,^,0.00,,11.00,8.50,504,183.30,56.5,1,0,0.00,0.00,0.00,1.07,0.00,0.00,0,0,0.00,0,0.00
2026-03-28 17:44:21,340.79,0,0,0,0,0,0,0,0.00,1,0.00,2.99,0.22,0.00,0.00,D,0.00,12.00,1.03,0.50,0.14,^,0.00,,10.90,8.50,504,0.88,58.2,1,0,0.00,0.00,0.00,12.00,0.00,0.00,0,0,0.00,0,0.00
2026-03-28 17:44:22,341.80,0,0,0,0,0,0,0,0.00,1,0.00,2.99,0.22,0.00,0.00,D,0.00,1.04,2.76,0.60,0.17,^,0.00,,12.20,8.50,504,1.89,58.7,1,0,0.00,0.00,0.00,1.04,0.00,0.00,0,0,0.00,0,0.00
2026-03-28 17:44:23,342.81,0,0,0,0,0,0,0,0.00,1,0.00,2.99,0.22,0.00,0.00,D,0.00,0.52,0.56,0.45,0.33,CAUTION_WARNING,0.00,,13.00,8.50,504,2.90,56.5,1,0,0.00,0.00,0.00,0.52,0.00,0.00,0,0,0.00,0,0.00
2026-03-28 17:44:24,343.82,0,0,0,0,0,0,0,0.00,1,0.00,2.99,0.22,0.00,0.00,D,0.00,0.47,0.48,0.43,0.29,STOP_WARNING,0.00,,8.40,8.40,504,0.53,57.6,1,0,0.00,0.00,0.00,0.47,0.00,0.00,0,0,0.00,0,0.00
2026-03-28 17:44:25,344.84,0,0,0,0,0,0,0,0.00,1,0.00,2.99,0.22,0.00,0.00,D,0.00,0.47,0.48,0.43,0.37,STOP_WARNING,0.00,,9.70,8.40,504,1.55,56.5,1,1,0.00,0.00,0.00,0.47,0.00,0.00,0,0,0.00,0,0.00
2026-03-28 17:44:26,345.85,0,0,0,0,0,0,0,0.00,1,0.00,2.99,0.22,0.00,0.00,D,0.00,0.47,0.48,0.43,0.24,STOP_WARNING,0.00,,8.20,8.40,504,2.56,58.2,1,1,0.00,0.00,0.00,0.47,0.00,0.00,0,0,0.00,0,0.00
2026-03-28 17:44:27,346.86,0,0,0,0,0,0,0,0.00,1,0.00,2.99,0.21,0.00,0.00,D,0.00,0.47,0.48,0.43,0.25,STOP_WARNING,0.00,,7.40,8.50,504,0.74,57.1,1,1,0.00,0.00,0.00,0.47,0.00,0.00,0,0,0.00,0,0.00
2026-03-28 17:44:28,347.87,0,0,0,0,0,0,0,0.00,1,0.00,2.99,0.21,0.00,0.00,D,0.00,0.47,0.48,0.43,0.56,STOP_WARNING,0.00,,7.10,8.50,504,1.75,56.5,1,1,0.00,0.00,0.00,0.47,0.00,0.00,0,0,0.00,0,0.00
2026-03-28 17:44:29,348.89,0,0,0,0,0,0,0,0.00,1,0.00,2.99,0.21,0.00,0.00,D,0.00,0.47,0.48,0.43,0.56,STOP_WARNING,0.00,,9.80,8.50,504,2.76,57.6,1,1,0.00,0.00,0.00,0.47,0.00,0.00,0,0,0.00,0,0.00
2026-03-28 17:44:30,349.90,0,0,0,0,0,0,0,0.00,1,0.00,2.99,0.21,0.00,0.00,D,0.00,0.47,0.48,0.43,0.56,STOP_WARNING,0.00,,8.50,8.50,504,3.77,57.6,1,1,0.00,0.00,0.00,0.47,0.00,0.00,0,0,0.00,0,0.00
2026-03-28 17:44:31,350.91,0,0,0,0,0,0,0,0.00,1,0.00,2.99,0.21,0.00,0.00,D,0.00,0.47,0.48,0.43,0.56,STOP_WARNING,0.00,,9.30,8.50,504,4.78,58.2,1,1,0.00,0.00,0.00,0.47,0.00,0.00,0,0,0.00,0,0.00
2026-03-28 17:44:32,351.92,0,0,0,0,0,0,0,0.00,1,0.00,2.99,0.21,0.00,0.00,D,0.00,0.47,0.48,0.43,0.56,STOP_WARNING,0.00,,11.90,8.50,504,5.80,56.0,1,1,0.00,0.00,0.00,0.47,0.00,0.00,0,0,0.00,0,0.00
2026-03-28 17:44:33,352.93,0,0,0,0,0,0,0,0.00,1,0.00,2.99,0.21,0.00,0.00,D,0.00,0.47,0.48,0.43,0.56,STOP_WARNING,0.00,,12.10,8.50,504,6.81,57.1,1,1,0.00,0.00,0.00,0.47,0.00,0.00,0,0,0.00,0,0.00
2026-03-28 17:44:34,353.94,0,0,0,0,0,0,0,0.00,1,0.00,2.99,0.21,0.00,0.00,D,0.00,0.47,0.48,0.43,0.56,STOP_WARNING,0.00,,11.10,8.50,504,7.82,58.7,1,1,0.00,0.00,0.00,0.47,0.00,0.00,0,0,0.00,0,0.00
2026-03-28 17:44:35,354.96,0,0,0,0,0,0,0,0.00,1,0.00,2.99,0.21,0.00,0.00,D,0.00,0.47,0.48,0.43,0.50,STOP_WARNING,0.00,,10.10,8.50,504,8.83,57.6,1,1,0.00,0.00,0.00,0.47,0.00,0.00,0,0,0.00,0,0.00
2026-03-28 17:44:36,355.97,0,0,0,0,0,0,0,0.00,1,0.00,2.99,0.21,0.00,0.00,D,0.00,0.47,0.48,0.43,0.56,STOP_WARNING,0.00,,8.80,8.50,504,9.85,57.6,1,1,0.00,0.00,0.00,0.47,0.00,0.00,0,0,0.00,0,0.00
2026-03-28 17:44:37,356.98,0,0,0,0,0,0,0,0.00,1,0.00,2.99,0.21,0.00,0.00,D,0.00,0.47,0.48,0.43,0.56,STOP_WARNING,0.00,,10.10,8.50,504,10.85,56.0,1,1,0.00,0.00,0.00,0.47,0.00,0.00,0,0,0.00,0,0.00
2026-03-28 17:44:38,357.99,0,0,0,0,0,0,0,0.00,1,0.00,2.99,0.21,0.00,0.00,D,0.00,0.47,0.48,0.42,0.56,STOP_WARNING,0.00,,9.40,8.50,504,11.87,57.6,1,1,0.00,0.00,0.00,0.47,0.00,0.00,0,0,0.00,0,0.00
2026-03-28 17:44:39,359.00,0,0,0,0,0,0,0,0.00,1,0.00,2.99,0.21,0.00,0.00,D,0.00,0.47,0.48,0.43,0.56,STOP_WARNING,0.00,,12.50,8.50,504,12.88,57.6,1,1,0.00,0.00,0.00,0.47,0.00,0.00,0,0,0.00,0,0.00
2026-03-28 17:44:40,360.01,0,0,0,0,0,0,0,0.00,1,0.00,2.99,0.21,0.00,0.00,D,0.00,0.47,0.48,0.43,0.56,STOP_WARNING,0.00,,10.90,8.50,504,13.89,58.2,1,1,0.00,0.00,0.00,0.47,0.00,0.00,0,0,0.00,0,0.00
2026-03-28 17:44:41,361.02,0,0,0,0,0,0,0,0.00,1,0.00,2.99,0.21,0.00,0.00,D,0.00,0.47,0.48,0.43,0.56,STOP_WARNING,0.00,,12.80,8.50,504,14.90,56.0,1,1,0.00,0.00,0.00,0.47,0.00,0.00,0,0,0.00,0,0.00
2026-03-28 17:44:42,362.03,0,0,0,0,0,0,0,0.00,1,0.00,2.99,0.21,0.00,0.00,D,0.00,0.47,0.48,0.43,0.56,STOP_WARNING,0.00,,6.10,8.50,504,15.91,57.1,1,1,0.00,0.00,0.00,0.47,0.00,0.00,0,0,0.00,0,0.00
2026-03-28 17:44:43,363.05,0,0,0,0,0,0,0,0.00,1,0.00,2.99,0.21,0.00,0.00,D,0.00,0.47,0.48,0.43,0.56,STOP_WARNING,0.00,,4.30,8.50,504,16.92,57.6,1,1,0.00,0.00,0.00,0.47,0.00,0.00,0,0,0.00,0,0.00
2026-03-28 17:44:44,364.06,0,0,0,0,0,0,0,0.00,1,0.00,2.99,0.20,0.00,0.00,D,0.00,0.47,0.48,0.43,0.56,STOP_WARNING,0.00,,5.30,8.40,504,17.94,57.6,1,1,0.00,0.00,0.00,0.47,0.00,0.00,0,0,0.00,0,0.00
2026-03-28 17:44:45,365.07,0,0,0,0,0,0,0,0.00,1,0.00,2.99,0.20,0.00,0.00,D,0.00,0.47,0.48,0.43,0.56,STOP_WARNING,0.00,,5.10,8.50,504,18.94,56.5,1,1,0.00,0.00,0.00,0.47,0.00,0.00,0,0,0.00,0,0.00
2026-03-28 17:44:46,366.08,0,0,0,0,0,0,0,0.00,1,0.00,2.99,0.20,0.00,0.00,D,0.00,0.47,0.48,0.43,0.56,STOP_WARNING,0.00,,5.30,8.40,504,19.96,56.5,1,1,0.00,0.00,0.00,0.47,0.00,0.00,0,0,0.00,0,0.00
2026-03-28 17:44:47,367.10,0,0,0,0,0,0,0,0.00,1,0.00,2.99,0.20,0.00,0.00,D,0.00,0.47,0.48,0.43,0.56,STOP_WARNING,0.00,,5.00,8.40,504,20.97,57.6,1,1,0.00,0.00,0.00,0.47,0.00,0.00,0,0,0.00,0,0.00
2026-03-28 17:44:48,368.11,0,0,0,0,0,0,0,0.00,1,0.00,2.99,0.20,0.00,0.00,D,0.00,0.47,0.48,0.43,0.56,STOP_WARNING,0.00,,5.00,8.40,504,21.99,57.6,1,1,0.00,0.00,0.00,0.47,0.00,0.00,0,0,0.00,0,0.00
2026-03-28 17:44:49,369.12,0,0,0,0,0,0,0,0.00,1,0.00,2.99,0.20,0.00,0.00,D,0.00,0.47,0.48,0.43,0.56,STOP_WARNING,0.00,,5.40,8.50,504,22.99,58.2,1,1,0.00,0.00,0.00,0.47,0.00,0.00,0,0,0.00,0,0.00
2026-03-28 17:44:50,370.13,0,0,0,0,0,0,0,0.00,1,0.00,2.99,0.20,0.00,0.00,D,0.00,0.47,0.48,0.43,0.56,STOP_WARNING,0.00,,6.80,8.50,504,24.00,58.7,1,1,0.00,0.00,0.00,0.47,0.00,0.00,0,0,0.00,0,0.00
2026-03-28 17:44:51,371.14,0,0,0,0,0,0,0,0.00,1,0.00,2.99,0.20,0.00,0.00,D,0.00,0.47,0.48,0.43,0.56,STOP_WARNING,0.00,,5.50,8.50,504,25.02,56.5,1,1,0.00,0.00,0.00,0.47,0.00,0.00,0,0,0.00,0,0.00
2026-03-28 17:44:52,372.15,0,0,0,0,0,0,0,0.00,1,0.00,2.99,0.20,0.00,0.00,D,0.00,0.47,0.48,0.43,0.56,STOP_WARNING,0.00,,6.00,8.50,504,26.03,57.6,1,1,0.00,0.00,0.00,0.47,0.00,0.00,0,0,0.00,0,0.00
2026-03-28 17:44:53,373.17,0,0,0,0,0,0,0,0.00,1,0.00,2.99,0.20,0.00,0.00,D,0.00,0.47,0.48,0.43,0.56,STOP_WARNING,0.00,,6.30,8.50,504,27.04,57.6,1,1,0.00,0.00,0.00,0.47,0.00,0.00,0,0,0.00,0,0.00
2026-03-28 17:44:54,374.18,0,0,0,0,0,0,0,0.00,1,0.00,2.99,0.20,0.00,0.00,D,0.00,0.47,0.48,0.43,0.56,STOP_WARNING,0.00,,8.10,8.50,504,28.05,57.1,1,1,0.00,0.00,0.00,0.47,0.00,0.00,0,0,0.00,0,0.00
2026-03-28 17:44:55,375.19,0,0,0,0,0,0,0,0.00,1,0.00,2.99,0.20,0.00,0.00,D,0.00,0.47,0.48,0.43,0.56,STOP_WARNING,0.00,,8.80,8.50,504,29.06,57.6,1,1,0.00,0.00,0.00,0.47,0.00,0.00,0,0,0.00,0,0.00
2026-03-28 17:44:56,376.20,0,0,0,0,0,0,0,0.00,1,0.00,2.99,0.20,0.00,0.00,D,0.00,0.47,0.48,0.43,0.56,STOP_WARNING,0.00,,7.30,8.50,504,30.07,57.1,1,1,0.00,0.00,0.00,0.47,0.00,0.00,0,0,0.00,0,0.00
2026-03-28 17:44:57,377.21,0,0,0,0,0,0,0,0.00,1,0.00,2.99,0.20,0.00,0.00,D,0.00,0.47,0.48,0.43,0.56,STOP_WARNING,0.00,,7.80,8.50,504,31.09,57.6,1,1,0.00,0.00,0.00,0.47,0.00,0.00,0,0,0.00,0,0.00
2026-03-28 17:44:58,378.22,0,0,0,0,0,0,0,0.00,1,0.00,2.99,0.20,0.00,0.00,D,0.00,0.47,0.48,0.43,0.56,STOP_WARNING,0.00,,8.10,8.50,504,32.10,56.5,1,1,0.00,0.00,0.00,0.47,0.00,0.00,0,0,0.00,0,0.00
2026-03-28 17:44:59,379.24,0,0,0,0,0,0,0,0.00,1,0.00,2.99,0.20,0.00,0.00,D,0.00,0.47,0.48,0.43,0.56,STOP_WARNING,0.00,,8.50,8.40,504,33.11,57.1,1,1,0.00,0.00,0.00,0.47,0.00,0.00,0,0,0.00,0,0.00
2026-03-28 17:45:00,380.25,0,0,0,0,0,0,0,0.00,1,0.00,2.99,0.20,0.00,0.00,D,0.00,0.47,0.48,0.43,0.56,STOP_WARNING,0.00,,7.50,8.50,504,34.12,56.5,1,1,0.00,0.00,0.00,0.47,0.00,0.00,0,0,0.00,0,0.00
2026-03-28 17:45:01,381.26,0,0,0,0,0,0,0,0.00,1,0.00,2.99,0.20,0.00,0.00,D,0.00,0.47,0.48,0.43,0.56,STOP_WARNING,0.00,,10.00,8.50,504,35.13,56.5,1,1,0.00,0.00,0.00,0.47,0.00,0.00,0,0,0.00,0,0.00
2026-03-28 17:45:02,382.27,0,0,0,0,0,0,0,0.00,1,0.00,2.99,0.19,0.00,0.00,D,0.00,0.47,0.48,0.43,0.56,STOP_WARNING,0.00,,9.30,8.50,504,36.15,57.1,1,1,0.00,0.00,0.00,0.47,0.00,0.00,0,0,0.00,0,0.00
2026-03-28 17:45:03,383.28,0,0,0,0,0,0,0,0.00,1,0.00,2.99,0.19,0.00,0.00,D,0.00,0.47,0.48,0.43,0.56,STOP_WARNING,0.00,,10.40,8.50,504,37.16,58.2,1,1,0.00,0.00,0.00,0.47,0.00,0.00,0,0,0.00,0,0.00
2026-03-28 17:45:04,384.29,0,0,0,0,0,0,0,0.00,1,0.00,2.99,0.19,0.00,0.00,D,0.00,0.47,0.48,0.43,0.56,STOP_WARNING,0.00,,8.40,8.50,504,38.17,58.2,1,1,0.00,0.00,0.00,0.47,0.00,0.00,0,0,0.00,0,0.00
2026-03-28 17:45:05,385.31,0,0,0,0,0,0,0,0.00,1,0.00,2.99,0.19,0.00,0.00,D,0.00,0.47,0.48,0.43,0.56,STOP_WARNING,0.00,,7.60,8.50,504,39.18,56.5,1,1,0.00,0.00,0.00,0.47,0.00,0.00,0,0,0.00,0,0.00
2026-03-28 17:45:06,386.32,0,0,0,0,0,0,0,0.00,1,0.00,2.99,0.19,0.00,0.00,D,0.00,0.47,0.48,0.43,0.56,STOP_WARNING,0.00,,7.70,8.50,504,40.20,58.2,1,1,0.00,0.00,0.00,0.47,0.00,0.00,0,0,0.00,0,0.00
2026-03-28 17:45:07,387.34,0,0,0,0,0,0,0,0.00,1,0.00,2.99,0.19,0.00,0.00,D,0.00,0.47,0.48,0.43,0.56,STOP_WARNING,0.00,,8.10,8.50,504,41.21,57.1,1,1,0.00,0.00,0.00,0.47,0.00,0.00,0,0,0.00,0,0.00
2026-03-28 17:45:08,388.35,0,0,0,0,0,0,0,0.00,1,0.00,2.99,0.19,0.00,0.00,D,0.00,0.47,0.48,0.43,0.56,STOP_WARNING,0.00,,9.20,8.50,504,42.23,56.0,1,1,0.00,0.00,0.00,0.47,0.00,0.00,0,0,0.00,0,0.00
2026-03-28 17:45:09,389.36,0,0,0,0,0,0,0,0.00,1,0.00,2.99,0.19,0.00,0.00,D,0.00,0.47,0.48,0.43,0.56,STOP_WARNING,0.00,,8.90,8.40,504,43.23,57.1,1,1,0.00,0.00,0.00,0.47,0.00,0.00,0,0,0.00,0,0.00
2026-03-28 17:45:10,390.37,0,0,0,0,0,0,0,0.00,1,0.00,2.99,0.19,0.00,0.00,D,0.00,0.47,0.48,0.43,0.56,STOP_WARNING,0.00,,9.00,8.50,504,44.24,57.1,1,1,0.00,0.00,0.00,0.47,0.00,0.00,0,0,0.00,0,0.00
2026-03-28 17:45:11,391.38,0,0,0,0,0,0,0,0.00,1,0.00,2.99,0.19,0.00,0.00,D,0.00,0.47,0.48,0.43,0.56,STOP_WARNING,0.00,,8.40,8.50,504,45.25,57.6,1,1,0.00,0.00,0.00,0.47,0.00,0.00,0,0,0.00,0,0.00
2026-03-28 17:45:12,392.39,0,0,0,0,0,0,0,0.00,1,0.00,2.99,0.19,0.00,0.00,D,0.00,0.47,0.48,0.43,0.56,STOP_WARNING,0.00,,11.70,8.50,504,46.27,58.2,1,1,0.00,0.00,0.00,0.47,0.00,0.00,0,0,0.00,0,0.00
2026-03-28 17:45:13,393.41,0,0,0,0,0,0,0,0.00,1,0.00,2.99,0.19,0.00,0.00,D,0.00,0.47,0.48,0.43,0.56,STOP_WARNING,0.00,,11.30,8.50,504,47.28,58.2,1,1,0.00,0.00,0.00,0.47,0.00,0.00,0,0,0.00,0,0.00
2026-03-28 17:45:14,394.42,0,0,0,0,0,0,0,0.00,1,0.00,2.99,0.19,0.00,0.00,D,0.00,0.47,0.48,0.43,0.56,STOP_WARNING,0.00,,11.00,8.40,504,48.29,58.2,1,1,0.00,0.00,0.00,0.47,0.00,0.00,0,0,0.00,0,0.00
2026-03-28 17:45:15,395.43,0,0,0,0,0,0,0,0.00,1,0.00,2.99,0.19,0.00,0.00,D,0.00,0.47,0.48,0.43,0.56,STOP_WARNING,0.00,,10.70,8.40,504,49.30,58.2,1,1,0.00,0.00,0.00,0.47,0.00,0.00,0,0,0.00,0,0.00
2026-03-28 17:45:16,396.44,0,0,0,0,0,0,0,0.00,1,0.00,2.99,0.19,0.00,0.00,D,0.00,0.47,0.48,0.43,0.56,STOP_WARNING,0.00,,13.50,8.50,504,50.31,56.5,1,1,0.00,0.00,0.00,0.47,0.00,0.00,0,0,0.00,0,0.00
2026-03-28 17:45:17,397.45,0,0,0,0,0,0,0,0.00,1,0.00,2.99,0.19,0.00,0.00,D,0.00,0.47,0.48,0.43,0.56,STOP_WARNING,0.00,,12.20,8.50,504,51.33,57.6,1,1,0.00,0.00,0.00,0.47,0.00,0.00,0,0,0.00,0,0.00
2026-03-28 17:45:18,398.46,0,0,0,0,0,0,0,0.00,1,0.00,2.99,0.19,0.00,0.00,D,0.00,0.47,0.48,0.43,0.56,STOP_WARNING,0.00,,13.50,8.50,504,52.34,58.2,1,1,0.00,0.00,0.00,0.47,0.00,0.00,0,0,0.00,0,0.00
2026-03-28 17:45:19,399.47,0,0,0,0,0,0,0,0.00,1,0.00,2.99,0.19,0.00,0.00,D,0.00,0.47,0.48,0.43,0.56,STOP_WARNING,0.00,,12.70,8.50,504,53.35,57.6,1,1,0.00,0.00,0.00,0.47,0.00,0.00,0,0,0.00,0,0.00
2026-03-28 17:45:20,400.48,0,0,0,0,0,0,0,0.00,1,0.00,2.99,0.19,0.00,0.00,D,0.00,0.47,0.48,0.43,0.56,STOP_WARNING,0.00,,11.00,8.50,504,54.36,56.5,1,1,0.00,0.00,0.00,0.47,0.00,0.00,0,0,0.00,0,0.00
2026-03-28 17:45:21,401.49,0,0,0,0,0,0,0,0.00,1,0.00,2.99,0.19,0.00,0.00,D,0.00,0.47,0.48,0.43,0.56,STOP_WARNING,0.00,,13.70,8.50,504,55.37,56.5,1,1,0.00,0.00,0.00,0.47,0.00,0.00,0,0,0.00,0,0.00
2026-03-28 17:45:22,402.51,0,0,0,0,0,0,0,0.00,1,0.00,2.99,0.18,0.00,0.00,D,0.00,0.47,0.48,0.43,0.56,STOP_WARNING,0.00,,12.80,8.50,504,56.38,56.5,1,1,0.00,0.00,0.00,0.47,0.00,0.00,0,0,0.00,0,0.00
2026-03-28 17:45:23,403.52,0,0,0,0,0,0,0,0.00,1,0.00,2.99,0.18,0.00,0.00,D,0.00,0.47,0.48,0.43,0.56,STOP_WARNING,0.00,,14.60,8.50,504,57.39,58.2,1,1,0.00,0.00,0.00,0.47,0.00,0.00,0,0,0.00,0,0.00
2026-03-28 17:45:25,404.53,0,0,0,0,0,0,0,0.00,1,0.00,2.99,0.18,0.00,0.00,D,0.00,0.47,0.48,0.43,0.56,STOP_WARNING,0.00,,13.30,8.50,504,58.40,58.2,1,1,0.00,0.00,0.00,0.47,0.00,0.00,0,0,0.00,0,0.00
2026-03-28 17:45:26,405.54,0,0,0,0,0,0,0,0.00,1,0.00,2.99,0.18,0.00,0.00,D,0.00,0.47,0.48,0.43,0.56,STOP_WARNING,0.00,,11.20,8.50,504,59.41,58.2,1,1,0.00,0.00,0.00,0.47,0.00,0.00,0,0,0.00,0,0.00
2026-03-28 17:45:27,406.55,0,0,0,0,0,0,0,0.00,1,0.00,2.99,0.18,0.00,0.00,D,0.00,0.47,0.48,0.43,0.56,STOP_WARNING,0.00,,12.40,8.50,504,60.42,56.5,1,1,0.00,0.00,0.00,0.47,0.00,0.00,0,0,0.00,0,0.00
2026-03-28 17:45:28,407.56,0,0,0,0,0,0,0,0.00,1,0.00,2.99,0.18,0.00,0.00,D,0.00,0.47,0.48,0.43,0.56,STOP_WARNING,0.00,,12.60,8.50,504,61.43,58.2,1,1,0.00,0.00,0.00,0.47,0.00,0.00,0,0,0.00,0,0.00
2026-03-28 17:45:29,408.57,0,0,0,0,0,0,0,0.00,1,0.00,2.99,0.18,0.00,0.00,D,0.00,0.47,0.48,0.43,0.56,STOP_WARNING,0.00,,13.70,8.50,504,62.44,57.6,1,1,0.00,0.00,0.00,0.47,0.00,0.00,0,0,0.00,0,0.00
2026-03-28 17:45:30,409.58,0,0,0,0,0,0,0,0.00,1,0.00,2.99,0.18,0.00,0.00,D,0.00,0.47,0.48,0.43,0.56,STOP_WARNING,0.00,,11.10,8.50,504,63.45,57.6,1,1,0.00,0.00,0.00,0.47,0.00,0.00,0,0,0.00,0,0.00
2026-03-28 17:45:31,410.59,0,0,0,0,0,0,0,0.00,1,0.00,2.99,0.18,0.00,0.00,D,0.00,0.47,0.48,0.43,0.56,STOP_WARNING,0.00,,11.20,8.50,504,64.46,58.7,1,1,0.00,0.00,0.00,0.47,0.00,0.00,0,0,0.00,0,0.00
2026-03-28 17:45:32,411.60,0,0,0,0,0,0,0,0.00,1,0.00,2.99,0.18,0.00,0.00,D,0.00,0.47,0.48,0.43,0.56,STOP_WARNING,0.00,,11.10,8.50,504,65.47,57.6,1,1,0.00,0.00,0.00,0.47,0.00,0.00,0,0,0.00,0,0.00
2026-03-28 17:45:33,412.61,0,0,0,0,0,0,0,0.00,1,0.00,2.99,0.18,0.00,0.00,D,0.00,0.47,0.48,0.43,0.56,STOP_WARNING,0.00,,12.60,8.50,504,66.49,56.5,1,1,0.00,0.00,0.00,0.47,0.00,0.00,0,0,0.00,0,0.00
2026-03-28 17:45:34,413.62,0,0,0,0,0,0,0,0.00,1,0.00,2.99,0.18,0.00,0.00,D,0.00,0.47,0.48,0.43,0.56,STOP_WARNING,0.00,,12.80,8.50,504,67.50,57.1,1,1,0.00,0.00,0.00,0.47,0.00,0.00,0,0,0.00,0,0.00
2026-03-28 17:45:35,414.63,0,0,0,0,0,0,0,0.00,1,0.00,2.99,0.18,0.00,0.00,D,0.00,0.47,0.48,0.43,0.56,STOP_WARNING,0.00,,13.10,8.50,504,68.51,57.1,1,1,0.00,0.00,0.00,0.47,0.00,0.00,0,0,0.00,0,0.00
2026-03-28 17:45:36,415.64,0,0,0,0,0,0,0,0.00,1,0.00,2.99,0.18,0.00,0.00,D,0.00,0.47,0.48,0.44,0.56,STOP_WARNING,0.00,,11.90,8.50,504,69.52,57.6,1,1,0.00,0.00,0.00,0.47,0.00,0.00,0,0,0.00,0,0.00
2026-03-28 17:45:37,416.66,0,0,0,0,0,0,0,0.00,1,0.00,2.99,0.18,0.00,0.00,D,0.00,0.47,0.48,0.43,0.56,STOP_WARNING,0.00,,11.70,8.50,504,70.53,56.5,1,1,0.00,0.00,0.00,0.47,0.00,0.00,0,0,0.00,0,0.00
2026-03-28 17:45:38,417.67,0,0,0,0,0,0,0,0.00,1,0.00,2.99,0.18,0.00,0.00,D,0.00,0.47,0.48,0.43,0.56,STOP_WARNING,0.00,,14.60,8.50,504,71.54,57.6,1,1,0.00,0.00,0.00,0.47,0.00,0.00,0,0,0.00,0,0.00
2026-03-28 17:45:39,418.68,0,0,0,0,0,0,0,0.00,1,0.00,2.99,0.18,0.00,0.00,D,0.00,0.47,0.48,0.43,0.56,STOP_WARNING,0.00,,12.80,8.40,504,72.55,58.2,1,1,0.00,0.00,0.00,0.47,0.00,0.00,0,0,0.00,0,0.00
2026-03-28 17:45:40,419.69,0,0,0,0,0,0,0,0.00,1,0.00,2.99,0.18,0.00,0.00,D,0.00,0.47,0.48,0.43,0.56,STOP_WARNING,0.00,,11.70,8.40,504,73.56,58.2,1,1,0.00,0.00,0.00,0.47,0.00,0.00,0,0,0.00,0,0.00
2026-03-28 17:45:41,420.70,0,0,0,0,0,0,0,0.00,1,0.00,2.99,0.18,0.00,0.00,D,0.00,0.47,0.48,0.43,0.56,STOP_WARNING,0.00,,12.20,8.50,504,74.57,57.6,1,1,0.00,0.00,0.00,0.47,0.00,0.00,0,0,0.00,0,0.00
2026-03-28 17:45:42,421.71,0,0,0,0,0,0,0,0.00,1,0.00,2.99,0.18,0.00,0.00,D,0.00,0.47,0.48,0.43,0.56,STOP_WARNING,0.00,,13.70,8.50,504,75.58,56.5,1,1,0.00,0.00,0.00,0.47,0.00,0.00,0,0,0.00,0,0.00
2026-03-28 17:45:43,422.72,0,0,0,0,0,0,0,0.00,1,0.00,2.99,0.18,0.00,0.00,D,0.00,0.47,0.48,0.43,0.56,STOP_WARNING,0.00,,10.60,8.40,504,76.59,56.5,1,1,0.00,0.00,0.00,0.47,0.00,0.00,0,0,0.00,0,0.00
2026-03-28 17:45:44,423.73,0,0,0,0,0,0,0,0.00,1,0.00,2.99,0.18,0.00,0.00,D,0.00,0.47,0.48,0.43,0.56,STOP_WARNING,0.00,,13.70,8.50,504,77.60,57.6,1,1,0.00,0.00,0.00,0.47,0.00,0.00,0,0,0.00,0,0.00
2026-03-28 17:45:45,424.74,0,0,0,0,0,0,0,0.00,1,0.00,2.99,0.18,0.00,0.00,D,0.00,0.47,0.48,0.43,0.56,STOP_WARNING,0.00,,13.90,8.50,504,78.61,56.5,1,1,0.00,0.00,0.00,0.47,0.00,0.00,0,0,0.00,0,0.00
2026-03-28 17:45:46,425.75,0,0,0,0,0,0,0,0.00,1,0.00,2.99,0.17,0.00,0.00,D,0.00,0.47,0.48,0.43,0.56,STOP_WARNING,0.00,,12.10,8.40,504,79.62,57.6,1,1,0.00,0.00,0.00,0.47,0.00,0.00,0,0,0.00,0,0.00
2026-03-28 17:45:47,426.76,0,0,0,0,0,0,0,0.00,1,0.00,2.99,0.17,0.00,0.00,D,0.00,0.47,0.48,0.43,0.56,STOP_WARNING,0.00,,12.40,8.50,504,80.63,57.6,1,1,0.00,0.00,0.00,0.47,0.00,0.00,0,0,0.00,0,0.00
2026-03-28 17:45:48,427.78,0,0,0,0,0,0,0,0.00,1,0.00,2.99,0.17,0.00,0.00,D,0.00,0.47,0.48,0.43,0.56,STOP_WARNING,0.00,,12.80,8.50,504,81.66,58.2,1,1,0.00,0.00,0.00,0.47,0.00,0.00,0,0,0.00,0,0.00
2026-03-28 17:45:49,428.78,0,0,0,0,0,0,0,0.00,1,0.00,2.99,0.17,0.00,0.00,D,0.00,0.47,0.48,0.43,0.56,STOP_WARNING,0.00,,12.80,8.50,504,82.66,56.5,1,1,0.00,0.00,0.00,0.47,0.00,0.00,0,0,0.00,0,0.00
2026-03-28 17:45:50,429.80,0,0,0,0,0,0,0,0.00,1,0.00,2.99,0.17,0.00,0.00,D,0.00,0.47,0.48,0.43,0.56,STOP_WARNING,0.00,,11.50,8.40,504,83.67,57.6,1,1,0.00,0.00,0.00,0.47,0.00,0.00,0,0,0.00,0,0.00
2026-03-28 17:45:51,430.89,0,0,0,0,0,0,0,0.00,1,0.00,2.99,0.17,0.00,0.00,D,0.00,0.47,0.48,0.43,0.56,STOP_WARNING,0.00,,12.60,8.40,504,84.77,57.6,1,1,0.00,0.00,0.00,0.47,0.00,0.00,0,0,0.00,0,0.00
2026-03-28 17:45:52,431.81,0,0,0,0,0,0,0,0.00,1,0.00,2.99,0.17,0.00,0.00,D,0.00,0.47,0.48,0.43,0.56,STOP_WARNING,0.00,,9.20,8.40,504,85.69,56.5,1,1,0.00,0.00,0.00,0.47,0.00,0.00,0,0,0.00,0,0.00
2026-03-28 17:45:53,432.82,0,0,0,0,0,0,0,0.00,1,0.00,2.99,0.17,0.00,0.00,D,0.00,0.47,0.48,0.43,0.56,STOP_WARNING,0.00,,8.90,8.40,504,86.70,57.1,1,1,0.00,0.00,0.00,0.47,0.00,0.00,0,0,0.00,0,0.00
2026-03-28 17:45:54,433.84,0,0,0,0,0,0,0,0.00,1,0.00,2.99,0.17,0.00,0.00,D,0.00,0.47,0.48,0.43,0.56,STOP_WARNING,0.00,,9.10,8.50,504,87.72,56.5,1,1,0.00,0.00,0.00,0.47,0.00,0.00,0,0,0.00,0,0.00
2026-03-28 17:45:55,434.85,0,0,0,0,0,0,0,0.00,1,0.00,2.99,0.17,0.00,0.00,D,0.00,0.47,0.48,0.43,0.56,STOP_WARNING,0.00,,10.90,8.50,504,88.73,57.1,1,1,0.00,0.00,0.00,0.47,0.00,0.00,0,0,0.00,0,0.00
2026-03-28 17:45:56,435.87,0,0,0,0,0,0,0,0.00,1,0.00,2.99,0.17,0.00,0.00,D,0.00,0.47,0.48,0.43,0.56,STOP_WARNING,0.00,,11.00,8.40,504,89.74,58.2,1,1,0.00,0.00,0.00,0.47,0.00,0.00,0,0,0.00,0,0.00
2026-03-28 17:45:57,436.88,0,0,0,0,0,0,0,0.00,1,0.00,2.99,0.17,0.00,0.00,D,0.00,0.47,0.48,0.43,0.56,STOP_WARNING,0.00,,10.70,8.50,504,90.75,57.6,1,1,0.00,0.00,0.00,0.47,0.00,0.00,0,0,0.00,0,0.00
2026-03-28 17:45:58,437.89,0,0,0,0,0,0,0,0.00,1,0.00,2.99,0.17,0.00,0.00,D,0.00,0.47,0.48,0.43,0.56,STOP_WARNING,0.00,,9.80,8.50,504,91.76,57.1,1,1,0.00,0.00,0.00,0.47,0.00,0.00,0,0,0.00,0,0.00
2026-03-28 17:45:59,438.90,0,0,0,0,0,0,0,0.00,1,0.00,2.99,0.17,0.00,0.00,D,0.00,0.47,0.48,0.43,0.56,STOP_WARNING,0.00,,9.70,8.50,504,92.77,57.6,1,1,0.00,0.00,0.00,0.47,0.00,0.00,0,0,0.00,0,0.00
2026-03-28 17:46:00,439.91,0,0,0,0,0,0,0,0.00,1,0.00,2.99,0.17,0.00,0.00,D,0.00,0.47,0.48,0.43,0.56,STOP_WARNING,0.00,,14.10,8.50,504,93.79,57.1,1,1,0.00,0.00,0.00,0.47,0.00,0.00,0,0,0.00,0,0.00
2026-03-28 17:46:01,440.92,0,0,0,0,0,0,0,0.00,1,0.00,2.99,0.17,0.00,0.00,D,0.00,0.47,0.48,0.43,0.56,STOP_WARNING,0.00,,6.30,8.50,504,94.79,57.6,1,1,0.00,0.00,0.00,0.47,0.00,0.00,0,0,0.00,0,0.00
2026-03-28 17:46:02,441.93,0,0,0,0,0,0,0,0.00,1,0.00,2.99,0.17,0.00,0.00,D,0.00,0.47,0.48,0.43,0.56,STOP_WARNING,0.00,,5.80,8.50,504,95.81,58.2,1,1,0.00,0.00,0.00,0.47,0.00,0.00,0,0,0.00,0,0.00
2026-03-28 17:46:03,442.95,0,0,0,0,0,0,0,0.00,1,0.00,2.99,0.17,0.00,0.00,D,0.00,0.47,0.48,0.43,0.56,STOP_WARNING,0.00,,4.60,8.40,504,96.82,57.6,1,1,0.00,0.00,0.00,0.47,0.00,0.00,0,0,0.00,0,0.00
2026-03-28 17:46:04,443.96,0,0,0,0,0,0,0,0.00,1,0.00,2.99,0.17,0.00,0.00,D,0.00,0.47,0.48,0.43,0.56,STOP_WARNING,0.00,,4.30,8.50,504,97.83,57.1,1,1,0.00,0.00,0.00,0.47,0.00,0.00,0,0,0.00,0,0.00
2026-03-28 17:46:05,444.96,0,0,0,0,0,0,0,0.00,1,0.00,2.99,0.17,0.00,0.00,D,0.00,0.47,0.48,0.42,0.56,STOP_WARNING,0.00,,5.00,8.50,504,98.84,58.2,1,1,0.00,0.00,0.00,0.47,0.00,0.00,0,0,0.00,0,0.00
2026-03-28 17:46:06,445.98,0,0,0,0,0,0,0,0.00,1,0.00,2.99,0.17,0.00,0.00,D,0.00,0.47,0.48,0.43,0.56,STOP_WARNING,0.00,,6.00,8.50,504,99.85,57.1,1,1,0.00,0.00,0.00,0.47,0.00,0.00,0,0,0.00,0,0.00
2026-03-28 17:46:07,446.99,0,0,0,0,0,0,0,0.00,1,0.00,2.99,0.17,0.00,0.00,D,0.00,0.47,0.48,0.43,0.56,STOP_WARNING,0.00,,6.20,8.50,504,100.86,57.6,1,1,0.00,0.00,0.00,0.47,0.00,0.00,0,0,0.00,0,0.00
2026-03-28 17:46:08,448.00,0,0,0,0,0,0,0,0.00,1,0.00,2.99,0.17,0.00,0.00,D,0.00,0.47,0.48,0.43,0.56,STOP_WARNING,0.00,,6.00,8.50,504,101.87,58.2,1,1,0.00,0.00,0.00,0.47,0.00,0.00,0,0,0.00,0,0.00
2026-03-28 17:46:09,449.01,0,0,0,0,0,0,0,0.00,1,0.00,2.99,0.17,0.00,0.00,D,0.00,0.47,0.48,0.43,0.56,STOP_WARNING,0.00,,5.30,8.50,504,102.89,58.2,1,1,0.00,0.00,0.00,0.47,0.00,0.00,0,0,0.00,0,0.00
2026-03-28 17:46:10,450.02,0,0,0,0,0,0,0,0.00,1,0.00,2.99,0.17,0.00,0.00,D,0.00,0.47,0.48,0.43,0.56,STOP_WARNING,0.00,,6.50,8.50,504,103.90,57.1,1,1,0.00,0.00,0.00,0.47,0.00,0.00,0,0,0.00,0,0.00
2026-03-28 17:46:11,451.03,0,0,0,0,0,0,0,0.00,1,0.00,2.99,0.17,0.00,0.00,D,0.00,0.47,0.48,0.43,0.56,STOP_WARNING,0.00,,4.30,8.50,504,104.91,58.2,1,1,0.00,0.00,0.00,0.47,0.00,0.00,0,0,0.00,0,0.00
2026-03-28 17:46:12,452.04,0,0,0,0,0,0,0,0.00,1,0.00,2.99,0.16,0.00,0.00,D,0.00,0.47,0.48,0.43,0.56,STOP_WARNING,0.00,,5.60,8.50,504,105.92,56.5,1,1,0.00,0.00,0.00,0.47,0.00,0.00,0,0,0.00,0,0.00
2026-03-28 17:46:13,453.06,0,0,0,0,0,0,0,0.00,1,0.00,2.99,0.16,0.00,0.00,D,0.00,0.47,0.48,0.43,0.56,STOP_WARNING,0.00,,5.90,8.50,504,106.93,56.5,1,1,0.00,0.00,0.00,0.47,0.00,0.00,0,0,0.00,0,0.00
2026-03-28 17:46:14,454.07,0,0,0,0,0,0,0,0.00,1,0.00,2.99,0.16,0.00,0.00,D,0.00,0.47,0.48,0.43,0.56,STOP_WARNING,0.00,,5.50,8.50,504,107.94,56.5,1,1,0.00,0.00,0.00,0.47,0.00,0.00,0,0,0.00,0,0.00
2026-03-28 17:46:15,455.08,0,0,0,0,0,0,0,0.00,1,0.00,2.99,0.16,0.00,0.00,D,0.00,0.47,0.48,0.43,0.56,STOP_WARNING,0.00,,6.10,8.50,504,108.96,56.5,1,1,0.00,0.00,0.00,0.47,0.00,0.00,0,0,0.00,0,0.00
2026-03-28 17:46:16,456.09,0,0,0,0,0,0,0,0.00,1,0.00,2.99,0.16,0.00,0.00,D,0.00,0.47,0.48,0.43,0.56,STOP_WARNING,0.00,,7.90,8.50,504,109.97,56.5,1,1,0.00,0.00,0.00,0.47,0.00,0.00,0,0,0.00,0,0.00
2026-03-28 17:46:17,457.10,0,0,0,0,0,0,0,0.00,1,0.00,2.99,0.16,0.00,0.00,D,0.00,0.47,0.48,0.43,0.56,STOP_WARNING,0.00,,7.10,8.50,504,110.97,56.5,1,1,0.00,0.00,0.00,0.47,0.00,0.00,0,0,0.00,0,0.00
2026-03-28 17:46:18,458.11,0,0,0,0,0,0,0,0.00,1,0.00,2.99,0.16,0.00,0.00,D,0.00,0.47,0.48,0.43,0.56,STOP_WARNING,0.00,,7.10,8.50,504,111.99,57.6,1,1,0.00,0.00,0.00,0.47,0.00,0.00,0,0,0.00,0,0.00
2026-03-28 17:46:19,459.12,0,0,0,0,0,0,0,0.00,1,0.00,2.99,0.16,0.00,0.00,D,0.00,0.47,0.48,0.43,0.56,STOP_WARNING,0.00,,7.70,8.50,504,113.00,58.2,1,1,0.00,0.00,0.00,0.47,0.00,0.00,0,0,0.00,0,0.00
2026-03-28 17:46:20,460.13,0,0,0,0,0,0,0,0.00,1,0.00,2.99,0.16,0.00,0.00,D,0.00,0.47,0.48,0.43,0.56,STOP_WARNING,0.00,,7.60,8.50,504,114.01,56.5,1,1,0.00,0.00,0.00,0.47,0.00,0.00,0,0,0.00,0,0.00
2026-03-28 17:46:21,461.14,0,0,0,0,0,0,0,0.00,1,0.00,2.99,0.16,0.00,0.00,D,0.00,0.47,0.48,0.43,0.56,STOP_WARNING,0.00,,7.90,8.50,504,115.02,56.5,1,1,0.00,0.00,0.00,0.47,0.00,0.00,0,0,0.00,0,0.00
2026-03-28 17:46:22,462.15,0,0,0,0,0,0,0,0.00,1,0.00,2.99,0.16,0.00,0.00,D,0.00,0.47,0.48,0.43,0.56,STOP_WARNING,0.00,,8.30,8.50,504,116.03,57.1,1,1,0.00,0.00,0.00,0.47,0.00,0.00,0,0,0.00,0,0.00
2026-03-28 17:46:23,463.17,0,0,0,0,0,0,0,0.00,1,0.00,2.99,0.16,0.00,0.00,D,0.00,0.47,0.48,0.43,0.56,STOP_WARNING,0.00,,8.80,8.50,504,117.04,57.6,1,1,0.00,0.00,0.00,0.47,0.00,0.00,0,0,0.00,0,0.00
2026-03-28 17:46:24,464.17,0,0,0,0,0,0,0,0.00,1,0.00,2.99,0.16,0.00,0.00,D,0.00,0.47,0.48,0.43,0.56,STOP_WARNING,0.00,,7.30,8.50,504,118.05,57.1,1,1,0.00,0.00,0.00,0.47,0.00,0.00,0,0,0.00,0,0.00
2026-03-28 17:46:25,465.18,0,0,0,0,0,0,0,0.00,1,0.00,2.99,0.16,0.00,0.00,D,0.00,0.47,0.48,0.43,0.56,STOP_WARNING,0.00,,9.50,8.50,504,119.06,57.6,1,1,0.00,0.00,0.00,0.47,0.00,0.00,0,0,0.00,0,0.00
2026-03-28 17:46:26,466.20,0,0,0,0,0,0,0,0.00,1,0.00,2.99,0.16,0.00,0.00,D,0.00,0.47,0.48,0.43,0.56,STOP_WARNING,0.00,,7.90,8.50,504,120.08,57.6,1,1,0.00,0.00,0.00,0.47,0.00,0.00,0,0,0.00,0,0.00
2026-03-28 17:46:27,467.21,0,0,0,0,0,0,0,0.00,1,0.00,2.99,0.16,0.00,0.00,D,0.00,0.47,0.48,0.43,0.56,STOP_WARNING,0.00,,8.90,8.50,504,121.09,57.6,1,1,0.00,0.00,0.00,0.47,0.00,0.00,0,0,0.00,0,0.00
2026-03-28 17:46:28,468.22,0,0,0,0,0,0,0,0.00,1,0.00,2.99,0.16,0.00,0.00,D,0.00,0.47,0.48,0.43,0.56,STOP_WARNING,0.00,,8.90,8.50,504,122.10,57.6,1,1,0.00,0.00,0.00,0.47,0.00,0.00,0,0,0.00,0,0.00
2026-03-28 17:46:29,469.24,0,0,0,0,0,0,0,0.00,1,0.00,2.99,0.16,0.00,0.00,D,0.00,0.47,0.48,0.43,0.56,STOP_WARNING,0.00,,9.00,8.50,504,123.11,57.6,1,1,0.00,0.00,0.00,0.47,0.00,0.00,0,0,0.00,0,0.00
2026-03-28 17:46:30,470.25,0,0,0,0,0,0,0,0.00,1,0.00,2.99,0.16,0.00,0.00,D,0.00,0.47,0.48,0.43,0.56,STOP_WARNING,0.00,,11.10,8.50,504,124.13,57.6,1,1,0.00,0.00,0.00,0.47,0.00,0.00,0,0,0.00,0,0.00
2026-03-28 17:46:31,471.26,0,0,0,0,0,0,0,0.00,1,0.00,2.99,0.16,0.00,0.00,D,0.00,0.47,0.48,0.43,0.56,STOP_WARNING,0.00,,9.30,8.50,504,125.14,57.6,1,1,0.00,0.00,0.00,0.47,0.00,0.00,0,0,0.00,0,0.00
2026-03-28 17:46:32,472.28,0,0,0,0,0,0,0,0.00,1,0.00,2.99,0.16,0.00,0.00,D,0.00,0.47,0.48,0.43,0.56,STOP_WARNING,0.00,,9.20,8.50,504,126.15,57.6,1,1,0.00,0.00,0.00,0.47,0.00,0.00,0,0,0.00,0,0.00
2026-03-28 17:46:33,473.29,0,0,0,0,0,0,0,0.00,1,0.00,2.99,0.16,0.00,0.00,D,0.00,0.47,0.48,0.43,0.56,STOP_WARNING,0.00,,11.40,8.50,504,127.16,56.0,1,1,0.00,0.00,0.00,0.47,0.00,0.00,0,0,0.00,0,0.00
2026-03-28 17:46:34,474.30,0,0,0,0,0,0,0,0.00,1,0.00,2.99,0.16,0.00,0.00,D,0.00,0.47,0.48,0.43,0.56,STOP_WARNING,0.00,,10.90,8.50,504,128.17,57.1,1,1,0.00,0.00,0.00,0.47,0.00,0.00,0,0,0.00,0,0.00
2026-03-28 17:46:35,475.31,0,0,0,0,0,0,0,0.00,1,0.00,2.99,0.16,0.00,0.00,D,0.00,0.47,0.48,0.43,0.56,STOP_WARNING,0.00,,13.20,8.50,504,129.19,57.6,1,1,0.00,0.00,0.00,0.47,0.00,0.00,0,0,0.00,0,0.00
2026-03-28 17:46:36,476.32,0,0,0,0,0,0,0,0.00,1,0.00,2.99,0.16,0.00,0.00,D,0.00,0.47,0.48,0.43,0.56,STOP_WARNING,0.00,,11.30,8.50,504,130.20,57.6,1,1,0.00,0.00,0.00,0.47,0.00,0.00,0,0,0.00,0,0.00
2026-03-28 17:46:37,477.33,0,0,0,0,0,0,0,0.00,1,0.00,2.99,0.16,0.00,0.00,D,0.00,0.47,0.48,0.43,0.56,STOP_WARNING,0.00,,11.60,8.50,504,131.21,56.5,1,1,0.00,0.00,0.00,0.47,0.00,0.00,0,0,0.00,0,0.00
2026-03-28 17:46:38,478.35,0,0,0,0,0,0,0,0.00,1,0.00,2.99,0.16,0.00,0.00,D,0.00,0.47,0.48,0.43,0.56,STOP_WARNING,0.00,,13.00,8.50,504,132.22,56.5,1,1,0.00,0.00,0.00,0.47,0.00,0.00,0,0,0.00,0,0.00
2026-03-28 17:46:39,479.36,0,0,0,0,0,0,0,0.00,1,0.00,2.99,0.16,0.00,0.00,D,0.00,0.47,0.48,0.43,0.56,STOP_WARNING,0.00,,12.40,8.50,504,133.23,58.2,1,1,0.00,0.00,0.00,0.47,0.00,0.00,0,0,0.00,0,0.00
2026-03-28 17:46:40,480.37,0,0,0,0,0,0,0,0.00,1,0.00,2.99,0.15,0.00,0.00,D,0.00,0.47,0.48,0.43,0.56,STOP_WARNING,0.00,,13.20,8.50,504,134.24,57.6,1,1,0.00,0.00,0.00,0.47,0.00,0.00,0,0,0.00,0,0.00
2026-03-28 17:46:41,481.38,0,0,0,0,0,0,0,0.00,1,0.00,2.99,0.15,0.00,0.00,D,0.00,0.47,0.48,0.43,0.56,STOP_WARNING,0.00,,14.80,8.40,504,135.25,57.6,1,1,0.00,0.00,0.00,0.47,0.00,0.00,0,0,0.00,0,0.00
2026-03-28 17:46:42,482.39,0,0,0,0,0,0,0,0.00,1,0.00,2.99,0.15,0.00,0.00,D,0.00,0.47,0.48,0.43,0.56,STOP_WARNING,0.00,,13.70,8.40,504,136.27,58.2,1,1,0.00,0.00,0.00,0.47,0.00,0.00,0,0,0.00,0,0.00
2026-03-28 17:46:43,483.41,0,0,0,0,0,0,0,0.00,1,0.00,2.99,0.15,0.00,0.00,D,0.00,0.47,0.48,0.43,0.56,STOP_WARNING,0.00,,13.50,8.50,504,137.28,57.1,1,1,0.00,0.00,0.00,0.47,0.00,0.00,0,0,0.00,0,0.00
2026-03-28 17:46:44,484.41,0,0,0,0,0,0,0,0.00,1,0.00,2.99,0.15,0.00,0.00,D,0.00,0.47,0.48,0.43,0.56,STOP_WARNING,0.00,,12.20,8.50,504,138.28,57.1,1,1,0.00,0.00,0.00,0.47,0.00,0.00,0,0,0.00,0,0.00
2026-03-28 17:46:45,485.42,0,0,0,0,0,0,0,0.00,1,0.00,2.99,0.15,0.00,0.00,D,0.00,0.47,0.48,0.42,0.56,STOP_WARNING,0.00,,13.40,8.50,504,139.30,58.7,1,1,0.00,0.00,0.00,0.47,0.00,0.00,0,0,0.00,0,0.00
2026-03-28 17:46:46,486.44,0,0,0,0,0,0,0,0.00,1,0.00,2.99,0.15,0.00,0.00,D,0.00,0.47,0.48,0.43,0.56,STOP_WARNING,0.00,,14.30,8.50,504,140.31,57.1,1,1,0.00,0.00,0.00,0.47,0.00,0.00,0,0,0.00,0,0.00
2026-03-28 17:46:47,487.45,0,0,0,0,0,0,0,0.00,1,0.00,2.99,0.15,0.00,0.00,D,0.00,0.47,0.48,0.43,0.56,STOP_WARNING,0.00,,13.70,8.50,504,141.33,57.6,1,1,0.00,0.00,0.00,0.47,0.00,0.00,0,0,0.00,0,0.00
2026-03-28 17:46:48,488.46,0,0,0,0,0,0,0,0.00,1,0.00,2.99,0.15,0.00,0.00,D,0.00,0.47,0.48,0.43,0.56,STOP_WARNING,0.00,,13.40,8.50,504,142.34,57.6,1,1,0.00,0.00,0.00,0.47,0.00,0.00,0,0,0.00,0,0.00
2026-03-28 17:46:49,489.48,0,0,0,0,0,0,0,0.00,1,0.00,2.99,0.15,0.00,0.00,D,0.00,0.47,0.48,0.43,0.56,STOP_WARNING,0.00,,13.30,8.50,504,143.35,56.5,1,1,0.00,0.00,0.00,0.47,0.00,0.00,0,0,0.00,0,0.00
2026-03-28 17:46:50,490.49,0,0,0,0,0,0,0,0.00,1,0.00,2.99,0.15,0.00,0.00,D,0.00,0.47,0.48,0.43,0.56,STOP_WARNING,0.00,,13.10,8.40,504,144.36,58.2,1,1,0.00,0.00,0.00,0.47,0.00,0.00,0,0,0.00,0,0.00
2026-03-28 17:46:51,491.50,0,0,0,0,0,0,0,0.00,1,0.00,2.99,0.15,0.00,0.00,D,0.00,0.47,0.48,0.43,0.56,STOP_WARNING,0.00,,14.10,8.50,504,145.38,58.2,1,1,0.00,0.00,0.00,0.47,0.00,0.00,0,0,0.00,0,0.00
2026-03-28 17:46:52,492.51,0,0,0,0,0,0,0,0.00,1,0.00,2.99,0.15,0.00,0.00,D,0.00,0.47,0.48,0.43,0.56,STOP_WARNING,0.00,,11.40,8.50,504,146.39,57.6,1,1,0.00,0.00,0.00,0.47,0.00,0.00,0,0,0.00,0,0.00
2026-03-28 17:46:54,493.53,0,0,0,0,0,0,0,0.00,1,0.00,2.99,0.15,0.00,0.00,D,0.00,0.47,0.48,0.43,0.56,STOP_WARNING,0.00,,13.20,8.50,504,147.40,57.6,1,1,0.00,0.00,0.00,0.47,0.00,0.00,0,0,0.00,0,0.00
2026-03-28 17:46:55,494.54,0,0,0,0,0,0,0,0.00,1,0.00,2.99,0.15,0.00,0.00,D,0.00,0.47,0.48,0.43,0.56,STOP_WARNING,0.00,,13.40,8.50,504,148.41,58.2,1,1,0.00,0.00,0.00,0.47,0.00,0.00,0,0,0.00,0,0.00
2026-03-28 17:46:56,495.55,0,0,0,0,0,0,0,0.00,1,0.00,2.99,0.15,0.00,0.00,D,0.00,0.47,0.48,0.43,0.56,STOP_WARNING,0.00,,13.20,8.50,504,149.43,57.6,1,1,0.00,0.00,0.00,0.47,0.00,0.00,0,0,0.00,0,0.00
2026-03-28 17:46:57,496.57,0,0,0,0,0,0,0,0.00,1,0.00,2.99,0.15,0.00,0.00,D,0.00,0.47,0.48,0.43,0.56,STOP_WARNING,0.00,,13.40,8.50,504,150.44,56.5,1,1,0.00,0.00,0.00,0.47,0.00,0.00,0,0,0.00,0,0.00
2026-03-28 17:46:58,497.58,0,0,0,0,0,0,0,0.00,1,0.00,2.99,0.15,0.00,0.00,D,0.00,0.47,0.48,0.43,0.56,STOP_WARNING,0.00,,14.10,8.50,504,151.45,57.1,1,1,0.00,0.00,0.00,0.47,0.00,0.00,0,0,0.00,0,0.00
2026-03-28 17:46:59,498.59,0,0,0,0,0,0,0,0.00,1,0.00,2.99,0.15,0.00,0.00,D,0.00,0.47,0.48,0.43,0.56,STOP_WARNING,0.00,,11.70,8.50,504,152.46,58.2,1,1,0.00,0.00,0.00,0.47,0.00,0.00,0,0,0.00,0,0.00
2026-03-28 17:47:00,499.59,0,0,0,0,0,0,0,0.00,1,0.00,2.99,0.15,0.00,0.00,D,0.00,0.47,0.48,0.43,0.56,STOP_WARNING,0.00,,12.90,8.50,504,153.46,57.6,1,1,0.00,0.00,0.00,0.47,0.00,0.00,0,0,0.00,0,0.00
2026-03-28 17:47:01,500.59,0,0,0,0,0,0,0,0.00,1,0.00,2.99,0.15,0.00,0.00,D,0.00,0.47,0.48,0.43,0.56,STOP_WARNING,0.00,,14.30,8.50,504,154.47,56.5,1,1,0.00,0.00,0.00,0.47,0.00,0.00,0,0,0.00,0,0.00
2026-03-28 17:47:02,501.60,0,0,0,0,0,0,0,0.00,1,0.00,2.99,0.15,0.00,0.00,D,0.00,0.47,0.48,0.43,0.56,STOP_WARNING,0.00,,12.80,8.50,504,155.48,58.7,1,1,0.00,0.00,0.00,0.47,0.00,0.00,0,0,0.00,0,0.00
2026-03-28 17:47:03,502.62,0,0,0,0,0,0,0,0.00,1,0.00,2.99,0.15,0.00,0.00,D,0.00,0.47,0.48,0.43,0.56,STOP_WARNING,0.00,,12.80,8.50,504,156.49,58.7,1,1,0.00,0.00,0.00,0.47,0.00,0.00,0,0,0.00,0,0.00
2026-03-28 17:47:04,503.63,0,0,0,0,0,0,0,0.00,1,0.00,2.99,0.15,0.00,0.00,D,0.00,0.47,0.48,0.43,0.56,STOP_WARNING,0.00,,11.90,8.50,504,157.51,57.6,1,1,0.00,0.00,0.00,0.47,0.00,0.00,0,0,0.00,0,0.00
2026-03-28 17:47:05,504.64,0,0,0,0,0,0,0,0.00,1,0.00,2.99,0.15,0.00,0.00,D,0.00,0.47,0.48,0.43,0.56,STOP_WARNING,0.00,,10.90,8.50,504,158.52,58.2,1,1,0.00,0.00,0.00,0.47,0.00,0.00,0,0,0.00,0,0.00
2026-03-28 17:47:06,505.65,0,0,0,0,0,0,0,0.00,1,0.00,2.99,0.15,0.00,0.00,D,0.00,0.47,0.48,0.43,0.56,STOP_WARNING,0.00,,11.90,8.50,504,159.53,57.6,1,1,0.00,0.00,0.00,0.47,0.00,0.00,0,0,0.00,0,0.00
2026-03-28 17:47:07,506.67,0,0,0,0,0,0,0,0.00,1,0.00,2.99,0.15,0.00,0.00,D,0.00,0.47,0.48,0.43,0.46,STOP_WARNING,0.00,,12.90,8.50,504,160.54,58.2,1,1,0.00,0.00,0.00,0.47,0.00,0.00,0,0,0.00,0,0.00
2026-03-28 17:47:08,507.68,0,0,0,0,0,0,0,0.00,1,0.00,2.99,0.15,0.00,0.00,D,0.00,0.47,0.48,0.43,0.56,STOP_WARNING,0.00,,12.60,8.50,504,161.55,58.2,1,1,0.00,0.00,0.00,0.47,0.00,0.00,0,0,0.00,0,0.00
2026-03-28 17:47:09,508.69,0,0,0,0,0,0,0,0.00,1,0.00,2.99,0.15,0.00,0.00,D,0.00,0.47,0.48,0.43,0.56,STOP_WARNING,0.00,,12.20,8.50,504,162.56,57.6,1,1,0.00,0.00,0.00,0.47,0.00,0.00,0,0,0.00,0,0.00
2026-03-28 17:47:10,509.70,0,0,0,0,0,0,0,0.00,1,0.00,2.99,0.15,0.00,0.00,D,0.00,0.47,0.48,0.43,0.56,STOP_WARNING,0.00,,10.00,8.50,504,163.58,57.1,1,1,0.00,0.00,0.00,0.47,0.00,0.00,0,0,0.00,0,0.00
2026-03-28 17:47:11,510.71,0,0,0,0,0,0,0,0.00,1,0.00,2.99,0.15,0.00,0.00,D,0.00,0.47,0.48,0.43,0.56,STOP_WARNING,0.00,,8.50,8.50,504,164.59,56.5,1,1,0.00,0.00,0.00,0.47,0.00,0.00,0,0,0.00,0,0.00
2026-03-28 17:47:12,511.72,0,0,0,0,0,0,0,0.00,1,0.00,2.99,0.15,0.00,0.00,D,0.00,0.47,0.48,0.43,0.56,STOP_WARNING,0.00,,10.10,8.50,504,165.60,57.6,1,1,0.00,0.00,0.00,0.47,0.00,0.00,0,0,0.00,0,0.00
2026-03-28 17:47:13,512.73,0,0,0,0,0,0,0,0.00,1,0.00,2.99,0.15,0.00,0.00,D,0.00,0.47,0.48,0.43,0.56,STOP_WARNING,0.00,,9.70,8.50,504,166.61,57.6,1,1,0.00,0.00,0.00,0.47,0.00,0.00,0,0,0.00,0,0.00
2026-03-28 17:47:14,513.73,0,0,0,0,0,0,0,0.00,1,0.00,2.99,0.14,0.00,0.00,D,0.00,0.47,0.48,0.43,0.56,STOP_WARNING,0.00,,9.90,8.50,504,167.61,58.7,1,1,0.00,0.00,0.00,0.47,0.00,0.00,0,0,0.00,0,0.00
2026-03-28 17:47:15,514.73,0,0,0,0,0,0,0,0.00,1,0.00,2.99,0.14,0.00,0.00,D,0.00,0.47,0.48,0.43,0.56,STOP_WARNING,0.00,,9.30,8.50,504,168.61,56.5,1,1,0.00,0.00,0.00,0.47,0.00,0.00,0,0,0.00,0,0.00
2026-03-28 17:47:16,515.74,0,0,0,0,0,0,0,0.00,1,0.00,2.99,0.14,0.00,0.00,D,0.00,0.47,0.48,0.43,0.56,STOP_WARNING,0.00,,10.40,8.60,504,169.62,58.2,1,1,0.00,0.00,0.00,0.47,0.00,0.00,0,0,0.00,0,0.00
2026-03-28 17:47:17,516.76,0,0,0,0,0,0,0,0.00,1,0.00,2.99,0.14,0.00,0.00,D,0.00,0.47,0.48,0.43,0.56,STOP_WARNING,0.00,,8.90,8.60,504,170.63,56.5,1,1,0.00,0.00,0.00,0.47,0.00,0.00,0,0,0.00,0,0.00
2026-03-28 17:47:18,517.77,0,0,0,0,0,0,0,0.00,1,0.00,2.99,0.14,0.00,0.00,D,0.00,0.47,0.48,0.43,0.56,STOP_WARNING,0.00,,10.10,8.60,504,171.64,57.6,1,1,0.00,0.00,0.00,0.47,0.00,0.00,0,0,0.00,0,0.00
2026-03-28 17:47:19,518.78,0,0,0,0,0,0,0,0.00,1,0.00,2.99,0.14,0.00,0.00,D,0.00,0.47,0.48,0.43,0.56,STOP_WARNING,0.00,,9.80,8.60,504,172.65,57.6,1,1,0.00,0.00,0.00,0.47,0.00,0.00,0,0,0.00,0,0.00
2026-03-28 17:47:20,519.79,0,0,0,0,0,0,0,0.00,1,0.00,2.99,0.14,0.00,0.00,D,0.00,0.47,0.48,0.43,0.44,STOP_WARNING,0.00,,9.10,8.50,504,173.67,56.5,1,1,0.00,0.00,0.00,0.47,0.00,0.00,0,0,0.00,0,0.00
2026-03-28 17:47:21,520.81,0,0,0,0,0,0,0,0.00,1,0.00,2.99,0.14,0.00,0.00,D,0.00,0.47,0.48,0.43,0.56,STOP_WARNING,0.00,,10.40,8.50,504,174.68,57.1,1,1,0.00,0.00,0.00,0.47,0.00,0.00,0,0,0.00,0,0.00
2026-03-28 17:47:22,521.82,0,0,0,0,0,0,0,0.00,1,0.00,2.99,0.14,0.00,0.00,D,0.00,0.47,0.48,0.43,0.56,STOP_WARNING,0.00,,12.00,8.50,504,175.70,56.5,1,1,0.00,0.00,0.00,0.47,0.00,0.00,0,0,0.00,0,0.00
2026-03-28 17:47:23,522.84,0,0,0,0,0,0,0,0.00,1,0.00,2.99,0.14,0.00,0.00,D,0.00,0.47,0.48,0.43,0.56,STOP_WARNING,0.00,,9.70,8.50,504,176.71,56.0,1,1,0.00,0.00,0.00,0.47,0.00,0.00,0,0,0.00,0,0.00
2026-03-28 17:47:24,523.85,0,0,0,0,0,0,0,0.00,1,0.00,2.99,0.14,0.00,0.00,D,0.00,0.47,0.48,0.43,0.56,STOP_WARNING,0.00,,11.90,8.50,504,177.72,57.6,1,1,0.00,0.00,0.00,0.47,0.00,0.00,0,0,0.00,0,0.00
2026-03-28 17:47:25,524.86,0,0,0,0,0,0,0,0.00,1,0.00,2.99,0.14,0.00,0.00,D,0.00,0.47,0.48,0.43,0.56,STOP_WARNING,0.00,,7.00,8.50,504,178.74,58.2,1,1,0.00,0.00,0.00,0.47,0.00,0.00,0,0,0.00,0,0.00
2026-03-28 17:47:26,525.87,0,0,0,0,0,0,0,0.00,1,0.00,2.99,0.14,0.00,0.00,D,0.00,0.47,0.48,0.43,0.56,STOP_WARNING,0.00,,3.50,8.50,504,179.75,56.5,1,1,0.00,0.00,0.00,0.47,0.00,0.00,0,0,0.00,0,0.00
2026-03-28 17:47:27,526.88,0,0,0,0,0,0,0,0.00,1,0.00,2.99,0.14,0.00,0.00,D,0.00,0.47,0.48,0.43,0.56,STOP_WARNING,0.00,,5.80,8.50,504,180.76,57.6,1,1,0.00,0.00,0.00,0.47,0.00,0.00,0,0,0.00,0,0.00
2026-03-28 17:47:28,527.89,0,0,0,0,0,0,0,0.00,1,0.00,2.99,0.14,0.00,0.00,D,0.00,0.47,0.48,0.43,0.56,STOP_WARNING,0.00,,5.80,8.50,504,181.76,57.6,1,1,0.00,0.00,0.00,0.47,0.00,0.00,0,0,0.00,0,0.00
2026-03-28 17:47:29,528.90,0,0,0,0,0,0,0,0.00,1,0.00,2.99,0.14,0.00,0.00,D,0.00,0.47,0.48,0.43,0.56,STOP_WARNING,0.00,,6.30,8.50,504,182.78,57.6,1,1,0.00,0.00,0.00,0.47,0.00,0.00,0,0,0.00,0,0.00
2026-03-28 17:47:30,529.92,0,0,0,0,0,0,0,0.00,1,0.00,2.99,0.14,0.00,0.00,D,0.00,0.47,0.48,0.43,0.56,STOP_WARNING,0.00,,6.80,8.40,504,183.79,56.5,1,1,0.00,0.00,0.00,0.47,0.00,0.00,0,0,0.00,0,0.00
2026-03-28 17:47:31,530.93,0,0,0,0,0,0,0,0.00,1,0.00,2.99,0.14,0.00,0.00,D,0.00,0.47,0.48,0.43,0.56,STOP_WARNING,0.00,,6.30,8.50,504,184.80,56.5,1,1,0.00,0.00,0.00,0.47,0.00,0.00,0,0,0.00,0,0.00
2026-03-28 17:47:32,532.00,0,0,0,0,0,0,0,0.00,1,0.00,2.99,0.14,0.00,0.00,D,0.00,0.47,0.48,0.43,0.56,STOP_WARNING,0.00,,5.20,8.50,504,185.88,57.6,1,1,0.00,0.00,0.00,0.47,0.00,0.00,0,0,0.00,0,0.00
2026-03-28 17:47:33,532.95,0,0,0,0,0,0,0,0.00,1,0.00,2.99,0.14,0.00,0.00,D,0.00,0.47,0.48,0.43,0.56,STOP_WARNING,0.00,,6.30,8.50,504,186.83,58.2,1,1,0.00,0.00,0.00,0.47,0.00,0.00,0,0,0.00,0,0.00
2026-03-28 17:47:34,533.96,0,0,0,0,0,0,0,0.00,1,0.00,2.99,0.14,0.00,0.00,D,0.00,0.47,0.48,0.43,0.56,STOP_WARNING,0.00,,5.80,8.50,504,187.84,58.2,1,1,0.00,0.00,0.00,0.47,0.00,0.00,0,0,0.00,0,0.00
2026-03-28 17:47:35,534.97,0,0,0,0,0,0,0,0.00,1,0.00,2.99,0.14,0.00,0.00,D,0.00,0.47,0.48,0.43,0.56,STOP_WARNING,0.00,,6.30,8.50,504,188.85,58.7,1,1,0.00,0.00,0.00,0.47,0.00,0.00,0,0,0.00,0,0.00
2026-03-28 17:47:36,535.99,0,0,0,0,0,0,0,0.00,1,0.00,2.99,0.14,0.00,0.00,D,0.00,0.47,0.48,0.43,0.56,STOP_WARNING,0.00,,6.80,8.50,504,189.86,56.5,1,1,0.00,0.00,0.00,0.47,0.00,0.00,0,0,0.00,0,0.00
2026-03-28 17:47:37,537.00,0,0,0,0,0,0,0,0.00,1,0.00,2.99,0.14,0.00,0.00,D,0.00,0.47,0.48,0.43,0.56,STOP_WARNING,0.00,,6.80,8.50,504,190.88,57.6,1,1,0.00,0.00,0.00,0.47,0.00,0.00,0,0,0.00,0,0.00
2026-03-28 17:47:38,538.01,0,0,0,0,0,0,0,0.00,1,0.00,2.99,0.14,0.00,0.00,D,0.00,0.47,0.48,0.42,0.56,STOP_WARNING,0.00,,7.70,8.50,504,191.89,57.1,1,1,0.00,0.00,0.00,0.47,0.00,0.00,0,0,0.00,0,0.00
2026-03-28 17:47:39,539.03,0,0,0,0,0,0,0,0.00,1,0.00,2.99,0.14,0.00,0.00,D,0.00,0.47,0.48,0.43,0.56,STOP_WARNING,0.00,,7.60,8.50,504,192.90,58.2,1,1,0.00,0.00,0.00,0.47,0.00,0.00,0,0,0.00,0,0.00
2026-03-28 17:47:40,540.04,0,0,0,0,0,0,0,0.00,1,0.00,2.99,0.14,0.00,0.00,D,0.00,0.47,0.48,0.43,0.28,STOP_WARNING,0.00,,8.10,8.50,504,193.91,57.6,1,1,0.00,0.00,0.00,0.47,0.00,0.00,0,0,0.00,0,0.00
2026-03-28 17:47:41,541.04,0,0,0,0,0,0,0,0.00,1,0.00,2.99,0.14,0.00,0.00,D,0.00,0.47,0.26,0.43,0.19,STOP_WARNING,0.00,,7.90,8.50,504,194.91,57.1,1,1,0.00,0.00,0.00,0.47,0.00,0.00,0,0,0.00,0,0.00
2026-03-28 17:47:42,542.05,0,0,0,0,0,0,0,0.00,1,0.00,2.99,0.14,0.00,0.00,D,0.00,0.47,0.48,0.43,0.21,STOP_WARNING,0.00,,8.20,8.50,504,195.93,58.7,1,1,0.00,0.00,0.00,0.47,0.00,0.00,0,0,0.00,0,0.00
2026-03-28 17:47:43,543.06,0,0,0,0,0,0,0,0.00,1,0.00,2.99,0.14,0.00,0.00,D,0.00,0.47,0.48,0.42,0.13,STOP_WARNING,0.00,,6.10,8.50,504,196.94,57.6,1,1,0.00,0.00,0.00,0.47,0.00,0.00,0,0,0.00,0,0.00
2026-03-28 17:47:44,544.08,0,0,0,0,0,0,0,0.00,1,0.00,2.99,0.14,0.00,0.00,D,0.00,0.47,0.48,0.43,0.06,STOP_WARNING,0.00,,5.30,8.50,504,197.95,56.5,1,1,0.00,0.00,0.00,0.47,0.00,0.00,0,0,0.00,0,0.00
2026-03-28 17:47:45,545.09,0,0,0,0,0,0,0,0.00,1,0.00,2.99,0.14,0.00,0.00,D,0.00,0.47,0.48,0.43,0.18,STOP_WARNING,0.00,,4.90,8.50,504,198.96,56.5,1,1,0.00,0.00,0.00,0.47,0.00,0.00,0,0,0.00,0,0.00
2026-03-28 17:47:46,546.10,0,0,0,0,0,0,0,0.00,1,0.00,2.99,0.14,0.00,0.00,D,0.00,0.47,0.48,0.43,0.42,STOP_WARNING,0.00,,4.40,8.40,504,199.97,55.4,1,1,0.00,0.00,0.00,0.47,0.00,0.00,0,0,0.00,0,0.00
2026-03-28 17:47:47,547.11,0,0,0,0,0,0,0,0.00,1,0.00,2.99,0.14,0.00,0.00,D,0.00,0.47,0.48,0.43,0.56,STOP_WARNING,0.00,,8.20,8.50,504,200.99,58.7,1,1,0.00,0.00,0.00,0.47,0.00,0.00,0,0,0.00,0,0.00
2026-03-28 17:47:48,548.11,0,0,0,0,0,0,0,0.00,1,0.00,2.99,0.14,0.00,0.00,D,0.00,0.47,0.48,0.43,0.56,STOP_WARNING,0.00,,7.80,8.50,504,201.99,56.5,1,1,0.00,0.00,0.00,0.47,0.00,0.00,0,0,0.00,0,0.00
2026-03-28 17:47:49,549.12,0,0,0,0,0,0,0,0.00,1,0.00,2.99,0.14,0.00,0.00,D,0.00,0.47,0.48,0.43,0.56,STOP_WARNING,0.00,,7.50,8.40,504,203.00,57.1,1,1,0.00,0.00,0.00,0.47,0.00,0.00,0,0,0.00,0,0.00
2026-03-28 17:47:50,550.13,0,0,0,0,0,0,0,0.00,1,0.00,2.99,0.14,0.00,0.00,D,0.00,0.47,0.48,0.43,0.56,STOP_WARNING,0.00,,8.20,8.50,504,204.01,56.5,1,1,0.00,0.00,0.00,0.47,0.00,0.00,0,0,0.00,0,0.00
2026-03-28 17:47:51,551.15,0,0,0,0,0,0,0,0.00,1,0.00,2.99,0.14,0.00,0.00,D,0.00,0.47,0.48,0.43,0.56,STOP_WARNING,0.00,,9.00,8.50,504,205.02,57.1,1,1,0.00,0.00,0.00,0.47,0.00,0.00,0,0,0.00,0,0.00
2026-03-28 17:47:52,552.16,0,0,0,0,0,0,0,0.00,1,0.00,2.99,0.13,0.00,0.00,D,0.00,0.47,0.48,0.43,0.56,STOP_WARNING,0.00,,9.00,8.40,504,206.04,58.2,1,1,0.00,0.00,0.00,0.47,0.00,0.00,0,0,0.00,0,0.00
2026-03-28 17:47:53,553.17,0,0,0,0,0,0,0,0.00,1,0.00,2.99,0.13,0.00,0.00,D,0.00,0.47,0.48,0.43,0.56,STOP_WARNING,0.00,,7.90,8.50,504,207.05,56.5,1,1,0.00,0.00,0.00,0.47,0.00,0.00,0,0,0.00,0,0.00
2026-03-28 17:47:54,554.19,0,0,0,0,0,0,0,0.00,1,0.00,2.99,0.13,0.00,0.00,D,0.00,0.47,0.48,0.42,0.56,STOP_WARNING,0.00,,9.30,8.50,504,208.06,56.0,1,1,0.00,0.00,0.00,0.47,0.00,0.00,0,0,0.00,0,0.00
2026-03-28 17:47:55,555.20,0,0,0,0,0,0,0,0.00,1,0.00,2.99,0.13,0.00,0.00,D,0.00,0.47,0.48,0.43,0.56,STOP_WARNING,0.00,,8.70,8.50,504,209.07,58.2,1,1,0.00,0.00,0.00,0.47,0.00,0.00,0,0,0.00,0,0.00
2026-03-28 17:47:56,556.21,0,0,0,0,0,0,0,0.00,1,0.00,2.99,0.13,0.00,0.00,D,0.00,0.47,0.48,0.43,0.56,STOP_WARNING,0.00,,9.00,8.50,504,210.09,57.6,1,1,0.00,0.00,0.00,0.47,0.00,0.00,0,0,0.00,0,0.00
2026-03-28 17:47:57,557.22,0,0,0,0,0,0,0,0.00,1,0.00,2.99,0.13,0.00,0.00,D,0.00,0.47,0.48,0.43,0.56,STOP_WARNING,0.00,,10.60,8.50,504,211.10,57.6,1,1,0.00,0.00,0.00,0.47,0.00,0.00,0,0,0.00,0,0.00
2026-03-28 17:47:58,558.24,0,0,0,0,0,0,0,0.00,1,0.00,2.99,0.13,0.00,0.00,D,0.00,0.47,0.48,0.43,0.56,STOP_WARNING,0.00,,12.20,8.40,504,212.11,57.6,1,1,0.00,0.00,0.00,0.47,0.00,0.00,0,0,0.00,0,0.00
2026-03-28 17:47:59,559.25,0,0,0,0,0,0,0,0.00,1,0.00,2.99,0.13,0.00,0.00,D,0.00,0.47,0.48,0.43,0.56,STOP_WARNING,0.00,,13.30,8.50,504,213.12,58.2,1,1,0.00,0.00,0.00,0.47,0.00,0.00,0,0,0.00,0,0.00
2026-03-28 17:48:00,560.26,0,0,0,0,0,0,0,0.00,1,0.00,2.99,0.13,0.00,0.00,D,0.00,0.47,0.48,0.43,0.56,STOP_WARNING,0.00,,12.90,8.50,504,214.13,56.5,1,1,0.00,0.00,0.00,0.47,0.00,0.00,0,0,0.00,0,0.00
2026-03-28 17:48:01,561.27,0,0,0,0,0,0,0,0.00,1,0.00,2.99,0.13,0.00,0.00,D,0.00,0.47,0.48,0.43,0.56,STOP_WARNING,0.00,,12.90,8.50,504,215.14,57.6,1,1,0.00,0.00,0.00,0.47,0.00,0.00,0,0,0.00,0,0.00
2026-03-28 17:48:02,562.28,0,0,0,0,0,0,0,0.00,1,0.00,2.99,0.13,0.00,0.00,D,0.00,0.47,0.48,0.43,0.56,STOP_WARNING,0.00,,12.30,8.50,504,216.15,57.1,1,1,0.00,0.00,0.00,0.47,0.00,0.00,0,0,0.00,0,0.00
2026-03-28 17:48:03,563.29,0,0,0,0,0,0,0,0.00,1,0.00,2.99,0.13,0.00,0.00,D,0.00,0.47,0.48,0.43,0.56,STOP_WARNING,0.00,,10.70,8.50,504,217.16,58.2,1,1,0.00,0.00,0.00,0.47,0.00,0.00,0,0,0.00,0,0.00
2026-03-28 17:48:04,564.30,0,0,0,0,0,0,0,0.00,1,0.00,2.99,0.13,0.00,0.00,D,0.00,0.47,0.48,0.43,0.56,STOP_WARNING,0.00,,11.20,8.50,504,218.17,56.5,1,1,0.00,0.00,0.00,0.47,0.00,0.00,0,0,0.00,0,0.00
2026-03-28 17:48:05,565.31,0,0,0,0,0,0,0,0.00,1,0.00,2.99,0.13,0.00,0.00,D,0.00,0.47,0.48,0.42,0.56,STOP_WARNING,0.00,,14.90,8.50,504,219.18,57.6,1,1,0.00,0.00,0.00,0.47,0.00,0.00,0,0,0.00,0,0.00
2026-03-28 17:48:06,566.32,0,0,0,0,0,0,0,0.00,1,0.00,2.99,0.13,0.00,0.00,D,0.00,0.47,0.48,0.43,0.56,STOP_WARNING,0.00,,13.90,8.50,504,220.20,56.5,1,1,0.00,0.00,0.00,0.47,0.00,0.00,0,0,0.00,0,0.00
2026-03-28 17:48:07,567.33,0,0,0,0,0,0,0,0.00,1,0.00,2.99,0.13,0.00,0.00,D,0.00,0.47,0.48,0.43,0.56,STOP_WARNING,0.00,,13.00,8.50,504,221.21,57.6,1,1,0.00,0.00,0.00,0.47,0.00,0.00,0,0,0.00,0,0.00
2026-03-28 17:48:08,568.35,0,0,0,0,0,0,0,0.00,1,0.00,2.99,0.13,0.00,0.00,D,0.00,0.47,0.48,0.43,0.56,STOP_WARNING,0.00,,13.30,8.50,504,222.22,58.2,1,1,0.00,0.00,0.00,0.47,0.00,0.00,0,0,0.00,0,0.00
2026-03-28 17:48:09,569.36,0,0,0,0,0,0,0,0.00,1,0.00,2.99,0.13,0.00,0.00,D,0.00,0.47,0.48,0.43,0.56,STOP_WARNING,0.00,,13.10,8.50,504,223.23,58.2,1,1,0.00,0.00,0.00,0.47,0.00,0.00,0,0,0.00,0,0.00
2026-03-28 17:48:10,570.37,0,0,0,0,0,0,0,0.00,1,0.00,2.99,0.13,0.00,0.00,D,0.00,0.47,0.48,0.43,0.56,STOP_WARNING,0.00,,13.10,8.50,504,224.24,56.5,1,1,0.00,0.00,0.00,0.47,0.00,0.00,0,0,0.00,0,0.00
2026-03-28 17:48:11,571.38,0,0,0,0,0,0,0,0.00,1,0.00,2.99,0.13,0.00,0.00,D,0.00,0.47,0.48,0.43,0.56,STOP_WARNING,0.00,,13.70,8.40,504,225.26,58.2,1,1,0.00,0.00,0.00,0.47,0.00,0.00,0,0,0.00,0,0.00
2026-03-28 17:48:12,572.39,0,0,0,0,0,0,0,0.00,1,0.00,2.99,0.13,0.00,0.00,D,0.00,0.47,0.48,0.43,0.56,STOP_WARNING,0.00,,12.20,8.40,504,226.27,57.6,1,1,0.00,0.00,0.00,0.47,0.00,0.00,0,0,0.00,0,0.00
2026-03-28 17:48:13,573.40,0,0,0,0,0,0,0,0.00,1,0.00,2.99,0.13,0.00,0.00,D,0.00,0.47,0.48,0.43,0.56,STOP_WARNING,0.00,,11.20,8.50,504,227.28,57.6,1,1,0.00,0.00,0.00,0.47,0.00,0.00,0,0,0.00,0,0.00
2026-03-28 17:48:14,574.42,0,0,0,0,0,0,0,0.00,1,0.00,2.99,0.13,0.00,0.00,D,0.00,0.47,0.48,0.43,0.56,STOP_WARNING,0.00,,12.30,8.50,504,228.29,58.2,1,1,0.00,0.00,0.00,0.47,0.00,0.00,0,0,0.00,0,0.00
2026-03-28 17:48:15,575.43,0,0,0,0,0,0,0,0.00,1,0.00,2.99,0.13,0.00,0.00,D,0.00,0.47,0.48,0.43,0.56,STOP_WARNING,0.00,,13.50,8.50,504,229.30,58.2,1,1,0.00,0.00,0.00,0.47,0.00,0.00,0,0,0.00,0,0.00
2026-03-28 17:48:16,576.44,0,0,0,0,0,0,0,0.00,1,0.00,2.99,0.13,0.00,0.00,D,0.00,0.47,0.48,0.43,0.56,STOP_WARNING,0.00,,13.80,8.50,504,230.31,58.2,1,1,0.00,0.00,0.00,0.47,0.00,0.00,0,0,0.00,0,0.00
2026-03-28 17:48:17,577.45,0,0,0,0,0,0,0,0.00,1,0.00,2.99,0.13,0.00,0.00,D,0.00,0.47,0.48,0.43,0.56,STOP_WARNING,0.00,,11.60,8.50,504,231.32,58.2,1,1,0.00,0.00,0.00,0.47,0.00,0.00,0,0,0.00,0,0.00
2026-03-28 17:48:18,578.46,0,0,0,0,0,0,0,0.00,1,0.00,2.99,0.13,0.00,0.00,D,0.00,0.47,0.48,0.43,0.56,STOP_WARNING,0.00,,13.40,8.50,504,232.33,58.2,1,1,0.00,0.00,0.00,0.47,0.00,0.00,0,0,0.00,0,0.00
2026-03-28 17:48:19,579.47,0,0,0,0,0,0,0,0.00,1,0.00,2.99,0.13,0.00,0.00,D,0.00,0.47,0.48,0.43,0.56,STOP_WARNING,0.00,,13.90,8.50,504,233.35,58.2,1,1,0.00,0.00,0.00,0.47,0.00,0.00,0,0,0.00,0,0.00
2026-03-28 17:48:20,580.49,0,0,0,0,0,0,0,0.00,1,0.00,2.99,0.13,0.00,0.00,D,0.00,0.47,0.48,0.43,0.56,STOP_WARNING,0.00,,14.00,8.50,504,234.36,57.1,1,1,0.00,0.00,0.00,0.47,0.00,0.00,0,0,0.00,0,0.00
2026-03-28 17:48:21,581.50,0,0,0,0,0,0,0,0.00,1,0.00,2.99,0.13,0.00,0.00,D,0.00,0.47,0.48,0.43,0.56,STOP_WARNING,0.00,,12.80,8.50,504,235.37,57.6,1,1,0.00,0.00,0.00,0.47,0.00,0.00,0,0,0.00,0,0.00
2026-03-28 17:48:22,582.50,0,0,0,0,0,0,0,0.00,1,0.00,2.99,0.13,0.00,0.00,D,0.00,0.47,0.48,0.43,0.56,STOP_WARNING,0.00,,11.40,8.50,504,236.38,58.2,1,1,0.00,0.00,0.00,0.47,0.00,0.00,0,0,0.00,0,0.00
2026-03-28 17:48:23,583.51,0,0,0,0,0,0,0,0.00,1,0.00,2.99,0.13,0.00,0.00,D,0.00,0.47,0.48,0.43,0.56,STOP_WARNING,0.00,,12.20,8.50,504,237.39,58.2,1,1,0.00,0.00,0.00,0.47,0.00,0.00,0,0,0.00,0,0.00
2026-03-28 17:48:25,584.53,0,0,0,0,0,0,0,0.00,1,0.00,2.99,0.13,0.00,0.00,D,0.00,0.47,0.48,0.43,0.56,STOP_WARNING,0.00,,10.90,8.50,504,238.40,57.1,1,1,0.00,0.00,0.00,0.47,0.00,0.00,0,0,0.00,0,0.00
2026-03-28 17:48:26,585.54,0,0,0,0,0,0,0,0.00,1,0.00,2.99,0.13,0.00,0.00,D,0.00,0.47,0.48,0.43,0.56,STOP_WARNING,0.00,,10.70,8.50,504,239.41,57.1,1,1,0.00,0.00,0.00,0.47,0.00,0.00,0,0,0.00,0,0.00
2026-03-28 17:48:27,586.55,0,0,0,0,0,0,0,0.00,1,0.00,2.99,0.13,0.00,0.00,D,0.00,0.47,0.48,0.43,0.56,STOP_WARNING,0.00,,13.70,8.50,504,240.43,58.7,1,1,0.00,0.00,0.00,0.47,0.00,0.00,0,0,0.00,0,0.00
2026-03-28 17:48:28,587.56,0,0,0,0,0,0,0,0.00,1,0.00,2.99,0.13,0.00,0.00,D,0.00,0.47,0.48,0.43,0.56,STOP_WARNING,0.00,,11.40,8.50,504,241.43,58.2,1,1,0.00,0.00,0.00,0.47,0.00,0.00,0,0,0.00,0,0.00
2026-03-28 17:48:29,588.57,0,0,0,0,0,0,0,0.00,1,0.00,2.99,0.13,0.00,0.00,D,0.00,0.47,0.48,0.43,0.56,STOP_WARNING,0.00,,10.50,8.50,504,242.45,59.3,1,1,0.00,0.00,0.00,0.47,0.00,0.00,0,0,0.00,0,0.00
2026-03-28 17:48:30,589.58,0,0,0,0,0,0,0,0.00,1,0.00,2.99,0.13,0.00,0.00,D,0.00,0.47,0.48,0.43,0.56,STOP_WARNING,0.00,,12.40,8.50,504,243.46,58.2,1,1,0.00,0.00,0.00,0.47,0.00,0.00,0,0,0.00,0,0.00
2026-03-28 17:48:31,590.60,0,0,0,0,0,0,0,0.00,1,0.00,2.99,0.13,0.00,0.00,D,0.00,0.47,0.48,0.43,0.56,STOP_WARNING,0.00,,12.30,8.50,504,244.48,58.2,1,1,0.00,0.00,0.00,0.47,0.00,0.00,0,0,0.00,0,0.00
2026-03-28 17:48:32,591.61,0,0,0,0,0,0,0,0.00,1,0.00,2.99,0.13,0.00,0.00,D,0.00,0.47,0.48,0.43,0.56,STOP_WARNING,0.00,,12.10,8.50,504,245.49,58.2,1,1,0.00,0.00,0.00,0.47,0.00,0.00,0,0,0.00,0,0.00
2026-03-28 17:48:33,592.62,0,0,0,0,0,0,0,0.00,1,0.00,2.99,0.13,0.00,0.00,D,0.00,0.47,0.48,0.43,0.56,STOP_WARNING,0.00,,13.40,8.50,504,246.50,58.2,1,1,0.00,0.00,0.00,0.47,0.00,0.00,0,0,0.00,0,0.00
2026-03-28 17:48:34,593.63,0,0,0,0,0,0,0,0.00,1,0.00,2.99,0.13,0.00,0.00,D,0.00,0.47,0.48,0.43,0.56,STOP_WARNING,0.00,,12.60,8.50,504,247.51,57.6,1,1,0.00,0.00,0.00,0.47,0.00,0.00,0,0,0.00,0,0.00
2026-03-28 17:48:35,594.65,0,0,0,0,0,0,0,0.00,1,0.00,2.99,0.13,0.00,0.00,D,0.00,0.47,0.48,0.43,0.56,STOP_WARNING,0.00,,11.00,8.40,504,248.52,58.2,1,1,0.00,0.00,0.00,0.47,0.00,0.00,0,0,0.00,0,0.00
2026-03-28 17:48:36,595.66,0,0,0,0,0,0,0,0.00,1,0.00,2.99,0.12,0.00,0.00,D,0.00,0.47,0.48,0.43,0.56,STOP_WARNING,0.00,,12.40,8.40,504,249.53,58.2,1,1,0.00,0.00,0.00,0.47,0.00,0.00,0,0,0.00,0,0.00
2026-03-28 17:48:37,596.76,0,0,0,0,0,0,0,0.00,1,0.00,2.99,0.12,0.00,0.00,D,0.00,0.47,0.48,0.43,0.56,STOP_WARNING,0.00,,14.10,8.50,504,250.63,58.2,1,1,0.00,0.00,0.00,0.47,0.00,0.00,0,0,0.00,0,0.00
2026-03-28 17:48:38,597.66,0,0,0,0,0,0,0,0.00,1,0.00,2.99,0.12,0.00,0.00,D,0.00,0.47,0.48,0.43,0.56,STOP_WARNING,0.00,,12.50,8.50,504,251.54,58.2,1,1,0.00,0.00,0.00,0.47,0.00,0.00,0,0,0.00,0,0.00
2026-03-28 17:48:39,598.67,0,0,0,0,0,0,0,0.00,1,0.00,2.99,0.12,0.00,0.00,D,0.00,0.47,0.48,0.43,0.56,STOP_WARNING,0.00,,12.40,8.50,504,252.55,58.2,1,1,0.00,0.00,0.00,0.47,0.00,0.00,0,0,0.00,0,0.00
2026-03-28 17:48:40,599.69,0,0,0,0,0,0,0,0.00,1,0.00,2.99,0.12,0.00,0.00,D,0.00,0.47,0.48,0.43,0.56,STOP_WARNING,0.00,,12.60,8.50,504,253.56,58.2,1,1,0.00,0.00,0.00,0.47,0.00,0.00,0,0,0.00,0,0.00
2026-03-28 17:48:41,600.70,0,0,0,0,0,0,0,0.00,1,0.00,2.99,0.12,0.00,0.00,D,0.00,0.47,0.48,0.43,0.56,STOP_WARNING,0.00,,12.40,8.50,504,254.57,58.7,1,1,0.00,0.00,0.00,0.47,0.00,0.00,0,0,0.00,0,0.00
2026-03-28 17:48:42,601.71,0,0,0,0,0,0,0,0.00,1,0.00,2.99,0.12,0.00,0.00,D,0.00,0.47,0.48,0.43,0.56,STOP_WARNING,0.00,,10.40,8.50,504,255.58,58.7,1,1,0.00,0.00,0.00,0.47,0.00,0.00,0,0,0.00,0,0.00
2026-03-28 17:48:43,602.72,0,0,0,0,0,0,0,0.00,1,0.00,2.99,0.12,0.00,0.00,D,0.00,0.47,0.48,0.43,0.56,STOP_WARNING,0.00,,10.60,8.50,504,256.60,58.2,1,1,0.00,0.00,0.00,0.47,0.00,0.00,0,0,0.00,0,0.00
2026-03-28 17:48:44,603.74,0,0,0,0,0,0,0,0.00,1,0.00,2.99,0.12,0.00,0.00,D,0.00,0.47,0.48,0.43,0.56,STOP_WARNING,0.00,,10.10,8.50,504,257.61,56.5,1,1,0.00,0.00,0.00,0.47,0.00,0.00,0,0,0.00,0,0.00
2026-03-28 17:48:45,604.75,0,0,0,0,0,0,0,0.00,1,0.00,2.99,0.12,0.00,0.00,D,0.00,0.47,0.48,0.43,0.56,STOP_WARNING,0.00,,11.60,8.50,504,258.62,56.5,1,1,0.00,0.00,0.00,0.47,0.00,0.00,0,0,0.00,0,0.00
2026-03-28 17:48:46,605.75,0,0,0,0,0,0,0,0.00,1,0.00,2.99,0.12,0.00,0.00,D,0.00,0.47,0.48,0.43,0.56,STOP_WARNING,0.00,,7.70,8.50,504,259.63,57.6,1,1,0.00,0.00,0.00,0.47,0.00,0.00,0,0,0.00,0,0.00
2026-03-28 17:48:47,606.77,0,0,0,0,0,0,0,0.00,1,0.00,2.99,0.12,0.00,0.00,D,0.00,0.47,0.48,0.43,0.56,STOP_WARNING,0.00,,10.40,8.50,504,260.64,57.6,1,1,0.00,0.00,0.00,0.47,0.00,0.00,0,0,0.00,0,0.00
2026-03-28 17:48:48,607.78,0,0,0,0,0,0,0,0.00,1,0.00,2.99,0.12,0.00,0.00,D,0.00,0.47,0.48,0.43,0.56,STOP_WARNING,0.00,,10.90,8.50,504,261.65,58.2,1,1,0.00,0.00,0.00,0.47,0.00,0.00,0,0,0.00,0,0.00
2026-03-28 17:48:49,608.79,0,0,0,0,0,0,0,0.00,1,0.00,2.99,0.12,0.00,0.00,D,0.00,0.47,0.48,0.43,0.56,STOP_WARNING,0.00,,10.60,8.50,504,262.67,57.1,1,1,0.00,0.00,0.00,0.47,0.00,0.00,0,0,0.00,0,0.00
2026-03-28 17:48:50,609.81,0,0,0,0,0,0,0,0.00,1,0.00,2.99,0.12,0.00,0.00,D,0.00,0.47,0.48,0.43,0.56,STOP_WARNING,0.00,,12.20,8.50,504,263.68,58.7,1,1,0.00,0.00,0.00,0.47,0.00,0.00,0,0,0.00,0,0.00
2026-03-28 17:48:51,610.82,0,0,0,0,0,0,0,0.00,1,0.00,2.99,0.12,0.00,0.00,D,0.00,0.47,0.48,0.43,0.56,STOP_WARNING,0.00,,10.20,8.50,504,264.69,58.7,1,1,0.00,0.00,0.00,0.47,0.00,0.00,0,0,0.00,0,0.00
2026-03-28 17:48:52,611.83,0,0,0,0,0,0,0,0.00,1,0.00,2.99,0.12,0.00,0.00,D,0.00,0.47,0.48,0.43,0.56,STOP_WARNING,0.00,,7.00,8.50,504,265.70,57.1,1,1,0.00,0.00,0.00,0.47,0.00,0.00,0,0,0.00,0,0.00
2026-03-28 17:48:53,612.84,0,0,0,0,0,0,0,0.00,1,0.00,2.99,0.12,0.00,0.00,D,0.00,0.47,0.48,0.43,0.56,STOP_WARNING,0.00,,5.30,8.40,504,266.72,58.2,1,1,0.00,0.00,0.00,0.47,0.00,0.00,0,0,0.00,0,0.00
2026-03-28 17:48:54,613.86,0,0,0,0,0,0,0,0.00,1,0.00,2.99,0.12,0.00,0.00,D,0.00,0.47,0.48,0.43,0.56,STOP_WARNING,0.00,,6.30,8.40,504,267.73,58.2,1,1,0.00,0.00,0.00,0.47,0.00,0.00,0,0,0.00,0,0.00
2026-03-28 17:48:55,614.87,0,0,0,0,0,0,0,0.00,1,0.00,2.99,0.12,0.00,0.00,D,0.00,0.47,0.48,0.42,0.56,STOP_WARNING,0.00,,4.80,8.50,504,268.74,57.6,1,1,0.00,0.00,0.00,0.47,0.00,0.00,0,0,0.00,0,0.00
2026-03-28 17:48:56,615.88,0,0,0,0,0,0,0,0.00,1,0.00,2.99,0.12,0.00,0.00,D,0.00,0.47,0.48,0.43,0.56,STOP_WARNING,0.00,,4.80,8.40,504,269.75,58.7,1,1,0.00,0.00,0.00,0.47,0.00,0.00,0,0,0.00,0,0.00
2026-03-28 17:48:57,616.89,0,0,0,0,0,0,0,0.00,1,0.00,2.99,0.12,0.00,0.00,D,0.00,0.47,0.48,0.43,0.56,STOP_WARNING,0.00,,4.80,8.40,504,270.77,57.6,1,1,0.00,0.00,0.00,0.47,0.00,0.00,0,0,0.00,0,0.00
2026-03-28 17:48:58,617.91,0,0,0,0,0,0,0,0.00,1,0.00,2.99,0.12,0.00,0.00,D,0.00,0.47,0.48,0.43,0.56,STOP_WARNING,0.00,,5.40,8.40,504,271.78,58.2,1,1,0.00,0.00,0.00,0.47,0.00,0.00,0,0,0.00,0,0.00
2026-03-28 17:48:59,618.92,0,0,0,0,0,0,0,0.00,1,0.00,2.99,0.12,0.00,0.00,D,0.00,0.47,0.48,0.43,0.56,STOP_WARNING,0.00,,5.60,8.40,504,272.79,58.7,1,1,0.00,0.00,0.00,0.47,0.00,0.00,0,0,0.00,0,0.00
2026-03-28 17:49:00,619.93,0,0,0,0,0,0,0,0.00,1,0.00,2.99,0.12,0.00,0.00,D,0.00,0.47,0.48,0.43,0.56,STOP_WARNING,0.00,,4.90,8.40,504,273.80,57.1,1,1,0.00,0.00,0.00,0.47,0.00,0.00,0,0,0.00,0,0.00
2026-03-28 17:49:01,620.94,0,0,0,0,0,0,0,0.00,1,0.00,2.99,0.12,0.00,0.00,D,0.00,0.47,0.48,0.43,0.56,STOP_WARNING,0.00,,5.10,8.40,504,274.82,58.2,1,1,0.00,0.00,0.00,0.47,0.00,0.00,0,0,0.00,0,0.00
2026-03-28 17:49:02,621.95,0,0,0,0,0,0,0,0.00,1,0.00,2.99,0.12,0.00,0.00,D,0.00,0.47,0.48,0.43,0.56,STOP_WARNING,0.00,,9.10,8.40,504,275.83,58.2,1,1,0.00,0.00,0.00,0.47,0.00,0.00,0,0,0.00,0,0.00
2026-03-28 17:49:03,622.97,0,0,0,0,0,0,0,0.00,1,0.00,2.99,0.12,0.00,0.00,D,0.00,0.47,0.48,0.43,0.56,STOP_WARNING,0.00,,6.20,8.40,504,276.84,58.2,1,1,0.00,0.00,0.00,0.47,0.00,0.00,0,0,0.00,0,0.00
2026-03-28 17:49:04,623.98,0,0,0,0,0,0,0,0.00,1,0.00,2.99,0.12,0.00,0.00,D,0.00,0.47,0.48,0.43,0.56,STOP_WARNING,0.00,,7.30,8.50,504,277.85,56.5,1,1,0.00,0.00,0.00,0.47,0.00,0.00,0,0,0.00,0,0.00
2026-03-28 17:49:05,624.99,0,0,0,0,0,0,0,0.00,1,0.00,2.99,0.12,0.00,0.00,D,0.00,0.47,0.48,0.43,0.56,STOP_WARNING,0.00,,7.60,8.50,504,278.87,57.6,1,1,0.00,0.00,0.00,0.47,0.00,0.00,0,0,0.00,0,0.00
2026-03-28 17:49:06,626.00,0,0,0,0,0,0,0,0.00,1,0.00,2.99,0.12,0.00,0.00,D,0.00,0.47,0.48,0.43,0.56,STOP_WARNING,0.00,,8.30,8.50,504,279.88,58.7,1,1,0.00,0.00,0.00,0.47,0.00,0.00,0,0,0.00,0,0.00
2026-03-28 17:49:07,627.02,0,0,0,0,0,0,0,0.00,1,0.00,2.99,0.12,0.00,0.00,D,0.00,0.47,0.48,0.43,0.56,STOP_WARNING,0.00,,8.10,8.50,504,280.89,58.2,1,1,0.00,0.00,0.00,0.47,0.00,0.00,0,0,0.00,0,0.00
2026-03-28 17:49:08,628.03,0,0,0,0,0,0,0,0.00,1,0.00,2.99,0.12,0.00,0.00,D,0.00,0.47,0.48,0.42,0.56,STOP_WARNING,0.00,,8.30,8.50,504,281.91,57.6,1,1,0.00,0.00,0.00,0.47,0.00,0.00,0,0,0.00,0,0.00
2026-03-28 17:49:09,629.04,0,0,0,0,0,0,0,0.00,1,0.00,2.99,0.12,0.00,0.00,D,0.00,0.47,0.48,0.43,0.56,STOP_WARNING,0.00,,9.20,8.50,504,282.92,58.2,1,1,0.00,0.00,0.00,0.47,0.00,0.00,0,0,0.00,0,0.00
2026-03-28 17:49:10,630.06,0,0,0,0,0,0,0,0.00,1,0.00,2.99,0.12,0.00,0.00,D,0.00,0.47,0.48,0.43,0.56,STOP_WARNING,0.00,,7.80,8.50,504,283.93,57.6,1,1,0.00,0.00,0.00,0.47,0.00,0.00,0,0,0.00,0,0.00
2026-03-28 17:49:11,631.07,0,0,0,0,0,0,0,0.00,1,0.00,2.99,0.12,0.00,0.00,D,0.00,0.47,0.48,0.43,0.56,STOP_WARNING,0.00,,7.30,8.50,504,284.94,58.2,1,1,0.00,0.00,0.00,0.47,0.00,0.00,0,0,0.00,0,0.00
2026-03-28 17:49:12,632.08,0,0,0,0,0,0,0,0.00,1,0.00,2.99,0.12,0.00,0.00,D,0.00,0.47,0.48,0.43,0.56,STOP_WARNING,0.00,,8.50,8.50,504,285.96,58.2,1,1,0.00,0.00,0.00,0.47,0.00,0.00,0,0,0.00,0,0.00
2026-03-28 17:49:13,633.09,0,0,0,0,0,0,0,0.00,1,0.00,2.99,0.12,0.00,0.00,D,0.00,0.47,0.48,0.43,0.56,STOP_WARNING,0.00,,7.50,8.50,504,286.97,58.2,1,1,0.00,0.00,0.00,0.47,0.00,0.00,0,0,0.00,0,0.00
2026-03-28 17:49:14,634.10,0,0,0,0,0,0,0,0.00,1,0.00,2.99,0.12,0.00,0.00,D,0.00,0.47,0.48,0.43,0.56,STOP_WARNING,0.00,,7.00,8.50,504,287.98,57.6,1,1,0.00,0.00,0.00,0.47,0.00,0.00,0,0,0.00,0,0.00
2026-03-28 17:49:15,635.11,0,0,0,0,0,0,0,0.00,1,0.00,2.99,0.12,0.00,0.00,D,0.00,0.47,0.48,0.43,0.56,STOP_WARNING,0.00,,9.20,8.50,504,288.99,58.2,1,1,0.00,0.00,0.00,0.47,0.00,0.00,0,0,0.00,0,0.00
2026-03-28 17:49:16,636.12,0,0,0,0,0,0,0,0.00,1,0.00,2.99,0.12,0.00,0.00,D,0.00,0.47,0.48,0.43,0.56,STOP_WARNING,0.00,,8.30,8.40,504,290.00,58.2,1,1,0.00,0.00,0.00,0.47,0.00,0.00,0,0,0.00,0,0.00
2026-03-28 17:49:17,637.13,0,0,0,0,0,0,0,0.00,1,0.00,2.99,0.12,0.00,0.00,D,0.00,0.47,0.48,0.43,0.56,STOP_WARNING,0.00,,9.70,8.40,504,291.01,58.2,1,1,0.00,0.00,0.00,0.47,0.00,0.00,0,0,0.00,0,0.00
2026-03-28 17:49:18,638.14,0,0,0,0,0,0,0,0.00,1,0.00,2.99,0.12,0.00,0.00,D,0.00,0.47,0.48,0.43,0.56,STOP_WARNING,0.00,,6.50,8.50,504,292.02,58.2,1,1,0.00,0.00,0.00,0.47,0.00,0.00,0,0,0.00,0,0.00
2026-03-28 17:49:19,639.16,0,0,0,0,0,0,0,0.00,1,0.00,2.99,0.12,0.00,0.00,D,0.00,0.47,0.48,0.43,0.56,STOP_WARNING,0.00,,7.90,8.40,504,293.03,58.2,1,1,0.00,0.00,0.00,0.47,0.00,0.00,0,0,0.00,0,0.00
2026-03-28 17:49:20,640.17,0,0,0,0,0,0,0,0.00,1,0.00,2.99,0.12,0.00,0.00,D,0.00,0.47,0.48,0.43,0.56,STOP_WARNING,0.00,,7.70,8.40,504,294.05,58.2,1,1,0.00,0.00,0.00,0.47,0.00,0.00,0,0,0.00,0,0.00
2026-03-28 17:49:21,641.18,0,0,0,0,0,0,0,0.00,1,0.00,2.99,0.12,0.00,0.00,D,0.00,0.47,0.48,0.43,0.56,STOP_WARNING,0.00,,7.70,8.40,504,295.06,57.6,1,1,0.00,0.00,0.00,0.47,0.00,0.00,0,0,0.00,0,0.00
2026-03-28 17:49:22,642.20,0,0,0,0,0,0,0,0.00,1,0.00,2.99,0.12,0.00,0.00,D,0.00,0.47,0.48,0.43,0.56,STOP_WARNING,0.00,,9.30,8.40,504,296.07,58.2,1,1,0.00,0.00,0.00,0.47,0.00,0.00,0,0,0.00,0,0.00
2026-03-28 17:49:23,643.21,0,0,0,0,0,0,0,0.00,1,0.00,2.99,0.12,0.00,0.00,D,0.00,0.47,0.48,0.43,0.56,STOP_WARNING,0.00,,8.70,8.50,504,297.08,57.1,1,1,0.00,0.00,0.00,0.47,0.00,0.00,0,0,0.00,0,0.00
2026-03-28 17:49:24,644.22,0,0,0,0,0,0,0,0.00,1,0.00,2.99,0.12,0.00,0.00,D,0.00,0.47,0.48,0.43,0.56,STOP_WARNING,0.00,,10.00,8.40,504,298.10,56.5,1,1,0.00,0.00,0.00,0.47,0.00,0.00,0,0,0.00,0,0.00
2026-03-28 17:49:25,645.24,0,0,0,0,0,0,0,0.00,1,0.00,2.99,0.12,0.00,0.00,D,0.00,0.47,0.48,0.43,0.56,STOP_WARNING,0.00,,9.00,8.50,504,299.11,58.2,1,1,0.00,0.00,0.00,0.47,0.00,0.00,0,0,0.00,0,0.00
2026-03-28 17:49:26,646.25,0,0,0,0,0,0,0,0.00,1,0.00,2.99,0.12,0.00,0.00,D,0.00,0.47,0.48,0.43,0.56,STOP_WARNING,0.00,,11.40,8.50,504,300.13,58.7,1,1,0.00,0.00,0.00,0.47,0.00,0.00,0,0,0.00,0,0.00
2026-03-28 17:49:27,647.27,0,0,0,0,0,0,0,0.00,1,0.00,2.99,0.12,0.00,0.00,D,0.00,0.47,0.48,0.42,0.56,STOP_WARNING,0.00,,11.90,8.50,504,301.14,57.6,1,1,0.00,0.00,0.00,0.47,0.00,0.00,0,0,0.00,0,0.00
2026-03-28 17:49:28,648.28,0,0,0,0,0,0,0,0.00,1,0.00,2.99,0.11,0.00,0.00,D,0.00,0.47,0.48,0.43,0.56,STOP_WARNING,0.00,,12.30,8.40,504,302.16,58.2,1,1,0.00,0.00,0.00,0.47,0.00,0.00,0,0,0.00,0,0.00
2026-03-28 17:49:29,649.29,0,0,0,0,0,0,0,0.00,1,0.00,2.99,0.11,0.00,0.00,D,0.00,0.47,0.48,0.43,0.56,STOP_WARNING,0.00,,10.50,8.40,504,303.17,58.2,1,1,0.00,0.00,0.00,0.47,0.00,0.00,0,0,0.00,0,0.00
2026-03-28 17:49:30,650.30,0,0,0,0,0,0,0,0.00,1,0.00,2.99,0.11,0.00,0.00,D,0.00,0.47,0.48,0.43,0.56,STOP_WARNING,0.00,,10.00,8.40,504,304.18,58.2,1,1,0.00,0.00,0.00,0.47,0.00,0.00,0,0,0.00,0,0.00
2026-03-28 17:49:31,651.31,0,0,0,0,0,0,0,0.00,1,0.00,2.99,0.11,0.00,0.00,D,0.00,0.47,0.48,0.43,0.56,STOP_WARNING,0.00,,13.00,8.40,504,305.19,56.5,1,1,0.00,0.00,0.00,0.47,0.00,0.00,0,0,0.00,0,0.00
2026-03-28 17:49:32,652.33,0,0,0,0,0,0,0,0.00,1,0.00,2.99,0.11,0.00,0.00,D,0.00,0.47,0.48,0.43,0.56,STOP_WARNING,0.00,,13.70,8.40,504,306.20,57.1,1,1,0.00,0.00,0.00,0.47,0.00,0.00,0,0,0.00,0,0.00
2026-03-28 17:49:33,653.33,0,0,0,0,0,0,0,0.00,1,0.00,2.99,0.11,0.00,0.00,D,0.00,0.47,0.48,0.42,0.56,STOP_WARNING,0.00,,12.90,8.50,504,307.21,57.1,1,1,0.00,0.00,0.00,0.47,0.00,0.00,0,0,0.00,0,0.00
2026-03-28 17:49:34,654.34,0,0,0,0,0,0,0,0.00,1,0.00,2.99,0.11,0.00,0.00,D,0.00,0.47,0.48,0.43,0.56,STOP_WARNING,0.00,,15.20,8.40,504,308.22,57.6,1,1,0.00,0.00,0.00,0.47,0.00,0.00,0,0,0.00,0,0.00
2026-03-28 17:49:35,655.35,0,0,0,0,0,0,0,0.00,1,0.00,2.99,0.11,0.00,0.00,D,0.00,0.47,0.48,0.43,0.56,STOP_WARNING,0.00,,13.40,8.40,504,309.22,58.2,1,1,0.00,0.00,0.00,0.47,0.00,0.00,0,0,0.00,0,0.00
2026-03-28 17:49:36,656.35,0,0,0,0,0,0,0,0.00,1,0.00,2.99,0.11,0.00,0.00,D,0.00,0.47,0.48,0.43,0.56,STOP_WARNING,0.00,,12.20,8.50,504,310.22,58.2,1,1,0.00,0.00,0.00,0.47,0.00,0.00,0,0,0.00,0,0.00
2026-03-28 17:49:37,657.35,0,0,0,0,0,0,0,0.00,1,0.00,2.99,0.11,0.00,0.00,D,0.00,0.47,0.48,0.43,0.56,STOP_WARNING,0.00,,10.50,8.50,504,311.23,58.2,1,1,0.00,0.00,0.00,0.47,0.00,0.00,0,0,0.00,0,0.00
2026-03-28 17:49:38,658.36,0,0,0,0,0,0,0,0.00,1,0.00,2.99,0.11,0.00,0.00,D,0.00,0.47,0.48,0.43,0.56,STOP_WARNING,0.00,,10.30,8.50,504,312.24,58.2,1,1,0.00,0.00,0.00,0.47,0.00,0.00,0,0,0.00,0,0.00
2026-03-28 17:49:39,659.37,0,0,0,0,0,0,0,0.00,1,0.00,2.99,0.11,0.00,0.00,D,0.00,0.47,0.48,0.43,0.56,STOP_WARNING,0.00,,11.40,8.50,504,313.25,58.7,1,1,0.00,0.00,0.00,0.47,0.00,0.00,0,0,0.00,0,0.00
2026-03-28 17:49:40,660.39,0,0,0,0,0,0,0,0.00,1,0.00,2.99,0.11,0.00,0.00,D,0.00,0.47,0.48,0.43,0.56,STOP_WARNING,0.00,,10.60,8.50,504,314.27,57.1,1,1,0.00,0.00,0.00,0.47,0.00,0.00,0,0,0.00,0,0.00
2026-03-28 17:49:41,661.41,0,0,0,0,0,0,0,0.00,1,0.00,2.99,0.11,0.00,0.00,D,0.00,0.47,0.48,0.43,0.56,STOP_WARNING,0.00,,12.10,8.50,504,315.28,59.3,1,1,0.00,0.00,0.00,0.47,0.00,0.00,0,0,0.00,0,0.00
2026-03-28 17:49:42,662.42,0,0,0,0,0,0,0,0.00,1,0.00,2.99,0.11,0.00,0.00,D,0.00,0.47,0.48,0.43,0.56,STOP_WARNING,0.00,,11.70,8.50,504,316.29,58.2,1,1,0.00,0.00,0.00,0.47,0.00,0.00,0,0,0.00,0,0.00
2026-03-28 17:49:43,663.43,0,0,0,0,0,0,0,0.00,1,0.00,2.99,0.11,0.00,0.00,D,0.00,0.47,0.48,0.43,0.56,STOP_WARNING,0.00,,12.90,8.50,504,317.30,58.2,1,1,0.00,0.00,0.00,0.47,0.00,0.00,0,0,0.00,0,0.00
2026-03-28 17:49:44,664.44,0,0,0,0,0,0,0,0.00,1,0.00,2.99,0.11,0.00,0.00,D,0.00,0.47,0.48,0.43,0.56,STOP_WARNING,0.00,,13.10,8.50,504,318.31,57.1,1,1,0.00,0.00,0.00,0.47,0.00,0.00,0,0,0.00,0,0.00
2026-03-28 17:49:45,665.45,0,0,0,0,0,0,0,0.00,1,0.00,2.99,0.11,0.00,0.00,D,0.00,0.47,0.48,0.43,0.56,STOP_WARNING,0.00,,12.80,8.50,504,319.32,58.7,1,1,0.00,0.00,0.00,0.47,0.00,0.00,0,0,0.00,0,0.00
2026-03-28 17:49:46,666.46,0,0,0,0,0,0,0,0.00,1,0.00,2.99,0.11,0.00,0.00,D,0.00,0.47,0.48,0.43,0.56,STOP_WARNING,0.00,,13.20,8.50,504,320.33,58.2,1,1,0.00,0.00,0.00,0.47,0.00,0.00,0,0,0.00,0,0.00
2026-03-28 17:49:47,667.47,0,0,0,0,0,0,0,0.00,1,0.00,2.99,0.11,0.00,0.00,D,0.00,0.47,0.48,0.43,0.56,STOP_WARNING,0.00,,13.20,8.50,504,321.35,58.2,1,1,0.00,0.00,0.00,0.47,0.00,0.00,0,0,0.00,0,0.00
2026-03-28 17:49:48,668.48,0,0,0,0,0,0,0,0.00,1,0.00,2.99,0.11,0.00,0.00,D,0.00,0.47,0.48,0.43,0.56,STOP_WARNING,0.00,,13.80,8.40,504,322.36,58.2,1,1,0.00,0.00,0.00,0.47,0.00,0.00,0,0,0.00,0,0.00
2026-03-28 17:49:49,669.49,0,0,0,0,0,0,0,0.00,1,0.00,2.99,0.11,0.00,0.00,D,0.00,0.47,0.48,0.43,0.56,STOP_WARNING,0.00,,13.50,8.40,504,323.36,58.7,1,1,0.00,0.00,0.00,0.47,0.00,0.00,0,0,0.00,0,0.00
2026-03-28 17:49:50,670.50,0,0,0,0,0,0,0,0.00,1,0.00,2.99,0.11,0.00,0.00,D,0.00,0.47,0.48,0.43,0.56,STOP_WARNING,0.00,,14.40,8.50,504,324.38,58.2,1,1,0.00,0.00,0.00,0.47,0.00,0.00,0,0,0.00,0,0.00
2026-03-28 17:49:51,671.51,0,0,0,0,0,0,0,0.00,1,0.00,2.99,0.11,0.00,0.00,D,0.00,0.47,0.48,0.43,0.56,STOP_WARNING,0.00,,11.90,8.50,504,325.39,57.6,1,1,0.00,0.00,0.00,0.47,0.00,0.00,0,0,0.00,0,0.00
2026-03-28 17:49:53,672.53,0,0,0,0,0,0,0,0.00,1,0.00,2.99,0.11,0.00,0.00,D,0.00,0.47,0.48,0.43,0.56,STOP_WARNING,0.00,,11.40,8.40,504,326.40,57.6,1,1,0.00,0.00,0.00,0.47,0.00,0.00,0,0,0.00,0,0.00
2026-03-28 17:49:54,673.54,0,0,0,0,0,0,0,0.00,1,0.00,2.99,0.11,0.00,0.00,D,0.00,0.47,0.48,0.43,0.56,STOP_WARNING,0.00,,13.20,8.50,504,327.42,58.7,1,1,0.00,0.00,0.00,0.47,0.00,0.00,0,0,0.00,0,0.00
2026-03-28 17:49:55,674.56,0,0,0,0,0,0,0,0.00,1,0.00,2.99,0.11,0.00,0.00,D,0.00,0.47,0.48,0.43,0.56,STOP_WARNING,0.00,,12.30,8.50,504,328.43,58.7,1,1,0.00,0.00,0.00,0.47,0.00,0.00,0,0,0.00,0,0.00
2026-03-28 17:49:56,675.57,0,0,0,0,0,0,0,0.00,1,0.00,2.99,0.11,0.00,0.00,D,0.00,0.47,0.48,0.43,0.56,STOP_WARNING,0.00,,12.70,8.40,504,329.44,58.7,1,1,0.00,0.00,0.00,0.47,0.00,0.00,0,0,0.00,0,0.00
2026-03-28 17:49:57,676.58,0,0,0,0,0,0,0,0.00,1,0.00,2.99,0.11,0.00,0.00,D,0.00,0.47,0.48,0.43,0.56,STOP_WARNING,0.00,,13.30,8.50,504,330.46,57.1,1,1,0.00,0.00,0.00,0.47,0.00,0.00,0,0,0.00,0,0.00
2026-03-28 17:49:58,677.59,0,0,0,0,0,0,0,0.00,1,0.00,2.99,0.11,0.00,0.00,D,0.00,0.47,0.48,0.43,0.56,STOP_WARNING,0.00,,13.50,8.50,504,331.47,57.1,1,1,0.00,0.00,0.00,0.47,0.00,0.00,0,0,0.00,0,0.00
2026-03-28 17:49:59,678.60,0,0,0,0,0,0,0,0.00,1,0.00,2.99,0.11,0.00,0.00,D,0.00,0.47,0.48,0.43,0.56,STOP_WARNING,0.00,,12.60,8.50,504,332.48,58.7,1,1,0.00,0.00,0.00,0.47,0.00,0.00,0,0,0.00,0,0.00
2026-03-28 17:50:00,679.61,0,0,0,0,0,0,0,0.00,1,0.00,2.99,0.11,0.00,0.00,D,0.00,0.47,0.48,0.43,0.56,STOP_WARNING,0.00,,11.90,8.50,504,333.49,56.5,1,1,0.00,0.00,0.00,0.47,0.00,0.00,0,0,0.00,0,0.00
2026-03-28 17:50:01,680.63,0,0,0,0,0,0,0,0.00,1,0.00,2.99,0.11,0.00,0.00,D,0.00,0.47,0.48,0.43,0.56,STOP_WARNING,0.00,,12.10,8.50,504,334.50,57.6,1,1,0.00,0.00,0.00,0.47,0.00,0.00,0,0,0.00,0,0.00
2026-03-28 17:50:02,681.64,0,0,0,0,0,0,0,0.00,1,0.00,2.99,0.11,0.00,0.00,D,0.00,0.47,0.48,0.43,0.56,STOP_WARNING,0.00,,13.00,8.50,504,335.51,56.5,1,1,0.00,0.00,0.00,0.47,0.00,0.00,0,0,0.00,0,0.00
2026-03-28 17:50:03,682.64,0,0,0,0,0,0,0,0.00,1,0.00,2.99,0.11,0.00,0.00,D,0.00,0.47,0.48,0.43,0.56,STOP_WARNING,0.00,,13.40,8.50,504,336.52,57.1,1,1,0.00,0.00,0.00,0.47,0.00,0.00,0,0,0.00,0,0.00
2026-03-28 17:50:04,683.66,0,0,0,0,0,0,0,0.00,1,0.00,2.99,0.11,0.00,0.00,D,0.00,0.47,0.48,0.43,0.56,STOP_WARNING,0.00,,13.70,8.50,504,337.53,58.2,1,1,0.00,0.00,0.00,0.47,0.00,0.00,0,0,0.00,0,0.00
2026-03-28 17:50:05,684.66,0,0,0,0,0,0,0,0.00,1,0.00,2.99,0.11,0.00,0.00,D,0.00,0.47,0.48,0.43,0.56,STOP_WARNING,0.00,,12.00,8.50,504,338.54,57.1,1,1,0.00,0.00,0.00,0.47,0.00,0.00,0,0,0.00,0,0.00
2026-03-28 17:50:06,685.67,0,0,0,0,0,0,0,0.00,1,0.00,2.99,0.11,0.00,0.00,D,0.00,0.47,0.48,0.43,0.56,STOP_WARNING,0.00,,11.20,8.50,504,339.54,58.2,1,1,0.00,0.00,0.00,0.47,0.00,0.00,0,0,0.00,0,0.00
2026-03-28 17:50:07,686.68,0,0,0,0,0,0,0,0.00,1,0.00,2.99,0.11,0.00,0.00,D,0.00,0.47,0.48,0.43,0.56,STOP_WARNING,0.00,,11.10,8.50,504,340.56,58.2,1,1,0.00,0.00,0.00,0.47,0.00,0.00,0,0,0.00,0,0.00
2026-03-28 17:50:08,687.70,0,0,0,0,0,0,0,0.00,1,0.00,2.99,0.11,0.00,0.00,D,0.00,0.47,0.48,0.43,0.56,STOP_WARNING,0.00,,11.90,8.40,504,341.57,56.5,1,1,0.00,0.00,0.00,0.47,0.00,0.00,0,0,0.00,0,0.00
2026-03-28 17:50:09,688.71,0,0,0,0,0,0,0,0.00,1,0.00,2.99,0.11,0.00,0.00,D,0.00,0.47,0.48,0.43,0.56,STOP_WARNING,0.00,,10.90,8.50,504,342.58,57.6,1,1,0.00,0.00,0.00,0.47,0.00,0.00,0,0,0.00,0,0.00
2026-03-28 17:50:10,689.72,0,0,0,0,0,0,0,0.00,1,0.00,2.99,0.11,0.00,0.00,D,0.00,0.47,0.48,0.43,0.56,STOP_WARNING,0.00,,12.00,8.50,504,343.60,58.2,1,1,0.00,0.00,0.00,0.47,0.00,0.00,0,0,0.00,0,0.00
2026-03-28 17:50:11,690.73,0,0,0,0,0,0,0,0.00,1,0.00,2.99,0.11,0.00,0.00,D,0.00,0.47,0.48,0.43,0.56,STOP_WARNING,0.00,,11.10,8.50,504,344.61,58.2,1,1,0.00,0.00,0.00,0.47,0.00,0.00,0,0,0.00,0,0.00
2026-03-28 17:50:12,691.75,0,0,0,0,0,0,0,0.00,1,0.00,2.99,0.11,0.00,0.00,D,0.00,0.47,0.48,0.43,0.56,STOP_WARNING,0.00,,11.40,8.40,504,345.62,57.1,1,1,0.00,0.00,0.00,0.47,0.00,0.00,0,0,0.00,0,0.00
2026-03-28 17:50:13,692.75,0,0,0,0,0,0,0,0.00,1,0.00,2.99,0.11,0.00,0.00,D,0.00,0.47,0.48,0.43,0.56,STOP_WARNING,0.00,,10.40,8.40,504,346.63,58.7,1,1,0.00,0.00,0.00,0.47,0.00,0.00,0,0,0.00,0,0.00
2026-03-28 17:50:14,693.77,0,0,0,0,0,0,0,0.00,1,0.00,2.99,0.11,0.00,0.00,D,0.00,0.47,0.48,0.43,0.56,STOP_WARNING,0.00,,10.30,8.40,504,347.65,58.2,1,1,0.00,0.00,0.00,0.47,0.00,0.00,0,0,0.00,0,0.00
2026-03-28 17:50:15,694.78,0,0,0,0,0,0,0,0.00,1,0.00,2.99,0.11,0.00,0.00,D,0.00,0.47,0.48,0.43,0.56,STOP_WARNING,0.00,,10.90,8.40,504,348.65,57.6,1,1,0.00,0.00,0.00,0.47,0.00,0.00,0,0,0.00,0,0.00
2026-03-28 17:50:16,695.79,0,0,0,0,0,0,0,0.00,1,0.00,2.99,0.11,0.00,0.00,D,0.00,0.47,0.48,0.43,0.56,STOP_WARNING,0.00,,12.20,8.40,504,349.66,58.2,1,1,0.00,0.00,0.00,0.47,0.00,0.00,0,0,0.00,0,0.00
2026-03-28 17:50:17,696.80,0,0,0,0,0,0,0,0.00,1,0.00,2.99,0.11,0.00,0.00,D,0.00,0.47,0.48,0.43,0.56,STOP_WARNING,0.00,,9.20,8.40,504,350.68,57.6,1,1,0.00,0.00,0.00,0.47,0.00,0.00,0,0,0.00,0,0.00
2026-03-28 17:50:18,697.81,0,0,0,0,0,0,0,0.00,1,0.00,2.99,0.11,0.00,0.00,D,0.00,0.47,0.48,0.43,0.56,STOP_WARNING,0.00,,10.20,8.40,504,351.69,58.7,1,1,0.00,0.00,0.00,0.47,0.00,0.00,0,0,0.00,0,0.00
2026-03-28 17:50:19,698.82,0,0,0,0,0,0,0,0.00,1,0.00,2.99,0.11,0.00,0.00,D,0.00,0.47,0.48,0.43,0.56,STOP_WARNING,0.00,,12.10,8.50,504,352.70,58.7,1,1,0.00,0.00,0.00,0.47,0.00,0.00,0,0,0.00,0,0.00
2026-03-28 17:50:20,699.83,0,0,0,0,0,0,0,0.00,1,0.00,2.99,0.11,0.00,0.00,D,0.00,0.47,0.48,0.43,0.56,STOP_WARNING,0.00,,6.30,8.50,504,353.71,58.2,1,1,0.00,0.00,0.00,0.47,0.00,0.00,0,0,0.00,0,0.00
2026-03-28 17:50:21,700.84,0,0,0,0,0,0,0,0.00,1,0.00,2.99,0.11,0.00,0.00,D,0.00,0.47,0.48,0.43,0.56,STOP_WARNING,0.00,,5.50,8.50,504,354.72,57.1,1,1,0.00,0.00,0.00,0.47,0.00,0.00,0,0,0.00,0,0.00
2026-03-28 17:50:22,701.86,0,0,0,0,0,0,0,0.00,1,0.00,2.99,0.11,0.00,0.00,D,0.00,0.47,0.48,0.43,0.56,STOP_WARNING,0.00,,5.80,8.50,504,355.73,56.5,1,1,0.00,0.00,0.00,0.47,0.00,0.00,0,0,0.00,0,0.00
2026-03-28 17:50:23,702.87,0,0,0,0,0,0,0,0.00,1,0.00,2.99,0.11,0.00,0.00,D,0.00,0.47,0.48,0.43,0.56,STOP_WARNING,0.00,,4.80,8.50,504,356.74,58.7,1,1,0.00,0.00,0.00,0.47,0.00,0.00,0,0,0.00,0,0.00
2026-03-28 17:50:24,703.88,0,0,0,0,0,0,0,0.00,1,0.00,2.99,0.11,0.00,0.00,D,0.00,0.47,0.48,0.43,0.56,STOP_WARNING,0.00,,5.80,8.50,504,357.76,58.2,1,1,0.00,0.00,0.00,0.47,0.00,0.00,0,0,0.00,0,0.00
2026-03-28 17:50:25,704.90,0,0,0,0,0,0,0,0.00,1,0.00,2.99,0.11,0.00,0.00,D,0.00,0.47,0.48,0.43,0.56,STOP_WARNING,0.00,,6.50,8.50,504,358.77,58.2,1,1,0.00,0.00,0.00,0.47,0.00,0.00,0,0,0.00,0,0.00
2026-03-28 17:50:26,705.91,0,0,0,0,0,0,0,0.00,1,0.00,2.99,0.11,0.00,0.00,D,0.00,0.47,0.48,0.43,0.56,STOP_WARNING,0.00,,4.00,8.50,504,359.78,57.6,1,1,0.00,0.00,0.00,0.47,0.00,0.00,0,0,0.00,0,0.00
2026-03-28 17:50:27,706.92,0,0,0,0,0,0,0,0.00,1,0.00,2.99,0.11,0.00,0.00,D,0.00,0.47,0.48,0.43,0.56,STOP_WARNING,0.00,,4.40,8.50,504,360.80,56.5,1,1,0.00,0.00,0.00,0.47,0.00,0.00,0,0,0.00,0,0.00
2026-03-28 17:50:28,707.93,0,0,0,0,0,0,0,0.00,1,0.00,2.99,0.11,0.00,0.00,D,0.00,0.47,0.48,0.43,0.56,STOP_WARNING,0.00,,5.20,8.50,504,361.81,58.7,1,1,0.00,0.00,0.00,0.47,0.00,0.00,0,0,0.00,0,0.00
2026-03-28 17:50:29,708.94,0,0,0,0,0,0,0,0.00,1,0.00,2.99,0.11,0.00,0.00,D,0.00,0.47,0.48,0.43,0.56,STOP_WARNING,0.00,,4.70,8.40,504,362.82,58.2,1,1,0.00,0.00,0.00,0.47,0.00,0.00,0,0,0.00,0,0.00
2026-03-28 17:50:30,709.96,0,0,0,0,0,0,0,0.00,1,0.00,2.99,0.10,0.00,0.00,D,0.00,0.47,0.48,0.43,0.56,STOP_WARNING,0.00,,5.40,8.40,504,363.83,58.2,1,1,0.00,0.00,0.00,0.47,0.00,0.00,0,0,0.00,0,0.00
2026-03-28 17:50:31,710.97,0,0,0,0,0,0,0,0.00,1,0.00,2.99,0.10,0.00,0.00,D,0.00,0.47,0.48,0.43,0.56,STOP_WARNING,0.00,,5.50,8.50,504,364.85,58.2,1,1,0.00,0.00,0.00,0.47,0.00,0.00,0,0,0.00,0,0.00
2026-03-28 17:50:32,711.98,0,0,0,0,0,0,0,0.00,1,0.00,2.99,0.10,0.00,0.00,D,0.00,0.47,0.48,0.43,0.56,STOP_WARNING,0.00,,6.00,8.40,504,365.86,58.2,1,1,0.00,0.00,0.00,0.47,0.00,0.00,0,0,0.00,0,0.00
2026-03-28 17:50:33,712.99,0,0,0,0,0,0,0,0.00,1,0.00,2.99,0.10,0.00,0.00,D,0.00,0.47,0.48,0.43,0.56,STOP_WARNING,0.00,,7.50,8.50,504,366.87,58.2,1,1,0.00,0.00,0.00,0.47,0.00,0.00,0,0,0.00,0,0.00
2026-03-28 17:50:34,714.01,0,0,0,0,0,0,0,0.00,1,0.00,2.99,0.10,0.00,0.00,D,0.00,0.47,0.48,0.43,0.56,STOP_WARNING,0.00,,6.90,8.50,504,367.89,58.2,1,1,0.00,0.00,0.00,0.47,0.00,0.00,0,0,0.00,0,0.00
2026-03-28 17:50:35,715.01,0,0,0,0,0,0,0,0.00,1,0.00,2.99,0.10,0.00,0.00,D,0.00,0.47,0.48,0.43,0.56,STOP_WARNING,0.00,,8.10,8.40,504,368.89,57.1,1,1,0.00,0.00,0.00,0.47,0.00,0.00,0,0,0.00,0,0.00
2026-03-28 17:50:36,716.02,0,0,0,0,0,0,0,0.00,1,0.00,2.99,0.10,0.00,0.00,D,0.00,0.47,0.48,0.43,0.56,STOP_WARNING,0.00,,7.90,8.50,504,369.90,58.7,1,1,0.00,0.00,0.00,0.47,0.00,0.00,0,0,0.00,0,0.00
2026-03-28 17:50:37,717.03,0,0,0,0,0,0,0,0.00,1,0.00,2.99,0.10,0.00,0.00,D,0.00,0.47,0.48,0.43,0.56,STOP_WARNING,0.00,,6.20,8.50,504,370.91,58.7,1,1,0.00,0.00,0.00,0.47,0.00,0.00,0,0,0.00,0,0.00
2026-03-28 17:50:38,718.04,0,0,0,0,0,0,0,0.00,1,0.00,2.99,0.10,0.00,0.00,D,0.00,0.47,0.48,0.43,0.56,STOP_WARNING,0.00,,7.00,8.50,504,371.92,57.6,1,1,0.00,0.00,0.00,0.47,0.00,0.00,0,0,0.00,0,0.00
2026-03-28 17:50:39,719.05,0,0,0,0,0,0,0,0.00,1,0.00,2.99,0.10,0.00,0.00,D,0.00,0.47,0.48,0.43,0.56,STOP_WARNING,0.00,,6.90,8.50,504,372.93,57.1,1,1,0.00,0.00,0.00,0.47,0.00,0.00,0,0,0.00,0,0.00
2026-03-28 17:50:40,720.06,0,0,0,0,0,0,0,0.00,1,0.00,2.99,0.10,0.00,0.00,D,0.00,0.47,0.48,0.43,0.56,STOP_WARNING,0.00,,8.00,8.50,504,373.93,58.2,1,1,0.00,0.00,0.00,0.47,0.00,0.00,0,0,0.00,0,0.00
2026-03-28 17:50:41,721.07,0,0,0,0,0,0,0,0.00,1,0.00,2.99,0.10,0.00,0.00,D,0.00,0.47,0.48,0.43,0.56,STOP_WARNING,0.00,,7.30,8.50,504,374.95,58.2,1,1,0.00,0.00,0.00,0.47,0.00,0.00,0,0,0.00,0,0.00
2026-03-28 17:50:42,722.09,0,0,0,0,0,0,0,0.00,1,0.00,2.99,0.10,0.00,0.00,D,0.00,0.47,0.48,0.43,0.56,STOP_WARNING,0.00,,8.20,8.50,504,375.96,59.3,1,1,0.00,0.00,0.00,0.47,0.00,0.00,0,0,0.00,0,0.00
2026-03-28 17:50:43,723.10,0,0,0,0,0,0,0,0.00,1,0.00,2.99,0.10,0.00,0.00,D,0.00,0.47,0.48,0.43,0.56,STOP_WARNING,0.00,,6.70,8.50,504,376.98,58.7,1,1,0.00,0.00,0.00,0.47,0.00,0.00,0,0,0.00,0,0.00
2026-03-28 17:50:44,724.11,0,0,0,0,0,0,0,0.00,1,0.00,2.99,0.10,0.00,0.00,D,0.00,0.47,0.48,0.43,0.56,STOP_WARNING,0.00,,7.80,8.50,504,377.99,58.2,1,1,0.00,0.00,0.00,0.47,0.00,0.00,0,0,0.00,0,0.00
2026-03-28 17:50:45,725.13,0,0,0,0,0,0,0,0.00,1,0.00,2.99,0.10,0.00,0.00,D,0.00,0.47,0.48,0.43,0.56,STOP_WARNING,0.00,,8.20,8.60,504,379.00,58.2,1,1,0.00,0.00,0.00,0.47,0.00,0.00,0,0,0.00,0,0.00
2026-03-28 17:50:46,726.14,0,0,0,0,0,0,0,0.00,1,0.00,2.99,0.10,0.00,0.00,D,0.00,0.47,0.48,0.43,0.56,STOP_WARNING,0.00,,8.40,8.60,504,380.01,58.2,1,1,0.00,0.00,0.00,0.47,0.00,0.00,0,0,0.00,0,0.00
2026-03-28 17:50:47,727.15,0,0,0,0,0,0,0,0.00,1,0.00,2.99,0.10,0.00,0.00,D,0.00,0.47,0.48,0.43,0.56,STOP_WARNING,0.00,,7.50,8.50,504,381.02,57.6,1,1,0.00,0.00,0.00,0.47,0.00,0.00,0,0,0.00,0,0.00
2026-03-28 17:50:48,728.16,0,0,0,0,0,0,0,0.00,1,0.00,2.99,0.10,0.00,0.00,D,0.00,0.47,0.48,0.43,0.56,STOP_WARNING,0.00,,7.80,8.50,504,382.03,58.7,1,1,0.00,0.00,0.00,0.47,0.00,0.00,0,0,0.00,0,0.00
2026-03-28 17:50:49,729.17,0,0,0,0,0,0,0,0.00,1,0.00,2.99,0.10,0.00,0.00,D,0.00,0.47,0.48,0.43,0.56,STOP_WARNING,0.00,,9.00,8.60,504,383.04,58.7,1,1,0.00,0.00,0.00,0.47,0.00,0.00,0,0,0.00,0,0.00
2026-03-28 17:50:50,730.18,0,0,0,0,0,0,0,0.00,1,0.00,2.99,0.10,0.00,0.00,D,0.00,0.47,0.48,0.43,0.56,STOP_WARNING,0.00,,9.00,8.50,504,384.06,57.6,1,1,0.00,0.00,0.00,0.47,0.00,0.00,0,0,0.00,0,0.00
2026-03-28 17:50:51,731.19,0,0,0,0,0,0,0,0.00,1,0.00,2.99,0.10,0.00,0.00,D,0.00,0.47,0.48,0.43,0.56,STOP_WARNING,0.00,,8.90,8.50,504,385.07,58.7,1,1,0.00,0.00,0.00,0.47,0.00,0.00,0,0,0.00,0,0.00
2026-03-28 17:50:52,732.21,0,0,0,0,0,0,0,0.00,1,0.00,2.99,0.10,0.00,0.00,D,0.00,0.47,0.48,0.43,0.56,STOP_WARNING,0.00,,7.70,8.50,504,386.08,57.6,1,1,0.00,0.00,0.00,0.47,0.00,0.00,0,0,0.00,0,0.00
2026-03-28 17:50:53,733.22,0,0,0,0,0,0,0,0.00,1,0.00,2.99,0.10,0.00,0.00,D,0.00,0.47,0.48,0.43,0.56,STOP_WARNING,0.00,,9.30,8.50,504,387.10,58.2,1,1,0.00,0.00,0.00,0.47,0.00,0.00,0,0,0.00,0,0.00
2026-03-28 17:50:54,734.24,0,0,0,0,0,0,0,0.00,1,0.00,2.99,0.10,0.00,0.00,D,0.00,0.47,0.48,0.43,0.56,STOP_WARNING,0.00,,10.20,8.50,504,388.11,58.7,1,1,0.00,0.00,0.00,0.47,0.00,0.00,0,0,0.00,0,0.00
2026-03-28 17:50:55,735.25,0,0,0,0,0,0,0,0.00,1,0.00,2.99,0.10,0.00,0.00,D,0.00,0.47,0.48,0.43,0.56,STOP_WARNING,0.00,,11.80,8.50,504,389.12,58.7,1,1,0.00,0.00,0.00,0.47,0.00,0.00,0,0,0.00,0,0.00
2026-03-28 17:50:56,736.26,0,0,0,0,0,0,0,0.00,1,0.00,2.99,0.10,0.00,0.00,D,0.00,0.47,0.48,0.43,0.56,STOP_WARNING,0.00,,10.90,8.50,504,390.14,58.2,1,1,0.00,0.00,0.00,0.47,0.00,0.00,0,0,0.00,0,0.00
2026-03-28 17:50:57,737.28,0,0,0,0,0,0,0,0.00,1,0.00,2.99,0.10,0.00,0.00,D,0.00,0.47,0.48,0.43,0.56,STOP_WARNING,0.00,,11.70,8.50,504,391.16,58.7,1,1,0.00,0.00,0.00,0.47,0.00,0.00,0,0,0.00,0,0.00
2026-03-28 17:50:58,738.29,0,0,0,0,0,0,0,0.00,1,0.00,2.99,0.10,0.00,0.00,D,0.00,0.47,0.48,0.43,0.56,STOP_WARNING,0.00,,13.90,8.50,504,392.16,57.1,1,1,0.00,0.00,0.00,0.47,0.00,0.00,0,0,0.00,0,0.00
2026-03-28 17:50:59,739.30,0,0,0,0,0,0,0,0.00,1,0.00,2.99,0.10,0.00,0.00,D,0.00,0.47,0.48,0.43,0.56,STOP_WARNING,0.00,,12.40,8.50,504,393.17,57.1,1,1,0.00,0.00,0.00,0.47,0.00,0.00,0,0,0.00,0,0.00
2026-03-28 17:51:00,740.31,0,0,0,0,0,0,0,0.00,1,0.00,2.99,0.10,0.00,0.00,D,0.00,0.47,0.48,0.44,0.56,STOP_WARNING,0.00,,12.10,8.50,504,394.19,56.5,1,1,0.00,0.00,0.00,0.47,0.00,0.00,0,0,0.00,0,0.00
2026-03-28 17:51:01,741.32,0,0,0,0,0,0,0,0.00,1,0.00,2.99,0.10,0.00,0.00,D,0.00,0.47,0.48,0.43,0.56,STOP_WARNING,0.00,,12.60,8.50,504,395.20,58.2,1,1,0.00,0.00,0.00,0.47,0.00,0.00,0,0,0.00,0,0.00
2026-03-28 17:51:02,742.33,0,0,0,0,0,0,0,0.00,1,0.00,2.99,0.10,0.00,0.00,D,0.00,0.47,0.47,0.43,0.56,STOP_WARNING,0.00,,13.70,8.50,504,396.21,58.2,1,1,0.00,0.00,0.00,0.47,0.00,0.00,0,0,0.00,0,0.00
2026-03-28 17:51:03,743.34,0,0,0,0,0,0,0,0.00,1,0.00,2.99,0.10,0.00,0.00,D,0.00,0.47,0.48,0.43,0.56,STOP_WARNING,0.00,,12.90,8.50,504,397.22,57.6,1,1,0.00,0.00,0.00,0.47,0.00,0.00,0,0,0.00,0,0.00
2026-03-28 17:51:04,744.35,0,0,0,0,0,0,0,0.00,1,0.00,2.99,0.10,0.00,0.00,D,0.00,0.47,0.48,0.43,0.56,STOP_WARNING,0.00,,14.00,8.50,504,398.23,57.6,1,1,0.00,0.00,0.00,0.47,0.00,0.00,0,0,0.00,0,0.00
2026-03-28 17:51:05,745.36,0,0,0,0,0,0,0,0.00,1,0.00,2.99,0.10,0.00,0.00,D,0.00,0.47,0.48,0.43,0.56,STOP_WARNING,0.00,,13.30,8.50,504,399.24,58.7,1,1,0.00,0.00,0.00,0.47,0.00,0.00,0,0,0.00,0,0.00
2026-03-28 17:51:06,746.38,0,0,0,0,0,0,0,0.00,1,0.00,2.99,0.10,0.00,0.00,D,0.00,0.47,0.48,0.43,0.56,STOP_WARNING,0.00,,12.60,8.50,504,400.25,58.7,1,1,0.00,0.00,0.00,0.47,0.00,0.00,0,0,0.00,0,0.00
2026-03-28 17:51:07,747.39,0,0,0,0,0,0,0,0.00,1,0.00,2.99,0.10,0.00,0.00,D,0.00,0.47,0.48,0.43,0.56,STOP_WARNING,0.00,,13.00,8.50,504,401.26,57.1,1,1,0.00,0.00,0.00,0.47,0.00,0.00,0,0,0.00,0,0.00
2026-03-28 17:51:08,748.40,0,0,0,0,0,0,0,0.00,1,0.00,2.99,0.10,0.00,0.00,D,0.00,0.47,0.48,0.43,0.56,STOP_WARNING,0.00,,14.50,8.50,504,402.28,57.1,1,1,0.00,0.00,0.00,0.47,0.00,0.00,0,0,0.00,0,0.00
2026-03-28 17:51:09,749.40,0,0,0,0,0,0,0,0.00,1,0.00,2.99,0.10,0.00,0.00,D,0.00,0.47,0.48,0.43,0.56,STOP_WARNING,0.00,,14.00,8.40,504,403.28,58.2,1,1,0.00,0.00,0.00,0.47,0.00,0.00,0,0,0.00,0,0.00
2026-03-28 17:51:10,750.42,0,0,0,0,0,0,0,0.00,1,0.00,2.99,0.10,0.00,0.00,D,0.00,0.47,0.48,0.43,0.56,STOP_WARNING,0.00,,11.60,8.50,504,404.29,58.2,1,1,0.00,0.00,0.00,0.47,0.00,0.00,0,0,0.00,0,0.00
2026-03-28 17:51:11,751.43,0,0,0,0,0,0,0,0.00,1,0.00,2.99,0.10,0.00,0.00,D,0.00,0.47,0.48,0.43,0.56,STOP_WARNING,0.00,,13.40,8.50,504,405.30,59.3,1,1,0.00,0.00,0.00,0.47,0.00,0.00,0,0,0.00,0,0.00
2026-03-28 17:51:12,752.44,0,0,0,0,0,0,0,0.00,1,0.00,2.99,0.10,0.00,0.00,D,0.00,0.47,0.48,0.43,0.56,STOP_WARNING,0.00,,13.30,8.50,504,406.31,56.5,1,1,0.00,0.00,0.00,0.47,0.00,0.00,0,0,0.00,0,0.00
2026-03-28 17:51:13,753.45,0,0,0,0,0,0,0,0.00,1,0.00,2.99,0.10,0.00,0.00,D,0.00,0.47,0.48,0.43,0.56,STOP_WARNING,0.00,,13.80,8.50,504,407.32,57.6,1,1,0.00,0.00,0.00,0.47,0.00,0.00,0,0,0.00,0,0.00
2026-03-28 17:51:14,754.46,0,0,0,0,0,0,0,0.00,1,0.00,2.99,0.10,0.00,0.00,D,0.00,0.47,0.48,0.43,0.56,STOP_WARNING,0.00,,13.50,8.50,504,408.33,58.7,1,1,0.00,0.00,0.00,0.47,0.00,0.00,0,0,0.00,0,0.00
2026-03-28 17:51:15,755.47,0,0,0,0,0,0,0,0.00,1,0.00,2.99,0.10,0.00,0.00,D,0.00,0.47,0.48,0.43,0.56,STOP_WARNING,0.00,,13.90,8.50,504,409.35,58.7,1,1,0.00,0.00,0.00,0.47,0.00,0.00,0,0,0.00,0,0.00
2026-03-28 17:51:16,756.49,0,0,0,0,0,0,0,0.00,1,0.00,2.99,0.10,0.00,0.00,D,0.00,0.47,0.48,0.42,0.56,STOP_WARNING,0.00,,12.60,8.50,504,410.36,58.2,1,1,0.00,0.00,0.00,0.47,0.00,0.00,0,0,0.00,0,0.00
2026-03-28 17:51:17,757.50,0,0,0,0,0,0,0,0.00,1,0.00,2.99,0.10,0.00,0.00,D,0.00,0.47,0.48,0.43,0.56,STOP_WARNING,0.00,,12.60,8.50,504,411.38,59.8,1,1,0.00,0.00,0.00,0.47,0.00,0.00,0,0,0.00,0,0.00
2026-03-28 17:51:18,758.51,0,0,0,0,0,0,0,0.00,1,0.00,2.99,0.10,0.00,0.00,D,0.00,0.47,0.48,0.43,0.56,STOP_WARNING,0.00,,13.50,8.50,504,412.39,57.6,1,1,0.00,0.00,0.00,0.47,0.00,0.00,0,0,0.00,0,0.00
2026-03-28 17:51:20,759.53,0,0,0,0,0,0,0,0.00,1,0.00,2.99,0.10,0.00,0.00,D,0.00,0.47,0.48,0.43,0.56,STOP_WARNING,0.00,,12.90,8.50,504,413.40,57.1,1,1,0.00,0.00,0.00,0.47,0.00,0.00,0,0,0.00,0,0.00
2026-03-28 17:51:21,760.54,0,0,0,0,0,0,0,0.00,1,0.00,2.99,0.10,0.00,0.00,D,0.00,0.47,0.48,0.43,0.56,STOP_WARNING,0.00,,12.50,8.50,504,414.41,57.6,1,1,0.00,0.00,0.00,0.47,0.00,0.00,0,0,0.00,0,0.00
2026-03-28 17:51:22,761.55,0,0,0,0,0,0,0,0.00,1,0.00,2.99,0.10,0.00,0.00,D,0.00,0.47,0.48,0.43,0.56,STOP_WARNING,0.00,,14.40,8.50,504,415.43,58.2,1,1,0.00,0.00,0.00,0.47,0.00,0.00,0,0,0.00,0,0.00
2026-03-28 17:51:23,762.56,0,0,0,0,0,0,0,0.00,1,0.00,2.99,0.10,0.00,0.00,D,0.00,0.47,0.48,0.43,0.56,STOP_WARNING,0.00,,13.10,8.50,504,416.44,59.3,1,1,0.00,0.00,0.00,0.47,0.00,0.00,0,0,0.00,0,0.00
2026-03-28 17:51:24,763.57,0,0,0,0,0,0,0,0.00,1,0.00,2.99,0.10,0.00,0.00,D,0.00,0.47,0.48,0.43,0.56,STOP_WARNING,0.00,,14.10,8.50,504,417.45,58.2,1,1,0.00,0.00,0.00,0.47,0.00,0.00,0,0,0.00,0,0.00
2026-03-28 17:51:25,764.58,0,0,0,0,0,0,0,0.00,1,0.00,2.99,0.10,0.00,0.00,D,0.00,0.47,0.48,0.43,0.56,STOP_WARNING,0.00,,12.70,8.50,504,418.46,58.7,1,1,0.00,0.00,0.00,0.47,0.00,0.00,0,0,0.00,0,0.00
2026-03-28 17:51:26,765.59,0,0,0,0,0,0,0,0.00,1,0.00,2.99,0.10,0.00,0.00,D,0.00,0.47,0.48,0.43,0.56,STOP_WARNING,0.00,,13.90,8.50,504,419.47,59.8,1,1,0.00,0.00,0.00,0.47,0.00,0.00,0,0,0.00,0,0.00
2026-03-28 17:51:27,766.61,0,0,0,0,0,0,0,0.00,1,0.00,2.99,0.10,0.00,0.00,D,0.00,0.47,0.48,0.43,0.56,STOP_WARNING,0.00,,13.70,8.50,504,420.48,57.6,1,1,0.00,0.00,0.00,0.47,0.00,0.00,0,0,0.00,0,0.00
2026-03-28 17:51:28,767.62,0,0,0,0,0,0,0,0.00,1,0.00,2.99,0.10,0.00,0.00,D,0.00,0.47,0.48,0.43,0.56,STOP_WARNING,0.00,,13.90,8.50,504,421.50,57.6,1,1,0.00,0.00,0.00,0.47,0.00,0.00,0,0,0.00,0,0.00
2026-03-28 17:51:29,768.63,0,0,0,0,0,0,0,0.00,1,0.00,2.99,0.10,0.00,0.00,D,0.00,0.47,0.48,0.43,0.56,STOP_WARNING,0.00,,12.80,8.50,504,422.51,57.6,1,1,0.00,0.00,0.00,0.47,0.00,0.00,0,0,0.00,0,0.00
2026-03-28 17:51:30,769.65,0,0,0,0,0,0,0,0.00,1,0.00,2.99,0.10,0.00,0.00,D,0.00,0.47,0.48,0.43,0.56,STOP_WARNING,0.00,,12.40,8.50,504,423.52,59.8,1,1,0.00,0.00,0.00,0.47,0.00,0.00,0,0,0.00,0,0.00
2026-03-28 17:51:31,770.66,0,0,0,0,0,0,0,0.00,1,0.00,2.99,0.10,0.00,0.00,D,0.00,0.47,0.48,0.43,0.56,STOP_WARNING,0.00,,12.70,8.50,504,424.53,58.7,1,1,0.00,0.00,0.00,0.47,0.00,0.00,0,0,0.00,0,0.00
2026-03-28 17:51:32,771.67,0,0,0,0,0,0,0,0.00,1,0.00,2.99,0.10,0.00,0.00,D,0.00,0.47,0.48,0.43,0.56,STOP_WARNING,0.00,,12.90,8.50,504,425.54,58.2,1,1,0.00,0.00,0.00,0.47,0.00,0.00,0,0,0.00,0,0.00
2026-03-28 17:51:33,772.68,0,0,0,0,0,0,0,0.00,1,0.00,2.99,0.10,0.00,0.00,D,0.00,0.47,0.48,0.43,0.56,STOP_WARNING,0.00,,13.90,8.50,504,426.56,58.2,1,1,0.00,0.00,0.00,0.47,0.00,0.00,0,0,0.00,0,0.00
2026-03-28 17:51:34,773.70,0,0,0,0,0,0,0,0.00,1,0.00,2.99,0.10,0.00,0.00,D,0.00,0.47,0.48,0.43,0.56,STOP_WARNING,0.00,,11.50,8.50,504,427.57,58.7,1,1,0.00,0.00,0.00,0.47,0.00,0.00,0,0,0.00,0,0.00
2026-03-28 17:51:35,774.71,0,0,0,0,0,0,0,0.00,1,0.00,2.99,0.10,0.00,0.00,D,0.00,0.47,0.48,0.43,0.56,STOP_WARNING,0.00,,11.20,8.50,504,428.59,57.6,1,1,0.00,0.00,0.00,0.47,0.00,0.00,0,0,0.00,0,0.00
2026-03-28 17:51:36,775.71,0,0,0,0,0,0,0,0.00,1,0.00,2.99,0.10,0.00,0.00,D,0.00,0.47,0.48,0.43,0.56,STOP_WARNING,0.00,,10.20,8.50,504,429.59,58.2,1,1,0.00,0.00,0.00,0.47,0.00,0.00,0,0,0.00,0,0.00
2026-03-28 17:51:37,776.72,0,0,0,0,0,0,0,0.00,1,0.00,2.99,0.10,0.00,0.00,D,0.00,0.47,0.48,0.43,0.56,STOP_WARNING,0.00,,10.60,8.50,504,430.60,59.3,1,1,0.00,0.00,0.00,0.47,0.00,0.00,0,0,0.00,0,0.00
2026-03-28 17:51:38,777.74,0,0,0,0,0,0,0,0.00,1,0.00,2.99,0.10,0.00,0.00,D,0.00,0.47,0.48,0.43,0.56,STOP_WARNING,0.00,,10.30,8.50,504,431.61,59.8,1,1,0.00,0.00,0.00,0.47,0.00,0.00,0,0,0.00,0,0.00
2026-03-28 17:51:39,778.75,0,0,0,0,0,0,0,0.00,1,0.00,2.99,0.10,0.00,0.00,D,0.00,0.47,0.48,0.43,0.56,STOP_WARNING,0.00,,11.40,8.50,504,432.63,57.1,1,1,0.00,0.00,0.00,0.47,0.00,0.00,0,0,0.00,0,0.00
2026-03-28 17:51:40,779.76,0,0,0,0,0,0,0,0.00,1,0.00,2.99,0.10,0.00,0.00,D,0.00,0.47,0.48,0.43,0.56,STOP_WARNING,0.00,,8.70,8.50,504,433.64,57.1,1,1,0.00,0.00,0.00,0.47,0.00,0.00,0,0,0.00,0,0.00
2026-03-28 17:51:41,780.78,0,0,0,0,0,0,0,0.00,1,0.00,2.99,0.10,0.00,0.00,D,0.00,0.47,0.48,0.43,0.56,STOP_WARNING,0.00,,9.60,8.50,504,434.65,58.7,1,1,0.00,0.00,0.00,0.47,0.00,0.00,0,0,0.00,0,0.00
2026-03-28 17:51:42,781.79,0,0,0,0,0,0,0,0.00,1,0.00,2.99,0.10,0.00,0.00,D,0.00,0.47,0.48,0.43,0.56,STOP_WARNING,0.00,,12.20,8.50,504,435.66,58.2,1,1,0.00,0.00,0.00,0.47,0.00,0.00,0,0,0.00,0,0.00
2026-03-28 17:51:43,782.80,0,0,0,0,0,0,0,0.00,1,0.00,2.99,0.10,0.00,0.00,D,0.00,0.47,0.48,0.43,0.56,STOP_WARNING,0.00,,10.40,8.50,504,436.68,59.3,1,1,0.00,0.00,0.00,0.47,0.00,0.00,0,0,0.00,0,0.00
2026-03-28 17:51:44,783.81,0,0,0,0,0,0,0,0.00,1,0.00,2.99,0.09,0.00,0.00,D,0.00,0.47,0.48,0.42,0.56,STOP_WARNING,0.00,,10.80,8.50,504,437.69,58.2,1,1,0.00,0.00,0.00,0.47,0.00,0.00,0,0,0.00,0,0.00
2026-03-28 17:51:45,784.83,0,0,0,0,0,0,0,0.00,1,0.00,2.99,0.09,0.00,0.00,D,0.00,0.47,0.48,0.43,0.56,STOP_WARNING,0.00,,10.80,8.50,504,438.70,58.2,1,1,0.00,0.00,0.00,0.47,0.00,0.00,0,0,0.00,0,0.00
2026-03-28 17:51:46,785.84,0,0,0,0,0,0,0,0.00,1,0.00,2.99,0.09,0.00,0.00,D,0.00,0.47,0.48,0.43,0.56,STOP_WARNING,0.00,,10.00,8.50,504,439.71,58.7,1,1,0.00,0.00,0.00,0.47,0.00,0.00,0,0,0.00,0,0.00
2026-03-28 17:51:47,786.85,0,0,0,0,0,0,0,0.00,1,0.00,2.99,0.09,0.00,0.00,D,0.00,0.47,0.48,0.43,0.56,STOP_WARNING,0.00,,9.90,8.50,504,440.73,58.2,1,1,0.00,0.00,0.00,0.47,0.00,0.00,0,0,0.00,0,0.00
2026-03-28 17:51:48,787.87,0,0,0,0,0,0,0,0.00,1,0.00,2.99,0.09,0.00,0.00,D,0.00,0.47,0.48,0.43,0.56,STOP_WARNING,0.00,,11.90,8.50,504,441.74,59.3,1,1,0.00,0.00,0.00,0.47,0.00,0.00,0,0,0.00,0,0.00
2026-03-28 17:51:49,788.88,0,0,0,0,0,0,0,0.00,1,0.00,2.99,0.09,0.00,0.00,D,0.00,0.47,0.48,0.43,0.56,STOP_WARNING,0.00,,9.90,8.50,504,442.76,58.7,1,1,0.00,0.00,0.00,0.47,0.00,0.00,0,0,0.00,0,0.00
2026-03-28 17:51:50,789.90,0,0,0,0,0,0,0,0.00,1,0.00,2.99,0.09,0.00,0.00,D,0.00,0.47,0.48,0.43,0.56,STOP_WARNING,0.00,,7.30,8.50,504,443.77,58.2,1,1,0.00,0.00,0.00,0.47,0.00,0.00,0,0,0.00,0,0.00
2026-03-28 17:51:51,790.91,0,0,0,0,0,0,0,0.00,1,0.00,2.99,0.09,0.00,0.00,D,0.00,0.47,0.48,0.43,0.56,STOP_WARNING,0.00,,6.30,8.40,504,444.78,58.2,1,1,0.00,0.00,0.00,0.47,0.00,0.00,0,0,0.00,0,0.00
2026-03-28 17:51:52,791.92,0,0,0,0,0,0,0,0.00,1,0.00,2.99,0.09,0.00,0.00,D,0.00,0.47,0.48,0.43,0.56,STOP_WARNING,0.00,,7.00,8.50,504,445.79,57.6,1,1,0.00,0.00,0.00,0.47,0.00,0.00,0,0,0.00,0,0.00
2026-03-28 17:51:53,792.93,0,0,0,0,0,0,0,0.00,1,0.00,2.99,0.09,0.00,0.00,D,0.00,0.47,0.48,0.43,0.56,STOP_WARNING,0.00,,5.30,8.50,504,446.81,57.6,1,1,0.00,0.00,0.00,0.47,0.00,0.00,0,0,0.00,0,0.00
2026-03-28 17:51:54,793.94,0,0,0,0,0,0,0,0.00,1,0.00,2.99,0.09,0.00,0.00,D,0.00,0.47,0.48,0.43,0.56,STOP_WARNING,0.00,,4.90,8.40,504,447.81,58.2,1,1,0.00,0.00,0.00,0.47,0.00,0.00,0,0,0.00,0,0.00
2026-03-28 17:51:55,794.95,0,0,0,0,0,0,0,0.00,1,0.00,2.99,0.09,0.00,0.00,D,0.00,0.47,0.48,0.43,0.56,STOP_WARNING,0.00,,5.10,8.40,504,448.83,57.6,1,1,0.00,0.00,0.00,0.47,0.00,0.00,0,0,0.00,0,0.00
2026-03-28 17:51:56,795.96,0,0,0,0,0,0,0,0.00,1,0.00,2.99,0.09,0.00,0.00,D,0.00,0.47,0.48,0.43,0.56,STOP_WARNING,0.00,,5.00,8.40,504,449.84,58.2,1,1,0.00,0.00,0.00,0.47,0.00,0.00,0,0,0.00,0,0.00
2026-03-28 17:51:57,796.97,0,0,0,0,0,0,0,0.00,1,0.00,2.99,0.09,0.00,0.00,D,0.00,0.47,0.48,0.43,0.56,STOP_WARNING,0.00,,6.00,8.40,504,450.85,57.6,1,1,0.00,0.00,0.00,0.47,0.00,0.00,0,0,0.00,0,0.00
2026-03-28 17:51:58,797.98,0,0,0,0,0,0,0,0.00,1,0.00,2.99,0.09,0.00,0.00,D,0.00,0.47,0.48,0.43,0.56,STOP_WARNING,0.00,,5.00,8.40,504,451.86,58.7,1,1,0.00,0.00,0.00,0.47,0.00,0.00,0,0,0.00,0,0.00
2026-03-28 17:51:59,799.00,0,0,0,0,0,0,0,0.00,1,0.00,2.99,0.09,0.00,0.00,D,0.00,0.47,0.48,0.43,0.56,STOP_WARNING,0.00,,4.70,8.50,504,452.87,58.7,1,1,0.00,0.00,0.00,0.47,0.00,0.00,0,0,0.00,0,0.00
2026-03-28 17:52:00,800.01,0,0,0,0,0,0,0,0.00,1,0.00,2.99,0.09,0.00,0.00,D,0.00,0.47,0.48,0.43,0.56,STOP_WARNING,0.00,,4.80,8.50,504,453.88,57.1,1,1,0.00,0.00,0.00,0.47,0.00,0.00,0,0,0.00,0,0.00
2026-03-28 17:52:01,801.02,0,0,0,0,0,0,0,0.00,1,0.00,2.99,0.09,0.00,0.00,D,0.00,0.47,0.48,0.43,0.56,STOP_WARNING,0.00,,7.60,8.50,504,454.90,58.7,1,1,0.00,0.00,0.00,0.47,0.00,0.00,0,0,0.00,0,0.00
2026-03-28 17:52:02,802.03,0,0,0,0,0,0,0,0.00,1,0.00,2.99,0.09,0.00,0.00,D,0.00,0.47,0.48,0.43,0.56,STOP_WARNING,0.00,,4.80,8.50,504,455.91,58.7,1,1,0.00,0.00,0.00,0.47,0.00,0.00,0,0,0.00,0,0.00
2026-03-28 17:52:03,803.04,0,0,0,0,0,0,0,0.00,1,0.00,2.99,0.09,0.00,0.00,D,0.00,0.47,0.48,0.43,0.56,STOP_WARNING,0.00,,6.00,8.50,504,456.92,57.1,1,1,0.00,0.00,0.00,0.47,0.00,0.00,0,0,0.00,0,0.00
2026-03-28 17:52:04,804.06,0,0,0,0,0,0,0,0.00,1,0.00,2.99,0.09,0.00,0.00,D,0.00,0.47,0.48,0.43,0.56,STOP_WARNING,0.00,,6.30,8.50,504,457.93,57.6,1,1,0.00,0.00,0.00,0.47,0.00,0.00,0,0,0.00,0,0.00
2026-03-28 17:52:05,805.07,0,0,0,0,0,0,0,0.00,1,0.00,2.99,0.09,0.00,0.00,D,0.00,0.47,0.48,0.43,0.56,STOP_WARNING,0.00,,6.50,8.50,504,458.94,58.2,1,1,0.00,0.00,0.00,0.47,0.00,0.00,0,0,0.00,0,0.00
2026-03-28 17:52:06,806.08,0,0,0,0,0,0,0,0.00,1,0.00,2.99,0.09,0.00,0.00,D,0.00,0.47,0.48,0.43,0.56,STOP_WARNING,0.00,,7.80,8.50,504,459.96,58.2,1,1,0.00,0.00,0.00,0.47,0.00,0.00,0,0,0.00,0,0.00
2026-03-28 17:52:07,807.09,0,0,0,0,0,0,0,0.00,1,0.00,2.99,0.09,0.00,0.00,D,0.00,0.47,0.48,0.43,0.56,STOP_WARNING,0.00,,8.40,8.50,504,460.96,58.2,1,1,0.00,0.00,0.00,0.47,0.00,0.00,0,0,0.00,0,0.00
2026-03-28 17:52:08,808.10,0,0,0,0,0,0,0,0.00,1,0.00,2.99,0.09,0.00,0.00,D,0.00,0.47,0.48,0.43,0.56,STOP_WARNING,0.00,,8.30,8.50,504,461.97,57.6,1,1,0.00,0.00,0.00,0.47,0.00,0.00,0,0,0.00,0,0.00
2026-03-28 17:52:09,809.11,0,0,0,0,0,0,0,0.00,1,0.00,2.99,0.09,0.00,0.00,D,0.00,0.47,0.48,0.43,0.56,STOP_WARNING,0.00,,6.80,8.60,504,462.99,58.7,1,1,0.00,0.00,0.00,0.47,0.00,0.00,0,0,0.00,0,0.00
2026-03-28 17:52:10,810.12,0,0,0,0,0,0,0,0.00,1,0.00,2.99,0.09,0.00,0.00,D,0.00,0.47,0.48,0.43,0.56,STOP_WARNING,0.00,,7.10,8.50,504,464.00,58.2,1,1,0.00,0.00,0.00,0.47,0.00,0.00,0,0,0.00,0,0.00
2026-03-28 17:52:11,811.13,0,0,0,0,0,0,0,0.00,1,0.00,2.99,0.09,0.00,0.00,D,0.00,0.47,0.48,0.43,0.56,STOP_WARNING,0.00,,7.70,8.50,504,465.01,58.7,1,1,0.00,0.00,0.00,0.47,0.00,0.00,0,0,0.00,0,0.00
2026-03-28 17:52:12,812.15,0,0,0,0,0,0,0,0.00,1,0.00,2.99,0.09,0.00,0.00,D,0.00,0.47,0.48,0.43,0.56,STOP_WARNING,0.00,,8.50,8.50,504,466.02,58.7,1,1,0.00,0.00,0.00,0.47,0.00,0.00,0,0,0.00,0,0.00
2026-03-28 17:52:13,813.16,0,0,0,0,0,0,0,0.00,1,0.00,2.99,0.09,0.00,0.00,D,0.00,0.47,0.48,0.43,0.56,STOP_WARNING,0.00,,8.50,8.50,504,467.04,57.6,1,1,0.00,0.00,0.00,0.47,0.00,0.00,0,0,0.00,0,0.00
2026-03-28 17:52:14,814.16,0,0,0,0,0,0,0,0.00,1,0.00,2.99,0.09,0.00,0.00,D,0.00,0.47,0.48,0.43,0.56,STOP_WARNING,0.00,,8.10,8.50,504,468.04,57.6,1,1,0.00,0.00,0.00,0.47,0.00,0.00,0,0,0.00,0,0.00
2026-03-28 17:52:15,815.16,0,0,0,0,0,0,0,0.00,1,0.00,2.99,0.09,0.00,0.00,D,0.00,0.47,0.48,0.43,0.56,STOP_WARNING,0.00,,7.00,8.50,504,469.04,58.7,1,1,0.00,0.00,0.00,0.47,0.00,0.00,0,0,0.00,0,0.00
2026-03-28 17:52:16,816.17,0,0,0,0,0,0,0,0.00,1,0.00,2.99,0.09,0.00,0.00,D,0.00,0.47,0.48,0.43,0.56,STOP_WARNING,0.00,,8.50,8.50,504,470.05,58.7,1,1,0.00,0.00,0.00,0.47,0.00,0.00,0,0,0.00,0,0.00
2026-03-28 17:52:17,817.19,0,0,0,0,0,0,0,0.00,1,0.00,2.99,0.09,0.00,0.00,D,0.00,0.47,0.48,0.43,0.56,STOP_WARNING,0.00,,7.70,8.50,504,471.06,59.8,1,1,0.00,0.00,0.00,0.47,0.00,0.00,0,0,0.00,0,0.00
2026-03-28 17:52:18,818.20,0,0,0,0,0,0,0,0.00,1,0.00,2.99,0.09,0.00,0.00,D,0.00,0.47,0.48,0.43,0.56,STOP_WARNING,0.00,,7.90,8.50,504,472.08,59.3,1,1,0.00,0.00,0.00,0.47,0.00,0.00,0,0,0.00,0,0.00
2026-03-28 17:52:19,819.21,0,0,0,0,0,0,0,0.00,1,0.00,2.99,0.09,0.00,0.00,D,0.00,0.47,0.48,0.43,0.56,STOP_WARNING,0.00,,8.20,8.50,504,473.09,58.7,1,1,0.00,0.00,0.00,0.47,0.00,0.00,0,0,0.00,0,0.00
2026-03-28 17:52:20,820.22,0,0,0,0,0,0,0,0.00,1,0.00,2.99,0.09,0.00,0.00,D,0.00,0.47,0.48,0.43,0.56,STOP_WARNING,0.00,,8.80,8.50,504,474.09,59.3,1,1,0.00,0.00,0.00,0.47,0.00,0.00,0,0,0.00,0,0.00
2026-03-28 17:52:21,821.22,0,0,0,0,0,0,0,0.00,1,0.00,2.99,0.09,0.00,0.00,D,0.00,0.47,0.48,0.43,0.56,STOP_WARNING,0.00,,9.00,8.50,504,475.10,59.3,1,1,0.00,0.00,0.00,0.47,0.00,0.00,0,0,0.00,0,0.00
2026-03-28 17:52:22,822.24,0,0,0,0,0,0,0,0.00,1,0.00,2.99,0.09,0.00,0.00,D,0.00,0.47,0.48,0.43,0.56,STOP_WARNING,0.00,,9.20,8.50,504,476.11,57.1,1,1,0.00,0.00,0.00,0.47,0.00,0.00,0,0,0.00,0,0.00
2026-03-28 17:52:23,823.25,0,0,0,0,0,0,0,0.00,1,0.00,2.99,0.09,0.00,0.00,D,0.00,0.47,0.48,0.43,0.56,STOP_WARNING,0.00,,10.20,8.50,504,477.12,58.7,1,1,0.00,0.00,0.00,0.47,0.00,0.00,0,0,0.00,0,0.00
2026-03-28 17:52:24,824.26,0,0,0,0,0,0,0,0.00,1,0.00,2.99,0.09,0.00,0.00,D,0.00,0.47,0.48,0.43,0.56,STOP_WARNING,0.00,,9.90,8.50,504,478.14,58.2,1,1,0.00,0.00,0.00,0.47,0.00,0.00,0,0,0.00,0,0.00
2026-03-28 17:52:25,825.27,0,0,0,0,0,0,0,0.00,1,0.00,2.99,0.09,0.00,0.00,D,0.00,0.47,0.48,0.43,0.56,STOP_WARNING,0.00,,12.00,8.50,504,479.15,57.6,1,1,0.00,0.00,0.00,0.47,0.00,0.00,0,0,0.00,0,0.00
2026-03-28 17:52:26,826.29,0,0,0,0,0,0,0,0.00,1,0.00,2.99,0.09,0.00,0.00,D,0.00,0.47,0.48,0.43,0.56,STOP_WARNING,0.00,,11.70,8.50,504,480.16,58.7,1,1,0.00,0.00,0.00,0.47,0.00,0.00,0,0,0.00,0,0.00
2026-03-28 17:52:27,827.30,0,0,0,0,0,0,0,0.00,1,0.00,2.99,0.09,0.00,0.00,D,0.00,0.47,0.48,0.43,0.56,STOP_WARNING,0.00,,13.00,8.50,504,481.17,59.3,1,1,0.00,0.00,0.00,0.47,0.00,0.00,0,0,0.00,0,0.00
2026-03-28 17:52:28,828.31,0,0,0,0,0,0,0,0.00,1,0.00,2.99,0.09,0.00,0.00,D,0.00,0.47,0.48,0.43,0.56,STOP_WARNING,0.00,,13.00,8.50,504,482.18,57.1,1,1,0.00,0.00,0.00,0.47,0.00,0.00,0,0,0.00,0,0.00
2026-03-28 17:52:29,829.32,0,0,0,0,0,0,0,0.00,1,0.00,2.99,0.09,0.00,0.00,D,0.00,0.47,0.48,0.43,0.56,STOP_WARNING,0.00,,12.80,8.50,504,483.20,58.2,1,1,0.00,0.00,0.00,0.47,0.00,0.00,0,0,0.00,0,0.00
2026-03-28 17:52:30,830.33,0,0,0,0,0,0,0,0.00,1,0.00,2.99,0.09,0.00,0.00,D,0.00,0.47,0.48,0.43,0.56,STOP_WARNING,0.00,,14.40,8.50,504,484.21,58.7,1,1,0.00,0.00,0.00,0.47,0.00,0.00,0,0,0.00,0,0.00
2026-03-28 17:52:31,831.35,0,0,0,0,0,0,0,0.00,1,0.00,2.99,0.09,0.00,0.00,D,0.00,0.47,0.48,0.43,0.56,STOP_WARNING,0.00,,14.20,8.50,504,485.22,58.7,1,1,0.00,0.00,0.00,0.47,0.00,0.00,0,0,0.00,0,0.00
2026-03-28 17:52:32,832.36,0,0,0,0,0,0,0,0.00,1,0.00,2.99,0.09,0.00,0.00,D,0.00,0.47,0.48,0.43,0.56,STOP_WARNING,0.00,,12.60,8.50,504,486.23,58.2,1,1,0.00,0.00,0.00,0.47,0.00,0.00,0,0,0.00,0,0.00
2026-03-28 17:52:33,833.37,0,0,0,0,0,0,0,0.00,1,0.00,2.99,0.09,0.00,0.00,D,0.00,0.47,0.48,0.43,0.56,STOP_WARNING,0.00,,12.80,8.50,504,487.25,57.6,1,1,0.00,0.00,0.00,0.47,0.00,0.00,0,0,0.00,0,0.00
2026-03-28 17:52:34,834.38,0,0,0,0,0,0,0,0.00,1,0.00,2.99,0.09,0.00,0.00,D,0.00,0.47,0.48,0.43,0.56,STOP_WARNING,0.00,,13.90,8.50,504,488.26,57.6,1,1,0.00,0.00,0.00,0.47,0.00,0.00,0,0,0.00,0,0.00
2026-03-28 17:52:35,835.39,0,0,0,0,0,0,0,0.00,1,0.00,2.99,0.09,0.00,0.00,D,0.00,0.47,0.48,0.43,0.56,STOP_WARNING,0.00,,14.10,8.40,504,489.27,59.3,1,1,0.00,0.00,0.00,0.47,0.00,0.00,0,0,0.00,0,0.00
2026-03-28 17:52:36,836.40,0,0,0,0,0,0,0,0.00,1,0.00,2.99,0.09,0.00,0.00,D,0.00,0.47,0.48,0.42,0.56,STOP_WARNING,0.00,,13.30,8.40,504,490.28,57.6,1,1,0.00,0.00,0.00,0.47,0.00,0.00,0,0,0.00,0,0.00
2026-03-28 17:52:37,837.41,0,0,0,0,0,0,0,0.00,1,0.00,2.99,0.09,0.00,0.00,D,0.00,0.47,0.48,0.43,0.56,STOP_WARNING,0.00,,12.80,8.50,504,491.29,58.2,1,1,0.00,0.00,0.00,0.47,0.00,0.00,0,0,0.00,0,0.00
2026-03-28 17:52:38,838.43,0,0,0,0,0,0,0,0.00,1,0.00,2.99,0.09,0.00,0.00,D,0.00,0.47,0.48,0.43,0.56,STOP_WARNING,0.00,,14.60,8.50,504,492.31,58.7,1,1,0.00,0.00,0.00,0.47,0.00,0.00,0,0,0.00,0,0.00
2026-03-28 17:52:39,839.44,0,0,0,0,0,0,0,0.00,1,0.00,2.99,0.09,0.00,0.00,D,0.00,0.47,0.48,0.43,0.56,STOP_WARNING,0.00,,14.10,8.50,504,493.32,58.7,1,1,0.00,0.00,0.00,0.47,0.00,0.00,0,0,0.00,0,0.00
2026-03-28 17:52:40,840.46,0,0,0,0,0,0,0,0.00,1,0.00,2.99,0.09,0.00,0.00,D,0.00,0.47,0.48,0.43,0.56,STOP_WARNING,0.00,,13.70,8.40,504,494.33,58.7,1,1,0.00,0.00,0.00,0.47,0.00,0.00,0,0,0.00,0,0.00
2026-03-28 17:52:41,841.47,0,0,0,0,0,0,0,0.00,1,0.00,2.99,0.09,0.00,0.00,D,0.00,0.47,0.48,0.43,0.56,STOP_WARNING,0.00,,12.30,8.40,504,495.34,57.1,1,1,0.00,0.00,0.00,0.47,0.00,0.00,0,0,0.00,0,0.00
2026-03-28 17:52:42,842.48,0,0,0,0,0,0,0,0.00,1,0.00,2.99,0.09,0.00,0.00,D,0.00,0.47,0.48,0.43,0.56,STOP_WARNING,0.00,,11.60,8.50,504,496.35,58.7,1,1,0.00,0.00,0.00,0.47,0.00,0.00,0,0,0.00,0,0.00
2026-03-28 17:52:43,843.49,0,0,0,0,0,0,0,0.00,1,0.00,2.99,0.09,0.00,0.00,D,0.00,0.47,0.48,0.43,0.56,STOP_WARNING,0.00,,12.50,8.50,504,497.37,58.7,1,1,0.00,0.00,0.00,0.47,0.00,0.00,0,0,0.00,0,0.00
2026-03-28 17:52:44,844.51,0,0,0,0,0,0,0,0.00,1,0.00,2.99,0.09,0.00,0.00,D,0.00,0.47,0.48,0.43,0.56,STOP_WARNING,0.00,,13.20,8.40,504,498.38,58.2,1,1,0.00,0.00,0.00,0.47,0.00,0.00,0,0,0.00,0,0.00
2026-03-28 17:52:45,845.52,0,0,0,0,0,0,0,0.00,1,0.00,2.99,0.09,0.00,0.00,D,0.00,0.47,0.48,0.43,0.56,STOP_WARNING,0.00,,13.70,8.50,504,499.39,57.1,1,1,0.00,0.00,0.00,0.47,0.00,0.00,0,0,0.00,0,0.00
2026-03-28 17:52:47,846.53,0,0,0,0,0,0,0,0.00,1,0.00,2.99,0.09,0.00,0.00,D,0.00,0.47,0.48,0.43,0.56,STOP_WARNING,0.00,,13.10,8.50,504,500.40,58.7,1,1,0.00,0.00,0.00,0.47,0.00,0.00,0,0,0.00,0,0.00
2026-03-28 17:52:48,847.54,0,0,0,0,0,0,0,0.00,1,0.00,2.99,0.09,0.00,0.00,D,0.00,0.47,0.48,0.43,0.56,STOP_WARNING,0.00,,13.30,8.50,504,501.42,58.2,1,1,0.00,0.00,0.00,0.47,0.00,0.00,0,0,0.00,0,0.00
2026-03-28 17:52:49,848.55,0,0,0,0,0,0,0,0.00,1,0.00,2.99,0.09,0.00,0.00,D,0.00,0.47,0.48,0.43,0.56,STOP_WARNING,0.00,,12.20,8.50,504,502.43,59.3,1,1,0.00,0.00,0.00,0.47,0.00,0.00,0,0,0.00,0,0.00
2026-03-28 17:52:50,849.56,0,0,0,0,0,0,0,0.00,1,0.00,2.99,0.09,0.00,0.00,D,0.00,0.47,0.48,0.43,0.56,STOP_WARNING,0.00,,13.00,8.50,504,503.44,57.6,1,1,0.00,0.00,0.00,0.47,0.00,0.00,0,0,0.00,0,0.00
2026-03-28 17:52:51,850.57,0,0,0,0,0,0,0,0.00,1,0.00,2.99,0.09,0.00,0.00,D,0.00,0.47,0.48,0.43,0.56,STOP_WARNING,0.00,,13.40,8.50,504,504.45,58.2,1,1,0.00,0.00,0.00,0.47,0.00,0.00,0,0,0.00,0,0.00
2026-03-28 17:52:52,851.58,0,0,0,0,0,0,0,0.00,1,0.00,2.99,0.09,0.00,0.00,D,0.00,0.47,0.48,0.43,0.56,STOP_WARNING,0.00,,12.40,8.50,504,505.46,58.2,1,1,0.00,0.00,0.00,0.47,0.00,0.00,0,0,0.00,0,0.00
2026-03-28 17:52:53,852.60,0,0,0,0,0,0,0,0.00,1,0.00,2.99,0.09,0.00,0.00,D,0.00,0.47,0.48,0.43,0.56,STOP_WARNING,0.00,,12.20,8.50,504,506.47,57.6,1,1,0.00,0.00,0.00,0.47,0.00,0.00,0,0,0.00,0,0.00
2026-03-28 17:52:54,853.61,0,0,0,0,0,0,0,0.00,1,0.00,2.99,0.09,0.00,0.00,D,0.00,0.47,0.48,0.43,0.56,STOP_WARNING,0.00,,11.60,8.50,504,507.48,58.7,1,1,0.00,0.00,0.00,0.47,0.00,0.00,0,0,0.00,0,0.00
2026-03-28 17:52:55,854.62,0,0,0,0,0,0,0,0.00,1,0.00,2.99,0.09,0.00,0.00,D,0.00,0.47,0.48,0.43,0.56,STOP_WARNING,0.00,,13.50,8.50,504,508.50,58.7,1,1,0.00,0.00,0.00,0.47,0.00,0.00,0,0,0.00,0,0.00
2026-03-28 17:52:56,855.64,0,0,0,0,0,0,0,0.00,1,0.00,2.99,0.09,0.00,0.00,D,0.00,0.47,0.48,0.43,0.56,STOP_WARNING,0.00,,10.30,8.50,504,509.51,58.7,1,1,0.00,0.00,0.00,0.47,0.00,0.00,0,0,0.00,0,0.00
2026-03-28 17:52:57,856.65,0,0,0,0,0,0,0,0.00,1,0.00,2.99,0.09,0.00,0.00,D,0.00,0.47,0.48,0.43,0.56,STOP_WARNING,0.00,,10.20,8.50,504,510.52,59.3,1,1,0.00,0.00,0.00,0.47,0.00,0.00,0,0,0.00,0,0.00
2026-03-28 17:52:58,857.66,0,0,0,0,0,0,0,0.00,1,0.00,2.99,0.09,0.00,0.00,D,0.00,0.47,0.48,0.43,0.56,STOP_WARNING,0.00,,10.10,8.50,504,511.54,58.7,1,1,0.00,0.00,0.00,0.47,0.00,0.00,0,0,0.00,0,0.00
2026-03-28 17:52:59,858.67,0,0,0,0,0,0,0,0.00,1,0.00,2.99,0.09,0.00,0.00,D,0.00,0.47,0.48,0.43,0.56,STOP_WARNING,0.00,,9.50,8.40,504,512.55,58.2,1,1,0.00,0.00,0.00,0.47,0.00,0.00,0,0,0.00,0,0.00
2026-03-28 17:53:00,859.68,0,0,0,0,0,0,0,0.00,1,0.00,2.99,0.09,0.00,0.00,D,0.00,0.47,0.48,0.43,0.56,STOP_WARNING,0.00,,10.00,8.50,504,513.56,59.3,1,1,0.00,0.00,0.00,0.47,0.00,0.00,0,0,0.00,0,0.00
2026-03-28 17:53:01,860.70,0,0,0,0,0,0,0,0.00,1,0.00,2.99,0.09,0.00,0.00,D,0.00,0.47,0.48,0.43,0.56,STOP_WARNING,0.00,,11.70,8.50,504,514.57,57.1,1,1,0.00,0.00,0.00,0.47,0.00,0.00,0,0,0.00,0,0.00
2026-03-28 17:53:02,861.71,0,0,0,0,0,0,0,0.00,1,0.00,2.99,0.09,0.00,0.00,D,0.00,0.47,0.48,0.43,0.56,STOP_WARNING,0.00,,6.10,8.50,504,515.59,57.6,1,1,0.00,0.00,0.00,0.47,0.00,0.00,0,0,0.00,0,0.00
2026-03-28 17:53:03,862.72,0,0,0,0,0,0,0,0.00,1,0.00,2.99,0.09,0.00,0.00,D,0.00,0.47,0.48,0.43,0.56,STOP_WARNING,0.00,,5.80,8.50,504,516.60,57.1,1,1,0.00,0.00,0.00,0.47,0.00,0.00,0,0,0.00,0,0.00
2026-03-28 17:53:04,863.73,0,0,0,0,0,0,0,0.00,1,0.00,2.99,0.09,0.00,0.00,D,0.00,0.47,0.48,0.43,0.56,STOP_WARNING,0.00,,5.30,8.50,504,517.61,58.7,1,1,0.00,0.00,0.00,0.47,0.00,0.00,0,0,0.00,0,0.00
2026-03-28 17:53:05,864.74,0,0,0,0,0,0,0,0.00,1,0.00,2.99,0.09,0.00,0.00,D,0.00,0.47,0.48,0.43,0.56,STOP_WARNING,0.00,,4.50,8.40,504,518.62,58.7,1,1,0.00,0.00,0.00,0.47,0.00,0.00,0,0,0.00,0,0.00
2026-03-28 17:53:06,865.75,0,0,0,0,0,0,0,0.00,1,0.00,2.99,0.09,0.00,0.00,D,0.00,0.47,0.48,0.43,0.56,STOP_WARNING,0.00,,5.50,8.40,504,519.63,58.2,1,1,0.00,0.00,0.00,0.47,0.00,0.00,0,0,0.00,0,0.00
2026-03-28 17:53:07,866.76,0,0,0,0,0,0,0,0.00,1,0.00,2.99,0.09,0.00,0.00,D,0.00,0.47,0.48,0.43,0.56,STOP_WARNING,0.00,,4.80,8.50,504,520.64,58.2,1,1,0.00,0.00,0.00,0.47,0.00,0.00,0,0,0.00,0,0.00
2026-03-28 17:53:08,867.78,0,0,0,0,0,0,0,0.00,1,0.00,2.99,0.09,0.00,0.00,D,0.00,0.47,0.48,0.43,0.56,STOP_WARNING,0.00,,5.80,8.50,504,521.65,58.7,1,1,0.00,0.00,0.00,0.47,0.00,0.00,0,0,0.00,0,0.00
2026-03-28 17:53:09,868.79,0,0,0,0,0,0,0,0.00,1,0.00,2.99,0.09,0.00,0.00,D,0.00,0.47,0.48,0.43,0.56,STOP_WARNING,0.00,,5.30,8.60,504,522.66,57.6,1,1,0.00,0.00,0.00,0.47,0.00,0.00,0,0,0.00,0,0.00
2026-03-28 17:53:10,869.80,0,0,0,0,0,0,0,0.00,1,0.00,2.99,0.09,0.00,0.00,D,0.00,0.47,0.48,0.43,0.56,STOP_WARNING,0.00,,6.50,8.60,504,523.67,58.7,1,1,0.00,0.00,0.00,0.47,0.00,0.00,0,0,0.00,0,0.00
2026-03-28 17:53:11,870.81,0,0,0,0,0,0,0,0.00,1,0.00,2.99,0.09,0.00,0.00,D,0.00,0.47,0.48,0.43,0.56,STOP_WARNING,0.00,,6.30,8.50,504,524.69,58.2,1,1,0.00,0.00,0.00,0.47,0.00,0.00,0,0,0.00,0,0.00
2026-03-28 17:53:12,871.83,0,0,0,0,0,0,0,0.00,1,0.00,2.99,0.09,0.00,0.00,D,0.00,0.47,0.48,0.43,0.56,STOP_WARNING,0.00,,5.30,8.50,504,525.70,58.7,1,1,0.00,0.00,0.00,0.47,0.00,0.00,0,0,0.00,0,0.00
2026-03-28 17:53:13,872.84,0,0,0,0,0,0,0,0.00,1,0.00,2.99,0.09,0.00,0.00,D,0.00,0.47,0.48,0.43,0.56,STOP_WARNING,0.00,,6.50,8.50,504,526.72,57.6,1,1,0.00,0.00,0.00,0.47,0.00,0.00,0,0,0.00,0,0.00
2026-03-28 17:53:14,873.85,0,0,0,0,0,0,0,0.00,1,0.00,2.99,0.09,0.00,0.00,D,0.00,0.47,0.48,0.43,0.56,STOP_WARNING,0.00,,7.10,8.50,504,527.73,58.7,1,1,0.00,0.00,0.00,0.47,0.00,0.00,0,0,0.00,0,0.00
2026-03-28 17:53:15,874.87,0,0,0,0,0,0,0,0.00,1,0.00,2.99,0.09,0.00,0.00,D,0.00,0.47,0.48,0.43,0.56,STOP_WARNING,0.00,,6.80,8.50,504,528.74,58.2,1,1,0.00,0.00,0.00,0.47,0.00,0.00,0,0,0.00,0,0.00
2026-03-28 17:53:16,875.88,0,0,0,0,0,0,0,0.00,1,0.00,2.99,0.09,0.00,0.00,D,0.00,0.47,0.48,0.43,0.56,STOP_WARNING,0.00,,6.80,8.50,504,529.75,57.1,1,1,0.00,0.00,0.00,0.47,0.00,0.00,0,0,0.00,0,0.00
2026-03-28 17:53:17,876.89,0,0,0,0,0,0,0,0.00,1,0.00,2.99,0.08,0.00,0.00,D,0.00,0.47,0.48,0.43,0.56,STOP_WARNING,0.00,,7.90,8.50,504,530.76,58.2,1,1,0.00,0.00,0.00,0.47,0.00,0.00,0,0,0.00,0,0.00
2026-03-28 17:53:18,877.90,0,0,0,0,0,0,0,0.00,1,0.00,2.99,0.08,0.00,0.00,D,0.00,0.47,0.48,0.43,0.56,STOP_WARNING,0.00,,8.70,8.50,504,531.78,57.6,1,1,0.00,0.00,0.00,0.47,0.00,0.00,0,0,0.00,0,0.00
2026-03-28 17:53:19,879.02,0,0,0,0,0,0,0,0.00,1,0.00,2.99,0.08,0.00,0.00,D,0.00,0.47,0.48,0.43,0.56,STOP_WARNING,0.00,,9.50,8.50,504,532.89,58.7,1,1,0.00,0.00,0.00,0.47,0.00,0.00,0,0,0.00,0,0.00
2026-03-28 17:53:20,879.92,0,0,0,0,0,0,0,0.00,1,0.00,2.99,0.08,0.00,0.00,D,0.00,0.47,0.48,0.43,0.56,STOP_WARNING,0.00,,9.10,8.50,504,533.79,58.7,1,1,0.00,0.00,0.00,0.47,0.00,0.00,0,0,0.00,0,0.00
2026-03-28 17:53:21,880.93,0,0,0,0,0,0,0,0.00,1,0.00,2.99,0.08,0.00,0.00,D,0.00,0.47,0.48,0.43,0.56,STOP_WARNING,0.00,,8.80,8.50,504,534.81,57.1,1,1,0.00,0.00,0.00,0.47,0.00,0.00,0,0,0.00,0,0.00
2026-03-28 17:53:22,881.95,0,0,0,0,0,0,0,0.00,1,0.00,2.99,0.08,0.00,0.00,D,0.00,0.47,0.48,0.43,0.56,STOP_WARNING,0.00,,9.70,8.40,504,535.82,58.7,1,1,0.00,0.00,0.00,0.47,0.00,0.00,0,0,0.00,0,0.00
2026-03-28 17:53:23,882.96,0,0,0,0,0,0,0,0.00,1,0.00,2.99,0.08,0.00,0.00,D,0.00,0.47,0.48,0.43,0.56,STOP_WARNING,0.00,,9.50,8.50,504,536.83,59.8,1,1,0.00,0.00,0.00,0.47,0.00,0.00,0,0,0.00,0,0.00
2026-03-28 17:53:24,883.97,0,0,0,0,0,0,0,0.00,1,0.00,2.99,0.08,0.00,0.00,D,0.00,0.47,0.48,0.43,0.56,STOP_WARNING,0.00,,9.30,8.50,504,537.84,58.2,1,1,0.00,0.00,0.00,0.47,0.00,0.00,0,0,0.00,0,0.00
2026-03-28 17:53:25,884.98,0,0,0,0,0,0,0,0.00,1,0.00,2.99,0.08,0.00,0.00,D,0.00,0.47,0.48,0.43,0.56,STOP_WARNING,0.00,,10.90,8.50,504,538.86,56.5,1,1,0.00,0.00,0.00,0.47,0.00,0.00,0,0,0.00,0,0.00
2026-03-28 17:53:26,885.99,0,0,0,0,0,0,0,0.00,1,0.00,2.99,0.08,0.00,0.00,D,0.00,0.47,0.48,0.43,0.56,STOP_WARNING,0.00,,13.60,8.50,504,539.87,57.6,1,1,0.00,0.00,0.00,0.47,0.00,0.00,0,0,0.00,0,0.00
2026-03-28 17:53:27,887.01,0,0,0,0,0,0,0,0.00,1,0.00,2.99,0.08,0.00,0.00,D,0.00,0.47,0.48,0.43,0.56,STOP_WARNING,0.00,,12.90,8.50,504,540.88,58.2,1,1,0.00,0.00,0.00,0.47,0.00,0.00,0,0,0.00,0,0.00
2026-03-28 17:53:28,888.02,0,0,0,0,0,0,0,0.00,1,0.00,2.99,0.08,0.00,0.00,D,0.00,0.47,0.48,0.43,0.56,STOP_WARNING,0.00,,13.20,8.50,504,541.90,58.2,1,1,0.00,0.00,0.00,0.47,0.00,0.00,0,0,0.00,0,0.00
2026-03-28 17:53:29,889.03,0,0,0,0,0,0,0,0.00,1,0.00,2.99,0.08,0.00,0.00,D,0.00,0.47,0.48,0.43,0.56,STOP_WARNING,0.00,,13.30,8.50,504,542.91,58.2,1,1,0.00,0.00,0.00,0.47,0.00,0.00,0,0,0.00,0,0.00
2026-03-28 17:53:30,890.05,0,0,0,0,0,0,0,0.00,1,0.00,2.99,0.08,0.00,0.00,D,0.00,0.47,0.48,0.43,0.56,STOP_WARNING,0.00,,13.00,8.50,504,543.92,58.7,1,1,0.00,0.00,0.00,0.47,0.00,0.00,0,0,0.00,0,0.00
2026-03-28 17:53:31,891.06,0,0,0,0,0,0,0,0.00,1,0.00,2.99,0.08,0.00,0.00,D,0.00,0.47,0.48,0.43,0.56,STOP_WARNING,0.00,,14.40,8.50,504,544.94,57.6,1,1,0.00,0.00,0.00,0.47,0.00,0.00,0,0,0.00,0,0.00
2026-03-28 17:53:32,892.07,0,0,0,0,0,0,0,0.00,1,0.00,2.99,0.08,0.00,0.00,D,0.00,0.47,0.48,0.43,0.56,STOP_WARNING,0.00,,13.40,8.50,504,545.95,58.7,1,1,0.00,0.00,0.00,0.47,0.00,0.00,0,0,0.00,0,0.00
2026-03-28 17:53:33,893.08,0,0,0,0,0,0,0,0.00,1,0.00,2.99,0.08,0.00,0.00,D,0.00,0.47,0.48,0.43,0.56,STOP_WARNING,0.00,,13.90,8.40,504,546.96,58.2,1,1,0.00,0.00,0.00,0.47,0.00,0.00,0,0,0.00,0,0.00
2026-03-28 17:53:34,894.10,0,0,0,0,0,0,0,0.00,1,0.00,2.99,0.08,0.00,0.00,D,0.00,0.47,0.48,0.43,0.56,STOP_WARNING,0.00,,13.30,8.40,504,547.97,58.7,1,1,0.00,0.00,0.00,0.47,0.00,0.00,0,0,0.00,0,0.00
2026-03-28 17:53:35,895.11,0,0,0,0,0,0,0,0.00,1,0.00,2.99,0.08,0.00,0.00,D,0.00,0.47,0.48,0.43,0.56,STOP_WARNING,0.00,,13.10,8.50,504,548.98,57.1,1,1,0.00,0.00,0.00,0.47,0.00,0.00,0,0,0.00,0,0.00
2026-03-28 17:53:36,896.11,0,0,0,0,0,0,0,0.00,1,0.00,2.99,0.08,0.00,0.00,D,0.00,0.47,0.48,0.43,0.56,STOP_WARNING,0.00,,13.60,8.50,504,549.99,58.2,1,1,0.00,0.00,0.00,0.47,0.00,0.00,0,0,0.00,0,0.00
2026-03-28 17:53:37,897.13,0,0,0,0,0,0,0,0.00,1,0.00,2.99,0.08,0.00,0.00,D,0.00,0.47,0.48,0.43,0.56,STOP_WARNING,0.00,,13.50,8.50,504,551.00,59.3,1,1,0.00,0.00,0.00,0.47,0.00,0.00,0,0,0.00,0,0.00
2026-03-28 17:53:38,898.14,0,0,0,0,0,0,0,0.00,1,0.00,2.99,0.08,0.00,0.00,D,0.00,0.47,0.48,0.43,0.56,STOP_WARNING,0.00,,13.10,8.40,504,552.01,59.3,1,1,0.00,0.00,0.00,0.47,0.00,0.00,0,0,0.00,0,0.00
2026-03-28 17:53:39,899.15,0,0,0,0,0,0,0,0.00,1,0.00,2.99,0.08,0.00,0.00,D,0.00,0.47,0.48,0.43,0.56,STOP_WARNING,0.00,,13.30,8.50,504,553.03,59.3,1,1,0.00,0.00,0.00,0.47,0.00,0.00,0,0,0.00,0,0.00
2026-03-28 17:53:40,900.16,0,0,0,0,0,0,0,0.00,1,0.00,2.99,0.08,0.00,0.00,D,0.00,0.47,0.48,0.43,0.56,STOP_WARNING,0.00,,13.30,8.40,504,554.04,59.8,1,1,0.00,0.00,0.00,0.47,0.00,0.00,0,0,0.00,0,0.00
2026-03-28 17:53:41,901.17,0,0,0,0,0,0,0,0.00,1,0.00,2.99,0.08,0.00,0.00,D,0.00,0.47,0.48,0.43,0.56,STOP_WARNING,0.00,,13.50,8.40,504,555.05,59.3,1,1,0.00,0.00,0.00,0.47,0.00,0.00,0,0,0.00,0,0.00
2026-03-28 17:53:42,902.18,0,0,0,0,0,0,0,0.00,1,0.00,2.99,0.08,0.00,0.00,D,0.00,0.47,0.48,0.43,0.56,STOP_WARNING,0.00,,14.00,8.40,504,556.06,58.2,1,1,0.00,0.00,0.00,0.47,0.00,0.00,0,0,0.00,0,0.00
2026-03-28 17:53:43,903.19,0,0,0,0,0,0,0,0.00,1,0.00,2.99,0.08,0.00,0.00,D,0.00,0.47,0.48,0.43,0.56,STOP_WARNING,0.00,,12.80,8.40,504,557.07,58.2,1,1,0.00,0.00,0.00,0.47,0.00,0.00,0,0,0.00,0,0.00
2026-03-28 17:53:44,904.21,0,0,0,0,0,0,0,0.00,1,0.00,2.99,0.08,0.00,0.00,D,0.00,0.47,0.48,0.42,0.56,STOP_WARNING,0.00,,14.30,8.50,504,558.08,57.6,1,1,0.00,0.00,0.00,0.47,0.00,0.00,0,0,0.00,0,0.00
2026-03-28 17:53:45,905.22,0,0,0,0,0,0,0,0.00,1,0.00,2.99,0.08,0.00,0.00,D,0.00,0.47,0.48,0.44,0.56,STOP_WARNING,0.00,,13.70,8.50,504,559.09,59.3,1,1,0.00,0.00,0.00,0.47,0.00,0.00,0,0,0.00,0,0.00
2026-03-28 17:53:46,906.23,0,0,0,0,0,0,0,0.00,1,0.00,2.99,0.08,0.00,0.00,D,0.00,0.47,0.48,0.43,0.56,STOP_WARNING,0.00,,13.10,8.50,504,560.11,59.8,1,1,0.00,0.00,0.00,0.47,0.00,0.00,0,0,0.00,0,0.00
2026-03-28 17:53:47,907.25,0,0,0,0,0,0,0,0.00,1,0.00,2.99,0.08,0.00,0.00,D,0.00,0.47,0.48,0.43,0.56,STOP_WARNING,0.00,,12.10,8.50,504,561.12,57.6,1,1,0.00,0.00,0.00,0.47,0.00,0.00,0,0,0.00,0,0.00
2026-03-28 17:53:48,908.26,0,0,0,0,0,0,0,0.00,1,0.00,2.99,0.08,0.00,0.00,D,0.00,0.47,0.48,0.43,0.56,STOP_WARNING,0.00,,12.10,8.50,504,562.13,57.6,1,1,0.00,0.00,0.00,0.47,0.00,0.00,0,0,0.00,0,0.00
2026-03-28 17:53:49,909.27,0,0,0,0,0,0,0,0.00,1,0.00,2.99,0.08,0.00,0.00,D,0.00,0.47,0.48,0.43,0.56,STOP_WARNING,0.00,,13.40,8.50,504,563.15,58.7,1,1,0.00,0.00,0.00,0.47,0.00,0.00,0,0,0.00,0,0.00
2026-03-28 17:53:50,910.28,0,0,0,0,0,0,0,0.00,1,0.00,2.99,0.08,0.00,0.00,D,0.00,0.47,0.48,0.43,0.56,STOP_WARNING,0.00,,11.00,8.50,504,564.16,59.3,1,1,0.00,0.00,0.00,0.47,0.00,0.00,0,0,0.00,0,0.00
2026-03-28 17:53:51,911.30,0,0,0,0,0,0,0,0.00,1,0.00,2.99,0.08,0.00,0.00,D,0.00,0.47,0.48,0.43,0.56,STOP_WARNING,0.00,,11.00,8.50,504,565.17,57.1,1,1,0.00,0.00,0.00,0.47,0.00,0.00,0,0,0.00,0,0.00
2026-03-28 17:53:52,912.31,0,0,0,0,0,0,0,0.00,1,0.00,2.99,0.08,0.00,0.00,D,0.00,0.47,0.48,0.43,0.56,STOP_WARNING,0.00,,12.50,8.50,504,566.18,57.6,1,1,0.00,0.00,0.00,0.47,0.00,0.00,0,0,0.00,0,0.00
2026-03-28 17:53:53,913.32,0,0,0,0,0,0,0,0.00,1,0.00,2.99,0.08,0.00,0.00,D,0.00,0.47,0.48,0.43,0.56,STOP_WARNING,0.00,,11.90,8.50,504,567.20,58.7,1,1,0.00,0.00,0.00,0.47,0.00,0.00,0,0,0.00,0,0.00
2026-03-28 17:53:54,914.33,0,0,0,0,0,0,0,0.00,1,0.00,2.99,0.08,0.00,0.00,D,0.00,0.47,0.48,0.43,0.56,STOP_WARNING,0.00,,12.60,8.50,504,568.21,58.2,1,1,0.00,0.00,0.00,0.47,0.00,0.00,0,0,0.00,0,0.00
2026-03-28 17:53:55,915.34,0,0,0,0,0,0,0,0.00,1,0.00,2.99,0.08,0.00,0.00,D,0.00,0.47,0.48,0.42,0.56,STOP_WARNING,0.00,,10.80,8.50,504,569.22,57.6,1,1,0.00,0.00,0.00,0.47,0.00,0.00,0,0,0.00,0,0.00
2026-03-28 17:53:56,916.36,0,0,0,0,0,0,0,0.00,1,0.00,2.99,0.08,0.00,0.00,D,0.00,0.47,0.48,0.43,0.56,STOP_WARNING,0.00,,9.10,8.50,504,570.23,57.1,1,1,0.00,0.00,0.00,0.47,0.00,0.00,0,0,0.00,0,0.00
2026-03-28 17:53:57,917.37,0,0,0,0,0,0,0,0.00,1,0.00,2.99,0.08,0.00,0.00,D,0.00,0.47,0.48,0.43,0.56,STOP_WARNING,0.00,,9.80,8.50,504,571.24,58.2,1,1,0.00,0.00,0.00,0.47,0.00,0.00,0,0,0.00,0,0.00
2026-03-28 17:53:58,918.38,0,0,0,0,0,0,0,0.00,1,0.00,2.99,0.08,0.00,0.00,D,0.00,0.47,0.48,0.43,0.56,STOP_WARNING,0.00,,10.40,8.50,504,572.26,58.2,1,1,0.00,0.00,0.00,0.47,0.00,0.00,0,0,0.00,0,0.00
2026-03-28 17:53:59,919.39,0,0,0,0,0,0,0,0.00,1,0.00,2.99,0.08,0.00,0.00,D,0.00,0.47,0.48,0.43,0.56,STOP_WARNING,0.00,,9.10,8.50,504,573.27,57.6,1,1,0.00,0.00,0.00,0.47,0.00,0.00,0,0,0.00,0,0.00
2026-03-28 17:54:00,920.41,0,0,0,0,0,0,0,0.00,1,0.00,2.99,0.08,0.00,0.00,D,0.00,0.47,0.48,0.43,0.56,STOP_WARNING,0.00,,10.60,8.50,504,574.28,59.3,1,1,0.00,0.00,0.00,0.47,0.00,0.00,0,0,0.00,0,0.00
2026-03-28 17:54:01,921.41,0,0,0,0,0,0,0,0.00,1,0.00,2.99,0.08,0.00,0.00,D,0.00,0.47,0.48,0.43,0.56,STOP_WARNING,0.00,,12.70,8.50,504,575.28,58.2,1,1,0.00,0.00,0.00,0.47,0.00,0.00,0,0,0.00,0,0.00
2026-03-28 17:54:02,922.42,0,0,0,0,0,0,0,0.00,1,0.00,2.99,0.08,0.00,0.00,D,0.00,0.47,0.48,0.43,0.56,STOP_WARNING,0.00,,9.30,8.50,504,576.30,58.2,1,1,0.00,0.00,0.00,0.47,0.00,0.00,0,0,0.00,0,0.00
2026-03-28 17:54:03,923.43,0,0,0,0,0,0,0,0.00,1,0.00,2.99,0.08,0.00,0.00,D,0.00,0.47,0.48,0.43,0.56,STOP_WARNING,0.00,,12.20,8.50,504,577.31,59.3,1,1,0.00,0.00,0.00,0.47,0.00,0.00,0,0,0.00,0,0.00
2026-03-28 17:54:04,924.45,0,0,0,0,0,0,0,0.00,1,0.00,2.99,0.08,0.00,0.00,D,0.00,0.47,0.48,0.43,0.56,STOP_WARNING,0.00,,7.00,8.50,504,578.32,58.7,1,1,0.00,0.00,0.00,0.47,0.00,0.00,0,0,0.00,0,0.00
2026-03-28 17:54:05,925.46,0,0,0,0,0,0,0,0.00,1,0.00,2.99,0.08,0.00,0.00,D,0.00,0.47,0.48,0.43,0.56,STOP_WARNING,0.00,,5.20,8.50,504,579.33,58.7,1,1,0.00,0.00,0.00,0.47,0.00,0.00,0,0,0.00,0,0.00
2026-03-28 17:54:06,926.47,0,0,0,0,0,0,0,0.00,1,0.00,2.99,0.08,0.00,0.00,D,0.00,0.47,0.48,0.43,0.56,STOP_WARNING,0.00,,5.50,8.50,504,580.35,58.7,1,1,0.00,0.00,0.00,0.47,0.00,0.00,0,0,0.00,0,0.00
2026-03-28 17:54:07,927.48,0,0,0,0,0,0,0,0.00,1,0.00,2.99,0.08,0.00,0.00,D,0.00,0.47,0.48,0.43,0.56,STOP_WARNING,0.00,,6.00,8.50,504,581.36,57.1,1,1,0.00,0.00,0.00,0.47,0.00,0.00,0,0,0.00,0,0.00
2026-03-28 17:54:08,928.49,0,0,0,0,0,0,0,0.00,1,0.00,2.99,0.08,0.00,0.00,D,0.00,0.47,0.48,0.43,0.56,STOP_WARNING,0.00,,5.50,8.50,504,582.37,58.2,1,1,0.00,0.00,0.00,0.47,0.00,0.00,0,0,0.00,0,0.00
2026-03-28 17:54:09,929.50,0,0,0,0,0,0,0,0.00,1,0.00,2.99,0.08,0.00,0.00,D,0.00,0.47,0.48,0.43,0.56,STOP_WARNING,0.00,,4.50,8.50,504,583.38,57.6,1,1,0.00,0.00,0.00,0.47,0.00,0.00,0,0,0.00,0,0.00
2026-03-28 17:54:11,930.52,0,0,0,0,0,0,0,0.00,1,0.00,2.99,0.08,0.00,0.00,D,0.00,0.47,0.48,0.43,0.56,STOP_WARNING,0.00,,5.00,8.50,504,584.39,59.3,1,1,0.00,0.00,0.00,0.47,0.00,0.00,0,0,0.00,0,0.00
2026-03-28 17:54:12,931.53,0,0,0,0,0,0,0,0.00,1,0.00,2.99,0.08,0.00,0.00,D,0.00,0.47,0.48,0.43,0.56,STOP_WARNING,0.00,,7.90,8.50,504,585.40,58.2,1,1,0.00,0.00,0.00,0.47,0.00,0.00,0,0,0.00,0,0.00
2026-03-28 17:54:13,932.54,0,0,0,0,0,0,0,0.00,1,0.00,2.99,0.08,0.00,0.00,D,0.00,0.47,0.48,0.43,0.56,STOP_WARNING,0.00,,6.10,8.40,504,586.41,57.6,1,1,0.00,0.00,0.00,0.47,0.00,0.00,0,0,0.00,0,0.00
2026-03-28 17:54:14,933.55,0,0,0,0,0,0,0,0.00,1,0.00,2.99,0.08,0.00,0.00,D,0.00,0.47,0.48,0.43,0.56,STOP_WARNING,0.00,,6.50,8.40,504,587.43,58.7,1,1,0.00,0.00,0.00,0.47,0.00,0.00,0,0,0.00,0,0.00
2026-03-28 17:54:15,934.56,0,0,0,0,0,0,0,0.00,1,0.00,2.99,0.08,0.00,0.00,D,0.00,0.47,0.48,0.43,0.56,STOP_WARNING,0.00,,6.70,8.40,504,588.44,57.6,1,1,0.00,0.00,0.00,0.47,0.00,0.00,0,0,0.00,0,0.00
2026-03-28 17:54:16,935.57,0,0,0,0,0,0,0,0.00,1,0.00,2.99,0.08,0.00,0.00,D,0.00,0.47,0.48,0.43,0.56,STOP_WARNING,0.00,,7.00,8.50,504,589.45,59.3,1,1,0.00,0.00,0.00,0.47,0.00,0.00,0,0,0.00,0,0.00
2026-03-28 17:54:17,936.58,0,0,0,0,0,0,0,0.00,1,0.00,2.99,0.08,0.00,0.00,D,0.00,0.47,0.48,0.43,0.56,STOP_WARNING,0.00,,6.80,8.50,504,590.46,59.3,1,1,0.00,0.00,0.00,0.47,0.00,0.00,0,0,0.00,0,0.00
2026-03-28 17:54:18,937.59,0,0,0,0,0,0,0,0.00,1,0.00,2.99,0.08,0.00,0.00,D,0.00,0.47,0.48,0.43,0.56,STOP_WARNING,0.00,,6.90,8.50,504,591.47,58.7,1,1,0.00,0.00,0.00,0.47,0.00,0.00,0,0,0.00,0,0.00
2026-03-28 17:54:19,938.60,0,0,0,0,0,0,0,0.00,1,0.00,2.99,0.08,0.00,0.00,D,0.00,0.47,0.48,0.43,0.56,STOP_WARNING,0.00,,6.10,8.50,504,592.48,58.7,1,1,0.00,0.00,0.00,0.47,0.00,0.00,0,0,0.00,0,0.00
2026-03-28 17:54:20,939.61,0,0,0,0,0,0,0,0.00,1,0.00,2.99,0.08,0.00,0.00,D,0.00,0.47,0.48,0.43,0.56,STOP_WARNING,0.00,,7.60,8.50,504,593.49,59.3,1,1,0.00,0.00,0.00,0.47,0.00,0.00,0,0,0.00,0,0.00
2026-03-28 17:54:21,940.63,0,0,0,0,0,0,0,0.00,1,0.00,2.99,0.08,0.00,0.00,D,0.00,0.47,0.48,0.43,0.56,STOP_WARNING,0.00,,9.00,8.50,504,594.50,57.6,1,1,0.00,0.00,0.00,0.47,0.00,0.00,0,0,0.00,0,0.00
2026-03-28 17:54:22,941.64,0,0,0,0,0,0,0,0.00,1,0.00,2.99,0.08,0.00,0.00,D,0.00,0.47,0.48,0.43,0.56,STOP_WARNING,0.00,,9.00,8.50,504,595.51,58.7,1,1,0.00,0.00,0.00,0.47,0.00,0.00,0,0,0.00,0,0.00
2026-03-28 17:54:23,942.65,0,0,0,0,0,0,0,0.00,1,0.00,2.99,0.08,0.00,0.00,D,0.00,0.47,0.48,0.43,0.56,STOP_WARNING,0.00,,9.70,8.50,504,596.52,58.2,1,1,0.00,0.00,0.00,0.47,0.00,0.00,0,0,0.00,0,0.00
2026-03-28 17:54:24,943.66,0,0,0,0,0,0,0,0.00,1,0.00,2.99,0.08,0.00,0.00,D,0.00,0.47,0.48,0.43,0.56,STOP_WARNING,0.00,,9.00,8.50,504,597.54,58.7,1,1,0.00,0.00,0.00,0.47,0.00,0.00,0,0,0.00,0,0.00
2026-03-28 17:54:25,944.67,0,0,0,0,0,0,0,0.00,1,0.00,2.99,0.08,0.00,0.00,D,0.00,0.47,0.48,0.43,0.56,STOP_WARNING,0.00,,9.20,8.50,504,598.55,58.7,1,1,0.00,0.00,0.00,0.47,0.00,0.00,0,0,0.00,0,0.00
2026-03-28 17:54:26,945.67,0,0,0,0,0,0,0,0.00,1,0.00,2.99,0.08,0.00,0.00,D,0.00,0.47,0.48,0.43,0.56,STOP_WARNING,0.00,,8.80,8.50,504,599.55,58.7,1,1,0.00,0.00,0.00,0.47,0.00,0.00,0,0,0.00,0,0.00
2026-03-28 17:54:27,946.69,0,0,0,0,0,0,0,0.00,1,0.00,2.99,0.08,0.00,0.00,D,0.00,0.47,0.48,0.43,0.56,STOP_WARNING,0.00,,10.20,8.50,504,600.56,57.1,1,1,0.00,0.00,0.00,0.47,0.00,0.00,0,0,0.00,0,0.00
2026-03-28 17:54:28,947.69,0,0,0,0,0,0,0,0.00,1,0.00,2.99,0.08,0.00,0.00,D,0.00,0.47,0.48,0.43,0.56,STOP_WARNING,0.00,,9.80,8.50,504,601.57,58.7,1,1,0.00,0.00,0.00,0.47,0.00,0.00,0,0,0.00,0,0.00
2026-03-28 17:54:29,948.71,0,0,0,0,0,0,0,0.00,1,0.00,2.99,0.08,0.00,0.00,D,0.00,0.47,0.48,0.43,0.56,STOP_WARNING,0.00,,9.70,8.40,504,602.58,58.7,1,1,0.00,0.00,0.00,0.47,0.00,0.00,0,0,0.00,0,0.00
2026-03-28 17:54:30,949.72,0,0,0,0,0,0,0,0.00,1,0.00,2.99,0.08,0.00,0.00,D,0.00,0.47,0.48,0.43,0.56,STOP_WARNING,0.00,,11.50,8.40,504,603.60,58.7,1,1,0.00,0.00,0.00,0.47,0.00,0.00,0,0,0.00,0,0.00
2026-03-28 17:54:31,950.73,0,0,0,0,0,0,0,0.00,1,0.00,2.99,0.08,0.00,0.00,D,0.00,0.47,0.48,0.43,0.56,STOP_WARNING,0.00,,10.50,8.40,504,604.61,58.2,1,1,0.00,0.00,0.00,0.47,0.00,0.00,0,0,0.00,0,0.00
2026-03-28 17:54:32,951.76,0,0,0,0,0,0,0,0.00,1,0.00,2.99,0.08,0.00,0.00,D,0.00,0.47,0.48,0.43,0.56,STOP_WARNING,0.00,,10.50,8.40,504,605.64,58.2,1,1,0.00,0.00,0.00,0.47,0.00,0.00,0,0,0.00,0,0.00
2026-03-28 17:54:33,952.75,0,0,0,0,0,0,0,0.00,1,0.00,2.99,0.08,0.00,0.00,D,0.00,0.47,0.48,0.43,0.56,STOP_WARNING,0.00,,14.00,8.50,504,606.62,58.7,1,1,0.00,0.00,0.00,0.47,0.00,0.00,0,0,0.00,0,0.00
2026-03-28 17:54:34,953.76,0,0,0,0,0,0,0,0.00,1,0.00,2.99,0.08,0.00,0.00,D,0.00,0.47,0.48,0.43,0.56,STOP_WARNING,0.00,,13.50,8.50,504,607.64,59.3,1,1,0.00,0.00,0.00,0.47,0.00,0.00,0,0,0.00,0,0.00
2026-03-28 17:54:35,954.77,0,0,0,0,0,0,0,0.00,1,0.00,2.99,0.08,0.00,0.00,D,0.00,0.47,0.48,0.43,0.56,STOP_WARNING,0.00,,13.30,8.50,504,608.65,58.2,1,1,0.00,0.00,0.00,0.47,0.00,0.00,0,0,0.00,0,0.00
2026-03-28 17:54:36,955.79,0,0,0,0,0,0,0,0.00,1,0.00,2.99,0.08,0.00,0.00,D,0.00,0.47,0.48,0.43,0.56,STOP_WARNING,0.00,,12.60,8.50,504,609.66,57.6,1,1,0.00,0.00,0.00,0.47,0.00,0.00,0,0,0.00,0,0.00
2026-03-28 17:54:37,956.80,0,0,0,0,0,0,0,0.00,1,0.00,2.99,0.08,0.00,0.00,D,0.00,0.47,0.48,0.43,0.56,STOP_WARNING,0.00,,12.70,8.50,504,610.67,59.3,1,1,0.00,0.00,0.00,0.47,0.00,0.00,0,0,0.00,0,0.00
2026-03-28 17:54:38,957.81,0,0,0,0,0,0,0,0.00,1,0.00,2.99,0.08,0.00,0.00,D,0.00,0.47,0.48,0.43,0.56,STOP_WARNING,0.00,,13.50,8.50,504,611.68,57.6,1,1,0.00,0.00,0.00,0.47,0.00,0.00,0,0,0.00,0,0.00
2026-03-28 17:54:39,958.83,0,0,0,0,0,0,0,0.00,1,0.00,2.99,0.08,0.00,0.00,D,0.00,0.47,0.48,0.43,0.54,STOP_WARNING,0.00,,11.60,8.50,504,612.70,59.3,1,1,0.00,0.00,0.00,0.47,0.00,0.00,0,0,0.00,0,0.00
2026-03-28 17:54:40,959.83,0,0,0,0,0,0,0,0.00,1,0.00,2.99,0.08,0.00,0.00,D,0.00,0.47,0.48,0.43,0.37,STOP_WARNING,0.00,,11.20,8.50,504,613.71,58.7,1,1,0.00,0.00,0.00,0.47,0.00,0.00,0,0,0.00,0,0.00
2026-03-28 17:54:41,960.84,0,0,0,0,0,0,0,0.00,1,0.00,2.99,0.08,0.00,0.00,D,0.00,0.47,0.48,0.43,0.36,STOP_WARNING,0.00,,9.50,8.50,504,614.72,58.7,1,1,0.00,0.00,0.00,0.47,0.00,0.00,0,0,0.00,0,0.00
2026-03-28 17:54:42,961.86,0,0,0,0,0,0,0,0.00,1,0.00,2.99,0.08,0.00,0.00,D,0.00,0.47,0.48,0.43,0.49,STOP_WARNING,0.00,,11.60,8.50,504,615.74,58.7,1,1,0.00,0.00,0.00,0.47,0.00,0.00,0,0,0.00,0,0.00
2026-03-28 17:54:43,962.87,0,0,0,0,0,0,0,0.00,1,0.00,2.99,0.08,0.00,0.00,D,0.00,0.47,0.48,0.43,0.56,STOP_WARNING,0.00,,12.10,8.50,504,616.75,58.7,1,1,0.00,0.00,0.00,0.47,0.00,0.00,0,0,0.00,0,0.00
2026-03-28 17:54:44,963.89,0,0,0,0,0,0,0,0.00,1,0.00,2.99,0.08,0.00,0.00,D,0.00,0.47,0.48,0.43,0.56,STOP_WARNING,0.00,,11.40,8.50,504,617.76,58.2,1,1,0.00,0.00,0.00,0.47,0.00,0.00,0,0,0.00,0,0.00
2026-03-28 17:54:45,964.90,0,0,0,0,0,0,0,0.00,1,0.00,2.99,0.08,0.00,0.00,D,0.00,0.47,0.48,0.43,0.56,STOP_WARNING,0.00,,13.10,8.50,504,618.77,57.6,1,1,0.00,0.00,0.00,0.47,0.00,0.00,0,0,0.00,0,0.00
2026-03-28 17:54:46,965.91,0,0,0,0,0,0,0,0.00,1,0.00,2.99,0.08,0.00,0.00,D,0.00,0.47,0.48,0.43,0.56,STOP_WARNING,0.00,,13.30,8.50,504,619.79,59.3,1,1,0.00,0.00,0.00,0.47,0.00,0.00,0,0,0.00,0,0.00
2026-03-28 17:54:47,966.93,0,0,0,0,0,0,0,0.00,1,0.00,2.99,0.08,0.00,0.00,D,0.00,0.47,0.48,0.43,0.56,STOP_WARNING,0.00,,13.30,8.50,504,620.80,58.2,1,1,0.00,0.00,0.00,0.47,0.00,0.00,0,0,0.00,0,0.00
2026-03-28 17:54:48,967.93,0,0,0,0,0,0,0,0.00,1,0.00,2.99,0.08,0.00,0.00,D,0.00,0.47,0.48,0.43,0.56,STOP_WARNING,0.00,,14.00,8.50,504,621.81,56.5,1,1,0.00,0.00,0.00,0.47,0.00,0.00,0,0,0.00,0,0.00
2026-03-28 17:54:49,968.93,0,0,0,0,0,0,0,0.00,1,0.00,2.99,0.08,0.00,0.00,D,0.00,0.47,0.48,0.43,0.47,STOP_WARNING,0.00,,12.50,8.50,504,622.81,58.7,1,1,0.00,0.00,0.00,0.47,0.00,0.00,0,0,0.00,0,0.00
2026-03-28 17:54:50,969.94,0,0,0,0,0,0,0,0.00,1,0.00,2.99,0.08,0.00,0.00,D,0.00,0.47,0.48,0.43,0.19,STOP_WARNING,0.00,,12.40,8.50,504,623.82,57.1,1,1,0.00,0.00,0.00,0.47,0.00,0.00,0,0,0.00,0,0.00
2026-03-28 17:54:51,970.96,0,0,0,0,0,0,0,0.00,1,0.00,2.99,0.08,0.00,0.00,D,0.00,0.47,0.48,0.44,0.24,STOP_WARNING,0.00,,8.70,8.50,504,624.83,58.7,1,1,0.00,0.00,0.00,0.47,0.00,0.00,0,0,0.00,0,0.00
2026-03-28 17:54:52,971.97,0,0,0,0,0,0,0,0.00,1,0.00,2.99,0.08,0.00,0.00,D,0.00,0.44,1.66,0.83,0.20,STOP_WARNING,0.00,,8.00,8.50,504,625.84,58.2,1,0,0.00,0.00,0.00,0.44,0.00,0.00,0,0,0.00,0,0.00
2026-03-28 17:54:53,972.98,0,0,0,0,0,0,0,0.00,1,0.00,2.99,0.08,0.00,0.00,D,0.00,1.41,0.97,0.31,0.18,^,0.00,,10.00,8.50,504,626.85,58.7,1,0,0.00,0.00,0.00,1.41,0.00,0.00,0,0,0.00,0,0.00
2026-03-28 17:54:54,973.99,0,0,0,0,0,0,0,0.00,1,0.00,2.99,0.08,0.00,0.00,D,0.00,0.44,0.81,0.40,0.19,STOP_WARNING,0.00,,8.00,8.50,504,627.86,57.6,1,0,0.00,0.00,0.00,0.44,0.00,0.00,0,0,0.00,0,0.00
2026-03-28 17:54:55,975.00,0,0,0,0,0,0,0,0.00,1,0.00,2.99,0.08,0.00,0.00,D,0.00,0.38,0.85,0.39,0.19,STOP_WARNING,0.00,,7.80,8.40,504,628.88,58.7,1,1,0.00,0.00,0.00,0.38,0.00,0.00,0,0,0.00,0,0.00
2026-03-28 17:54:56,976.02,0,0,0,0,0,0,0,0.00,1,0.00,2.99,0.08,0.00,0.00,D,0.00,0.76,0.54,0.58,0.25,CAUTION_WARNING,0.00,,6.80,8.50,504,629.89,57.6,1,0,0.00,0.00,0.00,0.76,0.00,0.00,0,0,0.00,0,0.00
2026-03-28 17:54:57,977.13,0,0,0,0,0,0,0,0.00,1,0.00,2.99,0.08,0.00,0.00,D,0.00,0.28,0.17,0.76,0.18,STOP_WARNING,0.00,,8.50,8.50,504,631.00,57.1,1,0,0.00,0.00,0.00,0.28,0.00,0.00,0,0,0.00,0,0.00
2026-03-28 17:54:58,978.03,0,0,0,0,0,0,0,0.00,1,0.00,2.99,0.08,0.00,0.00,D,0.00,0.22,0.16,0.19,0.17,STOP_WARNING,0.00,,6.90,8.50,504,631.91,57.6,1,1,0.00,0.00,0.00,0.22,0.00,0.00,0,0,0.00,0,0.00
2026-03-28 17:54:59,979.04,0,0,0,0,0,0,0,0.00,1,0.00,2.99,0.08,0.00,0.00,D,0.00,0.22,0.16,0.38,0.17,STOP_WARNING,0.00,,7.30,8.50,504,632.91,57.1,1,1,0.00,0.00,0.00,0.22,0.00,0.00,0,0,0.00,0,0.00
2026-03-28 17:55:00,980.05,0,0,0,0,0,0,0,0.00,1,0.00,2.99,0.08,0.00,0.00,D,0.00,0.22,0.16,0.42,0.17,STOP_WARNING,0.00,,10.00,8.50,504,633.93,58.7,1,1,0.00,0.00,0.00,0.22,0.00,0.00,0,0,0.00,0,0.00
2026-03-28 17:55:01,981.06,0,0,0,0,0,0,0,0.00,1,0.00,2.99,0.08,0.00,0.00,D,0.00,0.22,0.16,0.45,0.17,STOP_WARNING,0.00,,7.10,8.50,504,634.94,58.7,1,1,0.00,0.00,0.00,0.22,0.00,0.00,0,0,0.00,0,0.00
2026-03-28 17:55:02,982.07,0,0,0,0,0,0,0,0.00,1,0.00,2.99,0.08,0.00,0.00,D,0.00,0.22,0.16,0.38,0.18,STOP_WARNING,0.00,,8.30,8.50,504,635.95,58.7,1,1,0.00,0.00,0.00,0.22,0.00,0.00,0,0,0.00,0,0.00
2026-03-28 17:55:03,983.09,0,0,0,0,0,0,0,0.00,1,0.00,2.99,0.08,0.00,0.00,D,0.00,0.22,0.16,0.58,0.17,STOP_WARNING,0.00,,6.00,8.50,504,636.96,58.2,1,1,0.00,0.00,0.00,0.22,0.00,0.00,0,0,0.00,0,0.00
2026-03-28 17:55:04,984.10,0,0,0,0,0,0,0,0.00,1,0.00,2.99,0.08,0.00,0.00,D,0.00,0.22,0.16,0.58,0.17,STOP_WARNING,0.00,,6.30,8.50,504,637.97,57.1,1,1,0.00,0.00,0.00,0.22,0.00,0.00,0,0,0.00,0,0.00
2026-03-28 17:55:05,985.10,0,0,0,0,0,0,0,0.00,1,0.00,2.99,0.08,0.00,0.00,D,0.00,0.22,0.16,0.32,0.18,STOP_WARNING,0.00,,6.80,8.40,504,638.98,58.7,1,1,0.00,0.00,0.00,0.22,0.00,0.00,0,0,0.00,0,0.00
2026-03-28 17:55:06,986.12,0,0,0,0,0,0,0,0.00,1,0.00,2.99,0.08,0.00,0.00,D,0.00,0.22,0.16,0.34,0.18,STOP_WARNING,0.00,,6.50,8.40,504,639.99,58.7,1,1,0.00,0.00,0.00,0.22,0.00,0.00,0,0,0.00,0,0.00
2026-03-28 17:55:07,987.13,0,0,0,0,0,0,0,0.00,1,0.00,2.99,0.08,0.00,0.00,D,0.00,0.22,0.16,0.38,0.17,STOP_WARNING,0.00,,7.80,8.40,504,641.00,58.7,1,1,0.00,0.00,0.00,0.22,0.00,0.00,0,0,0.00,0,0.00
2026-03-28 17:55:08,988.14,0,0,0,0,0,0,0,0.00,1,0.00,2.99,0.08,0.00,0.00,D,0.00,0.22,0.16,0.45,0.17,STOP_WARNING,0.00,,8.20,8.40,504,642.01,56.5,1,1,0.00,0.00,0.00,0.22,0.00,0.00,0,0,0.00,0,0.00
2026-03-28 17:55:09,989.15,0,0,0,0,0,0,0,0.00,1,0.00,2.99,0.08,0.00,0.00,D,0.00,0.22,0.16,0.43,0.17,STOP_WARNING,0.00,,7.80,8.40,504,643.02,58.7,1,1,0.00,0.00,0.00,0.22,0.00,0.00,0,0,0.00,0,0.00
2026-03-28 17:55:10,990.16,0,0,0,0,0,0,0,0.00,1,0.00,2.99,0.08,0.00,0.00,D,0.00,0.22,0.16,0.80,0.17,STOP_WARNING,0.00,,6.60,8.40,504,644.03,57.6,1,1,0.00,0.00,0.00,0.22,0.00,0.00,0,0,0.00,0,0.00
2026-03-28 17:55:11,991.17,0,0,0,0,0,0,0,0.00,1,0.00,2.99,0.08,0.00,0.00,D,0.00,0.22,0.16,0.81,0.17,STOP_WARNING,0.00,,4.90,8.50,504,645.05,57.6,1,1,0.00,0.00,0.00,0.22,0.00,0.00,0,0,0.00,0,0.00
2026-03-28 17:55:12,992.18,0,0,0,0,0,0,0,0.00,1,0.00,2.99,0.08,0.00,0.00,D,0.00,0.22,0.16,0.80,0.17,STOP_WARNING,0.00,,3.10,8.50,504,646.06,57.6,1,1,0.00,0.00,0.00,0.22,0.00,0.00,0,0,0.00,0,0.00
2026-03-28 17:55:13,993.20,0,0,0,0,0,0,0,0.00,1,0.00,2.99,0.07,0.00,0.00,D,0.00,0.22,0.16,0.80,0.17,STOP_WARNING,0.00,,4.90,8.40,504,647.07,56.5,1,1,0.00,0.00,0.00,0.22,0.00,0.00,0,0,0.00,0,0.00
2026-03-28 17:55:14,994.21,0,0,0,0,0,0,0,0.00,1,0.00,2.99,0.07,0.00,0.00,D,0.00,0.22,0.16,0.80,0.17,STOP_WARNING,0.00,,3.90,8.40,504,648.08,57.1,1,1,0.00,0.00,0.00,0.22,0.00,0.00,0,0,0.00,0,0.00
2026-03-28 17:55:15,995.22,0,0,0,0,0,0,0,0.00,1,0.00,2.99,0.07,0.00,0.00,D,0.00,0.22,0.16,0.80,0.18,STOP_WARNING,0.00,,4.40,8.50,504,649.10,57.1,1,1,0.00,0.00,0.00,0.22,0.00,0.00,0,0,0.00,0,0.00
2026-03-28 17:55:16,996.29,0,0,0,0,0,0,0,0.00,1,0.00,2.99,0.07,0.00,0.00,D,0.00,0.22,0.16,0.80,0.17,STOP_WARNING,0.00,,4.60,8.50,504,650.17,57.6,1,1,0.00,0.00,0.00,0.22,0.00,0.00,0,0,0.00,0,0.00
2026-03-28 17:55:17,997.24,0,0,0,0,0,0,0,0.00,1,0.00,2.99,0.07,0.00,0.00,D,0.00,0.22,0.16,0.80,0.18,STOP_WARNING,0.00,,3.40,8.50,504,651.12,58.2,1,1,0.00,0.00,0.00,0.22,0.00,0.00,0,0,0.00,0,0.00
2026-03-28 17:55:18,998.26,0,0,0,0,0,0,0,0.00,1,0.00,2.99,0.07,0.00,0.00,D,0.00,0.22,0.16,0.80,0.17,STOP_WARNING,0.00,,4.40,8.50,504,652.13,58.2,1,1,0.00,0.00,0.00,0.22,0.00,0.00,0,0,0.00,0,0.00
2026-03-28 17:55:19,999.27,0,0,0,0,0,0,0,0.00,1,0.00,2.99,0.07,0.00,0.00,D,0.00,0.22,0.16,0.80,0.17,STOP_WARNING,0.00,,4.20,8.50,504,653.14,57.1,1,1,0.00,0.00,0.00,0.22,0.00,0.00,0,0,0.00,0,0.00
2026-03-28 17:55:20,1000.28,0,0,0,0,0,0,0,0.00,1,0.00,2.99,0.07,0.00,0.00,D,0.00,0.22,0.16,0.80,0.17,STOP_WARNING,0.00,,4.40,8.50,504,654.15,58.2,1,1,0.00,0.00,0.00,0.22,0.00,0.00,0,0,0.00,0,0.00
2026-03-28 17:55:21,1001.29,0,0,0,0,0,0,0,0.00,1,0.00,2.99,0.07,0.00,0.00,D,0.00,0.22,0.16,0.80,0.17,STOP_WARNING,0.00,,3.60,8.50,504,655.17,57.1,1,1,0.00,0.00,0.00,0.22,0.00,0.00,0,0,0.00,0,0.00
2026-03-28 17:55:22,1002.40,0,0,0,0,0,0,0,0.00,1,0.00,2.99,0.07,0.00,0.00,D,0.00,0.21,0.16,0.80,0.17,STOP_WARNING,0.00,,3.40,8.50,504,656.28,58.2,1,1,0.00,0.00,0.00,0.21,0.00,0.00,0,0,0.00,0,0.00
2026-03-28 17:55:23,1003.31,0,0,0,0,0,0,0,0.00,1,0.00,2.99,0.07,0.00,0.00,D,0.00,0.22,0.16,0.80,0.17,STOP_WARNING,0.00,,3.90,8.50,504,657.18,59.3,1,1,0.00,0.00,0.00,0.22,0.00,0.00,0,0,0.00,0,0.00
2026-03-28 17:55:24,1004.32,0,0,0,0,0,0,0,0.00,1,0.00,2.99,0.07,0.00,0.00,D,0.00,0.22,0.16,0.80,0.17,STOP_WARNING,0.00,,3.10,8.50,504,658.20,58.7,1,1,0.00,0.00,0.00,0.22,0.00,0.00,0,0,0.00,0,0.00
2026-03-28 17:55:25,1005.33,0,0,0,0,0,0,0,0.00,1,0.00,2.99,0.07,0.00,0.00,D,0.00,0.22,0.16,0.80,0.17,STOP_WARNING,0.00,,6.00,8.50,504,659.21,58.2,1,1,0.00,0.00,0.00,0.22,0.00,0.00,0,0,0.00,0,0.00
2026-03-28 17:55:26,1006.34,0,0,0,0,0,0,0,0.00,1,0.00,2.99,0.07,0.00,0.00,D,0.00,0.22,0.16,0.80,0.17,STOP_WARNING,0.00,,5.10,8.50,504,660.22,58.7,1,1,0.00,0.00,0.00,0.22,0.00,0.00,0,0,0.00,0,0.00
2026-03-28 17:55:27,1007.35,0,0,0,0,0,0,0,0.00,1,0.00,2.99,0.07,0.00,0.00,D,0.00,0.22,0.16,0.80,0.17,STOP_WARNING,0.00,,4.80,8.50,504,661.23,58.2,1,1,0.00,0.00,0.00,0.22,0.00,0.00,0,0,0.00,0,0.00
2026-03-28 17:55:28,1008.35,0,0,0,0,0,0,0,0.00,1,0.00,2.99,0.07,0.00,0.00,D,0.00,0.22,0.16,0.80,0.18,STOP_WARNING,0.00,,4.10,8.50,504,662.23,58.7,1,1,0.00,0.00,0.00,0.22,0.00,0.00,0,0,0.00,0,0.00
2026-03-28 17:55:29,1009.37,0,0,0,0,0,0,0,0.00,1,0.00,2.99,0.07,0.00,0.00,D,0.00,0.22,0.16,0.80,0.17,STOP_WARNING,0.00,,3.30,8.50,504,663.24,58.2,1,1,0.00,0.00,0.00,0.22,0.00,0.00,0,0,0.00,0,0.00
2026-03-28 17:55:30,1010.38,0,0,0,0,0,0,0,0.00,1,0.00,2.99,0.07,0.00,0.00,D,0.00,0.22,0.16,0.80,0.17,STOP_WARNING,0.00,,4.10,8.50,504,664.26,58.2,1,1,0.00,0.00,0.00,0.22,0.00,0.00,0,0,0.00,0,0.00
2026-03-28 17:55:31,1011.39,0,0,0,0,0,0,0,0.00,1,0.00,2.99,0.07,0.00,0.00,D,0.00,0.21,0.16,0.80,0.17,STOP_WARNING,0.00,,5.10,8.50,504,665.27,58.7,1,1,0.00,0.00,0.00,0.21,0.00,0.00,0,0,0.00,0,0.00
2026-03-28 17:55:32,1012.39,0,0,0,0,0,0,0,0.00,1,0.00,2.99,0.07,0.00,0.00,D,0.00,0.22,0.16,0.80,0.17,STOP_WARNING,0.00,,4.90,8.50,504,666.27,59.3,1,1,0.00,0.00,0.00,0.22,0.00,0.00,0,0,0.00,0,0.00
2026-03-28 17:55:33,1013.40,0,0,0,0,0,0,0,0.00,1,0.00,2.99,0.07,0.00,0.00,D,0.00,0.22,0.16,0.80,0.17,STOP_WARNING,0.00,,4.10,8.50,504,667.28,58.2,1,1,0.00,0.00,0.00,0.22,0.00,0.00,0,0,0.00,0,0.00
2026-03-28 17:55:34,1014.42,0,0,0,0,0,0,0,0.00,1,0.00,2.99,0.07,0.00,0.00,D,0.00,0.21,0.16,0.80,0.17,STOP_WARNING,0.00,,6.40,8.50,504,668.29,57.1,1,1,0.00,0.00,0.00,0.21,0.00,0.00,0,0,0.00,0,0.00
2026-03-28 17:55:35,1015.43,0,0,0,0,0,0,0,0.00,1,0.00,2.99,0.07,0.00,0.00,D,0.00,0.22,0.16,0.80,0.17,STOP_WARNING,0.00,,5.60,8.50,504,669.31,57.6,1,1,0.00,0.00,0.00,0.22,0.00,0.00,0,0,0.00,0,0.00
2026-03-28 17:55:36,1016.44,0,0,0,0,0,0,0,0.00,1,0.00,2.99,0.07,0.00,0.00,D,0.00,0.22,0.16,0.80,0.17,STOP_WARNING,0.00,,8.30,8.50,504,670.32,57.6,1,1,0.00,0.00,0.00,0.22,0.00,0.00,0,0,0.00,0,0.00
2026-03-28 17:55:37,1017.45,0,0,0,0,0,0,0,0.00,1,0.00,2.99,0.07,0.00,0.00,D,0.00,0.22,0.16,0.80,0.17,STOP_WARNING,0.00,,5.90,8.50,504,671.33,58.7,1,1,0.00,0.00,0.00,0.22,0.00,0.00,0,0,0.00,0,0.00
2026-03-28 17:55:38,1018.46,0,0,0,0,0,0,0,0.00,1,0.00,2.99,0.07,0.00,0.00,D,0.00,0.22,0.16,0.80,0.17,STOP_WARNING,0.00,,6.80,8.50,504,672.34,58.2,1,1,0.00,0.00,0.00,0.22,0.00,0.00,0,0,0.00,0,0.00
2026-03-28 17:55:39,1019.48,0,0,0,0,0,0,0,0.00,1,0.00,2.99,0.07,0.00,0.00,D,0.00,0.22,0.16,0.80,0.17,STOP_WARNING,0.00,,8.20,8.50,504,673.35,57.1,1,1,0.00,0.00,0.00,0.22,0.00,0.00,0,0,0.00,0,0.00
2026-03-28 17:55:40,1020.49,0,0,0,0,0,0,0,0.00,1,0.00,2.99,0.07,0.00,0.00,D,0.00,0.22,0.16,0.80,0.17,STOP_WARNING,0.00,,7.00,8.50,504,674.36,58.7,1,1,0.00,0.00,0.00,0.22,0.00,0.00,0,0,0.00,0,0.00
2026-03-28 17:55:41,1021.50,0,0,0,0,0,0,0,0.00,1,0.00,2.99,0.07,0.00,0.00,D,0.00,0.22,0.16,0.80,0.17,STOP_WARNING,0.00,,6.10,8.50,504,675.38,58.2,1,1,0.00,0.00,0.00,0.22,0.00,0.00,0,0,0.00,0,0.00
2026-03-28 17:55:42,1022.52,0,0,0,0,0,0,0,0.00,1,0.00,2.99,0.07,0.00,0.00,D,0.00,0.22,0.16,0.80,0.17,STOP_WARNING,0.00,,6.80,8.50,504,676.39,58.7,1,1,0.00,0.00,0.00,0.22,0.00,0.00,0,0,0.00,0,0.00
2026-03-28 17:55:44,1023.53,0,0,0,0,0,0,0,0.00,1,0.00,2.99,0.07,0.00,0.00,D,0.00,0.21,0.16,0.80,0.17,STOP_WARNING,0.00,,8.40,8.50,504,677.40,58.2,1,1,0.00,0.00,0.00,0.21,0.00,0.00,0,0,0.00,0,0.00
2026-03-28 17:55:45,1024.54,0,0,0,0,0,0,0,0.00,1,0.00,2.99,0.07,0.00,0.00,D,0.00,0.22,0.16,0.80,0.17,STOP_WARNING,0.00,,6.80,8.50,504,678.42,57.1,1,1,0.00,0.00,0.00,0.22,0.00,0.00,0,0,0.00,0,0.00
2026-03-28 17:55:46,1025.55,0,0,0,0,0,0,0,0.00,1,0.00,2.99,0.07,0.00,0.00,D,0.00,0.21,0.16,0.80,0.17,STOP_WARNING,0.00,,6.00,8.50,504,679.43,56.5,1,1,0.00,0.00,0.00,0.21,0.00,0.00,0,0,0.00,0,0.00
2026-03-28 17:55:47,1026.57,0,0,0,0,0,0,0,0.00,1,0.00,2.99,0.07,0.00,0.00,D,0.00,0.22,0.16,0.80,0.17,STOP_WARNING,0.00,,6.30,8.50,504,680.44,58.7,1,1,0.00,0.00,0.00,0.22,0.00,0.00,0,0,0.00,0,0.00
2026-03-28 17:55:48,1027.58,0,0,0,0,0,0,0,0.00,1,0.00,2.99,0.07,0.00,0.00,D,0.00,0.22,0.16,0.80,0.17,STOP_WARNING,0.00,,6.30,8.50,504,681.45,58.7,1,1,0.00,0.00,0.00,0.22,0.00,0.00,0,0,0.00,0,0.00
2026-03-28 17:55:49,1028.58,0,0,0,0,0,0,0,0.00,1,0.00,2.99,0.07,0.00,0.00,D,0.00,0.22,0.16,0.80,0.18,STOP_WARNING,0.00,,7.30,8.50,504,682.46,57.6,1,1,0.00,0.00,0.00,0.22,0.00,0.00,0,0,0.00,0,0.00
2026-03-28 17:55:50,1029.59,0,0,0,0,0,0,0,0.00,1,0.00,2.99,0.07,0.00,0.00,D,0.00,0.22,0.16,0.80,0.17,STOP_WARNING,0.00,,6.00,8.50,504,683.47,58.2,1,1,0.00,0.00,0.00,0.22,0.00,0.00,0,0,0.00,0,0.00
2026-03-28 17:55:51,1030.60,0,0,0,0,0,0,0,0.00,1,0.00,2.99,0.07,0.00,0.00,D,0.00,0.22,0.16,0.80,0.17,STOP_WARNING,0.00,,7.50,8.50,504,684.48,57.6,1,1,0.00,0.00,0.00,0.22,0.00,0.00,0,0,0.00,0,0.00
2026-03-28 17:55:52,1031.61,0,0,0,0,0,0,0,0.00,1,0.00,2.99,0.07,0.00,0.00,D,0.00,0.22,0.16,0.80,0.17,STOP_WARNING,0.00,,6.10,8.50,504,685.49,58.7,1,1,0.00,0.00,0.00,0.22,0.00,0.00,0,0,0.00,0,0.00
2026-03-28 17:55:53,1032.63,0,0,0,0,0,0,0,0.00,1,0.00,2.99,0.07,0.00,0.00,D,0.00,0.22,0.16,0.80,0.17,STOP_WARNING,0.00,,7.50,8.40,504,686.50,57.6,1,1,0.00,0.00,0.00,0.22,0.00,0.00,0,0,0.00,0,0.00
2026-03-28 17:55:54,1033.64,0,0,0,0,0,0,0,0.00,1,0.00,2.99,0.07,0.00,0.00,D,0.00,0.22,0.16,0.80,0.17,STOP_WARNING,0.00,,7.50,8.40,504,687.51,57.6,1,1,0.00,0.00,0.00,0.22,0.00,0.00,0,0,0.00,0,0.00
2026-03-28 17:55:55,1034.65,0,0,0,0,0,0,0,0.00,1,0.00,2.99,0.07,0.00,0.00,D,0.00,0.22,0.16,0.80,0.17,STOP_WARNING,0.00,,8.20,8.50,504,688.53,58.2,1,1,0.00,0.00,0.00,0.22,0.00,0.00,0,0,0.00,0,0.00
2026-03-28 17:55:56,1035.66,0,0,0,0,0,0,0,0.00,1,0.00,2.99,0.07,0.00,0.00,D,0.00,0.22,0.16,0.80,0.17,STOP_WARNING,0.00,,8.70,8.50,504,689.54,57.1,1,1,0.00,0.00,0.00,0.22,0.00,0.00,0,0,0.00,0,0.00
2026-03-28 17:55:57,1036.67,0,0,0,0,0,0,0,0.00,1,0.00,2.99,0.07,0.00,0.00,D,0.00,0.22,0.16,0.80,0.17,STOP_WARNING,0.00,,7.00,8.50,504,690.55,58.2,1,1,0.00,0.00,0.00,0.22,0.00,0.00,0,0,0.00,0,0.00
2026-03-28 17:55:58,1037.69,0,0,0,0,0,0,0,0.00,1,0.00,2.99,0.07,0.00,0.00,D,0.00,0.22,0.16,0.80,0.18,STOP_WARNING,0.00,,8.20,8.50,504,691.56,58.7,1,1,0.00,0.00,0.00,0.22,0.00,0.00,0,0,0.00,0,0.00
2026-03-28 17:55:59,1038.70,0,0,0,0,0,0,0,0.00,1,0.00,2.99,0.07,0.00,0.00,D,0.00,0.22,0.16,0.80,0.17,STOP_WARNING,0.00,,8.70,8.50,504,692.57,58.2,1,1,0.00,0.00,0.00,0.22,0.00,0.00,0,0,0.00,0,0.00
2026-03-28 17:56:00,1039.71,0,0,0,0,0,0,0,0.00,1,0.00,2.99,0.07,0.00,0.00,D,0.00,0.22,0.16,0.80,0.17,STOP_WARNING,0.00,,8.20,8.50,504,693.58,57.1,1,1,0.00,0.00,0.00,0.22,0.00,0.00,0,0,0.00,0,0.00
2026-03-28 17:56:01,1040.72,0,0,0,0,0,0,0,0.00,1,0.00,2.99,0.07,0.00,0.00,D,0.00,0.22,0.16,0.80,0.18,STOP_WARNING,0.00,,6.80,8.50,504,694.60,58.2,1,1,0.00,0.00,0.00,0.22,0.00,0.00,0,0,0.00,0,0.00
2026-03-28 17:56:02,1041.73,0,0,0,0,0,0,0,0.00,1,0.00,2.99,0.07,0.00,0.00,D,0.00,0.21,0.16,0.80,0.18,STOP_WARNING,0.00,,5.60,8.50,504,695.61,58.2,1,1,0.00,0.00,0.00,0.21,0.00,0.00,0,0,0.00,0,0.00
2026-03-28 17:56:03,1042.74,0,0,0,0,0,0,0,0.00,1,0.00,2.99,0.07,0.00,0.00,D,0.00,0.21,0.16,0.80,0.17,STOP_WARNING,0.00,,7.60,8.50,504,696.62,58.7,1,1,0.00,0.00,0.00,0.21,0.00,0.00,0,0,0.00,0,0.00
2026-03-28 17:56:04,1043.75,0,0,0,0,0,0,0,0.00,1,0.00,2.99,0.07,0.00,0.00,D,0.00,0.21,0.16,0.80,0.17,STOP_WARNING,0.00,,8.90,8.50,504,697.63,57.1,1,1,0.00,0.00,0.00,0.21,0.00,0.00,0,0,0.00,0,0.00
2026-03-28 17:56:05,1044.76,0,0,0,0,0,0,0,0.00,1,0.00,2.99,0.07,0.00,0.00,D,0.00,0.22,0.16,0.80,0.17,STOP_WARNING,0.00,,9.80,8.50,504,698.64,58.2,1,1,0.00,0.00,0.00,0.22,0.00,0.00,0,0,0.00,0,0.00
2026-03-28 17:56:06,1045.77,0,0,0,0,0,0,0,0.00,1,0.00,2.99,0.07,0.00,0.00,D,0.00,0.22,0.16,0.54,0.17,STOP_WARNING,0.00,,8.20,8.50,504,699.65,58.2,1,1,0.00,0.00,0.00,0.22,0.00,0.00,0,0,0.00,0,0.00
2026-03-28 17:56:07,1046.77,0,0,0,0,0,0,0,0.00,1,0.00,2.99,0.07,0.00,0.00,D,0.00,0.22,0.16,0.38,0.17,STOP_WARNING,0.00,,8.40,8.50,504,700.65,58.2,1,1,0.00,0.00,0.00,0.22,0.00,0.00,0,0,0.00,0,0.00
2026-03-28 17:56:08,1047.78,0,0,0,0,0,0,0,0.00,1,0.00,2.99,0.07,0.00,0.00,D,0.00,0.21,0.16,0.60,0.17,STOP_WARNING,0.00,,8.80,8.50,504,701.66,58.2,1,1,0.00,0.00,0.00,0.21,0.00,0.00,0,0,0.00,0,0.00
2026-03-28 17:56:09,1048.80,0,0,0,0,0,0,0,0.00,1,0.00,2.99,0.07,0.00,0.00,D,0.00,0.22,0.16,0.61,0.14,STOP_WARNING,0.00,,9.00,8.50,504,702.67,57.1,1,1,0.00,0.00,0.00,0.22,0.00,0.00,0,0,0.00,0,0.00
2026-03-28 17:56:10,1049.81,0,0,0,0,0,0,0,0.00,1,0.00,2.99,0.07,0.00,0.00,D,0.00,0.21,0.16,0.61,0.17,STOP_WARNING,0.00,,9.50,8.50,504,703.68,58.7,1,1,0.00,0.00,0.00,0.21,0.00,0.00,0,0,0.00,0,0.00
2026-03-28 17:56:11,1050.82,0,0,0,0,0,0,0,0.00,1,0.00,2.99,0.07,0.00,0.00,D,0.00,0.56,0.24,0.36,0.25,CAUTION_WARNING,0.00,,9.90,8.50,504,704.70,58.7,1,0,0.00,0.00,0.00,0.56,0.00,0.00,0,0,0.00,0,0.00
2026-03-28 17:56:12,1051.83,0,0,0,0,0,0,0,0.00,1,0.00,2.99,0.07,0.00,0.00,D,0.00,0.37,12.00,0.29,0.18,STOP_WARNING,0.00,,12.50,8.50,504,705.71,58.2,1,0,0.00,0.00,0.00,0.37,0.00,0.00,0,0,0.00,0,0.00
2026-03-28 17:56:13,1052.85,0,0,0,0,0,0,0,0.00,1,0.00,2.99,0.07,0.00,0.00,D,0.00,2.14,12.00,1.21,0.21,^,0.00,,13.90,8.50,504,706.72,58.7,1,0,0.00,0.00,0.00,2.14,0.00,0.00,0,0,0.00,0,0.00
2026-03-28 17:56:14,1053.86,0,0,0,0,0,0,0,0.00,1,0.00,2.99,0.07,0.00,0.00,D,0.00,12.00,12.00,1.26,0.22,^,0.00,,12.70,8.50,504,707.74,58.2,1,0,0.00,0.00,0.00,12.00,0.00,0.00,0,0,0.00,0,0.00
2026-03-28 17:56:15,1054.88,0,0,0,0,0,0,0,0.00,1,0.00,2.99,0.07,0.00,0.00,D,0.00,12.00,12.00,1.02,0.39,^,0.00,,11.60,8.50,504,0.21,58.2,1,0,0.00,0.00,0.00,12.00,0.00,0.00,0,0,0.00,0,0.00
2026-03-28 17:56:16,1055.89,0,0,0,0,0,0,0,0.00,1,0.00,2.99,0.07,0.00,0.00,D,0.00,12.00,12.00,1.03,0.40,^,0.00,,13.60,8.50,504,1.23,58.2,1,0,0.00,0.00,0.00,12.00,0.00,0.00,0,0,0.00,0,0.00
2026-03-28 17:56:17,1056.90,0,0,0,0,0,0,0,0.00,1,0.00,2.99,0.07,0.00,0.00,D,0.00,12.00,12.00,1.02,0.69,^,0.00,,14.80,8.50,504,0.25,57.1,1,0,0.00,0.00,0.00,12.00,0.00,0.00,0,0,0.00,0,0.00
2026-03-28 17:56:18,1057.91,0,0,0,0,0,0,0,0.00,1,0.00,2.99,0.07,0.00,0.00,D,0.00,12.00,12.00,1.02,0.39,^,0.00,,12.80,8.50,504,1.26,58.7,1,0,0.00,0.00,0.00,12.00,0.00,0.00,0,0,0.00,0,0.00
2026-03-28 17:56:19,1058.92,0,0,0,0,0,0,0,0.00,1,0.00,2.99,0.07,0.00,0.00,D,0.00,12.00,12.00,1.02,0.33,^,0.00,,13.10,8.50,504,2.27,57.6,1,0,0.00,0.00,0.00,12.00,0.00,0.00,0,0,0.00,0,0.00
2026-03-28 17:56:20,1059.93,0,0,0,0,0,0,0,0.00,1,0.00,2.99,0.07,0.00,0.00,D,0.00,12.00,12.00,1.02,0.36,^,0.00,,13.80,8.50,504,3.28,57.1,1,0,0.00,0.00,0.00,12.00,0.00,0.00,0,0,0.00,0,0.00
2026-03-28 17:56:21,1060.94,0,0,0,0,0,0,0,0.00,1,0.00,2.99,0.07,0.00,0.00,D,0.00,12.00,12.00,1.02,0.43,^,0.00,,9.50,8.50,504,4.29,58.2,1,0,0.00,0.00,0.00,12.00,0.00,0.00,0,0,0.00,0,0.00
2026-03-28 17:56:22,1061.96,0,0,0,0,0,0,0,0.00,1,0.00,2.99,0.07,0.00,0.00,D,0.00,12.00,12.00,1.02,0.71,^,0.00,,8.50,8.50,504,5.31,58.7,1,0,0.00,0.00,0.00,12.00,0.00,0.00,0,0,0.00,0,0.00
2026-03-28 17:56:23,1062.97,0,0,0,0,0,0,0,0.00,1,0.00,2.99,0.07,0.00,0.00,D,0.00,12.00,12.00,1.02,0.67,^,0.00,,8.90,8.60,504,6.32,58.2,1,0,0.00,0.00,0.00,12.00,0.00,0.00,0,0,0.00,0,0.00
2026-03-28 17:56:24,1063.98,0,0,0,0,0,0,0,0.00,1,0.00,2.99,0.07,0.00,0.00,D,0.00,12.00,12.00,1.02,0.60,^,0.00,,8.00,8.60,504,7.33,57.6,1,0,0.00,0.00,0.00,12.00,0.00,0.00,0,0,0.00,0,0.00
2026-03-28 17:56:25,1064.99,0,0,0,0,0,0,0,0.00,1,0.00,2.99,0.07,0.00,0.00,D,0.00,12.00,12.00,1.01,0.55,^,0.00,,7.80,8.60,504,8.34,58.7,1,0,0.00,0.00,0.00,12.00,0.00,0.00,0,0,0.00,0,0.00
2026-03-28 17:56:26,1066.00,0,0,0,0,0,0,0,0.00,1,0.00,2.99,0.07,0.00,0.00,D,0.00,12.00,12.00,1.01,0.55,^,0.00,,7.80,8.50,504,9.36,58.2,1,0,0.00,0.00,0.00,12.00,0.00,0.00,0,0,0.00,0,0.00
2026-03-28 17:56:27,1067.02,0,0,0,0,0,0,0,0.00,1,0.00,2.99,0.07,0.00,0.00,D,0.00,12.00,12.00,1.02,0.55,^,0.00,,8.60,8.50,504,10.37,57.6,1,0,0.00,0.00,0.00,12.00,0.00,0.00,0,0,0.00,0,0.00
2026-03-28 17:56:28,1068.03,0,0,0,0,0,0,0,0.00,1,0.00,2.99,0.07,0.00,0.00,D,0.00,12.00,12.00,1.02,0.56,^,0.00,,9.60,8.60,504,11.38,58.2,1,0,0.00,0.00,0.00,12.00,0.00,0.00,0,0,0.00,0,0.00
2026-03-28 17:56:29,1069.04,0,0,0,0,0,0,0,0.00,1,0.00,2.99,0.07,0.00,0.00,D,0.00,12.00,12.00,1.02,0.55,^,0.00,,6.80,8.60,504,12.39,58.2,1,0,0.00,0.00,0.00,12.00,0.00,0.00,0,0,0.00,0,0.00
2026-03-28 17:56:30,1070.04,0,0,0,0,0,0,0,0.00,1,0.00,2.99,0.07,0.00,0.00,D,0.00,12.00,12.00,1.02,0.55,^,0.00,,6.30,8.60,504,13.40,57.1,1,0,0.00,0.00,0.00,12.00,0.00,0.00,0,0,0.00,0,0.00
2026-03-28 17:56:31,1071.06,0,0,0,0,0,0,0,0.00,1,0.00,2.99,0.07,0.00,0.00,D,0.00,12.00,12.00,1.02,0.55,^,0.00,,5.50,8.50,504,14.41,58.2,1,0,0.00,0.00,0.00,12.00,0.00,0.00,0,0,0.00,0,0.00
2026-03-28 17:56:32,1072.07,0,0,0,0,0,0,0,0.00,1,0.00,2.99,0.07,0.00,0.00,D,0.00,12.00,12.00,1.02,0.55,^,0.00,,5.90,8.50,504,15.42,58.7,1,0,0.00,0.00,0.00,12.00,0.00,0.00,0,0,0.00,0,0.00
2026-03-28 17:56:33,1073.08,0,0,0,0,0,0,0,0.00,1,0.00,2.99,0.07,0.00,0.00,D,0.00,12.00,12.00,1.02,0.57,^,0.00,,6.60,8.50,504,16.44,57.1,1,0,0.00,0.00,0.00,12.00,0.00,0.00,0,0,0.00,0,0.00
2026-03-28 17:56:34,1074.09,0,0,0,0,0,0,0,0.00,1,0.00,2.99,0.07,0.00,0.00,D,0.00,12.00,12.00,1.03,0.36,^,0.00,,7.80,8.50,504,17.45,57.1,1,0,0.00,0.00,0.00,12.00,0.00,0.00,0,0,0.00,0,0.00
2026-03-28 17:56:35,1075.11,0,0,0,0,0,0,0,0.00,1,0.00,2.99,0.07,0.00,0.00,D,0.00,12.00,12.00,1.02,0.55,^,0.00,,5.20,8.50,504,18.46,58.2,1,0,0.00,0.00,0.00,12.00,0.00,0.00,0,0,0.00,0,0.00
2026-03-28 17:56:36,1076.12,0,0,0,0,0,0,0,0.00,1,0.00,2.99,0.07,0.00,0.00,D,0.00,12.00,12.00,1.02,0.62,^,0.00,,5.80,8.50,504,19.47,57.6,1,0,0.00,0.00,0.00,12.00,0.00,0.00,0,0,0.00,0,0.00
2026-03-28 17:56:37,1077.14,0,0,0,0,0,0,0,0.00,1,0.00,2.99,0.07,0.00,0.00,D,0.00,12.00,12.00,1.02,0.66,^,0.00,,6.30,8.50,504,20.49,57.6,1,0,0.00,0.00,0.00,12.00,0.00,0.00,0,0,0.00,0,0.00
2026-03-28 17:56:38,1078.15,0,0,0,0,0,0,0,0.00,1,0.00,2.99,0.07,0.00,0.00,D,0.00,12.00,12.00,1.02,0.94,^,0.00,,4.30,8.50,504,21.50,57.6,1,0,0.00,0.00,0.00,12.00,0.00,0.00,0,0,0.00,0,0.00
2026-03-28 17:56:39,1079.16,0,0,0,0,0,0,0,0.00,1,0.00,2.99,0.07,0.00,0.00,D,0.00,12.00,12.00,1.02,0.94,^,0.00,,4.00,8.50,504,22.51,57.6,1,0,0.00,0.00,0.00,12.00,0.00,0.00,0,0,0.00,0,0.00
2026-03-28 17:56:40,1080.17,0,0,0,0,0,0,0,0.00,1,0.00,2.99,0.07,0.00,0.00,D,0.00,12.00,12.00,1.02,0.94,^,0.00,,5.00,8.40,504,23.53,56.5,1,0,0.00,0.00,0.00,12.00,0.00,0.00,0,0,0.00,0,0.00
2026-03-28 17:56:41,1081.19,0,0,0,0,0,0,0,0.00,1,0.00,2.99,0.07,0.00,0.00,D,0.00,12.00,12.00,1.02,0.94,^,0.00,,4.00,8.40,504,24.54,57.1,1,0,0.00,0.00,0.00,12.00,0.00,0.00,0,0,0.00,0,0.00
2026-03-28 17:56:42,1082.20,0,0,0,0,0,0,0,0.00,1,0.00,2.99,0.07,0.00,0.00,D,0.00,12.00,12.00,1.02,0.94,^,0.00,,6.20,8.40,504,25.55,57.6,1,0,0.00,0.00,0.00,12.00,0.00,0.00,0,0,0.00,0,0.00
2026-03-28 17:56:43,1083.21,0,0,0,0,0,0,0,0.00,1,0.00,2.99,0.07,0.00,0.00,D,0.00,12.00,12.00,1.02,0.94,^,0.00,,4.70,8.50,504,26.56,57.1,1,0,0.00,0.00,0.00,12.00,0.00,0.00,0,0,0.00,0,0.00
2026-03-28 17:56:44,1084.22,0,0,0,0,0,0,0,0.00,1,0.00,2.99,0.07,0.00,0.00,D,0.00,12.00,12.00,1.02,0.94,^,0.00,,4.90,8.40,504,27.58,57.1,1,0,0.00,0.00,0.00,12.00,0.00,0.00,0,0,0.00,0,0.00
2026-03-28 17:56:45,1085.24,0,0,0,0,0,0,0,0.00,1,0.00,2.99,0.07,0.00,0.00,D,0.00,12.00,12.00,1.02,0.94,^,0.00,,5.00,8.40,504,28.59,58.2,1,0,0.00,0.00,0.00,12.00,0.00,0.00,0,0,0.00,0,0.00
2026-03-28 17:56:46,1086.25,0,0,0,0,0,0,0,0.00,1,0.00,2.99,0.07,0.00,0.00,D,0.00,12.00,12.00,1.02,0.94,^,0.00,,6.00,8.50,504,29.60,58.2,1,0,0.00,0.00,0.00,12.00,0.00,0.00,0,0,0.00,0,0.00
2026-03-28 17:56:47,1087.27,0,0,0,0,0,0,0,0.00,1,0.00,2.99,0.07,0.00,0.00,D,0.00,12.00,12.00,1.02,0.94,^,0.00,,7.50,8.40,504,30.62,57.6,1,0,0.00,0.00,0.00,12.00,0.00,0.00,0,0,0.00,0,0.00
2026-03-28 17:56:48,1088.27,0,0,0,0,0,0,0,0.00,1,0.00,2.99,0.07,0.00,0.00,D,0.00,12.00,12.00,1.02,0.94,^,0.00,,8.20,8.40,504,31.62,58.2,1,0,0.00,0.00,0.00,12.00,0.00,0.00,0,0,0.00,0,0.00
2026-03-28 17:56:49,1089.28,0,0,0,0,0,0,0,0.00,1,0.00,2.99,0.07,0.00,0.00,D,0.00,12.00,12.00,1.02,0.94,^,0.00,,8.20,8.40,504,32.63,57.6,1,0,0.00,0.00,0.00,12.00,0.00,0.00,0,0,0.00,0,0.00
2026-03-28 17:56:50,1090.29,0,0,0,0,0,0,0,0.00,1,0.00,2.99,0.07,0.00,0.00,D,0.00,12.00,12.00,1.02,0.94,^,0.00,,7.50,8.50,504,33.65,58.7,1,0,0.00,0.00,0.00,12.00,0.00,0.00,0,0,0.00,0,0.00
2026-03-28 17:56:51,1091.31,0,0,0,0,0,0,0,0.00,1,0.00,2.99,0.07,0.00,0.00,D,0.00,12.00,12.00,1.02,0.94,^,0.00,,7.40,8.40,504,34.66,58.2,1,0,0.00,0.00,0.00,12.00,0.00,0.00,0,0,0.00,0,0.00
2026-03-28 17:56:52,1092.32,0,0,0,0,0,0,0,0.00,1,0.00,2.99,0.07,0.00,0.00,D,0.00,12.00,12.00,1.02,0.94,^,0.00,,7.70,8.40,504,35.67,58.2,1,0,0.00,0.00,0.00,12.00,0.00,0.00,0,0,0.00,0,0.00
2026-03-28 17:56:53,1093.32,0,0,0,0,0,0,0,0.00,1,0.00,2.99,0.07,0.00,0.00,D,0.00,12.00,12.00,1.02,0.94,^,0.00,,9.20,8.50,504,36.67,58.2,1,0,0.00,0.00,0.00,12.00,0.00,0.00,0,0,0.00,0,0.00
2026-03-28 17:56:54,1094.33,0,0,0,0,0,0,0,0.00,1,0.00,2.99,0.07,0.00,0.00,D,0.00,12.00,12.00,1.02,0.94,^,0.00,,9.90,8.40,504,37.68,57.6,1,0,0.00,0.00,0.00,12.00,0.00,0.00,0,0,0.00,0,0.00
2026-03-28 17:56:55,1095.34,0,0,0,0,0,0,0,0.00,1,0.00,2.99,0.07,0.00,0.00,D,0.00,12.00,12.00,1.03,0.94,^,0.00,,9.70,8.50,504,38.69,58.7,1,0,0.00,0.00,0.00,12.00,0.00,0.00,0,0,0.00,0,0.00
2026-03-28 17:56:56,1096.35,0,0,0,0,0,0,0,0.00,1,0.00,2.99,0.07,0.00,0.00,D,0.00,12.00,12.00,1.02,0.94,^,0.00,,9.60,8.50,504,39.71,58.2,1,0,0.00,0.00,0.00,12.00,0.00,0.00,0,0,0.00,0,0.00
2026-03-28 17:56:57,1097.36,0,0,0,0,0,0,0,0.00,1,0.00,2.99,0.07,0.00,0.00,D,0.00,12.00,12.00,1.02,0.94,^,0.00,,11.20,8.50,504,40.72,57.1,1,0,0.00,0.00,0.00,12.00,0.00,0.00,0,0,0.00,0,0.00
2026-03-28 17:56:58,1097.55,0,0,0,0,1,0,0,0.00,1,0.00,2.99,0.07,0.00,0.00,D,0.00,12.00,12.00,1.02,0.94,^,0.00,,9.90,8.50,504,40.90,58.2,1,0,0.00,0.00,0.00,12.00,0.00,0.00,0,0,0.00,0,0.00
