Current Time,Time Since Program Started (s),Autonomous Mode (On/Off),Cruise Control (Active/Inactive),Shift Up PRND (Event),Shift Down PRND (Event),Quit (Event),Increase CC (Event),Decrease CC (Event),Steer (Value),Brake (On/Off),Gas (Value),Maximum Speed Recall (MPH),Average Speed (MPH),Current Speed (MPH),Motor PWM Value,Gear Mode,Cruise Control Target Speed (MPH),LiDAR Front Distance (m),LiDAR Left Distance (m),LiDAR Right Distance (m),LiDAR Back Distance (m),LiDAR Determined Direction,Target Heading (deg),Stop Reason,CPU Usage (%),Memory Usage (%),Number of LiDAR Points in Scan,Time Since Last Hall Sensor Pulse (s),CPU Temp (C),AEB Enabled (On/Off),AEB Triggered (On/Off),PID Output (Cruise Control),LiDAR Best Heading (deg),LiDAR Heading Confidence,LiDAR Forward Clearance (m),Camera Steering Bias,Camera Confidence,Camera Left Edge Found,Camera Right Edge Found,Camera Corridor Width (px),Driveway Cut Suspected
2026-05-01 17:22:06,3.79,0,0,0,0,0,0,0,0.00,1,0.00,0.00,0.00,0.00,0.00,P,0.00,12.00,12.00,0.58,0.33,^,0.00,,22.20,12.80,504,3.79,48.3,1,0,0.00,0.00,0.00,12.00,0.00,0.00,0,0,0.00,0
2026-05-01 17:22:07,4.81,0,0,0,0,0,0,0,0.00,1,0.00,0.00,0.00,0.00,0.00,P,0.00,12.00,12.00,0.58,0.62,^,0.00,,13.40,12.80,504,4.81,48.3,1,0,0.00,0.00,0.00,12.00,0.00,0.00,0,0,0.00,0
2026-05-01 17:22:08,5.82,0,0,0,0,0,0,0,0.00,1,0.00,0.00,0.00,0.00,0.00,P,0.00,12.00,12.00,0.58,0.62,^,0.00,,12.80,12.80,504,0.91,48.3,1,0,0.00,0.00,0.00,12.00,0.00,0.00,0,0,0.00,0
2026-05-01 17:22:09,6.83,0,0,0,0,0,0,0,0.00,1,0.00,0.00,0.00,0.00,0.00,P,0.00,12.00,12.00,0.58,0.62,^,0.00,,14.50,12.70,504,0.74,47.2,1,0,0.00,0.00,0.00,12.00,0.00,0.00,0,0,0.00,0
2026-05-01 17:22:10,7.84,0,0,0,0,0,0,0,0.00,1,0.00,0.00,0.00,0.00,0.00,P,0.00,12.00,12.00,0.58,0.62,^,0.00,,15.30,12.70,504,1.75,46.6,1,0,0.00,0.00,0.00,12.00,0.00,0.00,0,0,0.00,0
2026-05-01 17:22:11,8.86,0,0,0,0,0,0,0,0.00,1,0.00,0.00,0.00,0.00,0.00,P,0.00,12.00,4.49,0.58,0.62,^,0.00,,26.20,12.70,504,2.77,48.8,1,0,0.00,0.00,0.00,12.00,0.00,0.00,0,0,0.00,0
2026-05-01 17:22:12,9.87,0,0,0,0,0,0,0,0.00,1,0.00,0.00,0.00,0.00,0.00,P,0.00,12.00,12.00,0.58,0.62,^,0.00,,27.80,12.70,504,3.78,47.7,1,0,0.00,0.00,0.00,12.00,0.00,0.00,0,0,0.00,0
2026-05-01 17:22:13,10.88,0,0,0,0,0,0,0,0.00,1,0.00,0.00,0.00,0.00,0.00,P,0.00,12.00,12.00,0.58,0.62,^,0.00,,28.10,12.70,504,4.79,48.3,1,0,0.00,0.00,0.00,12.00,0.00,0.00,0,0,0.00,0
2026-05-01 17:22:14,11.90,0,0,0,0,0,0,0,0.00,1,0.00,0.00,0.00,0.00,0.00,P,0.00,12.00,12.00,0.58,0.62,^,0.00,,27.40,12.70,504,5.81,51.6,1,0,0.00,0.00,0.00,12.00,0.00,0.00,0,0,0.00,0
2026-05-01 17:22:15,13.01,0,0,0,0,0,0,0,0.00,1,0.00,0.00,0.00,0.00,0.00,P,0.00,12.00,12.00,0.58,0.62,^,0.00,,26.00,12.70,504,0.41,49.9,1,0,0.00,0.00,0.00,12.00,0.00,0.00,0,0,0.00,0
2026-05-01 17:22:16,13.92,0,0,0,0,0,0,0,0.00,1,0.00,0.00,0.00,0.00,0.00,P,0.00,12.00,4.48,0.58,0.62,^,0.00,,27.00,12.60,504,1.32,51.0,1,0,0.00,0.00,0.00,12.00,0.00,0.00,0,0,0.00,0
2026-05-01 17:22:17,14.92,0,0,0,0,0,0,0,0.00,1,0.00,0.00,0.00,0.00,0.00,P,0.00,12.00,12.00,0.58,0.62,^,0.00,,26.80,12.60,504,2.32,50.5,1,0,0.00,0.00,0.00,12.00,0.00,0.00,0,0,0.00,0
2026-05-01 17:22:18,15.92,0,0,0,0,0,0,0,0.00,1,0.00,0.00,0.00,0.00,0.00,P,0.00,12.00,12.00,0.58,0.62,^,0.00,,21.50,12.70,504,3.33,51.0,1,0,0.00,0.00,0.00,12.00,0.00,0.00,0,0,0.00,0
2026-05-01 17:22:19,16.93,0,0,0,0,0,0,0,0.00,1,0.00,0.00,0.00,0.00,0.00,P,0.00,12.00,12.00,0.58,0.62,^,0.00,,12.20,12.60,504,4.34,49.9,1,0,0.00,0.00,0.00,12.00,0.00,0.00,0,0,0.00,0
2026-05-01 17:22:20,17.94,0,0,0,0,0,0,0,0.00,1,0.00,0.00,0.00,0.00,0.00,P,0.00,12.00,12.00,0.58,0.62,^,0.00,,14.10,12.60,504,5.35,49.9,1,0,0.00,0.00,0.00,12.00,0.00,0.00,0,0,0.00,0
2026-05-01 17:22:21,18.94,0,0,0,0,0,0,0,0.00,1,0.00,0.00,0.00,0.00,0.00,P,0.00,12.00,12.00,0.58,0.62,^,0.00,,17.10,12.70,504,0.52,49.9,1,0,0.00,0.00,0.00,12.00,0.00,0.00,0,0,0.00,0
2026-05-01 17:22:22,19.96,0,0,0,0,0,0,0,0.00,1,0.00,0.00,0.00,0.00,0.00,P,0.00,12.00,12.00,0.58,0.62,^,0.00,,19.10,12.50,504,1.53,49.4,1,0,0.00,0.00,0.00,12.00,0.00,0.00,0,0,0.00,0
2026-05-01 17:22:23,20.97,0,0,0,0,0,0,0,0.00,1,0.00,0.00,0.00,0.00,0.00,P,0.00,12.00,12.00,0.58,0.62,^,0.00,,17.10,12.50,504,2.54,49.9,1,0,0.00,0.00,0.00,12.00,0.00,0.00,0,0,0.00,0
2026-05-01 17:22:24,21.97,0,0,0,0,0,0,0,0.00,1,0.00,0.00,0.00,0.00,0.00,P,0.00,12.00,12.00,0.58,0.62,^,0.00,,15.10,12.60,504,3.55,48.8,1,0,0.00,0.00,0.00,12.00,0.00,0.00,0,0,0.00,0
2026-05-01 17:22:25,22.98,0,0,0,0,0,0,0,0.00,1,0.00,0.00,0.00,0.00,0.00,P,0.00,12.00,12.00,0.58,0.62,^,0.00,,13.50,12.60,504,4.55,48.8,1,0,0.00,0.00,0.00,12.00,0.00,0.00,0,0,0.00,0
2026-05-01 17:22:26,23.98,0,0,0,0,0,0,0,0.00,1,0.00,0.00,0.00,0.00,0.00,P,0.00,12.00,12.00,0.58,0.62,^,0.00,,17.70,12.70,504,5.56,48.3,1,0,0.00,0.00,0.00,12.00,0.00,0.00,0,0,0.00,0
2026-05-01 17:22:27,24.99,0,0,0,0,0,0,0,0.00,1,0.00,0.00,0.00,0.00,0.00,P,0.00,12.00,12.00,0.58,0.62,^,0.00,,17.00,12.60,504,6.57,48.8,1,0,0.00,0.00,0.00,12.00,0.00,0.00,0,0,0.00,0
2026-05-01 17:22:28,26.01,0,0,0,0,0,0,0,0.00,1,0.00,0.00,0.00,0.00,0.00,P,0.00,12.00,12.00,0.58,0.62,^,0.00,,16.60,12.80,504,7.59,48.8,1,0,0.00,0.00,0.00,12.00,0.00,0.00,0,0,0.00,0
2026-05-01 17:22:29,27.02,0,0,0,0,0,0,0,0.00,1,0.00,0.00,0.00,0.00,0.00,P,0.00,12.00,12.00,0.58,0.62,^,0.00,,13.70,13.00,504,8.59,48.3,1,0,0.00,0.00,0.00,12.00,0.00,0.00,0,0,0.00,0
2026-05-01 17:22:30,28.02,0,0,0,0,0,0,0,0.00,1,0.00,0.00,0.00,0.00,0.00,P,0.00,12.00,12.00,0.58,0.62,^,0.00,,12.90,13.00,504,9.60,48.8,1,0,0.00,0.00,0.00,12.00,0.00,0.00,0,0,0.00,0
2026-05-01 17:22:31,29.02,0,0,0,0,0,0,0,0.00,1,0.00,0.00,0.00,0.00,0.00,P,0.00,12.00,12.00,0.58,0.62,^,0.00,,12.90,12.80,504,10.60,48.8,1,0,0.00,0.00,0.00,12.00,0.00,0.00,0,0,0.00,0
2026-05-01 17:22:32,30.03,0,0,0,0,0,0,0,0.00,1,0.00,0.00,0.00,0.00,0.00,P,0.00,12.00,12.00,0.58,0.62,^,0.00,,14.40,12.70,504,11.61,49.9,1,0,0.00,0.00,0.00,12.00,0.00,0.00,0,0,0.00,0
2026-05-01 17:22:33,31.05,0,0,0,0,0,0,0,0.00,1,0.00,0.00,0.00,0.00,0.00,P,0.00,12.00,12.00,0.58,0.62,^,0.00,,24.50,12.70,504,0.77,49.4,1,0,0.00,0.00,0.00,12.00,0.00,0.00,0,0,0.00,0
2026-05-01 17:22:34,32.05,0,0,0,0,0,0,0,0.00,1,0.00,0.00,0.00,0.00,0.00,P,0.00,12.00,12.00,0.58,0.62,^,0.00,,18.00,12.60,504,1.77,50.5,1,0,0.00,0.00,0.00,12.00,0.00,0.00,0,0,0.00,0
2026-05-01 17:22:35,33.07,0,0,0,0,0,0,0,0.00,1,0.00,0.00,0.00,0.00,0.00,P,0.00,12.00,12.00,0.58,0.62,^,0.00,,15.20,12.70,504,2.79,49.9,1,0,0.00,0.00,0.00,12.00,0.00,0.00,0,0,0.00,0
2026-05-01 17:22:36,34.08,0,0,0,0,0,0,0,0.00,1,0.00,0.00,0.00,0.00,0.00,P,0.00,12.00,12.00,0.58,0.62,^,0.00,,26.50,12.60,504,3.80,51.0,1,0,0.00,0.00,0.00,12.00,0.00,0.00,0,0,0.00,0
2026-05-01 17:22:37,35.09,0,0,0,0,0,0,0,0.00,1,0.00,0.00,0.00,0.00,0.00,P,0.00,12.00,12.00,0.58,0.62,^,0.00,,26.60,12.70,504,0.26,51.6,1,0,0.00,0.00,0.00,12.00,0.00,0.00,0,0,0.00,0
2026-05-01 17:22:38,36.10,0,0,0,0,0,0,0,0.00,1,0.00,0.00,0.00,0.00,0.00,P,0.00,12.00,12.00,0.58,0.62,^,0.00,,26.30,12.60,504,1.28,51.6,1,0,0.00,0.00,0.00,12.00,0.00,0.00,0,0,0.00,0
2026-05-01 17:22:39,37.11,0,0,0,0,0,0,0,0.00,1,0.00,0.00,0.00,0.00,0.00,P,0.00,12.00,12.00,0.58,0.62,^,0.00,,25.10,12.60,504,2.28,51.6,1,0,0.00,0.00,0.00,12.00,0.00,0.00,0,0,0.00,0
2026-05-01 17:22:40,38.12,0,0,0,0,0,0,0,0.00,1,0.00,0.00,0.00,0.00,0.00,P,0.00,12.00,12.00,0.58,0.62,^,0.00,,25.80,12.60,504,3.29,52.7,1,0,0.00,0.00,0.00,12.00,0.00,0.00,0,0,0.00,0
2026-05-01 17:22:41,39.13,0,0,0,0,0,0,0,0.00,1,0.00,0.00,0.00,0.00,0.00,P,0.00,12.00,12.00,0.58,0.62,^,0.00,,25.50,12.50,504,4.31,51.6,1,0,0.00,0.00,0.00,12.00,0.00,0.00,0,0,0.00,0
2026-05-01 17:22:42,40.14,0,0,0,0,0,0,0,0.00,1,0.00,0.00,0.00,0.00,0.00,P,0.00,12.00,12.00,0.58,0.62,^,0.00,,19.30,12.60,504,5.31,52.7,1,0,0.00,0.00,0.00,12.00,0.00,0.00,0,0,0.00,0
2026-05-01 17:22:43,41.15,1,0,0,0,0,0,0,0.01,0,1.00,0.00,0.00,0.00,0.22,D,0.00,12.00,12.00,0.58,0.62,^,0.36,,12.00,12.50,504,6.33,51.6,1,0,0.00,0.00,0.00,12.00,0.01,1.00,0,0,0.00,0
2026-05-01 17:22:44,42.17,1,0,0,0,0,0,0,-0.02,0,1.00,0.61,0.00,0.61,0.72,D,0.00,12.00,4.48,0.56,0.63,^,-1.22,,15.40,12.50,504,0.00,50.5,1,0,0.00,0.00,0.00,12.00,-0.02,1.00,0,0,0.00,0
2026-05-01 17:22:45,43.18,0,0,0,0,0,0,0,0.00,0,0.00,2.17,0.04,1.77,0.00,D,0.00,12.00,12.00,1.50,0.64,^,0.00,,17.00,12.50,504,0.00,51.0,1,0,0.00,0.00,0.00,12.00,0.00,0.00,0,0,0.00,0
2026-05-01 17:22:46,44.19,0,0,0,0,0,0,0,0.22,0,1.00,2.17,0.07,0.99,0.47,D,0.00,12.00,12.00,1.58,0.90,^,0.00,,15.40,12.50,504,0.00,51.6,1,0,0.00,0.00,0.00,12.00,0.00,0.00,0,0,0.00,0
2026-05-01 17:22:47,45.20,0,0,0,0,0,0,0,0.00,0,0.00,2.18,0.10,2.18,0.63,D,0.00,12.00,3.03,1.94,1.36,^,0.00,,17.60,12.50,504,0.00,51.0,1,0,0.00,0.00,0.00,12.00,0.00,0.00,0,0,0.00,0
2026-05-01 17:22:48,46.21,0,0,0,0,0,0,0,0.00,0,0.62,2.35,0.15,2.31,0.74,D,0.00,2.90,12.00,1.80,1.23,^,0.00,,18.00,12.60,504,0.00,49.4,1,0,0.00,0.00,0.00,2.90,0.00,0.00,0,0,0.00,0
2026-05-01 17:22:49,47.22,0,0,0,0,0,0,0,0.00,0,0.24,2.60,0.20,2.47,0.51,D,0.00,12.00,3.16,1.66,1.43,^,0.00,,16.00,12.60,504,0.00,51.0,1,0,0.00,0.00,0.00,12.00,0.00,0.00,0,0,0.00,0
2026-05-01 17:22:50,48.23,0,0,0,0,0,0,0,0.00,0,1.00,2.60,0.24,1.62,0.23,D,0.00,12.00,12.00,1.52,1.45,^,0.00,,13.80,12.70,504,0.00,51.0,1,0,0.00,0.00,0.00,12.00,0.00,0.00,0,0,0.00,0
2026-05-01 17:22:51,49.24,0,0,0,0,0,0,0,0.00,0,0.00,2.60,0.26,1.49,0.30,D,0.00,12.00,12.00,1.37,1.28,^,0.00,,13.60,12.70,504,0.00,51.6,1,0,0.00,0.00,0.00,12.00,0.00,0.00,0,0,0.00,0
2026-05-01 17:22:52,50.26,0,0,0,0,0,0,0,0.00,0,0.63,2.60,0.28,0.91,0.24,D,0.00,12.00,4.64,1.41,1.30,^,0.00,,14.00,12.70,504,0.00,51.0,1,0,0.00,0.00,0.00,12.00,0.00,0.00,0,0,0.00,0
2026-05-01 17:22:53,51.27,0,0,0,0,0,0,0,0.00,0,0.00,2.60,0.29,0.43,0.00,D,0.00,12.00,12.00,1.36,1.29,^,0.00,,15.60,12.60,504,0.00,50.5,1,0,0.00,0.00,0.00,12.00,0.00,0.00,0,0,0.00,0
2026-05-01 17:22:54,52.38,0,0,0,0,0,0,0,0.00,0,0.00,2.60,0.29,0.00,0.00,D,0.00,12.00,12.00,1.36,1.17,^,0.00,,13.50,12.60,504,0.71,50.5,1,0,0.00,0.00,0.00,12.00,0.00,0.00,0,0,0.00,0
2026-05-01 17:22:55,53.29,0,0,0,0,0,0,0,0.00,0,0.00,2.60,0.28,0.00,0.00,D,0.00,12.00,12.00,1.36,1.11,^,0.00,,14.20,12.60,504,1.62,51.0,1,0,0.00,0.00,0.00,12.00,0.00,0.00,0,0,0.00,0
2026-05-01 17:22:56,54.31,0,0,0,0,0,0,0,0.00,0,0.00,2.60,0.28,0.00,0.00,D,0.00,12.00,12.00,1.35,0.72,^,0.00,,16.50,12.60,504,2.63,49.4,1,0,0.00,0.00,0.00,12.00,0.00,0.00,0,0,0.00,0
2026-05-01 17:22:57,55.32,0,0,0,0,0,0,0,0.00,0,0.00,2.60,0.27,0.00,0.00,D,0.00,12.00,12.00,1.35,0.68,^,0.00,,15.20,12.50,504,3.64,51.6,1,0,0.00,0.00,0.00,12.00,0.00,0.00,0,0,0.00,0
2026-05-01 17:22:58,56.33,0,0,0,0,0,0,0,-0.52,0,1.00,2.60,0.27,0.00,0.15,D,0.00,12.00,12.00,1.35,0.65,^,0.00,,15.90,12.50,504,4.65,50.5,1,0,0.00,0.00,0.00,12.00,0.00,0.00,0,0,0.00,0
2026-05-01 17:22:59,57.35,0,0,0,0,0,0,0,-0.40,0,1.00,2.60,0.27,0.57,0.66,D,0.00,12.00,12.00,1.39,0.45,^,0.00,,17.50,12.50,504,0.00,49.9,1,0,0.00,0.00,0.00,12.00,0.00,0.00,0,0,0.00,0
2026-05-01 17:23:00,58.35,0,0,0,0,0,0,0,0.00,0,0.32,2.60,0.29,2.51,0.46,D,0.00,12.00,12.00,1.44,0.59,^,0.00,,15.90,12.50,504,0.00,50.5,1,0,0.00,0.00,0.00,12.00,0.00,0.00,0,0,0.00,0
2026-05-01 17:23:01,59.46,0,0,0,0,0,0,0,0.00,0,0.95,2.60,0.33,2.56,0.84,D,0.00,12.00,4.78,2.04,0.92,^,0.00,,14.60,12.50,504,0.00,51.6,1,0,0.00,0.00,0.00,12.00,0.00,0.00,0,0,0.00,0
2026-05-01 17:23:02,60.36,0,0,0,0,0,0,0,0.00,0,0.70,3.23,0.37,3.23,0.70,D,0.00,12.00,12.00,1.61,1.03,^,0.00,,16.70,12.50,504,0.00,50.5,1,0,0.00,0.00,0.00,12.00,0.00,0.00,0,0,0.00,0
2026-05-01 17:23:03,61.47,0,0,0,0,0,0,0,0.00,0,1.00,3.57,0.42,3.57,0.23,D,0.00,12.00,12.00,12.00,1.51,^,0.00,,15.00,12.50,504,0.00,52.7,1,0,0.00,0.00,0.00,12.00,0.00,0.00,0,0,0.00,0
2026-05-01 17:23:04,62.38,0,0,0,0,0,0,0,0.00,0,1.00,4.19,0.48,4.19,0.73,D,0.00,12.00,12.00,12.00,2.06,^,0.00,,14.00,12.50,504,0.00,51.0,1,0,0.00,0.00,0.00,12.00,0.00,0.00,0,0,0.00,0
2026-05-01 17:23:05,63.39,0,0,0,0,0,0,0,-0.38,0,1.00,4.79,0.54,4.77,1.00,D,0.00,12.00,12.00,12.00,12.00,^,0.00,,19.00,12.50,504,0.00,51.0,1,0,0.00,0.00,0.00,12.00,0.00,0.00,0,0,0.00,0
2026-05-01 17:23:06,64.39,0,0,0,0,0,0,0,0.00,0,0.00,4.79,0.60,4.56,0.70,D,0.00,12.00,12.00,12.00,12.00,^,0.00,,18.60,12.50,504,0.00,51.0,1,0,0.00,0.00,0.00,12.00,0.00,0.00,0,0,0.00,0
2026-05-01 17:23:07,65.40,0,0,0,0,0,0,0,0.00,0,0.00,4.79,0.65,2.52,0.09,D,0.00,12.00,12.00,12.00,12.00,^,0.00,,16.60,12.50,504,0.00,51.0,1,0,0.00,0.00,0.00,12.00,0.00,0.00,0,0,0.00,0
2026-05-01 17:23:08,66.41,1,0,0,0,0,0,0,-0.17,0,1.00,4.79,0.66,0.46,0.26,D,0.00,12.00,12.00,12.00,2.45,^,-10.18,,16.20,12.50,504,0.01,50.5,1,0,0.00,0.00,0.00,12.00,-0.17,1.00,0,0,0.00,0
2026-05-01 17:23:09,67.52,1,0,0,0,0,0,0,-0.18,0,1.00,4.79,0.65,0.57,0.77,D,0.00,12.00,12.00,12.00,1.32,^,-10.88,,14.00,12.40,504,0.00,50.5,1,0,0.00,0.00,0.00,12.00,-0.18,1.00,0,0,0.00,0
2026-05-01 17:23:10,68.43,1,0,0,0,0,0,0,0.01,0,1.00,4.79,0.68,3.62,1.00,D,0.00,12.00,12.00,12.00,1.59,^,0.39,,16.90,12.40,504,0.00,49.4,1,0,0.00,0.00,0.00,12.00,0.01,1.00,0,0,0.00,0
2026-05-01 17:23:11,69.54,1,0,0,0,0,0,0,-0.10,0,1.00,4.79,0.72,3.84,1.00,D,0.00,12.00,12.00,12.00,2.31,^,-5.73,,17.30,12.40,504,0.00,50.5,1,0,0.00,0.00,0.00,12.00,-0.10,1.00,0,0,0.00,0
2026-05-01 17:23:12,70.44,1,0,0,0,0,0,0,-0.42,0,0.50,4.79,0.77,3.97,0.92,D,0.00,1.88,2.12,12.00,2.33,WARN_WARNING,-25.33,lidar_override,16.20,12.40,504,0.00,50.5,1,0,0.00,0.00,0.00,1.88,-0.05,1.00,0,0,0.00,0
2026-05-01 17:23:13,71.44,1,0,0,0,0,0,0,0.31,0,1.00,4.79,0.80,2.67,0.91,D,0.00,12.00,1.58,0.82,1.87,^,18.60,,15.60,12.40,504,0.00,49.9,1,0,0.00,0.00,0.00,12.00,0.31,1.00,0,0,0.00,0
2026-05-01 17:23:14,72.45,1,0,0,0,0,0,0,-0.21,0,1.00,4.79,0.84,3.86,1.00,D,0.00,2.25,12.00,12.00,0.89,^,-12.75,,17.60,12.40,504,0.00,48.8,1,0,0.00,0.00,0.00,2.25,-0.21,1.00,0,0,0.00,0
2026-05-01 17:23:15,73.47,1,0,0,0,0,0,0,0.36,0,1.00,4.79,0.87,2.76,0.81,D,0.00,12.00,12.00,0.93,1.54,^,21.87,,15.90,12.40,504,0.00,50.5,1,0,0.00,0.00,0.00,12.00,0.36,1.00,0,0,0.00,0
2026-05-01 17:23:16,74.48,1,0,0,0,0,0,0,-0.23,0,1.00,4.79,0.90,3.86,1.00,D,0.00,12.00,12.00,12.00,0.77,^,-13.84,,18.00,12.40,504,0.00,50.5,1,0,0.00,0.00,0.00,12.00,-0.23,1.00,0,0,0.00,0
2026-05-01 17:23:17,75.48,1,0,0,0,0,0,0,-0.07,0,1.00,4.79,0.94,3.97,1.00,D,0.00,12.00,12.00,12.00,1.48,^,-4.22,,17.10,12.40,504,0.00,50.5,1,0,0.00,0.00,0.00,12.00,-0.07,1.00,0,0,0.00,0
2026-05-01 17:23:18,76.49,1,0,0,0,0,0,0,0.02,0,1.00,4.79,0.98,3.95,1.00,D,0.00,12.00,12.00,12.00,1.50,^,1.48,,16.10,12.40,504,0.00,50.5,1,0,0.00,0.00,0.00,12.00,0.02,1.00,0,0,0.00,0
2026-05-01 17:23:19,77.50,1,0,0,0,0,0,0,-0.06,0,1.00,4.79,1.02,4.00,1.00,D,0.00,12.00,12.00,12.00,1.51,^,-3.64,,17.10,12.40,504,0.00,48.8,1,0,0.00,0.00,0.00,12.00,-0.06,1.00,0,0,0.00,0
2026-05-01 17:23:20,78.52,1,0,0,0,0,0,0,-0.12,0,1.00,4.79,1.06,3.94,1.00,D,0.00,12.00,12.00,12.00,1.62,^,-7.01,,16.80,12.40,504,0.00,48.8,1,0,0.00,0.00,0.00,12.00,-0.12,1.00,0,0,0.00,0
2026-05-01 17:23:21,79.53,1,0,0,0,0,0,0,-0.00,0,1.00,4.79,1.10,3.99,1.00,D,0.00,12.00,12.00,12.00,1.76,^,-0.09,,16.90,12.40,504,0.00,50.5,1,0,0.00,0.00,0.00,12.00,-0.00,1.00,0,0,0.00,0
2026-05-01 17:23:22,80.55,1,0,0,0,0,0,0,-0.42,0,0.50,4.79,1.13,3.90,0.96,D,0.00,1.20,12.00,12.00,2.11,WARN_WARNING,-25.33,lidar_override,15.60,12.40,504,0.00,48.8,1,0,0.00,0.00,0.00,1.20,-0.10,1.00,0,0,0.00,0
2026-05-01 17:23:23,81.56,1,0,0,0,0,0,0,0.55,0,1.00,4.79,1.16,1.66,0.18,D,0.00,2.32,12.00,0.31,0.26,^,33.11,,15.70,12.40,504,0.00,49.9,1,0,0.00,0.00,0.00,2.32,0.55,1.00,0,0,0.00,0
2026-05-01 17:23:24,82.57,1,0,0,0,0,0,0,0.39,0,1.00,4.79,1.15,0.56,0.69,D,0.00,12.00,2.05,0.38,0.37,^,23.51,,16.20,12.40,504,0.00,49.9,1,0,0.00,0.00,0.00,12.00,0.39,1.00,0,0,0.00,0
2026-05-01 17:23:26,83.68,1,0,0,0,0,0,0,0.37,0,1.00,4.79,1.15,1.27,0.65,D,0.00,2.04,1.82,0.59,0.52,^,22.44,,16.20,12.40,504,0.00,49.9,1,0,0.00,0.00,0.00,2.04,0.37,1.00,0,0,0.00,0
2026-05-01 17:23:26,84.59,1,0,0,0,0,0,0,-0.42,0,0.50,4.79,1.16,3.29,0.90,D,0.00,0.94,1.70,0.34,0.34,STOP_WARNING,-25.33,lidar_override,17.30,12.40,504,0.00,48.8,1,0,0.00,0.00,0.00,0.94,-0.26,1.00,0,0,0.00,0
2026-05-01 17:23:27,85.60,1,0,0,0,0,0,0,-0.01,0,1.00,4.79,1.19,3.17,1.00,D,0.00,12.00,1.26,12.00,0.58,^,-0.62,,16.40,12.40,504,0.00,49.9,1,0,0.00,0.00,0.00,12.00,-0.01,1.00,0,0,0.00,0
2026-05-01 17:23:28,86.61,1,0,0,0,0,0,0,0.03,0,1.00,4.79,1.21,3.86,1.00,D,0.00,12.00,12.00,12.00,1.92,^,2.01,,16.20,12.40,504,0.00,49.4,1,0,0.00,0.00,0.00,12.00,0.03,1.00,0,0,0.00,0
2026-05-01 17:23:29,87.63,1,0,0,0,0,0,0,-0.05,0,1.00,4.79,1.25,3.96,1.00,D,0.00,12.00,12.00,12.00,2.10,^,-2.78,,17.00,12.40,504,0.00,49.4,1,0,0.00,0.00,0.00,12.00,-0.05,1.00,0,0,0.00,0
2026-05-01 17:23:30,88.64,1,0,0,0,0,0,0,0.03,0,1.00,4.79,1.28,3.88,1.00,D,0.00,12.00,12.00,12.00,1.96,^,1.63,,16.80,12.40,504,0.00,48.3,1,0,0.00,0.00,0.00,12.00,0.03,1.00,0,0,0.00,0
2026-05-01 17:23:31,89.65,1,0,0,0,0,0,0,-0.22,0,1.00,4.79,1.31,3.98,1.00,D,0.00,12.00,2.72,12.00,1.93,^,-13.29,,16.40,12.40,504,0.00,49.9,1,0,0.00,0.00,0.00,12.00,-0.22,1.00,0,0,0.00,0
2026-05-01 17:23:33,90.66,1,0,0,0,0,0,0,-0.06,0,1.00,4.79,1.34,4.05,1.00,D,0.00,12.00,2.19,12.00,1.87,^,-3.54,,18.20,12.40,504,0.00,50.5,1,0,0.00,0.00,0.00,12.00,-0.06,1.00,0,0,0.00,0
2026-05-01 17:23:34,91.67,1,0,0,0,0,0,0,0.00,0,1.00,4.79,1.37,3.96,1.00,D,0.00,12.00,2.50,12.00,1.94,^,0.05,,16.20,12.40,504,0.00,48.8,1,0,0.00,0.00,0.00,12.00,0.00,1.00,0,0,0.00,0
2026-05-01 17:23:35,92.68,1,0,0,0,0,0,0,-0.03,0,1.00,4.79,1.40,3.96,1.00,D,0.00,12.00,2.99,12.00,2.08,^,-1.77,,17.30,12.40,504,0.00,48.3,1,0,0.00,0.00,0.00,12.00,-0.03,1.00,0,0,0.00,0
2026-05-01 17:23:36,93.79,1,0,0,0,0,0,0,-0.10,0,1.00,4.79,1.42,4.01,1.00,D,0.00,12.00,12.00,12.00,2.07,^,-6.06,,16.90,12.40,504,0.00,48.3,1,0,0.00,0.00,0.00,12.00,-0.10,1.00,0,0,0.00,0
2026-05-01 17:23:37,94.70,1,0,0,0,0,0,0,-0.11,0,1.00,4.79,1.45,4.01,1.00,D,0.00,12.00,12.00,12.00,1.98,^,-6.71,,16.60,12.40,504,0.00,48.8,1,0,0.00,0.00,0.00,12.00,-0.11,1.00,0,0,0.00,0
2026-05-01 17:23:38,95.71,1,0,0,0,0,0,0,-0.10,0,1.00,4.79,1.48,4.05,1.00,D,0.00,12.00,12.00,12.00,1.87,^,-5.86,,16.20,12.30,504,0.00,48.8,1,0,0.00,0.00,0.00,12.00,-0.10,1.00,0,0,0.00,0
2026-05-01 17:23:39,96.73,1,0,0,0,0,0,0,0.12,0,1.00,4.79,1.50,4.03,1.00,D,0.00,12.00,12.00,12.00,1.79,^,7.35,,17.20,12.30,504,0.00,49.9,1,0,0.00,0.00,0.00,12.00,0.12,1.00,0,0,0.00,0
2026-05-01 17:23:40,97.74,1,0,0,0,0,0,0,-0.07,0,1.00,4.79,1.53,3.88,1.00,D,0.00,12.00,12.00,12.00,1.71,^,-4.19,,15.70,12.40,504,0.00,49.9,1,0,0.00,0.00,0.00,12.00,-0.07,1.00,0,0,0.00,0
2026-05-01 17:23:41,98.75,1,0,0,0,0,0,0,-0.11,0,1.00,4.79,1.56,4.05,1.00,D,0.00,12.00,12.00,12.00,1.65,^,-6.55,,16.10,12.40,504,0.00,48.8,1,0,0.00,0.00,0.00,12.00,-0.11,1.00,0,0,0.00,0
2026-05-01 17:23:42,99.76,1,0,0,0,0,0,0,-0.07,0,1.00,4.79,1.58,4.07,1.00,D,0.00,12.00,12.00,12.00,1.59,^,-4.14,,17.10,12.40,504,0.00,49.9,1,0,0.00,0.00,0.00,12.00,-0.07,1.00,0,0,0.00,0
2026-05-01 17:23:43,100.77,1,0,0,0,0,0,0,-0.05,0,1.00,4.79,1.61,3.97,1.00,D,0.00,12.00,12.00,12.00,1.51,^,-2.84,,15.50,12.40,504,0.00,50.5,1,0,0.00,0.00,0.00,12.00,-0.05,1.00,0,0,0.00,0
2026-05-01 17:23:44,101.78,1,0,0,0,0,0,0,0.05,0,1.00,4.79,1.63,4.02,1.00,D,0.00,12.00,12.00,12.00,1.41,^,3.18,,16.40,12.40,504,0.00,50.5,1,0,0.00,0.00,0.00,12.00,0.05,1.00,0,0,0.00,0
2026-05-01 17:23:45,102.79,1,0,0,0,0,0,0,-0.17,0,1.00,4.79,1.65,3.95,1.00,D,0.00,12.00,12.00,12.00,1.32,^,-10.40,,17.70,12.30,504,0.00,48.3,1,0,0.00,0.00,0.00,12.00,-0.17,1.00,0,0,0.00,0
2026-05-01 17:23:46,103.81,1,0,0,0,0,0,0,0.11,0,1.00,4.79,1.67,3.98,1.00,D,0.00,12.00,12.00,12.00,1.31,^,6.48,,15.30,12.40,504,0.00,49.9,1,0,0.00,0.00,0.00,12.00,0.11,1.00,0,0,0.00,0
2026-05-01 17:23:47,104.81,1,0,0,0,0,0,0,-0.09,0,1.00,4.79,1.70,3.98,1.00,D,0.00,12.00,2.22,12.00,1.37,^,-5.13,,13.90,12.40,504,0.00,51.0,1,0,0.00,0.00,0.00,12.00,-0.09,1.00,0,0,0.00,0
2026-05-01 17:23:48,105.82,1,0,0,0,0,0,0,-0.13,0,1.00,4.79,1.72,4.05,1.00,D,0.00,12.00,12.00,12.00,1.50,^,-7.75,,14.50,12.50,504,0.00,51.0,1,0,0.00,0.00,0.00,12.00,-0.13,1.00,0,0,0.00,0
2026-05-01 17:23:49,106.83,1,0,0,0,0,0,0,0.00,0,1.00,4.79,1.74,3.88,1.00,D,0.00,12.00,12.00,12.00,1.57,^,0.23,,13.60,12.50,504,0.00,50.5,1,0,0.00,0.00,0.00,12.00,0.00,1.00,0,0,0.00,0
2026-05-01 17:23:50,107.85,1,0,0,0,0,0,0,-0.11,0,1.00,4.79,1.76,3.96,1.00,D,0.00,12.00,12.00,12.00,1.69,^,-6.47,,14.40,12.50,504,0.00,52.1,1,0,0.00,0.00,0.00,12.00,-0.11,1.00,0,0,0.00,0
2026-05-01 17:23:51,108.86,1,0,0,0,0,0,0,-0.13,0,1.00,4.79,1.78,4.04,1.00,D,0.00,12.00,12.00,12.00,1.68,^,-7.82,,15.60,12.40,504,0.00,52.1,1,0,0.00,0.00,0.00,12.00,-0.13,1.00,0,0,0.00,0
2026-05-01 17:23:52,109.86,1,0,0,0,0,0,0,-0.03,0,1.00,4.79,1.80,4.04,1.00,D,0.00,12.00,12.00,12.00,1.64,^,-1.96,,14.60,12.50,504,0.00,52.7,1,0,0.00,0.00,0.00,12.00,-0.03,1.00,0,0,0.00,0
2026-05-01 17:23:53,110.88,1,0,0,0,0,0,0,0.07,0,1.00,4.79,1.82,4.04,1.00,D,0.00,12.00,12.00,12.00,1.64,^,4.09,,14.00,12.50,504,0.00,51.6,1,0,0.00,0.00,0.00,12.00,0.07,1.00,0,0,0.00,0
2026-05-01 17:23:54,111.99,1,0,0,0,0,0,0,0.04,0,1.00,4.79,1.84,4.02,1.00,D,0.00,12.00,12.00,12.00,1.68,^,2.61,,13.90,12.40,504,0.00,52.1,1,0,0.00,0.00,0.00,12.00,0.04,1.00,0,0,0.00,0
2026-05-01 17:23:55,112.89,1,0,0,0,0,0,0,0.09,0,1.00,4.79,1.86,3.98,1.00,D,0.00,12.00,12.00,12.00,1.72,^,5.45,,14.20,12.50,504,0.00,51.0,1,0,0.00,0.00,0.00,12.00,0.09,1.00,0,0,0.00,0
2026-05-01 17:23:56,113.91,1,0,0,0,0,0,0,-0.11,0,1.00,4.79,1.88,4.02,1.00,D,0.00,12.00,12.00,12.00,1.81,^,-6.33,,14.90,12.40,504,0.00,52.1,1,0,0.00,0.00,0.00,12.00,-0.11,1.00,0,0,0.00,0
2026-05-01 17:23:57,114.92,1,0,0,0,0,0,0,-0.01,0,1.00,4.79,1.90,4.04,1.00,D,0.00,12.00,12.00,12.00,1.85,^,-0.42,,15.50,12.60,504,0.00,51.6,1,0,0.00,0.00,0.00,12.00,-0.01,1.00,0,0,0.00,0
2026-05-01 17:23:58,115.93,1,0,0,0,0,0,0,-0.08,0,1.00,4.79,1.92,3.87,1.00,D,0.00,12.00,12.00,12.00,1.94,^,-4.57,,13.40,12.70,504,0.00,50.5,1,0,0.00,0.00,0.00,12.00,-0.08,1.00,0,0,0.00,0
2026-05-01 17:23:59,116.94,1,0,0,0,0,0,0,-0.10,0,1.00,4.79,1.94,4.05,1.00,D,0.00,12.00,12.00,12.00,1.92,^,-6.22,,13.50,12.70,504,0.00,51.0,1,0,0.00,0.00,0.00,12.00,-0.10,1.00,0,0,0.00,0
2026-05-01 17:24:00,118.05,1,0,0,0,0,0,0,0.00,0,1.00,4.79,1.95,4.03,1.00,D,0.00,12.00,12.00,12.00,1.93,^,0.21,,13.90,12.60,504,0.00,51.6,1,0,0.00,0.00,0.00,12.00,0.00,1.00,0,0,0.00,0
2026-05-01 17:24:01,118.96,1,0,0,0,0,0,0,-0.05,0,1.00,4.79,1.97,4.04,1.00,D,0.00,2.96,12.00,12.00,1.92,^,-2.78,,14.20,12.60,504,0.00,50.5,1,0,0.00,0.00,0.00,2.96,-0.05,1.00,0,0,0.00,0
2026-05-01 17:24:02,119.97,1,0,0,0,0,0,0,0.04,0,1.00,4.79,1.99,4.02,1.00,D,0.00,12.00,1.40,12.00,1.93,^,2.59,,16.20,12.90,504,0.00,51.6,1,0,0.00,0.00,0.00,12.00,0.04,1.00,0,0,0.00,0
2026-05-01 17:24:03,120.97,1,0,0,0,0,0,0,-0.17,0,1.00,4.79,2.01,4.00,1.00,D,0.00,12.00,1.73,12.00,1.22,^,-10.11,,14.80,12.90,504,0.00,51.6,1,0,0.00,0.00,0.00,12.00,-0.17,1.00,0,0,0.00,0
2026-05-01 17:24:04,122.08,1,0,0,0,0,0,0,-0.08,0,1.00,4.79,2.02,4.04,1.00,D,0.00,12.00,1.80,12.00,1.93,^,-4.72,,14.20,13.30,504,0.00,50.5,1,0,0.00,0.00,0.00,12.00,-0.08,1.00,0,0,0.00,0
2026-05-01 17:24:05,122.99,1,0,0,0,0,0,0,-0.05,0,1.00,4.79,2.04,4.02,1.00,D,0.00,12.00,12.00,12.00,1.86,^,-2.92,,14.60,13.80,504,0.00,52.1,1,0,0.00,0.00,0.00,12.00,-0.05,1.00,0,0,0.00,0
2026-05-01 17:24:06,124.00,1,0,0,0,0,0,0,-0.03,0,1.00,4.79,2.05,4.04,1.00,D,0.00,12.00,12.00,12.00,1.78,^,-1.80,,14.90,14.00,504,0.00,51.0,1,0,0.00,0.00,0.00,12.00,-0.03,1.00,0,0,0.00,0
2026-05-01 17:24:07,125.01,1,0,0,0,0,0,0,-0.12,0,1.00,4.79,2.07,4.02,1.00,D,0.00,12.00,12.00,12.00,1.67,^,-7.35,,14.20,13.80,504,0.00,52.1,1,0,0.00,0.00,0.00,12.00,-0.12,1.00,0,0,0.00,0
2026-05-01 17:24:08,126.02,1,0,0,0,0,0,0,-0.05,0,1.00,4.79,2.09,4.00,1.00,D,0.00,12.00,12.00,12.00,1.56,^,-3.25,,16.90,13.60,504,0.00,52.1,1,0,0.00,0.00,0.00,12.00,-0.05,1.00,0,0,0.00,0
2026-05-01 17:24:09,127.03,1,0,0,0,0,0,0,-0.13,0,1.00,4.79,2.10,4.00,1.00,D,0.00,12.00,12.00,12.00,1.49,^,-7.54,,17.50,13.30,504,0.00,50.5,1,0,0.00,0.00,0.00,12.00,-0.13,1.00,0,0,0.00,0
2026-05-01 17:24:10,128.15,1,0,0,0,0,0,0,-0.02,0,1.00,4.79,2.11,4.07,1.00,D,0.00,12.00,12.00,12.00,1.43,^,-1.23,,15.80,13.20,504,0.00,51.6,1,0,0.00,0.00,0.00,12.00,-0.02,1.00,0,0,0.00,0
2026-05-01 17:24:11,129.05,1,0,0,0,0,0,0,0.07,0,1.00,4.79,2.13,3.94,1.00,D,0.00,12.00,2.34,12.00,1.40,^,4.24,,18.30,12.90,504,0.00,51.0,1,0,0.00,0.00,0.00,12.00,0.07,1.00,0,0,0.00,0
2026-05-01 17:24:12,130.06,1,0,0,0,0,0,0,-0.13,0,1.00,4.79,2.15,3.99,1.00,D,0.00,12.00,1.68,12.00,1.35,^,-7.59,,17.10,12.90,504,0.00,50.5,1,0,0.00,0.00,0.00,12.00,-0.13,1.00,0,0,0.00,0
2026-05-01 17:24:13,131.08,1,0,0,0,0,0,0,-0.12,0,1.00,4.79,2.16,4.04,1.00,D,0.00,12.00,12.00,12.00,1.34,^,-7.37,,16.70,12.80,504,0.00,51.6,1,0,0.00,0.00,0.00,12.00,-0.12,1.00,0,0,0.00,0
2026-05-01 17:24:14,132.09,1,0,0,0,0,0,0,-0.06,0,1.00,4.79,2.17,3.96,1.00,D,0.00,12.00,12.00,12.00,1.37,^,-3.58,,16.90,12.80,504,0.00,51.0,1,0,0.00,0.00,0.00,12.00,-0.06,1.00,0,0,0.00,0
2026-05-01 17:24:15,133.10,1,0,0,0,0,0,0,-0.12,0,1.00,4.79,2.19,3.90,1.00,D,0.00,12.00,12.00,12.00,1.44,^,-7.37,,13.60,12.70,504,0.00,51.6,1,0,0.00,0.00,0.00,12.00,-0.12,1.00,0,0,0.00,0
2026-05-01 17:24:16,134.11,1,0,0,0,0,0,0,-0.05,0,1.00,4.79,2.20,3.97,1.00,D,0.00,12.00,2.88,12.00,1.26,^,-2.78,,14.30,12.50,504,0.00,51.6,1,0,0.00,0.00,0.00,12.00,-0.05,1.00,0,0,0.00,0
2026-05-01 17:24:17,135.12,1,0,0,0,0,0,0,-0.04,0,1.00,4.79,2.21,4.00,1.00,D,0.00,12.00,1.94,12.00,1.34,^,-2.51,,15.60,12.50,504,0.00,49.9,1,0,0.00,0.00,0.00,12.00,-0.04,1.00,0,0,0.00,0
2026-05-01 17:24:18,136.14,1,0,0,0,0,0,0,0.02,0,1.00,4.79,2.23,4.03,1.00,D,0.00,12.00,1.95,12.00,1.33,^,1.49,,14.00,12.50,504,0.00,51.0,1,0,0.00,0.00,0.00,12.00,0.02,1.00,0,0,0.00,0
2026-05-01 17:24:19,137.15,1,0,0,0,0,0,0,-0.18,0,1.00,4.79,2.24,4.01,1.00,D,0.00,12.00,12.00,12.00,1.24,^,-11.05,,14.50,12.40,504,0.00,51.0,1,0,0.00,0.00,0.00,12.00,-0.18,1.00,0,0,0.00,0
2026-05-01 17:24:20,138.16,1,0,0,0,0,0,0,-0.08,0,1.00,4.79,2.25,4.02,1.00,D,0.00,12.00,12.00,12.00,1.23,^,-4.59,,17.50,12.40,504,0.00,51.0,1,0,0.00,0.00,0.00,12.00,-0.08,1.00,0,0,0.00,0
2026-05-01 17:24:21,139.17,1,0,0,0,0,0,0,0.01,0,1.00,4.79,2.27,3.99,1.00,D,0.00,12.00,12.00,12.00,1.25,^,0.65,,16.80,12.40,504,0.00,51.0,1,0,0.00,0.00,0.00,12.00,0.01,1.00,0,0,0.00,0
2026-05-01 17:24:22,140.18,1,0,0,0,0,0,0,-0.08,0,1.00,4.79,2.28,3.97,1.00,D,0.00,12.00,12.00,12.00,1.25,^,-4.56,,16.20,12.40,504,0.00,51.0,1,0,0.00,0.00,0.00,12.00,-0.08,1.00,0,0,0.00,0
2026-05-01 17:24:23,141.20,1,0,0,0,0,0,0,-0.03,0,1.00,4.79,2.29,4.01,1.00,D,0.00,12.00,12.00,12.00,1.21,^,-1.83,,17.40,12.40,504,0.00,51.0,1,0,0.00,0.00,0.00,12.00,-0.03,1.00,0,0,0.00,0
2026-05-01 17:24:24,142.31,1,0,0,0,0,0,0,-0.09,0,1.00,4.79,2.30,3.95,1.00,D,0.00,12.00,12.00,12.00,1.32,^,-5.36,,16.90,12.40,504,0.00,51.0,1,0,0.00,0.00,0.00,12.00,-0.09,1.00,0,0,0.00,0
2026-05-01 17:24:25,143.32,1,0,0,0,0,0,0,0.01,0,1.00,4.79,2.31,3.91,1.00,D,0.00,12.00,12.00,12.00,1.28,^,0.79,,17.10,12.40,504,0.00,49.9,1,0,0.00,0.00,0.00,12.00,0.01,1.00,0,0,0.00,0
2026-05-01 17:24:26,144.22,1,0,0,0,0,0,0,-0.15,0,1.00,4.79,2.33,3.94,1.00,D,0.00,2.39,12.00,12.00,1.20,^,-9.16,,16.00,12.40,504,0.00,50.5,1,0,0.00,0.00,0.00,2.39,-0.15,1.00,0,0,0.00,0
2026-05-01 17:24:27,145.33,1,0,0,0,0,0,0,-0.44,0,1.00,4.79,2.33,3.43,1.00,D,0.00,12.00,1.23,12.00,1.08,^,-26.59,,15.70,12.40,504,0.00,51.0,1,0,0.00,0.00,0.00,12.00,-0.44,1.00,0,0,0.00,0
2026-05-01 17:24:28,146.23,1,0,0,0,0,0,0,0.02,0,1.00,4.79,2.34,3.77,0.98,D,0.00,12.00,0.86,12.00,0.91,^,0.99,,15.50,12.40,504,0.00,51.6,1,0,0.00,0.00,0.00,12.00,0.02,1.00,0,0,0.00,0
2026-05-01 17:24:29,147.24,1,0,0,0,0,0,0,-0.03,0,1.00,4.79,2.35,3.84,1.00,D,0.00,12.00,1.85,12.00,1.32,^,-1.84,,16.70,12.40,504,0.00,50.5,1,0,0.00,0.00,0.00,12.00,-0.03,1.00,0,0,0.00,0
2026-05-01 17:24:30,148.26,1,0,0,0,0,0,0,-0.01,0,1.00,4.79,2.36,3.92,1.00,D,0.00,12.00,1.84,12.00,1.50,^,-0.49,,15.30,12.40,504,0.00,51.6,1,0,0.00,0.00,0.00,12.00,-0.01,1.00,0,0,0.00,0
2026-05-01 17:24:31,149.27,1,0,0,0,0,0,0,-0.02,0,1.00,4.79,2.38,3.74,1.00,D,0.00,12.00,12.00,12.00,1.68,^,-1.24,,15.10,12.40,504,0.00,51.0,1,0,0.00,0.00,0.00,12.00,-0.02,1.00,0,0,0.00,0
2026-05-01 17:24:32,150.27,1,0,0,0,0,0,0,-0.05,0,1.00,4.79,2.38,3.94,1.00,D,0.00,12.00,12.00,12.00,1.67,^,-2.96,,17.00,12.40,504,0.00,50.5,1,0,0.00,0.00,0.00,12.00,-0.05,1.00,0,0,0.00,0
2026-05-01 17:24:33,151.28,1,0,0,0,0,0,0,-0.02,0,1.00,4.79,2.40,3.90,1.00,D,0.00,12.00,12.00,12.00,1.62,^,-1.48,,16.10,12.40,504,0.00,53.2,1,0,0.00,0.00,0.00,12.00,-0.02,1.00,0,0,0.00,0
2026-05-01 17:24:34,152.28,1,0,0,0,0,0,0,-0.11,0,1.00,4.79,2.40,3.84,1.00,D,0.00,12.00,12.00,12.00,1.46,^,-6.78,,14.20,12.40,504,0.00,53.2,1,0,0.00,0.00,0.00,12.00,-0.11,1.00,0,0,0.00,0
2026-05-01 17:24:35,153.29,1,0,0,0,0,0,0,-0.07,0,1.00,4.79,2.41,3.88,1.00,D,0.00,12.00,12.00,12.00,1.45,^,-4.47,,14.60,12.40,504,0.00,52.1,1,0,0.00,0.00,0.00,12.00,-0.07,1.00,0,0,0.00,0
2026-05-01 17:24:36,154.30,1,0,0,0,0,0,0,-0.04,0,1.00,4.79,2.42,3.92,1.00,D,0.00,12.00,2.24,12.00,1.42,^,-2.61,,14.20,12.40,504,0.00,50.5,1,0,0.00,0.00,0.00,12.00,-0.04,1.00,0,0,0.00,0
2026-05-01 17:24:37,155.41,1,0,0,0,0,0,0,-0.10,0,1.00,4.79,2.43,3.85,1.00,D,0.00,12.00,12.00,12.00,1.35,^,-5.72,,15.10,12.40,504,0.00,52.7,1,0,0.00,0.00,0.00,12.00,-0.10,1.00,0,0,0.00,0
2026-05-01 17:24:38,156.32,1,0,0,0,0,0,0,-0.11,0,1.00,4.79,2.44,3.90,1.00,D,0.00,3.19,1.86,12.00,1.50,^,-6.62,,15.90,12.30,504,0.00,52.7,1,0,0.00,0.00,0.00,3.19,-0.11,1.00,0,0,0.00,0
2026-05-01 17:24:39,157.33,1,0,0,0,0,0,0,-0.42,0,0.50,4.79,2.45,3.38,0.75,D,0.00,1.46,12.00,1.54,1.49,WARN_WARNING,-25.33,lidar_override,14.00,12.30,504,0.00,52.7,1,0,0.00,0.00,0.00,1.46,0.21,1.00,0,0,0.00,0
2026-05-01 17:24:40,158.34,1,0,0,0,0,0,0,0.29,0,1.00,4.79,2.45,3.10,1.00,D,0.00,2.65,12.00,0.81,1.28,^,17.12,,14.40,12.30,504,0.00,52.7,1,0,0.00,0.00,0.00,2.65,0.29,1.00,0,0,0.00,0
2026-05-01 17:24:41,159.35,1,0,0,0,0,0,0,-0.42,0,0.50,4.79,2.46,3.00,0.68,D,0.00,1.29,12.00,1.36,1.17,WARN_WARNING,-25.33,lidar_override,16.80,12.40,504,0.00,52.7,1,0,0.00,0.00,0.00,1.29,0.21,1.00,0,0,0.00,0
2026-05-01 17:24:42,160.37,1,0,0,0,0,0,0,0.15,0,1.00,4.79,2.46,3.55,1.00,D,0.00,12.00,12.00,0.63,1.04,^,8.85,,14.60,12.40,504,0.00,51.6,1,0,0.00,0.00,0.00,12.00,0.15,1.00,0,0,0.00,0
2026-05-01 17:24:43,161.38,1,0,0,0,0,0,0,-0.15,0,1.00,4.79,2.47,3.88,1.00,D,0.00,12.00,12.00,12.00,1.32,^,-8.98,,16.30,12.40,504,0.00,52.1,1,0,0.00,0.00,0.00,12.00,-0.15,1.00,0,0,0.00,0
2026-05-01 17:24:44,162.38,1,0,0,0,0,0,0,-0.04,0,1.00,4.79,2.48,3.89,1.00,D,0.00,12.00,12.00,12.00,1.49,^,-2.21,,18.20,12.40,504,0.00,52.1,1,0,0.00,0.00,0.00,12.00,-0.04,1.00,0,0,0.00,0
2026-05-01 17:24:45,163.39,1,0,0,0,0,0,0,-0.03,0,1.00,4.79,2.49,3.87,1.00,D,0.00,12.00,12.00,12.00,2.08,^,-1.53,,12.40,12.40,504,0.00,51.6,1,0,0.00,0.00,0.00,12.00,-0.03,1.00,0,0,0.00,0
2026-05-01 17:24:46,164.40,1,0,0,0,0,0,0,-0.16,0,1.00,4.79,2.50,3.85,1.00,D,0.00,12.00,3.14,12.00,12.00,^,-9.41,,13.60,12.30,504,0.00,52.7,1,0,0.00,0.00,0.00,12.00,-0.16,1.00,0,0,0.00,0
2026-05-01 17:24:47,165.42,1,0,0,0,0,0,0,-0.11,0,1.00,4.79,2.51,3.92,1.00,D,0.00,12.00,2.66,12.00,2.64,^,-6.84,,16.40,12.30,504,0.00,51.0,1,0,0.00,0.00,0.00,12.00,-0.11,1.00,0,0,0.00,0
2026-05-01 17:24:48,166.43,1,0,0,0,0,0,0,-0.01,0,1.00,4.79,2.52,4.00,1.00,D,0.00,12.00,5.46,12.00,12.00,^,-0.51,,14.50,12.30,504,0.00,52.7,1,0,0.00,0.00,0.00,12.00,-0.01,1.00,0,0,0.00,0
2026-05-01 17:24:49,167.44,1,0,0,0,0,0,0,-0.13,0,1.00,4.79,2.52,3.99,1.00,D,0.00,12.00,12.00,12.00,4.95,^,-8.09,,14.50,12.40,504,0.00,52.7,1,0,0.00,0.00,0.00,12.00,-0.13,1.00,0,0,0.00,0
2026-05-01 17:24:50,168.45,1,0,0,0,0,0,0,0.01,0,1.00,4.79,2.53,3.94,1.00,D,0.00,12.00,12.00,12.00,12.00,^,0.82,,14.00,12.30,504,0.00,52.7,1,0,0.00,0.00,0.00,12.00,0.01,1.00,0,0,0.00,0
2026-05-01 17:24:51,169.47,1,0,0,0,0,0,0,-0.07,0,1.00,4.79,2.54,4.00,1.00,D,0.00,12.00,12.00,12.00,5.99,^,-4.25,,15.60,12.30,504,0.00,51.0,1,0,0.00,0.00,0.00,12.00,-0.07,1.00,0,0,0.00,0
2026-05-01 17:24:52,170.48,1,0,0,0,0,0,0,0.07,0,1.00,4.79,2.55,3.90,1.00,D,0.00,12.00,3.00,12.00,7.10,^,4.22,,13.30,12.40,504,0.00,51.0,1,0,0.00,0.00,0.00,12.00,0.07,1.00,0,0,0.00,0
2026-05-01 17:24:53,171.48,1,0,0,0,0,0,0,-0.20,0,1.00,4.79,2.56,3.95,1.00,D,0.00,12.00,2.26,12.00,2.43,^,-12.19,,15.20,12.30,504,0.00,51.6,1,0,0.00,0.00,0.00,12.00,-0.20,1.00,0,0,0.00,0
2026-05-01 17:24:54,172.48,1,0,0,0,0,0,0,0.02,0,1.00,4.79,2.57,4.09,1.00,D,0.00,15.40,1.91,12.00,1.92,^,0.95,,14.50,12.30,504,0.00,52.1,1,0,0.00,0.00,0.00,15.40,0.02,1.00,0,0,0.00,0
2026-05-01 17:24:55,173.50,1,0,0,0,0,0,0,0.05,0,1.00,4.79,2.57,4.02,1.00,D,0.00,9.65,2.97,12.00,2.25,^,3.25,,16.40,12.30,504,0.00,52.1,1,0,0.00,0.00,0.00,9.65,0.05,1.00,0,0,0.00,0
2026-05-01 17:24:56,174.52,1,0,0,0,0,0,0,-0.04,0,1.00,4.79,2.58,4.04,1.00,D,0.00,12.00,12.00,12.00,12.00,^,-2.68,,16.00,12.30,504,0.00,52.1,1,0,0.00,0.00,0.00,12.00,-0.04,1.00,0,0,0.00,0
2026-05-01 17:24:57,175.53,1,0,0,0,0,0,0,-0.20,0,1.00,4.79,2.59,4.10,1.00,D,0.00,12.00,12.00,1.91,1.92,^,-11.92,,16.70,12.30,504,0.00,51.0,1,0,0.00,0.00,0.00,12.00,-0.20,1.00,0,0,0.00,0
2026-05-01 17:24:58,176.54,1,0,0,0,0,0,0,-0.01,0,1.00,4.79,2.60,4.10,1.00,D,0.00,12.00,12.00,12.00,2.40,^,-0.33,,16.80,12.30,504,0.00,52.1,1,0,0.00,0.00,0.00,12.00,-0.01,1.00,0,0,0.00,0
2026-05-01 17:24:59,177.55,1,0,0,0,0,0,0,-0.01,0,1.00,4.79,2.61,4.00,1.00,D,0.00,12.00,12.00,12.00,12.73,^,-0.35,,15.50,12.30,504,0.00,52.1,1,0,0.00,0.00,0.00,12.00,-0.01,1.00,0,0,0.00,0
2026-05-01 17:25:00,178.57,1,0,0,0,0,0,0,-0.01,0,1.00,4.79,2.62,4.03,1.00,D,0.00,12.00,12.00,12.00,2.31,^,-0.71,,13.70,12.30,504,0.00,52.7,1,0,0.00,0.00,0.00,12.00,-0.01,1.00,0,0,0.00,0
2026-05-01 17:25:01,179.58,1,0,0,0,0,0,0,-0.06,0,1.00,4.79,2.62,4.05,1.00,D,0.00,12.00,12.00,12.00,2.31,^,-3.46,,14.50,12.30,504,0.00,51.6,1,0,0.00,0.00,0.00,12.00,-0.06,1.00,0,0,0.00,0
2026-05-01 17:25:02,180.59,1,0,0,0,0,0,0,-0.40,0,1.00,4.79,2.63,3.97,1.00,D,0.00,12.00,12.00,12.00,2.27,^,-24.19,,14.30,12.30,504,0.00,51.0,1,0,0.00,0.00,0.00,12.00,-0.40,1.00,0,0,0.00,0
2026-05-01 17:25:03,181.61,1,0,0,0,0,0,0,-0.16,0,1.00,4.79,2.64,4.08,1.00,D,0.00,12.00,12.00,12.00,2.17,^,-9.33,,14.50,12.30,504,0.00,52.7,1,0,0.00,0.00,0.00,12.00,-0.16,1.00,0,0,0.00,0
2026-05-01 17:25:04,182.62,1,0,0,0,0,0,0,-0.07,0,1.00,4.79,2.65,4.11,1.00,D,0.00,12.00,12.00,12.00,2.15,^,-4.26,,16.40,12.30,504,0.00,50.5,1,0,0.00,0.00,0.00,12.00,-0.07,1.00,0,0,0.00,0
2026-05-01 17:25:05,183.63,1,0,0,0,0,0,0,-0.14,0,1.00,4.79,2.66,4.07,1.00,D,0.00,12.00,12.00,12.00,2.23,^,-8.48,,16.20,12.30,504,0.00,51.6,1,0,0.00,0.00,0.00,12.00,-0.14,1.00,0,0,0.00,0
2026-05-01 17:25:06,184.64,1,0,0,0,0,0,0,-0.12,0,1.00,4.79,2.66,4.13,1.00,D,0.00,12.00,1.85,12.00,2.23,^,-7.29,,14.90,12.30,504,0.00,51.0,1,0,0.00,0.00,0.00,12.00,-0.12,1.00,0,0,0.00,0
2026-05-01 17:25:07,185.65,1,0,0,0,0,0,0,0.03,0,1.00,4.79,2.67,4.19,1.00,D,0.00,12.00,12.00,12.00,1.31,^,1.62,,15.80,12.30,504,0.00,51.0,1,0,0.00,0.00,0.00,12.00,0.03,1.00,0,0,0.00,0
2026-05-01 17:25:09,186.67,1,0,0,0,0,0,0,-0.38,0,1.00,4.79,2.68,3.86,1.00,D,0.00,12.00,12.00,12.00,2.44,^,-22.55,,15.40,12.30,504,0.00,50.5,1,0,0.00,0.00,0.00,12.00,-0.38,1.00,0,0,0.00,0
2026-05-01 17:25:10,187.68,1,0,0,0,0,0,0,-0.17,0,1.00,4.79,2.69,4.15,1.00,D,0.00,12.00,2.31,12.00,2.35,^,-10.37,,15.30,12.30,504,0.00,51.0,1,0,0.00,0.00,0.00,12.00,-0.17,1.00,0,0,0.00,0
2026-05-01 17:25:11,188.68,1,0,0,0,0,0,0,-0.03,0,1.00,4.79,2.69,4.15,1.00,D,0.00,12.00,2.10,12.00,2.08,^,-1.94,,14.80,12.30,504,0.00,51.6,1,0,0.00,0.00,0.00,12.00,-0.03,1.00,0,0,0.00,0
2026-05-01 17:25:12,189.69,1,0,0,0,0,0,0,0.07,0,1.00,4.79,2.70,4.19,1.00,D,0.00,12.00,12.00,12.00,2.50,^,4.00,,14.00,12.30,504,0.00,51.6,1,0,0.00,0.00,0.00,12.00,0.07,1.00,0,0,0.00,0
2026-05-01 17:25:13,190.70,1,0,0,0,0,0,0,0.05,0,1.00,4.79,2.71,4.16,1.00,D,0.00,12.00,12.00,12.00,12.00,^,2.91,,15.10,12.40,504,0.00,51.6,1,0,0.00,0.00,0.00,12.00,0.05,1.00,0,0,0.00,0
2026-05-01 17:25:14,191.71,1,0,0,0,0,0,0,0.11,0,1.00,4.79,2.72,4.19,1.00,D,0.00,12.00,12.00,12.00,2.83,^,6.48,,16.40,12.30,504,0.00,49.9,1,0,0.00,0.00,0.00,12.00,0.11,1.00,0,0,0.00,0
2026-05-01 17:25:15,192.72,1,0,0,0,0,0,0,-0.13,0,1.00,4.79,2.72,4.23,1.00,D,0.00,12.00,2.04,12.00,2.41,^,-8.06,,17.10,12.30,504,0.00,50.5,1,0,0.00,0.00,0.00,12.00,-0.13,1.00,0,0,0.00,0
2026-05-01 17:25:16,193.73,1,0,0,0,0,0,0,-0.11,0,1.00,4.79,2.73,4.37,1.00,D,0.00,12.00,12.00,12.00,1.84,^,-6.58,,17.00,12.30,504,0.00,51.6,1,0,0.00,0.00,0.00,12.00,-0.11,1.00,0,0,0.00,0
2026-05-01 17:25:17,194.85,1,0,0,0,0,0,0,-0.09,0,1.00,4.79,2.74,4.33,1.00,D,0.00,12.00,12.00,12.00,2.37,^,-5.60,,17.10,12.30,504,0.00,51.0,1,0,0.00,0.00,0.00,12.00,-0.09,1.00,0,0,0.00,0
2026-05-01 17:25:18,195.75,1,0,0,0,0,0,0,0.03,0,1.00,4.79,2.75,4.32,1.00,D,0.00,12.00,12.00,12.00,2.36,^,1.61,,15.90,12.30,504,0.00,51.0,1,0,0.00,0.00,0.00,12.00,0.03,1.00,0,0,0.00,0
2026-05-01 17:25:19,196.76,1,0,0,0,0,0,0,-0.09,0,1.00,4.79,2.76,4.37,1.00,D,0.00,12.00,12.00,12.00,2.32,^,-5.33,,15.90,12.30,504,0.00,50.5,1,0,0.00,0.00,0.00,12.00,-0.09,1.00,0,0,0.00,0
2026-05-01 17:25:20,197.78,1,0,0,0,0,0,0,-0.02,0,1.00,4.79,2.76,4.33,1.00,D,0.00,12.00,12.00,12.00,2.18,^,-1.35,,14.60,12.30,504,0.00,50.5,1,0,0.00,0.00,0.00,12.00,-0.02,1.00,0,0,0.00,0
2026-05-01 17:25:21,198.79,1,0,0,0,0,0,0,-0.02,0,1.00,4.79,2.77,4.28,1.00,D,0.00,12.00,12.00,12.00,2.05,^,-1.12,,14.40,12.30,504,0.00,52.7,1,0,0.00,0.00,0.00,12.00,-0.02,1.00,0,0,0.00,0
2026-05-01 17:25:22,199.80,1,0,0,0,0,0,0,0.05,0,1.00,4.79,2.78,4.22,1.00,D,0.00,12.00,2.60,12.00,1.92,^,3.09,,15.70,12.30,504,0.00,52.1,1,0,0.00,0.00,0.00,12.00,0.05,1.00,0,0,0.00,0
2026-05-01 17:25:23,200.91,1,0,0,0,0,0,0,-0.12,0,1.00,4.79,2.79,4.34,1.00,D,0.00,12.00,1.99,12.00,1.81,^,-7.28,,15.80,12.30,504,0.00,51.6,1,0,0.00,0.00,0.00,12.00,-0.12,1.00,0,0,0.00,0
2026-05-01 17:25:24,201.82,1,0,0,0,0,0,0,-0.01,0,1.00,4.79,2.80,4.33,1.00,D,0.00,12.00,12.00,12.00,1.79,^,-0.52,,15.20,12.30,504,0.00,51.0,1,0,0.00,0.00,0.00,12.00,-0.01,1.00,0,0,0.00,0
2026-05-01 17:25:25,202.83,1,0,0,0,0,0,0,-0.03,0,1.00,4.79,2.80,4.34,1.00,D,0.00,12.00,12.00,12.00,1.73,^,-1.78,,16.80,12.30,504,0.00,51.0,1,0,0.00,0.00,0.00,12.00,-0.03,1.00,0,0,0.00,0
2026-05-01 17:25:26,203.84,1,0,0,0,0,0,0,-0.01,0,1.00,4.79,2.81,4.31,1.00,D,0.00,12.00,12.00,12.00,1.62,^,-0.43,,17.40,12.30,504,0.00,49.9,1,0,0.00,0.00,0.00,12.00,-0.01,1.00,0,0,0.00,0
2026-05-01 17:25:27,204.95,1,0,0,0,0,0,0,0.01,0,1.00,4.79,2.82,4.28,1.00,D,0.00,12.00,12.00,12.00,1.49,^,0.41,,15.60,12.30,504,0.00,49.9,1,0,0.00,0.00,0.00,12.00,0.01,1.00,0,0,0.00,0
2026-05-01 17:25:28,205.86,1,0,0,0,0,0,0,-0.09,0,1.00,4.79,2.83,4.32,1.00,D,0.00,12.00,12.00,12.00,1.36,^,-5.44,,17.60,12.30,504,0.00,49.4,1,0,0.00,0.00,0.00,12.00,-0.09,1.00,0,0,0.00,0
2026-05-01 17:25:29,206.87,1,0,0,0,0,0,0,-0.07,0,1.00,4.79,2.83,4.38,1.00,D,0.00,12.00,1.88,12.00,1.33,^,-4.40,,17.10,12.30,504,0.00,49.4,1,0,0.00,0.00,0.00,12.00,-0.07,1.00,0,0,0.00,0
2026-05-01 17:25:30,207.87,1,0,0,0,0,0,0,0.08,0,1.00,4.79,2.84,4.17,1.00,D,0.00,12.00,12.00,12.00,1.29,^,4.87,,16.80,12.30,504,0.00,49.9,1,0,0.00,0.00,0.00,12.00,0.08,1.00,0,0,0.00,0
2026-05-01 17:25:31,208.88,1,0,0,0,0,0,0,0.03,0,1.00,4.79,2.85,4.31,1.00,D,0.00,12.00,12.00,12.00,1.23,^,1.57,,16.50,12.30,504,0.00,49.4,1,0,0.00,0.00,0.00,12.00,0.03,1.00,0,0,0.00,0
2026-05-01 17:25:32,209.90,1,0,0,0,0,0,0,-0.09,0,1.00,4.79,2.85,4.34,1.00,D,0.00,12.00,12.00,12.00,1.19,^,-5.45,,17.30,12.30,504,0.00,49.4,1,0,0.00,0.00,0.00,12.00,-0.09,1.00,0,0,0.00,0
2026-05-01 17:25:33,210.91,1,0,0,0,0,0,0,-0.15,0,1.00,4.79,2.86,4.29,1.00,D,0.00,12.00,12.00,12.00,1.17,^,-9.05,,16.10,12.30,504,0.00,50.5,1,0,0.00,0.00,0.00,12.00,-0.15,1.00,0,0,0.00,0
2026-05-01 17:25:34,211.92,1,0,0,0,0,0,0,-0.07,0,1.00,4.79,2.87,4.18,1.00,D,0.00,12.00,12.00,12.00,1.15,^,-3.91,,18.50,12.30,504,0.00,49.9,1,0,0.00,0.00,0.00,12.00,-0.07,1.00,0,0,0.00,0
2026-05-01 17:25:35,212.93,1,0,0,0,0,0,0,0.01,0,1.00,4.79,2.87,4.28,1.00,D,0.00,12.00,12.00,12.00,1.14,^,0.69,,17.00,12.30,504,0.00,49.9,1,0,0.00,0.00,0.00,12.00,0.01,1.00,0,0,0.00,0
2026-05-01 17:25:36,213.95,0,0,0,0,0,0,0,0.36,0,0.00,4.79,2.88,4.20,0.00,D,0.00,12.00,12.00,12.00,1.25,^,0.00,,18.10,12.30,504,0.00,49.9,1,0,0.00,0.00,0.00,12.00,0.00,0.00,0,0,0.00,0
2026-05-01 17:25:37,214.95,0,0,0,0,0,0,0,0.13,0,1.00,4.79,2.89,3.51,0.32,D,0.00,12.00,12.00,12.00,1.32,^,0.00,,16.00,12.30,504,0.00,49.9,1,0,0.00,0.00,0.00,12.00,0.00,0.00,0,0,0.00,0
2026-05-01 17:25:38,215.96,0,0,0,0,0,0,0,-0.25,0,1.00,4.79,2.89,1.93,0.82,D,0.00,12.00,12.00,12.00,0.95,^,0.00,,17.00,12.30,504,0.00,52.1,1,0,0.00,0.00,0.00,12.00,0.00,0.00,0,0,0.00,0
2026-05-01 17:25:39,217.07,0,0,0,0,0,0,0,0.00,0,1.00,4.79,2.89,3.72,1.00,D,0.00,12.00,12.00,12.00,0.76,^,0.00,,15.70,12.30,504,0.00,49.9,1,0,0.00,0.00,0.00,12.00,0.00,0.00,0,0,0.00,0
2026-05-01 17:25:40,217.97,0,0,0,0,0,0,0,0.00,0,1.00,4.79,2.89,3.85,1.00,D,0.00,12.00,12.00,12.00,0.98,^,0.00,,15.80,12.30,504,0.00,50.5,1,0,0.00,0.00,0.00,12.00,0.00,0.00,0,0,0.00,0
2026-05-01 17:25:41,218.98,0,0,0,0,0,0,0,0.00,0,1.00,4.79,2.90,4.10,1.00,D,0.00,12.00,12.00,12.00,1.18,^,0.00,,15.90,12.30,504,0.00,50.5,1,0,0.00,0.00,0.00,12.00,0.00,0.00,0,0,0.00,0
2026-05-01 17:25:42,219.99,0,0,0,0,0,0,0,-0.20,0,1.00,4.79,2.90,4.12,1.00,D,0.00,12.00,12.00,12.00,1.42,^,0.00,,13.80,12.30,504,0.00,51.0,1,0,0.00,0.00,0.00,12.00,0.00,0.00,0,0,0.00,0
2026-05-01 17:25:43,221.01,0,0,0,0,0,0,0,0.00,0,1.00,4.79,2.91,4.17,1.00,D,0.00,12.00,12.00,12.00,1.61,^,0.00,,15.20,12.30,504,0.00,50.5,1,0,0.00,0.00,0.00,12.00,0.00,0.00,0,0,0.00,0
2026-05-01 17:25:44,222.02,0,0,0,0,0,0,0,0.00,0,1.00,4.79,2.91,4.20,1.00,D,0.00,12.00,12.00,12.00,1.72,^,0.00,,15.80,12.30,504,0.00,52.1,1,0,0.00,0.00,0.00,12.00,0.00,0.00,0,0,0.00,0
2026-05-01 17:25:45,223.04,0,0,0,0,0,0,0,0.00,0,1.00,4.79,2.92,4.32,1.00,D,0.00,12.00,12.00,12.00,2.00,^,0.00,,15.40,12.30,504,0.00,51.0,1,0,0.00,0.00,0.00,12.00,0.00,0.00,0,0,0.00,0
2026-05-01 17:25:46,224.05,0,0,0,0,0,0,0,-0.27,0,0.00,4.79,2.92,3.98,0.71,D,0.00,12.00,2.37,12.00,12.00,^,0.00,,17.90,12.30,504,0.00,51.0,1,0,0.00,0.00,0.00,12.00,0.00,0.00,0,0,0.00,0
2026-05-01 17:25:47,225.06,1,0,0,0,0,0,0,-0.24,0,1.00,4.79,2.93,2.76,0.19,D,0.00,12.00,1.81,12.00,12.00,^,-14.39,,16.80,12.30,504,0.00,51.0,1,0,0.00,0.00,0.00,12.00,-0.24,1.00,0,0,0.00,0
2026-05-01 17:25:48,226.07,1,0,0,0,0,0,0,-0.32,0,1.00,4.79,2.92,1.38,0.70,D,0.00,12.00,1.28,12.00,1.74,^,-19.34,,13.40,12.30,504,0.00,51.0,1,0,0.00,0.00,0.00,12.00,-0.32,1.00,0,0,0.00,0
2026-05-01 17:25:49,227.08,1,0,0,0,0,0,0,0.06,0,1.00,4.79,2.92,3.24,1.00,D,0.00,12.00,0.88,12.00,1.17,^,3.70,,13.00,12.20,504,0.00,49.9,1,0,0.00,0.00,0.00,12.00,0.06,1.00,0,0,0.00,0
2026-05-01 17:25:50,228.10,1,0,0,0,0,0,0,0.01,0,1.00,4.79,2.92,4.41,1.00,D,0.00,12.00,0.94,12.00,0.94,^,0.53,,14.90,12.30,504,0.00,51.0,1,0,0.00,0.00,0.00,12.00,0.01,1.00,0,0,0.00,0
2026-05-01 17:25:51,229.11,1,0,0,0,0,0,0,0.02,0,1.00,4.79,2.93,4.48,1.00,D,0.00,12.00,12.00,12.00,1.10,^,0.99,,15.30,12.30,504,0.00,51.6,1,0,0.00,0.00,0.00,12.00,0.02,1.00,0,0,0.00,0
2026-05-01 17:25:52,230.12,1,0,0,0,0,0,0,-0.16,0,1.00,4.79,2.94,4.55,1.00,D,0.00,12.00,0.69,12.00,1.51,^,-9.35,,16.50,12.30,504,0.00,51.0,1,0,0.00,0.00,0.00,12.00,-0.16,1.00,0,0,0.00,0
2026-05-01 17:25:53,231.23,1,0,0,0,0,0,0,-0.01,0,1.00,4.79,2.94,4.55,1.00,D,0.00,12.00,12.00,12.00,1.39,^,-0.72,,17.20,12.30,504,0.00,51.0,1,0,0.00,0.00,0.00,12.00,-0.01,1.00,0,0,0.00,0
2026-05-01 17:25:54,232.14,1,0,0,0,0,0,0,-0.04,0,1.00,4.79,2.95,4.49,1.00,D,0.00,12.00,12.00,12.00,1.28,^,-2.63,,16.70,12.30,504,0.00,52.1,1,0,0.00,0.00,0.00,12.00,-0.04,1.00,0,0,0.00,0
2026-05-01 17:25:55,233.15,1,0,0,0,0,0,0,-0.04,0,1.00,4.79,2.96,4.52,1.00,D,0.00,12.00,12.00,2.20,1.27,^,-2.49,,14.40,12.30,504,0.00,51.6,1,0,0.00,0.00,0.00,12.00,-0.04,1.00,0,0,0.00,0
2026-05-01 17:25:56,234.16,1,0,0,0,0,0,0,0.01,0,1.00,4.79,2.96,4.54,1.00,D,0.00,12.00,12.00,12.00,1.24,^,0.44,,14.90,12.30,504,0.00,50.5,1,0,0.00,0.00,0.00,12.00,0.01,1.00,0,0,0.00,0
2026-05-01 17:25:57,235.17,1,0,0,0,0,0,0,0.09,0,1.00,4.79,2.97,4.42,1.00,D,0.00,12.00,12.00,12.00,1.15,^,5.56,,13.90,12.30,504,0.00,52.1,1,0,0.00,0.00,0.00,12.00,0.09,1.00,0,0,0.00,0
2026-05-01 17:25:58,236.18,1,0,0,0,0,0,0,-0.03,0,1.00,4.79,2.98,4.43,1.00,D,0.00,12.00,12.00,12.00,1.17,^,-2.00,,14.70,12.30,504,0.00,52.1,1,0,0.00,0.00,0.00,12.00,-0.03,1.00,0,0,0.00,0
2026-05-01 17:25:59,237.19,1,0,0,0,0,0,0,-0.08,0,1.00,4.79,2.98,4.57,1.00,D,0.00,12.00,12.00,12.00,1.20,^,-4.99,,16.70,12.30,504,0.00,52.1,1,0,0.00,0.00,0.00,12.00,-0.08,1.00,0,0,0.00,0
2026-05-01 17:26:00,238.20,1,0,0,0,0,0,0,0.13,0,1.00,4.79,2.99,4.56,1.00,D,0.00,12.00,12.00,12.00,1.23,^,8.00,,16.50,12.30,504,0.00,50.5,1,0,0.00,0.00,0.00,12.00,0.13,1.00,0,0,0.00,0
2026-05-01 17:26:01,239.21,1,0,0,0,0,0,0,-0.13,0,1.00,4.79,3.00,4.42,1.00,D,0.00,12.00,12.00,12.00,1.23,^,-7.87,,14.90,12.30,504,0.00,51.0,1,0,0.00,0.00,0.00,12.00,-0.13,1.00,0,0,0.00,0
2026-05-01 17:26:02,240.22,1,0,0,0,0,0,0,0.05,0,1.00,4.79,3.00,4.55,1.00,D,0.00,12.00,12.00,12.00,1.11,^,2.99,,17.90,12.30,504,0.00,52.1,1,0,0.00,0.00,0.00,12.00,0.05,1.00,0,0,0.00,0
2026-05-01 17:26:03,241.23,1,0,0,0,0,0,0,-0.11,0,1.00,4.79,3.01,4.49,1.00,D,0.00,12.00,12.00,1.84,1.11,^,-6.86,,14.70,12.30,504,0.00,51.0,1,0,0.00,0.00,0.00,12.00,-0.11,1.00,0,0,0.00,0
2026-05-01 17:26:04,242.24,1,0,0,0,0,0,0,0.02,0,1.00,4.79,3.02,4.56,1.00,D,0.00,12.00,12.00,12.00,1.16,^,1.47,,14.60,12.30,504,0.00,51.6,1,0,0.00,0.00,0.00,12.00,0.02,1.00,0,0,0.00,0
2026-05-01 17:26:05,243.36,1,0,0,0,0,0,0,0.05,0,1.00,4.79,3.02,4.57,1.00,D,0.00,12.00,12.00,12.00,1.23,^,2.91,,14.70,12.30,504,0.00,51.6,1,0,0.00,0.00,0.00,12.00,0.05,1.00,0,0,0.00,0
2026-05-01 17:26:06,244.26,1,0,0,0,0,0,0,-0.03,0,1.00,4.79,3.03,4.62,1.00,D,0.00,12.00,12.00,12.00,1.24,^,-1.65,,16.70,12.30,504,0.00,51.6,1,0,0.00,0.00,0.00,12.00,-0.03,1.00,0,0,0.00,0
2026-05-01 17:26:07,245.38,1,0,0,0,0,0,0,0.07,0,1.00,4.79,3.03,4.57,1.00,D,0.00,12.00,12.00,12.00,1.25,^,4.00,,17.30,12.30,504,0.00,50.5,1,0,0.00,0.00,0.00,12.00,0.07,1.00,0,0,0.00,0
2026-05-01 17:26:08,246.28,1,0,0,0,0,0,0,-0.10,0,1.00,4.79,3.04,4.49,1.00,D,0.00,12.00,12.00,12.00,1.23,^,-5.74,,16.50,12.20,504,0.00,51.6,1,0,0.00,0.00,0.00,12.00,-0.10,1.00,0,0,0.00,0
2026-05-01 17:26:09,247.29,1,0,0,0,0,0,0,-0.02,0,1.00,4.79,3.05,4.56,1.00,D,0.00,12.00,12.00,1.88,1.27,^,-1.01,,14.60,12.30,504,0.00,50.5,1,0,0.00,0.00,0.00,12.00,-0.02,1.00,0,0,0.00,0
2026-05-01 17:26:10,248.30,1,0,0,0,0,0,0,0.03,0,1.00,4.79,3.05,4.58,1.00,D,0.00,12.00,12.00,12.00,1.35,^,1.95,,14.80,12.30,504,0.00,52.7,1,0,0.00,0.00,0.00,12.00,0.03,1.00,0,0,0.00,0
2026-05-01 17:26:11,249.31,1,0,0,0,0,0,0,-0.10,0,1.00,4.79,3.06,4.62,1.00,D,0.00,12.00,12.00,12.00,1.41,^,-6.22,,13.80,12.30,504,0.00,50.5,1,0,0.00,0.00,0.00,12.00,-0.10,1.00,0,0,0.00,0
2026-05-01 17:26:12,250.32,1,0,0,0,0,0,0,0.01,0,1.00,4.79,3.07,4.60,1.00,D,0.00,12.00,12.00,12.00,1.42,^,0.68,,14.10,12.30,504,0.00,52.1,1,0,0.00,0.00,0.00,12.00,0.01,1.00,0,0,0.00,0
2026-05-01 17:26:13,251.33,1,0,0,0,0,0,0,0.05,0,1.00,4.79,3.07,4.55,1.00,D,0.00,12.00,12.00,12.00,1.41,^,3.15,,15.20,12.30,504,0.00,51.6,1,0,0.00,0.00,0.00,12.00,0.05,1.00,0,0,0.00,0
2026-05-01 17:26:14,252.35,1,0,0,0,0,0,0,-0.02,0,1.00,4.79,3.08,4.62,1.00,D,0.00,12.00,12.00,1.88,1.39,^,-1.20,,15.60,12.30,504,0.00,51.6,1,0,0.00,0.00,0.00,12.00,-0.02,1.00,0,0,0.00,0
2026-05-01 17:26:15,253.46,1,0,0,0,0,0,0,0.03,0,1.00,4.79,3.08,4.67,1.00,D,0.00,12.00,12.00,12.00,1.33,^,1.68,,14.20,12.30,504,0.00,51.0,1,0,0.00,0.00,0.00,12.00,0.03,1.00,0,0,0.00,0
2026-05-01 17:26:16,254.36,1,0,0,0,0,0,0,-0.03,0,1.00,4.79,3.09,4.58,1.00,D,0.00,12.00,12.00,12.00,1.20,^,-1.90,,14.00,12.30,504,0.00,50.5,1,0,0.00,0.00,0.00,12.00,-0.03,1.00,0,0,0.00,0
2026-05-01 17:26:17,255.38,1,0,0,0,0,0,0,-0.07,0,1.00,4.79,3.10,4.66,1.00,D,0.00,12.00,12.00,12.00,1.11,^,-3.92,,14.20,12.30,504,0.00,51.6,1,0,0.00,0.00,0.00,12.00,-0.07,1.00,0,0,0.00,0
2026-05-01 17:26:18,256.39,1,0,0,0,0,0,0,0.02,0,1.00,4.79,3.10,4.73,1.00,D,0.00,12.00,12.00,12.00,1.05,^,1.42,,15.40,12.30,504,0.00,51.6,1,0,0.00,0.00,0.00,12.00,0.02,1.00,0,0,0.00,0
2026-05-01 17:26:19,257.50,1,0,0,0,0,0,0,0.08,0,1.00,4.79,3.11,4.20,1.00,D,0.00,12.00,12.00,2.52,1.03,^,4.98,,14.20,12.30,504,0.00,53.2,1,0,0.00,0.00,0.00,12.00,0.08,1.00,0,0,0.00,0
2026-05-01 17:26:20,258.41,1,0,0,0,0,0,0,0.04,0,1.00,4.79,3.11,4.44,1.00,D,0.00,12.00,12.00,1.73,1.12,^,2.43,,14.00,12.30,504,0.00,51.0,1,0,0.00,0.00,0.00,12.00,0.04,1.00,0,0,0.00,0
2026-05-01 17:26:21,259.42,1,0,0,0,0,0,0,-0.01,0,1.00,4.79,3.12,4.64,1.00,D,0.00,12.00,12.00,12.00,1.11,^,-0.36,,15.10,12.30,504,0.00,51.0,1,0,0.00,0.00,0.00,12.00,-0.01,1.00,0,0,0.00,0
2026-05-01 17:26:22,260.43,1,0,0,0,0,0,0,0.00,0,1.00,4.79,3.13,4.69,1.00,D,0.00,12.00,12.00,12.00,1.08,^,0.05,,13.80,12.30,504,0.00,52.7,1,0,0.00,0.00,0.00,12.00,0.00,1.00,0,0,0.00,0
2026-05-01 17:26:23,261.45,1,0,0,0,0,0,0,0.07,0,1.00,4.79,3.13,4.49,1.00,D,0.00,12.00,12.00,12.00,1.11,^,3.94,,21.20,12.30,504,0.00,52.7,1,0,0.00,0.00,0.00,12.00,0.07,1.00,0,0,0.00,0
2026-05-01 17:26:24,262.46,1,0,0,0,0,0,0,-0.11,0,1.00,4.79,3.14,4.64,1.00,D,0.00,12.00,12.00,2.07,1.18,^,-6.40,,28.80,12.30,504,0.00,52.1,1,0,0.00,0.00,0.00,12.00,-0.11,1.00,0,0,0.00,0
2026-05-01 17:26:25,263.47,1,0,0,0,0,0,0,0.02,0,1.00,4.79,3.14,4.66,1.00,D,0.00,12.00,12.00,12.00,1.28,^,1.03,,29.50,12.30,504,0.00,51.6,1,0,0.00,0.00,0.00,12.00,0.02,1.00,0,0,0.00,0
2026-05-01 17:26:26,264.48,1,0,0,0,0,0,0,-0.11,0,1.00,4.79,3.15,4.70,1.00,D,0.00,12.00,12.00,12.00,1.30,^,-6.78,,17.30,12.30,504,0.00,52.7,1,0,0.00,0.00,0.00,12.00,-0.11,1.00,0,0,0.00,0
2026-05-01 17:26:27,265.49,1,0,0,0,0,0,0,-0.01,0,1.00,4.79,3.15,4.66,1.00,D,0.00,12.00,12.00,12.00,1.06,^,-0.47,,14.30,12.30,504,0.00,51.6,1,0,0.00,0.00,0.00,12.00,-0.01,1.00,0,0,0.00,0
2026-05-01 17:26:28,266.51,1,0,0,0,0,0,0,0.02,0,1.00,4.79,3.16,4.65,1.00,D,0.00,12.00,12.00,12.00,0.98,^,1.28,,15.80,12.30,504,0.00,52.1,1,0,0.00,0.00,0.00,12.00,0.02,1.00,0,0,0.00,0
2026-05-01 17:26:29,267.52,1,0,0,0,0,0,0,0.03,0,1.00,4.79,3.17,4.62,1.00,D,0.00,12.00,12.00,1.97,0.98,^,1.99,,13.60,12.30,504,0.00,52.7,1,0,0.00,0.00,0.00,12.00,0.03,1.00,0,0,0.00,0
2026-05-01 17:26:30,268.53,1,0,0,0,0,0,0,-0.06,0,1.00,4.79,3.17,4.73,1.00,D,0.00,12.00,12.00,12.00,1.10,^,-3.58,,14.90,12.30,504,0.00,52.7,1,0,0.00,0.00,0.00,12.00,-0.06,1.00,0,0,0.00,0
2026-05-01 17:26:31,269.54,1,0,0,0,0,0,0,0.01,0,1.00,4.79,3.18,4.64,1.00,D,0.00,12.00,12.00,12.00,1.20,^,0.80,,13.60,12.30,504,0.00,52.1,1,0,0.00,0.00,0.00,12.00,0.01,1.00,0,0,0.00,0
2026-05-01 17:26:32,270.56,1,0,0,0,0,0,0,0.06,0,1.00,4.79,3.18,4.68,1.00,D,0.00,12.00,12.00,12.00,1.26,^,3.36,,14.10,12.30,504,0.00,50.5,1,0,0.00,0.00,0.00,12.00,0.06,1.00,0,0,0.00,0
2026-05-01 17:26:33,271.57,1,0,0,0,0,0,0,-0.05,0,1.00,4.79,3.19,4.66,1.00,D,0.00,12.00,12.00,12.00,1.31,^,-2.91,,13.80,12.30,504,0.00,51.6,1,0,0.00,0.00,0.00,12.00,-0.05,1.00,0,0,0.00,0
2026-05-01 17:26:34,272.58,1,0,0,0,0,0,0,-0.05,0,1.00,4.79,3.19,4.59,1.00,D,0.00,12.00,12.00,2.50,1.43,^,-3.10,,16.50,12.30,504,0.00,51.6,1,0,0.00,0.00,0.00,12.00,-0.05,1.00,0,0,0.00,0
2026-05-01 17:26:35,273.60,1,0,0,0,0,0,0,-0.01,0,1.00,4.79,3.20,4.53,1.00,D,0.00,12.00,12.00,12.00,1.40,^,-0.71,,16.00,12.30,504,0.00,51.0,1,0,0.00,0.00,0.00,12.00,-0.01,1.00,0,0,0.00,0
2026-05-01 17:26:36,274.61,1,0,0,0,0,0,0,-0.06,0,1.00,4.79,3.20,4.72,1.00,D,0.00,12.00,12.00,12.00,1.35,^,-3.60,,14.00,12.30,504,0.00,51.6,1,0,0.00,0.00,0.00,12.00,-0.06,1.00,0,0,0.00,0
2026-05-01 17:26:37,275.62,1,0,0,0,0,0,0,0.04,0,1.00,4.79,3.21,4.62,1.00,D,0.00,12.00,12.00,12.00,1.39,^,2.51,,14.70,12.30,504,0.00,52.7,1,0,0.00,0.00,0.00,12.00,0.04,1.00,0,0,0.00,0
2026-05-01 17:26:38,276.63,1,0,0,0,0,0,0,-0.02,0,1.00,4.79,3.21,4.60,1.00,D,0.00,12.00,12.00,12.00,1.44,^,-1.08,,13.30,12.30,504,0.00,50.5,1,0,0.00,0.00,0.00,12.00,-0.02,1.00,0,0,0.00,0
2026-05-01 17:26:39,277.65,1,0,0,0,0,0,0,-0.18,0,1.00,4.79,3.22,4.59,1.00,D,0.00,12.00,12.00,1.99,1.42,^,-10.63,,13.60,12.30,504,0.00,52.1,1,0,0.00,0.00,0.00,12.00,-0.18,1.00,0,0,0.00,0
2026-05-01 17:26:41,278.66,1,0,0,0,0,0,0,0.07,0,1.00,4.79,3.22,4.67,1.00,D,0.00,12.00,12.00,12.00,1.46,^,4.45,,15.90,12.30,504,0.00,51.0,1,0,0.00,0.00,0.00,12.00,0.07,1.00,0,0,0.00,0
2026-05-01 17:26:42,279.67,1,0,0,0,0,0,0,-0.02,0,1.00,4.79,3.23,4.56,1.00,D,0.00,12.00,12.00,12.00,1.60,^,-1.24,,14.50,12.30,504,0.00,50.5,1,0,0.00,0.00,0.00,12.00,-0.02,1.00,0,0,0.00,0
2026-05-01 17:26:43,280.68,1,0,0,0,0,0,0,0.06,0,1.00,4.79,3.23,4.61,1.00,D,0.00,12.00,12.00,12.00,1.78,^,3.40,,17.30,12.30,504,0.00,51.0,1,0,0.00,0.00,0.00,12.00,0.06,1.00,0,0,0.00,0
2026-05-01 17:26:44,281.70,1,0,0,0,0,0,0,-0.04,0,1.00,4.79,3.24,4.59,1.00,D,0.00,12.00,7.26,12.00,1.77,^,-2.23,,17.40,12.30,504,0.00,51.0,1,0,0.00,0.00,0.00,12.00,-0.04,1.00,0,0,0.00,0
2026-05-01 17:26:45,282.71,1,0,0,0,0,0,0,0.08,0,1.00,4.79,3.24,4.49,1.00,D,0.00,12.00,11.12,12.00,1.83,^,5.03,,14.00,12.30,504,0.00,51.6,1,0,0.00,0.00,0.00,12.00,0.08,1.00,0,0,0.00,0
2026-05-01 17:26:46,283.82,1,0,0,0,0,0,0,0.01,0,1.00,4.79,3.25,4.54,1.00,D,0.00,12.00,12.00,12.00,1.84,^,0.51,,14.40,12.30,504,0.00,49.9,1,0,0.00,0.00,0.00,12.00,0.01,1.00,0,0,0.00,0
2026-05-01 17:26:47,284.72,1,0,0,0,0,0,0,0.03,0,1.00,4.79,3.25,4.45,1.00,D,0.00,12.00,12.00,12.00,1.33,^,2.04,,15.00,12.30,504,0.00,52.1,1,0,0.00,0.00,0.00,12.00,0.03,1.00,0,0,0.00,0
2026-05-01 17:26:48,285.74,1,0,0,0,0,0,0,0.11,0,1.00,4.79,3.26,4.57,1.00,D,0.00,12.00,12.00,12.00,1.59,^,6.68,,14.00,12.30,504,0.00,51.6,1,0,0.00,0.00,0.00,12.00,0.11,1.00,0,0,0.00,0
2026-05-01 17:26:49,286.75,1,0,0,0,0,0,0,0.23,0,1.00,4.86,3.26,4.52,1.00,D,0.00,12.00,12.00,12.00,1.56,^,13.69,,14.80,12.30,504,0.00,49.9,1,0,0.00,0.00,0.00,12.00,0.23,1.00,0,0,0.00,0
2026-05-01 17:26:50,287.86,1,0,0,0,0,0,0,-0.01,0,1.00,4.86,3.26,4.00,1.00,D,0.00,12.00,12.00,12.00,1.24,^,-0.71,,16.10,12.30,504,0.00,49.9,1,0,0.00,0.00,0.00,12.00,-0.01,1.00,0,0,0.00,0
2026-05-01 17:26:51,288.77,1,0,0,0,0,0,0,0.06,0,1.00,4.86,3.27,4.25,1.00,D,0.00,12.00,12.00,12.00,1.11,^,3.43,,16.10,12.30,504,0.00,49.9,1,0,0.00,0.00,0.00,12.00,0.06,1.00,0,0,0.00,0
2026-05-01 17:26:52,289.88,1,0,0,0,0,0,0,0.01,0,1.00,4.86,3.27,4.19,1.00,D,0.00,12.00,12.00,2.41,0.98,^,0.60,,16.20,12.30,504,0.00,50.5,1,0,0.00,0.00,0.00,12.00,0.01,1.00,0,0,0.00,0
2026-05-01 17:26:53,290.78,1,0,0,0,0,0,0,0.22,0,1.00,4.86,3.27,4.07,1.00,D,0.00,12.00,12.00,12.00,0.95,^,13.47,,17.90,12.30,504,0.00,49.4,1,0,0.00,0.00,0.00,12.00,0.22,1.00,0,0,0.00,0
2026-05-01 17:26:54,291.80,1,0,0,0,0,0,0,-0.09,0,1.00,4.86,3.28,4.13,1.00,D,0.00,12.00,12.00,12.00,0.98,^,-5.68,,15.10,12.30,504,0.00,49.4,1,0,0.00,0.00,0.00,12.00,-0.09,1.00,0,0,0.00,0
2026-05-01 17:26:55,292.81,1,0,0,0,0,0,0,-0.02,0,1.00,4.86,3.28,4.16,1.00,D,0.00,12.00,12.00,12.00,1.03,^,-1.40,,17.30,12.30,504,0.00,50.5,1,0,0.00,0.00,0.00,12.00,-0.02,1.00,0,0,0.00,0
2026-05-01 17:26:56,293.83,1,0,0,0,0,0,0,-0.02,0,1.00,4.86,3.28,4.16,1.00,D,0.00,12.00,12.00,12.00,1.03,^,-1.39,,16.00,12.30,504,0.00,51.0,1,0,0.00,0.00,0.00,12.00,-0.02,1.00,0,0,0.00,0
2026-05-01 17:26:57,294.84,1,0,0,0,0,0,0,-0.21,0,1.00,4.86,3.29,4.14,1.00,D,0.00,12.00,12.00,12.00,1.20,^,-12.64,,14.00,12.30,504,0.00,51.0,1,0,0.00,0.00,0.00,12.00,-0.21,1.00,0,0,0.00,0
2026-05-01 17:26:58,295.95,1,0,0,0,0,0,0,-0.01,0,1.00,4.86,3.29,4.22,1.00,D,0.00,12.00,12.00,12.00,1.38,^,-0.73,,14.70,12.30,504,0.00,51.0,1,0,0.00,0.00,0.00,12.00,-0.01,1.00,0,0,0.00,0
2026-05-01 17:26:59,296.87,1,0,0,0,0,0,0,0.00,0,1.00,4.86,3.29,4.31,1.00,D,0.00,2.41,12.00,2.49,1.91,^,0.24,,14.00,12.30,504,0.00,51.0,1,0,0.00,0.00,0.00,2.41,0.00,1.00,0,0,0.00,0
2026-05-01 17:27:00,297.88,1,0,0,0,0,0,0,0.34,0,1.00,4.86,3.30,3.45,0.70,D,0.00,2.11,12.00,1.27,1.25,^,20.21,,13.60,12.30,504,0.00,50.5,1,0,0.00,0.00,0.00,2.11,0.34,1.00,0,0,0.00,0
2026-05-01 17:27:01,298.89,1,0,0,0,0,0,0,-0.42,0,0.50,4.86,3.30,3.05,0.60,D,0.00,0.98,12.00,0.96,1.19,STOP_WARNING,-25.33,lidar_override,15.50,12.30,504,0.00,49.9,1,0,0.00,0.00,0.00,0.98,-0.34,1.00,0,0,0.00,0
2026-05-01 17:27:02,300.00,1,0,0,0,0,0,0,-0.06,0,1.00,4.86,3.29,2.78,0.92,D,0.00,12.00,12.00,1.37,0.84,^,-3.86,,15.40,12.30,504,0.00,49.9,1,0,0.00,0.00,0.00,12.00,-0.06,1.00,0,0,0.00,0
2026-05-01 17:27:03,300.91,0,0,0,0,0,0,0,0.00,1,0.00,4.86,3.29,2.37,0.00,D,0.00,12.00,12.00,12.00,1.88,^,0.00,,16.50,12.30,504,0.00,50.5,1,0,0.00,0.00,0.00,12.00,0.00,0.00,0,0,0.00,0
2026-05-01 17:27:04,301.91,0,0,0,1,0,0,0,1.00,0,1.00,4.86,3.29,0.04,-0.33,R,0.00,12.00,12.00,12.00,1.99,^,0.00,,12.60,12.30,504,0.03,49.4,1,0,0.00,0.00,0.00,12.00,0.00,0.00,0,0,0.00,0
2026-05-01 17:27:05,302.92,0,0,0,0,0,0,0,0.00,0,1.00,4.86,3.28,0.86,-0.83,R,0.00,12.00,12.00,12.00,1.75,^,0.00,,12.90,12.30,504,0.00,50.5,1,0,0.00,0.00,0.00,12.00,0.00,0.00,0,0,0.00,0
2026-05-01 17:27:06,303.93,0,0,0,0,0,0,0,0.00,1,0.00,4.86,3.27,2.05,0.00,R,0.00,1.84,1.94,12.00,0.88,^,0.00,,13.70,12.30,504,0.00,51.6,1,0,0.00,0.00,0.00,1.84,0.00,0.00,0,0,0.00,0
2026-05-01 17:27:07,304.94,0,0,0,0,0,0,0,0.00,0,0.00,4.86,3.26,0.00,-0.00,R,0.00,1.71,1.41,12.00,0.87,^,0.00,,12.60,12.30,504,0.51,49.9,1,0,0.00,0.00,0.00,1.71,0.00,0.00,0,0,0.00,0
2026-05-01 17:27:08,305.95,0,0,0,0,0,0,0,0.00,0,0.00,4.86,3.25,0.00,-0.00,R,0.00,0.41,0.37,12.00,0.86,STOP_WARNING,0.00,,12.60,12.30,504,1.52,49.9,1,0,0.00,0.00,0.00,0.41,0.00,0.00,0,0,0.00,0
2026-05-01 17:27:09,306.96,0,0,0,0,0,0,0,0.00,0,0.00,4.86,3.24,0.00,-0.00,R,0.00,0.32,0.25,12.00,0.86,STOP_WARNING,0.00,,14.60,12.30,504,2.53,49.4,1,0,0.00,0.00,0.00,0.32,0.00,0.00,0,0,0.00,0
2026-05-01 17:27:10,307.98,0,0,0,0,0,0,0,0.00,0,0.00,4.86,3.23,0.00,-0.00,R,0.00,0.32,0.23,12.00,0.86,STOP_WARNING,0.00,,14.90,12.30,504,0.37,50.5,1,0,0.00,0.00,0.00,0.32,0.00,0.00,0,0,0.00,0
2026-05-01 17:27:11,308.98,0,0,0,0,0,0,0,1.00,0,1.00,4.86,3.22,0.00,-0.09,R,0.00,0.45,0.77,12.00,0.86,STOP_WARNING,0.00,,14.10,12.30,504,1.37,50.5,1,0,0.00,0.00,0.00,0.45,0.00,0.00,0,0,0.00,0
2026-05-01 17:27:12,310.09,0,0,0,0,0,0,0,1.00,0,1.00,4.86,3.21,0.05,-0.60,R,0.00,1.12,0.93,12.00,0.86,WARN_WARNING,0.00,,13.70,12.30,504,0.02,47.7,1,0,0.00,0.00,0.00,1.12,0.00,0.00,0,0,0.00,0
2026-05-01 17:27:13,311.00,0,0,0,0,0,0,0,1.00,0,0.00,4.86,3.20,2.51,-0.74,R,0.00,1.22,0.91,12.00,0.51,^,0.00,,15.80,12.30,504,0.00,50.5,1,0,0.00,0.00,0.00,1.22,0.00,0.00,0,0,0.00,0
2026-05-01 17:27:14,312.11,0,0,0,0,0,0,0,-0.98,0,0.42,4.86,3.20,2.20,-0.84,R,0.00,1.30,0.58,0.74,0.74,^,0.00,,16.70,12.30,504,0.00,48.8,1,0,0.00,0.00,0.00,1.30,0.00,0.00,0,0,0.00,0
2026-05-01 17:27:15,313.02,0,0,0,0,0,0,0,0.00,0,1.00,4.86,3.19,0.46,-0.63,R,0.00,1.20,0.89,1.01,0.88,WARN_WARNING,0.00,,15.90,12.30,504,0.00,49.9,1,0,0.00,0.00,0.00,1.20,0.00,0.00,0,0,0.00,0
2026-05-01 17:27:16,314.13,0,0,0,0,0,0,0,-0.40,0,1.00,4.86,3.19,4.09,-0.83,R,0.00,0.94,0.91,0.93,0.89,STOP_WARNING,0.00,,17.50,12.30,504,0.00,49.4,1,0,0.00,0.00,0.00,0.94,0.00,0.00,0,0,0.00,0
2026-05-01 17:27:17,315.03,0,0,0,0,0,0,0,-0.45,0,0.00,4.86,3.19,2.74,-0.69,R,0.00,0.87,0.85,12.00,0.95,STOP_WARNING,0.00,,19.30,12.30,504,0.00,49.4,1,0,0.00,0.00,0.00,0.87,0.00,0.00,0,0,0.00,0
2026-05-01 17:27:18,316.05,0,0,0,0,0,0,0,-0.81,0,0.14,4.86,3.18,0.76,-0.44,R,0.00,0.80,1.00,12.00,0.99,WARN_WARNING,0.00,,15.20,12.30,504,0.00,48.3,1,0,0.00,0.00,0.00,0.80,0.00,0.00,0,0,0.00,0
2026-05-01 17:27:19,317.05,0,0,0,0,0,0,0,0.00,0,0.00,4.86,3.18,0.00,-0.00,R,0.00,0.73,12.00,12.00,0.97,WARN_WARNING,0.00,,15.40,12.30,504,0.31,49.4,1,0,0.00,0.00,0.00,0.73,0.00,0.00,0,0,0.00,0
2026-05-01 17:27:20,318.06,0,0,0,0,0,0,0,0.00,0,0.00,4.86,3.17,0.00,-0.00,R,0.00,12.00,12.00,0.60,0.97,^,0.00,,13.50,12.30,504,1.33,48.8,1,0,0.00,0.00,0.00,12.00,0.00,0.00,0,0,0.00,0
2026-05-01 17:27:21,319.07,0,0,0,0,0,0,0,0.00,0,0.00,4.86,3.16,0.00,-0.00,R,0.00,12.00,12.00,0.42,0.27,^,0.00,,14.20,12.30,504,2.34,48.3,1,0,0.00,0.00,0.00,12.00,0.00,0.00,0,0,0.00,0
2026-05-01 17:27:22,320.08,0,0,0,0,0,0,0,0.00,0,0.00,4.86,3.15,0.00,-0.00,R,0.00,12.00,12.00,0.34,0.34,^,0.00,,14.00,12.30,504,0.02,49.9,1,0,0.00,0.00,0.00,12.00,0.00,0.00,0,0,0.00,0
2026-05-01 17:27:23,321.09,0,0,0,0,0,0,0,0.00,0,0.00,4.86,3.14,0.00,-0.00,R,0.00,12.00,12.00,0.34,0.33,^,0.00,,14.00,12.30,504,0.12,49.9,1,0,0.00,0.00,0.00,12.00,0.00,0.00,0,0,0.00,0
2026-05-01 17:27:24,322.21,0,0,0,0,0,0,0,0.00,0,0.00,4.86,3.12,0.00,-0.00,R,0.00,12.00,12.00,0.33,0.33,^,0.00,,14.70,12.30,504,0.00,48.8,1,0,0.00,0.00,0.00,12.00,0.00,0.00,0,0,0.00,0
2026-05-01 17:27:25,323.11,0,0,0,0,0,0,0,0.00,0,0.00,4.86,3.12,0.00,-0.00,R,0.00,12.00,12.00,0.34,0.36,^,0.00,,15.70,12.30,504,0.02,48.3,1,0,0.00,0.00,0.00,12.00,0.00,0.00,0,0,0.00,0
2026-05-01 17:27:26,324.22,0,0,0,0,0,0,0,0.00,0,0.00,4.86,3.11,0.00,-0.00,R,0.00,12.00,12.00,0.34,0.38,^,0.00,,13.90,12.30,504,0.83,48.8,1,0,0.00,0.00,0.00,12.00,0.00,0.00,0,0,0.00,0
2026-05-01 17:27:27,325.13,0,0,0,0,0,0,0,1.00,0,1.00,4.86,3.10,0.00,-0.13,R,0.00,12.00,12.00,0.34,0.35,^,0.00,,15.00,12.30,504,1.73,48.3,1,0,0.00,0.00,0.00,12.00,0.00,0.00,0,0,0.00,0
2026-05-01 17:27:28,326.24,0,0,0,0,0,0,0,1.00,0,0.00,4.86,3.09,0.28,-0.58,R,0.00,12.00,0.99,0.65,0.46,^,0.00,,16.10,12.30,504,0.00,48.8,1,0,0.00,0.00,0.00,12.00,0.00,0.00,0,0,0.00,0
2026-05-01 17:27:29,327.15,0,0,0,1,0,0,0,-1.00,1,1.00,4.86,3.08,0.00,0.00,P,0.00,12.00,0.97,12.00,0.57,^,0.00,,15.60,12.30,504,0.51,48.8,1,0,0.00,0.00,0.00,12.00,0.00,0.00,0,0,0.00,0
2026-05-01 17:27:30,328.26,0,0,0,1,0,0,0,-1.00,1,1.00,4.86,3.07,0.00,0.00,P,0.00,12.00,0.97,12.00,0.94,^,0.00,,14.90,12.30,504,1.62,48.3,1,0,0.00,0.00,0.00,12.00,0.00,0.00,0,0,0.00,0
2026-05-01 17:27:31,329.16,0,0,1,0,0,0,0,-1.00,0,1.00,4.86,3.06,0.00,-0.08,R,0.00,12.00,0.97,12.00,0.98,^,0.00,,18.10,12.30,504,2.52,48.3,1,0,0.00,0.00,0.00,12.00,0.00,0.00,0,0,0.00,0
2026-05-01 17:27:32,330.28,0,0,0,0,0,0,0,-1.00,0,1.00,4.86,3.05,0.04,-0.59,R,0.00,12.00,0.97,0.95,0.97,^,0.00,,15.80,12.30,504,0.00,48.3,1,0,0.00,0.00,0.00,12.00,0.00,0.00,0,0,0.00,0
2026-05-01 17:27:33,331.18,1,0,0,0,0,0,0,0.35,0,1.00,4.86,3.04,1.33,-0.49,D,0.00,1.25,12.00,12.00,0.94,^,21.03,,17.40,12.30,504,0.00,48.8,1,0,0.00,0.00,0.00,1.25,0.35,1.00,0,0,0.00,0
2026-05-01 17:27:34,332.29,1,0,0,0,0,0,0,0.35,0,1.00,4.86,3.04,0.62,0.02,D,0.00,2.16,0.85,12.00,1.36,^,20.99,,15.90,12.30,504,0.00,49.4,1,0,0.00,0.00,0.00,2.16,0.35,1.00,0,0,0.00,0
2026-05-01 17:27:35,333.20,1,0,0,0,0,0,0,0.24,0,1.00,4.86,3.03,0.19,0.52,D,0.00,2.29,0.85,12.00,1.36,^,14.64,,15.50,12.30,504,0.00,49.4,1,0,0.00,0.00,0.00,2.29,0.24,1.00,0,0,0.00,0
2026-05-01 17:27:36,334.31,1,0,0,0,0,0,0,0.07,0,1.00,4.86,3.02,2.69,1.00,D,0.00,12.00,1.60,12.00,0.97,^,4.17,,16.50,12.30,504,0.00,48.3,1,0,0.00,0.00,0.00,12.00,0.07,1.00,0,0,0.00,0
2026-05-01 17:27:37,335.22,1,0,0,0,0,0,0,-0.09,0,1.00,4.86,3.02,4.26,1.00,D,0.00,12.00,12.00,12.00,1.12,^,-5.49,,17.50,12.30,504,0.00,48.8,1,0,0.00,0.00,0.00,12.00,-0.09,1.00,0,0,0.00,0
2026-05-01 17:27:38,336.23,1,0,0,0,0,0,0,-0.06,0,1.00,4.86,3.03,4.55,1.00,D,0.00,12.00,12.00,12.00,1.29,^,-3.72,,16.20,12.30,504,0.00,48.8,1,0,0.00,0.00,0.00,12.00,-0.06,1.00,0,0,0.00,0
2026-05-01 17:27:39,337.23,1,0,0,0,0,0,0,-0.03,0,1.00,4.86,3.03,4.65,1.00,D,0.00,12.00,12.00,12.00,1.38,^,-1.80,,16.70,12.30,504,0.00,48.8,1,0,0.00,0.00,0.00,12.00,-0.03,1.00,0,0,0.00,0
2026-05-01 17:27:40,338.24,1,0,0,0,0,0,0,-0.12,0,1.00,4.86,3.04,4.56,1.00,D,0.00,12.00,12.00,12.00,1.49,^,-7.04,,17.70,12.30,504,0.00,49.4,1,0,0.00,0.00,0.00,12.00,-0.12,1.00,0,0,0.00,0
2026-05-01 17:27:41,339.26,1,0,0,0,0,0,0,0.42,0,0.50,4.86,3.04,4.67,0.91,D,0.00,1.11,12.00,12.00,1.60,WARN_WARNING,25.33,lidar_override,17.00,12.30,504,0.00,49.4,1,0,0.00,0.00,0.00,1.11,0.08,1.00,0,0,0.00,0
2026-05-01 17:27:42,340.37,1,0,0,0,0,0,0,-0.56,0,1.00,4.86,3.05,3.80,1.00,D,0.00,12.00,1.41,12.00,0.75,^,-33.88,,16.70,12.30,504,0.00,49.9,1,0,0.00,0.00,0.00,12.00,-0.56,1.00,0,0,0.00,0
2026-05-01 17:27:43,341.27,1,0,0,0,0,0,0,-0.54,0,1.00,4.86,3.05,4.47,0.81,D,0.00,12.00,12.00,12.00,0.41,^,-32.49,,18.20,12.30,504,0.00,48.8,1,0,0.00,0.00,0.00,12.00,-0.54,1.00,0,0,0.00,0
2026-05-01 17:27:44,342.29,1,0,0,0,0,0,0,0.02,0,1.00,4.86,3.05,4.62,1.00,D,0.00,12.00,12.00,12.00,1.51,^,0.98,,15.40,12.30,504,0.00,49.4,1,0,0.00,0.00,0.00,12.00,0.02,1.00,0,0,0.00,0
2026-05-01 17:27:45,343.40,1,0,0,0,0,0,0,-0.42,0,0.50,4.86,3.06,3.88,0.66,D,0.00,0.41,12.00,0.40,12.00,STOP_WARNING,-25.33,lidar_override,14.70,12.30,504,0.00,49.9,1,0,0.00,0.00,0.00,0.41,0.32,1.00,0,0,0.00,0
2026-05-01 17:27:46,344.31,1,0,0,0,0,0,0,0.03,0,1.00,4.86,3.06,3.33,0.79,D,0.00,12.00,12.00,12.00,1.28,^,1.64,,13.90,12.30,504,0.00,49.4,1,0,0.00,0.00,0.00,12.00,0.03,1.00,0,0,0.00,0
2026-05-01 17:27:47,345.32,0,0,0,0,0,0,0,-0.99,0,1.00,4.86,3.06,1.10,0.50,D,0.00,12.00,12.00,12.00,12.00,^,0.00,,13.50,12.30,504,0.00,51.0,1,0,0.00,0.00,0.00,12.00,0.00,0.00,0,0,0.00,0
2026-05-01 17:27:48,346.33,0,0,0,0,0,0,0,-0.38,0,1.00,4.86,3.05,1.97,1.00,D,0.00,12.00,12.00,12.00,2.54,^,0.00,,13.00,12.30,504,0.00,48.8,1,0,0.00,0.00,0.00,12.00,0.00,0.00,0,0,0.00,0
2026-05-01 17:27:49,347.34,0,0,0,0,0,0,0,-0.27,0,1.00,4.86,3.05,3.03,1.00,D,0.00,12.00,12.00,12.00,12.00,^,0.00,,16.00,12.30,504,0.00,48.8,1,0,0.00,0.00,0.00,12.00,0.00,0.00,0,0,0.00,0
2026-05-01 17:27:50,348.46,0,0,0,0,0,0,0,-0.16,0,0.81,4.86,3.05,3.18,0.88,D,0.00,12.00,2.01,12.00,12.00,^,0.00,,17.70,12.30,504,0.00,49.9,1,0,0.00,0.00,0.00,12.00,0.00,0.00,0,0,0.00,0
2026-05-01 17:27:51,349.36,0,0,0,0,0,0,0,0.00,0,0.29,4.86,3.05,2.97,0.29,D,0.00,1.06,1.44,0.94,1.34,WARN_WARNING,0.00,,17.60,12.30,504,0.00,48.3,1,0,0.00,0.00,0.00,1.06,0.00,0.00,0,0,0.00,0
2026-05-01 17:27:52,350.47,0,0,0,0,0,0,0,0.00,0,1.00,4.86,3.04,0.06,0.80,D,0.00,1.11,1.45,0.92,0.82,WARN_WARNING,0.00,,14.90,12.30,504,0.00,49.4,1,0,0.00,0.00,0.00,1.11,0.00,0.00,0,0,0.00,0
2026-05-01 17:27:53,351.38,0,0,0,0,0,0,0,-0.64,0,1.00,4.86,3.04,0.11,1.00,D,0.00,0.88,1.31,0.78,1.24,WARN_WARNING,0.00,,16.40,12.30,504,0.00,49.9,1,0,0.00,0.00,0.00,0.88,0.00,0.00,0,0,0.00,0
2026-05-01 17:27:54,352.39,0,0,0,0,0,0,0,-0.95,0,0.75,4.86,3.03,1.33,0.99,D,0.00,0.75,1.20,0.72,12.00,WARN_WARNING,0.00,,15.90,12.30,504,0.00,49.4,1,0,0.00,0.00,0.00,0.75,0.00,0.00,0,0,0.00,0
2026-05-01 17:27:55,353.41,0,0,0,1,0,0,0,0.95,1,0.00,4.86,3.02,0.00,0.00,N,0.00,0.41,1.19,0.41,1.19,STOP_WARNING,0.00,aeb_stop,16.00,12.30,504,0.14,48.3,1,1,0.00,0.00,0.00,0.41,0.00,0.00,0,0,0.00,0
2026-05-01 17:27:56,354.52,0,0,0,1,0,0,0,0.69,0,0.00,4.86,3.01,0.31,-0.28,R,0.00,0.43,1.18,0.43,1.33,STOP_WARNING,0.00,,13.70,12.30,504,0.00,48.8,1,0,0.00,0.00,0.00,0.43,0.00,0.00,0,0,0.00,0
2026-05-01 17:27:57,355.42,0,0,1,0,0,0,0,-1.00,1,0.00,4.86,3.01,0.00,0.00,D,0.00,0.52,1.17,0.49,12.00,STOP_WARNING,0.00,aeb_stop,16.70,12.30,504,0.46,49.4,1,1,0.00,0.00,0.00,0.52,0.00,0.00,0,0,0.00,0
2026-05-01 17:27:58,356.43,0,0,0,1,0,0,0,0.98,1,0.00,4.86,3.00,0.00,0.00,N,0.00,0.52,1.18,0.49,12.00,STOP_WARNING,0.00,aeb_stop,14.70,12.30,504,0.62,48.8,1,1,0.00,0.00,0.00,0.52,0.00,0.00,0,0,0.00,0
2026-05-01 17:27:59,357.45,0,0,0,1,0,0,0,1.00,0,1.00,4.86,2.99,0.19,-0.47,R,0.00,0.53,1.18,0.50,12.00,STOP_WARNING,0.00,,14.40,12.30,504,0.00,47.7,1,0,0.00,0.00,0.00,0.53,0.00,0.00,0,0,0.00,0
2026-05-01 17:28:00,358.46,0,0,1,0,0,0,0,-1.00,0,1.00,4.86,2.98,0.62,0.05,D,0.00,12.00,1.24,0.65,12.00,^,0.00,,15.80,12.30,504,0.00,48.3,1,0,0.00,0.00,0.00,12.00,0.00,0.00,0,0,0.00,0
2026-05-01 17:28:01,359.47,0,0,0,0,0,0,0,-1.00,0,1.00,4.86,2.98,0.11,0.55,D,0.00,1.00,1.50,12.00,1.52,WARN_WARNING,0.00,,15.50,12.30,504,0.11,48.8,1,0,0.00,0.00,0.00,1.00,0.00,0.00,0,0,0.00,0
2026-05-01 17:28:02,360.48,0,0,0,0,0,0,0,-1.00,0,1.00,4.86,2.97,1.28,1.00,D,0.00,0.86,1.49,1.19,0.83,WARN_WARNING,0.00,,15.50,12.30,504,0.00,47.7,1,0,0.00,0.00,0.00,0.86,0.00,0.00,0,0,0.00,0
2026-05-01 17:28:03,361.49,0,0,0,0,0,0,0,-0.43,0,0.00,4.86,2.97,2.44,0.62,D,0.00,0.76,12.00,0.80,0.93,WARN_WARNING,0.00,,16.60,12.30,504,0.00,48.8,1,0,0.00,0.00,0.00,0.76,0.00,0.00,0,0,0.00,0
2026-05-01 17:28:04,362.51,0,0,0,0,0,0,0,-0.52,0,0.00,4.86,2.96,2.30,0.02,D,0.00,1.46,12.00,12.00,0.72,^,0.00,,16.50,12.30,504,0.00,48.8,1,0,0.00,0.00,0.00,1.46,0.00,0.00,0,0,0.00,0
2026-05-01 17:28:05,363.52,1,0,0,0,0,0,0,-0.42,0,0.50,4.86,2.96,1.57,0.32,D,0.00,0.76,12.00,0.74,1.34,WARN_WARNING,-25.33,lidar_override,16.50,12.30,504,0.00,48.8,1,0,0.00,0.00,0.00,0.76,0.32,1.00,0,0,0.00,0
2026-05-01 17:28:06,364.63,0,0,0,0,0,0,0,1.00,0,1.00,4.86,2.96,1.45,0.02,D,0.00,12.00,12.00,0.47,0.51,^,0.00,,16.20,12.30,504,0.00,48.8,1,0,0.00,0.00,0.00,12.00,0.00,0.00,0,0,0.00,0
2026-05-01 17:28:07,365.54,1,0,0,0,0,0,0,0.29,0,1.00,4.86,2.95,0.68,0.42,D,0.00,12.00,12.00,0.52,0.45,^,17.50,,15.70,12.30,504,0.00,47.2,1,0,0.00,0.00,0.00,12.00,0.29,1.00,0,0,0.00,0
2026-05-01 17:28:08,366.55,1,0,0,0,0,0,0,0.06,0,1.00,4.86,2.95,2.08,0.93,D,0.00,12.00,12.00,0.50,0.47,^,3.64,,15.30,12.30,504,0.00,48.3,1,0,0.00,0.00,0.00,12.00,0.06,1.00,0,0,0.00,0
2026-05-01 17:28:09,367.56,1,0,0,0,0,0,0,-0.04,0,1.00,4.86,2.95,3.71,1.00,D,0.00,12.00,12.00,12.00,1.35,^,-2.58,,16.70,12.30,504,0.00,47.7,1,0,0.00,0.00,0.00,12.00,-0.04,1.00,0,0,0.00,0
2026-05-01 17:28:11,368.68,1,0,0,0,0,0,0,0.03,0,1.00,4.86,2.95,4.47,1.00,D,0.00,12.00,12.00,12.00,1.76,^,1.68,,16.90,12.30,504,0.00,48.8,1,0,0.00,0.00,0.00,12.00,0.03,1.00,0,0,0.00,0
2026-05-01 17:28:11,369.58,1,0,0,0,0,0,0,-0.15,0,1.00,4.86,2.96,4.37,1.00,D,0.00,12.00,12.00,12.00,1.95,^,-9.21,,17.80,12.30,504,0.00,48.3,1,0,0.00,0.00,0.00,12.00,-0.15,1.00,0,0,0.00,0
2026-05-01 17:28:13,370.69,1,0,0,0,0,0,0,0.01,0,1.00,4.86,2.96,4.28,1.00,D,0.00,12.00,12.00,12.00,1.96,^,0.77,,16.90,12.20,504,0.00,47.2,1,0,0.00,0.00,0.00,12.00,0.01,1.00,0,0,0.00,0
2026-05-01 17:28:13,371.59,1,0,0,0,0,0,0,-0.10,0,1.00,4.86,2.96,4.37,1.00,D,0.00,12.00,12.00,12.00,1.98,^,-5.90,,17.10,12.30,504,0.00,49.4,1,0,0.00,0.00,0.00,12.00,-0.10,1.00,0,0,0.00,0
2026-05-01 17:28:15,372.71,1,0,0,0,0,0,0,-0.08,0,1.00,4.86,2.97,4.41,1.00,D,0.00,12.00,12.00,12.00,2.04,^,-4.65,,12.90,12.30,504,0.00,48.8,1,0,0.00,0.00,0.00,12.00,-0.08,1.00,0,0,0.00,0
2026-05-01 17:28:15,373.61,1,0,0,0,0,0,0,-0.14,0,1.00,4.86,2.97,4.39,1.00,D,0.00,12.00,12.00,12.00,2.07,^,-8.67,,14.40,12.30,504,0.00,48.3,1,0,0.00,0.00,0.00,12.00,-0.14,1.00,0,0,0.00,0
2026-05-01 17:28:16,374.63,1,0,0,0,0,0,0,-0.01,0,1.00,4.86,2.97,4.19,1.00,D,0.00,12.00,12.00,12.00,2.22,^,-0.35,,14.60,12.30,504,0.00,49.9,1,0,0.00,0.00,0.00,12.00,-0.01,1.00,0,0,0.00,0
2026-05-01 17:28:17,375.64,1,0,0,0,0,0,0,-0.26,0,1.00,4.86,2.98,4.22,1.00,D,0.00,12.00,12.00,2.01,2.19,^,-15.31,,14.50,12.30,504,0.00,48.8,1,0,0.00,0.00,0.00,12.00,-0.26,1.00,0,0,0.00,0
2026-05-01 17:28:18,376.65,1,0,0,0,0,0,0,0.15,0,1.00,4.86,2.98,3.96,1.00,D,0.00,12.00,12.00,12.00,2.06,^,8.83,,14.70,12.30,504,0.00,49.9,1,0,0.00,0.00,0.00,12.00,0.15,1.00,0,0,0.00,0
2026-05-01 17:28:20,377.66,1,0,0,0,0,0,0,-0.16,0,1.00,4.86,2.98,3.89,1.00,D,0.00,12.00,12.00,3.07,1.91,^,-9.59,,15.30,12.30,504,0.00,49.4,1,0,0.00,0.00,0.00,12.00,-0.16,1.00,0,0,0.00,0
2026-05-01 17:28:21,378.77,1,0,0,0,0,0,0,-0.21,0,1.00,4.86,2.99,4.17,1.00,D,0.00,12.00,12.00,12.00,1.82,^,-12.35,,15.50,12.30,504,0.00,48.3,1,0,0.00,0.00,0.00,12.00,-0.21,1.00,0,0,0.00,0
2026-05-01 17:28:22,379.68,1,0,0,0,0,0,0,-0.04,0,1.00,4.86,2.99,4.11,1.00,D,0.00,12.00,12.00,12.00,1.78,^,-2.57,,17.00,12.30,504,0.00,48.3,1,0,0.00,0.00,0.00,12.00,-0.04,1.00,0,0,0.00,0
2026-05-01 17:28:23,380.79,1,0,0,0,0,0,0,-0.06,0,1.00,4.86,2.99,4.12,1.00,D,0.00,12.00,12.00,12.00,1.70,^,-3.45,,15.90,12.30,504,0.00,48.8,1,0,0.00,0.00,0.00,12.00,-0.06,1.00,0,0,0.00,0
2026-05-01 17:28:24,381.69,1,0,0,0,0,0,0,-0.04,0,1.00,4.86,3.00,4.15,1.00,D,0.00,12.00,12.00,12.00,1.73,^,-2.43,,16.30,12.30,504,0.00,49.4,1,0,0.00,0.00,0.00,12.00,-0.04,1.00,0,0,0.00,0
2026-05-01 17:28:25,382.70,1,0,0,0,0,0,0,0.03,0,1.00,4.86,3.00,4.17,1.00,D,0.00,12.00,12.00,12.00,1.69,^,2.09,,17.50,12.30,504,0.00,48.8,1,0,0.00,0.00,0.00,12.00,0.03,1.00,0,0,0.00,0
2026-05-01 17:28:26,383.72,1,0,0,0,0,0,0,-0.00,0,1.00,4.86,3.00,4.27,1.00,D,0.00,12.00,12.00,12.00,1.66,^,-0.22,,15.20,12.20,504,0.00,50.5,1,0,0.00,0.00,0.00,12.00,-0.00,1.00,0,0,0.00,0
2026-05-01 17:28:27,384.73,1,0,0,0,0,0,0,0.08,0,1.00,4.86,3.01,4.20,1.00,D,0.00,12.00,12.00,12.00,1.72,^,5.08,,14.00,12.20,504,0.00,49.9,1,0,0.00,0.00,0.00,12.00,0.08,1.00,0,0,0.00,0
2026-05-01 17:28:28,385.74,1,0,0,0,0,0,0,0.01,0,1.00,4.86,3.01,4.37,1.00,D,0.00,12.00,12.00,12.00,1.91,^,0.75,,14.00,12.30,504,0.00,50.5,1,0,0.00,0.00,0.00,12.00,0.01,1.00,0,0,0.00,0
2026-05-01 17:28:29,386.76,1,0,0,0,0,0,0,0.06,0,1.00,4.86,3.01,4.33,1.00,D,0.00,13.68,12.00,12.00,2.18,^,3.74,,13.70,12.30,504,0.00,49.9,1,0,0.00,0.00,0.00,13.68,0.06,1.00,0,0,0.00,0
2026-05-01 17:28:30,387.76,1,0,0,0,0,0,0,-0.04,0,1.00,4.86,3.02,3.96,1.00,D,0.00,12.75,12.00,12.00,2.26,^,-2.21,,14.80,12.30,504,0.00,49.4,1,0,0.00,0.00,0.00,12.75,-0.04,1.00,0,0,0.00,0
2026-05-01 17:28:31,388.77,1,0,0,0,0,0,0,0.04,0,1.00,4.86,3.02,4.19,1.00,D,0.00,12.00,12.00,2.59,2.29,^,2.21,,16.10,12.30,504,0.00,49.9,1,0,0.00,0.00,0.00,12.00,0.04,1.00,0,0,0.00,0
2026-05-01 17:28:32,389.77,1,0,0,0,0,0,0,0.13,0,1.00,4.86,3.02,4.40,1.00,D,0.00,12.00,12.00,3.37,2.45,^,7.88,,17.00,12.30,504,0.00,48.3,1,0,0.00,0.00,0.00,12.00,0.13,1.00,0,0,0.00,0
2026-05-01 17:28:33,390.88,1,0,0,0,0,0,0,-0.17,0,1.00,4.86,3.02,4.40,1.00,D,0.00,12.00,12.00,2.03,12.00,^,-10.11,,17.40,12.30,504,0.00,49.4,1,0,0.00,0.00,0.00,12.00,-0.17,1.00,0,0,0.00,0
2026-05-01 17:28:34,391.89,0,0,0,0,0,0,0,1.00,0,1.00,4.86,3.03,3.93,0.22,D,0.00,12.00,12.00,1.62,12.00,^,0.00,,17.30,12.30,504,0.00,48.3,1,0,0.00,0.00,0.00,12.00,0.00,0.00,0,0,0.00,0
2026-05-01 17:28:35,392.79,0,0,0,0,0,0,0,1.00,0,0.00,4.86,3.03,1.54,0.65,D,0.00,0.99,0.98,2.49,12.00,WARN_WARNING,0.00,,15.20,12.30,504,0.00,49.4,1,0,0.00,0.00,0.00,0.99,0.00,0.00,0,0,0.00,0
2026-05-01 17:28:36,393.80,1,0,0,0,0,0,0,0.41,0,1.00,4.86,3.02,0.07,0.17,D,0.00,12.00,0.84,2.24,12.00,^,24.67,,15.10,12.30,504,0.07,48.8,1,0,0.00,0.00,0.00,12.00,0.41,1.00,0,0,0.00,0
2026-05-01 17:28:37,394.91,1,0,0,0,0,0,0,0.42,0,1.00,4.86,3.01,0.13,0.67,D,0.00,12.00,0.84,2.18,12.00,^,25.00,,14.50,12.30,504,0.00,47.7,1,0,0.00,0.00,0.00,12.00,0.42,1.00,0,0,0.00,0
2026-05-01 17:28:38,395.92,1,0,0,0,0,0,0,-0.42,0,0.50,4.86,3.01,3.31,0.93,D,0.00,1.55,12.00,12.00,1.07,WARN_WARNING,-25.33,lidar_override,16.80,12.30,504,0.00,49.4,1,0,0.00,0.00,0.00,1.55,-0.02,1.00,0,0,0.00,0
2026-05-01 17:28:39,396.82,1,0,0,0,0,0,0,-0.05,0,1.00,4.86,3.01,3.14,1.00,D,0.00,12.00,2.67,0.94,0.94,^,-3.26,,16.50,12.30,504,0.00,49.4,1,0,0.00,0.00,0.00,12.00,-0.05,1.00,0,0,0.00,0
2026-05-01 17:28:40,397.83,1,0,0,0,0,0,0,-0.04,0,1.00,4.86,3.01,3.83,1.00,D,0.00,12.00,2.34,12.00,1.53,^,-2.14,,15.80,12.30,504,0.00,48.3,1,0,0.00,0.00,0.00,12.00,-0.04,1.00,0,0,0.00,0
2026-05-01 17:28:41,398.85,1,0,0,0,0,0,0,-0.08,0,1.00,4.86,3.01,4.13,1.00,D,0.00,12.00,12.00,12.00,10.62,^,-5.02,,15.50,12.30,504,0.00,49.4,1,0,0.00,0.00,0.00,12.00,-0.08,1.00,0,0,0.00,0
2026-05-01 17:28:42,399.86,1,0,0,0,0,0,0,-0.37,0,1.00,4.86,3.02,4.46,1.00,D,0.00,12.00,12.00,12.00,12.00,^,-22.05,,17.10,12.30,504,0.00,48.8,1,0,0.00,0.00,0.00,12.00,-0.37,1.00,0,0,0.00,0
2026-05-01 17:28:43,400.87,1,0,0,0,0,0,0,0.04,0,1.00,4.86,3.02,4.23,1.00,D,0.00,12.00,12.00,12.00,14.61,^,2.53,,17.90,12.30,504,0.00,48.3,1,0,0.00,0.00,0.00,12.00,0.04,1.00,0,0,0.00,0
2026-05-01 17:28:44,401.88,1,0,0,0,0,0,0,0.08,0,1.00,4.86,3.02,3.84,1.00,D,0.00,12.00,12.00,12.00,15.82,^,4.78,,16.40,12.30,504,0.00,49.9,1,0,0.00,0.00,0.00,12.00,0.08,1.00,0,0,0.00,0
2026-05-01 17:28:45,402.90,1,0,0,0,0,0,0,-0.03,0,1.00,4.86,3.03,3.87,1.00,D,0.00,12.00,12.00,12.00,12.00,^,-1.98,,17.30,12.30,504,0.00,47.2,1,0,0.00,0.00,0.00,12.00,-0.03,1.00,0,0,0.00,0
2026-05-01 17:28:46,403.91,1,0,0,0,0,0,0,-0.13,0,1.00,4.86,3.03,4.16,1.00,D,0.00,12.00,12.00,12.00,12.00,^,-7.51,,17.40,12.30,504,0.00,48.8,1,0,0.00,0.00,0.00,12.00,-0.13,1.00,0,0,0.00,0
2026-05-01 17:28:47,405.03,1,0,0,0,0,0,0,-0.08,0,1.00,4.86,3.03,4.25,1.00,D,0.00,12.00,12.00,12.00,12.00,^,-4.56,,16.10,12.30,504,0.00,48.3,1,0,0.00,0.00,0.00,12.00,-0.08,1.00,0,0,0.00,0
2026-05-01 17:28:48,405.93,1,0,0,0,0,0,0,0.08,0,1.00,4.86,3.03,4.37,1.00,D,0.00,12.00,12.00,12.00,12.00,^,4.64,,17.10,12.30,504,0.00,48.8,1,0,0.00,0.00,0.00,12.00,0.08,1.00,0,0,0.00,0
2026-05-01 17:28:49,407.04,0,0,0,0,0,0,0,0.00,1,1.00,4.86,3.04,4.26,0.00,D,0.00,12.00,12.00,12.00,12.00,^,0.00,,16.70,12.30,504,0.00,48.8,1,0,0.00,0.00,0.00,12.00,0.00,0.00,0,0,0.00,0
2026-05-01 17:28:50,407.94,0,0,0,0,0,0,0,-1.00,0,1.00,4.86,3.03,0.55,0.30,D,0.00,12.00,12.00,12.00,12.00,^,0.00,,14.50,12.30,504,0.00,49.4,1,0,0.00,0.00,0.00,12.00,0.00,0.00,0,0,0.00,0
2026-05-01 17:28:51,408.95,0,0,0,0,0,0,0,-1.00,0,0.42,4.86,3.03,0.76,0.75,D,0.00,12.00,12.00,12.00,12.00,^,0.00,,13.60,12.30,504,0.00,48.3,1,0,0.00,0.00,0.00,12.00,0.00,0.00,0,0,0.00,0
2026-05-01 17:28:52,409.97,0,0,0,0,0,0,0,-1.00,0,0.60,4.86,3.02,0.62,0.62,D,0.00,12.00,12.00,12.00,12.00,^,0.00,,13.90,12.30,504,0.00,49.4,1,0,0.00,0.00,0.00,12.00,0.00,0.00,0,0,0.00,0
2026-05-01 17:28:53,410.98,0,0,0,0,0,0,0,-0.70,0,1.00,4.86,3.02,0.75,0.63,D,0.00,12.00,12.00,12.00,12.00,^,0.00,,12.60,12.30,504,0.00,49.4,1,0,0.00,0.00,0.00,12.00,0.00,0.00,0,0,0.00,0
2026-05-01 17:28:54,411.99,0,0,0,0,0,0,0,0.18,0,0.00,4.86,3.01,1.60,0.44,D,0.00,2.40,12.00,12.00,12.00,^,0.00,,13.50,12.30,504,0.00,51.0,1,0,0.00,0.00,0.00,2.40,0.00,0.00,0,0,0.00,0
2026-05-01 17:28:55,413.01,0,0,0,0,0,0,0,0.00,0,0.00,4.86,3.01,0.00,0.00,D,0.00,1.07,12.00,12.00,12.00,WARN_WARNING,0.00,,14.70,12.30,504,0.01,49.9,1,0,0.00,0.00,0.00,1.07,0.00,0.00,0,0,0.00,0
2026-05-01 17:28:56,414.02,0,0,0,0,0,0,0,0.00,1,0.00,4.86,3.00,0.00,0.00,D,0.00,0.48,12.00,0.34,12.00,STOP_WARNING,0.00,aeb_stop,11.40,12.30,504,0.88,49.9,1,1,0.00,0.00,0.00,0.48,0.00,0.00,0,0,0.00,0
2026-05-01 17:28:57,415.13,0,0,0,0,0,0,0,0.00,1,0.00,4.86,2.99,0.00,0.00,D,0.00,12.00,12.00,0.10,12.00,^,0.00,,12.40,12.30,504,1.99,51.0,1,0,0.00,0.00,0.00,12.00,0.00,0.00,0,0,0.00,0
2026-05-01 17:28:58,416.04,0,0,0,0,0,0,0,0.00,1,0.00,4.86,2.99,0.00,0.00,D,0.00,12.00,12.00,0.25,12.00,^,0.00,,12.10,12.30,504,0.43,50.5,1,0,0.00,0.00,0.00,12.00,0.00,0.00,0,0,0.00,0
2026-05-01 17:28:59,417.05,0,0,0,0,0,0,0,0.00,1,0.00,4.86,2.98,0.00,0.00,D,0.00,12.00,12.00,0.30,12.00,^,0.00,,11.60,12.30,504,0.70,48.8,1,0,0.00,0.00,0.00,12.00,0.00,0.00,0,0,0.00,0
2026-05-01 17:29:00,418.06,0,0,0,0,0,0,0,0.00,1,0.00,4.86,2.97,0.00,0.00,D,0.00,12.00,12.00,0.28,0.26,^,0.00,,12.50,12.20,504,0.76,48.3,1,0,0.00,0.00,0.00,12.00,0.00,0.00,0,0,0.00,0
2026-05-01 17:29:01,419.07,0,0,0,0,0,0,0,0.00,1,0.00,4.86,2.96,0.00,0.00,D,0.00,12.00,12.00,0.28,0.31,^,0.00,,15.50,12.20,504,1.77,48.8,1,0,0.00,0.00,0.00,12.00,0.00,0.00,0,0,0.00,0
2026-05-01 17:29:02,420.08,0,0,0,0,0,0,0,0.00,1,0.00,4.86,2.96,0.00,0.00,D,0.00,12.00,12.00,0.30,0.30,^,0.00,,13.00,12.30,504,2.78,48.3,1,0,0.00,0.00,0.00,12.00,0.00,0.00,0,0,0.00,0
2026-05-01 17:29:03,421.09,0,0,0,0,0,0,0,0.00,1,0.00,4.86,2.95,0.00,0.00,D,0.00,12.00,12.00,0.20,0.18,^,0.00,,14.60,12.30,504,3.79,48.8,1,0,0.00,0.00,0.00,12.00,0.00,0.00,0,0,0.00,0
2026-05-01 17:29:04,422.10,0,0,0,0,0,0,0,0.00,1,0.00,4.86,2.94,0.00,0.00,D,0.00,12.00,0.20,0.18,0.15,^,0.00,,14.20,12.20,504,4.81,47.7,1,0,0.00,0.00,0.00,12.00,0.00,0.00,0,0,0.00,0
2026-05-01 17:29:05,423.22,0,0,0,0,0,0,0,0.00,1,0.00,4.86,2.93,0.00,0.00,D,0.00,12.00,0.15,0.10,0.10,^,0.00,,14.90,12.20,504,5.92,48.8,1,0,0.00,0.00,0.00,12.00,0.00,0.00,0,0,0.00,0
2026-05-01 17:29:06,424.12,0,0,0,0,0,0,0,0.00,1,0.00,4.86,2.93,0.00,0.00,D,0.00,12.00,0.15,0.10,0.10,^,0.00,,14.40,12.30,504,0.01,47.2,1,0,0.00,0.00,0.00,12.00,0.00,0.00,0,0,0.00,0
2026-05-01 17:29:07,425.23,0,0,0,0,0,0,0,0.00,1,0.00,4.86,2.92,0.00,0.00,D,0.00,12.00,0.21,0.12,0.12,^,0.00,,14.50,12.30,504,0.42,48.8,1,0,0.00,0.00,0.00,12.00,0.00,0.00,0,0,0.00,0
2026-05-01 17:29:08,426.14,0,0,0,0,0,0,0,0.00,1,1.00,4.86,2.91,0.00,0.00,D,0.00,12.00,12.00,12.00,0.30,^,0.00,,13.20,12.30,504,1.33,48.8,1,0,0.00,0.00,0.00,12.00,0.00,0.00,0,0,0.00,0
2026-05-01 17:29:09,427.15,0,0,1,0,0,0,0,0.00,0,0.00,4.86,2.91,0.00,0.00,D,0.00,12.00,12.00,12.00,0.40,^,0.00,,14.20,12.30,504,0.45,48.3,1,0,0.00,0.00,0.00,12.00,0.00,0.00,0,0,0.00,0
2026-05-01 17:29:10,428.16,0,0,0,0,0,0,0,0.00,0,1.00,4.86,2.90,0.01,0.43,D,0.00,12.00,12.00,12.00,0.70,^,0.00,,14.90,12.30,504,0.11,47.7,1,0,0.00,0.00,0.00,12.00,0.00,0.00,0,0,0.00,0
2026-05-01 17:29:11,429.27,0,0,0,0,0,0,0,0.00,0,1.00,4.86,2.89,1.54,0.93,D,0.00,12.00,12.00,12.00,0.95,^,0.00,,15.60,12.30,504,0.00,47.7,1,0,0.00,0.00,0.00,12.00,0.00,0.00,0,0,0.00,0
2026-05-01 17:29:12,430.28,0,0,0,0,0,0,0,0.00,0,0.00,4.86,2.89,3.68,0.74,D,0.00,12.00,12.00,12.00,2.05,^,0.00,,15.80,12.30,504,0.00,48.3,1,0,0.00,0.00,0.00,12.00,0.00,0.00,0,0,0.00,0
2026-05-01 17:29:13,431.18,1,0,0,0,0,0,0,0.05,0,1.00,4.86,2.90,2.80,0.77,D,0.00,12.00,12.00,12.00,2.21,^,3.05,,13.90,12.30,504,0.00,49.9,1,0,0.00,0.00,0.00,12.00,0.05,1.00,0,0,0.00,0
2026-05-01 17:29:14,432.19,1,0,0,0,0,0,0,0.08,0,1.00,4.86,2.90,3.90,1.00,D,0.00,12.00,12.00,12.00,2.28,^,4.75,,13.60,12.30,504,0.00,49.9,1,0,0.00,0.00,0.00,12.00,0.08,1.00,0,0,0.00,0
2026-05-01 17:29:15,433.20,1,0,0,0,0,0,0,0.13,0,1.00,4.86,2.90,4.26,1.00,D,0.00,12.00,12.00,12.00,12.00,^,7.74,,14.90,12.20,504,0.00,49.9,1,0,0.00,0.00,0.00,12.00,0.13,1.00,0,0,0.00,0
2026-05-01 17:29:16,434.32,0,0,0,0,0,0,0,0.00,0,0.00,4.86,2.90,4.08,0.00,D,0.00,12.00,12.00,12.00,12.00,^,0.00,,14.10,12.30,504,0.00,51.0,1,0,0.00,0.00,0.00,12.00,0.00,0.00,0,0,0.00,0
2026-05-01 17:29:17,435.22,0,0,0,0,0,0,0,0.00,0,1.00,4.86,2.90,2.33,0.50,D,0.00,12.00,12.00,12.00,2.58,^,0.00,,16.60,12.30,504,0.00,49.9,1,0,0.00,0.00,0.00,12.00,0.00,0.00,0,0,0.00,0
2026-05-01 17:29:18,436.22,0,0,0,0,0,0,0,0.00,0,1.00,4.86,2.90,3.09,1.00,D,0.00,12.00,12.00,12.00,2.25,^,0.00,,17.40,12.20,504,0.00,48.3,1,0,0.00,0.00,0.00,12.00,0.00,0.00,0,0,0.00,0
2026-05-01 17:29:19,437.23,0,0,0,0,0,0,0,0.00,0,1.00,4.86,2.90,3.65,1.00,D,0.00,12.00,12.00,12.00,2.18,^,0.00,,16.40,12.30,504,0.00,48.8,1,0,0.00,0.00,0.00,12.00,0.00,0.00,0,0,0.00,0
2026-05-01 17:29:20,438.25,0,0,0,0,0,0,0,0.00,0,1.00,4.86,2.91,3.96,1.00,D,0.00,12.00,12.00,12.00,2.25,^,0.00,,16.70,12.30,504,0.00,48.3,1,0,0.00,0.00,0.00,12.00,0.00,0.00,0,0,0.00,0
2026-05-01 17:29:21,439.36,0,0,0,0,0,0,0,0.00,0,1.00,4.86,2.91,3.86,1.00,D,0.00,12.00,12.00,12.00,2.22,^,0.00,,19.00,12.30,504,0.00,48.8,1,0,0.00,0.00,0.00,12.00,0.00,0.00,0,0,0.00,0
2026-05-01 17:29:22,440.27,0,0,0,0,0,0,0,-0.25,0,1.00,4.86,2.91,4.02,1.00,D,0.00,12.00,12.00,12.00,2.28,^,0.00,,16.90,12.30,504,0.00,48.8,1,0,0.00,0.00,0.00,12.00,0.00,0.00,0,0,0.00,0
2026-05-01 17:29:23,441.27,0,0,0,0,0,0,0,0.00,0,0.88,4.86,2.91,3.64,0.80,D,0.00,12.00,12.00,12.00,2.29,^,0.00,,16.80,12.30,504,0.00,49.9,1,0,0.00,0.00,0.00,12.00,0.00,0.00,0,0,0.00,0
2026-05-01 17:29:24,442.39,0,0,0,0,0,0,0,0.00,0,1.00,4.86,2.91,3.51,1.00,D,0.00,12.00,12.00,12.00,2.19,^,0.00,,19.70,12.30,504,0.00,47.7,1,0,0.00,0.00,0.00,12.00,0.00,0.00,0,0,0.00,0
2026-05-01 17:29:25,443.29,0,0,0,0,0,0,0,0.00,0,0.15,4.86,2.92,3.96,0.93,D,0.00,12.00,12.00,12.00,2.31,^,0.00,,17.60,12.30,504,0.00,48.8,1,0,0.00,0.00,0.00,12.00,0.00,0.00,0,0,0.00,0
2026-05-01 17:29:26,444.31,0,0,0,0,0,0,0,-0.22,0,1.00,4.86,2.92,3.46,0.84,D,0.00,12.00,12.00,12.00,2.26,^,0.00,,16.60,12.30,504,0.00,47.2,1,0,0.00,0.00,0.00,12.00,0.00,0.00,0,0,0.00,0
2026-05-01 17:29:27,445.32,0,0,0,0,0,0,0,0.00,0,1.00,4.86,2.92,3.51,0.79,D,0.00,12.00,12.00,12.00,2.22,^,0.00,,18.30,12.30,504,0.00,49.9,1,0,0.00,0.00,0.00,12.00,0.00,0.00,0,0,0.00,0
2026-05-01 17:29:28,446.33,0,0,0,0,0,0,0,0.00,0,0.17,4.86,2.92,3.21,0.30,D,0.00,12.00,12.00,12.00,2.21,^,0.00,,17.60,12.30,504,0.00,48.3,1,0,0.00,0.00,0.00,12.00,0.00,0.00,0,0,0.00,0
2026-05-01 17:29:29,447.34,1,0,0,0,0,0,0,-0.00,0,1.00,4.86,2.92,2.42,0.01,D,0.00,2.55,12.00,12.00,2.19,^,-0.19,,16.00,12.30,504,0.00,48.8,1,0,0.00,0.00,0.00,2.55,-0.00,1.00,0,0,0.00,0
2026-05-01 17:29:30,448.35,0,0,0,0,0,0,0,0.00,0,0.00,4.86,2.92,0.00,0.00,D,0.00,12.00,12.00,12.00,1.57,^,0.00,,15.10,12.30,504,0.01,47.7,1,0,0.00,0.00,0.00,12.00,0.00,0.00,0,0,0.00,0
2026-05-01 17:29:31,449.37,0,0,0,0,0,0,0,0.00,0,1.00,4.86,2.91,0.01,0.33,D,0.00,12.00,12.00,12.00,0.76,^,0.00,,14.00,12.30,504,0.04,48.8,1,0,0.00,0.00,0.00,12.00,0.00,0.00,0,0,0.00,0
2026-05-01 17:29:32,450.38,1,0,0,0,0,0,0,-0.16,0,1.00,4.86,2.90,0.49,0.64,D,0.00,12.00,12.00,12.00,0.62,^,-9.60,,14.90,12.20,504,0.00,48.3,1,0,0.00,0.00,0.00,12.00,-0.16,1.00,0,0,0.00,0
2026-05-01 17:29:33,451.39,1,0,0,0,0,0,0,-0.07,0,1.00,4.86,2.90,2.90,1.00,D,0.00,12.00,12.00,2.51,1.03,^,-4.43,,16.60,12.30,504,0.00,47.2,1,0,0.00,0.00,0.00,12.00,-0.07,1.00,0,0,0.00,0
2026-05-01 17:29:34,452.39,1,0,0,0,0,0,0,0.14,0,1.00,4.86,2.90,3.74,1.00,D,0.00,12.00,12.00,12.00,1.28,^,8.48,,15.90,12.30,504,0.00,48.8,1,0,0.00,0.00,0.00,12.00,0.14,1.00,0,0,0.00,0
2026-05-01 17:29:35,453.50,1,0,0,0,0,0,0,-0.15,0,1.00,4.86,2.90,4.04,1.00,D,0.00,12.00,12.00,12.00,1.38,^,-8.79,,17.20,12.30,504,0.00,47.2,1,0,0.00,0.00,0.00,12.00,-0.15,1.00,0,0,0.00,0
2026-05-01 17:29:36,454.41,1,0,0,0,0,0,0,0.12,0,1.00,4.86,2.91,4.21,1.00,D,0.00,12.00,12.00,12.00,1.64,^,7.18,,16.30,12.30,504,0.00,47.2,1,0,0.00,0.00,0.00,12.00,0.12,1.00,0,0,0.00,0
2026-05-01 17:29:37,455.42,1,0,0,0,0,0,0,0.20,0,1.00,4.86,2.91,4.19,1.00,D,0.00,12.00,12.00,2.41,1.90,^,12.13,,14.50,12.30,504,0.00,49.9,1,0,0.00,0.00,0.00,12.00,0.20,1.00,0,0,0.00,0
2026-05-01 17:29:38,456.44,1,0,0,0,0,0,0,0.12,0,1.00,4.86,2.91,4.21,1.00,D,0.00,12.00,12.00,2.11,2.03,^,7.41,,13.30,12.30,504,0.00,49.4,1,0,0.00,0.00,0.00,12.00,0.12,1.00,0,0,0.00,0
2026-05-01 17:29:39,457.45,1,0,0,0,0,0,0,-0.10,0,1.00,4.86,2.92,4.33,1.00,D,0.00,12.00,12.00,12.00,2.24,^,-6.12,,14.30,12.30,504,0.00,49.4,1,0,0.00,0.00,0.00,12.00,-0.10,1.00,0,0,0.00,0
2026-05-01 17:29:40,458.46,1,0,0,0,0,0,0,0.10,0,1.00,4.86,2.92,4.42,1.00,D,0.00,12.00,12.00,12.00,2.30,^,5.71,,13.10,12.30,504,0.00,49.9,1,0,0.00,0.00,0.00,12.00,0.10,1.00,0,0,0.00,0
2026-05-01 17:29:41,459.48,1,0,0,0,0,0,0,-0.08,0,1.00,4.86,2.92,4.34,1.00,D,0.00,12.00,12.00,2.66,2.25,^,-4.78,,15.60,12.30,504,0.00,48.8,1,0,0.00,0.00,0.00,12.00,-0.08,1.00,0,0,0.00,0
2026-05-01 17:29:42,460.48,1,0,0,0,0,0,0,-0.05,0,1.00,4.86,2.93,4.51,1.00,D,0.00,12.00,12.00,2.13,2.17,^,-2.73,,16.50,12.20,504,0.00,48.8,1,0,0.00,0.00,0.00,12.00,-0.05,1.00,0,0,0.00,0
2026-05-01 17:29:43,461.49,1,0,0,0,0,0,0,-0.00,0,1.00,4.86,2.93,4.41,1.00,D,0.00,12.00,12.00,1.50,1.52,^,-0.06,,16.00,12.30,504,0.00,49.4,1,0,0.00,0.00,0.00,12.00,-0.00,1.00,0,0,0.00,0
2026-05-01 17:29:44,462.50,1,0,0,0,0,0,0,0.03,0,1.00,4.86,2.93,4.32,1.00,D,0.00,12.00,12.00,1.30,1.46,^,2.00,,15.90,12.30,504,0.00,49.4,1,0,0.00,0.00,0.00,12.00,0.03,1.00,0,0,0.00,0
2026-05-01 17:29:45,463.62,1,0,0,0,0,0,0,0.18,0,1.00,4.86,2.94,4.32,1.00,D,0.00,12.00,12.00,1.54,1.46,^,10.84,,17.40,12.30,504,0.00,48.8,1,0,0.00,0.00,0.00,12.00,0.18,1.00,0,0,0.00,0
2026-05-01 17:29:46,464.52,1,0,0,0,0,0,0,0.02,0,1.00,4.86,2.94,4.30,1.00,D,0.00,12.00,12.00,12.00,2.23,^,1.17,,17.20,12.20,504,0.00,48.8,1,0,0.00,0.00,0.00,12.00,0.02,1.00,0,0,0.00,0
2026-05-01 17:29:47,465.53,1,0,0,0,0,0,0,-0.06,0,1.00,4.86,2.94,4.43,1.00,D,0.00,12.00,12.00,12.00,2.35,^,-3.68,,16.70,12.30,504,0.00,49.4,1,0,0.00,0.00,0.00,12.00,-0.06,1.00,0,0,0.00,0
2026-05-01 17:29:48,466.54,1,0,0,0,0,0,0,-0.07,0,1.00,4.86,2.95,4.41,1.00,D,0.00,12.00,12.00,12.00,2.44,^,-4.29,,17.60,12.30,504,0.00,48.3,1,0,0.00,0.00,0.00,12.00,-0.07,1.00,0,0,0.00,0
2026-05-01 17:29:49,467.65,1,0,0,0,0,0,0,-0.01,0,1.00,4.86,2.95,4.38,1.00,D,0.00,12.00,12.00,12.00,12.00,^,-0.36,,15.70,12.30,504,0.00,48.3,1,0,0.00,0.00,0.00,12.00,-0.01,1.00,0,0,0.00,0
2026-05-01 17:29:50,468.56,1,0,0,0,0,0,0,-0.01,0,1.00,4.86,2.95,4.42,1.00,D,0.00,12.00,12.00,12.00,12.00,^,-0.35,,17.30,12.30,504,0.00,48.3,1,0,0.00,0.00,0.00,12.00,-0.01,1.00,0,0,0.00,0
2026-05-01 17:29:51,469.57,1,0,0,0,0,0,0,0.08,0,1.00,4.86,2.96,4.49,1.00,D,0.00,12.00,12.00,12.00,12.00,^,4.60,,17.50,12.30,504,0.00,48.3,1,0,0.00,0.00,0.00,12.00,0.08,1.00,0,0,0.00,0
2026-05-01 17:29:52,470.59,1,0,0,0,0,0,0,0.09,0,1.00,4.86,2.96,4.38,1.00,D,0.00,12.00,12.00,12.00,12.00,^,5.37,,16.10,12.30,504,0.00,48.3,1,0,0.00,0.00,0.00,12.00,0.09,1.00,0,0,0.00,0
2026-05-01 17:29:54,471.70,1,0,0,0,0,0,0,-0.07,0,1.00,4.86,2.96,4.37,1.00,D,0.00,12.00,12.00,12.00,12.00,^,-4.23,,17.10,12.30,504,0.00,47.2,1,0,0.00,0.00,0.00,12.00,-0.07,1.00,0,0,0.00,0
2026-05-01 17:29:54,472.61,1,0,0,0,0,0,0,-0.00,0,1.00,4.86,2.96,4.54,1.00,D,0.00,12.00,12.00,12.00,12.00,^,-0.29,,18.50,12.30,504,0.00,47.7,1,0,0.00,0.00,0.00,12.00,-0.00,1.00,0,0,0.00,0
2026-05-01 17:29:55,473.62,1,0,0,0,0,0,0,-0.04,0,1.00,4.86,2.97,4.47,1.00,D,0.00,12.00,12.00,12.00,12.00,^,-2.66,,16.90,12.30,504,0.00,47.7,1,0,0.00,0.00,0.00,12.00,-0.04,1.00,0,0,0.00,0
2026-05-01 17:29:56,474.63,1,0,0,0,0,0,0,0.00,0,1.00,4.86,2.97,4.24,1.00,D,0.00,12.00,12.00,12.00,12.00,^,0.19,,17.10,12.30,504,0.00,47.2,1,0,0.00,0.00,0.00,12.00,0.00,1.00,0,0,0.00,0
2026-05-01 17:29:57,475.63,1,0,0,0,0,0,0,-0.03,0,1.00,4.86,2.97,4.43,1.00,D,0.00,3.87,12.00,12.00,12.00,^,-1.88,,17.20,12.30,504,0.00,48.3,1,0,0.00,0.00,0.00,3.87,-0.03,1.00,0,0,0.00,0
2026-05-01 17:29:58,476.64,1,0,0,0,0,0,0,0.05,0,1.00,4.86,2.98,4.37,1.00,D,0.00,2.19,12.00,2.22,12.00,^,2.90,,13.10,12.30,504,0.00,49.4,1,0,0.00,0.00,0.00,2.19,0.05,1.00,0,0,0.00,0
2026-05-01 17:29:59,477.65,1,0,0,0,0,0,0,-0.13,0,1.00,4.86,2.98,3.83,1.00,D,0.00,12.00,1.04,1.62,1.58,^,-7.85,,14.30,12.30,504,0.00,49.4,1,0,0.00,0.00,0.00,12.00,-0.13,1.00,0,0,0.00,0
2026-05-01 17:30:01,478.67,1,0,0,0,0,0,0,0.10,0,1.00,4.86,2.98,4.43,1.00,D,0.00,12.00,0.63,12.00,0.63,^,6.04,,14.70,12.30,504,0.00,49.4,1,0,0.00,0.00,0.00,12.00,0.10,1.00,0,0,0.00,0
2026-05-01 17:30:02,479.68,1,0,0,0,0,0,0,-0.11,0,1.00,4.86,2.98,4.08,1.00,D,0.00,12.00,0.77,12.00,0.77,^,-6.44,,13.80,12.30,504,0.00,49.4,1,0,0.00,0.00,0.00,12.00,-0.11,1.00,0,0,0.00,0
2026-05-01 17:30:03,480.69,1,0,0,0,0,0,0,-0.09,0,1.00,4.86,2.99,4.41,1.00,D,0.00,12.00,12.00,12.00,1.05,^,-5.15,,14.20,12.30,504,0.00,48.8,1,0,0.00,0.00,0.00,12.00,-0.09,1.00,0,0,0.00,0
2026-05-01 17:30:04,481.70,1,0,0,0,0,0,0,0.03,0,1.00,4.86,2.99,4.34,1.00,D,0.00,12.00,12.00,12.00,2.61,^,1.71,,17.40,12.30,504,0.00,48.8,1,0,0.00,0.00,0.00,12.00,0.03,1.00,0,0,0.00,0
2026-05-01 17:30:05,482.71,1,0,0,0,0,0,0,0.06,0,1.00,4.86,2.99,4.49,1.00,D,0.00,12.00,12.00,12.00,15.82,^,3.41,,16.50,12.30,504,0.00,48.3,1,0,0.00,0.00,0.00,12.00,0.06,1.00,0,0,0.00,0
2026-05-01 17:30:06,483.72,1,0,0,0,0,0,0,0.29,0,1.00,4.86,3.00,4.18,1.00,D,0.00,12.00,12.00,12.00,12.00,^,17.34,,17.40,12.30,504,0.00,49.4,1,0,0.00,0.00,0.00,12.00,0.29,1.00,0,0,0.00,0
2026-05-01 17:30:07,484.73,1,0,0,0,0,0,0,-0.10,0,1.00,4.86,3.00,4.17,1.00,D,0.00,12.00,12.00,1.81,12.00,^,-6.28,,18.10,12.30,504,0.00,48.8,1,0,0.00,0.00,0.00,12.00,-0.10,1.00,0,0,0.00,0
2026-05-01 17:30:08,485.75,1,0,0,0,0,0,0,-0.01,0,1.00,4.86,3.00,4.46,1.00,D,0.00,12.00,13.17,2.08,2.10,^,-0.82,,15.90,12.30,504,0.00,48.3,1,0,0.00,0.00,0.00,12.00,-0.01,1.00,0,0,0.00,0
2026-05-01 17:30:09,486.76,1,0,0,0,0,0,0,0.07,0,1.00,4.86,3.00,4.35,1.00,D,0.00,12.00,12.00,1.27,1.26,^,4.28,,17.10,12.30,504,0.00,47.7,1,0,0.00,0.00,0.00,12.00,0.07,1.00,0,0,0.00,0
2026-05-01 17:30:10,487.77,1,0,0,0,0,0,0,-0.08,0,1.00,4.86,3.01,4.37,1.00,D,0.00,12.00,12.00,12.00,1.76,^,-4.98,,16.60,12.30,504,0.00,47.7,1,0,0.00,0.00,0.00,12.00,-0.08,1.00,0,0,0.00,0
2026-05-01 17:30:11,488.79,1,0,0,0,0,0,0,-0.06,0,1.00,4.86,3.01,4.43,1.00,D,0.00,12.00,12.08,12.00,11.93,^,-3.86,,16.80,12.30,504,0.00,48.8,1,0,0.00,0.00,0.00,12.00,-0.06,1.00,0,0,0.00,0
2026-05-01 17:30:12,489.80,1,0,0,0,0,0,0,-0.11,0,1.00,4.86,3.01,4.44,1.00,D,0.00,12.00,12.00,12.00,12.00,^,-6.55,,15.70,12.30,504,0.00,47.2,1,0,0.00,0.00,0.00,12.00,-0.11,1.00,0,0,0.00,0
2026-05-01 17:30:13,490.82,1,0,0,0,0,0,0,-0.03,0,1.00,4.86,3.02,4.40,1.00,D,0.00,12.00,12.00,12.00,10.57,^,-1.76,,15.90,12.30,504,0.00,49.9,1,0,0.00,0.00,0.00,12.00,-0.03,1.00,0,0,0.00,0
2026-05-01 17:30:14,491.83,1,0,0,0,0,0,0,-0.04,0,1.00,4.86,3.02,4.42,1.00,D,0.00,12.00,12.00,12.00,12.14,^,-2.45,,13.30,12.30,504,0.00,48.8,1,0,0.00,0.00,0.00,12.00,-0.04,1.00,0,0,0.00,0
2026-05-01 17:30:15,492.94,1,0,0,0,0,0,0,-0.06,0,1.00,4.86,3.02,4.39,1.00,D,0.00,12.00,12.00,12.00,12.00,^,-3.34,,13.80,12.30,504,0.00,48.8,1,0,0.00,0.00,0.00,12.00,-0.06,1.00,0,0,0.00,0
2026-05-01 17:30:16,493.85,1,0,0,0,0,0,0,0.12,0,1.00,4.86,3.02,4.28,1.00,D,0.00,12.00,12.00,2.95,2.99,^,7.18,,14.00,12.30,504,0.00,49.9,1,0,0.00,0.00,0.00,12.00,0.12,1.00,0,0,0.00,0
2026-05-01 17:30:17,494.86,1,0,0,0,0,0,0,-0.09,0,1.00,4.86,3.03,4.34,1.00,D,0.00,12.00,12.00,2.08,12.00,^,-5.57,,12.00,12.30,504,0.00,49.4,1,0,0.00,0.00,0.00,12.00,-0.09,1.00,0,0,0.00,0
2026-05-01 17:30:18,495.87,1,0,0,0,0,0,0,0.00,0,1.00,4.86,3.03,4.40,1.00,D,0.00,12.00,12.00,1.93,1.93,^,0.29,,15.30,12.30,504,0.00,49.9,1,0,0.00,0.00,0.00,12.00,0.00,1.00,0,0,0.00,0
2026-05-01 17:30:19,496.88,1,0,0,0,0,0,0,0.02,0,1.00,4.86,3.03,4.30,1.00,D,0.00,12.00,1.25,1.61,1.64,^,1.39,,17.30,12.30,504,0.00,49.4,1,0,0.00,0.00,0.00,12.00,0.02,1.00,0,0,0.00,0
2026-05-01 17:30:20,497.99,1,0,0,0,0,0,0,-0.13,0,1.00,4.86,3.03,4.35,1.00,D,0.00,12.00,0.88,1.52,0.88,^,-7.57,,17.00,12.40,504,0.00,48.8,1,0,0.00,0.00,0.00,12.00,-0.13,1.00,0,0,0.00,0
2026-05-01 17:30:21,498.90,1,0,0,0,0,0,0,-0.03,0,1.00,4.86,3.04,4.37,1.00,D,0.00,12.00,12.00,12.00,1.60,^,-2.01,,18.00,12.30,504,0.00,49.4,1,0,0.00,0.00,0.00,12.00,-0.03,1.00,0,0,0.00,0
2026-05-01 17:30:22,499.91,1,0,0,0,0,0,0,-0.15,0,1.00,4.86,3.04,4.43,1.00,D,0.00,12.00,13.79,12.00,12.00,^,-8.89,,16.20,12.30,504,0.00,48.3,1,0,0.00,0.00,0.00,12.00,-0.15,1.00,0,0,0.00,0
2026-05-01 17:30:23,500.93,1,0,0,0,0,0,0,0.03,0,1.00,4.86,3.04,4.35,1.00,D,0.00,12.00,12.00,12.00,12.00,^,1.88,,16.20,12.30,504,0.00,47.7,1,0,0.00,0.00,0.00,12.00,0.03,1.00,0,0,0.00,0
2026-05-01 17:30:24,501.94,1,0,0,0,0,0,0,-0.03,0,1.00,4.86,3.05,4.32,1.00,D,0.00,12.00,13.75,12.00,12.00,^,-1.89,,17.30,12.30,504,0.00,48.8,1,0,0.00,0.00,0.00,12.00,-0.03,1.00,0,0,0.00,0
2026-05-01 17:30:25,502.95,1,0,0,0,0,0,0,-0.02,0,1.00,4.86,3.05,4.22,1.00,D,0.00,2.67,12.00,2.29,12.00,^,-1.24,,16.50,12.30,504,0.00,47.2,1,0,0.00,0.00,0.00,2.67,-0.02,1.00,0,0,0.00,0
2026-05-01 17:30:26,503.96,1,0,0,0,0,0,0,-0.14,0,1.00,4.86,3.05,4.41,1.00,D,0.00,12.00,12.00,1.65,1.81,^,-8.14,,17.80,12.30,504,0.00,47.2,1,0,0.00,0.00,0.00,12.00,-0.14,1.00,0,0,0.00,0
2026-05-01 17:30:27,504.97,1,0,0,0,0,0,0,-0.10,0,1.00,4.86,3.05,4.47,1.00,D,0.00,12.00,12.00,1.91,1.66,^,-5.79,,17.30,12.30,504,0.00,47.7,1,0,0.00,0.00,0.00,12.00,-0.10,1.00,0,0,0.00,0
2026-05-01 17:30:28,505.97,1,0,0,0,0,0,0,-0.15,0,1.00,4.86,3.06,4.28,1.00,D,0.00,12.00,12.00,12.00,2.32,^,-8.92,,16.90,12.30,504,0.00,48.3,1,0,0.00,0.00,0.00,12.00,-0.15,1.00,0,0,0.00,0
2026-05-01 17:30:29,506.99,1,0,0,0,0,0,0,0.02,0,1.00,4.86,3.06,4.45,1.00,D,0.00,12.00,12.00,12.00,12.00,^,1.03,,16.70,12.30,504,0.00,48.3,1,0,0.00,0.00,0.00,12.00,0.02,1.00,0,0,0.00,0
2026-05-01 17:30:30,508.00,1,0,0,0,0,0,0,0.05,0,1.00,4.86,3.06,4.38,1.00,D,0.00,12.00,12.00,12.00,2.45,^,2.77,,17.10,12.30,504,0.00,48.8,1,0,0.00,0.00,0.00,12.00,0.05,1.00,0,0,0.00,0
2026-05-01 17:30:31,509.01,1,0,0,0,0,0,0,-0.01,0,1.00,4.86,3.06,4.41,1.00,D,0.00,12.00,12.00,12.00,2.31,^,-0.57,,16.20,12.30,504,0.00,48.3,1,0,0.00,0.00,0.00,12.00,-0.01,1.00,0,0,0.00,0
2026-05-01 17:30:32,510.12,1,0,0,0,0,0,0,0.04,0,1.00,4.86,3.07,4.27,1.00,D,0.00,12.00,12.00,2.71,2.15,^,2.65,,17.30,12.30,504,0.00,47.7,1,0,0.00,0.00,0.00,12.00,0.04,1.00,0,0,0.00,0
2026-05-01 17:30:33,511.02,1,0,0,0,0,0,0,-0.05,0,1.00,4.86,3.07,4.43,1.00,D,0.00,12.00,12.00,2.32,1.61,^,-3.12,,15.20,12.30,504,0.00,48.3,1,0,0.00,0.00,0.00,12.00,-0.05,1.00,0,0,0.00,0
2026-05-01 17:30:34,512.04,1,0,0,0,0,0,0,-0.04,0,1.00,4.86,3.07,4.47,1.00,D,0.00,12.00,12.00,1.91,1.53,^,-2.33,,14.00,12.30,504,0.00,48.3,1,0,0.00,0.00,0.00,12.00,-0.04,1.00,0,0,0.00,0
2026-05-01 17:30:35,513.04,1,0,0,0,0,0,0,-0.09,0,1.00,4.86,3.08,4.46,1.00,D,0.00,12.00,12.00,2.20,1.50,^,-5.19,,13.30,12.30,504,0.00,49.9,1,0,0.00,0.00,0.00,12.00,-0.09,1.00,0,0,0.00,0
2026-05-01 17:30:36,514.05,1,0,0,0,0,0,0,-0.10,0,1.00,4.86,3.08,4.44,1.00,D,0.00,12.00,12.00,2.08,1.52,^,-5.93,,13.60,12.30,504,0.00,49.9,1,0,0.00,0.00,0.00,12.00,-0.10,1.00,0,0,0.00,0
2026-05-01 17:30:37,515.06,1,0,0,0,0,0,0,-0.07,0,1.00,4.86,3.08,4.45,1.00,D,0.00,12.00,12.00,1.93,1.55,^,-4.29,,14.40,12.30,504,0.00,48.3,1,0,0.00,0.00,0.00,12.00,-0.07,1.00,0,0,0.00,0
2026-05-01 17:30:38,516.08,1,0,0,0,0,0,0,0.11,0,1.00,4.86,3.08,4.41,1.00,D,0.00,12.00,12.00,2.38,1.73,^,6.70,,15.60,12.30,504,0.00,48.3,1,0,0.00,0.00,0.00,12.00,0.11,1.00,0,0,0.00,0
2026-05-01 17:30:39,517.09,1,0,0,0,0,0,0,-0.06,0,1.00,4.86,3.09,4.41,1.00,D,0.00,12.00,12.00,12.00,1.90,^,-3.86,,17.40,12.30,504,0.00,47.7,1,0,0.00,0.00,0.00,12.00,-0.06,1.00,0,0,0.00,0
2026-05-01 17:30:40,518.11,1,0,0,0,0,0,0,-0.11,0,1.00,4.86,3.09,4.41,1.00,D,0.00,12.00,12.00,12.00,1.93,^,-6.55,,16.80,12.30,504,0.00,48.8,1,0,0.00,0.00,0.00,12.00,-0.11,1.00,0,0,0.00,0
2026-05-01 17:30:41,519.12,1,0,0,0,0,0,0,-0.05,0,1.00,4.86,3.09,4.43,1.00,D,0.00,12.00,12.00,2.27,1.95,^,-2.99,,16.90,12.30,504,0.00,48.8,1,0,0.00,0.00,0.00,12.00,-0.05,1.00,0,0,0.00,0
2026-05-01 17:30:42,520.13,1,0,0,0,0,0,0,0.16,0,1.00,4.86,3.09,4.32,1.00,D,0.00,12.00,12.00,12.00,1.99,^,9.73,,16.40,12.30,504,0.00,48.8,1,0,0.00,0.00,0.00,12.00,0.16,1.00,0,0,0.00,0
2026-05-01 17:30:43,521.14,1,0,0,0,0,0,0,0.13,0,1.00,4.86,3.10,4.16,1.00,D,0.00,12.00,12.00,12.00,1.99,^,7.63,,16.20,12.30,504,0.00,48.3,1,0,0.00,0.00,0.00,12.00,0.13,1.00,0,0,0.00,0
2026-05-01 17:30:44,522.15,1,0,0,0,0,0,0,-0.07,0,1.00,4.86,3.10,4.31,1.00,D,0.00,12.00,12.00,12.00,1.96,^,-4.06,,16.60,12.30,504,0.00,48.8,1,0,0.00,0.00,0.00,12.00,-0.07,1.00,0,0,0.00,0
2026-05-01 17:30:45,523.16,1,0,0,0,0,0,0,-0.07,0,1.00,4.86,3.10,4.46,1.00,D,0.00,12.00,12.00,12.00,1.91,^,-4.19,,15.90,12.30,504,0.00,48.8,1,0,0.00,0.00,0.00,12.00,-0.07,1.00,0,0,0.00,0
2026-05-01 17:30:46,524.18,1,0,0,0,0,0,0,-0.13,0,1.00,4.86,3.10,4.39,1.00,D,0.00,12.00,12.00,12.00,1.90,^,-7.54,,14.70,12.30,504,0.00,48.3,1,0,0.00,0.00,0.00,12.00,-0.13,1.00,0,0,0.00,0
2026-05-01 17:30:47,525.19,1,0,0,0,0,0,0,0.04,0,1.00,4.86,3.11,4.44,1.00,D,0.00,12.00,12.00,12.00,1.90,^,2.18,,15.30,12.30,504,0.00,49.9,1,0,0.00,0.00,0.00,12.00,0.04,1.00,0,0,0.00,0
2026-05-01 17:30:48,526.30,1,0,0,0,0,0,0,-0.10,0,1.00,4.86,3.11,4.44,1.00,D,0.00,12.00,1.00,3.36,1.84,^,-6.04,,15.70,12.30,504,0.00,49.4,1,0,0.00,0.00,0.00,12.00,-0.10,1.00,0,0,0.00,0
2026-05-01 17:30:49,527.21,1,0,0,0,0,0,0,-0.06,0,1.00,4.86,3.11,4.53,1.00,D,0.00,12.00,1.14,3.20,0.98,^,-3.57,,14.20,12.30,504,0.00,49.4,1,0,0.00,0.00,0.00,12.00,-0.06,1.00,0,0,0.00,0
2026-05-01 17:30:50,528.22,1,0,0,0,0,0,0,-0.08,0,1.00,4.86,3.11,4.49,1.00,D,0.00,12.00,12.00,3.36,1.02,^,-4.88,,15.90,12.30,504,0.00,48.3,1,0,0.00,0.00,0.00,12.00,-0.08,1.00,0,0,0.00,0
2026-05-01 17:30:51,529.22,1,0,0,0,0,0,0,0.02,0,1.00,4.86,3.12,4.41,1.00,D,0.00,12.00,12.00,3.37,1.72,^,1.08,,16.10,12.30,504,0.00,49.4,1,0,0.00,0.00,0.00,12.00,0.02,1.00,0,0,0.00,0
2026-05-01 17:30:52,530.23,1,0,0,0,0,0,0,-0.07,0,1.00,4.86,3.12,4.44,1.00,D,0.00,12.00,12.00,3.61,1.71,^,-4.27,,16.40,12.30,504,0.00,50.5,1,0,0.00,0.00,0.00,12.00,-0.07,1.00,0,0,0.00,0
2026-05-01 17:30:53,531.24,1,0,0,0,0,0,0,0.11,0,1.00,4.86,3.12,4.35,1.00,D,0.00,12.00,12.00,3.56,1.76,^,6.64,,14.50,12.30,504,0.00,49.9,1,0,0.00,0.00,0.00,12.00,0.11,1.00,0,0,0.00,0
2026-05-01 17:30:54,532.26,1,0,0,0,0,0,0,-0.11,0,1.00,4.86,3.12,4.32,1.00,D,0.00,12.00,12.00,12.00,1.84,^,-6.71,,13.80,12.30,504,0.00,49.9,1,0,0.00,0.00,0.00,12.00,-0.11,1.00,0,0,0.00,0
2026-05-01 17:30:55,533.27,1,0,0,0,0,0,0,-0.00,0,1.00,4.86,3.13,4.45,1.00,D,0.00,12.00,12.00,3.39,1.92,^,-0.14,,15.10,12.30,504,0.00,50.5,1,0,0.00,0.00,0.00,12.00,-0.00,1.00,0,0,0.00,0
2026-05-01 17:30:56,534.28,1,0,0,0,0,0,0,0.02,0,1.00,4.86,3.13,4.40,1.00,D,0.00,12.00,14.84,12.00,1.97,^,1.16,,14.50,12.30,504,0.00,48.3,1,0,0.00,0.00,0.00,12.00,0.02,1.00,0,0,0.00,0
2026-05-01 17:30:57,535.29,1,0,0,0,0,0,0,0.00,0,1.00,4.86,3.13,4.36,1.00,D,0.00,12.00,1.51,12.00,2.04,^,0.16,,16.20,12.30,504,0.00,49.4,1,0,0.00,0.00,0.00,12.00,0.00,1.00,0,0,0.00,0
2026-05-01 17:30:58,536.40,1,0,0,0,0,0,0,0.07,0,1.00,4.86,3.13,4.38,1.00,D,0.00,12.00,0.59,12.00,0.58,^,4.29,,17.50,12.30,504,0.00,49.4,1,0,0.00,0.00,0.00,12.00,0.07,1.00,0,0,0.00,0
2026-05-01 17:30:59,537.31,1,0,0,0,0,0,0,-0.23,0,1.00,4.86,3.14,4.47,1.00,D,0.00,12.00,0.52,12.00,0.50,^,-13.70,,18.40,12.30,504,0.00,48.8,1,0,0.00,0.00,0.00,12.00,-0.23,1.00,0,0,0.00,0
2026-05-01 17:31:00,538.32,1,0,0,0,0,0,0,-0.26,0,1.00,4.86,3.14,4.35,1.00,D,0.00,12.00,0.66,12.00,0.61,^,-15.82,,16.40,12.30,504,0.00,47.7,1,0,0.00,0.00,0.00,12.00,-0.26,1.00,0,0,0.00,0
2026-05-01 17:31:01,539.34,1,0,0,0,0,0,0,0.10,0,1.00,4.86,3.14,4.42,1.00,D,0.00,12.00,14.74,12.00,1.24,^,5.93,,16.20,12.30,504,0.00,48.8,1,0,0.00,0.00,0.00,12.00,0.10,1.00,0,0,0.00,0
2026-05-01 17:31:02,540.35,1,0,0,0,0,0,0,0.05,0,1.00,4.86,3.14,4.30,1.00,D,0.00,12.00,12.00,12.00,2.40,^,2.97,,16.60,12.30,504,0.00,48.3,1,0,0.00,0.00,0.00,12.00,0.05,1.00,0,0,0.00,0
2026-05-01 17:31:03,541.36,1,0,0,0,0,0,0,0.11,0,1.00,4.86,3.14,4.35,1.00,D,0.00,12.00,11.90,12.00,2.40,^,6.86,,15.80,12.30,504,0.00,49.4,1,0,0.00,0.00,0.00,12.00,0.11,1.00,0,0,0.00,0
2026-05-01 17:31:04,542.37,1,0,0,0,0,0,0,0.14,0,1.00,4.86,3.15,4.41,1.00,D,0.00,12.00,12.00,12.00,2.36,^,8.26,,14.50,12.30,504,0.00,49.9,1,0,0.00,0.00,0.00,12.00,0.14,1.00,0,0,0.00,0
2026-05-01 17:31:05,543.39,1,0,0,0,0,0,0,0.10,0,1.00,4.86,3.15,4.75,1.00,D,0.00,12.00,12.00,3.36,2.47,^,5.86,,14.40,12.30,504,0.00,48.8,1,0,0.00,0.00,0.00,12.00,0.10,1.00,0,0,0.00,0
2026-05-01 17:31:06,544.40,1,0,0,0,0,0,0,0.16,0,1.00,5.13,3.15,4.81,1.00,D,0.00,12.00,12.00,1.85,12.00,^,9.65,,14.90,12.30,504,0.00,49.9,1,0,0.00,0.00,0.00,12.00,0.16,1.00,0,0,0.00,0
2026-05-01 17:31:07,545.41,1,0,0,0,0,0,0,0.00,0,1.00,5.13,3.16,4.44,1.00,D,0.00,12.00,12.00,3.17,12.00,^,0.04,,13.10,12.30,504,0.00,50.5,1,0,0.00,0.00,0.00,12.00,0.00,1.00,0,0,0.00,0
2026-05-01 17:31:08,546.43,1,0,0,0,0,0,0,-0.04,0,1.00,5.13,3.16,4.57,1.00,D,0.00,12.00,12.00,2.00,2.13,^,-2.47,,17.90,12.30,504,0.00,47.7,1,0,0.00,0.00,0.00,12.00,-0.04,1.00,0,0,0.00,0
2026-05-01 17:31:09,547.44,1,0,0,0,0,0,0,0.09,0,1.00,5.13,3.16,4.47,1.00,D,0.00,12.00,12.00,1.40,1.43,^,5.30,,16.30,12.30,504,0.00,48.3,1,0,0.00,0.00,0.00,12.00,0.09,1.00,0,0,0.00,0
2026-05-01 17:31:10,548.45,1,0,0,0,0,0,0,-0.02,0,1.00,5.13,3.16,4.39,1.00,D,0.00,12.00,12.00,1.68,1.52,^,-1.25,,13.90,12.30,504,0.00,49.9,1,0,0.00,0.00,0.00,12.00,-0.02,1.00,0,0,0.00,0
2026-05-01 17:31:11,549.46,1,0,0,0,0,0,0,-0.04,0,1.00,5.13,3.16,4.43,1.00,D,0.00,12.00,12.00,12.00,2.01,^,-2.53,,15.20,12.30,504,0.00,49.9,1,0,0.00,0.00,0.00,12.00,-0.04,1.00,0,0,0.00,0
2026-05-01 17:31:12,550.48,1,0,0,0,0,0,0,-0.12,0,1.00,5.13,3.17,4.37,1.00,D,0.00,12.00,12.00,12.00,1.94,^,-6.91,,14.10,12.30,504,0.00,49.9,1,0,0.00,0.00,0.00,12.00,-0.12,1.00,0,0,0.00,0
2026-05-01 17:31:13,551.49,1,0,0,0,0,0,0,-0.01,0,1.00,5.13,3.17,4.39,1.00,D,0.00,12.00,12.00,12.00,1.96,^,-0.53,,14.00,12.30,504,0.00,49.4,1,0,0.00,0.00,0.00,12.00,-0.01,1.00,0,0,0.00,0
2026-05-01 17:31:14,552.49,1,0,0,0,0,0,0,-0.09,0,1.00,5.13,3.17,4.31,1.00,D,0.00,12.00,12.00,12.00,2.00,^,-5.50,,17.20,12.30,504,0.00,49.9,1,0,0.00,0.00,0.00,12.00,-0.09,1.00,0,0,0.00,0
2026-05-01 17:31:15,553.50,1,0,0,0,0,0,0,0.12,0,1.00,5.13,3.17,4.47,1.00,D,0.00,2.17,12.00,12.00,2.03,^,7.48,,17.90,12.30,504,0.00,49.9,1,0,0.00,0.00,0.00,2.17,0.12,1.00,0,0,0.00,0
2026-05-01 17:31:16,554.52,1,0,0,0,0,0,0,-0.38,0,1.00,5.13,3.18,3.45,1.00,D,0.00,12.00,1.18,2.76,1.17,^,-22.77,,17.30,12.30,504,0.00,49.4,1,0,0.00,0.00,0.00,12.00,-0.38,1.00,0,0,0.00,0
2026-05-01 17:31:17,555.53,1,0,0,0,0,0,0,0.03,0,1.00,5.13,3.18,4.41,1.00,D,0.00,12.00,1.16,12.00,1.32,^,2.00,,17.10,12.30,504,0.00,49.4,1,0,0.00,0.00,0.00,12.00,0.03,1.00,0,0,0.00,0
2026-05-01 17:31:18,556.54,1,0,0,0,0,0,0,0.04,0,1.00,5.13,3.18,4.36,1.00,D,0.00,12.00,12.00,12.00,1.76,^,2.43,,15.00,12.30,504,0.00,49.4,1,0,0.00,0.00,0.00,12.00,0.04,1.00,0,0,0.00,0
2026-05-01 17:31:19,557.55,1,0,0,0,0,0,0,-0.08,0,1.00,5.13,3.18,4.41,1.00,D,0.00,12.00,12.00,12.00,1.76,^,-4.72,,13.30,12.30,504,0.00,48.8,1,0,0.00,0.00,0.00,12.00,-0.08,1.00,0,0,0.00,0
2026-05-01 17:31:20,558.56,1,0,0,0,0,0,0,-0.06,0,1.00,5.13,3.18,4.38,1.00,D,0.00,12.00,12.00,2.24,1.77,^,-3.35,,14.70,12.30,504,0.00,49.9,1,0,0.00,0.00,0.00,12.00,-0.06,1.00,0,0,0.00,0
2026-05-01 17:31:21,559.58,1,0,0,0,0,0,0,-0.02,0,1.00,5.13,3.19,4.41,1.00,D,0.00,12.00,12.00,1.98,1.82,^,-1.18,,14.20,12.30,504,0.00,49.9,1,0,0.00,0.00,0.00,12.00,-0.02,1.00,0,0,0.00,0
2026-05-01 17:31:23,560.69,1,0,0,0,0,0,0,-0.00,0,1.00,5.13,3.19,4.40,1.00,D,0.00,12.00,12.00,1.63,1.57,^,-0.28,,12.90,12.30,504,0.00,49.4,1,0,0.00,0.00,0.00,12.00,-0.00,1.00,0,0,0.00,0
2026-05-01 17:31:23,561.59,1,0,0,0,0,0,0,-0.10,0,1.00,5.13,3.19,4.33,1.00,D,0.00,12.00,12.00,1.84,1.83,^,-6.03,,16.80,12.30,504,0.00,49.9,1,0,0.00,0.00,0.00,12.00,-0.10,1.00,0,0,0.00,0
2026-05-01 17:31:24,562.60,1,0,0,0,0,0,0,0.10,0,1.00,5.13,3.19,4.37,1.00,D,0.00,12.00,12.00,2.03,1.84,^,5.83,,17.10,12.30,504,0.00,48.8,1,0,0.00,0.00,0.00,12.00,0.10,1.00,0,0,0.00,0
2026-05-01 17:31:25,563.62,1,0,0,0,0,0,0,-0.13,0,1.00,5.13,3.19,4.38,1.00,D,0.00,12.00,12.00,12.00,1.88,^,-7.70,,16.20,12.30,504,0.00,47.7,1,0,0.00,0.00,0.00,12.00,-0.13,1.00,0,0,0.00,0
2026-05-01 17:31:26,564.63,1,0,0,0,0,0,0,-0.03,0,1.00,5.13,3.20,4.33,1.00,D,0.00,12.00,12.00,2.24,1.93,^,-1.85,,17.60,12.30,504,0.00,48.8,1,0,0.00,0.00,0.00,12.00,-0.03,1.00,0,0,0.00,0
2026-05-01 17:31:28,565.75,1,0,0,0,0,0,0,-0.01,0,1.00,5.13,3.20,4.21,1.00,D,0.00,12.00,12.00,2.50,1.99,^,-0.76,,17.10,12.30,504,0.00,49.4,1,0,0.00,0.00,0.00,12.00,-0.01,1.00,0,0,0.00,0
2026-05-01 17:31:28,566.65,1,0,0,0,0,0,0,-0.06,0,1.00,5.13,3.20,4.10,1.00,D,0.00,12.00,0.82,12.00,0.89,^,-3.33,,16.50,12.30,504,0.00,47.7,1,0,0.00,0.00,0.00,12.00,-0.06,1.00,0,0,0.00,0
2026-05-01 17:31:30,567.76,1,0,0,0,0,0,0,-0.36,0,1.00,5.13,3.20,4.02,0.95,D,0.00,12.00,1.31,2.62,1.94,^,-21.64,,17.90,12.30,504,0.00,48.3,1,0,0.00,0.00,0.00,12.00,-0.36,1.00,0,0,0.00,0
2026-05-01 17:31:31,568.67,1,0,0,0,0,0,0,-0.00,0,1.00,5.13,3.20,4.32,1.00,D,0.00,12.00,1.80,2.33,0.86,^,-0.03,,16.30,12.30,504,0.00,48.8,1,0,0.00,0.00,0.00,12.00,-0.00,1.00,0,0,0.00,0
2026-05-01 17:31:32,569.68,1,0,0,0,0,0,0,0.14,0,1.00,5.13,3.20,4.20,1.00,D,0.00,12.00,12.00,2.25,1.90,^,8.45,,15.70,12.30,504,0.00,49.4,1,0,0.00,0.00,0.00,12.00,0.14,1.00,0,0,0.00,0
2026-05-01 17:31:33,570.79,1,0,0,0,0,0,0,-0.11,0,1.00,5.13,3.21,4.19,1.00,D,0.00,12.00,12.00,2.09,2.08,^,-6.81,,14.20,12.30,504,0.00,49.9,1,0,0.00,0.00,0.00,12.00,-0.11,1.00,0,0,0.00,0
2026-05-01 17:31:34,571.69,0,0,0,0,0,0,0,0.00,1,0.00,5.13,3.21,0.57,0.00,D,0.00,0.29,12.00,12.00,2.17,STOP_WARNING,0.00,aeb_stop,13.70,12.30,504,0.00,49.4,1,1,0.00,0.00,0.00,0.29,0.00,0.00,0,0,0.00,0
2026-05-01 17:31:35,572.71,0,0,0,1,0,0,0,-1.00,0,1.00,5.13,3.20,0.00,-0.29,R,0.00,0.31,12.00,2.40,1.55,STOP_WARNING,0.00,,12.40,12.30,504,0.06,49.9,1,0,0.00,0.00,0.00,0.31,0.00,0.00,0,0,0.00,0
2026-05-01 17:31:36,573.72,0,0,0,0,0,0,0,-1.00,0,0.52,5.13,3.20,0.50,-0.76,R,0.00,0.36,12.00,2.37,1.08,STOP_WARNING,0.00,,13.10,12.30,504,0.00,49.4,1,0,0.00,0.00,0.00,0.36,0.00,0.00,0,0,0.00,0
2026-05-01 17:31:37,574.73,0,0,1,0,0,0,0,1.00,0,1.00,5.13,3.19,0.00,0.14,D,0.00,12.00,0.62,2.41,0.80,^,0.00,,15.50,12.30,504,0.33,49.4,1,0,0.00,0.00,0.00,12.00,0.00,0.00,0,0,0.00,0
2026-05-01 17:31:38,575.74,0,0,0,0,0,0,0,0.00,0,0.00,5.13,3.19,0.01,0.12,D,0.00,12.00,0.61,2.39,0.36,^,0.00,,14.10,12.30,504,0.24,47.7,1,0,0.00,0.00,0.00,12.00,0.00,0.00,0,0,0.00,0
2026-05-01 17:31:39,576.75,0,0,0,0,0,0,0,0.00,0,0.00,5.13,3.18,0.00,0.00,D,0.00,12.00,0.61,2.37,0.14,^,0.00,,14.10,12.30,504,1.25,48.8,1,0,0.00,0.00,0.00,12.00,0.00,0.00,0,0,0.00,0
2026-05-01 17:31:40,577.76,0,0,0,0,0,0,0,0.00,0,0.00,5.13,3.17,0.00,0.00,D,0.00,2.71,0.61,2.37,0.12,^,0.00,,15.40,12.30,504,0.72,47.2,1,0,0.00,0.00,0.00,2.71,0.00,0.00,0,0,0.00,0
2026-05-01 17:31:41,578.77,0,0,0,0,0,0,0,0.00,0,0.00,5.13,3.17,0.00,0.00,D,0.00,12.00,0.14,2.33,0.11,^,0.00,,15.50,12.30,504,0.04,47.2,1,0,0.00,0.00,0.00,12.00,0.00,0.00,0,0,0.00,0
2026-05-01 17:31:42,579.79,0,0,0,0,0,0,0,0.00,0,0.00,5.13,3.16,0.00,0.00,D,0.00,12.00,0.61,2.39,0.12,^,0.00,,15.00,12.30,504,1.06,47.2,1,0,0.00,0.00,0.00,12.00,0.00,0.00,0,0,0.00,0
2026-05-01 17:31:43,580.79,0,0,0,0,0,0,0,0.00,0,0.00,5.13,3.16,0.00,0.00,D,0.00,2.70,0.58,2.37,0.12,^,0.00,,12.00,12.30,504,0.14,49.9,1,0,0.00,0.00,0.00,2.70,0.00,0.00,0,0,0.00,0
2026-05-01 17:31:44,581.81,1,0,0,0,0,0,0,0.21,0,1.00,5.13,3.15,0.01,0.25,D,0.00,2.61,0.58,2.38,0.32,^,12.51,,11.90,12.30,504,0.03,47.7,1,0,0.00,0.00,0.00,2.61,0.21,1.00,0,0,0.00,0
2026-05-01 17:31:45,582.82,1,0,0,0,0,0,0,0.22,0,1.00,5.13,3.15,0.62,0.76,D,0.00,2.65,0.54,2.38,0.47,^,13.37,,13.30,12.30,504,0.00,49.4,1,0,0.00,0.00,0.00,2.65,0.22,1.00,0,0,0.00,0
2026-05-01 17:31:46,583.84,1,0,0,0,0,0,0,-0.41,0,1.00,5.13,3.15,3.39,0.95,D,0.00,2.11,12.00,1.66,0.60,^,-24.86,,13.30,12.30,504,0.00,49.9,1,0,0.00,0.00,0.00,2.11,-0.41,1.00,0,0,0.00,0
2026-05-01 17:31:47,584.95,1,0,0,0,0,0,0,0.13,0,1.00,5.13,3.15,4.12,1.00,D,0.00,12.00,12.00,2.08,2.00,^,7.78,,14.70,12.30,504,0.00,48.8,1,0,0.00,0.00,0.00,12.00,0.13,1.00,0,0,0.00,0
2026-05-01 17:31:48,585.85,1,0,0,0,0,0,0,-0.04,0,1.00,5.13,3.15,4.30,1.00,D,0.00,12.00,12.00,2.30,2.36,^,-2.23,,17.10,12.30,504,0.00,48.3,1,0,0.00,0.00,0.00,12.00,-0.04,1.00,0,0,0.00,0
2026-05-01 17:31:49,586.86,1,0,0,0,0,0,0,-0.06,0,1.00,5.13,3.15,4.25,1.00,D,0.00,12.00,12.00,2.03,2.09,^,-3.66,,15.60,12.30,504,0.00,48.8,1,0,0.00,0.00,0.00,12.00,-0.06,1.00,0,0,0.00,0
2026-05-01 17:31:50,587.88,1,0,0,0,0,0,0,0.02,0,1.00,5.13,3.15,4.24,1.00,D,0.00,12.00,8.41,2.03,2.03,^,0.94,,16.80,12.30,504,0.00,49.9,1,0,0.00,0.00,0.00,12.00,0.02,1.00,0,0,0.00,0
2026-05-01 17:31:51,588.89,1,0,0,0,0,0,0,0.08,0,1.00,5.13,3.15,4.31,1.00,D,0.00,12.00,12.00,2.29,2.26,^,4.81,,14.50,12.30,504,0.00,48.8,1,0,0.00,0.00,0.00,12.00,0.08,1.00,0,0,0.00,0
2026-05-01 17:31:52,590.00,1,0,0,0,0,0,0,0.08,0,1.00,5.13,3.16,4.28,1.00,D,0.00,12.00,12.00,12.00,12.00,^,5.07,,13.30,12.30,504,0.00,48.3,1,0,0.00,0.00,0.00,12.00,0.08,1.00,0,0,0.00,0
2026-05-01 17:31:53,590.90,1,0,0,0,0,0,0,0.06,0,1.00,5.13,3.16,4.28,1.00,D,0.00,12.00,12.00,12.00,12.00,^,3.79,,14.50,12.30,504,0.00,49.4,1,0,0.00,0.00,0.00,12.00,0.06,1.00,0,0,0.00,0
2026-05-01 17:31:54,591.91,1,0,0,0,0,0,0,0.04,0,1.00,5.13,3.16,4.33,1.00,D,0.00,12.00,12.00,12.00,12.00,^,2.56,,14.50,12.30,504,0.00,50.5,1,0,0.00,0.00,0.00,12.00,0.04,1.00,0,0,0.00,0
2026-05-01 17:31:55,592.92,1,0,0,0,0,0,0,-0.03,0,1.00,5.13,3.16,4.22,1.00,D,0.00,12.00,12.00,12.00,12.00,^,-1.92,,13.20,12.20,504,0.00,49.9,1,0,0.00,0.00,0.00,12.00,-0.03,1.00,0,0,0.00,0
2026-05-01 17:31:56,594.03,1,0,0,0,0,0,0,-0.05,0,1.00,5.13,3.16,4.23,1.00,D,0.00,12.00,12.00,2.20,12.00,^,-2.74,,16.30,12.30,504,0.00,48.8,1,0,0.00,0.00,0.00,12.00,-0.05,1.00,0,0,0.00,0
2026-05-01 17:31:57,594.94,1,0,0,0,0,0,0,0.11,0,1.00,5.13,3.17,4.22,1.00,D,0.00,12.00,12.00,1.90,1.90,^,6.62,,17.30,12.30,504,0.00,49.4,1,0,0.00,0.00,0.00,12.00,0.11,1.00,0,0,0.00,0
2026-05-01 17:31:58,595.95,1,0,0,0,0,0,0,0.05,0,1.00,5.13,3.17,4.16,1.00,D,0.00,12.00,12.00,1.96,2.00,^,2.98,,16.70,12.30,504,0.00,48.3,1,0,0.00,0.00,0.00,12.00,0.05,1.00,0,0,0.00,0
2026-05-01 17:31:59,596.96,1,0,0,0,0,0,0,-0.06,0,1.00,5.13,3.17,4.16,1.00,D,0.00,12.00,12.00,2.02,2.09,^,-3.73,,16.20,12.30,504,0.00,48.8,1,0,0.00,0.00,0.00,12.00,-0.06,1.00,0,0,0.00,0
2026-05-01 17:32:00,597.97,1,0,0,0,0,0,0,0.04,0,1.00,5.13,3.17,4.01,1.00,D,0.00,12.00,12.00,2.28,1.99,^,2.26,,16.50,12.30,504,0.00,49.4,1,0,0.00,0.00,0.00,12.00,0.04,1.00,0,0,0.00,0
2026-05-01 17:32:01,599.08,1,0,0,0,0,0,0,0.01,0,1.00,5.13,3.17,4.21,1.00,D,0.00,12.00,12.00,2.21,2.25,^,0.79,,16.90,12.20,504,0.00,48.8,1,0,0.00,0.00,0.00,12.00,0.01,1.00,0,0,0.00,0
2026-05-01 17:32:02,599.99,1,0,0,0,0,0,0,0.03,0,1.00,5.13,3.17,4.21,1.00,D,0.00,12.00,12.00,2.28,2.30,^,2.08,,17.40,12.20,504,0.00,48.3,1,0,0.00,0.00,0.00,12.00,0.03,1.00,0,0,0.00,0
2026-05-01 17:32:03,601.10,1,0,0,0,0,0,0,-0.21,0,1.00,5.13,3.17,4.00,1.00,D,0.00,12.00,1.25,1.98,2.03,^,-12.43,,17.50,12.20,504,0.00,48.8,1,0,0.00,0.00,0.00,12.00,-0.21,1.00,0,0,0.00,0
2026-05-01 17:32:04,602.00,1,0,0,0,0,0,0,-0.02,0,1.00,5.13,3.18,4.25,1.00,D,0.00,12.00,1.05,2.08,1.17,^,-1.34,,16.00,12.30,504,0.00,48.3,1,0,0.00,0.00,0.00,12.00,-0.02,1.00,0,0,0.00,0
2026-05-01 17:32:05,603.02,0,0,0,0,0,0,0,-1.00,0,1.00,5.13,3.18,3.26,0.29,D,0.00,2.50,12.00,2.20,1.47,^,0.00,,16.60,12.30,504,0.00,48.3,1,0,0.00,0.00,0.00,2.50,0.00,0.00,0,0,0.00,0
2026-05-01 17:32:06,604.04,0,0,0,0,0,0,0,-1.00,0,1.00,5.13,3.18,1.15,0.80,D,0.00,12.00,12.00,1.98,1.99,^,0.00,,16.60,12.30,504,0.00,48.3,1,0,0.00,0.00,0.00,12.00,0.00,0.00,0,0,0.00,0
2026-05-01 17:32:07,605.03,0,0,0,0,0,0,0,0.00,0,0.25,5.13,3.17,2.96,0.87,D,0.00,1.31,1.99,12.00,2.52,^,0.00,,17.50,12.30,504,0.00,48.8,1,0,0.00,0.00,0.00,1.31,0.00,0.00,0,0,0.00,0
2026-05-01 17:32:08,606.04,1,0,0,0,0,0,0,-0.05,0,1.00,5.13,3.17,0.94,0.30,D,0.00,1.65,1.32,0.57,3.17,^,-2.94,,16.90,12.30,504,0.00,47.7,1,0,0.00,0.00,0.00,1.65,-0.05,1.00,0,0,0.00,0
2026-05-01 17:32:09,607.16,1,0,0,0,0,0,0,0.03,0,1.00,5.13,3.17,0.25,0.20,D,0.00,1.60,1.12,0.55,0.55,^,2.01,,15.80,12.30,504,0.01,47.2,1,0,0.00,0.00,0.00,1.60,0.03,1.00,0,0,0.00,0
2026-05-01 17:32:10,608.06,0,0,0,0,0,0,0,0.00,0,0.00,5.13,3.16,0.00,0.00,D,0.00,1.55,1.05,0.58,0.56,^,0.00,,15.00,12.30,504,0.19,48.3,1,0,0.00,0.00,0.00,1.55,0.00,0.00,0,0,0.00,0
2026-05-01 17:32:11,609.18,0,0,0,0,0,0,0,0.00,0,0.00,5.13,3.16,0.00,0.00,D,0.00,0.69,0.58,0.58,0.56,WARN_WARNING,0.00,,15.30,12.30,504,1.31,49.4,1,0,0.00,0.00,0.00,0.69,0.00,0.00,0,0,0.00,0
2026-05-01 17:32:12,610.08,0,0,0,0,0,0,0,0.00,1,0.00,5.13,3.15,0.00,0.00,D,0.00,0.30,0.47,0.58,0.56,STOP_WARNING,0.00,aeb_stop,14.20,12.30,504,0.05,47.7,1,1,0.00,0.00,0.00,0.30,0.00,0.00,0,0,0.00,0
2026-05-01 17:32:13,611.10,0,0,0,0,0,0,0,0.00,1,0.00,5.13,3.15,0.00,0.00,D,0.00,0.30,0.46,0.57,0.56,STOP_WARNING,0.00,aeb_stop,13.30,12.30,504,0.46,48.8,1,1,0.00,0.00,0.00,0.30,0.00,0.00,0,0,0.00,0
2026-05-01 17:32:14,612.11,0,0,0,0,0,0,0,0.00,1,0.00,5.13,3.14,0.00,0.00,D,0.00,0.31,0.47,0.58,0.56,STOP_WARNING,0.00,aeb_stop,15.00,12.20,504,0.02,49.4,1,1,0.00,0.00,0.00,0.31,0.00,0.00,0,0,0.00,0
2026-05-01 17:32:15,613.12,0,0,0,0,0,0,0,0.00,0,0.00,5.13,3.14,0.00,0.00,D,0.00,1.56,0.58,0.58,0.56,^,0.00,,16.20,12.30,504,1.03,48.8,1,0,0.00,0.00,0.00,1.56,0.00,0.00,0,0,0.00,0
2026-05-01 17:32:16,614.13,1,0,0,0,0,0,0,0.04,0,1.00,5.13,3.13,0.01,0.19,D,0.00,1.59,0.97,0.58,0.56,^,2.31,,14.40,12.30,504,0.04,48.3,1,0,0.00,0.00,0.00,1.59,0.04,1.00,0,0,0.00,0
2026-05-01 17:32:17,615.14,1,0,0,0,0,0,0,0.05,0,1.00,5.13,3.13,0.57,0.70,D,0.00,1.56,1.01,0.57,0.56,^,2.91,,15.90,12.30,504,0.00,48.8,1,0,0.00,0.00,0.00,1.56,0.05,1.00,0,0,0.00,0
2026-05-01 17:32:18,616.16,1,0,0,0,0,0,0,-0.01,0,1.00,5.13,3.12,3.65,1.00,D,0.00,12.00,12.00,0.76,0.76,^,-0.90,,15.60,12.30,504,0.00,46.6,1,0,0.00,0.00,0.00,12.00,-0.01,1.00,0,0,0.00,0
2026-05-01 17:32:19,617.17,1,0,0,0,0,0,0,-0.07,0,1.00,5.13,3.13,4.31,1.00,D,0.00,12.00,2.64,12.00,0.96,^,-4.01,,16.40,12.30,504,0.00,48.8,1,0,0.00,0.00,0.00,12.00,-0.07,1.00,0,0,0.00,0
2026-05-01 17:32:20,618.18,1,0,0,0,0,0,0,-0.03,0,1.00,5.13,3.13,4.36,1.00,D,0.00,12.00,2.31,12.00,1.20,^,-1.65,,16.90,12.30,504,0.00,47.2,1,0,0.00,0.00,0.00,12.00,-0.03,1.00,0,0,0.00,0
2026-05-01 17:32:21,619.30,1,0,0,0,0,0,0,-0.09,0,1.00,5.13,3.13,4.39,1.00,D,0.00,12.00,2.35,12.00,1.31,^,-5.55,,16.60,12.30,504,0.00,47.7,1,0,0.00,0.00,0.00,12.00,-0.09,1.00,0,0,0.00,0
2026-05-01 17:32:22,620.21,1,0,0,0,0,0,0,0.07,0,1.00,5.13,3.13,4.40,1.00,D,0.00,12.00,2.78,12.00,1.47,^,4.47,,22.80,12.30,504,0.00,48.8,1,0,0.00,0.00,0.00,12.00,0.07,1.00,0,0,0.00,0
2026-05-01 17:32:23,621.31,1,0,0,0,0,0,0,-0.15,0,1.00,5.13,3.13,4.32,1.00,D,0.00,12.00,2.68,12.00,1.57,^,-9.07,,21.30,12.30,504,0.00,47.7,1,0,0.00,0.00,0.00,12.00,-0.15,1.00,0,0,0.00,0
2026-05-01 17:32:24,622.22,1,0,0,0,0,0,0,-0.07,0,1.00,5.13,3.14,4.51,1.00,D,0.00,12.00,2.29,12.00,1.62,^,-4.16,,14.50,12.30,504,0.00,49.9,1,0,0.00,0.00,0.00,12.00,-0.07,1.00,0,0,0.00,0
2026-05-01 17:32:25,623.23,1,0,0,0,0,0,0,0.01,0,1.00,5.13,3.14,4.21,1.00,D,0.00,12.00,12.00,12.00,1.64,^,0.39,,13.80,12.30,504,0.00,49.9,1,0,0.00,0.00,0.00,12.00,0.01,1.00,0,0,0.00,0
2026-05-01 17:32:26,624.24,1,0,0,0,0,0,0,-0.25,0,1.00,5.13,3.14,4.39,1.00,D,0.00,12.00,12.00,12.00,1.56,^,-15.16,,14.70,12.30,504,0.00,49.4,1,0,0.00,0.00,0.00,12.00,-0.25,1.00,0,0,0.00,0
2026-05-01 17:32:27,625.26,1,0,0,0,0,0,0,-0.05,0,1.00,5.13,3.14,4.40,1.00,D,0.00,12.00,12.00,12.00,1.66,^,-2.88,,15.10,12.30,504,0.00,48.8,1,0,0.00,0.00,0.00,12.00,-0.05,1.00,0,0,0.00,0
2026-05-01 17:32:28,626.27,1,0,0,0,0,0,0,0.01,0,1.00,5.13,3.14,4.26,1.00,D,0.00,12.00,2.86,12.00,1.64,^,0.42,,15.60,12.30,504,0.00,47.7,1,0,0.00,0.00,0.00,12.00,0.01,1.00,0,0,0.00,0
2026-05-01 17:32:29,627.28,1,0,0,0,0,0,0,-0.08,0,1.00,5.13,3.15,4.31,1.00,D,0.00,12.00,2.75,12.00,1.59,^,-4.57,,17.10,12.20,504,0.00,48.3,1,0,0.00,0.00,0.00,12.00,-0.08,1.00,0,0,0.00,0
2026-05-01 17:32:30,628.29,1,0,0,0,0,0,0,-0.03,0,1.00,5.13,3.15,4.35,1.00,D,0.00,12.00,12.00,12.00,1.60,^,-1.68,,16.50,12.20,504,0.00,47.7,1,0,0.00,0.00,0.00,12.00,-0.03,1.00,0,0,0.00,0
2026-05-01 17:32:31,629.30,1,0,0,0,0,0,0,-0.16,0,1.00,5.13,3.15,4.38,1.00,D,0.00,12.00,12.00,12.00,1.58,^,-9.49,,15.70,12.30,504,0.00,47.7,1,0,0.00,0.00,0.00,12.00,-0.16,1.00,0,0,0.00,0
2026-05-01 17:32:32,630.31,1,0,0,0,0,0,0,-0.03,0,1.00,5.13,3.15,4.42,1.00,D,0.00,12.00,12.00,12.00,1.71,^,-1.97,,16.90,12.30,504,0.00,48.3,1,0,0.00,0.00,0.00,12.00,-0.03,1.00,0,0,0.00,0
2026-05-01 17:32:33,631.42,1,0,0,0,0,0,0,-0.13,0,1.00,5.13,3.15,4.37,1.00,D,0.00,12.00,12.00,12.00,1.98,^,-8.07,,17.10,12.30,504,0.00,47.2,1,0,0.00,0.00,0.00,12.00,-0.13,1.00,0,0,0.00,0
2026-05-01 17:32:34,632.32,0,0,0,0,0,0,0,-1.00,0,1.00,5.13,3.15,0.85,0.09,D,0.00,12.00,12.00,12.00,1.97,^,0.00,,14.70,12.30,504,0.00,48.3,1,0,0.00,0.00,0.00,12.00,0.00,0.00,0,0,0.00,0
2026-05-01 17:32:35,633.44,0,0,0,0,0,0,0,-1.00,0,1.00,5.13,3.15,0.13,0.59,D,0.00,12.00,12.00,12.00,1.12,^,0.00,,14.80,12.30,504,0.00,47.2,1,0,0.00,0.00,0.00,12.00,0.00,0.00,0,0,0.00,0
2026-05-01 17:32:36,634.34,0,0,0,0,0,0,0,0.00,0,0.00,5.13,3.15,1.45,0.58,D,0.00,12.00,12.00,12.00,0.95,^,0.00,,16.20,12.30,504,0.00,48.3,1,0,0.00,0.00,0.00,12.00,0.00,0.00,0,0,0.00,0
2026-05-01 17:32:37,635.45,0,0,0,0,0,0,0,0.26,0,0.43,5.13,3.14,1.85,0.43,D,0.00,12.00,12.00,12.00,1.12,^,0.00,,17.00,12.30,504,0.00,48.3,1,0,0.00,0.00,0.00,12.00,0.00,0.00,0,0,0.00,0
2026-05-01 17:32:38,636.36,0,0,0,0,0,0,0,0.00,0,1.00,5.13,3.14,1.09,0.42,D,0.00,12.00,2.27,0.93,1.36,^,0.00,,15.80,12.30,504,0.00,48.8,1,0,0.00,0.00,0.00,12.00,0.00,0.00,0,0,0.00,0
2026-05-01 17:32:39,637.47,0,0,0,0,0,0,0,0.00,0,0.55,5.13,3.14,1.87,0.77,D,0.00,12.00,2.21,12.00,0.72,^,0.00,,16.00,12.30,504,0.00,47.7,1,0,0.00,0.00,0.00,12.00,0.00,0.00,0,0,0.00,0
2026-05-01 17:32:40,638.38,0,0,0,0,0,0,0,-0.16,0,0.89,5.13,3.14,2.60,0.89,D,0.00,12.00,2.35,12.00,1.43,^,0.00,,15.90,12.30,504,0.00,47.2,1,0,0.00,0.00,0.00,12.00,0.00,0.00,0,0,0.00,0
2026-05-01 17:32:41,639.39,0,0,0,0,0,0,0,1.00,0,1.00,5.13,3.14,2.64,0.64,D,0.00,12.00,2.10,12.00,1.76,^,0.00,,14.10,12.30,504,0.00,48.3,1,0,0.00,0.00,0.00,12.00,0.00,0.00,0,0,0.00,0
2026-05-01 17:32:42,640.40,0,0,0,0,0,0,0,1.00,0,1.00,5.13,3.14,2.49,0.66,D,0.00,12.00,12.00,12.00,1.60,^,0.00,,14.00,12.30,504,0.00,49.4,1,0,0.00,0.00,0.00,12.00,0.00,0.00,0,0,0.00,0
2026-05-01 17:32:43,641.42,0,0,0,0,0,0,0,0.00,0,1.00,5.13,3.13,1.65,0.52,D,0.00,12.00,12.00,0.70,2.30,^,0.00,,14.00,12.30,504,0.00,48.8,1,0,0.00,0.00,0.00,12.00,0.00,0.00,0,0,0.00,0
2026-05-01 17:32:44,642.43,0,0,0,0,0,0,0,0.00,0,0.00,5.13,3.13,1.48,0.43,D,0.00,12.00,12.00,2.15,0.91,^,0.00,,14.20,12.30,504,0.00,48.3,1,0,0.00,0.00,0.00,12.00,0.00,0.00,0,0,0.00,0
2026-05-01 17:32:45,643.45,0,0,0,0,0,0,0,-0.24,0,0.97,5.13,3.13,0.58,0.39,D,0.00,12.00,12.00,2.00,1.30,^,0.00,,13.00,12.30,504,0.00,49.4,1,0,0.00,0.00,0.00,12.00,0.00,0.00,0,0,0.00,0
2026-05-01 17:32:46,644.46,1,0,0,0,0,0,0,0.09,0,1.00,5.13,3.12,0.10,0.35,D,0.00,12.00,12.00,2.04,1.53,^,5.35,,14.30,12.30,504,0.08,48.8,1,0,0.00,0.00,0.00,12.00,0.09,1.00,0,0,0.00,0
2026-05-01 17:32:47,645.57,0,0,0,0,0,0,0,0.19,0,0.00,5.13,3.12,0.94,0.00,D,0.00,12.00,12.00,2.12,1.68,^,0.00,,15.10,12.30,504,0.00,48.3,1,0,0.00,0.00,0.00,12.00,0.00,0.00,0,0,0.00,0
2026-05-01 17:32:48,646.47,0,0,0,0,0,0,0,0.65,0,1.00,5.13,3.12,0.00,0.43,D,0.00,12.00,12.00,2.05,1.75,^,0.00,,14.40,12.30,504,0.08,49.4,1,0,0.00,0.00,0.00,12.00,0.00,0.00,0,0,0.00,0
2026-05-01 17:32:49,647.49,0,0,0,0,0,0,0,0.14,0,0.54,5.13,3.11,1.24,0.54,D,0.00,12.00,0.74,1.99,1.71,^,0.00,,15.40,12.30,504,0.00,47.2,1,0,0.00,0.00,0.00,12.00,0.00,0.00,0,0,0.00,0
2026-05-01 17:32:50,648.50,1,0,0,0,0,0,0,-0.34,0,1.00,5.13,3.11,1.44,0.81,D,0.00,2.55,12.00,1.74,0.63,^,-20.70,,17.00,12.30,504,0.00,48.8,1,0,0.00,0.00,0.00,2.55,-0.34,1.00,0,0,0.00,0
2026-05-01 17:32:51,649.51,1,0,0,0,0,0,0,-0.10,0,1.00,5.13,3.11,3.83,1.00,D,0.00,12.00,12.00,1.97,1.77,^,-6.27,,15.80,12.30,504,0.00,46.6,1,0,0.00,0.00,0.00,12.00,-0.10,1.00,0,0,0.00,0
2026-05-01 17:32:52,650.53,1,0,0,0,0,0,0,-0.21,0,1.00,5.13,3.11,4.20,1.00,D,0.00,12.00,11.20,2.01,1.95,^,-12.85,,15.60,12.30,504,0.00,48.8,1,0,0.00,0.00,0.00,12.00,-0.21,1.00,0,0,0.00,0
2026-05-01 17:32:53,651.54,1,0,0,0,0,0,0,0.01,0,1.00,5.13,3.11,4.30,1.00,D,0.00,12.00,9.87,2.21,1.97,^,0.37,,14.60,12.30,504,0.00,49.9,1,0,0.00,0.00,0.00,12.00,0.01,1.00,0,0,0.00,0
2026-05-01 17:32:54,652.55,1,0,0,0,0,0,0,-0.04,0,1.00,5.13,3.11,4.23,1.00,D,0.00,12.00,8.73,2.11,2.04,^,-2.51,,13.00,12.30,504,0.00,50.5,1,0,0.00,0.00,0.00,12.00,-0.04,1.00,0,0,0.00,0
2026-05-01 17:32:56,653.66,1,0,0,0,0,0,0,0.00,0,1.00,5.13,3.11,4.26,1.00,D,0.00,12.00,7.83,2.16,2.12,^,0.30,,12.90,12.30,504,0.00,48.3,1,0,0.00,0.00,0.00,12.00,0.00,1.00,0,0,0.00,0
2026-05-01 17:32:56,654.57,1,0,0,0,0,0,0,-0.07,0,1.00,5.13,3.12,4.18,1.00,D,0.00,12.00,12.00,12.00,2.19,^,-4.05,,15.90,12.30,504,0.00,48.3,1,0,0.00,0.00,0.00,12.00,-0.07,1.00,0,0,0.00,0
2026-05-01 17:32:57,655.58,1,0,0,0,0,0,0,-0.01,0,1.00,5.13,3.12,4.28,1.00,D,0.00,12.00,12.00,12.00,2.26,^,-0.51,,15.50,12.30,504,0.00,49.9,1,0,0.00,0.00,0.00,12.00,-0.01,1.00,0,0,0.00,0
2026-05-01 17:32:58,656.59,1,0,0,0,0,0,0,0.02,0,1.00,5.13,3.12,4.24,1.00,D,0.00,12.00,12.00,12.00,2.34,^,1.03,,13.40,12.30,504,0.00,49.4,1,0,0.00,0.00,0.00,12.00,0.02,1.00,0,0,0.00,0
2026-05-01 17:32:59,657.59,1,0,0,0,0,0,0,-0.06,0,1.00,5.13,3.12,4.30,1.00,D,0.00,12.00,12.00,12.00,2.32,^,-3.66,,14.10,12.30,504,0.00,48.8,1,0,0.00,0.00,0.00,12.00,-0.06,1.00,0,0,0.00,0
2026-05-01 17:33:00,658.60,1,0,0,0,0,0,0,-0.02,0,1.00,5.13,3.12,4.22,1.00,D,0.00,12.00,12.00,2.62,2.20,^,-1.26,,14.90,12.30,504,0.00,49.4,1,0,0.00,0.00,0.00,12.00,-0.02,1.00,0,0,0.00,0
2026-05-01 17:33:01,659.61,1,0,0,0,0,0,0,0.01,0,1.00,5.13,3.12,4.10,1.00,D,0.00,12.00,12.00,1.78,2.10,^,0.87,,13.40,12.30,504,0.00,49.9,1,0,0.00,0.00,0.00,12.00,0.01,1.00,0,0,0.00,0
2026-05-01 17:33:02,660.63,1,0,0,0,0,0,0,0.07,0,1.00,5.13,3.13,4.18,1.00,D,0.00,12.00,12.00,1.83,1.86,^,4.33,,16.00,12.30,504,0.00,49.4,1,0,0.00,0.00,0.00,12.00,0.07,1.00,0,0,0.00,0
2026-05-01 17:33:03,661.64,1,0,0,0,0,0,0,-0.00,0,1.00,5.13,3.13,4.10,1.00,D,0.00,12.00,12.00,1.88,1.87,^,-0.01,,16.60,12.30,504,0.00,49.4,1,0,0.00,0.00,0.00,12.00,-0.00,1.00,0,0,0.00,0
2026-05-01 17:33:04,662.65,1,0,0,0,0,0,0,-0.02,0,1.00,5.13,3.13,4.17,1.00,D,0.00,12.00,12.00,1.84,1.78,^,-1.21,,16.60,12.30,504,0.00,48.3,1,0,0.00,0.00,0.00,12.00,-0.02,1.00,0,0,0.00,0
2026-05-01 17:33:06,663.77,1,0,0,0,0,0,0,-0.03,0,1.00,5.13,3.13,4.09,1.00,D,0.00,12.00,12.00,2.20,1.69,^,-1.96,,16.10,12.30,504,0.00,48.8,1,0,0.00,0.00,0.00,12.00,-0.03,1.00,0,0,0.00,0
2026-05-01 17:33:07,664.68,1,0,0,0,0,0,0,0.07,0,1.00,5.13,3.13,4.18,1.00,D,0.00,12.00,12.00,2.10,1.65,^,4.10,,16.30,12.30,504,0.00,48.8,1,0,0.00,0.00,0.00,12.00,0.07,1.00,0,0,0.00,0
2026-05-01 17:33:08,665.69,1,0,0,0,0,0,0,-0.09,0,1.00,5.13,3.13,4.20,1.00,D,0.00,12.00,1.80,2.17,1.65,^,-5.30,,16.80,12.30,504,0.00,47.7,1,0,0.00,0.00,0.00,12.00,-0.09,1.00,0,0,0.00,0
2026-05-01 17:33:09,666.70,1,0,0,0,0,0,0,-0.01,0,1.00,5.13,3.14,4.10,1.00,D,0.00,12.00,1.03,2.07,1.03,^,-0.38,,17.40,12.30,504,0.00,49.4,1,0,0.00,0.00,0.00,12.00,-0.01,1.00,0,0,0.00,0
2026-05-01 17:33:10,667.72,1,0,0,0,0,0,0,-0.02,0,1.00,5.13,3.14,4.12,1.00,D,0.00,12.00,12.00,2.28,1.01,^,-1.01,,15.80,12.30,504,0.00,48.3,1,0,0.00,0.00,0.00,12.00,-0.02,1.00,0,0,0.00,0
2026-05-01 17:33:11,668.72,1,0,0,0,0,0,0,0.01,0,1.00,5.13,3.14,4.13,1.00,D,0.00,12.00,12.00,2.17,1.51,^,0.60,,17.20,12.30,504,0.00,48.8,1,0,0.00,0.00,0.00,12.00,0.01,1.00,0,0,0.00,0
2026-05-01 17:33:12,669.73,1,0,0,0,0,0,0,-0.05,0,1.00,5.13,3.14,4.10,1.00,D,0.00,12.00,12.00,2.23,1.56,^,-3.30,,16.50,12.30,504,0.00,48.8,1,0,0.00,0.00,0.00,12.00,-0.05,1.00,0,0,0.00,0
2026-05-01 17:33:13,670.74,1,0,0,0,0,0,0,-0.14,0,1.00,5.13,3.14,4.08,1.00,D,0.00,15.39,1.40,2.12,1.38,^,-8.38,,16.80,12.30,504,0.00,48.3,1,0,0.00,0.00,0.00,15.39,-0.14,1.00,0,0,0.00,0
2026-05-01 17:33:14,671.85,1,0,0,0,0,0,0,-0.01,0,1.00,5.13,3.14,4.22,1.00,D,0.00,12.00,12.00,12.00,1.08,^,-0.70,,16.60,12.30,504,0.00,48.3,1,0,0.00,0.00,0.00,12.00,-0.01,1.00,0,0,0.00,0
2026-05-01 17:33:15,672.75,1,0,0,0,0,0,0,-0.04,0,1.00,5.13,3.14,4.14,1.00,D,0.00,11.78,12.00,12.00,1.57,^,-2.70,,15.90,12.30,504,0.00,48.3,1,0,0.00,0.00,0.00,11.78,-0.04,1.00,0,0,0.00,0
2026-05-01 17:33:16,673.86,1,0,0,0,0,0,0,-0.03,0,1.00,5.13,3.15,4.14,1.00,D,0.00,2.85,12.00,2.55,1.55,^,-1.58,,15.50,12.30,504,0.00,48.3,1,0,0.00,0.00,0.00,2.85,-0.03,1.00,0,0,0.00,0
2026-05-01 17:33:17,674.77,1,0,0,0,0,0,0,0.10,0,1.00,5.13,3.15,4.15,1.00,D,0.00,12.00,12.00,1.58,1.63,^,6.13,,15.90,12.20,504,0.00,48.8,1,0,0.00,0.00,0.00,12.00,0.10,1.00,0,0,0.00,0
2026-05-01 17:33:18,675.77,1,0,0,0,0,0,0,-0.05,0,1.00,5.13,3.15,4.06,1.00,D,0.00,6.97,12.00,1.40,1.37,^,-3.18,,14.20,12.30,504,0.00,49.4,1,0,0.00,0.00,0.00,6.97,-0.05,1.00,0,0,0.00,0
2026-05-01 17:33:19,676.77,1,0,0,0,0,0,0,-0.08,0,1.00,5.13,3.15,4.20,1.00,D,0.00,5.38,12.00,12.00,1.63,^,-4.90,,13.70,12.30,504,0.00,49.9,1,0,0.00,0.00,0.00,5.38,-0.08,1.00,0,0,0.00,0
2026-05-01 17:33:20,677.78,1,0,0,0,0,0,0,-0.08,0,1.00,5.13,3.15,4.14,1.00,D,0.00,12.00,12.00,2.19,1.64,^,-4.80,,14.00,12.30,504,0.00,49.9,1,0,0.00,0.00,0.00,12.00,-0.08,1.00,0,0,0.00,0
2026-05-01 17:33:21,678.80,1,0,0,0,0,0,0,-0.10,0,1.00,5.13,3.15,4.11,1.00,D,0.00,12.00,12.00,1.99,1.56,^,-6.06,,14.60,12.30,504,0.00,48.8,1,0,0.00,0.00,0.00,12.00,-0.10,1.00,0,0,0.00,0
2026-05-01 17:33:22,679.81,1,0,0,0,0,0,0,-0.20,0,1.00,5.13,3.15,4.12,1.00,D,0.00,12.00,0.92,1.76,1.48,^,-11.83,,15.80,12.40,504,0.00,47.7,1,0,0.00,0.00,0.00,12.00,-0.20,1.00,0,0,0.00,0
2026-05-01 17:33:23,680.82,1,0,0,0,0,0,0,-0.01,0,1.00,5.13,3.16,4.08,1.00,D,0.00,12.00,0.84,2.13,0.82,^,-0.53,,16.50,12.40,504,0.00,49.4,1,0,0.00,0.00,0.00,12.00,-0.01,1.00,0,0,0.00,0
2026-05-01 17:33:24,681.82,1,0,0,0,0,0,0,-0.16,0,1.00,5.13,3.16,4.09,1.00,D,0.00,12.00,0.71,1.99,0.76,^,-9.43,,17.40,12.40,504,0.00,48.8,1,0,0.00,0.00,0.00,12.00,-0.16,1.00,0,0,0.00,0
2026-05-01 17:33:25,682.84,1,0,0,0,0,0,0,-0.03,0,1.00,5.13,3.16,4.19,1.00,D,0.00,12.00,12.00,1.79,0.82,^,-2.08,,17.40,12.30,504,0.00,49.4,1,0,0.00,0.00,0.00,12.00,-0.03,1.00,0,0,0.00,0
2026-05-01 17:33:26,683.85,1,0,0,0,0,0,0,-0.45,0,1.00,5.13,3.16,4.10,1.00,D,0.00,12.00,12.00,1.87,1.18,^,-26.92,,16.50,12.30,504,0.00,48.8,1,0,0.00,0.00,0.00,12.00,-0.45,1.00,0,0,0.00,0
2026-05-01 17:33:27,684.87,1,0,0,0,0,0,0,0.15,0,1.00,5.13,3.16,4.25,1.00,D,0.00,12.00,12.00,12.00,1.12,^,8.71,,16.00,12.40,504,0.00,48.8,1,0,0.00,0.00,0.00,12.00,0.15,1.00,0,0,0.00,0
2026-05-01 17:33:28,685.88,1,0,0,0,0,0,0,-0.14,0,1.00,5.13,3.16,4.02,1.00,D,0.00,12.00,12.00,12.00,1.03,^,-8.20,,17.10,12.40,504,0.00,47.7,1,0,0.00,0.00,0.00,12.00,-0.14,1.00,0,0,0.00,0
2026-05-01 17:33:29,686.89,1,0,0,0,0,0,0,-0.07,0,1.00,5.13,3.16,4.12,1.00,D,0.00,12.00,12.00,12.00,1.04,^,-4.05,,17.00,12.40,504,0.00,48.8,1,0,0.00,0.00,0.00,12.00,-0.07,1.00,0,0,0.00,0
2026-05-01 17:33:30,687.91,1,0,0,0,0,0,0,-0.02,0,1.00,5.13,3.17,4.11,1.00,D,0.00,12.00,12.00,12.00,1.05,^,-1.17,,16.90,12.50,504,0.00,48.8,1,0,0.00,0.00,0.00,12.00,-0.02,1.00,0,0,0.00,0
2026-05-01 17:33:31,688.92,1,0,0,0,0,0,0,-0.08,0,1.00,5.13,3.17,4.09,1.00,D,0.00,12.00,12.00,12.00,1.14,^,-4.63,,15.90,12.60,504,0.00,48.3,1,0,0.00,0.00,0.00,12.00,-0.08,1.00,0,0,0.00,0
2026-05-01 17:33:32,690.03,1,0,0,0,0,0,0,0.09,0,1.00,5.13,3.17,4.03,1.00,D,0.00,12.00,12.00,12.00,1.31,^,5.15,,16.10,12.90,504,0.00,47.7,1,0,0.00,0.00,0.00,12.00,0.09,1.00,0,0,0.00,0
2026-05-01 17:33:33,690.94,1,0,0,0,0,0,0,-0.06,0,1.00,5.13,3.17,4.13,1.00,D,0.00,12.00,12.00,12.00,1.39,^,-3.69,,14.80,12.90,504,0.00,48.8,1,0,0.00,0.00,0.00,12.00,-0.06,1.00,0,0,0.00,0
2026-05-01 17:33:34,691.95,1,0,0,0,0,0,0,0.02,0,1.00,5.13,3.17,3.98,1.00,D,0.00,12.00,12.00,12.00,1.61,^,1.26,,13.10,12.90,504,0.00,49.4,1,0,0.00,0.00,0.00,12.00,0.02,1.00,0,0,0.00,0
2026-05-01 17:33:35,692.97,1,0,0,0,0,0,0,-0.02,0,1.00,5.13,3.17,4.13,1.00,D,0.00,12.00,12.00,12.00,1.62,^,-1.49,,14.40,12.80,504,0.00,49.4,1,0,0.00,0.00,0.00,12.00,-0.02,1.00,0,0,0.00,0
2026-05-01 17:33:36,693.98,1,0,0,0,0,0,0,-0.01,0,1.00,5.13,3.17,4.00,1.00,D,0.00,12.00,12.00,1.92,1.57,^,-0.37,,12.90,12.80,504,0.00,48.3,1,0,0.00,0.00,0.00,12.00,-0.01,1.00,0,0,0.00,0
2026-05-01 17:33:37,694.99,1,0,0,0,0,0,0,0.10,0,1.00,5.13,3.18,4.14,1.00,D,0.00,12.00,12.00,1.75,1.57,^,5.94,,13.30,12.70,504,0.00,49.9,1,0,0.00,0.00,0.00,12.00,0.10,1.00,0,0,0.00,0
2026-05-01 17:33:38,696.00,1,0,0,0,0,0,0,0.00,0,1.00,5.13,3.18,4.07,1.00,D,0.00,12.00,12.00,2.08,1.53,^,0.19,,15.40,12.90,504,0.00,49.9,1,0,0.00,0.00,0.00,12.00,0.00,1.00,0,0,0.00,0
2026-05-01 17:33:39,697.02,1,0,0,0,0,0,0,0.15,0,1.00,5.13,3.18,4.30,1.00,D,0.00,12.00,12.00,1.66,1.59,^,8.77,,16.70,12.80,504,0.00,48.3,1,0,0.00,0.00,0.00,12.00,0.15,1.00,0,0,0.00,0
2026-05-01 17:33:40,698.03,1,0,0,0,0,0,0,0.14,0,1.00,5.13,3.18,4.23,1.00,D,0.00,12.00,12.00,12.00,1.70,^,8.53,,17.70,12.70,504,0.00,47.7,1,0,0.00,0.00,0.00,12.00,0.14,1.00,0,0,0.00,0
2026-05-01 17:33:41,699.04,1,0,0,0,0,0,0,-0.18,0,1.00,5.13,3.18,3.76,1.00,D,0.00,12.00,12.00,1.46,1.46,^,-10.52,,17.40,12.80,504,0.00,47.7,1,0,0.00,0.00,0.00,12.00,-0.18,1.00,0,0,0.00,0
2026-05-01 17:33:42,700.15,1,0,0,0,0,0,0,0.04,0,1.00,5.13,3.18,4.07,1.00,D,0.00,12.00,12.00,12.00,1.44,^,2.19,,16.50,12.80,504,0.00,48.8,1,0,0.00,0.00,0.00,12.00,0.04,1.00,0,0,0.00,0
2026-05-01 17:33:43,701.06,1,0,0,0,0,0,0,0.02,0,1.00,5.13,3.18,4.09,1.00,D,0.00,12.00,12.00,12.00,1.58,^,1.34,,16.40,12.70,504,0.00,48.8,1,0,0.00,0.00,0.00,12.00,0.02,1.00,0,0,0.00,0
2026-05-01 17:33:44,702.07,1,0,0,0,0,0,0,-0.11,0,1.00,5.13,3.18,3.99,1.00,D,0.00,12.00,12.00,12.00,12.00,^,-6.48,,16.40,12.60,504,0.00,47.7,1,0,0.00,0.00,0.00,12.00,-0.11,1.00,0,0,0.00,0
2026-05-01 17:33:45,703.08,1,0,0,0,0,0,0,0.05,0,1.00,5.13,3.19,4.18,1.00,D,0.00,12.00,12.00,1.27,12.00,^,3.04,,15.70,12.70,504,0.00,47.2,1,0,0.00,0.00,0.00,12.00,0.05,1.00,0,0,0.00,0
2026-05-01 17:33:46,704.19,1,0,0,0,0,0,0,-0.06,0,1.00,5.13,3.19,4.13,1.00,D,0.00,12.00,12.00,1.44,12.00,^,-3.47,,17.60,12.80,504,0.00,48.8,1,0,0.00,0.00,0.00,12.00,-0.06,1.00,0,0,0.00,0
2026-05-01 17:33:47,705.10,1,0,0,0,0,0,0,-0.01,0,1.00,5.13,3.19,4.21,1.00,D,0.00,12.00,12.00,2.13,1.86,^,-0.81,,17.30,12.80,504,0.00,47.7,1,0,0.00,0.00,0.00,12.00,-0.01,1.00,0,0,0.00,0
2026-05-01 17:33:48,706.11,1,0,0,0,0,0,0,0.06,0,1.00,5.13,3.19,4.15,1.00,D,0.00,12.00,12.00,12.00,2.82,^,3.81,,15.30,12.60,504,0.00,48.3,1,0,0.00,0.00,0.00,12.00,0.06,1.00,0,0,0.00,0
2026-05-01 17:33:49,707.12,1,0,0,0,0,0,0,-0.10,0,1.00,5.13,3.19,3.99,1.00,D,0.00,12.00,12.00,12.00,12.00,^,-5.85,,16.20,12.70,504,0.00,47.2,1,0,0.00,0.00,0.00,12.00,-0.10,1.00,0,0,0.00,0
2026-05-01 17:33:50,708.14,1,0,0,0,0,0,0,-0.01,0,1.00,5.13,3.19,3.57,1.00,D,0.00,12.00,12.00,1.22,12.00,^,-0.75,,18.30,12.60,504,0.00,48.8,1,0,0.00,0.00,0.00,12.00,-0.01,1.00,0,0,0.00,0
2026-05-01 17:33:51,709.15,1,0,0,0,0,0,0,-0.01,0,1.00,5.13,3.19,4.10,1.00,D,0.00,12.00,12.00,2.78,1.23,^,-0.67,,15.50,12.70,504,0.00,46.6,1,0,0.00,0.00,0.00,12.00,-0.01,1.00,0,0,0.00,0
2026-05-01 17:33:52,710.26,1,0,0,0,0,0,0,-0.09,0,1.00,5.13,3.19,4.07,1.00,D,0.00,12.00,12.00,2.10,2.28,^,-5.48,,16.90,12.70,504,0.00,48.3,1,0,0.00,0.00,0.00,12.00,-0.09,1.00,0,0,0.00,0
2026-05-01 17:33:53,711.16,1,0,0,0,0,0,0,-0.12,0,1.00,5.13,3.20,4.10,1.00,D,0.00,12.00,12.00,1.61,1.74,^,-7.28,,17.60,12.70,504,0.00,47.2,1,0,0.00,0.00,0.00,12.00,-0.12,1.00,0,0,0.00,0
2026-05-01 17:33:54,712.27,1,0,0,0,0,0,0,-0.04,0,1.00,5.13,3.20,4.07,1.00,D,0.00,12.00,12.00,1.55,1.57,^,-2.12,,17.60,12.60,504,0.00,47.7,1,0,0.00,0.00,0.00,12.00,-0.04,1.00,0,0,0.00,0
2026-05-01 17:33:55,713.18,1,0,0,0,0,0,0,-0.04,0,1.00,5.13,3.20,4.17,1.00,D,0.00,12.00,12.00,1.74,1.67,^,-2.18,,16.40,12.60,504,0.00,48.3,1,0,0.00,0.00,0.00,12.00,-0.04,1.00,0,0,0.00,0
2026-05-01 17:33:56,714.29,1,0,0,0,0,0,0,-0.03,0,1.00,5.13,3.20,4.26,1.00,D,0.00,12.00,12.00,2.24,1.08,^,-1.53,,17.20,12.60,504,0.00,47.7,1,0,0.00,0.00,0.00,12.00,-0.03,1.00,0,0,0.00,0
2026-05-01 17:33:57,715.20,1,0,0,0,0,0,0,-0.05,0,1.00,5.13,3.20,3.95,1.00,D,0.00,12.00,1.69,12.00,12.00,^,-2.92,,17.00,12.60,504,0.00,49.4,1,0,0.00,0.00,0.00,12.00,-0.05,1.00,0,0,0.00,0
2026-05-01 17:33:58,716.21,1,0,0,0,0,0,0,-0.16,0,1.00,5.13,3.20,4.13,1.00,D,0.00,12.00,12.00,12.00,12.00,^,-9.41,,16.90,12.60,504,0.00,48.3,1,0,0.00,0.00,0.00,12.00,-0.16,1.00,0,0,0.00,0
2026-05-01 17:33:59,717.22,1,0,0,0,0,0,0,-0.10,0,1.00,5.13,3.20,4.24,1.00,D,0.00,12.00,12.00,12.00,12.00,^,-5.93,,18.00,12.70,504,0.00,47.2,1,0,0.00,0.00,0.00,12.00,-0.10,1.00,0,0,0.00,0
2026-05-01 17:34:00,718.33,1,0,0,0,0,0,0,-0.08,0,1.00,5.13,3.20,4.07,1.00,D,0.00,12.00,12.00,12.00,12.00,^,-4.68,,15.90,12.60,504,0.00,48.3,1,0,0.00,0.00,0.00,12.00,-0.08,1.00,0,0,0.00,0
2026-05-01 17:34:01,719.24,1,0,0,0,0,0,0,-0.02,0,1.00,5.13,3.21,4.22,1.00,D,0.00,12.00,12.00,12.00,12.00,^,-1.42,,17.80,12.70,504,0.00,46.6,1,0,0.00,0.00,0.00,12.00,-0.02,1.00,0,0,0.00,0
2026-05-01 17:34:02,720.25,1,0,0,0,0,0,0,-0.16,0,1.00,5.13,3.21,4.24,1.00,D,0.00,12.00,12.00,12.00,12.00,^,-9.39,,15.80,12.80,504,0.00,48.3,1,0,0.00,0.00,0.00,12.00,-0.16,1.00,0,0,0.00,0
2026-05-01 17:34:03,721.26,1,0,0,0,0,0,0,-0.09,0,1.00,5.13,3.21,4.28,1.00,D,0.00,12.00,12.00,12.00,12.00,^,-5.12,,17.20,12.70,504,0.00,47.7,1,0,0.00,0.00,0.00,12.00,-0.09,1.00,0,0,0.00,0
2026-05-01 17:34:04,722.27,1,0,0,0,0,0,0,-0.18,0,1.00,5.13,3.21,4.32,1.00,D,0.00,12.00,1.33,12.00,1.19,^,-10.79,,16.50,12.90,504,0.00,47.7,1,0,0.00,0.00,0.00,12.00,-0.18,1.00,0,0,0.00,0
2026-05-01 17:34:05,723.29,1,0,0,0,0,0,0,-0.06,0,1.00,5.13,3.21,4.19,1.00,D,0.00,2.13,1.45,12.00,0.93,^,-3.61,,17.80,12.80,504,0.00,47.7,1,0,0.00,0.00,0.00,2.13,-0.06,1.00,0,0,0.00,0
2026-05-01 17:34:06,724.30,1,0,0,0,0,0,0,-0.11,0,1.00,5.13,3.21,3.84,1.00,D,0.00,12.00,1.08,3.10,1.23,^,-6.65,,15.70,12.80,504,0.00,47.7,1,0,0.00,0.00,0.00,12.00,-0.11,1.00,0,0,0.00,0
2026-05-01 17:34:07,725.32,1,0,0,0,0,0,0,-0.02,0,1.00,5.13,3.21,4.29,1.00,D,0.00,12.00,12.00,12.00,1.34,^,-1.33,,16.60,12.80,504,0.00,48.8,1,0,0.00,0.00,0.00,12.00,-0.02,1.00,0,0,0.00,0
2026-05-01 17:34:08,726.32,1,0,0,0,0,0,0,0.10,0,1.00,5.13,3.22,4.27,1.00,D,0.00,12.00,12.00,12.00,12.00,^,6.23,,17.20,12.70,504,0.00,48.3,1,0,0.00,0.00,0.00,12.00,0.10,1.00,0,0,0.00,0
2026-05-01 17:34:09,727.34,1,0,0,0,0,0,0,-0.10,0,1.00,5.13,3.22,4.23,1.00,D,0.00,11.12,12.00,12.00,12.00,^,-6.00,,16.10,12.70,504,0.00,48.3,1,0,0.00,0.00,0.00,11.12,-0.10,1.00,0,0,0.00,0
2026-05-01 17:34:10,728.35,1,0,0,0,0,0,0,-0.10,0,1.00,5.13,3.22,4.40,1.00,D,0.00,9.30,12.00,12.00,12.00,^,-5.81,,16.20,12.70,504,0.00,47.2,1,0,0.00,0.00,0.00,9.30,-0.10,1.00,0,0,0.00,0
2026-05-01 17:34:11,729.35,1,0,0,0,0,0,0,0.12,0,1.00,5.13,3.22,4.25,1.00,D,0.00,12.00,0.99,2.08,2.50,^,7.09,,16.80,12.60,504,0.00,47.7,1,0,0.00,0.00,0.00,12.00,0.12,1.00,0,0,0.00,0
2026-05-01 17:34:12,730.36,1,0,0,0,0,0,0,-0.16,0,1.00,5.13,3.22,4.25,1.00,D,0.00,12.00,1.00,1.51,1.06,^,-9.68,,15.70,12.60,504,0.00,48.8,1,0,0.00,0.00,0.00,12.00,-0.16,1.00,0,0,0.00,0
2026-05-01 17:34:13,731.37,0,0,0,0,0,0,0,0.00,1,0.00,5.13,3.22,4.37,0.00,D,0.00,12.00,12.00,12.00,1.54,^,0.00,,14.90,12.60,504,0.00,48.3,1,0,0.00,0.00,0.00,12.00,0.00,0.00,0,0,0.00,0
2026-05-01 17:34:14,732.38,0,0,0,0,0,0,0,0.00,0,0.00,5.13,3.22,0.00,0.00,D,0.00,12.00,12.00,12.00,1.89,^,0.00,,13.60,12.60,504,0.25,47.7,1,0,0.00,0.00,0.00,12.00,0.00,0.00,0,0,0.00,0
2026-05-01 17:34:15,733.39,0,0,0,0,0,0,0,0.00,0,0.00,5.13,3.22,0.00,0.00,D,0.00,12.00,1.06,12.00,1.25,^,0.00,,11.40,12.60,504,1.27,47.7,1,0,0.00,0.00,0.00,12.00,0.00,0.00,0,0,0.00,0
2026-05-01 17:34:16,734.51,0,0,0,0,0,0,0,0.00,0,0.00,5.13,3.21,0.00,0.00,D,0.00,12.00,0.68,12.00,0.22,^,0.00,,12.80,12.50,504,2.38,49.4,1,0,0.00,0.00,0.00,12.00,0.00,0.00,0,0,0.00,0
2026-05-01 17:34:17,735.41,0,0,0,0,0,0,0,0.00,0,0.00,5.13,3.21,0.00,0.00,D,0.00,12.00,0.67,12.00,0.23,^,0.00,,15.20,12.50,504,0.05,48.3,1,0,0.00,0.00,0.00,12.00,0.00,0.00,0,0,0.00,0
2026-05-01 17:34:18,736.42,0,0,0,0,0,0,0,0.00,0,0.00,5.13,3.20,0.00,0.00,D,0.00,12.00,0.16,12.00,0.18,^,0.00,,13.60,12.50,504,1.07,48.8,1,0,0.00,0.00,0.00,12.00,0.00,0.00,0,0,0.00,0
2026-05-01 17:34:19,737.43,0,0,0,0,0,0,0,0.00,0,0.00,5.13,3.20,0.00,0.00,D,0.00,12.00,0.22,12.00,0.23,^,0.00,,14.00,12.50,504,0.23,47.2,1,0,0.00,0.00,0.00,12.00,0.00,0.00,0,0,0.00,0
2026-05-01 17:34:20,738.44,0,0,0,0,0,0,0,1.00,0,1.00,5.13,3.19,0.01,0.22,D,0.00,12.00,0.79,12.00,0.66,^,0.00,,15.30,12.50,504,0.12,47.2,1,0,0.00,0.00,0.00,12.00,0.00,0.00,0,0,0.00,0
2026-05-01 17:34:21,739.44,0,0,0,0,0,0,0,1.00,0,1.00,5.13,3.19,0.08,0.72,D,0.00,12.00,0.81,12.00,0.83,^,0.00,,14.00,12.50,504,0.00,47.2,1,0,0.00,0.00,0.00,12.00,0.00,0.00,0,0,0.00,0
2026-05-01 17:34:22,740.46,0,0,0,0,0,0,0,-1.00,0,1.00,5.13,3.19,3.06,1.00,D,0.00,12.00,12.00,12.00,1.30,^,0.00,,16.60,12.50,504,0.00,48.8,1,0,0.00,0.00,0.00,12.00,0.00,0.00,0,0,0.00,0
2026-05-01 17:34:23,741.47,1,0,0,0,0,0,0,-0.24,0,1.00,5.13,3.19,2.49,0.88,D,0.00,1.35,12.00,12.00,3.40,^,-14.21,,15.10,12.50,504,0.00,48.3,1,0,0.00,0.00,0.00,1.35,-0.24,1.00,0,0,0.00,0
2026-05-01 17:34:24,742.48,1,0,0,0,0,0,0,0.09,0,1.00,5.13,3.19,2.91,0.72,D,0.00,2.98,2.96,1.60,0.49,^,5.34,,14.30,12.40,504,0.00,48.3,1,0,0.00,0.00,0.00,2.98,0.09,1.00,0,0,0.00,0
2026-05-01 17:34:25,743.48,1,0,0,0,0,0,0,0.06,0,1.00,5.13,3.19,3.78,1.00,D,0.00,12.00,1.86,0.96,1.60,^,3.55,,14.50,12.40,504,0.00,49.4,1,0,0.00,0.00,0.00,12.00,0.06,1.00,0,0,0.00,0
2026-05-01 17:34:26,744.49,1,0,0,0,0,0,0,-0.18,0,1.00,5.13,3.19,3.89,1.00,D,0.00,12.00,1.83,1.20,0.96,^,-10.56,,14.10,12.30,504,0.00,49.9,1,0,0.00,0.00,0.00,12.00,-0.18,1.00,0,0,0.00,0
2026-05-01 17:34:27,745.51,1,0,0,0,0,0,0,-0.04,0,1.00,5.13,3.19,4.14,1.00,D,0.00,12.00,12.00,12.00,1.11,^,-2.15,,14.00,12.30,504,0.00,49.9,1,0,0.00,0.00,0.00,12.00,-0.04,1.00,0,0,0.00,0
2026-05-01 17:34:28,746.52,1,0,0,0,0,0,0,0.06,0,1.00,5.13,3.19,4.04,1.00,D,0.00,12.00,12.00,12.00,12.00,^,3.81,,16.70,12.30,504,0.00,47.7,1,0,0.00,0.00,0.00,12.00,0.06,1.00,0,0,0.00,0
2026-05-01 17:34:29,747.54,1,0,0,0,0,0,0,-0.16,0,1.00,5.13,3.19,4.27,1.00,D,0.00,12.00,12.00,12.00,11.14,^,-9.75,,16.80,12.30,504,0.00,47.7,1,0,0.00,0.00,0.00,12.00,-0.16,1.00,0,0,0.00,0
2026-05-01 17:34:30,748.55,1,0,0,0,0,0,0,0.02,0,1.00,5.13,3.19,4.38,1.00,D,0.00,12.00,12.00,12.00,12.00,^,1.31,,16.10,12.30,504,0.00,47.2,1,0,0.00,0.00,0.00,12.00,0.02,1.00,0,0,0.00,0
2026-05-01 17:34:31,749.56,1,0,0,0,0,0,0,0.08,0,1.00,5.13,3.20,4.28,1.00,D,0.00,12.00,3.23,1.20,3.33,^,5.04,,16.30,12.30,504,0.00,48.3,1,0,0.00,0.00,0.00,12.00,0.08,1.00,0,0,0.00,0
2026-05-01 17:34:32,750.57,1,0,0,0,0,0,0,-0.42,0,0.50,5.13,3.20,4.21,0.90,D,0.00,1.94,12.00,1.14,0.71,WARN_WARNING,-25.33,lidar_override,17.50,12.30,504,0.00,48.8,1,0,0.00,0.00,0.00,1.94,0.05,1.00,0,0,0.00,0
2026-05-01 17:34:33,751.58,1,0,0,0,0,0,0,0.16,0,1.00,5.13,3.20,4.21,1.00,D,0.00,12.00,12.00,1.12,1.50,^,9.68,,15.90,12.30,504,0.00,47.2,1,0,0.00,0.00,0.00,12.00,0.16,1.00,0,0,0.00,0
2026-05-01 17:34:34,752.59,1,0,0,0,0,0,0,-0.14,0,1.00,5.13,3.20,4.26,1.00,D,0.00,12.00,12.00,1.18,1.14,^,-8.66,,17.80,12.30,504,0.00,48.3,1,0,0.00,0.00,0.00,12.00,-0.14,1.00,0,0,0.00,0
2026-05-01 17:34:35,753.61,1,0,0,0,0,0,0,0.04,0,1.00,5.13,3.20,4.31,1.00,D,0.00,12.00,12.00,12.00,1.38,^,2.17,,17.30,12.30,504,0.00,47.2,1,0,0.00,0.00,0.00,12.00,0.04,1.00,0,0,0.00,0
2026-05-01 17:34:36,754.62,1,0,0,0,0,0,0,0.02,0,1.00,5.13,3.20,4.30,1.00,D,0.00,12.00,12.00,12.00,12.00,^,1.16,,15.90,12.30,504,0.00,48.8,1,0,0.00,0.00,0.00,12.00,0.02,1.00,0,0,0.00,0
2026-05-01 17:34:37,755.63,1,0,0,0,0,0,0,0.02,0,1.00,5.13,3.20,4.27,1.00,D,0.00,12.00,12.00,12.00,12.00,^,1.31,,18.50,12.30,504,0.00,48.3,1,0,0.00,0.00,0.00,12.00,0.02,1.00,0,0,0.00,0
2026-05-01 17:34:38,756.65,1,0,0,0,0,0,0,0.06,0,1.00,5.13,3.21,4.37,1.00,D,0.00,12.00,12.00,12.00,12.00,^,3.78,,15.50,12.30,504,0.00,48.3,1,0,0.00,0.00,0.00,12.00,0.06,1.00,0,0,0.00,0
2026-05-01 17:34:40,757.66,1,0,0,0,0,0,0,0.06,0,1.00,5.13,3.21,4.45,1.00,D,0.00,12.00,12.00,12.00,12.00,^,3.47,,14.70,12.30,504,0.00,48.8,1,0,0.00,0.00,0.00,12.00,0.06,1.00,0,0,0.00,0
2026-05-01 17:34:41,758.67,1,0,0,0,0,0,0,-0.02,0,1.00,5.13,3.21,4.45,1.00,D,0.00,12.00,12.00,1.12,12.00,^,-1.02,,13.80,12.30,504,0.00,47.2,1,0,0.00,0.00,0.00,12.00,-0.02,1.00,0,0,0.00,0
2026-05-01 17:34:42,759.69,1,0,0,0,0,0,0,-0.07,0,1.00,5.13,3.21,4.49,1.00,D,0.00,12.00,12.00,1.39,12.00,^,-3.91,,13.80,12.30,504,0.00,48.8,1,0,0.00,0.00,0.00,12.00,-0.07,1.00,0,0,0.00,0
2026-05-01 17:34:43,760.80,1,0,0,0,0,0,0,0.09,0,1.00,5.13,3.21,4.40,1.00,D,0.00,12.00,12.00,12.00,0.91,^,5.51,,14.60,12.30,504,0.00,49.9,1,0,0.00,0.00,0.00,12.00,0.09,1.00,0,0,0.00,0
2026-05-01 17:34:44,761.70,1,0,0,0,0,0,0,-0.12,0,1.00,5.13,3.21,4.34,1.00,D,0.00,12.00,12.00,12.00,12.00,^,-7.21,,15.40,12.30,504,0.00,49.4,1,0,0.00,0.00,0.00,12.00,-0.12,1.00,0,0,0.00,0
2026-05-01 17:34:45,762.72,1,0,0,0,0,0,0,0.07,0,1.00,5.13,3.22,4.48,1.00,D,0.00,12.00,12.00,12.00,12.00,^,4.27,,15.90,12.30,504,0.00,48.8,1,0,0.00,0.00,0.00,12.00,0.07,1.00,0,0,0.00,0
2026-05-01 17:34:46,763.72,1,0,0,0,0,0,0,-0.16,0,1.00,5.13,3.22,4.50,1.00,D,0.00,12.00,2.46,12.00,12.00,^,-9.89,,17.00,12.30,504,0.00,48.8,1,0,0.00,0.00,0.00,12.00,-0.16,1.00,0,0,0.00,0
2026-05-01 17:34:47,764.73,1,0,0,0,0,0,0,-0.10,0,1.00,5.13,3.22,4.40,1.00,D,0.00,12.00,2.20,12.00,2.22,^,-5.99,,17.90,12.30,504,0.00,47.7,1,0,0.00,0.00,0.00,12.00,-0.10,1.00,0,0,0.00,0
2026-05-01 17:34:48,765.84,1,0,0,0,0,0,0,0.21,0,1.00,5.13,3.22,4.44,1.00,D,0.00,12.00,12.00,12.00,1.42,^,12.71,,18.30,12.30,504,0.00,48.8,1,0,0.00,0.00,0.00,12.00,0.21,1.00,0,0,0.00,0
2026-05-01 17:34:49,766.74,1,0,0,0,0,0,0,-0.35,0,1.00,5.13,3.22,4.47,1.00,D,0.00,12.00,12.00,12.00,12.00,^,-21.20,,16.70,12.30,504,0.00,48.3,1,0,0.00,0.00,0.00,12.00,-0.35,1.00,0,0,0.00,0
2026-05-01 17:34:50,767.76,1,0,0,0,0,0,0,0.08,0,1.00,5.13,3.22,4.59,1.00,D,0.00,12.00,12.00,12.00,12.00,^,4.87,,17.10,12.40,504,0.00,48.3,1,0,0.00,0.00,0.00,12.00,0.08,1.00,0,0,0.00,0
2026-05-01 17:34:51,768.77,1,0,0,0,0,0,0,-0.24,0,1.00,5.13,3.22,4.44,1.00,D,0.00,12.00,12.00,12.00,12.00,^,-14.46,,16.90,12.40,504,0.00,46.6,1,0,0.00,0.00,0.00,12.00,-0.24,1.00,0,0,0.00,0
2026-05-01 17:34:52,769.78,1,0,0,0,0,0,0,0.10,0,1.00,5.13,3.23,4.48,1.00,D,0.00,12.00,12.00,12.00,12.00,^,5.94,,19.10,12.40,504,0.00,48.8,1,0,0.00,0.00,0.00,12.00,0.10,1.00,0,0,0.00,0
2026-05-01 17:34:53,770.79,1,0,0,0,0,0,0,-0.15,0,1.00,5.13,3.23,4.36,1.00,D,0.00,12.00,12.00,12.00,12.00,^,-8.90,,14.20,12.40,504,0.00,48.3,1,0,0.00,0.00,0.00,12.00,-0.15,1.00,0,0,0.00,0
2026-05-01 17:34:54,771.80,1,0,0,0,0,0,0,-0.05,0,1.00,5.13,3.23,4.52,1.00,D,0.00,12.00,12.00,12.00,12.00,^,-3.13,,13.80,12.30,504,0.00,49.4,1,0,0.00,0.00,0.00,12.00,-0.05,1.00,0,0,0.00,0
2026-05-01 17:34:55,772.82,1,0,0,0,0,0,0,-0.08,0,1.00,5.13,3.23,4.46,1.00,D,0.00,12.00,12.00,12.00,12.00,^,-5.07,,14.90,12.30,504,0.00,49.4,1,0,0.00,0.00,0.00,12.00,-0.08,1.00,0,0,0.00,0
2026-05-01 17:34:56,773.83,1,0,0,0,0,0,0,-0.19,0,1.00,5.13,3.23,4.47,1.00,D,0.00,12.00,12.00,12.00,12.00,^,-11.28,,14.80,12.30,504,0.00,48.8,1,0,0.00,0.00,0.00,12.00,-0.19,1.00,0,0,0.00,0
2026-05-01 17:34:57,774.95,1,0,0,0,0,0,0,0.02,0,1.00,5.13,3.23,4.63,1.00,D,0.00,12.00,12.00,12.00,12.00,^,1.36,,14.20,12.40,504,0.00,49.4,1,0,0.00,0.00,0.00,12.00,0.02,1.00,0,0,0.00,0
2026-05-01 17:34:58,775.85,1,0,0,0,0,0,0,-0.02,0,1.00,5.13,3.24,4.33,1.00,D,0.00,12.00,2.71,12.00,12.00,^,-1.19,,16.80,12.40,504,0.00,49.4,1,0,0.00,0.00,0.00,12.00,-0.02,1.00,0,0,0.00,0
2026-05-01 17:34:59,776.87,1,0,0,0,0,0,0,-0.02,0,1.00,5.13,3.24,4.25,1.00,D,0.00,12.00,2.68,12.00,2.73,^,-1.11,,16.60,12.40,504,0.00,49.4,1,0,0.00,0.00,0.00,12.00,-0.02,1.00,0,0,0.00,0
2026-05-01 17:35:00,777.87,1,0,0,0,0,0,0,0.01,0,1.00,5.13,3.24,4.37,1.00,D,0.00,12.00,12.00,12.00,3.13,^,0.71,,15.00,12.30,504,0.00,47.7,1,0,0.00,0.00,0.00,12.00,0.01,1.00,0,0,0.00,0
2026-05-01 17:35:01,778.88,1,0,0,0,0,0,0,-0.10,0,1.00,5.13,3.24,4.38,1.00,D,0.00,12.00,12.00,12.00,12.00,^,-5.96,,16.30,12.30,504,0.00,48.3,1,0,0.00,0.00,0.00,12.00,-0.10,1.00,0,0,0.00,0
2026-05-01 17:35:02,779.89,1,0,0,0,0,0,0,0.05,0,1.00,5.13,3.24,4.48,1.00,D,0.00,12.00,12.00,12.00,12.00,^,3.04,,17.90,12.30,504,0.00,47.2,1,0,0.00,0.00,0.00,12.00,0.05,1.00,0,0,0.00,0
2026-05-01 17:35:03,781.00,1,0,0,0,0,0,0,-0.10,0,1.00,5.13,3.24,4.32,1.00,D,0.00,12.00,12.00,12.00,12.00,^,-6.24,,16.80,12.40,504,0.00,48.3,1,0,0.00,0.00,0.00,12.00,-0.10,1.00,0,0,0.00,0
2026-05-01 17:35:04,781.90,1,0,0,0,0,0,0,-0.03,0,1.00,5.13,3.24,4.47,1.00,D,0.00,12.00,12.00,12.00,12.00,^,-2.03,,16.90,12.40,504,0.00,47.2,1,0,0.00,0.00,0.00,12.00,-0.03,1.00,0,0,0.00,0
2026-05-01 17:35:05,782.92,1,0,0,0,0,0,0,0.02,0,1.00,5.13,3.25,4.37,1.00,D,0.00,12.00,12.00,12.00,12.00,^,1.20,,17.90,12.30,504,0.00,48.3,1,0,0.00,0.00,0.00,12.00,0.02,1.00,0,0,0.00,0
2026-05-01 17:35:06,783.93,1,0,0,0,0,0,0,-0.09,0,1.00,5.13,3.25,4.43,1.00,D,0.00,12.00,12.00,12.00,12.00,^,-5.32,,16.20,12.30,504,0.00,48.3,1,0,0.00,0.00,0.00,12.00,-0.09,1.00,0,0,0.00,0
2026-05-01 17:35:07,784.94,1,0,0,0,0,0,0,0.02,0,1.00,5.13,3.25,4.40,1.00,D,0.00,12.00,12.00,12.00,12.00,^,1.14,,16.50,12.30,504,0.00,48.3,1,0,0.00,0.00,0.00,12.00,0.02,1.00,0,0,0.00,0
2026-05-01 17:35:08,785.95,1,0,0,0,0,0,0,-0.04,0,1.00,5.13,3.25,4.47,1.00,D,0.00,12.00,12.00,12.00,12.00,^,-2.29,,17.00,12.30,504,0.00,46.6,1,0,0.00,0.00,0.00,12.00,-0.04,1.00,0,0,0.00,0
2026-05-01 17:35:09,787.06,1,0,0,0,0,0,0,0.07,0,1.00,5.13,3.25,4.46,1.00,D,0.00,12.00,12.00,12.00,12.00,^,3.99,,16.00,12.30,504,0.00,48.8,1,0,0.00,0.00,0.00,12.00,0.07,1.00,0,0,0.00,0
2026-05-01 17:35:10,787.97,1,0,0,0,0,0,0,0.03,0,1.00,5.13,3.25,4.34,1.00,D,0.00,12.00,2.15,12.00,12.00,^,1.86,,15.90,12.30,504,0.00,46.6,1,0,0.00,0.00,0.00,12.00,0.03,1.00,0,0,0.00,0
2026-05-01 17:35:11,789.08,1,0,0,0,0,0,0,-0.01,0,1.00,5.13,3.25,4.46,1.00,D,0.00,12.00,1.85,0.70,1.71,^,-0.43,,16.40,12.30,504,0.00,48.3,1,0,0.00,0.00,0.00,12.00,-0.01,1.00,0,0,0.00,0
2026-05-01 17:35:12,789.99,1,0,0,0,0,0,0,0.06,0,1.00,5.13,3.26,4.36,1.00,D,0.00,12.00,12.00,0.76,0.68,^,3.89,,15.70,12.30,504,0.00,48.8,1,0,0.00,0.00,0.00,12.00,0.06,1.00,0,0,0.00,0
2026-05-01 17:35:13,790.99,1,0,0,0,0,0,0,0.13,0,1.00,5.13,3.26,3.87,0.89,D,0.00,12.00,2.21,0.65,0.73,^,7.94,,16.20,12.30,504,0.00,47.7,1,0,0.00,0.00,0.00,12.00,0.13,1.00,0,0,0.00,0
2026-05-01 17:35:14,792.00,1,0,0,0,0,0,0,-0.14,0,1.00,5.13,3.26,4.42,1.00,D,0.00,12.00,2.10,12.00,0.95,^,-8.42,,13.20,12.30,504,0.00,48.3,1,0,0.00,0.00,0.00,12.00,-0.14,1.00,0,0,0.00,0
2026-05-01 17:35:15,793.11,1,0,0,0,0,0,0,0.01,0,1.00,5.13,3.26,4.40,1.00,D,0.00,12.00,12.00,12.00,2.42,^,0.37,,14.20,12.40,504,0.00,49.9,1,0,0.00,0.00,0.00,12.00,0.01,1.00,0,0,0.00,0
2026-05-01 17:35:16,794.01,1,0,0,0,0,0,0,-0.07,0,1.00,5.13,3.26,4.35,1.00,D,0.00,12.00,2.79,12.00,12.00,^,-3.91,,14.30,12.30,504,0.00,48.3,1,0,0.00,0.00,0.00,12.00,-0.07,1.00,0,0,0.00,0
2026-05-01 17:35:17,795.12,1,0,0,0,0,0,0,-0.16,0,1.00,5.13,3.26,4.49,1.00,D,0.00,12.00,1.65,12.00,1.92,^,-9.42,,15.10,12.30,504,0.00,48.8,1,0,0.00,0.00,0.00,12.00,-0.16,1.00,0,0,0.00,0
2026-05-01 17:35:18,796.03,1,0,0,0,0,0,0,-0.08,0,1.00,5.13,3.26,4.48,1.00,D,0.00,12.00,1.29,12.00,1.24,^,-4.88,,17.00,12.30,504,0.00,48.8,1,0,0.00,0.00,0.00,12.00,-0.08,1.00,0,0,0.00,0
2026-05-01 17:35:19,797.14,1,0,0,0,0,0,0,-0.02,0,1.00,5.13,3.27,4.37,1.00,D,0.00,12.00,12.00,12.00,1.97,^,-0.95,,16.30,12.30,504,0.00,47.7,1,0,0.00,0.00,0.00,12.00,-0.02,1.00,0,0,0.00,0
2026-05-01 17:35:20,798.05,1,0,0,0,0,0,0,0.02,0,1.00,5.13,3.27,4.47,1.00,D,0.00,12.00,12.00,12.00,12.00,^,0.92,,16.60,12.30,504,0.00,48.3,1,0,0.00,0.00,0.00,12.00,0.02,1.00,0,0,0.00,0
2026-05-01 17:35:21,799.16,1,0,0,0,0,0,0,-0.03,0,1.00,5.13,3.27,4.47,1.00,D,0.00,12.00,12.00,1.23,12.00,^,-1.70,,15.80,12.30,504,0.00,48.8,1,0,0.00,0.00,0.00,12.00,-0.03,1.00,0,0,0.00,0
2026-05-01 17:35:22,800.06,1,0,0,0,0,0,0,-0.05,0,1.00,5.13,3.27,4.29,1.00,D,0.00,12.00,2.57,1.00,0.88,^,-2.89,,17.30,12.30,504,0.00,46.6,1,0,0.00,0.00,0.00,12.00,-0.05,1.00,0,0,0.00,0
2026-05-01 17:35:23,801.08,1,0,0,0,0,0,0,-0.10,0,1.00,5.13,3.27,4.43,1.00,D,0.00,12.00,2.07,12.00,1.98,^,-5.83,,17.30,12.30,504,0.00,47.7,1,0,0.00,0.00,0.00,12.00,-0.10,1.00,0,0,0.00,0
2026-05-01 17:35:24,802.09,1,0,0,0,0,0,0,-0.06,0,1.00,5.13,3.27,4.39,1.00,D,0.00,12.00,12.00,12.00,2.10,^,-3.76,,16.10,12.30,504,0.00,48.3,1,0,0.00,0.00,0.00,12.00,-0.06,1.00,0,0,0.00,0
2026-05-01 17:35:25,803.10,1,0,0,0,0,0,0,-0.42,0,0.50,5.13,3.27,4.35,0.85,D,0.00,1.62,12.00,0.83,12.00,WARN_WARNING,-25.33,lidar_override,15.80,12.30,504,0.00,48.3,1,0,0.00,0.00,0.00,1.62,0.06,1.00,0,0,0.00,0
2026-05-01 17:35:26,804.11,1,0,0,0,0,0,0,-0.08,0,1.00,5.13,3.28,4.33,1.00,D,0.00,12.00,12.00,1.08,1.13,^,-4.89,,17.20,12.30,504,0.00,48.8,1,0,0.00,0.00,0.00,12.00,-0.08,1.00,0,0,0.00,0
2026-05-01 17:35:27,805.12,1,0,0,0,0,0,0,-0.03,0,1.00,5.13,3.28,4.32,1.00,D,0.00,12.00,2.36,12.00,1.76,^,-1.56,,13.60,12.30,504,0.00,49.9,1,0,0.00,0.00,0.00,12.00,-0.03,1.00,0,0,0.00,0
2026-05-01 17:35:28,806.14,1,0,0,0,0,0,0,-0.03,0,1.00,5.13,3.28,4.30,1.00,D,0.00,12.00,2.23,12.00,2.23,^,-1.55,,14.60,12.30,504,0.00,48.8,1,0,0.00,0.00,0.00,12.00,-0.03,1.00,0,0,0.00,0
2026-05-01 17:35:29,807.15,1,0,0,0,0,0,0,-0.13,0,1.00,5.13,3.28,4.30,1.00,D,0.00,12.00,2.42,12.00,2.34,^,-7.68,,14.30,12.40,504,0.00,48.8,1,0,0.00,0.00,0.00,12.00,-0.13,1.00,0,0,0.00,0
2026-05-01 17:35:30,808.16,1,0,0,0,0,0,0,-0.10,0,1.00,5.13,3.28,4.49,1.00,D,0.00,12.00,12.00,12.00,2.70,^,-6.29,,15.40,12.30,504,0.00,47.7,1,0,0.00,0.00,0.00,12.00,-0.10,1.00,0,0,0.00,0
2026-05-01 17:35:31,809.17,1,0,0,0,0,0,0,0.07,0,1.00,5.13,3.28,4.33,1.00,D,0.00,12.00,2.56,12.00,2.74,^,4.27,,14.70,12.30,504,0.00,48.8,1,0,0.00,0.00,0.00,12.00,0.07,1.00,0,0,0.00,0
2026-05-01 17:35:32,810.18,1,0,0,0,0,0,0,-0.12,0,1.00,5.13,3.28,4.34,1.00,D,0.00,12.00,12.00,12.00,2.50,^,-7.47,,17.10,12.30,504,0.00,48.3,1,0,0.00,0.00,0.00,12.00,-0.12,1.00,0,0,0.00,0
2026-05-01 17:35:33,811.19,1,0,0,0,0,0,0,-0.02,0,1.00,5.13,3.29,4.22,1.00,D,0.00,12.00,12.00,12.00,12.00,^,-1.03,,15.30,12.30,504,0.00,47.7,1,0,0.00,0.00,0.00,12.00,-0.02,1.00,0,0,0.00,0
2026-05-01 17:35:34,812.21,1,0,0,0,0,0,0,-0.03,0,1.00,5.13,3.29,4.30,1.00,D,0.00,12.00,12.00,12.00,12.00,^,-1.70,,17.20,12.30,504,0.00,48.8,1,0,0.00,0.00,0.00,12.00,-0.03,1.00,0,0,0.00,0
2026-05-01 17:35:35,813.22,1,0,0,0,0,0,0,-0.16,0,1.00,5.13,3.29,4.32,1.00,D,0.00,12.00,12.00,12.00,12.00,^,-9.69,,14.20,12.30,504,0.00,49.9,1,0,0.00,0.00,0.00,12.00,-0.16,1.00,0,0,0.00,0
2026-05-01 17:35:36,814.23,1,0,0,0,0,0,0,-0.00,0,1.00,5.13,3.29,4.28,1.00,D,0.00,12.00,2.73,12.00,12.00,^,-0.11,,13.30,12.30,504,0.00,49.4,1,0,0.00,0.00,0.00,12.00,-0.00,1.00,0,0,0.00,0
2026-05-01 17:35:37,815.25,1,0,0,0,0,0,0,-0.02,0,1.00,5.13,3.29,4.33,1.00,D,0.00,12.00,2.79,12.00,2.75,^,-1.50,,16.60,12.30,504,0.00,48.8,1,0,0.00,0.00,0.00,12.00,-0.02,1.00,0,0,0.00,0
2026-05-01 17:35:38,816.26,1,0,0,0,0,0,0,-0.03,0,1.00,5.13,3.29,4.37,1.00,D,0.00,12.00,12.00,12.00,2.97,^,-1.89,,15.80,12.30,504,0.00,48.8,1,0,0.00,0.00,0.00,12.00,-0.03,1.00,0,0,0.00,0
2026-05-01 17:35:39,817.27,1,0,0,0,0,0,0,-0.08,0,1.00,5.13,3.29,4.33,1.00,D,0.00,12.00,12.00,12.00,12.00,^,-4.74,,13.90,12.30,504,0.00,48.3,1,0,0.00,0.00,0.00,12.00,-0.08,1.00,0,0,0.00,0
2026-05-01 17:35:40,818.28,1,0,0,0,0,0,0,-0.02,0,1.00,5.13,3.29,4.39,1.00,D,0.00,12.00,12.00,12.00,12.00,^,-1.28,,17.10,12.30,504,0.00,48.8,1,0,0.00,0.00,0.00,12.00,-0.02,1.00,0,0,0.00,0
2026-05-01 17:35:41,819.29,0,0,0,0,0,0,0,0.00,1,0.00,5.13,3.30,4.21,0.00,D,0.00,12.00,12.00,12.00,12.00,^,0.00,,16.80,12.30,504,0.00,48.3,1,0,0.00,0.00,0.00,12.00,0.00,0.00,0,0,0.00,0
2026-05-01 17:35:42,820.31,0,0,0,0,0,0,0,0.00,0,0.00,5.13,3.29,0.00,0.00,D,0.00,12.00,12.00,12.00,12.00,^,0.00,,14.10,12.30,504,0.26,47.2,1,0,0.00,0.00,0.00,12.00,0.00,0.00,0,0,0.00,0
2026-05-01 17:35:43,821.32,0,0,0,0,0,0,0,0.00,0,0.00,5.13,3.29,0.00,0.00,D,0.00,12.00,12.00,12.00,12.00,^,0.00,,13.70,12.30,504,1.27,48.3,1,0,0.00,0.00,0.00,12.00,0.00,0.00,0,0,0.00,0
2026-05-01 17:35:44,822.33,0,0,0,0,0,0,0,0.00,0,0.00,5.13,3.29,0.00,0.00,D,0.00,12.00,12.00,12.00,1.85,^,0.00,,13.30,12.30,504,2.28,48.8,1,0,0.00,0.00,0.00,12.00,0.00,0.00,0,0,0.00,0
2026-05-01 17:35:45,823.33,0,0,0,0,0,0,0,-0.41,0,0.47,5.13,3.28,0.00,0.04,D,0.00,12.00,12.00,12.00,1.01,^,0.00,,13.40,12.30,504,3.28,47.7,1,0,0.00,0.00,0.00,12.00,0.00,0.00,0,0,0.00,0
2026-05-01 17:35:46,824.34,0,0,0,0,0,0,0,-0.99,0,1.00,5.13,3.28,0.06,0.55,D,0.00,12.00,12.00,12.00,0.88,^,0.00,,15.60,12.30,504,0.01,46.6,1,0,0.00,0.00,0.00,12.00,0.00,0.00,0,0,0.00,0
2026-05-01 17:35:47,825.45,0,0,0,0,0,0,0,0.14,0,0.00,5.13,3.27,1.58,0.56,D,0.00,12.00,12.00,12.00,1.20,^,0.00,,15.30,12.30,504,0.00,48.3,1,0,0.00,0.00,0.00,12.00,0.00,0.00,0,0,0.00,0
2026-05-01 17:35:48,826.36,0,0,0,0,0,0,0,0.00,0,0.96,5.13,3.27,2.00,0.86,D,0.00,12.00,12.00,12.00,1.71,^,0.00,,14.60,12.30,504,0.00,47.7,1,0,0.00,0.00,0.00,12.00,0.00,0.00,0,0,0.00,0
2026-05-01 17:35:49,827.47,0,0,0,0,0,0,0,-0.70,1,0.51,5.13,3.27,0.00,0.00,D,0.00,12.00,12.00,0.72,2.12,^,0.00,,17.40,12.30,504,0.02,47.7,1,0,0.00,0.00,0.00,12.00,0.00,0.00,0,0,0.00,0
2026-05-01 17:35:50,828.38,0,0,0,0,0,0,0,-0.89,1,1.00,5.13,3.27,0.00,0.00,D,0.00,12.00,12.00,0.73,1.36,^,0.00,,14.80,12.30,504,0.37,48.3,1,0,0.00,0.00,0.00,12.00,0.00,0.00,0,0,0.00,0
2026-05-01 17:35:51,829.39,0,0,0,0,0,0,0,-0.99,1,1.00,5.13,3.26,0.00,0.00,D,0.00,12.00,12.00,0.73,1.29,^,0.00,,14.10,12.30,504,0.03,48.3,1,0,0.00,0.00,0.00,12.00,0.00,0.00,0,0,0.00,0
2026-05-01 17:35:52,830.40,0,0,0,0,0,0,0,-0.94,1,1.00,5.13,3.26,0.00,0.00,D,0.00,12.00,12.00,0.75,1.30,^,0.00,,16.00,12.30,504,1.04,47.7,1,0,0.00,0.00,0.00,12.00,0.00,0.00,0,0,0.00,0
2026-05-01 17:35:53,831.51,0,0,0,0,0,0,0,0.00,1,0.00,5.13,3.25,0.00,0.00,D,0.00,12.00,12.00,0.73,1.31,^,0.00,,15.20,12.30,504,0.14,47.2,1,0,0.00,0.00,0.00,12.00,0.00,0.00,0,0,0.00,0
2026-05-01 17:35:54,832.41,0,0,0,0,0,0,0,0.00,1,0.00,5.13,3.25,0.00,0.00,D,0.00,12.00,12.00,0.73,1.30,^,0.00,,13.70,12.30,504,1.05,47.7,1,0,0.00,0.00,0.00,12.00,0.00,0.00,0,0,0.00,0
2026-05-01 17:35:55,833.53,0,0,0,1,0,0,0,0.00,0,0.48,5.13,3.25,0.00,-0.07,R,0.00,12.00,12.00,0.75,1.29,^,0.00,,14.10,12.30,504,2.16,47.2,1,0,0.00,0.00,0.00,12.00,0.00,0.00,0,0,0.00,0
2026-05-01 17:35:56,834.44,0,0,0,0,0,0,0,1.00,0,1.00,5.13,3.24,0.02,-0.58,R,0.00,12.00,12.00,0.75,1.28,^,0.00,,14.20,12.30,504,0.03,47.7,1,0,0.00,0.00,0.00,12.00,0.00,0.00,0,0,0.00,0
2026-05-01 17:35:57,835.44,0,0,1,0,0,0,0,0.00,0,1.00,5.13,3.24,0.10,0.02,D,0.00,12.00,2.25,0.81,1.14,^,0.00,,16.50,12.30,504,0.00,47.2,1,0,0.00,0.00,0.00,12.00,0.00,0.00,0,0,0.00,0
2026-05-01 17:35:58,836.44,0,0,0,0,0,0,0,-0.34,0,1.00,5.13,3.24,0.01,0.52,D,0.00,12.00,2.37,0.81,1.14,^,0.00,,16.40,12.30,504,0.02,48.3,1,0,0.00,0.00,0.00,12.00,0.00,0.00,0,0,0.00,0
2026-05-01 17:35:59,837.45,0,0,0,0,0,0,0,0.00,0,0.00,5.13,3.23,1.53,0.46,D,0.00,12.00,12.00,0.73,0.38,^,0.00,,15.70,12.30,504,0.00,47.7,1,0,0.00,0.00,0.00,12.00,0.00,0.00,0,0,0.00,0
2026-05-01 17:36:00,838.47,1,0,0,0,0,0,0,0.12,0,1.00,5.13,3.23,1.35,0.97,D,0.00,12.00,12.00,12.00,0.69,^,7.25,,15.80,12.40,504,0.00,47.2,1,0,0.00,0.00,0.00,12.00,0.12,1.00,0,0,0.00,0
2026-05-01 17:36:01,839.48,1,0,0,0,0,0,0,-0.14,0,1.00,5.13,3.23,4.08,1.00,D,0.00,12.00,12.00,12.00,2.12,^,-8.57,,16.50,12.30,504,0.00,47.2,1,0,0.00,0.00,0.00,12.00,-0.14,1.00,0,0,0.00,0
2026-05-01 17:36:02,840.49,1,0,0,0,0,0,0,0.00,0,1.00,5.13,3.23,4.29,1.00,D,0.00,12.00,12.00,12.00,2.37,^,0.07,,15.90,12.30,504,0.00,48.3,1,0,0.00,0.00,0.00,12.00,0.00,1.00,0,0,0.00,0
2026-05-01 17:36:03,841.51,1,0,0,0,0,0,0,0.17,0,1.00,5.13,3.23,4.17,1.00,D,0.00,12.00,12.00,1.07,2.31,^,10.06,,18.30,12.30,504,0.00,47.7,1,0,0.00,0.00,0.00,12.00,0.17,1.00,0,0,0.00,0
2026-05-01 17:36:04,842.52,1,0,0,0,0,0,0,-0.42,0,0.50,5.13,3.23,4.22,0.97,D,0.00,1.74,12.00,12.00,1.45,WARN_WARNING,-25.33,lidar_override,14.40,12.30,504,0.00,48.8,1,0,0.00,0.00,0.00,1.74,-0.37,1.00,0,0,0.00,0
2026-05-01 17:36:05,843.53,1,0,0,0,0,0,0,0.07,0,1.00,5.13,3.24,4.16,1.00,D,0.00,12.00,12.00,1.11,1.08,^,4.17,,13.10,12.30,504,0.00,48.3,1,0,0.00,0.00,0.00,12.00,0.07,1.00,0,0,0.00,0
2026-05-01 17:36:06,844.55,1,0,0,0,0,0,0,-0.08,0,1.00,5.13,3.24,4.18,1.00,D,0.00,12.00,12.00,12.00,2.11,^,-5.05,,14.20,12.30,504,0.00,48.3,1,0,0.00,0.00,0.00,12.00,-0.08,1.00,0,0,0.00,0
2026-05-01 17:36:07,845.56,1,0,0,0,0,0,0,-0.07,0,1.00,5.13,3.24,4.26,1.00,D,0.00,12.00,2.62,12.00,2.26,^,-3.96,,13.30,12.30,504,0.00,48.8,1,0,0.00,0.00,0.00,12.00,-0.07,1.00,0,0,0.00,0
2026-05-01 17:36:08,846.64,1,0,0,0,0,0,0,0.02,0,1.00,5.13,3.24,4.07,1.00,D,0.00,12.00,2.50,12.00,2.29,^,1.11,,13.60,12.30,504,0.00,49.4,1,0,0.00,0.00,0.00,12.00,0.02,1.00,0,0,0.00,0
2026-05-01 17:36:09,847.57,1,0,0,0,0,0,0,-0.01,0,1.00,5.13,3.24,4.16,1.00,D,0.00,12.00,12.00,12.00,2.25,^,-0.47,,17.50,12.30,504,0.00,48.3,1,0,0.00,0.00,0.00,12.00,-0.01,1.00,0,0,0.00,0
2026-05-01 17:36:10,848.59,1,0,0,0,0,0,0,-0.03,0,1.00,5.13,3.24,4.18,1.00,D,0.00,12.00,12.00,12.00,2.28,^,-1.53,,16.50,12.30,504,0.00,46.6,1,0,0.00,0.00,0.00,12.00,-0.03,1.00,0,0,0.00,0
2026-05-01 17:36:11,849.60,1,0,0,0,0,0,0,-0.06,0,1.00,5.13,3.24,4.16,1.00,D,0.00,12.00,1.58,12.00,1.65,^,-3.87,,17.10,12.30,504,0.00,48.8,1,0,0.00,0.00,0.00,12.00,-0.06,1.00,0,0,0.00,0
2026-05-01 17:36:12,850.61,1,0,0,0,0,0,0,0.01,0,1.00,5.13,3.24,4.18,1.00,D,0.00,12.00,2.07,12.00,2.27,^,0.51,,17.40,12.30,504,0.00,46.6,1,0,0.00,0.00,0.00,12.00,0.01,1.00,0,0,0.00,0
2026-05-01 17:36:14,851.73,1,0,0,0,0,0,0,-0.11,0,1.00,5.13,3.24,4.19,1.00,D,0.00,12.00,12.00,12.00,2.26,^,-6.74,,16.40,12.30,504,0.00,47.2,1,0,0.00,0.00,0.00,12.00,-0.11,1.00,0,0,0.00,0
2026-05-01 17:36:14,852.63,1,0,0,0,0,0,0,-0.01,0,1.00,5.13,3.25,4.14,1.00,D,0.00,12.00,12.00,12.00,2.23,^,-0.31,,16.80,12.30,504,0.00,47.2,1,0,0.00,0.00,0.00,12.00,-0.01,1.00,0,0,0.00,0
2026-05-01 17:36:16,853.74,1,0,0,0,0,0,0,-0.10,0,1.00,5.13,3.25,4.15,1.00,D,0.00,12.00,12.00,12.00,2.20,^,-5.90,,15.90,12.30,504,0.00,46.6,1,0,0.00,0.00,0.00,12.00,-0.10,1.00,0,0,0.00,0
2026-05-01 17:36:16,854.65,1,0,0,0,0,0,0,0.16,0,1.00,5.13,3.25,3.73,0.86,D,0.00,12.00,12.00,1.04,2.20,^,9.52,,17.30,12.30,504,0.00,48.3,1,0,0.00,0.00,0.00,12.00,0.16,1.00,0,0,0.00,0
2026-05-01 17:36:18,855.66,1,0,0,0,0,0,0,-0.20,0,1.00,5.13,3.25,4.08,1.00,D,0.00,12.00,12.00,1.07,1.99,^,-11.86,,15.10,12.30,504,0.00,47.7,1,0,0.00,0.00,0.00,12.00,-0.20,1.00,0,0,0.00,0
2026-05-01 17:36:19,856.67,1,0,0,0,0,0,0,-0.17,0,1.00,5.13,3.25,4.19,1.00,D,0.00,12.00,12.00,1.25,1.25,^,-10.30,,16.70,12.30,504,0.00,48.3,1,0,0.00,0.00,0.00,12.00,-0.17,1.00,0,0,0.00,0
2026-05-01 17:36:20,857.69,1,0,0,0,0,0,0,0.04,0,1.00,5.13,3.25,4.15,1.00,D,0.00,12.00,12.00,12.00,2.16,^,2.15,,17.30,12.30,504,0.00,48.3,1,0,0.00,0.00,0.00,12.00,0.04,1.00,0,0,0.00,0
2026-05-01 17:36:21,858.70,1,0,0,0,0,0,0,-0.13,0,1.00,5.13,3.25,4.10,1.00,D,0.00,12.00,12.00,12.00,2.26,^,-7.86,,16.20,12.30,504,0.00,46.6,1,0,0.00,0.00,0.00,12.00,-0.13,1.00,0,0,0.00,0
2026-05-01 17:36:22,859.71,1,0,0,0,0,0,0,-0.06,0,1.00,5.13,3.25,4.18,1.00,D,0.00,12.00,12.00,12.00,2.42,^,-3.53,,16.70,12.30,504,0.00,47.7,1,0,0.00,0.00,0.00,12.00,-0.06,1.00,0,0,0.00,0
2026-05-01 17:36:23,860.72,1,0,0,0,0,0,0,-0.02,0,1.00,5.13,3.25,4.17,1.00,D,0.00,12.00,12.00,12.00,12.00,^,-1.24,,16.60,12.30,504,0.00,47.2,1,0,0.00,0.00,0.00,12.00,-0.02,1.00,0,0,0.00,0
2026-05-01 17:36:24,861.74,1,0,0,0,0,0,0,0.05,0,1.00,5.13,3.25,4.11,1.00,D,0.00,2.79,2.20,12.00,12.00,^,2.73,,16.50,12.30,504,0.00,48.3,1,0,0.00,0.00,0.00,2.79,0.05,1.00,0,0,0.00,0
2026-05-01 17:36:25,862.75,1,0,0,0,0,0,0,-0.20,0,1.00,5.13,3.26,4.14,1.00,D,0.00,12.00,1.50,12.00,1.54,^,-11.85,,15.70,12.30,504,0.00,48.3,1,0,0.00,0.00,0.00,12.00,-0.20,1.00,0,0,0.00,0
2026-05-01 17:36:26,863.76,1,0,0,0,0,0,0,-0.08,0,1.00,5.13,3.26,4.12,1.00,D,0.00,12.00,1.58,12.00,1.51,^,-4.77,,14.10,12.30,504,0.00,48.8,1,0,0.00,0.00,0.00,12.00,-0.08,1.00,0,0,0.00,0
2026-05-01 17:36:27,864.78,0,0,0,0,0,0,0,0.00,0,0.00,5.13,3.26,1.21,0.00,D,0.00,12.00,2.06,12.00,1.90,^,0.00,,13.50,12.30,504,0.00,48.3,1,0,0.00,0.00,0.00,12.00,0.00,0.00,0,0,0.00,0
2026-05-01 17:36:28,865.89,0,0,0,0,0,0,0,0.00,0,0.00,5.13,3.25,0.00,0.00,D,0.00,12.00,2.07,12.00,1.46,^,0.00,,13.60,12.30,504,0.49,47.2,1,0,0.00,0.00,0.00,12.00,0.00,0.00,0,0,0.00,0
2026-05-01 17:36:29,866.79,0,0,0,0,0,0,0,0.00,1,0.00,5.13,3.25,0.00,0.00,D,0.00,12.00,2.09,12.00,0.78,^,0.00,,13.00,12.30,504,1.39,48.8,1,0,0.00,0.00,0.00,12.00,0.00,0.00,0,0,0.00,0
2026-05-01 17:36:30,867.80,0,0,0,0,0,0,0,0.00,0,1.00,5.13,3.25,0.00,0.28,D,0.00,12.00,2.06,12.00,0.58,^,0.00,,14.60,12.30,504,0.09,48.3,1,0,0.00,0.00,0.00,12.00,0.00,0.00,0,0,0.00,0
2026-05-01 17:36:31,868.82,0,0,0,0,0,0,0,0.00,0,1.00,5.13,3.24,0.51,0.79,D,0.00,12.00,2.13,12.00,0.63,^,0.00,,14.00,12.30,504,0.00,47.7,1,0,0.00,0.00,0.00,12.00,0.00,0.00,0,0,0.00,0
2026-05-01 17:36:32,869.82,0,0,0,0,0,0,0,0.00,0,0.00,5.13,3.24,3.06,0.69,D,0.00,12.00,12.00,12.00,0.65,^,0.00,,17.60,12.30,504,0.00,47.7,1,0,0.00,0.00,0.00,12.00,0.00,0.00,0,0,0.00,0
2026-05-01 17:36:33,870.82,0,0,0,0,0,0,0,0.21,0,0.92,5.13,3.24,3.37,0.97,D,0.00,12.00,12.00,12.00,0.89,^,0.00,,17.30,12.30,504,0.00,48.8,1,0,0.00,0.00,0.00,12.00,0.00,0.00,0,0,0.00,0
2026-05-01 17:36:34,871.82,0,0,0,0,0,0,0,0.50,0,1.00,5.13,3.24,4.45,1.00,D,0.00,12.00,12.00,12.00,0.94,^,0.00,,18.70,12.30,504,0.00,48.3,1,0,0.00,0.00,0.00,12.00,0.00,0.00,0,0,0.00,0
2026-05-01 17:36:35,872.83,0,0,0,0,0,0,0,0.00,0,0.00,5.13,3.24,3.64,0.68,D,0.00,12.00,12.00,12.00,1.05,^,0.00,,16.50,12.30,504,0.00,47.7,1,0,0.00,0.00,0.00,12.00,0.00,0.00,0,0,0.00,0
2026-05-01 17:36:36,873.85,0,0,0,0,0,0,0,0.00,0,0.00,5.13,3.24,2.63,0.08,D,0.00,12.00,12.00,12.00,1.46,^,0.00,,15.30,12.30,504,0.00,47.7,1,0,0.00,0.00,0.00,12.00,0.00,0.00,0,0,0.00,0
2026-05-01 17:36:37,874.86,0,0,0,0,0,0,0,0.00,0,1.00,5.13,3.24,1.32,0.10,D,0.00,12.00,12.00,12.00,1.14,^,0.00,,15.30,12.30,504,0.00,47.7,1,0,0.00,0.00,0.00,12.00,0.00,0.00,0,0,0.00,0
2026-05-01 17:36:38,875.97,0,0,0,0,0,0,0,0.00,0,1.00,5.13,3.24,0.57,0.60,D,0.00,12.00,12.00,12.00,0.88,^,0.00,,14.50,12.30,504,0.00,47.7,1,0,0.00,0.00,0.00,12.00,0.00,0.00,0,0,0.00,0
2026-05-01 17:36:39,876.87,0,0,0,0,0,0,0,0.00,0,0.86,5.13,3.23,2.95,0.93,D,0.00,12.00,12.00,12.00,0.76,^,0.00,,16.00,12.30,504,0.00,47.7,1,0,0.00,0.00,0.00,12.00,0.00,0.00,0,0,0.00,0
2026-05-01 17:36:40,877.88,0,0,0,0,0,0,0,0.00,0,1.00,5.13,3.24,4.00,1.00,D,0.00,12.00,12.00,12.00,1.38,^,0.00,,16.20,12.30,504,0.00,47.7,1,0,0.00,0.00,0.00,12.00,0.00,0.00,0,0,0.00,0
2026-05-01 17:36:41,878.90,0,0,0,0,0,0,0,-0.29,0,1.00,5.13,3.24,3.81,1.00,D,0.00,12.00,12.00,12.00,1.70,^,0.00,,16.70,12.30,504,0.00,47.2,1,0,0.00,0.00,0.00,12.00,0.00,0.00,0,0,0.00,0
2026-05-01 17:36:42,880.01,0,0,0,0,0,0,0,0.00,0,1.00,5.13,3.24,4.25,1.00,D,0.00,12.00,12.00,12.00,1.45,^,0.00,,15.60,12.30,504,0.00,46.1,1,0,0.00,0.00,0.00,12.00,0.00,0.00,0,0,0.00,0
2026-05-01 17:36:43,880.92,0,0,0,0,0,0,0,0.00,0,1.00,5.13,3.24,4.24,1.00,D,0.00,12.00,12.00,12.00,1.91,^,0.00,,17.60,12.30,504,0.00,47.2,1,0,0.00,0.00,0.00,12.00,0.00,0.00,0,0,0.00,0
2026-05-01 17:36:44,881.94,0,0,0,0,0,0,0,0.00,0,1.00,5.13,3.24,4.40,1.00,D,0.00,12.00,5.63,12.00,12.00,^,0.00,,16.90,12.30,504,0.00,46.6,1,0,0.00,0.00,0.00,12.00,0.00,0.00,0,0,0.00,0
2026-05-01 17:36:45,882.95,0,0,0,0,0,0,0,0.00,0,1.00,5.13,3.24,4.33,1.00,D,0.00,12.00,12.00,12.00,12.00,^,0.00,,15.70,12.30,504,0.00,46.6,1,0,0.00,0.00,0.00,12.00,0.00,0.00,0,0,0.00,0
2026-05-01 17:36:46,884.06,0,0,0,0,0,0,0,0.00,0,0.64,5.13,3.24,4.46,0.84,D,0.00,12.00,3.95,12.00,12.00,^,0.00,,18.30,12.30,504,0.00,47.7,1,0,0.00,0.00,0.00,12.00,0.00,0.00,0,0,0.00,0
2026-05-01 17:36:47,884.97,0,0,0,0,0,0,0,0.00,0,0.00,5.13,3.24,3.19,0.34,D,0.00,12.00,12.00,12.00,12.00,^,0.00,,16.70,12.30,504,0.00,48.3,1,0,0.00,0.00,0.00,12.00,0.00,0.00,0,0,0.00,0
2026-05-01 17:36:48,886.08,0,0,0,0,0,0,0,0.13,0,0.00,5.13,3.24,2.06,0.00,D,0.00,2.34,2.93,12.00,12.00,^,0.00,,16.80,12.30,504,0.00,47.7,1,0,0.00,0.00,0.00,2.34,0.00,0.00,0,0,0.00,0
2026-05-01 17:36:49,886.99,1,0,0,0,0,0,0,-0.09,0,1.00,5.13,3.24,0.22,0.07,D,0.00,2.06,2.27,12.00,4.92,^,-5.35,,16.60,12.30,504,0.03,46.6,1,0,0.00,0.00,0.00,2.06,-0.09,1.00,0,0,0.00,0
2026-05-01 17:36:50,888.10,1,0,0,0,0,0,0,-0.07,0,1.00,5.13,3.24,0.17,0.58,D,0.00,2.04,2.26,12.00,2.53,^,-4.04,,14.20,12.30,504,0.00,47.2,1,0,0.00,0.00,0.00,2.04,-0.07,1.00,0,0,0.00,0
2026-05-01 17:36:51,889.00,1,0,0,0,0,0,0,0.16,0,1.00,5.13,3.23,2.87,1.00,D,0.00,1.44,1.80,2.38,2.18,^,9.33,,15.30,12.30,504,0.00,48.3,1,0,0.00,0.00,0.00,1.44,0.16,1.00,0,0,0.00,0
2026-05-01 17:36:52,890.01,1,0,0,0,0,0,0,0.00,0,1.00,5.13,3.23,4.15,1.00,D,0.00,12.00,1.59,2.53,0.57,^,0.15,,17.50,12.30,504,0.00,45.5,1,0,0.00,0.00,0.00,12.00,0.00,1.00,0,0,0.00,0
2026-05-01 17:36:53,891.13,1,0,0,0,0,0,0,-0.08,0,1.00,5.13,3.24,4.58,1.00,D,0.00,12.00,12.00,2.39,1.46,^,-5.05,,18.00,12.30,504,0.00,46.6,1,0,0.00,0.00,0.00,12.00,-0.08,1.00,0,0,0.00,0
2026-05-01 17:36:54,892.03,1,0,0,0,0,0,0,0.03,0,1.00,5.13,3.24,4.52,1.00,D,0.00,12.00,12.00,12.00,1.84,^,1.54,,15.80,12.30,504,0.00,46.6,1,0,0.00,0.00,0.00,12.00,0.03,1.00,0,0,0.00,0
2026-05-01 17:36:55,893.04,1,0,0,0,0,0,0,0.03,0,1.00,5.13,3.24,4.68,1.00,D,0.00,12.00,12.00,12.00,1.91,^,1.63,,16.70,12.30,504,0.00,47.7,1,0,0.00,0.00,0.00,12.00,0.03,1.00,0,0,0.00,0
2026-05-01 17:36:56,894.15,1,0,0,0,0,0,0,-0.05,0,1.00,5.13,3.24,4.68,1.00,D,0.00,12.00,12.00,12.00,1.94,^,-2.86,,15.80,12.30,504,0.00,46.6,1,0,0.00,0.00,0.00,12.00,-0.05,1.00,0,0,0.00,0
2026-05-01 17:36:57,895.06,1,0,0,0,0,0,0,-0.02,0,1.00,5.13,3.24,4.68,1.00,D,0.00,12.00,12.00,12.00,2.06,^,-0.92,,14.40,12.30,504,0.00,48.3,1,0,0.00,0.00,0.00,12.00,-0.02,1.00,0,0,0.00,0
2026-05-01 17:36:58,896.17,1,0,0,0,0,0,0,-0.11,0,1.00,5.13,3.24,4.76,1.00,D,0.00,12.00,12.00,12.00,2.27,^,-6.77,,13.10,12.30,504,0.00,47.2,1,0,0.00,0.00,0.00,12.00,-0.11,1.00,0,0,0.00,0
2026-05-01 17:36:59,897.07,1,0,0,0,0,0,0,0.02,0,1.00,5.13,3.25,4.68,1.00,D,0.00,12.00,12.00,12.00,2.42,^,0.93,,14.60,12.30,504,0.00,48.3,1,0,0.00,0.00,0.00,12.00,0.02,1.00,0,0,0.00,0
2026-05-01 17:37:00,898.18,1,0,0,0,0,0,0,0.07,0,1.00,5.13,3.25,4.69,1.00,D,0.00,12.00,3.05,12.00,2.80,^,4.49,,13.30,12.30,504,0.00,48.3,1,0,0.00,0.00,0.00,12.00,0.07,1.00,0,0,0.00,0
2026-05-01 17:37:01,899.08,1,0,0,0,0,0,0,-0.01,0,1.00,5.13,3.25,4.78,1.00,D,0.00,12.00,1.90,12.00,2.35,^,-0.49,,16.20,12.30,504,0.00,48.8,1,0,0.00,0.00,0.00,12.00,-0.01,1.00,0,0,0.00,0
2026-05-01 17:37:02,900.10,1,0,0,0,0,0,0,0.02,0,1.00,5.13,3.25,4.73,1.00,D,0.00,12.00,1.09,12.00,1.11,^,1.22,,15.80,12.30,504,0.00,47.2,1,0,0.00,0.00,0.00,12.00,0.02,1.00,0,0,0.00,0
2026-05-01 17:37:03,901.11,1,0,0,0,0,0,0,-0.42,0,0.50,5.13,3.25,4.80,0.90,D,0.00,1.90,12.00,12.00,2.03,WARN_WARNING,-25.33,lidar_override,17.00,12.30,504,0.00,48.3,1,0,0.00,0.00,0.00,1.90,-0.04,1.00,0,0,0.00,0
2026-05-01 17:37:04,902.12,1,0,0,0,0,0,0,0.22,0,1.00,5.13,3.25,4.44,1.00,D,0.00,12.00,2.41,12.00,1.23,^,12.97,,17.80,12.30,504,0.00,47.7,1,0,0.00,0.00,0.00,12.00,0.22,1.00,0,0,0.00,0
2026-05-01 17:37:05,903.14,1,0,0,0,0,0,0,0.19,0,1.00,5.13,3.25,4.74,1.00,D,0.00,12.00,1.54,12.00,1.55,^,11.37,,17.30,12.30,504,0.00,46.1,1,0,0.00,0.00,0.00,12.00,0.19,1.00,0,0,0.00,0
2026-05-01 17:37:06,904.15,1,0,0,0,0,0,0,-0.14,0,1.00,5.13,3.26,4.58,1.00,D,0.00,12.00,12.00,12.00,1.73,^,-8.31,,17.10,12.30,504,0.00,47.7,1,0,0.00,0.00,0.00,12.00,-0.14,1.00,0,0,0.00,0
2026-05-01 17:37:07,905.16,1,0,0,0,0,0,0,-0.07,0,1.00,5.13,3.26,4.74,1.00,D,0.00,12.00,12.00,12.00,3.33,^,-4.02,,17.10,12.30,504,0.00,47.7,1,0,0.00,0.00,0.00,12.00,-0.07,1.00,0,0,0.00,0
2026-05-01 17:37:08,906.17,1,0,0,0,0,0,0,-0.00,0,1.00,5.13,3.26,4.70,1.00,D,0.00,12.00,12.00,12.00,12.00,^,-0.18,,15.90,12.30,504,0.00,47.2,1,0,0.00,0.00,0.00,12.00,-0.00,1.00,0,0,0.00,0
2026-05-01 17:37:09,907.19,1,0,0,0,0,0,0,-0.04,0,1.00,5.13,3.26,4.68,1.00,D,0.00,12.00,12.00,12.00,2.46,^,-2.26,,16.20,12.30,504,0.00,48.3,1,0,0.00,0.00,0.00,12.00,-0.04,1.00,0,0,0.00,0
2026-05-01 17:37:10,908.20,1,0,0,0,0,0,0,-0.00,0,1.00,5.13,3.26,4.66,1.00,D,0.00,12.00,12.00,12.00,12.00,^,-0.23,,16.50,12.30,504,0.00,47.7,1,0,0.00,0.00,0.00,12.00,-0.00,1.00,0,0,0.00,0
2026-05-01 17:37:11,909.21,1,0,0,0,0,0,0,-0.11,0,1.00,5.13,3.26,4.67,1.00,D,0.00,12.00,12.00,12.00,12.00,^,-6.70,,16.20,12.30,504,0.00,49.4,1,0,0.00,0.00,0.00,12.00,-0.11,1.00,0,0,0.00,0
2026-05-01 17:37:12,910.21,1,0,0,0,0,0,0,-0.04,0,1.00,5.13,3.27,4.70,1.00,D,0.00,12.00,12.00,12.00,12.00,^,-2.35,,13.90,12.30,504,0.00,49.9,1,0,0.00,0.00,0.00,12.00,-0.04,1.00,0,0,0.00,0
2026-05-01 17:37:13,911.23,1,0,0,0,0,0,0,0.05,0,1.00,5.13,3.27,4.54,1.00,D,0.00,12.00,12.00,12.00,12.00,^,2.75,,13.50,12.30,504,0.00,48.3,1,0,0.00,0.00,0.00,12.00,0.05,1.00,0,0,0.00,0
2026-05-01 17:37:14,912.23,1,0,0,0,0,0,0,-0.08,0,1.00,5.13,3.27,4.74,1.00,D,0.00,12.00,12.00,12.00,2.39,^,-5.01,,12.50,12.30,504,0.00,49.4,1,0,0.00,0.00,0.00,12.00,-0.08,1.00,0,0,0.00,0
2026-05-01 17:37:15,913.24,1,0,0,0,0,0,0,-0.10,0,1.00,5.13,3.27,4.67,1.00,D,0.00,12.00,2.40,12.00,12.00,^,-5.78,,14.00,12.30,504,0.00,48.8,1,0,0.00,0.00,0.00,12.00,-0.10,1.00,0,0,0.00,0
2026-05-01 17:37:16,914.25,1,0,0,0,0,0,0,0.01,0,1.00,5.13,3.27,4.59,1.00,D,0.00,12.00,2.60,12.00,12.00,^,0.33,,15.10,12.30,504,0.00,48.3,1,0,0.00,0.00,0.00,12.00,0.01,1.00,0,0,0.00,0
2026-05-01 17:37:17,915.26,1,0,0,0,0,0,0,-0.14,0,1.00,5.13,3.27,4.65,1.00,D,0.00,12.00,12.00,12.00,2.58,^,-8.59,,14.90,12.30,504,0.00,47.2,1,0,0.00,0.00,0.00,12.00,-0.14,1.00,0,0,0.00,0
2026-05-01 17:37:18,916.37,1,0,0,0,0,0,0,0.07,0,1.00,5.13,3.27,4.62,1.00,D,0.00,12.00,12.00,12.00,2.28,^,3.96,,16.90,12.30,504,0.00,48.3,1,0,0.00,0.00,0.00,12.00,0.07,1.00,0,0,0.00,0
2026-05-01 17:37:19,917.28,1,0,0,0,0,0,0,0.04,0,1.00,5.13,3.28,4.45,1.00,D,0.00,12.00,2.35,12.00,12.00,^,2.63,,15.90,12.30,504,0.00,48.3,1,0,0.00,0.00,0.00,12.00,0.04,1.00,0,0,0.00,0
2026-05-01 17:37:20,918.28,1,0,0,0,0,0,0,-0.01,0,1.00,5.13,3.28,4.60,1.00,D,0.00,12.00,2.47,12.00,12.00,^,-0.86,,14.80,12.30,504,0.00,47.7,1,0,0.00,0.00,0.00,12.00,-0.01,1.00,0,0,0.00,0
2026-05-01 17:37:21,919.29,1,0,0,0,0,0,0,0.09,0,1.00,5.13,3.28,4.42,1.00,D,0.00,12.00,12.00,12.00,12.00,^,5.41,,16.10,12.30,504,0.00,47.7,1,0,0.00,0.00,0.00,12.00,0.09,1.00,0,0,0.00,0
2026-05-01 17:37:22,920.30,1,0,0,0,0,0,0,-0.08,0,1.00,5.13,3.28,4.52,1.00,D,0.00,12.00,12.00,12.00,12.00,^,-4.64,,16.80,12.30,504,0.00,48.3,1,0,0.00,0.00,0.00,12.00,-0.08,1.00,0,0,0.00,0
2026-05-01 17:37:23,921.30,1,0,0,0,0,0,0,-0.07,0,1.00,5.13,3.28,4.49,1.00,D,0.00,12.00,12.00,12.00,2.50,^,-4.21,,15.50,12.30,504,0.00,46.6,1,0,0.00,0.00,0.00,12.00,-0.07,1.00,0,0,0.00,0
2026-05-01 17:37:24,922.31,1,0,0,0,0,0,0,-0.03,0,1.00,5.13,3.28,4.37,1.00,D,0.00,12.00,12.00,12.00,12.00,^,-2.01,,14.50,12.30,504,0.00,48.3,1,0,0.00,0.00,0.00,12.00,-0.03,1.00,0,0,0.00,0
2026-05-01 17:37:25,923.33,1,0,0,0,0,0,0,-0.04,0,1.00,5.13,3.28,4.50,1.00,D,0.00,12.00,12.00,12.00,12.00,^,-2.64,,14.90,12.30,504,0.00,48.8,1,0,0.00,0.00,0.00,12.00,-0.04,1.00,0,0,0.00,0
2026-05-01 17:37:26,924.34,1,0,0,0,0,0,0,-0.09,0,1.00,5.13,3.29,4.42,1.00,D,0.00,12.00,12.00,12.00,12.00,^,-5.18,,13.40,12.30,504,0.00,48.3,1,0,0.00,0.00,0.00,12.00,-0.09,1.00,0,0,0.00,0
2026-05-01 17:37:27,925.35,1,0,0,0,0,0,0,-0.02,0,1.00,5.13,3.29,4.51,1.00,D,0.00,12.00,12.00,12.00,2.42,^,-1.09,,13.70,12.30,504,0.00,48.8,1,0,0.00,0.00,0.00,12.00,-0.02,1.00,0,0,0.00,0
2026-05-01 17:37:28,926.36,1,0,0,0,0,0,0,-0.03,0,1.00,5.13,3.29,4.48,1.00,D,0.00,12.00,12.00,12.00,12.00,^,-2.06,,14.90,12.30,504,0.00,48.8,1,0,0.00,0.00,0.00,12.00,-0.03,1.00,0,0,0.00,0
2026-05-01 17:37:29,927.38,1,0,0,0,0,0,0,-0.04,0,1.00,5.13,3.29,4.47,1.00,D,0.00,12.00,12.00,12.00,12.00,^,-2.25,,17.50,12.30,504,0.00,49.4,1,0,0.00,0.00,0.00,12.00,-0.04,1.00,0,0,0.00,0
2026-05-01 17:37:30,928.49,1,0,0,0,0,0,0,-0.08,0,1.00,5.13,3.29,4.47,1.00,D,0.00,12.00,12.00,12.00,12.00,^,-4.73,,15.70,12.30,504,0.00,48.3,1,0,0.00,0.00,0.00,12.00,-0.08,1.00,0,0,0.00,0
2026-05-01 17:37:31,929.39,1,0,0,0,0,0,0,-0.07,0,1.00,5.13,3.29,4.48,1.00,D,0.00,12.00,2.50,12.00,12.00,^,-4.38,,17.40,12.30,504,0.00,48.3,1,0,0.00,0.00,0.00,12.00,-0.07,1.00,0,0,0.00,0
2026-05-01 17:37:32,930.41,1,0,0,0,0,0,0,0.42,0,0.50,5.13,3.29,4.45,0.99,D,0.00,1.89,2.42,12.00,12.00,WARN_WARNING,25.33,lidar_override,16.20,12.30,504,0.00,48.3,1,0,0.00,0.00,0.00,1.89,0.01,1.00,0,0,0.00,0
2026-05-01 17:37:33,931.42,1,0,0,0,0,0,0,0.42,0,0.50,5.13,3.29,3.82,0.93,D,0.00,1.54,0.99,12.00,12.00,WARN_WARNING,25.33,lidar_override,18.90,12.30,504,0.00,47.2,1,0,0.00,0.00,0.00,1.54,0.03,1.00,0,0,0.00,0
2026-05-01 17:37:34,932.44,1,0,0,0,0,0,0,0.42,0,0.50,5.13,3.30,3.61,0.93,D,0.00,1.50,0.91,12.00,0.98,WARN_WARNING,25.33,lidar_override,18.00,12.30,504,0.00,46.6,1,0,0.00,0.00,0.00,1.50,0.09,1.00,0,0,0.00,0
2026-05-01 17:37:35,933.45,1,0,0,0,0,0,0,-0.43,0,1.00,5.13,3.30,3.22,0.91,D,0.00,12.00,1.19,12.00,1.14,^,-25.56,,17.70,12.30,504,0.00,47.7,1,0,0.00,0.00,0.00,12.00,-0.43,1.00,0,0,0.00,0
2026-05-01 17:37:36,934.46,1,0,0,0,0,0,0,-0.22,0,1.00,5.13,3.30,3.76,1.00,D,0.00,12.00,0.95,12.00,0.85,^,-13.27,,18.60,12.30,504,0.00,47.2,1,0,0.00,0.00,0.00,12.00,-0.22,1.00,0,0,0.00,0
2026-05-01 17:37:37,935.47,1,0,0,0,0,0,0,0.07,0,1.00,5.13,3.30,4.43,1.00,D,0.00,12.00,1.29,12.00,1.31,^,4.48,,18.60,12.30,504,0.00,48.3,1,0,0.00,0.00,0.00,12.00,0.07,1.00,0,0,0.00,0
2026-05-01 17:37:38,936.58,1,0,0,0,0,0,0,0.02,0,1.00,5.13,3.30,4.40,1.00,D,0.00,12.00,2.10,12.00,1.77,^,1.21,,17.60,12.30,504,0.00,46.6,1,0,0.00,0.00,0.00,12.00,0.02,1.00,0,0,0.00,0
2026-05-01 17:37:39,937.49,1,0,0,0,0,0,0,-0.13,0,1.00,5.13,3.30,4.45,1.00,D,0.00,12.00,12.00,12.00,12.00,^,-8.04,,17.40,12.30,504,0.00,46.6,1,0,0.00,0.00,0.00,12.00,-0.13,1.00,0,0,0.00,0
2026-05-01 17:37:40,938.49,1,0,0,0,0,0,0,-0.15,0,1.00,5.13,3.30,4.33,1.00,D,0.00,12.00,1.15,12.00,1.32,^,-8.78,,17.10,12.30,504,0.00,48.3,1,0,0.00,0.00,0.00,12.00,-0.15,1.00,0,0,0.00,0
2026-05-01 17:37:41,939.50,1,0,0,0,0,0,0,0.06,0,1.00,5.13,3.30,4.22,1.00,D,0.00,12.00,12.00,12.00,1.06,^,3.49,,17.80,12.30,504,0.00,48.3,1,0,0.00,0.00,0.00,12.00,0.06,1.00,0,0,0.00,0
2026-05-01 17:37:42,940.52,1,0,0,0,0,0,0,-0.07,0,1.00,5.13,3.30,4.17,1.00,D,0.00,12.00,1.85,12.00,2.09,^,-4.42,,17.00,12.30,504,0.00,48.3,1,0,0.00,0.00,0.00,12.00,-0.07,1.00,0,0,0.00,0
2026-05-01 17:37:43,941.53,1,0,0,0,0,0,0,-0.05,0,1.00,5.13,3.30,4.26,1.00,D,0.00,12.00,2.10,12.00,1.29,^,-2.98,,16.20,12.30,504,0.00,47.7,1,0,0.00,0.00,0.00,12.00,-0.05,1.00,0,0,0.00,0
2026-05-01 17:37:44,942.53,1,0,0,0,0,0,0,-0.06,0,1.00,5.13,3.30,4.28,1.00,D,0.00,12.00,2.08,12.00,2.09,^,-3.73,,16.10,12.30,504,0.00,47.2,1,0,0.00,0.00,0.00,12.00,-0.06,1.00,0,0,0.00,0
2026-05-01 17:37:45,943.55,1,0,0,0,0,0,0,-0.03,0,1.00,5.13,3.31,4.27,1.00,D,0.00,12.00,1.25,12.00,1.27,^,-1.53,,17.20,12.30,504,0.00,47.2,1,0,0.00,0.00,0.00,12.00,-0.03,1.00,0,0,0.00,0
2026-05-01 17:37:46,944.56,1,0,0,0,0,0,0,-0.15,0,1.00,5.13,3.31,4.27,1.00,D,0.00,12.00,2.01,12.00,1.99,^,-8.92,,16.00,12.30,504,0.00,47.7,1,0,0.00,0.00,0.00,12.00,-0.15,1.00,0,0,0.00,0
2026-05-01 17:37:47,945.57,1,0,0,0,0,0,0,-0.02,0,1.00,5.13,3.31,4.20,1.00,D,0.00,12.00,1.98,12.00,12.00,^,-1.38,,16.30,12.30,504,0.00,47.2,1,0,0.00,0.00,0.00,12.00,-0.02,1.00,0,0,0.00,0
2026-05-01 17:37:48,946.59,1,0,0,0,0,0,0,-0.13,0,1.00,5.13,3.31,4.21,1.00,D,0.00,12.00,12.00,12.00,2.08,^,-7.83,,15.60,12.30,504,0.00,48.3,1,0,0.00,0.00,0.00,12.00,-0.13,1.00,0,0,0.00,0
2026-05-01 17:37:49,947.60,1,0,0,0,0,0,0,0.05,0,1.00,5.13,3.31,4.17,1.00,D,0.00,12.00,1.26,12.00,2.06,^,2.78,,16.20,12.30,504,0.00,46.6,1,0,0.00,0.00,0.00,12.00,0.05,1.00,0,0,0.00,0
2026-05-01 17:37:50,948.62,1,0,0,0,0,0,0,-0.09,0,1.00,5.13,3.31,4.16,1.00,D,0.00,12.00,1.37,12.00,1.35,^,-5.37,,13.10,12.30,504,0.00,48.3,1,0,0.00,0.00,0.00,12.00,-0.09,1.00,0,0,0.00,0
2026-05-01 17:37:51,949.62,1,0,0,0,0,0,0,0.06,0,1.00,5.13,3.31,4.01,1.00,D,0.00,12.00,1.09,12.00,0.88,^,3.66,,14.20,12.30,504,0.00,48.8,1,0,0.00,0.00,0.00,12.00,0.06,1.00,0,0,0.00,0
2026-05-01 17:37:52,950.63,1,0,0,0,0,0,0,-0.35,0,1.00,5.13,3.31,4.19,0.85,D,0.00,12.00,1.58,12.00,1.55,^,-20.78,,15.60,12.30,504,0.00,48.3,1,0,0.00,0.00,0.00,12.00,-0.35,1.00,0,0,0.00,0
2026-05-01 17:37:53,951.64,1,0,0,0,0,0,0,0.04,0,1.00,5.13,3.31,3.87,1.00,D,0.00,12.00,0.82,12.00,2.65,^,2.58,,14.00,12.30,504,0.00,47.2,1,0,0.00,0.00,0.00,12.00,0.04,1.00,0,0,0.00,0
2026-05-01 17:37:54,952.65,1,0,0,0,0,0,0,-0.14,0,1.00,5.13,3.31,4.19,1.00,D,0.00,12.00,1.79,12.00,1.38,^,-8.42,,15.70,12.30,504,0.00,48.3,1,0,0.00,0.00,0.00,12.00,-0.14,1.00,0,0,0.00,0
2026-05-01 17:37:56,953.66,1,0,0,0,0,0,0,-0.03,0,1.00,5.13,3.31,4.10,1.00,D,0.00,12.00,1.44,12.00,1.44,^,-1.77,,16.30,12.30,504,0.00,48.3,1,0,0.00,0.00,0.00,12.00,-0.03,1.00,0,0,0.00,0
2026-05-01 17:37:57,954.68,1,0,0,0,0,0,0,-0.16,0,1.00,5.13,3.32,4.11,1.00,D,0.00,12.00,0.84,12.00,0.83,^,-9.35,,16.90,12.30,504,0.00,48.8,1,0,0.00,0.00,0.00,12.00,-0.16,1.00,0,0,0.00,0
2026-05-01 17:37:58,955.69,1,0,0,0,0,0,0,-0.14,0,1.00,5.13,3.32,4.26,1.00,D,0.00,12.00,1.62,12.00,0.84,^,-8.53,,17.50,12.30,504,0.00,48.3,1,0,0.00,0.00,0.00,12.00,-0.14,1.00,0,0,0.00,0
2026-05-01 17:37:59,956.70,1,0,0,0,0,0,0,-0.10,0,1.00,5.13,3.32,3.92,1.00,D,0.00,12.00,1.13,12.00,1.13,^,-6.09,,16.20,12.30,504,0.00,47.7,1,0,0.00,0.00,0.00,12.00,-0.10,1.00,0,0,0.00,0
2026-05-01 17:38:00,957.71,1,0,0,0,0,0,0,0.42,0,0.50,5.13,3.32,4.18,0.77,D,0.00,1.90,1.56,12.00,1.61,WARN_WARNING,25.33,lidar_override,19.50,12.30,504,0.00,47.2,1,0,0.00,0.00,0.00,1.90,-0.21,1.00,0,0,0.00,0
2026-05-01 17:38:01,958.72,1,0,0,0,0,0,0,-0.12,0,1.00,5.13,3.32,3.71,1.00,D,0.00,12.00,1.09,12.00,1.26,^,-7.23,,16.10,12.30,504,0.00,48.3,1,0,0.00,0.00,0.00,12.00,-0.12,1.00,0,0,0.00,0
2026-05-01 17:38:02,959.74,1,0,0,0,0,0,0,-0.01,0,1.00,5.13,3.32,4.00,1.00,D,0.00,12.00,1.80,12.00,1.11,^,-0.31,,14.40,12.30,504,0.00,48.8,1,0,0.00,0.00,0.00,12.00,-0.01,1.00,0,0,0.00,0
2026-05-01 17:38:03,960.75,1,0,0,0,0,0,0,-0.08,0,1.00,5.13,3.32,3.94,1.00,D,0.00,12.00,1.68,12.00,1.53,^,-4.51,,13.40,12.30,504,0.00,47.7,1,0,0.00,0.00,0.00,12.00,-0.08,1.00,0,0,0.00,0
2026-05-01 17:38:04,961.76,1,0,0,0,0,0,0,-0.08,0,1.00,5.13,3.32,3.93,1.00,D,0.00,12.00,12.00,12.00,2.15,^,-4.92,,13.30,12.30,504,0.00,49.9,1,0,0.00,0.00,0.00,12.00,-0.08,1.00,0,0,0.00,0
2026-05-01 17:38:05,962.77,1,0,0,0,0,0,0,-0.08,0,1.00,5.13,3.32,4.00,1.00,D,0.00,12.00,12.00,12.00,12.00,^,-4.99,,13.60,12.30,504,0.00,48.8,1,0,0.00,0.00,0.00,12.00,-0.08,1.00,0,0,0.00,0
2026-05-01 17:38:06,963.79,1,0,0,0,0,0,0,-0.03,0,1.00,5.13,3.32,3.92,1.00,D,0.00,12.00,12.00,12.00,12.00,^,-1.63,,15.20,12.30,504,0.00,48.8,1,0,0.00,0.00,0.00,12.00,-0.03,1.00,0,0,0.00,0
2026-05-01 17:38:07,964.80,1,0,0,0,0,0,0,-0.06,0,1.00,5.13,3.32,3.85,1.00,D,0.00,12.00,12.00,12.00,12.00,^,-3.74,,16.90,12.30,504,0.00,48.3,1,0,0.00,0.00,0.00,12.00,-0.06,1.00,0,0,0.00,0
2026-05-01 17:38:08,965.91,1,0,0,0,0,0,0,-0.04,0,1.00,5.13,3.32,3.75,1.00,D,0.00,12.00,12.00,12.00,12.00,^,-2.40,,16.30,12.30,504,0.00,47.2,1,0,0.00,0.00,0.00,12.00,-0.04,1.00,0,0,0.00,0
2026-05-01 17:38:09,966.81,1,0,0,0,0,0,0,-0.11,0,1.00,5.13,3.32,3.68,1.00,D,0.00,12.00,12.00,12.00,12.00,^,-6.48,,17.00,12.30,504,0.00,48.3,1,0,0.00,0.00,0.00,12.00,-0.11,1.00,0,0,0.00,0
2026-05-01 17:38:10,967.83,1,0,0,0,0,0,0,-0.16,0,1.00,5.13,3.32,1.74,0.40,D,0.00,12.00,12.00,12.00,12.00,^,-9.73,,14.70,12.30,504,0.00,47.7,1,0,0.00,0.00,0.00,12.00,-0.16,1.00,0,0,0.00,0
2026-05-01 17:38:11,968.84,1,0,0,0,0,0,0,-0.12,0,1.00,5.13,3.32,1.12,0.91,D,0.00,12.00,12.00,12.00,12.00,^,-7.31,,12.50,12.30,504,0.00,49.4,1,0,0.00,0.00,0.00,12.00,-0.12,1.00,0,0,0.00,0
2026-05-01 17:38:12,969.95,1,0,0,0,0,0,0,0.10,0,1.00,5.13,3.32,3.46,1.00,D,0.00,12.00,12.00,12.00,12.00,^,6.26,,12.80,12.40,504,0.00,47.7,1,0,0.00,0.00,0.00,12.00,0.10,1.00,0,0,0.00,0
2026-05-01 17:38:13,970.86,1,0,0,0,0,0,0,0.11,0,1.00,5.13,3.32,3.63,1.00,D,0.00,12.00,1.74,12.00,12.00,^,6.37,,13.40,12.40,504,0.00,48.3,1,0,0.00,0.00,0.00,12.00,0.11,1.00,0,0,0.00,0
2026-05-01 17:38:14,971.97,1,0,0,0,0,0,0,-0.06,0,1.00,5.13,3.32,3.63,1.00,D,0.00,12.00,12.00,12.00,1.40,^,-3.58,,12.70,12.40,504,0.00,49.9,1,0,0.00,0.00,0.00,12.00,-0.06,1.00,0,0,0.00,0
2026-05-01 17:38:15,972.87,1,0,0,0,0,0,0,-0.17,0,1.00,5.13,3.32,3.78,1.00,D,0.00,12.00,12.00,12.00,2.10,^,-9.99,,16.50,12.40,504,0.00,47.7,1,0,0.00,0.00,0.00,12.00,-0.17,1.00,0,0,0.00,0
2026-05-01 17:38:16,973.88,1,0,0,0,0,0,0,-0.09,0,1.00,5.13,3.32,3.62,1.00,D,0.00,12.00,12.00,12.00,12.00,^,-5.12,,17.20,12.40,504,0.00,48.3,1,0,0.00,0.00,0.00,12.00,-0.09,1.00,0,0,0.00,0
2026-05-01 17:38:17,974.89,1,0,0,0,0,0,0,-0.22,0,1.00,5.13,3.32,3.77,1.00,D,0.00,12.00,12.00,12.00,2.53,^,-13.02,,15.50,12.40,504,0.00,48.3,1,0,0.00,0.00,0.00,12.00,-0.22,1.00,0,0,0.00,0
2026-05-01 17:38:18,975.90,1,0,0,0,0,0,0,-0.03,0,1.00,5.13,3.32,3.04,0.14,D,0.00,12.00,12.00,12.00,2.50,^,-1.99,,17.00,12.30,504,0.00,47.2,1,0,0.00,0.00,0.00,12.00,-0.03,1.00,0,0,0.00,0
2026-05-01 17:38:19,976.91,1,0,0,0,0,0,0,-0.18,0,1.00,5.13,3.32,1.10,0.65,D,0.00,12.00,12.00,12.00,1.72,^,-10.59,,16.30,12.30,504,0.00,48.3,1,0,0.00,0.00,0.00,12.00,-0.18,1.00,0,0,0.00,0
2026-05-01 17:38:20,977.92,1,0,0,0,0,0,0,0.03,0,1.00,5.13,3.32,0.06,0.09,D,0.00,12.00,12.00,12.00,1.14,^,1.99,,15.40,12.30,504,0.01,47.2,1,0,0.00,0.00,0.00,12.00,0.03,1.00,0,0,0.00,0
2026-05-01 17:38:21,978.92,1,0,0,0,0,0,0,-0.00,0,1.00,5.13,3.31,0.00,0.02,D,0.00,12.00,12.00,12.00,0.95,^,-0.13,,19.20,12.30,504,0.05,48.8,1,0,0.00,0.00,0.00,12.00,-0.00,1.00,0,0,0.00,0
2026-05-01 17:38:22,979.93,1,0,0,0,0,0,0,0.03,0,1.00,5.13,3.31,0.00,0.08,D,0.00,12.00,12.00,12.00,1.39,^,1.71,,13.70,12.30,504,0.94,48.8,1,0,0.00,0.00,0.00,12.00,0.03,1.00,0,0,0.00,0
2026-05-01 17:38:23,980.94,1,0,0,0,0,0,0,0.00,0,1.00,5.13,3.31,0.04,0.59,D,0.00,12.00,12.00,12.00,1.47,^,0.12,,11.50,12.30,504,0.00,48.8,1,0,0.00,0.00,0.00,12.00,0.00,1.00,0,0,0.00,0
2026-05-01 17:38:24,981.95,1,0,0,0,0,0,0,-0.00,0,1.00,5.13,3.30,0.00,0.38,D,0.00,12.00,12.00,12.00,1.36,^,-0.28,,13.80,12.30,504,0.38,48.3,1,0,0.00,0.00,0.00,12.00,-0.00,1.00,0,0,0.00,0
2026-05-01 17:38:25,982.96,1,0,0,0,0,0,0,0.04,0,1.00,5.13,3.30,0.96,0.88,D,0.00,12.00,12.00,12.00,1.46,^,2.61,,14.20,12.30,504,0.00,49.4,1,0,0.00,0.00,0.00,12.00,0.04,1.00,0,0,0.00,0
2026-05-01 17:38:26,983.97,1,0,0,0,0,0,0,-0.19,0,1.00,5.13,3.30,0.05,0.05,D,0.00,12.00,12.00,12.00,1.86,^,-11.17,,14.50,12.30,504,0.01,47.7,1,0,0.00,0.00,0.00,12.00,-0.19,1.00,0,0,0.00,0
2026-05-01 17:38:27,984.98,0,0,0,0,0,0,0,1.00,0,1.00,5.13,3.29,0.08,0.09,D,0.00,12.00,12.00,12.00,1.60,^,0.00,,14.00,12.30,504,0.00,49.4,1,0,0.00,0.00,0.00,12.00,0.00,0.00,0,0,0.00,0
2026-05-01 17:38:28,986.00,0,0,0,0,0,0,0,0.96,0,1.00,5.13,3.29,0.04,0.60,D,0.00,12.00,12.00,12.00,1.42,^,0.00,,12.60,12.30,504,0.02,49.9,1,0,0.00,0.00,0.00,12.00,0.00,0.00,0,0,0.00,0
2026-05-01 17:38:29,987.01,0,0,0,0,0,0,0,0.00,0,0.00,5.13,3.29,2.73,0.87,D,0.00,12.00,1.44,12.00,1.41,^,0.00,,14.10,12.30,504,0.00,49.9,1,0,0.00,0.00,0.00,12.00,0.00,0.00,0,0,0.00,0
2026-05-01 17:38:30,988.01,0,0,0,0,0,0,0,0.00,0,0.00,5.13,3.29,1.36,0.27,D,0.00,12.00,1.01,12.00,1.26,^,0.00,,14.20,12.30,504,0.00,48.3,1,0,0.00,0.00,0.00,12.00,0.00,0.00,0,0,0.00,0
2026-05-01 17:38:31,989.02,1,0,0,0,0,0,0,-0.25,0,1.00,5.13,3.29,0.18,0.67,D,0.00,2.16,0.86,12.00,0.95,^,-14.89,,12.90,12.30,504,0.00,48.3,1,0,0.00,0.00,0.00,2.16,-0.25,1.00,0,0,0.00,0
2026-05-01 17:38:32,990.04,1,0,0,0,0,0,0,-0.17,0,1.00,5.13,3.28,1.65,0.84,D,0.00,1.71,0.61,12.00,0.86,^,-9.90,,14.30,12.30,504,0.00,48.8,1,0,0.00,0.00,0.00,1.71,-0.17,1.00,0,0,0.00,0
2026-05-01 17:38:33,991.05,1,0,0,0,0,0,0,0.42,0,0.50,5.13,3.28,3.32,0.85,D,0.00,1.56,0.80,12.00,0.69,WARN_WARNING,25.33,lidar_override,16.50,12.30,504,0.00,48.3,1,0,0.00,0.00,0.00,1.56,-0.39,1.00,0,0,0.00,0
2026-05-01 17:38:34,992.06,1,0,0,0,0,0,0,0.42,0,0.50,5.13,3.28,3.25,0.79,D,0.00,0.76,0.57,12.00,0.60,STOP_WARNING,25.33,lidar_override,17.60,12.30,504,0.00,48.3,1,0,0.00,0.00,0.00,0.76,0.00,1.00,0,0,0.00,0
2026-05-01 17:38:35,993.08,1,0,0,0,0,0,0,0.06,0,1.00,5.13,3.28,3.45,1.00,D,0.00,12.00,2.73,12.00,0.59,^,3.60,,16.50,12.30,504,0.00,48.3,1,0,0.00,0.00,0.00,12.00,0.06,1.00,0,0,0.00,0
2026-05-01 17:38:36,994.19,1,0,0,0,0,0,0,-0.11,0,1.00,5.13,3.28,3.78,1.00,D,0.00,12.00,12.00,12.00,2.60,^,-6.37,,15.70,12.30,504,0.00,48.3,1,0,0.00,0.00,0.00,12.00,-0.11,1.00,0,0,0.00,0
2026-05-01 17:38:37,995.09,1,0,0,0,0,0,0,0.00,0,1.00,5.13,3.28,3.88,1.00,D,0.00,12.00,12.00,12.00,2.62,^,0.23,,19.10,12.30,504,0.00,47.2,1,0,0.00,0.00,0.00,12.00,0.00,1.00,0,0,0.00,0
2026-05-01 17:38:38,996.11,1,0,0,0,0,0,0,-0.01,0,1.00,5.13,3.28,3.87,1.00,D,0.00,12.00,12.00,12.00,2.46,^,-0.87,,15.70,12.30,504,0.00,48.3,1,0,0.00,0.00,0.00,12.00,-0.01,1.00,0,0,0.00,0
2026-05-01 17:38:39,997.12,1,0,0,0,0,0,0,-0.09,0,1.00,5.13,3.28,3.86,1.00,D,0.00,12.00,12.00,12.00,2.38,^,-5.34,,16.30,12.30,504,0.00,48.3,1,0,0.00,0.00,0.00,12.00,-0.09,1.00,0,0,0.00,0
2026-05-01 17:38:40,998.13,1,0,0,0,0,0,0,-0.08,0,1.00,5.13,3.28,3.86,1.00,D,0.00,12.00,12.00,12.00,12.00,^,-4.92,,16.60,12.30,504,0.00,47.2,1,0,0.00,0.00,0.00,12.00,-0.08,1.00,0,0,0.00,0
2026-05-01 17:38:41,999.14,1,0,0,0,0,0,0,-0.01,0,1.00,5.13,3.28,2.89,0.20,D,0.00,12.00,12.00,12.00,2.44,^,-0.52,,15.90,12.30,504,0.00,46.6,1,0,0.00,0.00,0.00,12.00,-0.01,1.00,0,0,0.00,0
2026-05-01 17:38:42,1000.15,1,0,0,0,0,0,0,-0.02,0,1.00,5.13,3.28,0.36,0.18,D,0.00,12.00,12.00,12.00,2.04,^,-1.10,,16.60,12.30,504,0.01,48.3,1,0,0.00,0.00,0.00,12.00,-0.02,1.00,0,0,0.00,0
2026-05-01 17:38:43,1001.16,1,0,0,0,0,0,0,-0.00,0,1.00,5.13,3.28,0.16,0.68,D,0.00,12.00,12.00,12.00,1.44,^,-0.25,,14.00,12.30,504,0.00,47.7,1,0,0.00,0.00,0.00,12.00,-0.00,1.00,0,0,0.00,0
2026-05-01 17:38:44,1002.17,1,0,0,0,0,0,0,-0.06,0,1.00,5.13,3.28,3.15,1.00,D,0.00,12.00,12.00,12.00,1.29,^,-3.40,,15.10,12.30,504,0.00,48.8,1,0,0.00,0.00,0.00,12.00,-0.06,1.00,0,0,0.00,0
2026-05-01 17:38:45,1003.17,1,0,0,0,0,0,0,-0.09,0,1.00,5.13,3.28,3.88,1.00,D,0.00,12.00,12.00,12.00,1.79,^,-5.18,,15.60,12.30,504,0.00,47.7,1,0,0.00,0.00,0.00,12.00,-0.09,1.00,0,0,0.00,0
2026-05-01 17:38:46,1004.19,1,0,0,0,0,0,0,-0.05,0,1.00,5.13,3.28,3.98,1.00,D,0.00,12.00,12.00,12.00,1.88,^,-2.82,,15.90,12.30,504,0.00,47.7,1,0,0.00,0.00,0.00,12.00,-0.05,1.00,0,0,0.00,0
2026-05-01 17:38:47,1005.20,1,0,0,0,0,0,0,-0.09,0,1.00,5.13,3.28,3.91,1.00,D,0.00,12.00,12.00,12.00,1.96,^,-5.47,,15.60,12.30,504,0.00,47.2,1,0,0.00,0.00,0.00,12.00,-0.09,1.00,0,0,0.00,0
2026-05-01 17:38:48,1006.31,1,0,0,0,0,0,0,-0.06,0,1.00,5.13,3.28,3.99,1.00,D,0.00,12.00,12.00,12.00,2.07,^,-3.55,,16.70,12.30,504,0.00,48.3,1,0,0.00,0.00,0.00,12.00,-0.06,1.00,0,0,0.00,0
2026-05-01 17:38:49,1007.21,1,0,0,0,0,0,0,0.01,0,1.00,5.13,3.28,3.90,1.00,D,0.00,12.00,12.00,12.00,2.18,^,0.35,,16.60,12.30,504,0.00,46.6,1,0,0.00,0.00,0.00,12.00,0.01,1.00,0,0,0.00,0
2026-05-01 17:38:50,1008.32,1,0,0,0,0,0,0,-0.04,0,1.00,5.13,3.28,4.01,1.00,D,0.00,12.00,12.00,12.00,2.17,^,-2.45,,16.10,12.30,504,0.00,47.2,1,0,0.00,0.00,0.00,12.00,-0.04,1.00,0,0,0.00,0
2026-05-01 17:38:51,1009.23,1,0,0,0,0,0,0,-0.04,0,1.00,5.13,3.28,3.99,1.00,D,0.00,2.10,2.17,12.00,2.20,^,-2.49,,16.90,12.30,504,0.00,46.6,1,0,0.00,0.00,0.00,2.10,-0.04,1.00,0,0,0.00,0
2026-05-01 17:38:52,1010.34,1,0,0,0,0,0,0,0.08,0,1.00,5.13,3.28,2.76,0.75,D,0.00,1.23,1.20,0.93,1.99,^,4.59,,16.60,12.40,504,0.00,47.7,1,0,0.00,0.00,0.00,1.23,0.08,1.00,0,0,0.00,0
2026-05-01 17:38:53,1011.24,1,0,0,0,0,0,0,0.42,0,0.50,5.13,3.28,1.75,0.50,D,0.00,0.79,0.57,3.36,0.71,WARN_WARNING,25.33,lidar_override,17.00,12.40,504,0.00,47.2,1,0,0.00,0.00,0.00,0.79,0.18,1.00,0,0,0.00,0
2026-05-01 17:38:54,1012.25,1,0,0,0,0,0,0,-0.00,0,1.00,5.13,3.28,1.04,0.58,D,0.00,1.25,0.53,12.00,0.53,^,-0.05,,14.00,12.40,504,0.00,48.8,1,0,0.00,0.00,0.00,1.25,-0.00,1.00,0,0,0.00,0
2026-05-01 17:38:55,1013.26,1,0,0,0,0,0,0,-0.11,0,1.00,5.13,3.28,2.65,1.00,D,0.00,2.30,0.66,12.00,0.60,^,-6.43,,12.60,12.40,504,0.00,48.8,1,0,0.00,0.00,0.00,2.30,-0.11,1.00,0,0,0.00,0
2026-05-01 17:38:56,1014.28,1,0,0,0,0,0,0,-0.06,0,1.00,5.13,3.28,1.40,0.34,D,0.00,1.33,12.00,1.40,0.90,^,-3.66,,12.80,12.30,504,0.00,48.8,1,0,0.00,0.00,0.00,1.33,-0.06,1.00,0,0,0.00,0
2026-05-01 17:38:57,1015.29,1,0,0,0,0,0,0,-0.04,0,1.00,5.13,3.27,1.30,0.84,D,0.00,12.00,12.00,0.96,1.19,^,-2.33,,12.80,12.30,504,0.00,48.3,1,0,0.00,0.00,0.00,12.00,-0.04,1.00,0,0,0.00,0
2026-05-01 17:38:58,1016.30,1,0,0,0,0,0,0,0.02,0,1.00,5.13,3.27,3.63,1.00,D,0.00,12.00,12.00,12.00,0.70,^,1.03,,15.50,12.40,504,0.00,48.3,1,0,0.00,0.00,0.00,12.00,0.02,1.00,0,0,0.00,0
2026-05-01 17:38:59,1017.42,1,0,0,0,0,0,0,-0.07,0,1.00,5.13,3.27,4.17,1.00,D,0.00,12.00,12.00,12.00,2.03,^,-4.29,,16.10,12.40,504,0.00,48.3,1,0,0.00,0.00,0.00,12.00,-0.07,1.00,0,0,0.00,0
2026-05-01 17:39:00,1018.32,1,0,0,0,0,0,0,-0.18,0,1.00,5.13,3.28,3.93,1.00,D,0.00,12.00,12.00,2.61,12.00,^,-11.07,,16.60,12.40,504,0.00,48.3,1,0,0.00,0.00,0.00,12.00,-0.18,1.00,0,0,0.00,0
2026-05-01 17:39:01,1019.34,1,0,0,0,0,0,0,-0.02,0,1.00,5.13,3.28,4.15,1.00,D,0.00,12.00,12.00,12.00,12.00,^,-1.42,,15.90,12.40,504,0.00,49.4,1,0,0.00,0.00,0.00,12.00,-0.02,1.00,0,0,0.00,0
2026-05-01 17:39:02,1020.35,1,0,0,0,0,0,0,-0.14,0,1.00,5.13,3.28,4.10,1.00,D,0.00,12.00,12.00,12.00,2.58,^,-8.31,,13.10,12.40,504,0.00,48.8,1,0,0.00,0.00,0.00,12.00,-0.14,1.00,0,0,0.00,0
2026-05-01 17:39:03,1021.36,1,0,0,0,0,0,0,-0.15,0,1.00,5.13,3.28,4.08,1.00,D,0.00,12.00,3.78,12.00,12.00,^,-9.08,,14.50,12.30,504,0.00,48.8,1,0,0.00,0.00,0.00,12.00,-0.15,1.00,0,0,0.00,0
2026-05-01 17:39:04,1022.37,1,0,0,0,0,0,0,-0.42,0,0.50,5.13,3.28,3.21,0.61,D,0.00,1.62,1.68,0.61,0.60,WARN_WARNING,-25.33,lidar_override,12.70,12.30,504,0.00,49.9,1,0,0.00,0.00,0.00,1.62,-0.14,1.00,0,0,0.00,0
2026-05-01 17:39:05,1023.38,0,0,0,0,0,0,0,-0.92,0,0.00,5.13,3.28,0.27,0.00,D,0.00,0.91,2.58,0.87,1.08,WARN_WARNING,0.00,,13.00,12.30,504,0.00,48.3,1,0,0.00,0.00,0.00,0.91,0.00,0.00,0,0,0.00,0
2026-05-01 17:39:06,1024.40,0,0,0,0,0,0,0,-0.80,0,1.00,5.13,3.27,0.01,0.50,D,0.00,1.11,2.68,1.56,0.95,WARN_WARNING,0.00,,14.60,12.30,504,0.34,49.4,1,0,0.00,0.00,0.00,1.11,0.00,0.00,0,0,0.00,0
2026-05-01 17:39:07,1025.41,0,0,0,0,0,0,0,-0.98,0,1.00,5.13,3.27,0.97,1.00,D,0.00,0.93,2.59,0.87,1.02,WARN_WARNING,0.00,,14.40,12.30,504,0.00,49.4,1,0,0.00,0.00,0.00,0.93,0.00,0.00,0,0,0.00,0
2026-05-01 17:39:08,1026.42,0,0,0,0,0,0,0,-0.99,0,0.65,5.13,3.27,1.66,0.92,D,0.00,2.12,12.00,0.65,0.86,^,0.00,,17.40,12.30,504,0.00,48.3,1,0,0.00,0.00,0.00,2.12,0.00,0.00,0,0,0.00,0
2026-05-01 17:39:09,1027.44,0,0,0,0,0,0,0,-0.79,0,0.47,5.13,3.27,2.52,0.63,D,0.00,1.94,2.55,12.00,1.53,^,0.00,,14.70,12.40,504,0.00,49.9,1,0,0.00,0.00,0.00,1.94,0.00,0.00,0,0,0.00,0
2026-05-01 17:39:10,1028.55,1,0,0,0,0,0,0,-0.42,0,0.50,5.13,3.27,1.27,0.11,D,0.00,0.84,1.87,0.76,1.36,WARN_WARNING,-25.33,lidar_override,12.90,12.40,504,0.00,49.4,1,0,0.00,0.00,0.00,0.84,0.00,1.00,0,0,0.00,0
2026-05-01 17:39:11,1029.46,1,0,0,0,0,0,0,0.21,0,1.00,5.13,3.26,0.72,0.62,D,0.00,1.57,1.73,0.56,1.67,^,12.76,,13.00,12.40,504,0.00,48.3,1,0,0.00,0.00,0.00,1.57,0.21,1.00,0,0,0.00,0
2026-05-01 17:39:12,1030.47,1,0,0,0,0,0,0,-0.42,0,0.50,5.13,3.26,2.66,0.77,D,0.00,0.87,1.40,0.42,0.42,WARN_WARNING,-25.33,lidar_override,13.90,12.40,504,0.00,48.3,1,0,0.00,0.00,0.00,0.87,-0.02,1.00,0,0,0.00,0
2026-05-01 17:39:13,1031.48,1,0,0,0,0,0,0,0.42,0,0.50,5.13,3.26,0.74,0.07,D,0.00,0.61,0.60,0.81,0.66,WARN_WARNING,25.33,lidar_override,13.90,12.40,504,0.00,49.9,1,0,0.00,0.00,0.00,0.61,0.51,1.00,0,0,0.00,0
2026-05-01 17:39:14,1032.49,0,0,0,1,0,0,0,-0.99,0,1.00,5.13,3.26,0.00,-0.05,R,0.00,0.60,0.60,0.82,0.66,WARN_WARNING,0.00,,13.70,12.30,504,0.23,47.2,1,0,0.00,0.00,0.00,0.60,0.00,0.00,0,0,0.00,0
2026-05-01 17:39:15,1033.50,0,0,0,0,0,0,0,0.00,0,1.00,5.13,3.26,0.24,-0.55,R,0.00,0.64,0.62,0.76,0.65,WARN_WARNING,0.00,,16.40,12.40,504,0.00,48.3,1,0,0.00,0.00,0.00,0.64,0.00,0.00,0,0,0.00,0
2026-05-01 17:39:16,1034.52,0,0,0,0,0,0,0,0.00,0,0.66,5.13,3.25,1.27,-0.62,R,0.00,1.01,0.99,0.64,0.76,WARN_WARNING,0.00,,15.90,12.40,504,0.00,48.3,1,0,0.00,0.00,0.00,1.01,0.00,0.00,0,0,0.00,0
2026-05-01 17:39:17,1035.53,0,0,1,0,0,0,0,0.00,0,0.00,5.13,3.25,1.99,0.00,N,0.00,1.17,1.69,0.42,0.42,WARN_WARNING,0.00,,18.50,12.30,504,0.00,47.7,1,0,0.00,0.00,0.00,1.17,0.00,0.00,0,0,0.00,0
2026-05-01 17:39:18,1036.54,1,0,1,0,0,0,0,0.24,0,1.00,5.13,3.25,0.97,0.26,D,0.00,1.72,1.89,0.57,1.50,^,14.43,,15.70,12.30,504,0.00,47.7,1,0,0.00,0.00,0.00,1.72,0.24,1.00,0,0,0.00,0
2026-05-01 17:39:19,1037.55,1,0,0,0,0,0,0,0.20,0,1.00,5.13,3.25,0.71,0.77,D,0.00,1.66,1.87,0.53,1.44,^,11.96,,15.50,12.30,504,0.00,48.3,1,0,0.00,0.00,0.00,1.66,0.20,1.00,0,0,0.00,0
2026-05-01 17:39:20,1038.56,1,0,0,0,0,0,0,-0.42,0,0.50,5.13,3.25,3.23,0.79,D,0.00,0.71,1.33,0.71,0.37,STOP_WARNING,-25.33,lidar_override,17.40,12.40,504,0.00,48.8,1,0,0.00,0.00,0.00,0.71,0.08,1.00,0,0,0.00,0
2026-05-01 17:39:21,1039.58,0,0,0,1,0,0,0,-1.00,0,0.00,5.13,3.25,0.00,0.00,N,0.00,0.61,0.62,1.01,0.62,WARN_WARNING,0.00,,15.60,12.30,504,0.03,47.2,1,0,0.00,0.00,0.00,0.61,0.00,0.00,0,0,0.00,0
2026-05-01 17:39:22,1040.59,0,0,0,1,0,0,0,-1.00,0,1.00,5.13,3.24,0.05,-0.43,R,0.00,0.62,0.63,1.01,0.62,WARN_WARNING,0.00,,14.40,12.30,504,0.01,47.2,1,0,0.00,0.00,0.00,0.62,0.00,0.00,0,0,0.00,0
2026-05-01 17:39:23,1041.59,0,0,1,0,0,0,0,0.00,0,0.00,5.13,3.24,0.56,0.00,D,0.00,1.15,0.81,0.53,0.68,WARN_WARNING,0.00,,15.50,12.30,504,0.00,46.1,1,0,0.00,0.00,0.00,1.15,0.00,0.00,0,0,0.00,0
2026-05-01 17:39:24,1042.60,0,0,0,0,0,0,0,0.00,0,1.00,5.13,3.24,0.08,0.50,D,0.00,1.21,0.85,0.56,0.88,^,0.00,,16.20,12.30,504,0.01,47.7,0,0,0.00,0.00,0.00,1.21,0.00,0.00,0,0,0.00,0
2026-05-01 17:39:25,1043.61,0,0,0,0,0,0,0,0.00,0,1.00,5.13,3.23,2.11,1.00,D,0.00,0.83,0.67,0.51,0.51,WARN_WARNING,0.00,,16.00,12.30,504,0.00,47.7,0,0,0.00,0.00,0.00,0.83,0.00,0.00,0,0,0.00,0
2026-05-01 17:39:26,1044.62,0,0,0,0,0,0,0,0.00,0,0.00,5.13,3.23,3.90,0.89,D,0.00,12.00,12.00,0.46,0.30,^,0.00,,14.20,12.30,504,0.00,48.3,1,0,0.00,0.00,0.00,12.00,0.00,0.00,0,0,0.00,0
2026-05-01 17:39:27,1045.64,1,0,0,0,0,0,0,-0.23,0,1.00,5.13,3.23,3.34,1.00,D,0.00,12.00,12.00,12.00,2.58,^,-13.51,,15.60,12.30,504,0.00,48.8,1,0,0.00,0.00,0.00,12.00,-0.23,1.00,0,0,0.00,0
2026-05-01 17:39:28,1046.65,1,0,0,0,0,0,0,0.16,0,1.00,5.13,3.23,3.92,1.00,D,0.00,12.00,12.00,12.00,12.00,^,9.34,,13.60,12.30,504,0.00,48.8,1,0,0.00,0.00,0.00,12.00,0.16,1.00,0,0,0.00,0
2026-05-01 17:39:30,1047.66,1,0,0,0,0,0,0,-0.06,0,1.00,5.13,3.24,3.87,1.00,D,0.00,12.00,12.00,12.00,12.00,^,-3.55,,14.60,12.30,504,0.00,48.3,1,0,0.00,0.00,0.00,12.00,-0.06,1.00,0,0,0.00,0
2026-05-01 17:39:31,1048.67,1,0,0,0,0,0,0,-0.02,0,1.00,5.13,3.24,4.05,1.00,D,0.00,12.00,1.84,12.00,12.00,^,-1.41,,15.40,12.30,504,0.00,48.8,1,0,0.00,0.00,0.00,12.00,-0.02,1.00,0,0,0.00,0
2026-05-01 17:39:32,1049.69,1,0,0,0,0,0,0,0.42,0,0.50,5.13,3.24,3.99,0.95,D,0.00,1.90,1.43,12.00,1.98,WARN_WARNING,25.33,lidar_override,17.10,12.30,504,0.00,48.8,1,0,0.00,0.00,0.00,1.90,0.05,1.00,0,0,0.00,0
2026-05-01 17:39:33,1050.70,1,0,0,0,0,0,0,0.01,0,1.00,5.13,3.24,3.63,1.00,D,0.00,12.00,1.16,12.00,1.22,^,0.89,,18.20,12.30,504,0.00,47.7,1,0,0.00,0.00,0.00,12.00,0.01,1.00,0,0,0.00,0
2026-05-01 17:39:34,1051.71,1,0,0,0,0,0,0,0.42,0,0.50,5.13,3.24,4.07,0.82,D,0.00,1.76,1.47,12.00,1.19,WARN_WARNING,25.33,lidar_override,18.50,12.30,504,0.00,47.2,1,0,0.00,0.00,0.00,1.76,-0.17,1.00,0,0,0.00,0
2026-05-01 17:39:35,1052.72,1,0,0,0,0,0,0,-0.12,0,1.00,5.13,3.24,3.73,1.00,D,0.00,12.00,1.25,12.00,1.29,^,-7.04,,17.60,12.30,504,0.00,48.8,1,0,0.00,0.00,0.00,12.00,-0.12,1.00,0,0,0.00,0
2026-05-01 17:39:36,1053.73,1,0,0,0,0,0,0,0.03,0,1.00,5.13,3.24,4.17,1.00,D,0.00,12.00,1.13,12.00,1.28,^,1.50,,16.90,12.30,504,0.00,48.3,1,0,0.00,0.00,0.00,12.00,0.03,1.00,0,0,0.00,0
2026-05-01 17:39:37,1054.74,1,0,0,0,0,0,0,0.05,0,1.00,5.13,3.24,4.24,1.00,D,0.00,12.00,12.00,12.00,1.36,^,2.99,,16.80,12.30,504,0.00,47.2,1,0,0.00,0.00,0.00,12.00,0.05,1.00,0,0,0.00,0
2026-05-01 17:39:38,1055.75,1,0,0,0,0,0,0,-0.07,0,1.00,5.13,3.24,4.00,1.00,D,0.00,12.00,12.00,12.00,12.00,^,-4.19,,15.80,12.30,504,0.00,48.3,1,0,0.00,0.00,0.00,12.00,-0.07,1.00,0,0,0.00,0
2026-05-01 17:39:39,1056.75,1,0,0,0,0,0,0,-0.02,0,1.00,5.13,3.24,4.15,1.00,D,0.00,12.00,2.89,12.00,12.00,^,-1.00,,17.60,12.30,504,0.00,48.3,1,0,0.00,0.00,0.00,12.00,-0.02,1.00,0,0,0.00,0
2026-05-01 17:39:40,1057.76,1,0,0,0,0,0,0,-0.01,0,1.00,5.13,3.24,4.16,1.00,D,0.00,12.00,2.95,12.00,2.67,^,-0.36,,17.20,12.30,504,0.00,47.7,1,0,0.00,0.00,0.00,12.00,-0.01,1.00,0,0,0.00,0
2026-05-01 17:39:41,1058.77,1,0,0,0,0,0,0,-0.10,0,1.00,5.13,3.24,4.20,1.00,D,0.00,12.00,12.00,12.00,3.22,^,-6.08,,16.80,12.30,504,0.00,47.2,1,0,0.00,0.00,0.00,12.00,-0.10,1.00,0,0,0.00,0
2026-05-01 17:39:42,1059.79,1,0,0,0,0,0,0,0.01,0,1.00,5.13,3.24,4.08,1.00,D,0.00,12.00,12.00,12.00,12.00,^,0.47,,15.70,12.30,504,0.00,47.2,1,0,0.00,0.00,0.00,12.00,0.01,1.00,0,0,0.00,0
2026-05-01 17:39:43,1060.80,1,0,0,0,0,0,0,-0.13,0,1.00,5.13,3.25,4.11,1.00,D,0.00,12.00,12.00,12.00,12.00,^,-7.89,,16.20,12.30,504,0.00,48.3,1,0,0.00,0.00,0.00,12.00,-0.13,1.00,0,0,0.00,0
2026-05-01 17:39:44,1061.82,1,0,0,0,0,0,0,-0.01,0,1.00,5.13,3.25,4.13,1.00,D,0.00,12.00,12.00,12.00,12.00,^,-0.76,,17.00,12.30,504,0.00,47.7,1,0,0.00,0.00,0.00,12.00,-0.01,1.00,0,0,0.00,0
2026-05-01 17:39:45,1062.93,1,0,0,0,0,0,0,-0.02,0,1.00,5.13,3.25,4.16,1.00,D,0.00,3.18,12.00,12.00,12.00,^,-1.44,,16.20,12.30,504,0.00,47.7,1,0,0.00,0.00,0.00,3.18,-0.02,1.00,0,0,0.00,0
2026-05-01 17:39:46,1063.84,1,0,0,0,0,0,0,-0.19,0,1.00,5.13,3.25,4.07,1.00,D,0.00,3.02,1.90,12.00,12.00,^,-11.17,,17.70,12.30,504,0.00,46.6,1,0,0.00,0.00,0.00,3.02,-0.19,1.00,0,0,0.00,0
2026-05-01 17:39:47,1064.83,1,0,0,0,0,0,0,-0.10,0,1.00,5.13,3.25,4.13,0.81,D,0.00,12.00,0.98,12.00,0.97,^,-6.13,,15.20,12.30,504,0.00,48.8,1,0,0.00,0.00,0.00,12.00,-0.10,1.00,0,0,0.00,0
2026-05-01 17:39:48,1065.85,1,0,0,0,0,0,0,0.19,0,1.00,5.13,3.25,3.81,1.00,D,0.00,12.00,1.17,12.00,1.18,^,11.11,,14.80,12.30,504,0.00,48.8,1,0,0.00,0.00,0.00,12.00,0.19,1.00,0,0,0.00,0
2026-05-01 17:39:49,1066.86,1,0,0,0,0,0,0,0.42,0,0.50,5.13,3.25,3.83,0.63,D,0.00,0.88,1.42,12.00,1.33,STOP_WARNING,25.33,lidar_override,13.80,12.40,504,0.00,48.8,1,0,0.00,0.00,0.00,0.88,0.05,1.00,0,0,0.00,0
2026-05-01 17:39:50,1067.86,0,0,0,0,0,0,0,0.00,0,0.00,5.13,3.25,0.00,0.00,D,0.00,12.00,0.17,12.00,0.21,^,0.00,,14.20,12.40,504,0.08,49.4,1,0,0.00,0.00,0.00,12.00,0.00,0.00,0,0,0.00,0
2026-05-01 17:39:51,1068.87,0,0,0,1,0,0,0,0.99,0,1.00,5.13,3.25,0.02,-0.34,R,0.00,12.00,0.17,12.00,0.21,^,0.00,,13.80,12.40,504,0.01,49.4,1,0,0.00,0.00,0.00,12.00,0.00,0.00,0,0,0.00,0
2026-05-01 17:39:52,1069.89,0,0,0,0,0,0,0,0.99,0,0.59,5.13,3.24,1.10,-0.83,R,0.00,0.23,0.22,12.00,0.37,STOP_WARNING,0.00,,16.20,12.40,504,0.00,48.8,1,0,0.00,0.00,0.00,0.23,0.00,0.00,0,0,0.00,0
2026-05-01 17:39:53,1070.90,0,0,1,0,0,0,0,-1.00,1,1.00,5.13,3.24,0.00,0.00,D,0.00,0.62,1.59,0.66,1.56,WARN_WARNING,0.00,,15.10,12.30,504,0.15,48.3,1,0,0.00,0.00,0.00,0.62,0.00,0.00,0,0,0.00,0
2026-05-01 17:39:54,1071.91,0,0,0,1,0,0,0,0.72,0,1.00,5.13,3.24,0.00,-0.03,R,0.00,0.62,1.59,0.66,1.53,WARN_WARNING,0.00,,14.80,12.40,504,1.16,48.3,1,0,0.00,0.00,0.00,0.62,0.00,0.00,0,0,0.00,0
2026-05-01 17:39:55,1072.93,0,0,0,0,0,0,0,-0.99,0,1.00,5.13,3.24,0.00,-0.28,R,0.00,0.62,1.58,0.66,1.54,WARN_WARNING,0.00,,14.40,12.40,504,0.39,47.2,1,0,0.00,0.00,0.00,0.62,0.00,0.00,0,0,0.00,0
2026-05-01 17:39:56,1073.94,0,0,0,0,0,0,0,-0.99,0,1.00,5.13,3.23,0.47,-0.78,R,0.00,0.71,1.61,12.00,1.50,WARN_WARNING,0.00,,14.70,12.30,504,0.00,47.7,1,0,0.00,0.00,0.00,0.71,0.00,0.00,0,0,0.00,0
2026-05-01 17:39:57,1074.95,0,0,1,0,0,0,0,-0.27,0,1.00,5.13,3.23,2.28,0.08,D,0.00,1.49,1.57,12.00,1.43,^,0.00,,17.20,12.40,504,0.00,47.7,1,0,0.00,0.00,0.00,1.49,0.00,0.00,0,0,0.00,0
2026-05-01 17:39:58,1075.96,0,0,0,0,0,0,0,-0.63,0,1.00,5.13,3.23,0.16,0.59,D,0.00,12.00,1.83,1.61,1.33,^,0.00,,14.30,12.30,504,0.00,48.3,1,0,0.00,0.00,0.00,12.00,0.00,0.00,0,0,0.00,0
2026-05-01 17:39:59,1076.97,0,0,0,0,0,0,0,0.00,0,0.00,5.13,3.23,2.31,0.76,D,0.00,1.53,1.45,1.39,1.46,^,0.00,,13.50,12.40,504,0.00,48.3,1,0,0.00,0.00,0.00,1.53,0.00,0.00,0,0,0.00,0
2026-05-01 17:40:00,1077.99,1,0,0,0,0,0,0,-0.42,0,0.50,5.13,3.23,3.66,0.85,D,0.00,1.80,0.98,0.51,0.91,WARN_WARNING,-25.33,lidar_override,14.70,12.30,504,0.00,49.4,1,0,0.00,0.00,0.00,1.80,0.19,1.00,0,0,0.00,0
2026-05-01 17:40:01,1079.00,1,0,0,0,0,0,0,0.06,0,1.00,5.13,3.23,3.33,1.00,D,0.00,12.00,0.94,1.10,0.91,^,3.59,,16.90,12.30,504,0.00,49.4,1,0,0.00,0.00,0.00,12.00,0.06,1.00,0,0,0.00,0
2026-05-01 17:40:02,1080.01,0,0,0,0,0,0,0,0.82,0,0.00,5.13,3.23,3.42,0.00,D,0.00,12.00,12.00,12.00,1.19,^,0.00,,13.80,12.30,504,0.00,48.3,1,0,0.00,0.00,0.00,12.00,0.00,0.00,0,0,0.00,0
2026-05-01 17:40:03,1081.02,1,0,0,0,0,0,0,0.02,0,1.00,5.13,3.23,1.18,0.26,D,0.00,12.00,12.00,1.72,1.65,^,1.27,,15.20,12.30,504,0.00,49.4,1,0,0.00,0.00,0.00,12.00,0.02,1.00,0,0,0.00,0
2026-05-01 17:40:04,1082.03,0,0,0,0,0,0,0,1.00,0,0.53,5.13,3.22,0.03,0.02,D,0.00,12.00,3.75,1.66,1.80,^,0.00,,15.10,12.30,504,0.00,48.8,1,0,0.00,0.00,0.00,12.00,0.00,0.00,0,0,0.00,0
2026-05-01 17:40:05,1083.04,0,0,0,0,0,0,0,1.00,0,1.00,5.13,3.22,0.00,0.52,D,0.00,12.00,3.75,1.63,1.66,^,0.00,,14.50,12.30,504,0.04,47.2,1,0,0.00,0.00,0.00,12.00,0.00,0.00,0,0,0.00,0
2026-05-01 17:40:06,1084.05,1,0,0,0,0,0,0,0.12,0,1.00,5.13,3.22,2.21,0.62,D,0.00,1.81,12.00,1.68,1.83,^,7.44,,15.60,12.30,504,0.00,47.2,1,0,0.00,0.00,0.00,1.81,0.12,1.00,0,0,0.00,0
2026-05-01 17:40:07,1085.17,1,0,0,0,0,0,0,-0.12,0,1.00,5.13,3.22,3.14,1.00,D,0.00,12.00,12.00,2.06,2.04,^,-6.95,,14.30,12.30,504,0.00,47.7,1,0,0.00,0.00,0.00,12.00,-0.12,1.00,0,0,0.00,0
2026-05-01 17:40:08,1086.07,1,0,0,0,0,0,0,-0.28,0,1.00,5.13,3.22,3.77,1.00,D,0.00,12.00,12.00,1.56,1.58,^,-16.71,,15.70,12.30,504,0.00,47.7,1,0,0.00,0.00,0.00,12.00,-0.28,1.00,0,0,0.00,0
2026-05-01 17:40:09,1087.08,1,0,0,0,0,0,0,0.15,0,1.00,5.13,3.22,3.85,1.00,D,0.00,12.00,12.00,12.00,1.71,^,8.80,,16.40,12.30,504,0.00,48.3,1,0,0.00,0.00,0.00,12.00,0.15,1.00,0,0,0.00,0
2026-05-01 17:40:10,1088.09,1,0,0,0,0,0,0,0.07,0,1.00,5.13,3.22,4.03,1.00,D,0.00,12.00,12.00,12.00,1.81,^,4.50,,15.30,12.30,504,0.00,47.2,1,0,0.00,0.00,0.00,12.00,0.07,1.00,0,0,0.00,0
2026-05-01 17:40:11,1089.10,0,0,0,0,0,0,0,0.00,1,0.00,5.13,3.22,3.83,0.00,D,0.00,12.00,12.00,12.00,1.74,^,0.00,,16.00,12.30,504,0.00,47.2,1,0,0.00,0.00,0.00,12.00,0.00,0.00,0,0,0.00,0
2026-05-01 17:40:12,1090.12,0,0,0,0,0,0,0,0.00,0,0.00,5.13,3.22,0.00,0.00,D,0.00,12.00,12.00,12.00,1.04,^,0.00,,14.90,12.30,504,0.18,47.2,1,0,0.00,0.00,0.00,12.00,0.00,0.00,0,0,0.00,0
2026-05-01 17:40:13,1091.13,0,0,0,0,0,0,0,0.00,0,0.00,5.13,3.21,0.00,0.00,D,0.00,12.00,12.00,0.41,0.21,^,0.00,,13.90,12.30,504,1.19,48.8,1,0,0.00,0.00,0.00,12.00,0.00,0.00,0,0,0.00,0
2026-05-01 17:40:14,1092.15,0,0,0,0,0,0,0,0.00,0,0.00,5.13,3.21,0.00,0.00,D,0.00,12.00,12.00,0.23,0.22,^,0.00,,14.40,12.30,504,0.01,47.7,1,0,0.00,0.00,0.00,12.00,0.00,0.00,0,0,0.00,0
2026-05-01 17:40:15,1093.16,0,0,0,0,0,0,0,0.00,0,0.00,5.13,3.21,0.00,0.00,D,0.00,12.00,12.00,0.23,0.21,^,0.00,,14.80,12.30,504,0.25,48.8,1,0,0.00,0.00,0.00,12.00,0.00,0.00,0,0,0.00,0
2026-05-01 17:40:16,1094.17,0,0,0,0,0,0,0,0.00,0,0.00,5.13,3.21,0.00,0.00,D,0.00,12.00,12.00,0.23,0.21,^,0.00,,13.30,12.30,504,0.00,47.7,1,0,0.00,0.00,0.00,12.00,0.00,0.00,0,0,0.00,0
2026-05-01 17:40:17,1095.29,0,0,0,0,0,0,0,0.00,0,0.00,5.13,3.20,0.00,0.00,D,0.00,12.00,12.00,0.23,0.19,^,0.00,,14.10,12.30,504,0.05,48.3,1,0,0.00,0.00,0.00,12.00,0.00,0.00,0,0,0.00,0
2026-05-01 17:40:18,1096.19,0,0,0,0,0,0,0,0.00,0,0.00,5.13,3.20,0.00,0.00,D,0.00,12.00,12.00,0.22,0.20,^,0.00,,14.50,12.30,504,0.08,48.3,1,0,0.00,0.00,0.00,12.00,0.00,0.00,0,0,0.00,0
2026-05-01 17:40:19,1097.20,0,0,0,0,0,0,0,0.00,0,0.00,5.13,3.20,0.00,0.00,D,0.00,12.00,12.00,0.23,0.21,^,0.00,,15.10,12.30,504,0.00,48.3,1,0,0.00,0.00,0.00,12.00,0.00,0.00,0,0,0.00,0
2026-05-01 17:40:20,1098.21,0,0,0,0,0,0,0,0.00,0,0.00,5.13,3.19,0.00,0.00,D,0.00,12.00,12.00,0.42,0.23,^,0.00,,14.40,12.30,504,0.66,47.7,1,0,0.00,0.00,0.00,12.00,0.00,0.00,0,0,0.00,0
2026-05-01 17:40:21,1099.22,0,0,0,0,0,0,0,0.00,0,0.00,5.13,3.19,0.00,0.00,D,0.00,12.00,12.00,0.26,0.19,^,0.00,,14.60,12.30,504,0.35,48.3,1,0,0.00,0.00,0.00,12.00,0.00,0.00,0,0,0.00,0
2026-05-01 17:40:22,1100.24,1,0,0,0,0,0,0,0.07,0,1.00,5.13,3.19,0.02,0.24,D,0.00,12.00,12.00,0.31,0.40,^,4.21,,14.00,12.30,504,0.03,47.7,1,0,0.00,0.00,0.00,12.00,0.07,1.00,0,0,0.00,0
2026-05-01 17:40:23,1101.25,1,0,0,0,0,0,0,0.04,0,1.00,5.13,3.19,0.40,0.75,D,0.00,12.00,12.00,0.75,0.69,^,2.32,,14.70,12.30,504,0.00,48.3,1,0,0.00,0.00,0.00,12.00,0.04,1.00,0,0,0.00,0
2026-05-01 17:40:24,1102.26,1,0,0,0,0,0,0,-0.05,0,1.00,5.13,3.18,3.55,1.00,D,0.00,12.00,12.00,12.00,1.10,^,-3.07,,16.00,12.30,504,0.00,48.3,1,0,0.00,0.00,0.00,12.00,-0.05,1.00,0,0,0.00,0
2026-05-01 17:40:25,1103.27,1,0,0,0,0,0,0,-0.02,0,1.00,5.13,3.19,4.02,1.00,D,0.00,12.00,12.00,12.00,1.17,^,-1.28,,13.40,12.30,504,0.00,47.2,1,0,0.00,0.00,0.00,12.00,-0.02,1.00,0,0,0.00,0
2026-05-01 17:40:26,1104.28,1,0,0,0,0,0,0,0.03,0,1.00,5.13,3.19,4.06,1.00,D,0.00,12.00,12.00,12.00,1.31,^,1.69,,13.60,12.30,504,0.00,48.3,1,0,0.00,0.00,0.00,12.00,0.03,1.00,0,0,0.00,0
2026-05-01 17:40:27,1105.29,1,0,0,0,0,0,0,-0.11,0,1.00,5.13,3.19,4.12,1.00,D,0.00,12.00,12.00,12.00,1.50,^,-6.69,,14.00,12.30,504,0.00,49.4,1,0,0.00,0.00,0.00,12.00,-0.11,1.00,0,0,0.00,0
2026-05-01 17:40:28,1106.30,1,0,0,0,0,0,0,-0.05,0,1.00,5.13,3.19,4.11,1.00,D,0.00,12.00,12.00,12.00,1.68,^,-3.03,,13.40,12.30,504,0.00,47.7,1,0,0.00,0.00,0.00,12.00,-0.05,1.00,0,0,0.00,0
2026-05-01 17:40:29,1107.30,1,0,0,0,0,0,0,-0.01,0,1.00,5.13,3.19,3.97,1.00,D,0.00,12.00,2.73,12.00,1.91,^,-0.83,,14.70,12.30,504,0.00,48.8,1,0,0.00,0.00,0.00,12.00,-0.01,1.00,0,0,0.00,0
2026-05-01 17:40:30,1108.32,1,0,0,0,0,0,0,0.04,0,1.00,5.13,3.19,4.14,1.00,D,0.00,12.00,2.24,12.00,2.14,^,2.21,,17.30,12.30,504,0.00,48.3,1,0,0.00,0.00,0.00,12.00,0.04,1.00,0,0,0.00,0
2026-05-01 17:40:31,1109.33,1,0,0,0,0,0,0,-0.28,0,1.00,5.13,3.19,4.09,1.00,D,0.00,12.00,1.96,12.00,1.94,^,-16.94,,15.10,12.30,504,0.00,49.9,1,0,0.00,0.00,0.00,12.00,-0.28,1.00,0,0,0.00,0
2026-05-01 17:40:32,1110.34,1,0,0,0,0,0,0,-0.04,0,1.00,5.13,3.19,4.14,1.00,D,0.00,12.00,12.00,12.00,2.34,^,-2.68,,14.00,12.30,504,0.00,49.4,1,0,0.00,0.00,0.00,12.00,-0.04,1.00,0,0,0.00,0
2026-05-01 17:40:33,1111.35,1,0,0,0,0,0,0,-0.04,0,1.00,5.13,3.19,4.06,1.00,D,0.00,12.00,12.00,12.00,2.51,^,-2.15,,15.80,12.30,504,0.00,49.9,1,0,0.00,0.00,0.00,12.00,-0.04,1.00,0,0,0.00,0
2026-05-01 17:40:34,1112.37,1,0,0,0,0,0,0,0.31,0,1.00,5.13,3.19,3.26,0.82,D,0.00,12.00,12.00,0.81,2.89,^,18.70,,13.80,12.30,504,0.00,49.9,1,0,0.00,0.00,0.00,12.00,0.31,1.00,0,0,0.00,0
2026-05-01 17:40:35,1113.48,1,0,0,0,0,0,0,-0.42,0,0.50,5.13,3.19,3.70,0.81,D,0.00,0.84,12.00,0.85,0.54,STOP_WARNING,-25.33,lidar_override,15.70,12.30,504,0.00,50.5,1,0,0.00,0.00,0.00,0.84,0.01,1.00,0,0,0.00,0
2026-05-01 17:40:36,1114.38,1,0,0,0,0,0,0,0.37,0,1.00,5.13,3.19,3.06,1.00,D,0.00,12.00,12.00,0.71,0.71,^,22.34,,15.50,12.30,504,0.00,48.8,1,0,0.00,0.00,0.00,12.00,0.37,1.00,0,0,0.00,0
2026-05-01 17:40:37,1115.39,1,0,0,0,0,0,0,0.13,0,1.00,5.13,3.19,3.20,1.00,D,0.00,12.00,12.00,0.62,0.63,^,7.77,,17.00,12.30,504,0.00,47.7,1,0,0.00,0.00,0.00,12.00,0.13,1.00,0,0,0.00,0
2026-05-01 17:40:38,1116.40,1,0,0,0,0,0,0,-0.18,0,1.00,5.13,3.19,3.94,1.00,D,0.00,12.00,12.00,12.00,1.31,^,-11.02,,17.30,12.30,504,0.00,48.3,1,0,0.00,0.00,0.00,12.00,-0.18,1.00,0,0,0.00,0
2026-05-01 17:40:39,1117.42,1,0,0,0,0,0,0,0.10,0,1.00,5.13,3.19,4.09,1.00,D,0.00,12.00,12.00,12.00,12.00,^,6.23,,16.60,12.30,504,0.00,47.2,1,0,0.00,0.00,0.00,12.00,0.10,1.00,0,0,0.00,0
2026-05-01 17:40:40,1118.43,1,0,0,0,0,0,0,-0.08,0,1.00,5.13,3.19,4.01,1.00,D,0.00,12.00,12.00,12.00,12.00,^,-4.62,,15.70,12.30,504,0.00,48.3,1,0,0.00,0.00,0.00,12.00,-0.08,1.00,0,0,0.00,0
2026-05-01 17:40:41,1119.44,1,0,0,0,0,0,0,-0.05,0,1.00,5.13,3.19,4.07,1.00,D,0.00,12.00,12.00,12.00,12.00,^,-2.86,,16.50,12.30,504,0.00,47.2,1,0,0.00,0.00,0.00,12.00,-0.05,1.00,0,0,0.00,0
2026-05-01 17:40:42,1120.45,1,0,0,0,0,0,0,-0.07,0,1.00,5.13,3.20,4.02,1.00,D,0.00,12.00,12.00,12.00,12.00,^,-4.21,,15.30,12.30,504,0.00,47.2,1,0,0.00,0.00,0.00,12.00,-0.07,1.00,0,0,0.00,0
2026-05-01 17:40:43,1121.47,1,0,0,0,0,0,0,-0.01,0,1.00,5.13,3.20,3.83,1.00,D,0.00,3.01,12.00,12.00,2.53,^,-0.65,,16.30,12.30,504,0.00,47.2,1,0,0.00,0.00,0.00,3.01,-0.01,1.00,0,0,0.00,0
2026-05-01 17:40:44,1122.48,1,0,0,0,0,0,0,-0.19,0,1.00,5.13,3.20,3.32,0.77,D,0.00,12.00,1.94,1.45,2.86,^,-11.27,,16.50,12.30,504,0.00,48.3,1,0,0.00,0.00,0.00,12.00,-0.19,1.00,0,0,0.00,0
2026-05-01 17:40:45,1123.50,1,0,0,0,0,0,0,0.45,0,1.00,5.13,3.20,3.66,1.00,D,0.00,12.00,0.99,12.00,1.23,^,26.96,,16.20,12.30,504,0.00,48.3,1,0,0.00,0.00,0.00,12.00,0.45,1.00,0,0,0.00,0
2026-05-01 17:40:46,1124.51,1,0,0,0,0,0,0,-0.12,0,1.00,5.13,3.20,4.00,1.00,D,0.00,2.30,12.00,12.00,1.54,^,-7.28,,15.60,12.30,504,0.00,47.2,1,0,0.00,0.00,0.00,2.30,-0.12,1.00,0,0,0.00,0
2026-05-01 17:40:47,1125.52,1,0,0,0,0,0,0,0.19,0,1.00,5.13,3.20,3.17,0.89,D,0.00,12.00,12.00,0.97,2.40,^,11.16,,15.50,12.30,504,0.00,48.3,1,0,0.00,0.00,0.00,12.00,0.19,1.00,0,0,0.00,0
2026-05-01 17:40:48,1126.53,1,0,0,0,0,0,0,-0.02,0,1.00,5.13,3.20,3.98,1.00,D,0.00,12.00,12.00,12.00,1.18,^,-1.26,,17.30,12.30,504,0.00,47.7,1,0,0.00,0.00,0.00,12.00,-0.02,1.00,0,0,0.00,0
2026-05-01 17:40:49,1127.54,1,0,0,0,0,0,0,-0.12,0,1.00,5.13,3.20,4.04,1.00,D,0.00,12.00,12.00,12.00,2.47,^,-7.01,,17.80,12.30,504,0.00,47.7,1,0,0.00,0.00,0.00,12.00,-0.12,1.00,0,0,0.00,0
2026-05-01 17:40:50,1128.56,1,0,0,0,0,0,0,0.06,0,1.00,5.13,3.20,4.01,1.00,D,0.00,12.00,12.00,12.00,12.00,^,3.74,,16.50,12.30,504,0.00,47.2,1,0,0.00,0.00,0.00,12.00,0.06,1.00,0,0,0.00,0
2026-05-01 17:40:52,1129.67,1,0,0,0,0,0,0,-0.09,0,1.00,5.13,3.20,4.10,1.00,D,0.00,12.00,12.00,12.00,12.00,^,-5.14,,16.10,12.30,504,0.00,46.1,1,0,0.00,0.00,0.00,12.00,-0.09,1.00,0,0,0.00,0
2026-05-01 17:40:52,1130.57,1,0,0,0,0,0,0,-0.03,0,1.00,5.13,3.20,3.90,1.00,D,0.00,12.00,12.00,12.00,12.00,^,-1.78,,20.50,12.30,504,0.00,48.3,1,0,0.00,0.00,0.00,12.00,-0.03,1.00,0,0,0.00,0
2026-05-01 17:40:53,1131.59,1,0,0,0,0,0,0,-0.08,0,1.00,5.13,3.20,4.06,1.00,D,0.00,12.00,12.00,12.00,12.00,^,-4.91,,21.70,12.70,504,0.00,48.8,1,0,0.00,0.00,0.00,12.00,-0.08,1.00,0,0,0.00,0
2026-05-01 17:40:54,1132.60,1,0,0,0,0,0,0,-0.42,0,0.50,5.13,3.20,3.61,0.70,D,0.00,0.70,12.00,12.00,2.65,STOP_WARNING,-25.33,lidar_override,13.40,12.70,504,0.00,48.8,1,0,0.00,0.00,0.00,0.70,-0.47,1.00,0,0,0.00,0
2026-05-01 17:40:55,1133.61,0,0,0,1,0,0,0,-0.41,1,0.00,5.13,3.20,0.00,0.00,N,0.00,0.15,2.59,0.14,0.31,STOP_WARNING,0.00,aeb_stop,12.30,12.60,504,0.16,48.8,1,1,0.00,0.00,0.00,0.15,0.00,0.00,0,0,0.00,0
2026-05-01 17:40:56,1134.63,0,0,0,1,0,0,0,-0.99,0,1.00,5.13,3.20,0.11,-0.44,R,0.00,0.15,2.60,0.15,0.39,STOP_WARNING,0.00,,12.90,12.70,504,0.00,47.7,1,0,0.00,0.00,0.00,0.15,0.00,0.00,0,0,0.00,0
2026-05-01 17:40:57,1135.64,0,0,0,0,0,0,0,-0.62,0,0.00,5.13,3.20,1.20,-0.85,R,0.00,0.22,2.66,0.22,1.57,STOP_WARNING,0.00,,13.60,12.70,504,0.00,49.9,1,0,0.00,0.00,0.00,0.22,0.00,0.00,0,0,0.00,0
2026-05-01 17:40:58,1136.66,0,0,1,0,0,0,0,0.00,0,0.00,5.13,3.19,2.54,0.00,D,0.00,1.19,12.00,12.00,0.76,WARN_WARNING,0.00,,15.00,12.60,504,0.00,48.8,1,0,0.00,0.00,0.00,1.19,0.00,0.00,0,0,0.00,0
2026-05-01 17:41:00,1137.67,0,0,0,0,0,0,0,0.00,0,1.00,5.13,3.19,1.07,0.44,D,0.00,12.00,12.00,12.00,0.59,^,0.00,,15.40,12.60,504,0.00,50.5,0,0,0.00,0.00,0.00,12.00,0.00,0.00,0,0,0.00,0
2026-05-01 17:41:01,1138.68,0,0,0,0,0,0,0,0.00,0,1.00,5.13,3.19,1.36,0.94,D,0.00,12.00,12.00,12.00,0.46,^,0.00,,13.20,12.60,504,0.00,48.8,0,0,0.00,0.00,0.00,12.00,0.00,0.00,0,0,0.00,0
2026-05-01 17:41:02,1139.70,0,0,0,0,0,0,0,0.13,0,0.93,5.13,3.19,3.22,0.88,D,0.00,0.75,2.71,0.72,0.97,STOP_WARNING,0.00,,13.30,12.50,504,0.00,48.3,0,0,0.00,0.00,0.00,0.75,0.00,0.00,0,0,0.00,0
2026-05-01 17:41:03,1140.71,0,0,0,0,0,0,0,0.00,0,1.00,5.13,3.19,3.37,1.00,D,0.00,0.69,2.00,0.65,0.34,STOP_WARNING,0.00,,15.00,12.50,504,0.00,48.8,0,0,0.00,0.00,0.00,0.69,0.00,0.00,0,0,0.00,0
2026-05-01 17:41:04,1141.72,1,0,0,0,0,0,0,0.20,0,1.00,5.13,3.19,3.26,0.81,D,0.00,12.00,1.31,0.74,0.59,^,12.28,,15.00,12.50,504,0.00,48.3,0,0,0.00,0.00,0.00,12.00,0.20,1.00,0,0,0.00,0
2026-05-01 17:41:05,1142.73,1,0,0,0,0,0,0,0.21,0,1.00,5.13,3.19,3.61,1.00,D,0.00,12.00,1.51,12.00,0.88,^,12.78,,16.50,12.50,504,0.00,47.7,1,0,0.00,0.00,0.00,12.00,0.21,1.00,0,0,0.00,0
2026-05-01 17:41:06,1143.75,1,0,0,0,0,0,0,-0.14,0,1.00,5.13,3.19,3.97,1.00,D,0.00,12.00,12.00,12.00,1.86,^,-8.50,,16.80,12.50,504,0.00,48.8,1,0,0.00,0.00,0.00,12.00,-0.14,1.00,0,0,0.00,0
2026-05-01 17:41:07,1144.76,1,0,0,0,0,0,0,-0.09,0,1.00,5.13,3.19,3.95,1.00,D,0.00,12.00,12.00,12.00,2.03,^,-5.14,,15.70,12.50,504,0.00,49.4,1,0,0.00,0.00,0.00,12.00,-0.09,1.00,0,0,0.00,0
2026-05-01 17:41:08,1145.78,1,0,0,0,0,0,0,0.04,0,1.00,5.13,3.19,3.98,1.00,D,0.00,12.00,3.29,12.00,1.97,^,2.11,,16.60,12.40,504,0.00,47.2,1,0,0.00,0.00,0.00,12.00,0.04,1.00,0,0,0.00,0
2026-05-01 17:41:09,1146.79,1,0,0,0,0,0,0,0.02,0,1.00,5.13,3.19,4.04,1.00,D,0.00,12.00,2.42,12.00,1.96,^,1.23,,18.20,12.60,504,0.00,49.9,1,0,0.00,0.00,0.00,12.00,0.02,1.00,0,0,0.00,0
2026-05-01 17:41:10,1147.79,1,0,0,0,0,0,0,-0.43,0,1.00,5.13,3.19,3.88,1.00,D,0.00,12.00,2.21,12.00,1.96,^,-25.97,,13.20,12.60,504,0.00,49.4,1,0,0.00,0.00,0.00,12.00,-0.43,1.00,0,0,0.00,0
2026-05-01 17:41:11,1148.80,1,0,0,0,0,0,0,-0.01,0,1.00,5.13,3.20,4.03,1.00,D,0.00,12.00,2.46,12.00,1.97,^,-0.42,,14.60,12.50,504,0.00,48.3,1,0,0.00,0.00,0.00,12.00,-0.01,1.00,0,0,0.00,0
2026-05-01 17:41:12,1149.81,1,0,0,0,0,0,0,-0.06,0,1.00,5.13,3.20,3.81,1.00,D,0.00,12.00,12.00,12.00,2.00,^,-3.58,,16.00,12.60,504,0.00,49.9,1,0,0.00,0.00,0.00,12.00,-0.06,1.00,0,0,0.00,0
2026-05-01 17:41:13,1150.83,1,0,0,0,0,0,0,-0.02,0,1.00,5.13,3.20,4.07,1.00,D,0.00,12.00,12.00,12.00,2.04,^,-1.15,,13.10,12.60,504,0.00,49.9,1,0,0.00,0.00,0.00,12.00,-0.02,1.00,0,0,0.00,0
2026-05-01 17:41:14,1151.84,1,0,0,0,0,0,0,-0.09,0,1.00,5.13,3.20,3.94,1.00,D,0.00,12.00,12.00,12.00,2.13,^,-5.25,,13.60,12.60,504,0.00,49.9,1,0,0.00,0.00,0.00,12.00,-0.09,1.00,0,0,0.00,0
2026-05-01 17:41:15,1152.85,1,0,0,0,0,0,0,-0.07,0,1.00,5.13,3.20,4.02,1.00,D,0.00,12.00,12.00,12.00,2.19,^,-4.31,,13.50,12.50,504,0.00,49.9,1,0,0.00,0.00,0.00,12.00,-0.07,1.00,0,0,0.00,0
2026-05-01 17:41:16,1153.96,1,0,0,0,0,0,0,-0.14,0,1.00,5.13,3.20,4.09,1.00,D,0.00,12.00,12.00,12.00,2.27,^,-8.35,,13.40,12.50,504,0.00,49.4,1,0,0.00,0.00,0.00,12.00,-0.14,1.00,0,0,0.00,0
2026-05-01 17:41:17,1154.86,1,0,0,0,0,0,0,-0.10,0,1.00,5.13,3.20,4.08,1.00,D,0.00,12.00,12.00,12.00,2.17,^,-5.94,,13.30,12.50,504,0.00,48.3,1,0,0.00,0.00,0.00,12.00,-0.10,1.00,0,0,0.00,0
2026-05-01 17:41:18,1155.88,1,0,0,0,0,0,0,-0.00,0,1.00,5.13,3.20,4.00,1.00,D,0.00,12.00,12.00,12.00,2.17,^,-0.11,,15.10,12.50,504,0.00,49.9,1,0,0.00,0.00,0.00,12.00,-0.00,1.00,0,0,0.00,0
2026-05-01 17:41:19,1156.89,1,0,0,0,0,0,0,0.02,0,1.00,5.13,3.20,4.09,1.00,D,0.00,12.00,12.00,12.00,2.17,^,1.36,,15.20,12.50,504,0.00,49.9,1,0,0.00,0.00,0.00,12.00,0.02,1.00,0,0,0.00,0
2026-05-01 17:41:20,1158.00,1,0,0,0,0,0,0,-0.11,0,1.00,5.13,3.20,4.01,1.00,D,0.00,12.00,12.00,12.00,2.09,^,-6.49,,15.70,12.40,504,0.00,49.9,1,0,0.00,0.00,0.00,12.00,-0.11,1.00,0,0,0.00,0
2026-05-01 17:41:21,1158.91,1,0,0,0,0,0,0,-0.08,0,1.00,5.13,3.20,4.05,1.00,D,0.00,12.00,12.00,12.00,2.02,^,-4.56,,16.10,12.40,504,0.00,47.2,1,0,0.00,0.00,0.00,12.00,-0.08,1.00,0,0,0.00,0
2026-05-01 17:41:22,1160.02,1,0,0,0,0,0,0,-0.04,0,1.00,5.13,3.20,4.00,1.00,D,0.00,12.00,12.00,12.00,2.01,^,-2.38,,16.70,12.40,504,0.00,47.7,1,0,0.00,0.00,0.00,12.00,-0.04,1.00,0,0,0.00,0
2026-05-01 17:41:23,1160.92,1,0,0,0,0,0,0,-0.07,0,1.00,5.13,3.20,4.04,1.00,D,0.00,12.00,12.00,12.00,2.03,^,-4.20,,16.90,12.40,504,0.00,48.3,1,0,0.00,0.00,0.00,12.00,-0.07,1.00,0,0,0.00,0
2026-05-01 17:41:24,1161.94,1,0,0,0,0,0,0,-0.13,0,1.00,5.13,3.20,4.03,1.00,D,0.00,12.00,2.26,12.00,2.17,^,-7.59,,16.20,12.40,504,0.00,47.2,1,0,0.00,0.00,0.00,12.00,-0.13,1.00,0,0,0.00,0
2026-05-01 17:41:25,1162.95,1,0,0,0,0,0,0,-0.07,0,1.00,5.13,3.21,4.04,1.00,D,0.00,12.00,12.00,12.00,2.14,^,-4.42,,13.10,12.30,504,0.00,49.4,1,0,0.00,0.00,0.00,12.00,-0.07,1.00,0,0,0.00,0
2026-05-01 17:41:26,1163.96,1,0,0,0,0,0,0,-0.09,0,1.00,5.13,3.21,3.95,1.00,D,0.00,12.00,12.00,12.00,2.32,^,-5.45,,14.00,12.40,504,0.00,48.8,1,0,0.00,0.00,0.00,12.00,-0.09,1.00,0,0,0.00,0
2026-05-01 17:41:27,1164.98,1,0,0,0,0,0,0,-0.01,0,1.00,5.13,3.21,4.07,1.00,D,0.00,12.00,12.00,12.00,2.26,^,-0.75,,13.50,12.40,504,0.00,49.9,1,0,0.00,0.00,0.00,12.00,-0.01,1.00,0,0,0.00,0
2026-05-01 17:41:28,1165.99,1,0,0,0,0,0,0,-0.02,0,1.00,5.13,3.21,3.92,1.00,D,0.00,12.00,12.00,12.00,2.28,^,-1.05,,13.00,12.30,504,0.00,49.4,1,0,0.00,0.00,0.00,12.00,-0.02,1.00,0,0,0.00,0
2026-05-01 17:41:29,1167.00,1,0,0,0,0,0,0,-0.07,0,1.00,5.13,3.21,4.07,1.00,D,0.00,12.00,12.00,12.00,2.30,^,-4.41,,14.80,12.30,504,0.00,49.4,1,0,0.00,0.00,0.00,12.00,-0.07,1.00,0,0,0.00,0
2026-05-01 17:41:30,1168.01,1,0,0,0,0,0,0,-0.16,0,1.00,5.13,3.21,3.99,1.00,D,0.00,12.00,12.00,12.00,12.00,^,-9.86,,16.20,12.30,504,0.00,49.9,1,0,0.00,0.00,0.00,12.00,-0.16,1.00,0,0,0.00,0
2026-05-01 17:41:31,1169.02,1,0,0,0,0,0,0,-0.05,0,1.00,5.13,3.21,4.08,1.00,D,0.00,12.00,12.00,12.00,2.43,^,-2.97,,16.00,12.30,504,0.00,48.3,1,0,0.00,0.00,0.00,12.00,-0.05,1.00,0,0,0.00,0
2026-05-01 17:41:32,1170.03,1,0,0,0,0,0,0,0.01,0,1.00,5.13,3.21,4.02,1.00,D,0.00,12.00,12.00,12.00,12.00,^,0.78,,16.30,12.30,504,0.00,48.8,1,0,0.00,0.00,0.00,12.00,0.01,1.00,0,0,0.00,0
2026-05-01 17:41:33,1171.05,1,0,0,0,0,0,0,-0.22,0,1.00,5.13,3.21,4.09,1.00,D,0.00,12.00,12.00,12.00,2.45,^,-13.27,,16.50,12.30,504,0.00,48.3,1,0,0.00,0.00,0.00,12.00,-0.22,1.00,0,0,0.00,0
2026-05-01 17:41:34,1172.05,1,0,0,0,0,0,0,-0.10,0,1.00,5.13,3.21,4.07,1.00,D,0.00,12.00,12.00,12.00,2.40,^,-6.30,,16.60,12.30,504,0.00,48.3,1,0,0.00,0.00,0.00,12.00,-0.10,1.00,0,0,0.00,0
2026-05-01 17:41:35,1173.07,1,0,0,0,0,0,0,-0.03,0,1.00,5.13,3.21,3.95,1.00,D,0.00,12.00,12.00,12.00,2.39,^,-1.79,,15.90,12.30,504,0.00,48.8,1,0,0.00,0.00,0.00,12.00,-0.03,1.00,0,0,0.00,0
2026-05-01 17:41:36,1174.08,1,0,0,0,0,0,0,0.15,0,1.00,5.13,3.21,4.07,1.00,D,0.00,12.00,12.00,12.00,2.41,^,9.10,,15.90,12.30,504,0.00,48.8,1,0,0.00,0.00,0.00,12.00,0.15,1.00,0,0,0.00,0
2026-05-01 17:41:37,1175.09,1,0,0,0,0,0,0,-0.07,0,1.00,5.13,3.21,4.08,1.00,D,0.00,12.00,12.00,12.00,2.38,^,-3.92,,14.80,12.30,504,0.00,48.3,1,0,0.00,0.00,0.00,12.00,-0.07,1.00,0,0,0.00,0
2026-05-01 17:41:38,1176.11,1,0,0,0,0,0,0,-0.13,0,1.00,5.13,3.21,4.04,1.00,D,0.00,12.00,2.21,12.00,2.33,^,-7.97,,15.70,12.30,504,0.00,48.3,1,0,0.00,0.00,0.00,12.00,-0.13,1.00,0,0,0.00,0
2026-05-01 17:41:39,1177.12,1,0,0,0,0,0,0,0.03,0,1.00,5.13,3.22,3.98,1.00,D,0.00,12.00,1.02,12.00,1.82,^,2.08,,14.90,12.30,504,0.00,49.4,1,0,0.00,0.00,0.00,12.00,0.03,1.00,0,0,0.00,0
2026-05-01 17:41:40,1178.14,1,0,0,0,0,0,0,-0.08,0,1.00,5.13,3.22,4.07,1.00,D,0.00,12.00,1.78,12.00,1.32,^,-4.75,,13.80,12.30,504,0.00,49.4,1,0,0.00,0.00,0.00,12.00,-0.08,1.00,0,0,0.00,0
2026-05-01 17:41:41,1179.15,1,0,0,0,0,0,0,-0.14,0,1.00,5.13,3.22,3.97,1.00,D,0.00,12.00,12.00,12.00,1.79,^,-8.47,,14.50,12.30,504,0.00,49.4,1,0,0.00,0.00,0.00,12.00,-0.14,1.00,0,0,0.00,0
2026-05-01 17:41:42,1180.26,1,0,0,0,0,0,0,0.17,0,1.00,5.13,3.22,3.99,1.00,D,0.00,12.00,12.00,12.00,2.15,^,10.06,,15.30,12.30,504,0.00,49.9,1,0,0.00,0.00,0.00,12.00,0.17,1.00,0,0,0.00,0
2026-05-01 17:41:43,1181.16,1,0,0,0,0,0,0,-0.18,0,1.00,5.13,3.22,4.02,1.00,D,0.00,12.00,12.00,12.00,2.08,^,-11.03,,14.50,12.30,504,0.00,49.4,1,0,0.00,0.00,0.00,12.00,-0.18,1.00,0,0,0.00,0
2026-05-01 17:41:44,1182.17,1,0,0,0,0,0,0,-0.07,0,1.00,5.13,3.22,4.00,1.00,D,0.00,12.00,12.00,12.00,1.92,^,-4.28,,16.40,12.30,504,0.00,48.3,1,0,0.00,0.00,0.00,12.00,-0.07,1.00,0,0,0.00,0
2026-05-01 17:41:45,1183.18,1,0,0,0,0,0,0,0.03,0,1.00,5.13,3.22,4.02,1.00,D,0.00,12.00,12.00,12.00,1.88,^,1.87,,16.70,12.30,504,0.00,48.8,1,0,0.00,0.00,0.00,12.00,0.03,1.00,0,0,0.00,0
2026-05-01 17:41:46,1184.19,1,0,0,0,0,0,0,-0.08,0,1.00,5.13,3.22,4.00,1.00,D,0.00,12.00,12.00,12.00,1.67,^,-4.79,,15.70,12.40,504,0.00,50.5,1,0,0.00,0.00,0.00,12.00,-0.08,1.00,0,0,0.00,0
2026-05-01 17:41:47,1185.21,1,0,0,0,0,0,0,-0.10,0,1.00,5.13,3.22,3.97,1.00,D,0.00,12.00,12.00,12.00,1.64,^,-6.30,,16.20,12.40,504,0.00,49.9,1,0,0.00,0.00,0.00,12.00,-0.10,1.00,0,0,0.00,0
2026-05-01 17:41:48,1186.22,1,0,0,0,0,0,0,-0.02,0,1.00,5.13,3.22,4.03,1.00,D,0.00,12.00,2.15,12.00,1.64,^,-1.18,,14.50,12.40,504,0.00,49.4,1,0,0.00,0.00,0.00,12.00,-0.02,1.00,0,0,0.00,0
2026-05-01 17:41:49,1187.24,1,0,0,0,0,0,0,-0.08,0,1.00,5.13,3.22,3.99,1.00,D,0.00,12.00,12.00,12.00,1.64,^,-4.86,,14.20,12.40,504,0.00,50.5,1,0,0.00,0.00,0.00,12.00,-0.08,1.00,0,0,0.00,0
2026-05-01 17:41:50,1188.25,1,0,0,0,0,0,0,0.05,0,1.00,5.13,3.22,4.09,1.00,D,0.00,12.00,12.00,12.00,1.83,^,3.05,,14.10,12.40,504,0.00,49.9,1,0,0.00,0.00,0.00,12.00,0.05,1.00,0,0,0.00,0
2026-05-01 17:41:51,1189.26,1,0,0,0,0,0,0,-0.07,0,1.00,5.13,3.22,4.01,1.00,D,0.00,12.00,12.00,12.00,1.92,^,-3.94,,16.30,12.40,504,0.00,47.7,1,0,0.00,0.00,0.00,12.00,-0.07,1.00,0,0,0.00,0
2026-05-01 17:41:52,1190.27,1,0,0,0,0,0,0,-0.11,0,1.00,5.13,3.22,3.78,1.00,D,0.00,12.00,12.00,12.00,1.71,^,-6.38,,14.80,12.30,504,0.00,49.9,1,0,0.00,0.00,0.00,12.00,-0.11,1.00,0,0,0.00,0
2026-05-01 17:41:53,1191.28,1,0,0,0,0,0,0,0.11,0,1.00,5.13,3.22,4.01,1.00,D,0.00,2.40,2.27,12.00,1.51,^,6.60,,15.30,12.30,504,0.00,49.4,1,0,0.00,0.00,0.00,2.40,0.11,1.00,0,0,0.00,0
2026-05-01 17:41:54,1192.39,1,0,0,0,0,0,0,-0.19,0,1.00,5.13,3.22,4.07,1.00,D,0.00,12.00,1.51,12.00,1.39,^,-11.56,,15.10,12.30,504,0.00,48.8,1,0,0.00,0.00,0.00,12.00,-0.19,1.00,0,0,0.00,0
2026-05-01 17:41:55,1193.30,1,0,0,0,0,0,0,-0.10,0,1.00,5.13,3.23,4.07,1.00,D,0.00,12.00,12.00,12.00,1.41,^,-6.02,,14.20,12.30,504,0.00,50.5,1,0,0.00,0.00,0.00,12.00,-0.10,1.00,0,0,0.00,0
2026-05-01 17:41:56,1194.31,1,0,0,0,0,0,0,-0.02,0,1.00,5.13,3.23,3.94,1.00,D,0.00,12.00,12.00,12.00,1.35,^,-1.36,,14.90,12.30,504,0.00,50.5,1,0,0.00,0.00,0.00,12.00,-0.02,1.00,0,0,0.00,0
2026-05-01 17:41:57,1195.32,1,0,0,0,0,0,0,-0.03,0,1.00,5.13,3.23,4.03,1.00,D,0.00,12.00,12.00,12.00,1.32,^,-1.75,,15.60,12.30,504,0.00,49.9,1,0,0.00,0.00,0.00,12.00,-0.03,1.00,0,0,0.00,0
2026-05-01 17:41:58,1196.33,1,0,0,0,0,0,0,0.01,0,1.00,5.13,3.23,4.00,1.00,D,0.00,12.00,12.00,12.00,1.33,^,0.57,,16.70,12.30,504,0.00,47.7,1,0,0.00,0.00,0.00,12.00,0.01,1.00,0,0,0.00,0
2026-05-01 17:41:59,1197.34,1,0,0,0,0,0,0,0.08,0,1.00,5.13,3.23,3.82,1.00,D,0.00,12.00,12.00,12.00,1.40,^,4.99,,15.30,12.30,504,0.00,49.9,1,0,0.00,0.00,0.00,12.00,0.08,1.00,0,0,0.00,0
2026-05-01 17:42:00,1198.35,1,0,0,0,0,0,0,-0.09,0,1.00,5.13,3.23,3.99,1.00,D,0.00,12.00,12.00,12.00,1.40,^,-5.16,,12.90,12.30,504,0.00,51.0,1,0,0.00,0.00,0.00,12.00,-0.09,1.00,0,0,0.00,0
2026-05-01 17:42:01,1199.36,1,0,0,0,0,0,0,-0.02,0,1.00,5.13,3.23,3.94,1.00,D,0.00,12.00,12.00,12.00,1.41,^,-1.14,,14.00,12.30,504,0.00,49.9,1,0,0.00,0.00,0.00,12.00,-0.02,1.00,0,0,0.00,0
2026-05-01 17:42:02,1200.37,1,0,0,0,0,0,0,0.02,0,1.00,5.13,3.23,3.92,1.00,D,0.00,12.00,12.00,12.00,1.37,^,1.22,,14.70,12.30,504,0.00,49.4,1,0,0.00,0.00,0.00,12.00,0.02,1.00,0,0,0.00,0
2026-05-01 17:42:03,1201.39,1,0,0,0,0,0,0,0.42,0,0.50,5.13,3.23,3.92,0.93,D,0.00,1.87,1.84,12.00,1.46,WARN_WARNING,25.33,lidar_override,13.80,12.30,504,0.00,49.9,1,0,0.00,0.00,0.00,1.87,-0.11,1.00,0,0,0.00,0
2026-05-01 17:42:04,1202.40,1,0,0,0,0,0,0,-0.14,0,1.00,5.13,3.23,3.68,1.00,D,0.00,12.00,1.10,12.00,1.40,^,-8.28,,15.20,12.40,504,0.00,51.0,1,0,0.00,0.00,0.00,12.00,-0.14,1.00,0,0,0.00,0
2026-05-01 17:42:05,1203.41,1,0,0,0,0,0,0,0.05,0,1.00,5.13,3.23,3.92,1.00,D,0.00,12.00,0.99,12.00,1.42,^,2.86,,15.50,12.40,504,0.00,49.9,1,0,0.00,0.00,0.00,12.00,0.05,1.00,0,0,0.00,0
2026-05-01 17:42:06,1204.42,1,0,0,0,0,0,0,-0.10,0,1.00,5.13,3.23,3.99,1.00,D,0.00,12.00,1.97,12.00,1.43,^,-5.97,,13.70,12.40,504,0.00,49.9,1,0,0.00,0.00,0.00,12.00,-0.10,1.00,0,0,0.00,0
2026-05-01 17:42:07,1205.43,1,0,0,0,0,0,0,-0.50,0,1.00,5.13,3.23,4.05,1.00,D,0.00,12.00,12.00,12.00,1.54,^,-29.71,,13.70,12.40,504,0.00,49.9,1,0,0.00,0.00,0.00,12.00,-0.50,1.00,0,0,0.00,0
2026-05-01 17:42:08,1206.43,1,0,0,0,0,0,0,0.03,0,1.00,5.13,3.23,3.91,1.00,D,0.00,12.00,12.00,12.00,1.63,^,1.71,,15.20,12.40,504,0.00,49.9,1,0,0.00,0.00,0.00,12.00,0.03,1.00,0,0,0.00,0
2026-05-01 17:42:09,1207.44,1,0,0,0,0,0,0,-0.01,0,1.00,5.13,3.23,3.97,1.00,D,0.00,12.00,12.00,12.00,1.54,^,-0.76,,15.70,12.30,504,0.00,49.9,1,0,0.00,0.00,0.00,12.00,-0.01,1.00,0,0,0.00,0
2026-05-01 17:42:10,1208.45,1,0,0,0,0,0,0,-0.13,0,1.00,5.13,3.23,3.88,1.00,D,0.00,12.00,12.00,12.00,1.39,^,-7.74,,15.80,12.30,504,0.00,49.4,1,0,0.00,0.00,0.00,12.00,-0.13,1.00,0,0,0.00,0
2026-05-01 17:42:11,1209.47,1,0,0,0,0,0,0,-0.02,0,1.00,5.13,3.24,3.94,1.00,D,0.00,12.00,12.00,12.00,1.30,^,-1.24,,16.30,12.30,504,0.00,49.4,1,0,0.00,0.00,0.00,12.00,-0.02,1.00,0,0,0.00,0
2026-05-01 17:42:12,1210.47,1,0,0,0,0,0,0,-0.07,0,1.00,5.13,3.24,3.85,1.00,D,0.00,12.00,12.00,12.00,1.30,^,-3.92,,17.00,12.30,504,0.00,48.8,1,0,0.00,0.00,0.00,12.00,-0.07,1.00,0,0,0.00,0
2026-05-01 17:42:13,1211.49,1,0,0,0,0,0,0,-0.09,0,1.00,5.13,3.24,3.76,1.00,D,0.00,12.00,2.41,12.00,1.41,^,-5.62,,16.80,12.30,504,0.00,48.8,1,0,0.00,0.00,0.00,12.00,-0.09,1.00,0,0,0.00,0
2026-05-01 17:42:14,1212.50,1,0,0,0,0,0,0,0.04,0,1.00,5.13,3.24,3.71,1.00,D,0.00,12.00,1.92,12.00,1.61,^,2.45,,15.40,12.40,504,0.00,50.5,1,0,0.00,0.00,0.00,12.00,0.04,1.00,0,0,0.00,0
2026-05-01 17:42:15,1213.51,1,0,0,0,0,0,0,0.07,0,1.00,5.13,3.24,3.88,1.00,D,0.00,2.30,12.00,12.00,1.64,^,3.99,,13.80,12.30,504,0.00,49.4,1,0,0.00,0.00,0.00,2.30,0.07,1.00,0,0,0.00,0
2026-05-01 17:42:16,1214.51,1,0,0,0,0,0,0,0.15,0,1.00,5.13,3.24,3.18,0.98,D,0.00,12.00,12.00,1.11,1.52,^,9.24,,15.30,12.30,504,0.00,50.5,1,0,0.00,0.00,0.00,12.00,0.15,1.00,0,0,0.00,0
2026-05-01 17:42:17,1215.52,1,0,0,0,0,0,0,-0.42,0,0.50,5.13,3.24,3.85,0.92,D,0.00,1.86,12.00,2.08,0.99,WARN_WARNING,-25.33,lidar_override,15.30,12.40,504,0.00,48.8,1,0,0.00,0.00,0.00,1.86,-0.17,1.00,0,0,0.00,0
2026-05-01 17:42:18,1216.53,1,0,0,0,0,0,0,0.16,0,1.00,5.13,3.24,3.41,1.00,D,0.00,12.00,12.00,1.07,1.27,^,9.45,,13.20,12.30,504,0.00,49.4,1,0,0.00,0.00,0.00,12.00,0.16,1.00,0,0,0.00,0
2026-05-01 17:42:19,1217.54,1,0,0,0,0,0,0,-0.02,0,1.00,5.13,3.24,3.78,1.00,D,0.00,12.00,12.00,12.00,1.28,^,-1.34,,16.40,12.30,504,0.00,49.9,1,0,0.00,0.00,0.00,12.00,-0.02,1.00,0,0,0.00,0
2026-05-01 17:42:20,1218.55,1,0,0,0,0,0,0,-0.07,0,1.00,5.13,3.24,3.90,1.00,D,0.00,12.00,12.00,12.00,1.42,^,-4.07,,16.60,12.30,504,0.00,49.4,1,0,0.00,0.00,0.00,12.00,-0.07,1.00,0,0,0.00,0
2026-05-01 17:42:21,1219.56,1,0,0,0,0,0,0,-0.09,0,1.00,5.13,3.24,3.83,1.00,D,0.00,12.00,12.00,12.00,1.43,^,-5.37,,16.50,12.30,504,0.00,49.9,1,0,0.00,0.00,0.00,12.00,-0.09,1.00,0,0,0.00,0
2026-05-01 17:42:22,1220.57,1,0,0,0,0,0,0,-0.05,0,1.00,5.13,3.24,3.87,1.00,D,0.00,12.00,3.03,12.00,1.45,^,-3.28,,16.20,12.30,504,0.00,47.7,1,0,0.00,0.00,0.00,12.00,-0.05,1.00,0,0,0.00,0
2026-05-01 17:42:23,1221.59,1,0,0,0,0,0,0,0.08,0,1.00,5.13,3.24,3.96,1.00,D,0.00,12.00,2.59,12.00,1.50,^,4.98,,17.00,12.30,504,0.00,48.8,1,0,0.00,0.00,0.00,12.00,0.08,1.00,0,0,0.00,0
2026-05-01 17:42:25,1222.70,1,0,0,0,0,0,0,-0.11,0,1.00,5.13,3.24,3.84,1.00,D,0.00,12.00,5.86,12.00,1.67,^,-6.46,,15.70,12.30,504,0.00,48.8,1,0,0.00,0.00,0.00,12.00,-0.11,1.00,0,0,0.00,0
2026-05-01 17:42:25,1223.60,1,0,0,0,0,0,0,0.15,0,1.00,5.13,3.24,3.94,1.00,D,0.00,12.00,5.18,12.00,1.74,^,8.98,,16.90,12.30,504,0.00,49.4,1,0,0.00,0.00,0.00,12.00,0.15,1.00,0,0,0.00,0
2026-05-01 17:42:27,1224.71,1,0,0,0,0,0,0,-0.05,0,1.00,5.13,3.24,3.89,1.00,D,0.00,12.00,12.00,12.00,1.69,^,-3.05,,17.80,12.30,504,0.00,48.8,1,0,0.00,0.00,0.00,12.00,-0.05,1.00,0,0,0.00,0
2026-05-01 17:42:27,1225.62,1,0,0,0,0,0,0,-0.06,0,1.00,5.13,3.24,3.96,1.00,D,0.00,12.00,12.00,12.00,1.66,^,-3.31,,15.90,12.30,504,0.00,48.3,1,0,0.00,0.00,0.00,12.00,-0.06,1.00,0,0,0.00,0
2026-05-01 17:42:29,1226.73,1,0,0,0,0,0,0,-0.10,0,1.00,5.13,3.24,3.95,1.00,D,0.00,12.00,12.00,12.00,1.70,^,-6.18,,16.40,12.40,504,0.00,48.8,1,0,0.00,0.00,0.00,12.00,-0.10,1.00,0,0,0.00,0
2026-05-01 17:42:29,1227.64,1,0,0,0,0,0,0,-0.00,0,1.00,5.13,3.24,3.99,1.00,D,0.00,12.00,2.35,12.00,1.71,^,-0.29,,17.30,12.40,504,0.00,48.3,1,0,0.00,0.00,0.00,12.00,-0.00,1.00,0,0,0.00,0
2026-05-01 17:42:30,1228.65,1,0,0,0,0,0,0,-0.07,0,1.00,5.13,3.24,3.98,1.00,D,0.00,12.00,1.83,12.00,1.76,^,-4.00,,17.30,12.40,504,0.00,48.8,1,0,0.00,0.00,0.00,12.00,-0.07,1.00,0,0,0.00,0
2026-05-01 17:42:32,1229.66,1,0,0,0,0,0,0,-0.04,0,1.00,5.13,3.25,3.97,1.00,D,0.00,12.00,2.23,12.00,1.88,^,-2.36,,17.70,12.30,504,0.00,47.2,1,0,0.00,0.00,0.00,12.00,-0.04,1.00,0,0,0.00,0
2026-05-01 17:42:33,1230.68,1,0,0,0,0,0,0,-0.10,0,1.00,5.13,3.25,4.04,1.00,D,0.00,12.00,12.00,12.00,1.76,^,-6.19,,17.40,12.30,504,0.00,49.9,1,0,0.00,0.00,0.00,12.00,-0.10,1.00,0,0,0.00,0
2026-05-01 17:42:34,1231.69,1,0,0,0,0,0,0,-0.03,0,1.00,5.13,3.25,4.05,1.00,D,0.00,12.00,12.00,12.00,1.67,^,-1.92,,14.80,12.30,504,0.00,48.3,1,0,0.00,0.00,0.00,12.00,-0.03,1.00,0,0,0.00,0
2026-05-01 17:42:35,1232.71,1,0,0,0,0,0,0,-0.01,0,1.00,5.13,3.25,4.04,1.00,D,0.00,12.00,12.00,12.00,1.55,^,-0.87,,16.60,12.30,504,0.00,48.8,1,0,0.00,0.00,0.00,12.00,-0.01,1.00,0,0,0.00,0
2026-05-01 17:42:36,1233.72,1,0,0,0,0,0,0,-0.08,0,1.00,5.13,3.25,4.08,1.00,D,0.00,12.00,12.00,12.00,1.52,^,-4.86,,16.50,12.30,504,0.00,47.7,1,0,0.00,0.00,0.00,12.00,-0.08,1.00,0,0,0.00,0
2026-05-01 17:42:37,1234.74,1,0,0,0,0,0,0,-0.11,0,1.00,5.13,3.25,4.12,1.00,D,0.00,12.00,12.00,12.00,1.51,^,-6.56,,15.70,12.30,504,0.00,47.7,1,0,0.00,0.00,0.00,12.00,-0.11,1.00,0,0,0.00,0
2026-05-01 17:42:38,1235.75,1,0,0,0,0,0,0,-0.08,0,1.00,5.13,3.25,4.09,1.00,D,0.00,12.00,12.00,12.00,1.52,^,-4.77,,16.50,12.30,504,0.00,48.3,1,0,0.00,0.00,0.00,12.00,-0.08,1.00,0,0,0.00,0
2026-05-01 17:42:39,1236.86,1,0,0,0,0,0,0,-0.07,0,1.00,5.13,3.25,4.05,1.00,D,0.00,12.00,12.00,12.00,1.60,^,-4.15,,15.30,12.30,504,0.00,46.6,1,0,0.00,0.00,0.00,12.00,-0.07,1.00,0,0,0.00,0
2026-05-01 17:42:40,1237.76,1,0,0,0,0,0,0,-0.04,0,1.00,5.13,3.25,3.97,1.00,D,0.00,12.00,12.00,12.00,1.71,^,-2.24,,16.20,12.30,504,0.00,49.4,1,0,0.00,0.00,0.00,12.00,-0.04,1.00,0,0,0.00,0
2026-05-01 17:42:41,1238.77,1,0,0,0,0,0,0,-0.12,0,1.00,5.13,3.25,4.11,1.00,D,0.00,12.00,2.37,12.00,1.89,^,-7.05,,14.00,12.30,504,0.00,49.9,1,0,0.00,0.00,0.00,12.00,-0.12,1.00,0,0,0.00,0
2026-05-01 17:42:42,1239.78,1,0,0,0,0,0,0,-0.08,0,1.00,5.13,3.25,4.10,1.00,D,0.00,12.00,12.00,12.00,1.94,^,-4.58,,14.20,12.40,504,0.00,49.9,1,0,0.00,0.00,0.00,12.00,-0.08,1.00,0,0,0.00,0
2026-05-01 17:42:43,1240.80,1,0,0,0,0,0,0,-0.10,0,1.00,5.13,3.25,4.09,1.00,D,0.00,12.00,2.16,12.00,1.97,^,-6.12,,13.10,12.40,504,0.00,48.8,1,0,0.00,0.00,0.00,12.00,-0.10,1.00,0,0,0.00,0
2026-05-01 17:42:44,1241.81,1,0,0,0,0,0,0,-0.05,0,1.00,5.13,3.25,3.89,1.00,D,0.00,12.00,1.43,12.00,2.12,^,-2.95,,13.80,12.40,504,0.00,49.4,1,0,0.00,0.00,0.00,12.00,-0.05,1.00,0,0,0.00,0
2026-05-01 17:42:45,1242.82,1,0,0,0,0,0,0,0.03,0,1.00,5.13,3.25,4.09,1.00,D,0.00,12.00,12.00,12.00,1.92,^,2.07,,15.70,12.40,504,0.00,49.4,1,0,0.00,0.00,0.00,12.00,0.03,1.00,0,0,0.00,0
2026-05-01 17:42:46,1243.82,1,0,0,0,0,0,0,-0.01,0,1.00,5.13,3.25,3.97,1.00,D,0.00,12.00,2.46,12.00,2.31,^,-0.63,,15.20,12.40,504,0.00,50.5,1,0,0.00,0.00,0.00,12.00,-0.01,1.00,0,0,0.00,0
2026-05-01 17:42:47,1244.83,1,0,0,0,0,0,0,-0.07,0,1.00,5.13,3.26,4.12,1.00,D,0.00,12.00,12.00,12.00,2.05,^,-4.42,,14.20,12.40,504,0.00,48.8,1,0,0.00,0.00,0.00,12.00,-0.07,1.00,0,0,0.00,0
2026-05-01 17:42:48,1245.85,1,0,0,0,0,0,0,-0.04,0,1.00,5.13,3.26,4.09,1.00,D,0.00,12.00,12.00,12.00,2.51,^,-2.38,,15.20,12.30,504,0.00,50.5,1,0,0.00,0.00,0.00,12.00,-0.04,1.00,0,0,0.00,0
2026-05-01 17:42:49,1246.96,1,0,0,0,0,0,0,-0.12,0,1.00,5.13,3.26,4.31,1.00,D,0.00,12.00,12.00,12.00,12.00,^,-7.26,,12.50,12.40,504,0.00,50.5,1,0,0.00,0.00,0.00,12.00,-0.12,1.00,0,0,0.00,0
2026-05-01 17:42:50,1247.87,1,0,0,0,0,0,0,-0.03,0,1.00,5.13,3.26,4.36,1.00,D,0.00,12.00,12.00,12.00,3.02,^,-1.83,,14.80,12.40,504,0.00,50.5,1,0,0.00,0.00,0.00,12.00,-0.03,1.00,0,0,0.00,0
2026-05-01 17:42:51,1248.88,1,0,0,0,0,0,0,0.29,0,1.00,5.13,3.26,4.17,1.00,D,0.00,12.00,2.05,12.00,12.00,^,17.36,,14.70,12.30,504,0.00,49.4,1,0,0.00,0.00,0.00,12.00,0.29,1.00,0,0,0.00,0
2026-05-01 17:42:52,1249.89,1,0,0,0,0,0,0,-0.06,0,1.00,5.13,3.26,4.25,1.00,D,0.00,12.00,12.00,12.00,1.61,^,-3.87,,17.40,12.40,504,0.00,48.3,1,0,0.00,0.00,0.00,12.00,-0.06,1.00,0,0,0.00,0
2026-05-01 17:42:53,1250.90,1,0,0,0,0,0,0,0.03,0,1.00,5.13,3.26,4.35,1.00,D,0.00,12.00,12.00,12.00,2.52,^,1.68,,16.40,12.40,504,0.00,49.4,1,0,0.00,0.00,0.00,12.00,0.03,1.00,0,0,0.00,0
2026-05-01 17:42:54,1251.91,1,0,0,0,0,0,0,0.09,0,1.00,5.13,3.26,4.40,1.00,D,0.00,12.00,12.00,12.00,12.00,^,5.58,,17.50,12.40,504,0.00,49.9,1,0,0.00,0.00,0.00,12.00,0.09,1.00,0,0,0.00,0
2026-05-01 17:42:55,1252.93,1,0,0,0,0,0,0,-0.09,0,1.00,5.13,3.26,4.42,1.00,D,0.00,12.00,12.00,12.00,12.00,^,-5.33,,17.70,12.30,504,0.00,48.3,1,0,0.00,0.00,0.00,12.00,-0.09,1.00,0,0,0.00,0
2026-05-01 17:42:56,1253.93,1,0,0,0,0,0,0,-0.05,0,1.00,5.13,3.26,4.38,1.00,D,0.00,12.00,12.00,12.00,12.00,^,-3.24,,14.40,12.40,504,0.00,49.9,1,0,0.00,0.00,0.00,12.00,-0.05,1.00,0,0,0.00,0
2026-05-01 17:42:57,1255.04,1,0,0,0,0,0,0,-0.03,0,1.00,5.13,3.26,4.39,1.00,D,0.00,12.00,12.00,12.00,12.00,^,-1.98,,14.20,12.40,504,0.00,49.9,1,0,0.00,0.00,0.00,12.00,-0.03,1.00,0,0,0.00,0
2026-05-01 17:42:58,1255.94,1,0,0,0,0,0,0,0.15,0,1.00,5.13,3.26,4.19,1.00,D,0.00,12.00,2.40,12.00,12.00,^,8.84,,13.00,12.30,504,0.00,50.5,1,0,0.00,0.00,0.00,12.00,0.15,1.00,0,0,0.00,0
2026-05-01 17:42:59,1257.05,0,0,0,0,0,0,0,0.00,1,0.00,5.13,3.26,2.26,0.00,D,0.00,12.00,1.73,12.00,2.80,^,0.00,,14.50,12.30,504,0.00,51.0,1,0,0.00,0.00,0.00,12.00,0.00,0.00,0,0,0.00,0
2026-05-01 17:43:00,1257.96,0,0,0,0,0,0,0,0.55,0,1.00,5.13,3.26,0.00,0.10,D,0.00,12.00,1.71,12.00,1.93,^,0.00,,15.00,12.30,504,0.56,51.0,1,0,0.00,0.00,0.00,12.00,0.00,0.00,0,0,0.00,0
2026-05-01 17:43:01,1258.97,0,0,0,0,0,0,0,0.98,0,1.00,5.13,3.26,0.31,0.61,D,0.00,12.00,1.72,12.00,1.81,^,0.00,,13.60,12.30,504,0.00,49.9,1,0,0.00,0.00,0.00,12.00,0.00,0.00,0,0,0.00,0
2026-05-01 17:43:02,1259.98,0,0,0,0,0,0,0,-1.00,0,1.00,5.13,3.26,2.89,1.00,D,0.00,12.00,12.00,12.00,1.69,^,0.00,,14.90,12.40,504,0.00,49.9,1,0,0.00,0.00,0.00,12.00,0.00,0.00,0,0,0.00,0
2026-05-01 17:43:03,1261.09,0,0,0,0,0,0,0,0.00,0,0.00,5.13,3.26,1.99,0.64,D,0.00,1.07,1.95,0.99,12.00,WARN_WARNING,0.00,,14.10,12.40,504,0.00,51.0,1,0,0.00,0.00,0.00,1.07,0.00,0.00,0,0,0.00,0
2026-05-01 17:43:04,1262.00,0,0,0,0,0,0,0,0.00,0,0.97,5.13,3.26,1.60,0.59,D,0.00,12.00,1.29,1.00,0.83,^,0.00,,14.70,12.40,504,0.00,48.8,1,0,0.00,0.00,0.00,12.00,0.00,0.00,0,0,0.00,0
2026-05-01 17:43:05,1263.01,1,0,0,0,0,0,0,-0.44,0,1.00,5.13,3.26,0.12,0.69,D,0.00,12.00,1.42,0.98,0.89,^,-26.17,,16.10,12.30,504,0.00,49.9,1,0,0.00,0.00,0.00,12.00,-0.44,1.00,0,0,0.00,0
2026-05-01 17:43:06,1264.02,1,0,0,0,0,0,0,0.30,0,1.00,5.13,3.25,3.16,1.00,D,0.00,12.00,1.23,1.55,1.16,^,18.01,,14.90,12.30,504,0.00,48.3,1,0,0.00,0.00,0.00,12.00,0.30,1.00,0,0,0.00,0
2026-05-01 17:43:07,1265.03,1,0,0,0,0,0,0,-0.03,0,1.00,5.13,3.25,4.14,1.00,D,0.00,12.00,12.00,12.00,1.40,^,-1.90,,16.50,12.30,504,0.00,49.9,1,0,0.00,0.00,0.00,12.00,-0.03,1.00,0,0,0.00,0
2026-05-01 17:43:08,1266.04,1,0,0,0,0,0,0,-0.11,0,1.00,5.13,3.25,4.25,1.00,D,0.00,12.00,12.00,12.00,1.65,^,-6.81,,17.20,12.30,504,0.00,48.3,1,0,0.00,0.00,0.00,12.00,-0.11,1.00,0,0,0.00,0
2026-05-01 17:43:09,1267.16,0,0,0,0,0,0,0,0.00,1,0.00,5.13,3.25,0.97,0.00,D,0.00,12.00,12.00,12.00,1.67,^,0.00,,15.60,12.30,504,0.01,49.4,1,0,0.00,0.00,0.00,12.00,0.00,0.00,0,0,0.00,0
2026-05-01 17:43:10,1268.06,0,0,0,1,0,0,0,-1.00,0,1.00,5.13,3.25,0.01,-0.18,R,0.00,12.00,12.00,12.00,0.72,^,0.00,,15.00,12.30,504,0.06,48.3,1,0,0.00,0.00,0.00,12.00,0.00,0.00,0,0,0.00,0
2026-05-01 17:43:11,1269.07,0,0,0,0,0,0,0,-0.41,0,1.00,5.13,3.25,0.19,-0.69,R,0.00,12.00,0.67,12.00,0.53,^,0.00,,15.90,12.30,504,0.00,48.3,1,0,0.00,0.00,0.00,12.00,0.00,0.00,0,0,0.00,0
2026-05-01 17:43:12,1270.08,0,0,0,0,0,0,0,0.00,0,0.00,5.13,3.25,2.87,-0.65,R,0.00,12.00,1.02,12.00,12.00,^,0.00,,17.40,12.30,504,0.00,49.4,1,0,0.00,0.00,0.00,12.00,0.00,0.00,0,0,0.00,0
2026-05-01 17:43:13,1271.19,1,0,1,0,0,0,0,0.20,0,1.00,5.13,3.25,1.22,0.07,D,0.00,1.75,12.00,12.00,12.00,^,11.81,,14.80,12.30,504,0.00,49.4,1,0,0.00,0.00,0.00,1.75,0.20,1.00,0,0,0.00,0
2026-05-01 17:43:14,1272.10,1,0,0,0,0,0,0,0.15,0,1.00,5.13,3.25,0.00,0.06,D,0.00,1.87,12.00,12.00,12.00,^,9.07,,14.00,12.30,504,0.30,49.4,1,0,0.00,0.00,0.00,1.87,0.15,1.00,0,0,0.00,0
2026-05-01 17:43:15,1273.11,1,0,0,0,0,0,0,0.16,0,1.00,5.13,3.24,0.19,0.57,D,0.00,1.84,12.00,12.00,12.00,^,9.82,,11.70,12.30,504,0.00,48.8,1,0,0.00,0.00,0.00,1.84,0.16,1.00,0,0,0.00,0
2026-05-01 17:43:16,1274.12,0,0,0,0,0,0,0,0.00,0,0.00,5.13,3.24,0.00,0.00,D,0.00,1.26,12.00,12.00,12.00,^,0.00,,12.20,12.30,504,0.24,49.9,1,0,0.00,0.00,0.00,1.26,0.00,0.00,0,0,0.00,0
2026-05-01 17:43:17,1275.14,0,0,0,0,0,0,0,0.00,1,0.00,5.13,3.24,0.00,0.00,D,0.00,0.57,12.00,0.70,12.00,STOP_WARNING,0.00,aeb_stop,13.40,12.30,504,1.25,49.9,1,1,0.00,0.00,0.00,0.57,0.00,0.00,0,0,0.00,0
2026-05-01 17:43:18,1276.15,0,0,0,0,0,0,0,0.00,1,0.00,5.13,3.24,0.00,0.00,D,0.00,0.26,12.00,0.30,12.00,STOP_WARNING,0.00,aeb_stop,13.00,12.30,504,2.27,49.4,1,1,0.00,0.00,0.00,0.26,0.00,0.00,0,0,0.00,0
2026-05-01 17:43:19,1277.26,0,0,0,0,0,0,0,0.00,1,0.00,5.13,3.23,0.00,0.00,D,0.00,0.28,12.00,0.26,12.00,STOP_WARNING,0.00,aeb_stop,14.30,12.30,504,0.46,48.8,1,1,0.00,0.00,0.00,0.28,0.00,0.00,0,0,0.00,0
2026-05-01 17:43:20,1278.17,0,0,0,0,0,0,0,0.00,1,0.00,5.13,3.23,0.00,0.00,D,0.00,0.29,12.00,0.25,12.00,STOP_WARNING,0.00,aeb_stop,14.00,12.30,504,0.34,47.7,1,1,0.00,0.00,0.00,0.29,0.00,0.00,0,0,0.00,0
2026-05-01 17:43:21,1279.18,0,0,0,0,0,0,0,0.00,1,0.00,5.13,3.23,0.00,0.00,D,0.00,0.47,12.00,0.29,12.00,STOP_WARNING,0.00,aeb_stop,13.30,12.30,504,1.35,49.9,1,1,0.00,0.00,0.00,0.47,0.00,0.00,0,0,0.00,0
2026-05-01 17:43:22,1280.29,0,0,0,0,0,0,0,0.00,1,0.00,5.13,3.22,0.00,0.00,D,0.00,0.69,12.00,12.00,12.00,WARN_WARNING,0.00,,15.70,12.30,504,2.46,49.4,1,0,0.00,0.00,0.00,0.69,0.00,0.00,0,0,0.00,0
2026-05-01 17:43:23,1281.19,0,0,0,0,0,0,0,0.00,1,0.00,5.13,3.22,0.00,0.00,D,0.00,1.59,12.00,12.00,10.32,^,0.00,,12.60,12.30,504,0.03,48.8,1,0,0.00,0.00,0.00,1.59,0.00,0.00,0,0,0.00,0
2026-05-01 17:43:24,1282.21,0,0,0,0,0,0,0,0.00,1,0.00,5.13,3.22,0.00,0.00,D,0.00,2.00,12.00,12.00,12.00,^,0.00,,10.90,12.30,504,1.04,49.4,1,0,0.00,0.00,0.00,2.00,0.00,0.00,0,0,0.00,0
2026-05-01 17:43:25,1283.22,0,0,0,0,0,0,0,0.00,1,0.00,5.13,3.22,0.00,0.00,D,0.00,2.03,12.00,12.00,12.00,^,0.00,,11.90,12.30,504,2.06,49.4,1,0,0.00,0.00,0.00,2.03,0.00,0.00,0,0,0.00,0
2026-05-01 17:43:26,1284.23,0,0,0,0,0,0,0,0.00,1,0.00,5.13,3.22,0.00,0.00,D,0.00,2.02,12.00,12.00,12.00,^,0.00,,12.30,12.40,504,3.07,49.4,1,0,0.00,0.00,0.00,2.02,0.00,0.00,0,0,0.00,0
2026-05-01 17:43:27,1285.25,0,0,0,0,0,0,0,0.00,1,0.00,5.13,3.21,0.00,0.00,D,0.00,1.12,12.00,12.00,12.00,WARN_WARNING,0.00,,12.30,12.30,504,4.08,49.9,1,0,0.00,0.00,0.00,1.12,0.00,0.00,0,0,0.00,0
2026-05-01 17:43:28,1286.26,0,0,0,0,0,0,0,0.00,1,0.00,5.13,3.21,0.00,0.00,D,0.00,0.36,12.00,12.00,12.00,STOP_WARNING,0.00,aeb_stop,13.60,12.30,504,0.14,47.7,1,1,0.00,0.00,0.00,0.36,0.00,0.00,0,0,0.00,0
2026-05-01 17:43:29,1287.27,0,0,0,0,0,0,0,0.00,1,0.00,5.13,3.21,0.00,0.00,D,0.00,0.37,12.00,0.54,12.00,STOP_WARNING,0.00,aeb_stop,14.40,12.30,504,0.16,48.8,1,1,0.00,0.00,0.00,0.37,0.00,0.00,0,0,0.00,0
2026-05-01 17:43:30,1288.28,0,0,0,0,0,0,0,0.00,1,0.00,5.13,3.20,0.00,0.00,D,0.00,0.38,12.00,0.55,12.00,STOP_WARNING,0.00,aeb_stop,13.60,12.30,504,0.86,48.8,1,1,0.00,0.00,0.00,0.38,0.00,0.00,0,0,0.00,0
2026-05-01 17:43:31,1289.39,0,0,0,0,0,0,0,0.00,1,0.00,5.13,3.20,0.00,0.00,D,0.00,0.38,12.00,0.57,12.00,STOP_WARNING,0.00,aeb_stop,14.30,12.30,504,0.36,48.8,1,1,0.00,0.00,0.00,0.38,0.00,0.00,0,0,0.00,0
2026-05-01 17:43:32,1290.30,0,0,0,0,0,0,0,0.00,1,0.00,5.13,3.20,0.00,0.00,D,0.00,0.37,12.00,12.00,12.00,STOP_WARNING,0.00,aeb_stop,15.60,12.30,504,0.84,48.3,1,1,0.00,0.00,0.00,0.37,0.00,0.00,0,0,0.00,0
2026-05-01 17:43:33,1291.31,0,0,0,0,0,0,0,0.00,1,0.00,5.13,3.20,0.00,0.00,D,0.00,0.37,12.00,0.55,2.04,STOP_WARNING,0.00,aeb_stop,14.40,12.30,504,0.35,48.8,1,1,0.00,0.00,0.00,0.37,0.00,0.00,0,0,0.00,0
2026-05-01 17:43:34,1292.33,0,0,0,0,0,0,0,0.00,1,0.00,5.13,3.19,0.00,0.00,D,0.00,0.49,12.00,0.55,1.57,STOP_WARNING,0.00,aeb_stop,15.00,12.30,504,0.79,48.3,1,1,0.00,0.00,0.00,0.49,0.00,0.00,0,0,0.00,0
2026-05-01 17:43:35,1293.34,0,0,0,0,0,0,0,0.00,1,0.00,5.13,3.19,0.00,0.00,D,0.00,0.74,12.00,12.00,1.52,WARN_WARNING,0.00,,15.70,12.30,504,1.80,48.8,1,0,0.00,0.00,0.00,0.74,0.00,0.00,0,0,0.00,0
2026-05-01 17:43:36,1294.35,0,0,0,0,0,0,0,0.00,1,0.00,5.13,3.19,0.00,0.00,D,0.00,1.13,12.00,1.04,1.52,WARN_WARNING,0.00,,13.60,12.30,504,0.71,47.7,1,0,0.00,0.00,0.00,1.13,0.00,0.00,0,0,0.00,0
2026-05-01 17:43:37,1295.37,0,0,0,0,0,0,0,0.00,1,0.00,5.13,3.19,0.00,0.00,D,0.00,12.00,12.00,1.19,1.25,^,0.00,,15.00,12.30,504,1.72,48.8,1,0,0.00,0.00,0.00,12.00,0.00,0.00,0,0,0.00,0
2026-05-01 17:43:38,1296.38,0,0,0,0,0,0,0,0.00,1,0.00,5.13,3.18,0.00,0.00,D,0.00,12.00,12.00,1.56,1.60,^,0.00,,15.30,12.30,504,2.73,49.4,1,0,0.00,0.00,0.00,12.00,0.00,0.00,0,0,0.00,0
2026-05-01 17:43:39,1297.39,0,0,0,0,0,0,0,0.00,1,0.00,5.13,3.18,0.00,0.00,D,0.00,12.00,12.00,1.22,1.52,^,0.00,,13.90,12.30,504,3.74,48.3,1,0,0.00,0.00,0.00,12.00,0.00,0.00,0,0,0.00,0
2026-05-01 17:43:40,1298.40,0,0,0,0,0,0,0,0.00,1,0.00,5.13,3.18,0.00,0.00,D,0.00,12.00,12.00,12.00,0.90,^,0.00,,15.10,12.30,504,4.75,47.7,1,0,0.00,0.00,0.00,12.00,0.00,0.00,0,0,0.00,0
2026-05-01 17:43:41,1299.41,0,0,0,0,0,0,0,0.00,1,0.00,5.13,3.18,0.00,0.00,D,0.00,12.00,12.00,12.00,0.78,^,0.00,,13.00,12.30,504,5.76,49.4,1,0,0.00,0.00,0.00,12.00,0.00,0.00,0,0,0.00,0
2026-05-01 17:43:42,1300.42,0,0,0,0,0,0,0,0.00,1,0.00,5.13,3.18,0.00,0.00,D,0.00,12.00,12.00,12.00,1.09,^,0.00,,10.50,12.30,504,6.78,49.4,1,0,0.00,0.00,0.00,12.00,0.00,0.00,0,0,0.00,0
2026-05-01 17:43:43,1301.43,1,0,0,0,0,0,0,0.09,0,1.00,5.13,3.17,0.01,0.41,D,0.00,12.00,12.00,12.00,1.47,^,5.36,,13.10,12.30,504,0.01,49.9,1,0,0.00,0.00,0.00,12.00,0.09,1.00,0,0,0.00,0
2026-05-01 17:43:44,1302.45,1,0,0,0,0,0,0,0.13,0,1.00,5.13,3.17,1.55,0.92,D,0.00,12.00,12.00,12.00,1.64,^,8.00,,13.50,12.30,504,0.00,48.8,1,0,0.00,0.00,0.00,12.00,0.13,1.00,0,0,0.00,0
2026-05-01 17:43:45,1303.46,1,0,0,0,0,0,0,-0.06,0,1.00,5.13,3.17,4.02,1.00,D,0.00,12.00,12.00,12.00,2.72,^,-3.70,,14.10,12.30,504,0.00,48.8,1,0,0.00,0.00,0.00,12.00,-0.06,1.00,0,0,0.00,0
2026-05-01 17:43:46,1304.47,1,0,0,0,0,0,0,-0.03,0,1.00,5.13,3.17,4.23,1.00,D,0.00,12.00,12.00,12.00,12.00,^,-2.06,,16.20,12.30,504,0.00,48.3,1,0,0.00,0.00,0.00,12.00,-0.03,1.00,0,0,0.00,0
2026-05-01 17:43:47,1305.47,1,0,0,0,0,0,0,0.04,0,1.00,5.13,3.17,4.19,1.00,D,0.00,12.00,12.00,12.00,12.00,^,2.13,,17.20,12.30,504,0.00,48.3,1,0,0.00,0.00,0.00,12.00,0.04,1.00,0,0,0.00,0
2026-05-01 17:43:48,1306.49,1,0,0,0,0,0,0,-0.05,0,1.00,5.13,3.17,4.18,1.00,D,0.00,12.00,12.00,12.00,12.00,^,-2.99,,15.90,12.30,504,0.00,49.4,1,0,0.00,0.00,0.00,12.00,-0.05,1.00,0,0,0.00,0
2026-05-01 17:43:49,1307.49,1,0,0,0,0,0,0,0.00,0,1.00,5.13,3.17,4.22,1.00,D,0.00,12.00,12.00,1.58,1.92,^,0.04,,18.60,12.30,504,0.00,48.3,1,0,0.00,0.00,0.00,12.00,0.00,1.00,0,0,0.00,0
2026-05-01 17:43:50,1308.50,1,0,0,0,0,0,0,0.15,0,1.00,5.13,3.17,4.12,1.00,D,0.00,12.00,12.00,1.63,1.50,^,8.89,,15.10,12.30,504,0.00,47.7,1,0,0.00,0.00,0.00,12.00,0.15,1.00,0,0,0.00,0
2026-05-01 17:43:51,1309.62,1,0,0,0,0,0,0,-0.06,0,1.00,5.13,3.17,4.17,1.00,D,0.00,12.00,12.00,12.00,12.00,^,-3.72,,16.70,12.30,504,0.00,49.4,1,0,0.00,0.00,0.00,12.00,-0.06,1.00,0,0,0.00,0
2026-05-01 17:43:52,1310.52,1,0,0,0,0,0,0,0.00,0,1.00,5.13,3.18,4.26,1.00,D,0.00,12.00,12.00,12.00,12.00,^,0.27,,17.70,12.30,504,0.00,48.8,1,0,0.00,0.00,0.00,12.00,0.00,1.00,0,0,0.00,0
2026-05-01 17:43:53,1311.53,1,0,0,0,0,0,0,0.02,0,1.00,5.13,3.18,4.36,1.00,D,0.00,12.00,12.00,2.23,12.00,^,1.03,,15.80,12.30,504,0.00,47.7,1,0,0.00,0.00,0.00,12.00,0.02,1.00,0,0,0.00,0
2026-05-01 17:43:54,1312.55,1,0,0,0,0,0,0,0.02,0,1.00,5.13,3.18,4.36,1.00,D,0.00,12.00,12.00,1.89,12.00,^,1.36,,17.10,12.30,504,0.00,48.3,1,0,0.00,0.00,0.00,12.00,0.02,1.00,0,0,0.00,0
2026-05-01 17:43:55,1313.56,1,0,0,0,0,0,0,-0.08,0,1.00,5.13,3.18,4.37,1.00,D,0.00,12.00,12.00,12.00,1.93,^,-5.06,,14.80,12.30,504,0.00,48.8,1,0,0.00,0.00,0.00,12.00,-0.08,1.00,0,0,0.00,0
2026-05-01 17:43:56,1314.57,1,0,0,0,0,0,0,0.04,0,1.00,5.13,3.18,4.49,1.00,D,0.00,12.00,12.00,2.04,12.00,^,2.58,,13.30,12.30,504,0.00,48.8,1,0,0.00,0.00,0.00,12.00,0.04,1.00,0,0,0.00,0
2026-05-01 17:43:58,1315.68,1,0,0,0,0,0,0,0.09,0,1.00,5.13,3.18,4.29,1.00,D,0.00,12.00,12.00,12.00,1.38,^,5.28,,12.70,12.30,504,0.00,49.4,1,0,0.00,0.00,0.00,12.00,0.09,1.00,0,0,0.00,0
2026-05-01 17:43:58,1316.58,0,0,0,0,0,0,0,0.00,1,0.00,5.13,3.18,1.86,0.00,D,0.00,12.00,12.00,12.00,12.00,^,0.00,,14.40,12.30,504,0.00,49.4,1,0,0.00,0.00,0.00,12.00,0.00,0.00,0,0,0.00,0
2026-05-01 17:43:59,1317.60,0,0,0,0,0,0,0,0.00,0,0.00,5.13,3.18,0.00,0.00,D,0.00,12.00,12.00,12.00,12.00,^,0.00,,11.20,12.40,504,0.67,48.8,1,0,0.00,0.00,0.00,12.00,0.00,0.00,0,0,0.00,0
2026-05-01 17:44:00,1318.61,0,0,0,0,0,0,0,0.00,0,0.00,5.13,3.18,0.00,0.00,D,0.00,12.00,12.00,12.00,12.00,^,0.00,,13.80,12.30,504,1.68,49.4,1,0,0.00,0.00,0.00,12.00,0.00,0.00,0,0,0.00,0
2026-05-01 17:44:02,1319.73,0,0,0,0,0,0,0,0.00,0,0.00,5.13,3.17,0.00,0.00,D,0.00,12.00,12.00,12.00,12.00,^,0.00,,14.70,12.30,504,2.80,47.7,1,0,0.00,0.00,0.00,12.00,0.00,0.00,0,0,0.00,0
2026-05-01 17:44:02,1320.63,0,0,0,0,0,0,0,0.00,0,0.00,5.13,3.17,0.00,0.00,D,0.00,12.00,12.00,12.00,12.00,^,0.00,,13.80,12.30,504,3.71,48.3,1,0,0.00,0.00,0.00,12.00,0.00,0.00,0,0,0.00,0
2026-05-01 17:44:04,1321.74,0,0,0,0,0,0,0,0.00,0,0.00,5.13,3.17,0.00,0.00,D,0.00,12.00,12.00,12.00,12.00,^,0.00,,13.20,12.30,504,4.82,47.2,1,0,0.00,0.00,0.00,12.00,0.00,0.00,0,0,0.00,0
2026-05-01 17:44:04,1322.65,0,0,0,0,0,0,0,0.00,0,0.00,5.13,3.17,0.00,0.00,D,0.00,12.00,12.00,12.00,12.00,^,0.00,,15.20,12.40,504,5.72,47.2,1,0,0.00,0.00,0.00,12.00,0.00,0.00,0,0,0.00,0
2026-05-01 17:44:06,1323.66,0,0,0,0,0,0,0,0.00,0,0.00,5.13,3.16,0.00,0.00,D,0.00,12.00,12.00,12.00,12.00,^,0.00,,13.50,12.40,504,6.74,47.2,1,0,0.00,0.00,0.00,12.00,0.00,0.00,0,0,0.00,0
2026-05-01 17:44:07,1324.67,0,0,0,0,0,0,0,0.00,0,0.00,5.13,3.16,0.00,0.00,D,0.00,12.00,12.00,12.00,12.00,^,0.00,,15.30,12.40,504,7.75,48.3,1,0,0.00,0.00,0.00,12.00,0.00,0.00,0,0,0.00,0
2026-05-01 17:44:08,1325.68,0,0,0,0,0,0,0,0.00,0,0.00,5.13,3.16,0.00,0.00,D,0.00,12.00,12.00,12.00,12.00,^,0.00,,16.10,12.30,504,8.76,48.3,1,0,0.00,0.00,0.00,12.00,0.00,0.00,0,0,0.00,0
2026-05-01 17:44:09,1326.69,0,0,0,0,0,0,0,0.00,0,0.00,5.13,3.16,0.00,0.00,D,0.00,12.00,12.00,12.00,12.00,^,0.00,,13.30,12.30,504,9.77,48.8,1,0,0.00,0.00,0.00,12.00,0.00,0.00,0,0,0.00,0
2026-05-01 17:44:10,1327.70,0,0,0,0,0,0,0,0.00,0,0.00,5.13,3.15,0.00,0.00,D,0.00,12.00,12.00,12.00,12.00,^,0.00,,13.10,12.30,504,10.77,47.2,1,0,0.00,0.00,0.00,12.00,0.00,0.00,0,0,0.00,0
2026-05-01 17:44:11,1328.71,0,0,0,0,0,0,0,0.00,0,0.00,5.13,3.15,0.00,0.00,D,0.00,12.00,12.00,12.00,12.00,^,0.00,,14.20,12.30,504,11.78,47.7,1,0,0.00,0.00,0.00,12.00,0.00,0.00,0,0,0.00,0
2026-05-01 17:44:12,1329.72,0,0,0,0,0,0,0,0.00,0,0.00,5.13,3.15,0.00,0.00,D,0.00,12.00,12.00,12.00,12.00,^,0.00,,15.00,12.40,504,12.80,48.8,1,0,0.00,0.00,0.00,12.00,0.00,0.00,0,0,0.00,0
2026-05-01 17:44:13,1330.73,0,0,0,0,0,0,0,0.00,0,0.00,5.13,3.15,0.00,0.00,D,0.00,12.00,12.00,12.00,12.00,^,0.00,,13.60,12.40,504,13.81,47.7,1,0,0.00,0.00,0.00,12.00,0.00,0.00,0,0,0.00,0
2026-05-01 17:44:14,1331.74,0,0,0,0,0,0,0,0.00,0,0.00,5.13,3.15,0.00,0.00,D,0.00,12.00,12.00,12.00,12.00,^,0.00,,15.00,12.30,504,14.82,47.2,1,0,0.00,0.00,0.00,12.00,0.00,0.00,0,0,0.00,0
2026-05-01 17:44:15,1332.75,0,0,0,0,0,0,0,0.00,0,0.00,5.13,3.14,0.00,0.00,D,0.00,12.00,12.00,12.00,12.00,^,0.00,,13.30,12.30,504,15.83,48.3,1,0,0.00,0.00,0.00,12.00,0.00,0.00,0,0,0.00,0
2026-05-01 17:44:16,1333.86,0,0,0,0,0,0,0,0.00,0,0.00,5.13,3.14,0.00,0.00,D,0.00,12.00,12.00,12.00,12.00,^,0.00,,13.40,12.30,504,16.94,48.8,1,0,0.00,0.00,0.00,12.00,0.00,0.00,0,0,0.00,0
2026-05-01 17:44:17,1334.76,0,0,0,0,0,0,0,0.00,0,0.00,5.13,3.14,0.00,0.00,D,0.00,12.00,12.00,12.00,12.00,^,0.00,,15.80,12.30,504,17.84,48.3,1,0,0.00,0.00,0.00,12.00,0.00,0.00,0,0,0.00,0
2026-05-01 17:44:18,1335.88,0,0,0,0,0,0,0,0.00,0,0.00,5.13,3.14,0.00,0.00,D,0.00,12.00,12.00,12.00,2.43,^,0.00,,13.10,12.30,504,18.95,47.7,1,0,0.00,0.00,0.00,12.00,0.00,0.00,0,0,0.00,0
2026-05-01 17:44:19,1336.78,0,0,0,0,0,0,0,0.00,0,0.00,5.13,3.13,0.00,0.00,D,0.00,12.00,12.00,12.00,1.91,^,0.00,,14.90,12.30,504,19.86,48.3,1,0,0.00,0.00,0.00,12.00,0.00,0.00,0,0,0.00,0
2026-05-01 17:44:20,1337.89,0,0,0,0,0,0,0,0.00,0,0.00,5.13,3.13,0.00,0.00,D,0.00,12.00,12.00,12.00,1.49,^,0.00,,14.80,12.30,504,20.97,48.3,1,0,0.00,0.00,0.00,12.00,0.00,0.00,0,0,0.00,0
2026-05-01 17:44:21,1338.79,0,0,0,0,0,0,0,0.00,0,0.00,5.13,3.13,0.00,0.00,D,0.00,12.00,12.00,12.00,0.97,^,0.00,,13.20,12.30,504,21.87,46.6,1,0,0.00,0.00,0.00,12.00,0.00,0.00,0,0,0.00,0
2026-05-01 17:44:22,1339.81,0,0,0,0,0,0,0,0.00,0,0.00,5.13,3.13,0.00,0.00,D,0.00,12.00,1.01,0.40,0.40,^,0.00,,14.20,12.30,504,22.88,48.3,1,0,0.00,0.00,0.00,12.00,0.00,0.00,0,0,0.00,0
2026-05-01 17:44:23,1340.82,0,0,0,0,0,0,0,0.00,0,0.00,5.13,3.12,0.00,0.00,D,0.00,12.00,1.38,0.74,1.01,^,0.00,,16.10,12.30,504,23.89,47.2,1,0,0.00,0.00,0.00,12.00,0.00,0.00,0,0,0.00,0
2026-05-01 17:44:24,1341.83,0,0,0,0,0,0,0,0.00,0,0.00,5.13,3.12,0.00,0.00,D,0.00,12.00,1.46,0.88,1.02,^,0.00,,12.50,12.30,504,24.90,48.3,1,0,0.00,0.00,0.00,12.00,0.00,0.00,0,0,0.00,0
2026-05-01 17:44:25,1342.84,0,0,0,0,0,0,0,0.00,0,0.00,5.13,3.12,0.00,0.00,D,0.00,12.00,1.05,0.88,12.00,^,0.00,,12.00,12.40,504,25.91,47.2,1,0,0.00,0.00,0.00,12.00,0.00,0.00,0,0,0.00,0
2026-05-01 17:44:26,1343.85,0,0,0,0,0,0,0,0.00,0,0.00,5.13,3.12,0.00,0.00,D,0.00,12.00,1.04,0.88,12.00,^,0.00,,12.60,12.30,504,26.92,49.4,1,0,0.00,0.00,0.00,12.00,0.00,0.00,0,0,0.00,0
2026-05-01 17:44:27,1344.86,0,0,0,0,0,0,0,0.00,0,0.00,5.13,3.11,0.00,0.00,D,0.00,12.00,0.97,0.88,12.00,^,0.00,,10.70,12.30,504,27.93,48.3,1,0,0.00,0.00,0.00,12.00,0.00,0.00,0,0,0.00,0
2026-05-01 17:44:28,1345.87,0,0,0,0,0,0,0,0.00,0,0.00,5.13,3.11,0.00,0.00,D,0.00,12.00,0.98,0.87,12.00,^,0.00,,13.30,12.30,504,28.94,48.8,1,0,0.00,0.00,0.00,12.00,0.00,0.00,0,0,0.00,0
2026-05-01 17:44:29,1346.88,0,0,0,0,0,0,0,0.00,0,0.00,5.13,3.11,0.00,0.00,D,0.00,12.00,1.02,0.86,12.00,^,0.00,,13.30,12.30,504,29.95,47.7,1,0,0.00,0.00,0.00,12.00,0.00,0.00,0,0,0.00,0
2026-05-01 17:44:30,1347.99,0,0,0,0,0,0,0,0.00,0,0.00,5.13,3.11,0.00,0.00,D,0.00,12.00,1.00,0.86,12.00,^,0.00,,13.20,12.30,504,31.07,48.8,1,0,0.00,0.00,0.00,12.00,0.00,0.00,0,0,0.00,0
2026-05-01 17:44:31,1348.89,0,0,0,0,0,0,0,0.00,0,0.00,5.13,3.11,0.00,0.00,D,0.00,12.00,1.00,0.79,12.00,^,0.00,,16.30,12.30,504,31.97,47.2,1,0,0.00,0.00,0.00,12.00,0.00,0.00,0,0,0.00,0
2026-05-01 17:44:32,1349.91,0,0,0,0,0,0,0,0.00,0,0.00,5.13,3.10,0.00,0.00,D,0.00,12.00,0.99,0.53,0.59,^,0.00,,14.10,12.30,504,32.98,48.3,1,0,0.00,0.00,0.00,12.00,0.00,0.00,0,0,0.00,0
2026-05-01 17:44:33,1350.92,0,0,0,0,0,0,0,0.00,0,0.00,5.13,3.10,0.00,0.00,D,0.00,12.00,1.07,12.00,0.54,^,0.00,,13.70,12.30,504,34.00,47.2,1,0,0.00,0.00,0.00,12.00,0.00,0.00,0,0,0.00,0
2026-05-01 17:44:34,1352.03,0,0,0,0,0,0,0,0.00,0,0.00,5.13,3.10,0.00,0.00,D,0.00,12.00,1.21,12.00,0.87,^,0.00,,14.00,12.30,504,35.11,48.8,1,0,0.00,0.00,0.00,12.00,0.00,0.00,0,0,0.00,0
2026-05-01 17:44:35,1352.94,0,0,0,0,0,0,0,0.00,0,0.00,5.13,3.10,0.00,0.00,D,0.00,12.00,1.03,12.00,0.84,^,0.00,,14.40,12.30,504,36.01,47.2,1,0,0.00,0.00,0.00,12.00,0.00,0.00,0,0,0.00,0
2026-05-01 17:44:36,1353.95,0,0,0,0,0,0,0,0.00,0,0.00,5.13,3.09,0.00,0.00,D,0.00,12.00,0.78,12.00,0.80,^,0.00,,13.00,12.30,504,37.03,48.3,1,0,0.00,0.00,0.00,12.00,0.00,0.00,0,0,0.00,0
2026-05-01 17:44:37,1354.96,0,0,0,0,0,0,0,0.00,0,0.00,5.13,3.09,0.00,0.00,D,0.00,12.00,0.76,12.00,0.78,^,0.00,,16.30,12.30,504,38.04,48.3,1,0,0.00,0.00,0.00,12.00,0.00,0.00,0,0,0.00,0
2026-05-01 17:44:38,1355.97,0,0,0,0,0,0,0,0.00,0,0.00,5.13,3.09,0.00,0.00,D,0.00,12.00,0.75,0.35,0.35,^,0.00,,16.30,12.30,504,39.05,47.7,1,0,0.00,0.00,0.00,12.00,0.00,0.00,0,0,0.00,0
2026-05-01 17:44:39,1356.98,0,0,0,0,0,0,0,0.00,1,0.00,5.13,3.09,0.00,0.00,D,0.00,0.13,0.14,0.27,0.30,STOP_WARNING,0.00,aeb_stop,13.10,12.30,504,40.06,48.3,1,1,0.00,0.00,0.00,0.13,0.00,0.00,0,0,0.00,0
2026-05-01 17:44:40,1358.00,0,0,0,0,0,0,0,0.00,1,0.00,5.13,3.08,0.00,0.00,D,0.00,0.16,0.72,0.25,0.28,STOP_WARNING,0.00,aeb_stop,15.50,12.30,504,41.07,46.1,1,1,0.00,0.00,0.00,0.16,0.00,0.00,0,0,0.00,0
2026-05-01 17:44:41,1359.01,0,0,0,0,0,0,0,0.00,1,0.00,5.13,3.08,0.00,0.00,D,0.00,0.13,0.70,0.26,0.29,STOP_WARNING,0.00,aeb_stop,15.30,12.30,504,42.08,48.8,1,1,0.00,0.00,0.00,0.13,0.00,0.00,0,0,0.00,0
2026-05-01 17:44:42,1360.12,0,0,0,0,0,0,0,0.00,1,0.00,5.13,3.08,0.00,0.00,D,0.00,0.15,0.70,0.18,0.28,STOP_WARNING,0.00,aeb_stop,13.30,12.30,504,43.20,46.6,1,1,0.00,0.00,0.00,0.15,0.00,0.00,0,0,0.00,0
2026-05-01 17:44:43,1361.02,0,0,0,0,0,0,0,0.00,1,0.00,5.13,3.08,0.00,0.00,D,0.00,0.17,0.70,0.16,0.28,STOP_WARNING,0.00,aeb_stop,16.20,12.30,504,44.10,47.7,1,1,0.00,0.00,0.00,0.17,0.00,0.00,0,0,0.00,0
2026-05-01 17:44:44,1362.04,0,0,0,0,0,0,0,0.00,1,0.00,5.13,3.08,0.00,0.00,D,0.00,0.04,0.72,0.06,0.31,STOP_WARNING,0.00,aeb_stop,14.20,12.30,504,45.11,47.7,1,1,0.00,0.00,0.00,0.04,0.00,0.00,0,0,0.00,0
2026-05-01 17:44:45,1363.05,0,0,0,0,0,0,0,0.00,1,0.00,5.13,3.07,0.00,0.00,D,0.00,0.03,0.03,0.28,0.03,STOP_WARNING,0.00,aeb_stop,14.80,12.30,504,46.12,47.2,1,1,0.00,0.00,0.00,0.03,0.00,0.00,0,0,0.00,0
2026-05-01 17:44:46,1364.06,0,0,0,0,0,0,0,0.00,1,0.00,5.13,3.07,0.00,0.00,D,0.00,12.00,1.21,12.00,0.42,^,0.00,,15.00,12.30,504,47.14,47.7,1,0,0.00,0.00,0.00,12.00,0.00,0.00,0,0,0.00,0
2026-05-01 17:44:47,1365.08,0,0,0,0,0,0,0,0.00,1,0.00,5.13,3.07,0.00,0.00,D,0.00,12.00,1.18,12.00,1.08,^,0.00,,14.80,12.30,504,48.15,47.7,1,0,0.00,0.00,0.00,12.00,0.00,0.00,0,0,0.00,0
2026-05-01 17:44:48,1366.09,0,0,0,0,0,0,0,0.00,1,0.00,5.13,3.07,0.00,0.00,D,0.00,12.00,1.29,12.00,1.13,^,0.00,,13.70,12.30,504,49.17,46.6,1,0,0.00,0.00,0.00,12.00,0.00,0.00,0,0,0.00,0
2026-05-01 17:44:49,1367.11,0,0,0,0,0,0,0,0.00,1,0.00,5.13,3.06,0.00,0.00,D,0.00,12.00,1.34,12.00,1.22,^,0.00,,14.80,12.30,504,50.18,46.6,1,0,0.00,0.00,0.00,12.00,0.00,0.00,0,0,0.00,0
2026-05-01 17:44:50,1368.12,0,0,0,0,0,0,0,0.00,1,0.00,5.13,3.06,0.00,0.00,D,0.00,12.00,1.10,12.00,1.15,^,0.00,,13.70,12.30,504,51.19,47.2,1,0,0.00,0.00,0.00,12.00,0.00,0.00,0,0,0.00,0
2026-05-01 17:44:51,1369.13,0,0,0,0,0,0,0,0.00,1,0.00,5.13,3.06,0.00,0.00,D,0.00,12.00,1.29,12.00,1.17,^,0.00,,14.90,12.30,504,52.20,46.6,1,0,0.00,0.00,0.00,12.00,0.00,0.00,0,0,0.00,0
2026-05-01 17:44:52,1370.24,0,0,0,0,0,0,0,0.00,1,0.00,5.13,3.06,0.00,0.00,D,0.00,12.00,1.29,12.00,1.15,^,0.00,,14.30,12.30,504,53.32,48.3,1,0,0.00,0.00,0.00,12.00,0.00,0.00,0,0,0.00,0
2026-05-01 17:44:53,1371.14,0,0,0,0,0,0,0,0.00,1,0.00,5.13,3.05,0.00,0.00,D,0.00,12.00,1.14,12.00,1.14,^,0.00,,13.90,12.30,504,54.22,46.6,1,0,0.00,0.00,0.00,12.00,0.00,0.00,0,0,0.00,0
2026-05-01 17:44:54,1372.16,0,0,0,0,0,0,0,0.00,1,0.00,5.13,3.05,0.00,0.00,D,0.00,12.00,1.14,12.00,1.15,^,0.00,,13.70,12.30,504,55.23,48.3,1,0,0.00,0.00,0.00,12.00,0.00,0.00,0,0,0.00,0
2026-05-01 17:44:55,1373.17,0,0,0,0,0,0,0,0.00,1,0.00,5.13,3.05,0.00,0.00,D,0.00,12.00,1.15,12.00,1.15,^,0.00,,15.50,12.30,504,56.24,47.2,1,0,0.00,0.00,0.00,12.00,0.00,0.00,0,0,0.00,0
2026-05-01 17:44:56,1374.18,0,0,0,0,0,0,0,0.00,1,0.00,5.13,3.05,0.00,0.00,D,0.00,12.00,1.15,12.00,1.14,^,0.00,,13.40,12.30,504,57.26,46.6,1,0,0.00,0.00,0.00,12.00,0.00,0.00,0,0,0.00,0
2026-05-01 17:44:57,1375.20,0,0,0,0,0,0,0,0.00,1,0.00,5.13,3.05,0.00,0.00,D,0.00,12.00,1.36,12.00,1.25,^,0.00,,13.50,12.30,504,58.27,47.7,1,0,0.00,0.00,0.00,12.00,0.00,0.00,0,0,0.00,0
2026-05-01 17:44:58,1376.31,0,0,0,0,0,0,0,0.00,1,0.00,5.13,3.04,0.00,0.00,D,0.00,12.00,1.34,12.00,1.24,^,0.00,,14.00,12.30,504,59.38,48.8,1,0,0.00,0.00,0.00,12.00,0.00,0.00,0,0,0.00,0
2026-05-01 17:44:59,1377.21,0,0,0,0,0,0,0,0.00,1,0.00,5.13,3.04,0.00,0.00,D,0.00,12.00,1.12,12.00,1.03,^,0.00,,14.60,12.30,504,60.29,48.8,1,0,0.00,0.00,0.00,12.00,0.00,0.00,0,0,0.00,0
2026-05-01 17:45:00,1378.32,0,0,0,0,0,0,0,0.00,1,0.00,5.13,3.04,0.00,0.00,D,0.00,12.00,1.31,12.00,1.20,^,0.00,,15.00,12.30,504,61.40,47.7,1,0,0.00,0.00,0.00,12.00,0.00,0.00,0,0,0.00,0
2026-05-01 17:45:01,1379.23,0,0,0,0,0,0,0,0.00,1,0.00,5.13,3.04,0.00,0.00,D,0.00,12.00,1.23,12.00,1.13,^,0.00,,14.20,12.30,504,62.30,47.2,1,0,0.00,0.00,0.00,12.00,0.00,0.00,0,0,0.00,0
2026-05-01 17:45:02,1380.24,0,0,0,0,0,0,0,0.00,1,0.00,5.13,3.03,0.00,0.00,D,0.00,12.00,1.25,12.00,1.13,^,0.00,,13.90,12.30,504,63.31,46.6,1,0,0.00,0.00,0.00,12.00,0.00,0.00,0,0,0.00,0
2026-05-01 17:45:03,1381.25,0,0,0,0,0,0,0,0.00,1,0.00,5.13,3.03,0.00,0.00,D,0.00,12.00,1.12,12.00,1.13,^,0.00,,14.10,12.30,504,64.33,46.6,1,0,0.00,0.00,0.00,12.00,0.00,0.00,0,0,0.00,0
2026-05-01 17:45:04,1382.25,0,0,0,0,0,0,0,0.00,1,0.00,5.13,3.03,0.00,0.00,D,0.00,12.00,1.24,12.00,1.13,^,0.00,,15.60,12.30,504,65.33,47.7,1,0,0.00,0.00,0.00,12.00,0.00,0.00,0,0,0.00,0
2026-05-01 17:45:05,1383.26,0,0,0,0,0,0,0,0.00,1,0.00,5.13,3.03,0.00,0.00,D,0.00,12.00,1.14,12.00,1.13,^,0.00,,13.30,12.30,504,66.34,46.1,1,0,0.00,0.00,0.00,12.00,0.00,0.00,0,0,0.00,0
2026-05-01 17:45:06,1384.38,0,0,0,0,0,0,0,0.00,1,0.00,5.13,3.03,0.00,0.00,D,0.00,12.00,1.24,12.00,1.13,^,0.00,,15.60,12.30,504,67.45,48.3,1,0,0.00,0.00,0.00,12.00,0.00,0.00,0,0,0.00,0
2026-05-01 17:45:07,1385.28,0,0,0,0,0,0,0,0.00,1,0.00,5.13,3.02,0.00,0.00,D,0.00,12.00,0.88,12.00,1.14,^,0.00,,15.60,12.30,504,68.35,46.6,1,0,0.00,0.00,0.00,12.00,0.00,0.00,0,0,0.00,0
2026-05-01 17:45:08,1386.29,0,0,0,0,0,0,0,0.00,1,0.00,5.13,3.02,0.00,0.00,D,0.00,12.00,0.81,12.00,0.93,^,0.00,,14.70,12.30,504,69.36,47.2,1,0,0.00,0.00,0.00,12.00,0.00,0.00,0,0,0.00,0
2026-05-01 17:45:09,1387.30,0,0,0,0,0,0,0,0.00,1,0.00,5.13,3.02,0.00,0.00,D,0.00,12.00,0.89,12.00,1.03,^,0.00,,14.10,12.30,504,70.38,47.2,1,0,0.00,0.00,0.00,12.00,0.00,0.00,0,0,0.00,0
2026-05-01 17:45:10,1388.41,0,0,0,0,0,0,0,0.00,1,0.00,5.13,3.02,0.00,0.00,D,0.00,12.00,1.30,12.00,1.00,^,0.00,,15.40,12.30,504,71.49,46.6,1,0,0.00,0.00,0.00,12.00,0.00,0.00,0,0,0.00,0
2026-05-01 17:45:11,1389.32,0,0,0,0,0,0,0,0.00,1,0.00,5.13,3.01,0.00,0.00,D,0.00,12.00,1.31,12.00,1.02,^,0.00,,13.40,12.30,504,72.40,48.3,1,0,0.00,0.00,0.00,12.00,0.00,0.00,0,0,0.00,0
2026-05-01 17:45:12,1390.33,0,0,0,0,0,0,0,0.00,1,0.00,5.13,3.01,0.00,0.00,D,0.00,12.00,1.30,12.00,0.92,^,0.00,,13.10,12.30,504,73.41,48.8,1,0,0.00,0.00,0.00,12.00,0.00,0.00,0,0,0.00,0
2026-05-01 17:45:13,1391.35,0,0,0,0,0,0,0,0.00,1,0.00,5.13,3.01,0.00,0.00,D,0.00,12.00,1.00,12.00,0.50,^,0.00,,15.40,12.30,504,74.42,47.7,1,0,0.00,0.00,0.00,12.00,0.00,0.00,0,0,0.00,0
2026-05-01 17:45:14,1392.36,0,0,0,0,0,0,0,0.00,1,0.00,5.13,3.01,0.00,0.00,D,0.00,12.00,12.00,0.67,0.85,^,0.00,,13.90,12.30,504,75.44,47.7,1,0,0.00,0.00,0.00,12.00,0.00,0.00,0,0,0.00,0
2026-05-01 17:45:15,1393.38,0,0,0,0,0,0,0,0.00,1,0.00,5.13,3.01,0.00,0.00,D,0.00,12.00,1.47,0.90,0.73,^,0.00,,14.10,12.30,504,76.45,47.2,1,0,0.00,0.00,0.00,12.00,0.00,0.00,0,0,0.00,0
2026-05-01 17:45:16,1394.39,0,0,0,0,0,0,0,0.00,1,0.00,5.13,3.00,0.00,0.00,D,0.00,12.00,1.10,1.17,0.91,^,0.00,,15.30,12.30,504,77.47,47.2,1,0,0.00,0.00,0.00,12.00,0.00,0.00,0,0,0.00,0
2026-05-01 17:45:17,1395.41,0,0,0,0,0,0,0,0.00,1,0.00,5.13,3.00,0.00,0.00,D,0.00,12.00,0.67,1.14,12.00,^,0.00,,13.50,12.30,504,78.48,48.3,1,0,0.00,0.00,0.00,12.00,0.00,0.00,0,0,0.00,0
2026-05-01 17:45:18,1396.52,0,0,0,0,0,0,0,0.00,1,0.00,5.13,3.00,0.00,0.00,D,0.00,0.96,0.99,1.12,12.00,WARN_WARNING,0.00,,15.30,12.30,504,79.59,46.6,1,0,0.00,0.00,0.00,0.96,0.00,0.00,0,0,0.00,0
2026-05-01 17:45:19,1397.42,0,0,0,0,0,0,0,0.00,1,0.00,5.13,3.00,0.00,0.00,D,0.00,1.42,12.00,1.12,12.00,^,0.00,,15.00,12.30,504,80.50,47.7,1,0,0.00,0.00,0.00,1.42,0.00,0.00,0,0,0.00,0
2026-05-01 17:45:20,1398.43,0,0,0,0,0,0,0,0.00,1,0.00,5.13,3.00,0.00,0.00,D,0.00,2.15,12.00,1.12,12.00,^,0.00,,14.60,12.30,504,81.51,47.7,1,0,0.00,0.00,0.00,2.15,0.00,0.00,0,0,0.00,0
2026-05-01 17:45:21,1399.45,0,0,0,0,0,0,0,0.00,1,0.00,5.13,2.99,0.00,0.00,D,0.00,1.87,12.00,1.13,12.00,^,0.00,,14.60,12.30,504,0.24,48.3,1,0,0.00,0.00,0.00,1.87,0.00,0.00,0,0,0.00,0
2026-05-01 17:45:22,1400.56,0,0,0,0,0,0,0,0.00,1,0.00,5.13,2.99,0.00,0.00,D,0.00,12.00,12.00,1.12,12.00,^,0.00,,16.00,12.30,504,1.36,46.1,1,0,0.00,0.00,0.00,12.00,0.00,0.00,0,0,0.00,0
2026-05-01 17:45:23,1401.46,0,0,0,0,0,0,0,0.00,1,0.00,5.13,2.99,0.00,0.00,D,0.00,12.00,12.00,1.14,12.00,^,0.00,,12.90,12.30,504,2.26,46.6,1,0,0.00,0.00,0.00,12.00,0.00,0.00,0,0,0.00,0
2026-05-01 17:45:24,1402.47,0,0,0,0,0,0,0,0.00,1,0.00,5.13,2.99,0.00,0.00,D,0.00,2.62,12.00,1.10,4.97,^,0.00,,13.70,12.30,504,3.27,47.7,1,0,0.00,0.00,0.00,2.62,0.00,0.00,0,0,0.00,0
2026-05-01 17:45:25,1403.49,0,0,0,0,0,0,0,0.00,1,0.00,5.13,2.98,0.00,0.00,D,0.00,2.30,4.63,1.07,12.00,^,0.00,,15.10,12.30,504,0.43,46.6,1,0,0.00,0.00,0.00,2.30,0.00,0.00,0,0,0.00,0
2026-05-01 17:45:26,1404.60,0,0,0,0,0,0,0,0.00,1,0.00,5.13,2.98,0.00,0.00,D,0.00,2.12,12.00,1.10,12.00,^,0.00,,13.90,12.30,504,0.13,47.7,1,0,0.00,0.00,0.00,2.12,0.00,0.00,0,0,0.00,0
2026-05-01 17:45:27,1405.50,0,0,0,0,0,0,0,0.00,1,0.00,5.13,2.98,0.00,0.00,D,0.00,2.10,12.00,1.07,12.00,^,0.00,,13.90,12.30,504,1.03,46.6,1,0,0.00,0.00,0.00,2.10,0.00,0.00,0,0,0.00,0
2026-05-01 17:45:28,1406.51,0,0,0,0,0,0,0,0.00,1,0.00,5.13,2.98,0.00,0.00,D,0.00,2.09,12.00,1.07,12.00,^,0.00,,15.00,12.30,504,2.05,46.1,1,0,0.00,0.00,0.00,2.09,0.00,0.00,0,0,0.00,0
2026-05-01 17:45:29,1407.52,0,0,0,0,0,0,0,0.00,1,0.00,5.13,2.98,0.00,0.00,D,0.00,1.97,12.00,1.07,12.00,^,0.00,,14.40,12.30,504,3.06,47.7,1,0,0.00,0.00,0.00,1.97,0.00,0.00,0,0,0.00,0
2026-05-01 17:45:30,1408.54,0,0,0,0,0,0,0,0.00,1,0.00,5.13,2.97,0.00,0.00,D,0.00,2.04,12.00,1.08,12.00,^,0.00,,14.40,12.30,504,4.07,47.7,1,0,0.00,0.00,0.00,2.04,0.00,0.00,0,0,0.00,0
2026-05-01 17:45:31,1409.55,0,0,0,0,0,0,0,0.00,1,0.00,5.13,2.97,0.00,0.00,D,0.00,2.03,12.00,1.08,12.00,^,0.00,,14.40,12.30,504,5.09,46.1,1,0,0.00,0.00,0.00,2.03,0.00,0.00,0,0,0.00,0
2026-05-01 17:45:32,1410.56,0,0,0,0,0,0,0,0.00,1,0.00,5.13,2.97,0.00,0.00,D,0.00,1.67,12.00,1.08,12.00,^,0.00,,13.30,12.30,504,6.10,46.1,1,0,0.00,0.00,0.00,1.67,0.00,0.00,0,0,0.00,0
2026-05-01 17:45:33,1411.58,0,0,0,0,0,0,0,0.00,1,0.00,5.13,2.97,0.00,0.00,D,0.00,1.25,12.00,1.07,12.00,^,0.00,,14.20,12.30,504,7.11,47.2,1,0,0.00,0.00,0.00,1.25,0.00,0.00,0,0,0.00,0
2026-05-01 17:45:35,1412.69,0,0,0,0,0,0,0,0.00,1,0.00,5.13,2.96,0.00,0.00,D,0.00,1.00,12.00,1.06,12.00,WARN_WARNING,0.00,,13.90,12.30,504,8.22,47.2,1,0,0.00,0.00,0.00,1.00,0.00,0.00,0,0,0.00,0
2026-05-01 17:45:35,1413.59,0,0,0,0,0,0,0,0.00,1,0.00,5.13,2.96,0.00,0.00,D,0.00,0.71,12.00,1.07,12.00,WARN_WARNING,0.00,,13.70,12.30,504,9.13,45.5,1,0,0.00,0.00,0.00,0.71,0.00,0.00,0,0,0.00,0
2026-05-01 17:45:37,1414.70,0,0,0,0,0,0,0,0.00,1,0.00,5.13,2.96,0.00,0.00,D,0.00,0.89,12.00,1.10,12.00,WARN_WARNING,0.00,,13.40,12.30,504,10.24,47.2,1,0,0.00,0.00,0.00,0.89,0.00,0.00,0,0,0.00,0
2026-05-01 17:45:37,1415.61,0,0,0,0,0,0,0,0.00,1,0.00,5.13,2.96,0.00,0.00,D,0.00,0.86,12.00,1.12,12.00,WARN_WARNING,0.00,,13.80,12.30,504,11.14,48.3,1,0,0.00,0.00,0.00,0.86,0.00,0.00,0,0,0.00,0
2026-05-01 17:45:38,1416.62,0,0,0,0,0,0,0,0.00,1,0.00,5.13,2.96,0.00,0.00,D,0.00,0.80,12.00,0.63,0.66,WARN_WARNING,0.00,,14.30,12.30,504,12.15,47.2,1,0,0.00,0.00,0.00,0.80,0.00,0.00,0,0,0.00,0
2026-05-01 17:45:39,1417.63,0,0,0,0,0,0,0,0.00,1,0.00,5.13,2.95,0.00,0.00,D,0.00,1.06,12.00,12.00,0.81,WARN_WARNING,0.00,,14.60,12.30,504,13.17,45.5,1,0,0.00,0.00,0.00,1.06,0.00,0.00,0,0,0.00,0
2026-05-01 17:45:40,1418.64,0,0,0,0,0,0,0,0.00,1,0.00,5.13,2.95,0.00,0.00,D,0.00,0.83,12.00,12.00,1.01,WARN_WARNING,0.00,,13.90,12.20,504,14.18,46.1,1,0,0.00,0.00,0.00,0.83,0.00,0.00,0,0,0.00,0
2026-05-01 17:45:41,1419.66,0,0,0,0,0,0,0,0.00,1,0.00,5.13,2.95,0.00,0.00,D,0.00,1.32,12.00,12.00,1.04,^,0.00,,14.20,12.30,504,0.77,47.2,1,0,0.00,0.00,0.00,1.32,0.00,0.00,0,0,0.00,0
2026-05-01 17:45:43,1420.77,0,0,0,0,0,0,0,0.00,1,0.00,5.13,2.95,0.00,0.00,D,0.00,1.33,12.00,12.00,1.03,^,0.00,,14.60,12.30,504,1.88,46.6,1,0,0.00,0.00,0.00,1.33,0.00,0.00,0,0,0.00,0
2026-05-01 17:45:44,1421.67,0,0,0,0,0,0,0,0.00,1,0.00,5.13,2.95,0.00,0.00,D,0.00,1.33,12.00,12.00,1.03,^,0.00,,13.90,12.30,504,2.78,46.6,1,0,0.00,0.00,0.00,1.33,0.00,0.00,0,0,0.00,0
2026-05-01 17:45:45,1422.68,0,0,0,0,0,0,0,0.00,1,0.00,5.13,2.94,0.00,0.00,D,0.00,0.76,12.00,12.00,0.98,WARN_WARNING,0.00,,13.10,12.30,504,3.79,46.1,1,0,0.00,0.00,0.00,0.76,0.00,0.00,0,0,0.00,0
2026-05-01 17:45:46,1423.69,0,0,0,0,0,0,0,0.00,1,0.00,5.13,2.94,0.00,0.00,D,0.00,1.34,12.00,12.00,1.04,^,0.00,,13.90,12.30,504,4.80,46.6,1,0,0.00,0.00,0.00,1.34,0.00,0.00,0,0,0.00,0
2026-05-01 17:45:47,1424.70,0,0,0,0,0,0,0,0.00,1,0.00,5.13,2.94,0.00,0.00,D,0.00,1.33,12.00,12.00,0.89,^,0.00,,15.00,12.30,504,5.81,45.5,1,0,0.00,0.00,0.00,1.33,0.00,0.00,0,0,0.00,0
2026-05-01 17:45:48,1425.71,0,0,0,0,0,0,0,0.00,1,0.00,5.13,2.94,0.00,0.00,D,0.00,0.72,12.00,12.00,0.89,WARN_WARNING,0.00,,13.30,12.30,504,6.82,47.7,1,0,0.00,0.00,0.00,0.72,0.00,0.00,0,0,0.00,0
2026-05-01 17:45:49,1426.83,0,0,0,0,0,0,0,0.00,1,0.00,5.13,2.94,0.00,0.00,D,0.00,0.52,12.00,12.00,0.92,STOP_WARNING,0.00,aeb_stop,14.00,12.30,504,7.94,47.7,1,1,0.00,0.00,0.00,0.52,0.00,0.00,0,0,0.00,0
2026-05-01 17:45:50,1427.73,0,0,0,0,0,0,0,0.00,1,0.00,5.13,2.93,0.00,0.00,D,0.00,0.66,12.00,12.00,0.97,WARN_WARNING,0.00,,14.20,12.30,504,8.84,47.7,1,0,0.00,0.00,0.00,0.66,0.00,0.00,0,0,0.00,0
2026-05-01 17:45:51,1428.84,0,0,0,0,0,0,0,0.00,1,0.00,5.13,2.93,0.00,0.00,D,0.00,0.90,12.00,12.00,1.00,WARN_WARNING,0.00,,14.10,12.30,504,9.95,46.1,1,0,0.00,0.00,0.00,0.90,0.00,0.00,0,0,0.00,0
2026-05-01 17:45:52,1429.75,0,0,0,0,0,0,0,0.00,1,0.00,5.13,2.93,0.00,0.00,D,0.00,0.69,12.00,12.00,0.93,WARN_WARNING,0.00,,14.20,12.30,504,10.86,46.1,1,0,0.00,0.00,0.00,0.69,0.00,0.00,0,0,0.00,0
2026-05-01 17:45:53,1430.76,0,0,0,0,0,0,0,0.00,1,0.00,5.13,2.93,0.00,0.00,D,0.00,0.69,12.00,0.69,0.72,WARN_WARNING,0.00,,15.20,12.30,504,11.87,47.2,1,0,0.00,0.00,0.00,0.69,0.00,0.00,0,0,0.00,0
2026-05-01 17:45:54,1431.77,0,0,0,0,0,0,0,0.00,1,0.00,5.13,2.93,0.00,0.00,D,0.00,0.73,12.00,12.00,0.68,WARN_WARNING,0.00,,14.70,12.30,504,12.88,47.2,1,0,0.00,0.00,0.00,0.73,0.00,0.00,0,0,0.00,0
2026-05-01 17:45:55,1432.78,0,0,0,0,0,0,0,0.00,1,0.00,5.13,2.92,0.00,0.00,D,0.00,0.63,12.00,12.00,0.72,WARN_WARNING,0.00,,14.80,12.30,504,13.89,47.2,1,0,0.00,0.00,0.00,0.63,0.00,0.00,0,0,0.00,0
2026-05-01 17:45:56,1433.79,0,0,0,0,0,0,0,0.00,1,0.00,5.13,2.92,0.00,0.00,D,0.00,0.70,12.00,12.00,0.72,WARN_WARNING,0.00,,13.50,12.30,504,14.90,46.6,1,0,0.00,0.00,0.00,0.70,0.00,0.00,0,0,0.00,0
2026-05-01 17:45:57,1434.81,0,0,0,0,0,0,0,0.00,1,0.00,5.13,2.92,0.00,0.00,D,0.00,0.70,12.00,12.00,0.69,WARN_WARNING,0.00,,14.00,12.30,504,15.92,47.7,1,0,0.00,0.00,0.00,0.70,0.00,0.00,0,0,0.00,0
2026-05-01 17:45:58,1435.82,0,0,0,0,0,0,0,0.00,1,0.00,5.13,2.92,0.00,0.00,D,0.00,0.59,12.00,12.00,0.70,STOP_WARNING,0.00,aeb_stop,15.50,12.30,504,16.93,47.2,1,1,0.00,0.00,0.00,0.59,0.00,0.00,0,0,0.00,0
2026-05-01 17:45:59,1436.83,0,0,0,0,0,0,0,0.00,1,0.00,5.13,2.92,0.00,0.00,D,0.00,0.64,12.00,12.00,0.66,WARN_WARNING,0.00,,14.00,12.30,504,17.94,46.6,1,0,0.00,0.00,0.00,0.64,0.00,0.00,0,0,0.00,0
2026-05-01 17:46:00,1437.85,0,0,0,0,0,0,0,0.00,1,0.00,5.13,2.91,0.00,0.00,D,0.00,0.68,12.00,12.00,0.65,WARN_WARNING,0.00,,13.50,12.30,504,18.96,46.1,1,0,0.00,0.00,0.00,0.68,0.00,0.00,0,0,0.00,0
2026-05-01 17:46:01,1438.86,0,0,0,0,0,0,0,0.00,1,0.00,5.13,2.91,0.00,0.00,D,0.00,0.64,12.00,12.00,0.65,WARN_WARNING,0.00,,13.70,12.30,504,19.97,46.1,1,0,0.00,0.00,0.00,0.64,0.00,0.00,0,0,0.00,0
2026-05-01 17:46:02,1439.87,0,0,0,0,0,0,0,0.00,1,0.00,5.13,2.91,0.00,0.00,D,0.00,0.64,12.00,12.00,0.69,WARN_WARNING,0.00,,14.20,12.30,504,20.98,47.2,1,0,0.00,0.00,0.00,0.64,0.00,0.00,0,0,0.00,0
2026-05-01 17:46:03,1440.87,0,0,0,0,0,0,0,0.00,1,0.00,5.13,2.91,0.00,0.00,D,0.00,0.49,12.00,0.49,0.68,STOP_WARNING,0.00,aeb_stop,13.90,12.30,504,21.98,47.7,1,1,0.00,0.00,0.00,0.49,0.00,0.00,0,0,0.00,0
2026-05-01 17:46:04,1441.88,0,0,0,0,0,0,0,0.00,1,0.17,5.13,2.90,0.00,0.00,D,0.00,0.68,12.00,12.00,0.68,WARN_WARNING,0.00,,13.80,12.30,504,1.00,46.1,1,0,0.00,0.00,0.00,0.68,0.00,0.00,0,0,0.00,0
2026-05-01 17:46:05,1442.99,0,0,0,0,0,0,0,0.00,1,0.00,5.13,2.90,0.00,0.00,D,0.00,1.53,12.00,12.00,0.68,^,0.00,,13.00,12.30,504,2.12,47.7,1,0,0.00,0.00,0.00,1.53,0.00,0.00,0,0,0.00,0
2026-05-01 17:46:06,1443.89,0,0,0,0,0,0,0,0.00,1,0.00,5.13,2.90,0.00,0.00,D,0.00,1.24,12.00,12.00,0.68,^,0.00,,12.10,12.30,504,3.02,48.3,1,0,0.00,0.00,0.00,1.24,0.00,0.00,0,0,0.00,0
2026-05-01 17:46:07,1445.00,0,0,0,0,0,0,0,0.00,1,0.00,5.13,2.90,0.00,0.00,D,0.00,1.22,12.00,12.00,0.68,^,0.00,,12.60,12.30,504,0.55,48.3,1,0,0.00,0.00,0.00,1.22,0.00,0.00,0,0,0.00,0
2026-05-01 17:46:08,1445.91,0,0,0,0,0,0,0,0.00,1,0.00,5.13,2.90,0.00,0.00,D,0.00,1.15,12.00,12.00,0.67,WARN_WARNING,0.00,,11.60,12.30,504,1.45,47.7,1,0,0.00,0.00,0.00,1.15,0.00,0.00,0,0,0.00,0
2026-05-01 17:46:09,1446.92,0,0,0,0,0,0,0,0.00,1,0.00,5.13,2.89,0.00,0.00,D,0.00,0.94,0.89,12.00,0.70,WARN_WARNING,0.00,,12.30,12.30,504,2.46,49.4,1,0,0.00,0.00,0.00,0.94,0.00,0.00,0,0,0.00,0
2026-05-01 17:46:10,1447.93,0,0,0,0,0,0,0,0.00,1,0.00,5.13,2.89,0.00,0.00,D,0.00,12.00,0.92,12.00,0.66,^,0.00,,15.00,12.30,504,3.47,49.4,1,0,0.00,0.00,0.00,12.00,0.00,0.00,0,0,0.00,0
2026-05-01 17:46:11,1448.95,0,0,0,0,0,0,0,0.00,1,0.00,5.13,2.89,0.00,0.00,D,0.00,12.00,0.94,12.00,0.66,^,0.00,,14.40,12.30,504,4.49,48.3,1,0,0.00,0.00,0.00,12.00,0.00,0.00,0,0,0.00,0
2026-05-01 17:46:12,1449.96,0,0,0,0,0,0,0,0.00,1,0.00,5.13,2.89,0.00,0.00,D,0.00,12.00,0.94,12.00,0.65,^,0.00,,13.30,12.30,504,5.50,47.7,1,0,0.00,0.00,0.00,12.00,0.00,0.00,0,0,0.00,0
2026-05-01 17:46:13,1450.97,0,0,0,0,0,0,0,0.00,1,0.00,5.13,2.89,0.00,0.00,D,0.00,12.00,0.79,12.00,0.65,^,0.00,,16.10,12.40,504,0.78,47.7,1,0,0.00,0.00,0.00,12.00,0.00,0.00,0,0,0.00,0
2026-05-01 17:46:14,1451.99,0,0,0,0,0,0,0,0.00,1,0.00,5.13,2.88,0.00,0.00,D,0.00,12.00,0.75,12.00,0.61,^,0.00,,14.30,12.40,504,0.81,48.3,1,0,0.00,0.00,0.00,12.00,0.00,0.00,0,0,0.00,0
2026-05-01 17:46:15,1453.10,0,0,0,0,0,0,0,0.00,1,0.00,5.13,2.88,0.00,0.00,D,0.00,12.00,0.70,12.00,0.62,^,0.00,,13.70,12.40,504,1.92,47.2,1,0,0.00,0.00,0.00,12.00,0.00,0.00,0,0,0.00,0
2026-05-01 17:46:16,1454.00,0,0,0,0,0,0,0,0.00,1,0.00,5.13,2.88,0.00,0.00,D,0.00,12.00,0.69,12.00,0.65,^,0.00,,13.40,12.40,504,2.83,46.6,1,0,0.00,0.00,0.00,12.00,0.00,0.00,0,0,0.00,0
2026-05-01 17:46:17,1455.02,0,0,0,0,0,0,0,0.00,1,0.00,5.13,2.88,0.00,0.00,D,0.00,12.00,0.68,12.00,0.65,^,0.00,,14.80,12.30,504,3.84,47.2,1,0,0.00,0.00,0.00,12.00,0.00,0.00,0,0,0.00,0
2026-05-01 17:46:18,1456.03,0,0,0,0,0,0,0,0.00,1,0.00,5.13,2.88,0.00,0.00,D,0.00,12.00,0.68,12.00,0.65,^,0.00,,14.00,12.30,504,4.86,47.7,1,0,0.00,0.00,0.00,12.00,0.00,0.00,0,0,0.00,0
2026-05-01 17:46:19,1457.04,0,0,0,0,0,0,0,0.00,1,0.00,5.13,2.87,0.00,0.00,D,0.00,12.00,0.69,12.00,0.65,^,0.00,,14.20,12.40,504,5.87,46.1,1,0,0.00,0.00,0.00,12.00,0.00,0.00,0,0,0.00,0
2026-05-01 17:46:20,1458.05,0,0,0,0,0,0,0,0.00,1,0.00,5.13,2.87,0.00,0.00,D,0.00,12.00,0.69,12.00,0.65,^,0.00,,13.30,12.30,504,6.88,46.6,1,0,0.00,0.00,0.00,12.00,0.00,0.00,0,0,0.00,0
2026-05-01 17:46:21,1459.06,0,0,0,0,0,0,0,0.00,1,0.00,5.13,2.87,0.00,0.00,D,0.00,12.00,0.69,12.00,0.65,^,0.00,,13.60,12.30,504,7.89,46.6,1,0,0.00,0.00,0.00,12.00,0.00,0.00,0,0,0.00,0
2026-05-01 17:46:22,1460.08,0,0,0,0,0,0,0,0.00,1,0.00,5.13,2.87,0.00,0.00,D,0.00,12.00,0.68,12.00,0.65,^,0.00,,13.70,12.30,504,8.90,47.7,1,0,0.00,0.00,0.00,12.00,0.00,0.00,0,0,0.00,0
2026-05-01 17:46:23,1461.08,0,0,0,0,0,0,0,0.00,1,0.00,5.13,2.87,0.00,0.00,D,0.00,12.00,0.67,12.00,0.65,^,0.00,,14.50,12.30,504,0.35,47.7,1,0,0.00,0.00,0.00,12.00,0.00,0.00,0,0,0.00,0
2026-05-01 17:46:24,1462.09,0,0,0,0,0,0,0,0.00,1,0.00,5.13,2.86,0.00,0.00,D,0.00,12.00,0.67,12.00,0.65,^,0.00,,14.10,12.30,504,1.36,47.7,1,0,0.00,0.00,0.00,12.00,0.00,0.00,0,0,0.00,0
2026-05-01 17:46:25,1463.10,0,0,0,0,0,0,0,0.00,1,0.00,5.13,2.86,0.00,0.00,D,0.00,12.00,0.66,12.00,0.65,^,0.00,,14.00,12.30,504,2.37,46.1,1,0,0.00,0.00,0.00,12.00,0.00,0.00,0,0,0.00,0
2026-05-01 17:46:26,1464.12,0,0,0,0,0,0,0,0.00,1,0.00,5.13,2.86,0.00,0.00,D,0.00,12.00,0.67,12.00,0.65,^,0.00,,14.10,12.30,504,3.39,47.7,1,0,0.00,0.00,0.00,12.00,0.00,0.00,0,0,0.00,0
2026-05-01 17:46:27,1465.23,0,0,0,0,0,0,0,0.00,1,0.00,5.13,2.86,0.00,0.00,D,0.00,12.00,0.60,12.00,0.66,^,0.00,,13.50,12.30,504,4.50,46.1,1,0,0.00,0.00,0.00,12.00,0.00,0.00,0,0,0.00,0
2026-05-01 17:46:28,1466.13,0,0,0,0,0,0,0,0.00,1,0.00,5.13,2.86,0.00,0.00,D,0.00,12.00,0.65,12.00,0.65,^,0.00,,14.40,12.30,504,0.09,47.2,1,0,0.00,0.00,0.00,12.00,0.00,0.00,0,0,0.00,0
2026-05-01 17:46:29,1467.15,0,0,0,0,0,0,0,0.00,1,0.00,5.13,2.85,0.00,0.00,D,0.00,12.00,0.55,12.00,0.65,^,0.00,,14.60,12.40,504,1.11,46.6,1,0,0.00,0.00,0.00,12.00,0.00,0.00,0,0,0.00,0
2026-05-01 17:46:30,1468.15,0,0,0,0,0,0,0,0.00,1,0.00,5.13,2.85,0.00,0.00,D,0.00,12.00,0.48,12.00,0.65,^,0.00,,14.10,12.40,504,2.11,46.6,1,0,0.00,0.00,0.00,12.00,0.00,0.00,0,0,0.00,0
2026-05-01 17:46:31,1469.16,0,0,0,0,0,0,0,0.00,1,0.00,5.13,2.85,0.00,0.00,D,0.00,12.00,0.48,12.00,0.65,^,0.00,,14.20,12.40,504,0.13,46.1,1,0,0.00,0.00,0.00,12.00,0.00,0.00,0,0,0.00,0
2026-05-01 17:46:32,1470.17,0,0,0,0,0,0,0,0.00,1,0.00,5.13,2.85,0.00,0.00,D,0.00,12.00,0.50,12.00,0.65,^,0.00,,14.00,12.30,504,1.14,46.6,1,0,0.00,0.00,0.00,12.00,0.00,0.00,0,0,0.00,0
2026-05-01 17:46:33,1471.18,0,0,0,0,0,0,0,0.00,1,0.00,5.13,2.85,0.00,0.00,D,0.00,12.00,0.49,12.00,0.65,^,0.00,,13.50,12.30,504,0.82,47.7,1,0,0.00,0.00,0.00,12.00,0.00,0.00,0,0,0.00,0
2026-05-01 17:46:34,1472.20,0,0,0,0,0,0,0,0.00,1,0.00,5.13,2.85,0.00,0.00,D,0.00,12.00,0.51,12.00,0.53,^,0.00,,12.10,12.30,504,0.39,48.3,1,0,0.00,0.00,0.00,12.00,0.00,0.00,0,0,0.00,0
2026-05-01 17:46:35,1473.21,0,0,0,0,0,0,0,0.00,1,0.00,5.13,2.84,0.00,0.00,D,0.00,12.00,0.51,12.00,0.30,^,0.00,,13.40,12.30,504,1.40,47.7,1,0,0.00,0.00,0.00,12.00,0.00,0.00,0,0,0.00,0
2026-05-01 17:46:36,1474.22,0,0,0,0,0,0,0,0.00,1,0.00,5.13,2.84,0.00,0.00,D,0.00,12.00,0.51,12.00,0.33,^,0.00,,12.00,12.40,504,2.41,48.8,1,0,0.00,0.00,0.00,12.00,0.00,0.00,0,0,0.00,0
2026-05-01 17:46:37,1475.33,0,0,0,0,0,0,0,0.00,1,0.00,5.13,2.84,0.00,0.00,D,0.00,0.08,0.09,0.39,0.31,STOP_WARNING,0.00,aeb_stop,14.20,12.40,504,3.52,48.3,1,1,0.00,0.00,0.00,0.08,0.00,0.00,0,0,0.00,0
2026-05-01 17:46:38,1476.24,0,0,0,0,0,0,0,0.00,1,0.00,5.13,2.84,0.00,0.00,D,0.00,0.08,0.11,12.00,0.31,STOP_WARNING,0.00,aeb_stop,13.30,12.40,504,4.42,47.2,1,1,0.00,0.00,0.00,0.08,0.00,0.00,0,0,0.00,0
2026-05-01 17:46:39,1477.35,0,0,0,0,0,0,0,0.00,1,0.00,5.13,2.84,0.00,0.00,D,0.00,0.09,0.11,12.00,0.30,STOP_WARNING,0.00,aeb_stop,15.30,12.30,504,0.84,46.6,1,1,0.00,0.00,0.00,0.09,0.00,0.00,0,0,0.00,0
2026-05-01 17:46:40,1478.25,0,0,0,0,0,0,0,0.00,1,0.00,5.13,2.83,0.00,0.00,D,0.00,12.00,0.03,12.00,0.03,^,0.00,,13.70,12.30,504,1.75,48.3,1,0,0.00,0.00,0.00,12.00,0.00,0.00,0,0,0.00,0
2026-05-01 17:46:41,1479.37,0,0,0,0,0,0,0,0.00,1,0.00,5.13,2.83,0.00,0.00,D,0.00,12.00,0.53,12.00,0.31,^,0.00,,13.90,12.40,504,2.86,48.3,1,0,0.00,0.00,0.00,12.00,0.00,0.00,0,0,0.00,0
2026-05-01 17:46:42,1480.27,0,0,0,0,0,0,0,0.00,1,0.00,5.13,2.83,0.00,0.00,D,0.00,12.00,0.53,12.00,0.55,^,0.00,,13.50,12.40,504,0.48,48.3,1,0,0.00,0.00,0.00,12.00,0.00,0.00,0,0,0.00,0
2026-05-01 17:46:43,1481.28,0,0,0,0,0,0,0,0.00,1,0.00,5.13,2.83,0.00,0.00,D,0.00,12.00,0.53,12.00,0.58,^,0.00,,15.10,12.30,504,1.49,47.7,1,0,0.00,0.00,0.00,12.00,0.00,0.00,0,0,0.00,0
2026-05-01 17:46:44,1482.29,0,0,0,0,0,0,0,0.00,1,0.00,5.13,2.83,0.00,0.00,D,0.00,12.00,0.50,12.00,0.41,^,0.00,,12.90,12.30,504,2.50,47.7,1,0,0.00,0.00,0.00,12.00,0.00,0.00,0,0,0.00,0
2026-05-01 17:46:45,1483.30,0,0,0,0,0,0,0,0.00,1,0.00,5.13,2.82,0.00,0.00,D,0.00,12.00,0.54,0.53,0.35,^,0.00,,14.90,12.30,504,3.51,47.7,1,0,0.00,0.00,0.00,12.00,0.00,0.00,0,0,0.00,0
2026-05-01 17:46:46,1484.31,0,0,0,0,0,0,0,0.00,1,0.00,5.13,2.82,0.00,0.00,D,0.00,12.00,0.52,0.50,0.35,^,0.00,,15.50,12.40,504,4.52,46.6,1,0,0.00,0.00,0.00,12.00,0.00,0.00,0,0,0.00,0
2026-05-01 17:46:47,1485.32,0,0,0,0,0,0,0,0.00,1,0.00,5.13,2.82,0.00,0.00,D,0.00,12.00,0.51,0.49,0.34,^,0.00,,13.90,12.30,504,5.54,46.6,1,0,0.00,0.00,0.00,12.00,0.00,0.00,0,0,0.00,0
2026-05-01 17:46:48,1486.34,0,0,0,0,0,0,0,0.00,1,0.00,5.13,2.82,0.00,0.00,D,0.00,12.00,0.50,0.49,0.35,^,0.00,,15.20,12.30,504,0.06,47.7,1,0,0.00,0.00,0.00,12.00,0.00,0.00,0,0,0.00,0
2026-05-01 17:46:49,1487.35,0,0,0,0,0,0,0,0.00,1,0.00,5.13,2.82,0.00,0.00,D,0.00,12.00,0.51,0.68,0.40,^,0.00,,14.40,12.30,504,1.08,46.1,1,0,0.00,0.00,0.00,12.00,0.00,0.00,0,0,0.00,0
2026-05-01 17:46:50,1488.36,0,0,0,0,0,0,0,0.00,1,0.00,5.13,2.81,0.00,0.00,D,0.00,12.00,0.53,0.68,0.65,^,0.00,,13.70,12.30,504,0.17,47.2,1,0,0.00,0.00,0.00,12.00,0.00,0.00,0,0,0.00,0
2026-05-01 17:46:51,1489.38,0,0,0,0,0,0,0,0.00,1,0.00,5.13,2.81,0.00,0.00,D,0.00,12.00,0.51,0.68,0.64,^,0.00,,15.00,12.30,504,0.14,47.7,1,0,0.00,0.00,0.00,12.00,0.00,0.00,0,0,0.00,0
2026-05-01 17:46:52,1490.39,0,0,0,0,0,0,0,0.00,1,0.00,5.13,2.81,0.00,0.00,D,0.00,12.00,0.50,0.68,0.65,^,0.00,,15.00,12.30,504,1.15,47.7,1,0,0.00,0.00,0.00,12.00,0.00,0.00,0,0,0.00,0
2026-05-01 17:46:53,1491.40,0,0,0,0,0,0,0,0.00,1,0.00,5.13,2.81,0.00,0.00,D,0.00,12.00,0.51,0.68,0.64,^,0.00,,13.50,12.30,504,2.16,46.1,1,0,0.00,0.00,0.00,12.00,0.00,0.00,0,0,0.00,0
2026-05-01 17:46:54,1492.41,0,0,0,0,0,0,0,0.00,1,0.00,5.13,2.81,0.00,0.00,D,0.00,12.00,0.50,0.67,0.64,^,0.00,,15.30,12.30,504,3.18,46.1,1,0,0.00,0.00,0.00,12.00,0.00,0.00,0,0,0.00,0
2026-05-01 17:46:55,1493.42,0,0,0,0,0,0,0,0.00,1,0.00,5.13,2.80,0.00,0.00,D,0.00,12.00,0.52,0.67,0.64,^,0.00,,13.30,12.30,504,0.96,46.1,1,0,0.00,0.00,0.00,12.00,0.00,0.00,0,0,0.00,0
2026-05-01 17:46:56,1494.43,0,0,0,0,0,0,0,0.00,1,0.00,5.13,2.80,0.00,0.00,D,0.00,12.00,0.52,0.66,0.64,^,0.00,,13.70,12.30,504,1.97,46.6,1,0,0.00,0.00,0.00,12.00,0.00,0.00,0,0,0.00,0
2026-05-01 17:46:57,1495.44,0,0,0,0,0,0,0,0.00,1,0.00,5.13,2.80,0.00,0.00,D,0.00,12.00,0.52,0.67,0.64,^,0.00,,15.30,12.30,504,2.98,47.7,1,0,0.00,0.00,0.00,12.00,0.00,0.00,0,0,0.00,0
2026-05-01 17:46:58,1496.45,0,0,0,0,0,0,0,0.00,1,0.00,5.13,2.80,0.00,0.00,D,0.00,12.00,0.56,0.67,0.64,^,0.00,,15.20,12.30,504,4.00,47.2,1,0,0.00,0.00,0.00,12.00,0.00,0.00,0,0,0.00,0
2026-05-01 17:46:59,1497.46,0,0,0,0,0,0,0,0.00,1,0.00,5.13,2.80,0.00,0.00,D,0.00,12.00,0.56,0.66,0.64,^,0.00,,12.90,12.30,504,5.01,47.7,1,0,0.00,0.00,0.00,12.00,0.00,0.00,0,0,0.00,0
2026-05-01 17:47:00,1498.47,0,0,0,0,0,0,0,0.00,1,0.00,5.13,2.80,0.00,0.00,D,0.00,12.00,0.52,0.66,0.64,^,0.00,,14.00,12.30,504,6.01,47.2,1,0,0.00,0.00,0.00,12.00,0.00,0.00,0,0,0.00,0
2026-05-01 17:47:01,1499.48,0,0,0,0,0,0,0,0.00,1,0.00,5.13,2.79,0.00,0.00,D,0.00,12.00,0.53,0.65,0.65,^,0.00,,13.80,12.30,504,7.02,47.7,1,0,0.00,0.00,0.00,12.00,0.00,0.00,0,0,0.00,0
2026-05-01 17:47:02,1500.49,0,0,0,0,0,0,0,0.00,1,0.00,5.13,2.79,0.00,0.00,D,0.00,12.00,0.55,0.74,0.64,^,0.00,,13.50,12.30,504,8.03,47.7,1,0,0.00,0.00,0.00,12.00,0.00,0.00,0,0,0.00,0
2026-05-01 17:47:03,1501.50,0,0,0,0,0,0,0,0.00,1,0.00,5.13,2.79,0.00,0.00,D,0.00,12.00,0.55,0.76,0.64,^,0.00,,16.30,12.30,504,9.04,46.6,1,0,0.00,0.00,0.00,12.00,0.00,0.00,0,0,0.00,0
2026-05-01 17:47:04,1502.51,0,0,0,0,0,0,0,0.00,1,0.00,5.13,2.79,0.00,0.00,D,0.00,12.00,0.55,0.69,0.65,^,0.00,,16.10,12.30,504,10.06,47.2,1,0,0.00,0.00,0.00,12.00,0.00,0.00,0,0,0.00,0
2026-05-01 17:47:05,1503.53,0,0,0,0,0,0,0,0.00,1,0.00,5.13,2.79,0.00,0.00,D,0.00,12.00,0.53,0.69,0.65,^,0.00,,13.30,12.30,504,11.07,47.7,1,0,0.00,0.00,0.00,12.00,0.00,0.00,0,0,0.00,0
2026-05-01 17:47:06,1504.54,0,0,0,0,0,0,0,0.00,1,0.00,5.13,2.78,0.00,0.00,D,0.00,12.00,0.53,0.71,0.65,^,0.00,,14.80,12.30,504,12.08,47.7,1,0,0.00,0.00,0.00,12.00,0.00,0.00,0,0,0.00,0
2026-05-01 17:47:07,1505.65,0,0,0,0,0,0,0,0.00,1,0.00,5.13,2.78,0.00,0.00,D,0.00,12.00,0.57,0.72,0.65,^,0.00,,13.70,12.30,504,13.19,47.2,1,0,0.00,0.00,0.00,12.00,0.00,0.00,0,0,0.00,0
2026-05-01 17:47:08,1506.56,0,0,0,0,0,0,0,0.00,1,0.00,5.13,2.78,0.00,0.00,D,0.00,12.00,0.65,0.73,0.64,^,0.00,,14.60,12.30,504,14.10,47.7,1,0,0.00,0.00,0.00,12.00,0.00,0.00,0,0,0.00,0
2026-05-01 17:47:10,1507.67,0,0,0,0,0,0,0,0.00,1,0.00,5.13,2.78,0.00,0.00,D,0.00,12.00,0.66,0.73,0.64,^,0.00,,15.10,12.30,504,15.21,47.2,1,0,0.00,0.00,0.00,12.00,0.00,0.00,0,0,0.00,0
2026-05-01 17:47:10,1508.57,0,0,0,0,0,0,0,0.00,1,0.00,5.13,2.78,0.00,0.00,D,0.00,12.00,0.67,0.73,0.65,^,0.00,,13.70,12.30,504,16.12,47.2,1,0,0.00,0.00,0.00,12.00,0.00,0.00,0,0,0.00,0
2026-05-01 17:47:11,1509.59,0,0,0,0,0,0,0,0.00,1,0.00,5.13,2.77,0.00,0.00,D,0.00,12.00,0.71,0.70,0.74,^,0.00,,13.50,12.30,504,17.13,47.2,1,0,0.00,0.00,0.00,12.00,0.00,0.00,0,0,0.00,0
2026-05-01 17:47:12,1510.60,0,0,0,0,0,0,0,0.00,1,0.00,5.13,2.77,0.00,0.00,D,0.00,12.00,0.69,0.52,0.70,^,0.00,,15.70,12.30,504,18.14,47.2,1,0,0.00,0.00,0.00,12.00,0.00,0.00,0,0,0.00,0
2026-05-01 17:47:14,1511.71,0,0,0,0,0,0,0,0.00,1,0.00,5.13,2.77,0.00,0.00,D,0.00,12.00,0.90,0.66,0.68,^,0.00,,13.30,12.30,504,19.25,46.6,1,0,0.00,0.00,0.00,12.00,0.00,0.00,0,0,0.00,0
2026-05-01 17:47:14,1512.61,0,0,0,0,0,0,0,0.00,1,0.00,5.13,2.77,0.00,0.00,D,0.00,12.00,12.00,0.56,0.68,^,0.00,,13.50,12.30,504,20.15,48.3,1,0,0.00,0.00,0.00,12.00,0.00,0.00,0,0,0.00,0
2026-05-01 17:47:16,1513.72,0,0,0,0,0,0,0,0.00,1,0.00,5.13,2.77,0.00,0.00,D,0.00,12.00,12.00,12.00,0.63,^,0.00,,14.30,12.30,504,21.27,46.6,1,0,0.00,0.00,0.00,12.00,0.00,0.00,0,0,0.00,0
2026-05-01 17:47:16,1514.63,0,0,0,0,0,0,0,0.00,1,0.00,5.13,2.77,0.00,0.00,D,0.00,12.00,12.00,12.00,0.69,^,0.00,,14.50,12.30,504,22.17,46.6,1,0,0.00,0.00,0.00,12.00,0.00,0.00,0,0,0.00,0
2026-05-01 17:47:17,1515.64,0,0,0,0,0,0,0,0.00,1,0.00,5.13,2.76,0.00,0.00,D,0.00,12.00,12.00,12.00,0.69,^,0.00,,13.10,12.30,504,23.18,48.3,1,0,0.00,0.00,0.00,12.00,0.00,0.00,0,0,0.00,0
2026-05-01 17:47:18,1516.65,0,0,0,0,0,0,0,0.00,1,0.00,5.13,2.76,0.00,0.00,D,0.00,12.00,12.00,12.00,0.69,^,0.00,,15.50,12.30,504,24.19,47.7,1,0,0.00,0.00,0.00,12.00,0.00,0.00,0,0,0.00,0
2026-05-01 17:47:20,1517.66,0,0,0,0,0,0,0,0.00,1,0.00,5.13,2.76,0.00,0.00,D,0.00,12.00,12.00,12.00,0.65,^,0.00,,15.10,12.30,504,25.20,46.6,1,0,0.00,0.00,0.00,12.00,0.00,0.00,0,0,0.00,0
2026-05-01 17:47:21,1518.67,0,0,0,1,0,0,0,0.00,1,0.00,5.13,2.76,0.00,0.00,P,0.00,12.00,12.00,12.00,0.57,^,0.00,,14.10,12.30,504,26.21,47.2,1,0,0.00,0.00,0.00,12.00,0.00,0.00,0,0,0.00,0
2026-05-01 17:47:22,1519.68,0,0,1,0,0,0,0,0.00,0,0.00,5.13,2.76,0.00,0.00,D,0.00,12.00,12.00,12.00,0.60,^,0.00,,14.20,12.30,504,27.23,47.7,1,0,0.00,0.00,0.00,12.00,0.00,0.00,0,0,0.00,0
2026-05-01 17:47:23,1520.70,0,0,0,0,0,0,0,0.00,0,0.00,5.13,2.75,0.00,0.00,D,0.00,12.00,12.00,12.00,0.65,^,0.00,,15.60,12.30,504,28.24,45.5,1,0,0.00,0.00,0.00,12.00,0.00,0.00,0,0,0.00,0
2026-05-01 17:47:24,1521.71,0,0,0,0,0,0,0,0.00,0,0.00,5.13,2.75,0.00,0.00,D,0.00,12.00,12.00,12.00,0.66,^,0.00,,13.70,12.30,504,29.25,47.2,1,0,0.00,0.00,0.00,12.00,0.00,0.00,0,0,0.00,0
2026-05-01 17:47:25,1522.72,0,0,0,0,0,0,0,0.00,0,0.00,5.13,2.75,0.00,0.00,D,0.00,12.00,12.00,12.00,0.69,^,0.00,,13.80,12.30,504,30.26,46.1,1,0,0.00,0.00,0.00,12.00,0.00,0.00,0,0,0.00,0
2026-05-01 17:47:26,1523.83,0,0,0,0,0,0,0,0.00,0,0.00,5.13,2.75,0.00,0.00,D,0.00,12.00,12.00,12.00,0.70,^,0.00,,14.10,12.30,504,31.38,47.7,1,0,0.00,0.00,0.00,12.00,0.00,0.00,0,0,0.00,0
2026-05-01 17:47:27,1524.74,0,0,0,0,0,0,0,0.00,0,0.00,5.13,2.75,0.00,0.00,D,0.00,12.00,12.00,12.00,0.67,^,0.00,,14.60,12.30,504,32.28,46.6,1,0,0.00,0.00,0.00,12.00,0.00,0.00,0,0,0.00,0
2026-05-01 17:47:28,1525.75,0,0,0,0,0,0,0,0.00,0,0.00,5.13,2.75,0.00,0.00,D,0.00,12.00,12.00,12.00,0.67,^,0.00,,13.70,12.30,504,33.29,47.7,1,0,0.00,0.00,0.00,12.00,0.00,0.00,0,0,0.00,0
2026-05-01 17:47:29,1526.76,0,0,0,0,0,0,0,0.00,0,0.00,5.13,2.74,0.00,0.00,D,0.00,12.00,12.00,12.00,0.69,^,0.00,,13.70,12.30,504,34.30,47.7,1,0,0.00,0.00,0.00,12.00,0.00,0.00,0,0,0.00,0
2026-05-01 17:47:30,1527.77,0,0,0,0,0,0,0,0.00,0,0.00,5.13,2.74,0.00,0.00,D,0.00,12.00,12.00,12.00,0.70,^,0.00,,13.40,12.30,504,35.31,47.2,1,0,0.00,0.00,0.00,12.00,0.00,0.00,0,0,0.00,0
2026-05-01 17:47:31,1528.78,0,0,0,0,0,0,0,0.00,0,0.00,5.13,2.74,0.00,0.00,D,0.00,12.00,12.00,12.00,0.73,^,0.00,,13.90,12.30,504,36.33,47.7,1,0,0.00,0.00,0.00,12.00,0.00,0.00,0,0,0.00,0
2026-05-01 17:47:32,1529.79,0,0,0,0,0,0,0,0.00,0,0.00,5.13,2.74,0.00,0.00,D,0.00,12.00,12.00,12.00,0.73,^,0.00,,14.90,12.30,504,37.33,47.7,1,0,0.00,0.00,0.00,12.00,0.00,0.00,0,0,0.00,0
2026-05-01 17:47:33,1530.90,0,0,0,0,0,0,0,0.00,0,0.00,5.13,2.74,0.00,0.00,D,0.00,12.00,12.00,12.00,0.72,^,0.00,,14.20,12.30,504,38.44,47.7,1,0,0.00,0.00,0.00,12.00,0.00,0.00,0,0,0.00,0
2026-05-01 17:47:34,1531.80,0,0,0,0,0,0,0,0.00,0,0.00,5.13,2.73,0.00,0.00,D,0.00,12.00,12.00,12.00,0.18,^,0.00,,14.90,12.30,504,39.34,46.6,1,0,0.00,0.00,0.00,12.00,0.00,0.00,0,0,0.00,0
2026-05-01 17:47:35,1532.91,0,0,0,0,0,0,0,0.00,0,0.00,5.13,2.73,0.00,0.00,D,0.00,12.00,12.00,12.00,0.41,^,0.00,,13.60,12.40,504,40.45,47.2,1,0,0.00,0.00,0.00,12.00,0.00,0.00,0,0,0.00,0
2026-05-01 17:47:36,1533.82,0,0,0,0,0,0,0,0.00,0,0.00,5.13,2.73,0.00,0.00,D,0.00,12.00,12.00,12.00,0.82,^,0.00,,15.40,12.30,504,41.36,46.6,1,0,0.00,0.00,0.00,12.00,0.00,0.00,0,0,0.00,0
2026-05-01 17:47:37,1534.83,0,0,0,0,0,0,0,0.00,0,0.00,5.13,2.73,0.00,0.00,D,0.00,12.00,12.00,12.00,0.70,^,0.00,,14.20,12.30,504,42.37,46.6,1,0,0.00,0.00,0.00,12.00,0.00,0.00,0,0,0.00,0
2026-05-01 17:47:38,1535.83,0,0,0,0,0,0,0,0.00,0,0.00,5.13,2.73,0.00,0.00,D,0.00,12.00,0.84,12.00,0.66,^,0.00,,13.90,12.30,504,43.37,47.2,1,0,0.00,0.00,0.00,12.00,0.00,0.00,0,0,0.00,0
2026-05-01 17:47:39,1536.84,0,0,0,0,0,0,0,0.00,0,0.00,5.13,2.73,0.00,0.00,D,0.00,12.00,0.87,12.00,0.59,^,0.00,,14.00,12.30,504,44.38,46.6,1,0,0.00,0.00,0.00,12.00,0.00,0.00,0,0,0.00,0
2026-05-01 17:47:40,1537.85,0,0,0,0,0,0,0,0.00,0,0.00,5.13,2.72,0.00,0.00,D,0.00,12.00,0.82,12.00,0.58,^,0.00,,14.50,12.30,504,45.39,46.6,1,0,0.00,0.00,0.00,12.00,0.00,0.00,0,0,0.00,0
2026-05-01 17:47:41,1538.87,0,0,0,0,0,0,0,0.00,0,0.00,5.13,2.72,0.00,0.00,D,0.00,12.00,0.60,12.00,0.60,^,0.00,,14.20,12.40,504,46.41,46.6,1,0,0.00,0.00,0.00,12.00,0.00,0.00,0,0,0.00,0
2026-05-01 17:47:42,1539.88,0,0,0,0,0,0,0,0.00,0,0.00,5.13,2.72,0.00,0.00,D,0.00,12.00,0.64,12.00,0.69,^,0.00,,14.10,12.30,504,47.42,46.1,1,0,0.00,0.00,0.00,12.00,0.00,0.00,0,0,0.00,0
2026-05-01 17:47:43,1540.89,0,0,0,0,0,0,0,0.00,0,0.00,5.13,2.72,0.00,0.00,D,0.00,12.00,0.72,12.00,0.91,^,0.00,,16.30,12.30,504,48.44,46.1,1,0,0.00,0.00,0.00,12.00,0.00,0.00,0,0,0.00,0
2026-05-01 17:47:44,1541.91,0,0,0,0,0,0,0,0.00,0,0.00,5.13,2.72,0.00,0.00,D,0.00,12.00,0.80,12.00,0.94,^,0.00,,18.50,12.30,504,49.45,46.6,1,0,0.00,0.00,0.00,12.00,0.00,0.00,0,0,0.00,0
2026-05-01 17:47:45,1542.92,0,0,0,0,0,0,0,0.00,0,0.00,5.13,2.71,0.00,0.00,D,0.00,12.00,0.74,12.00,0.79,^,0.00,,26.80,12.30,504,50.46,48.8,1,0,0.00,0.00,0.00,12.00,0.00,0.00,0,0,0.00,0
2026-05-01 17:47:46,1543.93,0,0,0,0,0,0,0,0.00,0,0.00,5.13,2.71,0.00,0.00,D,0.00,12.00,0.68,12.00,0.75,^,0.00,,25.90,12.30,504,51.47,48.8,1,0,0.00,0.00,0.00,12.00,0.00,0.00,0,0,0.00,0
2026-05-01 17:47:47,1544.94,0,0,0,0,0,0,0,0.00,0,0.00,5.13,2.71,0.00,0.00,D,0.00,12.00,0.74,12.00,0.80,^,0.00,,26.10,12.30,504,52.49,49.4,1,0,0.00,0.00,0.00,12.00,0.00,0.00,0,0,0.00,0
2026-05-01 17:47:48,1546.05,0,0,0,0,0,0,0,0.00,0,0.00,5.13,2.71,0.00,0.00,D,0.00,12.00,0.77,12.00,0.73,^,0.00,,23.90,12.30,504,53.60,49.9,1,0,0.00,0.00,0.00,12.00,0.00,0.00,0,0,0.00,0
2026-05-01 17:47:49,1546.96,0,0,0,0,0,0,0,0.00,0,0.00,5.13,2.71,0.00,0.00,D,0.00,12.00,0.65,12.00,0.65,^,0.00,,27.30,12.30,504,54.51,48.8,1,0,0.00,0.00,0.00,12.00,0.00,0.00,0,0,0.00,0
2026-05-01 17:47:50,1547.98,0,0,0,0,0,0,0,0.00,0,0.00,5.13,2.71,0.00,0.00,D,0.00,12.00,0.73,12.00,0.92,^,0.00,,24.20,12.30,504,55.52,51.0,1,0,0.00,0.00,0.00,12.00,0.00,0.00,0,0,0.00,0
2026-05-01 17:47:51,1548.99,0,0,0,0,0,0,0,0.00,0,0.00,5.13,2.70,0.00,0.00,D,0.00,12.00,12.00,12.00,0.93,^,0.00,,25.10,12.30,504,56.53,51.0,1,0,0.00,0.00,0.00,12.00,0.00,0.00,0,0,0.00,0
2026-05-01 17:47:52,1550.00,0,0,0,0,0,0,0,0.00,0,0.00,5.13,2.70,0.00,0.00,D,0.00,12.00,12.00,12.00,0.75,^,0.00,,25.90,12.30,504,57.54,48.8,1,0,0.00,0.00,0.00,12.00,0.00,0.00,0,0,0.00,0
2026-05-01 17:47:53,1551.01,0,0,0,0,0,0,0,0.00,0,0.00,5.13,2.70,0.00,0.00,D,0.00,12.00,12.00,12.00,0.65,^,0.00,,25.10,12.30,504,58.55,51.6,1,0,0.00,0.00,0.00,12.00,0.00,0.00,0,0,0.00,0
2026-05-01 17:47:54,1552.02,0,0,0,0,0,0,0,0.00,0,0.00,5.13,2.70,0.00,0.00,D,0.00,12.00,12.00,12.00,0.69,^,0.00,,27.50,12.30,504,59.57,51.0,1,0,0.00,0.00,0.00,12.00,0.00,0.00,0,0,0.00,0
2026-05-01 17:47:55,1553.03,0,0,0,0,0,0,0,0.00,0,0.00,5.13,2.70,0.00,0.00,D,0.00,12.00,12.00,12.00,0.67,^,0.00,,26.90,12.30,504,60.58,51.0,1,0,0.00,0.00,0.00,12.00,0.00,0.00,0,0,0.00,0
2026-05-01 17:47:56,1554.05,0,0,0,0,0,0,0,0.00,0,0.00,5.13,2.70,0.00,0.00,D,0.00,12.00,12.00,12.00,0.60,^,0.00,,26.10,12.30,504,61.59,51.0,1,0,0.00,0.00,0.00,12.00,0.00,0.00,0,0,0.00,0
2026-05-01 17:47:57,1555.06,0,0,0,0,0,0,0,0.00,0,0.00,5.13,2.69,0.00,0.00,D,0.00,12.00,0.71,12.00,0.61,^,0.00,,25.90,12.30,504,62.60,51.6,1,0,0.00,0.00,0.00,12.00,0.00,0.00,0,0,0.00,0
2026-05-01 17:47:58,1556.08,0,0,0,0,0,0,0,0.00,0,0.00,5.13,2.69,0.00,0.00,D,0.00,12.00,12.00,12.00,0.64,^,0.00,,25.30,12.30,504,63.62,51.6,1,0,0.00,0.00,0.00,12.00,0.00,0.00,0,0,0.00,0
2026-05-01 17:47:59,1557.09,0,0,0,0,0,0,0,0.00,0,0.00,5.13,2.69,0.00,0.00,D,0.00,12.00,12.00,12.00,0.65,^,0.00,,25.60,12.30,504,64.63,51.6,1,0,0.00,0.00,0.00,12.00,0.00,0.00,0,0,0.00,0
2026-05-01 17:48:00,1558.10,0,0,0,0,0,0,0,0.00,0,0.00,5.13,2.69,0.00,0.00,D,0.00,12.00,12.00,12.00,0.63,^,0.00,,25.80,12.30,504,65.64,51.6,1,0,0.00,0.00,0.00,12.00,0.00,0.00,0,0,0.00,0
2026-05-01 17:48:01,1559.11,0,0,0,0,0,0,0,0.00,0,0.00,5.13,2.69,0.00,0.00,D,0.00,12.00,12.00,12.00,0.61,^,0.00,,25.30,12.30,504,66.65,52.1,1,0,0.00,0.00,0.00,12.00,0.00,0.00,0,0,0.00,0
2026-05-01 17:48:02,1560.22,0,0,0,0,0,0,0,0.00,0,0.00,5.13,2.68,0.00,0.00,D,0.00,12.00,12.00,12.00,0.57,^,0.00,,22.80,12.30,504,67.76,51.0,1,0,0.00,0.00,0.00,12.00,0.00,0.00,0,0,0.00,0
2026-05-01 17:48:03,1561.13,0,0,0,0,0,0,0,0.00,0,0.00,5.13,2.68,0.00,0.00,D,0.00,12.00,12.00,12.00,0.61,^,0.00,,25.30,12.30,504,68.67,52.1,1,0,0.00,0.00,0.00,12.00,0.00,0.00,0,0,0.00,0
2026-05-01 17:48:04,1562.14,0,0,0,0,0,0,0,0.00,0,0.00,5.13,2.68,0.00,0.00,D,0.00,12.00,0.79,12.00,0.71,^,0.00,,26.30,12.30,504,69.68,51.0,1,0,0.00,0.00,0.00,12.00,0.00,0.00,0,0,0.00,0
2026-05-01 17:48:05,1563.26,0,0,0,0,0,0,0,0.00,0,0.00,5.13,2.68,0.00,0.00,D,0.00,12.00,0.91,12.00,0.78,^,0.00,,24.90,12.40,504,70.80,51.6,1,0,0.00,0.00,0.00,12.00,0.00,0.00,0,0,0.00,0
2026-05-01 17:48:06,1564.16,0,0,0,0,0,0,0,0.00,0,0.00,5.13,2.68,0.00,0.00,D,0.00,12.00,0.97,12.00,0.77,^,0.00,,27.30,12.40,504,71.71,52.1,1,0,0.00,0.00,0.00,12.00,0.00,0.00,0,0,0.00,0
2026-05-01 17:48:07,1565.18,0,0,0,0,0,0,0,0.00,0,0.00,5.13,2.68,0.00,0.00,D,0.00,12.00,1.09,12.00,0.89,^,0.00,,25.00,12.30,504,72.72,52.7,1,0,0.00,0.00,0.00,12.00,0.00,0.00,0,0,0.00,0
2026-05-01 17:48:08,1566.19,0,0,0,0,0,0,0,0.00,0,0.00,5.13,2.67,0.00,0.00,D,0.00,1.26,1.21,12.00,1.17,^,0.00,,24.40,12.30,504,73.73,52.7,1,0,0.00,0.00,0.00,1.26,0.00,0.00,0,0,0.00,0
2026-05-01 17:48:09,1567.21,0,0,0,0,0,0,0,0.00,0,0.00,5.13,2.67,0.00,0.00,D,0.00,1.34,1.27,12.00,1.09,^,0.00,,25.90,12.30,504,74.75,52.1,1,0,0.00,0.00,0.00,1.34,0.00,0.00,0,0,0.00,0
2026-05-01 17:48:10,1568.22,0,0,0,0,0,0,0,0.00,0,0.00,5.13,2.67,0.00,0.00,D,0.00,12.00,1.13,12.00,0.92,^,0.00,,27.10,12.30,504,75.76,52.7,1,0,0.00,0.00,0.00,12.00,0.00,0.00,0,0,0.00,0
2026-05-01 17:48:11,1569.23,0,0,0,0,0,0,0,0.00,0,0.00,5.13,2.67,0.00,0.00,D,0.00,12.00,1.15,12.00,0.92,^,0.00,,25.40,12.30,504,76.77,52.1,1,0,0.00,0.00,0.00,12.00,0.00,0.00,0,0,0.00,0
2026-05-01 17:48:12,1570.23,0,0,0,0,0,0,0,0.00,0,0.00,5.13,2.67,0.00,0.00,D,0.00,12.00,0.93,12.00,0.96,^,0.00,,13.80,12.30,504,77.77,49.9,1,0,0.00,0.00,0.00,12.00,0.00,0.00,0,0,0.00,0
2026-05-01 17:48:13,1571.25,0,0,0,0,0,0,0,0.00,0,0.00,5.13,2.67,0.00,0.00,D,0.00,12.00,0.85,12.00,0.95,^,0.00,,21.10,12.30,504,78.79,51.6,1,0,0.00,0.00,0.00,12.00,0.00,0.00,0,0,0.00,0
2026-05-01 17:48:14,1572.25,0,0,0,0,0,0,0,0.00,0,0.00,5.13,2.66,0.00,0.00,D,0.00,12.00,0.95,12.00,0.94,^,0.00,,15.80,12.30,504,79.80,50.5,1,0,0.00,0.00,0.00,12.00,0.00,0.00,0,0,0.00,0
2026-05-01 17:48:15,1573.27,0,0,0,0,0,0,0,0.00,0,0.00,5.13,2.66,0.00,0.00,D,0.00,12.00,0.96,12.00,0.94,^,0.00,,14.90,12.30,504,80.81,51.0,1,0,0.00,0.00,0.00,12.00,0.00,0.00,0,0,0.00,0
2026-05-01 17:48:16,1574.28,0,0,0,0,0,0,0,0.00,0,0.00,5.13,2.66,0.00,0.00,D,0.00,12.00,0.96,12.00,0.94,^,0.00,,14.70,12.30,504,81.82,51.0,1,0,0.00,0.00,0.00,12.00,0.00,0.00,0,0,0.00,0
2026-05-01 17:48:17,1575.29,0,0,0,0,0,0,0,0.00,0,0.00,5.13,2.66,0.00,0.00,D,0.00,12.00,0.97,12.00,0.80,^,0.00,,14.10,12.30,504,82.83,49.4,1,0,0.00,0.00,0.00,12.00,0.00,0.00,0,0,0.00,0
2026-05-01 17:48:18,1576.40,0,0,0,0,0,0,0,0.00,0,0.00,5.13,2.66,0.00,0.00,D,0.00,12.00,0.87,12.00,0.63,^,0.00,,14.70,12.30,504,83.94,48.8,1,0,0.00,0.00,0.00,12.00,0.00,0.00,0,0,0.00,0
2026-05-01 17:48:19,1577.31,0,0,0,0,0,0,0,0.00,0,0.00,5.13,2.66,0.00,0.00,D,0.00,12.00,0.90,12.00,0.63,^,0.00,,14.20,12.40,504,84.85,50.5,1,0,0.00,0.00,0.00,12.00,0.00,0.00,0,0,0.00,0
2026-05-01 17:48:20,1578.32,0,0,0,0,0,0,0,0.00,0,0.00,5.13,2.65,0.00,0.00,D,0.00,12.00,0.93,12.00,0.65,^,0.00,,14.90,12.40,504,85.86,49.4,1,0,0.00,0.00,0.00,12.00,0.00,0.00,0,0,0.00,0
2026-05-01 17:48:21,1579.33,0,0,0,0,0,0,0,0.00,0,0.00,5.13,2.65,0.00,0.00,D,0.00,12.00,0.98,12.00,0.66,^,0.00,,14.40,12.30,504,86.87,49.9,1,0,0.00,0.00,0.00,12.00,0.00,0.00,0,0,0.00,0
2026-05-01 17:48:22,1580.35,0,0,0,0,0,0,0,0.00,0,0.00,5.13,2.65,0.00,0.00,D,0.00,12.00,1.00,12.00,0.15,^,0.00,,15.30,12.40,504,87.89,48.8,1,0,0.00,0.00,0.00,12.00,0.00,0.00,0,0,0.00,0
2026-05-01 17:48:23,1581.36,0,0,0,0,0,0,0,0.00,0,0.00,5.13,2.65,0.00,0.00,D,0.00,12.00,0.97,12.00,0.15,^,0.00,,14.00,12.40,504,88.90,47.2,1,0,0.00,0.00,0.00,12.00,0.00,0.00,0,0,0.00,0
2026-05-01 17:48:24,1582.36,0,0,0,0,0,0,0,0.00,0,0.00,5.13,2.65,0.00,0.00,D,0.00,12.00,0.96,12.00,0.13,^,0.00,,13.40,12.30,504,89.91,50.5,1,0,0.00,0.00,0.00,12.00,0.00,0.00,0,0,0.00,0
2026-05-01 17:48:25,1583.37,0,0,0,0,0,0,0,0.00,0,0.00,5.13,2.65,0.00,0.00,D,0.00,12.00,0.96,12.00,0.63,^,0.00,,11.90,12.30,504,90.91,48.8,1,0,0.00,0.00,0.00,12.00,0.00,0.00,0,0,0.00,0
2026-05-01 17:48:26,1584.39,0,0,0,0,0,0,0,0.00,0,0.00,5.13,2.64,0.00,0.00,D,0.00,12.00,0.97,12.00,0.97,^,0.00,,12.10,12.30,504,91.93,49.4,1,0,0.00,0.00,0.00,12.00,0.00,0.00,0,0,0.00,0
2026-05-01 17:48:27,1585.40,0,0,0,0,0,0,0,0.00,0,0.00,5.13,2.64,0.00,0.00,D,0.00,12.00,0.96,12.00,0.63,^,0.00,,11.90,12.30,504,92.94,48.3,1,0,0.00,0.00,0.00,12.00,0.00,0.00,0,0,0.00,0
2026-05-01 17:48:28,1586.41,0,0,0,0,0,0,0,0.00,0,0.00,5.13,2.64,0.00,0.00,D,0.00,12.00,0.97,12.00,0.42,^,0.00,,11.40,12.30,504,93.95,49.4,1,0,0.00,0.00,0.00,12.00,0.00,0.00,0,0,0.00,0
2026-05-01 17:48:29,1587.43,0,0,0,0,0,0,0,0.00,0,0.00,5.13,2.64,0.00,0.00,D,0.00,12.00,0.96,12.00,0.41,^,0.00,,13.40,12.30,504,94.97,48.8,1,0,0.00,0.00,0.00,12.00,0.00,0.00,0,0,0.00,0
2026-05-01 17:48:30,1588.44,0,0,0,0,0,0,0,0.00,0,0.00,5.13,2.64,0.00,0.00,D,0.00,12.13,0.94,12.00,0.41,^,0.00,,16.10,12.30,504,95.98,48.3,1,0,0.00,0.00,0.00,12.13,0.00,0.00,0,0,0.00,0
2026-05-01 17:48:31,1589.45,0,0,0,0,0,0,0,0.00,0,0.00,5.13,2.64,0.00,0.00,D,0.00,8.85,0.95,12.00,0.40,^,0.00,,13.10,12.30,504,96.99,49.4,1,0,0.00,0.00,0.00,8.85,0.00,0.00,0,0,0.00,0
2026-05-01 17:48:32,1590.46,0,0,0,0,0,0,0,0.00,0,0.00,5.13,2.63,0.00,0.00,D,0.00,12.00,0.93,12.00,0.39,^,0.00,,14.40,12.30,504,98.01,48.8,1,0,0.00,0.00,0.00,12.00,0.00,0.00,0,0,0.00,0
2026-05-01 17:48:33,1591.48,0,0,0,0,0,0,0,0.00,0,0.00,5.13,2.63,0.00,0.00,D,0.00,12.00,0.94,12.00,0.40,^,0.00,,14.80,12.30,504,99.02,47.7,1,0,0.00,0.00,0.00,12.00,0.00,0.00,0,0,0.00,0
2026-05-01 17:48:34,1592.49,0,0,0,0,0,0,0,0.00,0,0.00,5.13,2.63,0.00,0.00,D,0.00,12.00,0.94,12.00,0.44,^,0.00,,13.30,12.30,504,100.03,48.8,1,0,0.00,0.00,0.00,12.00,0.00,0.00,0,0,0.00,0
2026-05-01 17:48:35,1593.50,0,0,0,0,0,0,0,0.00,0,0.00,5.13,2.63,0.00,0.00,D,0.00,12.00,0.98,12.00,0.43,^,0.00,,14.90,12.30,504,101.04,47.7,1,0,0.00,0.00,0.00,12.00,0.00,0.00,0,0,0.00,0
2026-05-01 17:48:36,1594.61,0,0,0,0,0,0,0,0.00,0,0.00,5.13,2.63,0.00,0.00,D,0.00,12.00,1.01,12.00,0.45,^,0.00,,14.60,12.30,504,102.16,48.8,1,0,0.00,0.00,0.00,12.00,0.00,0.00,0,0,0.00,0
2026-05-01 17:48:37,1595.52,0,0,0,0,0,0,0,0.00,0,0.00,5.13,2.63,0.00,0.00,D,0.00,12.00,1.03,12.00,0.49,^,0.00,,13.70,12.30,504,103.06,48.3,1,0,0.00,0.00,0.00,12.00,0.00,0.00,0,0,0.00,0
2026-05-01 17:48:38,1596.53,0,0,0,0,0,0,0,0.00,0,0.00,5.13,2.62,0.00,0.00,D,0.00,12.00,1.01,12.00,0.49,^,0.00,,13.90,12.30,504,104.07,47.2,1,0,0.00,0.00,0.00,12.00,0.00,0.00,0,0,0.00,0
2026-05-01 17:48:39,1597.54,0,0,0,0,0,0,0,0.00,0,0.00,5.13,2.62,0.00,0.00,D,0.00,12.00,1.02,12.00,0.48,^,0.00,,15.20,12.30,504,105.09,48.8,1,0,0.00,0.00,0.00,12.00,0.00,0.00,0,0,0.00,0
2026-05-01 17:48:40,1598.56,0,0,0,0,0,0,0,0.00,0,0.00,5.13,2.62,0.00,0.00,D,0.00,12.00,1.08,12.00,0.48,^,0.00,,13.50,12.30,504,106.10,48.8,1,0,0.00,0.00,0.00,12.00,0.00,0.00,0,0,0.00,0
2026-05-01 17:48:41,1599.57,0,0,0,0,0,0,0,0.00,0,0.00,5.13,2.62,0.00,0.00,D,0.00,12.00,1.00,12.00,0.48,^,0.00,,14.40,12.30,504,107.11,47.7,1,0,0.00,0.00,0.00,12.00,0.00,0.00,0,0,0.00,0
2026-05-01 17:48:42,1600.58,0,0,0,0,0,0,0,0.00,0,0.00,5.13,2.62,0.00,0.00,D,0.00,12.00,0.70,12.00,0.47,^,0.00,,13.90,12.30,504,108.12,48.3,1,0,0.00,0.00,0.00,12.00,0.00,0.00,0,0,0.00,0
2026-05-01 17:48:43,1601.59,0,0,0,0,0,0,0,0.00,0,0.00,5.13,2.62,0.00,0.00,D,0.00,12.00,0.81,12.00,0.47,^,0.00,,13.30,12.30,504,109.13,47.2,1,0,0.00,0.00,0.00,12.00,0.00,0.00,0,0,0.00,0
2026-05-01 17:48:45,1602.70,0,0,0,0,0,0,0,0.00,0,0.00,5.13,2.61,0.00,0.00,D,0.00,12.00,0.79,12.00,0.44,^,0.00,,14.30,12.30,504,110.24,49.9,1,0,0.00,0.00,0.00,12.00,0.00,0.00,0,0,0.00,0
2026-05-01 17:48:45,1603.60,0,0,0,0,0,0,0,0.00,0,0.00,5.13,2.61,0.00,0.00,D,0.00,12.00,0.77,12.00,0.34,^,0.00,,13.90,12.30,504,111.15,48.3,1,0,0.00,0.00,0.00,12.00,0.00,0.00,0,0,0.00,0
2026-05-01 17:48:46,1604.62,0,0,0,0,0,0,0,0.00,0,0.00,5.13,2.61,0.00,0.00,D,0.00,12.00,0.79,12.00,0.33,^,0.00,,13.70,12.30,504,112.16,48.3,1,0,0.00,0.00,0.00,12.00,0.00,0.00,0,0,0.00,0
2026-05-01 17:48:47,1605.63,0,0,0,0,0,0,0,0.00,0,0.00,5.13,2.61,0.00,0.00,D,0.00,12.00,0.89,12.00,0.21,^,0.00,,16.80,12.30,504,113.17,48.3,1,0,0.00,0.00,0.00,12.00,0.00,0.00,0,0,0.00,0
2026-05-01 17:48:49,1606.74,0,0,0,0,0,0,0,0.00,0,0.00,5.13,2.61,0.00,0.00,D,0.00,12.00,0.59,12.00,0.25,^,0.00,,14.10,12.30,504,114.28,47.7,1,0,0.00,0.00,0.00,12.00,0.00,0.00,0,0,0.00,0
2026-05-01 17:48:49,1607.65,0,0,0,0,0,0,0,0.00,0,0.00,5.13,2.61,0.00,0.00,D,0.00,12.00,0.60,12.00,0.58,^,0.00,,14.60,12.30,504,115.19,48.3,1,0,0.00,0.00,0.00,12.00,0.00,0.00,0,0,0.00,0
2026-05-01 17:48:51,1608.76,0,0,0,0,0,0,0,0.00,0,0.00,5.13,2.60,0.00,0.00,D,0.00,12.00,0.63,12.00,0.58,^,0.00,,15.50,12.30,504,116.30,48.8,1,0,0.00,0.00,0.00,12.00,0.00,0.00,0,0,0.00,0
2026-05-01 17:48:52,1609.66,0,0,0,0,0,0,0,0.00,0,0.00,5.13,2.60,0.00,0.00,D,0.00,12.00,0.59,12.00,0.57,^,0.00,,15.40,12.30,504,117.20,48.3,1,0,0.00,0.00,0.00,12.00,0.00,0.00,0,0,0.00,0
2026-05-01 17:48:53,1610.67,0,0,0,0,0,0,0,0.00,0,0.00,5.13,2.60,0.00,0.00,D,0.00,12.00,0.62,12.00,0.57,^,0.00,,14.40,12.30,504,118.22,48.3,1,0,0.00,0.00,0.00,12.00,0.00,0.00,0,0,0.00,0
2026-05-01 17:48:54,1611.69,0,0,0,0,0,0,0,0.00,0,0.00,5.13,2.60,0.00,0.00,D,0.00,12.00,0.66,12.00,0.56,^,0.00,,14.20,12.30,504,119.23,46.6,1,0,0.00,0.00,0.00,12.00,0.00,0.00,0,0,0.00,0
2026-05-01 17:48:55,1612.80,0,0,0,0,0,0,0,0.00,0,0.00,5.13,2.60,0.00,0.00,D,0.00,12.00,0.83,12.00,0.46,^,0.00,,14.50,12.30,504,120.34,48.8,1,0,0.00,0.00,0.00,12.00,0.00,0.00,0,0,0.00,0
2026-05-01 17:48:56,1613.71,0,0,0,0,0,0,0,0.00,0,0.00,5.13,2.60,0.00,0.00,D,0.00,12.00,0.80,0.48,0.48,^,0.00,,13.90,12.30,504,121.25,48.8,1,0,0.00,0.00,0.00,12.00,0.00,0.00,0,0,0.00,0
2026-05-01 17:48:57,1614.72,0,0,0,0,0,0,0,0.00,0,0.00,5.13,2.59,0.00,0.00,D,0.00,12.00,0.91,12.00,0.42,^,0.00,,15.30,12.30,504,122.26,48.8,1,0,0.00,0.00,0.00,12.00,0.00,0.00,0,0,0.00,0
2026-05-01 17:48:58,1615.83,0,0,0,0,0,0,0,0.00,0,0.00,5.13,2.59,0.00,0.00,D,0.00,12.00,0.85,12.00,0.45,^,0.00,,14.10,12.30,504,123.37,47.2,1,0,0.00,0.00,0.00,12.00,0.00,0.00,0,0,0.00,0
2026-05-01 17:48:59,1616.73,0,0,0,0,0,0,0,0.00,0,0.00,5.13,2.59,0.00,0.00,D,0.00,12.00,0.79,0.49,0.48,^,0.00,,13.20,12.30,504,124.27,47.7,1,0,0.00,0.00,0.00,12.00,0.00,0.00,0,0,0.00,0
2026-05-01 17:49:00,1617.75,0,0,0,0,0,0,0,0.00,0,0.00,5.13,2.59,0.00,0.00,D,0.00,12.00,0.80,12.00,0.69,^,0.00,,14.40,12.30,504,125.29,47.7,1,0,0.00,0.00,0.00,12.00,0.00,0.00,0,0,0.00,0
2026-05-01 17:49:01,1618.75,0,0,0,0,0,0,0,0.00,0,0.00,5.13,2.59,0.00,0.00,D,0.00,12.00,0.92,12.00,0.70,^,0.00,,13.60,12.30,504,126.30,47.7,1,0,0.00,0.00,0.00,12.00,0.00,0.00,0,0,0.00,0
2026-05-01 17:49:02,1619.75,0,0,0,0,0,0,0,0.00,0,0.00,5.13,2.59,0.00,0.00,D,0.00,12.00,0.97,12.00,0.73,^,0.00,,13.60,12.30,504,127.30,48.3,1,0,0.00,0.00,0.00,12.00,0.00,0.00,0,0,0.00,0
2026-05-01 17:49:03,1620.76,0,0,0,0,0,0,0,0.00,0,0.00,5.13,2.58,0.00,0.00,D,0.00,12.00,0.98,12.00,0.58,^,0.00,,14.80,12.30,504,128.30,48.8,1,0,0.00,0.00,0.00,12.00,0.00,0.00,0,0,0.00,0
2026-05-01 17:49:04,1621.77,0,0,0,0,0,0,0,0.00,0,0.00,5.13,2.58,0.00,0.00,D,0.00,12.00,0.98,12.00,0.51,^,0.00,,14.20,12.30,504,129.31,48.3,1,0,0.00,0.00,0.00,12.00,0.00,0.00,0,0,0.00,0
2026-05-01 17:49:05,1622.78,0,0,0,0,0,0,0,0.00,0,0.00,5.13,2.58,0.00,0.00,D,0.00,12.00,0.91,12.00,0.50,^,0.00,,14.00,12.30,504,130.32,47.7,1,0,0.00,0.00,0.00,12.00,0.00,0.00,0,0,0.00,0
2026-05-01 17:49:06,1623.78,0,0,0,0,0,0,0,0.00,0,0.00,5.13,2.58,0.00,0.00,D,0.00,12.00,1.05,12.00,0.51,^,0.00,,14.50,12.30,504,131.32,48.3,1,0,0.00,0.00,0.00,12.00,0.00,0.00,0,0,0.00,0
2026-05-01 17:49:07,1624.80,0,0,0,0,0,0,0,0.00,0,0.00,5.13,2.58,0.00,0.00,D,0.00,12.00,0.89,12.00,0.54,^,0.00,,14.50,12.30,504,132.34,47.2,1,0,0.00,0.00,0.00,12.00,0.00,0.00,0,0,0.00,0
2026-05-01 17:49:08,1625.91,0,0,0,0,0,0,0,0.00,0,0.00,5.13,2.58,0.00,0.00,D,0.00,12.00,0.91,12.00,0.53,^,0.00,,13.20,12.30,504,133.45,46.6,1,0,0.00,0.00,0.00,12.00,0.00,0.00,0,0,0.00,0
2026-05-01 17:49:09,1626.81,0,0,0,0,0,0,0,0.00,0,0.00,5.13,2.57,0.00,0.00,D,0.00,12.00,0.89,12.00,0.50,^,0.00,,15.40,12.30,504,134.36,48.3,1,0,0.00,0.00,0.00,12.00,0.00,0.00,0,0,0.00,0
2026-05-01 17:49:10,1627.83,0,0,0,0,0,0,0,0.00,0,0.00,5.13,2.57,0.00,0.00,D,0.00,12.00,0.88,12.00,0.55,^,0.00,,13.90,12.30,504,135.37,48.3,1,0,0.00,0.00,0.00,12.00,0.00,0.00,0,0,0.00,0
2026-05-01 17:49:11,1628.84,0,0,0,0,0,0,0,0.00,0,0.00,5.13,2.57,0.00,0.00,D,0.00,12.00,0.86,12.00,0.55,^,0.00,,13.50,12.30,504,136.38,47.7,1,0,0.00,0.00,0.00,12.00,0.00,0.00,0,0,0.00,0
2026-05-01 17:49:12,1629.85,0,0,0,0,0,0,0,0.00,0,0.00,5.13,2.57,0.00,0.00,D,0.00,12.00,0.82,12.00,0.54,^,0.00,,16.00,12.30,504,137.39,46.6,1,0,0.00,0.00,0.00,12.00,0.00,0.00,0,0,0.00,0
2026-05-01 17:49:13,1630.86,0,0,0,0,0,0,0,0.00,0,0.00,5.13,2.57,0.00,0.00,D,0.00,12.00,0.83,12.00,0.53,^,0.00,,13.70,12.30,504,138.40,48.8,1,0,0.00,0.00,0.00,12.00,0.00,0.00,0,0,0.00,0
2026-05-01 17:49:14,1631.87,0,0,0,0,0,0,0,0.00,0,0.00,5.13,2.57,0.00,0.00,D,0.00,12.00,0.85,12.00,0.54,^,0.00,,14.00,12.30,504,139.41,48.3,1,0,0.00,0.00,0.00,12.00,0.00,0.00,0,0,0.00,0
2026-05-01 17:49:15,1632.88,0,0,0,0,0,0,0,0.00,0,0.00,5.13,2.57,0.00,0.00,D,0.00,12.00,0.87,12.00,0.60,^,0.00,,15.00,12.30,504,140.42,47.7,1,0,0.00,0.00,0.00,12.00,0.00,0.00,0,0,0.00,0
2026-05-01 17:49:16,1633.89,0,0,0,0,0,0,0,0.00,0,0.00,5.13,2.56,0.00,0.00,D,0.00,12.00,0.84,12.00,0.70,^,0.00,,13.70,12.30,504,141.43,48.3,1,0,0.00,0.00,0.00,12.00,0.00,0.00,0,0,0.00,0
2026-05-01 17:49:17,1634.90,0,0,0,0,0,0,0,0.00,0,0.00,5.13,2.56,0.00,0.00,D,0.00,12.00,0.84,12.00,0.47,^,0.00,,13.50,12.30,504,142.44,47.7,1,0,0.00,0.00,0.00,12.00,0.00,0.00,0,0,0.00,0
2026-05-01 17:49:18,1635.92,0,0,0,0,0,0,0,0.00,0,0.00,5.13,2.56,0.00,0.00,D,0.00,12.00,0.90,12.00,0.49,^,0.00,,14.50,12.30,504,143.46,48.8,1,0,0.00,0.00,0.00,12.00,0.00,0.00,0,0,0.00,0
2026-05-01 17:49:19,1636.93,0,0,0,0,0,0,0,0.00,0,0.00,5.13,2.56,0.00,0.00,D,0.00,12.00,0.89,12.00,0.63,^,0.00,,15.00,12.30,504,144.47,48.3,1,0,0.00,0.00,0.00,12.00,0.00,0.00,0,0,0.00,0
2026-05-01 17:49:20,1637.94,0,0,0,0,0,0,0,0.00,0,0.00,5.13,2.56,0.00,0.00,D,0.00,12.00,0.89,12.00,0.64,^,0.00,,14.50,12.30,504,145.48,46.6,1,0,0.00,0.00,0.00,12.00,0.00,0.00,0,0,0.00,0
2026-05-01 17:49:21,1639.05,0,0,0,0,0,0,0,0.00,0,0.00,5.13,2.56,0.00,0.00,D,0.00,12.00,0.85,12.00,0.65,^,0.00,,14.80,12.30,504,146.59,47.7,1,0,0.00,0.00,0.00,12.00,0.00,0.00,0,0,0.00,0
2026-05-01 17:49:22,1639.97,0,0,0,0,0,0,0,0.00,0,0.00,5.13,2.55,0.00,0.00,D,0.00,12.00,0.90,12.00,0.58,^,0.00,,13.80,12.30,504,147.51,46.1,1,0,0.00,0.00,0.00,12.00,0.00,0.00,0,0,0.00,0
2026-05-01 17:49:23,1640.98,0,0,0,0,0,0,0,0.00,0,0.00,5.13,2.55,0.00,0.00,D,0.00,12.00,0.90,12.00,0.59,^,0.00,,14.20,12.30,504,148.52,47.2,1,0,0.00,0.00,0.00,12.00,0.00,0.00,0,0,0.00,0
2026-05-01 17:49:24,1641.99,0,0,0,0,0,0,0,0.00,0,0.00,5.13,2.55,0.00,0.00,D,0.00,12.00,0.86,12.00,1.00,^,0.00,,14.00,12.30,504,149.53,47.2,1,0,0.00,0.00,0.00,12.00,0.00,0.00,0,0,0.00,0
2026-05-01 17:49:25,1643.00,0,0,0,0,0,0,0,0.00,0,0.00,5.13,2.55,0.00,0.00,D,0.00,12.00,0.88,12.00,1.17,^,0.00,,14.60,12.30,504,150.55,47.7,1,0,0.00,0.00,0.00,12.00,0.00,0.00,0,0,0.00,0
2026-05-01 17:49:26,1644.02,0,0,0,0,0,0,0,0.00,0,0.00,5.13,2.55,0.00,0.00,D,0.00,12.00,0.95,12.00,1.18,^,0.00,,14.10,12.30,504,151.56,47.2,1,0,0.00,0.00,0.00,12.00,0.00,0.00,0,0,0.00,0
2026-05-01 17:49:27,1645.13,0,0,0,0,0,0,0,0.00,0,0.00,5.13,2.55,0.00,0.00,D,0.00,12.00,0.88,12.00,1.20,^,0.00,,14.60,12.30,504,152.67,47.2,1,0,0.00,0.00,0.00,12.00,0.00,0.00,0,0,0.00,0
2026-05-01 17:49:28,1646.03,0,0,0,0,0,0,0,0.00,0,0.00,5.13,2.54,0.00,0.00,D,0.00,12.00,0.81,12.00,1.07,^,0.00,,13.00,12.30,504,153.57,47.7,1,0,0.00,0.00,0.00,12.00,0.00,0.00,0,0,0.00,0
2026-05-01 17:49:29,1647.04,0,0,0,0,0,0,0,0.00,0,0.00,5.13,2.54,0.00,0.00,D,0.00,12.00,0.75,12.00,1.05,^,0.00,,14.20,12.30,504,154.59,46.6,1,0,0.00,0.00,0.00,12.00,0.00,0.00,0,0,0.00,0
2026-05-01 17:49:30,1648.06,0,0,0,0,0,0,0,0.00,0,0.00,5.13,2.54,0.00,0.00,D,0.00,12.00,0.79,12.00,1.05,^,0.00,,15.00,12.30,504,155.60,47.2,1,0,0.00,0.00,0.00,12.00,0.00,0.00,0,0,0.00,0
2026-05-01 17:49:31,1649.07,0,0,0,0,0,0,0,0.00,0,0.00,5.13,2.54,0.00,0.00,D,0.00,12.00,0.78,12.00,0.97,^,0.00,,13.50,12.30,504,156.61,48.3,1,0,0.00,0.00,0.00,12.00,0.00,0.00,0,0,0.00,0
2026-05-01 17:49:32,1650.08,0,0,0,0,0,0,0,0.00,0,0.00,5.13,2.54,0.00,0.00,D,0.00,12.00,0.95,12.00,0.81,^,0.00,,15.40,12.30,504,157.62,48.3,1,0,0.00,0.00,0.00,12.00,0.00,0.00,0,0,0.00,0
2026-05-01 17:49:33,1651.08,0,0,0,0,0,0,0,0.00,0,0.00,5.13,2.54,0.00,0.00,D,0.00,12.00,0.94,12.00,0.80,^,0.00,,15.20,12.30,504,158.62,47.2,1,0,0.00,0.00,0.00,12.00,0.00,0.00,0,0,0.00,0
2026-05-01 17:49:34,1652.10,0,0,0,0,0,0,0,0.00,0,0.00,5.13,2.54,0.00,0.00,D,0.00,12.00,0.99,12.00,0.85,^,0.00,,14.80,12.30,504,159.64,47.7,1,0,0.00,0.00,0.00,12.00,0.00,0.00,0,0,0.00,0
2026-05-01 17:49:35,1653.21,0,0,0,0,0,0,0,0.00,0,0.00,5.13,2.53,0.00,0.00,D,0.00,12.00,1.02,12.00,0.88,^,0.00,,15.00,12.30,504,160.75,47.7,1,0,0.00,0.00,0.00,12.00,0.00,0.00,0,0,0.00,0
2026-05-01 17:49:36,1654.11,0,0,0,0,0,0,0,0.00,0,0.00,5.13,2.53,0.00,0.00,D,0.00,12.00,1.00,12.00,0.86,^,0.00,,15.90,12.30,504,161.65,46.6,1,0,0.00,0.00,0.00,12.00,0.00,0.00,0,0,0.00,0
2026-05-01 17:49:37,1655.22,0,0,0,0,0,0,0,0.00,0,0.00,5.13,2.53,0.00,0.00,D,0.00,12.00,1.00,12.00,0.88,^,0.00,,13.60,12.30,504,162.76,47.7,1,0,0.00,0.00,0.00,12.00,0.00,0.00,0,0,0.00,0
2026-05-01 17:49:38,1656.13,0,0,0,0,0,0,0,0.00,0,0.00,5.13,2.53,0.00,0.00,D,0.00,12.00,12.00,12.00,1.06,^,0.00,,13.90,12.30,504,163.67,46.6,1,0,0.00,0.00,0.00,12.00,0.00,0.00,0,0,0.00,0
2026-05-01 17:49:39,1657.24,0,0,0,0,0,0,0,0.00,0,0.00,5.13,2.53,0.00,0.00,D,0.00,12.00,12.00,12.00,1.05,^,0.00,,15.00,12.30,504,164.78,46.6,1,0,0.00,0.00,0.00,12.00,0.00,0.00,0,0,0.00,0
2026-05-01 17:49:40,1658.14,0,0,0,0,0,0,0,0.00,0,0.00,5.13,2.53,0.00,0.00,D,0.00,12.00,12.00,12.00,1.06,^,0.00,,13.40,12.30,504,165.68,47.2,1,0,0.00,0.00,0.00,12.00,0.00,0.00,0,0,0.00,0
2026-05-01 17:49:41,1659.25,0,0,0,0,0,0,0,0.00,0,0.00,5.13,2.52,0.00,0.00,D,0.00,12.00,12.00,12.00,1.05,^,0.00,,13.40,12.30,504,166.80,46.6,1,0,0.00,0.00,0.00,12.00,0.00,0.00,0,0,0.00,0
2026-05-01 17:49:42,1660.16,0,0,0,0,0,0,0,0.00,0,0.00,5.13,2.52,0.00,0.00,D,0.00,12.00,12.00,12.00,1.00,^,0.00,,14.20,12.30,504,167.70,46.6,1,0,0.00,0.00,0.00,12.00,0.00,0.00,0,0,0.00,0
2026-05-01 17:49:43,1661.17,0,0,0,0,0,0,0,0.00,0,0.00,5.13,2.52,0.00,0.00,D,0.00,12.00,12.00,12.00,0.78,^,0.00,,13.50,12.30,504,168.71,46.6,1,0,0.00,0.00,0.00,12.00,0.00,0.00,0,0,0.00,0
2026-05-01 17:49:44,1662.18,0,0,0,0,0,0,0,0.00,0,0.00,5.13,2.52,0.00,0.00,D,0.00,12.00,12.00,12.00,0.66,^,0.00,,13.90,12.30,504,169.72,47.7,1,0,0.00,0.00,0.00,12.00,0.00,0.00,0,0,0.00,0
2026-05-01 17:49:45,1663.29,0,0,0,0,0,0,0,0.00,0,0.00,5.13,2.52,0.00,0.00,D,0.00,12.00,12.00,12.00,0.76,^,0.00,,14.00,12.30,504,170.84,47.7,1,0,0.00,0.00,0.00,12.00,0.00,0.00,0,0,0.00,0
2026-05-01 17:49:46,1664.20,0,0,0,0,0,0,0,0.00,0,0.00,5.13,2.52,0.00,0.00,D,0.00,12.00,12.00,12.00,0.76,^,0.00,,14.60,12.30,504,171.74,47.7,1,0,0.00,0.00,0.00,12.00,0.00,0.00,0,0,0.00,0
2026-05-01 17:49:47,1665.21,0,0,0,0,0,0,0,0.00,0,0.00,5.13,2.52,0.00,0.00,D,0.00,12.00,12.00,12.00,0.77,^,0.00,,13.30,12.30,504,172.75,47.7,1,0,0.00,0.00,0.00,12.00,0.00,0.00,0,0,0.00,0
2026-05-01 17:49:48,1666.22,0,0,0,0,0,0,0,0.00,0,0.00,5.13,2.51,0.00,0.00,D,0.00,12.00,12.00,12.00,0.76,^,0.00,,15.00,12.30,504,173.76,47.7,1,0,0.00,0.00,0.00,12.00,0.00,0.00,0,0,0.00,0
2026-05-01 17:49:49,1667.33,0,0,0,0,0,0,0,0.00,0,0.00,5.13,2.51,0.00,0.00,D,0.00,12.00,12.00,12.00,0.75,^,0.00,,13.70,12.30,504,174.87,47.2,1,0,0.00,0.00,0.00,12.00,0.00,0.00,0,0,0.00,0
2026-05-01 17:49:50,1668.24,0,0,0,0,0,0,0,0.00,0,0.00,5.13,2.51,0.00,0.00,D,0.00,12.00,12.00,12.00,0.74,^,0.00,,14.60,12.30,504,175.78,46.1,1,0,0.00,0.00,0.00,12.00,0.00,0.00,0,0,0.00,0
2026-05-01 17:49:51,1669.25,0,0,0,0,0,0,0,0.00,0,0.00,5.13,2.51,0.00,0.00,D,0.00,12.00,12.00,12.00,0.75,^,0.00,,13.70,12.30,504,176.79,47.2,1,0,0.00,0.00,0.00,12.00,0.00,0.00,0,0,0.00,0
2026-05-01 17:49:52,1670.26,0,0,0,0,0,0,0,0.00,0,0.00,5.13,2.51,0.00,0.00,D,0.00,12.00,12.00,12.00,0.77,^,0.00,,13.30,12.30,504,177.80,47.7,1,0,0.00,0.00,0.00,12.00,0.00,0.00,0,0,0.00,0
2026-05-01 17:49:53,1671.37,0,0,0,0,0,0,0,0.00,0,0.00,5.13,2.51,0.00,0.00,D,0.00,12.00,12.00,12.00,0.77,^,0.00,,14.10,12.40,504,178.91,45.5,1,0,0.00,0.00,0.00,12.00,0.00,0.00,0,0,0.00,0
2026-05-01 17:49:54,1672.28,0,0,0,0,0,0,0,0.00,0,0.00,5.13,2.50,0.00,0.00,D,0.00,12.00,12.00,12.00,0.77,^,0.00,,14.30,12.30,504,179.82,47.2,1,0,0.00,0.00,0.00,12.00,0.00,0.00,0,0,0.00,0
2026-05-01 17:49:55,1673.29,0,0,0,0,0,0,0,0.00,0,0.00,5.13,2.50,0.00,0.00,D,0.00,12.00,12.00,12.00,0.77,^,0.00,,14.10,12.30,504,180.83,47.2,1,0,0.00,0.00,0.00,12.00,0.00,0.00,0,0,0.00,0
2026-05-01 17:49:56,1674.30,0,0,0,0,0,0,0,0.00,0,0.00,5.13,2.50,0.00,0.00,D,0.00,12.00,12.00,12.00,0.76,^,0.00,,14.60,12.30,504,181.84,47.2,1,0,0.00,0.00,0.00,12.00,0.00,0.00,0,0,0.00,0
2026-05-01 17:49:57,1675.41,0,0,0,0,0,0,0,0.00,0,0.00,5.13,2.50,0.00,0.00,D,0.00,12.00,12.00,12.00,0.94,^,0.00,,13.40,12.30,504,182.96,47.7,1,0,0.00,0.00,0.00,12.00,0.00,0.00,0,0,0.00,0
2026-05-01 17:49:58,1676.32,0,0,0,0,0,0,0,0.00,0,0.00,5.13,2.50,0.00,0.00,D,0.00,12.00,12.00,12.00,1.01,^,0.00,,14.00,12.30,504,183.86,47.7,1,0,0.00,0.00,0.00,12.00,0.00,0.00,0,0,0.00,0
2026-05-01 17:49:59,1677.33,0,0,0,0,0,0,0,0.00,0,0.00,5.13,2.50,0.00,0.00,D,0.00,12.00,12.00,12.00,0.99,^,0.00,,15.10,12.30,504,184.87,47.7,1,0,0.00,0.00,0.00,12.00,0.00,0.00,0,0,0.00,0
2026-05-01 17:50:00,1678.34,0,0,0,0,0,0,0,0.00,0,0.00,5.13,2.50,0.00,0.00,D,0.00,12.00,12.00,12.00,0.98,^,0.00,,13.50,12.30,504,185.88,46.1,1,0,0.00,0.00,0.00,12.00,0.00,0.00,0,0,0.00,0
2026-05-01 17:50:01,1679.45,0,0,0,0,0,0,0,0.00,0,0.00,5.13,2.49,0.00,0.00,D,0.00,12.00,12.00,12.00,0.99,^,0.00,,13.70,12.30,504,187.00,47.2,1,0,0.00,0.00,0.00,12.00,0.00,0.00,0,0,0.00,0
2026-05-01 17:50:02,1680.36,0,0,0,0,0,0,0,0.00,0,0.00,5.13,2.49,0.00,0.00,D,0.00,12.00,12.00,12.00,0.99,^,0.00,,13.90,12.30,504,187.90,47.2,1,0,0.00,0.00,0.00,12.00,0.00,0.00,0,0,0.00,0
2026-05-01 17:50:03,1681.37,0,0,0,0,0,0,0,0.00,0,0.00,5.13,2.49,0.00,0.00,D,0.00,12.00,12.00,12.00,1.18,^,0.00,,15.20,12.30,504,188.92,46.6,1,0,0.00,0.00,0.00,12.00,0.00,0.00,0,0,0.00,0
2026-05-01 17:50:04,1682.39,0,0,0,0,0,0,0,0.00,0,0.00,5.13,2.49,0.00,0.00,D,0.00,12.00,12.00,12.00,1.26,^,0.00,,14.20,12.30,504,189.93,47.2,1,0,0.00,0.00,0.00,12.00,0.00,0.00,0,0,0.00,0
2026-05-01 17:50:05,1683.40,0,0,0,0,0,0,0,0.00,0,0.00,5.13,2.49,0.00,0.00,D,0.00,12.00,12.00,12.00,1.25,^,0.00,,14.60,12.30,504,190.94,47.2,1,0,0.00,0.00,0.00,12.00,0.00,0.00,0,0,0.00,0
2026-05-01 17:50:06,1684.42,0,0,0,0,0,0,0,0.00,0,0.00,5.13,2.49,0.00,0.00,D,0.00,12.00,12.00,12.00,1.07,^,0.00,,13.90,12.30,504,191.96,46.1,1,0,0.00,0.00,0.00,12.00,0.00,0.00,0,0,0.00,0
2026-05-01 17:50:07,1685.43,0,0,0,0,0,0,0,0.00,0,0.00,5.13,2.49,0.00,0.00,D,0.00,12.00,12.00,12.00,1.07,^,0.00,,13.90,12.30,504,192.97,46.6,1,0,0.00,0.00,0.00,12.00,0.00,0.00,0,0,0.00,0
2026-05-01 17:50:08,1686.44,0,0,0,0,0,0,0,0.00,0,0.00,5.13,2.48,0.00,0.00,D,0.00,12.00,12.00,12.00,1.07,^,0.00,,13.90,12.30,504,193.99,46.6,1,0,0.00,0.00,0.00,12.00,0.00,0.00,0,0,0.00,0
2026-05-01 17:50:09,1687.56,0,0,0,0,0,0,0,0.00,0,0.00,5.13,2.48,0.00,0.00,D,0.00,12.00,12.00,12.00,1.08,^,0.00,,14.60,12.30,504,195.10,47.7,1,0,0.00,0.00,0.00,12.00,0.00,0.00,0,0,0.00,0
2026-05-01 17:50:10,1688.46,0,0,0,0,0,0,0,0.00,0,0.00,5.13,2.48,0.00,0.00,D,0.00,12.00,12.00,12.00,1.05,^,0.00,,14.60,12.30,504,196.00,47.7,1,0,0.00,0.00,0.00,12.00,0.00,0.00,0,0,0.00,0
2026-05-01 17:50:11,1689.47,0,0,0,0,0,0,0,0.00,0,0.00,5.13,2.48,0.00,0.00,D,0.00,12.00,12.00,12.00,1.05,^,0.00,,15.50,12.30,504,197.01,47.2,1,0,0.00,0.00,0.00,12.00,0.00,0.00,0,0,0.00,0
2026-05-01 17:50:12,1690.48,0,0,0,0,0,0,0,0.00,0,0.00,5.13,2.48,0.00,0.00,D,0.00,12.00,12.00,12.00,1.04,^,0.00,,14.10,12.30,504,198.03,46.6,1,0,0.00,0.00,0.00,12.00,0.00,0.00,0,0,0.00,0
2026-05-01 17:50:13,1691.50,0,0,0,0,0,0,0,0.00,0,0.00,5.13,2.48,0.00,0.00,D,0.00,12.00,12.00,12.00,1.03,^,0.00,,13.30,12.30,504,199.04,46.1,1,0,0.00,0.00,0.00,12.00,0.00,0.00,0,0,0.00,0
2026-05-01 17:50:14,1692.51,0,0,0,0,0,0,0,0.00,0,0.00,5.13,2.47,0.00,0.00,D,0.00,12.00,12.00,12.00,1.01,^,0.00,,14.80,12.40,504,200.05,46.1,1,0,0.00,0.00,0.00,12.00,0.00,0.00,0,0,0.00,0
2026-05-01 17:50:15,1693.52,0,0,0,0,0,0,0,0.00,0,0.00,5.13,2.47,0.00,0.00,D,0.00,12.00,12.00,12.00,1.03,^,0.00,,14.20,12.40,504,201.07,47.7,1,0,0.00,0.00,0.00,12.00,0.00,0.00,0,0,0.00,0
2026-05-01 17:50:16,1694.54,0,0,0,0,0,0,0,0.00,0,0.00,5.13,2.47,0.00,0.00,D,0.00,12.00,12.00,12.00,1.06,^,0.00,,13.30,12.40,504,202.08,47.7,1,0,0.00,0.00,0.00,12.00,0.00,0.00,0,0,0.00,0
2026-05-01 17:50:17,1695.55,0,0,0,0,0,0,0,0.00,0,0.00,5.13,2.47,0.00,0.00,D,0.00,12.00,4.29,12.00,1.04,^,0.00,,14.40,12.30,504,203.09,47.7,1,0,0.00,0.00,0.00,12.00,0.00,0.00,0,0,0.00,0
2026-05-01 17:50:18,1696.56,0,0,0,0,0,0,0,0.00,0,0.00,5.13,2.47,0.00,0.00,D,0.00,12.00,12.00,12.00,1.07,^,0.00,,13.70,12.30,504,204.10,47.7,1,0,0.00,0.00,0.00,12.00,0.00,0.00,0,0,0.00,0
2026-05-01 17:50:20,1697.67,0,0,0,0,0,0,0,0.00,0,0.00,5.13,2.47,0.00,0.00,D,0.00,12.00,12.00,12.00,1.06,^,0.00,,13.40,12.30,504,205.22,48.8,1,0,0.00,0.00,0.00,12.00,0.00,0.00,0,0,0.00,0
2026-05-01 17:50:20,1698.58,0,0,0,0,0,0,0,0.00,0,0.00,5.13,2.47,0.00,0.00,D,0.00,12.00,12.00,12.00,1.08,^,0.00,,17.00,12.30,504,206.13,46.6,1,0,0.00,0.00,0.00,12.00,0.00,0.00,0,0,0.00,0
2026-05-01 17:50:22,1699.70,0,0,0,0,0,0,0,0.00,0,0.00,5.13,2.46,0.00,0.00,D,0.00,12.00,12.00,12.00,1.11,^,0.00,,16.40,12.30,504,207.24,46.6,1,0,0.00,0.00,0.00,12.00,0.00,0.00,0,0,0.00,0
2026-05-01 17:50:22,1700.60,0,0,0,0,0,0,0,0.00,0,0.00,5.13,2.46,0.00,0.00,D,0.00,12.00,12.00,12.00,1.05,^,0.00,,13.60,12.30,504,208.14,47.2,1,0,0.00,0.00,0.00,12.00,0.00,0.00,0,0,0.00,0
2026-05-01 17:50:23,1701.61,0,0,0,0,0,0,0,0.00,0,0.00,5.13,2.46,0.00,0.00,D,0.00,12.00,12.00,12.00,1.04,^,0.00,,16.40,12.30,504,209.15,47.7,1,0,0.00,0.00,0.00,12.00,0.00,0.00,0,0,0.00,0
2026-05-01 17:50:24,1702.63,0,0,0,0,0,0,0,0.00,0,0.00,5.13,2.46,0.00,0.00,D,0.00,12.00,12.00,12.00,1.05,^,0.00,,13.70,12.30,504,210.17,46.6,1,0,0.00,0.00,0.00,12.00,0.00,0.00,0,0,0.00,0
2026-05-01 17:50:25,1703.63,0,0,0,0,0,0,0,0.00,0,0.00,5.13,2.46,0.00,0.00,D,0.00,12.00,12.00,12.00,1.05,^,0.00,,13.10,12.30,504,211.18,47.2,1,0,0.00,0.00,0.00,12.00,0.00,0.00,0,0,0.00,0
2026-05-01 17:50:26,1704.65,0,0,0,0,0,0,0,0.00,0,0.00,5.13,2.46,0.00,0.00,D,0.00,12.00,12.00,12.00,1.05,^,0.00,,17.50,12.30,504,212.19,47.7,1,0,0.00,0.00,0.00,12.00,0.00,0.00,0,0,0.00,0
2026-05-01 17:50:27,1705.65,0,0,0,0,0,0,0,0.00,0,0.00,5.13,2.46,0.00,0.00,D,0.00,12.00,12.00,12.00,1.05,^,0.00,,14.30,12.30,504,213.19,47.7,1,0,0.00,0.00,0.00,12.00,0.00,0.00,0,0,0.00,0
2026-05-01 17:50:28,1706.65,0,0,0,0,0,0,0,0.00,0,0.00,5.13,2.45,0.00,0.00,D,0.00,12.00,12.00,12.00,1.03,^,0.00,,15.00,12.40,504,214.19,46.6,1,0,0.00,0.00,0.00,12.00,0.00,0.00,0,0,0.00,0
2026-05-01 17:50:30,1707.66,0,0,0,0,0,0,0,0.00,0,0.00,5.13,2.45,0.00,0.00,D,0.00,12.00,12.00,12.00,1.03,^,0.00,,19.40,12.30,504,215.21,46.6,1,0,0.00,0.00,0.00,12.00,0.00,0.00,0,0,0.00,0
2026-05-01 17:50:31,1708.67,0,0,0,0,0,0,0,0.00,0,0.00,5.13,2.45,0.00,0.00,D,0.00,12.00,12.00,12.00,1.05,^,0.00,,15.90,12.30,504,216.22,45.5,1,0,0.00,0.00,0.00,12.00,0.00,0.00,0,0,0.00,0
2026-05-01 17:50:32,1709.68,0,0,0,0,0,0,0,0.00,0,0.00,5.13,2.45,0.00,0.00,D,0.00,12.00,12.00,12.00,1.03,^,0.00,,14.90,12.40,504,217.22,46.6,1,0,0.00,0.00,0.00,12.00,0.00,0.00,0,0,0.00,0
2026-05-01 17:50:33,1710.69,0,0,0,0,0,0,0,0.00,0,0.00,5.13,2.45,0.00,0.00,D,0.00,12.00,12.00,12.00,1.01,^,0.00,,14.20,12.30,504,218.23,47.2,1,0,0.00,0.00,0.00,12.00,0.00,0.00,0,0,0.00,0
2026-05-01 17:50:34,1711.80,0,0,0,0,0,0,0,0.00,0,0.00,5.13,2.45,0.00,0.00,D,0.00,12.00,12.00,12.00,1.01,^,0.00,,13.50,12.30,504,219.34,46.1,1,0,0.00,0.00,0.00,12.00,0.00,0.00,0,0,0.00,0
2026-05-01 17:50:35,1712.70,0,0,0,0,0,0,0,0.00,0,0.00,5.13,2.45,0.00,0.00,D,0.00,12.00,12.00,12.00,1.01,^,0.00,,13.90,12.40,504,220.25,46.6,1,0,0.00,0.00,0.00,12.00,0.00,0.00,0,0,0.00,0
2026-05-01 17:50:36,1713.71,0,0,0,0,0,0,0,0.00,0,0.00,5.13,2.44,0.00,0.00,D,0.00,12.00,12.00,12.00,1.00,^,0.00,,14.40,12.30,504,221.26,46.6,1,0,0.00,0.00,0.00,12.00,0.00,0.00,0,0,0.00,0
2026-05-01 17:50:37,1714.72,0,0,0,0,0,0,0,0.00,0,0.00,5.13,2.44,0.00,0.00,D,0.00,12.00,12.00,12.00,1.00,^,0.00,,13.80,12.30,504,222.26,47.2,1,0,0.00,0.00,0.00,12.00,0.00,0.00,0,0,0.00,0
2026-05-01 17:50:38,1715.83,0,0,0,0,0,0,0,0.00,0,0.00,5.13,2.44,0.00,0.00,D,0.00,12.00,12.00,12.00,1.00,^,0.00,,15.00,12.30,504,223.37,47.2,1,0,0.00,0.00,0.00,12.00,0.00,0.00,0,0,0.00,0
2026-05-01 17:50:39,1716.73,0,0,0,0,0,0,0,0.00,0,0.00,5.13,2.44,0.00,0.00,D,0.00,12.00,12.00,12.00,1.02,^,0.00,,14.90,12.30,504,224.27,46.6,1,0,0.00,0.00,0.00,12.00,0.00,0.00,0,0,0.00,0
2026-05-01 17:50:40,1717.84,0,0,0,0,0,0,0,0.00,0,0.00,5.13,2.44,0.00,0.00,D,0.00,12.00,12.00,12.00,1.21,^,0.00,,13.50,12.30,504,225.38,47.7,1,0,0.00,0.00,0.00,12.00,0.00,0.00,0,0,0.00,0
2026-05-01 17:50:41,1718.75,0,0,0,0,0,0,0,0.00,0,0.00,5.13,2.44,0.00,0.00,D,0.00,12.00,12.00,12.00,1.27,^,0.00,,14.00,12.30,504,226.29,46.6,1,0,0.00,0.00,0.00,12.00,0.00,0.00,0,0,0.00,0
2026-05-01 17:50:42,1719.76,0,0,0,0,0,0,0,0.00,0,0.00,5.13,2.44,0.00,0.00,D,0.00,12.00,12.00,12.00,1.47,^,0.00,,14.60,12.30,504,227.30,47.2,1,0,0.00,0.00,0.00,12.00,0.00,0.00,0,0,0.00,0
2026-05-01 17:50:43,1720.77,0,0,0,0,0,0,0,0.00,0,0.00,5.13,2.43,0.00,0.00,D,0.00,12.00,12.00,12.00,1.28,^,0.00,,14.00,12.30,504,228.31,47.7,1,0,0.00,0.00,0.00,12.00,0.00,0.00,0,0,0.00,0
2026-05-01 17:50:44,1721.78,0,0,0,0,0,0,0,0.00,0,0.00,5.13,2.43,0.00,0.00,D,0.00,12.00,12.00,12.00,1.18,^,0.00,,14.40,12.30,504,229.33,46.6,1,0,0.00,0.00,0.00,12.00,0.00,0.00,0,0,0.00,0
2026-05-01 17:50:45,1722.80,0,0,0,0,0,0,0,0.00,0,0.00,5.13,2.43,0.00,0.00,D,0.00,12.00,12.00,12.00,0.96,^,0.00,,15.40,12.30,504,230.34,47.2,1,0,0.00,0.00,0.00,12.00,0.00,0.00,0,0,0.00,0
2026-05-01 17:50:46,1723.81,0,0,0,0,0,0,0,0.00,0,0.00,5.13,2.43,0.00,0.00,D,0.00,12.00,0.82,12.00,0.93,^,0.00,,13.80,12.30,504,231.35,46.6,1,0,0.00,0.00,0.00,12.00,0.00,0.00,0,0,0.00,0
2026-05-01 17:50:47,1724.82,0,0,0,0,0,0,0,0.00,0,0.00,5.13,2.43,0.00,0.00,D,0.00,12.00,0.86,12.00,0.98,^,0.00,,13.90,12.30,504,232.37,45.5,1,0,0.00,0.00,0.00,12.00,0.00,0.00,0,0,0.00,0
2026-05-01 17:50:48,1725.84,0,0,0,0,0,0,0,0.00,0,0.00,5.13,2.43,0.00,0.00,D,0.00,12.00,0.88,12.00,1.00,^,0.00,,14.40,12.30,504,233.38,46.6,1,0,0.00,0.00,0.00,12.00,0.00,0.00,0,0,0.00,0
2026-05-01 17:50:49,1726.85,0,0,0,0,0,0,0,0.00,0,0.00,5.13,2.43,0.00,0.00,D,0.00,12.00,0.87,12.00,1.00,^,0.00,,13.70,12.30,504,234.39,47.2,1,0,0.00,0.00,0.00,12.00,0.00,0.00,0,0,0.00,0
2026-05-01 17:50:50,1727.86,0,0,0,0,0,0,0,0.00,0,0.00,5.13,2.42,0.00,0.00,D,0.00,12.00,12.00,12.00,0.99,^,0.00,,14.10,12.30,504,235.40,46.1,1,0,0.00,0.00,0.00,12.00,0.00,0.00,0,0,0.00,0
2026-05-01 17:50:51,1728.88,0,0,0,0,0,0,0,0.00,0,0.00,5.13,2.42,0.00,0.00,D,0.00,12.00,0.97,12.00,1.08,^,0.00,,15.20,12.30,504,236.42,48.3,1,0,0.00,0.00,0.00,12.00,0.00,0.00,0,0,0.00,0
2026-05-01 17:50:52,1729.88,0,0,0,0,0,0,0,0.00,0,0.00,5.13,2.42,0.00,0.00,D,0.00,12.00,12.00,12.00,1.23,^,0.00,,13.10,12.30,504,237.42,47.2,1,0,0.00,0.00,0.00,12.00,0.00,0.00,0,0,0.00,0
2026-05-01 17:50:53,1730.89,0,0,0,0,0,0,0,0.00,0,0.00,5.13,2.42,0.00,0.00,D,0.00,12.00,12.00,12.00,1.34,^,0.00,,14.20,12.30,504,238.43,46.6,1,0,0.00,0.00,0.00,12.00,0.00,0.00,0,0,0.00,0
2026-05-01 17:50:54,1731.90,0,0,0,0,0,0,0,0.00,0,0.00,5.13,2.42,0.00,0.00,D,0.00,12.00,12.00,12.00,1.09,^,0.00,,14.30,12.30,504,239.44,47.2,1,0,0.00,0.00,0.00,12.00,0.00,0.00,0,0,0.00,0
2026-05-01 17:50:55,1732.92,0,0,0,0,0,0,0,0.00,0,0.00,5.13,2.42,0.00,0.00,D,0.00,12.00,12.00,12.00,1.12,^,0.00,,13.90,12.30,504,240.46,47.7,1,0,0.00,0.00,0.00,12.00,0.00,0.00,0,0,0.00,0
2026-05-01 17:50:56,1733.93,0,0,0,0,0,0,0,0.00,0,0.00,5.13,2.42,0.00,0.00,D,0.00,12.00,12.00,12.00,1.16,^,0.00,,14.60,12.30,504,241.47,47.2,1,0,0.00,0.00,0.00,12.00,0.00,0.00,0,0,0.00,0
2026-05-01 17:50:57,1734.94,0,0,0,0,0,0,0,0.00,0,0.00,5.13,2.41,0.00,0.00,D,0.00,12.00,12.00,12.00,1.10,^,0.00,,14.40,12.30,504,242.48,47.7,1,0,0.00,0.00,0.00,12.00,0.00,0.00,0,0,0.00,0
2026-05-01 17:50:58,1736.05,0,0,0,0,0,0,0,0.00,0,0.00,5.13,2.41,0.00,0.00,D,0.00,12.00,12.00,12.00,1.12,^,0.00,,12.80,12.30,504,243.60,47.2,1,0,0.00,0.00,0.00,12.00,0.00,0.00,0,0,0.00,0
2026-05-01 17:50:59,1736.96,0,0,0,0,0,0,0,0.00,0,0.00,5.13,2.41,0.00,0.00,D,0.00,12.00,12.00,12.00,1.16,^,0.00,,13.50,12.30,504,244.50,47.7,1,0,0.00,0.00,0.00,12.00,0.00,0.00,0,0,0.00,0
2026-05-01 17:51:00,1737.97,0,0,0,0,0,0,0,0.00,0,0.00,5.13,2.41,0.00,0.00,D,0.00,12.00,12.00,12.00,1.15,^,0.00,,15.50,12.30,504,245.51,47.2,1,0,0.00,0.00,0.00,12.00,0.00,0.00,0,0,0.00,0
2026-05-01 17:51:01,1738.98,0,0,0,0,0,0,0,0.00,0,0.00,5.13,2.41,0.00,0.00,D,0.00,12.00,12.00,12.00,1.15,^,0.00,,13.90,12.30,504,246.52,47.2,1,0,0.00,0.00,0.00,12.00,0.00,0.00,0,0,0.00,0
2026-05-01 17:51:02,1739.99,0,0,0,0,0,0,0,0.00,0,0.00,5.13,2.41,0.00,0.00,D,0.00,12.00,12.00,12.00,1.16,^,0.00,,13.70,12.30,504,247.53,46.1,1,0,0.00,0.00,0.00,12.00,0.00,0.00,0,0,0.00,0
2026-05-01 17:51:03,1741.00,0,0,0,0,0,0,0,0.00,0,0.00,5.13,2.41,0.00,0.00,D,0.00,12.00,12.00,12.00,1.12,^,0.00,,14.40,12.30,504,248.54,47.2,1,0,0.00,0.00,0.00,12.00,0.00,0.00,0,0,0.00,0
2026-05-01 17:51:04,1742.01,0,0,0,0,0,0,0,0.00,0,0.00,5.13,2.40,0.00,0.00,D,0.00,12.00,12.00,12.00,1.14,^,0.00,,12.60,12.30,504,249.56,45.5,1,0,0.00,0.00,0.00,12.00,0.00,0.00,0,0,0.00,0
2026-05-01 17:51:05,1743.03,0,0,0,0,0,0,0,0.00,0,0.00,5.13,2.40,0.00,0.00,D,0.00,12.00,12.00,12.00,1.15,^,0.00,,14.60,12.30,504,250.57,46.6,1,0,0.00,0.00,0.00,12.00,0.00,0.00,0,0,0.00,0
2026-05-01 17:51:06,1744.14,0,0,0,0,0,0,0,0.00,0,0.00,5.13,2.40,0.00,0.00,D,0.00,12.00,12.00,12.00,1.16,^,0.00,,13.60,12.30,504,251.68,46.1,1,0,0.00,0.00,0.00,12.00,0.00,0.00,0,0,0.00,0
2026-05-01 17:51:07,1745.05,0,0,0,0,0,0,0,0.00,0,0.00,5.13,2.40,0.00,0.00,D,0.00,12.00,12.00,12.00,1.15,^,0.00,,13.50,12.30,504,252.59,46.6,1,0,0.00,0.00,0.00,12.00,0.00,0.00,0,0,0.00,0
2026-05-01 17:51:08,1746.06,0,0,0,0,0,0,0,0.00,0,0.00,5.13,2.40,0.00,0.00,D,0.00,12.00,12.00,12.00,1.18,^,0.00,,14.10,12.30,504,253.60,47.2,1,0,0.00,0.00,0.00,12.00,0.00,0.00,0,0,0.00,0
2026-05-01 17:51:09,1747.07,0,0,0,0,0,0,0,0.00,0,0.00,5.13,2.40,0.00,0.00,D,0.00,12.00,2.09,12.00,1.14,^,0.00,,13.90,12.30,504,254.62,47.7,1,0,0.00,0.00,0.00,12.00,0.00,0.00,0,0,0.00,0
2026-05-01 17:51:10,1748.09,0,0,0,0,0,0,0,0.00,0,0.00,5.13,2.40,0.00,0.00,D,0.00,12.00,12.00,12.00,1.12,^,0.00,,13.30,12.30,504,255.63,46.1,1,0,0.00,0.00,0.00,12.00,0.00,0.00,0,0,0.00,0
2026-05-01 17:51:11,1749.10,0,0,0,0,0,0,0,0.00,0,0.00,5.13,2.39,0.00,0.00,D,0.00,12.00,12.00,12.00,0.92,^,0.00,,15.00,12.30,504,256.64,46.6,1,0,0.00,0.00,0.00,12.00,0.00,0.00,0,0,0.00,0
2026-05-01 17:51:12,1750.11,0,0,0,0,0,0,0,0.00,0,0.00,5.13,2.39,0.00,0.00,D,0.00,12.00,12.00,12.00,0.76,^,0.00,,13.80,12.30,504,257.66,47.7,1,0,0.00,0.00,0.00,12.00,0.00,0.00,0,0,0.00,0
2026-05-01 17:51:13,1751.13,0,0,0,0,0,0,0,0.00,0,0.00,5.13,2.39,0.00,0.00,D,0.00,12.00,12.00,12.00,0.73,^,0.00,,14.00,12.30,504,258.67,46.1,1,0,0.00,0.00,0.00,12.00,0.00,0.00,0,0,0.00,0
2026-05-01 17:51:14,1752.14,0,0,0,0,0,0,0,0.00,0,0.00,5.13,2.39,0.00,0.00,D,0.00,12.00,12.00,12.00,1.06,^,0.00,,13.80,12.30,504,259.68,47.7,1,0,0.00,0.00,0.00,12.00,0.00,0.00,0,0,0.00,0
2026-05-01 17:51:15,1753.15,0,0,0,0,0,0,0,0.00,0,0.00,5.13,2.39,0.00,0.00,D,0.00,12.00,12.00,12.00,1.12,^,0.00,,14.00,12.30,504,260.69,47.2,1,0,0.00,0.00,0.00,12.00,0.00,0.00,0,0,0.00,0
2026-05-01 17:51:16,1754.16,0,0,0,0,0,0,0,0.00,0,0.00,5.13,2.39,0.00,0.00,D,0.00,12.00,12.00,12.00,0.73,^,0.00,,13.80,12.30,504,261.70,47.7,1,0,0.00,0.00,0.00,12.00,0.00,0.00,0,0,0.00,0
2026-05-01 17:51:17,1755.17,0,0,0,0,0,0,0,0.00,0,0.00,5.13,2.39,0.00,0.00,D,0.00,12.00,12.00,12.00,1.09,^,0.00,,14.00,12.30,504,262.71,47.2,1,0,0.00,0.00,0.00,12.00,0.00,0.00,0,0,0.00,0
2026-05-01 17:51:18,1756.18,0,0,0,0,0,0,0,0.00,0,0.00,5.13,2.39,0.00,0.00,D,0.00,12.00,12.00,12.00,1.10,^,0.00,,13.50,12.30,504,263.72,48.3,1,0,0.00,0.00,0.00,12.00,0.00,0.00,0,0,0.00,0
2026-05-01 17:51:19,1757.19,0,0,0,0,0,0,0,0.00,0,0.00,5.13,2.38,0.00,0.00,D,0.00,12.00,12.00,12.00,1.07,^,0.00,,14.90,12.30,504,264.73,47.7,1,0,0.00,0.00,0.00,12.00,0.00,0.00,0,0,0.00,0
2026-05-01 17:51:20,1758.20,0,0,0,0,0,0,0,0.00,0,0.00,5.13,2.38,0.00,0.00,D,0.00,12.00,12.00,12.00,1.03,^,0.00,,14.20,12.30,504,265.74,47.7,1,0,0.00,0.00,0.00,12.00,0.00,0.00,0,0,0.00,0
2026-05-01 17:51:21,1759.21,0,0,0,0,0,0,0,0.00,0,0.00,5.13,2.38,0.00,0.00,D,0.00,12.00,12.00,12.00,0.81,^,0.00,,13.90,12.30,504,266.76,47.2,1,0,0.00,0.00,0.00,12.00,0.00,0.00,0,0,0.00,0
2026-05-01 17:51:22,1760.33,0,0,0,0,0,0,0,0.00,0,0.00,5.13,2.38,0.00,0.00,D,0.00,12.00,12.00,12.00,0.37,^,0.00,,13.50,12.30,504,267.87,46.6,1,0,0.00,0.00,0.00,12.00,0.00,0.00,0,0,0.00,0
2026-05-01 17:51:23,1761.23,0,0,0,0,0,0,0,0.00,0,0.00,5.13,2.38,0.00,0.00,D,0.00,12.00,12.00,0.37,0.31,^,0.00,,14.60,12.30,504,268.77,45.5,1,0,0.00,0.00,0.00,12.00,0.00,0.00,0,0,0.00,0
2026-05-01 17:51:24,1762.25,0,0,0,0,0,0,0,0.00,0,0.00,5.13,2.38,0.00,0.00,D,0.00,12.00,0.55,0.38,0.35,^,0.00,,13.90,12.30,504,269.79,45.5,1,0,0.00,0.00,0.00,12.00,0.00,0.00,0,0,0.00,0
2026-05-01 17:51:25,1763.26,0,0,0,0,0,0,0,0.00,0,0.00,5.13,2.38,0.00,0.00,D,0.00,12.00,0.67,12.00,0.34,^,0.00,,13.50,12.30,504,270.80,47.2,1,0,0.00,0.00,0.00,12.00,0.00,0.00,0,0,0.00,0
2026-05-01 17:51:26,1764.27,0,0,0,0,0,0,0,0.00,0,0.00,5.13,2.37,0.00,0.00,D,0.00,12.00,0.66,12.00,0.51,^,0.00,,14.10,12.30,504,271.81,47.2,1,0,0.00,0.00,0.00,12.00,0.00,0.00,0,0,0.00,0
2026-05-01 17:51:27,1765.28,0,0,0,0,0,0,0,0.00,0,0.00,5.13,2.37,0.00,0.00,D,0.00,12.00,0.62,12.00,0.88,^,0.00,,13.60,12.30,504,272.83,47.2,1,0,0.00,0.00,0.00,12.00,0.00,0.00,0,0,0.00,0
2026-05-01 17:51:28,1766.30,0,0,0,0,0,0,0,0.00,0,0.00,5.13,2.37,0.00,0.00,D,0.00,12.00,12.00,12.00,0.95,^,0.00,,13.10,12.40,504,273.84,46.6,1,0,0.00,0.00,0.00,12.00,0.00,0.00,0,0,0.00,0
2026-05-01 17:51:29,1767.31,0,0,0,0,0,0,0,0.00,0,0.00,5.13,2.37,0.00,0.00,D,0.00,12.00,12.00,12.00,0.94,^,0.00,,12.10,12.40,504,274.85,46.6,1,0,0.00,0.00,0.00,12.00,0.00,0.00,0,0,0.00,0
2026-05-01 17:51:30,1768.32,0,0,0,0,0,0,0,0.00,0,0.00,5.13,2.37,0.00,0.00,D,0.00,12.00,12.00,12.00,0.75,^,0.00,,11.90,12.40,504,275.86,47.7,1,0,0.00,0.00,0.00,12.00,0.00,0.00,0,0,0.00,0
2026-05-01 17:51:31,1769.33,0,0,0,0,0,0,0,0.00,0,0.00,5.13,2.37,0.00,0.00,D,0.00,12.00,12.00,12.00,0.72,^,0.00,,11.00,12.40,504,276.87,48.3,1,0,0.00,0.00,0.00,12.00,0.00,0.00,0,0,0.00,0
2026-05-01 17:51:32,1770.44,0,0,0,0,0,0,0,0.00,0,0.00,5.13,2.37,0.00,0.00,D,0.00,12.00,12.00,12.00,1.09,^,0.00,,12.70,12.40,504,277.98,48.3,1,0,0.00,0.00,0.00,12.00,0.00,0.00,0,0,0.00,0
2026-05-01 17:51:33,1771.34,0,0,0,0,0,0,0,0.00,0,0.00,5.13,2.36,0.00,0.00,D,0.00,12.00,12.00,12.00,0.78,^,0.00,,12.80,12.40,504,278.88,47.2,1,0,0.00,0.00,0.00,12.00,0.00,0.00,0,0,0.00,0
2026-05-01 17:51:34,1772.45,0,0,0,0,0,0,0,0.00,0,0.00,5.13,2.36,0.00,0.00,D,0.00,12.00,12.00,12.00,1.06,^,0.00,,13.70,12.30,504,280.00,47.7,1,0,0.00,0.00,0.00,12.00,0.00,0.00,0,0,0.00,0
2026-05-01 17:51:35,1773.36,0,0,0,0,0,0,0,0.00,0,0.00,5.13,2.36,0.00,0.00,D,0.00,12.00,0.52,12.00,1.03,^,0.00,,14.20,12.30,504,280.90,48.3,1,0,0.00,0.00,0.00,12.00,0.00,0.00,0,0,0.00,0
2026-05-01 17:51:36,1774.47,0,0,0,0,0,0,0,0.00,0,0.00,5.13,2.36,0.00,0.00,D,0.00,12.00,0.85,12.00,1.02,^,0.00,,13.80,12.30,504,282.01,46.6,1,0,0.00,0.00,0.00,12.00,0.00,0.00,0,0,0.00,0
2026-05-01 17:51:37,1775.37,0,0,0,0,0,0,0,0.00,0,0.00,5.13,2.36,0.00,0.00,D,0.00,12.00,0.87,12.00,0.70,^,0.00,,13.90,12.30,504,282.92,46.1,1,0,0.00,0.00,0.00,12.00,0.00,0.00,0,0,0.00,0
2026-05-01 17:51:38,1776.49,0,0,0,0,0,0,0,0.00,0,0.00,5.13,2.36,0.00,0.00,D,0.00,12.00,0.73,12.00,0.53,^,0.00,,14.20,12.30,504,284.03,47.2,1,0,0.00,0.00,0.00,12.00,0.00,0.00,0,0,0.00,0
2026-05-01 17:51:39,1777.39,0,0,0,0,0,0,0,0.00,0,0.00,5.13,2.36,0.00,0.00,D,0.00,12.00,0.77,12.00,0.56,^,0.00,,14.60,12.30,504,284.93,47.7,1,0,0.00,0.00,0.00,12.00,0.00,0.00,0,0,0.00,0
2026-05-01 17:51:40,1778.41,0,0,0,0,0,0,0,0.00,0,0.00,5.13,2.36,0.00,0.00,D,0.00,12.00,0.74,12.00,0.56,^,0.00,,13.90,12.30,504,285.95,47.7,1,0,0.00,0.00,0.00,12.00,0.00,0.00,0,0,0.00,0
2026-05-01 17:51:41,1779.42,0,0,0,0,0,0,0,0.00,0,0.00,5.13,2.35,0.00,0.00,D,0.00,12.00,0.77,12.00,0.55,^,0.00,,14.80,12.30,504,286.96,46.1,1,0,0.00,0.00,0.00,12.00,0.00,0.00,0,0,0.00,0
2026-05-01 17:51:42,1780.43,0,0,0,0,0,0,0,0.00,0,0.00,5.13,2.35,0.00,0.00,D,0.00,12.00,0.78,12.00,0.52,^,0.00,,14.10,12.30,504,287.97,47.7,1,0,0.00,0.00,0.00,12.00,0.00,0.00,0,0,0.00,0
2026-05-01 17:51:43,1781.45,0,0,0,0,0,0,0,0.00,0,0.00,5.13,2.35,0.00,0.00,D,0.00,12.00,0.84,12.00,0.31,^,0.00,,13.50,12.30,504,288.99,46.6,1,0,0.00,0.00,0.00,12.00,0.00,0.00,0,0,0.00,0
2026-05-01 17:51:44,1782.46,0,0,0,0,0,0,0,0.00,0,0.00,5.13,2.35,0.00,0.00,D,0.00,1.16,0.84,12.00,0.24,WARN_WARNING,0.00,,15.30,12.30,504,290.00,48.3,1,0,0.00,0.00,0.00,1.16,0.00,0.00,0,0,0.00,0
2026-05-01 17:51:45,1783.48,0,0,0,0,0,0,0,0.00,0,0.00,5.13,2.35,0.00,0.00,D,0.00,1.25,0.89,12.00,0.24,^,0.00,,13.70,12.30,504,291.02,46.6,1,0,0.00,0.00,0.00,1.25,0.00,0.00,0,0,0.00,0
2026-05-01 17:51:46,1784.49,0,0,0,0,0,0,0,0.00,0,0.00,5.13,2.35,0.00,0.00,D,0.00,0.85,0.81,12.00,0.26,WARN_WARNING,0.00,,15.90,12.30,504,292.03,46.1,1,0,0.00,0.00,0.00,0.85,0.00,0.00,0,0,0.00,0
2026-05-01 17:51:47,1785.50,0,0,0,0,0,0,0,0.00,0,0.00,5.13,2.35,0.00,0.00,D,0.00,0.71,0.72,12.00,0.26,WARN_WARNING,0.00,,12.60,12.30,504,293.04,47.7,1,0,0.00,0.00,0.00,0.71,0.00,0.00,0,0,0.00,0
2026-05-01 17:51:48,1786.51,0,0,0,0,0,0,0,0.00,0,0.00,5.13,2.34,0.00,0.00,D,0.00,0.73,0.73,12.00,0.26,WARN_WARNING,0.00,,11.90,12.40,504,294.05,48.3,1,0,0.00,0.00,0.00,0.73,0.00,0.00,0,0,0.00,0
2026-05-01 17:51:49,1787.52,0,0,0,0,0,0,0,0.00,1,0.00,5.13,2.34,0.00,0.00,D,0.00,0.06,0.11,12.00,0.23,STOP_WARNING,0.00,aeb_stop,12.20,12.40,504,295.06,48.3,1,1,0.00,0.00,0.00,0.06,0.00,0.00,0,0,0.00,0
2026-05-01 17:51:50,1788.53,0,0,0,0,0,0,0,0.00,1,0.00,5.13,2.34,0.00,0.00,D,0.00,0.06,0.06,12.00,0.22,STOP_WARNING,0.00,aeb_stop,13.10,12.40,504,296.08,47.2,1,1,0.00,0.00,0.00,0.06,0.00,0.00,0,0,0.00,0
2026-05-01 17:51:51,1789.55,0,0,0,0,0,0,0,0.00,1,0.00,5.13,2.34,0.00,0.00,D,0.00,0.06,0.10,12.00,0.21,STOP_WARNING,0.00,aeb_stop,11.70,12.40,504,297.09,48.3,1,1,0.00,0.00,0.00,0.06,0.00,0.00,0,0,0.00,0
2026-05-01 17:51:52,1790.55,0,0,0,0,0,0,0,0.00,1,0.00,5.13,2.34,0.00,0.00,D,0.00,12.00,0.78,12.00,0.22,^,0.00,,14.70,12.30,504,298.10,46.6,1,0,0.00,0.00,0.00,12.00,0.00,0.00,0,0,0.00,0
2026-05-01 17:51:53,1791.57,0,0,0,0,0,0,0,0.00,1,0.00,5.13,2.34,0.00,0.00,D,0.00,12.00,0.79,12.00,0.20,^,0.00,,14.60,12.40,504,299.11,47.7,1,0,0.00,0.00,0.00,12.00,0.00,0.00,0,0,0.00,0
2026-05-01 17:51:54,1792.58,0,0,0,0,0,0,0,0.00,1,0.00,5.13,2.34,0.00,0.00,D,0.00,12.00,0.80,12.00,0.18,^,0.00,,14.40,12.40,504,300.12,48.3,1,0,0.00,0.00,0.00,12.00,0.00,0.00,0,0,0.00,0
2026-05-01 17:51:55,1793.59,0,0,0,0,0,0,0,0.00,1,0.00,5.13,2.34,0.00,0.00,D,0.00,0.84,0.79,12.00,0.20,WARN_WARNING,0.00,,14.80,12.30,504,301.13,46.6,1,0,0.00,0.00,0.00,0.84,0.00,0.00,0,0,0.00,0
2026-05-01 17:51:56,1794.61,0,0,0,0,0,0,0,0.00,1,0.00,5.13,2.33,0.00,0.00,D,0.00,1.15,0.83,12.00,0.29,WARN_WARNING,0.00,,14.20,12.40,504,302.15,46.6,1,0,0.00,0.00,0.00,1.15,0.00,0.00,0,0,0.00,0
2026-05-01 17:51:57,1795.62,0,0,0,0,0,0,0,0.00,1,0.00,5.13,2.33,0.00,0.00,D,0.00,12.00,0.75,0.44,0.52,^,0.00,,14.60,12.30,504,303.16,47.2,1,0,0.00,0.00,0.00,12.00,0.00,0.00,0,0,0.00,0
2026-05-01 17:51:59,1796.73,0,0,0,0,0,0,0,0.00,1,0.00,5.13,2.33,0.00,0.00,D,0.00,12.00,0.74,0.46,0.46,^,0.00,,14.60,12.30,504,304.27,47.7,1,0,0.00,0.00,0.00,12.00,0.00,0.00,0,0,0.00,0
2026-05-01 17:51:59,1797.63,0,0,0,0,0,0,0,0.00,1,0.00,5.13,2.33,0.00,0.00,D,0.00,0.05,0.72,0.07,0.40,STOP_WARNING,0.00,aeb_stop,14.90,12.30,504,305.18,47.7,1,1,0.00,0.00,0.00,0.05,0.00,0.00,0,0,0.00,0
2026-05-01 17:52:00,1798.65,0,0,0,0,0,0,0,0.00,1,0.00,5.13,2.33,0.00,0.00,D,0.00,12.00,0.71,0.10,0.41,^,0.00,,14.00,12.30,504,306.19,46.6,1,0,0.00,0.00,0.00,12.00,0.00,0.00,0,0,0.00,0
2026-05-01 17:52:02,1799.66,0,0,0,0,0,0,0,0.00,1,0.00,5.13,2.33,0.00,0.00,D,0.00,12.00,0.75,0.47,0.26,^,0.00,,14.20,12.30,504,307.20,46.1,1,0,0.00,0.00,0.00,12.00,0.00,0.00,0,0,0.00,0
2026-05-01 17:52:03,1800.67,0,0,0,0,0,0,0,0.00,1,0.00,5.13,2.33,0.00,0.00,D,0.00,0.07,0.10,0.47,0.41,STOP_WARNING,0.00,aeb_stop,14.80,12.30,504,0.08,47.7,1,1,0.00,0.00,0.00,0.07,0.00,0.00,0,0,0.00,0
2026-05-01 17:52:04,1801.68,0,0,0,0,0,0,0,0.00,1,0.00,5.13,2.32,0.00,0.00,D,0.00,0.05,0.06,0.46,0.05,STOP_WARNING,0.00,aeb_stop,14.00,12.30,504,0.86,47.2,1,1,0.00,0.00,0.00,0.05,0.00,0.00,0,0,0.00,0
2026-05-01 17:52:05,1802.70,0,0,0,0,0,0,0,0.00,1,0.00,5.13,2.32,0.00,0.00,D,0.00,12.00,0.04,0.46,0.04,^,0.00,,14.80,12.30,504,1.88,47.7,1,0,0.00,0.00,0.00,12.00,0.00,0.00,0,0,0.00,0
2026-05-01 17:52:06,1803.71,0,0,0,0,0,0,0,0.00,1,0.00,5.13,2.32,0.00,0.00,D,0.00,0.08,0.08,0.46,0.40,STOP_WARNING,0.00,aeb_stop,14.20,12.30,504,2.89,48.3,1,1,0.00,0.00,0.00,0.08,0.00,0.00,0,0,0.00,0
2026-05-01 17:52:07,1804.71,0,0,0,0,0,0,0,0.00,1,0.00,5.13,2.32,0.00,0.00,D,0.00,12.00,0.71,0.46,0.40,^,0.00,,13.90,12.30,504,3.89,47.2,1,0,0.00,0.00,0.00,12.00,0.00,0.00,0,0,0.00,0
2026-05-01 17:52:08,1805.72,0,0,0,0,0,0,0,0.00,1,0.00,5.13,2.32,0.00,0.00,D,0.00,12.00,0.72,0.39,0.49,^,0.00,,13.90,12.30,504,4.90,46.6,1,0,0.00,0.00,0.00,12.00,0.00,0.00,0,0,0.00,0
2026-05-01 17:52:09,1806.73,0,0,0,0,0,0,0,0.00,1,0.00,5.13,2.32,0.00,0.00,D,0.00,12.00,0.72,0.40,0.41,^,0.00,,14.40,12.30,504,5.91,47.7,1,0,0.00,0.00,0.00,12.00,0.00,0.00,0,0,0.00,0
2026-05-01 17:52:10,1807.75,0,0,0,0,0,0,0,0.00,1,0.00,5.13,2.32,0.00,0.00,D,0.00,12.00,0.73,0.41,0.43,^,0.00,,13.90,12.30,504,6.92,48.3,1,0,0.00,0.00,0.00,12.00,0.00,0.00,0,0,0.00,0
2026-05-01 17:52:11,1808.76,0,0,0,0,0,0,0,0.00,1,0.00,5.13,2.32,0.00,0.00,D,0.00,12.00,0.76,0.40,0.44,^,0.00,,14.80,12.30,504,7.94,46.6,1,0,0.00,0.00,0.00,12.00,0.00,0.00,0,0,0.00,0
2026-05-01 17:52:12,1809.77,0,0,0,0,0,0,0,0.00,1,0.00,5.13,2.31,0.00,0.00,D,0.00,12.00,0.78,0.28,0.30,^,0.00,,14.20,12.30,504,8.95,46.1,1,0,0.00,0.00,0.00,12.00,0.00,0.00,0,0,0.00,0
2026-05-01 17:52:13,1810.78,0,0,0,0,0,0,0,0.00,1,0.00,5.13,2.31,0.00,0.00,D,0.00,12.00,0.76,0.26,0.07,^,0.00,,14.00,12.30,504,9.96,47.2,1,0,0.00,0.00,0.00,12.00,0.00,0.00,0,0,0.00,0
2026-05-01 17:52:14,1811.79,0,0,0,0,0,0,0,0.00,1,0.00,5.13,2.31,0.00,0.00,D,0.00,12.00,0.82,0.25,0.26,^,0.00,,15.00,12.30,504,10.97,47.7,1,0,0.00,0.00,0.00,12.00,0.00,0.00,0,0,0.00,0
2026-05-01 17:52:15,1812.91,0,0,0,0,0,0,0,0.00,1,0.00,5.13,2.31,0.00,0.00,D,0.00,12.00,0.84,12.00,0.34,^,0.00,,13.70,12.40,504,12.08,47.7,1,0,0.00,0.00,0.00,12.00,0.00,0.00,0,0,0.00,0
2026-05-01 17:52:16,1813.81,0,0,0,0,0,0,0,0.00,1,0.00,5.13,2.31,0.00,0.00,D,0.00,12.00,0.79,12.00,0.64,^,0.00,,14.20,12.40,504,0.71,47.2,1,0,0.00,0.00,0.00,12.00,0.00,0.00,0,0,0.00,0
2026-05-01 17:52:17,1814.82,0,0,0,0,0,0,0,0.00,0,0.00,5.13,2.31,0.00,0.00,D,0.00,12.00,0.78,12.00,0.63,^,0.00,,15.30,12.40,504,1.73,47.2,1,0,0.00,0.00,0.00,12.00,0.00,0.00,0,0,0.00,0
2026-05-01 17:52:18,1815.83,0,0,0,0,0,0,0,0.92,0,1.00,5.13,2.31,0.00,0.18,D,0.00,12.00,0.80,12.00,0.61,^,0.00,,15.40,12.40,504,2.74,47.7,1,0,0.00,0.00,0.00,12.00,0.00,0.00,0,0,0.00,0
2026-05-01 17:52:19,1816.84,0,0,0,0,0,0,0,-0.25,0,1.00,5.13,2.31,0.37,0.68,D,0.00,12.00,0.86,12.00,0.63,^,0.00,,14.40,12.40,504,0.00,47.2,1,0,0.00,0.00,0.00,12.00,0.00,0.00,0,0,0.00,0
2026-05-01 17:52:20,1817.86,0,0,0,0,0,0,0,-0.21,0,0.98,5.13,2.30,2.09,0.66,D,0.00,12.00,0.82,12.00,0.94,^,0.00,,17.60,12.40,504,0.00,47.7,1,0,0.00,0.00,0.00,12.00,0.00,0.00,0,0,0.00,0
2026-05-01 17:52:21,1818.87,0,0,0,0,0,0,0,0.00,0,0.00,5.13,2.31,2.37,0.50,D,0.00,12.00,12.00,12.00,1.17,^,0.00,,15.90,12.40,504,0.00,48.3,1,0,0.00,0.00,0.00,12.00,0.00,0.00,0,0,0.00,0
2026-05-01 17:52:22,1819.88,1,0,0,0,0,0,0,-0.02,0,1.00,5.13,2.30,1.28,0.57,D,0.00,12.00,12.00,12.00,1.38,^,-0.91,,13.30,12.30,504,0.00,47.7,1,0,0.00,0.00,0.00,12.00,-0.02,1.00,0,0,0.00,0
2026-05-01 17:52:23,1820.88,0,0,0,0,0,0,0,0.00,0,0.00,5.13,2.30,2.12,0.00,D,0.00,12.00,12.00,12.00,1.82,^,0.00,,12.80,12.30,504,0.00,48.3,1,0,0.00,0.00,0.00,12.00,0.00,0.00,0,0,0.00,0
2026-05-01 17:52:24,1821.88,0,0,0,0,0,0,0,0.00,0,0.00,5.13,2.30,0.00,0.00,D,0.00,12.00,12.00,12.00,2.27,^,0.00,,13.90,12.40,504,0.10,48.3,1,0,0.00,0.00,0.00,12.00,0.00,0.00,0,0,0.00,0
2026-05-01 17:52:25,1822.88,0,0,0,0,0,0,0,1.00,0,0.00,5.13,2.30,0.00,0.00,D,0.00,12.00,12.00,12.00,2.28,^,0.00,,12.10,12.40,504,0.40,48.8,1,0,0.00,0.00,0.00,12.00,0.00,0.00,0,0,0.00,0
2026-05-01 17:52:26,1823.90,0,0,0,0,0,0,0,1.00,0,0.00,5.13,2.30,0.00,0.00,D,0.00,12.00,12.00,12.00,2.29,^,0.00,,13.40,12.30,504,1.42,47.7,1,0,0.00,0.00,0.00,12.00,0.00,0.00,0,0,0.00,0
2026-05-01 17:52:27,1824.91,0,0,0,0,0,0,0,0.83,0,0.00,5.13,2.30,0.00,0.00,D,0.00,12.00,12.00,12.00,2.31,^,0.00,,14.90,12.30,504,2.43,48.3,1,0,0.00,0.00,0.00,12.00,0.00,0.00,0,0,0.00,0
2026-05-01 17:52:28,1825.93,0,0,0,0,0,0,0,0.82,0,1.00,5.13,2.30,0.00,0.40,D,0.00,12.00,12.00,12.00,2.29,^,0.00,,14.60,12.30,504,3.45,47.7,1,0,0.00,0.00,0.00,12.00,0.00,0.00,0,0,0.00,0
2026-05-01 17:52:29,1826.94,0,0,0,0,0,0,0,-0.80,0,1.00,5.13,2.30,1.38,0.90,D,0.00,12.00,12.00,12.00,2.48,^,0.00,,15.90,12.30,504,0.00,48.3,1,0,0.00,0.00,0.00,12.00,0.00,0.00,0,0,0.00,0
2026-05-01 17:52:30,1827.95,0,0,0,0,0,0,0,0.00,0,1.00,5.13,2.30,3.81,1.00,D,0.00,12.00,12.00,12.00,12.00,^,0.00,,15.60,12.30,504,0.00,47.7,1,0,0.00,0.00,0.00,12.00,0.00,0.00,0,0,0.00,0
2026-05-01 17:52:31,1828.96,0,0,0,0,0,0,0,0.00,0,1.00,5.13,2.30,3.86,1.00,D,0.00,12.00,12.00,12.00,12.00,^,0.00,,14.40,12.30,504,0.00,49.9,1,0,0.00,0.00,0.00,12.00,0.00,0.00,0,0,0.00,0
2026-05-01 17:52:32,1829.98,0,0,0,0,0,0,0,0.24,0,1.00,5.13,2.30,3.63,1.00,D,0.00,12.00,12.00,12.00,12.00,^,0.00,,14.50,12.30,504,0.00,49.4,1,0,0.00,0.00,0.00,12.00,0.00,0.00,0,0,0.00,0
2026-05-01 17:52:33,1830.98,0,0,0,0,0,0,0,-0.99,0,1.00,5.13,2.30,3.66,1.00,D,0.00,12.00,12.00,12.00,12.00,^,0.00,,16.10,12.30,504,0.00,49.4,1,0,0.00,0.00,0.00,12.00,0.00,0.00,0,0,0.00,0
2026-05-01 17:52:34,1832.00,0,0,0,0,0,0,0,0.00,0,1.00,5.13,2.30,3.09,1.00,D,0.00,12.00,12.00,12.00,12.00,^,0.00,,15.10,12.30,504,0.00,48.3,1,0,0.00,0.00,0.00,12.00,0.00,0.00,0,0,0.00,0
2026-05-01 17:52:35,1833.01,0,0,0,0,0,0,0,0.00,0,1.00,5.13,2.30,4.11,1.00,D,0.00,12.00,12.00,12.00,12.00,^,0.00,,16.40,12.30,504,0.00,48.8,1,0,0.00,0.00,0.00,12.00,0.00,0.00,0,0,0.00,0
2026-05-01 17:52:36,1834.02,0,0,0,0,0,0,0,0.00,0,1.00,5.13,2.30,4.31,1.00,D,0.00,12.00,12.00,12.00,12.00,^,0.00,,17.50,12.30,504,0.00,48.8,1,0,0.00,0.00,0.00,12.00,0.00,0.00,0,0,0.00,0
2026-05-01 17:52:37,1835.13,0,0,0,0,0,0,0,0.00,0,1.00,5.13,2.30,3.81,1.00,D,0.00,12.00,12.00,12.00,12.00,^,0.00,,17.40,12.30,504,0.00,47.7,1,0,0.00,0.00,0.00,12.00,0.00,0.00,0,0,0.00,0
2026-05-01 17:52:38,1836.04,0,0,0,0,0,0,0,-0.24,0,1.00,5.13,2.30,4.38,1.00,D,0.00,12.00,12.00,12.00,12.00,^,0.00,,17.70,12.30,504,0.00,47.7,1,0,0.00,0.00,0.00,12.00,0.00,0.00,0,0,0.00,0
2026-05-01 17:52:39,1837.05,0,0,0,0,0,0,0,0.79,0,1.00,5.13,2.31,3.82,1.00,D,0.00,12.00,1.82,12.00,12.00,^,0.00,,17.60,12.30,504,0.00,47.2,1,0,0.00,0.00,0.00,12.00,0.00,0.00,0,0,0.00,0
2026-05-01 17:52:40,1838.06,0,0,0,0,0,0,0,0.10,0,0.00,5.13,2.31,2.81,0.84,D,0.00,12.00,12.00,12.00,1.76,^,0.00,,16.70,12.30,504,0.00,47.7,1,0,0.00,0.00,0.00,12.00,0.00,0.00,0,0,0.00,0
2026-05-01 17:52:41,1839.08,0,0,0,0,0,0,0,0.00,0,0.00,5.13,2.31,0.00,0.23,D,0.00,2.48,12.00,12.00,1.81,^,0.00,,14.80,12.30,504,0.33,48.3,1,0,0.00,0.00,0.00,2.48,0.00,0.00,0,0,0.00,0
2026-05-01 17:52:42,1840.09,0,0,1,0,0,0,0,0.00,0,0.00,5.13,2.30,0.00,0.00,D,0.00,2.48,12.00,12.00,1.81,^,0.00,,13.80,12.30,504,0.98,47.2,1,0,0.00,0.00,0.00,2.48,0.00,0.00,0,0,0.00,0
2026-05-01 17:52:43,1841.10,0,0,0,0,0,0,0,0.00,0,0.00,5.13,2.30,0.00,0.00,D,0.00,2.47,12.00,12.00,1.81,^,0.00,,13.20,12.30,504,1.99,48.3,1,0,0.00,0.00,0.00,2.47,0.00,0.00,0,0,0.00,0
2026-05-01 17:52:44,1842.12,0,0,0,0,0,0,0,0.00,0,0.00,5.13,2.30,0.00,0.00,D,0.00,2.47,12.00,12.00,1.81,^,0.00,,14.70,12.30,504,3.01,48.3,1,0,0.00,0.00,0.00,2.47,0.00,0.00,0,0,0.00,0
2026-05-01 17:52:45,1843.13,0,0,0,1,0,0,0,0.00,0,1.00,5.13,2.30,0.00,0.00,N,0.00,2.48,12.00,12.00,1.81,^,0.00,,14.00,12.30,504,4.02,47.7,1,0,0.00,0.00,0.00,2.48,0.00,0.00,0,0,0.00,0
2026-05-01 17:52:46,1844.14,0,0,0,0,0,0,0,0.00,0,0.00,5.13,2.30,0.00,0.00,N,0.00,2.48,12.00,12.00,1.81,^,0.00,,13.00,12.30,504,5.03,48.3,1,0,0.00,0.00,0.00,2.48,0.00,0.00,0,0,0.00,0
2026-05-01 17:52:47,1845.25,0,0,0,0,0,0,0,0.00,0,0.00,5.13,2.30,0.00,0.00,N,0.00,2.48,12.00,12.00,1.81,^,0.00,,15.00,12.30,504,6.14,47.2,1,0,0.00,0.00,0.00,2.48,0.00,0.00,0,0,0.00,0
2026-05-01 17:52:48,1846.16,0,0,0,0,0,0,0,0.00,0,1.00,5.13,2.30,0.00,0.00,N,0.00,2.48,12.00,12.00,1.81,^,0.00,,14.20,12.30,504,7.05,47.2,1,0,0.00,0.00,0.00,2.48,0.00,0.00,0,0,0.00,0
2026-05-01 17:52:49,1847.17,0,0,0,0,0,0,0,0.00,0,1.00,5.13,2.30,0.00,0.00,N,0.00,2.47,12.00,12.00,1.81,^,0.00,,13.20,12.30,504,8.06,47.7,1,0,0.00,0.00,0.00,2.47,0.00,0.00,0,0,0.00,0
2026-05-01 17:52:50,1848.18,0,0,0,0,0,0,0,0.00,0,1.00,5.13,2.29,0.00,0.00,N,0.00,2.47,12.00,12.00,1.81,^,0.00,,13.90,12.30,504,9.07,47.2,1,0,0.00,0.00,0.00,2.47,0.00,0.00,0,0,0.00,0
2026-05-01 17:52:51,1849.29,0,0,0,0,0,0,0,0.00,0,1.00,5.13,2.29,0.00,0.00,N,0.00,2.47,12.00,12.00,1.81,^,0.00,,13.30,12.30,504,10.18,46.6,1,0,0.00,0.00,0.00,2.47,0.00,0.00,0,0,0.00,0
2026-05-01 17:52:52,1850.19,0,0,0,0,0,0,0,0.00,0,1.00,5.13,2.29,0.00,0.00,N,0.00,2.48,12.00,12.00,1.76,^,0.00,,13.30,12.30,504,11.08,47.7,1,0,0.00,0.00,0.00,2.48,0.00,0.00,0,0,0.00,0
2026-05-01 17:52:53,1851.31,0,0,0,0,0,0,0,0.00,0,1.00,5.13,2.29,0.00,0.00,N,0.00,2.47,12.00,12.00,1.19,^,0.00,,13.50,12.30,504,12.20,47.7,1,0,0.00,0.00,0.00,2.47,0.00,0.00,0,0,0.00,0
2026-05-01 17:52:54,1852.22,0,0,0,0,0,0,0,0.00,0,0.00,5.13,2.29,0.00,0.00,N,0.00,2.48,12.00,12.00,1.19,^,0.00,,21.10,12.30,504,13.11,47.7,1,0,0.00,0.00,0.00,2.48,0.00,0.00,0,0,0.00,0
2026-05-01 17:52:55,1853.22,0,0,0,1,0,0,0,0.00,0,0.00,5.13,2.29,0.00,-0.00,R,0.00,2.48,12.00,12.00,1.20,^,0.00,,16.30,12.30,504,14.12,48.3,1,0,0.00,0.00,0.00,2.48,0.00,0.00,0,0,0.00,0
2026-05-01 17:52:56,1854.24,0,0,0,0,0,0,0,0.00,0,0.00,5.13,2.29,0.00,-0.11,R,0.00,2.48,12.00,12.00,1.20,^,0.00,,13.00,12.30,504,15.13,47.7,1,0,0.00,0.00,0.00,2.48,0.00,0.00,0,0,0.00,0
2026-05-01 17:52:57,1855.25,0,0,0,0,0,0,0,0.00,0,1.00,5.13,2.29,0.01,-0.49,R,0.00,2.48,12.00,12.00,1.21,^,0.00,,11.50,12.30,504,0.21,48.3,1,0,0.00,0.00,0.00,2.48,0.00,0.00,0,0,0.00,0
2026-05-01 17:52:58,1856.27,0,0,0,0,0,0,0,0.00,0,1.00,5.13,2.28,2.09,-0.99,R,0.00,2.60,12.00,12.00,1.07,^,0.00,,21.50,12.30,504,0.00,48.8,1,0,0.00,0.00,0.00,2.60,0.00,0.00,0,0,0.00,0
2026-05-01 17:52:59,1857.28,0,0,0,0,0,0,0,0.00,0,0.00,5.13,2.29,3.75,-0.57,R,0.00,12.00,0.43,12.00,0.30,^,0.00,,29.80,12.30,504,0.00,50.5,1,0,0.00,0.00,0.00,12.00,0.00,0.00,0,0,0.00,0
2026-05-01 17:53:00,1858.29,0,0,0,0,0,0,0,0.00,0,0.00,5.13,2.29,2.13,-0.00,R,0.00,0.78,1.66,12.00,12.00,WARN_WARNING,0.00,,25.20,12.30,504,0.00,51.0,1,0,0.00,0.00,0.00,0.78,0.00,0.00,0,0,0.00,0
2026-05-01 17:53:01,1859.30,0,0,0,0,0,0,0,0.00,0,0.00,5.13,2.28,0.00,-0.00,R,0.00,1.11,1.22,12.00,12.00,WARN_WARNING,0.00,,25.50,12.30,504,0.19,50.5,1,0,0.00,0.00,0.00,1.11,0.00,0.00,0,0,0.00,0
2026-05-01 17:53:02,1860.32,0,0,0,0,0,0,0,0.00,0,0.00,5.13,2.28,0.00,-0.00,R,0.00,1.11,0.58,0.55,0.51,WARN_WARNING,0.00,,26.10,12.30,504,1.21,49.9,1,0,0.00,0.00,0.00,1.11,0.00,0.00,0,0,0.00,0
2026-05-01 17:53:03,1861.33,0,0,0,0,0,0,0,0.00,0,0.00,5.13,2.28,0.00,-0.00,R,0.00,12.00,12.00,0.76,0.66,^,0.00,,26.30,12.30,504,2.22,50.5,1,0,0.00,0.00,0.00,12.00,0.00,0.00,0,0,0.00,0
2026-05-01 17:53:04,1862.34,0,0,0,0,0,0,0,0.00,0,0.00,5.13,2.28,0.00,-0.00,R,0.00,12.00,12.00,0.78,0.76,^,0.00,,24.90,12.30,504,3.23,51.0,1,0,0.00,0.00,0.00,12.00,0.00,0.00,0,0,0.00,0
2026-05-01 17:53:05,1863.36,0,0,0,0,0,0,0,0.00,0,0.00,5.13,2.28,0.00,-0.00,R,0.00,12.00,12.00,12.00,0.86,^,0.00,,26.10,12.30,504,4.24,51.6,1,0,0.00,0.00,0.00,12.00,0.00,0.00,0,0,0.00,0
2026-05-01 17:53:06,1864.37,0,0,0,0,0,0,0,0.00,0,0.00,5.13,2.28,0.00,-0.00,R,0.00,12.00,12.00,12.00,0.87,^,0.00,,26.00,12.30,504,5.26,51.6,1,0,0.00,0.00,0.00,12.00,0.00,0.00,0,0,0.00,0
2026-05-01 17:53:07,1865.37,0,0,0,0,0,0,0,0.00,0,0.00,5.13,2.28,0.00,-0.00,R,0.00,12.00,12.00,12.00,0.87,^,0.00,,17.60,12.30,504,6.26,51.0,1,0,0.00,0.00,0.00,12.00,0.00,0.00,0,0,0.00,0
2026-05-01 17:53:08,1866.39,0,0,0,0,0,0,0,0.00,0,0.00,5.13,2.28,0.00,-0.00,R,0.00,12.00,12.00,12.00,0.87,^,0.00,,12.60,12.30,504,7.27,49.9,1,0,0.00,0.00,0.00,12.00,0.00,0.00,0,0,0.00,0
2026-05-01 17:53:09,1867.40,0,0,0,0,0,0,0,0.00,0,0.00,5.13,2.28,0.00,-0.00,R,0.00,12.00,12.00,12.00,0.87,^,0.00,,12.30,12.30,504,8.29,49.4,1,0,0.00,0.00,0.00,12.00,0.00,0.00,0,0,0.00,0
2026-05-01 17:53:10,1868.40,0,0,0,0,0,0,0,0.00,0,0.00,5.13,2.27,0.00,-0.00,R,0.00,12.00,12.00,12.00,0.90,^,0.00,,14.60,12.30,504,9.29,50.5,1,0,0.00,0.00,0.00,12.00,0.00,0.00,0,0,0.00,0
2026-05-01 17:53:11,1869.42,0,0,0,0,0,0,0,0.00,0,0.00,5.13,2.27,0.00,-0.00,R,0.00,12.00,12.00,12.00,1.18,^,0.00,,14.60,12.30,504,10.31,48.3,1,0,0.00,0.00,0.00,12.00,0.00,0.00,0,0,0.00,0
2026-05-01 17:53:12,1870.43,0,0,0,0,0,0,0,0.00,0,0.00,5.13,2.27,0.00,-0.00,R,0.00,12.00,12.00,12.00,1.25,^,0.00,,13.70,12.30,504,11.32,48.8,1,0,0.00,0.00,0.00,12.00,0.00,0.00,0,0,0.00,0
2026-05-01 17:53:13,1871.45,0,0,0,0,0,0,0,0.00,0,0.00,5.13,2.27,0.00,-0.00,R,0.00,12.00,12.00,12.00,1.05,^,0.00,,24.40,12.30,504,12.34,49.4,1,0,0.00,0.00,0.00,12.00,0.00,0.00,0,0,0.00,0
2026-05-01 17:53:14,1872.46,0,0,0,0,0,0,0,-0.38,0,0.22,5.13,2.27,0.00,-0.21,R,0.00,12.00,12.00,12.00,1.03,^,0.00,,25.60,12.30,504,13.35,51.0,1,0,0.00,0.00,0.00,12.00,0.00,0.00,0,0,0.00,0
2026-05-01 17:53:15,1873.46,0,0,0,0,0,0,0,-0.71,0,0.63,5.13,2.27,0.14,-0.66,R,0.00,12.00,12.00,12.00,1.02,^,0.00,,25.70,12.30,504,0.00,51.6,1,0,0.00,0.00,0.00,12.00,0.00,0.00,0,0,0.00,0
2026-05-01 17:53:16,1874.47,0,0,0,0,0,0,0,0.00,0,0.00,5.13,2.27,1.09,-0.52,R,0.00,12.00,12.00,12.00,0.84,^,0.00,,27.80,12.30,504,0.00,50.5,1,0,0.00,0.00,0.00,12.00,0.00,0.00,0,0,0.00,0
2026-05-01 17:53:17,1875.48,0,0,0,0,0,0,0,0.00,0,0.00,5.13,2.27,0.87,-0.62,R,0.00,12.00,12.00,12.00,0.56,^,0.00,,27.30,12.30,504,0.00,50.5,1,0,0.00,0.00,0.00,12.00,0.00,0.00,0,0,0.00,0
2026-05-01 17:53:18,1876.49,0,0,0,0,0,0,0,0.00,0,0.00,5.13,2.27,0.34,-0.02,R,0.00,12.00,12.00,0.64,0.29,^,0.00,,27.30,12.30,504,0.00,52.7,1,0,0.00,0.00,0.00,12.00,0.00,0.00,0,0,0.00,0
2026-05-01 17:53:19,1877.51,0,0,0,0,0,0,0,0.00,0,0.00,5.13,2.26,0.00,-0.00,R,0.00,12.00,12.00,0.62,0.27,^,0.00,,26.20,12.30,504,0.88,51.6,1,0,0.00,0.00,0.00,12.00,0.00,0.00,0,0,0.00,0
2026-05-01 17:53:20,1878.51,0,0,0,0,0,0,0,0.00,0,0.00,5.13,2.26,0.00,-0.00,R,0.00,12.00,12.00,12.00,0.26,^,0.00,,17.10,12.30,504,1.88,51.6,1,0,0.00,0.00,0.00,12.00,0.00,0.00,0,0,0.00,0
2026-05-01 17:53:21,1879.53,0,0,0,0,0,0,0,0.00,0,0.00,5.13,2.26,0.00,-0.00,R,0.00,12.00,12.00,12.00,0.28,^,0.00,,11.70,12.30,504,2.90,50.5,1,0,0.00,0.00,0.00,12.00,0.00,0.00,0,0,0.00,0
2026-05-01 17:53:22,1880.54,0,0,0,0,0,0,0,0.00,0,0.00,5.13,2.26,0.00,-0.00,R,0.00,12.00,12.00,0.38,0.38,^,0.00,,12.20,12.30,504,3.91,50.5,1,0,0.00,0.00,0.00,12.00,0.00,0.00,0,0,0.00,0
2026-05-01 17:53:23,1881.55,0,0,0,0,0,0,0,0.00,0,0.00,5.13,2.26,0.00,-0.00,R,0.00,12.00,12.00,0.28,0.32,^,0.00,,13.50,12.30,504,0.21,49.9,1,0,0.00,0.00,0.00,12.00,0.00,0.00,0,0,0.00,0
2026-05-01 17:53:24,1882.57,0,0,0,0,0,0,0,0.00,0,0.00,5.13,2.26,0.22,-0.00,R,0.00,12.00,12.00,0.29,0.36,^,0.00,,15.10,12.30,504,0.09,50.5,1,0,0.00,0.00,0.00,12.00,0.00,0.00,0,0,0.00,0
2026-05-01 17:53:25,1883.58,0,0,0,0,0,0,0,0.00,0,0.00,5.13,2.26,0.00,-0.00,R,0.00,12.00,12.00,0.31,0.32,^,0.00,,14.20,12.40,504,0.00,50.5,1,0,0.00,0.00,0.00,12.00,0.00,0.00,0,0,0.00,0
2026-05-01 17:53:26,1884.59,0,0,0,1,0,0,0,0.00,1,0.00,5.13,2.26,0.00,0.00,P,0.00,12.00,12.00,0.30,0.32,^,0.00,,14.70,12.40,504,0.00,49.4,1,0,0.00,0.00,0.00,12.00,0.00,0.00,0,0,0.00,0
2026-05-01 17:53:27,1885.61,0,0,0,1,0,0,0,0.00,1,0.00,5.13,2.25,0.00,0.00,P,0.00,12.00,12.00,0.30,0.31,^,0.00,,14.30,12.40,504,0.00,47.2,1,0,0.00,0.00,0.00,12.00,0.00,0.00,0,0,0.00,0
2026-05-01 17:53:28,1886.62,0,0,0,1,0,0,0,0.00,1,0.00,5.13,2.25,0.00,0.00,P,0.00,12.00,12.00,0.33,0.34,^,0.00,,15.10,12.50,504,0.20,49.4,1,0,0.00,0.00,0.00,12.00,0.00,0.00,0,0,0.00,0
2026-05-01 17:53:29,1887.62,0,0,1,0,0,0,0,0.00,0,0.00,5.13,2.25,0.00,-0.00,R,0.00,12.00,12.00,0.32,0.32,^,0.00,,15.70,12.50,504,0.11,48.8,1,0,0.00,0.00,0.00,12.00,0.00,0.00,0,0,0.00,0
2026-05-01 17:53:30,1888.63,0,0,1,0,0,0,0,0.00,0,0.00,5.13,2.25,0.00,0.00,N,0.00,12.00,12.00,0.32,0.33,^,0.00,,15.20,12.50,504,0.00,48.8,1,0,0.00,0.00,0.00,12.00,0.00,0.00,0,0,0.00,0
2026-05-01 17:53:31,1889.65,0,0,0,0,0,0,0,0.00,0,0.00,5.13,2.25,0.00,0.00,N,0.00,12.00,12.00,0.32,0.33,^,0.00,,15.20,12.40,504,0.62,48.3,1,0,0.00,0.00,0.00,12.00,0.00,0.00,0,0,0.00,0
2026-05-01 17:53:32,1890.65,0,0,0,0,0,0,0,0.00,0,0.00,5.13,2.25,0.00,0.00,N,0.00,12.00,12.00,0.91,0.75,^,0.00,,15.10,12.40,504,1.62,47.7,1,0,0.00,0.00,0.00,12.00,0.00,0.00,0,0,0.00,0
2026-05-01 17:53:34,1891.66,0,0,0,0,0,0,0,0.00,0,0.00,5.13,2.25,0.00,0.00,N,0.00,12.00,12.00,12.00,0.99,^,0.00,,13.80,12.40,504,2.64,47.7,1,0,0.00,0.00,0.00,12.00,0.00,0.00,0,0,0.00,0
2026-05-01 17:53:35,1892.67,0,0,0,0,0,0,0,0.00,0,0.00,5.13,2.25,0.00,0.00,N,0.00,12.00,12.00,12.00,1.02,^,0.00,,14.60,12.40,504,3.65,47.7,1,0,0.00,0.00,0.00,12.00,0.00,0.00,0,0,0.00,0
2026-05-01 17:53:36,1893.69,0,0,0,0,0,0,0,-0.16,0,0.00,5.13,2.24,0.00,0.00,N,0.00,12.00,12.00,12.00,1.04,^,0.00,,15.80,12.40,504,4.66,48.8,1,0,0.00,0.00,0.00,12.00,0.00,0.00,0,0,0.00,0
2026-05-01 17:53:37,1894.70,0,0,0,0,0,0,0,0.00,0,0.00,5.13,2.24,0.00,0.00,N,0.00,12.00,12.00,12.00,1.04,^,0.00,,15.60,12.30,504,5.68,47.2,1,0,0.00,0.00,0.00,12.00,0.00,0.00,0,0,0.00,0
2026-05-01 17:53:38,1895.71,0,0,0,0,0,0,0,0.00,0,0.00,5.13,2.24,0.00,0.00,N,0.00,12.00,12.00,12.00,1.05,^,0.00,,15.50,12.40,504,6.69,48.3,1,0,0.00,0.00,0.00,12.00,0.00,0.00,0,0,0.00,0
2026-05-01 17:53:39,1896.73,1,0,0,0,0,0,0,-0.06,0,1.00,5.13,2.24,0.07,0.45,D,0.00,12.00,12.00,12.00,1.06,^,-3.76,,14.90,12.40,504,0.00,48.8,1,0,0.00,0.00,0.00,12.00,-0.06,1.00,0,0,0.00,0
2026-05-01 17:53:40,1897.74,1,0,0,0,0,0,0,-0.09,0,1.00,5.13,2.24,2.02,0.96,D,0.00,12.00,12.00,12.00,1.43,^,-5.52,,16.00,12.30,504,0.00,47.7,1,0,0.00,0.00,0.00,12.00,-0.09,1.00,0,0,0.00,0
2026-05-01 17:53:41,1898.75,1,0,0,0,0,0,0,-0.42,0,0.50,5.13,2.24,3.77,0.98,D,0.00,1.94,1.26,12.00,12.00,WARN_WARNING,-25.33,lidar_override,17.90,12.30,504,0.00,48.8,1,0,0.00,0.00,0.00,1.94,-0.02,1.00,0,0,0.00,0
2026-05-01 17:53:42,1899.76,1,0,0,0,0,0,0,0.05,0,1.00,5.13,2.24,3.76,1.00,D,0.00,12.00,1.21,12.00,12.00,^,2.84,,17.40,12.30,504,0.00,48.8,1,0,0.00,0.00,0.00,12.00,0.05,1.00,0,0,0.00,0
2026-05-01 17:53:43,1900.77,1,0,0,0,0,0,0,0.25,0,1.00,5.13,2.24,3.44,1.00,D,0.00,12.00,12.00,12.00,1.36,^,15.19,,15.60,12.30,504,0.00,47.2,1,0,0.00,0.00,0.00,12.00,0.25,1.00,0,0,0.00,0
2026-05-01 17:53:44,1901.79,1,0,0,0,0,0,0,0.03,0,1.00,5.13,2.24,1.79,1.00,D,0.00,2.26,12.00,12.00,1.71,^,1.65,,16.20,12.30,504,0.00,47.7,1,0,0.00,0.00,0.00,2.26,0.03,1.00,0,0,0.00,0
2026-05-01 17:53:45,1902.80,0,0,0,0,0,0,0,0.75,0,0.00,5.13,2.24,1.87,0.00,D,0.00,1.84,12.00,12.00,12.00,^,0.00,,15.20,12.30,504,0.00,47.7,1,0,0.00,0.00,0.00,1.84,0.00,0.00,0,0,0.00,0
2026-05-01 17:53:46,1903.81,0,0,0,0,0,0,0,0.00,0,0.00,5.13,2.24,0.00,0.00,D,0.00,1.72,12.00,12.00,12.00,^,0.00,,13.70,12.30,504,0.72,48.3,1,0,0.00,0.00,0.00,1.72,0.00,0.00,0,0,0.00,0
2026-05-01 17:53:47,1904.82,0,0,0,0,0,0,0,0.00,0,0.00,5.13,2.24,0.00,0.00,D,0.00,1.72,12.00,12.00,12.00,^,0.00,,14.10,12.30,504,1.73,46.6,1,0,0.00,0.00,0.00,1.72,0.00,0.00,0,0,0.00,0
2026-05-01 17:53:48,1905.83,0,0,0,0,0,0,0,0.00,0,0.00,5.13,2.24,0.00,0.00,D,0.00,1.72,12.00,12.00,2.43,^,0.00,,15.70,12.30,504,2.74,47.7,1,0,0.00,0.00,0.00,1.72,0.00,0.00,0,0,0.00,0
2026-05-01 17:53:49,1906.85,0,0,0,0,0,0,0,0.35,0,0.00,5.13,2.24,0.00,0.00,D,0.00,1.72,12.00,12.00,1.77,^,0.00,,14.30,12.30,504,3.75,47.2,0,0,0.00,0.00,0.00,1.72,0.00,0.00,0,0,0.00,0
2026-05-01 17:53:50,1907.86,0,0,0,0,0,0,0,0.00,0,0.00,5.13,2.24,0.00,0.00,D,0.00,1.72,12.00,12.00,1.76,^,0.00,,14.90,12.30,504,4.77,48.3,0,0,0.00,0.00,0.00,1.72,0.00,0.00,0,0,0.00,0
2026-05-01 17:53:51,1908.87,0,0,0,0,0,0,0,0.00,1,0.00,5.13,2.24,0.00,0.00,D,0.00,1.72,12.00,12.00,1.60,^,0.00,,13.50,12.40,504,5.78,47.2,0,0,0.00,0.00,0.00,1.72,0.00,0.00,0,0,0.00,0
2026-05-01 17:53:52,1909.89,0,0,0,0,0,0,0,0.00,0,1.00,5.13,2.23,0.00,0.38,D,0.00,1.72,12.00,12.00,1.04,^,0.00,,14.00,12.30,504,0.00,47.2,0,0,0.00,0.00,0.00,1.72,0.00,0.00,0,0,0.00,0
2026-05-01 17:53:53,1910.90,0,0,1,0,0,0,0,0.00,0,0.00,5.13,2.23,0.00,0.00,D,0.00,1.72,12.00,12.00,0.95,^,0.00,,14.20,12.40,504,0.48,47.7,0,0,0.00,0.00,0.00,1.72,0.00,0.00,0,0,0.00,0
2026-05-01 17:53:54,1911.91,0,0,0,1,0,0,0,0.00,0,0.00,5.13,2.23,0.00,-0.00,R,0.00,1.72,12.00,12.00,0.96,^,0.00,,14.20,12.40,504,1.49,48.8,0,0,0.00,0.00,0.00,1.72,0.00,0.00,0,0,0.00,0
2026-05-01 17:53:55,1912.92,0,0,0,0,0,0,0,0.00,0,1.00,5.13,2.23,0.01,-0.35,R,0.00,1.72,12.00,12.00,0.97,^,0.00,,12.40,12.30,504,0.22,48.8,0,0,0.00,0.00,0.00,1.72,0.00,0.00,0,0,0.00,0
2026-05-01 17:53:56,1913.94,0,0,0,0,0,0,0,-1.00,0,1.00,5.13,2.23,0.84,-0.85,R,0.00,1.73,12.00,12.00,0.96,^,0.00,,13.90,12.40,504,0.00,49.4,0,0,0.00,0.00,0.00,1.73,0.00,0.00,0,0,0.00,0
2026-05-01 17:53:57,1914.95,0,0,1,0,0,0,0,0.00,0,0.00,5.13,2.23,0.00,0.00,D,0.00,12.00,2.05,1.01,1.42,^,0.00,,12.20,12.30,504,0.08,49.4,0,0,0.00,0.00,0.00,12.00,0.00,0.00,0,0,0.00,0
2026-05-01 17:53:58,1915.96,0,0,0,0,0,0,0,0.22,0,1.00,5.13,2.23,0.02,0.47,D,0.00,12.00,2.05,0.98,1.42,^,0.00,,11.30,12.40,504,0.00,49.4,0,0,0.00,0.00,0.00,12.00,0.00,0.00,0,0,0.00,0
2026-05-01 17:53:59,1916.98,0,0,0,0,0,0,0,0.41,0,0.81,5.13,2.23,0.96,0.96,D,0.00,12.00,2.01,1.38,1.45,^,0.00,,14.00,12.40,504,0.00,49.9,0,0,0.00,0.00,0.00,12.00,0.00,0.00,0,0,0.00,0
2026-05-01 17:54:00,1917.99,0,0,0,0,0,0,0,0.41,0,0.77,5.13,2.23,1.88,0.96,D,0.00,12.00,1.99,1.56,1.58,^,0.00,,16.30,12.30,504,0.00,48.8,0,0,0.00,0.00,0.00,12.00,0.00,0.00,0,0,0.00,0
2026-05-01 17:54:01,1919.00,0,0,0,0,0,0,0,0.00,0,0.00,5.13,2.23,2.21,0.35,D,0.00,1.17,12.00,1.55,1.83,WARN_WARNING,0.00,,16.50,12.30,504,0.00,49.4,0,0,0.00,0.00,0.00,1.17,0.00,0.00,0,0,0.00,0
2026-05-01 17:54:02,1920.01,0,0,0,0,0,0,0,0.00,0,0.00,5.13,2.23,0.40,0.00,D,0.00,1.11,12.00,1.43,1.90,WARN_WARNING,0.00,,12.60,12.30,504,0.00,48.8,0,0,0.00,0.00,0.00,1.11,0.00,0.00,0,0,0.00,0
2026-05-01 17:54:03,1921.03,0,0,0,1,0,0,0,0.00,0,0.00,5.13,2.22,0.00,0.00,N,0.00,12.00,1.78,1.44,1.77,^,0.00,,11.70,12.40,504,0.88,48.8,0,0,0.00,0.00,0.00,12.00,0.00,0.00,0,0,0.00,0
2026-05-01 17:54:04,1922.04,0,0,0,1,0,0,0,0.00,0,0.00,5.13,2.22,0.00,-0.00,R,0.00,12.00,2.20,1.43,1.71,^,0.00,,11.60,12.40,504,1.89,48.3,0,0,0.00,0.00,0.00,12.00,0.00,0.00,0,0,0.00,0
2026-05-01 17:54:05,1923.05,0,0,0,0,0,0,0,0.00,0,0.00,5.13,2.22,0.00,-0.00,R,0.00,12.00,2.21,1.43,1.70,^,0.00,,13.20,12.40,504,2.91,48.3,0,0,0.00,0.00,0.00,12.00,0.00,0.00,0,0,0.00,0
2026-05-01 17:54:06,1924.06,0,0,1,1,0,0,0,0.00,0,0.00,5.13,2.22,0.00,-0.00,R,0.00,12.00,2.21,1.41,1.61,^,0.00,,12.60,12.30,504,3.92,48.8,0,0,0.00,0.00,0.00,12.00,0.00,0.00,0,0,0.00,0
2026-05-01 17:54:07,1925.08,0,0,1,0,0,0,0,0.00,0,0.00,5.13,2.22,0.00,0.00,D,0.00,12.00,2.18,1.41,1.66,^,0.00,,14.40,12.30,504,4.93,48.8,0,0,0.00,0.00,0.00,12.00,0.00,0.00,0,0,0.00,0
2026-05-01 17:54:08,1926.09,0,0,0,1,0,0,0,0.00,1,0.00,5.13,2.22,0.00,0.00,P,0.00,12.00,2.21,1.41,1.66,^,0.00,,14.50,12.30,504,5.94,47.2,0,0,0.00,0.00,0.00,12.00,0.00,0.00,0,0,0.00,0
2026-05-01 17:54:09,1927.10,0,0,1,0,0,0,0,0.00,0,0.00,5.13,2.22,0.00,0.00,D,0.00,12.00,2.26,1.46,1.69,^,0.00,,13.60,12.30,504,0.91,47.7,0,0,0.00,0.00,0.00,12.00,0.00,0.00,0,0,0.00,0
2026-05-01 17:54:10,1928.11,0,0,0,0,0,0,0,0.00,0,0.00,5.13,2.22,0.00,0.00,D,0.00,12.00,1.56,2.01,1.45,^,0.00,,14.10,12.30,504,1.92,47.7,0,0,0.00,0.00,0.00,12.00,0.00,0.00,0,0,0.00,0
2026-05-01 17:54:11,1929.12,0,0,0,0,0,0,0,0.00,0,0.00,5.13,2.22,0.00,0.00,D,0.00,12.00,1.49,1.96,0.93,^,0.00,,14.90,12.30,504,2.93,46.6,0,0,0.00,0.00,0.00,12.00,0.00,0.00,0,0,0.00,0
2026-05-01 17:54:12,1930.13,0,0,0,0,0,0,0,0.00,0,0.00,5.13,2.21,0.00,0.00,D,0.00,12.00,1.70,12.00,0.79,^,0.00,,13.50,12.30,504,3.95,48.3,0,0,0.00,0.00,0.00,12.00,0.00,0.00,0,0,0.00,0
2026-05-01 17:54:13,1931.15,0,0,0,0,0,0,0,0.00,0,0.00,5.13,2.21,0.00,0.00,D,0.00,12.00,2.01,12.00,0.93,^,0.00,,14.90,12.40,504,4.96,48.3,0,0,0.00,0.00,0.00,12.00,0.00,0.00,0,0,0.00,0
2026-05-01 17:54:14,1932.16,0,0,0,0,0,0,0,0.00,0,1.00,5.13,2.21,0.00,0.25,D,0.00,12.00,2.03,12.00,0.92,^,0.00,,14.90,12.30,504,5.97,48.3,0,0,0.00,0.00,0.00,12.00,0.00,0.00,0,0,0.00,0
2026-05-01 17:54:15,1933.28,0,0,0,0,0,0,0,0.00,0,0.00,5.13,2.21,0.05,0.05,D,0.00,12.00,12.00,12.00,0.94,^,0.00,,14.10,12.30,504,0.26,48.3,0,0,0.00,0.00,0.00,12.00,0.00,0.00,0,0,0.00,0
2026-05-01 17:54:16,1934.18,0,0,0,0,0,0,0,1.00,0,0.00,5.13,2.21,0.00,0.00,D,0.00,12.00,12.00,12.00,0.94,^,0.00,,15.80,12.30,504,1.16,48.3,0,0,0.00,0.00,0.00,12.00,0.00,0.00,0,0,0.00,0
2026-05-01 17:54:17,1935.19,0,0,0,0,0,0,0,0.00,0,0.00,5.13,2.21,0.00,0.00,D,0.00,12.00,12.00,12.00,0.98,^,0.00,,15.70,12.30,504,2.17,47.7,0,0,0.00,0.00,0.00,12.00,0.00,0.00,0,0,0.00,0
2026-05-01 17:54:18,1936.20,0,0,0,0,0,0,0,0.95,0,1.00,5.13,2.21,0.00,0.13,D,0.00,12.00,12.00,12.00,0.98,^,0.00,,13.80,12.30,504,3.19,47.2,0,0,0.00,0.00,0.00,12.00,0.00,0.00,0,0,0.00,0
2026-05-01 17:54:19,1937.32,0,0,0,0,0,0,0,0.95,0,1.00,5.13,2.21,0.21,0.63,D,0.00,12.00,12.00,12.00,1.00,^,0.00,,15.60,12.30,504,0.00,47.7,0,0,0.00,0.00,0.00,12.00,0.00,0.00,0,0,0.00,0
2026-05-01 17:54:20,1938.22,0,0,0,0,0,0,0,-0.76,0,0.00,5.13,2.21,2.49,0.57,D,0.00,12.00,12.00,1.36,1.44,^,0.00,,16.00,12.30,504,0.00,47.7,0,0,0.00,0.00,0.00,12.00,0.00,0.00,0,0,0.00,0
2026-05-01 17:54:21,1939.23,0,0,0,0,0,0,0,0.00,0,0.00,5.13,2.21,2.30,0.00,D,0.00,12.00,12.00,12.00,1.53,^,0.00,,14.90,12.30,504,0.00,47.2,0,0,0.00,0.00,0.00,12.00,0.00,0.00,0,0,0.00,0
2026-05-01 17:54:22,1940.24,0,0,0,0,0,0,0,0.00,0,1.00,5.13,2.21,0.05,0.36,D,0.00,12.00,12.00,12.00,1.77,^,0.00,,15.60,12.30,504,0.13,48.3,0,0,0.00,0.00,0.00,12.00,0.00,0.00,0,0,0.00,0
2026-05-01 17:54:23,1941.25,0,0,0,0,0,0,0,0.00,0,1.00,5.13,2.20,0.76,0.87,D,0.00,12.00,12.00,12.00,1.82,^,0.00,,14.70,12.30,504,0.00,46.6,0,0,0.00,0.00,0.00,12.00,0.00,0.00,0,0,0.00,0
2026-05-01 17:54:24,1942.27,0,0,0,0,0,0,0,-0.99,0,1.00,5.13,2.20,3.71,1.00,D,0.00,12.00,12.00,12.00,12.00,^,0.00,,14.70,12.30,504,0.00,46.6,0,0,0.00,0.00,0.00,12.00,0.00,0.00,0,0,0.00,0
2026-05-01 17:54:25,1943.27,0,0,0,0,0,0,0,-0.17,0,1.00,5.13,2.21,3.03,1.00,D,0.00,12.00,12.00,12.00,12.00,^,0.00,,17.20,12.30,504,0.00,46.6,0,0,0.00,0.00,0.00,12.00,0.00,0.00,0,0,0.00,0
2026-05-01 17:54:26,1944.28,0,0,0,0,0,0,0,-0.81,0,1.00,5.13,2.21,3.65,1.00,D,0.00,2.41,12.00,12.00,12.00,^,0.00,,16.40,12.30,504,0.00,47.2,0,0,0.00,0.00,0.00,2.41,0.00,0.00,0,0,0.00,0
2026-05-01 17:54:27,1945.29,0,0,0,0,0,0,0,0.00,0,1.00,5.13,2.21,3.38,1.00,D,0.00,12.00,12.00,12.00,2.14,^,0.00,,15.00,12.30,504,0.00,48.3,0,0,0.00,0.00,0.00,12.00,0.00,0.00,0,0,0.00,0
2026-05-01 17:54:28,1946.31,0,0,0,0,0,0,0,0.00,0,1.00,5.13,2.21,3.96,1.00,D,0.00,12.00,12.00,12.00,12.00,^,0.00,,15.40,12.30,504,0.00,47.7,0,0,0.00,0.00,0.00,12.00,0.00,0.00,0,0,0.00,0
2026-05-01 17:54:29,1947.32,0,0,0,0,0,0,0,-0.77,0,1.00,5.13,2.21,3.28,1.00,D,0.00,12.00,12.00,12.00,12.00,^,0.00,,14.60,12.30,504,0.00,49.4,0,0,0.00,0.00,0.00,12.00,0.00,0.00,0,0,0.00,0
2026-05-01 17:54:30,1948.33,0,0,0,0,0,0,0,0.00,0,1.00,5.13,2.21,3.07,1.00,D,0.00,12.00,12.00,12.00,12.00,^,0.00,,14.60,12.30,504,0.00,49.4,0,0,0.00,0.00,0.00,12.00,0.00,0.00,0,0,0.00,0
2026-05-01 17:54:31,1949.35,0,0,0,0,0,0,0,0.96,0,1.00,5.13,2.21,3.57,1.00,D,0.00,12.00,12.00,2.63,12.00,^,0.00,,15.30,12.30,504,0.00,49.4,0,0,0.00,0.00,0.00,12.00,0.00,0.00,0,0,0.00,0
2026-05-01 17:54:32,1950.35,0,0,0,0,0,0,0,0.00,0,0.00,5.13,2.21,3.78,0.65,D,0.00,12.00,12.00,2.43,0.76,^,0.00,,14.40,12.30,504,0.00,48.3,0,0,0.00,0.00,0.00,12.00,0.00,0.00,0,0,0.00,0
2026-05-01 17:54:33,1951.46,0,0,0,0,0,0,0,0.00,0,0.00,5.13,2.21,0.05,0.05,D,0.00,2.09,12.00,0.52,12.00,^,0.00,,11.90,12.30,504,0.00,48.8,0,0,0.00,0.00,0.00,2.09,0.00,0.00,0,0,0.00,0
2026-05-01 17:54:34,1952.36,0,0,0,0,0,0,0,0.00,0,1.00,5.13,2.21,0.41,0.29,D,0.00,2.25,12.00,0.63,12.00,^,0.00,,14.00,12.30,504,0.01,49.9,0,0,0.00,0.00,0.00,2.25,0.00,0.00,0,0,0.00,0
2026-05-01 17:54:35,1953.38,0,0,0,0,0,0,0,0.00,0,1.00,5.13,2.21,0.00,0.48,D,0.00,0.69,12.00,0.70,1.71,WARN_WARNING,0.00,,11.90,12.40,504,0.75,49.4,0,0,0.00,0.00,0.00,0.69,0.00,0.00,0,0,0.00,0
2026-05-01 17:54:36,1954.39,0,0,0,0,0,0,0,0.00,0,0.00,5.13,2.21,0.70,0.67,D,0.00,12.00,12.00,0.69,0.84,^,0.00,,11.70,12.30,504,0.01,49.4,0,0,0.00,0.00,0.00,12.00,0.00,0.00,0,0,0.00,0
2026-05-01 17:54:37,1955.40,0,0,0,0,0,0,0,0.00,0,0.00,5.13,2.21,0.00,0.06,D,0.00,12.00,12.00,0.70,0.26,^,0.00,,14.50,12.30,504,0.53,48.3,0,0,0.00,0.00,0.00,12.00,0.00,0.00,0,0,0.00,0
2026-05-01 17:54:38,1956.41,0,0,0,0,0,0,0,0.00,0,0.00,5.13,2.20,0.00,0.00,D,0.00,2.26,12.00,0.65,0.17,^,0.00,,14.00,12.30,504,1.54,48.8,0,0,0.00,0.00,0.00,2.26,0.00,0.00,0,0,0.00,0
2026-05-01 17:54:39,1957.52,0,0,0,0,0,0,0,0.00,0,0.00,5.13,2.20,0.82,0.00,D,0.00,1.92,12.00,0.41,0.29,^,0.00,,13.80,12.30,504,0.00,49.4,0,0,0.00,0.00,0.00,1.92,0.00,0.00,0,0,0.00,0
2026-05-01 17:54:40,1958.43,0,0,0,0,0,0,0,0.99,0,1.00,5.13,2.20,0.00,0.17,D,0.00,1.85,12.00,0.39,0.29,^,0.00,,15.50,12.40,504,0.50,47.7,0,0,0.00,0.00,0.00,1.85,0.00,0.00,0,0,0.00,0
2026-05-01 17:54:41,1959.44,0,0,0,0,0,0,0,0.00,0,1.00,5.13,2.20,0.11,0.68,D,0.00,1.83,12.00,0.37,0.31,^,0.00,,14.40,12.40,504,0.00,49.4,0,0,0.00,0.00,0.00,1.83,0.00,0.00,0,0,0.00,0
2026-05-01 17:54:42,1960.46,0,0,0,0,0,0,0,0.00,0,0.00,5.13,2.20,3.30,0.87,D,0.00,0.77,1.24,0.72,0.44,STOP_WARNING,0.00,,13.70,12.30,504,0.00,48.3,0,0,0.00,0.00,0.00,0.77,0.00,0.00,0,0,0.00,0
2026-05-01 17:54:43,1961.47,0,0,0,0,0,0,0,0.00,0,0.00,5.13,2.20,2.23,0.27,D,0.00,12.00,12.00,0.58,0.40,^,0.00,,14.20,12.30,504,0.00,49.4,0,0,0.00,0.00,0.00,12.00,0.00,0.00,0,0,0.00,0
2026-05-01 17:54:44,1962.48,0,0,0,0,0,0,0,0.00,0,0.00,5.13,2.20,0.51,0.00,D,0.00,12.00,12.00,12.00,0.64,^,0.00,,12.30,12.30,504,0.00,49.9,0,0,0.00,0.00,0.00,12.00,0.00,0.00,0,0,0.00,0
2026-05-01 17:54:45,1963.49,0,0,0,0,0,0,0,0.00,0,0.00,5.13,2.20,0.00,0.00,D,0.00,12.00,12.00,12.00,0.95,^,0.00,,12.60,12.30,504,0.93,49.4,0,0,0.00,0.00,0.00,12.00,0.00,0.00,0,0,0.00,0
2026-05-01 17:54:46,1964.50,0,0,0,0,0,0,0,0.00,0,0.00,5.13,2.20,0.00,0.00,D,0.00,12.00,12.00,12.00,0.88,^,0.00,,14.20,12.30,504,1.94,48.8,0,0,0.00,0.00,0.00,12.00,0.00,0.00,0,0,0.00,0
2026-05-01 17:54:47,1965.50,0,0,0,0,0,0,0,0.00,0,0.00,5.13,2.20,0.00,0.00,D,0.00,12.00,12.00,0.81,0.66,^,0.00,,14.80,12.30,504,2.94,49.4,0,0,0.00,0.00,0.00,12.00,0.00,0.00,0,0,0.00,0
2026-05-01 17:54:48,1966.51,0,0,0,0,0,0,0,0.00,0,0.00,5.13,2.20,0.00,0.00,D,0.00,0.38,12.00,0.35,0.36,STOP_WARNING,0.00,,14.60,12.40,504,3.95,47.7,0,0,0.00,0.00,0.00,0.38,0.00,0.00,0,0,0.00,0
2026-05-01 17:54:49,1967.53,0,0,0,0,0,0,0,0.00,0,0.00,5.13,2.20,0.00,0.00,D,0.00,0.28,0.31,0.23,0.70,STOP_WARNING,0.00,,14.90,12.30,504,4.97,48.8,0,0,0.00,0.00,0.00,0.28,0.00,0.00,0,0,0.00,0
2026-05-01 17:54:50,1968.54,0,0,0,0,0,0,0,0.00,0,0.00,5.13,2.19,0.00,0.00,D,0.00,12.00,0.20,0.13,0.14,^,0.00,,14.50,12.30,504,0.40,48.3,0,0,0.00,0.00,0.00,12.00,0.00,0.00,0,0,0.00,0
2026-05-01 17:54:51,1969.55,0,0,0,0,0,0,0,0.00,0,0.00,5.13,2.19,0.00,0.00,D,0.00,12.00,0.17,0.12,0.13,^,0.00,,14.60,12.30,504,0.36,47.2,0,0,0.00,0.00,0.00,12.00,0.00,0.00,0,0,0.00,0
2026-05-01 17:54:52,1970.57,0,0,0,0,0,0,0,0.00,0,0.00,5.13,2.19,0.00,0.00,D,0.00,12.00,0.14,0.14,0.42,^,0.00,,15.20,12.30,504,0.11,46.6,0,0,0.00,0.00,0.00,12.00,0.00,0.00,0,0,0.00,0
2026-05-01 17:54:54,1971.68,0,0,0,0,0,0,0,0.00,0,0.00,5.13,2.19,0.00,0.00,D,0.00,12.00,0.14,0.14,0.16,^,0.00,,13.50,12.30,504,0.00,48.3,0,0,0.00,0.00,0.00,12.00,0.00,0.00,0,0,0.00,0
2026-05-01 17:54:54,1972.58,0,0,0,0,0,0,0,0.00,0,0.00,5.13,2.19,0.00,0.00,D,0.00,12.00,0.16,0.15,0.62,^,0.00,,13.80,12.40,504,0.41,47.7,0,0,0.00,0.00,0.00,12.00,0.00,0.00,0,0,0.00,0
2026-05-01 17:54:55,1973.59,0,0,0,0,0,0,0,0.00,0,0.00,5.13,2.19,0.00,0.00,D,0.00,12.00,0.20,0.14,0.20,^,0.00,,14.70,12.30,504,0.06,47.7,0,0,0.00,0.00,0.00,12.00,0.00,0.00,0,0,0.00,0
2026-05-01 17:54:56,1974.60,0,0,0,0,0,0,0,0.00,0,0.00,5.13,2.19,0.00,0.00,D,0.00,12.00,0.17,0.14,0.49,^,0.00,,13.40,12.30,504,0.16,47.7,0,0,0.00,0.00,0.00,12.00,0.00,0.00,0,0,0.00,0
2026-05-01 17:54:57,1975.61,0,0,0,0,0,0,0,0.00,0,0.00,5.13,2.19,0.00,0.00,D,0.00,12.00,0.15,0.15,0.18,^,0.00,,15.60,12.30,504,0.00,47.2,0,0,0.00,0.00,0.00,12.00,0.00,0.00,0,0,0.00,0
2026-05-01 17:54:58,1976.62,0,0,0,0,0,0,0,0.00,0,0.00,5.13,2.19,0.00,0.00,D,0.00,0.35,0.16,0.16,0.62,STOP_WARNING,0.00,,14.20,12.30,504,0.08,48.3,0,0,0.00,0.00,0.00,0.35,0.00,0.00,0,0,0.00,0
2026-05-01 17:54:59,1977.63,0,0,0,0,0,0,0,0.00,0,0.00,5.13,2.18,0.00,0.00,D,0.00,0.36,0.17,0.17,0.59,STOP_WARNING,0.00,,15.20,12.30,504,0.45,46.6,0,0,0.00,0.00,0.00,0.36,0.00,0.00,0,0,0.00,0
2026-05-01 17:55:00,1978.64,0,0,0,0,0,0,0,0.00,0,0.00,5.13,2.18,0.00,0.00,D,0.00,0.32,0.16,0.18,0.61,STOP_WARNING,0.00,,15.60,12.30,504,0.51,48.3,0,0,0.00,0.00,0.00,0.32,0.00,0.00,0,0,0.00,0
2026-05-01 17:55:01,1979.64,0,0,0,0,0,0,0,0.00,0,0.00,5.13,2.18,0.00,0.00,D,0.00,0.30,0.15,0.20,0.61,STOP_WARNING,0.00,,14.80,12.30,504,0.51,48.3,0,0,0.00,0.00,0.00,0.30,0.00,0.00,0,0,0.00,0
2026-05-01 17:55:02,1980.65,0,0,0,0,0,0,0,0.00,0,0.00,5.13,2.18,0.00,0.00,D,0.00,0.31,0.16,0.20,0.60,STOP_WARNING,0.00,,14.00,12.40,504,0.02,48.8,0,0,0.00,0.00,0.00,0.31,0.00,0.00,0,0,0.00,0
2026-05-01 17:55:04,1981.76,0,0,0,0,0,0,0,0.00,0,0.00,5.13,2.18,0.00,0.00,D,0.00,0.32,0.17,0.20,0.63,STOP_WARNING,0.00,,15.30,12.30,504,0.68,46.6,0,0,0.00,0.00,0.00,0.32,0.00,0.00,0,0,0.00,0
2026-05-01 17:55:05,1982.67,0,0,0,0,0,0,0,0.00,0,0.00,5.13,2.18,0.00,0.00,D,0.00,0.32,0.17,0.19,0.65,STOP_WARNING,0.00,,14.90,12.40,504,0.05,47.2,0,0,0.00,0.00,0.00,0.32,0.00,0.00,0,0,0.00,0
2026-05-01 17:55:06,1983.68,0,0,0,0,0,0,0,0.00,0,0.00,5.13,2.18,0.00,0.00,D,0.00,0.34,0.34,0.22,0.74,STOP_WARNING,0.00,,14.80,12.30,504,1.07,47.2,0,0,0.00,0.00,0.00,0.34,0.00,0.00,0,0,0.00,0
2026-05-01 17:55:07,1984.69,0,0,0,0,0,0,0,0.00,0,0.00,5.13,2.18,0.00,0.00,D,0.00,0.34,12.00,0.27,0.79,STOP_WARNING,0.00,,15.30,12.30,504,2.08,47.7,0,0,0.00,0.00,0.00,0.34,0.00,0.00,0,0,0.00,0
2026-05-01 17:55:08,1985.70,0,0,0,0,0,0,0,0.00,0,0.00,5.13,2.18,0.00,0.00,D,0.00,12.00,12.00,0.75,0.76,^,0.00,,15.10,12.30,504,3.09,47.7,0,0,0.00,0.00,0.00,12.00,0.00,0.00,0,0,0.00,0
2026-05-01 17:55:09,1986.72,0,0,0,0,0,0,0,0.00,0,0.00,5.13,2.17,0.00,0.00,D,0.00,12.00,12.00,0.81,0.45,^,0.00,,13.30,12.40,504,4.10,46.6,0,0,0.00,0.00,0.00,12.00,0.00,0.00,0,0,0.00,0
2026-05-01 17:55:10,1987.73,0,0,0,0,0,0,0,0.00,0,0.00,5.13,2.17,0.00,0.00,D,0.00,12.00,12.00,12.00,0.43,^,0.00,,14.50,12.40,504,5.12,47.2,0,0,0.00,0.00,0.00,12.00,0.00,0.00,0,0,0.00,0
2026-05-01 17:55:11,1988.75,0,0,0,0,0,0,0,0.00,0,0.59,5.13,2.17,0.01,0.37,D,0.00,12.00,12.00,12.00,0.46,^,0.00,,16.20,12.40,504,0.02,46.6,0,0,0.00,0.00,0.00,12.00,0.00,0.00,0,0,0.00,0
2026-05-01 17:55:12,1989.76,0,0,0,0,0,0,0,-0.20,0,1.00,5.13,2.17,0.54,0.73,D,0.00,12.00,12.00,12.00,0.49,^,0.00,,15.50,12.40,504,0.00,46.1,0,0,0.00,0.00,0.00,12.00,0.00,0.00,0,0,0.00,0
2026-05-01 17:55:13,1990.77,0,0,0,0,0,0,0,0.00,0,1.00,5.13,2.17,3.37,1.00,D,0.00,12.00,12.00,12.00,1.20,^,0.00,,17.70,12.40,504,0.00,47.7,0,0,0.00,0.00,0.00,12.00,0.00,0.00,0,0,0.00,0
2026-05-01 17:55:14,1991.78,0,0,0,0,0,0,0,0.00,0,1.00,5.13,2.17,3.55,1.00,D,0.00,12.00,2.47,12.00,2.33,^,0.00,,14.70,12.40,504,0.00,48.8,0,0,0.00,0.00,0.00,12.00,0.00,0.00,0,0,0.00,0
2026-05-01 17:55:15,1992.80,0,0,0,0,0,0,0,-0.38,0,1.00,5.13,2.17,4.11,1.00,D,0.00,12.00,1.91,12.00,1.88,^,0.00,,13.60,12.40,504,0.00,47.7,0,0,0.00,0.00,0.00,12.00,0.00,0.00,0,0,0.00,0
2026-05-01 17:55:16,1993.81,0,0,0,0,0,0,0,1.00,0,1.00,5.13,2.17,4.04,1.00,D,0.00,12.00,12.00,12.00,2.14,^,0.00,,14.20,12.40,504,0.00,49.4,0,0,0.00,0.00,0.00,12.00,0.00,0.00,0,0,0.00,0
2026-05-01 17:55:17,1994.82,0,0,0,0,0,0,0,-0.82,0,1.00,5.13,2.17,4.08,1.00,D,0.00,12.00,12.00,12.00,12.00,^,0.00,,15.20,12.40,504,0.00,48.3,0,0,0.00,0.00,0.00,12.00,0.00,0.00,0,0,0.00,0
2026-05-01 17:55:18,1995.83,0,0,0,0,0,0,0,0.00,0,1.00,5.13,2.17,4.24,1.00,D,0.00,12.00,12.00,12.00,12.00,^,0.00,,13.70,12.40,504,0.00,49.4,0,0,0.00,0.00,0.00,12.00,0.00,0.00,0,0,0.00,0
2026-05-01 17:55:19,1996.84,0,0,0,0,0,0,0,1.00,0,1.00,5.13,2.18,4.03,1.00,D,0.00,12.00,12.00,12.00,12.00,^,0.00,,17.50,12.40,504,0.00,47.7,0,0,0.00,0.00,0.00,12.00,0.00,0.00,0,0,0.00,0
2026-05-01 17:55:20,1997.85,0,0,0,0,0,0,0,0.00,0,1.00,5.13,2.18,3.05,1.00,D,0.00,12.00,12.00,12.00,12.00,^,0.00,,17.50,12.40,504,0.00,48.3,0,0,0.00,0.00,0.00,12.00,0.00,0.00,0,0,0.00,0
2026-05-01 17:55:21,1998.86,0,0,0,0,0,0,0,-1.00,0,0.00,5.13,2.18,3.82,0.86,D,0.00,12.00,12.00,12.00,12.00,^,0.00,,17.40,12.40,504,0.00,48.3,0,0,0.00,0.00,0.00,12.00,0.00,0.00,0,0,0.00,0
2026-05-01 17:55:22,1999.88,0,0,0,0,0,0,0,0.79,0,0.00,5.13,2.18,2.76,0.26,D,0.00,12.00,12.00,2.48,12.00,^,0.00,,17.20,12.30,504,0.00,47.7,0,0,0.00,0.00,0.00,12.00,0.00,0.00,0,0,0.00,0
2026-05-01 17:55:23,2000.89,0,0,0,0,0,0,0,0.81,0,0.00,5.13,2.18,1.10,0.00,D,0.00,1.89,1.89,12.00,12.00,^,0.00,,16.30,12.30,504,0.00,46.6,0,0,0.00,0.00,0.00,1.89,0.00,0.00,0,0,0.00,0
2026-05-01 17:55:24,2001.90,0,0,0,0,0,0,0,0.00,0,0.00,5.13,2.18,0.00,0.03,D,0.00,12.00,1.85,12.00,12.00,^,0.00,,14.70,12.40,504,0.58,46.6,0,0,0.00,0.00,0.00,12.00,0.00,0.00,0,0,0.00,0
2026-05-01 17:55:25,2002.91,0,0,0,0,0,0,0,-0.53,0,1.00,5.13,2.18,0.01,0.47,D,0.00,12.00,1.64,12.00,12.00,^,0.00,,15.20,12.30,504,0.02,47.7,0,0,0.00,0.00,0.00,12.00,0.00,0.00,0,0,0.00,0
2026-05-01 17:55:26,2003.92,0,0,0,0,0,0,0,-0.51,0,1.00,5.13,2.17,1.22,0.89,D,0.00,12.00,1.12,2.33,12.00,^,0.00,,15.50,12.30,504,0.00,46.6,0,0,0.00,0.00,0.00,12.00,0.00,0.00,0,0,0.00,0
2026-05-01 17:55:27,2004.94,0,0,0,0,0,0,0,-0.92,0,0.00,5.13,2.17,2.85,0.43,D,0.00,2.17,2.37,1.98,0.70,^,0.00,,15.20,12.40,504,0.00,48.8,0,0,0.00,0.00,0.00,2.17,0.00,0.00,0,0,0.00,0
2026-05-01 17:55:28,2005.94,0,0,0,0,0,0,0,0.00,0,0.00,5.13,2.17,1.91,0.00,D,0.00,1.47,12.00,1.66,1.12,^,0.00,,15.20,12.40,504,0.00,48.8,0,0,0.00,0.00,0.00,1.47,0.00,0.00,0,0,0.00,0
2026-05-01 17:55:29,2006.95,0,0,0,0,0,0,0,0.00,0,0.00,5.13,2.17,0.90,0.00,D,0.00,0.95,0.99,0.99,1.45,WARN_WARNING,0.00,,12.50,12.40,504,0.00,48.3,0,0,0.00,0.00,0.00,0.95,0.00,0.00,0,0,0.00,0
2026-05-01 17:55:30,2007.96,0,0,0,0,0,0,0,0.00,0,1.00,5.13,2.17,0.39,0.23,D,0.00,12.00,12.00,0.70,1.78,^,0.00,,12.50,12.40,504,0.05,49.9,0,0,0.00,0.00,0.00,12.00,0.00,0.00,0,0,0.00,0
2026-05-01 17:55:31,2008.98,0,0,0,0,0,0,0,0.00,0,1.00,5.13,2.17,0.12,0.74,D,0.00,12.00,12.00,12.00,0.91,^,0.00,,12.40,12.40,504,0.00,48.3,0,0,0.00,0.00,0.00,12.00,0.00,0.00,0,0,0.00,0
2026-05-01 17:55:32,2009.99,0,0,0,0,0,0,0,0.00,0,1.00,5.13,2.17,3.55,1.00,D,0.00,12.00,12.00,12.00,1.58,^,0.00,,17.00,12.30,504,0.00,48.3,0,0,0.00,0.00,0.00,12.00,0.00,0.00,0,0,0.00,0
2026-05-01 17:55:33,2011.00,0,0,0,0,0,0,0,0.00,0,1.00,5.13,2.17,4.10,1.00,D,0.00,12.00,12.00,12.00,2.30,^,0.00,,15.80,12.30,504,0.00,47.7,0,0,0.00,0.00,0.00,12.00,0.00,0.00,0,0,0.00,0
2026-05-01 17:55:34,2012.11,0,0,0,0,0,0,0,-0.38,0,1.00,5.13,2.17,3.78,1.00,D,0.00,12.00,12.00,12.00,12.00,^,0.00,,18.30,12.40,504,0.00,48.3,0,0,0.00,0.00,0.00,12.00,0.00,0.00,0,0,0.00,0
2026-05-01 17:55:35,2013.02,0,0,0,0,0,0,0,-1.00,0,1.00,5.13,2.18,4.14,1.00,D,0.00,12.00,12.00,12.00,12.00,^,0.00,,16.70,12.30,504,0.00,47.2,0,0,0.00,0.00,0.00,12.00,0.00,0.00,0,0,0.00,0
2026-05-01 17:55:36,2014.03,0,0,0,0,0,0,0,-1.00,0,1.00,5.13,2.18,3.16,1.00,D,0.00,12.00,12.00,12.00,12.00,^,0.00,,16.20,12.30,504,0.00,48.8,0,0,0.00,0.00,0.00,12.00,0.00,0.00,0,0,0.00,0
2026-05-01 17:55:37,2015.04,0,0,0,0,0,0,0,1.00,0,1.00,5.13,2.18,3.90,1.00,D,0.00,12.00,12.00,12.00,12.00,^,0.00,,16.40,12.30,504,0.00,48.3,0,0,0.00,0.00,0.00,12.00,0.00,0.00,0,0,0.00,0
2026-05-01 17:55:38,2016.05,0,0,0,0,0,0,0,0.12,0,1.00,5.13,2.18,3.60,1.00,D,0.00,12.00,12.00,12.00,12.00,^,0.00,,17.30,12.30,504,0.00,48.3,0,0,0.00,0.00,0.00,12.00,0.00,0.00,0,0,0.00,0
2026-05-01 17:55:39,2017.07,0,0,0,0,0,0,0,0.60,0,1.00,5.13,2.18,3.81,1.00,D,0.00,12.00,12.00,12.00,12.00,^,0.00,,16.50,12.30,504,0.00,47.2,0,0,0.00,0.00,0.00,12.00,0.00,0.00,0,0,0.00,0
2026-05-01 17:55:40,2018.18,0,0,0,0,0,0,0,0.99,0,1.00,5.13,2.18,3.83,1.00,D,0.00,12.00,12.00,12.00,12.00,^,0.00,,18.00,12.30,504,0.00,47.2,0,0,0.00,0.00,0.00,12.00,0.00,0.00,0,0,0.00,0
2026-05-01 17:55:41,2019.08,0,0,0,0,0,0,0,0.00,0,1.00,5.13,2.18,3.08,0.86,D,0.00,12.00,12.00,12.00,12.00,^,0.00,,16.10,12.30,504,0.00,48.3,0,0,0.00,0.00,0.00,12.00,0.00,0.00,0,0,0.00,0
2026-05-01 17:55:42,2020.10,0,0,0,0,0,0,0,0.00,0,1.00,5.13,2.18,3.66,1.00,D,0.00,12.00,12.00,12.00,12.00,^,0.00,,15.20,12.40,504,0.00,47.7,0,0,0.00,0.00,0.00,12.00,0.00,0.00,0,0,0.00,0
2026-05-01 17:55:43,2021.11,0,0,0,0,0,0,0,0.00,0,1.00,5.13,2.18,4.27,1.00,D,0.00,12.00,12.00,12.00,12.00,^,0.00,,13.40,12.40,504,0.00,48.8,0,0,0.00,0.00,0.00,12.00,0.00,0.00,0,0,0.00,0
2026-05-01 17:55:44,2022.22,0,0,0,0,0,0,0,0.00,0,0.00,5.13,2.18,4.23,0.85,D,0.00,12.00,12.00,12.00,2.85,^,0.00,,13.90,12.40,504,0.00,48.8,0,0,0.00,0.00,0.00,12.00,0.00,0.00,0,0,0.00,0
2026-05-01 17:55:45,2023.13,0,0,1,0,0,0,0,0.00,0,0.00,5.13,2.18,3.07,0.25,D,0.00,12.00,12.00,12.00,2.78,^,0.00,,13.40,12.30,504,0.00,47.7,0,0,0.00,0.00,0.00,12.00,0.00,0.00,0,0,0.00,0
2026-05-01 17:55:46,2024.24,0,0,0,1,0,0,0,0.00,0,0.00,5.13,2.18,1.79,0.00,N,0.00,12.00,12.00,12.00,2.83,^,0.00,,14.00,12.30,504,0.00,47.7,0,0,0.00,0.00,0.00,12.00,0.00,0.00,0,0,0.00,0
2026-05-01 17:55:47,2025.14,0,0,0,0,0,0,0,0.00,0,0.00,5.13,2.18,0.37,0.00,N,0.00,12.00,12.00,12.00,2.53,^,0.00,,13.60,12.30,504,0.00,48.8,0,0,0.00,0.00,0.00,12.00,0.00,0.00,0,0,0.00,0
2026-05-01 17:55:48,2026.15,0,0,0,0,0,0,0,0.00,0,1.00,5.13,2.18,0.00,0.00,N,0.00,12.00,12.00,12.00,1.80,^,0.00,,14.40,12.30,504,0.81,47.2,0,0,0.00,0.00,0.00,12.00,0.00,0.00,0,0,0.00,0
2026-05-01 17:55:49,2027.16,0,0,0,0,0,0,0,-1.00,0,1.00,5.13,2.18,0.00,0.00,N,0.00,12.00,12.00,12.00,1.29,^,0.00,,16.60,12.30,504,1.82,49.4,0,0,0.00,0.00,0.00,12.00,0.00,0.00,0,0,0.00,0
2026-05-01 17:55:50,2028.27,0,0,1,0,0,0,0,0.00,0,0.00,5.13,2.18,0.00,0.00,D,0.00,12.00,12.00,12.00,0.68,^,0.00,,13.70,12.40,504,2.94,49.4,0,0,0.00,0.00,0.00,12.00,0.00,0.00,0,0,0.00,0
2026-05-01 17:55:51,2029.18,0,0,0,0,0,0,0,-1.00,0,1.00,5.13,2.18,0.01,0.39,D,0.00,12.00,12.00,12.00,0.59,^,0.00,,14.80,12.30,504,0.11,47.2,0,0,0.00,0.00,0.00,12.00,0.00,0.00,0,0,0.00,0
2026-05-01 17:55:52,2030.19,0,0,0,0,0,0,0,0.00,0,1.00,5.13,2.18,0.13,0.67,D,0.00,12.00,12.00,12.00,0.33,^,0.00,,15.40,12.30,504,0.00,47.7,0,0,0.00,0.00,0.00,12.00,0.00,0.00,0,0,0.00,0
2026-05-01 17:55:53,2031.21,0,0,0,0,0,0,0,0.00,0,1.00,5.13,2.18,2.47,1.00,D,0.00,12.00,12.00,12.00,0.75,^,0.00,,16.50,12.30,504,0.00,47.2,0,0,0.00,0.00,0.00,12.00,0.00,0.00,0,0,0.00,0
2026-05-01 17:55:54,2032.32,0,0,0,0,0,0,0,0.00,0,1.00,5.13,2.18,3.54,1.00,D,0.00,12.00,12.00,12.00,1.30,^,0.00,,16.60,12.30,504,0.00,46.6,0,0,0.00,0.00,0.00,12.00,0.00,0.00,0,0,0.00,0
2026-05-01 17:55:55,2033.22,0,0,0,0,0,0,0,0.00,0,0.22,5.13,2.18,2.74,0.96,D,0.00,12.00,2.92,12.00,0.88,^,0.00,,15.90,12.30,504,0.00,48.3,0,0,0.00,0.00,0.00,12.00,0.00,0.00,0,0,0.00,0
2026-05-01 17:55:56,2034.33,0,0,0,0,0,0,0,-1.00,0,0.00,5.13,2.18,1.46,0.35,D,0.00,12.00,2.79,12.00,2.27,^,0.00,,15.30,12.40,504,0.00,48.3,0,0,0.00,0.00,0.00,12.00,0.00,0.00,0,0,0.00,0
2026-05-01 17:55:57,2035.24,0,0,0,0,0,0,0,0.00,0,0.10,5.13,2.18,0.54,0.07,D,0.00,2.41,12.00,12.00,1.40,^,0.00,,16.20,12.30,504,0.00,47.7,0,0,0.00,0.00,0.00,2.41,0.00,0.00,0,0,0.00,0
2026-05-01 17:55:58,2036.25,0,0,0,0,0,0,0,-1.00,0,0.00,5.13,2.18,0.00,0.00,D,0.00,2.37,12.00,12.00,0.83,^,0.00,,14.60,12.30,504,0.67,46.6,0,0,0.00,0.00,0.00,2.37,0.00,0.00,0,0,0.00,0
2026-05-01 17:55:59,2037.26,0,0,0,0,0,0,0,-1.00,0,0.74,5.13,2.18,0.00,0.07,D,0.00,2.24,12.00,12.00,0.38,^,0.00,,14.30,12.30,504,1.69,47.7,0,0,0.00,0.00,0.00,2.24,0.00,0.00,0,0,0.00,0
2026-05-01 17:56:00,2038.37,0,0,0,0,0,0,0,-0.82,0,0.00,5.13,2.17,0.00,0.25,D,0.00,1.98,2.02,12.00,0.35,^,0.00,,15.10,12.30,504,0.12,48.3,0,0,0.00,0.00,0.00,1.98,0.00,0.00,0,0,0.00,0
2026-05-01 17:56:01,2039.28,0,0,0,0,0,0,0,-0.45,0,1.00,5.13,2.17,0.00,0.39,D,0.00,1.56,1.60,12.00,0.44,^,0.00,,15.30,12.30,504,0.01,46.6,0,0,0.00,0.00,0.00,1.56,0.00,0.00,0,0,0.00,0
2026-05-01 17:56:02,2040.29,0,0,0,0,0,0,0,0.00,0,0.89,5.13,2.17,0.49,0.33,D,0.00,0.94,0.93,12.00,0.55,WARN_WARNING,0.00,,15.70,12.30,504,0.00,47.2,0,0,0.00,0.00,0.00,0.94,0.00,0.00,0,0,0.00,0
2026-05-01 17:56:03,2041.30,0,0,0,0,0,0,0,-0.44,0,0.59,5.13,2.17,0.83,0.59,D,0.00,1.39,0.75,12.00,0.76,^,0.00,,15.40,12.40,504,0.00,47.2,0,0,0.00,0.00,0.00,1.39,0.00,0.00,0,0,0.00,0
2026-05-01 17:56:04,2042.31,0,0,0,0,0,0,0,0.00,0,0.35,5.13,2.17,1.25,0.35,D,0.00,0.94,12.00,0.54,0.95,WARN_WARNING,0.00,,14.80,12.40,504,0.00,48.3,0,0,0.00,0.00,0.00,0.94,0.00,0.00,0,0,0.00,0
2026-05-01 17:56:05,2043.32,0,0,0,0,0,0,0,0.00,0,0.35,5.13,2.17,1.14,0.35,D,0.00,12.00,12.00,0.52,0.53,^,0.00,,12.10,12.40,504,0.00,48.3,0,0,0.00,0.00,0.00,12.00,0.00,0.00,0,0,0.00,0
2026-05-01 17:56:06,2044.34,0,0,0,0,0,0,0,0.00,0,0.39,5.13,2.17,0.84,0.39,D,0.00,12.00,12.00,0.40,0.58,^,0.00,,13.50,12.40,504,0.00,49.9,0,0,0.00,0.00,0.00,12.00,0.00,0.00,0,0,0.00,0
2026-05-01 17:56:07,2045.35,0,0,0,0,0,0,0,0.00,0,0.79,5.13,2.17,0.79,0.62,D,0.00,12.00,12.00,0.60,0.36,^,0.00,,13.30,12.40,504,0.00,49.4,0,0,0.00,0.00,0.00,12.00,0.00,0.00,0,0,0.00,0
2026-05-01 17:56:08,2046.46,0,0,0,0,0,0,0,0.00,0,0.00,5.13,2.17,2.19,0.51,D,0.00,12.00,12.00,0.54,0.55,^,0.00,,13.30,12.30,504,0.00,49.4,0,0,0.00,0.00,0.00,12.00,0.00,0.00,0,0,0.00,0
2026-05-01 17:56:09,2047.36,0,0,0,0,0,0,0,0.00,0,0.06,5.13,2.17,1.27,0.04,D,0.00,12.00,12.00,2.01,0.68,^,0.00,,15.30,12.30,504,0.00,47.7,0,0,0.00,0.00,0.00,12.00,0.00,0.00,0,0,0.00,0
2026-05-01 17:56:10,2048.36,0,0,0,0,0,0,0,0.00,0,0.00,5.13,2.17,0.00,0.00,D,0.00,12.00,12.00,1.96,1.33,^,0.00,,15.00,12.40,504,0.08,48.3,0,0,0.00,0.00,0.00,12.00,0.00,0.00,0,0,0.00,0
2026-05-01 17:56:11,2049.37,0,0,0,0,0,0,0,0.00,0,0.12,5.13,2.17,0.00,0.12,D,0.00,12.00,12.00,1.96,1.53,^,0.00,,14.00,12.30,504,1.09,48.3,0,0,0.00,0.00,0.00,12.00,0.00,0.00,0,0,0.00,0
2026-05-01 17:56:12,2050.38,0,0,0,0,0,0,0,0.00,0,0.74,5.13,2.17,0.00,0.12,D,0.00,12.00,12.00,1.96,1.33,^,0.00,,13.60,12.30,504,2.10,47.7,0,0,0.00,0.00,0.00,12.00,0.00,0.00,0,0,0.00,0
2026-05-01 17:56:13,2051.39,0,0,0,0,0,0,0,0.00,0,0.00,5.13,2.17,0.24,0.42,D,0.00,12.00,12.00,1.97,0.79,^,0.00,,14.80,12.30,504,0.00,48.3,0,0,0.00,0.00,0.00,12.00,0.00,0.00,0,0,0.00,0
2026-05-01 17:56:14,2052.40,0,0,0,0,0,0,0,0.00,0,0.00,5.13,2.16,0.00,0.00,D,0.00,12.00,12.00,1.96,0.40,^,0.00,,13.70,12.30,504,0.47,47.7,0,0,0.00,0.00,0.00,12.00,0.00,0.00,0,0,0.00,0
2026-05-01 17:56:15,2053.41,0,0,0,0,0,0,0,-1.00,0,0.00,5.13,2.16,0.00,0.00,D,0.00,12.00,12.00,1.95,0.41,^,0.00,,13.90,12.30,504,1.48,48.3,0,0,0.00,0.00,0.00,12.00,0.00,0.00,0,0,0.00,0
2026-05-01 17:56:16,2054.41,0,0,0,0,0,0,0,-1.00,0,0.00,5.13,2.16,0.00,0.00,D,0.00,12.00,12.00,1.95,0.42,^,0.00,,14.90,12.30,504,2.48,48.3,0,0,0.00,0.00,0.00,12.00,0.00,0.00,0,0,0.00,0
2026-05-01 17:56:17,2055.42,0,0,0,0,0,0,0,0.00,0,0.00,5.13,2.16,0.00,0.00,D,0.00,12.00,12.00,1.96,0.42,^,0.00,,14.50,12.40,504,3.49,46.6,0,0,0.00,0.00,0.00,12.00,0.00,0.00,0,0,0.00,0
2026-05-01 17:56:18,2056.44,0,0,0,0,0,0,0,0.00,0,0.00,5.13,2.16,0.00,0.00,D,0.00,12.00,12.00,1.96,0.42,^,0.00,,14.00,12.40,504,4.50,47.2,0,0,0.00,0.00,0.00,12.00,0.00,0.00,0,0,0.00,0
2026-05-01 17:56:19,2057.45,0,0,0,0,0,0,0,0.00,0,0.00,5.13,2.16,0.00,0.00,D,0.00,12.00,12.00,1.96,0.42,^,0.00,,15.60,12.40,504,5.52,47.7,0,0,0.00,0.00,0.00,12.00,0.00,0.00,0,0,0.00,0
2026-05-01 17:56:20,2058.46,0,0,0,0,0,0,0,0.00,0,0.00,5.13,2.16,0.00,0.00,D,0.00,12.00,12.00,1.96,0.38,^,0.00,,13.40,12.40,504,6.53,46.6,0,0,0.00,0.00,0.00,12.00,0.00,0.00,0,0,0.00,0
2026-05-01 17:56:21,2059.47,0,0,0,0,0,0,0,0.00,0,0.10,5.13,2.16,0.00,0.08,D,0.00,12.00,0.49,1.96,1.38,^,0.00,,14.60,12.40,504,7.54,47.2,0,0,0.00,0.00,0.00,12.00,0.00,0.00,0,0,0.00,0
2026-05-01 17:56:22,2060.49,0,0,0,0,0,0,0,0.00,0,1.00,5.13,2.16,0.13,0.59,D,0.00,1.31,12.00,1.96,1.36,^,0.00,,15.70,12.30,504,0.00,46.6,0,0,0.00,0.00,0.00,1.31,0.00,0.00,0,0,0.00,0
2026-05-01 17:56:23,2061.50,0,0,0,0,0,0,0,0.00,0,0.00,5.13,2.16,2.96,0.88,D,0.00,1.39,12.00,12.00,1.90,^,0.00,,15.40,12.40,504,0.00,47.7,0,0,0.00,0.00,0.00,1.39,0.00,0.00,0,0,0.00,0
2026-05-01 17:56:24,2062.51,0,0,0,0,0,0,0,0.00,0,0.00,5.13,2.16,2.86,0.28,D,0.00,12.00,0.52,12.00,12.00,^,0.00,,16.00,12.40,504,0.00,47.2,0,0,0.00,0.00,0.00,12.00,0.00,0.00,0,0,0.00,0
2026-05-01 17:56:25,2063.52,0,0,0,0,0,0,0,0.00,0,0.00,5.13,2.16,1.82,0.00,D,0.00,12.00,12.00,12.00,0.52,^,0.00,,16.10,12.40,504,0.00,47.2,0,0,0.00,0.00,0.00,12.00,0.00,0.00,0,0,0.00,0
2026-05-01 17:56:26,2064.53,0,0,0,0,0,0,0,0.00,0,0.00,5.13,2.16,0.87,0.00,D,0.00,12.00,12.00,1.66,0.75,^,0.00,,15.40,12.40,504,0.00,47.2,0,0,0.00,0.00,0.00,12.00,0.00,0.00,0,0,0.00,0
2026-05-01 17:56:27,2065.54,0,0,0,0,0,0,0,0.00,0,0.00,5.13,2.15,0.00,0.00,D,0.00,12.00,12.00,1.58,0.87,^,0.00,,14.00,12.40,504,0.30,47.7,0,0,0.00,0.00,0.00,12.00,0.00,0.00,0,0,0.00,0
2026-05-01 17:56:28,2066.56,0,0,0,0,0,0,0,0.00,0,1.00,5.13,2.15,0.07,0.43,D,0.00,12.00,12.00,1.58,0.88,^,0.00,,14.70,12.40,504,0.00,46.6,0,0,0.00,0.00,0.00,12.00,0.00,0.00,0,0,0.00,0
2026-05-01 17:56:29,2067.57,0,0,0,0,0,0,0,0.00,0,0.00,5.13,2.15,1.79,0.81,D,0.00,12.00,12.00,1.36,1.16,^,0.00,,15.10,12.30,504,0.00,47.7,0,0,0.00,0.00,0.00,12.00,0.00,0.00,0,0,0.00,0
2026-05-01 17:56:30,2068.58,0,0,0,0,0,0,0,0.00,0,0.00,5.13,2.15,1.90,0.20,D,0.00,12.00,0.96,0.90,2.00,^,0.00,,17.80,12.30,504,0.00,47.2,0,0,0.00,0.00,0.00,12.00,0.00,0.00,0,0,0.00,0
2026-05-01 17:56:31,2069.59,0,0,0,0,0,0,0,0.00,0,0.03,5.13,2.15,0.65,0.03,D,0.00,12.00,12.00,12.00,1.04,^,0.00,,16.30,12.30,504,0.00,47.2,0,0,0.00,0.00,0.00,12.00,0.00,0.00,0,0,0.00,0
2026-05-01 17:56:32,2070.60,0,0,0,0,0,0,0,0.00,0,1.00,5.13,2.15,0.48,0.53,D,0.00,12.00,12.00,12.00,1.17,^,0.00,,16.00,12.30,504,0.00,46.6,0,0,0.00,0.00,0.00,12.00,0.00,0.00,0,0,0.00,0
2026-05-01 17:56:33,2071.62,0,0,0,0,0,0,0,-0.29,0,0.58,5.13,2.15,1.96,0.60,D,0.00,12.00,12.00,12.00,0.73,^,0.00,,17.00,12.30,504,0.00,47.7,0,0,0.00,0.00,0.00,12.00,0.00,0.00,0,0,0.00,0
2026-05-01 17:56:34,2072.63,0,0,0,0,0,0,0,-0.21,0,0.00,5.13,2.15,1.39,0.00,D,0.00,12.00,12.00,12.00,1.22,^,0.00,,17.00,12.30,504,0.00,47.7,0,0,0.00,0.00,0.00,12.00,0.00,0.00,0,0,0.00,0
2026-05-01 17:56:35,2073.64,0,0,0,0,0,0,0,0.00,0,0.00,5.13,2.15,0.00,0.00,D,0.00,0.94,1.13,1.07,12.00,WARN_WARNING,0.00,,13.90,12.30,504,0.63,47.7,0,0,0.00,0.00,0.00,0.94,0.00,0.00,0,0,0.00,0
2026-05-01 17:56:36,2074.65,0,0,0,0,0,0,0,-0.12,0,0.00,5.13,2.15,0.00,0.00,D,0.00,0.94,1.13,1.08,12.00,WARN_WARNING,0.00,,15.00,12.30,504,1.65,46.1,0,0,0.00,0.00,0.00,0.94,0.00,0.00,0,0,0.00,0
2026-05-01 17:56:38,2075.66,0,0,0,0,0,0,0,0.00,0,0.00,5.13,2.15,0.00,0.00,D,0.00,0.94,1.12,1.08,2.41,WARN_WARNING,0.00,,15.40,12.30,504,2.66,47.7,0,0,0.00,0.00,0.00,0.94,0.00,0.00,0,0,0.00,0
2026-05-01 17:56:39,2076.67,0,0,0,1,0,0,0,0.00,0,0.00,5.13,2.15,0.00,0.00,N,0.00,0.94,1.13,1.07,1.49,WARN_WARNING,0.00,,13.80,12.30,504,3.67,46.6,0,0,0.00,0.00,0.00,0.94,0.00,0.00,0,0,0.00,0
2026-05-01 17:56:40,2077.68,0,0,0,1,0,0,0,0.00,0,1.00,5.13,2.15,0.00,-0.07,R,0.00,0.94,1.12,1.07,1.05,WARN_WARNING,0.00,,14.60,12.30,504,4.68,48.3,0,0,0.00,0.00,0.00,0.94,0.00,0.00,0,0,0.00,0
2026-05-01 17:56:41,2078.69,0,0,0,0,0,0,0,0.00,0,1.00,5.13,2.14,0.01,-0.58,R,0.00,0.93,1.13,1.07,1.08,WARN_WARNING,0.00,,14.90,12.30,504,0.12,48.3,0,0,0.00,0.00,0.00,0.93,0.00,0.00,0,0,0.00,0
2026-05-01 17:56:42,2079.71,0,0,0,0,0,0,0,0.00,0,1.00,5.13,2.14,1.30,-1.00,R,0.00,0.93,1.10,1.07,1.10,WARN_WARNING,0.00,,14.30,12.30,504,0.00,47.2,0,0,0.00,0.00,0.00,0.93,0.00,0.00,0,0,0.00,0
2026-05-01 17:56:43,2080.71,0,0,0,0,0,0,0,0.00,0,1.00,5.13,2.14,4.52,-1.00,R,0.00,1.16,12.00,1.25,0.99,WARN_WARNING,0.00,,15.90,12.30,504,0.00,47.7,0,0,0.00,0.00,0.00,1.16,0.00,0.00,0,0,0.00,0
2026-05-01 17:56:44,2081.72,0,0,0,0,0,0,0,0.00,0,0.00,5.13,2.15,4.60,-0.78,R,0.00,1.16,12.00,1.25,1.05,WARN_WARNING,0.00,,13.90,12.30,504,0.00,48.3,0,0,0.00,0.00,0.00,1.16,0.00,0.00,0,0,0.00,0
2026-05-01 17:56:45,2082.73,0,0,0,0,0,0,0,0.00,0,0.00,5.13,2.15,3.48,-0.17,R,0.00,1.17,12.00,1.27,0.72,WARN_WARNING,0.00,,14.40,12.30,504,0.00,48.3,0,0,0.00,0.00,0.00,1.17,0.00,0.00,0,0,0.00,0
2026-05-01 17:56:46,2083.75,0,0,0,0,0,0,0,0.00,0,0.00,5.13,2.15,1.20,-0.00,R,0.00,1.17,12.00,1.26,0.75,WARN_WARNING,0.00,,13.70,12.30,504,0.00,48.8,0,0,0.00,0.00,0.00,1.17,0.00,0.00,0,0,0.00,0
2026-05-01 17:56:47,2084.76,0,0,0,0,0,0,0,0.00,0,0.00,5.13,2.15,0.00,-0.00,R,0.00,1.17,0.29,1.26,0.48,WARN_WARNING,0.00,,13.30,12.30,504,0.49,48.8,0,0,0.00,0.00,0.00,1.17,0.00,0.00,0,0,0.00,0
2026-05-01 17:56:48,2085.77,0,0,0,1,0,0,0,0.00,1,0.00,5.13,2.14,0.00,0.00,P,0.00,0.74,12.00,1.26,0.91,WARN_WARNING,0.00,,13.80,12.30,504,1.51,48.8,0,0,0.00,0.00,0.00,0.74,0.00,0.00,0,0,0.00,0
2026-05-01 17:56:49,2086.79,0,0,0,0,0,0,0,0.00,1,0.00,5.13,2.14,0.00,0.00,P,0.00,0.83,12.00,1.26,0.68,WARN_WARNING,0.00,,14.70,12.30,504,2.52,47.2,0,0,0.00,0.00,0.00,0.83,0.00,0.00,0,0,0.00,0
2026-05-01 17:56:50,2087.80,0,0,1,0,0,0,0,0.00,0,0.00,5.13,2.14,0.00,-0.00,R,0.00,0.89,12.00,1.26,0.75,WARN_WARNING,0.00,,14.20,12.30,504,0.62,46.6,0,0,0.00,0.00,0.00,0.89,0.00,0.00,0,0,0.00,0
2026-05-01 17:56:51,2088.81,0,0,1,0,0,0,0,0.00,0,1.00,5.13,2.14,0.00,0.10,D,0.00,0.89,12.00,1.26,1.30,WARN_WARNING,0.00,,14.10,12.30,504,1.64,47.2,0,0,0.00,0.00,0.00,0.89,0.00,0.00,0,0,0.00,0
2026-05-01 17:56:52,2089.82,0,0,0,0,0,0,0,0.00,0,1.00,5.13,2.14,1.82,0.60,D,0.00,0.66,12.00,1.26,1.34,WARN_WARNING,0.00,,15.30,12.30,504,0.00,46.6,0,0,0.00,0.00,0.00,0.66,0.00,0.00,0,0,0.00,0
2026-05-01 17:56:53,2090.93,0,0,0,0,0,0,0,0.00,0,1.00,5.13,2.14,4.37,1.00,D,0.00,0.34,12.00,1.32,1.35,STOP_WARNING,0.00,,15.70,12.30,504,0.00,47.7,0,0,0.00,0.00,0.00,0.34,0.00,0.00,0,0,0.00,0
2026-05-01 17:56:54,2091.84,0,0,0,0,0,0,0,0.00,0,1.00,5.13,2.14,2.43,1.00,D,0.00,12.00,0.66,12.00,1.38,^,0.00,,16.50,12.30,504,0.00,47.7,0,0,0.00,0.00,0.00,12.00,0.00,0.00,0,0,0.00,0
2026-05-01 17:56:55,2092.85,0,0,0,0,0,0,0,0.00,0,1.00,5.13,2.14,3.85,1.00,D,0.00,12.00,12.00,12.00,0.99,^,0.00,,16.00,12.30,504,0.00,47.2,0,0,0.00,0.00,0.00,12.00,0.00,0.00,0,0,0.00,0
2026-05-01 17:56:56,2093.86,0,0,0,0,0,0,0,0.00,0,1.00,5.13,2.14,3.85,1.00,D,0.00,12.00,12.00,12.00,2.12,^,0.00,,16.40,12.30,504,0.00,47.7,0,0,0.00,0.00,0.00,12.00,0.00,0.00,0,0,0.00,0
2026-05-01 17:56:57,2094.97,0,0,0,0,0,0,0,0.00,0,1.00,5.13,2.14,3.99,1.00,D,0.00,12.00,12.00,12.00,12.00,^,0.00,,14.70,12.30,504,0.00,46.6,0,0,0.00,0.00,0.00,12.00,0.00,0.00,0,0,0.00,0
2026-05-01 17:56:58,2095.87,0,0,0,0,0,0,0,1.00,0,1.00,5.13,2.14,3.18,1.00,D,0.00,12.00,12.00,12.00,12.00,^,0.00,,15.70,12.30,504,0.00,46.1,0,0,0.00,0.00,0.00,12.00,0.00,0.00,0,0,0.00,0
2026-05-01 17:56:59,2096.89,0,0,0,0,0,0,0,0.86,0,1.00,5.13,2.15,3.70,1.00,D,0.00,12.00,12.00,12.00,12.00,^,0.00,,15.80,12.30,504,0.00,48.3,0,0,0.00,0.00,0.00,12.00,0.00,0.00,0,0,0.00,0
2026-05-01 17:57:00,2097.90,0,0,0,0,0,0,0,-1.00,0,1.00,5.13,2.15,3.78,1.00,D,0.00,12.00,12.00,12.00,12.00,^,0.00,,16.60,12.30,504,0.00,47.7,0,0,0.00,0.00,0.00,12.00,0.00,0.00,0,0,0.00,0
2026-05-01 17:57:01,2098.91,0,0,0,0,0,0,0,0.51,0,1.00,5.13,2.15,3.77,1.00,D,0.00,12.00,12.00,2.00,12.00,^,0.00,,16.50,12.30,504,0.00,46.6,0,0,0.00,0.00,0.00,12.00,0.00,0.00,0,0,0.00,0
2026-05-01 17:57:02,2099.92,0,0,0,0,0,0,0,0.00,0,0.00,5.13,2.15,3.61,0.91,D,0.00,0.56,1.97,12.00,12.00,STOP_WARNING,0.00,,15.80,12.30,504,0.00,48.8,0,0,0.00,0.00,0.00,0.56,0.00,0.00,0,0,0.00,0
2026-05-01 17:57:03,2100.93,0,0,0,0,0,0,0,0.00,0,0.00,5.13,2.15,2.05,0.31,D,0.00,0.91,12.00,0.96,0.43,WARN_WARNING,0.00,,16.20,12.30,504,0.00,46.1,0,0,0.00,0.00,0.00,0.91,0.00,0.00,0,0,0.00,0
2026-05-01 17:57:04,2101.94,0,0,0,0,0,0,0,-0.18,0,0.00,5.13,2.15,1.07,0.00,D,0.00,12.00,12.00,0.58,1.22,^,0.00,,15.20,12.40,504,0.00,47.7,0,0,0.00,0.00,0.00,12.00,0.00,0.00,0,0,0.00,0
2026-05-01 17:57:05,2103.05,0,0,0,0,0,0,0,0.00,0,0.46,5.13,2.15,0.00,0.03,D,0.00,12.00,12.00,12.00,0.65,^,0.00,,14.90,12.40,504,0.34,46.6,0,0,0.00,0.00,0.00,12.00,0.00,0.00,0,0,0.00,0
2026-05-01 17:57:06,2103.95,0,0,0,0,0,0,0,0.00,0,0.17,5.13,2.15,0.00,0.02,D,0.00,12.00,12.00,12.00,0.52,^,0.00,,15.60,12.30,504,0.39,47.2,0,0,0.00,0.00,0.00,12.00,0.00,0.00,0,0,0.00,0
2026-05-01 17:57:07,2104.97,0,0,0,0,0,0,0,0.00,0,1.00,5.13,2.14,0.07,0.52,D,0.00,12.00,12.00,12.00,0.49,^,0.00,,15.40,12.30,504,0.01,47.2,0,0,0.00,0.00,0.00,12.00,0.00,0.00,0,0,0.00,0
2026-05-01 17:57:08,2105.98,0,0,0,0,0,0,0,-0.76,0,0.98,5.13,2.14,2.40,0.98,D,0.00,12.00,12.00,12.00,0.95,^,0.00,,15.20,12.30,504,0.00,47.2,0,0,0.00,0.00,0.00,12.00,0.00,0.00,0,0,0.00,0
2026-05-01 17:57:09,2107.10,0,0,0,0,0,0,0,0.00,0,0.78,5.13,2.14,3.88,0.86,D,0.00,12.00,12.00,1.58,1.59,^,0.00,,17.60,12.40,504,0.00,47.2,0,0,0.00,0.00,0.00,12.00,0.00,0.00,0,0,0.00,0
2026-05-01 17:57:10,2108.00,0,0,0,0,0,0,0,0.00,0,0.00,5.13,2.14,2.99,0.25,D,0.00,12.00,12.00,2.67,2.60,^,0.00,,16.60,12.40,504,0.00,47.7,0,0,0.00,0.00,0.00,12.00,0.00,0.00,0,0,0.00,0
2026-05-01 17:57:11,2109.02,0,0,0,0,0,0,0,0.00,0,0.00,5.13,2.14,1.45,0.00,D,0.00,12.00,12.00,12.00,3.43,^,0.00,,13.70,12.30,504,0.00,47.2,0,0,0.00,0.00,0.00,12.00,0.00,0.00,0,0,0.00,0
2026-05-01 17:57:12,2110.02,0,0,0,0,0,0,0,-0.32,0,0.91,5.13,2.14,0.00,0.11,D,0.00,12.00,12.00,2.70,2.67,^,0.00,,12.70,12.30,504,0.29,48.8,0,0,0.00,0.00,0.00,12.00,0.00,0.00,0,0,0.00,0
2026-05-01 17:57:13,2111.03,0,0,0,0,0,0,0,-0.33,0,1.00,5.13,2.14,0.04,0.62,D,0.00,12.00,12.00,12.00,12.00,^,0.00,,13.20,12.30,504,0.01,48.8,0,0,0.00,0.00,0.00,12.00,0.00,0.00,0,0,0.00,0
2026-05-01 17:57:14,2112.03,0,0,0,0,0,0,0,-0.65,0,1.00,5.13,2.14,2.43,1.00,D,0.00,12.00,0.99,12.00,0.98,^,0.00,,12.90,12.30,504,0.00,49.9,0,0,0.00,0.00,0.00,12.00,0.00,0.00,0,0,0.00,0
2026-05-01 17:57:15,2113.04,0,0,0,0,0,0,0,-0.96,0,0.00,5.13,2.14,2.45,0.51,D,0.00,12.00,12.00,12.00,12.00,^,0.00,,15.20,12.30,504,0.00,50.5,0,0,0.00,0.00,0.00,12.00,0.00,0.00,0,0,0.00,0
2026-05-01 17:57:16,2114.05,0,0,0,0,0,0,0,0.00,0,1.00,5.13,2.14,1.60,0.81,D,0.00,12.00,12.00,12.00,12.00,^,0.00,,13.70,12.30,504,0.00,48.3,0,0,0.00,0.00,0.00,12.00,0.00,0.00,0,0,0.00,0
2026-05-01 17:57:17,2115.06,0,0,0,0,0,0,0,0.71,0,1.00,5.13,2.14,3.52,1.00,D,0.00,12.00,3.77,12.00,2.68,^,0.00,,14.00,12.30,504,0.00,49.9,0,0,0.00,0.00,0.00,12.00,0.00,0.00,0,0,0.00,0
2026-05-01 17:57:18,2116.07,0,0,0,0,0,0,0,-0.72,0,0.78,5.13,2.14,3.14,0.86,D,0.00,12.00,12.00,12.00,2.82,^,0.00,,15.40,12.30,504,0.00,49.4,0,0,0.00,0.00,0.00,12.00,0.00,0.00,0,0,0.00,0
2026-05-01 17:57:19,2117.08,0,0,0,0,0,0,0,0.00,0,0.00,5.13,2.14,2.40,0.25,D,0.00,12.00,12.00,2.39,12.00,^,0.00,,14.60,12.40,504,0.00,49.4,0,0,0.00,0.00,0.00,12.00,0.00,0.00,0,0,0.00,0
2026-05-01 17:57:20,2118.10,0,0,0,0,0,0,0,-0.20,0,0.32,5.13,2.14,1.15,0.23,D,0.00,12.00,12.00,12.00,1.64,^,0.00,,14.20,12.30,504,0.00,47.7,0,0,0.00,0.00,0.00,12.00,0.00,0.00,0,0,0.00,0
2026-05-01 17:57:21,2119.11,0,0,0,0,0,0,0,-0.25,0,0.15,5.13,2.14,1.01,0.38,D,0.00,12.00,12.00,12.00,1.06,^,0.00,,15.60,12.30,504,0.00,47.7,0,0,0.00,0.00,0.00,12.00,0.00,0.00,0,0,0.00,0
2026-05-01 17:57:22,2120.12,0,0,0,0,0,0,0,-0.45,0,0.49,5.13,2.14,0.45,0.27,D,0.00,12.00,12.00,12.00,0.76,^,0.00,,16.60,12.30,504,0.00,47.2,0,0,0.00,0.00,0.00,12.00,0.00,0.00,0,0,0.00,0
2026-05-01 17:57:23,2121.13,0,0,0,0,0,0,0,0.00,0,0.27,5.13,2.14,0.34,0.27,D,0.00,12.00,12.00,12.00,0.74,^,0.00,,16.10,12.30,504,0.00,47.7,0,0,0.00,0.00,0.00,12.00,0.00,0.00,0,0,0.00,0
2026-05-01 17:57:24,2122.13,0,0,0,0,0,0,0,-0.12,0,0.57,5.13,2.14,0.86,0.57,D,0.00,2.36,12.00,2.32,0.93,^,0.00,,15.90,12.30,504,0.00,47.7,0,0,0.00,0.00,0.00,2.36,0.00,0.00,0,0,0.00,0
2026-05-01 17:57:25,2123.14,0,0,0,0,0,0,0,0.87,0,0.55,5.13,2.14,1.28,0.55,D,0.00,12.00,12.00,2.00,1.43,^,0.00,,16.50,12.30,504,0.00,48.3,0,0,0.00,0.00,0.00,12.00,0.00,0.00,0,0,0.00,0
2026-05-01 17:57:26,2124.16,0,0,0,0,0,0,0,-1.00,0,0.93,5.13,2.14,0.04,0.69,D,0.00,12.00,12.00,12.00,1.12,^,0.00,,13.90,12.40,504,0.01,48.3,0,0,0.00,0.00,0.00,12.00,0.00,0.00,0,0,0.00,0
2026-05-01 17:57:27,2125.27,0,0,0,0,0,0,0,0.00,0,0.00,5.13,2.14,2.01,0.89,D,0.00,12.00,1.38,12.00,1.04,^,0.00,,15.50,12.30,504,0.00,48.3,0,0,0.00,0.00,0.00,12.00,0.00,0.00,0,0,0.00,0
2026-05-01 17:57:28,2126.17,0,0,0,0,0,0,0,0.00,0,0.00,5.13,2.14,1.74,0.29,D,0.00,12.00,12.00,12.00,2.86,^,0.00,,13.40,12.30,504,0.00,49.9,0,0,0.00,0.00,0.00,12.00,0.00,0.00,0,0,0.00,0
2026-05-01 17:57:29,2127.19,0,0,0,0,0,0,0,0.00,0,0.00,5.13,2.14,0.83,0.00,D,0.00,12.00,12.00,12.00,12.00,^,0.00,,12.60,12.30,504,0.00,48.3,0,0,0.00,0.00,0.00,12.00,0.00,0.00,0,0,0.00,0
2026-05-01 17:57:30,2128.19,0,0,0,0,0,0,0,-0.99,0,1.00,5.13,2.14,0.00,0.26,D,0.00,12.00,12.00,12.00,2.52,^,0.00,,13.10,12.30,504,0.75,48.8,0,0,0.00,0.00,0.00,12.00,0.00,0.00,0,0,0.00,0
2026-05-01 17:57:31,2129.21,0,0,0,0,0,0,0,-1.00,0,1.00,5.13,2.14,0.47,0.77,D,0.00,12.00,12.00,12.00,1.70,^,0.00,,15.00,12.30,504,0.00,47.7,0,0,0.00,0.00,0.00,12.00,0.00,0.00,0,0,0.00,0
2026-05-01 17:57:32,2130.22,0,0,0,0,0,0,0,0.00,0,0.00,5.13,2.14,2.55,0.75,D,0.00,12.00,1.37,12.00,12.00,^,0.00,,13.80,12.30,504,0.00,47.7,0,0,0.00,0.00,0.00,12.00,0.00,0.00,0,0,0.00,0
2026-05-01 17:57:33,2131.23,0,0,0,0,0,0,0,0.00,0,0.00,5.13,2.14,1.72,0.14,D,0.00,12.00,1.21,12.00,1.13,^,0.00,,14.20,12.30,504,0.00,47.7,0,0,0.00,0.00,0.00,12.00,0.00,0.00,0,0,0.00,0
2026-05-01 17:57:34,2132.24,0,0,0,0,0,0,0,0.00,0,1.00,5.13,2.14,0.00,0.44,D,0.00,12.00,12.00,12.00,0.81,^,0.00,,12.50,12.30,504,0.43,48.8,0,0,0.00,0.00,0.00,12.00,0.00,0.00,0,0,0.00,0
2026-05-01 17:57:35,2133.25,0,0,0,0,0,0,0,0.00,0,1.00,5.13,2.14,1.30,0.95,D,0.00,12.00,12.00,12.00,0.41,^,0.00,,11.30,12.30,504,0.00,48.3,0,0,0.00,0.00,0.00,12.00,0.00,0.00,0,0,0.00,0
2026-05-01 17:57:36,2134.25,0,0,0,0,0,0,0,0.00,0,1.00,5.13,2.14,3.77,1.00,D,0.00,12.00,12.00,12.00,0.75,^,0.00,,14.50,12.30,504,0.00,49.4,0,0,0.00,0.00,0.00,12.00,0.00,0.00,0,0,0.00,0
2026-05-01 17:57:37,2135.26,0,0,0,0,0,0,0,-1.00,0,0.00,5.13,2.14,1.35,0.00,D,0.00,12.00,12.00,12.00,1.35,^,0.00,,18.20,12.30,504,0.00,47.7,0,0,0.00,0.00,0.00,12.00,0.00,0.00,0,0,0.00,0
2026-05-01 17:57:38,2136.28,0,0,0,0,0,0,0,0.00,0,1.00,5.13,2.14,0.02,0.05,D,0.00,12.00,12.00,12.00,1.22,^,0.00,,15.70,12.30,504,0.06,48.8,0,0,0.00,0.00,0.00,12.00,0.00,0.00,0,0,0.00,0
2026-05-01 17:57:39,2137.29,0,0,0,0,0,0,0,0.00,0,1.00,5.13,2.13,0.00,0.55,D,0.00,12.00,12.00,12.00,1.21,^,0.00,,14.00,12.30,504,0.01,48.3,0,0,0.00,0.00,0.00,12.00,0.00,0.00,0,0,0.00,0
2026-05-01 17:57:40,2138.30,0,0,0,0,0,0,0,0.00,0,1.00,5.13,2.13,1.91,1.00,D,0.00,12.00,12.00,12.00,1.28,^,0.00,,15.30,12.30,504,0.00,46.6,0,0,0.00,0.00,0.00,12.00,0.00,0.00,0,0,0.00,0
2026-05-01 17:57:41,2139.42,0,0,0,0,0,0,0,0.00,0,0.00,5.13,2.13,2.43,0.42,D,0.00,12.00,1.36,12.00,12.00,^,0.00,,16.50,12.30,504,0.00,47.2,0,0,0.00,0.00,0.00,12.00,0.00,0.00,0,0,0.00,0
2026-05-01 17:57:42,2140.32,0,0,0,0,0,0,0,0.00,0,0.00,5.13,2.13,1.12,0.00,D,0.00,12.00,12.00,12.00,1.38,^,0.00,,16.50,12.30,504,0.00,46.6,0,0,0.00,0.00,0.00,12.00,0.00,0.00,0,0,0.00,0
2026-05-01 17:57:43,2141.33,0,0,0,0,0,0,0,0.00,0,0.00,5.13,2.13,0.00,0.00,D,0.00,12.00,12.00,12.00,1.38,^,0.00,,15.10,12.30,504,0.14,47.7,0,0,0.00,0.00,0.00,12.00,0.00,0.00,0,0,0.00,0
2026-05-01 17:57:44,2142.34,0,0,0,0,0,0,0,-0.28,0,1.00,5.13,2.13,0.06,0.46,D,0.00,12.00,12.00,12.00,0.99,^,0.00,,13.70,12.30,504,0.01,47.7,0,0,0.00,0.00,0.00,12.00,0.00,0.00,0,0,0.00,0
2026-05-01 17:57:45,2143.35,0,0,0,0,0,0,0,0.00,0,0.00,5.13,2.13,0.76,0.27,D,0.00,12.00,12.00,12.00,0.94,^,0.00,,15.60,12.30,504,0.00,48.3,0,0,0.00,0.00,0.00,12.00,0.00,0.00,0,0,0.00,0
2026-05-01 17:57:46,2144.37,0,0,0,0,0,0,0,0.00,0,0.00,5.13,2.13,0.00,0.00,D,0.00,12.00,12.00,12.00,1.07,^,0.00,,15.20,12.30,504,0.33,47.7,0,0,0.00,0.00,0.00,12.00,0.00,0.00,0,0,0.00,0
2026-05-01 17:57:47,2145.38,0,0,0,0,0,0,0,0.00,0,0.00,5.13,2.13,0.00,0.00,D,0.00,12.00,12.00,12.00,1.34,^,0.00,,14.00,12.30,504,1.34,47.7,0,0,0.00,0.00,0.00,12.00,0.00,0.00,0,0,0.00,0
2026-05-01 17:57:48,2146.40,0,0,0,0,0,0,0,0.00,0,0.00,5.13,2.13,0.00,0.00,D,0.00,12.00,12.00,12.00,1.35,^,0.00,,14.40,12.30,504,2.36,47.7,0,0,0.00,0.00,0.00,12.00,0.00,0.00,0,0,0.00,0
2026-05-01 17:57:49,2147.41,0,0,0,0,0,0,0,-1.00,0,1.00,5.13,2.13,0.00,0.09,D,0.00,12.00,12.00,12.00,1.61,^,0.00,,13.90,12.30,504,3.37,47.2,0,0,0.00,0.00,0.00,12.00,0.00,0.00,0,0,0.00,0
2026-05-01 17:57:50,2148.41,0,0,0,0,0,0,0,-1.00,0,1.00,5.13,2.13,0.13,0.59,D,0.00,12.00,12.00,12.00,1.68,^,0.00,,11.30,12.30,504,0.00,47.2,0,0,0.00,0.00,0.00,12.00,0.00,0.00,0,0,0.00,0
2026-05-01 17:57:51,2149.43,0,0,0,0,0,0,0,0.71,0,1.00,5.13,2.13,2.37,1.00,D,0.00,12.00,12.00,12.00,1.59,^,0.00,,13.70,12.30,504,0.00,49.4,0,0,0.00,0.00,0.00,12.00,0.00,0.00,0,0,0.00,0
2026-05-01 17:57:52,2150.43,0,0,0,0,0,0,0,0.00,0,0.00,5.13,2.13,3.38,0.57,D,0.00,12.00,12.00,12.00,1.79,^,0.00,,13.90,12.30,504,0.00,48.8,0,0,0.00,0.00,0.00,12.00,0.00,0.00,0,0,0.00,0
2026-05-01 17:57:53,2151.44,0,0,0,0,0,0,0,0.00,0,0.00,5.13,2.13,2.02,0.00,D,0.00,12.00,12.00,12.00,2.17,^,0.00,,12.60,12.30,504,0.00,49.9,0,0,0.00,0.00,0.00,12.00,0.00,0.00,0,0,0.00,0
2026-05-01 17:57:54,2152.45,0,0,0,0,0,0,0,0.00,0,0.00,5.13,2.13,0.55,0.00,D,0.00,12.00,12.00,12.00,1.75,^,0.00,,13.70,12.30,504,0.01,48.8,0,0,0.00,0.00,0.00,12.00,0.00,0.00,0,0,0.00,0
2026-05-01 17:57:55,2153.46,0,0,1,1,0,0,0,0.00,0,0.00,5.13,2.12,0.00,0.00,N,0.00,12.00,12.00,12.00,1.06,^,0.00,,11.70,12.30,504,0.78,49.4,0,0,0.00,0.00,0.00,12.00,0.00,0.00,0,0,0.00,0
2026-05-01 17:57:56,2154.48,0,0,1,0,0,0,0,0.00,0,0.00,5.13,2.12,0.00,0.00,D,0.00,12.00,12.00,12.00,1.11,^,0.00,,11.00,12.30,504,1.79,49.9,0,0,0.00,0.00,0.00,12.00,0.00,0.00,0,0,0.00,0
2026-05-01 17:57:57,2155.48,0,0,0,0,0,0,0,0.00,0,0.00,5.13,2.12,0.00,0.00,D,0.00,12.00,12.00,12.00,1.11,^,0.00,,12.00,12.30,504,2.80,50.5,0,0,0.00,0.00,0.00,12.00,0.00,0.00,0,0,0.00,0
2026-05-01 17:57:58,2156.50,0,0,0,0,0,0,0,0.00,0,0.00,5.13,2.12,0.00,0.00,D,0.00,12.00,12.00,12.00,1.10,^,0.00,,11.60,12.30,504,3.81,48.3,0,0,0.00,0.00,0.00,12.00,0.00,0.00,0,0,0.00,0
2026-05-01 17:57:59,2157.51,0,0,0,0,0,0,0,0.00,0,0.00,5.13,2.12,0.00,0.00,D,0.00,12.00,12.00,12.00,0.63,^,0.00,,13.40,12.30,504,4.83,49.9,0,0,0.00,0.00,0.00,12.00,0.00,0.00,0,0,0.00,0
2026-05-01 17:58:00,2158.52,0,0,0,0,0,0,0,0.00,0,0.00,5.13,2.12,0.00,0.00,D,0.00,12.00,0.40,12.00,12.00,^,0.00,,14.00,12.30,504,5.84,48.3,0,0,0.00,0.00,0.00,12.00,0.00,0.00,0,0,0.00,0
2026-05-01 17:58:01,2159.63,0,0,0,0,0,0,0,0.00,0,0.00,5.13,2.12,0.00,0.00,D,0.00,12.00,0.93,12.00,12.00,^,0.00,,15.00,12.30,504,6.95,48.3,0,0,0.00,0.00,0.00,12.00,0.00,0.00,0,0,0.00,0
2026-05-01 17:58:02,2160.54,0,0,0,0,0,0,0,0.00,0,0.00,5.13,2.12,0.00,0.00,D,0.00,12.00,0.84,12.00,0.84,^,0.00,,14.10,12.30,504,7.85,46.6,0,0,0.00,0.00,0.00,12.00,0.00,0.00,0,0,0.00,0
2026-05-01 17:58:03,2161.55,0,0,0,0,0,0,0,0.00,0,0.00,5.13,2.12,0.00,0.00,D,0.00,12.00,12.00,12.00,0.78,^,0.00,,13.80,12.30,504,8.87,47.2,0,0,0.00,0.00,0.00,12.00,0.00,0.00,0,0,0.00,0
2026-05-01 17:58:04,2162.56,0,0,0,0,0,0,0,0.00,0,0.00,5.13,2.12,0.00,0.00,D,0.00,12.00,12.00,12.00,0.89,^,0.00,,14.00,12.30,504,9.88,46.1,0,0,0.00,0.00,0.00,12.00,0.00,0.00,0,0,0.00,0
2026-05-01 17:58:05,2163.57,0,0,0,0,0,0,0,0.00,0,0.00,5.13,2.12,0.00,0.00,D,0.00,12.00,12.00,12.00,1.03,^,0.00,,13.60,12.30,504,10.89,47.2,0,0,0.00,0.00,0.00,12.00,0.00,0.00,0,0,0.00,0
2026-05-01 17:58:06,2164.59,0,0,0,0,0,0,0,0.00,0,0.00,5.13,2.11,0.00,0.00,D,0.00,12.00,12.00,12.00,1.03,^,0.00,,14.90,12.30,504,11.91,48.3,1,0,0.00,0.00,0.00,12.00,0.00,0.00,0,0,0.00,0
2026-05-01 17:58:07,2165.60,0,0,0,0,0,0,0,0.00,0,0.00,5.13,2.11,0.00,0.00,D,0.00,12.00,12.00,12.00,1.03,^,0.00,,13.50,12.30,504,12.92,47.2,1,0,0.00,0.00,0.00,12.00,0.00,0.00,0,0,0.00,0
2026-05-01 17:58:08,2166.61,0,0,0,0,0,0,0,0.00,0,0.00,5.13,2.11,0.00,0.00,D,0.00,12.00,12.00,12.00,1.03,^,0.00,,14.30,12.30,504,13.93,46.6,1,0,0.00,0.00,0.00,12.00,0.00,0.00,0,0,0.00,0
2026-05-01 17:58:09,2167.63,0,0,0,0,0,0,0,0.00,0,0.00,5.13,2.11,0.00,0.00,D,0.00,12.00,12.00,12.00,0.92,^,0.00,,14.40,12.30,504,14.94,47.2,1,0,0.00,0.00,0.00,12.00,0.00,0.00,0,0,0.00,0
2026-05-01 17:58:10,2168.64,0,0,0,0,0,0,0,0.00,0,0.00,5.13,2.11,0.00,0.00,D,0.00,12.00,12.00,12.00,0.69,^,0.00,,14.50,12.30,504,15.95,47.7,1,0,0.00,0.00,0.00,12.00,0.00,0.00,0,0,0.00,0
2026-05-01 17:58:11,2169.65,0,0,0,0,0,0,0,0.00,0,0.00,5.13,2.11,0.00,0.00,D,0.00,12.00,0.79,12.00,0.64,^,0.00,,14.20,12.30,504,16.97,47.7,1,0,0.00,0.00,0.00,12.00,0.00,0.00,0,0,0.00,0
2026-05-01 17:58:13,2170.66,0,0,0,0,0,0,0,0.00,0,0.00,5.13,2.11,0.00,0.00,D,0.00,12.00,12.00,12.00,0.63,^,0.00,,14.60,12.30,504,17.98,47.7,1,0,0.00,0.00,0.00,12.00,0.00,0.00,0,0,0.00,0
2026-05-01 17:58:14,2171.68,0,0,0,0,0,0,0,0.00,0,0.00,5.13,2.11,0.00,0.00,D,0.00,12.00,0.53,12.00,0.56,^,0.00,,14.20,12.30,504,18.99,47.7,1,0,0.00,0.00,0.00,12.00,0.00,0.00,0,0,0.00,0
2026-05-01 17:58:15,2172.69,0,0,0,0,0,0,0,0.00,0,0.00,5.13,2.11,0.00,0.00,D,0.00,12.00,0.60,12.00,0.67,^,0.00,,14.20,12.30,504,20.01,47.7,1,0,0.00,0.00,0.00,12.00,0.00,0.00,0,0,0.00,0
2026-05-01 17:58:16,2173.80,0,0,0,0,0,0,0,0.00,0,0.00,5.13,2.11,0.00,0.00,D,0.00,12.00,0.57,12.00,0.58,^,0.00,,12.80,12.30,504,21.12,47.2,1,0,0.00,0.00,0.00,12.00,0.00,0.00,0,0,0.00,0
2026-05-01 17:58:17,2174.70,0,0,0,0,0,0,0,0.00,0,0.00,5.13,2.10,0.00,0.00,D,0.00,12.00,0.68,12.00,0.70,^,0.00,,12.00,12.30,504,22.02,47.7,1,0,0.00,0.00,0.00,12.00,0.00,0.00,0,0,0.00,0
2026-05-01 17:58:18,2175.71,0,0,0,0,0,0,0,0.00,0,0.00,5.13,2.10,0.00,0.00,D,0.00,12.00,0.70,12.00,0.71,^,0.00,,12.20,12.30,504,23.03,48.8,1,0,0.00,0.00,0.00,12.00,0.00,0.00,0,0,0.00,0
2026-05-01 17:58:19,2176.72,0,0,0,0,0,0,0,0.00,0,0.00,5.13,2.10,0.00,0.00,D,0.00,12.00,0.71,12.00,0.73,^,0.00,,12.80,12.30,504,24.04,49.4,1,0,0.00,0.00,0.00,12.00,0.00,0.00,0,0,0.00,0
2026-05-01 17:58:20,2177.74,0,0,0,0,0,0,0,0.00,0,0.00,5.13,2.10,0.00,0.00,D,0.00,12.00,0.69,12.00,0.70,^,0.00,,12.10,12.30,504,25.06,48.3,1,0,0.00,0.00,0.00,12.00,0.00,0.00,0,0,0.00,0
2026-05-01 17:58:21,2178.75,0,0,0,0,0,0,0,0.00,0,0.00,5.13,2.10,0.00,0.00,D,0.00,12.00,0.68,12.00,0.69,^,0.00,,13.80,12.30,504,26.06,47.2,1,0,0.00,0.00,0.00,12.00,0.00,0.00,0,0,0.00,0
2026-05-01 17:58:22,2179.86,0,0,0,0,0,0,0,0.00,0,0.00,5.13,2.10,0.00,0.00,D,0.00,12.00,0.68,12.00,0.69,^,0.00,,14.40,12.30,504,27.18,47.7,1,0,0.00,0.00,0.00,12.00,0.00,0.00,0,0,0.00,0
2026-05-01 17:58:23,2180.76,0,0,0,0,0,0,0,0.00,0,0.00,5.13,2.10,0.00,0.00,D,0.00,12.00,0.68,12.00,0.53,^,0.00,,15.90,12.30,504,28.08,48.3,1,0,0.00,0.00,0.00,12.00,0.00,0.00,0,0,0.00,0
2026-05-01 17:58:24,2181.87,0,0,0,0,0,0,0,0.00,0,0.00,5.13,2.10,0.00,0.00,D,0.00,12.00,0.69,12.00,0.52,^,0.00,,14.50,12.30,504,29.19,48.3,1,0,0.00,0.00,0.00,12.00,0.00,0.00,0,0,0.00,0
2026-05-01 17:58:25,2182.78,0,0,0,0,0,0,0,0.00,0,0.00,5.13,2.10,0.00,0.00,D,0.00,12.00,0.69,12.00,0.52,^,0.00,,15.60,12.30,504,30.10,48.3,1,0,0.00,0.00,0.00,12.00,0.00,0.00,0,0,0.00,0
2026-05-01 17:58:26,2183.79,0,0,0,0,0,0,0,0.00,0,0.00,5.13,2.10,0.00,0.00,D,0.00,12.00,0.69,12.00,0.50,^,0.00,,13.30,12.30,504,31.11,47.7,1,0,0.00,0.00,0.00,12.00,0.00,0.00,0,0,0.00,0
2026-05-01 17:58:27,2184.80,0,0,0,0,0,0,0,0.00,0,0.00,5.13,2.09,0.00,0.00,D,0.00,12.00,0.69,12.00,0.49,^,0.00,,14.70,12.30,504,32.12,47.2,1,0,0.00,0.00,0.00,12.00,0.00,0.00,0,0,0.00,0
2026-05-01 17:58:28,2185.82,0,0,0,0,0,0,0,0.00,0,0.00,5.13,2.09,0.00,0.00,D,0.00,12.00,0.69,12.00,0.47,^,0.00,,14.80,12.30,504,33.13,47.7,1,0,0.00,0.00,0.00,12.00,0.00,0.00,0,0,0.00,0
2026-05-01 17:58:29,2186.83,0,0,0,0,0,0,0,0.48,0,1.00,5.13,2.09,0.00,0.39,D,0.00,12.00,0.69,12.00,0.59,^,0.00,,13.50,12.30,504,34.15,47.2,1,0,0.00,0.00,0.00,12.00,0.00,0.00,0,0,0.00,0
2026-05-01 17:58:30,2187.84,0,0,0,0,0,0,0,1.00,0,1.00,5.13,2.09,1.43,0.89,D,0.00,12.00,12.00,12.00,0.72,^,0.00,,15.30,12.30,504,0.00,48.8,1,0,0.00,0.00,0.00,12.00,0.00,0.00,0,0,0.00,0
2026-05-01 17:58:31,2188.86,0,0,0,0,0,0,0,0.00,0,0.00,5.13,2.09,3.39,0.80,D,0.00,12.00,12.00,1.69,1.54,^,0.00,,16.00,12.30,504,0.00,48.3,1,0,0.00,0.00,0.00,12.00,0.00,0.00,0,0,0.00,0
2026-05-01 17:58:32,2189.87,0,0,0,0,0,0,0,1.00,0,0.50,5.13,2.09,2.34,0.84,D,0.00,12.00,12.00,1.33,1.91,^,0.00,,13.00,12.30,504,0.00,48.3,1,0,0.00,0.00,0.00,12.00,0.00,0.00,0,0,0.00,0
2026-05-01 17:58:33,2190.88,0,0,0,0,0,0,0,-1.00,0,1.00,5.13,2.09,1.48,0.77,D,0.00,12.00,12.00,0.90,12.00,^,0.00,,15.30,12.30,504,0.00,47.7,1,0,0.00,0.00,0.00,12.00,0.00,0.00,0,0,0.00,0
2026-05-01 17:58:34,2191.89,0,0,0,0,0,0,0,1.00,0,1.00,5.13,2.09,3.68,1.00,D,0.00,12.00,12.00,12.00,1.52,^,0.00,,14.90,12.30,504,0.00,49.4,1,0,0.00,0.00,0.00,12.00,0.00,0.00,0,0,0.00,0
2026-05-01 17:58:35,2192.90,0,0,0,0,0,0,0,0.00,0,0.00,5.13,2.09,2.35,0.49,D,0.00,12.00,12.00,12.00,2.07,^,0.00,,12.70,12.30,504,0.00,49.9,1,0,0.00,0.00,0.00,12.00,0.00,0.00,0,0,0.00,0
2026-05-01 17:58:36,2193.90,0,0,0,0,0,0,0,0.00,0,0.00,5.13,2.09,0.56,0.00,D,0.00,12.00,12.00,12.00,2.23,^,0.00,,13.90,12.30,504,0.01,48.3,1,0,0.00,0.00,0.00,12.00,0.00,0.00,0,0,0.00,0
2026-05-01 17:58:37,2194.92,0,0,0,0,0,0,0,0.00,1,0.00,5.13,2.09,0.00,0.00,D,0.00,12.00,12.00,12.00,1.49,^,0.00,,11.90,12.30,504,0.74,49.4,1,0,0.00,0.00,0.00,12.00,0.00,0.00,0,0,0.00,0
2026-05-01 17:58:38,2195.93,0,0,0,0,0,0,0,0.00,1,0.00,5.13,2.09,0.00,0.00,D,0.00,12.00,12.00,12.00,0.89,^,0.00,,11.90,12.30,504,1.75,50.5,1,0,0.00,0.00,0.00,12.00,0.00,0.00,0,0,0.00,0
2026-05-01 17:58:39,2196.94,0,0,0,0,0,0,0,0.00,1,0.00,5.13,2.09,0.00,0.00,D,0.00,12.00,12.00,12.00,0.44,^,0.00,,12.70,12.30,504,2.77,48.3,1,0,0.00,0.00,0.00,12.00,0.00,0.00,0,0,0.00,0
2026-05-01 17:58:40,2197.95,0,0,0,0,0,0,0,0.00,1,0.00,5.13,2.09,0.00,0.00,D,0.00,12.00,12.00,0.62,0.68,^,0.00,,11.30,12.30,504,3.78,51.0,1,0,0.00,0.00,0.00,12.00,0.00,0.00,0,0,0.00,0
2026-05-01 17:58:41,2198.97,0,0,0,0,0,0,0,0.00,0,0.00,5.13,2.09,0.00,0.00,D,0.00,12.00,12.00,0.42,0.44,^,0.00,,13.10,12.40,504,4.79,49.9,1,0,0.00,0.00,0.00,12.00,0.00,0.00,0,0,0.00,0
2026-05-01 17:58:42,2200.08,0,0,0,0,0,0,0,0.00,0,0.00,5.13,2.09,0.00,0.00,D,0.00,12.00,12.00,0.30,0.34,^,0.00,,14.30,12.30,504,5.91,48.8,1,0,0.00,0.00,0.00,12.00,0.00,0.00,0,0,0.00,0
2026-05-01 17:58:43,2200.99,0,0,0,0,0,0,0,0.00,0,0.00,5.13,2.09,0.00,0.00,D,0.00,12.00,12.00,0.26,0.26,^,0.00,,14.00,12.30,504,6.81,47.2,1,0,0.00,0.00,0.00,12.00,0.00,0.00,0,0,0.00,0
2026-05-01 17:58:44,2202.00,0,0,0,0,0,0,0,0.00,0,0.00,5.13,2.08,0.00,0.00,D,0.00,12.00,1.78,0.26,0.26,^,0.00,,14.20,12.30,504,0.01,48.8,1,0,0.00,0.00,0.00,12.00,0.00,0.00,0,0,0.00,0
2026-05-01 17:58:45,2203.01,0,0,0,0,0,0,0,0.00,0,0.00,5.13,2.08,0.00,0.00,D,0.00,12.00,1.78,0.25,0.26,^,0.00,,14.00,12.30,504,0.00,47.2,1,0,0.00,0.00,0.00,12.00,0.00,0.00,0,0,0.00,0
2026-05-01 17:58:46,2204.02,0,0,0,0,0,0,0,0.00,0,0.00,5.13,2.08,0.00,0.00,D,0.00,12.00,1.68,0.26,0.25,^,0.00,,15.90,12.30,504,0.02,48.3,1,0,0.00,0.00,0.00,12.00,0.00,0.00,0,0,0.00,0
2026-05-01 17:58:47,2205.03,0,0,0,0,0,0,0,0.00,0,0.00,5.13,2.08,0.00,0.00,D,0.00,12.00,1.71,0.25,0.24,^,0.00,,13.50,12.30,504,0.02,48.3,1,0,0.00,0.00,0.00,12.00,0.00,0.00,0,0,0.00,0
2026-05-01 17:58:48,2206.15,0,0,0,0,0,0,0,0.00,0,0.00,5.13,2.08,0.00,0.00,D,0.00,12.00,1.70,0.29,0.27,^,0.00,,14.60,12.30,504,0.16,47.2,1,0,0.00,0.00,0.00,12.00,0.00,0.00,0,0,0.00,0
2026-05-01 17:58:49,2207.05,0,0,0,0,0,0,0,0.00,0,0.00,5.13,2.08,0.00,0.00,D,0.00,12.00,1.71,0.28,0.26,^,0.00,,14.20,12.30,504,0.18,48.3,1,0,0.00,0.00,0.00,12.00,0.00,0.00,0,0,0.00,0
2026-05-01 17:58:50,2208.07,0,0,0,0,0,0,0,0.00,0,0.00,5.13,2.08,0.00,0.00,D,0.00,12.00,1.68,0.33,0.30,^,0.00,,13.70,12.30,504,1.19,47.2,1,0,0.00,0.00,0.00,12.00,0.00,0.00,0,0,0.00,0
2026-05-01 17:58:51,2209.08,0,0,0,0,0,0,0,-1.00,0,1.00,5.13,2.08,0.00,0.12,D,0.00,12.00,1.65,12.00,0.35,^,0.00,,15.70,12.30,504,2.21,48.3,1,0,0.00,0.00,0.00,12.00,0.00,0.00,0,0,0.00,0
2026-05-01 17:58:52,2210.08,0,0,0,0,0,0,0,-1.00,0,1.00,5.13,2.08,0.01,0.62,D,0.00,12.00,1.72,12.00,0.42,^,0.00,,15.10,12.30,504,0.01,46.6,1,0,0.00,0.00,0.00,12.00,0.00,0.00,0,0,0.00,0
2026-05-01 17:58:53,2211.10,0,0,0,0,0,0,0,0.00,0,0.00,5.13,2.08,1.96,0.78,D,0.00,1.87,1.29,12.00,0.93,^,0.00,,15.40,12.40,504,0.00,48.3,1,0,0.00,0.00,0.00,1.87,0.00,0.00,0,0,0.00,0
2026-05-01 17:58:54,2212.11,0,0,0,0,0,0,0,0.00,0,1.00,5.13,2.08,1.02,0.45,D,0.00,0.93,0.92,12.00,0.87,WARN_WARNING,0.00,,15.10,12.30,504,0.00,47.2,1,0,0.00,0.00,0.00,0.93,0.00,0.00,0,0,0.00,0
2026-05-01 17:58:55,2213.12,0,0,0,0,0,0,0,0.00,0,1.00,5.13,2.08,0.36,0.96,D,0.00,0.79,0.89,12.00,0.82,WARN_WARNING,0.00,,14.80,12.30,504,0.00,47.7,1,0,0.00,0.00,0.00,0.79,0.00,0.00,0,0,0.00,0
2026-05-01 17:58:56,2214.23,0,0,0,0,0,0,0,-0.16,0,1.00,5.13,2.08,0.16,0.96,D,0.00,0.78,0.85,12.00,0.74,WARN_WARNING,0.00,,14.80,12.40,504,0.01,48.3,1,0,0.00,0.00,0.00,0.78,0.00,0.00,0,0,0.00,0
2026-05-01 17:58:57,2215.14,0,0,0,0,0,0,0,0.00,0,0.00,5.13,2.07,1.43,0.77,D,0.00,12.00,0.86,0.76,0.84,^,0.00,,17.20,12.30,504,0.00,47.7,1,0,0.00,0.00,0.00,12.00,0.00,0.00,0,0,0.00,0
2026-05-01 17:58:58,2216.25,0,0,0,0,0,0,0,0.00,0,0.00,5.13,2.07,0.00,0.00,D,0.00,12.00,12.00,1.14,0.94,^,0.00,,14.20,12.30,504,0.08,46.6,1,0,0.00,0.00,0.00,12.00,0.00,0.00,0,0,0.00,0
2026-05-01 17:58:59,2217.15,0,0,0,0,0,0,0,0.00,0,0.00,5.13,2.07,0.00,0.00,D,0.00,12.00,0.87,1.18,0.87,^,0.00,,13.80,12.30,504,0.98,46.6,1,0,0.00,0.00,0.00,12.00,0.00,0.00,0,0,0.00,0
2026-05-01 17:59:00,2218.17,0,0,0,0,0,0,0,0.00,0,0.00,5.13,2.07,0.00,0.00,D,0.00,12.00,0.47,0.74,0.25,^,0.00,,15.00,12.30,504,1.99,47.2,1,0,0.00,0.00,0.00,12.00,0.00,0.00,0,0,0.00,0
2026-05-01 17:59:01,2219.18,0,0,0,0,0,0,0,0.00,0,0.00,5.13,2.07,0.00,0.00,D,0.00,12.00,0.27,0.69,0.41,^,0.00,,15.10,12.30,504,3.01,46.1,1,0,0.00,0.00,0.00,12.00,0.00,0.00,0,0,0.00,0
2026-05-01 17:59:02,2220.29,0,0,0,0,0,0,0,0.00,0,0.00,5.13,2.07,0.00,0.00,D,0.00,12.00,0.25,0.70,0.37,^,0.00,,16.20,12.40,504,0.36,47.2,1,0,0.00,0.00,0.00,12.00,0.00,0.00,0,0,0.00,0
2026-05-01 17:59:03,2221.20,0,0,0,0,0,0,0,0.00,0,0.00,5.13,2.07,0.00,0.00,D,0.00,12.00,0.26,0.70,0.38,^,0.00,,14.90,12.30,504,0.02,47.7,1,0,0.00,0.00,0.00,12.00,0.00,0.00,0,0,0.00,0
2026-05-01 17:59:04,2222.21,0,0,0,0,0,0,0,0.00,0,0.00,5.13,2.07,0.00,0.00,D,0.00,12.00,0.28,0.72,0.38,^,0.00,,14.10,12.30,504,0.02,47.7,1,0,0.00,0.00,0.00,12.00,0.00,0.00,0,0,0.00,0
2026-05-01 17:59:05,2223.22,0,0,0,0,0,0,0,0.00,0,0.00,5.13,2.07,0.00,0.00,D,0.00,12.00,0.27,1.02,0.37,^,0.00,,14.40,12.30,504,0.01,47.7,1,0,0.00,0.00,0.00,12.00,0.00,0.00,0,0,0.00,0
2026-05-01 17:59:06,2224.24,0,0,0,0,0,0,0,0.00,0,0.00,5.13,2.07,0.00,0.00,D,0.00,12.00,0.28,1.90,0.28,^,0.00,,13.90,12.30,504,0.02,47.7,1,0,0.00,0.00,0.00,12.00,0.00,0.00,0,0,0.00,0
2026-05-01 17:59:07,2225.25,0,0,0,0,0,0,0,0.00,0,0.00,5.13,2.07,0.00,0.00,D,0.00,12.00,0.17,12.00,0.28,^,0.00,,15.10,12.30,504,0.09,47.7,1,0,0.00,0.00,0.00,12.00,0.00,0.00,0,0,0.00,0
2026-05-01 17:59:08,2226.26,0,0,0,0,0,0,0,0.00,1,0.00,5.13,2.06,0.00,0.00,D,0.00,0.04,12.00,0.03,0.29,STOP_WARNING,0.00,aeb_stop,14.20,12.30,504,0.24,47.2,1,1,0.00,0.00,0.00,0.04,0.00,0.00,0,0,0.00,0
2026-05-01 17:59:09,2227.28,0,0,0,0,0,0,0,0.00,1,0.00,5.13,2.06,0.23,0.00,D,0.00,0.07,12.00,0.04,0.24,STOP_WARNING,0.00,aeb_stop,15.50,12.30,504,0.01,47.2,1,1,0.00,0.00,0.00,0.07,0.00,0.00,0,0,0.00,0
2026-05-01 17:59:10,2228.29,0,0,0,0,0,0,0,0.00,1,0.00,5.13,2.06,0.00,0.00,D,0.00,0.07,12.00,0.05,0.20,STOP_WARNING,0.00,aeb_stop,15.00,12.30,504,0.40,47.7,1,1,0.00,0.00,0.00,0.07,0.00,0.00,0,0,0.00,0
2026-05-01 17:59:11,2229.30,0,0,0,0,0,0,0,0.00,1,0.00,5.13,2.06,0.00,0.00,D,0.00,0.04,12.00,0.04,0.25,STOP_WARNING,0.00,aeb_stop,13.80,12.30,504,0.12,47.7,1,1,0.00,0.00,0.00,0.04,0.00,0.00,0,0,0.00,0
2026-05-01 17:59:12,2230.32,0,0,0,0,0,0,0,0.00,1,0.00,5.13,2.06,0.00,0.00,D,0.00,0.05,12.00,0.04,0.18,STOP_WARNING,0.00,aeb_stop,14.90,12.30,504,0.03,46.6,1,1,0.00,0.00,0.00,0.05,0.00,0.00,0,0,0.00,0
2026-05-01 17:59:13,2231.32,0,0,0,0,0,0,0,0.00,1,0.00,5.13,2.06,0.00,0.00,D,0.00,0.06,12.00,0.06,0.21,STOP_WARNING,0.00,aeb_stop,15.40,12.30,504,0.13,47.7,1,1,0.00,0.00,0.00,0.06,0.00,0.00,0,0,0.00,0
2026-05-01 17:59:14,2232.33,0,0,0,0,0,0,0,0.00,1,0.00,5.13,2.06,0.00,0.00,D,0.00,0.11,1.56,0.10,0.20,STOP_WARNING,0.00,aeb_stop,14.90,12.30,504,0.01,47.7,1,1,0.00,0.00,0.00,0.11,0.00,0.00,0,0,0.00,0
2026-05-01 17:59:15,2233.35,0,0,0,0,0,0,0,0.00,1,0.00,5.13,2.06,0.00,0.00,D,0.00,1.44,0.92,0.13,0.13,^,0.00,,15.10,12.30,504,0.03,47.2,1,0,0.00,0.00,0.00,1.44,0.00,0.00,0,0,0.00,0
2026-05-01 17:59:16,2234.36,0,0,0,0,0,0,0,0.00,1,0.00,5.13,2.06,0.00,0.00,D,0.00,1.53,0.99,0.10,0.13,^,0.00,,13.60,12.30,504,0.13,47.2,1,0,0.00,0.00,0.00,1.53,0.00,0.00,0,0,0.00,0
2026-05-01 17:59:17,2235.37,0,0,0,0,0,0,0,0.00,1,0.00,5.13,2.06,0.00,0.00,D,0.00,1.77,1.09,0.08,0.14,^,0.00,,14.00,12.30,504,0.03,47.2,1,0,0.00,0.00,0.00,1.77,0.00,0.00,0,0,0.00,0
2026-05-01 17:59:18,2236.38,0,0,0,0,0,0,0,0.00,1,0.00,5.13,2.06,0.00,0.00,D,0.00,0.09,1.20,0.06,0.15,STOP_WARNING,0.00,aeb_stop,14.50,12.30,504,0.70,48.3,1,1,0.00,0.00,0.00,0.09,0.00,0.00,0,0,0.00,0
2026-05-01 17:59:19,2237.39,0,0,0,0,0,0,0,0.00,1,0.00,5.13,2.05,0.00,0.00,D,0.00,0.05,12.00,0.04,0.20,STOP_WARNING,0.00,aeb_stop,16.00,12.30,504,0.94,47.2,1,1,0.00,0.00,0.00,0.05,0.00,0.00,0,0,0.00,0
2026-05-01 17:59:20,2238.39,0,0,0,0,0,0,0,0.00,1,0.00,5.13,2.05,0.00,0.00,D,0.00,12.00,12.00,12.00,0.23,^,0.00,,14.10,12.30,504,0.85,46.6,1,0,0.00,0.00,0.00,12.00,0.00,0.00,0,0,0.00,0
2026-05-01 17:59:21,2239.40,0,0,0,0,0,0,0,0.00,1,0.00,5.13,2.05,0.00,0.00,D,0.00,12.00,12.00,12.00,0.26,^,0.00,,14.40,12.30,504,1.86,47.7,1,0,0.00,0.00,0.00,12.00,0.00,0.00,0,0,0.00,0
2026-05-01 17:59:22,2240.41,0,0,0,0,0,0,0,0.00,1,0.00,5.13,2.05,0.00,0.00,D,0.00,12.00,12.00,12.00,0.67,^,0.00,,13.70,12.30,504,2.88,47.2,1,0,0.00,0.00,0.00,12.00,0.00,0.00,0,0,0.00,0
2026-05-01 17:59:23,2241.43,0,0,0,0,0,0,0,0.00,1,0.00,5.13,2.05,0.00,0.00,D,0.00,12.00,12.00,12.00,0.94,^,0.00,,14.60,12.30,504,3.89,46.1,1,0,0.00,0.00,0.00,12.00,0.00,0.00,0,0,0.00,0
2026-05-01 17:59:24,2242.54,0,0,0,0,0,0,0,0.00,1,0.00,5.13,2.05,0.00,0.00,D,0.00,12.00,12.00,12.00,1.23,^,0.00,,14.30,12.30,504,5.00,47.2,1,0,0.00,0.00,0.00,12.00,0.00,0.00,0,0,0.00,0
2026-05-01 17:59:25,2243.45,0,0,0,0,0,0,0,0.00,1,0.00,5.13,2.05,0.00,0.00,D,0.00,12.00,12.00,12.00,1.11,^,0.00,,15.20,12.30,504,5.91,47.2,1,0,0.00,0.00,0.00,12.00,0.00,0.00,0,0,0.00,0
2026-05-01 17:59:26,2244.56,0,0,0,0,0,0,0,0.00,1,0.00,5.13,2.05,0.00,0.00,D,0.00,12.00,12.00,12.00,0.77,^,0.00,,14.10,12.30,504,7.02,46.1,1,0,0.00,0.00,0.00,12.00,0.00,0.00,0,0,0.00,0
2026-05-01 17:59:27,2245.46,0,0,0,0,0,0,0,0.00,1,0.00,5.13,2.05,0.00,0.00,D,0.00,12.00,12.00,12.00,0.72,^,0.00,,14.90,12.30,504,7.92,47.2,1,0,0.00,0.00,0.00,12.00,0.00,0.00,0,0,0.00,0
2026-05-01 17:59:28,2246.57,0,0,0,0,0,0,0,0.00,1,0.00,5.13,2.05,0.00,0.00,D,0.00,12.00,12.00,12.00,1.07,^,0.00,,13.70,12.30,504,9.04,47.7,1,0,0.00,0.00,0.00,12.00,0.00,0.00,0,0,0.00,0
2026-05-01 17:59:29,2247.48,0,0,0,0,0,0,0,0.00,1,0.00,5.13,2.05,0.00,0.00,D,0.00,12.00,1.32,12.00,0.50,^,0.00,,13.70,12.30,504,9.94,47.7,1,0,0.00,0.00,0.00,12.00,0.00,0.00,0,0,0.00,0
2026-05-01 17:59:30,2248.49,0,0,0,0,0,0,0,0.00,1,0.00,5.13,2.04,0.00,0.00,D,0.00,12.00,0.48,12.00,0.28,^,0.00,,14.20,12.30,504,10.95,47.7,1,0,0.00,0.00,0.00,12.00,0.00,0.00,0,0,0.00,0
2026-05-01 17:59:31,2249.50,0,0,0,0,0,0,0,0.00,1,0.00,5.13,2.04,0.00,0.00,D,0.00,12.00,0.49,2.71,0.50,^,0.00,,13.50,12.30,504,11.97,47.7,1,0,0.00,0.00,0.00,12.00,0.00,0.00,0,0,0.00,0
2026-05-01 17:59:32,2250.52,0,0,0,0,0,0,0,0.00,1,0.00,5.13,2.04,0.00,0.00,D,0.00,1.25,12.00,2.73,0.73,^,0.00,,14.60,12.30,504,12.98,47.2,1,0,0.00,0.00,0.00,1.25,0.00,0.00,0,0,0.00,0
2026-05-01 17:59:33,2251.53,0,0,0,0,0,0,0,0.00,1,0.00,5.13,2.04,0.00,0.00,D,0.00,1.44,12.00,12.00,1.26,^,0.00,,14.30,12.30,504,13.99,46.6,1,0,0.00,0.00,0.00,1.44,0.00,0.00,0,0,0.00,0
2026-05-01 17:59:34,2252.54,0,0,0,0,0,0,0,0.00,1,0.00,5.13,2.04,0.00,0.00,D,0.00,1.45,12.00,2.67,1.33,^,0.00,,14.20,12.30,504,0.52,47.2,1,0,0.00,0.00,0.00,1.45,0.00,0.00,0,0,0.00,0
2026-05-01 17:59:35,2253.56,0,0,0,0,0,0,0,0.00,1,0.00,5.13,2.04,0.00,0.00,D,0.00,1.40,12.00,2.68,1.33,^,0.00,,14.40,12.30,504,1.53,47.7,1,0,0.00,0.00,0.00,1.40,0.00,0.00,0,0,0.00,0
2026-05-01 17:59:36,2254.57,0,0,0,0,0,0,0,0.00,1,0.00,5.13,2.04,0.00,0.00,D,0.00,1.40,12.00,2.67,1.31,^,0.00,,14.20,12.30,504,0.69,46.6,1,0,0.00,0.00,0.00,1.40,0.00,0.00,0,0,0.00,0
2026-05-01 17:59:37,2255.58,0,0,0,0,0,0,0,0.00,1,0.00,5.13,2.04,0.00,0.00,D,0.00,1.43,12.00,2.68,1.31,^,0.00,,14.10,12.30,504,1.70,47.7,1,0,0.00,0.00,0.00,1.43,0.00,0.00,0,0,0.00,0
2026-05-01 17:59:38,2256.59,0,0,0,0,0,0,0,0.00,1,0.00,5.13,2.04,0.00,0.00,D,0.00,1.50,12.00,12.00,1.31,^,0.00,,14.70,12.30,504,2.72,47.2,1,0,0.00,0.00,0.00,1.50,0.00,0.00,0,0,0.00,0
2026-05-01 17:59:39,2257.61,0,0,0,0,0,0,0,0.00,1,0.00,5.13,2.04,0.00,0.00,D,0.00,1.51,1.57,2.66,1.30,^,0.00,,14.20,12.30,504,3.73,46.6,1,0,0.00,0.00,0.00,1.51,0.00,0.00,0,0,0.00,0
2026-05-01 17:59:41,2258.72,0,0,0,0,0,0,0,0.00,1,0.00,5.13,2.04,0.00,0.00,D,0.00,12.00,1.45,2.66,1.30,^,0.00,,13.00,12.30,504,4.84,46.6,1,0,0.00,0.00,0.00,12.00,0.00,0.00,0,0,0.00,0
2026-05-01 17:59:41,2259.62,0,0,0,0,0,0,0,0.00,1,0.00,5.13,2.03,0.00,0.00,D,0.00,12.00,1.29,2.66,1.23,^,0.00,,14.40,12.30,504,0.38,47.7,1,0,0.00,0.00,0.00,12.00,0.00,0.00,0,0,0.00,0
2026-05-01 17:59:43,2260.74,0,0,0,0,0,0,0,0.00,1,0.00,5.13,2.03,0.00,0.00,D,0.00,12.00,1.12,2.66,1.13,^,0.00,,13.10,12.30,504,1.50,47.7,1,0,0.00,0.00,0.00,12.00,0.00,0.00,0,0,0.00,0
2026-05-01 17:59:43,2261.64,0,0,0,0,0,0,0,0.00,1,0.00,5.13,2.03,0.00,0.00,D,0.00,12.00,0.98,2.66,1.00,^,0.00,,13.70,12.30,504,2.40,46.1,1,0,0.00,0.00,0.00,12.00,0.00,0.00,0,0,0.00,0
2026-05-01 17:59:45,2262.75,0,0,0,0,0,0,0,0.00,1,0.00,5.13,2.03,0.00,0.00,D,0.00,12.00,1.08,2.65,0.84,^,0.00,,13.40,12.30,504,3.51,47.7,1,0,0.00,0.00,0.00,12.00,0.00,0.00,0,0,0.00,0
2026-05-01 17:59:46,2263.66,0,0,0,0,0,0,0,0.00,1,0.00,5.13,2.03,0.00,0.00,D,0.00,12.00,1.09,2.66,0.92,^,0.00,,14.10,12.30,504,4.42,47.7,1,0,0.00,0.00,0.00,12.00,0.00,0.00,0,0,0.00,0
2026-05-01 17:59:47,2264.67,0,0,0,0,0,0,0,0.00,1,0.00,5.13,2.03,0.00,0.00,D,0.00,12.00,1.04,2.65,0.99,^,0.00,,14.20,12.30,504,5.43,47.7,1,0,0.00,0.00,0.00,12.00,0.00,0.00,0,0,0.00,0
2026-05-01 17:59:48,2265.68,0,0,0,0,0,0,0,0.00,1,0.00,5.13,2.03,0.00,0.00,D,0.00,12.00,12.00,2.65,0.42,^,0.00,,15.30,12.30,504,6.44,47.7,1,0,0.00,0.00,0.00,12.00,0.00,0.00,0,0,0.00,0
2026-05-01 17:59:49,2266.79,0,0,0,0,0,0,0,0.00,1,0.00,5.13,2.03,0.00,0.00,D,0.00,12.00,12.00,2.67,0.35,^,0.00,,13.70,12.30,504,7.55,46.1,1,0,0.00,0.00,0.00,12.00,0.00,0.00,0,0,0.00,0
2026-05-01 17:59:50,2267.70,0,0,0,0,0,0,0,0.00,1,0.00,5.13,2.03,0.00,0.00,D,0.00,12.00,12.00,2.68,0.57,^,0.00,,13.70,12.30,504,8.46,48.3,1,0,0.00,0.00,0.00,12.00,0.00,0.00,0,0,0.00,0
2026-05-01 17:59:51,2268.81,0,0,0,0,0,0,0,0.00,1,0.00,5.13,2.03,0.00,0.00,D,0.00,12.00,12.00,2.62,0.58,^,0.00,,12.10,12.30,504,9.57,47.2,1,0,0.00,0.00,0.00,12.00,0.00,0.00,0,0,0.00,0
2026-05-01 17:59:52,2269.72,0,0,0,0,0,0,0,0.00,1,0.00,5.13,2.03,0.00,0.00,D,0.00,12.00,12.00,2.54,0.75,^,0.00,,12.60,12.30,504,10.48,48.3,1,0,0.00,0.00,0.00,12.00,0.00,0.00,0,0,0.00,0
2026-05-01 17:59:53,2270.73,0,0,0,0,0,0,0,0.00,1,0.00,5.13,2.02,0.00,0.00,D,0.00,12.00,12.00,12.00,0.72,^,0.00,,13.00,12.30,504,11.49,48.3,1,0,0.00,0.00,0.00,12.00,0.00,0.00,0,0,0.00,0
2026-05-01 17:59:54,2271.75,0,0,0,0,0,0,0,0.00,1,0.00,5.13,2.02,0.00,0.00,D,0.00,12.00,12.00,12.00,0.79,^,0.00,,12.10,12.30,504,12.51,47.7,1,0,0.00,0.00,0.00,12.00,0.00,0.00,0,0,0.00,0
2026-05-01 17:59:55,2272.76,0,0,0,0,0,0,0,0.00,1,0.00,5.13,2.02,0.00,0.00,D,0.00,12.00,12.00,12.00,0.82,^,0.00,,13.00,12.30,504,13.52,47.2,1,0,0.00,0.00,0.00,12.00,0.00,0.00,0,0,0.00,0
2026-05-01 17:59:56,2273.77,0,0,0,0,0,0,0,0.00,1,0.00,5.13,2.02,0.00,0.00,D,0.00,12.00,12.00,12.00,0.83,^,0.00,,13.70,12.30,504,14.53,47.7,1,0,0.00,0.00,0.00,12.00,0.00,0.00,0,0,0.00,0
2026-05-01 17:59:57,2274.78,0,0,0,0,0,0,0,0.00,1,0.00,5.13,2.02,0.00,0.00,D,0.00,12.00,12.00,12.00,1.19,^,0.00,,14.60,12.30,504,15.54,47.2,1,0,0.00,0.00,0.00,12.00,0.00,0.00,0,0,0.00,0
2026-05-01 17:59:58,2275.80,0,0,0,0,0,0,0,0.00,1,0.00,5.13,2.02,0.00,0.00,D,0.00,12.00,12.00,12.00,1.01,^,0.00,,14.20,12.30,504,16.56,47.2,1,0,0.00,0.00,0.00,12.00,0.00,0.00,0,0,0.00,0
2026-05-01 17:59:59,2276.81,0,0,0,0,0,0,0,0.00,1,0.00,5.13,2.02,0.00,0.00,D,0.00,12.00,12.00,12.00,0.94,^,0.00,,13.70,12.30,504,0.30,47.7,1,0,0.00,0.00,0.00,12.00,0.00,0.00,0,0,0.00,0
2026-05-01 18:00:00,2277.83,0,0,0,0,0,0,0,0.00,1,0.00,5.13,2.02,0.00,0.00,D,0.00,12.00,12.00,12.00,0.74,^,0.00,,14.60,12.30,504,1.31,47.7,1,0,0.00,0.00,0.00,12.00,0.00,0.00,0,0,0.00,0
2026-05-01 18:00:01,2278.94,0,0,0,0,0,0,0,0.00,1,0.00,5.13,2.02,0.00,0.00,D,0.00,12.00,12.00,12.00,0.77,^,0.00,,14.10,12.30,504,2.43,47.7,1,0,0.00,0.00,0.00,12.00,0.00,0.00,0,0,0.00,0
2026-05-01 18:00:02,2279.84,0,0,0,0,0,0,0,0.00,1,0.00,5.13,2.02,0.00,0.00,D,0.00,12.00,12.00,12.00,0.83,^,0.00,,13.40,12.30,504,3.33,46.1,1,0,0.00,0.00,0.00,12.00,0.00,0.00,0,0,0.00,0
2026-05-01 18:00:03,2280.86,0,0,0,0,0,0,0,0.00,1,0.00,5.13,2.02,0.00,0.00,D,0.00,12.00,12.00,12.00,0.94,^,0.00,,14.80,12.30,504,0.03,46.6,1,0,0.00,0.00,0.00,12.00,0.00,0.00,0,0,0.00,0
2026-05-01 18:00:04,2281.87,0,0,0,0,0,0,0,0.00,1,0.00,5.13,2.01,0.00,0.00,D,0.00,12.00,12.00,12.00,0.81,^,0.00,,15.00,12.30,504,1.05,47.2,1,0,0.00,0.00,0.00,12.00,0.00,0.00,0,0,0.00,0
2026-05-01 18:00:05,2282.89,0,0,0,0,0,0,0,0.00,1,0.00,5.13,2.01,0.00,0.00,D,0.00,12.00,12.00,12.00,0.82,^,0.00,,14.00,12.30,504,2.06,47.7,1,0,0.00,0.00,0.00,12.00,0.00,0.00,0,0,0.00,0
2026-05-01 18:00:06,2283.89,0,0,0,0,0,0,0,0.00,1,0.00,5.13,2.01,0.00,0.00,D,0.00,12.00,12.00,12.00,0.85,^,0.00,,14.30,12.30,504,3.06,47.2,1,0,0.00,0.00,0.00,12.00,0.00,0.00,0,0,0.00,0
2026-05-01 18:00:07,2285.00,0,0,0,0,0,0,0,0.00,1,0.00,5.13,2.01,0.00,0.00,D,0.00,12.00,12.00,12.00,0.86,^,0.00,,13.70,12.30,504,4.17,48.3,1,0,0.00,0.00,0.00,12.00,0.00,0.00,0,0,0.00,0
2026-05-01 18:00:08,2285.90,0,0,0,0,0,0,0,0.00,1,0.00,5.13,2.01,0.00,0.00,D,0.00,12.00,0.70,12.00,0.26,^,0.00,,14.60,12.30,504,5.08,47.7,1,0,0.00,0.00,0.00,12.00,0.00,0.00,0,0,0.00,0
2026-05-01 18:00:09,2286.92,0,0,0,0,0,0,0,0.00,1,0.00,5.13,2.01,0.00,0.00,D,0.00,12.00,0.27,12.00,0.23,^,0.00,,15.90,12.30,504,0.14,47.7,1,0,0.00,0.00,0.00,12.00,0.00,0.00,0,0,0.00,0
2026-05-01 18:00:10,2287.93,0,0,0,0,0,0,0,0.00,1,0.00,5.13,2.01,0.00,0.00,D,0.00,12.00,1.06,12.00,0.42,^,0.00,,14.00,12.30,504,1.16,47.2,1,0,0.00,0.00,0.00,12.00,0.00,0.00,0,0,0.00,0
2026-05-01 18:00:11,2288.95,0,0,0,0,0,0,0,0.00,1,0.00,5.13,2.01,0.00,0.00,D,0.00,12.00,1.10,12.00,0.91,^,0.00,,13.90,12.30,504,2.17,47.2,1,0,0.00,0.00,0.00,12.00,0.00,0.00,0,0,0.00,0
2026-05-01 18:00:12,2289.96,0,0,0,0,0,0,0,0.00,1,0.00,5.13,2.01,0.00,0.00,D,0.00,12.00,1.14,12.00,1.47,^,0.00,,14.40,12.30,504,3.18,47.7,1,0,0.00,0.00,0.00,12.00,0.00,0.00,0,0,0.00,0
2026-05-01 18:00:13,2290.97,0,0,0,0,0,0,0,0.00,1,0.00,5.13,2.01,0.00,0.00,D,0.00,12.00,0.95,12.00,1.48,^,0.00,,14.60,12.30,504,4.19,46.6,1,0,0.00,0.00,0.00,12.00,0.00,0.00,0,0,0.00,0
2026-05-01 18:00:14,2291.98,0,0,0,0,0,0,0,0.00,1,0.00,5.13,2.01,0.00,0.00,D,0.00,12.00,1.09,12.00,1.10,^,0.00,,13.50,12.30,504,5.21,47.2,1,0,0.00,0.00,0.00,12.00,0.00,0.00,0,0,0.00,0
2026-05-01 18:00:15,2292.99,0,0,0,0,0,0,0,0.00,1,0.00,5.13,2.00,0.00,0.00,D,0.00,12.00,12.00,12.00,1.18,^,0.00,,15.00,12.30,504,6.22,47.2,1,0,0.00,0.00,0.00,12.00,0.00,0.00,0,0,0.00,0
2026-05-01 18:00:16,2294.00,0,0,0,0,0,0,0,0.00,1,0.00,5.13,2.00,0.00,0.00,D,0.00,12.00,12.00,12.00,1.20,^,0.00,,14.10,12.30,504,7.23,47.7,1,0,0.00,0.00,0.00,12.00,0.00,0.00,0,0,0.00,0
2026-05-01 18:00:17,2295.02,0,0,0,0,0,0,0,0.00,1,0.00,5.13,2.00,0.00,0.00,D,0.00,12.00,12.00,12.00,1.11,^,0.00,,15.00,12.40,504,8.24,46.6,1,0,0.00,0.00,0.00,12.00,0.00,0.00,0,0,0.00,0
2026-05-01 18:00:18,2296.03,0,0,0,0,0,0,0,0.00,1,0.00,5.13,2.00,0.00,0.00,D,0.00,12.00,12.00,12.00,1.11,^,0.00,,13.90,12.40,504,9.26,47.2,1,0,0.00,0.00,0.00,12.00,0.00,0.00,0,0,0.00,0
2026-05-01 18:00:19,2297.05,0,0,0,0,0,0,0,0.00,1,0.00,5.13,2.00,0.00,0.00,D,0.00,12.00,12.00,12.00,1.12,^,0.00,,14.80,12.40,504,10.27,47.7,1,0,0.00,0.00,0.00,12.00,0.00,0.00,0,0,0.00,0
2026-05-01 18:00:20,2298.06,0,0,0,0,0,0,0,0.00,1,0.00,5.13,2.00,0.00,0.00,D,0.00,12.00,12.00,12.00,1.12,^,0.00,,14.60,12.30,504,0.34,47.2,1,0,0.00,0.00,0.00,12.00,0.00,0.00,0,0,0.00,0
2026-05-01 18:00:21,2299.07,0,0,0,0,0,0,0,0.00,1,0.00,5.13,2.00,0.00,0.00,D,0.00,12.00,12.00,12.00,0.55,^,0.00,,14.80,12.30,504,0.01,46.1,1,0,0.00,0.00,0.00,12.00,0.00,0.00,0,0,0.00,0
2026-05-01 18:00:22,2300.08,0,0,0,0,0,0,0,0.00,1,0.00,5.13,2.00,0.00,0.00,D,0.00,12.00,12.00,12.00,0.83,^,0.00,,13.30,12.30,504,0.95,47.7,1,0,0.00,0.00,0.00,12.00,0.00,0.00,0,0,0.00,0
2026-05-01 18:00:23,2301.19,0,0,0,0,0,0,0,0.00,1,0.00,5.13,2.00,0.00,0.00,D,0.00,12.00,12.00,12.00,1.14,^,0.00,,13.70,12.40,504,2.06,47.2,1,0,0.00,0.00,0.00,12.00,0.00,0.00,0,0,0.00,0
2026-05-01 18:00:24,2302.09,0,0,0,0,0,0,0,0.00,1,0.00,5.13,2.00,0.00,0.00,D,0.00,12.00,12.00,12.00,0.87,^,0.00,,14.20,12.40,504,2.96,45.5,1,0,0.00,0.00,0.00,12.00,0.00,0.00,0,0,0.00,0
2026-05-01 18:00:25,2303.11,0,0,0,0,0,0,0,0.00,1,0.00,5.13,2.00,0.00,0.00,D,0.00,12.00,12.00,12.00,0.93,^,0.00,,14.20,12.30,504,3.97,47.2,1,0,0.00,0.00,0.00,12.00,0.00,0.00,0,0,0.00,0
2026-05-01 18:00:26,2304.12,0,0,0,0,0,0,0,0.00,1,0.00,5.13,2.00,0.00,0.00,D,0.00,12.00,12.00,12.00,0.92,^,0.00,,12.80,12.30,504,4.99,46.6,1,0,0.00,0.00,0.00,12.00,0.00,0.00,0,0,0.00,0
2026-05-01 18:00:27,2305.23,0,0,0,0,0,0,0,0.00,1,0.00,5.13,1.99,0.00,0.00,D,0.00,12.00,12.00,12.00,0.73,^,0.00,,11.50,12.30,504,0.99,47.2,1,0,0.00,0.00,0.00,12.00,0.00,0.00,0,0,0.00,0
2026-05-01 18:00:28,2306.14,0,0,0,0,0,0,0,0.00,1,0.00,5.13,1.99,0.00,0.00,D,0.00,12.00,12.00,12.00,0.65,^,0.00,,11.40,12.30,504,1.90,48.8,1,0,0.00,0.00,0.00,12.00,0.00,0.00,0,0,0.00,0
2026-05-01 18:00:29,2307.15,0,0,0,0,0,0,0,0.00,1,0.00,5.13,1.99,0.00,0.00,D,0.00,12.00,12.00,12.00,0.91,^,0.00,,11.90,12.30,504,2.91,48.3,1,0,0.00,0.00,0.00,12.00,0.00,0.00,0,0,0.00,0
2026-05-01 18:00:30,2308.16,0,0,0,0,0,0,0,0.00,1,0.00,5.13,1.99,0.00,0.00,D,0.00,12.00,12.00,12.00,0.62,^,0.00,,12.50,12.30,504,3.93,48.3,1,0,0.00,0.00,0.00,12.00,0.00,0.00,0,0,0.00,0
2026-05-01 18:00:31,2309.16,0,0,0,0,0,0,0,0.00,1,0.00,5.13,1.99,0.00,0.00,D,0.00,12.00,12.00,12.00,0.38,^,0.00,,13.80,12.30,504,4.93,46.6,1,0,0.00,0.00,0.00,12.00,0.00,0.00,0,0,0.00,0
2026-05-01 18:00:32,2310.17,0,0,0,0,0,0,0,0.00,1,0.00,5.13,1.99,0.00,0.00,D,0.00,12.00,12.00,12.00,0.52,^,0.00,,13.70,12.30,504,5.94,46.6,1,0,0.00,0.00,0.00,12.00,0.00,0.00,0,0,0.00,0
2026-05-01 18:00:33,2311.18,0,0,0,0,0,0,0,0.00,1,0.00,5.13,1.99,0.00,0.00,D,0.00,12.00,12.00,12.00,0.95,^,0.00,,14.20,12.30,504,6.95,47.7,1,0,0.00,0.00,0.00,12.00,0.00,0.00,0,0,0.00,0
2026-05-01 18:00:34,2312.20,0,0,0,0,0,0,0,0.00,1,0.00,5.13,1.99,0.00,0.00,D,0.00,12.00,12.00,12.00,1.08,^,0.00,,13.70,12.30,504,7.96,47.7,1,0,0.00,0.00,0.00,12.00,0.00,0.00,0,0,0.00,0
2026-05-01 18:00:35,2313.21,0,0,0,0,0,0,0,0.00,1,0.00,5.13,1.99,0.00,0.00,D,0.00,12.00,12.00,12.00,0.75,^,0.00,,14.70,12.30,504,8.98,47.2,1,0,0.00,0.00,0.00,12.00,0.00,0.00,0,0,0.00,0
2026-05-01 18:00:36,2314.32,0,0,0,0,0,0,0,0.00,1,0.00,5.13,1.99,0.00,0.00,D,0.00,12.00,12.00,12.00,0.54,^,0.00,,12.00,12.30,504,10.09,48.3,1,0,0.00,0.00,0.00,12.00,0.00,0.00,0,0,0.00,0
2026-05-01 18:00:37,2315.23,0,0,0,0,0,0,0,0.00,1,0.00,5.13,1.99,0.00,0.00,D,0.00,12.00,12.00,12.00,0.63,^,0.00,,11.90,12.30,504,10.99,46.6,1,0,0.00,0.00,0.00,12.00,0.00,0.00,0,0,0.00,0
2026-05-01 18:00:38,2316.24,0,0,0,0,0,0,0,0.00,1,0.00,5.13,1.98,0.00,0.00,D,0.00,12.00,12.00,12.00,0.75,^,0.00,,13.00,12.30,504,12.00,48.8,1,0,0.00,0.00,0.00,12.00,0.00,0.00,0,0,0.00,0
2026-05-01 18:00:39,2317.25,0,0,0,0,0,0,0,0.00,1,0.00,5.13,1.98,0.00,0.00,D,0.00,12.00,12.00,12.00,0.74,^,0.00,,12.60,12.40,504,13.02,48.3,1,0,0.00,0.00,0.00,12.00,0.00,0.00,0,0,0.00,0
2026-05-01 18:00:40,2318.37,0,0,0,0,0,0,0,0.00,1,0.00,5.13,1.98,0.00,0.00,D,0.00,12.00,12.00,12.00,0.76,^,0.00,,11.80,12.30,504,14.13,47.7,1,0,0.00,0.00,0.00,12.00,0.00,0.00,0,0,0.00,0
2026-05-01 18:00:41,2319.27,0,0,0,0,0,0,0,0.00,1,0.00,5.13,1.98,0.00,0.00,D,0.00,12.00,12.00,12.00,0.96,^,0.00,,12.70,12.40,504,15.03,48.3,1,0,0.00,0.00,0.00,12.00,0.00,0.00,0,0,0.00,0
2026-05-01 18:00:42,2320.28,0,0,0,0,0,0,0,0.00,1,0.00,5.13,1.98,0.00,0.00,D,0.00,12.00,12.00,12.00,0.74,^,0.00,,11.90,12.30,504,16.05,48.3,1,0,0.00,0.00,0.00,12.00,0.00,0.00,0,0,0.00,0
2026-05-01 18:00:43,2321.30,0,0,0,0,0,0,0,0.00,1,0.00,5.13,1.98,0.00,0.00,D,0.00,12.00,12.00,12.00,0.33,^,0.00,,12.50,12.30,504,0.60,48.8,1,0,0.00,0.00,0.00,12.00,0.00,0.00,0,0,0.00,0
2026-05-01 18:00:44,2322.31,0,0,0,0,0,0,0,0.00,1,0.00,5.13,1.98,0.00,0.00,D,0.00,0.48,12.00,12.00,1.29,STOP_WARNING,0.00,aeb_stop,13.30,12.30,504,1.61,49.9,1,1,0.00,0.00,0.00,0.48,0.00,0.00,0,0,0.00,0
2026-05-01 18:00:45,2323.31,0,0,0,0,0,0,0,0.00,1,0.00,5.13,1.98,0.00,0.00,D,0.00,1.02,12.00,12.00,0.77,WARN_WARNING,0.00,,12.50,12.30,504,0.18,48.8,1,0,0.00,0.00,0.00,1.02,0.00,0.00,0,0,0.00,0
2026-05-01 18:00:46,2324.32,0,0,0,0,0,0,0,0.00,1,0.00,5.13,1.98,0.00,0.00,D,0.00,1.43,12.00,12.00,0.81,^,0.00,,15.00,12.30,504,1.19,47.2,1,0,0.00,0.00,0.00,1.43,0.00,0.00,0,0,0.00,0
2026-05-01 18:00:47,2325.34,0,0,0,0,0,0,0,0.00,1,0.00,5.13,1.98,0.00,0.00,D,0.00,1.08,1.11,12.00,0.95,WARN_WARNING,0.00,,16.60,12.40,504,2.20,46.6,1,0,0.00,0.00,0.00,1.08,0.00,0.00,0,0,0.00,0
2026-05-01 18:00:48,2326.35,0,0,0,0,0,0,0,0.00,1,0.00,5.13,1.98,0.00,0.00,D,0.00,12.00,0.92,12.00,1.02,^,0.00,,14.40,12.30,504,3.21,48.8,1,0,0.00,0.00,0.00,12.00,0.00,0.00,0,0,0.00,0
2026-05-01 18:00:49,2327.46,0,0,0,0,0,0,0,0.00,1,0.00,5.13,1.98,0.00,0.00,D,0.00,12.00,12.00,1.42,1.30,^,0.00,,13.40,12.30,504,4.32,48.3,1,0,0.00,0.00,0.00,12.00,0.00,0.00,0,0,0.00,0
2026-05-01 18:00:50,2328.36,0,0,0,0,0,0,0,0.00,1,0.00,5.13,1.97,0.00,0.00,D,0.00,12.00,12.00,2.81,1.30,^,0.00,,13.90,12.30,504,5.23,47.2,1,0,0.00,0.00,0.00,12.00,0.00,0.00,0,0,0.00,0
2026-05-01 18:00:51,2329.48,0,0,0,0,0,0,0,0.00,1,0.00,5.13,1.97,0.00,0.00,D,0.00,12.00,12.00,12.00,1.30,^,0.00,,14.30,12.30,504,0.65,48.3,1,0,0.00,0.00,0.00,12.00,0.00,0.00,0,0,0.00,0
2026-05-01 18:00:52,2330.39,0,0,0,0,0,0,0,0.00,1,0.00,5.13,1.97,0.00,0.00,D,0.00,12.00,12.00,12.00,1.31,^,0.00,,13.80,12.30,504,0.43,47.2,1,0,0.00,0.00,0.00,12.00,0.00,0.00,0,0,0.00,0
2026-05-01 18:00:53,2331.50,0,0,0,0,0,0,0,0.00,1,0.00,5.13,1.97,0.00,0.00,D,0.00,12.00,12.00,12.00,1.33,^,0.00,,14.30,12.30,504,1.55,48.3,1,0,0.00,0.00,0.00,12.00,0.00,0.00,0,0,0.00,0
2026-05-01 18:00:54,2332.41,0,0,0,0,0,0,0,0.00,1,0.00,5.13,1.97,0.00,0.00,D,0.00,12.00,12.00,12.00,1.22,^,0.00,,13.60,12.30,504,2.45,48.3,1,0,0.00,0.00,0.00,12.00,0.00,0.00,0,0,0.00,0
2026-05-01 18:00:55,2333.42,0,0,0,0,0,0,0,0.00,1,0.00,5.13,1.97,0.00,0.00,D,0.00,12.00,12.00,12.00,0.91,^,0.00,,13.00,12.30,504,3.46,48.3,1,0,0.00,0.00,0.00,12.00,0.00,0.00,0,0,0.00,0
2026-05-01 18:00:56,2334.43,0,0,0,0,0,0,0,0.00,1,0.00,5.13,1.97,0.00,0.00,D,0.00,12.00,12.00,12.00,0.52,^,0.00,,14.40,12.30,504,4.47,46.6,1,0,0.00,0.00,0.00,12.00,0.00,0.00,0,0,0.00,0
2026-05-01 18:00:57,2335.44,0,0,0,0,0,0,0,0.00,1,0.00,5.13,1.97,0.00,0.00,D,0.00,12.00,0.30,12.00,0.03,^,0.00,,15.50,12.30,504,5.48,48.3,1,0,0.00,0.00,0.00,12.00,0.00,0.00,0,0,0.00,0
2026-05-01 18:00:58,2336.46,0,0,0,0,0,0,0,0.00,1,0.00,5.13,1.97,0.00,0.00,D,0.00,0.44,12.00,12.00,1.36,STOP_WARNING,0.00,aeb_stop,14.60,12.30,504,6.50,48.3,1,1,0.00,0.00,0.00,0.44,0.00,0.00,0,0,0.00,0
2026-05-01 18:00:59,2337.47,0,0,0,0,0,0,0,0.00,1,0.00,5.13,1.97,0.00,0.00,D,0.00,0.99,12.00,12.00,1.40,WARN_WARNING,0.00,,14.60,12.30,504,7.51,48.3,1,0,0.00,0.00,0.00,0.99,0.00,0.00,0,0,0.00,0
2026-05-01 18:01:00,2338.48,0,0,0,0,0,0,0,0.00,1,0.00,5.13,1.97,0.00,0.00,D,0.00,1.20,12.00,12.00,1.41,WARN_WARNING,0.00,,13.70,12.30,504,8.53,46.1,1,0,0.00,0.00,0.00,1.20,0.00,0.00,0,0,0.00,0
2026-05-01 18:01:01,2339.50,0,0,0,0,0,0,0,0.00,1,0.00,5.13,1.96,0.00,0.00,D,0.00,1.27,12.00,12.00,1.39,^,0.00,,14.20,12.30,504,9.54,48.3,1,0,0.00,0.00,0.00,1.27,0.00,0.00,0,0,0.00,0
2026-05-01 18:01:02,2340.51,0,0,0,0,0,0,0,0.00,1,0.00,5.13,1.96,0.00,0.00,D,0.00,0.84,12.00,12.00,1.41,WARN_WARNING,0.00,,14.10,12.30,504,10.55,47.2,1,0,0.00,0.00,0.00,0.84,0.00,0.00,0,0,0.00,0
2026-05-01 18:01:03,2341.52,0,0,0,0,0,0,0,0.98,1,0.00,5.13,1.96,0.00,0.00,D,0.00,0.52,0.52,12.00,1.41,STOP_WARNING,0.00,aeb_stop,13.70,12.30,504,11.57,46.1,1,1,0.00,0.00,0.00,0.52,0.00,0.00,0,0,0.00,0
2026-05-01 18:01:04,2342.54,0,0,0,0,0,0,0,0.99,1,0.00,5.13,1.96,0.00,0.00,D,0.00,12.00,0.39,12.00,1.40,^,0.00,,14.30,12.30,504,0.40,47.2,1,0,0.00,0.00,0.00,12.00,0.00,0.00,0,0,0.00,0
2026-05-01 18:01:05,2343.65,0,0,0,0,0,0,0,0.59,1,0.00,5.13,1.96,0.00,0.00,D,0.00,12.00,0.04,12.00,0.08,^,0.00,,15.10,12.30,504,1.51,47.7,1,0,0.00,0.00,0.00,12.00,0.00,0.00,0,0,0.00,0
2026-05-01 18:01:06,2344.55,0,0,0,0,0,0,0,0.59,1,0.00,5.13,1.96,0.00,0.00,D,0.00,12.00,0.33,12.00,1.40,^,0.00,,15.20,12.30,504,2.42,47.7,1,0,0.00,0.00,0.00,12.00,0.00,0.00,0,0,0.00,0
2026-05-01 18:01:07,2345.56,0,0,1,0,0,0,0,0.92,0,1.00,5.13,1.96,0.00,0.15,D,0.00,12.00,0.40,12.00,0.45,^,0.00,,14.10,12.30,504,3.43,47.7,1,0,0.00,0.00,0.00,12.00,0.00,0.00,0,0,0.00,0
2026-05-01 18:01:08,2346.58,0,0,0,1,0,0,0,-1.00,0,0.00,5.13,1.96,0.00,-0.00,R,0.00,12.00,0.55,12.00,0.47,^,0.00,,15.40,12.30,504,4.44,48.3,1,0,0.00,0.00,0.00,12.00,0.00,0.00,0,0,0.00,0
2026-05-01 18:01:09,2347.59,0,0,1,0,0,0,0,-0.24,0,0.00,5.13,1.96,0.00,0.00,N,0.00,12.00,12.00,12.00,0.44,^,0.00,,14.10,12.30,504,0.20,47.7,1,0,0.00,0.00,0.00,12.00,0.00,0.00,0,0,0.00,0
2026-05-01 18:01:10,2348.60,0,0,1,0,0,0,0,1.00,0,1.00,5.13,1.96,0.01,0.37,D,0.00,12.00,12.00,12.00,0.47,^,0.00,,17.10,12.30,504,0.02,46.1,1,0,0.00,0.00,0.00,12.00,0.00,0.00,0,0,0.00,0
2026-05-01 18:01:12,2349.71,0,0,0,0,0,0,0,1.00,0,0.92,5.13,1.96,0.02,0.59,D,0.00,12.00,12.00,12.00,0.45,^,0.00,,15.40,12.30,504,0.01,47.2,1,0,0.00,0.00,0.00,12.00,0.00,0.00,0,0,0.00,0
2026-05-01 18:01:12,2350.61,0,0,0,0,0,0,0,0.00,1,0.00,5.13,1.96,0.00,0.00,D,0.00,12.00,12.00,12.00,0.50,^,0.00,,16.40,12.30,504,0.02,47.2,1,0,0.00,0.00,0.00,12.00,0.00,0.00,0,0,0.00,0
2026-05-01 18:01:13,2351.63,0,0,0,0,0,0,0,0.00,0,0.00,5.13,1.95,0.00,0.00,D,0.00,12.00,12.00,12.00,0.49,^,0.00,,14.60,12.30,504,0.96,45.5,1,0,0.00,0.00,0.00,12.00,0.00,0.00,0,0,0.00,0
2026-05-01 18:01:14,2352.64,0,0,0,0,0,0,0,0.00,0,0.00,5.13,1.95,0.00,0.00,D,0.00,12.00,12.00,12.00,0.50,^,0.00,,14.20,12.30,504,1.97,46.6,1,0,0.00,0.00,0.00,12.00,0.00,0.00,0,0,0.00,0
2026-05-01 18:01:16,2353.75,0,0,0,0,0,0,0,0.00,0,0.00,5.13,1.95,0.00,0.00,D,0.00,12.00,12.00,12.00,0.32,^,0.00,,14.10,12.30,504,3.08,47.2,1,0,0.00,0.00,0.00,12.00,0.00,0.00,0,0,0.00,0
2026-05-01 18:01:16,2354.66,0,0,0,0,0,0,0,0.00,0,0.00,5.13,1.95,0.00,0.00,D,0.00,12.00,12.00,12.00,0.36,^,0.00,,13.80,12.30,504,3.98,48.3,1,0,0.00,0.00,0.00,12.00,0.00,0.00,0,0,0.00,0
2026-05-01 18:01:18,2355.67,0,0,0,0,0,0,0,0.00,0,0.00,5.13,1.95,0.00,0.00,D,0.00,12.00,12.00,12.00,0.34,^,0.00,,16.40,12.30,504,5.00,47.2,1,0,0.00,0.00,0.00,12.00,0.00,0.00,0,0,0.00,0
2026-05-01 18:01:19,2356.68,0,0,0,0,0,0,0,0.00,0,0.00,5.13,1.95,0.00,0.00,D,0.00,12.00,12.00,12.00,0.08,^,0.00,,14.90,12.30,504,6.01,46.6,1,0,0.00,0.00,0.00,12.00,0.00,0.00,0,0,0.00,0
2026-05-01 18:01:20,2357.79,0,0,0,0,0,0,0,0.00,0,0.00,5.13,1.95,0.00,0.00,D,0.00,12.00,12.00,12.00,0.38,^,0.00,,15.30,12.30,504,7.12,47.7,1,0,0.00,0.00,0.00,12.00,0.00,0.00,0,0,0.00,0
2026-05-01 18:01:21,2358.70,0,0,0,0,0,0,0,0.00,0,0.00,5.13,1.95,0.00,0.00,D,0.00,12.00,12.00,12.00,0.38,^,0.00,,14.20,12.30,504,8.02,47.2,1,0,0.00,0.00,0.00,12.00,0.00,0.00,0,0,0.00,0
2026-05-01 18:01:22,2359.71,0,0,0,0,0,0,0,0.00,0,0.00,5.13,1.95,0.00,0.00,D,0.00,12.00,12.00,12.00,0.40,^,0.00,,13.70,12.30,504,9.04,47.2,1,0,0.00,0.00,0.00,12.00,0.00,0.00,0,0,0.00,0
2026-05-01 18:01:23,2360.72,0,0,0,0,0,0,0,0.00,0,0.00,5.13,1.95,0.00,0.00,D,0.00,12.00,12.00,12.00,0.36,^,0.00,,14.90,12.30,504,10.05,46.1,1,0,0.00,0.00,0.00,12.00,0.00,0.00,0,0,0.00,0
2026-05-01 18:01:24,2361.74,0,0,0,0,0,0,0,0.00,0,0.00,5.13,1.95,0.00,0.00,D,0.00,12.00,12.00,12.00,0.39,^,0.00,,14.80,12.30,504,11.07,46.6,1,0,0.00,0.00,0.00,12.00,0.00,0.00,0,0,0.00,0
2026-05-01 18:01:25,2362.75,0,0,0,0,0,0,0,0.00,0,0.00,5.13,1.95,0.00,0.00,D,0.00,12.00,12.00,12.00,0.74,^,0.00,,13.50,12.30,504,12.08,47.7,1,0,0.00,0.00,0.00,12.00,0.00,0.00,0,0,0.00,0
2026-05-01 18:01:26,2363.76,0,0,0,0,0,0,0,0.00,0,0.00,5.13,1.94,0.00,0.00,D,0.00,12.00,12.00,12.00,0.86,^,0.00,,14.80,12.30,504,13.09,47.7,1,0,0.00,0.00,0.00,12.00,0.00,0.00,0,0,0.00,0
2026-05-01 18:01:27,2364.78,0,0,0,0,0,0,0,0.00,0,0.00,5.13,1.94,0.00,0.00,D,0.00,12.00,12.00,12.00,0.88,^,0.00,,15.00,12.30,504,14.10,46.1,1,0,0.00,0.00,0.00,12.00,0.00,0.00,0,0,0.00,0
2026-05-01 18:01:28,2365.89,0,0,0,0,0,0,0,0.00,0,0.00,5.13,1.94,0.00,0.00,D,0.00,12.00,12.00,12.00,0.88,^,0.00,,13.70,12.30,504,15.22,47.7,1,0,0.00,0.00,0.00,12.00,0.00,0.00,0,0,0.00,0
2026-05-01 18:01:29,2366.79,0,0,0,0,0,0,0,0.16,0,0.92,5.13,1.94,0.00,0.14,D,0.00,12.00,12.00,12.00,0.82,^,0.00,,14.80,12.30,504,16.12,47.2,1,0,0.00,0.00,0.00,12.00,0.00,0.00,0,0,0.00,0
2026-05-01 18:01:30,2367.80,0,0,0,0,0,0,0,0.38,0,1.00,5.13,1.94,0.00,0.29,D,0.00,12.00,12.00,12.00,0.84,^,0.00,,14.80,12.30,504,17.13,46.1,1,0,0.00,0.00,0.00,12.00,0.00,0.00,0,0,0.00,0
2026-05-01 18:01:31,2368.91,0,0,0,0,0,0,0,0.17,0,1.00,5.13,1.94,0.63,0.80,D,0.00,12.00,12.00,12.00,0.91,^,0.00,,14.70,12.30,504,0.00,47.7,1,0,0.00,0.00,0.00,12.00,0.00,0.00,0,0,0.00,0
2026-05-01 18:01:32,2369.82,0,0,0,0,0,0,0,0.00,0,0.00,5.13,1.94,3.13,0.74,D,0.00,12.00,12.00,12.00,1.75,^,0.00,,15.10,12.30,504,0.00,47.2,1,0,0.00,0.00,0.00,12.00,0.00,0.00,0,0,0.00,0
2026-05-01 18:01:33,2370.83,0,0,0,0,0,0,0,0.00,0,0.00,5.13,1.94,1.80,0.13,D,0.00,12.00,12.00,12.00,2.81,^,0.00,,13.10,12.30,504,0.00,47.2,1,0,0.00,0.00,0.00,12.00,0.00,0.00,0,0,0.00,0
2026-05-01 18:01:34,2371.84,0,0,0,0,0,0,0,0.00,0,0.00,5.13,1.94,0.00,0.00,D,0.00,12.00,12.00,12.00,3.06,^,0.00,,12.80,12.30,504,0.00,48.8,1,0,0.00,0.00,0.00,12.00,0.00,0.00,0,0,0.00,0
2026-05-01 18:01:35,2372.86,0,0,0,0,0,0,0,0.00,0,0.59,5.13,1.94,0.00,0.05,D,0.00,12.00,12.00,12.00,12.00,^,0.00,,15.00,12.40,504,0.98,47.2,1,0,0.00,0.00,0.00,12.00,0.00,0.00,0,0,0.00,0
2026-05-01 18:01:36,2373.87,0,0,0,0,0,0,0,0.00,0,0.00,5.13,1.94,0.00,0.00,D,0.00,12.00,12.00,12.00,12.00,^,0.00,,12.60,12.30,504,1.99,47.2,1,0,0.00,0.00,0.00,12.00,0.00,0.00,0,0,0.00,0
2026-05-01 18:01:37,2374.88,0,0,0,0,0,0,0,0.00,0,0.00,5.13,1.94,0.00,0.00,D,0.00,12.00,12.00,12.00,2.74,^,0.00,,13.60,12.40,504,3.00,48.3,1,0,0.00,0.00,0.00,12.00,0.00,0.00,0,0,0.00,0
2026-05-01 18:01:38,2375.89,0,0,0,0,0,0,0,-0.55,0,0.03,5.13,1.94,0.00,0.01,D,0.00,12.00,12.00,12.00,1.95,^,0.00,,16.40,12.40,504,4.01,48.3,1,0,0.00,0.00,0.00,12.00,0.00,0.00,0,0,0.00,0
2026-05-01 18:01:39,2376.91,0,0,0,0,0,0,0,-0.85,0,1.00,5.13,1.94,0.00,0.51,D,0.00,12.00,12.00,12.00,1.38,^,0.00,,18.70,12.40,504,0.60,48.3,1,0,0.00,0.00,0.00,12.00,0.00,0.00,0,0,0.00,0
2026-05-01 18:01:40,2377.91,0,0,0,0,0,0,0,0.00,0,1.00,5.13,1.94,2.03,1.00,D,0.00,12.00,12.00,12.00,1.16,^,0.00,,19.20,12.40,504,0.00,47.7,1,0,0.00,0.00,0.00,12.00,0.00,0.00,0,0,0.00,0
2026-05-01 18:01:41,2378.93,0,0,0,0,0,0,0,0.00,0,1.00,5.13,1.94,3.77,1.00,D,0.00,1.59,12.00,12.00,2.34,WARN_WARNING,0.00,,18.60,12.40,504,0.00,47.7,1,0,0.00,0.00,0.00,1.59,0.00,0.00,0,0,0.00,0
2026-05-01 18:01:42,2380.04,0,0,0,0,0,0,0,1.00,1,0.00,5.13,1.94,0.00,0.00,D,0.00,0.89,12.00,1.27,1.09,WARN_WARNING,0.00,,21.40,12.30,504,0.43,47.2,1,0,0.00,0.00,0.00,0.89,0.00,0.00,0,0,0.00,0
2026-05-01 18:01:43,2380.94,0,0,0,0,0,0,0,0.00,1,0.00,5.13,1.94,0.00,0.00,D,0.00,0.89,12.00,1.30,1.08,WARN_WARNING,0.00,,20.40,12.30,504,1.34,47.7,1,0,0.00,0.00,0.00,0.89,0.00,0.00,0,0,0.00,0
2026-05-01 18:01:44,2381.96,0,0,0,0,0,0,0,0.00,1,0.00,5.13,1.93,0.00,0.00,D,0.00,0.89,12.00,1.30,1.09,WARN_WARNING,0.00,,19.10,12.40,504,2.35,48.8,1,0,0.00,0.00,0.00,0.89,0.00,0.00,0,0,0.00,0
2026-05-01 18:01:45,2382.97,0,0,0,0,0,0,0,1.00,1,1.00,5.13,1.93,0.00,0.00,D,0.00,0.89,12.00,1.30,1.09,WARN_WARNING,0.00,,17.00,12.30,504,3.36,49.4,1,0,0.00,0.00,0.00,0.89,0.00,0.00,0,0,0.00,0
2026-05-01 18:01:46,2384.08,0,0,0,0,0,0,0,0.87,1,1.00,5.13,1.93,0.00,0.00,D,0.00,0.88,12.00,1.29,1.09,WARN_WARNING,0.00,,19.00,12.30,504,0.26,48.8,1,0,0.00,0.00,0.00,0.88,0.00,0.00,0,0,0.00,0
2026-05-01 18:01:47,2384.99,0,0,0,0,0,0,0,0.87,1,1.00,5.13,1.93,0.00,0.00,D,0.00,0.88,12.00,1.29,1.08,WARN_WARNING,0.00,,20.50,12.30,504,0.16,48.3,1,0,0.00,0.00,0.00,0.88,0.00,0.00,0,0,0.00,0
2026-05-01 18:01:48,2386.00,0,0,0,0,0,0,0,1.00,1,1.00,5.13,1.93,0.00,0.00,D,0.00,0.88,12.00,1.29,1.09,WARN_WARNING,0.00,,19.10,12.40,504,1.17,47.7,1,0,0.00,0.00,0.00,0.88,0.00,0.00,0,0,0.00,0
2026-05-01 18:01:49,2387.01,0,0,0,0,0,0,0,0.00,1,0.00,5.13,1.93,0.00,0.00,D,0.00,0.88,12.00,1.30,1.09,WARN_WARNING,0.00,,21.40,12.40,504,2.18,47.2,1,0,0.00,0.00,0.00,0.88,0.00,0.00,0,0,0.00,0
2026-05-01 18:01:50,2388.02,0,0,0,0,0,0,0,0.00,1,0.00,5.13,1.93,0.00,0.00,D,0.00,0.88,12.00,1.30,1.09,WARN_WARNING,0.00,,22.10,12.40,504,3.19,46.6,1,0,0.00,0.00,0.00,0.88,0.00,0.00,0,0,0.00,0
2026-05-01 18:01:51,2389.03,0,0,0,0,0,0,0,0.00,1,0.00,5.13,1.93,0.00,0.00,D,0.00,0.89,12.00,1.29,0.88,WARN_WARNING,0.00,,21.50,12.30,504,4.20,48.8,1,0,0.00,0.00,0.00,0.89,0.00,0.00,0,0,0.00,0
2026-05-01 18:01:52,2390.04,0,0,0,0,0,0,0,0.00,1,0.00,5.13,1.93,0.00,0.00,D,0.00,0.89,12.00,1.29,0.90,WARN_WARNING,0.00,,20.30,12.30,504,5.21,48.8,1,0,0.00,0.00,0.00,0.89,0.00,0.00,0,0,0.00,0
2026-05-01 18:01:53,2391.05,0,0,0,1,0,0,0,0.00,0,0.00,5.13,1.93,0.00,0.00,N,0.00,0.89,12.00,1.31,0.76,WARN_WARNING,0.00,,20.30,12.30,504,6.22,47.7,1,0,0.00,0.00,0.00,0.89,0.00,0.00,0,0,0.00,0
2026-05-01 18:01:54,2392.07,0,0,0,1,0,0,0,0.00,0,1.00,5.13,1.93,0.00,-0.10,R,0.00,0.89,12.00,1.30,0.76,WARN_WARNING,0.00,,20.50,12.30,504,7.24,47.2,1,0,0.00,0.00,0.00,0.89,0.00,0.00,0,0,0.00,0
2026-05-01 18:01:55,2393.08,0,0,0,0,0,0,0,0.00,0,1.00,5.13,1.93,0.35,-0.60,R,0.00,0.89,12.00,1.30,0.75,WARN_WARNING,0.00,,21.10,12.30,504,0.00,48.8,1,0,0.00,0.00,0.00,0.89,0.00,0.00,0,0,0.00,0
2026-05-01 18:01:56,2394.09,0,0,0,0,0,0,0,0.00,0,1.00,5.13,1.93,4.31,-1.00,R,0.00,1.03,12.00,12.00,0.64,STOP_WARNING,0.00,,24.10,12.30,504,0.00,47.7,1,0,0.00,0.00,0.00,1.03,0.00,0.00,0,0,0.00,0
2026-05-01 18:01:57,2395.10,0,0,0,0,0,0,0,0.00,0,0.00,5.13,1.93,2.67,-0.41,R,0.00,12.00,12.00,0.64,0.47,^,0.00,,24.20,12.30,504,0.00,48.8,1,0,0.00,0.00,0.00,12.00,0.00,0.00,0,0,0.00,0
2026-05-01 18:01:58,2396.12,0,0,0,0,0,0,0,0.00,0,0.00,5.13,1.93,1.57,-0.00,R,0.00,12.00,0.56,1.03,0.55,^,0.00,,23.60,12.30,504,0.00,48.3,1,0,0.00,0.00,0.00,12.00,0.00,0.00,0,0,0.00,0
2026-05-01 18:01:59,2397.13,0,0,0,0,0,0,0,0.00,0,0.00,5.13,1.93,0.41,-0.00,R,0.00,1.50,12.00,1.31,0.85,^,0.00,,23.90,12.30,504,0.00,47.7,1,0,0.00,0.00,0.00,1.50,0.00,0.00,0,0,0.00,0
2026-05-01 18:02:00,2398.24,0,0,0,0,0,0,0,0.00,0,0.00,5.13,1.93,1.63,-0.00,R,0.00,1.41,12.00,1.41,1.12,^,0.00,,24.30,12.30,504,0.00,47.7,1,0,0.00,0.00,0.00,1.41,0.00,0.00,0,0,0.00,0
2026-05-01 18:02:01,2399.15,0,0,0,0,0,0,0,0.00,0,0.00,5.13,1.93,0.00,-0.00,R,0.00,2.12,2.13,0.81,1.51,^,0.00,,23.30,12.30,504,0.02,48.3,1,0,0.00,0.00,0.00,2.12,0.00,0.00,0,0,0.00,0
2026-05-01 18:02:02,2400.26,0,0,0,0,0,0,0,0.00,0,0.00,5.13,1.92,0.00,-0.00,R,0.00,2.12,2.34,12.00,0.46,^,0.00,,23.10,12.30,504,1.13,46.1,1,0,0.00,0.00,0.00,2.12,0.00,0.00,0,0,0.00,0
2026-05-01 18:02:03,2401.16,0,0,0,0,0,0,0,0.00,0,0.00,5.13,1.92,0.00,-0.00,R,0.00,2.12,2.14,12.00,0.33,^,0.00,,23.80,12.30,504,2.04,46.6,1,0,0.00,0.00,0.00,2.12,0.00,0.00,0,0,0.00,0
2026-05-01 18:02:04,2402.18,0,0,0,0,0,0,0,0.00,0,0.00,5.13,1.92,0.00,-0.02,R,0.00,2.12,2.13,12.00,0.57,^,0.00,,23.60,12.30,504,3.05,48.3,1,0,0.00,0.00,0.00,2.12,0.00,0.00,0,0,0.00,0
2026-05-01 18:02:05,2403.19,0,0,0,1,0,0,0,0.00,1,0.00,5.13,1.92,0.00,0.00,P,0.00,2.12,2.13,12.00,0.95,^,0.00,,23.90,12.30,504,4.07,47.2,1,0,0.00,0.00,0.00,2.12,0.00,0.00,0,0,0.00,0
2026-05-01 18:02:06,2404.20,0,0,0,0,0,0,0,0.00,1,0.00,5.13,1.92,0.00,0.00,P,0.00,2.12,2.13,12.00,0.80,^,0.00,,23.90,12.30,504,0.76,48.3,1,0,0.00,0.00,0.00,2.12,0.00,0.00,0,0,0.00,0
2026-05-01 18:02:07,2405.21,0,0,0,0,0,0,0,0.00,1,0.00,5.13,1.92,0.00,0.00,P,0.00,2.11,2.13,12.00,0.38,^,0.00,,24.30,12.30,504,1.77,48.3,1,0,0.00,0.00,0.00,2.11,0.00,0.00,0,0,0.00,0
2026-05-01 18:02:08,2406.22,0,0,0,0,0,0,0,0.00,1,0.00,5.13,1.92,0.00,0.00,P,0.00,2.11,0.91,12.00,0.26,^,0.00,,22.50,12.30,504,2.78,46.6,1,0,0.00,0.00,0.00,2.11,0.00,0.00,0,0,0.00,0
2026-05-01 18:02:09,2407.24,0,0,0,0,0,0,0,0.00,1,0.00,5.13,1.92,0.00,0.00,P,0.00,2.11,0.92,12.00,0.30,^,0.00,,23.50,12.30,504,0.02,47.7,1,0,0.00,0.00,0.00,2.11,0.00,0.00,0,0,0.00,0
2026-05-01 18:02:10,2408.25,0,0,0,0,0,0,0,0.00,1,0.00,5.13,1.92,0.00,0.00,P,0.00,2.16,0.96,12.00,0.28,^,0.00,,24.30,12.30,504,0.01,46.6,1,0,0.00,0.00,0.00,2.16,0.00,0.00,0,0,0.00,0
2026-05-01 18:02:11,2409.26,0,0,0,0,0,0,0,0.00,1,0.00,5.13,1.92,0.00,0.00,P,0.00,2.14,0.95,12.00,0.26,^,0.00,,23.90,12.30,504,0.00,47.7,1,0,0.00,0.00,0.00,2.14,0.00,0.00,0,0,0.00,0
2026-05-01 18:02:12,2410.27,0,0,0,0,0,0,0,0.00,1,0.00,5.13,1.92,0.00,0.00,P,0.00,2.14,0.96,12.00,0.28,^,0.00,,25.40,12.30,504,0.00,46.6,1,0,0.00,0.00,0.00,2.14,0.00,0.00,0,0,0.00,0
2026-05-01 18:02:13,2411.27,0,0,0,0,0,0,0,0.00,1,0.00,5.13,1.92,0.00,0.00,P,0.00,2.16,0.97,12.00,0.25,^,0.00,,23.40,12.30,504,0.06,47.2,1,0,0.00,0.00,0.00,2.16,0.00,0.00,0,0,0.00,0
2026-05-01 18:02:14,2412.28,0,0,0,0,0,0,0,0.00,1,0.00,5.13,1.91,0.00,0.00,P,0.00,2.14,0.68,12.00,0.27,^,0.00,,23.70,12.40,504,0.00,47.7,1,0,0.00,0.00,0.00,2.14,0.00,0.00,0,0,0.00,0
2026-05-01 18:02:15,2413.30,0,0,0,0,0,0,0,0.00,1,0.00,5.13,1.91,0.00,0.00,P,0.00,0.66,0.62,12.00,0.23,WARN_WARNING,0.00,,25.00,12.30,504,0.12,47.2,1,0,0.00,0.00,0.00,0.66,0.00,0.00,0,0,0.00,0
2026-05-01 18:02:16,2414.31,0,0,0,0,0,0,0,0.00,1,0.00,5.13,1.91,0.00,0.00,P,0.00,0.68,2.20,12.00,0.23,WARN_WARNING,0.00,,22.80,12.30,504,0.23,46.6,1,0,0.00,0.00,0.00,0.68,0.00,0.00,0,0,0.00,0
2026-05-01 18:02:17,2415.32,0,0,0,0,0,0,0,0.00,1,0.00,5.13,1.91,0.00,0.00,P,0.00,1.19,2.20,12.00,0.23,WARN_WARNING,0.00,,23.80,12.40,504,0.04,47.2,1,0,0.00,0.00,0.00,1.19,0.00,0.00,0,0,0.00,0
2026-05-01 18:02:18,2416.34,0,0,0,0,0,0,0,0.00,1,0.00,5.13,1.91,0.00,0.00,P,0.00,1.43,2.20,12.00,0.27,^,0.00,,22.90,12.40,504,1.06,47.7,1,0,0.00,0.00,0.00,1.43,0.00,0.00,0,0,0.00,0
2026-05-01 18:02:19,2417.35,0,0,0,0,0,0,0,0.00,1,0.00,5.13,1.91,0.00,0.00,P,0.00,1.45,2.20,12.00,0.35,^,0.00,,25.20,12.30,504,2.07,47.2,1,0,0.00,0.00,0.00,1.45,0.00,0.00,0,0,0.00,0
2026-05-01 18:02:20,2418.36,0,0,0,1,0,0,0,0.00,1,0.00,5.13,1.91,0.00,0.00,P,0.00,1.41,2.20,12.00,0.37,^,0.00,,23.60,12.30,504,3.08,47.7,1,0,0.00,0.00,0.00,1.41,0.00,0.00,0,0,0.00,0
2026-05-01 18:02:21,2419.37,0,0,1,0,0,0,0,0.87,0,1.00,5.13,1.91,0.00,-0.02,R,0.00,0.83,2.20,12.00,0.58,WARN_WARNING,0.00,,25.10,12.30,504,4.09,47.7,1,0,0.00,0.00,0.00,0.83,0.00,0.00,0,0,0.00,0
2026-05-01 18:02:22,2420.38,0,0,1,0,0,0,0,0.96,0,1.00,5.13,1.91,0.00,0.22,D,0.00,0.83,2.19,12.00,1.00,WARN_WARNING,0.00,,23.20,12.30,504,0.28,46.1,1,0,0.00,0.00,0.00,0.83,0.00,0.00,0,0,0.00,0
2026-05-01 18:02:23,2421.40,0,0,0,0,0,0,0,-1.00,1,0.00,5.13,1.91,0.00,0.00,D,0.00,0.59,2.19,12.00,1.10,STOP_WARNING,0.00,aeb_stop,23.60,12.30,504,0.83,47.2,1,1,0.00,0.00,0.00,0.59,0.00,0.00,0,0,0.00,0
2026-05-01 18:02:24,2422.41,0,0,0,0,0,0,0,0.31,1,1.00,5.13,1.91,0.00,0.00,D,0.00,0.78,2.20,12.00,1.11,WARN_WARNING,0.00,,22.80,12.30,504,0.53,48.3,1,0,0.00,0.00,0.00,0.78,0.00,0.00,0,0,0.00,0
2026-05-01 18:02:25,2423.41,0,0,0,0,0,0,0,0.97,1,1.00,5.13,1.91,0.00,0.00,D,0.00,0.81,2.19,12.00,1.10,WARN_WARNING,0.00,,22.40,12.30,504,1.53,48.3,1,0,0.00,0.00,0.00,0.81,0.00,0.00,0,0,0.00,0
2026-05-01 18:02:26,2424.42,0,0,0,1,0,0,0,-0.99,0,1.00,5.13,1.91,0.00,-0.24,R,0.00,0.79,2.20,2.50,1.08,WARN_WARNING,0.00,,23.40,12.30,504,2.54,48.8,1,0,0.00,0.00,0.00,0.79,0.00,0.00,0,0,0.00,0
2026-05-01 18:02:27,2425.43,0,0,0,0,0,0,0,-0.99,0,1.00,5.13,1.90,0.07,-0.75,R,0.00,0.89,2.20,1.86,1.09,WARN_WARNING,0.00,,23.20,12.30,504,0.00,47.2,1,0,0.00,0.00,0.00,0.89,0.00,0.00,0,0,0.00,0
2026-05-01 18:02:28,2426.45,0,0,1,0,0,0,0,0.00,0,1.00,5.13,1.90,0.49,0.09,D,0.00,1.01,1.02,1.38,1.13,WARN_WARNING,0.00,,23.00,12.30,504,0.00,49.4,1,0,0.00,0.00,0.00,1.01,0.00,0.00,0,0,0.00,0
2026-05-01 18:02:29,2427.46,0,0,0,0,0,0,0,0.00,0,0.00,5.13,1.90,0.00,0.00,D,0.00,1.29,1.29,1.32,1.48,^,0.00,,24.60,12.30,504,0.48,48.3,1,0,0.00,0.00,0.00,1.29,0.00,0.00,0,0,0.00,0
2026-05-01 18:02:30,2428.47,0,0,0,0,0,0,0,0.00,0,1.00,5.13,1.90,0.00,0.20,D,0.00,1.29,1.29,1.32,1.24,^,0.00,,22.70,12.30,504,1.49,47.7,1,0,0.00,0.00,0.00,1.29,0.00,0.00,0,0,0.00,0
2026-05-01 18:02:31,2429.48,0,0,0,0,0,0,0,0.00,0,1.00,5.13,1.90,0.00,0.33,D,0.00,1.28,1.28,1.28,0.81,^,0.00,,24.40,12.30,504,0.02,46.1,1,0,0.00,0.00,0.00,1.28,0.00,0.00,0,0,0.00,0
2026-05-01 18:02:32,2430.59,0,0,0,0,0,0,0,0.00,0,0.00,5.13,1.90,0.28,0.13,D,0.00,1.23,1.13,1.23,0.59,^,0.00,,24.30,12.30,504,0.07,46.6,1,0,0.00,0.00,0.00,1.23,0.00,0.00,0,0,0.00,0
2026-05-01 18:02:33,2431.50,0,0,0,0,0,0,0,0.00,0,0.00,5.13,1.90,0.00,0.00,D,0.00,1.18,0.92,1.22,0.64,WARN_WARNING,0.00,,24.30,12.30,504,0.98,47.7,1,0,0.00,0.00,0.00,1.18,0.00,0.00,0,0,0.00,0
2026-05-01 18:02:34,2432.51,0,0,0,0,0,0,0,0.00,0,0.10,5.13,1.90,0.00,0.01,D,0.00,1.33,0.90,1.22,0.62,^,0.00,,24.00,12.40,504,1.99,46.6,1,0,0.00,0.00,0.00,1.33,0.00,0.00,0,0,0.00,0
2026-05-01 18:02:35,2433.52,0,0,0,0,0,0,0,0.00,0,1.00,5.13,1.90,0.01,0.51,D,0.00,1.33,0.90,1.23,0.62,^,0.00,,23.30,12.40,504,0.03,47.2,1,0,0.00,0.00,0.00,1.33,0.00,0.00,0,0,0.00,0
2026-05-01 18:02:36,2434.63,0,0,0,0,0,0,0,0.00,0,0.00,5.13,1.90,1.98,0.63,D,0.00,0.65,0.90,0.96,0.91,WARN_WARNING,0.00,,24.20,12.30,504,0.00,47.2,1,0,0.00,0.00,0.00,0.65,0.00,0.00,0,0,0.00,0
2026-05-01 18:02:37,2435.53,0,0,0,0,0,0,0,0.00,1,0.00,5.13,1.90,0.00,0.00,D,0.00,0.65,0.86,0.84,1.02,WARN_WARNING,0.00,,23.40,12.30,504,0.02,47.7,1,0,0.00,0.00,0.00,0.65,0.00,0.00,0,0,0.00,0
2026-05-01 18:02:38,2436.55,0,0,0,1,0,0,0,-0.19,0,0.00,5.13,1.90,0.00,0.00,N,0.00,12.00,0.86,1.25,0.99,^,0.00,,23.90,12.30,504,0.03,48.3,1,0,0.00,0.00,0.00,12.00,0.00,0.00,0,0,0.00,0
2026-05-01 18:02:39,2437.56,0,0,0,1,0,0,0,1.00,0,1.00,5.13,1.90,0.06,-0.25,R,0.00,12.00,0.86,0.52,0.98,^,0.00,,23.80,12.30,504,0.00,47.7,1,0,0.00,0.00,0.00,12.00,0.00,0.00,0,0,0.00,0
2026-05-01 18:02:40,2438.57,0,0,0,0,0,0,0,0.89,0,0.00,5.13,1.90,0.81,-0.52,R,0.00,0.93,12.00,0.60,0.84,WARN_WARNING,0.00,,25.30,12.30,504,0.00,47.2,1,0,0.00,0.00,0.00,0.93,0.00,0.00,0,0,0.00,0
2026-05-01 18:02:41,2439.59,0,0,0,0,0,0,0,0.57,0,0.00,5.13,1.89,0.31,-0.43,R,0.00,0.95,1.32,0.59,1.11,WARN_WARNING,0.00,,25.80,12.30,504,0.00,46.6,1,0,0.00,0.00,0.00,0.95,0.00,0.00,0,0,0.00,0
2026-05-01 18:02:43,2440.70,0,0,1,0,0,0,0,0.00,0,0.00,5.13,1.89,0.00,0.00,D,0.00,1.12,12.00,0.54,1.07,WARN_WARNING,0.00,,24.20,12.30,504,0.56,48.3,1,0,0.00,0.00,0.00,1.12,0.00,0.00,0,0,0.00,0
2026-05-01 18:02:43,2441.60,0,0,0,0,0,0,0,0.00,0,1.00,5.13,1.89,0.10,0.40,D,0.00,1.15,12.00,0.55,0.90,WARN_WARNING,0.00,,25.10,12.30,504,0.01,47.2,1,0,0.00,0.00,0.00,1.15,0.00,0.00,0,0,0.00,0
2026-05-01 18:02:44,2442.61,0,0,0,0,0,0,0,-1.00,0,0.85,5.13,1.89,1.12,0.71,D,0.00,1.02,12.00,0.46,1.03,WARN_WARNING,0.00,,26.10,12.40,504,0.00,47.7,1,0,0.00,0.00,0.00,1.02,0.00,0.00,0,0,0.00,0
2026-05-01 18:02:45,2443.62,0,0,0,0,0,0,0,-0.59,0,0.51,5.13,1.89,2.14,0.61,D,0.00,0.83,12.00,0.79,0.55,WARN_WARNING,0.00,,22.60,12.40,504,0.01,47.7,1,0,0.00,0.00,0.00,0.83,0.00,0.00,0,0,0.00,0
2026-05-01 18:02:46,2444.64,0,0,0,0,0,0,0,0.00,0,0.86,5.13,1.89,2.22,0.93,D,0.00,12.00,12.00,1.26,0.70,^,0.00,,25.20,12.30,504,0.00,47.2,1,0,0.00,0.00,0.00,12.00,0.00,0.00,0,0,0.00,0
2026-05-01 18:02:47,2445.65,0,0,0,0,0,0,0,0.17,0,0.83,5.13,1.89,1.82,0.83,D,0.00,12.00,12.00,2.25,0.26,^,0.00,,26.20,12.40,504,0.00,47.2,1,0,0.00,0.00,0.00,12.00,0.00,0.00,0,0,0.00,0
2026-05-01 18:02:49,2446.77,0,0,0,0,0,0,0,0.16,0,0.75,5.13,1.89,3.77,0.75,D,0.00,12.00,12.00,2.75,0.30,^,0.00,,25.90,12.40,504,0.00,47.7,1,0,0.00,0.00,0.00,12.00,0.00,0.00,0,0,0.00,0
2026-05-01 18:02:50,2447.67,0,0,0,0,0,0,0,0.00,0,0.00,5.13,1.89,1.61,0.77,D,0.00,12.00,12.00,12.00,0.65,^,0.00,,25.30,12.40,504,0.00,48.3,1,0,0.00,0.00,0.00,12.00,0.00,0.00,0,0,0.00,0
2026-05-01 18:02:51,2448.68,1,0,0,0,0,0,0,-0.13,0,1.00,5.13,1.89,3.81,1.00,D,0.00,12.00,12.00,12.00,1.20,^,-8.03,,27.20,12.30,504,0.00,48.3,1,0,0.00,0.00,0.00,12.00,-0.13,1.00,0,0,0.00,0
2026-05-01 18:02:52,2449.69,1,0,0,0,0,0,0,-0.03,0,1.00,5.13,1.89,4.32,1.00,D,0.00,12.00,12.00,12.00,2.06,^,-1.67,,24.90,12.30,504,0.00,46.6,1,0,0.00,0.00,0.00,12.00,-0.03,1.00,0,0,0.00,0
2026-05-01 18:02:53,2450.71,1,0,0,0,0,0,0,0.05,0,1.00,5.13,1.89,4.44,1.00,D,0.00,12.00,12.00,12.00,12.00,^,2.77,,26.00,12.30,504,0.00,48.3,1,0,0.00,0.00,0.00,12.00,0.05,1.00,0,0,0.00,0
2026-05-01 18:02:54,2451.72,1,0,0,0,0,0,0,-0.02,0,1.00,5.13,1.90,4.48,1.00,D,0.00,12.00,12.00,12.00,12.00,^,-1.46,,26.50,12.30,504,0.00,47.2,1,0,0.00,0.00,0.00,12.00,-0.02,1.00,0,0,0.00,0
2026-05-01 18:02:55,2452.73,1,0,0,0,0,0,0,-0.04,0,1.00,5.13,1.90,4.44,1.00,D,0.00,12.00,12.00,12.00,12.00,^,-2.39,,26.10,12.30,504,0.00,47.7,1,0,0.00,0.00,0.00,12.00,-0.04,1.00,0,0,0.00,0
2026-05-01 18:02:56,2453.75,1,0,0,0,0,0,0,0.02,0,1.00,5.13,1.90,4.47,1.00,D,0.00,12.00,12.00,2.02,12.00,^,1.28,,26.80,12.30,504,0.00,48.3,1,0,0.00,0.00,0.00,12.00,0.02,1.00,0,0,0.00,0
2026-05-01 18:02:57,2454.76,1,0,0,0,0,0,0,-0.10,0,1.00,5.13,1.90,4.47,1.00,D,0.00,12.00,12.00,1.68,1.76,^,-6.13,,26.10,12.30,504,0.00,48.3,1,0,0.00,0.00,0.00,12.00,-0.10,1.00,0,0,0.00,0
2026-05-01 18:02:58,2455.77,1,0,0,0,0,0,0,-0.03,0,1.00,5.13,1.90,4.53,1.00,D,0.00,12.00,12.00,1.81,1.88,^,-1.74,,26.20,12.40,504,0.00,47.7,1,0,0.00,0.00,0.00,12.00,-0.03,1.00,0,0,0.00,0
2026-05-01 18:02:59,2456.78,1,0,0,0,0,0,0,-0.02,0,1.00,5.13,1.90,4.46,1.00,D,0.00,12.00,12.00,2.42,12.00,^,-0.97,,25.30,12.40,504,0.00,47.7,1,0,0.00,0.00,0.00,12.00,-0.02,1.00,0,0,0.00,0
2026-05-01 18:03:00,2457.80,1,0,0,0,0,0,0,-0.07,0,1.00,5.13,1.90,4.43,1.00,D,0.00,12.00,12.00,1.69,1.71,^,-3.90,,29.80,12.40,504,0.00,48.3,1,0,0.00,0.00,0.00,12.00,-0.07,1.00,0,0,0.00,0
2026-05-01 18:03:01,2458.80,1,0,0,0,0,0,0,-0.06,0,1.00,5.13,1.90,4.56,1.00,D,0.00,12.00,12.00,2.22,1.96,^,-3.49,,36.00,12.40,504,0.00,48.8,1,0,0.00,0.00,0.00,12.00,-0.06,1.00,0,0,0.00,0
2026-05-01 18:03:02,2459.81,1,0,0,0,0,0,0,-0.06,0,1.00,5.13,1.90,4.57,1.00,D,0.00,12.00,12.00,12.00,2.84,^,-3.68,,27.20,12.30,504,0.00,48.8,1,0,0.00,0.00,0.00,12.00,-0.06,1.00,0,0,0.00,0
2026-05-01 18:03:03,2460.82,1,0,0,0,0,0,0,0.02,0,1.00,5.13,1.91,4.68,1.00,D,0.00,12.00,12.00,12.00,12.00,^,1.43,,26.50,12.30,504,0.00,49.9,1,0,0.00,0.00,0.00,12.00,0.02,1.00,0,0,0.00,0
2026-05-01 18:03:04,2461.84,1,0,0,0,0,0,0,-0.10,0,1.00,5.13,1.91,4.57,1.00,D,0.00,12.00,12.00,12.00,8.79,^,-6.10,,24.50,12.40,504,0.00,48.8,1,0,0.00,0.00,0.00,12.00,-0.10,1.00,0,0,0.00,0
2026-05-01 18:03:05,2462.85,1,0,0,0,0,0,0,0.01,0,1.00,5.13,1.91,4.57,1.00,D,0.00,12.00,12.00,12.00,12.00,^,0.60,,24.90,12.30,504,0.00,49.9,1,0,0.00,0.00,0.00,12.00,0.01,1.00,0,0,0.00,0
2026-05-01 18:03:06,2463.87,1,0,0,0,0,0,0,-0.04,0,1.00,5.13,1.91,4.55,1.00,D,0.00,12.00,12.00,2.62,12.00,^,-2.12,,32.70,12.40,504,0.00,48.3,1,0,0.00,0.00,0.00,12.00,-0.04,1.00,0,0,0.00,0
2026-05-01 18:03:07,2464.98,1,0,0,0,0,0,0,-0.07,0,1.00,5.13,1.91,4.59,1.00,D,0.00,12.00,12.00,12.00,12.00,^,-4.03,,25.80,12.40,504,0.00,50.5,1,0,0.00,0.00,0.00,12.00,-0.07,1.00,0,0,0.00,0
2026-05-01 18:03:08,2465.88,1,0,0,0,0,0,0,-0.02,0,1.00,5.13,1.91,4.64,1.00,D,0.00,12.00,12.00,12.00,12.00,^,-1.06,,26.70,12.30,504,0.00,48.8,1,0,0.00,0.00,0.00,12.00,-0.02,1.00,0,0,0.00,0
2026-05-01 18:03:09,2466.89,1,0,0,0,0,0,0,-0.03,0,1.00,5.13,1.91,4.72,1.00,D,0.00,2.38,12.00,2.46,12.00,^,-1.99,,26.10,12.30,504,0.00,47.7,1,0,0.00,0.00,0.00,2.38,-0.03,1.00,0,0,0.00,0
2026-05-01 18:03:10,2467.90,1,0,0,0,0,0,0,-0.20,0,1.00,5.13,1.91,4.15,0.86,D,0.00,12.00,0.85,12.00,1.09,^,-11.75,,27.50,12.30,504,0.00,48.8,1,0,0.00,0.00,0.00,12.00,-0.20,1.00,0,0,0.00,0
2026-05-01 18:03:11,2468.92,1,0,0,0,0,0,0,-0.11,0,1.00,5.13,1.91,4.20,1.00,D,0.00,12.00,1.77,1.32,1.35,^,-6.63,,26.90,12.30,504,0.00,48.3,1,0,0.00,0.00,0.00,12.00,-0.11,1.00,0,0,0.00,0
2026-05-01 18:03:12,2469.93,1,0,0,0,0,0,0,-0.09,0,1.00,5.13,1.91,4.67,1.00,D,0.00,12.00,12.00,2.04,0.93,^,-5.29,,24.80,12.30,504,0.00,49.4,1,0,0.00,0.00,0.00,12.00,-0.09,1.00,0,0,0.00,0
2026-05-01 18:03:13,2470.94,1,0,0,0,0,0,0,0.04,0,1.00,5.13,1.92,4.64,1.00,D,0.00,12.00,12.00,1.35,1.31,^,2.12,,25.60,12.30,504,0.00,49.9,1,0,0.00,0.00,0.00,12.00,0.04,1.00,0,0,0.00,0
2026-05-01 18:03:14,2471.94,1,0,0,0,0,0,0,-0.13,0,1.00,5.13,1.92,4.70,1.00,D,0.00,12.00,12.00,2.23,12.00,^,-7.67,,24.60,12.30,504,0.00,50.5,1,0,0.00,0.00,0.00,12.00,-0.13,1.00,0,0,0.00,0
2026-05-01 18:03:15,2472.96,1,0,0,0,0,0,0,-0.07,0,1.00,5.13,1.92,4.68,1.00,D,0.00,12.00,12.00,2.39,2.25,^,-4.33,,24.20,12.30,504,0.00,48.8,1,0,0.00,0.00,0.00,12.00,-0.07,1.00,0,0,0.00,0
2026-05-01 18:03:16,2473.97,1,0,0,0,0,0,0,0.10,0,1.00,5.13,1.92,4.71,1.00,D,0.00,12.00,12.00,12.00,12.00,^,5.81,,26.80,12.30,504,0.00,49.9,1,0,0.00,0.00,0.00,12.00,0.10,1.00,0,0,0.00,0
2026-05-01 18:03:17,2474.98,1,0,0,0,0,0,0,-0.14,0,1.00,5.13,1.92,4.62,1.00,D,0.00,12.00,12.00,12.00,12.00,^,-8.13,,29.70,12.30,504,0.00,49.4,1,0,0.00,0.00,0.00,12.00,-0.14,1.00,0,0,0.00,0
2026-05-01 18:03:18,2475.99,1,0,0,0,0,0,0,-0.03,0,1.00,5.13,1.92,4.63,1.00,D,0.00,12.00,12.00,12.00,12.00,^,-1.89,,26.90,12.30,504,0.00,48.8,1,0,0.00,0.00,0.00,12.00,-0.03,1.00,0,0,0.00,0
2026-05-01 18:03:19,2477.00,1,0,0,0,0,0,0,0.02,0,1.00,5.13,1.92,4.55,1.00,D,0.00,12.00,12.00,2.12,12.00,^,1.28,,28.70,12.30,504,0.00,48.3,1,0,0.00,0.00,0.00,12.00,0.02,1.00,0,0,0.00,0
2026-05-01 18:03:20,2478.01,1,0,0,0,0,0,0,-0.01,0,1.00,5.13,1.92,4.55,1.00,D,0.00,12.00,12.00,2.03,1.65,^,-0.73,,27.60,12.30,504,0.00,47.7,1,0,0.00,0.00,0.00,12.00,-0.01,1.00,0,0,0.00,0
2026-05-01 18:03:21,2479.03,1,0,0,0,0,0,0,0.43,0,1.00,5.13,1.92,3.89,0.88,D,0.00,12.00,12.00,1.24,1.16,^,26.00,,26.60,12.30,504,0.00,48.8,1,0,0.00,0.00,0.00,12.00,0.43,1.00,0,0,0.00,0
2026-05-01 18:03:22,2480.04,1,0,0,0,0,0,0,-0.07,0,1.00,5.13,1.93,4.45,1.00,D,0.00,12.00,12.00,1.05,1.19,^,-4.16,,25.40,12.30,504,0.00,48.8,1,0,0.00,0.00,0.00,12.00,-0.07,1.00,0,0,0.00,0
2026-05-01 18:03:23,2481.05,1,0,0,0,0,0,0,-0.18,0,1.00,5.13,1.93,4.33,1.00,D,0.00,12.00,12.00,12.00,1.60,^,-10.92,,25.00,12.30,504,0.00,48.3,1,0,0.00,0.00,0.00,12.00,-0.18,1.00,0,0,0.00,0
2026-05-01 18:03:24,2482.07,1,0,0,0,0,0,0,-0.03,0,1.00,5.13,1.93,4.65,1.00,D,0.00,12.00,12.00,12.00,1.92,^,-2.02,,24.30,12.30,504,0.00,49.4,1,0,0.00,0.00,0.00,12.00,-0.03,1.00,0,0,0.00,0
2026-05-01 18:03:25,2483.08,1,0,0,0,0,0,0,-0.01,0,1.00,5.13,1.93,4.52,1.00,D,0.00,12.00,12.00,12.00,3.10,^,-0.31,,24.20,12.30,504,0.00,49.9,1,0,0.00,0.00,0.00,12.00,-0.01,1.00,0,0,0.00,0
2026-05-01 18:03:26,2484.09,1,0,0,0,0,0,0,-0.07,0,1.00,5.13,1.93,4.58,1.00,D,0.00,12.00,12.00,12.00,12.00,^,-4.04,,24.90,12.30,504,0.00,49.9,1,0,0.00,0.00,0.00,12.00,-0.07,1.00,0,0,0.00,0
2026-05-01 18:03:27,2485.10,1,0,0,0,0,0,0,-0.00,0,1.00,5.13,1.93,4.48,1.00,D,0.00,12.00,12.00,12.00,12.00,^,-0.01,,28.40,12.30,504,0.00,47.7,1,0,0.00,0.00,0.00,12.00,-0.00,1.00,0,0,0.00,0
2026-05-01 18:03:28,2486.11,1,0,0,0,0,0,0,-0.05,0,1.00,5.13,1.93,4.49,1.00,D,0.00,12.00,12.00,2.37,12.00,^,-3.03,,25.50,12.30,504,0.00,49.9,1,0,0.00,0.00,0.00,12.00,-0.05,1.00,0,0,0.00,0
2026-05-01 18:03:29,2487.12,1,0,0,0,0,0,0,-0.12,0,1.00,5.13,1.93,4.55,1.00,D,0.00,12.00,12.00,2.23,12.00,^,-7.06,,25.80,12.40,504,0.00,49.9,1,0,0.00,0.00,0.00,12.00,-0.12,1.00,0,0,0.00,0
2026-05-01 18:03:30,2488.13,1,0,0,0,0,0,0,0.03,0,1.00,5.13,1.93,4.60,1.00,D,0.00,12.00,12.00,1.78,2.12,^,1.73,,24.40,12.40,504,0.00,48.8,1,0,0.00,0.00,0.00,12.00,0.03,1.00,0,0,0.00,0
2026-05-01 18:03:31,2489.24,1,0,0,0,0,0,0,-0.02,0,1.00,5.13,1.93,4.41,1.00,D,0.00,12.00,12.00,2.63,1.45,^,-1.39,,25.50,12.30,504,0.00,50.5,1,0,0.00,0.00,0.00,12.00,-0.02,1.00,0,0,0.00,0
2026-05-01 18:03:32,2490.14,1,0,0,0,0,0,0,0.00,0,1.00,5.13,1.94,4.53,1.00,D,0.00,12.00,12.00,12.00,2.65,^,0.29,,23.80,12.30,504,0.00,48.8,1,0,0.00,0.00,0.00,12.00,0.00,1.00,0,0,0.00,0
2026-05-01 18:03:33,2491.16,1,0,0,0,0,0,0,-0.08,0,1.00,5.13,1.94,4.56,1.00,D,0.00,12.00,12.00,12.00,12.00,^,-4.67,,25.10,12.30,504,0.00,49.9,1,0,0.00,0.00,0.00,12.00,-0.08,1.00,0,0,0.00,0
2026-05-01 18:03:34,2492.17,1,0,0,0,0,0,0,-0.00,0,1.00,5.13,1.94,4.58,1.00,D,0.00,12.00,12.00,1.91,12.00,^,-0.18,,25.30,12.30,504,0.00,49.4,1,0,0.00,0.00,0.00,12.00,-0.00,1.00,0,0,0.00,0
2026-05-01 18:03:35,2493.17,1,0,0,0,0,0,0,0.13,0,1.00,5.13,1.94,4.33,1.00,D,0.00,12.00,12.00,1.28,1.28,^,7.76,,24.90,12.30,504,0.00,49.9,1,0,0.00,0.00,0.00,12.00,0.13,1.00,0,0,0.00,0
2026-05-01 18:03:36,2494.29,1,0,0,0,0,0,0,-0.21,0,1.00,5.13,1.94,4.44,1.00,D,0.00,12.00,12.00,1.76,1.58,^,-12.57,,24.80,12.30,504,0.00,50.5,1,0,0.00,0.00,0.00,12.00,-0.21,1.00,0,0,0.00,0
2026-05-01 18:03:37,2495.19,1,0,0,0,0,0,0,-0.02,0,1.00,5.13,1.94,4.62,1.00,D,0.00,12.00,12.00,12.00,2.67,^,-1.46,,24.00,12.30,504,0.00,50.5,1,0,0.00,0.00,0.00,12.00,-0.02,1.00,0,0,0.00,0
2026-05-01 18:03:38,2496.19,1,0,0,0,0,0,0,0.03,0,1.00,5.13,1.94,4.55,1.00,D,0.00,12.00,12.00,12.00,12.00,^,1.92,,25.00,12.30,504,0.00,49.9,1,0,0.00,0.00,0.00,12.00,0.03,1.00,0,0,0.00,0
2026-05-01 18:03:39,2497.21,1,0,0,0,0,0,0,-0.06,0,1.00,5.13,1.94,4.55,1.00,D,0.00,12.00,12.00,12.00,8.49,^,-3.74,,27.90,12.30,504,0.00,48.3,1,0,0.00,0.00,0.00,12.00,-0.06,1.00,0,0,0.00,0
2026-05-01 18:03:40,2498.22,1,0,0,0,0,0,0,-0.01,0,1.00,5.13,1.94,4.58,1.00,D,0.00,12.00,12.00,12.00,12.00,^,-0.70,,27.10,12.30,504,0.00,49.4,1,0,0.00,0.00,0.00,12.00,-0.01,1.00,0,0,0.00,0
2026-05-01 18:03:41,2499.24,1,0,0,0,0,0,0,-0.06,0,1.00,5.13,1.95,4.55,1.00,D,0.00,2.87,12.00,12.00,12.00,^,-3.61,,27.50,12.30,504,0.00,49.4,1,0,0.00,0.00,0.00,2.87,-0.06,1.00,0,0,0.00,0
2026-05-01 18:03:42,2500.25,1,0,0,0,0,0,0,0.02,0,1.00,5.13,1.95,4.44,1.00,D,0.00,12.00,12.00,1.64,2.39,^,1.33,,28.90,12.30,504,0.00,48.3,1,0,0.00,0.00,0.00,12.00,0.02,1.00,0,0,0.00,0
2026-05-01 18:03:43,2501.26,1,0,0,0,0,0,0,0.35,0,1.00,5.13,1.95,3.90,0.93,D,0.00,12.00,12.00,1.50,1.78,^,21.10,,29.10,12.30,504,0.00,48.8,1,0,0.00,0.00,0.00,12.00,0.35,1.00,0,0,0.00,0
2026-05-01 18:03:44,2502.28,1,0,0,0,0,0,0,-0.28,0,1.00,5.13,1.95,4.35,1.00,D,0.00,12.00,12.00,1.18,1.08,^,-16.70,,26.70,12.30,504,0.00,48.3,1,0,0.00,0.00,0.00,12.00,-0.28,1.00,0,0,0.00,0
2026-05-01 18:03:45,2503.29,1,0,0,0,0,0,0,0.00,0,1.00,5.13,1.95,4.51,1.00,D,0.00,12.00,12.00,12.00,2.31,^,0.23,,24.40,12.30,504,0.00,48.3,1,0,0.00,0.00,0.00,12.00,0.00,1.00,0,0,0.00,0
2026-05-01 18:03:46,2504.30,1,0,0,0,0,0,0,-0.14,0,1.00,5.13,1.95,4.48,1.00,D,0.00,12.00,12.00,12.00,12.00,^,-8.17,,23.80,12.30,504,0.00,48.8,1,0,0.00,0.00,0.00,12.00,-0.14,1.00,0,0,0.00,0
2026-05-01 18:03:47,2505.31,1,0,0,0,0,0,0,0.14,0,1.00,5.13,1.95,4.45,1.00,D,0.00,12.00,12.00,12.00,12.00,^,8.43,,25.40,12.30,504,0.00,48.8,1,0,0.00,0.00,0.00,12.00,0.14,1.00,0,0,0.00,0
2026-05-01 18:03:48,2506.32,1,0,0,0,0,0,0,-0.01,0,1.00,5.13,1.95,4.52,1.00,D,0.00,12.00,12.00,12.00,12.00,^,-0.40,,24.70,12.30,504,0.00,48.8,1,0,0.00,0.00,0.00,12.00,-0.01,1.00,0,0,0.00,0
2026-05-01 18:03:49,2507.33,1,0,0,0,0,0,0,-0.11,0,1.00,5.13,1.95,4.52,1.00,D,0.00,12.00,12.00,12.00,12.00,^,-6.79,,26.30,12.30,504,0.00,49.9,1,0,0.00,0.00,0.00,12.00,-0.11,1.00,0,0,0.00,0
2026-05-01 18:03:50,2508.35,1,0,0,0,0,0,0,-0.10,0,1.00,5.13,1.95,4.55,1.00,D,0.00,12.00,9.27,12.00,12.00,^,-6.07,,24.30,12.30,504,0.00,49.4,1,0,0.00,0.00,0.00,12.00,-0.10,1.00,0,0,0.00,0
2026-05-01 18:03:51,2509.36,1,0,0,0,0,0,0,0.05,0,1.00,5.13,1.96,4.58,1.00,D,0.00,12.00,8.36,2.46,12.00,^,3.18,,23.80,12.30,504,0.00,48.8,1,0,0.00,0.00,0.00,12.00,0.05,1.00,0,0,0.00,0
2026-05-01 18:03:52,2510.37,1,0,0,0,0,0,0,-0.07,0,1.00,5.13,1.96,4.48,1.00,D,0.00,12.00,7.87,2.41,12.00,^,-4.50,,24.80,12.30,504,0.00,48.8,1,0,0.00,0.00,0.00,12.00,-0.07,1.00,0,0,0.00,0
2026-05-01 18:03:53,2511.48,1,0,0,0,0,0,0,0.10,0,1.00,5.13,1.96,4.59,1.00,D,0.00,12.00,12.00,12.00,12.00,^,6.09,,24.70,12.30,504,0.00,49.9,1,0,0.00,0.00,0.00,12.00,0.10,1.00,0,0,0.00,0
2026-05-01 18:03:54,2512.39,1,0,0,0,0,0,0,-0.13,0,1.00,5.13,1.96,4.39,1.00,D,0.00,12.00,12.00,12.00,12.00,^,-7.82,,24.70,12.30,504,0.00,49.9,1,0,0.00,0.00,0.00,12.00,-0.13,1.00,0,0,0.00,0
2026-05-01 18:03:55,2513.40,1,0,0,0,0,0,0,0.00,0,1.00,5.13,1.96,4.54,1.00,D,0.00,12.00,12.00,12.00,9.03,^,0.22,,25.50,12.30,504,0.00,49.9,1,0,0.00,0.00,0.00,12.00,0.00,1.00,0,0,0.00,0
2026-05-01 18:03:56,2514.41,1,0,0,0,0,0,0,-0.13,0,1.00,5.13,1.96,4.49,1.00,D,0.00,2.10,12.00,1.88,12.00,^,-7.94,,24.50,12.30,504,0.00,49.9,1,0,0.00,0.00,0.00,2.10,-0.13,1.00,0,0,0.00,0
2026-05-01 18:03:57,2515.52,1,0,0,0,0,0,0,0.12,0,1.00,5.13,1.96,4.50,1.00,D,0.00,12.00,12.00,1.60,1.57,^,6.95,,24.60,12.30,504,0.00,48.8,1,0,0.00,0.00,0.00,12.00,0.12,1.00,0,0,0.00,0
2026-05-01 18:03:58,2516.43,1,0,0,0,0,0,0,-0.06,0,1.00,5.13,1.96,4.48,1.00,D,0.00,12.00,12.00,12.00,2.07,^,-3.38,,23.80,12.30,504,0.00,49.9,1,0,0.00,0.00,0.00,12.00,-0.06,1.00,0,0,0.00,0
2026-05-01 18:03:59,2517.44,1,0,0,0,0,0,0,-0.06,0,1.00,5.13,1.96,4.40,1.00,D,0.00,12.00,12.00,12.00,12.00,^,-3.38,,24.00,12.40,504,0.00,50.5,1,0,0.00,0.00,0.00,12.00,-0.06,1.00,0,0,0.00,0
2026-05-01 18:04:00,2518.46,1,0,0,0,0,0,0,-0.02,0,1.00,5.13,1.96,4.60,1.00,D,0.00,12.00,12.00,12.00,12.00,^,-1.21,,27.10,12.30,504,0.00,49.9,1,0,0.00,0.00,0.00,12.00,-0.02,1.00,0,0,0.00,0
2026-05-01 18:04:01,2519.47,1,0,0,0,0,0,0,-0.11,0,1.00,5.13,1.97,4.56,1.00,D,0.00,12.00,12.00,12.00,12.00,^,-6.44,,27.10,12.30,504,0.00,49.4,1,0,0.00,0.00,0.00,12.00,-0.11,1.00,0,0,0.00,0
2026-05-01 18:04:02,2520.48,1,0,0,0,0,0,0,0.01,0,1.00,5.13,1.97,4.50,1.00,D,0.00,12.00,12.00,12.00,12.00,^,0.71,,23.60,12.30,504,0.00,49.4,1,0,0.00,0.00,0.00,12.00,0.01,1.00,0,0,0.00,0
2026-05-01 18:04:03,2521.49,1,0,0,0,0,0,0,-0.08,0,1.00,5.13,1.97,4.47,1.00,D,0.00,12.00,12.00,2.58,12.00,^,-4.95,,23.80,12.30,504,0.00,49.9,1,0,0.00,0.00,0.00,12.00,-0.08,1.00,0,0,0.00,0
2026-05-01 18:04:04,2522.50,1,0,0,0,0,0,0,-0.03,0,1.00,5.13,1.97,4.50,1.00,D,0.00,12.00,12.00,2.27,12.00,^,-1.73,,24.90,12.30,504,0.00,49.9,1,0,0.00,0.00,0.00,12.00,-0.03,1.00,0,0,0.00,0
2026-05-01 18:04:05,2523.52,1,0,0,0,0,0,0,-0.03,0,1.00,5.13,1.97,4.48,1.00,D,0.00,12.00,12.00,2.23,12.00,^,-1.67,,24.40,12.30,504,0.00,49.9,1,0,0.00,0.00,0.00,12.00,-0.03,1.00,0,0,0.00,0
2026-05-01 18:04:06,2524.53,1,0,0,0,0,0,0,-0.04,0,1.00,5.13,1.97,4.51,1.00,D,0.00,12.00,12.00,12.00,12.00,^,-2.30,,24.50,12.30,504,0.00,50.5,1,0,0.00,0.00,0.00,12.00,-0.04,1.00,0,0,0.00,0
2026-05-01 18:04:07,2525.55,1,0,0,0,0,0,0,0.01,0,1.00,5.13,1.97,4.48,1.00,D,0.00,12.00,12.00,2.29,12.00,^,0.65,,27.50,12.30,504,0.00,49.9,1,0,0.00,0.00,0.00,12.00,0.01,1.00,0,0,0.00,0
2026-05-01 18:04:08,2526.56,1,0,0,0,0,0,0,-0.10,0,1.00,5.13,1.97,4.56,1.00,D,0.00,12.00,12.00,1.74,1.89,^,-6.25,,27.20,12.30,504,0.00,49.4,1,0,0.00,0.00,0.00,12.00,-0.10,1.00,0,0,0.00,0
2026-05-01 18:04:10,2527.67,1,0,0,0,0,0,0,0.07,0,1.00,5.13,1.97,4.54,1.00,D,0.00,12.00,12.00,2.05,2.12,^,4.24,,26.40,12.30,504,0.00,48.3,1,0,0.00,0.00,0.00,12.00,0.07,1.00,0,0,0.00,0
2026-05-01 18:04:10,2528.58,1,0,0,0,0,0,0,-0.05,0,1.00,5.13,1.97,4.61,1.00,D,0.00,12.00,12.00,2.39,2.01,^,-2.88,,29.30,12.30,504,0.00,47.7,1,0,0.00,0.00,0.00,12.00,-0.05,1.00,0,0,0.00,0
2026-05-01 18:04:11,2529.59,1,0,0,0,0,0,0,0.02,0,1.00,5.13,1.98,4.52,1.00,D,0.00,12.00,12.00,12.00,2.54,^,1.09,,24.00,12.30,504,0.00,49.9,1,0,0.00,0.00,0.00,12.00,0.02,1.00,0,0,0.00,0
2026-05-01 18:04:13,2530.70,1,0,0,0,0,0,0,0.03,0,1.00,5.13,1.98,4.48,1.00,D,0.00,12.00,12.00,2.10,12.00,^,1.97,,24.20,12.30,504,0.00,49.9,1,0,0.00,0.00,0.00,12.00,0.03,1.00,0,0,0.00,0
2026-05-01 18:04:13,2531.61,1,0,0,0,0,0,0,-0.08,0,1.00,5.13,1.98,4.55,0.98,D,0.00,12.00,12.00,1.59,1.88,^,-4.55,,24.20,12.30,504,0.00,49.4,1,0,0.00,0.00,0.00,12.00,-0.08,1.00,0,0,0.00,0
2026-05-01 18:04:15,2532.72,1,0,0,0,0,0,0,-0.04,0,1.00,5.13,1.98,4.47,1.00,D,0.00,12.00,14.04,1.20,1.26,^,-2.51,,24.30,12.40,504,0.00,48.8,1,0,0.00,0.00,0.00,12.00,-0.04,1.00,0,0,0.00,0
2026-05-01 18:04:15,2533.62,1,0,0,0,0,0,0,0.01,0,1.00,5.13,1.98,4.52,1.00,D,0.00,12.00,12.00,1.69,1.52,^,0.68,,24.50,12.30,504,0.00,49.9,1,0,0.00,0.00,0.00,12.00,0.01,1.00,0,0,0.00,0
2026-05-01 18:04:16,2534.63,1,0,0,0,0,0,0,-0.03,0,1.00,5.13,1.98,4.51,1.00,D,0.00,12.00,12.00,12.00,2.44,^,-1.87,,27.70,12.30,504,0.00,49.9,1,0,0.00,0.00,0.00,12.00,-0.03,1.00,0,0,0.00,0
2026-05-01 18:04:17,2535.64,1,0,0,0,0,0,0,-0.06,0,1.00,5.13,1.98,4.54,1.00,D,0.00,12.00,12.00,12.00,13.37,^,-3.79,,24.00,12.30,504,0.00,48.8,1,0,0.00,0.00,0.00,12.00,-0.06,1.00,0,0,0.00,0
2026-05-01 18:04:18,2536.65,1,0,0,0,0,0,0,-0.01,0,1.00,5.13,1.98,4.50,1.00,D,0.00,12.00,12.00,12.00,12.00,^,-0.51,,24.70,12.30,504,0.00,50.5,1,0,0.00,0.00,0.00,12.00,-0.01,1.00,0,0,0.00,0
2026-05-01 18:04:20,2537.66,1,0,0,0,0,0,0,0.01,0,1.00,5.13,1.98,4.59,1.00,D,0.00,12.00,12.00,12.00,15.03,^,0.38,,24.00,12.30,504,0.00,49.9,1,0,0.00,0.00,0.00,12.00,0.01,1.00,0,0,0.00,0
2026-05-01 18:04:21,2538.67,1,0,0,0,0,0,0,-0.08,0,1.00,5.13,1.99,4.49,1.00,D,0.00,12.00,12.00,12.00,12.00,^,-5.03,,24.30,12.30,504,0.00,48.8,1,0,0.00,0.00,0.00,12.00,-0.08,1.00,0,0,0.00,0
2026-05-01 18:04:22,2539.68,1,0,0,0,0,0,0,0.42,0,0.50,5.13,1.99,4.46,0.93,D,0.00,1.94,12.00,12.00,14.89,WARN_WARNING,25.33,lidar_override,26.50,12.30,504,0.00,48.8,1,0,0.00,0.00,0.00,1.94,-0.05,1.00,0,0,0.00,0
2026-05-01 18:04:23,2540.68,1,0,0,0,0,0,0,-0.28,0,1.00,5.13,1.99,3.50,1.00,D,0.00,12.00,12.00,2.17,1.09,^,-16.67,,29.20,12.30,504,0.00,49.9,1,0,0.00,0.00,0.00,12.00,-0.28,1.00,0,0,0.00,0
2026-05-01 18:04:24,2541.70,0,0,0,0,0,0,0,0.00,0,0.00,5.13,1.99,0.00,0.00,D,0.00,12.00,2.73,12.00,1.30,^,0.00,,23.90,12.30,504,0.00,49.9,1,0,0.00,0.00,0.00,12.00,0.00,0.00,0,0,0.00,0
2026-05-01 18:04:25,2542.80,0,0,0,0,0,0,0,0.00,0,0.00,5.13,1.99,0.00,0.00,D,0.00,12.00,2.73,12.00,1.30,^,0.00,,21.50,12.30,504,0.92,50.5,1,0,0.00,0.00,0.00,12.00,0.00,0.00,0,0,0.00,0
2026-05-01 18:04:26,2543.71,0,0,0,0,0,0,0,0.00,0,0.00,5.13,1.99,0.00,0.00,D,0.00,12.00,2.73,12.00,1.30,^,0.00,,22.60,12.30,504,1.82,49.4,1,0,0.00,0.00,0.00,12.00,0.00,0.00,0,0,0.00,0
2026-05-01 18:04:27,2544.82,0,0,0,0,0,0,0,0.00,0,0.00,5.13,1.98,0.00,0.00,D,0.00,12.00,2.77,12.00,1.30,^,0.00,,20.50,12.30,504,2.94,48.3,1,0,0.00,0.00,0.00,12.00,0.00,0.00,0,0,0.00,0
2026-05-01 18:04:28,2545.73,0,0,0,0,0,0,0,0.00,0,0.00,5.13,1.98,0.00,0.00,D,0.00,12.00,2.73,12.00,1.30,^,0.00,,21.70,12.30,504,3.85,48.3,1,0,0.00,0.00,0.00,12.00,0.00,0.00,0,0,0.00,0
2026-05-01 18:04:29,2546.74,0,0,0,0,0,0,0,0.00,0,0.00,5.13,1.98,0.00,0.00,D,0.00,12.00,2.76,12.00,1.30,^,0.00,,25.20,12.30,504,4.86,49.9,1,0,0.00,0.00,0.00,12.00,0.00,0.00,0,0,0.00,0
2026-05-01 18:04:30,2547.75,0,0,0,0,0,0,0,0.00,0,0.00,5.13,1.98,0.00,0.00,D,0.00,12.00,2.73,12.00,1.30,^,0.00,,23.30,12.30,504,5.87,49.4,1,0,0.00,0.00,0.00,12.00,0.00,0.00,0,0,0.00,0
2026-05-01 18:04:31,2548.76,0,0,0,0,0,0,0,0.00,0,0.00,5.13,1.98,0.00,0.00,D,0.00,12.00,2.73,12.00,1.30,^,0.00,,24.00,12.30,504,6.88,47.7,1,0,0.00,0.00,0.00,12.00,0.00,0.00,0,0,0.00,0
2026-05-01 18:04:32,2549.78,0,0,0,0,0,0,0,0.00,0,0.00,5.13,1.98,0.00,0.00,D,0.00,12.00,2.74,12.00,1.30,^,0.00,,23.50,12.30,504,7.89,49.4,1,0,0.00,0.00,0.00,12.00,0.00,0.00,0,0,0.00,0
2026-05-01 18:04:33,2550.79,0,0,0,0,0,0,0,0.00,0,0.00,5.13,1.98,0.00,0.00,D,0.00,12.00,2.73,12.00,1.30,^,0.00,,23.80,12.30,504,8.91,48.3,1,0,0.00,0.00,0.00,12.00,0.00,0.00,0,0,0.00,0
2026-05-01 18:04:34,2551.80,0,0,0,0,0,0,0,0.00,0,0.00,5.13,1.98,0.00,0.00,D,0.00,12.00,2.77,12.00,1.30,^,0.00,,24.20,12.30,504,9.92,47.2,1,0,0.00,0.00,0.00,12.00,0.00,0.00,0,0,0.00,0
2026-05-01 18:04:35,2552.81,0,0,0,0,0,0,0,0.00,0,0.00,5.13,1.98,0.00,0.00,D,0.00,12.00,2.73,12.00,1.30,^,0.00,,23.40,12.30,504,10.93,47.2,1,0,0.00,0.00,0.00,12.00,0.00,0.00,0,0,0.00,0
2026-05-01 18:04:36,2553.82,0,0,0,0,0,0,0,0.00,0,0.00,5.13,1.98,0.00,0.00,D,0.00,12.00,2.73,12.00,1.30,^,0.00,,23.50,12.30,504,11.94,47.2,1,0,0.00,0.00,0.00,12.00,0.00,0.00,0,0,0.00,0
2026-05-01 18:04:37,2554.83,0,0,0,0,0,0,0,0.00,0,0.00,5.13,1.98,0.00,0.00,D,0.00,12.00,2.73,12.00,1.30,^,0.00,,23.70,12.30,504,12.95,47.7,1,0,0.00,0.00,0.00,12.00,0.00,0.00,0,0,0.00,0
2026-05-01 18:04:38,2555.84,0,0,0,0,0,0,0,0.00,0,0.00,5.13,1.98,0.00,0.00,D,0.00,12.00,2.73,12.00,1.30,^,0.00,,22.80,12.30,504,13.96,48.3,1,0,0.00,0.00,0.00,12.00,0.00,0.00,0,0,0.00,0
2026-05-01 18:04:39,2556.86,0,0,0,0,0,0,0,0.00,0,0.00,5.13,1.98,0.00,0.00,D,0.00,12.00,2.73,12.00,1.30,^,0.00,,24.90,12.30,504,14.97,47.7,1,0,0.00,0.00,0.00,12.00,0.00,0.00,0,0,0.00,0
2026-05-01 18:04:40,2557.87,0,0,0,0,0,0,0,0.00,0,0.00,5.13,1.97,0.00,0.00,D,0.00,12.00,2.73,12.00,1.30,^,0.00,,24.00,12.30,504,15.99,48.8,1,0,0.00,0.00,0.00,12.00,0.00,0.00,0,0,0.00,0
2026-05-01 18:04:41,2558.88,0,0,0,0,0,0,0,0.00,0,0.00,5.13,1.97,0.00,0.00,D,0.00,12.00,2.74,12.00,1.30,^,0.00,,23.60,12.30,504,17.00,47.2,1,0,0.00,0.00,0.00,12.00,0.00,0.00,0,0,0.00,0
2026-05-01 18:04:42,2559.89,0,0,0,0,0,0,0,0.00,0,0.00,5.13,1.97,0.00,0.00,D,0.00,12.00,2.73,12.00,1.30,^,0.00,,23.10,12.30,504,18.01,48.3,1,0,0.00,0.00,0.00,12.00,0.00,0.00,0,0,0.00,0
2026-05-01 18:04:43,2560.91,0,0,0,0,0,0,0,0.00,0,0.00,5.13,1.97,0.00,0.00,D,0.00,12.00,2.73,12.00,1.30,^,0.00,,23.70,12.30,504,19.02,47.2,1,0,0.00,0.00,0.00,12.00,0.00,0.00,0,0,0.00,0
2026-05-01 18:04:44,2561.92,0,0,0,0,0,0,0,0.00,0,0.00,5.13,1.97,0.00,0.00,D,0.00,12.00,2.73,12.00,1.30,^,0.00,,23.40,12.30,504,20.03,47.2,1,0,0.00,0.00,0.00,12.00,0.00,0.00,0,0,0.00,0
2026-05-01 18:04:45,2562.92,0,0,0,0,0,0,0,0.00,0,0.00,5.13,1.97,0.00,0.00,D,0.00,12.00,2.73,12.00,1.30,^,0.00,,24.40,12.30,504,21.04,47.2,1,0,0.00,0.00,0.00,12.00,0.00,0.00,0,0,0.00,0
2026-05-01 18:04:46,2563.93,0,0,0,0,0,0,0,0.00,0,0.00,5.13,1.97,0.00,0.00,D,0.00,12.00,2.73,12.00,1.30,^,0.00,,23.60,12.30,504,22.05,47.2,1,0,0.00,0.00,0.00,12.00,0.00,0.00,0,0,0.00,0
2026-05-01 18:04:47,2564.94,0,0,0,0,0,0,0,0.00,0,0.00,5.13,1.97,0.00,0.00,D,0.00,12.00,2.72,12.00,1.30,^,0.00,,22.50,12.30,504,23.06,48.3,1,0,0.00,0.00,0.00,12.00,0.00,0.00,0,0,0.00,0
2026-05-01 18:04:48,2565.95,0,0,0,0,0,0,0,0.00,0,0.00,5.13,1.97,0.00,0.00,D,0.00,12.00,2.73,12.00,1.30,^,0.00,,24.00,12.30,504,24.07,46.6,1,0,0.00,0.00,0.00,12.00,0.00,0.00,0,0,0.00,0
2026-05-01 18:04:49,2566.97,0,0,0,0,0,0,0,0.00,0,0.00,5.13,1.97,0.00,0.00,D,0.00,12.00,2.73,12.00,1.30,^,0.00,,23.80,12.30,504,25.09,48.3,1,0,0.00,0.00,0.00,12.00,0.00,0.00,0,0,0.00,0
2026-05-01 18:04:50,2567.98,0,0,0,0,0,0,0,0.00,0,0.00,5.13,1.97,0.00,0.00,D,0.00,12.00,2.73,12.00,1.30,^,0.00,,23.10,12.30,504,26.10,47.2,1,0,0.00,0.00,0.00,12.00,0.00,0.00,0,0,0.00,0
2026-05-01 18:04:51,2568.99,0,0,0,0,0,0,0,0.00,0,0.00,5.13,1.97,0.00,0.00,D,0.00,12.00,2.73,12.00,1.30,^,0.00,,23.60,12.30,504,27.11,47.2,1,0,0.00,0.00,0.00,12.00,0.00,0.00,0,0,0.00,0
2026-05-01 18:04:52,2570.11,0,0,0,0,0,0,0,0.00,0,0.00,5.13,1.97,0.00,0.00,D,0.00,12.00,2.73,12.00,1.30,^,0.00,,22.50,12.30,504,28.22,46.6,1,0,0.00,0.00,0.00,12.00,0.00,0.00,0,0,0.00,0
2026-05-01 18:04:53,2571.01,0,0,0,0,0,0,0,0.00,0,0.00,5.13,1.96,0.00,0.00,D,0.00,12.00,2.72,12.00,1.30,^,0.00,,23.90,12.30,504,29.13,47.2,1,0,0.00,0.00,0.00,12.00,0.00,0.00,0,0,0.00,0
2026-05-01 18:04:54,2572.12,0,0,0,0,0,0,0,0.00,0,0.00,5.13,1.96,0.00,0.00,D,0.00,12.00,2.72,12.00,1.30,^,0.00,,23.60,12.40,504,30.24,47.2,1,0,0.00,0.00,0.00,12.00,0.00,0.00,0,0,0.00,0
2026-05-01 18:04:55,2573.03,0,0,0,0,0,0,0,0.00,0,0.00,5.13,1.96,0.00,0.00,D,0.00,12.00,2.76,12.00,1.30,^,0.00,,23.20,12.40,504,31.15,47.7,1,0,0.00,0.00,0.00,12.00,0.00,0.00,0,0,0.00,0
2026-05-01 18:04:56,2574.14,0,0,0,0,0,0,0,0.00,0,0.00,5.13,1.96,0.00,0.00,D,0.00,12.00,2.73,12.00,1.30,^,0.00,,23.40,12.40,504,32.26,47.7,1,0,0.00,0.00,0.00,12.00,0.00,0.00,0,0,0.00,0
2026-05-01 18:04:57,2575.04,0,0,0,0,0,0,0,0.00,0,0.00,5.13,1.96,0.00,0.00,D,0.00,12.00,2.72,12.00,1.30,^,0.00,,22.40,12.30,504,33.16,47.2,1,0,0.00,0.00,0.00,12.00,0.00,0.00,0,0,0.00,0
2026-05-01 18:04:58,2576.16,0,0,0,0,0,0,0,0.00,0,0.00,5.13,1.96,0.00,0.00,D,0.00,12.00,2.73,12.00,1.30,^,0.00,,23.90,12.40,504,34.27,46.6,1,0,0.00,0.00,0.00,12.00,0.00,0.00,0,0,0.00,0
2026-05-01 18:04:59,2577.06,0,0,0,0,0,0,0,0.00,0,0.00,5.13,1.96,0.00,0.00,D,0.00,12.00,2.73,12.00,1.30,^,0.00,,24.60,12.40,504,35.18,47.7,1,0,0.00,0.00,0.00,12.00,0.00,0.00,0,0,0.00,0
2026-05-01 18:05:00,2578.07,0,0,0,0,0,0,0,0.00,0,0.00,5.13,1.96,0.00,0.00,D,0.00,12.00,2.75,12.00,1.30,^,0.00,,22.60,12.30,504,36.19,47.2,1,0,0.00,0.00,0.00,12.00,0.00,0.00,0,0,0.00,0
2026-05-01 18:05:01,2579.08,0,0,0,0,0,0,0,0.00,0,0.00,5.13,1.96,0.00,0.00,D,0.00,12.00,2.73,12.00,1.30,^,0.00,,23.90,12.30,504,37.20,47.7,1,0,0.00,0.00,0.00,12.00,0.00,0.00,0,0,0.00,0
2026-05-01 18:05:02,2580.20,0,0,0,0,0,0,0,0.00,0,0.00,5.13,1.96,0.00,0.00,D,0.00,12.00,2.73,12.00,1.30,^,0.00,,25.10,12.30,504,38.31,46.1,1,0,0.00,0.00,0.00,12.00,0.00,0.00,0,0,0.00,0
2026-05-01 18:05:03,2581.10,0,0,0,0,0,0,0,0.00,0,0.00,5.13,1.96,0.00,0.00,D,0.00,12.00,2.73,12.00,1.30,^,0.00,,23.50,12.30,504,39.22,46.6,1,0,0.00,0.00,0.00,12.00,0.00,0.00,0,0,0.00,0
2026-05-01 18:05:04,2582.11,0,0,0,0,0,0,0,0.00,0,0.00,5.13,1.96,0.00,0.00,D,0.00,12.00,2.73,12.00,1.30,^,0.00,,24.00,12.30,504,40.23,46.6,1,0,0.00,0.00,0.00,12.00,0.00,0.00,0,0,0.00,0
2026-05-01 18:05:05,2583.11,0,0,0,0,0,0,0,0.00,0,0.00,5.13,1.96,0.00,0.00,D,0.00,12.00,2.73,12.00,1.30,^,0.00,,21.60,12.30,504,41.23,47.7,1,0,0.00,0.00,0.00,12.00,0.00,0.00,0,0,0.00,0
2026-05-01 18:05:06,2584.12,0,0,0,0,0,0,0,0.00,0,0.00,5.13,1.95,0.00,0.00,D,0.00,12.00,2.73,12.00,1.30,^,0.00,,20.30,12.30,504,42.24,47.2,1,0,0.00,0.00,0.00,12.00,0.00,0.00,0,0,0.00,0
2026-05-01 18:05:07,2585.24,0,0,0,0,0,0,0,0.00,0,0.00,5.13,1.95,0.00,0.00,D,0.00,12.00,2.73,12.00,1.30,^,0.00,,20.20,12.40,504,43.35,49.9,1,0,0.00,0.00,0.00,12.00,0.00,0.00,0,0,0.00,0
2026-05-01 18:05:08,2586.14,0,0,0,0,0,0,0,0.00,0,0.00,5.13,1.95,0.00,0.00,D,0.00,12.00,2.77,12.00,1.30,^,0.00,,20.80,12.40,504,44.26,47.7,1,0,0.00,0.00,0.00,12.00,0.00,0.00,0,0,0.00,0
2026-05-01 18:05:09,2587.15,0,0,0,0,0,0,0,0.00,0,0.00,5.13,1.95,0.00,0.00,D,0.00,12.00,2.73,12.00,1.30,^,0.00,,21.10,12.40,504,45.27,48.8,1,0,0.00,0.00,0.00,12.00,0.00,0.00,0,0,0.00,0
2026-05-01 18:05:10,2588.17,0,0,0,0,0,0,0,0.00,0,0.00,5.13,1.95,0.00,0.00,D,0.00,12.00,2.72,12.00,1.30,^,0.00,,22.10,12.40,504,46.28,48.3,1,0,0.00,0.00,0.00,12.00,0.00,0.00,0,0,0.00,0
2026-05-01 18:05:11,2589.18,0,0,0,0,0,0,0,0.00,0,0.00,5.13,1.95,0.00,0.00,D,0.00,12.00,2.73,12.00,1.30,^,0.00,,22.40,12.40,504,47.30,46.6,1,0,0.00,0.00,0.00,12.00,0.00,0.00,0,0,0.00,0
2026-05-01 18:05:12,2590.19,0,0,0,0,0,0,0,0.00,0,0.00,5.13,1.95,0.00,0.00,D,0.00,12.00,2.72,12.00,1.30,^,0.00,,22.70,12.40,504,48.31,47.2,1,0,0.00,0.00,0.00,12.00,0.00,0.00,0,0,0.00,0
2026-05-01 18:05:13,2591.19,0,0,0,0,0,0,0,0.00,0,0.00,5.13,1.95,0.00,0.00,D,0.00,12.00,2.73,12.00,1.30,^,0.00,,23.20,12.40,504,49.31,46.6,1,0,0.00,0.00,0.00,12.00,0.00,0.00,0,0,0.00,0
2026-05-01 18:05:14,2592.21,0,0,0,0,0,0,0,0.00,0,0.00,5.13,1.95,0.00,0.00,D,0.00,12.00,2.72,12.00,1.30,^,0.00,,22.10,12.40,504,50.32,47.7,1,0,0.00,0.00,0.00,12.00,0.00,0.00,0,0,0.00,0
2026-05-01 18:05:15,2593.22,0,0,0,0,0,0,0,0.00,0,0.00,5.13,1.95,0.00,0.00,D,0.00,12.00,2.73,12.00,1.30,^,0.00,,22.80,12.40,504,51.34,47.2,1,0,0.00,0.00,0.00,12.00,0.00,0.00,0,0,0.00,0
2026-05-01 18:05:16,2594.23,0,0,0,0,0,0,0,0.00,0,0.00,5.13,1.95,0.00,0.00,D,0.00,12.00,2.73,12.00,1.30,^,0.00,,24.40,12.40,504,52.35,46.6,1,0,0.00,0.00,0.00,12.00,0.00,0.00,0,0,0.00,0
2026-05-01 18:05:17,2595.24,0,0,0,0,0,0,0,0.00,0,0.00,5.13,1.95,0.00,0.00,D,0.00,12.00,2.74,12.00,1.30,^,0.00,,23.00,12.40,504,53.36,48.3,1,0,0.00,0.00,0.00,12.00,0.00,0.00,0,0,0.00,0
2026-05-01 18:05:18,2596.25,0,0,0,0,0,0,0,0.00,0,0.00,5.13,1.95,0.00,0.00,D,0.00,12.00,2.73,12.00,1.30,^,0.00,,24.60,12.40,504,54.37,46.1,1,0,0.00,0.00,0.00,12.00,0.00,0.00,0,0,0.00,0
2026-05-01 18:05:19,2597.26,0,0,0,0,0,0,0,0.00,0,0.00,5.13,1.94,0.00,0.00,D,0.00,12.00,2.73,12.00,1.30,^,0.00,,23.00,12.40,504,55.38,46.6,1,0,0.00,0.00,0.00,12.00,0.00,0.00,0,0,0.00,0
2026-05-01 18:05:20,2598.38,0,0,0,0,0,0,0,0.00,0,0.00,5.13,1.94,0.00,0.00,D,0.00,12.00,2.73,12.00,1.30,^,0.00,,23.00,12.40,504,56.49,46.1,1,0,0.00,0.00,0.00,12.00,0.00,0.00,0,0,0.00,0
2026-05-01 18:05:21,2599.29,0,0,0,0,0,0,0,0.00,0,0.00,5.13,1.94,0.00,0.00,D,0.00,12.00,2.73,12.00,1.30,^,0.00,,24.00,12.30,504,57.40,48.3,1,0,0.00,0.00,0.00,12.00,0.00,0.00,0,0,0.00,0
2026-05-01 18:05:22,2600.30,0,0,0,0,0,0,0,0.00,0,0.00,5.13,1.94,0.00,0.00,D,0.00,12.00,2.72,12.00,1.30,^,0.00,,22.30,12.40,504,58.41,47.7,1,0,0.00,0.00,0.00,12.00,0.00,0.00,0,0,0.00,0
2026-05-01 18:05:23,2601.30,0,0,0,0,0,0,0,0.00,0,0.00,5.13,1.94,0.00,0.00,D,0.00,12.00,2.74,12.00,1.30,^,0.00,,22.70,12.40,504,59.42,47.7,1,0,0.00,0.00,0.00,12.00,0.00,0.00,0,0,0.00,0
2026-05-01 18:05:24,2602.32,0,0,0,0,0,0,0,0.00,0,0.00,5.13,1.94,0.00,0.00,D,0.00,12.00,2.72,12.00,1.30,^,0.00,,24.20,12.40,504,60.43,47.7,1,0,0.00,0.00,0.00,12.00,0.00,0.00,0,0,0.00,0
2026-05-01 18:05:25,2603.33,0,0,0,0,0,0,0,0.00,0,0.00,5.13,1.94,0.00,0.00,D,0.00,12.00,2.73,12.00,1.30,^,0.00,,22.80,12.40,504,61.45,47.2,1,0,0.00,0.00,0.00,12.00,0.00,0.00,0,0,0.00,0
2026-05-01 18:05:26,2604.34,0,0,0,0,0,0,0,0.00,0,0.00,5.13,1.94,0.00,0.00,D,0.00,12.00,2.79,12.00,1.30,^,0.00,,23.30,12.40,504,62.46,46.6,1,0,0.00,0.00,0.00,12.00,0.00,0.00,0,0,0.00,0
2026-05-01 18:05:27,2605.36,0,0,0,0,0,0,0,0.00,0,0.00,5.13,1.94,0.00,0.00,D,0.00,12.00,2.73,12.00,1.30,^,0.00,,23.40,12.40,504,63.48,47.2,1,0,0.00,0.00,0.00,12.00,0.00,0.00,0,0,0.00,0
2026-05-01 18:05:28,2606.37,0,0,0,0,0,0,0,0.00,0,0.00,5.13,1.94,0.00,0.00,D,0.00,12.00,2.73,12.00,1.30,^,0.00,,22.60,12.40,504,64.49,46.1,1,0,0.00,0.00,0.00,12.00,0.00,0.00,0,0,0.00,0
2026-05-01 18:05:29,2607.39,0,0,0,0,0,0,0,0.00,0,0.00,5.13,1.94,0.00,0.00,D,0.00,12.00,2.74,12.00,1.30,^,0.00,,22.80,12.30,504,65.50,47.7,1,0,0.00,0.00,0.00,12.00,0.00,0.00,0,0,0.00,0
2026-05-01 18:05:30,2608.40,0,0,0,0,0,0,0,0.00,0,0.00,5.13,1.94,0.00,0.00,D,0.00,12.00,2.73,12.00,1.30,^,0.00,,22.10,12.30,504,66.52,46.1,1,0,0.00,0.00,0.00,12.00,0.00,0.00,0,0,0.00,0
2026-05-01 18:05:31,2609.42,0,0,0,0,0,0,0,0.00,0,0.00,5.13,1.94,0.00,0.00,D,0.00,12.00,2.74,12.00,1.30,^,0.00,,23.30,12.30,504,67.54,47.2,1,0,0.00,0.00,0.00,12.00,0.00,0.00,0,0,0.00,0
2026-05-01 18:05:32,2610.43,0,0,0,0,0,0,0,0.00,0,0.00,5.13,1.93,0.00,0.00,D,0.00,12.00,2.73,12.00,1.30,^,0.00,,22.50,12.40,504,68.55,47.7,1,0,0.00,0.00,0.00,12.00,0.00,0.00,0,0,0.00,0
2026-05-01 18:05:33,2611.45,0,0,0,0,0,0,0,0.00,0,0.00,5.13,1.93,0.00,0.00,D,0.00,12.00,2.75,12.00,1.30,^,0.00,,22.10,12.40,504,69.57,47.2,1,0,0.00,0.00,0.00,12.00,0.00,0.00,0,0,0.00,0
2026-05-01 18:05:34,2612.46,0,0,0,0,0,0,0,0.00,0,0.00,5.13,1.93,0.00,0.00,D,0.00,12.00,2.73,12.00,1.30,^,0.00,,22.70,12.40,504,70.58,46.6,1,0,0.00,0.00,0.00,12.00,0.00,0.00,0,0,0.00,0
2026-05-01 18:05:35,2613.47,0,0,0,0,0,0,0,0.00,0,0.00,5.13,1.93,0.00,0.00,D,0.00,12.00,2.73,12.00,1.30,^,0.00,,24.40,12.40,504,71.59,47.7,1,0,0.00,0.00,0.00,12.00,0.00,0.00,0,0,0.00,0
2026-05-01 18:05:36,2614.48,0,0,0,0,0,0,0,0.00,0,0.00,5.13,1.93,0.00,0.00,D,0.00,12.00,2.73,12.00,1.30,^,0.00,,24.20,12.40,504,72.60,47.2,1,0,0.00,0.00,0.00,12.00,0.00,0.00,0,0,0.00,0
2026-05-01 18:05:37,2615.49,0,0,0,0,0,0,0,0.00,0,0.00,5.13,1.93,0.00,0.00,D,0.00,12.00,2.73,12.00,1.30,^,0.00,,21.80,12.40,504,73.61,46.1,1,0,0.00,0.00,0.00,12.00,0.00,0.00,0,0,0.00,0
2026-05-01 18:05:38,2616.60,0,0,0,0,0,0,0,0.00,0,0.00,5.13,1.93,0.00,0.00,D,0.00,12.00,2.74,12.00,1.30,^,0.00,,22.60,12.40,504,74.72,47.2,1,0,0.00,0.00,0.00,12.00,0.00,0.00,0,0,0.00,0
2026-05-01 18:05:39,2617.51,0,0,0,0,0,0,0,0.00,0,0.00,5.13,1.93,0.00,0.00,D,0.00,12.00,2.72,12.00,1.30,^,0.00,,23.30,12.40,504,75.63,46.1,1,0,0.00,0.00,0.00,12.00,0.00,0.00,0,0,0.00,0
2026-05-01 18:05:40,2618.62,0,0,0,0,0,0,0,0.00,0,0.00,5.13,1.93,0.00,0.00,D,0.00,12.00,2.73,12.00,1.30,^,0.00,,22.10,12.30,504,76.74,47.7,1,0,0.00,0.00,0.00,12.00,0.00,0.00,0,0,0.00,0
2026-05-01 18:05:41,2619.53,0,0,0,0,0,0,0,0.00,0,0.00,5.13,1.93,0.00,0.00,D,0.00,12.00,2.74,12.00,1.30,^,0.00,,22.50,12.30,504,77.65,46.6,1,0,0.00,0.00,0.00,12.00,0.00,0.00,0,0,0.00,0
2026-05-01 18:05:42,2620.54,0,0,0,0,0,0,0,0.00,0,0.00,5.13,1.93,0.00,0.00,D,0.00,12.00,2.72,12.00,1.30,^,0.00,,22.70,12.30,504,78.66,47.2,1,0,0.00,0.00,0.00,12.00,0.00,0.00,0,0,0.00,0
2026-05-01 18:05:43,2621.55,0,0,0,0,0,0,0,0.00,0,0.00,5.13,1.93,0.00,0.00,D,0.00,12.00,2.73,12.00,1.30,^,0.00,,21.50,12.30,504,79.67,46.6,1,0,0.00,0.00,0.00,12.00,0.00,0.00,0,0,0.00,0
2026-05-01 18:05:45,2622.67,0,0,0,0,0,0,0,0.00,0,0.00,5.13,1.93,0.00,0.00,D,0.00,12.00,2.73,12.00,1.30,^,0.00,,21.60,12.30,504,80.78,47.7,1,0,0.00,0.00,0.00,12.00,0.00,0.00,0,0,0.00,0
2026-05-01 18:05:45,2623.57,0,0,0,0,0,0,0,0.00,0,0.00,5.13,1.93,0.00,0.00,D,0.00,12.00,2.73,12.00,1.30,^,0.00,,23.30,12.30,504,81.69,47.7,1,0,0.00,0.00,0.00,12.00,0.00,0.00,0,0,0.00,0
2026-05-01 18:05:46,2624.58,0,0,0,0,0,0,0,0.00,0,0.00,5.13,1.92,0.00,0.00,D,0.00,12.00,2.73,12.00,1.30,^,0.00,,22.00,12.30,504,82.70,46.6,1,0,0.00,0.00,0.00,12.00,0.00,0.00,0,0,0.00,0
2026-05-01 18:05:47,2625.59,0,0,0,0,0,0,0,0.00,0,0.00,5.13,1.92,0.00,0.00,D,0.00,12.00,2.74,12.00,1.30,^,0.00,,22.20,12.30,504,83.71,46.1,1,0,0.00,0.00,0.00,12.00,0.00,0.00,0,0,0.00,0
2026-05-01 18:05:48,2626.61,0,0,0,0,0,0,0,0.00,0,0.00,5.13,1.92,0.00,0.00,D,0.00,12.00,2.76,12.00,1.30,^,0.00,,21.40,12.30,504,84.73,46.1,1,0,0.00,0.00,0.00,12.00,0.00,0.00,0,0,0.00,0
2026-05-01 18:05:49,2627.62,0,0,0,0,0,0,0,0.00,0,0.00,5.13,1.92,0.00,0.00,D,0.00,12.00,2.73,12.00,1.30,^,0.00,,22.20,12.30,504,85.74,46.6,1,0,0.00,0.00,0.00,12.00,0.00,0.00,0,0,0.00,0
2026-05-01 18:05:50,2628.62,0,0,0,0,0,0,0,0.00,0,0.00,5.13,1.92,0.00,0.00,D,0.00,12.00,2.72,12.00,1.30,^,0.00,,21.40,12.40,504,86.74,45.5,1,0,0.00,0.00,0.00,12.00,0.00,0.00,0,0,0.00,0
2026-05-01 18:05:51,2629.63,0,0,0,0,0,0,0,0.00,0,0.00,5.13,1.92,0.00,0.00,D,0.00,12.00,2.73,12.00,1.30,^,0.00,,25.50,12.30,504,87.75,47.2,1,0,0.00,0.00,0.00,12.00,0.00,0.00,0,0,0.00,0
2026-05-01 18:05:53,2630.74,0,0,0,0,0,0,0,0.00,0,0.00,5.13,1.92,0.00,0.00,D,0.00,12.00,2.73,12.00,1.30,^,0.00,,18.60,12.30,504,88.86,47.2,1,0,0.00,0.00,0.00,12.00,0.00,0.00,0,0,0.00,0
2026-05-01 18:05:53,2631.65,0,0,0,0,0,0,0,0.00,0,0.00,5.13,1.92,0.00,0.00,D,0.00,12.00,2.73,12.00,1.30,^,0.00,,19.80,12.30,504,89.77,47.7,1,0,0.00,0.00,0.00,12.00,0.00,0.00,0,0,0.00,0
2026-05-01 18:05:55,2632.66,0,0,0,0,0,0,0,0.00,0,0.00,5.13,1.92,0.00,0.00,D,0.00,12.00,2.77,12.00,1.30,^,0.00,,25.00,12.70,504,90.78,48.3,1,0,0.00,0.00,0.00,12.00,0.00,0.00,0,0,0.00,0
2026-05-01 18:05:56,2633.68,0,0,0,0,0,0,0,0.00,0,0.00,5.13,1.92,0.00,0.00,D,0.00,12.00,2.72,12.00,1.30,^,0.00,,19.10,12.70,504,91.79,47.7,1,0,0.00,0.00,0.00,12.00,0.00,0.00,0,0,0.00,0
2026-05-01 18:05:57,2634.69,0,0,0,0,0,0,0,0.00,0,0.00,5.13,1.92,0.00,0.00,D,0.00,12.00,2.73,12.00,1.30,^,0.00,,19.10,12.70,504,92.81,47.2,1,0,0.00,0.00,0.00,12.00,0.00,0.00,0,0,0.00,0
2026-05-01 18:05:58,2635.70,0,0,0,0,0,0,0,0.00,0,0.00,5.13,1.92,0.00,0.00,D,0.00,12.00,2.75,12.00,1.30,^,0.00,,22.30,12.60,504,93.82,46.6,1,0,0.00,0.00,0.00,12.00,0.00,0.00,0,0,0.00,0
2026-05-01 18:05:59,2636.72,0,0,0,0,0,0,0,0.00,0,0.00,5.13,1.92,0.00,0.00,D,0.00,12.00,2.74,12.00,1.30,^,0.00,,22.20,12.70,504,94.83,47.7,1,0,0.00,0.00,0.00,12.00,0.00,0.00,0,0,0.00,0
2026-05-01 18:06:00,2637.73,0,0,0,0,0,0,0,0.00,0,0.00,5.13,1.91,0.00,0.00,D,0.00,12.00,2.74,12.00,1.30,^,0.00,,20.80,12.60,504,95.84,47.7,1,0,0.00,0.00,0.00,12.00,0.00,0.00,0,0,0.00,0
2026-05-01 18:06:01,2638.74,0,0,0,0,0,0,0,0.00,0,0.00,5.13,1.91,0.00,0.00,D,0.00,12.00,2.73,12.00,1.30,^,0.00,,22.70,12.60,504,96.86,46.1,1,0,0.00,0.00,0.00,12.00,0.00,0.00,0,0,0.00,0
2026-05-01 18:06:02,2639.75,0,0,0,0,0,0,0,0.00,0,0.00,5.13,1.91,0.00,0.00,D,0.00,12.00,2.76,12.00,1.30,^,0.00,,22.20,12.60,504,97.87,47.7,1,0,0.00,0.00,0.00,12.00,0.00,0.00,0,0,0.00,0
2026-05-01 18:06:03,2640.76,0,0,0,0,0,0,0,0.00,0,0.00,5.13,1.91,0.00,0.00,D,0.00,12.00,2.87,12.00,1.30,^,0.00,,20.80,12.60,504,98.88,46.1,1,0,0.00,0.00,0.00,12.00,0.00,0.00,0,0,0.00,0
2026-05-01 18:06:04,2641.77,0,0,0,0,0,0,0,0.00,0,0.00,5.13,1.91,0.00,0.00,D,0.00,12.00,2.73,12.00,1.30,^,0.00,,22.50,12.50,504,99.89,47.2,1,0,0.00,0.00,0.00,12.00,0.00,0.00,0,0,0.00,0
2026-05-01 18:06:05,2642.77,0,0,0,0,0,0,0,0.00,0,0.00,5.13,1.91,0.00,0.00,D,0.00,12.00,2.73,12.00,1.30,^,0.00,,22.20,12.50,504,100.89,46.1,1,0,0.00,0.00,0.00,12.00,0.00,0.00,0,0,0.00,0
2026-05-01 18:06:06,2643.78,0,0,0,0,0,0,0,0.00,0,0.00,5.13,1.91,0.00,0.00,D,0.00,12.00,2.77,12.00,0.88,^,0.00,,20.80,12.50,504,101.90,47.2,1,0,0.00,0.00,0.00,12.00,0.00,0.00,0,0,0.00,0
2026-05-01 18:06:07,2644.78,0,0,0,0,0,0,0,0.00,0,1.00,5.13,1.91,0.01,0.32,D,0.00,12.00,2.74,12.00,0.58,^,0.00,,21.60,12.50,504,0.01,47.7,1,0,0.00,0.00,0.00,12.00,0.00,0.00,0,0,0.00,0
2026-05-01 18:06:08,2645.80,0,0,0,0,0,0,0,0.00,0,0.65,5.13,1.91,1.28,0.68,D,0.00,12.00,2.58,12.00,0.54,^,0.00,,22.70,12.50,504,0.00,47.2,1,0,0.00,0.00,0.00,12.00,0.00,0.00,0,0,0.00,0
2026-05-01 18:06:09,2646.81,0,0,0,0,0,0,0,0.00,0,0.68,5.13,1.91,2.26,0.67,D,0.00,2.22,1.94,12.00,0.89,^,0.00,,24.00,12.50,504,0.00,47.2,1,0,0.00,0.00,0.00,2.22,0.00,0.00,0,0,0.00,0
2026-05-01 18:06:10,2647.82,0,0,0,0,0,0,0,0.00,0,0.00,5.13,1.91,2.02,0.27,D,0.00,1.33,1.52,1.35,0.99,^,0.00,,27.20,12.60,504,0.00,47.2,1,0,0.00,0.00,0.00,1.33,0.00,0.00,0,0,0.00,0
2026-05-01 18:06:11,2648.84,0,0,0,0,0,0,0,0.00,0,0.00,5.13,1.91,1.56,0.16,D,0.00,12.00,1.37,0.88,0.98,^,0.00,,21.10,12.60,504,0.00,47.7,1,0,0.00,0.00,0.00,12.00,0.00,0.00,0,0,0.00,0
2026-05-01 18:06:12,2649.85,0,0,0,0,0,0,0,0.00,0,0.00,5.13,1.91,1.11,0.00,D,0.00,12.00,1.73,0.86,0.84,^,0.00,,19.80,12.60,504,0.00,47.7,1,0,0.00,0.00,0.00,12.00,0.00,0.00,0,0,0.00,0
2026-05-01 18:06:13,2650.96,0,0,0,0,0,0,0,0.00,0,0.00,5.13,1.91,0.88,0.00,D,0.00,12.00,12.00,12.00,0.94,^,0.00,,20.30,12.60,504,0.00,48.3,1,0,0.00,0.00,0.00,12.00,0.00,0.00,0,0,0.00,0
2026-05-01 18:06:14,2651.87,0,0,0,0,0,0,0,0.00,0,0.00,5.13,1.91,0.45,0.00,D,0.00,12.00,12.00,12.00,0.91,^,0.00,,18.70,12.50,504,0.00,49.4,1,0,0.00,0.00,0.00,12.00,0.00,0.00,0,0,0.00,0
2026-05-01 18:06:15,2652.88,0,0,0,0,0,0,0,0.00,0,0.00,5.13,1.91,0.00,0.00,D,0.00,12.00,12.00,12.00,1.04,^,0.00,,21.20,12.50,504,0.01,48.3,1,0,0.00,0.00,0.00,12.00,0.00,0.00,0,0,0.00,0
2026-05-01 18:06:16,2653.89,0,0,0,0,0,0,0,0.00,0,0.00,5.13,1.91,0.00,0.00,D,0.00,12.00,12.00,12.00,1.03,^,0.00,,21.70,12.50,504,0.97,47.7,1,0,0.00,0.00,0.00,12.00,0.00,0.00,0,0,0.00,0
2026-05-01 18:06:17,2655.01,0,0,0,0,0,0,0,0.00,0,0.00,5.13,1.91,0.00,0.00,D,0.00,12.00,12.00,12.00,1.01,^,0.00,,20.00,12.50,504,2.08,47.7,1,0,0.00,0.00,0.00,12.00,0.00,0.00,0,0,0.00,0
2026-05-01 18:06:18,2655.91,0,0,0,0,0,0,0,0.00,0,0.00,5.13,1.91,0.00,0.00,D,0.00,12.00,12.00,12.00,1.02,^,0.00,,20.70,12.50,504,2.98,47.7,1,0,0.00,0.00,0.00,12.00,0.00,0.00,0,0,0.00,0
2026-05-01 18:06:19,2656.93,0,0,0,0,0,0,0,0.00,0,0.00,5.13,1.90,0.00,0.00,D,0.00,12.00,12.00,12.00,1.02,^,0.00,,20.40,12.50,504,4.00,48.8,1,0,0.00,0.00,0.00,12.00,0.00,0.00,0,0,0.00,0
2026-05-01 18:06:20,2657.94,0,0,0,0,0,0,0,0.00,0,0.00,5.13,1.90,0.00,0.00,D,0.00,12.00,12.00,12.00,1.01,^,0.00,,18.50,12.50,504,5.01,48.3,1,0,0.00,0.00,0.00,12.00,0.00,0.00,0,0,0.00,0
2026-05-01 18:06:21,2659.05,0,0,0,0,0,0,0,0.00,0,0.00,5.13,1.90,0.00,0.00,D,0.00,12.00,12.00,12.00,1.01,^,0.00,,18.20,12.50,504,6.12,48.8,1,0,0.00,0.00,0.00,12.00,0.00,0.00,0,0,0.00,0
2026-05-01 18:06:22,2659.95,0,0,0,0,0,0,0,0.00,0,0.00,5.13,1.90,0.00,0.00,D,0.00,12.00,12.00,12.00,1.00,^,0.00,,19.10,12.40,504,7.02,48.8,1,0,0.00,0.00,0.00,12.00,0.00,0.00,0,0,0.00,0
2026-05-01 18:06:23,2661.06,0,0,0,0,0,0,0,0.00,0,0.00,5.13,1.90,0.00,0.00,D,0.00,12.00,12.00,12.00,1.00,^,0.00,,16.40,12.40,504,8.13,48.8,1,0,0.00,0.00,0.00,12.00,0.00,0.00,0,0,0.00,0
2026-05-01 18:06:24,2661.96,0,0,0,0,0,0,0,0.00,0,0.00,5.13,1.90,0.00,0.00,D,0.00,12.00,12.00,12.00,0.97,^,0.00,,19.50,12.40,504,9.04,48.3,1,0,0.00,0.00,0.00,12.00,0.00,0.00,0,0,0.00,0
2026-05-01 18:06:25,2662.98,0,0,0,0,0,0,0,0.00,0,0.00,5.13,1.90,0.00,0.00,D,0.00,12.00,12.00,12.00,1.06,^,0.00,,22.10,12.40,504,10.05,47.2,1,0,0.00,0.00,0.00,12.00,0.00,0.00,0,0,0.00,0
2026-05-01 18:06:26,2663.98,0,0,0,0,0,0,0,0.00,0,0.00,5.13,1.90,0.00,0.00,D,0.00,12.00,12.00,12.00,1.13,^,0.00,,22.90,12.40,504,11.06,48.8,1,0,0.00,0.00,0.00,12.00,0.00,0.00,0,0,0.00,0
2026-05-01 18:06:27,2665.10,0,0,0,0,0,0,0,0.00,0,0.00,5.13,1.90,0.00,0.00,D,0.00,12.00,12.00,12.00,1.13,^,0.00,,21.40,12.40,504,12.17,47.2,1,0,0.00,0.00,0.00,12.00,0.00,0.00,0,0,0.00,0
2026-05-01 18:06:28,2666.00,0,0,0,0,0,0,0,0.00,0,0.00,5.13,1.90,0.00,0.00,D,0.00,12.00,12.00,12.00,1.11,^,0.00,,21.20,12.40,504,13.07,47.7,1,0,0.00,0.00,0.00,12.00,0.00,0.00,0,0,0.00,0
2026-05-01 18:06:29,2667.11,0,0,0,0,0,0,0,0.00,0,0.00,5.13,1.90,0.00,0.00,D,0.00,12.00,12.00,12.00,1.10,^,0.00,,20.70,12.40,504,14.19,47.7,1,0,0.00,0.00,0.00,12.00,0.00,0.00,0,0,0.00,0
2026-05-01 18:06:30,2668.02,0,0,0,0,0,0,0,0.00,0,0.00,5.13,1.90,0.00,0.00,D,0.00,12.00,12.00,12.00,1.13,^,0.00,,22.40,12.40,504,15.09,46.6,1,0,0.00,0.00,0.00,12.00,0.00,0.00,0,0,0.00,0
2026-05-01 18:06:31,2669.03,0,0,0,0,0,0,0,0.00,0,0.00,5.13,1.90,0.00,0.00,D,0.00,12.00,12.00,12.00,1.11,^,0.00,,22.40,12.40,504,16.10,47.2,1,0,0.00,0.00,0.00,12.00,0.00,0.00,0,0,0.00,0
2026-05-01 18:06:32,2670.04,0,0,0,0,0,0,0,0.00,0,0.00,5.13,1.90,0.00,0.00,D,0.00,12.00,12.00,12.00,1.13,^,0.00,,21.00,12.40,504,17.11,46.6,1,0,0.00,0.00,0.00,12.00,0.00,0.00,0,0,0.00,0
2026-05-01 18:06:33,2671.06,0,0,0,0,0,0,0,0.00,0,0.00,5.13,1.89,0.00,0.00,D,0.00,12.00,12.00,12.00,1.13,^,0.00,,22.90,12.40,504,18.13,47.7,1,0,0.00,0.00,0.00,12.00,0.00,0.00,0,0,0.00,0
2026-05-01 18:06:34,2672.07,0,0,0,0,0,0,0,0.00,0,0.00,5.13,1.89,0.00,0.00,D,0.00,12.00,12.00,12.00,1.14,^,0.00,,21.40,12.30,504,19.14,47.2,1,0,0.00,0.00,0.00,12.00,0.00,0.00,0,0,0.00,0
2026-05-01 18:06:35,2673.08,0,0,0,0,0,0,0,0.00,0,0.00,5.13,1.89,0.00,0.00,D,0.00,12.00,12.00,12.00,1.10,^,0.00,,20.50,12.30,504,20.15,47.7,1,0,0.00,0.00,0.00,12.00,0.00,0.00,0,0,0.00,0
2026-05-01 18:06:36,2674.09,0,0,0,0,0,0,0,0.00,0,0.00,5.13,1.89,0.00,0.00,D,0.00,12.00,12.00,12.00,1.14,^,0.00,,21.70,12.40,504,21.17,47.2,1,0,0.00,0.00,0.00,12.00,0.00,0.00,0,0,0.00,0
2026-05-01 18:06:37,2675.09,0,0,0,0,0,0,0,0.00,0,0.00,5.13,1.89,0.00,0.00,D,0.00,12.00,12.00,12.00,1.13,^,0.00,,21.00,12.30,504,22.17,46.6,1,0,0.00,0.00,0.00,12.00,0.00,0.00,0,0,0.00,0
2026-05-01 18:06:38,2676.11,0,0,0,0,0,0,0,0.00,0,0.00,5.13,1.89,0.00,0.00,D,0.00,12.00,12.00,12.00,1.10,^,0.00,,21.30,12.30,504,23.18,47.7,1,0,0.00,0.00,0.00,12.00,0.00,0.00,0,0,0.00,0
2026-05-01 18:06:39,2677.12,0,0,0,0,0,0,0,0.00,0,0.00,5.13,1.89,0.00,0.00,D,0.00,12.00,12.00,12.00,1.12,^,0.00,,20.50,12.30,504,24.20,47.2,1,0,0.00,0.00,0.00,12.00,0.00,0.00,0,0,0.00,0
2026-05-01 18:06:40,2678.14,0,0,0,0,0,0,0,0.00,0,0.00,5.13,1.89,0.00,0.00,D,0.00,12.00,12.00,12.00,1.09,^,0.00,,20.00,12.30,504,25.21,47.2,1,0,0.00,0.00,0.00,12.00,0.00,0.00,0,0,0.00,0
2026-05-01 18:06:41,2679.15,0,0,0,0,0,0,0,0.00,0,0.00,5.13,1.89,0.00,0.00,D,0.00,12.00,12.00,12.00,1.08,^,0.00,,21.00,12.30,504,26.22,46.1,1,0,0.00,0.00,0.00,12.00,0.00,0.00,0,0,0.00,0
2026-05-01 18:06:42,2680.16,0,0,0,0,0,0,0,0.00,0,0.00,5.13,1.89,0.00,0.00,D,0.00,12.00,12.00,12.00,1.10,^,0.00,,19.70,12.30,504,27.24,47.2,1,0,0.00,0.00,0.00,12.00,0.00,0.00,0,0,0.00,0
2026-05-01 18:06:43,2681.27,0,0,0,0,0,0,0,0.00,0,0.00,5.13,1.89,0.00,0.00,D,0.00,12.00,12.00,12.00,1.09,^,0.00,,20.70,12.30,504,28.35,47.7,1,0,0.00,0.00,0.00,12.00,0.00,0.00,0,0,0.00,0
2026-05-01 18:06:44,2682.18,0,0,0,0,0,0,0,0.00,0,0.00,5.13,1.89,0.00,0.00,D,0.00,12.00,12.00,12.00,1.10,^,0.00,,19.90,12.30,504,29.25,46.1,1,0,0.00,0.00,0.00,12.00,0.00,0.00,0,0,0.00,0
2026-05-01 18:06:45,2683.19,0,0,0,0,0,0,0,0.00,0,0.00,5.13,1.89,0.00,0.00,D,0.00,12.00,12.00,12.00,1.08,^,0.00,,21.00,12.40,504,30.26,46.6,1,0,0.00,0.00,0.00,12.00,0.00,0.00,0,0,0.00,0
2026-05-01 18:06:46,2684.20,0,0,0,0,0,0,0,0.00,0,0.00,5.13,1.89,0.00,0.00,D,0.00,12.00,12.00,12.00,1.01,^,0.00,,21.20,12.30,504,31.28,46.6,1,0,0.00,0.00,0.00,12.00,0.00,0.00,0,0,0.00,0
2026-05-01 18:06:47,2685.22,0,0,0,0,0,0,0,0.00,0,0.00,5.13,1.88,0.00,0.00,D,0.00,12.00,12.00,12.00,1.00,^,0.00,,21.30,12.30,504,32.29,47.2,1,0,0.00,0.00,0.00,12.00,0.00,0.00,0,0,0.00,0
2026-05-01 18:06:48,2686.23,0,0,0,0,0,0,0,0.00,0,0.00,5.13,1.88,0.00,0.00,D,0.00,12.00,12.00,12.00,0.95,^,0.00,,20.80,12.30,504,33.30,46.6,1,0,0.00,0.00,0.00,12.00,0.00,0.00,0,0,0.00,0
2026-05-01 18:06:49,2687.24,0,0,0,0,0,0,0,0.00,0,0.00,5.13,1.88,0.00,0.00,D,0.00,12.00,12.00,12.00,0.61,^,0.00,,21.00,12.30,504,34.32,47.7,1,0,0.00,0.00,0.00,12.00,0.00,0.00,0,0,0.00,0
2026-05-01 18:06:50,2688.26,0,0,0,0,0,0,0,0.00,0,0.00,5.13,1.88,0.00,0.00,D,0.00,12.00,12.00,12.00,0.65,^,0.00,,22.20,12.30,504,35.33,47.2,1,0,0.00,0.00,0.00,12.00,0.00,0.00,0,0,0.00,0
2026-05-01 18:06:51,2689.27,0,0,0,0,0,0,0,0.00,0,0.00,5.13,1.88,0.00,0.00,D,0.00,12.00,12.00,12.00,0.65,^,0.00,,21.50,12.30,504,36.35,46.1,1,0,0.00,0.00,0.00,12.00,0.00,0.00,0,0,0.00,0
2026-05-01 18:06:52,2690.29,0,0,0,0,0,0,0,0.00,0,0.00,5.13,1.88,0.00,0.00,D,0.00,12.00,12.00,12.00,0.65,^,0.00,,19.50,12.30,504,37.36,45.5,1,0,0.00,0.00,0.00,12.00,0.00,0.00,0,0,0.00,0
2026-05-01 18:06:53,2691.30,0,0,0,0,0,0,0,0.00,0,0.00,5.13,1.88,0.00,0.00,D,0.00,12.00,12.00,12.00,0.66,^,0.00,,18.40,12.30,504,38.37,46.6,1,0,0.00,0.00,0.00,12.00,0.00,0.00,0,0,0.00,0
2026-05-01 18:06:54,2692.31,0,0,0,0,0,0,0,0.00,0,0.00,5.13,1.88,0.00,0.00,D,0.00,12.00,12.00,12.00,0.67,^,0.00,,21.90,12.30,504,39.38,46.6,1,0,0.00,0.00,0.00,12.00,0.00,0.00,0,0,0.00,0
2026-05-01 18:06:55,2693.32,0,0,0,0,0,0,0,0.00,0,0.00,5.13,1.88,0.00,0.00,D,0.00,12.00,12.00,12.00,0.67,^,0.00,,22.20,12.30,504,40.39,45.5,1,0,0.00,0.00,0.00,12.00,0.00,0.00,0,0,0.00,0
2026-05-01 18:06:56,2694.33,0,0,0,0,0,0,0,0.00,0,0.00,5.13,1.88,0.00,0.00,D,0.00,12.00,12.00,12.00,0.66,^,0.00,,21.00,12.30,504,41.40,46.6,1,0,0.00,0.00,0.00,12.00,0.00,0.00,0,0,0.00,0
2026-05-01 18:06:57,2695.44,0,0,0,0,0,0,0,0.00,0,0.00,5.13,1.88,0.00,0.00,D,0.00,12.00,12.00,12.00,0.66,^,0.00,,22.10,12.30,504,42.52,46.1,1,0,0.00,0.00,0.00,12.00,0.00,0.00,0,0,0.00,0
2026-05-01 18:06:58,2696.35,0,0,0,0,0,0,0,0.00,0,0.00,5.13,1.88,0.00,0.00,D,0.00,12.00,12.00,12.00,0.71,^,0.00,,19.80,12.30,504,43.42,47.2,1,0,0.00,0.00,0.00,12.00,0.00,0.00,0,0,0.00,0
2026-05-01 18:06:59,2697.46,0,0,0,0,0,0,0,0.00,0,0.00,5.13,1.88,0.00,0.00,D,0.00,12.00,12.00,12.00,0.72,^,0.00,,19.40,12.30,504,44.53,46.1,1,0,0.00,0.00,0.00,12.00,0.00,0.00,0,0,0.00,0
2026-05-01 18:07:00,2698.36,0,0,0,0,0,0,0,0.00,0,0.00,5.13,1.88,0.00,0.00,D,0.00,12.00,12.00,12.00,0.74,^,0.00,,21.60,12.30,504,45.44,45.5,1,0,0.00,0.00,0.00,12.00,0.00,0.00,0,0,0.00,0
2026-05-01 18:07:01,2699.48,0,0,0,0,0,0,0,0.00,0,0.00,5.13,1.87,0.00,0.00,D,0.00,12.00,12.00,12.00,0.74,^,0.00,,19.30,12.30,504,46.55,45.5,1,0,0.00,0.00,0.00,12.00,0.00,0.00,0,0,0.00,0
2026-05-01 18:07:02,2700.38,0,0,0,0,0,0,0,0.00,0,0.00,5.13,1.87,0.00,0.00,D,0.00,12.00,12.00,12.00,0.73,^,0.00,,20.60,12.30,504,47.45,45.5,1,0,0.00,0.00,0.00,12.00,0.00,0.00,0,0,0.00,0
2026-05-01 18:07:03,2701.39,0,0,0,0,0,0,0,0.00,0,0.00,5.13,1.87,0.00,0.00,D,0.00,12.00,12.00,12.00,0.73,^,0.00,,20.60,12.30,504,48.46,46.6,1,0,0.00,0.00,0.00,12.00,0.00,0.00,0,0,0.00,0
2026-05-01 18:07:04,2702.41,0,0,0,0,0,0,0,0.00,0,0.00,5.13,1.87,0.00,0.00,D,0.00,12.00,12.00,12.00,0.72,^,0.00,,20.80,12.30,504,49.48,46.1,1,0,0.00,0.00,0.00,12.00,0.00,0.00,0,0,0.00,0
2026-05-01 18:07:05,2703.42,0,0,0,0,0,0,0,0.00,0,0.00,5.13,1.87,0.00,0.00,D,0.00,12.00,12.00,12.00,0.71,^,0.00,,18.60,12.30,504,50.49,46.6,1,0,0.00,0.00,0.00,12.00,0.00,0.00,0,0,0.00,0
2026-05-01 18:07:06,2704.43,0,0,0,0,0,0,0,0.00,0,0.00,5.13,1.87,0.00,0.00,D,0.00,12.00,12.00,12.00,0.72,^,0.00,,21.40,12.40,504,51.50,45.5,1,0,0.00,0.00,0.00,12.00,0.00,0.00,0,0,0.00,0
2026-05-01 18:07:07,2705.44,0,0,0,0,0,0,0,0.00,0,0.00,5.13,1.87,0.00,0.00,D,0.00,12.00,12.00,12.00,0.72,^,0.00,,20.50,12.40,504,52.52,47.2,1,0,0.00,0.00,0.00,12.00,0.00,0.00,0,0,0.00,0
2026-05-01 18:07:08,2706.45,0,0,0,0,0,0,0,0.00,0,0.00,5.13,1.87,0.00,0.00,D,0.00,12.00,12.00,12.00,0.70,^,0.00,,20.00,12.40,504,53.52,47.2,1,0,0.00,0.00,0.00,12.00,0.00,0.00,0,0,0.00,0
2026-05-01 18:07:09,2707.45,0,0,0,0,0,0,0,0.00,0,0.00,5.13,1.87,0.00,0.00,D,0.00,12.00,12.00,12.00,0.70,^,0.00,,21.20,12.40,504,54.53,47.2,1,0,0.00,0.00,0.00,12.00,0.00,0.00,0,0,0.00,0
2026-05-01 18:07:10,2708.46,0,0,0,0,0,0,0,0.00,0,0.00,5.13,1.87,0.00,0.00,D,0.00,12.00,12.00,12.00,0.70,^,0.00,,19.90,12.30,504,55.54,47.2,1,0,0.00,0.00,0.00,12.00,0.00,0.00,0,0,0.00,0
2026-05-01 18:07:11,2709.48,0,0,0,0,0,0,0,0.00,0,0.00,5.13,1.87,0.00,0.00,D,0.00,12.00,12.00,12.00,0.71,^,0.00,,21.00,12.30,504,56.55,46.1,1,0,0.00,0.00,0.00,12.00,0.00,0.00,0,0,0.00,0
2026-05-01 18:07:12,2710.49,0,0,0,0,0,0,0,0.00,0,0.00,5.13,1.87,0.00,0.00,D,0.00,12.00,12.00,12.00,0.74,^,0.00,,22.50,12.30,504,57.57,47.2,1,0,0.00,0.00,0.00,12.00,0.00,0.00,0,0,0.00,0
2026-05-01 18:07:13,2711.60,0,0,0,0,0,0,0,0.00,0,0.00,5.13,1.87,0.00,0.00,D,0.00,12.00,12.00,12.00,0.74,^,0.00,,19.20,12.30,504,58.68,46.6,1,0,0.00,0.00,0.00,12.00,0.00,0.00,0,0,0.00,0
2026-05-01 18:07:14,2712.51,0,0,0,0,0,0,0,0.00,0,0.00,5.13,1.87,0.00,0.00,D,0.00,12.00,12.00,12.00,0.77,^,0.00,,21.10,12.30,504,59.58,47.2,1,0,0.00,0.00,0.00,12.00,0.00,0.00,0,0,0.00,0
2026-05-01 18:07:15,2713.52,0,0,0,0,0,0,0,0.00,0,0.00,5.13,1.86,0.00,0.00,D,0.00,12.00,12.00,12.00,0.76,^,0.00,,21.00,12.30,504,60.59,47.2,1,0,0.00,0.00,0.00,12.00,0.00,0.00,0,0,0.00,0
2026-05-01 18:07:16,2714.53,0,0,0,0,0,0,0,0.00,0,0.00,5.13,1.86,0.00,0.00,D,0.00,12.00,12.00,12.00,0.77,^,0.00,,19.40,12.30,504,61.60,45.0,1,0,0.00,0.00,0.00,12.00,0.00,0.00,0,0,0.00,0
2026-05-01 18:07:17,2715.54,0,0,0,0,0,0,0,0.00,0,0.00,5.13,1.86,0.00,0.00,D,0.00,12.00,12.00,12.00,0.74,^,0.00,,20.40,12.30,504,62.62,46.6,1,0,0.00,0.00,0.00,12.00,0.00,0.00,0,0,0.00,0
2026-05-01 18:07:18,2716.55,0,0,0,0,0,0,0,0.00,0,0.00,5.13,1.86,0.00,0.00,D,0.00,12.00,12.00,12.00,0.75,^,0.00,,19.70,12.30,504,63.63,46.6,1,0,0.00,0.00,0.00,12.00,0.00,0.00,0,0,0.00,0
2026-05-01 18:07:19,2717.57,0,0,0,0,0,0,0,0.00,0,0.00,5.13,1.86,0.00,0.00,D,0.00,12.00,12.00,12.00,0.74,^,0.00,,19.30,12.30,504,64.64,46.6,1,0,0.00,0.00,0.00,12.00,0.00,0.00,0,0,0.00,0
2026-05-01 18:07:20,2718.57,0,0,0,0,0,0,0,0.00,0,0.00,5.13,1.86,0.00,0.00,D,0.00,12.00,12.00,12.00,0.75,^,0.00,,19.90,12.40,504,65.64,46.1,1,0,0.00,0.00,0.00,12.00,0.00,0.00,0,0,0.00,0
2026-05-01 18:07:21,2719.58,0,0,0,0,0,0,0,0.00,0,0.00,5.13,1.86,0.00,0.00,D,0.00,12.00,12.00,12.00,0.75,^,0.00,,21.70,12.30,504,66.66,46.6,1,0,0.00,0.00,0.00,12.00,0.00,0.00,0,0,0.00,0
2026-05-01 18:07:22,2720.59,0,0,0,0,0,0,0,0.00,0,0.00,5.13,1.86,0.00,0.00,D,0.00,12.00,12.00,12.00,0.75,^,0.00,,20.70,12.30,504,67.67,46.6,1,0,0.00,0.00,0.00,12.00,0.00,0.00,0,0,0.00,0
2026-05-01 18:07:23,2721.61,0,0,0,0,0,0,0,0.00,0,0.00,5.13,1.86,0.00,0.00,D,0.00,12.00,12.00,12.00,0.76,^,0.00,,20.20,12.30,504,68.68,46.6,1,0,0.00,0.00,0.00,12.00,0.00,0.00,0,0,0.00,0
2026-05-01 18:07:24,2722.62,0,0,0,0,0,0,0,0.00,0,0.00,5.13,1.86,0.00,0.00,D,0.00,12.00,12.00,12.00,0.75,^,0.00,,20.20,12.30,504,69.69,45.0,1,0,0.00,0.00,0.00,12.00,0.00,0.00,0,0,0.00,0
2026-05-01 18:07:25,2723.62,0,0,0,0,0,0,0,0.00,0,0.00,5.13,1.86,0.00,0.00,D,0.00,12.00,12.00,12.00,0.75,^,0.00,,21.40,12.30,504,70.70,46.1,1,0,0.00,0.00,0.00,12.00,0.00,0.00,0,0,0.00,0
2026-05-01 18:07:26,2724.63,0,0,0,0,0,0,0,0.00,0,0.00,5.13,1.86,0.00,0.00,D,0.00,12.00,12.00,12.00,0.71,^,0.00,,19.90,12.30,504,71.71,46.1,1,0,0.00,0.00,0.00,12.00,0.00,0.00,0,0,0.00,0
2026-05-01 18:07:27,2725.64,0,0,0,0,0,0,0,0.00,0,0.00,5.13,1.86,0.00,0.00,D,0.00,12.00,12.00,12.00,0.63,^,0.00,,19.90,12.30,504,72.72,45.5,1,0,0.00,0.00,0.00,12.00,0.00,0.00,0,0,0.00,0
2026-05-01 18:07:28,2726.65,0,0,0,0,0,0,0,0.00,0,0.00,5.13,1.86,0.00,0.00,D,0.00,12.00,12.00,12.00,0.68,^,0.00,,18.60,12.30,504,73.72,46.6,1,0,0.00,0.00,0.00,12.00,0.00,0.00,0,0,0.00,0
2026-05-01 18:07:30,2727.76,0,0,0,0,0,0,0,0.00,0,0.00,5.13,1.86,0.00,0.00,D,0.00,12.00,12.00,12.00,0.71,^,0.00,,20.70,12.40,504,74.83,47.2,1,0,0.00,0.00,0.00,12.00,0.00,0.00,0,0,0.00,0
2026-05-01 18:07:31,2728.66,0,0,0,0,0,0,0,0.00,0,0.00,5.13,1.85,0.00,0.00,D,0.00,12.00,12.00,12.00,0.70,^,0.00,,19.90,12.30,504,75.74,46.1,1,0,0.00,0.00,0.00,12.00,0.00,0.00,0,0,0.00,0
2026-05-01 18:07:32,2729.68,0,0,0,0,0,0,0,0.00,0,0.00,5.13,1.85,0.00,0.00,D,0.00,12.00,12.00,12.00,0.69,^,0.00,,19.70,12.40,504,76.75,45.5,1,0,0.00,0.00,0.00,12.00,0.00,0.00,0,0,0.00,0
2026-05-01 18:07:33,2730.69,0,0,0,0,0,0,0,0.00,0,0.00,5.13,1.85,0.00,0.00,D,0.00,12.00,12.00,12.00,0.69,^,0.00,,20.60,12.30,504,77.77,47.2,1,0,0.00,0.00,0.00,12.00,0.00,0.00,0,0,0.00,0
2026-05-01 18:07:34,2731.70,0,0,0,0,0,0,0,0.00,0,0.00,5.13,1.85,0.00,0.00,D,0.00,12.00,1.95,12.00,0.70,^,0.00,,19.30,12.30,504,78.78,46.1,1,0,0.00,0.00,0.00,12.00,0.00,0.00,0,0,0.00,0
2026-05-01 18:07:35,2732.71,0,0,0,0,0,0,0,0.00,0,0.00,5.13,1.85,0.00,0.00,D,0.00,12.00,1.81,12.00,0.70,^,0.00,,20.00,12.30,504,79.79,47.2,1,0,0.00,0.00,0.00,12.00,0.00,0.00,0,0,0.00,0
2026-05-01 18:07:36,2733.73,0,0,0,0,0,0,0,0.00,0,0.00,5.13,1.85,0.00,0.00,D,0.00,12.00,1.75,12.00,0.70,^,0.00,,20.30,12.30,504,80.80,45.5,1,0,0.00,0.00,0.00,12.00,0.00,0.00,0,0,0.00,0
2026-05-01 18:07:37,2734.74,0,0,0,0,0,0,0,0.00,0,0.00,5.13,1.85,0.00,0.00,D,0.00,12.00,1.79,12.00,0.70,^,0.00,,21.00,12.30,504,81.81,47.2,1,0,0.00,0.00,0.00,12.00,0.00,0.00,0,0,0.00,0
2026-05-01 18:07:38,2735.75,0,0,0,0,0,0,0,0.00,0,0.00,5.13,1.85,0.00,0.00,D,0.00,12.00,1.81,12.00,0.66,^,0.00,,20.10,12.30,504,82.83,45.5,1,0,0.00,0.00,0.00,12.00,0.00,0.00,0,0,0.00,0
2026-05-01 18:07:39,2736.76,0,0,0,0,0,0,0,0.00,0,0.00,5.13,1.85,0.00,0.00,D,0.00,12.00,1.84,12.00,0.64,^,0.00,,21.10,12.30,504,83.84,46.1,1,0,0.00,0.00,0.00,12.00,0.00,0.00,0,0,0.00,0
2026-05-01 18:07:40,2737.78,0,0,0,0,0,0,0,0.00,0,0.00,5.13,1.85,0.00,0.00,D,0.00,12.00,1.82,12.00,0.70,^,0.00,,20.00,12.30,504,84.85,46.6,1,0,0.00,0.00,0.00,12.00,0.00,0.00,0,0,0.00,0
2026-05-01 18:07:41,2738.79,0,0,0,0,0,0,0,0.00,0,0.00,5.13,1.85,0.00,0.00,D,0.00,12.00,1.84,12.00,0.71,^,0.00,,21.40,12.30,504,85.86,46.1,1,0,0.00,0.00,0.00,12.00,0.00,0.00,0,0,0.00,0
2026-05-01 18:07:42,2739.80,0,0,0,0,0,0,0,0.00,0,0.00,5.13,1.85,0.00,0.00,D,0.00,12.00,2.14,12.00,0.64,^,0.00,,20.30,12.40,504,86.88,47.2,1,0,0.00,0.00,0.00,12.00,0.00,0.00,0,0,0.00,0
2026-05-01 18:07:43,2740.82,0,0,0,0,0,0,0,0.00,0,0.00,5.13,1.85,0.00,0.00,D,0.00,12.00,2.04,12.00,0.64,^,0.00,,20.50,12.40,504,87.89,45.0,1,0,0.00,0.00,0.00,12.00,0.00,0.00,0,0,0.00,0
2026-05-01 18:07:44,2741.93,0,0,0,0,0,0,0,0.00,0,0.00,5.13,1.85,0.00,0.00,D,0.00,12.00,2.08,12.00,0.71,^,0.00,,19.30,12.30,504,89.00,46.6,1,0,0.00,0.00,0.00,12.00,0.00,0.00,0,0,0.00,0
2026-05-01 18:07:45,2742.83,0,0,0,0,0,0,0,0.00,0,0.00,5.13,1.84,0.00,0.00,D,0.00,12.00,2.11,12.00,0.67,^,0.00,,20.70,12.30,504,89.91,45.0,1,0,0.00,0.00,0.00,12.00,0.00,0.00,0,0,0.00,0
2026-05-01 18:07:46,2743.95,0,0,0,0,0,0,0,0.00,0,0.00,5.13,1.84,0.00,0.00,D,0.00,12.00,2.11,12.00,0.61,^,0.00,,19.30,12.30,504,91.02,46.6,1,0,0.00,0.00,0.00,12.00,0.00,0.00,0,0,0.00,0
2026-05-01 18:07:47,2744.85,0,0,0,0,0,0,0,0.00,0,0.00,5.13,1.84,0.00,0.00,D,0.00,12.00,2.08,12.00,0.74,^,0.00,,20.20,12.40,504,91.92,45.0,1,0,0.00,0.00,0.00,12.00,0.00,0.00,0,0,0.00,0
2026-05-01 18:07:48,2745.86,0,0,0,0,0,0,0,0.00,0,0.00,5.13,1.84,0.00,0.00,D,0.00,12.00,2.06,12.00,0.68,^,0.00,,22.00,12.40,504,92.93,46.1,1,0,0.00,0.00,0.00,12.00,0.00,0.00,0,0,0.00,0
2026-05-01 18:07:49,2746.87,0,0,0,0,0,0,0,0.00,0,0.00,5.13,1.84,0.00,0.00,D,0.00,12.00,2.08,12.00,0.66,^,0.00,,21.30,12.30,504,93.95,46.6,1,0,0.00,0.00,0.00,12.00,0.00,0.00,0,0,0.00,0
2026-05-01 18:07:50,2747.99,0,0,0,0,0,0,0,0.00,0,0.00,5.13,1.84,0.00,0.00,D,0.00,12.00,2.06,12.00,0.80,^,0.00,,19.50,12.40,504,95.06,46.1,1,0,0.00,0.00,0.00,12.00,0.00,0.00,0,0,0.00,0
2026-05-01 18:07:51,2748.89,0,0,0,0,0,0,0,0.00,0,0.00,5.13,1.84,0.00,0.00,D,0.00,12.00,2.05,12.00,1.07,^,0.00,,20.20,12.40,504,95.97,46.6,1,0,0.00,0.00,0.00,12.00,0.00,0.00,0,0,0.00,0
2026-05-01 18:07:52,2749.90,0,0,0,0,0,0,0,0.00,0,0.00,5.13,1.84,0.00,0.00,D,0.00,12.00,2.05,12.00,1.15,^,0.00,,20.10,12.30,504,96.98,46.6,1,0,0.00,0.00,0.00,12.00,0.00,0.00,0,0,0.00,0
2026-05-01 18:07:53,2750.92,0,0,0,0,0,0,0,0.00,0,0.00,5.13,1.84,0.00,0.00,D,0.00,12.00,2.04,12.00,0.97,^,0.00,,20.30,12.30,504,97.99,46.6,1,0,0.00,0.00,0.00,12.00,0.00,0.00,0,0,0.00,0
2026-05-01 18:07:54,2751.93,0,0,0,0,0,0,0,0.00,0,0.00,5.13,1.84,0.00,0.00,D,0.00,12.00,2.07,12.00,0.82,^,0.00,,20.00,12.30,504,99.00,46.1,1,0,0.00,0.00,0.00,12.00,0.00,0.00,0,0,0.00,0
2026-05-01 18:07:55,2753.04,0,0,0,0,0,0,0,0.00,0,0.00,5.13,1.84,0.00,0.00,D,0.00,12.00,2.08,12.00,0.50,^,0.00,,21.90,12.30,504,100.12,46.6,1,0,0.00,0.00,0.00,12.00,0.00,0.00,0,0,0.00,0
2026-05-01 18:07:56,2753.95,0,0,0,0,0,0,0,0.00,0,0.00,5.13,1.84,0.00,0.00,D,0.00,12.00,2.10,12.00,0.58,^,0.00,,19.90,12.30,504,101.02,46.6,1,0,0.00,0.00,0.00,12.00,0.00,0.00,0,0,0.00,0
2026-05-01 18:07:57,2754.96,0,0,0,0,0,0,0,0.00,0,0.00,5.13,1.84,0.00,0.00,D,0.00,12.00,2.09,12.00,0.96,^,0.00,,19.50,12.30,504,102.03,45.5,1,0,0.00,0.00,0.00,12.00,0.00,0.00,0,0,0.00,0
2026-05-01 18:07:58,2756.07,0,0,0,0,0,0,0,0.00,0,0.00,5.13,1.84,0.00,0.00,D,0.00,12.00,2.04,12.00,1.00,^,0.00,,20.80,12.30,504,103.14,46.6,1,0,0.00,0.00,0.00,12.00,0.00,0.00,0,0,0.00,0
2026-05-01 18:07:59,2756.97,0,0,0,0,0,0,0,0.00,0,0.00,5.13,1.84,0.00,0.00,D,0.00,12.00,2.00,12.00,1.04,^,0.00,,18.40,12.30,504,104.05,45.0,1,0,0.00,0.00,0.00,12.00,0.00,0.00,0,0,0.00,0
2026-05-01 18:08:00,2758.09,0,0,0,0,0,0,0,0.00,0,0.00,5.13,1.83,0.00,0.00,D,0.00,12.00,1.99,12.00,1.01,^,0.00,,19.80,12.30,504,105.16,47.7,1,0,0.00,0.00,0.00,12.00,0.00,0.00,0,0,0.00,0
2026-05-01 18:08:01,2758.99,0,0,0,0,0,0,0,0.00,0,0.00,5.13,1.83,0.00,0.00,D,0.00,12.00,2.02,12.00,1.00,^,0.00,,18.90,12.40,504,106.07,46.1,1,0,0.00,0.00,0.00,12.00,0.00,0.00,0,0,0.00,0
2026-05-01 18:08:02,2760.11,0,0,0,0,0,0,0,0.00,0,0.00,5.13,1.83,0.00,0.00,D,0.00,12.00,2.02,12.00,1.01,^,0.00,,21.80,12.40,504,107.18,46.6,1,0,0.00,0.00,0.00,12.00,0.00,0.00,0,0,0.00,0
2026-05-01 18:08:03,2761.01,0,0,0,0,0,0,0,0.00,0,0.00,5.13,1.83,0.00,0.00,D,0.00,12.00,2.00,12.00,1.01,^,0.00,,20.50,12.40,504,108.09,45.5,1,0,0.00,0.00,0.00,12.00,0.00,0.00,0,0,0.00,0
2026-05-01 18:08:04,2762.02,0,0,0,0,0,0,0,0.00,0,0.00,5.13,1.83,0.00,0.00,D,0.00,12.00,2.00,12.00,1.01,^,0.00,,19.40,12.40,504,109.10,47.2,1,0,0.00,0.00,0.00,12.00,0.00,0.00,0,0,0.00,0
2026-05-01 18:08:05,2763.04,0,0,0,0,0,0,0,0.00,0,0.00,5.13,1.83,0.00,0.00,D,0.00,12.00,2.05,12.00,1.01,^,0.00,,20.00,12.40,504,110.11,46.1,1,0,0.00,0.00,0.00,12.00,0.00,0.00,0,0,0.00,0
2026-05-01 18:08:06,2764.05,0,0,0,0,0,0,0,0.00,0,0.00,5.13,1.83,0.00,0.00,D,0.00,12.00,2.06,12.00,1.00,^,0.00,,19.10,12.50,504,111.12,47.2,1,0,0.00,0.00,0.00,12.00,0.00,0.00,0,0,0.00,0
2026-05-01 18:08:07,2765.06,0,0,0,0,0,0,0,0.00,0,0.00,5.13,1.83,0.00,0.00,D,0.00,12.00,2.05,12.00,0.97,^,0.00,,17.30,12.40,504,112.13,47.2,1,0,0.00,0.00,0.00,12.00,0.00,0.00,0,0,0.00,0
2026-05-01 18:08:08,2766.08,0,0,0,0,0,0,0,0.00,0,0.00,5.13,1.83,0.00,0.00,D,0.00,12.00,2.06,12.00,0.90,^,0.00,,16.10,12.40,504,113.15,47.7,1,0,0.00,0.00,0.00,12.00,0.00,0.00,0,0,0.00,0
2026-05-01 18:08:09,2767.09,0,0,0,0,0,0,0,0.00,0,0.00,5.13,1.83,0.00,0.00,D,0.00,12.00,2.08,12.00,0.67,^,0.00,,16.30,12.40,504,114.16,47.7,1,0,0.00,0.00,0.00,12.00,0.00,0.00,0,0,0.00,0
2026-05-01 18:08:10,2768.20,0,0,0,0,0,0,0,0.00,0,0.00,5.13,1.83,0.00,0.00,D,0.00,12.00,2.06,12.00,0.73,^,0.00,,17.70,12.40,504,115.27,46.6,1,0,0.00,0.00,0.00,12.00,0.00,0.00,0,0,0.00,0
2026-05-01 18:08:11,2769.11,0,0,0,0,0,0,0,0.00,0,0.00,5.13,1.83,0.00,0.00,D,0.00,12.00,2.02,12.00,0.74,^,0.00,,18.20,12.40,504,116.18,46.1,1,0,0.00,0.00,0.00,12.00,0.00,0.00,0,0,0.00,0
2026-05-01 18:08:12,2770.11,0,0,0,0,0,0,0,0.00,0,0.00,5.13,1.83,0.00,0.00,D,0.00,12.00,2.07,12.00,0.70,^,0.00,,21.40,12.40,504,117.18,47.7,1,0,0.00,0.00,0.00,12.00,0.00,0.00,0,0,0.00,0
2026-05-01 18:08:13,2771.12,0,0,0,0,0,0,0,0.00,0,0.00,5.13,1.83,0.00,0.00,D,0.00,12.00,2.08,12.00,0.66,^,0.00,,18.80,12.40,504,118.19,47.7,1,0,0.00,0.00,0.00,12.00,0.00,0.00,0,0,0.00,0
2026-05-01 18:08:14,2772.13,0,0,0,0,0,0,0,0.00,0,0.00,5.13,1.83,0.00,0.00,D,0.00,12.00,2.07,12.00,0.60,^,0.00,,19.40,12.40,504,119.21,47.2,1,0,0.00,0.00,0.00,12.00,0.00,0.00,0,0,0.00,0
2026-05-01 18:08:15,2773.14,0,0,0,0,0,0,0,0.00,0,0.00,5.13,1.82,0.00,0.00,D,0.00,12.00,2.07,12.00,0.61,^,0.00,,21.10,12.40,504,120.22,45.5,1,0,0.00,0.00,0.00,12.00,0.00,0.00,0,0,0.00,0
2026-05-01 18:08:16,2774.15,0,0,0,0,0,0,0,0.00,0,0.00,5.13,1.82,0.00,0.00,D,0.00,12.00,2.07,12.00,0.60,^,0.00,,21.60,12.40,504,121.23,46.1,1,0,0.00,0.00,0.00,12.00,0.00,0.00,0,0,0.00,0
2026-05-01 18:08:17,2775.17,0,0,0,0,0,0,0,0.00,0,0.00,5.13,1.82,0.00,0.00,D,0.00,12.00,2.07,12.00,0.60,^,0.00,,20.20,12.30,504,122.24,47.2,1,0,0.00,0.00,0.00,12.00,0.00,0.00,0,0,0.00,0
2026-05-01 18:08:18,2776.18,0,0,0,0,0,0,0,0.00,0,0.00,5.13,1.82,0.00,0.00,D,0.00,12.00,2.05,12.00,0.60,^,0.00,,22.40,12.30,504,123.25,46.1,1,0,0.00,0.00,0.00,12.00,0.00,0.00,0,0,0.00,0
2026-05-01 18:08:19,2777.19,0,0,0,0,0,0,0,0.00,0,0.00,5.13,1.82,0.00,0.00,D,0.00,12.00,1.94,12.00,0.60,^,0.00,,20.00,12.30,504,124.27,47.7,1,0,0.00,0.00,0.00,12.00,0.00,0.00,0,0,0.00,0
2026-05-01 18:08:20,2778.31,0,0,0,0,0,0,0,0.00,0,0.00,5.13,1.82,0.00,0.00,D,0.00,12.00,1.95,12.00,0.60,^,0.00,,19.30,12.30,504,125.38,46.6,1,0,0.00,0.00,0.00,12.00,0.00,0.00,0,0,0.00,0
2026-05-01 18:08:21,2779.21,0,0,0,0,0,0,0,0.00,0,0.00,5.13,1.82,0.00,0.00,D,0.00,12.00,1.96,12.00,0.61,^,0.00,,19.70,12.30,504,126.29,45.5,1,0,0.00,0.00,0.00,12.00,0.00,0.00,0,0,0.00,0
2026-05-01 18:08:22,2780.32,0,0,0,0,0,0,0,0.00,0,0.00,5.13,1.82,0.00,0.00,D,0.00,12.00,1.98,12.00,0.80,^,0.00,,19.20,12.30,504,127.40,47.2,1,0,0.00,0.00,0.00,12.00,0.00,0.00,0,0,0.00,0
2026-05-01 18:08:23,2781.23,0,0,0,0,0,0,0,0.00,0,0.00,5.13,1.82,0.00,0.00,D,0.00,12.00,1.91,12.00,0.66,^,0.00,,19.20,12.30,504,128.31,45.5,1,0,0.00,0.00,0.00,12.00,0.00,0.00,0,0,0.00,0
2026-05-01 18:08:24,2782.34,0,0,0,0,0,0,0,0.00,0,0.00,5.13,1.82,0.00,0.00,D,0.00,12.00,1.96,12.00,0.64,^,0.00,,21.40,12.30,504,129.42,47.2,1,0,0.00,0.00,0.00,12.00,0.00,0.00,0,0,0.00,0
2026-05-01 18:08:25,2783.25,0,0,0,0,0,0,0,0.00,0,0.00,5.13,1.82,0.00,0.00,D,0.00,12.00,1.92,12.00,0.64,^,0.00,,19.30,12.30,504,130.32,46.6,1,0,0.00,0.00,0.00,12.00,0.00,0.00,0,0,0.00,0
2026-05-01 18:08:26,2784.26,0,0,0,0,0,0,0,0.00,0,0.00,5.13,1.82,0.00,0.00,D,0.00,12.00,1.87,12.00,0.65,^,0.00,,19.90,12.30,504,131.34,47.7,1,0,0.00,0.00,0.00,12.00,0.00,0.00,0,0,0.00,0
2026-05-01 18:08:27,2785.26,0,0,0,0,0,0,0,0.00,0,0.00,5.13,1.82,0.00,0.00,D,0.00,12.00,1.89,12.00,0.66,^,0.00,,20.20,12.40,504,132.34,47.2,1,0,0.00,0.00,0.00,12.00,0.00,0.00,0,0,0.00,0
2026-05-01 18:08:28,2786.27,0,0,0,0,0,0,0,0.00,0,0.00,5.13,1.82,0.00,0.00,D,0.00,12.00,1.92,12.00,0.66,^,0.00,,18.80,12.40,504,133.35,46.6,1,0,0.00,0.00,0.00,12.00,0.00,0.00,0,0,0.00,0
2026-05-01 18:08:29,2787.28,0,0,0,0,0,0,0,0.00,0,0.00,5.13,1.82,0.00,0.00,D,0.00,12.00,1.88,12.00,0.66,^,0.00,,18.70,12.40,504,134.36,45.5,1,0,0.00,0.00,0.00,12.00,0.00,0.00,0,0,0.00,0
2026-05-01 18:08:30,2788.30,0,0,0,0,0,0,0,0.00,0,0.00,5.13,1.81,0.00,0.00,D,0.00,12.00,1.99,12.00,0.63,^,0.00,,19.90,12.40,504,135.37,46.1,1,0,0.00,0.00,0.00,12.00,0.00,0.00,0,0,0.00,0
2026-05-01 18:08:31,2789.31,0,0,0,0,0,0,0,0.00,0,0.00,5.13,1.81,0.00,0.00,D,0.00,12.00,1.86,12.00,0.63,^,0.00,,18.90,12.40,504,136.39,46.1,1,0,0.00,0.00,0.00,12.00,0.00,0.00,0,0,0.00,0
2026-05-01 18:08:32,2790.43,0,0,0,0,0,0,0,0.00,0,0.00,5.13,1.81,0.00,0.00,D,0.00,12.00,1.86,12.00,0.56,^,0.00,,19.50,12.40,504,137.50,46.1,1,0,0.00,0.00,0.00,12.00,0.00,0.00,0,0,0.00,0
2026-05-01 18:08:33,2791.33,0,0,0,0,0,0,0,0.00,0,0.00,5.13,1.81,0.00,0.00,D,0.00,12.00,1.88,12.00,0.60,^,0.00,,20.50,12.40,504,138.41,46.6,1,0,0.00,0.00,0.00,12.00,0.00,0.00,0,0,0.00,0
2026-05-01 18:08:34,2792.34,0,0,0,0,0,0,0,0.00,0,0.00,5.13,1.81,0.00,0.00,D,0.00,12.00,1.88,12.00,0.69,^,0.00,,19.90,12.40,504,139.42,46.1,1,0,0.00,0.00,0.00,12.00,0.00,0.00,0,0,0.00,0
2026-05-01 18:08:35,2793.35,0,0,0,0,0,0,0,0.00,0,0.00,5.13,1.81,0.00,0.00,D,0.00,12.00,1.89,12.00,0.65,^,0.00,,19.90,12.40,504,140.43,47.2,1,0,0.00,0.00,0.00,12.00,0.00,0.00,0,0,0.00,0
2026-05-01 18:08:36,2794.37,0,0,0,0,0,0,0,0.00,0,0.00,5.13,1.81,0.00,0.00,D,0.00,12.00,1.85,12.00,0.69,^,0.00,,20.10,12.40,504,141.44,47.2,1,0,0.00,0.00,0.00,12.00,0.00,0.00,0,0,0.00,0
2026-05-01 18:08:37,2795.38,0,0,0,0,0,0,0,0.00,0,0.00,5.13,1.81,0.00,0.00,D,0.00,12.00,2.01,12.00,0.67,^,0.00,,18.90,12.40,504,142.45,45.5,1,0,0.00,0.00,0.00,12.00,0.00,0.00,0,0,0.00,0
2026-05-01 18:08:38,2796.39,0,0,0,0,0,0,0,0.00,0,0.00,5.13,1.81,0.00,0.00,D,0.00,12.00,2.20,12.00,0.68,^,0.00,,20.40,12.40,504,143.47,47.2,1,0,0.00,0.00,0.00,12.00,0.00,0.00,0,0,0.00,0
2026-05-01 18:08:39,2797.41,0,0,0,0,0,0,0,0.00,0,0.00,5.13,1.81,0.00,0.00,D,0.00,12.00,2.23,12.00,0.69,^,0.00,,20.70,12.40,504,144.48,46.1,1,0,0.00,0.00,0.00,12.00,0.00,0.00,0,0,0.00,0
2026-05-01 18:08:40,2798.42,0,0,0,0,0,0,0,0.00,0,0.00,5.13,1.81,0.00,0.00,D,0.00,12.00,2.25,12.00,0.69,^,0.00,,19.10,12.40,504,145.49,45.5,1,0,0.00,0.00,0.00,12.00,0.00,0.00,0,0,0.00,0
2026-05-01 18:08:41,2799.43,0,0,0,0,0,0,0,0.00,0,0.00,5.13,1.81,0.00,0.00,D,0.00,12.00,2.25,12.00,0.68,^,0.00,,19.40,12.40,504,146.50,47.2,1,0,0.00,0.00,0.00,12.00,0.00,0.00,0,0,0.00,0
2026-05-01 18:08:42,2800.44,0,0,0,0,0,0,0,0.00,0,0.00,5.13,1.81,0.00,0.00,D,0.00,12.00,2.25,12.00,0.70,^,0.00,,19.80,12.40,504,147.52,46.6,1,0,0.00,0.00,0.00,12.00,0.00,0.00,0,0,0.00,0
2026-05-01 18:08:43,2801.46,0,0,0,0,0,0,0,0.00,0,0.00,5.13,1.81,0.00,0.00,D,0.00,12.00,2.26,12.00,0.70,^,0.00,,19.10,12.30,504,148.53,45.0,1,0,0.00,0.00,0.00,12.00,0.00,0.00,0,0,0.00,0
2026-05-01 18:08:44,2802.57,0,0,0,0,0,0,0,0.00,0,0.00,5.13,1.81,0.00,0.00,D,0.00,12.00,2.26,12.00,0.65,^,0.00,,19.70,12.30,504,149.64,47.2,1,0,0.00,0.00,0.00,12.00,0.00,0.00,0,0,0.00,0
2026-05-01 18:08:45,2803.47,0,0,0,0,0,0,0,0.00,0,0.00,5.13,1.80,0.00,0.00,D,0.00,12.00,2.28,12.00,0.56,^,0.00,,20.30,12.30,504,150.55,45.5,1,0,0.00,0.00,0.00,12.00,0.00,0.00,0,0,0.00,0
2026-05-01 18:08:46,2804.48,0,0,0,0,0,0,0,0.00,0,0.00,5.13,1.80,0.00,0.00,D,0.00,12.00,2.35,12.00,0.56,^,0.00,,19.80,12.30,504,151.56,45.5,1,0,0.00,0.00,0.00,12.00,0.00,0.00,0,0,0.00,0
2026-05-01 18:08:47,2805.49,0,0,0,0,0,0,0,0.00,0,0.00,5.13,1.80,0.00,0.00,D,0.00,12.00,2.31,12.00,0.56,^,0.00,,19.60,12.30,504,152.57,46.1,1,0,0.00,0.00,0.00,12.00,0.00,0.00,0,0,0.00,0
2026-05-01 18:08:48,2806.51,0,0,0,0,0,0,0,0.00,0,0.00,5.13,1.80,0.00,0.00,D,0.00,12.00,2.33,12.00,0.57,^,0.00,,19.30,12.30,504,153.58,46.6,1,0,0.00,0.00,0.00,12.00,0.00,0.00,0,0,0.00,0
2026-05-01 18:08:49,2807.52,0,0,0,0,0,0,0,0.00,0,0.00,5.13,1.80,0.00,0.00,D,0.00,12.00,2.29,12.00,0.65,^,0.00,,20.80,12.30,504,154.59,46.6,1,0,0.00,0.00,0.00,12.00,0.00,0.00,0,0,0.00,0
2026-05-01 18:08:50,2808.53,0,0,0,0,0,0,0,0.00,0,0.00,5.13,1.80,0.00,0.00,D,0.00,12.00,2.28,12.00,0.78,^,0.00,,18.80,12.30,504,155.60,46.6,1,0,0.00,0.00,0.00,12.00,0.00,0.00,0,0,0.00,0
2026-05-01 18:08:51,2809.54,0,0,0,0,0,0,0,0.00,0,0.00,5.13,1.80,0.00,0.00,D,0.00,12.00,2.40,12.00,0.79,^,0.00,,20.30,12.30,504,156.61,45.0,1,0,0.00,0.00,0.00,12.00,0.00,0.00,0,0,0.00,0
2026-05-01 18:08:52,2810.55,0,0,0,0,0,0,0,0.00,0,0.00,5.13,1.80,0.00,0.00,D,0.00,12.00,2.67,12.00,0.79,^,0.00,,18.70,12.30,504,157.63,45.5,1,0,0.00,0.00,0.00,12.00,0.00,0.00,0,0,0.00,0
2026-05-01 18:08:53,2811.56,0,0,0,0,0,0,0,0.00,0,0.00,5.13,1.80,0.00,0.00,D,0.00,12.00,2.61,12.00,0.78,^,0.00,,20.30,12.30,504,158.64,47.7,1,0,0.00,0.00,0.00,12.00,0.00,0.00,0,0,0.00,0
2026-05-01 18:08:54,2812.57,0,0,0,0,0,0,0,0.00,0,0.00,5.13,1.80,0.00,0.00,D,0.00,12.00,2.40,12.00,0.77,^,0.00,,21.00,12.30,504,159.65,46.6,1,0,0.00,0.00,0.00,12.00,0.00,0.00,0,0,0.00,0
2026-05-01 18:08:55,2813.59,0,0,0,0,0,0,0,0.00,0,0.00,5.13,1.80,0.00,0.00,D,0.00,12.00,1.57,12.00,0.75,^,0.00,,18.40,12.30,504,160.66,46.1,1,0,0.00,0.00,0.00,12.00,0.00,0.00,0,0,0.00,0
2026-05-01 18:08:57,2814.70,0,0,0,0,0,0,0,0.00,0,0.00,5.13,1.80,0.00,0.00,D,0.00,12.00,1.03,12.00,0.72,^,0.00,,19.80,12.30,504,161.77,47.2,1,0,0.00,0.00,0.00,12.00,0.00,0.00,0,0,0.00,0
2026-05-01 18:08:57,2815.60,0,0,0,0,0,0,0,0.00,0,0.00,5.13,1.80,0.00,0.00,D,0.00,0.99,0.88,12.00,0.75,WARN_WARNING,0.00,,21.10,12.30,504,162.68,46.6,1,0,0.00,0.00,0.00,0.99,0.00,0.00,0,0,0.00,0
2026-05-01 18:08:58,2816.61,0,0,0,0,0,0,0,0.00,0,0.00,5.13,1.80,0.00,0.00,D,0.00,1.00,0.91,12.00,0.67,WARN_WARNING,0.00,,19.00,12.30,504,163.69,46.6,1,0,0.00,0.00,0.00,1.00,0.00,0.00,0,0,0.00,0
2026-05-01 18:08:59,2817.63,0,0,0,0,0,0,0,0.00,0,0.00,5.13,1.80,0.00,0.00,D,0.00,12.00,0.64,12.00,0.59,^,0.00,,19.60,12.30,504,164.70,47.7,1,0,0.00,0.00,0.00,12.00,0.00,0.00,0,0,0.00,0
2026-05-01 18:09:01,2818.74,0,0,0,0,0,0,0,0.00,0,0.00,5.13,1.80,0.00,0.00,D,0.00,12.00,0.53,12.00,0.31,^,0.00,,18.60,12.30,504,165.81,46.6,1,0,0.00,0.00,0.00,12.00,0.00,0.00,0,0,0.00,0
2026-05-01 18:09:01,2819.64,0,0,0,0,0,0,0,0.00,0,0.00,5.13,1.79,0.00,0.00,D,0.00,12.00,2.04,12.00,0.32,^,0.00,,20.10,12.30,504,166.72,45.5,1,0,0.00,0.00,0.00,12.00,0.00,0.00,0,0,0.00,0
2026-05-01 18:09:02,2820.66,0,0,0,0,0,0,0,0.00,0,0.00,5.13,1.79,0.00,0.00,D,0.00,12.00,2.74,12.00,0.27,^,0.00,,20.60,12.30,504,167.73,47.2,1,0,0.00,0.00,0.00,12.00,0.00,0.00,0,0,0.00,0
2026-05-01 18:09:04,2821.67,0,0,0,0,0,0,0,0.00,1,0.00,5.13,1.79,0.00,0.00,D,0.00,0.12,12.00,12.00,0.18,STOP_WARNING,0.00,aeb_stop,19.70,12.30,504,0.11,45.5,1,1,0.00,0.00,0.00,0.12,0.00,0.00,0,0,0.00,0
2026-05-01 18:09:05,2822.68,0,0,0,0,0,0,0,0.00,1,0.00,5.13,1.79,0.00,0.00,D,0.00,12.00,0.14,12.00,0.20,^,0.00,,19.70,12.30,504,1.12,46.6,1,0,0.00,0.00,0.00,12.00,0.00,0.00,0,0,0.00,0
2026-05-01 18:09:06,2823.70,0,0,0,0,0,0,0,0.00,1,0.00,5.13,1.79,0.00,0.00,D,0.00,12.00,12.00,12.00,0.21,^,0.00,,19.50,12.30,504,2.13,45.0,1,0,0.00,0.00,0.00,12.00,0.00,0.00,0,0,0.00,0
2026-05-01 18:09:07,2824.71,0,0,0,0,0,0,0,0.00,1,0.00,5.13,1.79,0.00,0.00,D,0.00,12.00,2.81,12.00,0.61,^,0.00,,19.40,12.30,504,3.15,45.5,1,0,0.00,0.00,0.00,12.00,0.00,0.00,0,0,0.00,0
2026-05-01 18:09:08,2825.72,0,0,0,0,0,0,0,0.00,1,0.00,5.13,1.79,0.00,0.00,D,0.00,12.00,2.46,12.00,0.96,^,0.00,,19.10,12.30,504,0.59,46.6,1,0,0.00,0.00,0.00,12.00,0.00,0.00,0,0,0.00,0
2026-05-01 18:09:09,2826.83,0,0,0,0,0,0,0,0.00,1,0.00,5.13,1.79,0.00,0.00,D,0.00,12.00,2.38,12.00,1.13,^,0.00,,19.50,12.30,504,1.71,46.6,1,0,0.00,0.00,0.00,12.00,0.00,0.00,0,0,0.00,0
2026-05-01 18:09:10,2827.74,0,0,0,0,0,0,0,0.00,1,0.00,5.13,1.79,0.00,0.00,D,0.00,12.00,2.29,12.00,1.02,^,0.00,,18.30,12.30,504,2.61,47.7,1,0,0.00,0.00,0.00,12.00,0.00,0.00,0,0,0.00,0
2026-05-01 18:09:11,2828.75,0,0,0,0,0,0,0,0.00,1,0.00,5.13,1.79,0.00,0.00,D,0.00,12.00,2.24,12.00,1.01,^,0.00,,17.70,12.30,504,3.63,46.1,1,0,0.00,0.00,0.00,12.00,0.00,0.00,0,0,0.00,0
2026-05-01 18:09:12,2829.76,0,0,1,0,0,0,0,-0.23,0,1.00,5.13,1.79,0.03,0.31,D,0.00,12.00,0.82,12.00,0.77,^,0.00,,17.90,12.30,504,0.01,47.7,1,0,0.00,0.00,0.00,12.00,0.00,0.00,0,0,0.00,0
2026-05-01 18:09:13,2830.76,0,0,0,0,0,0,0,0.00,0,0.00,5.13,1.79,1.30,0.49,D,0.00,12.00,2.15,12.00,0.66,^,0.00,,18.40,12.30,504,0.00,47.7,1,0,0.00,0.00,0.00,12.00,0.00,0.00,0,0,0.00,0
2026-05-01 18:09:14,2831.78,0,0,0,0,0,0,0,0.00,0,0.00,5.13,1.79,2.04,0.22,D,0.00,12.00,1.76,12.00,0.95,^,0.00,,19.50,12.30,504,0.00,46.6,1,0,0.00,0.00,0.00,12.00,0.00,0.00,0,0,0.00,0
2026-05-01 18:09:15,2832.79,0,0,0,0,0,0,0,0.00,0,1.00,5.13,1.79,1.34,0.25,D,0.00,12.00,1.64,12.00,1.13,^,0.00,,17.80,12.30,504,0.00,48.3,1,0,0.00,0.00,0.00,12.00,0.00,0.00,0,0,0.00,0
2026-05-01 18:09:16,2833.79,0,0,0,0,0,0,0,-0.99,0,0.00,5.13,1.79,1.68,0.45,D,0.00,12.00,12.00,12.00,1.15,^,0.00,,19.10,12.30,504,0.00,48.8,1,0,0.00,0.00,0.00,12.00,0.00,0.00,0,0,0.00,0
2026-05-01 18:09:17,2834.90,0,0,0,0,0,0,0,0.00,0,0.00,5.13,1.79,1.46,0.16,D,0.00,12.00,12.00,12.00,1.16,^,0.00,,16.30,12.30,504,0.00,47.2,1,0,0.00,0.00,0.00,12.00,0.00,0.00,0,0,0.00,0
2026-05-01 18:09:18,2835.80,0,0,0,0,0,0,0,0.00,0,0.00,5.13,1.79,0.76,0.00,D,0.00,12.00,12.00,12.00,1.14,^,0.00,,18.00,12.30,504,0.00,47.7,1,0,0.00,0.00,0.00,12.00,0.00,0.00,0,0,0.00,0
2026-05-01 18:09:19,2836.81,0,0,0,0,0,0,0,0.00,0,0.00,5.13,1.79,0.00,0.00,D,0.00,12.00,12.00,12.00,0.82,^,0.00,,16.90,12.40,504,0.18,47.7,1,0,0.00,0.00,0.00,12.00,0.00,0.00,0,0,0.00,0
2026-05-01 18:09:20,2837.82,0,0,0,0,0,0,0,0.00,0,0.00,5.13,1.79,0.00,0.00,D,0.00,12.00,12.00,12.00,1.08,^,0.00,,16.10,12.30,504,1.18,48.8,1,0,0.00,0.00,0.00,12.00,0.00,0.00,0,0,0.00,0
2026-05-01 18:09:21,2838.84,0,0,0,0,0,0,0,0.00,0,0.00,5.13,1.79,0.00,0.00,D,0.00,12.00,12.00,12.00,1.07,^,0.00,,18.00,12.30,504,2.20,47.7,1,0,0.00,0.00,0.00,12.00,0.00,0.00,0,0,0.00,0
2026-05-01 18:09:22,2839.85,0,0,0,0,0,0,0,0.00,0,0.00,5.13,1.78,0.00,0.00,D,0.00,12.00,12.00,12.00,0.92,^,0.00,,18.60,12.40,504,3.21,48.8,1,0,0.00,0.00,0.00,12.00,0.00,0.00,0,0,0.00,0
2026-05-01 18:09:23,2840.96,0,0,0,0,0,0,0,0.00,0,0.00,5.13,1.78,0.00,0.00,D,0.00,12.00,1.52,12.00,1.02,^,0.00,,18.50,12.40,504,4.32,47.2,1,0,0.00,0.00,0.00,12.00,0.00,0.00,0,0,0.00,0
2026-05-01 18:09:24,2841.86,0,0,0,0,0,0,0,0.00,0,0.00,5.13,1.78,0.00,0.00,D,0.00,12.00,1.58,12.00,1.19,^,0.00,,19.10,12.40,504,5.22,47.7,1,0,0.00,0.00,0.00,12.00,0.00,0.00,0,0,0.00,0
2026-05-01 18:09:25,2842.87,0,0,0,0,0,0,0,0.00,0,0.00,5.13,1.78,0.00,0.00,D,0.00,12.00,1.57,12.00,1.35,^,0.00,,19.70,12.40,504,6.23,47.2,1,0,0.00,0.00,0.00,12.00,0.00,0.00,0,0,0.00,0
2026-05-01 18:09:26,2843.88,0,0,0,0,0,0,0,0.00,0,0.00,5.13,1.78,0.00,0.00,D,0.00,12.00,1.56,12.00,1.30,^,0.00,,17.70,12.40,504,7.25,46.6,1,0,0.00,0.00,0.00,12.00,0.00,0.00,0,0,0.00,0
2026-05-01 18:09:27,2844.90,0,0,0,0,0,0,0,0.00,0,0.00,5.13,1.78,0.00,0.00,D,0.00,12.00,1.74,12.00,1.35,^,0.00,,18.30,12.40,504,8.26,45.5,1,0,0.00,0.00,0.00,12.00,0.00,0.00,0,0,0.00,0
2026-05-01 18:09:28,2845.91,0,0,0,0,0,0,0,0.00,0,0.00,5.13,1.78,0.00,0.00,D,0.00,12.00,1.52,12.00,1.35,^,0.00,,20.40,12.40,504,9.27,47.2,1,0,0.00,0.00,0.00,12.00,0.00,0.00,0,0,0.00,0
2026-05-01 18:09:29,2846.92,0,0,0,0,0,0,0,0.00,0,0.00,5.13,1.78,0.00,0.00,D,0.00,12.00,1.55,12.00,1.35,^,0.00,,18.30,12.30,504,10.28,47.2,1,0,0.00,0.00,0.00,12.00,0.00,0.00,0,0,0.00,0
2026-05-01 18:09:30,2847.93,0,0,0,0,0,0,0,0.00,0,0.00,5.13,1.78,0.00,0.00,D,0.00,12.00,1.72,12.00,1.35,^,0.00,,19.10,12.30,504,11.29,45.5,1,0,0.00,0.00,0.00,12.00,0.00,0.00,0,0,0.00,0
2026-05-01 18:09:31,2848.94,0,0,0,0,0,0,0,0.00,0,0.00,5.13,1.78,0.00,0.00,D,0.00,12.00,1.76,12.00,1.35,^,0.00,,19.50,12.30,504,12.30,45.5,1,0,0.00,0.00,0.00,12.00,0.00,0.00,0,0,0.00,0
2026-05-01 18:09:32,2849.95,0,0,0,0,0,0,0,0.00,0,0.00,5.13,1.78,0.00,0.00,D,0.00,12.00,1.75,12.00,1.34,^,0.00,,18.90,12.40,504,13.31,46.6,1,0,0.00,0.00,0.00,12.00,0.00,0.00,0,0,0.00,0
2026-05-01 18:09:33,2850.96,0,0,0,0,0,0,0,0.00,0,0.00,5.13,1.78,0.00,0.00,D,0.00,12.00,1.70,12.00,1.29,^,0.00,,19.50,12.30,504,14.33,46.1,1,0,0.00,0.00,0.00,12.00,0.00,0.00,0,0,0.00,0
2026-05-01 18:09:34,2851.98,0,0,0,0,0,0,0,0.00,0,0.00,5.13,1.78,0.00,0.00,D,0.00,12.00,1.73,12.00,0.96,^,0.00,,17.60,12.30,504,15.34,46.6,1,0,0.00,0.00,0.00,12.00,0.00,0.00,0,0,0.00,0
2026-05-01 18:09:35,2852.99,0,0,0,0,0,0,0,0.00,0,0.00,5.13,1.78,0.00,0.00,D,0.00,12.00,1.74,12.00,0.74,^,0.00,,18.40,12.30,504,16.35,47.7,1,0,0.00,0.00,0.00,12.00,0.00,0.00,0,0,0.00,0
2026-05-01 18:09:36,2854.00,0,0,0,0,0,0,0,0.00,0,0.00,5.13,1.78,0.00,0.00,D,0.00,12.00,1.76,12.00,0.69,^,0.00,,18.60,12.30,504,17.36,46.1,1,0,0.00,0.00,0.00,12.00,0.00,0.00,0,0,0.00,0
2026-05-01 18:09:37,2855.01,0,0,0,0,0,0,0,0.00,0,0.00,5.13,1.78,0.00,0.00,D,0.00,12.00,1.73,12.00,0.70,^,0.00,,18.70,12.30,504,18.37,45.5,1,0,0.00,0.00,0.00,12.00,0.00,0.00,0,0,0.00,0
2026-05-01 18:09:38,2856.02,0,0,0,0,0,0,0,0.00,0,0.00,5.13,1.77,0.00,0.00,D,0.00,12.00,1.74,12.00,0.70,^,0.00,,18.10,12.30,504,19.38,46.6,1,0,0.00,0.00,0.00,12.00,0.00,0.00,0,0,0.00,0
2026-05-01 18:09:39,2857.03,0,0,0,0,0,0,0,0.00,0,0.00,5.13,1.77,0.00,0.00,D,0.00,12.00,1.73,12.00,0.70,^,0.00,,19.00,12.30,504,20.39,47.7,1,0,0.00,0.00,0.00,12.00,0.00,0.00,0,0,0.00,0
2026-05-01 18:09:40,2858.04,0,0,0,0,0,0,0,0.00,0,0.00,5.13,1.77,0.00,0.00,D,0.00,12.00,1.71,12.00,0.70,^,0.00,,18.10,12.30,504,21.40,45.5,1,0,0.00,0.00,0.00,12.00,0.00,0.00,0,0,0.00,0
2026-05-01 18:09:41,2859.05,0,0,0,0,0,0,0,0.00,0,0.00,5.13,1.77,0.00,0.00,D,0.00,12.00,1.70,12.00,0.71,^,0.00,,17.50,12.30,504,22.41,46.6,1,0,0.00,0.00,0.00,12.00,0.00,0.00,0,0,0.00,0
2026-05-01 18:09:42,2860.15,0,0,0,0,0,0,0,0.00,0,0.00,5.13,1.77,0.00,0.00,D,0.00,12.00,1.71,12.00,0.70,^,0.00,,17.10,12.30,504,23.51,47.2,1,0,0.00,0.00,0.00,12.00,0.00,0.00,0,0,0.00,0
2026-05-01 18:09:43,2861.05,0,0,0,0,0,0,0,0.00,0,0.00,5.13,1.77,0.00,0.00,D,0.00,12.00,1.70,12.00,0.68,^,0.00,,15.00,12.30,504,24.42,47.7,1,0,0.00,0.00,0.00,12.00,0.00,0.00,0,0,0.00,0
2026-05-01 18:09:44,2862.07,0,0,0,0,0,0,0,0.00,0,0.00,5.13,1.77,0.00,0.00,D,0.00,12.00,1.70,12.00,0.68,^,0.00,,16.30,12.40,504,25.43,47.7,1,0,0.00,0.00,0.00,12.00,0.00,0.00,0,0,0.00,0
2026-05-01 18:09:45,2863.08,0,0,0,0,0,0,0,0.00,0,0.00,5.13,1.77,0.00,0.00,D,0.00,12.00,1.71,12.00,0.64,^,0.00,,14.90,12.40,504,26.44,46.6,1,0,0.00,0.00,0.00,12.00,0.00,0.00,0,0,0.00,0
2026-05-01 18:09:46,2864.09,0,0,0,0,0,0,0,0.00,0,0.00,5.13,1.77,0.00,0.00,D,0.00,12.00,1.72,12.00,0.61,^,0.00,,14.70,12.40,504,27.45,47.7,1,0,0.00,0.00,0.00,12.00,0.00,0.00,0,0,0.00,0
2026-05-01 18:09:47,2865.10,0,0,0,0,0,0,0,0.00,0,0.00,5.13,1.77,0.00,0.00,D,0.00,12.00,1.72,12.00,0.63,^,0.00,,16.20,12.40,504,28.47,46.6,1,0,0.00,0.00,0.00,12.00,0.00,0.00,0,0,0.00,0
2026-05-01 18:09:48,2866.11,0,0,0,0,0,0,0,0.00,0,0.00,5.13,1.77,0.00,0.00,D,0.00,12.00,1.71,12.00,0.65,^,0.00,,19.10,12.40,504,29.48,47.2,1,0,0.00,0.00,0.00,12.00,0.00,0.00,0,0,0.00,0
2026-05-01 18:09:49,2867.13,0,0,0,0,0,0,0,0.00,0,0.00,5.13,1.77,0.00,0.00,D,0.00,12.00,1.70,12.00,0.66,^,0.00,,18.70,12.30,504,30.49,47.7,1,0,0.00,0.00,0.00,12.00,0.00,0.00,0,0,0.00,0
2026-05-01 18:09:50,2868.14,0,0,0,0,0,0,0,0.00,0,0.00,5.13,1.77,0.00,0.00,D,0.00,12.00,1.69,12.00,0.64,^,0.00,,19.30,12.30,504,31.50,47.2,1,0,0.00,0.00,0.00,12.00,0.00,0.00,0,0,0.00,0
2026-05-01 18:09:51,2869.15,0,0,0,0,0,0,0,0.00,0,0.00,5.13,1.77,0.00,0.00,D,0.00,12.00,1.71,12.00,0.65,^,0.00,,17.10,12.30,504,32.52,46.6,1,0,0.00,0.00,0.00,12.00,0.00,0.00,0,0,0.00,0
2026-05-01 18:09:52,2870.16,0,0,0,0,0,0,0,0.00,0,0.00,5.13,1.77,0.00,0.00,D,0.00,12.00,1.74,12.00,0.66,^,0.00,,18.40,12.30,504,33.53,47.7,1,0,0.00,0.00,0.00,12.00,0.00,0.00,0,0,0.00,0
2026-05-01 18:09:53,2871.18,0,0,0,0,0,0,0,0.00,0,0.00,5.13,1.77,0.00,0.00,D,0.00,12.00,1.71,12.00,0.63,^,0.00,,17.30,12.30,504,34.54,47.2,1,0,0.00,0.00,0.00,12.00,0.00,0.00,0,0,0.00,0
2026-05-01 18:09:54,2872.19,0,0,0,0,0,0,0,0.00,0,0.00,5.13,1.76,0.00,0.00,D,0.00,12.00,1.48,12.00,0.63,^,0.00,,19.40,12.40,504,35.56,47.7,1,0,0.00,0.00,0.00,12.00,0.00,0.00,0,0,0.00,0
2026-05-01 18:09:55,2873.20,0,0,0,0,0,0,0,0.00,0,0.00,5.13,1.76,0.00,0.00,D,0.00,12.00,1.45,12.00,0.65,^,0.00,,18.00,12.40,504,36.56,46.6,1,0,0.00,0.00,0.00,12.00,0.00,0.00,0,0,0.00,0
2026-05-01 18:09:56,2874.21,0,0,0,0,0,0,0,0.00,0,0.00,5.13,1.76,0.00,0.00,D,0.00,12.00,1.37,12.00,0.64,^,0.00,,19.40,12.30,504,37.57,47.2,1,0,0.00,0.00,0.00,12.00,0.00,0.00,0,0,0.00,0
2026-05-01 18:09:57,2875.32,0,0,0,0,0,0,0,0.00,0,0.00,5.13,1.76,0.00,0.00,D,0.00,12.00,1.48,12.00,0.65,^,0.00,,18.20,12.30,504,38.69,46.6,1,0,0.00,0.00,0.00,12.00,0.00,0.00,0,0,0.00,0
2026-05-01 18:09:58,2876.23,0,0,0,0,0,0,0,0.00,0,0.00,5.13,1.76,0.00,0.00,D,0.00,12.00,1.55,12.00,0.63,^,0.00,,19.40,12.30,504,39.60,47.2,1,0,0.00,0.00,0.00,12.00,0.00,0.00,0,0,0.00,0
2026-05-01 18:09:59,2877.25,0,0,0,0,0,0,0,0.00,0,0.00,5.13,1.76,0.00,0.00,D,0.00,12.00,1.54,12.00,0.61,^,0.00,,19.00,12.40,504,40.61,46.6,1,0,0.00,0.00,0.00,12.00,0.00,0.00,0,0,0.00,0
2026-05-01 18:10:00,2878.26,0,0,0,0,0,0,0,0.00,0,0.00,5.13,1.76,0.00,0.00,D,0.00,12.00,1.56,12.00,0.60,^,0.00,,18.80,12.40,504,41.62,46.6,1,0,0.00,0.00,0.00,12.00,0.00,0.00,0,0,0.00,0
2026-05-01 18:10:01,2879.27,0,0,0,0,0,0,0,0.00,0,0.00,5.13,1.76,0.00,0.00,D,0.00,12.00,1.50,12.00,0.59,^,0.00,,19.80,12.30,504,42.63,47.2,1,0,0.00,0.00,0.00,12.00,0.00,0.00,0,0,0.00,0
2026-05-01 18:10:02,2880.28,0,0,0,0,0,0,0,0.00,0,0.00,5.13,1.76,0.00,0.00,D,0.00,12.00,1.50,12.00,0.83,^,0.00,,19.50,12.30,504,43.64,47.7,1,0,0.00,0.00,0.00,12.00,0.00,0.00,0,0,0.00,0
2026-05-01 18:10:03,2881.29,0,0,0,0,0,0,0,0.00,0,0.00,5.13,1.76,0.00,0.00,D,0.00,12.00,1.51,12.00,0.95,^,0.00,,19.30,12.40,504,44.65,45.5,1,0,0.00,0.00,0.00,12.00,0.00,0.00,0,0,0.00,0
2026-05-01 18:10:04,2882.30,0,0,0,0,0,0,0,0.00,0,0.00,5.13,1.76,0.00,0.00,D,0.00,12.00,1.50,12.00,0.86,^,0.00,,19.10,12.40,504,45.67,46.1,1,0,0.00,0.00,0.00,12.00,0.00,0.00,0,0,0.00,0
2026-05-01 18:10:05,2883.31,0,0,0,0,0,0,0,0.00,0,0.00,5.13,1.76,0.00,0.00,D,0.00,12.00,1.49,12.00,0.75,^,0.00,,19.40,12.40,504,46.68,47.7,1,0,0.00,0.00,0.00,12.00,0.00,0.00,0,0,0.00,0
2026-05-01 18:10:06,2884.32,0,0,0,0,0,0,0,0.00,0,0.00,5.13,1.76,0.00,0.00,D,0.00,12.00,1.39,12.00,0.65,^,0.00,,19.70,12.30,504,47.68,47.7,1,0,0.00,0.00,0.00,12.00,0.00,0.00,0,0,0.00,0
2026-05-01 18:10:07,2885.33,0,0,0,0,0,0,0,0.00,0,0.00,5.13,1.76,0.00,0.00,D,0.00,12.00,1.30,12.00,0.68,^,0.00,,19.50,12.30,504,48.69,47.2,1,0,0.00,0.00,0.00,12.00,0.00,0.00,0,0,0.00,0
2026-05-01 18:10:08,2886.34,0,0,0,0,0,0,0,0.00,0,0.00,5.13,1.76,0.00,0.00,D,0.00,12.00,1.30,12.00,0.67,^,0.00,,18.30,12.30,504,49.71,47.2,1,0,0.00,0.00,0.00,12.00,0.00,0.00,0,0,0.00,0
2026-05-01 18:10:09,2887.35,0,0,0,0,0,0,0,0.00,0,0.00,5.13,1.76,0.00,0.00,D,0.00,12.00,1.29,12.00,0.64,^,0.00,,19.30,12.30,504,50.71,46.6,1,0,0.00,0.00,0.00,12.00,0.00,0.00,0,0,0.00,0
2026-05-01 18:10:10,2888.36,0,0,0,0,0,0,0,0.00,0,0.00,5.13,1.75,0.00,0.00,D,0.00,12.00,1.27,12.00,0.65,^,0.00,,18.00,12.30,504,51.73,45.5,1,0,0.00,0.00,0.00,12.00,0.00,0.00,0,0,0.00,0
2026-05-01 18:10:11,2889.38,0,0,0,0,0,0,0,0.00,0,0.00,5.13,1.75,0.00,0.00,D,0.00,12.00,1.26,12.00,0.60,^,0.00,,19.60,12.30,504,52.74,46.6,1,0,0.00,0.00,0.00,12.00,0.00,0.00,0,0,0.00,0
2026-05-01 18:10:12,2890.39,0,0,0,0,0,0,0,0.00,0,0.00,5.13,1.75,0.00,0.00,D,0.00,12.00,1.25,12.00,0.62,^,0.00,,17.80,12.30,504,53.75,46.6,1,0,0.00,0.00,0.00,12.00,0.00,0.00,0,0,0.00,0
2026-05-01 18:10:13,2891.50,0,0,0,0,0,0,0,0.00,0,0.00,5.13,1.75,0.00,0.00,D,0.00,12.00,1.23,12.00,0.62,^,0.00,,17.70,12.30,504,54.86,45.5,1,0,0.00,0.00,0.00,12.00,0.00,0.00,0,0,0.00,0
2026-05-01 18:10:14,2892.40,0,0,0,0,0,0,0,0.00,0,0.00,5.13,1.75,0.00,0.00,D,0.00,12.00,1.23,12.00,0.66,^,0.00,,18.40,12.30,504,55.77,45.5,1,0,0.00,0.00,0.00,12.00,0.00,0.00,0,0,0.00,0
2026-05-01 18:10:15,2893.41,0,0,0,0,0,0,0,0.00,0,0.00,5.13,1.75,0.00,0.00,D,0.00,12.00,1.25,12.00,0.75,^,0.00,,17.40,12.30,504,56.78,46.1,1,0,0.00,0.00,0.00,12.00,0.00,0.00,0,0,0.00,0
2026-05-01 18:10:16,2894.42,0,0,0,0,0,0,0,0.00,0,0.00,5.13,1.75,0.00,0.00,D,0.00,12.00,1.26,12.00,0.77,^,0.00,,17.60,12.30,504,57.79,46.6,1,0,0.00,0.00,0.00,12.00,0.00,0.00,0,0,0.00,0
2026-05-01 18:10:17,2895.43,0,0,0,0,0,0,0,0.00,0,0.00,5.13,1.75,0.00,0.00,D,0.00,12.00,1.28,12.00,0.77,^,0.00,,20.40,12.30,504,58.80,46.6,1,0,0.00,0.00,0.00,12.00,0.00,0.00,0,0,0.00,0
2026-05-01 18:10:18,2896.44,0,0,0,0,0,0,0,0.00,0,0.00,5.13,1.75,0.00,0.00,D,0.00,12.00,1.28,12.00,0.77,^,0.00,,18.80,12.40,504,59.81,46.6,1,0,0.00,0.00,0.00,12.00,0.00,0.00,0,0,0.00,0
2026-05-01 18:10:19,2897.56,0,0,0,0,0,0,0,0.00,0,0.00,5.13,1.75,0.00,0.00,D,0.00,12.00,1.35,12.00,0.78,^,0.00,,17.10,12.40,504,60.92,45.5,1,0,0.00,0.00,0.00,12.00,0.00,0.00,0,0,0.00,0
2026-05-01 18:10:20,2898.46,0,0,0,0,0,0,0,0.00,0,0.00,5.13,1.75,0.00,0.00,D,0.00,12.00,1.27,12.00,0.72,^,0.00,,16.80,12.40,504,61.83,46.6,1,0,0.00,0.00,0.00,12.00,0.00,0.00,0,0,0.00,0
2026-05-01 18:10:21,2899.48,0,0,0,0,0,0,0,0.00,0,0.00,5.13,1.75,0.00,0.00,D,0.00,12.00,1.18,12.00,0.64,^,0.00,,15.90,12.30,504,62.84,48.3,1,0,0.00,0.00,0.00,12.00,0.00,0.00,0,0,0.00,0
2026-05-01 18:10:22,2900.49,0,0,0,0,0,0,0,0.00,0,0.00,5.13,1.75,0.00,0.00,D,0.00,12.00,1.17,12.00,0.73,^,0.00,,15.30,12.40,504,63.85,48.3,1,0,0.00,0.00,0.00,12.00,0.00,0.00,0,0,0.00,0
2026-05-01 18:10:23,2901.50,0,0,0,0,0,0,0,0.00,0,0.00,5.13,1.75,0.00,0.00,D,0.00,12.00,1.16,12.00,0.77,^,0.00,,15.00,12.40,504,64.87,47.7,1,0,0.00,0.00,0.00,12.00,0.00,0.00,0,0,0.00,0
2026-05-01 18:10:24,2902.51,0,0,0,0,0,0,0,0.00,0,0.00,5.13,1.75,0.00,0.00,D,0.00,12.00,1.22,12.00,0.74,^,0.00,,14.20,12.40,504,65.87,48.3,1,0,0.00,0.00,0.00,12.00,0.00,0.00,0,0,0.00,0
2026-05-01 18:10:25,2903.52,0,0,0,0,0,0,0,0.00,0,0.00,5.13,1.75,0.00,0.00,D,0.00,12.00,1.29,12.00,0.63,^,0.00,,14.80,12.30,504,66.88,47.7,1,0,0.00,0.00,0.00,12.00,0.00,0.00,0,0,0.00,0
2026-05-01 18:10:26,2904.53,0,0,0,0,0,0,0,0.00,0,0.00,5.13,1.75,0.00,0.00,D,0.00,12.00,1.32,12.00,0.56,^,0.00,,18.70,12.30,504,67.89,47.2,1,0,0.00,0.00,0.00,12.00,0.00,0.00,0,0,0.00,0
2026-05-01 18:10:27,2905.54,0,0,0,0,0,0,0,0.00,0,0.00,5.13,1.74,0.00,0.00,D,0.00,12.00,1.51,12.00,0.56,^,0.00,,15.20,12.30,504,68.91,47.2,1,0,0.00,0.00,0.00,12.00,0.00,0.00,0,0,0.00,0
2026-05-01 18:10:28,2906.56,0,0,0,0,0,0,0,0.00,0,0.00,5.13,1.74,0.00,0.00,D,0.00,12.00,1.42,12.00,0.56,^,0.00,,15.10,12.30,504,69.92,48.3,1,0,0.00,0.00,0.00,12.00,0.00,0.00,0,0,0.00,0
2026-05-01 18:10:29,2907.57,0,0,0,0,0,0,0,0.00,0,0.00,5.13,1.74,0.00,0.00,D,0.00,12.00,1.50,12.00,0.54,^,0.00,,15.10,12.30,504,70.93,47.2,1,0,0.00,0.00,0.00,12.00,0.00,0.00,0,0,0.00,0
2026-05-01 18:10:30,2908.58,0,0,0,0,0,0,0,0.00,0,0.00,5.13,1.74,0.00,0.00,D,0.00,12.00,1.50,12.00,0.54,^,0.00,,15.30,12.30,504,71.94,48.8,1,0,0.00,0.00,0.00,12.00,0.00,0.00,0,0,0.00,0
2026-05-01 18:10:31,2909.59,0,0,0,0,0,0,0,0.00,0,0.00,5.13,1.74,0.00,0.00,D,0.00,12.00,1.38,12.00,0.50,^,0.00,,14.70,12.30,504,72.95,48.3,1,0,0.00,0.00,0.00,12.00,0.00,0.00,0,0,0.00,0
2026-05-01 18:10:32,2910.60,0,0,0,0,0,0,0,0.00,0,0.00,5.13,1.74,0.00,0.00,D,0.00,12.00,1.30,12.00,0.50,^,0.00,,19.10,12.30,504,73.97,47.7,1,0,0.00,0.00,0.00,12.00,0.00,0.00,0,0,0.00,0
2026-05-01 18:10:34,2911.72,0,0,0,0,0,0,0,0.00,0,0.00,5.13,1.74,0.00,0.00,D,0.00,12.00,1.32,12.00,0.55,^,0.00,,17.30,12.30,504,75.08,47.7,1,0,0.00,0.00,0.00,12.00,0.00,0.00,0,0,0.00,0
2026-05-01 18:10:34,2912.62,0,0,0,0,0,0,0,0.00,0,0.00,5.13,1.74,0.00,0.00,D,0.00,12.00,1.32,12.00,0.56,^,0.00,,18.80,12.30,504,75.98,46.1,1,0,0.00,0.00,0.00,12.00,0.00,0.00,0,0,0.00,0
2026-05-01 18:10:35,2913.63,0,0,0,0,0,0,0,0.00,0,0.00,5.13,1.74,0.00,0.00,D,0.00,12.00,1.51,12.00,0.51,^,0.00,,17.70,12.30,504,77.00,47.7,1,0,0.00,0.00,0.00,12.00,0.00,0.00,0,0,0.00,0
2026-05-01 18:10:36,2914.65,0,0,0,0,0,0,0,0.00,0,0.00,5.13,1.74,0.00,0.00,D,0.00,12.00,1.51,12.00,0.50,^,0.00,,17.00,12.30,504,78.01,47.2,1,0,0.00,0.00,0.00,12.00,0.00,0.00,0,0,0.00,0
2026-05-01 18:10:38,2915.66,0,0,0,0,0,0,0,0.00,0,0.00,5.13,1.74,0.00,0.00,D,0.00,12.00,1.40,12.00,0.55,^,0.00,,16.10,12.30,504,79.02,48.3,1,0,0.00,0.00,0.00,12.00,0.00,0.00,0,0,0.00,0
2026-05-01 18:10:39,2916.67,0,0,0,0,0,0,0,0.00,0,0.00,5.13,1.74,0.00,0.00,D,0.00,12.00,1.40,12.00,0.60,^,0.00,,15.60,12.30,504,80.03,48.3,1,0,0.00,0.00,0.00,12.00,0.00,0.00,0,0,0.00,0
2026-05-01 18:10:40,2917.78,0,0,0,0,0,0,0,0.00,0,0.00,5.13,1.74,0.00,0.00,D,0.00,12.00,1.41,12.00,0.65,^,0.00,,14.30,12.30,504,81.14,48.3,1,0,0.00,0.00,0.00,12.00,0.00,0.00,0,0,0.00,0
2026-05-01 18:10:41,2918.69,0,0,0,0,0,0,0,0.00,0,0.00,5.13,1.74,0.00,0.00,D,0.00,12.00,1.40,12.00,0.62,^,0.00,,14.80,12.30,504,82.05,48.3,1,0,0.00,0.00,0.00,12.00,0.00,0.00,0,0,0.00,0
2026-05-01 18:10:42,2919.70,0,0,0,0,0,0,0,0.00,0,0.00,5.13,1.74,0.00,0.00,D,0.00,12.00,1.41,12.00,0.54,^,0.00,,15.30,12.40,504,83.06,47.2,1,0,0.00,0.00,0.00,12.00,0.00,0.00,0,0,0.00,0
2026-05-01 18:10:43,2920.71,0,0,0,0,0,0,0,0.00,0,0.00,5.13,1.74,0.00,0.00,D,0.00,12.00,1.47,12.00,0.60,^,0.00,,15.40,12.40,504,84.08,47.7,1,0,0.00,0.00,0.00,12.00,0.00,0.00,0,0,0.00,0
2026-05-01 18:10:44,2921.72,0,0,0,0,0,0,0,0.00,0,0.00,5.13,1.73,0.00,0.00,D,0.00,12.00,1.50,12.00,0.73,^,0.00,,14.90,12.40,504,85.09,47.2,1,0,0.00,0.00,0.00,12.00,0.00,0.00,0,0,0.00,0
2026-05-01 18:10:45,2922.74,0,0,0,0,0,0,0,0.00,0,0.00,5.13,1.73,0.00,0.00,D,0.00,12.00,1.52,12.00,0.74,^,0.00,,15.30,12.30,504,86.10,47.2,1,0,0.00,0.00,0.00,12.00,0.00,0.00,0,0,0.00,0
2026-05-01 18:10:46,2923.85,0,0,0,0,0,0,0,0.00,0,0.00,5.13,1.73,0.00,0.00,D,0.00,12.00,1.48,12.00,0.73,^,0.00,,15.10,12.30,504,87.21,48.3,1,0,0.00,0.00,0.00,12.00,0.00,0.00,0,0,0.00,0
2026-05-01 18:10:47,2924.75,0,0,0,0,0,0,0,0.00,0,0.00,5.13,1.73,0.00,0.00,D,0.00,12.00,1.53,12.00,0.73,^,0.00,,14.50,12.30,504,88.12,48.3,1,0,0.00,0.00,0.00,12.00,0.00,0.00,0,0,0.00,0
2026-05-01 18:10:48,2925.77,0,0,0,0,0,0,0,0.00,0,0.00,5.13,1.73,0.00,0.00,D,0.00,12.00,1.57,12.00,0.72,^,0.00,,16.90,12.30,504,89.13,46.6,1,0,0.00,0.00,0.00,12.00,0.00,0.00,0,0,0.00,0
2026-05-01 18:10:49,2926.78,0,0,0,0,0,0,0,0.00,0,0.00,5.13,1.73,0.00,0.00,D,0.00,12.00,1.48,12.00,0.70,^,0.00,,18.90,12.30,504,90.14,46.6,1,0,0.00,0.00,0.00,12.00,0.00,0.00,0,0,0.00,0
2026-05-01 18:10:50,2927.79,0,0,0,0,0,0,0,0.00,0,0.00,5.13,1.73,0.00,0.00,D,0.00,12.00,1.31,12.00,0.73,^,0.00,,17.50,12.30,504,91.15,46.6,1,0,0.00,0.00,0.00,12.00,0.00,0.00,0,0,0.00,0
2026-05-01 18:10:51,2928.81,0,0,0,0,0,0,0,0.00,0,0.00,5.13,1.73,0.00,0.00,D,0.00,12.00,1.26,12.00,0.74,^,0.00,,18.30,12.30,504,92.17,47.2,1,0,0.00,0.00,0.00,12.00,0.00,0.00,0,0,0.00,0
2026-05-01 18:10:52,2929.92,0,0,0,0,0,0,0,0.00,0,0.00,5.13,1.73,0.00,0.00,D,0.00,12.00,1.37,12.00,0.74,^,0.00,,16.70,12.30,504,93.28,48.3,1,0,0.00,0.00,0.00,12.00,0.00,0.00,0,0,0.00,0
2026-05-01 18:10:53,2930.82,0,0,0,0,0,0,0,0.00,0,0.00,5.13,1.73,0.00,0.00,D,0.00,12.00,1.56,12.00,0.73,^,0.00,,18.30,12.30,504,94.18,47.7,1,0,0.00,0.00,0.00,12.00,0.00,0.00,0,0,0.00,0
2026-05-01 18:10:54,2931.93,0,0,0,0,0,0,0,0.00,0,0.00,5.13,1.73,0.00,0.00,D,0.00,12.00,1.58,12.00,0.74,^,0.00,,17.30,12.30,504,95.29,48.3,1,0,0.00,0.00,0.00,12.00,0.00,0.00,0,0,0.00,0
2026-05-01 18:10:55,2932.84,0,0,0,0,0,0,0,0.00,0,0.00,5.13,1.73,0.00,0.00,D,0.00,12.00,1.74,12.00,0.75,^,0.00,,17.10,12.30,504,96.20,47.2,1,0,0.00,0.00,0.00,12.00,0.00,0.00,0,0,0.00,0
2026-05-01 18:10:56,2933.85,0,0,0,0,0,0,0,0.00,0,0.00,5.13,1.73,0.00,0.00,D,0.00,12.00,1.74,12.00,0.74,^,0.00,,17.60,12.30,504,97.21,46.6,1,0,0.00,0.00,0.00,12.00,0.00,0.00,0,0,0.00,0
2026-05-01 18:10:57,2934.87,0,0,0,0,0,0,0,0.00,0,0.00,5.13,1.73,0.00,0.00,D,0.00,12.00,1.72,12.00,0.74,^,0.00,,18.90,12.30,504,98.23,47.7,1,0,0.00,0.00,0.00,12.00,0.00,0.00,0,0,0.00,0
2026-05-01 18:10:58,2935.98,0,0,0,0,0,0,0,0.00,0,0.00,5.13,1.73,0.00,0.00,D,0.00,12.00,1.67,12.00,0.71,^,0.00,,19.20,12.40,504,99.34,45.5,1,0,0.00,0.00,0.00,12.00,0.00,0.00,0,0,0.00,0
2026-05-01 18:10:59,2936.89,0,0,0,0,0,0,0,0.00,0,0.00,5.13,1.73,0.00,0.00,D,0.00,12.00,1.69,12.00,0.73,^,0.00,,16.80,12.40,504,100.26,46.1,1,0,0.00,0.00,0.00,12.00,0.00,0.00,0,0,0.00,0
2026-05-01 18:11:00,2937.90,0,0,0,0,0,0,0,0.00,0,0.00,5.13,1.73,0.00,0.00,D,0.00,12.00,1.67,12.00,0.73,^,0.00,,16.10,12.40,504,101.27,47.7,1,0,0.00,0.00,0.00,12.00,0.00,0.00,0,0,0.00,0
2026-05-01 18:11:01,2938.92,0,0,0,0,0,0,0,0.00,0,0.00,5.13,1.72,0.00,0.00,D,0.00,12.00,1.66,12.00,0.70,^,0.00,,16.80,12.30,504,102.28,47.2,1,0,0.00,0.00,0.00,12.00,0.00,0.00,0,0,0.00,0
2026-05-01 18:11:02,2939.93,0,0,0,0,0,0,0,0.00,0,0.00,5.13,1.72,0.00,0.00,D,0.00,12.00,1.66,12.00,0.72,^,0.00,,18.30,12.40,504,103.29,46.1,1,0,0.00,0.00,0.00,12.00,0.00,0.00,0,0,0.00,0
2026-05-01 18:11:03,2940.95,0,0,0,0,0,0,0,0.00,0,0.00,5.13,1.72,0.00,0.00,D,0.00,12.00,1.67,12.00,0.77,^,0.00,,17.50,12.30,504,104.31,47.7,1,0,0.00,0.00,0.00,12.00,0.00,0.00,0,0,0.00,0
2026-05-01 18:11:04,2941.96,0,0,0,0,0,0,0,0.00,0,0.00,5.13,1.72,0.00,0.00,D,0.00,12.00,1.66,12.00,0.83,^,0.00,,17.40,12.40,504,105.32,48.3,1,0,0.00,0.00,0.00,12.00,0.00,0.00,0,0,0.00,0
2026-05-01 18:11:05,2942.96,0,0,0,0,0,0,0,0.00,0,0.00,5.13,1.72,0.00,0.00,D,0.00,12.00,1.65,12.00,0.84,^,0.00,,17.60,12.40,504,106.32,46.1,1,0,0.00,0.00,0.00,12.00,0.00,0.00,0,0,0.00,0
2026-05-01 18:11:06,2944.07,0,0,0,0,0,0,0,0.00,0,0.00,5.13,1.72,0.00,0.00,D,0.00,12.00,1.62,12.00,0.84,^,0.00,,16.70,12.40,504,107.44,47.7,1,0,0.00,0.00,0.00,12.00,0.00,0.00,0,0,0.00,0
2026-05-01 18:11:07,2944.98,0,0,0,0,0,0,0,0.00,0,0.00,5.13,1.72,0.00,0.00,D,0.00,12.00,1.61,12.00,0.84,^,0.00,,16.50,12.40,504,108.34,47.7,1,0,0.00,0.00,0.00,12.00,0.00,0.00,0,0,0.00,0
2026-05-01 18:11:08,2945.99,0,0,0,0,0,0,0,0.00,0,0.00,5.13,1.72,0.00,0.00,D,0.00,12.00,1.62,12.00,0.83,^,0.00,,14.40,12.40,504,109.35,47.2,1,0,0.00,0.00,0.00,12.00,0.00,0.00,0,0,0.00,0
2026-05-01 18:11:09,2947.00,0,0,0,0,0,0,0,0.00,0,0.00,5.13,1.72,0.00,0.00,D,0.00,12.00,1.60,12.00,0.84,^,0.00,,14.50,12.40,504,110.36,48.8,1,0,0.00,0.00,0.00,12.00,0.00,0.00,0,0,0.00,0
2026-05-01 18:11:10,2948.01,0,0,0,0,0,0,0,0.00,0,0.00,5.13,1.72,0.00,0.00,D,0.00,12.00,1.61,12.00,0.79,^,0.00,,13.50,12.40,504,111.37,48.3,1,0,0.00,0.00,0.00,12.00,0.00,0.00,0,0,0.00,0
2026-05-01 18:11:11,2949.03,0,0,0,0,0,0,0,0.00,0,0.00,5.13,1.72,0.00,0.00,D,0.00,12.00,1.58,12.00,0.71,^,0.00,,15.50,12.40,504,112.39,48.8,1,0,0.00,0.00,0.00,12.00,0.00,0.00,0,0,0.00,0
2026-05-01 18:11:12,2950.04,0,0,0,0,0,0,0,0.00,0,0.00,5.13,1.72,0.00,0.00,D,0.00,12.00,1.58,12.00,0.72,^,0.00,,13.90,12.40,504,113.40,47.2,1,0,0.00,0.00,0.00,12.00,0.00,0.00,0,0,0.00,0
2026-05-01 18:11:13,2951.06,0,0,0,0,0,0,0,0.00,0,0.00,5.13,1.72,0.00,0.00,D,0.00,12.00,1.70,12.00,0.80,^,0.00,,17.50,12.30,504,114.42,48.3,1,0,0.00,0.00,0.00,12.00,0.00,0.00,0,0,0.00,0
2026-05-01 18:11:14,2952.17,0,0,0,0,0,0,0,0.00,0,0.00,5.13,1.72,0.00,0.00,D,0.00,12.00,1.71,12.00,0.73,^,0.00,,16.70,12.30,504,115.53,48.3,1,0,0.00,0.00,0.00,12.00,0.00,0.00,0,0,0.00,0
2026-05-01 18:11:15,2953.07,0,0,0,0,0,0,0,0.00,0,0.00,5.13,1.72,0.00,0.00,D,0.00,12.00,1.65,12.00,0.71,^,0.00,,17.40,12.30,504,116.44,46.6,1,0,0.00,0.00,0.00,12.00,0.00,0.00,0,0,0.00,0
2026-05-01 18:11:16,2954.09,0,0,0,0,0,0,0,0.00,0,0.00,5.13,1.72,0.00,0.00,D,0.00,12.00,1.68,12.00,0.73,^,0.00,,16.10,12.40,504,117.45,47.7,1,0,0.00,0.00,0.00,12.00,0.00,0.00,0,0,0.00,0
2026-05-01 18:11:17,2955.10,0,0,0,0,0,0,0,0.00,0,0.00,5.13,1.72,0.00,0.00,D,0.00,12.00,1.70,12.00,0.73,^,0.00,,16.70,12.40,504,118.46,46.1,1,0,0.00,0.00,0.00,12.00,0.00,0.00,0,0,0.00,0
2026-05-01 18:11:18,2956.10,0,0,0,0,0,0,0,0.00,0,0.00,5.13,1.71,0.00,0.00,D,0.00,12.00,1.71,12.00,0.73,^,0.00,,17.70,12.40,504,119.46,47.7,1,0,0.00,0.00,0.00,12.00,0.00,0.00,0,0,0.00,0
2026-05-01 18:11:19,2957.11,0,0,0,0,0,0,0,0.00,0,0.00,5.13,1.71,0.00,0.00,D,0.00,12.00,1.62,12.00,0.73,^,0.00,,17.10,12.40,504,120.47,47.2,1,0,0.00,0.00,0.00,12.00,0.00,0.00,0,0,0.00,0
2026-05-01 18:11:20,2958.22,0,0,0,0,0,0,0,0.00,0,0.00,5.13,1.71,0.00,0.00,D,0.00,12.00,1.67,12.00,0.74,^,0.00,,17.10,12.40,504,121.59,46.6,1,0,0.00,0.00,0.00,12.00,0.00,0.00,0,0,0.00,0
2026-05-01 18:11:21,2959.13,0,0,0,0,0,0,0,0.00,0,0.00,5.13,1.71,0.00,0.00,D,0.00,12.00,1.74,12.00,0.71,^,0.00,,18.10,12.30,504,122.49,47.2,1,0,0.00,0.00,0.00,12.00,0.00,0.00,0,0,0.00,0
2026-05-01 18:11:22,2960.14,0,0,0,0,0,0,0,0.00,0,0.00,5.13,1.71,0.00,0.00,D,0.00,12.00,1.76,12.00,0.71,^,0.00,,16.90,12.30,504,123.50,46.1,1,0,0.00,0.00,0.00,12.00,0.00,0.00,0,0,0.00,0
2026-05-01 18:11:23,2961.14,0,0,0,0,0,0,0,0.00,0,0.00,5.13,1.71,0.00,0.00,D,0.00,12.00,1.71,12.00,0.87,^,0.00,,17.10,12.30,504,124.50,47.7,1,0,0.00,0.00,0.00,12.00,0.00,0.00,0,0,0.00,0
2026-05-01 18:11:24,2962.15,0,0,0,0,0,0,0,0.00,0,0.00,5.13,1.71,0.00,0.00,D,0.00,12.00,1.57,12.00,0.93,^,0.00,,17.00,12.30,504,125.52,46.1,1,0,0.00,0.00,0.00,12.00,0.00,0.00,0,0,0.00,0
2026-05-01 18:11:25,2963.16,0,0,0,0,0,0,0,0.00,0,0.00,5.13,1.71,0.00,0.00,D,0.00,12.00,1.75,12.00,0.94,^,0.00,,17.00,12.30,504,126.53,47.7,1,0,0.00,0.00,0.00,12.00,0.00,0.00,0,0,0.00,0
2026-05-01 18:11:26,2964.28,0,0,0,0,0,0,0,0.00,0,0.00,5.13,1.71,0.00,0.00,D,0.00,12.00,1.88,12.00,0.90,^,0.00,,17.70,12.40,504,127.64,47.2,1,0,0.00,0.00,0.00,12.00,0.00,0.00,0,0,0.00,0
2026-05-01 18:11:27,2965.18,0,0,0,0,0,0,0,0.00,0,0.00,5.13,1.71,0.00,0.00,D,0.00,12.00,12.00,12.00,1.16,^,0.00,,19.30,12.40,504,128.54,47.2,1,0,0.00,0.00,0.00,12.00,0.00,0.00,0,0,0.00,0
2026-05-01 18:11:28,2966.29,0,0,0,0,0,0,0,0.00,0,0.00,5.13,1.71,0.00,0.00,D,0.00,12.00,12.00,12.00,1.14,^,0.00,,17.10,12.40,504,129.65,47.7,1,0,0.00,0.00,0.00,12.00,0.00,0.00,0,0,0.00,0
2026-05-01 18:11:29,2967.20,0,0,0,0,0,0,0,0.00,0,0.00,5.13,1.71,0.00,0.00,D,0.00,12.00,12.00,12.00,1.19,^,0.00,,17.10,12.40,504,130.56,47.7,1,0,0.00,0.00,0.00,12.00,0.00,0.00,0,0,0.00,0
2026-05-01 18:11:30,2968.31,0,0,0,0,0,0,0,0.00,0,0.00,5.13,1.71,0.00,0.00,D,0.00,12.00,12.00,12.00,1.19,^,0.00,,17.30,12.40,504,131.68,47.7,1,0,0.00,0.00,0.00,12.00,0.00,0.00,0,0,0.00,0
2026-05-01 18:11:31,2969.21,0,0,0,0,0,0,0,0.00,0,0.00,5.13,1.71,0.00,0.00,D,0.00,12.00,1.68,12.00,1.18,^,0.00,,17.00,12.30,504,132.58,47.2,1,0,0.00,0.00,0.00,12.00,0.00,0.00,0,0,0.00,0
2026-05-01 18:11:32,2970.23,0,0,0,0,0,0,0,0.00,0,0.00,5.13,1.71,0.00,0.00,D,0.00,12.00,1.71,12.00,1.14,^,0.00,,17.90,12.30,504,133.59,46.1,1,0,0.00,0.00,0.00,12.00,0.00,0.00,0,0,0.00,0
2026-05-01 18:11:33,2971.24,0,0,0,0,0,0,0,0.00,0,0.00,5.13,1.71,0.00,0.00,D,0.00,12.00,1.73,12.00,1.08,^,0.00,,16.00,12.30,504,134.60,47.7,1,0,0.00,0.00,0.00,12.00,0.00,0.00,0,0,0.00,0
2026-05-01 18:11:34,2972.35,0,0,0,0,0,0,0,0.00,0,0.00,5.13,1.71,0.00,0.00,D,0.00,12.00,1.69,12.00,0.87,^,0.00,,16.60,12.30,504,135.71,47.2,1,0,0.00,0.00,0.00,12.00,0.00,0.00,0,0,0.00,0
2026-05-01 18:11:35,2973.26,0,0,0,0,0,0,0,0.00,0,0.00,5.13,1.70,0.00,0.00,D,0.00,12.00,1.62,12.00,0.85,^,0.00,,18.80,12.30,504,136.62,47.7,1,0,0.00,0.00,0.00,12.00,0.00,0.00,0,0,0.00,0
2026-05-01 18:11:36,2974.27,0,0,0,0,0,0,0,0.00,0,0.00,5.13,1.70,0.00,0.00,D,0.00,12.00,1.71,12.00,0.84,^,0.00,,16.00,12.30,504,137.63,46.6,1,0,0.00,0.00,0.00,12.00,0.00,0.00,0,0,0.00,0
2026-05-01 18:11:37,2975.28,0,0,0,0,0,0,0,0.00,0,0.00,5.13,1.70,0.00,0.00,D,0.00,12.00,1.31,12.00,0.81,^,0.00,,17.40,12.30,504,138.65,47.2,1,0,0.00,0.00,0.00,12.00,0.00,0.00,0,0,0.00,0
2026-05-01 18:11:38,2976.30,0,0,0,0,0,0,0,0.00,0,0.00,5.13,1.70,0.00,0.00,D,0.00,12.00,1.03,12.00,0.67,^,0.00,,17.20,12.30,504,139.66,48.3,1,0,0.00,0.00,0.00,12.00,0.00,0.00,0,0,0.00,0
2026-05-01 18:11:39,2977.31,0,0,0,0,0,0,0,0.00,0,0.00,5.13,1.70,0.00,0.00,D,0.00,12.00,0.97,12.00,0.23,^,0.00,,17.30,12.30,504,140.67,47.7,1,0,0.00,0.00,0.00,12.00,0.00,0.00,0,0,0.00,0
2026-05-01 18:11:40,2978.42,0,0,0,0,0,0,0,0.00,0,0.00,5.13,1.70,0.00,0.00,D,0.00,0.88,0.97,12.00,0.20,WARN_WARNING,0.00,,16.80,12.30,504,141.78,46.1,1,0,0.00,0.00,0.00,0.88,0.00,0.00,0,0,0.00,0
2026-05-01 18:11:41,2979.32,0,0,0,0,0,0,0,0.00,0,0.00,5.13,1.70,0.00,0.00,D,0.00,12.00,0.98,12.00,0.21,^,0.00,,17.00,12.30,504,142.69,46.1,1,0,0.00,0.00,0.00,12.00,0.00,0.00,0,0,0.00,0
2026-05-01 18:11:42,2980.34,0,0,0,0,0,0,0,0.00,1,0.00,5.13,1.70,0.00,0.00,D,0.00,0.85,0.11,12.00,0.11,WARN_WARNING,0.00,,17.50,12.30,504,143.70,47.2,1,0,0.00,0.00,0.00,0.85,0.00,0.00,0,0,0.00,0
2026-05-01 18:11:43,2981.35,0,0,0,0,0,0,0,0.00,1,0.00,5.13,1.70,0.00,0.00,D,0.00,12.00,0.96,12.00,0.05,^,0.00,,17.20,12.30,504,144.72,47.7,1,0,0.00,0.00,0.00,12.00,0.00,0.00,0,0,0.00,0
2026-05-01 18:11:44,2982.37,0,0,0,0,0,0,0,0.00,1,0.00,5.13,1.70,0.00,0.00,D,0.00,12.00,0.98,12.00,0.09,^,0.00,,17.10,12.30,504,145.73,47.7,1,0,0.00,0.00,0.00,12.00,0.00,0.00,0,0,0.00,0
2026-05-01 18:11:45,2983.38,0,0,0,0,0,0,0,0.00,1,0.00,5.13,1.70,0.00,0.00,D,0.00,0.81,0.97,12.00,0.10,WARN_WARNING,0.00,,16.60,12.30,504,146.74,47.2,1,0,0.00,0.00,0.00,0.81,0.00,0.00,0,0,0.00,0
2026-05-01 18:11:46,2984.49,0,0,0,0,0,0,0,0.00,1,0.00,5.13,1.70,0.00,0.00,D,0.00,0.16,0.17,12.00,0.20,STOP_WARNING,0.00,aeb_stop,16.60,12.30,504,147.85,47.7,1,1,0.00,0.00,0.00,0.16,0.00,0.00,0,0,0.00,0
2026-05-01 18:11:47,2985.39,0,0,0,0,0,0,0,0.00,1,0.00,5.13,1.70,0.00,0.00,D,0.00,0.81,0.97,12.00,0.38,WARN_WARNING,0.00,,17.90,12.40,504,148.76,46.6,1,0,0.00,0.00,0.00,0.81,0.00,0.00,0,0,0.00,0
2026-05-01 18:11:48,2986.41,0,0,0,0,0,0,0,0.00,1,0.00,5.13,1.70,0.00,0.00,D,0.00,0.79,0.97,12.00,0.77,WARN_WARNING,0.00,,17.10,12.30,504,0.74,47.7,1,0,0.00,0.00,0.00,0.79,0.00,0.00,0,0,0.00,0
2026-05-01 18:11:49,2987.42,0,0,0,0,0,0,0,0.00,1,0.00,5.13,1.70,0.00,0.00,D,0.00,0.79,0.98,12.00,0.90,WARN_WARNING,0.00,,17.50,12.40,504,0.30,47.2,1,0,0.00,0.00,0.00,0.79,0.00,0.00,0,0,0.00,0
2026-05-01 18:11:50,2988.43,0,0,0,0,0,0,0,0.00,1,0.00,5.13,1.70,0.00,0.00,D,0.00,12.00,0.98,12.00,1.03,^,0.00,,16.70,12.30,504,1.31,46.6,1,0,0.00,0.00,0.00,12.00,0.00,0.00,0,0,0.00,0
2026-05-01 18:11:51,2989.45,0,0,0,0,0,0,0,0.00,1,0.63,5.13,1.70,0.00,0.00,D,0.00,0.80,0.99,12.00,0.95,WARN_WARNING,0.00,,17.20,12.40,504,2.33,47.7,1,0,0.00,0.00,0.00,0.80,0.00,0.00,0,0,0.00,0
2026-05-01 18:11:52,2990.46,0,0,0,0,0,0,0,0.31,1,0.00,5.13,1.69,0.00,0.00,D,0.00,0.78,0.85,12.00,0.58,WARN_WARNING,0.00,,16.60,12.40,504,3.34,47.7,1,0,0.00,0.00,0.00,0.78,0.00,0.00,0,0,0.00,0
2026-05-01 18:11:53,2991.47,0,0,1,0,0,0,0,0.96,0,1.00,5.13,1.69,0.01,0.32,D,0.00,0.79,0.55,12.00,0.32,WARN_WARNING,0.00,,19.10,12.30,504,0.17,46.6,1,0,0.00,0.00,0.00,0.79,0.00,0.00,0,0,0.00,0
2026-05-01 18:11:54,2992.58,0,0,0,0,0,0,0,0.00,0,0.00,5.13,1.69,0.00,0.00,D,0.00,0.78,0.45,12.00,0.47,WARN_WARNING,0.00,,18.90,12.40,504,1.11,46.6,1,0,0.00,0.00,0.00,0.78,0.00,0.00,0,0,0.00,0
2026-05-01 18:11:55,2993.49,0,0,0,0,0,0,0,0.00,0,0.00,5.13,1.69,0.00,0.00,D,0.00,0.75,0.56,12.00,0.38,WARN_WARNING,0.00,,16.80,12.40,504,2.02,47.2,1,0,0.00,0.00,0.00,0.75,0.00,0.00,0,0,0.00,0
2026-05-01 18:11:56,2994.51,0,0,0,0,0,0,0,0.00,0,0.00,5.13,1.69,0.00,0.00,D,0.00,0.74,0.56,12.00,0.34,WARN_WARNING,0.00,,16.20,12.40,504,3.03,47.7,1,0,0.00,0.00,0.00,0.74,0.00,0.00,0,0,0.00,0
2026-05-01 18:11:57,2995.52,0,0,0,0,0,0,0,0.00,0,0.00,5.13,1.69,0.00,0.00,D,0.00,0.72,0.18,12.00,0.25,WARN_WARNING,0.00,,17.40,12.40,504,4.04,47.7,1,0,0.00,0.00,0.00,0.72,0.00,0.00,0,0,0.00,0
2026-05-01 18:11:58,2996.53,0,0,0,0,0,0,0,0.00,0,0.00,5.13,1.69,0.00,0.00,D,0.00,0.73,0.16,12.00,0.22,WARN_WARNING,0.00,,16.00,12.40,504,5.06,48.3,1,0,0.00,0.00,0.00,0.73,0.00,0.00,0,0,0.00,0
2026-05-01 18:11:59,2997.54,0,0,0,0,0,0,0,0.00,1,0.00,5.13,1.69,0.00,0.00,D,0.00,0.73,0.15,12.00,0.20,WARN_WARNING,0.00,,15.00,12.30,504,6.07,48.8,1,0,0.00,0.00,0.00,0.73,0.00,0.00,0,0,0.00,0
2026-05-01 18:12:00,2998.55,0,0,0,0,0,0,0,0.00,1,0.00,5.13,1.69,0.00,0.00,D,0.00,0.74,0.15,12.00,0.21,WARN_WARNING,0.00,,12.80,12.30,504,0.60,48.8,1,0,0.00,0.00,0.00,0.74,0.00,0.00,0,0,0.00,0
2026-05-01 18:12:01,2999.57,0,0,0,0,0,0,0,0.00,1,0.00,5.13,1.69,0.00,0.00,D,0.00,0.78,0.14,12.00,0.20,WARN_WARNING,0.00,,13.20,12.30,504,1.62,47.7,1,0,0.00,0.00,0.00,0.78,0.00,0.00,0,0,0.00,0
2026-05-01 18:12:02,3000.58,0,0,0,0,0,0,0,0.00,1,0.00,5.13,1.69,0.00,0.00,D,0.00,0.82,0.14,12.00,0.20,WARN_WARNING,0.00,,15.80,12.30,504,0.52,48.8,1,0,0.00,0.00,0.00,0.82,0.00,0.00,0,0,0.00,0
2026-05-01 18:12:03,3001.59,0,0,0,0,0,0,0,0.00,1,0.00,5.13,1.69,0.00,0.00,D,0.00,0.18,0.16,12.00,0.22,STOP_WARNING,0.00,aeb_stop,15.90,12.30,504,1.53,48.3,1,1,0.00,0.00,0.00,0.18,0.00,0.00,0,0,0.00,0
2026-05-01 18:12:04,3002.60,0,0,0,0,0,0,0,0.00,1,0.00,5.13,1.69,0.00,0.00,D,0.00,0.80,0.57,12.00,0.30,WARN_WARNING,0.00,,16.50,12.30,504,2.54,49.4,1,0,0.00,0.00,0.00,0.80,0.00,0.00,0,0,0.00,0
2026-05-01 18:12:05,3003.62,0,0,0,0,0,0,0,0.00,1,0.00,5.13,1.69,0.00,0.00,D,0.00,0.76,0.66,12.00,0.73,WARN_WARNING,0.00,,17.40,12.30,504,3.56,46.6,1,0,0.00,0.00,0.00,0.76,0.00,0.00,0,0,0.00,0
2026-05-01 18:12:07,3004.73,0,0,0,0,0,0,0,0.00,1,0.00,5.13,1.69,0.00,0.00,D,0.00,0.80,0.71,12.00,0.75,WARN_WARNING,0.00,,16.60,12.30,504,4.67,47.7,1,0,0.00,0.00,0.00,0.80,0.00,0.00,0,0,0.00,0
2026-05-01 18:12:07,3005.63,0,0,0,0,0,0,0,0.00,1,0.00,5.13,1.69,0.00,0.00,D,0.00,0.81,0.71,12.00,0.52,WARN_WARNING,0.00,,17.50,12.30,504,0.28,48.3,1,0,0.00,0.00,0.00,0.81,0.00,0.00,0,0,0.00,0
2026-05-01 18:12:08,3006.65,0,0,0,0,0,0,0,0.00,1,0.00,5.13,1.69,0.00,0.00,D,0.00,0.81,0.70,12.00,0.33,WARN_WARNING,0.00,,18.60,12.30,504,1.29,46.1,1,0,0.00,0.00,0.00,0.81,0.00,0.00,0,0,0.00,0
2026-05-01 18:12:09,3007.65,0,0,0,0,0,0,0,0.00,1,0.00,5.13,1.69,0.00,0.00,D,0.00,0.91,0.72,12.00,0.42,WARN_WARNING,0.00,,16.50,12.40,504,2.29,47.7,1,0,0.00,0.00,0.00,0.91,0.00,0.00,0,0,0.00,0
2026-05-01 18:12:11,3008.66,0,0,0,0,0,0,0,0.00,1,0.00,5.13,1.68,0.00,0.00,D,0.00,0.71,0.70,12.00,0.45,WARN_WARNING,0.00,,15.20,12.40,504,0.49,47.7,1,0,0.00,0.00,0.00,0.71,0.00,0.00,0,0,0.00,0
2026-05-01 18:12:12,3009.67,0,0,0,0,0,0,0,0.00,1,0.00,5.13,1.68,0.00,0.00,D,0.00,0.69,0.71,12.00,0.47,WARN_WARNING,0.00,,13.90,12.40,504,1.50,47.7,1,0,0.00,0.00,0.00,0.69,0.00,0.00,0,0,0.00,0
2026-05-01 18:12:13,3010.68,0,0,0,0,0,0,0,0.00,1,0.00,5.13,1.68,0.00,0.00,D,0.00,0.67,0.67,12.00,0.47,WARN_WARNING,0.00,,12.80,12.30,504,2.51,48.3,1,0,0.00,0.00,0.00,0.67,0.00,0.00,0,0,0.00,0
2026-05-01 18:12:14,3011.69,0,0,0,0,0,0,0,0.00,1,0.00,5.13,1.68,0.00,0.00,D,0.00,0.69,0.69,12.00,0.45,WARN_WARNING,0.00,,14.30,12.30,504,0.08,47.2,1,0,0.00,0.00,0.00,0.69,0.00,0.00,0,0,0.00,0
2026-05-01 18:12:15,3012.71,0,0,0,0,0,0,0,0.00,1,0.00,5.13,1.68,0.00,0.00,D,0.00,12.00,0.74,12.00,0.42,^,0.00,,14.30,12.40,504,1.09,49.4,1,0,0.00,0.00,0.00,12.00,0.00,0.00,0,0,0.00,0
2026-05-01 18:12:16,3013.72,0,0,0,0,0,0,0,0.00,1,0.00,5.13,1.68,0.00,0.00,D,0.00,0.88,0.75,12.00,0.60,WARN_WARNING,0.00,,16.00,12.30,504,2.11,48.3,1,0,0.00,0.00,0.00,0.88,0.00,0.00,0,0,0.00,0
2026-05-01 18:12:17,3014.83,0,0,0,0,0,0,0,0.00,1,0.00,5.13,1.68,0.00,0.00,D,0.00,0.89,0.73,12.00,0.62,WARN_WARNING,0.00,,16.80,12.30,504,3.22,46.6,1,0,0.00,0.00,0.00,0.89,0.00,0.00,0,0,0.00,0
2026-05-01 18:12:18,3015.73,0,0,0,0,0,0,0,0.00,1,0.00,5.13,1.68,0.00,0.00,D,0.00,0.69,0.69,12.00,0.59,WARN_WARNING,0.00,,16.50,12.40,504,0.20,48.3,1,0,0.00,0.00,0.00,0.69,0.00,0.00,0,0,0.00,0
2026-05-01 18:12:19,3016.74,0,0,0,0,0,0,0,0.00,1,0.00,5.13,1.68,0.00,0.00,D,0.00,0.71,0.71,12.00,0.52,WARN_WARNING,0.00,,16.20,12.40,504,1.20,47.2,1,0,0.00,0.00,0.00,0.71,0.00,0.00,0,0,0.00,0
2026-05-01 18:12:20,3017.75,0,0,0,0,0,0,0,0.00,1,0.00,5.13,1.68,0.00,0.00,D,0.00,0.70,0.69,12.00,0.50,WARN_WARNING,0.00,,13.00,12.30,504,2.21,48.8,1,0,0.00,0.00,0.00,0.70,0.00,0.00,0,0,0.00,0
2026-05-01 18:12:21,3018.76,0,0,0,0,0,0,0,0.00,1,0.00,5.13,1.68,0.00,0.00,D,0.00,0.71,0.67,12.00,0.56,WARN_WARNING,0.00,,14.80,12.30,504,0.17,48.8,1,0,0.00,0.00,0.00,0.71,0.00,0.00,0,0,0.00,0
2026-05-01 18:12:22,3019.77,0,0,0,0,0,0,0,0.00,1,0.00,5.13,1.68,0.00,0.00,D,0.00,12.00,0.79,12.00,0.55,^,0.00,,14.70,12.30,504,1.18,48.8,1,0,0.00,0.00,0.00,12.00,0.00,0.00,0,0,0.00,0
2026-05-01 18:12:23,3020.78,0,0,0,0,0,0,0,0.00,1,0.00,5.13,1.68,0.00,0.00,D,0.00,12.00,0.81,12.00,0.54,^,0.00,,14.50,12.30,504,2.19,47.7,1,0,0.00,0.00,0.00,12.00,0.00,0.00,0,0,0.00,0
2026-05-01 18:12:24,3021.80,0,0,0,0,0,0,0,0.00,1,0.00,5.13,1.68,0.00,0.00,D,0.00,12.00,0.79,12.00,0.57,^,0.00,,14.20,12.40,504,0.66,48.8,1,0,0.00,0.00,0.00,12.00,0.00,0.00,0,0,0.00,0
2026-05-01 18:12:25,3022.80,0,0,0,0,0,0,0,0.00,1,0.00,5.13,1.68,0.00,0.00,D,0.00,12.00,0.80,12.00,0.57,^,0.00,,14.60,12.40,504,0.91,47.2,1,0,0.00,0.00,0.00,12.00,0.00,0.00,0,0,0.00,0
2026-05-01 18:12:26,3023.82,0,0,0,0,0,0,0,0.00,1,0.00,5.13,1.68,0.00,0.00,D,0.00,0.77,0.83,12.00,0.48,WARN_WARNING,0.00,,16.10,12.40,504,1.93,47.2,1,0,0.00,0.00,0.00,0.77,0.00,0.00,0,0,0.00,0
2026-05-01 18:12:27,3024.83,0,0,0,0,0,0,0,0.00,1,0.00,5.13,1.68,0.00,0.00,D,0.00,0.57,0.77,12.00,0.56,STOP_WARNING,0.00,aeb_stop,16.20,12.40,504,2.94,46.6,1,1,0.00,0.00,0.00,0.57,0.00,0.00,0,0,0.00,0
2026-05-01 18:12:28,3025.84,0,0,0,0,0,0,0,0.00,1,0.00,5.13,1.68,0.00,0.00,D,0.00,0.77,0.69,12.00,0.56,WARN_WARNING,0.00,,16.40,12.40,504,3.95,48.3,1,0,0.00,0.00,0.00,0.77,0.00,0.00,0,0,0.00,0
2026-05-01 18:12:29,3026.84,0,0,0,0,0,0,0,0.00,1,0.00,5.13,1.67,0.00,0.00,D,0.00,0.74,0.67,12.00,0.55,WARN_WARNING,0.00,,16.90,12.40,504,0.66,47.7,1,0,0.00,0.00,0.00,0.74,0.00,0.00,0,0,0.00,0
2026-05-01 18:12:30,3027.86,0,0,0,0,0,0,0,0.00,1,0.00,5.13,1.67,0.00,0.00,D,0.00,0.73,0.65,12.00,0.55,WARN_WARNING,0.00,,16.30,12.40,504,0.90,48.8,1,0,0.00,0.00,0.00,0.73,0.00,0.00,0,0,0.00,0
2026-05-01 18:12:31,3028.87,0,0,0,0,0,0,0,0.00,1,0.00,5.13,1.67,0.00,0.00,D,0.00,0.64,0.62,12.00,0.55,WARN_WARNING,0.00,,16.70,12.40,504,0.55,46.6,1,0,0.00,0.00,0.00,0.64,0.00,0.00,0,0,0.00,0
2026-05-01 18:12:32,3029.88,0,0,0,0,0,0,0,0.00,1,0.00,5.13,1.67,0.00,0.00,D,0.00,0.56,0.69,12.00,0.55,STOP_WARNING,0.00,aeb_stop,18.20,12.40,504,1.56,47.7,1,1,0.00,0.00,0.00,0.56,0.00,0.00,0,0,0.00,0
2026-05-01 18:12:33,3030.89,0,0,0,0,0,0,0,0.00,1,0.00,5.13,1.67,0.00,0.00,D,0.00,0.78,0.63,12.00,0.49,WARN_WARNING,0.00,,17.00,12.40,504,2.57,47.2,1,0,0.00,0.00,0.00,0.78,0.00,0.00,0,0,0.00,0
2026-05-01 18:12:34,3031.90,0,0,0,0,0,0,0,0.00,1,0.00,5.13,1.67,0.00,0.00,D,0.00,0.75,0.67,12.00,0.44,WARN_WARNING,0.00,,16.30,12.40,504,3.58,48.3,1,0,0.00,0.00,0.00,0.75,0.00,0.00,0,0,0.00,0
2026-05-01 18:12:35,3032.92,0,0,0,0,0,0,0,0.00,1,0.00,5.13,1.67,0.00,0.00,D,0.00,0.77,0.77,12.00,0.52,WARN_WARNING,0.00,,17.80,12.30,504,0.02,47.7,1,0,0.00,0.00,0.00,0.77,0.00,0.00,0,0,0.00,0
2026-05-01 18:12:36,3033.93,0,0,0,0,0,0,0,0.00,1,0.00,5.13,1.67,0.00,0.00,D,0.00,0.84,0.74,12.00,0.61,WARN_WARNING,0.00,,16.50,12.40,504,0.15,46.6,1,0,0.00,0.00,0.00,0.84,0.00,0.00,0,0,0.00,0
2026-05-01 18:12:37,3035.04,0,0,0,0,0,0,0,0.00,1,0.00,5.13,1.67,0.00,0.00,D,0.00,0.81,0.80,12.00,0.62,WARN_WARNING,0.00,,15.80,12.40,504,1.26,47.7,1,0,0.00,0.00,0.00,0.81,0.00,0.00,0,0,0.00,0
2026-05-01 18:12:38,3035.95,0,0,0,0,0,0,0,0.00,1,0.00,5.13,1.67,0.00,0.00,D,0.00,0.57,0.79,12.00,0.63,STOP_WARNING,0.00,aeb_stop,17.20,12.40,504,0.26,46.6,1,1,0.00,0.00,0.00,0.57,0.00,0.00,0,0,0.00,0
2026-05-01 18:12:39,3037.06,0,0,0,0,0,0,0,0.00,1,0.00,5.13,1.67,0.00,0.00,D,0.00,0.77,0.80,12.00,0.63,WARN_WARNING,0.00,,15.60,12.40,504,1.02,47.2,1,0,0.00,0.00,0.00,0.77,0.00,0.00,0,0,0.00,0
2026-05-01 18:12:40,3037.96,0,0,0,0,0,0,0,0.00,1,0.00,5.13,1.67,0.00,0.00,D,0.00,0.79,0.73,12.00,0.63,WARN_WARNING,0.00,,14.60,12.40,504,1.92,46.1,1,0,0.00,0.00,0.00,0.79,0.00,0.00,0,0,0.00,0
2026-05-01 18:12:41,3038.97,0,0,0,0,0,0,0,0.00,1,0.00,5.13,1.67,0.00,0.00,D,0.00,0.56,0.76,12.00,0.60,STOP_WARNING,0.00,aeb_stop,16.30,12.30,504,2.93,47.7,1,1,0.00,0.00,0.00,0.56,0.00,0.00,0,0,0.00,0
2026-05-01 18:12:42,3039.99,0,0,0,0,0,0,0,0.00,1,0.00,5.13,1.67,0.00,0.00,D,0.00,0.59,0.76,12.00,0.60,STOP_WARNING,0.00,aeb_stop,15.90,12.30,504,3.95,47.7,1,1,0.00,0.00,0.00,0.59,0.00,0.00,0,0,0.00,0
2026-05-01 18:12:43,3041.10,0,0,0,0,0,0,0,0.00,1,0.00,5.13,1.67,0.00,0.00,D,0.00,0.62,0.64,12.00,0.48,WARN_WARNING,0.00,,16.40,12.30,504,0.12,47.7,1,0,0.00,0.00,0.00,0.62,0.00,0.00,0,0,0.00,0
2026-05-01 18:12:44,3042.00,0,0,0,0,0,0,0,0.00,1,0.00,5.13,1.67,0.00,0.00,D,0.00,0.75,0.66,12.00,0.49,WARN_WARNING,0.00,,17.40,12.30,504,0.68,46.1,1,0,0.00,0.00,0.00,0.75,0.00,0.00,0,0,0.00,0
2026-05-01 18:12:45,3043.02,0,0,0,0,0,0,0,0.00,1,0.00,5.13,1.67,0.00,0.00,D,0.00,0.78,0.61,12.00,0.52,WARN_WARNING,0.00,,17.70,12.30,504,1.69,46.1,1,0,0.00,0.00,0.00,0.78,0.00,0.00,0,0,0.00,0
2026-05-01 18:12:46,3044.03,0,0,0,0,0,0,0,0.00,1,0.00,5.13,1.67,0.00,0.00,D,0.00,0.63,0.62,12.00,0.51,WARN_WARNING,0.00,,15.70,12.30,504,2.70,47.7,1,0,0.00,0.00,0.00,0.63,0.00,0.00,0,0,0.00,0
2026-05-01 18:12:47,3045.14,0,0,0,0,0,0,0,0.00,1,0.00,5.13,1.66,0.00,0.00,D,0.00,0.78,0.71,12.00,0.51,WARN_WARNING,0.00,,16.40,12.30,504,3.82,46.6,1,0,0.00,0.00,0.00,0.78,0.00,0.00,0,0,0.00,0
2026-05-01 18:12:48,3046.05,0,0,0,0,0,0,0,0.00,1,0.00,5.13,1.66,0.00,0.00,D,0.00,1.01,0.74,12.00,0.48,WARN_WARNING,0.00,,15.60,12.30,504,4.73,48.3,1,0,0.00,0.00,0.00,1.01,0.00,0.00,0,0,0.00,0
2026-05-01 18:12:49,3047.07,0,0,0,0,0,0,0,0.00,1,0.00,5.13,1.66,0.00,0.00,D,0.00,0.95,0.81,12.00,0.48,WARN_WARNING,0.00,,16.70,12.30,504,5.74,47.2,1,0,0.00,0.00,0.00,0.95,0.00,0.00,0,0,0.00,0
2026-05-01 18:12:50,3048.08,0,0,0,0,0,0,0,0.00,1,0.00,5.13,1.66,0.00,0.00,D,0.00,0.68,0.74,12.00,0.45,WARN_WARNING,0.00,,16.10,12.30,504,6.75,48.3,1,0,0.00,0.00,0.00,0.68,0.00,0.00,0,0,0.00,0
2026-05-01 18:12:51,3049.08,0,0,0,0,0,0,0,0.00,1,0.00,5.13,1.66,0.00,0.00,D,0.00,0.64,0.70,12.00,0.47,WARN_WARNING,0.00,,17.40,12.30,504,7.75,46.1,1,0,0.00,0.00,0.00,0.64,0.00,0.00,0,0,0.00,0
2026-05-01 18:12:52,3050.09,0,0,0,0,0,0,0,0.00,1,0.00,5.13,1.66,0.00,0.00,D,0.00,0.64,0.71,12.00,0.49,WARN_WARNING,0.00,,16.00,12.30,504,8.76,47.7,1,0,0.00,0.00,0.00,0.64,0.00,0.00,0,0,0.00,0
2026-05-01 18:12:53,3051.20,0,0,0,0,0,0,0,0.00,1,0.00,5.13,1.66,0.00,0.00,D,0.00,0.64,0.68,12.00,0.50,WARN_WARNING,0.00,,15.80,12.30,504,9.88,48.3,1,0,0.00,0.00,0.00,0.64,0.00,0.00,0,0,0.00,0
2026-05-01 18:12:54,3052.11,0,0,0,0,0,0,0,0.00,1,0.00,5.13,1.66,0.00,0.00,D,0.00,0.66,0.73,12.00,0.48,WARN_WARNING,0.00,,16.10,12.30,504,0.10,46.6,1,0,0.00,0.00,0.00,0.66,0.00,0.00,0,0,0.00,0
2026-05-01 18:12:55,3053.11,0,0,0,0,0,0,0,0.00,1,0.00,5.13,1.66,0.00,0.00,D,0.00,0.66,0.74,12.00,0.49,WARN_WARNING,0.00,,17.70,12.30,504,0.79,46.1,1,0,0.00,0.00,0.00,0.66,0.00,0.00,0,0,0.00,0
2026-05-01 18:12:56,3054.12,0,0,0,0,0,0,0,0.00,1,0.00,5.13,1.66,0.00,0.00,D,0.00,0.92,0.74,12.00,0.51,WARN_WARNING,0.00,,16.70,12.30,504,0.56,48.3,1,0,0.00,0.00,0.00,0.92,0.00,0.00,0,0,0.00,0
2026-05-01 18:12:57,3055.13,0,0,0,0,0,0,0,0.00,1,0.00,5.13,1.66,0.00,0.00,D,0.00,0.91,0.73,12.00,0.49,WARN_WARNING,0.00,,13.50,12.30,504,1.57,47.7,1,0,0.00,0.00,0.00,0.91,0.00,0.00,0,0,0.00,0
2026-05-01 18:12:58,3056.14,0,0,0,0,0,0,0,0.00,1,0.00,5.13,1.66,0.00,0.00,D,0.00,0.93,0.68,12.00,0.49,WARN_WARNING,0.00,,15.30,12.30,504,0.04,46.6,1,0,0.00,0.00,0.00,0.93,0.00,0.00,0,0,0.00,0
2026-05-01 18:12:59,3057.15,0,0,0,0,0,0,0,0.00,1,0.00,5.13,1.66,0.00,0.00,D,0.00,0.68,0.74,12.00,0.49,WARN_WARNING,0.00,,16.00,12.30,504,0.19,46.6,1,0,0.00,0.00,0.00,0.68,0.00,0.00,0,0,0.00,0
2026-05-01 18:13:00,3058.16,0,0,0,0,0,0,0,0.00,1,0.00,5.13,1.66,0.00,0.00,D,0.00,0.63,0.67,12.00,0.49,WARN_WARNING,0.00,,18.30,12.30,504,0.34,47.2,1,0,0.00,0.00,0.00,0.63,0.00,0.00,0,0,0.00,0
2026-05-01 18:13:01,3059.18,0,0,0,0,0,0,0,0.00,1,0.00,5.13,1.66,0.00,0.00,D,0.00,0.66,0.65,12.00,0.60,WARN_WARNING,0.00,,16.70,12.30,504,1.35,47.7,1,0,0.00,0.00,0.00,0.66,0.00,0.00,0,0,0.00,0
2026-05-01 18:13:02,3060.19,0,0,0,0,0,0,0,0.00,1,0.00,5.13,1.66,0.00,0.00,D,0.00,0.69,0.64,12.00,0.71,WARN_WARNING,0.00,,16.50,12.30,504,2.36,47.7,1,0,0.00,0.00,0.00,0.69,0.00,0.00,0,0,0.00,0
2026-05-01 18:13:03,3061.20,0,0,0,0,0,0,0,0.00,1,0.00,5.13,1.66,0.00,0.00,D,0.00,0.70,0.73,12.00,0.77,WARN_WARNING,0.00,,16.40,12.30,504,3.37,47.7,1,0,0.00,0.00,0.00,0.70,0.00,0.00,0,0,0.00,0
2026-05-01 18:13:04,3062.20,0,0,0,0,0,0,0,0.00,1,0.00,5.13,1.66,0.00,0.00,D,0.00,0.74,0.74,12.00,0.76,WARN_WARNING,0.00,,16.00,12.30,504,0.57,47.2,1,0,0.00,0.00,0.00,0.74,0.00,0.00,0,0,0.00,0
2026-05-01 18:13:05,3063.21,0,0,0,0,0,0,0,0.00,1,0.00,5.13,1.65,0.00,0.00,D,0.00,0.73,0.73,12.00,0.77,WARN_WARNING,0.00,,17.20,12.30,504,0.19,45.5,1,0,0.00,0.00,0.00,0.73,0.00,0.00,0,0,0.00,0
2026-05-01 18:13:06,3064.22,0,0,0,0,0,0,0,0.00,1,0.00,5.13,1.65,0.00,0.00,D,0.00,0.93,0.79,12.00,0.79,WARN_WARNING,0.00,,15.50,12.40,504,1.20,48.3,1,0,0.00,0.00,0.00,0.93,0.00,0.00,0,0,0.00,0
2026-05-01 18:13:07,3065.23,0,0,0,0,0,0,0,0.00,1,0.00,5.13,1.65,0.00,0.00,D,0.00,0.81,0.82,12.00,0.79,WARN_WARNING,0.00,,13.70,12.40,504,2.21,47.2,1,0,0.00,0.00,0.00,0.81,0.00,0.00,0,0,0.00,0
2026-05-01 18:13:08,3066.25,0,0,0,0,0,0,0,0.00,1,0.00,5.13,1.65,0.00,0.00,D,0.00,0.87,0.88,12.00,0.75,WARN_WARNING,0.00,,14.30,12.30,504,3.22,48.8,1,0,0.00,0.00,0.00,0.87,0.00,0.00,0,0,0.00,0
2026-05-01 18:13:09,3067.26,0,0,0,0,0,0,0,0.00,1,0.00,5.13,1.65,0.00,0.00,D,0.00,0.94,0.86,12.00,0.75,WARN_WARNING,0.00,,13.90,12.30,504,0.27,48.8,1,0,0.00,0.00,0.00,0.94,0.00,0.00,0,0,0.00,0
2026-05-01 18:13:10,3068.27,0,0,0,0,0,0,0,0.00,1,0.00,5.13,1.65,0.00,0.00,D,0.00,0.85,0.87,12.00,0.73,WARN_WARNING,0.00,,13.60,12.30,504,1.29,47.7,1,0,0.00,0.00,0.00,0.85,0.00,0.00,0,0,0.00,0
2026-05-01 18:13:11,3069.28,0,0,0,0,0,0,0,0.00,1,0.00,5.13,1.65,0.00,0.00,D,0.00,1.00,0.89,12.00,0.75,WARN_WARNING,0.00,,15.20,12.30,504,0.45,46.6,1,0,0.00,0.00,0.00,1.00,0.00,0.00,0,0,0.00,0
2026-05-01 18:13:12,3070.30,0,0,0,0,0,0,0,0.00,1,0.00,5.13,1.65,0.00,0.00,D,0.00,1.00,0.88,12.00,0.71,WARN_WARNING,0.00,,15.30,12.30,504,1.46,47.7,1,0,0.00,0.00,0.00,1.00,0.00,0.00,0,0,0.00,0
2026-05-01 18:13:13,3071.31,0,0,0,0,0,0,0,0.00,1,0.00,5.13,1.65,0.00,0.00,D,0.00,0.88,0.85,12.00,0.67,WARN_WARNING,0.00,,16.10,12.30,504,2.47,48.3,1,0,0.00,0.00,0.00,0.88,0.00,0.00,0,0,0.00,0
2026-05-01 18:13:14,3072.32,0,0,0,0,0,0,0,0.00,1,0.00,5.13,1.65,0.00,0.00,D,0.00,0.65,0.84,12.00,0.62,WARN_WARNING,0.00,,16.90,12.30,504,0.76,48.3,1,0,0.00,0.00,0.00,0.65,0.00,0.00,0,0,0.00,0
2026-05-01 18:13:15,3073.33,0,0,0,0,0,0,0,0.00,1,0.00,5.13,1.65,0.00,0.00,D,0.00,0.68,1.02,12.00,0.66,WARN_WARNING,0.00,,16.00,12.30,504,0.64,48.3,1,0,0.00,0.00,0.00,0.68,0.00,0.00,0,0,0.00,0
2026-05-01 18:13:16,3074.35,0,0,0,0,0,0,0,0.00,1,0.00,5.13,1.65,0.00,0.00,D,0.00,0.61,0.92,12.00,0.65,WARN_WARNING,0.00,,15.80,12.30,504,0.92,48.3,1,0,0.00,0.00,0.00,0.61,0.00,0.00,0,0,0.00,0
2026-05-01 18:13:17,3075.36,0,0,0,0,0,0,0,0.00,1,0.00,5.13,1.65,0.00,0.00,D,0.00,0.63,0.94,12.00,0.66,WARN_WARNING,0.00,,14.80,12.30,504,1.93,48.3,1,0,0.00,0.00,0.00,0.63,0.00,0.00,0,0,0.00,0
2026-05-01 18:13:18,3076.37,0,0,0,0,0,0,0,0.00,1,0.00,5.13,1.65,0.00,0.00,D,0.00,0.61,0.97,12.00,0.67,WARN_WARNING,0.00,,15.30,12.30,504,2.94,47.7,1,0,0.00,0.00,0.00,0.61,0.00,0.00,0,0,0.00,0
2026-05-01 18:13:19,3077.38,0,0,0,0,0,0,0,0.00,1,0.00,5.13,1.65,0.00,0.00,D,0.00,0.67,0.68,12.00,0.66,WARN_WARNING,0.00,,15.40,12.30,504,3.95,48.3,1,0,0.00,0.00,0.00,0.67,0.00,0.00,0,0,0.00,0
2026-05-01 18:13:20,3078.40,0,0,0,0,0,0,0,0.00,1,0.00,5.13,1.65,0.00,0.00,D,0.00,0.67,0.72,12.00,0.66,WARN_WARNING,0.00,,15.50,12.30,504,0.76,48.3,1,0,0.00,0.00,0.00,0.67,0.00,0.00,0,0,0.00,0
2026-05-01 18:13:21,3079.40,0,0,0,0,0,0,0,0.00,1,0.00,5.13,1.65,0.00,0.00,D,0.00,0.68,0.96,12.00,0.65,WARN_WARNING,0.00,,15.40,12.30,504,1.76,47.7,1,0,0.00,0.00,0.00,0.68,0.00,0.00,0,0,0.00,0
2026-05-01 18:13:22,3080.41,0,0,0,0,0,0,0,0.00,1,0.00,5.13,1.65,0.00,0.00,D,0.00,0.69,0.97,12.00,0.65,WARN_WARNING,0.00,,16.30,12.30,504,0.10,47.7,1,0,0.00,0.00,0.00,0.69,0.00,0.00,0,0,0.00,0
2026-05-01 18:13:23,3081.42,0,0,0,0,0,0,0,0.00,1,0.00,5.13,1.64,0.00,0.00,D,0.00,0.68,0.70,12.00,0.60,WARN_WARNING,0.00,,15.40,12.30,504,0.42,46.6,1,0,0.00,0.00,0.00,0.68,0.00,0.00,0,0,0.00,0
2026-05-01 18:13:24,3082.44,0,0,0,0,0,0,0,0.00,1,0.00,5.13,1.64,0.00,0.00,D,0.00,0.68,0.71,12.00,0.54,WARN_WARNING,0.00,,15.00,12.30,504,1.43,47.7,1,0,0.00,0.00,0.00,0.68,0.00,0.00,0,0,0.00,0
2026-05-01 18:13:25,3083.55,0,0,0,0,0,0,0,0.00,1,0.00,5.13,1.64,0.00,0.00,D,0.00,0.64,0.63,12.00,0.53,WARN_WARNING,0.00,,15.80,12.30,504,2.54,47.7,1,0,0.00,0.00,0.00,0.64,0.00,0.00,0,0,0.00,0
2026-05-01 18:13:26,3084.46,0,0,0,0,0,0,0,0.00,1,0.00,5.13,1.64,0.00,0.00,D,0.00,0.93,0.61,12.00,0.56,WARN_WARNING,0.00,,16.50,12.30,504,3.45,46.1,1,0,0.00,0.00,0.00,0.93,0.00,0.00,0,0,0.00,0
2026-05-01 18:13:27,3085.57,0,0,0,0,0,0,0,0.00,1,0.00,5.13,1.64,0.00,0.00,D,0.00,0.90,0.59,12.00,0.56,WARN_WARNING,0.00,,16.30,12.30,504,0.44,48.3,1,0,0.00,0.00,0.00,0.90,0.00,0.00,0,0,0.00,0
2026-05-01 18:13:28,3086.47,0,0,0,0,0,0,0,0.00,1,0.00,5.13,1.64,0.00,0.00,D,0.00,1.13,0.61,12.00,0.52,WARN_WARNING,0.00,,16.30,12.30,504,1.34,47.2,1,0,0.00,0.00,0.00,1.13,0.00,0.00,0,0,0.00,0
2026-05-01 18:13:29,3087.59,0,0,0,0,0,0,0,0.00,1,0.00,5.13,1.64,0.00,0.00,D,0.00,0.93,0.63,12.00,0.49,WARN_WARNING,0.00,,16.00,12.30,504,0.66,46.1,1,0,0.00,0.00,0.00,0.93,0.00,0.00,0,0,0.00,0
2026-05-01 18:13:30,3088.49,0,0,0,0,0,0,0,0.00,1,0.00,5.13,1.64,0.00,0.00,D,0.00,0.96,0.60,12.00,0.52,WARN_WARNING,0.00,,16.10,12.30,504,0.70,46.6,1,0,0.00,0.00,0.00,0.96,0.00,0.00,0,0,0.00,0
2026-05-01 18:13:31,3089.51,0,0,0,0,0,0,0,0.00,1,0.00,5.13,1.64,0.00,0.00,D,0.00,0.67,0.64,12.00,0.53,WARN_WARNING,0.00,,17.00,12.30,504,0.25,47.7,1,0,0.00,0.00,0.00,0.67,0.00,0.00,0,0,0.00,0
2026-05-01 18:13:32,3090.52,0,0,0,0,0,0,0,0.00,1,0.00,5.13,1.64,0.00,0.00,D,0.00,0.67,0.64,12.00,0.54,WARN_WARNING,0.00,,17.00,12.30,504,1.26,46.6,1,0,0.00,0.00,0.00,0.67,0.00,0.00,0,0,0.00,0
2026-05-01 18:13:33,3091.53,0,0,0,0,0,0,0,0.00,1,0.00,5.13,1.64,0.00,0.00,D,0.00,0.63,0.63,12.00,0.54,WARN_WARNING,0.00,,15.70,12.30,504,0.13,46.6,1,0,0.00,0.00,0.00,0.63,0.00,0.00,0,0,0.00,0
2026-05-01 18:13:34,3092.54,0,0,0,0,0,0,0,0.00,1,0.00,5.13,1.64,0.00,0.00,D,0.00,0.67,0.95,12.00,0.55,WARN_WARNING,0.00,,16.40,12.30,504,0.18,48.3,1,0,0.00,0.00,0.00,0.67,0.00,0.00,0,0,0.00,0
2026-05-01 18:13:35,3093.55,0,0,0,0,0,0,0,0.00,1,0.00,5.13,1.64,0.00,0.00,D,0.00,0.70,0.90,12.00,0.55,WARN_WARNING,0.00,,15.10,12.30,504,1.19,46.6,1,0,0.00,0.00,0.00,0.70,0.00,0.00,0,0,0.00,0
2026-05-01 18:13:36,3094.57,0,0,0,0,0,0,0,0.00,1,0.00,5.13,1.64,0.00,0.00,D,0.00,0.70,0.92,12.00,0.55,WARN_WARNING,0.00,,14.60,12.30,504,2.21,45.5,1,0,0.00,0.00,0.00,0.70,0.00,0.00,0,0,0.00,0
2026-05-01 18:13:37,3095.58,0,0,0,0,0,0,0,0.00,1,0.00,5.13,1.64,0.00,0.00,D,0.00,0.70,0.90,12.00,0.58,WARN_WARNING,0.00,,15.50,12.30,504,3.22,46.6,1,0,0.00,0.00,0.00,0.70,0.00,0.00,0,0,0.00,0
2026-05-01 18:13:38,3096.59,0,0,0,0,0,0,0,0.00,1,0.00,5.13,1.64,0.00,0.00,D,0.00,0.69,0.70,12.00,0.57,WARN_WARNING,0.00,,16.10,12.30,504,4.23,47.2,1,0,0.00,0.00,0.00,0.69,0.00,0.00,0,0,0.00,0
2026-05-01 18:13:39,3097.60,0,0,0,0,0,0,0,0.00,1,0.00,5.13,1.64,0.00,0.00,D,0.00,0.64,0.64,12.00,0.58,WARN_WARNING,0.00,,15.90,12.30,504,5.24,46.6,1,0,0.00,0.00,0.00,0.64,0.00,0.00,0,0,0.00,0
2026-05-01 18:13:40,3098.61,0,0,0,0,0,0,0,0.00,1,0.00,5.13,1.64,0.00,0.00,D,0.00,0.64,0.64,12.00,0.58,WARN_WARNING,0.00,,14.80,12.30,504,0.77,47.7,1,0,0.00,0.00,0.00,0.64,0.00,0.00,0,0,0.00,0
2026-05-01 18:13:41,3099.63,0,0,0,0,0,0,0,0.00,1,0.00,5.13,1.64,0.00,0.00,D,0.00,0.65,0.65,12.00,0.56,WARN_WARNING,0.00,,16.30,12.30,504,0.49,46.6,1,0,0.00,0.00,0.00,0.65,0.00,0.00,0,0,0.00,0
2026-05-01 18:13:42,3100.64,0,0,0,0,0,0,0,0.00,1,0.00,5.13,1.63,0.00,0.00,D,0.00,0.66,0.67,12.00,0.50,WARN_WARNING,0.00,,15.50,12.30,504,1.50,47.7,1,0,0.00,0.00,0.00,0.66,0.00,0.00,0,0,0.00,0
2026-05-01 18:13:43,3101.65,0,0,0,0,0,0,0,0.00,1,0.00,5.13,1.63,0.00,0.00,D,0.00,0.63,0.89,12.00,0.54,WARN_WARNING,0.00,,17.00,12.30,504,2.51,47.7,1,0,0.00,0.00,0.00,0.63,0.00,0.00,0,0,0.00,0
2026-05-01 18:13:45,3102.66,0,0,0,0,0,0,0,0.00,1,0.00,5.13,1.63,0.00,0.00,D,0.00,0.62,0.87,12.00,0.54,WARN_WARNING,0.00,,16.60,12.30,504,0.04,47.7,1,0,0.00,0.00,0.00,0.62,0.00,0.00,0,0,0.00,0
2026-05-01 18:13:46,3103.68,0,0,0,0,0,0,0,0.00,1,0.00,5.13,1.63,0.00,0.00,D,0.00,0.63,0.65,12.00,0.55,WARN_WARNING,0.00,,14.80,12.30,504,0.98,46.6,1,0,0.00,0.00,0.00,0.63,0.00,0.00,0,0,0.00,0
2026-05-01 18:13:47,3104.69,0,0,0,0,0,0,0,0.00,1,0.00,5.13,1.63,0.00,0.00,D,0.00,0.63,0.63,12.00,0.55,WARN_WARNING,0.00,,17.60,12.30,504,0.13,47.7,1,0,0.00,0.00,0.00,0.63,0.00,0.00,0,0,0.00,0
2026-05-01 18:13:48,3105.80,0,0,0,0,0,0,0,0.00,1,0.00,5.13,1.63,0.00,0.00,D,0.00,0.64,0.64,12.00,0.51,WARN_WARNING,0.00,,17.00,12.30,504,1.24,46.1,1,0,0.00,0.00,0.00,0.64,0.00,0.00,0,0,0.00,0
2026-05-01 18:13:49,3106.71,0,0,0,0,0,0,0,0.00,1,0.00,5.13,1.63,0.00,0.00,D,0.00,0.65,0.65,12.00,0.38,WARN_WARNING,0.00,,16.30,12.30,504,0.69,46.6,1,0,0.00,0.00,0.00,0.65,0.00,0.00,0,0,0.00,0
2026-05-01 18:13:50,3107.82,0,0,0,0,0,0,0,0.00,1,0.00,5.13,1.63,0.00,0.00,D,0.00,0.61,0.61,12.00,0.36,WARN_WARNING,0.00,,15.60,12.30,504,1.81,47.7,1,0,0.00,0.00,0.00,0.61,0.00,0.00,0,0,0.00,0
2026-05-01 18:13:51,3108.72,0,0,0,0,0,0,0,0.00,1,0.00,5.13,1.63,0.00,0.00,D,0.00,0.62,0.62,12.00,0.43,WARN_WARNING,0.00,,15.40,12.30,504,2.71,48.3,1,0,0.00,0.00,0.00,0.62,0.00,0.00,0,0,0.00,0
2026-05-01 18:13:52,3109.83,0,0,0,0,0,0,0,0.00,1,0.00,5.13,1.63,0.00,0.00,D,0.00,0.61,0.61,12.00,0.68,WARN_WARNING,0.00,,15.20,12.30,504,0.05,47.7,1,0,0.00,0.00,0.00,0.61,0.00,0.00,0,0,0.00,0
2026-05-01 18:13:53,3110.74,0,0,0,0,0,0,0,0.00,1,0.00,5.13,1.63,0.00,0.00,D,0.00,0.48,0.36,12.00,0.73,STOP_WARNING,0.00,aeb_stop,16.10,12.30,504,0.96,47.7,1,1,0.00,0.00,0.00,0.48,0.00,0.00,0,0,0.00,0
2026-05-01 18:13:54,3111.74,0,0,0,0,0,0,0,0.00,1,0.00,5.13,1.63,0.00,0.00,D,0.00,0.50,0.39,12.00,0.72,STOP_WARNING,0.00,aeb_stop,16.00,12.30,504,0.95,46.6,1,1,0.00,0.00,0.00,0.50,0.00,0.00,0,0,0.00,0
2026-05-01 18:13:55,3112.76,0,0,0,0,0,0,0,0.00,1,0.00,5.13,1.63,0.00,0.00,D,0.00,0.49,0.43,12.00,0.69,STOP_WARNING,0.00,aeb_stop,14.80,12.30,504,1.96,46.6,1,1,0.00,0.00,0.00,0.49,0.00,0.00,0,0,0.00,0
2026-05-01 18:13:56,3113.87,0,0,0,0,0,0,0,0.00,1,0.00,5.13,1.63,0.00,0.00,D,0.00,0.46,0.38,12.00,0.68,STOP_WARNING,0.00,aeb_stop,15.80,12.30,504,0.35,48.3,1,1,0.00,0.00,0.00,0.46,0.00,0.00,0,0,0.00,0
2026-05-01 18:13:57,3114.77,0,0,0,0,0,0,0,0.00,1,0.00,5.13,1.63,0.00,0.00,D,0.00,0.49,0.40,12.00,0.68,STOP_WARNING,0.00,aeb_stop,16.10,12.30,504,0.15,47.7,1,1,0.00,0.00,0.00,0.49,0.00,0.00,0,0,0.00,0
2026-05-01 18:13:58,3115.78,0,0,0,0,0,0,0,0.00,1,0.00,5.13,1.63,0.00,0.00,D,0.00,0.81,0.45,12.00,0.68,WARN_WARNING,0.00,,15.80,12.30,504,1.16,47.7,1,0,0.00,0.00,0.00,0.81,0.00,0.00,0,0,0.00,0
2026-05-01 18:13:59,3116.80,0,0,0,0,0,0,0,0.00,1,0.00,5.13,1.63,0.00,0.00,D,0.00,0.76,0.46,12.00,0.69,WARN_WARNING,0.00,,16.10,12.30,504,2.18,47.2,1,0,0.00,0.00,0.00,0.76,0.00,0.00,0,0,0.00,0
2026-05-01 18:14:00,3117.91,0,0,0,0,0,0,0,0.00,1,0.00,5.13,1.63,0.00,0.00,D,0.00,0.75,0.47,12.00,0.73,WARN_WARNING,0.00,,15.40,12.30,504,3.29,46.6,1,0,0.00,0.00,0.00,0.75,0.00,0.00,0,0,0.00,0
2026-05-01 18:14:01,3118.81,0,0,0,0,0,0,0,0.00,1,0.00,5.13,1.63,0.00,0.00,D,0.00,0.78,0.51,12.00,0.73,WARN_WARNING,0.00,,16.80,12.30,504,0.72,46.6,1,0,0.00,0.00,0.00,0.78,0.00,0.00,0,0,0.00,0
2026-05-01 18:14:02,3119.82,0,0,0,0,0,0,0,0.00,1,0.00,5.13,1.62,0.00,0.00,D,0.00,0.75,0.50,12.00,0.73,WARN_WARNING,0.00,,17.00,12.30,504,1.74,47.7,1,0,0.00,0.00,0.00,0.75,0.00,0.00,0,0,0.00,0
2026-05-01 18:14:03,3120.83,0,0,0,0,0,0,0,0.00,1,0.00,5.13,1.62,0.00,0.00,D,0.00,0.71,0.48,12.00,0.73,WARN_WARNING,0.00,,16.10,12.30,504,2.75,47.7,1,0,0.00,0.00,0.00,0.71,0.00,0.00,0,0,0.00,0
2026-05-01 18:14:04,3121.85,0,0,0,0,0,0,0,0.00,1,0.00,5.13,1.62,0.00,0.00,D,0.00,0.49,0.49,12.00,0.72,STOP_WARNING,0.00,aeb_stop,15.70,12.30,504,0.55,46.1,1,1,0.00,0.00,0.00,0.49,0.00,0.00,0,0,0.00,0
2026-05-01 18:14:05,3122.86,0,0,0,0,0,0,0,0.00,1,0.00,5.13,1.62,0.00,0.00,D,0.00,0.50,0.33,12.00,0.72,STOP_WARNING,0.00,aeb_stop,17.20,12.30,504,1.56,47.7,1,1,0.00,0.00,0.00,0.50,0.00,0.00,0,0,0.00,0
2026-05-01 18:14:06,3123.88,0,0,0,0,0,0,0,0.00,1,0.00,5.13,1.62,0.00,0.00,D,0.00,0.50,0.45,12.00,0.37,STOP_WARNING,0.00,aeb_stop,15.00,12.30,504,2.58,47.7,1,1,0.00,0.00,0.00,0.50,0.00,0.00,0,0,0.00,0
2026-05-01 18:14:07,3124.89,0,0,0,0,0,0,0,0.00,1,0.00,5.13,1.62,0.00,0.00,D,0.00,0.53,0.36,12.00,0.23,STOP_WARNING,0.00,aeb_stop,14.40,12.30,504,3.59,46.6,1,1,0.00,0.00,0.00,0.53,0.00,0.00,0,0,0.00,0
2026-05-01 18:14:08,3125.90,0,0,0,0,0,0,0,0.00,1,0.00,5.13,1.62,0.00,0.00,D,0.00,0.14,0.48,0.17,0.17,STOP_WARNING,0.00,aeb_stop,14.70,12.30,504,4.60,47.7,1,1,0.00,0.00,0.00,0.14,0.00,0.00,0,0,0.00,0
2026-05-01 18:14:09,3126.91,0,0,0,0,0,0,0,0.00,1,0.00,5.13,1.62,0.00,0.00,D,0.00,0.21,0.21,0.14,0.15,STOP_WARNING,0.00,aeb_stop,15.80,12.30,504,5.61,47.7,1,1,0.00,0.00,0.00,0.21,0.00,0.00,0,0,0.00,0
2026-05-01 18:14:10,3128.02,0,0,0,0,0,0,0,0.00,1,0.00,5.13,1.62,0.00,0.00,D,0.00,0.47,0.12,0.13,0.13,STOP_WARNING,0.00,aeb_stop,17.60,12.40,504,6.73,47.2,1,1,0.00,0.00,0.00,0.47,0.00,0.00,0,0,0.00,0
2026-05-01 18:14:11,3128.93,0,0,0,0,0,0,0,0.00,1,0.00,5.13,1.62,0.00,0.00,D,0.00,0.54,0.55,0.17,0.17,STOP_WARNING,0.00,aeb_stop,15.70,12.40,504,0.85,46.6,1,1,0.00,0.00,0.00,0.54,0.00,0.00,0,0,0.00,0
2026-05-01 18:14:12,3129.93,0,0,0,0,0,0,0,0.00,1,0.00,5.13,1.62,0.00,0.00,D,0.00,0.55,0.55,12.00,0.30,STOP_WARNING,0.00,aeb_stop,15.80,12.30,504,1.85,47.2,1,1,0.00,0.00,0.00,0.55,0.00,0.00,0,0,0.00,0
2026-05-01 18:14:13,3130.94,0,0,0,0,0,0,0,0.00,1,0.00,5.13,1.62,0.00,0.00,D,0.00,0.81,0.54,0.61,0.67,WARN_WARNING,0.00,,15.50,12.40,504,2.86,46.6,1,0,0.00,0.00,0.00,0.81,0.00,0.00,0,0,0.00,0
2026-05-01 18:14:14,3132.05,0,0,0,0,0,0,0,0.00,1,0.00,5.13,1.62,0.00,0.00,D,0.00,0.74,0.54,0.71,12.00,WARN_WARNING,0.00,,15.40,12.40,504,0.21,47.7,1,0,0.00,0.00,0.00,0.74,0.00,0.00,0,0,0.00,0
2026-05-01 18:14:15,3132.96,0,0,0,0,0,0,0,0.00,1,0.00,5.13,1.62,0.00,0.00,D,0.00,0.72,0.55,0.71,12.00,WARN_WARNING,0.00,,14.60,12.40,504,0.57,47.7,1,0,0.00,0.00,0.00,0.72,0.00,0.00,0,0,0.00,0
2026-05-01 18:14:16,3134.07,0,0,0,0,0,0,0,0.00,1,0.00,5.13,1.62,0.00,0.00,D,0.00,0.68,0.55,0.69,12.00,WARN_WARNING,0.00,,16.40,12.30,504,0.10,47.2,1,0,0.00,0.00,0.00,0.68,0.00,0.00,0,0,0.00,0
2026-05-01 18:14:17,3134.97,0,0,0,0,0,0,0,0.00,1,0.00,5.13,1.62,0.00,0.00,D,0.00,0.66,0.55,0.77,0.54,WARN_WARNING,0.00,,15.90,12.30,504,1.01,46.6,1,0,0.00,0.00,0.00,0.66,0.00,0.00,0,0,0.00,0
2026-05-01 18:14:18,3135.99,0,0,0,0,0,0,0,0.00,1,0.00,5.13,1.62,0.00,0.00,D,0.00,0.66,0.55,0.31,0.33,WARN_WARNING,0.00,,15.10,12.30,504,2.02,47.7,1,0,0.00,0.00,0.00,0.66,0.00,0.00,0,0,0.00,0
2026-05-01 18:14:19,3137.00,0,0,0,0,0,0,0,0.00,1,0.00,5.13,1.62,0.00,0.00,D,0.00,0.67,0.55,0.16,0.16,WARN_WARNING,0.00,,16.30,12.40,504,3.03,47.7,1,0,0.00,0.00,0.00,0.67,0.00,0.00,0,0,0.00,0
2026-05-01 18:14:20,3138.11,0,0,0,0,0,0,0,0.00,1,0.00,5.13,1.62,0.00,0.00,D,0.00,0.68,0.56,12.00,0.15,WARN_WARNING,0.00,,15.50,12.40,504,4.15,47.7,1,0,0.00,0.00,0.00,0.68,0.00,0.00,0,0,0.00,0
2026-05-01 18:14:21,3139.01,0,0,0,0,0,0,0,0.00,1,0.00,5.13,1.61,0.00,0.00,D,0.00,0.75,0.54,12.00,0.20,WARN_WARNING,0.00,,14.00,12.40,504,5.05,48.3,1,0,0.00,0.00,0.00,0.75,0.00,0.00,0,0,0.00,0
2026-05-01 18:14:22,3140.03,0,0,0,0,0,0,0,0.00,1,0.00,5.13,1.61,0.00,0.00,D,0.00,0.68,0.54,12.00,0.43,WARN_WARNING,0.00,,17.10,12.40,504,0.42,47.2,1,0,0.00,0.00,0.00,0.68,0.00,0.00,0,0,0.00,0
2026-05-01 18:14:23,3141.04,0,0,0,0,0,0,0,0.00,1,0.00,5.13,1.61,0.00,0.00,D,0.00,0.58,0.45,0.59,0.67,STOP_WARNING,0.00,aeb_stop,16.50,12.40,504,0.13,46.6,1,1,0.00,0.00,0.00,0.58,0.00,0.00,0,0,0.00,0
2026-05-01 18:14:24,3142.05,0,0,0,0,0,0,0,0.00,1,0.00,5.13,1.61,0.00,0.00,D,0.00,0.66,0.47,12.00,0.68,WARN_WARNING,0.00,,15.50,12.40,504,1.15,45.5,1,0,0.00,0.00,0.00,0.66,0.00,0.00,0,0,0.00,0
2026-05-01 18:14:25,3143.07,0,0,0,0,0,0,0,0.00,1,0.00,5.13,1.61,0.00,0.00,D,0.00,0.69,0.11,12.00,0.61,WARN_WARNING,0.00,,16.30,12.40,504,0.29,46.1,1,0,0.00,0.00,0.00,0.69,0.00,0.00,0,0,0.00,0
2026-05-01 18:14:26,3144.18,0,0,0,0,0,0,0,0.00,1,0.00,5.13,1.61,0.00,0.00,D,0.00,0.68,0.47,12.00,0.34,WARN_WARNING,0.00,,16.90,12.30,504,1.40,48.3,1,0,0.00,0.00,0.00,0.68,0.00,0.00,0,0,0.00,0
2026-05-01 18:14:27,3145.08,0,0,0,0,0,0,0,0.00,1,0.00,5.13,1.61,0.00,0.00,D,0.00,0.69,0.49,12.00,0.25,WARN_WARNING,0.00,,15.60,12.30,504,2.30,47.2,1,0,0.00,0.00,0.00,0.69,0.00,0.00,0,0,0.00,0
2026-05-01 18:14:28,3146.19,0,0,0,0,0,0,0,0.00,1,0.00,5.13,1.61,0.00,0.00,D,0.00,0.65,0.49,12.00,0.05,WARN_WARNING,0.00,,16.80,12.30,504,1.03,45.5,1,0,0.00,0.00,0.00,0.65,0.00,0.00,0,0,0.00,0
2026-05-01 18:14:29,3147.10,0,0,0,0,0,0,0,0.00,1,0.00,5.13,1.61,0.00,0.00,D,0.00,0.62,0.52,12.00,0.03,WARN_WARNING,0.00,,15.90,12.30,504,1.94,46.1,1,0,0.00,0.00,0.00,0.62,0.00,0.00,0,0,0.00,0
2026-05-01 18:14:30,3148.21,0,0,0,0,0,0,0,0.00,1,0.00,5.13,1.61,0.00,0.00,D,0.00,0.62,0.51,12.00,0.04,WARN_WARNING,0.00,,14.50,12.30,504,3.05,46.6,1,0,0.00,0.00,0.00,0.62,0.00,0.00,0,0,0.00,0
2026-05-01 18:14:31,3149.12,0,0,0,0,0,0,0,0.00,1,0.00,5.13,1.61,0.00,0.00,D,0.00,0.62,0.53,12.00,0.05,WARN_WARNING,0.00,,18.00,12.30,504,0.79,47.2,1,0,0.00,0.00,0.00,0.62,0.00,0.00,0,0,0.00,0
2026-05-01 18:14:32,3150.13,0,0,0,0,0,0,0,0.00,1,0.00,5.13,1.61,0.00,0.00,D,0.00,0.38,0.53,12.00,0.07,STOP_WARNING,0.00,aeb_stop,15.90,12.30,504,1.80,46.6,1,1,0.00,0.00,0.00,0.38,0.00,0.00,0,0,0.00,0
2026-05-01 18:14:33,3151.14,0,0,0,0,0,0,0,0.00,1,0.00,5.13,1.61,0.00,0.00,D,0.00,0.41,0.05,12.00,0.05,STOP_WARNING,0.00,aeb_stop,14.50,12.30,504,2.81,45.5,1,1,0.00,0.00,0.00,0.41,0.00,0.00,0,0,0.00,0
2026-05-01 18:14:34,3152.15,0,0,0,0,0,0,0,0.00,1,0.00,5.13,1.61,0.00,0.00,D,0.00,0.39,0.53,12.00,0.10,STOP_WARNING,0.00,aeb_stop,14.90,12.30,504,3.82,45.5,1,1,0.00,0.00,0.00,0.39,0.00,0.00,0,0,0.00,0
2026-05-01 18:14:35,3153.16,0,0,0,0,0,0,0,0.00,1,0.00,5.13,1.61,0.00,0.00,D,0.00,0.39,0.53,12.00,0.08,STOP_WARNING,0.00,aeb_stop,16.00,12.30,504,4.83,47.7,1,1,0.00,0.00,0.00,0.39,0.00,0.00,0,0,0.00,0
2026-05-01 18:14:36,3154.17,0,0,0,0,0,0,0,0.00,1,0.00,5.13,1.61,0.00,0.00,D,0.00,0.39,0.13,12.00,0.12,STOP_WARNING,0.00,aeb_stop,14.10,12.30,504,5.84,46.1,1,1,0.00,0.00,0.00,0.39,0.00,0.00,0,0,0.00,0
2026-05-01 18:14:37,3155.18,0,0,0,0,0,0,0,0.00,1,0.00,5.13,1.61,0.00,0.00,D,0.00,0.38,0.53,12.00,0.26,STOP_WARNING,0.00,aeb_stop,16.10,12.30,504,0.10,46.1,1,1,0.00,0.00,0.00,0.38,0.00,0.00,0,0,0.00,0
2026-05-01 18:14:38,3156.30,0,0,0,0,0,0,0,0.00,1,0.00,5.13,1.61,0.00,0.00,D,0.00,0.64,0.53,12.00,0.23,WARN_WARNING,0.00,,14.70,12.30,504,1.21,46.1,1,0,0.00,0.00,0.00,0.64,0.00,0.00,0,0,0.00,0
2026-05-01 18:14:39,3157.20,0,0,0,0,0,0,0,0.00,1,0.00,5.13,1.61,0.00,0.00,D,0.00,0.69,0.71,12.00,0.23,WARN_WARNING,0.00,,16.60,12.30,504,2.12,47.2,1,0,0.00,0.00,0.00,0.69,0.00,0.00,0,0,0.00,0
2026-05-01 18:14:40,3158.20,0,0,0,0,0,0,0,0.00,1,0.00,5.13,1.60,0.00,0.00,D,0.00,12.00,1.08,12.00,0.23,^,0.00,,15.90,12.30,504,0.30,48.3,1,0,0.00,0.00,0.00,12.00,0.00,0.00,0,0,0.00,0
2026-05-01 18:14:41,3159.22,0,0,0,0,0,0,0,0.00,1,0.00,5.13,1.60,0.00,0.00,D,0.00,12.00,1.17,12.00,0.26,^,0.00,,16.10,12.30,504,1.31,47.7,1,0,0.00,0.00,0.00,12.00,0.00,0.00,0,0,0.00,0
2026-05-01 18:14:42,3160.23,0,0,0,0,0,0,0,0.00,1,0.00,5.13,1.60,0.00,0.00,D,0.00,12.00,1.49,12.00,0.23,^,0.00,,14.20,12.30,504,2.32,47.7,1,0,0.00,0.00,0.00,12.00,0.00,0.00,0,0,0.00,0
2026-05-01 18:14:43,3161.24,0,0,0,0,0,0,0,0.00,1,0.00,5.13,1.60,0.00,0.00,D,0.00,12.00,1.52,12.00,0.04,^,0.00,,13.90,12.30,504,3.33,48.3,1,0,0.00,0.00,0.00,12.00,0.00,0.00,0,0,0.00,0
2026-05-01 18:14:44,3162.25,0,0,0,0,0,0,0,0.00,1,0.00,5.13,1.60,0.00,0.00,D,0.00,12.00,1.50,12.00,0.23,^,0.00,,12.60,12.30,504,0.53,48.3,1,0,0.00,0.00,0.00,12.00,0.00,0.00,0,0,0.00,0
2026-05-01 18:14:45,3163.27,0,0,0,0,0,0,0,0.00,1,0.00,5.13,1.60,0.00,0.00,D,0.00,12.00,1.49,12.00,0.32,^,0.00,,12.60,12.30,504,1.55,48.3,1,0,0.00,0.00,0.00,12.00,0.00,0.00,0,0,0.00,0
2026-05-01 18:14:46,3164.28,0,0,0,0,0,0,0,0.00,1,0.00,5.13,1.60,0.00,0.00,D,0.00,12.00,1.45,12.00,0.52,^,0.00,,13.40,12.30,504,2.56,48.3,1,0,0.00,0.00,0.00,12.00,0.00,0.00,0,0,0.00,0
2026-05-01 18:14:47,3165.29,0,0,0,0,0,0,0,0.00,1,0.00,5.13,1.60,0.00,0.00,D,0.00,12.00,1.38,12.00,0.91,^,0.00,,14.40,12.30,504,0.36,46.6,1,0,0.00,0.00,0.00,12.00,0.00,0.00,0,0,0.00,0
2026-05-01 18:14:48,3166.30,0,0,0,0,0,0,0,0.00,1,0.00,5.13,1.60,0.00,0.00,D,0.00,12.00,1.44,12.00,1.13,^,0.00,,13.70,12.30,504,1.37,48.8,1,0,0.00,0.00,0.00,12.00,0.00,0.00,0,0,0.00,0
2026-05-01 18:14:49,3167.31,0,0,0,0,0,0,0,0.00,1,0.00,5.13,1.60,0.00,0.00,D,0.00,12.00,1.08,12.00,1.23,^,0.00,,13.50,12.30,504,2.38,49.4,1,0,0.00,0.00,0.00,12.00,0.00,0.00,0,0,0.00,0
2026-05-01 18:14:50,3168.32,0,0,0,0,0,0,0,0.00,1,0.00,5.13,1.60,0.00,0.00,D,0.00,1.04,1.05,12.00,1.24,WARN_WARNING,0.00,,12.50,12.30,504,3.39,49.9,1,0,0.00,0.00,0.00,1.04,0.00,0.00,0,0,0.00,0
2026-05-01 18:14:51,3169.34,0,0,0,0,0,0,0,0.00,1,0.00,5.13,1.60,0.00,0.00,D,0.00,12.00,1.26,12.00,1.24,^,0.00,,12.80,12.30,504,0.18,49.9,1,0,0.00,0.00,0.00,12.00,0.00,0.00,0,0,0.00,0
2026-05-01 18:14:52,3170.35,0,0,0,0,0,0,0,0.00,1,0.00,5.13,1.60,0.00,0.00,D,0.00,12.00,1.30,12.00,1.25,^,0.00,,12.10,12.30,504,1.19,48.3,1,0,0.00,0.00,0.00,12.00,0.00,0.00,0,0,0.00,0
2026-05-01 18:14:53,3171.36,0,0,0,0,0,0,0,0.00,1,0.00,5.13,1.60,0.00,0.00,D,0.00,12.00,1.40,12.00,1.24,^,0.00,,16.50,12.30,504,0.20,47.2,1,0,0.00,0.00,0.00,12.00,0.00,0.00,0,0,0.00,0
2026-05-01 18:14:54,3172.47,0,0,0,0,0,0,0,0.00,1,0.00,5.13,1.60,0.00,0.00,D,0.00,12.00,1.17,12.00,1.10,^,0.00,,14.60,12.40,504,1.31,47.7,1,0,0.00,0.00,0.00,12.00,0.00,0.00,0,0,0.00,0
2026-05-01 18:14:55,3173.38,0,0,0,0,0,0,0,0.00,1,0.00,5.13,1.60,0.00,0.00,D,0.00,0.55,0.84,12.00,0.93,STOP_WARNING,0.00,aeb_stop,14.60,12.30,504,0.25,47.2,1,1,0.00,0.00,0.00,0.55,0.00,0.00,0,0,0.00,0
2026-05-01 18:14:56,3174.39,0,0,0,0,0,0,0,0.00,1,0.00,5.13,1.60,0.00,0.00,D,0.00,0.46,0.74,12.00,0.85,STOP_WARNING,0.00,aeb_stop,15.50,12.30,504,1.26,47.7,1,1,0.00,0.00,0.00,0.46,0.00,0.00,0,0,0.00,0
2026-05-01 18:14:57,3175.40,0,0,0,0,0,0,0,0.00,1,0.00,5.13,1.60,0.00,0.00,D,0.00,0.44,0.79,12.00,0.89,STOP_WARNING,0.00,aeb_stop,15.90,12.30,504,0.08,46.6,1,1,0.00,0.00,0.00,0.44,0.00,0.00,0,0,0.00,0
2026-05-01 18:14:58,3176.41,0,0,0,0,0,0,0,0.00,1,0.00,5.13,1.60,0.00,0.00,D,0.00,0.52,0.86,12.00,0.88,STOP_WARNING,0.00,aeb_stop,15.30,12.30,504,1.09,46.6,1,1,0.00,0.00,0.00,0.52,0.00,0.00,0,0,0.00,0
2026-05-01 18:14:59,3177.42,0,0,0,0,0,0,0,0.00,1,0.00,5.13,1.60,0.00,0.00,D,0.00,0.56,0.80,12.00,0.87,STOP_WARNING,0.00,aeb_stop,14.40,12.30,504,2.11,48.3,1,1,0.00,0.00,0.00,0.56,0.00,0.00,0,0,0.00,0
2026-05-01 18:15:00,3178.43,0,0,0,0,0,0,0,0.00,1,0.00,5.13,1.59,0.00,0.00,D,0.00,0.51,0.86,12.00,0.86,STOP_WARNING,0.00,aeb_stop,14.40,12.30,504,3.12,48.3,1,1,0.00,0.00,0.00,0.51,0.00,0.00,0,0,0.00,0
2026-05-01 18:15:01,3179.44,0,0,0,0,0,0,0,0.00,1,0.00,5.13,1.59,0.00,0.00,D,0.00,0.50,0.91,12.00,0.84,STOP_WARNING,0.00,aeb_stop,15.10,12.30,504,0.04,47.7,1,1,0.00,0.00,0.00,0.50,0.00,0.00,0,0,0.00,0
2026-05-01 18:15:02,3180.46,0,0,0,0,0,0,0,0.00,1,0.00,5.13,1.59,0.00,0.00,D,0.00,0.58,0.86,12.00,0.83,STOP_WARNING,0.00,aeb_stop,17.00,12.30,504,1.05,46.6,1,1,0.00,0.00,0.00,0.58,0.00,0.00,0,0,0.00,0
2026-05-01 18:15:03,3181.47,0,0,0,0,0,0,0,0.00,1,0.00,5.13,1.59,0.00,0.00,D,0.00,0.46,0.45,12.00,0.75,STOP_WARNING,0.00,aeb_stop,15.10,12.40,504,2.06,47.2,1,1,0.00,0.00,0.00,0.46,0.00,0.00,0,0,0.00,0
2026-05-01 18:15:04,3182.48,0,0,0,0,0,0,0,0.00,1,0.00,5.13,1.59,0.00,0.00,D,0.00,0.55,0.42,12.00,0.55,STOP_WARNING,0.00,aeb_stop,15.30,12.30,504,3.07,47.7,1,1,0.00,0.00,0.00,0.55,0.00,0.00,0,0,0.00,0
2026-05-01 18:15:05,3183.49,0,0,0,0,0,0,0,0.00,1,0.00,5.13,1.59,0.00,0.00,D,0.00,12.00,0.57,12.00,0.51,^,0.00,,14.80,12.40,504,4.09,47.7,1,0,0.00,0.00,0.00,12.00,0.00,0.00,0,0,0.00,0
2026-05-01 18:15:06,3184.61,0,0,0,0,0,0,0,0.00,1,0.00,5.13,1.59,0.00,0.00,D,0.00,12.00,0.80,12.00,0.54,^,0.00,,15.40,12.30,504,5.20,46.1,1,0,0.00,0.00,0.00,12.00,0.00,0.00,0,0,0.00,0
2026-05-01 18:15:07,3185.51,0,0,0,0,0,0,0,0.00,1,0.00,5.13,1.59,0.00,0.00,D,0.00,12.00,0.72,12.00,0.72,^,0.00,,15.10,12.30,504,6.10,47.7,1,0,0.00,0.00,0.00,12.00,0.00,0.00,0,0,0.00,0
2026-05-01 18:15:08,3186.52,0,0,0,0,0,0,0,0.00,1,0.00,5.13,1.59,0.00,0.00,D,0.00,12.00,0.78,12.00,0.71,^,0.00,,14.60,12.30,504,7.11,48.3,1,0,0.00,0.00,0.00,12.00,0.00,0.00,0,0,0.00,0
2026-05-01 18:15:09,3187.53,0,0,0,0,0,0,0,0.00,1,0.00,5.13,1.59,0.00,0.00,D,0.00,12.00,0.75,12.00,0.70,^,0.00,,16.10,12.30,504,8.12,48.3,1,0,0.00,0.00,0.00,12.00,0.00,0.00,0,0,0.00,0
2026-05-01 18:15:10,3188.54,0,0,0,0,0,0,0,0.00,1,0.00,5.13,1.59,0.00,0.00,D,0.00,12.00,0.79,12.00,0.75,^,0.00,,16.10,12.30,504,9.13,46.1,1,0,0.00,0.00,0.00,12.00,0.00,0.00,0,0,0.00,0
2026-05-01 18:15:11,3189.55,0,0,0,0,0,0,0,0.00,1,0.00,5.13,1.59,0.00,0.00,D,0.00,12.00,0.75,12.00,0.71,^,0.00,,15.70,12.40,504,10.14,47.7,1,0,0.00,0.00,0.00,12.00,0.00,0.00,0,0,0.00,0
2026-05-01 18:15:12,3190.56,0,0,0,0,0,0,0,0.00,1,0.00,5.13,1.59,0.00,0.00,D,0.00,12.00,0.62,12.00,0.69,^,0.00,,14.60,12.40,504,11.16,48.3,1,0,0.00,0.00,0.00,12.00,0.00,0.00,0,0,0.00,0
2026-05-01 18:15:13,3191.57,0,0,0,0,0,0,0,0.00,1,0.00,5.13,1.59,0.00,0.00,D,0.00,12.00,0.65,12.00,0.70,^,0.00,,15.70,12.40,504,12.17,47.2,1,0,0.00,0.00,0.00,12.00,0.00,0.00,0,0,0.00,0
2026-05-01 18:15:14,3192.59,0,0,0,0,0,0,0,0.00,1,0.00,5.13,1.59,0.00,0.00,D,0.00,12.00,0.71,12.00,0.73,^,0.00,,15.70,12.40,504,13.18,47.7,1,0,0.00,0.00,0.00,12.00,0.00,0.00,0,0,0.00,0
2026-05-01 18:15:15,3193.60,0,0,0,0,0,0,0,0.00,1,0.00,5.13,1.59,0.00,0.00,D,0.00,12.00,0.69,12.00,0.70,^,0.00,,14.80,12.30,504,0.19,47.2,1,0,0.00,0.00,0.00,12.00,0.00,0.00,0,0,0.00,0
2026-05-01 18:15:16,3194.61,0,0,0,0,0,0,0,0.00,1,0.00,5.13,1.59,0.00,0.00,D,0.00,12.00,0.68,12.00,0.69,^,0.00,,13.40,12.30,504,1.21,48.8,1,0,0.00,0.00,0.00,12.00,0.00,0.00,0,0,0.00,0
2026-05-01 18:15:17,3195.62,0,0,0,0,0,0,0,0.00,1,0.00,5.13,1.59,0.00,0.00,D,0.00,12.00,0.77,12.00,0.69,^,0.00,,13.00,12.30,504,2.22,48.3,1,0,0.00,0.00,0.00,12.00,0.00,0.00,0,0,0.00,0
2026-05-01 18:15:19,3196.73,0,0,0,0,0,0,0,0.00,1,0.00,5.13,1.59,0.00,0.00,D,0.00,12.00,0.74,12.00,0.69,^,0.00,,11.90,12.30,504,0.18,47.7,1,0,0.00,0.00,0.00,12.00,0.00,0.00,0,0,0.00,0
2026-05-01 18:15:19,3197.63,0,0,0,0,0,0,0,0.00,1,0.00,5.13,1.59,0.00,0.00,D,0.00,12.00,0.75,12.00,0.71,^,0.00,,12.90,12.30,504,1.08,48.3,1,0,0.00,0.00,0.00,12.00,0.00,0.00,0,0,0.00,0
2026-05-01 18:15:20,3198.64,0,0,0,0,0,0,0,0.00,1,0.00,5.13,1.58,0.00,0.00,D,0.00,12.00,0.48,12.00,0.47,^,0.00,,13.40,12.30,504,2.09,48.8,1,0,0.00,0.00,0.00,12.00,0.00,0.00,0,0,0.00,0
2026-05-01 18:15:22,3199.66,0,0,0,0,0,0,0,0.00,1,0.00,5.13,1.58,0.00,0.00,D,0.00,12.00,0.35,12.00,0.81,^,0.00,,15.50,12.30,504,0.73,48.3,1,0,0.00,0.00,0.00,12.00,0.00,0.00,0,0,0.00,0
2026-05-01 18:15:23,3200.67,0,0,0,0,0,0,0,0.00,1,0.00,5.13,1.58,0.00,0.00,D,0.00,12.00,0.34,12.00,1.45,^,0.00,,15.70,12.30,504,0.27,47.7,1,0,0.00,0.00,0.00,12.00,0.00,0.00,0,0,0.00,0
2026-05-01 18:15:24,3201.69,0,0,0,0,0,0,0,0.00,1,0.00,5.13,1.58,0.00,0.00,D,0.00,12.00,0.41,12.00,1.43,^,0.00,,14.20,12.30,504,1.28,46.6,1,0,0.00,0.00,0.00,12.00,0.00,0.00,0,0,0.00,0
2026-05-01 18:15:25,3202.80,0,0,0,0,0,0,0,0.00,1,0.00,5.13,1.58,0.00,0.00,D,0.00,12.00,0.38,12.00,1.44,^,0.00,,15.10,12.40,504,0.93,48.8,1,0,0.00,0.00,0.00,12.00,0.00,0.00,0,0,0.00,0
2026-05-01 18:15:26,3203.71,0,0,0,0,0,0,0,0.00,1,0.00,5.13,1.58,0.00,0.00,D,0.00,12.00,0.45,12.00,0.43,^,0.00,,15.10,12.40,504,0.51,48.3,1,0,0.00,0.00,0.00,12.00,0.00,0.00,0,0,0.00,0
2026-05-01 18:15:27,3204.72,0,0,0,0,0,0,0,0.00,1,0.00,5.13,1.58,0.00,0.00,D,0.00,0.61,0.59,12.00,0.50,WARN_WARNING,0.00,,14.20,12.40,504,1.52,47.2,1,0,0.00,0.00,0.00,0.61,0.00,0.00,0,0,0.00,0
2026-05-01 18:15:28,3205.73,0,0,0,0,0,0,0,0.00,1,0.00,5.13,1.58,0.00,0.00,D,0.00,12.00,0.69,12.00,0.63,^,0.00,,15.30,12.30,504,0.95,47.2,1,0,0.00,0.00,0.00,12.00,0.00,0.00,0,0,0.00,0
2026-05-01 18:15:29,3206.73,0,0,0,0,0,0,0,0.00,1,0.00,5.13,1.58,0.00,0.00,D,0.00,12.00,0.55,12.00,0.56,^,0.00,,14.80,12.30,504,1.95,47.7,1,0,0.00,0.00,0.00,12.00,0.00,0.00,0,0,0.00,0
2026-05-01 18:15:30,3207.75,0,0,0,0,0,0,0,0.00,1,0.00,5.13,1.58,0.00,0.00,D,0.00,12.00,0.39,12.00,0.40,^,0.00,,14.50,12.40,504,2.96,46.6,1,0,0.00,0.00,0.00,12.00,0.00,0.00,0,0,0.00,0
2026-05-01 18:15:31,3208.75,0,0,0,0,0,0,0,0.00,1,0.00,5.13,1.58,0.00,0.00,D,0.00,12.00,0.37,12.00,0.38,^,0.00,,14.70,12.30,504,3.96,47.7,1,0,0.00,0.00,0.00,12.00,0.00,0.00,0,0,0.00,0
2026-05-01 18:15:32,3209.76,0,0,0,0,0,0,0,0.00,1,0.00,5.13,1.58,0.00,0.00,D,0.00,12.00,0.37,12.00,0.39,^,0.00,,15.10,12.30,504,0.46,46.6,1,0,0.00,0.00,0.00,12.00,0.00,0.00,0,0,0.00,0
2026-05-01 18:15:33,3210.78,0,0,0,0,0,0,0,0.00,1,0.00,5.13,1.58,0.00,0.00,D,0.00,12.00,0.51,12.00,0.54,^,0.00,,14.60,12.30,504,0.45,46.1,1,0,0.00,0.00,0.00,12.00,0.00,0.00,0,0,0.00,0
2026-05-01 18:15:34,3211.79,0,0,0,0,0,0,0,0.00,1,0.00,5.13,1.58,0.00,0.00,D,0.00,12.00,0.49,12.00,0.50,^,0.00,,16.00,12.30,504,1.46,48.3,1,0,0.00,0.00,0.00,12.00,0.00,0.00,0,0,0.00,0
2026-05-01 18:15:35,3212.80,0,0,0,0,0,0,0,0.00,1,0.00,5.13,1.58,0.00,0.00,D,0.00,12.00,0.53,12.00,0.39,^,0.00,,15.60,12.30,504,2.47,47.7,1,0,0.00,0.00,0.00,12.00,0.00,0.00,0,0,0.00,0
2026-05-01 18:15:36,3213.81,0,0,0,0,0,0,0,0.00,1,0.00,5.13,1.58,0.00,0.00,D,0.00,12.00,0.51,12.00,0.29,^,0.00,,14.60,12.30,504,3.49,47.2,1,0,0.00,0.00,0.00,12.00,0.00,0.00,0,0,0.00,0
2026-05-01 18:15:37,3214.83,0,0,0,0,0,0,0,0.00,1,0.00,5.13,1.58,0.00,0.00,D,0.00,12.00,0.50,12.00,0.32,^,0.00,,15.90,12.30,504,4.50,46.6,1,0,0.00,0.00,0.00,12.00,0.00,0.00,0,0,0.00,0
2026-05-01 18:15:38,3215.84,0,0,0,0,0,0,0,0.00,1,0.00,5.13,1.58,0.00,0.00,D,0.00,12.00,0.50,12.00,0.51,^,0.00,,16.30,12.30,504,0.18,47.2,1,0,0.00,0.00,0.00,12.00,0.00,0.00,0,0,0.00,0
2026-05-01 18:15:39,3216.85,0,0,0,0,0,0,0,0.00,1,0.00,5.13,1.58,0.00,0.00,D,0.00,12.00,0.34,12.00,0.50,^,0.00,,14.60,12.30,504,1.19,46.6,1,0,0.00,0.00,0.00,12.00,0.00,0.00,0,0,0.00,0
2026-05-01 18:15:40,3217.87,0,0,0,0,0,0,0,0.00,1,0.00,5.13,1.58,0.00,0.00,D,0.00,12.00,0.39,12.00,0.48,^,0.00,,15.70,12.30,504,2.21,47.2,1,0,0.00,0.00,0.00,12.00,0.00,0.00,0,0,0.00,0
2026-05-01 18:15:41,3218.88,0,0,0,0,0,0,0,0.00,1,0.00,5.13,1.57,0.00,0.00,D,0.00,12.00,0.51,12.00,0.49,^,0.00,,15.40,12.30,504,3.22,47.2,1,0,0.00,0.00,0.00,12.00,0.00,0.00,0,0,0.00,0
2026-05-01 18:15:42,3219.88,0,0,0,0,0,0,0,0.00,1,0.00,5.13,1.57,0.00,0.00,D,0.00,12.00,1.01,12.00,0.77,^,0.00,,14.30,12.30,504,4.22,46.1,1,0,0.00,0.00,0.00,12.00,0.00,0.00,0,0,0.00,0
2026-05-01 18:15:43,3220.89,0,0,0,0,0,0,0,0.00,1,0.00,5.13,1.57,0.00,0.00,D,0.00,12.00,1.82,12.00,1.07,^,0.00,,15.20,12.30,504,5.23,47.2,1,0,0.00,0.00,0.00,12.00,0.00,0.00,0,0,0.00,0
2026-05-01 18:15:44,3221.90,0,0,0,0,0,0,0,0.00,1,0.00,5.13,1.57,0.00,0.00,D,0.00,12.00,3.32,12.00,1.10,^,0.00,,15.20,12.30,504,6.24,47.7,1,0,0.00,0.00,0.00,12.00,0.00,0.00,0,0,0.00,0
2026-05-01 18:15:45,3223.01,0,0,0,0,0,0,0,0.00,1,0.00,5.13,1.57,0.00,0.00,D,0.00,12.00,12.00,12.00,0.95,^,0.00,,14.40,12.30,504,7.35,47.7,1,0,0.00,0.00,0.00,12.00,0.00,0.00,0,0,0.00,0
2026-05-01 18:15:46,3223.92,0,0,0,0,0,0,0,0.00,1,0.00,5.13,1.57,0.00,0.00,D,0.00,12.00,12.00,12.00,0.96,^,0.00,,14.80,12.30,504,8.26,46.6,1,0,0.00,0.00,0.00,12.00,0.00,0.00,0,0,0.00,0
2026-05-01 18:15:47,3224.93,0,0,0,0,0,0,0,0.00,1,0.00,5.13,1.57,0.00,0.00,D,0.00,12.00,12.00,12.00,0.96,^,0.00,,14.10,12.30,504,9.27,46.6,1,0,0.00,0.00,0.00,12.00,0.00,0.00,0,0,0.00,0
2026-05-01 18:15:48,3225.94,0,0,0,0,0,0,0,0.00,1,0.00,5.13,1.57,0.00,0.00,D,0.00,12.00,12.00,12.00,0.99,^,0.00,,15.00,12.30,504,10.29,47.2,1,0,0.00,0.00,0.00,12.00,0.00,0.00,0,0,0.00,0
2026-05-01 18:15:49,3226.95,0,0,0,0,0,0,0,0.00,1,0.00,5.13,1.57,0.00,0.00,D,0.00,12.00,12.00,12.00,1.01,^,0.00,,14.40,12.30,504,11.29,47.2,1,0,0.00,0.00,0.00,12.00,0.00,0.00,0,0,0.00,0
2026-05-01 18:15:50,3227.96,0,0,0,0,0,0,0,0.00,1,0.00,5.13,1.57,0.00,0.00,D,0.00,12.00,12.00,12.00,1.00,^,0.00,,12.30,12.30,504,12.30,48.8,1,0,0.00,0.00,0.00,12.00,0.00,0.00,0,0,0.00,0
2026-05-01 18:15:51,3228.97,0,0,0,0,0,0,0,0.00,1,0.00,5.13,1.57,0.00,0.00,D,0.00,12.00,12.00,12.00,0.97,^,0.00,,12.30,12.30,504,13.31,48.8,1,0,0.00,0.00,0.00,12.00,0.00,0.00,0,0,0.00,0
2026-05-01 18:15:52,3229.98,0,0,0,0,0,0,0,0.00,1,0.00,5.13,1.57,0.00,0.00,D,0.00,12.00,12.00,12.00,0.96,^,0.00,,13.60,12.30,504,14.33,48.8,1,0,0.00,0.00,0.00,12.00,0.00,0.00,0,0,0.00,0
2026-05-01 18:15:53,3231.09,0,0,0,0,0,0,0,0.00,1,0.00,5.13,1.57,0.00,0.00,D,0.00,12.00,12.00,12.00,0.94,^,0.00,,13.00,12.30,504,15.44,48.8,1,0,0.00,0.00,0.00,12.00,0.00,0.00,0,0,0.00,0
2026-05-01 18:15:54,3232.00,0,0,0,0,0,0,0,0.00,1,0.00,5.13,1.57,0.00,0.00,D,0.00,12.00,12.00,12.00,0.92,^,0.00,,12.50,12.30,504,16.34,47.7,1,0,0.00,0.00,0.00,12.00,0.00,0.00,0,0,0.00,0
2026-05-01 18:15:55,3233.01,0,0,0,0,0,0,0,0.00,1,0.00,5.13,1.57,0.00,0.00,D,0.00,12.00,12.00,12.00,0.91,^,0.00,,15.90,12.30,504,17.35,46.6,1,0,0.00,0.00,0.00,12.00,0.00,0.00,0,0,0.00,0
2026-05-01 18:15:56,3234.03,0,0,0,0,0,0,0,0.00,1,0.00,5.13,1.57,0.00,0.00,D,0.00,12.00,12.00,12.00,0.91,^,0.00,,15.60,12.30,504,18.37,47.2,1,0,0.00,0.00,0.00,12.00,0.00,0.00,0,0,0.00,0
2026-05-01 18:15:57,3235.04,0,0,0,0,0,0,0,0.00,1,0.00,5.13,1.57,0.00,0.00,D,0.00,12.00,12.00,12.00,0.91,^,0.00,,15.20,12.30,504,19.38,47.7,1,0,0.00,0.00,0.00,12.00,0.00,0.00,0,0,0.00,0
2026-05-01 18:15:58,3236.05,0,0,0,0,0,0,0,0.00,1,0.00,5.13,1.57,0.00,0.00,D,0.00,12.00,12.00,12.00,0.95,^,0.00,,15.40,12.30,504,20.40,47.2,1,0,0.00,0.00,0.00,12.00,0.00,0.00,0,0,0.00,0
2026-05-01 18:15:59,3237.07,0,0,0,0,0,0,0,0.00,1,0.00,5.13,1.57,0.00,0.00,D,0.00,12.00,2.23,12.00,0.92,^,0.00,,15.50,12.40,504,21.41,47.7,1,0,0.00,0.00,0.00,12.00,0.00,0.00,0,0,0.00,0
2026-05-01 18:16:00,3238.08,0,0,0,0,0,0,0,0.00,1,0.00,5.13,1.57,0.00,0.00,D,0.00,12.00,1.58,12.00,0.91,^,0.00,,14.40,12.40,504,22.42,46.6,1,0,0.00,0.00,0.00,12.00,0.00,0.00,0,0,0.00,0
2026-05-01 18:16:01,3239.09,0,0,0,0,0,0,0,0.00,1,0.00,5.13,1.56,0.00,0.00,D,0.00,12.00,1.50,12.00,0.92,^,0.00,,15.30,12.30,504,23.43,47.7,1,0,0.00,0.00,0.00,12.00,0.00,0.00,0,0,0.00,0
2026-05-01 18:16:02,3240.10,0,0,0,0,0,0,0,0.00,1,0.00,5.13,1.56,0.00,0.00,D,0.00,12.00,1.42,12.00,0.92,^,0.00,,14.90,12.30,504,24.44,47.2,1,0,0.00,0.00,0.00,12.00,0.00,0.00,0,0,0.00,0
2026-05-01 18:16:03,3241.21,0,0,0,0,0,0,0,0.00,1,0.00,5.13,1.56,0.00,0.00,D,0.00,12.00,1.46,12.00,0.92,^,0.00,,15.00,12.30,504,25.55,47.7,1,0,0.00,0.00,0.00,12.00,0.00,0.00,0,0,0.00,0
2026-05-01 18:16:04,3242.11,0,0,0,0,0,0,0,0.00,1,0.00,5.13,1.56,0.00,0.00,D,0.00,12.00,1.52,12.00,0.92,^,0.00,,15.60,12.30,504,26.45,46.6,1,0,0.00,0.00,0.00,12.00,0.00,0.00,0,0,0.00,0
2026-05-01 18:16:05,3243.12,0,0,0,0,0,0,0,0.00,1,0.00,5.13,1.56,0.00,0.00,D,0.00,12.00,1.70,12.00,0.93,^,0.00,,16.10,12.30,504,27.47,46.6,1,0,0.00,0.00,0.00,12.00,0.00,0.00,0,0,0.00,0
2026-05-01 18:16:06,3244.14,0,0,0,0,0,0,0,0.00,1,0.00,5.13,1.56,0.00,0.00,D,0.00,12.00,1.77,12.00,0.92,^,0.00,,14.60,12.30,504,28.48,47.2,1,0,0.00,0.00,0.00,12.00,0.00,0.00,0,0,0.00,0
2026-05-01 18:16:07,3245.15,0,0,0,0,0,0,0,0.00,1,0.00,5.13,1.56,0.00,0.00,D,0.00,12.00,1.70,12.00,0.92,^,0.00,,16.00,12.30,504,29.49,46.6,1,0,0.00,0.00,0.00,12.00,0.00,0.00,0,0,0.00,0
2026-05-01 18:16:08,3246.26,0,0,0,0,0,0,0,0.00,1,0.00,5.13,1.56,0.00,0.00,D,0.00,12.00,1.57,12.00,0.92,^,0.00,,14.10,12.40,504,30.60,47.2,1,0,0.00,0.00,0.00,12.00,0.00,0.00,0,0,0.00,0
2026-05-01 18:16:09,3247.16,0,0,0,0,0,0,0,0.00,1,0.00,5.13,1.56,0.00,0.00,D,0.00,12.00,1.66,12.00,0.92,^,0.00,,14.40,12.30,504,31.51,47.2,1,0,0.00,0.00,0.00,12.00,0.00,0.00,0,0,0.00,0
2026-05-01 18:16:10,3248.17,0,0,0,0,0,0,0,0.00,1,0.00,5.13,1.56,0.00,0.00,D,0.00,12.00,1.35,12.00,0.80,^,0.00,,14.90,12.30,504,32.52,48.3,1,0,0.00,0.00,0.00,12.00,0.00,0.00,0,0,0.00,0
2026-05-01 18:16:11,3249.29,0,0,0,0,0,0,0,0.00,1,0.00,5.13,1.56,0.00,0.00,D,0.00,12.00,1.35,12.00,0.59,^,0.00,,14.00,12.30,504,33.63,48.3,1,0,0.00,0.00,0.00,12.00,0.00,0.00,0,0,0.00,0
2026-05-01 18:16:12,3250.19,0,0,0,0,0,0,0,0.00,1,0.00,5.13,1.56,0.00,0.00,D,0.00,12.00,1.49,12.00,0.62,^,0.00,,15.30,12.30,504,34.54,47.7,1,0,0.00,0.00,0.00,12.00,0.00,0.00,0,0,0.00,0
2026-05-01 18:16:13,3251.21,0,0,0,0,0,0,0,0.00,1,0.00,5.13,1.56,0.00,0.00,D,0.00,12.00,1.68,12.00,0.59,^,0.00,,15.20,12.30,504,35.55,47.2,1,0,0.00,0.00,0.00,12.00,0.00,0.00,0,0,0.00,0
2026-05-01 18:16:14,3252.21,0,0,0,0,0,0,0,0.00,1,0.00,5.13,1.56,0.00,0.00,D,0.00,12.00,1.72,12.00,0.58,^,0.00,,14.70,12.30,504,36.55,47.2,1,0,0.00,0.00,0.00,12.00,0.00,0.00,0,0,0.00,0
2026-05-01 18:16:15,3253.23,0,0,0,0,0,0,0,0.00,1,0.00,5.13,1.56,0.00,0.00,D,0.00,12.00,1.67,12.00,0.79,^,0.00,,15.20,12.30,504,37.57,45.5,1,0,0.00,0.00,0.00,12.00,0.00,0.00,0,0,0.00,0
2026-05-01 18:16:16,3254.24,0,0,0,0,0,0,0,0.00,1,0.00,5.13,1.56,0.00,0.00,D,0.00,12.00,1.70,12.00,0.83,^,0.00,,15.60,12.30,504,38.58,46.1,1,0,0.00,0.00,0.00,12.00,0.00,0.00,0,0,0.00,0
2026-05-01 18:16:17,3255.25,0,0,0,0,0,0,0,0.00,1,0.00,5.13,1.56,0.00,0.00,D,0.00,12.00,1.69,12.00,0.83,^,0.00,,14.10,12.30,504,39.59,47.7,1,0,0.00,0.00,0.00,12.00,0.00,0.00,0,0,0.00,0
2026-05-01 18:16:18,3256.26,0,0,0,0,0,0,0,0.00,1,0.00,5.13,1.56,0.00,0.00,D,0.00,12.00,1.65,12.00,0.79,^,0.00,,14.40,12.30,504,40.60,47.7,1,0,0.00,0.00,0.00,12.00,0.00,0.00,0,0,0.00,0
2026-05-01 18:16:19,3257.27,0,0,0,0,0,0,0,0.00,1,0.00,5.13,1.56,0.00,0.00,D,0.00,12.00,1.68,12.00,0.81,^,0.00,,16.30,12.30,504,41.61,47.7,1,0,0.00,0.00,0.00,12.00,0.00,0.00,0,0,0.00,0
2026-05-01 18:16:20,3258.29,0,0,0,0,0,0,0,0.00,1,0.00,5.13,1.56,0.00,0.00,D,0.00,12.00,1.85,12.00,0.79,^,0.00,,14.80,12.30,504,42.63,46.6,1,0,0.00,0.00,0.00,12.00,0.00,0.00,0,0,0.00,0
2026-05-01 18:16:21,3259.30,0,0,0,0,0,0,0,0.00,1,0.00,5.13,1.56,0.00,0.00,D,0.00,12.00,1.69,12.00,0.73,^,0.00,,14.20,12.30,504,43.64,48.3,1,0,0.00,0.00,0.00,12.00,0.00,0.00,0,0,0.00,0
2026-05-01 18:16:22,3260.31,0,0,0,0,0,0,0,0.00,1,0.00,5.13,1.55,0.00,0.00,D,0.00,12.00,1.72,12.00,0.85,^,0.00,,14.80,12.30,504,44.65,46.6,1,0,0.00,0.00,0.00,12.00,0.00,0.00,0,0,0.00,0
2026-05-01 18:16:23,3261.42,0,0,0,0,0,0,0,0.00,1,0.00,5.13,1.55,0.00,0.00,D,0.00,12.00,1.78,12.00,1.02,^,0.00,,13.90,12.30,504,45.76,47.7,1,0,0.00,0.00,0.00,12.00,0.00,0.00,0,0,0.00,0
2026-05-01 18:16:24,3262.32,0,0,0,0,0,0,0,0.00,1,0.00,5.13,1.55,0.00,0.00,D,0.00,12.00,1.84,12.00,1.06,^,0.00,,15.40,12.30,504,46.67,47.7,1,0,0.00,0.00,0.00,12.00,0.00,0.00,0,0,0.00,0
2026-05-01 18:16:25,3263.34,0,0,0,0,0,0,0,0.00,1,0.00,5.13,1.55,0.00,0.00,D,0.00,12.00,1.78,12.00,0.91,^,0.00,,15.90,12.30,504,47.68,47.2,1,0,0.00,0.00,0.00,12.00,0.00,0.00,0,0,0.00,0
2026-05-01 18:16:26,3264.35,0,0,0,0,0,0,0,0.00,1,0.00,5.13,1.55,0.00,0.00,D,0.00,12.00,1.85,12.00,1.02,^,0.00,,14.60,12.30,504,48.69,47.2,1,0,0.00,0.00,0.00,12.00,0.00,0.00,0,0,0.00,0
2026-05-01 18:16:27,3265.36,0,0,0,0,0,0,0,0.00,1,0.00,5.13,1.55,0.00,0.00,D,0.00,12.00,1.86,12.00,1.22,^,0.00,,15.00,12.30,504,49.71,47.7,1,0,0.00,0.00,0.00,12.00,0.00,0.00,0,0,0.00,0
2026-05-01 18:16:28,3266.48,0,0,0,0,0,0,0,0.00,1,0.00,5.13,1.55,0.00,0.00,D,0.00,12.00,1.83,12.00,1.22,^,0.00,,14.60,12.30,504,50.82,47.7,1,0,0.00,0.00,0.00,12.00,0.00,0.00,0,0,0.00,0
2026-05-01 18:16:29,3267.38,0,0,0,0,0,0,0,0.00,1,0.00,5.13,1.55,0.00,0.00,D,0.00,12.00,1.82,12.00,1.23,^,0.00,,13.40,12.30,504,51.73,47.7,1,0,0.00,0.00,0.00,12.00,0.00,0.00,0,0,0.00,0
2026-05-01 18:16:30,3268.39,0,0,0,0,0,0,0,0.00,1,0.00,5.13,1.55,0.00,0.00,D,0.00,12.00,1.81,12.00,1.23,^,0.00,,14.60,12.30,504,52.74,47.7,1,0,0.00,0.00,0.00,12.00,0.00,0.00,0,0,0.00,0
2026-05-01 18:16:31,3269.51,0,0,0,0,0,0,0,0.00,1,0.00,5.13,1.55,0.00,0.00,D,0.00,12.00,1.79,12.00,1.22,^,0.00,,14.60,12.30,504,0.95,47.7,1,0,0.00,0.00,0.00,12.00,0.00,0.00,0,0,0.00,0
2026-05-01 18:16:32,3270.41,0,0,0,0,0,0,0,0.00,1,0.00,5.13,1.55,0.00,0.00,D,0.00,12.00,1.75,12.00,1.22,^,0.00,,14.20,12.30,504,1.85,47.7,1,0,0.00,0.00,0.00,12.00,0.00,0.00,0,0,0.00,0
2026-05-01 18:16:33,3271.43,0,0,0,0,0,0,0,0.00,1,0.00,5.13,1.55,0.00,0.00,D,0.00,12.00,1.80,12.00,1.21,^,0.00,,15.40,12.30,504,2.87,46.6,1,0,0.00,0.00,0.00,12.00,0.00,0.00,0,0,0.00,0
2026-05-01 18:16:34,3272.43,0,0,0,0,0,0,0,0.00,1,0.00,5.13,1.55,0.00,0.00,D,0.00,12.00,1.80,12.00,1.17,^,0.00,,15.60,12.30,504,3.87,48.3,1,0,0.00,0.00,0.00,12.00,0.00,0.00,0,0,0.00,0
2026-05-01 18:16:35,3273.44,0,0,0,0,0,0,0,0.00,1,0.00,5.13,1.55,0.00,0.00,D,0.00,12.00,1.77,12.00,1.10,^,0.00,,14.00,12.30,504,4.88,46.6,1,0,0.00,0.00,0.00,12.00,0.00,0.00,0,0,0.00,0
2026-05-01 18:16:36,3274.45,0,0,0,0,0,0,0,0.00,1,0.00,5.13,1.55,0.00,0.00,D,0.00,12.00,1.65,12.00,0.80,^,0.00,,15.50,12.30,504,5.89,48.8,1,0,0.00,0.00,0.00,12.00,0.00,0.00,0,0,0.00,0
2026-05-01 18:16:37,3275.56,0,0,0,0,0,0,0,0.92,1,1.00,5.13,1.55,0.00,0.00,D,0.00,12.00,0.87,12.00,0.81,^,0.00,,15.00,12.30,504,7.00,48.3,1,0,0.00,0.00,0.00,12.00,0.00,0.00,0,0,0.00,0
2026-05-01 18:16:38,3276.47,0,0,1,0,0,0,0,0.60,1,0.00,5.13,1.55,0.00,0.00,D,0.00,0.50,0.47,12.00,0.77,STOP_WARNING,0.00,aeb_stop,16.20,12.30,504,0.10,46.6,1,1,0.00,0.00,0.00,0.50,0.00,0.00,0,0,0.00,0
2026-05-01 18:16:39,3277.48,0,0,0,0,0,0,0,0.00,1,0.00,5.13,1.55,0.00,0.00,D,0.00,0.03,0.03,12.00,0.03,STOP_WARNING,0.00,aeb_stop,15.60,12.40,504,1.11,48.8,1,1,0.00,0.00,0.00,0.03,0.00,0.00,0,0,0.00,0
2026-05-01 18:16:40,3278.49,0,0,0,0,0,0,0,0.00,1,0.00,5.13,1.55,0.00,0.00,D,0.00,0.03,0.03,12.00,0.03,STOP_WARNING,0.00,aeb_stop,16.00,12.40,504,0.15,46.6,1,1,0.00,0.00,0.00,0.03,0.00,0.00,0,0,0.00,0
2026-05-01 18:16:41,3279.51,0,0,0,0,0,0,0,0.00,1,0.00,5.13,1.55,0.00,0.00,D,0.00,0.53,0.46,12.00,0.61,STOP_WARNING,0.00,aeb_stop,14.40,12.30,504,0.20,46.6,1,1,0.00,0.00,0.00,0.53,0.00,0.00,0,0,0.00,0
2026-05-01 18:16:42,3280.52,0,0,0,0,0,0,0,0.00,1,0.00,5.13,1.55,0.00,0.00,D,0.00,12.00,0.54,12.00,0.58,^,0.00,,14.40,12.30,504,1.21,45.5,1,0,0.00,0.00,0.00,12.00,0.00,0.00,0,0,0.00,0
2026-05-01 18:16:43,3281.53,0,0,0,0,0,0,0,0.00,1,0.00,5.13,1.54,0.00,0.00,D,0.00,12.00,0.53,12.00,0.49,^,0.00,,14.60,12.30,504,2.22,47.7,1,0,0.00,0.00,0.00,12.00,0.00,0.00,0,0,0.00,0
2026-05-01 18:16:44,3282.54,0,0,0,0,0,0,0,0.00,1,0.00,5.13,1.54,0.00,0.00,D,0.00,0.03,0.03,0.04,0.03,STOP_WARNING,0.00,aeb_stop,13.10,12.30,504,3.23,47.7,1,1,0.00,0.00,0.00,0.03,0.00,0.00,0,0,0.00,0
2026-05-01 18:16:45,3283.55,0,0,0,0,0,0,0,0.00,1,0.00,5.13,1.54,0.00,0.00,D,0.00,12.00,0.45,12.00,0.43,^,0.00,,15.60,12.30,504,0.01,46.1,1,0,0.00,0.00,0.00,12.00,0.00,0.00,0,0,0.00,0
2026-05-01 18:16:46,3284.56,0,0,1,0,0,0,0,1.00,0,1.00,5.13,1.54,0.00,0.11,D,0.00,0.92,0.82,12.00,0.65,WARN_WARNING,0.00,,14.90,12.30,504,1.01,47.7,1,0,0.00,0.00,0.00,0.92,0.00,0.00,0,0,0.00,0
2026-05-01 18:16:47,3285.58,0,0,0,0,0,0,0,1.00,0,1.00,5.13,1.54,0.19,0.62,D,0.00,1.17,12.00,12.00,1.09,WARN_WARNING,0.00,,14.10,12.30,504,0.00,46.1,1,0,0.00,0.00,0.00,1.17,0.00,0.00,0,0,0.00,0
2026-05-01 18:16:48,3286.59,0,0,0,0,0,0,0,0.00,0,1.00,5.13,1.54,3.28,1.00,D,0.00,12.00,12.00,12.00,1.43,^,0.00,,17.10,12.30,504,0.00,47.2,1,0,0.00,0.00,0.00,12.00,0.00,0.00,0,0,0.00,0
2026-05-01 18:16:50,3287.70,0,0,0,0,0,0,0,0.00,0,1.00,5.13,1.54,3.38,1.00,D,0.00,12.00,12.00,12.00,1.46,^,0.00,,18.60,12.30,504,0.00,46.6,1,0,0.00,0.00,0.00,12.00,0.00,0.00,0,0,0.00,0
2026-05-01 18:16:50,3288.60,0,0,0,0,0,0,0,-0.17,0,1.00,5.13,1.54,3.25,1.00,D,0.00,12.00,12.00,12.00,1.14,^,0.00,,17.70,12.30,504,0.00,46.6,1,0,0.00,0.00,0.00,12.00,0.00,0.00,0,0,0.00,0
2026-05-01 18:16:51,3289.61,0,0,0,0,0,0,0,0.00,0,1.00,5.13,1.54,3.43,1.00,D,0.00,12.00,12.00,2.00,1.21,^,0.00,,19.50,12.30,504,0.00,46.1,1,0,0.00,0.00,0.00,12.00,0.00,0.00,0,0,0.00,0
2026-05-01 18:16:52,3290.62,0,0,0,0,0,0,0,0.00,0,1.00,5.13,1.54,3.19,1.00,D,0.00,12.00,12.00,1.38,1.50,^,0.00,,17.30,12.30,504,0.00,47.2,1,0,0.00,0.00,0.00,12.00,0.00,0.00,0,0,0.00,0
2026-05-01 18:16:53,3291.64,0,0,0,0,0,0,0,-0.15,0,1.00,5.13,1.55,3.58,1.00,D,0.00,12.00,12.00,12.00,1.44,^,0.00,,17.60,12.30,504,0.00,47.2,1,0,0.00,0.00,0.00,12.00,0.00,0.00,0,0,0.00,0
2026-05-01 18:16:54,3292.64,0,0,0,0,0,0,0,0.00,0,0.98,5.13,1.55,3.61,0.84,D,0.00,3.08,12.00,3.06,1.38,^,0.00,,18.40,12.30,504,0.00,47.7,1,0,0.00,0.00,0.00,3.08,0.00,0.00,0,0,0.00,0
2026-05-01 18:16:56,3293.75,0,0,0,0,0,0,0,0.00,0,0.00,5.13,1.55,3.58,0.76,D,0.00,1.99,2.57,1.96,1.64,WARN_WARNING,0.00,,18.80,12.30,504,0.00,46.6,1,0,0.00,0.00,0.00,1.99,0.00,0.00,0,0,0.00,0
2026-05-01 18:16:57,3294.66,0,0,0,0,0,0,0,0.00,0,0.00,5.13,1.55,2.00,0.16,D,0.00,1.45,1.66,1.18,1.31,^,0.00,,17.60,12.30,504,0.00,47.2,1,0,0.00,0.00,0.00,1.45,0.00,0.00,0,0,0.00,0
2026-05-01 18:16:58,3295.67,0,0,0,0,0,0,0,0.00,1,0.00,5.13,1.55,0.49,0.00,D,0.00,0.98,1.16,1.02,1.07,WARN_WARNING,0.00,,17.40,12.30,504,0.00,47.7,1,0,0.00,0.00,0.00,0.98,0.00,0.00,0,0,0.00,0
2026-05-01 18:16:59,3296.67,0,0,0,0,0,0,0,0.00,0,0.00,5.13,1.55,0.00,0.00,D,0.00,0.95,1.14,1.02,0.44,WARN_WARNING,0.00,,16.10,12.30,504,0.75,46.6,1,0,0.00,0.00,0.00,0.95,0.00,0.00,0,0,0.00,0
2026-05-01 18:17:00,3297.68,0,0,0,0,0,0,0,0.00,0,0.00,5.13,1.55,0.00,0.00,D,0.00,0.94,1.14,0.64,0.44,WARN_WARNING,0.00,,14.50,12.30,504,1.76,47.2,1,0,0.00,0.00,0.00,0.94,0.00,0.00,0,0,0.00,0
2026-05-01 18:17:01,3298.70,0,0,0,0,0,0,0,0.00,0,0.00,5.13,1.55,0.00,0.00,D,0.00,0.95,1.14,0.47,0.45,WARN_WARNING,0.00,,16.60,12.30,504,2.77,46.1,1,0,0.00,0.00,0.00,0.95,0.00,0.00,0,0,0.00,0
2026-05-01 18:17:02,3299.81,0,0,0,1,0,0,0,-1.00,0,0.00,5.13,1.55,0.00,0.00,N,0.00,0.94,1.14,0.64,0.46,WARN_WARNING,0.00,,16.00,12.40,504,3.89,46.6,1,0,0.00,0.00,0.00,0.94,0.00,0.00,0,0,0.00,0
2026-05-01 18:17:03,3300.71,0,0,0,1,0,0,0,-1.00,0,1.00,5.13,1.54,0.01,-0.33,R,0.00,0.94,1.14,1.02,0.48,WARN_WARNING,0.00,,15.80,12.40,504,0.11,47.2,1,0,0.00,0.00,0.00,0.94,0.00,0.00,0,0,0.00,0
2026-05-01 18:17:04,3301.73,0,0,0,0,0,0,0,-1.00,0,0.00,5.13,1.54,0.58,-0.53,R,0.00,1.04,1.19,1.03,0.81,WARN_WARNING,0.00,,17.30,12.30,504,0.00,47.7,1,0,0.00,0.00,0.00,1.04,0.00,0.00,0,0,0.00,0
2026-05-01 18:17:05,3302.74,0,0,1,0,0,0,0,1.00,0,0.00,5.13,1.54,0.49,0.00,D,0.00,1.30,1.33,1.45,0.94,^,0.00,,17.40,12.30,504,0.00,47.7,1,0,0.00,0.00,0.00,1.30,0.00,0.00,0,0,0.00,0
2026-05-01 18:17:06,3303.75,0,0,1,0,0,0,0,0.88,0,1.00,5.13,1.54,0.02,0.35,D,0.00,1.76,1.37,12.00,0.84,^,0.00,,16.40,12.30,504,0.01,47.7,1,0,0.00,0.00,0.00,1.76,0.00,0.00,0,0,0.00,0
2026-05-01 18:17:07,3304.76,0,0,0,0,0,0,0,0.00,0,0.00,5.13,1.54,0.71,0.59,D,0.00,2.03,1.33,12.00,0.71,^,0.00,,18.10,12.30,504,0.00,47.7,1,0,0.00,0.00,0.00,2.03,0.00,0.00,0,0,0.00,0
2026-05-01 18:17:08,3305.87,0,0,0,0,0,0,0,0.00,0,0.00,5.13,1.54,1.97,0.68,D,0.00,12.00,1.31,3.58,0.91,^,0.00,,17.90,12.30,504,0.00,48.8,1,0,0.00,0.00,0.00,12.00,0.00,0.00,0,0,0.00,0
2026-05-01 18:17:09,3306.79,0,0,0,0,0,0,0,-0.66,0,1.00,5.13,1.54,1.76,0.91,D,0.00,12.00,1.50,3.22,1.36,^,0.00,,16.50,12.30,504,0.00,49.4,1,0,0.00,0.00,0.00,12.00,0.00,0.00,0,0,0.00,0
2026-05-01 18:17:10,3307.80,0,0,0,0,0,0,0,0.00,0,1.00,5.13,1.54,3.94,1.00,D,0.00,3.13,1.52,4.10,1.52,^,0.00,,17.50,12.30,504,0.00,47.7,1,0,0.00,0.00,0.00,3.13,0.00,0.00,0,0,0.00,0
2026-05-01 18:17:11,3308.81,0,0,0,0,0,0,0,0.00,0,0.00,5.13,1.54,4.00,0.93,D,0.00,1.40,1.39,3.53,1.59,WARN_WARNING,0.00,,15.70,12.30,504,0.00,47.7,1,0,0.00,0.00,0.00,1.40,0.00,0.00,0,0,0.00,0
2026-05-01 18:17:12,3309.83,0,0,0,0,0,0,0,0.00,1,0.00,5.13,1.54,0.00,0.00,D,0.00,0.55,0.57,2.50,1.28,STOP_WARNING,0.00,aeb_stop,14.10,12.30,504,0.13,48.8,1,1,0.00,0.00,0.00,0.55,0.00,0.00,0,0,0.00,0
2026-05-01 18:17:13,3310.84,0,0,0,0,0,0,0,0.85,1,0.00,5.13,1.54,0.00,0.00,D,0.00,0.55,0.57,2.50,1.27,STOP_WARNING,0.00,aeb_stop,16.60,12.30,504,0.86,47.7,1,1,0.00,0.00,0.00,0.55,0.00,0.00,0,0,0.00,0
2026-05-01 18:17:14,3311.85,0,0,0,0,0,0,0,0.00,1,0.00,5.13,1.54,0.00,0.00,D,0.00,0.56,0.57,2.50,1.27,STOP_WARNING,0.00,aeb_stop,15.40,12.30,504,1.88,47.7,1,1,0.00,0.00,0.00,0.56,0.00,0.00,0,0,0.00,0
2026-05-01 18:17:15,3312.86,0,0,0,0,0,0,0,0.00,1,0.00,5.13,1.54,0.00,0.00,D,0.00,0.55,0.57,2.50,1.27,STOP_WARNING,0.00,aeb_stop,14.30,12.30,504,2.89,48.8,1,1,0.00,0.00,0.00,0.55,0.00,0.00,0,0,0.00,0
2026-05-01 18:17:16,3313.87,0,0,1,0,0,0,0,0.69,1,0.00,5.13,1.54,0.00,0.00,D,0.00,0.55,0.57,2.49,0.88,STOP_WARNING,0.00,aeb_stop,16.80,12.30,504,3.90,46.6,1,1,0.00,0.00,0.00,0.55,0.00,0.00,0,0,0.00,0
2026-05-01 18:17:17,3314.88,0,0,0,0,0,0,0,0.81,1,0.00,5.13,1.54,0.00,0.00,D,0.00,0.55,0.57,2.50,0.42,STOP_WARNING,0.00,aeb_stop,16.00,12.30,504,0.29,47.2,1,1,0.00,0.00,0.00,0.55,0.00,0.00,0,0,0.00,0
2026-05-01 18:17:18,3315.90,0,0,0,1,0,0,0,-1.00,0,1.00,5.13,1.54,0.02,-0.27,R,0.00,0.56,0.56,0.71,1.27,STOP_WARNING,0.00,,15.90,12.30,504,0.05,47.2,1,0,0.00,0.00,0.00,0.56,0.00,0.00,0,0,0.00,0
2026-05-01 18:17:19,3316.91,0,0,0,0,0,0,0,-1.00,0,0.00,5.13,1.54,0.58,-0.58,R,0.00,0.92,0.67,2.96,1.27,WARN_WARNING,0.00,,19.70,12.30,504,0.00,46.6,1,0,0.00,0.00,0.00,0.92,0.00,0.00,0,0,0.00,0
2026-05-01 18:17:20,3318.02,0,0,1,0,0,0,0,0.00,0,1.00,5.13,1.54,0.03,0.14,D,0.00,2.81,0.84,3.59,1.19,^,0.00,,16.50,12.30,504,0.33,46.6,1,0,0.00,0.00,0.00,2.81,0.00,0.00,0,0,0.00,0
2026-05-01 18:17:21,3318.92,0,0,0,0,0,0,0,0.00,0,1.00,5.13,1.54,0.35,0.65,D,0.00,2.76,0.81,3.58,1.23,^,0.00,,16.40,12.30,504,0.00,46.1,1,0,0.00,0.00,0.00,2.76,0.00,0.00,0,0,0.00,0
2026-05-01 18:17:22,3320.04,0,0,0,0,0,0,0,-0.26,0,0.00,5.13,1.54,0.81,0.15,D,0.00,2.38,0.69,3.52,0.85,^,0.00,,16.60,12.30,504,0.00,47.7,1,0,0.00,0.00,0.00,2.38,0.00,0.00,0,0,0.00,0
2026-05-01 18:17:23,3320.94,0,0,0,0,0,0,0,-0.26,0,0.67,5.13,1.54,0.01,0.41,D,0.00,2.31,0.68,12.00,0.74,^,0.00,,16.10,12.30,504,0.01,47.2,1,0,0.00,0.00,0.00,2.31,0.00,0.00,0,0,0.00,0
2026-05-01 18:17:24,3321.95,0,0,0,0,0,0,0,-0.34,0,0.00,5.13,1.54,0.64,0.34,D,0.00,2.16,0.68,3.09,0.67,^,0.00,,15.80,12.30,504,0.00,47.7,1,0,0.00,0.00,0.00,2.16,0.00,0.00,0,0,0.00,0
2026-05-01 18:17:25,3322.96,0,0,0,0,0,0,0,0.00,0,0.00,5.13,1.54,0.00,0.00,D,0.00,2.06,0.69,2.77,0.67,^,0.00,,14.60,12.30,504,0.36,47.7,1,0,0.00,0.00,0.00,2.06,0.00,0.00,0,0,0.00,0
2026-05-01 18:17:25,3323.57,0,0,0,0,1,0,0,0.00,0,0.00,5.13,1.54,0.00,0.00,D,0.00,2.06,0.69,2.79,0.67,^,0.00,,15.80,12.30,504,0.97,48.3,1,0,0.00,0.00,0.00,2.06,0.00,0.00,0,0,0.00,0
