Current Time,Time Since Program Started (s),Autonomous Mode (On/Off),Cruise Control (Active/Inactive),Shift Up PRND (Event),Shift Down PRND (Event),Quit (Event),Increase CC (Event),Decrease CC (Event),Steer (Value),Brake (On/Off),Gas (Value),Maximum Speed Recall (MPH),Average Speed (MPH),Current Speed (MPH),Motor PWM Value,Gear Mode,Cruise Control Target Speed (MPH),LiDAR Front Distance (m),LiDAR Left Distance (m),LiDAR Right Distance (m),LiDAR Back Distance (m),LiDAR Determined Direction,Target Heading (deg),Stop Reason,CPU Usage (%),Memory Usage (%),Number of LiDAR Points in Scan,Time Since Last Hall Sensor Pulse (s),CPU Temp (C),AEB Enabled (On/Off),AEB Triggered (On/Off),PID Output (Cruise Control),LiDAR Best Heading (deg),LiDAR Heading Confidence,LiDAR Forward Clearance (m),Camera Steering Bias,Camera Confidence,Camera Left Edge Found,Camera Right Edge Found,Camera Corridor Width (px),Driveway Cut Suspected
2026-04-25 14:09:06,10.02,0,0,0,0,0,0,0,0.00,1,0.00,0.00,0.00,0.00,0.00,P,0.00,0.83,0.80,0.67,1.59,WARN_WARNING,0.00,,8.70,13.70,504,10.02,41.7,1,0,0.00,0.00,0.00,0.83,0.00,0.00,0,0,0.00,0
2026-04-25 14:09:07,11.02,0,0,0,0,0,0,0,0.00,1,0.00,0.00,0.00,0.00,0.00,P,0.00,0.82,0.80,0.62,1.59,WARN_WARNING,0.00,,14.20,13.70,504,11.02,41.1,1,0,0.00,0.00,0.00,0.82,0.00,0.00,0,0,0.00,0
2026-04-25 14:09:08,12.04,0,0,0,0,0,0,0,0.00,1,0.00,0.00,0.00,0.00,0.00,P,0.00,0.93,0.80,0.64,0.66,WARN_WARNING,0.00,,14.90,13.60,504,12.04,42.8,1,0,0.00,0.00,0.00,0.93,0.00,0.00,0,0,0.00,0
2026-04-25 14:09:09,13.05,0,0,0,0,0,0,0,0.00,1,0.00,0.00,0.00,0.00,0.00,P,0.00,0.82,0.80,0.64,0.64,WARN_WARNING,0.00,,17.60,13.50,504,13.05,41.7,1,0,0.00,0.00,0.00,0.82,0.00,0.00,0,0,0.00,0
2026-04-25 14:09:10,14.06,0,0,0,0,0,0,0,0.00,1,0.00,0.00,0.00,0.00,0.00,P,0.00,0.94,0.80,1.34,0.71,WARN_WARNING,0.00,,14.10,13.50,504,14.06,42.8,1,0,0.00,0.00,0.00,0.94,0.00,0.00,0,0,0.00,0
2026-04-25 14:09:11,15.07,0,0,0,0,0,0,0,0.00,1,0.00,0.00,0.00,0.00,0.00,P,0.00,0.83,0.80,1.34,0.69,WARN_WARNING,0.00,,16.30,13.40,504,15.07,41.7,1,0,0.00,0.00,0.00,0.83,0.00,0.00,0,0,0.00,0
2026-04-25 14:09:12,16.08,0,0,0,0,0,0,0,0.00,1,0.00,0.00,0.00,0.00,0.00,P,0.00,0.93,0.81,1.34,0.68,WARN_WARNING,0.00,,13.40,13.30,504,16.08,43.3,1,0,0.00,0.00,0.00,0.93,0.00,0.00,0,0,0.00,0
2026-04-25 14:09:13,17.09,0,0,0,0,0,0,0,0.00,1,0.00,0.00,0.00,0.00,0.00,P,0.00,0.93,0.80,1.33,0.64,WARN_WARNING,0.00,,13.80,13.20,504,17.09,42.8,1,0,0.00,0.00,0.00,0.93,0.00,0.00,0,0,0.00,0
2026-04-25 14:09:14,18.09,0,0,0,0,0,0,0,0.00,1,0.00,0.00,0.00,0.00,0.00,P,0.00,0.95,0.80,1.34,0.64,WARN_WARNING,0.00,,14.80,13.20,504,18.09,43.3,1,0,0.00,0.00,0.00,0.95,0.00,0.00,0,0,0.00,0
2026-04-25 14:09:15,19.10,0,0,0,0,0,0,0,0.00,1,0.00,0.00,0.00,0.00,0.00,P,0.00,0.93,0.80,1.34,0.64,WARN_WARNING,0.00,,15.10,13.10,504,19.10,42.8,1,0,0.00,0.00,0.00,0.93,0.00,0.00,0,0,0.00,0
2026-04-25 14:09:16,20.11,0,0,0,0,0,0,0,0.00,1,0.00,0.00,0.00,0.00,0.00,P,0.00,0.81,0.80,0.64,0.63,WARN_WARNING,0.00,,14.40,12.90,504,20.11,41.7,1,0,0.00,0.00,0.00,0.81,0.00,0.00,0,0,0.00,0
2026-04-25 14:09:17,21.12,0,0,0,0,0,0,0,0.00,1,0.00,0.00,0.00,0.00,0.00,P,0.00,0.94,0.80,1.34,0.63,WARN_WARNING,0.00,,17.80,13.00,504,21.12,42.8,1,0,0.00,0.00,0.00,0.94,0.00,0.00,0,0,0.00,0
2026-04-25 14:09:18,22.13,0,0,0,0,0,0,0,0.00,1,0.00,0.00,0.00,0.00,0.00,P,0.00,0.82,0.80,0.59,0.60,WARN_WARNING,0.00,,16.30,12.90,504,22.13,42.8,1,0,0.00,0.00,0.00,0.82,0.00,0.00,0,0,0.00,0
2026-04-25 14:09:19,23.13,0,0,0,0,0,0,0,0.00,1,0.00,0.00,0.00,0.00,0.00,P,0.00,0.81,0.80,0.59,0.60,WARN_WARNING,0.00,,13.40,12.90,504,23.13,41.7,1,0,0.00,0.00,0.00,0.81,0.00,0.00,0,0,0.00,0
2026-04-25 14:09:20,24.14,0,0,0,0,0,0,0,0.00,1,0.00,0.00,0.00,0.00,0.00,P,0.00,0.94,0.80,0.59,0.60,WARN_WARNING,0.00,,15.30,12.80,504,24.14,42.8,1,0,0.00,0.00,0.00,0.94,0.00,0.00,0,0,0.00,0
2026-04-25 14:09:21,25.15,0,0,0,0,0,0,0,0.00,1,0.00,0.00,0.00,0.00,0.00,P,0.00,0.94,0.80,0.60,0.60,WARN_WARNING,0.00,,13.80,12.80,504,25.15,41.7,1,0,0.00,0.00,0.00,0.94,0.00,0.00,0,0,0.00,0
2026-04-25 14:09:22,26.17,0,0,0,0,0,0,0,0.00,1,0.00,0.00,0.00,0.00,0.00,P,0.00,0.81,0.80,0.59,0.59,WARN_WARNING,0.00,,14.00,12.80,504,26.17,42.8,1,0,0.00,0.00,0.00,0.81,0.00,0.00,0,0,0.00,0
2026-04-25 14:09:23,27.18,0,0,0,0,0,0,0,0.00,1,0.00,0.00,0.00,0.00,0.00,P,0.00,0.94,0.80,0.58,0.59,WARN_WARNING,0.00,,14.90,12.80,504,27.18,42.2,1,0,0.00,0.00,0.00,0.94,0.00,0.00,0,0,0.00,0
2026-04-25 14:09:24,28.19,0,0,0,0,0,0,0,0.00,1,0.00,0.00,0.00,0.00,0.00,P,0.00,0.96,0.80,0.59,0.59,WARN_WARNING,0.00,,15.70,12.70,504,28.19,42.8,1,0,0.00,0.00,0.00,0.96,0.00,0.00,0,0,0.00,0
2026-04-25 14:09:25,29.20,0,0,0,0,0,0,0,0.00,1,0.00,0.00,0.00,0.00,0.00,P,0.00,0.95,0.80,0.35,0.34,WARN_WARNING,0.00,,16.50,12.70,504,29.20,41.7,1,0,0.00,0.00,0.00,0.95,0.00,0.00,0,0,0.00,0
2026-04-25 14:09:26,30.21,0,0,0,0,0,0,0,0.00,1,0.00,0.00,0.00,0.00,0.00,P,0.00,0.83,0.80,0.46,0.41,WARN_WARNING,0.00,,15.20,12.80,504,30.21,41.7,1,0,0.00,0.00,0.00,0.83,0.00,0.00,0,0,0.00,0
2026-04-25 14:09:27,31.21,0,0,1,0,0,0,0,0.00,0,0.00,0.00,0.00,0.00,0.00,N,0.00,0.94,0.80,1.34,0.24,WARN_WARNING,0.00,,15.10,12.70,504,31.21,42.2,1,0,0.00,0.00,0.00,0.94,0.00,0.00,0,0,0.00,0
2026-04-25 14:09:28,32.22,0,0,0,0,0,0,0,0.00,0,0.00,0.00,0.00,0.00,0.00,N,0.00,0.83,0.80,1.34,0.14,WARN_WARNING,0.00,,14.50,12.70,504,32.22,43.9,1,0,0.00,0.00,0.00,0.83,0.00,0.00,0,0,0.00,0
2026-04-25 14:09:29,33.24,0,0,0,0,0,0,0,0.00,0,0.00,0.00,0.00,0.00,0.00,N,0.00,1.12,1.46,0.99,0.08,WARN_WARNING,0.00,,16.20,12.70,504,33.24,43.3,1,0,0.00,0.00,0.00,1.12,0.00,0.00,0,0,0.00,0
2026-04-25 14:09:30,34.25,0,0,0,0,0,0,0,0.00,0,0.00,0.00,0.00,0.00,0.00,N,0.00,1.05,0.54,1.39,0.17,WARN_WARNING,0.00,,14.60,12.60,504,34.25,43.3,1,0,0.00,0.00,0.00,1.05,0.00,0.00,0,0,0.00,0
2026-04-25 14:09:31,35.27,0,0,0,0,0,0,0,0.00,0,0.00,0.00,0.00,0.00,0.00,N,0.00,4.04,0.55,0.59,0.15,^,0.00,,13.80,12.60,504,0.69,43.3,1,0,0.00,0.00,0.00,4.04,0.00,0.00,0,0,0.00,0
2026-04-25 14:09:32,36.27,0,0,1,0,0,0,0,0.00,0,0.00,0.00,0.00,0.00,0.00,D,0.00,4.04,0.54,0.59,0.55,^,0.00,,16.30,12.60,504,1.70,43.3,1,0,0.00,0.00,0.00,4.04,0.00,0.00,0,0,0.00,0
2026-04-25 14:09:33,37.27,0,0,0,0,0,0,0,0.00,0,0.00,0.00,0.00,0.00,0.00,D,0.00,4.04,0.55,0.58,0.55,^,0.00,,16.80,12.60,504,2.70,43.9,1,0,0.00,0.00,0.00,4.04,0.00,0.00,0,0,0.00,0
2026-04-25 14:09:34,38.29,0,0,0,0,0,0,0,0.00,0,0.00,0.00,0.00,0.00,0.00,D,0.00,4.04,0.54,0.59,0.55,^,0.00,,15.40,12.60,504,3.71,43.9,1,0,0.00,0.00,0.00,4.04,0.00,0.00,0,0,0.00,0
2026-04-25 14:09:35,39.30,0,0,0,0,0,0,0,0.00,0,0.00,0.00,0.00,0.00,0.00,D,0.00,4.04,0.55,0.59,0.55,^,0.00,,14.70,12.60,504,4.72,43.9,1,0,0.00,0.00,0.00,4.04,0.00,0.00,0,0,0.00,0
2026-04-25 14:09:36,40.31,0,0,0,0,0,0,0,0.00,0,0.00,0.00,0.00,0.00,0.00,D,0.00,4.04,0.54,0.59,0.55,^,0.00,,16.70,12.60,504,5.73,43.3,1,0,0.00,0.00,0.00,4.04,0.00,0.00,0,0,0.00,0
2026-04-25 14:09:37,41.32,0,0,0,0,0,0,0,0.00,0,1.00,0.00,0.00,0.00,0.43,D,0.00,4.04,0.55,0.59,0.55,^,0.00,,14.50,12.60,504,6.74,42.8,1,0,0.00,0.00,0.00,4.04,0.00,0.00,0,0,0.00,0
2026-04-25 14:09:38,42.43,0,0,0,0,0,0,0,1.00,0,1.00,0.00,0.00,0.00,0.78,D,0.00,4.04,0.55,0.59,0.55,^,0.00,,15.10,12.60,504,7.86,42.8,1,0,0.00,0.00,0.00,4.04,0.00,0.00,0,0,0.00,0
2026-04-25 14:09:39,43.34,0,0,0,0,0,0,0,0.86,0,0.00,0.00,0.00,0.00,0.58,D,0.00,12.00,0.55,0.58,0.55,^,0.00,,16.50,12.60,504,8.76,43.3,1,0,0.00,0.00,0.00,12.00,0.00,0.00,0,0,0.00,0
2026-04-25 14:09:40,44.35,0,0,0,0,0,0,0,0.00,0,0.00,0.00,0.00,0.00,0.00,D,0.00,12.00,0.54,0.59,0.39,^,0.00,,16.60,12.30,504,9.77,43.9,1,0,0.00,0.00,0.00,12.00,0.00,0.00,0,0,0.00,0
2026-04-25 14:09:41,45.36,0,0,0,0,0,0,0,0.00,0,0.00,0.00,0.00,0.00,0.00,D,0.00,12.00,0.55,0.59,0.23,^,0.00,,15.10,12.30,504,10.78,42.2,1,0,0.00,0.00,0.00,12.00,0.00,0.00,0,0,0.00,0
2026-04-25 14:09:42,46.36,0,0,0,0,0,0,0,0.00,0,0.00,0.00,0.00,0.00,0.00,D,0.00,12.00,0.54,0.59,0.22,^,0.00,,15.70,12.20,504,0.20,42.2,1,0,0.00,0.00,0.00,12.00,0.00,0.00,0,0,0.00,0
2026-04-25 14:09:43,47.37,0,0,0,0,0,0,0,0.00,0,1.00,0.01,0.00,0.00,0.38,D,0.00,12.00,0.55,1.40,0.37,^,0.00,,14.80,12.20,504,0.03,42.8,1,0,0.00,0.00,0.00,12.00,0.00,0.00,0,0,0.00,0
2026-04-25 14:09:44,48.48,0,0,0,0,0,0,0,0.00,0,1.00,0.44,0.00,0.44,0.72,D,0.00,12.00,0.56,1.39,0.55,^,0.00,,16.60,12.20,504,0.00,44.4,1,0,0.00,0.00,0.00,12.00,0.00,0.00,0,0,0.00,0
2026-04-25 14:09:45,49.39,0,0,0,0,0,0,0,0.00,0,1.00,1.71,0.03,1.71,0.79,D,0.00,2.19,0.65,1.13,0.64,^,0.00,,18.50,12.20,504,0.00,43.9,1,0,0.00,0.00,0.00,2.19,0.00,0.00,0,0,0.00,0
2026-04-25 14:09:46,50.40,0,0,0,0,0,0,0,0.00,0,0.00,3.10,0.08,3.03,0.65,D,0.00,2.18,0.89,1.17,0.85,^,0.00,,17.70,12.20,504,0.00,43.9,1,0,0.00,0.00,0.00,2.18,0.00,0.00,0,0,0.00,0
2026-04-25 14:09:47,51.42,0,0,0,0,0,0,0,0.00,0,1.00,3.10,0.13,3.00,1.00,D,0.00,12.00,0.84,1.14,0.85,^,0.00,,17.40,12.20,504,0.00,43.3,1,0,0.00,0.00,0.00,12.00,0.00,0.00,0,0,0.00,0
2026-04-25 14:09:48,52.53,0,0,0,0,0,0,0,0.00,1,0.00,3.49,0.19,1.40,0.00,D,0.00,12.00,3.39,1.24,1.18,^,0.00,,18.00,12.20,504,0.00,43.9,1,0,0.00,0.00,0.00,12.00,0.00,0.00,0,0,0.00,0
2026-04-25 14:09:49,53.43,0,0,0,0,0,0,0,0.00,0,0.00,3.49,0.19,0.00,0.00,D,0.00,12.00,3.39,1.45,1.20,^,0.00,,14.40,12.20,504,0.63,42.8,1,0,0.00,0.00,0.00,12.00,0.00,0.00,0,0,0.00,0
2026-04-25 14:09:50,54.44,0,0,0,0,0,0,0,0.00,0,0.00,3.49,0.19,0.00,0.00,D,0.00,12.00,3.39,1.45,1.20,^,0.00,,14.20,12.20,504,1.65,42.2,1,0,0.00,0.00,0.00,12.00,0.00,0.00,0,0,0.00,0
2026-04-25 14:09:51,55.46,0,0,0,0,0,0,0,0.00,0,0.00,3.49,0.18,0.00,0.00,D,0.00,12.00,3.39,1.44,1.20,^,0.00,,15.50,12.20,504,2.66,44.4,1,0,0.00,0.00,0.00,12.00,0.00,0.00,0,0,0.00,0
2026-04-25 14:09:52,56.47,0,0,0,0,0,0,0,0.00,0,0.00,3.49,0.18,0.00,0.00,D,0.00,12.00,3.39,1.45,1.20,^,0.00,,14.00,12.10,504,3.67,42.8,1,0,0.00,0.00,0.00,12.00,0.00,0.00,0,0,0.00,0
2026-04-25 14:09:53,57.48,0,0,0,0,0,0,0,0.00,0,0.00,3.49,0.18,0.00,0.00,D,0.00,12.00,3.39,1.44,1.20,^,0.00,,14.20,12.10,504,4.69,43.9,1,0,0.00,0.00,0.00,12.00,0.00,0.00,0,0,0.00,0
2026-04-25 14:09:54,58.50,0,0,0,0,0,0,0,0.00,0,0.00,3.49,0.17,0.00,0.00,D,0.00,12.00,3.39,1.46,1.20,^,0.00,,15.50,12.10,504,5.70,43.9,1,0,0.00,0.00,0.00,12.00,0.00,0.00,0,0,0.00,0
2026-04-25 14:09:55,59.51,0,0,0,0,0,0,0,0.00,0,0.00,3.49,0.17,0.00,0.00,D,0.00,12.00,3.39,1.45,1.20,^,0.00,,14.40,12.10,504,6.72,43.9,1,0,0.00,0.00,0.00,12.00,0.00,0.00,0,0,0.00,0
2026-04-25 14:09:56,60.53,0,0,0,0,0,0,0,0.00,0,0.00,3.49,0.17,0.00,0.00,D,0.00,12.00,3.39,1.45,1.20,^,0.00,,14.50,12.10,504,7.73,44.4,1,0,0.00,0.00,0.00,12.00,0.00,0.00,0,0,0.00,0
2026-04-25 14:09:57,61.54,0,0,0,0,0,0,0,0.00,0,0.00,3.49,0.17,0.00,0.00,D,0.00,12.00,3.39,1.45,1.20,^,0.00,,15.10,12.10,504,8.74,42.8,1,0,0.00,0.00,0.00,12.00,0.00,0.00,0,0,0.00,0
2026-04-25 14:09:58,62.55,0,0,0,0,0,0,0,0.00,0,0.00,3.49,0.16,0.00,0.00,D,0.00,12.00,3.39,1.45,1.20,^,0.00,,14.20,12.10,504,9.75,43.9,1,0,0.00,0.00,0.00,12.00,0.00,0.00,0,0,0.00,0
2026-04-25 14:09:59,63.56,0,0,0,0,0,0,0,0.52,0,1.00,3.49,0.16,0.02,0.36,D,0.00,12.00,3.39,1.44,1.20,^,0.00,,16.10,12.10,504,0.02,42.2,1,0,0.00,0.00,0.00,12.00,0.00,0.00,0,0,0.00,0
2026-04-25 14:10:00,64.57,0,0,0,0,0,0,0,0.00,0,1.00,3.49,0.16,0.96,0.64,D,0.00,12.00,12.00,1.40,1.22,^,0.00,,16.20,12.10,504,0.00,43.9,1,0,0.00,0.00,0.00,12.00,0.00,0.00,0,0,0.00,0
2026-04-25 14:10:01,65.58,0,0,0,0,0,0,0,0.00,0,1.00,3.49,0.19,2.15,0.79,D,0.00,12.00,12.00,1.50,1.41,^,0.00,,18.40,12.10,504,0.00,43.9,1,0,0.00,0.00,0.00,12.00,0.00,0.00,0,0,0.00,0
2026-04-25 14:10:02,66.59,0,0,0,0,0,0,0,0.00,0,0.49,3.49,0.23,2.93,0.76,D,0.00,12.00,4.24,2.82,1.32,^,0.00,,18.60,12.10,504,0.00,44.4,1,0,0.00,0.00,0.00,12.00,0.00,0.00,0,0,0.00,0
2026-04-25 14:10:03,67.60,0,0,0,0,0,0,0,0.19,0,0.94,3.49,0.26,2.66,0.72,D,0.00,12.00,12.00,2.25,1.02,^,0.00,,19.70,12.10,504,0.00,43.3,1,0,0.00,0.00,0.00,12.00,0.00,0.00,0,0,0.00,0
2026-04-25 14:10:04,68.61,0,0,0,0,0,0,0,0.00,0,0.00,3.49,0.30,2.85,0.45,D,0.00,12.00,12.00,12.00,0.81,^,0.00,,16.40,12.10,504,0.00,43.9,1,0,0.00,0.00,0.00,12.00,0.00,0.00,0,0,0.00,0
2026-04-25 14:10:05,69.62,0,0,0,0,0,0,0,0.00,0,1.00,3.49,0.34,2.67,0.09,D,0.00,12.00,12.00,12.00,0.70,^,0.00,,14.80,12.10,504,0.00,45.0,1,0,0.00,0.00,0.00,12.00,0.00,0.00,0,0,0.00,0
2026-04-25 14:10:06,70.63,0,0,0,0,0,0,0,0.22,0,0.91,3.49,0.37,2.79,0.47,D,0.00,12.00,12.00,12.00,0.52,^,0.00,,15.50,12.10,504,0.00,43.9,1,0,0.00,0.00,0.00,12.00,0.00,0.00,0,0,0.00,0
2026-04-25 14:10:07,71.64,0,0,0,0,0,0,0,0.00,0,0.96,3.49,0.41,3.45,0.70,D,0.00,12.00,12.00,12.00,0.65,^,0.00,,14.80,12.10,504,0.00,45.0,1,0,0.00,0.00,0.00,12.00,0.00,0.00,0,0,0.00,0
2026-04-25 14:10:08,72.66,0,0,0,0,0,0,0,0.00,1,0.00,3.66,0.45,3.41,0.00,D,0.00,12.00,12.00,12.00,0.97,^,0.00,,15.60,12.10,504,0.00,45.5,1,0,0.00,0.00,0.00,12.00,0.00,0.00,0,0,0.00,0
2026-04-25 14:10:09,73.67,0,0,0,0,0,0,0,0.00,0,1.00,3.66,0.47,1.40,0.24,D,0.00,12.00,12.00,12.00,0.71,^,0.00,,17.50,12.10,504,0.00,46.1,1,0,0.00,0.00,0.00,12.00,0.00,0.00,0,0,0.00,0
2026-04-25 14:10:10,74.68,0,0,0,0,0,0,0,-0.43,0,0.00,3.66,0.49,1.49,0.38,D,0.00,12.00,12.00,12.00,0.55,^,0.00,,15.80,12.10,504,0.00,45.0,1,0,0.00,0.00,0.00,12.00,0.00,0.00,0,0,0.00,0
2026-04-25 14:10:11,75.70,0,0,0,0,0,0,0,0.00,0,0.00,3.66,0.49,0.00,0.00,D,0.00,12.00,12.00,12.00,0.57,^,0.00,,15.70,12.10,504,0.20,45.5,1,0,0.00,0.00,0.00,12.00,0.00,0.00,0,0,0.00,0
2026-04-25 14:10:12,76.71,0,0,0,0,0,0,0,0.00,0,0.00,3.66,0.48,0.00,0.00,D,0.00,12.00,12.00,12.00,0.70,^,0.00,,14.70,12.10,504,1.22,43.9,1,0,0.00,0.00,0.00,12.00,0.00,0.00,0,0,0.00,0
2026-04-25 14:10:13,77.72,1,0,0,0,0,0,0,0.23,0,1.00,3.66,0.48,0.00,0.21,D,0.00,12.00,12.00,12.00,0.69,^,14.05,,13.80,12.10,504,2.23,45.0,1,0,0.00,0.00,0.00,12.00,0.23,1.00,0,0,0.00,0
2026-04-25 14:10:14,78.73,1,0,0,0,0,0,0,0.21,0,1.00,3.66,0.47,0.33,0.71,D,0.00,12.00,12.00,12.00,0.72,^,12.49,,14.10,12.10,504,0.00,43.9,1,0,0.00,0.00,0.00,12.00,0.21,1.00,0,0,0.00,0
2026-04-25 14:10:15,79.75,1,0,0,0,0,0,0,-0.27,0,0.20,3.66,0.48,2.95,0.98,D,0.00,12.00,12.00,12.00,1.36,^,-16.45,,17.10,12.10,504,0.00,44.4,1,0,0.00,0.00,0.00,12.00,-0.27,1.00,0,0,0.00,0
2026-04-25 14:10:16,80.75,1,0,0,0,0,0,0,0.08,0,1.00,3.66,0.52,3.32,1.00,D,0.00,3.96,12.00,12.00,1.67,^,4.97,,17.80,12.10,504,0.00,45.5,1,0,0.00,0.00,0.00,3.96,0.08,1.00,0,0,0.00,0
2026-04-25 14:10:17,81.76,1,0,0,0,0,0,0,-0.10,0,1.00,3.66,0.55,3.39,1.00,D,0.00,2.56,2.74,12.00,1.56,^,-5.96,,17.50,12.10,504,0.00,44.4,1,0,0.00,0.00,0.00,2.56,-0.10,1.00,0,0,0.00,0
2026-04-25 14:10:18,82.77,1,0,0,0,0,0,0,0.35,0,0.20,3.66,0.59,3.52,0.95,D,0.00,1.14,2.26,12.00,1.50,WARN_WARNING,20.81,,18.10,12.00,504,0.00,44.4,1,0,0.00,0.00,0.00,1.14,0.35,1.00,0,0,0.00,0
2026-04-25 14:10:19,83.79,0,0,0,1,0,0,0,1.00,0,1.00,3.66,0.60,0.06,-0.05,R,0.00,0.58,12.00,12.00,1.35,STOP_WARNING,0.00,,17.20,12.10,504,0.02,44.4,1,0,0.00,0.00,0.00,0.58,0.00,0.00,0,0,0.00,0
2026-04-25 14:10:20,84.80,0,0,0,0,0,0,0,1.00,0,1.00,3.66,0.59,0.08,-0.56,R,0.00,0.59,12.00,12.00,1.36,STOP_WARNING,0.00,,14.90,12.10,504,0.00,43.9,1,0,0.00,0.00,0.00,0.59,0.00,0.00,0,0,0.00,0
2026-04-25 14:10:21,85.81,0,0,0,0,0,0,0,0.00,0,1.00,3.66,0.59,1.09,-0.41,R,0.00,0.89,2.31,12.00,1.14,WARN_WARNING,0.00,,17.50,12.10,504,0.00,44.4,1,0,0.00,0.00,0.00,0.89,0.00,0.00,0,0,0.00,0
2026-04-25 14:10:22,86.83,0,0,0,0,0,0,0,0.16,0,1.00,3.66,0.60,1.50,-0.67,R,0.00,1.41,2.33,12.00,1.35,^,0.00,,16.60,12.10,504,0.00,43.9,1,0,0.00,0.00,0.00,1.41,0.00,0.00,0,0,0.00,0
2026-04-25 14:10:23,87.84,0,0,0,0,0,0,0,0.00,0,0.00,3.66,0.61,2.08,-0.30,R,0.00,2.19,2.69,12.00,1.29,^,0.00,,16.60,12.00,504,0.00,43.3,1,0,0.00,0.00,0.00,2.19,0.00,0.00,0,0,0.00,0
2026-04-25 14:10:24,88.85,1,0,0,0,0,0,0,0.04,0,1.00,3.66,0.63,0.96,0.25,D,0.00,2.85,12.00,12.00,1.15,^,2.32,,17.00,12.10,504,0.00,45.5,1,0,0.00,0.00,0.00,2.85,0.04,1.00,0,0,0.00,0
2026-04-25 14:10:25,89.87,1,0,0,0,0,0,0,-0.03,0,1.00,3.66,0.62,0.39,0.75,D,0.00,2.93,12.00,12.00,1.15,^,-1.78,,14.80,12.10,504,0.00,44.4,1,0,0.00,0.00,0.00,2.93,-0.03,1.00,0,0,0.00,0
2026-04-25 14:10:26,90.88,1,0,0,0,0,0,0,-0.10,0,1.00,3.66,0.64,3.13,1.00,D,0.00,2.22,2.58,12.00,1.07,^,-6.13,,16.00,12.00,504,0.00,43.3,1,0,0.00,0.00,0.00,2.22,-0.10,1.00,0,0,0.00,0
2026-04-25 14:10:27,91.89,1,0,0,0,0,0,0,0.06,0,1.00,3.66,0.67,3.24,1.00,D,0.00,12.00,1.73,0.99,1.26,^,3.65,,16.30,12.00,504,0.00,45.0,1,0,0.00,0.00,0.00,12.00,0.06,1.00,0,0,0.00,0
2026-04-25 14:10:28,92.90,1,0,0,0,0,0,0,0.22,0,1.00,3.66,0.69,3.13,0.95,D,0.00,12.00,12.00,2.91,1.12,^,13.15,,17.70,12.00,504,0.00,44.4,1,0,0.00,0.00,0.00,12.00,0.22,1.00,0,0,0.00,0
2026-04-25 14:10:29,93.91,1,0,0,0,0,0,0,-0.19,0,1.00,3.66,0.72,2.28,0.68,D,0.00,12.00,12.00,2.15,1.13,^,-11.14,,16.00,12.00,504,0.00,43.3,1,0,0.00,0.00,0.00,12.00,-0.19,1.00,0,0,0.00,0
2026-04-25 14:10:30,94.92,1,0,0,0,0,0,0,0.21,0,1.00,3.66,0.73,2.48,0.99,D,0.00,12.00,12.00,1.52,1.01,^,12.70,,18.40,12.00,504,0.00,44.4,1,0,0.00,0.00,0.00,12.00,0.21,1.00,0,0,0.00,0
2026-04-25 14:10:31,95.93,1,0,0,0,0,0,0,0.14,0,1.00,3.70,0.76,3.70,1.00,D,0.00,2.16,2.65,12.00,1.16,^,8.68,,17.40,12.00,504,0.00,45.0,1,0,0.00,0.00,0.00,2.16,0.14,1.00,0,0,0.00,0
2026-04-25 14:10:33,97.04,1,0,0,0,0,0,0,0.01,0,1.00,3.70,0.78,3.51,1.00,D,0.00,12.00,12.00,12.00,1.19,^,0.69,,15.90,12.00,504,0.00,45.0,1,0,0.00,0.00,0.00,12.00,0.01,1.00,0,0,0.00,0
2026-04-25 14:10:33,97.95,1,0,0,0,0,0,0,-0.22,0,1.00,3.70,0.81,3.53,0.97,D,0.00,12.00,12.00,12.00,1.13,^,-12.96,,17.30,12.00,504,0.00,45.5,1,0,0.00,0.00,0.00,12.00,-0.22,1.00,0,0,0.00,0
2026-04-25 14:10:34,98.95,1,0,0,0,0,0,0,0.28,0,0.20,3.70,0.84,3.53,0.91,D,0.00,12.00,12.00,12.00,1.10,^,17.06,,17.60,12.00,504,0.00,44.4,1,0,0.00,0.00,0.00,12.00,0.28,1.00,0,0,0.00,0
2026-04-25 14:10:35,99.96,1,0,0,0,0,0,0,-0.03,0,1.00,3.70,0.87,3.43,1.00,D,0.00,12.00,12.00,12.00,1.06,^,-1.81,,16.00,12.00,504,0.00,45.0,1,0,0.00,0.00,0.00,12.00,-0.03,1.00,0,0,0.00,0
2026-04-25 14:10:37,101.07,1,0,0,0,0,0,0,0.13,0,1.00,3.70,0.89,3.48,1.00,D,0.00,12.00,12.00,12.00,1.14,^,7.87,,17.10,12.00,504,0.00,44.4,1,0,0.00,0.00,0.00,12.00,0.13,1.00,0,0,0.00,0
2026-04-25 14:10:37,101.97,1,0,0,0,0,0,0,0.18,0,1.00,3.70,0.92,3.58,1.00,D,0.00,12.00,12.00,12.00,1.27,^,10.88,,17.90,12.10,504,0.00,43.3,1,0,0.00,0.00,0.00,12.00,0.18,1.00,0,0,0.00,0
2026-04-25 14:10:38,102.98,1,0,0,0,0,0,0,0.22,0,1.00,3.70,0.94,3.51,1.00,D,0.00,2.83,2.81,12.00,1.31,^,13.30,,16.60,12.00,504,0.00,44.4,1,0,0.00,0.00,0.00,2.83,0.22,1.00,0,0,0.00,0
2026-04-25 14:10:40,103.99,1,0,0,0,0,0,0,0.58,0,0.20,3.70,0.97,3.33,0.75,D,0.00,2.33,2.12,12.00,1.24,^,34.92,,19.30,12.00,504,0.00,43.3,1,0,0.00,0.00,0.00,2.33,0.58,1.00,0,0,0.00,0
2026-04-25 14:10:41,105.00,1,0,0,0,0,0,0,-0.03,0,1.00,3.70,0.99,2.25,0.76,D,0.00,12.00,12.00,12.00,0.97,^,-1.86,,16.30,12.00,504,0.00,43.3,1,0,0.00,0.00,0.00,12.00,-0.03,1.00,0,0,0.00,0
2026-04-25 14:10:42,106.02,1,0,0,0,0,0,0,-0.08,0,1.00,3.70,1.00,2.39,0.51,D,0.00,0.74,12.00,0.74,1.28,WARN_WARNING,-5.05,,16.80,12.00,504,0.00,44.4,1,0,0.00,0.00,0.00,0.74,-0.08,1.00,0,0,0.00,0
2026-04-25 14:10:43,107.02,0,0,0,0,0,0,0,0.00,0,1.00,3.70,1.00,1.65,0.96,D,0.00,12.00,2.86,12.00,1.41,^,0.00,,16.80,12.00,504,0.00,43.9,1,0,0.00,0.00,0.00,12.00,0.00,0.00,0,0,0.00,0
2026-04-25 14:10:44,108.04,0,0,0,0,0,0,0,-0.50,0,1.00,3.70,1.02,3.19,1.00,D,0.00,2.76,2.56,12.00,1.89,^,0.00,,16.80,12.00,504,0.00,44.4,1,0,0.00,0.00,0.00,2.76,0.00,0.00,0,0,0.00,0
2026-04-25 14:10:45,109.05,0,0,0,0,0,0,0,0.00,0,1.00,4.15,1.04,1.97,1.00,D,0.00,12.00,1.83,12.00,1.14,^,0.00,,17.00,12.00,504,0.00,43.9,1,0,0.00,0.00,0.00,12.00,0.00,0.00,0,0,0.00,0
2026-04-25 14:10:46,110.06,0,0,0,0,0,0,0,-0.99,0,1.00,4.15,1.04,0.54,1.00,D,0.00,12.00,12.00,12.00,1.60,^,0.00,,12.90,12.00,504,0.00,44.4,1,0,0.00,0.00,0.00,12.00,0.00,0.00,0,0,0.00,0
2026-04-25 14:10:47,111.06,0,0,0,0,0,0,0,0.00,0,0.00,4.15,1.05,2.28,0.47,D,0.00,1.86,1.74,12.00,1.44,^,0.00,,15.20,12.00,504,0.00,46.1,1,0,0.00,0.00,0.00,1.86,0.00,0.00,0,0,0.00,0
2026-04-25 14:10:48,112.07,0,0,0,1,0,0,0,-1.00,0,1.00,4.15,1.05,0.07,-0.36,R,0.00,2.09,1.99,12.00,1.91,^,0.00,,12.10,12.00,504,0.01,46.6,1,0,0.00,0.00,0.00,2.09,0.00,0.00,0,0,0.00,0
2026-04-25 14:10:49,113.18,0,0,0,0,0,0,0,0.00,0,0.04,4.15,1.04,0.80,-0.42,R,0.00,12.00,2.72,12.00,2.25,^,0.00,,15.60,12.00,504,0.00,45.0,1,0,0.00,0.00,0.00,12.00,0.00,0.00,0,0,0.00,0
2026-04-25 14:10:50,114.09,0,0,0,0,0,0,0,0.00,0,0.00,4.15,1.04,1.43,-0.27,R,0.00,12.00,2.72,12.00,1.95,^,0.00,,16.90,12.10,504,0.00,45.0,1,0,0.00,0.00,0.00,12.00,0.00,0.00,0,0,0.00,0
2026-04-25 14:10:51,115.10,0,0,0,0,0,0,0,0.00,0,0.00,4.15,1.04,0.42,-0.00,R,0.00,12.00,2.40,12.00,1.80,^,0.00,,16.10,12.10,504,0.00,45.5,1,0,0.00,0.00,0.00,12.00,0.00,0.00,0,0,0.00,0
2026-04-25 14:10:52,116.12,0,0,0,0,0,0,0,0.00,0,0.00,4.15,1.03,0.00,-0.00,R,0.00,12.00,2.32,12.00,1.80,^,0.00,,14.80,12.00,504,0.82,44.4,1,0,0.00,0.00,0.00,12.00,0.00,0.00,0,0,0.00,0
2026-04-25 14:10:53,117.13,0,0,0,0,0,0,0,0.00,0,0.00,4.15,1.03,0.00,-0.00,R,0.00,12.00,2.46,12.00,1.40,^,0.00,,13.20,12.10,504,1.84,44.4,1,0,0.00,0.00,0.00,12.00,0.00,0.00,0,0,0.00,0
2026-04-25 14:10:54,118.15,1,0,0,0,0,0,0,0.03,0,1.00,4.15,1.02,0.01,0.35,D,0.00,12.00,2.46,12.00,0.92,^,1.53,,13.80,12.00,504,0.18,45.5,1,0,0.00,0.00,0.00,12.00,0.03,1.00,0,0,0.00,0
2026-04-25 14:10:55,119.16,1,0,0,0,0,0,0,-0.05,0,1.00,4.15,1.01,0.80,0.86,D,0.00,12.00,12.00,12.00,0.98,^,-3.23,,14.90,12.00,504,0.00,45.5,1,0,0.00,0.00,0.00,12.00,-0.05,1.00,0,0,0.00,0
2026-04-25 14:10:56,120.17,1,0,0,0,0,0,0,0.21,0,1.00,4.15,1.02,3.37,1.00,D,0.00,12.00,12.00,12.00,1.35,^,12.36,,16.20,12.00,504,0.00,45.5,1,0,0.00,0.00,0.00,12.00,0.21,1.00,0,0,0.00,0
2026-04-25 14:10:57,121.18,1,0,0,0,0,0,0,0.15,0,1.00,4.15,1.04,3.57,1.00,D,0.00,12.00,12.00,12.00,1.42,^,9.25,,17.00,12.10,504,0.00,43.9,1,0,0.00,0.00,0.00,12.00,0.15,1.00,0,0,0.00,0
2026-04-25 14:10:58,122.19,1,0,0,0,0,0,0,0.27,0,0.20,4.15,1.06,3.43,0.92,D,0.00,12.00,3.61,12.00,1.48,^,16.39,,17.10,12.00,504,0.00,43.9,1,0,0.00,0.00,0.00,12.00,0.27,1.00,0,0,0.00,0
2026-04-25 14:10:59,123.20,1,0,0,0,0,0,0,0.30,0,0.20,4.15,1.08,3.54,0.98,D,0.00,12.00,2.32,12.00,1.52,^,17.89,,17.20,12.00,504,0.00,43.9,1,0,0.00,0.00,0.00,12.00,0.30,1.00,0,0,0.00,0
2026-04-25 14:11:00,124.21,1,0,0,0,0,0,0,-0.20,0,1.00,4.15,1.10,3.27,1.00,D,0.00,12.00,1.96,12.00,1.56,^,-11.90,,17.70,12.00,504,0.00,43.9,1,0,0.00,0.00,0.00,12.00,-0.20,1.00,0,0,0.00,0
2026-04-25 14:11:01,125.22,1,0,0,0,0,0,0,-0.01,0,1.00,4.15,1.12,3.50,1.00,D,0.00,12.00,1.94,12.00,1.50,^,-0.80,,16.10,12.00,504,0.00,45.0,1,0,0.00,0.00,0.00,12.00,-0.01,1.00,0,0,0.00,0
2026-04-25 14:11:02,126.24,1,0,0,0,0,0,0,0.20,0,1.00,4.15,1.14,2.95,1.00,D,0.00,12.00,2.71,12.00,1.29,^,12.05,,17.80,12.00,504,0.00,43.3,1,0,0.00,0.00,0.00,12.00,0.20,1.00,0,0,0.00,0
2026-04-25 14:11:03,127.35,1,0,0,0,0,0,0,0.08,0,1.00,4.15,1.15,3.58,1.00,D,0.00,12.00,12.00,12.00,1.31,^,5.02,,16.40,12.00,504,0.00,45.0,1,0,0.00,0.00,0.00,12.00,0.08,1.00,0,0,0.00,0
2026-04-25 14:11:04,128.26,0,0,0,0,0,0,0,-1.00,1,0.00,4.15,1.17,3.93,0.00,D,0.00,0.91,12.00,0.45,0.45,STOP_WARNING,0.00,aeb_stop,17.50,12.00,504,0.00,43.3,1,1,0.00,0.00,0.00,0.91,0.00,0.00,0,0,0.00,0
2026-04-25 14:11:05,129.27,0,0,0,0,0,0,0,0.00,1,0.00,4.15,1.17,0.00,0.00,D,0.00,0.12,12.00,0.08,0.08,STOP_WARNING,0.00,aeb_stop,15.20,12.00,504,0.80,45.0,1,1,0.00,0.00,0.00,0.12,0.00,0.00,0,0,0.00,0
2026-04-25 14:11:06,130.28,0,0,0,0,0,0,0,0.00,1,0.00,4.15,1.16,0.00,0.00,D,0.00,0.12,12.00,0.08,0.08,STOP_WARNING,0.00,aeb_stop,15.50,12.00,504,1.81,43.9,1,1,0.00,0.00,0.00,0.12,0.00,0.00,0,0,0.00,0
2026-04-25 14:11:07,131.39,0,0,0,0,0,0,0,0.00,1,0.00,4.15,1.15,0.00,0.00,D,0.00,0.12,12.00,0.08,0.07,STOP_WARNING,0.00,aeb_stop,14.20,12.00,504,2.92,44.4,1,1,0.00,0.00,0.00,0.12,0.00,0.00,0,0,0.00,0
2026-04-25 14:11:08,132.30,0,0,0,0,0,0,0,0.00,1,0.00,4.15,1.14,0.00,0.00,D,0.00,0.12,12.00,0.08,0.07,STOP_WARNING,0.00,aeb_stop,17.20,12.00,504,0.85,44.4,1,1,0.00,0.00,0.00,0.12,0.00,0.00,0,0,0.00,0
2026-04-25 14:11:09,133.30,0,0,0,0,0,0,0,0.00,1,0.00,4.15,1.13,0.00,0.00,D,0.00,0.45,0.59,0.22,0.11,STOP_WARNING,0.00,aeb_stop,14.90,12.00,504,1.86,42.8,1,1,0.00,0.00,0.00,0.45,0.00,0.00,0,0,0.00,0
2026-04-25 14:11:10,134.32,0,0,0,0,0,0,0,0.00,1,0.00,4.15,1.13,0.00,0.00,D,0.00,1.38,0.34,0.67,0.10,^,0.00,,14.70,12.00,504,0.12,44.4,1,0,0.00,0.00,0.00,1.38,0.00,0.00,0,0,0.00,0
2026-04-25 14:11:11,135.32,0,0,0,0,0,0,0,0.00,1,0.00,4.15,1.12,0.00,0.00,D,0.00,1.36,12.00,0.66,0.19,^,0.00,,14.50,12.00,504,1.13,45.5,1,0,0.00,0.00,0.00,1.36,0.00,0.00,0,0,0.00,0
2026-04-25 14:11:12,136.34,0,0,0,0,0,0,0,0.00,1,0.00,4.15,1.11,0.00,0.00,D,0.00,1.37,12.00,0.67,0.09,^,0.00,,14.70,12.00,504,2.14,43.9,1,0,0.00,0.00,0.00,1.37,0.00,0.00,0,0,0.00,0
2026-04-25 14:11:13,137.35,0,0,0,0,0,0,0,0.00,1,0.00,4.15,1.10,0.00,0.00,D,0.00,1.37,12.00,0.67,0.12,^,0.00,,13.60,12.00,504,3.15,44.4,1,0,0.00,0.00,0.00,1.37,0.00,0.00,0,0,0.00,0
2026-04-25 14:11:14,138.36,0,0,0,0,0,0,0,0.00,1,0.00,4.15,1.09,0.00,0.00,D,0.00,1.36,12.00,0.67,0.11,^,0.00,,15.20,12.00,504,4.16,45.5,1,0,0.00,0.00,0.00,1.36,0.00,0.00,0,0,0.00,0
2026-04-25 14:11:15,139.47,0,0,0,0,0,0,0,0.00,1,0.00,4.15,1.08,0.00,0.00,D,0.00,1.35,12.00,0.66,0.12,^,0.00,,13.80,12.00,504,5.28,43.9,1,0,0.00,0.00,0.00,1.35,0.00,0.00,0,0,0.00,0
2026-04-25 14:11:16,140.37,0,0,0,0,0,0,0,0.00,1,0.00,4.15,1.08,0.00,0.00,D,0.00,1.38,12.00,0.67,0.08,^,0.00,,12.30,12.00,504,6.18,46.1,1,0,0.00,0.00,0.00,1.38,0.00,0.00,0,0,0.00,0
2026-04-25 14:11:17,141.48,0,0,0,0,0,0,0,0.00,1,0.00,4.15,1.07,0.00,0.00,D,0.00,1.35,12.00,0.66,0.11,^,0.00,,12.60,12.00,504,7.29,45.0,1,0,0.00,0.00,0.00,1.35,0.00,0.00,0,0,0.00,0
2026-04-25 14:11:18,142.39,0,0,0,0,0,0,0,0.00,1,0.00,4.15,1.06,0.00,0.00,D,0.00,1.35,12.00,0.66,0.12,^,0.00,,11.70,12.00,504,0.14,44.4,1,0,0.00,0.00,0.00,1.35,0.00,0.00,0,0,0.00,0
2026-04-25 14:11:19,143.40,0,0,0,0,0,0,0,0.00,1,0.00,4.15,1.05,0.00,0.00,D,0.00,1.34,0.48,0.66,0.10,^,0.00,,12.80,12.00,504,1.15,45.5,1,0,0.00,0.00,0.00,1.34,0.00,0.00,0,0,0.00,0
2026-04-25 14:11:20,144.41,0,0,0,0,0,0,0,0.00,1,0.00,4.15,1.05,0.00,0.00,D,0.00,1.36,0.47,0.66,0.06,^,0.00,,13.20,12.00,504,0.96,45.0,1,0,0.00,0.00,0.00,1.36,0.00,0.00,0,0,0.00,0
2026-04-25 14:11:21,145.42,0,0,0,0,0,0,0,0.00,1,0.00,4.15,1.04,0.00,0.00,D,0.00,12.00,0.41,0.60,0.04,^,0.00,,15.40,12.00,504,1.96,45.5,1,0,0.00,0.00,0.00,12.00,0.00,0.00,0,0,0.00,0
2026-04-25 14:11:22,146.43,0,0,0,0,0,0,0,0.00,1,0.00,4.15,1.03,0.00,0.00,D,0.00,12.00,12.00,12.00,0.12,^,0.00,,13.60,12.00,504,0.01,45.0,1,0,0.00,0.00,0.00,12.00,0.00,0.00,0,0,0.00,0
2026-04-25 14:11:23,147.44,0,0,0,0,0,0,0,0.00,1,0.00,4.15,1.03,0.00,0.00,D,0.00,12.00,12.00,12.00,0.20,^,0.00,,16.30,12.00,504,0.05,45.0,1,0,0.00,0.00,0.00,12.00,0.00,0.00,0,0,0.00,0
2026-04-25 14:11:24,148.45,0,0,0,0,0,0,0,0.00,1,0.00,4.15,1.02,0.00,0.00,D,0.00,12.00,12.00,12.00,0.22,^,0.00,,14.10,12.00,504,1.06,44.4,1,0,0.00,0.00,0.00,12.00,0.00,0.00,0,0,0.00,0
2026-04-25 14:11:25,149.46,0,0,0,0,0,0,0,0.00,1,0.00,4.15,1.01,0.00,0.00,D,0.00,12.00,12.00,12.00,0.20,^,0.00,,15.90,12.00,504,2.07,43.9,1,0,0.00,0.00,0.00,12.00,0.00,0.00,0,0,0.00,0
2026-04-25 14:11:26,150.47,0,0,0,0,0,0,0,0.00,1,0.00,4.15,1.00,0.00,0.00,D,0.00,12.00,12.00,12.00,0.20,^,0.00,,14.20,12.00,504,0.32,43.9,1,0,0.00,0.00,0.00,12.00,0.00,0.00,0,0,0.00,0
2026-04-25 14:11:27,151.58,0,0,0,0,0,0,0,0.00,1,0.00,4.15,1.00,0.00,0.00,D,0.00,12.00,12.00,12.00,0.19,^,0.00,,15.40,12.00,504,0.06,45.0,1,0,0.00,0.00,0.00,12.00,0.00,0.00,0,0,0.00,0
2026-04-25 14:11:28,152.49,0,0,0,0,0,0,0,0.00,1,0.00,4.15,0.99,0.00,0.00,D,0.00,12.00,12.00,12.00,0.15,^,0.00,,13.90,12.00,504,0.01,44.4,1,0,0.00,0.00,0.00,12.00,0.00,0.00,0,0,0.00,0
2026-04-25 14:11:29,153.49,0,0,0,0,0,0,0,0.00,1,0.00,4.15,0.98,0.00,0.00,D,0.00,12.00,12.00,12.00,0.14,^,0.00,,15.70,12.00,504,1.01,44.4,1,0,0.00,0.00,0.00,12.00,0.00,0.00,0,0,0.00,0
2026-04-25 14:11:30,154.50,0,0,0,0,0,0,0,0.00,1,0.00,4.15,0.98,0.00,0.00,D,0.00,12.00,12.00,12.00,0.34,^,0.00,,13.70,12.00,504,2.02,43.3,1,0,0.00,0.00,0.00,12.00,0.00,0.00,0,0,0.00,0
2026-04-25 14:11:31,155.61,0,0,0,0,0,0,0,0.00,1,0.00,4.15,0.97,0.00,0.00,D,0.00,12.00,12.00,12.00,0.28,^,0.00,,13.70,12.00,504,3.13,42.8,1,0,0.00,0.00,0.00,12.00,0.00,0.00,0,0,0.00,0
2026-04-25 14:11:32,156.52,0,0,0,0,0,0,0,0.00,1,0.00,4.15,0.97,0.00,0.00,D,0.00,12.00,12.00,12.00,0.12,^,0.00,,15.20,12.00,504,4.04,45.0,1,0,0.00,0.00,0.00,12.00,0.00,0.00,0,0,0.00,0
2026-04-25 14:11:33,157.53,0,0,0,0,0,0,0,0.00,1,0.00,4.15,0.96,0.00,0.00,D,0.00,12.00,12.00,12.00,0.10,^,0.00,,14.00,12.00,504,0.21,44.4,1,0,0.00,0.00,0.00,12.00,0.00,0.00,0,0,0.00,0
2026-04-25 14:11:34,158.55,0,0,0,0,0,0,0,0.00,1,0.00,4.15,0.95,0.00,0.00,D,0.00,12.00,12.00,12.00,0.53,^,0.00,,14.10,12.00,504,0.12,44.4,1,0,0.00,0.00,0.00,12.00,0.00,0.00,0,0,0.00,0
2026-04-25 14:11:35,159.55,0,0,0,0,0,0,0,0.00,1,0.00,4.15,0.95,0.00,0.00,D,0.00,12.00,12.00,12.00,0.37,^,0.00,,14.40,12.00,504,1.12,43.9,1,0,0.00,0.00,0.00,12.00,0.00,0.00,0,0,0.00,0
2026-04-25 14:11:36,160.57,0,0,0,0,0,0,0,0.00,1,0.00,4.15,0.94,0.00,0.00,D,0.00,12.00,12.00,12.00,0.24,^,0.00,,13.90,12.00,504,2.14,42.8,1,0,0.00,0.00,0.00,12.00,0.00,0.00,0,0,0.00,0
2026-04-25 14:11:37,161.58,0,0,0,0,0,0,0,0.00,1,0.00,4.15,0.94,0.00,0.00,D,0.00,12.00,12.00,12.00,0.25,^,0.00,,13.20,12.00,504,3.15,44.4,1,0,0.00,0.00,0.00,12.00,0.00,0.00,0,0,0.00,0
2026-04-25 14:11:38,162.59,0,0,0,0,0,0,0,0.00,1,0.00,4.15,0.93,0.00,0.00,D,0.00,12.00,12.00,12.00,0.18,^,0.00,,15.30,12.00,504,0.31,43.9,1,0,0.00,0.00,0.00,12.00,0.00,0.00,0,0,0.00,0
2026-04-25 14:11:39,163.70,0,0,0,0,0,0,0,0.00,1,0.00,4.15,0.92,0.00,0.00,D,0.00,12.00,12.00,12.00,0.19,^,0.00,,15.30,12.00,504,1.43,42.8,1,0,0.00,0.00,0.00,12.00,0.00,0.00,0,0,0.00,0
2026-04-25 14:11:40,164.61,0,0,0,0,0,0,0,0.00,1,0.00,4.15,0.92,0.00,0.00,D,0.00,12.00,12.00,12.00,0.20,^,0.00,,13.80,12.00,504,2.33,43.3,1,0,0.00,0.00,0.00,12.00,0.00,0.00,0,0,0.00,0
2026-04-25 14:11:41,165.62,0,0,0,0,0,0,0,0.00,1,0.00,4.15,0.91,0.00,0.00,D,0.00,12.00,12.00,12.00,0.20,^,0.00,,14.70,12.00,504,3.34,43.3,1,0,0.00,0.00,0.00,12.00,0.00,0.00,0,0,0.00,0
2026-04-25 14:11:42,166.63,0,0,0,0,0,0,0,0.00,1,0.00,4.15,0.91,0.00,0.00,D,0.00,12.00,12.00,12.00,0.18,^,0.00,,15.40,12.00,504,0.55,43.9,1,0,0.00,0.00,0.00,12.00,0.00,0.00,0,0,0.00,0
2026-04-25 14:11:43,167.64,0,0,0,0,0,0,0,0.00,1,0.00,4.15,0.90,0.00,0.00,D,0.00,0.09,0.09,12.00,0.14,STOP_WARNING,0.00,aeb_stop,13.30,12.00,504,0.71,45.0,1,1,0.00,0.00,0.00,0.09,0.00,0.00,0,0,0.00,0
2026-04-25 14:11:44,168.65,0,0,0,0,0,0,0,0.00,1,0.00,4.15,0.90,0.00,0.00,D,0.00,0.06,12.00,0.07,0.13,STOP_WARNING,0.00,aeb_stop,14.20,12.00,504,1.72,43.3,1,1,0.00,0.00,0.00,0.06,0.00,0.00,0,0,0.00,0
2026-04-25 14:11:45,169.77,0,0,0,0,0,0,0,0.00,1,0.00,4.15,0.89,0.00,0.00,D,0.00,0.07,12.00,12.00,0.15,STOP_WARNING,0.00,aeb_stop,16.30,12.00,504,0.82,44.4,1,1,0.00,0.00,0.00,0.07,0.00,0.00,0,0,0.00,0
2026-04-25 14:11:46,170.67,0,0,0,0,0,0,0,0.00,1,0.00,4.15,0.89,0.00,0.00,D,0.00,12.00,12.00,12.00,0.55,^,0.00,,14.90,12.00,504,1.73,43.9,1,0,0.00,0.00,0.00,12.00,0.00,0.00,0,0,0.00,0
2026-04-25 14:11:47,171.68,0,0,0,0,0,0,0,0.00,1,0.00,4.15,0.88,0.00,0.00,D,0.00,12.00,12.00,12.00,1.19,^,0.00,,14.50,12.00,504,2.74,44.4,1,0,0.00,0.00,0.00,12.00,0.00,0.00,0,0,0.00,0
2026-04-25 14:11:48,172.68,0,0,0,0,0,0,0,0.00,1,0.00,4.15,0.88,0.00,0.00,D,0.00,12.00,12.00,12.00,0.45,^,0.00,,14.20,12.00,504,3.74,44.4,1,0,0.00,0.00,0.00,12.00,0.00,0.00,0,0,0.00,0
2026-04-25 14:11:49,173.70,0,0,0,0,0,0,0,0.00,1,0.00,4.15,0.87,0.00,0.00,D,0.00,12.00,12.00,12.00,0.20,^,0.00,,13.50,12.00,504,4.75,43.9,1,0,0.00,0.00,0.00,12.00,0.00,0.00,0,0,0.00,0
2026-04-25 14:11:50,174.70,0,0,0,0,0,0,0,0.00,1,0.00,4.15,0.87,0.00,0.00,D,0.00,12.00,12.00,12.00,0.67,^,0.00,,15.40,12.00,504,0.55,43.3,1,0,0.00,0.00,0.00,12.00,0.00,0.00,0,0,0.00,0
2026-04-25 14:11:51,175.71,0,0,0,0,0,0,0,0.00,1,0.00,4.15,0.86,0.00,0.00,D,0.00,12.00,12.00,12.00,0.80,^,0.00,,14.60,11.90,504,0.93,44.4,1,0,0.00,0.00,0.00,12.00,0.00,0.00,0,0,0.00,0
2026-04-25 14:11:52,176.72,0,0,0,0,0,0,0,0.00,1,0.00,4.15,0.86,0.00,0.00,D,0.00,12.00,12.00,12.00,0.17,^,0.00,,15.00,12.00,504,0.00,43.9,1,0,0.00,0.00,0.00,12.00,0.00,0.00,0,0,0.00,0
2026-04-25 14:11:53,177.83,0,0,0,0,0,0,0,0.00,1,0.00,4.15,0.85,0.00,0.00,D,0.00,12.00,12.00,12.00,0.17,^,0.00,,14.80,12.00,504,0.67,44.4,1,0,0.00,0.00,0.00,12.00,0.00,0.00,0,0,0.00,0
2026-04-25 14:11:54,178.74,0,0,0,0,0,0,0,0.00,1,0.00,4.15,0.85,0.00,0.00,D,0.00,12.00,12.00,12.00,0.13,^,0.00,,14.20,12.00,504,0.14,42.8,1,0,0.00,0.00,0.00,12.00,0.00,0.00,0,0,0.00,0
2026-04-25 14:11:55,179.75,0,0,0,0,0,0,0,0.00,1,0.00,4.15,0.84,0.00,0.00,D,0.00,12.00,12.00,12.00,0.13,^,0.00,,14.70,12.00,504,0.18,42.8,1,0,0.00,0.00,0.00,12.00,0.00,0.00,0,0,0.00,0
2026-04-25 14:11:56,180.76,0,0,0,0,0,0,0,0.00,1,0.00,4.15,0.84,0.00,0.00,D,0.00,12.00,12.00,12.00,0.35,^,0.00,,14.60,12.00,504,1.20,45.5,1,0,0.00,0.00,0.00,12.00,0.00,0.00,0,0,0.00,0
2026-04-25 14:11:57,181.77,0,0,0,0,0,0,0,0.00,1,0.00,4.15,0.83,0.00,0.00,D,0.00,12.00,12.00,12.00,0.99,^,0.00,,15.20,12.00,504,2.21,43.3,1,0,0.00,0.00,0.00,12.00,0.00,0.00,0,0,0.00,0
2026-04-25 14:11:58,182.79,0,0,0,0,0,0,0,0.00,1,0.00,4.15,0.83,0.00,0.00,D,0.00,12.00,12.00,12.00,1.65,^,0.00,,14.00,12.00,504,3.22,43.9,1,0,0.00,0.00,0.00,12.00,0.00,0.00,0,0,0.00,0
2026-04-25 14:11:59,183.90,0,0,0,0,0,0,0,0.00,1,0.00,4.15,0.82,0.00,0.00,D,0.00,12.00,12.00,12.00,1.64,^,0.00,,14.40,12.00,504,4.33,44.4,1,0,0.00,0.00,0.00,12.00,0.00,0.00,0,0,0.00,0
2026-04-25 14:12:00,184.80,0,0,0,0,0,0,0,0.00,1,0.00,4.15,0.82,0.00,0.00,D,0.00,12.00,12.00,12.00,0.87,^,0.00,,14.70,12.00,504,0.27,43.3,1,0,0.00,0.00,0.00,12.00,0.00,0.00,0,0,0.00,0
2026-04-25 14:12:01,185.81,0,0,0,0,0,0,0,0.00,1,0.00,4.15,0.81,0.00,0.00,D,0.00,12.00,12.00,12.00,0.15,^,0.00,,14.20,12.00,504,0.06,43.9,1,0,0.00,0.00,0.00,12.00,0.00,0.00,0,0,0.00,0
2026-04-25 14:12:02,186.82,0,0,0,0,0,0,0,0.00,1,0.00,4.15,0.81,0.00,0.00,D,0.00,12.00,12.00,12.00,0.12,^,0.00,,14.90,12.00,504,0.06,44.4,1,0,0.00,0.00,0.00,12.00,0.00,0.00,0,0,0.00,0
2026-04-25 14:12:03,187.83,0,0,0,0,0,0,0,0.00,1,0.00,4.15,0.80,0.00,0.00,D,0.00,12.00,12.00,12.00,0.15,^,0.00,,15.00,12.00,504,0.02,43.3,1,0,0.00,0.00,0.00,12.00,0.00,0.00,0,0,0.00,0
2026-04-25 14:12:04,188.84,0,0,0,0,0,0,0,0.00,1,0.00,4.15,0.80,0.00,0.00,D,0.00,12.00,12.00,12.00,0.13,^,0.00,,13.80,12.00,504,0.35,44.4,1,0,0.00,0.00,0.00,12.00,0.00,0.00,0,0,0.00,0
2026-04-25 14:12:05,189.96,0,0,0,0,0,0,0,0.00,1,0.00,4.15,0.80,0.00,0.00,D,0.00,12.00,12.00,12.00,0.13,^,0.00,,14.60,12.00,504,0.01,44.4,1,0,0.00,0.00,0.00,12.00,0.00,0.00,0,0,0.00,0
2026-04-25 14:12:06,190.86,0,0,0,0,0,0,0,0.00,1,0.00,4.15,0.79,0.00,0.00,D,0.00,12.00,12.00,12.00,0.13,^,0.00,,14.90,12.00,504,0.61,45.5,1,0,0.00,0.00,0.00,12.00,0.00,0.00,0,0,0.00,0
2026-04-25 14:12:07,191.87,0,0,0,0,0,0,0,0.00,1,0.00,4.15,0.79,0.00,0.00,D,0.00,12.91,12.00,12.00,0.12,^,0.00,,14.60,12.00,504,0.75,44.4,1,0,0.00,0.00,0.00,12.91,0.00,0.00,0,0,0.00,0
2026-04-25 14:12:08,192.89,0,0,0,0,0,0,0,0.00,1,0.00,4.15,0.78,0.00,0.00,D,0.00,12.00,12.00,12.00,0.10,^,0.00,,15.00,12.00,504,0.23,43.9,1,0,0.00,0.00,0.00,12.00,0.00,0.00,0,0,0.00,0
2026-04-25 14:12:09,193.90,0,0,0,0,0,0,0,0.00,1,0.00,4.15,0.78,0.00,0.00,D,0.00,12.00,12.00,12.00,0.77,^,0.00,,13.70,12.00,504,0.09,46.1,1,0,0.00,0.00,0.00,12.00,0.00,0.00,0,0,0.00,0
2026-04-25 14:12:10,194.91,0,0,0,0,0,0,0,0.00,1,0.00,4.15,0.78,0.00,0.00,D,0.00,12.00,12.00,12.00,1.04,^,0.00,,14.10,12.00,504,1.11,45.0,1,0,0.00,0.00,0.00,12.00,0.00,0.00,0,0,0.00,0
2026-04-25 14:12:12,196.02,1,0,0,0,0,0,0,0.34,0,0.20,4.15,0.77,0.00,0.03,D,0.00,12.00,12.00,12.00,0.97,^,20.62,,13.70,12.00,504,0.43,43.3,1,0,0.00,0.00,0.00,12.00,0.34,1.00,0,0,0.00,0
2026-04-25 14:12:12,196.93,1,0,0,0,0,0,0,0.41,0,0.20,4.15,0.77,0.01,0.20,D,0.00,12.00,12.00,12.00,0.77,^,24.70,,14.70,12.00,504,0.05,42.8,1,0,0.00,0.00,0.00,12.00,0.41,1.00,0,0,0.00,0
2026-04-25 14:12:14,198.04,0,0,0,0,0,0,0,-0.25,0,0.20,4.15,0.76,0.00,0.20,D,0.00,12.00,12.00,12.00,0.74,^,0.00,,14.40,12.00,504,1.16,45.5,1,0,0.00,0.00,0.00,12.00,0.00,0.00,0,0,0.00,0
2026-04-25 14:12:14,198.94,0,0,0,0,0,0,0,0.26,0,0.20,4.15,0.76,0.00,0.20,D,0.00,12.00,12.00,12.00,0.76,^,0.00,,17.10,12.00,504,2.06,45.5,1,0,0.00,0.00,0.00,12.00,0.00,0.00,0,0,0.00,0
2026-04-25 14:12:15,199.95,0,0,0,0,0,0,0,0.00,0,0.20,4.15,0.76,0.00,0.20,D,0.00,12.00,12.00,12.00,0.77,^,0.00,,15.60,12.00,504,3.07,45.0,1,0,0.00,0.00,0.00,12.00,0.00,0.00,0,0,0.00,0
2026-04-25 14:12:16,200.96,0,0,0,0,0,0,0,0.00,0,1.00,4.15,0.75,0.02,0.56,D,0.00,12.92,12.00,12.00,0.77,^,0.00,,14.10,12.00,504,0.06,43.9,1,0,0.00,0.00,0.00,12.92,0.00,0.00,0,0,0.00,0
2026-04-25 14:12:18,202.07,1,0,0,0,0,0,0,0.38,0,0.20,4.15,0.75,1.45,0.62,D,0.00,12.00,12.00,12.00,0.97,^,22.78,,14.80,12.00,504,0.00,45.0,1,0,0.00,0.00,0.00,12.00,0.38,1.00,0,0,0.00,0
2026-04-25 14:12:18,202.97,1,0,0,0,0,0,0,0.33,0,0.20,4.15,0.75,0.38,0.20,D,0.00,12.00,12.00,12.00,0.99,^,19.81,,16.00,12.00,504,0.00,43.9,1,0,0.00,0.00,0.00,12.00,0.33,1.00,0,0,0.00,0
2026-04-25 14:12:19,203.98,1,0,0,0,0,0,0,0.39,0,0.20,4.15,0.75,0.00,0.20,D,0.00,12.00,12.00,12.00,0.79,^,23.41,,14.00,12.00,504,1.00,43.3,1,0,0.00,0.00,0.00,12.00,0.39,1.00,0,0,0.00,0
2026-04-25 14:12:21,205.00,1,0,0,0,0,0,0,-0.13,0,1.00,4.15,0.75,0.00,0.33,D,0.00,12.00,12.00,12.00,0.53,^,-7.66,,15.30,12.00,504,2.02,43.9,1,0,0.00,0.00,0.00,12.00,-0.13,1.00,0,0,0.00,0
2026-04-25 14:12:22,206.00,1,0,0,0,0,0,0,-0.03,0,1.00,4.15,0.74,0.32,0.76,D,0.00,12.00,12.00,12.00,0.56,^,-1.67,,14.60,12.00,504,0.00,43.9,1,0,0.00,0.00,0.00,12.00,-0.03,1.00,0,0,0.00,0
2026-04-25 14:12:23,207.02,1,0,0,0,0,0,0,0.22,0,1.00,4.15,0.75,3.02,0.86,D,0.00,12.00,12.00,12.00,1.17,^,13.01,,16.20,12.00,504,0.00,43.3,1,0,0.00,0.00,0.00,12.00,0.22,1.00,0,0,0.00,0
2026-04-25 14:12:24,208.13,1,0,0,0,0,0,0,0.21,0,1.00,4.15,0.76,2.60,0.99,D,0.00,12.86,12.00,12.00,1.33,^,12.54,,16.70,12.00,504,0.00,45.0,1,0,0.00,0.00,0.00,12.86,0.21,1.00,0,0,0.00,0
2026-04-25 14:12:25,209.04,1,0,0,0,0,0,0,-0.09,0,1.00,4.15,0.77,3.52,1.00,D,0.00,12.00,12.00,12.00,1.43,^,-5.62,,16.80,12.00,504,0.00,43.9,1,0,0.00,0.00,0.00,12.00,-0.09,1.00,0,0,0.00,0
2026-04-25 14:12:26,210.05,0,0,0,0,0,0,0,-1.00,0,0.35,4.15,0.78,3.11,0.74,D,0.00,12.00,5.98,12.00,1.69,^,0.00,,17.20,12.00,504,0.00,43.3,1,0,0.00,0.00,0.00,12.00,0.00,0.00,0,0,0.00,0
2026-04-25 14:12:27,211.06,0,0,0,0,0,0,0,0.00,0,0.00,4.15,0.79,1.60,0.86,D,0.00,12.00,12.00,12.00,1.29,^,0.00,,17.60,12.00,504,0.00,44.4,1,0,0.00,0.00,0.00,12.00,0.00,0.00,0,0,0.00,0
2026-04-25 14:12:28,212.07,0,0,0,0,0,0,0,0.00,0,0.00,4.15,0.79,1.41,0.25,D,0.00,12.00,12.00,12.00,1.20,^,0.00,,17.00,12.00,504,0.00,43.3,1,0,0.00,0.00,0.00,12.00,0.00,0.00,0,0,0.00,0
2026-04-25 14:12:29,213.09,1,0,0,0,0,0,0,0.14,0,1.00,4.15,0.79,0.00,0.18,D,0.00,12.00,2.71,12.00,0.66,^,8.40,,14.90,12.00,504,0.31,44.4,1,0,0.00,0.00,0.00,12.00,0.14,1.00,0,0,0.00,0
2026-04-25 14:12:30,214.20,1,0,0,0,0,0,0,0.17,0,1.00,4.15,0.79,0.12,0.68,D,0.00,12.00,2.72,12.00,0.60,^,10.13,,14.40,12.00,504,0.00,43.3,1,0,0.00,0.00,0.00,12.00,0.17,1.00,0,0,0.00,0
2026-04-25 14:12:31,215.10,1,0,0,0,0,0,0,0.15,0,1.00,4.15,0.79,1.21,0.84,D,0.00,12.00,12.00,12.00,0.64,^,8.91,,16.90,12.00,504,0.00,44.4,1,0,0.00,0.00,0.00,12.00,0.15,1.00,0,0,0.00,0
2026-04-25 14:12:32,216.12,1,0,0,0,0,0,0,0.01,0,1.00,4.15,0.79,3.44,1.00,D,0.00,12.00,12.00,12.00,1.10,^,0.83,,16.20,12.00,504,0.00,43.9,1,0,0.00,0.00,0.00,12.00,0.01,1.00,0,0,0.00,0
2026-04-25 14:12:33,217.13,1,0,0,0,0,0,0,-0.00,0,1.00,4.15,0.81,3.65,1.00,D,0.00,12.00,12.00,12.00,1.47,^,-0.18,,16.50,12.00,504,0.00,44.4,1,0,0.00,0.00,0.00,12.00,-0.00,1.00,0,0,0.00,0
2026-04-25 14:12:34,218.14,1,0,0,0,0,0,0,0.08,0,1.00,4.15,0.82,3.63,1.00,D,0.00,12.00,12.00,12.00,1.70,^,5.04,,17.60,11.90,504,0.00,43.3,1,0,0.00,0.00,0.00,12.00,0.08,1.00,0,0,0.00,0
2026-04-25 14:12:35,219.16,1,0,0,0,0,0,0,0.06,0,1.00,4.15,0.83,3.62,1.00,D,0.00,12.00,12.00,12.00,1.65,^,3.64,,14.20,12.00,504,0.00,45.5,1,0,0.00,0.00,0.00,12.00,0.06,1.00,0,0,0.00,0
2026-04-25 14:12:36,220.27,1,0,0,0,0,0,0,0.18,0,1.00,4.15,0.85,3.58,1.00,D,0.00,12.00,12.00,12.00,1.56,^,10.94,,13.60,12.00,504,0.00,46.6,1,0,0.00,0.00,0.00,12.00,0.18,1.00,0,0,0.00,0
2026-04-25 14:12:37,221.17,1,0,0,0,0,0,0,0.13,0,1.00,4.15,0.86,3.59,1.00,D,0.00,12.00,12.00,12.00,1.46,^,8.02,,14.90,12.00,504,0.00,46.1,1,0,0.00,0.00,0.00,12.00,0.13,1.00,0,0,0.00,0
2026-04-25 14:12:38,222.18,1,0,0,0,0,0,0,0.18,0,1.00,4.15,0.87,3.60,1.00,D,0.00,12.00,2.62,12.00,1.35,^,10.51,,14.80,12.00,504,0.00,45.0,1,0,0.00,0.00,0.00,12.00,0.18,1.00,0,0,0.00,0
2026-04-25 14:12:39,223.19,0,0,0,0,0,0,0,0.00,1,1.00,4.15,0.88,3.14,0.00,D,0.00,12.00,1.78,12.00,1.40,^,0.00,,14.50,12.00,504,0.00,45.0,1,0,0.00,0.00,0.00,12.00,0.00,0.00,0,0,0.00,0
2026-04-25 14:12:40,224.20,0,0,0,0,0,0,0,0.00,0,1.00,4.15,0.88,0.00,0.30,D,0.00,12.00,1.69,12.00,0.58,^,0.00,,14.80,12.00,504,0.05,45.5,1,0,0.00,0.00,0.00,12.00,0.00,0.00,0,0,0.00,0
2026-04-25 14:12:41,225.21,0,0,0,0,0,0,0,0.00,0,1.00,4.15,0.88,0.49,0.81,D,0.00,12.00,1.68,12.00,0.29,^,0.00,,15.30,12.00,504,0.00,45.5,1,0,0.00,0.00,0.00,12.00,0.00,0.00,0,0,0.00,0
2026-04-25 14:12:42,226.22,0,0,0,0,0,0,0,0.00,1,1.00,4.15,0.88,3.09,0.00,D,0.00,12.00,12.00,12.00,0.99,^,0.00,,15.90,12.00,504,0.00,46.1,1,0,0.00,0.00,0.00,12.00,0.00,0.00,0,0,0.00,0
2026-04-25 14:12:43,227.23,0,0,0,0,0,0,0,0.00,0,1.00,4.15,0.88,0.01,0.30,D,0.00,12.00,12.00,12.00,0.83,^,0.00,,13.30,12.00,504,0.32,43.9,1,0,0.00,0.00,0.00,12.00,0.00,0.00,0,0,0.00,0
2026-04-25 14:12:44,228.24,0,0,0,0,0,0,0,0.00,1,1.00,4.15,0.88,0.40,0.00,D,0.00,12.00,12.00,12.00,0.52,^,0.00,,12.60,12.00,504,0.00,46.6,1,0,0.00,0.00,0.00,12.00,0.00,0.00,0,0,0.00,0
2026-04-25 14:12:45,229.25,0,0,0,0,0,0,0,1.00,0,1.00,4.15,0.88,0.00,0.14,D,0.00,12.00,12.00,12.00,0.54,^,0.00,,12.20,12.00,504,0.71,46.6,1,0,0.00,0.00,0.00,12.00,0.00,0.00,0,0,0.00,0
2026-04-25 14:12:46,230.36,0,0,0,0,0,0,0,0.00,0,1.00,4.15,0.87,0.07,0.64,D,0.00,12.00,12.00,12.00,0.53,^,0.00,,13.40,12.00,504,0.00,45.5,1,0,0.00,0.00,0.00,12.00,0.00,0.00,0,0,0.00,0
2026-04-25 14:12:47,231.27,0,0,0,0,0,0,0,0.00,0,0.00,4.15,0.87,0.00,0.00,D,0.00,12.00,12.00,12.00,0.43,^,0.00,,13.50,12.00,504,0.40,46.1,1,0,0.00,0.00,0.00,12.00,0.00,0.00,0,0,0.00,0
2026-04-25 14:12:48,232.38,0,0,0,0,0,0,0,0.00,0,0.00,4.15,0.87,0.00,0.00,D,0.00,12.00,12.00,0.31,0.25,^,0.00,,14.20,12.00,504,0.59,45.0,1,0,0.00,0.00,0.00,12.00,0.00,0.00,0,0,0.00,0
2026-04-25 14:12:49,233.28,0,0,0,0,0,0,0,0.00,0,0.00,4.15,0.86,0.00,0.00,D,0.00,12.00,12.00,0.24,0.25,^,0.00,,14.50,12.00,504,0.20,45.5,1,0,0.00,0.00,0.00,12.00,0.00,0.00,0,0,0.00,0
2026-04-25 14:12:50,234.29,0,0,0,0,0,0,0,0.00,0,0.00,4.15,0.86,0.00,0.00,D,0.00,12.00,12.00,0.22,0.23,^,0.00,,14.60,12.00,504,0.70,44.4,1,0,0.00,0.00,0.00,12.00,0.00,0.00,0,0,0.00,0
2026-04-25 14:12:51,235.30,0,0,0,0,0,0,0,0.00,0,0.00,4.15,0.85,0.00,0.00,D,0.00,12.00,12.00,0.20,0.22,^,0.00,,14.80,12.00,504,0.13,45.0,1,0,0.00,0.00,0.00,12.00,0.00,0.00,0,0,0.00,0
2026-04-25 14:12:52,236.32,0,0,0,0,0,0,0,0.00,0,0.00,4.15,0.85,0.00,0.00,D,0.00,12.00,12.00,0.20,0.21,^,0.00,,15.50,12.00,504,0.16,45.0,1,0,0.00,0.00,0.00,12.00,0.00,0.00,0,0,0.00,0
2026-04-25 14:12:53,237.32,0,0,0,0,0,0,0,0.00,0,0.00,4.15,0.85,0.00,0.00,D,0.00,12.00,12.00,0.19,0.20,^,0.00,,14.80,12.00,504,0.16,43.9,1,0,0.00,0.00,0.00,12.00,0.00,0.00,0,0,0.00,0
2026-04-25 14:12:54,238.33,0,0,0,0,0,0,0,0.00,0,0.00,4.15,0.84,0.00,0.00,D,0.00,12.00,12.00,0.20,0.20,^,0.00,,13.30,12.00,504,0.00,44.4,1,0,0.00,0.00,0.00,12.00,0.00,0.00,0,0,0.00,0
2026-04-25 14:12:55,239.34,0,0,0,0,0,0,0,0.00,0,0.00,4.15,0.84,0.00,0.00,D,0.00,2.15,0.93,0.34,0.29,^,0.00,,16.00,12.00,504,0.01,43.3,1,0,0.00,0.00,0.00,2.15,0.00,0.00,0,0,0.00,0
2026-04-25 14:12:56,240.45,0,0,0,0,0,0,0,0.00,0,0.00,4.15,0.84,0.00,0.00,D,0.00,1.94,0.72,12.00,0.29,^,0.00,,16.60,12.00,504,0.90,45.5,1,0,0.00,0.00,0.00,1.94,0.00,0.00,0,0,0.00,0
2026-04-25 14:12:57,241.36,0,0,0,0,0,0,0,0.00,0,0.00,4.15,0.83,0.00,0.00,D,0.00,2.07,0.92,12.00,0.28,^,0.00,,13.10,12.00,504,0.19,44.4,1,0,0.00,0.00,0.00,2.07,0.00,0.00,0,0,0.00,0
2026-04-25 14:12:58,242.47,0,0,0,0,0,0,0,0.00,0,0.00,4.15,0.83,0.00,0.00,D,0.00,12.00,12.00,0.23,0.23,^,0.00,,14.60,12.00,504,0.52,44.4,1,0,0.00,0.00,0.00,12.00,0.00,0.00,0,0,0.00,0
2026-04-25 14:12:59,243.37,0,0,0,0,0,0,0,0.00,0,0.00,4.15,0.83,0.00,0.00,D,0.00,12.00,12.00,0.29,0.29,^,0.00,,14.30,12.00,504,0.54,43.3,1,0,0.00,0.00,0.00,12.00,0.00,0.00,0,0,0.00,0
2026-04-25 14:13:00,244.48,1,0,0,0,0,0,0,0.16,0,1.00,4.15,0.82,0.00,0.06,D,0.00,12.00,12.00,12.00,0.41,^,9.85,,13.90,12.00,504,1.65,44.4,1,0,0.00,0.00,0.00,12.00,0.16,1.00,0,0,0.00,0
2026-04-25 14:13:01,245.39,1,0,0,0,0,0,0,0.17,0,1.00,4.15,0.82,0.02,0.56,D,0.00,12.00,12.00,12.00,0.90,^,10.03,,15.50,12.00,504,0.01,45.0,1,0,0.00,0.00,0.00,12.00,0.17,1.00,0,0,0.00,0
2026-04-25 14:13:02,246.40,1,0,0,0,0,0,0,0.27,0,0.20,4.15,0.82,1.85,0.83,D,0.00,12.00,12.00,12.00,1.04,^,16.17,,15.50,12.00,504,0.00,44.4,1,0,0.00,0.00,0.00,12.00,0.27,1.00,0,0,0.00,0
2026-04-25 14:13:03,247.41,1,0,0,0,0,0,0,0.15,0,1.00,4.15,0.82,2.73,0.99,D,0.00,12.00,12.00,12.00,1.02,^,9.25,,16.10,12.00,504,0.00,44.4,1,0,0.00,0.00,0.00,12.00,0.15,1.00,0,0,0.00,0
2026-04-25 14:13:04,248.42,1,0,0,0,0,0,0,-0.07,0,1.00,4.15,0.84,3.63,1.00,D,0.00,12.00,12.00,12.00,1.30,^,-4.34,,15.50,12.00,504,0.00,45.0,1,0,0.00,0.00,0.00,12.00,-0.07,1.00,0,0,0.00,0
2026-04-25 14:13:05,249.43,1,0,0,0,0,0,0,0.09,0,1.00,4.15,0.85,3.67,1.00,D,0.00,12.00,12.00,12.00,1.54,^,5.40,,15.70,12.00,504,0.00,44.4,1,0,0.00,0.00,0.00,12.00,0.09,1.00,0,0,0.00,0
2026-04-25 14:13:06,250.45,1,0,0,0,0,0,0,0.02,0,1.00,4.15,0.86,3.57,1.00,D,0.00,12.00,12.00,12.00,2.42,^,1.38,,14.20,12.00,504,0.00,46.1,1,0,0.00,0.00,0.00,12.00,0.02,1.00,0,0,0.00,0
2026-04-25 14:13:07,251.46,0,0,0,0,0,0,0,0.00,0,0.20,4.15,0.87,3.56,0.71,D,0.00,12.00,12.00,12.00,2.41,^,0.00,,15.20,12.00,504,0.00,45.5,1,0,0.00,0.00,0.00,12.00,0.00,0.00,0,0,0.00,0
2026-04-25 14:13:08,252.47,0,0,0,0,0,0,0,0.00,0,0.20,4.15,0.88,1.64,0.20,D,0.00,12.00,12.00,12.00,1.94,^,0.00,,14.20,12.00,504,0.00,46.6,1,0,0.00,0.00,0.00,12.00,0.00,0.00,0,0,0.00,0
2026-04-25 14:13:09,253.48,1,0,0,0,0,0,0,0.36,0,0.20,4.15,0.88,0.04,0.20,D,0.00,12.00,12.00,12.00,1.21,^,21.72,,15.00,12.00,504,0.22,43.9,1,0,0.00,0.00,0.00,12.00,0.36,1.00,0,0,0.00,0
2026-04-25 14:13:10,254.59,1,0,0,0,0,0,0,0.01,0,1.00,4.15,0.87,0.05,0.59,D,0.00,12.00,12.00,12.00,0.51,^,0.52,,14.40,12.00,504,0.00,45.0,1,0,0.00,0.00,0.00,12.00,0.01,1.00,0,0,0.00,0
2026-04-25 14:13:11,255.50,1,0,0,0,0,0,0,0.07,0,1.00,4.15,0.87,1.78,0.95,D,0.00,12.00,12.00,12.00,0.73,^,4.42,,16.00,12.00,504,0.00,45.5,1,0,0.00,0.00,0.00,12.00,0.07,1.00,0,0,0.00,0
2026-04-25 14:13:12,256.51,1,0,0,0,0,0,0,-0.06,0,1.00,4.15,0.88,3.05,0.95,D,0.00,12.00,12.00,12.00,1.33,^,-3.39,,16.60,12.00,504,0.00,45.5,1,0,0.00,0.00,0.00,12.00,-0.06,1.00,0,0,0.00,0
2026-04-25 14:13:13,257.52,1,0,0,0,0,0,0,-0.09,0,1.00,4.15,0.89,3.56,1.00,D,0.00,12.00,12.00,12.00,1.41,^,-5.59,,16.30,12.00,504,0.00,45.5,1,0,0.00,0.00,0.00,12.00,-0.09,1.00,0,0,0.00,0
2026-04-25 14:13:14,258.53,1,0,0,0,0,0,0,0.16,0,1.00,4.15,0.90,3.66,1.00,D,0.00,12.00,12.00,12.00,0.85,^,9.53,,17.50,12.00,504,0.00,46.1,1,0,0.00,0.00,0.00,12.00,0.16,1.00,0,0,0.00,0
2026-04-25 14:13:15,259.54,1,0,0,0,0,0,0,0.17,0,1.00,4.15,0.91,3.34,1.00,D,0.00,12.00,0.40,12.00,0.41,^,10.22,,16.10,12.00,504,0.00,45.5,1,0,0.00,0.00,0.00,12.00,0.17,1.00,0,0,0.00,0
2026-04-25 14:13:16,260.56,1,0,0,0,0,0,0,0.15,0,1.00,4.15,0.92,2.63,0.84,D,0.00,12.00,12.00,12.00,0.54,^,9.22,,16.80,12.00,504,0.00,46.1,1,0,0.00,0.00,0.00,12.00,0.15,1.00,0,0,0.00,0
2026-04-25 14:13:17,261.57,1,0,0,0,0,0,0,0.00,0,1.00,4.15,0.93,3.50,1.00,D,0.00,12.00,12.00,12.00,1.20,^,0.11,,17.10,12.00,504,0.00,45.5,1,0,0.00,0.00,0.00,12.00,0.00,1.00,0,0,0.00,0
2026-04-25 14:13:18,262.58,1,0,0,0,0,0,0,-0.17,0,1.00,4.15,0.94,3.64,1.00,D,0.00,12.00,12.00,12.00,1.21,^,-10.05,,16.10,12.00,504,0.00,46.1,1,0,0.00,0.00,0.00,12.00,-0.17,1.00,0,0,0.00,0
2026-04-25 14:13:19,263.60,1,0,0,0,0,0,0,0.11,0,1.00,4.15,0.95,3.64,1.00,D,0.00,12.00,12.00,12.00,1.28,^,6.56,,16.10,12.00,504,0.00,45.0,1,0,0.00,0.00,0.00,12.00,0.11,1.00,0,0,0.00,0
2026-04-25 14:13:20,264.71,1,0,0,0,0,0,0,0.12,0,1.00,4.15,0.96,3.63,1.00,D,0.00,2.68,2.59,12.00,1.40,^,7.21,,17.20,12.00,504,0.00,45.5,1,0,0.00,0.00,0.00,2.68,0.12,1.00,0,0,0.00,0
2026-04-25 14:13:21,265.61,0,0,0,0,0,0,0,0.00,0,1.00,4.15,0.96,0.06,0.18,D,0.00,1.98,1.98,12.00,0.88,^,0.00,,14.70,12.00,504,0.08,46.1,1,0,0.00,0.00,0.00,1.98,0.00,0.00,0,0,0.00,0
2026-04-25 14:13:22,266.72,0,0,0,0,0,0,0,0.00,0,1.00,4.15,0.96,0.00,0.68,D,0.00,1.98,1.97,12.00,0.17,^,0.00,,14.60,12.00,504,0.00,43.9,1,0,0.00,0.00,0.00,1.98,0.00,0.00,0,0,0.00,0
2026-04-25 14:13:23,267.63,0,0,0,0,0,0,0,0.00,1,1.00,4.15,0.96,2.74,0.00,D,0.00,1.44,1.45,12.00,1.10,^,0.00,,16.70,12.00,504,0.00,43.9,1,0,0.00,0.00,0.00,1.44,0.00,0.00,0,0,0.00,0
2026-04-25 14:13:24,268.74,0,0,0,0,0,0,0,1.00,0,1.00,4.15,0.96,0.00,0.18,D,0.00,12.00,1.24,12.00,0.63,^,0.00,,14.50,12.00,504,0.55,45.5,1,0,0.00,0.00,0.00,12.00,0.00,0.00,0,0,0.00,0
2026-04-25 14:13:25,269.64,0,0,0,0,0,0,0,0.65,0,1.00,4.15,0.95,0.16,0.68,D,0.00,12.00,1.24,12.00,0.72,^,0.00,,14.70,12.00,504,0.00,45.0,1,0,0.00,0.00,0.00,12.00,0.00,0.00,0,0,0.00,0
2026-04-25 14:13:26,270.65,0,0,0,0,0,0,0,0.00,1,0.00,4.15,0.95,0.00,0.00,D,0.00,12.00,1.06,12.00,1.32,^,0.00,,16.80,12.00,504,0.02,44.4,1,0,0.00,0.00,0.00,12.00,0.00,0.00,0,0,0.00,0
2026-04-25 14:13:27,271.67,0,0,0,0,0,0,0,0.00,0,0.00,4.15,0.95,0.00,0.00,D,0.00,12.00,1.05,12.00,1.32,^,0.00,,14.60,12.00,504,0.93,45.5,1,0,0.00,0.00,0.00,12.00,0.00,0.00,0,0,0.00,0
2026-04-25 14:13:28,272.78,0,0,0,0,0,0,0,0.00,0,0.00,4.15,0.95,0.00,0.00,D,0.00,12.00,1.06,12.00,1.32,^,0.00,,14.80,12.00,504,2.04,44.4,1,0,0.00,0.00,0.00,12.00,0.00,0.00,0,0,0.00,0
2026-04-25 14:13:29,273.68,0,0,0,0,0,0,0,0.00,0,0.00,4.15,0.94,0.00,0.00,D,0.00,12.00,1.05,12.00,1.32,^,0.00,,14.00,12.00,504,2.95,43.9,1,0,0.00,0.00,0.00,12.00,0.00,0.00,0,0,0.00,0
2026-04-25 14:13:30,274.69,0,0,0,0,0,0,0,0.00,0,0.00,4.15,0.94,0.00,0.00,D,0.00,12.00,1.06,12.00,1.32,^,0.00,,12.80,12.00,504,3.96,45.5,1,0,0.00,0.00,0.00,12.00,0.00,0.00,0,0,0.00,0
2026-04-25 14:13:31,275.70,0,0,0,0,0,0,0,0.00,0,0.00,4.15,0.94,0.00,0.00,D,0.00,12.00,1.07,12.00,1.31,^,0.00,,13.90,12.00,504,4.97,46.1,1,0,0.00,0.00,0.00,12.00,0.00,0.00,0,0,0.00,0
2026-04-25 14:13:32,276.82,0,0,0,0,0,0,0,0.00,0,0.00,4.15,0.93,0.00,0.00,D,0.00,12.00,1.06,12.00,1.32,^,0.00,,14.60,12.00,504,6.08,43.9,1,0,0.00,0.00,0.00,12.00,0.00,0.00,0,0,0.00,0
2026-04-25 14:13:33,277.72,0,0,0,0,0,0,0,0.00,0,0.00,4.15,0.93,0.00,0.00,D,0.00,12.00,1.06,12.00,1.32,^,0.00,,14.40,12.00,504,6.98,45.0,1,0,0.00,0.00,0.00,12.00,0.00,0.00,0,0,0.00,0
2026-04-25 14:13:34,278.83,0,0,0,0,0,0,0,0.00,0,0.00,4.15,0.93,0.00,0.00,D,0.00,12.00,1.06,12.00,0.10,^,0.00,,13.30,12.00,504,0.00,45.0,1,0,0.00,0.00,0.00,12.00,0.00,0.00,0,0,0.00,0
2026-04-25 14:13:35,279.73,0,0,0,0,0,0,0,0.00,0,0.00,4.15,0.92,0.00,0.00,D,0.00,12.00,1.05,12.00,0.15,^,0.00,,16.30,12.00,504,0.18,44.4,1,0,0.00,0.00,0.00,12.00,0.00,0.00,0,0,0.00,0
2026-04-25 14:13:36,280.75,0,0,0,0,0,0,0,0.00,0,0.00,4.15,0.92,0.00,0.00,D,0.00,12.00,1.02,12.00,0.22,^,0.00,,14.80,12.00,504,0.13,45.0,1,0,0.00,0.00,0.00,12.00,0.00,0.00,0,0,0.00,0
2026-04-25 14:13:37,281.76,0,0,0,0,0,0,0,0.00,0,0.00,4.15,0.92,0.00,0.00,D,0.00,12.00,1.06,12.00,0.17,^,0.00,,15.90,12.00,504,0.51,43.9,1,0,0.00,0.00,0.00,12.00,0.00,0.00,0,0,0.00,0
2026-04-25 14:13:38,282.87,0,0,0,0,0,0,0,0.00,0,0.00,4.15,0.91,0.00,0.00,D,0.00,12.00,1.07,12.00,0.14,^,0.00,,14.90,11.90,504,0.16,45.5,1,0,0.00,0.00,0.00,12.00,0.00,0.00,0,0,0.00,0
2026-04-25 14:13:39,283.78,0,0,0,0,0,0,0,0.00,0,0.00,4.15,0.91,0.00,0.00,D,0.00,12.00,1.04,12.00,0.16,^,0.00,,13.60,12.00,504,0.18,43.9,1,0,0.00,0.00,0.00,12.00,0.00,0.00,0,0,0.00,0
2026-04-25 14:13:40,284.79,0,0,0,0,0,0,0,0.00,0,0.00,4.15,0.91,0.00,0.00,D,0.00,12.00,1.06,12.00,0.52,^,0.00,,13.30,11.90,504,1.19,44.4,1,0,0.00,0.00,0.00,12.00,0.00,0.00,0,0,0.00,0
2026-04-25 14:13:41,285.80,0,0,0,0,0,0,0,0.00,0,0.00,4.15,0.90,0.00,0.00,D,0.00,12.00,1.06,12.00,0.72,^,0.00,,15.20,11.90,504,2.20,45.0,1,0,0.00,0.00,0.00,12.00,0.00,0.00,0,0,0.00,0
2026-04-25 14:13:42,286.91,0,0,0,0,0,0,0,0.00,0,0.00,4.15,0.90,0.00,0.00,D,0.00,12.00,1.07,12.00,1.30,^,0.00,,13.30,11.90,504,3.31,43.3,1,0,0.00,0.00,0.00,12.00,0.00,0.00,0,0,0.00,0
2026-04-25 14:13:43,287.91,0,0,0,0,0,0,0,0.00,0,0.00,4.15,0.90,0.00,0.00,D,0.00,12.00,1.05,12.00,1.30,^,0.00,,14.90,11.90,504,4.31,45.0,1,0,0.00,0.00,0.00,12.00,0.00,0.00,0,0,0.00,0
2026-04-25 14:13:44,288.82,0,0,0,0,0,0,0,0.00,0,0.00,4.15,0.89,0.00,0.00,D,0.00,12.00,1.05,12.00,1.11,^,0.00,,15.20,11.90,504,5.22,43.3,1,0,0.00,0.00,0.00,12.00,0.00,0.00,0,0,0.00,0
2026-04-25 14:13:45,289.82,0,0,0,0,0,0,0,0.00,0,0.00,4.15,0.89,0.00,0.00,D,0.00,12.00,1.06,12.00,0.72,^,0.00,,14.70,11.90,504,6.22,43.9,1,0,0.00,0.00,0.00,12.00,0.00,0.00,0,0,0.00,0
2026-04-25 14:13:46,290.93,0,0,0,0,0,0,0,0.00,0,0.00,4.15,0.89,0.00,0.00,D,0.00,12.00,1.05,0.23,0.34,^,0.00,,13.80,11.90,504,7.33,43.3,1,0,0.00,0.00,0.00,12.00,0.00,0.00,0,0,0.00,0
2026-04-25 14:13:47,291.84,0,0,0,0,0,0,0,0.00,0,0.00,4.15,0.88,0.00,0.00,D,0.00,12.00,1.05,0.18,0.19,^,0.00,,15.10,12.00,504,8.24,44.4,1,0,0.00,0.00,0.00,12.00,0.00,0.00,0,0,0.00,0
2026-04-25 14:13:48,292.95,0,0,0,0,0,0,0,0.00,0,0.00,4.15,0.88,0.43,0.00,D,0.00,12.00,1.09,0.20,0.29,^,0.00,,15.30,12.00,504,0.03,44.4,1,0,0.00,0.00,0.00,12.00,0.00,0.00,0,0,0.00,0
2026-04-25 14:13:49,293.86,0,0,0,0,0,0,0,0.00,0,0.00,4.15,0.88,0.00,0.00,D,0.00,1.33,0.60,0.33,0.35,^,0.00,,14.80,12.00,504,0.40,45.0,1,0,0.00,0.00,0.00,1.33,0.00,0.00,0,0,0.00,0
2026-04-25 14:13:50,294.87,0,0,0,0,0,0,0,0.00,0,0.00,4.15,0.88,0.00,0.00,D,0.00,12.00,2.33,0.15,0.13,^,0.00,,15.40,11.90,504,1.41,44.4,1,0,0.00,0.00,0.00,12.00,0.00,0.00,0,0,0.00,0
2026-04-25 14:13:51,295.87,0,0,0,0,0,0,0,0.00,0,0.00,4.15,0.87,0.00,0.00,D,0.00,12.00,12.00,14.18,0.14,^,0.00,,15.70,11.90,504,2.42,44.4,1,0,0.00,0.00,0.00,12.00,0.00,0.00,0,0,0.00,0
2026-04-25 14:13:52,296.87,0,0,0,0,0,0,0,0.00,1,0.00,4.15,0.87,0.00,0.00,D,0.00,12.00,2.90,12.00,0.10,^,0.00,,15.70,12.00,504,0.05,43.9,1,0,0.00,0.00,0.00,12.00,0.00,0.00,0,0,0.00,0
2026-04-25 14:13:53,297.88,0,0,0,0,0,0,0,0.00,1,0.00,4.15,0.87,0.00,0.00,D,0.00,12.00,12.00,12.00,0.13,^,0.00,,14.80,12.00,504,1.06,44.4,1,0,0.00,0.00,0.00,12.00,0.00,0.00,0,0,0.00,0
2026-04-25 14:13:55,299.00,0,0,0,0,0,0,0,0.00,1,0.00,4.15,0.86,0.00,0.00,D,0.00,12.00,12.00,0.15,0.09,^,0.00,,14.20,12.00,504,2.17,43.3,1,0,0.00,0.00,0.00,12.00,0.00,0.00,0,0,0.00,0
2026-04-25 14:13:55,299.90,0,0,0,0,0,0,0,0.00,1,0.00,4.15,0.86,0.00,0.00,D,0.00,12.00,12.00,0.19,0.15,^,0.00,,13.80,12.00,504,3.08,43.3,1,0,0.00,0.00,0.00,12.00,0.00,0.00,0,0,0.00,0
2026-04-25 14:13:56,300.91,0,0,0,0,0,0,0,0.00,1,0.00,4.15,0.86,0.00,0.00,D,0.00,12.00,12.00,12.00,0.21,^,0.00,,14.30,12.00,504,4.09,42.8,1,0,0.00,0.00,0.00,12.00,0.00,0.00,0,0,0.00,0
2026-04-25 14:13:57,301.93,0,0,0,0,0,0,0,0.00,1,0.00,4.15,0.85,0.00,0.00,D,0.00,12.00,12.00,12.00,0.20,^,0.00,,14.40,12.00,504,5.10,44.4,1,0,0.00,0.00,0.00,12.00,0.00,0.00,0,0,0.00,0
2026-04-25 14:13:58,302.94,0,0,0,0,0,0,0,0.00,1,0.00,4.15,0.85,0.00,0.00,D,0.00,12.00,12.00,0.26,0.20,^,0.00,,13.30,12.00,504,6.11,43.3,1,0,0.00,0.00,0.00,12.00,0.00,0.00,0,0,0.00,0
2026-04-25 14:13:59,303.95,0,0,0,0,0,0,0,0.00,1,0.00,4.15,0.85,0.00,0.00,D,0.00,12.00,12.00,0.27,0.23,^,0.00,,14.30,12.00,504,7.13,43.3,1,0,0.00,0.00,0.00,12.00,0.00,0.00,0,0,0.00,0
2026-04-25 14:14:00,304.97,0,0,0,0,0,0,0,0.00,1,0.00,4.15,0.85,0.00,0.00,D,0.00,12.00,12.00,0.26,0.22,^,0.00,,14.60,12.00,504,8.14,43.3,1,0,0.00,0.00,0.00,12.00,0.00,0.00,0,0,0.00,0
2026-04-25 14:14:01,305.98,0,0,0,0,0,0,0,0.00,1,0.00,4.15,0.84,0.00,0.00,D,0.00,2.75,12.00,0.27,0.21,^,0.00,,13.60,12.00,504,9.16,44.4,1,0,0.00,0.00,0.00,2.75,0.00,0.00,0,0,0.00,0
2026-04-25 14:14:03,307.09,0,0,0,0,0,0,0,0.00,1,0.00,4.15,0.84,0.00,0.00,D,0.00,12.00,12.00,3.01,0.23,^,0.00,,14.40,12.00,504,10.27,44.4,1,0,0.00,0.00,0.00,12.00,0.00,0.00,0,0,0.00,0
2026-04-25 14:14:04,308.00,0,0,0,0,0,0,0,0.00,1,0.00,4.15,0.84,0.00,0.00,D,0.00,2.67,12.00,0.31,0.24,^,0.00,,14.30,12.00,504,11.18,43.9,1,0,0.00,0.00,0.00,2.67,0.00,0.00,0,0,0.00,0
2026-04-25 14:14:05,309.02,0,0,0,0,0,0,0,0.00,1,0.00,4.15,0.84,0.00,0.00,D,0.00,12.00,12.00,0.25,0.23,^,0.00,,13.40,12.00,504,12.20,42.8,1,0,0.00,0.00,0.00,12.00,0.00,0.00,0,0,0.00,0
2026-04-25 14:14:06,310.02,0,0,0,0,0,0,0,0.00,1,0.00,4.15,0.83,0.00,0.00,D,0.00,2.51,12.00,0.33,0.25,^,0.00,,14.60,12.00,504,13.20,45.5,1,0,0.00,0.00,0.00,2.51,0.00,0.00,0,0,0.00,0
2026-04-25 14:14:07,311.02,0,0,0,0,0,0,0,0.00,0,0.00,4.15,0.83,0.00,0.00,D,0.00,2.27,12.00,2.31,0.24,^,0.00,,15.40,12.00,504,14.20,43.9,1,0,0.00,0.00,0.00,2.27,0.00,0.00,0,0,0.00,0
2026-04-25 14:14:08,312.03,0,0,0,0,0,0,0,0.00,0,0.00,4.15,0.83,0.00,0.00,D,0.00,2.31,12.00,2.33,0.25,^,0.00,,14.50,12.00,504,15.21,44.4,1,0,0.00,0.00,0.00,2.31,0.00,0.00,0,0,0.00,0
2026-04-25 14:14:09,313.14,0,0,0,0,0,0,0,0.00,0,0.00,4.15,0.82,0.00,0.00,D,0.00,2.14,2.23,2.79,0.23,^,0.00,,14.50,12.00,504,16.32,43.9,1,0,0.00,0.00,0.00,2.14,0.00,0.00,0,0,0.00,0
2026-04-25 14:14:10,314.05,0,0,0,0,0,0,0,0.00,0,0.00,4.15,0.82,0.00,0.00,D,0.00,1.51,12.00,12.00,0.23,^,0.00,,13.90,12.00,504,17.22,43.9,1,0,0.00,0.00,0.00,1.51,0.00,0.00,0,0,0.00,0
2026-04-25 14:14:11,315.06,0,0,0,0,0,0,0,0.00,0,0.00,4.15,0.82,0.00,0.00,D,0.00,12.00,12.00,2.12,0.21,^,0.00,,14.20,12.00,504,18.23,43.9,1,0,0.00,0.00,0.00,12.00,0.00,0.00,0,0,0.00,0
2026-04-25 14:14:12,316.07,0,0,0,0,0,0,0,0.00,0,0.00,4.15,0.82,0.00,0.00,D,0.00,12.00,12.00,12.00,0.21,^,0.00,,13.70,12.00,504,19.25,44.4,1,0,0.00,0.00,0.00,12.00,0.00,0.00,0,0,0.00,0
2026-04-25 14:14:13,317.08,0,0,0,0,0,0,0,0.00,0,0.00,4.15,0.81,0.00,0.00,D,0.00,12.00,12.00,12.00,0.21,^,0.00,,14.60,12.00,504,20.26,44.4,1,0,0.00,0.00,0.00,12.00,0.00,0.00,0,0,0.00,0
2026-04-25 14:14:14,318.09,0,0,0,0,0,0,0,0.00,0,0.00,4.15,0.81,0.00,0.00,D,0.00,12.00,12.00,12.00,0.22,^,0.00,,14.90,12.00,504,21.26,43.3,1,0,0.00,0.00,0.00,12.00,0.00,0.00,0,0,0.00,0
2026-04-25 14:14:15,319.10,0,0,0,0,0,0,0,0.00,0,0.00,4.15,0.81,0.00,0.00,D,0.00,3.53,12.00,12.00,0.19,^,0.00,,13.70,12.00,504,22.27,43.9,1,0,0.00,0.00,0.00,3.53,0.00,0.00,0,0,0.00,0
2026-04-25 14:14:16,320.11,0,0,0,0,0,0,0,0.00,0,0.00,4.15,0.81,0.00,0.00,D,0.00,2.76,3.44,12.00,0.25,^,0.00,,15.20,12.00,504,23.29,44.4,1,0,0.00,0.00,0.00,2.76,0.00,0.00,0,0,0.00,0
2026-04-25 14:14:17,321.22,0,0,0,0,0,0,0,0.00,0,0.00,4.15,0.80,0.00,0.00,D,0.00,2.54,12.00,12.00,0.21,^,0.00,,13.50,12.00,504,24.40,44.4,1,0,0.00,0.00,0.00,2.54,0.00,0.00,0,0,0.00,0
2026-04-25 14:14:18,322.12,0,0,0,0,0,0,0,0.00,0,0.00,4.15,0.80,0.00,0.00,D,0.00,12.00,12.00,2.66,0.25,^,0.00,,13.70,12.00,504,25.30,43.9,1,0,0.00,0.00,0.00,12.00,0.00,0.00,0,0,0.00,0
2026-04-25 14:14:19,323.13,0,0,0,0,0,0,0,0.00,0,0.00,4.15,0.80,0.00,0.00,D,0.00,12.00,12.00,2.01,0.28,^,0.00,,12.70,12.00,504,26.31,44.4,1,0,0.00,0.00,0.00,12.00,0.00,0.00,0,0,0.00,0
2026-04-25 14:14:20,324.15,0,0,0,0,0,0,0,0.00,0,0.00,4.15,0.80,0.00,0.00,D,0.00,12.00,12.00,12.00,0.23,^,0.00,,11.40,12.00,504,27.32,46.1,1,0,0.00,0.00,0.00,12.00,0.00,0.00,0,0,0.00,0
2026-04-25 14:14:21,325.26,0,0,0,0,0,0,0,0.00,0,0.00,4.15,0.79,0.00,0.00,D,0.00,12.00,3.43,12.00,0.25,^,0.00,,12.30,12.00,504,28.44,45.5,1,0,0.00,0.00,0.00,12.00,0.00,0.00,0,0,0.00,0
2026-04-25 14:14:22,326.16,0,0,0,0,0,0,0,0.00,0,0.00,4.15,0.79,0.00,0.00,D,0.00,2.24,12.00,2.81,0.22,^,0.00,,13.90,12.00,504,29.34,46.1,1,0,0.00,0.00,0.00,2.24,0.00,0.00,0,0,0.00,0
2026-04-25 14:14:23,327.18,0,0,0,0,0,0,0,0.00,0,0.00,4.15,0.79,0.00,0.00,D,0.00,2.08,12.00,2.35,0.25,^,0.00,,13.20,12.00,504,30.35,43.3,1,0,0.00,0.00,0.00,2.08,0.00,0.00,0,0,0.00,0
2026-04-25 14:14:24,328.19,0,0,0,0,0,0,0,0.00,0,0.00,4.15,0.79,0.00,0.00,D,0.00,2.52,12.00,1.95,0.20,^,0.00,,15.30,12.00,504,31.37,45.5,1,0,0.00,0.00,0.00,2.52,0.00,0.00,0,0,0.00,0
2026-04-25 14:14:25,329.30,0,0,0,0,0,0,0,0.00,0,0.00,4.15,0.78,0.00,0.00,D,0.00,2.61,12.00,0.23,0.18,^,0.00,,16.10,12.00,504,32.48,43.9,1,0,0.00,0.00,0.00,2.61,0.00,0.00,0,0,0.00,0
2026-04-25 14:14:26,330.21,0,0,0,0,0,0,0,0.00,0,0.00,4.15,0.78,0.00,0.00,D,0.00,2.57,12.00,2.58,0.20,^,0.00,,14.30,12.00,504,33.38,45.0,1,0,0.00,0.00,0.00,2.57,0.00,0.00,0,0,0.00,0
2026-04-25 14:14:27,331.22,0,0,0,0,0,0,0,0.00,0,0.00,4.15,0.78,0.00,0.00,D,0.00,2.79,12.00,0.21,0.17,^,0.00,,14.90,12.00,504,34.39,45.5,1,0,0.00,0.00,0.00,2.79,0.00,0.00,0,0,0.00,0
2026-04-25 14:14:28,332.23,0,0,0,0,0,0,0,0.00,0,0.00,4.15,0.78,0.00,0.00,D,0.00,1.78,1.76,2.61,0.22,^,0.00,,14.90,12.00,504,35.40,43.9,1,0,0.00,0.00,0.00,1.78,0.00,0.00,0,0,0.00,0
2026-04-25 14:14:29,333.34,0,0,0,0,0,0,0,0.00,0,0.00,4.15,0.77,0.00,0.00,D,0.00,1.55,12.00,0.27,0.21,^,0.00,,14.40,12.00,504,36.52,43.3,1,0,0.00,0.00,0.00,1.55,0.00,0.00,0,0,0.00,0
2026-04-25 14:14:30,334.25,0,0,0,0,0,0,0,0.00,0,0.00,4.15,0.77,0.00,0.00,D,0.00,12.00,12.00,0.25,0.19,^,0.00,,14.10,12.00,504,37.42,45.0,1,0,0.00,0.00,0.00,12.00,0.00,0.00,0,0,0.00,0
2026-04-25 14:14:31,335.36,0,0,0,0,0,0,0,0.00,0,0.00,4.15,0.77,0.00,0.00,D,0.00,2.36,12.00,2.36,0.23,^,0.00,,15.00,12.00,504,38.54,45.0,1,0,0.00,0.00,0.00,2.36,0.00,0.00,0,0,0.00,0
2026-04-25 14:14:32,336.26,0,0,0,0,0,0,0,0.00,0,0.00,4.15,0.77,0.00,0.00,D,0.00,12.00,12.00,4.63,0.21,^,0.00,,14.20,12.00,504,39.44,45.5,1,0,0.00,0.00,0.00,12.00,0.00,0.00,0,0,0.00,0
2026-04-25 14:14:33,337.28,0,0,0,0,0,0,0,0.00,0,0.00,4.15,0.77,0.00,0.00,D,0.00,12.00,12.00,12.00,0.18,^,0.00,,13.90,12.00,504,40.45,44.4,1,0,0.00,0.00,0.00,12.00,0.00,0.00,0,0,0.00,0
2026-04-25 14:14:34,338.29,0,0,0,0,0,0,0,0.00,0,0.00,4.15,0.76,0.00,0.00,D,0.00,3.42,12.00,12.00,0.18,^,0.00,,14.40,12.00,504,41.46,45.0,1,0,0.00,0.00,0.00,3.42,0.00,0.00,0,0,0.00,0
2026-04-25 14:14:35,339.30,0,0,0,0,0,0,0,0.00,0,0.00,4.15,0.76,0.00,0.00,D,0.00,2.74,12.00,12.00,0.20,^,0.00,,15.00,11.90,504,42.48,44.4,1,0,0.00,0.00,0.00,2.74,0.00,0.00,0,0,0.00,0
2026-04-25 14:14:36,340.31,0,0,0,0,0,0,0,0.00,0,0.00,4.15,0.76,0.00,0.00,D,0.00,2.19,12.00,2.21,0.23,^,0.00,,14.60,12.00,504,43.49,44.4,1,0,0.00,0.00,0.00,2.19,0.00,0.00,0,0,0.00,0
2026-04-25 14:14:37,341.32,0,0,0,0,0,0,0,0.00,0,0.00,4.15,0.76,0.00,0.00,D,0.00,2.80,12.00,0.25,0.18,^,0.00,,14.50,12.00,504,44.50,44.4,1,0,0.00,0.00,0.00,2.80,0.00,0.00,0,0,0.00,0
2026-04-25 14:14:38,342.33,0,0,0,0,0,0,0,0.00,0,0.00,4.15,0.75,0.00,0.00,D,0.00,3.13,1.87,3.26,0.20,^,0.00,,14.20,12.00,504,45.51,43.9,1,0,0.00,0.00,0.00,3.13,0.00,0.00,0,0,0.00,0
2026-04-25 14:14:39,343.35,0,0,0,0,0,0,0,0.00,0,0.00,4.15,0.75,0.00,0.00,D,0.00,1.00,12.00,2.72,0.22,WARN_WARNING,0.00,,14.90,12.00,504,46.53,43.9,1,0,0.00,0.00,0.00,1.00,0.00,0.00,0,0,0.00,0
2026-04-25 14:14:40,344.36,0,0,0,0,0,0,0,0.00,0,0.00,4.15,0.75,0.00,0.00,D,0.00,2.46,12.00,1.94,0.19,^,0.00,,14.60,12.00,504,47.54,45.0,1,0,0.00,0.00,0.00,2.46,0.00,0.00,0,0,0.00,0
2026-04-25 14:14:41,345.37,0,0,0,0,0,0,0,0.00,0,0.00,4.15,0.75,0.00,0.00,D,0.00,2.74,12.00,2.78,0.19,^,0.00,,16.10,12.00,504,48.55,43.3,1,0,0.00,0.00,0.00,2.74,0.00,0.00,0,0,0.00,0
2026-04-25 14:14:42,346.38,0,0,0,0,0,0,0,0.00,0,0.00,4.15,0.75,0.00,0.00,D,0.00,12.00,12.00,12.00,0.21,^,0.00,,13.90,12.00,504,49.56,43.9,1,0,0.00,0.00,0.00,12.00,0.00,0.00,0,0,0.00,0
2026-04-25 14:14:43,347.49,0,0,0,0,0,0,0,0.00,0,0.00,4.15,0.74,0.00,0.00,D,0.00,12.00,12.00,12.00,0.19,^,0.00,,14.10,12.00,504,50.67,44.4,1,0,0.00,0.00,0.00,12.00,0.00,0.00,0,0,0.00,0
2026-04-25 14:14:44,348.40,0,0,0,0,0,0,0,0.00,0,0.00,4.15,0.74,0.00,0.00,D,0.00,12.00,5.73,12.00,0.16,^,0.00,,14.70,12.00,504,51.58,45.0,1,0,0.00,0.00,0.00,12.00,0.00,0.00,0,0,0.00,0
2026-04-25 14:14:45,349.51,0,0,0,0,0,0,0,0.00,0,0.00,4.15,0.74,0.00,0.00,D,0.00,12.00,4.09,12.00,0.16,^,0.00,,13.10,12.00,504,52.69,44.4,1,0,0.00,0.00,0.00,12.00,0.00,0.00,0,0,0.00,0
2026-04-25 14:14:46,350.41,0,0,0,0,0,0,0,0.00,0,0.00,4.15,0.74,0.00,0.00,D,0.00,3.04,2.43,12.00,0.18,^,0.00,,15.10,12.00,504,53.59,42.8,1,0,0.00,0.00,0.00,3.04,0.00,0.00,0,0,0.00,0
2026-04-25 14:14:47,351.43,0,0,0,0,0,0,0,0.00,0,0.00,4.15,0.73,0.00,0.00,D,0.00,1.01,0.98,12.00,0.19,WARN_WARNING,0.00,,15.20,12.00,504,54.60,43.9,1,0,0.00,0.00,0.00,1.01,0.00,0.00,0,0,0.00,0
2026-04-25 14:14:48,352.44,0,0,0,0,0,0,0,0.00,1,0.00,4.15,0.73,0.00,0.00,D,0.00,0.55,0.98,0.56,0.18,STOP_WARNING,0.00,aeb_stop,13.80,12.00,504,55.62,44.4,1,1,0.00,0.00,0.00,0.55,0.00,0.00,0,0,0.00,0
2026-04-25 14:14:49,353.45,0,0,0,0,0,0,0,0.00,1,0.00,4.15,0.73,0.00,0.00,D,0.00,0.86,1.19,0.89,0.15,WARN_WARNING,0.00,,16.50,12.00,504,56.63,44.4,1,0,0.00,0.00,0.00,0.86,0.00,0.00,0,0,0.00,0
2026-04-25 14:14:50,354.47,0,0,0,0,0,0,0,0.00,1,0.00,4.15,0.73,0.00,0.00,D,0.00,0.85,1.18,1.07,0.15,WARN_WARNING,0.00,,14.00,12.00,504,57.64,43.9,1,0,0.00,0.00,0.00,0.85,0.00,0.00,0,0,0.00,0
2026-04-25 14:14:51,355.48,0,0,0,0,0,0,0,0.00,1,0.00,4.15,0.73,0.00,0.00,D,0.00,2.00,1.78,1.23,0.17,^,0.00,,14.70,12.00,504,58.65,44.4,1,0,0.00,0.00,0.00,2.00,0.00,0.00,0,0,0.00,0
2026-04-25 14:14:52,356.49,0,0,0,0,0,0,0,0.00,1,0.00,4.15,0.72,0.00,0.00,D,0.00,1.34,1.15,2.20,0.18,^,0.00,,15.30,12.00,504,59.67,43.9,1,0,0.00,0.00,0.00,1.34,0.00,0.00,0,0,0.00,0
2026-04-25 14:14:53,357.60,0,0,0,0,0,0,0,0.00,1,0.00,4.15,0.72,0.00,0.00,D,0.00,0.79,0.80,0.21,0.15,WARN_WARNING,0.00,,14.30,12.00,504,60.78,45.0,1,0,0.00,0.00,0.00,0.79,0.00,0.00,0,0,0.00,0
2026-04-25 14:14:54,358.50,0,0,0,0,0,0,0,0.00,1,0.00,4.15,0.72,0.00,0.00,D,0.00,0.79,0.80,1.29,0.17,WARN_WARNING,0.00,,14.60,12.00,504,61.68,45.0,1,0,0.00,0.00,0.00,0.79,0.00,0.00,0,0,0.00,0
2026-04-25 14:14:55,359.51,0,0,0,0,0,0,0,0.00,1,0.00,4.15,0.72,0.00,0.00,D,0.00,0.79,0.80,1.29,0.25,WARN_WARNING,0.00,,16.00,12.00,504,62.69,45.5,1,0,0.00,0.00,0.00,0.79,0.00,0.00,0,0,0.00,0
2026-04-25 14:14:56,360.53,0,0,0,0,0,0,0,0.00,1,0.00,4.15,0.72,0.00,0.00,D,0.00,0.79,0.16,1.28,0.15,WARN_WARNING,0.00,,15.50,12.00,504,63.71,43.9,1,0,0.00,0.00,0.00,0.79,0.00,0.00,0,0,0.00,0
2026-04-25 14:14:57,361.54,0,0,0,0,0,0,0,0.00,1,0.00,4.15,0.71,0.00,0.00,D,0.00,0.24,0.17,1.29,1.59,STOP_WARNING,0.00,aeb_stop,15.30,12.00,504,64.72,43.9,1,1,0.00,0.00,0.00,0.24,0.00,0.00,0,0,0.00,0
2026-04-25 14:14:58,362.56,0,0,0,0,0,0,0,0.00,1,0.00,4.15,0.71,0.00,0.00,D,0.00,0.39,0.30,1.29,0.42,STOP_WARNING,0.00,aeb_stop,15.50,12.00,504,65.74,43.3,1,1,0.00,0.00,0.00,0.39,0.00,0.00,0,0,0.00,0
2026-04-25 14:14:59,363.57,0,0,0,0,0,0,0,0.00,1,0.00,4.15,0.71,0.00,0.00,D,0.00,0.79,0.46,1.29,0.52,WARN_WARNING,0.00,,14.70,12.00,504,66.75,43.9,1,0,0.00,0.00,0.00,0.79,0.00,0.00,0,0,0.00,0
2026-04-25 14:15:00,364.58,0,0,0,0,0,0,0,0.00,1,0.00,4.15,0.71,0.00,0.00,D,0.00,0.79,0.11,1.29,0.11,WARN_WARNING,0.00,,15.10,12.00,504,67.76,42.8,1,0,0.00,0.00,0.00,0.79,0.00,0.00,0,0,0.00,0
2026-04-25 14:15:01,365.59,0,0,0,0,0,0,0,0.00,1,0.00,4.15,0.71,0.00,0.00,D,0.00,0.80,0.20,1.29,0.11,WARN_WARNING,0.00,,16.70,12.00,504,68.77,44.4,1,0,0.00,0.00,0.00,0.80,0.00,0.00,0,0,0.00,0
2026-04-25 14:15:02,366.61,0,0,0,0,0,0,0,0.00,1,0.00,4.15,0.70,0.00,0.00,D,0.00,0.79,0.79,1.29,0.15,WARN_WARNING,0.00,,16.00,12.00,504,69.78,45.5,1,0,0.00,0.00,0.00,0.79,0.00,0.00,0,0,0.00,0
2026-04-25 14:15:03,367.62,0,0,0,0,0,0,0,0.00,1,0.00,4.15,0.70,0.00,0.00,D,0.00,0.79,0.16,1.29,0.36,WARN_WARNING,0.00,,14.20,12.00,504,70.80,43.3,1,0,0.00,0.00,0.00,0.79,0.00,0.00,0,0,0.00,0
2026-04-25 14:15:04,368.63,0,0,0,0,0,0,0,0.00,1,0.00,4.15,0.70,0.00,0.00,D,0.00,0.92,0.20,1.28,0.34,WARN_WARNING,0.00,,12.20,12.00,504,0.41,45.0,1,0,0.00,0.00,0.00,0.92,0.00,0.00,0,0,0.00,0
2026-04-25 14:15:05,369.64,0,0,0,0,0,0,0,0.00,1,0.00,4.15,0.70,0.00,0.00,D,0.00,0.79,0.20,1.29,0.35,WARN_WARNING,0.00,,13.30,12.00,504,0.64,45.0,1,0,0.00,0.00,0.00,0.79,0.00,0.00,0,0,0.00,0
2026-04-25 14:15:06,370.66,0,0,0,0,0,0,0,0.00,1,0.00,4.15,0.70,0.00,0.00,D,0.00,0.79,0.14,1.29,0.34,WARN_WARNING,0.00,,13.20,12.00,504,1.65,46.1,1,0,0.00,0.00,0.00,0.79,0.00,0.00,0,0,0.00,0
2026-04-25 14:15:07,371.67,0,0,0,0,0,0,0,0.00,1,0.00,4.15,0.69,0.00,0.00,D,0.00,0.80,0.35,1.31,0.35,WARN_WARNING,0.00,,12.70,12.00,504,2.66,45.5,1,0,0.00,0.00,0.00,0.80,0.00,0.00,0,0,0.00,0
2026-04-25 14:15:08,372.68,0,0,0,0,0,0,0,0.00,1,0.00,4.15,0.69,0.00,0.00,D,0.00,0.80,0.23,1.29,0.13,WARN_WARNING,0.00,,13.10,11.90,504,3.68,45.5,1,0,0.00,0.00,0.00,0.80,0.00,0.00,0,0,0.00,0
2026-04-25 14:15:09,373.69,0,0,0,0,0,0,0,1.00,1,0.00,4.15,0.69,0.00,0.00,D,0.00,0.03,0.03,0.05,0.03,STOP_WARNING,0.00,aeb_stop,14.60,11.90,504,0.27,43.9,1,1,0.00,0.00,0.00,0.03,0.00,0.00,0,0,0.00,0
2026-04-25 14:15:10,374.70,0,0,0,0,0,0,0,0.00,1,1.00,4.15,0.69,0.00,0.00,D,0.00,0.79,0.06,1.30,0.04,WARN_WARNING,0.00,,15.20,12.00,504,0.24,43.3,1,0,0.00,0.00,0.00,0.79,0.00,0.00,0,0,0.00,0
2026-04-25 14:15:11,375.72,0,0,1,0,0,0,0,0.00,0,0.00,4.15,0.69,0.00,0.00,D,0.00,0.77,0.07,1.24,0.04,WARN_WARNING,0.00,,16.20,12.00,504,0.61,45.0,1,0,0.00,0.00,0.00,0.77,0.00,0.00,0,0,0.00,0
2026-04-25 14:15:12,376.73,0,0,1,0,0,0,0,0.00,0,1.00,4.15,0.69,0.02,0.23,D,0.00,0.76,0.07,1.22,0.03,WARN_WARNING,0.00,,15.10,12.00,504,0.13,45.0,1,0,0.00,0.00,0.00,0.76,0.00,0.00,0,0,0.00,0
2026-04-25 14:15:13,377.74,0,0,0,0,0,0,0,0.00,0,0.00,4.15,0.69,2.74,0.44,D,0.00,0.77,0.06,1.23,0.03,WARN_WARNING,0.00,,16.90,12.10,504,0.00,45.0,1,0,0.00,0.00,0.00,0.77,0.00,0.00,0,0,0.00,0
2026-04-25 14:15:14,378.76,0,0,0,0,0,0,0,0.00,1,0.00,4.15,0.69,0.00,0.00,D,0.00,0.79,0.03,1.24,0.02,WARN_WARNING,0.00,,16.50,12.10,504,0.07,46.6,1,0,0.00,0.00,0.00,0.79,0.00,0.00,0,0,0.00,0
2026-04-25 14:15:15,379.87,0,0,0,0,0,0,0,0.00,0,0.00,4.15,0.69,0.00,0.00,D,0.00,0.82,0.11,1.29,0.09,WARN_WARNING,0.00,,11.50,12.00,504,0.50,46.1,1,0,0.00,0.00,0.00,0.82,0.00,0.00,0,0,0.00,0
2026-04-25 14:15:16,380.77,0,0,0,0,0,0,0,0.00,0,0.00,4.15,0.69,0.00,0.00,D,0.00,0.82,0.83,1.29,0.34,WARN_WARNING,0.00,,12.90,12.00,504,1.40,45.5,1,0,0.00,0.00,0.00,0.82,0.00,0.00,0,0,0.00,0
2026-04-25 14:15:17,381.78,0,0,0,0,0,0,0,0.00,0,0.00,4.15,0.69,0.00,0.00,D,0.00,0.82,0.40,1.30,0.27,WARN_WARNING,0.00,,13.00,12.00,504,0.60,45.5,1,0,0.00,0.00,0.00,0.82,0.00,0.00,0,0,0.00,0
2026-04-25 14:15:18,382.79,0,0,0,0,0,0,0,0.00,0,0.00,4.15,0.68,0.00,0.00,D,0.00,0.82,0.83,1.30,0.21,WARN_WARNING,0.00,,11.70,12.00,504,0.18,46.1,1,0,0.00,0.00,0.00,0.82,0.00,0.00,0,0,0.00,0
2026-04-25 14:15:19,383.81,0,0,0,0,0,0,0,0.00,0,0.00,4.15,0.68,0.00,0.00,D,0.00,0.82,0.12,1.30,0.09,WARN_WARNING,0.00,,13.10,12.00,504,1.20,46.1,1,0,0.00,0.00,0.00,0.82,0.00,0.00,0,0,0.00,0
2026-04-25 14:15:20,384.92,0,0,0,0,0,0,0,0.00,0,0.00,4.15,0.68,0.00,0.00,D,0.00,0.82,0.08,1.28,0.09,WARN_WARNING,0.00,,16.20,12.00,504,2.31,45.0,1,0,0.00,0.00,0.00,0.82,0.00,0.00,0,0,0.00,0
2026-04-25 14:15:21,385.82,0,0,0,0,0,0,0,0.00,0,0.00,4.15,0.68,0.00,0.00,D,0.00,0.82,0.06,1.30,0.06,WARN_WARNING,0.00,,14.60,12.00,504,3.21,45.5,1,0,0.00,0.00,0.00,0.82,0.00,0.00,0,0,0.00,0
2026-04-25 14:15:22,386.83,0,0,0,0,0,0,0,0.00,0,0.00,4.15,0.68,0.00,0.00,D,0.00,0.82,0.06,1.30,0.06,WARN_WARNING,0.00,,15.70,12.00,504,4.22,44.4,1,0,0.00,0.00,0.00,0.82,0.00,0.00,0,0,0.00,0
2026-04-25 14:15:23,387.84,0,0,0,0,0,0,0,0.00,0,0.00,4.15,0.67,0.00,0.00,D,0.00,0.82,0.06,1.30,0.06,WARN_WARNING,0.00,,16.00,12.00,504,5.24,45.0,1,0,0.00,0.00,0.00,0.82,0.00,0.00,0,0,0.00,0
2026-04-25 14:15:24,388.86,0,0,0,0,0,0,0,0.00,0,0.00,4.15,0.67,0.00,0.00,D,0.00,0.82,0.06,1.30,0.07,WARN_WARNING,0.00,,15.40,12.00,504,6.25,43.3,1,0,0.00,0.00,0.00,0.82,0.00,0.00,0,0,0.00,0
2026-04-25 14:15:25,389.86,0,0,0,0,0,0,0,0.00,0,0.00,4.15,0.67,0.00,0.00,D,0.00,0.82,0.84,1.29,0.25,WARN_WARNING,0.00,,15.90,12.00,504,0.35,45.0,1,0,0.00,0.00,0.00,0.82,0.00,0.00,0,0,0.00,0
2026-04-25 14:15:26,390.87,0,0,0,0,0,0,0,0.00,0,0.00,4.15,0.67,0.00,0.00,D,0.00,0.82,0.83,1.28,0.31,WARN_WARNING,0.00,,15.70,12.00,504,0.51,44.4,1,0,0.00,0.00,0.00,0.82,0.00,0.00,0,0,0.00,0
2026-04-25 14:15:27,391.88,0,0,0,0,0,0,0,0.00,0,0.00,4.15,0.67,0.00,0.00,D,0.00,0.82,0.83,1.29,0.47,WARN_WARNING,0.00,,14.20,12.00,504,1.53,45.0,1,0,0.00,0.00,0.00,0.82,0.00,0.00,0,0,0.00,0
2026-04-25 14:15:28,392.89,0,0,0,0,0,0,0,0.00,0,0.00,4.15,0.67,0.00,0.00,D,0.00,0.82,0.83,1.28,0.45,WARN_WARNING,0.00,,16.00,12.00,504,2.54,43.3,1,0,0.00,0.00,0.00,0.82,0.00,0.00,0,0,0.00,0
2026-04-25 14:15:30,394.01,0,0,0,0,0,0,0,0.00,0,0.00,4.15,0.66,0.00,0.00,D,0.00,0.81,0.83,1.28,0.44,WARN_WARNING,0.00,,16.00,12.00,504,3.65,44.4,1,0,0.00,0.00,0.00,0.81,0.00,0.00,0,0,0.00,0
2026-04-25 14:15:30,394.91,0,0,0,0,0,0,0,0.00,0,0.00,4.15,0.66,0.00,0.00,D,0.00,0.81,0.83,1.29,0.44,WARN_WARNING,0.00,,15.90,12.00,504,0.48,45.5,1,0,0.00,0.00,0.00,0.81,0.00,0.00,0,0,0.00,0
2026-04-25 14:15:32,396.02,0,0,0,0,0,0,0,0.00,0,0.00,4.15,0.66,0.00,0.00,D,0.00,0.82,0.83,1.29,0.44,WARN_WARNING,0.00,,14.10,12.00,504,0.23,45.0,1,0,0.00,0.00,0.00,0.82,0.00,0.00,0,0,0.00,0
2026-04-25 14:15:32,396.92,0,0,0,0,0,0,0,0.00,0,0.00,4.15,0.66,0.00,0.00,D,0.00,0.82,0.83,1.28,0.35,WARN_WARNING,0.00,,14.40,12.00,504,1.13,44.4,1,0,0.00,0.00,0.00,0.82,0.00,0.00,0,0,0.00,0
2026-04-25 14:15:33,397.94,0,0,0,0,0,0,0,0.00,0,0.00,4.15,0.66,0.00,0.00,D,0.00,0.81,0.07,1.29,0.07,WARN_WARNING,0.00,,15.80,12.00,504,2.14,44.4,1,0,0.00,0.00,0.00,0.81,0.00,0.00,0,0,0.00,0
2026-04-25 14:15:34,398.95,0,0,0,0,0,0,0,0.00,0,0.00,4.15,0.66,0.00,0.00,D,0.00,0.82,0.06,1.29,0.06,WARN_WARNING,0.00,,14.30,12.00,504,3.16,43.3,1,0,0.00,0.00,0.00,0.82,0.00,0.00,0,0,0.00,0
2026-04-25 14:15:35,399.96,0,0,0,0,0,0,0,0.00,0,0.00,4.15,0.65,0.00,0.00,D,0.00,0.82,0.07,1.28,0.07,WARN_WARNING,0.00,,15.10,12.00,504,4.17,44.4,1,0,0.00,0.00,0.00,0.82,0.00,0.00,0,0,0.00,0
2026-04-25 14:15:36,400.98,0,0,0,0,0,0,0,0.00,0,0.00,4.15,0.65,0.00,0.00,D,0.00,0.82,0.07,1.28,0.07,WARN_WARNING,0.00,,14.50,11.90,504,5.18,44.4,1,0,0.00,0.00,0.00,0.82,0.00,0.00,0,0,0.00,0
2026-04-25 14:15:38,402.09,0,0,0,0,0,0,0,0.00,0,0.00,4.15,0.65,0.00,0.00,D,0.00,0.82,0.06,1.28,0.05,WARN_WARNING,0.00,,13.80,11.90,504,6.30,43.3,1,0,0.00,0.00,0.00,0.82,0.00,0.00,0,0,0.00,0
2026-04-25 14:15:39,402.99,0,0,0,0,0,0,0,0.00,0,0.00,4.15,0.65,0.00,0.00,D,0.00,0.81,0.06,1.28,0.06,WARN_WARNING,0.00,,15.50,11.90,504,7.20,43.9,1,0,0.00,0.00,0.00,0.81,0.00,0.00,0,0,0.00,0
2026-04-25 14:15:40,404.10,0,0,0,0,0,0,0,0.00,0,0.00,4.15,0.65,0.00,0.00,D,0.00,0.82,0.07,1.29,0.06,WARN_WARNING,0.00,,15.30,11.90,504,0.52,43.3,1,0,0.00,0.00,0.00,0.82,0.00,0.00,0,0,0.00,0
2026-04-25 14:15:41,405.01,0,0,0,0,0,0,0,0.00,0,0.00,4.15,0.65,0.00,0.00,D,0.00,0.81,0.09,1.29,0.08,WARN_WARNING,0.00,,14.50,11.90,504,1.42,45.0,1,0,0.00,0.00,0.00,0.81,0.00,0.00,0,0,0.00,0
2026-04-25 14:15:42,406.02,0,0,0,0,0,0,0,0.00,0,0.00,4.15,0.64,0.00,0.00,D,0.00,0.81,0.82,1.29,0.20,WARN_WARNING,0.00,,16.60,11.90,504,0.70,43.9,1,0,0.00,0.00,0.00,0.81,0.00,0.00,0,0,0.00,0
2026-04-25 14:15:43,407.03,0,0,0,0,0,0,0,0.00,0,0.00,4.15,0.64,0.00,0.00,D,0.00,0.81,0.11,1.28,0.10,WARN_WARNING,0.00,,14.90,11.90,504,1.71,43.9,1,0,0.00,0.00,0.00,0.81,0.00,0.00,0,0,0.00,0
2026-04-25 14:15:44,408.15,0,0,0,0,0,0,0,0.00,0,0.00,4.15,0.64,0.00,0.00,D,0.00,0.81,0.09,1.29,0.09,WARN_WARNING,0.00,,14.90,12.00,504,0.63,44.4,1,0,0.00,0.00,0.00,0.81,0.00,0.00,0,0,0.00,0
2026-04-25 14:15:45,409.05,0,0,0,0,0,0,0,0.00,0,0.00,4.15,0.64,0.00,0.00,D,0.00,0.81,0.83,1.28,0.10,WARN_WARNING,0.00,,16.10,12.00,504,0.57,43.9,1,0,0.00,0.00,0.00,0.81,0.00,0.00,0,0,0.00,0
2026-04-25 14:15:46,410.17,0,0,0,0,0,0,0,0.00,0,0.00,4.15,0.64,0.00,0.00,D,0.00,0.81,0.83,1.28,0.20,WARN_WARNING,0.00,,14.50,11.90,504,1.68,43.9,1,0,0.00,0.00,0.00,0.81,0.00,0.00,0,0,0.00,0
2026-04-25 14:15:47,411.07,0,0,0,0,0,0,0,0.00,0,0.00,4.15,0.64,0.00,0.00,D,0.00,0.82,0.83,1.29,0.21,WARN_WARNING,0.00,,15.20,11.90,504,2.59,44.4,1,0,0.00,0.00,0.00,0.82,0.00,0.00,0,0,0.00,0
2026-04-25 14:15:48,412.07,0,0,0,0,0,0,0,0.00,0,0.00,4.15,0.63,0.00,0.00,D,0.00,0.82,0.83,1.29,0.23,WARN_WARNING,0.00,,16.60,11.90,504,0.01,43.3,1,0,0.00,0.00,0.00,0.82,0.00,0.00,0,0,0.00,0
2026-04-25 14:15:49,413.09,0,0,0,0,0,0,0,0.00,0,0.00,4.15,0.63,0.00,0.00,D,0.00,0.82,0.83,1.28,0.14,WARN_WARNING,0.00,,14.90,11.90,504,1.02,43.9,1,0,0.00,0.00,0.00,0.82,0.00,0.00,0,0,0.00,0
2026-04-25 14:15:50,414.20,0,0,0,0,0,0,0,0.00,0,0.00,4.15,0.63,0.00,0.00,D,0.00,0.81,0.16,1.17,0.16,WARN_WARNING,0.00,,15.90,11.90,504,2.14,44.4,1,0,0.00,0.00,0.00,0.81,0.00,0.00,0,0,0.00,0
2026-04-25 14:15:51,415.12,0,0,0,0,0,0,0,0.00,0,0.00,4.15,0.63,0.00,0.00,D,0.00,0.82,0.14,1.28,0.14,WARN_WARNING,0.00,,14.40,11.90,504,3.05,44.4,1,0,0.00,0.00,0.00,0.82,0.00,0.00,0,0,0.00,0
2026-04-25 14:15:52,416.13,0,0,0,0,0,0,0,0.00,0,0.00,4.15,0.63,0.00,0.00,D,0.00,0.81,0.17,1.27,0.16,WARN_WARNING,0.00,,13.00,12.00,504,4.06,45.5,1,0,0.00,0.00,0.00,0.81,0.00,0.00,0,0,0.00,0
2026-04-25 14:15:53,417.14,0,0,0,0,0,0,0,0.00,0,0.00,4.15,0.63,0.00,0.00,D,0.00,0.81,0.18,1.27,0.17,WARN_WARNING,0.00,,13.00,11.90,504,5.08,44.4,1,0,0.00,0.00,0.00,0.81,0.00,0.00,0,0,0.00,0
2026-04-25 14:15:54,418.16,0,0,0,0,0,0,0,0.00,0,0.00,4.15,0.63,0.00,0.00,D,0.00,0.81,0.20,1.27,0.19,WARN_WARNING,0.00,,14.10,11.90,504,6.09,43.9,1,0,0.00,0.00,0.00,0.81,0.00,0.00,0,0,0.00,0
2026-04-25 14:15:55,419.17,0,0,0,0,0,0,0,0.00,0,0.00,4.15,0.62,0.00,0.00,D,0.00,0.81,0.85,1.27,0.13,WARN_WARNING,0.00,,12.60,12.00,504,7.10,45.0,1,0,0.00,0.00,0.00,0.81,0.00,0.00,0,0,0.00,0
2026-04-25 14:15:56,420.18,0,0,0,0,0,0,0,0.00,0,0.00,4.15,0.62,0.00,0.00,D,0.00,0.81,0.83,1.27,0.23,WARN_WARNING,0.00,,13.10,12.00,504,8.12,45.0,1,0,0.00,0.00,0.00,0.81,0.00,0.00,0,0,0.00,0
2026-04-25 14:15:57,421.20,0,0,0,0,0,0,0,0.00,0,0.00,4.15,0.62,0.00,0.00,D,0.00,0.81,0.18,1.28,0.17,WARN_WARNING,0.00,,14.70,11.90,504,9.13,45.0,1,0,0.00,0.00,0.00,0.81,0.00,0.00,0,0,0.00,0
2026-04-25 14:15:58,422.31,0,0,0,0,0,0,0,0.00,0,0.00,4.15,0.62,0.00,0.00,D,0.00,0.81,0.19,1.27,0.17,WARN_WARNING,0.00,,15.40,12.00,504,0.07,45.5,1,0,0.00,0.00,0.00,0.81,0.00,0.00,0,0,0.00,0
2026-04-25 14:15:59,423.21,0,0,0,0,0,0,0,0.00,0,0.00,4.15,0.62,0.00,0.00,D,0.00,0.81,0.19,1.27,0.15,WARN_WARNING,0.00,,16.30,12.00,504,0.81,45.0,1,0,0.00,0.00,0.00,0.81,0.00,0.00,0,0,0.00,0
2026-04-25 14:16:00,424.32,0,0,0,0,0,0,0,0.00,0,0.00,4.15,0.62,0.00,0.00,D,0.00,0.81,0.19,1.28,0.16,WARN_WARNING,0.00,,14.20,12.00,504,0.81,43.3,1,0,0.00,0.00,0.00,0.81,0.00,0.00,0,0,0.00,0
2026-04-25 14:16:01,425.23,0,0,0,0,0,0,0,0.00,0,0.00,4.15,0.62,0.00,0.00,D,0.00,0.81,0.17,1.28,0.16,WARN_WARNING,0.00,,15.00,12.00,504,1.71,43.9,1,0,0.00,0.00,0.00,0.81,0.00,0.00,0,0,0.00,0
2026-04-25 14:16:02,426.24,0,0,0,0,0,0,0,0.00,0,0.00,4.15,0.61,0.00,0.00,D,0.00,0.81,0.18,1.28,0.16,WARN_WARNING,0.00,,14.90,12.00,504,2.72,45.0,1,0,0.00,0.00,0.00,0.81,0.00,0.00,0,0,0.00,0
2026-04-25 14:16:03,427.25,0,0,0,0,0,0,0,0.00,0,0.00,4.15,0.61,0.00,0.00,D,0.00,0.81,0.19,1.28,0.15,WARN_WARNING,0.00,,16.70,12.00,504,3.74,45.0,1,0,0.00,0.00,0.00,0.81,0.00,0.00,0,0,0.00,0
2026-04-25 14:16:04,428.27,0,0,0,0,0,0,0,0.00,0,0.00,4.15,0.61,0.00,0.00,D,0.00,0.81,0.19,1.28,0.16,WARN_WARNING,0.00,,14.70,12.00,504,0.78,45.0,1,0,0.00,0.00,0.00,0.81,0.00,0.00,0,0,0.00,0
2026-04-25 14:16:05,429.28,0,0,0,0,0,0,0,0.00,0,0.00,4.15,0.61,0.00,0.00,D,0.00,0.81,0.20,1.27,0.17,WARN_WARNING,0.00,,14.70,12.00,504,0.34,45.0,1,0,0.00,0.00,0.00,0.81,0.00,0.00,0,0,0.00,0
2026-04-25 14:16:06,430.29,0,0,0,0,0,0,0,0.00,0,0.00,4.15,0.61,0.00,0.00,D,0.00,0.81,0.24,1.27,0.13,WARN_WARNING,0.00,,15.10,12.00,504,1.35,43.3,1,0,0.00,0.00,0.00,0.81,0.00,0.00,0,0,0.00,0
2026-04-25 14:16:07,431.31,0,0,0,0,0,0,0,0.00,0,0.00,4.15,0.61,0.00,0.00,D,0.00,0.81,0.21,1.28,0.11,WARN_WARNING,0.00,,15.30,12.00,504,0.07,44.4,1,0,0.00,0.00,0.00,0.81,0.00,0.00,0,0,0.00,0
2026-04-25 14:16:08,432.32,0,0,0,0,0,0,0,0.00,0,0.00,4.15,0.61,0.00,0.00,D,0.00,0.81,0.23,1.27,0.11,WARN_WARNING,0.00,,14.90,12.00,504,0.31,43.3,1,0,0.00,0.00,0.00,0.81,0.00,0.00,0,0,0.00,0
2026-04-25 14:16:09,433.33,0,0,0,0,0,0,0,0.00,0,0.00,4.15,0.60,0.00,0.00,D,0.00,0.81,0.22,1.27,0.12,WARN_WARNING,0.00,,15.00,12.00,504,0.01,43.3,1,0,0.00,0.00,0.00,0.81,0.00,0.00,0,0,0.00,0
2026-04-25 14:16:10,434.34,0,0,0,0,0,0,0,0.00,0,0.00,4.15,0.60,0.00,0.00,D,0.00,0.81,0.19,1.27,0.12,WARN_WARNING,0.00,,16.20,12.00,504,0.97,45.5,1,0,0.00,0.00,0.00,0.81,0.00,0.00,0,0,0.00,0
2026-04-25 14:16:11,435.35,0,0,0,0,0,0,0,0.00,0,0.00,4.15,0.60,0.00,0.00,D,0.00,0.81,0.20,1.26,0.15,WARN_WARNING,0.00,,15.00,12.00,504,1.98,45.5,1,0,0.00,0.00,0.00,0.81,0.00,0.00,0,0,0.00,0
2026-04-25 14:16:12,436.37,0,0,0,0,0,0,0,0.00,0,0.00,4.15,0.60,0.00,0.00,D,0.00,0.81,0.17,1.27,0.15,WARN_WARNING,0.00,,15.60,12.00,504,2.99,44.4,1,0,0.00,0.00,0.00,0.81,0.00,0.00,0,0,0.00,0
2026-04-25 14:16:13,437.38,0,0,0,0,0,0,0,0.00,0,0.00,4.15,0.60,0.00,0.00,D,0.00,0.81,0.11,1.28,0.10,WARN_WARNING,0.00,,16.00,12.00,504,4.01,43.3,1,0,0.00,0.00,0.00,0.81,0.00,0.00,0,0,0.00,0
2026-04-25 14:16:14,438.49,0,0,0,0,0,0,0,0.00,0,0.00,4.15,0.60,0.00,0.00,D,0.00,0.81,0.83,1.26,0.09,WARN_WARNING,0.00,,16.00,12.00,504,5.12,43.3,1,0,0.00,0.00,0.00,0.81,0.00,0.00,0,0,0.00,0
2026-04-25 14:16:15,439.40,0,0,0,0,0,0,0,0.00,0,0.00,4.15,0.60,0.00,0.00,D,0.00,0.81,0.08,1.27,0.07,WARN_WARNING,0.00,,15.70,12.00,504,0.50,45.0,1,0,0.00,0.00,0.00,0.81,0.00,0.00,0,0,0.00,0
2026-04-25 14:16:16,440.41,0,0,0,0,0,0,0,0.00,0,0.00,4.15,0.59,0.00,0.00,D,0.00,0.81,0.11,1.27,0.10,WARN_WARNING,0.00,,14.30,12.00,504,1.52,43.3,1,0,0.00,0.00,0.00,0.81,0.00,0.00,0,0,0.00,0
2026-04-25 14:16:17,441.42,0,0,0,0,0,0,0,0.00,0,0.00,4.15,0.59,0.00,0.00,D,0.00,0.81,0.83,1.26,0.21,WARN_WARNING,0.00,,15.50,11.90,504,2.53,43.9,1,0,0.00,0.00,0.00,0.81,0.00,0.00,0,0,0.00,0
2026-04-25 14:16:18,442.53,0,0,0,0,0,0,0,0.00,0,0.00,4.15,0.59,0.00,0.00,D,0.00,0.81,0.82,1.28,0.13,WARN_WARNING,0.00,,14.90,12.00,504,3.64,43.3,1,0,0.00,0.00,0.00,0.81,0.00,0.00,0,0,0.00,0
2026-04-25 14:16:19,443.43,0,0,0,0,0,0,0,0.00,1,0.00,4.15,0.59,0.00,0.00,D,0.00,0.81,0.82,1.27,0.17,WARN_WARNING,0.00,,14.60,12.00,504,4.54,43.3,1,0,0.00,0.00,0.00,0.81,0.00,0.00,0,0,0.00,0
2026-04-25 14:16:20,444.44,0,0,0,0,0,0,0,0.00,1,0.00,4.15,0.59,0.00,0.00,D,0.00,0.81,0.83,1.27,0.29,WARN_WARNING,0.00,,14.70,12.00,504,0.70,45.0,1,0,0.00,0.00,0.00,0.81,0.00,0.00,0,0,0.00,0
2026-04-25 14:16:21,445.45,0,0,0,0,0,0,0,0.00,1,0.00,4.15,0.59,0.00,0.00,D,0.00,0.81,0.83,1.27,0.29,WARN_WARNING,0.00,,15.10,12.00,504,0.00,43.3,1,0,0.00,0.00,0.00,0.81,0.00,0.00,0,0,0.00,0
2026-04-25 14:16:22,446.46,0,0,0,0,0,0,0,0.00,1,0.00,4.15,0.59,0.00,0.00,D,0.00,0.81,0.83,1.27,0.22,WARN_WARNING,0.00,,15.10,11.90,504,0.55,44.4,1,0,0.00,0.00,0.00,0.81,0.00,0.00,0,0,0.00,0
2026-04-25 14:16:23,447.47,0,0,0,0,0,0,0,0.00,1,0.00,4.15,0.58,0.00,0.00,D,0.00,0.81,0.82,1.27,0.26,WARN_WARNING,0.00,,14.30,12.00,504,0.09,42.8,1,0,0.00,0.00,0.00,0.81,0.00,0.00,0,0,0.00,0
2026-04-25 14:16:24,448.58,0,0,0,0,0,0,0,0.00,1,0.00,4.15,0.58,0.00,0.00,D,0.00,0.81,0.83,1.27,0.64,WARN_WARNING,0.00,,14.20,12.00,504,0.90,45.0,1,0,0.00,0.00,0.00,0.81,0.00,0.00,0,0,0.00,0
2026-04-25 14:16:25,449.49,0,0,0,0,0,0,0,0.00,1,0.00,4.15,0.58,0.00,0.00,D,0.00,0.81,0.83,1.27,0.70,WARN_WARNING,0.00,,15.20,12.00,504,1.80,44.4,1,0,0.00,0.00,0.00,0.81,0.00,0.00,0,0,0.00,0
2026-04-25 14:16:26,450.50,0,0,0,0,0,0,0,0.00,1,0.00,4.15,0.58,0.00,0.00,D,0.00,0.81,0.83,1.28,0.72,WARN_WARNING,0.00,,14.20,12.00,504,2.82,45.0,1,0,0.00,0.00,0.00,0.81,0.00,0.00,0,0,0.00,0
2026-04-25 14:16:27,451.51,0,0,0,0,0,0,0,0.00,1,0.00,4.15,0.58,0.00,0.00,D,0.00,0.81,0.82,1.27,0.73,WARN_WARNING,0.00,,15.00,12.00,504,3.83,43.3,1,0,0.00,0.00,0.00,0.81,0.00,0.00,0,0,0.00,0
2026-04-25 14:16:28,452.53,0,0,0,0,0,0,0,0.00,1,0.00,4.15,0.58,0.00,0.00,D,0.00,0.81,0.83,1.27,0.66,WARN_WARNING,0.00,,15.10,12.00,504,0.03,44.4,1,0,0.00,0.00,0.00,0.81,0.00,0.00,0,0,0.00,0
2026-04-25 14:16:29,453.54,0,0,0,0,0,0,0,0.00,1,0.00,4.15,0.58,0.00,0.00,D,0.00,0.81,0.84,1.28,0.31,WARN_WARNING,0.00,,13.80,12.00,504,0.00,43.3,1,0,0.00,0.00,0.00,0.81,0.00,0.00,0,0,0.00,0
2026-04-25 14:16:30,454.55,0,0,0,0,0,0,0,0.00,1,0.00,4.15,0.58,0.00,0.00,D,0.00,0.82,0.83,1.28,0.24,WARN_WARNING,0.00,,14.00,11.90,504,0.04,43.9,1,0,0.00,0.00,0.00,0.82,0.00,0.00,0,0,0.00,0
2026-04-25 14:16:31,455.57,0,0,0,0,0,0,0,0.00,1,0.00,4.15,0.57,0.00,0.00,D,0.00,0.81,0.83,1.28,0.27,WARN_WARNING,0.00,,15.10,12.00,504,0.51,43.9,1,0,0.00,0.00,0.00,0.81,0.00,0.00,0,0,0.00,0
2026-04-25 14:16:32,456.58,0,0,0,0,0,0,0,0.00,1,0.00,4.15,0.57,0.00,0.00,D,0.00,0.81,0.83,1.28,0.18,WARN_WARNING,0.00,,15.40,11.90,504,0.43,43.3,1,0,0.00,0.00,0.00,0.81,0.00,0.00,0,0,0.00,0
2026-04-25 14:16:33,457.59,0,0,0,0,0,0,0,0.00,1,0.00,4.15,0.57,0.00,0.00,D,0.00,0.82,0.84,0.18,0.18,WARN_WARNING,0.00,,15.60,11.90,504,0.01,44.4,1,0,0.00,0.00,0.00,0.82,0.00,0.00,0,0,0.00,0
2026-04-25 14:16:34,458.59,0,0,0,0,0,0,0,0.00,1,0.00,4.15,0.57,0.00,0.00,D,0.00,0.82,0.84,1.27,0.17,WARN_WARNING,0.00,,15.80,12.00,504,0.31,45.0,1,0,0.00,0.00,0.00,0.82,0.00,0.00,0,0,0.00,0
2026-04-25 14:16:35,459.60,0,0,0,0,0,0,0,0.00,1,0.00,4.15,0.57,0.00,0.00,D,0.00,0.82,0.84,1.28,0.18,WARN_WARNING,0.00,,16.00,12.00,504,0.81,43.9,1,0,0.00,0.00,0.00,0.82,0.00,0.00,0,0,0.00,0
2026-04-25 14:16:36,460.60,0,0,0,0,0,0,0,0.00,1,0.00,4.15,0.57,0.00,0.00,D,0.00,0.84,1.10,1.13,0.10,WARN_WARNING,0.00,,14.80,12.00,504,0.24,45.0,1,0,0.00,0.00,0.00,0.84,0.00,0.00,0,0,0.00,0
2026-04-25 14:16:37,461.61,0,0,0,0,0,0,0,0.00,1,0.00,4.15,0.57,0.00,0.00,D,0.00,2.14,0.75,0.40,0.18,^,0.00,,14.50,12.00,504,0.17,45.0,1,0,0.00,0.00,0.00,2.14,0.00,0.00,0,0,0.00,0
2026-04-25 14:16:38,462.62,0,0,0,0,0,0,0,0.00,1,0.00,4.15,0.57,0.00,0.00,D,0.00,0.37,0.29,0.25,0.17,STOP_WARNING,0.00,aeb_stop,15.60,12.00,504,0.16,45.5,1,1,0.00,0.00,0.00,0.37,0.00,0.00,0,0,0.00,0
2026-04-25 14:16:39,463.64,0,0,0,0,0,0,0,0.00,1,0.00,4.15,0.56,0.00,0.00,D,0.00,0.36,0.30,0.25,0.26,STOP_WARNING,0.00,aeb_stop,15.10,12.00,504,0.02,43.3,1,1,0.00,0.00,0.00,0.36,0.00,0.00,0,0,0.00,0
2026-04-25 14:16:40,464.75,0,0,0,0,0,0,0,0.00,1,0.00,4.15,0.56,0.00,0.00,D,0.00,0.36,0.29,0.25,0.26,STOP_WARNING,0.00,aeb_stop,15.10,12.00,504,1.14,45.5,1,1,0.00,0.00,0.00,0.36,0.00,0.00,0,0,0.00,0
2026-04-25 14:16:41,465.65,0,0,0,0,0,0,0,0.00,1,0.00,4.15,0.56,0.00,0.00,D,0.00,0.36,0.29,0.25,0.26,STOP_WARNING,0.00,aeb_stop,14.40,12.00,504,2.04,45.0,1,1,0.00,0.00,0.00,0.36,0.00,0.00,0,0,0.00,0
2026-04-25 14:16:42,466.66,0,0,0,0,0,0,0,0.00,1,0.00,4.15,0.56,0.00,0.00,D,0.00,0.37,0.29,0.25,0.26,STOP_WARNING,0.00,aeb_stop,16.00,12.00,504,0.66,44.4,1,1,0.00,0.00,0.00,0.37,0.00,0.00,0,0,0.00,0
2026-04-25 14:16:43,467.67,0,0,0,0,0,0,0,0.00,1,0.00,4.15,0.56,0.00,0.00,D,0.00,0.36,0.29,0.25,0.26,STOP_WARNING,0.00,aeb_stop,14.60,12.00,504,1.68,43.9,1,1,0.00,0.00,0.00,0.36,0.00,0.00,0,0,0.00,0
2026-04-25 14:16:44,468.68,0,0,0,0,0,0,0,0.00,1,0.00,4.15,0.56,0.00,0.00,D,0.00,0.36,0.29,0.25,0.26,STOP_WARNING,0.00,aeb_stop,14.70,12.00,504,2.69,45.5,1,1,0.00,0.00,0.00,0.36,0.00,0.00,0,0,0.00,0
2026-04-25 14:16:45,469.70,0,0,0,0,0,0,0,0.00,1,0.00,4.15,0.56,0.00,0.00,D,0.00,0.36,0.29,0.25,0.26,STOP_WARNING,0.00,aeb_stop,13.90,12.00,504,3.70,44.4,1,1,0.00,0.00,0.00,0.36,0.00,0.00,0,0,0.00,0
2026-04-25 14:16:46,470.81,0,0,0,0,0,0,0,0.00,1,0.00,4.15,0.56,0.00,0.00,D,0.00,0.36,0.29,0.25,0.17,STOP_WARNING,0.00,aeb_stop,15.30,12.00,504,0.33,44.4,1,1,0.00,0.00,0.00,0.36,0.00,0.00,0,0,0.00,0
2026-04-25 14:16:47,471.72,0,0,0,0,0,0,0,0.00,1,0.00,4.15,0.55,0.00,0.00,D,0.00,0.36,0.29,0.25,0.21,STOP_WARNING,0.00,aeb_stop,15.80,12.00,504,0.44,43.3,1,1,0.00,0.00,0.00,0.36,0.00,0.00,0,0,0.00,0
2026-04-25 14:16:48,472.73,0,0,0,0,0,0,0,0.00,1,0.00,4.15,0.55,0.00,0.00,D,0.00,0.36,0.29,0.25,0.15,STOP_WARNING,0.00,aeb_stop,11.80,12.00,504,1.45,43.3,1,1,0.00,0.00,0.00,0.36,0.00,0.00,0,0,0.00,0
2026-04-25 14:16:49,473.74,0,0,0,0,0,0,0,0.00,1,0.00,4.15,0.55,0.00,0.00,D,0.00,0.36,0.29,0.12,0.13,STOP_WARNING,0.00,aeb_stop,13.20,12.00,504,0.14,45.5,1,1,0.00,0.00,0.00,0.36,0.00,0.00,0,0,0.00,0
2026-04-25 14:16:50,474.76,0,0,0,0,0,0,0,0.00,1,0.00,4.15,0.55,0.00,0.00,D,0.00,0.37,0.30,0.11,0.13,STOP_WARNING,0.00,aeb_stop,13.30,12.00,504,1.16,44.4,1,1,0.00,0.00,0.00,0.37,0.00,0.00,0,0,0.00,0
2026-04-25 14:16:51,475.77,0,0,0,0,0,0,0,0.00,1,0.00,4.15,0.55,0.00,0.00,D,0.00,0.36,0.29,0.11,0.13,STOP_WARNING,0.00,aeb_stop,12.60,12.10,504,0.27,44.4,1,1,0.00,0.00,0.00,0.36,0.00,0.00,0,0,0.00,0
2026-04-25 14:16:52,476.78,0,0,0,0,0,0,0,0.00,1,0.00,4.15,0.55,0.00,0.00,D,0.00,0.36,0.30,0.10,0.17,STOP_WARNING,0.00,aeb_stop,13.10,12.10,504,0.10,46.1,1,1,0.00,0.00,0.00,0.36,0.00,0.00,0,0,0.00,0
2026-04-25 14:16:53,477.80,0,0,0,0,0,0,0,0.00,1,0.00,4.15,0.55,0.00,0.00,D,0.00,0.36,0.29,0.25,0.26,STOP_WARNING,0.00,aeb_stop,15.40,12.00,504,0.99,45.0,1,1,0.00,0.00,0.00,0.36,0.00,0.00,0,0,0.00,0
2026-04-25 14:16:54,478.81,0,0,0,0,0,0,0,0.00,1,0.00,4.15,0.55,0.00,0.00,D,0.00,0.36,0.29,0.25,0.26,STOP_WARNING,0.00,aeb_stop,13.60,12.00,504,0.51,45.5,1,1,0.00,0.00,0.00,0.36,0.00,0.00,0,0,0.00,0
2026-04-25 14:16:55,479.82,0,0,0,0,0,0,0,0.00,1,0.00,4.15,0.55,0.00,0.00,D,0.00,0.36,0.29,0.25,0.16,STOP_WARNING,0.00,aeb_stop,15.40,12.00,504,0.30,44.4,1,1,0.00,0.00,0.00,0.36,0.00,0.00,0,0,0.00,0
2026-04-25 14:16:56,480.93,0,0,0,0,0,0,0,0.00,1,0.00,4.15,0.54,0.00,0.00,D,0.00,0.36,0.29,0.25,0.16,STOP_WARNING,0.00,aeb_stop,16.00,12.00,504,0.84,44.4,1,1,0.00,0.00,0.00,0.36,0.00,0.00,0,0,0.00,0
2026-04-25 14:16:57,481.84,0,0,0,0,0,0,0,0.00,1,0.00,4.15,0.54,0.00,0.00,D,0.00,0.36,0.29,0.25,0.12,STOP_WARNING,0.00,aeb_stop,15.60,12.00,504,1.75,44.4,1,1,0.00,0.00,0.00,0.36,0.00,0.00,0,0,0.00,0
2026-04-25 14:16:58,482.95,0,0,0,0,0,0,0,0.00,1,0.00,4.15,0.54,0.00,0.00,D,0.00,0.36,0.29,0.08,0.12,STOP_WARNING,0.00,aeb_stop,14.10,12.00,504,0.07,45.0,1,1,0.00,0.00,0.00,0.36,0.00,0.00,0,0,0.00,0
2026-04-25 14:16:59,483.85,0,0,0,0,0,0,0,0.00,1,0.00,4.15,0.54,0.00,0.00,D,0.00,0.36,0.29,0.25,0.12,STOP_WARNING,0.00,aeb_stop,14.00,12.00,504,0.53,45.0,1,1,0.00,0.00,0.00,0.36,0.00,0.00,0,0,0.00,0
2026-04-25 14:17:00,484.86,0,0,0,0,0,0,0,0.00,1,0.00,4.15,0.54,0.00,0.00,D,0.00,0.36,0.29,0.25,0.26,STOP_WARNING,0.00,aeb_stop,13.40,12.00,504,1.54,43.3,1,1,0.00,0.00,0.00,0.36,0.00,0.00,0,0,0.00,0
2026-04-25 14:17:01,485.87,0,0,0,0,0,0,0,0.00,1,0.00,4.15,0.54,0.00,0.00,D,0.00,0.36,0.29,0.25,0.26,STOP_WARNING,0.00,aeb_stop,17.50,12.00,504,2.54,44.4,1,1,0.00,0.00,0.00,0.36,0.00,0.00,0,0,0.00,0
2026-04-25 14:17:02,486.88,0,0,0,0,0,0,0,0.00,1,0.00,4.15,0.54,0.00,0.00,D,0.00,0.36,0.29,0.25,0.26,STOP_WARNING,0.00,aeb_stop,15.80,12.00,504,3.56,45.0,1,1,0.00,0.00,0.00,0.36,0.00,0.00,0,0,0.00,0
2026-04-25 14:17:03,487.89,0,0,0,0,0,0,0,0.00,1,0.00,4.15,0.54,0.00,0.00,D,0.00,0.36,0.29,0.25,0.26,STOP_WARNING,0.00,aeb_stop,14.00,12.00,504,4.57,44.4,1,1,0.00,0.00,0.00,0.36,0.00,0.00,0,0,0.00,0
2026-04-25 14:17:05,489.01,0,0,0,0,0,0,0,0.00,1,0.00,4.15,0.54,0.00,0.00,D,0.00,0.36,0.29,0.25,0.26,STOP_WARNING,0.00,aeb_stop,15.10,12.00,504,5.68,45.5,1,1,0.00,0.00,0.00,0.36,0.00,0.00,0,0,0.00,0
2026-04-25 14:17:05,489.91,0,0,0,0,0,0,0,0.00,1,0.00,4.15,0.53,0.00,0.00,D,0.00,0.36,0.29,0.25,0.26,STOP_WARNING,0.00,aeb_stop,15.70,12.00,504,0.13,45.5,1,1,0.00,0.00,0.00,0.36,0.00,0.00,0,0,0.00,0
2026-04-25 14:17:07,491.02,0,0,0,0,0,0,0,0.00,1,0.00,4.15,0.53,0.00,0.00,D,0.00,0.36,0.29,0.25,0.26,STOP_WARNING,0.00,aeb_stop,15.80,12.00,504,1.24,44.4,1,1,0.00,0.00,0.00,0.36,0.00,0.00,0,0,0.00,0
2026-04-25 14:17:07,491.92,0,0,0,0,0,0,0,0.00,1,0.00,4.15,0.53,0.00,0.00,D,0.00,0.36,0.29,0.25,0.26,STOP_WARNING,0.00,aeb_stop,14.80,12.00,504,2.14,45.0,1,1,0.00,0.00,0.00,0.36,0.00,0.00,0,0,0.00,0
2026-04-25 14:17:08,492.94,0,0,0,0,0,0,0,0.00,1,0.00,4.15,0.53,0.00,0.00,D,0.00,0.36,0.29,0.25,0.26,STOP_WARNING,0.00,aeb_stop,15.50,12.00,504,0.02,44.4,1,1,0.00,0.00,0.00,0.36,0.00,0.00,0,0,0.00,0
2026-04-25 14:17:09,493.95,0,0,0,0,0,0,0,0.00,1,0.00,4.15,0.53,0.00,0.00,D,0.00,0.36,0.29,0.25,0.26,STOP_WARNING,0.00,aeb_stop,15.80,12.00,504,1.03,45.0,1,1,0.00,0.00,0.00,0.36,0.00,0.00,0,0,0.00,0
2026-04-25 14:17:10,494.96,0,0,1,0,0,0,0,0.99,1,0.00,4.15,0.53,0.00,0.00,D,0.00,0.36,0.29,0.25,0.26,STOP_WARNING,0.00,aeb_stop,14.10,12.00,504,0.76,44.4,1,1,0.00,0.00,0.00,0.36,0.00,0.00,0,0,0.00,0
2026-04-25 14:17:11,495.96,0,0,0,0,0,0,0,0.00,1,0.00,4.15,0.53,0.00,0.00,D,0.00,0.36,0.29,0.25,0.26,STOP_WARNING,0.00,aeb_stop,16.20,12.00,504,1.77,43.9,1,1,0.00,0.00,0.00,0.36,0.00,0.00,0,0,0.00,0
2026-04-25 14:17:12,496.98,0,0,0,1,0,0,0,0.00,0,1.00,4.15,0.53,0.01,-0.27,R,0.00,0.36,0.29,0.25,0.26,STOP_WARNING,0.00,,16.80,12.00,504,0.18,44.4,1,0,0.00,0.00,0.00,0.36,0.00,0.00,0,0,0.00,0
2026-04-25 14:17:14,497.99,0,0,0,0,0,0,0,0.00,0,1.00,4.15,0.53,0.34,-0.77,R,0.00,0.37,0.33,0.26,0.27,STOP_WARNING,0.00,,14.30,12.00,504,0.00,45.5,1,0,0.00,0.00,0.00,0.37,0.00,0.00,0,0,0.00,0
2026-04-25 14:17:15,499.10,0,0,0,0,0,0,0,0.00,0,1.00,4.15,0.53,1.14,-0.47,R,0.00,0.55,0.76,0.41,0.58,STOP_WARNING,0.00,,20.00,12.00,504,0.00,45.5,1,0,0.00,0.00,0.00,0.55,0.00,0.00,0,0,0.00,0
2026-04-25 14:17:16,500.01,0,0,0,0,0,0,0,0.00,0,0.00,4.15,0.53,0.00,-0.00,R,0.00,0.67,0.67,0.57,0.51,WARN_WARNING,0.00,,15.20,12.00,504,0.09,45.5,1,0,0.00,0.00,0.00,0.67,0.00,0.00,0,0,0.00,0
2026-04-25 14:17:17,501.02,0,0,0,0,0,0,0,0.00,0,0.00,4.15,0.53,0.00,-0.00,R,0.00,0.66,0.67,0.57,0.18,WARN_WARNING,0.00,,15.30,12.00,504,0.82,44.4,1,0,0.00,0.00,0.00,0.66,0.00,0.00,0,0,0.00,0
2026-04-25 14:17:18,502.03,0,0,0,0,0,0,0,0.00,0,0.00,4.15,0.53,0.00,-0.00,R,0.00,0.67,0.67,0.57,0.25,WARN_WARNING,0.00,,14.90,12.00,504,0.27,44.4,1,0,0.00,0.00,0.00,0.67,0.00,0.00,0,0,0.00,0
2026-04-25 14:17:19,503.04,0,0,0,0,0,0,0,0.00,0,0.00,4.15,0.52,0.00,-0.00,R,0.00,0.66,0.67,0.57,0.10,WARN_WARNING,0.00,,13.80,12.00,504,1.28,44.4,1,0,0.00,0.00,0.00,0.66,0.00,0.00,0,0,0.00,0
2026-04-25 14:17:20,504.05,0,0,0,0,0,0,0,0.00,0,0.00,4.15,0.52,0.00,-0.00,R,0.00,0.66,0.67,0.57,0.10,WARN_WARNING,0.00,,15.20,12.00,504,2.29,45.5,1,0,0.00,0.00,0.00,0.66,0.00,0.00,0,0,0.00,0
2026-04-25 14:17:21,505.16,0,0,0,0,0,0,0,0.00,0,0.00,4.15,0.52,0.00,-0.00,R,0.00,0.66,0.67,0.57,0.10,WARN_WARNING,0.00,,16.20,12.00,504,3.40,44.4,1,0,0.00,0.00,0.00,0.66,0.00,0.00,0,0,0.00,0
2026-04-25 14:17:22,506.07,0,0,0,0,0,0,0,0.00,0,0.00,4.15,0.52,0.00,-0.00,R,0.00,0.66,0.67,0.57,0.09,WARN_WARNING,0.00,,14.40,12.00,504,4.31,45.5,1,0,0.00,0.00,0.00,0.66,0.00,0.00,0,0,0.00,0
2026-04-25 14:17:23,507.08,0,0,0,0,0,0,0,0.00,0,0.00,4.15,0.52,0.00,-0.00,R,0.00,0.66,0.67,0.57,0.08,WARN_WARNING,0.00,,15.20,12.00,504,0.16,43.9,1,0,0.00,0.00,0.00,0.66,0.00,0.00,0,0,0.00,0
2026-04-25 14:17:24,508.09,0,0,0,0,0,0,0,0.00,0,0.00,4.15,0.52,0.00,-0.00,R,0.00,0.66,0.67,0.56,0.08,WARN_WARNING,0.00,,15.40,12.00,504,1.17,44.4,1,0,0.00,0.00,0.00,0.66,0.00,0.00,0,0,0.00,0
2026-04-25 14:17:25,509.10,0,0,0,0,0,0,0,0.00,0,0.00,4.15,0.52,0.00,-0.00,R,0.00,0.66,0.67,0.57,0.09,WARN_WARNING,0.00,,15.10,12.00,504,2.18,46.1,1,0,0.00,0.00,0.00,0.66,0.00,0.00,0,0,0.00,0
2026-04-25 14:17:26,510.11,0,0,0,0,0,0,0,0.00,0,0.00,4.15,0.52,0.00,-0.00,R,0.00,0.66,0.67,0.57,0.18,WARN_WARNING,0.00,,14.90,12.00,504,3.20,43.9,1,0,0.00,0.00,0.00,0.66,0.00,0.00,0,0,0.00,0
2026-04-25 14:17:27,511.13,0,0,0,0,0,0,0,0.00,0,0.00,4.15,0.52,0.00,-0.00,R,0.00,0.67,0.67,0.56,0.16,WARN_WARNING,0.00,,15.30,12.00,504,4.21,43.3,1,0,0.00,0.00,0.00,0.67,0.00,0.00,0,0,0.00,0
2026-04-25 14:17:28,512.14,0,0,0,0,0,0,0,0.00,0,0.00,4.15,0.51,0.00,-0.00,R,0.00,0.65,0.67,0.56,0.13,WARN_WARNING,0.00,,14.50,12.00,504,0.53,44.4,1,0,0.00,0.00,0.00,0.65,0.00,0.00,0,0,0.00,0
2026-04-25 14:17:29,513.25,0,0,0,0,0,0,0,0.00,0,0.00,4.15,0.51,0.00,-0.00,R,0.00,0.66,0.67,0.21,0.13,WARN_WARNING,0.00,,13.60,12.00,504,1.64,44.4,1,0,0.00,0.00,0.00,0.66,0.00,0.00,0,0,0.00,0
2026-04-25 14:17:30,514.15,0,0,0,0,0,0,0,0.00,0,0.00,4.15,0.51,0.00,-0.00,R,0.00,0.67,0.67,0.23,0.11,WARN_WARNING,0.00,,14.40,12.00,504,2.54,44.4,1,0,0.00,0.00,0.00,0.67,0.00,0.00,0,0,0.00,0
2026-04-25 14:17:31,515.27,0,0,0,0,0,0,0,0.00,0,0.00,4.15,0.51,0.00,-0.00,R,0.00,0.65,0.67,0.20,0.12,WARN_WARNING,0.00,,15.60,12.00,504,0.18,45.0,1,0,0.00,0.00,0.00,0.65,0.00,0.00,0,0,0.00,0
2026-04-25 14:17:32,516.17,0,0,0,0,0,0,0,0.00,0,0.00,4.15,0.51,0.00,-0.00,R,0.00,0.66,0.67,0.14,0.13,WARN_WARNING,0.00,,14.30,12.00,504,0.68,43.9,1,0,0.00,0.00,0.00,0.66,0.00,0.00,0,0,0.00,0
2026-04-25 14:17:33,517.18,0,0,0,0,0,0,0,0.00,0,0.00,4.15,0.51,0.00,-0.00,R,0.00,0.66,0.67,0.14,0.15,WARN_WARNING,0.00,,15.10,11.90,504,1.69,43.9,1,0,0.00,0.00,0.00,0.66,0.00,0.00,0,0,0.00,0
2026-04-25 14:17:34,518.20,0,0,0,0,0,0,0,0.00,0,0.00,4.15,0.51,0.00,-0.00,R,0.00,0.66,0.67,0.12,0.17,WARN_WARNING,0.00,,14.50,11.90,504,2.71,43.9,1,0,0.00,0.00,0.00,0.66,0.00,0.00,0,0,0.00,0
2026-04-25 14:17:35,519.31,0,0,0,0,0,0,0,0.00,0,0.00,4.15,0.51,0.00,-0.00,R,0.00,0.66,0.67,0.12,0.12,WARN_WARNING,0.00,,13.80,11.90,504,3.82,45.0,1,0,0.00,0.00,0.00,0.66,0.00,0.00,0,0,0.00,0
2026-04-25 14:17:36,520.21,0,0,0,0,0,0,0,0.00,0,0.00,4.15,0.51,0.00,-0.00,R,0.00,0.66,0.67,0.56,0.34,WARN_WARNING,0.00,,14.40,11.90,504,4.72,45.0,1,0,0.00,0.00,0.00,0.66,0.00,0.00,0,0,0.00,0
2026-04-25 14:17:37,521.22,0,0,0,0,0,0,0,0.00,0,0.00,4.15,0.51,0.00,-0.00,R,0.00,0.66,0.67,0.56,0.32,WARN_WARNING,0.00,,14.20,12.00,504,5.73,45.0,1,0,0.00,0.00,0.00,0.66,0.00,0.00,0,0,0.00,0
2026-04-25 14:17:38,522.24,0,0,0,0,0,0,0,0.00,0,0.00,4.15,0.50,0.00,-0.00,R,0.00,0.66,0.67,0.56,0.35,WARN_WARNING,0.00,,13.80,11.90,504,6.75,44.4,1,0,0.00,0.00,0.00,0.66,0.00,0.00,0,0,0.00,0
2026-04-25 14:17:39,523.25,0,0,0,0,0,0,0,0.00,0,0.00,4.15,0.50,0.00,-0.00,R,0.00,0.65,0.67,0.56,0.59,WARN_WARNING,0.00,,14.50,12.00,504,7.76,44.4,1,0,0.00,0.00,0.00,0.65,0.00,0.00,0,0,0.00,0
2026-04-25 14:17:40,524.26,0,0,1,0,0,0,0,0.00,0,0.00,4.15,0.50,0.00,0.00,D,0.00,0.66,0.67,0.56,0.60,WARN_WARNING,0.00,,13.70,11.90,504,8.77,44.4,1,0,0.00,0.00,0.00,0.66,0.00,0.00,0,0,0.00,0
2026-04-25 14:17:41,525.37,0,0,0,0,0,0,0,0.00,0,1.00,4.15,0.50,0.00,0.30,D,0.00,0.65,0.67,0.56,0.59,WARN_WARNING,0.00,,15.20,11.90,504,0.03,43.9,0,0,0.00,0.00,0.00,0.65,0.00,0.00,0,0,0.00,0
2026-04-25 14:17:42,526.28,0,0,0,0,0,0,0,0.21,0,0.47,4.15,0.50,0.77,0.45,D,0.00,0.59,0.70,0.52,0.56,STOP_WARNING,0.00,,16.30,12.00,504,0.00,45.0,0,0,0.00,0.00,0.00,0.59,0.00,0.00,0,0,0.00,0
2026-04-25 14:17:43,527.29,0,0,0,0,0,0,0,0.00,0,0.00,4.15,0.50,0.63,0.00,D,0.00,0.41,0.73,0.31,0.65,STOP_WARNING,0.00,,15.50,12.00,504,0.00,44.4,0,0,0.00,0.00,0.00,0.41,0.00,0.00,0,0,0.00,0
2026-04-25 14:17:44,528.30,0,0,0,0,0,0,0,0.00,0,0.00,4.15,0.50,0.00,0.00,D,0.00,0.39,0.69,0.29,0.31,STOP_WARNING,0.00,,14.50,12.00,504,0.75,44.4,0,0,0.00,0.00,0.00,0.39,0.00,0.00,0,0,0.00,0
2026-04-25 14:17:45,529.41,0,0,0,0,0,0,0,0.00,0,0.00,4.15,0.50,0.00,0.00,D,0.00,0.40,0.69,0.29,0.32,STOP_WARNING,0.00,,16.00,12.00,504,1.87,45.5,0,0,0.00,0.00,0.00,0.40,0.00,0.00,0,0,0.00,0
2026-04-25 14:17:46,530.32,0,0,0,0,0,0,0,0.00,0,0.00,4.15,0.50,0.00,0.00,D,0.00,0.40,0.69,0.29,0.32,STOP_WARNING,0.00,,14.00,12.00,504,2.77,43.9,0,0,0.00,0.00,0.00,0.40,0.00,0.00,0,0,0.00,0
2026-04-25 14:17:47,531.33,0,0,0,0,0,0,0,0.00,0,0.00,4.15,0.50,0.00,0.00,D,0.00,0.40,0.69,0.29,0.32,STOP_WARNING,0.00,,14.70,12.00,504,3.78,45.0,0,0,0.00,0.00,0.00,0.40,0.00,0.00,0,0,0.00,0
2026-04-25 14:17:48,532.35,0,0,0,0,0,0,0,0.00,0,0.00,4.15,0.50,0.00,0.00,D,0.00,0.40,0.69,0.29,0.31,STOP_WARNING,0.00,,14.60,12.00,504,4.80,44.4,0,0,0.00,0.00,0.00,0.40,0.00,0.00,0,0,0.00,0
2026-04-25 14:17:49,533.36,0,0,0,0,0,0,0,0.00,0,0.00,4.15,0.50,0.00,0.00,D,0.00,0.39,0.69,0.29,0.31,STOP_WARNING,0.00,,13.20,12.00,504,5.81,44.4,0,0,0.00,0.00,0.00,0.39,0.00,0.00,0,0,0.00,0
2026-04-25 14:17:50,534.38,0,0,0,0,0,0,0,0.00,0,0.00,4.15,0.50,0.00,0.00,D,0.00,0.40,0.69,0.29,0.32,STOP_WARNING,0.00,,12.70,12.00,504,6.83,45.0,0,0,0.00,0.00,0.00,0.40,0.00,0.00,0,0,0.00,0
2026-04-25 14:17:51,535.39,0,0,0,0,0,0,0,0.00,0,0.00,4.15,0.49,0.00,0.00,D,0.00,0.39,0.69,0.29,0.32,STOP_WARNING,0.00,,13.90,12.00,504,7.84,43.9,0,0,0.00,0.00,0.00,0.39,0.00,0.00,0,0,0.00,0
2026-04-25 14:17:52,536.40,0,0,0,0,0,0,0,0.00,0,0.00,4.15,0.49,0.00,0.00,D,0.00,0.40,0.69,0.29,0.32,STOP_WARNING,0.00,,12.00,12.00,504,8.85,44.4,0,0,0.00,0.00,0.00,0.40,0.00,0.00,0,0,0.00,0
2026-04-25 14:17:53,537.41,0,0,0,0,0,0,0,0.00,0,0.00,4.15,0.49,0.00,0.00,D,0.00,0.40,0.69,0.29,0.03,STOP_WARNING,0.00,,11.00,12.00,504,9.86,45.0,0,0,0.00,0.00,0.00,0.40,0.00,0.00,0,0,0.00,0
2026-04-25 14:17:54,538.43,0,0,0,0,0,0,0,0.00,0,0.00,4.15,0.49,0.00,0.00,D,0.00,0.40,0.69,0.03,0.03,STOP_WARNING,0.00,,13.90,12.00,504,10.88,44.4,0,0,0.00,0.00,0.00,0.40,0.00,0.00,0,0,0.00,0
2026-04-25 14:17:55,539.43,0,0,0,0,0,0,0,0.00,0,0.00,4.15,0.49,0.00,0.00,D,0.00,0.40,0.68,0.30,0.09,STOP_WARNING,0.00,,14.40,12.00,504,0.67,44.4,0,0,0.00,0.00,0.00,0.40,0.00,0.00,0,0,0.00,0
2026-04-25 14:17:56,540.44,0,0,0,0,0,0,0,0.00,0,0.00,4.15,0.49,0.00,0.00,D,0.00,0.41,0.68,0.30,0.11,STOP_WARNING,0.00,,14.20,12.00,504,0.04,45.5,0,0,0.00,0.00,0.00,0.41,0.00,0.00,0,0,0.00,0
2026-04-25 14:17:57,541.45,0,0,0,0,0,0,0,0.00,0,0.00,4.15,0.49,0.00,0.00,D,0.00,0.41,0.68,0.30,0.09,STOP_WARNING,0.00,,16.20,11.90,504,0.01,44.4,0,0,0.00,0.00,0.00,0.41,0.00,0.00,0,0,0.00,0
2026-04-25 14:17:58,542.47,0,0,0,0,0,0,0,0.00,0,0.00,4.15,0.49,0.00,0.00,D,0.00,0.40,0.68,0.30,0.03,STOP_WARNING,0.00,,15.80,12.00,504,0.69,45.0,0,0,0.00,0.00,0.00,0.40,0.00,0.00,0,0,0.00,0
2026-04-25 14:17:59,543.48,0,0,0,0,0,0,0,0.00,0,0.00,4.15,0.49,0.00,0.00,D,0.00,0.39,0.69,0.29,0.03,STOP_WARNING,0.00,,13.10,12.00,504,0.01,45.0,0,0,0.00,0.00,0.00,0.39,0.00,0.00,0,0,0.00,0
2026-04-25 14:18:00,544.49,0,0,0,0,0,0,0,0.00,0,0.00,4.15,0.49,0.00,0.00,D,0.00,0.05,0.68,0.02,0.03,STOP_WARNING,0.00,,16.00,12.00,504,0.42,46.1,0,0,0.00,0.00,0.00,0.05,0.00,0.00,0,0,0.00,0
2026-04-25 14:18:01,545.50,0,0,0,0,0,0,0,0.00,0,0.00,4.15,0.49,0.00,0.00,D,0.00,0.05,0.68,0.03,0.03,STOP_WARNING,0.00,,15.10,12.00,504,1.43,45.0,0,0,0.00,0.00,0.00,0.05,0.00,0.00,0,0,0.00,0
2026-04-25 14:18:02,546.52,0,0,0,0,0,0,0,0.00,0,0.00,4.15,0.48,0.00,0.00,D,0.00,0.40,0.68,0.30,0.32,STOP_WARNING,0.00,,14.20,12.00,504,2.44,45.5,0,0,0.00,0.00,0.00,0.40,0.00,0.00,0,0,0.00,0
2026-04-25 14:18:03,547.53,0,0,0,0,0,0,0,0.00,0,1.00,4.15,0.48,0.00,0.07,D,0.00,0.40,0.68,0.30,0.32,STOP_WARNING,0.00,,14.10,12.00,504,3.45,43.9,0,0,0.00,0.00,0.00,0.40,0.00,0.00,0,0,0.00,0
2026-04-25 14:18:04,548.55,0,0,0,0,0,0,0,0.00,0,1.00,4.15,0.48,0.11,0.58,D,0.00,0.40,0.67,0.29,0.31,STOP_WARNING,0.00,,16.40,12.00,504,0.00,43.9,0,0,0.00,0.00,0.00,0.40,0.00,0.00,0,0,0.00,0
2026-04-25 14:18:05,549.66,0,0,0,0,0,0,0,0.16,0,0.00,4.15,0.48,1.38,0.47,D,0.00,0.39,0.28,0.18,0.19,STOP_WARNING,0.00,,18.10,12.00,504,0.00,45.0,0,0,0.00,0.00,0.00,0.39,0.00,0.00,0,0,0.00,0
2026-04-25 14:18:06,550.57,0,0,0,0,0,0,0,-0.47,0,1.00,4.15,0.48,0.82,0.46,D,0.00,1.00,0.63,0.69,0.24,WARN_WARNING,0.00,,16.70,12.00,504,0.00,45.0,0,0,0.00,0.00,0.00,1.00,0.00,0.00,0,0,0.00,0
2026-04-25 14:18:07,551.68,0,0,0,0,0,0,0,0.00,0,1.00,4.15,0.49,1.99,0.97,D,0.00,1.11,1.29,0.57,0.48,WARN_WARNING,0.00,,17.80,12.00,504,0.00,43.9,1,0,0.00,0.00,0.00,1.11,0.00,0.00,0,0,0.00,0
2026-04-25 14:18:08,552.69,0,0,0,0,0,0,0,0.00,0,0.00,4.15,0.49,3.25,0.58,D,0.00,1.68,1.29,0.68,0.67,WARN_WARNING,0.00,,17.80,12.00,504,0.00,45.5,1,0,0.00,0.00,0.00,1.68,0.00,0.00,0,0,0.00,0
2026-04-25 14:18:09,553.59,0,0,0,0,0,0,0,0.12,0,0.12,4.15,0.49,2.12,0.01,D,0.00,12.00,12.00,0.84,0.83,^,0.00,,17.30,12.00,504,0.00,45.5,1,0,0.00,0.00,0.00,12.00,0.00,0.00,0,0,0.00,0
2026-04-25 14:18:10,554.60,0,0,0,0,0,0,0,0.00,0,0.21,4.15,0.50,0.93,0.37,D,0.00,12.00,3.75,0.84,0.86,^,0.00,,16.10,12.00,504,0.00,44.4,1,0,0.00,0.00,0.00,12.00,0.00,0.00,0,0,0.00,0
2026-04-25 14:18:11,555.61,0,0,0,0,0,0,0,0.00,0,1.00,4.15,0.50,1.19,0.54,D,0.00,12.00,12.00,1.08,0.78,^,0.00,,16.00,12.00,504,0.00,43.9,1,0,0.00,0.00,0.00,12.00,0.00,0.00,0,0,0.00,0
2026-04-25 14:18:12,556.62,0,0,0,0,0,0,0,0.00,1,0.00,4.15,0.50,0.99,0.00,D,0.00,12.00,12.00,1.24,0.82,^,0.00,,14.20,12.00,504,0.00,45.0,1,0,0.00,0.00,0.00,12.00,0.00,0.00,0,0,0.00,0
2026-04-25 14:18:13,557.64,0,0,0,0,0,0,0,0.00,0,0.00,4.15,0.50,0.00,0.00,D,0.00,12.00,12.00,1.26,0.75,^,0.00,,13.30,12.00,504,0.69,46.1,1,0,0.00,0.00,0.00,12.00,0.00,0.00,0,0,0.00,0
2026-04-25 14:18:14,558.65,0,0,0,0,0,0,0,0.00,0,0.00,4.15,0.50,0.00,0.00,D,0.00,12.00,12.00,1.26,1.06,^,0.00,,14.20,11.90,504,1.71,47.2,1,0,0.00,0.00,0.00,12.00,0.00,0.00,0,0,0.00,0
2026-04-25 14:18:15,559.66,0,0,0,0,0,0,0,0.00,0,0.00,4.15,0.50,0.00,0.00,D,0.00,12.00,12.00,1.26,1.07,^,0.00,,11.70,12.00,504,2.72,46.1,1,0,0.00,0.00,0.00,12.00,0.00,0.00,0,0,0.00,0
2026-04-25 14:18:16,560.67,0,0,0,0,0,0,0,0.00,0,0.00,4.15,0.50,0.00,0.00,D,0.00,12.00,12.00,1.27,1.09,^,0.00,,12.00,12.00,504,3.73,45.0,1,0,0.00,0.00,0.00,12.00,0.00,0.00,0,0,0.00,0
2026-04-25 14:18:17,561.68,0,0,0,0,0,0,0,0.00,0,0.00,4.15,0.50,0.00,0.00,D,0.00,12.00,12.00,1.27,1.09,^,0.00,,13.60,12.00,504,4.74,45.0,1,0,0.00,0.00,0.00,12.00,0.00,0.00,0,0,0.00,0
2026-04-25 14:18:18,562.69,0,0,0,0,0,0,0,0.00,0,0.00,4.15,0.49,0.00,0.00,D,0.00,12.00,12.00,1.27,1.05,^,0.00,,14.90,12.00,504,5.75,45.5,1,0,0.00,0.00,0.00,12.00,0.00,0.00,0,0,0.00,0
2026-04-25 14:18:19,563.71,0,0,0,0,0,0,0,0.00,0,0.00,4.15,0.49,0.00,0.00,D,0.00,12.00,12.00,1.26,1.08,^,0.00,,16.60,12.00,504,6.76,45.5,1,0,0.00,0.00,0.00,12.00,0.00,0.00,0,0,0.00,0
2026-04-25 14:18:20,564.72,0,0,0,0,0,0,0,0.00,0,0.00,4.15,0.49,0.00,0.00,D,0.00,12.00,12.00,1.27,1.07,^,0.00,,14.60,12.00,504,7.78,45.5,1,0,0.00,0.00,0.00,12.00,0.00,0.00,0,0,0.00,0
2026-04-25 14:18:21,565.83,0,0,0,0,0,0,0,0.00,0,0.00,4.15,0.49,0.00,0.00,D,0.00,12.00,12.00,1.26,1.09,^,0.00,,16.30,12.00,504,8.89,45.5,1,0,0.00,0.00,0.00,12.00,0.00,0.00,0,0,0.00,0
2026-04-25 14:18:22,566.74,0,0,0,0,0,0,0,0.00,0,0.00,4.15,0.49,0.00,0.00,D,0.00,12.00,12.00,1.26,1.09,^,0.00,,14.60,12.00,504,9.79,46.1,1,0,0.00,0.00,0.00,12.00,0.00,0.00,0,0,0.00,0
2026-04-25 14:18:23,567.75,0,0,0,0,0,0,0,0.00,0,0.00,4.15,0.49,0.00,0.00,D,0.00,12.00,12.00,1.26,1.09,^,0.00,,16.40,12.00,504,10.81,43.9,1,0,0.00,0.00,0.00,12.00,0.00,0.00,0,0,0.00,0
2026-04-25 14:18:24,568.76,0,0,0,0,0,0,0,0.00,0,0.00,4.15,0.49,0.00,0.00,D,0.00,12.00,12.00,1.27,1.09,^,0.00,,14.60,12.00,504,11.82,45.5,1,0,0.00,0.00,0.00,12.00,0.00,0.00,0,0,0.00,0
2026-04-25 14:18:25,569.88,0,0,0,0,0,0,0,0.00,0,0.00,4.15,0.49,0.00,0.00,D,0.00,12.00,12.00,1.26,1.07,^,0.00,,14.70,12.00,504,12.93,45.5,1,0,0.00,0.00,0.00,12.00,0.00,0.00,0,0,0.00,0
2026-04-25 14:18:26,570.78,0,0,0,0,0,0,0,0.00,0,0.00,4.15,0.49,0.00,0.00,D,0.00,12.00,12.00,1.26,1.08,^,0.00,,14.50,12.00,504,13.84,43.9,1,0,0.00,0.00,0.00,12.00,0.00,0.00,0,0,0.00,0
2026-04-25 14:18:27,571.79,0,0,0,0,0,0,0,0.00,0,0.00,4.15,0.49,0.00,0.00,D,0.00,12.00,12.00,1.26,1.07,^,0.00,,16.80,12.00,504,14.85,45.0,1,0,0.00,0.00,0.00,12.00,0.00,0.00,0,0,0.00,0
2026-04-25 14:18:28,572.80,0,0,0,0,0,0,0,0.00,0,1.00,4.15,0.49,0.00,0.14,D,0.00,12.00,12.00,1.26,1.05,^,0.00,,15.50,12.00,504,15.86,45.0,1,0,0.00,0.00,0.00,12.00,0.00,0.00,0,0,0.00,0
2026-04-25 14:18:29,573.81,0,0,0,0,0,0,0,0.00,0,1.00,4.15,0.48,0.38,0.64,D,0.00,12.00,12.00,1.27,1.06,^,0.00,,15.50,12.00,504,0.00,43.9,1,0,0.00,0.00,0.00,12.00,0.00,0.00,0,0,0.00,0
2026-04-25 14:18:30,574.82,0,0,0,0,0,0,0,0.14,0,0.37,4.15,0.49,1.42,0.60,D,0.00,12.00,4.61,1.28,1.22,^,0.00,,13.60,12.00,504,0.00,45.5,1,0,0.00,0.00,0.00,12.00,0.00,0.00,0,0,0.00,0
2026-04-25 14:18:31,575.84,0,0,0,0,0,0,0,0.00,0,0.94,4.15,0.49,1.72,0.67,D,0.00,12.00,4.52,2.08,1.43,^,0.00,,14.50,12.00,504,0.00,46.1,1,0,0.00,0.00,0.00,12.00,0.00,0.00,0,0,0.00,0
2026-04-25 14:18:32,576.85,0,0,0,0,0,0,0,0.00,0,1.00,4.15,0.49,2.14,0.81,D,0.00,12.00,4.37,2.04,1.03,^,0.00,,16.80,12.00,504,0.00,46.6,1,0,0.00,0.00,0.00,12.00,0.00,0.00,0,0,0.00,0
2026-04-25 14:18:33,577.96,0,0,0,0,0,0,0,0.00,0,1.00,4.15,0.49,3.78,0.91,D,0.00,12.00,4.20,1.84,0.97,^,0.00,,12.80,12.00,504,0.00,46.6,1,0,0.00,0.00,0.00,12.00,0.00,0.00,0,0,0.00,0
2026-04-25 14:18:34,578.87,0,0,0,0,0,0,0,0.00,0,1.00,4.44,0.50,4.44,1.00,D,0.00,12.00,12.00,12.00,1.30,^,0.00,,16.50,12.00,504,0.00,46.6,1,0,0.00,0.00,0.00,12.00,0.00,0.00,0,0,0.00,0
2026-04-25 14:18:35,579.88,0,0,0,0,0,0,0,-0.15,0,1.00,4.80,0.51,4.69,1.00,D,0.00,12.00,12.00,12.00,1.83,^,0.00,,17.00,12.00,504,0.00,45.0,1,0,0.00,0.00,0.00,12.00,0.00,0.00,0,0,0.00,0
2026-04-25 14:18:36,580.89,0,0,0,0,0,0,0,-0.17,0,1.00,4.80,0.52,4.54,1.00,D,0.00,12.00,12.00,12.00,2.26,^,0.00,,17.80,12.00,504,0.00,44.4,1,0,0.00,0.00,0.00,12.00,0.00,0.00,0,0,0.00,0
2026-04-25 14:18:37,581.89,0,0,0,0,0,0,0,0.00,1,0.00,4.80,0.52,1.72,0.00,D,0.00,12.00,12.00,12.00,2.23,^,0.00,,17.20,12.00,504,0.00,45.5,1,0,0.00,0.00,0.00,12.00,0.00,0.00,0,0,0.00,0
2026-04-25 14:18:38,582.90,0,0,0,0,0,0,0,-0.57,0,1.00,4.80,0.52,0.01,0.41,D,0.00,12.00,12.00,12.00,1.16,^,0.00,,15.70,12.00,504,0.11,45.0,1,0,0.00,0.00,0.00,12.00,0.00,0.00,0,0,0.00,0
2026-04-25 14:18:39,583.90,0,0,0,0,0,0,0,-0.15,0,0.00,4.80,0.52,1.15,0.82,D,0.00,12.00,12.00,12.00,0.61,^,0.00,,15.70,12.00,504,0.00,44.4,1,0,0.00,0.00,0.00,12.00,0.00,0.00,0,0,0.00,0
2026-04-25 14:18:40,584.91,1,0,0,0,0,0,0,0.00,0,1.00,4.80,0.52,1.58,0.80,D,0.00,12.00,12.00,12.00,1.03,^,0.29,,15.40,12.00,504,0.00,45.0,1,0,0.00,0.00,0.00,12.00,0.00,1.00,0,0,0.00,0
2026-04-25 14:18:41,585.93,1,0,0,0,0,0,0,0.09,0,1.00,4.80,0.53,3.44,1.00,D,0.00,12.00,12.00,12.00,1.40,^,5.30,,16.20,12.00,504,0.00,45.5,1,0,0.00,0.00,0.00,12.00,0.09,1.00,0,0,0.00,0
2026-04-25 14:18:42,586.94,1,0,0,0,0,0,0,0.23,0,1.00,4.80,0.53,3.57,1.00,D,0.00,3.26,12.00,12.00,1.53,^,13.86,,16.60,12.00,504,0.00,45.5,1,0,0.00,0.00,0.00,3.26,0.23,1.00,0,0,0.00,0
2026-04-25 14:18:43,587.95,0,0,0,0,0,0,0,0.00,1,0.20,4.80,0.54,3.36,0.00,D,0.00,1.86,2.65,12.00,1.73,WARN_WARNING,0.00,,15.60,12.00,504,0.00,46.6,1,0,0.00,0.00,0.00,1.86,0.00,0.00,0,0,0.00,0
2026-04-25 14:18:44,588.96,0,0,0,1,0,0,0,1.00,0,1.00,4.80,0.54,0.00,-0.17,R,0.00,1.65,1.69,12.00,1.18,^,0.00,,13.30,12.00,504,0.44,46.6,1,0,0.00,0.00,0.00,1.65,0.00,0.00,0,0,0.00,0
2026-04-25 14:18:45,589.96,0,0,0,0,0,0,0,1.00,0,1.00,4.80,0.54,0.28,-0.67,R,0.00,1.68,12.00,12.00,1.05,^,0.00,,11.20,12.00,504,0.00,46.6,1,0,0.00,0.00,0.00,1.68,0.00,0.00,0,0,0.00,0
2026-04-25 14:18:46,590.97,0,0,1,0,0,0,0,0.00,0,0.00,4.80,0.54,0.64,0.00,D,0.00,2.02,2.46,12.00,0.79,^,0.00,,13.80,12.00,504,0.00,46.6,1,0,0.00,0.00,0.00,2.02,0.00,0.00,0,0,0.00,0
2026-04-25 14:18:48,591.98,0,0,0,0,0,0,0,0.00,0,1.00,4.80,0.54,0.00,0.46,D,0.00,2.04,2.43,12.00,0.83,^,0.00,,12.50,12.00,504,0.01,46.6,1,0,0.00,0.00,0.00,2.04,0.00,0.00,0,0,0.00,0
2026-04-25 14:18:49,592.98,0,0,0,0,0,0,0,0.00,0,0.12,4.80,0.54,1.39,0.76,D,0.00,1.88,2.68,1.89,0.94,^,0.00,,15.40,12.00,504,0.00,45.5,1,0,0.00,0.00,0.00,1.88,0.00,0.00,0,0,0.00,0
2026-04-25 14:18:50,594.00,0,0,0,0,0,0,0,0.00,0,0.00,4.80,0.54,0.72,0.15,D,0.00,12.00,2.23,1.42,0.99,^,0.00,,16.00,12.00,504,0.00,46.6,1,0,0.00,0.00,0.00,12.00,0.00,0.00,0,0,0.00,0
2026-04-25 14:18:51,595.01,0,0,0,0,0,0,0,-1.00,0,1.00,4.80,0.54,0.00,0.02,D,0.00,12.00,2.22,1.41,0.34,^,0.00,,14.90,12.00,504,0.51,44.4,1,0,0.00,0.00,0.00,12.00,0.00,0.00,0,0,0.00,0
2026-04-25 14:18:52,596.12,0,0,0,0,0,0,0,-1.00,0,1.00,4.80,0.54,0.02,0.53,D,0.00,12.00,2.23,1.41,0.34,^,0.00,,14.10,11.90,504,0.07,45.5,1,0,0.00,0.00,0.00,12.00,0.00,0.00,0,0,0.00,0
2026-04-25 14:18:53,597.03,0,0,0,0,0,0,0,-1.00,0,1.00,4.80,0.54,1.45,1.00,D,0.00,1.92,12.00,1.29,0.62,^,0.00,,16.00,12.00,504,0.00,46.1,1,0,0.00,0.00,0.00,1.92,0.00,0.00,0,0,0.00,0
2026-04-25 14:18:54,598.03,0,0,0,0,0,0,0,0.21,0,1.00,4.80,0.54,3.72,1.00,D,0.00,12.00,12.00,12.00,1.20,^,0.00,,15.70,12.00,504,0.00,47.2,1,0,0.00,0.00,0.00,12.00,0.00,0.00,0,0,0.00,0
2026-04-25 14:18:55,599.04,0,0,0,0,0,0,0,0.00,0,1.00,4.80,0.54,3.63,1.00,D,0.00,12.00,12.00,12.00,1.97,^,0.00,,14.20,12.00,504,0.00,47.7,1,0,0.00,0.00,0.00,12.00,0.00,0.00,0,0,0.00,0
2026-04-25 14:18:56,600.05,0,0,0,0,0,0,0,0.11,0,1.00,4.80,0.55,3.44,1.00,D,0.00,9.68,12.00,12.00,2.06,^,0.00,,14.10,11.90,504,0.00,46.6,1,0,0.00,0.00,0.00,9.68,0.00,0.00,0,0,0.00,0
2026-04-25 14:18:57,601.05,0,0,0,0,0,0,0,0.14,0,1.00,4.80,0.55,3.28,1.00,D,0.00,8.41,12.00,12.00,1.91,^,0.00,,15.40,12.00,504,0.00,46.1,1,0,0.00,0.00,0.00,8.41,0.00,0.00,0,0,0.00,0
2026-04-25 14:18:58,602.06,0,0,0,0,0,0,0,0.22,0,1.00,4.80,0.56,3.33,1.00,D,0.00,7.17,12.00,1.52,1.73,^,0.00,,14.40,12.00,504,0.00,47.7,1,0,0.00,0.00,0.00,7.17,0.00,0.00,0,0,0.00,0
2026-04-25 14:18:59,603.07,0,0,0,0,0,0,0,0.00,0,1.00,4.80,0.56,3.25,1.00,D,0.00,5.86,12.00,12.00,1.51,^,0.00,,16.50,12.00,504,0.00,46.1,1,0,0.00,0.00,0.00,5.86,0.00,0.00,0,0,0.00,0
2026-04-25 14:19:00,604.09,0,0,0,0,0,0,0,0.00,0,1.00,4.80,0.57,3.42,1.00,D,0.00,12.00,12.00,12.00,1.61,^,0.00,,18.00,12.00,504,0.00,45.0,1,0,0.00,0.00,0.00,12.00,0.00,0.00,0,0,0.00,0
2026-04-25 14:19:01,605.10,0,0,0,0,0,0,0,0.00,0,1.00,4.80,0.57,3.52,1.00,D,0.00,12.00,12.00,3.00,1.71,^,0.00,,18.50,12.00,504,0.00,45.0,1,0,0.00,0.00,0.00,12.00,0.00,0.00,0,0,0.00,0
2026-04-25 14:19:02,606.11,0,0,0,0,0,0,0,0.00,0,1.00,4.80,0.58,3.59,1.00,D,0.00,2.70,2.70,12.00,1.63,^,0.00,,16.60,12.00,504,0.00,45.0,1,0,0.00,0.00,0.00,2.70,0.00,0.00,0,0,0.00,0
2026-04-25 14:19:03,607.12,0,0,0,0,0,0,0,0.32,0,1.00,4.80,0.58,3.65,1.00,D,0.00,1.54,1.45,0.99,1.65,WARN_WARNING,0.00,,18.80,12.00,504,0.00,46.1,1,0,0.00,0.00,0.00,1.54,0.00,0.00,0,0,0.00,0
2026-04-25 14:19:04,608.23,0,0,0,0,0,0,0,0.33,0,1.00,4.80,0.59,3.88,1.00,D,0.00,1.14,0.74,1.24,0.79,WARN_WARNING,0.00,,17.50,12.00,504,0.00,46.6,1,0,0.00,0.00,0.00,1.14,0.00,0.00,0,0,0.00,0
2026-04-25 14:19:05,609.14,0,0,0,0,0,0,0,0.00,0,1.00,4.80,0.59,3.79,1.00,D,0.00,1.32,0.95,1.29,0.71,WARN_WARNING,0.00,,17.80,12.00,504,0.00,46.1,0,0,0.00,0.00,0.00,1.32,0.00,0.00,0,0,0.00,0
2026-04-25 14:19:06,610.15,0,0,0,0,0,0,0,0.16,0,1.00,4.80,0.60,3.80,1.00,D,0.00,2.07,0.50,0.65,0.50,WARN_WARNING,0.00,,19.10,12.00,504,0.00,45.0,0,0,0.00,0.00,0.00,2.07,0.00,0.00,0,0,0.00,0
2026-04-25 14:19:07,611.17,0,0,0,0,0,0,0,-1.00,0,1.00,4.80,0.60,3.06,1.00,D,0.00,1.11,1.06,0.95,0.56,WARN_WARNING,0.00,,17.30,12.00,504,0.00,46.6,0,0,0.00,0.00,0.00,1.11,0.00,0.00,0,0,0.00,0
2026-04-25 14:19:08,612.18,0,0,0,0,0,0,0,0.00,1,0.00,4.80,0.61,1.37,0.00,D,0.00,0.72,1.14,0.19,0.60,WARN_WARNING,0.00,,16.60,12.00,504,0.00,44.4,0,0,0.00,0.00,0.00,0.72,0.00,0.00,0,0,0.00,0
2026-04-25 14:19:09,613.19,0,0,0,0,0,0,0,0.00,0,0.00,4.80,0.61,0.00,0.00,D,0.00,0.57,0.53,0.25,0.22,STOP_WARNING,0.00,,17.00,12.00,504,0.54,45.5,0,0,0.00,0.00,0.00,0.57,0.00,0.00,0,0,0.00,0
2026-04-25 14:19:10,614.30,0,0,0,0,0,0,0,0.21,0,1.00,4.80,0.61,0.00,0.14,D,0.00,1.16,0.32,0.25,0.22,WARN_WARNING,0.00,,14.80,12.00,504,1.65,45.0,0,0,0.00,0.00,0.00,1.16,0.00,0.00,0,0,0.00,0
2026-04-25 14:19:11,615.21,0,0,0,0,0,0,0,0.00,0,1.00,4.80,0.61,0.61,0.65,D,0.00,1.70,0.99,0.25,0.23,^,0.00,,16.10,12.00,504,0.00,45.5,0,0,0.00,0.00,0.00,1.70,0.00,0.00,0,0,0.00,0
2026-04-25 14:19:12,616.22,0,0,0,0,0,0,0,0.00,1,0.00,4.80,0.61,1.11,0.00,D,0.00,1.47,0.86,0.24,0.37,^,0.00,,16.10,12.00,504,0.00,46.1,0,0,0.00,0.00,0.00,1.47,0.00,0.00,0,0,0.00,0
2026-04-25 14:19:13,617.23,0,0,0,0,0,0,0,0.00,0,0.00,4.80,0.61,0.00,0.00,D,0.00,1.45,0.85,0.25,0.24,^,0.00,,14.50,12.00,504,0.56,46.6,0,0,0.00,0.00,0.00,1.45,0.00,0.00,0,0,0.00,0
2026-04-25 14:19:14,618.24,0,0,0,0,0,0,0,0.00,0,0.00,4.80,0.60,0.00,0.00,D,0.00,1.46,0.85,0.25,0.24,^,0.00,,13.70,12.00,504,1.56,46.1,0,0,0.00,0.00,0.00,1.46,0.00,0.00,0,0,0.00,0
2026-04-25 14:19:15,619.25,0,0,0,0,0,0,0,0.00,0,0.00,4.80,0.60,0.00,0.00,D,0.00,1.45,0.85,0.25,0.24,^,0.00,,14.90,12.00,504,2.58,45.5,0,0,0.00,0.00,0.00,1.45,0.00,0.00,0,0,0.00,0
2026-04-25 14:19:16,620.26,0,0,0,0,0,0,0,0.00,0,0.00,4.80,0.60,0.00,0.00,D,0.00,1.45,0.85,0.25,0.24,^,0.00,,14.40,12.00,504,3.59,46.1,0,0,0.00,0.00,0.00,1.45,0.00,0.00,0,0,0.00,0
2026-04-25 14:19:17,621.28,0,0,0,0,0,0,0,0.00,0,0.00,4.80,0.60,0.00,0.00,D,0.00,1.45,0.20,0.18,0.08,^,0.00,,14.20,12.00,504,4.60,44.4,0,0,0.00,0.00,0.00,1.45,0.00,0.00,0,0,0.00,0
2026-04-25 14:19:18,622.29,0,0,0,0,0,0,0,0.00,0,0.00,4.80,0.60,0.00,0.00,D,0.00,1.45,0.18,0.09,0.06,^,0.00,,14.50,12.00,504,0.23,45.0,0,0,0.00,0.00,0.00,1.45,0.00,0.00,0,0,0.00,0
2026-04-25 14:19:19,623.40,0,0,0,0,0,0,0,0.00,0,0.00,4.80,0.60,0.00,0.00,D,0.00,1.45,0.19,0.08,0.05,^,0.00,,14.20,11.90,504,1.34,45.0,0,0,0.00,0.00,0.00,1.45,0.00,0.00,0,0,0.00,0
2026-04-25 14:19:20,624.30,0,0,0,0,0,0,0,0.00,0,0.00,4.80,0.60,0.00,0.00,D,0.00,1.68,1.48,0.78,0.11,^,0.00,,13.20,12.00,504,2.24,46.1,0,0,0.00,0.00,0.00,1.68,0.00,0.00,0,0,0.00,0
2026-04-25 14:19:21,625.31,0,0,0,0,0,0,0,0.00,0,0.00,4.80,0.60,0.00,0.00,D,0.00,0.83,0.95,1.16,0.24,WARN_WARNING,0.00,,15.80,12.00,504,3.26,44.4,0,0,0.00,0.00,0.00,0.83,0.00,0.00,0,0,0.00,0
2026-04-25 14:19:22,626.32,0,0,0,0,0,0,0,0.00,0,0.00,4.80,0.60,0.00,0.00,D,0.00,0.78,0.85,1.18,0.23,WARN_WARNING,0.00,,15.80,12.00,504,0.62,45.0,0,0,0.00,0.00,0.00,0.78,0.00,0.00,0,0,0.00,0
2026-04-25 14:19:23,627.33,0,0,0,0,0,0,0,0.00,0,0.00,4.80,0.60,0.00,0.00,D,0.00,0.79,0.84,1.18,0.26,WARN_WARNING,0.00,,13.90,12.00,504,0.55,45.5,0,0,0.00,0.00,0.00,0.79,0.00,0.00,0,0,0.00,0
2026-04-25 14:19:24,628.34,0,0,0,0,0,0,0,0.00,0,0.00,4.80,0.59,0.00,0.00,D,0.00,0.79,0.84,1.18,0.32,WARN_WARNING,0.00,,15.50,12.00,504,1.56,45.0,0,0,0.00,0.00,0.00,0.79,0.00,0.00,0,0,0.00,0
2026-04-25 14:19:25,629.35,0,0,0,0,0,0,0,0.00,0,0.00,4.80,0.59,0.00,0.00,D,0.00,0.78,0.21,1.19,0.11,WARN_WARNING,0.00,,15.60,12.00,504,2.58,44.4,0,0,0.00,0.00,0.00,0.78,0.00,0.00,0,0,0.00,0
2026-04-25 14:19:26,630.36,0,0,0,0,0,0,0,0.00,0,0.00,4.80,0.59,0.00,0.00,D,0.00,0.78,0.11,1.18,0.05,WARN_WARNING,0.00,,14.10,12.00,504,3.59,43.9,0,0,0.00,0.00,0.00,0.78,0.00,0.00,0,0,0.00,0
2026-04-25 14:19:27,631.37,0,0,0,0,0,0,0,0.00,0,0.00,4.80,0.59,0.00,0.00,D,0.00,0.78,0.07,1.19,0.04,WARN_WARNING,0.00,,15.50,12.00,504,4.60,44.4,0,0,0.00,0.00,0.00,0.78,0.00,0.00,0,0,0.00,0
2026-04-25 14:19:28,632.39,0,0,0,0,0,0,0,0.00,0,0.00,4.80,0.59,0.00,0.00,D,0.00,0.78,0.03,0.10,0.02,WARN_WARNING,0.00,,14.50,12.00,504,5.61,43.9,0,0,0.00,0.00,0.00,0.78,0.00,0.00,0,0,0.00,0
2026-04-25 14:19:29,633.40,0,0,0,0,0,0,0,0.00,0,0.00,4.80,0.59,0.00,0.00,D,0.00,0.78,0.04,0.09,0.03,WARN_WARNING,0.00,,16.80,12.00,504,6.63,45.0,0,0,0.00,0.00,0.00,0.78,0.00,0.00,0,0,0.00,0
2026-04-25 14:19:30,634.42,0,0,0,0,0,0,0,0.00,0,0.00,4.80,0.59,0.00,0.00,D,0.00,0.78,0.04,0.10,0.03,WARN_WARNING,0.00,,14.50,12.00,504,0.47,45.5,0,0,0.00,0.00,0.00,0.78,0.00,0.00,0,0,0.00,0
2026-04-25 14:19:31,635.43,0,0,0,0,0,0,0,0.00,0,0.00,4.80,0.59,0.00,0.00,D,0.00,0.78,0.84,0.09,0.03,WARN_WARNING,0.00,,14.90,12.00,504,0.27,45.5,0,0,0.00,0.00,0.00,0.78,0.00,0.00,0,0,0.00,0
2026-04-25 14:19:32,636.44,0,0,0,0,0,0,0,0.00,0,0.00,4.80,0.59,0.00,0.00,D,0.00,0.78,0.84,0.09,0.06,WARN_WARNING,0.00,,14.20,12.00,504,1.29,44.4,0,0,0.00,0.00,0.00,0.78,0.00,0.00,0,0,0.00,0
2026-04-25 14:19:33,637.45,0,0,0,0,0,0,0,0.00,0,0.00,4.80,0.59,0.00,0.00,D,0.00,0.78,0.03,0.12,0.02,WARN_WARNING,0.00,,16.30,12.00,504,2.30,45.0,0,0,0.00,0.00,0.00,0.78,0.00,0.00,0,0,0.00,0
2026-04-25 14:19:34,638.47,0,0,0,0,0,0,0,0.00,0,0.00,4.80,0.59,0.00,0.00,D,0.00,0.05,0.02,1.18,0.02,STOP_WARNING,0.00,,12.10,12.00,504,0.29,45.5,0,0,0.00,0.00,0.00,0.05,0.00,0.00,0,0,0.00,0
2026-04-25 14:19:35,639.48,0,0,0,0,0,0,0,0.00,0,0.00,4.80,0.58,0.00,0.00,D,0.00,0.04,0.02,1.17,0.02,STOP_WARNING,0.00,,11.80,12.00,504,0.19,47.2,0,0,0.00,0.00,0.00,0.04,0.00,0.00,0,0,0.00,0
2026-04-25 14:19:36,640.59,0,0,0,0,0,0,0,0.00,0,0.00,4.80,0.58,0.00,0.00,D,0.00,0.03,0.02,1.18,0.02,STOP_WARNING,0.00,,15.40,12.00,504,0.34,46.6,0,0,0.00,0.00,0.00,0.03,0.00,0.00,0,0,0.00,0
2026-04-25 14:19:37,641.50,0,0,0,0,0,0,0,0.00,0,0.00,4.80,0.58,0.00,0.00,D,0.00,0.03,0.02,0.03,0.02,STOP_WARNING,0.00,,12.20,12.00,504,1.24,46.6,0,0,0.00,0.00,0.00,0.03,0.00,0.00,0,0,0.00,0
2026-04-25 14:19:38,642.51,0,0,0,0,0,0,0,0.00,0,0.00,4.80,0.58,0.00,0.00,D,0.00,0.79,0.03,0.09,0.03,WARN_WARNING,0.00,,12.80,12.00,504,0.82,46.6,0,0,0.00,0.00,0.00,0.79,0.00,0.00,0,0,0.00,0
2026-04-25 14:19:39,643.52,0,0,0,0,0,0,0,0.00,0,0.00,4.80,0.58,0.00,0.00,D,0.00,0.79,0.26,0.13,0.07,WARN_WARNING,0.00,,15.20,12.00,504,1.83,44.4,0,0,0.00,0.00,0.00,0.79,0.00,0.00,0,0,0.00,0
2026-04-25 14:19:40,644.54,0,0,0,0,0,0,0,0.00,0,0.00,4.80,0.58,0.00,0.00,D,0.00,0.80,0.04,1.20,0.03,WARN_WARNING,0.00,,16.00,12.00,504,0.00,46.1,0,0,0.00,0.00,0.00,0.80,0.00,0.00,0,0,0.00,0
2026-04-25 14:19:41,645.55,0,0,0,0,0,0,0,0.00,0,0.00,4.80,0.58,0.00,0.00,D,0.00,0.81,0.03,0.14,0.03,WARN_WARNING,0.00,,15.70,12.00,504,0.04,45.5,0,0,0.00,0.00,0.00,0.81,0.00,0.00,0,0,0.00,0
2026-04-25 14:19:42,646.66,0,0,0,0,0,0,0,0.00,0,0.00,4.80,0.58,0.00,0.00,D,0.00,0.81,0.03,0.12,0.03,WARN_WARNING,0.00,,15.40,12.00,504,0.48,45.0,0,0,0.00,0.00,0.00,0.81,0.00,0.00,0,0,0.00,0
2026-04-25 14:19:43,647.57,0,0,0,0,0,0,0,0.00,0,0.00,4.80,0.58,0.00,0.00,D,0.00,0.81,0.88,0.09,0.02,WARN_WARNING,0.00,,14.60,12.00,504,1.38,46.1,0,0,0.00,0.00,0.00,0.81,0.00,0.00,0,0,0.00,0
2026-04-25 14:19:44,648.58,0,0,0,0,0,0,0,0.00,0,0.00,4.80,0.58,0.00,0.00,D,0.00,0.81,0.87,0.11,0.04,WARN_WARNING,0.00,,15.40,12.00,504,2.40,46.1,0,0,0.00,0.00,0.00,0.81,0.00,0.00,0,0,0.00,0
2026-04-25 14:19:45,649.59,0,0,0,0,0,0,0,0.00,0,0.00,4.80,0.58,0.00,0.00,D,0.00,0.81,0.87,0.11,0.03,WARN_WARNING,0.00,,15.00,12.00,504,3.41,45.0,0,0,0.00,0.00,0.00,0.81,0.00,0.00,0,0,0.00,0
2026-04-25 14:19:46,650.70,0,0,0,0,0,0,0,0.00,0,0.00,4.80,0.57,0.00,0.00,D,0.00,0.81,0.88,0.11,0.02,WARN_WARNING,0.00,,15.00,12.00,504,4.52,43.9,0,0,0.00,0.00,0.00,0.81,0.00,0.00,0,0,0.00,0
2026-04-25 14:19:47,651.61,0,0,0,0,0,0,0,0.00,0,0.00,4.80,0.57,0.00,0.00,D,0.00,0.81,0.88,0.12,0.05,WARN_WARNING,0.00,,16.10,12.00,504,5.42,43.9,0,0,0.00,0.00,0.00,0.81,0.00,0.00,0,0,0.00,0
2026-04-25 14:19:48,652.62,0,0,0,0,0,0,0,0.00,0,0.00,4.80,0.57,0.00,0.00,D,0.00,0.81,0.87,0.12,0.07,WARN_WARNING,0.00,,16.80,12.00,504,6.44,43.9,0,0,0.00,0.00,0.00,0.81,0.00,0.00,0,0,0.00,0
2026-04-25 14:19:49,653.63,0,0,0,0,0,0,0,0.00,0,0.00,4.80,0.57,0.00,0.00,D,0.00,0.81,0.29,0.12,0.08,WARN_WARNING,0.00,,15.40,11.90,504,7.45,45.0,0,0,0.00,0.00,0.00,0.81,0.00,0.00,0,0,0.00,0
2026-04-25 14:19:50,654.65,0,0,0,0,0,0,0,0.00,0,0.00,4.80,0.57,0.00,0.00,D,0.00,0.81,0.88,1.22,0.29,WARN_WARNING,0.00,,14.90,12.00,504,8.46,43.9,0,0,0.00,0.00,0.00,0.81,0.00,0.00,0,0,0.00,0
2026-04-25 14:19:51,655.66,0,0,0,0,0,0,0,0.00,0,0.00,4.80,0.57,0.00,0.00,D,0.00,0.81,0.88,1.22,0.44,WARN_WARNING,0.00,,15.90,12.00,504,9.47,43.9,0,0,0.00,0.00,0.00,0.81,0.00,0.00,0,0,0.00,0
2026-04-25 14:19:52,656.67,0,0,0,0,0,0,0,0.00,0,0.00,4.80,0.57,0.00,0.00,D,0.00,0.81,0.88,1.23,0.40,WARN_WARNING,0.00,,15.60,12.00,504,10.48,44.4,0,0,0.00,0.00,0.00,0.81,0.00,0.00,0,0,0.00,0
2026-04-25 14:19:53,657.68,0,0,0,0,0,0,0,0.00,0,0.00,4.80,0.57,0.00,0.00,D,0.00,0.81,0.88,1.22,0.11,WARN_WARNING,0.00,,13.80,12.00,504,11.50,43.9,0,0,0.00,0.00,0.00,0.81,0.00,0.00,0,0,0.00,0
2026-04-25 14:19:54,658.69,0,0,0,0,0,0,0,0.00,0,0.00,4.80,0.57,0.00,0.00,D,0.00,0.82,0.88,1.23,0.04,WARN_WARNING,0.00,,15.40,12.00,504,0.06,45.5,0,0,0.00,0.00,0.00,0.82,0.00,0.00,0,0,0.00,0
2026-04-25 14:19:55,659.70,0,0,0,0,0,0,0,0.00,0,0.00,4.80,0.57,0.00,0.00,D,0.00,0.82,0.88,1.23,0.06,WARN_WARNING,0.00,,15.20,12.00,504,1.07,45.5,0,0,0.00,0.00,0.00,0.82,0.00,0.00,0,0,0.00,0
2026-04-25 14:19:56,660.82,0,0,0,0,0,0,0,0.00,0,0.00,4.80,0.57,0.00,0.00,D,0.00,0.82,0.88,1.23,0.06,WARN_WARNING,0.00,,14.20,12.00,504,0.01,43.9,0,0,0.00,0.00,0.00,0.82,0.00,0.00,0,0,0.00,0
2026-04-25 14:19:57,661.72,0,0,0,0,0,0,0,0.00,0,0.00,4.80,0.56,0.00,0.00,D,0.00,0.83,0.89,1.25,0.06,WARN_WARNING,0.00,,13.50,12.00,504,0.10,44.4,0,0,0.00,0.00,0.00,0.83,0.00,0.00,0,0,0.00,0
2026-04-25 14:19:58,662.73,0,0,0,0,0,0,0,0.00,0,0.00,4.80,0.56,0.00,0.00,D,0.00,0.83,0.90,1.25,0.21,WARN_WARNING,0.00,,14.70,12.00,504,0.43,44.4,0,0,0.00,0.00,0.00,0.83,0.00,0.00,0,0,0.00,0
2026-04-25 14:19:59,663.74,0,0,0,0,0,0,0,0.00,0,0.00,4.80,0.56,0.00,0.00,D,0.00,0.83,0.90,1.26,0.21,WARN_WARNING,0.00,,15.20,12.00,504,0.00,45.5,0,0,0.00,0.00,0.00,0.83,0.00,0.00,0,0,0.00,0
2026-04-25 14:20:00,664.85,0,0,0,0,0,0,0,0.00,0,0.00,4.80,0.56,0.00,0.00,D,0.00,0.83,0.89,1.24,0.20,WARN_WARNING,0.00,,15.30,12.00,504,0.87,46.1,0,0,0.00,0.00,0.00,0.83,0.00,0.00,0,0,0.00,0
2026-04-25 14:20:01,665.76,0,0,0,0,0,0,0,0.00,0,0.00,4.80,0.56,0.00,0.00,D,0.00,0.83,0.90,1.24,0.10,WARN_WARNING,0.00,,15.20,12.00,504,1.77,43.9,0,0,0.00,0.00,0.00,0.83,0.00,0.00,0,0,0.00,0
2026-04-25 14:20:02,666.77,0,0,0,0,0,0,0,0.00,0,0.00,4.80,0.56,0.00,0.00,D,0.00,0.83,0.90,1.24,0.23,WARN_WARNING,0.00,,14.50,12.00,504,2.79,45.0,0,0,0.00,0.00,0.00,0.83,0.00,0.00,0,0,0.00,0
2026-04-25 14:20:03,667.78,0,0,0,0,0,0,0,0.00,0,0.00,4.80,0.56,0.00,0.00,D,0.00,0.83,0.17,1.25,0.15,WARN_WARNING,0.00,,14.50,12.00,504,3.80,45.5,0,0,0.00,0.00,0.00,0.83,0.00,0.00,0,0,0.00,0
2026-04-25 14:20:04,668.79,0,0,0,0,0,0,0,0.00,0,0.00,4.80,0.56,0.00,0.00,D,0.00,0.83,0.13,1.24,0.10,WARN_WARNING,0.00,,14.70,12.00,504,4.81,45.0,0,0,0.00,0.00,0.00,0.83,0.00,0.00,0,0,0.00,0
2026-04-25 14:20:05,669.81,0,0,0,0,0,0,0,0.00,0,0.00,4.80,0.56,0.00,0.00,D,0.00,0.83,0.09,1.24,0.09,WARN_WARNING,0.00,,16.20,12.00,504,5.82,43.9,0,0,0.00,0.00,0.00,0.83,0.00,0.00,0,0,0.00,0
2026-04-25 14:20:06,670.82,0,0,0,0,0,0,0,0.00,0,0.00,4.80,0.56,0.00,0.00,D,0.00,0.83,0.90,1.25,0.20,WARN_WARNING,0.00,,13.90,12.00,504,6.83,45.0,0,0,0.00,0.00,0.00,0.83,0.00,0.00,0,0,0.00,0
2026-04-25 14:20:07,671.83,0,0,0,0,0,0,0,0.00,0,0.00,4.80,0.56,0.00,0.00,D,0.00,0.83,0.90,1.24,0.32,WARN_WARNING,0.00,,14.70,12.00,504,7.85,43.9,0,0,0.00,0.00,0.00,0.83,0.00,0.00,0,0,0.00,0
2026-04-25 14:20:08,672.84,0,0,0,0,0,0,0,0.00,0,0.00,4.80,0.56,0.00,0.00,D,0.00,0.83,0.90,1.24,0.31,WARN_WARNING,0.00,,15.30,12.00,504,8.86,45.5,0,0,0.00,0.00,0.00,0.83,0.00,0.00,0,0,0.00,0
2026-04-25 14:20:09,673.85,0,0,0,0,0,0,0,0.00,0,0.00,4.80,0.55,0.00,0.00,D,0.00,0.83,0.89,1.24,0.32,WARN_WARNING,0.00,,12.90,12.00,504,9.86,46.1,0,0,0.00,0.00,0.00,0.83,0.00,0.00,0,0,0.00,0
2026-04-25 14:20:10,674.86,0,0,0,0,0,0,0,0.00,0,0.00,4.80,0.55,0.00,0.00,D,0.00,0.83,0.89,1.25,0.34,WARN_WARNING,0.00,,13.50,12.00,504,10.88,46.1,0,0,0.00,0.00,0.00,0.83,0.00,0.00,0,0,0.00,0
2026-04-25 14:20:11,675.88,0,0,0,0,0,0,0,0.00,0,0.00,4.80,0.55,0.00,0.00,D,0.00,0.83,0.89,1.23,0.34,WARN_WARNING,0.00,,11.90,12.00,504,11.89,47.2,0,0,0.00,0.00,0.00,0.83,0.00,0.00,0,0,0.00,0
2026-04-25 14:20:12,676.89,0,0,0,0,0,0,0,0.00,0,0.00,4.80,0.55,0.00,0.00,D,0.00,0.83,0.90,1.23,0.12,WARN_WARNING,0.00,,12.40,12.00,504,12.90,45.0,0,0,0.00,0.00,0.00,0.83,0.00,0.00,0,0,0.00,0
2026-04-25 14:20:13,677.89,0,0,0,0,0,0,0,0.00,0,0.00,4.80,0.55,0.00,0.00,D,0.00,0.83,0.89,1.24,0.06,WARN_WARNING,0.00,,13.60,12.00,504,13.91,46.6,0,0,0.00,0.00,0.00,0.83,0.00,0.00,0,0,0.00,0
2026-04-25 14:20:14,678.90,0,0,0,0,0,0,0,0.00,0,0.00,4.80,0.55,0.00,0.00,D,0.00,0.83,0.90,1.24,0.07,WARN_WARNING,0.00,,14.60,12.00,504,14.92,45.0,0,0,0.00,0.00,0.00,0.83,0.00,0.00,0,0,0.00,0
2026-04-25 14:20:15,679.92,0,0,0,0,0,0,0,0.00,0,0.00,4.80,0.55,0.00,0.00,D,0.00,0.83,0.90,1.24,0.06,WARN_WARNING,0.00,,14.30,12.00,504,15.93,46.1,0,0,0.00,0.00,0.00,0.83,0.00,0.00,0,0,0.00,0
2026-04-25 14:20:16,680.92,0,0,0,0,0,0,0,0.00,0,0.00,4.80,0.55,0.00,0.00,D,0.00,0.83,0.90,1.24,0.10,WARN_WARNING,0.00,,15.10,12.00,504,16.93,44.4,0,0,0.00,0.00,0.00,0.83,0.00,0.00,0,0,0.00,0
2026-04-25 14:20:17,681.93,0,0,0,0,0,0,0,0.00,0,0.00,4.80,0.55,0.00,0.00,D,0.00,0.83,0.89,1.24,0.12,WARN_WARNING,0.00,,14.50,12.00,504,17.95,45.5,0,0,0.00,0.00,0.00,0.83,0.00,0.00,0,0,0.00,0
2026-04-25 14:20:18,682.94,0,0,0,0,0,0,0,0.00,0,0.00,4.80,0.55,0.00,0.00,D,0.00,0.83,0.90,1.24,0.15,WARN_WARNING,0.00,,15.10,11.90,504,18.96,45.5,0,0,0.00,0.00,0.00,0.83,0.00,0.00,0,0,0.00,0
2026-04-25 14:20:19,683.96,0,0,0,0,0,0,0,0.00,0,0.00,4.80,0.55,0.00,0.00,D,0.00,0.83,0.90,1.24,0.16,WARN_WARNING,0.00,,16.20,12.00,504,0.06,44.4,0,0,0.00,0.00,0.00,0.83,0.00,0.00,0,0,0.00,0
2026-04-25 14:20:21,685.07,0,0,0,0,0,0,0,0.00,0,0.00,4.80,0.55,0.00,0.00,D,0.00,0.82,0.89,1.24,0.15,WARN_WARNING,0.00,,14.90,12.00,504,0.00,45.5,0,0,0.00,0.00,0.00,0.82,0.00,0.00,0,0,0.00,0
2026-04-25 14:20:21,685.97,0,0,0,0,0,0,0,0.00,0,0.00,4.80,0.55,0.00,0.00,D,0.00,0.82,0.89,1.23,0.09,WARN_WARNING,0.00,,13.20,12.00,504,0.91,45.5,0,0,0.00,0.00,0.00,0.82,0.00,0.00,0,0,0.00,0
2026-04-25 14:20:22,686.97,0,0,0,0,0,0,0,0.00,0,0.00,4.80,0.54,0.00,0.00,D,0.00,0.83,0.90,1.24,0.34,WARN_WARNING,0.00,,14.90,12.00,504,0.31,45.5,0,0,0.00,0.00,0.00,0.83,0.00,0.00,0,0,0.00,0
2026-04-25 14:20:23,687.98,0,0,0,0,0,0,0,0.00,0,0.00,4.80,0.54,0.00,0.00,D,0.00,0.83,0.89,1.23,2.29,WARN_WARNING,0.00,,14.40,12.00,504,0.58,45.5,0,0,0.00,0.00,0.00,0.83,0.00,0.00,0,0,0.00,0
2026-04-25 14:20:25,688.99,0,0,0,0,0,0,0,0.00,0,0.00,4.80,0.54,0.00,0.00,D,0.00,0.82,0.89,1.24,2.30,WARN_WARNING,0.00,,13.40,12.00,504,0.01,45.5,0,0,0.00,0.00,0.00,0.82,0.00,0.00,0,0,0.00,0
2026-04-25 14:20:26,690.00,0,0,0,0,0,0,0,0.00,0,0.00,4.80,0.54,0.00,0.00,D,0.00,0.82,0.89,1.24,2.29,WARN_WARNING,0.00,,15.20,12.00,504,1.02,45.5,0,0,0.00,0.00,0.00,0.82,0.00,0.00,0,0,0.00,0
2026-04-25 14:20:27,691.02,0,0,0,0,0,0,0,0.00,0,0.00,4.80,0.54,0.00,0.00,D,0.00,0.82,0.89,1.24,2.30,WARN_WARNING,0.00,,15.70,12.00,504,0.36,45.0,0,0,0.00,0.00,0.00,0.82,0.00,0.00,0,0,0.00,0
2026-04-25 14:20:28,692.03,0,0,0,0,0,0,0,0.00,0,0.00,4.80,0.54,0.00,0.00,D,0.00,0.82,0.90,1.24,2.30,WARN_WARNING,0.00,,14.80,12.00,504,0.01,45.5,0,0,0.00,0.00,0.00,0.82,0.00,0.00,0,0,0.00,0
2026-04-25 14:20:29,693.04,0,0,0,0,0,0,0,0.00,0,0.00,4.80,0.54,0.00,0.00,D,0.00,0.83,0.89,1.24,2.30,WARN_WARNING,0.00,,15.70,12.00,504,0.99,45.0,0,0,0.00,0.00,0.00,0.83,0.00,0.00,0,0,0.00,0
2026-04-25 14:20:30,694.05,0,0,0,0,0,0,0,0.00,0,0.00,4.80,0.54,0.00,0.00,D,0.00,0.83,0.89,1.23,0.08,WARN_WARNING,0.00,,15.20,12.00,504,2.00,45.5,0,0,0.00,0.00,0.00,0.83,0.00,0.00,0,0,0.00,0
2026-04-25 14:20:31,695.06,0,0,0,0,0,0,0,0.00,0,0.00,4.80,0.54,0.00,0.00,D,0.00,0.82,0.89,1.24,0.07,WARN_WARNING,0.00,,15.20,12.00,504,0.94,45.0,0,0,0.00,0.00,0.00,0.82,0.00,0.00,0,0,0.00,0
2026-04-25 14:20:32,696.07,0,0,0,0,0,0,0,0.00,0,0.00,4.80,0.54,0.00,0.00,D,0.00,0.83,0.90,1.24,0.06,WARN_WARNING,0.00,,14.90,12.00,504,0.13,45.5,0,0,0.00,0.00,0.00,0.83,0.00,0.00,0,0,0.00,0
2026-04-25 14:20:33,697.08,0,0,0,0,0,0,0,0.00,0,0.00,4.80,0.54,0.00,0.00,D,0.00,0.83,0.08,1.24,0.06,WARN_WARNING,0.00,,14.10,12.00,504,1.14,45.0,0,0,0.00,0.00,0.00,0.83,0.00,0.00,0,0,0.00,0
2026-04-25 14:20:34,698.09,0,0,0,0,0,0,0,0.00,0,0.00,4.80,0.54,0.00,0.00,D,0.00,0.83,0.90,1.24,0.10,WARN_WARNING,0.00,,14.90,12.00,504,0.28,45.0,0,0,0.00,0.00,0.00,0.83,0.00,0.00,0,0,0.00,0
2026-04-25 14:20:35,699.10,0,0,0,0,0,0,0,0.00,0,0.00,4.80,0.53,0.00,0.00,D,0.00,0.83,0.90,1.24,0.15,WARN_WARNING,0.00,,14.10,12.00,504,0.36,44.4,0,0,0.00,0.00,0.00,0.83,0.00,0.00,0,0,0.00,0
2026-04-25 14:20:36,700.11,0,0,0,0,0,0,0,0.00,0,0.00,4.80,0.53,0.00,0.00,D,0.00,0.83,0.25,1.23,0.18,WARN_WARNING,0.00,,14.70,12.00,504,0.55,45.0,0,0,0.00,0.00,0.00,0.83,0.00,0.00,0,0,0.00,0
2026-04-25 14:20:37,701.12,0,0,0,0,0,0,0,0.00,0,0.00,4.80,0.53,0.00,0.00,D,0.00,0.83,0.20,1.23,0.13,WARN_WARNING,0.00,,16.00,12.00,504,0.87,46.1,0,0,0.00,0.00,0.00,0.83,0.00,0.00,0,0,0.00,0
2026-04-25 14:20:38,702.14,0,0,0,0,0,0,0,0.00,0,0.00,4.80,0.53,0.00,0.00,D,0.00,0.83,0.17,1.24,0.14,WARN_WARNING,0.00,,15.60,12.00,504,0.04,45.5,0,0,0.00,0.00,0.00,0.83,0.00,0.00,0,0,0.00,0
2026-04-25 14:20:39,703.15,0,0,0,0,0,0,0,0.00,0,0.00,4.80,0.53,0.00,0.00,D,0.00,0.83,0.19,1.24,0.15,WARN_WARNING,0.00,,16.20,12.00,504,0.38,45.5,0,0,0.00,0.00,0.00,0.83,0.00,0.00,0,0,0.00,0
2026-04-25 14:20:40,704.16,0,0,0,0,0,0,0,0.00,0,0.00,4.80,0.53,0.00,0.00,D,0.00,0.83,0.15,1.24,0.14,WARN_WARNING,0.00,,14.20,12.00,504,1.40,45.0,0,0,0.00,0.00,0.00,0.83,0.00,0.00,0,0,0.00,0
2026-04-25 14:20:41,705.17,0,0,0,0,0,0,0,0.00,0,0.00,4.80,0.53,0.00,0.00,D,0.00,0.83,0.90,1.24,0.18,WARN_WARNING,0.00,,15.50,12.00,504,2.41,45.5,0,0,0.00,0.00,0.00,0.83,0.00,0.00,0,0,0.00,0
2026-04-25 14:20:42,706.18,0,0,0,0,0,0,0,0.00,0,0.00,4.80,0.53,0.00,0.00,D,0.00,0.83,0.90,1.24,0.05,WARN_WARNING,0.00,,13.80,12.00,504,3.42,44.4,0,0,0.00,0.00,0.00,0.83,0.00,0.00,0,0,0.00,0
2026-04-25 14:20:43,707.19,0,0,0,0,0,0,0,0.00,0,0.00,4.80,0.53,0.00,0.00,D,0.00,0.83,0.90,1.24,0.04,WARN_WARNING,0.00,,13.60,12.00,504,4.43,45.5,0,0,0.00,0.00,0.00,0.83,0.00,0.00,0,0,0.00,0
2026-04-25 14:20:44,708.21,0,0,0,0,0,0,0,0.00,0,0.00,4.80,0.53,0.00,0.00,D,0.00,0.83,0.91,1.24,0.04,WARN_WARNING,0.00,,14.40,12.00,504,5.44,45.0,0,0,0.00,0.00,0.00,0.83,0.00,0.00,0,0,0.00,0
2026-04-25 14:20:45,709.22,0,0,0,0,0,0,0,0.00,0,0.00,4.80,0.53,0.00,0.00,D,0.00,0.83,0.90,1.24,0.08,WARN_WARNING,0.00,,14.30,12.00,504,0.49,43.9,0,0,0.00,0.00,0.00,0.83,0.00,0.00,0,0,0.00,0
2026-04-25 14:20:46,710.22,0,0,0,0,0,0,0,0.00,0,0.00,4.80,0.53,0.00,0.00,D,0.00,0.83,0.90,1.24,0.07,WARN_WARNING,0.00,,13.80,12.00,504,0.70,44.4,0,0,0.00,0.00,0.00,0.83,0.00,0.00,0,0,0.00,0
2026-04-25 14:20:47,711.24,0,0,0,0,0,0,0,0.00,0,0.00,4.80,0.53,0.00,0.00,D,0.00,0.83,0.90,1.23,0.16,WARN_WARNING,0.00,,17.20,12.00,504,1.72,43.9,0,0,0.00,0.00,0.00,0.83,0.00,0.00,0,0,0.00,0
2026-04-25 14:20:48,712.25,0,0,0,0,0,0,0,0.00,0,0.00,4.80,0.52,0.00,0.00,D,0.00,0.83,0.90,1.23,0.16,WARN_WARNING,0.00,,14.20,12.00,504,2.73,46.6,0,0,0.00,0.00,0.00,0.83,0.00,0.00,0,0,0.00,0
2026-04-25 14:20:49,713.27,0,0,0,0,0,0,0,0.00,0,0.00,4.80,0.52,0.00,0.00,D,0.00,0.83,0.90,1.24,0.16,WARN_WARNING,0.00,,15.00,12.00,504,3.75,45.5,0,0,0.00,0.00,0.00,0.83,0.00,0.00,0,0,0.00,0
2026-04-25 14:20:50,714.28,0,0,0,0,0,0,0,0.00,0,0.00,4.80,0.52,0.00,0.00,D,0.00,0.83,0.90,1.24,0.16,WARN_WARNING,0.00,,15.10,12.00,504,4.76,43.9,0,0,0.00,0.00,0.00,0.83,0.00,0.00,0,0,0.00,0
2026-04-25 14:20:51,715.29,0,0,0,0,0,0,0,0.00,0,0.00,4.80,0.52,0.00,0.00,D,0.00,0.83,0.90,1.24,0.16,WARN_WARNING,0.00,,15.70,12.00,504,0.01,46.1,0,0,0.00,0.00,0.00,0.83,0.00,0.00,0,0,0.00,0
2026-04-25 14:20:52,716.40,0,0,0,0,0,0,0,0.00,0,0.00,4.80,0.52,0.00,0.00,D,0.00,0.83,0.90,1.23,0.16,WARN_WARNING,0.00,,15.40,12.00,504,0.09,43.3,0,0,0.00,0.00,0.00,0.83,0.00,0.00,0,0,0.00,0
2026-04-25 14:20:53,717.31,0,0,0,0,0,0,0,0.00,0,0.00,4.80,0.52,0.00,0.00,D,0.00,0.82,0.89,1.24,0.16,WARN_WARNING,0.00,,14.60,12.00,504,0.19,45.0,0,0,0.00,0.00,0.00,0.82,0.00,0.00,0,0,0.00,0
2026-04-25 14:20:54,718.32,0,0,0,0,0,0,0,0.00,0,0.00,4.80,0.52,0.00,0.00,D,0.00,0.83,0.89,1.24,0.17,WARN_WARNING,0.00,,15.20,12.00,504,0.03,45.5,0,0,0.00,0.00,0.00,0.83,0.00,0.00,0,0,0.00,0
2026-04-25 14:20:55,719.43,0,0,0,0,0,0,0,0.00,0,0.00,4.80,0.52,0.00,0.00,D,0.00,0.83,0.89,1.23,0.23,WARN_WARNING,0.00,,15.20,12.00,504,0.73,44.4,0,0,0.00,0.00,0.00,0.83,0.00,0.00,0,0,0.00,0
2026-04-25 14:20:56,720.34,0,0,0,0,0,0,0,0.00,0,0.00,4.80,0.52,0.00,0.00,D,0.00,0.82,0.89,1.24,0.25,WARN_WARNING,0.00,,14.10,12.00,504,1.63,45.5,0,0,0.00,0.00,0.00,0.82,0.00,0.00,0,0,0.00,0
2026-04-25 14:20:57,721.45,0,0,0,0,0,0,0,0.00,0,0.00,4.80,0.52,0.00,0.00,D,0.00,0.83,0.89,1.23,0.24,WARN_WARNING,0.00,,15.80,12.00,504,0.26,44.4,0,0,0.00,0.00,0.00,0.83,0.00,0.00,0,0,0.00,0
2026-04-25 14:20:58,722.35,0,0,0,0,0,0,0,0.00,0,0.00,4.80,0.52,0.00,0.00,D,0.00,0.82,0.89,1.24,0.13,WARN_WARNING,0.00,,13.70,12.00,504,0.02,43.9,0,0,0.00,0.00,0.00,0.82,0.00,0.00,0,0,0.00,0
2026-04-25 14:20:59,723.36,0,0,0,0,0,0,0,0.00,0,0.00,4.80,0.52,0.00,0.00,D,0.00,0.82,0.90,1.24,0.12,WARN_WARNING,0.00,,16.60,12.00,504,1.03,45.5,0,0,0.00,0.00,0.00,0.82,0.00,0.00,0,0,0.00,0
2026-04-25 14:21:00,724.37,0,0,0,0,0,0,0,0.00,0,0.00,4.80,0.52,0.00,0.00,D,0.00,0.82,0.89,1.23,0.11,WARN_WARNING,0.00,,14.70,11.90,504,0.09,45.0,0,0,0.00,0.00,0.00,0.82,0.00,0.00,0,0,0.00,0
2026-04-25 14:21:01,725.37,0,0,0,0,0,0,0,0.00,0,0.00,4.80,0.52,0.00,0.00,D,0.00,0.83,0.89,1.24,0.09,WARN_WARNING,0.00,,14.20,12.00,504,0.96,44.4,0,0,0.00,0.00,0.00,0.83,0.00,0.00,0,0,0.00,0
2026-04-25 14:21:02,726.38,0,0,0,0,0,0,0,0.00,0,0.00,4.80,0.51,0.00,0.00,D,0.00,0.82,0.89,1.24,0.05,WARN_WARNING,0.00,,14.20,12.00,504,0.08,43.9,0,0,0.00,0.00,0.00,0.82,0.00,0.00,0,0,0.00,0
2026-04-25 14:21:03,727.40,0,0,0,0,0,0,0,0.00,0,0.00,4.80,0.51,0.00,0.00,D,0.00,0.83,0.90,1.23,0.10,WARN_WARNING,0.00,,15.50,12.00,504,0.10,45.5,0,0,0.00,0.00,0.00,0.83,0.00,0.00,0,0,0.00,0
2026-04-25 14:21:04,728.41,0,0,0,0,0,0,0,0.00,0,0.00,4.80,0.51,0.00,0.00,D,0.00,0.83,0.90,1.24,0.20,WARN_WARNING,0.00,,14.70,12.00,504,0.47,46.1,0,0,0.00,0.00,0.00,0.83,0.00,0.00,0,0,0.00,0
2026-04-25 14:21:05,729.42,0,0,0,0,0,0,0,0.00,0,0.00,4.80,0.51,0.00,0.00,D,0.00,0.83,0.90,1.24,0.20,WARN_WARNING,0.00,,14.90,12.00,504,0.40,45.0,0,0,0.00,0.00,0.00,0.83,0.00,0.00,0,0,0.00,0
2026-04-25 14:21:06,730.44,0,0,0,0,0,0,0,0.00,0,0.00,4.80,0.51,0.00,0.00,D,0.00,0.83,0.90,1.24,0.19,WARN_WARNING,0.00,,16.10,12.00,504,0.11,43.3,0,0,0.00,0.00,0.00,0.83,0.00,0.00,0,0,0.00,0
2026-04-25 14:21:07,731.45,0,0,0,0,0,0,0,0.00,0,0.00,4.80,0.51,0.00,0.00,D,0.00,0.83,0.90,1.24,0.10,WARN_WARNING,0.00,,16.80,12.00,504,1.12,45.5,0,0,0.00,0.00,0.00,0.83,0.00,0.00,0,0,0.00,0
2026-04-25 14:21:08,732.46,0,0,0,0,0,0,0,0.00,0,0.00,4.80,0.51,0.00,0.00,D,0.00,0.83,0.90,1.25,0.07,WARN_WARNING,0.00,,14.70,12.00,504,0.30,45.5,0,0,0.00,0.00,0.00,0.83,0.00,0.00,0,0,0.00,0
2026-04-25 14:21:09,733.47,0,0,0,0,0,0,0,0.00,0,0.00,4.80,0.51,0.00,0.00,D,0.00,0.83,0.89,1.24,0.08,WARN_WARNING,0.00,,15.30,12.00,504,0.58,45.5,0,0,0.00,0.00,0.00,0.83,0.00,0.00,0,0,0.00,0
2026-04-25 14:21:10,734.47,0,0,0,0,0,0,0,0.00,0,0.00,4.80,0.51,0.00,0.00,D,0.00,0.83,0.90,1.24,0.16,WARN_WARNING,0.00,,14.60,12.00,504,0.55,45.0,0,0,0.00,0.00,0.00,0.83,0.00,0.00,0,0,0.00,0
2026-04-25 14:21:11,735.48,0,0,0,0,0,0,0,0.00,0,0.00,4.80,0.51,0.00,0.00,D,0.00,0.83,0.90,1.24,0.03,WARN_WARNING,0.00,,15.20,12.00,504,1.55,44.4,0,0,0.00,0.00,0.00,0.83,0.00,0.00,0,0,0.00,0
2026-04-25 14:21:12,736.49,0,0,0,0,0,0,0,0.00,0,0.00,4.80,0.51,0.00,0.00,D,0.00,0.83,0.89,1.23,0.03,WARN_WARNING,0.00,,15.00,12.00,504,2.56,45.0,0,0,0.00,0.00,0.00,0.83,0.00,0.00,0,0,0.00,0
2026-04-25 14:21:13,737.60,0,0,0,0,0,0,0,0.00,0,0.00,4.80,0.51,0.00,0.00,D,0.00,0.83,1.37,1.24,0.03,WARN_WARNING,0.00,,15.40,12.00,504,3.67,44.4,0,0,0.00,0.00,0.00,0.83,0.00,0.00,0,0,0.00,0
2026-04-25 14:21:14,738.51,0,0,0,0,0,0,0,0.00,0,0.00,4.80,0.51,0.00,0.00,D,0.00,0.83,1.80,1.24,0.04,WARN_WARNING,0.00,,14.50,12.00,504,0.02,45.0,0,0,0.00,0.00,0.00,0.83,0.00,0.00,0,0,0.00,0
2026-04-25 14:21:15,739.52,0,0,0,0,0,0,0,0.00,0,0.00,4.80,0.51,0.00,0.00,D,0.00,0.82,1.79,1.23,0.04,WARN_WARNING,0.00,,14.90,12.00,504,0.66,43.9,0,0,0.00,0.00,0.00,0.82,0.00,0.00,0,0,0.00,0
2026-04-25 14:21:16,740.53,0,0,0,0,0,0,0,0.00,0,0.00,4.80,0.50,0.00,0.00,D,0.00,0.82,1.78,1.24,0.04,WARN_WARNING,0.00,,15.20,12.00,504,1.67,43.9,0,0,0.00,0.00,0.00,0.82,0.00,0.00,0,0,0.00,0
2026-04-25 14:21:17,741.53,0,0,0,0,0,0,0,0.00,0,0.00,4.80,0.50,0.00,0.00,D,0.00,0.82,12.00,1.24,0.04,WARN_WARNING,0.00,,15.30,12.00,504,2.67,43.9,0,0,0.00,0.00,0.00,0.82,0.00,0.00,0,0,0.00,0
2026-04-25 14:21:18,742.54,0,0,0,0,0,0,0,0.00,0,0.00,4.80,0.50,0.00,0.00,D,0.00,0.82,12.00,1.24,0.04,WARN_WARNING,0.00,,16.40,12.00,504,0.51,46.1,0,0,0.00,0.00,0.00,0.82,0.00,0.00,0,0,0.00,0
2026-04-25 14:21:19,743.54,0,0,0,0,0,0,0,0.00,0,0.00,4.80,0.50,0.00,0.00,D,0.00,1.09,1.78,1.23,0.03,WARN_WARNING,0.00,,13.80,12.00,504,1.51,45.5,0,0,0.00,0.00,0.00,1.09,0.00,0.00,0,0,0.00,0
2026-04-25 14:21:20,744.56,0,0,0,0,0,0,0,0.00,0,0.00,4.80,0.50,0.00,0.00,D,0.00,0.87,0.89,1.23,0.13,WARN_WARNING,0.00,,14.20,12.00,504,2.52,45.0,0,0,0.00,0.00,0.00,0.87,0.00,0.00,0,0,0.00,0
2026-04-25 14:21:21,745.57,0,0,0,0,0,0,0,0.00,0,0.00,4.80,0.50,0.00,0.00,D,0.00,0.82,0.89,1.23,0.08,WARN_WARNING,0.00,,15.60,12.00,504,3.54,45.5,0,0,0.00,0.00,0.00,0.82,0.00,0.00,0,0,0.00,0
2026-04-25 14:21:22,746.57,0,0,0,0,0,0,0,0.00,0,0.00,4.80,0.50,0.00,0.00,D,0.00,0.83,0.89,1.23,0.15,WARN_WARNING,0.00,,16.80,12.00,504,4.54,46.1,0,0,0.00,0.00,0.00,0.83,0.00,0.00,0,0,0.00,0
2026-04-25 14:21:23,747.58,0,0,0,0,0,0,0,0.00,0,0.00,4.80,0.50,0.00,0.00,D,0.00,0.82,0.89,1.23,0.16,WARN_WARNING,0.00,,14.90,11.90,504,5.55,44.4,0,0,0.00,0.00,0.00,0.82,0.00,0.00,0,0,0.00,0
2026-04-25 14:21:24,748.58,0,0,0,0,0,0,0,0.00,0,0.00,4.80,0.50,0.00,0.00,D,0.00,0.82,0.90,1.22,0.04,WARN_WARNING,0.00,,15.30,12.00,504,6.55,43.3,0,0,0.00,0.00,0.00,0.82,0.00,0.00,0,0,0.00,0
2026-04-25 14:21:25,749.60,0,0,0,0,0,0,0,0.00,0,0.00,4.80,0.50,0.00,0.00,D,0.00,0.82,0.89,1.24,0.05,WARN_WARNING,0.00,,15.80,12.00,504,0.19,44.4,0,0,0.00,0.00,0.00,0.82,0.00,0.00,0,0,0.00,0
2026-04-25 14:21:26,750.61,0,0,0,0,0,0,0,0.00,0,0.00,4.80,0.50,0.00,0.00,D,0.00,0.82,0.89,1.23,0.06,WARN_WARNING,0.00,,13.80,12.00,504,0.01,43.9,0,0,0.00,0.00,0.00,0.82,0.00,0.00,0,0,0.00,0
2026-04-25 14:21:27,751.72,0,0,0,0,0,0,0,0.00,0,0.00,4.80,0.50,0.00,0.00,D,0.00,0.82,0.88,1.22,0.05,WARN_WARNING,0.00,,15.40,12.00,504,0.12,45.5,0,0,0.00,0.00,0.00,0.82,0.00,0.00,0,0,0.00,0
2026-04-25 14:21:28,752.63,0,0,0,0,0,0,0,0.00,0,0.00,4.80,0.50,0.00,0.00,D,0.00,0.81,0.88,1.21,0.19,WARN_WARNING,0.00,,13.90,12.00,504,0.53,45.0,0,0,0.00,0.00,0.00,0.81,0.00,0.00,0,0,0.00,0
2026-04-25 14:21:29,753.63,0,0,0,0,0,0,0,0.00,0,0.00,4.80,0.50,0.00,0.00,D,0.00,0.81,0.88,1.22,0.23,WARN_WARNING,0.00,,13.70,12.00,504,0.78,46.1,0,0,0.00,0.00,0.00,0.81,0.00,0.00,0,0,0.00,0
2026-04-25 14:21:30,754.64,0,0,0,0,0,0,0,0.00,0,0.00,4.80,0.50,0.00,0.00,D,0.00,0.81,0.88,1.22,0.22,WARN_WARNING,0.00,,14.30,12.00,504,1.79,43.9,0,0,0.00,0.00,0.00,0.81,0.00,0.00,0,0,0.00,0
2026-04-25 14:21:31,755.66,0,0,0,0,0,0,0,0.00,0,0.00,4.80,0.49,0.00,0.00,D,0.00,0.81,0.88,1.22,0.15,WARN_WARNING,0.00,,14.00,12.00,504,0.86,45.0,0,0,0.00,0.00,0.00,0.81,0.00,0.00,0,0,0.00,0
2026-04-25 14:21:32,756.67,0,0,0,0,0,0,0,0.00,0,0.00,4.80,0.49,0.00,0.00,D,0.00,0.82,0.88,1.22,0.04,WARN_WARNING,0.00,,14.10,12.00,504,0.30,46.1,0,0,0.00,0.00,0.00,0.82,0.00,0.00,0,0,0.00,0
2026-04-25 14:21:33,757.68,0,0,0,0,0,0,0,0.00,0,0.00,4.80,0.49,0.00,0.00,D,0.00,0.81,0.88,1.22,0.04,WARN_WARNING,0.00,,14.40,12.00,504,1.30,45.0,0,0,0.00,0.00,0.00,0.81,0.00,0.00,0,0,0.00,0
2026-04-25 14:21:34,758.69,0,0,0,0,0,0,0,0.00,0,0.00,4.80,0.49,0.00,0.00,D,0.00,0.82,0.88,1.22,0.04,WARN_WARNING,0.00,,14.50,12.00,504,2.31,44.4,0,0,0.00,0.00,0.00,0.82,0.00,0.00,0,0,0.00,0
2026-04-25 14:21:35,759.70,0,0,0,0,0,0,0,0.00,0,0.00,4.80,0.49,0.00,0.00,D,0.00,0.82,0.88,1.22,0.04,WARN_WARNING,0.00,,14.10,12.00,504,3.33,43.3,0,0,0.00,0.00,0.00,0.82,0.00,0.00,0,0,0.00,0
2026-04-25 14:21:36,760.70,0,0,0,0,0,0,0,0.00,0,0.00,4.80,0.49,0.00,0.00,D,0.00,0.82,0.88,1.22,0.07,WARN_WARNING,0.00,,14.60,12.00,504,4.33,43.9,0,0,0.00,0.00,0.00,0.82,0.00,0.00,0,0,0.00,0
2026-04-25 14:21:37,761.72,0,0,0,0,0,0,0,0.00,0,0.00,4.80,0.49,0.00,0.00,D,0.00,0.81,0.88,1.21,0.04,WARN_WARNING,0.00,,14.50,12.00,504,5.34,43.9,0,0,0.00,0.00,0.00,0.81,0.00,0.00,0,0,0.00,0
2026-04-25 14:21:38,762.82,0,0,0,0,0,0,0,0.00,0,0.00,4.80,0.49,0.00,0.00,D,0.00,0.82,0.89,1.21,0.04,WARN_WARNING,0.00,,12.80,12.00,504,6.44,45.5,0,0,0.00,0.00,0.00,0.82,0.00,0.00,0,0,0.00,0
2026-04-25 14:21:39,763.72,0,0,0,0,0,0,0,0.00,0,0.00,4.80,0.49,0.00,0.00,D,0.00,0.81,0.88,1.22,0.04,WARN_WARNING,0.00,,13.10,12.00,504,7.35,45.0,0,0,0.00,0.00,0.00,0.81,0.00,0.00,0,0,0.00,0
2026-04-25 14:21:40,764.72,0,0,0,0,0,0,0,0.00,0,0.00,4.80,0.49,0.00,0.00,D,0.00,0.81,0.88,1.22,0.04,WARN_WARNING,0.00,,13.60,12.00,504,0.00,44.4,0,0,0.00,0.00,0.00,0.81,0.00,0.00,0,0,0.00,0
2026-04-25 14:21:41,765.74,0,0,0,0,0,0,0,0.00,0,0.00,4.80,0.49,0.00,0.00,D,0.00,0.81,0.87,1.22,0.17,WARN_WARNING,0.00,,12.40,12.00,504,0.95,46.1,0,0,0.00,0.00,0.00,0.81,0.00,0.00,0,0,0.00,0
2026-04-25 14:21:42,766.74,0,0,0,0,0,0,0,0.00,0,0.00,4.80,0.49,0.00,0.00,D,0.00,0.81,0.88,1.21,0.21,WARN_WARNING,0.00,,13.70,12.00,504,0.25,46.1,0,0,0.00,0.00,0.00,0.81,0.00,0.00,0,0,0.00,0
2026-04-25 14:21:43,767.75,0,0,0,0,0,0,0,0.00,0,0.00,4.80,0.49,0.00,0.00,D,0.00,0.80,0.87,1.21,0.08,WARN_WARNING,0.00,,15.60,12.00,504,0.16,44.4,0,0,0.00,0.00,0.00,0.80,0.00,0.00,0,0,0.00,0
2026-04-25 14:21:44,768.76,0,0,0,0,0,0,0,0.00,0,0.00,4.80,0.49,0.00,0.00,D,0.00,0.80,0.87,1.20,0.21,WARN_WARNING,0.00,,15.80,12.00,504,0.11,45.5,0,0,0.00,0.00,0.00,0.80,0.00,0.00,0,0,0.00,0
2026-04-25 14:21:45,769.77,0,0,0,0,0,0,0,0.00,0,0.00,4.80,0.49,0.00,0.00,D,0.00,0.80,0.86,1.20,0.22,WARN_WARNING,0.00,,14.50,12.00,504,1.11,45.5,0,0,0.00,0.00,0.00,0.80,0.00,0.00,0,0,0.00,0
2026-04-25 14:21:46,770.88,0,0,0,0,0,0,0,0.00,0,0.00,4.80,0.48,0.00,0.00,D,0.00,0.80,0.87,1.20,0.23,WARN_WARNING,0.00,,16.00,12.00,504,2.23,44.4,0,0,0.00,0.00,0.00,0.80,0.00,0.00,0,0,0.00,0
2026-04-25 14:21:47,771.78,0,0,0,0,0,0,0,0.00,0,0.00,4.80,0.48,0.00,0.00,D,0.00,0.80,0.87,1.20,0.23,WARN_WARNING,0.00,,14.40,12.00,504,0.15,44.4,0,0,0.00,0.00,0.00,0.80,0.00,0.00,0,0,0.00,0
2026-04-25 14:21:48,772.79,0,0,0,0,0,0,0,0.00,0,0.00,4.80,0.48,0.00,0.00,D,0.00,0.80,0.87,1.20,0.23,WARN_WARNING,0.00,,14.80,12.00,504,0.45,45.5,0,0,0.00,0.00,0.00,0.80,0.00,0.00,0,0,0.00,0
2026-04-25 14:21:49,773.80,0,0,0,0,0,0,0,0.00,0,0.00,4.80,0.48,0.00,0.00,D,0.00,0.81,0.87,1.20,0.29,WARN_WARNING,0.00,,16.50,12.00,504,0.72,45.0,0,0,0.00,0.00,0.00,0.81,0.00,0.00,0,0,0.00,0
2026-04-25 14:21:50,774.79,0,0,0,0,0,0,0,0.00,0,0.00,4.80,0.48,0.00,0.00,D,0.00,0.80,0.88,1.21,0.35,WARN_WARNING,0.00,,13.80,12.00,504,1.72,45.0,0,0,0.00,0.00,0.00,0.80,0.00,0.00,0,0,0.00,0
2026-04-25 14:21:51,775.91,0,0,0,0,0,0,0,0.00,0,0.00,4.80,0.48,0.00,0.00,D,0.00,0.81,0.87,1.21,0.22,WARN_WARNING,0.00,,15.20,12.00,504,2.83,44.4,0,0,0.00,0.00,0.00,0.81,0.00,0.00,0,0,0.00,0
2026-04-25 14:21:52,776.81,0,0,0,0,0,0,0,0.00,0,0.00,4.80,0.48,0.00,0.00,D,0.00,0.81,0.21,1.20,0.07,WARN_WARNING,0.00,,14.60,12.00,504,3.73,45.5,0,0,0.00,0.00,0.00,0.81,0.00,0.00,0,0,0.00,0
2026-04-25 14:21:53,777.81,0,0,0,0,0,0,0,0.00,0,0.00,4.80,0.48,0.00,0.00,D,0.00,0.80,0.11,1.21,0.04,WARN_WARNING,0.00,,15.70,12.00,504,4.73,45.5,0,0,0.00,0.00,0.00,0.80,0.00,0.00,0,0,0.00,0
2026-04-25 14:21:54,778.82,0,0,0,0,0,0,0,0.00,0,0.00,4.80,0.48,0.00,0.00,D,0.00,0.27,0.12,1.20,0.04,STOP_WARNING,0.00,,14.90,12.00,504,5.75,44.4,0,0,0.00,0.00,0.00,0.27,0.00,0.00,0,0,0.00,0
2026-04-25 14:21:55,779.84,0,0,0,0,0,0,0,0.00,0,0.00,4.80,0.48,0.00,0.00,D,0.00,0.80,0.21,1.21,0.05,WARN_WARNING,0.00,,14.20,12.00,504,6.76,45.0,0,0,0.00,0.00,0.00,0.80,0.00,0.00,0,0,0.00,0
2026-04-25 14:21:56,780.86,0,0,0,0,0,0,0,0.00,0,0.00,4.80,0.48,0.00,0.00,D,0.00,0.81,0.88,1.20,0.06,WARN_WARNING,0.00,,13.70,12.00,504,0.03,45.5,0,0,0.00,0.00,0.00,0.81,0.00,0.00,0,0,0.00,0
2026-04-25 14:21:57,781.97,0,0,0,0,0,0,0,0.00,0,0.00,4.80,0.48,0.00,0.00,D,0.00,1.00,12.00,0.97,0.08,WARN_WARNING,0.00,,16.40,12.00,504,0.71,44.4,0,0,0.00,0.00,0.00,1.00,0.00,0.00,0,0,0.00,0
2026-04-25 14:21:58,782.87,0,0,0,0,0,0,0,0.00,0,0.00,4.80,0.48,0.00,0.00,D,0.00,1.72,0.93,0.92,0.20,^,0.00,,15.70,12.00,504,1.62,44.4,0,0,0.00,0.00,0.00,1.72,0.00,0.00,0,0,0.00,0
2026-04-25 14:21:59,783.88,0,0,0,0,0,0,0,0.00,0,0.00,4.80,0.48,0.00,0.00,D,0.00,1.79,0.90,0.90,0.19,^,0.00,,13.60,12.00,504,0.41,45.5,0,0,0.00,0.00,0.00,1.79,0.00,0.00,0,0,0.00,0
2026-04-25 14:22:00,784.90,0,0,0,0,0,0,0,0.00,0,0.00,4.80,0.48,0.00,0.00,D,0.00,1.78,0.91,0.89,0.52,^,0.00,,14.00,12.00,504,1.42,44.4,0,0,0.00,0.00,0.00,1.78,0.00,0.00,0,0,0.00,0
2026-04-25 14:22:01,785.91,0,0,0,0,0,0,0,0.00,0,0.00,4.80,0.48,0.00,0.00,D,0.00,0.06,0.91,0.90,0.37,STOP_WARNING,0.00,,16.80,12.00,504,2.43,43.9,0,0,0.00,0.00,0.00,0.06,0.00,0.00,0,0,0.00,0
2026-04-25 14:22:02,786.92,0,0,0,0,0,0,0,0.00,0,0.00,4.80,0.48,0.00,0.00,D,0.00,0.07,0.91,0.07,0.35,STOP_WARNING,0.00,,16.00,12.00,504,3.44,43.9,0,0,0.00,0.00,0.00,0.07,0.00,0.00,0,0,0.00,0
2026-04-25 14:22:03,787.93,0,0,0,0,0,0,0,0.00,0,0.00,4.80,0.47,0.00,0.00,D,0.00,1.79,0.90,0.90,0.57,^,0.00,,14.60,12.00,504,4.46,45.5,0,0,0.00,0.00,0.00,1.79,0.00,0.00,0,0,0.00,0
2026-04-25 14:22:04,788.94,0,0,0,0,0,0,0,0.00,0,0.00,4.80,0.47,0.00,0.00,D,0.00,1.79,0.91,0.89,0.57,^,0.00,,15.60,12.00,504,5.47,46.1,0,0,0.00,0.00,0.00,1.79,0.00,0.00,0,0,0.00,0
2026-04-25 14:22:05,789.96,0,0,0,0,0,0,0,0.00,0,0.00,4.80,0.47,0.00,0.00,D,0.00,1.80,0.90,0.90,0.57,^,0.00,,15.00,12.00,504,6.48,44.4,0,0,0.00,0.00,0.00,1.80,0.00,0.00,0,0,0.00,0
2026-04-25 14:22:06,790.97,0,0,0,0,0,0,0,0.00,0,0.00,4.80,0.47,0.00,0.00,D,0.00,1.77,0.90,0.90,0.56,^,0.00,,16.00,12.00,504,7.49,45.5,0,0,0.00,0.00,0.00,1.77,0.00,0.00,0,0,0.00,0
2026-04-25 14:22:07,791.98,0,0,0,0,0,0,0,0.00,0,0.00,4.80,0.47,0.00,0.00,D,0.00,1.80,0.91,0.90,0.57,^,0.00,,16.70,12.00,504,8.51,46.1,0,0,0.00,0.00,0.00,1.80,0.00,0.00,0,0,0.00,0
2026-04-25 14:22:09,793.00,0,0,0,0,0,0,0,0.00,0,1.00,4.80,0.47,0.00,0.15,D,0.00,1.80,0.91,0.89,0.57,^,0.00,,15.20,12.00,504,9.52,43.9,0,0,0.00,0.00,0.00,1.80,0.00,0.00,0,0,0.00,0
2026-04-25 14:22:10,794.01,0,0,0,0,0,0,0,0.00,0,0.49,4.80,0.47,0.23,0.62,D,0.00,1.79,0.91,0.89,0.59,^,0.00,,16.70,12.00,504,0.00,45.5,0,0,0.00,0.00,0.00,1.79,0.00,0.00,0,0,0.00,0
2026-04-25 14:22:11,795.02,0,0,0,0,0,0,0,1.00,0,0.00,4.80,0.47,0.32,0.02,D,0.00,1.90,0.93,0.83,0.80,^,0.00,,17.30,12.00,504,0.00,43.3,0,0,0.00,0.00,0.00,1.90,0.00,0.00,0,0,0.00,0
2026-04-25 14:22:12,796.03,0,0,0,0,0,0,0,0.00,0,0.00,4.80,0.47,0.00,0.00,D,0.00,1.89,0.93,0.82,0.81,^,0.00,,18.20,12.00,504,0.89,45.5,0,0,0.00,0.00,0.00,1.89,0.00,0.00,0,0,0.00,0
2026-04-25 14:22:13,797.05,0,0,0,0,0,0,0,0.40,0,0.00,4.80,0.47,0.00,0.00,D,0.00,1.90,0.93,0.82,0.58,^,0.00,,14.20,12.00,504,1.90,45.5,0,0,0.00,0.00,0.00,1.90,0.00,0.00,0,0,0.00,0
2026-04-25 14:22:14,798.06,0,0,0,0,0,0,0,-0.99,0,0.00,4.80,0.47,0.00,0.06,D,0.00,1.90,0.93,0.83,0.23,^,0.00,,16.60,12.00,504,2.91,44.4,0,0,0.00,0.00,0.00,1.90,0.00,0.00,0,0,0.00,0
2026-04-25 14:22:15,799.07,0,0,0,0,0,0,0,0.23,0,0.00,4.80,0.47,0.00,0.00,D,0.00,1.89,0.93,0.82,0.16,^,0.00,,13.70,12.00,504,3.93,43.9,0,0,0.00,0.00,0.00,1.89,0.00,0.00,0,0,0.00,0
2026-04-25 14:22:16,800.08,0,0,0,0,0,0,0,0.00,0,0.00,4.80,0.47,0.00,0.00,D,0.00,1.90,0.93,0.83,0.22,^,0.00,,14.70,12.00,504,4.94,44.4,0,0,0.00,0.00,0.00,1.90,0.00,0.00,0,0,0.00,0
2026-04-25 14:22:17,801.10,0,0,0,0,0,0,0,0.00,0,0.00,4.80,0.47,0.00,0.00,D,0.00,1.90,0.93,0.09,0.10,^,0.00,,14.60,12.00,504,0.44,45.5,0,0,0.00,0.00,0.00,1.90,0.00,0.00,0,0,0.00,0
2026-04-25 14:22:18,802.11,0,0,0,0,0,0,0,0.00,0,0.00,4.80,0.47,0.00,0.00,D,0.00,1.91,0.93,0.82,0.14,^,0.00,,14.70,12.00,504,1.46,43.9,0,0,0.00,0.00,0.00,1.91,0.00,0.00,0,0,0.00,0
2026-04-25 14:22:19,803.13,0,0,0,0,0,0,0,0.00,0,0.00,4.80,0.47,0.00,0.00,D,0.00,1.89,0.18,0.82,0.14,^,0.00,,13.30,12.00,504,0.11,44.4,0,0,0.00,0.00,0.00,1.89,0.00,0.00,0,0,0.00,0
2026-04-25 14:22:20,804.14,0,0,0,0,0,0,0,0.00,0,0.00,4.80,0.47,0.00,0.00,D,0.00,1.89,0.93,0.82,0.13,^,0.00,,15.70,12.00,504,1.13,45.0,0,0,0.00,0.00,0.00,1.89,0.00,0.00,0,0,0.00,0
2026-04-25 14:22:21,805.15,0,0,0,0,0,0,0,0.00,0,0.00,4.80,0.47,0.00,0.00,D,0.00,1.91,0.93,0.83,0.14,^,0.00,,14.60,12.00,504,2.14,45.0,0,0,0.00,0.00,0.00,1.91,0.00,0.00,0,0,0.00,0
2026-04-25 14:22:22,806.17,0,0,0,0,0,0,0,0.00,0,0.00,4.80,0.46,0.00,0.00,D,0.00,1.89,0.93,0.14,0.14,^,0.00,,15.00,11.90,504,3.15,45.0,0,0,0.00,0.00,0.00,1.89,0.00,0.00,0,0,0.00,0
2026-04-25 14:22:23,807.28,0,0,0,0,0,0,0,0.00,0,0.00,4.80,0.46,0.00,0.00,D,0.00,1.90,0.18,0.82,0.23,^,0.00,,15.40,11.90,504,4.26,44.4,0,0,0.00,0.00,0.00,1.90,0.00,0.00,0,0,0.00,0
2026-04-25 14:22:24,808.18,0,0,0,0,0,0,0,0.00,0,0.00,4.80,0.46,0.00,0.00,D,0.00,1.91,0.17,0.82,0.17,^,0.00,,14.90,12.00,504,5.16,45.5,0,0,0.00,0.00,0.00,1.91,0.00,0.00,0,0,0.00,0
2026-04-25 14:22:25,809.19,0,0,0,0,0,0,0,0.00,0,0.00,4.80,0.46,0.00,0.00,D,0.00,1.89,0.19,0.83,0.20,^,0.00,,14.90,11.90,504,6.17,46.1,0,0,0.00,0.00,0.00,1.89,0.00,0.00,0,0,0.00,0
2026-04-25 14:22:26,810.20,0,0,0,0,0,0,0,0.00,0,0.00,4.80,0.46,0.00,0.00,D,0.00,1.88,0.93,0.83,0.12,^,0.00,,14.20,11.90,504,7.19,44.4,0,0,0.00,0.00,0.00,1.88,0.00,0.00,0,0,0.00,0
2026-04-25 14:22:27,811.31,0,0,0,0,0,0,0,0.00,0,0.00,4.80,0.46,0.00,0.00,D,0.00,1.89,0.93,0.83,0.26,^,0.00,,15.00,12.00,504,8.30,45.5,0,0,0.00,0.00,0.00,1.89,0.00,0.00,0,0,0.00,0
2026-04-25 14:22:28,812.22,0,0,0,0,0,0,0,0.00,0,0.00,4.80,0.46,0.00,0.00,D,0.00,1.90,0.93,0.83,0.27,^,0.00,,11.80,12.00,504,9.20,46.1,0,0,0.00,0.00,0.00,1.90,0.00,0.00,0,0,0.00,0
2026-04-25 14:22:29,813.23,0,0,0,0,0,0,0,0.00,0,0.00,4.80,0.46,0.00,0.00,D,0.00,1.88,0.93,0.83,0.33,^,0.00,,14.60,12.00,504,10.21,44.4,0,0,0.00,0.00,0.00,1.88,0.00,0.00,0,0,0.00,0
2026-04-25 14:22:30,814.24,0,0,0,0,0,0,0,0.00,0,0.00,4.80,0.46,0.00,0.00,D,0.00,1.87,0.93,0.82,0.36,^,0.00,,13.60,12.00,504,11.22,46.6,0,0,0.00,0.00,0.00,1.87,0.00,0.00,0,0,0.00,0
2026-04-25 14:22:31,815.25,0,0,0,0,0,0,0,0.00,0,0.00,4.80,0.46,0.00,0.00,D,0.00,1.88,0.93,0.82,0.32,^,0.00,,12.40,12.00,504,12.23,45.5,0,0,0.00,0.00,0.00,1.88,0.00,0.00,0,0,0.00,0
2026-04-25 14:22:32,816.26,0,0,0,0,0,0,0,0.00,0,0.00,4.80,0.46,0.00,0.00,D,0.00,1.88,0.93,0.84,0.27,^,0.00,,13.80,12.00,504,13.25,45.5,0,0,0.00,0.00,0.00,1.88,0.00,0.00,0,0,0.00,0
2026-04-25 14:22:33,817.27,0,0,0,0,0,0,0,0.00,0,0.00,4.80,0.46,0.00,0.00,D,0.00,1.88,0.14,0.82,0.12,^,0.00,,14.30,12.00,504,14.25,46.1,0,0,0.00,0.00,0.00,1.88,0.00,0.00,0,0,0.00,0
2026-04-25 14:22:34,818.28,0,0,0,0,0,0,0,0.00,0,0.00,4.80,0.46,0.00,0.00,D,0.00,1.96,0.13,0.90,0.16,^,0.00,,13.40,12.00,504,0.11,45.5,0,0,0.00,0.00,0.00,1.96,0.00,0.00,0,0,0.00,0
2026-04-25 14:22:35,819.29,0,0,0,0,0,0,0,0.00,0,0.00,4.80,0.46,0.00,0.00,D,0.00,2.14,0.08,1.14,0.15,^,0.00,,15.20,12.00,504,0.52,45.5,0,0,0.00,0.00,0.00,2.14,0.00,0.00,0,0,0.00,0
2026-04-25 14:22:36,820.30,0,0,0,0,0,0,0,0.00,0,0.00,4.80,0.46,0.00,0.00,D,0.00,2.28,0.03,1.30,0.03,^,0.00,,15.80,12.00,504,0.02,45.0,0,0,0.00,0.00,0.00,2.28,0.00,0.00,0,0,0.00,0
2026-04-25 14:22:37,821.31,0,0,0,0,0,0,0,0.00,0,0.00,4.80,0.46,0.00,0.00,D,0.00,2.64,0.03,0.42,0.02,^,0.00,,15.20,12.00,504,0.42,45.5,0,0,0.00,0.00,0.00,2.64,0.00,0.00,0,0,0.00,0
2026-04-25 14:22:38,822.33,0,0,0,0,0,0,0,0.00,0,0.00,4.80,0.46,0.00,0.00,D,0.00,2.87,0.03,0.42,0.03,^,0.00,,14.80,12.00,504,1.44,45.5,0,0,0.00,0.00,0.00,2.87,0.00,0.00,0,0,0.00,0
2026-04-25 14:22:39,823.44,0,0,0,0,0,0,0,0.00,0,0.00,4.80,0.45,0.00,0.00,D,0.00,2.16,0.07,1.06,0.07,^,0.00,,14.80,12.00,504,0.15,45.5,0,0,0.00,0.00,0.00,2.16,0.00,0.00,0,0,0.00,0
2026-04-25 14:22:40,824.34,0,0,0,0,0,0,0,0.00,0,0.00,4.80,0.45,0.00,0.00,D,0.00,1.88,0.15,0.83,0.14,^,0.00,,13.90,12.00,504,0.54,45.5,0,0,0.00,0.00,0.00,1.88,0.00,0.00,0,0,0.00,0
2026-04-25 14:22:41,825.35,0,0,0,0,0,0,0,0.00,0,0.00,4.80,0.45,0.00,0.00,D,0.00,1.91,0.19,0.09,0.10,^,0.00,,15.30,12.00,504,0.44,45.5,0,0,0.00,0.00,0.00,1.91,0.00,0.00,0,0,0.00,0
2026-04-25 14:22:42,826.37,0,0,0,0,0,0,0,0.00,0,0.00,4.80,0.45,0.00,0.00,D,0.00,1.91,0.92,0.08,0.09,^,0.00,,15.60,12.00,504,1.45,45.5,0,0,0.00,0.00,0.00,1.91,0.00,0.00,0,0,0.00,0
2026-04-25 14:22:43,827.38,0,0,0,0,0,0,0,0.00,0,0.00,4.80,0.45,0.00,0.00,D,0.00,1.90,0.19,0.11,0.11,^,0.00,,14.70,12.00,504,2.46,43.9,0,0,0.00,0.00,0.00,1.90,0.00,0.00,0,0,0.00,0
2026-04-25 14:22:44,828.38,0,0,0,0,0,0,0,0.00,0,0.00,4.80,0.45,0.00,0.00,D,0.00,0.97,1.10,0.86,0.18,WARN_WARNING,0.00,,15.20,12.00,504,0.91,45.5,0,0,0.00,0.00,0.00,0.97,0.00,0.00,0,0,0.00,0
2026-04-25 14:22:45,829.49,0,0,0,0,0,0,0,0.00,0,0.00,4.80,0.45,0.00,0.00,D,0.00,0.80,0.83,1.41,0.20,WARN_WARNING,0.00,,15.80,12.00,504,2.02,43.9,0,0,0.00,0.00,0.00,0.80,0.00,0.00,0,0,0.00,0
2026-04-25 14:22:46,830.40,0,0,0,0,0,0,0,0.00,0,0.00,4.80,0.45,0.00,0.00,D,0.00,0.88,0.74,0.18,0.02,WARN_WARNING,0.00,,14.60,12.00,504,0.41,45.0,0,0,0.00,0.00,0.00,0.88,0.00,0.00,0,0,0.00,0
2026-04-25 14:22:47,831.41,0,0,0,0,0,0,0,0.00,0,0.00,4.80,0.45,0.00,0.00,D,0.00,0.88,0.74,0.09,0.03,WARN_WARNING,0.00,,14.70,12.00,504,1.43,45.5,0,0,0.00,0.00,0.00,0.88,0.00,0.00,0,0,0.00,0
2026-04-25 14:22:48,832.43,0,0,0,0,0,0,0,0.00,0,0.00,4.80,0.45,0.00,0.00,D,0.00,0.87,0.74,1.32,0.03,WARN_WARNING,0.00,,14.90,12.00,504,2.44,44.4,0,0,0.00,0.00,0.00,0.87,0.00,0.00,0,0,0.00,0
2026-04-25 14:22:49,833.54,0,0,0,0,0,0,0,0.00,0,0.00,4.80,0.45,0.00,0.00,D,0.00,0.88,0.74,0.18,0.03,WARN_WARNING,0.00,,15.00,12.00,504,3.55,43.9,0,0,0.00,0.00,0.00,0.88,0.00,0.00,0,0,0.00,0
2026-04-25 14:22:50,834.44,0,0,0,0,0,0,0,0.00,0,0.00,4.80,0.45,0.00,0.00,D,0.00,0.87,0.74,0.04,0.03,WARN_WARNING,0.00,,14.50,12.00,504,4.46,43.9,0,0,0.00,0.00,0.00,0.87,0.00,0.00,0,0,0.00,0
2026-04-25 14:22:51,835.56,0,0,0,0,0,0,0,0.00,0,0.00,4.80,0.45,0.00,0.00,D,0.00,0.86,0.74,0.19,0.03,WARN_WARNING,0.00,,14.10,12.00,504,5.57,43.9,0,0,0.00,0.00,0.00,0.86,0.00,0.00,0,0,0.00,0
2026-04-25 14:22:52,836.46,0,0,0,0,0,0,0,0.00,0,0.00,4.80,0.45,0.00,0.00,D,0.00,0.86,0.74,0.19,0.03,WARN_WARNING,0.00,,14.80,12.00,504,6.47,45.0,0,0,0.00,0.00,0.00,0.86,0.00,0.00,0,0,0.00,0
2026-04-25 14:22:53,837.47,0,0,0,0,0,0,0,0.00,0,0.00,4.80,0.45,0.00,0.00,D,0.00,0.89,0.74,0.18,0.03,WARN_WARNING,0.00,,14.90,12.00,504,7.48,43.9,0,0,0.00,0.00,0.00,0.89,0.00,0.00,0,0,0.00,0
2026-04-25 14:22:54,838.49,0,0,0,0,0,0,0,0.00,0,0.00,4.80,0.45,0.00,0.00,D,0.00,0.86,0.74,0.20,0.04,WARN_WARNING,0.00,,15.30,12.00,504,8.50,45.0,0,0,0.00,0.00,0.00,0.86,0.00,0.00,0,0,0.00,0
2026-04-25 14:22:55,839.60,0,0,0,0,0,0,0,0.00,0,0.00,4.80,0.45,0.00,0.00,D,0.00,0.86,0.74,0.21,0.04,WARN_WARNING,0.00,,14.10,12.00,504,9.61,45.0,0,0,0.00,0.00,0.00,0.86,0.00,0.00,0,0,0.00,0
2026-04-25 14:22:56,840.50,0,0,0,0,0,0,0,0.00,0,0.00,4.80,0.45,0.00,0.00,D,0.00,0.88,0.74,0.24,0.04,WARN_WARNING,0.00,,14.10,12.00,504,10.52,45.5,0,0,0.00,0.00,0.00,0.88,0.00,0.00,0,0,0.00,0
2026-04-25 14:22:57,841.52,0,0,0,0,0,0,0,0.00,0,0.00,4.80,0.45,0.00,0.00,D,0.00,0.86,0.74,0.22,0.04,WARN_WARNING,0.00,,14.90,12.00,504,11.53,43.3,0,0,0.00,0.00,0.00,0.86,0.00,0.00,0,0,0.00,0
2026-04-25 14:22:58,842.53,0,0,0,0,0,0,0,0.00,0,0.00,4.80,0.44,0.00,0.00,D,0.00,0.88,0.74,1.31,0.05,WARN_WARNING,0.00,,13.80,12.00,504,12.54,45.0,0,0,0.00,0.00,0.00,0.88,0.00,0.00,0,0,0.00,0
2026-04-25 14:22:59,843.54,0,0,0,0,0,0,0,0.00,0,0.00,4.80,0.44,0.00,0.00,D,0.00,0.87,0.74,1.32,0.04,WARN_WARNING,0.00,,15.30,12.00,504,13.55,45.5,0,0,0.00,0.00,0.00,0.87,0.00,0.00,0,0,0.00,0
2026-04-25 14:23:00,844.55,0,0,0,0,0,0,0,0.00,0,0.00,4.80,0.44,0.00,0.00,D,0.00,0.86,0.74,0.23,0.04,WARN_WARNING,0.00,,14.00,12.00,504,14.57,45.0,0,0,0.00,0.00,0.00,0.86,0.00,0.00,0,0,0.00,0
2026-04-25 14:23:01,845.55,0,0,0,0,0,0,0,0.00,0,0.00,4.80,0.44,0.00,0.00,D,0.00,0.88,0.74,1.32,0.03,WARN_WARNING,0.00,,13.80,12.00,504,0.76,45.0,0,0,0.00,0.00,0.00,0.88,0.00,0.00,0,0,0.00,0
2026-04-25 14:23:02,846.56,0,0,0,0,0,0,0,0.00,0,0.00,4.80,0.44,0.00,0.00,D,0.00,0.88,0.74,1.31,0.04,WARN_WARNING,0.00,,16.50,12.00,504,1.77,44.4,0,0,0.00,0.00,0.00,0.88,0.00,0.00,0,0,0.00,0
2026-04-25 14:23:03,847.67,0,0,0,0,0,0,0,0.00,0,0.00,4.80,0.44,0.00,0.00,D,0.00,0.87,0.74,0.21,0.03,WARN_WARNING,0.00,,14.50,12.00,504,2.88,45.5,0,0,0.00,0.00,0.00,0.87,0.00,0.00,0,0,0.00,0
2026-04-25 14:23:04,848.57,0,0,0,0,0,0,0,0.00,0,0.00,4.80,0.44,0.00,0.00,D,0.00,0.86,0.74,0.21,0.03,WARN_WARNING,0.00,,14.30,12.00,504,3.78,44.4,0,0,0.00,0.00,0.00,0.86,0.00,0.00,0,0,0.00,0
2026-04-25 14:23:05,849.58,0,0,0,0,0,0,0,0.00,0,0.00,4.80,0.44,0.00,0.00,D,0.00,0.87,0.74,0.21,0.04,WARN_WARNING,0.00,,13.10,12.00,504,4.79,45.5,0,0,0.00,0.00,0.00,0.87,0.00,0.00,0,0,0.00,0
2026-04-25 14:23:06,850.59,0,0,0,0,0,0,0,0.00,0,0.00,4.80,0.44,0.00,0.00,D,0.00,0.86,0.74,0.21,0.04,WARN_WARNING,0.00,,15.80,12.00,504,0.74,44.4,0,0,0.00,0.00,0.00,0.86,0.00,0.00,0,0,0.00,0
2026-04-25 14:23:07,851.60,0,0,0,0,0,0,0,0.00,0,0.00,4.80,0.44,0.00,0.00,D,0.00,0.88,0.74,0.19,0.03,WARN_WARNING,0.00,,15.30,12.00,504,1.76,43.9,0,0,0.00,0.00,0.00,0.88,0.00,0.00,0,0,0.00,0
2026-04-25 14:23:08,852.61,0,0,0,0,0,0,0,0.00,0,0.00,4.80,0.44,0.00,0.00,D,0.00,0.87,0.74,0.04,0.03,WARN_WARNING,0.00,,14.20,12.00,504,2.77,45.5,0,0,0.00,0.00,0.00,0.87,0.00,0.00,0,0,0.00,0
2026-04-25 14:23:09,853.72,0,0,0,0,0,0,0,0.00,0,0.00,4.80,0.44,0.00,0.00,D,0.00,0.88,0.74,1.32,0.04,WARN_WARNING,0.00,,15.80,12.00,504,3.88,44.4,0,0,0.00,0.00,0.00,0.88,0.00,0.00,0,0,0.00,0
2026-04-25 14:23:10,854.63,0,0,0,0,0,0,0,0.00,0,0.00,4.80,0.44,0.00,0.00,D,0.00,0.87,0.74,1.32,0.04,WARN_WARNING,0.00,,15.80,12.00,504,4.78,45.0,0,0,0.00,0.00,0.00,0.87,0.00,0.00,0,0,0.00,0
2026-04-25 14:23:11,855.74,0,0,0,0,0,0,0,0.00,0,0.00,4.80,0.44,0.00,0.00,D,0.00,0.88,0.74,0.20,0.04,WARN_WARNING,0.00,,14.90,12.00,504,5.90,44.4,0,0,0.00,0.00,0.00,0.88,0.00,0.00,0,0,0.00,0
2026-04-25 14:23:12,856.65,0,0,0,0,0,0,0,0.00,0,0.00,4.80,0.44,0.00,0.00,D,0.00,0.86,0.74,0.19,0.04,WARN_WARNING,0.00,,14.80,11.90,504,6.80,45.0,0,0,0.00,0.00,0.00,0.86,0.00,0.00,0,0,0.00,0
2026-04-25 14:23:13,857.76,0,0,0,0,0,0,0,0.00,0,0.00,4.80,0.44,0.00,0.00,D,0.00,0.86,0.74,0.18,0.03,WARN_WARNING,0.00,,15.60,12.00,504,7.92,45.5,0,0,0.00,0.00,0.00,0.86,0.00,0.00,0,0,0.00,0
2026-04-25 14:23:14,858.66,0,0,0,0,0,0,0,0.00,0,0.00,4.80,0.44,0.00,0.00,D,0.00,0.87,0.74,0.19,0.04,WARN_WARNING,0.00,,13.70,12.00,504,0.16,43.3,0,0,0.00,0.00,0.00,0.87,0.00,0.00,0,0,0.00,0
2026-04-25 14:23:15,859.78,0,0,0,0,0,0,0,0.00,0,0.00,4.80,0.44,0.00,0.00,D,0.00,0.87,0.74,0.17,0.03,WARN_WARNING,0.00,,14.70,12.00,504,1.27,44.4,0,0,0.00,0.00,0.00,0.87,0.00,0.00,0,0,0.00,0
2026-04-25 14:23:16,860.68,0,0,0,0,0,0,0,0.00,0,0.00,4.80,0.44,0.00,0.00,D,0.00,0.87,0.74,0.17,0.04,WARN_WARNING,0.00,,14.90,12.00,504,2.18,44.4,0,0,0.00,0.00,0.00,0.87,0.00,0.00,0,0,0.00,0
2026-04-25 14:23:17,861.70,0,0,0,0,0,0,0,0.00,0,0.00,4.80,0.43,0.00,0.00,D,0.00,0.86,0.74,0.17,0.04,WARN_WARNING,0.00,,13.80,12.00,504,3.20,45.5,0,0,0.00,0.00,0.00,0.86,0.00,0.00,0,0,0.00,0
2026-04-25 14:23:18,862.71,0,0,0,0,0,0,0,0.00,0,0.00,4.80,0.43,0.00,0.00,D,0.00,0.88,0.74,0.16,0.03,WARN_WARNING,0.00,,15.60,12.00,504,4.21,45.0,0,0,0.00,0.00,0.00,0.88,0.00,0.00,0,0,0.00,0
2026-04-25 14:23:19,863.72,0,0,0,0,0,0,0,0.00,0,0.00,4.80,0.43,0.00,0.00,D,0.00,0.87,0.74,0.16,0.04,WARN_WARNING,0.00,,15.20,12.00,504,5.22,45.0,0,0,0.00,0.00,0.00,0.87,0.00,0.00,0,0,0.00,0
2026-04-25 14:23:20,864.73,0,0,0,0,0,0,0,0.00,0,0.00,4.80,0.43,0.00,0.00,D,0.00,0.87,0.74,0.19,0.04,WARN_WARNING,0.00,,13.80,12.00,504,6.23,45.0,0,0,0.00,0.00,0.00,0.87,0.00,0.00,0,0,0.00,0
2026-04-25 14:23:21,865.75,0,0,0,0,0,0,0,0.00,0,0.00,4.80,0.43,0.00,0.00,D,0.00,0.88,0.74,0.17,0.04,WARN_WARNING,0.00,,16.60,12.00,504,7.24,44.4,0,0,0.00,0.00,0.00,0.88,0.00,0.00,0,0,0.00,0
2026-04-25 14:23:22,866.76,0,0,0,0,0,0,0,0.00,0,0.00,4.80,0.43,0.00,0.00,D,0.00,0.87,0.74,0.12,0.04,WARN_WARNING,0.00,,16.80,12.00,504,8.26,45.5,0,0,0.00,0.00,0.00,0.87,0.00,0.00,0,0,0.00,0
2026-04-25 14:23:23,867.77,0,0,0,0,0,0,0,0.00,0,0.00,4.80,0.43,0.00,0.00,D,0.00,0.87,0.74,0.16,0.04,WARN_WARNING,0.00,,12.60,12.00,504,9.27,45.0,0,0,0.00,0.00,0.00,0.87,0.00,0.00,0,0,0.00,0
2026-04-25 14:23:24,868.78,0,0,0,0,0,0,0,0.00,0,0.00,4.80,0.43,0.00,0.00,D,0.00,0.88,0.74,0.16,0.03,WARN_WARNING,0.00,,11.90,12.00,504,10.28,45.5,0,0,0.00,0.00,0.00,0.88,0.00,0.00,0,0,0.00,0
2026-04-25 14:23:25,869.79,0,0,0,0,0,0,0,0.00,0,0.00,4.80,0.43,0.00,0.00,D,0.00,0.87,0.74,0.16,0.03,WARN_WARNING,0.00,,13.70,12.00,504,11.29,46.1,0,0,0.00,0.00,0.00,0.87,0.00,0.00,0,0,0.00,0
2026-04-25 14:23:26,870.81,0,0,0,0,0,0,0,0.00,0,0.00,4.80,0.43,0.00,0.00,D,0.00,0.88,0.74,0.03,0.02,WARN_WARNING,0.00,,12.10,12.00,504,12.30,45.0,0,0,0.00,0.00,0.00,0.88,0.00,0.00,0,0,0.00,0
2026-04-25 14:23:27,871.82,0,0,0,0,0,0,0,0.00,0,0.00,4.80,0.43,0.00,0.00,D,0.00,0.88,0.74,0.11,0.02,WARN_WARNING,0.00,,13.70,12.00,504,13.32,46.6,0,0,0.00,0.00,0.00,0.88,0.00,0.00,0,0,0.00,0
2026-04-25 14:23:28,872.83,0,0,0,0,0,0,0,0.00,0,0.00,4.80,0.43,0.00,0.00,D,0.00,0.87,0.74,0.17,0.02,WARN_WARNING,0.00,,13.30,12.00,504,14.33,44.4,0,0,0.00,0.00,0.00,0.87,0.00,0.00,0,0,0.00,0
2026-04-25 14:23:29,873.84,0,0,0,0,0,0,0,0.00,0,0.00,4.80,0.43,0.00,0.00,D,0.00,0.87,0.74,0.10,0.02,WARN_WARNING,0.00,,15.90,12.00,504,0.22,45.5,0,0,0.00,0.00,0.00,0.87,0.00,0.00,0,0,0.00,0
2026-04-25 14:23:30,874.85,0,0,0,0,0,0,0,0.00,0,0.00,4.80,0.43,0.00,0.00,D,0.00,0.86,0.74,0.09,0.02,WARN_WARNING,0.00,,15.40,12.00,504,1.23,45.0,0,0,0.00,0.00,0.00,0.86,0.00,0.00,0,0,0.00,0
2026-04-25 14:23:31,875.87,0,0,0,0,0,0,0,0.00,0,0.00,4.80,0.43,0.00,0.00,D,0.00,0.87,0.74,0.19,0.03,WARN_WARNING,0.00,,14.40,12.00,504,2.25,45.0,0,0,0.00,0.00,0.00,0.87,0.00,0.00,0,0,0.00,0
2026-04-25 14:23:32,876.88,0,0,0,0,0,0,0,0.00,0,0.00,4.80,0.43,0.00,0.00,D,0.00,0.87,0.75,1.34,0.07,WARN_WARNING,0.00,,14.30,12.00,504,0.10,45.0,0,0,0.00,0.00,0.00,0.87,0.00,0.00,0,0,0.00,0
2026-04-25 14:23:34,877.99,0,0,0,0,0,0,0,0.00,0,0.00,4.80,0.43,0.00,0.00,D,0.00,1.00,12.00,0.93,0.06,WARN_WARNING,0.00,,14.90,12.00,504,1.21,43.9,0,0,0.00,0.00,0.00,1.00,0.00,0.00,0,0,0.00,0
2026-04-25 14:23:34,878.90,0,0,0,0,0,0,0,0.00,0,0.00,4.80,0.43,0.00,0.00,D,0.00,1.73,0.94,0.84,0.18,^,0.00,,14.90,12.00,504,2.12,46.1,0,0,0.00,0.00,0.00,1.73,0.00,0.00,0,0,0.00,0
2026-04-25 14:23:35,879.92,0,0,0,0,0,0,0,-1.00,0,0.00,4.80,0.43,0.00,0.00,D,0.00,2.24,0.91,0.85,0.18,^,0.00,,16.20,12.00,504,3.14,44.4,0,0,0.00,0.00,0.00,2.24,0.00,0.00,0,0,0.00,0
2026-04-25 14:23:36,880.93,0,0,0,0,0,0,0,0.00,0,0.00,4.80,0.43,0.00,0.00,D,0.00,2.24,0.91,0.85,0.30,^,0.00,,15.90,12.00,504,4.15,45.0,0,0,0.00,0.00,0.00,2.24,0.00,0.00,0,0,0.00,0
2026-04-25 14:23:37,881.94,0,0,0,0,0,0,0,0.00,0,1.00,4.80,0.42,0.00,0.27,D,0.00,2.22,0.91,0.85,0.35,^,0.00,,14.00,12.00,504,5.16,45.0,0,0,0.00,0.00,0.00,2.22,0.00,0.00,0,0,0.00,0
2026-04-25 14:23:38,882.95,0,0,0,0,0,0,0,0.21,0,1.00,4.80,0.42,0.70,0.78,D,0.00,2.20,0.91,0.84,0.42,^,0.00,,13.40,12.00,504,0.00,45.5,0,0,0.00,0.00,0.00,2.20,0.00,0.00,0,0,0.00,0
2026-04-25 14:23:39,883.95,0,0,0,0,0,0,0,0.00,0,1.00,4.80,0.43,3.65,1.00,D,0.00,2.17,1.03,1.02,0.87,^,0.00,,15.10,12.00,504,0.00,46.6,0,0,0.00,0.00,0.00,2.17,0.00,0.00,0,0,0.00,0
2026-04-25 14:23:40,884.97,0,0,0,0,0,0,0,0.38,0,1.00,4.80,0.43,3.91,1.00,D,0.00,12.00,3.62,1.05,0.93,^,0.00,,14.00,12.00,504,0.00,47.2,0,0,0.00,0.00,0.00,12.00,0.00,0.00,0,0,0.00,0
2026-04-25 14:23:42,885.98,0,0,0,0,0,0,0,0.00,0,1.00,4.80,0.43,4.00,1.00,D,0.00,12.00,12.00,1.49,1.31,^,0.00,,16.30,12.00,504,0.00,46.1,0,0,0.00,0.00,0.00,12.00,0.00,0.00,0,0,0.00,0
2026-04-25 14:23:43,887.10,0,0,0,0,0,0,0,0.00,0,1.00,4.80,0.44,4.03,1.00,D,0.00,12.00,12.00,2.51,1.83,^,0.00,,17.00,12.00,504,0.00,45.5,0,0,0.00,0.00,0.00,12.00,0.00,0.00,0,0,0.00,0
2026-04-25 14:23:44,888.01,0,0,0,0,0,0,0,0.00,0,1.00,4.80,0.44,4.15,1.00,D,0.00,12.00,12.00,1.83,1.82,^,0.00,,17.60,12.00,504,0.00,45.5,0,0,0.00,0.00,0.00,12.00,0.00,0.00,0,0,0.00,0
2026-04-25 14:23:45,889.01,0,0,0,0,0,0,0,0.00,0,1.00,4.80,0.45,4.58,1.00,D,0.00,12.00,12.00,12.00,12.00,^,0.00,,16.40,12.00,504,0.00,45.5,0,0,0.00,0.00,0.00,12.00,0.00,0.00,0,0,0.00,0
2026-04-25 14:23:46,890.01,0,0,0,0,0,0,0,0.00,0,1.00,4.80,0.45,4.50,1.00,D,0.00,12.00,12.00,12.00,12.00,^,0.00,,17.70,12.00,504,0.00,46.1,0,0,0.00,0.00,0.00,12.00,0.00,0.00,0,0,0.00,0
2026-04-25 14:23:47,891.03,0,0,0,0,0,0,0,-0.15,0,1.00,4.80,0.46,4.55,1.00,D,0.00,12.00,12.00,12.00,12.00,^,0.00,,18.10,12.00,504,0.00,45.5,0,0,0.00,0.00,0.00,12.00,0.00,0.00,0,0,0.00,0
2026-04-25 14:23:48,892.04,0,0,0,0,0,0,0,0.00,0,0.00,4.80,0.46,3.54,0.84,D,0.00,12.00,12.00,12.00,11.80,^,0.00,,15.30,12.00,504,0.00,45.5,0,0,0.00,0.00,0.00,12.00,0.00,0.00,0,0,0.00,0
2026-04-25 14:23:49,893.06,1,0,0,0,0,0,0,0.11,0,1.00,4.80,0.46,2.18,0.72,D,0.00,12.00,12.00,12.00,12.00,^,6.72,,15.50,12.00,504,0.00,45.0,0,0,0.00,0.00,0.00,12.00,0.11,1.00,0,0,0.00,0
2026-04-25 14:23:50,894.07,1,0,0,0,0,0,0,0.05,0,1.00,4.80,0.47,3.16,1.00,D,0.00,12.00,12.00,12.00,2.19,^,3.24,,17.00,12.00,504,0.00,46.6,0,0,0.00,0.00,0.00,12.00,0.05,1.00,0,0,0.00,0
2026-04-25 14:23:51,895.08,1,0,0,0,0,0,0,0.36,0,0.20,4.80,0.47,3.45,0.87,D,0.00,3.08,12.00,12.00,1.96,^,21.60,,16.10,12.00,504,0.00,45.5,0,0,0.00,0.00,0.00,3.08,0.36,1.00,0,0,0.00,0
2026-04-25 14:23:52,896.09,0,0,0,0,0,0,0,0.00,0,1.00,4.80,0.47,2.71,1.00,D,0.00,1.85,2.42,1.86,1.95,^,0.00,,17.20,12.00,504,0.00,45.5,0,0,0.00,0.00,0.00,1.85,0.00,0.00,0,0,0.00,0
2026-04-25 14:23:53,897.11,0,0,0,0,0,0,0,0.00,0,1.00,4.80,0.48,3.56,1.00,D,0.00,3.59,1.61,0.90,1.61,^,0.00,,18.50,12.00,504,0.00,44.4,0,0,0.00,0.00,0.00,3.59,0.00,0.00,0,0,0.00,0
2026-04-25 14:23:54,898.22,0,0,0,0,0,0,0,0.00,0,1.00,4.80,0.48,3.58,1.00,D,0.00,2.21,12.00,2.24,0.98,^,0.00,,16.20,12.00,504,0.00,45.5,0,0,0.00,0.00,0.00,2.21,0.00,0.00,0,0,0.00,0
2026-04-25 14:23:55,899.12,0,0,0,0,0,0,0,1.00,0,0.20,4.80,0.48,3.60,0.86,D,0.00,12.00,12.00,1.18,2.27,^,0.00,,18.00,12.00,504,0.00,44.4,0,0,0.00,0.00,0.00,12.00,0.00,0.00,0,0,0.00,0
2026-04-25 14:23:56,900.14,1,0,0,0,0,0,0,0.16,0,1.00,4.80,0.48,2.23,0.72,D,0.00,12.00,12.00,12.00,0.97,^,9.51,,18.00,12.00,504,0.00,45.0,0,0,0.00,0.00,0.00,12.00,0.16,1.00,0,0,0.00,0
2026-04-25 14:23:57,901.15,1,0,0,0,0,0,0,0.18,0,1.00,4.80,0.49,3.26,1.00,D,0.00,12.00,12.00,12.00,1.67,^,10.78,,16.50,12.00,504,0.00,43.9,0,0,0.00,0.00,0.00,12.00,0.18,1.00,0,0,0.00,0
2026-04-25 14:23:58,902.16,1,0,0,0,0,0,0,0.13,0,1.00,4.80,0.49,3.66,1.00,D,0.00,12.00,12.00,12.00,1.95,^,7.99,,16.30,12.00,504,0.00,43.9,0,0,0.00,0.00,0.00,12.00,0.13,1.00,0,0,0.00,0
2026-04-25 14:23:59,903.17,1,0,0,0,0,0,0,0.33,0,0.20,4.80,0.49,3.34,0.93,D,0.00,12.00,12.00,12.00,1.79,^,19.91,,17.80,12.00,504,0.00,45.5,0,0,0.00,0.00,0.00,12.00,0.33,1.00,0,0,0.00,0
2026-04-25 14:24:00,904.19,1,0,0,0,0,0,0,0.03,0,1.00,4.80,0.50,2.90,1.00,D,0.00,12.00,12.00,12.00,1.54,^,1.96,,16.20,12.00,504,0.00,45.0,0,0,0.00,0.00,0.00,12.00,0.03,1.00,0,0,0.00,0
2026-04-25 14:24:01,905.20,1,0,0,0,0,0,0,-0.04,0,1.00,4.80,0.50,3.40,1.00,D,0.00,12.00,12.00,12.00,1.42,^,-2.55,,16.50,12.00,504,0.00,44.4,0,0,0.00,0.00,0.00,12.00,-0.04,1.00,0,0,0.00,0
2026-04-25 14:24:02,906.21,1,0,0,0,0,0,0,0.21,0,1.00,4.80,0.50,3.35,0.99,D,0.00,12.00,12.00,12.00,1.35,^,12.51,,18.10,12.00,504,0.00,45.0,0,0,0.00,0.00,0.00,12.00,0.21,1.00,0,0,0.00,0
2026-04-25 14:24:03,907.23,1,0,0,0,0,0,0,0.04,0,1.00,4.80,0.51,3.55,1.00,D,0.00,12.00,3.32,12.00,1.51,^,2.19,,15.90,12.00,504,0.00,45.0,0,0,0.00,0.00,0.00,12.00,0.04,1.00,0,0,0.00,0
2026-04-25 14:24:04,908.24,1,0,0,0,0,0,0,0.16,0,1.00,4.80,0.51,3.12,0.77,D,0.00,12.00,2.63,12.00,1.62,^,9.37,,17.10,11.90,504,0.00,43.9,0,0,0.00,0.00,0.00,12.00,0.16,1.00,0,0,0.00,0
2026-04-25 14:24:05,909.25,1,0,0,0,0,0,0,0.21,0,1.00,4.80,0.51,2.50,0.92,D,0.00,12.00,2.60,12.00,1.55,^,12.48,,17.30,12.00,504,0.00,45.0,0,0,0.00,0.00,0.00,12.00,0.21,1.00,0,0,0.00,0
2026-04-25 14:24:06,910.27,1,0,0,0,0,0,0,-0.07,0,1.00,4.80,0.52,3.47,1.00,D,0.00,12.00,2.00,12.00,1.61,^,-4.46,,16.30,12.00,504,0.00,45.5,0,0,0.00,0.00,0.00,12.00,-0.07,1.00,0,0,0.00,0
2026-04-25 14:24:07,911.28,1,0,0,0,0,0,0,-0.11,0,1.00,4.80,0.52,3.49,1.00,D,0.00,12.00,2.67,12.00,1.71,^,-6.56,,16.50,12.00,504,0.00,45.5,0,0,0.00,0.00,0.00,12.00,-0.11,1.00,0,0,0.00,0
2026-04-25 14:24:08,912.39,1,0,0,0,0,0,0,0.23,0,1.00,4.80,0.52,3.57,1.00,D,0.00,12.00,12.00,12.00,1.84,^,13.92,,17.40,12.00,504,0.00,45.0,0,0,0.00,0.00,0.00,12.00,0.23,1.00,0,0,0.00,0
2026-04-25 14:24:09,913.30,1,0,0,0,0,0,0,0.25,0,1.00,4.80,0.53,3.48,1.00,D,0.00,12.00,12.00,12.00,1.96,^,14.86,,15.50,12.00,504,0.00,44.4,0,0,0.00,0.00,0.00,12.00,0.25,1.00,0,0,0.00,0
2026-04-25 14:24:10,914.31,1,0,0,0,0,0,0,-0.01,0,1.00,4.80,0.53,3.01,0.70,D,0.00,12.00,2.95,12.00,1.89,^,-0.67,,16.80,12.00,504,0.00,45.5,0,0,0.00,0.00,0.00,12.00,-0.01,1.00,0,0,0.00,0
2026-04-25 14:24:11,915.32,1,0,0,0,0,0,0,0.11,0,1.00,4.80,0.53,2.37,0.99,D,0.00,12.00,2.44,12.00,1.66,^,6.51,,15.80,12.00,504,0.00,45.0,0,0,0.00,0.00,0.00,12.00,0.11,1.00,0,0,0.00,0
2026-04-25 14:24:12,916.33,1,0,0,0,0,0,0,0.04,0,1.00,4.80,0.53,3.39,1.00,D,0.00,12.00,1.87,12.00,1.78,^,2.63,,17.40,12.00,504,0.00,45.5,0,0,0.00,0.00,0.00,12.00,0.04,1.00,0,0,0.00,0
2026-04-25 14:24:13,917.35,1,0,0,0,0,0,0,0.09,0,1.00,4.80,0.54,3.34,1.00,D,0.00,12.00,1.71,12.00,1.40,^,5.14,,17.10,12.00,504,0.00,44.4,0,0,0.00,0.00,0.00,12.00,0.09,1.00,0,0,0.00,0
2026-04-25 14:24:14,918.36,1,0,0,0,0,0,0,0.04,0,1.00,4.80,0.54,3.44,1.00,D,0.00,12.00,2.61,12.00,1.80,^,2.66,,17.60,12.00,504,0.00,46.1,0,0,0.00,0.00,0.00,12.00,0.04,1.00,0,0,0.00,0
2026-04-25 14:24:15,919.37,0,0,0,0,0,0,0,-1.00,0,0.20,4.80,0.54,3.50,0.80,D,0.00,12.00,12.00,12.00,1.74,^,0.00,,18.00,12.00,504,0.00,43.3,0,0,0.00,0.00,0.00,12.00,0.00,0.00,0,0,0.00,0
2026-04-25 14:24:16,920.38,0,0,0,0,0,0,0,1.00,0,1.00,4.80,0.54,1.31,0.44,D,0.00,12.00,3.18,12.00,1.34,^,0.00,,16.40,12.00,504,0.00,45.5,0,0,0.00,0.00,0.00,12.00,0.00,0.00,0,0,0.00,0
2026-04-25 14:24:17,921.40,0,0,0,0,0,0,0,0.48,0,1.00,4.80,0.55,1.60,0.95,D,0.00,12.00,12.00,12.00,1.00,^,0.00,,17.10,12.00,504,0.00,44.4,0,0,0.00,0.00,0.00,12.00,0.00,0.00,0,0,0.00,0
2026-04-25 14:24:18,922.41,0,0,0,0,0,0,0,0.00,0,0.00,4.80,0.55,2.19,0.45,D,0.00,12.00,12.00,12.00,1.46,^,0.00,,16.90,12.00,504,0.00,45.5,0,0,0.00,0.00,0.00,12.00,0.00,0.00,0,0,0.00,0
2026-04-25 14:24:19,923.42,1,0,0,0,0,0,0,0.38,0,0.20,4.80,0.55,0.44,0.20,D,0.00,12.00,12.00,12.00,1.23,^,22.55,,14.40,12.00,504,0.01,45.0,0,0,0.00,0.00,0.00,12.00,0.38,1.00,0,0,0.00,0
2026-04-25 14:24:20,924.43,1,0,0,0,0,0,0,0.39,0,0.20,4.80,0.55,0.00,0.20,D,0.00,12.00,12.00,12.00,0.62,^,23.30,,15.50,12.00,504,1.02,45.5,0,0,0.00,0.00,0.00,12.00,0.39,1.00,0,0,0.00,0
2026-04-25 14:24:21,925.45,1,0,0,0,0,0,0,-0.12,0,1.00,4.80,0.55,0.03,0.65,D,0.00,12.00,12.00,12.00,0.59,^,-7.31,,13.50,12.00,504,0.01,45.5,0,0,0.00,0.00,0.00,12.00,-0.12,1.00,0,0,0.00,0
2026-04-25 14:24:22,926.45,1,0,0,0,0,0,0,0.29,0,0.20,4.80,0.55,2.26,0.68,D,0.00,12.00,12.00,12.00,0.93,^,17.39,,14.20,12.00,504,0.00,45.0,0,0,0.00,0.00,0.00,12.00,0.29,1.00,0,0,0.00,0
2026-04-25 14:24:23,927.47,1,0,0,0,0,0,0,0.03,0,1.00,4.80,0.55,2.85,1.00,D,0.00,12.00,12.00,12.00,1.23,^,1.87,,16.50,12.00,504,0.00,45.0,0,0,0.00,0.00,0.00,12.00,0.03,1.00,0,0,0.00,0
2026-04-25 14:24:24,928.47,0,0,0,0,0,0,0,0.00,0,0.20,4.80,0.55,2.61,0.68,D,0.00,3.07,12.00,12.00,1.77,^,0.00,,16.10,12.00,504,0.00,45.0,0,0,0.00,0.00,0.00,3.07,0.00,0.00,0,0,0.00,0
2026-04-25 14:24:25,929.48,0,0,0,0,0,0,0,0.68,0,0.20,4.80,0.55,1.07,0.20,D,0.00,12.00,12.00,12.00,1.47,^,0.00,,14.20,12.00,504,0.00,44.4,0,0,0.00,0.00,0.00,12.00,0.00,0.00,0,0,0.00,0
2026-04-25 14:24:26,930.59,0,0,0,0,0,0,0,0.00,0,0.20,4.80,0.55,0.00,0.20,D,0.00,12.00,12.00,12.00,0.91,^,0.00,,13.50,12.00,504,0.65,45.5,0,0,0.00,0.00,0.00,12.00,0.00,0.00,0,0,0.00,0
2026-04-25 14:24:27,931.51,1,0,0,0,0,0,0,0.57,0,0.20,4.80,0.55,0.00,0.20,D,0.00,12.00,12.00,12.00,0.91,^,34.12,,12.90,12.00,504,1.57,43.9,0,0,0.00,0.00,0.00,12.00,0.57,1.00,0,0,0.00,0
2026-04-25 14:24:28,932.52,1,0,0,0,0,0,0,0.56,0,0.20,4.80,0.55,0.00,0.20,D,0.00,12.00,12.00,12.00,0.93,^,33.75,,11.50,12.00,504,2.58,45.0,0,0,0.00,0.00,0.00,12.00,0.56,1.00,0,0,0.00,0
2026-04-25 14:24:29,933.53,1,0,0,0,0,0,0,0.55,0,0.20,4.80,0.55,0.00,0.20,D,0.00,12.00,12.00,12.00,0.92,^,33.05,,14.40,12.00,504,3.59,45.0,0,0,0.00,0.00,0.00,12.00,0.55,1.00,0,0,0.00,0
2026-04-25 14:24:30,934.54,1,0,0,0,0,0,0,0.55,0,0.20,4.80,0.55,0.00,0.20,D,0.00,12.00,12.00,12.00,0.62,^,33.04,,13.70,12.00,504,4.60,45.5,0,0,0.00,0.00,0.00,12.00,0.55,1.00,0,0,0.00,0
2026-04-25 14:24:31,935.55,1,0,0,0,0,0,0,-0.10,0,1.00,4.80,0.55,0.00,0.43,D,0.00,12.00,0.65,12.00,0.39,^,-5.86,,13.40,12.00,504,5.61,45.5,0,0,0.00,0.00,0.00,12.00,-0.10,1.00,0,0,0.00,0
2026-04-25 14:24:32,936.56,1,0,0,0,0,0,0,0.12,0,1.00,4.80,0.55,1.39,0.94,D,0.00,12.00,0.66,12.00,0.54,^,7.05,,15.80,12.00,504,0.00,45.0,0,0,0.00,0.00,0.00,12.00,0.12,1.00,0,0,0.00,0
2026-04-25 14:24:33,937.57,1,0,0,0,0,0,0,-0.06,0,1.00,4.80,0.55,2.84,1.00,D,0.00,12.00,2.54,12.00,1.02,^,-3.80,,16.20,12.00,504,0.00,43.9,0,0,0.00,0.00,0.00,12.00,-0.06,1.00,0,0,0.00,0
2026-04-25 14:24:34,938.59,1,0,0,0,0,0,0,0.30,0,0.20,4.80,0.56,3.51,0.98,D,0.00,12.00,2.13,12.00,1.37,^,18.21,,15.90,12.00,504,0.00,44.4,0,0,0.00,0.00,0.00,12.00,0.30,1.00,0,0,0.00,0
2026-04-25 14:24:35,939.60,1,0,0,0,0,0,0,-0.03,0,1.00,4.80,0.56,2.68,0.94,D,0.00,12.00,12.00,12.00,1.63,^,-1.95,,16.00,12.00,504,0.00,45.0,0,0,0.00,0.00,0.00,12.00,-0.03,1.00,0,0,0.00,0
2026-04-25 14:24:36,940.71,1,0,0,0,0,0,0,0.06,0,1.00,4.80,0.56,3.53,1.00,D,0.00,12.00,12.00,12.00,1.58,^,3.84,,15.80,12.00,504,0.00,45.0,0,0,0.00,0.00,0.00,12.00,0.06,1.00,0,0,0.00,0
2026-04-25 14:24:37,941.61,1,0,0,0,0,0,0,0.03,0,1.00,4.80,0.56,3.60,1.00,D,0.00,12.00,12.00,12.00,1.69,^,1.54,,16.60,12.00,504,0.00,45.0,0,0,0.00,0.00,0.00,12.00,0.03,1.00,0,0,0.00,0
2026-04-25 14:24:38,942.62,1,0,0,0,0,0,0,-0.00,0,1.00,4.80,0.57,3.62,1.00,D,0.00,12.00,12.00,12.00,1.73,^,-0.28,,17.50,12.00,504,0.00,43.3,0,0,0.00,0.00,0.00,12.00,-0.00,1.00,0,0,0.00,0
2026-04-25 14:24:39,943.63,1,0,0,0,0,0,0,0.08,0,1.00,4.80,0.57,3.61,1.00,D,0.00,12.00,12.00,12.00,1.81,^,4.86,,14.90,12.00,504,0.00,45.5,0,0,0.00,0.00,0.00,12.00,0.08,1.00,0,0,0.00,0
2026-04-25 14:24:40,944.64,1,0,0,0,0,0,0,0.06,0,1.00,4.80,0.57,3.63,1.00,D,0.00,12.00,12.00,12.00,1.94,^,3.85,,15.50,12.00,504,0.00,44.4,0,0,0.00,0.00,0.00,12.00,0.06,1.00,0,0,0.00,0
2026-04-25 14:24:41,945.66,1,0,0,0,0,0,0,0.16,0,1.00,4.80,0.58,3.63,1.00,D,0.00,12.00,2.40,12.00,1.92,^,9.71,,16.80,12.00,504,0.00,45.0,0,0,0.00,0.00,0.00,12.00,0.16,1.00,0,0,0.00,0
2026-04-25 14:24:42,946.67,1,0,0,0,0,0,0,-0.31,0,0.20,4.80,0.58,3.57,0.88,D,0.00,12.00,1.96,12.00,1.22,^,-18.67,,17.60,12.00,504,0.00,45.5,0,0,0.00,0.00,0.00,12.00,-0.31,1.00,0,0,0.00,0
2026-04-25 14:24:43,947.68,1,0,0,0,0,0,0,0.19,0,1.00,4.80,0.58,3.41,1.00,D,0.00,12.00,1.77,12.00,0.62,^,11.62,,14.50,12.00,504,0.00,44.4,0,0,0.00,0.00,0.00,12.00,0.19,1.00,0,0,0.00,0
2026-04-25 14:24:44,948.70,1,0,0,0,0,0,0,0.42,0,0.20,4.80,0.59,2.94,0.79,D,0.00,12.00,12.00,12.00,1.02,^,25.16,,17.90,12.00,504,0.00,45.5,0,0,0.00,0.00,0.00,12.00,0.42,1.00,0,0,0.00,0
2026-04-25 14:24:45,949.71,1,0,0,0,0,0,0,0.10,0,1.00,4.80,0.59,2.88,1.00,D,0.00,12.00,12.00,12.00,1.07,^,6.18,,16.90,12.00,504,0.00,43.9,0,0,0.00,0.00,0.00,12.00,0.10,1.00,0,0,0.00,0
2026-04-25 14:24:46,950.72,1,0,0,0,0,0,0,0.33,0,0.20,4.80,0.59,3.53,0.95,D,0.00,12.00,12.00,12.00,1.27,^,19.62,,17.00,12.00,504,0.00,43.9,0,0,0.00,0.00,0.00,12.00,0.33,1.00,0,0,0.00,0
2026-04-25 14:24:47,951.73,1,0,0,0,0,0,0,-0.03,0,1.00,4.80,0.59,3.18,1.00,D,0.00,12.00,12.00,12.00,1.41,^,-1.60,,18.40,12.00,504,0.00,43.9,0,0,0.00,0.00,0.00,12.00,-0.03,1.00,0,0,0.00,0
2026-04-25 14:24:48,952.73,1,0,0,0,0,0,0,0.14,0,1.00,4.80,0.60,2.79,0.85,D,0.00,12.00,12.00,12.00,1.50,^,8.56,,16.00,12.00,504,0.00,45.0,0,0,0.00,0.00,0.00,12.00,0.14,1.00,0,0,0.00,0
2026-04-25 14:24:49,953.74,1,0,0,0,0,0,0,0.19,0,1.00,4.80,0.60,3.35,1.00,D,0.00,12.00,12.00,12.00,1.40,^,11.44,,13.70,12.00,504,0.00,45.0,0,0,0.00,0.00,0.00,12.00,0.19,1.00,0,0,0.00,0
2026-04-25 14:24:50,954.75,1,0,0,0,0,0,0,-0.05,0,1.00,4.80,0.60,2.89,1.00,D,0.00,12.00,12.00,12.00,1.44,^,-2.73,,14.60,12.00,504,0.00,46.6,0,0,0.00,0.00,0.00,12.00,-0.05,1.00,0,0,0.00,0
2026-04-25 14:24:51,955.76,1,0,0,0,0,0,0,0.42,0,0.20,4.80,0.61,3.61,0.86,D,0.00,12.00,3.13,12.00,1.50,^,24.93,,14.10,12.00,504,0.00,45.0,0,0,0.00,0.00,0.00,12.00,0.42,1.00,0,0,0.00,0
2026-04-25 14:24:52,956.78,1,0,0,0,0,0,0,-0.13,0,1.00,4.80,0.61,3.38,1.00,D,0.00,12.00,12.00,12.00,1.40,^,-8.00,,13.00,12.00,504,0.00,47.2,0,0,0.00,0.00,0.00,12.00,-0.13,1.00,0,0,0.00,0
2026-04-25 14:24:53,957.78,1,0,0,0,0,0,0,0.03,0,1.00,4.80,0.61,3.53,1.00,D,0.00,12.00,12.00,12.00,1.44,^,1.70,,17.10,12.00,504,0.00,46.6,0,0,0.00,0.00,0.00,12.00,0.03,1.00,0,0,0.00,0
2026-04-25 14:24:54,958.89,1,0,0,0,0,0,0,-0.03,0,1.00,4.80,0.61,3.54,1.00,D,0.00,12.00,12.00,12.00,1.57,^,-2.04,,16.70,12.00,504,0.00,46.1,0,0,0.00,0.00,0.00,12.00,-0.03,1.00,0,0,0.00,0
2026-04-25 14:24:55,959.79,1,0,0,0,0,0,0,0.31,0,0.20,4.80,0.62,3.14,0.71,D,0.00,12.00,12.00,12.00,1.66,^,18.76,,15.50,12.00,504,0.00,45.0,0,0,0.00,0.00,0.00,12.00,0.31,1.00,0,0,0.00,0
2026-04-25 14:24:56,960.81,1,0,0,0,0,0,0,0.05,0,1.00,4.80,0.62,2.91,1.00,D,0.00,12.00,12.00,12.00,1.50,^,2.95,,16.70,12.00,504,0.00,46.1,0,0,0.00,0.00,0.00,12.00,0.05,1.00,0,0,0.00,0
2026-04-25 14:24:57,961.82,1,0,0,0,0,0,0,0.09,0,1.00,4.80,0.62,3.53,1.00,D,0.00,12.00,12.00,12.00,1.64,^,5.58,,15.90,12.00,504,0.00,45.5,0,0,0.00,0.00,0.00,12.00,0.09,1.00,0,0,0.00,0
2026-04-25 14:24:58,962.83,1,0,0,0,0,0,0,0.01,0,1.00,4.80,0.63,3.59,1.00,D,0.00,12.00,12.00,12.00,1.75,^,0.38,,15.90,12.00,504,0.00,44.4,0,0,0.00,0.00,0.00,12.00,0.01,1.00,0,0,0.00,0
2026-04-25 14:24:59,963.84,1,0,0,0,0,0,0,0.18,0,1.00,4.80,0.63,3.59,1.00,D,0.00,2.03,1.95,12.00,1.87,WARN_WARNING,10.97,,17.00,12.00,504,0.00,46.1,0,0,0.00,0.00,0.00,2.03,0.18,1.00,0,0,0.00,0
2026-04-25 14:25:00,964.86,1,0,0,0,0,0,0,0.01,0,1.00,4.80,0.63,3.62,1.00,D,0.00,12.00,1.07,12.00,1.34,^,0.89,,18.00,12.00,504,0.00,45.5,0,0,0.00,0.00,0.00,12.00,0.01,1.00,0,0,0.00,0
2026-04-25 14:25:01,965.87,1,0,0,0,0,0,0,-0.09,0,1.00,4.80,0.64,3.59,1.00,D,0.00,12.00,2.15,12.00,1.53,^,-5.55,,17.30,12.00,504,0.00,45.5,0,0,0.00,0.00,0.00,12.00,-0.09,1.00,0,0,0.00,0
2026-04-25 14:25:02,966.88,1,0,0,0,0,0,0,0.21,0,1.00,4.80,0.64,3.51,1.00,D,0.00,12.00,2.02,12.00,2.11,^,12.59,,17.80,12.00,504,0.00,45.5,0,0,0.00,0.00,0.00,12.00,0.21,1.00,0,0,0.00,0
2026-04-25 14:25:03,967.90,1,0,0,0,0,0,0,0.19,0,1.00,4.80,0.64,3.48,1.00,D,0.00,12.00,12.00,12.00,2.17,^,11.37,,17.60,12.00,504,0.00,45.5,0,0,0.00,0.00,0.00,12.00,0.19,1.00,0,0,0.00,0
2026-04-25 14:25:04,968.91,0,0,0,0,0,0,0,0.00,0,0.20,4.80,0.64,3.26,0.78,D,0.00,12.00,12.00,12.00,2.04,^,0.00,,17.10,12.00,504,0.00,45.5,0,0,0.00,0.00,0.00,12.00,0.00,0.00,0,0,0.00,0
2026-04-25 14:25:05,969.92,0,0,0,0,0,0,0,0.00,0,0.20,4.80,0.65,1.67,0.20,D,0.00,12.00,12.00,12.00,1.67,^,0.00,,16.60,12.00,504,0.00,45.0,0,0,0.00,0.00,0.00,12.00,0.00,0.00,0,0,0.00,0
2026-04-25 14:25:06,970.94,1,0,0,0,0,0,0,0.36,0,0.20,4.80,0.65,0.02,0.20,D,0.00,12.00,12.00,12.00,0.97,^,21.50,,14.80,12.00,504,0.28,45.0,0,0,0.00,0.00,0.00,12.00,0.36,1.00,0,0,0.00,0
2026-04-25 14:25:07,971.95,1,0,0,0,0,0,0,0.33,0,0.20,4.80,0.65,0.00,0.20,D,0.00,12.00,12.00,12.00,0.60,^,19.91,,14.30,12.00,504,1.30,43.9,0,0,0.00,0.00,0.00,12.00,0.33,1.00,0,0,0.00,0
2026-04-25 14:25:08,972.97,0,0,0,0,0,0,0,0.00,0,1.00,4.80,0.65,0.00,0.24,D,0.00,12.00,12.00,12.00,0.53,^,0.00,,14.00,12.00,504,2.31,43.9,0,0,0.00,0.00,0.00,12.00,0.00,0.00,0,0,0.00,0
2026-04-25 14:25:09,973.98,0,0,0,0,0,0,0,0.00,0,0.00,4.80,0.64,0.00,0.00,D,0.00,12.00,12.00,12.00,0.33,^,0.00,,15.20,12.00,504,3.32,46.1,0,0,0.00,0.00,0.00,12.00,0.00,0.00,0,0,0.00,0
2026-04-25 14:25:11,974.99,1,0,0,0,0,0,0,0.11,0,1.00,4.80,0.64,0.02,0.51,D,0.00,12.00,0.40,12.00,0.36,^,6.75,,13.30,12.00,504,0.04,43.9,0,0,0.00,0.00,0.00,12.00,0.11,1.00,0,0,0.00,0
2026-04-25 14:25:12,976.01,1,0,0,0,0,0,0,0.22,0,1.00,4.80,0.64,1.95,1.00,D,0.00,12.00,12.00,12.00,0.50,^,13.40,,15.70,12.00,504,0.00,45.0,0,0,0.00,0.00,0.00,12.00,0.22,1.00,0,0,0.00,0
2026-04-25 14:25:13,977.01,1,0,0,0,0,0,0,-0.23,0,1.00,4.80,0.65,3.44,0.98,D,0.00,12.00,12.00,12.00,1.10,^,-13.99,,16.70,12.00,504,0.00,44.4,0,0,0.00,0.00,0.00,12.00,-0.23,1.00,0,0,0.00,0
2026-04-25 14:25:14,978.02,1,0,0,0,0,0,0,0.47,0,0.20,4.80,0.65,3.14,0.81,D,0.00,12.00,12.00,12.00,1.27,^,28.11,,17.20,12.00,504,0.00,43.9,0,0,0.00,0.00,0.00,12.00,0.47,1.00,0,0,0.00,0
2026-04-25 14:25:15,979.03,1,0,0,0,0,0,0,-0.02,0,1.00,4.80,0.65,1.61,0.68,D,0.00,12.00,12.00,12.00,1.13,^,-1.11,,15.00,12.00,504,0.00,43.9,0,0,0.00,0.00,0.00,12.00,-0.02,1.00,0,0,0.00,0
2026-04-25 14:25:16,980.04,1,0,0,0,0,0,0,0.12,0,1.00,4.80,0.65,3.09,1.00,D,0.00,12.00,12.00,12.00,1.02,^,7.21,,16.70,12.00,504,0.00,45.0,0,0,0.00,0.00,0.00,12.00,0.12,1.00,0,0,0.00,0
2026-04-25 14:25:17,981.16,1,0,0,0,0,0,0,0.08,0,1.00,4.80,0.66,3.58,1.00,D,0.00,12.00,12.00,12.00,1.37,^,4.55,,16.60,12.00,504,0.00,43.3,0,0,0.00,0.00,0.00,12.00,0.08,1.00,0,0,0.00,0
2026-04-25 14:25:18,982.06,0,0,0,0,0,0,0,0.84,0,1.00,4.80,0.66,3.31,1.00,D,0.00,2.26,2.21,12.00,1.43,^,0.00,,15.20,12.00,504,0.00,46.1,0,0,0.00,0.00,0.00,2.26,0.00,0.00,0,0,0.00,0
2026-04-25 14:25:19,983.07,0,0,0,0,0,0,0,0.00,0,1.00,4.80,0.66,3.54,1.00,D,0.00,1.68,1.43,12.00,1.68,WARN_WARNING,0.00,,14.20,12.00,504,0.00,45.5,0,0,0.00,0.00,0.00,1.68,0.00,0.00,0,0,0.00,0
2026-04-25 14:25:20,984.08,1,0,0,0,0,0,0,0.16,0,1.00,4.80,0.66,3.20,1.00,D,0.00,12.00,12.00,12.00,1.73,^,9.81,,13.70,12.00,504,0.00,46.1,0,0,0.00,0.00,0.00,12.00,0.16,1.00,0,0,0.00,0
2026-04-25 14:25:21,985.08,1,0,0,0,0,0,0,0.22,0,1.00,4.80,0.67,3.57,1.00,D,0.00,12.00,12.00,12.00,1.75,^,13.13,,14.30,11.90,504,0.00,45.5,0,0,0.00,0.00,0.00,12.00,0.22,1.00,0,0,0.00,0
2026-04-25 14:25:22,986.09,1,0,0,0,0,0,0,0.05,0,1.00,4.80,0.67,3.53,1.00,D,0.00,12.00,12.00,12.00,1.74,^,3.25,,15.10,11.90,504,0.00,47.2,0,0,0.00,0.00,0.00,12.00,0.05,1.00,0,0,0.00,0
2026-04-25 14:25:23,987.11,1,0,0,0,0,0,0,0.03,0,1.00,4.80,0.67,3.04,0.86,D,0.00,12.00,3.70,12.00,1.61,^,2.04,,15.30,12.00,504,0.00,46.1,0,0,0.00,0.00,0.00,12.00,0.03,1.00,0,0,0.00,0
2026-04-25 14:25:24,988.12,1,0,0,0,0,0,0,0.02,0,1.00,4.80,0.67,3.44,1.00,D,0.00,12.00,2.64,12.00,1.55,^,0.96,,14.90,11.90,504,0.00,46.1,0,0,0.00,0.00,0.00,12.00,0.02,1.00,0,0,0.00,0
2026-04-25 14:25:25,989.13,1,0,0,0,0,0,0,0.01,0,1.00,4.80,0.68,3.48,1.00,D,0.00,12.00,1.67,12.00,1.69,^,0.38,,17.30,12.00,504,0.00,45.0,0,0,0.00,0.00,0.00,12.00,0.01,1.00,0,0,0.00,0
2026-04-25 14:25:26,990.14,1,0,0,0,0,0,0,0.40,0,0.20,4.80,0.68,3.35,0.67,D,0.00,12.00,1.21,12.00,1.19,^,24.00,,16.50,12.00,504,0.00,44.4,0,0,0.00,0.00,0.00,12.00,0.40,1.00,0,0,0.00,0
2026-04-25 14:25:27,991.16,1,0,0,0,0,0,0,0.02,0,1.00,4.80,0.68,2.32,0.97,D,0.00,12.00,12.00,12.00,1.23,^,0.92,,15.80,11.90,504,0.00,43.9,0,0,0.00,0.00,0.00,12.00,0.02,1.00,0,0,0.00,0
2026-04-25 14:25:28,992.17,1,0,0,0,0,0,0,0.02,0,1.00,4.80,0.68,3.53,1.00,D,0.00,12.00,12.00,12.00,1.29,^,1.30,,16.90,12.00,504,0.00,44.4,0,0,0.00,0.00,0.00,12.00,0.02,1.00,0,0,0.00,0
2026-04-25 14:25:29,993.18,1,0,0,0,0,0,0,0.13,0,1.00,4.80,0.69,3.61,1.00,D,0.00,12.00,12.00,1.00,0.98,^,7.63,,16.00,11.90,504,0.00,45.5,0,0,0.00,0.00,0.00,12.00,0.13,1.00,0,0,0.00,0
2026-04-25 14:25:30,994.20,1,0,0,0,0,0,0,0.16,0,1.00,4.80,0.69,3.64,1.00,D,0.00,12.00,12.00,1.15,1.15,^,9.54,,17.20,11.90,504,0.00,43.9,0,0,0.00,0.00,0.00,12.00,0.16,1.00,0,0,0.00,0
2026-04-25 14:25:31,995.21,1,0,0,0,0,0,0,0.14,0,1.00,4.80,0.69,3.58,1.00,D,0.00,12.00,3.13,0.98,1.16,^,8.52,,16.10,11.90,504,0.00,44.4,0,0,0.00,0.00,0.00,12.00,0.14,1.00,0,0,0.00,0
2026-04-25 14:25:32,996.22,1,0,0,0,0,0,0,-0.06,0,1.00,4.80,0.70,3.54,1.00,D,0.00,12.00,12.00,12.00,1.07,^,-3.86,,16.10,12.00,504,0.00,45.5,0,0,0.00,0.00,0.00,12.00,-0.06,1.00,0,0,0.00,0
2026-04-25 14:25:33,997.24,1,0,0,0,0,0,0,0.17,0,1.00,4.80,0.70,3.58,1.00,D,0.00,12.00,12.00,12.00,1.60,^,10.18,,16.20,12.00,504,0.00,43.9,0,0,0.00,0.00,0.00,12.00,0.17,1.00,0,0,0.00,0
2026-04-25 14:25:34,998.25,1,0,0,0,0,0,0,-0.01,0,1.00,4.80,0.70,3.54,1.00,D,0.00,12.00,12.00,12.00,1.67,^,-0.31,,15.60,12.00,504,0.00,45.0,0,0,0.00,0.00,0.00,12.00,-0.01,1.00,0,0,0.00,0
2026-04-25 14:25:35,999.26,1,0,0,0,0,0,0,0.13,0,1.00,4.80,0.71,3.51,1.00,D,0.00,2.61,2.97,12.00,1.73,^,7.60,,17.40,12.00,504,0.00,45.5,0,0,0.00,0.00,0.00,2.61,0.13,1.00,0,0,0.00,0
2026-04-25 14:25:36,1000.27,1,0,0,0,0,0,0,0.11,0,1.00,4.80,0.71,3.57,1.00,D,0.00,1.77,1.41,12.00,1.72,WARN_WARNING,6.51,,16.30,12.00,504,0.00,45.0,0,0,0.00,0.00,0.00,1.77,0.11,1.00,0,0,0.00,0
2026-04-25 14:25:37,1001.28,1,0,0,0,0,0,0,0.05,0,1.00,4.80,0.71,3.51,1.00,D,0.00,12.00,1.14,12.00,1.05,^,2.85,,12.90,12.00,504,0.00,45.0,0,0,0.00,0.00,0.00,12.00,0.05,1.00,0,0,0.00,0
2026-04-25 14:25:38,1002.29,1,0,0,0,0,0,0,0.01,0,1.00,4.80,0.71,3.53,1.00,D,0.00,12.00,1.84,12.00,1.76,^,0.53,,15.90,12.00,504,0.00,46.6,0,0,0.00,0.00,0.00,12.00,0.01,1.00,0,0,0.00,0
2026-04-25 14:25:39,1003.30,1,0,0,0,0,0,0,0.06,0,1.00,4.80,0.72,3.49,1.00,D,0.00,12.00,2.03,12.00,1.65,^,3.82,,13.80,12.00,504,0.00,45.5,0,0,0.00,0.00,0.00,12.00,0.06,1.00,0,0,0.00,0
2026-04-25 14:25:40,1004.30,1,0,0,0,0,0,0,-0.10,0,1.00,4.80,0.72,3.47,1.00,D,0.00,12.00,12.00,12.00,1.64,^,-6.17,,14.90,12.00,504,0.00,46.6,0,0,0.00,0.00,0.00,12.00,-0.10,1.00,0,0,0.00,0
2026-04-25 14:25:41,1005.31,1,0,0,0,0,0,0,-0.04,0,1.00,4.80,0.72,3.34,1.00,D,0.00,12.00,12.00,12.00,1.56,^,-2.46,,14.90,12.00,504,0.00,46.6,0,0,0.00,0.00,0.00,12.00,-0.04,1.00,0,0,0.00,0
2026-04-25 14:25:42,1006.33,1,0,0,0,0,0,0,0.11,0,1.00,4.80,0.72,3.02,0.91,D,0.00,12.00,12.00,12.00,1.49,^,6.42,,15.40,12.00,504,0.00,45.5,0,0,0.00,0.00,0.00,12.00,0.11,1.00,0,0,0.00,0
2026-04-25 14:25:43,1007.44,1,0,0,0,0,0,0,-0.14,0,1.00,4.80,0.73,3.43,1.00,D,0.00,12.00,12.00,12.00,1.45,^,-8.10,,14.40,12.00,504,0.00,46.6,0,0,0.00,0.00,0.00,12.00,-0.14,1.00,0,0,0.00,0
2026-04-25 14:25:44,1008.34,1,0,0,0,0,0,0,0.26,0,0.20,4.80,0.73,2.70,0.89,D,0.00,12.00,12.00,12.00,1.46,^,15.61,,14.20,12.00,504,0.00,47.2,0,0,0.00,0.00,0.00,12.00,0.26,1.00,0,0,0.00,0
2026-04-25 14:25:45,1009.35,1,0,0,0,0,0,0,0.11,0,1.00,4.80,0.73,2.18,0.76,D,0.00,12.00,12.00,12.00,1.22,^,6.71,,12.50,12.00,504,0.00,46.6,0,0,0.00,0.00,0.00,12.00,0.11,1.00,0,0,0.00,0
2026-04-25 14:25:46,1010.37,1,0,0,0,0,0,0,0.01,0,1.00,4.80,0.73,3.18,1.00,D,0.00,12.00,2.63,12.00,1.26,^,0.38,,13.80,12.00,504,0.00,47.2,0,0,0.00,0.00,0.00,12.00,0.01,1.00,0,0,0.00,0
2026-04-25 14:25:47,1011.38,1,0,0,0,0,0,0,-0.04,0,1.00,4.80,0.74,3.51,1.00,D,0.00,12.00,2.10,12.00,1.40,^,-2.27,,17.70,12.00,504,0.00,45.5,0,0,0.00,0.00,0.00,12.00,-0.04,1.00,0,0,0.00,0
2026-04-25 14:25:48,1012.38,1,0,0,0,0,0,0,-0.11,0,1.00,4.80,0.74,3.47,1.00,D,0.00,12.00,12.00,12.00,1.64,^,-6.90,,15.70,12.00,504,0.00,45.0,0,0,0.00,0.00,0.00,12.00,-0.11,1.00,0,0,0.00,0
2026-04-25 14:25:49,1013.39,1,0,0,0,0,0,0,-0.06,0,1.00,4.80,0.74,3.04,0.97,D,0.00,3.30,1.68,3.31,1.28,^,-3.37,,20.40,12.00,504,0.00,45.5,0,0,0.00,0.00,0.00,3.30,-0.06,1.00,0,0,0.00,0
2026-04-25 14:25:50,1014.51,1,0,0,0,0,0,0,-0.08,0,1.00,4.80,0.74,3.12,1.00,D,0.00,12.00,1.30,2.23,0.86,^,-4.94,,16.80,12.00,504,0.00,46.1,0,0,0.00,0.00,0.00,12.00,-0.08,1.00,0,0,0.00,0
2026-04-25 14:25:51,1015.41,1,0,0,0,0,0,0,0.84,0,0.20,4.80,0.75,3.33,0.75,D,0.00,1.89,1.97,1.68,1.28,WARN_WARNING,50.36,,16.00,12.00,504,0.00,46.1,0,0,0.00,0.00,0.00,1.89,0.84,1.00,0,0,0.00,0
2026-04-25 14:25:52,1016.42,1,0,0,0,0,0,0,0.08,0,1.00,4.80,0.75,1.81,0.69,D,0.00,2.52,12.00,1.26,1.09,^,5.00,,16.50,12.00,504,0.00,44.4,0,0,0.00,0.00,0.00,2.52,0.08,1.00,0,0,0.00,0
2026-04-25 14:25:53,1017.43,1,0,0,0,0,0,0,-0.19,0,1.00,4.80,0.75,2.21,0.80,D,0.00,1.69,12.00,12.00,1.06,^,-11.61,,16.80,12.00,504,0.00,44.4,0,0,0.00,0.00,0.00,1.69,-0.19,1.00,0,0,0.00,0
2026-04-25 14:25:54,1018.44,1,0,0,0,0,0,0,-0.10,0,1.00,4.80,0.75,2.23,0.08,D,0.00,12.00,12.00,0.70,1.50,^,-5.73,,16.70,12.10,504,0.00,45.5,0,0,0.00,0.00,0.00,12.00,-0.10,1.00,0,0,0.00,0
2026-04-25 14:25:55,1019.44,1,0,0,0,0,0,0,-0.03,0,1.00,4.80,0.75,0.33,0.58,D,0.00,12.00,12.00,0.54,0.54,^,-1.51,,15.20,12.10,504,0.01,43.9,0,0,0.00,0.00,0.00,12.00,-0.03,1.00,0,0,0.00,0
2026-04-25 14:25:56,1020.46,1,0,0,0,0,0,0,0.03,0,1.00,4.80,0.75,2.12,1.00,D,0.00,12.00,12.00,12.00,0.68,^,1.96,,16.70,12.10,504,0.00,45.0,0,0,0.00,0.00,0.00,12.00,0.03,1.00,0,0,0.00,0
2026-04-25 14:25:57,1021.47,1,0,0,0,0,0,0,0.25,0,1.00,4.80,0.75,3.45,1.00,D,0.00,12.00,12.00,12.00,1.62,^,14.82,,18.20,12.00,504,0.00,47.7,0,0,0.00,0.00,0.00,12.00,0.25,1.00,0,0,0.00,0
2026-04-25 14:25:58,1022.49,1,0,0,0,0,0,0,0.34,0,0.20,4.80,0.76,2.56,0.87,D,0.00,12.00,12.00,12.00,1.52,^,20.54,,14.10,12.10,504,0.00,46.6,0,0,0.00,0.00,0.00,12.00,0.34,1.00,0,0,0.00,0
2026-04-25 14:25:59,1023.50,1,0,0,0,0,0,0,0.10,0,1.00,4.80,0.76,2.67,1.00,D,0.00,12.00,12.00,12.00,1.29,^,6.20,,13.20,12.10,504,0.00,46.6,0,0,0.00,0.00,0.00,12.00,0.10,1.00,0,0,0.00,0
2026-04-25 14:26:00,1024.50,1,0,0,0,0,0,0,-0.15,0,1.00,4.80,0.76,3.41,1.00,D,0.00,12.00,12.00,12.00,1.81,^,-9.16,,13.10,12.00,504,0.00,46.1,0,0,0.00,0.00,0.00,12.00,-0.15,1.00,0,0,0.00,0
2026-04-25 14:26:01,1025.61,1,0,0,0,0,0,0,-0.04,0,1.00,4.80,0.76,3.35,1.00,D,0.00,12.00,2.34,12.00,2.09,^,-2.11,,15.30,12.00,504,0.00,47.2,0,0,0.00,0.00,0.00,12.00,-0.04,1.00,0,0,0.00,0
2026-04-25 14:26:02,1026.51,1,0,0,0,0,0,0,0.06,0,1.00,4.80,0.77,3.43,1.00,D,0.00,12.00,12.00,12.00,2.08,^,3.56,,17.30,12.10,504,0.00,47.7,0,0,0.00,0.00,0.00,12.00,0.06,1.00,0,0,0.00,0
2026-04-25 14:26:03,1027.62,1,0,0,0,0,0,0,0.03,0,1.00,4.80,0.77,3.53,1.00,D,0.00,12.00,12.00,12.00,2.05,^,1.70,,14.90,12.00,504,0.00,46.1,0,0,0.00,0.00,0.00,12.00,0.03,1.00,0,0,0.00,0
2026-04-25 14:26:04,1028.53,1,0,0,0,0,0,0,-0.06,0,1.00,4.80,0.77,3.51,1.00,D,0.00,12.00,6.32,12.00,1.95,^,-3.55,,14.90,12.00,504,0.00,46.1,0,0,0.00,0.00,0.00,12.00,-0.06,1.00,0,0,0.00,0
2026-04-25 14:26:05,1029.64,1,0,0,0,0,0,0,0.09,0,1.00,4.80,0.77,3.36,1.00,D,0.00,12.00,12.00,12.00,1.79,^,5.28,,16.60,12.00,504,0.00,47.2,0,0,0.00,0.00,0.00,12.00,0.09,1.00,0,0,0.00,0
2026-04-25 14:26:06,1030.54,1,0,0,0,0,0,0,0.05,0,1.00,4.80,0.78,3.32,1.00,D,0.00,12.00,12.00,12.00,1.58,^,3.15,,14.70,12.00,504,0.00,47.7,0,0,0.00,0.00,0.00,12.00,0.05,1.00,0,0,0.00,0
2026-04-25 14:26:07,1031.56,1,0,0,0,0,0,0,0.19,0,1.00,4.80,0.78,3.44,1.00,D,0.00,12.00,7.24,12.00,1.55,^,11.39,,15.50,12.00,504,0.00,47.2,0,0,0.00,0.00,0.00,12.00,0.19,1.00,0,0,0.00,0
2026-04-25 14:26:08,1032.57,1,0,0,0,0,0,0,-0.15,0,1.00,4.80,0.78,2.57,0.97,D,0.00,12.00,2.29,12.00,1.37,^,-8.85,,17.10,12.00,504,0.00,47.7,0,0,0.00,0.00,0.00,12.00,-0.15,1.00,0,0,0.00,0
2026-04-25 14:26:09,1033.58,1,0,0,0,0,0,0,0.03,0,1.00,4.80,0.78,3.39,1.00,D,0.00,2.47,1.72,12.00,1.61,^,1.71,,18.60,12.00,504,0.00,47.2,0,0,0.00,0.00,0.00,2.47,0.03,1.00,0,0,0.00,0
2026-04-25 14:26:10,1034.60,1,0,0,0,0,0,0,0.20,0,1.00,4.80,0.79,3.57,1.00,D,0.00,12.00,1.30,12.00,1.32,^,11.79,,13.10,12.00,504,0.00,47.7,0,0,0.00,0.00,0.00,12.00,0.20,1.00,0,0,0.00,0
2026-04-25 14:26:11,1035.61,1,0,0,0,0,0,0,0.13,0,1.00,4.80,0.79,3.61,1.00,D,0.00,12.00,1.79,12.00,1.42,^,7.96,,13.80,12.00,504,0.00,46.6,0,0,0.00,0.00,0.00,12.00,0.13,1.00,0,0,0.00,0
2026-04-25 14:26:12,1036.62,1,0,0,0,0,0,0,0.04,0,1.00,4.80,0.79,3.57,1.00,D,0.00,12.00,12.00,12.00,1.59,^,2.66,,13.60,12.00,504,0.00,47.2,0,0,0.00,0.00,0.00,12.00,0.04,1.00,0,0,0.00,0
2026-04-25 14:26:13,1037.73,1,0,0,0,0,0,0,-0.10,0,1.00,4.80,0.79,3.52,1.00,D,0.00,12.00,12.00,12.00,1.66,^,-5.86,,14.50,12.00,504,0.00,47.2,0,0,0.00,0.00,0.00,12.00,-0.10,1.00,0,0,0.00,0
2026-04-25 14:26:14,1038.63,1,0,0,0,0,0,0,-0.03,0,1.00,4.80,0.80,3.58,1.00,D,0.00,12.00,12.00,12.00,1.69,^,-2.10,,14.80,12.00,504,0.00,46.1,0,0,0.00,0.00,0.00,12.00,-0.03,1.00,0,0,0.00,0
2026-04-25 14:26:15,1039.65,1,0,0,0,0,0,0,0.25,0,1.00,4.80,0.80,3.65,1.00,D,0.00,12.00,12.00,12.00,1.67,^,14.95,,16.20,12.00,504,0.00,46.1,0,0,0.00,0.00,0.00,12.00,0.25,1.00,0,0,0.00,0
2026-04-25 14:26:16,1040.66,1,0,0,0,0,0,0,-0.08,0,1.00,4.80,0.80,3.60,1.00,D,0.00,12.00,12.00,12.00,1.50,^,-4.71,,16.10,12.00,504,0.00,46.6,0,0,0.00,0.00,0.00,12.00,-0.08,1.00,0,0,0.00,0
2026-04-25 14:26:17,1041.67,1,0,0,0,0,0,0,0.08,0,1.00,4.80,0.80,3.58,1.00,D,0.00,12.00,12.00,12.00,1.37,^,4.84,,18.30,12.00,504,0.00,47.7,0,0,0.00,0.00,0.00,12.00,0.08,1.00,0,0,0.00,0
2026-04-25 14:26:18,1042.69,1,0,0,0,0,0,0,0.26,0,0.20,4.80,0.81,3.56,0.97,D,0.00,12.00,12.00,12.00,1.22,^,15.31,,15.90,12.00,504,0.00,46.6,0,0,0.00,0.00,0.00,12.00,0.26,1.00,0,0,0.00,0
2026-04-25 14:26:19,1043.80,1,0,0,0,0,0,0,0.15,0,1.00,4.80,0.81,3.51,1.00,D,0.00,12.00,12.00,12.00,0.91,^,8.82,,15.10,12.00,504,0.00,45.5,0,0,0.00,0.00,0.00,12.00,0.15,1.00,0,0,0.00,0
2026-04-25 14:26:20,1044.70,1,0,0,0,0,0,0,-0.09,0,1.00,4.80,0.81,3.52,1.00,D,0.00,12.00,12.00,12.00,1.07,^,-5.15,,15.80,12.00,504,0.00,47.2,0,0,0.00,0.00,0.00,12.00,-0.09,1.00,0,0,0.00,0
2026-04-25 14:26:21,1045.71,1,0,0,0,0,0,0,0.10,0,1.00,4.80,0.81,3.63,1.00,D,0.00,12.00,1.99,12.00,1.33,^,6.05,,14.40,12.00,504,0.00,47.7,0,0,0.00,0.00,0.00,12.00,0.10,1.00,0,0,0.00,0
2026-04-25 14:26:22,1046.73,1,0,0,0,0,0,0,-0.09,0,1.00,4.80,0.82,3.54,1.00,D,0.00,12.00,12.00,12.00,1.58,^,-5.36,,13.00,12.00,504,0.00,47.2,0,0,0.00,0.00,0.00,12.00,-0.09,1.00,0,0,0.00,0
2026-04-25 14:26:23,1047.74,1,0,0,0,0,0,0,0.10,0,1.00,4.80,0.82,3.68,1.00,D,0.00,12.00,1.93,12.00,1.72,^,6.17,,15.00,12.00,504,0.00,45.5,0,0,0.00,0.00,0.00,12.00,0.10,1.00,0,0,0.00,0
2026-04-25 14:26:24,1048.76,1,0,0,0,0,0,0,0.09,0,1.00,4.80,0.82,3.59,1.00,D,0.00,12.00,1.20,12.00,1.86,^,5.67,,17.50,12.00,504,0.00,45.0,0,0,0.00,0.00,0.00,12.00,0.09,1.00,0,0,0.00,0
2026-04-25 14:26:25,1049.87,1,0,0,0,0,0,0,-0.02,0,1.00,4.80,0.83,3.79,1.00,D,0.00,12.00,12.00,12.00,1.95,^,-0.94,,16.20,12.00,504,0.00,46.6,0,0,0.00,0.00,0.00,12.00,-0.02,1.00,0,0,0.00,0
2026-04-25 14:26:26,1050.78,1,0,0,0,0,0,0,-0.06,0,1.00,4.80,0.83,2.99,0.86,D,0.00,12.00,12.00,12.00,2.31,^,-3.51,,17.00,12.00,504,0.00,46.6,0,0,0.00,0.00,0.00,12.00,-0.06,1.00,0,0,0.00,0
2026-04-25 14:26:27,1051.79,1,0,0,0,0,0,0,0.04,0,1.00,4.80,0.83,2.99,1.00,D,0.00,12.00,2.32,12.00,2.12,^,2.40,,18.10,12.00,504,0.00,46.1,0,0,0.00,0.00,0.00,12.00,0.04,1.00,0,0,0.00,0
2026-04-25 14:26:28,1052.80,1,0,0,0,0,0,0,0.23,0,1.00,4.80,0.83,3.58,0.86,D,0.00,12.00,1.66,12.00,2.17,^,14.04,,13.30,12.00,504,0.00,46.6,0,0,0.00,0.00,0.00,12.00,0.23,1.00,0,0,0.00,0
2026-04-25 14:26:29,1053.81,1,0,0,0,0,0,0,-0.06,0,1.00,4.80,0.84,3.74,1.00,D,0.00,12.00,12.00,12.00,2.25,^,-3.73,,15.40,12.00,504,0.00,47.7,0,0,0.00,0.00,0.00,12.00,-0.06,1.00,0,0,0.00,0
2026-04-25 14:26:30,1054.83,1,0,0,0,0,0,0,0.39,0,0.20,4.80,0.84,3.76,0.98,D,0.00,12.00,12.00,12.00,2.44,^,23.60,,13.70,12.00,504,0.00,46.1,0,0,0.00,0.00,0.00,12.00,0.39,1.00,0,0,0.00,0
2026-04-25 14:26:31,1055.84,1,0,0,0,0,0,0,-0.19,0,1.00,4.80,0.84,3.60,1.00,D,0.00,12.00,12.00,12.00,2.76,^,-11.67,,13.30,12.00,504,0.00,48.3,0,0,0.00,0.00,0.00,12.00,-0.19,1.00,0,0,0.00,0
2026-04-25 14:26:32,1056.86,1,0,0,0,0,0,0,0.27,0,0.20,4.80,0.84,3.73,0.84,D,0.00,2.01,1.97,12.00,2.80,WARN_WARNING,16.45,,16.60,12.00,504,0.00,46.6,0,0,0.00,0.00,0.00,2.01,0.27,1.00,0,0,0.00,0
2026-04-25 14:26:33,1057.87,1,0,0,0,0,0,0,0.33,0,0.20,4.80,0.85,3.52,0.66,D,0.00,1.89,1.19,12.00,2.52,WARN_WARNING,19.79,,17.40,12.00,504,0.00,46.1,0,0,0.00,0.00,0.00,1.89,0.33,1.00,0,0,0.00,0
2026-04-25 14:26:34,1058.88,1,0,0,0,0,0,0,0.03,0,1.00,4.80,0.85,3.24,1.00,D,0.00,12.00,12.00,12.00,1.39,^,1.53,,16.70,12.10,504,0.00,46.6,0,0,0.00,0.00,0.00,12.00,0.03,1.00,0,0,0.00,0
2026-04-25 14:26:36,1060.00,1,0,0,0,0,0,0,-0.03,0,1.00,4.80,0.85,3.74,1.00,D,0.00,12.00,12.00,12.00,2.35,^,-1.84,,18.00,12.10,504,0.00,46.1,0,0,0.00,0.00,0.00,12.00,-0.03,1.00,0,0,0.00,0
2026-04-25 14:26:36,1060.90,1,0,0,0,0,0,0,0.34,0,0.20,4.80,0.85,3.77,0.70,D,0.00,12.00,12.00,12.00,2.56,^,20.55,,16.40,12.10,504,0.00,46.6,0,0,0.00,0.00,0.00,12.00,0.34,1.00,0,0,0.00,0
2026-04-25 14:26:37,1061.92,1,0,0,0,0,0,0,0.18,0,1.00,4.80,0.86,3.18,1.00,D,0.00,12.00,12.00,12.00,2.35,^,10.73,,16.70,12.10,504,0.00,46.1,0,0,0.00,0.00,0.00,12.00,0.18,1.00,0,0,0.00,0
2026-04-25 14:26:38,1062.93,1,0,0,0,0,0,0,0.03,0,1.00,4.80,0.86,3.82,1.00,D,0.00,12.00,12.00,12.00,2.44,^,1.79,,16.90,12.10,504,0.00,45.5,0,0,0.00,0.00,0.00,12.00,0.03,1.00,0,0,0.00,0
2026-04-25 14:26:40,1064.04,1,0,0,0,0,0,0,0.49,0,0.20,4.80,0.86,3.32,0.70,D,0.00,2.59,12.00,12.00,12.00,^,29.27,,16.50,12.00,504,0.00,45.5,0,0,0.00,0.00,0.00,2.59,0.49,1.00,0,0,0.00,0
2026-04-25 14:26:40,1064.94,1,0,0,0,0,0,0,0.34,0,0.20,4.80,0.86,2.37,0.71,D,0.00,12.00,12.00,12.00,12.00,^,20.21,,17.30,12.10,504,0.00,45.5,0,0,0.00,0.00,0.00,12.00,0.34,1.00,0,0,0.00,0
2026-04-25 14:26:41,1065.95,1,0,0,0,0,0,0,-0.02,0,1.00,4.80,0.87,2.64,1.00,D,0.00,12.00,2.21,12.00,1.95,^,-1.04,,13.30,12.00,504,0.00,46.1,0,0,0.00,0.00,0.00,12.00,-0.02,1.00,0,0,0.00,0
2026-04-25 14:26:42,1066.97,1,0,0,0,0,0,0,0.17,0,1.00,4.80,0.87,3.22,0.95,D,0.00,2.08,1.86,12.00,1.90,WARN_WARNING,10.23,,15.30,12.00,504,0.00,46.1,0,0,0.00,0.00,0.00,2.08,0.17,1.00,0,0,0.00,0
2026-04-25 14:26:43,1067.98,1,0,0,0,0,0,0,0.35,0,0.20,4.80,0.87,3.78,0.97,D,0.00,12.00,12.00,12.00,1.61,^,20.80,,15.30,12.00,504,0.00,46.1,0,0,0.00,0.00,0.00,12.00,0.35,1.00,0,0,0.00,0
2026-04-25 14:26:45,1068.99,1,0,0,0,0,0,0,-0.35,0,0.20,4.80,0.87,3.86,0.98,D,0.00,12.00,12.00,12.00,2.60,^,-20.93,,14.50,12.00,504,0.00,47.7,0,0,0.00,0.00,0.00,12.00,-0.35,1.00,0,0,0.00,0
2026-04-25 14:26:46,1070.00,0,0,0,0,0,0,0,-0.99,0,0.20,4.80,0.88,1.99,0.48,D,0.00,1.84,12.00,2.23,2.63,^,0.00,,17.30,12.00,504,0.00,46.6,0,0,0.00,0.00,0.00,1.84,0.00,0.00,0,0,0.00,0
2026-04-25 14:26:47,1071.02,0,0,0,0,0,0,0,-1.00,0,0.00,4.80,0.88,1.68,0.67,D,0.00,1.27,1.64,1.42,12.00,^,0.00,,14.60,12.00,504,0.00,45.5,0,0,0.00,0.00,0.00,1.27,0.00,0.00,0,0,0.00,0
2026-04-25 14:26:48,1072.13,0,0,0,0,0,0,0,0.00,0,0.00,4.80,0.88,0.81,0.06,D,0.00,1.60,1.12,1.09,12.00,^,0.00,,17.30,12.00,504,0.00,46.6,0,0,0.00,0.00,0.00,1.60,0.00,0.00,0,0,0.00,0
2026-04-25 14:26:49,1073.03,0,0,0,0,0,0,0,0.00,0,1.00,4.80,0.88,0.07,0.57,D,0.00,2.53,0.83,1.05,0.81,^,0.00,,16.60,12.10,504,0.00,47.7,0,0,0.00,0.00,0.00,2.53,0.00,0.00,0,0,0.00,0
2026-04-25 14:26:50,1074.05,1,0,0,0,0,0,0,0.02,0,1.00,4.80,0.88,1.32,0.89,D,0.00,12.00,12.00,1.06,0.87,^,1.43,,11.90,12.00,504,0.00,46.6,0,0,0.00,0.00,0.00,12.00,0.02,1.00,0,0,0.00,0
2026-04-25 14:26:51,1075.06,1,0,0,0,0,0,0,0.42,0,0.20,4.80,0.88,3.61,0.91,D,0.00,12.00,12.00,2.20,1.23,^,25.30,,15.50,12.00,504,0.00,47.7,0,0,0.00,0.00,0.00,12.00,0.42,1.00,0,0,0.00,0
2026-04-25 14:26:52,1076.17,1,0,0,0,0,0,0,0.06,0,1.00,4.80,0.88,3.79,1.00,D,0.00,12.00,12.00,12.00,1.25,^,3.88,,15.20,12.10,504,0.00,48.3,0,0,0.00,0.00,0.00,12.00,0.06,1.00,0,0,0.00,0
2026-04-25 14:26:53,1077.08,0,0,0,0,0,0,0,1.00,0,1.00,4.80,0.88,3.60,1.00,D,0.00,12.00,12.00,12.00,1.59,^,0.00,,14.40,12.00,504,0.00,47.7,0,0,0.00,0.00,0.00,12.00,0.00,0.00,0,0,0.00,0
2026-04-25 14:26:54,1078.09,0,0,0,0,0,0,0,0.66,0,1.00,4.80,0.88,2.64,1.00,D,0.00,12.00,0.65,12.00,0.55,^,0.00,,18.30,12.00,504,0.00,47.7,0,0,0.00,0.00,0.00,12.00,0.00,0.00,0,0,0.00,0
2026-04-25 14:26:55,1079.10,0,0,0,0,0,0,0,0.00,0,1.00,4.80,0.89,2.17,1.00,D,0.00,12.00,12.00,2.24,0.80,^,0.00,,16.90,12.00,504,0.00,46.1,0,0,0.00,0.00,0.00,12.00,0.00,0.00,0,0,0.00,0
2026-04-25 14:26:56,1080.11,0,0,0,0,0,0,0,0.00,0,1.00,4.80,0.89,0.02,0.21,D,0.00,12.00,12.00,12.00,0.62,^,0.00,,13.50,12.00,504,0.28,45.5,0,0,0.00,0.00,0.00,12.00,0.00,0.00,0,0,0.00,0
2026-04-25 14:26:57,1081.12,0,0,0,0,0,0,0,0.00,0,1.00,4.80,0.88,0.30,0.71,D,0.00,12.00,12.00,12.00,0.26,^,0.00,,14.70,12.00,504,0.00,46.6,0,0,0.00,0.00,0.00,12.00,0.00,0.00,0,0,0.00,0
2026-04-25 14:26:58,1082.13,0,0,0,0,0,0,0,0.00,1,1.00,4.80,0.89,1.63,0.00,D,0.00,12.00,12.00,12.00,0.90,^,0.00,,16.90,12.00,504,0.00,46.1,0,0,0.00,0.00,0.00,12.00,0.00,0.00,0,0,0.00,0
2026-04-25 14:26:59,1083.14,0,0,0,0,0,0,0,0.00,0,1.00,4.80,0.88,0.00,0.31,D,0.00,12.00,12.00,12.00,0.38,^,0.00,,13.30,12.00,504,0.64,45.5,0,0,0.00,0.00,0.00,12.00,0.00,0.00,0,0,0.00,0
2026-04-25 14:27:00,1084.16,0,0,0,0,0,0,0,-0.85,0,1.00,4.80,0.88,0.66,0.82,D,0.00,12.00,12.00,12.00,0.43,^,0.00,,14.70,12.00,504,0.00,46.6,0,0,0.00,0.00,0.00,12.00,0.00,0.00,0,0,0.00,0
2026-04-25 14:27:01,1085.17,0,0,1,0,0,0,0,0.00,0,1.00,4.80,0.88,0.05,0.13,D,0.00,12.00,12.00,12.00,0.51,^,0.00,,15.30,12.00,504,0.02,45.0,0,0,0.00,0.00,0.00,12.00,0.00,0.00,0,0,0.00,0
2026-04-25 14:27:02,1086.18,0,0,0,0,0,0,0,0.00,0,1.00,4.80,0.88,0.16,0.63,D,0.00,12.00,12.00,12.00,0.37,^,0.00,,13.40,12.00,504,0.00,45.5,0,0,0.00,0.00,0.00,12.00,0.00,0.00,0,0,0.00,0
2026-04-25 14:27:03,1087.19,0,0,0,0,0,0,0,0.00,0,1.00,4.80,0.88,0.54,0.01,D,0.00,12.00,12.00,12.00,0.72,^,0.00,,16.60,12.00,504,0.01,46.1,0,0,0.00,0.00,0.00,12.00,0.00,0.00,0,0,0.00,0
2026-04-25 14:27:04,1088.30,0,0,0,0,0,0,0,0.00,0,1.00,4.80,0.88,0.03,0.51,D,0.00,12.00,12.00,12.00,0.70,^,0.00,,13.20,12.00,504,0.00,47.2,0,0,0.00,0.00,0.00,12.00,0.00,0.00,0,0,0.00,0
2026-04-25 14:27:05,1089.21,0,0,0,0,0,0,0,0.00,1,1.00,4.80,0.88,0.00,0.00,D,0.00,12.00,12.00,12.00,0.82,^,0.00,,12.80,12.00,504,0.08,45.5,0,0,0.00,0.00,0.00,12.00,0.00,0.00,0,0,0.00,0
2026-04-25 14:27:06,1090.22,0,0,0,0,0,0,0,0.00,1,1.00,4.80,0.88,0.00,0.00,D,0.00,12.00,12.00,12.00,0.81,^,0.00,,13.30,12.00,504,0.12,47.7,0,0,0.00,0.00,0.00,12.00,0.00,0.00,0,0,0.00,0
2026-04-25 14:27:07,1091.23,0,0,0,0,0,0,0,0.00,0,1.00,4.80,0.88,0.00,0.25,D,0.00,12.00,12.00,12.00,0.49,^,0.00,,14.50,12.00,504,1.14,47.2,0,0,0.00,0.00,0.00,12.00,0.00,0.00,0,0,0.00,0
2026-04-25 14:27:08,1092.24,0,0,0,0,0,0,0,0.00,0,1.00,4.80,0.88,0.37,0.76,D,0.00,12.00,12.00,12.00,0.54,^,0.00,,13.60,12.00,504,0.00,46.6,0,0,0.00,0.00,0.00,12.00,0.00,0.00,0,0,0.00,0
2026-04-25 14:27:09,1093.25,0,0,0,0,0,0,0,0.00,0,1.00,4.80,0.88,0.09,0.12,D,0.00,12.00,12.00,12.00,0.87,^,0.00,,15.30,12.00,504,0.18,46.6,0,0,0.00,0.00,0.00,12.00,0.00,0.00,0,0,0.00,0
2026-04-25 14:27:10,1094.27,0,0,0,0,0,0,0,0.00,0,1.00,4.80,0.88,0.28,0.63,D,0.00,12.00,12.00,12.00,0.89,^,0.00,,15.50,12.00,504,0.00,46.1,0,0,0.00,0.00,0.00,12.00,0.00,0.00,0,0,0.00,0
2026-04-25 14:27:11,1095.28,1,0,0,0,0,0,0,-0.18,0,1.00,4.80,0.88,1.85,0.92,D,0.00,12.00,12.00,12.00,1.27,^,-10.65,,17.00,12.00,504,0.00,46.1,0,0,0.00,0.00,0.00,12.00,-0.18,1.00,0,0,0.00,0
2026-04-25 14:27:12,1096.38,1,0,0,0,0,0,0,-0.06,0,1.00,4.80,0.88,3.49,1.00,D,0.00,12.00,12.00,12.00,1.99,^,-3.32,,18.20,12.00,504,0.00,45.5,0,0,0.00,0.00,0.00,12.00,-0.06,1.00,0,0,0.00,0
2026-04-25 14:27:13,1097.29,0,0,0,0,0,0,0,0.00,1,1.00,4.80,0.88,0.00,0.00,D,0.00,12.00,12.00,2.43,1.94,^,0.00,,13.70,12.00,504,0.11,46.6,0,0,0.00,0.00,0.00,12.00,0.00,0.00,0,0,0.00,0
2026-04-25 14:27:14,1098.30,0,0,0,0,0,0,0,0.00,0,1.00,4.80,0.88,0.01,0.15,D,0.00,12.00,12.00,2.47,1.11,^,0.00,,12.80,12.00,504,0.15,45.5,0,0,0.00,0.00,0.00,12.00,0.00,0.00,0,0,0.00,0
2026-04-25 14:27:15,1099.31,0,0,0,0,0,0,0,0.00,0,1.00,4.80,0.88,0.15,0.66,D,0.00,12.00,12.00,12.00,0.59,^,0.00,,11.70,12.00,504,0.00,46.6,0,0,0.00,0.00,0.00,12.00,0.00,0.00,0,0,0.00,0
2026-04-25 14:27:16,1100.32,0,0,0,0,0,0,0,0.00,1,1.00,4.80,0.88,0.00,0.00,D,0.00,12.00,12.00,12.00,0.20,^,0.00,,13.20,12.00,504,0.60,47.2,0,0,0.00,0.00,0.00,12.00,0.00,0.00,0,0,0.00,0
2026-04-25 14:27:17,1101.33,0,0,0,0,0,0,0,0.00,1,1.00,4.80,0.88,0.00,0.00,D,0.00,12.00,0.20,12.00,0.17,^,0.00,,12.00,12.00,504,0.29,47.2,0,0,0.00,0.00,0.00,12.00,0.00,0.00,0,0,0.00,0
2026-04-25 14:27:18,1102.35,0,0,0,0,0,0,0,0.00,1,1.00,4.80,0.88,0.00,0.00,D,0.00,12.00,12.00,12.00,0.56,^,0.00,,16.00,12.00,504,0.05,45.5,0,0,0.00,0.00,0.00,12.00,0.00,0.00,0,0,0.00,0
2026-04-25 14:27:19,1103.36,0,0,0,0,0,0,0,0.00,0,1.00,4.80,0.88,0.00,0.24,D,0.00,12.00,12.00,12.00,0.73,^,0.00,,13.60,12.00,504,1.06,45.5,0,0,0.00,0.00,0.00,12.00,0.00,0.00,0,0,0.00,0
2026-04-25 14:27:20,1104.37,0,0,0,0,0,0,0,0.00,0,1.00,4.80,0.88,0.32,0.75,D,0.00,12.00,12.00,12.00,0.54,^,0.00,,14.40,12.00,504,0.00,45.5,0,0,0.00,0.00,0.00,12.00,0.00,0.00,0,0,0.00,0
2026-04-25 14:27:21,1105.38,0,0,0,0,0,0,0,0.00,0,1.00,4.80,0.88,3.26,1.00,D,0.00,2.13,12.00,1.93,1.04,^,0.00,,16.00,12.00,504,0.00,46.6,0,0,0.00,0.00,0.00,2.13,0.00,0.00,0,0,0.00,0
2026-04-25 14:27:22,1106.40,0,0,0,0,0,0,0,0.00,1,1.00,4.80,0.88,2.54,0.00,D,0.00,1.66,12.00,1.45,1.65,^,0.00,,17.00,12.00,504,0.00,46.6,0,0,0.00,0.00,0.00,1.66,0.00,0.00,0,0,0.00,0
2026-04-25 14:27:23,1107.41,0,0,0,0,0,0,0,0.00,0,1.00,4.80,0.88,0.04,0.34,D,0.00,12.00,12.00,1.64,0.74,^,0.00,,14.80,12.00,504,0.10,46.1,0,0,0.00,0.00,0.00,12.00,0.00,0.00,0,0,0.00,0
2026-04-25 14:27:24,1108.42,1,0,0,0,0,0,0,-0.17,0,1.00,4.80,0.88,0.33,0.81,D,0.00,12.00,12.00,1.92,0.40,^,-10.40,,14.40,12.00,504,0.00,46.6,0,0,0.00,0.00,0.00,12.00,-0.17,1.00,0,0,0.00,0
2026-04-25 14:27:25,1109.43,1,0,0,0,0,0,0,-0.44,0,0.20,4.80,0.88,3.42,0.98,D,0.00,12.00,12.00,1.66,0.90,^,-26.39,,15.00,12.00,504,0.00,46.1,0,0,0.00,0.00,0.00,12.00,-0.44,1.00,0,0,0.00,0
2026-04-25 14:27:26,1110.44,0,0,0,0,0,0,0,0.00,1,1.00,4.80,0.88,3.24,0.00,D,0.00,12.00,1.10,12.00,1.88,^,0.00,,13.90,12.00,504,0.00,46.6,0,0,0.00,0.00,0.00,12.00,0.00,0.00,0,0,0.00,0
2026-04-25 14:27:27,1111.44,0,0,0,0,0,0,0,-0.28,0,1.00,4.80,0.88,0.01,0.32,D,0.00,12.00,12.00,12.00,1.11,^,0.00,,14.10,12.00,504,0.16,46.1,0,0,0.00,0.00,0.00,12.00,0.00,0.00,0,0,0.00,0
2026-04-25 14:27:28,1112.45,0,0,0,0,0,0,0,-0.59,0,0.51,4.80,0.88,0.40,0.80,D,0.00,12.00,12.00,12.00,0.65,^,0.00,,13.60,12.00,504,0.00,47.2,0,0,0.00,0.00,0.00,12.00,0.00,0.00,0,0,0.00,0
2026-04-25 14:27:29,1113.46,0,0,0,0,0,0,0,-0.31,0,0.00,4.80,0.88,2.02,0.74,D,0.00,12.00,12.00,12.00,1.06,^,0.00,,15.60,12.00,504,0.00,46.1,0,0,0.00,0.00,0.00,12.00,0.00,0.00,0,0,0.00,0
2026-04-25 14:27:30,1114.48,0,0,0,0,0,0,0,-0.12,0,0.00,4.80,0.88,1.93,0.42,D,0.00,2.46,2.39,12.00,0.89,^,0.00,,14.10,12.00,504,0.00,47.7,0,0,0.00,0.00,0.00,2.46,0.00,0.00,0,0,0.00,0
2026-04-25 14:27:31,1115.49,0,0,0,0,0,0,0,-0.10,0,0.00,4.80,0.88,3.12,0.52,D,0.00,12.00,12.00,12.00,0.74,^,0.00,,14.00,12.00,504,0.00,47.7,0,0,0.00,0.00,0.00,12.00,0.00,0.00,0,0,0.00,0
2026-04-25 14:27:32,1116.50,0,0,0,0,0,0,0,0.00,0,0.00,4.80,0.88,0.00,0.00,D,0.00,12.00,12.00,12.00,0.38,^,0.00,,12.90,12.00,504,0.08,47.2,0,0,0.00,0.00,0.00,12.00,0.00,0.00,0,0,0.00,0
2026-04-25 14:27:33,1117.52,0,0,0,0,0,0,0,0.00,0,0.00,4.80,0.88,0.00,0.00,D,0.00,12.00,12.00,12.00,0.29,^,0.00,,11.50,12.00,504,0.76,47.7,0,0,0.00,0.00,0.00,12.00,0.00,0.00,0,0,0.00,0
2026-04-25 14:27:34,1118.53,0,0,0,0,0,0,0,-0.44,0,1.00,4.80,0.88,0.00,0.30,D,0.00,12.00,12.00,12.00,0.46,^,0.00,,14.30,12.00,504,1.77,45.5,0,0,0.00,0.00,0.00,12.00,0.00,0.00,0,0,0.00,0
2026-04-25 14:27:35,1119.55,0,0,0,0,0,0,0,-0.15,0,1.00,4.80,0.88,0.39,0.81,D,0.00,12.00,2.99,12.00,0.47,^,0.00,,14.90,12.00,504,0.00,47.7,0,0,0.00,0.00,0.00,12.00,0.00,0.00,0,0,0.00,0
2026-04-25 14:27:36,1120.55,0,0,0,0,0,0,0,-0.26,0,1.00,4.80,0.88,0.02,0.69,D,0.00,12.00,2.91,12.00,0.50,^,0.00,,12.70,12.00,504,0.08,46.6,0,0,0.00,0.00,0.00,12.00,0.00,0.00,0,0,0.00,0
2026-04-25 14:27:37,1121.56,0,0,0,0,0,0,0,0.00,0,0.00,4.80,0.88,0.01,0.42,D,0.00,12.00,2.92,12.00,0.25,^,0.00,,12.40,12.00,504,0.17,47.2,0,0,0.00,0.00,0.00,12.00,0.00,0.00,0,0,0.00,0
2026-04-25 14:27:38,1122.57,0,0,0,0,0,0,0,-0.56,0,1.00,4.80,0.88,0.04,0.31,D,0.00,12.00,2.77,12.00,0.34,^,0.00,,12.50,12.00,504,0.13,47.7,0,0,0.00,0.00,0.00,12.00,0.00,0.00,0,0,0.00,0
2026-04-25 14:27:39,1123.58,0,0,0,0,0,0,0,0.00,0,1.00,4.80,0.88,0.01,0.81,D,0.00,12.00,2.77,12.00,0.29,^,0.00,,12.20,12.00,504,0.02,48.8,0,0,0.00,0.00,0.00,12.00,0.00,0.00,0,0,0.00,0
2026-04-25 14:27:40,1124.59,0,0,0,0,0,0,0,-1.00,0,0.00,4.80,0.88,2.21,0.71,D,0.00,2.00,2.23,12.00,0.75,^,0.00,,16.40,12.00,504,0.00,47.2,0,0,0.00,0.00,0.00,2.00,0.00,0.00,0,0,0.00,0
2026-04-25 14:27:41,1125.60,0,0,0,0,0,0,0,0.00,0,1.00,4.80,0.88,1.07,0.39,D,0.00,1.45,12.00,1.47,0.93,^,0.00,,16.50,12.00,504,0.00,46.6,0,0,0.00,0.00,0.00,1.45,0.00,0.00,0,0,0.00,0
2026-04-25 14:27:42,1126.72,0,0,0,0,0,0,0,0.00,0,1.00,4.80,0.88,1.01,0.57,D,0.00,1.76,12.00,1.27,0.66,^,0.00,,16.10,12.00,504,0.00,46.6,0,0,0.00,0.00,0.00,1.76,0.00,0.00,0,0,0.00,0
2026-04-25 14:27:43,1127.62,0,0,0,0,0,0,0,0.00,0,0.22,4.80,0.88,1.45,0.56,D,0.00,12.00,12.00,1.12,0.73,^,0.00,,16.20,12.00,504,0.00,45.0,0,0,0.00,0.00,0.00,12.00,0.00,0.00,0,0,0.00,0
2026-04-25 14:27:44,1128.73,0,0,0,0,0,0,0,0.00,0,0.00,4.80,0.88,0.00,0.00,D,0.00,12.00,0.75,1.20,0.75,^,0.00,,15.90,12.00,504,0.11,46.1,0,0,0.00,0.00,0.00,12.00,0.00,0.00,0,0,0.00,0
2026-04-25 14:27:45,1129.64,0,0,0,0,0,0,0,0.00,0,0.00,4.80,0.88,0.00,0.00,D,0.00,12.00,1.26,1.21,1.14,^,0.00,,13.90,12.00,504,1.02,46.1,0,0,0.00,0.00,0.00,12.00,0.00,0.00,0,0,0.00,0
2026-04-25 14:27:46,1130.65,0,0,0,0,0,0,0,0.00,0,0.00,4.80,0.88,0.00,0.00,D,0.00,12.00,1.54,1.21,1.14,^,0.00,,13.00,12.00,504,2.03,45.5,0,0,0.00,0.00,0.00,12.00,0.00,0.00,0,0,0.00,0
2026-04-25 14:27:47,1131.66,0,0,0,0,0,0,0,0.00,0,0.00,4.80,0.88,0.00,0.00,D,0.00,12.00,1.65,1.21,1.14,^,0.00,,13.20,12.00,504,3.04,45.5,0,0,0.00,0.00,0.00,12.00,0.00,0.00,0,0,0.00,0
2026-04-25 14:27:48,1132.68,0,0,0,0,0,0,0,0.00,0,0.00,4.80,0.88,0.00,0.00,D,0.00,1.30,1.29,1.21,1.14,^,0.00,,11.60,12.00,504,4.06,45.5,0,0,0.00,0.00,0.00,1.30,0.00,0.00,0,0,0.00,0
2026-04-25 14:27:49,1133.69,0,0,0,0,0,0,0,0.00,0,0.00,4.80,0.88,0.00,0.00,D,0.00,1.07,0.57,1.21,1.14,WARN_WARNING,0.00,,13.40,12.00,504,5.08,45.0,0,0,0.00,0.00,0.00,1.07,0.00,0.00,0,0,0.00,0
2026-04-25 14:27:50,1134.70,0,0,0,0,0,0,0,0.00,0,0.00,4.80,0.88,0.00,0.00,D,0.00,12.00,0.38,1.21,0.39,^,0.00,,12.80,12.00,504,6.09,44.4,0,0,0.00,0.00,0.00,12.00,0.00,0.00,0,0,0.00,0
2026-04-25 14:27:51,1135.72,0,0,0,0,0,0,0,0.00,0,0.00,4.80,0.87,0.00,0.00,D,0.00,12.00,12.00,1.21,0.55,^,0.00,,14.10,12.00,504,7.10,46.6,0,0,0.00,0.00,0.00,12.00,0.00,0.00,0,0,0.00,0
2026-04-25 14:27:52,1136.73,0,0,0,0,0,0,0,0.00,0,0.00,4.80,0.87,0.00,0.00,D,0.00,12.00,12.00,1.21,0.60,^,0.00,,15.90,12.00,504,8.12,46.6,0,0,0.00,0.00,0.00,12.00,0.00,0.00,0,0,0.00,0
2026-04-25 14:27:53,1137.75,0,0,0,0,0,0,0,0.00,0,0.00,4.80,0.87,0.00,0.00,D,0.00,1.66,12.00,1.21,0.59,^,0.00,,14.20,12.00,504,9.13,46.1,0,0,0.00,0.00,0.00,1.66,0.00,0.00,0,0,0.00,0
2026-04-25 14:27:54,1138.76,0,0,0,0,0,0,0,0.00,0,0.00,4.80,0.87,0.00,0.00,D,0.00,0.94,0.94,1.21,0.59,WARN_WARNING,0.00,,14.60,12.00,504,10.14,45.5,0,0,0.00,0.00,0.00,0.94,0.00,0.00,0,0,0.00,0
2026-04-25 14:27:55,1139.77,0,0,0,0,0,0,0,0.00,0,0.00,4.80,0.87,0.00,0.00,D,0.00,0.47,0.50,1.21,0.58,STOP_WARNING,0.00,,15.60,12.00,504,11.15,46.1,0,0,0.00,0.00,0.00,0.47,0.00,0.00,0,0,0.00,0
2026-04-25 14:27:56,1140.79,0,0,0,1,0,0,0,0.22,0,0.00,4.80,0.87,0.00,0.00,N,0.00,0.75,0.84,1.21,0.50,WARN_WARNING,0.00,,15.00,12.00,504,12.17,46.6,0,0,0.00,0.00,0.00,0.75,0.00,0.00,0,0,0.00,0
2026-04-25 14:27:57,1141.80,0,0,0,0,0,0,0,0.00,0,0.00,4.80,0.87,0.00,0.00,N,0.00,1.06,12.00,1.20,0.52,WARN_WARNING,0.00,,16.40,12.00,504,13.18,45.0,0,0,0.00,0.00,0.00,1.06,0.00,0.00,0,0,0.00,0
2026-04-25 14:27:58,1142.91,0,0,0,0,0,0,0,0.00,0,0.00,4.80,0.87,0.00,0.00,N,0.00,1.07,12.00,1.22,0.41,WARN_WARNING,0.00,,14.80,12.00,504,14.29,46.1,0,0,0.00,0.00,0.00,1.07,0.00,0.00,0,0,0.00,0
2026-04-25 14:27:59,1143.81,0,0,0,0,0,0,0,1.00,0,0.00,4.80,0.87,0.00,0.00,N,0.00,1.08,0.60,1.20,1.13,WARN_WARNING,0.00,,14.50,12.00,504,15.19,46.6,0,0,0.00,0.00,0.00,1.08,0.00,0.00,0,0,0.00,0
2026-04-25 14:28:00,1144.82,0,0,0,0,0,0,0,0.00,0,0.00,4.80,0.87,0.00,0.00,N,0.00,1.08,0.92,1.21,1.13,WARN_WARNING,0.00,,13.40,12.00,504,16.20,45.5,0,0,0.00,0.00,0.00,1.08,0.00,0.00,0,0,0.00,0
2026-04-25 14:28:01,1145.83,0,0,0,0,0,0,0,0.00,0,0.00,4.80,0.87,0.00,0.00,N,0.00,1.07,0.91,1.21,1.14,WARN_WARNING,0.00,,12.40,12.00,504,17.22,46.1,0,0,0.00,0.00,0.00,1.07,0.00,0.00,0,0,0.00,0
2026-04-25 14:28:02,1146.85,0,0,0,0,0,0,0,0.00,0,0.00,4.80,0.87,0.00,0.00,N,0.00,1.08,0.93,1.21,1.13,WARN_WARNING,0.00,,13.00,12.00,504,18.23,45.5,0,0,0.00,0.00,0.00,1.08,0.00,0.00,0,0,0.00,0
2026-04-25 14:28:03,1147.86,1,0,0,0,0,0,0,0.24,0,1.00,4.80,0.87,0.00,0.02,D,0.00,1.06,0.91,1.21,1.13,WARN_WARNING,14.13,,12.00,12.00,504,19.24,46.6,0,0,0.00,0.00,0.00,1.06,0.24,1.00,0,0,0.00,0
2026-04-25 14:28:04,1148.87,0,0,0,0,0,0,0,0.00,0,0.00,4.80,0.86,0.00,0.00,D,0.00,1.07,0.49,1.21,1.14,WARN_WARNING,0.00,,14.00,12.00,504,20.26,46.1,0,0,0.00,0.00,0.00,1.07,0.00,0.00,0,0,0.00,0
2026-04-25 14:28:05,1149.89,0,0,0,0,0,0,0,0.00,0,0.00,4.80,0.86,0.00,0.00,D,0.00,1.07,0.42,1.21,0.42,WARN_WARNING,0.00,,15.30,12.00,504,21.27,46.6,0,0,0.00,0.00,0.00,1.07,0.00,0.00,0,0,0.00,0
2026-04-25 14:28:06,1150.90,0,0,0,0,0,0,0,0.00,0,0.00,4.80,0.86,0.00,0.00,D,0.00,1.07,0.60,1.21,0.46,WARN_WARNING,0.00,,15.30,12.00,504,22.28,46.1,0,0,0.00,0.00,0.00,1.07,0.00,0.00,0,0,0.00,0
2026-04-25 14:28:07,1151.91,0,0,0,0,0,0,0,0.00,0,0.00,4.80,0.86,0.00,0.00,D,0.00,1.07,0.63,1.22,0.58,WARN_WARNING,0.00,,15.10,12.00,504,23.29,45.0,0,0,0.00,0.00,0.00,1.07,0.00,0.00,0,0,0.00,0
2026-04-25 14:28:08,1152.93,0,0,0,0,0,0,0,0.00,0,0.00,4.80,0.86,0.00,0.00,D,0.00,1.08,0.95,1.21,1.14,WARN_WARNING,0.00,,17.10,12.00,504,24.31,46.1,0,0,0.00,0.00,0.00,1.08,0.00,0.00,0,0,0.00,0
2026-04-25 14:28:09,1153.94,0,0,0,0,0,0,0,0.00,0,0.00,4.80,0.86,0.00,0.00,D,0.00,1.07,1.00,1.21,1.14,WARN_WARNING,0.00,,15.50,12.00,504,25.32,44.4,0,0,0.00,0.00,0.00,1.07,0.00,0.00,0,0,0.00,0
2026-04-25 14:28:10,1154.95,0,0,0,0,0,0,0,0.00,0,0.00,4.80,0.86,0.00,0.00,D,0.00,1.07,0.91,1.21,1.13,WARN_WARNING,0.00,,14.60,12.00,504,26.33,44.4,0,0,0.00,0.00,0.00,1.07,0.00,0.00,0,0,0.00,0
2026-04-25 14:28:11,1155.96,0,0,0,0,0,0,0,0.00,0,0.00,4.80,0.86,0.00,0.00,D,0.00,1.07,0.78,1.21,1.14,WARN_WARNING,0.00,,15.70,12.00,504,27.35,45.5,0,0,0.00,0.00,0.00,1.07,0.00,0.00,0,0,0.00,0
2026-04-25 14:28:12,1156.98,0,0,0,0,0,0,0,0.00,0,0.00,4.80,0.86,0.00,0.00,D,0.00,0.99,12.00,1.20,0.45,WARN_WARNING,0.00,,13.70,12.00,504,28.36,45.5,0,0,0.00,0.00,0.00,0.99,0.00,0.00,0,0,0.00,0
2026-04-25 14:28:14,1157.99,0,0,0,0,0,0,0,0.00,0,0.00,4.80,0.86,0.00,0.00,D,0.00,0.74,12.00,1.20,0.60,WARN_WARNING,0.00,,15.30,12.00,504,29.37,45.0,0,0,0.00,0.00,0.00,0.74,0.00,0.00,0,0,0.00,0
2026-04-25 14:28:15,1159.10,0,0,0,0,0,0,0,0.00,0,0.00,4.80,0.86,0.00,0.00,D,0.00,2.16,0.34,1.21,0.56,^,0.00,,14.10,12.00,504,30.48,45.0,0,0,0.00,0.00,0.00,2.16,0.00,0.00,0,0,0.00,0
2026-04-25 14:28:16,1160.01,0,0,0,0,0,0,0,0.00,0,0.00,4.80,0.86,0.00,0.00,D,0.00,12.00,0.30,1.21,0.39,^,0.00,,14.90,12.00,504,31.39,45.5,0,0,0.00,0.00,0.00,12.00,0.00,0.00,0,0,0.00,0
2026-04-25 14:28:17,1161.01,0,0,0,0,0,0,0,0.00,0,0.00,4.80,0.86,0.00,0.00,D,0.00,12.00,12.00,1.21,0.40,^,0.00,,14.90,12.10,504,32.39,46.1,0,0,0.00,0.00,0.00,12.00,0.00,0.00,0,0,0.00,0
2026-04-25 14:28:18,1162.03,0,0,0,0,0,0,0,0.00,0,0.00,4.80,0.85,0.00,0.00,D,0.00,2.17,12.00,1.20,0.53,^,0.00,,15.00,12.10,504,33.41,45.0,0,0,0.00,0.00,0.00,2.17,0.00,0.00,0,0,0.00,0
2026-04-25 14:28:19,1163.04,0,0,0,0,0,0,0,0.00,0,0.00,4.80,0.85,0.00,0.00,D,0.00,2.16,12.00,1.21,0.64,^,0.00,,14.80,12.10,504,34.42,45.5,0,0,0.00,0.00,0.00,2.16,0.00,0.00,0,0,0.00,0
2026-04-25 14:28:20,1164.05,0,0,0,0,0,0,0,0.00,0,0.00,4.80,0.85,0.00,0.00,D,0.00,2.16,12.00,1.21,0.65,^,0.00,,13.50,12.10,504,35.43,46.1,0,0,0.00,0.00,0.00,2.16,0.00,0.00,0,0,0.00,0
2026-04-25 14:28:21,1165.16,0,0,0,0,0,0,0,0.00,0,0.00,4.80,0.85,0.00,0.00,D,0.00,2.18,12.00,1.21,0.63,^,0.00,,13.30,12.10,504,36.54,46.6,0,0,0.00,0.00,0.00,2.18,0.00,0.00,0,0,0.00,0
2026-04-25 14:28:22,1166.06,0,0,0,0,0,0,0,-0.32,0,0.00,4.80,0.85,0.00,0.00,D,0.00,2.15,12.00,1.21,0.64,^,0.00,,11.80,12.00,504,37.44,45.5,0,0,0.00,0.00,0.00,2.15,0.00,0.00,0,0,0.00,0
2026-04-25 14:28:23,1167.07,0,0,0,0,0,0,0,0.00,0,0.00,4.80,0.85,0.00,0.00,D,0.00,12.00,12.00,1.21,0.65,^,0.00,,12.40,12.10,504,38.46,47.2,0,0,0.00,0.00,0.00,12.00,0.00,0.00,0,0,0.00,0
2026-04-25 14:28:24,1168.08,0,0,0,0,0,0,0,0.00,0,0.82,4.80,0.85,0.01,0.42,D,0.00,2.17,12.00,1.20,0.65,^,0.00,,14.20,12.10,504,0.02,46.6,0,0,0.00,0.00,0.00,2.17,0.00,0.00,0,0,0.00,0
2026-04-25 14:28:25,1169.10,0,0,0,0,0,0,0,0.00,0,0.00,4.80,0.85,0.24,0.25,D,0.00,12.00,12.00,1.26,0.66,^,0.00,,14.50,12.00,504,0.00,44.4,0,0,0.00,0.00,0.00,12.00,0.00,0.00,0,0,0.00,0
2026-04-25 14:28:26,1170.11,0,0,0,0,0,0,0,0.00,0,0.00,4.80,0.85,0.00,0.00,D,0.00,12.00,12.00,1.29,0.61,^,0.00,,14.80,12.00,504,0.82,45.0,0,0,0.00,0.00,0.00,12.00,0.00,0.00,0,0,0.00,0
2026-04-25 14:28:27,1171.22,0,0,0,0,0,0,0,0.00,0,1.00,4.80,0.85,0.01,0.47,D,0.00,12.00,12.00,1.28,0.57,^,0.00,,15.70,12.00,504,0.03,45.0,0,0,0.00,0.00,0.00,12.00,0.00,0.00,0,0,0.00,0
2026-04-25 14:28:28,1172.12,0,0,0,0,0,0,0,0.00,0,1.00,4.80,0.85,1.64,0.98,D,0.00,12.00,12.00,2.07,0.85,^,0.00,,16.20,12.00,504,0.00,46.1,0,0,0.00,0.00,0.00,12.00,0.00,0.00,0,0,0.00,0
2026-04-25 14:28:29,1173.14,0,0,0,0,0,0,0,0.84,0,1.00,4.80,0.85,3.66,1.00,D,0.00,12.00,12.00,12.00,2.06,^,0.00,,15.90,12.00,504,0.00,45.0,0,0,0.00,0.00,0.00,12.00,0.00,0.00,0,0,0.00,0
2026-04-25 14:28:30,1174.15,0,0,0,0,0,0,0,0.00,0,1.00,4.80,0.85,3.18,1.00,D,0.00,12.00,12.00,12.00,3.50,^,0.00,,15.70,12.10,504,0.00,45.5,0,0,0.00,0.00,0.00,12.00,0.00,0.00,0,0,0.00,0
2026-04-25 14:28:31,1175.16,0,0,0,0,0,0,0,-0.16,0,1.00,4.80,0.85,3.88,1.00,D,0.00,12.00,12.00,12.00,12.00,^,0.00,,15.80,12.10,504,0.00,47.2,0,0,0.00,0.00,0.00,12.00,0.00,0.00,0,0,0.00,0
2026-04-25 14:28:32,1176.17,0,0,0,0,0,0,0,0.00,0,1.00,4.80,0.86,4.20,1.00,D,0.00,0.60,0.90,0.63,12.00,STOP_WARNING,0.00,,14.40,12.10,504,0.00,47.2,0,0,0.00,0.00,0.00,0.60,0.00,0.00,0,0,0.00,0
2026-04-25 14:28:33,1177.18,0,0,0,0,0,0,0,0.00,0,0.00,4.80,0.86,4.26,0.66,D,0.00,0.10,12.00,12.00,0.07,STOP_WARNING,0.00,,14.40,12.00,504,0.00,47.2,0,0,0.00,0.00,0.00,0.10,0.00,0.00,0,0,0.00,0
2026-04-25 14:28:34,1178.19,0,0,0,0,0,0,0,0.00,0,0.00,4.80,0.86,3.28,0.06,D,0.00,0.11,12.00,12.00,0.07,STOP_WARNING,0.00,,15.60,12.00,504,0.00,46.1,0,0,0.00,0.00,0.00,0.11,0.00,0.00,0,0,0.00,0
2026-04-25 14:28:35,1179.19,0,0,0,0,0,0,0,0.00,0,0.00,4.80,0.86,1.57,0.00,D,0.00,0.10,12.00,12.00,0.07,STOP_WARNING,0.00,,16.00,12.00,504,0.00,45.0,0,0,0.00,0.00,0.00,0.10,0.00,0.00,0,0,0.00,0
2026-04-25 14:28:36,1180.21,0,0,0,0,0,0,0,0.00,0,0.00,4.80,0.86,0.00,0.00,D,0.00,0.10,12.00,12.00,0.07,STOP_WARNING,0.00,,14.80,12.00,504,0.01,45.5,0,0,0.00,0.00,0.00,0.10,0.00,0.00,0,0,0.00,0
2026-04-25 14:28:37,1181.32,0,0,0,0,0,0,0,0.00,0,0.00,4.80,0.86,0.00,0.00,D,0.00,0.10,12.00,12.00,0.07,STOP_WARNING,0.00,,14.00,12.00,504,1.07,46.1,0,0,0.00,0.00,0.00,0.10,0.00,0.00,0,0,0.00,0
2026-04-25 14:28:38,1182.22,0,0,0,0,0,0,0,0.00,0,0.00,4.80,0.86,0.00,0.00,D,0.00,0.10,12.00,12.00,0.07,STOP_WARNING,0.00,,15.20,12.00,504,1.98,45.0,0,0,0.00,0.00,0.00,0.10,0.00,0.00,0,0,0.00,0
2026-04-25 14:28:39,1183.23,0,0,0,0,0,0,0,0.00,0,0.00,4.80,0.86,0.00,0.00,D,0.00,0.10,0.67,12.00,0.07,STOP_WARNING,0.00,,15.90,12.00,504,2.99,45.0,0,0,0.00,0.00,0.00,0.10,0.00,0.00,0,0,0.00,0
2026-04-25 14:28:40,1184.25,0,0,0,0,0,0,0,0.00,0,0.00,4.80,0.86,0.00,0.00,D,0.00,0.10,0.68,12.00,0.07,STOP_WARNING,0.00,,14.40,12.00,504,4.00,45.5,0,0,0.00,0.00,0.00,0.10,0.00,0.00,0,0,0.00,0
2026-04-25 14:28:41,1185.25,0,0,0,0,0,0,0,0.00,0,0.00,4.80,0.86,0.00,0.00,D,0.00,0.45,0.45,0.26,0.27,STOP_WARNING,0.00,,14.90,12.00,504,5.01,45.5,0,0,0.00,0.00,0.00,0.45,0.00,0.00,0,0,0.00,0
2026-04-25 14:28:42,1186.37,0,0,0,0,0,0,0,0.00,0,0.00,4.80,0.86,0.00,0.00,D,0.00,0.42,0.19,12.00,1.44,STOP_WARNING,0.00,,15.10,12.00,504,6.12,44.4,0,0,0.00,0.00,0.00,0.42,0.00,0.00,0,0,0.00,0
2026-04-25 14:28:43,1187.28,0,0,0,0,0,0,0,0.00,0,0.00,4.80,0.86,0.00,0.00,D,0.00,0.46,0.17,0.17,1.16,STOP_WARNING,0.00,,14.20,12.00,504,7.03,45.5,0,0,0.00,0.00,0.00,0.46,0.00,0.00,0,0,0.00,0
2026-04-25 14:28:44,1188.29,0,0,0,0,0,0,0,0.00,0,0.00,4.80,0.86,0.00,0.00,D,0.00,0.45,0.28,0.48,0.08,STOP_WARNING,0.00,,14.20,12.00,504,8.04,45.5,0,0,0.00,0.00,0.00,0.45,0.00,0.00,0,0,0.00,0
2026-04-25 14:28:45,1189.30,0,0,0,0,0,0,0,0.00,0,0.00,4.80,0.86,0.00,0.00,D,0.00,0.45,0.26,0.48,0.07,STOP_WARNING,0.00,,14.60,12.00,504,9.06,44.4,0,0,0.00,0.00,0.00,0.45,0.00,0.00,0,0,0.00,0
2026-04-25 14:28:46,1190.32,0,0,0,0,0,0,0,0.00,0,0.00,4.80,0.86,0.00,0.00,D,0.00,0.45,0.26,0.48,0.04,STOP_WARNING,0.00,,14.40,12.00,504,10.07,45.0,0,0,0.00,0.00,0.00,0.45,0.00,0.00,0,0,0.00,0
2026-04-25 14:28:47,1191.33,0,0,0,0,0,0,0,0.00,0,0.00,4.80,0.86,0.00,0.00,D,0.00,0.44,0.25,0.49,0.03,STOP_WARNING,0.00,,15.70,12.00,504,11.08,45.0,0,0,0.00,0.00,0.00,0.44,0.00,0.00,0,0,0.00,0
2026-04-25 14:28:48,1192.34,0,0,0,0,0,0,0,0.00,0,0.00,4.80,0.86,0.00,0.00,D,0.00,0.44,0.27,0.48,0.03,STOP_WARNING,0.00,,13.70,12.10,504,12.10,46.1,0,0,0.00,0.00,0.00,0.44,0.00,0.00,0,0,0.00,0
2026-04-25 14:28:49,1193.34,0,0,0,0,0,0,0,0.00,0,0.00,4.80,0.85,0.00,0.00,D,0.00,0.44,0.27,0.47,12.00,STOP_WARNING,0.00,,12.50,12.10,504,13.10,47.2,0,0,0.00,0.00,0.00,0.44,0.00,0.00,0,0,0.00,0
2026-04-25 14:28:50,1194.36,0,0,0,0,0,0,0,0.00,0,0.00,4.80,0.85,0.00,0.00,D,0.00,0.37,0.20,1.23,12.00,STOP_WARNING,0.00,,11.40,12.00,504,14.11,47.2,0,0,0.00,0.00,0.00,0.37,0.00,0.00,0,0,0.00,0
2026-04-25 14:28:51,1195.37,0,0,0,0,0,0,0,0.13,0,0.00,4.80,0.85,0.00,0.00,D,0.00,0.38,0.26,1.23,12.00,STOP_WARNING,0.00,,13.80,12.10,504,15.12,46.6,0,0,0.00,0.00,0.00,0.38,0.00,0.00,0,0,0.00,0
2026-04-25 14:28:52,1196.39,0,0,0,0,0,0,0,-0.37,0,0.00,4.80,0.85,0.00,0.00,D,0.00,0.42,0.28,1.23,12.00,STOP_WARNING,0.00,,14.20,12.00,504,16.14,46.1,0,0,0.00,0.00,0.00,0.42,0.00,0.00,0,0,0.00,0
2026-04-25 14:28:53,1197.40,0,0,0,0,0,0,0,0.00,0,0.00,4.80,0.85,0.00,0.00,D,0.00,0.31,0.28,1.23,12.00,STOP_WARNING,0.00,,15.20,12.10,504,17.15,45.5,0,0,0.00,0.00,0.00,0.31,0.00,0.00,0,0,0.00,0
2026-04-25 14:28:54,1198.41,0,0,0,0,0,0,0,0.00,0,0.00,4.80,0.85,0.00,0.00,D,0.00,0.23,0.24,0.30,12.00,STOP_WARNING,0.00,,15.10,12.10,504,18.17,45.5,0,0,0.00,0.00,0.00,0.23,0.00,0.00,0,0,0.00,0
2026-04-25 14:28:55,1199.43,0,0,1,0,0,0,0,0.00,0,1.00,4.80,0.85,0.00,0.05,D,0.00,0.27,0.22,1.22,12.00,STOP_WARNING,0.00,,13.70,12.10,504,19.18,44.4,0,0,0.00,0.00,0.00,0.27,0.00,0.00,0,0,0.00,0
2026-04-25 14:28:56,1200.44,0,0,0,0,0,0,0,0.00,0,0.00,4.80,0.85,0.00,0.00,D,0.00,0.25,0.20,0.13,0.13,STOP_WARNING,0.00,,14.40,12.10,504,20.20,45.5,0,0,0.00,0.00,0.00,0.25,0.00,0.00,0,0,0.00,0
2026-04-25 14:28:57,1201.46,0,0,0,0,0,0,0,0.00,0,0.00,4.80,0.85,0.00,0.00,D,0.00,0.24,0.20,0.13,0.20,STOP_WARNING,0.00,,14.60,12.10,504,21.21,45.5,0,0,0.00,0.00,0.00,0.24,0.00,0.00,0,0,0.00,0
2026-04-25 14:28:58,1202.47,0,0,0,0,0,0,0,0.00,0,0.00,4.80,0.85,0.00,0.00,D,0.00,0.25,0.20,0.12,0.21,STOP_WARNING,0.00,,14.80,12.10,504,22.23,45.5,0,0,0.00,0.00,0.00,0.25,0.00,0.00,0,0,0.00,0
2026-04-25 14:28:59,1203.58,0,0,0,0,0,0,0,0.00,0,1.00,4.80,0.85,0.00,0.14,D,0.00,0.24,0.20,0.11,0.12,STOP_WARNING,0.00,,15.30,12.10,504,23.34,45.0,0,0,0.00,0.00,0.00,0.24,0.00,0.00,0,0,0.00,0
2026-04-25 14:29:00,1204.49,0,0,0,0,0,0,0,0.00,0,0.00,4.80,0.85,0.03,0.49,D,0.00,0.23,0.22,0.11,0.12,STOP_WARNING,0.00,,14.80,12.10,504,0.02,45.5,0,0,0.00,0.00,0.00,0.23,0.00,0.00,0,0,0.00,0
2026-04-25 14:29:01,1205.50,0,0,0,0,0,0,0,0.00,0,0.00,4.80,0.85,0.00,0.00,D,0.00,0.23,0.22,0.10,0.12,STOP_WARNING,0.00,,14.90,12.00,504,0.00,46.1,0,0,0.00,0.00,0.00,0.23,0.00,0.00,0,0,0.00,0
2026-04-25 14:29:02,1206.51,0,0,0,0,0,0,0,0.97,0,0.00,4.80,0.85,0.00,0.00,D,0.00,0.23,0.25,0.10,0.10,STOP_WARNING,0.00,,14.10,12.00,504,0.41,44.4,0,0,0.00,0.00,0.00,0.23,0.00,0.00,0,0,0.00,0
2026-04-25 14:29:03,1207.52,0,0,0,0,0,0,0,0.00,0,0.00,4.80,0.84,0.00,0.00,D,0.00,0.21,0.17,0.10,0.10,STOP_WARNING,0.00,,14.50,12.00,504,0.51,43.9,0,0,0.00,0.00,0.00,0.21,0.00,0.00,0,0,0.00,0
2026-04-25 14:29:04,1208.53,0,0,0,0,0,0,0,0.94,0,0.00,4.80,0.84,0.00,0.00,D,0.00,0.23,0.20,0.10,0.10,STOP_WARNING,0.00,,14.90,12.00,504,0.64,45.5,0,0,0.00,0.00,0.00,0.23,0.00,0.00,0,0,0.00,0
2026-04-25 14:29:05,1209.65,0,0,0,0,0,0,0,-0.79,0,0.00,4.80,0.84,0.00,0.00,D,0.00,0.23,0.25,0.10,0.11,STOP_WARNING,0.00,,15.20,12.00,504,0.15,45.0,0,0,0.00,0.00,0.00,0.23,0.00,0.00,0,0,0.00,0
2026-04-25 14:29:06,1210.55,0,0,0,0,0,0,0,0.00,0,0.00,4.80,0.84,0.00,0.00,D,0.00,0.23,0.24,0.11,0.14,STOP_WARNING,0.00,,14.80,12.10,504,0.80,44.4,0,0,0.00,0.00,0.00,0.23,0.00,0.00,0,0,0.00,0
2026-04-25 14:29:07,1211.56,0,0,0,0,0,0,0,0.00,0,0.00,4.80,0.84,0.00,0.00,D,0.00,0.23,0.23,0.12,0.18,STOP_WARNING,0.00,,16.10,12.00,504,1.82,44.4,0,0,0.00,0.00,0.00,0.23,0.00,0.00,0,0,0.00,0
2026-04-25 14:29:08,1212.57,0,0,0,0,0,0,0,0.00,0,0.00,4.80,0.84,0.00,0.00,D,0.00,0.23,0.22,0.12,0.18,STOP_WARNING,0.00,,14.40,12.00,504,2.83,44.4,0,0,0.00,0.00,0.00,0.23,0.00,0.00,0,0,0.00,0
2026-04-25 14:29:09,1213.58,0,0,0,0,0,0,0,0.00,0,0.00,4.80,0.84,0.00,0.00,D,0.00,0.23,0.22,0.12,0.18,STOP_WARNING,0.00,,14.50,12.00,504,3.84,45.0,0,0,0.00,0.00,0.00,0.23,0.00,0.00,0,0,0.00,0
2026-04-25 14:29:10,1214.59,0,0,0,0,0,0,0,0.00,0,0.00,4.80,0.84,0.00,0.00,D,0.00,0.23,0.22,0.13,0.17,STOP_WARNING,0.00,,16.00,12.10,504,0.09,45.5,0,0,0.00,0.00,0.00,0.23,0.00,0.00,0,0,0.00,0
2026-04-25 14:29:11,1215.61,0,0,0,0,0,0,0,0.00,0,0.00,4.80,0.84,0.00,0.00,D,0.00,0.24,0.18,0.13,0.11,STOP_WARNING,0.00,,15.10,12.10,504,1.11,43.9,0,0,0.00,0.00,0.00,0.24,0.00,0.00,0,0,0.00,0
2026-04-25 14:29:12,1216.61,0,0,0,0,0,0,0,0.00,0,0.00,4.80,0.84,0.00,0.00,D,0.00,0.23,0.17,0.12,0.10,STOP_WARNING,0.00,,14.50,12.00,504,0.00,45.0,0,0,0.00,0.00,0.00,0.23,0.00,0.00,0,0,0.00,0
2026-04-25 14:29:13,1217.63,0,0,0,0,0,0,0,0.00,0,0.00,4.80,0.84,0.00,0.00,D,0.00,0.20,0.20,0.13,0.13,STOP_WARNING,0.00,,14.90,12.00,504,0.55,46.1,0,0,0.00,0.00,0.00,0.20,0.00,0.00,0,0,0.00,0
2026-04-25 14:29:14,1218.64,0,0,0,0,0,0,0,0.00,0,0.00,4.80,0.84,0.00,0.00,D,0.00,0.20,0.19,0.12,0.12,STOP_WARNING,0.00,,14.50,12.10,504,1.56,45.0,0,0,0.00,0.00,0.00,0.20,0.00,0.00,0,0,0.00,0
2026-04-25 14:29:15,1219.65,0,0,0,0,0,0,0,0.00,0,0.00,4.80,0.84,0.00,0.00,D,0.00,0.20,0.18,0.10,0.11,STOP_WARNING,0.00,,14.40,12.00,504,0.00,45.0,0,0,0.00,0.00,0.00,0.20,0.00,0.00,0,0,0.00,0
2026-04-25 14:29:16,1220.66,0,0,0,0,0,0,0,0.00,0,0.00,4.80,0.84,0.00,0.00,D,0.00,0.24,0.20,0.11,0.03,STOP_WARNING,0.00,,14.50,12.00,504,0.05,45.5,0,0,0.00,0.00,0.00,0.24,0.00,0.00,0,0,0.00,0
2026-04-25 14:29:17,1221.67,0,0,0,0,0,0,0,0.00,0,0.00,4.80,0.83,0.00,0.00,D,0.00,0.15,0.17,0.15,0.03,STOP_WARNING,0.00,,14.00,12.00,504,0.04,45.0,0,0,0.00,0.00,0.00,0.15,0.00,0.00,0,0,0.00,0
2026-04-25 14:29:18,1222.69,0,0,0,0,0,0,0,0.00,0,0.00,4.80,0.83,0.00,0.00,D,0.00,0.27,0.17,0.15,0.04,STOP_WARNING,0.00,,15.30,12.00,504,0.33,45.0,0,0,0.00,0.00,0.00,0.27,0.00,0.00,0,0,0.00,0
2026-04-25 14:29:19,1223.80,0,0,0,0,0,0,0,0.00,0,0.00,4.80,0.83,0.00,0.00,D,0.00,0.27,0.20,0.07,0.07,STOP_WARNING,0.00,,15.10,12.10,504,1.44,45.0,0,0,0.00,0.00,0.00,0.27,0.00,0.00,0,0,0.00,0
2026-04-25 14:29:20,1224.70,0,0,0,0,0,0,0,0.00,0,0.00,4.80,0.83,0.00,0.00,D,0.00,0.25,0.20,0.08,0.06,STOP_WARNING,0.00,,13.20,12.00,504,0.85,45.0,0,0,0.00,0.00,0.00,0.25,0.00,0.00,0,0,0.00,0
2026-04-25 14:29:21,1225.71,0,0,0,0,0,0,0,0.00,0,0.00,4.80,0.83,0.00,0.00,D,0.00,0.19,0.18,12.00,0.05,STOP_WARNING,0.00,,14.80,12.00,504,1.87,45.0,0,0,0.00,0.00,0.00,0.19,0.00,0.00,0,0,0.00,0
2026-04-25 14:29:22,1226.73,0,0,0,0,0,0,0,0.00,0,0.00,4.80,0.83,0.00,0.00,D,0.00,0.17,0.22,12.00,0.40,STOP_WARNING,0.00,,16.30,12.10,504,2.88,45.5,0,0,0.00,0.00,0.00,0.17,0.00,0.00,0,0,0.00,0
2026-04-25 14:29:23,1227.84,0,0,0,0,0,0,0,0.00,0,0.00,4.80,0.83,0.00,0.00,D,0.00,0.16,0.22,0.17,0.06,STOP_WARNING,0.00,,12.90,12.10,504,3.99,45.0,0,0,0.00,0.00,0.00,0.16,0.00,0.00,0,0,0.00,0
2026-04-25 14:29:24,1228.74,0,0,0,0,0,0,0,0.00,0,0.00,4.80,0.83,0.00,0.00,D,0.00,0.25,0.22,0.06,0.04,STOP_WARNING,0.00,,14.10,12.10,504,4.89,43.9,0,0,0.00,0.00,0.00,0.25,0.00,0.00,0,0,0.00,0
2026-04-25 14:29:25,1229.85,0,0,0,0,0,0,0,0.00,0,0.00,4.80,0.83,0.00,0.00,D,0.00,0.23,0.20,0.08,0.09,STOP_WARNING,0.00,,14.10,12.00,504,6.01,44.4,0,0,0.00,0.00,0.00,0.23,0.00,0.00,0,0,0.00,0
2026-04-25 14:29:26,1230.86,0,0,0,0,0,0,0,0.00,0,0.00,4.80,0.83,0.00,0.00,D,0.00,0.26,0.17,0.18,0.07,STOP_WARNING,0.00,,14.20,12.00,504,7.02,46.1,0,0,0.00,0.00,0.00,0.26,0.00,0.00,0,0,0.00,0
2026-04-25 14:29:27,1231.77,0,0,0,0,0,0,0,0.00,0,0.00,4.80,0.83,0.00,0.00,D,0.00,0.27,0.13,0.20,0.13,STOP_WARNING,0.00,,15.50,12.10,504,7.92,45.0,0,0,0.00,0.00,0.00,0.27,0.00,0.00,0,0,0.00,0
2026-04-25 14:29:28,1232.77,0,0,0,0,0,0,0,0.00,0,0.00,4.80,0.83,0.00,0.00,D,0.00,0.29,0.12,0.14,0.12,STOP_WARNING,0.00,,13.90,12.00,504,0.05,45.0,0,0,0.00,0.00,0.00,0.29,0.00,0.00,0,0,0.00,0
2026-04-25 14:29:29,1233.78,0,0,0,0,0,0,0,0.00,0,0.00,4.80,0.83,0.00,0.00,D,0.00,0.54,12.00,0.42,0.39,STOP_WARNING,0.00,,13.10,12.10,504,0.97,44.4,0,0,0.00,0.00,0.00,0.54,0.00,0.00,0,0,0.00,0
2026-04-25 14:29:30,1234.80,0,0,0,0,0,0,0,0.00,0,0.00,4.80,0.83,0.00,0.00,D,0.00,12.00,12.00,0.57,0.40,^,0.00,,16.30,12.10,504,1.99,43.3,0,0,0.00,0.00,0.00,12.00,0.00,0.00,0,0,0.00,0
2026-04-25 14:29:31,1235.81,0,0,0,0,0,0,0,0.00,0,0.00,4.80,0.83,0.00,0.00,D,0.00,12.00,12.00,0.17,0.08,^,0.00,,14.00,12.10,504,3.00,43.9,0,0,0.00,0.00,0.00,12.00,0.00,0.00,0,0,0.00,0
2026-04-25 14:29:32,1236.82,0,0,0,0,0,0,0,0.00,0,0.00,4.80,0.82,0.00,0.00,D,0.00,12.00,12.00,0.12,0.12,^,0.00,,16.30,12.10,504,4.01,45.0,0,0,0.00,0.00,0.00,12.00,0.00,0.00,0,0,0.00,0
2026-04-25 14:29:33,1237.93,0,0,0,0,0,0,0,0.00,0,0.00,4.80,0.82,0.00,0.00,D,0.00,12.00,12.00,0.16,0.13,^,0.00,,16.20,12.10,504,0.58,45.5,0,0,0.00,0.00,0.00,12.00,0.00,0.00,0,0,0.00,0
2026-04-25 14:29:34,1238.84,0,0,0,0,0,0,0,0.00,0,0.00,4.80,0.82,0.01,0.12,D,0.00,12.00,12.00,0.23,0.77,^,0.00,,16.00,12.10,504,0.19,45.0,0,0,0.00,0.00,0.00,12.00,0.00,0.00,0,0,0.00,0
2026-04-25 14:29:35,1239.85,0,0,0,0,0,0,0,0.00,0,0.00,4.80,0.82,0.00,0.00,D,0.00,12.00,12.00,0.25,0.77,^,0.00,,15.40,12.10,504,0.71,45.5,0,0,0.00,0.00,0.00,12.00,0.00,0.00,0,0,0.00,0
2026-04-25 14:29:36,1240.97,0,0,1,0,0,0,0,0.00,0,0.00,4.80,0.82,0.00,0.00,D,0.00,12.00,12.00,0.25,0.70,^,0.00,,13.60,12.00,504,1.82,45.0,0,0,0.00,0.00,0.00,12.00,0.00,0.00,0,0,0.00,0
2026-04-25 14:29:37,1241.87,0,0,0,0,0,0,0,0.00,0,0.00,4.80,0.82,0.00,0.00,D,0.00,5.90,12.00,12.00,0.50,^,0.00,,15.00,12.00,504,2.73,45.0,0,0,0.00,0.00,0.00,5.90,0.00,0.00,0,0,0.00,0
2026-04-25 14:29:38,1242.88,0,0,0,0,0,0,0,0.00,0,0.00,4.80,0.82,0.00,0.00,D,0.00,12.00,12.00,12.00,0.42,^,0.00,,14.20,12.00,504,3.74,45.0,0,0,0.00,0.00,0.00,12.00,0.00,0.00,0,0,0.00,0
2026-04-25 14:29:39,1243.90,0,0,0,1,0,0,0,0.00,0,0.00,4.80,0.82,0.00,0.00,N,0.00,12.00,12.00,12.00,0.46,^,0.00,,14.20,12.00,504,4.75,45.5,0,0,0.00,0.00,0.00,12.00,0.00,0.00,0,0,0.00,0
2026-04-25 14:29:40,1244.91,0,0,0,1,0,0,0,0.00,0,0.00,4.80,0.82,0.00,-0.00,R,0.00,12.00,12.00,12.00,0.47,^,0.00,,15.50,12.00,504,5.76,45.5,0,0,0.00,0.00,0.00,12.00,0.00,0.00,0,0,0.00,0
2026-04-25 14:29:41,1245.92,0,0,0,0,0,0,0,0.00,0,1.00,4.80,0.82,0.00,-0.12,R,0.00,12.00,12.00,12.00,0.64,^,0.00,,14.00,12.00,504,6.77,44.4,0,0,0.00,0.00,0.00,12.00,0.00,0.00,0,0,0.00,0
2026-04-25 14:29:42,1246.93,0,0,0,0,0,0,0,0.00,0,1.00,4.80,0.82,0.30,-0.63,R,0.00,12.00,12.00,12.00,0.77,^,0.00,,14.90,12.00,504,0.00,45.5,0,0,0.00,0.00,0.00,12.00,0.00,0.00,0,0,0.00,0
2026-04-25 14:29:43,1247.94,0,0,0,0,0,0,0,0.00,0,0.00,4.80,0.82,2.22,-0.80,R,0.00,0.98,12.00,0.95,0.54,WARN_WARNING,0.00,,17.20,12.10,504,0.00,44.4,0,0,0.00,0.00,0.00,0.98,0.00,0.00,0,0,0.00,0
2026-04-25 14:29:44,1248.96,0,0,0,0,0,0,0,0.00,0,0.00,4.80,0.82,2.86,-0.19,R,0.00,1.52,12.00,0.57,0.48,^,0.00,,16.00,12.10,504,0.00,43.9,0,0,0.00,0.00,0.00,1.52,0.00,0.00,0,0,0.00,0
2026-04-25 14:29:45,1249.97,0,0,0,0,0,0,0,0.00,0,1.00,4.80,0.82,3.06,-0.66,R,0.00,12.00,12.00,0.56,0.49,^,0.00,,16.30,12.10,504,0.00,45.0,0,0,0.00,0.00,0.00,12.00,0.00,0.00,0,0,0.00,0
2026-04-25 14:29:46,1250.98,0,0,0,0,0,0,0,0.00,0,0.00,4.80,0.82,4.49,-0.82,R,0.00,12.00,12.00,0.57,0.49,^,0.00,,18.20,12.10,504,0.00,45.0,0,0,0.00,0.00,0.00,12.00,0.00,0.00,0,0,0.00,0
2026-04-25 14:29:48,1252.09,0,0,0,0,0,0,0,0.00,0,1.00,4.80,0.83,4.29,-0.99,R,0.00,0.60,12.00,0.55,0.49,STOP_WARNING,0.00,,16.50,12.10,504,0.00,44.4,0,0,0.00,0.00,0.00,0.60,0.00,0.00,0,0,0.00,0
2026-04-25 14:29:49,1253.00,0,0,0,1,0,0,0,0.00,1,0.00,4.80,0.83,4.16,0.00,P,0.00,0.42,12.00,0.55,0.49,STOP_WARNING,0.00,,16.40,12.10,504,0.00,43.9,0,0,0.00,0.00,0.00,0.42,0.00,0.00,0,0,0.00,0
2026-04-25 14:29:50,1254.11,0,0,0,0,0,0,0,0.00,1,1.00,4.80,0.83,0.00,0.00,P,0.00,0.54,0.21,0.55,0.49,STOP_WARNING,0.00,,14.30,12.10,504,0.79,45.0,0,0,0.00,0.00,0.00,0.54,0.00,0.00,0,0,0.00,0
2026-04-25 14:29:51,1255.01,0,0,0,0,0,0,0,0.00,1,0.00,4.80,0.83,0.00,0.00,P,0.00,0.51,0.24,0.55,0.49,STOP_WARNING,0.00,,14.10,12.10,504,0.58,45.0,0,0,0.00,0.00,0.00,0.51,0.00,0.00,0,0,0.00,0
2026-04-25 14:29:52,1256.03,0,0,0,0,0,0,0,0.00,1,1.00,4.80,0.83,0.00,0.00,P,0.00,0.53,0.22,0.56,0.22,STOP_WARNING,0.00,,14.50,12.10,504,0.02,45.5,0,0,0.00,0.00,0.00,0.53,0.00,0.00,0,0,0.00,0
2026-04-25 14:29:53,1257.04,0,0,0,0,0,0,0,0.00,1,1.00,4.80,0.83,0.00,0.00,P,0.00,0.52,0.23,0.46,0.23,STOP_WARNING,0.00,,16.20,12.10,504,0.10,44.4,0,0,0.00,0.00,0.00,0.52,0.00,0.00,0,0,0.00,0
2026-04-25 14:29:54,1258.04,0,0,0,0,0,0,0,0.00,1,1.00,4.80,0.83,0.00,0.00,P,0.00,0.52,0.22,0.44,0.22,STOP_WARNING,0.00,,15.10,12.10,504,0.14,43.9,0,0,0.00,0.00,0.00,0.52,0.00,0.00,0,0,0.00,0
2026-04-25 14:29:55,1259.06,0,0,0,0,0,0,0,0.00,1,0.00,4.80,0.83,0.00,0.00,P,0.00,0.41,0.32,0.96,0.47,STOP_WARNING,0.00,,15.20,12.10,504,0.10,44.4,0,0,0.00,0.00,0.00,0.41,0.00,0.00,0,0,0.00,0
2026-04-25 14:29:56,1260.17,0,0,0,0,0,0,0,0.00,1,1.00,4.80,0.83,0.00,0.00,P,0.00,0.89,0.37,0.54,0.51,WARN_WARNING,0.00,,13.60,12.00,504,1.21,44.4,0,0,0.00,0.00,0.00,0.89,0.00,0.00,0,0,0.00,0
2026-04-25 14:29:57,1261.07,0,0,0,0,0,0,0,0.00,1,1.00,4.80,0.82,0.00,0.00,P,0.00,0.89,0.39,0.54,0.40,WARN_WARNING,0.00,,15.10,12.10,504,2.12,44.4,0,0,0.00,0.00,0.00,0.89,0.00,0.00,0,0,0.00,0
2026-04-25 14:29:58,1262.09,0,0,0,0,0,0,0,0.00,1,1.00,4.80,0.82,0.00,0.00,P,0.00,0.07,0.38,0.07,0.35,STOP_WARNING,0.00,,14.60,12.10,504,3.13,43.3,0,0,0.00,0.00,0.00,0.07,0.00,0.00,0,0,0.00,0
2026-04-25 14:29:59,1263.20,0,0,0,0,0,0,0,0.00,1,0.00,4.80,0.82,0.00,0.00,P,0.00,0.10,0.12,0.54,0.34,STOP_WARNING,0.00,,16.20,12.00,504,4.24,44.4,0,0,0.00,0.00,0.00,0.10,0.00,0.00,0,0,0.00,0
2026-04-25 14:30:00,1264.21,0,0,0,1,0,0,0,0.00,1,0.00,4.80,0.82,0.00,0.00,P,0.00,0.89,0.26,0.52,0.37,WARN_WARNING,0.00,,15.00,12.00,504,5.26,43.9,0,0,0.00,0.00,0.00,0.89,0.00,0.00,0,0,0.00,0
2026-04-25 14:30:01,1265.12,0,0,0,0,0,0,0,0.00,1,0.00,4.80,0.82,0.00,0.00,P,0.00,0.25,0.20,0.55,0.20,STOP_WARNING,0.00,,14.60,12.10,504,6.16,43.9,0,0,0.00,0.00,0.00,0.25,0.00,0.00,0,0,0.00,0
2026-04-25 14:30:02,1266.13,0,0,0,0,0,0,0,0.00,1,0.00,4.80,0.82,0.35,0.00,P,0.00,0.27,0.18,0.54,0.19,STOP_WARNING,0.00,,14.50,12.00,504,0.00,44.4,0,0,0.00,0.00,0.00,0.27,0.00,0.00,0,0,0.00,0
2026-04-25 14:30:03,1267.14,0,0,0,0,0,0,0,0.00,1,0.48,4.80,0.82,0.00,0.00,P,0.00,0.31,0.17,12.00,0.30,STOP_WARNING,0.00,,15.90,12.00,504,0.11,44.4,0,0,0.00,0.00,0.00,0.31,0.00,0.00,0,0,0.00,0
2026-04-25 14:30:04,1268.15,0,0,0,0,0,0,0,0.00,1,1.00,4.80,0.82,0.00,0.00,P,0.00,12.00,12.00,12.00,0.37,^,0.00,,13.80,12.10,504,0.70,45.0,0,0,0.00,0.00,0.00,12.00,0.00,0.00,0,0,0.00,0
2026-04-25 14:30:05,1269.16,0,0,0,0,0,0,0,0.00,1,0.00,4.80,0.82,0.00,0.00,P,0.00,12.00,12.00,12.00,0.57,^,0.00,,15.10,12.10,504,1.71,45.0,0,0,0.00,0.00,0.00,12.00,0.00,0.00,0,0,0.00,0
2026-04-25 14:30:06,1270.17,0,0,1,1,0,0,0,0.00,1,0.00,4.80,0.82,0.00,0.00,P,0.00,12.00,12.00,12.00,0.56,^,0.00,,14.90,12.10,504,2.72,45.0,0,0,0.00,0.00,0.00,12.00,0.00,0.00,0,0,0.00,0
2026-04-25 14:30:07,1271.19,0,0,0,0,0,0,0,0.00,1,0.00,4.80,0.82,0.00,0.00,P,0.00,12.00,12.00,12.00,0.56,^,0.00,,13.70,12.10,504,1.01,45.5,0,0,0.00,0.00,0.00,12.00,0.00,0.00,0,0,0.00,0
2026-04-25 14:30:08,1272.20,0,0,0,0,0,0,0,0.00,1,1.00,4.80,0.82,0.00,0.00,P,0.00,12.00,12.00,12.00,0.51,^,0.00,,14.40,12.10,504,0.74,45.0,0,0,0.00,0.00,0.00,12.00,0.00,0.00,0,0,0.00,0
2026-04-25 14:30:09,1273.21,0,0,1,0,0,0,0,0.00,0,0.00,4.80,0.82,0.00,-0.00,R,0.00,12.00,12.00,12.00,0.50,^,0.00,,14.00,12.00,504,1.75,45.0,0,0,0.00,0.00,0.00,12.00,0.00,0.00,0,0,0.00,0
2026-04-25 14:30:10,1274.23,0,0,1,0,0,0,0,0.00,0,0.00,4.80,0.82,0.00,0.00,N,0.00,12.00,12.00,12.00,0.53,^,0.00,,13.20,12.00,504,2.76,44.4,0,0,0.00,0.00,0.00,12.00,0.00,0.00,0,0,0.00,0
2026-04-25 14:30:11,1275.24,0,0,1,0,0,0,0,0.00,0,1.00,4.80,0.82,0.01,0.21,D,0.00,12.00,12.00,12.00,0.53,^,0.00,,16.00,12.00,504,0.09,44.4,0,0,0.00,0.00,0.00,12.00,0.00,0.00,0,0,0.00,0
2026-04-25 14:30:12,1276.35,0,0,0,0,0,0,0,0.00,0,1.00,4.80,0.82,0.10,0.71,D,0.00,12.00,12.00,12.00,0.56,^,0.00,,14.70,12.00,504,0.00,44.4,0,0,0.00,0.00,0.00,12.00,0.00,0.00,0,0,0.00,0
2026-04-25 14:30:13,1277.26,0,0,0,0,0,0,0,0.00,0,1.00,4.80,0.82,2.88,1.00,D,0.00,12.00,12.00,12.00,1.03,^,0.00,,15.00,12.10,504,0.00,45.0,0,0,0.00,0.00,0.00,12.00,0.00,0.00,0,0,0.00,0
2026-04-25 14:30:14,1278.27,0,0,0,0,0,0,0,-1.00,0,1.00,4.80,0.82,3.60,1.00,D,0.00,12.00,12.00,12.00,2.25,^,0.00,,17.90,12.00,504,0.00,44.4,0,0,0.00,0.00,0.00,12.00,0.00,0.00,0,0,0.00,0
2026-04-25 14:30:15,1279.28,0,0,0,0,0,0,0,1.00,0,1.00,4.80,0.82,3.26,1.00,D,0.00,1.49,2.07,1.51,12.00,WARN_WARNING,0.00,,18.00,12.10,504,0.00,45.5,0,0,0.00,0.00,0.00,1.49,0.00,0.00,0,0,0.00,0
2026-04-25 14:30:16,1280.28,0,0,0,0,0,0,0,0.00,0,1.00,4.80,0.82,2.49,1.00,D,0.00,12.00,0.73,12.00,12.00,^,0.00,,17.90,12.10,504,0.00,45.5,0,0,0.00,0.00,0.00,12.00,0.00,0.00,0,0,0.00,0
2026-04-25 14:30:17,1281.30,0,0,0,0,0,0,0,1.00,0,0.00,4.80,0.82,2.59,0.43,D,0.00,12.00,12.00,12.00,0.73,^,0.00,,18.60,12.00,504,0.00,45.0,0,0,0.00,0.00,0.00,12.00,0.00,0.00,0,0,0.00,0
2026-04-25 14:30:18,1282.31,0,0,0,0,0,0,0,0.00,0,0.00,4.80,0.82,0.00,0.00,D,0.00,12.00,12.00,12.00,0.62,^,0.00,,13.70,12.10,504,0.80,45.5,0,0,0.00,0.00,0.00,12.00,0.00,0.00,0,0,0.00,0
2026-04-25 14:30:19,1283.32,0,0,0,1,0,0,0,0.00,0,0.00,4.80,0.82,0.00,0.00,N,0.00,12.00,0.36,12.00,0.34,^,0.00,,11.70,12.00,504,1.81,44.4,0,0,0.00,0.00,0.00,12.00,0.00,0.00,0,0,0.00,0
2026-04-25 14:30:20,1284.33,0,0,0,0,0,0,0,0.00,0,0.00,4.80,0.82,0.00,0.00,N,0.00,12.00,0.57,12.00,0.37,^,0.00,,12.80,12.10,504,0.01,46.1,0,0,0.00,0.00,0.00,12.00,0.00,0.00,0,0,0.00,0
2026-04-25 14:30:21,1285.34,0,0,0,0,0,0,0,0.00,0,0.00,4.80,0.82,0.00,0.00,N,0.00,12.00,0.61,12.00,0.57,^,0.00,,14.00,12.10,504,1.02,46.1,0,0,0.00,0.00,0.00,12.00,0.00,0.00,0,0,0.00,0
2026-04-25 14:30:22,1286.35,0,0,0,0,0,0,0,0.00,0,0.00,4.80,0.82,0.00,0.00,N,0.00,12.00,0.26,12.00,0.24,^,0.00,,11.00,12.10,504,2.03,45.5,0,0,0.00,0.00,0.00,12.00,0.00,0.00,0,0,0.00,0
2026-04-25 14:30:23,1287.37,0,0,0,1,0,0,0,0.00,0,0.00,4.80,0.82,0.00,-0.00,R,0.00,12.00,0.56,12.00,0.30,^,0.00,,15.10,12.10,504,3.04,44.4,0,0,0.00,0.00,0.00,12.00,0.00,0.00,0,0,0.00,0
2026-04-25 14:30:24,1288.38,0,0,0,0,0,0,0,0.30,0,0.00,4.80,0.82,0.00,-0.00,R,0.00,12.00,0.56,12.00,1.80,^,0.00,,14.70,12.10,504,4.05,45.5,0,0,0.00,0.00,0.00,12.00,0.00,0.00,0,0,0.00,0
2026-04-25 14:30:25,1289.39,0,0,0,0,0,0,0,0.00,0,0.00,4.80,0.82,0.00,-0.00,R,0.00,12.00,0.21,12.00,1.80,^,0.00,,14.00,12.10,504,5.07,43.9,0,0,0.00,0.00,0.00,12.00,0.00,0.00,0,0,0.00,0
2026-04-25 14:30:26,1290.40,0,0,0,0,0,0,0,0.00,0,0.00,4.80,0.82,0.00,-0.00,R,0.00,12.00,0.18,12.00,1.80,^,0.00,,14.20,12.00,504,0.49,45.0,0,0,0.00,0.00,0.00,12.00,0.00,0.00,0,0,0.00,0
2026-04-25 14:30:27,1291.42,0,0,0,0,0,0,0,0.00,0,0.00,4.80,0.82,0.00,-0.00,R,0.00,12.00,0.25,12.00,1.81,^,0.00,,15.00,12.00,504,1.51,43.9,0,0,0.00,0.00,0.00,12.00,0.00,0.00,0,0,0.00,0
2026-04-25 14:30:28,1292.43,0,0,0,0,0,0,0,0.00,0,0.00,4.80,0.82,0.00,-0.00,R,0.00,12.00,0.53,12.00,0.81,^,0.00,,13.40,12.00,504,2.52,46.1,0,0,0.00,0.00,0.00,12.00,0.00,0.00,0,0,0.00,0
2026-04-25 14:30:29,1293.45,0,0,0,0,0,0,0,0.00,0,0.00,4.80,0.82,0.00,-0.00,R,0.00,12.00,1.35,12.00,1.25,^,0.00,,14.00,12.00,504,3.53,45.5,0,0,0.00,0.00,0.00,12.00,0.00,0.00,0,0,0.00,0
2026-04-25 14:30:30,1294.46,0,0,0,0,0,0,0,0.35,0,0.00,4.80,0.82,0.00,-0.00,R,0.00,12.00,12.00,12.00,1.22,^,0.00,,14.90,12.10,504,4.55,44.4,0,0,0.00,0.00,0.00,12.00,0.00,0.00,0,0,0.00,0
2026-04-25 14:30:31,1295.47,0,0,0,0,0,0,0,-0.98,0,0.00,4.80,0.81,0.00,-0.00,R,0.00,12.00,12.00,12.00,1.14,^,0.00,,14.40,12.10,504,5.56,43.9,0,0,0.00,0.00,0.00,12.00,0.00,0.00,0,0,0.00,0
2026-04-25 14:30:32,1296.47,0,0,0,0,0,0,0,0.00,0,0.00,4.80,0.81,0.00,-0.00,R,0.00,12.00,12.00,12.00,1.20,^,0.00,,14.00,12.00,504,6.56,45.0,0,0,0.00,0.00,0.00,12.00,0.00,0.00,0,0,0.00,0
2026-04-25 14:30:33,1297.48,0,0,0,0,0,0,0,0.00,0,0.00,4.80,0.81,0.00,-0.00,R,0.00,12.00,12.00,12.00,1.14,^,0.00,,14.90,12.00,504,7.57,45.0,0,0,0.00,0.00,0.00,12.00,0.00,0.00,0,0,0.00,0
2026-04-25 14:30:34,1298.49,0,0,0,0,0,0,0,0.10,0,0.00,4.80,0.81,0.00,-0.00,R,0.00,12.00,12.00,12.00,1.15,^,0.00,,11.60,12.00,504,8.58,44.4,0,0,0.00,0.00,0.00,12.00,0.00,0.00,0,0,0.00,0
2026-04-25 14:30:35,1299.50,0,0,0,0,0,0,0,0.10,0,0.00,4.80,0.81,0.00,-0.00,R,0.00,12.00,12.00,12.00,1.14,^,0.00,,11.90,12.00,504,9.59,46.1,0,0,0.00,0.00,0.00,12.00,0.00,0.00,0,0,0.00,0
2026-04-25 14:30:36,1300.52,0,0,0,0,0,0,0,0.00,0,1.00,4.80,0.81,0.00,-0.10,R,0.00,12.00,12.00,12.00,1.13,^,0.00,,13.00,12.00,504,0.03,45.5,0,0,0.00,0.00,0.00,12.00,0.00,0.00,0,0,0.00,0
2026-04-25 14:30:37,1301.53,0,0,0,0,0,0,0,0.00,0,1.00,4.80,0.81,0.04,-0.61,R,0.00,12.00,12.00,12.00,1.13,^,0.00,,11.70,12.00,504,0.00,46.6,0,0,0.00,0.00,0.00,12.00,0.00,0.00,0,0,0.00,0
2026-04-25 14:30:38,1302.54,0,0,0,0,0,0,0,-0.20,0,0.00,4.80,0.81,2.70,-0.78,R,0.00,12.00,1.19,12.00,1.55,^,0.00,,14.10,12.00,504,0.00,45.0,0,0,0.00,0.00,0.00,12.00,0.00,0.00,0,0,0.00,0
2026-04-25 14:30:39,1303.55,0,0,0,0,0,0,0,0.00,0,0.00,4.80,0.81,1.20,-0.17,R,0.00,12.00,12.00,12.00,1.23,^,0.00,,16.20,12.10,504,0.00,46.1,0,0,0.00,0.00,0.00,12.00,0.00,0.00,0,0,0.00,0
2026-04-25 14:30:40,1304.56,0,0,0,0,0,0,0,0.00,0,0.00,4.80,0.81,0.00,-0.00,R,0.00,12.00,12.00,12.00,0.98,^,0.00,,14.30,12.00,504,0.15,45.5,0,0,0.00,0.00,0.00,12.00,0.00,0.00,0,0,0.00,0
2026-04-25 14:30:41,1305.58,0,0,0,0,0,0,0,0.00,0,0.00,4.80,0.81,0.00,-0.00,R,0.00,12.00,12.00,12.00,0.93,^,0.00,,13.60,12.00,504,1.16,45.0,0,0,0.00,0.00,0.00,12.00,0.00,0.00,0,0,0.00,0
2026-04-25 14:30:42,1306.59,0,0,0,0,0,0,0,0.00,0,0.00,4.80,0.81,0.00,-0.00,R,0.00,12.00,12.00,12.00,0.82,^,0.00,,14.40,12.00,504,2.18,44.4,0,0,0.00,0.00,0.00,12.00,0.00,0.00,0,0,0.00,0
2026-04-25 14:30:43,1307.61,0,0,0,1,0,0,0,0.00,1,0.00,4.80,0.81,0.00,0.00,P,0.00,12.00,12.00,12.00,0.87,^,0.00,,13.60,12.00,504,3.19,45.0,0,0,0.00,0.00,0.00,12.00,0.00,0.00,0,0,0.00,0
2026-04-25 14:30:44,1308.62,0,0,1,0,0,0,0,0.00,0,0.00,4.80,0.81,0.00,-0.00,R,0.00,12.00,12.00,12.00,0.87,^,0.00,,15.10,12.00,504,4.20,45.5,0,0,0.00,0.00,0.00,12.00,0.00,0.00,0,0,0.00,0
2026-04-25 14:30:45,1309.63,0,0,0,0,0,0,0,-0.39,0,0.00,4.80,0.81,0.00,-0.00,R,0.00,12.00,12.00,12.00,0.85,^,0.00,,15.30,12.00,504,5.21,44.4,0,0,0.00,0.00,0.00,12.00,0.00,0.00,0,0,0.00,0
2026-04-25 14:30:46,1310.63,0,0,0,0,0,0,0,0.00,0,1.00,4.80,0.81,0.00,-0.27,R,0.00,12.00,12.00,12.00,0.84,^,0.00,,14.80,12.00,504,0.27,45.0,0,0,0.00,0.00,0.00,12.00,0.00,0.00,0,0,0.00,0
2026-04-25 14:30:47,1311.65,0,0,0,0,0,0,0,0.00,0,0.00,4.80,0.81,0.04,-0.34,R,0.00,12.00,12.00,12.00,0.82,^,0.00,,14.70,12.00,504,0.15,45.0,0,0,0.00,0.00,0.00,12.00,0.00,0.00,0,0,0.00,0
2026-04-25 14:30:48,1312.76,0,0,1,0,0,0,0,0.00,0,0.00,4.80,0.81,0.00,0.00,N,0.00,12.00,12.00,12.00,0.76,^,0.00,,14.00,12.10,504,0.56,45.5,0,0,0.00,0.00,0.00,12.00,0.00,0.00,0,0,0.00,0
2026-04-25 14:30:49,1313.66,0,0,0,0,0,0,0,0.00,0,0.00,4.80,0.81,0.00,0.00,N,0.00,12.00,12.00,12.00,0.71,^,0.00,,14.10,12.10,504,1.46,43.3,0,0,0.00,0.00,0.00,12.00,0.00,0.00,0,0,0.00,0
2026-04-25 14:30:50,1314.78,0,0,0,0,0,0,0,0.00,0,0.00,4.80,0.81,0.00,0.00,N,0.00,12.00,12.00,12.00,0.71,^,0.00,,14.70,12.10,504,2.57,43.9,0,0,0.00,0.00,0.00,12.00,0.00,0.00,0,0,0.00,0
2026-04-25 14:30:51,1315.68,0,0,0,0,0,0,0,0.00,0,0.00,4.80,0.81,0.00,0.00,N,0.00,12.00,12.00,12.00,0.72,^,0.00,,14.50,12.10,504,3.47,44.4,0,0,0.00,0.00,0.00,12.00,0.00,0.00,0,0,0.00,0
2026-04-25 14:30:52,1316.79,0,0,0,0,0,0,0,0.00,0,0.00,4.80,0.80,0.00,0.00,N,0.00,12.00,12.00,12.00,0.92,^,0.00,,14.50,12.10,504,4.59,44.4,0,0,0.00,0.00,0.00,12.00,0.00,0.00,0,0,0.00,0
2026-04-25 14:30:53,1317.69,0,0,1,0,0,0,0,0.00,0,0.00,4.80,0.80,0.00,0.00,D,0.00,12.00,12.00,12.00,0.76,^,0.00,,13.90,12.00,504,5.49,43.9,0,0,0.00,0.00,0.00,12.00,0.00,0.00,0,0,0.00,0
2026-04-25 14:30:54,1318.81,0,0,0,0,0,0,0,0.00,0,1.00,4.80,0.80,0.00,0.08,D,0.00,2.62,12.00,12.00,0.81,^,0.00,,14.20,12.10,504,6.60,44.4,0,0,0.00,0.00,0.00,2.62,0.00,0.00,0,0,0.00,0
2026-04-25 14:30:55,1319.71,0,0,0,0,0,0,0,0.00,0,0.00,4.80,0.80,0.11,0.48,D,0.00,2.43,12.00,12.00,0.81,^,0.00,,14.00,12.10,504,0.00,45.0,0,0,0.00,0.00,0.00,2.43,0.00,0.00,0,0,0.00,0
2026-04-25 14:30:56,1320.82,0,0,0,0,0,0,0,-0.61,0,0.96,4.80,0.80,0.74,0.77,D,0.00,2.23,12.00,12.00,0.86,^,0.00,,16.10,12.00,504,0.00,43.9,0,0,0.00,0.00,0.00,2.23,0.00,0.00,0,0,0.00,0
2026-04-25 14:30:57,1321.72,0,0,0,0,0,0,0,0.00,0,0.00,4.80,0.80,2.55,0.74,D,0.00,12.00,0.95,1.47,0.93,^,0.00,,18.10,12.00,504,0.00,46.1,0,0,0.00,0.00,0.00,12.00,0.00,0.00,0,0,0.00,0
2026-04-25 14:30:58,1322.73,0,0,0,0,0,0,0,1.00,0,0.82,4.80,0.80,1.73,0.38,D,0.00,1.38,12.00,1.11,1.05,^,0.00,,13.60,12.00,504,0.00,46.1,0,0,0.00,0.00,0.00,1.38,0.00,0.00,0,0,0.00,0
2026-04-25 14:30:59,1323.74,0,0,0,0,0,0,0,0.00,0,0.00,4.80,0.80,0.48,0.00,D,0.00,0.76,12.00,0.85,1.24,WARN_WARNING,0.00,,13.90,12.00,504,0.00,45.0,0,0,0.00,0.00,0.00,0.76,0.00,0.00,0,0,0.00,0
2026-04-25 14:31:00,1324.85,0,0,0,0,0,0,0,0.00,0,0.00,4.80,0.80,0.00,0.00,D,0.00,0.71,12.00,0.80,0.87,WARN_WARNING,0.00,,15.90,12.00,504,0.75,46.1,0,0,0.00,0.00,0.00,0.71,0.00,0.00,0,0,0.00,0
2026-04-25 14:31:01,1325.76,0,0,0,0,0,0,0,-0.14,0,1.00,4.80,0.80,0.07,0.50,D,0.00,0.74,12.00,0.83,0.79,WARN_WARNING,0.00,,13.20,12.00,504,0.00,45.0,0,0,0.00,0.00,0.00,0.74,0.00,0.00,0,0,0.00,0
2026-04-25 14:31:02,1326.78,0,0,0,0,0,0,0,0.00,0,1.00,4.80,0.80,2.19,1.00,D,0.00,0.36,12.00,0.36,1.13,STOP_WARNING,0.00,,15.70,12.00,504,0.00,43.9,0,0,0.00,0.00,0.00,0.36,0.00,0.00,0,0,0.00,0
2026-04-25 14:31:03,1327.78,0,0,0,0,0,0,0,0.00,0,0.00,4.80,0.80,0.42,0.74,D,0.00,0.23,12.00,0.23,0.38,STOP_WARNING,0.00,,17.00,12.00,504,0.14,44.4,0,0,0.00,0.00,0.00,0.23,0.00,0.00,0,0,0.00,0
2026-04-25 14:31:04,1328.79,0,0,0,0,0,0,0,0.00,0,0.00,4.80,0.80,0.01,0.13,D,0.00,0.23,2.67,0.23,0.37,STOP_WARNING,0.00,,16.80,12.00,504,0.16,46.1,0,0,0.00,0.00,0.00,0.23,0.00,0.00,0,0,0.00,0
2026-04-25 14:31:05,1329.80,0,0,0,0,0,0,0,0.00,0,0.00,4.80,0.80,0.00,0.00,D,0.00,0.23,2.67,0.23,0.38,STOP_WARNING,0.00,,12.40,12.10,504,0.84,44.4,0,0,0.00,0.00,0.00,0.23,0.00,0.00,0,0,0.00,0
2026-04-25 14:31:06,1330.91,0,0,0,0,0,0,0,0.00,0,0.00,4.80,0.80,0.00,0.00,D,0.00,0.23,2.66,0.23,0.39,STOP_WARNING,0.00,,13.40,12.10,504,0.30,45.5,0,0,0.00,0.00,0.00,0.23,0.00,0.00,0,0,0.00,0
2026-04-25 14:31:07,1331.81,0,0,0,0,0,0,0,0.00,0,0.00,4.80,0.80,0.00,0.00,D,0.00,0.23,0.28,0.23,0.23,STOP_WARNING,0.00,,11.80,12.10,504,1.20,45.5,0,0,0.00,0.00,0.00,0.23,0.00,0.00,0,0,0.00,0
2026-04-25 14:31:08,1332.83,0,0,0,0,0,0,0,0.00,0,0.00,4.80,0.80,0.00,0.00,D,0.00,0.23,12.00,0.23,0.20,STOP_WARNING,0.00,,12.60,12.00,504,2.21,45.5,0,0,0.00,0.00,0.00,0.23,0.00,0.00,0,0,0.00,0
2026-04-25 14:31:09,1333.84,0,0,0,0,0,0,0,0.00,0,0.00,4.80,0.80,0.00,0.00,D,0.00,0.24,12.00,0.24,0.16,STOP_WARNING,0.00,,12.30,12.00,504,3.22,46.1,0,0,0.00,0.00,0.00,0.24,0.00,0.00,0,0,0.00,0
2026-04-25 14:31:10,1334.85,0,0,0,0,0,0,0,0.00,0,0.00,4.80,0.80,0.00,0.00,D,0.00,0.24,12.00,0.25,0.18,STOP_WARNING,0.00,,15.10,12.00,504,4.23,46.6,0,0,0.00,0.00,0.00,0.24,0.00,0.00,0,0,0.00,0
2026-04-25 14:31:11,1335.87,0,0,0,0,0,0,0,0.00,0,0.00,4.80,0.80,0.00,0.00,D,0.00,0.24,2.68,0.25,0.20,STOP_WARNING,0.00,,15.30,12.00,504,5.25,45.0,0,0,0.00,0.00,0.00,0.24,0.00,0.00,0,0,0.00,0
2026-04-25 14:31:12,1336.88,0,0,0,0,0,0,0,0.00,0,0.00,4.80,0.80,0.00,0.00,D,0.00,0.24,12.00,0.25,0.20,STOP_WARNING,0.00,,15.40,12.00,504,6.26,46.6,0,0,0.00,0.00,0.00,0.24,0.00,0.00,0,0,0.00,0
2026-04-25 14:31:13,1337.89,0,0,0,0,0,0,0,0.13,0,0.00,4.80,0.80,0.00,0.00,D,0.00,0.24,12.00,0.26,0.16,STOP_WARNING,0.00,,14.80,12.10,504,0.02,43.3,0,0,0.00,0.00,0.00,0.24,0.00,0.00,0,0,0.00,0
2026-04-25 14:31:15,1339.00,0,0,0,0,0,0,0,0.00,0,0.00,4.80,0.80,0.00,0.00,D,0.00,0.23,2.69,0.24,0.18,STOP_WARNING,0.00,,14.10,12.10,504,0.05,45.0,0,0,0.00,0.00,0.00,0.23,0.00,0.00,0,0,0.00,0
2026-04-25 14:31:15,1339.91,0,0,0,0,0,0,0,0.00,0,0.00,4.80,0.80,0.00,0.00,D,0.00,0.30,2.69,0.28,0.18,STOP_WARNING,0.00,,15.60,12.00,504,0.61,45.5,0,0,0.00,0.00,0.00,0.30,0.00,0.00,0,0,0.00,0
2026-04-25 14:31:16,1340.92,0,0,0,0,0,0,0,0.00,0,0.00,4.80,0.80,0.00,0.00,D,0.00,12.00,12.00,0.43,0.18,^,0.00,,16.80,12.00,504,0.05,44.4,0,0,0.00,0.00,0.00,12.00,0.00,0.00,0,0,0.00,0
2026-04-25 14:31:17,1341.93,0,0,0,0,0,0,0,0.00,0,0.00,4.80,0.80,0.00,0.00,D,0.00,12.00,2.69,0.57,0.18,^,0.00,,13.70,12.00,504,0.00,45.0,0,0,0.00,0.00,0.00,12.00,0.00,0.00,0,0,0.00,0
2026-04-25 14:31:18,1342.94,0,0,0,0,0,0,0,0.00,0,0.00,4.80,0.80,0.00,0.00,D,0.00,12.00,0.12,12.00,0.18,^,0.00,,14.20,12.00,504,0.14,45.0,0,0,0.00,0.00,0.00,12.00,0.00,0.00,0,0,0.00,0
2026-04-25 14:31:19,1343.96,0,0,0,0,0,0,0,0.00,0,0.00,4.80,0.80,0.00,0.00,D,0.00,12.00,2.68,12.00,0.21,^,0.00,,14.40,12.00,504,1.15,44.4,0,0,0.00,0.00,0.00,12.00,0.00,0.00,0,0,0.00,0
2026-04-25 14:31:20,1344.97,0,0,0,0,0,0,0,0.00,0,0.00,4.80,0.79,0.00,0.00,D,0.00,12.00,2.69,12.00,0.20,^,0.00,,13.70,12.00,504,2.16,43.9,0,0,0.00,0.00,0.00,12.00,0.00,0.00,0,0,0.00,0
2026-04-25 14:31:21,1345.98,0,0,0,0,0,0,0,0.00,0,0.00,4.80,0.79,0.00,0.00,D,0.00,12.00,12.00,12.00,0.20,^,0.00,,13.70,12.00,504,0.06,44.4,0,0,0.00,0.00,0.00,12.00,0.00,0.00,0,0,0.00,0
2026-04-25 14:31:23,1346.99,0,0,0,0,0,0,0,0.00,0,0.00,4.80,0.79,0.00,0.00,D,0.00,12.00,2.68,12.00,0.19,^,0.00,,15.50,12.00,504,0.03,45.0,0,0,0.00,0.00,0.00,12.00,0.00,0.00,0,0,0.00,0
2026-04-25 14:31:24,1348.01,0,0,0,0,0,0,0,0.00,0,0.00,4.80,0.79,0.00,0.00,D,0.00,12.00,0.16,12.00,0.18,^,0.00,,12.80,12.00,504,1.04,44.4,0,0,0.00,0.00,0.00,12.00,0.00,0.00,0,0,0.00,0
2026-04-25 14:31:25,1349.02,0,0,0,0,0,0,0,0.00,0,0.00,4.80,0.79,0.00,0.00,D,0.00,12.00,0.15,12.00,0.18,^,0.00,,14.90,12.00,504,0.11,45.0,0,0,0.00,0.00,0.00,12.00,0.00,0.00,0,0,0.00,0
2026-04-25 14:31:26,1350.03,0,0,0,0,0,0,0,0.00,0,0.00,4.80,0.79,0.00,0.00,D,0.00,0.13,0.13,12.00,0.16,STOP_WARNING,0.00,,15.10,12.00,504,0.45,45.0,0,0,0.00,0.00,0.00,0.13,0.00,0.00,0,0,0.00,0
2026-04-25 14:31:27,1351.04,0,0,0,0,0,0,0,0.00,0,0.00,4.80,0.79,0.00,0.00,D,0.00,0.08,0.11,12.00,0.18,STOP_WARNING,0.00,,13.40,12.00,504,0.08,43.3,0,0,0.00,0.00,0.00,0.08,0.00,0.00,0,0,0.00,0
2026-04-25 14:31:28,1352.05,0,0,0,0,0,0,0,0.00,0,0.00,4.80,0.79,0.00,0.00,D,0.00,12.00,12.00,12.00,0.17,^,0.00,,15.00,12.00,504,1.01,44.4,0,0,0.00,0.00,0.00,12.00,0.00,0.00,0,0,0.00,0
2026-04-25 14:31:29,1353.07,0,0,0,0,0,0,0,0.00,0,0.00,4.80,0.79,0.00,0.00,D,0.00,12.00,12.00,2.41,0.18,^,0.00,,14.20,12.00,504,0.69,43.3,0,0,0.00,0.00,0.00,12.00,0.00,0.00,0,0,0.00,0
2026-04-25 14:31:30,1354.08,0,0,0,0,0,0,0,0.00,0,0.00,4.80,0.79,0.00,0.00,D,0.00,12.00,12.00,2.40,0.20,^,0.00,,14.20,12.00,504,1.70,44.4,0,0,0.00,0.00,0.00,12.00,0.00,0.00,0,0,0.00,0
2026-04-25 14:31:31,1355.09,0,0,0,0,0,0,0,0.00,0,0.00,4.80,0.79,0.00,0.00,D,0.00,12.00,12.00,12.00,0.18,^,0.00,,14.80,12.00,504,2.71,44.4,0,0,0.00,0.00,0.00,12.00,0.00,0.00,0,0,0.00,0
2026-04-25 14:31:32,1356.10,0,0,0,0,0,0,0,0.00,0,0.00,4.80,0.79,0.00,0.00,D,0.00,12.00,12.00,12.00,0.20,^,0.00,,15.30,12.00,504,0.00,43.3,0,0,0.00,0.00,0.00,12.00,0.00,0.00,0,0,0.00,0
2026-04-25 14:31:33,1357.12,0,0,0,0,0,0,0,0.00,0,0.00,4.80,0.79,0.00,0.00,D,0.00,12.00,2.68,12.00,0.20,^,0.00,,14.40,12.00,504,0.63,45.0,0,0,0.00,0.00,0.00,12.00,0.00,0.00,0,0,0.00,0
2026-04-25 14:31:34,1358.13,0,0,0,0,0,0,0,0.00,0,0.00,4.80,0.79,0.00,0.00,D,0.00,12.00,2.66,12.00,0.22,^,0.00,,14.90,12.00,504,0.30,44.4,0,0,0.00,0.00,0.00,12.00,0.00,0.00,0,0,0.00,0
2026-04-25 14:31:35,1359.14,0,0,0,0,0,0,0,0.00,0,0.00,4.80,0.79,0.00,0.00,D,0.00,12.00,2.67,12.00,0.21,^,0.00,,14.80,12.00,504,1.31,44.4,0,0,0.00,0.00,0.00,12.00,0.00,0.00,0,0,0.00,0
2026-04-25 14:31:36,1360.16,0,0,0,0,0,0,0,0.00,0,0.00,4.80,0.79,0.00,0.00,D,0.00,12.00,2.67,12.00,0.18,^,0.00,,14.20,12.10,504,2.33,42.8,0,0,0.00,0.00,0.00,12.00,0.00,0.00,0,0,0.00,0
2026-04-25 14:31:37,1361.17,0,0,0,0,0,0,0,0.00,0,0.00,4.80,0.79,0.00,0.00,D,0.00,12.00,0.32,12.00,0.13,^,0.00,,14.40,12.00,504,3.34,44.4,0,0,0.00,0.00,0.00,12.00,0.00,0.00,0,0,0.00,0
2026-04-25 14:31:38,1362.18,0,0,0,0,0,0,0,0.00,0,0.00,4.80,0.78,0.00,0.00,D,0.00,12.00,12.00,12.00,0.13,^,0.00,,15.00,12.10,504,4.35,44.4,0,0,0.00,0.00,0.00,12.00,0.00,0.00,0,0,0.00,0
2026-04-25 14:31:39,1363.29,0,0,0,0,0,0,0,0.00,0,0.00,4.80,0.78,0.00,0.00,D,0.00,12.00,12.00,12.00,0.12,^,0.00,,14.60,12.00,504,5.47,45.0,0,0,0.00,0.00,0.00,12.00,0.00,0.00,0,0,0.00,0
2026-04-25 14:31:40,1364.20,0,0,0,0,0,0,0,0.00,0,0.00,4.80,0.78,0.00,0.00,D,0.00,12.00,0.32,12.00,0.12,^,0.00,,14.90,12.00,504,6.37,43.3,0,0,0.00,0.00,0.00,12.00,0.00,0.00,0,0,0.00,0
2026-04-25 14:31:41,1365.21,0,0,0,0,0,0,0,0.00,0,0.00,4.80,0.78,0.00,0.00,D,0.00,12.00,0.32,12.00,0.12,^,0.00,,16.70,12.00,504,7.38,43.3,0,0,0.00,0.00,0.00,12.00,0.00,0.00,0,0,0.00,0
2026-04-25 14:31:42,1366.22,0,0,0,0,0,0,0,0.00,0,0.00,4.80,0.78,0.00,0.00,D,0.00,12.00,0.31,12.00,0.11,^,0.00,,13.30,12.00,504,8.39,43.9,0,0,0.00,0.00,0.00,12.00,0.00,0.00,0,0,0.00,0
2026-04-25 14:31:43,1367.22,0,0,0,0,0,0,0,0.00,0,0.00,4.80,0.78,0.01,0.15,D,0.00,12.00,12.00,12.00,0.12,^,0.00,,15.70,12.10,504,0.00,43.3,0,0,0.00,0.00,0.00,12.00,0.00,0.00,0,0,0.00,0
2026-04-25 14:31:44,1368.24,0,0,0,0,0,0,0,0.00,0,0.99,4.80,0.78,0.01,0.32,D,0.00,0.12,0.13,1.07,0.15,STOP_WARNING,0.00,,15.80,12.10,504,0.02,44.4,0,0,0.00,0.00,0.00,0.12,0.00,0.00,0,0,0.00,0
2026-04-25 14:31:45,1369.35,0,0,0,0,0,0,0,0.00,0,0.00,4.80,0.78,0.00,0.28,D,0.00,0.13,0.15,12.00,0.18,STOP_WARNING,0.00,,14.50,12.10,504,0.55,43.9,0,0,0.00,0.00,0.00,0.13,0.00,0.00,0,0,0.00,0
2026-04-25 14:31:46,1370.25,0,0,0,0,0,0,0,0.00,0,0.00,4.80,0.78,0.00,0.00,D,0.00,0.16,0.17,12.00,0.18,STOP_WARNING,0.00,,15.10,12.10,504,0.06,43.3,0,0,0.00,0.00,0.00,0.16,0.00,0.00,0,0,0.00,0
2026-04-25 14:31:47,1371.26,0,0,0,0,0,0,0,0.00,0,0.00,4.80,0.78,0.00,0.00,D,0.00,12.00,0.16,12.00,0.13,^,0.00,,14.10,12.10,504,0.89,43.3,0,0,0.00,0.00,0.00,12.00,0.00,0.00,0,0,0.00,0
2026-04-25 14:31:48,1372.26,0,0,0,0,0,0,0,0.00,0,0.00,4.80,0.78,0.00,0.00,D,0.00,12.00,0.16,12.00,0.11,^,0.00,,14.60,12.10,504,0.02,44.4,0,0,0.00,0.00,0.00,12.00,0.00,0.00,0,0,0.00,0
2026-04-25 14:31:49,1373.37,0,0,0,0,0,0,0,0.00,0,0.00,4.80,0.78,0.00,0.00,D,0.00,12.00,0.24,12.00,0.11,^,0.00,,14.60,12.00,504,0.00,42.8,0,0,0.00,0.00,0.00,12.00,0.00,0.00,0,0,0.00,0
2026-04-25 14:31:50,1374.28,0,0,0,0,0,0,0,0.00,0,0.00,4.80,0.78,0.00,0.00,D,0.00,12.00,2.65,12.00,0.16,^,0.00,,14.10,12.10,504,0.89,44.4,0,0,0.00,0.00,0.00,12.00,0.00,0.00,0,0,0.00,0
2026-04-25 14:31:51,1375.29,0,0,0,0,0,0,0,0.00,0,0.00,4.80,0.78,0.00,0.00,D,0.00,12.00,2.65,12.00,0.27,^,0.00,,14.40,12.00,504,1.90,43.9,0,0,0.00,0.00,0.00,12.00,0.00,0.00,0,0,0.00,0
2026-04-25 14:31:52,1376.30,0,0,0,0,0,0,0,0.00,0,0.00,4.80,0.78,0.00,0.00,D,0.00,12.00,0.31,0.82,0.22,^,0.00,,14.60,12.00,504,2.92,43.3,0,0,0.00,0.00,0.00,12.00,0.00,0.00,0,0,0.00,0
2026-04-25 14:31:53,1377.31,0,0,0,0,0,0,0,0.00,0,0.00,4.80,0.78,0.00,0.00,D,0.00,1.26,2.65,12.00,0.22,^,0.00,,15.30,12.10,504,3.93,43.9,0,0,0.00,0.00,0.00,1.26,0.00,0.00,0,0,0.00,0
2026-04-25 14:31:54,1378.32,0,0,0,0,0,0,0,0.00,0,0.00,4.80,0.78,0.00,0.00,D,0.00,1.35,12.00,12.00,0.20,^,0.00,,14.40,12.00,504,4.94,44.4,0,0,0.00,0.00,0.00,1.35,0.00,0.00,0,0,0.00,0
2026-04-25 14:31:55,1379.34,0,0,0,0,0,0,0,0.00,0,0.00,4.80,0.77,0.00,0.00,D,0.00,1.31,12.00,12.00,0.26,^,0.00,,13.70,12.10,504,5.95,43.9,0,0,0.00,0.00,0.00,1.31,0.00,0.00,0,0,0.00,0
2026-04-25 14:31:56,1380.35,0,0,0,0,0,0,0,0.00,0,0.00,4.80,0.77,0.00,0.00,D,0.00,1.40,2.65,12.00,0.26,^,0.00,,15.20,12.10,504,6.96,42.8,0,0,0.00,0.00,0.00,1.40,0.00,0.00,0,0,0.00,0
2026-04-25 14:31:57,1381.46,0,0,0,0,0,0,0,0.00,0,0.00,4.80,0.77,0.00,0.00,D,0.00,1.40,2.65,12.00,0.25,^,0.00,,16.40,12.00,504,8.08,44.4,0,0,0.00,0.00,0.00,1.40,0.00,0.00,0,0,0.00,0
2026-04-25 14:31:58,1382.37,0,0,0,0,0,0,0,0.00,0,0.00,4.80,0.77,0.00,0.00,D,0.00,1.39,2.65,12.00,0.28,^,0.00,,13.70,12.00,504,8.98,43.9,0,0,0.00,0.00,0.00,1.39,0.00,0.00,0,0,0.00,0
2026-04-25 14:31:59,1383.38,0,0,0,0,0,0,0,0.00,0,0.00,4.80,0.77,0.00,0.00,D,0.00,1.39,0.31,12.00,0.14,^,0.00,,15.90,12.00,504,0.14,43.9,0,0,0.00,0.00,0.00,1.39,0.00,0.00,0,0,0.00,0
2026-04-25 14:32:00,1384.39,0,0,0,0,0,0,0,0.00,0,0.00,4.80,0.77,0.00,0.00,D,0.00,1.39,2.65,12.00,0.15,^,0.00,,14.90,12.00,504,0.02,44.4,0,0,0.00,0.00,0.00,1.39,0.00,0.00,0,0,0.00,0
2026-04-25 14:32:01,1385.51,0,0,0,0,0,0,0,0.00,0,0.00,4.80,0.77,0.00,0.00,D,0.00,1.25,0.33,12.00,0.16,^,0.00,,13.90,12.00,504,0.27,43.9,0,0,0.00,0.00,0.00,1.25,0.00,0.00,0,0,0.00,0
2026-04-25 14:32:02,1386.41,0,0,0,0,0,0,0,0.00,0,0.00,4.80,0.77,0.00,0.00,D,0.00,1.24,12.00,12.00,0.16,^,0.00,,16.00,12.00,504,1.17,43.9,0,0,0.00,0.00,0.00,1.24,0.00,0.00,0,0,0.00,0
2026-04-25 14:32:03,1387.52,0,0,0,0,0,0,0,0.00,0,0.00,4.80,0.77,0.00,0.00,D,0.00,1.13,2.65,12.00,0.15,WARN_WARNING,0.00,,17.20,12.00,504,0.08,44.4,0,0,0.00,0.00,0.00,1.13,0.00,0.00,0,0,0.00,0
2026-04-25 14:32:04,1388.43,0,0,0,0,0,0,0,0.00,0,0.00,4.80,0.77,0.00,0.00,D,0.00,12.00,0.34,12.00,0.16,^,0.00,,14.50,12.00,504,0.66,44.4,0,0,0.00,0.00,0.00,12.00,0.00,0.00,0,0,0.00,0
2026-04-25 14:32:05,1389.43,0,0,0,0,0,0,0,0.00,0,0.00,4.80,0.77,0.00,0.00,D,0.00,12.00,0.33,12.00,0.15,^,0.00,,15.40,12.00,504,1.66,43.9,0,0,0.00,0.00,0.00,12.00,0.00,0.00,0,0,0.00,0
2026-04-25 14:32:06,1390.43,0,0,0,0,0,0,0,0.00,0,0.00,4.80,0.77,0.00,0.00,D,0.00,12.00,0.32,12.00,0.15,^,0.00,,13.00,12.00,504,2.66,43.3,0,0,0.00,0.00,0.00,12.00,0.00,0.00,0,0,0.00,0
2026-04-25 14:32:07,1391.45,0,0,0,0,0,0,0,0.00,0,0.00,4.80,0.77,0.00,0.00,D,0.00,12.00,0.32,12.00,0.15,^,0.00,,11.20,12.00,504,0.03,44.4,0,0,0.00,0.00,0.00,12.00,0.00,0.00,0,0,0.00,0
2026-04-25 14:32:08,1392.46,0,0,0,0,0,0,0,0.00,0,0.86,4.80,0.77,0.05,0.39,D,0.00,12.00,0.31,12.00,0.11,^,0.00,,12.80,12.00,504,0.01,45.5,0,0,0.00,0.00,0.00,12.00,0.00,0.00,0,0,0.00,0
2026-04-25 14:32:09,1393.46,0,0,0,0,0,0,0,0.00,0,0.00,4.80,0.77,0.00,0.00,D,0.00,12.00,1.10,12.00,0.09,^,0.00,,12.80,12.00,504,0.45,43.3,0,0,0.00,0.00,0.00,12.00,0.00,0.00,0,0,0.00,0
2026-04-25 14:32:10,1394.47,0,0,0,0,0,0,0,0.00,0,0.00,4.80,0.77,0.00,0.00,D,0.00,12.00,0.21,12.00,0.08,^,0.00,,11.20,12.10,504,1.47,45.5,0,0,0.00,0.00,0.00,12.00,0.00,0.00,0,0,0.00,0
2026-04-25 14:32:11,1395.49,0,0,0,0,0,0,0,0.00,0,0.00,4.80,0.77,0.00,0.00,D,0.00,12.00,0.17,12.00,0.11,^,0.00,,14.60,12.00,504,2.48,45.0,0,0,0.00,0.00,0.00,12.00,0.00,0.00,0,0,0.00,0
2026-04-25 14:32:12,1396.50,0,0,0,0,0,0,0,0.00,0,0.00,4.80,0.77,0.00,0.00,D,0.00,12.00,0.17,12.00,0.11,^,0.00,,15.70,12.00,504,3.50,44.4,0,0,0.00,0.00,0.00,12.00,0.00,0.00,0,0,0.00,0
2026-04-25 14:32:13,1397.51,0,0,0,0,0,0,0,0.00,0,0.00,4.80,0.76,0.00,0.00,D,0.00,12.00,0.17,12.00,0.10,^,0.00,,12.90,12.00,504,4.51,44.4,0,0,0.00,0.00,0.00,12.00,0.00,0.00,0,0,0.00,0
2026-04-25 14:32:14,1398.53,0,0,0,0,0,0,0,0.00,0,0.00,4.80,0.76,0.00,0.00,D,0.00,12.00,0.18,12.00,0.10,^,0.00,,16.00,12.10,504,5.52,43.9,0,0,0.00,0.00,0.00,12.00,0.00,0.00,0,0,0.00,0
2026-04-25 14:32:15,1399.64,0,0,0,0,0,0,0,0.00,0,0.00,4.80,0.76,0.00,0.13,D,0.00,12.00,0.18,12.00,0.10,^,0.00,,14.30,12.10,504,6.63,44.4,0,0,0.00,0.00,0.00,12.00,0.00,0.00,0,0,0.00,0
2026-04-25 14:32:16,1400.54,0,0,0,0,0,0,0,0.00,0,0.00,4.80,0.76,0.00,0.00,D,0.00,0.19,0.17,12.00,0.12,STOP_WARNING,0.00,,14.30,12.00,504,0.40,45.5,0,0,0.00,0.00,0.00,0.19,0.00,0.00,0,0,0.00,0
2026-04-25 14:32:17,1401.56,0,0,0,0,0,0,0,0.00,0,0.00,4.80,0.76,0.00,0.00,D,0.00,0.15,0.15,12.00,0.11,STOP_WARNING,0.00,,14.40,12.00,504,1.41,43.9,0,0,0.00,0.00,0.00,0.15,0.00,0.00,0,0,0.00,0
2026-04-25 14:32:18,1402.56,0,0,0,0,0,0,0,0.00,0,0.00,4.80,0.76,0.00,0.00,D,0.00,12.00,1.10,12.00,0.13,^,0.00,,15.30,12.00,504,2.41,42.8,0,0,0.00,0.00,0.00,12.00,0.00,0.00,0,0,0.00,0
2026-04-25 14:32:19,1403.57,0,0,0,0,0,0,0,0.00,0,0.00,4.80,0.76,0.00,0.00,D,0.00,12.00,1.09,12.00,0.12,^,0.00,,13.70,12.00,504,3.43,43.9,0,0,0.00,0.00,0.00,12.00,0.00,0.00,0,0,0.00,0
2026-04-25 14:32:20,1404.58,0,0,0,0,0,0,0,0.00,0,0.00,4.80,0.76,0.00,0.00,D,0.00,12.00,1.09,12.00,0.12,^,0.00,,13.80,12.00,504,0.58,43.9,0,0,0.00,0.00,0.00,12.00,0.00,0.00,0,0,0.00,0
2026-04-25 14:32:21,1405.58,0,0,0,0,0,0,0,0.00,0,0.00,4.80,0.76,0.00,0.00,D,0.00,12.00,1.10,12.00,0.11,^,0.00,,15.50,12.00,504,0.53,43.9,0,0,0.00,0.00,0.00,12.00,0.00,0.00,0,0,0.00,0
2026-04-25 14:32:22,1406.59,0,0,0,0,0,0,0,0.00,0,0.00,4.80,0.76,0.00,0.02,D,0.00,12.00,1.09,12.00,0.10,^,0.00,,16.50,12.00,504,0.40,42.8,0,0,0.00,0.00,0.00,12.00,0.00,0.00,0,0,0.00,0
2026-04-25 14:32:23,1407.61,0,0,0,0,0,0,0,0.00,0,0.00,4.80,0.76,0.00,0.00,D,0.00,12.00,0.99,12.00,0.10,^,0.00,,16.00,12.10,504,1.41,44.4,0,0,0.00,0.00,0.00,12.00,0.00,0.00,0,0,0.00,0
2026-04-25 14:32:24,1408.62,0,0,0,0,0,0,0,0.00,0,0.00,4.80,0.76,0.00,0.00,D,0.00,12.00,1.08,12.00,0.10,^,0.00,,15.50,12.00,504,2.43,43.9,0,0,0.00,0.00,0.00,12.00,0.00,0.00,0,0,0.00,0
2026-04-25 14:32:25,1409.63,0,0,0,0,0,0,0,0.00,0,0.00,4.80,0.76,0.00,0.00,D,0.00,12.00,1.24,12.00,0.10,^,0.00,,14.90,12.00,504,0.79,42.2,0,0,0.00,0.00,0.00,12.00,0.00,0.00,0,0,0.00,0
2026-04-25 14:32:26,1410.64,0,0,0,0,0,0,0,0.60,0,0.00,4.80,0.76,0.00,0.00,D,0.00,12.00,0.13,12.00,0.13,^,0.00,,14.40,12.10,504,0.01,43.9,0,0,0.00,0.00,0.00,12.00,0.00,0.00,0,0,0.00,0
2026-04-25 14:32:27,1411.66,0,0,0,0,0,0,0,0.00,0,0.00,4.80,0.76,0.00,0.00,D,0.00,12.00,0.17,12.00,0.13,^,0.00,,15.30,12.10,504,0.11,43.9,0,0,0.00,0.00,0.00,12.00,0.00,0.00,0,0,0.00,0
2026-04-25 14:32:28,1412.67,0,0,0,0,0,0,0,0.00,0,0.00,4.80,0.76,0.00,0.00,D,0.00,12.00,0.16,12.00,0.12,^,0.00,,14.30,12.10,504,0.15,43.3,0,0,0.00,0.00,0.00,12.00,0.00,0.00,0,0,0.00,0
2026-04-25 14:32:29,1413.67,0,0,0,0,0,0,0,0.00,0,0.00,4.80,0.76,0.00,0.00,D,0.00,12.00,0.16,12.00,0.13,^,0.00,,14.20,12.10,504,0.01,42.8,0,0,0.00,0.00,0.00,12.00,0.00,0.00,0,0,0.00,0
2026-04-25 14:32:30,1414.68,0,0,0,0,0,0,0,0.00,0,0.00,4.80,0.76,0.00,0.00,D,0.00,12.00,1.26,12.00,0.13,^,0.00,,15.70,12.10,504,0.05,44.4,0,0,0.00,0.00,0.00,12.00,0.00,0.00,0,0,0.00,0
2026-04-25 14:32:31,1415.69,0,0,0,0,0,0,0,0.00,0,0.00,4.80,0.76,0.00,0.00,D,0.00,0.06,1.26,0.07,0.16,STOP_WARNING,0.00,,14.20,12.00,504,0.00,43.3,0,0,0.00,0.00,0.00,0.06,0.00,0.00,0,0,0.00,0
2026-04-25 14:32:32,1416.71,0,0,0,0,0,0,0,0.00,0,0.96,4.80,0.75,0.00,0.07,D,0.00,0.07,1.25,0.09,0.16,STOP_WARNING,0.00,,14.80,12.00,504,0.30,43.9,0,0,0.00,0.00,0.00,0.07,0.00,0.00,0,0,0.00,0
2026-04-25 14:32:33,1417.71,0,0,0,0,0,0,0,0.00,0,0.00,4.80,0.75,0.00,0.00,D,0.00,0.07,1.25,12.00,0.15,STOP_WARNING,0.00,,16.00,12.00,504,0.66,45.0,0,0,0.00,0.00,0.00,0.07,0.00,0.00,0,0,0.00,0
2026-04-25 14:32:34,1418.72,0,0,0,0,0,0,0,0.00,0,0.00,4.80,0.75,0.00,0.00,D,0.00,12.00,1.06,12.00,0.16,^,0.00,,14.00,12.00,504,1.67,43.9,0,0,0.00,0.00,0.00,12.00,0.00,0.00,0,0,0.00,0
2026-04-25 14:32:35,1419.84,0,0,0,0,0,0,0,0.00,0,0.00,4.80,0.75,0.00,0.00,D,0.00,12.00,1.01,12.00,0.32,^,0.00,,15.00,12.00,504,2.78,42.8,0,0,0.00,0.00,0.00,12.00,0.00,0.00,0,0,0.00,0
2026-04-25 14:32:36,1420.74,0,0,0,0,0,0,0,0.00,0,1.00,4.80,0.75,0.00,0.32,D,0.00,12.00,1.05,12.00,0.40,^,0.00,,14.80,12.00,504,0.07,42.8,0,0,0.00,0.00,0.00,12.00,0.00,0.00,0,0,0.00,0
2026-04-25 14:32:37,1421.75,0,0,0,0,0,0,0,-1.00,0,0.00,4.80,0.75,0.27,0.07,D,0.00,12.00,1.22,12.00,0.21,^,0.00,,14.00,12.10,504,0.00,43.9,0,0,0.00,0.00,0.00,12.00,0.00,0.00,0,0,0.00,0
2026-04-25 14:32:38,1422.77,0,0,0,0,0,0,0,0.58,0,0.00,4.80,0.75,0.46,0.00,D,0.00,12.00,1.26,0.14,0.13,^,0.00,,12.50,12.10,504,0.00,44.4,0,0,0.00,0.00,0.00,12.00,0.00,0.00,0,0,0.00,0
2026-04-25 14:32:39,1423.78,0,0,0,0,0,0,0,0.00,0,0.00,4.80,0.75,0.00,0.00,D,0.00,12.00,1.25,12.00,0.18,^,0.00,,12.50,12.10,504,0.30,45.5,0,0,0.00,0.00,0.00,12.00,0.00,0.00,0,0,0.00,0
2026-04-25 14:32:40,1424.79,0,0,0,0,0,0,0,0.00,0,0.00,4.80,0.75,0.00,0.00,D,0.00,12.00,1.25,12.00,0.19,^,0.00,,12.20,12.00,504,0.91,45.0,0,0,0.00,0.00,0.00,12.00,0.00,0.00,0,0,0.00,0
2026-04-25 14:32:41,1425.90,0,0,0,0,0,0,0,0.00,0,0.00,4.80,0.75,0.00,0.00,D,0.00,12.00,1.25,12.00,0.18,^,0.00,,12.00,12.00,504,0.91,44.4,0,0,0.00,0.00,0.00,12.00,0.00,0.00,0,0,0.00,0
2026-04-25 14:32:42,1426.81,0,0,0,0,0,0,0,0.00,0,0.00,4.80,0.75,0.00,0.00,D,0.00,12.00,0.98,12.00,0.18,^,0.00,,14.40,12.00,504,1.82,43.3,0,0,0.00,0.00,0.00,12.00,0.00,0.00,0,0,0.00,0
2026-04-25 14:32:43,1427.83,0,0,0,0,0,0,0,1.00,0,0.00,4.80,0.75,0.00,0.00,D,0.00,0.93,2.62,12.00,0.18,WARN_WARNING,0.00,,16.40,12.00,504,0.02,43.3,0,0,0.00,0.00,0.00,0.93,0.00,0.00,0,0,0.00,0
2026-04-25 14:32:44,1428.84,0,0,0,0,0,0,0,-0.42,0,0.00,4.80,0.75,0.00,0.00,D,0.00,1.48,2.61,12.00,0.18,^,0.00,,15.00,12.00,504,0.00,43.3,0,0,0.00,0.00,0.00,1.48,0.00,0.00,0,0,0.00,0
2026-04-25 14:32:45,1429.95,0,0,0,0,0,0,0,0.00,0,0.00,4.80,0.75,0.00,0.00,D,0.00,1.46,2.61,12.00,0.20,^,0.00,,15.60,12.00,504,0.00,44.4,0,0,0.00,0.00,0.00,1.46,0.00,0.00,0,0,0.00,0
2026-04-25 14:32:46,1430.86,1,0,0,0,0,0,0,0.23,0,1.00,4.80,0.75,0.13,0.19,D,0.00,1.42,2.59,12.00,0.21,^,13.58,,14.80,12.00,504,0.00,44.4,0,0,0.00,0.00,0.00,1.42,0.23,1.00,0,0,0.00,0
2026-04-25 14:32:47,1431.87,1,0,0,0,0,0,0,0.07,0,1.00,4.80,0.75,0.21,0.62,D,0.00,1.33,2.55,12.00,0.26,^,4.07,,15.40,12.00,504,0.01,43.9,0,0,0.00,0.00,0.00,1.33,0.07,1.00,0,0,0.00,0
2026-04-25 14:32:48,1432.88,1,0,0,0,0,0,0,0.23,0,1.00,4.80,0.75,3.97,0.73,D,0.00,1.49,12.00,12.00,0.23,WARN_WARNING,14.10,,15.00,12.00,504,0.00,45.5,0,0,0.00,0.00,0.00,1.49,0.23,1.00,0,0,0.00,0
2026-04-25 14:32:49,1433.89,1,0,0,0,0,0,0,0.18,0,1.00,4.80,0.75,3.84,0.80,D,0.00,1.53,2.60,12.00,0.22,WARN_WARNING,10.89,,14.50,12.00,504,0.00,45.5,0,0,0.00,0.00,0.00,1.53,0.18,1.00,0,0,0.00,0
2026-04-25 14:32:50,1434.91,1,0,0,0,0,0,0,0.06,0,1.00,4.80,0.75,3.97,0.92,D,0.00,1.50,2.60,12.00,0.22,WARN_WARNING,3.75,,13.80,12.00,504,0.00,45.5,0,0,0.00,0.00,0.00,1.50,0.06,1.00,0,0,0.00,0
2026-04-25 14:32:51,1435.92,1,0,0,0,0,0,0,0.38,0,0.20,4.80,0.76,4.31,0.92,D,0.00,1.52,2.59,12.00,0.20,WARN_WARNING,22.74,,16.00,12.00,504,0.00,46.1,0,0,0.00,0.00,0.00,1.52,0.38,1.00,0,0,0.00,0
2026-04-25 14:32:52,1436.93,1,0,0,0,0,0,0,0.20,0,1.00,4.80,0.76,3.94,0.82,D,0.00,1.56,2.63,12.00,0.18,WARN_WARNING,11.85,,14.70,12.10,504,0.00,46.1,0,0,0.00,0.00,0.00,1.56,0.20,1.00,0,0,0.00,0
2026-04-25 14:32:53,1437.94,0,0,0,0,0,0,0,0.00,0,0.00,4.80,0.76,4.00,0.66,D,0.00,1.57,12.00,12.00,0.17,WARN_WARNING,0.00,,16.90,12.10,504,0.00,43.9,0,0,0.00,0.00,0.00,1.57,0.00,0.00,0,0,0.00,0
2026-04-25 14:32:54,1438.95,0,0,0,0,0,0,0,0.00,0,0.00,4.80,0.76,3.08,0.05,D,0.00,1.58,12.00,12.00,0.16,WARN_WARNING,0.00,,17.50,12.10,504,0.00,43.9,0,0,0.00,0.00,0.00,1.58,0.00,0.00,0,0,0.00,0
2026-04-25 14:32:55,1439.97,0,0,0,0,0,0,0,0.00,0,0.00,4.80,0.76,0.00,0.00,D,0.00,1.55,12.00,12.00,0.18,^,0.00,,14.80,12.10,504,0.17,44.4,0,0,0.00,0.00,0.00,1.55,0.00,0.00,0,0,0.00,0
2026-04-25 14:32:56,1440.98,0,0,0,0,0,0,0,0.00,0,0.00,4.80,0.76,0.00,0.00,D,0.00,1.45,12.00,12.00,0.19,^,0.00,,14.40,12.10,504,0.32,43.9,0,0,0.00,0.00,0.00,1.45,0.00,0.00,0,0,0.00,0
2026-04-25 14:32:58,1441.99,0,0,0,0,0,0,0,0.00,0,0.00,4.80,0.76,0.00,0.00,D,0.00,1.45,1.57,12.00,0.20,^,0.00,,14.90,12.10,504,0.30,43.3,0,0,0.00,0.00,0.00,1.45,0.00,0.00,0,0,0.00,0
2026-04-25 14:32:59,1443.01,0,0,0,0,0,0,0,0.00,0,0.00,4.80,0.76,0.00,0.00,D,0.00,12.00,1.55,12.00,0.18,^,0.00,,13.80,12.10,504,0.39,44.4,0,0,0.00,0.00,0.00,12.00,0.00,0.00,0,0,0.00,0
2026-04-25 14:33:00,1444.01,0,0,0,0,0,0,0,0.00,0,0.00,4.80,0.76,0.00,0.00,D,0.00,12.00,1.60,12.00,0.19,^,0.00,,16.40,12.10,504,0.21,44.4,0,0,0.00,0.00,0.00,12.00,0.00,0.00,0,0,0.00,0
2026-04-25 14:33:01,1445.03,0,0,0,0,0,0,0,0.00,0,0.00,4.80,0.76,0.00,0.00,D,0.00,12.00,1.53,12.00,0.18,^,0.00,,14.20,12.00,504,0.02,44.4,0,0,0.00,0.00,0.00,12.00,0.00,0.00,0,0,0.00,0
2026-04-25 14:33:02,1446.14,0,0,0,0,0,0,0,0.00,0,0.00,4.80,0.76,0.00,0.00,D,0.00,12.00,1.54,12.00,0.17,^,0.00,,14.50,12.10,504,1.13,43.3,0,0,0.00,0.00,0.00,12.00,0.00,0.00,0,0,0.00,0
2026-04-25 14:33:03,1447.04,0,0,0,0,0,0,0,0.00,0,0.00,4.80,0.76,0.00,0.00,D,0.00,12.00,1.53,12.00,0.24,^,0.00,,13.20,12.10,504,2.03,44.4,0,0,0.00,0.00,0.00,12.00,0.00,0.00,0,0,0.00,0
2026-04-25 14:33:04,1448.15,0,0,0,0,0,0,0,0.00,0,0.00,4.80,0.76,0.00,0.00,D,0.00,12.00,1.55,12.00,0.27,^,0.00,,14.90,12.00,504,0.01,43.9,0,0,0.00,0.00,0.00,12.00,0.00,0.00,0,0,0.00,0
2026-04-25 14:33:05,1449.06,0,0,0,0,0,0,0,0.00,0,0.00,4.80,0.76,0.00,0.00,D,0.00,12.00,1.53,12.00,0.25,^,0.00,,14.50,12.00,504,0.92,43.9,0,0,0.00,0.00,0.00,12.00,0.00,0.00,0,0,0.00,0
2026-04-25 14:33:06,1450.07,0,0,0,0,0,0,0,0.00,0,0.00,4.80,0.76,0.00,0.00,D,0.00,12.00,1.54,12.00,0.07,^,0.00,,13.40,12.00,504,1.93,43.9,0,0,0.00,0.00,0.00,12.00,0.00,0.00,0,0,0.00,0
2026-04-25 14:33:07,1451.09,0,0,0,0,0,0,0,0.00,0,0.00,4.80,0.76,0.00,0.00,D,0.00,12.00,0.05,12.00,0.04,^,0.00,,14.00,12.00,504,2.94,43.9,0,0,0.00,0.00,0.00,12.00,0.00,0.00,0,0,0.00,0
2026-04-25 14:33:08,1452.10,0,0,0,0,0,0,0,0.00,0,0.00,4.80,0.76,0.00,0.00,D,0.00,12.00,1.51,12.00,0.16,^,0.00,,13.70,12.10,504,3.95,46.1,0,0,0.00,0.00,0.00,12.00,0.00,0.00,0,0,0.00,0
2026-04-25 14:33:09,1453.11,0,0,0,0,0,0,0,0.00,0,0.00,4.80,0.76,0.00,0.00,D,0.00,12.00,1.55,12.00,0.26,^,0.00,,12.10,12.00,504,0.01,45.0,0,0,0.00,0.00,0.00,12.00,0.00,0.00,0,0,0.00,0
2026-04-25 14:33:10,1454.12,0,0,0,0,0,0,0,0.00,0,0.00,4.80,0.76,0.00,0.00,D,0.00,12.00,1.54,12.00,0.25,^,0.00,,12.80,12.10,504,1.02,44.4,0,0,0.00,0.00,0.00,12.00,0.00,0.00,0,0,0.00,0
2026-04-25 14:33:11,1455.14,0,0,0,0,0,0,0,0.00,0,0.00,4.80,0.75,0.00,0.00,D,0.00,12.00,1.53,12.00,0.25,^,0.00,,12.80,12.00,504,0.04,45.5,0,0,0.00,0.00,0.00,12.00,0.00,0.00,0,0,0.00,0
2026-04-25 14:33:12,1456.15,0,0,0,0,0,0,0,0.00,0,0.00,4.80,0.75,0.00,0.00,D,0.00,12.00,1.53,12.00,0.25,^,0.00,,12.50,12.00,504,0.87,43.3,0,0,0.00,0.00,0.00,12.00,0.00,0.00,0,0,0.00,0
2026-04-25 14:33:13,1457.17,0,0,0,0,0,0,0,0.00,0,0.00,4.80,0.75,0.00,0.00,D,0.00,12.00,1.52,12.00,0.23,^,0.00,,14.20,12.00,504,1.88,45.5,0,0,0.00,0.00,0.00,12.00,0.00,0.00,0,0,0.00,0
2026-04-25 14:33:14,1458.18,0,0,0,0,0,0,0,0.00,0,0.00,4.80,0.75,0.00,0.00,D,0.00,12.00,1.50,12.00,0.23,^,0.00,,13.60,12.00,504,0.97,44.4,0,0,0.00,0.00,0.00,12.00,0.00,0.00,0,0,0.00,0
2026-04-25 14:33:15,1459.19,0,0,0,0,0,0,0,0.00,0,0.00,4.80,0.75,0.00,0.00,D,0.00,12.00,1.57,12.00,0.23,^,0.00,,14.00,12.00,504,0.29,42.8,0,0,0.00,0.00,0.00,12.00,0.00,0.00,0,0,0.00,0
2026-04-25 14:33:16,1460.30,0,0,0,0,0,0,0,0.00,0,0.00,4.80,0.75,0.00,0.00,D,0.00,12.00,1.58,12.00,0.23,^,0.00,,13.80,12.00,504,0.46,43.9,0,0,0.00,0.00,0.00,12.00,0.00,0.00,0,0,0.00,0
2026-04-25 14:33:17,1461.20,0,0,0,0,0,0,0,0.00,0,0.00,4.80,0.75,0.00,0.00,D,0.00,12.00,1.58,12.00,0.23,^,0.00,,13.80,12.00,504,1.36,43.3,0,0,0.00,0.00,0.00,12.00,0.00,0.00,0,0,0.00,0
2026-04-25 14:33:18,1462.22,0,0,0,0,0,0,0,0.00,0,0.00,4.80,0.75,0.00,0.00,D,0.00,12.00,1.57,12.00,0.23,^,0.00,,13.90,12.00,504,0.04,44.4,0,0,0.00,0.00,0.00,12.00,0.00,0.00,0,0,0.00,0
2026-04-25 14:33:19,1463.23,0,0,0,0,0,0,0,0.00,0,0.00,4.80,0.75,0.00,0.00,D,0.00,12.00,1.57,12.00,0.25,^,0.00,,13.00,12.00,504,0.31,45.0,0,0,0.00,0.00,0.00,12.00,0.00,0.00,0,0,0.00,0
2026-04-25 14:33:20,1464.25,0,0,0,0,0,0,0,0.00,0,0.00,4.80,0.75,0.00,0.00,D,0.00,12.00,1.62,12.00,0.25,^,0.00,,12.90,12.00,504,0.23,44.4,0,0,0.00,0.00,0.00,12.00,0.00,0.00,0,0,0.00,0
2026-04-25 14:33:21,1465.26,0,0,0,0,0,0,0,0.00,0,0.00,4.80,0.75,0.00,0.00,D,0.00,12.00,1.60,12.00,0.27,^,0.00,,11.70,12.00,504,0.66,44.4,0,0,0.00,0.00,0.00,12.00,0.00,0.00,0,0,0.00,0
2026-04-25 14:33:22,1466.27,0,0,0,0,0,0,0,0.00,0,0.00,4.80,0.75,0.00,0.00,D,0.00,12.00,1.64,12.00,0.28,^,0.00,,12.10,12.00,504,1.67,44.4,0,0,0.00,0.00,0.00,12.00,0.00,0.00,0,0,0.00,0
2026-04-25 14:33:23,1467.28,0,0,0,0,0,0,0,0.00,0,0.00,4.80,0.75,0.00,0.00,D,0.00,12.00,1.62,12.00,0.23,^,0.00,,13.80,12.00,504,0.11,45.0,0,0,0.00,0.00,0.00,12.00,0.00,0.00,0,0,0.00,0
2026-04-25 14:33:24,1468.39,0,0,0,0,0,0,0,0.00,0,0.00,4.80,0.75,0.00,0.00,D,0.00,12.00,1.62,12.00,0.25,^,0.00,,14.50,12.00,504,0.40,45.5,0,0,0.00,0.00,0.00,12.00,0.00,0.00,0,0,0.00,0
2026-04-25 14:33:25,1469.30,0,0,0,0,0,0,0,0.00,0,0.00,4.80,0.75,0.00,0.00,D,0.00,12.00,1.66,12.00,0.26,^,0.00,,15.80,12.00,504,0.34,44.4,0,0,0.00,0.00,0.00,12.00,0.00,0.00,0,0,0.00,0
2026-04-25 14:33:26,1470.31,0,0,0,0,0,0,0,0.00,0,0.00,4.80,0.75,0.00,0.00,D,0.00,12.00,1.65,12.00,0.26,^,0.00,,15.00,12.00,504,1.35,44.4,0,0,0.00,0.00,0.00,12.00,0.00,0.00,0,0,0.00,0
2026-04-25 14:33:27,1471.32,0,0,0,0,0,0,0,0.00,0,0.00,4.80,0.75,0.00,0.00,D,0.00,12.00,1.65,12.00,0.26,^,0.00,,14.00,12.00,504,0.01,45.5,0,0,0.00,0.00,0.00,12.00,0.00,0.00,0,0,0.00,0
2026-04-25 14:33:28,1472.43,0,0,0,0,0,0,0,0.00,0,0.00,4.80,0.75,0.00,0.00,D,0.00,12.00,1.64,12.00,0.26,^,0.00,,15.70,12.00,504,0.69,43.9,0,0,0.00,0.00,0.00,12.00,0.00,0.00,0,0,0.00,0
2026-04-25 14:33:29,1473.34,0,0,0,0,0,0,0,0.00,0,0.00,4.80,0.75,0.00,0.00,D,0.00,12.00,1.65,12.00,0.23,^,0.00,,13.90,12.00,504,1.59,43.3,0,0,0.00,0.00,0.00,12.00,0.00,0.00,0,0,0.00,0
2026-04-25 14:33:30,1474.35,0,0,0,0,0,0,0,0.00,0,0.00,4.80,0.74,0.00,0.00,D,0.00,12.00,1.65,12.00,0.28,^,0.00,,14.00,12.00,504,0.02,45.5,0,0,0.00,0.00,0.00,12.00,0.00,0.00,0,0,0.00,0
2026-04-25 14:33:31,1475.37,0,0,0,0,0,0,0,0.00,0,0.00,4.80,0.74,0.00,0.00,D,0.00,12.00,1.65,12.00,0.27,^,0.00,,14.10,12.00,504,0.88,43.3,0,0,0.00,0.00,0.00,12.00,0.00,0.00,0,0,0.00,0
2026-04-25 14:33:32,1476.38,0,0,0,0,0,0,0,0.00,0,0.00,4.80,0.74,0.00,0.00,D,0.00,12.00,1.65,12.00,0.27,^,0.00,,14.60,12.00,504,0.01,43.3,0,0,0.00,0.00,0.00,12.00,0.00,0.00,0,0,0.00,0
2026-04-25 14:33:33,1477.39,0,0,0,0,0,0,0,0.00,0,0.00,4.80,0.74,0.00,0.00,D,0.00,12.00,1.65,12.00,0.26,^,0.00,,14.20,12.00,504,0.97,44.4,0,0,0.00,0.00,0.00,12.00,0.00,0.00,0,0,0.00,0
2026-04-25 14:33:34,1478.40,0,0,0,0,0,0,0,0.00,0,0.00,4.80,0.74,0.00,0.00,D,0.00,12.00,1.65,12.00,0.27,^,0.00,,13.10,12.00,504,0.00,43.9,0,0,0.00,0.00,0.00,12.00,0.00,0.00,0,0,0.00,0
2026-04-25 14:33:35,1479.41,0,0,0,0,0,0,0,0.00,0,0.00,4.80,0.74,0.00,0.00,D,0.00,12.00,1.63,12.00,0.24,^,0.00,,15.50,12.00,504,0.33,43.9,0,0,0.00,0.00,0.00,12.00,0.00,0.00,0,0,0.00,0
2026-04-25 14:33:36,1480.43,0,0,0,0,0,0,0,0.00,0,0.00,4.80,0.74,0.00,0.00,D,0.00,12.00,1.61,12.00,0.29,^,0.00,,14.70,12.00,504,0.12,42.8,0,0,0.00,0.00,0.00,12.00,0.00,0.00,0,0,0.00,0
2026-04-25 14:33:37,1481.44,0,0,0,0,0,0,0,0.00,0,0.00,4.80,0.74,0.00,0.00,D,0.00,12.00,1.61,12.00,0.22,^,0.00,,15.50,12.00,504,0.38,44.4,0,0,0.00,0.00,0.00,12.00,0.00,0.00,0,0,0.00,0
2026-04-25 14:33:38,1482.55,0,0,0,0,0,0,0,0.00,0,0.00,4.80,0.74,0.00,0.00,D,0.00,12.00,1.56,12.00,0.16,^,0.00,,14.50,12.00,504,0.07,43.3,0,0,0.00,0.00,0.00,12.00,0.00,0.00,0,0,0.00,0
2026-04-25 14:33:39,1483.46,0,0,0,0,0,0,0,0.00,0,0.00,4.80,0.74,0.00,0.00,D,0.00,12.00,1.54,12.00,0.15,^,0.00,,13.40,12.00,504,0.00,43.9,0,0,0.00,0.00,0.00,12.00,0.00,0.00,0,0,0.00,0
2026-04-25 14:33:40,1484.57,0,0,0,0,0,0,0,0.00,0,0.00,4.80,0.74,0.00,0.00,D,0.00,12.00,1.54,12.00,0.14,^,0.00,,14.60,12.10,504,1.12,43.3,0,0,0.00,0.00,0.00,12.00,0.00,0.00,0,0,0.00,0
2026-04-25 14:33:41,1485.47,0,0,0,0,0,0,0,0.00,0,0.00,4.80,0.74,0.00,0.00,D,0.00,12.00,1.54,12.00,0.23,^,0.00,,14.20,12.10,504,2.02,43.9,0,0,0.00,0.00,0.00,12.00,0.00,0.00,0,0,0.00,0
2026-04-25 14:33:42,1486.48,0,0,0,0,0,0,0,0.00,0,0.00,4.80,0.74,0.00,0.00,D,0.00,12.00,1.55,12.00,0.31,^,0.00,,14.90,12.10,504,3.03,43.9,0,0,0.00,0.00,0.00,12.00,0.00,0.00,0,0,0.00,0
2026-04-25 14:33:43,1487.49,0,0,0,0,0,0,0,0.00,0,0.00,4.80,0.74,0.00,0.00,D,0.00,12.00,1.55,12.00,0.28,^,0.00,,14.40,12.00,504,0.29,42.8,0,0,0.00,0.00,0.00,12.00,0.00,0.00,0,0,0.00,0
2026-04-25 14:33:44,1488.49,0,0,0,0,0,0,0,0.00,0,0.00,4.80,0.74,0.00,0.00,D,0.00,12.00,1.55,12.00,0.29,^,0.00,,15.20,12.10,504,1.30,42.8,0,0,0.00,0.00,0.00,12.00,0.00,0.00,0,0,0.00,0
2026-04-25 14:33:45,1489.51,0,0,0,0,0,0,0,0.00,0,0.77,4.80,0.74,0.00,0.07,D,0.00,12.00,1.57,12.00,0.23,^,0.00,,14.20,12.10,504,2.31,43.3,0,0,0.00,0.00,0.00,12.00,0.00,0.00,0,0,0.00,0
2026-04-25 14:33:46,1490.51,0,0,0,0,0,0,0,0.00,0,0.00,4.80,0.74,0.00,0.00,D,0.00,12.00,1.45,12.00,0.42,^,0.00,,14.90,12.10,504,0.87,43.9,0,0,0.00,0.00,0.00,12.00,0.00,0.00,0,0,0.00,0
2026-04-25 14:33:47,1491.52,0,0,0,0,0,0,0,0.00,0,1.00,4.80,0.74,0.00,0.18,D,0.00,12.00,1.68,12.00,0.33,^,0.00,,16.50,12.10,504,0.37,45.0,0,0,0.00,0.00,0.00,12.00,0.00,0.00,0,0,0.00,0
2026-04-25 14:33:48,1492.53,0,0,0,0,0,0,0,-1.00,0,1.00,4.80,0.74,0.12,0.68,D,0.00,12.00,0.62,12.00,0.40,^,0.00,,15.20,12.10,504,0.00,43.3,0,0,0.00,0.00,0.00,12.00,0.00,0.00,0,0,0.00,0
2026-04-25 14:33:49,1493.54,0,0,0,0,0,0,0,0.00,0,0.19,4.80,0.74,3.02,0.84,D,0.00,12.00,1.22,12.00,0.85,^,0.00,,19.00,12.10,504,0.00,43.9,0,0,0.00,0.00,0.00,12.00,0.00,0.00,0,0,0.00,0
2026-04-25 14:33:50,1494.55,0,0,0,0,0,0,0,0.00,0,0.00,4.80,0.74,2.23,0.23,D,0.00,12.00,1.46,12.00,0.78,^,0.00,,17.40,12.10,504,0.00,43.3,0,0,0.00,0.00,0.00,12.00,0.00,0.00,0,0,0.00,0
2026-04-25 14:33:51,1495.57,0,0,0,0,0,0,0,0.00,0,0.00,4.80,0.74,0.60,0.00,D,0.00,12.00,1.38,12.00,1.11,^,0.00,,13.20,12.10,504,0.00,45.0,0,0,0.00,0.00,0.00,12.00,0.00,0.00,0,0,0.00,0
2026-04-25 14:33:52,1496.58,0,0,0,0,0,0,0,0.00,0,0.00,4.80,0.74,0.00,0.00,D,0.00,12.00,1.38,12.00,0.82,^,0.00,,12.10,12.10,504,0.64,45.0,0,0,0.00,0.00,0.00,12.00,0.00,0.00,0,0,0.00,0
2026-04-25 14:33:53,1497.59,0,0,0,0,0,0,0,0.00,0,0.00,4.80,0.74,0.00,0.00,D,0.00,12.00,1.38,12.00,0.89,^,0.00,,12.80,12.00,504,1.65,45.0,0,0,0.00,0.00,0.00,12.00,0.00,0.00,0,0,0.00,0
2026-04-25 14:33:54,1498.60,0,0,0,0,0,0,0,0.00,0,0.00,4.80,0.74,0.00,0.00,D,0.00,12.00,1.38,12.00,1.27,^,0.00,,11.90,12.00,504,2.66,44.4,0,0,0.00,0.00,0.00,12.00,0.00,0.00,0,0,0.00,0
2026-04-25 14:33:55,1499.61,0,0,0,0,0,0,0,0.00,0,0.00,4.80,0.74,0.00,0.00,D,0.00,12.00,1.38,12.00,0.73,^,0.00,,14.20,12.10,504,3.67,44.4,0,0,0.00,0.00,0.00,12.00,0.00,0.00,0,0,0.00,0
2026-04-25 14:33:56,1500.62,0,0,0,0,0,0,0,0.00,0,0.00,4.80,0.74,0.00,0.00,D,0.00,12.00,1.38,12.00,0.77,^,0.00,,14.40,12.00,504,4.68,43.3,0,0,0.00,0.00,0.00,12.00,0.00,0.00,0,0,0.00,0
2026-04-25 14:33:57,1501.64,0,0,0,0,0,0,0,0.00,0,0.00,4.80,0.74,0.00,0.00,D,0.00,12.00,1.38,12.00,0.76,^,0.00,,14.10,12.10,504,5.69,43.3,0,0,0.00,0.00,0.00,12.00,0.00,0.00,0,0,0.00,0
2026-04-25 14:33:58,1502.75,0,0,0,0,0,0,0,0.00,0,0.00,4.80,0.73,0.00,0.00,D,0.00,12.00,1.38,12.00,0.83,^,0.00,,13.50,12.10,504,6.81,45.5,0,0,0.00,0.00,0.00,12.00,0.00,0.00,0,0,0.00,0
2026-04-25 14:33:59,1503.65,0,0,0,0,0,0,0,0.00,0,0.00,4.80,0.73,0.00,0.00,D,0.00,12.00,1.38,12.00,0.83,^,0.00,,14.00,12.00,504,7.71,44.4,0,0,0.00,0.00,0.00,12.00,0.00,0.00,0,0,0.00,0
2026-04-25 14:34:00,1504.66,0,0,0,0,0,0,0,0.99,0,1.00,4.80,0.73,0.01,0.43,D,0.00,12.00,1.38,12.00,0.82,^,0.00,,14.40,12.10,504,0.03,43.9,0,0,0.00,0.00,0.00,12.00,0.00,0.00,0,0,0.00,0
2026-04-25 14:34:01,1505.68,0,0,0,0,0,0,0,0.99,0,0.00,4.80,0.73,1.78,0.74,D,0.00,12.00,12.00,12.00,1.03,^,0.00,,14.90,12.10,504,0.00,44.4,0,0,0.00,0.00,0.00,12.00,0.00,0.00,0,0,0.00,0
2026-04-25 14:34:02,1506.69,0,0,0,0,0,0,0,-1.00,0,1.00,4.80,0.73,1.14,0.42,D,0.00,12.00,12.00,12.00,1.80,^,0.00,,17.30,12.10,504,0.00,44.4,0,0,0.00,0.00,0.00,12.00,0.00,0.00,0,0,0.00,0
2026-04-25 14:34:03,1507.71,0,0,0,0,0,0,0,-1.00,0,0.35,4.80,0.73,1.04,0.71,D,0.00,12.00,2.08,12.00,2.04,^,0.00,,15.30,12.10,504,0.00,45.0,0,0,0.00,0.00,0.00,12.00,0.00,0.00,0,0,0.00,0
2026-04-25 14:34:04,1508.71,0,0,0,0,0,0,0,-1.00,0,0.63,4.80,0.73,0.86,0.63,D,0.00,1.57,1.79,1.71,12.00,^,0.00,,15.60,12.10,504,0.00,44.4,0,0,0.00,0.00,0.00,1.57,0.00,0.00,0,0,0.00,0
2026-04-25 14:34:05,1509.73,0,0,0,0,0,0,0,0.00,0,0.79,4.80,0.73,0.70,0.68,D,0.00,1.42,12.00,1.24,1.35,^,0.00,,15.60,12.10,504,0.00,43.9,0,0,0.00,0.00,0.00,1.42,0.00,0.00,0,0,0.00,0
2026-04-25 14:34:06,1510.74,0,0,0,0,0,0,0,0.26,0,0.00,4.80,0.73,1.22,0.25,D,0.00,1.25,12.00,0.95,1.17,^,0.00,,17.40,12.00,504,0.00,44.4,0,0,0.00,0.00,0.00,1.25,0.00,0.00,0,0,0.00,0
2026-04-25 14:34:07,1511.75,0,0,0,0,0,0,0,0.00,0,0.00,4.80,0.73,0.00,0.00,D,0.00,2.06,12.00,0.78,1.19,^,0.00,,13.90,12.10,504,0.30,44.4,0,0,0.00,0.00,0.00,2.06,0.00,0.00,0,0,0.00,0
2026-04-25 14:34:08,1512.86,0,0,0,0,0,0,0,0.00,0,0.00,4.80,0.73,0.00,0.00,D,0.00,2.50,12.00,0.80,1.19,^,0.00,,14.40,12.10,504,1.41,44.4,0,0,0.00,0.00,0.00,2.50,0.00,0.00,0,0,0.00,0
2026-04-25 14:34:09,1513.77,0,0,0,0,0,0,0,0.00,0,1.00,4.80,0.73,0.03,0.50,D,0.00,12.00,12.00,0.80,1.19,^,0.00,,15.20,12.10,504,0.01,45.5,0,0,0.00,0.00,0.00,12.00,0.00,0.00,0,0,0.00,0
2026-04-25 14:34:10,1514.78,0,0,0,0,0,0,0,0.32,0,0.11,4.80,0.73,1.07,0.41,D,0.00,3.44,12.00,0.64,1.25,^,0.00,,13.90,12.10,504,0.00,45.0,0,0,0.00,0.00,0.00,3.44,0.00,0.00,0,0,0.00,0
2026-04-25 14:34:11,1515.79,0,0,0,0,0,0,0,0.32,0,0.85,4.80,0.73,1.34,0.85,D,0.00,3.00,12.00,0.43,1.36,^,0.00,,15.20,12.10,504,0.00,43.9,0,0,0.00,0.00,0.00,3.00,0.00,0.00,0,0,0.00,0
2026-04-25 14:34:12,1516.81,0,0,0,0,0,0,0,0.00,0,0.91,4.80,0.73,1.45,0.45,D,0.00,2.30,12.00,1.38,0.41,^,0.00,,14.20,12.10,504,0.00,46.6,0,0,0.00,0.00,0.00,2.30,0.00,0.00,0,0,0.00,0
2026-04-25 14:34:13,1517.82,0,0,0,0,0,0,0,0.00,0,0.85,4.80,0.73,0.61,0.57,D,0.00,1.98,12.00,1.70,0.47,^,0.00,,11.70,12.10,504,0.00,46.1,0,0,0.00,0.00,0.00,1.98,0.00,0.00,0,0,0.00,0
2026-04-25 14:34:14,1518.83,0,0,0,0,0,0,0,0.00,0,0.00,4.80,0.73,0.31,0.09,D,0.00,1.71,12.00,12.00,0.61,^,0.00,,14.80,12.10,504,0.05,45.0,0,0,0.00,0.00,0.00,1.71,0.00,0.00,0,0,0.00,0
2026-04-25 14:34:15,1519.84,1,0,0,0,0,0,0,-0.37,0,0.20,4.80,0.73,0.00,0.16,D,0.00,12.00,1.86,1.94,0.57,^,-21.94,,13.60,12.10,504,0.76,45.5,0,0,0.00,0.00,0.00,12.00,-0.37,1.00,0,0,0.00,0
2026-04-25 14:34:16,1520.96,1,0,0,0,0,0,0,-0.36,0,0.20,4.80,0.73,0.00,0.20,D,0.00,12.00,1.98,1.99,0.55,^,-21.48,,13.60,12.10,504,1.87,44.4,0,0,0.00,0.00,0.00,12.00,-0.36,1.00,0,0,0.00,0
2026-04-25 14:34:17,1521.86,1,0,0,0,0,0,0,-0.37,0,0.20,4.80,0.73,0.00,0.20,D,0.00,12.00,1.80,1.93,0.45,^,-22.19,,14.80,12.10,504,2.77,42.8,0,0,0.00,0.00,0.00,12.00,-0.37,1.00,0,0,0.00,0
2026-04-25 14:34:18,1522.97,1,0,0,0,0,0,0,-0.41,0,0.20,4.80,0.73,0.00,0.20,D,0.00,12.00,1.87,1.93,0.46,^,-24.35,,14.30,12.10,504,0.41,45.5,0,0,0.00,0.00,0.00,12.00,-0.41,1.00,0,0,0.00,0
2026-04-25 14:34:19,1523.88,1,0,0,0,0,0,0,-0.38,0,0.20,4.80,0.73,0.00,0.20,D,0.00,12.00,0.61,1.99,0.35,^,-22.59,,13.80,12.10,504,1.31,44.4,0,0,0.00,0.00,0.00,12.00,-0.38,1.00,0,0,0.00,0
2026-04-25 14:34:21,1524.99,1,0,0,0,0,0,0,-0.23,0,1.00,4.80,0.73,0.00,0.17,D,0.00,0.68,2.23,1.99,1.68,WARN_WARNING,-13.77,,14.20,12.10,504,0.48,44.4,0,0,0.00,0.00,0.00,0.68,-0.23,1.00,0,0,0.00,0
2026-04-25 14:34:21,1525.89,1,0,0,0,0,0,0,-0.41,0,0.20,4.80,0.73,0.00,0.20,D,0.00,1.11,2.24,1.97,1.70,WARN_WARNING,-24.36,,14.50,12.10,504,1.39,45.0,0,0,0.00,0.00,0.00,1.11,-0.41,1.00,0,0,0.00,0
2026-04-25 14:34:22,1526.91,1,0,0,0,0,0,0,-0.39,0,0.20,4.80,0.73,0.01,0.20,D,0.00,0.80,2.23,1.92,1.72,WARN_WARNING,-23.39,,14.00,12.10,504,0.12,43.9,0,0,0.00,0.00,0.00,0.80,-0.39,1.00,0,0,0.00,0
2026-04-25 14:34:23,1527.92,1,0,0,0,0,0,0,-0.44,0,0.20,4.80,0.73,0.00,0.20,D,0.00,12.00,0.67,1.98,0.86,^,-26.40,,14.20,12.00,504,1.13,43.3,0,0,0.00,0.00,0.00,12.00,-0.44,1.00,0,0,0.00,0
2026-04-25 14:34:25,1529.03,1,0,0,0,0,0,0,-0.40,0,0.20,4.80,0.73,0.00,0.20,D,0.00,2.10,2.10,1.93,0.92,^,-23.91,,14.20,12.00,504,2.25,42.8,0,0,0.00,0.00,0.00,2.10,-0.40,1.00,0,0,0.00,0
2026-04-25 14:34:25,1529.94,1,0,0,0,0,0,0,-0.34,0,0.20,4.80,0.73,0.00,0.20,D,0.00,1.97,12.00,12.00,1.21,^,-20.60,,15.40,12.00,504,3.15,44.4,0,0,0.00,0.00,0.00,1.97,-0.34,1.00,0,0,0.00,0
2026-04-25 14:34:26,1530.95,1,0,0,0,0,0,0,-0.34,0,0.20,4.80,0.73,0.00,0.20,D,0.00,1.87,1.95,1.93,1.10,^,-20.53,,14.20,12.00,504,4.16,43.9,0,0,0.00,0.00,0.00,1.87,-0.34,1.00,0,0,0.00,0
2026-04-25 14:34:27,1531.96,1,0,0,0,0,0,0,-0.36,0,0.20,4.80,0.73,0.00,0.20,D,0.00,1.89,1.90,1.93,0.61,^,-21.37,,16.00,12.00,504,5.17,43.9,0,0,0.00,0.00,0.00,1.89,-0.36,1.00,0,0,0.00,0
2026-04-25 14:34:29,1533.07,0,0,0,0,0,0,0,0.00,0,0.00,4.80,0.73,0.00,0.00,D,0.00,1.89,1.89,1.96,0.53,^,0.00,,15.20,12.00,504,6.28,45.0,0,0,0.00,0.00,0.00,1.89,0.00,0.00,0,0,0.00,0
2026-04-25 14:34:29,1533.98,1,0,0,0,0,0,0,-0.35,0,0.20,4.80,0.73,0.00,0.17,D,0.00,1.90,1.90,1.93,0.55,^,-20.92,,14.70,12.00,504,0.89,43.3,0,0,0.00,0.00,0.00,1.90,-0.35,1.00,0,0,0.00,0
2026-04-25 14:34:31,1534.99,0,0,0,0,0,0,0,0.00,0,1.00,4.80,0.73,0.00,0.26,D,0.00,1.90,1.91,1.94,0.54,^,0.00,,15.20,12.10,504,0.57,42.2,0,0,0.00,0.00,0.00,1.90,0.00,0.00,0,0,0.00,0
2026-04-25 14:34:32,1536.00,0,0,0,0,0,0,0,0.00,0,1.00,4.80,0.73,0.29,0.77,D,0.00,1.86,1.87,12.00,0.57,^,0.00,,14.10,12.10,504,0.00,43.3,0,0,0.00,0.00,0.00,1.86,0.00,0.00,0,0,0.00,0
2026-04-25 14:34:33,1537.11,1,0,0,0,0,0,0,0.01,0,1.00,4.80,0.73,1.05,0.52,D,0.00,1.39,12.00,12.00,1.05,^,0.86,,17.50,12.10,504,0.00,44.4,0,0,0.00,0.00,0.00,1.39,0.01,1.00,0,0,0.00,0
2026-04-25 14:34:34,1538.01,1,0,0,0,0,0,0,-0.19,0,1.00,4.80,0.73,2.19,1.00,D,0.00,12.00,0.83,12.00,1.59,^,-11.26,,15.20,12.10,504,0.00,44.4,0,0,0.00,0.00,0.00,12.00,-0.19,1.00,0,0,0.00,0
2026-04-25 14:34:35,1539.02,1,0,0,0,0,0,0,0.29,0,0.20,4.80,0.73,3.65,0.98,D,0.00,12.00,12.00,12.00,0.76,^,17.44,,15.90,12.10,504,0.00,43.9,0,0,0.00,0.00,0.00,12.00,0.29,1.00,0,0,0.00,0
2026-04-25 14:34:36,1540.03,1,0,0,0,0,0,0,0.17,0,1.00,4.80,0.73,3.80,0.98,D,0.00,12.00,12.00,2.48,2.64,^,10.28,,18.30,12.10,504,0.00,45.5,0,0,0.00,0.00,0.00,12.00,0.17,1.00,0,0,0.00,0
2026-04-25 14:34:37,1541.04,0,0,0,0,0,0,0,0.00,1,0.20,4.80,0.73,3.66,0.00,D,0.00,12.00,12.00,12.00,2.69,^,0.00,,18.30,12.00,504,0.00,43.9,0,0,0.00,0.00,0.00,12.00,0.00,0.00,0,0,0.00,0
2026-04-25 14:34:38,1542.05,0,0,0,0,0,0,0,0.00,1,0.20,4.80,0.73,0.00,0.00,D,0.00,12.00,1.07,12.00,1.11,^,0.00,,15.00,12.00,504,0.01,45.0,0,0,0.00,0.00,0.00,12.00,0.00,0.00,0,0,0.00,0
2026-04-25 14:34:39,1543.06,0,0,0,0,0,0,0,-0.47,0,1.00,4.80,0.73,0.12,0.39,D,0.00,12.00,1.09,12.00,1.11,^,0.00,,12.90,12.00,504,0.00,45.0,0,0,0.00,0.00,0.00,12.00,0.00,0.00,0,0,0.00,0
2026-04-25 14:34:40,1544.08,0,0,0,0,0,0,0,0.00,0,0.00,4.80,0.73,0.68,0.11,D,0.00,12.00,12.00,12.00,2.19,^,0.00,,13.00,12.10,504,0.00,44.4,0,0,0.00,0.00,0.00,12.00,0.00,0.00,0,0,0.00,0
2026-04-25 14:34:41,1545.09,0,0,0,0,0,0,0,0.00,0,0.00,4.80,0.73,0.00,0.00,D,0.00,12.00,12.00,12.00,1.30,^,0.00,,12.20,12.10,504,0.49,45.5,0,0,0.00,0.00,0.00,12.00,0.00,0.00,0,0,0.00,0
2026-04-25 14:34:42,1546.10,0,0,0,0,0,0,0,0.00,0,0.00,4.80,0.73,0.00,0.00,D,0.00,12.00,0.61,12.00,0.57,^,0.00,,11.60,12.00,504,1.50,45.5,0,0,0.00,0.00,0.00,12.00,0.00,0.00,0,0,0.00,0
2026-04-25 14:34:43,1547.12,0,0,0,0,0,0,0,0.00,0,0.00,4.80,0.73,0.00,0.00,D,0.00,12.00,0.33,12.00,2.26,^,0.00,,13.30,12.00,504,0.00,45.0,0,0,0.00,0.00,0.00,12.00,0.00,0.00,0,0,0.00,0
2026-04-25 14:34:44,1548.13,0,0,0,0,0,0,0,0.00,0,0.00,4.80,0.73,0.00,0.00,D,0.00,12.00,1.15,12.00,2.23,^,0.00,,14.20,12.00,504,0.69,44.4,0,0,0.00,0.00,0.00,12.00,0.00,0.00,0,0,0.00,0
2026-04-25 14:34:45,1549.24,0,0,0,0,0,0,0,0.00,0,0.00,4.80,0.73,0.00,0.00,D,0.00,12.00,0.44,12.00,2.23,^,0.00,,14.60,12.10,504,1.81,45.0,0,0,0.00,0.00,0.00,12.00,0.00,0.00,0,0,0.00,0
2026-04-25 14:34:46,1550.14,0,0,0,0,0,0,0,0.00,0,0.00,4.80,0.73,0.00,0.00,D,0.00,12.00,0.27,12.00,2.24,^,0.00,,13.70,12.10,504,0.02,45.0,0,0,0.00,0.00,0.00,12.00,0.00,0.00,0,0,0.00,0
2026-04-25 14:34:47,1551.26,0,0,0,0,0,0,0,0.00,0,0.00,4.80,0.73,0.00,0.00,D,0.00,12.00,0.26,12.00,2.24,^,0.00,,14.00,12.10,504,0.00,43.9,0,0,0.00,0.00,0.00,12.00,0.00,0.00,0,0,0.00,0
2026-04-25 14:34:48,1552.16,0,0,0,0,0,0,0,0.00,0,0.00,4.80,0.73,0.00,0.00,D,0.00,12.00,0.28,12.00,2.20,^,0.00,,14.10,12.00,504,0.78,43.9,0,0,0.00,0.00,0.00,12.00,0.00,0.00,0,0,0.00,0
2026-04-25 14:34:49,1553.27,0,0,0,0,0,0,0,0.00,0,0.00,4.80,0.73,0.00,0.00,D,0.00,12.00,0.53,12.00,2.20,^,0.00,,15.00,12.10,504,1.89,44.4,0,0,0.00,0.00,0.00,12.00,0.00,0.00,0,0,0.00,0
2026-04-25 14:34:50,1554.18,0,0,0,0,0,0,0,-0.35,0,1.00,4.80,0.73,0.01,0.38,D,0.00,1.01,0.95,12.00,2.20,WARN_WARNING,0.00,,14.00,12.10,504,0.01,45.5,0,0,0.00,0.00,0.00,1.01,0.00,0.00,0,0,0.00,0
2026-04-25 14:34:51,1555.29,0,0,0,0,0,0,0,-0.89,0,0.44,4.80,0.73,0.66,0.85,D,0.00,0.88,1.02,12.00,2.37,WARN_WARNING,0.00,,13.40,12.10,504,0.00,43.3,0,0,0.00,0.00,0.00,0.88,0.00,0.00,0,0,0.00,0
2026-04-25 14:34:52,1556.19,0,0,0,0,0,0,0,-0.43,0,1.00,4.80,0.73,1.57,0.83,D,0.00,12.00,12.00,0.45,12.00,^,0.00,,14.50,12.10,504,0.00,44.4,0,0,0.00,0.00,0.00,12.00,0.00,0.00,0,0,0.00,0
2026-04-25 14:34:53,1557.20,0,0,0,0,0,0,0,-0.45,0,0.07,4.80,0.73,2.74,0.70,D,0.00,12.00,12.00,12.00,0.85,^,0.00,,16.10,12.10,504,0.00,45.5,0,0,0.00,0.00,0.00,12.00,0.00,0.00,0,0,0.00,0
2026-04-25 14:34:54,1558.21,0,0,0,0,0,0,0,0.00,0,0.84,4.80,0.73,1.94,0.44,D,0.00,12.00,12.00,12.00,1.38,^,0.00,,13.60,12.00,504,0.00,43.3,0,0,0.00,0.00,0.00,12.00,0.00,0.00,0,0,0.00,0
2026-04-25 14:34:55,1559.23,0,0,0,0,0,0,0,-0.21,0,0.78,4.80,0.73,1.43,0.54,D,0.00,12.00,12.00,12.00,1.10,^,0.00,,15.30,12.00,504,0.00,43.3,0,0,0.00,0.00,0.00,12.00,0.00,0.00,0,0,0.00,0
2026-04-25 14:34:56,1560.24,0,0,0,0,0,0,0,0.00,0,0.90,4.80,0.73,2.68,0.90,D,0.00,12.00,12.00,12.00,1.04,^,0.00,,14.40,12.00,504,0.00,45.5,0,0,0.00,0.00,0.00,12.00,0.00,0.00,0,0,0.00,0
2026-04-25 14:34:57,1561.25,0,0,0,0,0,0,0,0.00,0,0.51,4.80,0.73,0.79,0.52,D,0.00,12.00,12.00,12.00,1.15,^,0.00,,13.80,12.10,504,0.00,45.5,0,0,0.00,0.00,0.00,12.00,0.00,0.00,0,0,0.00,0
2026-04-25 14:34:58,1562.26,0,0,0,0,0,0,0,0.51,0,0.49,4.80,0.73,1.75,0.77,D,0.00,12.00,12.00,12.00,0.84,^,0.00,,13.70,12.10,504,0.00,45.0,0,0,0.00,0.00,0.00,12.00,0.00,0.00,0,0,0.00,0
2026-04-25 14:34:59,1563.37,0,0,0,0,0,0,0,0.19,0,0.88,4.80,0.73,1.91,0.79,D,0.00,12.00,12.00,12.00,0.86,^,0.00,,13.60,12.00,504,0.00,46.1,0,0,0.00,0.00,0.00,12.00,0.00,0.00,0,0,0.00,0
2026-04-25 14:35:00,1564.28,0,0,0,0,0,0,0,0.00,0,0.24,4.80,0.73,2.21,0.35,D,0.00,12.00,12.00,12.00,1.28,^,0.00,,13.70,12.00,504,0.00,46.1,0,0,0.00,0.00,0.00,12.00,0.00,0.00,0,0,0.00,0
2026-04-25 14:35:01,1565.29,0,0,0,0,0,0,0,-1.00,0,0.97,4.80,0.73,1.06,0.83,D,0.00,12.00,12.00,12.00,1.30,^,0.00,,15.20,12.10,504,0.00,44.4,0,0,0.00,0.00,0.00,12.00,0.00,0.00,0,0,0.00,0
2026-04-25 14:35:02,1566.40,0,0,0,0,0,0,0,-1.00,0,1.00,4.80,0.73,0.91,0.74,D,0.00,12.00,12.00,2.28,1.08,^,0.00,,15.40,12.00,504,0.00,45.5,0,0,0.00,0.00,0.00,12.00,0.00,0.00,0,0,0.00,0
2026-04-25 14:35:03,1567.31,0,0,0,0,0,0,0,0.64,0,0.00,4.80,0.73,1.15,0.26,D,0.00,12.00,0.72,12.00,0.75,^,0.00,,14.90,12.00,504,0.00,43.3,0,0,0.00,0.00,0.00,12.00,0.00,0.00,0,0,0.00,0
2026-04-25 14:35:04,1568.32,1,0,0,0,0,0,0,-0.14,0,1.00,4.80,0.73,0.01,0.44,D,0.00,12.00,12.00,12.00,0.80,^,-8.20,,15.60,12.00,504,0.05,45.0,0,0,0.00,0.00,0.00,12.00,-0.14,1.00,0,0,0.00,0
2026-04-25 14:35:05,1569.33,1,0,0,0,0,0,0,-0.08,0,1.00,4.80,0.73,1.05,0.88,D,0.00,12.00,12.00,12.00,0.84,^,-4.64,,15.10,12.00,504,0.00,42.8,0,0,0.00,0.00,0.00,12.00,-0.08,1.00,0,0,0.00,0
2026-04-25 14:35:06,1570.33,1,0,0,0,0,0,0,-0.00,0,1.00,4.80,0.74,3.57,1.00,D,0.00,12.00,12.00,12.00,0.88,^,-0.00,,16.20,12.00,504,0.00,45.0,0,0,0.00,0.00,0.00,12.00,-0.00,1.00,0,0,0.00,0
2026-04-25 14:35:07,1571.34,0,0,0,0,0,0,0,0.00,0,1.00,4.80,0.74,4.12,1.00,D,0.00,12.00,12.00,12.00,1.26,^,0.00,,16.70,12.00,504,0.00,45.0,0,0,0.00,0.00,0.00,12.00,0.00,0.00,0,0,0.00,0
2026-04-25 14:35:08,1572.35,0,0,0,0,0,0,0,0.00,1,1.00,4.80,0.74,3.72,0.00,D,0.00,12.00,12.00,1.90,1.68,^,0.00,,18.10,12.00,504,0.00,45.5,0,0,0.00,0.00,0.00,12.00,0.00,0.00,0,0,0.00,0
2026-04-25 14:35:09,1573.36,0,0,0,1,0,0,0,1.00,0,1.00,4.80,0.74,0.01,-0.06,R,0.00,12.00,12.00,1.55,1.17,^,0.00,,14.40,12.10,504,0.18,43.9,0,0,0.00,0.00,0.00,12.00,0.00,0.00,0,0,0.00,0
2026-04-25 14:35:10,1574.37,0,0,0,0,0,0,0,1.00,0,1.00,4.80,0.74,0.20,-0.57,R,0.00,12.00,12.00,1.57,1.03,^,0.00,,15.00,12.10,504,0.00,45.0,0,0,0.00,0.00,0.00,12.00,0.00,0.00,0,0,0.00,0
2026-04-25 14:35:11,1575.39,1,0,0,0,0,0,0,0.14,0,1.00,4.80,0.74,1.19,-0.35,D,0.00,12.00,12.00,1.76,0.77,^,8.53,,15.70,12.00,504,0.00,44.4,0,0,0.00,0.00,0.00,12.00,0.14,1.00,0,0,0.00,0
2026-04-25 14:35:12,1576.40,1,0,0,0,0,0,0,-0.11,0,1.00,4.80,0.74,0.03,0.15,D,0.00,12.00,12.00,1.88,0.64,^,-6.58,,13.90,12.00,504,0.08,43.9,0,0,0.00,0.00,0.00,12.00,-0.11,1.00,0,0,0.00,0
2026-04-25 14:35:13,1577.41,1,0,0,0,0,0,0,0.07,0,1.00,4.80,0.74,0.38,0.66,D,0.00,12.00,12.00,1.82,0.48,^,3.95,,15.20,12.00,504,0.00,44.4,0,0,0.00,0.00,0.00,12.00,0.07,1.00,0,0,0.00,0
2026-04-25 14:35:14,1578.41,1,0,0,0,0,0,0,-0.13,0,1.00,4.80,0.74,2.92,1.00,D,0.00,12.00,12.00,1.61,0.70,^,-7.99,,15.70,12.00,504,0.00,43.9,0,0,0.00,0.00,0.00,12.00,-0.13,1.00,0,0,0.00,0
2026-04-25 14:35:15,1579.43,1,0,0,0,0,0,0,0.11,0,1.00,4.80,0.74,3.95,1.00,D,0.00,12.00,12.00,12.00,0.85,^,6.36,,16.60,12.00,504,0.00,43.3,0,0,0.00,0.00,0.00,12.00,0.11,1.00,0,0,0.00,0
2026-04-25 14:35:16,1580.44,0,0,0,0,0,0,0,0.00,1,1.00,4.80,0.74,3.97,0.00,D,0.00,12.00,12.00,2.67,1.00,^,0.00,,16.80,12.00,504,0.00,43.9,0,0,0.00,0.00,0.00,12.00,0.00,0.00,0,0,0.00,0
2026-04-25 14:35:17,1581.55,0,0,0,1,0,0,0,-0.93,0,1.00,4.80,0.74,0.31,0.00,N,0.00,12.00,12.00,2.55,0.74,^,0.00,,15.40,12.00,504,0.01,44.4,0,0,0.00,0.00,0.00,12.00,0.00,0.00,0,0,0.00,0
2026-04-25 14:35:18,1582.46,0,0,0,1,0,0,0,-0.92,0,1.00,4.80,0.74,0.00,-0.42,R,0.00,12.00,12.00,12.00,0.78,^,0.00,,14.00,12.00,504,0.32,43.9,0,0,0.00,0.00,0.00,12.00,0.00,0.00,0,0,0.00,0
2026-04-25 14:35:19,1583.47,0,0,0,0,0,0,0,0.00,0,0.00,4.80,0.74,0.91,-0.67,R,0.00,12.00,12.00,2.54,0.78,^,0.00,,15.70,12.10,504,0.00,44.4,0,0,0.00,0.00,0.00,12.00,0.00,0.00,0,0,0.00,0
2026-04-25 14:35:20,1584.48,0,0,0,0,0,0,0,0.00,0,0.00,4.80,0.74,1.24,-0.79,R,0.00,12.00,12.00,2.61,0.65,^,0.00,,16.10,12.00,504,0.00,44.4,0,0,0.00,0.00,0.00,12.00,0.00,0.00,0,0,0.00,0
2026-04-25 14:35:21,1585.49,0,0,1,0,0,0,0,1.00,0,1.00,4.80,0.74,0.70,0.04,D,0.00,12.00,0.63,12.00,2.12,^,0.00,,16.20,12.00,504,0.00,44.4,0,0,0.00,0.00,0.00,12.00,0.00,0.00,0,0,0.00,0
2026-04-25 14:35:22,1586.50,0,0,0,0,0,0,0,1.00,0,1.00,4.80,0.74,0.16,0.39,D,0.00,12.00,0.62,12.00,2.44,^,0.00,,13.90,12.10,504,0.01,43.9,0,0,0.00,0.00,0.00,12.00,0.00,0.00,0,0,0.00,0
2026-04-25 14:35:23,1587.61,0,0,0,0,0,0,0,0.00,0,0.00,4.80,0.74,0.45,0.07,D,0.00,12.00,0.63,12.00,0.65,^,0.00,,16.60,12.10,504,0.00,44.4,0,0,0.00,0.00,0.00,12.00,0.00,0.00,0,0,0.00,0
2026-04-25 14:35:24,1588.52,1,0,0,0,0,0,0,0.01,0,1.00,4.80,0.74,0.46,0.57,D,0.00,12.00,12.00,2.68,0.64,^,0.56,,14.50,12.10,504,0.00,44.4,0,0,0.00,0.00,0.00,12.00,0.01,1.00,0,0,0.00,0
2026-04-25 14:35:25,1589.53,1,0,0,0,0,0,0,0.38,0,0.20,4.80,0.74,2.12,0.40,D,0.00,12.00,12.00,12.00,0.96,^,23.08,,13.70,12.10,504,0.00,44.4,0,0,0.00,0.00,0.00,12.00,0.38,1.00,0,0,0.00,0
2026-04-25 14:35:26,1590.54,1,0,0,0,0,0,0,0.17,0,1.00,4.80,0.74,2.03,0.66,D,0.00,12.00,12.00,1.84,1.34,^,10.19,,14.60,12.10,504,0.00,46.1,0,0,0.00,0.00,0.00,12.00,0.17,1.00,0,0,0.00,0
2026-04-25 14:35:27,1591.56,1,0,0,0,0,0,0,0.12,0,1.00,4.80,0.74,2.04,0.87,D,0.00,12.00,12.00,1.61,1.44,^,7.11,,13.00,12.10,504,0.00,44.4,0,0,0.00,0.00,0.00,12.00,0.12,1.00,0,0,0.00,0
2026-04-25 14:35:28,1592.57,0,0,0,0,0,0,0,0.00,1,1.00,4.80,0.75,2.78,0.00,D,0.00,12.00,12.00,12.00,1.58,^,0.00,,13.90,12.10,504,0.00,45.5,0,0,0.00,0.00,0.00,12.00,0.00,0.00,0,0,0.00,0
2026-04-25 14:35:29,1593.58,0,0,0,1,0,0,0,0.99,0,1.00,4.80,0.75,0.01,-0.26,R,0.00,12.00,12.00,12.00,1.19,^,0.00,,13.10,12.00,504,0.10,46.1,0,0,0.00,0.00,0.00,12.00,0.00,0.00,0,0,0.00,0
2026-04-25 14:35:30,1594.59,0,0,0,0,0,0,0,0.62,0,0.37,4.80,0.75,0.49,-0.72,R,0.00,12.00,12.00,12.00,1.51,^,0.00,,13.70,12.00,504,0.00,44.4,0,0,0.00,0.00,0.00,12.00,0.00,0.00,0,0,0.00,0
2026-04-25 14:35:31,1595.70,0,0,0,0,0,0,0,0.00,0,0.00,4.80,0.75,0.53,-0.12,R,0.00,12.00,12.00,12.00,1.61,^,0.00,,13.00,12.10,504,0.03,44.4,0,0,0.00,0.00,0.00,12.00,0.00,0.00,0,0,0.00,0
2026-04-25 14:35:32,1596.60,0,0,0,0,0,0,0,0.00,0,0.00,4.80,0.75,0.00,-0.00,R,0.00,12.00,12.00,12.00,1.60,^,0.00,,12.20,12.10,504,0.71,45.5,0,0,0.00,0.00,0.00,12.00,0.00,0.00,0,0,0.00,0
2026-04-25 14:35:33,1597.61,0,0,0,0,0,0,0,0.00,0,1.00,4.80,0.74,0.00,-0.27,R,0.00,12.00,12.00,12.00,1.55,^,0.00,,12.50,12.10,504,1.73,46.1,0,0,0.00,0.00,0.00,12.00,0.00,0.00,0,0,0.00,0
2026-04-25 14:35:34,1598.72,0,0,0,0,0,0,0,0.00,0,1.00,4.80,0.74,0.40,-0.78,R,0.00,12.00,12.00,12.00,1.49,^,0.00,,13.20,12.10,504,0.00,46.1,0,0,0.00,0.00,0.00,12.00,0.00,0.00,0,0,0.00,0
2026-04-25 14:35:35,1599.63,0,0,0,0,0,0,0,0.00,0,1.00,4.80,0.75,2.89,-0.80,R,0.00,12.00,12.00,12.00,0.99,^,0.00,,16.20,12.10,504,0.00,46.6,0,0,0.00,0.00,0.00,12.00,0.00,0.00,0,0,0.00,0
2026-04-25 14:35:36,1600.74,0,0,0,0,0,0,0,-0.11,0,0.00,4.80,0.75,3.27,-0.74,R,0.00,12.00,1.12,1.65,12.00,^,0.00,,16.60,12.10,504,0.00,46.1,0,0,0.00,0.00,0.00,12.00,0.00,0.00,0,0,0.00,0
2026-04-25 14:35:37,1601.64,0,0,0,0,0,0,0,0.00,0,0.24,4.80,0.75,2.06,-0.81,R,0.00,1.24,1.23,12.00,12.00,^,0.00,,14.20,12.10,504,0.00,45.5,0,0,0.00,0.00,0.00,1.24,0.00,0.00,0,0,0.00,0
2026-04-25 14:35:38,1602.65,0,0,0,0,0,0,0,0.00,0,0.94,4.80,0.75,1.80,-0.59,R,0.00,0.98,12.00,12.00,1.97,WARN_WARNING,0.00,,14.00,12.10,504,0.00,45.5,0,0,0.00,0.00,0.00,0.98,0.00,0.00,0,0,0.00,0
2026-04-25 14:35:39,1603.67,0,0,0,0,0,0,0,0.17,0,0.00,4.80,0.75,2.65,-0.75,R,0.00,1.11,12.00,12.00,1.64,WARN_WARNING,0.00,,15.10,12.10,504,0.00,46.6,0,0,0.00,0.00,0.00,1.11,0.00,0.00,0,0,0.00,0
2026-04-25 14:35:40,1604.68,0,0,0,0,0,0,0,0.00,0,0.78,4.80,0.75,2.03,-0.51,R,0.00,1.03,12.00,1.44,1.51,WARN_WARNING,0.00,,15.20,12.10,504,0.00,46.1,0,0,0.00,0.00,0.00,1.03,0.00,0.00,0,0,0.00,0
2026-04-25 14:35:41,1605.70,0,0,0,0,0,0,0,0.00,0,0.92,4.80,0.75,2.08,-0.77,R,0.00,1.10,12.00,1.77,12.00,WARN_WARNING,0.00,,15.70,12.10,504,0.00,46.1,0,0,0.00,0.00,0.00,1.10,0.00,0.00,0,0,0.00,0
2026-04-25 14:35:42,1606.71,0,0,0,0,0,0,0,0.00,0,0.22,4.80,0.75,2.54,-0.80,R,0.00,1.22,12.00,2.22,12.00,^,0.00,,14.50,12.10,504,0.00,45.5,0,0,0.00,0.00,0.00,1.22,0.00,0.00,0,0,0.00,0
2026-04-25 14:35:43,1607.72,0,0,0,0,0,0,0,-0.26,0,0.51,4.80,0.75,2.79,-0.83,R,0.00,1.37,12.00,2.45,12.00,^,0.00,,14.50,12.10,504,0.00,46.1,0,0,0.00,0.00,0.00,1.37,0.00,0.00,0,0,0.00,0
2026-04-25 14:35:44,1608.73,0,0,0,0,0,0,0,0.00,0,0.29,4.80,0.75,2.39,-0.63,R,0.00,1.48,12.00,12.00,12.00,^,0.00,,15.10,12.10,504,0.00,46.6,0,0,0.00,0.00,0.00,1.48,0.00,0.00,0,0,0.00,0
2026-04-25 14:35:45,1609.75,0,0,0,0,0,0,0,0.57,1,0.00,4.80,0.76,2.18,-0.26,R,0.00,1.27,12.00,12.00,12.00,^,0.00,,14.00,12.10,504,0.00,45.5,0,0,0.00,0.00,0.00,1.27,0.00,0.00,0,0,0.00,0
2026-04-25 14:35:46,1610.76,1,0,0,0,0,0,0,-0.00,0,1.00,4.80,0.76,0.00,0.07,D,0.00,0.85,0.86,12.00,12.00,WARN_WARNING,-0.05,,14.60,12.10,504,0.37,46.1,0,0,0.00,0.00,0.00,0.85,-0.00,1.00,0,0,0.00,0
2026-04-25 14:35:47,1611.78,1,0,0,0,0,0,0,0.03,0,1.00,4.80,0.75,0.15,0.58,D,0.00,12.00,0.80,12.00,12.00,^,1.95,,14.40,12.10,504,0.00,45.5,0,0,0.00,0.00,0.00,12.00,0.03,1.00,0,0,0.00,0
2026-04-25 14:35:48,1612.79,1,0,0,0,0,0,0,-0.05,0,1.00,4.80,0.76,2.54,1.00,D,0.00,12.00,0.94,12.00,0.97,^,-3.15,,16.60,12.00,504,0.00,45.5,0,0,0.00,0.00,0.00,12.00,-0.05,1.00,0,0,0.00,0
2026-04-25 14:35:49,1613.79,0,0,0,0,0,0,0,0.00,0,1.00,4.80,0.76,3.86,1.00,D,0.00,12.00,12.00,12.00,0.97,^,0.00,,16.50,12.00,504,0.00,45.5,0,0,0.00,0.00,0.00,12.00,0.00,0.00,0,0,0.00,0
2026-04-25 14:35:50,1614.80,0,0,0,0,0,0,0,-1.00,0,1.00,4.80,0.76,3.70,1.00,D,0.00,12.00,12.00,12.00,1.40,^,0.00,,17.30,12.00,504,0.00,45.5,0,0,0.00,0.00,0.00,12.00,0.00,0.00,0,0,0.00,0
2026-04-25 14:35:51,1615.91,1,0,0,0,0,0,0,0.11,0,1.00,4.80,0.76,0.01,0.27,D,0.00,12.00,12.00,1.99,1.15,^,6.88,,14.40,12.00,504,0.35,44.4,0,0,0.00,0.00,0.00,12.00,0.11,1.00,0,0,0.00,0
2026-04-25 14:35:52,1616.81,1,0,0,0,0,0,0,-0.07,0,1.00,4.80,0.76,0.54,0.77,D,0.00,12.00,12.00,1.97,0.48,^,-3.99,,13.70,12.00,504,0.00,44.4,0,0,0.00,0.00,0.00,12.00,-0.07,1.00,0,0,0.00,0
2026-04-25 14:35:53,1617.83,0,0,0,0,0,0,0,0.00,1,1.00,4.80,0.76,0.00,0.00,D,0.00,12.00,0.46,1.92,0.46,^,0.00,,15.40,12.10,504,0.16,45.0,0,0,0.00,0.00,0.00,12.00,0.00,0.00,0,0,0.00,0
2026-04-25 14:35:54,1618.84,0,0,0,0,0,0,0,0.00,0,1.00,4.80,0.76,0.05,0.50,D,0.00,12.00,0.32,1.91,0.34,^,0.00,,14.20,12.10,504,0.02,43.9,0,0,0.00,0.00,0.00,12.00,0.00,0.00,0,0,0.00,0
2026-04-25 14:35:55,1619.85,0,0,0,0,0,0,0,0.00,1,1.00,4.80,0.76,0.00,0.00,D,0.00,12.00,0.64,1.86,0.41,^,0.00,,15.20,12.10,504,0.03,44.4,0,0,0.00,0.00,0.00,12.00,0.00,0.00,0,0,0.00,0
2026-04-25 14:35:56,1620.85,0,0,0,0,0,0,0,0.00,1,1.00,4.80,0.76,0.00,0.00,D,0.00,12.00,0.21,1.86,0.33,^,0.00,,14.80,12.00,504,0.97,44.4,0,0,0.00,0.00,0.00,12.00,0.00,0.00,0,0,0.00,0
2026-04-25 14:35:57,1621.87,0,0,0,0,0,0,0,0.00,1,1.00,4.80,0.76,0.00,0.00,D,0.00,12.00,0.25,1.86,0.31,^,0.00,,14.40,12.10,504,0.35,44.4,0,0,0.00,0.00,0.00,12.00,0.00,0.00,0,0,0.00,0
2026-04-25 14:35:58,1622.98,0,0,0,0,0,0,0,0.00,1,1.00,4.80,0.76,0.00,0.00,D,0.00,12.00,0.26,1.86,0.33,^,0.00,,15.00,12.10,504,0.19,43.3,0,0,0.00,0.00,0.00,12.00,0.00,0.00,0,0,0.00,0
2026-04-25 14:35:59,1623.88,0,0,0,0,0,0,0,0.00,1,1.00,4.80,0.76,0.00,0.00,D,0.00,12.00,0.62,1.86,0.33,^,0.00,,14.70,12.00,504,1.09,43.9,0,0,0.00,0.00,0.00,12.00,0.00,0.00,0,0,0.00,0
2026-04-25 14:36:00,1624.89,0,0,0,0,0,0,0,0.00,0,1.00,4.80,0.76,0.00,0.27,D,0.00,12.00,12.00,1.86,0.43,^,0.00,,14.00,12.10,504,0.40,43.3,0,0,0.00,0.00,0.00,12.00,0.00,0.00,0,0,0.00,0
2026-04-25 14:36:02,1626.01,1,0,0,0,0,0,0,-0.06,0,1.00,4.80,0.75,0.55,0.78,D,0.00,12.00,12.00,1.82,0.55,^,-3.60,,15.20,12.10,504,0.00,44.4,0,0,0.00,0.00,0.00,12.00,-0.06,1.00,0,0,0.00,0
2026-04-25 14:36:02,1626.91,1,0,0,0,0,0,0,-0.11,0,1.00,4.80,0.76,3.38,1.00,D,0.00,12.00,12.00,1.55,1.01,^,-6.84,,15.70,12.10,504,0.00,44.4,0,0,0.00,0.00,0.00,12.00,-0.11,1.00,0,0,0.00,0
2026-04-25 14:36:03,1627.92,0,0,0,0,0,0,0,0.00,1,1.00,4.80,0.76,3.84,0.83,D,0.00,12.00,12.00,12.00,1.19,^,0.00,,13.80,12.10,504,0.00,45.5,0,0,0.00,0.00,0.00,12.00,0.00,0.00,0,0,0.00,0
2026-04-25 14:36:04,1628.93,0,0,0,0,0,0,0,1.00,0,1.00,4.80,0.76,0.01,0.22,D,0.00,12.00,12.00,12.00,0.75,^,0.00,,11.40,12.10,504,0.28,43.9,0,0,0.00,0.00,0.00,12.00,0.00,0.00,0,0,0.00,0
2026-04-25 14:36:06,1630.05,0,0,0,0,0,0,0,1.00,0,0.00,4.80,0.76,0.45,0.62,D,0.00,12.00,12.00,12.00,0.59,^,0.00,,12.60,12.10,504,0.00,45.0,0,0,0.00,0.00,0.00,12.00,0.00,0.00,0,0,0.00,0
2026-04-25 14:36:06,1630.94,0,0,0,0,0,0,0,0.00,0,1.00,4.80,0.76,0.38,0.36,D,0.00,12.00,12.00,12.00,0.79,^,0.00,,12.80,12.00,504,0.01,44.4,0,0,0.00,0.00,0.00,12.00,0.00,0.00,0,0,0.00,0
2026-04-25 14:36:08,1632.06,0,0,0,0,0,0,0,0.00,0,1.00,4.80,0.76,1.02,0.87,D,0.00,12.00,12.00,12.00,0.76,^,0.00,,13.00,12.10,504,0.00,43.9,0,0,0.00,0.00,0.00,12.00,0.00,0.00,0,0,0.00,0
2026-04-25 14:36:08,1632.96,0,0,0,0,0,0,0,0.00,1,1.00,4.80,0.76,3.93,0.84,D,0.00,12.00,12.00,2.50,1.40,^,0.00,,17.00,12.10,504,0.00,43.3,0,0,0.00,0.00,0.00,12.00,0.00,0.00,0,0,0.00,0
2026-04-25 14:36:09,1633.98,0,0,0,0,0,0,0,0.00,0,1.00,4.80,0.76,0.13,0.05,D,0.00,12.00,12.00,1.87,1.54,^,0.00,,14.30,12.10,504,0.02,45.0,0,0,0.00,0.00,0.00,12.00,0.00,0.00,0,0,0.00,0
2026-04-25 14:36:10,1634.98,0,0,0,0,0,0,0,0.00,0,1.00,4.80,0.76,0.04,0.55,D,0.00,12.00,12.00,1.87,0.62,^,0.00,,12.40,12.00,504,0.01,44.4,0,0,0.00,0.00,0.00,12.00,0.00,0.00,0,0,0.00,0
2026-04-25 14:36:12,1636.09,0,0,0,0,0,0,0,0.00,1,1.00,4.80,0.76,0.00,0.00,D,0.00,12.00,12.00,1.79,0.34,^,0.00,,12.70,12.10,504,0.09,45.0,0,0,0.00,0.00,0.00,12.00,0.00,0.00,0,0,0.00,0
2026-04-25 14:36:13,1636.99,0,0,0,0,0,0,0,0.00,1,1.00,4.80,0.76,0.00,0.00,D,0.00,12.00,12.00,1.78,0.26,^,0.00,,12.40,12.10,504,0.15,45.0,0,0,0.00,0.00,0.00,12.00,0.00,0.00,0,0,0.00,0
2026-04-25 14:36:14,1638.00,0,0,0,0,0,0,0,0.00,1,1.00,4.80,0.76,0.00,0.00,D,0.00,12.00,12.00,1.78,0.29,^,0.00,,12.10,12.00,504,1.17,44.4,0,0,0.00,0.00,0.00,12.00,0.00,0.00,0,0,0.00,0
2026-04-25 14:36:15,1639.01,0,0,0,0,0,0,0,0.00,1,1.00,4.80,0.76,0.00,0.00,D,0.00,12.00,12.00,1.78,0.29,^,0.00,,14.90,12.00,504,2.18,45.0,0,0,0.00,0.00,0.00,12.00,0.00,0.00,0,0,0.00,0
2026-04-25 14:36:16,1640.13,0,0,0,0,0,0,0,0.00,1,1.00,4.80,0.76,0.00,0.00,D,0.00,12.00,12.00,1.78,0.55,^,0.00,,14.20,12.00,504,3.29,43.3,0,0,0.00,0.00,0.00,12.00,0.00,0.00,0,0,0.00,0
2026-04-25 14:36:17,1641.03,0,0,0,0,0,0,0,0.00,1,1.00,4.80,0.76,0.00,0.00,D,0.00,12.00,0.49,1.78,12.00,^,0.00,,13.40,12.00,504,4.19,43.9,0,0,0.00,0.00,0.00,12.00,0.00,0.00,0,0,0.00,0
2026-04-25 14:36:18,1642.04,0,0,0,0,0,0,0,0.00,1,1.00,4.80,0.76,0.00,0.00,D,0.00,0.35,0.23,1.78,12.00,STOP_WARNING,0.00,,14.80,12.00,504,5.21,42.2,0,0,0.00,0.00,0.00,0.35,0.00,0.00,0,0,0.00,0
2026-04-25 14:36:19,1643.05,0,0,0,0,0,0,0,0.00,1,1.00,4.80,0.76,0.00,0.00,D,0.00,0.34,0.26,1.78,12.00,STOP_WARNING,0.00,,14.00,12.00,504,6.22,43.3,0,0,0.00,0.00,0.00,0.34,0.00,0.00,0,0,0.00,0
2026-04-25 14:36:20,1644.06,0,0,0,0,0,0,0,0.00,1,1.00,4.80,0.75,0.00,0.00,D,0.00,0.34,0.23,1.78,12.00,STOP_WARNING,0.00,,13.90,12.10,504,0.11,42.8,0,0,0.00,0.00,0.00,0.34,0.00,0.00,0,0,0.00,0
2026-04-25 14:36:21,1645.08,0,0,0,0,0,0,0,0.00,1,1.00,4.80,0.75,0.00,0.00,D,0.00,0.35,0.24,1.78,12.00,STOP_WARNING,0.00,,14.80,12.00,504,0.02,44.4,0,0,0.00,0.00,0.00,0.35,0.00,0.00,0,0,0.00,0
2026-04-25 14:36:22,1646.09,0,0,0,0,0,0,0,0.00,1,1.00,4.80,0.75,0.00,0.00,D,0.00,0.49,0.55,1.78,12.00,STOP_WARNING,0.00,,14.20,12.00,504,0.96,43.9,0,0,0.00,0.00,0.00,0.49,0.00,0.00,0,0,0.00,0
2026-04-25 14:36:23,1647.10,0,0,0,0,0,0,0,0.00,0,0.00,4.80,0.75,0.01,0.06,D,0.00,12.00,0.93,1.78,12.00,^,0.00,,13.60,12.10,504,0.19,43.3,0,0,0.00,0.00,0.00,12.00,0.00,0.00,0,0,0.00,0
2026-04-25 14:36:24,1648.21,1,0,0,0,0,0,0,0.06,0,1.00,4.80,0.75,0.01,0.49,D,0.00,12.00,1.56,1.78,12.00,^,3.43,,14.90,12.00,504,0.01,43.9,0,0,0.00,0.00,0.00,12.00,0.06,1.00,0,0,0.00,0
2026-04-25 14:36:25,1649.12,1,0,0,0,0,0,0,-0.08,0,1.00,4.80,0.75,1.74,0.99,D,0.00,12.00,1.85,1.59,12.00,^,-4.70,,15.70,12.10,504,0.00,43.9,0,0,0.00,0.00,0.00,12.00,-0.08,1.00,0,0,0.00,0
2026-04-25 14:36:26,1650.13,1,0,0,0,0,0,0,0.12,0,1.00,4.80,0.75,3.63,1.00,D,0.00,12.00,1.39,12.00,1.35,^,7.41,,13.20,12.00,504,0.00,45.0,0,0,0.00,0.00,0.00,12.00,0.12,1.00,0,0,0.00,0
2026-04-25 14:36:27,1651.14,1,0,0,0,0,0,0,0.36,0,0.20,4.80,0.76,3.92,0.92,D,0.00,12.00,12.00,12.00,0.82,^,21.59,,14.20,12.00,504,0.00,43.9,0,0,0.00,0.00,0.00,12.00,0.36,1.00,0,0,0.00,0
2026-04-25 14:36:28,1652.16,1,0,0,0,0,0,0,0.01,0,1.00,4.80,0.76,3.81,1.00,D,0.00,12.00,12.00,12.00,1.10,^,0.33,,14.50,12.00,504,0.00,43.9,0,0,0.00,0.00,0.00,12.00,0.01,1.00,0,0,0.00,0
2026-04-25 14:36:29,1653.17,1,0,0,0,0,0,0,0.05,0,1.00,4.80,0.76,3.97,1.00,D,0.00,12.00,12.00,12.00,0.90,^,3.20,,13.70,12.00,504,0.00,46.1,0,0,0.00,0.00,0.00,12.00,0.05,1.00,0,0,0.00,0
2026-04-25 14:36:30,1654.19,1,0,0,0,0,0,0,0.12,0,1.00,4.80,0.76,3.95,1.00,D,0.00,12.00,12.00,12.00,0.96,^,6.94,,14.20,12.00,504,0.00,43.3,0,0,0.00,0.00,0.00,12.00,0.12,1.00,0,0,0.00,0
2026-04-25 14:36:31,1655.20,1,0,0,0,0,0,0,-0.01,0,1.00,4.80,0.76,3.98,1.00,D,0.00,12.00,12.00,12.00,1.25,^,-0.59,,16.30,12.10,504,0.00,43.9,0,0,0.00,0.00,0.00,12.00,-0.01,1.00,0,0,0.00,0
2026-04-25 14:36:32,1656.31,1,0,0,0,0,0,0,0.09,0,1.00,4.80,0.77,3.98,1.00,D,0.00,12.00,12.00,12.00,1.37,^,5.33,,15.70,12.10,504,0.00,45.0,0,0,0.00,0.00,0.00,12.00,0.09,1.00,0,0,0.00,0
2026-04-25 14:36:33,1657.21,1,0,0,0,0,0,0,0.23,0,1.00,4.80,0.77,3.93,1.00,D,0.00,12.00,12.00,12.00,1.40,^,13.92,,17.00,12.10,504,0.00,45.0,0,0,0.00,0.00,0.00,12.00,0.23,1.00,0,0,0.00,0
2026-04-25 14:36:34,1658.32,1,0,0,0,0,0,0,-0.06,0,1.00,4.80,0.77,3.87,1.00,D,0.00,12.00,12.00,2.19,1.34,^,-3.49,,16.50,12.10,504,0.00,44.4,0,0,0.00,0.00,0.00,12.00,-0.06,1.00,0,0,0.00,0
2026-04-25 14:36:35,1659.23,1,0,0,0,0,0,0,0.15,0,1.00,4.80,0.77,3.98,1.00,D,0.00,12.00,12.00,1.94,1.31,^,8.98,,16.50,12.10,504,0.00,43.9,0,0,0.00,0.00,0.00,12.00,0.15,1.00,0,0,0.00,0
2026-04-25 14:36:36,1660.24,1,0,0,0,0,0,0,0.03,0,1.00,4.80,0.77,3.90,1.00,D,0.00,12.00,12.00,1.95,1.31,^,1.59,,16.60,12.10,504,0.00,44.4,0,0,0.00,0.00,0.00,12.00,0.03,1.00,0,0,0.00,0
2026-04-25 14:36:37,1661.25,1,0,0,0,0,0,0,0.18,0,1.00,4.80,0.78,3.89,1.00,D,0.00,12.00,12.00,3.05,1.19,^,10.53,,16.10,12.10,504,0.00,44.4,0,0,0.00,0.00,0.00,12.00,0.18,1.00,0,0,0.00,0
2026-04-25 14:36:38,1662.26,1,0,0,0,0,0,0,-0.05,0,1.00,4.80,0.78,3.94,1.00,D,0.00,12.00,12.00,2.20,1.15,^,-2.90,,15.90,12.10,504,0.00,42.8,0,0,0.00,0.00,0.00,12.00,-0.05,1.00,0,0,0.00,0
2026-04-25 14:36:39,1663.27,1,0,0,0,0,0,0,0.16,0,1.00,4.80,0.78,3.88,1.00,D,0.00,12.00,12.00,2.33,1.11,^,9.41,,16.00,12.10,504,0.00,43.9,0,0,0.00,0.00,0.00,12.00,0.16,1.00,0,0,0.00,0
2026-04-25 14:36:40,1664.28,1,0,0,0,0,0,0,0.07,0,1.00,4.80,0.78,3.95,1.00,D,0.00,12.00,12.00,12.00,1.09,^,3.96,,16.50,12.10,504,0.00,44.4,0,0,0.00,0.00,0.00,12.00,0.07,1.00,0,0,0.00,0
2026-04-25 14:36:41,1665.30,1,0,0,0,0,0,0,0.09,0,1.00,4.80,0.78,3.91,1.00,D,0.00,12.00,12.00,12.00,1.11,^,5.28,,16.50,12.10,504,0.00,43.3,0,0,0.00,0.00,0.00,12.00,0.09,1.00,0,0,0.00,0
2026-04-25 14:36:42,1666.31,1,0,0,0,0,0,0,0.13,0,1.00,4.80,0.78,3.98,1.00,D,0.00,12.00,12.00,12.00,1.12,^,8.04,,15.90,12.00,504,0.00,43.3,0,0,0.00,0.00,0.00,12.00,0.13,1.00,0,0,0.00,0
2026-04-25 14:36:43,1667.32,1,0,0,0,0,0,0,0.08,0,1.00,4.80,0.79,3.99,1.00,D,0.00,12.00,12.00,12.00,1.11,^,4.70,,16.30,12.10,504,0.00,42.2,0,0,0.00,0.00,0.00,12.00,0.08,1.00,0,0,0.00,0
2026-04-25 14:36:44,1668.44,1,0,0,0,0,0,0,0.06,0,1.00,4.80,0.79,3.98,1.00,D,0.00,12.00,12.00,12.00,1.12,^,3.69,,17.10,12.10,504,0.00,43.9,0,0,0.00,0.00,0.00,12.00,0.06,1.00,0,0,0.00,0
2026-04-25 14:36:45,1669.34,1,0,0,0,0,0,0,0.14,0,1.00,4.80,0.79,3.96,1.00,D,0.00,12.00,12.00,3.00,1.00,^,8.54,,17.20,12.10,504,0.00,42.8,0,0,0.00,0.00,0.00,12.00,0.14,1.00,0,0,0.00,0
2026-04-25 14:36:46,1670.36,1,0,0,0,0,0,0,0.01,0,1.00,4.80,0.79,3.97,1.00,D,0.00,12.00,12.00,12.00,0.88,^,0.38,,16.80,12.10,504,0.00,43.9,0,0,0.00,0.00,0.00,12.00,0.01,1.00,0,0,0.00,0
2026-04-25 14:36:47,1671.37,1,0,0,0,0,0,0,0.02,0,1.00,4.80,0.79,4.18,1.00,D,0.00,12.00,12.00,12.00,0.75,^,1.13,,15.80,12.00,504,0.00,45.0,0,0,0.00,0.00,0.00,12.00,0.02,1.00,0,0,0.00,0
2026-04-25 14:36:48,1672.48,1,0,0,0,0,0,0,-0.08,0,1.00,4.80,0.80,4.03,1.00,D,0.00,12.00,12.00,2.15,0.72,^,-5.03,,14.10,12.00,504,0.00,44.4,0,0,0.00,0.00,0.00,12.00,-0.08,1.00,0,0,0.00,0
2026-04-25 14:36:49,1673.38,1,0,0,0,0,0,0,0.22,0,1.00,4.80,0.80,4.11,1.00,D,0.00,1.91,2.01,2.12,0.79,WARN_WARNING,13.44,,16.60,12.00,504,0.00,43.9,0,0,0.00,0.00,0.00,1.91,0.22,1.00,0,0,0.00,0
2026-04-25 14:36:50,1674.39,1,0,0,0,0,0,0,-0.01,0,1.00,4.80,0.80,4.14,1.00,D,0.00,2.40,0.68,2.05,0.78,^,-0.32,,14.80,12.00,504,0.00,45.5,0,0,0.00,0.00,0.00,2.40,-0.01,1.00,0,0,0.00,0
2026-04-25 14:36:51,1675.40,1,0,0,0,0,0,0,-0.16,0,1.00,4.80,0.80,4.12,1.00,D,0.00,12.00,1.33,1.55,0.78,^,-9.58,,14.30,12.00,504,0.00,45.5,0,0,0.00,0.00,0.00,12.00,-0.16,1.00,0,0,0.00,0
2026-04-25 14:36:52,1676.42,1,0,0,0,0,0,0,0.14,0,1.00,4.80,0.80,3.64,0.97,D,0.00,12.00,1.84,1.51,0.91,^,8.38,,16.70,12.00,504,0.00,44.4,0,0,0.00,0.00,0.00,12.00,0.14,1.00,0,0,0.00,0
2026-04-25 14:36:53,1677.43,1,0,0,0,0,0,0,-0.08,0,1.00,4.80,0.81,4.15,0.79,D,0.00,12.00,12.00,1.71,0.88,^,-4.63,,17.10,12.00,504,0.00,43.3,0,0,0.00,0.00,0.00,12.00,-0.08,1.00,0,0,0.00,0
2026-04-25 14:36:54,1678.44,1,0,0,0,0,0,0,0.15,0,1.00,4.80,0.81,3.92,0.85,D,0.00,12.00,12.00,2.52,0.89,^,8.86,,16.00,12.10,504,0.00,44.4,0,0,0.00,0.00,0.00,12.00,0.15,1.00,0,0,0.00,0
2026-04-25 14:36:55,1679.45,1,0,0,0,0,0,0,0.18,0,1.00,4.80,0.81,3.93,1.00,D,0.00,12.00,12.00,2.36,0.97,^,10.58,,17.40,12.10,504,0.00,43.9,0,0,0.00,0.00,0.00,12.00,0.18,1.00,0,0,0.00,0
2026-04-25 14:36:56,1680.57,1,0,0,0,0,0,0,-0.04,0,1.00,4.80,0.81,4.12,1.00,D,0.00,12.00,12.00,12.00,1.09,^,-2.12,,16.20,12.00,504,0.00,44.4,0,0,0.00,0.00,0.00,12.00,-0.04,1.00,0,0,0.00,0
2026-04-25 14:36:57,1681.47,1,0,0,0,0,0,0,-0.06,0,1.00,4.80,0.81,4.19,1.00,D,0.00,12.00,12.00,12.00,1.17,^,-3.65,,16.80,12.10,504,0.00,44.4,0,0,0.00,0.00,0.00,12.00,-0.06,1.00,0,0,0.00,0
2026-04-25 14:36:58,1682.47,1,0,0,0,0,0,0,0.15,0,1.00,4.80,0.82,4.21,0.96,D,0.00,12.00,12.00,12.00,1.14,^,8.98,,17.90,12.10,504,0.00,42.8,0,0,0.00,0.00,0.00,12.00,0.15,1.00,0,0,0.00,0
2026-04-25 14:36:59,1683.48,1,0,0,0,0,0,0,-0.36,0,0.20,4.80,0.82,3.89,0.95,D,0.00,12.00,12.00,12.00,1.15,^,-21.70,,17.70,12.10,504,0.00,45.0,0,0,0.00,0.00,0.00,12.00,-0.36,1.00,0,0,0.00,0
2026-04-25 14:37:00,1684.59,1,0,0,0,0,0,0,-0.31,0,0.20,4.80,0.82,4.09,0.98,D,0.00,12.00,12.00,1.65,1.30,^,-18.78,,17.40,12.10,504,0.00,42.8,0,0,0.00,0.00,0.00,12.00,-0.31,1.00,0,0,0.00,0
2026-04-25 14:37:01,1685.50,1,0,0,0,0,0,0,0.43,0,0.20,4.80,0.82,3.93,0.59,D,0.00,12.00,12.00,2.25,1.16,^,25.51,,18.20,12.10,504,0.00,44.4,0,0,0.00,0.00,0.00,12.00,0.43,1.00,0,0,0.00,0
2026-04-25 14:37:02,1686.51,1,0,0,0,0,0,0,-0.11,0,1.00,4.80,0.82,3.32,0.95,D,0.00,1.67,12.00,1.30,1.04,WARN_WARNING,-6.59,,16.10,12.10,504,0.00,43.9,0,0,0.00,0.00,0.00,1.67,-0.11,1.00,0,0,0.00,0
2026-04-25 14:37:03,1687.52,1,0,0,0,0,0,0,0.14,0,1.00,4.80,0.83,4.08,1.00,D,0.00,12.00,12.00,0.96,0.94,^,8.26,,16.00,12.00,504,0.00,44.4,0,0,0.00,0.00,0.00,12.00,0.14,1.00,0,0,0.00,0
2026-04-25 14:37:04,1688.54,1,0,0,0,0,0,0,0.05,0,1.00,4.80,0.83,4.08,1.00,D,0.00,12.00,12.00,12.00,1.16,^,3.11,,15.90,12.00,504,0.00,43.9,0,0,0.00,0.00,0.00,12.00,0.05,1.00,0,0,0.00,0
2026-04-25 14:37:05,1689.55,1,0,0,0,0,0,0,0.16,0,1.00,4.80,0.83,4.02,1.00,D,0.00,12.00,12.00,12.00,1.56,^,9.47,,15.30,12.00,504,0.00,43.3,0,0,0.00,0.00,0.00,12.00,0.16,1.00,0,0,0.00,0
2026-04-25 14:37:06,1690.56,1,0,0,0,0,0,0,-0.02,0,1.00,4.80,0.83,4.18,1.00,D,0.00,12.00,12.00,12.00,1.60,^,-1.15,,16.40,12.00,504,0.00,44.4,0,0,0.00,0.00,0.00,12.00,-0.02,1.00,0,0,0.00,0
2026-04-25 14:37:07,1691.58,1,0,0,0,0,0,0,0.02,0,1.00,4.80,0.83,4.13,1.00,D,0.00,12.00,12.00,12.00,1.61,^,1.31,,15.50,12.00,504,0.00,42.2,0,0,0.00,0.00,0.00,12.00,0.02,1.00,0,0,0.00,0
2026-04-25 14:37:08,1692.59,1,0,0,0,0,0,0,-0.15,0,1.00,4.80,0.84,4.19,1.00,D,0.00,12.00,12.00,12.00,1.53,^,-8.99,,15.00,12.00,504,0.00,44.4,0,0,0.00,0.00,0.00,12.00,-0.15,1.00,0,0,0.00,0
2026-04-25 14:37:09,1693.60,1,0,0,0,0,0,0,0.10,0,1.00,4.80,0.84,4.20,1.00,D,0.00,12.00,12.00,12.00,1.46,^,6.07,,13.90,12.00,504,0.00,44.4,0,0,0.00,0.00,0.00,12.00,0.10,1.00,0,0,0.00,0
2026-04-25 14:37:10,1694.61,1,0,0,0,0,0,0,0.02,0,1.00,4.80,0.84,4.09,1.00,D,0.00,12.00,12.00,12.00,1.34,^,1.11,,14.20,12.00,504,0.00,44.4,0,0,0.00,0.00,0.00,12.00,0.02,1.00,0,0,0.00,0
2026-04-25 14:37:11,1695.63,1,0,0,0,0,0,0,-0.14,0,1.00,4.80,0.84,4.15,1.00,D,0.00,2.56,12.00,2.59,1.29,^,-8.22,,14.00,12.10,504,0.00,45.0,0,0,0.00,0.00,0.00,2.56,-0.14,1.00,0,0,0.00,0
2026-04-25 14:37:12,1696.64,1,0,0,0,0,0,0,0.23,0,1.00,4.80,0.84,4.07,0.99,D,0.00,12.00,12.00,1.26,1.28,^,13.57,,13.00,12.10,504,0.00,45.0,0,0,0.00,0.00,0.00,12.00,0.23,1.00,0,0,0.00,0
2026-04-25 14:37:13,1697.65,1,0,0,0,0,0,0,-0.11,0,1.00,4.80,0.84,4.06,1.00,D,0.00,12.00,12.00,2.29,1.20,^,-6.84,,15.90,12.10,504,0.00,44.4,0,0,0.00,0.00,0.00,12.00,-0.11,1.00,0,0,0.00,0
2026-04-25 14:37:14,1698.67,1,0,0,0,0,0,0,-0.07,0,1.00,4.80,0.85,4.03,1.00,D,0.00,12.00,12.00,12.00,1.21,^,-4.24,,16.50,12.10,504,0.00,42.8,0,0,0.00,0.00,0.00,12.00,-0.07,1.00,0,0,0.00,0
2026-04-25 14:37:15,1699.68,0,0,0,0,0,0,0,0.00,1,0.20,4.80,0.85,1.68,0.00,D,0.00,12.00,12.00,12.00,0.97,^,0.00,,16.00,12.10,504,0.00,43.9,0,0,0.00,0.00,0.00,12.00,0.00,0.00,0,0,0.00,0
2026-04-25 14:37:16,1700.69,0,0,0,1,0,0,0,-0.96,0,1.00,4.80,0.85,0.00,-0.12,R,0.00,12.00,12.00,12.00,0.81,^,0.00,,13.80,12.10,504,0.60,42.8,0,0,0.00,0.00,0.00,12.00,0.00,0.00,0,0,0.00,0
2026-04-25 14:37:17,1701.70,0,0,0,0,0,0,0,-1.00,0,1.00,4.80,0.85,0.07,-0.63,R,0.00,12.00,12.00,12.00,0.84,^,0.00,,16.20,12.10,504,0.01,43.9,0,0,0.00,0.00,0.00,12.00,0.00,0.00,0,0,0.00,0
2026-04-25 14:37:18,1702.81,0,0,1,0,0,0,0,0.00,0,0.00,4.80,0.85,0.90,0.00,D,0.00,12.00,12.00,12.00,0.74,^,0.00,,15.90,12.10,504,0.00,42.8,0,0,0.00,0.00,0.00,12.00,0.00,0.00,0,0,0.00,0
2026-04-25 14:37:19,1703.72,0,0,0,0,0,0,0,0.00,0,0.00,4.80,0.85,0.00,0.00,D,0.00,12.00,12.00,12.00,0.93,^,0.00,,14.40,12.10,504,0.50,43.3,0,0,0.00,0.00,0.00,12.00,0.00,0.00,0,0,0.00,0
2026-04-25 14:37:20,1704.73,0,0,0,0,0,0,0,0.00,0,0.00,4.80,0.85,0.00,0.00,D,0.00,12.00,12.00,12.00,0.59,^,0.00,,15.20,12.10,504,1.51,43.9,0,0,0.00,0.00,0.00,12.00,0.00,0.00,0,0,0.00,0
2026-04-25 14:37:21,1705.74,0,0,0,0,0,0,0,0.00,0,0.00,4.80,0.85,0.00,0.00,D,0.00,12.00,12.00,12.00,0.58,^,0.00,,13.50,12.10,504,2.52,43.9,0,0,0.00,0.00,0.00,12.00,0.00,0.00,0,0,0.00,0
2026-04-25 14:37:22,1706.76,0,0,0,0,0,0,0,0.69,0,1.00,4.80,0.85,0.00,0.16,D,0.00,12.00,12.00,12.00,0.59,^,0.00,,15.80,12.10,504,3.54,43.3,0,0,0.00,0.00,0.00,12.00,0.00,0.00,0,0,0.00,0
2026-04-25 14:37:23,1707.77,1,0,0,0,0,0,0,-0.17,0,1.00,4.80,0.85,0.08,0.42,D,0.00,12.00,12.00,12.00,0.60,^,-10.10,,15.40,12.10,504,0.00,43.9,0,0,0.00,0.00,0.00,12.00,-0.17,1.00,0,0,0.00,0
2026-04-25 14:37:24,1708.78,1,0,0,0,0,0,0,0.02,0,1.00,4.80,0.85,1.86,0.93,D,0.00,12.00,12.00,12.00,0.72,^,1.15,,14.70,12.00,504,0.00,43.9,0,0,0.00,0.00,0.00,12.00,0.02,1.00,0,0,0.00,0
2026-04-25 14:37:25,1709.79,0,0,0,0,0,0,0,0.00,0,1.00,4.80,0.85,3.97,1.00,D,0.00,12.00,12.00,12.00,1.36,^,0.00,,17.70,12.10,504,0.00,43.9,0,0,0.00,0.00,0.00,12.00,0.00,0.00,0,0,0.00,0
2026-04-25 14:37:26,1710.80,0,0,0,0,0,0,0,-1.00,0,1.00,4.80,0.85,3.63,1.00,D,0.00,12.00,12.00,12.00,1.82,^,0.00,,18.60,12.10,504,0.00,42.8,0,0,0.00,0.00,0.00,12.00,0.00,0.00,0,0,0.00,0
2026-04-25 14:37:27,1711.80,0,0,0,0,0,0,0,0.00,1,1.00,4.80,0.85,0.00,0.00,D,0.00,12.00,12.00,1.33,1.40,^,0.00,,15.20,12.00,504,0.03,43.3,0,0,0.00,0.00,0.00,12.00,0.00,0.00,0,0,0.00,0
2026-04-25 14:37:28,1712.82,0,0,0,0,0,0,0,0.00,0,1.00,4.80,0.85,0.19,0.47,D,0.00,12.00,12.00,1.36,0.61,^,0.00,,14.00,12.00,504,0.00,45.0,0,0,0.00,0.00,0.00,12.00,0.00,0.00,0,0,0.00,0
2026-04-25 14:37:29,1713.83,0,0,0,0,0,0,0,0.00,1,1.00,4.80,0.85,0.00,0.00,D,0.00,12.00,12.00,1.34,0.29,^,0.00,,14.90,12.10,504,0.53,43.9,0,0,0.00,0.00,0.00,12.00,0.00,0.00,0,0,0.00,0
2026-04-25 14:37:30,1714.94,0,0,0,0,0,0,0,0.00,1,1.00,4.80,0.85,0.00,0.00,D,0.00,12.00,0.63,1.33,0.72,^,0.00,,14.40,12.10,504,1.65,43.9,0,0,0.00,0.00,0.00,12.00,0.00,0.00,0,0,0.00,0
2026-04-25 14:37:31,1715.85,0,0,0,0,0,0,0,0.00,1,1.00,4.80,0.85,0.00,0.00,D,0.00,12.00,0.30,1.30,0.30,^,0.00,,14.50,12.10,504,0.52,44.4,0,0,0.00,0.00,0.00,12.00,0.00,0.00,0,0,0.00,0
2026-04-25 14:37:32,1716.86,0,0,0,0,0,0,0,0.00,1,1.00,4.80,0.85,0.00,0.00,D,0.00,12.00,0.58,1.35,0.35,^,0.00,,14.10,12.10,504,0.37,43.9,0,0,0.00,0.00,0.00,12.00,0.00,0.00,0,0,0.00,0
2026-04-25 14:37:33,1717.87,0,0,0,0,0,0,0,0.00,0,1.00,4.80,0.85,0.00,0.16,D,0.00,12.00,12.00,1.33,0.56,^,0.00,,13.50,12.10,504,1.38,44.4,0,0,0.00,0.00,0.00,12.00,0.00,0.00,0,0,0.00,0
2026-04-25 14:37:34,1718.88,0,0,0,0,0,0,0,0.18,0,1.00,4.80,0.85,0.62,0.67,D,0.00,12.00,12.00,1.35,0.76,^,0.00,,13.20,12.10,504,0.00,43.3,0,0,0.00,0.00,0.00,12.00,0.00,0.00,0,0,0.00,0
2026-04-25 14:37:35,1719.90,0,0,0,0,0,0,0,0.00,0,1.00,4.80,0.85,3.39,1.00,D,0.00,12.00,12.00,1.52,1.27,^,0.00,,13.30,12.10,504,0.00,44.4,0,0,0.00,0.00,0.00,12.00,0.00,0.00,0,0,0.00,0
2026-04-25 14:37:36,1720.91,0,0,0,0,0,0,0,0.00,0,1.00,4.80,0.85,4.08,1.00,D,0.00,12.00,12.00,2.69,1.71,^,0.00,,13.60,12.10,504,0.00,45.5,0,0,0.00,0.00,0.00,12.00,0.00,0.00,0,0,0.00,0
2026-04-25 14:37:37,1721.92,0,0,0,0,0,0,0,0.00,0,1.00,4.80,0.85,4.14,1.00,D,0.00,12.00,12.00,12.00,1.58,^,0.00,,14.00,12.00,504,0.00,45.5,0,0,0.00,0.00,0.00,12.00,0.00,0.00,0,0,0.00,0
2026-04-25 14:37:38,1722.93,0,0,0,0,0,0,0,0.00,0,1.00,4.80,0.85,4.16,1.00,D,0.00,12.00,12.00,12.00,1.40,^,0.00,,15.30,12.00,504,0.00,44.4,0,0,0.00,0.00,0.00,12.00,0.00,0.00,0,0,0.00,0
2026-04-25 14:37:39,1723.95,0,0,0,0,0,0,0,0.00,0,1.00,4.80,0.85,4.22,1.00,D,0.00,12.00,12.00,12.00,1.31,^,0.00,,13.90,12.10,504,0.00,45.5,0,0,0.00,0.00,0.00,12.00,0.00,0.00,0,0,0.00,0
2026-04-25 14:37:40,1724.95,0,0,0,0,0,0,0,0.00,0,1.00,4.80,0.86,4.18,1.00,D,0.00,12.00,12.00,12.00,1.34,^,0.00,,13.20,12.00,504,0.00,46.1,0,0,0.00,0.00,0.00,12.00,0.00,0.00,0,0,0.00,0
2026-04-25 14:37:41,1725.96,0,0,0,0,0,0,0,0.00,0,1.00,4.80,0.86,4.20,1.00,D,0.00,2.86,12.00,2.62,1.52,^,0.00,,14.50,12.10,504,0.00,45.5,0,0,0.00,0.00,0.00,2.86,0.00,0.00,0,0,0.00,0
2026-04-25 14:37:42,1726.97,0,0,0,0,0,0,0,0.00,0,1.00,4.80,0.86,3.65,1.00,D,0.00,1.11,12.00,0.98,1.58,WARN_WARNING,0.00,,14.70,12.10,504,0.00,45.5,0,0,0.00,0.00,0.00,1.11,0.00,0.00,0,0,0.00,0
2026-04-25 14:37:44,1727.99,0,0,0,0,0,0,0,1.00,0,1.00,4.80,0.86,0.33,0.07,D,0.00,12.00,12.00,3.09,1.27,^,0.00,,14.10,12.10,504,0.00,46.1,0,0,0.00,0.00,0.00,12.00,0.00,0.00,0,0,0.00,0
2026-04-25 14:37:45,1729.00,0,0,0,0,0,0,0,1.00,0,1.00,4.80,0.86,0.27,0.57,D,0.00,12.00,0.85,3.24,0.72,^,0.00,,15.80,12.10,504,0.00,45.5,0,0,0.00,0.00,0.00,12.00,0.00,0.00,0,0,0.00,0
2026-04-25 14:37:46,1730.01,0,0,0,0,0,0,0,0.00,1,0.00,4.80,0.86,1.17,0.00,D,0.00,12.00,12.00,12.00,0.63,^,0.00,,16.10,12.10,504,0.00,43.3,0,0,0.00,0.00,0.00,12.00,0.00,0.00,0,0,0.00,0
2026-04-25 14:37:47,1731.02,0,0,0,0,0,0,0,0.00,0,0.00,4.80,0.86,0.00,0.00,D,0.00,12.00,12.00,12.00,0.40,^,0.00,,14.40,12.10,504,0.69,45.0,0,0,0.00,0.00,0.00,12.00,0.00,0.00,0,0,0.00,0
2026-04-25 14:37:48,1732.04,0,0,0,0,0,0,0,0.00,1,0.00,4.80,0.86,0.00,0.00,D,0.00,12.00,0.20,0.12,0.11,^,0.00,,14.60,12.00,504,1.71,44.4,0,0,0.00,0.00,0.00,12.00,0.00,0.00,0,0,0.00,0
2026-04-25 14:37:49,1733.05,0,0,0,0,0,0,0,-1.00,1,0.00,4.80,0.86,0.00,0.00,D,0.00,12.00,0.13,12.00,0.11,^,0.00,,15.50,12.00,504,0.29,45.0,0,0,0.00,0.00,0.00,12.00,0.00,0.00,0,0,0.00,0
2026-04-25 14:37:50,1734.06,0,0,0,0,0,0,0,0.00,1,0.00,4.80,0.86,0.00,0.00,D,0.00,12.00,0.15,12.00,0.15,^,0.00,,14.10,12.10,504,0.20,44.4,0,0,0.00,0.00,0.00,12.00,0.00,0.00,0,0,0.00,0
2026-04-25 14:37:51,1735.08,0,0,0,0,0,0,0,0.00,1,0.00,4.80,0.86,0.00,0.00,D,0.00,12.00,0.10,12.00,0.19,^,0.00,,15.00,12.00,504,1.21,43.9,0,0,0.00,0.00,0.00,12.00,0.00,0.00,0,0,0.00,0
2026-04-25 14:37:52,1736.09,0,0,0,0,0,0,0,0.00,1,0.00,4.80,0.86,0.00,0.00,D,0.00,12.00,0.10,12.00,0.17,^,0.00,,13.30,12.00,504,2.22,44.4,0,0,0.00,0.00,0.00,12.00,0.00,0.00,0,0,0.00,0
2026-04-25 14:37:53,1737.10,0,0,0,0,0,0,0,0.00,1,0.00,4.80,0.86,0.00,0.00,D,0.00,12.00,0.10,12.00,0.15,^,0.00,,13.90,12.00,504,0.39,43.9,0,0,0.00,0.00,0.00,12.00,0.00,0.00,0,0,0.00,0
2026-04-25 14:37:54,1738.22,0,0,0,0,0,0,0,0.00,1,0.00,4.80,0.86,0.00,0.00,D,0.00,12.00,0.10,12.00,0.15,^,0.00,,14.40,12.00,504,1.50,43.3,0,0,0.00,0.00,0.00,12.00,0.00,0.00,0,0,0.00,0
2026-04-25 14:37:55,1739.12,0,0,0,0,0,0,0,0.00,1,0.00,4.80,0.86,0.00,0.00,D,0.00,12.00,0.11,12.00,0.14,^,0.00,,14.40,12.00,504,2.41,43.9,0,0,0.00,0.00,0.00,12.00,0.00,0.00,0,0,0.00,0
2026-04-25 14:37:56,1740.23,0,0,0,0,0,0,0,0.00,1,0.00,4.80,0.86,0.00,0.00,D,0.00,12.00,0.16,0.15,0.16,^,0.00,,15.10,12.00,504,3.52,45.0,0,0,0.00,0.00,0.00,12.00,0.00,0.00,0,0,0.00,0
2026-04-25 14:37:57,1741.14,0,0,0,0,0,0,0,1.00,0,1.00,4.80,0.85,0.02,0.32,D,0.00,12.00,0.30,12.00,0.30,^,0.00,,15.70,12.00,504,0.04,45.0,0,0,0.00,0.00,0.00,12.00,0.00,0.00,0,0,0.00,0
2026-04-25 14:37:58,1742.15,0,0,0,0,0,0,0,1.00,0,0.43,4.80,0.85,1.04,0.58,D,0.00,12.00,12.00,3.13,0.65,^,0.00,,14.60,12.00,504,0.00,44.4,0,0,0.00,0.00,0.00,12.00,0.00,0.00,0,0,0.00,0
2026-04-25 14:37:59,1743.16,0,0,0,0,0,0,0,0.00,0,0.00,4.80,0.85,0.94,0.00,D,0.00,12.00,12.00,2.17,1.03,^,0.00,,14.30,12.00,504,0.00,42.8,0,0,0.00,0.00,0.00,12.00,0.00,0.00,0,0,0.00,0
2026-04-25 14:38:00,1744.17,1,0,0,0,0,0,0,0.12,0,1.00,4.80,0.85,0.00,0.10,D,0.00,12.00,12.00,2.12,0.84,^,7.47,,15.20,12.10,504,0.41,43.9,0,0,0.00,0.00,0.00,12.00,0.12,1.00,0,0,0.00,0
2026-04-25 14:38:01,1745.19,1,0,0,0,0,0,0,0.24,0,1.00,4.80,0.85,0.34,0.57,D,0.00,12.00,12.00,2.15,0.76,^,14.57,,15.00,12.10,504,0.00,44.4,0,0,0.00,0.00,0.00,12.00,0.24,1.00,0,0,0.00,0
2026-04-25 14:38:02,1746.19,1,0,0,0,0,0,0,0.10,0,1.00,4.80,0.85,1.73,0.83,D,0.00,2.25,12.00,2.02,0.70,^,6.05,,16.60,12.00,504,0.00,45.5,0,0,0.00,0.00,0.00,2.25,0.10,1.00,0,0,0.00,0
2026-04-25 14:38:03,1747.21,1,0,0,0,0,0,0,0.11,0,1.00,4.80,0.86,3.69,1.00,D,0.00,12.00,12.00,1.28,1.23,^,6.84,,16.20,12.00,504,0.00,45.5,0,0,0.00,0.00,0.00,12.00,0.11,1.00,0,0,0.00,0
2026-04-25 14:38:04,1748.32,1,0,0,0,0,0,0,0.09,0,1.00,4.80,0.86,4.07,1.00,D,0.00,12.00,12.00,12.00,1.28,^,5.38,,14.00,12.10,504,0.00,44.4,0,0,0.00,0.00,0.00,12.00,0.09,1.00,0,0,0.00,0
2026-04-25 14:38:05,1749.22,1,0,0,0,0,0,0,-0.01,0,1.00,4.80,0.86,4.15,1.00,D,0.00,12.00,12.00,12.00,1.70,^,-0.57,,13.70,12.10,504,0.00,43.9,0,0,0.00,0.00,0.00,12.00,-0.01,1.00,0,0,0.00,0
2026-04-25 14:38:06,1750.24,1,0,0,0,0,0,0,0.06,0,1.00,4.80,0.86,4.05,1.00,D,0.00,12.00,12.00,12.00,1.65,^,3.68,,14.90,12.10,504,0.00,45.5,0,0,0.00,0.00,0.00,12.00,0.06,1.00,0,0,0.00,0
2026-04-25 14:38:07,1751.25,1,0,0,0,0,0,0,0.17,0,1.00,4.80,0.86,4.14,1.00,D,0.00,12.00,12.00,12.00,1.58,^,10.18,,13.60,12.10,504,0.00,46.1,0,0,0.00,0.00,0.00,12.00,0.17,1.00,0,0,0.00,0
2026-04-25 14:38:08,1752.26,1,0,0,0,0,0,0,0.05,0,1.00,4.80,0.86,4.03,1.00,D,0.00,12.00,12.00,12.00,1.53,^,2.95,,14.20,12.00,504,0.00,43.9,0,0,0.00,0.00,0.00,12.00,0.05,1.00,0,0,0.00,0
2026-04-25 14:38:09,1753.27,1,0,0,0,0,0,0,0.20,0,1.00,4.80,0.87,4.08,1.00,D,0.00,12.00,12.00,3.57,1.56,^,11.79,,16.00,12.10,504,0.00,45.0,0,0,0.00,0.00,0.00,12.00,0.20,1.00,0,0,0.00,0
2026-04-25 14:38:10,1754.29,1,0,0,0,0,0,0,-0.04,0,1.00,4.80,0.87,4.20,1.00,D,0.00,12.00,12.00,12.00,1.50,^,-2.50,,17.00,12.00,504,0.00,44.4,0,0,0.00,0.00,0.00,12.00,-0.04,1.00,0,0,0.00,0
2026-04-25 14:38:11,1755.29,1,0,0,0,0,0,0,0.13,0,1.00,4.80,0.87,4.11,1.00,D,0.00,12.00,12.00,2.26,1.53,^,7.77,,20.20,12.10,504,0.00,44.4,0,0,0.00,0.00,0.00,12.00,0.13,1.00,0,0,0.00,0
2026-04-25 14:38:12,1756.40,1,0,0,0,0,0,0,0.21,0,1.00,4.80,0.87,3.91,1.00,D,0.00,12.00,12.00,12.00,1.56,^,12.85,,13.00,12.10,504,0.00,45.0,0,0,0.00,0.00,0.00,12.00,0.21,1.00,0,0,0.00,0
2026-04-25 14:38:13,1757.31,1,0,0,0,0,0,0,-0.31,0,0.20,4.80,0.87,3.37,0.68,D,0.00,12.00,12.00,1.70,1.42,^,-18.89,,15.30,12.10,504,0.00,45.5,0,0,0.00,0.00,0.00,12.00,-0.31,1.00,0,0,0.00,0
2026-04-25 14:38:14,1758.32,1,0,0,0,0,0,0,-0.04,0,1.00,4.80,0.87,3.59,1.00,D,0.00,12.00,12.00,2.10,1.14,^,-2.32,,15.30,12.10,504,0.00,46.6,0,0,0.00,0.00,0.00,12.00,-0.04,1.00,0,0,0.00,0
2026-04-25 14:38:15,1759.33,1,0,0,0,0,0,0,0.12,0,1.00,4.80,0.88,4.07,1.00,D,0.00,12.00,12.00,2.59,1.18,^,7.11,,13.60,12.00,504,0.00,44.4,0,0,0.00,0.00,0.00,12.00,0.12,1.00,0,0,0.00,0
2026-04-25 14:38:16,1760.33,1,0,0,0,0,0,0,0.12,0,1.00,4.80,0.88,4.03,0.97,D,0.00,12.00,12.00,2.51,1.19,^,7.20,,16.50,12.00,504,0.00,44.4,0,0,0.00,0.00,0.00,12.00,0.12,1.00,0,0,0.00,0
2026-04-25 14:38:17,1761.35,1,0,0,0,0,0,0,-0.41,0,0.20,4.80,0.88,3.78,0.87,D,0.00,2.03,12.00,3.34,1.16,WARN_WARNING,-24.46,,16.60,12.10,504,0.00,45.0,0,0,0.00,0.00,0.00,2.03,-0.41,1.00,0,0,0.00,0
2026-04-25 14:38:18,1762.35,1,0,0,0,0,0,0,0.05,0,1.00,4.80,0.88,3.17,1.00,D,0.00,12.00,12.00,1.01,0.98,^,2.89,,17.30,12.10,504,0.00,45.0,0,0,0.00,0.00,0.00,12.00,0.05,1.00,0,0,0.00,0
2026-04-25 14:38:19,1763.35,1,0,0,0,0,0,0,-0.01,0,1.00,4.80,0.88,4.03,1.00,D,0.00,12.00,12.00,12.00,1.20,^,-0.67,,17.90,12.10,504,0.00,45.0,0,0,0.00,0.00,0.00,12.00,-0.01,1.00,0,0,0.00,0
2026-04-25 14:38:20,1764.36,1,0,0,0,0,0,0,0.14,0,1.00,4.80,0.89,4.09,1.00,D,0.00,12.00,12.00,12.00,1.42,^,8.31,,14.70,12.10,504,0.00,45.5,0,0,0.00,0.00,0.00,12.00,0.14,1.00,0,0,0.00,0
2026-04-25 14:38:21,1765.37,1,0,0,0,0,0,0,-0.12,0,1.00,4.80,0.89,3.97,1.00,D,0.00,12.00,12.00,12.00,1.59,^,-7.38,,16.20,12.00,504,0.00,46.1,0,0,0.00,0.00,0.00,12.00,-0.12,1.00,0,0,0.00,0
2026-04-25 14:38:22,1766.38,1,0,0,0,0,0,0,-0.12,0,1.00,4.80,0.89,4.05,1.00,D,0.00,12.00,12.00,12.00,1.70,^,-7.29,,14.40,12.10,504,0.00,45.5,0,0,0.00,0.00,0.00,12.00,-0.12,1.00,0,0,0.00,0
2026-04-25 14:38:23,1767.39,1,0,0,0,0,0,0,-0.06,0,1.00,4.80,0.89,4.21,1.00,D,0.00,12.00,12.00,12.00,1.72,^,-3.73,,13.70,12.10,504,0.00,45.5,0,0,0.00,0.00,0.00,12.00,-0.06,1.00,0,0,0.00,0
2026-04-25 14:38:24,1768.50,0,0,0,0,0,0,0,0.00,1,1.00,4.80,0.89,0.58,0.00,D,0.00,12.00,12.00,3.10,1.27,^,0.00,,15.70,12.10,504,0.01,45.5,0,0,0.00,0.00,0.00,12.00,0.00,0.00,0,0,0.00,0
2026-04-25 14:38:25,1769.40,0,0,0,0,0,0,0,0.00,0,1.00,4.80,0.89,0.00,0.24,D,0.00,12.00,12.00,3.12,0.10,^,0.00,,12.20,12.00,504,0.84,45.5,0,0,0.00,0.00,0.00,12.00,0.00,0.00,0,0,0.00,0
2026-04-25 14:38:26,1770.42,0,0,0,0,0,0,0,0.00,1,1.00,4.80,0.89,0.31,0.00,D,0.00,12.00,12.00,2.92,0.18,^,0.00,,13.00,12.10,504,0.00,43.9,0,0,0.00,0.00,0.00,12.00,0.00,0.00,0,0,0.00,0
2026-04-25 14:38:27,1771.43,0,0,0,0,0,0,0,0.00,1,1.00,4.80,0.89,0.00,0.00,D,0.00,12.00,12.00,2.89,0.17,^,0.00,,13.50,12.10,504,0.62,44.4,0,0,0.00,0.00,0.00,12.00,0.00,0.00,0,0,0.00,0
2026-04-25 14:38:28,1772.44,0,0,0,0,0,0,0,0.00,1,1.00,4.80,0.89,0.00,0.00,D,0.00,12.00,12.00,2.99,0.15,^,0.00,,13.20,12.10,504,0.39,43.9,0,0,0.00,0.00,0.00,12.00,0.00,0.00,0,0,0.00,0
2026-04-25 14:38:29,1773.46,0,0,0,0,0,0,0,0.00,1,1.00,4.80,0.89,0.00,0.00,D,0.00,12.00,12.00,2.88,0.12,^,0.00,,18.80,12.50,504,0.14,44.4,0,0,0.00,0.00,0.00,12.00,0.00,0.00,0,0,0.00,0
2026-04-25 14:38:30,1774.47,0,0,0,0,0,0,0,0.00,1,1.00,4.80,0.89,0.00,0.00,D,0.00,12.00,12.00,2.90,0.12,^,0.00,,12.70,12.50,504,0.01,45.0,0,0,0.00,0.00,0.00,12.00,0.00,0.00,0,0,0.00,0
2026-04-25 14:38:31,1775.48,0,0,0,0,0,0,0,0.00,1,1.00,4.80,0.89,0.00,0.00,D,0.00,12.00,12.00,2.84,0.11,^,0.00,,13.20,12.50,504,0.80,46.1,0,0,0.00,0.00,0.00,12.00,0.00,0.00,0,0,0.00,0
2026-04-25 14:38:32,1776.49,0,0,0,0,0,0,0,0.00,1,1.00,4.80,0.89,0.00,0.00,D,0.00,12.00,12.00,2.84,0.12,^,0.00,,11.90,12.40,504,0.03,45.0,0,0,0.00,0.00,0.00,12.00,0.00,0.00,0,0,0.00,0
2026-04-25 14:38:33,1777.51,0,0,0,0,0,0,0,0.00,1,1.00,4.80,0.89,0.00,0.00,D,0.00,12.00,12.00,2.99,0.55,^,0.00,,12.30,12.40,504,1.04,45.5,0,0,0.00,0.00,0.00,12.00,0.00,0.00,0,0,0.00,0
2026-04-25 14:38:34,1778.52,1,0,0,0,0,0,0,0.03,0,1.00,4.80,0.89,0.02,0.41,D,0.00,12.00,12.00,2.97,1.33,^,2.03,,12.20,12.40,504,0.00,46.1,0,0,0.00,0.00,0.00,12.00,0.03,1.00,0,0,0.00,0
2026-04-25 14:38:35,1779.53,1,0,0,0,0,0,0,0.14,0,1.00,4.80,0.89,1.63,0.91,D,0.00,12.00,12.00,2.91,1.27,^,8.62,,15.20,12.40,504,0.00,45.5,0,0,0.00,0.00,0.00,12.00,0.14,1.00,0,0,0.00,0
2026-04-25 14:38:36,1780.54,1,0,0,0,0,0,0,0.01,0,1.00,4.80,0.89,3.96,1.00,D,0.00,12.00,12.00,12.00,1.71,^,0.50,,13.70,12.40,504,0.00,46.1,0,0,0.00,0.00,0.00,12.00,0.01,1.00,0,0,0.00,0
2026-04-25 14:38:37,1781.55,1,0,0,0,0,0,0,-0.16,0,1.00,4.80,0.89,4.06,0.99,D,0.00,12.00,12.00,1.58,1.73,^,-9.33,,14.80,12.40,504,0.00,46.1,0,0,0.00,0.00,0.00,12.00,-0.16,1.00,0,0,0.00,0
2026-04-25 14:38:38,1782.56,1,0,0,0,0,0,0,-0.05,0,1.00,4.80,0.89,4.07,1.00,D,0.00,12.00,12.00,12.00,1.81,^,-2.95,,13.30,12.30,504,0.00,46.1,0,0,0.00,0.00,0.00,12.00,-0.05,1.00,0,0,0.00,0
2026-04-25 14:38:39,1783.58,0,0,0,0,0,0,0,0.15,1,1.00,4.80,0.89,2.29,0.00,D,0.00,12.00,12.00,12.00,1.91,^,0.00,,14.40,12.40,504,0.00,46.6,0,0,0.00,0.00,0.00,12.00,0.00,0.00,0,0,0.00,0
2026-04-25 14:38:40,1784.59,0,0,0,0,0,0,0,1.00,0,1.00,4.80,0.89,0.00,0.25,D,0.00,12.00,12.00,12.00,1.02,^,0.00,,13.50,12.30,504,0.49,45.5,0,0,0.00,0.00,0.00,12.00,0.00,0.00,0,0,0.00,0
2026-04-25 14:38:41,1785.60,0,0,0,0,0,0,0,1.00,0,0.00,4.80,0.89,0.95,0.63,D,0.00,12.00,12.00,12.00,0.57,^,0.00,,16.60,12.30,504,0.00,46.1,0,0,0.00,0.00,0.00,12.00,0.00,0.00,0,0,0.00,0
2026-04-25 14:38:42,1786.61,0,0,0,0,0,0,0,0.00,0,0.00,4.80,0.89,1.01,0.02,D,0.00,12.00,12.00,12.00,0.75,^,0.00,,16.30,12.30,504,0.00,46.1,0,0,0.00,0.00,0.00,12.00,0.00,0.00,0,0,0.00,0
2026-04-25 14:38:43,1787.62,1,0,0,0,0,0,0,-0.06,0,1.00,4.80,0.89,0.01,0.23,D,0.00,12.00,12.00,12.00,0.72,^,-3.56,,15.10,12.30,504,0.35,46.1,0,0,0.00,0.00,0.00,12.00,-0.06,1.00,0,0,0.00,0
2026-04-25 14:38:44,1788.64,1,0,0,0,0,0,0,-0.03,0,1.00,4.80,0.89,0.75,0.74,D,0.00,12.00,12.00,12.00,0.54,^,-1.98,,16.10,12.30,504,0.00,45.5,0,0,0.00,0.00,0.00,12.00,-0.03,1.00,0,0,0.00,0
2026-04-25 14:38:45,1789.65,1,0,0,0,0,0,0,-0.13,0,1.00,4.80,0.89,3.53,1.00,D,0.00,12.00,12.00,12.00,0.93,^,-7.75,,15.80,12.30,504,0.00,43.9,0,0,0.00,0.00,0.00,12.00,-0.13,1.00,0,0,0.00,0
2026-04-25 14:38:46,1790.76,1,0,0,0,0,0,0,0.31,0,0.20,4.80,0.89,4.14,0.93,D,0.00,12.00,12.00,12.00,1.47,^,18.64,,16.30,12.30,504,0.00,44.4,0,0,0.00,0.00,0.00,12.00,0.31,1.00,0,0,0.00,0
2026-04-25 14:38:47,1791.66,1,0,0,0,0,0,0,-0.38,0,0.20,4.80,0.90,3.58,0.73,D,0.00,12.00,12.00,1.07,0.99,^,-22.52,,18.30,12.30,504,0.00,44.4,0,0,0.00,0.00,0.00,12.00,-0.38,1.00,0,0,0.00,0
2026-04-25 14:38:48,1792.78,1,0,0,0,0,0,0,-0.02,0,1.00,4.80,0.90,3.67,1.00,D,0.00,12.00,12.00,2.14,1.73,^,-1.10,,15.30,12.30,504,0.00,45.0,0,0,0.00,0.00,0.00,12.00,-0.02,1.00,0,0,0.00,0
2026-04-25 14:38:49,1793.68,0,0,0,0,0,0,0,0.00,1,1.00,4.80,0.90,0.00,0.00,D,0.00,12.00,12.00,12.00,1.49,^,0.00,,15.90,12.30,504,0.01,44.4,0,0,0.00,0.00,0.00,12.00,0.00,0.00,0,0,0.00,0
2026-04-25 14:38:50,1794.69,0,0,0,0,0,0,0,1.00,0,1.00,4.80,0.90,0.02,0.41,D,0.00,12.00,12.00,12.00,0.73,^,0.00,,14.50,12.30,504,0.04,44.4,0,0,0.00,0.00,0.00,12.00,0.00,0.00,0,0,0.00,0
2026-04-25 14:38:51,1795.71,0,0,0,0,0,0,0,1.00,0,1.00,4.80,0.90,0.94,0.92,D,0.00,12.00,12.00,12.00,0.54,^,0.00,,13.90,12.30,504,0.00,45.5,0,0,0.00,0.00,0.00,12.00,0.00,0.00,0,0,0.00,0
2026-04-25 14:38:52,1796.72,0,0,0,0,0,0,0,0.47,0,1.00,4.80,0.90,0.00,0.70,D,0.00,12.00,12.00,2.85,0.43,^,0.00,,16.20,12.30,504,0.57,43.9,0,0,0.00,0.00,0.00,12.00,0.00,0.00,0,0,0.00,0
2026-04-25 14:38:53,1797.73,0,0,0,0,0,0,0,1.00,0,1.00,4.80,0.90,0.00,1.00,D,0.00,12.00,12.00,2.85,0.38,^,0.00,,14.90,12.30,504,0.01,44.4,0,0,0.00,0.00,0.00,12.00,0.00,0.00,0,0,0.00,0
2026-04-25 14:38:54,1798.75,0,0,0,0,0,0,0,0.00,0,0.00,4.80,0.90,0.00,0.50,D,0.00,12.00,0.26,2.85,0.26,^,0.00,,14.90,12.30,504,0.27,45.5,0,0,0.00,0.00,0.00,12.00,0.00,0.00,0,0,0.00,0
2026-04-25 14:38:55,1799.76,0,0,0,0,0,0,0,0.00,0,0.00,4.80,0.90,0.00,0.00,D,0.00,12.00,0.19,2.85,0.21,^,0.00,,15.00,12.20,504,0.79,44.4,0,0,0.00,0.00,0.00,12.00,0.00,0.00,0,0,0.00,0
2026-04-25 14:38:56,1800.87,0,0,0,0,0,0,0,0.00,0,0.00,4.80,0.90,0.00,0.00,D,0.00,12.00,0.19,2.85,0.21,^,0.00,,14.20,12.20,504,1.90,44.4,0,0,0.00,0.00,0.00,12.00,0.00,0.00,0,0,0.00,0
2026-04-25 14:38:57,1801.78,0,0,0,0,0,0,0,0.00,0,0.00,4.80,0.90,0.00,0.00,D,0.00,12.00,0.17,2.86,0.20,^,0.00,,13.60,12.20,504,0.18,45.5,0,0,0.00,0.00,0.00,12.00,0.00,0.00,0,0,0.00,0
2026-04-25 14:38:58,1802.79,0,0,0,0,0,0,0,0.00,0,0.00,4.80,0.89,0.00,0.00,D,0.00,12.00,0.15,2.86,0.19,^,0.00,,15.60,12.20,504,1.19,44.4,0,0,0.00,0.00,0.00,12.00,0.00,0.00,0,0,0.00,0
2026-04-25 14:38:59,1803.80,0,0,0,0,0,0,0,1.00,0,1.00,4.80,0.89,0.00,0.23,D,0.00,12.00,0.31,2.86,0.33,^,0.00,,12.20,12.20,504,2.20,44.4,0,0,0.00,0.00,0.00,12.00,0.00,0.00,0,0,0.00,0
2026-04-25 14:39:00,1804.81,0,0,0,0,0,0,0,1.00,0,1.00,4.80,0.89,0.00,0.74,D,0.00,12.00,0.38,2.86,0.34,^,0.00,,12.00,12.20,504,0.27,46.6,0,0,0.00,0.00,0.00,12.00,0.00,0.00,0,0,0.00,0
2026-04-25 14:39:01,1805.82,0,0,0,0,0,0,0,1.00,0,1.00,4.80,0.89,0.00,1.00,D,0.00,12.00,0.32,2.85,0.33,^,0.00,,12.40,12.20,504,0.50,46.1,0,0,0.00,0.00,0.00,12.00,0.00,0.00,0,0,0.00,0
2026-04-25 14:39:02,1806.84,0,0,0,0,0,0,0,0.79,0,1.00,4.80,0.89,3.16,1.00,D,0.00,12.00,12.00,2.56,0.44,^,0.00,,13.60,12.20,504,0.00,46.6,0,0,0.00,0.00,0.00,12.00,0.00,0.00,0,0,0.00,0
2026-04-25 14:39:03,1807.85,0,0,0,0,0,0,0,-0.26,0,0.00,4.80,0.89,2.39,0.42,D,0.00,12.00,12.00,2.33,1.24,^,0.00,,15.40,12.20,504,0.00,45.0,0,0,0.00,0.00,0.00,12.00,0.00,0.00,0,0,0.00,0
2026-04-25 14:39:04,1808.87,0,0,0,0,0,0,0,0.00,0,0.22,4.80,0.89,1.56,0.27,D,0.00,12.00,12.00,2.22,1.42,^,0.00,,14.90,12.20,504,0.00,43.9,0,0,0.00,0.00,0.00,12.00,0.00,0.00,0,0,0.00,0
2026-04-25 14:39:05,1809.88,1,0,0,0,0,0,0,0.08,0,1.00,4.80,0.89,1.35,0.63,D,0.00,12.00,12.00,2.44,1.08,^,5.03,,16.80,12.20,504,0.00,46.1,0,0,0.00,0.00,0.00,12.00,0.08,1.00,0,0,0.00,0
2026-04-25 14:39:07,1810.99,1,0,0,0,0,0,0,0.04,0,1.00,4.80,0.90,3.31,1.00,D,0.00,12.00,12.00,2.16,0.91,^,2.44,,15.80,12.20,504,0.00,45.5,0,0,0.00,0.00,0.00,12.00,0.04,1.00,0,0,0.00,0
2026-04-25 14:39:07,1811.89,1,0,0,0,0,0,0,-0.21,0,1.00,4.80,0.90,3.96,0.93,D,0.00,12.00,12.00,1.73,1.33,^,-12.81,,16.80,12.20,504,0.00,44.4,0,0,0.00,0.00,0.00,12.00,-0.21,1.00,0,0,0.00,0
2026-04-25 14:39:08,1812.90,1,0,0,0,0,0,0,0.14,0,1.00,4.80,0.90,4.04,1.00,D,0.00,12.00,12.00,1.57,1.49,^,8.42,,17.30,12.20,504,0.00,45.5,0,0,0.00,0.00,0.00,12.00,0.14,1.00,0,0,0.00,0
2026-04-25 14:39:09,1813.91,1,0,0,0,0,0,0,0.14,0,1.00,4.80,0.90,3.66,0.99,D,0.00,12.00,14.46,0.85,0.84,^,8.20,,13.90,12.20,504,0.00,45.5,0,0,0.00,0.00,0.00,12.00,0.14,1.00,0,0,0.00,0
2026-04-25 14:39:10,1814.92,1,0,0,0,0,0,0,0.09,0,1.00,4.80,0.90,3.60,0.92,D,0.00,12.00,13.86,12.00,1.42,^,5.47,,13.80,12.10,504,0.00,45.5,0,0,0.00,0.00,0.00,12.00,0.09,1.00,0,0,0.00,0
2026-04-25 14:39:11,1815.94,0,0,0,0,0,0,0,1.00,0,1.00,4.80,0.90,0.19,0.12,D,0.00,12.00,13.14,12.00,0.76,^,0.00,,14.00,12.10,504,0.06,46.1,0,0,0.00,0.00,0.00,12.00,0.00,0.00,0,0,0.00,0
2026-04-25 14:39:13,1817.05,0,0,0,0,0,0,0,1.00,0,1.00,4.80,0.90,0.43,0.63,D,0.00,12.00,12.00,12.00,0.48,^,0.00,,13.80,12.20,504,0.00,45.5,0,0,0.00,0.00,0.00,12.00,0.00,0.00,0,0,0.00,0
2026-04-25 14:39:13,1817.95,0,0,0,0,0,0,0,0.00,0,1.00,4.80,0.90,1.33,0.76,D,0.00,12.00,12.00,2.24,0.50,^,0.00,,15.40,12.20,504,0.00,45.0,0,0,0.00,0.00,0.00,12.00,0.00,0.00,0,0,0.00,0
2026-04-25 14:39:14,1818.96,1,0,0,0,0,0,0,0.05,0,1.00,4.80,0.90,3.25,1.00,D,0.00,12.00,12.00,12.00,0.85,^,2.86,,16.20,12.10,504,0.00,46.1,0,0,0.00,0.00,0.00,12.00,0.05,1.00,0,0,0.00,0
2026-04-25 14:39:15,1819.98,1,0,0,0,0,0,0,-0.08,0,1.00,4.80,0.90,3.72,0.99,D,0.00,12.00,12.00,12.00,1.34,^,-4.97,,17.90,12.10,504,0.00,43.9,0,0,0.00,0.00,0.00,12.00,-0.08,1.00,0,0,0.00,0
2026-04-25 14:39:17,1820.99,1,0,0,0,0,0,0,-0.07,0,1.00,4.80,0.91,4.17,1.00,D,0.00,12.00,12.00,12.00,1.54,^,-4.41,,14.00,12.10,504,0.00,46.1,0,0,0.00,0.00,0.00,12.00,-0.07,1.00,0,0,0.00,0
2026-04-25 14:39:18,1822.01,1,0,0,0,0,0,0,0.21,0,1.00,4.80,0.91,4.14,1.00,D,0.00,12.00,12.00,12.00,1.69,^,12.76,,15.10,12.10,504,0.00,46.1,0,0,0.00,0.00,0.00,12.00,0.21,1.00,0,0,0.00,0
2026-04-25 14:39:19,1823.02,1,0,0,0,0,0,0,-0.23,0,1.00,4.80,0.91,4.18,1.00,D,0.00,12.00,12.00,2.60,1.77,^,-14.06,,12.90,12.10,504,0.00,45.5,0,0,0.00,0.00,0.00,12.00,-0.23,1.00,0,0,0.00,0
2026-04-25 14:39:20,1824.03,1,0,0,0,0,0,0,0.05,0,1.00,4.80,0.91,4.21,1.00,D,0.00,3.09,12.00,1.92,1.80,^,3.17,,13.30,12.10,504,0.00,45.5,0,0,0.00,0.00,0.00,3.09,0.05,1.00,0,0,0.00,0
2026-04-25 14:39:21,1825.04,1,0,0,0,0,0,0,0.14,0,1.00,4.80,0.91,4.17,1.00,D,0.00,12.00,1.53,2.29,1.86,^,8.58,,15.60,12.10,504,0.00,46.6,0,0,0.00,0.00,0.00,12.00,0.14,1.00,0,0,0.00,0
2026-04-25 14:39:22,1826.05,1,0,0,0,0,0,0,0.25,0,1.00,4.80,0.92,3.77,0.81,D,0.00,2.62,12.00,12.00,1.03,^,14.89,,16.60,12.10,504,0.00,46.6,0,0,0.00,0.00,0.00,2.62,0.25,1.00,0,0,0.00,0
2026-04-25 14:39:23,1827.07,1,0,0,0,0,0,0,-0.13,0,1.00,4.80,0.92,2.94,0.69,D,0.00,2.08,1.68,12.00,1.77,^,-7.72,,16.40,12.10,504,0.00,45.5,0,0,0.00,0.00,0.00,2.08,-0.13,1.00,0,0,0.00,0
2026-04-25 14:39:24,1828.08,1,0,0,0,0,0,0,-0.05,0,1.00,4.80,0.92,3.82,1.00,D,0.00,12.00,1.38,1.09,1.16,^,-2.81,,16.80,12.10,504,0.00,45.5,0,0,0.00,0.00,0.00,12.00,-0.05,1.00,0,0,0.00,0
2026-04-25 14:39:25,1829.09,1,0,0,0,0,0,0,0.39,0,0.20,4.80,0.92,3.98,0.88,D,0.00,12.00,12.00,12.00,1.57,^,23.27,,17.80,12.10,504,0.00,45.5,0,0,0.00,0.00,0.00,12.00,0.39,1.00,0,0,0.00,0
2026-04-25 14:39:26,1830.11,1,0,0,0,0,0,0,0.11,0,1.00,4.80,0.92,3.95,1.00,D,0.00,12.00,12.00,12.00,1.94,^,6.89,,16.80,12.10,504,0.00,46.1,0,0,0.00,0.00,0.00,12.00,0.11,1.00,0,0,0.00,0
2026-04-25 14:39:27,1831.12,1,0,0,0,0,0,0,0.07,0,1.00,4.80,0.92,4.17,1.00,D,0.00,12.00,12.00,12.00,2.30,^,4.14,,15.50,12.10,504,0.00,46.1,0,0,0.00,0.00,0.00,12.00,0.07,1.00,0,0,0.00,0
2026-04-25 14:39:28,1832.14,1,0,0,0,0,0,0,0.12,0,1.00,4.80,0.93,4.18,1.00,D,0.00,12.00,12.00,12.00,2.85,^,7.22,,17.90,12.10,504,0.00,44.4,0,0,0.00,0.00,0.00,12.00,0.12,1.00,0,0,0.00,0
2026-04-25 14:39:29,1833.25,0,0,0,0,0,0,0,0.00,0,1.00,4.80,0.93,4.03,1.00,D,0.00,12.00,12.00,12.00,3.53,^,0.00,,17.10,12.10,504,0.00,46.1,0,0,0.00,0.00,0.00,12.00,0.00,0.00,0,0,0.00,0
2026-04-25 14:39:30,1834.15,0,0,0,0,0,0,0,0.00,0,1.00,4.80,0.93,3.09,1.00,D,0.00,12.00,12.00,2.59,12.00,^,0.00,,15.90,12.10,504,0.00,46.1,0,0,0.00,0.00,0.00,12.00,0.00,0.00,0,0,0.00,0
2026-04-25 14:39:31,1835.26,0,0,0,0,0,0,0,0.00,0,1.00,4.80,0.93,3.09,1.00,D,0.00,12.00,12.00,2.01,12.00,^,0.00,,16.50,12.10,504,0.00,43.9,0,0,0.00,0.00,0.00,12.00,0.00,0.00,0,0,0.00,0
2026-04-25 14:39:32,1836.17,0,0,0,0,0,0,0,0.00,0,1.00,4.80,0.93,3.05,1.00,D,0.00,1.83,12.00,1.68,12.00,WARN_WARNING,0.00,,17.10,12.10,504,0.00,45.5,0,0,0.00,0.00,0.00,1.83,0.00,0.00,0,0,0.00,0
2026-04-25 14:39:33,1837.18,0,0,0,0,0,0,0,0.00,0,1.00,4.80,0.93,3.08,1.00,D,0.00,12.00,12.00,1.50,12.00,^,0.00,,14.80,12.10,504,0.00,45.5,0,0,0.00,0.00,0.00,12.00,0.00,0.00,0,0,0.00,0
2026-04-25 14:39:34,1838.19,0,0,0,0,0,0,0,0.00,0,1.00,4.80,0.93,3.27,1.00,D,0.00,12.00,12.00,0.87,12.00,^,0.00,,15.60,12.10,504,0.00,45.5,0,0,0.00,0.00,0.00,12.00,0.00,0.00,0,0,0.00,0
2026-04-25 14:39:35,1839.20,0,0,0,0,0,0,0,0.00,0,1.00,4.80,0.93,3.52,1.00,D,0.00,3.94,12.00,12.00,0.48,^,0.00,,15.50,12.10,504,0.00,43.9,0,0,0.00,0.00,0.00,3.94,0.00,0.00,0,0,0.00,0
2026-04-25 14:39:36,1840.20,0,0,0,0,0,0,0,0.00,0,1.00,4.80,0.94,3.61,1.00,D,0.00,12.00,2.96,2.62,1.07,^,0.00,,17.10,12.10,504,0.00,46.6,0,0,0.00,0.00,0.00,12.00,0.00,0.00,0,0,0.00,0
2026-04-25 14:39:37,1841.31,0,0,0,0,0,0,0,0.00,0,1.00,4.80,0.94,3.65,1.00,D,0.00,2.68,2.25,1.10,1.59,^,0.00,,14.90,12.10,504,0.00,46.1,0,0,0.00,0.00,0.00,2.68,0.00,0.00,0,0,0.00,0
2026-04-25 14:39:38,1842.22,0,0,0,0,0,0,0,0.33,0,1.00,4.80,0.94,3.86,1.00,D,0.00,2.14,1.61,0.37,0.35,^,0.00,,13.50,12.10,504,0.00,46.6,0,0,0.00,0.00,0.00,2.14,0.00,0.00,0,0,0.00,0
2026-04-25 14:39:39,1843.33,0,0,0,0,0,0,0,0.00,0,1.00,4.80,0.94,3.86,1.00,D,0.00,0.98,1.24,0.59,1.07,STOP_WARNING,0.00,,15.90,12.10,504,0.00,46.6,0,0,0.00,0.00,0.00,0.98,0.00,0.00,0,0,0.00,0
2026-04-25 14:39:40,1844.23,0,0,0,0,0,0,0,0.00,1,0.00,4.80,0.94,1.02,0.00,D,0.00,0.89,0.75,0.48,0.47,WARN_WARNING,0.00,,16.10,12.00,504,0.00,46.6,0,0,0.00,0.00,0.00,0.89,0.00,0.00,0,0,0.00,0
2026-04-25 14:39:41,1845.25,0,0,0,0,0,0,0,-1.00,0,0.00,4.80,0.94,0.00,0.00,D,0.00,0.88,0.73,0.49,0.48,WARN_WARNING,0.00,,12.10,12.10,504,0.69,44.4,0,0,0.00,0.00,0.00,0.88,0.00,0.00,0,0,0.00,0
2026-04-25 14:39:42,1846.26,0,0,0,0,0,0,0,0.00,0,0.00,4.80,0.94,0.00,0.00,D,0.00,0.87,0.73,0.49,0.48,WARN_WARNING,0.00,,15.50,12.10,504,1.70,44.4,0,0,0.00,0.00,0.00,0.87,0.00,0.00,0,0,0.00,0
2026-04-25 14:39:43,1847.28,0,0,0,0,0,0,0,0.00,0,0.00,4.80,0.94,0.00,0.00,D,0.00,0.54,0.52,0.49,0.48,STOP_WARNING,0.00,,14.90,12.10,504,2.72,45.5,0,0,0.00,0.00,0.00,0.54,0.00,0.00,0,0,0.00,0
2026-04-25 14:39:44,1848.39,0,0,0,0,0,0,0,0.00,0,0.00,4.80,0.94,0.00,0.00,D,0.00,0.87,0.73,0.49,0.48,WARN_WARNING,0.00,,14.70,12.00,504,3.83,46.1,0,0,0.00,0.00,0.00,0.87,0.00,0.00,0,0,0.00,0
2026-04-25 14:39:44,1848.81,0,0,0,0,1,0,0,0.00,0,0.00,4.80,0.94,0.00,0.00,D,0.00,0.88,0.73,0.49,0.48,WARN_WARNING,0.00,,13.30,12.10,504,4.25,43.9,0,0,0.00,0.00,0.00,0.88,0.00,0.00,0,0,0.00,0
