Current Time,Time Since Program Started (s),Autonomous Mode (On/Off),Cruise Control (Active/Inactive),Shift Up PRND (Event),Shift Down PRND (Event),Quit (Event),Increase CC (Event),Decrease CC (Event),Steer (Value),Brake (On/Off),Gas (Value),Maximum Speed Recall (MPH),Average Speed (MPH),Current Speed (MPH),Motor PWM Value,Gear Mode,Cruise Control Target Speed (MPH),LiDAR Front Distance (m),LiDAR Left Distance (m),LiDAR Right Distance (m),LiDAR Back Distance (m),LiDAR Determined Direction,Target Heading (deg),Stop Reason,CPU Usage (%),Memory Usage (%),Number of LiDAR Points in Scan,Time Since Last Hall Sensor Pulse (s),CPU Temp (C),AEB Enabled (On/Off),AEB Triggered (On/Off),PID Output (Cruise Control),LiDAR Best Heading (deg),LiDAR Heading Confidence,LiDAR Forward Clearance (m),Camera Steering Bias,Camera Confidence,Camera Left Edge Found,Camera Right Edge Found,Camera Corridor Width (px),Driveway Cut Suspected
2026-04-26 18:02:44,3.82,0,0,0,0,0,0,0,0.00,1,0.00,0.00,0.00,0.00,0.00,P,0.00,1.40,1.39,0.99,0.56,^,0.00,,21.70,12.60,504,0.88,40.6,1,0,0.00,0.00,0.00,1.40,0.00,0.00,0,0,0.00,0
2026-04-26 18:02:45,4.84,0,0,1,0,0,0,0,0.00,0,0.00,0.00,0.00,0.00,0.00,N,0.00,1.41,1.39,0.98,0.56,^,0.00,,13.50,12.60,504,1.89,39.5,1,0,0.00,0.00,0.00,1.41,0.00,0.00,0,0,0.00,0
2026-04-26 18:02:46,5.95,0,0,1,0,0,0,0,0.00,0,0.00,0.00,0.00,0.00,0.00,D,0.00,1.41,1.39,1.00,0.56,^,0.00,,11.50,12.60,504,3.00,41.1,1,0,0.00,0.00,0.00,1.41,0.00,0.00,0,0,0.00,0
2026-04-26 18:02:47,6.85,0,0,0,0,0,0,0,0.00,0,0.00,0.00,0.00,0.00,0.00,D,0.00,1.40,1.40,1.00,0.56,^,0.00,,13.10,12.60,504,3.90,41.1,1,0,0.00,0.00,0.00,1.40,0.00,0.00,0,0,0.00,0
2026-04-26 18:02:48,7.86,0,0,0,0,0,0,0,0.00,0,1.00,0.00,0.00,0.00,0.20,D,0.00,1.40,1.39,1.01,0.56,^,0.00,,12.40,12.50,504,4.92,41.7,1,0,0.00,0.00,0.00,1.40,0.00,0.00,0,0,0.00,0
2026-04-26 18:02:49,8.87,0,0,0,0,0,0,0,0.00,0,1.00,0.43,0.02,0.43,0.71,D,0.00,1.50,1.37,0.95,0.61,^,0.00,,15.00,12.50,504,0.00,41.7,1,0,0.00,0.00,0.00,1.50,0.00,0.00,0,0,0.00,0
2026-04-26 18:02:50,9.89,0,0,0,0,0,0,0,0.00,0,0.15,3.42,0.21,3.42,0.94,D,0.00,2.43,1.10,1.11,1.01,^,0.00,,17.60,12.50,504,0.00,40.6,1,0,0.00,0.00,0.00,2.43,0.00,0.00,0,0,0.00,0
2026-04-26 18:02:51,10.90,0,0,0,0,0,0,0,0.00,0,0.00,3.58,0.50,2.77,0.33,D,0.00,12.00,0.83,1.58,1.05,^,0.00,,16.50,12.50,504,0.00,40.0,1,0,0.00,0.00,0.00,12.00,0.00,0.00,0,0,0.00,0
2026-04-26 18:02:52,11.91,0,0,0,0,0,0,0,0.35,0,1.00,3.58,0.64,2.00,0.75,D,0.00,12.00,2.77,1.85,1.32,^,0.00,,17.00,12.50,504,0.00,41.7,1,0,0.00,0.00,0.00,12.00,0.00,0.00,0,0,0.00,0
2026-04-26 18:02:53,12.92,0,0,0,0,0,0,0,0.00,1,0.00,3.58,0.74,0.55,0.00,D,0.00,12.00,2.60,12.00,1.45,^,0.00,,18.50,12.50,504,0.00,40.0,1,0,0.00,0.00,0.00,12.00,0.00,0.00,0,0,0.00,0
2026-04-26 18:02:54,13.93,0,0,0,0,0,0,0,0.00,0,0.00,3.58,0.69,0.00,0.00,D,0.00,12.00,2.60,12.00,0.64,^,0.00,,14.20,12.50,504,0.65,40.6,1,0,0.00,0.00,0.00,12.00,0.00,0.00,0,0,0.00,0
2026-04-26 18:02:55,14.95,0,0,0,0,0,0,0,0.00,0,0.00,3.58,0.64,0.00,0.00,D,0.00,12.00,2.60,12.00,0.28,^,0.00,,13.50,12.50,504,0.02,40.0,1,0,0.00,0.00,0.00,12.00,0.00,0.00,0,0,0.00,0
2026-04-26 18:02:56,15.96,0,0,0,0,0,0,0,0.00,0,0.00,3.58,0.60,0.00,0.00,D,0.00,12.00,2.61,12.00,0.28,^,0.00,,14.20,12.50,504,0.00,40.0,1,0,0.00,0.00,0.00,12.00,0.00,0.00,0,0,0.00,0
2026-04-26 18:02:57,16.98,0,0,0,0,0,0,0,0.00,0,0.00,3.58,0.57,0.00,0.00,D,0.00,12.00,2.61,12.00,0.27,^,0.00,,13.80,12.40,504,0.49,41.7,1,0,0.00,0.00,0.00,12.00,0.00,0.00,0,0,0.00,0
2026-04-26 18:02:58,17.99,0,0,0,0,0,0,0,0.00,0,0.00,3.58,0.54,0.00,0.00,D,0.00,12.00,2.61,1.64,0.25,^,0.00,,14.10,12.40,504,0.30,41.7,1,0,0.00,0.00,0.00,12.00,0.00,0.00,0,0,0.00,0
2026-04-26 18:02:59,19.01,0,0,0,0,0,0,0,0.00,0,0.00,3.58,0.51,0.00,0.00,D,0.00,12.00,2.61,1.63,0.23,^,0.00,,16.10,12.40,504,0.16,40.6,1,0,0.00,0.00,0.00,12.00,0.00,0.00,0,0,0.00,0
2026-04-26 18:03:00,20.02,0,0,0,0,0,0,0,0.00,0,0.00,3.58,0.49,0.00,0.00,D,0.00,12.00,2.61,1.64,0.22,^,0.00,,13.80,12.40,504,0.02,40.6,1,0,0.00,0.00,0.00,12.00,0.00,0.00,0,0,0.00,0
2026-04-26 18:03:01,21.03,0,0,0,0,0,0,0,0.00,0,0.00,3.58,0.46,0.00,0.00,D,0.00,12.00,2.62,1.63,0.22,^,0.00,,14.00,12.30,504,0.17,41.1,1,0,0.00,0.00,0.00,12.00,0.00,0.00,0,0,0.00,0
2026-04-26 18:03:02,22.04,0,0,0,0,0,0,0,0.00,0,0.00,3.58,0.44,0.00,0.00,D,0.00,12.00,2.62,1.64,0.22,^,0.00,,14.60,12.30,504,0.15,42.2,1,0,0.00,0.00,0.00,12.00,0.00,0.00,0,0,0.00,0
2026-04-26 18:03:03,23.06,0,0,0,0,0,0,0,0.00,0,0.00,3.58,0.42,0.25,0.00,D,0.00,12.00,2.62,1.64,0.22,^,0.00,,14.40,12.30,504,0.00,41.7,1,0,0.00,0.00,0.00,12.00,0.00,0.00,0,0,0.00,0
2026-04-26 18:03:04,24.07,0,0,0,0,0,0,0,0.00,0,1.00,3.58,0.41,0.03,0.35,D,0.00,12.00,2.61,1.64,0.47,^,0.00,,14.90,12.30,504,0.00,41.7,1,0,0.00,0.00,0.00,12.00,0.00,0.00,0,0,0.00,0
2026-04-26 18:03:05,25.18,0,0,0,0,0,0,0,0.00,1,0.00,3.58,0.39,0.00,0.00,D,0.00,12.00,2.60,12.00,0.53,^,0.00,,15.90,12.30,504,0.20,42.2,1,0,0.00,0.00,0.00,12.00,0.00,0.00,0,0,0.00,0
2026-04-26 18:03:06,26.08,0,0,0,1,0,0,0,0.00,0,1.00,3.58,0.38,0.01,-0.23,R,0.00,12.00,2.60,12.00,0.52,^,0.00,,15.70,12.30,504,0.10,41.7,1,0,0.00,0.00,0.00,12.00,0.00,0.00,0,0,0.00,0
2026-04-26 18:03:07,27.20,0,0,0,0,0,0,0,0.00,0,1.00,3.58,0.36,0.01,-0.60,R,0.00,12.00,2.60,12.00,0.52,^,0.00,,14.80,12.30,504,0.01,41.7,1,0,0.00,0.00,0.00,12.00,0.00,0.00,0,0,0.00,0
2026-04-26 18:03:08,28.10,0,0,0,0,0,0,0,0.00,0,0.00,3.58,0.37,0.79,-0.32,R,0.00,12.00,2.65,1.64,0.20,^,0.00,,16.10,12.30,504,0.00,41.1,1,0,0.00,0.00,0.00,12.00,0.00,0.00,0,0,0.00,0
2026-04-26 18:03:09,29.11,0,0,1,0,0,0,0,0.00,0,0.00,3.58,0.36,0.00,0.00,D,0.00,12.00,2.66,0.12,0.12,^,0.00,,13.00,12.30,504,0.68,42.2,1,0,0.00,0.00,0.00,12.00,0.00,0.00,0,0,0.00,0
2026-04-26 18:03:10,30.12,0,0,0,0,0,0,0,0.00,0,0.00,3.58,0.35,0.00,0.00,D,0.00,12.00,2.67,0.16,0.15,^,0.00,,11.20,12.30,504,0.58,42.2,1,0,0.00,0.00,0.00,12.00,0.00,0.00,0,0,0.00,0
2026-04-26 18:03:11,31.13,0,0,0,0,0,0,0,0.00,0,0.00,3.58,0.34,0.00,0.00,D,0.00,12.00,2.67,0.16,0.16,^,0.00,,12.10,12.30,504,0.36,43.3,1,0,0.00,0.00,0.00,12.00,0.00,0.00,0,0,0.00,0
2026-04-26 18:03:12,32.15,0,0,0,0,0,0,0,0.00,0,0.00,3.58,0.33,0.00,0.00,D,0.00,12.00,2.67,0.15,0.15,^,0.00,,12.30,12.30,504,1.38,43.3,1,0,0.00,0.00,0.00,12.00,0.00,0.00,0,0,0.00,0
2026-04-26 18:03:13,33.16,0,0,0,0,0,0,0,0.00,0,0.00,3.58,0.32,0.00,0.00,D,0.00,12.00,2.67,0.15,0.14,^,0.00,,11.90,12.20,504,0.04,43.9,1,0,0.00,0.00,0.00,12.00,0.00,0.00,0,0,0.00,0
2026-04-26 18:03:14,34.17,0,0,0,0,0,0,0,0.00,0,0.00,3.58,0.31,0.00,0.00,D,0.00,12.00,2.67,0.14,0.14,^,0.00,,13.60,12.40,504,0.03,41.7,1,0,0.00,0.00,0.00,12.00,0.00,0.00,0,0,0.00,0
2026-04-26 18:03:15,35.19,0,0,0,0,0,0,0,0.00,0,0.00,3.58,0.30,0.00,0.00,D,0.00,12.00,2.67,0.15,0.14,^,0.00,,13.70,12.40,504,0.16,41.1,1,0,0.00,0.00,0.00,12.00,0.00,0.00,0,0,0.00,0
2026-04-26 18:03:16,36.20,0,0,0,0,0,0,0,0.00,0,0.00,3.58,0.29,0.00,0.00,D,0.00,12.00,2.67,0.12,0.12,^,0.00,,14.00,12.40,504,0.00,41.7,1,0,0.00,0.00,0.00,12.00,0.00,0.00,0,0,0.00,0
2026-04-26 18:03:17,37.21,0,0,0,0,0,0,0,0.00,0,1.00,3.58,0.29,0.02,0.35,D,0.00,12.00,2.67,12.00,0.20,^,0.00,,15.30,12.40,504,0.01,41.1,1,0,0.00,0.00,0.00,12.00,0.00,0.00,0,0,0.00,0
2026-04-26 18:03:18,38.22,0,0,0,0,0,0,0,0.00,0,1.00,3.58,0.29,0.67,0.48,D,0.00,12.00,2.64,12.00,0.40,^,0.00,,16.80,12.40,504,0.00,42.8,1,0,0.00,0.00,0.00,12.00,0.00,0.00,0,0,0.00,0
2026-04-26 18:03:19,39.33,0,0,0,0,0,0,0,0.00,0,0.31,3.58,0.30,1.56,0.77,D,0.00,12.00,2.55,12.00,0.49,^,0.00,,14.80,12.40,504,0.00,43.3,1,0,0.00,0.00,0.00,12.00,0.00,0.00,0,0,0.00,0
2026-04-26 18:03:20,40.24,0,0,0,0,0,0,0,0.26,0,0.17,3.58,0.35,1.78,0.17,D,0.00,12.00,2.44,12.00,0.85,^,0.00,,15.00,12.40,504,0.00,42.8,1,0,0.00,0.00,0.00,12.00,0.00,0.00,0,0,0.00,0
2026-04-26 18:03:21,41.24,0,0,0,0,0,0,0,0.00,0,0.00,3.58,0.37,1.26,0.21,D,0.00,12.00,12.00,12.00,0.69,^,0.00,,15.90,12.40,504,0.00,42.8,1,0,0.00,0.00,0.00,12.00,0.00,0.00,0,0,0.00,0
2026-04-26 18:03:22,42.25,0,0,0,0,0,0,0,0.41,0,1.00,3.58,0.38,0.81,0.55,D,0.00,12.00,2.20,12.00,0.54,^,0.00,,15.40,12.50,504,0.00,42.2,1,0,0.00,0.00,0.00,12.00,0.00,0.00,0,0,0.00,0
2026-04-26 18:03:23,43.36,0,0,0,0,0,0,0,0.00,0,1.00,3.58,0.41,1.93,0.83,D,0.00,12.00,12.00,12.00,0.58,^,0.00,,16.60,12.50,504,0.00,41.7,1,0,0.00,0.00,0.00,12.00,0.00,0.00,0,0,0.00,0
2026-04-26 18:03:24,44.26,0,0,0,0,0,0,0,0.12,0,0.23,3.85,0.46,3.85,0.90,D,0.00,12.00,12.00,12.00,1.04,^,0.00,,18.40,12.50,504,0.00,43.3,1,0,0.00,0.00,0.00,12.00,0.00,0.00,0,0,0.00,0
2026-04-26 18:03:25,45.27,0,0,0,0,0,0,0,0.00,0,1.00,3.98,0.54,3.89,0.84,D,0.00,12.00,12.00,12.00,1.54,^,0.00,,15.30,12.50,504,0.00,43.3,1,0,0.00,0.00,0.00,12.00,0.00,0.00,0,0,0.00,0
2026-04-26 18:03:26,46.29,0,0,0,0,0,0,0,0.00,0,1.00,4.54,0.62,4.54,1.00,D,0.00,12.00,12.00,12.00,1.95,^,0.00,,14.40,12.60,504,0.00,43.3,1,0,0.00,0.00,0.00,12.00,0.00,0.00,0,0,0.00,0
2026-04-26 18:03:27,47.29,0,0,0,0,0,0,0,0.00,0,1.00,4.64,0.70,4.41,1.00,D,0.00,12.00,12.00,12.00,3.44,^,0.00,,15.20,12.60,504,0.00,43.9,1,0,0.00,0.00,0.00,12.00,0.00,0.00,0,0,0.00,0
2026-04-26 18:03:28,48.30,1,0,0,0,0,0,0,0.10,0,1.00,4.64,0.78,3.72,0.95,D,0.00,12.00,12.00,12.00,12.00,^,5.79,,13.80,12.60,504,0.00,43.3,1,0,0.00,0.00,0.00,12.00,0.10,1.00,0,0,0.00,0
2026-04-26 18:03:29,49.31,1,0,0,0,0,0,0,0.14,0,1.00,4.64,0.84,3.42,1.00,D,0.00,3.32,4.84,12.00,2.10,^,8.68,,15.20,12.50,504,0.00,43.9,1,0,0.00,0.00,0.00,3.32,0.14,1.00,0,0,0.00,0
2026-04-26 18:03:30,50.32,1,0,0,0,0,0,0,-0.42,0,0.50,4.64,0.89,3.59,0.84,D,0.00,1.85,1.96,12.00,1.73,WARN_WARNING,-25.33,lidar_override,14.90,12.50,504,0.00,44.4,1,0,0.00,0.00,0.00,1.85,0.39,1.00,0,0,0.00,0
2026-04-26 18:03:31,51.33,1,0,0,0,0,0,0,0.46,0,0.85,4.64,0.93,2.41,0.85,D,0.00,12.00,1.46,0.96,1.27,^,27.46,,13.30,12.40,504,0.00,43.9,1,0,0.00,0.00,0.00,12.00,0.46,1.00,0,0,0.00,0
2026-04-26 18:03:32,52.34,1,0,0,0,0,0,0,-0.09,0,1.00,4.64,0.96,3.36,1.00,D,0.00,2.56,12.00,12.00,0.68,^,-5.49,,14.10,12.40,504,0.00,43.3,1,0,0.00,0.00,0.00,2.56,-0.09,1.00,0,0,0.00,0
2026-04-26 18:03:33,53.36,1,0,0,0,0,0,0,0.39,0,0.85,4.64,1.01,2.65,0.81,D,0.00,12.00,12.00,1.15,1.40,^,23.49,,13.70,12.40,504,0.00,44.4,1,0,0.00,0.00,0.00,12.00,0.39,1.00,0,0,0.00,0
2026-04-26 18:03:34,54.37,1,0,0,0,0,0,0,0.21,0,1.00,4.64,1.04,2.63,0.91,D,0.00,12.00,12.00,0.86,0.97,^,12.86,,12.20,12.40,504,0.00,42.8,1,0,0.00,0.00,0.00,12.00,0.21,1.00,0,0,0.00,0
2026-04-26 18:03:35,55.39,1,0,0,0,0,0,0,-0.06,0,1.00,4.64,1.08,3.70,1.00,D,0.00,12.00,12.00,12.00,1.09,^,-3.64,,15.60,12.40,504,0.00,44.4,1,0,0.00,0.00,0.00,12.00,-0.06,1.00,0,0,0.00,0
2026-04-26 18:03:36,56.39,1,0,0,0,0,0,0,0.27,0,0.85,4.64,1.12,3.71,0.99,D,0.00,12.00,12.00,12.00,1.40,^,15.99,,17.50,12.40,504,0.00,43.9,1,0,0.00,0.00,0.00,12.00,0.27,1.00,0,0,0.00,0
2026-04-26 18:03:37,57.41,1,0,0,0,0,0,0,0.06,0,1.00,4.64,1.17,3.69,1.00,D,0.00,12.00,12.00,12.00,1.27,^,3.77,,16.00,12.30,504,0.00,43.9,1,0,0.00,0.00,0.00,12.00,0.06,1.00,0,0,0.00,0
2026-04-26 18:03:38,58.42,1,0,0,0,0,0,0,0.22,0,1.00,4.64,1.21,3.84,1.00,D,0.00,12.00,12.00,12.00,1.17,^,12.97,,14.80,12.30,504,0.00,42.8,1,0,0.00,0.00,0.00,12.00,0.22,1.00,0,0,0.00,0
2026-04-26 18:03:39,59.43,1,0,0,0,0,0,0,0.09,0,1.00,4.64,1.25,3.75,1.00,D,0.00,12.00,12.00,12.00,1.16,^,5.18,,14.20,12.30,504,0.00,43.9,1,0,0.00,0.00,0.00,12.00,0.09,1.00,0,0,0.00,0
2026-04-26 18:03:40,60.44,1,0,0,0,0,0,0,0.10,0,1.00,4.64,1.30,3.78,1.00,D,0.00,12.00,12.00,12.00,1.19,^,5.80,,13.50,12.30,504,0.00,44.4,1,0,0.00,0.00,0.00,12.00,0.10,1.00,0,0,0.00,0
2026-04-26 18:03:41,61.46,1,0,0,0,0,0,0,0.01,0,1.00,4.64,1.34,3.79,1.00,D,0.00,12.00,12.00,12.00,1.44,^,0.50,,15.30,12.30,504,0.00,44.4,1,0,0.00,0.00,0.00,12.00,0.01,1.00,0,0,0.00,0
2026-04-26 18:03:42,62.47,1,0,0,0,0,0,0,0.09,0,1.00,4.64,1.38,3.72,1.00,D,0.00,12.00,2.52,12.00,1.55,^,5.31,,14.00,12.30,504,0.00,44.4,1,0,0.00,0.00,0.00,12.00,0.09,1.00,0,0,0.00,0
2026-04-26 18:03:43,63.48,1,0,0,0,0,0,0,0.37,0,0.85,4.64,1.41,3.78,0.94,D,0.00,12.00,1.83,12.00,1.64,^,22.04,,15.20,12.30,504,0.00,44.4,1,0,0.00,0.00,0.00,12.00,0.37,1.00,0,0,0.00,0
2026-04-26 18:03:44,64.50,1,0,0,0,0,0,0,-0.51,0,0.85,4.64,1.45,3.50,0.95,D,0.00,12.00,12.00,12.00,1.47,^,-30.77,,18.00,12.30,504,0.00,43.9,1,0,0.00,0.00,0.00,12.00,-0.51,1.00,0,0,0.00,0
2026-04-26 18:03:45,65.50,1,0,0,0,0,0,0,0.30,0,0.85,4.64,1.47,2.82,0.85,D,0.00,12.00,12.00,12.00,1.15,^,17.99,,16.30,12.30,504,0.00,43.3,1,0,0.00,0.00,0.00,12.00,0.30,1.00,0,0,0.00,0
2026-04-26 18:03:46,66.50,1,0,0,0,0,0,0,0.40,0,0.85,4.64,1.50,3.17,0.92,D,0.00,12.00,12.00,12.00,0.98,^,24.14,,15.90,12.30,504,0.00,44.4,1,0,0.00,0.00,0.00,12.00,0.40,1.00,0,0,0.00,0
2026-04-26 18:03:47,67.52,1,0,0,0,0,0,0,-0.02,0,1.00,4.64,1.52,3.76,1.00,D,0.00,12.00,4.51,12.00,1.00,^,-1.37,,14.80,12.30,504,0.00,43.3,1,0,0.00,0.00,0.00,12.00,-0.02,1.00,0,0,0.00,0
2026-04-26 18:03:48,68.52,1,0,0,0,0,0,0,-0.09,0,1.00,4.64,1.56,3.28,0.94,D,0.00,12.00,2.99,12.00,1.02,^,-5.20,,13.20,12.30,504,0.00,43.3,1,0,0.00,0.00,0.00,12.00,-0.09,1.00,0,0,0.00,0
2026-04-26 18:03:49,69.53,1,0,0,0,0,0,0,0.40,0,0.85,4.64,1.58,3.03,0.85,D,0.00,15.98,2.67,12.00,1.23,^,24.18,,13.30,12.30,504,0.00,45.5,1,0,0.00,0.00,0.00,15.98,0.40,1.00,0,0,0.00,0
2026-04-26 18:03:50,70.54,1,0,0,0,0,0,0,0.05,0,1.00,4.64,1.60,3.48,1.00,D,0.00,14.72,2.38,12.00,1.05,^,3.24,,13.70,12.30,504,0.00,43.9,1,0,0.00,0.00,0.00,14.72,0.05,1.00,0,0,0.00,0
2026-04-26 18:03:51,71.56,1,0,0,0,0,0,0,-0.00,0,1.00,4.64,1.63,3.66,1.00,D,0.00,12.00,2.45,12.00,1.14,^,-0.16,,16.50,12.30,504,0.00,43.3,1,0,0.00,0.00,0.00,12.00,-0.00,1.00,0,0,0.00,0
2026-04-26 18:03:52,72.57,1,0,0,0,0,0,0,0.36,0,0.85,4.64,1.66,3.73,0.92,D,0.00,11.69,2.86,12.00,1.47,^,21.53,,16.60,12.30,504,0.00,45.0,1,0,0.00,0.00,0.00,11.69,0.36,1.00,0,0,0.00,0
2026-04-26 18:03:53,73.58,1,0,0,0,0,0,0,-0.03,0,1.00,4.64,1.68,3.65,1.00,D,0.00,12.00,12.00,12.00,1.44,^,-1.63,,17.40,12.40,504,0.00,45.0,1,0,0.00,0.00,0.00,12.00,-0.03,1.00,0,0,0.00,0
2026-04-26 18:03:54,74.58,1,0,0,0,0,0,0,0.13,0,1.00,4.64,1.71,3.75,1.00,D,0.00,12.00,12.00,12.00,1.33,^,7.61,,16.50,12.40,504,0.00,45.0,1,0,0.00,0.00,0.00,12.00,0.13,1.00,0,0,0.00,0
2026-04-26 18:03:55,75.59,1,0,0,0,0,0,0,0.29,0,0.85,4.64,1.74,3.78,0.99,D,0.00,10.14,12.00,12.00,1.21,^,17.52,,14.80,12.40,504,0.00,42.8,1,0,0.00,0.00,0.00,10.14,0.29,1.00,0,0,0.00,0
2026-04-26 18:03:56,76.61,1,0,0,0,0,0,0,0.57,0,0.85,4.64,1.76,2.63,0.85,D,0.00,12.00,12.00,12.00,1.03,^,34.23,,16.20,12.30,504,0.00,45.5,1,0,0.00,0.00,0.00,12.00,0.57,1.00,0,0,0.00,0
2026-04-26 18:03:57,77.62,1,0,0,0,0,0,0,-0.15,0,1.00,4.64,1.77,3.19,1.00,D,0.00,12.00,12.00,12.00,1.01,^,-8.80,,16.30,12.40,504,0.00,44.4,1,0,0.00,0.00,0.00,12.00,-0.15,1.00,0,0,0.00,0
2026-04-26 18:03:58,78.63,1,0,0,0,0,0,0,-0.39,0,0.85,4.64,1.79,3.53,0.99,D,0.00,12.00,12.00,12.00,1.25,^,-23.34,,16.30,12.30,504,0.00,42.8,1,0,0.00,0.00,0.00,12.00,-0.39,1.00,0,0,0.00,0
2026-04-26 18:03:59,79.64,1,0,0,0,0,0,0,0.14,0,1.00,4.64,1.82,3.69,1.00,D,0.00,12.00,12.00,12.00,1.22,^,8.32,,16.60,12.40,504,0.00,43.3,1,0,0.00,0.00,0.00,12.00,0.14,1.00,0,0,0.00,0
2026-04-26 18:04:00,80.66,1,0,0,0,0,0,0,0.05,0,1.00,4.64,1.84,3.77,1.00,D,0.00,12.00,12.00,12.00,1.12,^,2.86,,16.50,12.30,504,0.00,43.9,1,0,0.00,0.00,0.00,12.00,0.05,1.00,0,0,0.00,0
2026-04-26 18:04:01,81.67,1,0,0,0,0,0,0,0.04,0,1.00,4.64,1.86,3.66,1.00,D,0.00,12.00,5.78,12.00,1.04,^,2.64,,15.90,12.40,504,0.00,44.4,1,0,0.00,0.00,0.00,12.00,0.04,1.00,0,0,0.00,0
2026-04-26 18:04:02,82.67,1,0,0,0,0,0,0,0.23,0,1.00,4.64,1.89,3.74,0.98,D,0.00,12.00,12.00,12.00,1.06,^,13.93,,17.00,12.30,504,0.00,44.4,1,0,0.00,0.00,0.00,12.00,0.23,1.00,0,0,0.00,0
2026-04-26 18:04:03,83.68,1,0,0,0,0,0,0,-0.01,0,1.00,4.64,1.90,3.27,1.00,D,0.00,12.00,12.00,12.00,0.89,^,-0.68,,17.40,12.30,504,0.00,44.4,1,0,0.00,0.00,0.00,12.00,-0.01,1.00,0,0,0.00,0
2026-04-26 18:04:05,84.70,1,0,0,0,0,0,0,-0.02,0,1.00,4.64,1.92,3.66,1.00,D,0.00,12.00,12.00,12.00,1.12,^,-1.48,,16.90,12.40,504,0.00,43.9,1,0,0.00,0.00,0.00,12.00,-0.02,1.00,0,0,0.00,0
2026-04-26 18:04:06,85.71,1,0,0,0,0,0,0,0.20,0,1.00,4.64,1.95,3.68,1.00,D,0.00,12.00,2.69,12.00,1.42,^,12.28,,18.80,12.40,504,0.00,44.4,1,0,0.00,0.00,0.00,12.00,0.20,1.00,0,0,0.00,0
2026-04-26 18:04:07,86.72,1,0,0,0,0,0,0,-0.35,0,0.85,4.64,1.97,3.32,0.85,D,0.00,12.00,2.04,12.00,1.30,^,-21.01,,17.10,12.40,504,0.00,44.4,1,0,0.00,0.00,0.00,12.00,-0.35,1.00,0,0,0.00,0
2026-04-26 18:04:08,87.74,1,0,0,0,0,0,0,0.25,0,1.00,4.64,1.98,3.22,0.87,D,0.00,12.00,1.85,12.00,1.12,^,14.96,,13.70,12.40,504,0.00,43.3,1,0,0.00,0.00,0.00,12.00,0.25,1.00,0,0,0.00,0
2026-04-26 18:04:09,88.75,1,0,0,0,0,0,0,-0.27,0,0.85,4.64,1.99,2.72,0.94,D,0.00,12.00,12.00,12.00,0.90,^,-16.21,,13.70,12.40,504,0.00,44.4,1,0,0.00,0.00,0.00,12.00,-0.27,1.00,0,0,0.00,0
2026-04-26 18:04:10,89.76,1,0,0,0,0,0,0,0.31,0,0.85,4.64,2.00,3.05,0.85,D,0.00,12.00,12.00,12.00,1.18,^,18.50,,14.20,12.40,504,0.00,44.4,1,0,0.00,0.00,0.00,12.00,0.31,1.00,0,0,0.00,0
2026-04-26 18:04:11,90.78,1,0,0,0,0,0,0,0.18,0,1.00,4.64,2.01,3.54,0.99,D,0.00,12.00,12.00,12.00,1.09,^,10.79,,14.30,12.40,504,0.00,45.5,1,0,0.00,0.00,0.00,12.00,0.18,1.00,0,0,0.00,0
2026-04-26 18:04:12,91.79,1,0,0,0,0,0,0,0.20,0,1.00,4.64,2.03,3.61,1.00,D,0.00,12.00,12.00,12.00,1.37,^,12.03,,16.10,12.50,504,0.00,45.0,1,0,0.00,0.00,0.00,12.00,0.20,1.00,0,0,0.00,0
2026-04-26 18:04:13,92.81,1,0,0,0,0,0,0,0.24,0,1.00,4.64,2.04,3.34,0.99,D,0.00,12.00,12.00,12.00,1.45,^,14.37,,15.90,12.40,504,0.00,43.3,1,0,0.00,0.00,0.00,12.00,0.24,1.00,0,0,0.00,0
2026-04-26 18:04:14,93.82,1,0,0,0,0,0,0,0.02,0,1.00,4.64,2.06,3.70,1.00,D,0.00,12.00,12.00,12.00,1.43,^,1.09,,15.50,12.40,504,0.00,44.4,1,0,0.00,0.00,0.00,12.00,0.02,1.00,0,0,0.00,0
2026-04-26 18:04:15,94.84,1,0,0,0,0,0,0,0.16,0,1.00,4.64,2.08,3.77,1.00,D,0.00,12.00,12.00,12.00,1.49,^,9.34,,16.80,12.50,504,0.00,43.3,1,0,0.00,0.00,0.00,12.00,0.16,1.00,0,0,0.00,0
2026-04-26 18:04:16,95.84,1,0,0,0,0,0,0,0.02,0,1.00,4.64,2.10,3.77,1.00,D,0.00,12.00,12.00,12.00,1.49,^,1.47,,16.00,12.50,504,0.00,42.8,1,0,0.00,0.00,0.00,12.00,0.02,1.00,0,0,0.00,0
2026-04-26 18:04:17,96.85,1,0,0,0,0,0,0,0.22,0,1.00,4.64,2.11,3.76,1.00,D,0.00,12.00,12.00,12.00,1.35,^,13.17,,15.60,12.50,504,0.00,44.4,1,0,0.00,0.00,0.00,12.00,0.22,1.00,0,0,0.00,0
2026-04-26 18:04:18,97.85,1,0,0,0,0,0,0,-0.08,0,1.00,4.64,2.13,3.37,1.00,D,0.00,12.00,12.00,12.00,1.09,^,-4.99,,17.20,12.40,504,0.00,44.4,1,0,0.00,0.00,0.00,12.00,-0.08,1.00,0,0,0.00,0
2026-04-26 18:04:19,98.87,1,0,0,0,0,0,0,0.28,0,0.85,4.64,2.14,3.62,0.96,D,0.00,12.00,12.00,12.00,1.14,^,16.79,,15.50,12.50,504,0.00,43.9,1,0,0.00,0.00,0.00,12.00,0.28,1.00,0,0,0.00,0
2026-04-26 18:04:20,99.88,1,0,0,0,0,0,0,0.09,0,1.00,4.64,2.16,3.71,1.00,D,0.00,12.00,12.00,12.00,1.14,^,5.16,,16.20,12.40,504,0.00,44.4,1,0,0.00,0.00,0.00,12.00,0.09,1.00,0,0,0.00,0
2026-04-26 18:04:21,100.89,1,0,0,0,0,0,0,0.04,0,1.00,4.64,2.17,3.59,0.99,D,0.00,12.00,12.00,12.00,1.14,^,2.64,,17.00,12.40,504,0.00,43.3,1,0,0.00,0.00,0.00,12.00,0.04,1.00,0,0,0.00,0
2026-04-26 18:04:22,101.91,1,0,0,0,0,0,0,0.11,0,1.00,4.64,2.19,3.71,1.00,D,0.00,12.00,12.00,12.00,1.26,^,6.84,,15.60,12.40,504,0.00,43.9,1,0,0.00,0.00,0.00,12.00,0.11,1.00,0,0,0.00,0
2026-04-26 18:04:23,102.92,1,0,0,0,0,0,0,0.12,0,1.00,4.64,2.20,3.42,1.00,D,0.00,2.46,2.16,12.00,1.42,^,7.40,,15.70,12.30,504,0.00,45.0,1,0,0.00,0.00,0.00,2.46,0.12,1.00,0,0,0.00,0
2026-04-26 18:04:24,103.94,1,0,0,0,0,0,0,-0.04,0,1.00,4.64,2.22,2.74,0.92,D,0.00,12.00,1.23,12.00,1.41,^,-2.35,,17.30,12.30,504,0.00,45.0,1,0,0.00,0.00,0.00,12.00,-0.04,1.00,0,0,0.00,0
2026-04-26 18:04:25,104.94,1,0,0,0,0,0,0,0.07,0,1.00,4.64,2.22,3.16,0.99,D,0.00,12.00,1.10,12.00,1.00,^,4.14,,17.20,12.30,504,0.00,42.8,1,0,0.00,0.00,0.00,12.00,0.07,1.00,0,0,0.00,0
2026-04-26 18:04:26,105.96,1,0,0,0,0,0,0,-0.01,0,1.00,4.64,2.24,3.68,1.00,D,0.00,12.00,1.80,12.00,1.19,^,-0.76,,16.10,12.30,504,0.00,44.4,1,0,0.00,0.00,0.00,12.00,-0.01,1.00,0,0,0.00,0
2026-04-26 18:04:27,106.97,1,0,0,0,0,0,0,0.18,0,1.00,4.64,2.25,3.71,0.98,D,0.00,12.00,12.00,12.00,1.25,^,10.88,,17.20,12.30,504,0.00,44.4,1,0,0.00,0.00,0.00,12.00,0.18,1.00,0,0,0.00,0
2026-04-26 18:04:28,108.08,1,0,0,0,0,0,0,0.07,0,1.00,4.64,2.26,3.70,1.00,D,0.00,12.00,12.00,12.00,1.36,^,3.96,,14.80,12.30,504,0.00,43.9,1,0,0.00,0.00,0.00,12.00,0.07,1.00,0,0,0.00,0
2026-04-26 18:04:29,108.99,1,0,0,0,0,0,0,0.17,0,1.00,4.64,2.28,3.70,1.00,D,0.00,12.00,12.00,12.00,1.58,^,9.99,,16.40,12.30,504,0.00,44.4,1,0,0.00,0.00,0.00,12.00,0.17,1.00,0,0,0.00,0
2026-04-26 18:04:30,110.00,1,0,0,0,0,0,0,0.09,0,1.00,4.64,2.29,3.70,1.00,D,0.00,12.00,12.00,12.00,1.52,^,5.62,,15.30,12.30,504,0.00,45.5,1,0,0.00,0.00,0.00,12.00,0.09,1.00,0,0,0.00,0
2026-04-26 18:04:31,111.01,1,0,0,0,0,0,0,0.12,0,1.00,4.64,2.30,3.70,1.00,D,0.00,12.00,12.00,12.00,1.49,^,7.00,,12.70,12.20,504,0.00,43.3,1,0,0.00,0.00,0.00,12.00,0.12,1.00,0,0,0.00,0
2026-04-26 18:04:32,112.02,1,0,0,0,0,0,0,0.11,0,1.00,4.64,2.32,3.71,1.00,D,0.00,12.00,12.00,12.00,1.40,^,6.50,,13.30,12.20,504,0.00,46.1,1,0,0.00,0.00,0.00,12.00,0.11,1.00,0,0,0.00,0
2026-04-26 18:04:33,113.03,1,0,0,0,0,0,0,0.16,0,1.00,4.64,2.33,3.76,1.00,D,0.00,12.00,2.78,12.00,1.29,^,9.73,,14.20,12.20,504,0.00,46.1,1,0,0.00,0.00,0.00,12.00,0.16,1.00,0,0,0.00,0
2026-04-26 18:04:34,114.05,1,0,0,0,0,0,0,0.05,0,1.00,4.64,2.34,3.53,1.00,D,0.00,12.00,2.17,12.00,1.17,^,3.12,,14.50,12.10,504,0.00,43.9,1,0,0.00,0.00,0.00,12.00,0.05,1.00,0,0,0.00,0
2026-04-26 18:04:35,115.06,1,0,0,0,0,0,0,0.17,0,1.00,4.64,2.35,3.72,1.00,D,0.00,12.00,1.65,12.00,1.09,^,10.41,,16.60,12.20,504,0.00,45.5,1,0,0.00,0.00,0.00,12.00,0.17,1.00,0,0,0.00,0
2026-04-26 18:04:36,116.08,1,0,0,0,0,0,0,0.12,0,1.00,4.64,2.36,3.71,1.00,D,0.00,12.00,12.00,12.00,1.12,^,6.90,,15.90,12.10,504,0.00,43.9,1,0,0.00,0.00,0.00,12.00,0.12,1.00,0,0,0.00,0
2026-04-26 18:04:37,117.09,1,0,0,0,0,0,0,0.12,0,1.00,4.64,2.37,3.62,1.00,D,0.00,12.00,12.00,12.00,1.15,^,7.01,,16.00,12.10,504,0.00,45.0,1,0,0.00,0.00,0.00,12.00,0.12,1.00,0,0,0.00,0
2026-04-26 18:04:38,118.20,1,0,0,0,0,0,0,-0.33,0,0.85,4.64,2.38,3.17,0.89,D,0.00,12.00,12.00,12.00,1.21,^,-19.50,,13.90,12.20,504,0.00,45.5,1,0,0.00,0.00,0.00,12.00,-0.33,1.00,0,0,0.00,0
2026-04-26 18:04:39,119.10,1,0,0,0,0,0,0,0.62,0,0.85,4.64,2.39,3.16,0.91,D,0.00,12.00,4.39,12.00,0.87,^,37.41,,15.40,12.20,504,0.00,46.1,1,0,0.00,0.00,0.00,12.00,0.62,1.00,0,0,0.00,0
2026-04-26 18:04:40,120.10,1,0,0,0,0,0,0,0.00,0,1.00,4.64,2.40,3.33,1.00,D,0.00,12.00,2.21,12.00,0.77,^,0.00,,13.40,12.20,504,0.00,45.5,1,0,0.00,0.00,0.00,12.00,0.00,1.00,0,0,0.00,0
2026-04-26 18:04:41,121.11,1,0,0,0,0,0,0,0.06,0,1.00,4.64,2.41,3.75,0.99,D,0.00,12.00,1.55,12.00,1.02,^,3.71,,14.20,12.20,504,0.00,46.1,1,0,0.00,0.00,0.00,12.00,0.06,1.00,0,0,0.00,0
2026-04-26 18:04:42,122.13,1,0,0,0,0,0,0,0.46,0,0.85,4.64,2.42,3.76,0.93,D,0.00,12.00,12.00,12.00,1.19,^,27.61,,15.30,12.20,504,0.00,45.0,1,0,0.00,0.00,0.00,12.00,0.46,1.00,0,0,0.00,0
2026-04-26 18:04:43,123.14,1,0,0,0,0,0,0,0.39,0,0.85,4.64,2.42,3.00,0.85,D,0.00,12.00,12.00,12.00,1.06,^,23.48,,14.50,12.10,504,0.00,45.0,1,0,0.00,0.00,0.00,12.00,0.39,1.00,0,0,0.00,0
2026-04-26 18:04:44,124.15,0,0,0,0,0,0,0,1.00,0,1.00,4.64,2.43,1.96,0.26,D,0.00,12.00,12.00,12.00,1.43,^,0.00,,17.60,12.20,504,0.00,46.6,1,0,0.00,0.00,0.00,12.00,0.00,0.00,0,0,0.00,0
2026-04-26 18:04:45,125.17,0,0,0,0,0,0,0,1.00,0,1.00,4.64,2.42,1.27,0.77,D,0.00,12.00,12.00,12.00,1.62,^,0.00,,13.10,12.20,504,0.00,46.1,1,0,0.00,0.00,0.00,12.00,0.00,0.00,0,0,0.00,0
2026-04-26 18:04:46,126.18,0,0,0,0,0,0,0,0.44,0,0.38,4.64,2.42,2.45,0.67,D,0.00,12.00,12.00,12.00,1.50,^,0.00,,13.00,12.20,504,0.00,45.0,1,0,0.00,0.00,0.00,12.00,0.00,0.00,0,0,0.00,0
2026-04-26 18:04:47,127.19,0,0,0,0,0,0,0,0.00,0,0.24,4.64,2.42,2.57,0.72,D,0.00,12.00,12.00,3.21,1.55,^,0.00,,14.30,12.20,504,0.00,46.1,1,0,0.00,0.00,0.00,12.00,0.00,0.00,0,0,0.00,0
2026-04-26 18:04:48,128.19,0,0,0,0,0,0,0,0.00,0,0.54,4.64,2.42,2.54,0.53,D,0.00,12.00,12.00,3.15,1.61,^,0.00,,13.40,12.20,504,0.00,46.1,1,0,0.00,0.00,0.00,12.00,0.00,0.00,0,0,0.00,0
2026-04-26 18:04:49,129.20,0,0,0,0,0,0,0,0.33,0,0.56,4.64,2.42,2.69,0.43,D,0.00,12.00,12.00,12.00,1.63,^,0.00,,14.00,12.20,504,0.00,46.6,1,0,0.00,0.00,0.00,12.00,0.00,0.00,0,0,0.00,0
2026-04-26 18:04:50,130.21,0,0,0,0,0,0,0,0.00,0,1.00,4.64,2.42,2.75,0.94,D,0.00,12.00,12.00,12.00,1.44,^,0.00,,16.10,12.10,504,0.00,46.6,1,0,0.00,0.00,0.00,12.00,0.00,0.00,0,0,0.00,0
2026-04-26 18:04:51,131.22,0,0,0,0,0,0,0,-0.35,0,0.34,4.64,2.43,3.11,0.95,D,0.00,12.00,12.00,4.68,1.61,^,0.00,,15.30,12.20,504,0.00,46.1,1,0,0.00,0.00,0.00,12.00,0.00,0.00,0,0,0.00,0
2026-04-26 18:04:52,132.24,0,0,0,0,0,0,0,0.00,0,1.00,4.64,2.43,4.02,1.00,D,0.00,12.00,12.00,12.00,1.95,^,0.00,,16.40,12.20,504,0.00,46.1,1,0,0.00,0.00,0.00,12.00,0.00,0.00,0,0,0.00,0
2026-04-26 18:04:53,133.25,0,0,0,0,0,0,0,0.00,0,1.00,4.64,2.45,4.26,1.00,D,0.00,12.00,12.00,12.00,12.00,^,0.00,,15.70,12.20,504,0.00,46.6,1,0,0.00,0.00,0.00,12.00,0.00,0.00,0,0,0.00,0
2026-04-26 18:04:54,134.26,0,0,0,0,0,0,0,0.00,0,1.00,4.64,2.46,4.19,1.00,D,0.00,12.00,12.00,1.30,1.55,^,0.00,,13.60,12.10,504,0.00,45.5,1,0,0.00,0.00,0.00,12.00,0.00,0.00,0,0,0.00,0
2026-04-26 18:04:55,135.28,0,0,0,0,0,0,0,0.00,0,1.00,4.64,2.48,4.37,1.00,D,0.00,12.00,12.00,1.95,1.33,^,0.00,,16.40,12.20,504,0.00,45.5,1,0,0.00,0.00,0.00,12.00,0.00,0.00,0,0,0.00,0
2026-04-26 18:04:56,136.29,0,0,0,0,0,0,0,0.00,0,1.00,4.64,2.49,4.35,1.00,D,0.00,12.00,12.00,2.01,12.00,^,0.00,,17.90,12.20,504,0.00,46.6,1,0,0.00,0.00,0.00,12.00,0.00,0.00,0,0,0.00,0
2026-04-26 18:04:57,137.29,0,0,0,0,0,0,0,-1.00,0,1.00,4.64,2.50,3.87,1.00,D,0.00,12.00,12.00,12.00,2.49,^,0.00,,17.00,12.20,504,0.00,45.0,1,0,0.00,0.00,0.00,12.00,0.00,0.00,0,0,0.00,0
2026-04-26 18:04:58,138.31,1,0,0,0,0,0,0,0.19,0,1.00,4.64,2.50,2.25,0.61,D,0.00,12.00,2.68,12.00,12.00,^,11.12,,15.80,12.20,504,0.00,46.1,1,0,0.00,0.00,0.00,12.00,0.19,1.00,0,0,0.00,0
2026-04-26 18:04:59,139.32,1,0,0,0,0,0,0,0.06,0,1.00,4.64,2.50,2.85,1.00,D,0.00,12.00,2.39,12.00,12.00,^,3.44,,14.00,12.20,504,0.00,45.5,1,0,0.00,0.00,0.00,12.00,0.06,1.00,0,0,0.00,0
2026-04-26 18:05:00,140.33,1,0,0,0,0,0,0,0.15,0,1.00,4.64,2.51,3.74,1.00,D,0.00,4.28,1.68,12.00,12.00,^,8.90,,14.00,12.10,504,0.00,45.0,1,0,0.00,0.00,0.00,4.28,0.15,1.00,0,0,0.00,0
2026-04-26 18:05:01,141.34,1,0,0,0,0,0,0,0.11,0,1.00,4.64,2.51,3.76,1.00,D,0.00,2.75,12.00,12.00,1.97,^,6.30,,13.40,12.20,504,0.00,46.6,1,0,0.00,0.00,0.00,2.75,0.11,1.00,0,0,0.00,0
2026-04-26 18:05:02,142.36,1,0,0,0,0,0,0,0.43,0,0.85,4.64,2.52,2.95,0.72,D,0.00,12.00,12.00,1.33,12.00,^,25.85,,14.50,12.20,504,0.00,46.6,1,0,0.00,0.00,0.00,12.00,0.43,1.00,0,0,0.00,0
2026-04-26 18:05:03,143.37,1,0,0,0,0,0,0,0.54,0,0.85,4.64,2.52,2.63,0.85,D,0.00,12.00,12.00,0.93,12.00,^,32.67,,12.60,12.10,504,0.00,47.2,1,0,0.00,0.00,0.00,12.00,0.54,1.00,0,0,0.00,0
2026-04-26 18:05:04,144.38,1,0,0,0,0,0,0,0.33,0,0.85,4.64,2.52,2.76,0.85,D,0.00,12.00,12.00,12.00,0.90,^,19.87,,16.90,12.20,504,0.00,46.6,1,0,0.00,0.00,0.00,12.00,0.33,1.00,0,0,0.00,0
2026-04-26 18:05:05,145.40,1,0,0,0,0,0,0,0.40,0,0.85,4.64,2.53,3.04,0.85,D,0.00,12.00,12.00,12.00,0.93,^,23.78,,16.30,12.20,504,0.00,45.5,1,0,0.00,0.00,0.00,12.00,0.40,1.00,0,0,0.00,0
2026-04-26 18:05:06,146.51,0,0,0,0,0,0,0,1.00,0,1.00,4.64,2.53,2.69,0.20,D,0.00,12.00,12.00,12.00,1.60,^,0.00,,17.50,12.20,504,0.00,46.1,1,0,0.00,0.00,0.00,12.00,0.00,0.00,0,0,0.00,0
2026-04-26 18:05:07,147.41,0,0,0,0,0,0,0,0.69,0,1.00,4.64,2.53,1.62,0.70,D,0.00,12.00,12.00,12.00,1.88,^,0.00,,17.30,12.20,504,0.00,46.6,1,0,0.00,0.00,0.00,12.00,0.00,0.00,0,0,0.00,0
2026-04-26 18:05:08,148.43,0,0,0,0,0,0,0,0.00,0,0.00,4.64,2.53,3.50,0.81,D,0.00,12.00,12.00,2.12,12.00,^,0.00,,17.30,12.20,504,0.00,46.1,1,0,0.00,0.00,0.00,12.00,0.00,0.00,0,0,0.00,0
2026-04-26 18:05:09,149.54,0,0,0,0,0,0,0,0.20,0,0.92,4.64,2.53,3.34,0.92,D,0.00,12.00,12.00,12.00,2.46,^,0.00,,17.10,12.20,504,0.00,45.5,1,0,0.00,0.00,0.00,12.00,0.00,0.00,0,0,0.00,0
2026-04-26 18:05:10,150.45,0,0,0,0,0,0,0,0.00,0,1.00,4.64,2.54,3.75,1.00,D,0.00,12.00,12.00,12.00,12.00,^,0.00,,19.20,12.10,504,0.00,46.1,1,0,0.00,0.00,0.00,12.00,0.00,0.00,0,0,0.00,0
2026-04-26 18:05:11,151.45,0,0,0,0,0,0,0,0.44,0,1.00,4.64,2.55,4.06,1.00,D,0.00,12.00,12.00,12.00,12.00,^,0.00,,18.90,12.10,504,0.00,45.5,1,0,0.00,0.00,0.00,12.00,0.00,0.00,0,0,0.00,0
2026-04-26 18:05:12,152.56,0,0,0,0,0,0,0,0.59,0,1.00,4.64,2.56,2.69,0.90,D,0.00,12.00,12.00,3.09,0.93,^,0.00,,17.20,12.20,504,0.00,45.5,1,0,0.00,0.00,0.00,12.00,0.00,0.00,0,0,0.00,0
2026-04-26 18:05:13,153.47,0,0,0,0,0,0,0,0.00,0,0.00,4.64,2.56,3.40,0.82,D,0.00,1.96,2.01,12.00,12.00,WARN_WARNING,0.00,,18.40,12.20,504,0.00,44.4,1,0,0.00,0.00,0.00,1.96,0.00,0.00,0,0,0.00,0
2026-04-26 18:05:14,154.58,1,0,0,0,0,0,0,0.42,0,0.50,4.64,2.56,2.67,0.86,D,0.00,1.11,1.00,12.00,1.61,WARN_WARNING,25.33,lidar_override,18.00,12.10,504,0.00,45.5,1,0,0.00,0.00,0.00,1.11,0.09,1.00,0,0,0.00,0
2026-04-26 18:05:15,155.48,1,0,0,0,0,0,0,0.20,0,1.00,4.64,2.56,3.38,1.00,D,0.00,12.00,12.00,12.00,0.87,^,12.25,,15.50,12.10,504,0.00,45.0,1,0,0.00,0.00,0.00,12.00,0.20,1.00,0,0,0.00,0
2026-04-26 18:05:16,156.60,1,0,0,0,0,0,0,0.07,0,1.00,4.64,2.57,3.40,1.00,D,0.00,12.00,12.00,12.00,1.42,^,4.02,,16.00,12.20,504,0.00,45.5,1,0,0.00,0.00,0.00,12.00,0.07,1.00,0,0,0.00,0
2026-04-26 18:05:17,157.50,1,0,0,0,0,0,0,0.31,0,0.85,4.64,2.58,3.68,0.96,D,0.00,12.00,12.00,12.00,1.63,^,18.61,,15.60,12.20,504,0.00,44.4,1,0,0.00,0.00,0.00,12.00,0.31,1.00,0,0,0.00,0
2026-04-26 18:05:18,158.52,1,0,0,0,0,0,0,0.59,0,0.85,4.64,2.58,3.63,0.85,D,0.00,3.10,4.38,12.00,2.30,^,35.53,,16.10,12.20,504,0.00,46.1,1,0,0.00,0.00,0.00,3.10,0.59,1.00,0,0,0.00,0
2026-04-26 18:05:19,159.53,1,0,0,0,0,0,0,-0.04,0,1.00,4.64,2.59,3.44,1.00,D,0.00,12.00,2.23,12.00,12.00,^,-2.15,,16.50,12.20,504,0.00,45.5,1,0,0.00,0.00,0.00,12.00,-0.04,1.00,0,0,0.00,0
2026-04-26 18:05:20,160.64,1,0,0,0,0,0,0,-0.03,0,1.00,4.64,2.59,3.65,0.99,D,0.00,12.00,1.57,12.00,12.00,^,-1.84,,16.00,12.20,504,0.00,45.5,1,0,0.00,0.00,0.00,12.00,-0.03,1.00,0,0,0.00,0
2026-04-26 18:05:21,161.55,1,0,0,0,0,0,0,0.45,0,0.85,4.64,2.60,3.56,0.88,D,0.00,12.00,12.00,12.00,1.88,^,26.78,,15.60,12.20,504,0.00,45.0,1,0,0.00,0.00,0.00,12.00,0.45,1.00,0,0,0.00,0
2026-04-26 18:05:22,162.55,1,0,0,0,0,0,0,0.20,0,1.00,4.64,2.60,2.96,0.97,D,0.00,12.00,12.00,12.00,2.31,^,12.29,,17.10,12.20,504,0.00,45.5,1,0,0.00,0.00,0.00,12.00,0.20,1.00,0,0,0.00,0
2026-04-26 18:05:23,163.56,0,0,0,0,0,0,0,1.00,0,1.00,4.64,2.61,1.80,0.35,D,0.00,12.00,12.00,12.00,2.44,^,0.00,,15.40,12.20,504,0.00,44.4,1,0,0.00,0.00,0.00,12.00,0.00,0.00,0,0,0.00,0
2026-04-26 18:05:24,164.67,0,0,0,0,0,0,0,0.91,0,0.37,4.64,2.60,1.54,0.80,D,0.00,12.00,12.00,2.52,2.82,^,0.00,,14.80,12.20,504,0.00,45.5,1,0,0.00,0.00,0.00,12.00,0.00,0.00,0,0,0.00,0
2026-04-26 18:05:25,165.58,0,0,0,0,0,0,0,0.47,0,0.00,4.64,2.60,2.57,0.72,D,0.00,12.00,12.00,2.04,3.49,^,0.00,,14.40,12.20,504,0.00,44.4,1,0,0.00,0.00,0.00,12.00,0.00,0.00,0,0,0.00,0
2026-04-26 18:05:26,166.59,0,0,0,0,0,0,0,0.57,0,0.16,4.64,2.60,2.70,0.37,D,0.00,1.53,12.00,12.00,12.00,^,0.00,,13.50,12.20,504,0.00,45.0,1,0,0.00,0.00,0.00,1.53,0.00,0.00,0,0,0.00,0
2026-04-26 18:05:27,167.60,0,0,0,0,0,0,0,1.00,0,1.00,4.64,2.60,2.23,0.79,D,0.00,1.39,1.47,12.00,0.85,^,0.00,,16.30,12.20,504,0.00,46.1,1,0,0.00,0.00,0.00,1.39,0.00,0.00,0,0,0.00,0
2026-04-26 18:05:28,168.61,0,0,0,0,0,0,0,0.00,0,1.00,4.64,2.58,0.37,1.00,D,0.00,12.00,1.54,12.00,1.09,^,0.00,,13.30,12.20,504,0.00,45.5,1,0,0.00,0.00,0.00,12.00,0.00,0.00,0,0,0.00,0
2026-04-26 18:05:29,169.63,0,0,0,0,0,0,0,-0.45,0,1.00,4.64,2.57,0.47,1.00,D,0.00,12.00,1.56,12.00,1.08,^,0.00,,13.90,12.20,504,0.00,46.1,1,0,0.00,0.00,0.00,12.00,0.00,0.00,0,0,0.00,0
2026-04-26 18:05:30,170.64,0,0,0,0,0,0,0,0.00,0,0.00,4.64,2.56,1.86,0.78,D,0.00,12.00,2.18,12.00,1.36,^,0.00,,15.50,12.20,504,0.00,45.5,1,0,0.00,0.00,0.00,12.00,0.00,0.00,0,0,0.00,0
2026-04-26 18:05:31,171.66,0,0,0,0,0,0,0,0.55,0,0.47,4.64,2.56,2.19,0.72,D,0.00,12.00,1.84,12.00,1.34,^,0.00,,17.70,12.20,504,0.00,45.5,1,0,0.00,0.00,0.00,12.00,0.00,0.00,0,0,0.00,0
2026-04-26 18:05:32,172.67,0,0,0,0,0,0,0,0.00,0,0.00,4.64,2.56,1.89,0.45,D,0.00,12.00,12.00,12.00,1.75,^,0.00,,15.70,12.20,504,0.00,44.4,1,0,0.00,0.00,0.00,12.00,0.00,0.00,0,0,0.00,0
2026-04-26 18:05:33,173.68,0,0,0,0,0,0,0,0.00,0,1.00,4.64,2.55,0.24,0.39,D,0.00,12.00,12.00,12.00,1.64,^,0.00,,16.20,12.20,504,0.01,45.5,1,0,0.00,0.00,0.00,12.00,0.00,0.00,0,0,0.00,0
2026-04-26 18:05:35,174.79,0,0,0,0,0,0,0,0.39,0,0.00,4.64,2.53,1.03,0.74,D,0.00,12.00,12.00,12.00,1.25,^,0.00,,14.80,12.20,504,0.00,45.5,1,0,0.00,0.00,0.00,12.00,0.00,0.00,0,0,0.00,0
2026-04-26 18:05:36,175.70,0,0,0,0,0,0,0,-0.32,0,1.00,4.64,2.53,1.29,0.68,D,0.00,12.00,12.00,12.00,1.33,^,0.00,,15.80,12.20,504,0.00,45.0,1,0,0.00,0.00,0.00,12.00,0.00,0.00,0,0,0.00,0
2026-04-26 18:05:37,176.71,1,0,0,0,0,0,0,-0.04,0,1.00,4.64,2.52,2.41,1.00,D,0.00,12.00,12.00,12.00,1.43,^,-2.63,,16.70,12.20,504,0.00,46.1,1,0,0.00,0.00,0.00,12.00,-0.04,1.00,0,0,0.00,0
2026-04-26 18:05:38,177.72,1,0,0,0,0,0,0,0.20,0,1.00,4.64,2.53,3.73,1.00,D,0.00,12.00,12.00,12.00,1.82,^,11.80,,15.20,12.20,504,0.00,44.4,1,0,0.00,0.00,0.00,12.00,0.20,1.00,0,0,0.00,0
2026-04-26 18:05:39,178.83,1,0,0,0,0,0,0,0.07,0,1.00,4.64,2.53,3.79,1.00,D,0.00,12.00,12.00,12.00,1.93,^,4.09,,15.40,12.20,504,0.00,46.6,1,0,0.00,0.00,0.00,12.00,0.07,1.00,0,0,0.00,0
2026-04-26 18:05:40,179.73,1,0,0,0,0,0,0,0.00,0,1.00,4.64,2.54,3.72,1.00,D,0.00,12.00,12.00,12.00,1.77,^,0.15,,16.60,12.20,504,0.00,45.0,1,0,0.00,0.00,0.00,12.00,0.00,1.00,0,0,0.00,0
2026-04-26 18:05:41,180.75,1,0,0,0,0,0,0,0.11,0,1.00,4.64,2.55,3.69,1.00,D,0.00,12.00,12.00,12.00,1.62,^,6.49,,16.40,12.20,504,0.00,46.1,1,0,0.00,0.00,0.00,12.00,0.11,1.00,0,0,0.00,0
2026-04-26 18:05:42,181.75,1,0,0,0,0,0,0,0.07,0,1.00,4.64,2.55,3.69,1.00,D,0.00,12.00,12.00,12.00,1.51,^,4.13,,16.00,12.20,504,0.00,45.0,1,0,0.00,0.00,0.00,12.00,0.07,1.00,0,0,0.00,0
2026-04-26 18:05:43,182.77,1,0,0,0,0,0,0,0.06,0,1.00,4.64,2.56,3.71,1.00,D,0.00,12.00,12.00,12.00,1.43,^,3.40,,16.40,12.20,504,0.00,45.0,1,0,0.00,0.00,0.00,12.00,0.06,1.00,0,0,0.00,0
2026-04-26 18:05:44,183.78,1,0,0,0,0,0,0,0.18,0,1.00,4.64,2.57,3.73,1.00,D,0.00,12.00,3.22,12.00,1.36,^,11.01,,17.20,12.20,504,0.00,45.5,1,0,0.00,0.00,0.00,12.00,0.18,1.00,0,0,0.00,0
2026-04-26 18:05:45,184.89,1,0,0,0,0,0,0,-0.14,0,1.00,4.64,2.57,3.30,1.00,D,0.00,12.00,0.84,12.00,0.85,^,-8.48,,16.90,12.20,504,0.00,45.5,1,0,0.00,0.00,0.00,12.00,-0.14,1.00,0,0,0.00,0
2026-04-26 18:05:46,185.80,1,0,0,0,0,0,0,0.31,0,0.85,4.64,2.58,3.67,0.99,D,0.00,12.00,0.88,12.00,0.96,^,18.66,,17.30,12.20,504,0.00,44.4,1,0,0.00,0.00,0.00,12.00,0.31,1.00,0,0,0.00,0
2026-04-26 18:05:47,186.91,1,0,0,0,0,0,0,0.14,0,1.00,4.64,2.58,3.36,1.00,D,0.00,12.00,2.14,12.00,1.40,^,8.47,,15.90,12.20,504,0.00,46.1,1,0,0.00,0.00,0.00,12.00,0.14,1.00,0,0,0.00,0
2026-04-26 18:05:48,187.82,1,0,0,0,0,0,0,-0.52,0,0.85,4.64,2.59,3.63,0.85,D,0.00,12.00,12.00,12.00,1.34,^,-31.24,,15.40,12.20,504,0.00,45.0,1,0,0.00,0.00,0.00,12.00,-0.52,1.00,0,0,0.00,0
2026-04-26 18:05:49,188.83,1,0,0,0,0,0,0,0.15,0,1.00,4.64,2.59,3.30,1.00,D,0.00,12.00,12.00,12.00,1.25,^,9.11,,17.00,12.20,504,0.00,46.1,1,0,0.00,0.00,0.00,12.00,0.15,1.00,0,0,0.00,0
2026-04-26 18:05:50,189.84,1,0,0,0,0,0,0,0.04,0,1.00,4.64,2.59,3.44,0.89,D,0.00,12.00,12.00,12.00,1.28,^,2.54,,15.60,12.20,504,0.00,45.5,1,0,0.00,0.00,0.00,12.00,0.04,1.00,0,0,0.00,0
2026-04-26 18:05:51,190.85,1,0,0,0,0,0,0,0.41,0,0.85,4.64,2.60,3.21,0.88,D,0.00,12.00,12.00,12.00,1.28,^,24.81,,16.10,12.20,504,0.00,46.1,1,0,0.00,0.00,0.00,12.00,0.41,1.00,0,0,0.00,0
2026-04-26 18:05:52,191.87,1,0,0,0,0,0,0,0.04,0,1.00,4.64,2.60,2.79,1.00,D,0.00,12.00,12.00,12.00,1.06,^,2.19,,16.70,12.20,504,0.00,45.5,1,0,0.00,0.00,0.00,12.00,0.04,1.00,0,0,0.00,0
2026-04-26 18:05:53,192.98,1,0,0,0,0,0,0,-0.01,0,1.00,4.64,2.60,3.58,1.00,D,0.00,12.00,12.00,12.00,0.96,^,-0.61,,15.30,12.20,504,0.00,44.4,1,0,0.00,0.00,0.00,12.00,-0.01,1.00,0,0,0.00,0
2026-04-26 18:05:54,193.88,1,0,0,0,0,0,0,-0.07,0,1.00,4.64,2.61,3.48,1.00,D,0.00,12.00,12.00,12.00,1.30,^,-4.07,,18.30,12.20,504,0.00,44.4,1,0,0.00,0.00,0.00,12.00,-0.07,1.00,0,0,0.00,0
2026-04-26 18:05:55,194.89,1,0,0,0,0,0,0,0.09,0,1.00,4.64,2.61,3.05,0.98,D,0.00,12.00,2.61,12.00,1.50,^,5.25,,15.90,12.20,504,0.00,46.1,1,0,0.00,0.00,0.00,12.00,0.09,1.00,0,0,0.00,0
2026-04-26 18:05:56,196.00,1,0,0,0,0,0,0,0.11,0,1.00,4.64,2.61,3.60,1.00,D,0.00,2.40,2.02,12.00,1.39,^,6.50,,13.70,12.20,504,0.00,45.0,1,0,0.00,0.00,0.00,2.40,0.11,1.00,0,0,0.00,0
2026-04-26 18:05:57,196.91,1,0,0,0,0,0,0,0.50,0,0.85,4.64,2.62,2.40,0.85,D,0.00,12.00,1.30,12.00,1.37,^,30.09,,15.60,12.20,504,0.00,44.4,1,0,0.00,0.00,0.00,12.00,0.50,1.00,0,0,0.00,0
2026-04-26 18:05:58,197.92,1,0,0,0,0,0,0,-0.10,0,1.00,4.64,2.62,2.63,0.99,D,0.00,2.83,12.00,12.00,1.13,^,-5.86,,13.40,12.20,504,0.00,45.5,1,0,0.00,0.00,0.00,2.83,-0.10,1.00,0,0,0.00,0
2026-04-26 18:05:59,199.03,1,0,0,0,0,0,0,-0.42,0,0.50,4.64,2.62,3.18,0.93,D,0.00,1.55,12.00,12.00,1.48,WARN_WARNING,-25.33,lidar_override,13.90,12.20,504,0.00,45.5,1,0,0.00,0.00,0.00,1.55,0.12,1.00,0,0,0.00,0
2026-04-26 18:06:00,199.93,1,0,0,0,0,0,0,0.31,0,0.85,4.64,2.62,2.72,0.85,D,0.00,12.00,12.00,0.84,1.46,^,18.68,,14.40,12.20,504,0.00,45.5,1,0,0.00,0.00,0.00,12.00,0.31,1.00,0,0,0.00,0
2026-04-26 18:06:01,200.94,1,0,0,0,0,0,0,-0.42,0,0.50,4.64,2.62,3.06,0.79,D,0.00,1.57,12.00,1.62,0.90,WARN_WARNING,-25.33,lidar_override,13.80,12.20,504,0.00,45.5,1,0,0.00,0.00,0.00,1.57,0.25,1.00,0,0,0.00,0
2026-04-26 18:06:02,201.96,1,0,0,0,0,0,0,0.28,0,0.85,4.64,2.62,2.56,0.85,D,0.00,12.00,12.00,0.86,1.42,^,16.51,,13.90,12.20,504,0.00,45.0,1,0,0.00,0.00,0.00,12.00,0.28,1.00,0,0,0.00,0
2026-04-26 18:06:03,202.97,1,0,0,0,0,0,0,0.28,0,0.85,4.64,2.62,3.34,0.99,D,0.00,12.00,12.00,12.00,0.69,^,16.57,,14.70,12.20,504,0.00,47.2,1,0,0.00,0.00,0.00,12.00,0.28,1.00,0,0,0.00,0
2026-04-26 18:06:04,203.98,1,0,0,0,0,0,0,0.23,0,1.00,4.64,2.63,3.30,0.87,D,0.00,12.00,12.00,12.00,1.58,^,13.82,,14.60,12.20,504,0.00,47.2,1,0,0.00,0.00,0.00,12.00,0.23,1.00,0,0,0.00,0
2026-04-26 18:06:05,205.00,0,0,0,0,0,0,0,0.00,0,0.00,4.64,2.63,2.06,0.00,D,0.00,1.16,12.00,1.07,1.60,WARN_WARNING,0.00,,15.10,12.20,504,0.00,46.1,1,0,0.00,0.00,0.00,1.16,0.00,0.00,0,0,0.00,0
2026-04-26 18:06:06,206.01,0,0,0,1,0,0,0,-0.17,0,0.00,4.64,2.62,0.00,-0.00,R,0.00,12.00,12.00,12.00,1.58,^,0.00,,16.80,12.20,504,0.01,45.0,1,0,0.00,0.00,0.00,12.00,0.00,0.00,0,0,0.00,0
2026-04-26 18:06:07,207.02,0,0,1,0,0,0,0,0.00,0,0.00,4.64,2.61,0.00,0.00,D,0.00,12.00,12.00,12.00,1.54,^,0.00,,14.10,12.20,504,0.32,46.6,1,0,0.00,0.00,0.00,12.00,0.00,0.00,0,0,0.00,0
2026-04-26 18:06:08,208.03,0,0,0,1,0,0,0,0.00,0,0.00,4.64,2.60,0.00,0.00,N,0.00,12.00,12.00,12.00,1.53,^,0.00,,13.80,12.20,504,1.33,45.5,1,0,0.00,0.00,0.00,12.00,0.00,0.00,0,0,0.00,0
2026-04-26 18:06:09,209.03,0,0,1,0,0,0,0,0.00,0,1.00,4.64,2.58,0.00,0.22,D,0.00,12.00,12.00,12.00,1.54,^,0.00,,14.80,12.20,504,2.33,44.4,1,0,0.00,0.00,0.00,12.00,0.00,0.00,0,0,0.00,0
2026-04-26 18:06:10,210.04,0,0,0,1,0,0,0,0.00,0,0.00,4.64,2.57,0.00,0.00,N,0.00,12.00,12.00,12.00,1.53,^,0.00,,14.30,12.20,504,0.01,45.0,1,0,0.00,0.00,0.00,12.00,0.00,0.00,0,0,0.00,0
2026-04-26 18:06:11,211.15,0,0,0,1,0,0,0,0.00,0,1.00,4.64,2.56,0.02,-0.39,R,0.00,12.00,12.00,12.00,1.53,^,0.00,,14.00,12.20,504,0.02,46.6,1,0,0.00,0.00,0.00,12.00,0.00,0.00,0,0,0.00,0
2026-04-26 18:06:12,212.06,0,0,0,0,0,0,0,-0.28,0,1.00,4.64,2.55,1.04,-0.90,R,0.00,12.00,12.00,12.00,1.42,^,0.00,,15.60,12.20,504,0.00,45.5,1,0,0.00,0.00,0.00,12.00,0.00,0.00,0,0,0.00,0
2026-04-26 18:06:13,213.17,0,0,0,0,0,0,0,0.82,0,1.00,4.64,2.55,1.42,-0.75,R,0.00,12.00,12.00,12.00,1.28,^,0.00,,15.10,12.20,504,0.00,46.6,1,0,0.00,0.00,0.00,12.00,0.00,0.00,0,0,0.00,0
2026-04-26 18:06:14,214.08,0,0,0,0,0,0,0,0.00,0,0.00,4.64,2.55,3.35,-0.77,R,0.00,12.00,12.00,12.00,1.30,^,0.00,,15.90,12.20,504,0.00,46.1,1,0,0.00,0.00,0.00,12.00,0.00,0.00,0,0,0.00,0
2026-04-26 18:06:15,215.09,0,0,0,0,0,0,0,0.00,0,1.00,4.64,2.55,3.06,-0.55,R,0.00,12.00,12.00,12.00,1.07,^,0.00,,16.00,12.20,504,0.00,46.6,1,0,0.00,0.00,0.00,12.00,0.00,0.00,0,0,0.00,0
2026-04-26 18:06:16,216.10,1,0,0,0,0,0,0,0.44,0,0.85,4.64,2.55,2.53,-0.06,D,0.00,12.00,11.94,0.46,0.78,^,26.64,,12.90,12.20,504,0.00,46.6,1,0,0.00,0.00,0.00,12.00,0.44,1.00,0,0,0.00,0
2026-04-26 18:06:17,217.11,1,0,0,0,0,0,0,0.61,0,0.85,4.64,2.55,1.00,0.44,D,0.00,12.00,1.05,0.97,1.38,^,36.82,,15.00,12.20,504,0.00,47.7,1,0,0.00,0.00,0.00,12.00,0.61,1.00,0,0,0.00,0
2026-04-26 18:06:18,218.12,1,0,0,0,0,0,0,0.08,0,1.00,4.64,2.54,1.56,0.89,D,0.00,12.00,0.97,0.89,1.53,^,4.94,,12.70,12.20,504,0.00,45.5,1,0,0.00,0.00,0.00,12.00,0.08,1.00,0,0,0.00,0
2026-04-26 18:06:19,219.13,1,0,0,0,0,0,0,0.11,0,1.00,4.64,2.54,2.51,0.93,D,0.00,12.00,12.00,0.53,0.44,^,6.58,,12.80,12.20,504,0.00,47.2,1,0,0.00,0.00,0.00,12.00,0.11,1.00,0,0,0.00,0
2026-04-26 18:06:20,220.14,1,0,0,0,0,0,0,0.34,0,0.85,4.64,2.54,3.55,0.88,D,0.00,12.00,12.00,12.00,1.35,^,20.23,,16.50,12.20,504,0.00,46.6,1,0,0.00,0.00,0.00,12.00,0.34,1.00,0,0,0.00,0
2026-04-26 18:06:21,221.15,0,0,0,0,0,0,0,-0.99,0,1.00,4.64,2.54,2.78,0.14,D,0.00,12.00,12.00,12.00,2.52,^,0.00,,15.00,12.20,504,0.00,46.6,1,0,0.00,0.00,0.00,12.00,0.00,0.00,0,0,0.00,0
2026-04-26 18:06:22,222.17,0,0,0,0,0,0,0,0.00,1,0.00,4.64,2.54,0.00,0.00,D,0.00,0.29,12.00,0.15,0.15,STOP_WARNING,0.00,aeb_stop,13.00,12.20,504,0.35,46.1,1,1,0.00,0.00,0.00,0.29,0.00,0.00,0,0,0.00,0
2026-04-26 18:06:23,223.17,0,0,0,0,0,0,0,0.00,1,0.00,4.64,2.53,0.00,0.00,D,0.00,0.21,12.00,0.11,0.11,STOP_WARNING,0.00,aeb_stop,13.20,12.20,504,1.35,45.5,1,1,0.00,0.00,0.00,0.21,0.00,0.00,0,0,0.00,0
2026-04-26 18:06:24,224.18,0,0,0,0,0,0,0,0.00,1,0.00,4.64,2.52,0.00,0.00,D,0.00,0.21,12.00,0.11,0.12,STOP_WARNING,0.00,aeb_stop,12.30,12.20,504,2.37,46.6,1,1,0.00,0.00,0.00,0.21,0.00,0.00,0,0,0.00,0
2026-04-26 18:06:25,225.20,0,0,0,0,0,0,0,0.00,1,0.00,4.64,2.50,0.00,0.00,D,0.00,0.21,0.05,0.11,0.11,STOP_WARNING,0.00,aeb_stop,11.70,12.20,504,0.87,45.5,1,1,0.00,0.00,0.00,0.21,0.00,0.00,0,0,0.00,0
2026-04-26 18:06:26,226.21,0,0,0,0,0,0,0,0.00,1,0.00,4.64,2.49,0.00,0.00,D,0.00,0.54,12.00,0.23,0.05,STOP_WARNING,0.00,aeb_stop,16.00,12.20,504,0.62,46.6,1,1,0.00,0.00,0.00,0.54,0.00,0.00,0,0,0.00,0
2026-04-26 18:06:27,227.22,0,0,0,0,0,0,0,0.00,1,0.00,4.64,2.48,0.00,0.00,D,0.00,12.00,12.00,0.03,0.03,^,0.00,,14.30,12.20,504,0.40,44.4,1,0,0.00,0.00,0.00,12.00,0.00,0.00,0,0,0.00,0
2026-04-26 18:06:28,228.23,0,0,0,0,0,0,0,0.00,1,0.00,4.64,2.47,0.00,0.00,D,0.00,0.11,0.10,0.73,0.46,STOP_WARNING,0.00,aeb_stop,13.10,12.20,504,1.41,45.0,1,1,0.00,0.00,0.00,0.11,0.00,0.00,0,0,0.00,0
2026-04-26 18:06:29,229.34,0,0,0,0,0,0,0,0.00,1,0.00,4.64,2.46,0.00,0.00,D,0.00,0.10,0.11,0.79,0.41,STOP_WARNING,0.00,aeb_stop,15.30,12.20,504,0.01,46.1,1,1,0.00,0.00,0.00,0.10,0.00,0.00,0,0,0.00,0
2026-04-26 18:06:30,230.25,0,0,0,0,0,0,0,0.00,1,0.00,4.64,2.45,0.30,0.00,D,0.00,0.11,0.11,0.80,0.38,STOP_WARNING,0.00,aeb_stop,15.70,12.20,504,0.01,46.1,1,1,0.00,0.00,0.00,0.11,0.00,0.00,0,0,0.00,0
2026-04-26 18:06:31,231.36,0,0,0,0,0,0,0,0.00,1,0.00,4.64,2.44,0.00,0.00,D,0.00,0.11,0.11,0.80,0.14,STOP_WARNING,0.00,aeb_stop,14.30,12.20,504,0.04,45.5,1,1,0.00,0.00,0.00,0.11,0.00,0.00,0,0,0.00,0
2026-04-26 18:06:32,232.26,0,0,0,0,0,0,0,0.00,1,0.00,4.64,2.43,0.00,0.00,D,0.00,0.12,0.12,0.81,0.12,STOP_WARNING,0.00,aeb_stop,16.40,12.20,504,0.21,46.1,1,1,0.00,0.00,0.00,0.12,0.00,0.00,0,0,0.00,0
2026-04-26 18:06:33,233.38,0,0,0,0,0,0,0,0.00,1,0.00,4.64,2.42,0.00,0.00,D,0.00,0.12,0.12,0.76,0.13,STOP_WARNING,0.00,aeb_stop,14.40,12.20,504,0.02,45.5,1,1,0.00,0.00,0.00,0.12,0.00,0.00,0,0,0.00,0
2026-04-26 18:06:34,234.28,0,0,0,0,0,0,0,0.00,1,0.00,4.64,2.41,0.00,0.00,D,0.00,12.00,12.00,0.09,0.08,^,0.00,,13.80,12.20,504,0.67,45.5,1,0,0.00,0.00,0.00,12.00,0.00,0.00,0,0,0.00,0
2026-04-26 18:06:35,235.29,0,0,0,0,0,0,0,0.00,1,0.00,4.64,2.40,0.00,0.00,D,0.00,12.00,12.00,0.76,0.08,^,0.00,,13.80,12.20,504,0.15,46.6,1,0,0.00,0.00,0.00,12.00,0.00,0.00,0,0,0.00,0
2026-04-26 18:06:36,236.30,0,0,0,0,0,0,0,0.00,1,0.00,4.64,2.39,0.00,0.00,D,0.00,12.00,12.00,0.77,0.06,^,0.00,,16.60,12.20,504,1.16,46.1,1,0,0.00,0.00,0.00,12.00,0.00,0.00,0,0,0.00,0
2026-04-26 18:06:37,237.31,0,0,0,0,0,0,0,0.00,1,0.00,4.64,2.38,0.00,0.00,D,0.00,12.00,12.00,0.76,0.09,^,0.00,,14.50,12.20,504,0.28,46.1,1,0,0.00,0.00,0.00,12.00,0.00,0.00,0,0,0.00,0
2026-04-26 18:06:38,238.32,0,0,0,0,0,0,0,0.00,1,0.00,4.64,2.37,0.00,0.00,D,0.00,12.00,12.00,0.74,0.09,^,0.00,,15.90,12.20,504,1.30,46.6,1,0,0.00,0.00,0.00,12.00,0.00,0.00,0,0,0.00,0
2026-04-26 18:06:39,239.44,0,0,0,0,0,0,0,0.00,1,0.00,4.64,2.36,0.00,0.00,D,0.00,12.00,12.00,0.74,0.11,^,0.00,,13.50,12.20,504,2.41,45.0,1,0,0.00,0.00,0.00,12.00,0.00,0.00,0,0,0.00,0
2026-04-26 18:06:40,240.34,0,0,0,0,0,0,0,0.00,1,0.00,4.64,2.35,0.00,0.00,D,0.00,12.00,12.00,0.74,0.09,^,0.00,,14.20,12.20,504,0.64,46.1,1,0,0.00,0.00,0.00,12.00,0.00,0.00,0,0,0.00,0
2026-04-26 18:06:41,241.35,0,0,0,0,0,0,0,-1.00,1,1.00,4.64,2.34,0.00,0.00,D,0.00,12.00,12.00,0.74,0.44,^,0.00,,14.30,12.20,504,0.03,45.5,1,0,0.00,0.00,0.00,12.00,0.00,0.00,0,0,0.00,0
2026-04-26 18:06:42,242.36,0,0,0,0,0,0,0,0.00,1,1.00,4.64,2.33,0.00,0.00,D,0.00,12.00,12.00,0.74,0.66,^,0.00,,14.00,12.20,504,1.04,43.9,1,0,0.00,0.00,0.00,12.00,0.00,0.00,0,0,0.00,0
2026-04-26 18:06:43,243.37,0,0,1,0,0,0,0,-0.84,0,1.00,4.64,2.32,0.01,0.18,D,0.00,12.00,12.00,0.74,0.65,^,0.00,,16.80,12.20,504,0.06,45.0,1,0,0.00,0.00,0.00,12.00,0.00,0.00,0,0,0.00,0
2026-04-26 18:06:44,244.39,0,0,0,0,0,0,0,-0.89,0,1.00,4.64,2.31,0.03,0.69,D,0.00,12.00,12.00,0.74,0.66,^,0.00,,15.30,12.20,504,0.01,43.9,1,0,0.00,0.00,0.00,12.00,0.00,0.00,0,0,0.00,0
2026-04-26 18:06:45,245.40,0,0,0,0,0,0,0,-0.13,0,0.00,4.64,2.30,1.45,0.74,D,0.00,12.00,12.00,0.83,0.72,^,0.00,,15.80,12.20,504,0.00,45.5,1,0,0.00,0.00,0.00,12.00,0.00,0.00,0,0,0.00,0
2026-04-26 18:06:46,246.41,0,0,0,0,0,0,0,0.00,0,0.00,4.64,2.30,0.82,0.82,D,0.00,12.00,12.00,1.24,1.02,^,0.00,,13.40,12.20,504,0.00,46.1,1,0,0.00,0.00,0.00,12.00,0.00,0.00,0,0,0.00,0
2026-04-26 18:06:47,247.42,1,0,0,0,0,0,0,0.23,0,1.00,4.64,2.29,2.25,1.00,D,0.00,12.00,12.00,12.00,1.47,^,13.93,,12.90,12.20,504,0.00,45.5,1,0,0.00,0.00,0.00,12.00,0.23,1.00,0,0,0.00,0
2026-04-26 18:06:48,248.43,1,0,0,0,0,0,0,0.14,0,1.00,4.64,2.30,3.66,1.00,D,0.00,12.00,12.00,12.00,1.85,^,8.50,,13.30,12.20,504,0.00,45.5,1,0,0.00,0.00,0.00,12.00,0.14,1.00,0,0,0.00,0
2026-04-26 18:06:49,249.44,1,0,0,0,0,0,0,0.36,0,0.85,4.64,2.30,3.56,0.85,D,0.00,12.00,2.98,12.00,1.95,^,21.83,,14.20,12.20,504,0.00,47.2,1,0,0.00,0.00,0.00,12.00,0.36,1.00,0,0,0.00,0
2026-04-26 18:06:50,250.45,0,0,0,0,0,0,0,0.00,0,0.00,4.64,2.30,0.00,0.00,D,0.00,12.00,2.84,12.00,1.11,^,0.00,,12.80,12.20,504,0.18,46.6,1,0,0.00,0.00,0.00,12.00,0.00,0.00,0,0,0.00,0
2026-04-26 18:06:51,251.56,0,0,0,0,0,0,0,0.00,0,0.00,4.64,2.29,0.00,0.00,D,0.00,12.00,2.84,12.00,0.27,^,0.00,,14.10,12.20,504,1.29,46.6,1,0,0.00,0.00,0.00,12.00,0.00,0.00,0,0,0.00,0
2026-04-26 18:06:52,252.46,0,0,0,0,0,0,0,0.00,0,0.00,4.64,2.28,0.00,0.00,D,0.00,12.00,2.84,12.00,0.29,^,0.00,,13.70,12.20,504,0.26,44.4,1,0,0.00,0.00,0.00,12.00,0.00,0.00,0,0,0.00,0
2026-04-26 18:06:53,253.58,0,0,0,0,0,0,0,0.00,0,0.00,4.64,2.27,0.00,0.00,D,0.00,12.00,2.84,12.00,0.31,^,0.00,,13.50,12.20,504,0.00,45.5,1,0,0.00,0.00,0.00,12.00,0.00,0.00,0,0,0.00,0
2026-04-26 18:06:54,254.48,0,0,0,0,0,0,0,0.00,0,0.00,4.64,2.26,0.00,0.00,D,0.00,12.00,2.84,12.00,0.33,^,0.00,,13.50,12.20,504,0.14,45.0,1,0,0.00,0.00,0.00,12.00,0.00,0.00,0,0,0.00,0
2026-04-26 18:06:55,255.59,0,0,0,0,0,0,0,0.00,0,0.00,4.64,2.25,0.00,0.00,D,0.00,12.00,2.84,12.00,0.33,^,0.00,,13.70,12.20,504,0.00,45.0,1,0,0.00,0.00,0.00,12.00,0.00,0.00,0,0,0.00,0
2026-04-26 18:06:56,256.49,0,0,0,0,0,0,0,0.00,0,0.00,4.64,2.24,0.00,0.00,D,0.00,12.00,2.84,12.00,0.32,^,0.00,,14.00,12.20,504,0.02,46.1,1,0,0.00,0.00,0.00,12.00,0.00,0.00,0,0,0.00,0
2026-04-26 18:06:57,257.50,0,0,0,0,0,0,0,0.00,0,0.00,4.64,2.24,0.22,0.00,D,0.00,12.00,2.85,12.00,0.32,^,0.00,,14.00,12.20,504,0.00,43.9,1,0,0.00,0.00,0.00,12.00,0.00,0.00,0,0,0.00,0
2026-04-26 18:06:58,258.52,0,0,0,0,0,0,0,0.00,0,0.00,4.64,2.23,0.00,0.00,D,0.00,12.00,2.85,12.00,0.31,^,0.00,,13.90,12.20,504,0.15,45.0,1,0,0.00,0.00,0.00,12.00,0.00,0.00,0,0,0.00,0
2026-04-26 18:06:59,259.63,1,0,0,0,0,0,0,0.48,0,0.85,4.64,2.22,0.00,0.13,D,0.00,12.00,2.84,12.00,0.43,^,28.85,,13.50,12.20,504,1.26,45.5,1,0,0.00,0.00,0.00,12.00,0.48,1.00,0,0,0.00,0
2026-04-26 18:07:00,260.53,1,0,0,0,0,0,0,0.47,0,0.85,4.64,2.21,0.09,0.63,D,0.00,12.00,2.84,12.00,0.60,^,27.97,,14.50,12.20,504,0.00,45.0,1,0,0.00,0.00,0.00,12.00,0.47,1.00,0,0,0.00,0
2026-04-26 18:07:01,261.54,1,0,0,0,0,0,0,0.24,0,1.00,4.64,2.21,2.78,0.96,D,0.00,12.00,7.27,12.00,1.29,^,14.53,,15.50,12.20,504,0.00,43.9,1,0,0.00,0.00,0.00,12.00,0.24,1.00,0,0,0.00,0
2026-04-26 18:07:02,262.56,1,0,0,0,0,0,0,-0.10,0,1.00,4.64,2.21,3.81,1.00,D,0.00,12.00,12.00,1.10,1.01,^,-5.80,,13.30,12.20,504,0.00,47.2,1,0,0.00,0.00,0.00,12.00,-0.10,1.00,0,0,0.00,0
2026-04-26 18:07:03,263.67,0,0,0,0,0,0,0,1.00,0,1.00,4.64,2.21,1.11,0.47,D,0.00,12.00,12.00,12.00,2.02,^,0.00,,14.70,12.20,504,0.00,45.5,1,0,0.00,0.00,0.00,12.00,0.00,0.00,0,0,0.00,0
2026-04-26 18:07:04,264.58,0,0,0,0,0,0,0,0.00,0,0.00,4.64,2.21,1.90,0.65,D,0.00,12.00,12.00,12.00,1.31,^,0.00,,13.10,12.20,504,0.00,46.1,1,0,0.00,0.00,0.00,12.00,0.00,0.00,0,0,0.00,0
2026-04-26 18:07:05,265.58,0,0,0,0,0,0,0,0.00,0,0.00,4.64,2.20,0.00,0.00,D,0.00,12.00,12.00,0.74,0.88,^,0.00,,14.00,12.20,504,0.05,46.6,1,0,0.00,0.00,0.00,12.00,0.00,0.00,0,0,0.00,0
2026-04-26 18:07:06,266.60,0,0,0,0,0,0,0,0.00,0,0.00,4.64,2.19,0.29,0.00,D,0.00,12.00,12.00,0.52,0.21,^,0.00,,14.00,12.20,504,0.00,46.6,1,0,0.00,0.00,0.00,12.00,0.00,0.00,0,0,0.00,0
2026-04-26 18:07:07,267.61,0,0,0,0,0,0,0,0.00,0,0.00,4.64,2.19,0.00,0.00,D,0.00,12.00,12.00,0.51,0.24,^,0.00,,15.00,12.20,504,0.35,46.6,1,0,0.00,0.00,0.00,12.00,0.00,0.00,0,0,0.00,0
2026-04-26 18:07:08,268.62,0,0,0,0,0,0,0,0.00,0,1.00,4.64,2.18,0.00,0.19,D,0.00,12.00,12.00,0.44,0.31,^,0.00,,14.10,12.20,504,0.30,46.6,1,0,0.00,0.00,0.00,12.00,0.00,0.00,0,0,0.00,0
2026-04-26 18:07:09,269.63,0,0,0,0,0,0,0,0.00,0,1.00,4.64,2.17,0.61,0.70,D,0.00,12.00,12.00,12.00,0.49,^,0.00,,14.60,12.20,504,0.00,45.0,1,0,0.00,0.00,0.00,12.00,0.00,0.00,0,0,0.00,0
2026-04-26 18:07:10,270.65,0,0,0,0,0,0,0,0.33,0,0.37,4.64,2.17,3.46,0.84,D,0.00,12.00,12.00,12.00,1.10,^,0.00,,15.70,12.20,504,0.00,45.5,1,0,0.00,0.00,0.00,12.00,0.00,0.00,0,0,0.00,0
2026-04-26 18:07:11,271.66,0,0,0,0,0,0,0,0.00,0,1.00,4.64,2.17,3.98,1.00,D,0.00,12.00,12.00,12.00,1.16,^,0.00,,14.80,12.20,504,0.00,45.0,1,0,0.00,0.00,0.00,12.00,0.00,0.00,0,0,0.00,0
2026-04-26 18:07:12,272.67,0,0,0,0,0,0,0,0.43,0,0.05,4.64,2.18,4.48,0.98,D,0.00,12.00,12.00,12.00,1.47,^,0.00,,14.30,12.20,504,0.00,46.6,1,0,0.00,0.00,0.00,12.00,0.00,0.00,0,0,0.00,0
2026-04-26 18:07:13,273.68,0,0,0,0,0,0,0,0.47,0,1.00,4.64,2.19,1.18,0.19,D,0.00,12.00,12.00,12.00,1.20,^,0.00,,14.00,12.20,504,0.00,46.1,1,0,0.00,0.00,0.00,12.00,0.00,0.00,0,0,0.00,0
2026-04-26 18:07:15,274.69,0,0,0,0,0,0,0,0.84,0,0.54,4.64,2.18,1.46,0.66,D,0.00,2.73,3.55,12.00,0.74,^,0.00,,13.70,12.20,504,0.00,45.5,1,0,0.00,0.00,0.00,2.73,0.00,0.00,0,0,0.00,0
2026-04-26 18:07:16,275.70,0,0,0,0,0,0,0,0.00,0,1.00,4.64,2.18,0.00,0.92,D,0.00,12.00,3.56,12.00,0.49,^,0.00,,11.50,12.20,504,0.28,46.6,1,0,0.00,0.00,0.00,12.00,0.00,0.00,0,0,0.00,0
2026-04-26 18:07:17,276.71,0,0,0,0,0,0,0,0.85,0,1.00,4.64,2.17,3.30,0.81,D,0.00,12.00,3.44,12.00,0.71,^,0.00,,15.80,12.20,504,0.05,45.5,1,0,0.00,0.00,0.00,12.00,0.00,0.00,0,0,0.00,0
2026-04-26 18:07:18,277.72,0,0,0,0,0,0,0,0.99,0,0.00,4.64,2.17,2.63,0.76,D,0.00,12.00,12.00,12.00,0.98,^,0.00,,16.80,12.20,504,0.00,45.5,1,0,0.00,0.00,0.00,12.00,0.00,0.00,0,0,0.00,0
2026-04-26 18:07:19,278.73,1,0,0,0,0,0,0,0.34,0,0.85,4.64,2.17,1.44,0.82,D,0.00,12.00,12.00,12.00,0.97,^,20.46,,15.30,12.20,504,0.00,46.6,1,0,0.00,0.00,0.00,12.00,0.34,1.00,0,0,0.00,0
2026-04-26 18:07:20,279.84,1,0,0,0,0,0,0,0.19,0,1.00,4.64,2.17,2.58,0.98,D,0.00,12.00,3.35,12.00,1.24,^,11.25,,15.90,12.20,504,0.00,45.0,1,0,0.00,0.00,0.00,12.00,0.19,1.00,0,0,0.00,0
2026-04-26 18:07:21,280.75,0,0,0,0,0,0,0,0.00,1,0.00,4.64,2.17,3.17,0.00,D,0.00,12.00,12.00,12.00,1.80,^,0.00,,17.40,12.20,504,0.00,46.1,1,0,0.00,0.00,0.00,12.00,0.00,0.00,0,0,0.00,0
2026-04-26 18:07:22,281.76,0,0,0,1,0,0,0,0.00,0,1.00,4.64,2.17,0.00,-0.19,R,0.00,12.00,3.33,12.00,1.64,^,0.00,,13.40,12.20,504,0.01,46.1,1,0,0.00,0.00,0.00,12.00,0.00,0.00,0,0,0.00,0
2026-04-26 18:07:23,282.77,0,0,0,0,0,0,0,0.18,0,1.00,4.64,2.16,0.80,-0.70,R,0.00,12.00,3.37,12.00,1.88,^,0.00,,15.70,12.20,504,0.00,45.5,1,0,0.00,0.00,0.00,12.00,0.00,0.00,0,0,0.00,0
2026-04-26 18:07:24,283.88,0,0,0,0,0,0,0,0.00,0,0.53,4.64,2.16,3.72,-0.90,R,0.00,12.00,12.00,12.00,1.61,^,0.00,,17.50,12.20,504,0.00,44.4,1,0,0.00,0.00,0.00,12.00,0.00,0.00,0,0,0.00,0
2026-04-26 18:07:25,284.79,0,0,0,0,0,0,0,0.00,0,0.00,4.64,2.17,3.64,-0.43,R,0.00,12.00,12.00,12.00,1.09,^,0.00,,16.00,12.20,504,0.00,44.4,1,0,0.00,0.00,0.00,12.00,0.00,0.00,0,0,0.00,0
2026-04-26 18:07:26,285.80,0,0,0,0,0,0,0,0.00,0,0.00,4.64,2.17,0.30,-0.00,R,0.00,12.00,12.00,12.00,1.23,^,0.00,,14.40,12.20,504,0.00,45.0,1,0,0.00,0.00,0.00,12.00,0.00,0.00,0,0,0.00,0
2026-04-26 18:07:27,286.81,1,0,0,0,0,0,0,0.23,0,1.00,4.64,2.16,0.02,0.47,D,0.00,12.00,12.00,12.00,1.07,^,13.86,,15.10,12.20,504,0.01,43.9,1,0,0.00,0.00,0.00,12.00,0.23,1.00,0,0,0.00,0
2026-04-26 18:07:28,287.93,1,0,0,0,0,0,0,-0.06,0,1.00,4.64,2.15,1.56,0.95,D,0.00,12.00,12.00,12.00,0.56,^,-3.58,,15.00,12.20,504,0.00,44.4,1,0,0.00,0.00,0.00,12.00,-0.06,1.00,0,0,0.00,0
2026-04-26 18:07:29,288.83,1,0,0,0,0,0,0,0.25,0,0.85,4.64,2.15,3.56,0.99,D,0.00,12.00,12.00,12.00,1.62,^,15.04,,16.50,12.20,504,0.00,44.4,1,0,0.00,0.00,0.00,12.00,0.25,1.00,0,0,0.00,0
2026-04-26 18:07:30,289.84,1,0,0,0,0,0,0,0.20,0,1.00,4.64,2.16,3.79,1.00,D,0.00,12.00,3.31,12.00,12.00,^,11.75,,17.00,12.20,504,0.00,46.1,1,0,0.00,0.00,0.00,12.00,0.20,1.00,0,0,0.00,0
2026-04-26 18:07:31,290.85,0,0,0,0,0,0,0,0.00,0,0.00,4.64,2.16,0.00,0.00,D,0.00,12.00,12.00,12.00,12.00,^,0.00,,16.20,12.20,504,0.10,45.0,1,0,0.00,0.00,0.00,12.00,0.00,0.00,0,0,0.00,0
2026-04-26 18:07:32,291.96,0,0,0,0,0,0,0,-1.00,0,1.00,4.64,2.15,0.01,0.37,D,0.00,12.00,12.00,12.00,12.00,^,0.00,,14.70,12.20,504,0.17,45.5,1,0,0.00,0.00,0.00,12.00,0.00,0.00,0,0,0.00,0
2026-04-26 18:07:33,292.87,0,0,0,0,0,0,0,-1.00,0,1.00,4.64,2.14,0.53,0.87,D,0.00,12.00,12.00,12.00,1.93,^,0.00,,15.70,12.20,504,0.00,45.5,1,0,0.00,0.00,0.00,12.00,0.00,0.00,0,0,0.00,0
2026-04-26 18:07:34,293.88,1,0,0,0,0,0,0,0.38,0,0.85,4.64,2.14,2.33,0.85,D,0.00,12.00,2.69,12.00,1.70,^,22.85,,15.40,12.20,504,0.00,45.5,1,0,0.00,0.00,0.00,12.00,0.38,1.00,0,0,0.00,0
2026-04-26 18:07:35,294.90,1,0,0,0,0,0,0,0.30,0,0.85,4.64,2.14,3.30,0.97,D,0.00,12.00,2.61,12.00,1.56,^,17.84,,13.00,12.20,504,0.00,46.1,1,0,0.00,0.00,0.00,12.00,0.30,1.00,0,0,0.00,0
2026-04-26 18:07:36,295.90,1,0,0,0,0,0,0,0.32,0,0.85,4.64,2.15,3.41,0.85,D,0.00,12.00,9.32,12.00,1.93,^,19.19,,14.70,12.20,504,0.00,46.1,1,0,0.00,0.00,0.00,12.00,0.32,1.00,0,0,0.00,0
2026-04-26 18:07:37,296.91,1,0,0,0,0,0,0,0.13,0,1.00,4.64,2.15,3.49,1.00,D,0.00,12.00,12.00,12.00,1.51,^,7.57,,13.40,12.20,504,0.00,46.1,1,0,0.00,0.00,0.00,12.00,0.13,1.00,0,0,0.00,0
2026-04-26 18:07:38,297.92,0,0,0,0,0,0,0,-1.00,0,0.97,4.64,2.16,3.59,0.02,D,0.00,12.00,12.00,12.00,1.69,^,0.00,,13.10,12.20,504,0.00,47.7,1,0,0.00,0.00,0.00,12.00,0.00,0.00,0,0,0.00,0
2026-04-26 18:07:39,298.94,0,0,0,0,0,0,0,0.00,0,1.00,4.64,2.16,0.97,0.53,D,0.00,12.00,12.00,12.00,1.57,^,0.00,,15.90,12.20,504,0.00,45.0,1,0,0.00,0.00,0.00,12.00,0.00,0.00,0,0,0.00,0
2026-04-26 18:07:40,299.95,1,0,0,0,0,0,0,0.04,0,1.00,4.64,2.15,2.17,0.90,D,0.00,12.00,12.00,12.00,0.73,^,2.68,,15.20,12.20,504,0.00,46.6,1,0,0.00,0.00,0.00,12.00,0.04,1.00,0,0,0.00,0
2026-04-26 18:07:41,300.96,0,0,0,0,0,0,0,0.00,0,0.00,4.64,2.16,2.72,0.00,D,0.00,12.00,12.00,12.00,1.18,^,0.00,,16.30,12.20,504,0.00,45.0,1,0,0.00,0.00,0.00,12.00,0.00,0.00,0,0,0.00,0
2026-04-26 18:07:42,301.97,1,0,0,0,0,0,0,0.31,0,0.85,4.64,2.15,0.20,0.50,D,0.00,12.00,12.00,12.00,0.79,^,18.46,,14.70,12.20,504,0.00,46.1,1,0,0.00,0.00,0.00,12.00,0.31,1.00,0,0,0.00,0
2026-04-26 18:07:43,302.98,1,0,0,0,0,0,0,0.13,0,1.00,4.64,2.15,1.95,1.00,D,0.00,12.00,3.00,12.00,0.71,^,7.60,,15.40,12.20,504,0.00,46.1,1,0,0.00,0.00,0.00,12.00,0.13,1.00,0,0,0.00,0
2026-04-26 18:07:44,304.00,1,0,0,0,0,0,0,-0.04,0,1.00,4.64,2.15,3.67,1.00,D,0.00,12.00,2.48,12.00,1.87,^,-2.48,,15.60,12.20,504,0.00,46.1,1,0,0.00,0.00,0.00,12.00,-0.04,1.00,0,0,0.00,0
2026-04-26 18:07:45,305.00,1,0,0,0,0,0,0,0.12,0,1.00,4.64,2.16,3.71,1.00,D,0.00,12.00,2.09,12.00,2.31,^,6.93,,13.80,12.20,504,0.00,47.2,1,0,0.00,0.00,0.00,12.00,0.12,1.00,0,0,0.00,0
2026-04-26 18:07:46,306.01,1,0,0,0,0,0,0,0.20,0,1.00,4.64,2.16,3.31,0.87,D,0.00,12.00,1.91,12.00,1.86,^,11.87,,13.80,12.20,504,0.00,46.6,1,0,0.00,0.00,0.00,12.00,0.20,1.00,0,0,0.00,0
2026-04-26 18:07:47,307.03,1,0,0,0,0,0,0,-0.07,0,1.00,4.64,2.17,3.61,1.00,D,0.00,12.00,12.00,12.00,2.54,^,-4.01,,14.00,12.20,504,0.00,45.5,1,0,0.00,0.00,0.00,12.00,-0.07,1.00,0,0,0.00,0
2026-04-26 18:07:48,308.04,1,0,0,0,0,0,0,0.20,0,1.00,4.64,2.17,3.79,1.00,D,0.00,12.00,12.00,12.00,3.38,^,11.92,,14.20,12.20,504,0.00,47.7,1,0,0.00,0.00,0.00,12.00,0.20,1.00,0,0,0.00,0
2026-04-26 18:07:49,309.06,1,0,0,0,0,0,0,0.15,0,1.00,4.64,2.18,3.88,1.00,D,0.00,12.00,12.00,12.00,12.00,^,8.73,,14.40,12.20,504,0.00,46.6,1,0,0.00,0.00,0.00,12.00,0.15,1.00,0,0,0.00,0
2026-04-26 18:07:50,310.07,1,0,0,0,0,0,0,0.04,0,1.00,4.64,2.18,3.86,1.00,D,0.00,12.00,12.00,12.00,12.00,^,2.55,,14.10,12.20,504,0.00,47.2,1,0,0.00,0.00,0.00,12.00,0.04,1.00,0,0,0.00,0
2026-04-26 18:07:51,311.08,1,0,0,0,0,0,0,0.03,0,1.00,4.64,2.19,3.87,1.00,D,0.00,12.00,12.00,12.00,12.00,^,1.79,,13.60,12.20,504,0.00,46.6,1,0,0.00,0.00,0.00,12.00,0.03,1.00,0,0,0.00,0
2026-04-26 18:07:52,312.19,1,0,0,0,0,0,0,0.07,0,1.00,4.64,2.19,3.89,1.00,D,0.00,12.00,12.00,12.00,12.00,^,4.33,,14.30,12.20,504,0.00,46.6,1,0,0.00,0.00,0.00,12.00,0.07,1.00,0,0,0.00,0
2026-04-26 18:07:53,313.20,1,0,0,0,0,0,0,0.12,0,1.00,4.64,2.20,3.90,1.00,D,0.00,12.00,12.00,12.00,12.00,^,7.08,,13.70,12.20,504,0.00,47.2,1,0,0.00,0.00,0.00,12.00,0.12,1.00,0,0,0.00,0
2026-04-26 18:07:54,314.11,1,0,0,0,0,0,0,0.20,0,1.00,4.64,2.20,3.91,1.00,D,0.00,12.00,12.00,12.00,12.00,^,12.26,,14.60,12.20,504,0.00,46.6,1,0,0.00,0.00,0.00,12.00,0.20,1.00,0,0,0.00,0
2026-04-26 18:07:55,315.12,1,0,0,0,0,0,0,-0.20,0,1.00,4.64,2.21,3.26,0.97,D,0.00,12.00,3.00,12.00,12.00,^,-12.12,,17.20,12.20,504,0.00,45.5,1,0,0.00,0.00,0.00,12.00,-0.20,1.00,0,0,0.00,0
2026-04-26 18:07:56,316.13,1,0,0,0,0,0,0,-0.07,0,1.00,4.64,2.21,3.36,0.95,D,0.00,12.00,12.00,12.00,12.00,^,-4.33,,17.10,12.30,504,0.00,47.2,1,0,0.00,0.00,0.00,12.00,-0.07,1.00,0,0,0.00,0
2026-04-26 18:07:57,317.14,1,0,0,0,0,0,0,0.34,0,0.85,4.64,2.22,3.82,0.97,D,0.00,12.00,2.62,12.00,2.75,^,20.36,,13.80,12.30,504,0.00,47.7,1,0,0.00,0.00,0.00,12.00,0.34,1.00,0,0,0.00,0
2026-04-26 18:07:58,318.15,1,0,0,0,0,0,0,0.01,0,1.00,4.64,2.22,3.58,1.00,D,0.00,12.00,12.00,12.00,12.00,^,0.38,,15.20,12.40,504,0.00,46.1,1,0,0.00,0.00,0.00,12.00,0.01,1.00,0,0,0.00,0
2026-04-26 18:07:59,319.16,1,0,0,0,0,0,0,0.03,0,1.00,4.64,2.23,3.90,0.97,D,0.00,12.00,1.69,12.00,12.00,^,2.02,,14.20,12.40,504,0.00,46.1,1,0,0.00,0.00,0.00,12.00,0.03,1.00,0,0,0.00,0
2026-04-26 18:08:00,320.17,1,0,0,0,0,0,0,-0.01,0,1.00,4.64,2.23,3.20,0.95,D,0.00,12.00,12.00,12.00,1.33,^,-0.85,,12.90,12.30,504,0.00,47.2,1,0,0.00,0.00,0.00,12.00,-0.01,1.00,0,0,0.00,0
2026-04-26 18:08:01,321.19,1,0,0,0,0,0,0,-0.28,0,0.85,4.64,2.23,3.73,0.92,D,0.00,12.00,12.00,12.00,2.08,^,-16.57,,14.90,12.30,504,0.00,46.6,1,0,0.00,0.00,0.00,12.00,-0.28,1.00,0,0,0.00,0
2026-04-26 18:08:02,322.20,1,0,0,0,0,0,0,0.03,0,1.00,4.64,2.24,2.59,0.90,D,0.00,12.00,12.00,12.00,12.00,^,1.93,,17.60,12.30,504,0.00,46.1,1,0,0.00,0.00,0.00,12.00,0.03,1.00,0,0,0.00,0
2026-04-26 18:08:03,323.22,1,0,0,0,0,0,0,0.28,0,0.85,4.64,2.24,3.38,0.95,D,0.00,12.00,2.21,12.00,2.97,^,16.78,,16.00,12.40,504,0.00,45.5,1,0,0.00,0.00,0.00,12.00,0.28,1.00,0,0,0.00,0
2026-04-26 18:08:04,324.23,1,0,0,0,0,0,0,-0.14,0,1.00,4.64,2.24,3.85,1.00,D,0.00,12.00,12.00,12.00,2.11,^,-8.13,,14.90,12.40,504,0.00,48.3,1,0,0.00,0.00,0.00,12.00,-0.14,1.00,0,0,0.00,0
2026-04-26 18:08:05,325.24,1,0,0,0,0,0,0,0.13,0,1.00,4.64,2.25,3.98,1.00,D,0.00,12.00,12.00,12.00,2.92,^,7.79,,14.40,12.50,504,0.00,47.7,1,0,0.00,0.00,0.00,12.00,0.13,1.00,0,0,0.00,0
2026-04-26 18:08:06,326.26,1,0,0,0,0,0,0,0.02,0,1.00,4.64,2.25,3.99,1.00,D,0.00,12.00,12.00,12.00,12.00,^,1.04,,13.70,12.50,504,0.00,46.6,1,0,0.00,0.00,0.00,12.00,0.02,1.00,0,0,0.00,0
2026-04-26 18:08:07,327.27,1,0,0,0,0,0,0,-0.33,0,0.85,4.64,2.26,3.98,0.85,D,0.00,12.00,3.12,12.00,12.00,^,-19.72,,14.50,12.40,504,0.00,46.1,1,0,0.00,0.00,0.00,12.00,-0.33,1.00,0,0,0.00,0
2026-04-26 18:08:08,328.28,1,0,0,0,0,0,0,0.24,0,1.00,4.64,2.26,2.81,0.96,D,0.00,2.08,12.00,12.00,12.00,^,14.30,,15.10,12.50,504,0.00,47.2,1,0,0.00,0.00,0.00,2.08,0.24,1.00,0,0,0.00,0
2026-04-26 18:08:09,329.29,0,0,0,1,0,0,0,-1.00,0,0.00,4.64,2.26,0.00,-0.00,R,0.00,1.47,12.00,1.47,1.82,^,0.00,,14.50,12.40,504,0.05,45.5,1,0,0.00,0.00,0.00,1.47,0.00,0.00,0,0,0.00,0
2026-04-26 18:08:10,330.30,0,0,0,0,0,0,0,-1.00,0,1.00,4.64,2.26,0.03,-0.48,R,0.00,1.48,12.00,1.48,0.91,^,0.00,,12.50,12.70,504,0.01,47.7,1,0,0.00,0.00,0.00,1.48,0.00,0.00,0,0,0.00,0
2026-04-26 18:08:11,331.32,0,0,0,0,0,0,0,-0.75,0,1.00,4.64,2.25,1.63,-0.77,R,0.00,1.75,12.00,12.00,0.79,^,0.00,,15.20,12.50,504,0.00,47.7,1,0,0.00,0.00,0.00,1.75,0.00,0.00,0,0,0.00,0
2026-04-26 18:08:12,332.43,0,0,0,0,0,0,0,0.00,0,0.00,4.64,2.25,1.81,-0.52,R,0.00,12.00,12.00,12.00,0.96,^,0.00,,14.50,12.60,504,0.00,46.6,1,0,0.00,0.00,0.00,12.00,0.00,0.00,0,0,0.00,0
2026-04-26 18:08:13,333.33,0,0,0,0,0,0,0,0.00,0,1.00,4.64,2.25,1.48,-0.75,R,0.00,12.00,12.00,12.00,1.07,^,0.00,,16.20,12.70,504,0.00,47.2,1,0,0.00,0.00,0.00,12.00,0.00,0.00,0,0,0.00,0
2026-04-26 18:08:14,334.34,0,0,0,0,0,0,0,0.00,0,0.10,4.64,2.25,2.64,-0.62,R,0.00,12.00,4.12,12.00,0.88,^,0.00,,16.90,12.60,504,0.00,48.3,1,0,0.00,0.00,0.00,12.00,0.00,0.00,0,0,0.00,0
2026-04-26 18:08:15,335.35,0,0,0,0,0,0,0,0.00,0,1.00,4.64,2.25,1.72,-0.68,R,0.00,12.00,0.74,12.00,12.00,^,0.00,,13.40,12.60,504,0.00,47.7,1,0,0.00,0.00,0.00,12.00,0.00,0.00,0,0,0.00,0
2026-04-26 18:08:16,336.36,0,0,0,0,0,0,0,-0.28,0,0.15,4.64,2.25,2.75,-0.71,R,0.00,12.00,0.91,12.00,12.00,^,0.00,,14.20,12.60,504,0.00,46.1,1,0,0.00,0.00,0.00,12.00,0.00,0.00,0,0,0.00,0
2026-04-26 18:08:17,337.38,0,0,0,0,0,0,0,0.22,0,0.72,4.64,2.25,2.26,-0.66,R,0.00,1.03,0.92,12.00,2.64,WARN_WARNING,0.00,,13.80,12.80,504,0.00,47.7,1,0,0.00,0.00,0.00,1.03,0.00,0.00,0,0,0.00,0
2026-04-26 18:08:18,338.39,0,0,0,0,0,0,0,0.15,0,0.00,4.64,2.25,2.06,-0.49,R,0.00,0.77,1.02,12.00,2.15,WARN_WARNING,0.00,,16.00,12.90,504,0.00,47.2,1,0,0.00,0.00,0.00,0.77,0.00,0.00,0,0,0.00,0
2026-04-26 18:08:19,339.40,0,0,0,0,0,0,0,0.00,0,0.00,4.64,2.24,0.00,-0.00,R,0.00,12.00,0.50,12.00,12.00,^,0.00,,13.00,13.00,504,0.09,47.2,1,0,0.00,0.00,0.00,12.00,0.00,0.00,0,0,0.00,0
2026-04-26 18:08:20,340.42,0,0,0,0,0,0,0,0.00,0,0.00,4.64,2.24,0.00,-0.00,R,0.00,12.00,0.51,12.00,12.00,^,0.00,,13.20,13.10,504,1.10,47.2,1,0,0.00,0.00,0.00,12.00,0.00,0.00,0,0,0.00,0
2026-04-26 18:08:21,341.43,0,0,0,0,0,0,0,0.00,0,0.00,4.64,2.23,0.00,-0.00,R,0.00,12.00,0.45,12.00,12.00,^,0.00,,11.70,13.10,504,2.11,46.1,1,0,0.00,0.00,0.00,12.00,0.00,0.00,0,0,0.00,0
2026-04-26 18:08:22,342.54,0,0,0,0,0,0,0,0.00,0,0.00,4.64,2.22,0.00,-0.00,R,0.00,12.00,0.61,12.00,0.19,^,0.00,,11.30,13.10,504,0.00,46.6,1,0,0.00,0.00,0.00,12.00,0.00,0.00,0,0,0.00,0
2026-04-26 18:08:23,343.45,0,0,0,0,0,0,0,0.00,0,0.00,4.64,2.22,0.00,-0.00,R,0.00,12.00,0.61,12.00,0.19,^,0.00,,13.60,12.90,504,0.28,47.7,1,0,0.00,0.00,0.00,12.00,0.00,0.00,0,0,0.00,0
2026-04-26 18:08:24,344.46,0,0,0,0,0,0,0,0.00,0,0.00,4.64,2.21,0.00,-0.00,R,0.00,12.00,0.62,12.00,0.19,^,0.00,,13.20,12.90,504,0.76,46.1,1,0,0.00,0.00,0.00,12.00,0.00,0.00,0,0,0.00,0
2026-04-26 18:08:25,345.46,1,0,0,0,0,0,0,0.37,0,0.85,4.64,2.21,0.00,0.43,D,0.00,12.00,0.34,12.00,0.34,^,22.01,,14.60,13.00,504,0.01,45.5,1,0,0.00,0.00,0.00,12.00,0.37,1.00,0,0,0.00,0
2026-04-26 18:08:26,346.47,1,0,0,0,0,0,0,0.31,0,0.85,4.64,2.20,1.30,0.85,D,0.00,12.00,12.00,12.00,0.68,^,18.65,,16.30,12.80,504,0.00,46.6,1,0,0.00,0.00,0.00,12.00,0.31,1.00,0,0,0.00,0
2026-04-26 18:08:27,347.49,1,0,0,0,0,0,0,-0.02,0,1.00,4.64,2.20,3.53,1.00,D,0.00,12.00,12.00,12.00,1.00,^,-0.96,,16.30,12.70,504,0.00,46.1,1,0,0.00,0.00,0.00,12.00,-0.02,1.00,0,0,0.00,0
2026-04-26 18:08:28,348.60,1,0,0,0,0,0,0,0.15,0,1.00,4.64,2.20,3.94,1.00,D,0.00,12.00,12.00,12.00,1.20,^,8.93,,16.60,12.80,504,0.00,46.1,1,0,0.00,0.00,0.00,12.00,0.15,1.00,0,0,0.00,0
2026-04-26 18:08:29,349.50,1,0,0,0,0,0,0,0.24,0,1.00,4.64,2.21,3.93,0.87,D,0.00,12.00,12.00,12.00,1.52,^,14.31,,16.40,12.70,504,0.00,46.6,1,0,0.00,0.00,0.00,12.00,0.24,1.00,0,0,0.00,0
2026-04-26 18:08:30,350.51,1,0,0,0,0,0,0,-0.05,0,1.00,4.64,2.21,2.50,0.91,D,0.00,2.43,12.00,12.00,1.50,^,-3.09,,15.80,12.80,504,0.00,45.0,1,0,0.00,0.00,0.00,2.43,-0.05,1.00,0,0,0.00,0
2026-04-26 18:08:31,351.53,0,0,0,1,0,0,0,-1.00,0,0.32,4.64,2.21,0.00,-0.02,R,0.00,1.82,12.00,12.00,0.81,^,0.00,,12.90,12.50,504,0.19,45.5,1,0,0.00,0.00,0.00,1.82,0.00,0.00,0,0,0.00,0
2026-04-26 18:08:32,352.54,0,0,0,0,0,0,0,-0.46,0,1.00,4.64,2.20,0.09,-0.52,R,0.00,1.85,12.00,12.00,0.88,^,0.00,,12.40,12.60,504,0.01,46.1,1,0,0.00,0.00,0.00,1.85,0.00,0.00,0,0,0.00,0
2026-04-26 18:08:33,353.55,0,0,0,0,0,0,0,0.00,0,1.00,4.64,2.20,1.78,-0.68,R,0.00,2.26,12.00,12.00,1.35,^,0.00,,13.30,12.60,504,0.00,46.6,1,0,0.00,0.00,0.00,2.26,0.00,0.00,0,0,0.00,0
2026-04-26 18:08:34,354.56,0,0,0,0,0,0,0,0.00,0,0.04,4.64,2.20,2.07,-0.44,R,0.00,12.00,12.00,12.00,1.19,^,0.00,,13.10,12.50,504,0.00,46.6,1,0,0.00,0.00,0.00,12.00,0.00,0.00,0,0,0.00,0
2026-04-26 18:08:35,355.57,0,0,0,0,0,0,0,0.00,0,0.00,4.64,2.20,1.61,-0.48,R,0.00,12.00,12.00,12.00,1.19,^,0.00,,15.70,12.50,504,0.00,46.6,1,0,0.00,0.00,0.00,12.00,0.00,0.00,0,0,0.00,0
2026-04-26 18:08:36,356.59,1,0,0,0,0,0,0,-0.00,0,1.00,4.64,2.20,0.42,0.03,D,0.00,4.21,4.22,12.00,1.05,^,-0.03,,16.40,12.50,504,0.01,46.6,1,0,0.00,0.00,0.00,4.21,-0.00,1.00,0,0,0.00,0
2026-04-26 18:08:37,357.59,1,0,0,0,0,0,0,-0.01,0,1.00,4.64,2.19,0.08,0.54,D,0.00,4.22,4.22,12.00,0.65,^,-0.78,,15.00,12.50,504,0.01,46.1,1,0,0.00,0.00,0.00,4.22,-0.01,1.00,0,0,0.00,0
2026-04-26 18:08:38,358.61,1,0,0,0,0,0,0,0.14,0,1.00,4.64,2.19,2.13,0.86,D,0.00,3.89,12.00,12.00,0.69,^,8.54,,15.10,12.50,504,0.00,47.2,1,0,0.00,0.00,0.00,3.89,0.14,1.00,0,0,0.00,0
2026-04-26 18:08:39,359.62,1,0,0,0,0,0,0,-0.22,0,1.00,4.64,2.19,3.25,1.00,D,0.00,12.00,12.00,12.00,1.04,^,-13.23,,18.50,12.40,504,0.00,44.4,1,0,0.00,0.00,0.00,12.00,-0.22,1.00,0,0,0.00,0
2026-04-26 18:08:41,360.73,0,0,0,0,0,0,0,0.00,0,1.00,4.64,2.19,0.65,0.02,D,0.00,1.73,12.00,12.00,1.01,^,0.00,,17.50,12.50,504,0.08,46.1,1,0,0.00,0.00,0.00,1.73,0.00,0.00,0,0,0.00,0
2026-04-26 18:08:41,361.63,0,0,0,1,0,0,0,-0.51,0,1.00,4.64,2.18,0.01,-0.31,R,0.00,1.73,12.00,12.00,1.04,^,0.00,,15.30,12.40,504,0.02,45.5,1,0,0.00,0.00,0.00,1.73,0.00,0.00,0,0,0.00,0
2026-04-26 18:08:43,362.75,0,0,0,0,0,0,0,0.00,0,0.00,4.64,2.18,0.99,-0.59,R,0.00,1.92,12.00,12.00,1.25,^,0.00,,16.10,12.40,504,0.00,46.1,1,0,0.00,0.00,0.00,1.92,0.00,0.00,0,0,0.00,0
2026-04-26 18:08:43,363.65,0,0,0,0,0,0,0,0.00,0,0.00,4.64,2.18,1.47,-0.37,R,0.00,2.51,12.00,12.00,1.04,^,0.00,,13.00,12.30,504,0.00,46.6,1,0,0.00,0.00,0.00,2.51,0.00,0.00,0,0,0.00,0
2026-04-26 18:08:44,364.65,0,0,0,0,0,0,0,0.00,0,0.95,4.64,2.17,0.46,-0.02,R,0.00,12.00,1.10,12.00,0.88,^,0.00,,13.60,12.30,504,0.01,46.6,1,0,0.00,0.00,0.00,12.00,0.00,0.00,0,0,0.00,0
2026-04-26 18:08:45,365.66,0,0,0,0,0,0,0,0.00,0,1.00,4.64,2.17,0.03,-0.52,R,0.00,12.00,0.79,12.00,0.75,^,0.00,,13.30,12.30,504,0.02,46.6,1,0,0.00,0.00,0.00,12.00,0.00,0.00,0,0,0.00,0
2026-04-26 18:08:46,366.68,0,0,1,0,0,0,0,0.10,0,1.00,4.64,2.16,0.29,0.08,D,0.00,12.00,0.65,12.00,12.00,^,0.00,,12.00,12.30,504,0.02,46.6,1,0,0.00,0.00,0.00,12.00,0.00,0.00,0,0,0.00,0
2026-04-26 18:08:48,367.69,0,0,0,0,0,0,0,0.43,0,1.00,4.64,2.16,0.15,0.59,D,0.00,12.00,0.71,12.00,0.74,^,0.00,,12.90,12.30,504,0.00,46.1,1,0,0.00,0.00,0.00,12.00,0.00,0.00,0,0,0.00,0
2026-04-26 18:08:49,368.69,0,0,0,0,0,0,0,0.37,0,0.00,4.64,2.15,2.60,0.86,D,0.00,12.00,12.00,12.00,0.69,^,0.00,,17.30,12.30,504,0.00,46.1,1,0,0.00,0.00,0.00,12.00,0.00,0.00,0,0,0.00,0
2026-04-26 18:08:50,369.70,1,0,0,0,0,0,0,-0.14,0,1.00,4.64,2.15,2.28,0.87,D,0.00,12.00,1.82,12.00,0.88,^,-8.59,,16.80,12.30,504,0.00,46.1,1,0,0.00,0.00,0.00,12.00,-0.14,1.00,0,0,0.00,0
2026-04-26 18:08:51,370.81,1,0,0,0,0,0,0,0.24,0,1.00,4.64,2.16,3.07,0.87,D,0.00,12.00,1.20,12.00,0.88,^,14.48,,17.50,12.30,504,0.00,45.0,1,0,0.00,0.00,0.00,12.00,0.24,1.00,0,0,0.00,0
2026-04-26 18:08:52,371.72,1,0,0,0,0,0,0,-0.14,0,1.00,4.64,2.16,3.73,1.00,D,0.00,12.00,12.00,12.00,1.04,^,-8.23,,17.30,12.20,504,0.00,46.6,1,0,0.00,0.00,0.00,12.00,-0.14,1.00,0,0,0.00,0
2026-04-26 18:08:53,372.73,1,0,0,0,0,0,0,0.18,0,1.00,4.64,2.16,3.71,0.96,D,0.00,12.00,12.00,12.00,1.47,^,10.91,,16.80,12.20,504,0.00,46.6,1,0,0.00,0.00,0.00,12.00,0.18,1.00,0,0,0.00,0
2026-04-26 18:08:54,373.74,1,0,0,0,0,0,0,-0.10,0,1.00,4.64,2.17,3.37,0.93,D,0.00,12.00,12.00,12.00,1.57,^,-5.83,,18.30,12.20,504,0.00,46.1,1,0,0.00,0.00,0.00,12.00,-0.10,1.00,0,0,0.00,0
2026-04-26 18:08:55,374.76,0,0,0,1,0,0,0,-0.94,0,1.00,4.64,2.17,3.03,0.00,N,0.00,12.00,12.00,12.00,1.35,^,0.00,,15.30,12.30,504,0.00,46.1,1,0,0.00,0.00,0.00,12.00,0.00,0.00,0,0,0.00,0
2026-04-26 18:08:56,375.77,0,0,0,1,0,0,0,0.00,0,1.00,4.64,2.17,0.19,-0.46,R,0.00,12.00,12.00,12.00,1.41,^,0.00,,12.80,12.30,504,0.00,45.0,1,0,0.00,0.00,0.00,12.00,0.00,0.00,0,0,0.00,0
2026-04-26 18:08:57,376.88,0,0,0,0,0,0,0,-0.58,0,1.00,4.64,2.16,1.83,-0.96,R,0.00,12.00,12.00,12.00,1.29,^,0.00,,15.00,12.20,504,0.00,46.6,1,0,0.00,0.00,0.00,12.00,0.00,0.00,0,0,0.00,0
2026-04-26 18:08:58,377.79,0,0,0,0,0,0,0,-0.54,0,0.00,4.64,2.17,2.89,-0.69,R,0.00,12.00,12.00,12.00,1.11,^,0.00,,15.60,12.20,504,0.00,47.7,1,0,0.00,0.00,0.00,12.00,0.00,0.00,0,0,0.00,0
2026-04-26 18:08:59,378.80,0,0,0,0,0,0,0,0.00,0,1.00,4.64,2.17,1.74,-0.15,R,0.00,12.00,12.00,12.00,0.67,^,0.00,,14.90,12.20,504,0.00,47.2,1,0,0.00,0.00,0.00,12.00,0.00,0.00,0,0,0.00,0
2026-04-26 18:09:00,379.81,0,0,1,0,0,0,0,0.12,0,0.00,4.64,2.16,0.61,0.00,N,0.00,12.00,0.68,12.00,0.71,^,0.00,,15.90,12.20,504,0.00,46.6,1,0,0.00,0.00,0.00,12.00,0.00,0.00,0,0,0.00,0
2026-04-26 18:09:01,380.92,0,0,1,0,0,0,0,0.69,0,1.00,4.64,2.16,0.07,0.39,D,0.00,12.00,0.67,12.00,12.00,^,0.00,,17.00,12.20,504,0.00,46.1,1,0,0.00,0.00,0.00,12.00,0.00,0.00,0,0,0.00,0
2026-04-26 18:09:02,381.83,0,0,0,0,0,0,0,0.92,0,1.00,4.64,2.15,1.43,0.89,D,0.00,12.00,0.52,12.00,12.00,^,0.00,,18.90,12.20,504,0.00,45.5,1,0,0.00,0.00,0.00,12.00,0.00,0.00,0,0,0.00,0
2026-04-26 18:09:03,382.84,0,0,0,0,0,0,0,0.00,0,0.00,4.64,2.16,3.19,0.62,D,0.00,12.00,12.00,12.00,1.07,^,0.00,,18.50,12.20,504,0.00,45.5,1,0,0.00,0.00,0.00,12.00,0.00,0.00,0,0,0.00,0
2026-04-26 18:09:04,383.85,1,0,0,0,0,0,0,0.17,0,1.00,4.64,2.16,2.72,1.00,D,0.00,12.00,0.81,12.00,12.00,^,10.08,,20.70,12.20,504,0.00,46.6,1,0,0.00,0.00,0.00,12.00,0.17,1.00,0,0,0.00,0
2026-04-26 18:09:05,384.86,0,0,0,0,0,0,0,1.00,0,1.00,4.64,2.16,2.32,0.31,D,0.00,12.00,12.00,12.00,1.12,^,0.00,,16.80,12.20,504,0.00,45.5,1,0,0.00,0.00,0.00,12.00,0.00,0.00,0,0,0.00,0
2026-04-26 18:09:06,385.88,0,0,0,0,0,0,0,1.00,0,1.00,4.64,2.16,1.72,0.81,D,0.00,12.00,12.00,12.00,1.13,^,0.00,,16.80,12.20,504,0.00,47.2,1,0,0.00,0.00,0.00,12.00,0.00,0.00,0,0,0.00,0
2026-04-26 18:09:07,386.88,0,0,0,0,0,0,0,0.00,0,1.00,4.64,2.16,3.74,1.00,D,0.00,12.00,12.00,1.09,12.00,^,0.00,,21.70,12.20,504,0.00,47.2,1,0,0.00,0.00,0.00,12.00,0.00,0.00,0,0,0.00,0
2026-04-26 18:09:08,387.89,0,0,0,0,0,0,0,0.00,0,1.00,4.64,2.16,3.87,1.00,D,0.00,12.00,12.00,0.80,1.03,^,0.00,,21.50,12.20,504,0.00,47.7,1,0,0.00,0.00,0.00,12.00,0.00,0.00,0,0,0.00,0
2026-04-26 18:09:09,388.91,0,0,0,0,0,0,0,1.00,0,0.00,4.64,2.17,3.21,0.00,D,0.00,12.00,12.00,12.00,1.14,^,0.00,,23.00,12.20,504,0.00,45.5,1,0,0.00,0.00,0.00,12.00,0.00,0.00,0,0,0.00,0
2026-04-26 18:09:10,389.92,0,0,0,0,0,0,0,0.00,0,0.00,4.64,2.17,0.97,0.00,D,0.00,12.00,12.00,1.04,1.07,^,0.00,,23.90,12.20,504,0.00,46.1,1,0,0.00,0.00,0.00,12.00,0.00,0.00,0,0,0.00,0
2026-04-26 18:09:11,391.03,1,0,0,0,0,0,0,-0.57,0,0.85,4.64,2.16,0.00,0.44,D,0.00,12.00,12.00,0.93,0.76,^,-34.06,,20.30,12.20,504,0.14,45.0,1,0,0.00,0.00,0.00,12.00,-0.57,1.00,0,0,0.00,0
2026-04-26 18:09:12,391.94,1,0,0,0,0,0,0,-0.16,0,1.00,4.64,2.16,1.23,0.87,D,0.00,12.00,12.00,12.00,0.87,^,-9.56,,24.00,12.20,504,0.00,46.1,1,0,0.00,0.00,0.00,12.00,-0.16,1.00,0,0,0.00,0
2026-04-26 18:09:13,392.95,0,0,0,0,0,0,0,1.00,0,0.00,4.64,2.16,3.23,0.00,D,0.00,12.00,12.00,12.00,1.95,^,0.00,,24.60,12.20,504,0.00,46.1,1,0,0.00,0.00,0.00,12.00,0.00,0.00,0,0,0.00,0
2026-04-26 18:09:14,393.96,0,0,0,0,0,0,0,1.00,0,1.00,4.64,2.16,0.44,0.35,D,0.00,12.00,1.09,12.00,1.01,^,0.00,,22.40,12.20,504,0.00,46.6,1,0,0.00,0.00,0.00,12.00,0.00,0.00,0,0,0.00,0
2026-04-26 18:09:15,394.97,0,0,0,0,0,0,0,0.91,0,1.00,4.64,2.15,0.25,0.86,D,0.00,12.00,1.04,12.00,1.00,^,0.00,,20.80,12.20,504,0.00,47.2,1,0,0.00,0.00,0.00,12.00,0.00,0.00,0,0,0.00,0
2026-04-26 18:09:16,395.99,0,0,0,0,0,0,0,1.00,0,0.92,4.64,2.15,2.60,0.91,D,0.00,12.00,12.00,2.56,1.29,^,0.00,,23.00,12.20,504,0.00,46.1,1,0,0.00,0.00,0.00,12.00,0.00,0.00,0,0,0.00,0
2026-04-26 18:09:17,397.00,0,0,0,0,0,0,0,1.00,0,1.00,4.64,2.15,3.00,1.00,D,0.00,12.00,1.78,1.19,1.78,^,0.00,,23.10,12.20,504,0.00,47.7,1,0,0.00,0.00,0.00,12.00,0.00,0.00,0,0,0.00,0
2026-04-26 18:09:18,398.01,0,0,0,0,0,0,0,-0.50,1,0.00,4.64,2.15,0.00,0.00,D,0.00,0.95,12.00,0.84,12.00,WARN_WARNING,0.00,,21.80,12.20,504,0.04,46.1,1,0,0.00,0.00,0.00,0.95,0.00,0.00,0,0,0.00,0
2026-04-26 18:09:19,399.02,0,0,0,0,0,0,0,-0.25,1,1.00,4.64,2.15,0.00,0.00,D,0.00,12.00,12.00,1.01,12.00,^,0.00,,22.30,12.20,504,1.05,45.0,1,0,0.00,0.00,0.00,12.00,0.00,0.00,0,0,0.00,0
2026-04-26 18:09:20,400.04,0,0,1,0,0,0,0,-0.19,0,0.00,4.64,2.14,0.00,0.00,D,0.00,12.00,12.00,1.13,12.00,^,0.00,,22.80,12.20,504,0.72,45.5,1,0,0.00,0.00,0.00,12.00,0.00,0.00,0,0,0.00,0
2026-04-26 18:09:21,401.05,0,0,0,0,0,0,0,-0.15,0,1.00,4.64,2.14,0.08,0.48,D,0.00,12.00,12.00,1.11,12.00,^,0.00,,22.60,12.20,504,0.01,46.1,1,0,0.00,0.00,0.00,12.00,0.00,0.00,0,0,0.00,0
2026-04-26 18:09:22,402.06,0,0,0,0,0,0,0,0.00,0,1.00,4.64,2.13,1.92,0.99,D,0.00,12.00,12.00,0.97,12.00,^,0.00,,25.50,12.20,504,0.00,45.5,1,0,0.00,0.00,0.00,12.00,0.00,0.00,0,0,0.00,0
2026-04-26 18:09:23,403.17,0,0,0,0,0,0,0,0.51,0,1.00,4.64,2.14,3.81,1.00,D,0.00,12.00,12.00,12.00,1.38,^,0.00,,24.80,12.20,504,0.00,45.0,1,0,0.00,0.00,0.00,12.00,0.00,0.00,0,0,0.00,0
2026-04-26 18:09:24,404.08,0,0,0,0,0,0,0,0.00,0,1.00,4.64,2.14,4.01,1.00,D,0.00,12.00,12.00,12.00,12.00,^,0.00,,25.70,12.20,504,0.00,46.1,1,0,0.00,0.00,0.00,12.00,0.00,0.00,0,0,0.00,0
2026-04-26 18:09:25,405.09,0,0,0,0,0,0,0,1.00,0,1.00,4.64,2.15,4.06,1.00,D,0.00,12.00,12.00,12.00,12.00,^,0.00,,26.50,12.20,504,0.00,45.0,1,0,0.00,0.00,0.00,12.00,0.00,0.00,0,0,0.00,0
2026-04-26 18:09:26,406.10,0,0,0,0,0,0,0,1.00,0,1.00,4.64,2.15,3.95,1.00,D,0.00,12.00,12.00,12.00,12.00,^,0.00,,25.70,12.20,504,0.00,45.5,1,0,0.00,0.00,0.00,12.00,0.00,0.00,0,0,0.00,0
2026-04-26 18:09:27,407.11,0,0,0,0,0,0,0,0.00,0,1.00,4.64,2.15,3.52,1.00,D,0.00,12.00,12.00,12.00,12.00,^,0.00,,26.30,12.20,504,0.00,46.1,1,0,0.00,0.00,0.00,12.00,0.00,0.00,0,0,0.00,0
2026-04-26 18:09:28,408.13,0,0,0,0,0,0,0,0.00,1,0.00,4.64,2.16,1.25,0.00,D,0.00,1.56,12.00,12.00,12.00,^,0.00,,25.70,12.10,504,0.00,44.4,1,0,0.00,0.00,0.00,1.56,0.00,0.00,0,0,0.00,0
2026-04-26 18:09:29,409.13,0,0,0,0,0,0,0,0.00,0,0.00,4.64,2.15,0.00,0.00,D,0.00,0.73,12.00,12.00,12.00,WARN_WARNING,0.00,,23.50,12.10,504,0.68,45.5,1,0,0.00,0.00,0.00,0.73,0.00,0.00,0,0,0.00,0
2026-04-26 18:09:30,410.14,0,0,0,0,0,0,0,0.00,1,0.00,4.64,2.15,0.00,0.00,D,0.00,12.00,12.00,12.00,0.78,^,0.00,,23.00,12.10,504,1.69,45.5,1,0,0.00,0.00,0.00,12.00,0.00,0.00,0,0,0.00,0
2026-04-26 18:09:31,411.15,0,0,0,0,0,0,0,0.00,1,0.00,4.64,2.14,0.00,0.00,D,0.00,12.00,12.00,12.00,1.91,^,0.00,,22.60,12.20,504,2.71,44.4,1,0,0.00,0.00,0.00,12.00,0.00,0.00,0,0,0.00,0
2026-04-26 18:09:32,412.17,0,0,0,0,0,0,0,0.00,1,0.00,4.64,2.14,0.00,0.00,D,0.00,12.00,12.00,12.00,1.99,^,0.00,,23.60,12.20,504,3.72,45.5,1,0,0.00,0.00,0.00,12.00,0.00,0.00,0,0,0.00,0
2026-04-26 18:09:33,413.18,0,0,0,0,0,0,0,0.00,1,0.00,4.64,2.13,0.00,0.00,D,0.00,12.00,12.00,12.00,1.55,^,0.00,,22.30,12.20,504,0.35,45.5,1,0,0.00,0.00,0.00,12.00,0.00,0.00,0,0,0.00,0
2026-04-26 18:09:34,414.19,0,0,0,0,0,0,0,0.00,1,0.00,4.64,2.13,0.00,0.00,D,0.00,12.00,12.00,12.00,1.19,^,0.00,,23.70,12.20,504,1.37,45.5,1,0,0.00,0.00,0.00,12.00,0.00,0.00,0,0,0.00,0
2026-04-26 18:09:35,415.21,0,0,0,0,0,0,0,0.00,1,0.00,4.64,2.12,0.00,0.00,D,0.00,12.00,12.00,12.00,0.57,^,0.00,,22.10,12.20,504,0.10,45.0,1,0,0.00,0.00,0.00,12.00,0.00,0.00,0,0,0.00,0
2026-04-26 18:09:36,416.22,0,0,0,0,0,0,0,0.00,1,0.00,4.64,2.12,0.00,0.00,D,0.00,12.00,12.00,0.47,0.37,^,0.00,,22.10,12.20,504,1.11,44.4,1,0,0.00,0.00,0.00,12.00,0.00,0.00,0,0,0.00,0
2026-04-26 18:09:37,417.23,0,0,0,0,0,0,0,0.00,1,0.00,4.64,2.11,0.00,0.00,D,0.00,0.43,12.00,0.33,0.30,STOP_WARNING,0.00,aeb_stop,23.00,12.20,504,0.13,45.0,1,1,0.00,0.00,0.00,0.43,0.00,0.00,0,0,0.00,0
2026-04-26 18:09:38,418.24,0,0,0,0,0,0,0,0.00,1,0.00,4.64,2.10,0.00,0.00,D,0.00,0.33,12.00,0.23,0.20,STOP_WARNING,0.00,aeb_stop,22.80,12.20,504,0.62,45.0,1,1,0.00,0.00,0.00,0.33,0.00,0.00,0,0,0.00,0
2026-04-26 18:09:39,419.35,0,0,0,0,0,0,0,0.00,1,0.00,4.64,2.10,0.00,0.00,D,0.00,0.40,0.21,12.00,0.07,STOP_WARNING,0.00,aeb_stop,23.50,12.20,504,1.74,45.5,1,1,0.00,0.00,0.00,0.40,0.00,0.00,0,0,0.00,0
2026-04-26 18:09:40,420.26,0,0,0,0,0,0,0,0.00,1,0.00,4.64,2.09,0.00,0.00,D,0.00,0.38,0.20,12.00,0.07,STOP_WARNING,0.00,aeb_stop,24.90,12.20,504,2.64,43.9,1,1,0.00,0.00,0.00,0.38,0.00,0.00,0,0,0.00,0
2026-04-26 18:09:41,421.26,0,0,0,0,0,0,0,0.00,1,0.00,4.64,2.09,0.00,0.00,D,0.00,0.37,0.19,12.00,0.08,STOP_WARNING,0.00,aeb_stop,23.20,12.20,504,0.32,44.4,1,1,0.00,0.00,0.00,0.37,0.00,0.00,0,0,0.00,0
2026-04-26 18:09:42,422.28,0,0,0,0,0,0,0,0.00,1,0.00,4.64,2.08,0.00,0.00,D,0.00,0.33,0.19,12.00,0.10,STOP_WARNING,0.00,aeb_stop,24.10,12.10,504,1.33,45.5,1,1,0.00,0.00,0.00,0.33,0.00,0.00,0,0,0.00,0
2026-04-26 18:09:43,423.29,0,0,0,0,0,0,0,0.00,1,0.00,4.64,2.08,0.00,0.00,D,0.00,0.30,0.16,12.00,0.12,STOP_WARNING,0.00,aeb_stop,23.20,12.20,504,2.34,46.1,1,1,0.00,0.00,0.00,0.30,0.00,0.00,0,0,0.00,0
2026-04-26 18:09:44,424.29,0,0,0,0,0,0,0,0.00,1,0.00,4.64,2.07,0.00,0.00,D,0.00,0.28,0.13,0.20,0.19,STOP_WARNING,0.00,aeb_stop,24.10,12.20,504,0.49,45.5,1,1,0.00,0.00,0.00,0.28,0.00,0.00,0,0,0.00,0
2026-04-26 18:09:45,425.30,0,0,0,0,0,0,0,0.00,1,0.00,4.64,2.07,0.00,0.00,D,0.00,0.27,0.21,0.20,0.17,STOP_WARNING,0.00,aeb_stop,22.70,12.20,504,1.50,43.9,1,1,0.00,0.00,0.00,0.27,0.00,0.00,0,0,0.00,0
2026-04-26 18:09:46,426.31,0,0,0,0,0,0,0,0.00,1,0.00,4.64,2.06,0.00,0.00,D,0.00,0.27,0.26,0.25,0.14,STOP_WARNING,0.00,aeb_stop,24.20,12.10,504,2.51,45.0,1,1,0.00,0.00,0.00,0.27,0.00,0.00,0,0,0.00,0
2026-04-26 18:09:47,427.32,0,0,0,0,0,0,0,0.00,1,0.00,4.64,2.06,0.00,0.00,D,0.00,0.31,0.32,12.00,0.17,STOP_WARNING,0.00,aeb_stop,24.70,12.20,504,3.52,44.4,1,1,0.00,0.00,0.00,0.31,0.00,0.00,0,0,0.00,0
2026-04-26 18:09:48,428.34,0,0,0,0,0,0,0,0.00,1,0.00,4.64,2.06,0.00,0.00,D,0.00,0.31,0.32,12.00,0.18,STOP_WARNING,0.00,aeb_stop,23.10,12.20,504,0.03,45.5,1,1,0.00,0.00,0.00,0.31,0.00,0.00,0,0,0.00,0
2026-04-26 18:09:49,429.35,0,0,0,0,0,0,0,0.00,1,0.00,4.64,2.05,0.00,0.00,D,0.00,0.30,0.30,12.00,0.18,STOP_WARNING,0.00,aeb_stop,23.40,12.10,504,0.00,45.5,1,1,0.00,0.00,0.00,0.30,0.00,0.00,0,0,0.00,0
2026-04-26 18:09:50,430.36,0,0,0,0,0,0,0,0.00,1,0.00,4.64,2.05,0.00,0.00,D,0.00,0.30,0.30,12.00,0.16,STOP_WARNING,0.00,aeb_stop,22.70,12.20,504,0.21,44.4,1,1,0.00,0.00,0.00,0.30,0.00,0.00,0,0,0.00,0
2026-04-26 18:09:51,431.38,0,0,0,0,0,0,0,0.00,1,0.00,4.64,2.04,0.00,0.00,D,0.00,0.29,0.29,12.00,0.18,STOP_WARNING,0.00,aeb_stop,23.40,12.20,504,0.31,44.4,1,1,0.00,0.00,0.00,0.29,0.00,0.00,0,0,0.00,0
2026-04-26 18:09:52,432.39,1,0,1,0,0,0,0,0.33,0,0.85,4.64,2.04,0.00,0.12,D,0.00,12.00,12.00,12.00,0.35,^,19.80,,23.80,12.20,504,1.32,45.0,1,0,0.00,0.00,0.00,12.00,0.33,1.00,0,0,0.00,0
2026-04-26 18:09:53,433.40,1,0,0,0,0,0,0,0.18,0,1.00,4.64,2.03,0.06,0.63,D,0.00,12.00,12.00,12.00,0.82,^,11.01,,23.60,12.20,504,0.01,45.0,1,0,0.00,0.00,0.00,12.00,0.18,1.00,0,0,0.00,0
2026-04-26 18:09:54,434.41,1,0,0,0,0,0,0,0.11,0,1.00,4.64,2.03,2.37,0.96,D,0.00,12.00,12.00,12.00,1.21,^,6.53,,24.60,12.20,504,0.00,44.4,1,0,0.00,0.00,0.00,12.00,0.11,1.00,0,0,0.00,0
2026-04-26 18:09:55,435.42,1,0,0,0,0,0,0,-0.01,0,1.00,4.64,2.03,3.88,1.00,D,0.00,12.00,12.00,12.00,1.84,^,-0.36,,25.90,12.20,504,0.00,45.0,1,0,0.00,0.00,0.00,12.00,-0.01,1.00,0,0,0.00,0
2026-04-26 18:09:56,436.44,0,0,0,0,0,0,0,0.00,0,0.00,4.64,2.04,1.92,0.00,D,0.00,12.00,0.76,12.00,0.71,^,0.00,,26.10,12.20,504,0.00,44.4,1,0,0.00,0.00,0.00,12.00,0.00,0.00,0,0,0.00,0
2026-04-26 18:09:57,437.44,0,0,0,0,0,0,0,0.00,1,0.00,4.64,2.03,0.00,0.00,D,0.00,0.08,0.07,12.00,0.07,STOP_WARNING,0.00,aeb_stop,24.20,12.20,504,0.16,45.0,1,1,0.00,0.00,0.00,0.08,0.00,0.00,0,0,0.00,0
2026-04-26 18:09:58,438.46,0,0,0,0,0,0,0,0.00,1,0.00,4.64,2.03,0.00,0.00,D,0.00,0.10,0.08,12.00,0.08,STOP_WARNING,0.00,aeb_stop,23.40,12.20,504,1.17,46.1,1,1,0.00,0.00,0.00,0.10,0.00,0.00,0,0,0.00,0
2026-04-26 18:09:59,439.47,0,0,0,0,0,0,0,0.00,1,0.00,4.64,2.02,0.00,0.00,D,0.00,0.10,0.07,12.00,0.08,STOP_WARNING,0.00,aeb_stop,24.20,12.20,504,2.18,45.5,1,1,0.00,0.00,0.00,0.10,0.00,0.00,0,0,0.00,0
2026-04-26 18:10:00,440.48,0,0,0,0,0,0,0,0.00,1,0.00,4.64,2.02,0.00,0.00,D,0.00,0.11,0.08,12.00,0.05,STOP_WARNING,0.00,aeb_stop,23.80,12.20,504,3.19,45.0,1,1,0.00,0.00,0.00,0.11,0.00,0.00,0,0,0.00,0
2026-04-26 18:10:01,441.59,0,0,0,1,0,0,0,0.00,0,0.00,4.64,2.01,0.00,0.00,N,0.00,0.95,0.47,12.00,0.07,WARN_WARNING,0.00,,23.20,12.20,504,0.02,45.0,1,0,0.00,0.00,0.00,0.95,0.00,0.00,0,0,0.00,0
2026-04-26 18:10:02,442.50,0,0,0,0,0,0,0,0.00,1,0.00,4.64,2.01,0.00,0.00,N,0.00,0.12,0.11,3.19,0.21,STOP_WARNING,0.00,aeb_stop,24.60,12.20,504,0.87,44.4,1,1,0.00,0.00,0.00,0.12,0.00,0.00,0,0,0.00,0
2026-04-26 18:10:03,443.50,0,0,0,1,0,0,0,0.00,0,0.00,4.64,2.00,0.00,-0.00,R,0.00,0.09,0.09,12.00,0.17,STOP_WARNING,0.00,,24.00,12.20,504,1.88,45.0,1,0,0.00,0.00,0.00,0.09,0.00,0.00,0,0,0.00,0
2026-04-26 18:10:04,444.61,0,0,0,0,0,0,0,0.00,0,0.00,4.64,2.00,0.00,-0.00,R,0.00,0.12,0.25,0.12,0.23,STOP_WARNING,0.00,,24.70,12.20,504,2.99,46.6,1,0,0.00,0.00,0.00,0.12,0.00,0.00,0,0,0.00,0
2026-04-26 18:10:05,445.52,0,0,0,0,0,0,0,0.00,0,0.00,4.64,1.99,0.00,-0.00,R,0.00,0.09,0.08,12.00,0.16,STOP_WARNING,0.00,,27.00,12.10,504,0.45,45.5,1,0,0.00,0.00,0.00,0.09,0.00,0.00,0,0,0.00,0
2026-04-26 18:10:06,446.53,0,0,0,0,0,0,0,1.00,0,1.00,4.64,1.99,0.00,-0.04,R,0.00,12.00,0.90,3.19,0.24,^,0.00,,25.60,12.10,504,0.58,44.4,1,0,0.00,0.00,0.00,12.00,0.00,0.00,0,0,0.00,0
2026-04-26 18:10:07,447.54,0,0,0,0,0,0,0,1.00,0,1.00,4.64,1.99,0.05,-0.55,R,0.00,12.00,0.89,12.00,0.34,^,0.00,,23.80,12.20,504,0.01,44.4,1,0,0.00,0.00,0.00,12.00,0.00,0.00,0,0,0.00,0
2026-04-26 18:10:08,448.56,0,0,1,0,0,0,0,0.99,0,1.00,4.64,1.98,0.01,0.11,D,0.00,12.00,0.57,3.25,0.34,^,0.00,,25.40,12.20,504,0.21,43.3,1,0,0.00,0.00,0.00,12.00,0.00,0.00,0,0,0.00,0
2026-04-26 18:10:09,449.57,0,0,0,0,0,0,0,0.98,0,1.00,4.64,1.98,0.02,0.62,D,0.00,12.00,0.72,3.24,0.86,^,0.00,,24.40,12.20,504,0.04,43.3,1,0,0.00,0.00,0.00,12.00,0.00,0.00,0,0,0.00,0
2026-04-26 18:10:10,450.58,0,0,0,0,0,0,0,0.97,0,1.00,4.64,1.97,1.88,1.00,D,0.00,12.00,0.79,12.00,0.77,^,0.00,,25.30,12.20,504,0.00,45.0,1,0,0.00,0.00,0.00,12.00,0.00,0.00,0,0,0.00,0
2026-04-26 18:10:11,451.59,0,0,0,0,0,0,0,-0.58,0,0.00,4.64,1.97,2.11,0.62,D,0.00,2.13,12.00,2.11,0.95,^,0.00,,26.20,12.20,504,0.00,46.1,1,0,0.00,0.00,0.00,2.13,0.00,0.00,0,0,0.00,0
2026-04-26 18:10:12,452.61,0,0,0,0,0,0,0,0.00,0,0.00,4.64,1.97,0.00,0.00,D,0.00,12.00,12.00,1.77,0.52,^,0.00,,25.00,12.20,504,0.08,43.9,1,0,0.00,0.00,0.00,12.00,0.00,0.00,0,0,0.00,0
2026-04-26 18:10:13,453.62,0,0,0,0,0,0,0,0.00,0,0.00,4.64,1.97,0.00,0.00,D,0.00,12.00,12.00,1.77,0.35,^,0.00,,24.80,12.10,504,1.09,43.3,1,0,0.00,0.00,0.00,12.00,0.00,0.00,0,0,0.00,0
2026-04-26 18:10:14,454.63,0,0,0,0,0,0,0,0.00,0,0.00,4.64,1.96,0.00,0.00,D,0.00,12.00,12.00,1.77,0.36,^,0.00,,25.70,12.20,504,2.10,44.4,1,0,0.00,0.00,0.00,12.00,0.00,0.00,0,0,0.00,0
2026-04-26 18:10:15,455.64,0,0,0,0,0,0,0,0.00,0,0.00,4.64,1.96,0.00,0.00,D,0.00,12.00,12.00,1.77,0.42,^,0.00,,23.70,12.10,504,0.29,46.6,1,0,0.00,0.00,0.00,12.00,0.00,0.00,0,0,0.00,0
2026-04-26 18:10:16,456.65,0,0,0,0,0,0,0,0.00,0,0.00,4.64,1.96,0.00,0.00,D,0.00,12.00,12.00,1.77,0.30,^,0.00,,22.80,12.10,504,0.21,46.6,1,0,0.00,0.00,0.00,12.00,0.00,0.00,0,0,0.00,0
2026-04-26 18:10:17,457.66,0,0,0,0,0,0,0,0.00,0,0.00,4.64,1.95,0.00,0.00,D,0.00,12.00,0.31,1.77,0.29,^,0.00,,23.20,12.10,504,0.27,46.1,1,0,0.00,0.00,0.00,12.00,0.00,0.00,0,0,0.00,0
2026-04-26 18:10:18,458.67,1,0,0,0,0,0,0,-0.56,0,0.85,4.64,1.95,0.00,0.25,D,0.00,12.00,0.53,1.77,0.48,^,-33.76,,23.60,12.10,504,1.28,46.1,1,0,0.00,0.00,0.00,12.00,-0.56,1.00,0,0,0.00,0
2026-04-26 18:10:19,459.68,1,0,0,0,0,0,0,-0.53,0,0.85,4.64,1.94,0.24,0.76,D,0.00,12.00,12.00,1.76,0.55,^,-32.00,,24.30,12.20,504,0.00,45.5,1,0,0.00,0.00,0.00,12.00,-0.53,1.00,0,0,0.00,0
2026-04-26 18:10:21,460.69,1,0,0,0,0,0,0,0.28,0,0.85,4.64,1.94,2.88,0.99,D,0.00,12.00,12.00,12.00,0.57,^,16.88,,27.10,12.20,504,0.00,45.0,1,0,0.00,0.00,0.00,12.00,0.28,1.00,0,0,0.00,0
2026-04-26 18:10:22,461.69,1,0,0,0,0,0,0,-0.17,0,1.00,4.64,1.94,3.55,0.91,D,0.00,12.00,12.00,12.00,1.14,^,-10.12,,26.60,12.20,504,0.00,46.6,1,0,0.00,0.00,0.00,12.00,-0.17,1.00,0,0,0.00,0
2026-04-26 18:10:23,462.71,0,0,0,0,0,0,0,0.00,1,0.00,4.64,1.95,1.20,0.00,D,0.00,12.00,12.00,12.00,1.34,^,0.00,,27.10,12.20,504,0.00,46.6,1,0,0.00,0.00,0.00,12.00,0.00,0.00,0,0,0.00,0
2026-04-26 18:10:24,463.71,0,0,0,0,0,0,0,1.00,0,1.00,4.64,1.94,0.01,0.35,D,0.00,12.00,12.00,12.00,0.74,^,0.00,,24.90,12.20,504,0.16,45.5,1,0,0.00,0.00,0.00,12.00,0.00,0.00,0,0,0.00,0
2026-04-26 18:10:25,464.72,0,0,0,0,0,0,0,1.00,0,1.00,4.64,1.94,0.91,0.85,D,0.00,12.00,12.00,12.00,0.54,^,0.00,,25.70,12.20,504,0.00,45.0,1,0,0.00,0.00,0.00,12.00,0.00,0.00,0,0,0.00,0
2026-04-26 18:10:26,465.73,1,0,0,0,0,0,0,-0.04,0,1.00,4.64,1.94,2.54,0.81,D,0.00,12.00,12.00,12.00,0.79,^,-2.59,,26.30,12.20,504,0.00,45.5,1,0,0.00,0.00,0.00,12.00,-0.04,1.00,0,0,0.00,0
2026-04-26 18:10:27,466.74,1,0,0,0,0,0,0,-0.04,0,1.00,4.64,1.94,3.37,0.94,D,0.00,12.00,12.00,12.00,1.20,^,-2.12,,26.30,12.20,504,0.00,46.1,1,0,0.00,0.00,0.00,12.00,-0.04,1.00,0,0,0.00,0
2026-04-26 18:10:28,467.75,1,0,0,0,0,0,0,-0.02,0,1.00,4.64,1.95,3.70,0.92,D,0.00,12.00,12.00,2.67,1.37,^,-0.90,,27.60,12.20,504,0.00,46.1,1,0,0.00,0.00,0.00,12.00,-0.02,1.00,0,0,0.00,0
2026-04-26 18:10:29,468.77,1,0,0,0,0,0,0,0.28,0,0.85,4.64,1.95,3.90,0.97,D,0.00,12.00,12.00,2.07,1.61,^,17.10,,28.20,12.10,504,0.00,46.1,1,0,0.00,0.00,0.00,12.00,0.28,1.00,0,0,0.00,0
2026-04-26 18:10:30,469.77,1,0,0,0,0,0,0,0.38,0,0.85,4.64,1.95,3.88,0.95,D,0.00,12.00,12.00,12.00,1.90,^,22.60,,28.70,12.20,504,0.00,45.5,1,0,0.00,0.00,0.00,12.00,0.38,1.00,0,0,0.00,0
2026-04-26 18:10:31,470.78,1,0,0,0,0,0,0,0.08,0,1.00,4.64,1.96,3.84,0.89,D,0.00,12.00,12.00,12.00,2.08,^,5.09,,29.60,12.20,504,0.00,45.0,1,0,0.00,0.00,0.00,12.00,0.08,1.00,0,0,0.00,0
2026-04-26 18:10:32,471.89,1,0,0,0,0,0,0,-0.17,0,1.00,4.64,1.96,3.78,0.98,D,0.00,12.00,12.00,1.61,2.13,^,-10.23,,27.80,12.20,504,0.00,45.0,1,0,0.00,0.00,0.00,12.00,-0.17,1.00,0,0,0.00,0
2026-04-26 18:10:33,472.80,0,0,0,0,0,0,0,0.00,1,0.00,4.64,1.97,3.50,0.00,D,0.00,12.00,12.00,12.00,1.97,^,0.00,,28.00,12.20,504,0.00,45.0,1,0,0.00,0.00,0.00,12.00,0.00,0.00,0,0,0.00,0
2026-04-26 18:10:34,473.91,0,0,0,1,0,0,0,-1.00,0,1.00,4.64,1.96,0.00,-0.07,R,0.00,12.00,12.00,12.00,1.44,^,0.00,,25.90,12.20,504,0.39,45.0,1,0,0.00,0.00,0.00,12.00,0.00,0.00,0,0,0.00,0
2026-04-26 18:10:35,474.83,0,0,0,0,0,0,0,-1.00,0,1.00,4.64,1.96,0.02,-0.58,R,0.00,12.00,12.00,12.00,1.29,^,0.00,,25.70,12.20,504,0.06,45.0,1,0,0.00,0.00,0.00,12.00,0.00,0.00,0,0,0.00,0
2026-04-26 18:10:36,475.84,0,0,0,0,0,0,0,0.00,0,0.00,4.64,1.96,1.73,-0.80,R,0.00,12.00,12.00,12.00,1.20,^,0.00,,27.20,12.20,504,0.00,46.1,1,0,0.00,0.00,0.00,12.00,0.00,0.00,0,0,0.00,0
2026-04-26 18:10:37,476.85,0,0,1,0,0,0,0,1.00,0,1.00,4.64,1.96,1.46,0.28,D,0.00,12.00,0.91,2.76,0.86,^,0.00,,27.40,12.20,504,0.00,44.4,1,0,0.00,0.00,0.00,12.00,0.00,0.00,0,0,0.00,0
2026-04-26 18:10:38,477.87,0,0,0,0,0,0,0,1.00,0,1.00,4.64,1.95,0.07,0.79,D,0.00,12.00,1.15,12.00,1.12,^,0.00,,25.20,12.20,504,0.00,45.5,1,0,0.00,0.00,0.00,12.00,0.00,0.00,0,0,0.00,0
2026-04-26 18:10:39,478.87,0,0,0,0,0,0,0,0.11,0,0.00,4.64,1.95,1.69,0.89,D,0.00,12.00,1.16,12.00,0.95,^,0.00,,25.30,12.20,504,0.00,45.5,1,0,0.00,0.00,0.00,12.00,0.00,0.00,0,0,0.00,0
2026-04-26 18:10:40,479.88,0,0,0,0,0,0,0,0.00,0,0.00,4.64,1.95,1.62,0.29,D,0.00,12.00,12.00,2.03,1.09,^,0.00,,23.80,12.20,504,0.00,46.6,1,0,0.00,0.00,0.00,12.00,0.00,0.00,0,0,0.00,0
2026-04-26 18:10:41,480.90,1,0,0,0,0,0,0,0.04,0,1.00,4.64,1.95,1.23,0.72,D,0.00,12.00,12.00,12.00,0.78,^,2.54,,24.40,12.20,504,0.00,46.1,1,0,0.00,0.00,0.00,12.00,0.04,1.00,0,0,0.00,0
2026-04-26 18:10:42,481.91,1,0,0,0,0,0,0,0.35,0,0.85,4.64,1.95,2.84,0.91,D,0.00,12.00,12.00,12.00,1.01,^,21.14,,25.20,12.20,504,0.00,45.5,1,0,0.00,0.00,0.00,12.00,0.35,1.00,0,0,0.00,0
2026-04-26 18:10:43,482.92,1,0,0,0,0,0,0,0.66,0,0.85,4.64,1.95,3.75,0.87,D,0.00,12.00,12.00,2.54,1.16,^,39.57,,24.60,12.20,504,0.00,45.5,1,0,0.00,0.00,0.00,12.00,0.66,1.00,0,0,0.00,0
2026-04-26 18:10:44,483.94,1,0,0,0,0,0,0,0.35,0,0.85,4.64,1.95,3.01,0.85,D,0.00,12.00,12.00,12.00,1.26,^,20.78,,24.70,12.20,504,0.00,46.6,1,0,0.00,0.00,0.00,12.00,0.35,1.00,0,0,0.00,0
2026-04-26 18:10:45,484.95,1,0,0,0,0,0,0,0.10,0,1.00,4.64,1.96,3.70,1.00,D,0.00,12.00,12.00,12.00,1.47,^,5.79,,24.60,12.20,504,0.00,46.6,1,0,0.00,0.00,0.00,12.00,0.10,1.00,0,0,0.00,0
2026-04-26 18:10:46,485.95,1,0,0,0,0,0,0,-0.00,0,1.00,4.64,1.96,4.06,1.00,D,0.00,12.00,12.00,12.00,1.62,^,-0.06,,24.40,12.20,504,0.00,47.2,1,0,0.00,0.00,0.00,12.00,-0.00,1.00,0,0,0.00,0
2026-04-26 18:10:47,486.96,1,0,0,0,0,0,0,0.16,0,1.00,4.64,1.97,4.21,1.00,D,0.00,12.00,12.00,12.00,1.69,^,9.62,,23.70,12.20,504,0.00,47.2,1,0,0.00,0.00,0.00,12.00,0.16,1.00,0,0,0.00,0
2026-04-26 18:10:48,487.98,0,0,0,0,0,0,0,0.00,1,0.00,4.64,1.97,1.59,0.00,D,0.00,12.00,12.00,12.00,1.63,^,0.00,,25.10,12.20,504,0.00,47.2,1,0,0.00,0.00,0.00,12.00,0.00,0.00,0,0,0.00,0
2026-04-26 18:10:49,488.99,0,0,0,0,0,0,0,0.00,0,0.00,4.64,1.97,0.00,0.00,D,0.00,12.00,12.00,12.00,0.49,^,0.00,,24.90,12.20,504,0.68,47.2,1,0,0.00,0.00,0.00,12.00,0.00,0.00,0,0,0.00,0
2026-04-26 18:10:50,490.00,0,0,0,0,0,0,0,0.00,0,0.00,4.64,1.96,0.00,0.00,D,0.00,12.00,12.00,12.00,0.32,^,0.00,,24.90,12.20,504,0.11,46.6,1,0,0.00,0.00,0.00,12.00,0.00,0.00,0,0,0.00,0
2026-04-26 18:10:51,491.01,0,0,0,0,0,0,0,0.00,0,0.00,4.64,1.96,0.24,0.00,D,0.00,12.00,0.36,12.00,0.25,^,0.00,,25.90,12.20,504,0.00,45.0,1,0,0.00,0.00,0.00,12.00,0.00,0.00,0,0,0.00,0
2026-04-26 18:10:52,492.02,0,0,0,0,0,0,0,0.00,0,0.00,4.64,1.95,0.00,0.00,D,0.00,12.00,0.45,12.00,0.27,^,0.00,,26.20,12.20,504,0.02,44.4,1,0,0.00,0.00,0.00,12.00,0.00,0.00,0,0,0.00,0
2026-04-26 18:10:53,493.04,0,0,0,0,0,0,0,0.00,0,0.00,4.64,1.95,0.00,0.00,D,0.00,12.00,0.41,12.00,0.27,^,0.00,,24.90,12.20,504,0.06,44.4,1,0,0.00,0.00,0.00,12.00,0.00,0.00,0,0,0.00,0
2026-04-26 18:10:54,494.15,0,0,0,0,0,0,0,0.00,0,0.00,4.64,1.95,0.00,0.00,D,0.00,12.00,0.43,12.00,0.28,^,0.00,,25.50,12.20,504,0.05,46.1,1,0,0.00,0.00,0.00,12.00,0.00,0.00,0,0,0.00,0
2026-04-26 18:10:55,495.05,0,0,0,0,0,0,0,0.00,0,0.00,4.64,1.94,0.00,0.00,D,0.00,12.00,0.43,12.00,0.31,^,0.00,,25.70,12.20,504,0.00,43.9,1,0,0.00,0.00,0.00,12.00,0.00,0.00,0,0,0.00,0
2026-04-26 18:10:56,496.07,0,0,0,0,0,0,0,0.00,0,0.00,4.64,1.94,0.21,0.00,D,0.00,12.00,0.37,12.00,0.27,^,0.00,,25.90,12.20,504,0.01,46.1,1,0,0.00,0.00,0.00,12.00,0.00,0.00,0,0,0.00,0
2026-04-26 18:10:57,497.08,0,0,0,0,0,0,0,0.00,0,0.00,4.64,1.93,0.00,0.00,D,0.00,12.00,0.39,12.00,0.27,^,0.00,,25.40,12.20,504,0.10,46.1,1,0,0.00,0.00,0.00,12.00,0.00,0.00,0,0,0.00,0
2026-04-26 18:10:58,498.19,0,0,0,0,0,0,0,0.00,0,0.00,4.64,1.93,0.28,0.00,D,0.00,12.00,0.53,12.00,0.30,^,0.00,,24.90,12.20,504,0.00,44.4,1,0,0.00,0.00,0.00,12.00,0.00,0.00,0,0,0.00,0
2026-04-26 18:10:59,499.10,0,0,0,0,0,0,0,0.00,0,0.00,4.64,1.93,0.00,0.00,D,0.00,12.00,12.00,12.00,0.30,^,0.00,,25.30,12.20,504,0.03,45.0,1,0,0.00,0.00,0.00,12.00,0.00,0.00,0,0,0.00,0
2026-04-26 18:11:00,500.11,0,0,0,0,0,0,0,0.00,0,0.00,4.64,1.92,0.00,0.00,D,0.00,12.00,12.00,12.00,0.32,^,0.00,,24.70,12.20,504,0.07,45.5,1,0,0.00,0.00,0.00,12.00,0.00,0.00,0,0,0.00,0
2026-04-26 18:11:01,501.12,0,0,0,0,0,0,0,0.00,0,0.00,4.64,1.92,0.00,0.00,D,0.00,12.00,12.00,12.00,0.35,^,0.00,,23.80,12.20,504,0.19,46.1,1,0,0.00,0.00,0.00,12.00,0.00,0.00,0,0,0.00,0
2026-04-26 18:11:02,502.12,0,0,0,0,0,0,0,0.00,0,0.00,4.64,1.91,0.00,0.00,D,0.00,12.00,12.00,12.00,0.36,^,0.00,,21.90,12.20,504,0.00,46.6,1,0,0.00,0.00,0.00,12.00,0.00,0.00,0,0,0.00,0
2026-04-26 18:11:03,503.14,0,0,0,0,0,0,0,0.00,0,0.00,4.64,1.91,0.00,0.00,D,0.00,12.00,12.00,12.00,0.35,^,0.00,,22.90,12.20,504,0.44,46.1,1,0,0.00,0.00,0.00,12.00,0.00,0.00,0,0,0.00,0
2026-04-26 18:11:04,504.15,0,0,0,0,0,0,0,0.00,0,0.00,4.64,1.91,0.00,0.00,D,0.00,12.00,12.00,12.00,0.35,^,0.00,,22.40,12.20,504,1.45,47.2,1,0,0.00,0.00,0.00,12.00,0.00,0.00,0,0,0.00,0
2026-04-26 18:11:05,505.16,0,0,0,0,0,0,0,0.00,0,0.00,4.64,1.90,0.00,0.00,D,0.00,12.00,12.00,12.00,0.35,^,0.00,,24.10,12.20,504,0.13,45.0,1,0,0.00,0.00,0.00,12.00,0.00,0.00,0,0,0.00,0
2026-04-26 18:11:06,506.17,0,0,0,0,0,0,0,0.00,0,0.00,4.64,1.90,0.00,0.00,D,0.00,12.00,12.00,12.00,0.36,^,0.00,,25.80,12.20,504,0.49,46.1,1,0,0.00,0.00,0.00,12.00,0.00,0.00,0,0,0.00,0
2026-04-26 18:11:07,507.18,0,0,0,0,0,0,0,0.00,0,0.00,4.64,1.90,0.00,0.00,D,0.00,12.00,12.00,12.00,0.35,^,0.00,,24.90,12.20,504,0.23,44.4,1,0,0.00,0.00,0.00,12.00,0.00,0.00,0,0,0.00,0
2026-04-26 18:11:08,508.20,0,0,0,0,0,0,0,0.00,0,0.00,4.64,1.89,0.00,0.00,D,0.00,12.00,12.00,12.00,0.34,^,0.00,,25.10,12.20,504,1.24,45.5,1,0,0.00,0.00,0.00,12.00,0.00,0.00,0,0,0.00,0
2026-04-26 18:11:09,509.21,0,0,0,0,0,0,0,0.00,0,0.00,4.64,1.89,0.00,0.00,D,0.00,12.00,12.00,12.00,0.41,^,0.00,,26.30,12.20,504,0.00,45.5,1,0,0.00,0.00,0.00,12.00,0.00,0.00,0,0,0.00,0
2026-04-26 18:11:10,510.22,0,0,0,0,0,0,0,0.00,0,0.00,4.64,1.88,0.00,0.00,D,0.00,12.00,12.00,12.00,0.42,^,0.00,,26.00,12.20,504,0.83,46.1,1,0,0.00,0.00,0.00,12.00,0.00,0.00,0,0,0.00,0
2026-04-26 18:11:11,511.23,0,0,0,0,0,0,0,0.00,0,0.00,4.64,1.88,0.00,0.00,D,0.00,12.00,12.00,12.00,0.41,^,0.00,,25.40,12.20,504,0.01,44.4,1,0,0.00,0.00,0.00,12.00,0.00,0.00,0,0,0.00,0
2026-04-26 18:11:12,512.34,0,0,0,0,0,0,0,0.00,0,0.00,4.64,1.88,0.00,0.00,D,0.00,12.00,12.00,12.00,0.42,^,0.00,,25.50,12.20,504,0.02,45.0,1,0,0.00,0.00,0.00,12.00,0.00,0.00,0,0,0.00,0
2026-04-26 18:11:13,513.24,0,0,0,0,0,0,0,0.00,0,0.00,4.64,1.87,0.00,0.00,D,0.00,12.00,12.00,12.00,0.41,^,0.00,,25.80,12.20,504,0.28,45.5,1,0,0.00,0.00,0.00,12.00,0.00,0.00,0,0,0.00,0
2026-04-26 18:11:14,514.24,0,0,0,0,0,0,0,0.00,0,0.00,4.64,1.87,0.00,0.00,D,0.00,12.00,12.00,12.00,0.42,^,0.00,,27.00,12.20,504,0.08,45.5,1,0,0.00,0.00,0.00,12.00,0.00,0.00,0,0,0.00,0
2026-04-26 18:11:15,515.26,0,0,0,0,0,0,0,0.00,0,0.00,4.64,1.87,0.00,0.00,D,0.00,12.00,12.00,12.00,0.43,^,0.00,,25.20,12.20,504,0.10,45.5,1,0,0.00,0.00,0.00,12.00,0.00,0.00,0,0,0.00,0
2026-04-26 18:11:16,516.27,1,0,0,0,0,0,0,0.36,0,0.85,4.64,1.86,0.00,0.06,D,0.00,12.00,12.00,12.00,0.44,^,21.51,,22.50,12.20,504,1.11,45.0,1,0,0.00,0.00,0.00,12.00,0.36,1.00,0,0,0.00,0
2026-04-26 18:11:17,517.28,1,0,0,0,0,0,0,0.30,0,0.85,4.64,1.86,0.18,0.56,D,0.00,12.00,12.00,12.00,0.66,^,17.95,,24.80,12.20,504,0.00,46.1,1,0,0.00,0.00,0.00,12.00,0.30,1.00,0,0,0.00,0
2026-04-26 18:11:18,518.29,1,0,0,0,0,0,0,-0.18,0,1.00,4.64,1.86,2.72,1.00,D,0.00,12.00,12.00,12.00,1.12,^,-10.67,,26.80,12.20,504,0.00,45.0,1,0,0.00,0.00,0.00,12.00,-0.18,1.00,0,0,0.00,0
2026-04-26 18:11:19,519.30,1,0,0,0,0,0,0,-0.13,0,1.00,4.64,1.86,4.16,1.00,D,0.00,12.00,12.00,12.00,1.98,^,-7.52,,28.10,12.20,504,0.00,45.0,1,0,0.00,0.00,0.00,12.00,-0.13,1.00,0,0,0.00,0
2026-04-26 18:11:20,520.31,1,0,0,0,0,0,0,0.05,0,1.00,4.64,1.87,4.15,1.00,D,0.00,12.00,12.00,2.22,2.18,^,3.12,,28.20,12.20,504,0.00,43.9,1,0,0.00,0.00,0.00,12.00,0.05,1.00,0,0,0.00,0
2026-04-26 18:11:21,521.33,1,0,0,0,0,0,0,-0.11,0,1.00,4.64,1.87,3.65,1.00,D,0.00,12.00,12.00,4.52,12.00,^,-6.52,,27.70,12.20,504,0.00,45.5,1,0,0.00,0.00,0.00,12.00,-0.11,1.00,0,0,0.00,0
2026-04-26 18:11:22,522.34,1,0,0,0,0,0,0,-0.37,0,0.85,4.64,1.87,0.52,0.03,D,0.00,12.00,12.00,3.67,2.12,^,-22.07,,25.90,12.20,504,0.01,46.1,1,0,0.00,0.00,0.00,12.00,-0.37,1.00,0,0,0.00,0
2026-04-26 18:11:23,523.35,1,0,0,0,0,0,0,-0.38,0,0.85,4.64,1.87,0.03,0.54,D,0.00,12.00,12.00,3.64,1.30,^,-22.55,,22.80,12.20,504,0.01,45.5,1,0,0.00,0.00,0.00,12.00,-0.38,1.00,0,0,0.00,0
2026-04-26 18:11:24,524.36,0,0,0,0,0,0,0,1.00,0,0.00,4.64,1.86,1.45,0.00,D,0.00,12.00,12.00,3.38,0.90,^,0.00,,23.70,12.20,504,0.00,45.0,1,0,0.00,0.00,0.00,12.00,0.00,0.00,0,0,0.00,0
2026-04-26 18:11:25,525.37,0,0,0,0,0,0,0,0.00,0,1.00,4.64,1.86,0.05,0.45,D,0.00,12.00,12.00,3.19,0.57,^,0.00,,23.20,12.20,504,0.08,46.6,1,0,0.00,0.00,0.00,12.00,0.00,0.00,0,0,0.00,0
2026-04-26 18:11:26,526.38,1,0,0,0,0,0,0,-0.36,0,0.85,4.64,1.86,1.25,0.85,D,0.00,12.00,12.00,2.98,0.53,^,-21.55,,22.10,12.20,504,0.00,46.6,1,0,0.00,0.00,0.00,12.00,-0.36,1.00,0,0,0.00,0
2026-04-26 18:11:27,527.39,0,0,0,0,0,0,0,1.00,0,0.00,4.64,1.86,3.03,0.00,D,0.00,12.00,12.00,2.58,1.13,^,0.00,,26.80,12.20,504,0.00,46.1,1,0,0.00,0.00,0.00,12.00,0.00,0.00,0,0,0.00,0
2026-04-26 18:11:28,528.40,1,0,0,0,0,0,0,-0.45,0,0.85,4.64,1.86,1.16,0.44,D,0.00,2.77,12.00,2.06,1.12,^,-26.90,,27.70,12.20,504,0.00,46.1,1,0,0.00,0.00,0.00,2.77,-0.45,1.00,0,0,0.00,0
2026-04-26 18:11:29,529.42,1,0,0,0,0,0,0,0.11,0,1.00,4.64,1.86,2.00,0.95,D,0.00,12.00,12.00,1.95,0.86,^,6.61,,24.80,12.20,504,0.00,45.5,1,0,0.00,0.00,0.00,12.00,0.11,1.00,0,0,0.00,0
2026-04-26 18:11:30,530.43,1,0,0,0,0,0,0,0.24,0,1.00,4.64,1.86,4.06,1.00,D,0.00,12.00,12.00,2.51,1.42,^,14.36,,24.80,12.20,504,0.00,46.1,1,0,0.00,0.00,0.00,12.00,0.24,1.00,0,0,0.00,0
2026-04-26 18:11:31,531.45,1,0,0,0,0,0,0,0.14,0,1.00,4.64,1.87,4.23,1.00,D,0.00,12.00,12.00,12.00,1.64,^,8.39,,24.30,12.20,504,0.00,47.7,1,0,0.00,0.00,0.00,12.00,0.14,1.00,0,0,0.00,0
2026-04-26 18:11:32,532.46,1,0,0,0,0,0,0,0.16,0,1.00,4.64,1.87,4.25,0.86,D,0.00,12.00,12.00,12.00,1.97,^,9.39,,24.70,12.20,504,0.00,45.5,1,0,0.00,0.00,0.00,12.00,0.16,1.00,0,0,0.00,0
2026-04-26 18:11:33,533.47,0,0,0,0,0,0,0,0.00,0,1.00,4.64,1.87,1.65,0.47,D,0.00,12.00,12.00,12.00,12.00,^,0.00,,25.00,12.20,504,0.00,46.6,1,0,0.00,0.00,0.00,12.00,0.00,0.00,0,0,0.00,0
2026-04-26 18:11:34,534.48,0,0,0,1,0,0,0,-1.00,0,1.00,4.64,1.87,0.72,-0.23,R,0.00,12.00,1.41,12.00,7.34,^,0.00,,24.10,12.20,504,0.00,45.5,1,0,0.00,0.00,0.00,12.00,0.00,0.00,0,0,0.00,0
2026-04-26 18:11:35,535.48,0,0,0,0,0,0,0,-1.00,0,1.00,4.64,1.87,0.26,-0.73,R,0.00,12.00,1.53,12.00,7.41,^,0.00,,24.00,12.20,504,0.00,47.7,1,0,0.00,0.00,0.00,12.00,0.00,0.00,0,0,0.00,0
2026-04-26 18:11:36,536.50,0,0,0,0,0,0,0,-0.43,0,1.00,4.64,1.87,3.04,-1.00,R,0.00,12.00,12.00,12.00,12.00,^,0.00,,24.20,12.20,504,0.00,46.6,1,0,0.00,0.00,0.00,12.00,0.00,0.00,0,0,0.00,0
2026-04-26 18:11:37,537.51,0,0,0,0,0,0,0,0.00,0,1.00,4.64,1.87,3.43,-1.00,R,0.00,7.19,12.00,6.33,1.76,^,0.00,,23.40,12.20,504,0.00,47.7,1,0,0.00,0.00,0.00,7.19,0.00,0.00,0,0,0.00,0
2026-04-26 18:11:38,538.62,0,0,0,0,0,0,0,0.00,0,1.00,4.64,1.87,3.58,-1.00,R,0.00,12.00,1.47,12.00,2.47,^,0.00,,25.40,12.20,504,0.00,46.1,1,0,0.00,0.00,0.00,12.00,0.00,0.00,0,0,0.00,0
2026-04-26 18:11:39,539.52,0,0,0,0,0,0,0,0.21,0,1.00,4.64,1.88,4.00,-1.00,R,0.00,12.00,1.91,1.93,1.93,^,0.00,,25.40,12.20,504,0.00,47.2,1,0,0.00,0.00,0.00,12.00,0.00,0.00,0,0,0.00,0
2026-04-26 18:11:40,540.63,0,0,0,0,0,0,0,0.00,1,0.73,4.64,1.88,3.56,0.00,R,0.00,12.00,12.00,1.47,1.43,^,0.00,,25.20,12.20,504,0.00,45.0,1,0,0.00,0.00,0.00,12.00,0.00,0.00,0,0,0.00,0
2026-04-26 18:11:41,541.54,0,0,0,0,0,0,0,0.00,0,0.00,4.64,1.88,0.00,-0.00,R,0.00,1.64,12.00,1.41,1.36,^,0.00,,21.80,12.20,504,0.38,47.2,1,0,0.00,0.00,0.00,1.64,0.00,0.00,0,0,0.00,0
2026-04-26 18:11:42,542.55,0,0,0,0,0,0,0,0.00,0,0.00,4.64,1.88,0.00,-0.00,R,0.00,0.58,0.88,1.41,1.36,STOP_WARNING,0.00,,22.00,12.20,504,1.39,47.7,1,0,0.00,0.00,0.00,0.58,0.00,0.00,0,0,0.00,0
2026-04-26 18:11:43,543.56,0,0,0,0,0,0,0,0.00,0,0.00,4.64,1.87,0.00,-0.00,R,0.00,0.39,0.21,1.41,1.36,STOP_WARNING,0.00,,22.00,12.20,504,0.01,46.1,1,0,0.00,0.00,0.00,0.39,0.00,0.00,0,0,0.00,0
2026-04-26 18:11:44,544.57,0,0,0,0,0,0,0,0.00,0,0.00,4.64,1.87,0.00,-0.00,R,0.00,12.00,0.24,1.41,1.36,^,0.00,,22.50,12.20,504,0.85,46.6,1,0,0.00,0.00,0.00,12.00,0.00,0.00,0,0,0.00,0
2026-04-26 18:11:45,545.58,0,0,0,0,0,0,0,-1.00,0,1.00,4.64,1.87,0.00,-0.14,R,0.00,12.00,0.58,1.41,1.36,^,0.00,,21.60,12.20,504,0.94,46.6,1,0,0.00,0.00,0.00,12.00,0.00,0.00,0,0,0.00,0
2026-04-26 18:11:46,546.60,0,0,0,0,0,0,0,-0.91,1,0.00,4.64,1.86,0.00,0.00,R,0.00,12.00,0.89,1.41,1.36,^,0.00,,22.70,12.20,504,0.37,45.5,1,0,0.00,0.00,0.00,12.00,0.00,0.00,0,0,0.00,0
2026-04-26 18:11:47,547.61,0,0,0,0,0,0,0,-1.00,0,1.00,4.64,1.86,0.00,-0.14,R,0.00,12.00,0.71,1.41,1.36,^,0.00,,23.30,12.30,504,1.38,47.7,1,0,0.00,0.00,0.00,12.00,0.00,0.00,0,0,0.00,0
2026-04-26 18:11:49,548.72,0,0,0,0,0,0,0,0.00,0,0.86,4.64,1.85,0.04,-0.64,R,0.00,12.00,0.44,1.41,0.43,^,0.00,,22.90,12.20,504,0.00,46.1,1,0,0.00,0.00,0.00,12.00,0.00,0.00,0,0,0.00,0
2026-04-26 18:11:49,549.63,0,0,0,0,0,0,0,0.00,0,0.00,4.64,1.85,1.04,-0.34,R,0.00,12.00,0.36,1.35,1.33,^,0.00,,22.90,12.20,504,0.00,47.7,1,0,0.00,0.00,0.00,12.00,0.00,0.00,0,0,0.00,0
2026-04-26 18:11:50,550.63,0,0,0,0,0,0,0,0.00,1,0.00,4.64,1.85,0.00,0.00,R,0.00,12.00,0.54,1.34,1.34,^,0.00,,25.50,12.30,504,0.49,46.6,1,0,0.00,0.00,0.00,12.00,0.00,0.00,0,0,0.00,0
2026-04-26 18:11:51,551.64,0,0,0,0,0,0,0,0.00,1,0.00,4.64,1.85,0.00,0.00,R,0.00,12.00,0.31,1.34,0.34,^,0.00,,23.80,12.30,504,0.58,45.5,1,0,0.00,0.00,0.00,12.00,0.00,0.00,0,0,0.00,0
2026-04-26 18:11:53,552.75,0,0,0,0,0,0,0,-1.00,0,1.00,4.64,1.84,0.00,-0.35,R,0.00,12.00,0.68,1.33,1.34,^,0.00,,24.80,12.30,504,0.12,46.6,1,0,0.00,0.00,0.00,12.00,0.00,0.00,0,0,0.00,0
2026-04-26 18:11:53,553.66,0,0,0,0,0,0,0,-0.16,0,0.00,4.64,1.84,0.44,-0.78,R,0.00,12.00,0.70,1.33,1.34,^,0.00,,25.40,12.30,504,0.00,46.1,1,0,0.00,0.00,0.00,12.00,0.00,0.00,0,0,0.00,0
2026-04-26 18:11:55,554.77,0,0,0,0,0,0,0,0.00,0,0.93,4.64,1.84,1.30,-0.63,R,0.00,2.26,0.83,1.49,12.00,^,0.00,,25.80,12.30,504,0.00,45.0,1,0,0.00,0.00,0.00,2.26,0.00,0.00,0,0,0.00,0
2026-04-26 18:11:55,555.67,0,0,0,0,0,0,0,0.00,0,1.00,4.64,1.84,0.93,-0.67,R,0.00,12.00,0.49,1.73,12.00,^,0.00,,27.40,12.30,504,0.00,46.1,1,0,0.00,0.00,0.00,12.00,0.00,0.00,0,0,0.00,0
2026-04-26 18:11:57,556.69,0,0,0,0,0,0,0,-0.25,0,1.00,4.64,1.84,3.03,-1.00,R,0.00,0.81,0.81,2.14,12.00,WARN_WARNING,0.00,,26.10,12.30,504,0.00,46.1,1,0,0.00,0.00,0.00,0.81,0.00,0.00,0,0,0.00,0
2026-04-26 18:11:58,557.70,0,0,0,0,0,0,0,0.00,1,0.00,4.64,1.84,2.30,0.00,R,0.00,3.25,0.97,3.25,2.14,^,0.00,,23.90,12.30,504,0.00,48.3,1,0,0.00,0.00,0.00,3.25,0.00,0.00,0,0,0.00,0
2026-04-26 18:11:59,558.71,0,0,0,0,0,0,0,0.00,0,1.00,4.64,1.84,0.01,-0.22,R,0.00,3.49,0.57,3.61,2.29,^,0.00,,21.30,12.20,504,0.22,45.5,1,0,0.00,0.00,0.00,3.49,0.00,0.00,0,0,0.00,0
2026-04-26 18:12:00,559.72,0,0,1,0,0,0,0,0.00,0,0.00,4.64,1.83,0.24,0.00,N,0.00,3.50,0.55,2.46,0.48,^,0.00,,21.40,12.20,504,0.00,47.2,1,0,0.00,0.00,0.00,3.50,0.00,0.00,0,0,0.00,0
2026-04-26 18:12:01,560.74,0,0,1,0,0,0,0,0.00,0,1.00,4.64,1.83,0.06,0.39,D,0.00,3.50,0.60,2.46,0.46,^,0.00,,22.90,12.20,504,0.01,45.5,1,0,0.00,0.00,0.00,3.50,0.00,0.00,0,0,0.00,0
2026-04-26 18:12:02,561.75,0,0,0,0,0,0,0,0.00,0,1.00,4.64,1.83,1.49,0.90,D,0.00,3.32,0.55,3.19,2.37,^,0.00,,23.90,12.20,504,0.00,46.6,1,0,0.00,0.00,0.00,3.32,0.00,0.00,0,0,0.00,0
2026-04-26 18:12:03,562.75,0,0,0,0,0,0,0,0.00,0,1.00,4.64,1.83,2.68,0.76,D,0.00,2.69,0.46,2.36,0.51,^,0.00,,26.00,12.20,504,0.00,46.6,1,0,0.00,0.00,0.00,2.69,0.00,0.00,0,0,0.00,0
2026-04-26 18:12:04,563.76,0,0,0,0,0,0,0,0.00,0,1.00,4.64,1.83,2.80,0.63,D,0.00,12.00,12.00,1.71,0.57,^,0.00,,23.80,12.20,504,0.00,46.1,1,0,0.00,0.00,0.00,12.00,0.00,0.00,0,0,0.00,0
2026-04-26 18:12:05,564.78,0,0,0,0,0,0,0,0.19,0,0.35,4.64,1.83,2.95,0.59,D,0.00,12.00,12.00,1.55,0.58,^,0.00,,22.80,12.20,504,0.00,46.1,1,0,0.00,0.00,0.00,12.00,0.00,0.00,0,0,0.00,0
2026-04-26 18:12:06,565.79,1,0,0,0,0,0,0,0.11,0,1.00,4.64,1.83,2.30,0.68,D,0.00,12.00,12.00,2.07,0.65,^,6.32,,24.30,12.20,504,0.00,46.1,1,0,0.00,0.00,0.00,12.00,0.11,1.00,0,0,0.00,0
2026-04-26 18:12:07,566.80,1,0,0,0,0,0,0,0.18,0,1.00,4.64,1.84,3.31,1.00,D,0.00,12.00,12.00,8.07,0.71,^,10.52,,24.00,12.20,504,0.00,46.1,1,0,0.00,0.00,0.00,12.00,0.18,1.00,0,0,0.00,0
2026-04-26 18:12:08,567.81,0,0,0,0,0,0,0,0.00,1,0.00,4.64,1.84,4.05,0.00,D,0.00,12.00,12.00,7.51,1.22,^,0.00,,25.20,12.20,504,0.00,46.6,1,0,0.00,0.00,0.00,12.00,0.00,0.00,0,0,0.00,0
2026-04-26 18:12:09,568.93,0,0,0,0,0,0,0,-1.00,0,1.00,4.64,1.84,0.16,0.27,D,0.00,12.00,12.00,7.31,1.01,^,0.00,,24.80,12.20,504,0.01,47.7,1,0,0.00,0.00,0.00,12.00,0.00,0.00,0,0,0.00,0
2026-04-26 18:12:10,569.83,0,0,0,0,0,0,0,-0.10,0,0.00,4.64,1.84,0.86,0.63,D,0.00,12.00,12.00,12.00,0.49,^,0.00,,26.10,12.20,504,0.00,46.1,1,0,0.00,0.00,0.00,12.00,0.00,0.00,0,0,0.00,0
2026-04-26 18:12:11,570.84,1,0,0,0,0,0,0,-0.46,0,0.85,4.64,1.84,0.90,0.01,D,0.00,12.00,12.00,12.00,0.39,^,-27.37,,25.10,12.20,504,0.00,45.0,1,0,0.00,0.00,0.00,12.00,-0.46,1.00,0,0,0.00,0
2026-04-26 18:12:12,571.86,1,0,0,0,0,0,0,0.30,0,0.85,4.64,1.83,0.51,0.52,D,0.00,12.00,12.00,12.00,0.46,^,17.98,,26.90,12.20,504,0.00,46.1,1,0,0.00,0.00,0.00,12.00,0.30,1.00,0,0,0.00,0
2026-04-26 18:12:13,572.87,1,0,0,0,0,0,0,-0.12,0,1.00,4.64,1.83,2.55,1.00,D,0.00,12.00,12.00,12.00,0.70,^,-7.32,,25.80,12.20,504,0.00,46.1,1,0,0.00,0.00,0.00,12.00,-0.12,1.00,0,0,0.00,0
2026-04-26 18:12:14,573.88,1,0,0,0,0,0,0,0.09,0,1.00,4.64,1.84,4.07,1.00,D,0.00,12.00,12.00,12.00,1.55,^,5.40,,27.10,12.20,504,0.00,45.0,1,0,0.00,0.00,0.00,12.00,0.09,1.00,0,0,0.00,0
2026-04-26 18:12:15,574.90,1,0,0,0,0,0,0,0.23,0,1.00,4.64,1.84,4.31,1.00,D,0.00,12.00,12.00,12.00,1.73,^,13.51,,27.80,12.20,504,0.00,46.6,1,0,0.00,0.00,0.00,12.00,0.23,1.00,0,0,0.00,0
2026-04-26 18:12:16,575.91,1,0,0,0,0,0,0,-0.21,0,1.00,4.64,1.84,4.23,1.00,D,0.00,12.00,12.00,2.62,1.86,^,-12.75,,26.50,12.20,504,0.00,45.5,1,0,0.00,0.00,0.00,12.00,-0.21,1.00,0,0,0.00,0
2026-04-26 18:12:17,576.92,1,0,0,0,0,0,0,0.16,0,1.00,4.64,1.85,4.28,1.00,D,0.00,12.00,12.00,12.00,2.00,^,9.59,,24.20,12.20,504,0.00,47.2,1,0,0.00,0.00,0.00,12.00,0.16,1.00,0,0,0.00,0
2026-04-26 18:12:18,577.93,0,0,0,0,0,0,0,1.00,0,1.00,4.64,1.85,1.30,0.12,D,0.00,12.00,12.00,12.00,1.76,^,0.00,,23.40,12.20,504,0.00,47.2,1,0,0.00,0.00,0.00,12.00,0.00,0.00,0,0,0.00,0
2026-04-26 18:12:19,579.04,0,0,0,0,0,0,0,0.00,0,0.00,4.64,1.85,0.59,0.00,D,0.00,12.00,12.00,12.00,1.25,^,0.00,,21.50,12.20,504,0.00,46.1,1,0,0.00,0.00,0.00,12.00,0.00,0.00,0,0,0.00,0
2026-04-26 18:12:20,579.94,1,0,0,0,0,0,0,-0.16,0,1.00,4.64,1.85,0.04,0.39,D,0.00,12.00,12.00,12.00,0.70,^,-9.48,,21.50,12.20,504,0.01,46.6,1,0,0.00,0.00,0.00,12.00,-0.16,1.00,0,0,0.00,0
2026-04-26 18:12:21,580.96,1,0,0,0,0,0,0,-0.09,0,1.00,4.64,1.84,1.62,0.90,D,0.00,12.00,12.00,12.00,0.55,^,-5.34,,23.10,12.20,504,0.00,47.2,1,0,0.00,0.00,0.00,12.00,-0.09,1.00,0,0,0.00,0
2026-04-26 18:12:22,581.97,1,0,0,0,0,0,0,0.27,0,0.85,4.64,1.85,3.92,0.93,D,0.00,3.53,12.00,3.45,0.99,^,15.94,,25.60,12.20,504,0.00,46.6,1,0,0.00,0.00,0.00,3.53,0.27,1.00,0,0,0.00,0
2026-04-26 18:12:23,583.08,0,0,0,0,0,0,0,1.00,0,1.00,4.64,1.85,0.70,0.18,D,0.00,2.78,12.00,12.00,0.88,^,0.00,,25.80,12.20,504,0.00,46.1,1,0,0.00,0.00,0.00,2.78,0.00,0.00,0,0,0.00,0
2026-04-26 18:12:24,583.99,1,0,0,0,0,0,0,0.16,0,1.00,4.64,1.84,0.63,0.56,D,0.00,2.59,12.00,12.00,0.76,^,9.44,,24.60,12.20,504,0.00,45.0,1,0,0.00,0.00,0.00,2.59,0.16,1.00,0,0,0.00,0
2026-04-26 18:12:25,585.00,1,0,0,0,0,0,0,0.07,0,1.00,4.64,1.84,2.67,1.00,D,0.00,1.95,12.00,12.00,0.94,^,4.47,,24.80,12.20,504,0.00,46.6,1,0,0.00,0.00,0.00,1.95,0.07,1.00,0,0,0.00,0
2026-04-26 18:12:26,586.01,1,0,0,0,0,0,0,0.00,0,1.00,4.64,1.85,3.62,0.73,D,0.00,12.00,0.62,12.00,1.39,^,0.24,,24.90,12.20,504,0.00,46.6,1,0,0.00,0.00,0.00,12.00,0.00,1.00,0,0,0.00,0
2026-04-26 18:12:27,587.03,1,0,0,0,0,0,0,0.42,0,0.50,4.64,1.85,3.14,0.90,D,0.00,1.70,12.00,2.91,0.88,WARN_WARNING,25.33,lidar_override,23.50,12.20,504,0.00,46.6,1,0,0.00,0.00,0.00,1.70,0.09,1.00,0,0,0.00,0
2026-04-26 18:12:28,588.03,1,0,0,0,0,0,0,-0.12,0,1.00,4.64,1.85,3.42,0.79,D,0.00,12.00,0.61,2.73,0.69,^,-7.26,,22.20,12.20,504,0.00,46.6,1,0,0.00,0.00,0.00,12.00,-0.12,1.00,0,0,0.00,0
2026-04-26 18:12:29,589.04,1,0,0,0,0,0,0,0.38,0,0.85,4.64,1.85,3.58,0.85,D,0.00,12.00,12.00,1.67,1.45,^,22.82,,22.50,12.10,504,0.00,46.1,1,0,0.00,0.00,0.00,12.00,0.38,1.00,0,0,0.00,0
2026-04-26 18:12:30,590.06,1,0,0,0,0,0,0,0.00,0,1.00,4.64,1.86,4.09,1.00,D,0.00,12.00,12.00,1.79,1.57,^,0.08,,23.30,12.20,504,0.00,47.7,1,0,0.00,0.00,0.00,12.00,0.00,1.00,0,0,0.00,0
2026-04-26 18:12:31,591.07,1,0,0,0,0,0,0,0.11,0,1.00,4.64,1.86,4.49,1.00,D,0.00,12.00,12.00,2.57,2.26,^,6.62,,24.80,12.20,504,0.00,46.6,1,0,0.00,0.00,0.00,12.00,0.11,1.00,0,0,0.00,0
2026-04-26 18:12:32,592.08,1,0,0,0,0,0,0,0.07,0,1.00,4.64,1.87,4.48,1.00,D,0.00,12.00,12.00,12.00,2.42,^,4.16,,25.10,12.20,504,0.00,47.2,1,0,0.00,0.00,0.00,12.00,0.07,1.00,0,0,0.00,0
2026-04-26 18:12:33,593.10,1,0,0,0,0,0,0,0.05,0,1.00,4.64,1.87,4.25,1.00,D,0.00,12.00,12.00,12.00,12.00,^,3.14,,24.20,12.20,504,0.00,46.1,1,0,0.00,0.00,0.00,12.00,0.05,1.00,0,0,0.00,0
2026-04-26 18:12:34,594.11,0,0,0,0,0,0,0,0.00,0,0.00,4.64,1.87,2.37,0.00,D,0.00,12.00,12.00,12.00,12.00,^,0.00,,23.70,12.20,504,0.00,47.2,1,0,0.00,0.00,0.00,12.00,0.00,0.00,0,0,0.00,0
2026-04-26 18:12:35,595.22,0,0,0,1,0,0,0,-0.94,0,1.00,4.64,1.87,1.00,-0.05,R,0.00,12.00,12.00,12.00,2.28,^,0.00,,22.60,12.20,504,0.00,47.2,1,0,0.00,0.00,0.00,12.00,0.00,0.00,0,0,0.00,0
2026-04-26 18:12:36,596.12,0,0,0,0,0,0,0,0.00,0,1.00,4.64,1.87,0.79,-0.55,R,0.00,12.00,12.00,12.00,1.78,^,0.00,,21.60,12.20,504,0.00,47.2,1,0,0.00,0.00,0.00,12.00,0.00,0.00,0,0,0.00,0
2026-04-26 18:12:37,597.14,0,0,0,0,0,0,0,-0.12,0,1.00,4.64,1.87,3.78,-1.00,R,0.00,12.00,12.00,12.00,1.17,^,0.00,,24.30,12.20,504,0.00,47.2,1,0,0.00,0.00,0.00,12.00,0.00,0.00,0,0,0.00,0
2026-04-26 18:12:38,598.15,0,0,0,0,0,0,0,0.00,0,1.00,4.64,1.87,0.07,-0.95,R,0.00,12.00,12.00,12.00,1.00,^,0.00,,26.10,12.20,504,0.24,46.6,1,0,0.00,0.00,0.00,12.00,0.00,0.00,0,0,0.00,0
2026-04-26 18:12:39,599.15,0,0,0,0,0,0,0,0.00,0,1.00,4.64,1.87,0.00,-1.00,R,0.00,1.18,1.19,12.00,1.41,WARN_WARNING,0.00,,24.90,12.20,504,0.01,47.2,1,0,0.00,0.00,0.00,1.18,0.00,0.00,0,0,0.00,0
2026-04-26 18:12:40,600.16,0,0,0,0,0,0,0,0.00,0,1.00,4.64,1.87,0.00,-1.00,R,0.00,1.18,1.20,12.00,1.11,WARN_WARNING,0.00,,24.00,12.20,504,1.02,46.6,1,0,0.00,0.00,0.00,1.18,0.00,0.00,0,0,0.00,0
2026-04-26 18:12:41,601.18,0,0,0,0,0,0,0,0.00,0,1.00,4.64,1.86,0.00,-1.00,R,0.00,1.18,0.34,12.00,0.38,WARN_WARNING,0.00,,25.10,12.20,504,0.93,46.6,1,0,0.00,0.00,0.00,1.18,0.00,0.00,0,0,0.00,0
2026-04-26 18:12:42,602.19,0,0,0,0,0,0,0,0.00,0,1.00,4.64,1.86,1.12,-1.00,R,0.00,12.00,0.59,12.00,12.00,^,0.00,,25.80,12.20,504,0.00,45.0,1,0,0.00,0.00,0.00,12.00,0.00,0.00,0,0,0.00,0
2026-04-26 18:12:43,603.20,0,0,0,0,0,0,0,0.00,0,0.00,4.64,1.86,1.70,-0.44,R,0.00,12.00,1.67,12.00,12.00,^,0.00,,26.00,12.20,504,0.00,45.0,1,0,0.00,0.00,0.00,12.00,0.00,0.00,0,0,0.00,0
2026-04-26 18:12:44,604.21,0,0,1,0,0,0,0,1.00,0,1.00,4.64,1.86,0.04,0.16,D,0.00,12.00,1.66,12.00,12.00,^,0.00,,24.70,12.20,504,0.12,46.1,1,0,0.00,0.00,0.00,12.00,0.00,0.00,0,0,0.00,0
2026-04-26 18:12:45,605.22,0,0,0,0,0,0,0,1.00,0,1.00,4.64,1.86,0.69,0.67,D,0.00,12.00,1.09,12.00,12.00,^,0.00,,24.20,12.20,504,0.00,45.0,1,0,0.00,0.00,0.00,12.00,0.00,0.00,0,0,0.00,0
2026-04-26 18:12:46,606.23,0,0,0,0,0,0,0,0.00,0,0.00,4.64,1.86,2.72,0.73,D,0.00,12.00,12.00,12.00,0.86,^,0.00,,26.00,12.20,504,0.00,46.6,1,0,0.00,0.00,0.00,12.00,0.00,0.00,0,0,0.00,0
2026-04-26 18:12:47,607.24,0,0,0,0,0,0,0,0.00,0,0.00,4.64,1.86,2.63,0.12,D,0.00,12.00,12.00,12.00,1.02,^,0.00,,24.70,12.20,504,0.00,45.5,1,0,0.00,0.00,0.00,12.00,0.00,0.00,0,0,0.00,0
2026-04-26 18:12:48,608.26,1,0,0,0,0,0,0,0.10,0,1.00,4.64,1.86,2.05,0.63,D,0.00,12.00,12.00,12.00,0.86,^,5.73,,25.20,12.20,504,0.00,46.1,1,0,0.00,0.00,0.00,12.00,0.10,1.00,0,0,0.00,0
2026-04-26 18:12:49,609.26,1,0,0,0,0,0,0,-0.28,0,0.85,4.64,1.86,3.05,0.99,D,0.00,12.00,12.00,2.11,0.77,^,-16.59,,24.00,12.20,504,0.00,46.1,1,0,0.00,0.00,0.00,12.00,-0.28,1.00,0,0,0.00,0
2026-04-26 18:12:50,610.27,0,0,0,0,0,0,0,0.00,1,0.00,4.64,1.86,2.52,0.00,D,0.00,12.00,12.00,2.65,1.20,^,0.00,,26.50,12.20,504,0.00,46.1,1,0,0.00,0.00,0.00,12.00,0.00,0.00,0,0,0.00,0
2026-04-26 18:12:51,611.38,0,0,0,0,0,0,0,0.00,0,0.00,4.64,1.86,0.94,0.00,D,0.00,12.00,12.00,2.52,1.03,^,0.00,,25.10,12.20,504,0.00,45.0,1,0,0.00,0.00,0.00,12.00,0.00,0.00,0,0,0.00,0
2026-04-26 18:12:52,612.40,1,0,0,0,0,0,0,0.19,0,1.00,4.64,1.86,0.09,0.26,D,0.00,12.00,12.00,2.43,0.71,^,11.29,,23.90,12.20,504,0.00,46.1,1,0,0.00,0.00,0.00,12.00,0.19,1.00,0,0,0.00,0
2026-04-26 18:12:53,613.30,1,0,0,0,0,0,0,-0.05,0,1.00,4.64,1.86,0.95,0.76,D,0.00,12.00,12.00,2.35,0.46,^,-2.95,,24.60,12.20,504,0.00,45.0,1,0,0.00,0.00,0.00,12.00,-0.05,1.00,0,0,0.00,0
2026-04-26 18:12:54,614.31,1,0,0,0,0,0,0,0.32,0,0.85,4.64,1.86,3.86,0.97,D,0.00,12.00,12.00,1.66,0.81,^,19.08,,24.40,12.20,504,0.00,46.1,1,0,0.00,0.00,0.00,12.00,0.32,1.00,0,0,0.00,0
2026-04-26 18:12:55,615.33,1,0,0,0,0,0,0,0.29,0,0.85,4.64,1.86,3.60,0.85,D,0.00,12.00,12.00,1.22,1.14,^,17.25,,24.30,12.20,504,0.00,46.6,1,0,0.00,0.00,0.00,12.00,0.29,1.00,0,0,0.00,0
2026-04-26 18:12:56,616.34,1,0,0,0,0,0,0,-0.08,0,1.00,4.64,1.86,3.80,1.00,D,0.00,12.00,12.00,1.40,1.09,^,-4.52,,23.30,12.20,504,0.00,46.1,1,0,0.00,0.00,0.00,12.00,-0.08,1.00,0,0,0.00,0
2026-04-26 18:12:57,617.35,1,0,0,0,0,0,0,0.11,0,1.00,4.64,1.87,3.69,1.00,D,0.00,12.00,12.00,12.00,1.57,^,6.81,,22.50,12.20,504,0.00,45.5,1,0,0.00,0.00,0.00,12.00,0.11,1.00,0,0,0.00,0
2026-04-26 18:12:58,618.36,1,0,0,0,0,0,0,-0.06,0,1.00,4.64,1.87,4.19,0.98,D,0.00,12.00,12.00,12.00,1.84,^,-3.70,,23.20,12.20,504,0.00,47.2,1,0,0.00,0.00,0.00,12.00,-0.06,1.00,0,0,0.00,0
2026-04-26 18:12:59,619.36,1,0,0,0,0,0,0,0.25,0,1.00,4.64,1.87,4.27,0.96,D,0.00,12.00,12.00,12.00,2.10,^,14.91,,24.40,12.20,504,0.00,46.6,1,0,0.00,0.00,0.00,12.00,0.25,1.00,0,0,0.00,0
2026-04-26 18:13:00,620.36,1,0,0,0,0,0,0,0.06,0,1.00,4.64,1.88,4.18,1.00,D,0.00,12.00,12.00,12.00,2.17,^,3.36,,25.50,12.20,504,0.00,45.0,1,0,0.00,0.00,0.00,12.00,0.06,1.00,0,0,0.00,0
2026-04-26 18:13:01,621.37,1,0,0,0,0,0,0,0.02,0,1.00,4.64,1.88,4.30,1.00,D,0.00,12.00,12.00,12.00,12.00,^,1.16,,24.90,12.20,504,0.00,47.7,1,0,0.00,0.00,0.00,12.00,0.02,1.00,0,0,0.00,0
2026-04-26 18:13:02,622.39,1,0,0,0,0,0,0,0.03,0,1.00,4.64,1.89,4.30,1.00,D,0.00,12.00,12.00,12.00,12.00,^,2.05,,22.80,12.20,504,0.00,47.7,1,0,0.00,0.00,0.00,12.00,0.03,1.00,0,0,0.00,0
2026-04-26 18:13:03,623.40,1,0,0,0,0,0,0,-0.32,0,0.85,4.64,1.89,4.27,0.98,D,0.00,12.00,12.00,3.08,2.44,^,-18.99,,22.50,12.20,504,0.00,47.2,1,0,0.00,0.00,0.00,12.00,-0.32,1.00,0,0,0.00,0
2026-04-26 18:13:04,624.42,1,0,0,0,0,0,0,0.04,0,1.00,4.64,1.89,4.00,1.00,D,0.00,12.00,12.00,2.22,2.35,^,2.28,,24.10,12.20,504,0.00,46.6,1,0,0.00,0.00,0.00,12.00,0.04,1.00,0,0,0.00,0
2026-04-26 18:13:05,625.43,1,0,0,0,0,0,0,0.27,0,0.85,4.64,1.90,3.93,0.94,D,0.00,12.00,12.00,12.00,2.03,^,16.19,,25.10,12.20,504,0.00,48.8,1,0,0.00,0.00,0.00,12.00,0.27,1.00,0,0,0.00,0
2026-04-26 18:13:06,626.45,1,0,0,0,0,0,0,0.25,0,0.85,4.64,1.90,3.55,0.99,D,0.00,12.00,12.00,12.00,2.76,^,15.18,,24.40,12.20,504,0.00,46.6,1,0,0.00,0.00,0.00,12.00,0.25,1.00,0,0,0.00,0
2026-04-26 18:13:07,627.46,1,0,0,0,0,0,0,-0.61,0,0.85,4.64,1.90,3.00,0.85,D,0.00,12.00,12.00,12.00,12.00,^,-36.51,,24.70,12.20,504,0.00,46.6,1,0,0.00,0.00,0.00,12.00,-0.61,1.00,0,0,0.00,0
2026-04-26 18:13:08,628.47,0,0,0,0,0,0,0,-1.00,0,1.00,4.64,1.90,2.46,0.22,D,0.00,12.00,12.00,12.00,2.42,^,0.00,,25.60,12.20,504,0.00,45.5,1,0,0.00,0.00,0.00,12.00,0.00,0.00,0,0,0.00,0
2026-04-26 18:13:09,629.49,0,0,0,0,0,0,0,-0.40,0,1.00,4.64,1.90,0.98,0.72,D,0.00,12.00,2.39,12.00,12.00,^,0.00,,22.20,12.20,504,0.00,46.6,1,0,0.00,0.00,0.00,12.00,0.00,0.00,0,0,0.00,0
2026-04-26 18:13:10,630.49,0,0,0,0,0,0,0,-0.21,0,1.00,4.64,1.90,3.18,1.00,D,0.00,12.00,2.66,12.00,12.00,^,0.00,,22.90,12.20,504,0.00,46.6,1,0,0.00,0.00,0.00,12.00,0.00,0.00,0,0,0.00,0
2026-04-26 18:13:11,631.50,0,0,0,0,0,0,0,-0.26,0,1.00,4.64,1.91,3.56,1.00,D,0.00,12.00,2.17,12.00,12.00,^,0.00,,23.50,12.20,504,0.00,46.6,1,0,0.00,0.00,0.00,12.00,0.00,0.00,0,0,0.00,0
2026-04-26 18:13:12,632.52,0,0,0,0,0,0,0,0.00,0,0.07,4.64,1.91,3.52,0.88,D,0.00,1.15,2.80,12.00,12.00,WARN_WARNING,0.00,,23.80,12.20,504,0.00,47.2,1,0,0.00,0.00,0.00,1.15,0.00,0.00,0,0,0.00,0
2026-04-26 18:13:13,633.53,0,0,0,0,0,0,0,0.00,1,1.00,4.64,1.91,0.00,0.00,D,0.00,1.39,12.00,12.00,0.90,^,0.00,,21.00,12.20,504,0.03,47.2,1,0,0.00,0.00,0.00,1.39,0.00,0.00,0,0,0.00,0
2026-04-26 18:13:14,634.54,0,0,0,0,0,0,0,1.00,1,1.00,4.64,1.90,0.00,0.00,D,0.00,1.60,12.00,12.00,0.97,^,0.00,,23.80,12.20,504,0.06,45.5,1,0,0.00,0.00,0.00,1.60,0.00,0.00,0,0,0.00,0
2026-04-26 18:13:15,635.55,0,0,1,0,0,0,0,0.00,0,0.00,4.64,1.90,0.00,0.00,D,0.00,1.52,12.00,12.00,0.97,^,0.00,,23.90,12.20,504,0.86,45.5,1,0,0.00,0.00,0.00,1.52,0.00,0.00,0,0,0.00,0
2026-04-26 18:13:16,636.56,0,0,0,0,0,0,0,0.20,0,1.00,4.64,1.90,0.00,0.44,D,0.00,1.28,12.00,12.00,0.96,^,0.00,,23.00,12.20,504,0.38,47.7,1,0,0.00,0.00,0.00,1.28,0.00,0.00,0,0,0.00,0
2026-04-26 18:13:17,637.57,0,0,0,0,0,0,0,0.00,0,1.00,4.64,1.89,0.95,0.95,D,0.00,1.15,12.00,1.12,0.82,WARN_WARNING,0.00,,22.60,12.20,504,0.00,46.6,1,0,0.00,0.00,0.00,1.15,0.00,0.00,0,0,0.00,0
2026-04-26 18:13:18,638.59,0,0,0,0,0,0,0,-1.00,0,0.00,4.64,1.89,1.70,0.66,D,0.00,1.79,12.00,2.23,1.00,^,0.00,,26.00,12.20,504,0.00,46.6,1,0,0.00,0.00,0.00,1.79,0.00,0.00,0,0,0.00,0
2026-04-26 18:13:19,639.60,0,0,0,0,0,0,0,0.00,0,0.00,4.64,1.89,1.32,0.05,D,0.00,12.00,12.00,1.59,1.28,^,0.00,,23.10,12.20,504,0.00,47.2,1,0,0.00,0.00,0.00,12.00,0.00,0.00,0,0,0.00,0
2026-04-26 18:13:20,640.61,1,0,0,0,0,0,0,-0.15,0,1.00,4.64,1.89,0.45,0.36,D,0.00,12.00,12.00,12.00,0.93,^,-9.03,,19.50,12.20,504,0.00,46.6,1,0,0.00,0.00,0.00,12.00,-0.15,1.00,0,0,0.00,0
2026-04-26 18:13:21,641.62,1,0,0,0,0,0,0,-0.02,0,1.00,4.64,1.89,1.51,0.86,D,0.00,12.00,12.00,12.00,0.71,^,-1.21,,20.50,12.20,504,0.00,47.2,1,0,0.00,0.00,0.00,12.00,-0.02,1.00,0,0,0.00,0
2026-04-26 18:13:22,642.63,0,0,0,0,0,0,0,0.99,0,0.46,4.64,1.89,3.15,0.02,D,0.00,12.00,12.00,12.00,1.03,^,0.00,,23.50,12.20,504,0.00,46.6,1,0,0.00,0.00,0.00,12.00,0.00,0.00,0,0,0.00,0
2026-04-26 18:13:23,643.64,0,0,0,0,0,0,0,0.00,0,0.00,4.64,1.89,2.28,0.19,D,0.00,12.00,12.00,5.12,1.50,^,0.00,,21.20,12.20,504,0.00,46.6,1,0,0.00,0.00,0.00,12.00,0.00,0.00,0,0,0.00,0
2026-04-26 18:13:24,644.65,0,0,0,0,0,0,0,-0.13,0,1.00,4.64,1.89,1.38,0.62,D,0.00,12.00,12.00,12.00,1.28,^,0.00,,23.60,12.20,504,0.00,47.7,1,0,0.00,0.00,0.00,12.00,0.00,0.00,0,0,0.00,0
2026-04-26 18:13:25,645.67,1,0,0,0,0,0,0,-0.03,0,1.00,4.64,1.89,2.60,1.00,D,0.00,12.00,12.00,12.00,0.97,^,-1.65,,25.70,12.20,504,0.00,45.0,1,0,0.00,0.00,0.00,12.00,-0.03,1.00,0,0,0.00,0
2026-04-26 18:13:26,646.68,1,0,0,0,0,0,0,0.08,0,1.00,4.64,1.89,4.07,1.00,D,0.00,12.00,12.00,12.00,1.23,^,4.70,,25.10,12.20,504,0.00,45.0,1,0,0.00,0.00,0.00,12.00,0.08,1.00,0,0,0.00,0
2026-04-26 18:13:28,647.69,1,0,0,0,0,0,0,0.06,0,1.00,4.64,1.90,4.16,1.00,D,0.00,12.00,12.00,1.69,1.36,^,3.86,,25.20,12.20,504,0.00,46.1,1,0,0.00,0.00,0.00,12.00,0.06,1.00,0,0,0.00,0
2026-04-26 18:13:29,648.70,1,0,0,0,0,0,0,0.42,0,0.85,4.64,1.90,4.26,0.93,D,0.00,12.00,12.00,12.00,1.50,^,25.39,,26.90,12.20,504,0.00,46.6,1,0,0.00,0.00,0.00,12.00,0.42,1.00,0,0,0.00,0
2026-04-26 18:13:30,649.71,1,0,0,0,0,0,0,0.44,0,0.85,4.64,1.91,3.67,0.85,D,0.00,12.00,12.00,12.00,1.44,^,26.68,,24.50,12.20,504,0.00,46.1,1,0,0.00,0.00,0.00,12.00,0.44,1.00,0,0,0.00,0
2026-04-26 18:13:31,650.73,1,0,0,0,0,0,0,0.07,0,1.00,4.64,1.91,3.82,1.00,D,0.00,12.00,12.00,12.00,1.33,^,4.21,,23.50,12.20,504,0.00,46.6,1,0,0.00,0.00,0.00,12.00,0.07,1.00,0,0,0.00,0
2026-04-26 18:13:32,651.74,1,0,0,0,0,0,0,0.11,0,1.00,4.64,1.91,4.29,0.91,D,0.00,12.00,12.00,12.00,1.49,^,6.71,,21.40,12.20,504,0.00,45.5,1,0,0.00,0.00,0.00,12.00,0.11,1.00,0,0,0.00,0
2026-04-26 18:13:33,652.85,1,0,0,0,0,0,0,-0.07,0,1.00,4.64,1.91,4.10,1.00,D,0.00,12.00,12.00,12.00,1.54,^,-4.33,,21.90,12.20,504,0.00,45.5,1,0,0.00,0.00,0.00,12.00,-0.07,1.00,0,0,0.00,0
2026-04-26 18:13:34,653.76,1,0,0,0,0,0,0,0.25,0,0.85,4.64,1.92,4.19,0.85,D,0.00,12.00,12.00,12.00,1.80,^,15.19,,20.50,12.20,504,0.00,47.7,1,0,0.00,0.00,0.00,12.00,0.25,1.00,0,0,0.00,0
2026-04-26 18:13:35,654.77,1,0,0,0,0,0,0,0.34,0,0.85,4.64,1.92,4.08,0.99,D,0.00,12.00,12.00,2.86,1.98,^,20.47,,22.00,12.20,504,0.00,47.2,1,0,0.00,0.00,0.00,12.00,0.34,1.00,0,0,0.00,0
2026-04-26 18:13:36,655.78,1,0,0,0,0,0,0,0.01,0,1.00,4.64,1.92,4.01,1.00,D,0.00,12.00,12.00,1.80,2.20,^,0.56,,23.20,12.20,504,0.00,46.6,1,0,0.00,0.00,0.00,12.00,0.01,1.00,0,0,0.00,0
2026-04-26 18:13:37,656.80,1,0,0,0,0,0,0,0.25,0,0.85,4.64,1.93,4.22,0.97,D,0.00,12.00,12.00,1.52,1.92,^,15.17,,25.50,12.20,504,0.00,47.2,1,0,0.00,0.00,0.00,12.00,0.25,1.00,0,0,0.00,0
2026-04-26 18:13:38,657.81,1,0,0,0,0,0,0,-0.48,0,0.85,4.64,1.93,3.82,0.85,D,0.00,12.00,12.00,0.84,0.95,^,-29.10,,25.30,12.20,504,0.00,47.2,1,0,0.00,0.00,0.00,12.00,-0.48,1.00,0,0,0.00,0
2026-04-26 18:13:39,658.92,1,0,0,0,0,0,0,0.24,0,1.00,4.64,1.93,3.89,0.94,D,0.00,12.00,12.00,12.00,1.95,^,14.26,,24.60,12.20,504,0.00,47.2,1,0,0.00,0.00,0.00,12.00,0.24,1.00,0,0,0.00,0
2026-04-26 18:13:40,659.82,1,0,0,0,0,0,0,0.09,0,1.00,4.64,1.94,4.08,1.00,D,0.00,12.00,12.00,12.00,2.56,^,5.52,,23.90,12.20,504,0.00,46.6,1,0,0.00,0.00,0.00,12.00,0.09,1.00,0,0,0.00,0
2026-04-26 18:13:41,660.84,0,0,0,0,0,0,0,0.00,0,0.00,4.64,1.94,4.03,0.00,D,0.00,12.00,12.00,12.00,12.00,^,0.00,,22.90,12.20,504,0.00,46.1,1,0,0.00,0.00,0.00,12.00,0.00,0.00,0,0,0.00,0
2026-04-26 18:13:42,661.85,0,0,0,0,0,0,0,1.00,0,1.00,4.64,1.94,2.70,0.51,D,0.00,12.00,12.00,12.00,12.00,^,0.00,,24.70,12.20,504,0.00,46.6,1,0,0.00,0.00,0.00,12.00,0.00,0.00,0,0,0.00,0
2026-04-26 18:13:43,662.86,0,0,0,0,0,0,0,1.00,0,1.00,4.64,1.94,2.25,1.00,D,0.00,12.00,12.00,2.04,12.00,^,0.00,,24.20,12.20,504,0.00,46.1,1,0,0.00,0.00,0.00,12.00,0.00,0.00,0,0,0.00,0
2026-04-26 18:13:44,663.87,0,0,0,0,0,0,0,0.55,0,1.00,4.64,1.94,2.49,0.60,D,0.00,0.91,12.00,12.00,12.00,WARN_WARNING,0.00,,23.70,12.20,504,0.00,46.1,1,0,0.00,0.00,0.00,0.91,0.00,0.00,0,0,0.00,0
2026-04-26 18:13:45,664.88,0,0,0,0,0,0,0,0.00,0,0.00,4.64,1.95,1.17,0.45,D,0.00,12.00,0.34,12.00,12.00,^,0.00,,24.90,12.20,504,0.00,44.4,1,0,0.00,0.00,0.00,12.00,0.00,0.00,0,0,0.00,0
2026-04-26 18:13:46,665.89,0,0,0,0,0,0,0,-0.28,0,1.00,4.64,1.94,0.67,0.71,D,0.00,10.17,0.59,12.00,0.79,^,0.00,,24.70,12.20,504,0.00,45.0,1,0,0.00,0.00,0.00,10.17,0.00,0.00,0,0,0.00,0
2026-04-26 18:13:47,667.01,0,0,0,0,0,0,0,0.00,0,1.00,4.64,1.94,2.25,0.97,D,0.00,12.00,0.78,9.70,1.06,^,0.00,,24.50,12.20,504,0.00,44.4,1,0,0.00,0.00,0.00,12.00,0.00,0.00,0,0,0.00,0
2026-04-26 18:13:48,667.91,0,0,0,0,0,0,0,0.00,0,1.00,4.64,1.94,3.01,0.91,D,0.00,12.00,12.00,9.89,0.85,^,0.00,,23.30,12.20,504,0.00,46.1,1,0,0.00,0.00,0.00,12.00,0.00,0.00,0,0,0.00,0
2026-04-26 18:13:49,668.92,0,0,0,0,0,0,0,0.00,0,0.00,4.64,1.95,3.32,0.85,D,0.00,12.00,1.42,12.00,0.98,^,0.00,,23.90,12.20,504,0.00,45.0,1,0,0.00,0.00,0.00,12.00,0.00,0.00,0,0,0.00,0
2026-04-26 18:13:50,669.93,0,0,0,0,0,0,0,-1.00,0,0.94,4.64,1.95,3.24,0.99,D,0.00,12.00,1.66,12.00,1.59,^,0.00,,20.90,12.20,504,0.00,46.6,1,0,0.00,0.00,0.00,12.00,0.00,0.00,0,0,0.00,0
2026-04-26 18:13:51,671.04,0,0,0,1,0,0,0,1.00,0,1.00,4.64,1.95,1.64,-0.15,R,0.00,0.96,12.00,0.86,2.29,WARN_WARNING,0.00,,20.90,12.10,504,0.00,46.6,1,0,0.00,0.00,0.00,0.96,0.00,0.00,0,0,0.00,0
2026-04-26 18:13:52,671.95,0,0,0,0,0,0,0,0.00,0,1.00,4.64,1.95,0.39,-0.65,R,0.00,0.67,1.49,0.71,2.34,WARN_WARNING,0.00,,19.10,12.20,504,0.00,48.3,1,0,0.00,0.00,0.00,0.67,0.00,0.00,0,0,0.00,0
2026-04-26 18:13:53,672.96,0,0,1,0,0,0,0,0.00,0,0.00,4.64,1.95,2.09,0.00,D,0.00,1.92,12.00,1.14,1.75,^,0.00,,21.30,12.20,504,0.00,46.6,1,0,0.00,0.00,0.00,1.92,0.00,0.00,0,0,0.00,0
2026-04-26 18:13:54,673.97,0,0,0,0,0,0,0,0.00,0,1.00,4.64,1.94,0.13,0.39,D,0.00,2.21,12.00,1.28,1.78,^,0.00,,22.00,12.10,504,0.01,47.2,1,0,0.00,0.00,0.00,2.21,0.00,0.00,0,0,0.00,0
2026-04-26 18:13:55,674.99,0,0,0,0,0,0,0,0.00,0,0.00,4.64,1.94,0.51,0.02,D,0.00,2.13,12.00,1.18,1.81,^,0.00,,23.60,12.20,504,0.00,45.0,1,0,0.00,0.00,0.00,2.13,0.00,0.00,0,0,0.00,0
2026-04-26 18:13:56,676.00,0,0,0,0,0,0,0,0.00,0,1.00,4.64,1.94,0.00,0.33,D,0.00,12.00,12.00,1.15,1.73,^,0.00,,21.40,12.20,504,0.06,45.5,1,0,0.00,0.00,0.00,12.00,0.00,0.00,0,0,0.00,0
2026-04-26 18:13:57,677.01,0,0,0,0,0,0,0,0.00,0,1.00,4.64,1.94,1.22,0.84,D,0.00,12.00,12.00,1.10,1.25,^,0.00,,20.20,12.20,504,0.00,46.1,1,0,0.00,0.00,0.00,12.00,0.00,0.00,0,0,0.00,0
2026-04-26 18:13:58,678.02,1,0,0,0,0,0,0,-0.11,0,1.00,4.64,1.94,2.76,0.87,D,0.00,12.00,12.00,1.02,0.90,^,-6.72,,19.90,12.20,504,0.00,46.1,1,0,0.00,0.00,0.00,12.00,-0.11,1.00,0,0,0.00,0
2026-04-26 18:13:59,679.03,1,0,0,0,0,0,0,0.15,0,1.00,4.64,1.94,4.08,1.00,D,0.00,12.00,12.00,1.12,1.13,^,9.27,,20.30,12.10,504,0.00,46.6,1,0,0.00,0.00,0.00,12.00,0.15,1.00,0,0,0.00,0
2026-04-26 18:14:00,680.05,1,0,0,0,0,0,0,0.14,0,1.00,4.64,1.94,4.17,1.00,D,0.00,12.00,12.00,12.00,0.93,^,8.49,,20.40,12.20,504,0.00,47.7,1,0,0.00,0.00,0.00,12.00,0.14,1.00,0,0,0.00,0
2026-04-26 18:14:01,681.16,1,0,0,0,0,0,0,0.01,0,1.00,4.64,1.95,4.05,1.00,D,0.00,12.00,12.00,12.00,1.02,^,0.84,,20.30,12.10,504,0.00,47.7,1,0,0.00,0.00,0.00,12.00,0.01,1.00,0,0,0.00,0
2026-04-26 18:14:02,682.06,1,0,0,0,0,0,0,0.16,0,1.00,4.64,1.95,4.20,1.00,D,0.00,12.00,12.00,12.00,1.22,^,9.47,,23.00,12.10,504,0.00,45.5,1,0,0.00,0.00,0.00,12.00,0.16,1.00,0,0,0.00,0
2026-04-26 18:14:03,683.08,1,0,0,0,0,0,0,0.17,0,1.00,4.64,1.95,4.25,1.00,D,0.00,12.00,12.00,12.00,1.39,^,10.09,,20.20,12.20,504,0.00,45.5,1,0,0.00,0.00,0.00,12.00,0.17,1.00,0,0,0.00,0
2026-04-26 18:14:04,684.09,1,0,0,0,0,0,0,0.04,0,1.00,4.64,1.96,4.15,1.00,D,0.00,12.00,12.00,12.00,1.45,^,2.33,,21.20,12.20,504,0.00,47.2,1,0,0.00,0.00,0.00,12.00,0.04,1.00,0,0,0.00,0
2026-04-26 18:14:05,685.10,1,0,0,0,0,0,0,0.14,0,1.00,4.64,1.96,4.20,1.00,D,0.00,12.00,12.00,12.00,1.50,^,8.34,,20.00,12.20,504,0.00,46.1,1,0,0.00,0.00,0.00,12.00,0.14,1.00,0,0,0.00,0
2026-04-26 18:14:06,686.11,1,0,0,0,0,0,0,-0.02,0,1.00,4.64,1.96,4.15,1.00,D,0.00,12.00,12.00,12.00,1.53,^,-1.30,,21.60,12.20,504,0.00,46.1,1,0,0.00,0.00,0.00,12.00,-0.02,1.00,0,0,0.00,0
2026-04-26 18:14:07,687.13,1,0,0,0,0,0,0,0.17,0,1.00,4.64,1.97,4.15,1.00,D,0.00,15.01,12.00,12.00,1.57,^,10.29,,20.70,12.20,504,0.00,47.2,1,0,0.00,0.00,0.00,15.01,0.17,1.00,0,0,0.00,0
2026-04-26 18:14:08,688.14,1,0,0,0,0,0,0,-0.02,0,1.00,4.64,1.97,4.07,1.00,D,0.00,12.00,12.00,12.00,1.58,^,-1.37,,24.80,12.20,504,0.00,47.7,1,0,0.00,0.00,0.00,12.00,-0.02,1.00,0,0,0.00,0
2026-04-26 18:14:09,689.15,1,0,0,0,0,0,0,0.14,0,1.00,4.64,1.97,4.14,1.00,D,0.00,12.00,12.00,12.00,1.67,^,8.27,,24.40,12.20,504,0.00,45.0,1,0,0.00,0.00,0.00,12.00,0.14,1.00,0,0,0.00,0
2026-04-26 18:14:10,690.17,1,0,0,0,0,0,0,-0.35,0,0.85,4.64,1.98,3.98,0.98,D,0.00,12.00,12.00,12.00,1.77,^,-21.17,,22.30,12.20,504,0.00,45.5,1,0,0.00,0.00,0.00,12.00,-0.35,1.00,0,0,0.00,0
2026-04-26 18:14:11,691.18,0,0,0,0,0,0,0,0.45,0,0.00,4.64,1.98,3.12,0.00,D,0.00,12.00,12.00,12.00,1.80,^,0.00,,20.10,12.20,504,0.00,46.6,1,0,0.00,0.00,0.00,12.00,0.00,0.00,0,0,0.00,0
2026-04-26 18:14:12,692.19,0,0,0,0,0,0,0,-1.00,0,1.00,4.64,1.98,1.15,0.45,D,0.00,2.29,12.00,12.00,1.13,^,0.00,,19.40,12.20,504,0.00,47.2,1,0,0.00,0.00,0.00,2.29,0.00,0.00,0,0,0.00,0
2026-04-26 18:14:13,693.30,0,0,0,0,0,0,0,0.00,0,0.00,4.64,1.98,1.50,0.50,D,0.00,12.00,12.00,1.84,0.84,^,0.00,,20.90,12.20,504,0.00,47.2,1,0,0.00,0.00,0.00,12.00,0.00,0.00,0,0,0.00,0
2026-04-26 18:14:14,694.21,1,0,0,0,0,0,0,-0.44,0,0.85,4.64,1.98,0.80,0.05,D,0.00,12.00,12.00,1.49,0.59,^,-26.33,,20.30,12.20,504,0.00,47.2,1,0,0.00,0.00,0.00,12.00,-0.44,1.00,0,0,0.00,0
2026-04-26 18:14:15,695.22,1,0,0,0,0,0,0,-0.18,0,1.00,4.64,1.97,0.25,0.55,D,0.00,12.00,12.00,1.42,0.45,^,-10.78,,20.60,12.20,504,0.00,47.2,1,0,0.00,0.00,0.00,12.00,-0.18,1.00,0,0,0.00,0
2026-04-26 18:14:16,696.23,1,0,0,0,0,0,0,-0.20,0,1.00,4.64,1.97,2.06,0.87,D,0.00,12.00,12.00,12.00,0.70,^,-11.73,,21.00,12.20,504,0.00,46.6,1,0,0.00,0.00,0.00,12.00,-0.20,1.00,0,0,0.00,0
2026-04-26 18:14:17,697.24,0,0,0,0,0,0,0,0.37,0,1.00,4.64,1.97,2.59,0.27,D,0.00,12.00,12.00,6.61,1.06,^,0.00,,24.00,12.20,504,0.00,47.2,1,0,0.00,0.00,0.00,12.00,0.00,0.00,0,0,0.00,0
2026-04-26 18:14:18,698.25,0,0,0,1,0,0,0,-1.00,0,1.00,4.64,1.97,1.40,-0.06,R,0.00,12.00,12.00,12.00,1.62,^,0.00,,22.40,12.20,504,0.00,46.6,1,0,0.00,0.00,0.00,12.00,0.00,0.00,0,0,0.00,0
2026-04-26 18:14:19,699.27,0,0,0,0,0,0,0,0.73,0,1.00,4.64,1.97,0.49,-0.57,R,0.00,12.00,12.00,12.00,1.74,^,0.00,,22.90,12.20,504,0.00,46.1,1,0,0.00,0.00,0.00,12.00,0.00,0.00,0,0,0.00,0
2026-04-26 18:14:20,700.28,0,0,0,0,0,0,0,-0.61,0,1.00,4.64,1.97,3.13,-1.00,R,0.00,1.39,1.39,12.00,1.48,WARN_WARNING,0.00,,22.60,12.20,504,0.00,45.0,1,0,0.00,0.00,0.00,1.39,0.00,0.00,0,0,0.00,0
2026-04-26 18:14:21,701.28,0,0,0,0,0,0,0,0.00,0,1.00,4.64,1.97,0.00,-1.00,R,0.00,1.09,1.03,12.00,1.28,WARN_WARNING,0.00,,22.80,12.20,504,0.32,46.1,1,0,0.00,0.00,0.00,1.09,0.00,0.00,0,0,0.00,0
2026-04-26 18:14:22,702.29,0,0,0,0,0,0,0,1.00,0,1.00,4.64,1.97,0.00,-1.00,R,0.00,1.13,1.08,12.00,1.14,WARN_WARNING,0.00,,19.70,12.20,504,1.33,46.1,1,0,0.00,0.00,0.00,1.13,0.00,0.00,0,0,0.00,0
2026-04-26 18:14:23,703.30,0,0,0,0,0,0,0,0.00,0,0.08,4.64,1.96,0.47,-0.92,R,0.00,1.14,1.11,12.00,1.09,WARN_WARNING,0.00,,22.00,12.20,504,0.01,46.6,1,0,0.00,0.00,0.00,1.14,0.00,0.00,0,0,0.00,0
2026-04-26 18:14:24,704.31,0,0,0,0,0,0,0,1.00,0,1.00,4.64,1.96,0.02,-1.00,R,0.00,1.24,1.23,12.00,0.97,^,0.00,,22.30,12.20,504,0.01,46.1,1,0,0.00,0.00,0.00,1.24,0.00,0.00,0,0,0.00,0
2026-04-26 18:14:25,705.33,0,0,0,0,0,0,0,-0.57,0,1.00,4.64,1.96,1.43,-0.89,R,0.00,12.00,12.00,12.00,0.81,^,0.00,,23.30,12.20,504,0.00,45.0,1,0,0.00,0.00,0.00,12.00,0.00,0.00,0,0,0.00,0
2026-04-26 18:14:26,706.44,0,0,0,0,0,0,0,0.00,0,0.00,4.64,1.96,3.24,-0.89,R,0.00,12.00,12.00,12.00,0.35,^,0.00,,23.50,12.20,504,0.00,45.0,1,0,0.00,0.00,0.00,12.00,0.00,0.00,0,0,0.00,0
2026-04-26 18:14:27,707.34,0,0,0,0,0,0,0,0.00,0,0.00,4.64,1.96,0.00,-0.00,R,0.00,12.00,0.29,1.36,0.31,^,0.00,,22.50,12.20,504,0.00,44.4,1,0,0.00,0.00,0.00,12.00,0.00,0.00,0,0,0.00,0
2026-04-26 18:14:28,708.35,0,0,0,0,0,0,0,0.00,0,0.00,4.64,1.96,0.00,-0.00,R,0.00,12.00,0.27,0.03,0.03,^,0.00,,20.70,12.20,504,0.83,44.4,1,0,0.00,0.00,0.00,12.00,0.00,0.00,0,0,0.00,0
2026-04-26 18:14:29,709.47,0,0,0,0,0,0,0,0.00,0,0.00,4.64,1.95,0.00,-0.00,R,0.00,12.00,0.23,0.02,0.02,^,0.00,,20.30,12.20,504,0.15,45.5,1,0,0.00,0.00,0.00,12.00,0.00,0.00,0,0,0.00,0
2026-04-26 18:14:30,710.37,0,0,0,0,0,0,0,0.00,0,0.00,4.64,1.95,0.00,-0.00,R,0.00,12.00,0.23,1.38,0.04,^,0.00,,20.80,12.20,504,1.05,43.9,1,0,0.00,0.00,0.00,12.00,0.00,0.00,0,0,0.00,0
2026-04-26 18:14:31,711.38,0,0,0,0,0,0,0,0.00,0,0.00,4.64,1.95,0.00,-0.00,R,0.00,12.00,0.21,1.38,0.06,^,0.00,,20.50,12.20,504,0.40,45.5,1,0,0.00,0.00,0.00,12.00,0.00,0.00,0,0,0.00,0
2026-04-26 18:14:32,712.39,0,0,0,0,0,0,0,-0.25,0,0.00,4.64,1.95,0.00,-0.00,R,0.00,12.00,0.22,1.38,0.25,^,0.00,,19.90,12.20,504,1.42,43.9,1,0,0.00,0.00,0.00,12.00,0.00,0.00,0,0,0.00,0
2026-04-26 18:14:33,713.39,0,0,0,0,0,0,0,-0.58,1,0.00,4.64,1.94,0.00,0.00,R,0.00,12.00,12.00,1.37,0.68,^,0.00,,22.60,12.20,504,2.42,44.4,1,0,0.00,0.00,0.00,12.00,0.00,0.00,0,0,0.00,0
2026-04-26 18:14:34,714.40,0,0,0,0,0,0,0,-1.00,0,1.00,4.64,1.94,0.00,-0.30,R,0.00,12.00,12.00,1.39,0.92,^,0.00,,22.10,12.20,504,3.43,43.9,1,0,0.00,0.00,0.00,12.00,0.00,0.00,0,0,0.00,0
2026-04-26 18:14:35,715.40,0,0,0,0,0,0,0,0.00,0,1.00,4.64,1.94,0.28,-0.80,R,0.00,12.00,12.00,1.38,0.96,^,0.00,,21.10,12.20,504,0.00,45.5,1,0,0.00,0.00,0.00,12.00,0.00,0.00,0,0,0.00,0
2026-04-26 18:14:36,716.40,0,0,0,0,0,0,0,0.00,0,1.00,4.64,1.94,3.35,-1.00,R,0.00,12.00,0.79,1.56,12.00,^,0.00,,23.70,12.20,504,0.00,46.1,1,0,0.00,0.00,0.00,12.00,0.00,0.00,0,0,0.00,0
2026-04-26 18:14:37,717.41,0,0,0,0,0,0,0,0.00,0,1.00,4.64,1.94,3.73,-1.00,R,0.00,1.31,1.32,12.00,12.00,WARN_WARNING,0.00,,18.70,12.20,504,0.00,46.1,1,0,0.00,0.00,0.00,1.31,0.00,0.00,0,0,0.00,0
2026-04-26 18:14:38,718.42,0,0,0,0,0,0,0,0.00,0,0.00,4.64,1.94,0.00,-0.00,R,0.00,12.00,0.99,12.00,12.00,^,0.00,,17.50,12.20,504,0.06,45.5,1,0,0.00,0.00,0.00,12.00,0.00,0.00,0,0,0.00,0
2026-04-26 18:14:39,719.43,1,0,1,0,0,0,0,-0.21,0,1.00,4.64,1.94,0.00,0.21,D,0.00,12.00,0.74,12.00,0.72,^,-12.77,,17.20,12.20,504,1.07,45.0,1,0,0.00,0.00,0.00,12.00,-0.21,1.00,0,0,0.00,0
2026-04-26 18:14:40,720.44,1,0,0,0,0,0,0,-0.32,0,0.85,4.64,1.93,0.71,0.72,D,0.00,12.00,0.80,12.00,0.78,^,-19.02,,18.10,12.20,504,0.00,47.2,1,0,0.00,0.00,0.00,12.00,-0.32,1.00,0,0,0.00,0
2026-04-26 18:14:41,721.46,0,0,0,0,0,0,0,1.00,0,0.19,4.64,1.93,1.30,0.01,D,0.00,12.00,0.72,2.76,0.60,^,0.00,,19.80,12.20,504,0.00,46.1,1,0,0.00,0.00,0.00,12.00,0.00,0.00,0,0,0.00,0
2026-04-26 18:14:42,722.47,0,0,0,0,0,0,0,0.17,0,1.00,4.64,1.93,0.96,0.51,D,0.00,12.00,12.00,2.86,0.70,^,0.00,,22.80,12.20,504,0.00,46.1,1,0,0.00,0.00,0.00,12.00,0.00,0.00,0,0,0.00,0
2026-04-26 18:14:43,723.48,0,0,0,0,0,0,0,0.00,0,0.00,4.64,1.93,1.02,0.05,D,0.00,12.00,12.00,2.51,0.57,^,0.00,,22.70,12.20,504,0.00,46.1,1,0,0.00,0.00,0.00,12.00,0.00,0.00,0,0,0.00,0
2026-04-26 18:14:44,724.50,0,0,0,0,0,0,0,0.00,0,1.00,4.64,1.93,0.10,0.29,D,0.00,12.00,12.00,2.36,0.40,^,0.00,,22.60,12.20,504,0.01,44.4,1,0,0.00,0.00,0.00,12.00,0.00,0.00,0,0,0.00,0
2026-04-26 18:14:45,725.51,0,0,0,0,0,0,0,0.00,0,0.00,4.64,1.93,1.05,0.73,D,0.00,12.00,12.00,2.23,0.31,^,0.00,,20.10,12.20,504,0.00,45.0,1,0,0.00,0.00,0.00,12.00,0.00,0.00,0,0,0.00,0
2026-04-26 18:14:46,726.52,1,0,0,0,0,0,0,0.10,0,1.00,4.64,1.93,1.63,0.76,D,0.00,12.00,12.00,1.82,0.66,^,5.81,,23.20,12.20,504,0.00,45.0,1,0,0.00,0.00,0.00,12.00,0.10,1.00,0,0,0.00,0
2026-04-26 18:14:47,727.53,0,0,0,0,0,0,0,1.00,0,1.00,4.64,1.93,1.55,0.11,D,0.00,12.00,12.00,1.77,1.01,^,0.00,,23.00,12.20,504,0.00,44.4,1,0,0.00,0.00,0.00,12.00,0.00,0.00,0,0,0.00,0
2026-04-26 18:14:48,728.54,0,0,0,0,0,0,0,0.00,0,1.00,4.64,1.93,0.47,0.29,D,0.00,12.00,12.00,1.81,0.80,^,0.00,,23.50,12.20,504,0.00,45.5,1,0,0.00,0.00,0.00,12.00,0.00,0.00,0,0,0.00,0
2026-04-26 18:14:49,729.56,1,0,0,0,0,0,0,-0.33,0,0.85,4.64,1.92,0.00,0.07,D,0.00,12.00,12.00,1.83,0.45,^,-20.04,,20.90,12.20,504,0.61,45.0,1,0,0.00,0.00,0.00,12.00,-0.33,1.00,0,0,0.00,0
2026-04-26 18:14:50,730.57,1,0,0,0,0,0,0,-0.36,0,0.85,4.64,1.92,0.13,0.58,D,0.00,12.00,12.00,1.83,0.44,^,-21.86,,21.90,12.20,504,0.00,44.4,1,0,0.00,0.00,0.00,12.00,-0.36,1.00,0,0,0.00,0
2026-04-26 18:14:51,731.58,0,0,0,0,0,0,0,1.00,0,0.00,4.64,1.92,2.41,0.00,D,0.00,12.00,12.00,12.00,0.92,^,0.00,,22.00,12.20,504,0.00,44.4,1,0,0.00,0.00,0.00,12.00,0.00,0.00,0,0,0.00,0
2026-04-26 18:14:52,732.59,1,0,0,0,0,0,0,0.06,0,1.00,4.64,1.92,1.24,0.31,D,0.00,12.00,12.00,12.00,1.33,^,3.38,,21.70,12.20,504,0.00,43.9,1,0,0.00,0.00,0.00,12.00,0.06,1.00,0,0,0.00,0
2026-04-26 18:14:53,733.60,1,0,0,0,0,0,0,0.11,0,1.00,4.64,1.92,1.55,0.82,D,0.00,12.00,12.00,12.00,0.90,^,6.63,,21.10,12.20,504,0.00,44.4,1,0,0.00,0.00,0.00,12.00,0.11,1.00,0,0,0.00,0
2026-04-26 18:14:54,734.61,1,0,0,0,0,0,0,-0.03,0,1.00,4.64,1.92,3.82,1.00,D,0.00,12.00,12.00,12.00,1.02,^,-1.66,,22.50,12.20,504,0.00,46.1,1,0,0.00,0.00,0.00,12.00,-0.03,1.00,0,0,0.00,0
2026-04-26 18:14:55,735.62,1,0,0,0,0,0,0,0.07,0,1.00,4.64,1.92,4.05,1.00,D,0.00,12.00,12.00,12.00,1.63,^,4.19,,20.00,12.20,504,0.00,46.1,1,0,0.00,0.00,0.00,12.00,0.07,1.00,0,0,0.00,0
2026-04-26 18:14:56,736.63,1,0,0,0,0,0,0,0.09,0,1.00,4.64,1.93,4.21,1.00,D,0.00,12.00,12.00,12.00,1.89,^,5.11,,19.80,12.30,504,0.00,46.1,1,0,0.00,0.00,0.00,12.00,0.09,1.00,0,0,0.00,0
2026-04-26 18:14:57,737.64,1,0,0,0,0,0,0,0.23,0,1.00,4.64,1.93,4.25,1.00,D,0.00,12.00,12.00,12.00,2.05,^,13.67,,20.00,12.20,504,0.00,45.5,1,0,0.00,0.00,0.00,12.00,0.23,1.00,0,0,0.00,0
2026-04-26 18:14:58,738.65,1,0,0,0,0,0,0,-0.05,0,1.00,4.64,1.93,4.13,1.00,D,0.00,12.00,12.00,12.00,2.18,^,-3.26,,19.60,12.20,504,0.00,45.5,1,0,0.00,0.00,0.00,12.00,-0.05,1.00,0,0,0.00,0
2026-04-26 18:14:59,739.67,1,0,0,0,0,0,0,0.22,0,1.00,4.64,1.94,4.14,1.00,D,0.00,12.00,12.00,2.66,2.26,^,13.33,,21.50,12.20,504,0.00,46.6,1,0,0.00,0.00,0.00,12.00,0.22,1.00,0,0,0.00,0
2026-04-26 18:15:00,740.68,1,0,0,0,0,0,0,-0.13,0,1.00,4.64,1.94,4.16,1.00,D,0.00,12.00,12.00,12.00,2.33,^,-7.56,,20.00,12.20,504,0.00,46.6,1,0,0.00,0.00,0.00,12.00,-0.13,1.00,0,0,0.00,0
2026-04-26 18:15:02,741.69,1,0,0,0,0,0,0,0.27,0,0.85,4.64,1.94,4.25,0.93,D,0.00,12.00,12.00,12.00,2.44,^,16.23,,21.00,12.20,504,0.00,46.1,1,0,0.00,0.00,0.00,12.00,0.27,1.00,0,0,0.00,0
2026-04-26 18:15:03,742.70,0,0,0,0,0,0,0,0.00,0,0.00,4.64,1.94,2.57,0.00,D,0.00,12.00,12.00,12.00,2.39,^,0.00,,21.50,12.20,504,0.00,46.6,1,0,0.00,0.00,0.00,12.00,0.00,0.00,0,0,0.00,0
2026-04-26 18:15:04,743.71,1,0,0,0,0,0,0,-0.07,0,1.00,4.64,1.94,1.42,0.42,D,0.00,12.00,12.00,12.00,1.75,^,-4.25,,18.50,12.20,504,0.00,46.6,1,0,0.00,0.00,0.00,12.00,-0.07,1.00,0,0,0.00,0
2026-04-26 18:15:05,744.73,1,0,0,0,0,0,0,-0.05,0,1.00,4.64,1.94,2.13,0.92,D,0.00,12.00,12.00,12.00,1.17,^,-2.85,,21.30,12.20,504,0.00,45.5,1,0,0.00,0.00,0.00,12.00,-0.05,1.00,0,0,0.00,0
2026-04-26 18:15:06,745.74,0,0,0,0,0,0,0,-0.37,0,1.00,4.64,1.94,2.00,0.24,D,0.00,12.00,12.00,12.00,1.36,^,0.00,,23.20,12.20,504,0.00,45.0,1,0,0.00,0.00,0.00,12.00,0.00,0.00,0,0,0.00,0
2026-04-26 18:15:07,746.75,0,0,0,0,0,0,0,-0.79,0,1.00,4.64,1.94,0.71,0.75,D,0.00,12.00,12.00,12.00,1.09,^,0.00,,24.70,12.20,504,0.00,45.5,1,0,0.00,0.00,0.00,12.00,0.00,0.00,0,0,0.00,0
2026-04-26 18:15:08,747.76,0,0,0,0,0,0,0,-0.37,0,1.00,4.64,1.94,2.58,0.95,D,0.00,12.00,1.23,12.00,1.39,^,0.00,,23.80,12.20,504,0.00,45.0,1,0,0.00,0.00,0.00,12.00,0.00,0.00,0,0,0.00,0
2026-04-26 18:15:09,748.77,0,0,0,0,0,0,0,-0.54,1,0.00,4.64,1.94,2.60,0.00,D,0.00,0.73,12.00,12.00,0.66,WARN_WARNING,0.00,,23.30,12.20,504,0.00,44.4,1,0,0.00,0.00,0.00,0.73,0.00,0.00,0,0,0.00,0
2026-04-26 18:15:10,749.79,0,0,0,0,0,0,0,-0.77,1,0.00,4.64,1.94,0.00,0.00,D,0.00,1.05,12.00,12.00,0.79,WARN_WARNING,0.00,,20.80,12.10,504,0.10,45.5,1,0,0.00,0.00,0.00,1.05,0.00,0.00,0,0,0.00,0
2026-04-26 18:15:11,750.80,0,0,0,0,0,0,0,1.00,1,1.00,4.64,1.94,0.00,0.00,D,0.00,1.11,12.00,12.00,0.80,WARN_WARNING,0.00,,18.70,12.20,504,0.10,45.5,1,0,0.00,0.00,0.00,1.11,0.00,0.00,0,0,0.00,0
2026-04-26 18:15:12,751.81,0,0,0,0,0,0,0,0.00,1,1.00,4.64,1.94,0.00,0.00,D,0.00,1.11,12.00,1.17,0.80,WARN_WARNING,0.00,,18.50,12.20,504,1.11,46.1,1,0,0.00,0.00,0.00,1.11,0.00,0.00,0,0,0.00,0
2026-04-26 18:15:13,752.82,0,0,1,0,0,0,0,0.00,0,1.00,4.64,1.93,0.00,0.06,D,0.00,1.11,12.00,1.17,0.79,WARN_WARNING,0.00,,17.30,12.10,504,2.13,45.0,1,0,0.00,0.00,0.00,1.11,0.00,0.00,0,0,0.00,0
2026-04-26 18:15:14,753.83,0,0,0,0,0,0,0,-0.17,0,1.00,4.64,1.93,0.03,0.56,D,0.00,1.25,12.00,1.25,0.79,^,0.00,,18.50,12.20,504,0.00,46.1,1,0,0.00,0.00,0.00,1.25,0.00,0.00,0,0,0.00,0
2026-04-26 18:15:15,754.85,0,0,0,0,0,0,0,-0.55,0,1.00,4.64,1.93,2.22,1.00,D,0.00,12.00,12.00,1.20,0.80,^,0.00,,19.90,12.20,504,0.00,45.5,1,0,0.00,0.00,0.00,12.00,0.00,0.00,0,0,0.00,0
2026-04-26 18:15:16,755.86,0,0,0,0,0,0,0,-0.28,0,0.00,4.64,1.93,1.72,0.85,D,0.00,12.00,12.00,1.14,1.00,^,0.00,,23.40,12.10,504,0.00,46.6,1,0,0.00,0.00,0.00,12.00,0.00,0.00,0,0,0.00,0
2026-04-26 18:15:17,756.86,0,0,0,0,0,0,0,-0.67,0,1.00,4.64,1.93,1.86,0.44,D,0.00,12.00,12.00,12.00,1.33,^,0.00,,22.70,12.20,504,0.00,45.5,1,0,0.00,0.00,0.00,12.00,0.00,0.00,0,0,0.00,0
2026-04-26 18:15:18,757.87,1,0,0,0,0,0,0,-0.53,0,0.85,4.64,1.93,1.84,0.85,D,0.00,12.00,12.00,3.89,1.42,^,-31.53,,22.70,12.20,504,0.00,44.4,1,0,0.00,0.00,0.00,12.00,-0.53,1.00,0,0,0.00,0
2026-04-26 18:15:19,758.89,0,0,0,0,0,0,0,0.00,0,0.00,4.64,1.93,1.92,0.25,D,0.00,12.00,12.00,3.73,1.40,^,0.00,,22.70,12.20,504,0.00,45.0,1,0,0.00,0.00,0.00,12.00,0.00,0.00,0,0,0.00,0
2026-04-26 18:15:20,759.90,1,0,0,0,0,0,0,-0.23,0,1.00,4.64,1.93,0.72,0.48,D,0.00,12.00,12.00,3.29,0.97,^,-13.73,,22.20,12.20,504,0.00,45.5,1,0,0.00,0.00,0.00,12.00,-0.23,1.00,0,0,0.00,0
2026-04-26 18:15:21,760.91,1,0,0,0,0,0,0,0.02,0,1.00,4.64,1.93,1.14,0.01,D,0.00,12.00,12.00,3.05,0.76,^,1.06,,21.50,12.20,504,0.00,45.0,1,0,0.00,0.00,0.00,12.00,0.02,1.00,0,0,0.00,0
2026-04-26 18:15:22,761.93,1,0,0,0,0,0,0,0.00,0,1.00,4.64,1.92,0.63,0.51,D,0.00,12.00,12.00,2.87,0.54,^,0.01,,18.30,12.20,504,0.00,46.1,1,0,0.00,0.00,0.00,12.00,0.00,1.00,0,0,0.00,0
2026-04-26 18:15:23,762.94,1,0,0,0,0,0,0,-0.12,0,1.00,4.64,1.92,2.46,1.00,D,0.00,12.00,12.00,2.61,0.61,^,-7.25,,19.20,12.20,504,0.00,47.2,1,0,0.00,0.00,0.00,12.00,-0.12,1.00,0,0,0.00,0
2026-04-26 18:15:24,763.94,1,0,0,0,0,0,0,0.08,0,1.00,4.64,1.93,3.94,1.00,D,0.00,12.00,12.00,2.17,1.24,^,4.51,,21.70,12.20,504,0.00,46.6,1,0,0.00,0.00,0.00,12.00,0.08,1.00,0,0,0.00,0
2026-04-26 18:15:25,764.95,1,0,0,0,0,0,0,0.04,0,1.00,4.64,1.93,4.13,1.00,D,0.00,12.00,12.00,2.48,1.80,^,2.47,,19.90,12.20,504,0.00,46.6,1,0,0.00,0.00,0.00,12.00,0.04,1.00,0,0,0.00,0
2026-04-26 18:15:26,765.97,1,0,0,0,0,0,0,0.23,0,1.00,4.64,1.93,4.05,0.90,D,0.00,12.00,12.00,12.00,1.98,^,14.09,,22.20,12.20,504,0.00,46.6,1,0,0.00,0.00,0.00,12.00,0.23,1.00,0,0,0.00,0
2026-04-26 18:15:27,766.97,1,0,0,0,0,0,0,0.61,0,0.85,4.64,1.93,3.50,0.85,D,0.00,12.00,12.00,12.00,1.91,^,36.82,,18.40,12.20,504,0.00,45.5,1,0,0.00,0.00,0.00,12.00,0.61,1.00,0,0,0.00,0
2026-04-26 18:15:28,767.97,1,0,0,0,0,0,0,0.41,0,0.85,4.64,1.94,3.24,0.85,D,0.00,12.00,12.00,2.25,1.83,^,24.63,,18.00,12.20,504,0.00,47.2,1,0,0.00,0.00,0.00,12.00,0.41,1.00,0,0,0.00,0
2026-04-26 18:15:29,768.98,1,0,0,0,0,0,0,0.13,0,1.00,4.64,1.94,3.27,1.00,D,0.00,12.00,12.00,1.69,1.70,^,7.50,,19.90,12.20,504,0.00,47.7,1,0,0.00,0.00,0.00,12.00,0.13,1.00,0,0,0.00,0
2026-04-26 18:15:30,770.09,1,0,0,0,0,0,0,-0.04,0,1.00,4.64,1.94,3.84,1.00,D,0.00,12.00,12.00,1.45,1.40,^,-2.38,,19.20,12.20,504,0.00,47.7,1,0,0.00,0.00,0.00,12.00,-0.04,1.00,0,0,0.00,0
2026-04-26 18:15:31,771.00,1,0,0,0,0,0,0,0.19,0,1.00,4.64,1.94,4.20,1.00,D,0.00,12.00,12.00,2.36,1.79,^,11.57,,20.50,12.20,504,0.00,46.6,1,0,0.00,0.00,0.00,12.00,0.19,1.00,0,0,0.00,0
2026-04-26 18:15:32,772.01,1,0,0,0,0,0,0,0.02,0,1.00,4.64,1.95,4.32,1.00,D,0.00,12.00,12.00,12.00,2.63,^,1.16,,24.20,12.20,504,0.00,45.5,1,0,0.00,0.00,0.00,12.00,0.02,1.00,0,0,0.00,0
2026-04-26 18:15:33,773.02,1,0,0,0,0,0,0,0.02,0,1.00,4.64,1.95,4.28,1.00,D,0.00,12.00,12.00,12.00,12.00,^,1.21,,22.70,12.20,504,0.00,46.1,1,0,0.00,0.00,0.00,12.00,0.02,1.00,0,0,0.00,0
2026-04-26 18:15:34,774.03,1,0,0,0,0,0,0,0.12,0,1.00,4.64,1.95,4.07,1.00,D,0.00,12.00,12.00,12.00,13.94,^,7.22,,23.50,12.20,504,0.00,45.5,1,0,0.00,0.00,0.00,12.00,0.12,1.00,0,0,0.00,0
2026-04-26 18:15:35,775.04,1,0,0,0,0,0,0,0.22,0,1.00,4.64,1.96,4.28,1.00,D,0.00,12.00,14.51,12.00,14.09,^,13.40,,21.50,12.20,504,0.00,45.0,1,0,0.00,0.00,0.00,12.00,0.22,1.00,0,0,0.00,0
2026-04-26 18:15:36,776.05,1,0,0,0,0,0,0,-0.04,0,1.00,4.64,1.96,4.32,1.00,D,0.00,4.24,12.00,12.00,12.00,^,-2.31,,20.70,12.10,504,0.00,46.6,1,0,0.00,0.00,0.00,4.24,-0.04,1.00,0,0,0.00,0
2026-04-26 18:15:37,777.07,1,0,0,0,0,0,0,0.22,0,1.00,4.64,1.96,4.18,1.00,D,0.00,2.43,12.00,12.00,2.68,^,13.18,,19.40,12.10,504,0.00,45.5,1,0,0.00,0.00,0.00,2.43,0.22,1.00,0,0,0.00,0
2026-04-26 18:15:38,778.18,1,0,0,0,0,0,0,0.42,0,0.50,4.64,1.96,3.77,0.50,D,0.00,0.79,0.81,12.00,12.00,STOP_WARNING,25.33,lidar_override,20.90,12.20,504,0.00,46.6,1,0,0.00,0.00,0.00,0.79,0.16,1.00,0,0,0.00,0
2026-04-26 18:15:39,779.09,1,0,0,0,0,0,0,0.07,0,1.00,4.64,1.97,2.61,0.98,D,0.00,2.53,12.00,12.00,0.64,^,4.46,,20.50,12.20,504,0.00,47.7,1,0,0.00,0.00,0.00,2.53,0.07,1.00,0,0,0.00,0
2026-04-26 18:15:40,780.10,1,0,0,0,0,0,0,0.42,0,0.50,4.64,1.97,3.80,0.58,D,0.00,1.07,1.08,2.46,1.74,WARN_WARNING,25.33,lidar_override,22.80,12.20,504,0.00,46.1,1,0,0.00,0.00,0.00,1.07,0.13,1.00,0,0,0.00,0
2026-04-26 18:15:41,781.11,1,0,0,0,0,0,0,-0.30,0,0.85,4.64,1.97,1.76,0.24,D,0.00,1.45,12.00,12.00,0.86,^,-18.29,,22.50,12.20,504,0.00,45.0,1,0,0.00,0.00,0.00,1.45,-0.30,1.00,0,0,0.00,0
2026-04-26 18:15:42,782.12,1,0,0,0,0,0,0,-0.42,0,0.50,4.64,1.97,0.97,0.50,D,0.00,1.08,12.00,1.02,1.21,WARN_WARNING,-25.33,lidar_override,20.30,12.20,504,0.00,45.0,1,0,0.00,0.00,0.00,1.08,-0.43,1.00,0,0,0.00,0
2026-04-26 18:15:43,783.14,1,0,0,0,0,0,0,-0.01,0,1.00,4.64,1.97,2.29,0.99,D,0.00,12.00,12.00,12.00,0.87,^,-0.71,,21.60,12.10,504,0.00,45.5,1,0,0.00,0.00,0.00,12.00,-0.01,1.00,0,0,0.00,0
2026-04-26 18:15:44,784.15,1,0,0,0,0,0,0,0.24,0,1.00,4.64,1.97,4.21,0.97,D,0.00,12.00,12.00,12.00,1.96,^,14.13,,23.40,12.20,504,0.00,45.5,1,0,0.00,0.00,0.00,12.00,0.24,1.00,0,0,0.00,0
2026-04-26 18:15:45,785.16,1,0,0,0,0,0,0,0.05,0,1.00,4.64,1.97,3.93,1.00,D,0.00,12.00,12.00,12.00,2.62,^,2.76,,20.20,12.20,504,0.00,45.0,1,0,0.00,0.00,0.00,12.00,0.05,1.00,0,0,0.00,0
2026-04-26 18:15:46,786.17,1,0,0,0,0,0,0,-0.02,0,1.00,4.64,1.97,4.13,1.00,D,0.00,12.00,12.00,12.00,12.00,^,-1.46,,20.90,12.20,504,0.00,46.1,1,0,0.00,0.00,0.00,12.00,-0.02,1.00,0,0,0.00,0
2026-04-26 18:15:47,787.19,1,0,0,0,0,0,0,0.18,0,1.00,4.64,1.98,4.12,1.00,D,0.00,12.00,12.00,12.00,12.00,^,11.01,,18.70,12.20,504,0.00,47.2,1,0,0.00,0.00,0.00,12.00,0.18,1.00,0,0,0.00,0
2026-04-26 18:15:48,788.20,1,0,0,0,0,0,0,-0.02,0,1.00,4.64,1.98,4.08,1.00,D,0.00,12.00,12.00,12.00,12.00,^,-1.19,,19.40,12.20,504,0.00,46.6,1,0,0.00,0.00,0.00,12.00,-0.02,1.00,0,0,0.00,0
2026-04-26 18:15:49,789.21,1,0,0,0,0,0,0,0.03,0,1.00,4.64,1.98,4.19,1.00,D,0.00,12.00,12.00,12.00,12.00,^,1.99,,19.00,12.20,504,0.00,47.2,1,0,0.00,0.00,0.00,12.00,0.03,1.00,0,0,0.00,0
2026-04-26 18:15:50,790.23,1,0,0,0,0,0,0,0.07,0,1.00,4.64,1.99,4.22,1.00,D,0.00,12.00,12.00,12.00,12.00,^,4.10,,19.10,12.20,504,0.00,46.1,1,0,0.00,0.00,0.00,12.00,0.07,1.00,0,0,0.00,0
2026-04-26 18:15:51,791.23,1,0,0,0,0,0,0,0.05,0,1.00,4.64,1.99,4.20,1.00,D,0.00,12.00,12.00,2.39,2.30,^,2.97,,20.40,12.20,504,0.00,47.2,1,0,0.00,0.00,0.00,12.00,0.05,1.00,0,0,0.00,0
2026-04-26 18:15:52,792.24,1,0,0,0,0,0,0,-0.04,0,1.00,4.64,1.99,4.22,0.95,D,0.00,12.00,12.00,2.44,2.45,^,-2.29,,19.70,12.10,504,0.00,46.6,1,0,0.00,0.00,0.00,12.00,-0.04,1.00,0,0,0.00,0
2026-04-26 18:15:53,793.25,1,0,0,0,0,0,0,-0.40,0,0.85,4.64,1.99,4.14,0.90,D,0.00,12.00,12.00,1.83,1.79,^,-24.09,,21.00,12.20,504,0.00,46.1,1,0,0.00,0.00,0.00,12.00,-0.40,1.00,0,0,0.00,0
2026-04-26 18:15:54,794.36,0,0,0,0,0,0,0,0.00,0,1.00,4.64,2.00,3.92,0.13,D,0.00,12.00,12.00,1.78,1.50,^,0.00,,18.60,12.20,504,0.00,46.6,1,0,0.00,0.00,0.00,12.00,0.00,0.00,0,0,0.00,0
2026-04-26 18:15:55,795.27,0,0,0,0,0,0,0,-0.92,0,0.53,4.64,2.00,2.17,0.52,D,0.00,12.00,12.00,12.00,1.71,^,0.00,,22.70,12.20,504,0.00,46.6,1,0,0.00,0.00,0.00,12.00,0.00,0.00,0,0,0.00,0
2026-04-26 18:15:56,796.28,0,0,0,0,0,0,0,-0.55,0,1.00,4.64,2.00,1.67,0.59,D,0.00,12.00,12.00,12.00,2.15,^,0.00,,24.30,12.20,504,0.00,46.1,1,0,0.00,0.00,0.00,12.00,0.00,0.00,0,0,0.00,0
2026-04-26 18:15:57,797.29,0,0,0,0,0,0,0,0.00,0,1.00,4.64,2.00,2.24,1.00,D,0.00,12.00,12.00,12.00,12.00,^,0.00,,23.20,12.20,504,0.00,45.0,1,0,0.00,0.00,0.00,12.00,0.00,0.00,0,0,0.00,0
2026-04-26 18:15:58,798.30,0,0,0,0,0,0,0,0.00,0,1.00,4.64,2.00,3.71,1.00,D,0.00,12.00,3.82,12.00,2.93,^,0.00,,23.70,12.20,504,0.00,46.1,1,0,0.00,0.00,0.00,12.00,0.00,0.00,0,0,0.00,0
2026-04-26 18:15:59,799.32,0,0,0,0,0,0,0,0.00,0,1.00,4.64,2.00,3.64,1.00,D,0.00,12.00,1.96,12.00,12.00,^,0.00,,22.90,12.20,504,0.00,46.1,1,0,0.00,0.00,0.00,12.00,0.00,0.00,0,0,0.00,0
2026-04-26 18:16:00,800.33,0,0,0,0,0,0,0,0.00,0,1.00,4.64,2.00,3.70,1.00,D,0.00,12.00,1.56,12.00,0.93,^,0.00,,23.30,12.20,504,0.00,46.1,1,0,0.00,0.00,0.00,12.00,0.00,0.00,0,0,0.00,0
2026-04-26 18:16:01,801.35,0,0,0,0,0,0,0,0.36,0,1.00,4.64,2.00,3.36,1.00,D,0.00,12.00,12.00,12.00,1.20,^,0.00,,22.00,12.20,504,0.00,45.5,1,0,0.00,0.00,0.00,12.00,0.00,0.00,0,0,0.00,0
2026-04-26 18:16:02,802.35,0,0,0,0,0,0,0,0.35,0,1.00,4.64,2.01,3.81,1.00,D,0.00,12.00,12.00,12.00,1.33,^,0.00,,22.20,12.20,504,0.00,47.2,1,0,0.00,0.00,0.00,12.00,0.00,0.00,0,0,0.00,0
2026-04-26 18:16:03,803.36,0,0,0,0,0,0,0,0.13,0,1.00,4.64,2.01,3.76,1.00,D,0.00,12.00,12.00,12.00,1.57,^,0.00,,20.00,12.20,504,0.00,46.1,1,0,0.00,0.00,0.00,12.00,0.00,0.00,0,0,0.00,0
2026-04-26 18:16:04,804.47,0,0,0,0,0,0,0,0.00,0,1.00,4.64,2.01,3.72,1.00,D,0.00,12.00,12.00,12.00,1.62,^,0.00,,19.60,12.20,504,0.00,46.6,1,0,0.00,0.00,0.00,12.00,0.00,0.00,0,0,0.00,0
2026-04-26 18:16:05,805.38,0,0,0,0,0,0,0,-0.39,0,1.00,4.64,2.01,3.59,1.00,D,0.00,12.00,6.74,12.00,1.70,^,0.00,,19.90,12.20,504,0.00,46.6,1,0,0.00,0.00,0.00,12.00,0.00,0.00,0,0,0.00,0
2026-04-26 18:16:06,806.39,0,0,0,0,0,0,0,0.00,0,1.00,4.64,2.01,3.35,1.00,D,0.00,12.00,12.00,12.00,1.68,^,0.00,,23.70,12.20,504,0.00,46.6,1,0,0.00,0.00,0.00,12.00,0.00,0.00,0,0,0.00,0
2026-04-26 18:16:07,807.40,0,0,0,0,0,0,0,0.00,0,1.00,4.64,2.02,3.06,1.00,D,0.00,12.00,12.00,12.00,1.43,^,0.00,,21.90,12.20,504,0.00,46.1,1,0,0.00,0.00,0.00,12.00,0.00,0.00,0,0,0.00,0
2026-04-26 18:16:08,808.51,0,0,0,0,0,0,0,0.00,0,1.00,4.64,2.02,3.03,1.00,D,0.00,12.00,12.00,12.00,1.50,^,0.00,,21.00,12.20,504,0.00,46.1,1,0,0.00,0.00,0.00,12.00,0.00,0.00,0,0,0.00,0
2026-04-26 18:16:09,809.42,0,0,0,0,0,0,0,0.16,0,1.00,4.64,2.02,3.17,1.00,D,0.00,12.00,12.00,12.00,1.44,^,0.00,,26.00,12.20,504,0.00,45.5,1,0,0.00,0.00,0.00,12.00,0.00,0.00,0,0,0.00,0
2026-04-26 18:16:10,810.42,0,0,0,0,0,0,0,0.00,0,1.00,4.64,2.02,3.19,1.00,D,0.00,12.00,2.04,12.00,1.69,^,0.00,,22.80,12.20,504,0.00,46.6,1,0,0.00,0.00,0.00,12.00,0.00,0.00,0,0,0.00,0
2026-04-26 18:16:11,811.43,0,0,0,0,0,0,0,0.27,0,1.00,4.64,2.02,3.35,1.00,D,0.00,2.80,1.80,12.00,1.65,^,0.00,,22.60,12.20,504,0.00,45.5,1,0,0.00,0.00,0.00,2.80,0.00,0.00,0,0,0.00,0
2026-04-26 18:16:12,812.54,0,0,0,0,0,0,0,0.00,0,0.00,4.64,2.02,3.65,0.75,D,0.00,3.48,1.23,4.22,1.91,^,0.00,,24.50,12.20,504,0.00,45.5,1,0,0.00,0.00,0.00,3.48,0.00,0.00,0,0,0.00,0
2026-04-26 18:16:13,813.45,0,0,0,1,0,0,0,1.00,0,1.00,4.64,2.02,0.00,0.00,N,0.00,3.30,1.24,12.00,1.45,^,0.00,,22.80,12.20,504,0.01,45.5,1,0,0.00,0.00,0.00,3.30,0.00,0.00,0,0,0.00,0
2026-04-26 18:16:14,814.46,0,0,0,1,0,0,0,-1.00,1,1.00,4.64,2.02,0.00,0.00,P,0.00,3.27,1.24,12.00,0.86,^,0.00,,20.10,12.20,504,0.53,43.9,1,0,0.00,0.00,0.00,3.27,0.00,0.00,0,0,0.00,0
2026-04-26 18:16:15,815.47,0,0,0,0,0,0,0,-0.96,1,1.00,4.64,2.02,0.00,0.00,P,0.00,3.27,1.24,12.00,0.91,^,0.00,,20.40,12.20,504,1.54,45.5,1,0,0.00,0.00,0.00,3.27,0.00,0.00,0,0,0.00,0
2026-04-26 18:16:16,816.49,0,0,1,0,0,0,0,-0.33,0,1.00,4.64,2.01,0.00,-0.13,R,0.00,3.28,1.23,12.00,1.15,^,0.00,,22.30,12.20,504,0.33,44.4,1,0,0.00,0.00,0.00,3.28,0.00,0.00,0,0,0.00,0
2026-04-26 18:16:17,817.50,0,0,0,0,0,0,0,0.00,0,1.00,4.64,2.01,0.22,-0.63,R,0.00,12.00,1.23,12.00,1.15,^,0.00,,21.40,12.20,504,0.00,45.0,1,0,0.00,0.00,0.00,12.00,0.00,0.00,0,0,0.00,0
2026-04-26 18:16:18,818.51,0,0,1,0,0,0,0,0.68,0,1.00,4.64,2.01,0.98,0.02,D,0.00,3.73,1.44,0.96,1.89,^,0.00,,25.10,12.20,504,0.00,46.6,1,0,0.00,0.00,0.00,3.73,0.00,0.00,0,0,0.00,0
2026-04-26 18:16:19,819.52,0,0,0,0,0,0,0,0.10,0,0.83,4.64,2.01,0.06,0.53,D,0.00,3.86,1.52,0.97,1.84,^,0.00,,17.50,12.20,504,0.00,46.1,1,0,0.00,0.00,0.00,3.86,0.00,0.00,0,0,0.00,0
2026-04-26 18:16:20,820.53,0,0,0,0,0,0,0,0.00,0,0.00,4.64,2.01,0.00,0.00,D,0.00,3.79,1.50,0.60,1.85,^,0.00,,16.90,12.20,504,0.62,46.6,1,0,0.00,0.00,0.00,3.79,0.00,0.00,0,0,0.00,0
2026-04-26 18:16:21,821.64,0,0,0,0,0,0,0,0.00,1,0.00,4.64,2.00,0.00,0.00,D,0.00,0.27,1.50,0.34,1.85,STOP_WARNING,0.00,aeb_stop,16.60,12.20,504,1.73,46.1,1,1,0.00,0.00,0.00,0.27,0.00,0.00,0,0,0.00,0
2026-04-26 18:16:22,822.55,0,0,0,0,0,0,0,0.00,1,0.00,4.64,2.00,0.00,0.00,D,0.00,0.27,1.50,0.29,1.85,STOP_WARNING,0.00,aeb_stop,16.30,12.20,504,0.15,46.1,1,1,0.00,0.00,0.00,0.27,0.00,0.00,0,0,0.00,0
2026-04-26 18:16:23,823.59,0,0,0,0,0,0,0,0.00,1,0.00,4.64,2.00,0.00,0.00,D,0.00,0.29,1.51,0.29,1.85,STOP_WARNING,0.00,aeb_stop,17.50,12.20,504,0.15,46.6,1,1,0.00,0.00,0.00,0.29,0.00,0.00,0,0,0.00,0
2026-04-26 18:16:24,824.58,0,0,0,0,0,0,0,0.84,1,0.00,4.64,2.00,0.00,0.00,D,0.00,3.82,1.51,0.35,0.38,^,0.00,,20.90,12.20,504,0.29,46.1,1,0,0.00,0.00,0.00,3.82,0.00,0.00,0,0,0.00,0
2026-04-26 18:16:25,825.59,0,0,0,0,0,0,0,0.88,1,0.80,4.64,1.99,0.00,0.00,D,0.00,3.82,1.51,12.00,0.48,^,0.00,,21.30,12.20,504,1.30,46.1,1,0,0.00,0.00,0.00,3.82,0.00,0.00,0,0,0.00,0
2026-04-26 18:16:26,826.60,0,0,0,0,0,0,0,0.92,1,1.00,4.64,1.99,0.00,0.00,D,0.00,3.82,1.51,12.00,0.53,^,0.00,,20.00,12.20,504,2.31,46.1,1,0,0.00,0.00,0.00,3.82,0.00,0.00,0,0,0.00,0
2026-04-26 18:16:27,827.61,0,0,0,0,0,0,0,0.00,1,0.00,4.64,1.99,0.00,0.00,D,0.00,3.82,1.51,12.00,0.58,^,0.00,,18.70,12.20,504,0.17,46.6,1,0,0.00,0.00,0.00,3.82,0.00,0.00,0,0,0.00,0
2026-04-26 18:16:28,828.62,0,0,0,0,0,0,0,0.86,1,0.00,4.64,1.99,0.00,0.00,D,0.00,3.82,1.51,12.00,0.59,^,0.00,,17.50,12.20,504,0.40,46.6,1,0,0.00,0.00,0.00,3.82,0.00,0.00,0,0,0.00,0
2026-04-26 18:16:29,829.64,1,0,0,0,0,0,0,0.15,0,1.00,4.64,1.98,0.01,0.47,D,0.00,3.82,1.51,12.00,0.59,^,8.99,,16.10,12.20,504,0.03,46.6,1,0,0.00,0.00,0.00,3.82,0.15,1.00,0,0,0.00,0
2026-04-26 18:16:30,830.65,0,0,0,0,0,0,0,0.19,0,0.00,4.64,1.98,1.54,0.00,D,0.00,3.67,1.47,12.00,0.71,^,0.00,,17.50,12.20,504,0.00,45.5,1,0,0.00,0.00,0.00,3.67,0.00,0.00,0,0,0.00,0
2026-04-26 18:16:31,831.65,0,0,0,0,0,0,0,0.24,0,1.00,4.64,1.98,0.06,0.19,D,0.00,3.36,2.84,3.90,0.76,^,0.00,,17.80,12.20,504,0.09,45.0,1,0,0.00,0.00,0.00,3.36,0.00,0.00,0,0,0.00,0
2026-04-26 18:16:32,832.67,0,0,0,0,0,0,0,0.27,0,1.00,4.64,1.98,0.11,0.69,D,0.00,3.37,2.85,3.90,0.44,^,0.00,,20.40,12.20,504,0.00,45.5,1,0,0.00,0.00,0.00,3.37,0.00,0.00,0,0,0.00,0
2026-04-26 18:16:33,833.68,0,0,0,0,0,0,0,-0.36,0,1.00,4.64,1.98,1.46,0.72,D,0.00,2.92,2.96,3.43,0.62,^,0.00,,23.90,12.20,504,0.00,45.0,1,0,0.00,0.00,0.00,2.92,0.00,0.00,0,0,0.00,0
2026-04-26 18:16:35,834.70,0,0,0,0,0,0,0,0.00,0,1.00,4.64,1.98,3.09,1.00,D,0.00,1.97,2.81,2.52,1.00,WARN_WARNING,0.00,,20.70,12.20,504,0.00,45.5,1,0,0.00,0.00,0.00,1.97,0.00,0.00,0,0,0.00,0
2026-04-26 18:16:36,835.71,0,0,0,0,0,0,0,0.00,0,0.00,4.64,1.98,2.42,0.42,D,0.00,0.73,2.93,1.78,1.65,WARN_WARNING,0.00,,23.90,12.20,504,0.00,45.0,1,0,0.00,0.00,0.00,0.73,0.00,0.00,0,0,0.00,0
2026-04-26 18:16:37,836.72,0,0,0,1,0,0,0,-1.00,0,1.00,4.64,1.98,0.18,-0.28,R,0.00,0.49,2.90,1.86,1.55,STOP_WARNING,0.00,,20.60,12.20,504,0.00,45.5,1,0,0.00,0.00,0.00,0.49,0.00,0.00,0,0,0.00,0
2026-04-26 18:16:38,837.73,0,0,0,0,0,0,0,-1.00,0,1.00,4.64,1.98,0.41,-0.79,R,0.00,0.48,2.96,1.68,1.46,STOP_WARNING,0.00,,19.90,12.20,504,0.00,46.1,1,0,0.00,0.00,0.00,0.48,0.00,0.00,0,0,0.00,0
2026-04-26 18:16:39,838.75,0,0,1,0,0,0,0,-0.50,0,0.00,4.64,1.98,2.45,0.00,D,0.00,1.01,3.00,2.22,0.81,WARN_WARNING,0.00,,22.30,12.20,504,0.00,44.4,1,0,0.00,0.00,0.00,1.01,0.00,0.00,0,0,0.00,0
2026-04-26 18:16:40,839.76,0,0,0,0,0,0,0,-1.00,0,1.00,4.64,1.97,0.20,0.44,D,0.00,2.12,1.51,2.50,0.36,^,0.00,,21.40,12.20,504,0.10,45.5,1,0,0.00,0.00,0.00,2.12,0.00,0.00,0,0,0.00,0
2026-04-26 18:16:41,840.87,0,0,0,0,0,0,0,-1.00,0,1.00,4.64,1.97,0.91,0.95,D,0.00,1.27,2.44,2.37,0.48,^,0.00,,20.70,12.20,504,0.00,46.1,1,0,0.00,0.00,0.00,1.27,0.00,0.00,0,0,0.00,0
2026-04-26 18:16:42,841.78,0,0,0,0,0,0,0,0.00,0,1.00,4.64,1.97,3.59,1.00,D,0.00,1.89,1.67,1.00,1.11,WARN_WARNING,0.00,,22.00,12.20,504,0.00,45.5,1,0,0.00,0.00,0.00,1.89,0.00,0.00,0,0,0.00,0
2026-04-26 18:16:43,842.79,0,0,0,0,0,0,0,0.00,0,1.00,4.64,1.97,3.59,1.00,D,0.00,1.49,1.53,0.68,0.69,WARN_WARNING,0.00,,24.90,12.20,504,0.00,45.5,1,0,0.00,0.00,0.00,1.49,0.00,0.00,0,0,0.00,0
2026-04-26 18:16:44,843.80,0,0,0,0,0,0,0,0.00,1,0.00,4.64,1.98,1.59,0.00,D,0.00,0.73,0.71,0.90,1.36,WARN_WARNING,0.00,,18.70,12.20,504,0.00,46.6,1,0,0.00,0.00,0.00,0.73,0.00,0.00,0,0,0.00,0
2026-04-26 18:16:45,844.81,0,0,0,1,0,0,0,-1.00,0,1.00,4.64,1.97,0.00,-0.10,R,0.00,0.69,0.65,0.89,1.22,WARN_WARNING,0.00,,18.10,12.20,504,0.61,45.0,1,0,0.00,0.00,0.00,0.69,0.00,0.00,0,0,0.00,0
2026-04-26 18:16:46,845.82,0,0,1,0,0,0,0,0.00,0,0.00,4.64,1.97,0.00,0.00,D,0.00,0.81,0.68,0.88,1.22,WARN_WARNING,0.00,,16.50,12.20,504,0.02,46.6,0,0,0.00,0.00,0.00,0.81,0.00,0.00,0,0,0.00,0
2026-04-26 18:16:47,846.82,0,0,0,0,0,0,0,0.99,0,1.00,4.64,1.97,0.03,0.42,D,0.00,0.81,0.68,0.89,1.22,WARN_WARNING,0.00,,19.30,12.20,504,0.02,46.1,0,0,0.00,0.00,0.00,0.81,0.00,0.00,0,0,0.00,0
2026-04-26 18:16:48,847.84,0,0,0,0,0,0,0,0.00,0,1.00,4.64,1.97,1.23,0.92,D,0.00,1.67,0.57,0.82,0.89,^,0.00,,18.30,12.20,504,0.00,45.0,0,0,0.00,0.00,0.00,1.67,0.00,0.00,0,0,0.00,0
2026-04-26 18:16:49,848.84,0,0,0,0,0,0,0,0.00,1,0.00,4.64,1.97,2.49,0.00,D,0.00,2.08,0.83,0.85,0.64,^,0.00,,22.20,12.20,504,0.00,45.0,0,0,0.00,0.00,0.00,2.08,0.00,0.00,0,0,0.00,0
2026-04-26 18:16:50,849.85,0,0,0,0,0,0,0,0.00,0,0.00,4.64,1.97,0.00,0.00,D,0.00,1.92,0.73,0.84,0.76,^,0.00,,20.00,12.20,504,0.47,45.0,0,0,0.00,0.00,0.00,1.92,0.00,0.00,0,0,0.00,0
2026-04-26 18:16:50,850.02,0,0,0,0,1,0,0,0.00,0,0.00,4.64,1.97,0.00,0.00,D,0.00,1.92,0.72,0.83,0.76,^,0.00,,19.70,12.20,504,0.65,44.4,0,0,0.00,0.00,0.00,1.92,0.00,0.00,0,0,0.00,0
