Current Time,Time Since Program Started (s),Autonomous Mode (On/Off),Cruise Control (Active/Inactive),Shift Up PRND (Event),Shift Down PRND (Event),Quit (Event),Increase CC (Event),Decrease CC (Event),Steer (Value),Brake (On/Off),Gas (Value),Maximum Speed Recall (MPH),Average Speed (MPH),Current Speed (MPH),Motor PWM Value,Gear Mode,Cruise Control Target Speed (MPH),LiDAR Front Distance (m),LiDAR Left Distance (m),LiDAR Right Distance (m),LiDAR Back Distance (m),LiDAR Determined Direction,Target Heading (deg),Stop Reason,CPU Usage (%),Memory Usage (%),Number of LiDAR Points in Scan,Time Since Last Hall Sensor Pulse (s),CPU Temp (C),AEB Enabled (On/Off),AEB Triggered (On/Off),PID Output (Cruise Control),LiDAR Best Heading (deg),LiDAR Heading Confidence,LiDAR Forward Clearance (m),Camera Steering Bias,Camera Confidence,Camera Left Edge Found,Camera Right Edge Found,Camera Corridor Width (px),Driveway Cut Suspected
2026-04-29 18:27:24,10.01,0,0,1,0,0,0,0,0.72,0,1.00,0.00,0.00,0.00,0.17,D,0.00,0.94,0.47,0.62,0.49,WARN_WARNING,0.00,,10.40,13.50,504,10.01,46.1,1,0,0.00,0.00,0.00,0.94,0.00,0.00,0,0,0.00,0
2026-04-29 18:27:25,11.12,0,0,0,0,0,0,0,0.00,0,1.00,0.60,0.01,0.60,0.67,D,0.00,0.83,0.46,0.60,0.48,WARN_WARNING,0.00,,24.90,13.50,504,0.00,46.1,1,0,0.00,0.00,0.00,0.83,0.00,0.00,0,0,0.00,0
2026-04-29 18:27:26,12.03,0,0,0,0,0,0,0,-0.11,1,0.00,2.38,0.14,0.85,0.00,D,0.00,0.38,0.81,0.35,0.66,STOP_WARNING,0.00,aeb_stop,25.10,13.50,504,0.01,46.1,1,1,0.00,0.00,0.00,0.38,0.00,0.00,0,0,0.00,0
2026-04-29 18:27:27,13.04,0,0,0,1,0,0,0,1.00,0,1.00,2.38,0.13,0.00,-0.17,R,0.00,0.37,0.81,0.34,0.67,STOP_WARNING,0.00,,26.30,13.40,504,0.87,46.6,1,0,0.00,0.00,0.00,0.37,0.00,0.00,0,0,0.00,0
2026-04-29 18:27:28,14.05,0,0,0,0,0,0,0,0.32,0,0.14,2.38,0.13,0.40,-0.64,R,0.00,0.43,0.76,0.37,0.65,STOP_WARNING,0.00,,25.50,13.40,504,0.00,46.1,1,0,0.00,0.00,0.00,0.43,0.00,0.00,0,0,0.00,0
2026-04-29 18:27:29,15.06,0,0,0,0,0,0,0,0.00,0,0.00,2.38,0.19,1.15,-0.38,R,0.00,1.25,0.54,0.57,0.58,^,0.00,,24.90,13.30,504,0.00,46.6,1,0,0.00,0.00,0.00,1.25,0.00,0.00,0,0,0.00,0
2026-04-29 18:27:30,16.08,0,0,1,0,0,0,0,0.29,0,0.40,2.38,0.20,0.02,0.14,D,0.00,0.90,0.59,0.67,0.38,WARN_WARNING,0.00,,25.30,13.30,504,0.19,46.1,1,0,0.00,0.00,0.00,0.90,0.00,0.00,0,0,0.00,0
2026-04-29 18:27:31,17.09,0,0,0,0,0,0,0,0.00,0,0.00,2.38,0.20,0.54,0.40,D,0.00,0.79,0.57,0.64,0.29,WARN_WARNING,0.00,,23.40,13.20,504,0.00,46.6,1,0,0.00,0.00,0.00,0.79,0.00,0.00,0,0,0.00,0
2026-04-29 18:27:32,18.10,0,0,0,0,0,0,0,0.00,0,0.00,2.38,0.21,0.00,0.00,D,0.00,0.67,0.56,0.55,0.33,WARN_WARNING,0.00,,22.90,13.20,504,0.36,46.6,1,0,0.00,0.00,0.00,0.67,0.00,0.00,0,0,0.00,0
2026-04-29 18:27:33,19.11,0,0,0,0,0,0,0,0.00,0,0.00,2.38,0.20,0.00,0.00,D,0.00,0.67,0.56,0.21,0.19,WARN_WARNING,0.00,,23.30,13.10,504,0.02,48.3,1,0,0.00,0.00,0.00,0.67,0.00,0.00,0,0,0.00,0
2026-04-29 18:27:34,20.13,0,0,0,0,0,0,0,0.00,0,0.00,2.38,0.19,0.00,0.00,D,0.00,0.69,0.56,0.18,0.18,WARN_WARNING,0.00,,24.90,13.00,504,0.27,47.7,1,0,0.00,0.00,0.00,0.69,0.00,0.00,0,0,0.00,0
2026-04-29 18:27:35,21.14,0,0,0,0,0,0,0,0.00,0,0.00,2.38,0.18,0.00,0.00,D,0.00,0.69,0.56,0.18,0.17,WARN_WARNING,0.00,,23.40,12.90,504,0.01,46.1,1,0,0.00,0.00,0.00,0.69,0.00,0.00,0,0,0.00,0
2026-04-29 18:27:36,22.15,0,0,0,0,0,0,0,0.00,0,0.00,2.38,0.17,0.00,0.00,D,0.00,0.68,0.56,0.20,0.18,WARN_WARNING,0.00,,25.10,12.90,504,0.10,46.6,1,0,0.00,0.00,0.00,0.68,0.00,0.00,0,0,0.00,0
2026-04-29 18:27:37,23.17,0,0,0,0,0,0,0,0.00,0,0.14,2.38,0.16,0.04,0.25,D,0.00,0.69,0.56,0.20,0.18,WARN_WARNING,0.00,,24.30,12.90,504,0.00,47.7,1,0,0.00,0.00,0.00,0.69,0.00,0.00,0,0,0.00,0
2026-04-29 18:27:38,24.18,0,0,0,0,0,0,0,0.00,0,1.00,2.38,0.16,0.18,0.23,D,0.00,0.66,0.57,0.54,0.19,WARN_WARNING,0.00,,24.90,12.80,504,0.00,46.1,1,0,0.00,0.00,0.00,0.66,0.00,0.00,0,0,0.00,0
2026-04-29 18:27:39,25.19,0,0,0,0,0,0,0,0.00,1,0.00,2.38,0.17,0.83,0.00,D,0.00,0.58,0.61,0.46,0.29,STOP_WARNING,0.00,aeb_stop,23.50,12.70,504,0.00,47.7,1,1,0.00,0.00,0.00,0.58,0.00,0.00,0,0,0.00,0
2026-04-29 18:27:40,26.21,0,0,0,0,0,0,0,0.00,1,0.00,2.38,0.17,0.00,0.00,D,0.00,0.53,0.64,0.43,0.31,STOP_WARNING,0.00,aeb_stop,25.20,12.70,504,0.69,47.2,1,1,0.00,0.00,0.00,0.53,0.00,0.00,0,0,0.00,0
2026-04-29 18:27:41,27.22,0,0,0,0,0,0,0,0.00,1,0.00,2.38,0.16,0.00,0.00,D,0.00,0.53,0.64,0.43,0.19,STOP_WARNING,0.00,aeb_stop,24.20,12.80,504,1.70,46.6,1,1,0.00,0.00,0.00,0.53,0.00,0.00,0,0,0.00,0
2026-04-29 18:27:42,28.22,0,0,0,0,0,0,0,0.00,1,0.00,2.38,0.16,0.00,0.00,D,0.00,0.54,0.64,0.43,0.20,STOP_WARNING,0.00,aeb_stop,24.40,12.80,504,0.03,46.6,1,1,0.00,0.00,0.00,0.54,0.00,0.00,0,0,0.00,0
2026-04-29 18:27:43,29.23,0,0,0,0,0,0,0,0.00,1,0.00,2.38,0.15,0.00,0.00,D,0.00,0.56,0.63,0.21,0.19,STOP_WARNING,0.00,aeb_stop,24.50,12.80,504,0.02,48.3,1,1,0.00,0.00,0.00,0.56,0.00,0.00,0,0,0.00,0
2026-04-29 18:27:44,30.24,0,0,0,0,0,0,0,0.00,1,0.00,2.38,0.15,0.00,0.00,D,0.00,0.56,0.64,0.22,0.19,STOP_WARNING,0.00,aeb_stop,24.60,13.10,504,0.07,47.2,1,1,0.00,0.00,0.00,0.56,0.00,0.00,0,0,0.00,0
2026-04-29 18:27:45,31.25,0,0,0,0,0,0,0,0.00,1,0.00,2.38,0.14,0.00,0.00,D,0.00,0.56,0.63,0.22,0.19,STOP_WARNING,0.00,aeb_stop,26.30,13.10,504,0.01,46.6,1,1,0.00,0.00,0.00,0.56,0.00,0.00,0,0,0.00,0
2026-04-29 18:27:46,32.27,0,0,0,0,0,0,0,0.00,1,0.00,2.38,0.14,0.00,0.00,D,0.00,0.61,0.18,0.19,0.17,WARN_WARNING,0.00,,25.50,13.10,504,0.01,46.6,1,0,0.00,0.00,0.00,0.61,0.00,0.00,0,0,0.00,0
2026-04-29 18:27:47,33.28,0,0,1,0,0,0,0,0.00,0,0.00,2.38,0.14,0.00,0.00,D,0.00,0.63,0.59,0.20,0.20,WARN_WARNING,0.00,,25.80,13.00,504,0.64,46.6,1,0,0.00,0.00,0.00,0.63,0.00,0.00,0,0,0.00,0
2026-04-29 18:27:48,34.29,0,0,1,0,0,0,0,0.00,0,0.00,2.38,0.14,0.00,0.00,D,0.00,0.63,0.60,0.49,0.24,WARN_WARNING,0.00,,24.70,13.00,504,1.66,47.2,1,0,0.00,0.00,0.00,0.63,0.00,0.00,0,0,0.00,0
2026-04-29 18:27:49,35.30,0,0,0,0,0,0,0,0.00,0,1.00,2.38,0.13,0.20,0.48,D,0.00,0.61,0.59,0.48,0.57,WARN_WARNING,0.00,,27.40,13.00,504,0.00,47.7,1,0,0.00,0.00,0.00,0.61,0.00,0.00,0,0,0.00,0
2026-04-29 18:27:50,36.32,0,0,0,0,0,0,0,1.00,1,0.00,2.38,0.13,0.00,0.00,D,0.00,0.56,0.62,0.44,0.59,STOP_WARNING,0.00,aeb_stop,24.90,13.00,504,0.49,47.7,1,1,0.00,0.00,0.00,0.56,0.00,0.00,0,0,0.00,0
2026-04-29 18:27:51,37.33,0,0,0,1,0,0,0,1.00,0,1.00,2.38,0.13,0.01,-0.35,R,0.00,0.56,0.62,0.44,0.60,STOP_WARNING,0.00,,26.80,13.00,504,0.06,47.7,1,0,0.00,0.00,0.00,0.56,0.00,0.00,0,0,0.00,0
2026-04-29 18:27:52,38.34,0,0,1,0,0,0,0,0.00,0,0.00,2.38,0.14,0.77,0.00,D,0.00,1.18,0.55,0.51,0.57,WARN_WARNING,0.00,,25.10,13.00,504,0.00,47.2,1,0,0.00,0.00,0.00,1.18,0.00,0.00,0,0,0.00,0
2026-04-29 18:27:53,39.34,0,0,0,0,0,0,0,0.00,0,1.00,2.38,0.14,0.11,0.43,D,0.00,1.19,0.55,0.51,0.55,WARN_WARNING,0.00,,24.80,12.80,504,0.01,46.6,1,0,0.00,0.00,0.00,1.19,0.00,0.00,0,0,0.00,0
2026-04-29 18:27:54,40.36,0,0,0,0,0,0,0,0.16,0,1.00,2.38,0.15,1.95,0.94,D,0.00,1.16,0.56,0.45,0.46,WARN_WARNING,0.00,,27.10,12.80,504,0.00,48.3,1,0,0.00,0.00,0.00,1.16,0.00,0.00,0,0,0.00,0
2026-04-29 18:27:55,41.37,0,0,0,0,0,0,0,0.00,0,0.00,4.15,0.24,4.15,0.87,D,0.00,1.78,1.28,1.03,0.77,WARN_WARNING,0.00,,27.40,12.70,504,0.00,47.7,1,0,0.00,0.00,0.00,1.78,0.00,0.00,0,0,0.00,0
2026-04-29 18:27:56,42.39,0,0,0,0,0,0,0,0.00,0,0.00,4.16,0.32,3.41,0.26,D,0.00,1.68,1.13,0.87,0.92,WARN_WARNING,0.00,,28.20,12.70,504,0.00,48.3,1,0,0.00,0.00,0.00,1.68,0.00,0.00,0,0,0.00,0
2026-04-29 18:27:57,43.40,0,0,0,0,0,0,0,-0.17,0,1.00,4.16,0.38,2.32,0.60,D,0.00,1.39,5.21,0.70,0.72,^,0.00,,25.90,12.60,504,0.00,47.7,1,0,0.00,0.00,0.00,1.39,0.00,0.00,0,0,0.00,0
2026-04-29 18:27:58,44.41,0,0,0,0,0,0,0,0.00,0,1.00,4.16,0.43,3.52,1.00,D,0.00,12.00,12.00,1.12,0.90,^,0.00,,26.70,12.60,504,0.00,48.3,1,0,0.00,0.00,0.00,12.00,0.00,0.00,0,0,0.00,0
2026-04-29 18:27:59,45.42,0,0,0,0,0,0,0,0.00,0,0.00,4.41,0.51,4.34,0.79,D,0.00,12.00,4.55,2.23,1.54,^,0.00,,27.00,12.60,504,0.00,48.3,1,0,0.00,0.00,0.00,12.00,0.00,0.00,0,0,0.00,0
2026-04-29 18:28:00,46.43,0,0,0,0,0,0,0,0.00,1,0.00,4.41,0.58,1.99,0.00,D,0.00,12.00,12.00,1.59,1.57,^,0.00,,24.70,12.60,504,0.00,47.7,1,0,0.00,0.00,0.00,12.00,0.00,0.00,0,0,0.00,0
2026-04-29 18:28:01,47.44,0,0,0,0,0,0,0,0.00,0,1.00,4.41,0.59,1.29,0.43,D,0.00,12.00,4.44,1.86,1.62,^,0.00,,26.40,12.50,504,0.00,48.3,1,0,0.00,0.00,0.00,12.00,0.00,0.00,0,0,0.00,0
2026-04-29 18:28:02,48.46,0,0,0,0,0,0,0,0.00,0,1.00,4.41,0.63,3.04,0.94,D,0.00,12.00,4.43,2.29,1.96,^,0.00,,26.40,12.50,504,0.00,48.3,1,0,0.00,0.00,0.00,12.00,0.00,0.00,0,0,0.00,0
2026-04-29 18:28:03,49.47,0,0,0,0,0,0,0,-0.12,0,0.14,4.86,0.70,4.86,0.80,D,0.00,12.00,12.00,12.00,12.00,^,0.00,,28.90,12.50,504,0.00,47.7,1,0,0.00,0.00,0.00,12.00,0.00,0.00,0,0,0.00,0
2026-04-29 18:28:04,50.48,0,0,0,0,0,0,0,0.00,0,0.00,4.91,0.77,1.45,0.00,D,0.00,12.00,12.00,12.00,12.00,^,0.00,,27.80,12.50,504,0.00,48.3,1,0,0.00,0.00,0.00,12.00,0.00,0.00,0,0,0.00,0
2026-04-29 18:28:05,51.48,0,0,0,0,0,0,0,0.00,0,0.00,4.91,0.79,2.40,0.00,D,0.00,12.00,12.00,12.00,12.00,^,0.00,,26.40,12.50,504,0.00,48.8,1,0,0.00,0.00,0.00,12.00,0.00,0.00,0,0,0.00,0
2026-04-29 18:28:06,52.49,0,0,0,0,0,0,0,-0.42,0,0.00,4.91,0.83,2.02,0.00,D,0.00,12.00,12.00,12.00,12.00,^,0.00,,26.50,12.40,504,0.00,48.8,1,0,0.00,0.00,0.00,12.00,0.00,0.00,0,0,0.00,0
2026-04-29 18:28:07,53.51,0,0,0,0,0,0,0,0.00,0,0.00,4.91,0.83,0.43,0.00,D,0.00,12.00,12.00,12.00,12.00,^,0.00,,27.10,12.80,504,0.01,48.8,1,0,0.00,0.00,0.00,12.00,0.00,0.00,0,0,0.00,0
2026-04-29 18:28:08,54.52,0,0,0,0,0,0,0,0.00,0,0.00,4.91,0.82,0.00,0.00,D,0.00,12.00,12.00,12.00,12.00,^,0.00,,24.90,13.00,504,0.78,48.3,1,0,0.00,0.00,0.00,12.00,0.00,0.00,0,0,0.00,0
2026-04-29 18:28:09,55.52,0,0,0,1,0,0,0,0.00,0,1.00,4.91,0.80,0.03,-0.25,R,0.00,12.00,12.00,12.00,12.00,^,0.00,,26.20,12.90,504,0.02,49.4,1,0,0.00,0.00,0.00,12.00,0.00,0.00,0,0,0.00,0
2026-04-29 18:28:10,56.53,0,0,1,0,0,0,0,0.00,0,0.00,4.91,0.79,0.46,0.00,N,0.00,12.00,12.00,12.00,12.00,^,0.00,,24.50,12.90,504,0.00,48.8,1,0,0.00,0.00,0.00,12.00,0.00,0.00,0,0,0.00,0
2026-04-29 18:28:11,57.54,1,0,1,0,0,0,0,-0.08,0,1.00,4.91,0.78,0.00,0.30,D,0.00,12.00,12.00,12.00,12.00,^,-4.87,,22.20,12.90,504,0.34,49.4,1,0,0.00,0.00,0.00,12.00,-0.08,1.00,0,0,0.00,0
2026-04-29 18:28:12,58.56,1,0,0,0,0,0,0,-0.11,0,1.00,4.91,0.77,0.96,0.80,D,0.00,12.00,12.00,12.00,12.00,^,-6.44,,22.50,12.80,504,0.00,48.3,1,0,0.00,0.00,0.00,12.00,-0.11,1.00,0,0,0.00,0
2026-04-29 18:28:13,59.57,1,0,0,0,0,0,0,-0.27,0,1.00,4.91,0.80,3.42,1.00,D,0.00,12.00,12.00,12.00,12.00,^,-16.30,,24.30,13.00,504,0.00,49.9,1,0,0.00,0.00,0.00,12.00,-0.27,1.00,0,0,0.00,0
2026-04-29 18:28:14,60.58,1,0,0,0,0,0,0,0.01,0,1.00,4.91,0.85,4.07,1.00,D,0.00,12.00,12.00,12.00,12.00,^,0.63,,27.30,13.00,504,0.00,49.4,1,0,0.00,0.00,0.00,12.00,0.01,1.00,0,0,0.00,0
2026-04-29 18:28:15,61.60,1,0,0,0,0,0,0,-0.20,0,1.00,4.91,0.90,4.03,1.00,D,0.00,12.00,12.00,12.00,12.00,^,-11.85,,29.50,13.00,504,0.00,48.8,1,0,0.00,0.00,0.00,12.00,-0.20,1.00,0,0,0.00,0
2026-04-29 18:28:16,62.61,1,0,0,0,0,0,0,-0.12,0,1.00,4.91,0.95,3.95,1.00,D,0.00,2.56,2.50,12.00,3.04,^,-7.17,,27.70,12.90,504,0.00,49.4,1,0,0.00,0.00,0.00,2.56,-0.12,1.00,0,0,0.00,0
2026-04-29 18:28:17,63.62,1,0,0,0,0,0,0,0.17,0,1.00,4.91,0.99,3.06,0.95,D,0.00,12.00,1.59,1.21,2.42,^,9.91,,26.90,12.80,504,0.00,48.3,1,0,0.00,0.00,0.00,12.00,0.17,1.00,0,0,0.00,0
2026-04-29 18:28:18,64.63,1,0,0,0,0,0,0,0.16,0,1.00,4.91,1.03,3.88,1.00,D,0.00,12.00,12.00,2.81,1.08,^,9.75,,24.40,12.90,504,0.00,49.9,1,0,0.00,0.00,0.00,12.00,0.16,1.00,0,0,0.00,0
2026-04-29 18:28:19,65.65,1,0,0,0,0,0,0,0.24,0,1.00,4.91,1.08,3.32,0.81,D,0.00,12.00,12.00,1.36,1.88,^,14.26,,22.90,12.80,504,0.00,50.5,1,0,0.00,0.00,0.00,12.00,0.24,1.00,0,0,0.00,0
2026-04-29 18:28:20,66.66,1,0,0,0,0,0,0,0.14,0,1.00,4.91,1.12,3.96,1.00,D,0.00,12.00,12.00,1.00,0.87,^,8.16,,25.30,12.70,504,0.00,49.9,1,0,0.00,0.00,0.00,12.00,0.14,1.00,0,0,0.00,0
2026-04-29 18:28:21,67.77,1,0,0,0,0,0,0,-0.30,0,1.00,4.91,1.16,3.87,1.00,D,0.00,12.00,12.00,12.00,1.70,^,-18.21,,25.70,12.80,504,0.00,48.8,1,0,0.00,0.00,0.00,12.00,-0.30,1.00,0,0,0.00,0
2026-04-29 18:28:22,68.68,1,0,0,0,0,0,0,0.18,0,1.00,4.91,1.20,4.16,1.00,D,0.00,12.00,12.00,12.00,1.46,^,10.82,,28.10,12.90,504,0.00,48.8,1,0,0.00,0.00,0.00,12.00,0.18,1.00,0,0,0.00,0
2026-04-29 18:28:23,69.68,1,0,0,0,0,0,0,-0.19,0,1.00,4.91,1.24,3.87,1.00,D,0.00,12.00,12.00,12.00,1.43,^,-11.14,,25.50,12.60,504,0.00,48.8,1,0,0.00,0.00,0.00,12.00,-0.19,1.00,0,0,0.00,0
2026-04-29 18:28:24,70.69,1,0,0,0,0,0,0,-0.01,0,1.00,4.91,1.28,4.08,1.00,D,0.00,12.00,12.00,12.00,1.51,^,-0.89,,25.60,12.60,504,0.00,49.9,1,0,0.00,0.00,0.00,12.00,-0.01,1.00,0,0,0.00,0
2026-04-29 18:28:25,71.71,1,0,0,0,0,0,0,-0.02,0,1.00,4.91,1.32,4.01,1.00,D,0.00,12.00,12.00,12.00,1.45,^,-1.12,,25.30,12.40,504,0.00,49.4,1,0,0.00,0.00,0.00,12.00,-0.02,1.00,0,0,0.00,0
2026-04-29 18:28:26,72.73,1,0,0,0,0,0,0,-0.06,0,1.00,4.91,1.35,3.97,1.00,D,0.00,12.00,12.00,12.00,1.33,^,-3.79,,24.70,12.50,504,0.00,49.4,1,0,0.00,0.00,0.00,12.00,-0.06,1.00,0,0,0.00,0
2026-04-29 18:28:27,73.73,1,0,0,0,0,0,0,-0.03,0,1.00,4.91,1.39,4.00,1.00,D,0.00,12.00,2.58,12.00,1.37,^,-1.55,,26.60,12.70,504,0.00,50.5,1,0,0.00,0.00,0.00,12.00,-0.03,1.00,0,0,0.00,0
2026-04-29 18:28:28,74.75,1,0,0,0,0,0,0,-0.05,0,1.00,4.91,1.43,3.97,1.00,D,0.00,12.00,1.99,12.00,1.41,^,-3.07,,24.40,12.70,504,0.00,50.5,1,0,0.00,0.00,0.00,12.00,-0.05,1.00,0,0,0.00,0
2026-04-29 18:28:29,75.76,1,0,0,0,0,0,0,-0.03,0,1.00,4.91,1.46,3.85,1.00,D,0.00,12.00,12.00,12.00,1.43,^,-1.97,,25.10,12.70,504,0.00,49.9,1,0,0.00,0.00,0.00,12.00,-0.03,1.00,0,0,0.00,0
2026-04-29 18:28:30,76.77,1,0,0,0,0,0,0,-0.05,0,1.00,4.91,1.49,4.02,1.00,D,0.00,12.00,12.00,12.00,1.45,^,-2.74,,25.80,12.70,504,0.00,50.5,1,0,0.00,0.00,0.00,12.00,-0.05,1.00,0,0,0.00,0
2026-04-29 18:28:32,77.88,1,0,0,0,0,0,0,0.04,0,1.00,4.91,1.52,3.96,1.00,D,0.00,12.00,12.00,12.00,1.44,^,2.21,,25.20,12.70,504,0.00,49.9,1,0,0.00,0.00,0.00,12.00,0.04,1.00,0,0,0.00,0
2026-04-29 18:28:32,78.79,1,0,0,0,0,0,0,-0.21,0,1.00,4.91,1.56,4.05,1.00,D,0.00,12.00,3.40,12.00,1.41,^,-12.45,,26.40,12.70,504,0.00,49.4,1,0,0.00,0.00,0.00,12.00,-0.21,1.00,0,0,0.00,0
2026-04-29 18:28:34,79.80,1,0,0,0,0,0,0,0.06,0,1.00,4.91,1.59,4.09,1.00,D,0.00,12.00,2.61,12.00,1.40,^,3.45,,24.30,12.60,504,0.00,49.4,1,0,0.00,0.00,0.00,12.00,0.06,1.00,0,0,0.00,0
2026-04-29 18:28:35,80.82,1,0,0,0,0,0,0,0.10,0,1.00,4.91,1.62,4.00,1.00,D,0.00,12.00,2.96,12.00,1.27,^,6.27,,24.40,12.60,504,0.00,49.4,1,0,0.00,0.00,0.00,12.00,0.10,1.00,0,0,0.00,0
2026-04-29 18:28:36,81.83,1,0,0,0,0,0,0,0.16,0,1.00,4.91,1.65,4.53,1.00,D,0.00,12.00,12.00,0.82,0.81,^,9.31,,25.20,12.60,504,0.00,49.4,1,0,0.00,0.00,0.00,12.00,0.16,1.00,0,0,0.00,0
2026-04-29 18:28:37,82.84,0,0,0,0,0,0,0,0.95,0,1.00,4.91,1.67,2.32,0.31,D,0.00,12.00,12.00,1.30,1.31,^,0.00,,25.40,12.60,504,0.00,51.6,1,0,0.00,0.00,0.00,12.00,0.00,0.00,0,0,0.00,0
2026-04-29 18:28:38,83.95,0,0,0,0,0,0,0,0.95,0,1.00,4.91,1.67,1.39,0.81,D,0.00,12.00,12.00,12.00,1.49,^,0.00,,24.30,12.60,504,0.00,49.4,1,0,0.00,0.00,0.00,12.00,0.00,0.00,0,0,0.00,0
2026-04-29 18:28:39,84.86,0,0,0,0,0,0,0,0.00,0,0.00,4.91,1.68,3.19,0.59,D,0.00,12.00,13.57,1.50,2.90,^,0.00,,26.00,12.60,504,0.00,49.9,1,0,0.00,0.00,0.00,12.00,0.00,0.00,0,0,0.00,0
2026-04-29 18:28:40,85.87,0,0,0,0,0,0,0,0.00,0,0.00,4.91,1.68,0.00,0.00,D,0.00,12.00,12.00,1.09,2.82,^,0.00,,23.40,12.50,504,0.26,48.8,1,0,0.00,0.00,0.00,12.00,0.00,0.00,0,0,0.00,0
2026-04-29 18:28:41,86.89,0,0,0,0,0,0,0,0.00,0,0.00,4.91,1.66,0.00,0.00,D,0.00,12.00,12.00,0.82,2.80,^,0.00,,21.10,12.50,504,1.27,50.5,1,0,0.00,0.00,0.00,12.00,0.00,0.00,0,0,0.00,0
2026-04-29 18:28:42,87.90,0,0,0,0,0,0,0,0.00,0,0.00,4.91,1.64,0.00,0.00,D,0.00,12.00,12.00,0.34,0.31,^,0.00,,21.10,12.50,504,2.28,49.9,1,0,0.00,0.00,0.00,12.00,0.00,0.00,0,0,0.00,0
2026-04-29 18:28:43,88.91,0,0,0,0,0,0,0,0.00,0,0.00,4.91,1.62,0.00,0.00,D,0.00,12.00,12.00,0.31,0.30,^,0.00,,24.00,12.50,504,0.01,51.0,1,0,0.00,0.00,0.00,12.00,0.00,0.00,0,0,0.00,0
2026-04-29 18:28:44,89.92,0,0,0,0,0,0,0,0.00,0,0.00,4.91,1.60,0.00,0.00,D,0.00,12.00,12.00,0.29,0.30,^,0.00,,24.40,12.50,504,0.03,49.4,1,0,0.00,0.00,0.00,12.00,0.00,0.00,0,0,0.00,0
2026-04-29 18:28:45,90.93,0,0,0,0,0,0,0,0.00,0,0.00,4.91,1.58,0.00,0.00,D,0.00,12.00,12.00,0.30,0.29,^,0.00,,22.10,12.50,504,0.01,50.5,1,0,0.00,0.00,0.00,12.00,0.00,0.00,0,0,0.00,0
2026-04-29 18:28:46,91.94,0,0,0,0,0,0,0,0.00,0,0.00,4.91,1.57,0.00,0.00,D,0.00,12.00,12.00,0.28,0.30,^,0.00,,22.50,12.50,504,0.19,51.6,1,0,0.00,0.00,0.00,12.00,0.00,0.00,0,0,0.00,0
2026-04-29 18:28:47,93.05,0,0,0,0,0,0,0,0.00,0,0.00,4.91,1.55,0.22,0.00,D,0.00,12.00,12.00,0.30,0.29,^,0.00,,21.00,12.50,504,0.02,51.0,1,0,0.00,0.00,0.00,12.00,0.00,0.00,0,0,0.00,0
2026-04-29 18:28:48,93.96,0,0,0,0,0,0,0,0.00,0,0.00,4.91,1.53,0.00,0.00,D,0.00,12.00,12.00,0.29,0.29,^,0.00,,21.10,12.40,504,0.16,49.9,1,0,0.00,0.00,0.00,12.00,0.00,0.00,0,0,0.00,0
2026-04-29 18:28:49,94.97,0,0,0,0,0,0,0,0.00,0,0.00,4.91,1.52,0.00,0.00,D,0.00,12.00,12.00,0.30,0.29,^,0.00,,22.20,12.40,504,0.17,48.8,1,0,0.00,0.00,0.00,12.00,0.00,0.00,0,0,0.00,0
2026-04-29 18:28:50,95.98,0,0,0,0,0,0,0,0.00,0,0.00,4.91,1.50,0.00,0.00,D,0.00,12.00,12.00,0.30,0.29,^,0.00,,24.90,12.40,504,0.05,49.4,1,0,0.00,0.00,0.00,12.00,0.00,0.00,0,0,0.00,0
2026-04-29 18:28:51,96.99,0,0,0,0,0,0,0,0.00,0,0.00,4.91,1.49,0.00,0.00,D,0.00,12.00,12.00,0.30,0.30,^,0.00,,25.40,12.40,504,0.02,48.3,1,0,0.00,0.00,0.00,12.00,0.00,0.00,0,0,0.00,0
2026-04-29 18:28:52,98.10,0,0,0,0,0,0,0,0.00,0,0.00,4.91,1.47,0.00,0.00,D,0.00,12.00,12.00,0.30,0.32,^,0.00,,25.00,12.40,504,1.02,49.9,1,0,0.00,0.00,0.00,12.00,0.00,0.00,0,0,0.00,0
2026-04-29 18:28:53,99.01,0,0,0,0,0,0,0,0.00,1,0.00,4.91,1.46,0.00,0.00,D,0.00,12.00,12.00,0.30,0.38,^,0.00,,25.90,12.40,504,1.93,48.3,1,0,0.00,0.00,0.00,12.00,0.00,0.00,0,0,0.00,0
2026-04-29 18:28:54,100.02,0,0,0,0,0,0,0,0.00,1,0.00,4.91,1.44,0.00,0.00,D,0.00,12.00,12.00,0.56,0.58,^,0.00,,22.50,12.40,504,0.88,49.4,1,0,0.00,0.00,0.00,12.00,0.00,0.00,0,0,0.00,0
2026-04-29 18:28:55,101.04,0,0,0,0,0,0,0,0.00,1,0.00,4.91,1.43,0.00,0.00,D,0.00,12.00,12.00,0.66,2.87,^,0.00,,22.20,12.40,504,1.89,49.4,1,0,0.00,0.00,0.00,12.00,0.00,0.00,0,0,0.00,0
2026-04-29 18:28:56,102.04,0,0,0,0,0,0,0,0.00,1,0.00,4.91,1.41,0.00,0.00,D,0.00,1.13,12.00,1.06,2.87,WARN_WARNING,0.00,,24.10,12.40,504,0.02,49.9,1,0,0.00,0.00,0.00,1.13,0.00,0.00,0,0,0.00,0
2026-04-29 18:28:57,103.05,0,0,0,0,0,0,0,0.00,1,0.00,4.91,1.40,0.00,0.00,D,0.00,1.05,12.00,1.07,2.86,WARN_WARNING,0.00,,23.30,12.40,504,1.03,50.5,1,0,0.00,0.00,0.00,1.05,0.00,0.00,0,0,0.00,0
2026-04-29 18:28:58,104.07,0,0,0,0,0,0,0,0.00,1,1.00,4.91,1.39,0.00,0.00,D,0.00,1.06,12.00,1.02,2.87,WARN_WARNING,0.00,,22.70,12.40,504,0.78,49.4,1,0,0.00,0.00,0.00,1.06,0.00,0.00,0,0,0.00,0
2026-04-29 18:28:59,105.08,0,0,1,0,0,0,0,0.00,0,0.00,4.91,1.37,0.00,0.00,D,0.00,12.00,12.00,1.06,2.88,^,0.00,,25.20,12.30,504,1.80,48.8,1,0,0.00,0.00,0.00,12.00,0.00,0.00,0,0,0.00,0
2026-04-29 18:29:00,106.09,0,0,0,0,0,0,0,0.00,0,1.00,4.91,1.36,0.21,0.46,D,0.00,12.00,12.00,1.08,2.85,^,0.00,,29.20,12.30,504,0.00,49.4,1,0,0.00,0.00,0.00,12.00,0.00,0.00,0,0,0.00,0
2026-04-29 18:29:01,107.10,0,0,0,0,0,0,0,-0.24,0,1.00,4.91,1.36,2.37,0.96,D,0.00,12.00,12.00,0.96,2.68,^,0.00,,25.80,12.30,504,0.00,48.8,1,0,0.00,0.00,0.00,12.00,0.00,0.00,0,0,0.00,0
2026-04-29 18:29:02,108.11,0,0,0,0,0,0,0,-0.34,0,0.04,4.91,1.38,3.82,0.53,D,0.00,12.00,12.00,12.00,1.61,^,0.00,,25.50,12.30,504,0.00,50.5,1,0,0.00,0.00,0.00,12.00,0.00,0.00,0,0,0.00,0
2026-04-29 18:29:03,109.13,0,0,0,0,0,0,0,0.00,0,0.32,4.91,1.39,2.71,0.16,D,0.00,12.00,12.00,2.29,2.28,^,0.00,,24.30,12.30,504,0.00,50.5,1,0,0.00,0.00,0.00,12.00,0.00,0.00,0,0,0.00,0
2026-04-29 18:29:04,110.13,0,0,0,0,0,0,0,0.20,0,1.00,4.91,1.40,2.35,0.56,D,0.00,12.00,12.00,2.51,2.63,^,0.00,,24.90,12.30,504,0.00,49.9,1,0,0.00,0.00,0.00,12.00,0.00,0.00,0,0,0.00,0
2026-04-29 18:29:05,111.14,0,0,0,0,0,0,0,0.00,0,1.00,4.91,1.41,1.59,0.34,D,0.00,12.00,12.00,4.06,1.14,^,0.00,,23.30,12.30,504,0.00,50.5,1,0,0.00,0.00,0.00,12.00,0.00,0.00,0,0,0.00,0
2026-04-29 18:29:06,112.15,0,0,0,0,0,0,0,0.00,0,1.00,4.91,1.40,0.15,0.85,D,0.00,12.00,12.00,12.00,0.94,^,0.00,,25.70,12.30,504,0.00,47.7,1,0,0.00,0.00,0.00,12.00,0.00,0.00,0,0,0.00,0
2026-04-29 18:29:07,113.17,0,0,0,0,0,0,0,-0.16,0,0.00,4.91,1.40,1.78,0.45,D,0.00,12.00,12.00,3.46,1.57,^,0.00,,27.60,12.30,504,0.00,48.8,1,0,0.00,0.00,0.00,12.00,0.00,0.00,0,0,0.00,0
2026-04-29 18:29:08,114.18,0,0,0,0,0,0,0,-0.49,0,0.79,4.91,1.40,0.77,0.18,D,0.00,12.00,12.00,2.36,1.25,^,0.00,,26.80,12.30,504,0.00,48.8,1,0,0.00,0.00,0.00,12.00,0.00,0.00,0,0,0.00,0
2026-04-29 18:29:09,115.19,0,0,0,0,0,0,0,-0.49,0,0.36,4.91,1.39,0.72,0.58,D,0.00,12.00,12.00,2.56,0.86,^,0.00,,26.30,12.30,504,0.00,49.9,1,0,0.00,0.00,0.00,12.00,0.00,0.00,0,0,0.00,0
2026-04-29 18:29:10,116.21,0,0,0,0,0,0,0,0.00,0,0.00,4.91,1.39,0.89,0.00,D,0.00,12.00,12.00,2.39,0.73,^,0.00,,27.90,12.30,504,0.00,49.9,1,0,0.00,0.00,0.00,12.00,0.00,0.00,0,0,0.00,0
2026-04-29 18:29:11,117.22,0,0,0,0,0,0,0,0.00,0,0.00,4.91,1.38,0.00,0.00,D,0.00,12.00,12.00,2.34,0.69,^,0.00,,23.50,12.20,504,0.12,50.5,1,0,0.00,0.00,0.00,12.00,0.00,0.00,0,0,0.00,0
2026-04-29 18:29:12,118.24,0,0,0,0,0,0,0,0.00,0,0.00,4.91,1.37,0.00,0.00,D,0.00,12.00,0.36,2.32,0.38,^,0.00,,24.60,12.20,504,1.14,48.8,1,0,0.00,0.00,0.00,12.00,0.00,0.00,0,0,0.00,0
2026-04-29 18:29:13,119.25,0,0,0,0,0,0,0,0.00,0,0.00,4.91,1.35,0.00,0.00,D,0.00,12.00,0.31,12.00,0.31,^,0.00,,24.70,12.20,504,0.00,49.4,1,0,0.00,0.00,0.00,12.00,0.00,0.00,0,0,0.00,0
2026-04-29 18:29:14,120.36,0,0,0,0,0,0,0,0.00,0,0.00,4.91,1.34,0.00,0.00,D,0.00,12.00,0.32,2.41,0.32,^,0.00,,24.00,12.20,504,0.21,48.3,1,0,0.00,0.00,0.00,12.00,0.00,0.00,0,0,0.00,0
2026-04-29 18:29:15,121.26,0,0,0,0,0,0,0,0.00,0,0.00,4.91,1.33,0.00,0.00,D,0.00,12.00,0.42,2.29,0.34,^,0.00,,25.90,12.20,504,0.01,49.9,1,0,0.00,0.00,0.00,12.00,0.00,0.00,0,0,0.00,0
2026-04-29 18:29:16,122.27,0,0,0,0,0,0,0,0.00,0,0.00,4.91,1.32,0.00,0.00,D,0.00,12.00,0.38,2.33,0.32,^,0.00,,23.60,12.20,504,0.01,48.3,1,0,0.00,0.00,0.00,12.00,0.00,0.00,0,0,0.00,0
2026-04-29 18:29:17,123.29,0,0,0,0,0,0,0,0.00,0,0.00,4.91,1.31,0.00,0.00,D,0.00,12.00,0.43,2.25,0.33,^,0.00,,24.90,12.30,504,0.00,47.7,1,0,0.00,0.00,0.00,12.00,0.00,0.00,0,0,0.00,0
2026-04-29 18:29:18,124.30,0,0,0,0,0,0,0,0.00,0,0.00,4.91,1.30,0.00,0.00,D,0.00,12.00,0.44,2.05,0.34,^,0.00,,25.40,12.30,504,0.14,48.8,1,0,0.00,0.00,0.00,12.00,0.00,0.00,0,0,0.00,0
2026-04-29 18:29:19,125.31,0,0,0,0,0,0,0,0.00,0,0.00,4.91,1.29,0.00,0.00,D,0.00,12.00,0.44,2.13,0.34,^,0.00,,25.30,12.30,504,0.09,48.8,1,0,0.00,0.00,0.00,12.00,0.00,0.00,0,0,0.00,0
2026-04-29 18:29:20,126.32,0,0,0,0,0,0,0,0.00,0,0.00,4.91,1.28,0.00,0.00,D,0.00,12.00,0.47,1.99,0.40,^,0.00,,24.10,12.30,504,0.01,48.3,1,0,0.00,0.00,0.00,12.00,0.00,0.00,0,0,0.00,0
2026-04-29 18:29:21,127.33,0,0,0,0,0,0,0,0.00,0,0.00,4.91,1.27,0.00,0.00,D,0.00,12.00,12.00,2.06,0.44,^,0.00,,25.00,12.30,504,0.88,48.3,1,0,0.00,0.00,0.00,12.00,0.00,0.00,0,0,0.00,0
2026-04-29 18:29:22,128.34,0,0,0,0,0,0,0,0.00,0,1.00,4.91,1.26,0.04,0.33,D,0.00,12.00,12.00,2.09,0.61,^,0.00,,23.00,12.30,504,0.00,47.2,1,0,0.00,0.00,0.00,12.00,0.00,0.00,0,0,0.00,0
2026-04-29 18:29:23,129.35,0,0,0,0,0,0,0,0.00,0,0.90,4.91,1.25,1.43,0.83,D,0.00,12.00,12.00,2.07,0.47,^,0.00,,25.30,12.30,504,0.00,48.8,1,0,0.00,0.00,0.00,12.00,0.00,0.00,0,0,0.00,0
2026-04-29 18:29:24,130.46,0,0,0,0,0,0,0,0.00,0,1.00,4.91,1.26,3.21,0.67,D,0.00,1.96,12.00,1.58,0.85,WARN_WARNING,0.00,,27.50,12.30,504,0.00,49.4,1,0,0.00,0.00,0.00,1.96,0.00,0.00,0,0,0.00,0
2026-04-29 18:29:25,131.37,0,0,0,0,0,0,0,0.00,0,1.00,4.91,1.28,3.83,1.00,D,0.00,1.44,12.00,0.94,1.11,WARN_WARNING,0.00,,25.00,12.30,504,0.00,48.3,1,0,0.00,0.00,0.00,1.44,0.00,0.00,0,0,0.00,0
2026-04-29 18:29:26,132.38,0,0,0,0,0,0,0,0.00,0,1.00,4.91,1.30,4.23,1.00,D,0.00,12.00,12.00,1.12,0.97,^,0.00,,26.60,12.30,504,0.00,48.8,1,0,0.00,0.00,0.00,12.00,0.00,0.00,0,0,0.00,0
2026-04-29 18:29:27,133.39,0,0,0,0,0,0,0,0.00,0,1.00,4.91,1.33,4.57,1.00,D,0.00,12.00,12.00,12.00,2.27,^,0.00,,25.70,12.30,504,0.00,50.5,1,0,0.00,0.00,0.00,12.00,0.00,0.00,0,0,0.00,0
2026-04-29 18:29:28,134.40,0,0,0,0,0,0,0,0.00,0,1.00,4.91,1.35,4.36,1.00,D,0.00,12.00,12.00,12.00,12.00,^,0.00,,24.30,12.20,504,0.00,49.4,1,0,0.00,0.00,0.00,12.00,0.00,0.00,0,0,0.00,0
2026-04-29 18:29:29,135.42,0,0,0,0,0,0,0,0.69,0,0.43,4.91,1.38,4.56,0.93,D,0.00,12.00,12.00,12.00,12.00,^,0.00,,25.50,12.30,504,0.00,48.8,1,0,0.00,0.00,0.00,12.00,0.00,0.00,0,0,0.00,0
2026-04-29 18:29:30,136.53,0,0,0,0,0,0,0,-1.00,0,0.00,4.91,1.40,3.49,0.32,D,0.00,12.00,12.00,12.00,12.00,^,0.00,,27.90,12.30,504,0.00,49.4,1,0,0.00,0.00,0.00,12.00,0.00,0.00,0,0,0.00,0
2026-04-29 18:29:31,137.43,0,0,0,0,0,0,0,-1.00,0,1.00,4.91,1.40,0.98,0.13,D,0.00,12.00,12.00,12.00,12.00,^,0.00,,25.90,12.30,504,0.00,49.4,1,0,0.00,0.00,0.00,12.00,0.00,0.00,0,0,0.00,0
2026-04-29 18:29:32,138.45,1,0,0,0,0,0,0,-0.46,0,1.00,4.91,1.39,0.08,0.44,D,0.00,12.00,12.00,12.00,12.00,^,-27.79,,26.20,12.30,504,0.12,49.4,1,0,0.00,0.00,0.00,12.00,-0.46,1.00,0,0,0.00,0
2026-04-29 18:29:33,139.46,1,0,0,0,0,0,0,-0.37,0,1.00,4.91,1.39,1.38,0.95,D,0.00,12.00,2.50,12.00,12.00,^,-22.04,,24.60,12.30,504,0.00,47.7,1,0,0.00,0.00,0.00,12.00,-0.37,1.00,0,0,0.00,0
2026-04-29 18:29:34,140.46,1,0,0,0,0,0,0,0.42,0,0.50,4.91,1.40,3.45,0.73,D,0.00,1.33,1.17,12.00,12.00,WARN_WARNING,25.33,lidar_override,27.90,12.20,504,0.00,48.8,1,0,0.00,0.00,0.00,1.33,0.13,1.00,0,0,0.00,0
2026-04-29 18:29:35,141.47,1,0,0,0,0,0,0,0.05,0,1.00,4.91,1.41,3.52,1.00,D,0.00,12.00,1.03,12.00,0.91,^,3.28,,24.90,12.20,504,0.00,48.3,1,0,0.00,0.00,0.00,12.00,0.05,1.00,0,0,0.00,0
2026-04-29 18:29:36,142.48,1,0,0,0,0,0,0,-0.18,0,1.00,4.91,1.43,3.99,1.00,D,0.00,12.00,12.00,12.00,1.13,^,-11.09,,25.60,12.20,504,0.00,49.4,1,0,0.00,0.00,0.00,12.00,-0.18,1.00,0,0,0.00,0
2026-04-29 18:29:37,143.49,1,0,0,0,0,0,0,-0.02,0,1.00,4.91,1.44,3.99,1.00,D,0.00,12.00,2.54,12.00,1.57,^,-1.19,,22.90,12.20,504,0.00,47.7,1,0,0.00,0.00,0.00,12.00,-0.02,1.00,0,0,0.00,0
2026-04-29 18:29:38,144.51,1,0,0,0,0,0,0,-0.01,0,1.00,4.91,1.46,3.96,1.00,D,0.00,12.00,1.86,12.00,1.91,^,-0.39,,22.10,12.20,504,0.00,48.3,1,0,0.00,0.00,0.00,12.00,-0.01,1.00,0,0,0.00,0
2026-04-29 18:29:39,145.52,1,0,0,0,0,0,0,-0.10,0,1.00,4.91,1.48,3.82,1.00,D,0.00,12.00,12.00,12.00,1.89,^,-6.23,,24.00,12.20,504,0.00,49.9,1,0,0.00,0.00,0.00,12.00,-0.10,1.00,0,0,0.00,0
2026-04-29 18:29:40,146.54,1,0,0,0,0,0,0,-0.04,0,1.00,4.91,1.50,4.02,1.00,D,0.00,12.00,12.00,12.00,2.14,^,-2.35,,23.10,12.20,504,0.00,50.5,1,0,0.00,0.00,0.00,12.00,-0.04,1.00,0,0,0.00,0
2026-04-29 18:29:41,147.54,1,0,0,0,0,0,0,0.09,0,1.00,4.91,1.51,3.89,1.00,D,0.00,12.00,12.00,12.00,2.43,^,5.23,,25.10,12.20,504,0.00,49.4,1,0,0.00,0.00,0.00,12.00,0.09,1.00,0,0,0.00,0
2026-04-29 18:29:42,148.55,0,0,0,0,0,0,0,0.00,1,0.00,4.91,1.52,0.00,0.00,D,0.00,12.00,12.00,12.00,2.45,^,0.00,,26.30,12.20,504,0.15,49.4,1,0,0.00,0.00,0.00,12.00,0.00,0.00,0,0,0.00,0
2026-04-29 18:29:43,149.56,0,0,0,0,0,0,0,-0.57,0,0.21,4.91,1.51,0.91,0.03,D,0.00,1.08,12.00,0.85,0.93,WARN_WARNING,0.00,,24.20,12.20,504,0.00,49.9,1,0,0.00,0.00,0.00,1.08,0.00,0.00,0,0,0.00,0
2026-04-29 18:29:44,150.57,0,0,0,1,0,0,0,0.42,0,1.00,4.91,1.51,0.01,-0.26,R,0.00,12.00,12.00,0.86,0.87,^,0.00,,26.50,12.30,504,0.09,48.8,1,0,0.00,0.00,0.00,12.00,0.00,0.00,0,0,0.00,0
2026-04-29 18:29:45,151.58,0,0,0,0,0,0,0,0.64,0,1.00,4.91,1.50,0.48,-0.76,R,0.00,1.40,12.00,0.82,0.83,^,0.00,,23.70,12.30,504,0.00,48.3,1,0,0.00,0.00,0.00,1.40,0.00,0.00,0,0,0.00,0
2026-04-29 18:29:46,152.69,0,0,0,0,0,0,0,0.00,0,0.50,4.91,1.50,4.57,-0.76,R,0.00,0.90,12.00,0.81,1.01,STOP_WARNING,0.00,,28.70,12.20,504,0.00,48.3,1,0,0.00,0.00,0.00,0.90,0.00,0.00,0,0,0.00,0
2026-04-29 18:29:47,153.60,0,0,0,0,0,0,0,0.13,0,0.00,4.91,1.52,2.26,-0.44,R,0.00,12.00,4.57,12.00,1.22,^,0.00,,28.10,12.20,504,0.00,48.8,1,0,0.00,0.00,0.00,12.00,0.00,0.00,0,0,0.00,0
2026-04-29 18:29:48,154.61,0,0,0,0,0,0,0,0.00,0,0.00,4.91,1.52,1.22,-0.00,R,0.00,12.00,12.00,12.00,0.82,^,0.00,,25.60,12.30,504,0.00,47.7,1,0,0.00,0.00,0.00,12.00,0.00,0.00,0,0,0.00,0
2026-04-29 18:29:49,155.62,0,0,0,0,0,0,0,0.00,0,0.00,4.91,1.51,0.00,-0.00,R,0.00,12.00,12.00,12.00,0.48,^,0.00,,24.20,12.20,504,0.60,49.4,1,0,0.00,0.00,0.00,12.00,0.00,0.00,0,0,0.00,0
2026-04-29 18:29:50,156.64,0,0,0,0,0,0,0,0.00,0,0.18,4.91,1.50,0.00,-0.06,R,0.00,12.00,12.00,12.00,0.19,^,0.00,,23.50,12.20,504,1.62,47.7,1,0,0.00,0.00,0.00,12.00,0.00,0.00,0,0,0.00,0
2026-04-29 18:29:51,157.65,0,0,0,0,0,0,0,0.00,0,0.00,4.91,1.49,0.00,-0.00,R,0.00,12.00,12.00,12.00,0.19,^,0.00,,24.20,12.20,504,0.82,48.3,1,0,0.00,0.00,0.00,12.00,0.00,0.00,0,0,0.00,0
2026-04-29 18:29:52,158.66,0,0,0,0,0,0,0,0.00,0,0.00,4.91,1.48,0.40,-0.00,R,0.00,12.00,12.00,12.00,0.17,^,0.00,,24.20,12.20,504,0.00,47.7,1,0,0.00,0.00,0.00,12.00,0.00,0.00,0,0,0.00,0
2026-04-29 18:29:53,159.67,0,0,0,0,0,0,0,0.00,0,0.00,4.91,1.47,0.00,-0.00,R,0.00,12.00,12.00,0.21,0.15,^,0.00,,22.50,12.20,504,0.13,48.8,1,0,0.00,0.00,0.00,12.00,0.00,0.00,0,0,0.00,0
2026-04-29 18:29:54,160.68,0,0,0,0,0,0,0,0.00,0,0.00,4.91,1.46,0.00,-0.00,R,0.00,12.00,12.00,0.21,0.14,^,0.00,,22.90,12.20,504,0.14,47.7,1,0,0.00,0.00,0.00,12.00,0.00,0.00,0,0,0.00,0
2026-04-29 18:29:55,161.69,0,0,0,0,0,0,0,0.00,0,0.00,4.91,1.45,0.25,-0.00,R,0.00,12.00,12.00,0.20,0.12,^,0.00,,23.80,12.20,504,0.00,48.3,1,0,0.00,0.00,0.00,12.00,0.00,0.00,0,0,0.00,0
2026-04-29 18:29:57,162.80,1,0,0,0,0,0,0,0.07,0,1.00,4.91,1.44,0.00,0.01,D,0.00,12.00,12.00,0.29,0.12,^,4.22,,23.20,12.20,504,0.58,48.8,1,0,0.00,0.00,0.00,12.00,0.07,1.00,0,0,0.00,0
2026-04-29 18:29:57,163.71,1,0,0,0,0,0,0,0.07,0,1.00,4.91,1.44,0.04,0.51,D,0.00,12.00,12.00,12.00,0.28,^,4.40,,25.40,12.20,504,0.00,46.6,1,0,0.00,0.00,0.00,12.00,0.07,1.00,0,0,0.00,0
2026-04-29 18:29:58,164.72,1,0,0,0,0,0,0,0.02,0,1.00,4.91,1.43,2.25,1.00,D,0.00,12.00,12.00,12.00,0.40,^,1.16,,24.90,12.20,504,0.00,47.7,1,0,0.00,0.00,0.00,12.00,0.02,1.00,0,0,0.00,0
2026-04-29 18:29:59,165.73,0,0,0,0,0,0,0,0.00,0,0.00,4.91,1.44,2.59,0.00,D,0.00,12.00,3.54,12.00,0.97,^,0.00,,26.90,12.20,504,0.00,48.8,1,0,0.00,0.00,0.00,12.00,0.00,0.00,0,0,0.00,0
2026-04-29 18:30:00,166.74,1,0,0,0,0,0,0,-0.14,0,1.00,4.91,1.44,0.65,0.39,D,0.00,12.00,3.20,12.00,1.03,^,-8.65,,23.00,12.20,504,0.00,49.4,1,0,0.00,0.00,0.00,12.00,-0.14,1.00,0,0,0.00,0
2026-04-29 18:30:01,167.76,1,0,0,0,0,0,0,-0.07,0,1.00,4.91,1.44,1.39,0.90,D,0.00,12.00,2.99,12.00,0.71,^,-3.90,,20.70,12.20,504,0.00,49.9,1,0,0.00,0.00,0.00,12.00,-0.07,1.00,0,0,0.00,0
2026-04-29 18:30:02,168.77,1,0,0,0,0,0,0,0.16,0,1.00,4.91,1.45,3.85,1.00,D,0.00,12.00,2.48,12.00,1.06,^,9.54,,23.70,12.20,504,0.00,49.9,1,0,0.00,0.00,0.00,12.00,0.16,1.00,0,0,0.00,0
2026-04-29 18:30:03,169.79,1,0,0,0,0,0,0,-0.23,0,1.00,4.91,1.46,4.08,1.00,D,0.00,12.00,2.88,12.00,1.52,^,-13.53,,23.70,12.20,504,0.00,49.9,1,0,0.00,0.00,0.00,12.00,-0.23,1.00,0,0,0.00,0
2026-04-29 18:30:05,170.80,0,0,0,0,0,0,0,-1.00,0,0.00,4.91,1.46,0.00,0.00,D,0.00,12.00,3.81,12.00,1.49,^,0.00,,24.40,12.20,504,0.06,49.4,1,0,0.00,0.00,0.00,12.00,0.00,0.00,0,0,0.00,0
2026-04-29 18:30:06,171.80,0,0,0,1,0,0,0,-0.97,0,1.00,4.91,1.46,0.02,-0.39,R,0.00,12.00,3.76,12.00,1.50,^,0.00,,25.20,12.20,504,0.03,48.3,1,0,0.00,0.00,0.00,12.00,0.00,0.00,0,0,0.00,0
2026-04-29 18:30:07,172.81,0,0,0,0,0,0,0,-0.17,0,1.00,4.91,1.45,2.22,-0.90,R,0.00,12.00,12.00,12.00,1.83,^,0.00,,25.80,12.20,504,0.00,48.3,1,0,0.00,0.00,0.00,12.00,0.00,0.00,0,0,0.00,0
2026-04-29 18:30:08,173.82,0,0,0,0,0,0,0,0.25,0,0.00,4.91,1.46,2.30,-0.39,R,0.00,12.00,2.79,12.00,1.50,^,0.00,,26.50,12.20,504,0.00,47.7,1,0,0.00,0.00,0.00,12.00,0.00,0.00,0,0,0.00,0
2026-04-29 18:30:09,174.83,0,0,0,0,0,0,0,0.00,0,0.00,4.91,1.46,1.48,-0.00,R,0.00,12.00,2.02,12.00,1.24,^,0.00,,27.00,12.20,504,0.00,48.3,1,0,0.00,0.00,0.00,12.00,0.00,0.00,0,0,0.00,0
2026-04-29 18:30:10,175.85,0,0,0,0,0,0,0,0.00,0,0.00,4.91,1.46,0.63,-0.00,R,0.00,12.00,2.15,12.00,1.26,^,0.00,,29.60,12.30,504,0.00,49.9,1,0,0.00,0.00,0.00,12.00,0.00,0.00,0,0,0.00,0
2026-04-29 18:30:11,176.87,0,0,0,0,0,0,0,0.00,1,0.00,4.91,1.45,0.00,0.00,R,0.00,12.00,2.21,12.00,1.29,^,0.00,,32.50,12.30,504,0.40,48.8,1,0,0.00,0.00,0.00,12.00,0.00,0.00,0,0,0.00,0
2026-04-29 18:30:12,177.88,0,0,0,1,0,0,0,0.00,1,1.00,4.91,1.44,0.00,0.00,P,0.00,12.00,2.21,12.00,1.26,^,0.00,,34.30,12.30,504,1.42,48.8,1,0,0.00,0.00,0.00,12.00,0.00,0.00,0,0,0.00,0
2026-04-29 18:30:13,178.90,0,0,1,0,0,0,0,0.00,0,0.00,4.91,1.44,0.00,-0.00,R,0.00,12.00,2.22,12.00,1.28,^,0.00,,33.50,12.30,504,2.43,51.0,1,0,0.00,0.00,0.00,12.00,0.00,0.00,0,0,0.00,0
2026-04-29 18:30:14,179.91,1,0,0,0,0,0,0,0.14,0,1.00,4.91,1.43,0.06,0.49,D,0.00,12.00,2.20,12.00,1.28,^,8.45,,33.90,12.30,504,0.01,50.5,1,0,0.00,0.00,0.00,12.00,0.14,1.00,0,0,0.00,0
2026-04-29 18:30:15,180.92,1,0,0,0,0,0,0,0.07,0,1.00,4.91,1.42,2.02,0.99,D,0.00,12.00,2.06,12.00,1.54,^,3.92,,34.90,12.20,504,0.00,50.5,1,0,0.00,0.00,0.00,12.00,0.07,1.00,0,0,0.00,0
2026-04-29 18:30:16,181.93,0,0,0,0,0,0,0,0.00,1,0.00,4.91,1.43,2.55,0.00,D,0.00,12.00,2.76,12.00,2.27,^,0.00,,37.40,12.20,504,0.00,52.1,1,0,0.00,0.00,0.00,12.00,0.00,0.00,0,0,0.00,0
2026-04-29 18:30:17,183.04,0,0,0,1,0,0,0,1.00,0,1.00,4.91,1.43,0.02,-0.26,R,0.00,12.00,2.79,12.00,2.45,^,0.00,,34.20,12.30,504,0.01,50.5,1,0,0.00,0.00,0.00,12.00,0.00,0.00,0,0,0.00,0
2026-04-29 18:30:18,183.95,0,0,0,0,0,0,0,-0.29,0,1.00,4.91,1.42,0.98,-0.77,R,0.00,12.00,2.70,12.00,2.31,^,0.00,,33.40,12.30,504,0.00,50.5,1,0,0.00,0.00,0.00,12.00,0.00,0.00,0,0,0.00,0
2026-04-29 18:30:19,184.96,0,0,0,0,0,0,0,0.00,0,1.00,4.91,1.43,4.10,-1.00,R,0.00,12.00,2.07,12.00,2.20,^,0.00,,37.70,12.30,504,0.00,51.0,1,0,0.00,0.00,0.00,12.00,0.00,0.00,0,0,0.00,0
2026-04-29 18:30:20,185.98,0,0,0,0,0,0,0,0.00,0,0.00,4.91,1.44,3.88,-0.40,R,0.00,12.00,2.58,12.00,0.81,^,0.00,,38.40,12.30,504,0.00,53.2,1,0,0.00,0.00,0.00,12.00,0.00,0.00,0,0,0.00,0
2026-04-29 18:30:21,187.09,0,0,0,0,0,0,0,0.00,0,0.00,4.91,1.45,2.67,-0.00,R,0.00,12.00,0.79,12.00,12.00,^,0.00,,36.10,12.20,504,0.00,52.7,1,0,0.00,0.00,0.00,12.00,0.00,0.00,0,0,0.00,0
2026-04-29 18:30:22,188.00,0,0,0,0,0,0,0,0.00,0,0.55,4.91,1.46,1.65,-0.21,R,0.00,12.00,0.76,12.00,12.00,^,0.00,,37.20,12.20,504,0.00,52.7,1,0,0.00,0.00,0.00,12.00,0.00,0.00,0,0,0.00,0
2026-04-29 18:30:23,189.01,0,0,0,0,0,0,0,0.00,0,0.09,4.91,1.46,1.67,-0.42,R,0.00,12.00,0.56,12.00,12.00,^,0.00,,37.60,12.20,504,0.00,52.1,1,0,0.00,0.00,0.00,12.00,0.00,0.00,0,0,0.00,0
2026-04-29 18:30:24,190.03,0,0,0,0,0,0,0,0.00,0,0.00,4.91,1.46,1.68,-0.00,R,0.00,0.75,0.74,12.00,12.00,WARN_WARNING,0.00,,35.90,12.30,504,0.00,51.6,1,0,0.00,0.00,0.00,0.75,0.00,0.00,0,0,0.00,0
2026-04-29 18:30:25,191.04,0,0,0,0,0,0,0,0.00,0,0.84,4.91,1.46,1.12,-0.47,R,0.00,12.00,0.61,12.00,12.00,^,0.00,,35.90,12.30,504,0.00,53.2,1,0,0.00,0.00,0.00,12.00,0.00,0.00,0,0,0.00,0
2026-04-29 18:30:26,192.05,0,0,0,0,0,0,0,0.00,0,0.45,4.91,1.46,1.87,-0.34,R,0.00,0.43,0.42,12.00,2.13,STOP_WARNING,0.00,,36.30,12.30,504,0.00,53.2,1,0,0.00,0.00,0.00,0.43,0.00,0.00,0,0,0.00,0
2026-04-29 18:30:27,193.07,0,0,0,0,0,0,0,0.00,0,1.00,4.91,1.46,2.31,-0.84,R,0.00,0.72,0.73,12.00,1.53,WARN_WARNING,0.00,,36.10,12.30,504,0.00,53.2,1,0,0.00,0.00,0.00,0.72,0.00,0.00,0,0,0.00,0
2026-04-29 18:30:28,194.08,0,0,0,0,0,0,0,-0.25,0,0.04,4.91,1.47,3.86,-0.69,R,0.00,1.32,1.43,12.00,2.39,WARN_WARNING,0.00,,37.20,12.20,504,0.00,53.8,1,0,0.00,0.00,0.00,1.32,0.00,0.00,0,0,0.00,0
2026-04-29 18:30:29,195.09,0,0,0,0,0,0,0,0.00,0,1.00,4.91,1.48,3.20,-0.47,R,0.00,1.75,2.17,12.00,2.17,WARN_WARNING,0.00,,36.10,12.20,504,0.00,53.2,1,0,0.00,0.00,0.00,1.75,0.00,0.00,0,0,0.00,0
2026-04-29 18:30:30,196.11,0,0,0,0,0,0,0,0.00,0,1.00,4.91,1.49,3.32,-0.98,R,0.00,1.87,2.47,12.00,12.00,WARN_WARNING,0.00,,35.80,12.20,504,0.00,52.7,1,0,0.00,0.00,0.00,1.87,0.00,0.00,0,0,0.00,0
2026-04-29 18:30:31,197.22,0,0,1,0,0,0,0,-0.62,0,0.00,4.91,1.50,4.09,0.00,D,0.00,12.00,12.00,12.00,1.99,^,0.00,,36.30,12.20,504,0.00,52.7,1,0,0.00,0.00,0.00,12.00,0.00,0.00,0,0,0.00,0
2026-04-29 18:30:32,198.13,0,0,0,0,0,0,0,0.00,0,1.00,4.91,1.50,0.37,0.43,D,0.00,12.00,12.00,12.00,1.26,^,0.00,,37.30,12.20,504,0.00,53.8,1,0,0.00,0.00,0.00,12.00,0.00,0.00,0,0,0.00,0
2026-04-29 18:30:33,199.14,0,0,0,0,0,0,0,0.00,0,1.00,4.91,1.50,2.18,0.94,D,0.00,12.00,12.00,12.00,0.88,^,0.00,,35.60,12.30,504,0.00,54.3,1,0,0.00,0.00,0.00,12.00,0.00,0.00,0,0,0.00,0
2026-04-29 18:30:34,200.15,0,0,0,0,0,0,0,0.14,0,0.00,4.91,1.51,3.82,0.58,D,0.00,12.00,12.00,12.00,1.13,^,0.00,,37.80,12.20,504,0.00,52.7,1,0,0.00,0.00,0.00,12.00,0.00,0.00,0,0,0.00,0
2026-04-29 18:30:35,201.16,0,0,0,0,0,0,0,0.00,0,1.00,4.91,1.52,3.11,0.51,D,0.00,12.00,14.10,12.00,1.39,^,0.00,,37.70,12.30,504,0.00,54.3,1,0,0.00,0.00,0.00,12.00,0.00,0.00,0,0,0.00,0
2026-04-29 18:30:36,202.17,0,0,0,0,0,0,0,0.00,0,1.00,4.91,1.53,3.42,1.00,D,0.00,12.00,12.00,12.00,1.49,^,0.00,,36.10,12.30,504,0.00,54.3,1,0,0.00,0.00,0.00,12.00,0.00,0.00,0,0,0.00,0
2026-04-29 18:30:37,203.17,0,0,0,0,0,0,0,0.00,0,1.00,4.91,1.54,4.40,1.00,D,0.00,12.00,12.00,12.00,1.99,^,0.00,,34.40,12.30,504,0.00,53.2,1,0,0.00,0.00,0.00,12.00,0.00,0.00,0,0,0.00,0
2026-04-29 18:30:38,204.19,1,0,0,0,0,0,0,-0.08,0,1.00,4.91,1.55,4.49,1.00,D,0.00,2.35,12.00,12.00,2.63,^,-4.97,,37.20,12.30,504,0.00,53.8,1,0,0.00,0.00,0.00,2.35,-0.08,1.00,0,0,0.00,0
2026-04-29 18:30:39,205.20,0,0,0,0,0,0,0,0.00,0,0.00,4.91,1.56,3.33,0.00,D,0.00,12.00,0.74,12.00,2.83,^,0.00,,36.70,12.30,504,0.00,52.7,1,0,0.00,0.00,0.00,12.00,0.00,0.00,0,0,0.00,0
2026-04-29 18:30:40,206.21,1,0,0,0,0,0,0,-0.01,0,1.00,4.91,1.57,1.81,0.28,D,0.00,12.00,2.65,12.00,0.76,^,-0.59,,35.80,12.30,504,0.00,52.7,1,0,0.00,0.00,0.00,12.00,-0.01,1.00,0,0,0.00,0
2026-04-29 18:30:41,207.23,1,0,0,0,0,0,0,-0.15,0,1.00,4.91,1.57,1.81,0.79,D,0.00,12.00,2.18,12.00,1.34,^,-8.73,,33.50,12.30,504,0.00,53.2,1,0,0.00,0.00,0.00,12.00,-0.15,1.00,0,0,0.00,0
2026-04-29 18:30:42,208.24,1,0,0,0,0,0,0,-0.03,0,1.00,4.91,1.58,3.82,1.00,D,0.00,12.00,1.33,1.78,2.08,^,-1.91,,36.60,12.30,504,0.00,53.2,1,0,0.00,0.00,0.00,12.00,-0.03,1.00,0,0,0.00,0
2026-04-29 18:30:43,209.24,1,0,0,0,0,0,0,0.06,0,1.00,4.91,1.59,4.46,1.00,D,0.00,12.00,12.00,12.00,1.13,^,3.68,,34.10,12.30,504,0.00,53.2,1,0,0.00,0.00,0.00,12.00,0.06,1.00,0,0,0.00,0
2026-04-29 18:30:44,210.26,1,0,0,0,0,0,0,-0.17,0,1.00,4.91,1.60,4.61,1.00,D,0.00,12.00,12.00,12.00,2.37,^,-10.27,,35.90,12.30,504,0.00,53.8,1,0,0.00,0.00,0.00,12.00,-0.17,1.00,0,0,0.00,0
2026-04-29 18:30:45,211.27,1,0,0,0,0,0,0,0.08,0,1.00,4.91,1.62,4.55,1.00,D,0.00,12.00,12.00,12.00,12.00,^,4.60,,37.00,12.30,504,0.00,53.8,1,0,0.00,0.00,0.00,12.00,0.08,1.00,0,0,0.00,0
2026-04-29 18:30:46,212.28,1,0,0,0,0,0,0,-0.11,0,1.00,4.91,1.63,4.47,1.00,D,0.00,12.00,12.00,12.00,12.00,^,-6.71,,36.60,12.30,504,0.00,52.7,1,0,0.00,0.00,0.00,12.00,-0.11,1.00,0,0,0.00,0
2026-04-29 18:30:47,213.30,1,0,0,0,0,0,0,0.08,0,1.00,4.91,1.64,4.31,1.00,D,0.00,12.00,12.00,2.43,12.00,^,4.71,,35.30,12.20,504,0.00,54.3,1,0,0.00,0.00,0.00,12.00,0.08,1.00,0,0,0.00,0
2026-04-29 18:30:48,214.31,1,0,0,0,0,0,0,-0.04,0,1.00,4.91,1.66,4.51,1.00,D,0.00,12.00,12.00,12.00,12.00,^,-2.16,,34.70,12.30,504,0.00,53.2,1,0,0.00,0.00,0.00,12.00,-0.04,1.00,0,0,0.00,0
2026-04-29 18:30:49,215.32,0,0,0,0,0,0,0,1.00,0,1.00,4.91,1.67,3.85,0.27,D,0.00,1.81,12.00,1.87,12.00,WARN_WARNING,0.00,,36.70,12.20,504,0.00,53.2,1,0,0.00,0.00,0.00,1.81,0.00,0.00,0,0,0.00,0
2026-04-29 18:30:50,216.32,0,0,0,0,0,0,0,1.00,0,1.00,4.91,1.67,1.81,0.77,D,0.00,12.00,1.73,12.00,12.00,^,0.00,,36.30,12.30,504,0.00,54.9,1,0,0.00,0.00,0.00,12.00,0.00,0.00,0,0,0.00,0
2026-04-29 18:30:51,217.33,0,0,0,0,0,0,0,-0.51,0,1.00,4.91,1.68,3.27,1.00,D,0.00,12.00,12.00,12.00,2.16,^,0.00,,36.60,12.30,504,0.00,54.9,1,0,0.00,0.00,0.00,12.00,0.00,0.00,0,0,0.00,0
2026-04-29 18:30:52,218.34,0,0,0,0,0,0,0,0.00,0,1.00,4.91,1.69,3.93,1.00,D,0.00,12.00,12.00,12.00,12.00,^,0.00,,35.60,12.30,504,0.00,53.8,1,0,0.00,0.00,0.00,12.00,0.00,0.00,0,0,0.00,0
2026-04-29 18:30:53,219.35,0,0,0,0,0,0,0,-1.00,0,0.79,4.91,1.70,3.84,0.90,D,0.00,2.76,12.00,12.00,12.00,^,0.00,,35.90,12.20,504,0.00,54.9,1,0,0.00,0.00,0.00,2.76,0.00,0.00,0,0,0.00,0
2026-04-29 18:30:54,220.37,0,0,0,0,0,0,0,0.00,0,1.00,4.91,1.70,3.23,1.00,D,0.00,12.00,12.00,1.90,12.00,^,0.00,,35.00,12.30,504,0.00,52.7,1,0,0.00,0.00,0.00,12.00,0.00,0.00,0,0,0.00,0
2026-04-29 18:30:55,221.38,0,0,0,0,0,0,0,0.00,0,1.00,4.91,1.71,3.36,1.00,D,0.00,12.00,12.00,12.00,1.33,^,0.00,,32.50,12.30,504,0.00,54.3,1,0,0.00,0.00,0.00,12.00,0.00,0.00,0,0,0.00,0
2026-04-29 18:30:56,222.39,0,0,0,0,0,0,0,0.00,0,1.00,4.91,1.72,3.40,1.00,D,0.00,12.00,12.00,12.00,0.87,^,0.00,,34.00,12.30,504,0.00,54.3,1,0,0.00,0.00,0.00,12.00,0.00,0.00,0,0,0.00,0
2026-04-29 18:30:57,223.40,0,0,0,0,0,0,0,0.00,0,0.92,4.91,1.73,3.40,0.95,D,0.00,12.00,12.00,2.34,1.50,^,0.00,,35.70,12.30,504,0.00,53.8,1,0,0.00,0.00,0.00,12.00,0.00,0.00,0,0,0.00,0
2026-04-29 18:30:58,224.42,0,0,0,0,0,0,0,0.00,0,1.00,4.91,1.74,3.66,1.00,D,0.00,12.00,12.00,12.00,1.94,^,0.00,,35.80,12.30,504,0.00,53.2,1,0,0.00,0.00,0.00,12.00,0.00,0.00,0,0,0.00,0
2026-04-29 18:30:59,225.43,0,0,0,0,0,0,0,0.00,0,1.00,4.91,1.74,3.83,1.00,D,0.00,2.91,12.00,1.85,2.68,^,0.00,,35.60,12.30,504,0.00,54.9,1,0,0.00,0.00,0.00,2.91,0.00,0.00,0,0,0.00,0
2026-04-29 18:31:00,226.43,0,0,0,0,0,0,0,-1.00,0,1.00,4.91,1.75,3.39,1.00,D,0.00,1.33,2.21,1.33,2.33,WARN_WARNING,0.00,,36.90,12.30,504,0.00,54.3,1,0,0.00,0.00,0.00,1.33,0.00,0.00,0,0,0.00,0
2026-04-29 18:31:01,227.54,0,0,0,0,0,0,0,-1.00,0,1.00,4.91,1.76,3.41,1.00,D,0.00,2.39,12.00,2.39,1.80,^,0.00,,35.00,12.30,504,0.00,54.9,1,0,0.00,0.00,0.00,2.39,0.00,0.00,0,0,0.00,0
2026-04-29 18:31:02,228.45,0,0,0,0,0,0,0,-1.00,1,0.00,4.91,1.77,2.95,0.00,D,0.00,1.56,1.80,1.65,1.91,^,0.00,,36.80,12.30,504,0.00,53.8,1,0,0.00,0.00,0.00,1.56,0.00,0.00,0,0,0.00,0
2026-04-29 18:31:03,229.46,0,0,0,0,0,0,0,0.00,0,0.00,4.91,1.76,0.00,0.00,D,0.00,1.36,2.13,1.24,1.56,^,0.00,,33.10,12.30,504,0.43,54.9,1,0,0.00,0.00,0.00,1.36,0.00,0.00,0,0,0.00,0
2026-04-29 18:31:04,230.47,0,0,0,0,0,0,0,0.00,0,0.00,4.91,1.75,0.00,0.00,D,0.00,1.36,1.83,1.24,1.58,^,0.00,,32.40,12.20,504,1.43,54.9,1,0,0.00,0.00,0.00,1.36,0.00,0.00,0,0,0.00,0
2026-04-29 18:31:05,231.48,0,0,0,0,0,0,0,0.00,0,0.00,4.91,1.75,0.00,0.00,D,0.00,1.36,2.18,1.24,1.56,^,0.00,,32.70,12.20,504,2.44,54.3,1,0,0.00,0.00,0.00,1.36,0.00,0.00,0,0,0.00,0
2026-04-29 18:31:06,232.49,0,0,0,0,0,0,0,0.00,0,0.00,4.91,1.74,0.00,0.00,D,0.00,1.35,12.00,1.24,1.56,^,0.00,,33.10,12.30,504,3.46,54.3,1,0,0.00,0.00,0.00,1.35,0.00,0.00,0,0,0.00,0
2026-04-29 18:31:07,233.50,0,0,0,0,0,0,0,0.00,0,0.00,4.91,1.73,0.00,0.00,D,0.00,1.35,12.00,1.24,1.56,^,0.00,,30.60,12.30,504,4.47,53.8,1,0,0.00,0.00,0.00,1.35,0.00,0.00,0,0,0.00,0
2026-04-29 18:31:08,234.52,0,0,0,0,0,0,0,0.00,0,0.00,4.91,1.72,0.00,0.00,D,0.00,1.35,12.00,1.24,1.55,^,0.00,,32.90,12.30,504,5.48,53.8,1,0,0.00,0.00,0.00,1.35,0.00,0.00,0,0,0.00,0
2026-04-29 18:31:09,235.53,0,0,0,0,0,0,0,0.00,0,0.00,4.91,1.72,0.00,0.00,D,0.00,1.35,12.00,1.24,1.58,^,0.00,,33.60,12.20,504,6.49,54.3,1,0,0.00,0.00,0.00,1.35,0.00,0.00,0,0,0.00,0
2026-04-29 18:31:10,236.54,0,0,0,0,0,0,0,0.00,0,0.00,4.91,1.71,0.00,0.00,D,0.00,1.35,12.00,1.24,1.57,^,0.00,,32.00,12.30,504,7.51,53.8,1,0,0.00,0.00,0.00,1.35,0.00,0.00,0,0,0.00,0
2026-04-29 18:31:11,237.56,0,0,0,0,0,0,0,-1.00,0,1.00,4.91,1.70,0.00,0.36,D,0.00,1.36,12.00,1.24,1.57,^,0.00,,34.90,12.30,504,8.52,53.8,1,0,0.00,0.00,0.00,1.36,0.00,0.00,0,0,0.00,0
2026-04-29 18:31:12,238.57,0,0,0,0,0,0,0,-1.00,0,1.00,4.91,1.70,0.81,0.87,D,0.00,1.56,12.00,1.20,1.28,^,0.00,,32.90,12.30,504,0.00,54.3,1,0,0.00,0.00,0.00,1.56,0.00,0.00,0,0,0.00,0
2026-04-29 18:31:13,239.58,0,0,0,0,0,0,0,-0.31,0,0.00,4.91,1.70,2.24,0.35,D,0.00,12.00,12.00,1.17,1.65,^,0.00,,34.60,12.30,504,0.00,54.9,1,0,0.00,0.00,0.00,12.00,0.00,0.00,0,0,0.00,0
2026-04-29 18:31:14,240.59,0,0,0,0,0,0,0,0.00,0,0.00,4.91,1.70,1.45,0.00,D,0.00,12.00,12.00,12.00,1.04,^,0.00,,34.60,12.30,504,0.00,55.4,1,0,0.00,0.00,0.00,12.00,0.00,0.00,0,0,0.00,0
2026-04-29 18:31:15,241.60,0,0,0,0,0,0,0,0.00,0,0.00,4.91,1.69,0.58,0.00,D,0.00,12.00,3.12,12.00,0.99,^,0.00,,29.40,12.30,504,0.00,53.8,1,0,0.00,0.00,0.00,12.00,0.00,0.00,0,0,0.00,0
2026-04-29 18:31:16,242.61,0,0,0,0,0,0,0,0.00,0,0.00,4.91,1.69,0.21,0.00,D,0.00,12.00,3.10,12.00,0.65,^,0.00,,21.80,12.30,504,0.00,52.7,1,0,0.00,0.00,0.00,12.00,0.00,0.00,0,0,0.00,0
2026-04-29 18:31:17,243.62,0,0,0,0,0,0,0,0.00,0,1.00,4.91,1.68,0.01,0.34,D,0.00,12.00,12.00,12.00,0.61,^,0.00,,19.50,12.30,504,0.06,53.8,1,0,0.00,0.00,0.00,12.00,0.00,0.00,0,0,0.00,0
2026-04-29 18:31:18,244.64,0,0,0,0,0,0,0,0.33,0,1.00,4.91,1.68,0.65,0.84,D,0.00,12.00,3.11,12.00,0.39,^,0.00,,21.40,12.30,504,0.00,52.7,1,0,0.00,0.00,0.00,12.00,0.00,0.00,0,0,0.00,0
2026-04-29 18:31:19,245.65,0,0,0,0,0,0,0,-0.21,0,0.00,4.91,1.68,2.74,0.40,D,0.00,12.00,12.00,12.00,0.77,^,0.00,,21.70,12.30,504,0.00,53.2,1,0,0.00,0.00,0.00,12.00,0.00,0.00,0,0,0.00,0
2026-04-29 18:31:20,246.66,0,0,0,0,0,0,0,0.00,0,0.32,4.91,1.68,2.97,0.37,D,0.00,12.00,3.44,12.00,1.13,^,0.00,,23.80,12.30,504,0.00,51.6,1,0,0.00,0.00,0.00,12.00,0.00,0.00,0,0,0.00,0
2026-04-29 18:31:21,247.77,0,0,0,0,0,0,0,0.00,0,0.00,4.91,1.69,3.20,0.00,D,0.00,12.00,12.00,12.00,1.52,^,0.00,,21.50,12.30,504,0.00,53.2,1,0,0.00,0.00,0.00,12.00,0.00,0.00,0,0,0.00,0
2026-04-29 18:31:22,248.68,0,0,0,0,0,0,0,-0.18,0,0.00,4.91,1.70,3.58,0.00,D,0.00,12.00,12.00,12.00,1.91,^,0.00,,22.80,12.30,504,0.00,52.1,1,0,0.00,0.00,0.00,12.00,0.00,0.00,0,0,0.00,0
2026-04-29 18:31:23,249.69,0,0,0,0,0,0,0,-0.19,0,0.00,4.91,1.70,3.83,0.00,D,0.00,12.00,12.00,12.00,2.28,^,0.00,,22.90,12.30,504,0.00,52.7,1,0,0.00,0.00,0.00,12.00,0.00,0.00,0,0,0.00,0
2026-04-29 18:31:24,250.70,0,0,0,0,0,0,0,0.00,0,0.00,4.91,1.71,3.14,0.00,D,0.00,12.00,12.00,12.00,2.58,^,0.00,,23.70,12.30,504,0.00,53.2,1,0,0.00,0.00,0.00,12.00,0.00,0.00,0,0,0.00,0
2026-04-29 18:31:25,251.70,1,0,0,0,0,0,0,-0.19,0,1.00,4.91,1.71,1.37,0.48,D,0.00,12.00,12.00,12.00,2.10,^,-11.27,,20.00,12.30,504,0.00,51.6,1,0,0.00,0.00,0.00,12.00,-0.19,1.00,0,0,0.00,0
2026-04-29 18:31:26,252.72,1,0,0,0,0,0,0,-0.23,0,1.00,4.91,1.71,2.07,0.99,D,0.00,12.00,12.00,12.00,1.18,^,-13.89,,23.10,12.30,504,0.00,51.6,1,0,0.00,0.00,0.00,12.00,-0.23,1.00,0,0,0.00,0
2026-04-29 18:31:27,253.73,1,0,0,0,0,0,0,0.04,0,1.00,4.91,1.72,3.88,1.00,D,0.00,12.00,12.00,12.00,0.91,^,2.24,,20.50,12.30,504,0.00,52.1,1,0,0.00,0.00,0.00,12.00,0.04,1.00,0,0,0.00,0
2026-04-29 18:31:28,254.74,1,0,0,0,0,0,0,-0.08,0,1.00,4.91,1.73,3.86,1.00,D,0.00,3.34,12.00,12.00,1.04,^,-4.64,,20.90,12.30,504,0.00,51.0,1,0,0.00,0.00,0.00,3.34,-0.08,1.00,0,0,0.00,0
2026-04-29 18:31:29,255.75,1,0,0,0,0,0,0,-0.42,0,0.50,4.91,1.73,3.75,0.82,D,0.00,1.73,2.08,12.00,1.32,WARN_WARNING,-25.33,lidar_override,20.90,12.30,504,0.00,53.2,1,0,0.00,0.00,0.00,1.73,-0.18,1.00,0,0,0.00,0
2026-04-29 18:31:30,256.77,1,0,0,0,0,0,0,0.23,0,1.00,4.91,1.74,2.61,0.99,D,0.00,12.00,1.42,0.90,1.03,^,13.78,,21.30,12.30,504,0.00,52.7,1,0,0.00,0.00,0.00,12.00,0.23,1.00,0,0,0.00,0
2026-04-29 18:31:31,257.78,1,0,0,0,0,0,0,0.18,0,1.00,4.91,1.75,3.92,1.00,D,0.00,12.00,12.00,2.36,1.30,^,10.89,,19.30,12.30,504,0.00,52.1,1,0,0.00,0.00,0.00,12.00,0.18,1.00,0,0,0.00,0
2026-04-29 18:31:33,258.79,1,0,0,0,0,0,0,0.32,0,1.00,4.91,1.75,3.25,0.97,D,0.00,12.00,12.00,1.24,1.34,^,18.97,,24.30,12.30,504,0.00,51.6,1,0,0.00,0.00,0.00,12.00,0.32,1.00,0,0,0.00,0
2026-04-29 18:31:34,259.80,1,0,0,0,0,0,0,-0.02,0,1.00,4.91,1.76,3.94,1.00,D,0.00,12.00,12.00,12.00,1.11,^,-1.43,,24.20,12.30,504,0.00,51.0,1,0,0.00,0.00,0.00,12.00,-0.02,1.00,0,0,0.00,0
2026-04-29 18:31:35,260.82,1,0,0,0,0,0,0,-0.13,0,1.00,4.91,1.77,3.84,1.00,D,0.00,12.00,12.00,12.00,1.66,^,-8.00,,24.30,12.20,504,0.00,51.0,1,0,0.00,0.00,0.00,12.00,-0.13,1.00,0,0,0.00,0
2026-04-29 18:31:36,261.83,1,0,0,0,0,0,0,0.17,0,1.00,4.91,1.78,4.03,1.00,D,0.00,12.00,12.00,12.00,1.69,^,10.10,,24.50,12.20,504,0.00,49.4,1,0,0.00,0.00,0.00,12.00,0.17,1.00,0,0,0.00,0
2026-04-29 18:31:37,262.84,1,0,0,0,0,0,0,-0.24,0,1.00,4.91,1.79,3.93,1.00,D,0.00,12.00,12.00,12.00,1.65,^,-14.20,,24.40,12.30,504,0.00,50.5,1,0,0.00,0.00,0.00,12.00,-0.24,1.00,0,0,0.00,0
2026-04-29 18:31:38,263.95,1,0,0,0,0,0,0,0.09,0,1.00,4.91,1.79,3.93,1.00,D,0.00,12.00,12.00,12.00,1.67,^,5.28,,23.10,12.30,504,0.00,49.9,1,0,0.00,0.00,0.00,12.00,0.09,1.00,0,0,0.00,0
2026-04-29 18:31:39,264.86,1,0,0,0,0,0,0,0.04,0,1.00,4.91,1.80,3.97,1.00,D,0.00,12.00,12.00,12.00,1.67,^,2.15,,26.00,12.30,504,0.00,50.5,1,0,0.00,0.00,0.00,12.00,0.04,1.00,0,0,0.00,0
2026-04-29 18:31:40,265.87,1,0,0,0,0,0,0,-0.07,0,1.00,4.91,1.81,3.88,1.00,D,0.00,12.00,12.00,12.00,1.71,^,-4.35,,23.80,12.30,504,0.00,50.5,1,0,0.00,0.00,0.00,12.00,-0.07,1.00,0,0,0.00,0
2026-04-29 18:31:41,266.88,1,0,0,0,0,0,0,-0.04,0,1.00,4.91,1.82,3.93,1.00,D,0.00,12.00,2.49,12.00,1.75,^,-2.13,,18.20,12.30,504,0.00,51.0,1,0,0.00,0.00,0.00,12.00,-0.04,1.00,0,0,0.00,0
2026-04-29 18:31:42,267.99,1,0,0,0,0,0,0,-0.03,0,1.00,4.91,1.83,3.95,1.00,D,0.00,12.00,1.81,12.00,1.83,^,-1.72,,20.50,12.30,504,0.00,50.5,1,0,0.00,0.00,0.00,12.00,-0.03,1.00,0,0,0.00,0
2026-04-29 18:31:43,268.90,1,0,0,0,0,0,0,-0.04,0,1.00,4.91,1.83,3.85,1.00,D,0.00,12.00,12.00,12.00,1.87,^,-2.57,,19.90,12.30,504,0.00,51.0,1,0,0.00,0.00,0.00,12.00,-0.04,1.00,0,0,0.00,0
2026-04-29 18:31:44,270.01,1,0,0,0,0,0,0,0.03,0,1.00,4.91,1.84,3.98,1.00,D,0.00,12.00,12.00,12.00,2.13,^,1.60,,21.20,12.20,504,0.00,52.1,1,0,0.00,0.00,0.00,12.00,0.03,1.00,0,0,0.00,0
2026-04-29 18:31:45,270.91,0,0,0,0,0,0,0,0.00,1,0.00,4.91,1.85,3.47,0.00,D,0.00,12.00,12.00,12.00,2.36,^,0.00,,24.10,12.20,504,0.00,50.5,1,0,0.00,0.00,0.00,12.00,0.00,0.00,0,0,0.00,0
2026-04-29 18:31:46,271.93,0,0,0,0,0,0,0,-1.00,0,1.00,4.91,1.85,0.00,0.15,D,0.00,12.00,12.00,12.00,1.46,^,0.00,,22.90,12.20,504,0.61,49.4,1,0,0.00,0.00,0.00,12.00,0.00,0.00,0,0,0.00,0
2026-04-29 18:31:47,272.94,0,0,0,0,0,0,0,-1.00,0,1.00,4.91,1.84,0.10,0.66,D,0.00,12.00,12.00,12.00,0.95,^,0.00,,21.60,12.30,504,0.00,50.5,1,0,0.00,0.00,0.00,12.00,0.00,0.00,0,0,0.00,0
2026-04-29 18:31:48,273.95,0,0,0,0,0,0,0,0.10,0,0.00,4.91,1.84,2.02,0.58,D,0.00,3.72,3.73,12.00,1.27,^,0.00,,24.60,12.30,504,0.00,49.4,1,0,0.00,0.00,0.00,3.72,0.00,0.00,0,0,0.00,0
2026-04-29 18:31:49,275.06,1,0,0,0,0,0,0,0.32,0,1.00,4.91,1.84,2.76,1.00,D,0.00,12.00,2.94,12.00,1.76,^,19.50,,23.10,12.20,504,0.00,48.8,1,0,0.00,0.00,0.00,12.00,0.32,1.00,0,0,0.00,0
2026-04-29 18:31:50,275.97,1,0,0,0,0,0,0,-0.27,0,1.00,4.91,1.84,3.86,1.00,D,0.00,12.00,2.66,12.00,2.26,^,-16.14,,23.80,12.20,504,0.00,50.5,1,0,0.00,0.00,0.00,12.00,-0.27,1.00,0,0,0.00,0
2026-04-29 18:31:51,277.08,1,0,0,0,0,0,0,0.16,0,1.00,4.91,1.85,4.09,1.00,D,0.00,12.00,2.56,12.00,2.20,^,9.43,,24.00,12.20,504,0.00,50.5,1,0,0.00,0.00,0.00,12.00,0.16,1.00,0,0,0.00,0
2026-04-29 18:31:52,277.98,0,0,0,1,0,0,0,-0.96,0,0.00,4.91,1.85,0.00,-0.00,R,0.00,12.00,2.93,12.00,2.62,^,0.00,,22.80,12.20,504,0.09,50.5,1,0,0.00,0.00,0.00,12.00,0.00,0.00,0,0,0.00,0
2026-04-29 18:31:53,279.00,0,0,0,0,0,0,0,-0.99,0,1.00,4.91,1.85,0.10,-0.50,R,0.00,12.00,2.94,12.00,2.02,^,0.00,,24.10,12.30,504,0.00,49.9,1,0,0.00,0.00,0.00,12.00,0.00,0.00,0,0,0.00,0
2026-04-29 18:31:54,280.01,0,0,0,0,0,0,0,0.90,0,0.00,4.91,1.84,2.49,-0.86,R,0.00,12.00,2.75,12.00,1.66,^,0.00,,24.70,12.20,504,0.00,49.9,1,0,0.00,0.00,0.00,12.00,0.00,0.00,0,0,0.00,0
2026-04-29 18:31:55,281.02,0,0,1,0,0,0,0,0.00,0,1.00,4.91,1.84,1.64,0.31,D,0.00,12.00,2.36,12.00,1.15,^,0.00,,22.70,12.20,504,0.00,47.7,1,0,0.00,0.00,0.00,12.00,0.00,0.00,0,0,0.00,0
2026-04-29 18:31:56,282.02,0,0,0,0,0,0,0,0.00,0,1.00,4.91,1.84,0.74,0.81,D,0.00,12.00,2.57,12.00,0.78,^,0.00,,22.90,12.20,504,0.00,48.8,1,0,0.00,0.00,0.00,12.00,0.00,0.00,0,0,0.00,0
2026-04-29 18:31:57,283.03,0,0,0,0,0,0,0,0.00,0,0.00,4.91,1.84,3.10,0.67,D,0.00,12.00,2.13,12.00,1.16,^,0.00,,23.40,12.20,504,0.00,50.5,1,0,0.00,0.00,0.00,12.00,0.00,0.00,0,0,0.00,0
2026-04-29 18:31:58,284.04,1,0,0,0,0,0,0,0.05,0,1.00,4.91,1.84,2.84,1.00,D,0.00,12.00,2.54,12.00,1.48,^,2.73,,18.00,12.20,504,0.00,50.5,1,0,0.00,0.00,0.00,12.00,0.05,1.00,0,0,0.00,0
2026-04-29 18:31:59,285.05,0,0,0,0,0,0,0,0.00,1,0.00,4.91,1.85,2.70,0.00,D,0.00,12.00,12.00,12.00,1.79,^,0.00,,19.80,12.20,504,0.00,49.4,1,0,0.00,0.00,0.00,12.00,0.00,0.00,0,0,0.00,0
2026-04-29 18:32:00,286.16,0,0,0,1,0,0,0,-1.00,0,1.00,4.91,1.85,0.00,-0.17,R,0.00,12.00,12.00,12.00,1.28,^,0.00,,19.70,12.20,504,0.82,49.4,1,0,0.00,0.00,0.00,12.00,0.00,0.00,0,0,0.00,0
2026-04-29 18:32:01,287.07,0,0,0,0,0,0,0,-0.92,0,1.00,4.91,1.84,0.33,-0.67,R,0.00,12.00,12.00,12.00,1.28,^,0.00,,17.80,12.20,504,0.00,51.0,1,0,0.00,0.00,0.00,12.00,0.00,0.00,0,0,0.00,0
2026-04-29 18:32:02,288.08,0,0,1,0,0,0,0,0.00,0,1.00,4.91,1.84,2.14,0.05,D,0.00,12.00,12.00,12.00,1.07,^,0.00,,24.80,12.20,504,0.00,49.4,1,0,0.00,0.00,0.00,12.00,0.00,0.00,0,0,0.00,0
2026-04-29 18:32:03,289.09,0,0,0,0,0,0,0,-0.12,0,1.00,4.91,1.84,0.12,0.55,D,0.00,12.00,12.00,12.00,0.65,^,0.00,,23.00,12.20,504,0.00,49.4,1,0,0.00,0.00,0.00,12.00,0.00,0.00,0,0,0.00,0
2026-04-29 18:32:04,290.20,0,0,0,0,0,0,0,0.00,0,1.00,4.91,1.83,2.50,1.00,D,0.00,12.00,12.00,12.00,0.64,^,0.00,,24.90,12.20,504,0.00,48.8,1,0,0.00,0.00,0.00,12.00,0.00,0.00,0,0,0.00,0
2026-04-29 18:32:05,291.11,1,0,0,0,0,0,0,0.14,0,1.00,4.91,1.84,3.49,0.89,D,0.00,12.00,12.00,12.00,1.56,^,8.43,,25.60,12.20,504,0.00,48.8,1,0,0.00,0.00,0.00,12.00,0.14,1.00,0,0,0.00,0
2026-04-29 18:32:06,292.12,1,0,0,0,0,0,0,0.19,0,1.00,4.91,1.84,3.77,1.00,D,0.00,12.00,12.00,12.00,2.44,^,11.41,,25.30,12.30,504,0.00,48.8,1,0,0.00,0.00,0.00,12.00,0.19,1.00,0,0,0.00,0
2026-04-29 18:32:07,293.14,1,0,0,0,0,0,0,-0.14,0,1.00,4.91,1.85,3.91,1.00,D,0.00,12.00,12.00,12.00,2.69,^,-8.16,,24.80,12.20,504,0.00,49.9,1,0,0.00,0.00,0.00,12.00,-0.14,1.00,0,0,0.00,0
2026-04-29 18:32:08,294.15,1,0,0,0,0,0,0,-0.04,0,1.00,4.91,1.86,4.03,1.00,D,0.00,12.00,12.00,12.00,2.65,^,-2.26,,24.80,12.30,504,0.00,49.9,1,0,0.00,0.00,0.00,12.00,-0.04,1.00,0,0,0.00,0
2026-04-29 18:32:09,295.16,1,0,0,0,0,0,0,0.03,0,1.00,4.91,1.87,3.89,1.00,D,0.00,12.00,12.00,12.00,2.63,^,2.09,,23.50,12.30,504,0.00,48.8,1,0,0.00,0.00,0.00,12.00,0.03,1.00,0,0,0.00,0
2026-04-29 18:32:10,296.17,1,0,0,0,0,0,0,-0.08,0,1.00,4.91,1.87,4.01,1.00,D,0.00,12.00,12.00,12.00,2.65,^,-5.09,,23.20,12.30,504,0.00,48.3,1,0,0.00,0.00,0.00,12.00,-0.08,1.00,0,0,0.00,0
2026-04-29 18:32:11,297.19,1,0,0,0,0,0,0,-0.04,0,1.00,4.91,1.88,3.99,1.00,D,0.00,12.00,12.00,12.00,2.62,^,-2.18,,25.70,12.30,504,0.00,48.8,1,0,0.00,0.00,0.00,12.00,-0.04,1.00,0,0,0.00,0
2026-04-29 18:32:12,298.30,1,0,0,0,0,0,0,0.08,0,1.00,4.91,1.89,3.95,1.00,D,0.00,12.00,12.00,12.00,2.62,^,4.96,,24.50,12.30,504,0.00,49.4,1,0,0.00,0.00,0.00,12.00,0.08,1.00,0,0,0.00,0
2026-04-29 18:32:13,299.20,1,0,0,0,0,0,0,-0.05,0,1.00,4.91,1.89,3.98,1.00,D,0.00,12.00,12.00,12.00,2.59,^,-3.12,,24.00,12.30,504,0.00,47.7,1,0,0.00,0.00,0.00,12.00,-0.05,1.00,0,0,0.00,0
2026-04-29 18:32:14,300.22,1,0,0,0,0,0,0,-0.04,0,1.00,4.91,1.90,3.92,1.00,D,0.00,12.00,12.00,12.00,2.57,^,-2.55,,22.10,12.30,504,0.00,49.4,1,0,0.00,0.00,0.00,12.00,-0.04,1.00,0,0,0.00,0
2026-04-29 18:32:15,301.23,1,0,0,0,0,0,0,0.04,0,1.00,4.91,1.91,3.99,1.00,D,0.00,12.00,12.00,12.00,2.52,^,2.35,,21.40,12.30,504,0.00,51.0,1,0,0.00,0.00,0.00,12.00,0.04,1.00,0,0,0.00,0
2026-04-29 18:32:16,302.34,1,0,0,0,0,0,0,-0.08,0,1.00,4.91,1.92,3.96,1.00,D,0.00,12.00,2.48,12.00,2.40,^,-5.02,,19.70,12.30,504,0.00,50.5,1,0,0.00,0.00,0.00,12.00,-0.08,1.00,0,0,0.00,0
2026-04-29 18:32:17,303.24,1,0,0,0,0,0,0,-0.16,0,1.00,4.91,1.92,4.01,1.00,D,0.00,12.00,1.97,12.00,1.98,^,-9.57,,21.30,12.30,504,0.00,50.5,1,0,0.00,0.00,0.00,12.00,-0.16,1.00,0,0,0.00,0
2026-04-29 18:32:18,304.35,1,0,0,0,0,0,0,-0.01,0,1.00,4.91,1.93,3.86,1.00,D,0.00,12.00,12.00,12.00,2.26,^,-0.76,,20.60,12.30,504,0.00,49.9,1,0,0.00,0.00,0.00,12.00,-0.01,1.00,0,0,0.00,0
2026-04-29 18:32:19,305.26,1,0,0,0,0,0,0,-0.07,0,1.00,4.91,1.94,3.94,1.00,D,0.00,12.00,12.00,12.00,2.34,^,-4.08,,21.50,12.30,504,0.00,51.0,1,0,0.00,0.00,0.00,12.00,-0.07,1.00,0,0,0.00,0
2026-04-29 18:32:20,306.27,1,0,0,0,0,0,0,-0.00,0,1.00,4.91,1.94,3.96,1.00,D,0.00,12.00,12.00,12.00,2.35,^,-0.21,,21.60,12.30,504,0.00,48.8,1,0,0.00,0.00,0.00,12.00,-0.00,1.00,0,0,0.00,0
2026-04-29 18:32:21,307.29,1,0,0,0,0,0,0,-0.13,0,1.00,4.91,1.95,4.01,1.00,D,0.00,12.00,12.00,12.00,2.43,^,-7.50,,24.00,12.20,504,0.00,49.4,1,0,0.00,0.00,0.00,12.00,-0.13,1.00,0,0,0.00,0
2026-04-29 18:32:22,308.30,1,0,0,0,0,0,0,0.01,0,1.00,4.91,1.96,4.00,1.00,D,0.00,12.00,12.00,12.00,2.52,^,0.37,,23.00,12.20,504,0.00,49.4,1,0,0.00,0.00,0.00,12.00,0.01,1.00,0,0,0.00,0
2026-04-29 18:32:23,309.31,1,0,0,0,0,0,0,0.02,0,1.00,4.91,1.96,3.98,1.00,D,0.00,12.00,12.00,12.00,2.55,^,1.06,,25.30,12.30,504,0.00,49.4,1,0,0.00,0.00,0.00,12.00,0.02,1.00,0,0,0.00,0
2026-04-29 18:32:24,310.33,1,0,0,0,0,0,0,-0.07,0,1.00,4.91,1.97,3.98,1.00,D,0.00,12.00,12.00,12.00,2.48,^,-4.18,,23.40,12.30,504,0.00,48.3,1,0,0.00,0.00,0.00,12.00,-0.07,1.00,0,0,0.00,0
2026-04-29 18:32:25,311.34,1,0,0,0,0,0,0,-0.01,0,1.00,4.91,1.98,3.96,1.00,D,0.00,12.00,12.00,12.00,2.39,^,-0.77,,22.50,12.30,504,0.00,47.7,1,0,0.00,0.00,0.00,12.00,-0.01,1.00,0,0,0.00,0
2026-04-29 18:32:26,312.35,1,0,0,0,0,0,0,0.05,0,1.00,4.91,1.98,3.95,1.00,D,0.00,12.00,12.00,12.00,2.30,^,3.07,,23.50,12.30,504,0.00,49.4,1,0,0.00,0.00,0.00,12.00,0.05,1.00,0,0,0.00,0
2026-04-29 18:32:27,313.37,1,0,0,0,0,0,0,-0.02,0,1.00,4.91,1.99,3.95,1.00,D,0.00,12.00,12.00,12.00,2.21,^,-1.03,,22.60,12.30,504,0.00,49.4,1,0,0.00,0.00,0.00,12.00,-0.02,1.00,0,0,0.00,0
2026-04-29 18:32:28,314.48,1,0,0,0,0,0,0,-0.02,0,1.00,4.91,1.99,3.93,1.00,D,0.00,12.00,12.00,12.00,2.13,^,-1.29,,22.10,12.30,504,0.00,48.8,1,0,0.00,0.00,0.00,12.00,-0.02,1.00,0,0,0.00,0
2026-04-29 18:32:29,315.38,1,0,0,0,0,0,0,-0.00,0,1.00,4.91,2.00,3.95,1.00,D,0.00,12.00,12.00,12.00,2.07,^,-0.11,,23.60,12.30,504,0.00,49.9,1,0,0.00,0.00,0.00,12.00,-0.00,1.00,0,0,0.00,0
2026-04-29 18:32:30,316.39,1,0,0,0,0,0,0,-0.14,0,1.00,4.91,2.01,3.95,1.00,D,0.00,12.00,12.00,12.00,1.98,^,-8.39,,24.00,12.30,504,0.00,47.7,1,0,0.00,0.00,0.00,12.00,-0.14,1.00,0,0,0.00,0
2026-04-29 18:32:31,317.40,1,0,0,0,0,0,0,-0.02,0,1.00,4.91,2.01,3.99,1.00,D,0.00,12.00,1.77,12.00,1.99,^,-1.25,,23.40,12.20,504,0.00,48.8,1,0,0.00,0.00,0.00,12.00,-0.02,1.00,0,0,0.00,0
2026-04-29 18:32:32,318.41,1,0,0,0,0,0,0,-0.23,0,1.00,4.91,2.02,3.90,1.00,D,0.00,12.00,1.05,12.00,0.94,^,-13.51,,23.40,12.30,504,0.00,48.8,1,0,0.00,0.00,0.00,12.00,-0.23,1.00,0,0,0.00,0
2026-04-29 18:32:33,319.42,1,0,0,0,0,0,0,0.07,0,1.00,4.91,2.03,4.00,1.00,D,0.00,12.00,1.61,12.00,1.46,^,4.03,,24.90,12.30,504,0.00,49.4,1,0,0.00,0.00,0.00,12.00,0.07,1.00,0,0,0.00,0
2026-04-29 18:32:34,320.43,1,0,0,0,0,0,0,0.19,0,1.00,4.91,2.03,3.93,1.00,D,0.00,12.00,12.00,12.00,1.73,^,11.42,,24.80,12.20,504,0.00,48.8,1,0,0.00,0.00,0.00,12.00,0.19,1.00,0,0,0.00,0
2026-04-29 18:32:35,321.44,1,0,0,0,0,0,0,-0.00,0,1.00,4.91,2.04,3.66,1.00,D,0.00,12.00,12.00,12.00,2.02,^,-0.10,,23.70,12.20,504,0.00,48.8,1,0,0.00,0.00,0.00,12.00,-0.00,1.00,0,0,0.00,0
2026-04-29 18:32:36,322.45,1,0,0,0,0,0,0,0.21,0,1.00,4.91,2.04,4.04,1.00,D,0.00,12.00,12.00,12.00,2.10,^,12.61,,23.30,12.30,504,0.00,48.8,1,0,0.00,0.00,0.00,12.00,0.21,1.00,0,0,0.00,0
2026-04-29 18:32:37,323.47,1,0,0,0,0,0,0,-0.04,0,1.00,4.91,2.05,3.83,1.00,D,0.00,12.00,12.00,12.00,2.07,^,-2.41,,22.90,12.20,504,0.00,49.9,1,0,0.00,0.00,0.00,12.00,-0.04,1.00,0,0,0.00,0
2026-04-29 18:32:38,324.48,1,0,0,0,0,0,0,0.02,0,1.00,4.91,2.05,3.88,1.00,D,0.00,12.00,12.00,12.00,2.04,^,1.00,,22.60,12.20,504,0.00,49.4,1,0,0.00,0.00,0.00,12.00,0.02,1.00,0,0,0.00,0
2026-04-29 18:32:39,325.50,1,0,0,0,0,0,0,-0.18,0,1.00,4.91,2.06,3.91,1.00,D,0.00,12.00,12.00,12.00,1.91,^,-10.91,,20.40,12.20,504,0.00,48.3,1,0,0.00,0.00,0.00,12.00,-0.18,1.00,0,0,0.00,0
2026-04-29 18:32:40,326.51,1,0,0,0,0,0,0,0.04,0,1.00,4.91,2.07,3.98,1.00,D,0.00,12.00,12.00,12.00,1.84,^,2.67,,20.00,12.20,504,0.00,48.8,1,0,0.00,0.00,0.00,12.00,0.04,1.00,0,0,0.00,0
2026-04-29 18:32:41,327.51,1,0,0,0,0,0,0,-0.07,0,1.00,4.91,2.07,3.88,1.00,D,0.00,12.00,2.20,12.00,1.78,^,-4.18,,20.60,12.20,504,0.00,48.8,1,0,0.00,0.00,0.00,12.00,-0.07,1.00,0,0,0.00,0
2026-04-29 18:32:42,328.53,1,0,0,0,0,0,0,-0.03,0,1.00,4.91,2.08,3.92,1.00,D,0.00,12.00,12.00,12.00,1.74,^,-1.70,,19.40,12.30,504,0.00,49.4,1,0,0.00,0.00,0.00,12.00,-0.03,1.00,0,0,0.00,0
2026-04-29 18:32:43,329.54,1,0,0,0,0,0,0,-0.06,0,1.00,4.91,2.08,3.90,1.00,D,0.00,12.00,12.00,12.00,1.74,^,-3.56,,18.00,12.30,504,0.00,49.4,1,0,0.00,0.00,0.00,12.00,-0.06,1.00,0,0,0.00,0
2026-04-29 18:32:44,330.55,1,0,0,0,0,0,0,-0.01,0,1.00,4.91,2.09,3.89,1.00,D,0.00,12.00,12.00,12.00,1.82,^,-0.69,,20.20,12.30,504,0.00,50.5,1,0,0.00,0.00,0.00,12.00,-0.01,1.00,0,0,0.00,0
2026-04-29 18:32:45,331.57,1,0,0,0,0,0,0,-0.01,0,1.00,4.91,2.09,3.64,1.00,D,0.00,12.00,12.00,12.00,1.81,^,-0.64,,20.00,12.30,504,0.00,50.5,1,0,0.00,0.00,0.00,12.00,-0.01,1.00,0,0,0.00,0
2026-04-29 18:32:46,332.58,1,0,0,0,0,0,0,-0.09,0,1.00,4.91,2.10,3.91,1.00,D,0.00,12.00,2.60,12.00,1.88,^,-5.69,,19.60,12.30,504,0.00,51.0,1,0,0.00,0.00,0.00,12.00,-0.09,1.00,0,0,0.00,0
2026-04-29 18:32:47,333.59,1,0,0,0,0,0,0,-0.09,0,1.00,4.91,2.10,3.91,1.00,D,0.00,12.00,1.74,12.00,1.90,^,-5.56,,19.20,12.30,504,0.00,50.5,1,0,0.00,0.00,0.00,12.00,-0.09,1.00,0,0,0.00,0
2026-04-29 18:32:48,334.70,1,0,0,0,0,0,0,0.07,0,1.00,4.91,2.11,4.02,1.00,D,0.00,12.00,12.00,12.00,1.79,^,4.34,,20.50,12.30,504,0.00,50.5,1,0,0.00,0.00,0.00,12.00,0.07,1.00,0,0,0.00,0
2026-04-29 18:32:49,335.61,1,0,0,0,0,0,0,0.08,0,1.00,4.91,2.12,3.83,1.00,D,0.00,12.00,12.00,12.00,1.76,^,4.77,,22.50,12.30,504,0.00,49.9,1,0,0.00,0.00,0.00,12.00,0.08,1.00,0,0,0.00,0
2026-04-29 18:32:50,336.62,1,0,0,0,0,0,0,-0.01,0,1.00,4.91,2.12,3.96,1.00,D,0.00,12.00,12.00,12.00,1.71,^,-0.33,,23.50,12.20,504,0.00,49.4,1,0,0.00,0.00,0.00,12.00,-0.01,1.00,0,0,0.00,0
2026-04-29 18:32:51,337.63,1,0,0,0,0,0,0,-0.03,0,1.00,4.91,2.13,3.94,1.00,D,0.00,12.00,12.00,12.00,1.80,^,-1.86,,23.30,12.30,504,0.00,48.8,1,0,0.00,0.00,0.00,12.00,-0.03,1.00,0,0,0.00,0
2026-04-29 18:32:52,338.74,1,0,0,0,0,0,0,-0.04,0,1.00,4.91,2.13,3.79,1.00,D,0.00,12.00,12.00,12.00,1.68,^,-2.45,,23.30,12.30,504,0.00,48.3,1,0,0.00,0.00,0.00,12.00,-0.04,1.00,0,0,0.00,0
2026-04-29 18:32:53,339.64,1,0,0,0,0,0,0,0.01,0,1.00,4.91,2.14,3.89,1.00,D,0.00,12.00,12.00,12.00,1.60,^,0.32,,24.10,12.30,504,0.00,49.4,1,0,0.00,0.00,0.00,12.00,0.01,1.00,0,0,0.00,0
2026-04-29 18:32:54,340.66,1,0,0,0,0,0,0,-0.08,0,1.00,4.91,2.14,3.96,1.00,D,0.00,12.00,12.00,12.00,1.51,^,-4.74,,20.90,12.30,504,0.00,48.8,1,0,0.00,0.00,0.00,12.00,-0.08,1.00,0,0,0.00,0
2026-04-29 18:32:55,341.67,1,0,0,0,0,0,0,0.09,0,1.00,4.91,2.15,3.83,1.00,D,0.00,12.00,12.00,12.00,1.49,^,5.62,,21.10,12.30,504,0.00,48.3,1,0,0.00,0.00,0.00,12.00,0.09,1.00,0,0,0.00,0
2026-04-29 18:32:56,342.68,1,0,0,0,0,0,0,-0.07,0,1.00,4.91,2.15,3.83,1.00,D,0.00,2.40,12.00,12.00,1.49,^,-4.29,,20.80,12.30,504,0.00,48.8,1,0,0.00,0.00,0.00,2.40,-0.07,1.00,0,0,0.00,0
2026-04-29 18:32:57,343.69,1,0,0,0,0,0,0,-0.51,0,1.00,4.91,2.16,3.31,1.00,D,0.00,12.00,1.25,12.00,1.39,^,-30.44,,20.90,12.30,504,0.00,49.4,1,0,0.00,0.00,0.00,12.00,-0.51,1.00,0,0,0.00,0
2026-04-29 18:32:59,344.80,1,0,0,0,0,0,0,0.00,0,1.00,4.91,2.16,3.69,0.99,D,0.00,12.00,1.13,12.00,0.86,^,0.04,,18.80,12.20,504,0.00,48.8,1,0,0.00,0.00,0.00,12.00,0.00,1.00,0,0,0.00,0
2026-04-29 18:32:59,345.71,1,0,0,0,0,0,0,-0.12,0,1.00,4.91,2.17,3.86,1.00,D,0.00,12.00,12.00,12.00,1.60,^,-7.10,,23.80,12.20,504,0.00,48.3,1,0,0.00,0.00,0.00,12.00,-0.12,1.00,0,0,0.00,0
2026-04-29 18:33:01,346.82,1,0,0,0,0,0,0,-0.01,0,1.00,4.91,2.17,3.88,1.00,D,0.00,12.00,1.85,12.00,1.79,^,-0.42,,21.80,12.20,504,0.00,49.9,1,0,0.00,0.00,0.00,12.00,-0.01,1.00,0,0,0.00,0
2026-04-29 18:33:01,347.72,1,0,0,0,0,0,0,0.07,0,1.00,4.91,2.18,3.69,1.00,D,0.00,12.00,12.00,12.00,1.75,^,4.26,,23.60,12.20,504,0.00,49.4,1,0,0.00,0.00,0.00,12.00,0.07,1.00,0,0,0.00,0
2026-04-29 18:33:02,348.73,1,0,0,0,0,0,0,-0.46,0,1.00,4.91,2.18,3.77,1.00,D,0.00,12.00,12.00,12.00,1.69,^,-27.50,,24.00,12.30,504,0.00,49.4,1,0,0.00,0.00,0.00,12.00,-0.46,1.00,0,0,0.00,0
2026-04-29 18:33:03,349.74,1,0,0,0,0,0,0,0.07,0,1.00,4.91,2.18,3.91,1.00,D,0.00,12.00,12.00,12.00,1.67,^,4.46,,22.50,12.30,504,0.00,48.8,1,0,0.00,0.00,0.00,12.00,0.07,1.00,0,0,0.00,0
2026-04-29 18:33:04,350.76,1,0,0,0,0,0,0,0.06,0,1.00,4.91,2.19,3.50,1.00,D,0.00,12.00,12.00,12.00,1.70,^,3.32,,23.40,12.30,504,0.00,49.4,1,0,0.00,0.00,0.00,12.00,0.06,1.00,0,0,0.00,0
2026-04-29 18:33:05,351.77,1,0,0,0,0,0,0,-0.01,0,1.00,4.91,2.19,3.77,1.00,D,0.00,12.00,12.00,12.00,1.77,^,-0.33,,20.80,12.20,504,0.00,48.3,1,0,0.00,0.00,0.00,12.00,-0.01,1.00,0,0,0.00,0
2026-04-29 18:33:06,352.78,1,0,0,0,0,0,0,-0.14,0,1.00,4.91,2.20,3.78,1.00,D,0.00,12.00,12.00,12.00,1.67,^,-8.22,,18.20,12.20,504,0.00,49.9,1,0,0.00,0.00,0.00,12.00,-0.14,1.00,0,0,0.00,0
2026-04-29 18:33:08,353.80,1,0,0,0,0,0,0,0.01,0,1.00,4.91,2.20,3.78,1.00,D,0.00,12.00,12.00,12.00,1.55,^,0.77,,19.90,12.20,504,0.00,49.9,1,0,0.00,0.00,0.00,12.00,0.01,1.00,0,0,0.00,0
2026-04-29 18:33:09,354.81,1,0,0,0,0,0,0,-0.01,0,1.00,4.91,2.21,3.71,1.00,D,0.00,12.00,2.02,12.00,1.49,^,-0.54,,18.90,12.30,504,0.00,50.5,1,0,0.00,0.00,0.00,12.00,-0.01,1.00,0,0,0.00,0
2026-04-29 18:33:10,355.82,1,0,0,0,0,0,0,-0.42,0,0.50,4.91,2.21,3.74,0.96,D,0.00,2.07,12.00,12.00,1.58,WARN_WARNING,-25.33,lidar_override,19.00,12.30,504,0.00,49.4,1,0,0.00,0.00,0.00,2.07,0.18,1.00,0,0,0.00,0
2026-04-29 18:33:11,356.84,1,0,0,0,0,0,0,0.36,0,1.00,4.91,2.21,3.34,1.00,D,0.00,12.00,12.00,1.10,1.61,^,21.90,,21.70,12.30,504,0.00,49.9,1,0,0.00,0.00,0.00,12.00,0.36,1.00,0,0,0.00,0
2026-04-29 18:33:12,357.85,1,0,0,0,0,0,0,-0.42,0,0.50,4.91,2.22,3.68,0.84,D,0.00,1.74,12.00,12.00,0.90,WARN_WARNING,-25.33,lidar_override,21.80,12.30,504,0.00,48.8,1,0,0.00,0.00,0.00,1.74,0.15,1.00,0,0,0.00,0
2026-04-29 18:33:13,358.96,1,0,0,0,0,0,0,0.21,0,1.00,4.91,2.22,3.15,1.00,D,0.00,12.00,12.00,0.78,1.55,^,12.80,,22.40,12.20,504,0.00,49.4,1,0,0.00,0.00,0.00,12.00,0.21,1.00,0,0,0.00,0
2026-04-29 18:33:14,359.87,0,0,0,0,0,0,0,0.00,0,0.00,4.91,2.22,3.78,0.00,D,0.00,12.00,12.00,12.00,0.88,^,0.00,,20.80,12.20,504,0.00,50.5,1,0,0.00,0.00,0.00,12.00,0.00,0.00,0,0,0.00,0
2026-04-29 18:33:15,360.88,0,0,0,0,0,0,0,0.00,0,1.00,4.91,2.22,1.09,0.10,D,0.00,12.00,12.00,12.00,1.75,^,0.00,,17.90,12.20,504,0.00,48.8,1,0,0.00,0.00,0.00,12.00,0.00,0.00,0,0,0.00,0
2026-04-29 18:33:16,361.89,0,0,0,0,0,0,0,0.00,0,1.00,4.91,2.22,0.05,0.61,D,0.00,12.00,12.00,12.00,1.07,^,0.00,,18.10,12.20,504,0.01,49.4,1,0,0.00,0.00,0.00,12.00,0.00,0.00,0,0,0.00,0
2026-04-29 18:33:17,363.00,0,0,0,0,0,0,0,0.00,0,0.00,4.91,2.22,2.35,0.68,D,0.00,12.00,12.00,12.00,0.89,^,0.00,,17.40,12.20,504,0.00,49.4,1,0,0.00,0.00,0.00,12.00,0.00,0.00,0,0,0.00,0
2026-04-29 18:33:18,363.91,1,0,0,0,0,0,0,0.06,0,1.00,4.91,2.22,3.29,1.00,D,0.00,12.00,12.00,12.00,1.01,^,3.65,,19.20,12.20,504,0.00,50.5,1,0,0.00,0.00,0.00,12.00,0.06,1.00,0,0,0.00,0
2026-04-29 18:33:19,364.92,1,0,0,0,0,0,0,0.02,0,1.00,4.91,2.22,3.74,1.00,D,0.00,12.00,13.56,12.00,1.16,^,1.12,,21.20,12.20,504,0.00,49.4,1,0,0.00,0.00,0.00,12.00,0.02,1.00,0,0,0.00,0
2026-04-29 18:33:20,365.93,1,0,0,0,0,0,0,0.50,0,1.00,4.91,2.22,3.84,1.00,D,0.00,12.00,2.81,12.00,1.39,^,30.26,,20.00,12.20,504,0.00,49.9,1,0,0.00,0.00,0.00,12.00,0.50,1.00,0,0,0.00,0
2026-04-29 18:33:21,366.94,0,0,0,0,0,0,0,-1.00,0,0.00,4.91,2.23,2.46,0.00,D,0.00,12.00,12.00,12.00,1.49,^,0.00,,18.90,12.20,504,0.00,49.4,1,0,0.00,0.00,0.00,12.00,0.00,0.00,0,0,0.00,0
2026-04-29 18:33:22,367.95,0,0,0,0,0,0,0,0.00,1,0.00,4.91,2.23,0.00,0.00,D,0.00,0.16,12.00,0.09,0.09,STOP_WARNING,0.00,aeb_stop,15.80,12.20,504,0.49,50.5,1,1,0.00,0.00,0.00,0.16,0.00,0.00,0,0,0.00,0
2026-04-29 18:33:23,368.95,0,0,0,0,0,0,0,0.00,1,0.00,4.91,2.22,0.00,0.00,D,0.00,0.16,12.00,0.09,0.09,STOP_WARNING,0.00,aeb_stop,17.60,12.20,504,0.72,49.9,1,1,0.00,0.00,0.00,0.16,0.00,0.00,0,0,0.00,0
2026-04-29 18:33:24,369.96,0,0,0,0,0,0,0,0.00,1,0.00,4.91,2.21,0.00,0.00,D,0.00,0.16,12.00,0.09,0.09,STOP_WARNING,0.00,aeb_stop,19.70,12.20,504,0.47,48.3,1,1,0.00,0.00,0.00,0.16,0.00,0.00,0,0,0.00,0
2026-04-29 18:33:25,370.98,0,0,0,0,0,0,0,0.00,1,0.00,4.91,2.21,0.00,0.00,D,0.00,0.20,12.00,0.04,0.03,STOP_WARNING,0.00,aeb_stop,18.60,12.20,504,1.48,49.4,1,1,0.00,0.00,0.00,0.20,0.00,0.00,0,0,0.00,0
2026-04-29 18:33:26,372.09,0,0,0,0,0,0,0,0.00,1,0.00,4.91,2.20,0.00,0.00,D,0.00,0.60,12.00,0.03,0.02,WARN_WARNING,0.00,,18.00,12.20,504,2.59,51.0,1,0,0.00,0.00,0.00,0.60,0.00,0.00,0,0,0.00,0
2026-04-29 18:33:27,372.99,0,0,0,0,0,0,0,0.00,1,0.00,4.91,2.20,0.22,0.00,D,0.00,12.00,12.00,0.83,0.03,^,0.00,,18.90,12.20,504,0.01,49.9,1,0,0.00,0.00,0.00,12.00,0.00,0.00,0,0,0.00,0
2026-04-29 18:33:28,374.10,0,0,0,0,0,0,0,0.00,1,0.00,4.91,2.19,0.00,0.00,D,0.00,12.00,12.00,0.80,0.12,^,0.00,,16.70,12.20,504,0.13,50.5,1,0,0.00,0.00,0.00,12.00,0.00,0.00,0,0,0.00,0
2026-04-29 18:33:29,375.01,0,0,0,0,0,0,0,0.00,1,0.00,4.91,2.18,0.00,0.00,D,0.00,12.00,12.00,0.81,0.13,^,0.00,,18.10,12.20,504,0.24,49.9,1,0,0.00,0.00,0.00,12.00,0.00,0.00,0,0,0.00,0
2026-04-29 18:33:30,376.02,0,0,0,0,0,0,0,0.00,1,0.00,4.91,2.18,0.00,0.00,D,0.00,12.00,12.00,0.81,0.20,^,0.00,,18.80,12.20,504,1.25,48.8,1,0,0.00,0.00,0.00,12.00,0.00,0.00,0,0,0.00,0
2026-04-29 18:33:31,377.13,0,0,0,0,0,0,0,0.00,1,0.00,4.91,2.17,0.00,0.00,D,0.00,12.00,12.00,0.81,0.11,^,0.00,,20.40,12.20,504,0.38,49.4,1,0,0.00,0.00,0.00,12.00,0.00,0.00,0,0,0.00,0
2026-04-29 18:33:32,378.04,0,0,0,0,0,0,0,0.00,1,0.00,4.91,2.17,0.00,0.00,D,0.00,12.00,12.00,0.81,0.07,^,0.00,,20.10,12.20,504,0.24,47.7,1,0,0.00,0.00,0.00,12.00,0.00,0.00,0,0,0.00,0
2026-04-29 18:33:33,379.05,0,0,0,0,0,0,0,0.00,1,0.00,4.91,2.16,0.00,0.00,D,0.00,12.00,12.00,0.80,0.07,^,0.00,,19.60,12.20,504,1.25,48.3,1,0,0.00,0.00,0.00,12.00,0.00,0.00,0,0,0.00,0
2026-04-29 18:33:34,380.06,0,0,0,0,0,0,0,0.00,1,0.00,4.91,2.15,0.00,0.00,D,0.00,12.00,12.00,0.80,0.07,^,0.00,,19.30,12.20,504,0.05,48.3,1,0,0.00,0.00,0.00,12.00,0.00,0.00,0,0,0.00,0
2026-04-29 18:33:35,381.07,0,0,0,0,0,0,0,0.00,1,0.00,4.91,2.15,0.00,0.00,D,0.00,12.00,12.00,0.81,0.06,^,0.00,,21.10,12.20,504,1.06,48.8,1,0,0.00,0.00,0.00,12.00,0.00,0.00,0,0,0.00,0
2026-04-29 18:33:36,382.09,0,0,0,0,0,0,0,0.00,1,0.00,4.91,2.14,0.00,0.00,D,0.00,12.00,12.00,0.80,0.07,^,0.00,,21.20,12.20,504,2.07,48.8,1,0,0.00,0.00,0.00,12.00,0.00,0.00,0,0,0.00,0
2026-04-29 18:33:37,383.10,0,0,0,0,0,0,0,0.00,1,0.00,4.91,2.14,0.00,0.00,D,0.00,12.00,12.00,0.81,0.06,^,0.00,,19.20,12.20,504,0.23,47.2,1,0,0.00,0.00,0.00,12.00,0.00,0.00,0,0,0.00,0
2026-04-29 18:33:38,384.11,0,0,0,0,0,0,0,-1.00,1,0.19,4.91,2.13,0.00,0.00,D,0.00,12.00,12.00,0.81,0.32,^,0.00,,20.90,12.20,504,1.25,48.8,1,0,0.00,0.00,0.00,12.00,0.00,0.00,0,0,0.00,0
2026-04-29 18:33:39,385.12,0,0,0,0,0,0,0,-0.45,1,1.00,4.91,2.13,0.00,0.00,D,0.00,12.00,12.00,0.80,0.38,^,0.00,,22.70,12.20,504,0.38,48.8,1,0,0.00,0.00,0.00,12.00,0.00,0.00,0,0,0.00,0
2026-04-29 18:33:40,386.13,0,0,0,0,0,0,0,0.00,1,1.00,4.91,2.12,0.00,0.00,D,0.00,12.00,12.00,0.81,0.45,^,0.00,,21.30,12.20,504,0.37,48.8,1,0,0.00,0.00,0.00,12.00,0.00,0.00,0,0,0.00,0
2026-04-29 18:33:41,387.14,0,0,1,1,0,0,0,0.00,0,0.00,4.91,2.12,0.00,0.00,D,0.00,12.00,12.00,0.80,0.81,^,0.00,,21.50,12.20,504,0.00,48.3,1,0,0.00,0.00,0.00,12.00,0.00,0.00,0,0,0.00,0
2026-04-29 18:33:42,388.16,0,0,1,0,0,0,0,-0.85,0,0.14,4.91,2.11,0.00,0.12,D,0.00,1.36,12.00,0.80,0.80,^,0.00,,21.00,12.20,504,0.03,48.3,1,0,0.00,0.00,0.00,1.36,0.00,0.00,0,0,0.00,0
2026-04-29 18:33:43,389.17,0,0,0,0,0,0,0,-0.94,0,1.00,4.91,2.10,0.11,0.63,D,0.00,1.33,12.00,0.79,0.80,^,0.00,,20.10,12.20,504,0.00,47.7,1,0,0.00,0.00,0.00,1.33,0.00,0.00,0,0,0.00,0
2026-04-29 18:33:44,390.17,0,0,0,0,0,0,0,-0.80,0,1.00,4.91,2.10,2.40,1.00,D,0.00,12.00,12.00,0.83,0.81,^,0.00,,20.70,12.20,504,0.00,48.8,1,0,0.00,0.00,0.00,12.00,0.00,0.00,0,0,0.00,0
2026-04-29 18:33:45,391.18,1,0,0,0,0,0,0,0.14,0,1.00,4.91,2.10,2.79,1.00,D,0.00,12.00,3.23,12.00,1.79,^,8.16,,20.70,12.20,504,0.00,49.4,1,0,0.00,0.00,0.00,12.00,0.14,1.00,0,0,0.00,0
2026-04-29 18:33:46,392.19,1,0,0,0,0,0,0,-0.38,0,1.00,4.91,2.11,3.78,1.00,D,0.00,12.00,6.68,12.00,2.36,^,-22.56,,17.70,12.20,504,0.00,47.7,1,0,0.00,0.00,0.00,12.00,-0.38,1.00,0,0,0.00,0
2026-04-29 18:33:47,393.20,0,0,0,0,0,0,0,0.00,0,0.00,4.91,2.11,3.10,0.00,D,0.00,12.00,12.00,12.00,2.35,^,0.00,,20.90,12.20,504,0.00,48.8,1,0,0.00,0.00,0.00,12.00,0.00,0.00,0,0,0.00,0
2026-04-29 18:33:48,394.22,0,0,0,1,0,0,0,1.00,0,1.00,4.91,2.11,0.64,-0.20,R,0.00,12.00,12.00,12.00,1.95,^,0.00,,19.10,12.20,504,0.00,48.8,1,0,0.00,0.00,0.00,12.00,0.00,0.00,0,0,0.00,0
2026-04-29 18:33:49,395.23,0,0,0,0,0,0,0,0.00,0,1.00,4.91,2.11,0.99,-0.71,R,0.00,12.00,12.00,12.00,1.64,^,0.00,,21.40,12.20,504,0.00,47.7,1,0,0.00,0.00,0.00,12.00,0.00,0.00,0,0,0.00,0
2026-04-29 18:33:50,396.24,0,0,0,0,0,0,0,0.00,0,0.00,4.91,2.11,2.48,-0.35,R,0.00,12.00,12.00,12.00,1.63,^,0.00,,22.30,12.20,504,0.00,47.7,1,0,0.00,0.00,0.00,12.00,0.00,0.00,0,0,0.00,0
2026-04-29 18:33:51,397.25,0,0,0,0,0,0,0,0.00,0,1.00,4.91,2.11,1.77,-0.08,R,0.00,12.00,6.44,12.00,1.52,^,0.00,,21.20,12.20,504,0.00,48.3,1,0,0.00,0.00,0.00,12.00,0.00,0.00,0,0,0.00,0
2026-04-29 18:33:52,398.26,0,0,0,0,0,0,0,-0.13,0,0.00,4.91,2.11,1.57,-0.18,R,0.00,12.00,6.75,12.00,1.74,^,0.00,,21.90,12.20,504,0.00,48.8,1,0,0.00,0.00,0.00,12.00,0.00,0.00,0,0,0.00,0
2026-04-29 18:33:53,399.27,1,0,1,0,0,0,0,-0.12,0,1.00,4.91,2.10,0.93,0.08,D,0.00,12.00,6.58,12.00,1.85,^,-6.93,,21.10,12.20,504,0.00,47.2,1,0,0.00,0.00,0.00,12.00,-0.12,1.00,0,0,0.00,0
2026-04-29 18:33:54,400.29,1,0,0,0,0,0,0,-0.20,0,1.00,4.91,2.10,0.14,0.59,D,0.00,12.00,6.59,12.00,1.69,^,-12.03,,20.20,12.20,504,0.00,47.7,1,0,0.00,0.00,0.00,12.00,-0.20,1.00,0,0,0.00,0
2026-04-29 18:33:55,401.29,1,0,0,0,0,0,0,0.01,0,1.00,4.91,2.10,2.67,1.00,D,0.00,12.00,6.80,12.00,1.39,^,0.44,,20.80,12.20,504,0.00,47.2,1,0,0.00,0.00,0.00,12.00,0.01,1.00,0,0,0.00,0
2026-04-29 18:33:56,402.29,1,0,0,0,0,0,0,0.19,0,1.00,4.91,2.10,3.85,1.00,D,0.00,12.00,12.00,12.00,1.69,^,11.69,,23.10,12.20,504,0.00,48.8,1,0,0.00,0.00,0.00,12.00,0.19,1.00,0,0,0.00,0
2026-04-29 18:33:57,403.29,1,0,0,0,0,0,0,0.06,0,1.00,4.91,2.10,3.85,1.00,D,0.00,12.00,12.00,12.00,2.24,^,3.43,,19.40,12.20,504,0.00,48.8,1,0,0.00,0.00,0.00,12.00,0.06,1.00,0,0,0.00,0
2026-04-29 18:33:58,404.30,1,0,0,0,0,0,0,0.22,0,1.00,4.91,2.11,4.02,1.00,D,0.00,12.00,12.00,12.00,2.42,^,13.14,,17.30,12.20,504,0.00,49.4,1,0,0.00,0.00,0.00,12.00,0.22,1.00,0,0,0.00,0
2026-04-29 18:33:59,405.30,1,0,0,0,0,0,0,-0.03,0,1.00,4.91,2.11,3.84,1.00,D,0.00,12.00,2.90,12.00,2.45,^,-1.77,,18.70,12.20,504,0.00,48.8,1,0,0.00,0.00,0.00,12.00,-0.03,1.00,0,0,0.00,0
2026-04-29 18:34:00,406.32,1,0,0,0,0,0,0,-0.18,0,1.00,4.91,2.12,3.86,1.00,D,0.00,12.00,2.47,12.00,2.58,^,-10.60,,18.30,12.20,504,0.00,49.4,1,0,0.00,0.00,0.00,12.00,-0.18,1.00,0,0,0.00,0
2026-04-29 18:34:01,407.32,1,0,0,0,0,0,0,-0.03,0,1.00,4.91,2.12,3.96,1.00,D,0.00,12.00,2.09,12.00,2.12,^,-2.09,,20.30,12.20,504,0.00,47.7,1,0,0.00,0.00,0.00,12.00,-0.03,1.00,0,0,0.00,0
2026-04-29 18:34:02,408.33,1,0,0,0,0,0,0,-0.15,0,1.00,4.91,2.13,3.99,1.00,D,0.00,12.00,2.70,12.00,2.15,^,-8.73,,22.80,12.20,504,0.00,48.8,1,0,0.00,0.00,0.00,12.00,-0.15,1.00,0,0,0.00,0
2026-04-29 18:34:03,409.34,1,0,0,0,0,0,0,0.02,0,1.00,4.91,2.13,4.03,1.00,D,0.00,12.00,12.00,12.00,2.81,^,1.16,,23.80,12.20,504,0.00,47.7,1,0,0.00,0.00,0.00,12.00,0.02,1.00,0,0,0.00,0
2026-04-29 18:34:04,410.36,1,0,0,0,0,0,0,-0.10,0,1.00,4.91,2.14,4.01,1.00,D,0.00,12.00,12.00,12.00,12.00,^,-6.10,,21.10,12.20,504,0.00,47.2,1,0,0.00,0.00,0.00,12.00,-0.10,1.00,0,0,0.00,0
2026-04-29 18:34:05,411.37,1,0,0,0,0,0,0,0.08,0,1.00,4.91,2.14,4.03,1.00,D,0.00,12.00,12.00,12.00,12.00,^,5.07,,24.70,12.20,504,0.00,48.8,1,0,0.00,0.00,0.00,12.00,0.08,1.00,0,0,0.00,0
2026-04-29 18:34:06,412.39,1,0,0,0,0,0,0,-0.08,0,1.00,4.91,2.14,4.05,1.00,D,0.00,12.00,12.00,12.00,12.00,^,-4.54,,21.20,12.20,504,0.00,48.8,1,0,0.00,0.00,0.00,12.00,-0.08,1.00,0,0,0.00,0
2026-04-29 18:34:07,413.40,1,0,0,0,0,0,0,0.07,0,1.00,4.91,2.15,4.04,1.00,D,0.00,12.00,12.00,12.00,12.00,^,4.36,,18.60,12.20,504,0.00,47.7,1,0,0.00,0.00,0.00,12.00,0.07,1.00,0,0,0.00,0
2026-04-29 18:34:08,414.41,1,0,0,0,0,0,0,-0.13,0,1.00,4.91,2.15,4.19,1.00,D,0.00,12.00,12.00,12.00,3.09,^,-8.08,,19.70,12.20,504,0.00,47.7,1,0,0.00,0.00,0.00,12.00,-0.13,1.00,0,0,0.00,0
2026-04-29 18:34:09,415.42,1,0,0,0,0,0,0,-0.04,0,1.00,4.91,2.16,4.14,1.00,D,0.00,12.00,12.00,12.00,12.00,^,-2.36,,20.60,12.20,504,0.00,49.9,1,0,0.00,0.00,0.00,12.00,-0.04,1.00,0,0,0.00,0
2026-04-29 18:34:10,416.43,0,0,0,0,0,0,0,-1.00,0,1.00,4.91,2.16,0.17,0.06,D,0.00,12.00,12.00,12.00,2.58,^,0.00,,16.20,12.20,504,0.07,49.4,1,0,0.00,0.00,0.00,12.00,0.00,0.00,0,0,0.00,0
2026-04-29 18:34:11,417.45,0,0,0,0,0,0,0,-1.00,0,1.00,4.91,2.15,0.03,0.56,D,0.00,12.00,12.00,12.00,1.35,^,0.00,,18.00,12.20,504,0.01,46.6,1,0,0.00,0.00,0.00,12.00,0.00,0.00,0,0,0.00,0
2026-04-29 18:34:12,418.46,1,0,0,0,0,0,0,0.09,0,1.00,4.91,2.15,1.62,0.87,D,0.00,12.00,12.00,12.00,0.89,^,5.53,,20.00,12.20,504,0.00,48.3,1,0,0.00,0.00,0.00,12.00,0.09,1.00,0,0,0.00,0
2026-04-29 18:34:13,419.47,1,0,0,0,0,0,0,0.36,0,1.00,4.91,2.15,4.00,1.00,D,0.00,12.00,12.00,12.00,1.07,^,21.74,,21.80,12.20,504,0.00,47.2,1,0,0.00,0.00,0.00,12.00,0.36,1.00,0,0,0.00,0
2026-04-29 18:34:14,420.48,1,0,0,0,0,0,0,0.02,0,1.00,4.91,2.16,4.02,1.00,D,0.00,12.00,12.00,12.00,1.74,^,0.99,,22.60,12.20,504,0.00,47.2,1,0,0.00,0.00,0.00,12.00,0.02,1.00,0,0,0.00,0
2026-04-29 18:34:15,421.49,0,0,0,0,0,0,0,-1.00,0,1.00,4.91,2.16,0.34,0.09,D,0.00,12.00,12.00,12.00,1.80,^,0.00,,21.00,12.20,504,0.01,47.7,1,0,0.00,0.00,0.00,12.00,0.00,0.00,0,0,0.00,0
2026-04-29 18:34:16,422.50,0,0,0,0,0,0,0,-1.00,0,1.00,4.91,2.15,0.11,0.60,D,0.00,12.00,12.00,12.00,1.13,^,0.00,,21.00,12.20,504,0.00,49.4,1,0,0.00,0.00,0.00,12.00,0.00,0.00,0,0,0.00,0
2026-04-29 18:34:17,423.51,0,0,0,0,0,0,0,0.00,0,0.00,4.91,2.15,1.37,0.62,D,0.00,12.00,12.00,12.00,0.93,^,0.00,,18.00,12.30,504,0.00,48.8,1,0,0.00,0.00,0.00,12.00,0.00,0.00,0,0,0.00,0
2026-04-29 18:34:18,424.52,1,0,0,0,0,0,0,0.10,0,1.00,4.91,2.15,1.02,0.67,D,0.00,12.00,12.00,12.00,0.90,^,5.75,,16.90,12.30,504,0.00,47.7,1,0,0.00,0.00,0.00,12.00,0.10,1.00,0,0,0.00,0
2026-04-29 18:34:19,425.52,1,0,0,0,0,0,0,-0.05,0,1.00,4.91,2.15,3.30,1.00,D,0.00,12.00,12.00,12.00,0.88,^,-3.30,,19.10,12.30,504,0.00,47.7,1,0,0.00,0.00,0.00,12.00,-0.05,1.00,0,0,0.00,0
2026-04-29 18:34:20,426.53,1,0,0,0,0,0,0,-0.28,0,1.00,4.91,2.15,3.99,1.00,D,0.00,12.00,1.65,12.00,1.53,^,-16.85,,18.40,12.30,504,0.00,49.4,1,0,0.00,0.00,0.00,12.00,-0.28,1.00,0,0,0.00,0
2026-04-29 18:34:21,427.55,1,0,0,0,0,0,0,-0.10,0,1.00,4.91,2.16,4.16,1.00,D,0.00,12.00,12.00,12.00,1.48,^,-5.96,,18.70,12.30,504,0.00,48.8,1,0,0.00,0.00,0.00,12.00,-0.10,1.00,0,0,0.00,0
2026-04-29 18:34:22,428.56,1,0,0,0,0,0,0,0.15,0,1.00,4.91,2.16,3.94,1.00,D,0.00,12.00,12.00,12.00,2.27,^,9.24,,20.20,12.30,504,0.00,47.7,1,0,0.00,0.00,0.00,12.00,0.15,1.00,0,0,0.00,0
2026-04-29 18:34:23,429.56,1,0,0,0,0,0,0,-0.12,0,1.00,4.91,2.16,3.87,1.00,D,0.00,12.00,2.27,12.00,2.69,^,-7.01,,18.90,12.30,504,0.00,48.8,1,0,0.00,0.00,0.00,12.00,-0.12,1.00,0,0,0.00,0
2026-04-29 18:34:24,430.57,1,0,0,0,0,0,0,-0.28,0,1.00,4.91,2.17,4.13,1.00,D,0.00,12.00,12.00,12.00,2.17,^,-17.02,,17.80,12.20,504,0.00,47.7,1,0,0.00,0.00,0.00,12.00,-0.28,1.00,0,0,0.00,0
2026-04-29 18:34:25,431.59,1,0,0,0,0,0,0,0.08,0,1.00,4.91,2.17,4.27,1.00,D,0.00,12.00,12.00,12.00,3.12,^,4.96,,20.50,12.30,504,0.00,49.9,1,0,0.00,0.00,0.00,12.00,0.08,1.00,0,0,0.00,0
2026-04-29 18:34:26,432.60,1,0,0,0,0,0,0,-0.17,0,1.00,4.91,2.18,4.24,1.00,D,0.00,12.00,12.00,12.00,12.00,^,-10.46,,19.30,12.30,504,0.00,48.8,1,0,0.00,0.00,0.00,12.00,-0.17,1.00,0,0,0.00,0
2026-04-29 18:34:27,433.60,1,0,0,0,0,0,0,0.08,0,1.00,4.91,2.18,4.16,1.00,D,0.00,12.00,12.00,12.00,3.35,^,4.56,,23.00,12.20,504,0.00,47.7,1,0,0.00,0.00,0.00,12.00,0.08,1.00,0,0,0.00,0
2026-04-29 18:34:28,434.62,1,0,0,0,0,0,0,-0.07,0,1.00,4.91,2.19,4.30,1.00,D,0.00,12.00,1.96,12.00,12.00,^,-4.14,,21.00,12.20,504,0.00,47.2,1,0,0.00,0.00,0.00,12.00,-0.07,1.00,0,0,0.00,0
2026-04-29 18:34:29,435.63,1,0,0,0,0,0,0,0.02,0,1.00,4.91,2.19,4.34,1.00,D,0.00,12.00,12.00,12.00,2.15,^,1.08,,22.30,12.20,504,0.00,48.3,1,0,0.00,0.00,0.00,12.00,0.02,1.00,0,0,0.00,0
2026-04-29 18:34:30,436.64,1,0,0,0,0,0,0,-0.10,0,1.00,4.91,2.20,4.27,1.00,D,0.00,12.00,12.00,12.00,12.00,^,-5.89,,22.10,12.20,504,0.00,47.2,1,0,0.00,0.00,0.00,12.00,-0.10,1.00,0,0,0.00,0
2026-04-29 18:34:31,437.65,1,0,0,0,0,0,0,0.03,0,1.00,4.91,2.20,4.36,1.00,D,0.00,12.00,12.00,12.00,12.00,^,1.71,,18.50,12.20,504,0.00,48.8,1,0,0.00,0.00,0.00,12.00,0.03,1.00,0,0,0.00,0
2026-04-29 18:34:32,438.76,1,0,0,0,0,0,0,0.10,0,1.00,4.91,2.21,4.30,1.00,D,0.00,12.00,12.00,12.00,12.00,^,5.83,,17.40,12.20,504,0.00,49.9,1,0,0.00,0.00,0.00,12.00,0.10,1.00,0,0,0.00,0
2026-04-29 18:34:33,439.66,1,0,0,0,0,0,0,-0.01,0,1.00,4.91,2.21,4.29,1.00,D,0.00,12.00,12.00,12.00,12.00,^,-0.89,,18.70,12.20,504,0.00,49.4,1,0,0.00,0.00,0.00,12.00,-0.01,1.00,0,0,0.00,0
2026-04-29 18:34:34,440.68,1,0,0,0,0,0,0,0.03,0,1.00,4.91,2.22,4.24,1.00,D,0.00,12.00,12.00,12.00,12.00,^,1.97,,18.20,12.20,504,0.00,50.5,1,0,0.00,0.00,0.00,12.00,0.03,1.00,0,0,0.00,0
2026-04-29 18:34:35,441.69,1,0,0,0,0,0,0,-0.34,0,1.00,4.91,2.22,4.11,1.00,D,0.00,12.00,2.38,12.00,12.00,^,-20.19,,20.00,12.20,504,0.00,49.4,1,0,0.00,0.00,0.00,12.00,-0.34,1.00,0,0,0.00,0
2026-04-29 18:34:36,442.71,1,0,0,0,0,0,0,-0.34,0,1.00,4.91,2.23,4.30,1.00,D,0.00,12.00,1.36,12.00,12.00,^,-20.63,,18.80,12.20,504,0.00,49.4,1,0,0.00,0.00,0.00,12.00,-0.34,1.00,0,0,0.00,0
2026-04-29 18:34:37,443.72,1,0,0,0,0,0,0,0.17,0,1.00,4.91,2.23,4.37,1.00,D,0.00,12.00,12.00,12.00,2.06,^,9.99,,17.80,12.20,504,0.00,49.4,1,0,0.00,0.00,0.00,12.00,0.17,1.00,0,0,0.00,0
2026-04-29 18:34:38,444.73,0,0,0,0,0,0,0,0.00,1,0.00,4.91,2.24,3.73,0.00,D,0.00,12.00,12.00,12.00,12.00,^,0.00,,19.70,12.20,504,0.00,48.3,1,0,0.00,0.00,0.00,12.00,0.00,0.00,0,0,0.00,0
2026-04-29 18:34:39,445.74,0,0,0,1,0,0,0,-1.00,0,0.00,4.91,2.23,0.00,0.00,N,0.00,12.00,12.00,12.00,12.00,^,0.00,,18.20,12.20,504,0.37,49.4,1,0,0.00,0.00,0.00,12.00,0.00,0.00,0,0,0.00,0
2026-04-29 18:34:40,446.75,0,0,0,1,0,0,0,-1.00,0,1.00,4.91,2.23,0.07,-0.46,R,0.00,12.00,12.00,12.00,3.48,^,0.00,,18.10,12.20,504,0.01,48.8,1,0,0.00,0.00,0.00,12.00,0.00,0.00,0,0,0.00,0
2026-04-29 18:34:41,447.77,0,0,0,0,0,0,0,-1.00,0,0.00,4.91,2.22,1.07,-0.76,R,0.00,12.00,12.00,12.00,2.52,^,0.00,,19.60,12.30,504,0.00,49.4,1,0,0.00,0.00,0.00,12.00,0.00,0.00,0,0,0.00,0
2026-04-29 18:34:43,448.88,0,0,1,0,0,0,0,1.00,0,1.00,4.91,2.22,0.41,0.20,D,0.00,12.00,12.00,1.70,12.00,^,0.00,,17.20,12.20,504,0.01,49.4,1,0,0.00,0.00,0.00,12.00,0.00,0.00,0,0,0.00,0
2026-04-29 18:34:43,449.79,0,0,0,0,0,0,0,1.00,0,1.00,4.91,2.22,0.72,0.70,D,0.00,12.00,12.00,1.17,12.00,^,0.00,,16.60,12.20,504,0.00,48.8,1,0,0.00,0.00,0.00,12.00,0.00,0.00,0,0,0.00,0
2026-04-29 18:34:45,450.90,0,0,0,0,0,0,0,0.00,1,0.00,4.91,2.22,3.06,0.00,D,0.00,0.64,12.00,0.68,12.00,STOP_WARNING,0.00,aeb_stop,18.50,12.20,504,0.00,49.9,1,1,0.00,0.00,0.00,0.64,0.00,0.00,0,0,0.00,0
2026-04-29 18:34:46,451.80,0,0,0,1,0,0,0,1.00,0,0.63,4.91,2.21,0.00,0.00,N,0.00,0.71,12.00,0.53,12.00,WARN_WARNING,0.00,,16.80,12.20,504,0.07,48.3,1,0,0.00,0.00,0.00,0.71,0.00,0.00,0,0,0.00,0
2026-04-29 18:34:47,452.82,0,0,0,1,0,0,0,1.00,0,0.09,4.91,2.21,0.19,-0.41,R,0.00,2.10,12.00,1.98,0.54,^,0.00,,18.00,12.20,504,0.01,48.3,1,0,0.00,0.00,0.00,2.10,0.00,0.00,0,0,0.00,0
2026-04-29 18:34:48,453.83,0,0,1,0,0,0,0,-0.12,0,1.00,4.91,2.20,0.00,0.26,D,0.00,2.17,12.00,2.00,0.83,^,0.00,,19.90,12.20,504,0.50,48.8,1,0,0.00,0.00,0.00,2.17,0.00,0.00,0,0,0.00,0
2026-04-29 18:34:49,454.85,0,0,0,0,0,0,0,0.00,0,1.00,4.91,2.20,0.60,0.77,D,0.00,12.00,12.00,1.96,0.55,^,0.00,,16.40,12.20,504,0.00,49.9,1,0,0.00,0.00,0.00,12.00,0.00,0.00,0,0,0.00,0
2026-04-29 18:34:50,455.85,0,0,0,0,0,0,0,0.00,0,1.00,4.91,2.20,2.89,0.90,D,0.00,12.00,12.00,1.45,0.74,^,0.00,,19.70,12.20,504,0.00,48.3,1,0,0.00,0.00,0.00,12.00,0.00,0.00,0,0,0.00,0
2026-04-29 18:34:51,456.96,1,0,0,0,0,0,0,0.28,0,1.00,4.91,2.20,3.72,1.00,D,0.00,12.00,12.00,1.53,1.19,^,16.86,,20.20,12.20,504,0.00,50.5,1,0,0.00,0.00,0.00,12.00,0.28,1.00,0,0,0.00,0
2026-04-29 18:34:52,457.97,1,0,0,0,0,0,0,-0.35,0,1.00,4.91,2.20,3.82,1.00,D,0.00,12.00,12.00,1.69,1.58,^,-21.15,,21.30,12.20,504,0.00,48.8,1,0,0.00,0.00,0.00,12.00,-0.35,1.00,0,0,0.00,0
2026-04-29 18:34:53,458.87,1,0,0,0,0,0,0,0.17,0,1.00,4.91,2.21,4.37,1.00,D,0.00,12.00,12.00,12.00,1.67,^,10.29,,25.40,12.30,504,0.00,48.8,1,0,0.00,0.00,0.00,12.00,0.17,1.00,0,0,0.00,0
2026-04-29 18:34:54,459.88,1,0,0,0,0,0,0,-0.07,0,1.00,4.91,2.21,4.16,1.00,D,0.00,12.00,12.00,12.00,1.82,^,-4.15,,21.80,12.30,504,0.00,47.7,1,0,0.00,0.00,0.00,12.00,-0.07,1.00,0,0,0.00,0
2026-04-29 18:34:55,460.90,1,0,0,0,0,0,0,0.13,0,1.00,4.91,2.22,4.08,1.00,D,0.00,12.00,12.00,12.00,1.94,^,7.68,,18.90,12.20,504,0.00,48.8,1,0,0.00,0.00,0.00,12.00,0.13,1.00,0,0,0.00,0
2026-04-29 18:34:56,461.91,1,0,0,0,0,0,0,-0.06,0,1.00,4.91,2.22,4.12,1.00,D,0.00,12.00,12.00,12.00,2.13,^,-3.77,,19.40,12.20,504,0.00,47.7,1,0,0.00,0.00,0.00,12.00,-0.06,1.00,0,0,0.00,0
2026-04-29 18:34:57,463.02,1,0,0,0,0,0,0,0.05,0,1.00,4.91,2.23,4.14,1.00,D,0.00,12.00,12.00,12.00,2.32,^,3.27,,17.00,12.20,504,0.00,48.8,1,0,0.00,0.00,0.00,12.00,0.05,1.00,0,0,0.00,0
2026-04-29 18:34:58,463.92,1,0,0,0,0,0,0,-0.09,0,1.00,4.91,2.23,4.16,1.00,D,0.00,12.00,12.00,2.27,2.49,^,-5.13,,16.40,12.20,504,0.00,49.4,1,0,0.00,0.00,0.00,12.00,-0.09,1.00,0,0,0.00,0
2026-04-29 18:34:59,465.03,1,0,0,0,0,0,0,-0.01,0,1.00,4.91,2.23,4.15,1.00,D,0.00,12.00,12.00,1.73,1.73,^,-0.57,,17.00,12.20,504,0.00,49.4,1,0,0.00,0.00,0.00,12.00,-0.01,1.00,0,0,0.00,0
2026-04-29 18:35:00,465.94,1,0,0,0,0,0,0,0.00,0,1.00,4.91,2.24,4.16,1.00,D,0.00,12.00,12.00,12.00,2.59,^,0.09,,24.10,12.20,504,0.00,48.8,1,0,0.00,0.00,0.00,12.00,0.00,1.00,0,0,0.00,0
2026-04-29 18:35:01,466.95,1,0,0,0,0,0,0,0.09,0,1.00,4.91,2.24,4.16,1.00,D,0.00,12.00,12.00,12.00,2.63,^,5.44,,21.40,12.20,504,0.00,48.3,1,0,0.00,0.00,0.00,12.00,0.09,1.00,0,0,0.00,0
2026-04-29 18:35:02,467.97,1,0,0,0,0,0,0,-0.06,0,1.00,4.91,2.25,4.19,1.00,D,0.00,12.00,12.00,12.00,2.58,^,-3.80,,23.60,12.20,504,0.00,47.7,1,0,0.00,0.00,0.00,12.00,-0.06,1.00,0,0,0.00,0
2026-04-29 18:35:03,469.08,1,0,0,0,0,0,0,0.15,0,1.00,4.91,2.25,4.07,1.00,D,0.00,12.00,12.00,12.00,2.58,^,9.29,,21.50,12.20,504,0.00,48.3,1,0,0.00,0.00,0.00,12.00,0.15,1.00,0,0,0.00,0
2026-04-29 18:35:04,469.98,1,0,0,0,0,0,0,0.02,0,1.00,4.91,2.26,4.28,1.00,D,0.00,12.00,12.00,2.00,2.57,^,1.29,,21.40,12.20,504,0.00,47.7,1,0,0.00,0.00,0.00,12.00,0.02,1.00,0,0,0.00,0
2026-04-29 18:35:05,471.00,1,0,0,0,0,0,0,-0.12,0,1.00,4.91,2.26,4.33,1.00,D,0.00,12.00,12.00,12.00,2.34,^,-7.03,,22.10,12.20,504,0.00,46.6,1,0,0.00,0.00,0.00,12.00,-0.12,1.00,0,0,0.00,0
2026-04-29 18:35:06,472.00,1,0,0,0,0,0,0,-0.10,0,1.00,4.91,2.26,4.73,1.00,D,0.00,12.00,12.00,1.67,2.70,^,-6.05,,21.40,12.20,504,0.00,47.7,1,0,0.00,0.00,0.00,12.00,-0.10,1.00,0,0,0.00,0
2026-04-29 18:35:07,473.01,1,0,0,0,0,0,0,0.12,0,1.00,4.91,2.27,4.27,1.00,D,0.00,12.00,12.00,12.00,1.54,^,7.11,,19.40,12.20,504,0.00,48.3,1,0,0.00,0.00,0.00,12.00,0.12,1.00,0,0,0.00,0
2026-04-29 18:35:08,474.02,0,0,0,0,0,0,0,0.00,0,0.00,4.91,2.27,0.62,0.00,D,0.00,12.00,12.00,12.00,2.54,^,0.00,,16.70,12.20,504,0.00,47.2,1,0,0.00,0.00,0.00,12.00,0.00,0.00,0,0,0.00,0
2026-04-29 18:35:09,475.13,1,0,0,0,0,0,0,0.34,0,1.00,4.91,2.27,0.01,0.46,D,0.00,12.00,12.00,12.00,1.48,^,20.33,,15.00,12.20,504,0.01,48.8,1,0,0.00,0.00,0.00,12.00,0.34,1.00,0,0,0.00,0
2026-04-29 18:35:10,476.04,1,0,0,0,0,0,0,-0.04,0,1.00,4.91,2.26,2.10,0.97,D,0.00,12.00,12.00,12.00,0.93,^,-2.23,,16.30,12.20,504,0.00,46.6,1,0,0.00,0.00,0.00,12.00,-0.04,1.00,0,0,0.00,0
2026-04-29 18:35:11,477.05,0,0,0,0,0,0,0,0.00,1,0.00,4.91,2.26,1.23,0.00,D,0.00,12.00,1.36,12.00,1.33,^,0.00,,17.50,12.20,504,0.00,48.8,1,0,0.00,0.00,0.00,12.00,0.00,0.00,0,0,0.00,0
2026-04-29 18:35:12,478.06,0,0,0,0,0,0,0,-1.00,0,1.00,4.91,2.26,0.56,0.35,D,0.00,12.00,1.32,12.00,1.30,^,0.00,,19.60,12.20,504,0.00,48.3,1,0,0.00,0.00,0.00,12.00,0.00,0.00,0,0,0.00,0
2026-04-29 18:35:13,479.07,0,0,0,0,0,0,0,-1.00,0,1.00,4.91,2.26,0.79,0.85,D,0.00,12.00,12.00,12.00,1.52,^,0.00,,18.90,12.20,504,0.00,48.3,1,0,0.00,0.00,0.00,12.00,0.00,0.00,0,0,0.00,0
2026-04-29 18:35:14,480.08,0,0,0,0,0,0,0,-1.00,0,1.00,4.91,2.26,3.55,1.00,D,0.00,12.00,12.00,12.00,1.86,^,0.00,,23.50,12.20,504,0.00,47.7,1,0,0.00,0.00,0.00,12.00,0.00,0.00,0,0,0.00,0
2026-04-29 18:35:15,481.19,0,0,0,0,0,0,0,0.11,0,0.00,4.91,2.26,3.10,0.76,D,0.00,1.08,12.00,1.08,12.00,WARN_WARNING,0.00,,22.10,12.20,504,0.00,47.2,1,0,0.00,0.00,0.00,1.08,0.00,0.00,0,0,0.00,0
2026-04-29 18:35:16,482.11,0,0,0,0,0,0,0,0.00,1,1.00,4.91,2.26,0.00,0.00,D,0.00,1.00,12.00,0.86,0.85,WARN_WARNING,0.00,,22.20,12.20,504,0.04,47.7,1,0,0.00,0.00,0.00,1.00,0.00,0.00,0,0,0.00,0
2026-04-29 18:35:17,483.12,0,0,0,0,0,0,0,0.00,1,1.00,4.91,2.25,0.00,0.00,D,0.00,1.00,12.00,0.89,0.86,WARN_WARNING,0.00,,18.10,12.20,504,1.05,48.8,1,0,0.00,0.00,0.00,1.00,0.00,0.00,0,0,0.00,0
2026-04-29 18:35:18,484.13,0,0,0,1,0,0,0,0.00,0,0.00,4.91,2.25,0.00,-0.22,R,0.00,12.00,12.00,0.91,0.86,^,0.00,,17.40,12.20,504,0.39,47.2,1,0,0.00,0.00,0.00,12.00,0.00,0.00,0,0,0.00,0
2026-04-29 18:35:19,485.14,0,0,1,0,0,0,0,-0.17,0,1.00,4.91,2.24,0.00,0.09,D,0.00,12.00,12.00,0.95,0.86,^,0.00,,18.10,12.20,504,1.40,48.8,1,0,0.00,0.00,0.00,12.00,0.00,0.00,0,0,0.00,0
2026-04-29 18:35:20,486.15,0,0,0,0,0,0,0,0.00,0,1.00,4.91,2.24,0.03,0.60,D,0.00,12.00,12.00,1.18,0.85,^,0.00,,17.30,12.20,504,0.06,48.3,1,0,0.00,0.00,0.00,12.00,0.00,0.00,0,0,0.00,0
2026-04-29 18:35:21,487.17,0,0,0,0,0,0,0,-0.48,0,1.00,4.91,2.24,1.43,1.00,D,0.00,12.00,12.00,1.31,1.11,^,0.00,,19.30,12.20,504,0.00,48.3,1,0,0.00,0.00,0.00,12.00,0.00,0.00,0,0,0.00,0
2026-04-29 18:35:22,488.18,0,0,0,0,0,0,0,-0.18,0,0.00,4.91,2.24,1.59,0.88,D,0.00,12.00,12.00,1.23,1.23,^,0.00,,20.90,12.20,504,0.00,47.7,1,0,0.00,0.00,0.00,12.00,0.00,0.00,0,0,0.00,0
2026-04-29 18:35:23,489.19,1,0,0,0,0,0,0,-0.31,0,1.00,4.91,2.24,3.68,1.00,D,0.00,12.00,12.00,12.00,1.62,^,-18.73,,20.90,12.20,504,0.00,48.8,1,0,0.00,0.00,0.00,12.00,-0.31,1.00,0,0,0.00,0
2026-04-29 18:35:24,490.20,1,0,0,0,0,0,0,0.01,0,1.00,4.91,2.24,4.33,0.01,D,0.00,12.00,12.00,12.00,2.31,^,0.80,,18.90,12.20,504,0.00,47.7,1,0,0.00,0.00,0.00,12.00,0.01,1.00,0,0,0.00,0
2026-04-29 18:35:25,491.21,0,0,0,0,0,0,0,0.00,0,0.00,4.91,2.24,2.43,0.00,D,0.00,12.00,12.00,12.00,2.27,^,0.00,,16.70,12.20,504,0.00,48.8,1,0,0.00,0.00,0.00,12.00,0.00,0.00,0,0,0.00,0
2026-04-29 18:35:26,492.22,1,0,0,0,0,0,0,0.38,0,1.00,4.91,2.24,1.53,0.31,D,0.00,12.00,12.00,12.00,1.87,^,22.79,,15.90,12.20,504,0.00,48.8,1,0,0.00,0.00,0.00,12.00,0.38,1.00,0,0,0.00,0
2026-04-29 18:35:27,493.23,1,0,0,0,0,0,0,-0.01,0,1.00,4.91,2.24,1.99,0.82,D,0.00,12.00,12.00,12.00,1.37,^,-0.65,,15.60,12.20,504,0.00,47.7,1,0,0.00,0.00,0.00,12.00,-0.01,1.00,0,0,0.00,0
2026-04-29 18:35:28,494.24,0,0,0,0,0,0,0,0.00,0,1.00,4.91,2.24,1.29,0.17,D,0.00,12.00,12.00,12.00,1.25,^,0.00,,19.10,12.20,504,0.00,48.3,1,0,0.00,0.00,0.00,12.00,0.00,0.00,0,0,0.00,0
2026-04-29 18:35:29,495.26,0,0,0,0,0,0,0,0.00,0,1.00,4.91,2.24,1.66,0.68,D,0.00,12.00,12.00,12.00,0.78,^,0.00,,20.30,12.20,504,0.00,48.3,1,0,0.00,0.00,0.00,12.00,0.00,0.00,0,0,0.00,0
2026-04-29 18:35:30,496.27,0,0,0,0,0,0,0,0.00,0,0.00,4.91,2.24,3.11,0.63,D,0.00,12.00,12.00,12.00,0.86,^,0.00,,20.60,12.20,504,0.00,47.7,1,0,0.00,0.00,0.00,12.00,0.00,0.00,0,0,0.00,0
2026-04-29 18:35:31,497.27,1,0,0,0,0,0,0,-0.39,0,1.00,4.91,2.24,3.01,0.82,D,0.00,12.00,12.00,12.00,1.01,^,-23.58,,16.70,12.30,504,0.00,47.7,1,0,0.00,0.00,0.00,12.00,-0.39,1.00,0,0,0.00,0
2026-04-29 18:35:32,498.28,1,0,0,0,0,0,0,0.14,0,1.00,4.91,2.24,4.19,1.00,D,0.00,12.00,12.00,12.00,1.26,^,8.38,,17.70,12.30,504,0.00,48.3,1,0,0.00,0.00,0.00,12.00,0.14,1.00,0,0,0.00,0
2026-04-29 18:35:33,499.30,1,0,0,0,0,0,0,-0.03,0,1.00,4.91,2.25,4.47,1.00,D,0.00,12.00,12.00,2.35,1.60,^,-1.79,,18.90,12.30,504,0.00,47.7,1,0,0.00,0.00,0.00,12.00,-0.03,1.00,0,0,0.00,0
2026-04-29 18:35:34,500.31,1,0,0,0,0,0,0,-0.02,0,1.00,4.91,2.25,4.45,1.00,D,0.00,12.00,12.00,2.23,1.88,^,-1.12,,17.40,12.20,504,0.00,48.3,1,0,0.00,0.00,0.00,12.00,-0.02,1.00,0,0,0.00,0
2026-04-29 18:35:35,501.32,1,0,0,0,0,0,0,0.03,0,1.00,4.91,2.26,4.53,1.00,D,0.00,12.00,12.00,2.47,2.20,^,2.00,,19.50,12.20,504,0.00,47.7,1,0,0.00,0.00,0.00,12.00,0.03,1.00,0,0,0.00,0
2026-04-29 18:35:36,502.33,1,0,0,0,0,0,0,-0.12,0,1.00,4.91,2.26,4.45,1.00,D,0.00,12.00,12.00,2.58,2.38,^,-7.06,,21.30,12.20,504,0.00,47.7,1,0,0.00,0.00,0.00,12.00,-0.12,1.00,0,0,0.00,0
2026-04-29 18:35:37,503.34,1,0,0,0,0,0,0,0.07,0,1.00,4.91,2.26,4.48,1.00,D,0.00,12.00,12.00,2.17,2.20,^,4.36,,23.10,12.20,504,0.00,48.3,1,0,0.00,0.00,0.00,12.00,0.07,1.00,0,0,0.00,0
2026-04-29 18:35:38,504.35,1,0,0,0,0,0,0,0.19,0,1.00,4.91,2.27,4.53,1.00,D,0.00,12.00,12.00,2.65,2.42,^,11.40,,22.20,12.20,504,0.00,46.6,1,0,0.00,0.00,0.00,12.00,0.19,1.00,0,0,0.00,0
2026-04-29 18:35:39,505.47,0,0,0,0,0,0,0,0.00,0,0.00,4.91,2.27,4.36,0.00,D,0.00,12.00,12.00,12.00,3.04,^,0.00,,22.90,12.20,504,0.00,46.6,1,0,0.00,0.00,0.00,12.00,0.00,0.00,0,0,0.00,0
2026-04-29 18:35:40,506.37,0,0,0,0,0,0,0,-1.00,0,0.49,4.91,2.28,3.19,0.01,D,0.00,12.00,12.00,12.00,3.25,^,0.00,,21.10,12.20,504,0.00,48.3,1,0,0.00,0.00,0.00,12.00,0.00,0.00,0,0,0.00,0
2026-04-29 18:35:41,507.37,0,0,0,0,0,0,0,0.00,0,0.58,4.91,2.28,2.27,0.51,D,0.00,12.00,12.00,12.00,2.61,^,0.00,,21.40,12.20,504,0.00,46.6,1,0,0.00,0.00,0.00,12.00,0.00,0.00,0,0,0.00,0
2026-04-29 18:35:42,508.39,1,0,0,0,0,0,0,-0.01,0,1.00,4.91,2.28,2.52,0.86,D,0.00,12.00,12.00,12.00,2.11,^,-0.88,,19.30,12.20,504,0.00,46.6,1,0,0.00,0.00,0.00,12.00,-0.01,1.00,0,0,0.00,0
2026-04-29 18:35:43,509.40,1,0,0,0,0,0,0,0.05,0,1.00,4.91,2.28,4.23,1.00,D,0.00,12.00,12.00,12.00,2.07,^,2.97,,21.30,12.20,504,0.00,47.7,1,0,0.00,0.00,0.00,12.00,0.05,1.00,0,0,0.00,0
2026-04-29 18:35:44,510.41,1,0,0,0,0,0,0,0.16,0,1.00,4.91,2.28,4.66,1.00,D,0.00,12.00,12.00,3.11,2.33,^,9.70,,20.50,12.20,504,0.00,48.3,1,0,0.00,0.00,0.00,12.00,0.16,1.00,0,0,0.00,0
2026-04-29 18:35:45,511.43,1,0,0,0,0,0,0,-0.23,0,1.00,4.91,2.29,4.45,1.00,D,0.00,12.00,12.00,2.39,2.50,^,-13.63,,22.40,12.20,504,0.00,46.1,1,0,0.00,0.00,0.00,12.00,-0.23,1.00,0,0,0.00,0
2026-04-29 18:35:46,512.44,1,0,0,0,0,0,0,0.36,0,1.00,4.91,2.29,4.28,1.00,D,0.00,12.00,12.00,2.40,2.81,^,21.46,,20.60,12.20,504,0.00,46.1,1,0,0.00,0.00,0.00,12.00,0.36,1.00,0,0,0.00,0
2026-04-29 18:35:47,513.55,1,0,0,0,0,0,0,-0.14,0,1.00,4.91,2.30,4.33,1.00,D,0.00,3.45,12.00,2.15,2.19,^,-8.34,,22.20,12.20,504,0.00,46.1,1,0,0.00,0.00,0.00,3.45,-0.14,1.00,0,0,0.00,0
2026-04-29 18:35:48,514.46,1,0,0,0,0,0,0,-0.42,0,0.50,4.91,2.30,4.23,0.79,D,0.00,1.71,12.00,12.00,2.67,WARN_WARNING,-25.33,lidar_override,21.40,12.20,504,0.00,46.1,1,0,0.00,0.00,0.00,1.71,0.02,1.00,0,0,0.00,0
2026-04-29 18:35:49,515.47,0,0,0,0,0,0,0,0.00,1,1.00,4.91,2.30,0.00,0.00,D,0.00,0.67,12.00,0.51,0.54,WARN_WARNING,0.00,,18.60,12.20,504,0.25,47.2,1,0,0.00,0.00,0.00,0.67,0.00,0.00,0,0,0.00,0
2026-04-29 18:35:50,516.48,0,0,0,0,0,0,0,0.00,1,0.00,4.91,2.30,0.00,0.00,D,0.00,0.13,12.00,0.09,0.09,STOP_WARNING,0.00,aeb_stop,22.80,12.20,504,1.26,48.3,1,1,0.00,0.00,0.00,0.13,0.00,0.00,0,0,0.00,0
2026-04-29 18:35:51,517.50,0,0,0,0,0,0,0,0.00,1,0.00,4.91,2.29,0.00,0.00,D,0.00,0.13,12.00,0.09,0.09,STOP_WARNING,0.00,aeb_stop,13.40,12.20,504,0.27,48.8,1,1,0.00,0.00,0.00,0.13,0.00,0.00,0,0,0.00,0
2026-04-29 18:35:52,518.51,0,0,0,0,0,0,0,0.00,1,0.00,4.91,2.29,0.00,0.00,D,0.00,0.13,12.00,0.09,0.09,STOP_WARNING,0.00,aeb_stop,15.50,12.20,504,1.28,47.2,1,1,0.00,0.00,0.00,0.13,0.00,0.00,0,0,0.00,0
2026-04-29 18:35:53,519.52,0,0,0,0,0,0,0,0.00,1,0.00,4.91,2.28,0.00,0.00,D,0.00,0.03,0.03,0.03,0.07,STOP_WARNING,0.00,aeb_stop,15.00,12.20,504,2.29,48.3,1,1,0.00,0.00,0.00,0.03,0.00,0.00,0,0,0.00,0
2026-04-29 18:35:54,520.53,0,0,0,0,0,0,0,0.00,1,0.00,4.91,2.28,0.00,0.00,D,0.00,0.02,0.03,0.03,0.03,STOP_WARNING,0.00,aeb_stop,13.50,12.20,504,0.31,48.3,1,1,0.00,0.00,0.00,0.02,0.00,0.00,0,0,0.00,0
2026-04-29 18:35:55,521.55,0,0,0,0,0,0,0,0.00,1,0.00,4.91,2.27,0.00,0.00,D,0.00,0.02,0.03,0.03,0.05,STOP_WARNING,0.00,aeb_stop,18.10,12.20,504,1.33,48.8,1,1,0.00,0.00,0.00,0.02,0.00,0.00,0,0,0.00,0
2026-04-29 18:35:56,522.56,0,0,0,0,0,0,0,0.00,1,0.00,4.91,2.27,0.00,0.00,D,0.00,0.05,0.03,0.03,0.03,STOP_WARNING,0.00,aeb_stop,18.60,12.20,504,0.42,47.7,1,1,0.00,0.00,0.00,0.05,0.00,0.00,0,0,0.00,0
2026-04-29 18:35:57,523.58,0,0,0,0,0,0,0,0.00,1,0.00,4.91,2.26,0.00,0.00,D,0.00,0.31,0.30,12.00,0.26,STOP_WARNING,0.00,aeb_stop,16.60,12.20,504,0.89,47.2,1,1,0.00,0.00,0.00,0.31,0.00,0.00,0,0,0.00,0
2026-04-29 18:35:58,524.59,0,0,0,0,0,0,0,0.00,1,0.00,4.91,2.26,0.00,0.00,D,0.00,0.27,12.00,12.00,0.16,STOP_WARNING,0.00,aeb_stop,18.40,12.20,504,0.15,46.1,1,1,0.00,0.00,0.00,0.27,0.00,0.00,0,0,0.00,0
2026-04-29 18:35:59,525.70,0,0,0,0,0,0,0,0.00,1,0.00,4.91,2.26,0.00,0.00,D,0.00,0.30,0.17,0.03,0.03,STOP_WARNING,0.00,aeb_stop,18.60,12.20,504,1.26,46.6,1,1,0.00,0.00,0.00,0.30,0.00,0.00,0,0,0.00,0
2026-04-29 18:36:00,526.61,0,0,0,0,0,0,0,0.00,1,0.00,4.91,2.25,0.00,0.00,D,0.00,0.34,0.12,0.21,0.11,STOP_WARNING,0.00,aeb_stop,16.90,12.20,504,2.17,46.1,1,1,0.00,0.00,0.00,0.34,0.00,0.00,0,0,0.00,0
2026-04-29 18:36:01,527.62,0,0,0,0,0,0,0,0.00,1,0.00,4.91,2.25,0.00,0.00,D,0.00,0.31,12.00,0.31,0.11,STOP_WARNING,0.00,aeb_stop,19.20,12.20,504,0.92,45.5,1,1,0.00,0.00,0.00,0.31,0.00,0.00,0,0,0.00,0
2026-04-29 18:36:02,528.73,0,0,0,0,0,0,0,0.00,1,0.00,4.91,2.24,0.00,0.00,D,0.00,0.29,12.00,0.31,0.02,STOP_WARNING,0.00,aeb_stop,17.00,12.20,504,0.11,47.2,1,1,0.00,0.00,0.00,0.29,0.00,0.00,0,0,0.00,0
2026-04-29 18:36:03,529.64,0,0,0,0,0,0,0,0.00,1,0.00,4.91,2.24,0.00,0.00,D,0.00,0.30,0.21,0.30,0.21,STOP_WARNING,0.00,aeb_stop,18.40,12.20,504,1.02,47.7,1,1,0.00,0.00,0.00,0.30,0.00,0.00,0,0,0.00,0
2026-04-29 18:36:04,530.65,0,0,0,0,0,0,0,0.00,1,0.00,4.91,2.23,0.00,0.00,D,0.00,0.23,0.26,0.27,0.09,STOP_WARNING,0.00,aeb_stop,16.50,12.20,504,2.03,46.6,1,1,0.00,0.00,0.00,0.23,0.00,0.00,0,0,0.00,0
2026-04-29 18:36:05,531.66,0,0,0,0,0,0,0,0.00,1,0.00,4.91,2.23,0.00,0.00,D,0.00,0.22,0.24,0.25,0.10,STOP_WARNING,0.00,aeb_stop,14.70,12.20,504,3.04,47.7,1,1,0.00,0.00,0.00,0.22,0.00,0.00,0,0,0.00,0
2026-04-29 18:36:06,532.68,0,0,0,0,0,0,0,0.00,1,0.00,4.91,2.23,0.00,0.00,D,0.00,0.22,0.24,0.12,0.11,STOP_WARNING,0.00,aeb_stop,14.70,12.20,504,4.06,46.6,1,1,0.00,0.00,0.00,0.22,0.00,0.00,0,0,0.00,0
2026-04-29 18:36:07,533.79,0,0,0,0,0,0,0,0.00,1,0.00,4.91,2.22,0.00,0.00,D,0.00,0.20,0.23,0.21,0.09,STOP_WARNING,0.00,aeb_stop,15.50,12.20,504,5.17,47.2,1,1,0.00,0.00,0.00,0.20,0.00,0.00,0,0,0.00,0
2026-04-29 18:36:08,534.79,0,0,0,0,0,0,0,0.00,1,0.00,4.91,2.22,0.00,0.00,D,0.00,0.25,0.28,12.00,0.29,STOP_WARNING,0.00,aeb_stop,15.60,12.20,504,6.17,47.7,1,1,0.00,0.00,0.00,0.25,0.00,0.00,0,0,0.00,0
2026-04-29 18:36:10,535.79,0,0,0,0,0,0,0,0.00,1,0.00,4.91,2.21,0.00,0.00,D,0.00,0.36,0.30,12.00,0.13,STOP_WARNING,0.00,aeb_stop,17.90,12.20,504,7.18,47.7,1,1,0.00,0.00,0.00,0.36,0.00,0.00,0,0,0.00,0
2026-04-29 18:36:10,536.69,0,0,0,0,0,0,0,0.00,1,0.00,4.91,2.21,0.00,0.00,D,0.00,12.00,0.21,12.00,0.19,^,0.00,,18.50,12.20,504,0.07,46.6,1,0,0.00,0.00,0.00,12.00,0.00,0.00,0,0,0.00,0
2026-04-29 18:36:11,537.71,0,0,0,0,0,0,0,0.00,1,0.00,4.91,2.21,0.00,0.00,D,0.00,12.00,0.35,12.00,0.13,^,0.00,,17.40,12.20,504,0.17,46.1,1,0,0.00,0.00,0.00,12.00,0.00,0.00,0,0,0.00,0
2026-04-29 18:36:12,538.71,0,0,0,0,0,0,0,0.00,1,0.00,4.91,2.20,0.00,0.00,D,0.00,12.00,0.39,12.00,0.16,^,0.00,,18.20,12.20,504,0.27,47.2,1,0,0.00,0.00,0.00,12.00,0.00,0.00,0,0,0.00,0
2026-04-29 18:36:13,539.72,0,0,0,0,0,0,0,0.00,1,0.00,4.91,2.20,0.00,0.00,D,0.00,12.00,0.38,12.00,0.17,^,0.00,,18.20,12.20,504,0.13,47.2,1,0,0.00,0.00,0.00,12.00,0.00,0.00,0,0,0.00,0
2026-04-29 18:36:14,540.72,0,0,0,0,0,0,0,0.00,1,0.00,4.91,2.19,0.00,0.00,D,0.00,12.00,0.36,12.00,0.11,^,0.00,,17.10,12.20,504,0.20,46.6,1,0,0.00,0.00,0.00,12.00,0.00,0.00,0,0,0.00,0
2026-04-29 18:36:15,541.73,0,0,0,0,0,0,0,0.00,1,0.00,4.91,2.19,0.00,0.00,D,0.00,0.30,0.31,0.05,0.10,STOP_WARNING,0.00,aeb_stop,17.90,12.20,504,0.23,46.6,1,1,0.00,0.00,0.00,0.30,0.00,0.00,0,0,0.00,0
2026-04-29 18:36:16,542.74,0,0,0,0,0,0,0,0.00,1,0.00,4.91,2.18,0.00,0.00,D,0.00,0.29,0.30,0.04,0.10,STOP_WARNING,0.00,aeb_stop,19.90,12.20,504,0.08,47.7,1,1,0.00,0.00,0.00,0.29,0.00,0.00,0,0,0.00,0
2026-04-29 18:36:17,543.76,0,0,0,0,0,0,0,0.00,1,0.00,4.91,2.18,0.00,0.00,D,0.00,0.29,0.29,0.05,0.14,STOP_WARNING,0.00,aeb_stop,14.10,12.20,504,0.63,46.6,1,1,0.00,0.00,0.00,0.29,0.00,0.00,0,0,0.00,0
2026-04-29 18:36:18,544.77,0,0,0,0,0,0,0,0.00,1,0.00,4.91,2.18,0.00,0.00,D,0.00,0.28,0.28,0.07,0.15,STOP_WARNING,0.00,aeb_stop,14.00,12.20,504,0.14,47.2,1,1,0.00,0.00,0.00,0.28,0.00,0.00,0,0,0.00,0
2026-04-29 18:36:19,545.78,0,0,0,0,0,0,0,0.00,1,0.00,4.91,2.17,0.00,0.00,D,0.00,0.09,0.26,0.06,0.13,STOP_WARNING,0.00,aeb_stop,15.60,12.20,504,1.15,47.7,1,1,0.00,0.00,0.00,0.09,0.00,0.00,0,0,0.00,0
2026-04-29 18:36:21,546.79,0,0,0,0,0,0,0,0.00,1,0.00,4.91,2.17,0.00,0.00,D,0.00,0.26,0.26,0.06,0.14,STOP_WARNING,0.00,aeb_stop,15.90,12.20,504,0.06,47.2,1,1,0.00,0.00,0.00,0.26,0.00,0.00,0,0,0.00,0
2026-04-29 18:36:22,547.81,0,0,0,0,0,0,0,0.00,1,0.00,4.91,2.16,0.00,0.00,D,0.00,0.26,0.26,0.06,0.14,STOP_WARNING,0.00,aeb_stop,16.80,12.20,504,0.11,46.6,1,1,0.00,0.00,0.00,0.26,0.00,0.00,0,0,0.00,0
2026-04-29 18:36:23,548.81,0,0,0,0,0,0,0,0.00,1,0.00,4.91,2.16,0.00,0.00,D,0.00,0.26,0.25,0.06,0.13,STOP_WARNING,0.00,aeb_stop,16.80,12.10,504,0.34,47.2,1,1,0.00,0.00,0.00,0.26,0.00,0.00,0,0,0.00,0
2026-04-29 18:36:24,549.82,0,0,0,0,0,0,0,0.00,1,0.00,4.91,2.16,0.00,0.00,D,0.00,0.26,0.26,0.06,0.13,STOP_WARNING,0.00,aeb_stop,14.90,12.20,504,1.35,46.1,1,1,0.00,0.00,0.00,0.26,0.00,0.00,0,0,0.00,0
2026-04-29 18:36:25,550.83,0,0,0,0,0,0,0,0.00,1,0.00,4.91,2.15,0.00,0.00,D,0.00,0.26,0.25,0.06,0.12,STOP_WARNING,0.00,aeb_stop,16.60,12.20,504,0.35,47.2,1,1,0.00,0.00,0.00,0.26,0.00,0.00,0,0,0.00,0
2026-04-29 18:36:26,551.84,0,0,0,0,0,0,0,0.00,1,0.00,4.91,2.15,0.00,0.00,D,0.00,0.26,0.26,0.05,0.13,STOP_WARNING,0.00,aeb_stop,17.10,12.20,504,0.14,48.3,1,1,0.00,0.00,0.00,0.26,0.00,0.00,0,0,0.00,0
2026-04-29 18:36:27,552.85,0,0,0,0,0,0,0,0.00,1,0.00,4.91,2.14,0.00,0.00,D,0.00,0.10,0.26,0.07,0.13,STOP_WARNING,0.00,aeb_stop,14.50,12.10,504,0.86,47.7,1,1,0.00,0.00,0.00,0.10,0.00,0.00,0,0,0.00,0
2026-04-29 18:36:28,553.96,0,0,0,0,0,0,0,0.00,1,0.00,4.91,2.14,0.00,0.00,D,0.00,0.09,0.26,0.06,0.12,STOP_WARNING,0.00,aeb_stop,14.60,12.10,504,0.16,46.6,1,1,0.00,0.00,0.00,0.09,0.00,0.00,0,0,0.00,0
2026-04-29 18:36:29,554.87,0,0,0,0,0,0,0,0.00,1,0.00,4.91,2.14,0.00,0.00,D,0.00,0.08,0.26,0.06,0.18,STOP_WARNING,0.00,aeb_stop,15.70,12.20,504,1.07,47.2,1,1,0.00,0.00,0.00,0.08,0.00,0.00,0,0,0.00,0
2026-04-29 18:36:30,555.88,0,0,0,0,0,0,0,0.00,1,0.00,4.91,2.13,0.00,0.00,D,0.00,0.08,0.25,0.06,0.18,STOP_WARNING,0.00,aeb_stop,13.90,12.20,504,2.08,46.6,1,1,0.00,0.00,0.00,0.08,0.00,0.00,0,0,0.00,0
2026-04-29 18:36:31,556.90,0,0,0,0,0,0,0,0.00,1,0.00,4.91,2.13,0.00,0.00,D,0.00,0.25,0.25,0.06,0.12,STOP_WARNING,0.00,aeb_stop,15.10,12.20,504,0.50,47.7,1,1,0.00,0.00,0.00,0.25,0.00,0.00,0,0,0.00,0
2026-04-29 18:36:32,557.91,0,0,0,0,0,0,0,0.00,1,0.00,4.91,2.13,0.00,0.00,D,0.00,0.11,0.24,0.08,0.11,STOP_WARNING,0.00,aeb_stop,20.00,12.20,504,0.10,47.7,1,1,0.00,0.00,0.00,0.11,0.00,0.00,0,0,0.00,0
2026-04-29 18:36:33,558.92,0,0,0,0,0,0,0,0.00,1,0.00,4.91,2.12,0.00,0.00,D,0.00,0.26,0.20,0.07,0.06,STOP_WARNING,0.00,aeb_stop,16.70,12.20,504,0.63,45.5,1,1,0.00,0.00,0.00,0.26,0.00,0.00,0,0,0.00,0
2026-04-29 18:36:34,560.03,0,0,0,0,0,0,0,0.00,1,0.00,4.91,2.12,0.00,0.00,D,0.00,0.28,0.27,0.11,0.18,STOP_WARNING,0.00,aeb_stop,18.10,12.20,504,1.74,46.6,1,1,0.00,0.00,0.00,0.28,0.00,0.00,0,0,0.00,0
2026-04-29 18:36:35,560.94,0,0,0,0,0,0,0,0.00,1,0.00,4.91,2.11,0.00,0.00,D,0.00,12.00,0.25,0.17,0.05,^,0.00,,19.00,12.20,504,0.39,46.6,1,0,0.00,0.00,0.00,12.00,0.00,0.00,0,0,0.00,0
2026-04-29 18:36:36,561.95,0,0,0,0,0,0,0,0.00,1,0.00,4.91,2.11,0.00,0.00,D,0.00,12.00,0.28,0.20,0.03,^,0.00,,17.00,12.20,504,0.55,46.1,1,0,0.00,0.00,0.00,12.00,0.00,0.00,0,0,0.00,0
2026-04-29 18:36:37,562.96,0,0,0,0,0,0,0,0.00,1,0.00,4.91,2.11,0.00,0.00,D,0.00,12.00,12.00,0.17,0.07,^,0.00,,17.40,12.20,504,0.18,46.6,1,0,0.00,0.00,0.00,12.00,0.00,0.00,0,0,0.00,0
2026-04-29 18:36:38,564.07,0,0,0,0,0,0,0,0.00,1,0.00,4.91,2.10,0.00,0.00,D,0.00,0.22,0.30,0.17,0.13,STOP_WARNING,0.00,aeb_stop,18.00,12.20,504,0.09,46.6,1,1,0.00,0.00,0.00,0.22,0.00,0.00,0,0,0.00,0
2026-04-29 18:36:39,564.97,0,0,0,0,0,0,0,0.00,1,0.00,4.91,2.10,0.00,0.00,D,0.00,0.19,0.28,0.17,0.13,STOP_WARNING,0.00,aeb_stop,16.30,12.20,504,0.22,46.6,1,1,0.00,0.00,0.00,0.19,0.00,0.00,0,0,0.00,0
2026-04-29 18:36:40,566.09,0,0,0,0,0,0,0,0.00,1,0.00,4.91,2.09,0.00,0.00,D,0.00,0.20,0.27,0.18,0.13,STOP_WARNING,0.00,aeb_stop,16.80,12.20,504,0.79,46.1,1,1,0.00,0.00,0.00,0.20,0.00,0.00,0,0,0.00,0
2026-04-29 18:36:41,566.99,0,0,0,0,0,0,0,0.00,1,0.00,4.91,2.09,0.00,0.00,D,0.00,0.20,0.27,0.14,0.07,STOP_WARNING,0.00,aeb_stop,17.80,12.20,504,0.00,46.6,1,1,0.00,0.00,0.00,0.20,0.00,0.00,0,0,0.00,0
2026-04-29 18:36:42,568.10,0,0,0,0,0,0,0,0.00,1,0.00,4.91,2.09,0.00,0.00,D,0.00,0.19,0.29,0.15,0.14,STOP_WARNING,0.00,aeb_stop,17.40,12.20,504,0.15,46.6,1,1,0.00,0.00,0.00,0.19,0.00,0.00,0,0,0.00,0
2026-04-29 18:36:43,569.01,0,0,0,0,0,0,0,0.00,1,0.00,4.91,2.08,0.00,0.00,D,0.00,0.15,12.00,0.12,0.29,STOP_WARNING,0.00,aeb_stop,18.50,12.20,504,1.05,45.5,1,1,0.00,0.00,0.00,0.15,0.00,0.00,0,0,0.00,0
2026-04-29 18:36:44,570.02,0,0,0,0,0,0,0,0.00,1,0.00,4.91,2.08,0.00,0.00,D,0.00,12.00,12.00,12.00,0.59,^,0.00,,17.50,12.20,504,2.06,46.6,1,0,0.00,0.00,0.00,12.00,0.00,0.00,0,0,0.00,0
2026-04-29 18:36:45,571.03,0,0,0,0,0,0,0,0.00,1,0.00,4.91,2.08,0.00,0.00,D,0.00,12.00,12.00,12.00,1.07,^,0.00,,16.70,12.20,504,3.08,46.1,1,0,0.00,0.00,0.00,12.00,0.00,0.00,0,0,0.00,0
2026-04-29 18:36:46,572.04,0,0,0,0,0,0,0,0.00,1,0.00,4.91,2.07,0.00,0.00,D,0.00,12.00,12.00,12.00,1.07,^,0.00,,15.00,12.20,504,4.09,45.5,1,0,0.00,0.00,0.00,12.00,0.00,0.00,0,0,0.00,0
2026-04-29 18:36:47,573.06,0,0,0,0,0,0,0,0.00,1,0.00,4.91,2.07,0.00,0.00,D,0.00,12.00,12.00,12.00,0.72,^,0.00,,17.30,12.20,504,5.10,46.6,1,0,0.00,0.00,0.00,12.00,0.00,0.00,0,0,0.00,0
2026-04-29 18:36:48,574.07,0,0,0,0,0,0,0,0.00,1,0.00,4.91,2.07,0.00,0.00,D,0.00,12.00,12.00,12.00,0.70,^,0.00,,17.10,12.20,504,6.11,46.1,1,0,0.00,0.00,0.00,12.00,0.00,0.00,0,0,0.00,0
2026-04-29 18:36:49,575.08,0,0,0,0,0,0,0,0.00,1,0.00,4.91,2.06,0.00,0.00,D,0.00,12.00,12.00,12.00,0.71,^,0.00,,17.10,12.20,504,7.12,46.1,1,0,0.00,0.00,0.00,12.00,0.00,0.00,0,0,0.00,0
2026-04-29 18:36:50,576.09,0,0,0,0,0,0,0,0.00,1,0.00,4.91,2.06,0.00,0.00,D,0.00,12.00,12.00,12.00,0.72,^,0.00,,16.30,12.20,504,8.13,45.0,1,0,0.00,0.00,0.00,12.00,0.00,0.00,0,0,0.00,0
2026-04-29 18:36:51,577.10,0,0,0,0,0,0,0,0.00,1,0.00,4.91,2.05,0.00,0.00,D,0.00,12.00,12.00,12.00,0.56,^,0.00,,15.50,12.20,504,9.14,46.1,1,0,0.00,0.00,0.00,12.00,0.00,0.00,0,0,0.00,0
2026-04-29 18:36:52,578.21,0,0,0,0,0,0,0,0.00,1,0.00,4.91,2.05,0.00,0.00,D,0.00,12.00,12.00,12.00,0.25,^,0.00,,16.90,12.20,504,10.26,46.6,1,0,0.00,0.00,0.00,12.00,0.00,0.00,0,0,0.00,0
2026-04-29 18:36:53,579.12,0,0,0,0,0,0,0,0.00,1,0.00,4.91,2.05,0.00,0.00,D,0.00,12.00,12.00,12.00,0.18,^,0.00,,17.60,12.20,504,0.00,46.1,1,0,0.00,0.00,0.00,12.00,0.00,0.00,0,0,0.00,0
2026-04-29 18:36:54,580.13,0,0,0,0,0,0,0,0.00,1,0.00,4.91,2.04,0.00,0.00,D,0.00,12.00,12.00,12.00,0.20,^,0.00,,16.80,12.20,504,0.42,45.0,1,0,0.00,0.00,0.00,12.00,0.00,0.00,0,0,0.00,0
2026-04-29 18:36:55,581.14,0,0,0,0,0,0,0,0.00,1,0.00,4.91,2.04,0.00,0.00,D,0.00,12.00,12.00,12.00,0.20,^,0.00,,17.90,12.10,504,0.01,46.1,1,0,0.00,0.00,0.00,12.00,0.00,0.00,0,0,0.00,0
2026-04-29 18:36:56,582.15,0,0,0,0,0,0,0,0.00,1,0.00,4.91,2.04,0.00,0.00,D,0.00,12.00,12.00,12.00,0.20,^,0.00,,16.70,12.20,504,0.43,47.2,1,0,0.00,0.00,0.00,12.00,0.00,0.00,0,0,0.00,0
2026-04-29 18:36:57,583.27,0,0,0,0,0,0,0,0.00,1,0.00,4.91,2.03,0.00,0.00,D,0.00,12.00,12.00,12.00,0.17,^,0.00,,12.80,12.10,504,0.01,46.6,1,0,0.00,0.00,0.00,12.00,0.00,0.00,0,0,0.00,0
2026-04-29 18:36:58,584.17,0,0,0,0,0,0,0,0.00,1,0.00,4.91,2.03,0.00,0.00,D,0.00,12.00,12.00,12.00,0.24,^,0.00,,15.00,12.10,504,0.20,47.7,1,0,0.00,0.00,0.00,12.00,0.00,0.00,0,0,0.00,0
2026-04-29 18:36:59,585.19,0,0,0,0,0,0,0,0.00,1,0.00,4.91,2.03,0.00,0.00,D,0.00,12.00,12.00,12.00,0.24,^,0.00,,13.60,12.20,504,0.99,48.8,1,0,0.00,0.00,0.00,12.00,0.00,0.00,0,0,0.00,0
2026-04-29 18:37:00,586.19,0,0,0,0,0,0,0,0.00,1,0.00,4.91,2.02,0.00,0.00,D,0.00,12.00,12.00,12.00,0.27,^,0.00,,12.40,12.20,504,2.00,48.3,1,0,0.00,0.00,0.00,12.00,0.00,0.00,0,0,0.00,0
2026-04-29 18:37:01,587.20,0,0,0,0,0,0,0,0.00,1,0.00,4.91,2.02,0.00,0.00,D,0.00,12.00,12.00,12.00,0.22,^,0.00,,17.30,12.10,504,0.08,46.1,1,0,0.00,0.00,0.00,12.00,0.00,0.00,0,0,0.00,0
2026-04-29 18:37:02,588.31,0,0,0,0,0,0,0,0.00,1,0.00,4.91,2.02,0.00,0.00,D,0.00,12.00,12.00,12.00,0.14,^,0.00,,15.40,12.20,504,1.08,46.1,1,0,0.00,0.00,0.00,12.00,0.00,0.00,0,0,0.00,0
2026-04-29 18:37:03,589.22,0,0,0,0,0,0,0,0.00,1,0.00,4.91,2.01,0.00,0.00,D,0.00,12.00,12.00,12.00,0.55,^,0.00,,12.40,12.20,504,1.99,47.7,1,0,0.00,0.00,0.00,12.00,0.00,0.00,0,0,0.00,0
2026-04-29 18:37:04,590.23,0,0,0,0,0,0,0,-0.46,1,1.00,4.91,2.01,0.00,0.00,D,0.00,12.00,12.00,12.00,1.06,^,0.00,,13.90,12.20,504,0.11,46.1,1,0,0.00,0.00,0.00,12.00,0.00,0.00,0,0,0.00,0
2026-04-29 18:37:05,591.25,0,0,1,0,0,0,0,-0.10,0,1.00,4.91,2.01,0.00,0.05,D,0.00,12.00,12.00,12.00,1.07,^,0.00,,15.60,12.20,504,1.12,46.6,1,0,0.00,0.00,0.00,12.00,0.00,0.00,0,0,0.00,0
2026-04-29 18:37:06,592.26,0,0,0,0,0,0,0,-0.89,0,1.00,4.91,2.00,0.03,0.56,D,0.00,12.00,12.00,12.00,1.07,^,0.00,,14.20,12.20,504,0.03,48.3,1,0,0.00,0.00,0.00,12.00,0.00,0.00,0,0,0.00,0
2026-04-29 18:37:07,593.27,0,0,0,0,0,0,0,-1.00,0,1.00,4.91,2.00,1.86,1.00,D,0.00,12.00,12.00,12.00,1.30,^,0.00,,15.30,12.20,504,0.00,47.2,1,0,0.00,0.00,0.00,12.00,0.00,0.00,0,0,0.00,0
2026-04-29 18:37:08,594.29,0,0,0,0,0,0,0,0.00,0,1.00,4.91,2.00,3.71,1.00,D,0.00,12.00,12.00,12.00,2.19,^,0.00,,21.40,12.20,504,0.00,46.1,1,0,0.00,0.00,0.00,12.00,0.00,0.00,0,0,0.00,0
2026-04-29 18:37:09,595.30,0,0,0,0,0,0,0,0.00,0,1.00,4.91,2.00,3.81,1.00,D,0.00,12.00,12.00,0.72,0.72,^,0.00,,19.60,12.20,504,0.00,46.6,1,0,0.00,0.00,0.00,12.00,0.00,0.00,0,0,0.00,0
2026-04-29 18:37:10,596.31,0,0,0,0,0,0,0,0.00,0,0.60,4.91,2.01,3.28,0.97,D,0.00,12.00,12.00,12.00,3.04,^,0.00,,17.90,12.20,504,0.00,46.6,1,0,0.00,0.00,0.00,12.00,0.00,0.00,0,0,0.00,0
2026-04-29 18:37:11,597.32,0,0,0,0,0,0,0,0.00,0,1.00,4.91,2.01,1.89,0.44,D,0.00,12.00,12.00,12.00,2.66,^,0.00,,17.00,12.20,504,0.00,47.2,1,0,0.00,0.00,0.00,12.00,0.00,0.00,0,0,0.00,0
2026-04-29 18:37:12,598.33,0,0,0,0,0,0,0,0.00,0,0.00,4.91,2.01,1.12,0.50,D,0.00,12.00,2.91,12.00,2.53,^,0.00,,15.40,12.20,504,0.00,46.6,1,0,0.00,0.00,0.00,12.00,0.00,0.00,0,0,0.00,0
2026-04-29 18:37:13,599.34,0,0,0,0,0,0,0,0.00,0,0.00,4.91,2.00,0.00,0.00,D,0.00,12.00,2.89,12.00,2.23,^,0.00,,13.70,12.20,504,0.06,47.7,1,0,0.00,0.00,0.00,12.00,0.00,0.00,0,0,0.00,0
2026-04-29 18:37:14,600.36,0,0,0,0,0,0,0,0.00,0,0.00,4.91,2.00,0.00,0.00,D,0.00,12.00,2.88,12.00,1.76,^,0.00,,15.70,12.20,504,1.07,48.3,1,0,0.00,0.00,0.00,12.00,0.00,0.00,0,0,0.00,0
2026-04-29 18:37:15,601.38,0,0,0,0,0,0,0,0.00,0,0.00,4.91,2.00,0.00,0.00,D,0.00,12.00,2.88,12.00,1.69,^,0.00,,15.10,12.20,504,2.09,48.8,1,0,0.00,0.00,0.00,12.00,0.00,0.00,0,0,0.00,0
2026-04-29 18:37:16,602.39,0,0,0,0,0,0,0,0.00,0,0.00,4.91,1.99,0.00,0.00,D,0.00,12.00,2.88,12.00,1.69,^,0.00,,13.60,12.20,504,3.10,48.3,1,0,0.00,0.00,0.00,12.00,0.00,0.00,0,0,0.00,0
2026-04-29 18:37:17,603.40,0,0,0,0,0,0,0,0.00,0,0.00,4.91,1.99,0.00,0.00,D,0.00,12.00,2.88,12.00,1.69,^,0.00,,13.60,12.20,504,4.11,47.2,1,0,0.00,0.00,0.00,12.00,0.00,0.00,0,0,0.00,0
2026-04-29 18:37:18,604.41,0,0,0,0,0,0,0,0.00,0,0.00,4.91,1.99,0.00,0.00,D,0.00,12.00,2.88,12.00,1.72,^,0.00,,12.70,12.20,504,5.13,48.3,1,0,0.00,0.00,0.00,12.00,0.00,0.00,0,0,0.00,0
2026-04-29 18:37:19,605.42,0,0,0,0,0,0,0,0.00,0,0.00,4.91,1.98,0.00,0.00,D,0.00,12.00,2.88,12.00,2.28,^,0.00,,13.70,12.20,504,6.14,48.3,1,0,0.00,0.00,0.00,12.00,0.00,0.00,0,0,0.00,0
2026-04-29 18:37:20,606.44,0,0,0,0,0,0,0,0.00,0,0.00,4.91,1.98,0.00,0.00,D,0.00,12.00,2.89,12.00,2.30,^,0.00,,16.90,12.20,504,7.15,48.3,1,0,0.00,0.00,0.00,12.00,0.00,0.00,0,0,0.00,0
2026-04-29 18:37:21,607.45,0,0,0,0,0,0,0,0.00,0,0.00,4.91,1.98,0.00,0.00,D,0.00,12.00,2.88,12.00,2.30,^,0.00,,15.80,12.20,504,8.16,47.7,1,0,0.00,0.00,0.00,12.00,0.00,0.00,0,0,0.00,0
2026-04-29 18:37:22,608.56,0,0,0,0,0,0,0,0.00,0,0.00,4.91,1.97,0.00,0.00,D,0.00,12.00,2.88,12.00,2.24,^,0.00,,17.80,12.20,504,9.27,46.6,1,0,0.00,0.00,0.00,12.00,0.00,0.00,0,0,0.00,0
2026-04-29 18:37:23,609.46,0,0,0,0,0,0,0,0.00,0,0.00,4.91,1.97,0.00,0.00,D,0.00,12.00,2.88,12.00,1.74,^,0.00,,16.50,12.20,504,10.18,46.1,1,0,0.00,0.00,0.00,12.00,0.00,0.00,0,0,0.00,0
2026-04-29 18:37:24,610.47,0,0,0,0,0,0,0,0.00,0,0.00,4.91,1.97,0.00,0.00,D,0.00,12.00,2.88,12.00,1.06,^,0.00,,16.00,12.20,504,11.18,45.5,1,0,0.00,0.00,0.00,12.00,0.00,0.00,0,0,0.00,0
2026-04-29 18:37:25,611.48,0,0,0,0,0,0,0,0.00,0,0.00,4.91,1.96,0.00,0.00,D,0.00,12.00,2.88,12.00,0.55,^,0.00,,17.70,12.10,504,12.19,46.6,1,0,0.00,0.00,0.00,12.00,0.00,0.00,0,0,0.00,0
2026-04-29 18:37:26,612.49,0,0,0,0,0,0,0,0.00,0,0.00,4.91,1.96,0.00,0.00,D,0.00,12.00,2.88,12.00,0.33,^,0.00,,16.00,12.10,504,13.21,47.2,1,0,0.00,0.00,0.00,12.00,0.00,0.00,0,0,0.00,0
2026-04-29 18:37:27,613.51,0,0,0,0,0,0,0,0.00,0,0.00,4.91,1.96,0.00,0.00,D,0.00,12.00,2.88,12.00,0.40,^,0.00,,17.30,12.20,504,14.22,47.7,1,0,0.00,0.00,0.00,12.00,0.00,0.00,0,0,0.00,0
2026-04-29 18:37:28,614.52,0,0,0,0,0,0,0,0.00,0,0.00,4.91,1.95,0.00,0.00,D,0.00,12.00,2.88,12.00,0.38,^,0.00,,16.50,12.20,504,15.23,45.5,1,0,0.00,0.00,0.00,12.00,0.00,0.00,0,0,0.00,0
2026-04-29 18:37:29,615.54,0,0,0,0,0,0,0,0.00,0,0.00,4.91,1.95,0.00,0.00,D,0.00,12.00,2.88,12.00,0.40,^,0.00,,16.30,12.20,504,16.25,46.6,1,0,0.00,0.00,0.00,12.00,0.00,0.00,0,0,0.00,0
2026-04-29 18:37:30,616.65,0,0,0,0,0,0,0,0.00,0,0.00,4.91,1.95,0.00,0.00,D,0.00,12.00,2.88,12.00,0.30,^,0.00,,15.40,12.10,504,17.36,46.6,1,0,0.00,0.00,0.00,12.00,0.00,0.00,0,0,0.00,0
2026-04-29 18:37:31,617.55,0,0,0,0,0,0,0,0.00,0,0.00,4.91,1.94,0.00,0.00,D,0.00,12.00,2.88,12.00,0.23,^,0.00,,17.30,12.20,504,18.26,45.5,1,0,0.00,0.00,0.00,12.00,0.00,0.00,0,0,0.00,0
2026-04-29 18:37:32,618.56,0,0,0,0,0,0,0,0.00,0,0.00,4.91,1.94,0.00,0.00,D,0.00,12.00,2.88,12.00,0.10,^,0.00,,16.70,12.20,504,19.28,45.5,1,0,0.00,0.00,0.00,12.00,0.00,0.00,0,0,0.00,0
2026-04-29 18:37:33,619.58,0,0,0,0,0,0,0,0.00,0,0.00,4.91,1.94,0.00,0.00,D,0.00,12.00,2.88,12.00,0.13,^,0.00,,15.10,12.20,504,0.80,48.3,1,0,0.00,0.00,0.00,12.00,0.00,0.00,0,0,0.00,0
2026-04-29 18:37:34,620.59,0,0,0,0,0,0,0,0.00,0,0.00,4.91,1.94,0.00,0.00,D,0.00,12.00,2.88,12.00,0.12,^,0.00,,17.30,12.20,504,1.81,45.5,1,0,0.00,0.00,0.00,12.00,0.00,0.00,0,0,0.00,0
2026-04-29 18:37:35,621.60,0,0,0,0,0,0,0,0.00,0,0.00,4.91,1.93,0.00,0.00,D,0.00,12.00,2.88,12.00,0.11,^,0.00,,14.60,12.20,504,0.44,46.6,1,0,0.00,0.00,0.00,12.00,0.00,0.00,0,0,0.00,0
2026-04-29 18:37:36,622.62,0,0,0,0,0,0,0,0.00,0,0.00,4.91,1.93,0.00,0.00,D,0.00,12.00,2.88,12.00,0.12,^,0.00,,17.30,12.20,504,1.45,47.7,1,0,0.00,0.00,0.00,12.00,0.00,0.00,0,0,0.00,0
2026-04-29 18:37:37,623.63,0,0,0,0,0,0,0,0.00,0,0.00,4.91,1.93,0.00,0.00,D,0.00,12.00,2.88,12.00,0.12,^,0.00,,18.10,12.20,504,0.34,46.6,1,0,0.00,0.00,0.00,12.00,0.00,0.00,0,0,0.00,0
2026-04-29 18:37:38,624.64,0,0,0,0,0,0,0,0.00,0,0.00,4.91,1.92,0.00,0.00,D,0.00,12.00,2.88,12.00,0.12,^,0.00,,15.90,12.10,504,0.89,47.2,1,0,0.00,0.00,0.00,12.00,0.00,0.00,0,0,0.00,0
2026-04-29 18:37:39,625.65,0,0,0,0,0,0,0,0.00,0,0.00,4.91,1.92,0.00,0.00,D,0.00,12.00,2.89,12.00,0.11,^,0.00,,16.50,12.20,504,0.01,45.5,1,0,0.00,0.00,0.00,12.00,0.00,0.00,0,0,0.00,0
2026-04-29 18:37:40,626.76,0,0,0,0,0,0,0,0.00,0,0.00,4.91,1.92,0.00,0.00,D,0.00,12.00,2.89,12.00,0.15,^,0.00,,16.40,12.20,504,0.90,45.5,1,0,0.00,0.00,0.00,12.00,0.00,0.00,0,0,0.00,0
2026-04-29 18:37:41,627.66,0,0,0,0,0,0,0,0.00,0,0.00,4.91,1.91,0.00,0.00,D,0.00,12.00,12.26,12.00,0.16,^,0.00,,16.10,12.20,504,1.80,46.6,1,0,0.00,0.00,0.00,12.00,0.00,0.00,0,0,0.00,0
2026-04-29 18:37:42,628.78,0,0,0,0,0,0,0,0.00,0,0.00,4.91,1.91,0.00,0.00,D,0.00,12.00,2.89,12.00,0.15,^,0.00,,15.50,12.20,504,2.91,46.6,1,0,0.00,0.00,0.00,12.00,0.00,0.00,0,0,0.00,0
2026-04-29 18:37:43,629.69,0,0,0,0,0,0,0,0.00,0,0.00,4.91,1.91,0.00,0.00,D,0.00,12.00,2.89,12.00,0.15,^,0.00,,17.30,12.20,504,3.83,47.2,1,0,0.00,0.00,0.00,12.00,0.00,0.00,0,0,0.00,0
2026-04-29 18:37:44,630.70,0,0,0,0,0,0,0,0.00,0,0.00,4.91,1.90,0.00,0.00,D,0.00,12.00,2.89,12.00,0.11,^,0.00,,15.00,12.20,504,4.84,45.5,1,0,0.00,0.00,0.00,12.00,0.00,0.00,0,0,0.00,0
2026-04-29 18:37:45,631.71,0,0,0,0,0,0,0,0.00,0,0.00,4.91,1.90,0.00,0.00,D,0.00,12.00,2.88,12.00,0.12,^,0.00,,18.00,12.10,504,5.85,45.0,1,0,0.00,0.00,0.00,12.00,0.00,0.00,0,0,0.00,0
2026-04-29 18:37:46,632.72,0,0,0,0,0,0,0,0.00,0,0.00,4.91,1.90,0.00,0.00,D,0.00,12.00,2.89,12.00,0.17,^,0.00,,17.10,12.10,504,6.86,45.5,1,0,0.00,0.00,0.00,12.00,0.00,0.00,0,0,0.00,0
2026-04-29 18:37:47,633.73,0,0,0,0,0,0,0,0.00,0,0.00,4.91,1.90,0.00,0.00,D,0.00,12.00,2.88,12.00,0.17,^,0.00,,16.10,12.20,504,7.87,45.0,1,0,0.00,0.00,0.00,12.00,0.00,0.00,0,0,0.00,0
2026-04-29 18:37:48,634.75,0,0,0,0,0,0,0,0.00,0,0.00,4.91,1.89,0.00,0.00,D,0.00,12.00,2.88,12.00,0.17,^,0.00,,15.90,12.20,504,8.89,46.1,1,0,0.00,0.00,0.00,12.00,0.00,0.00,0,0,0.00,0
2026-04-29 18:37:49,635.76,0,0,0,0,0,0,0,0.00,0,0.00,4.91,1.89,0.00,0.00,D,0.00,12.00,0.15,12.00,0.18,^,0.00,,16.90,12.20,504,9.90,47.2,1,0,0.00,0.00,0.00,12.00,0.00,0.00,0,0,0.00,0
2026-04-29 18:37:50,636.77,0,0,0,0,0,0,0,0.00,0,0.00,4.91,1.89,0.00,0.00,D,0.00,12.00,0.13,12.00,0.18,^,0.00,,17.10,12.20,504,0.08,46.1,1,0,0.00,0.00,0.00,12.00,0.00,0.00,0,0,0.00,0
2026-04-29 18:37:51,637.79,0,0,0,0,0,0,0,0.00,1,0.00,4.91,1.88,0.00,0.00,D,0.00,0.16,0.13,12.00,0.16,STOP_WARNING,0.00,aeb_stop,17.60,12.10,504,0.13,46.1,1,1,0.00,0.00,0.00,0.16,0.00,0.00,0,0,0.00,0
2026-04-29 18:37:52,638.79,0,0,0,0,0,0,0,0.00,1,0.00,4.91,1.88,0.00,0.00,D,0.00,12.00,2.89,12.00,0.14,^,0.00,,17.20,12.10,504,0.66,46.1,1,0,0.00,0.00,0.00,12.00,0.00,0.00,0,0,0.00,0
2026-04-29 18:37:54,639.80,0,0,0,0,0,0,0,0.00,1,0.00,4.91,1.88,0.00,0.00,D,0.00,12.00,2.88,12.00,0.15,^,0.00,,14.20,12.20,504,0.20,47.2,1,0,0.00,0.00,0.00,12.00,0.00,0.00,0,0,0.00,0
2026-04-29 18:37:55,640.81,0,0,0,0,0,0,0,0.00,1,0.00,4.91,1.87,0.00,0.00,D,0.00,12.00,2.88,12.00,0.17,^,0.00,,13.70,12.20,504,1.21,46.1,1,0,0.00,0.00,0.00,12.00,0.00,0.00,0,0,0.00,0
2026-04-29 18:37:56,641.83,0,0,0,0,0,0,0,0.00,1,0.00,4.91,1.87,0.00,0.00,D,0.00,12.00,2.87,12.00,0.16,^,0.00,,16.00,12.20,504,0.46,45.5,1,0,0.00,0.00,0.00,12.00,0.00,0.00,0,0,0.00,0
2026-04-29 18:37:57,642.84,0,0,0,0,0,0,0,0.00,1,0.00,4.91,1.87,0.00,0.00,D,0.00,12.00,12.00,12.00,0.18,^,0.00,,15.90,12.20,504,0.04,45.0,1,0,0.00,0.00,0.00,12.00,0.00,0.00,0,0,0.00,0
2026-04-29 18:37:58,643.85,0,0,0,0,0,0,0,0.00,1,0.00,4.91,1.87,0.00,0.00,D,0.00,12.00,2.88,12.00,0.20,^,0.00,,15.20,12.20,504,1.05,45.5,1,0,0.00,0.00,0.00,12.00,0.00,0.00,0,0,0.00,0
2026-04-29 18:37:59,644.86,0,0,0,0,0,0,0,0.00,1,0.00,4.91,1.86,0.00,0.00,D,0.00,12.00,2.88,12.00,0.22,^,0.00,,17.10,12.20,504,0.33,45.0,1,0,0.00,0.00,0.00,12.00,0.00,0.00,0,0,0.00,0
2026-04-29 18:38:00,645.87,0,0,0,0,0,0,0,0.00,1,0.00,4.91,1.86,0.00,0.00,D,0.00,12.00,2.88,12.00,0.53,^,0.00,,14.80,12.20,504,1.34,45.0,1,0,0.00,0.00,0.00,12.00,0.00,0.00,0,0,0.00,0
2026-04-29 18:38:01,646.89,0,0,0,0,0,0,0,0.00,1,0.00,4.91,1.86,0.00,0.00,D,0.00,12.00,2.88,12.00,1.33,^,0.00,,15.20,12.20,504,2.35,45.0,1,0,0.00,0.00,0.00,12.00,0.00,0.00,0,0,0.00,0
2026-04-29 18:38:02,647.90,0,0,0,0,0,0,0,0.00,1,0.00,4.91,1.85,0.00,0.00,D,0.00,12.00,2.88,12.00,1.59,^,0.00,,15.50,12.20,504,3.36,46.6,1,0,0.00,0.00,0.00,12.00,0.00,0.00,0,0,0.00,0
2026-04-29 18:38:03,648.91,0,0,0,0,0,0,0,0.00,1,0.00,4.91,1.85,0.00,0.00,D,0.00,12.00,2.88,12.00,1.41,^,0.00,,15.00,12.20,504,4.38,46.6,1,0,0.00,0.00,0.00,12.00,0.00,0.00,0,0,0.00,0
2026-04-29 18:38:04,649.92,0,0,0,0,0,0,0,0.00,1,0.00,4.91,1.85,0.00,0.00,D,0.00,12.00,2.89,12.00,0.20,^,0.00,,16.90,12.20,504,5.39,45.0,1,0,0.00,0.00,0.00,12.00,0.00,0.00,0,0,0.00,0
2026-04-29 18:38:05,651.03,0,0,0,0,0,0,0,0.00,0,0.00,4.91,1.84,0.28,0.00,D,0.00,12.00,12.00,12.00,0.17,^,0.00,,15.90,12.20,504,0.00,46.6,1,0,0.00,0.00,0.00,12.00,0.00,0.00,0,0,0.00,0
2026-04-29 18:38:06,651.94,0,0,0,0,0,0,0,0.00,0,0.00,4.91,1.84,0.00,0.00,D,0.00,12.00,2.91,12.00,0.13,^,0.00,,16.90,12.20,504,0.28,45.5,1,0,0.00,0.00,0.00,12.00,0.00,0.00,0,0,0.00,0
2026-04-29 18:38:07,652.95,0,0,0,0,0,0,0,0.00,0,0.00,4.91,1.84,0.00,0.00,D,0.00,12.00,12.00,12.00,0.13,^,0.00,,14.80,12.20,504,0.11,46.6,1,0,0.00,0.00,0.00,12.00,0.00,0.00,0,0,0.00,0
2026-04-29 18:38:08,653.96,0,0,0,0,0,0,0,0.00,0,0.00,4.91,1.84,0.00,0.00,D,0.00,12.00,2.90,12.00,0.14,^,0.00,,16.30,12.10,504,0.79,45.5,1,0,0.00,0.00,0.00,12.00,0.00,0.00,0,0,0.00,0
2026-04-29 18:38:09,654.97,0,0,0,0,0,0,0,0.00,0,0.00,4.91,1.83,0.00,0.00,D,0.00,12.00,2.90,12.00,0.12,^,0.00,,16.70,12.20,504,0.02,45.0,1,0,0.00,0.00,0.00,12.00,0.00,0.00,0,0,0.00,0
2026-04-29 18:38:10,655.98,0,0,0,0,0,0,0,0.00,0,0.00,4.91,1.83,0.00,0.00,D,0.00,12.00,2.90,12.00,0.13,^,0.00,,17.90,12.20,504,1.03,45.5,1,0,0.00,0.00,0.00,12.00,0.00,0.00,0,0,0.00,0
2026-04-29 18:38:11,656.99,0,0,0,0,0,0,0,0.00,0,0.00,4.91,1.83,0.00,0.00,D,0.00,12.00,12.00,12.00,0.13,^,0.00,,16.20,12.20,504,0.08,46.6,1,0,0.00,0.00,0.00,12.00,0.00,0.00,0,0,0.00,0
2026-04-29 18:38:12,657.99,0,0,0,0,0,0,0,0.00,0,0.00,4.91,1.83,0.00,0.00,D,0.00,12.00,2.90,12.00,0.13,^,0.00,,14.40,12.20,504,0.05,46.6,1,0,0.00,0.00,0.00,12.00,0.00,0.00,0,0,0.00,0
2026-04-29 18:38:13,659.01,0,0,0,0,0,0,0,0.00,0,0.00,4.91,1.82,0.00,0.00,D,0.00,12.00,12.00,12.00,0.12,^,0.00,,12.70,12.20,504,0.07,46.6,1,0,0.00,0.00,0.00,12.00,0.00,0.00,0,0,0.00,0
2026-04-29 18:38:14,660.02,0,0,0,0,0,0,0,0.00,0,0.00,4.91,1.82,0.00,0.00,D,0.00,12.00,2.90,12.00,0.15,^,0.00,,13.40,12.20,504,0.09,46.1,1,0,0.00,0.00,0.00,12.00,0.00,0.00,0,0,0.00,0
2026-04-29 18:38:15,661.03,0,0,0,0,0,0,0,0.00,0,0.00,4.91,1.82,0.00,0.00,D,0.00,12.00,12.00,12.00,0.20,^,0.00,,11.70,12.20,504,0.33,47.2,1,0,0.00,0.00,0.00,12.00,0.00,0.00,0,0,0.00,0
2026-04-29 18:38:16,662.04,0,0,0,0,0,0,0,0.00,0,0.00,4.91,1.81,0.00,0.00,D,0.00,12.00,2.90,12.00,0.18,^,0.00,,13.80,12.20,504,0.04,46.1,1,0,0.00,0.00,0.00,12.00,0.00,0.00,0,0,0.00,0
2026-04-29 18:38:17,663.06,0,0,0,0,0,0,0,0.00,0,0.00,4.91,1.81,0.00,0.00,D,0.00,12.00,2.90,12.00,0.26,^,0.00,,16.90,12.20,504,0.36,45.5,1,0,0.00,0.00,0.00,12.00,0.00,0.00,0,0,0.00,0
2026-04-29 18:38:18,664.07,0,0,0,0,0,0,0,0.00,0,0.00,4.91,1.81,0.00,0.00,D,0.00,12.00,2.90,12.00,0.64,^,0.00,,15.60,12.20,504,1.37,47.2,1,0,0.00,0.00,0.00,12.00,0.00,0.00,0,0,0.00,0
2026-04-29 18:38:19,665.08,0,0,0,0,0,0,0,0.00,0,0.00,4.91,1.81,0.00,0.00,D,0.00,12.00,2.90,12.00,1.61,^,0.00,,15.80,12.20,504,2.38,45.5,1,0,0.00,0.00,0.00,12.00,0.00,0.00,0,0,0.00,0
2026-04-29 18:38:20,666.10,1,0,0,0,0,0,0,0.10,0,1.00,4.91,1.80,0.00,0.14,D,0.00,12.00,2.91,12.00,1.89,^,5.82,,15.60,12.20,504,3.40,45.0,1,0,0.00,0.00,0.00,12.00,0.10,1.00,0,0,0.00,0
2026-04-29 18:38:21,667.11,1,0,0,0,0,0,0,0.08,0,1.00,4.91,1.80,0.08,0.64,D,0.00,12.00,2.90,12.00,1.92,^,4.81,,15.90,12.20,504,0.01,45.5,1,0,0.00,0.00,0.00,12.00,0.08,1.00,0,0,0.00,0
2026-04-29 18:38:22,668.12,1,0,0,0,0,0,0,-0.09,0,1.00,4.91,1.80,2.82,1.00,D,0.00,12.00,2.58,12.00,2.29,^,-5.57,,18.20,12.20,504,0.00,45.5,1,0,0.00,0.00,0.00,12.00,-0.09,1.00,0,0,0.00,0
2026-04-29 18:38:23,669.23,1,0,0,0,0,0,0,0.06,0,1.00,4.91,1.80,3.82,1.00,D,0.00,12.00,12.00,12.00,2.33,^,3.82,,19.60,12.10,504,0.00,46.6,1,0,0.00,0.00,0.00,12.00,0.06,1.00,0,0,0.00,0
2026-04-29 18:38:24,670.14,0,0,0,0,0,0,0,0.00,1,0.00,4.91,1.81,3.24,0.00,D,0.00,12.00,6.75,12.00,12.00,^,0.00,,17.70,12.20,504,0.00,47.7,1,0,0.00,0.00,0.00,12.00,0.00,0.00,0,0,0.00,0
2026-04-29 18:38:25,671.25,0,0,0,0,0,0,0,0.00,0,0.00,4.91,1.80,0.00,0.00,D,0.00,12.00,6.72,12.00,12.00,^,0.00,,13.20,12.20,504,0.65,47.7,1,0,0.00,0.00,0.00,12.00,0.00,0.00,0,0,0.00,0
2026-04-29 18:38:26,672.15,0,0,0,0,0,0,0,0.00,0,0.00,4.91,1.80,0.00,0.00,D,0.00,12.00,6.70,12.00,2.43,^,0.00,,14.30,12.20,504,1.55,47.2,1,0,0.00,0.00,0.00,12.00,0.00,0.00,0,0,0.00,0
2026-04-29 18:38:27,673.17,0,0,0,0,0,0,0,0.00,0,0.00,4.91,1.80,0.00,0.00,D,0.00,12.00,6.72,12.00,1.69,^,0.00,,12.50,12.20,504,2.57,47.2,1,0,0.00,0.00,0.00,12.00,0.00,0.00,0,0,0.00,0
2026-04-29 18:38:28,674.18,0,0,0,0,0,0,0,0.00,0,0.00,4.91,1.80,0.00,0.00,D,0.00,12.00,6.72,12.00,0.91,^,0.00,,12.60,12.20,504,3.58,47.2,1,0,0.00,0.00,0.00,12.00,0.00,0.00,0,0,0.00,0
2026-04-29 18:38:29,675.19,0,0,0,0,0,0,0,0.00,0,0.00,4.91,1.79,0.00,0.00,D,0.00,12.00,6.72,12.00,0.48,^,0.00,,15.50,12.20,504,4.59,46.6,1,0,0.00,0.00,0.00,12.00,0.00,0.00,0,0,0.00,0
2026-04-29 18:38:30,676.30,0,0,0,0,0,0,0,0.00,0,0.00,4.91,1.79,0.00,0.00,D,0.00,12.00,6.71,12.00,0.21,^,0.00,,15.00,12.20,504,5.70,45.5,1,0,0.00,0.00,0.00,12.00,0.00,0.00,0,0,0.00,0
2026-04-29 18:38:31,677.21,0,0,0,0,0,0,0,0.00,0,0.00,4.91,1.79,0.00,0.00,D,0.00,12.00,6.51,0.23,0.20,^,0.00,,17.30,12.20,504,0.00,46.1,1,0,0.00,0.00,0.00,12.00,0.00,0.00,0,0,0.00,0
2026-04-29 18:38:32,678.22,0,0,0,0,0,0,0,0.00,0,0.00,4.91,1.79,0.00,0.00,D,0.00,12.00,6.49,0.21,0.21,^,0.00,,17.60,12.20,504,0.08,47.2,1,0,0.00,0.00,0.00,12.00,0.00,0.00,0,0,0.00,0
2026-04-29 18:38:33,679.23,0,0,0,0,0,0,0,0.00,0,0.00,4.91,1.78,0.00,0.00,D,0.00,12.00,6.52,0.20,0.21,^,0.00,,16.30,12.20,504,0.03,47.2,1,0,0.00,0.00,0.00,12.00,0.00,0.00,0,0,0.00,0
2026-04-29 18:38:34,680.24,0,0,0,0,0,0,0,0.00,0,0.00,4.91,1.78,0.00,0.00,D,0.00,12.00,6.51,0.21,0.21,^,0.00,,17.60,12.20,504,0.13,45.5,1,0,0.00,0.00,0.00,12.00,0.00,0.00,0,0,0.00,0
2026-04-29 18:38:35,681.25,0,0,0,0,0,0,0,0.00,0,0.00,4.91,1.78,0.00,0.00,D,0.00,12.00,6.74,0.21,0.18,^,0.00,,15.70,12.20,504,0.18,45.5,1,0,0.00,0.00,0.00,12.00,0.00,0.00,0,0,0.00,0
2026-04-29 18:38:36,682.26,0,0,0,0,0,0,0,0.00,0,0.00,4.91,1.77,0.00,0.00,D,0.00,12.00,6.51,0.21,0.16,^,0.00,,15.90,12.10,504,0.01,46.6,1,0,0.00,0.00,0.00,12.00,0.00,0.00,0,0,0.00,0
2026-04-29 18:38:37,683.28,0,0,0,0,0,0,0,0.00,0,0.00,4.91,1.77,0.00,0.00,D,0.00,12.00,12.00,0.21,0.17,^,0.00,,16.60,12.10,504,0.01,46.1,1,0,0.00,0.00,0.00,12.00,0.00,0.00,0,0,0.00,0
2026-04-29 18:38:38,684.29,0,0,0,0,0,0,0,0.00,0,0.00,4.91,1.77,0.00,0.00,D,0.00,12.00,12.00,0.23,0.17,^,0.00,,17.00,12.20,504,0.29,47.2,1,0,0.00,0.00,0.00,12.00,0.00,0.00,0,0,0.00,0
2026-04-29 18:38:39,685.30,0,0,0,0,0,0,0,0.00,0,0.00,4.91,1.77,0.00,0.00,D,0.00,12.00,6.75,0.21,0.14,^,0.00,,13.80,12.10,504,0.01,46.6,1,0,0.00,0.00,0.00,12.00,0.00,0.00,0,0,0.00,0
2026-04-29 18:38:40,686.31,0,0,0,0,0,0,0,0.00,0,0.00,4.91,1.76,0.00,0.00,D,0.00,12.00,12.00,0.37,0.13,^,0.00,,16.10,12.10,504,0.83,46.6,1,0,0.00,0.00,0.00,12.00,0.00,0.00,0,0,0.00,0
2026-04-29 18:38:41,687.42,0,0,0,0,0,0,0,0.00,0,1.00,4.91,1.76,0.00,0.26,D,0.00,12.00,12.00,12.00,0.31,^,0.00,,13.40,12.10,504,1.94,45.5,1,0,0.00,0.00,0.00,12.00,0.00,0.00,0,0,0.00,0
2026-04-29 18:38:42,688.32,0,0,0,0,0,0,0,0.00,0,1.00,4.91,1.76,0.40,0.76,D,0.00,12.00,12.00,12.00,0.30,^,0.00,,14.70,12.10,504,0.00,47.7,1,0,0.00,0.00,0.00,12.00,0.00,0.00,0,0,0.00,0
2026-04-29 18:38:43,689.43,0,0,0,0,0,0,0,0.00,0,0.00,4.91,1.76,2.54,0.58,D,0.00,12.00,6.69,12.00,0.93,^,0.00,,16.40,12.10,504,0.00,46.6,1,0,0.00,0.00,0.00,12.00,0.00,0.00,0,0,0.00,0
2026-04-29 18:38:44,690.34,0,0,0,0,0,0,0,0.63,0,1.00,4.91,1.76,0.97,0.33,D,0.00,12.00,12.00,12.00,1.75,^,0.00,,15.10,12.10,504,0.00,47.7,1,0,0.00,0.00,0.00,12.00,0.00,0.00,0,0,0.00,0
2026-04-29 18:38:45,691.35,0,0,0,0,0,0,0,0.00,0,1.00,4.91,1.76,1.11,0.83,D,0.00,12.00,12.00,12.00,1.42,^,0.00,,14.90,12.20,504,0.00,47.7,1,0,0.00,0.00,0.00,12.00,0.00,0.00,0,0,0.00,0
2026-04-29 18:38:46,692.36,0,0,0,0,0,0,0,-1.00,0,1.00,4.91,1.76,1.72,0.86,D,0.00,12.00,7.26,12.00,1.83,^,0.00,,20.00,12.20,504,0.00,47.2,1,0,0.00,0.00,0.00,12.00,0.00,0.00,0,0,0.00,0
2026-04-29 18:38:47,693.47,0,0,0,0,0,0,0,0.00,0,0.00,4.91,1.76,2.40,0.71,D,0.00,12.00,1.57,12.00,12.00,^,0.00,,18.60,12.20,504,0.00,46.6,1,0,0.00,0.00,0.00,12.00,0.00,0.00,0,0,0.00,0
2026-04-29 18:38:48,694.37,1,0,0,0,0,0,0,-0.48,0,1.00,4.91,1.76,3.95,1.00,D,0.00,12.00,12.00,12.00,1.10,^,-28.80,,18.50,12.20,504,0.00,46.6,1,0,0.00,0.00,0.00,12.00,-0.48,1.00,0,0,0.00,0
2026-04-29 18:38:49,695.37,1,0,0,0,0,0,0,0.20,0,1.00,4.91,1.76,4.54,1.00,D,0.00,12.00,12.00,2.88,1.15,^,12.24,,18.20,12.20,504,0.00,47.2,1,0,0.00,0.00,0.00,12.00,0.20,1.00,0,0,0.00,0
2026-04-29 18:38:50,696.38,1,0,0,0,0,0,0,-0.03,0,1.00,4.91,1.77,4.68,1.00,D,0.00,12.00,12.00,2.71,1.75,^,-1.94,,15.50,12.10,504,0.00,47.7,1,0,0.00,0.00,0.00,12.00,-0.03,1.00,0,0,0.00,0
2026-04-29 18:38:51,697.40,1,0,0,0,0,0,0,-0.37,0,1.00,4.91,1.77,4.25,1.00,D,0.00,12.00,12.00,2.23,2.36,^,-21.94,,16.30,12.20,504,0.00,46.6,1,0,0.00,0.00,0.00,12.00,-0.37,1.00,0,0,0.00,0
2026-04-29 18:38:52,698.41,1,0,0,0,0,0,0,0.06,0,1.00,4.91,1.78,4.79,1.00,D,0.00,12.00,12.00,12.00,2.84,^,3.88,,16.50,12.20,504,0.00,47.2,1,0,0.00,0.00,0.00,12.00,0.06,1.00,0,0,0.00,0
2026-04-29 18:38:53,699.42,1,0,0,0,0,0,0,-0.42,0,0.50,4.91,1.78,4.40,0.98,D,0.00,1.93,12.00,1.77,1.95,WARN_WARNING,-25.33,lidar_override,15.50,12.10,504,0.00,47.7,1,0,0.00,0.00,0.00,1.93,-0.06,1.00,0,0,0.00,0
2026-04-29 18:38:54,700.43,1,0,0,0,0,0,0,-0.06,0,1.00,4.91,1.78,4.05,0.86,D,0.00,12.00,2.42,2.22,0.59,^,-3.73,,18.50,12.10,504,0.00,48.3,1,0,0.00,0.00,0.00,12.00,-0.06,1.00,0,0,0.00,0
2026-04-29 18:38:55,701.43,1,0,0,0,0,0,0,0.18,0,1.00,4.91,1.79,3.91,0.99,D,0.00,12.00,1.32,1.62,1.53,^,10.54,,22.30,12.10,504,0.00,47.2,1,0,0.00,0.00,0.00,12.00,0.18,1.00,0,0,0.00,0
2026-04-29 18:38:56,702.44,1,0,0,0,0,0,0,-0.42,0,0.50,4.91,1.79,4.52,0.86,D,0.00,1.85,12.00,1.75,1.27,WARN_WARNING,-25.33,lidar_override,18.80,12.10,504,0.00,46.1,1,0,0.00,0.00,0.00,1.85,-0.11,1.00,0,0,0.00,0
2026-04-29 18:38:57,703.46,1,0,0,0,0,0,0,0.08,0,1.00,4.91,1.79,4.62,1.00,D,0.00,12.00,12.00,1.46,1.44,^,4.70,,18.90,12.10,504,0.00,46.6,1,0,0.00,0.00,0.00,12.00,0.08,1.00,0,0,0.00,0
2026-04-29 18:38:58,704.48,1,0,0,0,0,0,0,0.22,0,1.00,4.91,1.80,4.78,1.00,D,0.00,12.00,12.00,2.20,12.00,^,12.99,,19.10,12.20,504,0.00,46.6,1,0,0.00,0.00,0.00,12.00,0.22,1.00,0,0,0.00,0
2026-04-29 18:38:59,705.49,1,0,0,0,0,0,0,0.18,0,1.00,4.91,1.80,4.52,1.00,D,0.00,12.00,12.00,12.00,2.20,^,10.93,,18.60,12.20,504,0.00,45.5,1,0,0.00,0.00,0.00,12.00,0.18,1.00,0,0,0.00,0
2026-04-29 18:39:00,706.50,1,0,0,0,0,0,0,0.00,0,1.00,4.91,1.81,4.66,1.00,D,0.00,12.00,12.00,12.00,12.00,^,0.29,,18.20,12.20,504,0.00,46.6,1,0,0.00,0.00,0.00,12.00,0.00,1.00,0,0,0.00,0
2026-04-29 18:39:01,707.61,1,0,0,0,0,0,0,0.19,0,1.00,4.91,1.81,4.55,1.00,D,0.00,12.00,12.00,12.00,3.37,^,11.58,,18.70,12.20,504,0.00,46.6,1,0,0.00,0.00,0.00,12.00,0.19,1.00,0,0,0.00,0
2026-04-29 18:39:02,708.52,1,0,0,0,0,0,0,0.24,0,1.00,4.91,1.81,4.41,1.00,D,0.00,12.00,12.00,12.00,12.00,^,14.67,,16.90,12.20,504,0.00,47.2,1,0,0.00,0.00,0.00,12.00,0.24,1.00,0,0,0.00,0
2026-04-29 18:39:03,709.63,1,0,0,0,0,0,0,-0.01,0,1.00,4.91,1.82,4.54,1.00,D,0.00,12.00,12.00,1.96,3.35,^,-0.32,,15.10,12.20,504,0.00,47.2,1,0,0.00,0.00,0.00,12.00,-0.01,1.00,0,0,0.00,0
2026-04-29 18:39:04,710.53,1,0,0,0,0,0,0,-0.02,0,1.00,4.91,1.82,4.62,1.00,D,0.00,12.00,12.00,1.86,1.52,^,-1.31,,15.70,12.20,504,0.00,46.1,1,0,0.00,0.00,0.00,12.00,-0.02,1.00,0,0,0.00,0
2026-04-29 18:39:05,711.64,1,0,0,0,0,0,0,0.44,0,1.00,4.91,1.83,4.37,0.99,D,0.00,12.00,12.00,1.23,1.07,^,26.45,,17.10,12.20,504,0.00,48.3,1,0,0.00,0.00,0.00,12.00,0.44,1.00,0,0,0.00,0
2026-04-29 18:39:06,712.54,1,0,0,0,0,0,0,0.40,0,1.00,4.91,1.83,3.91,0.98,D,0.00,12.00,12.00,0.90,0.88,^,23.87,,16.00,12.20,504,0.00,48.3,1,0,0.00,0.00,0.00,12.00,0.40,1.00,0,0,0.00,0
2026-04-29 18:39:07,713.56,1,0,0,0,0,0,0,-0.28,0,1.00,4.91,1.83,4.24,1.00,D,0.00,12.00,12.00,12.00,1.46,^,-16.91,,18.20,12.20,504,0.00,47.7,1,0,0.00,0.00,0.00,12.00,-0.28,1.00,0,0,0.00,0
2026-04-29 18:39:08,714.57,1,0,0,0,0,0,0,0.08,0,1.00,4.91,1.84,4.69,1.00,D,0.00,12.00,12.00,12.00,12.00,^,5.04,,20.10,12.20,504,0.00,47.2,1,0,0.00,0.00,0.00,12.00,0.08,1.00,0,0,0.00,0
2026-04-29 18:39:09,715.58,1,0,0,0,0,0,0,-0.02,0,1.00,4.91,1.84,4.51,1.00,D,0.00,12.00,12.00,12.00,2.87,^,-0.98,,18.50,12.20,504,0.00,46.1,1,0,0.00,0.00,0.00,12.00,-0.02,1.00,0,0,0.00,0
2026-04-29 18:39:10,716.60,1,0,0,0,0,0,0,-0.04,0,1.00,4.91,1.84,4.65,1.00,D,0.00,12.00,12.00,12.00,12.00,^,-2.35,,19.30,12.10,504,0.00,46.6,1,0,0.00,0.00,0.00,12.00,-0.04,1.00,0,0,0.00,0
2026-04-29 18:39:11,717.61,1,0,0,0,0,0,0,0.04,0,1.00,4.91,1.85,4.56,1.00,D,0.00,12.00,12.00,12.00,12.00,^,2.44,,19.60,12.10,504,0.00,45.5,1,0,0.00,0.00,0.00,12.00,0.04,1.00,0,0,0.00,0
2026-04-29 18:39:12,718.62,1,0,0,0,0,0,0,0.00,0,1.00,4.91,1.85,4.54,1.00,D,0.00,12.00,12.00,2.39,3.13,^,0.19,,18.60,12.20,504,0.00,47.2,1,0,0.00,0.00,0.00,12.00,0.00,1.00,0,0,0.00,0
2026-04-29 18:39:13,719.63,0,0,0,0,0,0,0,0.00,1,0.00,4.91,1.86,4.23,0.00,D,0.00,12.00,12.00,2.42,3.15,^,0.00,,17.70,12.20,504,0.00,46.6,1,0,0.00,0.00,0.00,12.00,0.00,0.00,0,0,0.00,0
2026-04-29 18:39:14,720.64,0,0,0,0,0,0,0,0.00,0,0.00,4.91,1.86,3.11,0.00,D,0.00,2.35,12.00,2.01,2.85,^,0.00,,17.20,12.20,504,0.00,47.7,1,0,0.00,0.00,0.00,2.35,0.00,0.00,0,0,0.00,0
2026-04-29 18:39:15,721.65,0,0,0,0,0,0,0,-0.40,0,0.84,4.91,1.86,2.26,0.49,D,0.00,12.00,12.00,1.32,1.98,^,0.00,,15.40,12.20,504,0.00,47.7,1,0,0.00,0.00,0.00,12.00,0.00,0.00,0,0,0.00,0
2026-04-29 18:39:16,722.66,0,0,0,0,0,0,0,0.14,0,0.36,4.91,1.86,2.61,0.43,D,0.00,12.00,12.00,12.00,1.40,^,0.00,,16.20,12.20,504,0.00,46.6,1,0,0.00,0.00,0.00,12.00,0.00,0.00,0,0,0.00,0
2026-04-29 18:39:17,723.68,0,0,0,0,0,0,0,-0.27,0,0.84,4.91,1.86,2.69,0.76,D,0.00,12.00,12.00,12.00,1.12,^,0.00,,15.90,12.20,504,0.00,46.1,1,0,0.00,0.00,0.00,12.00,0.00,0.00,0,0,0.00,0
2026-04-29 18:39:18,724.69,0,0,0,0,0,0,0,-0.40,0,0.28,4.91,1.86,3.01,0.44,D,0.00,12.00,12.00,12.00,1.02,^,0.00,,17.00,12.10,504,0.00,47.2,1,0,0.00,0.00,0.00,12.00,0.00,0.00,0,0,0.00,0
2026-04-29 18:39:20,725.80,0,0,0,0,0,0,0,0.00,0,0.42,4.91,1.86,2.70,0.42,D,0.00,12.00,12.00,12.00,1.00,^,0.00,,15.30,12.20,504,0.00,47.2,1,0,0.00,0.00,0.00,12.00,0.00,0.00,0,0,0.00,0
2026-04-29 18:39:20,726.70,0,0,0,0,0,0,0,0.00,0,1.00,4.91,1.86,2.79,0.92,D,0.00,12.00,12.00,2.56,1.22,^,0.00,,14.20,12.20,504,0.00,48.3,1,0,0.00,0.00,0.00,12.00,0.00,0.00,0,0,0.00,0
2026-04-29 18:39:21,727.72,0,0,0,0,0,0,0,0.00,0,1.00,4.91,1.87,3.92,0.84,D,0.00,12.00,12.00,2.52,1.32,^,0.00,,17.40,12.20,504,0.00,46.6,1,0,0.00,0.00,0.00,12.00,0.00,0.00,0,0,0.00,0
2026-04-29 18:39:22,728.73,0,0,0,0,0,0,0,0.00,0,0.86,4.91,1.87,4.11,0.86,D,0.00,12.00,12.00,2.71,1.74,^,0.00,,18.90,12.20,504,0.00,47.2,1,0,0.00,0.00,0.00,12.00,0.00,0.00,0,0,0.00,0
2026-04-29 18:39:23,729.74,0,0,0,0,0,0,0,0.00,0,1.00,4.91,1.87,4.00,0.95,D,0.00,12.00,12.00,12.00,1.91,^,0.00,,18.00,12.20,504,0.00,48.3,1,0,0.00,0.00,0.00,12.00,0.00,0.00,0,0,0.00,0
2026-04-29 18:39:24,730.75,0,0,0,0,0,0,0,0.00,0,1.00,4.91,1.88,4.39,1.00,D,0.00,12.00,12.00,12.00,1.71,^,0.00,,16.60,12.10,504,0.00,48.3,1,0,0.00,0.00,0.00,12.00,0.00,0.00,0,0,0.00,0
2026-04-29 18:39:25,731.76,0,0,0,0,0,0,0,0.00,0,1.00,4.91,1.88,4.09,1.00,D,0.00,12.00,12.00,12.00,1.81,^,0.00,,16.60,12.10,504,0.00,48.8,1,0,0.00,0.00,0.00,12.00,0.00,0.00,0,0,0.00,0
2026-04-29 18:39:26,732.77,0,0,0,0,0,0,0,0.00,0,1.00,4.91,1.88,4.15,0.66,D,0.00,12.00,12.00,2.56,2.09,^,0.00,,16.90,12.20,504,0.00,48.3,1,0,0.00,0.00,0.00,12.00,0.00,0.00,0,0,0.00,0
2026-04-29 18:39:27,733.78,0,0,0,0,0,0,0,0.00,0,1.00,4.91,1.89,3.84,0.83,D,0.00,12.00,12.00,12.00,2.10,^,0.00,,17.30,12.10,504,0.00,48.3,1,0,0.00,0.00,0.00,12.00,0.00,0.00,0,0,0.00,0
2026-04-29 18:39:29,734.79,0,0,0,0,0,0,0,0.00,0,1.00,4.91,1.89,3.80,0.78,D,0.00,12.00,12.00,12.00,2.02,^,0.00,,17.80,12.20,504,0.00,48.3,1,0,0.00,0.00,0.00,12.00,0.00,0.00,0,0,0.00,0
2026-04-29 18:39:30,735.81,0,0,0,0,0,0,0,0.00,0,0.67,4.91,1.89,3.67,0.45,D,0.00,12.00,12.00,12.00,2.18,^,0.00,,15.90,12.20,504,0.00,48.8,1,0,0.00,0.00,0.00,12.00,0.00,0.00,0,0,0.00,0
2026-04-29 18:39:31,736.82,0,0,0,0,0,0,0,0.73,0,1.00,4.91,1.89,3.25,0.68,D,0.00,12.00,12.00,2.60,2.31,^,0.00,,15.50,12.20,504,0.00,47.2,1,0,0.00,0.00,0.00,12.00,0.00,0.00,0,0,0.00,0
2026-04-29 18:39:32,737.83,0,0,0,0,0,0,0,0.00,0,1.00,4.91,1.90,3.40,0.87,D,0.00,2.96,12.00,2.10,2.22,^,0.00,,14.90,12.10,504,0.00,48.3,1,0,0.00,0.00,0.00,2.96,0.00,0.00,0,0,0.00,0
2026-04-29 18:39:33,738.85,0,0,0,0,0,0,0,0.00,0,0.00,4.91,1.90,1.75,0.64,D,0.00,2.17,12.00,2.48,1.90,^,0.00,,14.80,12.10,504,0.00,47.2,1,0,0.00,0.00,0.00,2.17,0.00,0.00,0,0,0.00,0
2026-04-29 18:39:34,739.86,1,0,0,0,0,0,0,-0.42,0,0.50,4.91,1.90,3.22,0.94,D,0.00,1.35,12.00,1.34,1.37,WARN_WARNING,-25.33,lidar_override,15.10,12.10,504,0.00,46.6,1,0,0.00,0.00,0.00,1.35,-0.44,1.00,0,0,0.00,0
2026-04-29 18:39:35,740.87,1,0,0,0,0,0,0,0.04,0,1.00,4.91,1.90,4.21,1.00,D,0.00,12.00,12.00,12.00,1.22,^,2.25,,18.60,12.10,504,0.00,47.2,1,0,0.00,0.00,0.00,12.00,0.04,1.00,0,0,0.00,0
2026-04-29 18:39:36,741.87,1,0,0,0,0,0,0,-0.02,0,1.00,4.91,1.90,4.40,1.00,D,0.00,12.00,12.00,12.00,1.67,^,-1.35,,14.80,12.10,504,0.00,47.7,1,0,0.00,0.00,0.00,12.00,-0.02,1.00,0,0,0.00,0
2026-04-29 18:39:37,742.88,1,0,0,0,0,0,0,-0.20,0,1.00,4.91,1.91,4.39,1.00,D,0.00,12.00,12.00,12.00,1.82,^,-12.19,,16.10,12.10,504,0.00,47.2,1,0,0.00,0.00,0.00,12.00,-0.20,1.00,0,0,0.00,0
2026-04-29 18:39:38,743.90,1,0,0,0,0,0,0,0.05,0,1.00,4.91,1.91,4.41,1.00,D,0.00,12.00,12.00,12.00,1.97,^,3.06,,15.90,12.10,504,0.00,48.3,1,0,0.00,0.00,0.00,12.00,0.05,1.00,0,0,0.00,0
2026-04-29 18:39:39,744.91,1,0,0,0,0,0,0,0.16,0,1.00,4.91,1.91,4.44,1.00,D,0.00,12.00,12.00,12.00,2.15,^,9.90,,16.60,12.10,504,0.00,47.2,1,0,0.00,0.00,0.00,12.00,0.16,1.00,0,0,0.00,0
2026-04-29 18:39:40,745.93,1,0,0,0,0,0,0,-0.01,0,1.00,4.91,1.92,4.41,1.00,D,0.00,12.00,12.00,12.00,2.28,^,-0.80,,16.80,12.10,504,0.00,46.6,1,0,0.00,0.00,0.00,12.00,-0.01,1.00,0,0,0.00,0
2026-04-29 18:39:41,746.94,1,0,0,0,0,0,0,-0.01,0,1.00,4.91,1.92,4.39,1.00,D,0.00,12.00,12.00,12.00,2.38,^,-0.64,,19.10,12.10,504,0.00,47.2,1,0,0.00,0.00,0.00,12.00,-0.01,1.00,0,0,0.00,0
2026-04-29 18:39:42,747.95,1,0,0,0,0,0,0,0.09,0,1.00,4.91,1.92,4.45,1.00,D,0.00,12.00,12.00,12.00,2.44,^,5.61,,17.70,12.20,504,0.00,48.3,1,0,0.00,0.00,0.00,12.00,0.09,1.00,0,0,0.00,0
2026-04-29 18:39:43,748.96,1,0,0,0,0,0,0,-0.01,0,1.00,4.91,1.93,4.46,1.00,D,0.00,12.00,12.00,12.00,2.51,^,-0.88,,18.60,12.20,504,0.00,47.7,1,0,0.00,0.00,0.00,12.00,-0.01,1.00,0,0,0.00,0
2026-04-29 18:39:44,750.07,1,0,0,0,0,0,0,0.00,0,1.00,4.91,1.93,4.37,1.00,D,0.00,12.00,12.00,12.00,2.59,^,0.23,,18.60,12.20,504,0.00,47.2,1,0,0.00,0.00,0.00,12.00,0.00,1.00,0,0,0.00,0
2026-04-29 18:39:45,750.97,1,0,0,0,0,0,0,0.02,0,1.00,4.91,1.93,4.42,1.00,D,0.00,12.00,12.00,12.00,2.61,^,1.08,,20.10,12.20,504,0.00,46.6,1,0,0.00,0.00,0.00,12.00,0.02,1.00,0,0,0.00,0
2026-04-29 18:39:46,752.09,1,0,0,0,0,0,0,0.07,0,1.00,4.91,1.94,4.33,1.00,D,0.00,12.00,12.00,12.00,2.53,^,3.98,,20.40,12.10,504,0.00,46.6,1,0,0.00,0.00,0.00,12.00,0.07,1.00,0,0,0.00,0
2026-04-29 18:39:47,752.99,1,0,0,0,0,0,0,-0.09,0,1.00,4.91,1.94,4.38,1.00,D,0.00,2.35,12.00,2.21,2.39,^,-5.61,,18.20,12.20,504,0.00,47.7,1,0,0.00,0.00,0.00,2.35,-0.09,1.00,0,0,0.00,0
2026-04-29 18:39:48,754.00,1,0,0,0,0,0,0,0.02,0,1.00,4.91,1.94,4.54,1.00,D,0.00,12.00,12.00,1.61,1.75,^,1.02,,15.10,12.20,504,0.00,47.7,1,0,0.00,0.00,0.00,12.00,0.02,1.00,0,0,0.00,0
2026-04-29 18:39:49,755.01,1,0,0,0,0,0,0,0.11,0,1.00,4.91,1.95,4.32,1.00,D,0.00,12.00,12.00,12.00,2.09,^,6.75,,17.40,12.20,504,0.00,48.3,1,0,0.00,0.00,0.00,12.00,0.11,1.00,0,0,0.00,0
2026-04-29 18:39:50,756.02,1,0,0,0,0,0,0,0.09,0,1.00,4.91,1.95,4.36,1.00,D,0.00,12.00,12.00,12.00,2.19,^,5.43,,15.30,12.10,504,0.00,48.3,1,0,0.00,0.00,0.00,12.00,0.09,1.00,0,0,0.00,0
2026-04-29 18:39:51,757.04,1,0,0,0,0,0,0,0.19,0,1.00,4.91,1.95,4.44,1.00,D,0.00,12.00,12.00,12.00,2.18,^,11.24,,16.40,12.10,504,0.00,47.7,1,0,0.00,0.00,0.00,12.00,0.19,1.00,0,0,0.00,0
2026-04-29 18:39:52,758.05,1,0,0,0,0,0,0,-0.14,0,1.00,4.91,1.96,4.29,1.00,D,0.00,12.00,12.00,12.00,2.19,^,-8.25,,17.30,12.20,504,0.00,46.1,1,0,0.00,0.00,0.00,12.00,-0.14,1.00,0,0,0.00,0
2026-04-29 18:39:53,759.16,1,0,0,0,0,0,0,-0.05,0,1.00,4.91,1.96,4.41,1.00,D,0.00,12.00,12.00,12.00,2.18,^,-3.28,,18.00,12.20,504,0.00,47.2,1,0,0.00,0.00,0.00,12.00,-0.05,1.00,0,0,0.00,0
2026-04-29 18:39:54,760.07,1,0,0,0,0,0,0,0.02,0,1.00,4.91,1.96,4.35,1.00,D,0.00,12.00,12.00,2.40,2.16,^,1.27,,17.70,12.10,504,0.00,47.7,1,0,0.00,0.00,0.00,12.00,0.02,1.00,0,0,0.00,0
2026-04-29 18:39:55,761.08,1,0,0,0,0,0,0,0.05,0,1.00,4.91,1.97,4.36,1.00,D,0.00,12.00,12.00,2.43,2.16,^,3.19,,15.60,12.20,504,0.00,48.3,1,0,0.00,0.00,0.00,12.00,0.05,1.00,0,0,0.00,0
2026-04-29 18:39:56,762.09,1,0,0,0,0,0,0,-0.02,0,1.00,4.91,1.97,4.44,1.00,D,0.00,12.00,12.00,2.22,2.23,^,-1.43,,14.90,12.10,504,0.00,49.4,1,0,0.00,0.00,0.00,12.00,-0.02,1.00,0,0,0.00,0
2026-04-29 18:39:57,763.11,1,0,0,0,0,0,0,-0.02,0,1.00,4.91,1.97,4.38,1.00,D,0.00,12.00,12.00,12.00,2.30,^,-1.08,,15.30,12.10,504,0.00,48.3,1,0,0.00,0.00,0.00,12.00,-0.02,1.00,0,0,0.00,0
2026-04-29 18:39:58,764.12,1,0,0,0,0,0,0,-0.00,0,1.00,4.91,1.97,4.36,1.00,D,0.00,12.00,12.00,12.00,2.39,^,-0.25,,16.80,12.10,504,0.00,47.7,1,0,0.00,0.00,0.00,12.00,-0.00,1.00,0,0,0.00,0
2026-04-29 18:39:59,765.13,1,0,0,0,0,0,0,0.18,0,1.00,4.91,1.98,4.37,1.00,D,0.00,12.00,12.00,1.79,2.58,^,11.05,,14.40,12.20,504,0.00,47.7,1,0,0.00,0.00,0.00,12.00,0.18,1.00,0,0,0.00,0
2026-04-29 18:40:00,766.14,1,0,0,0,0,0,0,-0.09,0,1.00,4.91,1.98,4.31,1.00,D,0.00,12.00,12.00,2.59,2.14,^,-5.50,,19.20,12.20,504,0.00,47.2,1,0,0.00,0.00,0.00,12.00,-0.09,1.00,0,0,0.00,0
2026-04-29 18:40:01,767.15,0,0,0,0,0,0,0,0.00,1,0.00,4.91,1.98,1.93,0.00,D,0.00,12.00,12.00,2.21,2.58,^,0.00,,19.10,12.20,504,0.00,47.2,1,0,0.00,0.00,0.00,12.00,0.00,0.00,0,0,0.00,0
2026-04-29 18:40:02,768.17,1,0,0,0,0,0,0,0.12,0,1.00,4.91,1.98,0.01,0.20,D,0.00,12.00,12.00,2.19,1.70,^,7.42,,16.70,12.20,504,0.30,46.6,1,0,0.00,0.00,0.00,12.00,0.12,1.00,0,0,0.00,0
2026-04-29 18:40:03,769.18,1,0,0,0,0,0,0,0.10,0,1.00,4.91,1.98,0.46,0.70,D,0.00,12.00,12.00,2.19,0.87,^,5.89,,14.50,12.20,504,0.00,45.5,1,0,0.00,0.00,0.00,12.00,0.10,1.00,0,0,0.00,0
2026-04-29 18:40:04,770.19,1,0,0,0,0,0,0,0.04,0,1.00,4.91,1.98,3.67,1.00,D,0.00,12.00,12.00,2.48,1.14,^,2.43,,18.00,12.20,504,0.00,45.5,1,0,0.00,0.00,0.00,12.00,0.04,1.00,0,0,0.00,0
2026-04-29 18:40:05,771.20,1,0,0,0,0,0,0,-0.12,0,1.00,4.91,1.98,4.20,1.00,D,0.00,12.00,12.00,2.93,1.86,^,-7.48,,17.50,12.20,504,0.00,46.6,1,0,0.00,0.00,0.00,12.00,-0.12,1.00,0,0,0.00,0
2026-04-29 18:40:06,772.31,1,0,0,0,0,0,0,0.06,0,1.00,4.91,1.99,4.37,1.00,D,0.00,12.00,12.00,2.46,2.48,^,3.84,,18.70,12.20,504,0.00,45.5,1,0,0.00,0.00,0.00,12.00,0.06,1.00,0,0,0.00,0
2026-04-29 18:40:07,773.22,1,0,0,0,0,0,0,-0.42,0,0.50,4.91,1.99,4.25,0.92,D,0.00,2.09,12.00,1.71,2.11,WARN_WARNING,-25.33,lidar_override,19.60,12.20,504,0.00,46.6,1,0,0.00,0.00,0.00,2.09,-0.17,1.00,0,0,0.00,0
2026-04-29 18:40:08,774.23,1,0,0,0,0,0,0,0.25,0,1.00,4.91,1.99,4.38,1.00,D,0.00,12.00,12.00,1.62,1.96,^,14.94,,18.70,12.20,504,0.00,46.1,1,0,0.00,0.00,0.00,12.00,0.25,1.00,0,0,0.00,0
2026-04-29 18:40:09,775.24,1,0,0,0,0,0,0,0.13,0,1.00,4.91,1.99,4.33,1.00,D,0.00,12.00,12.00,1.60,1.50,^,7.89,,20.10,12.20,504,0.00,46.6,1,0,0.00,0.00,0.00,12.00,0.13,1.00,0,0,0.00,0
2026-04-29 18:40:10,776.35,1,0,0,0,0,0,0,-0.01,0,1.00,4.91,2.00,4.42,1.00,D,0.00,12.00,12.00,12.00,2.33,^,-0.85,,19.20,12.20,504,0.00,46.1,1,0,0.00,0.00,0.00,12.00,-0.01,1.00,0,0,0.00,0
2026-04-29 18:40:11,777.26,1,0,0,0,0,0,0,0.04,0,1.00,4.91,2.00,4.47,1.00,D,0.00,12.00,12.00,12.00,12.00,^,2.39,,19.10,12.20,504,0.00,46.6,1,0,0.00,0.00,0.00,12.00,0.04,1.00,0,0,0.00,0
2026-04-29 18:40:12,778.25,1,0,0,0,0,0,0,-0.02,0,1.00,4.91,2.00,4.49,1.00,D,0.00,12.00,12.00,12.00,12.00,^,-1.28,,18.10,12.20,504,0.00,46.6,1,0,0.00,0.00,0.00,12.00,-0.02,1.00,0,0,0.00,0
2026-04-29 18:40:13,779.27,1,0,0,0,0,0,0,-0.01,0,1.00,4.91,2.01,4.47,1.00,D,0.00,12.00,12.00,12.00,14.02,^,-0.90,,19.70,12.20,504,0.00,45.5,1,0,0.00,0.00,0.00,12.00,-0.01,1.00,0,0,0.00,0
2026-04-29 18:40:14,780.28,1,0,0,0,0,0,0,0.02,0,1.00,4.91,2.01,4.47,1.00,D,0.00,12.00,12.00,12.00,12.00,^,1.01,,18.90,12.20,504,0.00,46.6,1,0,0.00,0.00,0.00,12.00,0.02,1.00,0,0,0.00,0
2026-04-29 18:40:15,781.29,1,0,0,0,0,0,0,-0.08,0,1.00,4.91,2.01,4.44,1.00,D,0.00,3.05,12.00,2.40,15.09,^,-4.75,,19.30,12.20,504,0.00,46.6,1,0,0.00,0.00,0.00,3.05,-0.08,1.00,0,0,0.00,0
2026-04-29 18:40:16,782.30,1,0,0,0,0,0,0,0.42,0,0.50,4.91,2.02,4.43,0.74,D,0.00,1.27,1.36,12.00,12.00,WARN_WARNING,25.33,lidar_override,20.30,12.20,504,0.00,47.7,1,0,0.00,0.00,0.00,1.27,-0.03,1.00,0,0,0.00,0
2026-04-29 18:40:17,783.32,1,0,0,0,0,0,0,-0.26,0,1.00,4.91,2.02,3.23,1.00,D,0.00,12.00,3.08,12.00,0.98,^,-15.76,,18.40,12.20,504,0.00,45.5,1,0,0.00,0.00,0.00,12.00,-0.26,1.00,0,0,0.00,0
2026-04-29 18:40:18,784.33,1,0,0,0,0,0,0,-0.09,0,1.00,4.91,2.02,4.34,1.00,D,0.00,2.13,1.87,12.00,2.05,^,-5.42,,17.50,12.20,504,0.00,47.2,1,0,0.00,0.00,0.00,2.13,-0.09,1.00,0,0,0.00,0
2026-04-29 18:40:19,785.34,1,0,0,0,0,0,0,-0.09,0,1.00,4.91,2.02,3.29,0.59,D,0.00,12.00,1.45,0.78,0.87,^,-5.65,,15.90,12.20,504,0.00,48.3,1,0,0.00,0.00,0.00,12.00,-0.09,1.00,0,0,0.00,0
2026-04-29 18:40:20,786.35,1,0,0,0,0,0,0,0.23,0,1.00,4.91,2.03,3.97,1.00,D,0.00,12.00,12.00,12.00,1.68,^,13.64,,15.30,12.20,504,0.00,47.2,1,0,0.00,0.00,0.00,12.00,0.23,1.00,0,0,0.00,0
2026-04-29 18:40:21,787.37,1,0,0,0,0,0,0,0.11,0,1.00,4.91,2.03,4.45,1.00,D,0.00,12.00,12.00,12.00,3.26,^,6.61,,14.90,12.10,504,0.00,48.8,1,0,0.00,0.00,0.00,12.00,0.11,1.00,0,0,0.00,0
2026-04-29 18:40:22,788.38,1,0,0,0,0,0,0,0.08,0,1.00,4.91,2.03,4.25,1.00,D,0.00,12.00,12.00,12.00,12.00,^,4.86,,15.50,12.20,504,0.00,47.7,1,0,0.00,0.00,0.00,12.00,0.08,1.00,0,0,0.00,0
2026-04-29 18:40:23,789.39,0,0,0,0,0,0,0,0.00,0,1.00,4.91,2.03,3.26,0.41,D,0.00,12.00,12.00,12.00,12.00,^,0.00,,17.10,12.20,504,0.00,47.7,1,0,0.00,0.00,0.00,12.00,0.00,0.00,0,0,0.00,0
2026-04-29 18:40:24,790.50,0,0,0,0,0,0,0,0.00,0,1.00,4.91,2.03,1.54,0.92,D,0.00,12.00,12.00,4.42,12.00,^,0.00,,16.90,12.20,504,0.00,47.7,1,0,0.00,0.00,0.00,12.00,0.00,0.00,0,0,0.00,0
2026-04-29 18:40:25,791.41,0,0,0,0,0,0,0,0.00,0,1.00,4.91,2.03,3.30,1.00,D,0.00,12.00,12.00,12.00,2.18,^,0.00,,17.60,12.20,504,0.00,47.7,1,0,0.00,0.00,0.00,12.00,0.00,0.00,0,0,0.00,0
2026-04-29 18:40:26,792.42,0,0,0,0,0,0,0,0.00,0,1.00,4.91,2.04,3.37,1.00,D,0.00,12.00,12.00,12.00,1.62,^,0.00,,18.20,12.20,504,0.00,46.1,1,0,0.00,0.00,0.00,12.00,0.00,0.00,0,0,0.00,0
2026-04-29 18:40:27,793.43,0,0,0,0,0,0,0,0.00,0,1.00,4.91,2.04,3.37,1.00,D,0.00,12.00,12.00,12.00,1.53,^,0.00,,18.20,12.20,504,0.00,47.2,1,0,0.00,0.00,0.00,12.00,0.00,0.00,0,0,0.00,0
2026-04-29 18:40:28,794.44,0,0,0,0,0,0,0,0.00,0,1.00,4.91,2.04,3.45,1.00,D,0.00,12.00,12.00,2.49,1.50,^,0.00,,14.80,12.20,504,0.00,47.7,1,0,0.00,0.00,0.00,12.00,0.00,0.00,0,0,0.00,0
2026-04-29 18:40:29,795.45,0,0,0,0,0,0,0,0.00,0,1.00,4.91,2.04,3.65,1.00,D,0.00,12.00,12.00,12.00,1.98,^,0.00,,15.10,12.20,504,0.00,46.6,1,0,0.00,0.00,0.00,12.00,0.00,0.00,0,0,0.00,0
2026-04-29 18:40:30,796.47,0,0,0,0,0,0,0,-0.30,0,1.00,4.91,2.04,3.62,1.00,D,0.00,2.49,12.00,2.65,2.23,^,0.00,,16.00,12.20,504,0.00,48.3,1,0,0.00,0.00,0.00,2.49,0.00,0.00,0,0,0.00,0
2026-04-29 18:40:31,797.48,0,0,0,0,0,0,0,-0.20,0,1.00,4.91,2.05,3.76,1.00,D,0.00,1.52,2.56,1.24,1.38,WARN_WARNING,0.00,,17.20,12.20,504,0.00,47.7,1,0,0.00,0.00,0.00,1.52,0.00,0.00,0,0,0.00,0
2026-04-29 18:40:32,798.49,0,0,0,0,0,0,0,0.00,0,0.00,4.91,2.04,0.00,0.00,D,0.00,1.68,12.00,1.14,1.14,^,0.00,,14.60,12.20,504,0.30,46.1,1,0,0.00,0.00,0.00,1.68,0.00,0.00,0,0,0.00,0
2026-04-29 18:40:33,799.50,0,0,0,0,0,0,0,0.00,0,0.00,4.91,2.04,0.00,0.00,D,0.00,1.68,12.00,1.14,0.97,^,0.00,,14.70,12.20,504,1.31,47.2,1,0,0.00,0.00,0.00,1.68,0.00,0.00,0,0,0.00,0
2026-04-29 18:40:34,800.51,0,0,0,0,0,0,0,1.00,0,1.00,4.91,2.04,0.00,0.32,D,0.00,1.69,12.00,1.14,0.47,^,0.00,,15.80,12.20,504,2.32,47.2,1,0,0.00,0.00,0.00,1.69,0.00,0.00,0,0,0.00,0
2026-04-29 18:40:35,801.53,0,0,0,0,0,0,0,1.00,0,1.00,4.91,2.04,0.61,0.83,D,0.00,1.66,12.00,1.13,0.52,^,0.00,,15.50,12.20,504,0.00,46.6,1,0,0.00,0.00,0.00,1.66,0.00,0.00,0,0,0.00,0
2026-04-29 18:40:36,802.53,0,0,0,0,0,0,0,0.00,1,0.00,4.91,2.04,0.00,0.00,D,0.00,0.69,0.85,0.74,1.09,WARN_WARNING,0.00,,20.60,12.20,504,0.03,47.7,1,0,0.00,0.00,0.00,0.69,0.00,0.00,0,0,0.00,0
2026-04-29 18:40:37,803.53,0,0,0,0,0,0,0,0.00,0,0.00,4.91,2.03,0.00,0.00,D,0.00,0.67,0.85,0.73,0.40,WARN_WARNING,0.00,,15.50,12.20,504,0.93,47.2,1,0,0.00,0.00,0.00,0.67,0.00,0.00,0,0,0.00,0
2026-04-29 18:40:38,804.55,0,0,0,0,0,0,0,0.00,0,0.00,4.91,2.03,0.00,0.00,D,0.00,0.67,0.85,0.73,0.16,WARN_WARNING,0.00,,15.30,12.20,504,1.95,47.2,1,0,0.00,0.00,0.00,0.67,0.00,0.00,0,0,0.00,0
2026-04-29 18:40:39,805.56,0,0,0,0,0,0,0,0.00,0,0.00,4.91,2.03,0.00,0.00,D,0.00,0.67,0.86,0.72,0.16,WARN_WARNING,0.00,,17.30,12.10,504,0.12,47.2,1,0,0.00,0.00,0.00,0.67,0.00,0.00,0,0,0.00,0
2026-04-29 18:40:40,806.57,0,0,0,0,0,0,0,0.00,1,0.00,4.91,2.03,0.00,0.00,D,0.00,0.23,0.85,0.73,0.13,STOP_WARNING,0.00,aeb_stop,14.10,12.20,504,1.13,45.5,1,1,0.00,0.00,0.00,0.23,0.00,0.00,0,0,0.00,0
2026-04-29 18:40:41,807.58,0,0,0,0,0,0,0,0.00,1,0.00,4.91,2.02,0.00,0.00,D,0.00,0.32,0.85,0.12,1.15,STOP_WARNING,0.00,aeb_stop,15.40,12.20,504,2.14,46.6,1,1,0.00,0.00,0.00,0.32,0.00,0.00,0,0,0.00,0
2026-04-29 18:40:42,808.69,0,0,0,0,0,0,0,0.00,1,0.00,4.91,2.02,0.00,0.00,D,0.00,0.14,0.86,0.12,1.14,STOP_WARNING,0.00,aeb_stop,16.10,12.20,504,3.26,46.6,1,1,0.00,0.00,0.00,0.14,0.00,0.00,0,0,0.00,0
2026-04-29 18:40:43,809.60,0,0,0,0,0,0,0,0.00,1,0.00,4.91,2.02,0.00,0.00,D,0.00,0.32,0.86,0.12,1.14,STOP_WARNING,0.00,aeb_stop,14.90,12.20,504,4.17,46.6,1,1,0.00,0.00,0.00,0.32,0.00,0.00,0,0,0.00,0
2026-04-29 18:40:44,810.61,0,0,0,0,0,0,0,0.00,1,0.00,4.91,2.02,0.00,0.00,D,0.00,0.67,0.86,0.27,0.25,WARN_WARNING,0.00,,15.40,12.20,504,5.18,45.5,1,0,0.00,0.00,0.00,0.67,0.00,0.00,0,0,0.00,0
2026-04-29 18:40:45,811.62,0,0,0,0,0,0,0,0.00,1,0.00,4.91,2.01,0.00,0.00,D,0.00,0.67,0.86,0.73,0.69,WARN_WARNING,0.00,,17.30,12.20,504,6.18,45.0,1,0,0.00,0.00,0.00,0.67,0.00,0.00,0,0,0.00,0
2026-04-29 18:40:46,812.63,0,0,0,0,0,0,0,0.58,1,1.00,4.91,2.01,0.00,0.00,D,0.00,0.68,0.87,0.73,1.00,WARN_WARNING,0.00,,14.50,12.20,504,7.20,46.1,1,0,0.00,0.00,0.00,0.68,0.00,0.00,0,0,0.00,0
2026-04-29 18:40:47,813.64,0,0,0,0,0,0,0,0.59,1,0.24,4.91,2.01,0.00,0.00,D,0.00,1.58,1.09,12.00,1.14,^,0.00,,14.90,12.20,504,8.21,46.1,1,0,0.00,0.00,0.00,1.58,0.00,0.00,0,0,0.00,0
2026-04-29 18:40:48,814.64,0,0,1,1,0,0,0,0.00,0,0.00,4.91,2.01,0.00,-0.00,R,0.00,1.58,1.09,12.00,1.15,^,0.00,,14.30,12.20,504,9.21,46.6,1,0,0.00,0.00,0.00,1.58,0.00,0.00,0,0,0.00,0
2026-04-29 18:40:49,815.65,0,0,1,0,0,0,0,0.16,0,1.00,4.91,2.00,0.00,0.14,D,0.00,1.59,1.09,12.00,1.14,^,0.00,,14.40,12.20,504,10.22,46.6,1,0,0.00,0.00,0.00,1.59,0.00,0.00,0,0,0.00,0
2026-04-29 18:40:50,816.76,0,0,0,0,0,0,0,0.20,0,1.00,4.91,2.00,0.09,0.65,D,0.00,1.60,1.08,12.00,1.14,^,0.00,,15.50,12.20,504,0.00,47.7,1,0,0.00,0.00,0.00,1.60,0.00,0.00,0,0,0.00,0
2026-04-29 18:40:51,817.67,0,0,0,0,0,0,0,0.00,0,1.00,4.91,2.00,3.05,1.00,D,0.00,2.55,0.95,3.61,0.95,^,0.00,,21.00,12.20,504,0.00,45.5,1,0,0.00,0.00,0.00,2.55,0.00,0.00,0,0,0.00,0
2026-04-29 18:40:52,818.68,0,0,0,0,0,0,0,0.00,0,1.00,4.91,2.00,3.85,1.00,D,0.00,2.88,1.44,0.59,0.63,^,0.00,,17.10,12.20,504,0.00,46.6,1,0,0.00,0.00,0.00,2.88,0.00,0.00,0,0,0.00,0
2026-04-29 18:40:53,819.69,0,0,0,0,0,0,0,0.00,0,1.00,4.91,2.01,4.00,1.00,D,0.00,1.28,1.35,0.73,1.22,WARN_WARNING,0.00,,14.30,12.20,504,0.00,46.6,1,0,0.00,0.00,0.00,1.28,0.00,0.00,0,0,0.00,0
2026-04-29 18:40:54,820.70,0,0,0,0,0,0,0,0.00,1,0.00,4.91,2.01,0.00,0.00,D,0.00,0.67,0.52,0.66,0.65,WARN_WARNING,0.00,,14.30,12.20,504,0.17,46.6,1,0,0.00,0.00,0.00,0.67,0.00,0.00,0,0,0.00,0
2026-04-29 18:40:55,821.36,0,0,0,0,1,0,0,0.00,1,0.00,4.91,2.00,0.00,0.00,D,0.00,0.68,0.52,0.66,0.66,WARN_WARNING,0.00,,14.20,12.20,504,0.83,46.1,1,0,0.00,0.00,0.00,0.68,0.00,0.00,0,0,0.00,0
