Current Time,Time Since Program Started (s),Autonomous Mode (On/Off),Cruise Control (Active/Inactive),Shift Up PRND (Event),Shift Down PRND (Event),Quit (Event),Increase CC (Event),Decrease CC (Event),Steer (Value),Brake (On/Off),Gas (Value),Maximum Speed Recall (MPH),Average Speed (MPH),Current Speed (MPH),Motor PWM Value,Gear Mode,Cruise Control Target Speed (MPH),LiDAR Front Distance (m),LiDAR Left Distance (m),LiDAR Right Distance (m),LiDAR Back Distance (m),LiDAR Determined Direction,Target Heading (deg),Stop Reason,CPU Usage (%),Memory Usage (%),Number of LiDAR Points in Scan,Time Since Last Hall Sensor Pulse (s),CPU Temp (C),AEB Enabled (On/Off),AEB Triggered (On/Off),PID Output (Cruise Control),LiDAR Best Heading (deg),LiDAR Heading Confidence,LiDAR Forward Clearance (m),Camera Steering Bias,Camera Confidence,Camera Left Edge Found,Camera Right Edge Found,Camera Corridor Width (px),Driveway Cut Suspected
2026-05-02 12:26:46,3.87,0,0,0,0,0,0,0,0.00,1,0.00,0.00,0.00,0.00,0.00,P,0.00,0.52,12.00,0.51,1.83,STOP_WARNING,0.00,aeb_stop,21.70,12.60,504,3.87,49.9,1,1,0.00,0.00,0.00,0.52,0.00,0.00,0,0,0.00,0
2026-05-02 12:26:47,4.89,0,0,0,0,0,0,0,0.00,1,0.00,0.00,0.00,0.00,0.00,P,0.00,0.51,12.00,0.51,1.83,STOP_WARNING,0.00,aeb_stop,11.50,12.60,504,4.89,49.9,1,1,0.00,0.00,0.00,0.51,0.00,0.00,0,0,0.00,0
2026-05-02 12:26:48,5.90,0,0,0,0,0,0,0,0.00,1,0.00,0.00,0.00,0.00,0.00,P,0.00,0.51,12.00,0.51,1.82,STOP_WARNING,0.00,aeb_stop,12.30,12.60,504,5.90,49.9,1,1,0.00,0.00,0.00,0.51,0.00,0.00,0,0,0.00,0
2026-05-02 12:26:49,6.91,0,0,0,0,0,0,0,0.00,1,0.00,0.00,0.00,0.00,0.00,P,0.00,0.52,12.00,0.51,1.83,STOP_WARNING,0.00,aeb_stop,12.30,12.60,504,6.91,48.8,1,1,0.00,0.00,0.00,0.52,0.00,0.00,0,0,0.00,0
2026-05-02 12:26:50,7.93,0,0,1,0,0,0,0,0.00,0,0.00,0.00,0.00,0.00,-0.00,R,0.00,0.52,12.00,0.51,1.83,STOP_WARNING,0.00,,12.50,12.60,504,7.93,49.4,1,0,0.00,0.00,0.00,0.52,0.00,0.00,0,0,0.00,0
2026-05-02 12:26:51,8.94,0,0,0,0,0,0,0,0.00,0,1.00,0.01,0.00,0.01,-0.37,R,0.00,0.51,12.00,0.51,1.83,STOP_WARNING,0.00,,15.60,12.60,504,0.04,48.8,1,0,0.00,0.00,0.00,0.51,0.00,0.00,0,0,0.00,0
2026-05-02 12:26:52,9.95,0,0,0,0,0,0,0,0.00,0,1.00,1.28,0.04,1.28,-0.57,R,0.00,3.33,12.00,0.64,1.75,^,0.00,,17.20,12.50,504,0.00,48.8,1,0,0.00,0.00,0.00,3.33,0.00,0.00,0,0,0.00,0
2026-05-02 12:26:53,10.97,0,0,0,0,0,0,0,0.00,0,0.00,2.02,0.20,1.94,-0.07,R,0.00,1.40,1.75,1.58,4.88,^,0.00,,16.20,12.50,504,0.00,48.8,1,0,0.00,0.00,0.00,1.40,0.00,0.00,0,0,0.00,0
2026-05-02 12:26:54,11.98,0,0,0,0,0,0,0,0.00,0,1.00,2.02,0.32,1.38,-0.29,R,0.00,2.06,1.99,12.00,12.00,^,0.00,,16.40,12.60,504,0.00,47.7,1,0,0.00,0.00,0.00,2.06,0.00,0.00,0,0,0.00,0
2026-05-02 12:26:55,13.00,0,0,0,0,0,0,0,0.00,0,1.00,2.02,0.40,1.35,-0.43,R,0.00,2.60,2.34,12.00,12.00,^,0.00,,18.10,12.60,504,0.00,47.2,1,0,0.00,0.00,0.00,2.60,0.00,0.00,0,0,0.00,0
2026-05-02 12:26:56,14.01,0,0,0,0,0,0,0,0.00,0,0.64,2.20,0.50,2.20,-0.47,R,0.00,3.34,12.00,12.00,12.00,^,0.00,,14.90,12.60,504,0.00,48.3,1,0,0.00,0.00,0.00,3.34,0.00,0.00,0,0,0.00,0
2026-05-02 12:26:57,15.01,0,0,0,0,0,0,0,0.00,0,0.00,2.67,0.63,2.56,-0.24,R,0.00,12.00,12.00,12.00,12.00,^,0.00,,17.20,12.60,504,0.00,48.3,1,0,0.00,0.00,0.00,12.00,0.00,0.00,0,0,0.00,0
2026-05-02 12:26:58,16.13,0,0,0,0,0,0,0,-1.00,0,1.00,2.67,0.72,1.69,-0.18,R,0.00,12.00,12.00,12.00,12.00,^,0.00,,15.40,12.60,504,0.00,47.2,1,0,0.00,0.00,0.00,12.00,0.00,0.00,0,0,0.00,0
2026-05-02 12:26:59,17.03,0,0,0,0,0,0,0,0.00,0,1.00,2.67,0.77,1.59,-0.69,R,0.00,12.00,12.00,12.00,12.00,^,0.00,,16.30,12.50,504,0.00,47.2,1,0,0.00,0.00,0.00,12.00,0.00,0.00,0,0,0.00,0
2026-05-02 12:27:00,18.05,0,0,0,0,0,0,0,0.48,0,1.00,3.76,0.87,3.76,-1.00,R,0.00,12.00,12.00,12.00,2.33,^,0.00,,16.50,12.50,504,0.00,49.4,1,0,0.00,0.00,0.00,12.00,0.00,0.00,0,0,0.00,0
2026-05-02 12:27:01,19.06,0,0,0,0,0,0,0,0.00,1,0.00,4.16,1.00,1.10,0.00,R,0.00,12.00,1.98,12.00,12.00,^,0.00,,14.90,12.50,504,0.00,48.8,1,0,0.00,0.00,0.00,12.00,0.00,0.00,0,0,0.00,0
2026-05-02 12:27:02,20.06,0,0,0,0,0,0,0,0.00,0,0.00,4.16,0.96,0.00,-0.00,R,0.00,12.00,1.98,12.00,12.00,^,0.00,,12.20,12.40,504,0.75,49.4,1,0,0.00,0.00,0.00,12.00,0.00,0.00,0,0,0.00,0
2026-05-02 12:27:03,21.08,0,0,0,0,0,0,0,0.00,1,0.00,4.16,0.91,0.00,0.00,R,0.00,12.00,2.19,12.00,12.00,^,0.00,,12.60,12.40,504,1.77,48.8,1,0,0.00,0.00,0.00,12.00,0.00,0.00,0,0,0.00,0
2026-05-02 12:27:04,22.08,0,0,0,0,0,0,0,0.00,0,0.00,4.16,0.87,0.00,-0.00,R,0.00,12.00,2.31,12.00,12.00,^,0.00,,12.80,12.40,504,2.78,49.4,1,0,0.00,0.00,0.00,12.00,0.00,0.00,0,0,0.00,0
2026-05-02 12:27:05,23.10,0,0,0,0,0,0,0,0.00,1,0.00,4.16,0.83,0.00,0.00,R,0.00,12.00,2.29,12.00,12.00,^,0.00,,12.70,12.40,504,3.79,47.7,1,0,0.00,0.00,0.00,12.00,0.00,0.00,0,0,0.00,0
2026-05-02 12:27:06,24.10,0,0,0,0,0,0,0,0.00,1,0.00,4.16,0.80,0.00,0.00,R,0.00,12.00,2.33,12.00,12.00,^,0.00,,14.00,12.60,504,4.79,48.3,1,0,0.00,0.00,0.00,12.00,0.00,0.00,0,0,0.00,0
2026-05-02 12:27:07,25.11,0,0,0,0,0,0,0,0.00,0,0.00,4.16,0.77,0.00,-0.00,R,0.00,12.00,12.00,12.00,12.00,^,0.00,,13.70,12.70,504,5.81,48.3,1,0,0.00,0.00,0.00,12.00,0.00,0.00,0,0,0.00,0
2026-05-02 12:27:08,26.12,0,0,0,0,0,0,0,0.00,0,0.00,4.16,0.74,0.00,-0.00,R,0.00,12.00,12.00,12.00,12.00,^,0.00,,11.20,12.80,504,6.82,48.3,1,0,0.00,0.00,0.00,12.00,0.00,0.00,0,0,0.00,0
2026-05-02 12:27:09,27.12,0,0,0,0,0,0,0,0.00,0,0.00,4.16,0.71,0.00,-0.00,R,0.00,12.00,12.00,12.00,12.00,^,0.00,,11.70,12.70,504,7.82,49.9,1,0,0.00,0.00,0.00,12.00,0.00,0.00,0,0,0.00,0
2026-05-02 12:27:10,28.14,0,0,0,0,0,0,0,0.00,0,0.00,4.16,0.68,0.00,-0.00,R,0.00,12.00,12.00,12.00,12.00,^,0.00,,12.90,12.90,504,8.83,50.5,1,0,0.00,0.00,0.00,12.00,0.00,0.00,0,0,0.00,0
2026-05-02 12:27:11,29.16,0,0,0,0,0,0,0,0.00,0,0.00,4.16,0.66,0.00,-0.00,R,0.00,12.00,12.00,12.00,12.00,^,0.00,,14.10,12.80,504,9.85,49.4,1,0,0.00,0.00,0.00,12.00,0.00,0.00,0,0,0.00,0
2026-05-02 12:27:12,30.27,0,0,0,0,0,0,0,0.00,0,0.00,4.16,0.64,0.00,-0.00,R,0.00,12.00,12.00,12.00,12.00,^,0.00,,14.00,12.70,504,10.96,49.4,1,0,0.00,0.00,0.00,12.00,0.00,0.00,0,0,0.00,0
2026-05-02 12:27:13,31.17,0,0,0,0,0,0,0,0.00,0,0.00,4.16,0.62,0.00,-0.00,R,0.00,12.00,12.00,12.00,12.00,^,0.00,,13.90,12.70,504,11.86,48.8,1,0,0.00,0.00,0.00,12.00,0.00,0.00,0,0,0.00,0
2026-05-02 12:27:14,32.18,0,0,0,0,0,0,0,0.00,0,0.00,4.16,0.60,0.00,-0.00,R,0.00,12.00,12.00,12.00,12.00,^,0.00,,13.80,12.50,504,12.88,47.7,1,0,0.00,0.00,0.00,12.00,0.00,0.00,0,0,0.00,0
2026-05-02 12:27:15,33.19,0,0,0,0,0,0,0,0.00,0,0.00,4.16,0.58,0.00,-0.00,R,0.00,12.00,12.00,12.00,12.00,^,0.00,,13.50,12.50,504,13.89,48.8,1,0,0.00,0.00,0.00,12.00,0.00,0.00,0,0,0.00,0
2026-05-02 12:27:16,34.21,0,0,0,0,0,0,0,0.00,0,0.00,4.16,0.56,0.00,-0.00,R,0.00,12.00,12.00,12.00,12.00,^,0.00,,13.70,12.60,504,14.90,49.4,1,0,0.00,0.00,0.00,12.00,0.00,0.00,0,0,0.00,0
2026-05-02 12:27:17,35.22,0,0,0,0,0,0,0,0.00,0,0.00,4.16,0.55,0.00,-0.00,R,0.00,12.00,12.00,12.00,12.00,^,0.00,,14.20,12.40,504,15.91,48.8,1,0,0.00,0.00,0.00,12.00,0.00,0.00,0,0,0.00,0
2026-05-02 12:27:18,36.23,0,0,0,0,0,0,0,0.00,0,0.00,4.16,0.53,0.00,-0.00,R,0.00,12.00,12.00,12.00,12.00,^,0.00,,13.50,12.30,504,16.92,48.8,1,0,0.00,0.00,0.00,12.00,0.00,0.00,0,0,0.00,0
2026-05-02 12:27:19,37.24,0,0,0,0,0,0,0,0.00,0,0.00,4.16,0.52,0.00,-0.00,R,0.00,12.00,12.00,12.00,12.00,^,0.00,,13.70,12.20,504,17.94,47.2,1,0,0.00,0.00,0.00,12.00,0.00,0.00,0,0,0.00,0
2026-05-02 12:27:20,38.35,0,0,0,0,0,0,0,0.00,0,0.00,4.16,0.50,0.00,-0.00,R,0.00,12.00,12.00,12.00,12.00,^,0.00,,13.60,12.30,504,19.05,48.3,1,0,0.00,0.00,0.00,12.00,0.00,0.00,0,0,0.00,0
2026-05-02 12:27:21,39.26,0,0,0,0,0,0,0,0.00,0,0.00,4.16,0.49,0.00,-0.00,R,0.00,12.00,12.00,12.00,12.00,^,0.00,,14.60,12.30,504,19.95,47.2,1,0,0.00,0.00,0.00,12.00,0.00,0.00,0,0,0.00,0
2026-05-02 12:27:22,40.26,0,0,0,0,0,0,0,0.00,0,0.00,4.16,0.48,0.00,-0.00,R,0.00,12.00,12.00,12.00,12.00,^,0.00,,15.20,12.30,504,20.95,47.2,1,0,0.00,0.00,0.00,12.00,0.00,0.00,0,0,0.00,0
2026-05-02 12:27:23,41.27,0,0,0,0,0,0,0,0.00,0,0.00,4.16,0.47,0.00,-0.00,R,0.00,12.00,12.00,12.00,12.00,^,0.00,,14.30,12.40,504,21.97,48.3,1,0,0.00,0.00,0.00,12.00,0.00,0.00,0,0,0.00,0
2026-05-02 12:27:24,42.28,0,0,0,0,0,0,0,0.00,0,0.00,4.16,0.46,0.00,-0.00,R,0.00,12.00,12.00,12.00,12.00,^,0.00,,14.20,12.50,504,22.98,48.3,1,0,0.00,0.00,0.00,12.00,0.00,0.00,0,0,0.00,0
2026-05-02 12:27:25,43.30,0,0,0,0,0,0,0,0.00,0,0.00,4.16,0.44,0.00,-0.00,R,0.00,12.00,12.00,12.00,12.00,^,0.00,,14.50,12.70,504,23.99,46.6,1,0,0.00,0.00,0.00,12.00,0.00,0.00,0,0,0.00,0
2026-05-02 12:27:26,44.41,0,0,0,0,0,0,0,0.00,0,0.00,4.16,0.43,0.00,-0.00,R,0.00,12.00,12.00,12.00,12.00,^,0.00,,13.90,12.80,504,25.10,48.3,1,0,0.00,0.00,0.00,12.00,0.00,0.00,0,0,0.00,0
2026-05-02 12:27:27,45.31,0,0,0,0,0,0,0,0.00,0,0.00,4.16,0.43,0.00,-0.00,R,0.00,12.00,12.00,12.00,12.00,^,0.00,,14.80,12.60,504,26.01,47.2,1,0,0.00,0.00,0.00,12.00,0.00,0.00,0,0,0.00,0
2026-05-02 12:27:28,46.33,0,0,0,0,0,0,0,0.00,0,0.00,4.16,0.42,0.00,-0.00,R,0.00,12.00,12.00,12.00,12.00,^,0.00,,13.90,12.60,504,27.02,47.2,1,0,0.00,0.00,0.00,12.00,0.00,0.00,0,0,0.00,0
2026-05-02 12:27:29,47.34,0,0,0,0,0,0,0,0.00,0,0.00,4.16,0.41,0.00,-0.00,R,0.00,12.00,12.00,12.00,12.00,^,0.00,,16.40,12.70,504,28.03,46.6,1,0,0.00,0.00,0.00,12.00,0.00,0.00,0,0,0.00,0
2026-05-02 12:27:30,48.34,0,0,0,0,0,0,0,0.00,0,0.00,4.16,0.40,0.00,-0.00,R,0.00,12.00,12.00,12.00,12.00,^,0.00,,14.80,12.70,504,29.04,48.3,1,0,0.00,0.00,0.00,12.00,0.00,0.00,0,0,0.00,0
2026-05-02 12:27:31,49.36,1,0,0,0,0,0,0,-0.16,0,1.00,4.16,0.39,0.01,0.40,D,0.00,12.00,12.00,12.00,12.00,^,-9.62,,13.80,12.70,504,0.05,48.3,1,0,0.00,0.00,0.00,12.00,-0.16,1.00,0,0,0.00,0
2026-05-02 12:27:32,50.37,1,0,0,0,0,0,0,0.03,0,1.00,4.16,0.39,1.30,0.91,D,0.00,12.00,12.00,12.00,12.00,^,1.57,,14.90,12.70,504,0.00,48.3,1,0,0.00,0.00,0.00,12.00,0.03,1.00,0,0,0.00,0
2026-05-02 12:27:33,51.38,1,0,0,0,0,0,0,-0.02,0,1.00,4.16,0.44,3.77,1.00,D,0.00,12.00,12.00,12.00,1.36,^,-1.00,,13.30,12.60,504,0.00,49.4,1,0,0.00,0.00,0.00,12.00,-0.02,1.00,0,0,0.00,0
2026-05-02 12:27:34,52.40,1,0,0,0,0,0,0,-0.01,0,1.00,4.16,0.51,4.06,1.00,D,0.00,12.00,12.00,12.00,1.56,^,-0.79,,13.70,12.50,504,0.00,48.3,1,0,0.00,0.00,0.00,12.00,-0.01,1.00,0,0,0.00,0
2026-05-02 12:27:35,53.41,1,0,0,0,0,0,0,-0.03,0,1.00,4.16,0.57,3.90,1.00,D,0.00,12.00,12.00,12.00,1.90,^,-2.07,,14.40,12.50,504,0.00,47.7,1,0,0.00,0.00,0.00,12.00,-0.03,1.00,0,0,0.00,0
2026-05-02 12:27:36,54.42,0,0,0,0,0,0,0,-0.86,0,0.00,4.16,0.64,4.02,0.00,D,0.00,2.04,2.28,12.00,2.04,WARN_WARNING,0.00,,15.40,12.50,504,0.00,49.4,1,0,0.00,0.00,0.00,2.04,0.00,0.00,0,0,0.00,0
2026-05-02 12:27:37,55.43,0,0,0,0,0,0,0,0.00,0,0.00,4.16,0.67,1.30,0.00,D,0.00,12.00,1.88,1.10,2.07,^,0.00,,14.60,12.50,504,0.00,48.8,1,0,0.00,0.00,0.00,12.00,0.00,0.00,0,0,0.00,0
2026-05-02 12:27:38,56.45,1,0,0,0,0,0,0,0.13,0,1.00,4.16,0.66,0.01,0.40,D,0.00,12.00,1.82,1.06,1.43,^,7.77,,14.60,12.50,504,0.22,48.3,1,0,0.00,0.00,0.00,12.00,0.13,1.00,0,0,0.00,0
2026-05-02 12:27:39,57.46,1,0,0,0,0,0,0,0.14,0,1.00,4.16,0.66,1.16,0.91,D,0.00,12.00,1.74,0.98,1.37,^,8.70,,14.50,12.50,504,0.00,47.7,1,0,0.00,0.00,0.00,12.00,0.14,1.00,0,0,0.00,0
2026-05-02 12:27:40,58.47,1,0,0,0,0,0,0,-0.10,0,1.00,4.16,0.69,3.60,1.00,D,0.00,2.68,12.00,2.76,0.77,^,-6.05,,16.20,12.40,504,0.00,47.7,1,0,0.00,0.00,0.00,2.68,-0.10,1.00,0,0,0.00,0
2026-05-02 12:27:41,59.48,1,0,0,0,0,0,0,-0.12,0,1.00,4.16,0.75,4.06,1.00,D,0.00,12.00,12.00,1.44,2.09,^,-7.25,,17.90,12.40,504,0.00,48.3,1,0,0.00,0.00,0.00,12.00,-0.12,1.00,0,0,0.00,0
2026-05-02 12:27:42,60.60,1,0,0,0,0,0,0,0.22,0,1.00,4.16,0.80,4.01,1.00,D,0.00,12.00,12.00,12.00,1.01,^,13.28,,17.00,12.40,504,0.00,48.3,1,0,0.00,0.00,0.00,12.00,0.22,1.00,0,0,0.00,0
2026-05-02 12:27:43,61.50,1,0,0,0,0,0,0,-0.32,0,1.00,4.16,0.85,3.89,1.00,D,0.00,12.00,12.00,12.00,2.18,^,-19.12,,16.10,12.40,504,0.00,48.3,1,0,0.00,0.00,0.00,12.00,-0.32,1.00,0,0,0.00,0
2026-05-02 12:27:44,62.51,1,0,0,0,0,0,0,0.03,0,1.00,4.16,0.90,3.92,1.00,D,0.00,12.00,12.00,12.00,12.00,^,1.52,,15.50,12.40,504,0.00,48.3,1,0,0.00,0.00,0.00,12.00,0.03,1.00,0,0,0.00,0
2026-05-02 12:27:45,63.53,1,0,0,0,0,0,0,-0.05,0,1.00,4.16,0.95,3.99,1.00,D,0.00,12.00,12.00,12.00,12.00,^,-3.01,,16.80,12.40,504,0.00,48.3,1,0,0.00,0.00,0.00,12.00,-0.05,1.00,0,0,0.00,0
2026-05-02 12:27:46,64.54,1,0,0,0,0,0,0,-0.26,0,1.00,4.16,1.00,3.96,1.00,D,0.00,12.00,12.00,12.00,12.00,^,-15.72,,16.10,12.30,504,0.00,48.8,1,0,0.00,0.00,0.00,12.00,-0.26,1.00,0,0,0.00,0
2026-05-02 12:27:47,65.55,1,0,0,0,0,0,0,-0.03,0,1.00,4.16,1.05,3.97,1.00,D,0.00,12.00,12.00,12.00,12.00,^,-1.72,,14.40,12.30,504,0.00,49.4,1,0,0.00,0.00,0.00,12.00,-0.03,1.00,0,0,0.00,0
2026-05-02 12:27:49,66.66,1,0,0,0,0,0,0,-0.10,0,1.00,4.16,1.09,3.97,1.00,D,0.00,12.00,12.00,12.00,12.00,^,-5.81,,14.40,12.30,504,0.00,49.9,1,0,0.00,0.00,0.00,12.00,-0.10,1.00,0,0,0.00,0
2026-05-02 12:27:49,67.57,1,0,0,0,0,0,0,-0.02,0,1.00,4.16,1.13,3.94,1.00,D,0.00,12.00,2.55,12.00,12.00,^,-1.45,,13.30,12.30,504,0.00,49.9,1,0,0.00,0.00,0.00,12.00,-0.02,1.00,0,0,0.00,0
2026-05-02 12:27:50,68.58,1,0,0,0,0,0,0,-0.09,0,1.00,4.16,1.17,4.08,1.00,D,0.00,12.00,1.89,12.00,2.46,^,-5.21,,14.20,12.30,504,0.00,49.9,1,0,0.00,0.00,0.00,12.00,-0.09,1.00,0,0,0.00,0
2026-05-02 12:27:51,69.59,1,0,0,0,0,0,0,0.12,0,1.00,4.16,1.21,3.79,1.00,D,0.00,12.00,1.50,12.00,1.71,^,7.42,,14.90,12.30,504,0.00,48.8,1,0,0.00,0.00,0.00,12.00,0.12,1.00,0,0,0.00,0
2026-05-02 12:27:52,70.61,1,0,0,0,0,0,0,0.08,0,1.00,4.16,1.25,3.94,1.00,D,0.00,12.00,12.00,12.00,12.00,^,4.64,,13.60,12.30,504,0.00,49.9,1,0,0.00,0.00,0.00,12.00,0.08,1.00,0,0,0.00,0
2026-05-02 12:27:53,71.62,1,0,0,0,0,0,0,-0.17,0,1.00,4.16,1.29,3.94,1.00,D,0.00,12.00,12.00,12.00,12.00,^,-10.13,,14.20,12.20,504,0.00,50.5,1,0,0.00,0.00,0.00,12.00,-0.17,1.00,0,0,0.00,0
2026-05-02 12:27:54,72.63,1,0,0,0,0,0,0,0.09,0,1.00,4.16,1.33,4.04,1.00,D,0.00,12.00,3.03,12.00,12.00,^,5.55,,13.10,12.10,504,0.00,50.5,1,0,0.00,0.00,0.00,12.00,0.09,1.00,0,0,0.00,0
2026-05-02 12:27:56,73.65,1,0,0,0,0,0,0,-0.05,0,1.00,4.16,1.36,3.96,1.00,D,0.00,12.00,2.46,12.00,2.55,^,-3.26,,12.90,12.10,504,0.00,51.0,1,0,0.00,0.00,0.00,12.00,-0.05,1.00,0,0,0.00,0
2026-05-02 12:27:57,74.66,1,0,0,0,0,0,0,0.01,0,1.00,4.16,1.40,3.99,1.00,D,0.00,12.00,1.98,12.00,2.22,^,0.77,,16.30,12.20,504,0.00,48.3,1,0,0.00,0.00,0.00,12.00,0.01,1.00,0,0,0.00,0
2026-05-02 12:27:58,75.67,1,0,0,0,0,0,0,-0.03,0,1.00,4.16,1.43,3.93,1.00,D,0.00,12.00,2.43,12.00,2.35,^,-1.75,,16.40,12.10,504,0.00,49.4,1,0,0.00,0.00,0.00,12.00,-0.03,1.00,0,0,0.00,0
2026-05-02 12:27:59,76.68,1,0,0,0,0,0,0,-0.10,0,1.00,4.16,1.47,3.93,1.00,D,0.00,12.00,12.00,12.00,2.51,^,-5.99,,15.30,12.10,504,0.00,49.4,1,0,0.00,0.00,0.00,12.00,-0.10,1.00,0,0,0.00,0
2026-05-02 12:28:00,77.70,1,0,0,0,0,0,0,-0.12,0,1.00,4.16,1.50,3.95,1.00,D,0.00,12.00,12.00,12.00,2.38,^,-7.01,,16.40,12.10,504,0.00,48.8,1,0,0.00,0.00,0.00,12.00,-0.12,1.00,0,0,0.00,0
2026-05-02 12:28:01,78.71,1,0,0,0,0,0,0,0.04,0,1.00,4.16,1.53,3.96,1.00,D,0.00,12.00,12.00,12.00,2.25,^,2.43,,16.20,12.10,504,0.00,49.9,1,0,0.00,0.00,0.00,12.00,0.04,1.00,0,0,0.00,0
2026-05-02 12:28:02,79.72,1,0,0,0,0,0,0,-0.09,0,1.00,4.16,1.56,3.98,1.00,D,0.00,12.00,12.00,12.00,2.12,^,-5.38,,16.00,12.10,504,0.00,48.8,1,0,0.00,0.00,0.00,12.00,-0.09,1.00,0,0,0.00,0
2026-05-02 12:28:03,80.73,1,0,0,0,0,0,0,-0.11,0,1.00,4.16,1.59,4.01,1.00,D,0.00,12.00,12.00,12.00,2.02,^,-6.50,,15.50,12.10,504,0.00,48.3,1,0,0.00,0.00,0.00,12.00,-0.11,1.00,0,0,0.00,0
2026-05-02 12:28:04,81.74,1,0,0,0,0,0,0,-0.00,0,1.00,4.16,1.62,4.07,1.00,D,0.00,12.00,12.00,12.00,1.87,^,-0.00,,15.90,12.10,504,0.00,49.9,1,0,0.00,0.00,0.00,12.00,-0.00,1.00,0,0,0.00,0
2026-05-02 12:28:05,82.75,1,0,0,0,0,0,0,-0.04,0,1.00,4.16,1.65,4.02,1.00,D,0.00,12.00,12.00,12.00,1.72,^,-2.58,,16.40,12.10,504,0.00,48.3,1,0,0.00,0.00,0.00,12.00,-0.04,1.00,0,0,0.00,0
2026-05-02 12:28:06,83.76,1,0,0,0,0,0,0,-0.09,0,1.00,4.16,1.68,4.04,1.00,D,0.00,12.00,12.00,12.00,1.74,^,-5.41,,16.90,12.10,504,0.00,49.9,1,0,0.00,0.00,0.00,12.00,-0.09,1.00,0,0,0.00,0
2026-05-02 12:28:07,84.77,1,0,0,0,0,0,0,-0.06,0,1.00,4.16,1.71,3.92,1.00,D,0.00,12.00,12.00,12.00,1.53,^,-3.51,,15.50,12.10,504,0.00,49.9,1,0,0.00,0.00,0.00,12.00,-0.06,1.00,0,0,0.00,0
2026-05-02 12:28:08,85.78,1,0,0,0,0,0,0,-0.09,0,1.00,4.16,1.74,3.98,1.00,D,0.00,12.00,12.00,12.00,1.44,^,-5.31,,15.30,12.10,504,0.00,48.8,1,0,0.00,0.00,0.00,12.00,-0.09,1.00,0,0,0.00,0
2026-05-02 12:28:09,86.78,1,0,0,0,0,0,0,-0.05,0,1.00,4.16,1.76,3.90,1.00,D,0.00,12.00,12.00,12.00,1.42,^,-3.11,,17.20,12.10,504,0.00,48.8,1,0,0.00,0.00,0.00,12.00,-0.05,1.00,0,0,0.00,0
2026-05-02 12:28:10,87.78,1,0,0,0,0,0,0,0.00,0,1.00,4.16,1.79,4.00,1.00,D,0.00,12.00,2.81,12.00,1.28,^,0.07,,13.30,12.10,504,0.00,47.7,1,0,0.00,0.00,0.00,12.00,0.00,1.00,0,0,0.00,0
2026-05-02 12:28:11,88.80,1,0,0,0,0,0,0,-0.15,0,1.00,4.16,1.81,3.97,1.00,D,0.00,12.00,2.03,12.00,1.36,^,-8.92,,13.60,12.10,504,0.00,48.8,1,0,0.00,0.00,0.00,12.00,-0.15,1.00,0,0,0.00,0
2026-05-02 12:28:12,89.81,1,0,0,0,0,0,0,0.04,0,1.00,4.16,1.84,3.91,1.00,D,0.00,12.00,12.00,12.00,1.36,^,2.24,,13.70,12.10,504,0.00,48.3,1,0,0.00,0.00,0.00,12.00,0.04,1.00,0,0,0.00,0
2026-05-02 12:28:13,90.82,1,0,0,0,0,0,0,0.07,0,1.00,4.16,1.86,3.97,1.00,D,0.00,12.00,12.00,12.00,1.28,^,4.48,,14.40,12.10,504,0.00,49.9,1,0,0.00,0.00,0.00,12.00,0.07,1.00,0,0,0.00,0
2026-05-02 12:28:14,91.83,1,0,0,0,0,0,0,-0.01,0,1.00,4.16,1.88,3.88,1.00,D,0.00,12.00,12.00,12.00,1.24,^,-0.65,,14.00,12.00,504,0.00,48.8,1,0,0.00,0.00,0.00,12.00,-0.01,1.00,0,0,0.00,0
2026-05-02 12:28:15,92.85,1,0,0,0,0,0,0,-0.14,0,1.00,4.16,1.90,3.82,1.00,D,0.00,12.00,12.00,12.00,1.33,^,-8.60,,15.40,12.00,504,0.00,49.9,1,0,0.00,0.00,0.00,12.00,-0.14,1.00,0,0,0.00,0
2026-05-02 12:28:16,93.86,1,0,0,0,0,0,0,0.01,0,1.00,4.16,1.93,4.04,1.00,D,0.00,12.00,12.00,12.00,1.32,^,0.72,,14.20,12.00,504,0.00,49.4,1,0,0.00,0.00,0.00,12.00,0.01,1.00,0,0,0.00,0
2026-05-02 12:28:17,94.87,1,0,0,0,0,0,0,-0.11,0,1.00,4.16,1.95,3.95,1.00,D,0.00,12.00,12.00,12.00,1.35,^,-6.36,,15.10,12.10,504,0.00,50.5,1,0,0.00,0.00,0.00,12.00,-0.11,1.00,0,0,0.00,0
2026-05-02 12:28:18,95.89,1,0,0,0,0,0,0,-0.23,0,1.00,4.16,1.97,4.06,1.00,D,0.00,12.00,12.00,12.00,1.41,^,-13.96,,14.20,12.10,504,0.00,50.5,1,0,0.00,0.00,0.00,12.00,-0.23,1.00,0,0,0.00,0
2026-05-02 12:28:19,96.90,1,0,0,0,0,0,0,0.03,0,1.00,4.16,1.99,4.04,1.00,D,0.00,12.00,12.00,12.00,1.53,^,2.09,,13.10,12.10,504,0.00,49.9,1,0,0.00,0.00,0.00,12.00,0.03,1.00,0,0,0.00,0
2026-05-02 12:28:20,97.91,1,0,0,0,0,0,0,-0.27,0,1.00,4.16,2.01,4.04,1.00,D,0.00,12.00,12.00,12.00,1.72,^,-16.41,,16.30,12.10,504,0.00,49.4,1,0,0.00,0.00,0.00,12.00,-0.27,1.00,0,0,0.00,0
2026-05-02 12:28:21,98.91,1,0,0,0,0,0,0,-0.20,0,1.00,4.16,2.03,4.06,1.00,D,0.00,12.00,12.00,12.00,1.80,^,-12.06,,17.40,12.10,504,0.00,49.4,1,0,0.00,0.00,0.00,12.00,-0.20,1.00,0,0,0.00,0
2026-05-02 12:28:22,99.92,1,0,0,0,0,0,0,-0.06,0,1.00,4.16,2.05,3.96,1.00,D,0.00,12.00,12.00,12.00,1.78,^,-3.49,,18.20,12.10,504,0.00,49.4,1,0,0.00,0.00,0.00,12.00,-0.06,1.00,0,0,0.00,0
2026-05-02 12:28:23,100.94,1,0,0,0,0,0,0,0.03,0,1.00,4.16,2.07,4.03,1.00,D,0.00,12.00,12.00,12.00,1.76,^,1.98,,16.10,12.10,504,0.00,47.7,1,0,0.00,0.00,0.00,12.00,0.03,1.00,0,0,0.00,0
2026-05-02 12:28:24,101.95,1,0,0,0,0,0,0,-0.07,0,1.00,4.16,2.09,4.03,1.00,D,0.00,12.00,12.00,12.00,1.73,^,-3.92,,17.60,12.10,504,0.00,48.3,1,0,0.00,0.00,0.00,12.00,-0.07,1.00,0,0,0.00,0
2026-05-02 12:28:25,102.96,1,0,0,0,0,0,0,-0.10,0,1.00,4.16,2.11,4.06,1.00,D,0.00,12.00,2.19,12.00,1.78,^,-6.30,,17.70,12.10,504,0.00,48.8,1,0,0.00,0.00,0.00,12.00,-0.10,1.00,0,0,0.00,0
2026-05-02 12:28:26,103.97,1,0,0,0,0,0,0,0.00,0,1.00,4.16,2.13,3.94,1.00,D,0.00,12.00,1.01,12.00,1.63,^,0.19,,17.50,12.10,504,0.00,47.7,1,0,0.00,0.00,0.00,12.00,0.00,1.00,0,0,0.00,0
2026-05-02 12:28:27,105.08,1,0,0,0,0,0,0,-0.14,0,1.00,4.16,2.15,4.02,1.00,D,0.00,12.00,1.80,12.00,1.40,^,-8.60,,17.70,12.10,504,0.00,48.3,1,0,0.00,0.00,0.00,12.00,-0.14,1.00,0,0,0.00,0
2026-05-02 12:28:28,105.99,1,0,0,0,0,0,0,0.14,0,1.00,4.16,2.16,3.93,1.00,D,0.00,12.00,12.00,12.00,1.78,^,8.65,,16.60,12.10,504,0.00,49.4,1,0,0.00,0.00,0.00,12.00,0.14,1.00,0,0,0.00,0
2026-05-02 12:28:29,107.00,1,0,0,0,0,0,0,0.10,0,1.00,4.16,2.18,4.01,1.00,D,0.00,12.00,12.00,12.00,2.28,^,5.94,,16.60,12.10,504,0.00,48.8,1,0,0.00,0.00,0.00,12.00,0.10,1.00,0,0,0.00,0
2026-05-02 12:28:30,108.02,1,0,0,0,0,0,0,0.13,0,1.00,4.16,2.20,3.90,1.00,D,0.00,12.00,12.00,12.00,2.27,^,7.96,,17.00,12.10,504,0.00,48.8,1,0,0.00,0.00,0.00,12.00,0.13,1.00,0,0,0.00,0
2026-05-02 12:28:31,109.03,1,0,0,0,0,0,0,-0.29,0,1.00,4.16,2.22,4.01,1.00,D,0.00,12.00,12.00,12.00,2.21,^,-17.59,,16.10,12.10,504,0.00,48.3,1,0,0.00,0.00,0.00,12.00,-0.29,1.00,0,0,0.00,0
2026-05-02 12:28:32,110.04,1,0,0,0,0,0,0,-0.01,0,1.00,4.16,2.23,3.97,1.00,D,0.00,12.00,12.00,12.00,2.27,^,-0.40,,16.60,12.10,504,0.00,49.4,1,0,0.00,0.00,0.00,12.00,-0.01,1.00,0,0,0.00,0
2026-05-02 12:28:33,111.05,0,0,0,0,0,0,0,0.00,0,1.00,4.16,2.23,0.75,0.31,D,0.00,12.00,12.00,12.00,1.67,^,0.00,,16.50,12.10,504,0.00,49.4,1,0,0.00,0.00,0.00,12.00,0.00,0.00,0,0,0.00,0
2026-05-02 12:28:34,112.07,0,0,0,0,0,0,0,0.00,0,1.00,4.16,2.21,0.61,0.81,D,0.00,12.00,12.00,12.00,0.78,^,0.00,,14.70,12.10,504,0.00,47.2,1,0,0.00,0.00,0.00,12.00,0.00,0.00,0,0,0.00,0
2026-05-02 12:28:35,113.07,0,0,0,0,0,0,0,-0.10,0,1.00,4.16,2.22,2.86,0.83,D,0.00,12.00,12.00,12.00,0.65,^,0.00,,18.00,12.10,504,0.00,49.4,1,0,0.00,0.00,0.00,12.00,0.00,0.00,0,0,0.00,0
2026-05-02 12:28:36,114.09,0,0,0,0,0,0,0,0.16,0,1.00,4.16,2.22,3.06,1.00,D,0.00,12.00,12.00,12.00,0.79,^,0.00,,18.60,12.10,504,0.00,48.8,1,0,0.00,0.00,0.00,12.00,0.00,0.00,0,0,0.00,0
2026-05-02 12:28:37,115.09,0,0,0,0,0,0,0,-0.17,0,1.00,4.16,2.23,3.71,0.87,D,0.00,12.00,2.24,12.00,1.14,^,0.00,,17.00,12.10,504,0.00,48.8,1,0,0.00,0.00,0.00,12.00,0.00,0.00,0,0,0.00,0
2026-05-02 12:28:38,116.11,0,0,0,0,0,0,0,0.00,0,0.53,4.16,2.25,3.91,0.95,D,0.00,12.00,1.88,12.00,1.22,^,0.00,,18.40,12.10,504,0.00,49.4,1,0,0.00,0.00,0.00,12.00,0.00,0.00,0,0,0.00,0
2026-05-02 12:28:39,117.12,0,0,0,0,0,0,0,0.00,0,1.00,4.16,2.26,3.85,1.00,D,0.00,12.00,12.00,12.00,1.21,^,0.00,,20.70,12.10,504,0.00,49.9,1,0,0.00,0.00,0.00,12.00,0.00,0.00,0,0,0.00,0
2026-05-02 12:28:40,118.13,0,0,0,0,0,0,0,0.00,0,1.00,4.16,2.27,3.88,1.00,D,0.00,12.00,12.00,12.00,1.28,^,0.00,,17.00,12.10,504,0.00,47.2,1,0,0.00,0.00,0.00,12.00,0.00,0.00,0,0,0.00,0
2026-05-02 12:28:41,119.14,0,0,0,0,0,0,0,0.00,0,1.00,4.16,2.29,3.63,1.00,D,0.00,5.08,12.00,5.12,1.46,^,0.00,,16.80,12.10,504,0.00,47.7,1,0,0.00,0.00,0.00,5.08,0.00,0.00,0,0,0.00,0
2026-05-02 12:28:42,120.15,0,0,0,0,0,0,0,-0.51,0,1.00,4.16,2.30,4.05,1.00,D,0.00,12.00,2.71,12.00,1.67,^,0.00,,17.30,12.10,504,0.00,47.7,1,0,0.00,0.00,0.00,12.00,0.00,0.00,0,0,0.00,0
2026-05-02 12:28:43,121.16,0,0,0,0,0,0,0,-0.10,0,0.03,4.16,2.31,4.01,0.86,D,0.00,12.00,1.39,12.00,1.79,^,0.00,,16.20,12.10,504,0.00,48.8,1,0,0.00,0.00,0.00,12.00,0.00,0.00,0,0,0.00,0
2026-05-02 12:28:44,122.18,0,0,0,0,0,0,0,0.00,0,0.98,4.16,2.32,3.71,0.98,D,0.00,12.00,1.45,1.23,1.32,^,0.00,,18.50,12.10,504,0.00,47.7,1,0,0.00,0.00,0.00,12.00,0.00,0.00,0,0,0.00,0
2026-05-02 12:28:45,123.19,0,0,0,0,0,0,0,0.00,0,1.00,4.16,2.34,3.51,1.00,D,0.00,12.00,12.00,12.00,1.05,^,0.00,,17.10,12.10,504,0.00,47.7,1,0,0.00,0.00,0.00,12.00,0.00,0.00,0,0,0.00,0
2026-05-02 12:28:46,124.20,0,0,0,0,0,0,0,0.00,0,1.00,4.16,2.35,3.59,0.93,D,0.00,12.00,12.00,1.32,1.79,^,0.00,,18.60,12.00,504,0.00,48.3,1,0,0.00,0.00,0.00,12.00,0.00,0.00,0,0,0.00,0
2026-05-02 12:28:47,125.21,0,0,0,0,0,0,0,-0.10,0,1.00,4.16,2.36,3.69,0.86,D,0.00,12.00,12.00,12.00,1.52,^,0.00,,18.20,12.00,504,0.00,47.7,1,0,0.00,0.00,0.00,12.00,0.00,0.00,0,0,0.00,0
2026-05-02 12:28:48,126.23,0,0,0,0,0,0,0,0.00,0,0.78,4.16,2.37,3.81,0.87,D,0.00,12.00,12.00,12.00,1.79,^,0.00,,16.40,12.00,504,0.00,48.8,1,0,0.00,0.00,0.00,12.00,0.00,0.00,0,0,0.00,0
2026-05-02 12:28:49,127.34,0,0,0,0,0,0,0,0.00,0,0.16,4.16,2.38,3.55,0.85,D,0.00,12.00,2.76,12.00,1.55,^,0.00,,18.30,12.10,504,0.00,48.8,1,0,0.00,0.00,0.00,12.00,0.00,0.00,0,0,0.00,0
2026-05-02 12:28:50,128.24,0,0,0,0,0,0,0,0.00,0,0.98,4.16,2.38,3.39,0.98,D,0.00,12.00,12.00,12.00,1.67,^,0.00,,19.10,12.00,504,0.00,47.7,1,0,0.00,0.00,0.00,12.00,0.00,0.00,0,0,0.00,0
2026-05-02 12:28:51,129.26,0,0,0,0,0,0,0,-0.34,0,0.18,4.16,2.39,3.40,0.94,D,0.00,12.00,12.00,1.53,1.69,^,0.00,,16.60,12.10,504,0.00,47.7,1,0,0.00,0.00,0.00,12.00,0.00,0.00,0,0,0.00,0
2026-05-02 12:28:52,130.27,0,0,0,0,0,0,0,0.00,0,1.00,4.16,2.40,3.19,0.95,D,0.00,12.00,12.00,12.00,1.53,^,0.00,,18.20,12.10,504,0.00,48.3,1,0,0.00,0.00,0.00,12.00,0.00,0.00,0,0,0.00,0
2026-05-02 12:28:53,131.28,0,0,0,0,0,0,0,0.00,0,1.00,4.16,2.41,3.31,0.86,D,0.00,12.00,12.00,12.00,1.40,^,0.00,,18.10,12.10,504,0.00,48.3,1,0,0.00,0.00,0.00,12.00,0.00,0.00,0,0,0.00,0
2026-05-02 12:28:54,132.30,1,0,0,0,0,0,0,0.42,0,0.50,4.16,2.42,3.69,0.78,D,0.00,1.32,1.19,12.00,1.37,WARN_WARNING,25.33,lidar_override,17.60,12.10,504,0.00,48.3,1,0,0.00,0.00,0.00,1.32,0.01,1.00,0,0,0.00,0
2026-05-02 12:28:55,133.31,1,0,0,0,0,0,0,-0.17,0,1.00,4.16,2.42,3.60,1.00,D,0.00,12.00,1.07,12.00,0.92,^,-10.32,,15.20,12.10,504,0.00,48.3,1,0,0.00,0.00,0.00,12.00,-0.17,1.00,0,0,0.00,0
2026-05-02 12:28:56,134.32,1,0,0,0,0,0,0,-0.01,0,1.00,4.16,2.43,3.96,1.00,D,0.00,12.00,1.51,12.00,1.12,^,-0.84,,15.00,12.10,504,0.00,49.9,1,0,0.00,0.00,0.00,12.00,-0.01,1.00,0,0,0.00,0
2026-05-02 12:28:57,135.34,1,0,0,0,0,0,0,-0.13,0,1.00,4.16,2.45,3.90,1.00,D,0.00,12.00,1.95,12.00,1.57,^,-7.62,,13.80,12.10,504,0.00,48.8,1,0,0.00,0.00,0.00,12.00,-0.13,1.00,0,0,0.00,0
2026-05-02 12:28:58,136.34,1,0,0,0,0,0,0,0.03,0,1.00,4.16,2.46,3.72,1.00,D,0.00,12.00,12.00,12.00,1.51,^,1.54,,13.70,12.10,504,0.00,49.4,1,0,0.00,0.00,0.00,12.00,0.03,1.00,0,0,0.00,0
2026-05-02 12:28:59,137.35,1,0,0,0,0,0,0,-0.22,0,1.00,4.16,2.47,3.90,1.00,D,0.00,12.00,12.00,12.00,1.33,^,-13.10,,15.00,12.10,504,0.00,50.5,1,0,0.00,0.00,0.00,12.00,-0.22,1.00,0,0,0.00,0
2026-05-02 12:29:00,138.36,1,0,0,0,0,0,0,-0.13,0,1.00,4.16,2.48,3.87,1.00,D,0.00,12.00,12.00,12.00,1.30,^,-7.80,,14.80,12.10,504,0.00,49.9,1,0,0.00,0.00,0.00,12.00,-0.13,1.00,0,0,0.00,0
2026-05-02 12:29:01,139.47,1,0,0,0,0,0,0,-0.02,0,1.00,4.16,2.48,3.75,1.00,D,0.00,12.00,12.00,12.00,1.42,^,-1.31,,13.70,12.10,504,0.00,50.5,1,0,0.00,0.00,0.00,12.00,-0.02,1.00,0,0,0.00,0
2026-05-02 12:29:02,140.37,1,0,0,0,0,0,0,-0.14,0,1.00,4.16,2.50,3.92,1.00,D,0.00,12.00,12.00,12.00,1.58,^,-8.48,,12.90,12.10,504,0.00,51.0,1,0,0.00,0.00,0.00,12.00,-0.14,1.00,0,0,0.00,0
2026-05-02 12:29:03,141.39,1,0,0,0,0,0,0,-0.00,0,1.00,4.16,2.51,3.88,1.00,D,0.00,12.00,12.00,12.00,1.97,^,-0.17,,13.60,12.10,504,0.00,51.0,1,0,0.00,0.00,0.00,12.00,-0.00,1.00,0,0,0.00,0
2026-05-02 12:29:04,142.40,1,0,0,0,0,0,0,-0.03,0,1.00,4.16,2.52,3.80,1.00,D,0.00,12.00,12.00,12.00,2.12,^,-1.88,,13.10,12.10,504,0.00,52.1,1,0,0.00,0.00,0.00,12.00,-0.03,1.00,0,0,0.00,0
2026-05-02 12:29:05,143.41,1,0,0,0,0,0,0,0.11,0,1.00,4.16,2.53,3.86,1.00,D,0.00,3.49,2.07,12.00,2.15,^,6.54,,15.50,12.10,504,0.00,49.4,1,0,0.00,0.00,0.00,3.49,0.11,1.00,0,0,0.00,0
2026-05-02 12:29:06,144.43,1,0,0,0,0,0,0,0.42,0,0.50,4.16,2.53,3.74,0.89,D,0.00,1.91,12.00,12.00,2.53,WARN_WARNING,25.33,lidar_override,14.90,12.10,504,0.00,50.5,1,0,0.00,0.00,0.00,1.91,0.05,1.00,0,0,0.00,0
2026-05-02 12:29:07,145.44,1,0,0,0,0,0,0,0.42,0,0.50,4.16,2.54,2.51,0.50,D,0.00,0.64,0.63,12.00,12.00,WARN_WARNING,25.33,lidar_override,13.70,12.10,504,0.00,49.4,1,0,0.00,0.00,0.00,0.64,0.17,1.00,0,0,0.00,0
2026-05-02 12:29:08,146.45,0,0,0,0,0,0,0,-0.91,0,1.00,4.16,2.54,1.08,0.10,D,0.00,12.00,2.41,12.00,0.49,^,0.00,,16.60,12.10,504,0.00,50.5,1,0,0.00,0.00,0.00,12.00,0.00,0.00,0,0,0.00,0
2026-05-02 12:29:09,147.46,0,0,0,0,0,0,0,-0.68,0,1.00,4.16,2.52,0.00,0.60,D,0.00,12.00,2.40,1.87,0.52,^,0.00,,13.20,12.10,504,0.05,50.5,1,0,0.00,0.00,0.00,12.00,0.00,0.00,0,0,0.00,0
2026-05-02 12:29:10,148.48,0,0,0,0,0,0,0,0.00,0,1.00,4.16,2.51,2.12,1.00,D,0.00,12.00,2.22,12.00,0.74,^,0.00,,15.10,12.10,504,0.00,50.5,1,0,0.00,0.00,0.00,12.00,0.00,0.00,0,0,0.00,0
2026-05-02 12:29:11,149.49,0,0,0,0,0,0,0,-0.54,0,0.00,4.16,2.51,3.03,0.77,D,0.00,12.00,1.19,12.00,1.59,^,0.00,,20.10,12.10,504,0.00,49.9,1,0,0.00,0.00,0.00,12.00,0.00,0.00,0,0,0.00,0
2026-05-02 12:29:12,150.50,0,0,0,0,0,0,0,0.00,0,1.00,4.16,2.51,3.06,0.75,D,0.00,12.00,0.47,12.00,2.39,^,0.00,,18.00,12.10,504,0.00,48.3,1,0,0.00,0.00,0.00,12.00,0.00,0.00,0,0,0.00,0
2026-05-02 12:29:13,151.51,1,0,0,0,0,0,0,0.05,0,1.00,4.16,2.51,1.93,0.97,D,0.00,12.00,12.00,12.00,0.70,^,3.24,,18.40,12.10,504,0.00,47.7,1,0,0.00,0.00,0.00,12.00,0.05,1.00,0,0,0.00,0
2026-05-02 12:29:14,152.52,1,0,0,0,0,0,0,0.29,0,1.00,4.16,2.51,3.74,1.00,D,0.00,12.00,12.00,12.00,1.96,^,17.41,,15.80,12.10,504,0.00,48.3,1,0,0.00,0.00,0.00,12.00,0.29,1.00,0,0,0.00,0
2026-05-02 12:29:15,153.52,1,0,0,0,0,0,0,-0.23,0,1.00,4.16,2.52,3.76,1.00,D,0.00,12.00,9.38,12.00,3.27,^,-13.82,,15.90,12.10,504,0.00,47.7,1,0,0.00,0.00,0.00,12.00,-0.23,1.00,0,0,0.00,0
2026-05-02 12:29:16,154.54,1,0,0,0,0,0,0,-0.06,0,1.00,4.16,2.53,3.81,1.00,D,0.00,12.00,3.42,12.00,2.65,^,-3.57,,17.60,12.10,504,0.00,50.5,1,0,0.00,0.00,0.00,12.00,-0.06,1.00,0,0,0.00,0
2026-05-02 12:29:17,155.55,1,0,0,0,0,0,0,-0.04,0,1.00,4.16,2.53,3.74,1.00,D,0.00,12.00,2.85,12.00,2.31,^,-2.37,,14.60,12.10,504,0.00,49.9,1,0,0.00,0.00,0.00,12.00,-0.04,1.00,0,0,0.00,0
2026-05-02 12:29:18,156.55,1,0,0,0,0,0,0,0.01,0,1.00,4.16,2.54,3.77,1.00,D,0.00,12.00,2.52,12.00,2.25,^,0.36,,13.20,12.10,504,0.00,49.4,1,0,0.00,0.00,0.00,12.00,0.01,1.00,0,0,0.00,0
2026-05-02 12:29:19,157.56,0,0,0,0,0,0,0,0.00,1,0.00,4.16,2.55,3.61,0.00,D,0.00,12.00,12.00,12.00,2.20,^,0.00,,14.10,12.10,504,0.00,49.4,1,0,0.00,0.00,0.00,12.00,0.00,0.00,0,0,0.00,0
2026-05-02 12:29:20,158.58,0,0,0,0,0,0,0,0.00,0,0.00,4.16,2.54,0.00,0.00,D,0.00,12.00,9.78,12.00,1.04,^,0.00,,14.20,12.30,504,0.29,50.5,1,0,0.00,0.00,0.00,12.00,0.00,0.00,0,0,0.00,0
2026-05-02 12:29:21,159.59,0,0,0,0,0,0,0,0.00,0,0.00,4.16,2.52,0.00,0.00,D,0.00,12.00,9.78,12.00,0.32,^,0.00,,12.70,12.20,504,1.31,48.8,1,0,0.00,0.00,0.00,12.00,0.00,0.00,0,0,0.00,0
2026-05-02 12:29:22,160.60,0,0,0,0,0,0,0,0.00,0,0.00,4.16,2.51,0.00,0.00,D,0.00,12.00,9.78,0.35,0.29,^,0.00,,14.40,12.20,504,2.31,49.9,1,0,0.00,0.00,0.00,12.00,0.00,0.00,0,0,0.00,0
2026-05-02 12:29:23,161.61,0,0,0,0,0,0,0,0.00,0,0.00,4.16,2.49,0.00,0.00,D,0.00,12.00,12.00,0.31,0.30,^,0.00,,15.80,12.30,504,0.00,49.9,1,0,0.00,0.00,0.00,12.00,0.00,0.00,0,0,0.00,0
2026-05-02 12:29:24,162.63,0,0,0,0,0,0,0,0.00,0,0.00,4.16,2.48,0.00,0.00,D,0.00,12.00,9.76,0.29,0.30,^,0.00,,12.10,12.30,504,0.09,49.4,1,0,0.00,0.00,0.00,12.00,0.00,0.00,0,0,0.00,0
2026-05-02 12:29:26,163.74,0,0,0,0,0,0,0,0.00,0,0.00,4.16,2.46,0.00,0.00,D,0.00,12.00,9.76,0.32,0.31,^,0.00,,11.80,12.40,504,0.07,50.5,1,0,0.00,0.00,0.00,12.00,0.00,0.00,0,0,0.00,0
2026-05-02 12:29:27,164.64,0,0,0,0,0,0,0,0.00,0,0.00,4.16,2.45,0.00,0.00,D,0.00,12.00,6.84,0.31,0.31,^,0.00,,11.90,12.50,504,0.01,51.0,1,0,0.00,0.00,0.00,12.00,0.00,0.00,0,0,0.00,0
2026-05-02 12:29:28,165.75,0,0,0,0,0,0,0,0.00,0,0.00,4.16,2.43,0.00,0.00,D,0.00,12.00,9.74,0.32,0.32,^,0.00,,14.20,12.30,504,0.37,51.6,1,0,0.00,0.00,0.00,12.00,0.00,0.00,0,0,0.00,0
2026-05-02 12:29:29,166.66,0,0,0,0,0,0,0,0.00,0,0.00,4.16,2.42,0.00,0.00,D,0.00,12.00,6.86,0.33,0.30,^,0.00,,12.60,12.40,504,0.25,49.4,1,0,0.00,0.00,0.00,12.00,0.00,0.00,0,0,0.00,0
2026-05-02 12:29:30,167.66,0,0,0,0,0,0,0,0.00,0,0.00,4.16,2.40,0.00,0.00,D,0.00,12.00,9.74,12.00,0.30,^,0.00,,14.40,12.30,504,0.02,50.5,1,0,0.00,0.00,0.00,12.00,0.00,0.00,0,0,0.00,0
2026-05-02 12:29:31,168.67,0,0,0,0,0,0,0,0.00,0,0.00,4.16,2.39,0.00,0.00,D,0.00,12.00,9.73,0.42,0.33,^,0.00,,14.40,12.40,504,0.11,49.9,1,0,0.00,0.00,0.00,12.00,0.00,0.00,0,0,0.00,0
2026-05-02 12:29:32,169.78,0,0,0,0,0,0,0,0.00,0,0.00,4.16,2.37,0.00,0.00,D,0.00,12.00,9.73,12.00,0.32,^,0.00,,15.50,12.30,504,0.17,49.9,1,0,0.00,0.00,0.00,12.00,0.00,0.00,0,0,0.00,0
2026-05-02 12:29:33,170.69,0,0,0,0,0,0,0,0.00,0,0.00,4.16,2.36,0.00,0.00,D,0.00,12.00,9.71,12.00,0.31,^,0.00,,14.20,12.10,504,0.05,49.9,1,0,0.00,0.00,0.00,12.00,0.00,0.00,0,0,0.00,0
2026-05-02 12:29:34,171.70,0,0,0,0,0,0,0,0.00,0,0.00,4.16,2.35,0.00,0.00,D,0.00,12.00,9.70,12.00,0.32,^,0.00,,15.70,12.20,504,0.07,48.3,1,0,0.00,0.00,0.00,12.00,0.00,0.00,0,0,0.00,0
2026-05-02 12:29:35,172.71,0,0,0,0,0,0,0,0.00,0,0.00,4.16,2.33,0.00,0.00,D,0.00,12.00,12.00,12.00,0.34,^,0.00,,14.00,12.20,504,0.36,48.3,1,0,0.00,0.00,0.00,12.00,0.00,0.00,0,0,0.00,0
2026-05-02 12:29:36,173.72,0,0,0,0,0,0,0,0.00,0,0.00,4.16,2.32,0.00,0.00,D,0.00,12.00,12.00,12.00,0.32,^,0.00,,15.30,12.30,504,0.54,49.9,1,0,0.00,0.00,0.00,12.00,0.00,0.00,0,0,0.00,0
2026-05-02 12:29:37,174.74,0,0,0,0,0,0,0,0.00,0,0.00,4.16,2.31,0.00,0.00,D,0.00,12.00,12.00,12.00,0.39,^,0.00,,13.70,12.20,504,0.19,49.4,1,0,0.00,0.00,0.00,12.00,0.00,0.00,0,0,0.00,0
2026-05-02 12:29:38,175.85,0,0,0,0,0,0,0,0.00,0,0.00,4.16,2.29,0.00,0.00,D,0.00,12.00,12.00,12.00,0.39,^,0.00,,15.30,12.40,504,1.30,48.8,1,0,0.00,0.00,0.00,12.00,0.00,0.00,0,0,0.00,0
2026-05-02 12:29:39,176.76,0,0,0,0,0,0,0,0.00,0,0.00,4.16,2.28,0.00,0.00,D,0.00,12.00,12.00,12.00,0.40,^,0.00,,14.40,12.40,504,2.21,48.3,1,0,0.00,0.00,0.00,12.00,0.00,0.00,0,0,0.00,0
2026-05-02 12:29:40,177.77,0,0,0,0,0,0,0,0.00,0,0.00,4.16,2.27,0.00,0.00,D,0.00,12.00,12.00,12.00,0.38,^,0.00,,16.10,12.40,504,0.07,48.8,1,0,0.00,0.00,0.00,12.00,0.00,0.00,0,0,0.00,0
2026-05-02 12:29:41,178.78,0,0,0,0,0,0,0,0.00,0,0.00,4.16,2.25,0.00,0.00,D,0.00,12.00,12.00,12.00,0.39,^,0.00,,14.70,12.20,504,0.15,47.7,1,0,0.00,0.00,0.00,12.00,0.00,0.00,0,0,0.00,0
2026-05-02 12:29:42,179.79,1,0,0,0,0,0,0,-0.03,0,1.00,4.16,2.24,0.00,0.14,D,0.00,12.00,12.00,12.00,0.41,^,-1.51,,14.20,12.20,504,1.16,49.4,1,0,0.00,0.00,0.00,12.00,-0.03,1.00,0,0,0.00,0
2026-05-02 12:29:43,180.80,1,0,0,0,0,0,0,-0.01,0,1.00,4.16,2.23,0.07,0.64,D,0.00,12.00,12.00,12.00,0.65,^,-0.42,,14.20,12.20,504,0.01,49.4,1,0,0.00,0.00,0.00,12.00,-0.01,1.00,0,0,0.00,0
2026-05-02 12:29:44,181.82,1,0,0,0,0,0,0,0.07,0,1.00,4.16,2.22,3.04,1.00,D,0.00,12.00,12.00,12.00,1.16,^,4.43,,16.20,12.20,504,0.00,47.2,1,0,0.00,0.00,0.00,12.00,0.07,1.00,0,0,0.00,0
2026-05-02 12:29:45,182.83,1,0,0,0,0,0,0,-0.13,0,1.00,4.16,2.23,3.89,1.00,D,0.00,12.00,12.00,12.00,1.56,^,-7.55,,16.60,12.30,504,0.00,48.3,1,0,0.00,0.00,0.00,12.00,-0.13,1.00,0,0,0.00,0
2026-05-02 12:29:46,183.94,1,0,0,0,0,0,0,-0.07,0,1.00,4.16,2.24,3.98,1.00,D,0.00,12.00,12.00,12.00,1.76,^,-4.39,,15.70,12.30,504,0.00,48.3,1,0,0.00,0.00,0.00,12.00,-0.07,1.00,0,0,0.00,0
2026-05-02 12:29:47,184.85,1,0,0,0,0,0,0,-0.08,0,1.00,4.16,2.25,3.92,1.00,D,0.00,12.00,12.00,12.00,1.90,^,-4.75,,19.20,12.40,504,0.00,49.4,1,0,0.00,0.00,0.00,12.00,-0.08,1.00,0,0,0.00,0
2026-05-02 12:29:48,185.96,1,0,0,0,0,0,0,-0.06,0,1.00,4.16,2.26,3.98,1.00,D,0.00,12.00,2.54,12.00,2.07,^,-3.59,,17.50,12.40,504,0.00,48.8,1,0,0.00,0.00,0.00,12.00,-0.06,1.00,0,0,0.00,0
2026-05-02 12:29:49,186.87,1,0,0,0,0,0,0,-0.08,0,1.00,4.16,2.27,3.98,1.00,D,0.00,12.00,2.00,12.00,2.04,^,-4.95,,17.90,12.30,504,0.00,48.8,1,0,0.00,0.00,0.00,12.00,-0.08,1.00,0,0,0.00,0
2026-05-02 12:29:50,187.88,1,0,0,0,0,0,0,-0.02,0,1.00,4.16,2.28,4.03,1.00,D,0.00,12.00,1.98,12.00,1.88,^,-1.13,,17.70,12.30,504,0.00,48.3,1,0,0.00,0.00,0.00,12.00,-0.02,1.00,0,0,0.00,0
2026-05-02 12:29:51,188.99,1,0,0,0,0,0,0,-0.07,0,1.00,4.16,2.29,4.03,1.00,D,0.00,12.00,12.00,12.00,2.14,^,-4.42,,13.10,12.50,504,0.00,49.9,1,0,0.00,0.00,0.00,12.00,-0.07,1.00,0,0,0.00,0
2026-05-02 12:29:52,189.90,1,0,0,0,0,0,0,-0.12,0,1.00,4.17,2.30,4.10,1.00,D,0.00,12.00,12.00,12.00,2.09,^,-7.03,,13.50,12.50,504,0.00,50.5,1,0,0.00,0.00,0.00,12.00,-0.12,1.00,0,0,0.00,0
2026-05-02 12:29:53,191.01,1,0,0,0,0,0,0,-0.08,0,1.00,4.17,2.30,4.10,1.00,D,0.00,12.00,12.00,12.00,2.14,^,-4.97,,13.90,12.40,504,0.00,51.0,1,0,0.00,0.00,0.00,12.00,-0.08,1.00,0,0,0.00,0
2026-05-02 12:29:54,191.91,1,0,0,0,0,0,0,-0.16,0,1.00,4.18,2.32,4.12,1.00,D,0.00,12.00,12.00,12.00,2.23,^,-9.45,,14.70,12.50,504,0.00,50.5,1,0,0.00,0.00,0.00,12.00,-0.16,1.00,0,0,0.00,0
2026-05-02 12:29:55,192.91,1,0,0,0,0,0,0,-0.04,0,1.00,4.21,2.32,4.18,1.00,D,0.00,12.00,12.00,12.00,12.00,^,-2.43,,14.20,12.60,504,0.00,49.9,1,0,0.00,0.00,0.00,12.00,-0.04,1.00,0,0,0.00,0
2026-05-02 12:29:56,193.92,1,0,0,0,0,0,0,-0.15,0,1.00,4.21,2.33,4.14,1.00,D,0.00,12.00,12.00,12.00,12.00,^,-8.91,,17.00,12.60,504,0.00,49.9,1,0,0.00,0.00,0.00,12.00,-0.15,1.00,0,0,0.00,0
2026-05-02 12:29:57,194.94,1,0,0,0,0,0,0,-0.05,0,1.00,4.21,2.34,4.05,1.00,D,0.00,12.00,12.00,12.00,2.27,^,-3.05,,16.40,12.60,504,0.00,48.3,1,0,0.00,0.00,0.00,12.00,-0.05,1.00,0,0,0.00,0
2026-05-02 12:29:58,195.95,1,0,0,0,0,0,0,-0.08,0,1.00,4.21,2.35,4.00,1.00,D,0.00,12.00,12.00,12.00,2.39,^,-4.78,,16.40,12.50,504,0.00,48.8,1,0,0.00,0.00,0.00,12.00,-0.08,1.00,0,0,0.00,0
2026-05-02 12:29:59,196.96,1,0,0,0,0,0,0,-0.14,0,1.00,4.21,2.36,4.12,1.00,D,0.00,12.00,12.00,12.00,2.30,^,-8.18,,17.80,12.50,504,0.00,49.4,1,0,0.00,0.00,0.00,12.00,-0.14,1.00,0,0,0.00,0
2026-05-02 12:30:00,197.96,1,0,0,0,0,0,0,-0.01,0,1.00,4.21,2.37,3.95,1.00,D,0.00,12.00,12.00,12.00,2.23,^,-0.48,,15.70,12.50,504,0.00,49.9,1,0,0.00,0.00,0.00,12.00,-0.01,1.00,0,0,0.00,0
2026-05-02 12:30:01,198.97,1,0,0,0,0,0,0,-0.19,0,1.00,4.21,2.38,4.08,1.00,D,0.00,12.00,12.00,12.00,2.15,^,-11.45,,17.50,12.50,504,0.00,50.5,1,0,0.00,0.00,0.00,12.00,-0.19,1.00,0,0,0.00,0
2026-05-02 12:30:02,200.09,1,0,0,0,0,0,0,-0.04,0,1.00,4.21,2.39,3.87,1.00,D,0.00,12.00,1.41,12.00,2.08,^,-2.67,,17.70,12.50,504,0.00,49.4,1,0,0.00,0.00,0.00,12.00,-0.04,1.00,0,0,0.00,0
2026-05-02 12:30:03,200.99,1,0,0,0,0,0,0,-0.19,0,1.00,4.21,2.40,4.15,1.00,D,0.00,12.00,12.00,12.00,1.84,^,-11.22,,16.90,12.50,504,0.00,49.4,1,0,0.00,0.00,0.00,12.00,-0.19,1.00,0,0,0.00,0
2026-05-02 12:30:04,202.01,1,0,0,0,0,0,0,-0.06,0,1.00,4.21,2.40,3.91,1.00,D,0.00,12.00,12.00,12.00,1.90,^,-3.62,,16.30,12.50,504,0.00,47.7,1,0,0.00,0.00,0.00,12.00,-0.06,1.00,0,0,0.00,0
2026-05-02 12:30:05,203.02,1,0,0,0,0,0,0,-0.09,0,1.00,4.22,2.41,4.16,1.00,D,0.00,12.00,12.00,12.00,1.90,^,-5.70,,15.50,12.40,504,0.00,48.3,1,0,0.00,0.00,0.00,12.00,-0.09,1.00,0,0,0.00,0
2026-05-02 12:30:06,204.04,1,0,0,0,0,0,0,0.15,0,1.00,4.23,2.42,4.05,1.00,D,0.00,12.00,12.00,12.00,1.93,^,9.28,,16.20,12.50,504,0.00,49.4,1,0,0.00,0.00,0.00,12.00,0.15,1.00,0,0,0.00,0
2026-05-02 12:30:07,205.05,1,0,0,0,0,0,0,0.12,0,1.00,4.31,2.43,4.14,1.00,D,0.00,12.00,12.00,12.00,1.98,^,6.97,,14.70,12.40,504,0.00,48.3,1,0,0.00,0.00,0.00,12.00,0.12,1.00,0,0,0.00,0
2026-05-02 12:30:08,206.06,1,0,0,0,0,0,0,0.06,0,1.00,4.43,2.44,4.43,1.00,D,0.00,12.00,12.00,12.00,1.95,^,3.47,,15.20,12.40,504,0.00,49.9,1,0,0.00,0.00,0.00,12.00,0.06,1.00,0,0,0.00,0
2026-05-02 12:30:09,207.07,1,0,0,0,0,0,0,-0.04,0,1.00,4.46,2.45,4.28,1.00,D,0.00,12.00,2.46,12.00,2.18,^,-2.22,,14.40,12.40,504,0.00,48.8,1,0,0.00,0.00,0.00,12.00,-0.04,1.00,0,0,0.00,0
2026-05-02 12:30:10,208.08,1,0,0,0,0,0,0,0.01,0,1.00,4.46,2.46,4.27,1.00,D,0.00,12.00,1.82,12.00,1.85,^,0.65,,14.10,12.30,504,0.00,50.5,1,0,0.00,0.00,0.00,12.00,0.01,1.00,0,0,0.00,0
2026-05-02 12:30:11,209.10,1,0,0,0,0,0,0,0.05,0,1.00,4.46,2.46,4.42,1.00,D,0.00,12.00,12.00,12.00,2.25,^,2.72,,14.50,12.30,504,0.00,48.8,1,0,0.00,0.00,0.00,12.00,0.05,1.00,0,0,0.00,0
2026-05-02 12:30:12,210.11,1,0,0,0,0,0,0,0.12,0,1.00,4.46,2.47,4.14,1.00,D,0.00,12.00,12.00,12.00,2.24,^,7.04,,16.80,12.30,504,0.00,49.9,1,0,0.00,0.00,0.00,12.00,0.12,1.00,0,0,0.00,0
2026-05-02 12:30:13,211.12,1,0,0,0,0,0,0,-0.06,0,1.00,4.52,2.48,4.41,1.00,D,0.00,12.00,12.00,12.00,2.31,^,-3.82,,17.00,12.30,504,0.00,50.5,1,0,0.00,0.00,0.00,12.00,-0.06,1.00,0,0,0.00,0
2026-05-02 12:30:14,212.14,1,0,0,0,0,0,0,-0.08,0,1.00,4.52,2.49,4.31,1.00,D,0.00,12.00,12.00,12.00,2.32,^,-4.63,,17.20,12.20,504,0.00,49.4,1,0,0.00,0.00,0.00,12.00,-0.08,1.00,0,0,0.00,0
2026-05-02 12:30:15,213.14,1,0,0,0,0,0,0,-0.19,0,1.00,4.52,2.50,4.21,1.00,D,0.00,12.00,12.00,12.00,2.34,^,-11.13,,17.40,12.20,504,0.00,51.0,1,0,0.00,0.00,0.00,12.00,-0.19,1.00,0,0,0.00,0
2026-05-02 12:30:16,214.15,1,0,0,0,0,0,0,-0.27,0,1.00,4.52,2.51,4.22,1.00,D,0.00,12.00,2.62,12.00,2.31,^,-16.33,,14.60,12.20,504,0.00,49.9,1,0,0.00,0.00,0.00,12.00,-0.27,1.00,0,0,0.00,0
2026-05-02 12:30:17,215.17,1,0,0,0,0,0,0,0.04,0,1.00,4.52,2.52,4.38,1.00,D,0.00,12.00,1.83,12.00,2.31,^,2.48,,13.80,12.20,504,0.00,49.4,1,0,0.00,0.00,0.00,12.00,0.04,1.00,0,0,0.00,0
2026-05-02 12:30:18,216.28,1,0,0,0,0,0,0,-0.35,0,1.00,4.52,2.52,4.32,1.00,D,0.00,12.00,12.00,12.00,2.20,^,-20.81,,13.60,12.20,504,0.00,50.5,1,0,0.00,0.00,0.00,12.00,-0.35,1.00,0,0,0.00,0
2026-05-02 12:30:19,217.18,1,0,0,0,0,0,0,0.12,0,1.00,4.52,2.53,4.41,1.00,D,0.00,12.00,12.00,12.00,2.27,^,7.11,,15.40,12.20,504,0.00,48.8,1,0,0.00,0.00,0.00,12.00,0.12,1.00,0,0,0.00,0
2026-05-02 12:30:20,218.19,1,0,0,0,0,0,0,-0.17,0,1.00,4.52,2.54,4.14,1.00,D,0.00,12.00,12.00,12.00,2.30,^,-10.03,,15.20,12.20,504,0.00,48.3,1,0,0.00,0.00,0.00,12.00,-0.17,1.00,0,0,0.00,0
2026-05-02 12:30:21,219.21,1,0,0,0,0,0,0,-0.02,0,1.00,4.52,2.55,4.38,1.00,D,0.00,12.00,12.00,12.00,2.35,^,-1.15,,16.50,12.10,504,0.00,48.8,1,0,0.00,0.00,0.00,12.00,-0.02,1.00,0,0,0.00,0
2026-05-02 12:30:22,220.22,1,0,0,0,0,0,0,-0.11,0,1.00,4.52,2.56,4.24,1.00,D,0.00,12.00,12.00,12.00,2.34,^,-6.65,,16.60,12.10,504,0.00,48.8,1,0,0.00,0.00,0.00,12.00,-0.11,1.00,0,0,0.00,0
2026-05-02 12:30:23,221.23,1,0,0,0,0,0,0,-0.04,0,1.00,4.52,2.57,4.32,1.00,D,0.00,12.00,2.04,12.00,2.41,^,-2.12,,17.80,12.10,504,0.00,49.4,1,0,0.00,0.00,0.00,12.00,-0.04,1.00,0,0,0.00,0
2026-05-02 12:30:24,222.25,1,0,0,0,0,0,0,0.00,0,1.00,4.52,2.57,4.18,1.00,D,0.00,12.00,1.25,12.00,1.32,^,0.06,,16.70,12.10,504,0.00,48.8,1,0,0.00,0.00,0.00,12.00,0.00,1.00,0,0,0.00,0
2026-05-02 12:30:25,223.26,1,0,0,0,0,0,0,-0.26,0,1.00,4.52,2.58,4.41,1.00,D,0.00,12.00,12.00,12.00,2.18,^,-15.82,,17.20,12.10,504,0.00,49.9,1,0,0.00,0.00,0.00,12.00,-0.26,1.00,0,0,0.00,0
2026-05-02 12:30:26,224.37,1,0,0,0,0,0,0,0.17,0,1.00,4.52,2.59,4.34,1.00,D,0.00,12.00,12.00,12.00,2.55,^,10.50,,16.80,12.10,504,0.00,48.8,1,0,0.00,0.00,0.00,12.00,0.17,1.00,0,0,0.00,0
2026-05-02 12:30:27,225.27,1,0,0,0,0,0,0,-0.21,0,1.00,4.52,2.60,4.34,1.00,D,0.00,12.00,12.00,12.00,2.57,^,-12.83,,15.40,12.10,504,0.00,48.3,1,0,0.00,0.00,0.00,12.00,-0.21,1.00,0,0,0.00,0
2026-05-02 12:30:28,226.28,1,0,0,0,0,0,0,0.01,0,1.00,4.52,2.60,4.27,1.00,D,0.00,12.00,12.00,12.00,2.65,^,0.49,,17.10,12.10,504,0.00,49.4,1,0,0.00,0.00,0.00,12.00,0.01,1.00,0,0,0.00,0
2026-05-02 12:30:29,227.29,1,0,0,0,0,0,0,-0.16,0,1.00,4.52,2.61,4.21,1.00,D,0.00,12.00,12.00,12.00,2.78,^,-9.30,,12.90,12.10,504,0.00,51.0,1,0,0.00,0.00,0.00,12.00,-0.16,1.00,0,0,0.00,0
2026-05-02 12:30:30,228.31,1,0,0,0,0,0,0,-0.25,0,1.00,4.52,2.62,4.43,1.00,D,0.00,12.00,12.00,12.00,12.00,^,-15.17,,13.40,12.10,504,0.00,49.9,1,0,0.00,0.00,0.00,12.00,-0.25,1.00,0,0,0.00,0
2026-05-02 12:30:31,229.32,0,0,0,0,0,0,0,0.00,0,0.39,4.52,2.62,1.13,0.02,D,0.00,12.00,12.00,12.00,12.00,^,0.00,,14.20,12.10,504,0.00,48.8,1,0,0.00,0.00,0.00,12.00,0.00,0.00,0,0,0.00,0
2026-05-02 12:30:32,230.33,0,0,0,0,0,0,0,0.00,0,1.00,4.52,2.61,0.37,0.29,D,0.00,12.00,12.00,12.00,2.05,^,0.00,,13.60,12.10,504,0.00,50.5,1,0,0.00,0.00,0.00,12.00,0.00,0.00,0,0,0.00,0
2026-05-02 12:30:33,231.34,0,0,0,0,0,0,0,0.80,0,1.00,4.52,2.60,1.32,0.80,D,0.00,12.00,12.00,12.00,1.31,^,0.00,,13.40,12.10,504,0.00,49.4,1,0,0.00,0.00,0.00,12.00,0.00,0.00,0,0,0.00,0
2026-05-02 12:30:34,232.35,0,0,0,0,0,0,0,0.19,0,1.00,4.52,2.60,2.66,0.71,D,0.00,12.00,12.00,12.00,0.86,^,0.00,,16.40,12.10,504,0.00,49.4,1,0,0.00,0.00,0.00,12.00,0.00,0.00,0,0,0.00,0
2026-05-02 12:30:35,233.37,0,0,0,0,0,0,0,0.26,0,1.00,4.52,2.60,2.29,0.97,D,0.00,12.00,12.00,12.00,0.80,^,0.00,,15.60,12.10,504,0.00,49.4,1,0,0.00,0.00,0.00,12.00,0.00,0.00,0,0,0.00,0
2026-05-02 12:30:36,234.38,0,0,0,0,0,0,0,0.00,0,1.00,4.52,2.61,3.86,1.00,D,0.00,12.00,12.00,12.00,0.87,^,0.00,,14.80,12.10,504,0.00,48.8,1,0,0.00,0.00,0.00,12.00,0.00,0.00,0,0,0.00,0
2026-05-02 12:30:37,235.39,0,0,0,0,0,0,0,0.00,0,1.00,4.52,2.61,3.96,1.00,D,0.00,12.00,12.00,12.00,1.41,^,0.00,,15.00,12.10,504,0.00,48.8,1,0,0.00,0.00,0.00,12.00,0.00,0.00,0,0,0.00,0
2026-05-02 12:30:38,236.39,0,0,0,0,0,0,0,0.00,0,1.00,4.52,2.62,3.51,0.94,D,0.00,12.00,12.00,12.00,1.44,^,0.00,,14.10,12.10,504,0.00,48.3,1,0,0.00,0.00,0.00,12.00,0.00,0.00,0,0,0.00,0
2026-05-02 12:30:39,237.41,0,0,0,0,0,0,0,0.00,0,1.00,4.52,2.62,3.98,1.00,D,0.00,12.00,12.00,12.00,1.45,^,0.00,,13.80,12.10,504,0.00,49.4,1,0,0.00,0.00,0.00,12.00,0.00,0.00,0,0,0.00,0
2026-05-02 12:30:40,238.41,0,0,0,0,0,0,0,0.00,0,1.00,4.52,2.63,3.91,0.99,D,0.00,12.00,12.00,12.00,1.67,^,0.00,,14.40,12.10,504,0.00,49.9,1,0,0.00,0.00,0.00,12.00,0.00,0.00,0,0,0.00,0
2026-05-02 12:30:41,239.42,0,0,0,0,0,0,0,-0.30,0,1.00,4.52,2.63,4.11,1.00,D,0.00,12.00,12.00,12.00,1.80,^,0.00,,16.90,12.10,504,0.00,49.4,1,0,0.00,0.00,0.00,12.00,0.00,0.00,0,0,0.00,0
2026-05-02 12:30:42,240.53,1,0,0,0,0,0,0,-0.27,0,1.00,4.52,2.64,3.80,0.74,D,0.00,12.00,12.00,12.00,2.01,^,-16.13,,13.20,12.10,504,0.00,49.4,1,0,0.00,0.00,0.00,12.00,-0.27,1.00,0,0,0.00,0
2026-05-02 12:30:43,241.43,0,0,0,0,0,0,0,1.00,0,1.00,4.52,2.64,3.38,0.03,D,0.00,12.00,12.00,12.00,2.15,^,0.00,,14.40,12.10,504,0.00,50.5,1,0,0.00,0.00,0.00,12.00,0.00,0.00,0,0,0.00,0
2026-05-02 12:30:44,242.45,0,0,0,0,0,0,0,1.00,0,0.04,4.52,2.64,1.45,0.03,D,0.00,2.34,12.00,2.30,2.00,^,0.00,,14.40,12.10,504,0.00,50.5,1,0,0.00,0.00,0.00,2.34,0.00,0.00,0,0,0.00,0
2026-05-02 12:30:45,243.46,1,0,0,0,0,0,0,0.18,0,1.00,4.52,2.63,0.40,0.09,D,0.00,1.74,12.00,1.75,1.65,^,10.67,,12.10,12.10,504,0.00,51.0,1,0,0.00,0.00,0.00,1.74,0.18,1.00,0,0,0.00,0
2026-05-02 12:30:46,244.47,1,0,0,0,0,0,0,0.24,0,1.00,4.52,2.62,0.04,0.59,D,0.00,1.90,12.00,1.91,1.21,^,14.47,,13.30,12.10,504,0.01,48.3,1,0,0.00,0.00,0.00,1.90,0.24,1.00,0,0,0.00,0
2026-05-02 12:30:47,245.49,1,0,0,0,0,0,0,-0.13,0,1.00,4.52,2.62,2.59,1.00,D,0.00,12.00,12.00,12.00,1.49,^,-7.50,,16.50,12.10,504,0.00,49.9,1,0,0.00,0.00,0.00,12.00,-0.13,1.00,0,0,0.00,0
2026-05-02 12:30:48,246.50,0,0,0,0,0,0,0,-0.81,0,1.00,4.52,2.62,1.43,0.04,D,0.00,2.24,12.00,1.42,2.51,^,0.00,,13.10,12.10,504,0.00,49.4,1,0,0.00,0.00,0.00,2.24,0.00,0.00,0,0,0.00,0
2026-05-02 12:30:49,247.51,1,0,0,0,0,0,0,-0.37,0,1.00,4.52,2.61,0.00,0.51,D,0.00,2.09,12.00,1.37,1.54,^,-22.30,,13.70,12.10,504,0.01,48.8,1,0,0.00,0.00,0.00,2.09,-0.37,1.00,0,0,0.00,0
2026-05-02 12:30:50,248.62,1,0,0,0,0,0,0,-0.17,0,1.00,4.52,2.60,1.63,1.00,D,0.00,12.00,12.00,1.47,1.34,^,-9.99,,11.50,12.00,504,0.00,49.9,1,0,0.00,0.00,0.00,12.00,-0.17,1.00,0,0,0.00,0
2026-05-02 12:30:51,249.53,1,0,0,0,0,0,0,-0.36,0,1.00,4.52,2.60,3.72,1.00,D,0.00,12.00,12.00,12.00,1.33,^,-21.34,,14.20,12.10,504,0.00,48.8,1,0,0.00,0.00,0.00,12.00,-0.36,1.00,0,0,0.00,0
2026-05-02 12:30:52,250.54,0,0,0,0,0,0,0,0.49,0,1.00,4.52,2.60,2.10,0.42,D,0.00,12.00,12.00,2.28,1.77,^,0.00,,15.90,12.10,504,0.00,48.3,1,0,0.00,0.00,0.00,12.00,0.00,0.00,0,0,0.00,0
2026-05-02 12:30:53,251.56,1,0,0,0,0,0,0,0.05,0,1.00,4.52,2.60,0.02,0.43,D,0.00,12.00,12.00,2.20,1.39,^,3.12,,14.40,12.10,504,0.28,48.3,1,0,0.00,0.00,0.00,12.00,0.05,1.00,0,0,0.00,0
2026-05-02 12:30:54,252.57,1,0,0,0,0,0,0,0.01,0,1.00,4.52,2.59,1.32,0.94,D,0.00,12.00,12.00,2.16,1.10,^,0.50,,14.70,12.10,504,0.00,49.9,1,0,0.00,0.00,0.00,12.00,0.01,1.00,0,0,0.00,0
2026-05-02 12:30:55,253.58,1,0,0,0,0,0,0,-0.04,0,1.00,4.52,2.59,3.58,1.00,D,0.00,12.00,12.00,1.76,1.53,^,-2.45,,17.00,12.10,504,0.00,48.8,1,0,0.00,0.00,0.00,12.00,-0.04,1.00,0,0,0.00,0
2026-05-02 12:30:56,254.60,1,0,0,0,0,0,0,-0.13,0,1.00,4.52,2.59,4.05,1.00,D,0.00,12.00,12.00,1.99,1.56,^,-7.52,,16.60,12.10,504,0.00,47.7,1,0,0.00,0.00,0.00,12.00,-0.13,1.00,0,0,0.00,0
2026-05-02 12:30:57,255.61,1,0,0,0,0,0,0,0.40,0,1.00,4.52,2.60,3.80,1.00,D,0.00,12.00,12.00,2.74,1.60,^,23.83,,15.80,12.00,504,0.00,47.7,1,0,0.00,0.00,0.00,12.00,0.40,1.00,0,0,0.00,0
2026-05-02 12:30:58,256.62,1,0,0,0,0,0,0,0.03,0,1.00,4.52,2.60,3.99,1.00,D,0.00,12.00,12.00,2.36,1.55,^,2.08,,17.40,12.10,504,0.00,48.3,1,0,0.00,0.00,0.00,12.00,0.03,1.00,0,0,0.00,0
2026-05-02 12:30:59,257.64,1,0,0,0,0,0,0,0.07,0,1.00,4.52,2.61,3.93,1.00,D,0.00,12.00,12.00,2.25,1.58,^,4.41,,13.70,12.00,504,0.00,48.3,1,0,0.00,0.00,0.00,12.00,0.07,1.00,0,0,0.00,0
2026-05-02 12:31:01,258.75,1,0,0,0,0,0,0,-0.09,0,1.00,4.52,2.62,4.18,1.00,D,0.00,12.00,12.00,2.11,1.66,^,-5.45,,14.20,12.00,504,0.00,49.9,1,0,0.00,0.00,0.00,12.00,-0.09,1.00,0,0,0.00,0
2026-05-02 12:31:02,259.65,1,0,0,0,0,0,0,0.07,0,1.00,4.52,2.62,4.07,1.00,D,0.00,12.00,12.00,2.39,1.72,^,3.96,,13.00,12.00,504,0.00,49.4,1,0,0.00,0.00,0.00,12.00,0.07,1.00,0,0,0.00,0
2026-05-02 12:31:03,260.65,1,0,0,0,0,0,0,-0.24,0,1.00,4.52,2.63,4.12,1.00,D,0.00,12.00,12.00,12.00,1.80,^,-14.32,,14.40,12.00,504,0.00,49.9,1,0,0.00,0.00,0.00,12.00,-0.24,1.00,0,0,0.00,0
2026-05-02 12:31:04,261.66,1,0,0,0,0,0,0,-0.06,0,1.00,4.52,2.63,4.19,1.00,D,0.00,12.00,12.00,2.83,1.78,^,-3.74,,14.20,12.00,504,0.00,48.8,1,0,0.00,0.00,0.00,12.00,-0.06,1.00,0,0,0.00,0
2026-05-02 12:31:05,262.78,1,0,0,0,0,0,0,-0.08,0,1.00,4.52,2.64,4.08,1.00,D,0.00,12.00,12.00,3.39,1.86,^,-4.93,,16.20,12.00,504,0.00,48.3,1,0,0.00,0.00,0.00,12.00,-0.08,1.00,0,0,0.00,0
2026-05-02 12:31:06,263.68,1,0,0,0,0,0,0,-0.03,0,1.00,4.52,2.64,4.21,1.00,D,0.00,12.00,12.00,2.70,1.84,^,-1.63,,16.20,12.00,504,0.00,48.8,1,0,0.00,0.00,0.00,12.00,-0.03,1.00,0,0,0.00,0
2026-05-02 12:31:07,264.79,1,0,0,0,0,0,0,-0.07,0,1.00,4.52,2.65,4.11,1.00,D,0.00,12.00,12.00,12.00,1.80,^,-4.32,,16.90,12.00,504,0.00,48.3,1,0,0.00,0.00,0.00,12.00,-0.07,1.00,0,0,0.00,0
2026-05-02 12:31:08,265.70,1,0,0,0,0,0,0,-0.23,0,1.00,4.52,2.66,4.19,1.00,D,0.00,12.00,12.00,2.63,1.77,^,-13.87,,18.00,12.00,504,0.00,48.8,1,0,0.00,0.00,0.00,12.00,-0.23,1.00,0,0,0.00,0
2026-05-02 12:31:09,266.71,1,0,0,0,0,0,0,-0.06,0,1.00,4.52,2.66,4.06,1.00,D,0.00,12.00,12.00,12.00,1.74,^,-3.70,,16.40,12.10,504,0.00,49.4,1,0,0.00,0.00,0.00,12.00,-0.06,1.00,0,0,0.00,0
2026-05-02 12:31:10,267.72,0,0,0,0,0,0,0,1.00,0,0.00,4.52,2.67,4.10,0.00,D,0.00,12.00,12.00,12.00,1.69,^,0.00,,14.40,12.10,504,0.00,48.8,1,0,0.00,0.00,0.00,12.00,0.00,0.00,0,0,0.00,0
2026-05-02 12:31:11,268.72,0,0,0,0,0,0,0,0.00,0,0.43,4.52,2.67,1.93,0.10,D,0.00,12.00,12.00,12.00,1.60,^,0.00,,14.50,12.00,504,0.00,49.4,1,0,0.00,0.00,0.00,12.00,0.00,0.00,0,0,0.00,0
2026-05-02 12:31:12,269.73,1,0,0,0,0,0,0,-0.53,0,1.00,4.52,2.66,0.41,0.50,D,0.00,12.00,12.00,12.00,1.08,^,-31.73,,13.20,12.00,504,0.00,49.4,1,0,0.00,0.00,0.00,12.00,-0.53,1.00,0,0,0.00,0
2026-05-02 12:31:13,270.75,1,0,0,0,0,0,0,-0.29,0,1.00,4.52,2.66,2.02,1.00,D,0.00,12.00,12.00,3.05,0.76,^,-17.46,,13.40,12.00,504,0.00,49.4,1,0,0.00,0.00,0.00,12.00,-0.29,1.00,0,0,0.00,0
2026-05-02 12:31:14,271.76,1,0,0,0,0,0,0,-0.29,0,1.00,4.52,2.66,3.99,1.00,D,0.00,12.00,12.00,2.57,1.26,^,-17.60,,14.80,12.00,504,0.00,47.2,1,0,0.00,0.00,0.00,12.00,-0.29,1.00,0,0,0.00,0
2026-05-02 12:31:15,272.77,1,0,0,0,0,0,0,-0.46,0,1.00,4.52,2.66,4.09,1.00,D,0.00,12.00,12.00,3.02,1.37,^,-27.73,,15.50,12.00,504,0.00,48.8,1,0,0.00,0.00,0.00,12.00,-0.46,1.00,0,0,0.00,0
2026-05-02 12:31:16,273.78,0,0,0,0,0,0,0,0.00,0,0.00,4.52,2.67,3.51,0.00,D,0.00,12.00,12.00,12.00,1.56,^,0.00,,18.00,12.00,504,0.00,49.4,1,0,0.00,0.00,0.00,12.00,0.00,0.00,0,0,0.00,0
2026-05-02 12:31:17,274.89,1,0,0,0,0,0,0,0.04,0,1.00,4.52,2.67,1.88,0.30,D,0.00,12.00,12.00,12.00,1.43,^,2.16,,16.10,12.00,504,0.00,48.3,1,0,0.00,0.00,0.00,12.00,0.04,1.00,0,0,0.00,0
2026-05-02 12:31:18,275.80,1,0,0,0,0,0,0,0.08,0,1.00,4.52,2.67,1.63,0.80,D,0.00,12.00,12.00,12.00,0.93,^,4.62,,14.70,12.00,504,0.00,47.2,1,0,0.00,0.00,0.00,12.00,0.08,1.00,0,0,0.00,0
2026-05-02 12:31:19,276.81,1,0,0,0,0,0,0,-0.32,0,1.00,4.52,2.67,3.71,1.00,D,0.00,12.00,12.00,2.69,0.97,^,-19.11,,16.80,12.00,504,0.00,48.3,1,0,0.00,0.00,0.00,12.00,-0.32,1.00,0,0,0.00,0
2026-05-02 12:31:20,277.82,1,0,0,0,0,0,0,-0.15,0,1.00,4.52,2.67,4.06,1.00,D,0.00,12.00,12.00,2.86,1.44,^,-9.29,,16.40,12.00,504,0.00,47.7,1,0,0.00,0.00,0.00,12.00,-0.15,1.00,0,0,0.00,0
2026-05-02 12:31:21,278.93,1,0,0,0,0,0,0,-0.09,0,1.00,4.52,2.67,4.30,1.00,D,0.00,12.00,12.00,12.00,1.62,^,-5.11,,17.30,12.00,504,0.00,48.3,1,0,0.00,0.00,0.00,12.00,-0.09,1.00,0,0,0.00,0
2026-05-02 12:31:22,279.84,1,0,0,0,0,0,0,0.08,0,1.00,4.52,2.68,4.16,1.00,D,0.00,12.00,12.00,3.03,1.71,^,5.01,,18.70,12.00,504,0.00,48.3,1,0,0.00,0.00,0.00,12.00,0.08,1.00,0,0,0.00,0
2026-05-02 12:31:23,280.95,1,0,0,0,0,0,0,-0.02,0,1.00,4.52,2.68,4.11,1.00,D,0.00,12.00,12.00,3.04,1.78,^,-1.34,,17.20,12.00,504,0.00,47.2,1,0,0.00,0.00,0.00,12.00,-0.02,1.00,0,0,0.00,0
2026-05-02 12:31:24,281.85,1,0,0,0,0,0,0,-0.06,0,1.00,4.52,2.69,4.01,1.00,D,0.00,12.00,12.00,2.74,1.84,^,-3.72,,15.90,12.00,504,0.00,48.3,1,0,0.00,0.00,0.00,12.00,-0.06,1.00,0,0,0.00,0
2026-05-02 12:31:25,282.96,1,0,0,0,0,0,0,-0.13,0,1.00,4.52,2.69,3.83,1.00,D,0.00,12.00,12.00,2.61,1.89,^,-8.04,,16.70,12.00,504,0.00,47.2,1,0,0.00,0.00,0.00,12.00,-0.13,1.00,0,0,0.00,0
2026-05-02 12:31:26,283.87,1,0,0,0,0,0,0,-0.23,0,1.00,4.52,2.70,4.04,1.00,D,0.00,12.00,12.00,2.57,1.92,^,-13.86,,16.40,12.00,504,0.00,48.3,1,0,0.00,0.00,0.00,12.00,-0.23,1.00,0,0,0.00,0
2026-05-02 12:31:27,284.88,1,0,0,0,0,0,0,-0.21,0,1.00,4.52,2.71,4.21,1.00,D,0.00,12.00,12.00,2.69,1.90,^,-12.89,,15.10,12.00,504,0.00,47.7,1,0,0.00,0.00,0.00,12.00,-0.21,1.00,0,0,0.00,0
2026-05-02 12:31:28,285.89,1,0,0,0,0,0,0,0.41,0,1.00,4.52,2.71,4.07,1.00,D,0.00,12.00,12.00,12.00,1.93,^,24.37,,16.40,12.00,504,0.00,46.1,1,0,0.00,0.00,0.00,12.00,0.41,1.00,0,0,0.00,0
2026-05-02 12:31:29,286.90,1,0,0,0,0,0,0,-0.25,0,1.00,4.52,2.71,2.15,0.13,D,0.00,12.00,12.00,2.97,1.59,^,-14.95,,16.20,12.10,504,0.01,46.6,1,0,0.00,0.00,0.00,12.00,-0.25,1.00,0,0,0.00,0
2026-05-02 12:31:30,287.92,1,0,0,0,0,0,0,-0.36,0,1.00,4.52,2.71,0.91,0.63,D,0.00,12.00,12.00,2.66,1.09,^,-21.51,,14.40,12.10,504,0.00,46.6,1,0,0.00,0.00,0.00,12.00,-0.36,1.00,0,0,0.00,0
2026-05-02 12:31:31,289.03,1,0,0,0,0,0,0,-0.01,0,1.00,4.52,2.70,3.00,1.00,D,0.00,12.00,12.00,2.64,0.83,^,-0.55,,17.20,12.10,504,0.00,46.6,1,0,0.00,0.00,0.00,12.00,-0.01,1.00,0,0,0.00,0
2026-05-02 12:31:32,289.93,1,0,0,0,0,0,0,-0.32,0,1.00,4.52,2.71,3.79,1.00,D,0.00,12.00,12.00,12.00,1.22,^,-19.27,,16.40,12.10,504,0.00,46.6,1,0,0.00,0.00,0.00,12.00,-0.32,1.00,0,0,0.00,0
2026-05-02 12:31:33,290.94,1,0,0,0,0,0,0,0.04,0,1.00,4.52,2.71,4.25,1.00,D,0.00,12.00,12.00,2.64,1.47,^,2.11,,17.20,12.10,504,0.00,48.3,1,0,0.00,0.00,0.00,12.00,0.04,1.00,0,0,0.00,0
2026-05-02 12:31:34,291.96,1,0,0,0,0,0,0,-0.15,0,1.00,4.52,2.72,3.89,1.00,D,0.00,12.00,12.00,2.46,1.75,^,-8.96,,17.30,12.10,504,0.00,47.7,1,0,0.00,0.00,0.00,12.00,-0.15,1.00,0,0,0.00,0
2026-05-02 12:31:35,292.97,1,0,0,0,0,0,0,-0.05,0,1.00,4.52,2.72,4.08,1.00,D,0.00,12.00,12.00,2.69,1.60,^,-3.12,,15.80,12.10,504,0.00,47.7,1,0,0.00,0.00,0.00,12.00,-0.05,1.00,0,0,0.00,0
2026-05-02 12:31:36,293.98,0,0,0,0,0,0,0,1.00,0,1.00,4.52,2.73,3.91,0.11,D,0.00,12.00,12.00,12.00,1.61,^,0.00,,15.50,12.10,504,0.00,46.6,1,0,0.00,0.00,0.00,12.00,0.00,0.00,0,0,0.00,0
2026-05-02 12:31:37,295.00,0,0,0,0,0,0,0,0.00,0,1.00,4.52,2.73,1.24,0.12,D,0.00,12.00,12.00,12.00,1.40,^,0.00,,16.30,12.10,504,0.00,48.3,1,0,0.00,0.00,0.00,12.00,0.00,0.00,0,0,0.00,0
2026-05-02 12:31:38,296.01,0,0,0,0,0,0,0,-0.18,0,1.00,4.52,2.72,0.47,0.63,D,0.00,12.00,12.00,3.23,0.83,^,0.00,,15.30,12.10,504,0.00,46.6,1,0,0.00,0.00,0.00,12.00,0.00,0.00,0,0,0.00,0
2026-05-02 12:31:39,297.03,1,0,0,0,0,0,0,-0.19,0,1.00,4.52,2.71,2.89,0.89,D,0.00,12.00,12.00,2.80,0.70,^,-11.51,,16.80,12.10,504,0.00,46.1,1,0,0.00,0.00,0.00,12.00,-0.19,1.00,0,0,0.00,0
2026-05-02 12:31:40,298.04,1,0,0,0,0,0,0,0.01,0,1.00,4.52,2.72,3.77,1.00,D,0.00,12.00,12.00,3.06,1.08,^,0.63,,16.90,12.00,504,0.00,47.2,1,0,0.00,0.00,0.00,12.00,0.01,1.00,0,0,0.00,0
2026-05-02 12:31:41,299.16,1,0,0,0,0,0,0,-0.01,0,1.00,4.52,2.72,4.21,1.00,D,0.00,12.00,12.00,12.00,1.29,^,-0.83,,17.20,12.00,504,0.00,48.3,1,0,0.00,0.00,0.00,12.00,-0.01,1.00,0,0,0.00,0
2026-05-02 12:31:42,300.06,1,0,0,0,0,0,0,-0.13,0,1.00,4.52,2.73,4.11,1.00,D,0.00,12.00,12.00,12.00,1.52,^,-7.95,,15.50,12.00,504,0.00,47.2,1,0,0.00,0.00,0.00,12.00,-0.13,1.00,0,0,0.00,0
2026-05-02 12:31:43,301.08,1,0,0,0,0,0,0,0.06,0,1.00,4.52,2.73,4.09,1.00,D,0.00,12.00,12.00,2.88,1.65,^,3.57,,15.90,12.00,504,0.00,47.7,1,0,0.00,0.00,0.00,12.00,0.06,1.00,0,0,0.00,0
2026-05-02 12:31:44,302.09,1,0,0,0,0,0,0,0.05,0,1.00,4.52,2.74,4.06,1.00,D,0.00,12.00,12.00,2.57,1.73,^,3.08,,16.60,12.00,504,0.00,47.7,1,0,0.00,0.00,0.00,12.00,0.05,1.00,0,0,0.00,0
2026-05-02 12:31:45,303.10,1,0,0,0,0,0,0,-0.05,0,1.00,4.52,2.74,3.71,1.00,D,0.00,12.00,12.00,2.44,1.83,^,-2.79,,15.40,12.10,504,0.00,48.3,1,0,0.00,0.00,0.00,12.00,-0.05,1.00,0,0,0.00,0
2026-05-02 12:31:46,304.11,1,0,0,0,0,0,0,0.19,0,1.00,4.52,2.74,2.48,1.00,D,0.00,12.00,12.00,2.72,1.84,^,11.26,,13.70,12.10,504,0.00,47.2,1,0,0.00,0.00,0.00,12.00,0.19,1.00,0,0,0.00,0
2026-05-02 12:31:47,305.11,1,0,0,0,0,0,0,0.00,0,1.00,4.52,2.74,3.82,1.00,D,0.00,12.00,12.00,2.44,1.80,^,0.07,,13.50,12.10,504,0.00,48.3,1,0,0.00,0.00,0.00,12.00,0.00,1.00,0,0,0.00,0
2026-05-02 12:31:48,306.11,1,0,0,0,0,0,0,0.30,0,1.00,4.52,2.75,3.92,1.00,D,0.00,12.00,12.00,2.48,1.77,^,18.24,,13.60,12.10,504,0.00,48.8,1,0,0.00,0.00,0.00,12.00,0.30,1.00,0,0,0.00,0
2026-05-02 12:31:49,307.13,1,0,0,0,0,0,0,-0.03,0,1.00,4.52,2.75,1.42,1.00,D,0.00,12.00,12.00,2.96,1.74,^,-1.66,,13.20,12.10,504,0.00,48.3,1,0,0.00,0.00,0.00,12.00,-0.03,1.00,0,0,0.00,0
2026-05-02 12:31:50,308.13,1,0,0,0,0,0,0,-0.26,0,1.00,4.52,2.75,4.12,1.00,D,0.00,12.00,12.00,3.02,1.79,^,-15.52,,14.00,12.10,504,0.00,47.7,1,0,0.00,0.00,0.00,12.00,-0.26,1.00,0,0,0.00,0
2026-05-02 12:31:51,309.25,1,0,0,0,0,0,0,0.05,0,1.00,4.52,2.75,3.01,1.00,D,0.00,12.00,12.00,3.17,1.86,^,2.74,,16.70,12.10,504,0.00,48.8,1,0,0.00,0.00,0.00,12.00,0.05,1.00,0,0,0.00,0
2026-05-02 12:31:52,310.15,1,0,0,0,0,0,0,-0.23,0,1.00,4.52,2.75,3.82,1.00,D,0.00,12.00,12.00,2.72,1.74,^,-13.55,,15.60,12.10,504,0.01,49.9,1,0,0.00,0.00,0.00,12.00,-0.23,1.00,0,0,0.00,0
2026-05-02 12:31:53,311.17,1,0,0,0,0,0,0,0.04,0,1.00,4.52,2.76,3.34,1.00,D,0.00,12.00,12.00,12.00,1.72,^,2.39,,13.20,12.10,504,0.00,49.4,1,0,0.00,0.00,0.00,12.00,0.04,1.00,0,0,0.00,0
2026-05-02 12:31:54,312.17,1,0,0,0,0,0,0,-0.22,0,1.00,4.52,2.76,3.15,1.00,D,0.00,12.00,12.00,12.00,1.67,^,-13.07,,13.40,12.00,504,0.00,48.3,1,0,0.00,0.00,0.00,12.00,-0.22,1.00,0,0,0.00,0
2026-05-02 12:31:55,313.18,1,0,0,0,0,0,0,0.13,0,1.00,4.52,2.76,4.07,1.00,D,0.00,12.00,12.00,12.00,1.65,^,7.81,,14.00,12.20,504,0.00,48.8,1,0,0.00,0.00,0.00,12.00,0.13,1.00,0,0,0.00,0
2026-05-02 12:31:56,314.19,1,0,0,0,0,0,0,-0.06,0,1.00,4.52,2.76,3.95,1.00,D,0.00,12.00,12.00,12.00,1.62,^,-3.44,,13.10,12.20,504,0.00,48.8,1,0,0.00,0.00,0.00,12.00,-0.06,1.00,0,0,0.00,0
2026-05-02 12:31:57,315.20,1,0,0,0,0,0,0,-0.09,0,1.00,4.52,2.77,2.50,1.00,D,0.00,12.00,12.00,12.00,1.70,^,-5.47,,13.30,12.10,504,0.00,47.2,1,0,0.00,0.00,0.00,12.00,-0.09,1.00,0,0,0.00,0
2026-05-02 12:31:58,316.22,1,0,0,0,0,0,0,-0.11,0,1.00,4.52,2.77,4.09,1.00,D,0.00,12.00,12.00,12.00,1.72,^,-6.90,,17.20,12.10,504,0.00,47.7,1,0,0.00,0.00,0.00,12.00,-0.11,1.00,0,0,0.00,0
2026-05-02 12:31:59,317.23,1,0,0,0,0,0,0,0.01,0,1.00,4.52,2.78,4.18,1.00,D,0.00,12.00,12.00,3.00,1.82,^,0.62,,15.50,12.10,504,0.00,48.8,1,0,0.00,0.00,0.00,12.00,0.01,1.00,0,0,0.00,0
2026-05-02 12:32:00,318.24,1,0,0,0,0,0,0,0.13,0,1.00,4.52,2.78,4.18,1.00,D,0.00,12.00,12.00,12.00,1.93,^,7.98,,16.60,12.10,504,0.00,48.3,1,0,0.00,0.00,0.00,12.00,0.13,1.00,0,0,0.00,0
2026-05-02 12:32:01,319.25,1,0,0,0,0,0,0,-0.02,0,1.00,4.52,2.78,4.17,1.00,D,0.00,12.00,12.00,3.30,2.19,^,-1.08,,16.80,12.10,504,0.00,48.8,1,0,0.00,0.00,0.00,12.00,-0.02,1.00,0,0,0.00,0
2026-05-02 12:32:02,320.26,1,0,0,0,0,0,0,-0.09,0,1.00,4.52,2.79,4.26,1.00,D,0.00,2.71,12.00,12.00,2.40,^,-5.11,,16.40,12.10,504,0.00,46.6,1,0,0.00,0.00,0.00,2.71,-0.09,1.00,0,0,0.00,0
2026-05-02 12:32:03,321.28,1,0,0,0,0,0,0,0.05,0,1.00,4.52,2.79,4.07,1.00,D,0.00,12.00,12.00,1.28,2.65,^,2.86,,16.20,12.10,504,0.00,48.3,1,0,0.00,0.00,0.00,12.00,0.05,1.00,0,0,0.00,0
2026-05-02 12:32:04,322.29,1,0,0,0,0,0,0,0.20,0,1.00,4.52,2.80,3.91,1.00,D,0.00,12.00,12.00,12.00,1.31,^,11.99,,17.70,12.10,504,0.00,48.3,1,0,0.00,0.00,0.00,12.00,0.20,1.00,0,0,0.00,0
2026-05-02 12:32:05,323.30,1,0,0,0,0,0,0,-0.48,0,1.00,4.52,2.80,4.02,1.00,D,0.00,12.00,12.00,2.46,2.84,^,-28.96,,16.80,12.00,504,0.00,48.3,1,0,0.00,0.00,0.00,12.00,-0.48,1.00,0,0,0.00,0
2026-05-02 12:32:06,324.31,1,0,0,0,0,0,0,0.05,0,1.00,4.52,2.81,4.18,1.00,D,0.00,12.00,12.00,12.00,12.00,^,2.80,,17.20,12.00,504,0.00,48.3,1,0,0.00,0.00,0.00,12.00,0.05,1.00,0,0,0.00,0
2026-05-02 12:32:07,325.42,1,0,0,0,0,0,0,0.20,0,1.00,4.52,2.81,4.20,1.00,D,0.00,12.00,12.00,12.00,12.00,^,12.10,,16.10,12.10,504,0.00,47.7,1,0,0.00,0.00,0.00,12.00,0.20,1.00,0,0,0.00,0
2026-05-02 12:32:08,326.32,1,0,0,0,0,0,0,-0.20,0,1.00,4.52,2.81,3.91,1.00,D,0.00,12.00,12.00,12.00,12.00,^,-11.79,,15.40,12.00,504,0.00,46.6,1,0,0.00,0.00,0.00,12.00,-0.20,1.00,0,0,0.00,0
2026-05-02 12:32:09,327.33,1,0,0,0,0,0,0,0.21,0,1.00,4.52,2.82,4.14,1.00,D,0.00,12.00,12.00,12.00,12.00,^,12.86,,18.40,12.10,504,0.00,46.6,1,0,0.00,0.00,0.00,12.00,0.21,1.00,0,0,0.00,0
2026-05-02 12:32:10,328.35,0,0,0,0,0,0,0,1.00,0,1.00,4.52,2.82,2.43,0.19,D,0.00,12.00,12.00,12.00,12.00,^,0.00,,16.20,12.10,504,0.00,47.7,1,0,0.00,0.00,0.00,12.00,0.00,0.00,0,0,0.00,0
2026-05-02 12:32:11,329.36,0,0,0,0,0,0,0,1.00,0,1.00,4.52,2.82,1.13,0.69,D,0.00,12.00,12.00,2.30,2.31,^,0.00,,13.50,12.10,504,0.00,48.3,1,0,0.00,0.00,0.00,12.00,0.00,0.00,0,0,0.00,0
2026-05-02 12:32:12,330.48,0,0,0,0,0,0,0,0.00,0,1.00,4.52,2.81,3.60,1.00,D,0.00,1.40,2.31,12.00,2.28,WARN_WARNING,0.00,,17.80,12.10,504,0.00,47.2,1,0,0.00,0.00,0.00,1.40,0.00,0.00,0,0,0.00,0
2026-05-02 12:32:13,331.38,0,0,0,0,0,0,0,-0.14,1,0.00,4.52,2.81,0.00,0.00,D,0.00,12.00,2.61,0.78,2.51,^,0.00,,15.70,12.00,504,0.10,47.2,1,0,0.00,0.00,0.00,12.00,0.00,0.00,0,0,0.00,0
2026-05-02 12:32:14,332.40,0,0,0,1,0,0,0,1.00,0,1.00,4.52,2.80,0.03,-0.33,R,0.00,12.00,2.62,0.98,2.52,^,0.00,,15.80,12.10,504,0.01,47.7,1,0,0.00,0.00,0.00,12.00,0.00,0.00,0,0,0.00,0
2026-05-02 12:32:15,333.41,0,0,1,0,0,0,0,-0.10,0,1.00,4.52,2.79,0.00,0.15,D,0.00,12.00,2.62,1.08,2.53,^,0.00,,15.80,12.10,504,0.53,47.7,1,0,0.00,0.00,0.00,12.00,0.00,0.00,0,0,0.00,0
2026-05-02 12:32:16,334.42,0,0,0,0,0,0,0,0.00,0,1.00,4.52,2.79,0.17,0.66,D,0.00,12.00,2.54,1.09,2.51,^,0.00,,15.00,12.10,504,0.00,47.2,1,0,0.00,0.00,0.00,12.00,0.00,0.00,0,0,0.00,0
2026-05-02 12:32:17,335.42,0,0,0,0,0,0,0,0.00,0,1.00,4.52,2.78,3.44,1.00,D,0.00,12.00,12.00,0.78,2.60,^,0.00,,16.60,12.10,504,0.00,46.6,1,0,0.00,0.00,0.00,12.00,0.00,0.00,0,0,0.00,0
2026-05-02 12:32:18,336.44,0,0,0,0,0,0,0,0.00,0,1.00,4.52,2.79,4.16,1.00,D,0.00,12.00,12.00,12.00,0.80,^,0.00,,16.60,12.10,504,0.00,48.8,1,0,0.00,0.00,0.00,12.00,0.00,0.00,0,0,0.00,0
2026-05-02 12:32:19,337.55,0,0,0,0,0,0,0,0.00,0,1.00,4.52,2.79,4.23,1.00,D,0.00,12.00,12.00,12.00,1.09,^,0.00,,14.60,12.00,504,0.00,47.7,1,0,0.00,0.00,0.00,12.00,0.00,0.00,0,0,0.00,0
2026-05-02 12:32:20,338.45,0,0,0,0,0,0,0,0.00,0,1.00,4.52,2.80,3.92,0.69,D,0.00,12.00,12.00,12.00,1.33,^,0.00,,15.90,12.00,504,0.00,48.8,1,0,0.00,0.00,0.00,12.00,0.00,0.00,0,0,0.00,0
2026-05-02 12:32:21,339.46,0,0,0,0,0,0,0,-0.58,0,1.00,4.52,2.80,4.05,1.00,D,0.00,12.00,2.59,12.00,1.31,^,0.00,,16.00,12.00,504,0.00,47.2,1,0,0.00,0.00,0.00,12.00,0.00,0.00,0,0,0.00,0
2026-05-02 12:32:22,340.47,0,0,0,0,0,0,0,0.00,0,0.12,4.52,2.80,4.03,0.71,D,0.00,12.00,1.58,12.00,1.47,^,0.00,,15.00,12.00,504,0.00,47.2,1,0,0.00,0.00,0.00,12.00,0.00,0.00,0,0,0.00,0
2026-05-02 12:32:23,341.48,0,0,0,0,0,0,0,0.00,0,1.00,4.52,2.80,3.67,1.00,D,0.00,12.00,12.00,12.00,1.41,^,0.00,,16.00,12.10,504,0.00,48.3,1,0,0.00,0.00,0.00,12.00,0.00,0.00,0,0,0.00,0
2026-05-02 12:32:24,342.50,0,0,0,0,0,0,0,-0.14,0,1.00,4.52,2.81,4.26,1.00,D,0.00,12.00,2.75,12.00,1.45,^,0.00,,16.50,12.10,504,0.00,47.2,1,0,0.00,0.00,0.00,12.00,0.00,0.00,0,0,0.00,0
2026-05-02 12:32:25,343.51,0,0,0,0,0,0,0,0.00,0,1.00,4.52,2.81,4.34,1.00,D,0.00,12.00,2.49,12.00,1.54,^,0.00,,15.40,12.10,504,0.00,48.8,1,0,0.00,0.00,0.00,12.00,0.00,0.00,0,0,0.00,0
2026-05-02 12:32:26,344.52,0,0,0,0,0,0,0,0.00,0,1.00,4.52,2.82,4.43,1.00,D,0.00,12.00,2.42,12.00,1.66,^,0.00,,12.70,12.00,504,0.00,47.7,1,0,0.00,0.00,0.00,12.00,0.00,0.00,0,0,0.00,0
2026-05-02 12:32:27,345.54,0,0,0,0,0,0,0,0.00,0,0.00,4.52,2.82,3.84,0.45,D,0.00,12.00,12.00,12.00,1.75,^,0.00,,24.10,12.10,504,0.00,46.6,1,0,0.00,0.00,0.00,12.00,0.00,0.00,0,0,0.00,0
2026-05-02 12:32:28,346.55,0,0,0,0,0,0,0,0.00,0,0.00,4.52,2.82,2.61,0.00,D,0.00,12.00,2.71,12.00,1.50,^,0.00,,14.00,12.10,504,0.00,48.8,1,0,0.00,0.00,0.00,12.00,0.00,0.00,0,0,0.00,0
2026-05-02 12:32:29,347.56,0,0,0,0,0,0,0,0.00,0,1.00,4.52,2.82,1.45,0.45,D,0.00,12.00,12.00,12.00,0.93,^,0.00,,12.10,12.10,504,0.00,47.7,1,0,0.00,0.00,0.00,12.00,0.00,0.00,0,0,0.00,0
2026-05-02 12:32:30,348.58,0,0,0,0,0,0,0,0.00,0,1.00,4.52,2.82,2.26,0.96,D,0.00,12.00,12.00,12.00,0.52,^,0.00,,15.10,12.10,504,0.00,47.2,1,0,0.00,0.00,0.00,12.00,0.00,0.00,0,0,0.00,0
2026-05-02 12:32:31,349.59,0,0,0,0,0,0,0,0.00,0,1.00,4.52,2.82,3.61,0.90,D,0.00,12.00,2.90,12.00,0.72,^,0.00,,15.80,12.10,504,0.00,48.3,1,0,0.00,0.00,0.00,12.00,0.00,0.00,0,0,0.00,0
2026-05-02 12:32:32,350.60,0,0,0,0,0,0,0,0.00,0,1.00,4.52,2.82,4.26,1.00,D,0.00,12.00,12.00,12.00,0.80,^,0.00,,16.80,12.10,504,0.00,48.3,1,0,0.00,0.00,0.00,12.00,0.00,0.00,0,0,0.00,0
2026-05-02 12:32:33,351.61,0,0,0,0,0,0,0,0.00,0,1.00,4.52,2.83,4.14,1.00,D,0.00,12.00,2.87,12.00,1.01,^,0.00,,17.60,12.10,504,0.00,47.2,1,0,0.00,0.00,0.00,12.00,0.00,0.00,0,0,0.00,0
2026-05-02 12:32:34,352.61,0,0,0,0,0,0,0,0.00,0,1.00,4.52,2.83,4.27,0.94,D,0.00,12.00,2.71,12.00,1.24,^,0.00,,17.20,12.10,504,0.00,47.7,1,0,0.00,0.00,0.00,12.00,0.00,0.00,0,0,0.00,0
2026-05-02 12:32:35,353.61,0,0,0,0,0,0,0,0.00,0,1.00,4.52,2.83,4.01,1.00,D,0.00,12.00,2.38,12.00,1.30,^,0.00,,17.00,12.10,504,0.00,47.2,1,0,0.00,0.00,0.00,12.00,0.00,0.00,0,0,0.00,0
2026-05-02 12:32:36,354.62,0,0,0,0,0,0,0,0.00,0,1.00,4.52,2.84,4.21,1.00,D,0.00,12.00,2.65,12.00,1.35,^,0.00,,17.90,12.10,504,0.00,48.3,1,0,0.00,0.00,0.00,12.00,0.00,0.00,0,0,0.00,0
2026-05-02 12:32:37,355.62,0,0,0,0,0,0,0,0.00,0,0.90,4.52,2.84,4.44,0.91,D,0.00,12.00,12.00,12.00,1.51,^,0.00,,14.40,12.20,504,0.00,49.4,1,0,0.00,0.00,0.00,12.00,0.00,0.00,0,0,0.00,0
2026-05-02 12:32:38,356.64,0,0,0,0,0,0,0,0.00,0,1.00,4.52,2.85,3.99,1.00,D,0.00,12.00,2.84,12.00,1.53,^,0.00,,13.50,12.20,504,0.00,49.9,1,0,0.00,0.00,0.00,12.00,0.00,0.00,0,0,0.00,0
2026-05-02 12:32:40,357.65,0,0,0,0,0,0,0,0.00,0,1.00,4.52,2.85,4.26,1.00,D,0.00,12.00,12.00,12.00,1.64,^,0.00,,14.40,12.30,504,0.00,49.4,1,0,0.00,0.00,0.00,12.00,0.00,0.00,0,0,0.00,0
2026-05-02 12:32:41,358.66,0,0,0,0,0,0,0,0.00,0,1.00,4.52,2.85,4.03,1.00,D,0.00,12.00,12.00,12.00,1.74,^,0.00,,15.50,12.30,504,0.00,49.4,1,0,0.00,0.00,0.00,12.00,0.00,0.00,0,0,0.00,0
2026-05-02 12:32:42,359.67,0,0,0,0,0,0,0,0.00,0,0.95,4.52,2.86,3.98,0.96,D,0.00,12.00,12.00,12.00,1.82,^,0.00,,15.80,12.30,504,0.00,48.3,1,0,0.00,0.00,0.00,12.00,0.00,0.00,0,0,0.00,0
2026-05-02 12:32:43,360.68,0,0,0,0,0,0,0,0.00,0,1.00,4.52,2.86,4.37,1.00,D,0.00,12.00,12.00,12.00,1.89,^,0.00,,14.50,12.30,504,0.00,48.8,1,0,0.00,0.00,0.00,12.00,0.00,0.00,0,0,0.00,0
2026-05-02 12:32:44,361.70,0,0,0,0,0,0,0,-0.11,0,1.00,4.52,2.86,3.97,0.92,D,0.00,12.00,3.04,12.00,1.99,^,0.00,,14.80,12.30,504,0.00,49.4,1,0,0.00,0.00,0.00,12.00,0.00,0.00,0,0,0.00,0
2026-05-02 12:32:45,362.71,0,0,0,0,0,0,0,0.00,0,1.00,4.52,2.87,3.76,0.97,D,0.00,12.00,2.97,12.00,1.83,^,0.00,,15.20,12.20,504,0.00,48.3,1,0,0.00,0.00,0.00,12.00,0.00,0.00,0,0,0.00,0
2026-05-02 12:32:46,363.72,0,0,0,0,0,0,0,0.00,0,0.41,4.52,2.87,4.17,0.88,D,0.00,12.00,2.98,12.00,1.81,^,0.00,,15.20,12.20,504,0.00,49.4,1,0,0.00,0.00,0.00,12.00,0.00,0.00,0,0,0.00,0
2026-05-02 12:32:47,364.72,0,0,0,0,0,0,0,0.00,0,0.00,4.52,2.87,4.17,0.87,D,0.00,12.00,12.00,12.00,1.72,^,0.00,,14.50,12.20,504,0.00,47.2,1,0,0.00,0.00,0.00,12.00,0.00,0.00,0,0,0.00,0
2026-05-02 12:32:48,365.74,0,0,0,0,0,0,0,0.00,0,1.00,4.52,2.88,4.17,1.00,D,0.00,12.00,3.06,12.00,1.66,^,0.00,,16.50,12.30,504,0.00,48.8,1,0,0.00,0.00,0.00,12.00,0.00,0.00,0,0,0.00,0
2026-05-02 12:32:49,366.75,0,0,0,0,0,0,0,0.00,0,0.45,4.52,2.88,4.29,0.90,D,0.00,12.00,12.00,12.00,1.69,^,0.00,,14.60,12.30,504,0.00,49.4,1,0,0.00,0.00,0.00,12.00,0.00,0.00,0,0,0.00,0
2026-05-02 12:32:50,367.76,0,0,0,0,0,0,0,0.00,0,0.00,4.52,2.88,4.00,0.69,D,0.00,12.00,2.87,12.00,1.67,^,0.00,,13.70,12.30,504,0.00,49.9,1,0,0.00,0.00,0.00,12.00,0.00,0.00,0,0,0.00,0
2026-05-02 12:32:51,368.77,0,1,0,0,0,0,0,0.00,0,0.00,4.52,2.89,3.16,0.41,D,3.90,12.00,12.00,12.00,1.48,^,0.00,,13.10,12.30,504,0.00,49.4,1,0,0.41,0.00,0.00,12.00,0.00,0.00,0,0,0.00,0
2026-05-02 12:32:52,369.79,0,1,0,0,0,0,0,0.00,0,0.00,4.52,2.89,2.95,0.59,D,3.90,12.00,2.83,12.00,1.11,^,0.00,,15.00,12.30,504,0.00,48.3,1,0,0.59,0.00,0.00,12.00,0.00,0.00,0,0,0.00,0
2026-05-02 12:32:53,370.80,0,1,0,0,0,0,0,0.00,0,0.00,4.52,2.89,2.85,0.73,D,3.90,12.00,12.00,12.00,0.82,^,0.00,,14.30,12.40,504,0.00,48.3,1,0,0.73,0.00,0.00,12.00,0.00,0.00,0,0,0.00,0
2026-05-02 12:32:54,371.82,0,1,0,0,0,0,0,0.00,0,0.00,4.52,2.89,2.48,0.85,D,3.90,12.00,12.00,12.00,0.72,^,0.00,,15.30,12.40,504,0.00,48.8,1,0,1.00,0.00,0.00,12.00,0.00,0.00,0,0,0.00,0
2026-05-02 12:32:55,372.83,0,1,0,0,0,1,0,-0.23,0,0.00,4.52,2.89,3.57,0.74,D,4.30,12.00,12.00,12.00,0.92,^,0.00,,15.80,12.40,504,0.00,48.3,1,0,0.74,0.00,0.00,12.00,0.00,0.00,0,0,0.00,0
2026-05-02 12:32:56,373.84,0,1,0,0,0,0,0,0.00,0,0.00,4.52,2.89,3.36,0.91,D,4.30,12.00,3.13,12.00,0.99,^,0.00,,15.80,12.40,504,0.00,48.3,1,0,0.91,0.00,0.00,12.00,0.00,0.00,0,0,0.00,0
2026-05-02 12:32:57,374.86,0,1,0,0,0,1,0,0.00,0,0.00,4.52,2.89,3.57,0.93,D,4.40,12.00,2.63,12.00,1.05,^,0.00,,18.50,12.30,504,0.00,47.2,1,0,0.93,0.00,0.00,12.00,0.00,0.00,0,0,0.00,0
2026-05-02 12:32:58,375.87,0,1,0,0,0,0,0,0.00,0,0.00,4.52,2.89,3.60,0.97,D,4.40,12.00,12.00,12.00,1.05,^,0.00,,16.20,12.30,504,0.00,46.6,1,0,0.97,0.00,0.00,12.00,0.00,0.00,0,0,0.00,0
2026-05-02 12:32:59,376.88,0,1,0,0,0,0,0,0.00,0,0.00,4.52,2.89,3.80,0.93,D,4.40,12.00,12.00,12.00,1.00,^,0.00,,15.40,12.30,504,0.00,47.2,1,0,0.93,0.00,0.00,12.00,0.00,0.00,0,0,0.00,0
2026-05-02 12:33:00,377.89,0,1,0,0,0,0,0,0.00,0,0.00,4.52,2.90,3.89,0.93,D,4.40,12.00,12.00,12.00,0.92,^,0.00,,16.20,12.30,504,0.00,48.8,1,0,0.93,0.00,0.00,12.00,0.00,0.00,0,0,0.00,0
2026-05-02 12:33:01,379.00,0,1,0,0,0,0,0,-0.30,0,0.00,4.52,2.90,3.93,0.96,D,4.40,12.00,12.00,12.00,0.88,^,0.00,,15.20,12.30,504,0.00,48.8,1,0,0.96,0.00,0.00,12.00,0.00,0.00,0,0,0.00,0
2026-05-02 12:33:02,379.90,0,1,0,0,0,0,0,0.00,0,0.00,4.52,2.90,4.02,0.94,D,4.40,12.00,12.00,12.00,0.95,^,0.00,,13.50,12.30,504,0.00,48.8,1,0,0.94,0.00,0.00,12.00,0.00,0.00,0,0,0.00,0
2026-05-02 12:33:03,380.91,0,1,0,0,0,0,0,0.00,0,0.00,4.52,2.91,3.99,1.00,D,4.40,12.00,12.00,12.00,0.94,^,0.00,,15.50,12.30,504,0.00,47.7,1,0,1.00,0.00,0.00,12.00,0.00,0.00,0,0,0.00,0
2026-05-02 12:33:04,381.92,0,1,0,0,0,0,1,0.00,0,0.00,4.52,2.91,4.01,0.95,D,4.30,12.00,2.90,12.00,0.87,^,0.00,,19.20,12.30,504,0.00,48.8,1,0,0.95,0.00,0.00,12.00,0.00,0.00,0,0,0.00,0
2026-05-02 12:33:05,383.03,0,1,0,0,0,0,1,-0.12,0,0.00,4.52,2.91,3.84,0.97,D,4.20,12.00,12.00,12.00,0.91,^,0.00,,17.80,12.30,504,0.00,47.7,1,0,0.97,0.00,0.00,12.00,0.00,0.00,0,0,0.00,0
2026-05-02 12:33:06,383.94,0,1,0,0,0,0,0,0.00,0,0.00,4.52,2.91,3.94,0.93,D,4.20,12.00,2.91,12.00,0.92,^,0.00,,19.70,12.30,504,0.00,48.8,1,0,0.93,0.00,0.00,12.00,0.00,0.00,0,0,0.00,0
2026-05-02 12:33:07,384.95,0,1,0,0,0,0,0,0.00,0,0.00,4.52,2.92,3.92,0.94,D,4.20,12.00,12.00,12.00,0.95,^,0.00,,14.50,12.20,504,0.00,48.8,1,0,0.94,0.00,0.00,12.00,0.00,0.00,0,0,0.00,0
2026-05-02 12:33:08,385.96,0,1,0,0,0,0,0,0.00,0,0.00,4.52,2.92,3.93,0.94,D,4.20,12.00,2.82,12.00,0.93,^,0.00,,14.90,12.20,504,0.00,47.2,1,0,0.94,0.00,0.00,12.00,0.00,0.00,0,0,0.00,0
2026-05-02 12:33:09,387.07,0,1,0,0,0,0,0,0.00,0,0.00,4.52,2.92,3.90,0.95,D,4.20,12.00,12.00,12.00,1.00,^,0.00,,17.30,12.20,504,0.00,48.8,1,0,0.95,0.00,0.00,12.00,0.00,0.00,0,0,0.00,0
2026-05-02 12:33:10,387.97,0,1,0,0,0,0,0,0.00,0,0.00,4.52,2.92,4.01,0.89,D,4.20,12.00,3.12,12.00,1.14,^,0.00,,15.00,12.20,504,0.00,47.2,1,0,0.89,0.00,0.00,12.00,0.00,0.00,0,0,0.00,0
2026-05-02 12:33:11,388.99,0,1,0,0,0,0,0,0.00,0,0.00,4.52,2.93,3.87,0.97,D,4.20,12.00,12.00,12.00,1.18,^,0.00,,16.00,12.20,504,0.00,47.2,1,0,0.97,0.00,0.00,12.00,0.00,0.00,0,0,0.00,0
2026-05-02 12:33:12,390.00,0,1,0,0,0,0,0,0.00,0,0.00,4.52,2.93,3.87,0.96,D,4.20,12.00,3.36,12.00,1.52,^,0.00,,17.60,12.20,504,0.00,48.3,1,0,0.96,0.00,0.00,12.00,0.00,0.00,0,0,0.00,0
2026-05-02 12:33:13,391.01,0,1,0,0,0,0,0,0.00,0,0.00,4.52,2.93,3.93,0.94,D,4.20,12.00,12.00,12.00,1.53,^,0.00,,19.40,12.30,504,0.00,48.8,1,0,0.94,0.00,0.00,12.00,0.00,0.00,0,0,0.00,0
2026-05-02 12:33:14,392.03,0,1,0,0,0,0,0,0.00,0,0.00,4.52,2.93,3.95,0.92,D,4.20,12.00,3.24,12.00,1.46,^,0.00,,17.40,12.30,504,0.00,48.8,1,0,0.92,0.00,0.00,12.00,0.00,0.00,0,0,0.00,0
2026-05-02 12:33:15,393.04,0,1,0,0,0,0,0,0.00,0,0.00,4.52,2.94,3.98,0.91,D,4.20,12.00,12.00,12.00,1.36,^,0.00,,16.10,12.30,504,0.00,49.4,1,0,0.91,0.00,0.00,12.00,0.00,0.00,0,0,0.00,0
2026-05-02 12:33:16,394.05,0,1,0,0,0,0,0,0.00,0,0.00,4.52,2.94,3.95,0.92,D,4.20,12.00,2.93,12.00,1.31,^,0.00,,14.50,12.30,504,0.00,46.6,1,0,0.92,0.00,0.00,12.00,0.00,0.00,0,0,0.00,0
2026-05-02 12:33:17,395.16,0,1,0,0,0,0,0,0.00,0,0.00,4.52,2.94,3.90,0.96,D,4.20,12.00,2.79,12.00,1.33,^,0.00,,14.70,12.30,504,0.00,47.2,1,0,0.96,0.00,0.00,12.00,0.00,0.00,0,0,0.00,0
2026-05-02 12:33:18,396.07,0,1,0,0,0,0,0,0.00,0,0.00,4.52,2.94,3.92,0.94,D,4.20,12.00,12.00,12.00,1.54,^,0.00,,17.10,12.20,504,0.00,49.4,1,0,0.94,0.00,0.00,12.00,0.00,0.00,0,0,0.00,0
2026-05-02 12:33:19,397.08,0,1,0,0,0,0,0,0.00,0,0.00,4.52,2.95,3.95,0.91,D,4.20,12.00,3.00,12.00,1.68,^,0.00,,17.50,12.20,504,0.00,47.7,1,0,0.91,0.00,0.00,12.00,0.00,0.00,0,0,0.00,0
2026-05-02 12:33:20,398.09,0,1,0,0,0,0,0,0.00,0,0.00,4.52,2.95,3.99,0.91,D,4.20,12.00,12.00,12.00,1.80,^,0.00,,19.70,12.20,504,0.00,48.3,1,0,0.91,0.00,0.00,12.00,0.00,0.00,0,0,0.00,0
2026-05-02 12:33:21,399.10,0,1,0,0,0,0,0,0.00,0,0.00,4.52,2.95,4.01,0.89,D,4.20,12.00,3.00,12.00,1.83,^,0.00,,17.70,12.20,504,0.00,48.3,1,0,0.89,0.00,0.00,12.00,0.00,0.00,0,0,0.00,0
2026-05-02 12:33:22,400.11,0,1,0,0,0,0,0,0.00,0,0.00,4.52,2.95,3.89,0.97,D,4.20,12.00,2.88,12.00,1.72,^,0.00,,22.30,12.20,504,0.00,48.3,1,0,0.97,0.00,0.00,12.00,0.00,0.00,0,0,0.00,0
2026-05-02 12:33:23,401.12,0,1,0,0,0,0,0,0.00,0,0.00,4.52,2.96,3.94,0.93,D,4.20,12.00,2.97,12.00,1.66,^,0.00,,18.30,12.30,504,0.00,46.1,1,0,0.93,0.00,0.00,12.00,0.00,0.00,0,0,0.00,0
2026-05-02 12:33:24,402.14,0,1,0,0,0,0,0,0.00,0,0.00,4.52,2.96,3.93,0.94,D,4.20,12.00,12.00,12.00,1.61,^,0.00,,18.60,12.30,504,0.00,46.6,1,0,0.94,0.00,0.00,12.00,0.00,0.00,0,0,0.00,0
2026-05-02 12:33:25,403.15,0,1,0,0,0,0,0,0.00,0,0.00,4.52,2.96,4.01,0.89,D,4.20,12.00,12.00,12.00,1.63,^,0.00,,16.90,12.50,504,0.00,47.7,1,0,0.89,0.00,0.00,12.00,0.00,0.00,0,0,0.00,0
2026-05-02 12:33:26,404.16,0,1,0,0,0,0,0,0.00,0,0.00,4.52,2.96,3.63,1.00,D,4.20,12.00,12.00,12.00,1.66,^,0.00,,17.50,12.50,504,0.00,47.2,1,0,1.14,0.00,0.00,12.00,0.00,0.00,0,0,0.00,0
2026-05-02 12:33:27,405.18,0,0,0,0,0,0,0,0.00,1,0.00,4.52,2.97,4.02,0.58,D,4.20,12.00,1.45,12.00,1.82,^,0.00,,18.50,12.40,504,0.00,46.6,1,0,0.00,0.00,0.00,12.00,0.00,0.00,0,0,0.00,0
2026-05-02 12:33:28,406.19,0,0,0,0,0,0,0,0.00,1,0.00,4.52,2.97,1.07,0.00,D,4.20,12.00,12.00,12.00,1.72,^,0.00,,15.00,12.40,504,0.00,45.5,1,0,0.00,0.00,0.00,12.00,0.00,0.00,0,0,0.00,0
2026-05-02 12:33:29,407.20,0,0,0,0,0,0,0,-0.18,0,1.00,4.52,2.96,0.25,0.32,D,4.20,12.00,12.00,12.00,0.96,^,0.00,,13.60,12.40,504,0.01,46.6,1,0,0.00,0.00,0.00,12.00,0.00,0.00,0,0,0.00,0
2026-05-02 12:33:30,408.21,0,0,0,0,0,0,0,0.00,0,1.00,4.52,2.95,1.62,0.83,D,4.20,12.00,12.00,12.00,0.68,^,0.00,,13.60,12.50,504,0.00,46.6,1,0,0.00,0.00,0.00,12.00,0.00,0.00,0,0,0.00,0
2026-05-02 12:33:31,409.22,0,0,0,0,0,0,0,0.00,0,0.00,4.52,2.95,4.23,0.93,D,4.20,12.00,12.00,12.00,1.14,^,0.00,,14.80,12.60,504,0.00,48.3,1,0,0.00,0.00,0.00,12.00,0.00,0.00,0,0,0.00,0
2026-05-02 12:33:32,410.34,0,0,0,0,0,0,0,0.00,0,0.00,4.52,2.96,3.26,0.32,D,4.20,12.00,12.00,12.00,1.33,^,0.00,,14.40,12.60,504,0.00,47.2,1,0,0.00,0.00,0.00,12.00,0.00,0.00,0,0,0.00,0
2026-05-02 12:33:33,411.24,0,0,0,0,0,0,0,0.15,0,1.00,4.52,2.96,2.46,0.45,D,4.20,12.00,12.00,12.00,1.06,^,0.00,,14.20,12.50,504,0.00,48.3,1,0,0.00,0.00,0.00,12.00,0.00,0.00,0,0,0.00,0
2026-05-02 12:33:34,412.25,0,0,0,0,0,0,0,-0.63,0,0.00,4.52,2.96,2.62,0.61,D,4.20,12.00,12.00,12.00,1.14,^,0.00,,14.90,12.70,504,0.00,46.1,1,0,0.00,0.00,0.00,12.00,0.00,0.00,0,0,0.00,0
2026-05-02 12:33:35,413.37,0,0,0,0,0,0,0,0.34,0,0.98,4.52,2.95,2.26,0.76,D,4.20,12.00,2.58,12.00,1.06,^,0.00,,15.10,12.90,504,0.00,47.2,1,0,0.00,0.00,0.00,12.00,0.00,0.00,0,0,0.00,0
2026-05-02 12:33:36,414.27,0,0,0,0,0,0,0,0.00,0,1.00,4.52,2.95,3.04,0.84,D,4.20,12.00,2.33,12.00,1.05,^,0.00,,16.90,13.00,504,0.00,48.3,1,0,0.00,0.00,0.00,12.00,0.00,0.00,0,0,0.00,0
2026-05-02 12:33:37,415.28,0,0,0,0,0,0,0,-1.00,0,0.00,4.52,2.95,3.63,0.85,D,4.20,12.00,2.62,12.00,1.53,^,0.00,,14.20,12.90,504,0.00,46.6,1,0,0.00,0.00,0.00,12.00,0.00,0.00,0,0,0.00,0
2026-05-02 12:33:38,416.30,0,0,0,0,0,0,0,0.00,0,0.00,4.52,2.95,0.82,0.24,D,4.20,12.00,0.94,1.75,12.00,^,0.00,,13.70,12.80,504,0.00,47.2,1,0,0.00,0.00,0.00,12.00,0.00,0.00,0,0,0.00,0
2026-05-02 12:33:39,417.31,0,0,0,0,0,0,0,0.00,0,0.00,4.52,2.95,0.00,0.00,D,4.20,2.57,0.52,1.62,1.84,^,0.00,,12.90,12.80,504,0.45,48.8,1,0,0.00,0.00,0.00,2.57,0.00,0.00,0,0,0.00,0
2026-05-02 12:33:40,418.33,0,0,0,0,0,0,0,-0.69,0,1.00,4.52,2.94,0.01,0.37,D,4.20,2.56,12.00,1.62,0.46,^,0.00,,11.50,12.80,504,0.16,47.7,1,0,0.00,0.00,0.00,2.56,0.00,0.00,0,0,0.00,0
2026-05-02 12:33:41,419.34,0,1,0,0,0,0,0,0.00,0,0.00,4.52,2.93,0.29,0.36,D,0.13,12.00,12.00,1.61,0.68,^,0.00,,15.80,12.80,504,0.01,48.8,1,0,-0.09,0.00,0.00,12.00,0.00,0.00,0,0,0.00,0
2026-05-02 12:33:42,420.35,0,1,0,0,0,0,0,0.00,0,0.00,4.52,2.92,0.00,0.07,D,0.13,12.00,12.00,1.60,0.67,^,0.00,,14.40,12.80,504,0.74,47.7,1,0,0.07,0.00,0.00,12.00,0.00,0.00,0,0,0.00,0
2026-05-02 12:33:43,421.46,0,1,0,0,0,1,0,0.00,0,0.00,4.52,2.92,0.00,0.47,D,0.90,12.00,12.00,1.62,0.66,^,0.00,,13.80,12.80,504,0.00,46.1,1,0,0.49,0.00,0.00,12.00,0.00,0.00,0,0,0.00,0
2026-05-02 12:33:44,422.37,0,1,0,0,0,1,0,0.00,0,0.00,4.52,2.91,0.63,0.62,D,1.60,12.00,12.00,1.60,0.52,^,0.00,,15.40,12.80,504,0.00,47.7,1,0,0.62,0.00,0.00,12.00,0.00,0.00,0,0,0.00,0
2026-05-02 12:33:45,423.38,0,1,0,0,0,1,0,0.00,0,0.00,4.52,2.91,1.11,0.73,D,2.20,12.00,0.71,1.64,0.72,^,0.00,,15.40,12.50,504,0.00,47.7,1,0,0.76,0.00,0.00,12.00,0.00,0.00,0,0,0.00,0
2026-05-02 12:33:46,424.39,0,1,0,0,0,1,0,0.00,0,0.00,4.52,2.90,1.82,0.79,D,2.80,12.00,12.00,1.44,0.85,^,0.00,,16.10,12.40,504,0.00,46.1,1,0,0.79,0.00,0.00,12.00,0.00,0.00,0,0,0.00,0
2026-05-02 12:33:47,425.50,0,1,0,0,0,1,0,0.00,0,0.00,4.52,2.90,2.08,0.89,D,3.10,12.00,12.00,1.57,0.76,^,0.00,,16.90,12.50,504,0.00,47.7,1,0,0.89,0.00,0.00,12.00,0.00,0.00,0,0,0.00,0
2026-05-02 12:33:48,426.41,0,1,0,0,0,1,0,0.24,0,0.00,4.52,2.90,2.68,0.80,D,3.40,12.00,12.00,1.47,0.64,^,0.00,,16.10,12.60,504,0.00,47.7,1,0,0.80,0.00,0.00,12.00,0.00,0.00,0,0,0.00,0
2026-05-02 12:33:49,427.41,0,1,0,0,0,0,0,0.00,0,0.00,4.52,2.90,2.63,0.88,D,3.40,12.00,12.00,1.43,0.82,^,0.00,,16.00,12.60,504,0.00,46.6,1,0,0.88,0.00,0.00,12.00,0.00,0.00,0,0,0.00,0
2026-05-02 12:33:50,428.42,0,1,0,0,0,1,0,0.00,0,0.00,4.52,2.90,3.01,0.96,D,3.80,12.00,12.00,1.48,0.93,^,0.00,,17.90,12.60,504,0.00,46.1,1,0,0.96,0.00,0.00,12.00,0.00,0.00,0,0,0.00,0
2026-05-02 12:33:51,429.43,0,1,0,0,0,1,0,0.32,0,0.00,4.52,2.90,3.38,0.98,D,4.10,12.00,12.00,2.95,0.96,^,0.00,,17.70,12.50,504,0.00,46.6,1,0,0.98,0.00,0.00,12.00,0.00,0.00,0,0,0.00,0
2026-05-02 12:33:52,430.45,0,1,0,0,0,0,0,0.00,0,0.00,4.52,2.90,3.29,1.00,D,4.10,12.00,12.00,1.83,0.92,^,0.00,,17.10,12.40,504,0.00,46.1,1,0,1.08,0.00,0.00,12.00,0.00,0.00,0,0,0.00,0
2026-05-02 12:33:53,431.46,0,1,0,0,0,0,0,0.00,0,0.00,4.52,2.90,3.52,1.00,D,4.10,12.00,12.00,1.59,1.27,^,0.00,,17.20,12.40,504,0.00,47.2,1,0,1.02,0.00,0.00,12.00,0.00,0.00,0,0,0.00,0
2026-05-02 12:33:54,432.47,0,1,0,0,0,0,0,0.00,0,0.00,4.52,2.90,3.64,1.00,D,4.10,12.00,12.00,1.61,1.19,^,0.00,,16.80,12.60,504,0.00,46.1,1,0,1.00,0.00,0.00,12.00,0.00,0.00,0,0,0.00,0
2026-05-02 12:33:55,433.48,0,1,0,0,0,0,0,0.00,0,0.00,4.52,2.91,3.70,1.00,D,4.10,12.00,12.00,1.61,1.17,^,0.00,,15.60,12.50,504,0.00,47.7,1,0,1.00,0.00,0.00,12.00,0.00,0.00,0,0,0.00,0
2026-05-02 12:33:56,434.49,0,1,0,0,0,0,0,0.00,0,0.00,4.52,2.91,3.70,1.00,D,4.10,12.00,12.00,12.00,1.17,^,0.00,,14.50,12.50,504,0.00,48.3,1,0,1.00,0.00,0.00,12.00,0.00,0.00,0,0,0.00,0
2026-05-02 12:33:57,435.51,0,1,0,0,0,0,0,0.00,0,0.00,4.52,2.91,3.71,0.99,D,4.10,12.00,12.00,2.66,1.20,^,0.00,,13.70,12.50,504,0.00,46.6,1,0,0.99,0.00,0.00,12.00,0.00,0.00,0,0,0.00,0
2026-05-02 12:33:58,436.52,0,1,0,0,0,0,0,0.00,0,0.00,4.52,2.91,3.69,1.00,D,4.10,12.00,12.00,2.49,1.31,^,0.00,,13.00,12.50,504,0.00,47.7,1,0,1.00,0.00,0.00,12.00,0.00,0.00,0,0,0.00,0
2026-05-02 12:33:59,437.53,0,0,0,0,0,0,0,0.00,1,0.00,4.52,2.91,3.15,0.00,D,4.10,12.00,12.00,2.27,1.27,^,0.00,,16.00,12.50,504,0.00,47.7,1,0,0.00,0.00,0.00,12.00,0.00,0.00,0,0,0.00,0
2026-05-02 12:34:00,438.54,0,0,0,0,0,0,0,0.00,0,0.00,4.52,2.91,0.00,0.00,D,4.10,12.00,12.00,2.31,0.53,^,0.00,,14.20,12.50,504,0.55,47.7,1,0,0.00,0.00,0.00,12.00,0.00,0.00,0,0,0.00,0
2026-05-02 12:34:01,439.55,0,0,0,0,0,0,0,0.00,0,0.00,4.52,2.90,0.00,0.00,D,4.10,12.00,12.00,2.27,0.25,^,0.00,,14.40,12.40,504,0.02,46.1,1,0,0.00,0.00,0.00,12.00,0.00,0.00,0,0,0.00,0
2026-05-02 12:34:02,440.57,0,0,0,0,0,0,0,0.00,0,0.00,4.52,2.89,0.00,0.00,D,4.10,12.00,12.00,2.28,0.25,^,0.00,,16.60,12.40,504,0.00,47.7,1,0,0.00,0.00,0.00,12.00,0.00,0.00,0,0,0.00,0
2026-05-02 12:34:03,441.58,0,0,0,0,0,0,0,0.00,0,0.00,4.52,2.89,0.00,0.00,D,4.10,12.00,12.00,2.20,0.23,^,0.00,,15.10,12.30,504,0.33,46.6,1,0,0.00,0.00,0.00,12.00,0.00,0.00,0,0,0.00,0
2026-05-02 12:34:04,442.59,0,0,0,0,0,0,0,0.00,0,0.00,4.52,2.88,0.00,0.00,D,4.10,12.00,12.00,2.25,0.22,^,0.00,,15.20,12.30,504,0.04,46.6,1,0,0.00,0.00,0.00,12.00,0.00,0.00,0,0,0.00,0
2026-05-02 12:34:05,443.60,0,0,0,0,0,0,0,0.00,0,0.00,4.52,2.88,0.00,0.00,D,4.10,12.00,12.00,0.24,0.19,^,0.00,,15.30,12.30,504,0.00,46.6,1,0,0.00,0.00,0.00,12.00,0.00,0.00,0,0,0.00,0
2026-05-02 12:34:06,444.60,0,0,0,0,0,0,0,0.00,0,0.00,4.52,2.87,0.00,0.00,D,4.10,12.00,12.00,0.22,0.15,^,0.00,,15.90,12.30,504,0.21,46.6,1,0,0.00,0.00,0.00,12.00,0.00,0.00,0,0,0.00,0
2026-05-02 12:34:07,445.62,0,0,0,0,0,0,0,0.00,0,0.00,4.52,2.86,0.00,0.00,D,4.10,12.00,12.00,0.33,0.12,^,0.00,,15.10,12.30,504,1.22,46.1,1,0,0.00,0.00,0.00,12.00,0.00,0.00,0,0,0.00,0
2026-05-02 12:34:08,446.62,0,0,0,0,0,0,0,0.00,0,1.00,4.52,2.86,0.00,0.19,D,4.10,12.00,12.00,2.27,0.41,^,0.00,,14.80,12.30,504,0.22,45.0,1,0,0.00,0.00,0.00,12.00,0.00,0.00,0,0,0.00,0
2026-05-02 12:34:09,447.63,0,0,0,0,0,0,0,0.00,0,1.00,4.52,2.85,0.48,0.70,D,4.10,12.00,12.00,2.46,0.64,^,0.00,,14.10,12.30,504,0.00,46.1,1,0,0.00,0.00,0.00,12.00,0.00,0.00,0,0,0.00,0
2026-05-02 12:34:11,448.65,0,0,0,0,0,0,0,0.00,0,1.00,4.52,2.85,3.46,1.00,D,4.10,12.00,12.00,2.38,0.82,^,0.00,,15.70,12.30,504,0.00,46.6,1,0,0.00,0.00,0.00,12.00,0.00,0.00,0,0,0.00,0
2026-05-02 12:34:12,449.66,0,0,0,0,0,0,0,0.00,0,1.00,4.52,2.85,3.49,1.00,D,4.10,12.00,12.00,2.46,1.01,^,0.00,,17.90,12.30,504,0.00,47.2,1,0,0.00,0.00,0.00,12.00,0.00,0.00,0,0,0.00,0
2026-05-02 12:34:13,450.67,0,0,0,0,0,0,0,0.00,0,1.00,4.52,2.85,4.05,1.00,D,4.10,12.00,12.00,2.59,1.22,^,0.00,,16.70,12.30,504,0.00,46.6,1,0,0.00,0.00,0.00,12.00,0.00,0.00,0,0,0.00,0
2026-05-02 12:34:14,451.68,0,0,0,0,0,0,0,0.00,0,1.00,4.52,2.85,3.26,0.90,D,4.10,12.00,12.00,2.87,1.36,^,0.00,,17.10,12.30,504,0.00,45.5,1,0,0.00,0.00,0.00,12.00,0.00,0.00,0,0,0.00,0
2026-05-02 12:34:15,452.70,0,0,0,0,0,0,0,0.00,0,0.31,4.52,2.85,4.03,0.89,D,4.10,12.00,12.00,2.50,1.46,^,0.00,,19.60,12.30,504,0.00,47.7,1,0,0.00,0.00,0.00,12.00,0.00,0.00,0,0,0.00,0
2026-05-02 12:34:16,453.70,0,0,0,0,0,0,0,-0.40,0,0.00,4.52,2.86,3.34,0.54,D,4.10,12.00,12.00,2.74,1.57,^,0.00,,17.60,12.30,504,0.00,46.6,1,0,0.00,0.00,0.00,12.00,0.00,0.00,0,0,0.00,0
2026-05-02 12:34:17,454.72,0,0,0,0,0,0,0,0.00,0,1.00,4.52,2.86,2.69,0.94,D,4.10,11.80,12.00,2.34,1.19,^,0.00,,16.80,12.30,504,0.00,45.5,1,0,0.00,0.00,0.00,11.80,0.00,0.00,0,0,0.00,0
2026-05-02 12:34:18,455.72,0,1,0,0,0,0,0,0.00,0,0.00,4.52,2.86,3.75,0.75,D,3.75,12.00,12.00,12.00,1.07,^,0.00,,17.30,12.30,504,0.00,47.7,1,0,-0.00,0.00,0.00,12.00,0.00,0.00,0,0,0.00,0
2026-05-02 12:34:19,456.73,0,1,0,0,0,1,0,0.00,0,0.00,4.52,2.86,2.64,0.60,D,4.10,12.00,12.00,12.00,0.94,^,0.00,,14.00,12.30,504,0.00,46.1,1,0,0.78,0.00,0.00,12.00,0.00,0.00,0,0,0.00,0
2026-05-02 12:34:20,457.74,0,1,0,0,0,0,0,0.00,0,0.00,4.52,2.86,2.92,0.77,D,4.10,12.00,12.00,12.00,0.80,^,0.00,,13.70,12.30,504,0.00,47.2,1,0,0.77,0.00,0.00,12.00,0.00,0.00,0,0,0.00,0
2026-05-02 12:34:21,458.75,0,1,0,0,0,0,0,0.00,0,0.00,4.52,2.86,2.95,0.85,D,4.10,12.00,12.00,3.16,0.70,^,0.00,,14.50,12.30,504,0.00,47.2,1,0,0.85,0.00,0.00,12.00,0.00,0.00,0,0,0.00,0
2026-05-02 12:34:22,459.76,0,1,0,0,0,0,0,0.00,0,0.00,4.52,2.86,3.21,0.81,D,4.10,12.00,12.00,2.75,0.79,^,0.00,,14.50,12.30,504,0.00,46.6,1,0,0.81,0.00,0.00,12.00,0.00,0.00,0,0,0.00,0
2026-05-02 12:34:23,460.78,0,1,0,0,0,0,0,0.00,0,0.00,4.52,2.86,3.34,0.82,D,4.10,12.00,12.00,12.00,0.66,^,0.00,,15.90,12.30,504,0.00,46.6,1,0,0.82,0.00,0.00,12.00,0.00,0.00,0,0,0.00,0
2026-05-02 12:34:24,461.79,0,1,0,0,0,0,0,0.00,0,0.00,4.52,2.86,3.34,0.88,D,4.10,12.00,12.00,2.79,0.63,^,0.00,,16.70,12.30,504,0.00,48.3,1,0,0.88,0.00,0.00,12.00,0.00,0.00,0,0,0.00,0
2026-05-02 12:34:25,462.80,0,1,0,0,0,0,0,0.00,0,0.00,4.52,2.86,3.46,0.88,D,4.10,12.00,12.00,12.00,0.77,^,0.00,,16.40,12.30,504,0.00,47.7,1,0,0.88,0.00,0.00,12.00,0.00,0.00,0,0,0.00,0
2026-05-02 12:34:26,463.82,0,1,0,0,0,0,0,0.76,0,0.00,4.52,2.86,3.88,0.87,D,4.10,12.00,12.00,12.00,1.12,^,0.00,,19.50,12.20,504,0.00,46.1,1,0,0.74,0.00,0.00,12.00,0.00,0.00,0,0,0.00,0
2026-05-02 12:34:27,464.83,0,1,0,0,0,0,0,0.00,0,0.00,4.52,2.86,3.39,1.00,D,4.10,12.00,12.00,2.82,0.96,^,0.00,,17.00,12.20,504,0.00,47.7,1,0,1.05,0.00,0.00,12.00,0.00,0.00,0,0,0.00,0
2026-05-02 12:34:28,465.84,0,1,0,0,0,0,0,0.00,0,0.00,4.52,2.86,3.74,0.91,D,4.10,12.00,12.00,2.55,1.04,^,0.00,,16.70,12.20,504,0.00,45.0,1,0,0.91,0.00,0.00,12.00,0.00,0.00,0,0,0.00,0
2026-05-02 12:34:29,466.86,0,1,0,0,0,0,0,0.00,0,0.00,4.52,2.87,3.81,0.90,D,4.10,12.00,12.00,12.00,1.14,^,0.00,,17.30,12.20,504,0.00,46.1,1,0,0.90,0.00,0.00,12.00,0.00,0.00,0,0,0.00,0
2026-05-02 12:34:30,467.87,0,1,0,0,0,0,0,0.00,0,0.00,4.52,2.87,3.79,0.94,D,4.10,12.00,12.00,2.85,1.31,^,0.00,,17.90,12.20,504,0.00,46.6,1,0,0.94,0.00,0.00,12.00,0.00,0.00,0,0,0.00,0
2026-05-02 12:34:31,468.88,0,1,0,0,0,0,0,0.00,0,0.00,4.52,2.87,3.81,0.95,D,4.10,12.00,12.00,2.70,1.44,^,0.00,,18.60,12.20,504,0.00,46.6,1,0,0.95,0.00,0.00,12.00,0.00,0.00,0,0,0.00,0
2026-05-02 12:34:32,469.89,0,1,0,0,0,0,0,0.00,0,0.00,4.52,2.87,3.84,0.93,D,4.10,12.00,12.00,2.62,1.31,^,0.00,,19.80,12.20,504,0.00,45.5,1,0,0.93,0.00,0.00,12.00,0.00,0.00,0,0,0.00,0
2026-05-02 12:34:33,470.91,0,1,0,0,0,0,0,0.00,0,0.00,4.52,2.87,3.65,1.00,D,4.10,12.00,12.00,2.45,1.23,^,0.00,,18.50,12.20,504,0.00,47.2,1,0,1.03,0.00,0.00,12.00,0.00,0.00,0,0,0.00,0
2026-05-02 12:34:34,471.92,0,1,0,0,0,0,0,0.00,0,0.00,4.52,2.88,3.81,0.94,D,4.10,12.00,12.00,2.82,1.25,^,0.00,,18.90,12.20,504,0.00,46.6,1,0,0.94,0.00,0.00,12.00,0.00,0.00,0,0,0.00,0
2026-05-02 12:34:35,472.93,0,1,0,0,0,0,0,0.00,0,0.00,4.52,2.88,3.79,0.95,D,4.10,12.00,12.00,12.00,1.27,^,0.00,,18.10,12.20,504,0.00,47.2,1,0,0.95,0.00,0.00,12.00,0.00,0.00,0,0,0.00,0
2026-05-02 12:34:36,473.93,0,1,0,0,0,0,0,0.00,0,0.00,4.52,2.88,3.80,0.94,D,4.10,12.00,12.00,2.89,1.28,^,0.00,,14.60,12.20,504,0.00,48.3,1,0,0.94,0.00,0.00,12.00,0.00,0.00,0,0,0.00,0
2026-05-02 12:34:37,474.94,0,1,0,0,0,0,0,0.00,0,0.00,4.52,2.88,3.88,0.91,D,4.10,12.00,12.00,2.95,1.29,^,0.00,,14.40,12.20,504,0.00,48.8,1,0,0.91,0.00,0.00,12.00,0.00,0.00,0,0,0.00,0
2026-05-02 12:34:38,475.95,0,1,0,0,0,0,0,0.00,0,0.00,4.52,2.88,3.78,0.96,D,4.10,12.00,12.00,2.81,1.29,^,0.00,,15.80,12.20,504,0.00,48.3,1,0,0.96,0.00,0.00,12.00,0.00,0.00,0,0,0.00,0
2026-05-02 12:34:39,476.96,0,1,0,0,0,0,0,0.00,0,0.00,4.52,2.89,3.70,0.98,D,4.10,12.00,12.00,2.54,1.26,^,0.00,,17.70,12.20,504,0.00,46.1,1,0,0.98,0.00,0.00,12.00,0.00,0.00,0,0,0.00,0
2026-05-02 12:34:40,477.97,0,1,0,0,0,0,0,0.00,0,0.00,4.52,2.89,3.75,0.97,D,4.10,12.00,12.00,12.00,1.25,^,0.00,,12.90,12.20,504,0.00,47.2,1,0,0.97,0.00,0.00,12.00,0.00,0.00,0,0,0.00,0
2026-05-02 12:34:41,478.99,0,1,0,0,0,0,0,0.00,0,0.00,4.52,2.89,3.71,0.98,D,4.10,12.00,12.00,12.00,1.12,^,0.00,,14.90,12.20,504,0.00,47.7,1,0,0.98,0.00,0.00,12.00,0.00,0.00,0,0,0.00,0
2026-05-02 12:34:42,480.10,0,1,0,0,0,0,0,0.00,0,0.00,4.52,2.89,3.85,0.93,D,4.10,12.00,12.00,2.69,1.07,^,0.00,,13.30,12.20,504,0.00,48.3,1,0,0.93,0.00,0.00,12.00,0.00,0.00,0,0,0.00,0
2026-05-02 12:34:43,481.00,0,1,0,0,0,0,0,0.00,0,0.00,4.52,2.89,3.76,0.96,D,4.10,12.00,12.00,12.00,1.01,^,0.00,,13.50,12.20,504,0.00,47.2,1,0,0.96,0.00,0.00,12.00,0.00,0.00,0,0,0.00,0
2026-05-02 12:34:44,482.01,0,1,0,0,0,0,0,-0.57,0,0.00,4.52,2.90,3.81,0.95,D,4.10,12.00,12.00,2.56,1.01,^,0.00,,16.50,12.20,504,0.00,47.2,1,0,0.95,0.00,0.00,12.00,0.00,0.00,0,0,0.00,0
2026-05-02 12:34:45,483.02,0,1,0,0,0,0,0,0.00,0,0.00,4.52,2.90,3.78,0.95,D,4.10,12.00,12.00,2.53,1.07,^,0.00,,20.30,12.20,504,0.00,46.6,1,0,0.95,0.00,0.00,12.00,0.00,0.00,0,0,0.00,0
2026-05-02 12:34:46,484.03,0,1,0,0,0,0,0,0.00,0,0.00,4.52,2.90,3.85,0.91,D,4.10,12.00,12.00,2.63,1.15,^,0.00,,17.50,12.20,504,0.00,47.7,1,0,0.91,0.00,0.00,12.00,0.00,0.00,0,0,0.00,0
2026-05-02 12:34:47,485.04,0,1,0,0,0,0,0,0.00,0,0.00,4.52,2.90,3.78,0.97,D,4.10,12.00,12.00,3.46,1.21,^,0.00,,21.00,12.20,504,0.00,47.2,1,0,0.97,0.00,0.00,12.00,0.00,0.00,0,0,0.00,0
2026-05-02 12:34:48,486.05,0,1,0,0,0,0,0,0.00,0,0.00,4.52,2.90,3.79,0.96,D,4.10,12.00,12.00,2.75,1.28,^,0.00,,18.50,12.10,504,0.00,45.5,1,0,0.96,0.00,0.00,12.00,0.00,0.00,0,0,0.00,0
2026-05-02 12:34:49,487.07,0,1,0,0,0,0,0,0.00,0,0.00,4.52,2.90,3.82,0.94,D,4.10,12.00,12.00,12.00,1.17,^,0.00,,20.80,12.20,504,0.00,46.1,1,0,0.94,0.00,0.00,12.00,0.00,0.00,0,0,0.00,0
2026-05-02 12:34:50,488.08,0,1,0,0,0,0,0,0.00,0,0.00,4.52,2.91,3.89,0.91,D,4.10,12.00,12.00,12.00,1.09,^,0.00,,19.00,12.20,504,0.00,45.5,1,0,0.90,0.00,0.00,12.00,0.00,0.00,0,0,0.00,0
2026-05-02 12:34:51,489.10,0,1,0,0,0,0,0,0.00,0,0.00,4.52,2.91,3.80,0.95,D,4.10,12.00,12.00,2.97,0.97,^,0.00,,18.50,12.20,504,0.00,46.1,1,0,0.95,0.00,0.00,12.00,0.00,0.00,0,0,0.00,0
2026-05-02 12:34:52,490.11,0,1,0,0,0,0,0,0.00,0,0.00,4.52,2.91,3.75,0.98,D,4.10,12.00,12.00,3.05,0.90,^,0.00,,17.00,12.20,504,0.00,47.7,1,0,0.98,0.00,0.00,12.00,0.00,0.00,0,0,0.00,0
2026-05-02 12:34:53,491.12,0,1,0,0,0,0,0,0.00,0,0.00,4.52,2.91,3.68,1.00,D,4.10,12.00,12.00,12.00,0.88,^,0.00,,17.50,12.20,504,0.00,46.6,1,0,1.01,0.00,0.00,12.00,0.00,0.00,0,0,0.00,0
2026-05-02 12:34:54,492.12,0,1,0,0,0,0,0,0.00,0,0.00,4.52,2.91,3.85,0.93,D,4.10,12.00,12.00,2.81,0.95,^,0.00,,17.70,12.20,504,0.00,45.0,1,0,0.93,0.00,0.00,12.00,0.00,0.00,0,0,0.00,0
2026-05-02 12:34:55,493.14,0,1,0,0,0,0,0,0.00,0,0.00,4.52,2.92,3.61,1.00,D,4.10,12.00,12.00,2.62,0.97,^,0.00,,17.40,12.20,504,0.00,46.6,1,0,1.04,0.00,0.00,12.00,0.00,0.00,0,0,0.00,0
2026-05-02 12:34:56,494.15,0,1,0,0,0,0,0,0.00,0,0.00,4.52,2.92,3.83,0.94,D,4.10,12.00,12.00,2.48,1.05,^,0.00,,18.70,12.10,504,0.00,47.2,1,0,0.94,0.00,0.00,12.00,0.00,0.00,0,0,0.00,0
2026-05-02 12:34:57,495.16,0,1,0,0,0,0,0,0.00,0,0.00,4.52,2.92,3.73,0.98,D,4.10,12.00,12.00,2.59,1.19,^,0.00,,16.90,12.20,504,0.00,46.6,1,0,0.98,0.00,0.00,12.00,0.00,0.00,0,0,0.00,0
2026-05-02 12:34:58,496.18,0,1,0,0,0,0,0,-0.51,0,0.00,4.52,2.92,3.77,0.96,D,4.10,12.00,12.00,2.69,1.16,^,0.00,,17.10,12.20,504,0.00,46.1,1,0,0.96,0.00,0.00,12.00,0.00,0.00,0,0,0.00,0
2026-05-02 12:34:59,497.19,0,1,0,0,0,0,0,0.00,0,0.00,4.52,2.92,3.81,0.94,D,4.10,12.00,12.00,2.71,1.24,^,0.00,,16.80,12.10,504,0.00,46.6,1,0,0.94,0.00,0.00,12.00,0.00,0.00,0,0,0.00,0
2026-05-02 12:35:00,498.20,0,1,0,0,0,0,0,0.00,0,0.00,4.52,2.92,3.90,0.90,D,4.10,12.00,12.00,2.68,1.22,^,0.00,,15.00,12.10,504,0.00,46.1,1,0,0.90,0.00,0.00,12.00,0.00,0.00,0,0,0.00,0
2026-05-02 12:35:01,499.21,0,1,0,0,0,0,0,0.00,0,0.00,4.52,2.93,3.76,0.97,D,4.10,12.00,12.00,12.00,1.14,^,0.00,,15.60,12.10,504,0.00,46.1,1,0,0.97,0.00,0.00,12.00,0.00,0.00,0,0,0.00,0
2026-05-02 12:35:02,500.22,0,1,0,0,0,0,0,0.00,0,0.00,4.52,2.93,3.81,0.95,D,4.10,12.00,12.00,12.00,1.18,^,0.00,,14.30,12.10,504,0.00,46.6,1,0,0.95,0.00,0.00,12.00,0.00,0.00,0,0,0.00,0
2026-05-02 12:35:03,501.23,0,1,0,0,0,0,0,0.00,0,0.00,4.52,2.93,3.82,0.94,D,4.10,12.00,12.00,12.00,1.19,^,0.00,,14.00,12.10,504,0.00,46.6,1,0,0.94,0.00,0.00,12.00,0.00,0.00,0,0,0.00,0
2026-05-02 12:35:04,502.24,0,1,0,0,0,0,0,0.00,0,0.00,4.52,2.93,3.83,0.93,D,4.10,12.00,12.00,2.70,1.22,^,0.00,,16.70,12.20,504,0.00,47.7,1,0,0.93,0.00,0.00,12.00,0.00,0.00,0,0,0.00,0
2026-05-02 12:35:05,503.26,0,1,0,0,0,0,0,0.00,0,0.00,4.52,2.93,3.78,0.96,D,4.10,12.00,12.00,2.75,1.31,^,0.00,,19.60,12.20,504,0.00,46.6,1,0,0.96,0.00,0.00,12.00,0.00,0.00,0,0,0.00,0
2026-05-02 12:35:06,504.27,0,1,0,0,0,0,0,0.00,0,0.00,4.52,2.93,3.54,1.00,D,4.10,12.00,12.00,2.59,1.35,^,0.00,,20.60,12.20,504,0.00,47.2,1,0,1.08,0.00,0.00,12.00,0.00,0.00,0,0,0.00,0
2026-05-02 12:35:07,505.27,0,1,0,0,0,0,0,0.00,0,0.00,4.52,2.94,3.81,0.95,D,4.10,12.00,12.00,12.00,1.36,^,0.00,,17.10,12.10,504,0.00,47.7,1,0,0.95,0.00,0.00,12.00,0.00,0.00,0,0,0.00,0
2026-05-02 12:35:08,506.28,0,1,0,0,0,0,0,0.00,0,0.00,4.52,2.94,3.71,0.99,D,4.10,12.00,12.00,2.62,1.26,^,0.00,,16.40,12.10,504,0.00,46.1,1,0,0.99,0.00,0.00,12.00,0.00,0.00,0,0,0.00,0
2026-05-02 12:35:09,507.30,0,1,0,0,0,0,0,0.00,0,0.00,4.52,2.94,3.86,0.92,D,4.10,12.00,12.00,12.00,1.14,^,0.00,,14.90,12.20,504,0.00,48.3,1,0,0.92,0.00,0.00,12.00,0.00,0.00,0,0,0.00,0
2026-05-02 12:35:10,508.41,0,1,0,0,0,0,0,0.00,0,0.00,4.52,2.94,3.82,0.94,D,4.10,12.00,12.00,2.57,1.09,^,0.00,,14.40,12.20,504,0.00,47.2,1,0,0.94,0.00,0.00,12.00,0.00,0.00,0,0,0.00,0
2026-05-02 12:35:11,509.31,0,1,0,0,0,0,0,0.00,0,0.00,4.52,2.94,3.74,0.98,D,4.10,2.52,12.00,2.52,1.04,^,0.00,,15.20,12.20,504,0.00,48.3,1,0,0.98,0.00,0.00,2.52,0.00,0.00,0,0,0.00,0
2026-05-02 12:35:12,510.32,0,1,0,0,0,0,0,0.00,0,0.00,4.52,2.94,3.78,0.96,D,4.10,12.00,12.00,1.47,1.06,^,0.00,,17.00,12.20,504,0.00,47.2,1,0,0.96,0.00,0.00,12.00,0.00,0.00,0,0,0.00,0
2026-05-02 12:35:13,511.34,0,1,0,0,0,0,0,0.00,0,0.00,4.52,2.95,3.80,0.97,D,4.10,12.00,12.00,12.00,1.15,^,0.00,,17.90,12.20,504,0.00,46.6,1,0,0.97,0.00,0.00,12.00,0.00,0.00,0,0,0.00,0
2026-05-02 12:35:14,512.35,0,1,0,0,0,0,0,0.00,0,0.00,4.52,2.95,3.80,0.95,D,4.10,12.00,12.00,2.75,1.23,^,0.00,,18.50,12.20,504,0.00,47.7,1,0,0.95,0.00,0.00,12.00,0.00,0.00,0,0,0.00,0
2026-05-02 12:35:15,513.36,0,1,0,0,0,0,0,0.00,0,0.00,4.52,2.95,3.74,0.99,D,4.10,12.00,12.00,12.00,1.10,^,0.00,,18.40,12.20,504,0.00,46.6,1,0,0.99,0.00,0.00,12.00,0.00,0.00,0,0,0.00,0
2026-05-02 12:35:16,514.37,0,1,0,0,0,0,0,0.00,0,0.00,4.52,2.95,3.78,0.94,D,4.10,12.00,12.00,2.46,1.03,^,0.00,,17.80,12.20,504,0.00,45.5,1,0,0.94,0.00,0.00,12.00,0.00,0.00,0,0,0.00,0
2026-05-02 12:35:17,515.37,0,1,0,0,0,0,0,0.00,0,0.00,4.52,2.95,3.76,0.97,D,4.10,12.00,12.00,12.00,0.94,^,0.00,,18.70,12.40,504,0.00,47.2,1,0,0.97,0.00,0.00,12.00,0.00,0.00,0,0,0.00,0
2026-05-02 12:35:18,516.39,0,1,0,0,0,0,0,0.00,0,0.00,4.52,2.95,3.87,0.93,D,4.10,12.00,12.00,12.00,1.05,^,0.00,,15.90,12.30,504,0.00,47.7,1,0,0.92,0.00,0.00,12.00,0.00,0.00,0,0,0.00,0
2026-05-02 12:35:19,517.40,0,1,0,0,0,0,0,0.00,0,0.00,4.52,2.96,3.77,0.96,D,4.10,12.00,12.00,12.00,1.41,^,0.00,,15.20,12.30,504,0.00,47.7,1,0,0.96,0.00,0.00,12.00,0.00,0.00,0,0,0.00,0
2026-05-02 12:35:20,518.40,0,1,0,0,0,0,0,0.00,0,0.00,4.52,2.96,3.79,0.96,D,4.10,12.00,12.00,2.59,1.26,^,0.00,,16.60,12.30,504,0.00,48.3,1,0,0.96,0.00,0.00,12.00,0.00,0.00,0,0,0.00,0
2026-05-02 12:35:21,519.42,0,1,0,0,0,0,0,0.00,0,0.00,4.52,2.96,3.75,0.97,D,4.10,12.00,12.00,12.00,2.08,^,0.00,,15.20,12.40,504,0.00,47.7,1,0,0.97,0.00,0.00,12.00,0.00,0.00,0,0,0.00,0
2026-05-02 12:35:22,520.43,0,1,0,0,0,0,0,0.00,0,0.00,4.52,2.96,3.67,1.00,D,4.10,12.00,12.00,2.20,12.00,^,0.00,,16.50,12.40,504,0.00,47.2,1,0,1.02,0.00,0.00,12.00,0.00,0.00,0,0,0.00,0
2026-05-02 12:35:23,521.44,0,1,0,0,0,0,0,0.00,0,0.00,4.52,2.96,3.71,0.99,D,4.10,12.00,12.00,2.79,2.83,^,0.00,,16.80,12.40,504,0.00,48.3,1,0,0.99,0.00,0.00,12.00,0.00,0.00,0,0,0.00,0
2026-05-02 12:35:24,522.45,0,1,0,0,0,0,0,0.00,0,0.00,4.52,2.96,3.77,0.96,D,4.10,12.00,12.00,12.00,2.52,^,0.00,,14.10,12.50,504,0.00,48.3,1,0,0.96,0.00,0.00,12.00,0.00,0.00,0,0,0.00,0
2026-05-02 12:35:25,523.46,0,1,0,0,0,0,0,0.00,0,0.00,4.52,2.96,3.78,0.96,D,4.10,12.00,12.00,12.00,2.35,^,0.00,,16.90,12.50,504,0.00,48.3,1,0,0.96,0.00,0.00,12.00,0.00,0.00,0,0,0.00,0
2026-05-02 12:35:26,524.48,0,1,0,0,0,0,0,0.00,0,0.00,4.52,2.97,3.80,0.95,D,4.10,12.00,12.00,2.37,2.16,^,0.00,,14.40,12.50,504,0.00,48.8,1,0,0.95,0.00,0.00,12.00,0.00,0.00,0,0,0.00,0
2026-05-02 12:35:27,525.49,0,1,0,0,0,0,0,0.00,0,0.00,4.52,2.97,3.77,0.96,D,4.10,12.00,12.00,12.00,2.18,^,0.00,,15.40,12.50,504,0.00,48.3,1,0,0.96,0.00,0.00,12.00,0.00,0.00,0,0,0.00,0
2026-05-02 12:35:28,526.50,0,1,0,0,0,0,0,0.00,0,0.00,4.52,2.97,3.77,0.97,D,4.10,12.00,12.00,12.00,2.19,^,0.00,,13.80,12.40,504,0.00,47.7,1,0,0.97,0.00,0.00,12.00,0.00,0.00,0,0,0.00,0
2026-05-02 12:35:29,527.52,0,1,0,0,0,0,0,0.00,0,0.00,4.52,2.97,3.83,0.94,D,4.10,12.00,12.00,2.90,2.11,^,0.00,,15.00,12.40,504,0.00,47.7,1,0,0.94,0.00,0.00,12.00,0.00,0.00,0,0,0.00,0
2026-05-02 12:35:30,528.63,0,1,0,0,0,0,0,0.00,0,0.00,4.52,2.97,3.81,0.94,D,4.10,12.00,12.00,12.00,2.01,^,0.00,,14.60,12.50,504,0.00,46.6,1,0,0.94,0.00,0.00,12.00,0.00,0.00,0,0,0.00,0
2026-05-02 12:35:31,529.53,0,1,0,0,0,0,0,0.00,0,0.00,4.52,2.97,3.68,1.00,D,4.10,12.00,12.00,12.00,1.97,^,0.00,,15.30,12.60,504,0.00,48.3,1,0,1.01,0.00,0.00,12.00,0.00,0.00,0,0,0.00,0
2026-05-02 12:35:32,530.54,0,1,0,0,0,0,0,0.00,0,0.00,4.52,2.98,3.67,1.00,D,4.10,12.00,12.00,12.00,1.95,^,0.00,,15.60,12.50,504,0.00,46.6,1,0,1.01,0.00,0.00,12.00,0.00,0.00,0,0,0.00,0
2026-05-02 12:35:33,531.56,0,1,0,0,0,0,0,-1.00,0,0.00,4.52,2.98,3.77,0.93,D,4.10,12.00,12.00,12.00,1.83,^,0.00,,16.50,12.70,504,0.00,47.7,1,0,0.96,0.00,0.00,12.00,0.00,0.00,0,0,0.00,0
2026-05-02 12:35:34,532.56,0,1,0,0,0,0,0,0.00,0,0.00,4.52,2.98,4.01,0.88,D,4.10,12.00,12.00,1.35,1.74,^,0.00,,19.00,12.70,504,0.00,48.3,1,0,0.84,0.00,0.00,12.00,0.00,0.00,0,0,0.00,0
2026-05-02 12:35:35,533.57,0,1,0,0,0,0,0,0.00,0,0.00,4.52,2.98,3.72,0.96,D,4.10,2.56,12.00,12.00,0.85,^,0.00,,18.00,12.70,504,0.00,47.2,1,0,0.99,0.00,0.00,2.56,0.00,0.00,0,0,0.00,0
2026-05-02 12:35:36,534.58,0,1,0,0,0,0,0,0.00,0,0.00,4.52,2.98,4.00,0.89,D,4.10,12.00,12.00,1.38,1.50,^,0.00,,16.10,12.40,504,0.00,47.2,1,0,0.85,0.00,0.00,12.00,0.00,0.00,0,0,0.00,0
2026-05-02 12:35:37,535.59,0,1,0,0,0,0,0,0.00,0,0.00,4.52,2.98,3.49,1.00,D,4.10,12.00,12.00,2.19,1.36,^,0.00,,18.90,12.50,504,0.00,46.6,1,0,1.11,0.00,0.00,12.00,0.00,0.00,0,0,0.00,0
2026-05-02 12:35:38,536.60,0,1,0,0,0,0,0,0.00,0,0.00,4.52,2.98,3.53,1.00,D,4.10,12.00,12.00,2.71,1.46,^,0.00,,17.10,12.40,504,0.00,47.2,1,0,1.12,0.00,0.00,12.00,0.00,0.00,0,0,0.00,0
2026-05-02 12:35:39,537.61,0,1,0,0,0,0,0,0.52,0,0.00,4.52,2.99,3.78,0.96,D,4.10,12.00,12.00,2.19,1.53,^,0.00,,17.30,12.50,504,0.00,45.5,1,0,0.96,0.00,0.00,12.00,0.00,0.00,0,0,0.00,0
2026-05-02 12:35:40,538.62,0,1,0,0,0,0,0,0.00,0,0.00,4.52,2.99,3.69,1.00,D,4.10,2.40,12.00,1.74,1.55,^,0.00,,17.60,12.50,504,0.00,46.6,1,0,1.01,0.00,0.00,2.40,0.00,0.00,0,0,0.00,0
2026-05-02 12:35:41,539.63,0,1,0,0,0,0,0,0.00,0,0.00,4.52,2.99,3.46,1.00,D,4.10,12.00,12.00,1.31,1.29,^,0.00,,16.20,12.50,504,0.00,47.2,1,0,1.14,0.00,0.00,12.00,0.00,0.00,0,0,0.00,0
2026-05-02 12:35:43,540.65,0,1,0,0,0,0,0,0.00,0,0.00,4.52,2.99,3.86,0.93,D,4.10,12.00,12.00,12.00,1.22,^,0.00,,16.30,12.50,504,0.00,46.6,1,0,0.92,0.00,0.00,12.00,0.00,0.00,0,0,0.00,0
2026-05-02 12:35:44,541.66,0,1,0,0,0,0,0,0.00,0,0.00,4.52,2.99,3.77,0.97,D,4.10,12.00,12.00,2.23,1.18,^,0.00,,14.80,12.60,504,0.00,46.6,1,0,0.97,0.00,0.00,12.00,0.00,0.00,0,0,0.00,0
2026-05-02 12:35:45,542.68,0,1,0,0,0,0,0,0.00,0,0.00,4.52,2.99,3.62,1.00,D,4.10,1.96,12.00,1.55,1.19,WARN_WARNING,0.00,,15.40,12.70,504,0.00,47.2,1,0,1.04,0.00,0.00,1.96,0.00,0.00,0,0,0.00,0
2026-05-02 12:35:46,543.79,0,1,0,0,0,0,0,0.00,0,0.00,4.52,2.99,3.72,0.99,D,4.10,12.00,12.00,1.41,1.33,^,0.00,,14.10,12.70,504,0.00,47.7,1,0,0.99,0.00,0.00,12.00,0.00,0.00,0,0,0.00,0
2026-05-02 12:35:47,544.70,0,1,0,0,0,0,0,0.00,0,0.00,4.52,2.99,3.82,0.93,D,4.10,12.00,12.00,1.08,1.10,^,0.00,,17.10,12.80,504,0.00,47.7,1,0,0.93,0.00,0.00,12.00,0.00,0.00,0,0,0.00,0
2026-05-02 12:35:48,545.71,0,1,0,0,0,0,0,0.00,0,0.00,4.52,3.00,3.70,0.97,D,4.10,12.00,12.00,1.10,1.07,^,0.00,,18.00,13.00,504,0.00,46.6,1,0,0.97,0.00,0.00,12.00,0.00,0.00,0,0,0.00,0
2026-05-02 12:35:49,546.73,0,1,0,0,0,0,0,0.00,0,0.00,4.52,3.00,3.75,0.98,D,4.10,12.00,12.00,1.55,1.31,^,0.00,,14.70,12.90,504,0.00,48.3,1,0,0.98,0.00,0.00,12.00,0.00,0.00,0,0,0.00,0
2026-05-02 12:35:50,547.74,0,1,0,0,0,0,0,0.00,0,0.00,4.52,3.00,3.72,1.00,D,4.10,12.00,12.00,1.71,1.15,^,0.00,,15.40,12.90,504,0.00,48.3,1,0,1.00,0.00,0.00,12.00,0.00,0.00,0,0,0.00,0
2026-05-02 12:35:51,548.75,0,1,0,0,0,0,0,0.00,0,0.00,4.52,3.00,3.67,1.00,D,4.10,12.00,12.00,1.41,1.20,^,0.00,,15.80,12.80,504,0.00,47.2,1,0,1.03,0.00,0.00,12.00,0.00,0.00,0,0,0.00,0
2026-05-02 12:35:52,549.76,0,1,0,0,0,0,0,-0.66,0,0.00,4.52,3.00,3.79,0.96,D,4.10,12.00,12.00,1.74,1.26,^,0.00,,14.30,12.80,504,0.00,46.1,1,0,0.96,0.00,0.00,12.00,0.00,0.00,0,0,0.00,0
2026-05-02 12:35:53,550.78,0,1,0,0,0,0,0,0.00,0,0.00,4.52,3.00,3.73,0.98,D,4.10,12.00,12.00,1.75,1.31,^,0.00,,16.30,12.70,504,0.00,47.7,1,0,0.98,0.00,0.00,12.00,0.00,0.00,0,0,0.00,0
2026-05-02 12:35:54,551.79,0,1,0,0,0,0,0,0.00,0,0.00,4.52,3.00,3.66,1.00,D,4.10,12.00,12.00,1.68,1.36,^,0.00,,17.50,12.70,504,0.00,47.2,1,0,1.01,0.00,0.00,12.00,0.00,0.00,0,0,0.00,0
2026-05-02 12:35:55,552.81,0,1,0,0,0,0,0,0.00,0,0.00,4.52,3.01,3.81,0.94,D,4.10,12.00,12.00,1.23,1.24,^,0.00,,15.70,12.70,504,0.00,46.6,1,0,0.94,0.00,0.00,12.00,0.00,0.00,0,0,0.00,0
2026-05-02 12:35:56,553.82,0,1,0,0,0,0,0,0.00,0,0.00,4.52,3.01,3.71,1.00,D,4.10,12.00,12.00,1.35,1.36,^,0.00,,16.20,12.60,504,0.00,48.8,1,0,1.00,0.00,0.00,12.00,0.00,0.00,0,0,0.00,0
2026-05-02 12:35:57,554.83,0,1,0,0,0,0,0,0.00,0,0.00,4.52,3.01,3.86,0.92,D,4.10,12.00,12.00,1.70,1.29,^,0.00,,14.10,12.60,504,0.00,48.3,1,0,0.92,0.00,0.00,12.00,0.00,0.00,0,0,0.00,0
2026-05-02 12:35:58,555.83,0,1,0,0,0,0,0,0.00,0,0.00,4.52,3.01,3.77,0.97,D,4.10,12.00,12.00,12.00,1.24,^,0.00,,13.30,12.60,504,0.00,48.8,1,0,0.97,0.00,0.00,12.00,0.00,0.00,0,0,0.00,0
2026-05-02 12:35:59,556.84,0,1,0,0,0,0,0,0.00,0,0.00,4.52,3.01,3.80,0.95,D,4.10,12.00,12.00,12.00,1.17,^,0.00,,15.10,12.60,504,0.00,47.2,1,0,0.95,0.00,0.00,12.00,0.00,0.00,0,0,0.00,0
2026-05-02 12:36:00,557.86,0,1,0,0,0,0,0,0.00,0,0.00,4.52,3.01,3.69,1.00,D,4.10,12.00,12.00,12.00,1.18,^,0.00,,16.30,12.50,504,0.00,47.7,1,0,1.00,0.00,0.00,12.00,0.00,0.00,0,0,0.00,0
2026-05-02 12:36:01,558.86,0,1,0,0,0,0,0,0.00,0,0.00,4.52,3.01,3.79,0.95,D,4.10,12.00,12.00,12.00,1.32,^,0.00,,18.60,12.50,504,0.00,46.6,1,0,0.95,0.00,0.00,12.00,0.00,0.00,0,0,0.00,0
2026-05-02 12:36:02,559.87,0,1,0,0,0,0,0,0.00,0,0.00,4.52,3.02,3.73,0.99,D,4.10,1.79,12.00,1.84,1.27,WARN_WARNING,0.00,,17.80,12.50,504,0.00,45.5,1,0,0.99,0.00,0.00,1.79,0.00,0.00,0,0,0.00,0
2026-05-02 12:36:03,560.88,0,1,0,0,0,0,0,0.00,0,0.00,4.52,3.02,3.78,0.96,D,4.10,12.00,12.00,12.00,1.22,^,0.00,,17.40,12.40,504,0.00,46.6,1,0,0.96,0.00,0.00,12.00,0.00,0.00,0,0,0.00,0
2026-05-02 12:36:04,561.89,0,1,0,0,0,0,0,0.00,0,0.00,4.52,3.02,3.71,1.00,D,4.10,12.00,12.00,12.00,1.10,^,0.00,,17.30,12.40,504,0.00,45.5,1,0,1.00,0.00,0.00,12.00,0.00,0.00,0,0,0.00,0
2026-05-02 12:36:05,562.90,0,1,0,0,0,0,0,0.00,0,0.00,4.52,3.02,3.76,0.97,D,4.10,12.00,12.00,12.00,1.07,^,0.00,,17.70,12.40,504,0.00,45.5,1,0,0.97,0.00,0.00,12.00,0.00,0.00,0,0,0.00,0
2026-05-02 12:36:06,563.92,0,1,0,0,0,0,0,0.00,0,0.00,4.52,3.02,3.62,1.00,D,4.10,12.00,12.00,12.00,1.16,^,0.00,,16.50,12.40,504,0.00,46.6,1,0,1.05,0.00,0.00,12.00,0.00,0.00,0,0,0.00,0
2026-05-02 12:36:07,564.92,0,1,0,0,0,0,0,0.00,0,0.00,4.52,3.02,3.71,0.99,D,4.10,12.00,12.00,2.71,1.38,^,0.00,,17.00,12.30,504,0.01,46.6,1,0,0.99,0.00,0.00,12.00,0.00,0.00,0,0,0.00,0
2026-05-02 12:36:08,565.93,0,1,0,0,0,0,0,0.00,0,0.00,4.52,3.02,1.71,1.00,D,4.10,12.00,12.00,12.00,1.47,^,0.00,,13.40,12.30,504,0.00,46.6,1,0,1.99,0.00,0.00,12.00,0.00,0.00,0,0,0.00,0
2026-05-02 12:36:09,566.93,0,1,0,0,0,0,0,0.00,0,0.00,4.52,3.02,3.79,0.96,D,4.10,12.00,12.00,12.00,1.42,^,0.00,,13.20,12.30,504,0.00,47.2,1,0,0.96,0.00,0.00,12.00,0.00,0.00,0,0,0.00,0
2026-05-02 12:36:10,567.94,0,1,0,0,0,0,0,0.00,0,0.00,4.52,3.02,3.79,0.95,D,4.10,12.00,12.00,12.00,1.27,^,0.00,,15.40,12.30,504,0.00,47.2,1,0,0.95,0.00,0.00,12.00,0.00,0.00,0,0,0.00,0
2026-05-02 12:36:11,568.96,0,1,0,0,0,0,0,0.00,0,0.00,4.52,3.02,3.65,1.00,D,4.10,12.00,12.00,2.95,1.29,^,0.00,,15.20,12.30,504,0.00,47.7,1,0,1.03,0.00,0.00,12.00,0.00,0.00,0,0,0.00,0
2026-05-02 12:36:12,569.97,0,1,0,0,0,0,0,0.00,0,0.00,4.52,3.02,3.82,0.94,D,4.10,12.00,12.00,12.00,1.23,^,0.00,,17.50,12.30,504,0.00,47.2,1,0,0.94,0.00,0.00,12.00,0.00,0.00,0,0,0.00,0
2026-05-02 12:36:13,570.98,0,1,0,0,0,0,0,0.00,0,0.00,4.52,3.03,3.83,0.94,D,4.10,12.00,12.00,12.00,1.21,^,0.00,,17.60,12.30,504,0.00,46.1,1,0,0.94,0.00,0.00,12.00,0.00,0.00,0,0,0.00,0
2026-05-02 12:36:14,571.99,0,1,0,0,0,0,0,0.00,0,0.00,4.52,3.03,3.78,0.96,D,4.10,12.00,12.00,12.00,1.25,^,0.00,,19.40,12.20,504,0.00,45.0,1,0,0.96,0.00,0.00,12.00,0.00,0.00,0,0,0.00,0
2026-05-02 12:36:15,573.01,0,1,0,0,0,0,0,0.00,0,0.00,4.52,3.03,3.79,0.95,D,4.10,12.00,12.00,12.00,1.23,^,0.00,,16.20,12.20,504,0.00,47.7,1,0,0.95,0.00,0.00,12.00,0.00,0.00,0,0,0.00,0
2026-05-02 12:36:16,574.02,0,1,0,0,0,0,0,0.00,0,0.00,4.52,3.03,3.71,0.99,D,4.10,12.00,12.00,12.00,1.36,^,0.00,,15.40,12.20,504,0.00,46.1,1,0,0.99,0.00,0.00,12.00,0.00,0.00,0,0,0.00,0
2026-05-02 12:36:17,575.03,0,1,0,0,0,0,0,0.00,0,0.00,4.52,3.03,3.51,1.00,D,4.10,12.00,12.00,12.00,1.27,^,0.00,,15.80,12.20,504,0.00,47.7,1,0,1.09,0.00,0.00,12.00,0.00,0.00,0,0,0.00,0
2026-05-02 12:36:18,576.04,0,1,0,0,0,0,0,0.00,0,0.00,4.52,3.03,3.72,0.99,D,4.10,12.00,12.00,1.82,1.22,^,0.00,,14.70,12.20,504,0.00,48.3,1,0,0.99,0.00,0.00,12.00,0.00,0.00,0,0,0.00,0
2026-05-02 12:36:19,577.06,0,1,0,0,0,0,0,0.00,0,0.00,4.52,3.03,3.75,0.97,D,4.10,12.00,12.00,1.58,1.19,^,0.00,,14.90,12.20,504,0.00,47.2,1,0,0.97,0.00,0.00,12.00,0.00,0.00,0,0,0.00,0
2026-05-02 12:36:20,578.07,0,1,0,0,0,0,0,0.00,0,0.00,4.52,3.03,3.82,0.95,D,4.10,12.00,12.00,12.00,1.27,^,0.00,,17.40,12.20,504,0.00,46.6,1,0,0.94,0.00,0.00,12.00,0.00,0.00,0,0,0.00,0
2026-05-02 12:36:21,579.18,0,1,0,0,0,0,0,0.00,0,0.00,4.52,3.03,3.74,0.98,D,4.10,12.00,12.00,12.00,1.42,^,0.00,,17.10,12.20,504,0.00,46.6,1,0,0.98,0.00,0.00,12.00,0.00,0.00,0,0,0.00,0
2026-05-02 12:36:22,580.09,0,1,0,0,0,0,0,0.00,0,0.00,4.52,3.04,3.64,1.00,D,4.10,12.00,12.00,12.00,1.49,^,0.00,,19.90,12.20,504,0.00,46.6,1,0,1.03,0.00,0.00,12.00,0.00,0.00,0,0,0.00,0
2026-05-02 12:36:23,581.21,0,1,0,0,0,0,0,0.00,0,0.00,4.52,3.04,3.74,0.98,D,4.10,12.00,12.00,12.00,1.40,^,0.00,,15.90,12.20,504,0.00,46.1,1,0,0.98,0.00,0.00,12.00,0.00,0.00,0,0,0.00,0
2026-05-02 12:36:24,582.11,0,1,0,0,0,0,0,0.00,0,0.00,4.52,3.04,3.75,0.98,D,4.10,12.00,12.00,12.00,1.42,^,0.00,,16.70,12.20,504,0.00,45.0,1,0,0.98,0.00,0.00,12.00,0.00,0.00,0,0,0.00,0
2026-05-02 12:36:25,583.22,0,1,0,0,0,0,0,0.00,0,0.00,4.52,3.04,3.95,0.88,D,4.10,12.00,12.00,12.00,1.68,^,0.00,,16.90,12.20,504,0.00,46.6,1,0,0.88,0.00,0.00,12.00,0.00,0.00,0,0,0.00,0
2026-05-02 12:36:26,584.12,0,1,0,0,0,0,0,0.00,0,0.00,4.52,3.04,3.77,0.95,D,4.10,12.00,12.00,12.00,2.03,^,0.00,,18.20,12.20,504,0.00,46.6,1,0,0.96,0.00,0.00,12.00,0.00,0.00,0,0,0.00,0
2026-05-02 12:36:27,585.13,0,1,0,0,0,0,0,-1.00,0,0.00,4.52,3.04,3.18,1.00,D,4.10,12.00,12.00,12.00,2.23,^,0.00,,17.30,12.20,504,0.00,45.5,1,0,1.27,0.00,0.00,12.00,0.00,0.00,0,0,0.00,0
2026-05-02 12:36:28,586.14,0,1,0,0,0,0,0,0.00,0,0.00,4.52,3.04,3.66,1.00,D,4.10,12.00,12.00,12.00,1.78,^,0.00,,16.80,12.20,504,0.00,45.5,1,0,1.02,0.00,0.00,12.00,0.00,0.00,0,0,0.00,0
2026-05-02 12:36:29,587.16,0,1,0,0,0,0,0,0.00,0,0.00,4.52,3.04,3.91,0.92,D,4.10,12.00,12.00,12.00,1.61,^,0.00,,17.00,12.20,504,0.00,45.5,1,0,0.90,0.00,0.00,12.00,0.00,0.00,0,0,0.00,0
2026-05-02 12:36:30,588.17,0,1,0,0,0,0,0,0.00,0,0.00,4.52,3.04,3.75,0.91,D,4.10,12.00,12.00,12.00,1.63,^,0.00,,15.10,12.20,504,0.00,46.1,1,0,0.97,0.00,0.00,12.00,0.00,0.00,0,0,0.00,0
2026-05-02 12:36:31,589.18,0,1,0,0,0,0,0,0.00,0,0.00,4.52,3.05,3.83,0.93,D,4.10,12.00,12.00,12.00,1.46,^,0.00,,14.40,12.20,504,0.00,46.6,1,0,0.93,0.00,0.00,12.00,0.00,0.00,0,0,0.00,0
2026-05-02 12:36:32,590.20,0,1,0,0,0,0,0,-0.16,0,0.00,4.52,3.05,3.75,0.98,D,4.10,12.00,12.00,12.00,1.46,^,0.00,,15.30,12.20,504,0.00,46.6,1,0,0.98,0.00,0.00,12.00,0.00,0.00,0,0,0.00,0
2026-05-02 12:36:33,591.21,0,1,0,0,0,0,0,0.00,0,0.00,4.52,3.05,3.77,0.96,D,4.10,12.00,12.00,12.00,1.62,^,0.00,,13.60,12.20,504,0.00,46.6,1,0,0.96,0.00,0.00,12.00,0.00,0.00,0,0,0.00,0
2026-05-02 12:36:34,592.22,0,1,0,0,0,0,0,0.00,0,0.00,4.52,3.05,3.75,0.97,D,4.10,12.00,12.00,12.00,1.81,^,0.00,,16.80,12.20,504,0.00,46.1,1,0,0.97,0.00,0.00,12.00,0.00,0.00,0,0,0.00,0
2026-05-02 12:36:35,593.23,0,1,0,0,0,0,0,0.00,0,0.00,4.52,3.05,3.94,0.88,D,4.10,12.00,12.00,12.00,1.87,^,0.00,,14.80,12.20,504,0.00,47.7,1,0,0.88,0.00,0.00,12.00,0.00,0.00,0,0,0.00,0
2026-05-02 12:36:36,594.24,0,1,0,0,0,0,0,0.00,0,0.00,4.52,3.05,3.87,0.92,D,4.10,12.00,12.00,12.00,1.98,^,0.00,,13.60,12.20,504,0.00,46.6,1,0,0.92,0.00,0.00,12.00,0.00,0.00,0,0,0.00,0
2026-05-02 12:36:37,595.35,0,1,0,0,0,0,0,-0.62,0,0.00,4.52,3.05,3.39,1.00,D,4.10,12.00,2.67,12.00,2.24,^,0.00,,15.10,12.10,504,0.00,48.3,1,0,1.15,0.00,0.00,12.00,0.00,0.00,0,0,0.00,0
2026-05-02 12:36:38,596.26,0,1,0,0,0,0,0,-1.00,0,0.00,4.59,3.05,3.95,0.73,D,4.10,12.00,1.63,12.00,1.64,^,0.00,,13.70,12.10,504,0.00,48.8,1,0,0.77,0.00,0.00,12.00,0.00,0.00,0,0,0.00,0
2026-05-02 12:36:39,597.27,0,1,0,0,0,0,0,0.00,0,0.00,4.59,3.05,3.10,1.00,D,4.10,12.00,1.21,12.00,2.10,^,0.00,,13.70,12.10,504,0.00,46.6,1,0,1.32,0.00,0.00,12.00,0.00,0.00,0,0,0.00,0
2026-05-02 12:36:40,598.28,0,1,0,0,0,0,0,0.00,0,0.00,4.59,3.05,3.91,0.90,D,4.10,12.00,12.00,1.58,0.51,^,0.00,,15.00,12.20,504,0.00,46.6,1,0,0.90,0.00,0.00,12.00,0.00,0.00,0,0,0.00,0
2026-05-02 12:36:41,599.29,0,1,0,0,0,0,0,0.00,0,0.00,4.59,3.06,3.85,0.92,D,4.10,12.00,12.00,12.00,1.13,^,0.00,,15.40,12.10,504,0.00,47.2,1,0,0.92,0.00,0.00,12.00,0.00,0.00,0,0,0.00,0
2026-05-02 12:36:42,600.29,0,1,0,0,0,0,0,0.00,0,0.00,4.59,3.06,3.85,0.93,D,4.10,12.00,12.00,2.97,1.60,^,0.00,,13.70,12.10,504,0.00,47.7,1,0,0.93,0.00,0.00,12.00,0.00,0.00,0,0,0.00,0
2026-05-02 12:36:43,601.30,0,1,0,0,0,0,0,0.00,0,0.00,4.59,3.06,4.03,0.83,D,4.10,12.00,12.00,12.00,1.59,^,0.00,,13.80,12.10,504,0.00,47.2,1,0,0.83,0.00,0.00,12.00,0.00,0.00,0,0,0.00,0
2026-05-02 12:36:44,602.31,0,1,0,0,0,0,0,0.00,0,0.00,4.59,3.06,3.95,0.87,D,4.10,12.00,12.00,2.09,1.63,^,0.00,,14.50,12.10,504,0.00,48.3,1,0,0.87,0.00,0.00,12.00,0.00,0.00,0,0,0.00,0
2026-05-02 12:36:45,603.33,0,1,0,0,0,0,0,0.00,0,0.00,4.59,3.06,3.85,0.93,D,4.10,12.00,12.00,1.51,1.52,^,0.00,,17.40,12.10,504,0.00,48.3,1,0,0.93,0.00,0.00,12.00,0.00,0.00,0,0,0.00,0
2026-05-02 12:36:46,604.34,0,1,0,0,0,0,0,0.00,0,0.00,4.59,3.06,3.68,1.00,D,4.10,12.00,12.00,1.74,1.52,^,0.00,,18.40,12.10,504,0.00,46.6,1,0,1.01,0.00,0.00,12.00,0.00,0.00,0,0,0.00,0
2026-05-02 12:36:47,605.35,0,1,0,0,0,0,0,-0.99,0,0.00,4.59,3.06,3.64,0.86,D,4.10,12.00,12.00,2.33,1.54,^,0.00,,17.60,12.10,504,0.00,47.7,1,0,1.03,0.00,0.00,12.00,0.00,0.00,0,0,0.00,0
2026-05-02 12:36:48,606.37,0,1,0,0,0,0,0,0.00,0,0.00,4.59,3.07,3.90,0.87,D,4.10,12.00,12.00,1.61,1.52,^,0.00,,16.40,12.10,504,0.00,46.6,1,0,0.90,0.00,0.00,12.00,0.00,0.00,0,0,0.00,0
2026-05-02 12:36:49,607.38,0,1,0,0,0,0,0,0.00,0,0.00,4.59,3.07,3.85,0.97,D,4.10,12.00,12.00,2.00,1.50,^,0.00,,17.30,12.10,504,0.00,47.2,1,0,0.93,0.00,0.00,12.00,0.00,0.00,0,0,0.00,0
2026-05-02 12:36:50,608.39,0,1,0,0,0,0,0,0.00,0,0.00,4.59,3.07,3.95,0.87,D,4.10,12.00,12.00,2.27,1.39,^,0.00,,17.40,12.10,504,0.00,47.2,1,0,0.87,0.00,0.00,12.00,0.00,0.00,0,0,0.00,0
2026-05-02 12:36:51,609.40,0,1,0,0,0,0,0,0.00,0,0.00,4.59,3.07,3.88,0.91,D,4.10,12.00,12.00,12.00,1.35,^,0.00,,16.90,12.10,504,0.00,45.0,1,0,0.91,0.00,0.00,12.00,0.00,0.00,0,0,0.00,0
2026-05-02 12:36:52,610.42,0,1,0,0,0,0,0,0.00,0,0.00,4.59,3.07,3.89,0.94,D,4.10,12.00,12.00,1.95,1.44,^,0.00,,14.20,12.10,504,0.00,47.7,1,0,0.91,0.00,0.00,12.00,0.00,0.00,0,0,0.00,0
2026-05-02 12:36:53,611.43,0,1,0,0,0,0,0,0.00,0,0.00,4.59,3.07,3.75,0.86,D,4.10,12.00,12.00,1.61,1.34,^,0.00,,14.50,12.20,504,0.00,46.6,1,0,0.97,0.00,0.00,12.00,0.00,0.00,0,0,0.00,0
2026-05-02 12:36:54,612.44,0,1,0,0,0,0,0,0.00,0,0.00,4.59,3.07,3.78,0.96,D,4.10,12.00,12.00,1.25,1.34,^,0.00,,16.50,12.20,504,0.00,47.7,1,0,0.96,0.00,0.00,12.00,0.00,0.00,0,0,0.00,0
2026-05-02 12:36:55,613.45,0,1,0,0,0,0,0,1.00,0,0.00,4.59,3.08,4.00,0.87,D,4.10,12.00,12.00,12.00,1.34,^,0.00,,15.90,12.20,504,0.00,47.7,1,0,0.85,0.00,0.00,12.00,0.00,0.00,0,0,0.00,0
2026-05-02 12:36:56,614.46,0,1,0,0,0,0,0,0.00,0,0.00,4.59,3.08,3.75,0.98,D,4.10,12.00,12.00,2.21,1.27,^,0.00,,15.30,12.20,504,0.00,47.2,1,0,0.98,0.00,0.00,12.00,0.00,0.00,0,0,0.00,0
2026-05-02 12:36:57,615.48,0,1,0,0,0,0,0,0.00,0,0.00,4.59,3.08,3.70,1.00,D,4.10,12.00,12.00,1.17,1.18,^,0.00,,15.40,12.10,504,0.00,48.3,1,0,1.00,0.00,0.00,12.00,0.00,0.00,0,0,0.00,0
2026-05-02 12:36:58,616.49,0,1,0,0,0,0,0,0.00,0,0.00,4.59,3.08,4.19,0.75,D,4.10,12.00,12.00,1.42,1.17,^,0.00,,14.60,12.20,504,0.00,47.7,1,0,0.75,0.00,0.00,12.00,0.00,0.00,0,0,0.00,0
2026-05-02 12:36:59,617.60,0,1,0,0,0,0,0,0.00,0,0.00,4.59,3.08,3.72,0.99,D,4.10,12.00,12.00,1.94,1.37,^,0.00,,15.00,12.20,504,0.00,47.7,1,0,0.99,0.00,0.00,12.00,0.00,0.00,0,0,0.00,0
2026-05-02 12:37:00,618.50,0,1,0,0,0,0,0,0.00,0,0.00,4.59,3.08,4.06,0.81,D,4.10,12.00,12.00,2.25,1.55,^,0.00,,14.90,12.30,504,0.00,47.2,1,0,0.81,0.00,0.00,12.00,0.00,0.00,0,0,0.00,0
2026-05-02 12:37:01,619.52,0,1,0,0,0,0,0,-0.20,0,0.00,4.59,3.08,3.89,0.90,D,4.10,12.00,12.00,1.72,1.53,^,0.00,,15.70,12.40,504,0.00,46.1,1,0,0.90,0.00,0.00,12.00,0.00,0.00,0,0,0.00,0
2026-05-02 12:37:02,620.53,0,1,0,0,0,0,0,0.00,0,0.00,4.59,3.08,3.96,0.86,D,4.10,12.00,12.00,1.25,1.62,^,0.00,,15.90,12.60,504,0.00,48.3,1,0,0.86,0.00,0.00,12.00,0.00,0.00,0,0,0.00,0
2026-05-02 12:37:03,621.54,0,1,0,0,0,0,0,0.00,0,0.00,4.59,3.09,3.96,0.86,D,4.10,2.83,12.00,1.52,1.28,^,0.00,,14.90,12.60,504,0.00,48.3,1,0,0.86,0.00,0.00,2.83,0.00,0.00,0,0,0.00,0
2026-05-02 12:37:04,622.55,0,1,0,0,0,0,0,0.00,0,0.00,4.59,3.09,3.96,0.86,D,4.10,12.00,12.00,1.49,1.50,^,0.00,,15.50,12.60,504,0.00,47.2,1,0,0.86,0.00,0.00,12.00,0.00,0.00,0,0,0.00,0
2026-05-02 12:37:05,623.56,0,1,0,0,0,0,0,0.00,0,0.00,4.59,3.09,4.07,0.81,D,4.10,12.00,12.00,1.81,1.44,^,0.00,,16.70,12.60,504,0.00,48.8,1,0,0.81,0.00,0.00,12.00,0.00,0.00,0,0,0.00,0
2026-05-02 12:37:06,624.58,0,1,0,0,0,0,0,0.00,0,0.00,4.59,3.09,3.99,0.85,D,4.10,12.00,12.00,1.53,1.46,^,0.00,,15.70,12.70,504,0.00,48.3,1,0,0.85,0.00,0.00,12.00,0.00,0.00,0,0,0.00,0
2026-05-02 12:37:07,625.59,0,1,0,0,0,0,0,0.00,0,0.00,4.59,3.09,3.95,0.88,D,4.10,12.00,12.00,2.18,1.44,^,0.00,,18.60,12.80,504,0.00,46.6,1,0,0.88,0.00,0.00,12.00,0.00,0.00,0,0,0.00,0
2026-05-02 12:37:08,626.61,0,1,0,0,0,0,0,0.00,0,0.00,4.59,3.09,3.90,0.90,D,4.10,12.00,12.00,1.51,1.45,^,0.00,,17.30,13.00,504,0.00,46.1,1,0,0.90,0.00,0.00,12.00,0.00,0.00,0,0,0.00,0
2026-05-02 12:37:09,627.62,0,1,0,0,0,0,0,0.00,0,0.00,4.59,3.09,4.05,0.86,D,4.10,12.00,12.00,2.16,1.49,^,0.00,,18.00,12.80,504,0.00,46.6,1,0,0.83,0.00,0.00,12.00,0.00,0.00,0,0,0.00,0
2026-05-02 12:37:10,628.64,0,1,0,0,0,0,0,-1.00,0,0.00,4.59,3.10,3.86,0.89,D,4.10,12.00,12.00,1.85,1.55,^,0.00,,18.20,12.70,504,0.00,47.7,1,0,0.91,0.00,0.00,12.00,0.00,0.00,0,0,0.00,0
2026-05-02 12:37:12,629.75,0,1,0,0,0,0,0,0.00,0,0.00,4.59,3.10,3.85,0.94,D,4.10,12.00,12.00,2.60,1.64,^,0.00,,17.30,12.50,504,0.00,46.6,1,0,0.94,0.00,0.00,12.00,0.00,0.00,0,0,0.00,0
2026-05-02 12:37:13,630.65,0,1,0,0,0,0,0,0.00,0,0.00,4.59,3.10,3.70,1.00,D,4.10,12.00,12.00,1.76,1.63,^,0.00,,18.80,12.70,504,0.00,47.2,1,0,1.02,0.00,0.00,12.00,0.00,0.00,0,0,0.00,0
2026-05-02 12:37:14,631.66,0,1,0,0,0,0,0,0.00,0,0.00,4.59,3.10,3.78,0.87,D,4.10,1.96,12.00,1.70,1.47,WARN_WARNING,0.00,,18.30,12.90,504,0.00,45.5,1,0,0.93,0.00,0.00,1.96,0.00,0.00,0,0,0.00,0
2026-05-02 12:37:15,632.68,0,1,0,0,0,0,0,0.00,0,0.00,4.59,3.10,3.70,1.00,D,4.10,12.00,12.00,1.18,1.25,^,0.00,,16.60,13.00,504,0.00,47.7,1,0,1.01,0.00,0.00,12.00,0.00,0.00,0,0,0.00,0
2026-05-02 12:37:16,633.69,0,1,0,0,0,0,0,-0.19,0,0.00,4.59,3.10,3.30,1.00,D,4.10,1.34,12.00,0.99,0.74,WARN_WARNING,0.00,,18.80,13.30,504,0.00,47.2,1,0,1.20,0.00,0.00,1.34,0.00,0.00,0,0,0.00,0
2026-05-02 12:37:17,634.70,0,1,0,0,0,0,0,1.00,0,0.00,4.59,3.10,2.96,1.00,D,4.10,12.00,12.00,1.48,0.90,^,0.00,,15.30,13.10,504,0.00,46.6,1,0,1.37,0.00,0.00,12.00,0.00,0.00,0,0,0.00,0
2026-05-02 12:37:18,635.81,0,1,0,0,0,0,0,0.00,0,0.00,4.59,3.10,3.97,0.87,D,4.10,12.00,12.00,2.13,1.40,^,0.00,,16.40,12.80,504,0.00,45.5,1,0,0.87,0.00,0.00,12.00,0.00,0.00,0,0,0.00,0
2026-05-02 12:37:19,636.72,0,1,0,0,0,0,0,-0.82,0,0.00,4.59,3.10,3.77,0.96,D,4.10,1.53,12.00,1.50,1.38,WARN_WARNING,0.00,,16.90,12.80,504,0.00,48.3,1,0,0.96,0.00,0.00,1.53,0.00,0.00,0,0,0.00,0
2026-05-02 12:37:20,637.72,0,1,0,0,0,0,0,0.00,0,0.00,4.59,3.10,3.94,0.87,D,4.10,12.00,12.00,1.07,1.06,^,0.00,,15.20,12.70,504,0.00,48.8,1,0,0.86,0.00,0.00,12.00,0.00,0.00,0,0,0.00,0
2026-05-02 12:37:21,638.73,0,1,0,0,0,0,0,0.41,0,0.00,4.59,3.10,4.01,0.85,D,4.10,12.00,12.00,2.19,1.22,^,0.00,,14.80,12.60,504,0.00,48.3,1,0,0.85,0.00,0.00,12.00,0.00,0.00,0,0,0.00,0
2026-05-02 12:37:22,639.74,0,1,0,0,0,0,0,0.00,0,0.00,4.59,3.11,3.86,0.90,D,4.10,1.98,12.00,1.37,1.16,WARN_WARNING,0.00,,16.00,12.60,504,0.00,48.8,1,0,0.90,0.00,0.00,1.98,0.00,0.00,0,0,0.00,0
2026-05-02 12:37:23,640.75,0,1,0,0,0,0,0,0.00,0,0.00,4.59,3.11,3.95,0.88,D,4.10,12.00,12.00,1.46,1.20,^,0.00,,13.90,12.40,504,0.00,48.8,1,0,0.88,0.00,0.00,12.00,0.00,0.00,0,0,0.00,0
2026-05-02 12:37:24,641.86,0,1,0,0,0,0,0,0.00,0,0.00,4.59,3.11,3.84,0.93,D,4.10,2.40,12.00,1.24,1.00,^,0.00,,15.40,12.40,504,0.00,48.3,1,0,0.93,0.00,0.00,2.40,0.00,0.00,0,0,0.00,0
2026-05-02 12:37:25,642.76,0,1,0,0,0,0,0,-0.66,0,0.00,4.59,3.11,3.83,0.92,D,4.10,1.50,12.00,1.03,1.24,WARN_WARNING,0.00,,17.50,12.40,504,0.00,47.7,1,0,0.92,0.00,0.00,1.50,0.00,0.00,0,0,0.00,0
2026-05-02 12:37:26,643.77,0,1,0,0,0,0,0,0.00,0,0.00,4.59,3.11,4.02,0.84,D,4.10,12.00,12.00,1.55,1.19,^,0.00,,14.50,12.30,504,0.00,48.8,1,0,0.84,0.00,0.00,12.00,0.00,0.00,0,0,0.00,0
2026-05-02 12:37:27,644.78,0,1,0,0,0,0,0,0.00,0,0.00,4.59,3.11,3.84,0.93,D,4.10,12.00,12.00,1.62,1.48,^,0.00,,15.50,12.40,504,0.00,48.3,1,0,0.93,0.00,0.00,12.00,0.00,0.00,0,0,0.00,0
2026-05-02 12:37:28,645.79,0,1,0,0,0,0,0,0.00,0,0.00,4.59,3.11,3.87,0.92,D,4.10,12.00,12.00,1.58,1.26,^,0.00,,19.50,12.30,504,0.00,47.7,1,0,0.92,0.00,0.00,12.00,0.00,0.00,0,0,0.00,0
2026-05-02 12:37:29,646.80,0,1,0,0,0,0,0,0.00,0,0.00,4.59,3.11,3.84,0.93,D,4.10,12.00,12.00,1.65,1.18,^,0.00,,18.70,12.40,504,0.00,47.2,1,0,0.93,0.00,0.00,12.00,0.00,0.00,0,0,0.00,0
2026-05-02 12:37:30,647.82,0,1,0,0,0,0,0,0.00,0,0.00,4.59,3.12,3.78,0.96,D,4.10,12.00,12.00,1.62,1.10,^,0.00,,18.00,12.40,504,0.00,47.2,1,0,0.96,0.00,0.00,12.00,0.00,0.00,0,0,0.00,0
2026-05-02 12:37:31,648.83,0,1,0,0,0,0,0,0.00,0,0.00,4.59,3.12,3.99,0.86,D,4.10,12.00,12.00,1.56,1.04,^,0.00,,18.50,12.60,504,0.00,47.2,1,0,0.86,0.00,0.00,12.00,0.00,0.00,0,0,0.00,0
2026-05-02 12:37:32,649.84,0,1,0,0,0,0,0,-1.00,0,0.00,4.59,3.12,3.82,0.94,D,4.10,2.33,12.00,1.42,1.04,^,0.00,,16.50,12.80,504,0.00,47.2,1,0,0.94,0.00,0.00,2.33,0.00,0.00,0,0,0.00,0
2026-05-02 12:37:33,650.85,0,1,0,0,0,0,0,0.00,0,0.00,4.59,3.12,3.73,0.99,D,4.10,12.00,12.00,1.30,1.06,^,0.00,,16.40,12.70,504,0.00,46.1,1,0,0.99,0.00,0.00,12.00,0.00,0.00,0,0,0.00,0
2026-05-02 12:37:34,651.86,0,1,0,0,0,0,0,0.00,0,0.00,4.59,3.12,3.67,1.00,D,4.10,12.00,12.00,1.97,1.07,^,0.00,,19.20,12.70,504,0.00,46.6,1,0,1.01,0.00,0.00,12.00,0.00,0.00,0,0,0.00,0
2026-05-02 12:37:35,652.88,0,1,0,0,0,0,0,0.00,0,0.00,4.59,3.12,3.80,0.95,D,4.10,12.00,12.00,1.67,1.19,^,0.00,,18.00,12.70,504,0.00,46.1,1,0,0.95,0.00,0.00,12.00,0.00,0.00,0,0,0.00,0
2026-05-02 12:37:36,653.89,0,1,0,0,0,0,0,0.00,0,0.00,4.59,3.12,3.83,0.93,D,4.10,2.60,12.00,2.06,1.29,^,0.00,,20.10,12.60,504,0.00,45.5,1,0,0.93,0.00,0.00,2.60,0.00,0.00,0,0,0.00,0
2026-05-02 12:37:37,654.91,0,1,0,0,0,0,0,-0.68,0,0.00,4.59,3.12,3.90,0.90,D,4.10,12.00,12.00,1.49,1.31,^,0.00,,19.50,12.60,504,0.00,47.2,1,0,0.90,0.00,0.00,12.00,0.00,0.00,0,0,0.00,0
2026-05-02 12:37:38,656.02,0,1,0,0,0,0,0,0.00,0,0.00,4.59,3.12,3.81,0.94,D,4.10,2.35,12.00,1.49,1.23,^,0.00,,18.50,12.50,504,0.00,47.2,1,0,0.94,0.00,0.00,2.35,0.00,0.00,0,0,0.00,0
2026-05-02 12:37:39,656.92,0,1,0,0,0,0,0,0.00,0,0.00,4.59,3.13,3.81,0.97,D,4.10,12.00,12.00,1.16,1.15,^,0.00,,17.30,12.50,504,0.00,46.6,1,0,0.96,0.00,0.00,12.00,0.00,0.00,0,0,0.00,0
2026-05-02 12:37:40,657.94,0,1,0,0,0,0,0,0.00,0,0.00,4.59,3.13,3.52,1.00,D,4.10,12.00,12.00,1.58,1.09,^,0.00,,18.70,12.30,504,0.00,47.7,1,0,1.12,0.00,0.00,12.00,0.00,0.00,0,0,0.00,0
2026-05-02 12:37:41,658.95,0,1,0,0,0,0,0,0.00,0,0.00,4.59,3.13,4.02,0.83,D,4.10,12.00,12.00,1.76,1.20,^,0.00,,14.50,12.30,504,0.00,45.5,1,0,0.83,0.00,0.00,12.00,0.00,0.00,0,0,0.00,0
2026-05-02 12:37:42,659.96,0,1,0,0,0,0,0,0.00,0,0.00,4.59,3.13,3.79,0.96,D,4.10,12.00,12.00,1.74,1.27,^,0.00,,17.40,12.30,504,0.00,46.6,1,0,0.96,0.00,0.00,12.00,0.00,0.00,0,0,0.00,0
2026-05-02 12:37:43,660.98,0,1,0,0,0,0,0,0.00,0,0.00,4.59,3.13,3.82,0.94,D,4.10,1.96,12.00,1.30,1.23,WARN_WARNING,0.00,,18.60,12.30,504,0.00,46.6,1,0,0.94,0.00,0.00,1.96,0.00,0.00,0,0,0.00,0
2026-05-02 12:37:44,661.98,0,1,0,0,0,0,0,0.00,0,0.00,4.59,3.13,3.75,0.99,D,4.10,2.03,12.00,1.18,1.18,WARN_WARNING,0.00,,17.00,12.30,504,0.00,47.2,1,0,0.99,0.00,0.00,2.03,0.00,0.00,0,0,0.00,0
2026-05-02 12:37:45,662.99,0,1,0,0,0,0,0,0.00,0,0.00,4.59,3.13,4.01,0.84,D,4.10,12.00,12.00,1.16,1.16,^,0.00,,15.40,12.30,504,0.00,46.6,1,0,0.84,0.00,0.00,12.00,0.00,0.00,0,0,0.00,0
2026-05-02 12:37:46,664.00,0,1,0,0,0,0,0,0.00,0,0.00,4.59,3.13,3.87,0.91,D,4.10,12.00,12.00,1.37,1.27,^,0.00,,14.30,12.30,504,0.00,47.7,1,0,0.91,0.00,0.00,12.00,0.00,0.00,0,0,0.00,0
2026-05-02 12:37:47,665.02,0,1,0,0,0,0,0,0.00,0,0.00,4.59,3.13,3.75,0.97,D,4.10,2.22,12.00,1.15,1.19,^,0.00,,15.80,12.30,504,0.00,47.7,1,0,0.97,0.00,0.00,2.22,0.00,0.00,0,0,0.00,0
2026-05-02 12:37:48,666.03,0,1,0,0,0,0,0,0.00,0,0.00,4.59,3.14,3.87,0.91,D,4.10,12.00,12.00,1.21,1.17,^,0.00,,16.60,12.30,504,0.00,47.2,1,0,0.91,0.00,0.00,12.00,0.00,0.00,0,0,0.00,0
2026-05-02 12:37:49,667.05,0,1,0,0,0,0,0,-0.25,0,0.00,4.59,3.14,3.78,0.94,D,4.10,1.84,12.00,0.87,1.09,WARN_WARNING,0.00,,16.20,12.30,504,0.00,46.6,1,0,0.94,0.00,0.00,1.84,0.00,0.00,0,0,0.00,0
2026-05-02 12:37:50,668.06,0,1,0,0,0,0,0,0.00,0,0.00,4.59,3.14,4.01,0.84,D,4.10,12.00,12.00,1.61,1.12,^,0.00,,17.30,12.30,504,0.00,46.1,1,0,0.84,0.00,0.00,12.00,0.00,0.00,0,0,0.00,0
2026-05-02 12:37:51,669.08,0,1,0,0,0,0,0,0.32,0,0.00,4.59,3.14,3.84,0.94,D,4.10,12.00,12.00,1.94,1.19,^,0.00,,17.30,12.30,504,0.00,46.1,1,0,0.94,0.00,0.00,12.00,0.00,0.00,0,0,0.00,0
2026-05-02 12:37:52,670.09,0,1,0,0,0,0,0,0.00,0,0.00,4.59,3.14,3.86,0.92,D,4.10,2.04,12.00,1.59,1.09,WARN_WARNING,0.00,,18.10,12.30,504,0.00,46.6,1,0,0.92,0.00,0.00,2.04,0.00,0.00,0,0,0.00,0
2026-05-02 12:37:53,671.10,0,1,0,0,0,0,0,-1.00,0,0.00,4.59,3.14,3.83,0.94,D,4.10,2.19,12.00,1.06,1.18,^,0.00,,19.80,12.30,504,0.00,47.2,1,0,0.94,0.00,0.00,2.19,0.00,0.00,0,0,0.00,0
2026-05-02 12:37:54,672.12,0,1,0,0,0,0,0,0.00,0,0.00,4.59,3.14,4.02,0.83,D,4.10,12.00,12.00,1.15,1.24,^,0.00,,18.10,12.20,504,0.00,45.5,1,0,0.83,0.00,0.00,12.00,0.00,0.00,0,0,0.00,0
2026-05-02 12:37:55,673.12,0,1,0,0,0,0,0,-0.53,0,0.00,4.59,3.14,3.81,0.94,D,4.10,3.06,12.00,1.44,1.18,^,0.00,,20.30,12.20,504,0.00,46.1,1,0,0.94,0.00,0.00,3.06,0.00,0.00,0,0,0.00,0
2026-05-02 12:37:56,674.24,0,1,0,0,0,0,0,0.00,0,0.00,4.59,3.14,3.84,0.93,D,4.10,12.00,12.00,1.60,1.17,^,0.00,,19.50,12.20,504,0.00,46.6,1,0,0.93,0.00,0.00,12.00,0.00,0.00,0,0,0.00,0
2026-05-02 12:37:57,675.14,0,1,0,0,0,0,0,0.00,0,0.00,4.59,3.14,3.82,0.94,D,4.10,3.00,12.00,1.63,1.10,^,0.00,,23.20,12.30,504,0.00,47.2,1,0,0.94,0.00,0.00,3.00,0.00,0.00,0,0,0.00,0
2026-05-02 12:37:58,676.16,0,1,0,0,0,0,0,0.00,0,0.00,4.59,3.15,4.06,0.82,D,4.10,12.00,12.00,1.44,1.10,^,0.00,,19.30,12.20,504,0.00,46.1,1,0,0.82,0.00,0.00,12.00,0.00,0.00,0,0,0.00,0
2026-05-02 12:37:59,677.17,0,1,0,0,0,0,0,0.00,0,0.00,4.59,3.15,3.84,0.95,D,4.10,2.84,12.00,1.42,1.09,^,0.00,,16.50,12.20,504,0.00,46.1,1,0,0.95,0.00,0.00,2.84,0.00,0.00,0,0,0.00,0
2026-05-02 12:38:00,678.28,0,1,0,0,0,0,0,0.00,0,0.00,4.59,3.15,3.90,0.93,D,4.10,12.00,12.00,1.44,1.04,^,0.00,,18.20,12.20,504,0.00,46.6,1,0,0.91,0.00,0.00,12.00,0.00,0.00,0,0,0.00,0
2026-05-02 12:38:01,679.19,0,1,0,0,0,0,0,0.00,0,0.00,4.59,3.15,3.66,1.00,D,4.10,2.76,12.00,1.23,0.95,^,0.00,,18.20,12.20,504,0.00,46.1,1,0,1.03,0.00,0.00,2.76,0.00,0.00,0,0,0.00,0
2026-05-02 12:38:02,680.30,0,1,0,0,0,0,0,0.00,0,0.00,4.59,3.15,3.86,0.92,D,4.10,12.00,12.00,1.53,0.96,^,0.00,,17.70,12.20,504,0.00,46.6,1,0,0.92,0.00,0.00,12.00,0.00,0.00,0,0,0.00,0
2026-05-02 12:38:03,681.20,0,1,0,0,0,0,0,0.00,0,0.00,4.59,3.15,3.79,0.95,D,4.10,2.77,12.00,1.35,1.04,^,0.00,,18.90,12.20,504,0.00,47.7,1,0,0.95,0.00,0.00,2.77,0.00,0.00,0,0,0.00,0
2026-05-02 12:38:04,682.21,0,1,0,0,0,0,0,0.00,0,0.00,4.59,3.15,3.89,0.90,D,4.10,12.00,12.00,1.36,1.17,^,0.00,,18.90,12.30,504,0.00,46.6,1,0,0.90,0.00,0.00,12.00,0.00,0.00,0,0,0.00,0
2026-05-02 12:38:05,683.22,0,1,0,0,0,0,0,0.00,0,0.00,4.59,3.15,3.79,0.94,D,4.10,2.67,12.00,1.52,1.24,^,0.00,,20.30,12.30,504,0.00,47.7,1,0,0.94,0.00,0.00,2.67,0.00,0.00,0,0,0.00,0
2026-05-02 12:38:06,684.23,0,1,0,0,0,0,0,0.00,0,0.00,4.59,3.15,3.96,0.86,D,4.10,12.00,12.00,1.45,1.28,^,0.00,,18.30,12.40,504,0.00,47.2,1,0,0.86,0.00,0.00,12.00,0.00,0.00,0,0,0.00,0
2026-05-02 12:38:07,685.25,0,1,0,0,0,0,0,-0.41,0,0.00,4.59,3.15,3.83,0.93,D,4.10,12.00,12.00,2.13,1.22,^,0.00,,18.40,12.30,504,0.00,47.2,1,0,0.93,0.00,0.00,12.00,0.00,0.00,0,0,0.00,0
2026-05-02 12:38:08,686.26,0,1,0,0,0,0,0,0.00,0,0.00,4.59,3.16,4.11,0.87,D,4.10,12.00,12.00,12.00,1.24,^,0.00,,17.30,12.50,504,0.00,45.5,1,0,0.79,0.00,0.00,12.00,0.00,0.00,0,0,0.00,0
2026-05-02 12:38:09,687.27,0,1,0,0,0,0,0,0.00,0,0.00,4.59,3.16,3.87,0.92,D,4.10,12.00,12.00,12.00,1.27,^,0.00,,14.40,12.40,504,0.00,47.7,1,0,0.92,0.00,0.00,12.00,0.00,0.00,0,0,0.00,0
2026-05-02 12:38:10,688.38,0,1,0,0,0,0,0,0.00,0,0.00,4.59,3.16,3.83,0.94,D,4.10,12.00,12.00,12.00,1.24,^,0.00,,17.20,12.40,504,0.00,47.2,1,0,0.94,0.00,0.00,12.00,0.00,0.00,0,0,0.00,0
2026-05-02 12:38:11,689.29,0,1,0,0,0,0,0,0.00,0,0.00,4.59,3.16,3.69,0.99,D,4.10,12.00,12.00,12.00,1.10,^,0.00,,14.50,12.40,504,0.00,47.7,1,0,0.99,0.00,0.00,12.00,0.00,0.00,0,0,0.00,0
2026-05-02 12:38:12,690.40,0,1,0,0,0,0,0,0.00,0,0.00,4.59,3.16,3.90,0.90,D,4.10,12.00,12.00,12.00,1.05,^,0.00,,15.20,12.50,504,0.00,46.1,1,0,0.90,0.00,0.00,12.00,0.00,0.00,0,0,0.00,0
2026-05-02 12:38:13,691.30,0,1,0,0,0,0,0,0.00,0,0.00,4.59,3.16,3.83,0.95,D,4.10,12.00,12.00,12.00,0.93,^,0.00,,18.40,12.40,504,0.00,48.3,1,0,0.95,0.00,0.00,12.00,0.00,0.00,0,0,0.00,0
2026-05-02 12:38:14,692.32,0,1,0,0,0,0,0,0.00,0,0.00,4.59,3.16,3.91,0.90,D,4.10,12.00,12.00,12.00,0.90,^,0.00,,16.20,12.40,504,0.00,47.2,1,0,0.90,0.00,0.00,12.00,0.00,0.00,0,0,0.00,0
2026-05-02 12:38:15,693.32,0,1,0,0,0,0,0,0.00,0,0.00,4.59,3.16,3.81,0.95,D,4.10,12.00,12.00,12.00,0.92,^,0.00,,15.90,12.40,504,0.00,48.3,1,0,0.95,0.00,0.00,12.00,0.00,0.00,0,0,0.00,0
2026-05-02 12:38:16,694.34,0,1,0,0,0,0,0,0.00,0,0.00,4.59,3.16,3.79,0.95,D,4.10,12.00,12.00,12.00,0.95,^,0.00,,15.60,12.40,504,0.00,47.7,1,0,0.95,0.00,0.00,12.00,0.00,0.00,0,0,0.00,0
2026-05-02 12:38:17,695.35,0,1,0,0,0,0,0,0.00,0,0.00,4.59,3.17,3.88,0.92,D,4.10,12.00,12.00,12.00,1.01,^,0.00,,17.00,12.30,504,0.00,47.2,1,0,0.92,0.00,0.00,12.00,0.00,0.00,0,0,0.00,0
2026-05-02 12:38:18,696.36,0,1,0,0,0,0,0,0.00,0,0.00,4.59,3.17,3.88,0.91,D,4.10,12.00,12.00,12.00,1.11,^,0.00,,15.00,12.20,504,0.00,47.7,1,0,0.91,0.00,0.00,12.00,0.00,0.00,0,0,0.00,0
2026-05-02 12:38:19,697.37,0,1,0,0,0,0,0,0.00,0,0.00,4.59,3.17,3.81,0.96,D,4.10,12.00,12.00,12.00,1.11,^,0.00,,16.70,12.30,504,0.00,47.7,1,0,0.96,0.00,0.00,12.00,0.00,0.00,0,0,0.00,0
2026-05-02 12:38:20,698.38,0,1,0,0,0,0,0,0.00,0,0.00,4.59,3.17,3.82,0.92,D,4.10,12.00,12.00,12.00,1.21,^,0.00,,13.90,12.20,504,0.00,47.2,1,0,0.92,0.00,0.00,12.00,0.00,0.00,0,0,0.00,0
2026-05-02 12:38:21,699.40,0,1,0,0,0,0,0,0.00,0,0.00,4.59,3.17,3.88,0.91,D,4.10,12.00,12.00,1.74,1.17,^,0.00,,16.10,12.30,504,0.00,47.2,1,0,0.91,0.00,0.00,12.00,0.00,0.00,0,0,0.00,0
2026-05-02 12:38:22,700.40,0,1,0,0,0,0,0,0.00,0,0.00,4.59,3.17,3.81,0.94,D,4.10,12.00,12.00,1.04,1.03,^,0.00,,16.20,12.20,504,0.00,48.8,1,0,0.94,0.00,0.00,12.00,0.00,0.00,0,0,0.00,0
2026-05-02 12:38:23,701.42,0,1,0,0,0,0,0,0.00,0,0.00,4.59,3.17,3.90,0.90,D,4.10,12.00,12.00,12.00,0.97,^,0.00,,13.60,12.20,504,0.00,48.8,1,0,0.90,0.00,0.00,12.00,0.00,0.00,0,0,0.00,0
2026-05-02 12:38:24,702.43,0,1,0,0,0,0,0,0.00,0,0.00,4.59,3.17,3.86,0.92,D,4.10,12.00,12.00,12.00,0.90,^,0.00,,15.80,12.20,504,0.00,46.6,1,0,0.92,0.00,0.00,12.00,0.00,0.00,0,0,0.00,0
2026-05-02 12:38:25,703.44,0,1,0,0,0,0,0,0.00,0,0.00,4.59,3.17,3.88,0.91,D,4.10,12.00,12.00,12.00,0.87,^,0.00,,17.20,12.20,504,0.00,46.6,1,0,0.91,0.00,0.00,12.00,0.00,0.00,0,0,0.00,0
2026-05-02 12:38:26,704.46,0,1,0,0,0,0,0,-0.39,0,0.00,4.59,3.17,3.57,0.92,D,4.10,12.00,12.00,12.00,0.85,^,0.00,,16.00,12.30,504,0.00,47.2,1,0,1.06,0.00,0.00,12.00,0.00,0.00,0,0,0.00,0
2026-05-02 12:38:27,705.46,0,1,0,0,0,0,0,0.00,0,0.00,4.59,3.17,3.83,0.93,D,4.10,12.00,12.00,12.00,0.88,^,0.00,,15.10,12.30,504,0.00,48.3,1,0,0.93,0.00,0.00,12.00,0.00,0.00,0,0,0.00,0
2026-05-02 12:38:28,706.47,0,1,0,0,0,0,0,0.00,0,0.00,4.59,3.18,4.02,0.84,D,4.10,12.00,12.00,12.00,0.88,^,0.00,,15.70,12.30,504,0.00,47.7,1,0,0.84,0.00,0.00,12.00,0.00,0.00,0,0,0.00,0
2026-05-02 12:38:29,707.47,0,1,0,0,0,0,0,1.00,0,0.00,4.59,3.18,3.96,0.91,D,4.10,12.00,12.00,12.00,0.85,^,0.00,,14.70,12.30,504,0.00,48.3,1,0,0.87,0.00,0.00,12.00,0.00,0.00,0,0,0.00,0
2026-05-02 12:38:30,708.48,0,1,0,0,0,0,0,0.00,0,0.00,4.59,3.18,3.64,1.00,D,4.10,12.00,12.00,12.00,0.78,^,0.00,,14.70,12.30,504,0.00,47.2,1,0,1.03,0.00,0.00,12.00,0.00,0.00,0,0,0.00,0
2026-05-02 12:38:31,709.49,0,1,0,0,0,0,0,0.00,0,0.00,4.59,3.18,3.92,0.89,D,4.10,12.00,12.00,12.00,0.88,^,0.00,,16.60,12.30,504,0.00,48.3,1,0,0.89,0.00,0.00,12.00,0.00,0.00,0,0,0.00,0
2026-05-02 12:38:32,710.51,0,1,0,0,0,0,0,0.00,0,0.00,4.59,3.18,3.94,0.90,D,4.10,12.00,12.00,12.00,0.95,^,0.00,,16.50,12.30,504,0.00,48.8,1,0,0.88,0.00,0.00,12.00,0.00,0.00,0,0,0.00,0
2026-05-02 12:38:33,711.52,0,1,0,0,0,0,0,0.00,0,0.00,4.59,3.18,3.77,0.96,D,4.10,12.00,12.00,12.00,1.02,^,0.00,,16.10,12.30,504,0.00,49.4,1,0,0.96,0.00,0.00,12.00,0.00,0.00,0,0,0.00,0
2026-05-02 12:38:34,712.53,0,1,0,0,0,0,0,0.00,0,0.00,4.59,3.18,3.66,1.00,D,4.10,12.00,12.00,12.00,0.95,^,0.00,,13.70,12.30,504,0.00,48.8,1,0,1.02,0.00,0.00,12.00,0.00,0.00,0,0,0.00,0
2026-05-02 12:38:35,713.54,0,1,0,0,0,0,0,0.00,0,0.00,4.59,3.18,3.81,0.95,D,4.10,12.00,12.00,12.00,0.90,^,0.00,,15.00,12.30,504,0.00,49.9,1,0,0.95,0.00,0.00,12.00,0.00,0.00,0,0,0.00,0
2026-05-02 12:38:36,714.55,0,1,0,0,0,0,0,0.00,0,0.00,4.59,3.18,3.69,1.00,D,4.10,12.00,12.00,12.00,0.88,^,0.00,,19.40,12.30,504,0.00,48.3,1,0,1.01,0.00,0.00,12.00,0.00,0.00,0,0,0.00,0
2026-05-02 12:38:37,715.57,0,1,0,0,0,0,0,0.00,0,0.00,4.59,3.18,3.57,0.99,D,4.10,12.00,12.00,12.00,0.92,^,0.00,,18.40,12.20,504,0.00,48.3,1,0,1.06,0.00,0.00,12.00,0.00,0.00,0,0,0.00,0
2026-05-02 12:38:38,716.58,0,1,0,0,0,0,0,0.00,0,0.00,4.59,3.19,3.82,0.94,D,4.10,12.00,12.00,12.00,0.90,^,0.00,,16.70,12.30,504,0.00,46.6,1,0,0.94,0.00,0.00,12.00,0.00,0.00,0,0,0.00,0
2026-05-02 12:38:39,717.59,0,0,0,0,0,0,0,-0.39,0,1.00,4.59,3.19,4.15,1.00,D,4.10,12.00,12.00,12.00,0.93,^,0.00,,19.40,12.30,504,0.00,47.2,1,0,0.00,0.00,0.00,12.00,0.00,0.00,0,0,0.00,0
2026-05-02 12:38:40,718.60,0,0,0,0,0,0,0,0.00,0,1.00,4.59,3.19,4.29,1.00,D,4.10,12.00,12.00,12.00,1.06,^,0.00,,15.30,12.30,504,0.00,47.2,1,0,0.00,0.00,0.00,12.00,0.00,0.00,0,0,0.00,0
2026-05-02 12:38:41,719.61,0,0,0,0,0,0,0,0.00,0,1.00,4.59,3.19,4.37,1.00,D,4.10,12.00,12.00,12.00,1.28,^,0.00,,12.90,12.30,504,0.00,47.7,1,0,0.00,0.00,0.00,12.00,0.00,0.00,0,0,0.00,0
2026-05-02 12:38:43,720.73,0,1,0,0,0,0,0,0.00,0,0.00,4.59,3.19,3.70,0.42,D,4.37,12.00,12.00,12.00,1.35,^,0.00,,13.80,12.20,504,0.00,48.3,1,0,0.35,0.00,0.00,12.00,0.00,0.00,0,0,0.00,0
2026-05-02 12:38:43,721.63,0,1,0,0,0,1,0,-1.00,0,0.00,4.59,3.19,2.99,0.81,D,4.60,12.00,12.00,12.00,1.11,^,0.00,,13.10,12.20,504,0.00,46.6,1,0,0.92,0.00,0.00,12.00,0.00,0.00,0,0,0.00,0
2026-05-02 12:38:45,722.74,0,1,0,0,0,1,0,0.00,0,0.00,4.59,3.19,3.77,0.75,D,4.80,12.00,12.00,12.00,1.02,^,0.00,,13.10,12.20,504,0.00,47.7,1,0,0.75,0.00,0.00,12.00,0.00,0.00,0,0,0.00,0
2026-05-02 12:38:46,723.64,0,1,0,0,0,1,0,0.00,0,0.00,4.59,3.19,3.71,1.00,D,5.10,12.00,12.00,12.00,1.07,^,0.00,,16.80,12.20,504,0.00,47.2,1,0,1.03,0.00,0.00,12.00,0.00,0.00,0,0,0.00,0
2026-05-02 12:38:47,724.66,0,1,0,0,0,1,0,0.00,0,0.00,4.59,3.19,4.14,1.00,D,5.40,12.00,12.00,12.00,1.08,^,0.00,,15.70,12.20,504,0.00,47.7,1,0,1.06,0.00,0.00,12.00,0.00,0.00,0,0,0.00,0
2026-05-02 12:38:48,725.67,0,1,0,0,0,1,0,0.00,0,0.00,4.59,3.19,4.35,1.00,D,5.50,12.00,12.00,12.00,1.16,^,0.00,,12.90,12.20,504,0.00,48.3,1,0,1.11,0.00,0.00,12.00,0.00,0.00,0,0,0.00,0
2026-05-02 12:38:49,726.68,0,1,0,0,0,0,0,0.00,0,0.00,4.59,3.20,4.30,1.00,D,5.50,12.00,12.00,12.00,1.22,^,0.00,,14.60,12.20,504,0.00,48.3,1,0,1.23,0.00,0.00,12.00,0.00,0.00,0,0,0.00,0
2026-05-02 12:38:50,727.70,0,1,0,0,0,0,0,0.00,0,0.00,4.59,3.20,4.24,1.00,D,5.50,12.00,12.00,12.00,1.44,^,0.00,,13.80,12.20,504,0.00,47.7,1,0,1.35,0.00,0.00,12.00,0.00,0.00,0,0,0.00,0
2026-05-02 12:38:51,728.71,0,1,0,0,0,0,0,0.00,0,0.00,4.59,3.20,4.18,1.00,D,5.50,12.00,12.00,12.00,1.54,^,0.00,,13.10,12.20,504,0.00,47.7,1,0,1.48,0.00,0.00,12.00,0.00,0.00,0,0,0.00,0
2026-05-02 12:38:52,729.73,0,1,0,0,0,0,0,0.00,0,0.00,4.59,3.20,4.40,1.00,D,5.50,12.00,12.00,1.38,1.61,^,0.00,,15.60,12.20,504,0.00,48.3,1,0,1.35,0.00,0.00,12.00,0.00,0.00,0,0,0.00,0
2026-05-02 12:38:53,730.74,0,1,0,0,0,0,0,0.00,0,0.00,4.59,3.20,4.38,1.00,D,5.50,12.00,12.00,12.00,1.73,^,0.00,,16.50,12.20,504,0.00,48.3,1,0,1.36,0.00,0.00,12.00,0.00,0.00,0,0,0.00,0
2026-05-02 12:38:54,731.75,0,1,0,0,0,0,0,0.00,0,0.00,4.59,3.20,4.38,1.00,D,5.50,12.00,12.00,12.00,1.95,^,0.00,,16.00,12.20,504,0.00,46.6,1,0,1.36,0.00,0.00,12.00,0.00,0.00,0,0,0.00,0
2026-05-02 12:38:55,732.76,0,0,0,0,0,0,0,0.00,1,0.00,4.59,3.20,2.68,0.00,D,5.50,12.00,12.00,2.41,2.55,^,0.00,,16.60,12.20,504,0.00,47.2,1,0,0.00,0.00,0.00,12.00,0.00,0.00,0,0,0.00,0
2026-05-02 12:38:56,733.78,0,0,0,0,0,0,0,0.00,0,1.00,4.59,3.20,0.91,0.39,D,5.50,12.00,12.00,2.64,1.50,^,0.00,,15.20,12.10,504,0.00,46.6,1,0,0.00,0.00,0.00,12.00,0.00,0.00,0,0,0.00,0
2026-05-02 12:38:57,734.79,0,0,0,0,0,0,0,0.13,0,0.97,4.59,3.20,2.12,0.89,D,5.50,12.00,12.00,4.06,0.81,^,0.00,,15.10,12.20,504,0.00,48.3,1,0,0.00,0.00,0.00,12.00,0.00,0.00,0,0,0.00,0
2026-05-02 12:38:58,735.80,0,0,0,0,0,0,0,0.00,0,1.00,4.59,3.20,2.87,0.56,D,5.50,12.00,12.00,3.19,0.62,^,0.00,,13.80,12.20,504,0.00,48.3,1,0,0.00,0.00,0.00,12.00,0.00,0.00,0,0,0.00,0
2026-05-02 12:38:59,736.81,0,0,0,0,0,0,0,0.34,0,0.00,4.59,3.20,2.65,0.06,D,5.50,12.00,12.00,2.26,0.59,^,0.00,,13.60,12.20,504,0.00,48.3,1,0,0.00,0.00,0.00,12.00,0.00,0.00,0,0,0.00,0
2026-05-02 12:39:00,737.83,0,0,0,0,0,0,0,0.00,0,0.00,4.59,3.20,2.20,0.09,D,5.50,12.00,12.00,1.60,0.59,^,0.00,,14.40,12.20,504,0.00,48.3,1,0,0.00,0.00,0.00,12.00,0.00,0.00,0,0,0.00,0
2026-05-02 12:39:01,738.84,0,0,0,0,0,0,0,0.15,0,0.00,4.59,3.20,2.02,0.18,D,5.50,12.00,12.00,1.39,0.66,^,0.00,,14.00,12.20,504,0.00,47.7,1,0,0.00,0.00,0.00,12.00,0.00,0.00,0,0,0.00,0
2026-05-02 12:39:02,739.86,0,0,0,0,0,0,0,0.97,0,0.00,4.59,3.19,1.31,0.00,D,5.50,12.00,12.00,1.50,0.74,^,0.00,,13.60,12.20,504,0.00,48.8,1,0,0.00,0.00,0.00,12.00,0.00,0.00,0,0,0.00,0
2026-05-02 12:39:03,740.87,1,0,0,0,0,0,0,0.05,0,1.00,4.59,3.19,0.00,0.40,D,5.50,12.00,12.00,1.47,0.70,^,2.95,,15.80,12.20,504,0.40,48.8,1,0,0.00,0.00,0.00,12.00,0.05,1.00,0,0,0.00,0
2026-05-02 12:39:04,741.88,1,0,0,0,0,0,0,0.16,0,1.00,4.59,3.19,1.40,0.91,D,5.50,12.00,12.00,1.38,0.84,^,9.66,,15.30,12.20,504,0.00,46.1,1,0,0.00,0.00,0.00,12.00,0.16,1.00,0,0,0.00,0
2026-05-02 12:39:05,742.90,1,0,0,0,0,0,0,0.06,0,1.00,4.59,3.19,3.49,1.00,D,5.50,12.00,12.00,12.00,1.35,^,3.39,,14.20,12.20,504,0.00,48.3,1,0,0.00,0.00,0.00,12.00,0.06,1.00,0,0,0.00,0
2026-05-02 12:39:06,743.91,1,0,0,0,0,0,0,-0.22,0,1.00,4.59,3.19,3.79,1.00,D,5.50,12.00,2.42,12.00,1.97,^,-13.41,,13.30,12.10,504,0.00,47.2,1,0,0.00,0.00,0.00,12.00,-0.22,1.00,0,0,0.00,0
2026-05-02 12:39:07,744.92,1,0,0,0,0,0,0,0.42,0,0.50,4.59,3.19,3.31,0.95,D,5.50,1.98,1.61,1.86,1.93,WARN_WARNING,25.33,lidar_override,14.90,12.20,504,0.00,49.4,1,0,0.00,0.00,0.00,1.98,0.00,1.00,0,0,0.00,0
2026-05-02 12:39:08,745.94,1,0,0,0,0,0,0,-0.05,0,1.00,4.59,3.19,2.98,1.00,D,5.50,2.87,1.21,1.56,1.23,^,-2.84,,13.30,12.20,504,0.00,49.4,1,0,0.00,0.00,0.00,2.87,-0.05,1.00,0,0,0.00,0
2026-05-02 12:39:09,746.95,1,0,0,0,0,0,0,0.42,0,0.50,4.59,3.19,3.15,0.87,D,5.50,1.64,1.01,1.89,1.01,WARN_WARNING,25.33,lidar_override,14.20,12.20,504,0.00,49.4,1,0,0.00,0.00,0.00,1.64,-0.00,1.00,0,0,0.00,0
2026-05-02 12:39:10,747.96,1,0,0,0,0,0,0,-0.20,0,1.00,4.59,3.19,2.47,1.00,D,5.50,12.00,1.10,2.24,1.10,^,-12.21,,15.70,12.20,504,0.00,49.4,1,0,0.00,0.00,0.00,12.00,-0.20,1.00,0,0,0.00,0
2026-05-02 12:39:11,748.97,1,0,0,0,0,0,0,0.05,0,1.00,4.59,3.18,2.93,1.00,D,5.50,12.00,0.89,12.00,0.85,^,2.99,,15.90,12.20,504,0.00,48.8,1,0,0.00,0.00,0.00,12.00,0.05,1.00,0,0,0.00,0
2026-05-02 12:39:12,749.98,1,0,0,0,0,0,0,0.26,0,1.00,4.59,3.18,2.55,1.00,D,5.50,12.00,12.00,3.46,1.61,^,15.40,,16.50,12.20,504,0.00,47.7,1,0,0.00,0.00,0.00,12.00,0.26,1.00,0,0,0.00,0
2026-05-02 12:39:13,750.99,1,0,0,0,0,0,0,0.02,0,1.00,4.59,3.18,3.68,1.00,D,5.50,2.52,12.00,2.53,12.00,^,1.13,,16.40,12.30,504,0.00,47.7,1,0,0.00,0.00,0.00,2.52,0.02,1.00,0,0,0.00,0
2026-05-02 12:39:14,752.01,1,0,0,0,0,0,0,-0.13,0,1.00,4.59,3.19,2.78,0.62,D,5.50,1.61,1.18,1.64,12.00,^,-7.83,,15.70,12.40,504,0.00,47.2,1,0,0.00,0.00,0.00,1.61,-0.13,1.00,0,0,0.00,0
2026-05-02 12:39:15,753.02,1,0,0,0,0,0,0,-0.16,0,1.00,4.59,3.18,2.89,1.00,D,5.50,1.43,12.00,0.84,0.95,^,-9.45,,17.10,12.50,504,0.00,48.3,1,0,0.00,0.00,0.00,1.43,-0.16,1.00,0,0,0.00,0
2026-05-02 12:39:16,754.03,1,0,0,0,0,0,0,-0.08,0,1.00,4.59,3.18,3.47,1.00,D,5.50,2.36,12.00,1.65,1.11,^,-4.69,,15.30,12.70,504,0.00,47.7,1,0,0.00,0.00,0.00,2.36,-0.08,1.00,0,0,0.00,0
2026-05-02 12:39:17,755.05,1,0,0,0,0,0,0,-0.01,0,1.00,4.59,3.18,4.07,1.00,D,5.50,12.00,12.00,1.18,1.78,^,-0.83,,14.70,12.70,504,0.00,47.7,1,0,0.00,0.00,0.00,12.00,-0.01,1.00,0,0,0.00,0
2026-05-02 12:39:18,756.06,1,0,0,0,0,0,0,0.02,0,1.00,4.59,3.19,3.97,1.00,D,5.50,12.00,12.00,12.00,1.41,^,1.00,,16.20,12.60,504,0.00,48.3,1,0,0.00,0.00,0.00,12.00,0.02,1.00,0,0,0.00,0
2026-05-02 12:39:19,757.07,1,0,0,0,0,0,0,0.04,0,1.00,4.59,3.19,3.81,1.00,D,5.50,12.00,12.00,12.00,12.00,^,2.19,,14.60,12.60,504,0.00,47.2,1,0,0.00,0.00,0.00,12.00,0.04,1.00,0,0,0.00,0
2026-05-02 12:39:20,758.08,1,0,0,0,0,0,0,0.03,0,1.00,4.59,3.19,3.92,1.00,D,5.50,3.43,12.00,12.00,12.00,^,1.71,,14.20,12.50,504,0.00,47.7,1,0,0.00,0.00,0.00,3.43,0.03,1.00,0,0,0.00,0
2026-05-02 12:39:21,759.10,0,0,0,0,0,0,0,-1.00,0,1.00,4.59,3.19,1.83,0.32,D,5.50,1.84,12.00,1.33,12.00,^,0.00,,16.80,12.60,504,0.00,48.3,1,0,0.00,0.00,0.00,1.84,0.00,0.00,0,0,0.00,0
2026-05-02 12:39:22,760.11,0,0,0,0,0,0,0,0.00,0,0.00,4.59,3.19,1.44,0.56,D,5.50,12.00,12.00,12.00,1.78,^,0.00,,16.50,12.60,504,0.00,48.3,1,0,0.00,0.00,0.00,12.00,0.00,0.00,0,0,0.00,0
2026-05-02 12:39:23,761.12,1,0,0,0,0,0,0,-0.07,0,1.00,4.59,3.18,1.62,0.47,D,5.50,12.00,12.00,12.00,2.71,^,-4.06,,16.70,12.60,504,0.00,47.2,1,0,0.00,0.00,0.00,12.00,-0.07,1.00,0,0,0.00,0
2026-05-02 12:39:24,762.24,1,0,0,0,0,0,0,-0.04,0,1.00,4.59,3.18,2.69,0.98,D,5.50,12.00,12.00,12.00,12.00,^,-2.57,,15.50,13.00,504,0.00,46.1,1,0,0.00,0.00,0.00,12.00,-0.04,1.00,0,0,0.00,0
2026-05-02 12:39:25,763.14,1,0,0,0,0,0,0,-0.03,0,1.00,4.59,3.18,4.44,1.00,D,5.50,2.19,2.02,12.00,12.00,^,-1.58,,17.60,12.70,504,0.00,47.2,1,0,0.00,0.00,0.00,2.19,-0.03,1.00,0,0,0.00,0
2026-05-02 12:39:26,764.15,1,0,0,0,0,0,0,-0.21,0,1.00,4.71,3.18,4.62,1.00,D,5.50,12.00,1.58,1.78,1.28,^,-12.60,,16.50,12.90,504,0.00,48.3,1,0,0.00,0.00,0.00,12.00,-0.21,1.00,0,0,0.00,0
2026-05-02 12:39:27,765.16,1,0,0,0,0,0,0,0.42,0,0.50,4.71,3.19,4.27,0.97,D,5.50,2.06,1.96,2.06,1.62,WARN_WARNING,25.33,lidar_override,13.80,12.80,504,0.00,48.3,1,0,0.00,0.00,0.00,2.06,0.11,1.00,0,0,0.00,0
2026-05-02 12:39:28,766.17,1,0,0,0,0,0,0,-0.42,0,0.50,4.71,3.19,4.25,0.50,D,5.50,0.63,12.00,1.73,1.33,STOP_WARNING,-25.33,lidar_override,14.40,12.80,504,0.00,48.8,1,0,0.00,0.00,0.00,0.63,-0.59,1.00,0,0,0.00,0
2026-05-02 12:39:29,767.18,1,0,0,0,0,0,0,0.36,0,1.00,4.71,3.19,4.04,0.93,D,5.50,12.00,1.66,12.00,1.27,^,21.51,,14.40,12.70,504,0.00,48.8,1,0,0.00,0.00,0.00,12.00,0.36,1.00,0,0,0.00,0
2026-05-02 12:39:30,768.19,1,0,0,0,0,0,0,-0.15,0,1.00,4.71,3.19,4.71,1.00,D,5.50,2.49,12.00,12.00,2.75,^,-8.94,,14.30,12.90,504,0.00,47.2,1,0,0.00,0.00,0.00,2.49,-0.15,1.00,0,0,0.00,0
2026-05-02 12:39:31,769.20,1,0,0,0,0,0,0,0.44,0,1.00,4.71,3.19,3.95,0.76,D,5.50,12.00,12.00,1.07,1.01,^,26.16,,17.40,12.70,504,0.00,48.3,1,0,0.00,0.00,0.00,12.00,0.44,1.00,0,0,0.00,0
2026-05-02 12:39:32,770.21,1,0,0,0,0,0,0,-0.42,0,0.50,4.71,3.19,4.23,0.73,D,5.50,1.46,12.00,0.98,1.01,WARN_WARNING,-25.33,lidar_override,16.10,12.60,504,0.00,48.8,1,0,0.00,0.00,0.00,1.46,-0.10,1.00,0,0,0.00,0
2026-05-02 12:39:33,771.22,1,0,0,0,0,0,0,-0.09,0,1.00,5.05,3.20,5.05,0.95,D,5.50,12.00,12.00,1.43,1.45,^,-5.50,,16.40,12.60,504,0.00,47.7,1,0,0.00,0.00,0.00,12.00,-0.09,1.00,0,0,0.00,0
2026-05-02 12:39:34,772.33,1,0,0,0,0,0,0,-0.28,0,1.00,5.05,3.20,4.80,1.00,D,5.50,12.00,12.00,1.33,1.16,^,-16.58,,14.80,12.50,504,0.00,47.7,1,0,0.00,0.00,0.00,12.00,-0.28,1.00,0,0,0.00,0
2026-05-02 12:39:35,773.24,1,0,0,0,0,0,0,0.11,0,1.00,5.05,3.20,4.86,1.00,D,5.50,12.00,1.80,12.00,2.90,^,6.89,,15.00,12.70,504,0.00,49.4,1,0,0.00,0.00,0.00,12.00,0.11,1.00,0,0,0.00,0
2026-05-02 12:39:36,774.25,0,0,0,0,0,0,0,0.00,1,0.00,5.05,3.20,2.73,0.00,D,5.50,12.00,12.00,12.00,1.57,^,0.00,,13.20,12.60,504,0.00,48.3,1,0,0.00,0.00,0.00,12.00,0.00,0.00,0,0,0.00,0
2026-05-02 12:39:37,775.26,0,0,0,0,0,0,0,0.40,0,1.00,5.05,3.20,0.05,0.39,D,5.50,12.00,12.00,12.00,1.66,^,0.00,,14.00,12.50,504,0.03,48.8,1,0,0.00,0.00,0.00,12.00,0.00,0.00,0,0,0.00,0
2026-05-02 12:39:38,776.27,0,0,0,0,0,0,0,0.00,0,0.63,5.05,3.19,1.67,0.86,D,5.50,12.00,12.00,12.00,1.45,^,0.00,,15.00,12.40,504,0.00,48.3,1,0,0.00,0.00,0.00,12.00,0.00,0.00,0,0,0.00,0
2026-05-02 12:39:39,777.27,0,0,0,0,0,0,0,0.00,0,1.00,5.05,3.19,2.63,0.69,D,5.50,12.00,12.00,12.00,1.24,^,0.00,,15.30,12.60,504,0.00,49.9,1,0,0.00,0.00,0.00,12.00,0.00,0.00,0,0,0.00,0
2026-05-02 12:39:40,778.28,0,0,0,0,0,0,0,0.00,0,1.00,5.05,3.19,3.64,1.00,D,5.50,12.00,12.00,12.00,1.21,^,0.00,,12.70,12.50,504,0.00,49.4,1,0,0.00,0.00,0.00,12.00,0.00,0.00,0,0,0.00,0
2026-05-02 12:39:41,779.29,0,0,0,0,0,0,0,0.00,0,1.00,5.05,3.19,4.08,1.00,D,5.50,12.00,12.00,12.00,1.58,^,0.00,,13.10,12.40,504,0.00,49.4,1,0,0.00,0.00,0.00,12.00,0.00,0.00,0,0,0.00,0
2026-05-02 12:39:42,780.31,0,0,0,0,0,0,0,-0.51,0,1.00,5.05,3.20,4.17,1.00,D,5.50,12.00,12.00,12.00,1.80,^,0.00,,15.70,12.40,504,0.00,49.9,1,0,0.00,0.00,0.00,12.00,0.00,0.00,0,0,0.00,0
2026-05-02 12:39:43,781.32,0,0,0,0,0,0,0,0.00,0,1.00,5.05,3.20,4.40,1.00,D,5.50,12.00,12.00,12.00,1.98,^,0.00,,13.90,12.40,504,0.00,49.9,1,0,0.00,0.00,0.00,12.00,0.00,0.00,0,0,0.00,0
2026-05-02 12:39:44,782.33,0,0,0,0,0,0,0,-0.77,0,1.00,5.05,3.20,4.29,1.00,D,5.50,12.00,12.00,12.00,12.00,^,0.00,,15.80,12.40,504,0.00,48.3,1,0,0.00,0.00,0.00,12.00,0.00,0.00,0,0,0.00,0
2026-05-02 12:39:45,783.35,0,0,0,0,0,0,0,0.00,0,0.68,5.05,3.20,4.45,0.92,D,5.50,12.00,12.00,12.00,12.00,^,0.00,,17.20,12.50,504,0.00,49.9,1,0,0.00,0.00,0.00,12.00,0.00,0.00,0,0,0.00,0
2026-05-02 12:39:46,784.46,0,0,0,0,0,0,0,0.00,0,0.00,5.05,3.20,2.83,0.00,D,5.50,12.00,12.00,12.00,12.00,^,0.00,,15.50,12.40,504,0.00,48.3,1,0,0.00,0.00,0.00,12.00,0.00,0.00,0,0,0.00,0
2026-05-02 12:39:47,785.36,0,1,0,0,0,1,0,0.00,0,0.00,5.05,3.20,1.62,0.45,D,3.00,12.00,12.00,12.00,2.40,^,0.00,,14.70,12.50,504,0.00,47.2,1,0,0.75,0.00,0.00,12.00,0.00,0.00,0,0,0.00,0
2026-05-02 12:39:48,786.36,0,1,0,0,0,1,0,0.00,0,0.00,5.05,3.20,2.57,0.64,D,3.50,2.63,2.12,12.00,1.94,^,0.00,,16.30,12.50,504,0.00,47.2,1,0,0.64,0.00,0.00,2.63,0.00,0.00,0,0,0.00,0
2026-05-02 12:39:49,787.38,0,1,0,0,0,1,0,0.00,0,0.00,5.05,3.20,2.80,0.82,D,3.90,12.00,12.00,12.00,1.45,^,0.00,,12.90,12.70,504,0.00,47.2,1,0,0.82,0.00,0.00,12.00,0.00,0.00,0,0,0.00,0
2026-05-02 12:39:50,788.38,0,1,0,0,0,1,0,0.00,0,0.00,5.05,3.20,3.29,0.81,D,4.20,12.00,12.00,12.00,1.05,^,0.00,,14.10,13.10,504,0.00,47.7,1,0,0.81,0.00,0.00,12.00,0.00,0.00,0,0,0.00,0
2026-05-02 12:39:51,789.40,0,1,0,0,0,0,0,0.00,0,0.00,5.05,3.20,3.50,0.76,D,4.20,12.00,12.00,12.00,1.07,^,0.00,,14.10,12.70,504,0.00,48.8,1,0,0.76,0.00,0.00,12.00,0.00,0.00,0,0,0.00,0
2026-05-02 12:39:52,790.41,0,1,0,0,0,0,0,0.00,0,0.00,5.05,3.20,3.70,0.73,D,4.20,12.00,2.73,12.00,1.10,^,0.00,,14.10,12.80,504,0.00,48.3,1,0,0.73,0.00,0.00,12.00,0.00,0.00,0,0,0.00,0
2026-05-02 12:39:53,791.42,0,1,0,0,0,0,0,0.00,0,0.00,5.05,3.20,3.56,0.85,D,4.20,12.00,2.21,12.00,1.27,^,0.00,,13.20,12.80,504,0.00,49.9,1,0,0.85,0.00,0.00,12.00,0.00,0.00,0,0,0.00,0
2026-05-02 12:39:54,792.43,0,1,0,0,0,0,0,0.00,0,0.00,5.05,3.20,3.49,0.94,D,4.20,12.00,2.11,12.00,1.29,^,0.00,,16.20,12.70,504,0.00,50.5,1,0,0.94,0.00,0.00,12.00,0.00,0.00,0,0,0.00,0
2026-05-02 12:39:55,793.44,0,1,0,0,0,0,0,0.00,0,0.00,5.05,3.20,3.65,0.91,D,4.20,12.00,1.34,12.00,1.19,^,0.00,,14.10,12.70,504,0.00,49.9,1,0,0.91,0.00,0.00,12.00,0.00,0.00,0,0,0.00,0
2026-05-02 12:39:56,794.55,0,1,0,0,0,0,0,0.00,0,0.00,5.05,3.20,3.46,1.00,D,4.20,12.00,2.58,12.00,1.11,^,0.00,,14.40,12.70,504,0.00,48.3,1,0,1.06,0.00,0.00,12.00,0.00,0.00,0,0,0.00,0
2026-05-02 12:39:57,795.46,0,1,0,0,0,0,0,0.00,0,0.00,5.05,3.20,3.82,0.86,D,4.20,12.00,1.79,12.00,1.24,^,0.00,,14.80,12.70,504,0.00,49.4,1,0,0.90,0.00,0.00,12.00,0.00,0.00,0,0,0.00,0
2026-05-02 12:39:58,796.47,0,1,0,0,0,0,0,0.00,0,0.00,5.05,3.20,3.50,1.00,D,4.20,12.00,1.92,12.00,1.25,^,0.00,,14.20,12.60,504,0.00,48.8,1,0,1.11,0.00,0.00,12.00,0.00,0.00,0,0,0.00,0
2026-05-02 12:39:59,797.48,0,1,0,0,0,0,0,0.00,0,0.00,5.05,3.20,3.68,0.92,D,4.20,1.95,0.84,12.00,0.83,WARN_WARNING,0.00,,17.70,12.60,504,0.00,49.9,1,0,1.05,0.00,0.00,1.95,0.00,0.00,0,0,0.00,0
2026-05-02 12:40:00,798.50,0,1,0,0,0,0,0,-0.54,0,0.00,5.05,3.20,3.73,0.99,D,4.20,12.00,1.35,12.00,1.14,^,0.00,,15.00,12.60,504,0.00,48.8,1,0,1.03,0.00,0.00,12.00,0.00,0.00,0,0,0.00,0
2026-05-02 12:40:01,799.51,0,1,0,0,0,0,0,0.00,0,0.00,5.05,3.20,3.73,1.00,D,4.20,12.00,2.30,12.00,1.14,^,0.00,,16.10,12.60,504,0.00,49.9,1,0,1.03,0.00,0.00,12.00,0.00,0.00,0,0,0.00,0
2026-05-02 12:40:02,800.52,0,1,0,0,0,0,0,0.00,0,0.00,5.05,3.20,3.85,0.97,D,4.20,12.00,2.18,12.00,1.23,^,0.00,,14.80,12.50,504,0.00,49.4,1,0,0.97,0.00,0.00,12.00,0.00,0.00,0,0,0.00,0
2026-05-02 12:40:03,801.53,0,1,0,0,0,0,0,0.00,0,0.00,5.05,3.20,3.69,1.00,D,4.20,12.00,12.00,12.00,1.31,^,0.00,,14.40,12.50,504,0.00,50.5,1,0,1.05,0.00,0.00,12.00,0.00,0.00,0,0,0.00,0
2026-05-02 12:40:05,802.64,0,1,0,0,0,0,0,0.00,0,0.00,5.05,3.21,3.94,0.96,D,4.20,12.00,2.58,12.00,1.39,^,0.00,,14.00,12.50,504,0.00,49.4,1,0,0.93,0.00,0.00,12.00,0.00,0.00,0,0,0.00,0
2026-05-02 12:40:05,803.55,0,1,0,0,0,0,0,0.00,0,0.00,5.05,3.21,3.86,0.98,D,4.20,12.00,2.35,12.00,1.52,^,0.00,,14.00,12.50,504,0.00,49.4,1,0,0.98,0.00,0.00,12.00,0.00,0.00,0,0,0.00,0
2026-05-02 12:40:07,804.66,0,1,0,0,0,0,0,0.00,0,0.00,5.05,3.21,3.97,0.91,D,4.20,12.00,1.62,12.00,1.50,^,0.00,,16.60,12.50,504,0.00,48.8,1,0,0.91,0.00,0.00,12.00,0.00,0.00,0,0,0.00,0
2026-05-02 12:40:07,805.56,0,1,0,0,0,0,0,0.00,0,0.00,5.05,3.21,3.86,0.94,D,4.20,12.00,2.20,12.00,1.50,^,0.00,,15.30,12.40,504,0.00,49.4,1,0,0.94,0.00,0.00,12.00,0.00,0.00,0,0,0.00,0
2026-05-02 12:40:08,806.58,0,1,0,0,0,0,0,0.00,0,0.00,5.05,3.21,3.67,1.00,D,4.20,12.00,12.00,12.00,1.46,^,0.00,,14.50,12.40,504,0.00,50.5,1,0,1.07,0.00,0.00,12.00,0.00,0.00,0,0,0.00,0
2026-05-02 12:40:09,807.59,0,1,0,0,0,0,0,0.00,0,0.00,5.05,3.21,3.82,0.94,D,4.20,12.00,2.31,12.00,1.38,^,0.00,,17.80,12.40,504,0.00,48.3,1,0,0.94,0.00,0.00,12.00,0.00,0.00,0,0,0.00,0
2026-05-02 12:40:11,808.70,0,1,0,0,0,0,0,0.00,0,0.00,5.05,3.21,3.97,0.91,D,4.20,12.00,2.62,12.00,1.30,^,0.00,,16.80,12.40,504,0.00,49.4,1,0,0.91,0.00,0.00,12.00,0.00,0.00,0,0,0.00,0
2026-05-02 12:40:11,809.61,0,1,0,0,0,0,0,-0.47,0,0.00,5.05,3.21,3.91,0.94,D,4.20,12.00,1.91,12.00,1.22,^,0.00,,18.10,12.30,504,0.00,49.4,1,0,0.94,0.00,0.00,12.00,0.00,0.00,0,0,0.00,0
2026-05-02 12:40:13,810.72,0,1,0,0,0,0,0,0.00,0,0.00,5.05,3.21,3.93,0.93,D,4.20,12.00,2.59,12.00,1.18,^,0.00,,17.30,12.30,504,0.00,48.3,1,0,0.93,0.00,0.00,12.00,0.00,0.00,0,0,0.00,0
2026-05-02 12:40:13,811.62,0,1,0,0,0,0,0,0.00,0,0.00,5.05,3.21,3.95,0.94,D,4.20,12.00,2.15,12.00,1.15,^,0.00,,15.90,12.30,504,0.00,47.7,1,0,0.93,0.00,0.00,12.00,0.00,0.00,0,0,0.00,0
2026-05-02 12:40:15,812.73,0,1,0,0,0,0,0,0.00,0,0.00,5.05,3.21,3.97,0.91,D,4.20,12.00,2.06,12.00,1.11,^,0.00,,15.20,12.30,504,0.00,49.4,1,0,0.91,0.00,0.00,12.00,0.00,0.00,0,0,0.00,0
2026-05-02 12:40:15,813.63,0,1,0,0,0,0,0,-0.23,0,0.00,5.05,3.21,3.66,1.00,D,4.20,12.00,1.75,12.00,1.08,^,0.00,,15.60,12.30,504,0.00,49.9,1,0,1.10,0.00,0.00,12.00,0.00,0.00,0,0,0.00,0
2026-05-02 12:40:17,814.64,0,1,0,0,0,0,0,0.00,0,0.00,5.05,3.22,3.94,0.94,D,4.20,12.00,2.25,12.00,1.16,^,0.00,,16.40,12.20,504,0.00,49.9,1,0,0.94,0.00,0.00,12.00,0.00,0.00,0,0,0.00,0
2026-05-02 12:40:18,815.66,0,1,0,0,0,0,0,0.00,0,0.00,5.05,3.22,3.90,0.96,D,4.20,12.00,1.63,12.00,1.25,^,0.00,,15.20,12.20,504,0.00,49.4,1,0,0.96,0.00,0.00,12.00,0.00,0.00,0,0,0.00,0
2026-05-02 12:40:19,816.67,0,1,0,0,0,0,0,1.00,0,0.00,5.05,3.22,3.97,0.91,D,4.20,12.00,1.87,12.00,1.18,^,0.00,,16.80,12.20,504,0.00,49.9,1,0,0.91,0.00,0.00,12.00,0.00,0.00,0,0,0.00,0
2026-05-02 12:40:20,817.67,0,1,0,0,0,0,0,0.00,0,0.00,5.05,3.22,3.99,0.90,D,4.20,12.00,12.00,12.00,1.07,^,0.00,,15.90,12.20,504,0.00,49.4,1,0,0.90,0.00,0.00,12.00,0.00,0.00,0,0,0.00,0
2026-05-02 12:40:21,818.68,0,1,0,0,0,0,0,0.00,0,0.00,5.05,3.22,3.91,0.95,D,4.20,12.00,2.34,12.00,1.21,^,0.00,,16.90,12.20,504,0.00,48.3,1,0,0.95,0.00,0.00,12.00,0.00,0.00,0,0,0.00,0
2026-05-02 12:40:22,819.70,0,1,0,0,0,0,0,-0.83,0,0.00,5.05,3.22,3.85,0.98,D,4.20,12.00,2.03,12.00,1.28,^,0.00,,17.00,12.30,504,0.00,49.9,1,0,0.98,0.00,0.00,12.00,0.00,0.00,0,0,0.00,0
2026-05-02 12:40:23,820.81,0,1,0,0,0,0,0,0.00,0,0.00,5.05,3.22,3.87,0.97,D,4.20,12.00,1.61,12.00,1.37,^,0.00,,15.60,12.30,504,0.00,49.9,1,0,0.97,0.00,0.00,12.00,0.00,0.00,0,0,0.00,0
2026-05-02 12:40:24,821.71,0,1,0,0,0,0,0,0.00,0,0.00,5.05,3.22,3.88,0.95,D,4.20,12.00,2.98,12.00,1.07,^,0.00,,17.70,12.30,504,0.00,49.9,1,0,0.95,0.00,0.00,12.00,0.00,0.00,0,0,0.00,0
2026-05-02 12:40:25,822.82,0,1,0,0,0,0,0,0.00,0,0.00,5.05,3.22,3.85,0.97,D,4.20,12.00,1.94,12.00,1.46,^,0.00,,18.10,12.30,504,0.00,49.9,1,0,0.97,0.00,0.00,12.00,0.00,0.00,0,0,0.00,0
2026-05-02 12:40:26,823.73,0,1,0,0,0,0,0,0.00,0,0.00,5.05,3.22,4.02,0.93,D,4.20,12.00,2.22,12.00,1.40,^,0.00,,20.20,12.30,504,0.00,47.7,1,0,0.90,0.00,0.00,12.00,0.00,0.00,0,0,0.00,0
2026-05-02 12:40:27,824.84,0,1,0,0,0,0,0,0.00,0,0.00,5.05,3.22,3.77,0.99,D,4.20,12.00,2.32,12.00,1.45,^,0.00,,20.20,12.30,504,0.00,47.7,1,0,0.99,0.00,0.00,12.00,0.00,0.00,0,0,0.00,0
2026-05-02 12:40:28,825.75,0,1,0,0,0,0,0,0.00,0,0.00,5.05,3.22,3.85,0.99,D,4.20,12.00,2.52,12.00,1.46,^,0.00,,18.10,12.20,504,0.00,48.8,1,0,0.99,0.00,0.00,12.00,0.00,0.00,0,0,0.00,0
2026-05-02 12:40:29,826.76,0,1,0,0,0,0,0,0.00,0,0.00,5.05,3.23,3.99,0.90,D,4.20,12.00,1.82,12.00,1.55,^,0.00,,15.40,12.20,504,0.00,49.4,1,0,0.90,0.00,0.00,12.00,0.00,0.00,0,0,0.00,0
2026-05-02 12:40:30,827.87,0,1,0,0,0,0,0,-0.79,0,0.00,5.05,3.23,3.99,0.90,D,4.20,12.00,1.54,12.00,1.41,^,0.00,,14.50,12.20,504,0.00,49.9,1,0,0.90,0.00,0.00,12.00,0.00,0.00,0,0,0.00,0
2026-05-02 12:40:31,828.78,0,1,0,0,0,0,0,0.00,0,0.00,5.05,3.23,3.65,0.99,D,4.20,12.00,1.28,12.00,1.53,^,0.00,,15.50,12.20,504,0.00,49.9,1,0,1.08,0.00,0.00,12.00,0.00,0.00,0,0,0.00,0
2026-05-02 12:40:32,829.79,0,1,0,0,0,0,0,0.00,0,0.00,5.05,3.23,3.89,0.96,D,4.20,12.00,1.38,12.00,1.48,^,0.00,,14.80,12.20,504,0.00,49.9,1,0,0.96,0.00,0.00,12.00,0.00,0.00,0,0,0.00,0
2026-05-02 12:40:33,830.80,0,1,0,0,0,0,0,-0.90,0,0.00,5.05,3.23,3.82,0.94,D,4.20,12.00,1.37,12.00,1.27,^,0.00,,16.50,12.20,504,0.00,49.4,1,0,0.98,0.00,0.00,12.00,0.00,0.00,0,0,0.00,0
2026-05-02 12:40:34,831.81,0,1,0,0,0,0,0,-0.82,0,0.00,5.05,3.23,3.95,0.92,D,4.20,12.00,1.30,12.00,1.29,^,0.00,,17.40,12.20,504,0.00,49.4,1,0,0.92,0.00,0.00,12.00,0.00,0.00,0,0,0.00,0
2026-05-02 12:40:35,832.92,0,1,0,0,0,0,0,-0.67,0,0.00,5.05,3.23,3.98,0.91,D,4.20,12.00,1.77,12.00,1.07,^,0.00,,17.40,12.20,504,0.00,47.7,1,0,0.91,0.00,0.00,12.00,0.00,0.00,0,0,0.00,0
2026-05-02 12:40:36,833.92,0,1,0,0,0,0,0,0.20,0,0.00,5.05,3.23,3.90,0.94,D,4.20,2.19,1.27,12.00,1.07,^,0.00,,21.20,12.20,504,0.00,48.8,1,0,0.94,0.00,0.00,2.19,0.00,0.00,0,0,0.00,0
2026-05-02 12:40:37,834.83,0,1,0,0,0,0,0,0.00,0,0.00,5.05,3.23,3.79,0.98,D,4.20,12.00,1.26,12.00,1.34,^,0.00,,16.10,12.20,504,0.00,49.4,1,0,0.98,0.00,0.00,12.00,0.00,0.00,0,0,0.00,0
2026-05-02 12:40:38,835.84,0,1,0,0,0,0,0,0.00,0,0.00,5.05,3.23,3.96,0.91,D,4.20,12.00,1.60,12.00,1.59,^,0.00,,15.30,12.20,504,0.00,49.9,1,0,0.91,0.00,0.00,12.00,0.00,0.00,0,0,0.00,0
2026-05-02 12:40:39,836.85,0,1,0,0,0,0,0,0.00,0,0.00,5.05,3.23,3.92,0.92,D,4.20,12.00,1.44,12.00,1.63,^,0.00,,17.60,12.20,504,0.00,50.5,1,0,0.91,0.00,0.00,12.00,0.00,0.00,0,0,0.00,0
2026-05-02 12:40:40,837.86,0,1,0,0,0,0,0,0.00,0,0.00,5.05,3.23,3.99,0.91,D,4.20,12.00,1.47,12.00,1.53,^,0.00,,14.80,12.20,504,0.00,49.9,1,0,0.91,0.00,0.00,12.00,0.00,0.00,0,0,0.00,0
2026-05-02 12:40:41,838.97,0,1,0,0,0,0,0,0.00,0,0.00,5.05,3.23,3.91,0.95,D,4.20,12.00,1.43,12.00,1.08,^,0.00,,17.90,12.20,504,0.00,49.4,1,0,0.95,0.00,0.00,12.00,0.00,0.00,0,0,0.00,0
2026-05-02 12:40:42,839.88,0,1,0,0,0,0,0,0.00,0,0.00,5.05,3.24,3.77,1.00,D,4.20,12.00,1.52,12.00,1.44,^,0.00,,20.90,12.20,504,0.00,48.3,1,0,1.05,0.00,0.00,12.00,0.00,0.00,0,0,0.00,0
2026-05-02 12:40:43,840.89,0,1,0,0,0,0,0,0.00,0,0.00,5.05,3.24,3.22,1.00,D,4.20,3.54,1.79,12.00,1.54,^,0.00,,14.50,12.20,504,0.00,48.3,1,0,1.29,0.00,0.00,3.54,0.00,0.00,0,0,0.00,0
2026-05-02 12:40:44,841.90,0,1,0,0,0,0,0,0.00,0,0.00,5.05,3.24,3.82,0.97,D,4.20,12.00,1.09,12.00,0.96,^,0.00,,15.70,12.20,504,0.00,49.4,1,0,0.99,0.00,0.00,12.00,0.00,0.00,0,0,0.00,0
2026-05-02 12:40:45,842.92,0,1,0,0,0,0,0,0.00,0,0.00,5.05,3.24,3.71,1.00,D,4.20,12.00,2.24,12.00,1.37,^,0.00,,15.70,12.20,504,0.00,50.5,1,0,1.05,0.00,0.00,12.00,0.00,0.00,0,0,0.00,0
2026-05-02 12:40:46,843.93,0,1,0,0,0,0,0,-0.39,0,0.00,5.05,3.24,3.85,0.97,D,4.20,12.00,1.77,12.00,1.51,^,0.00,,15.70,12.20,504,0.00,49.9,1,0,0.97,0.00,0.00,12.00,0.00,0.00,0,0,0.00,0
2026-05-02 12:40:47,844.94,0,1,0,0,0,0,0,0.00,0,0.00,5.05,3.24,4.06,0.86,D,4.20,12.00,12.00,12.00,1.57,^,0.00,,16.00,12.10,504,0.00,49.4,1,0,0.87,0.00,0.00,12.00,0.00,0.00,0,0,0.00,0
2026-05-02 12:40:48,845.95,0,0,0,0,0,0,0,-0.83,0,1.00,5.05,3.24,3.79,0.74,D,4.20,12.00,12.00,12.00,1.59,^,0.00,,18.20,12.10,504,0.00,48.8,1,0,0.00,0.00,0.00,12.00,0.00,0.00,0,0,0.00,0
2026-05-02 12:40:49,847.06,0,0,0,0,0,0,0,-0.99,0,1.00,5.05,3.24,2.97,1.00,D,4.20,12.00,12.00,12.00,1.36,^,0.00,,13.10,12.20,504,0.00,49.9,1,0,0.00,0.00,0.00,12.00,0.00,0.00,0,0,0.00,0
2026-05-02 12:40:50,847.96,0,0,0,0,0,0,0,0.00,0,0.00,5.05,3.24,3.59,0.80,D,4.20,12.00,0.95,2.47,0.94,^,0.00,,14.00,12.10,504,0.00,48.8,1,0,0.00,0.00,0.00,12.00,0.00,0.00,0,0,0.00,0
2026-05-02 12:40:51,848.98,0,0,0,0,0,0,0,-0.89,0,1.00,5.05,3.24,2.97,0.99,D,4.20,12.00,12.00,1.56,1.06,^,0.00,,15.20,12.20,504,0.00,49.9,1,0,0.00,0.00,0.00,12.00,0.00,0.00,0,0,0.00,0
2026-05-02 12:40:52,849.98,0,0,0,0,0,0,0,0.00,0,1.00,5.05,3.24,3.79,1.00,D,4.20,12.00,12.00,2.41,0.99,^,0.00,,13.00,12.20,504,0.00,50.5,1,0,0.00,0.00,0.00,12.00,0.00,0.00,0,0,0.00,0
2026-05-02 12:40:53,851.00,0,0,0,0,0,0,0,0.00,0,1.00,5.05,3.24,4.16,1.00,D,4.20,12.00,12.00,1.53,1.18,^,0.00,,15.30,12.20,504,0.00,48.3,1,0,0.00,0.00,0.00,12.00,0.00,0.00,0,0,0.00,0
2026-05-02 12:40:54,852.00,0,0,0,0,0,0,0,0.00,0,0.06,5.05,3.24,4.00,0.78,D,4.20,12.00,12.00,1.22,1.34,^,0.00,,18.10,12.20,504,0.00,49.4,1,0,0.00,0.00,0.00,12.00,0.00,0.00,0,0,0.00,0
2026-05-02 12:40:55,853.11,0,0,0,0,0,0,0,-0.15,0,0.45,5.05,3.24,3.56,0.90,D,4.20,12.00,12.00,1.23,1.41,^,0.00,,18.30,12.20,504,0.00,49.4,1,0,0.00,0.00,0.00,12.00,0.00,0.00,0,0,0.00,0
2026-05-02 12:40:56,854.01,0,0,0,0,0,0,0,0.00,0,1.00,5.05,3.24,3.71,1.00,D,4.20,12.00,12.00,1.48,1.41,^,0.00,,18.50,12.20,504,0.00,46.6,1,0,0.00,0.00,0.00,12.00,0.00,0.00,0,0,0.00,0
2026-05-02 12:40:57,855.03,0,0,0,0,0,0,0,0.00,0,0.00,5.05,3.24,4.06,0.81,D,4.20,12.00,12.00,1.83,1.38,^,0.00,,18.50,12.20,504,0.00,48.3,1,0,0.00,0.00,0.00,12.00,0.00,0.00,0,0,0.00,0
2026-05-02 12:40:58,856.04,0,0,0,0,0,0,0,0.00,0,0.89,5.05,3.25,3.44,0.81,D,4.20,12.00,12.00,1.61,1.25,^,0.00,,16.60,12.10,504,0.00,48.3,1,0,0.00,0.00,0.00,12.00,0.00,0.00,0,0,0.00,0
2026-05-02 12:40:59,857.15,0,0,0,0,0,0,0,0.00,0,1.00,5.05,3.24,3.17,0.83,D,4.20,12.00,12.00,1.32,0.99,^,0.00,,16.80,12.20,504,0.00,47.7,1,0,0.00,0.00,0.00,12.00,0.00,0.00,0,0,0.00,0
2026-05-02 12:41:00,858.06,0,0,0,0,0,0,0,0.00,0,0.84,5.05,3.25,3.95,0.97,D,4.20,12.00,12.00,1.64,0.95,^,0.00,,17.90,12.20,504,0.00,48.3,1,0,0.00,0.00,0.00,12.00,0.00,0.00,0,0,0.00,0
2026-05-02 12:41:01,859.07,0,0,0,0,0,0,0,-0.14,0,1.00,5.05,3.25,3.68,0.99,D,4.20,12.00,12.00,1.38,1.01,^,0.00,,15.30,12.20,504,0.00,48.3,1,0,0.00,0.00,0.00,12.00,0.00,0.00,0,0,0.00,0
2026-05-02 12:41:02,860.08,0,0,0,0,0,0,0,0.00,0,0.85,5.05,3.25,3.84,0.89,D,4.20,12.00,12.00,1.52,1.06,^,0.00,,18.80,12.20,504,0.00,47.7,1,0,0.00,0.00,0.00,12.00,0.00,0.00,0,0,0.00,0
2026-05-02 12:41:03,861.08,0,0,0,0,0,0,0,0.00,0,1.00,5.05,3.25,3.97,1.00,D,4.20,12.00,12.00,1.76,1.21,^,0.00,,15.50,12.20,504,0.00,47.7,1,0,0.00,0.00,0.00,12.00,0.00,0.00,0,0,0.00,0
2026-05-02 12:41:04,862.09,0,0,0,0,0,0,0,0.00,0,0.43,5.05,3.25,3.89,0.88,D,4.20,12.00,12.00,1.10,1.10,^,0.00,,13.40,12.20,504,0.00,49.9,1,0,0.00,0.00,0.00,12.00,0.00,0.00,0,0,0.00,0
2026-05-02 12:41:05,863.10,0,0,0,0,0,0,0,-0.42,0,1.00,5.05,3.25,3.60,1.00,D,4.20,12.00,12.00,1.08,1.19,^,0.00,,14.40,12.10,504,0.00,49.9,1,0,0.00,0.00,0.00,12.00,0.00,0.00,0,0,0.00,0
2026-05-02 12:41:06,864.12,0,0,0,0,0,0,0,0.00,0,1.00,5.05,3.25,4.03,1.00,D,4.20,12.00,12.00,1.75,1.30,^,0.00,,15.70,12.20,504,0.00,49.9,1,0,0.00,0.00,0.00,12.00,0.00,0.00,0,0,0.00,0
2026-05-02 12:41:07,865.23,0,0,0,0,0,0,0,0.00,0,1.00,5.05,3.25,4.25,1.00,D,4.20,12.00,12.00,12.00,1.60,^,0.00,,15.30,12.10,504,0.00,49.9,1,0,0.00,0.00,0.00,12.00,0.00,0.00,0,0,0.00,0
2026-05-02 12:41:08,866.13,0,0,0,0,0,0,0,0.00,0,1.00,5.05,3.25,4.20,1.00,D,4.20,12.00,12.00,12.00,1.86,^,0.00,,17.30,12.10,504,0.00,49.4,1,0,0.00,0.00,0.00,12.00,0.00,0.00,0,0,0.00,0
2026-05-02 12:41:09,867.15,0,0,0,0,0,0,0,-0.62,0,1.00,5.05,3.25,3.95,1.00,D,4.20,12.00,12.00,12.00,1.93,^,0.00,,17.60,12.10,504,0.00,47.2,1,0,0.00,0.00,0.00,12.00,0.00,0.00,0,0,0.00,0
2026-05-02 12:41:10,868.16,0,0,0,0,0,0,0,0.00,0,1.00,5.05,3.25,4.21,1.00,D,4.20,12.00,12.00,12.00,2.04,^,0.00,,15.60,12.10,504,0.00,49.4,1,0,0.00,0.00,0.00,12.00,0.00,0.00,0,0,0.00,0
2026-05-02 12:41:11,869.17,0,0,0,0,0,0,0,0.00,0,1.00,5.05,3.25,4.33,1.00,D,4.20,12.00,12.00,12.00,2.19,^,0.00,,16.50,12.10,504,0.00,49.4,1,0,0.00,0.00,0.00,12.00,0.00,0.00,0,0,0.00,0
2026-05-02 12:41:12,870.17,0,0,0,0,0,0,0,0.00,0,1.00,5.05,3.26,4.38,1.00,D,4.20,12.00,12.00,12.00,2.45,^,0.00,,13.20,12.10,504,0.00,49.9,1,0,0.00,0.00,0.00,12.00,0.00,0.00,0,0,0.00,0
2026-05-02 12:41:13,871.18,0,0,0,0,0,0,0,-1.00,0,1.00,5.05,3.26,4.27,1.00,D,4.20,12.00,12.00,12.00,2.67,^,0.00,,14.60,12.10,504,0.00,48.3,1,0,0.00,0.00,0.00,12.00,0.00,0.00,0,0,0.00,0
2026-05-02 12:41:14,872.19,0,0,0,0,0,0,0,0.00,0,1.00,5.05,3.26,4.26,1.00,D,4.20,12.00,12.00,12.00,12.00,^,0.00,,13.40,12.10,504,0.00,49.4,1,0,0.00,0.00,0.00,12.00,0.00,0.00,0,0,0.00,0
2026-05-02 12:41:15,873.30,0,0,0,0,0,0,0,0.00,0,1.00,5.05,3.26,4.42,1.00,D,4.20,12.00,12.00,12.00,12.00,^,0.00,,14.70,12.20,504,0.00,49.9,1,0,0.00,0.00,0.00,12.00,0.00,0.00,0,0,0.00,0
2026-05-02 12:41:16,874.20,0,0,0,0,0,0,0,1.00,0,1.00,5.05,3.26,4.22,1.00,D,4.20,1.66,12.00,2.07,12.00,WARN_WARNING,0.00,,14.10,12.20,504,0.00,49.4,1,0,0.00,0.00,0.00,1.66,0.00,0.00,0,0,0.00,0
2026-05-02 12:41:17,875.31,0,0,0,0,0,0,0,0.00,0,1.00,5.05,3.26,3.57,1.00,D,4.20,12.00,12.00,12.00,12.00,^,0.00,,14.10,12.20,504,0.00,49.9,1,0,0.00,0.00,0.00,12.00,0.00,0.00,0,0,0.00,0
2026-05-02 12:41:18,876.22,0,0,0,0,0,0,0,0.00,0,1.00,5.05,3.26,4.15,1.00,D,4.20,12.00,2.50,12.00,2.50,^,0.00,,14.10,12.20,504,0.00,48.8,1,0,0.00,0.00,0.00,12.00,0.00,0.00,0,0,0.00,0
2026-05-02 12:41:19,877.33,0,0,0,0,0,0,0,0.00,0,1.00,5.05,3.26,4.19,1.00,D,4.20,12.00,12.00,12.00,2.39,^,0.00,,14.60,12.20,504,0.00,48.8,1,0,0.00,0.00,0.00,12.00,0.00,0.00,0,0,0.00,0
2026-05-02 12:41:20,878.23,0,0,0,0,0,0,0,0.00,0,1.00,5.05,3.26,3.99,1.00,D,4.20,12.00,12.00,12.00,12.00,^,0.00,,15.10,12.20,504,0.00,48.3,1,0,0.00,0.00,0.00,12.00,0.00,0.00,0,0,0.00,0
2026-05-02 12:41:21,879.24,0,0,0,0,0,0,0,0.00,0,1.00,5.05,3.27,4.28,1.00,D,4.20,12.00,12.00,12.00,12.00,^,0.00,,15.50,12.20,504,0.00,49.4,1,0,0.00,0.00,0.00,12.00,0.00,0.00,0,0,0.00,0
2026-05-02 12:41:22,880.26,0,0,0,0,0,0,0,0.00,0,1.00,5.05,3.27,4.12,1.00,D,4.20,12.00,12.00,12.00,12.00,^,0.00,,16.40,12.20,504,0.00,49.9,1,0,0.00,0.00,0.00,12.00,0.00,0.00,0,0,0.00,0
2026-05-02 12:41:23,881.27,0,0,0,0,0,0,0,0.00,0,1.00,5.05,3.27,4.40,1.00,D,4.20,12.00,1.91,12.00,12.00,^,0.00,,15.80,12.20,504,0.00,48.3,1,0,0.00,0.00,0.00,12.00,0.00,0.00,0,0,0.00,0
2026-05-02 12:41:24,882.28,0,0,0,0,0,0,0,0.00,0,1.00,5.05,3.27,4.25,1.00,D,4.20,12.00,12.00,12.00,2.01,^,0.00,,14.20,12.20,504,0.00,48.8,1,0,0.00,0.00,0.00,12.00,0.00,0.00,0,0,0.00,0
2026-05-02 12:41:25,883.29,0,0,0,0,0,0,0,0.00,0,1.00,5.05,3.27,4.21,1.00,D,4.20,12.00,12.00,12.00,12.00,^,0.00,,14.10,12.20,504,0.00,47.7,1,0,0.00,0.00,0.00,12.00,0.00,0.00,0,0,0.00,0
2026-05-02 12:41:26,884.30,0,0,0,0,0,0,0,0.00,0,1.00,5.05,3.27,4.37,1.00,D,4.20,12.00,12.00,12.00,12.00,^,0.00,,15.20,12.20,504,0.00,48.8,1,0,0.00,0.00,0.00,12.00,0.00,0.00,0,0,0.00,0
2026-05-02 12:41:27,885.31,0,0,0,0,0,0,0,0.00,0,1.00,5.05,3.27,4.33,1.00,D,4.20,12.00,12.00,12.00,12.00,^,0.00,,14.30,12.20,504,0.00,48.8,1,0,0.00,0.00,0.00,12.00,0.00,0.00,0,0,0.00,0
2026-05-02 12:41:28,886.33,0,0,0,0,0,0,0,0.00,0,1.00,5.05,3.27,4.34,1.00,D,4.20,12.00,12.00,12.00,12.00,^,0.00,,14.80,12.10,504,0.00,48.3,1,0,0.00,0.00,0.00,12.00,0.00,0.00,0,0,0.00,0
2026-05-02 12:41:29,887.34,0,0,0,0,0,0,0,-0.59,0,1.00,5.05,3.27,4.18,1.00,D,4.20,12.00,12.00,12.00,12.00,^,0.00,,15.20,12.20,504,0.00,47.7,1,0,0.00,0.00,0.00,12.00,0.00,0.00,0,0,0.00,0
2026-05-02 12:41:30,888.35,0,0,0,0,0,0,0,0.00,0,1.00,5.05,3.28,4.23,1.00,D,4.20,12.00,2.52,12.00,2.63,^,0.00,,17.30,12.20,504,0.00,49.4,1,0,0.00,0.00,0.00,12.00,0.00,0.00,0,0,0.00,0
2026-05-02 12:41:31,889.37,0,0,0,0,0,0,0,0.00,0,1.00,5.05,3.28,3.95,1.00,D,4.20,12.00,2.15,12.00,2.21,^,0.00,,15.10,12.20,504,0.00,47.7,1,0,0.00,0.00,0.00,12.00,0.00,0.00,0,0,0.00,0
2026-05-02 12:41:32,890.38,0,0,0,0,0,0,0,0.00,1,0.00,5.05,3.28,4.10,0.00,D,4.20,12.00,12.00,12.00,2.49,^,0.00,,13.80,12.20,504,0.00,47.7,1,0,0.00,0.00,0.00,12.00,0.00,0.00,0,0,0.00,0
2026-05-02 12:41:33,891.39,0,0,0,0,0,0,0,0.00,0,0.00,5.05,3.28,0.00,0.00,D,4.20,12.00,12.00,12.00,12.00,^,0.00,,14.50,12.20,504,0.03,47.2,1,0,0.00,0.00,0.00,12.00,0.00,0.00,0,0,0.00,0
2026-05-02 12:41:34,892.40,0,0,0,0,0,0,0,0.00,0,0.00,5.05,3.27,0.00,0.00,D,4.20,12.00,12.00,12.00,12.00,^,0.00,,13.50,12.20,504,0.93,47.7,1,0,0.00,0.00,0.00,12.00,0.00,0.00,0,0,0.00,0
2026-05-02 12:41:35,893.41,0,0,0,0,0,0,0,0.00,0,1.00,5.05,3.27,0.06,0.51,D,4.20,12.00,12.00,12.00,2.34,^,0.00,,14.80,12.20,504,0.00,46.6,1,0,0.00,0.00,0.00,12.00,0.00,0.00,0,0,0.00,0
2026-05-02 12:41:36,894.43,0,0,0,0,0,0,0,0.00,0,0.00,5.05,3.27,2.40,0.91,D,4.20,12.00,12.00,12.00,1.64,^,0.00,,15.50,12.20,504,0.00,47.2,1,0,0.00,0.00,0.00,12.00,0.00,0.00,0,0,0.00,0
2026-05-02 12:41:37,895.44,0,0,0,0,0,0,0,0.00,0,0.97,5.05,3.27,3.05,0.80,D,4.20,12.00,12.00,12.00,1.39,^,0.00,,15.60,12.10,504,0.00,47.7,1,0,0.00,0.00,0.00,12.00,0.00,0.00,0,0,0.00,0
2026-05-02 12:41:38,896.45,0,0,0,0,0,0,0,-0.30,0,1.00,5.05,3.27,3.11,0.75,D,4.20,12.00,12.00,12.00,1.28,^,0.00,,17.50,12.20,504,0.00,46.6,1,0,0.00,0.00,0.00,12.00,0.00,0.00,0,0,0.00,0
2026-05-02 12:41:39,897.46,0,0,0,0,0,0,0,0.00,0,1.00,5.05,3.26,3.12,0.98,D,4.20,12.00,12.00,12.00,1.06,^,0.00,,16.40,12.10,504,0.00,47.7,1,0,0.00,0.00,0.00,12.00,0.00,0.00,0,0,0.00,0
2026-05-02 12:41:40,898.48,0,0,0,0,0,0,0,0.00,0,0.40,5.05,3.27,3.46,0.65,D,4.20,12.00,12.00,12.00,1.21,^,0.00,,18.00,12.10,504,0.00,48.3,1,0,0.00,0.00,0.00,12.00,0.00,0.00,0,0,0.00,0
2026-05-02 12:41:41,899.59,0,0,0,0,0,0,0,-0.77,0,1.00,5.05,3.26,3.25,0.59,D,4.20,12.00,12.00,12.00,1.24,^,0.00,,17.10,12.10,504,0.00,47.2,1,0,0.00,0.00,0.00,12.00,0.00,0.00,0,0,0.00,0
2026-05-02 12:41:42,900.49,0,0,0,0,0,0,0,0.00,0,1.00,5.05,3.26,3.47,1.00,D,4.20,12.00,1.84,12.00,0.98,^,0.00,,15.10,12.10,504,0.00,48.3,1,0,0.00,0.00,0.00,12.00,0.00,0.00,0,0,0.00,0
2026-05-02 12:41:43,901.51,0,0,0,0,0,0,0,0.00,0,0.86,5.05,3.27,3.61,0.87,D,4.20,12.00,12.00,12.00,1.06,^,0.00,,17.50,12.10,504,0.00,47.2,1,0,0.00,0.00,0.00,12.00,0.00,0.00,0,0,0.00,0
2026-05-02 12:41:44,902.52,0,0,0,0,0,0,0,0.00,0,0.78,5.05,3.27,3.46,0.76,D,4.20,12.00,12.00,12.00,1.09,^,0.00,,16.70,12.10,504,0.00,46.6,1,0,0.00,0.00,0.00,12.00,0.00,0.00,0,0,0.00,0
2026-05-02 12:41:45,903.64,0,0,0,0,0,0,0,-1.00,0,0.48,5.05,3.27,4.12,0.92,D,4.20,12.00,12.00,12.00,1.20,^,0.00,,17.20,12.10,504,0.00,47.2,1,0,0.00,0.00,0.00,12.00,0.00,0.00,0,0,0.00,0
2026-05-02 12:41:46,904.54,0,0,0,0,0,0,0,0.92,0,1.00,5.05,3.27,3.26,0.88,D,4.20,12.00,12.00,12.00,1.25,^,0.00,,16.40,12.10,504,0.00,47.2,1,0,0.00,0.00,0.00,12.00,0.00,0.00,0,0,0.00,0
2026-05-02 12:41:47,905.55,0,0,0,0,0,0,0,0.00,0,0.15,5.05,3.27,3.90,0.75,D,4.20,12.00,12.00,12.00,1.33,^,0.00,,16.20,12.10,504,0.00,46.1,1,0,0.00,0.00,0.00,12.00,0.00,0.00,0,0,0.00,0
2026-05-02 12:41:48,906.56,0,0,0,0,0,0,0,0.00,0,1.00,5.05,3.27,3.42,1.00,D,4.20,12.00,12.00,12.00,1.18,^,0.00,,17.00,12.10,504,0.00,46.1,1,0,0.00,0.00,0.00,12.00,0.00,0.00,0,0,0.00,0
2026-05-02 12:41:49,907.57,0,0,0,0,0,0,0,0.00,0,1.00,5.05,3.27,4.32,1.00,D,4.20,12.00,12.00,12.00,1.28,^,0.00,,16.70,12.10,504,0.00,47.2,1,0,0.00,0.00,0.00,12.00,0.00,0.00,0,0,0.00,0
2026-05-02 12:41:50,908.59,0,0,0,0,0,0,0,0.00,0,1.00,5.05,3.27,4.38,1.00,D,4.20,12.00,12.00,12.00,1.64,^,0.00,,16.50,12.10,504,0.00,47.7,1,0,0.00,0.00,0.00,12.00,0.00,0.00,0,0,0.00,0
2026-05-02 12:41:51,909.60,0,0,0,0,0,0,0,0.00,0,1.00,5.05,3.27,4.84,1.00,D,4.20,12.00,12.00,12.00,2.16,^,0.00,,16.20,12.10,504,0.00,45.5,1,0,0.00,0.00,0.00,12.00,0.00,0.00,0,0,0.00,0
2026-05-02 12:41:52,910.61,0,0,0,0,0,0,0,0.00,0,1.00,5.05,3.27,3.73,1.00,D,4.20,12.00,12.00,12.00,1.94,^,0.00,,15.40,12.10,504,0.00,46.1,1,0,0.00,0.00,0.00,12.00,0.00,0.00,0,0,0.00,0
2026-05-02 12:41:53,911.62,0,0,0,0,0,0,0,0.00,0,1.00,5.05,3.27,4.00,1.00,D,4.20,12.00,12.00,12.00,1.75,^,0.00,,16.10,12.10,504,0.00,47.2,1,0,0.00,0.00,0.00,12.00,0.00,0.00,0,0,0.00,0
2026-05-02 12:41:54,912.64,0,0,0,0,0,0,0,-0.66,0,1.00,5.05,3.27,4.17,1.00,D,4.20,12.00,12.00,12.00,1.81,^,0.00,,14.40,12.10,504,0.00,47.7,1,0,0.00,0.00,0.00,12.00,0.00,0.00,0,0,0.00,0
2026-05-02 12:41:56,913.64,0,0,0,0,0,0,0,0.00,0,1.00,5.05,3.27,3.27,1.00,D,4.20,12.00,12.00,12.00,2.06,^,0.00,,16.40,12.10,504,0.00,47.7,1,0,0.00,0.00,0.00,12.00,0.00,0.00,0,0,0.00,0
2026-05-02 12:41:57,914.66,0,0,0,0,0,0,0,0.00,0,1.00,5.05,3.27,3.42,1.00,D,4.20,12.00,12.00,12.00,2.32,^,0.00,,15.60,12.20,504,0.00,47.2,1,0,0.00,0.00,0.00,12.00,0.00,0.00,0,0,0.00,0
2026-05-02 12:41:58,915.77,0,0,0,0,0,0,0,0.00,0,1.00,5.05,3.27,4.19,1.00,D,4.20,12.00,12.00,12.00,12.00,^,0.00,,16.90,12.20,504,0.00,46.6,1,0,0.00,0.00,0.00,12.00,0.00,0.00,0,0,0.00,0
2026-05-02 12:41:59,916.67,0,0,0,0,0,0,0,0.00,0,1.00,5.05,3.27,4.35,1.00,D,4.20,12.00,12.00,12.00,12.00,^,0.00,,17.00,12.10,504,0.00,47.2,1,0,0.00,0.00,0.00,12.00,0.00,0.00,0,0,0.00,0
2026-05-02 12:42:00,917.79,0,0,0,0,0,0,0,0.99,0,1.00,5.05,3.28,4.25,1.00,D,4.20,2.04,12.00,1.98,12.00,WARN_WARNING,0.00,,17.40,12.20,504,0.00,48.3,1,0,0.00,0.00,0.00,2.04,0.00,0.00,0,0,0.00,0
2026-05-02 12:42:01,918.69,0,0,0,0,0,0,0,1.00,0,1.00,5.05,3.28,3.43,1.00,D,4.20,12.00,12.00,2.31,12.00,^,0.00,,14.60,12.20,504,0.00,47.2,1,0,0.00,0.00,0.00,12.00,0.00,0.00,0,0,0.00,0
2026-05-02 12:42:02,919.71,0,0,0,0,0,0,0,0.00,0,1.00,5.05,3.28,4.20,1.00,D,4.20,12.00,12.00,12.00,1.30,^,0.00,,12.90,12.20,504,0.00,47.7,1,0,0.00,0.00,0.00,12.00,0.00,0.00,0,0,0.00,0
2026-05-02 12:42:03,920.72,0,0,0,0,0,0,0,0.00,0,1.00,5.05,3.28,4.51,1.00,D,4.20,12.00,2.16,12.00,1.69,^,0.00,,13.90,12.10,504,0.00,47.7,1,0,0.00,0.00,0.00,12.00,0.00,0.00,0,0,0.00,0
2026-05-02 12:42:04,921.73,0,0,0,0,0,0,0,0.00,0,1.00,5.05,3.28,4.42,0.86,D,4.20,12.00,2.00,12.00,2.14,^,0.00,,13.00,12.10,504,0.00,48.8,1,0,0.00,0.00,0.00,12.00,0.00,0.00,0,0,0.00,0
2026-05-02 12:42:05,922.74,0,0,0,0,0,0,0,-0.25,0,0.50,5.05,3.28,4.11,0.90,D,4.20,12.00,2.83,12.00,2.23,^,0.00,,15.40,12.10,504,0.00,47.2,1,0,0.00,0.00,0.00,12.00,0.00,0.00,0,0,0.00,0
2026-05-02 12:42:06,923.75,0,0,0,0,0,0,0,0.00,0,0.00,5.05,3.28,3.34,0.77,D,4.20,12.00,2.31,12.00,1.50,^,0.00,,15.90,12.10,504,0.00,47.2,1,0,0.00,0.00,0.00,12.00,0.00,0.00,0,0,0.00,0
2026-05-02 12:42:07,924.77,0,0,0,0,0,0,0,0.00,0,1.00,5.05,3.28,3.19,1.00,D,4.20,12.00,2.03,12.00,1.76,^,0.00,,15.90,12.10,504,0.00,46.1,1,0,0.00,0.00,0.00,12.00,0.00,0.00,0,0,0.00,0
2026-05-02 12:42:08,925.78,0,0,0,0,0,0,0,0.00,0,1.00,5.05,3.28,4.28,1.00,D,4.20,12.00,1.80,12.00,1.67,^,0.00,,17.10,12.10,504,0.00,47.2,1,0,0.00,0.00,0.00,12.00,0.00,0.00,0,0,0.00,0
2026-05-02 12:42:09,926.79,0,0,0,0,0,0,0,-0.23,0,1.00,5.05,3.28,4.15,1.00,D,4.20,12.00,1.60,12.00,1.69,^,0.00,,18.10,12.20,504,0.00,46.6,1,0,0.00,0.00,0.00,12.00,0.00,0.00,0,0,0.00,0
2026-05-02 12:42:10,927.80,0,0,0,0,0,0,0,0.00,0,1.00,5.05,3.28,4.23,1.00,D,4.20,12.00,2.21,12.00,1.76,^,0.00,,17.90,12.10,504,0.00,47.2,1,0,0.00,0.00,0.00,12.00,0.00,0.00,0,0,0.00,0
2026-05-02 12:42:11,928.82,0,0,0,0,0,0,0,0.00,0,1.00,5.05,3.28,4.30,1.00,D,4.20,12.00,2.44,12.00,1.85,^,0.00,,17.50,12.20,504,0.00,47.2,1,0,0.00,0.00,0.00,12.00,0.00,0.00,0,0,0.00,0
2026-05-02 12:42:12,929.82,0,0,0,0,0,0,0,-0.30,0,1.00,5.05,3.29,4.35,1.00,D,4.20,12.00,2.29,12.00,1.97,^,0.00,,18.80,12.10,504,0.00,48.3,1,0,0.00,0.00,0.00,12.00,0.00,0.00,0,0,0.00,0
2026-05-02 12:42:13,930.83,0,0,0,0,0,0,0,0.00,0,1.00,5.05,3.29,4.18,1.00,D,4.20,12.00,2.43,12.00,2.04,^,0.00,,17.00,12.10,504,0.00,46.6,1,0,0.00,0.00,0.00,12.00,0.00,0.00,0,0,0.00,0
2026-05-02 12:42:14,931.84,0,0,0,0,0,0,0,-0.54,0,1.00,5.05,3.29,4.42,1.00,D,4.20,12.00,2.35,12.00,2.14,^,0.00,,16.20,12.10,504,0.00,48.3,1,0,0.00,0.00,0.00,12.00,0.00,0.00,0,0,0.00,0
2026-05-02 12:42:15,932.85,0,0,0,0,0,0,0,0.00,0,1.00,5.05,3.29,4.39,1.00,D,4.20,12.00,2.08,12.00,2.25,^,0.00,,18.90,12.10,504,0.00,47.7,1,0,0.00,0.00,0.00,12.00,0.00,0.00,0,0,0.00,0
2026-05-02 12:42:16,933.86,0,0,0,0,0,0,0,0.00,0,1.00,5.05,3.29,4.22,1.00,D,4.20,12.00,1.48,12.00,2.32,^,0.00,,16.50,12.10,504,0.00,47.7,1,0,0.00,0.00,0.00,12.00,0.00,0.00,0,0,0.00,0
2026-05-02 12:42:17,934.88,0,1,0,0,0,0,0,0.00,0,0.00,5.05,3.29,3.79,0.58,D,4.34,12.00,12.00,12.00,2.04,^,0.00,,17.90,12.10,504,0.00,47.7,1,0,0.28,0.00,0.00,12.00,0.00,0.00,0,0,0.00,0
2026-05-02 12:42:18,935.89,0,1,0,0,0,1,0,0.00,0,0.00,5.05,3.29,2.95,0.88,D,4.60,12.00,2.74,12.00,1.82,^,0.00,,15.60,12.10,504,0.00,47.2,1,0,0.94,0.00,0.00,12.00,0.00,0.00,0,0,0.00,0
2026-05-02 12:42:19,936.91,0,1,0,0,0,1,0,0.00,0,0.00,5.05,3.29,3.37,0.92,D,4.80,12.00,2.25,12.00,1.45,^,0.00,,17.20,12.10,504,0.00,47.7,1,0,0.95,0.00,0.00,12.00,0.00,0.00,0,0,0.00,0
2026-05-02 12:42:20,937.92,0,1,0,0,0,0,0,0.00,0,0.00,5.05,3.29,3.62,0.92,D,4.80,12.00,12.00,12.00,1.17,^,0.00,,19.70,12.10,504,0.00,47.2,1,0,0.93,0.00,0.00,12.00,0.00,0.00,0,0,0.00,0
2026-05-02 12:42:21,938.93,0,1,0,0,0,1,0,0.00,0,0.00,5.05,3.29,3.63,1.00,D,5.00,12.00,2.32,12.00,1.09,^,0.00,,17.30,12.10,504,0.00,48.3,1,0,1.11,0.00,0.00,12.00,0.00,0.00,0,0,0.00,0
2026-05-02 12:42:22,940.04,0,1,0,0,0,1,0,0.00,0,0.00,5.05,3.29,4.13,1.00,D,5.30,12.00,2.71,12.00,1.07,^,0.00,,14.30,12.10,504,0.00,48.8,1,0,1.14,0.00,0.00,12.00,0.00,0.00,0,0,0.00,0
2026-05-02 12:42:23,940.95,0,1,0,0,0,1,0,0.00,0,0.00,5.05,3.29,4.23,1.00,D,5.70,12.00,2.17,12.00,1.11,^,0.00,,15.10,12.10,504,0.00,48.8,1,0,1.35,0.00,0.00,12.00,0.00,0.00,0,0,0.00,0
2026-05-02 12:42:24,941.96,0,1,0,0,0,1,0,0.00,0,0.00,5.05,3.29,4.32,1.00,D,5.90,12.00,2.31,12.00,1.19,^,0.00,,15.60,12.10,504,0.00,48.3,1,0,1.52,0.00,0.00,12.00,0.00,0.00,0,0,0.00,0
2026-05-02 12:42:25,942.97,0,1,0,0,0,0,0,0.00,0,0.00,5.05,3.30,4.29,1.00,D,5.90,12.00,1.58,12.00,1.27,^,0.00,,14.10,12.10,504,0.00,49.4,1,0,1.60,0.00,0.00,12.00,0.00,0.00,0,0,0.00,0
2026-05-02 12:42:26,943.98,0,1,0,0,0,1,0,0.00,0,0.00,5.05,3.30,4.18,1.00,D,6.00,12.00,2.17,12.00,1.38,^,0.00,,16.00,12.10,504,0.00,46.6,1,0,1.73,0.00,0.00,12.00,0.00,0.00,0,0,0.00,0
2026-05-02 12:42:27,945.00,0,1,0,0,0,0,0,0.00,0,0.00,5.05,3.30,4.32,1.00,D,6.00,12.00,2.56,12.00,1.50,^,0.00,,16.70,12.10,504,0.00,48.3,1,0,1.64,0.00,0.00,12.00,0.00,0.00,0,0,0.00,0
2026-05-02 12:42:28,946.01,0,1,0,0,0,0,0,0.00,0,0.00,5.05,3.30,4.09,1.00,D,6.00,12.00,2.22,12.00,1.63,^,0.00,,18.10,12.10,504,0.00,48.3,1,0,1.77,0.00,0.00,12.00,0.00,0.00,0,0,0.00,0
2026-05-02 12:42:29,947.01,0,1,0,0,0,0,0,0.00,0,0.00,5.05,3.30,4.38,1.00,D,6.00,12.00,2.34,12.00,1.50,^,0.00,,16.40,12.10,504,0.00,46.6,1,0,1.61,0.00,0.00,12.00,0.00,0.00,0,0,0.00,0
2026-05-02 12:42:30,948.12,0,1,0,0,0,0,0,0.00,0,0.00,5.05,3.30,4.35,1.00,D,6.00,12.00,12.00,12.00,1.56,^,0.00,,17.40,12.10,504,0.00,48.3,1,0,1.63,0.00,0.00,12.00,0.00,0.00,0,0,0.00,0
2026-05-02 12:42:31,949.03,0,1,0,0,0,0,0,0.00,0,0.00,5.05,3.30,4.38,1.00,D,6.00,12.00,1.82,12.00,1.66,^,0.00,,16.20,12.10,504,0.00,47.7,1,0,1.60,0.00,0.00,12.00,0.00,0.00,0,0,0.00,0
2026-05-02 12:42:32,950.03,0,1,0,0,0,0,0,0.37,0,0.00,5.05,3.30,4.60,1.00,D,6.00,12.00,12.00,12.00,1.83,^,0.00,,18.90,12.10,504,0.00,46.6,1,0,1.50,0.00,0.00,12.00,0.00,0.00,0,0,0.00,0
2026-05-02 12:42:33,951.03,0,1,0,0,0,0,0,-0.56,0,0.00,5.05,3.30,4.02,1.00,D,6.00,12.00,12.00,12.00,1.46,^,0.00,,16.20,12.10,504,0.00,47.2,1,0,1.79,0.00,0.00,12.00,0.00,0.00,0,0,0.00,0
2026-05-02 12:42:34,952.14,0,1,0,0,0,0,0,0.00,0,0.00,5.05,3.30,4.06,1.00,D,6.00,12.00,12.00,12.00,1.58,^,0.00,,15.70,12.10,504,0.00,45.5,1,0,1.77,0.00,0.00,12.00,0.00,0.00,0,0,0.00,0
2026-05-02 12:42:35,953.05,0,1,0,0,0,0,0,0.00,0,0.00,5.05,3.31,4.17,1.00,D,6.00,12.00,12.00,12.00,1.75,^,0.00,,18.30,12.10,504,0.00,47.2,1,0,1.72,0.00,0.00,12.00,0.00,0.00,0,0,0.00,0
2026-05-02 12:42:36,954.06,0,1,0,0,0,0,0,-0.16,0,0.00,5.05,3.31,4.39,1.00,D,6.00,12.00,12.00,12.00,1.89,^,0.00,,17.90,12.10,504,0.00,47.7,1,0,1.60,0.00,0.00,12.00,0.00,0.00,0,0,0.00,0
2026-05-02 12:42:37,955.07,0,1,0,0,0,0,0,0.00,0,0.00,5.05,3.31,4.48,1.00,D,6.00,12.00,12.00,12.00,2.02,^,0.00,,17.20,12.10,504,0.00,47.7,1,0,1.57,0.00,0.00,12.00,0.00,0.00,0,0,0.00,0
2026-05-02 12:42:38,956.08,0,1,0,0,0,0,0,0.00,0,0.00,5.05,3.31,4.47,1.00,D,6.00,12.00,12.00,12.00,12.00,^,0.00,,15.50,12.10,504,0.00,46.6,1,0,1.57,0.00,0.00,12.00,0.00,0.00,0,0,0.00,0
2026-05-02 12:42:39,957.19,0,1,0,0,0,0,0,0.00,0,0.00,5.05,3.31,4.58,1.00,D,6.00,12.00,12.00,2.19,2.59,^,0.00,,15.80,12.10,504,0.00,47.2,1,0,1.51,0.00,0.00,12.00,0.00,0.00,0,0,0.00,0
2026-05-02 12:42:40,958.10,0,1,0,0,0,0,0,-0.24,0,0.00,5.05,3.31,3.84,1.00,D,6.00,12.00,12.00,1.63,2.19,^,0.00,,16.30,12.10,504,0.00,47.7,1,0,1.89,0.00,0.00,12.00,0.00,0.00,0,0,0.00,0
2026-05-02 12:42:41,959.11,1,0,0,0,0,0,0,0.05,0,1.00,5.05,3.31,4.47,1.00,D,6.00,12.00,12.00,12.00,12.00,^,3.23,,16.70,12.10,504,0.00,47.2,1,0,0.00,0.00,0.00,12.00,0.05,1.00,0,0,0.00,0
2026-05-02 12:42:42,960.13,1,0,0,0,0,0,0,0.06,0,1.00,5.05,3.31,4.49,1.00,D,6.00,12.00,12.00,2.36,12.00,^,3.42,,17.00,12.10,504,0.00,46.6,1,0,0.00,0.00,0.00,12.00,0.06,1.00,0,0,0.00,0
2026-05-02 12:42:43,961.14,1,0,0,0,0,0,0,0.00,0,1.00,5.05,3.31,4.47,1.00,D,6.00,12.00,12.00,12.00,2.35,^,0.05,,15.70,12.10,504,0.00,46.1,1,0,0.00,0.00,0.00,12.00,0.00,1.00,0,0,0.00,0
2026-05-02 12:42:44,962.15,1,0,0,0,0,0,0,-0.05,0,1.00,5.05,3.32,4.45,1.00,D,6.00,12.00,12.00,12.00,12.00,^,-3.21,,17.00,12.10,504,0.00,46.6,1,0,0.00,0.00,0.00,12.00,-0.05,1.00,0,0,0.00,0
2026-05-02 12:42:45,963.16,1,0,0,0,0,0,0,0.08,0,1.00,5.05,3.32,4.63,1.00,D,6.00,12.00,12.00,12.00,2.33,^,4.75,,15.80,12.10,504,0.00,47.7,1,0,0.00,0.00,0.00,12.00,0.08,1.00,0,0,0.00,0
2026-05-02 12:42:46,964.18,1,0,0,0,0,0,0,-0.05,0,1.00,5.05,3.32,4.48,1.00,D,6.00,12.00,12.00,12.00,2.29,^,-3.12,,15.70,12.10,504,0.00,47.2,1,0,0.00,0.00,0.00,12.00,-0.05,1.00,0,0,0.00,0
2026-05-02 12:42:47,965.19,1,0,0,0,0,0,0,-0.03,0,1.00,5.05,3.32,4.55,1.00,D,6.00,12.00,12.00,2.16,2.26,^,-1.64,,16.30,12.10,504,0.00,46.1,1,0,0.00,0.00,0.00,12.00,-0.03,1.00,0,0,0.00,0
2026-05-02 12:42:48,966.21,1,0,0,0,0,0,0,-0.09,0,1.00,5.05,3.32,4.47,1.00,D,6.00,12.00,12.00,1.65,1.71,^,-5.40,,16.40,12.10,504,0.00,46.1,1,0,0.00,0.00,0.00,12.00,-0.09,1.00,0,0,0.00,0
2026-05-02 12:42:49,967.22,1,0,0,0,0,0,0,-0.02,0,1.00,5.05,3.32,4.54,1.00,D,6.00,12.00,12.00,1.96,1.88,^,-1.16,,15.50,12.10,504,0.00,47.7,1,0,0.00,0.00,0.00,12.00,-0.02,1.00,0,0,0.00,0
2026-05-02 12:42:50,968.23,1,0,0,0,0,0,0,0.01,0,1.00,5.05,3.32,4.50,1.00,D,6.00,12.00,12.00,2.37,1.91,^,0.34,,16.40,12.10,504,0.00,46.1,1,0,0.00,0.00,0.00,12.00,0.01,1.00,0,0,0.00,0
2026-05-02 12:42:51,969.25,1,0,0,0,0,0,0,-0.00,0,1.00,5.05,3.32,4.43,1.00,D,6.00,12.00,12.00,1.62,1.63,^,-0.24,,15.70,12.10,504,0.00,47.2,1,0,0.00,0.00,0.00,12.00,-0.00,1.00,0,0,0.00,0
2026-05-02 12:42:52,970.26,1,0,0,0,0,0,0,-0.03,0,1.00,5.05,3.33,4.57,1.00,D,6.00,12.00,12.00,2.10,1.62,^,-1.61,,17.00,12.10,504,0.00,47.7,1,0,0.00,0.00,0.00,12.00,-0.03,1.00,0,0,0.00,0
2026-05-02 12:42:53,971.27,1,0,0,0,0,0,0,-0.10,0,1.00,5.05,3.33,4.62,1.00,D,6.00,12.00,12.00,7.59,1.51,^,-5.75,,15.20,12.20,504,0.00,47.2,1,0,0.00,0.00,0.00,12.00,-0.10,1.00,0,0,0.00,0
2026-05-02 12:42:54,972.28,1,0,0,0,0,0,0,0.04,0,1.00,5.05,3.33,4.67,1.00,D,6.00,12.00,12.00,12.00,1.41,^,2.17,,14.40,12.20,504,0.00,47.7,1,0,0.00,0.00,0.00,12.00,0.04,1.00,0,0,0.00,0
2026-05-02 12:42:55,973.29,1,0,0,0,0,0,0,-0.12,0,1.00,5.05,3.33,4.64,1.00,D,6.00,12.00,12.00,12.00,1.38,^,-7.37,,12.90,12.20,504,0.00,47.7,1,0,0.00,0.00,0.00,12.00,-0.12,1.00,0,0,0.00,0
2026-05-02 12:42:56,974.30,1,0,0,0,0,0,0,0.00,0,1.00,5.05,3.33,4.58,1.00,D,6.00,12.00,12.00,12.00,1.37,^,0.06,,15.40,12.20,504,0.00,48.3,1,0,0.00,0.00,0.00,12.00,0.00,1.00,0,0,0.00,0
2026-05-02 12:42:57,975.32,1,0,0,0,0,0,0,-0.05,0,1.00,5.05,3.33,4.66,1.00,D,6.00,12.00,12.00,2.58,1.42,^,-2.80,,14.40,12.20,504,0.00,46.1,1,0,0.00,0.00,0.00,12.00,-0.05,1.00,0,0,0.00,0
2026-05-02 12:42:58,976.43,1,0,0,0,0,0,0,-0.05,0,1.00,5.05,3.33,4.58,1.00,D,6.00,12.00,12.00,12.00,1.51,^,-3.14,,16.30,12.20,504,0.00,46.6,1,0,0.00,0.00,0.00,12.00,-0.05,1.00,0,0,0.00,0
2026-05-02 12:42:59,977.34,1,0,0,0,0,0,0,0.00,0,1.00,5.05,3.34,4.68,1.00,D,6.00,12.00,12.00,12.00,1.67,^,0.02,,17.20,12.20,504,0.00,46.6,1,0,0.00,0.00,0.00,12.00,0.00,1.00,0,0,0.00,0
2026-05-02 12:43:00,978.35,1,0,0,0,0,0,0,0.04,0,1.00,5.05,3.34,4.79,1.00,D,6.00,2.57,12.00,12.00,1.87,^,2.48,,16.20,12.10,504,0.00,46.6,1,0,0.00,0.00,0.00,2.57,0.04,1.00,0,0,0.00,0
2026-05-02 12:43:01,979.37,1,0,0,0,0,0,0,-0.37,0,1.00,5.05,3.34,4.24,1.00,D,6.00,12.00,1.21,1.74,2.02,^,-22.11,,17.50,12.10,504,0.00,45.5,1,0,0.00,0.00,0.00,12.00,-0.37,1.00,0,0,0.00,0
2026-05-02 12:43:02,980.48,1,0,0,0,0,0,0,0.42,0,0.50,5.05,3.34,4.67,0.76,D,6.00,1.36,1.56,1.96,1.24,WARN_WARNING,25.33,lidar_override,16.30,12.20,504,0.00,46.1,1,0,0.00,0.00,0.00,1.36,0.04,1.00,0,0,0.00,0
2026-05-02 12:43:03,981.48,1,0,0,0,0,0,0,-0.42,0,0.50,5.05,3.34,4.36,0.88,D,6.00,1.86,12.00,1.71,1.18,WARN_WARNING,-25.33,lidar_override,15.70,12.20,504,0.00,46.6,1,0,0.00,0.00,0.00,1.86,-0.22,1.00,0,0,0.00,0
2026-05-02 12:43:04,982.39,1,0,0,0,0,0,0,-0.05,0,1.00,5.05,3.34,4.25,1.00,D,6.00,12.00,2.76,12.00,1.47,^,-3.17,,16.90,12.20,504,0.00,47.2,1,0,0.00,0.00,0.00,12.00,-0.05,1.00,0,0,0.00,0
2026-05-02 12:43:05,983.40,1,0,0,0,0,0,0,-0.08,0,1.00,5.05,3.34,4.58,1.00,D,6.00,12.00,1.84,12.00,0.58,^,-4.77,,17.70,12.20,504,0.00,45.5,1,0,0.00,0.00,0.00,12.00,-0.08,1.00,0,0,0.00,0
2026-05-02 12:43:06,984.41,0,0,0,0,0,0,0,0.00,1,0.00,5.05,3.34,1.73,0.00,D,6.00,12.00,12.00,12.00,1.72,^,0.00,,15.50,12.20,504,0.00,46.1,1,0,0.00,0.00,0.00,12.00,0.00,0.00,0,0,0.00,0
2026-05-02 12:43:07,985.42,0,0,0,0,0,0,0,0.00,0,0.00,5.05,3.34,0.00,0.00,D,6.00,12.00,12.00,12.00,0.91,^,0.00,,13.80,12.20,504,0.50,46.6,1,0,0.00,0.00,0.00,12.00,0.00,0.00,0,0,0.00,0
2026-05-02 12:43:08,986.42,0,0,0,0,0,0,0,0.00,0,0.00,5.05,3.34,0.00,0.00,D,6.00,12.00,12.00,12.00,0.40,^,0.00,,14.50,12.30,504,1.50,47.2,1,0,0.00,0.00,0.00,12.00,0.00,0.00,0,0,0.00,0
2026-05-02 12:43:09,987.44,0,0,0,0,0,0,0,0.00,0,0.00,5.05,3.33,0.00,0.00,D,6.00,12.00,12.00,12.00,0.43,^,0.00,,12.80,12.20,504,2.51,46.1,1,0,0.00,0.00,0.00,12.00,0.00,0.00,0,0,0.00,0
2026-05-02 12:43:10,988.45,0,0,0,0,0,0,0,0.00,0,0.00,5.05,3.33,0.00,0.00,D,6.00,12.00,12.00,12.00,0.06,^,0.00,,13.90,12.40,504,3.52,46.6,1,0,0.00,0.00,0.00,12.00,0.00,0.00,0,0,0.00,0
2026-05-02 12:43:11,989.47,0,0,0,0,0,0,0,0.00,0,0.00,5.05,3.33,0.00,0.00,D,6.00,12.00,12.00,12.00,0.06,^,0.00,,13.90,12.40,504,4.54,46.6,1,0,0.00,0.00,0.00,12.00,0.00,0.00,0,0,0.00,0
2026-05-02 12:43:12,990.48,0,0,0,0,0,0,0,0.00,0,1.00,5.05,3.32,0.00,0.02,D,6.00,12.00,12.00,12.00,0.31,^,0.00,,14.00,12.40,504,5.55,46.1,1,0,0.00,0.00,0.00,12.00,0.00,0.00,0,0,0.00,0
2026-05-02 12:43:13,991.49,0,0,0,0,0,0,0,0.00,0,1.00,5.05,3.32,0.23,0.53,D,6.00,12.00,0.80,12.00,0.82,^,0.00,,16.10,12.40,504,0.00,46.6,1,0,0.00,0.00,0.00,12.00,0.00,0.00,0,0,0.00,0
2026-05-02 12:43:14,992.49,0,0,0,0,0,0,0,0.00,0,1.00,5.05,3.32,2.84,1.00,D,6.00,12.00,0.69,12.00,0.69,^,0.00,,18.20,12.50,504,0.00,46.6,1,0,0.00,0.00,0.00,12.00,0.00,0.00,0,0,0.00,0
2026-05-02 12:43:15,993.51,0,0,0,0,0,0,0,0.00,0,1.00,5.05,3.32,4.67,1.00,D,6.00,12.00,12.00,12.00,1.01,^,0.00,,16.10,12.70,504,0.00,47.2,1,0,0.00,0.00,0.00,12.00,0.00,0.00,0,0,0.00,0
