Current Time,Time Since Program Started (s),Autonomous Mode (On/Off),Cruise Control (Active/Inactive),Shift Up PRND (Event),Shift Down PRND (Event),Quit (Event),Increase CC (Event),Decrease CC (Event),Steer (Value),Brake (On/Off),Gas (Value),Maximum Speed Recall (MPH),Average Speed (MPH),Current Speed (MPH),Motor PWM Value,Gear Mode,Cruise Control Target Speed (MPH),LiDAR Front Distance (m),LiDAR Left Distance (m),LiDAR Right Distance (m),LiDAR Back Distance (m),LiDAR Determined Direction,Target Heading (deg),Stop Reason,CPU Usage (%),Memory Usage (%),Number of LiDAR Points in Scan,Time Since Last Hall Sensor Pulse (s),CPU Temp (C),AEB Enabled (On/Off),AEB Triggered (On/Off),PID Output (Cruise Control),LiDAR Best Heading (deg),LiDAR Heading Confidence,LiDAR Forward Clearance (m),Camera Steering Bias,Camera Confidence,Camera Left Edge Found,Camera Right Edge Found,Camera Corridor Width (px),Driveway Cut Suspected,Front Ultrasonic Distance (cm)
2026-03-28 17:57:02,2.18,0,0,0,0,0,0,0,0.00,1,0.00,0.00,0.00,0.00,0.00,P,0.00,12.00,12.00,1.02,0.94,^,0.00,,17.60,8.60,504,2.18,59.8,1,0,0.00,0.00,0.00,12.00,0.00,0.00,0,0,0.00,0,0.00
2026-03-28 17:57:03,3.19,0,0,0,0,0,0,0,0.00,1,0.00,0.00,0.00,0.00,0.00,P,0.00,12.00,12.00,1.02,0.94,^,0.00,,22.50,9.10,504,3.19,60.9,1,0,0.00,0.00,0.00,12.00,0.00,0.00,0,0,0.00,0,0.00
2026-03-28 17:57:04,4.19,0,0,0,0,0,0,0,0.00,1,0.00,0.00,0.00,0.00,0.00,P,0.00,12.00,12.00,1.02,0.94,^,0.00,,20.70,9.10,504,4.19,58.7,1,0,0.00,0.00,0.00,12.00,0.00,0.00,0,0,0.00,0,0.00
2026-03-28 17:57:05,5.20,0,0,0,0,0,0,0,0.00,1,0.00,0.00,0.00,0.00,0.00,P,0.00,12.00,12.00,1.02,0.94,^,0.00,,13.30,9.10,504,5.20,58.7,1,0,0.00,0.00,0.00,12.00,0.00,0.00,0,0,0.00,0,0.00
2026-03-28 17:57:06,6.21,0,0,0,0,0,0,0,0.00,1,0.00,0.00,0.00,0.00,0.00,P,0.00,12.00,12.00,1.03,0.94,^,0.00,,17.90,9.30,504,6.21,59.3,1,0,0.00,0.00,0.00,12.00,0.00,0.00,0,0,0.00,0,0.00
2026-03-28 17:57:07,7.22,0,0,0,0,0,0,0,0.00,1,0.00,0.00,0.00,0.00,0.00,P,0.00,12.00,12.00,1.02,0.94,^,0.00,,13.10,9.30,504,7.22,59.3,1,0,0.00,0.00,0.00,12.00,0.00,0.00,0,0,0.00,0,0.00
2026-03-28 17:57:08,8.23,0,0,0,0,0,0,0,0.00,1,0.00,0.00,0.00,0.00,0.00,P,0.00,12.00,12.00,1.02,0.94,^,0.00,,7.60,9.20,504,8.23,58.7,1,0,0.00,0.00,0.00,12.00,0.00,0.00,0,0,0.00,0,0.00
2026-03-28 17:57:10,9.24,0,0,0,0,0,0,0,0.00,1,0.00,0.00,0.00,0.00,0.00,P,0.00,12.00,12.00,1.02,0.94,^,0.00,,5.60,9.10,504,9.24,59.8,1,0,0.00,0.00,0.00,12.00,0.00,0.00,0,0,0.00,0,0.00
2026-03-28 17:57:11,10.26,0,0,0,0,0,0,0,0.00,1,0.00,0.00,0.00,0.00,0.00,P,0.00,12.00,12.00,1.02,0.94,^,0.00,,6.60,9.00,504,10.26,59.8,1,0,0.00,0.00,0.00,12.00,0.00,0.00,0,0,0.00,0,0.00
2026-03-28 17:57:12,11.27,0,0,0,0,0,0,0,0.00,1,0.00,0.00,0.00,0.00,0.00,P,0.00,12.00,12.00,1.02,0.94,^,0.00,,7.00,9.00,504,11.27,58.2,1,0,0.00,0.00,0.00,12.00,0.00,0.00,0,0,0.00,0,0.00
2026-03-28 17:57:13,12.28,0,0,0,0,0,0,0,0.00,1,0.00,0.00,0.00,0.00,0.00,P,0.00,12.00,12.00,1.02,0.94,^,0.00,,6.60,8.90,504,12.28,59.3,1,0,0.00,0.00,0.00,12.00,0.00,0.00,0,0,0.00,0,0.00
2026-03-28 17:57:14,13.29,0,0,0,0,0,0,0,0.00,1,0.00,0.00,0.00,0.00,0.00,P,0.00,12.00,12.00,1.02,0.94,^,0.00,,7.90,8.80,504,13.29,58.2,1,0,0.00,0.00,0.00,12.00,0.00,0.00,0,0,0.00,0,0.00
2026-03-28 17:57:15,14.30,0,0,0,0,0,0,0,0.00,1,0.00,0.00,0.00,0.00,0.00,P,0.00,12.00,12.00,1.02,0.94,^,0.00,,7.30,8.80,504,14.30,59.3,1,0,0.00,0.00,0.00,12.00,0.00,0.00,0,0,0.00,0,0.00
2026-03-28 17:57:16,15.31,0,0,0,0,0,0,0,0.00,1,0.00,0.00,0.00,0.00,0.00,P,0.00,12.00,12.00,1.02,0.94,^,0.00,,8.30,8.70,504,15.31,59.8,1,0,0.00,0.00,0.00,12.00,0.00,0.00,0,0,0.00,0,0.00
2026-03-28 17:57:17,16.32,0,0,0,0,0,0,0,0.00,1,0.00,0.00,0.00,0.00,0.00,P,0.00,12.00,12.00,1.03,0.94,^,0.00,,8.30,8.70,504,16.32,58.7,1,0,0.00,0.00,0.00,12.00,0.00,0.00,0,0,0.00,0,0.00
2026-03-28 17:57:18,17.33,0,0,0,0,0,0,0,0.00,1,0.00,0.00,0.00,0.00,0.00,P,0.00,12.00,12.00,1.02,0.94,^,0.00,,6.60,8.60,504,17.33,59.3,1,0,0.00,0.00,0.00,12.00,0.00,0.00,0,0,0.00,0,0.00
2026-03-28 17:57:19,18.34,0,0,0,0,0,0,0,0.00,1,0.00,0.00,0.00,0.00,0.00,P,0.00,12.00,12.00,1.02,0.94,^,0.00,,7.30,8.60,504,18.35,58.2,1,0,0.00,0.00,0.00,12.00,0.00,0.00,0,0,0.00,0,0.00
2026-03-28 17:57:20,19.36,0,0,0,0,0,0,0,0.00,1,0.00,0.00,0.00,0.00,0.00,P,0.00,12.00,12.00,1.02,0.94,^,0.00,,6.70,8.60,504,19.36,59.3,1,0,0.00,0.00,0.00,12.00,0.00,0.00,0,0,0.00,0,0.00
2026-03-28 17:57:21,20.37,0,0,0,0,0,0,0,0.00,1,0.00,0.00,0.00,0.00,0.00,P,0.00,12.00,12.00,1.02,0.94,^,0.00,,6.50,8.60,504,20.37,58.7,1,0,0.00,0.00,0.00,12.00,0.00,0.00,0,0,0.00,0,0.00
2026-03-28 17:57:22,21.39,0,0,0,0,0,0,0,0.00,1,0.00,0.00,0.00,0.00,0.00,P,0.00,12.00,12.00,1.02,0.94,^,0.00,,7.50,8.60,504,21.39,57.1,1,0,0.00,0.00,0.00,12.00,0.00,0.00,0,0,0.00,0,0.00
2026-03-28 17:57:23,22.40,0,0,0,0,0,0,0,0.00,1,0.00,0.00,0.00,0.00,0.00,P,0.00,12.00,12.00,1.02,0.94,^,0.00,,7.30,8.60,504,22.40,59.3,1,0,0.00,0.00,0.00,12.00,0.00,0.00,0,0,0.00,0,0.00
2026-03-28 17:57:24,23.41,0,0,0,0,0,0,0,0.00,1,0.00,0.00,0.00,0.00,0.00,P,0.00,12.00,12.00,1.02,0.94,^,0.00,,5.50,8.50,504,23.41,57.6,1,0,0.00,0.00,0.00,12.00,0.00,0.00,0,0,0.00,0,0.00
2026-03-28 17:57:25,24.42,0,0,0,0,0,0,0,0.00,1,0.00,0.00,0.00,0.00,0.00,P,0.00,12.00,12.00,1.02,0.94,^,0.00,,4.70,8.60,504,24.42,58.2,1,0,0.00,0.00,0.00,12.00,0.00,0.00,0,0,0.00,0,0.00
2026-03-28 17:57:26,25.43,0,0,0,0,0,0,0,0.00,1,0.00,0.00,0.00,0.00,0.00,P,0.00,12.00,12.00,1.02,0.94,^,0.00,,4.70,8.60,504,25.43,58.2,1,0,0.00,0.00,0.00,12.00,0.00,0.00,0,0,0.00,0,0.00
2026-03-28 17:57:27,26.45,0,0,0,0,0,0,0,0.00,1,0.00,0.00,0.00,0.00,0.00,P,0.00,12.00,12.00,1.02,0.94,^,0.00,,3.70,8.60,504,26.45,58.2,1,0,0.00,0.00,0.00,12.00,0.00,0.00,0,0,0.00,0,0.00
2026-03-28 17:57:28,27.46,0,0,0,0,0,0,0,0.00,1,0.00,0.00,0.00,0.00,0.00,P,0.00,12.00,12.00,1.02,0.94,^,0.00,,4.50,8.60,504,27.46,57.6,1,0,0.00,0.00,0.00,12.00,0.00,0.00,0,0,0.00,0,0.00
2026-03-28 17:57:29,28.47,0,0,0,0,0,0,0,0.00,1,0.00,0.00,0.00,0.00,0.00,P,0.00,12.00,12.00,1.02,0.94,^,0.00,,4.50,8.60,504,28.47,58.2,1,0,0.00,0.00,0.00,12.00,0.00,0.00,0,0,0.00,0,0.00
2026-03-28 17:57:30,29.48,0,0,0,0,0,0,0,0.00,1,0.00,0.00,0.00,0.00,0.00,P,0.00,12.00,12.00,1.02,0.94,^,0.00,,5.00,8.60,504,29.48,58.7,1,0,0.00,0.00,0.00,12.00,0.00,0.00,0,0,0.00,0,0.00
2026-03-28 17:57:31,30.49,0,0,0,0,0,0,0,0.00,1,0.00,0.00,0.00,0.00,0.00,P,0.00,12.00,12.00,1.02,0.94,^,0.00,,5.00,8.50,504,30.49,58.2,1,0,0.00,0.00,0.00,12.00,0.00,0.00,0,0,0.00,0,0.00
2026-03-28 17:57:32,31.51,0,0,0,0,0,0,0,0.00,1,0.00,0.00,0.00,0.00,0.00,P,0.00,12.00,12.00,1.02,0.71,^,0.00,,4.50,8.50,504,31.51,56.5,1,0,0.00,0.00,0.00,12.00,0.00,0.00,0,0,0.00,0,0.00
2026-03-28 17:57:33,32.52,0,0,0,0,0,0,0,0.00,1,0.00,0.00,0.00,0.00,0.00,P,0.00,12.00,12.00,1.02,0.60,^,0.00,,4.50,8.50,504,32.52,58.2,1,0,0.00,0.00,0.00,12.00,0.00,0.00,0,0,0.00,0,0.00
2026-03-28 17:57:34,33.53,0,0,0,0,0,0,0,0.00,1,0.00,0.00,0.00,0.00,0.00,P,0.00,12.00,12.00,1.02,0.46,^,0.00,,4.50,8.50,504,33.53,57.6,1,0,0.00,0.00,0.00,12.00,0.00,0.00,0,0,0.00,0,0.00
2026-03-28 17:57:35,34.55,0,0,0,0,0,0,0,0.00,1,0.00,0.00,0.00,0.00,0.00,P,0.00,12.00,12.00,1.02,0.44,^,0.00,,6.00,8.60,504,34.55,59.8,1,0,0.00,0.00,0.00,12.00,0.00,0.00,0,0,0.00,0,0.00
2026-03-28 17:57:36,35.55,0,0,0,0,0,0,0,0.00,1,0.00,0.00,0.00,0.00,0.00,P,0.00,12.00,12.00,1.01,0.32,^,0.00,,8.00,8.50,504,35.55,58.7,1,0,0.00,0.00,0.00,12.00,0.00,0.00,0,0,0.00,0,0.00
2026-03-28 17:57:37,36.55,0,0,1,0,0,0,0,0.00,0,0.00,0.00,0.00,0.00,0.00,N,0.00,12.00,12.00,1.02,0.50,^,0.00,,16.30,8.60,504,36.55,59.8,1,0,0.00,0.00,0.00,12.00,0.00,0.00,0,0,0.00,0,0.00
2026-03-28 17:57:38,37.57,0,0,1,0,0,0,0,0.00,0,1.00,0.06,0.00,0.06,0.35,D,0.00,12.00,12.00,1.02,0.50,^,0.00,,11.70,8.60,504,0.00,59.3,1,0,0.00,0.00,0.00,12.00,0.00,0.00,0,0,0.00,0,0.00
2026-03-28 17:57:39,38.58,0,0,0,0,0,0,0,0.00,0,0.00,1.23,0.02,1.23,0.40,D,0.00,12.00,12.00,1.50,0.83,^,0.00,,10.30,8.60,504,0.00,59.8,1,0,0.00,0.00,0.00,12.00,0.00,0.00,0,0,0.00,0,0.00
2026-03-28 17:57:40,39.59,0,0,0,0,0,0,0,0.00,0,0.00,1.26,0.04,0.37,0.00,D,0.00,12.00,3.01,2.02,0.87,^,0.00,,6.20,8.60,504,0.00,59.8,1,0,0.00,0.00,0.00,12.00,0.00,0.00,0,0,0.00,0,0.00
2026-03-28 17:57:41,40.60,0,0,0,0,0,0,0,0.00,0,0.00,1.26,0.04,0.00,0.00,D,0.00,12.00,3.01,2.03,0.84,^,0.00,,5.10,8.60,504,0.80,60.4,1,0,0.00,0.00,0.00,12.00,0.00,0.00,0,0,0.00,0,0.00
2026-03-28 17:57:42,41.62,0,0,0,0,0,0,0,0.90,0,1.00,1.26,0.04,0.00,0.17,D,0.00,12.00,3.01,2.03,0.83,^,0.00,,9.50,8.60,504,1.81,58.7,1,0,0.00,0.00,0.00,12.00,0.00,0.00,0,0,0.00,0,0.00
2026-03-28 17:57:43,42.72,0,0,0,0,0,0,0,0.46,0,1.00,1.26,0.04,0.50,0.67,D,0.00,12.00,3.01,1.86,0.69,^,0.00,,22.20,8.60,504,0.00,60.9,1,0,0.00,0.00,0.00,12.00,0.00,0.00,0,0,0.00,0,0.00
2026-03-28 17:57:44,43.63,0,0,0,0,0,0,0,0.97,0,0.00,2.35,0.07,2.34,0.96,D,0.00,12.00,5.97,2.43,1.33,^,0.00,,18.20,8.60,504,0.00,59.3,1,0,0.00,0.00,0.00,12.00,0.00,0.00,0,0,0.00,0,0.00
2026-03-28 17:57:45,44.74,0,0,0,0,0,0,0,1.00,0,1.00,2.39,0.12,2.07,0.60,D,0.00,12.00,2.75,1.61,2.05,^,0.00,,23.60,8.60,504,0.00,60.9,1,0,0.00,0.00,0.00,12.00,0.00,0.00,0,0,0.00,0,0.00
2026-03-28 17:57:46,45.64,0,0,0,0,0,0,0,0.00,0,0.00,2.39,0.16,1.44,0.57,D,0.00,12.00,3.23,2.36,1.91,^,0.00,,19.40,8.60,504,0.00,61.5,1,0,0.00,0.00,0.00,12.00,0.00,0.00,0,0,0.00,0,0.00
2026-03-28 17:57:47,46.66,0,0,0,0,0,0,0,0.00,0,1.00,2.39,0.19,1.49,0.73,D,0.00,12.00,2.94,2.22,1.47,^,0.00,,19.10,8.60,504,0.00,61.5,1,0,0.00,0.00,0.00,12.00,0.00,0.00,0,0,0.00,0,0.00
2026-03-28 17:57:48,47.67,0,0,0,0,0,0,0,0.00,0,0.00,2.54,0.23,2.48,0.82,D,0.00,12.00,2.72,2.02,1.16,^,0.00,,17.70,8.60,504,0.00,61.5,1,0,0.00,0.00,0.00,12.00,0.00,0.00,0,0,0.00,0,0.00
2026-03-28 17:57:49,48.67,0,0,0,0,0,0,0,0.00,0,0.00,2.54,0.27,2.19,0.73,D,0.00,12.00,12.00,1.67,0.95,^,0.00,,23.80,8.60,504,0.00,60.4,1,0,0.00,0.00,0.00,12.00,0.00,0.00,0,0,0.00,0,0.00
2026-03-28 17:57:50,49.69,0,0,0,0,0,0,0,0.11,0,0.00,2.54,0.31,1.76,0.12,D,0.00,12.00,12.00,2.00,1.04,^,0.00,,16.30,8.60,504,0.00,60.9,1,0,0.00,0.00,0.00,12.00,0.00,0.00,0,0,0.00,0,0.00
2026-03-28 17:57:51,50.70,0,0,0,0,0,0,0,0.00,0,0.00,2.54,0.32,0.63,0.00,D,0.00,12.00,3.85,1.99,1.10,^,0.00,,19.00,8.60,504,0.00,59.8,1,0,0.00,0.00,0.00,12.00,0.00,0.00,0,0,0.00,0,0.00
2026-03-28 17:57:52,51.71,0,0,0,0,0,0,0,0.80,0,1.00,2.54,0.32,0.02,0.26,D,0.00,12.00,3.81,2.13,1.07,^,0.00,,20.30,8.50,504,0.09,61.5,1,0,0.00,0.00,0.00,12.00,0.00,0.00,0,0,0.00,0,0.00
2026-03-28 17:57:53,52.73,0,0,0,0,0,0,0,0.00,0,1.00,2.54,0.32,1.00,0.76,D,0.00,12.00,3.79,2.04,0.92,^,0.00,,18.40,8.50,504,0.00,62.0,1,0,0.00,0.00,0.00,12.00,0.00,0.00,0,0,0.00,0,0.00
2026-03-28 17:57:54,53.74,0,0,0,0,0,0,0,0.00,0,1.00,2.79,0.35,2.79,1.00,D,0.00,12.00,3.71,12.00,0.80,^,0.00,,11.30,8.50,504,0.00,62.0,1,0,0.00,0.00,0.00,12.00,0.00,0.00,0,0,0.00,0,0.00
2026-03-28 17:57:55,54.75,0,0,0,0,0,0,0,0.66,0,1.00,3.10,0.40,3.10,1.00,D,0.00,12.00,12.00,12.00,0.96,^,0.00,,16.30,8.50,504,0.00,63.1,1,0,0.00,0.00,0.00,12.00,0.00,0.00,0,0,0.00,0,0.00
2026-03-28 17:57:56,55.77,0,0,0,0,0,0,0,0.27,0,1.00,3.11,0.45,2.97,1.00,D,0.00,12.00,2.87,12.00,1.46,^,0.00,,22.30,8.60,504,0.00,60.9,1,0,0.00,0.00,0.00,12.00,0.00,0.00,0,0,0.00,0,0.00
2026-03-28 17:57:57,56.77,0,0,0,0,0,0,0,0.15,0,1.00,3.25,0.49,3.24,1.00,D,0.00,12.00,12.00,12.00,1.43,^,0.00,,19.10,8.60,504,0.00,62.0,1,0,0.00,0.00,0.00,12.00,0.00,0.00,0,0,0.00,0,0.00
2026-03-28 17:57:58,57.77,0,0,0,0,0,0,0,0.32,0,1.00,3.31,0.54,3.19,1.00,D,0.00,12.00,12.00,12.00,1.42,^,0.00,,23.40,8.50,504,0.00,62.6,1,0,0.00,0.00,0.00,12.00,0.00,0.00,0,0,0.00,0,0.00
2026-03-28 17:57:59,58.78,0,0,0,0,0,0,0,0.00,0,1.00,3.31,0.59,3.29,1.00,D,0.00,12.00,12.00,12.00,1.43,^,0.00,,17.20,8.50,504,0.00,61.5,1,0,0.00,0.00,0.00,12.00,0.00,0.00,0,0,0.00,0,0.00
2026-03-28 17:58:00,59.78,0,0,0,0,0,0,0,0.00,0,1.00,3.31,0.63,3.15,1.00,D,0.00,12.00,12.00,12.00,1.49,^,0.00,,19.70,8.50,504,0.00,62.0,1,0,0.00,0.00,0.00,12.00,0.00,0.00,0,0,0.00,0,0.00
2026-03-28 17:58:01,60.79,0,0,0,0,0,0,0,0.00,0,1.00,3.31,0.67,2.79,1.00,D,0.00,12.00,12.00,12.00,1.32,^,0.00,,17.80,8.50,504,0.00,60.9,1,0,0.00,0.00,0.00,12.00,0.00,0.00,0,0,0.00,0,0.00
2026-03-28 17:58:02,61.80,0,0,0,0,0,0,0,0.20,0,1.00,3.31,0.71,2.73,1.00,D,0.00,12.00,12.00,9.33,1.16,^,0.00,,20.40,8.50,504,0.00,61.5,1,0,0.00,0.00,0.00,12.00,0.00,0.00,0,0,0.00,0,0.00
2026-03-28 17:58:03,62.80,0,0,0,0,0,0,0,0.00,0,1.00,3.31,0.74,2.26,1.00,D,0.00,2.93,1.85,12.00,1.39,^,0.00,,22.60,8.50,504,0.00,62.0,1,0,0.00,0.00,0.00,2.93,0.00,0.00,0,0,0.00,0,0.00
2026-03-28 17:58:04,63.81,0,0,0,0,0,0,0,0.00,0,0.00,3.31,0.76,2.66,0.89,D,0.00,1.76,1.48,12.00,1.39,^,0.00,,18.90,8.50,504,0.00,60.9,1,0,0.00,0.00,0.00,1.76,0.00,0.00,0,0,0.00,0,0.00
2026-03-28 17:58:05,64.83,0,0,0,0,0,0,0,0.00,0,1.00,3.31,0.79,2.52,1.00,D,0.00,12.00,1.51,0.79,1.51,^,0.00,,20.20,8.50,504,0.00,61.5,1,0,0.00,0.00,0.00,12.00,0.00,0.00,0,0,0.00,0,0.00
2026-03-28 17:58:06,65.84,0,0,0,0,0,0,0,1.00,0,1.00,3.31,0.82,2.50,1.00,D,0.00,2.45,12.00,12.00,0.71,^,0.00,,21.00,8.50,504,0.00,62.6,1,0,0.00,0.00,0.00,2.45,0.00,0.00,0,0,0.00,0,0.00
2026-03-28 17:58:07,66.85,0,0,0,0,0,0,0,0.00,0,1.00,3.31,0.85,2.83,1.00,D,0.00,1.30,12.00,12.00,1.53,^,0.00,,18.40,8.50,504,0.00,61.5,1,0,0.00,0.00,0.00,1.30,0.00,0.00,0,0,0.00,0,0.00
2026-03-28 17:58:08,67.86,0,0,0,0,0,0,0,0.00,0,0.76,3.31,0.87,2.34,0.95,D,0.00,12.00,12.00,0.76,1.47,^,0.00,,18.50,8.50,504,0.00,62.6,1,0,0.00,0.00,0.00,12.00,0.00,0.00,0,0,0.00,0,0.00
2026-03-28 17:58:09,68.87,0,0,0,0,0,0,0,1.00,0,1.00,3.31,0.90,2.88,1.00,D,0.00,12.00,12.00,12.00,0.93,^,0.00,,22.90,8.50,504,0.00,62.0,1,0,0.00,0.00,0.00,12.00,0.00,0.00,0,0,0.00,0,0.00
2026-03-28 17:58:10,69.87,0,0,0,0,0,0,0,0.00,0,1.00,3.31,0.92,2.67,1.00,D,0.00,12.00,12.00,12.00,1.61,^,0.00,,18.00,8.60,504,0.00,61.5,1,0,0.00,0.00,0.00,12.00,0.00,0.00,0,0,0.00,0,0.00
2026-03-28 17:58:11,70.89,0,0,0,0,0,0,0,0.00,0,1.00,3.31,0.95,2.73,1.00,D,0.00,12.00,12.00,12.00,1.30,^,0.00,,14.50,8.60,504,0.00,62.0,1,0,0.00,0.00,0.00,12.00,0.00,0.00,0,0,0.00,0,0.00
2026-03-28 17:58:12,71.90,0,0,0,0,0,0,0,0.00,0,1.00,3.31,0.97,2.67,1.00,D,0.00,12.00,2.39,12.00,1.02,^,0.00,,18.70,8.60,504,0.00,63.1,1,0,0.00,0.00,0.00,12.00,0.00,0.00,0,0,0.00,0,0.00
2026-03-28 17:58:13,72.92,0,0,0,0,0,0,0,0.44,0,1.00,3.31,0.99,2.71,1.00,D,0.00,12.00,12.00,12.00,1.04,^,0.00,,21.20,8.60,504,0.00,62.0,1,0,0.00,0.00,0.00,12.00,0.00,0.00,0,0,0.00,0,0.00
2026-03-28 17:58:14,73.92,0,0,0,0,0,0,0,0.00,0,1.00,3.31,1.02,2.63,1.00,D,0.00,12.00,12.00,12.00,1.11,^,0.00,,18.80,8.60,504,0.00,62.0,1,0,0.00,0.00,0.00,12.00,0.00,0.00,0,0,0.00,0,0.00
2026-03-28 17:58:15,74.93,0,0,0,0,0,0,0,0.98,0,1.00,3.31,1.04,2.60,1.00,D,0.00,12.00,12.00,12.00,0.89,^,0.00,,19.40,8.60,504,0.00,62.6,1,0,0.00,0.00,0.00,12.00,0.00,0.00,0,0,0.00,0,0.00
2026-03-28 17:58:16,75.95,0,0,0,0,0,0,0,0.00,0,1.00,3.31,1.06,2.59,1.00,D,0.00,12.00,12.00,12.00,0.84,^,0.00,,22.20,8.60,504,0.00,60.9,1,0,0.00,0.00,0.00,12.00,0.00,0.00,0,0,0.00,0,0.00
2026-03-28 17:58:17,76.96,0,0,0,0,0,0,0,0.95,0,1.00,3.31,1.08,2.69,1.00,D,0.00,12.00,12.00,12.00,1.11,^,0.00,,11.40,8.60,504,0.00,62.0,1,0,0.00,0.00,0.00,12.00,0.00,0.00,0,0,0.00,0,0.00
2026-03-28 17:58:18,77.98,0,0,0,0,0,0,0,0.00,0,1.00,3.31,1.10,2.61,1.00,D,0.00,12.00,2.07,12.00,0.90,^,0.00,,15.50,8.50,504,0.00,63.1,1,0,0.00,0.00,0.00,12.00,0.00,0.00,0,0,0.00,0,0.00
2026-03-28 17:58:19,78.99,0,0,0,0,0,0,0,0.00,0,1.00,3.31,1.12,2.67,1.00,D,0.00,2.25,1.59,12.00,0.97,^,0.00,,14.40,8.60,504,0.00,62.0,1,0,0.00,0.00,0.00,2.25,0.00,0.00,0,0,0.00,0,0.00
2026-03-28 17:58:20,79.99,0,0,0,0,0,0,0,0.00,0,1.00,3.31,1.14,2.62,1.00,D,0.00,12.00,1.10,12.00,1.19,^,0.00,,19.10,8.60,504,0.00,62.6,1,0,0.00,0.00,0.00,12.00,0.00,0.00,0,0,0.00,0,0.00
2026-03-28 17:58:21,81.00,0,0,0,0,0,0,0,0.00,0,1.00,3.31,1.16,2.66,1.00,D,0.00,12.00,1.11,12.00,1.05,^,0.00,,13.40,8.60,504,0.00,59.8,1,0,0.00,0.00,0.00,12.00,0.00,0.00,0,0,0.00,0,0.00
2026-03-28 17:58:22,82.00,0,0,0,0,0,0,0,0.00,0,1.00,3.31,1.18,2.68,1.00,D,0.00,12.00,1.04,12.00,1.04,^,0.00,,25.70,8.50,504,0.00,62.6,1,0,0.00,0.00,0.00,12.00,0.00,0.00,0,0,0.00,0,0.00
2026-03-28 17:58:23,83.02,0,0,0,0,0,0,0,0.00,0,1.00,3.31,1.19,2.67,1.00,D,0.00,12.00,1.32,12.00,1.04,^,0.00,,16.90,8.60,504,0.00,61.5,1,0,0.00,0.00,0.00,12.00,0.00,0.00,0,0,0.00,0,0.00
2026-03-28 17:58:24,84.03,0,0,0,0,0,0,0,0.00,0,1.00,3.31,1.21,2.52,1.00,D,0.00,12.00,1.47,12.00,1.06,^,0.00,,12.00,8.60,504,0.00,61.5,1,0,0.00,0.00,0.00,12.00,0.00,0.00,0,0,0.00,0,0.00
2026-03-28 17:58:25,85.04,0,0,0,0,0,0,0,0.96,0,1.00,3.31,1.23,2.69,1.00,D,0.00,12.00,12.00,12.00,1.32,^,0.00,,9.00,8.60,504,0.00,61.5,1,0,0.00,0.00,0.00,12.00,0.00,0.00,0,0,0.00,0,0.00
2026-03-28 17:58:26,86.06,0,0,0,0,0,0,0,0.00,0,1.00,3.31,1.24,2.72,1.00,D,0.00,12.00,2.95,12.00,1.12,^,0.00,,18.00,8.60,504,0.00,60.4,1,0,0.00,0.00,0.00,12.00,0.00,0.00,0,0,0.00,0,0.00
2026-03-28 17:58:27,87.13,0,0,0,0,0,0,0,0.00,0,1.00,3.31,1.26,2.68,1.00,D,0.00,12.00,2.46,12.00,1.15,^,0.00,,12.80,8.50,504,0.00,60.4,1,0,0.00,0.00,0.00,12.00,0.00,0.00,0,0,0.00,0,0.00
2026-03-28 17:58:28,88.09,0,0,0,0,0,0,0,0.00,0,1.00,3.31,1.28,2.54,1.00,D,0.00,12.00,1.91,12.00,1.30,^,0.00,,16.10,8.60,504,0.00,61.5,1,0,0.00,0.00,0.00,12.00,0.00,0.00,0,0,0.00,0,0.00
2026-03-28 17:58:29,89.08,0,0,0,0,0,0,0,0.00,0,1.00,3.31,1.29,2.64,1.00,D,0.00,12.00,2.06,12.00,1.04,^,0.00,,16.90,8.50,504,0.00,61.5,1,0,0.00,0.00,0.00,12.00,0.00,0.00,0,0,0.00,0,0.00
2026-03-28 17:58:30,90.09,0,0,0,0,0,0,0,1.00,0,1.00,3.31,1.31,2.59,1.00,D,0.00,12.00,1.79,12.00,0.84,^,0.00,,14.30,8.50,504,0.00,60.9,1,0,0.00,0.00,0.00,12.00,0.00,0.00,0,0,0.00,0,0.00
2026-03-28 17:58:31,91.10,0,0,0,0,0,0,0,0.00,0,1.00,3.31,1.32,2.44,1.00,D,0.00,12.00,0.95,12.00,1.01,^,0.00,,12.00,8.60,504,0.00,61.5,1,0,0.00,0.00,0.00,12.00,0.00,0.00,0,0,0.00,0,0.00
2026-03-28 17:58:32,92.12,0,0,0,0,0,0,0,0.00,0,1.00,3.31,1.33,2.63,1.00,D,0.00,12.00,0.94,12.00,0.83,^,0.00,,12.80,8.60,504,0.00,62.0,1,0,0.00,0.00,0.00,12.00,0.00,0.00,0,0,0.00,0,0.00
2026-03-28 17:58:33,93.13,0,0,0,0,0,0,0,0.51,0,1.00,3.31,1.35,2.63,1.00,D,0.00,12.00,0.96,12.00,0.67,^,0.00,,13.20,8.60,504,0.00,62.0,1,0,0.00,0.00,0.00,12.00,0.00,0.00,0,0,0.00,0,0.00
2026-03-28 17:58:34,94.14,0,0,0,0,0,0,0,-0.21,0,1.00,3.31,1.36,2.69,1.00,D,0.00,12.00,1.50,12.00,1.00,^,0.00,,12.70,8.60,504,0.00,61.5,1,0,0.00,0.00,0.00,12.00,0.00,0.00,0,0,0.00,0,0.00
2026-03-28 17:58:35,95.16,0,0,0,0,0,0,0,0.70,0,1.00,3.31,1.38,2.72,1.00,D,0.00,12.00,12.00,12.00,0.80,^,0.00,,15.60,8.60,504,0.00,60.9,1,0,0.00,0.00,0.00,12.00,0.00,0.00,0,0,0.00,0,0.00
2026-03-28 17:58:36,96.16,0,0,0,0,0,0,0,0.00,0,1.00,3.31,1.39,2.67,1.00,D,0.00,12.00,1.88,12.00,0.66,^,0.00,,17.00,8.60,504,0.00,62.0,1,0,0.00,0.00,0.00,12.00,0.00,0.00,0,0,0.00,0,0.00
2026-03-28 17:58:37,97.17,0,0,0,0,0,0,0,0.00,0,1.00,3.31,1.40,2.77,1.00,D,0.00,12.00,12.00,12.00,1.04,^,0.00,,11.60,8.60,504,0.00,61.5,1,0,0.00,0.00,0.00,12.00,0.00,0.00,0,0,0.00,0,0.00
2026-03-28 17:58:38,98.18,0,0,0,0,0,0,0,0.00,0,1.00,3.31,1.42,2.52,1.00,D,0.00,12.00,12.00,12.00,0.81,^,0.00,,16.30,8.60,504,0.00,62.0,1,0,0.00,0.00,0.00,12.00,0.00,0.00,0,0,0.00,0,0.00
2026-03-28 17:58:39,99.19,0,0,0,0,0,0,0,0.00,0,1.00,3.31,1.43,2.64,1.00,D,0.00,12.00,2.44,12.00,0.97,^,0.00,,16.20,8.60,504,0.00,62.0,1,0,0.00,0.00,0.00,12.00,0.00,0.00,0,0,0.00,0,0.00
2026-03-28 17:58:40,100.20,0,0,0,0,0,0,0,0.00,0,1.00,3.31,1.44,2.53,1.00,D,0.00,12.00,2.16,12.00,0.86,^,0.00,,17.30,8.60,504,0.00,62.6,1,0,0.00,0.00,0.00,12.00,0.00,0.00,0,0,0.00,0,0.00
2026-03-28 17:58:41,101.22,0,0,0,0,0,0,0,0.58,0,1.00,3.31,1.45,2.72,1.00,D,0.00,12.00,12.00,12.00,0.70,^,0.00,,16.80,8.60,504,0.00,60.9,1,0,0.00,0.00,0.00,12.00,0.00,0.00,0,0,0.00,0,0.00
2026-03-28 17:58:43,102.23,0,0,0,0,0,0,0,1.00,0,1.00,3.31,1.47,2.64,1.00,D,0.00,12.00,12.00,12.00,1.05,^,0.00,,13.70,8.60,504,0.00,62.6,1,0,0.00,0.00,0.00,12.00,0.00,0.00,0,0,0.00,0,0.00
2026-03-28 17:58:44,103.24,0,0,0,0,0,0,0,0.79,0,1.00,3.31,1.48,2.61,1.00,D,0.00,12.00,12.00,12.00,0.80,^,0.00,,13.30,8.60,504,0.00,63.1,1,0,0.00,0.00,0.00,12.00,0.00,0.00,0,0,0.00,0,0.00
2026-03-28 17:58:45,104.26,0,0,0,0,0,0,0,1.00,0,1.00,3.31,1.49,2.69,1.00,D,0.00,12.00,12.00,12.00,0.99,^,0.00,,16.60,8.60,504,0.00,60.9,1,0,0.00,0.00,0.00,12.00,0.00,0.00,0,0,0.00,0,0.00
2026-03-28 17:58:46,105.27,0,0,0,0,0,0,0,0.00,0,1.00,3.31,1.50,2.65,1.00,D,0.00,12.00,12.00,12.00,0.89,^,0.00,,16.70,8.60,504,0.00,63.1,1,0,0.00,0.00,0.00,12.00,0.00,0.00,0,0,0.00,0,0.00
2026-03-28 17:58:47,106.29,0,0,0,0,0,0,0,-0.70,0,1.00,3.31,1.51,2.58,1.00,D,0.00,12.00,12.00,12.00,0.75,^,0.00,,18.30,8.60,504,0.00,63.1,1,0,0.00,0.00,0.00,12.00,0.00,0.00,0,0,0.00,0,0.00
2026-03-28 17:58:48,107.28,0,0,0,0,0,0,0,0.72,0,1.00,3.31,1.52,2.60,1.00,D,0.00,12.00,12.00,12.00,1.07,^,0.00,,16.00,8.60,504,0.00,63.1,1,0,0.00,0.00,0.00,12.00,0.00,0.00,0,0,0.00,0,0.00
2026-03-28 17:58:49,108.29,0,0,0,0,0,0,0,0.00,0,1.00,3.31,1.53,2.69,1.00,D,0.00,12.00,1.95,12.00,0.81,^,0.00,,9.30,8.60,504,0.00,62.6,1,0,0.00,0.00,0.00,12.00,0.00,0.00,0,0,0.00,0,0.00
2026-03-28 17:58:50,109.30,0,0,0,0,0,0,0,0.00,0,1.00,3.31,1.54,2.64,1.00,D,0.00,12.00,1.18,12.00,0.77,^,0.00,,13.50,8.60,504,0.00,62.6,1,0,0.00,0.00,0.00,12.00,0.00,0.00,0,0,0.00,0,0.00
2026-03-28 17:58:51,110.31,0,0,0,0,0,0,0,0.31,0,1.00,3.31,1.55,2.71,1.00,D,0.00,12.00,1.05,12.00,0.98,^,0.00,,14.00,8.60,504,0.00,61.5,1,0,0.00,0.00,0.00,12.00,0.00,0.00,0,0,0.00,0,0.00
2026-03-28 17:58:52,111.32,0,0,0,0,0,0,0,0.00,0,1.00,3.31,1.56,2.79,1.00,D,0.00,12.00,12.00,12.00,0.82,^,0.00,,19.30,8.60,504,0.00,62.6,1,0,0.00,0.00,0.00,12.00,0.00,0.00,0,0,0.00,0,0.00
2026-03-28 17:58:53,112.34,0,0,0,0,0,0,0,0.99,0,1.00,3.31,1.57,2.54,1.00,D,0.00,12.00,1.40,12.00,1.07,^,0.00,,20.00,8.60,504,0.00,62.0,1,0,0.00,0.00,0.00,12.00,0.00,0.00,0,0,0.00,0,0.00
2026-03-28 17:58:54,113.35,0,0,0,0,0,0,0,0.00,0,1.00,3.31,1.58,2.66,1.00,D,0.00,12.00,1.79,12.00,0.88,^,0.00,,14.70,8.60,504,0.00,61.5,1,0,0.00,0.00,0.00,12.00,0.00,0.00,0,0,0.00,0,0.00
2026-03-28 17:58:55,114.35,0,0,0,0,0,0,0,0.00,0,1.00,3.31,1.59,2.55,1.00,D,0.00,12.00,1.46,12.00,0.74,^,0.00,,16.20,8.60,504,0.00,61.5,1,0,0.00,0.00,0.00,12.00,0.00,0.00,0,0,0.00,0,0.00
2026-03-28 17:58:56,115.37,0,0,0,0,0,0,0,0.00,0,1.00,3.31,1.60,2.68,1.00,D,0.00,12.00,1.74,12.00,1.01,^,0.00,,12.10,8.60,504,0.00,63.1,1,0,0.00,0.00,0.00,12.00,0.00,0.00,0,0,0.00,0,0.00
2026-03-28 17:58:57,116.38,0,0,0,0,0,0,0,0.00,0,1.00,3.31,1.61,2.60,1.00,D,0.00,12.00,1.35,12.00,0.85,^,0.00,,12.80,8.60,504,0.00,62.0,1,0,0.00,0.00,0.00,12.00,0.00,0.00,0,0,0.00,0,0.00
2026-03-28 17:58:58,117.39,0,0,0,0,0,0,0,1.00,0,1.00,3.31,1.62,2.70,1.00,D,0.00,1.97,1.03,12.00,0.69,^,0.00,,15.30,8.60,504,0.00,62.6,1,0,0.00,0.00,0.00,1.97,0.00,0.00,0,0,0.00,0,0.00
2026-03-28 17:58:59,118.40,0,0,0,0,0,0,0,0.00,0,1.00,3.31,1.63,2.65,1.00,D,0.00,12.00,0.85,12.00,0.85,^,0.00,,19.00,8.60,504,0.00,61.5,1,0,0.00,0.00,0.00,12.00,0.00,0.00,0,0,0.00,0,0.00
2026-03-28 17:59:00,119.40,0,0,0,0,0,0,0,0.00,0,1.00,3.31,1.63,2.80,1.00,D,0.00,12.00,1.39,12.00,0.84,^,0.00,,18.20,8.60,504,0.00,60.9,1,0,0.00,0.00,0.00,12.00,0.00,0.00,0,0,0.00,0,0.00
2026-03-28 17:59:01,120.42,0,0,0,0,0,0,0,0.00,0,1.00,3.31,1.64,2.54,1.00,D,0.00,12.00,1.06,2.61,0.72,^,0.00,,15.10,8.50,504,0.00,61.5,1,0,0.00,0.00,0.00,12.00,0.00,0.00,0,0,0.00,0,0.00
2026-03-28 17:59:02,121.44,0,0,0,0,0,0,0,0.00,0,1.00,3.31,1.65,2.70,1.00,D,0.00,12.00,1.15,12.00,0.82,^,0.00,,24.40,8.60,504,0.00,60.9,1,0,0.00,0.00,0.00,12.00,0.00,0.00,0,0,0.00,0,0.00
2026-03-28 17:59:03,122.45,0,0,0,0,0,0,0,0.00,0,1.00,3.31,1.66,2.65,1.00,D,0.00,12.00,12.00,12.00,0.95,^,0.00,,19.70,8.60,504,0.00,60.4,1,0,0.00,0.00,0.00,12.00,0.00,0.00,0,0,0.00,0,0.00
2026-03-28 17:59:04,123.46,0,0,0,0,0,0,0,0.00,0,1.00,3.31,1.67,2.60,1.00,D,0.00,12.00,12.00,12.00,0.74,^,0.00,,20.10,8.60,504,0.00,62.6,1,0,0.00,0.00,0.00,12.00,0.00,0.00,0,0,0.00,0,0.00
2026-03-28 17:59:05,124.48,0,0,0,0,0,0,0,0.00,0,1.00,3.31,1.68,2.69,1.00,D,0.00,12.00,12.00,12.00,0.85,^,0.00,,15.80,8.50,504,0.00,61.5,1,0,0.00,0.00,0.00,12.00,0.00,0.00,0,0,0.00,0,0.00
2026-03-28 17:59:06,125.49,0,0,0,0,0,0,0,0.00,0,0.00,3.31,1.68,2.42,0.68,D,0.00,12.00,12.00,12.00,1.13,^,0.00,,15.00,8.60,504,0.00,60.4,1,0,0.00,0.00,0.00,12.00,0.00,0.00,0,0,0.00,0,0.00
2026-03-28 17:59:07,126.50,0,0,0,0,0,0,0,0.00,0,0.00,3.31,1.68,0.86,0.07,D,0.00,12.00,12.00,12.00,0.78,^,0.00,,13.50,8.60,504,0.00,60.4,1,0,0.00,0.00,0.00,12.00,0.00,0.00,0,0,0.00,0,0.00
2026-03-28 17:59:08,127.51,0,0,0,0,0,0,0,0.00,0,0.00,3.31,1.67,0.00,0.00,D,0.00,12.00,0.48,12.00,0.67,^,0.00,,13.00,8.50,504,0.64,60.9,1,0,0.00,0.00,0.00,12.00,0.00,0.00,0,0,0.00,0,0.00
2026-03-28 17:59:09,128.53,0,0,0,0,0,0,0,0.00,0,0.00,3.31,1.66,0.00,0.00,D,0.00,12.00,0.62,12.00,12.00,^,0.00,,12.80,8.50,504,1.66,59.8,1,0,0.00,0.00,0.00,12.00,0.00,0.00,0,0,0.00,0,0.00
2026-03-28 17:59:10,129.54,0,0,0,0,0,0,0,0.00,0,0.00,3.31,1.65,0.00,0.00,D,0.00,12.00,0.63,12.00,12.00,^,0.00,,13.30,8.60,504,2.67,60.4,1,0,0.00,0.00,0.00,12.00,0.00,0.00,0,0,0.00,0,0.00
2026-03-28 17:59:11,130.55,0,0,0,0,0,0,0,0.00,0,0.00,3.31,1.63,0.00,0.00,D,0.00,12.00,0.62,12.00,12.00,^,0.00,,12.50,8.50,504,3.68,59.8,1,0,0.00,0.00,0.00,12.00,0.00,0.00,0,0,0.00,0,0.00
2026-03-28 17:59:12,131.57,0,0,0,0,0,0,0,0.00,0,0.00,3.31,1.62,0.00,0.00,D,0.00,12.00,0.62,12.00,12.00,^,0.00,,12.80,8.50,504,4.69,59.8,1,0,0.00,0.00,0.00,12.00,0.00,0.00,0,0,0.00,0,0.00
2026-03-28 17:59:13,132.58,0,0,0,0,0,0,0,0.00,0,0.00,3.31,1.61,0.00,0.00,D,0.00,12.00,0.62,12.00,12.00,^,0.00,,12.70,8.50,504,5.71,60.4,1,0,0.00,0.00,0.00,12.00,0.00,0.00,0,0,0.00,0,0.00
2026-03-28 17:59:14,133.58,0,0,0,0,0,0,0,0.00,0,0.00,3.31,1.60,0.00,0.00,D,0.00,12.00,0.61,12.00,12.00,^,0.00,,11.80,8.50,504,6.71,59.3,1,0,0.00,0.00,0.00,12.00,0.00,0.00,0,0,0.00,0,0.00
2026-03-28 17:59:15,134.59,0,0,0,0,0,0,0,0.00,0,0.00,3.31,1.58,0.00,0.00,D,0.00,12.00,0.61,12.00,12.00,^,0.00,,13.50,8.50,504,7.72,59.3,1,0,0.00,0.00,0.00,12.00,0.00,0.00,0,0,0.00,0,0.00
2026-03-28 17:59:16,135.59,0,0,0,0,0,0,0,0.00,0,0.00,3.31,1.57,0.00,0.00,D,0.00,12.00,0.61,12.00,12.00,^,0.00,,12.00,8.50,504,8.72,60.4,1,0,0.00,0.00,0.00,12.00,0.00,0.00,0,0,0.00,0,0.00
2026-03-28 17:59:17,136.60,0,0,0,0,0,0,0,0.00,0,0.00,3.31,1.56,0.00,0.00,D,0.00,12.00,0.61,12.00,12.00,^,0.00,,11.70,8.50,504,9.72,58.2,1,0,0.00,0.00,0.00,12.00,0.00,0.00,0,0,0.00,0,0.00
2026-03-28 17:59:18,137.61,0,0,0,0,0,0,0,0.00,0,0.00,3.31,1.55,0.00,0.00,D,0.00,12.00,0.62,12.00,12.00,^,0.00,,13.30,8.50,504,10.74,59.3,1,0,0.00,0.00,0.00,12.00,0.00,0.00,0,0,0.00,0,0.00
2026-03-28 17:59:19,138.62,0,0,0,0,0,0,0,0.00,0,0.00,3.31,1.54,0.00,0.00,D,0.00,12.00,0.62,12.00,12.00,^,0.00,,12.10,8.50,504,11.75,58.7,1,0,0.00,0.00,0.00,12.00,0.00,0.00,0,0,0.00,0,0.00
2026-03-28 17:59:20,139.62,0,0,0,0,0,0,0,0.00,0,0.00,3.31,1.53,0.00,0.00,D,0.00,0.67,0.62,12.00,12.00,CAUTION_WARNING,0.00,,13.20,8.50,504,12.75,59.8,1,0,0.00,0.00,0.00,0.67,0.00,0.00,0,0,0.00,0,0.00
2026-03-28 17:59:21,140.64,0,0,0,0,0,0,0,0.00,0,0.00,3.31,1.52,0.00,0.00,D,0.00,0.70,0.62,12.00,12.00,CAUTION_WARNING,0.00,,13.40,8.50,504,13.76,59.8,1,0,0.00,0.00,0.00,0.70,0.00,0.00,0,0,0.00,0,0.00
2026-03-28 17:59:22,141.65,0,0,0,0,0,0,0,0.00,0,0.00,3.31,1.50,0.00,0.00,D,0.00,0.69,0.65,12.00,12.00,CAUTION_WARNING,0.00,,13.60,8.50,504,14.78,58.7,1,0,0.00,0.00,0.00,0.69,0.00,0.00,0,0,0.00,0,0.00
2026-03-28 17:59:23,142.66,0,0,0,0,0,0,0,0.00,0,0.00,3.31,1.49,0.00,0.00,D,0.00,0.71,0.69,12.00,12.00,CAUTION_WARNING,0.00,,12.60,8.50,504,15.79,59.8,1,0,0.00,0.00,0.00,0.71,0.00,0.00,0,0,0.00,0,0.00
2026-03-28 17:59:24,143.67,0,0,0,0,0,0,0,0.00,0,0.00,3.31,1.48,0.00,0.00,D,0.00,12.00,0.75,12.00,12.00,^,0.00,,11.10,8.50,504,16.80,59.3,1,0,0.00,0.00,0.00,12.00,0.00,0.00,0,0,0.00,0,0.00
2026-03-28 17:59:25,144.69,0,0,0,0,0,0,0,0.00,0,0.00,3.31,1.47,0.00,0.00,D,0.00,12.00,1.00,12.00,12.00,^,0.00,,13.70,8.50,504,17.81,58.2,1,0,0.00,0.00,0.00,12.00,0.00,0.00,0,0,0.00,0,0.00
2026-03-28 17:59:26,145.70,0,0,0,0,0,0,0,0.00,0,0.00,3.31,1.46,0.00,0.00,D,0.00,12.00,0.97,12.00,12.00,^,0.00,,12.40,8.50,504,18.83,59.8,1,0,0.00,0.00,0.00,12.00,0.00,0.00,0,0,0.00,0,0.00
2026-03-28 17:59:27,146.71,0,0,0,0,0,0,0,0.00,0,0.00,3.31,1.45,0.00,0.00,D,0.00,12.00,0.63,12.00,12.00,^,0.00,,10.90,8.50,504,19.84,59.3,1,0,0.00,0.00,0.00,12.00,0.00,0.00,0,0,0.00,0,0.00
2026-03-28 17:59:28,147.73,0,0,0,0,0,0,0,0.00,0,0.00,3.31,1.44,0.00,0.00,D,0.00,12.00,0.48,12.00,0.47,^,0.00,,10.90,8.50,504,20.86,57.6,1,0,0.00,0.00,0.00,12.00,0.00,0.00,0,0,0.00,0,0.00
2026-03-28 17:59:29,148.74,0,0,0,0,0,0,0,0.00,0,0.00,3.31,1.43,0.00,0.00,D,0.00,12.00,0.49,12.00,0.46,^,0.00,,9.80,8.50,504,21.87,57.6,1,0,0.00,0.00,0.00,12.00,0.00,0.00,0,0,0.00,0,0.00
2026-03-28 17:59:30,149.75,0,0,0,0,0,0,0,0.00,0,0.00,3.31,1.42,0.00,0.00,D,0.00,12.00,0.48,12.00,0.47,^,0.00,,11.00,8.50,504,22.88,57.6,1,0,0.00,0.00,0.00,12.00,0.00,0.00,0,0,0.00,0,0.00
2026-03-28 17:59:31,150.76,0,0,0,0,0,0,0,0.00,0,0.00,3.31,1.41,0.00,0.00,D,0.00,12.00,0.47,12.00,0.47,^,0.00,,13.30,8.50,504,23.89,58.2,1,0,0.00,0.00,0.00,12.00,0.00,0.00,0,0,0.00,0,0.00
2026-03-28 17:59:32,151.78,0,0,0,0,0,0,0,0.00,0,0.00,3.31,1.40,0.00,0.00,D,0.00,12.00,0.47,12.00,0.46,^,0.00,,13.00,8.50,504,24.91,58.7,1,0,0.00,0.00,0.00,12.00,0.00,0.00,0,0,0.00,0,0.00
2026-03-28 17:59:33,152.79,0,0,0,0,0,0,0,0.00,0,0.00,3.31,1.40,0.00,0.00,D,0.00,12.00,0.48,12.00,0.46,^,0.00,,8.90,8.50,504,25.92,59.3,1,0,0.00,0.00,0.00,12.00,0.00,0.00,0,0,0.00,0,0.00
2026-03-28 17:59:34,153.80,0,0,0,0,0,0,0,0.00,0,0.00,3.31,1.39,0.00,0.00,D,0.00,12.00,0.47,12.00,0.46,^,0.00,,10.60,8.50,504,26.93,58.7,1,0,0.00,0.00,0.00,12.00,0.00,0.00,0,0,0.00,0,0.00
2026-03-28 17:59:35,154.81,0,0,0,0,0,0,0,0.00,0,0.00,3.31,1.38,0.00,0.00,D,0.00,12.00,0.47,12.00,0.47,^,0.00,,11.10,8.50,504,27.94,57.6,1,0,0.00,0.00,0.00,12.00,0.00,0.00,0,0,0.00,0,0.00
2026-03-28 17:59:36,155.82,0,0,0,0,0,0,0,0.00,0,0.00,3.31,1.37,0.00,0.00,D,0.00,12.00,0.47,12.00,0.47,^,0.00,,11.80,8.50,504,28.95,57.6,1,0,0.00,0.00,0.00,12.00,0.00,0.00,0,0,0.00,0,0.00
2026-03-28 17:59:37,156.84,0,0,0,0,0,0,0,0.00,0,0.00,3.31,1.36,0.00,0.00,D,0.00,12.00,0.47,12.00,0.42,^,0.00,,9.00,8.50,504,29.96,57.1,1,0,0.00,0.00,0.00,12.00,0.00,0.00,0,0,0.00,0,0.00
2026-03-28 17:59:38,157.85,0,0,0,0,0,0,0,0.00,0,0.00,3.31,1.35,0.00,0.00,D,0.00,12.00,12.00,12.00,0.44,^,0.00,,9.40,8.50,504,30.98,58.2,1,0,0.00,0.00,0.00,12.00,0.00,0.00,0,0,0.00,0,0.00
2026-03-28 17:59:39,158.86,0,0,0,0,0,0,0,0.00,0,0.00,3.31,1.34,0.00,0.00,D,0.00,12.00,12.00,12.00,0.64,^,0.00,,9.90,8.50,504,31.99,58.2,1,0,0.00,0.00,0.00,12.00,0.00,0.00,0,0,0.00,0,0.00
2026-03-28 17:59:40,159.87,0,0,0,0,0,0,0,0.00,0,0.00,3.31,1.33,0.01,0.43,D,0.00,12.00,12.00,12.00,0.65,^,0.00,,14.90,8.50,504,0.03,58.7,1,0,0.00,0.00,0.00,12.00,0.00,0.00,0,0,0.00,0,0.00
2026-03-28 17:59:41,160.89,0,0,1,0,0,0,0,0.71,0,1.00,3.31,1.32,0.00,0.46,D,0.00,12.00,12.00,12.00,0.64,^,0.00,,16.60,8.50,504,0.64,58.2,1,0,0.00,0.00,0.00,12.00,0.00,0.00,0,0,0.00,0,0.00
2026-03-28 17:59:42,161.90,0,0,0,0,0,0,0,0.00,0,0.00,3.31,1.32,1.27,0.79,D,0.00,12.00,12.00,12.00,0.83,^,0.00,,12.00,8.60,504,0.00,58.7,1,0,0.00,0.00,0.00,12.00,0.00,0.00,0,0,0.00,0,0.00
2026-03-28 17:59:43,162.91,0,0,0,0,0,0,0,0.98,0,0.00,3.31,1.32,0.85,0.18,D,0.00,12.00,12.00,12.00,1.15,^,0.00,,16.80,8.50,504,0.00,59.8,1,0,0.00,0.00,0.00,12.00,0.00,0.00,0,0,0.00,0,0.00
2026-03-28 17:59:44,163.93,0,0,0,0,0,0,0,0.99,0,1.00,3.31,1.31,0.00,0.24,D,0.00,12.00,12.00,12.00,0.91,^,0.00,,11.70,8.60,504,0.64,59.3,1,0,0.00,0.00,0.00,12.00,0.00,0.00,0,0,0.00,0,0.00
2026-03-28 17:59:45,164.94,0,0,0,0,0,0,0,0.98,0,0.13,3.31,1.30,0.25,0.41,D,0.00,12.00,12.00,12.00,0.60,^,0.00,,13.40,8.60,504,0.00,58.7,1,0,0.00,0.00,0.00,12.00,0.00,0.00,0,0,0.00,0,0.00
2026-03-28 17:59:46,165.95,0,0,0,0,0,0,0,1.00,0,1.00,3.31,1.30,0.93,0.86,D,0.00,12.00,12.00,12.00,0.81,^,0.00,,16.80,8.60,504,0.00,59.8,1,0,0.00,0.00,0.00,12.00,0.00,0.00,0,0,0.00,0,0.00
2026-03-28 17:59:47,166.96,0,0,0,0,0,0,0,0.00,0,0.00,3.31,1.30,1.84,0.53,D,0.00,12.00,12.00,12.00,1.53,^,0.00,,14.90,8.60,504,0.00,59.3,1,0,0.00,0.00,0.00,12.00,0.00,0.00,0,0,0.00,0,0.00
2026-03-28 17:59:48,167.97,0,0,0,0,0,0,0,0.00,0,0.00,3.31,1.30,0.33,0.00,D,0.00,12.00,12.00,12.00,1.92,^,0.00,,9.60,8.60,504,0.01,59.3,1,0,0.00,0.00,0.00,12.00,0.00,0.00,0,0,0.00,0,0.00
2026-03-28 17:59:49,168.99,0,0,0,0,0,0,0,0.00,0,0.00,3.31,1.29,0.00,0.00,D,0.00,12.00,12.00,12.00,1.57,^,0.00,,4.80,8.50,504,0.88,58.7,1,0,0.00,0.00,0.00,12.00,0.00,0.00,0,0,0.00,0,0.00
2026-03-28 17:59:50,170.00,0,0,0,0,0,0,0,0.00,0,0.00,3.31,1.28,0.00,0.00,D,0.00,12.00,12.00,12.00,1.12,^,0.00,,4.60,8.50,504,1.89,58.7,1,0,0.00,0.00,0.00,12.00,0.00,0.00,0,0,0.00,0,0.00
2026-03-28 17:59:51,171.01,0,0,0,0,0,0,0,0.00,0,0.00,3.31,1.28,0.00,0.00,D,0.00,12.00,12.00,12.00,1.08,^,0.00,,5.10,8.50,504,2.91,58.2,1,0,0.00,0.00,0.00,12.00,0.00,0.00,0,0,0.00,0,0.00
2026-03-28 17:59:52,172.02,0,0,0,0,0,0,0,0.00,0,1.00,3.31,1.27,0.02,0.51,D,0.00,12.00,12.00,12.00,0.88,^,0.00,,16.50,8.50,504,0.01,58.2,1,0,0.00,0.00,0.00,12.00,0.00,0.00,0,0,0.00,0,0.00
2026-03-28 17:59:53,173.03,0,0,0,0,0,0,0,0.00,0,1.00,3.31,1.27,1.62,1.00,D,0.00,12.00,12.00,12.00,0.58,^,0.00,,8.70,8.50,504,0.00,58.2,1,0,0.00,0.00,0.00,12.00,0.00,0.00,0,0,0.00,0,0.00
2026-03-28 17:59:54,174.05,0,0,0,0,0,0,0,0.00,0,1.00,3.31,1.27,2.69,1.00,D,0.00,12.00,12.00,12.00,0.89,^,0.00,,8.50,8.50,504,0.00,57.1,1,0,0.00,0.00,0.00,12.00,0.00,0.00,0,0,0.00,0,0.00
2026-03-28 17:59:55,175.05,0,0,0,0,0,0,0,0.54,0,1.00,3.31,1.28,2.66,1.00,D,0.00,12.00,2.16,12.00,1.30,^,0.00,,16.40,8.50,504,0.00,59.3,1,0,0.00,0.00,0.00,12.00,0.00,0.00,0,0,0.00,0,0.00
2026-03-28 17:59:56,176.06,0,0,0,0,0,0,0,0.00,0,1.00,3.31,1.29,2.49,1.00,D,0.00,1.58,1.28,12.00,1.16,^,0.00,,16.20,8.60,504,0.00,60.9,1,0,0.00,0.00,0.00,1.58,0.00,0.00,0,0,0.00,0,0.00
2026-03-28 17:59:57,177.07,0,0,0,0,0,0,0,0.00,0,1.00,3.31,1.30,2.61,1.00,D,0.00,12.00,0.72,12.00,0.99,^,0.00,,12.60,8.60,504,0.00,60.4,1,0,0.00,0.00,0.00,12.00,0.00,0.00,0,0,0.00,0,0.00
2026-03-28 17:59:58,178.09,0,0,0,0,0,0,0,0.00,0,1.00,3.31,1.30,2.70,1.00,D,0.00,12.00,1.67,12.00,1.23,^,0.00,,6.30,8.60,504,0.00,59.8,1,0,0.00,0.00,0.00,12.00,0.00,0.00,0,0,0.00,0,0.00
2026-03-28 17:59:59,179.10,0,0,0,0,0,0,0,0.00,0,1.00,3.31,1.31,2.65,1.00,D,0.00,12.00,1.17,12.00,1.01,^,0.00,,13.00,8.60,504,0.00,60.9,1,0,0.00,0.00,0.00,12.00,0.00,0.00,0,0,0.00,0,0.00
2026-03-28 18:00:00,180.10,0,0,0,0,0,0,0,0.00,0,1.00,3.31,1.32,2.66,1.00,D,0.00,12.00,12.00,12.00,1.26,^,0.00,,10.60,8.60,504,0.00,59.3,1,0,0.00,0.00,0.00,12.00,0.00,0.00,0,0,0.00,0,0.00
2026-03-28 18:00:01,181.12,0,0,0,0,0,0,0,0.00,0,1.00,3.31,1.33,2.64,1.00,D,0.00,12.00,12.00,12.00,1.18,^,0.00,,17.30,8.60,504,0.00,60.9,1,0,0.00,0.00,0.00,12.00,0.00,0.00,0,0,0.00,0,0.00
2026-03-28 18:00:03,182.23,0,0,0,0,0,0,0,0.00,0,1.00,3.31,1.33,2.60,1.00,D,0.00,12.00,12.00,12.00,0.95,^,0.00,,10.90,8.60,504,0.00,59.3,1,0,0.00,0.00,0.00,12.00,0.00,0.00,0,0,0.00,0,0.00
2026-03-28 18:00:03,183.14,0,0,0,0,0,0,0,0.00,0,1.00,3.31,1.34,2.59,1.00,D,0.00,12.00,12.00,12.00,1.13,^,0.00,,11.40,8.60,504,0.00,60.4,1,0,0.00,0.00,0.00,12.00,0.00,0.00,0,0,0.00,0,0.00
2026-03-28 18:00:04,184.15,0,0,0,0,0,0,0,0.00,0,1.00,3.31,1.35,2.59,1.00,D,0.00,12.00,12.00,12.00,0.98,^,0.00,,15.60,8.60,504,0.00,60.4,1,0,0.00,0.00,0.00,12.00,0.00,0.00,0,0,0.00,0,0.00
2026-03-28 18:00:05,185.16,0,0,0,0,0,0,0,0.00,0,1.00,3.31,1.35,2.57,1.00,D,0.00,12.00,12.00,12.00,0.76,^,0.00,,10.10,8.50,504,0.00,59.8,1,0,0.00,0.00,0.00,12.00,0.00,0.00,0,0,0.00,0,0.00
2026-03-28 18:00:06,186.18,0,0,0,0,0,0,0,0.00,0,1.00,3.31,1.36,2.63,1.00,D,0.00,12.00,12.00,12.00,1.04,^,0.00,,11.20,8.60,504,0.00,61.5,1,0,0.00,0.00,0.00,12.00,0.00,0.00,0,0,0.00,0,0.00
2026-03-28 18:00:07,187.19,0,0,0,0,0,0,0,0.37,0,1.00,3.31,1.37,2.60,1.00,D,0.00,12.00,12.00,12.00,0.76,^,0.00,,12.20,8.50,504,0.00,59.3,1,0,0.00,0.00,0.00,12.00,0.00,0.00,0,0,0.00,0,0.00
2026-03-28 18:00:08,188.20,0,0,0,0,0,0,0,0.32,0,1.00,3.31,1.38,2.74,1.00,D,0.00,12.00,2.58,12.00,0.54,^,0.00,,12.50,8.50,504,0.00,60.4,1,0,0.00,0.00,0.00,12.00,0.00,0.00,0,0,0.00,0,0.00
2026-03-28 18:00:09,189.21,0,0,0,0,0,0,0,0.00,0,1.00,3.31,1.38,2.49,1.00,D,0.00,12.00,1.69,12.00,0.78,^,0.00,,15.90,8.50,504,0.00,59.3,1,0,0.00,0.00,0.00,12.00,0.00,0.00,0,0,0.00,0,0.00
2026-03-28 18:00:10,190.21,0,0,0,0,0,0,0,0.11,0,1.00,3.31,1.39,2.61,1.00,D,0.00,1.28,0.80,12.00,0.70,^,0.00,,17.20,8.50,504,0.00,60.4,1,0,0.00,0.00,0.00,1.28,0.00,0.00,0,0,0.00,0,0.00
2026-03-28 18:00:11,191.23,0,0,0,0,0,0,0,0.00,0,1.00,3.31,1.39,2.70,1.00,D,0.00,12.00,0.80,12.00,0.76,^,0.00,,13.70,8.50,504,0.00,59.3,1,0,0.00,0.00,0.00,12.00,0.00,0.00,0,0,0.00,0,0.00
2026-03-28 18:00:13,192.24,0,0,0,0,0,0,0,0.00,0,1.00,3.31,1.40,2.71,1.00,D,0.00,12.00,1.09,12.00,0.68,^,0.00,,14.50,8.50,504,0.00,60.4,1,0,0.00,0.00,0.00,12.00,0.00,0.00,0,0,0.00,0,0.00
2026-03-28 18:00:14,193.24,0,0,0,0,0,0,0,1.00,0,1.00,3.31,1.41,2.61,1.00,D,0.00,12.00,12.00,12.00,0.80,^,0.00,,17.80,8.50,504,0.00,60.4,1,0,0.00,0.00,0.00,12.00,0.00,0.00,0,0,0.00,0,0.00
2026-03-28 18:00:15,194.25,0,0,0,0,0,0,0,0.00,0,1.00,3.31,1.41,2.64,1.00,D,0.00,12.00,12.00,12.00,1.07,^,0.00,,19.90,8.50,504,0.00,59.3,1,0,0.00,0.00,0.00,12.00,0.00,0.00,0,0,0.00,0,0.00
2026-03-28 18:00:16,195.26,0,0,0,0,0,0,0,0.00,0,1.00,3.31,1.42,2.71,1.00,D,0.00,12.00,12.00,12.00,0.83,^,0.00,,14.70,8.50,504,0.00,59.3,1,0,0.00,0.00,0.00,12.00,0.00,0.00,0,0,0.00,0,0.00
2026-03-28 18:00:17,196.28,0,0,0,0,0,0,0,1.00,0,1.00,3.31,1.43,2.66,1.00,D,0.00,12.00,12.00,12.00,0.61,^,0.00,,16.60,8.50,504,0.00,59.3,1,0,0.00,0.00,0.00,12.00,0.00,0.00,0,0,0.00,0,0.00
2026-03-28 18:00:18,197.29,0,0,0,0,0,0,0,0.00,0,1.00,3.31,1.43,2.63,1.00,D,0.00,12.00,2.05,12.00,0.87,^,0.00,,16.40,8.50,504,0.00,59.8,1,0,0.00,0.00,0.00,12.00,0.00,0.00,0,0,0.00,0,0.00
2026-03-28 18:00:19,198.30,0,0,0,0,0,0,0,0.00,0,1.00,3.31,1.44,2.82,1.00,D,0.00,12.00,1.44,12.00,0.73,^,0.00,,17.40,8.50,504,0.00,59.8,1,0,0.00,0.00,0.00,12.00,0.00,0.00,0,0,0.00,0,0.00
2026-03-28 18:00:20,199.31,0,0,0,0,0,0,0,0.00,0,1.00,3.31,1.45,2.64,1.00,D,0.00,12.00,1.41,12.00,0.54,^,0.00,,19.30,8.50,504,0.00,59.3,1,0,0.00,0.00,0.00,12.00,0.00,0.00,0,0,0.00,0,0.00
2026-03-28 18:00:21,200.32,0,0,0,0,0,0,0,0.00,0,1.00,3.31,1.45,2.71,1.00,D,0.00,12.00,1.77,12.00,0.87,^,0.00,,14.40,8.50,504,0.00,58.2,1,0,0.00,0.00,0.00,12.00,0.00,0.00,0,0,0.00,0,0.00
2026-03-28 18:00:22,201.33,0,0,0,0,0,0,0,0.34,0,1.00,3.31,1.46,2.57,1.00,D,0.00,12.00,1.58,12.00,0.77,^,0.00,,13.30,8.50,504,0.00,60.4,1,0,0.00,0.00,0.00,12.00,0.00,0.00,0,0,0.00,0,0.00
2026-03-28 18:00:23,202.34,0,0,0,0,0,0,0,0.00,0,1.00,3.31,1.46,2.65,1.00,D,0.00,12.00,1.22,12.00,0.65,^,0.00,,21.30,8.50,504,0.00,60.4,1,0,0.00,0.00,0.00,12.00,0.00,0.00,0,0,0.00,0,0.00
2026-03-28 18:00:24,203.35,0,0,0,0,0,0,0,0.00,0,1.00,3.31,1.47,2.63,1.00,D,0.00,12.00,1.23,12.00,0.94,^,0.00,,20.60,8.50,504,0.00,60.4,1,0,0.00,0.00,0.00,12.00,0.00,0.00,0,0,0.00,0,0.00
2026-03-28 18:00:25,204.37,0,0,0,0,0,0,0,0.00,0,1.00,3.31,1.48,2.52,1.00,D,0.00,12.00,1.40,12.00,0.72,^,0.00,,19.90,8.50,504,0.00,60.9,1,0,0.00,0.00,0.00,12.00,0.00,0.00,0,0,0.00,0,0.00
2026-03-28 18:00:26,205.38,0,0,0,0,0,0,0,1.00,0,1.00,3.31,1.48,2.62,1.00,D,0.00,12.00,1.22,12.00,0.64,^,0.00,,18.20,8.50,504,0.00,60.4,1,0,0.00,0.00,0.00,12.00,0.00,0.00,0,0,0.00,0,0.00
2026-03-28 18:00:27,206.39,0,0,0,0,0,0,0,0.00,1,0.00,3.31,1.48,0.11,0.82,D,0.00,12.00,12.00,12.00,0.59,^,0.00,,14.40,8.50,504,0.19,59.3,1,0,0.00,0.00,0.00,12.00,0.00,0.00,0,0,0.00,0,0.00
2026-03-28 18:00:28,207.41,0,0,0,0,0,0,0,0.00,0,0.00,3.31,1.48,0.00,0.00,D,0.00,12.00,12.00,12.00,0.49,^,0.00,,13.80,8.50,504,0.16,59.8,1,0,0.00,0.00,0.00,12.00,0.00,0.00,0,0,0.00,0,0.00
2026-03-28 18:00:29,208.42,0,0,0,0,0,0,0,0.00,0,0.00,3.31,1.47,0.00,0.00,D,0.00,12.00,12.00,0.15,0.14,^,0.00,,8.20,8.50,504,0.09,59.3,1,0,0.00,0.00,0.00,12.00,0.00,0.00,0,0,0.00,0,0.00
2026-03-28 18:00:30,209.43,0,0,0,0,0,0,0,0.00,0,0.00,3.31,1.46,0.00,0.00,D,0.00,12.00,1.40,12.00,0.12,^,0.00,,10.80,8.50,504,0.18,57.6,1,0,0.00,0.00,0.00,12.00,0.00,0.00,0,0,0.00,0,0.00
2026-03-28 18:00:31,210.45,0,0,0,0,0,0,0,0.00,0,1.00,3.31,1.45,0.00,0.22,D,0.00,12.00,1.35,12.00,0.53,^,0.00,,18.70,8.50,504,0.38,58.7,1,0,0.00,0.00,0.00,12.00,0.00,0.00,0,0,0.00,0,0.00
2026-03-28 18:00:32,211.46,0,0,0,0,0,0,0,0.97,0,1.00,3.31,1.45,0.18,0.73,D,0.00,12.00,1.35,12.00,0.57,^,0.00,,17.80,8.50,504,0.00,59.3,1,0,0.00,0.00,0.00,12.00,0.00,0.00,0,0,0.00,0,0.00
2026-03-28 18:00:33,212.47,0,0,0,0,0,0,0,0.00,0,1.00,3.31,1.45,2.37,1.00,D,0.00,12.00,12.00,12.00,1.08,^,0.00,,22.10,8.50,504,0.00,59.8,1,0,0.00,0.00,0.00,12.00,0.00,0.00,0,0,0.00,0,0.00
2026-03-28 18:00:34,213.48,0,0,0,0,0,0,0,0.00,0,1.00,3.31,1.45,2.75,1.00,D,0.00,12.00,12.00,12.00,1.36,^,0.00,,17.30,8.50,504,0.00,58.2,1,0,0.00,0.00,0.00,12.00,0.00,0.00,0,0,0.00,0,0.00
2026-03-28 18:00:35,214.49,0,0,0,0,0,0,0,0.00,0,1.00,3.31,1.46,2.49,1.00,D,0.00,12.00,12.00,12.00,1.15,^,0.00,,22.30,8.50,504,0.00,60.9,1,0,0.00,0.00,0.00,12.00,0.00,0.00,0,0,0.00,0,0.00
2026-03-28 18:00:36,215.50,0,0,0,0,0,0,0,0.00,0,1.00,3.31,1.46,2.64,1.00,D,0.00,12.00,12.00,12.00,1.02,^,0.00,,20.40,8.50,504,0.00,60.9,1,0,0.00,0.00,0.00,12.00,0.00,0.00,0,0,0.00,0,0.00
2026-03-28 18:00:37,216.52,0,0,0,0,0,0,0,0.00,0,1.00,3.31,1.47,2.65,1.00,D,0.00,12.00,12.00,12.00,1.25,^,0.00,,20.20,8.50,504,0.00,59.3,1,0,0.00,0.00,0.00,12.00,0.00,0.00,0,0,0.00,0,0.00
2026-03-28 18:00:38,217.53,0,0,0,0,0,0,0,0.00,0,1.00,3.31,1.47,2.80,1.00,D,0.00,1.42,1.28,12.00,1.04,^,0.00,,20.90,8.90,504,0.00,60.9,1,0,0.00,0.00,0.00,1.42,0.00,0.00,0,0,0.00,0,0.00
2026-03-28 18:00:39,218.55,0,0,0,0,0,0,0,0.00,0,1.00,3.31,1.48,2.54,1.00,D,0.00,12.00,0.72,12.00,0.71,^,0.00,,16.50,8.90,504,0.00,60.9,1,0,0.00,0.00,0.00,12.00,0.00,0.00,0,0,0.00,0,0.00
2026-03-28 18:00:40,219.56,0,0,0,0,0,0,0,0.00,0,1.00,3.31,1.49,2.70,1.00,D,0.00,12.00,0.79,12.00,0.83,^,0.00,,14.00,8.90,504,0.00,58.7,1,0,0.00,0.00,0.00,12.00,0.00,0.00,0,0,0.00,0,0.00
2026-03-28 18:00:41,220.56,0,0,0,0,0,0,0,0.95,0,1.00,3.31,1.49,2.72,1.00,D,0.00,12.00,1.51,12.00,0.94,^,0.00,,17.20,8.80,504,0.00,60.4,1,0,0.00,0.00,0.00,12.00,0.00,0.00,0,0,0.00,0,0.00
2026-03-28 18:00:42,221.57,0,0,0,0,0,0,0,0.22,0,1.00,3.31,1.50,2.66,1.00,D,0.00,12.00,1.66,12.00,0.84,^,0.00,,13.60,8.80,504,0.00,58.7,1,0,0.00,0.00,0.00,12.00,0.00,0.00,0,0,0.00,0,0.00
2026-03-28 18:00:43,222.59,0,0,0,0,0,0,0,0.00,0,1.00,3.31,1.50,2.68,1.00,D,0.00,12.00,1.52,12.00,1.13,^,0.00,,13.90,8.70,504,0.00,59.8,1,0,0.00,0.00,0.00,12.00,0.00,0.00,0,0,0.00,0,0.00
2026-03-28 18:00:44,223.60,0,0,0,0,0,0,0,1.00,0,1.00,3.31,1.51,2.57,1.00,D,0.00,12.00,12.00,12.00,0.78,^,0.00,,14.10,8.60,504,0.00,59.3,1,0,0.00,0.00,0.00,12.00,0.00,0.00,0,0,0.00,0,0.00
2026-03-28 18:00:45,224.61,0,0,0,0,0,0,0,0.00,0,1.00,3.31,1.51,2.69,1.00,D,0.00,12.00,12.00,12.00,0.59,^,0.00,,11.90,8.60,504,0.00,58.7,1,0,0.00,0.00,0.00,12.00,0.00,0.00,0,0,0.00,0,0.00
2026-03-28 18:00:46,225.62,0,0,0,0,0,0,0,0.00,0,1.00,3.31,1.52,2.67,1.00,D,0.00,12.00,12.00,12.00,0.95,^,0.00,,11.30,8.60,504,0.00,57.6,1,0,0.00,0.00,0.00,12.00,0.00,0.00,0,0,0.00,0,0.00
2026-03-28 18:00:47,226.64,0,0,0,0,0,0,0,0.00,0,1.00,3.31,1.52,2.58,1.00,D,0.00,12.00,12.00,12.00,0.70,^,0.00,,13.40,8.60,504,0.00,59.3,1,0,0.00,0.00,0.00,12.00,0.00,0.00,0,0,0.00,0,0.00
2026-03-28 18:00:48,227.65,0,0,0,0,0,0,0,0.00,0,1.00,3.31,1.52,2.44,1.00,D,0.00,12.00,12.00,12.00,0.69,^,0.00,,14.30,8.60,504,0.00,58.7,1,0,0.00,0.00,0.00,12.00,0.00,0.00,0,0,0.00,0,0.00
2026-03-28 18:00:49,228.66,0,0,0,0,0,0,0,1.00,0,1.00,3.31,1.53,2.59,1.00,D,0.00,12.00,12.00,12.00,0.84,^,0.00,,14.20,8.60,504,0.00,58.7,1,0,0.00,0.00,0.00,12.00,0.00,0.00,0,0,0.00,0,0.00
2026-03-28 18:00:50,229.66,0,0,0,0,0,0,0,0.00,0,1.00,3.31,1.53,2.57,1.00,D,0.00,12.00,12.00,12.00,0.65,^,0.00,,12.90,8.50,504,0.00,59.8,1,0,0.00,0.00,0.00,12.00,0.00,0.00,0,0,0.00,0,0.00
2026-03-28 18:00:51,230.67,0,0,0,0,0,0,0,0.00,0,1.00,3.31,1.54,2.63,1.00,D,0.00,12.00,2.26,12.00,0.77,^,0.00,,10.20,8.50,504,0.00,58.2,1,0,0.00,0.00,0.00,12.00,0.00,0.00,0,0,0.00,0,0.00
2026-03-28 18:00:52,231.69,0,0,0,0,0,0,0,1.00,0,1.00,3.31,1.54,2.55,1.00,D,0.00,12.00,2.07,12.00,0.76,^,0.00,,12.90,8.50,504,0.00,57.1,1,0,0.00,0.00,0.00,12.00,0.00,0.00,0,0,0.00,0,0.00
2026-03-28 18:00:53,232.70,0,0,0,0,0,0,0,0.00,0,1.00,3.31,1.55,2.56,1.00,D,0.00,12.00,1.36,12.00,0.50,^,0.00,,18.50,8.40,504,0.00,59.8,1,0,0.00,0.00,0.00,12.00,0.00,0.00,0,0,0.00,0,0.00
2026-03-28 18:00:54,233.71,0,0,0,0,0,0,0,0.00,0,1.00,3.31,1.55,2.59,1.00,D,0.00,12.00,1.31,12.00,0.76,^,0.00,,14.40,8.40,504,0.00,58.2,1,0,0.00,0.00,0.00,12.00,0.00,0.00,0,0,0.00,0,0.00
2026-03-28 18:00:55,234.72,0,0,0,0,0,0,0,0.22,0,1.00,3.31,1.56,2.59,1.00,D,0.00,2.35,1.25,2.40,0.66,^,0.00,,14.50,8.30,504,0.00,59.3,1,0,0.00,0.00,0.00,2.35,0.00,0.00,0,0,0.00,0,0.00
2026-03-28 18:00:56,235.73,0,0,0,0,0,0,0,0.00,0,1.00,3.31,1.56,2.65,1.00,D,0.00,1.37,1.20,1.39,0.65,^,0.00,,13.70,8.30,504,0.00,58.7,1,0,0.00,0.00,0.00,1.37,0.00,0.00,0,0,0.00,0,0.00
2026-03-28 18:00:57,236.74,0,0,0,0,0,0,0,0.00,0,1.00,3.31,1.56,2.61,1.00,D,0.00,2.25,1.82,0.71,0.87,^,0.00,,14.20,8.40,504,0.00,59.3,1,0,0.00,0.00,0.00,2.25,0.00,0.00,0,0,0.00,0,0.00
2026-03-28 18:00:58,237.76,0,0,0,0,0,0,0,0.00,0,1.00,3.31,1.57,2.48,1.00,D,0.00,12.00,1.54,1.22,0.73,^,0.00,,15.30,8.30,504,0.00,58.7,1,0,0.00,0.00,0.00,12.00,0.00,0.00,0,0,0.00,0,0.00
2026-03-28 18:00:59,238.77,0,0,0,0,0,0,0,0.00,0,1.00,3.31,1.57,2.63,1.00,D,0.00,12.00,1.98,0.55,0.56,^,0.00,,13.50,8.30,504,0.00,59.8,1,0,0.00,0.00,0.00,12.00,0.00,0.00,0,0,0.00,0,0.00
2026-03-28 18:01:00,239.88,0,0,0,0,0,0,0,0.00,0,1.00,3.31,1.58,2.59,1.00,D,0.00,12.00,1.93,12.00,0.84,^,0.00,,14.60,8.30,504,0.00,58.7,1,0,0.00,0.00,0.00,12.00,0.00,0.00,0,0,0.00,0,0.00
2026-03-28 18:01:01,240.79,0,0,0,0,0,0,0,0.10,0,1.00,3.31,1.58,2.67,1.00,D,0.00,12.00,1.71,12.00,0.63,^,0.00,,9.40,8.30,504,0.00,58.7,1,0,0.00,0.00,0.00,12.00,0.00,0.00,0,0,0.00,0,0.00
2026-03-28 18:01:02,241.80,0,0,0,0,0,0,0,0.00,0,1.00,3.31,1.59,2.72,1.00,D,0.00,12.00,1.86,12.00,0.65,^,0.00,,9.10,8.30,504,0.00,56.5,1,0,0.00,0.00,0.00,12.00,0.00,0.00,0,0,0.00,0,0.00
2026-03-28 18:01:03,242.81,0,0,0,0,0,0,0,0.00,0,1.00,3.31,1.59,2.46,1.00,D,0.00,12.00,1.63,12.00,0.80,^,0.00,,9.10,8.30,504,0.00,57.6,1,0,0.00,0.00,0.00,12.00,0.00,0.00,0,0,0.00,0,0.00
2026-03-28 18:01:04,243.82,0,0,0,0,0,0,0,0.00,0,1.00,3.31,1.60,2.60,1.00,D,0.00,12.00,1.89,12.00,0.56,^,0.00,,9.30,8.30,504,0.00,58.2,1,0,0.00,0.00,0.00,12.00,0.00,0.00,0,0,0.00,0,0.00
2026-03-28 18:01:05,244.84,0,0,0,0,0,0,0,0.00,0,1.00,3.31,1.60,2.58,1.00,D,0.00,12.00,2.41,12.00,0.53,^,0.00,,8.10,8.30,504,0.00,58.2,1,0,0.00,0.00,0.00,12.00,0.00,0.00,0,0,0.00,0,0.00
2026-03-28 18:01:06,245.84,0,0,0,0,0,0,0,0.00,0,1.00,3.31,1.60,2.68,1.00,D,0.00,12.00,12.00,12.00,0.72,^,0.00,,11.30,8.30,504,0.00,58.7,1,0,0.00,0.00,0.00,12.00,0.00,0.00,0,0,0.00,0,0.00
2026-03-28 18:01:07,246.84,0,0,0,0,0,0,0,0.36,0,1.00,3.31,1.61,2.66,1.00,D,0.00,12.00,12.00,12.00,0.58,^,0.00,,8.80,8.30,504,0.00,58.7,1,0,0.00,0.00,0.00,12.00,0.00,0.00,0,0,0.00,0,0.00
2026-03-28 18:01:08,247.85,0,0,0,0,0,0,0,0.00,0,1.00,3.31,1.61,2.64,1.00,D,0.00,12.00,12.00,12.00,0.67,^,0.00,,11.30,8.30,504,0.00,58.2,1,0,0.00,0.00,0.00,12.00,0.00,0.00,0,0,0.00,0,0.00
2026-03-28 18:01:09,248.86,0,0,0,0,0,0,0,0.00,0,1.00,3.31,1.62,2.67,1.00,D,0.00,12.00,8.88,12.00,0.96,^,0.00,,6.90,8.30,504,0.00,57.6,1,0,0.00,0.00,0.00,12.00,0.00,0.00,0,0,0.00,0,0.00
2026-03-28 18:01:10,249.87,0,0,0,0,0,0,0,0.00,0,1.00,3.31,1.62,2.65,1.00,D,0.00,12.00,8.49,12.00,0.68,^,0.00,,7.40,8.30,504,0.00,56.5,1,0,0.00,0.00,0.00,12.00,0.00,0.00,0,0,0.00,0,0.00
2026-03-28 18:01:11,250.89,0,0,0,0,0,0,0,0.29,0,1.00,3.31,1.62,2.68,1.00,D,0.00,12.00,8.00,12.00,0.33,^,0.00,,11.30,8.30,504,0.00,58.2,1,0,0.00,0.00,0.00,12.00,0.00,0.00,0,0,0.00,0,0.00
2026-03-28 18:01:12,251.91,0,0,0,0,0,0,0,0.48,0,1.00,3.31,1.63,2.56,1.00,D,0.00,12.00,7.66,12.00,0.66,^,0.00,,12.60,8.30,504,0.00,57.6,1,0,0.00,0.00,0.00,12.00,0.00,0.00,0,0,0.00,0,0.00
2026-03-28 18:01:13,252.91,0,0,0,0,0,0,0,1.00,0,1.00,3.31,1.63,2.52,1.00,D,0.00,12.00,7.54,12.00,0.62,^,0.00,,12.20,8.30,504,0.00,57.1,1,0,0.00,0.00,0.00,12.00,0.00,0.00,0,0,0.00,0,0.00
2026-03-28 18:01:14,253.91,0,0,0,0,0,0,0,0.00,0,1.00,3.31,1.64,2.71,1.00,D,0.00,12.00,12.00,12.00,0.49,^,0.00,,10.30,8.30,504,0.00,58.7,1,0,0.00,0.00,0.00,12.00,0.00,0.00,0,0,0.00,0,0.00
2026-03-28 18:01:15,254.92,0,0,0,0,0,0,0,0.00,0,1.00,3.31,1.64,2.69,1.00,D,0.00,12.00,1.98,12.00,0.78,^,0.00,,10.20,8.30,504,0.00,58.2,1,0,0.00,0.00,0.00,12.00,0.00,0.00,0,0,0.00,0,0.00
2026-03-28 18:01:16,255.93,0,0,0,0,0,0,0,0.00,0,1.00,3.31,1.64,2.68,1.00,D,0.00,12.00,1.85,12.00,0.65,^,0.00,,10.30,8.30,504,0.00,57.6,1,0,0.00,0.00,0.00,12.00,0.00,0.00,0,0,0.00,0,0.00
2026-03-28 18:01:17,256.94,0,0,0,0,0,0,0,0.00,0,1.00,3.31,1.65,2.51,1.00,D,0.00,12.00,1.89,12.00,0.67,^,0.00,,10.10,8.30,504,0.00,57.6,1,0,0.00,0.00,0.00,12.00,0.00,0.00,0,0,0.00,0,0.00
2026-03-28 18:01:18,257.95,0,0,0,0,0,0,0,0.00,0,1.00,3.31,1.65,2.76,1.00,D,0.00,12.00,12.00,12.00,0.92,^,0.00,,11.40,8.30,504,0.00,57.6,1,0,0.00,0.00,0.00,12.00,0.00,0.00,0,0,0.00,0,0.00
2026-03-28 18:01:19,258.97,0,0,0,0,0,0,0,0.00,0,1.00,3.31,1.66,2.72,1.00,D,0.00,12.00,1.19,12.00,0.78,^,0.00,,10.80,8.30,504,0.00,56.5,1,0,0.00,0.00,0.00,12.00,0.00,0.00,0,0,0.00,0,0.00
2026-03-28 18:01:20,259.97,0,0,0,0,0,0,0,0.00,0,1.00,3.31,1.66,2.67,1.00,D,0.00,12.00,1.16,12.00,0.58,^,0.00,,8.50,8.30,504,0.00,57.6,1,0,0.00,0.00,0.00,12.00,0.00,0.00,0,0,0.00,0,0.00
2026-03-28 18:01:21,260.99,0,0,0,0,0,0,0,0.00,0,1.00,3.31,1.67,2.69,1.00,D,0.00,12.00,1.02,12.00,0.65,^,0.00,,11.00,8.30,504,0.00,57.6,1,0,0.00,0.00,0.00,12.00,0.00,0.00,0,0,0.00,0,0.00
2026-03-28 18:01:22,262.00,0,0,0,0,0,0,0,0.00,0,1.00,3.31,1.67,2.63,1.00,D,0.00,12.00,1.39,12.00,0.76,^,0.00,,12.70,8.30,504,0.00,57.6,1,0,0.00,0.00,0.00,12.00,0.00,0.00,0,0,0.00,0,0.00
2026-03-28 18:01:23,263.00,0,0,0,0,0,0,0,0.00,0,1.00,3.31,1.67,2.66,1.00,D,0.00,12.00,1.74,12.00,0.57,^,0.00,,11.20,8.30,504,0.00,57.6,1,0,0.00,0.00,0.00,12.00,0.00,0.00,0,0,0.00,0,0.00
2026-03-28 18:01:24,264.02,0,0,0,0,0,0,0,0.00,0,1.00,3.31,1.68,2.71,1.00,D,0.00,12.00,12.00,12.00,0.51,^,0.00,,10.50,8.30,504,0.00,56.5,1,0,0.00,0.00,0.00,12.00,0.00,0.00,0,0,0.00,0,0.00
2026-03-28 18:01:25,265.02,0,0,0,0,0,0,0,0.00,0,1.00,3.31,1.68,2.54,1.00,D,0.00,12.00,12.00,12.00,0.78,^,0.00,,11.30,8.30,504,0.00,57.6,1,0,0.00,0.00,0.00,12.00,0.00,0.00,0,0,0.00,0,0.00
2026-03-28 18:01:26,266.03,0,0,0,0,0,0,0,0.00,0,1.00,3.31,1.68,2.70,1.00,D,0.00,12.00,12.00,12.00,0.68,^,0.00,,9.80,8.30,504,0.00,57.1,1,0,0.00,0.00,0.00,12.00,0.00,0.00,0,0,0.00,0,0.00
2026-03-28 18:01:27,267.05,0,0,0,0,0,0,0,0.00,0,1.00,3.31,1.69,2.71,1.00,D,0.00,12.00,12.00,12.00,0.58,^,0.00,,8.80,8.30,504,0.00,56.5,1,0,0.00,0.00,0.00,12.00,0.00,0.00,0,0,0.00,0,0.00
2026-03-28 18:01:28,268.06,0,0,0,0,0,0,0,0.00,0,1.00,3.31,1.69,2.75,1.00,D,0.00,12.00,12.00,12.00,0.82,^,0.00,,9.30,8.30,504,0.00,56.0,1,0,0.00,0.00,0.00,12.00,0.00,0.00,0,0,0.00,0,0.00
2026-03-28 18:01:29,269.07,0,0,0,0,0,0,0,0.00,0,1.00,3.31,1.70,2.72,1.00,D,0.00,12.00,12.00,12.00,0.75,^,0.00,,13.00,8.30,504,0.00,56.0,1,0,0.00,0.00,0.00,12.00,0.00,0.00,0,0,0.00,0,0.00
2026-03-28 18:01:30,270.08,0,0,0,0,0,0,0,0.00,0,1.00,3.31,1.70,2.68,1.00,D,0.00,12.00,12.00,12.00,0.61,^,0.00,,13.80,8.30,504,0.00,56.0,1,0,0.00,0.00,0.00,12.00,0.00,0.00,0,0,0.00,0,0.00
2026-03-28 18:01:31,271.10,0,0,0,0,0,0,0,0.00,0,1.00,3.31,1.70,2.95,1.00,D,0.00,12.00,12.00,12.00,0.93,^,0.00,,12.20,8.30,504,0.00,56.5,1,0,0.00,0.00,0.00,12.00,0.00,0.00,0,0,0.00,0,0.00
2026-03-28 18:01:32,272.11,0,0,0,0,0,0,0,0.00,0,1.00,3.31,1.71,2.62,1.00,D,0.00,12.00,12.00,12.00,0.87,^,0.00,,13.60,8.30,504,0.00,57.1,1,0,0.00,0.00,0.00,12.00,0.00,0.00,0,0,0.00,0,0.00
2026-03-28 18:01:33,273.12,0,0,0,0,0,0,0,0.00,0,1.00,3.31,1.71,2.45,1.00,D,0.00,12.00,1.72,12.00,0.70,^,0.00,,15.40,8.30,504,0.00,56.0,1,0,0.00,0.00,0.00,12.00,0.00,0.00,0,0,0.00,0,0.00
2026-03-28 18:01:34,274.13,0,0,0,0,0,0,0,0.00,0,1.00,3.31,1.71,2.78,1.00,D,0.00,12.00,1.15,12.00,1.03,^,0.00,,13.30,8.30,504,0.00,57.6,1,0,0.00,0.00,0.00,12.00,0.00,0.00,0,0,0.00,0,0.00
2026-03-28 18:01:35,275.15,0,0,0,0,0,0,0,0.00,0,1.00,3.31,1.72,2.77,1.00,D,0.00,12.00,12.00,12.00,0.90,^,0.00,,15.00,8.30,504,0.00,56.0,1,0,0.00,0.00,0.00,12.00,0.00,0.00,0,0,0.00,0,0.00
2026-03-28 18:01:36,276.16,0,0,0,0,0,0,0,0.00,0,1.00,3.31,1.72,2.63,1.00,D,0.00,12.00,12.00,12.00,0.68,^,0.00,,13.30,8.30,504,0.00,57.1,1,0,0.00,0.00,0.00,12.00,0.00,0.00,0,0,0.00,0,0.00
2026-03-28 18:01:37,277.17,0,0,0,0,0,0,0,0.00,0,1.00,3.31,1.73,2.69,1.00,D,0.00,12.00,1.68,12.00,0.72,^,0.00,,14.10,8.30,504,0.00,57.1,1,0,0.00,0.00,0.00,12.00,0.00,0.00,0,0,0.00,0,0.00
2026-03-28 18:01:38,278.18,0,0,0,0,0,0,0,0.00,0,1.00,3.31,1.73,2.85,1.00,D,0.00,12.00,1.54,12.00,0.90,^,0.00,,13.10,8.30,504,0.00,57.1,1,0,0.00,0.00,0.00,12.00,0.00,0.00,0,0,0.00,0,0.00
2026-03-28 18:01:39,279.20,0,0,0,0,0,0,0,0.00,0,1.00,3.31,1.73,2.76,1.00,D,0.00,12.00,1.66,12.00,0.68,^,0.00,,15.40,8.30,504,0.00,57.1,1,0,0.00,0.00,0.00,12.00,0.00,0.00,0,0,0.00,0,0.00
2026-03-28 18:01:40,280.21,0,0,0,0,0,0,0,0.00,0,1.00,3.31,1.74,2.70,1.00,D,0.00,12.00,1.51,12.00,0.61,^,0.00,,15.30,8.30,504,0.00,56.5,1,0,0.00,0.00,0.00,12.00,0.00,0.00,0,0,0.00,0,0.00
2026-03-28 18:01:41,281.21,0,0,0,0,0,0,0,0.00,0,1.00,3.31,1.74,2.78,1.00,D,0.00,12.00,12.00,12.00,0.80,^,0.00,,14.60,8.30,504,0.00,55.4,1,0,0.00,0.00,0.00,12.00,0.00,0.00,0,0,0.00,0,0.00
2026-03-28 18:01:42,282.22,0,0,0,0,0,0,0,0.00,0,1.00,3.31,1.74,2.83,1.00,D,0.00,12.00,12.00,12.00,0.86,^,0.00,,13.50,8.30,504,0.00,56.0,1,0,0.00,0.00,0.00,12.00,0.00,0.00,0,0,0.00,0,0.00
2026-03-28 18:01:44,283.23,0,0,0,0,0,0,0,0.00,0,1.00,3.31,1.75,2.89,1.00,D,0.00,12.00,12.00,12.00,0.79,^,0.00,,13.40,8.30,504,0.00,56.5,1,0,0.00,0.00,0.00,12.00,0.00,0.00,0,0,0.00,0,0.00
2026-03-28 18:01:45,284.25,0,0,0,0,0,0,0,0.00,0,1.00,3.31,1.75,2.73,1.00,D,0.00,12.00,12.00,12.00,0.74,^,0.00,,13.50,8.30,504,0.00,57.1,1,0,0.00,0.00,0.00,12.00,0.00,0.00,0,0,0.00,0,0.00
2026-03-28 18:01:46,285.25,0,0,0,0,0,0,0,0.00,0,1.00,3.31,1.76,2.90,1.00,D,0.00,12.00,12.00,1.05,0.90,^,0.00,,14.60,8.30,504,0.00,55.4,1,0,0.00,0.00,0.00,12.00,0.00,0.00,0,0,0.00,0,0.00
2026-03-28 18:01:47,286.36,0,0,0,0,0,0,0,0.00,0,1.00,3.31,1.76,2.88,1.00,D,0.00,12.00,12.00,12.00,1.27,^,0.00,,13.60,8.30,504,0.00,54.9,1,0,0.00,0.00,0.00,12.00,0.00,0.00,0,0,0.00,0,0.00
2026-03-28 18:01:48,287.27,0,0,0,0,0,0,0,0.00,0,1.00,3.31,1.76,2.76,1.00,D,0.00,12.00,12.00,12.00,1.06,^,0.00,,15.30,8.30,504,0.00,56.5,1,0,0.00,0.00,0.00,12.00,0.00,0.00,0,0,0.00,0,0.00
2026-03-28 18:01:49,288.27,0,0,0,0,0,0,0,0.00,0,1.00,3.31,1.77,2.78,1.00,D,0.00,12.00,12.00,12.00,0.94,^,0.00,,17.00,8.30,504,0.00,56.0,1,0,0.00,0.00,0.00,12.00,0.00,0.00,0,0,0.00,0,0.00
2026-03-28 18:01:50,289.28,0,0,0,0,0,0,0,0.00,0,1.00,3.31,1.77,2.76,1.00,D,0.00,12.00,12.00,12.00,1.27,^,0.00,,16.00,8.30,504,0.00,57.6,1,0,0.00,0.00,0.00,12.00,0.00,0.00,0,0,0.00,0,0.00
2026-03-28 18:01:51,290.29,0,0,0,0,0,0,0,0.00,0,1.00,3.31,1.77,2.78,1.00,D,0.00,12.00,12.00,12.00,1.15,^,0.00,,13.90,8.30,504,0.00,56.0,1,0,0.00,0.00,0.00,12.00,0.00,0.00,0,0,0.00,0,0.00
2026-03-28 18:01:52,291.30,0,0,0,0,0,0,0,0.00,0,1.00,3.31,1.78,2.85,1.00,D,0.00,12.00,12.00,12.00,1.08,^,0.00,,14.20,8.30,504,0.00,57.1,1,0,0.00,0.00,0.00,12.00,0.00,0.00,0,0,0.00,0,0.00
2026-03-28 18:01:53,292.31,0,0,0,0,0,0,0,0.00,0,1.00,3.31,1.78,2.95,1.00,D,0.00,12.00,12.00,12.00,1.25,^,0.00,,11.90,8.30,504,0.00,57.1,1,0,0.00,0.00,0.00,12.00,0.00,0.00,0,0,0.00,0,0.00
2026-03-28 18:01:54,293.32,0,0,0,0,0,0,0,0.00,0,1.00,3.31,1.79,2.93,1.00,D,0.00,12.00,12.00,12.00,1.54,^,0.00,,13.10,8.30,504,0.00,56.0,1,0,0.00,0.00,0.00,12.00,0.00,0.00,0,0,0.00,0,0.00
2026-03-28 18:01:55,294.34,0,0,0,0,0,0,0,0.00,0,1.00,3.31,1.79,2.91,1.00,D,0.00,12.00,12.00,12.00,1.53,^,0.00,,14.20,8.20,504,0.00,56.0,1,0,0.00,0.00,0.00,12.00,0.00,0.00,0,0,0.00,0,0.00
2026-03-28 18:01:56,295.34,0,0,0,0,0,0,0,0.00,0,1.00,3.31,1.79,2.96,1.00,D,0.00,12.00,12.00,12.00,1.39,^,0.00,,18.10,8.60,504,0.00,56.5,1,0,0.00,0.00,0.00,12.00,0.00,0.00,0,0,0.00,0,0.00
2026-03-28 18:01:57,296.35,0,0,0,0,0,0,0,0.00,0,1.00,3.31,1.80,2.25,1.00,D,0.00,12.00,1.27,12.00,0.92,^,0.00,,13.50,8.60,504,0.00,57.1,1,0,0.00,0.00,0.00,12.00,0.00,0.00,0,0,0.00,0,0.00
2026-03-28 18:01:58,297.36,0,0,0,0,0,0,0,0.00,0,1.00,3.31,1.80,2.79,1.00,D,0.00,12.00,12.00,2.54,1.21,^,0.00,,12.80,8.60,504,0.00,57.6,1,0,0.00,0.00,0.00,12.00,0.00,0.00,0,0,0.00,0,0.00
2026-03-28 18:01:59,298.37,0,0,0,0,0,0,0,1.00,0,1.00,3.31,1.80,2.79,1.00,D,0.00,12.00,12.00,2.23,1.34,^,0.00,,17.00,8.90,504,0.00,57.1,1,0,0.00,0.00,0.00,12.00,0.00,0.00,0,0,0.00,0,0.00
2026-03-28 18:02:00,299.39,0,0,0,0,0,0,0,0.00,0,1.00,3.31,1.81,2.99,1.00,D,0.00,12.00,12.00,1.94,1.08,^,0.00,,12.30,8.90,504,0.00,56.5,1,0,0.00,0.00,0.00,12.00,0.00,0.00,0,0,0.00,0,0.00
2026-03-28 18:02:01,300.40,0,0,0,0,0,0,0,0.00,0,1.00,3.31,1.81,2.69,1.00,D,0.00,12.00,12.00,1.90,0.98,^,0.00,,13.20,8.90,504,0.00,56.0,1,0,0.00,0.00,0.00,12.00,0.00,0.00,0,0,0.00,0,0.00
2026-03-28 18:02:02,301.41,0,0,0,0,0,0,0,0.97,0,1.00,3.31,1.81,3.02,1.00,D,0.00,12.00,12.00,1.46,0.75,^,0.00,,14.00,8.80,504,0.00,57.1,1,0,0.00,0.00,0.00,12.00,0.00,0.00,0,0,0.00,0,0.00
2026-03-28 18:02:03,302.43,0,0,0,0,0,0,0,0.00,0,1.00,3.31,1.82,2.86,1.00,D,0.00,12.00,12.00,1.64,0.76,^,0.00,,17.80,8.90,504,0.00,56.5,1,0,0.00,0.00,0.00,12.00,0.00,0.00,0,0,0.00,0,0.00
2026-03-28 18:02:04,303.44,0,0,0,0,0,0,0,0.00,0,1.00,3.31,1.82,2.82,1.00,D,0.00,12.00,12.00,1.64,0.94,^,0.00,,16.90,8.80,504,0.00,57.1,1,0,0.00,0.00,0.00,12.00,0.00,0.00,0,0,0.00,0,0.00
2026-03-28 18:02:05,304.45,0,0,0,0,0,0,0,0.00,0,1.00,3.31,1.82,2.85,1.00,D,0.00,12.00,12.00,1.55,0.83,^,0.00,,14.50,8.80,504,0.00,57.1,1,0,0.00,0.00,0.00,12.00,0.00,0.00,0,0,0.00,0,0.00
2026-03-28 18:02:06,305.45,0,0,0,0,0,0,0,0.00,0,1.00,3.31,1.83,2.67,1.00,D,0.00,12.00,12.00,1.58,0.69,^,0.00,,16.90,8.80,504,0.00,57.1,1,0,0.00,0.00,0.00,12.00,0.00,0.00,0,0,0.00,0,0.00
2026-03-28 18:02:07,306.47,0,0,0,0,0,0,0,1.00,0,1.00,3.31,1.83,2.86,1.00,D,0.00,12.00,12.00,1.83,0.55,^,0.00,,15.00,8.80,504,0.00,57.1,1,0,0.00,0.00,0.00,12.00,0.00,0.00,0,0,0.00,0,0.00
2026-03-28 18:02:08,307.56,0,0,0,0,0,0,0,1.00,0,1.00,3.31,1.83,2.85,1.00,D,0.00,12.00,12.00,1.68,0.96,^,0.00,,15.30,8.70,504,0.00,57.1,1,0,0.00,0.00,0.00,12.00,0.00,0.00,0,0,0.00,0,0.00
2026-03-28 18:02:09,308.48,0,0,0,0,0,0,0,0.00,0,1.00,3.31,1.83,2.79,1.00,D,0.00,12.00,12.00,1.59,0.86,^,0.00,,13.10,8.70,504,0.00,57.6,1,0,0.00,0.00,0.00,12.00,0.00,0.00,0,0,0.00,0,0.00
2026-03-28 18:02:10,309.48,0,0,0,0,0,0,0,0.00,0,1.00,3.31,1.84,2.94,1.00,D,0.00,1.94,12.00,1.29,0.69,^,0.00,,15.20,8.60,504,0.00,56.5,1,0,0.00,0.00,0.00,1.94,0.00,0.00,0,0,0.00,0,0.00
2026-03-28 18:02:11,310.50,0,0,0,0,0,0,0,0.00,0,1.00,3.31,1.84,2.89,1.00,D,0.00,12.00,12.00,0.91,0.58,^,0.00,,14.60,8.60,504,0.00,56.0,1,0,0.00,0.00,0.00,12.00,0.00,0.00,0,0,0.00,0,0.00
2026-03-28 18:02:12,311.51,0,0,0,0,0,0,0,1.00,0,1.00,3.31,1.84,2.72,1.00,D,0.00,12.00,12.00,1.40,0.66,^,0.00,,12.70,8.60,504,0.00,56.0,1,0,0.00,0.00,0.00,12.00,0.00,0.00,0,0,0.00,0,0.00
2026-03-28 18:02:13,312.52,0,0,0,0,0,0,0,0.00,0,1.00,3.31,1.85,2.72,1.00,D,0.00,2.27,12.00,1.33,0.82,^,0.00,,16.10,8.60,504,0.00,57.1,1,0,0.00,0.00,0.00,2.27,0.00,0.00,0,0,0.00,0,0.00
2026-03-28 18:02:14,313.54,0,0,0,0,0,0,0,0.00,0,1.00,3.31,1.85,2.89,1.00,D,0.00,12.00,12.00,1.26,0.86,^,0.00,,17.50,8.40,504,0.00,57.1,1,0,0.00,0.00,0.00,12.00,0.00,0.00,0,0,0.00,0,0.00
2026-03-28 18:02:15,314.55,0,0,0,0,0,0,0,1.00,0,1.00,3.31,1.85,2.60,1.00,D,0.00,12.00,12.00,1.45,1.08,^,0.00,,14.40,8.40,504,0.00,56.5,1,0,0.00,0.00,0.00,12.00,0.00,0.00,0,0,0.00,0,0.00
2026-03-28 18:02:16,315.57,0,0,0,0,0,0,0,0.34,0,1.00,3.31,1.86,2.88,1.00,D,0.00,12.00,12.00,1.41,1.43,^,0.00,,14.40,8.40,504,0.00,57.6,1,0,0.00,0.00,0.00,12.00,0.00,0.00,0,0,0.00,0,0.00
2026-03-28 18:02:17,316.58,0,0,0,0,0,0,0,0.00,0,1.00,3.31,1.86,2.76,1.00,D,0.00,12.00,12.00,1.23,1.35,^,0.00,,13.50,8.40,504,0.00,55.4,1,0,0.00,0.00,0.00,12.00,0.00,0.00,0,0,0.00,0,0.00
2026-03-28 18:02:18,317.59,0,0,0,0,0,0,0,1.00,0,1.00,3.31,1.86,2.96,1.00,D,0.00,12.00,12.00,1.18,1.36,^,0.00,,12.90,8.40,504,0.00,56.0,1,0,0.00,0.00,0.00,12.00,0.00,0.00,0,0,0.00,0,0.00
2026-03-28 18:02:19,318.60,0,0,0,0,0,0,0,0.00,0,1.00,3.31,1.87,2.71,1.00,D,0.00,12.00,12.00,1.24,1.32,^,0.00,,16.20,8.40,504,0.00,56.0,1,0,0.00,0.00,0.00,12.00,0.00,0.00,0,0,0.00,0,0.00
2026-03-28 18:02:20,319.61,0,0,0,0,0,0,0,1.00,0,1.00,3.31,1.87,2.66,1.00,D,0.00,12.00,12.00,1.55,1.51,^,0.00,,13.30,8.30,504,0.00,56.0,1,0,0.00,0.00,0.00,12.00,0.00,0.00,0,0,0.00,0,0.00
2026-03-28 18:02:21,320.62,0,0,0,0,0,0,0,0.00,0,1.00,3.31,1.87,2.58,1.00,D,0.00,12.00,12.00,1.46,1.55,^,0.00,,13.60,8.30,504,0.00,54.9,1,0,0.00,0.00,0.00,12.00,0.00,0.00,0,0,0.00,0,0.00
2026-03-28 18:02:22,321.64,0,0,0,0,0,0,0,1.00,0,1.00,3.31,1.87,2.76,1.00,D,0.00,2.04,12.00,1.15,1.30,^,0.00,,10.60,8.30,504,0.00,56.5,1,0,0.00,0.00,0.00,2.04,0.00,0.00,0,0,0.00,0,0.00
2026-03-28 18:02:23,322.65,0,0,0,0,0,0,0,0.00,0,1.00,3.31,1.88,2.55,1.00,D,0.00,12.00,12.00,1.09,1.09,^,0.00,,9.10,8.30,504,0.00,56.5,1,0,0.00,0.00,0.00,12.00,0.00,0.00,0,0,0.00,0,0.00
2026-03-28 18:02:24,323.67,0,0,0,0,0,0,0,1.00,0,1.00,3.31,1.88,2.76,1.00,D,0.00,12.00,12.00,1.06,1.02,^,0.00,,10.10,8.30,504,0.00,56.5,1,0,0.00,0.00,0.00,12.00,0.00,0.00,0,0,0.00,0,0.00
2026-03-28 18:02:25,324.68,0,0,0,0,0,0,0,0.00,0,1.00,3.31,1.88,2.45,1.00,D,0.00,12.00,12.00,1.40,1.42,^,0.00,,8.40,8.30,504,0.00,54.9,1,0,0.00,0.00,0.00,12.00,0.00,0.00,0,0,0.00,0,0.00
2026-03-28 18:02:26,325.69,0,0,0,0,0,0,0,0.00,0,1.00,3.31,1.88,2.42,1.00,D,0.00,12.00,12.00,1.44,1.24,^,0.00,,9.80,8.30,504,0.00,56.0,1,0,0.00,0.00,0.00,12.00,0.00,0.00,0,0,0.00,0,0.00
2026-03-28 18:02:27,326.70,0,0,0,0,0,0,0,0.00,0,1.00,3.31,1.88,2.61,1.00,D,0.00,12.00,12.00,1.43,1.11,^,0.00,,7.70,8.30,504,0.00,56.5,1,0,0.00,0.00,0.00,12.00,0.00,0.00,0,0,0.00,0,0.00
2026-03-28 18:02:28,327.71,0,0,0,0,0,0,0,1.00,0,1.00,3.31,1.89,2.69,1.00,D,0.00,12.00,12.00,1.71,1.59,^,0.00,,9.50,8.30,504,0.00,56.5,1,0,0.00,0.00,0.00,12.00,0.00,0.00,0,0,0.00,0,0.00
2026-03-28 18:02:29,328.72,0,0,0,0,0,0,0,0.86,0,1.00,3.31,1.89,2.58,1.00,D,0.00,12.00,12.00,1.83,1.39,^,0.00,,10.60,8.30,504,0.00,55.4,1,0,0.00,0.00,0.00,12.00,0.00,0.00,0,0,0.00,0,0.00
2026-03-28 18:02:30,329.72,0,0,0,0,0,0,0,1.00,0,1.00,3.31,1.89,2.81,1.00,D,0.00,12.00,12.00,2.01,1.37,^,0.00,,10.20,8.30,504,0.00,56.0,1,0,0.00,0.00,0.00,12.00,0.00,0.00,0,0,0.00,0,0.00
2026-03-28 18:02:31,330.73,0,0,0,0,0,0,0,0.00,0,1.00,3.31,1.89,2.64,1.00,D,0.00,12.00,12.00,2.00,1.45,^,0.00,,10.50,8.30,504,0.00,56.5,1,0,0.00,0.00,0.00,12.00,0.00,0.00,0,0,0.00,0,0.00
2026-03-28 18:02:32,331.73,0,0,0,0,0,0,0,0.00,0,1.00,3.31,1.89,2.62,1.00,D,0.00,12.00,12.00,1.70,1.22,^,0.00,,9.00,8.30,504,0.00,57.1,1,0,0.00,0.00,0.00,12.00,0.00,0.00,0,0,0.00,0,0.00
2026-03-28 18:02:33,332.74,0,0,0,0,0,0,0,0.00,0,1.00,3.31,1.90,2.74,1.00,D,0.00,12.00,12.00,1.64,1.15,^,0.00,,8.80,8.30,504,0.00,56.0,1,0,0.00,0.00,0.00,12.00,0.00,0.00,0,0,0.00,0,0.00
2026-03-28 18:02:34,333.76,0,0,0,0,0,0,0,0.00,0,1.00,3.31,1.90,2.79,1.00,D,0.00,12.00,12.00,2.01,1.41,^,0.00,,9.50,8.30,504,0.00,55.4,1,0,0.00,0.00,0.00,12.00,0.00,0.00,0,0,0.00,0,0.00
2026-03-28 18:02:35,334.77,0,0,0,0,0,0,0,0.00,0,1.00,3.31,1.90,2.66,1.00,D,0.00,12.00,12.00,1.96,1.15,^,0.00,,11.60,8.30,504,0.00,54.3,1,0,0.00,0.00,0.00,12.00,0.00,0.00,0,0,0.00,0,0.00
2026-03-28 18:02:36,335.78,0,0,0,0,0,0,0,0.00,0,1.00,3.31,1.90,2.71,1.00,D,0.00,12.00,12.00,2.16,1.02,^,0.00,,12.10,8.30,504,0.00,56.0,1,0,0.00,0.00,0.00,12.00,0.00,0.00,0,0,0.00,0,0.00
2026-03-28 18:02:37,336.79,0,0,0,0,0,0,0,0.00,0,1.00,3.31,1.91,2.72,1.00,D,0.00,12.00,12.00,2.02,1.08,^,0.00,,10.30,8.30,504,0.00,54.3,1,0,0.00,0.00,0.00,12.00,0.00,0.00,0,0,0.00,0,0.00
2026-03-28 18:02:38,337.80,0,0,0,0,0,0,0,0.74,0,1.00,3.31,1.91,2.74,1.00,D,0.00,12.00,12.00,12.00,1.07,^,0.00,,10.50,8.30,504,0.00,55.4,1,0,0.00,0.00,0.00,12.00,0.00,0.00,0,0,0.00,0,0.00
2026-03-28 18:02:39,338.81,0,0,0,0,0,0,0,0.00,0,1.00,3.31,1.91,2.68,1.00,D,0.00,12.00,12.00,12.00,0.96,^,0.00,,10.70,8.30,504,0.00,56.0,1,0,0.00,0.00,0.00,12.00,0.00,0.00,0,0,0.00,0,0.00
2026-03-28 18:02:40,339.82,0,0,0,0,0,0,0,0.00,0,1.00,3.31,1.91,2.73,1.00,D,0.00,12.00,12.00,12.00,1.02,^,0.00,,11.10,8.30,504,0.00,56.0,1,0,0.00,0.00,0.00,12.00,0.00,0.00,0,0,0.00,0,0.00
2026-03-28 18:02:41,340.83,0,0,0,0,0,0,0,0.00,0,1.00,3.31,1.92,2.74,1.00,D,0.00,12.00,12.00,12.00,1.11,^,0.00,,11.20,8.30,504,0.00,56.5,1,0,0.00,0.00,0.00,12.00,0.00,0.00,0,0,0.00,0,0.00
2026-03-28 18:02:42,341.85,0,0,0,0,0,0,0,0.00,0,1.00,3.31,1.92,2.74,1.00,D,0.00,12.00,12.00,12.00,1.00,^,0.00,,8.60,8.30,504,0.00,55.4,1,0,0.00,0.00,0.00,12.00,0.00,0.00,0,0,0.00,0,0.00
2026-03-28 18:02:43,342.86,0,0,0,0,0,0,0,0.00,0,1.00,3.31,1.92,2.74,1.00,D,0.00,12.00,12.00,12.00,0.83,^,0.00,,11.90,8.30,504,0.00,55.4,1,0,0.00,0.00,0.00,12.00,0.00,0.00,0,0,0.00,0,0.00
2026-03-28 18:02:44,343.87,0,0,0,0,0,0,0,0.49,0,1.00,3.31,1.92,2.79,1.00,D,0.00,12.00,12.00,12.00,0.86,^,0.00,,11.40,8.30,504,0.00,54.9,1,0,0.00,0.00,0.00,12.00,0.00,0.00,0,0,0.00,0,0.00
2026-03-28 18:02:45,344.89,0,0,0,0,0,0,0,0.00,0,1.00,3.31,1.92,2.71,1.00,D,0.00,12.00,12.00,12.00,1.08,^,0.00,,9.60,8.30,504,0.00,55.4,1,0,0.00,0.00,0.00,12.00,0.00,0.00,0,0,0.00,0,0.00
2026-03-28 18:02:46,345.89,0,0,0,0,0,0,0,0.00,0,1.00,3.31,1.93,2.79,1.00,D,0.00,12.00,12.00,2.54,0.92,^,0.00,,13.50,8.30,504,0.00,56.0,1,0,0.00,0.00,0.00,12.00,0.00,0.00,0,0,0.00,0,0.00
2026-03-28 18:02:47,346.90,0,0,0,0,0,0,0,0.00,0,1.00,3.31,1.93,2.80,1.00,D,0.00,12.00,12.00,12.00,0.86,^,0.00,,9.50,8.30,504,0.00,53.8,1,0,0.00,0.00,0.00,12.00,0.00,0.00,0,0,0.00,0,0.00
2026-03-28 18:02:48,347.91,0,0,0,0,0,0,0,0.00,0,1.00,3.31,1.93,2.69,1.00,D,0.00,12.00,12.00,12.00,0.97,^,0.00,,14.30,8.30,504,0.00,54.3,1,0,0.00,0.00,0.00,12.00,0.00,0.00,0,0,0.00,0,0.00
2026-03-28 18:02:49,348.92,0,0,0,0,0,0,0,0.00,0,1.00,3.31,1.93,2.64,1.00,D,0.00,12.00,12.00,2.59,0.93,^,0.00,,12.80,8.30,504,0.00,56.0,1,0,0.00,0.00,0.00,12.00,0.00,0.00,0,0,0.00,0,0.00
2026-03-28 18:02:50,349.94,0,0,0,0,0,0,0,1.00,0,1.00,3.31,1.94,2.79,1.00,D,0.00,12.00,12.00,12.00,0.73,^,0.00,,11.70,8.30,504,0.00,55.4,1,0,0.00,0.00,0.00,12.00,0.00,0.00,0,0,0.00,0,0.00
2026-03-28 18:02:51,350.95,0,0,0,0,0,0,0,0.00,0,1.00,3.31,1.94,2.79,1.00,D,0.00,12.00,12.00,2.89,0.56,^,0.00,,10.80,8.30,504,0.00,56.0,1,0,0.00,0.00,0.00,12.00,0.00,0.00,0,0,0.00,0,0.00
2026-03-28 18:02:52,351.96,0,0,0,0,0,0,0,0.00,0,1.00,3.31,1.94,2.74,1.00,D,0.00,12.00,12.00,12.00,0.82,^,0.00,,12.70,8.30,504,0.00,56.0,1,0,0.00,0.00,0.00,12.00,0.00,0.00,0,0,0.00,0,0.00
2026-03-28 18:02:53,352.97,0,0,0,0,0,0,0,0.00,0,1.00,3.31,1.94,2.71,1.00,D,0.00,12.00,12.00,12.00,0.95,^,0.00,,12.00,8.30,504,0.00,54.3,1,0,0.00,0.00,0.00,12.00,0.00,0.00,0,0,0.00,0,0.00
2026-03-28 18:02:54,353.98,0,0,0,0,0,0,0,0.00,0,1.00,3.31,1.95,2.64,1.00,D,0.00,12.00,12.00,12.00,0.81,^,0.00,,13.80,8.30,504,0.00,54.9,1,0,0.00,0.00,0.00,12.00,0.00,0.00,0,0,0.00,0,0.00
2026-03-28 18:02:55,355.00,0,0,0,0,0,0,0,0.00,0,1.00,3.31,1.95,2.75,1.00,D,0.00,12.00,12.00,12.00,0.93,^,0.00,,14.00,8.30,504,0.00,55.4,1,0,0.00,0.00,0.00,12.00,0.00,0.00,0,0,0.00,0,0.00
2026-03-28 18:02:56,356.01,0,0,0,0,0,0,0,0.59,0,1.00,3.31,1.95,2.79,1.00,D,0.00,12.00,12.00,12.00,1.10,^,0.00,,17.00,8.30,504,0.00,56.5,1,0,0.00,0.00,0.00,12.00,0.00,0.00,0,0,0.00,0,0.00
2026-03-28 18:02:57,357.02,0,0,0,0,0,0,0,0.00,0,1.00,3.31,1.95,2.75,1.00,D,0.00,12.00,12.00,12.00,0.91,^,0.00,,13.60,8.30,504,0.00,54.9,1,0,0.00,0.00,0.00,12.00,0.00,0.00,0,0,0.00,0,0.00
2026-03-28 18:02:58,358.02,0,0,0,0,0,0,0,0.00,0,1.00,3.31,1.95,2.72,1.00,D,0.00,12.00,12.00,12.00,0.75,^,0.00,,14.20,8.30,504,0.00,55.4,1,0,0.00,0.00,0.00,12.00,0.00,0.00,0,0,0.00,0,0.00
2026-03-28 18:02:59,359.03,0,0,0,0,0,0,0,0.00,0,1.00,3.31,1.96,2.65,1.00,D,0.00,12.00,12.00,12.00,0.86,^,0.00,,14.60,8.30,504,0.00,56.0,1,0,0.00,0.00,0.00,12.00,0.00,0.00,0,0,0.00,0,0.00
2026-03-28 18:03:00,360.05,0,0,0,0,0,0,0,0.00,0,1.00,3.31,1.96,2.82,1.00,D,0.00,12.00,12.00,12.00,0.90,^,0.00,,13.50,8.30,504,0.00,54.3,1,0,0.00,0.00,0.00,12.00,0.00,0.00,0,0,0.00,0,0.00
2026-03-28 18:03:01,361.16,0,0,0,0,0,0,0,0.46,0,1.00,3.31,1.96,2.77,1.00,D,0.00,12.00,12.00,2.78,0.70,^,0.00,,16.50,8.30,504,0.00,56.0,1,0,0.00,0.00,0.00,12.00,0.00,0.00,0,0,0.00,0,0.00
2026-03-28 18:03:02,362.06,0,0,0,0,0,0,0,0.00,0,1.00,3.31,1.96,2.79,1.00,D,0.00,12.00,12.00,2.50,0.67,^,0.00,,13.20,8.30,504,0.00,55.4,1,0,0.00,0.00,0.00,12.00,0.00,0.00,0,0,0.00,0,0.00
2026-03-28 18:03:03,363.08,0,0,0,0,0,0,0,0.11,0,1.00,3.31,1.96,2.70,1.00,D,0.00,12.00,12.00,12.00,0.75,^,0.00,,14.00,8.30,504,0.00,54.9,1,0,0.00,0.00,0.00,12.00,0.00,0.00,0,0,0.00,0,0.00
2026-03-28 18:03:04,364.09,0,0,0,0,0,0,0,0.00,0,1.00,3.31,1.97,2.73,1.00,D,0.00,12.00,12.00,2.67,0.75,^,0.00,,15.30,8.30,504,0.00,53.8,1,0,0.00,0.00,0.00,12.00,0.00,0.00,0,0,0.00,0,0.00
2026-03-28 18:03:05,365.09,0,0,0,0,0,0,0,0.00,0,1.00,3.31,1.97,2.76,1.00,D,0.00,12.00,12.00,2.27,0.66,^,0.00,,13.20,8.30,504,0.00,54.3,1,0,0.00,0.00,0.00,12.00,0.00,0.00,0,0,0.00,0,0.00
2026-03-28 18:03:06,366.10,0,0,0,0,0,0,0,0.00,0,1.00,3.31,1.97,2.80,1.00,D,0.00,12.00,12.00,12.00,0.51,^,0.00,,12.50,8.30,504,0.00,54.3,1,0,0.00,0.00,0.00,12.00,0.00,0.00,0,0,0.00,0,0.00
2026-03-28 18:03:07,367.11,0,0,0,0,0,0,0,0.00,0,1.00,3.31,1.97,2.59,1.00,D,0.00,12.00,12.00,2.74,0.92,^,0.00,,15.40,8.30,504,0.00,55.4,1,0,0.00,0.00,0.00,12.00,0.00,0.00,0,0,0.00,0,0.00
2026-03-28 18:03:08,368.12,0,0,0,0,0,0,0,0.00,0,1.00,3.31,1.98,2.66,1.00,D,0.00,12.00,12.00,2.67,0.98,^,0.00,,14.60,8.30,504,0.00,55.4,1,0,0.00,0.00,0.00,12.00,0.00,0.00,0,0,0.00,0,0.00
2026-03-28 18:03:09,369.14,0,0,0,0,0,0,0,0.66,0,1.00,3.31,1.98,2.85,1.00,D,0.00,12.00,12.00,12.00,0.89,^,0.00,,14.60,8.30,504,0.00,54.3,1,0,0.00,0.00,0.00,12.00,0.00,0.00,0,0,0.00,0,0.00
2026-03-28 18:03:10,370.15,0,0,0,0,0,0,0,0.00,0,1.00,3.31,1.98,2.71,1.00,D,0.00,12.00,12.00,2.57,0.92,^,0.00,,17.60,8.30,504,0.00,53.8,1,0,0.00,0.00,0.00,12.00,0.00,0.00,0,0,0.00,0,0.00
2026-03-28 18:03:11,371.17,0,0,0,0,0,0,0,0.00,0,1.00,3.31,1.98,2.90,1.00,D,0.00,12.00,12.00,12.00,1.04,^,0.00,,14.70,8.30,504,0.00,55.4,1,0,0.00,0.00,0.00,12.00,0.00,0.00,0,0,0.00,0,0.00
2026-03-28 18:03:13,372.28,0,0,0,0,0,0,0,0.00,0,1.00,3.31,1.98,2.75,1.00,D,0.00,12.00,12.00,12.00,0.80,^,0.00,,12.50,8.30,504,0.00,54.9,1,0,0.00,0.00,0.00,12.00,0.00,0.00,0,0,0.00,0,0.00
2026-03-28 18:03:13,373.18,0,0,0,0,0,0,0,0.00,0,1.00,3.31,1.99,2.64,1.00,D,0.00,12.00,12.00,12.00,0.64,^,0.00,,15.90,8.30,504,0.00,53.8,1,0,0.00,0.00,0.00,12.00,0.00,0.00,0,0,0.00,0,0.00
2026-03-28 18:03:14,374.20,0,0,0,0,0,0,0,0.00,0,1.00,3.31,1.99,2.67,1.00,D,0.00,12.00,12.00,12.00,0.54,^,0.00,,15.50,8.30,504,0.00,55.4,1,0,0.00,0.00,0.00,12.00,0.00,0.00,0,0,0.00,0,0.00
2026-03-28 18:03:15,375.21,0,0,0,0,0,0,0,0.00,0,1.00,3.31,1.99,2.75,1.00,D,0.00,12.00,12.00,2.65,0.82,^,0.00,,14.00,8.30,504,0.00,54.9,1,0,0.00,0.00,0.00,12.00,0.00,0.00,0,0,0.00,0,0.00
2026-03-28 18:03:16,376.23,0,0,0,0,0,0,0,0.00,0,1.00,3.31,1.99,2.74,1.00,D,0.00,12.00,12.00,2.46,0.92,^,0.00,,14.90,8.30,504,0.00,54.9,1,0,0.00,0.00,0.00,12.00,0.00,0.00,0,0,0.00,0,0.00
2026-03-28 18:03:18,377.29,0,0,0,0,0,0,0,0.00,0,1.00,3.31,1.99,2.67,1.00,D,0.00,12.00,12.00,2.42,0.74,^,0.00,,13.70,8.30,504,0.00,55.4,1,0,0.00,0.00,0.00,12.00,0.00,0.00,0,0,0.00,0,0.00
2026-03-28 18:03:19,378.24,0,0,0,0,0,0,0,1.00,0,1.00,3.31,2.00,2.74,1.00,D,0.00,12.00,12.00,12.00,0.61,^,0.00,,14.30,8.30,504,0.00,53.8,1,0,0.00,0.00,0.00,12.00,0.00,0.00,0,0,0.00,0,0.00
2026-03-28 18:03:20,379.24,0,0,0,0,0,0,0,0.00,0,1.00,3.31,2.00,2.77,1.00,D,0.00,12.00,12.00,2.65,0.87,^,0.00,,15.20,8.30,504,0.00,54.9,1,0,0.00,0.00,0.00,12.00,0.00,0.00,0,0,0.00,0,0.00
2026-03-28 18:03:21,380.26,0,0,0,0,0,0,0,0.00,0,1.00,3.31,2.00,2.87,1.00,D,0.00,12.00,12.00,12.00,0.84,^,0.00,,12.40,8.30,504,0.00,54.9,1,0,0.00,0.00,0.00,12.00,0.00,0.00,0,0,0.00,0,0.00
2026-03-28 18:03:22,381.27,0,0,0,0,0,0,0,0.00,0,1.00,3.31,2.00,2.73,1.00,D,0.00,12.00,12.00,12.00,0.73,^,0.00,,16.60,8.30,504,0.00,55.4,1,0,0.00,0.00,0.00,12.00,0.00,0.00,0,0,0.00,0,0.00
2026-03-28 18:03:23,382.28,0,0,0,0,0,0,0,0.11,0,1.00,3.31,2.00,2.75,1.00,D,0.00,12.00,12.00,12.00,0.82,^,0.00,,12.50,8.30,504,0.00,54.9,1,0,0.00,0.00,0.00,12.00,0.00,0.00,0,0,0.00,0,0.00
2026-03-28 18:03:24,383.29,0,0,0,0,0,0,0,0.00,0,1.00,3.31,2.00,2.61,1.00,D,0.00,12.00,12.00,12.00,0.98,^,0.00,,14.00,8.30,504,0.00,55.4,1,0,0.00,0.00,0.00,12.00,0.00,0.00,0,0,0.00,0,0.00
2026-03-28 18:03:25,384.30,0,0,0,0,0,0,0,1.00,0,1.00,3.31,2.01,2.76,1.00,D,0.00,12.00,12.00,12.00,0.97,^,0.00,,12.50,8.30,504,0.00,54.3,1,0,0.00,0.00,0.00,12.00,0.00,0.00,0,0,0.00,0,0.00
2026-03-28 18:03:26,385.32,0,0,0,0,0,0,0,1.00,0,1.00,3.31,2.01,2.84,1.00,D,0.00,12.00,12.00,12.00,1.65,^,0.00,,16.00,8.20,504,0.00,52.7,1,0,0.00,0.00,0.00,12.00,0.00,0.00,0,0,0.00,0,0.00
2026-03-28 18:03:27,386.33,0,0,0,0,0,0,0,0.00,0,1.00,3.31,2.01,2.72,1.00,D,0.00,12.00,12.00,12.00,12.00,^,0.00,,11.80,8.30,504,0.00,54.3,1,0,0.00,0.00,0.00,12.00,0.00,0.00,0,0,0.00,0,0.00
2026-03-28 18:03:28,387.35,0,0,0,0,0,0,0,0.00,0,1.00,3.31,2.01,2.71,1.00,D,0.00,12.00,12.00,3.02,3.03,^,0.00,,16.00,8.30,504,0.00,53.8,1,0,0.00,0.00,0.00,12.00,0.00,0.00,0,0,0.00,0,0.00
2026-03-28 18:03:29,388.36,0,0,0,0,0,0,0,0.00,0,1.00,3.31,2.01,2.74,1.00,D,0.00,12.00,12.00,2.89,2.97,^,0.00,,12.00,8.30,504,0.00,54.3,1,0,0.00,0.00,0.00,12.00,0.00,0.00,0,0,0.00,0,0.00
2026-03-28 18:03:30,389.37,0,0,0,0,0,0,0,0.00,0,1.00,3.31,2.02,2.71,1.00,D,0.00,12.00,12.00,12.00,12.00,^,0.00,,11.80,8.30,504,0.00,54.3,1,0,0.00,0.00,0.00,12.00,0.00,0.00,0,0,0.00,0,0.00
2026-03-28 18:03:31,390.38,0,0,0,0,0,0,0,0.00,0,1.00,3.31,2.02,2.65,1.00,D,0.00,12.00,12.00,12.00,12.00,^,0.00,,14.90,8.20,504,0.00,53.8,1,0,0.00,0.00,0.00,12.00,0.00,0.00,0,0,0.00,0,0.00
2026-03-28 18:03:32,391.40,0,0,0,0,0,0,0,0.00,0,1.00,3.31,2.02,2.74,1.00,D,0.00,12.00,12.00,12.00,2.82,^,0.00,,13.80,8.30,504,0.00,53.8,1,0,0.00,0.00,0.00,12.00,0.00,0.00,0,0,0.00,0,0.00
2026-03-28 18:03:33,392.41,0,0,0,0,0,0,0,0.75,0,1.00,3.31,2.02,2.77,1.00,D,0.00,12.00,12.00,12.00,12.00,^,0.00,,13.20,8.30,504,0.00,54.9,1,0,0.00,0.00,0.00,12.00,0.00,0.00,0,0,0.00,0,0.00
2026-03-28 18:03:34,393.42,0,0,0,0,0,0,0,0.00,0,1.00,3.31,2.02,2.73,1.00,D,0.00,12.00,12.00,12.00,12.00,^,0.00,,14.10,8.30,504,0.00,54.3,1,0,0.00,0.00,0.00,12.00,0.00,0.00,0,0,0.00,0,0.00
2026-03-28 18:03:35,394.44,0,0,0,0,0,0,0,1.00,0,1.00,3.31,2.03,2.74,1.00,D,0.00,12.00,12.00,12.00,12.00,^,0.00,,14.90,8.30,504,0.00,53.8,1,0,0.00,0.00,0.00,12.00,0.00,0.00,0,0,0.00,0,0.00
2026-03-28 18:03:36,395.45,0,0,0,0,0,0,0,0.00,0,1.00,3.31,2.03,2.74,1.00,D,0.00,12.00,12.00,12.00,12.00,^,0.00,,12.30,8.30,504,0.00,54.3,1,0,0.00,0.00,0.00,12.00,0.00,0.00,0,0,0.00,0,0.00
2026-03-28 18:03:37,396.47,0,0,0,0,0,0,0,0.00,0,1.00,3.31,2.03,2.76,1.00,D,0.00,12.00,12.00,2.95,12.00,^,0.00,,10.10,8.30,504,0.00,53.8,1,0,0.00,0.00,0.00,12.00,0.00,0.00,0,0,0.00,0,0.00
2026-03-28 18:03:38,397.48,0,0,0,0,0,0,0,0.27,0,1.00,3.31,2.03,2.74,1.00,D,0.00,12.00,12.00,12.00,12.00,^,0.00,,14.60,8.30,504,0.00,54.3,1,0,0.00,0.00,0.00,12.00,0.00,0.00,0,0,0.00,0,0.00
2026-03-28 18:03:39,398.49,0,0,0,0,0,0,0,-0.21,0,1.00,3.31,2.03,2.80,1.00,D,0.00,12.00,12.00,12.00,12.00,^,0.00,,12.30,8.30,504,0.00,53.8,1,0,0.00,0.00,0.00,12.00,0.00,0.00,0,0,0.00,0,0.00
2026-03-28 18:03:40,399.50,0,0,0,0,0,0,0,0.00,0,1.00,3.31,2.03,2.73,1.00,D,0.00,12.00,12.00,2.69,12.00,^,0.00,,9.20,8.30,504,0.00,53.8,1,0,0.00,0.00,0.00,12.00,0.00,0.00,0,0,0.00,0,0.00
2026-03-28 18:03:41,400.52,0,0,0,0,0,0,0,1.00,0,1.00,3.31,2.04,2.67,1.00,D,0.00,12.00,12.00,12.00,12.00,^,0.00,,11.90,8.30,504,0.00,53.8,1,0,0.00,0.00,0.00,12.00,0.00,0.00,0,0,0.00,0,0.00
2026-03-28 18:03:42,401.53,0,0,0,0,0,0,0,0.56,0,1.00,3.31,2.04,2.73,1.00,D,0.00,12.00,12.00,12.00,12.00,^,0.00,,18.20,8.30,504,0.00,54.3,1,0,0.00,0.00,0.00,12.00,0.00,0.00,0,0,0.00,0,0.00
2026-03-28 18:03:43,402.54,0,0,0,0,0,0,0,0.00,0,1.00,3.31,2.04,2.75,1.00,D,0.00,12.00,12.00,12.00,12.00,^,0.00,,14.90,8.30,504,0.00,53.2,1,0,0.00,0.00,0.00,12.00,0.00,0.00,0,0,0.00,0,0.00
2026-03-28 18:03:44,403.56,0,0,0,0,0,0,0,0.00,0,1.00,3.31,2.04,2.76,1.00,D,0.00,12.00,12.00,12.00,12.00,^,0.00,,14.60,8.30,504,0.00,53.2,1,0,0.00,0.00,0.00,12.00,0.00,0.00,0,0,0.00,0,0.00
2026-03-28 18:03:45,404.57,0,0,0,0,0,0,0,0.00,0,1.00,3.31,2.04,2.76,1.00,D,0.00,12.00,12.00,12.00,12.00,^,0.00,,11.50,8.30,504,0.00,52.1,1,0,0.00,0.00,0.00,12.00,0.00,0.00,0,0,0.00,0,0.00
2026-03-28 18:03:46,405.59,0,0,0,0,0,0,0,0.00,0,1.00,3.31,2.04,2.72,1.00,D,0.00,12.00,12.00,12.00,12.00,^,0.00,,11.30,8.30,504,0.00,52.7,1,0,0.00,0.00,0.00,12.00,0.00,0.00,0,0,0.00,0,0.00
2026-03-28 18:03:47,406.60,0,0,0,0,0,0,0,0.00,0,1.00,3.31,2.05,2.37,1.00,D,0.00,12.00,12.00,12.00,12.00,^,0.00,,11.10,8.30,504,0.00,53.8,1,0,0.00,0.00,0.00,12.00,0.00,0.00,0,0,0.00,0,0.00
2026-03-28 18:03:48,407.61,0,0,0,0,0,0,0,0.00,0,1.00,3.31,2.05,2.66,1.00,D,0.00,12.00,12.00,12.00,12.00,^,0.00,,6.90,8.30,504,0.00,52.1,1,0,0.00,0.00,0.00,12.00,0.00,0.00,0,0,0.00,0,0.00
2026-03-28 18:03:49,408.62,0,0,0,0,0,0,0,0.00,0,1.00,3.31,2.05,2.79,1.00,D,0.00,12.00,12.00,12.00,12.00,^,0.00,,9.80,8.30,504,0.00,52.7,1,0,0.00,0.00,0.00,12.00,0.00,0.00,0,0,0.00,0,0.00
2026-03-28 18:03:50,409.64,0,0,0,0,0,0,0,0.00,0,1.00,3.31,2.05,2.80,1.00,D,0.00,12.00,12.00,12.00,2.39,^,0.00,,9.90,8.30,504,0.00,53.8,1,0,0.00,0.00,0.00,12.00,0.00,0.00,0,0,0.00,0,0.00
2026-03-28 18:03:51,410.65,0,0,0,0,0,0,0,0.27,0,1.00,3.31,2.05,2.81,1.00,D,0.00,12.00,12.00,12.00,2.29,^,0.00,,9.40,8.30,504,0.00,52.7,1,0,0.00,0.00,0.00,12.00,0.00,0.00,0,0,0.00,0,0.00
2026-03-28 18:03:52,411.66,0,0,0,0,0,0,0,0.00,0,1.00,3.31,2.05,2.70,1.00,D,0.00,12.00,12.00,12.00,12.00,^,0.00,,12.80,8.30,504,0.00,53.2,1,0,0.00,0.00,0.00,12.00,0.00,0.00,0,0,0.00,0,0.00
2026-03-28 18:03:53,412.67,0,0,0,0,0,0,0,0.00,0,1.00,3.31,2.06,2.81,1.00,D,0.00,12.00,12.00,12.00,2.33,^,0.00,,12.10,8.30,504,0.00,53.8,1,0,0.00,0.00,0.00,12.00,0.00,0.00,0,0,0.00,0,0.00
2026-03-28 18:03:54,413.68,0,0,0,0,0,0,0,-0.22,0,1.00,3.31,2.06,2.52,1.00,D,0.00,12.00,12.00,2.51,2.15,^,0.00,,10.00,8.30,504,0.00,54.3,1,0,0.00,0.00,0.00,12.00,0.00,0.00,0,0,0.00,0,0.00
2026-03-28 18:03:55,414.70,0,0,0,0,0,0,0,0.00,0,1.00,3.31,2.06,2.78,1.00,D,0.00,12.00,12.00,2.09,2.15,^,0.00,,10.20,8.30,504,0.00,53.2,1,0,0.00,0.00,0.00,12.00,0.00,0.00,0,0,0.00,0,0.00
2026-03-28 18:03:56,415.71,0,0,0,0,0,0,0,0.00,0,1.00,3.31,2.06,2.78,1.00,D,0.00,12.00,12.00,1.38,2.29,^,0.00,,11.00,8.30,504,0.00,53.2,1,0,0.00,0.00,0.00,12.00,0.00,0.00,0,0,0.00,0,0.00
2026-03-28 18:03:57,416.72,0,0,0,0,0,0,0,0.67,0,1.00,3.31,2.06,2.91,1.00,D,0.00,12.00,12.00,12.00,1.41,^,0.00,,9.10,8.30,504,0.00,52.7,1,0,0.00,0.00,0.00,12.00,0.00,0.00,0,0,0.00,0,0.00
2026-03-28 18:03:58,417.74,0,0,0,0,0,0,0,0.00,0,1.00,3.31,2.06,2.39,1.00,D,0.00,12.00,12.00,12.00,1.80,^,0.00,,9.30,8.30,504,0.00,53.8,1,0,0.00,0.00,0.00,12.00,0.00,0.00,0,0,0.00,0,0.00
2026-03-28 18:03:59,418.74,0,0,0,0,0,0,0,0.00,0,1.00,3.31,2.07,2.74,1.00,D,0.00,12.00,12.00,12.00,1.55,^,0.00,,12.10,8.30,504,0.00,53.2,1,0,0.00,0.00,0.00,12.00,0.00,0.00,0,0,0.00,0,0.00
2026-03-28 18:04:00,419.75,0,0,0,0,0,0,0,0.69,0,1.00,3.31,2.07,2.73,1.00,D,0.00,12.00,12.00,12.00,1.56,^,0.00,,10.00,8.30,504,0.00,53.8,1,0,0.00,0.00,0.00,12.00,0.00,0.00,0,0,0.00,0,0.00
2026-03-28 18:04:01,420.76,0,0,0,0,0,0,0,0.00,0,1.00,3.31,2.07,2.72,1.00,D,0.00,12.00,12.00,12.00,1.53,^,0.00,,9.90,8.30,504,0.00,53.2,1,0,0.00,0.00,0.00,12.00,0.00,0.00,0,0,0.00,0,0.00
2026-03-28 18:04:02,421.78,0,0,0,0,0,0,0,0.00,0,1.00,3.31,2.07,2.68,1.00,D,0.00,12.00,12.00,12.00,1.34,^,0.00,,10.30,8.30,504,0.00,53.8,1,0,0.00,0.00,0.00,12.00,0.00,0.00,0,0,0.00,0,0.00
2026-03-28 18:04:03,422.79,0,0,0,0,0,0,0,0.00,0,1.00,3.31,2.07,2.70,1.00,D,0.00,12.00,12.00,12.00,1.49,^,0.00,,10.20,8.30,504,0.00,53.8,1,0,0.00,0.00,0.00,12.00,0.00,0.00,0,0,0.00,0,0.00
2026-03-28 18:04:04,423.80,0,0,0,0,0,0,0,0.00,0,1.00,3.31,2.07,2.74,1.00,D,0.00,12.00,12.00,2.56,1.86,^,0.00,,7.80,8.30,504,0.00,51.6,1,0,0.00,0.00,0.00,12.00,0.00,0.00,0,0,0.00,0,0.00
2026-03-28 18:04:05,424.81,0,0,0,0,0,0,0,0.00,0,1.00,3.31,2.07,2.69,1.00,D,0.00,12.00,12.00,12.00,1.73,^,0.00,,8.10,8.30,504,0.00,53.2,1,0,0.00,0.00,0.00,12.00,0.00,0.00,0,0,0.00,0,0.00
2026-03-28 18:04:06,425.82,0,0,0,0,0,0,0,0.00,0,0.29,3.31,2.08,2.65,0.94,D,0.00,12.00,12.00,2.74,1.73,^,0.00,,10.90,8.30,504,0.00,52.1,1,0,0.00,0.00,0.00,12.00,0.00,0.00,0,0,0.00,0,0.00
2026-03-28 18:04:07,426.83,0,0,0,0,0,0,0,0.00,0,1.00,3.31,2.08,2.34,1.00,D,0.00,12.00,12.00,12.00,1.73,^,0.00,,11.10,8.30,504,0.00,51.6,1,0,0.00,0.00,0.00,12.00,0.00,0.00,0,0,0.00,0,0.00
2026-03-28 18:04:08,427.84,0,0,0,0,0,0,0,0.00,0,0.00,3.31,2.08,2.73,0.88,D,0.00,12.00,12.00,12.00,1.55,^,0.00,,8.20,8.30,504,0.00,52.1,1,0,0.00,0.00,0.00,12.00,0.00,0.00,0,0,0.00,0,0.00
2026-03-28 18:04:09,428.86,0,0,0,0,0,0,0,0.96,0,0.00,3.31,2.08,1.84,0.28,D,0.00,12.00,12.00,12.00,1.27,^,0.00,,10.10,8.30,504,0.00,51.6,1,0,0.00,0.00,0.00,12.00,0.00,0.00,0,0,0.00,0,0.00
2026-03-28 18:04:10,429.87,0,0,0,0,0,0,0,1.00,0,1.00,3.31,2.08,0.11,0.17,D,0.00,12.00,12.00,12.00,1.23,^,0.00,,10.90,8.20,504,0.15,51.6,1,0,0.00,0.00,0.00,12.00,0.00,0.00,0,0,0.00,0,0.00
2026-03-28 18:04:11,430.88,0,0,0,0,0,0,0,1.00,0,1.00,3.31,2.07,0.21,0.68,D,0.00,12.00,12.00,12.00,0.81,^,0.00,,9.50,8.30,504,0.00,52.7,1,0,0.00,0.00,0.00,12.00,0.00,0.00,0,0,0.00,0,0.00
2026-03-28 18:04:12,431.90,0,0,0,0,0,0,0,0.00,0,0.00,3.31,2.07,1.47,0.50,D,0.00,12.00,12.00,12.00,1.30,^,0.00,,8.60,8.30,504,0.00,52.1,1,0,0.00,0.00,0.00,12.00,0.00,0.00,0,0,0.00,0,0.00
2026-03-28 18:04:13,432.91,0,0,0,0,0,0,0,0.00,0,0.00,3.31,2.07,0.00,0.00,D,0.00,12.00,12.00,12.00,1.67,^,0.00,,8.10,8.30,504,0.08,51.6,1,0,0.00,0.00,0.00,12.00,0.00,0.00,0,0,0.00,0,0.00
2026-03-28 18:04:14,433.92,0,0,0,0,0,0,0,0.00,0,0.00,3.31,2.06,0.00,0.00,D,0.00,12.00,12.00,12.00,1.30,^,0.00,,7.20,8.30,504,0.75,52.1,1,0,0.00,0.00,0.00,12.00,0.00,0.00,0,0,0.00,0,0.00
2026-03-28 18:04:15,434.93,0,0,0,0,0,0,0,0.00,0,0.00,3.31,2.06,0.00,0.00,D,0.00,12.00,12.00,12.00,1.28,^,0.00,,8.20,8.30,504,1.76,51.0,1,0,0.00,0.00,0.00,12.00,0.00,0.00,0,0,0.00,0,0.00
2026-03-28 18:04:16,435.95,0,0,0,0,0,0,0,0.00,0,0.00,3.31,2.05,0.00,0.00,D,0.00,12.00,12.00,12.00,1.28,^,0.00,,7.20,8.30,504,2.78,51.6,1,0,0.00,0.00,0.00,12.00,0.00,0.00,0,0,0.00,0,0.00
2026-03-28 18:04:17,436.95,0,0,0,0,0,0,0,0.00,0,0.00,3.31,2.05,0.00,0.00,D,0.00,12.00,12.00,12.00,1.29,^,0.00,,7.70,8.30,504,3.79,51.6,1,0,0.00,0.00,0.00,12.00,0.00,0.00,0,0,0.00,0,0.00
2026-03-28 18:04:18,437.96,0,0,0,0,0,0,0,0.00,0,0.00,3.31,2.04,0.00,0.00,D,0.00,12.00,12.00,12.00,1.29,^,0.00,,10.90,8.30,504,4.80,50.5,1,0,0.00,0.00,0.00,12.00,0.00,0.00,0,0,0.00,0,0.00
2026-03-28 18:04:19,438.97,0,0,0,0,0,0,0,0.00,0,0.00,3.31,2.04,0.00,0.00,D,0.00,12.00,12.00,12.00,1.29,^,0.00,,12.00,8.30,504,5.81,51.6,1,0,0.00,0.00,0.00,12.00,0.00,0.00,0,0,0.00,0,0.00
2026-03-28 18:04:20,439.99,0,0,0,0,0,0,0,0.00,0,0.00,3.31,2.03,0.00,0.00,D,0.00,12.00,12.00,12.00,1.28,^,0.00,,11.50,8.30,504,6.82,51.6,1,0,0.00,0.00,0.00,12.00,0.00,0.00,0,0,0.00,0,0.00
2026-03-28 18:04:21,441.00,0,0,0,0,0,0,0,0.00,0,0.00,3.31,2.03,0.00,0.00,D,0.00,12.00,12.00,12.00,1.28,^,0.00,,11.80,8.20,504,7.83,50.5,1,0,0.00,0.00,0.00,12.00,0.00,0.00,0,0,0.00,0,0.00
2026-03-28 18:04:22,442.01,0,0,0,0,0,0,0,0.00,0,0.00,3.31,2.02,0.00,0.00,D,0.00,12.00,12.00,12.00,1.28,^,0.00,,12.00,8.20,504,8.84,51.0,1,0,0.00,0.00,0.00,12.00,0.00,0.00,0,0,0.00,0,0.00
2026-03-28 18:04:23,443.02,0,0,0,0,0,0,0,0.00,0,0.00,3.31,2.02,0.00,0.00,D,0.00,12.00,12.00,12.00,1.28,^,0.00,,12.20,8.20,504,9.86,51.6,1,0,0.00,0.00,0.00,12.00,0.00,0.00,0,0,0.00,0,0.00
2026-03-28 18:04:24,444.03,0,0,0,0,0,0,0,0.00,0,0.00,3.31,2.01,0.00,0.00,D,0.00,12.00,12.00,12.00,1.27,^,0.00,,12.00,8.20,504,10.87,51.6,1,0,0.00,0.00,0.00,12.00,0.00,0.00,0,0,0.00,0,0.00
2026-03-28 18:04:25,445.05,0,0,0,0,0,0,0,0.00,0,0.00,3.31,2.01,0.00,0.00,D,0.00,12.00,12.00,12.00,1.27,^,0.00,,11.30,8.20,504,11.88,51.6,1,0,0.00,0.00,0.00,12.00,0.00,0.00,0,0,0.00,0,0.00
2026-03-28 18:04:26,446.06,0,0,0,0,0,0,0,0.00,0,0.00,3.31,2.01,0.00,0.00,D,0.00,12.00,12.00,12.00,1.28,^,0.00,,11.40,8.30,504,12.89,51.0,1,0,0.00,0.00,0.00,12.00,0.00,0.00,0,0,0.00,0,0.00
2026-03-28 18:04:27,447.07,0,0,0,0,0,0,0,0.00,0,0.00,3.31,2.00,0.00,0.00,D,0.00,12.00,12.00,12.00,1.27,^,0.00,,12.60,8.20,504,13.90,51.0,1,0,0.00,0.00,0.00,12.00,0.00,0.00,0,0,0.00,0,0.00
2026-03-28 18:04:28,448.08,0,0,0,0,0,0,0,0.00,0,0.00,3.31,2.00,0.00,0.00,D,0.00,12.00,12.00,12.00,1.27,^,0.00,,12.20,8.20,504,14.92,50.5,1,0,0.00,0.00,0.00,12.00,0.00,0.00,0,0,0.00,0,0.00
2026-03-28 18:04:29,449.09,0,0,0,0,0,0,0,0.00,0,0.00,3.31,1.99,0.00,0.00,D,0.00,12.00,12.00,12.00,1.27,^,0.00,,10.90,8.20,504,15.93,49.9,1,0,0.00,0.00,0.00,12.00,0.00,0.00,0,0,0.00,0,0.00
2026-03-28 18:04:30,450.10,0,0,0,0,0,0,0,0.00,0,0.00,3.31,1.99,0.00,0.00,D,0.00,12.00,12.00,12.00,1.27,^,0.00,,12.00,8.20,504,16.94,49.9,1,0,0.00,0.00,0.00,12.00,0.00,0.00,0,0,0.00,0,0.00
2026-03-28 18:04:31,451.12,0,0,0,0,0,0,0,0.00,0,0.00,3.31,1.98,0.00,0.00,D,0.00,12.00,12.00,12.00,1.28,^,0.00,,12.20,8.20,504,17.95,51.0,1,0,0.00,0.00,0.00,12.00,0.00,0.00,0,0,0.00,0,0.00
2026-03-28 18:04:32,452.13,0,0,0,0,0,0,0,0.00,0,0.00,3.31,1.98,0.00,0.00,D,0.00,12.00,12.00,12.00,1.28,^,0.00,,12.40,8.20,504,18.96,49.4,1,0,0.00,0.00,0.00,12.00,0.00,0.00,0,0,0.00,0,0.00
2026-03-28 18:04:33,453.15,0,0,0,0,0,0,0,0.00,0,0.00,3.31,1.97,0.00,0.00,D,0.00,12.00,12.00,12.00,1.28,^,0.00,,12.00,8.20,504,19.98,51.0,1,0,0.00,0.00,0.00,12.00,0.00,0.00,0,0,0.00,0,0.00
2026-03-28 18:04:34,454.16,0,0,0,0,0,0,0,0.00,0,0.00,3.31,1.97,0.00,0.00,D,0.00,12.00,12.00,12.00,1.28,^,0.00,,11.20,8.30,504,21.00,49.9,1,0,0.00,0.00,0.00,12.00,0.00,0.00,0,0,0.00,0,0.00
2026-03-28 18:04:35,455.17,0,0,0,0,0,0,0,0.00,0,0.00,3.31,1.97,0.00,0.00,D,0.00,12.00,12.00,12.00,1.08,^,0.00,,12.90,8.30,504,22.01,50.5,1,0,0.00,0.00,0.00,12.00,0.00,0.00,0,0,0.00,0,0.00
2026-03-28 18:04:36,456.19,0,0,0,0,0,0,0,0.00,0,0.00,3.31,1.96,0.00,0.00,D,0.00,12.00,12.00,12.00,0.91,^,0.00,,12.40,8.30,504,23.02,51.0,1,0,0.00,0.00,0.00,12.00,0.00,0.00,0,0,0.00,0,0.00
2026-03-28 18:04:37,457.20,0,0,0,0,0,0,0,0.00,0,1.00,3.31,1.96,0.00,0.33,D,0.00,12.00,12.00,12.00,0.86,^,0.00,,12.80,8.30,504,24.03,50.5,1,0,0.00,0.00,0.00,12.00,0.00,0.00,0,0,0.00,0,0.00
2026-03-28 18:04:38,458.21,0,0,0,0,0,0,0,0.52,0,1.00,3.31,1.95,0.59,0.83,D,0.00,12.00,12.00,12.00,0.93,^,0.00,,14.70,8.30,504,0.00,49.9,1,0,0.00,0.00,0.00,12.00,0.00,0.00,0,0,0.00,0,0.00
2026-03-28 18:04:39,459.21,0,0,0,0,0,0,0,0.00,0,0.00,3.31,1.95,2.08,0.63,D,0.00,12.00,12.00,12.00,1.70,^,0.00,,14.30,8.30,504,0.00,51.6,1,0,0.00,0.00,0.00,12.00,0.00,0.00,0,0,0.00,0,0.00
2026-03-28 18:04:40,460.23,0,0,0,0,0,0,0,0.00,0,0.00,3.31,1.95,0.83,0.03,D,0.00,12.00,12.00,12.00,2.34,^,0.00,,12.40,8.30,504,0.00,51.0,1,0,0.00,0.00,0.00,12.00,0.00,0.00,0,0,0.00,0,0.00
2026-03-28 18:04:42,461.24,0,0,0,0,0,0,0,0.00,0,0.00,3.31,1.95,0.00,0.00,D,0.00,12.00,12.00,12.00,2.38,^,0.00,,12.40,8.30,504,0.70,51.0,1,0,0.00,0.00,0.00,12.00,0.00,0.00,0,0,0.00,0,0.00
2026-03-28 18:04:43,462.25,0,0,0,0,0,0,0,0.00,0,0.00,3.31,1.94,0.00,0.00,D,0.00,12.00,12.00,12.00,2.37,^,0.00,,11.90,8.30,504,1.71,51.0,1,0,0.00,0.00,0.00,12.00,0.00,0.00,0,0,0.00,0,0.00
2026-03-28 18:04:44,463.27,0,0,0,0,0,0,0,0.00,0,0.00,3.31,1.94,0.00,0.00,D,0.00,12.00,12.00,12.00,2.38,^,0.00,,12.00,8.30,504,2.72,51.0,1,0,0.00,0.00,0.00,12.00,0.00,0.00,0,0,0.00,0,0.00
2026-03-28 18:04:45,464.28,0,0,0,0,0,0,0,0.00,0,0.00,3.31,1.93,0.00,0.00,D,0.00,12.00,12.00,12.00,2.38,^,0.00,,13.00,8.30,504,3.74,50.5,1,0,0.00,0.00,0.00,12.00,0.00,0.00,0,0,0.00,0,0.00
2026-03-28 18:04:46,465.29,0,0,0,0,0,0,0,0.00,0,0.00,3.31,1.93,0.00,0.00,D,0.00,12.00,12.00,12.00,12.00,^,0.00,,12.40,8.30,504,4.75,50.5,1,0,0.00,0.00,0.00,12.00,0.00,0.00,0,0,0.00,0,0.00
2026-03-28 18:04:47,466.31,0,0,0,0,0,0,0,0.00,0,0.00,3.31,1.93,0.00,0.00,D,0.00,12.00,12.00,12.00,2.38,^,0.00,,12.40,8.20,504,5.76,50.5,1,0,0.00,0.00,0.00,12.00,0.00,0.00,0,0,0.00,0,0.00
2026-03-28 18:04:48,467.32,0,0,0,0,0,0,0,0.00,0,0.00,3.31,1.92,0.00,0.00,D,0.00,12.00,12.00,12.00,2.39,^,0.00,,11.50,8.20,504,6.78,50.5,1,0,0.00,0.00,0.00,12.00,0.00,0.00,0,0,0.00,0,0.00
2026-03-28 18:04:49,468.33,0,0,0,0,0,0,0,0.00,0,0.00,3.31,1.92,0.00,0.00,D,0.00,12.00,12.00,12.00,2.38,^,0.00,,12.00,8.20,504,7.78,49.9,1,0,0.00,0.00,0.00,12.00,0.00,0.00,0,0,0.00,0,0.00
2026-03-28 18:04:50,469.34,0,0,0,0,0,0,0,0.00,0,0.00,3.31,1.91,0.00,0.00,D,0.00,12.00,12.00,12.00,2.38,^,0.00,,12.40,8.20,504,8.80,49.9,1,0,0.00,0.00,0.00,12.00,0.00,0.00,0,0,0.00,0,0.00
2026-03-28 18:04:51,470.35,0,0,0,0,0,0,0,0.00,0,0.00,3.31,1.91,0.00,0.00,D,0.00,12.00,12.00,12.00,2.38,^,0.00,,12.00,8.30,504,9.81,49.9,1,0,0.00,0.00,0.00,12.00,0.00,0.00,0,0,0.00,0,0.00
2026-03-28 18:04:52,471.36,0,0,0,0,0,0,0,0.00,0,0.00,3.31,1.91,0.00,0.00,D,0.00,12.00,12.00,12.00,2.38,^,0.00,,10.90,8.30,504,10.82,50.5,1,0,0.00,0.00,0.00,12.00,0.00,0.00,0,0,0.00,0,0.00
2026-03-28 18:04:53,472.37,0,0,0,0,0,0,0,0.00,0,0.00,3.31,1.90,0.00,0.00,D,0.00,12.00,12.00,12.00,2.37,^,0.00,,11.40,8.30,504,11.83,50.5,1,0,0.00,0.00,0.00,12.00,0.00,0.00,0,0,0.00,0,0.00
2026-03-28 18:04:54,473.38,0,0,0,0,0,0,0,0.00,0,0.00,3.31,1.90,0.00,0.00,D,0.00,12.00,12.00,12.00,12.00,^,0.00,,11.60,8.20,504,12.84,48.8,1,0,0.00,0.00,0.00,12.00,0.00,0.00,0,0,0.00,0,0.00
2026-03-28 18:04:55,474.40,0,0,0,0,0,0,0,0.00,0,0.00,3.31,1.89,0.00,0.00,D,0.00,12.00,12.00,12.00,2.37,^,0.00,,11.10,8.30,504,13.85,51.0,1,0,0.00,0.00,0.00,12.00,0.00,0.00,0,0,0.00,0,0.00
2026-03-28 18:04:56,475.41,0,0,0,0,0,0,0,0.00,0,0.00,3.31,1.89,0.00,0.00,D,0.00,12.00,12.00,12.00,2.37,^,0.00,,11.10,8.30,504,14.86,50.5,1,0,0.00,0.00,0.00,12.00,0.00,0.00,0,0,0.00,0,0.00
2026-03-28 18:04:57,476.42,0,0,0,0,0,0,0,0.00,0,0.00,3.31,1.89,0.00,0.00,D,0.00,12.00,12.00,12.00,2.38,^,0.00,,11.80,8.20,504,15.88,51.0,1,0,0.00,0.00,0.00,12.00,0.00,0.00,0,0,0.00,0,0.00
2026-03-28 18:04:58,477.43,0,0,0,0,0,0,0,0.00,0,0.00,3.31,1.88,0.00,0.00,D,0.00,12.00,12.00,12.00,2.37,^,0.00,,10.90,8.20,504,16.89,51.6,1,0,0.00,0.00,0.00,12.00,0.00,0.00,0,0,0.00,0,0.00
2026-03-28 18:04:59,478.44,0,0,0,0,0,0,0,0.00,0,0.00,3.31,1.88,0.00,0.00,D,0.00,12.00,12.00,12.00,12.00,^,0.00,,12.00,8.20,504,17.90,51.0,1,0,0.00,0.00,0.00,12.00,0.00,0.00,0,0,0.00,0,0.00
2026-03-28 18:05:00,479.46,0,0,0,0,0,0,0,0.00,0,0.00,3.31,1.87,0.00,0.00,D,0.00,12.00,12.00,12.00,12.00,^,0.00,,10.20,8.20,504,18.91,48.3,1,0,0.00,0.00,0.00,12.00,0.00,0.00,0,0,0.00,0,0.00
2026-03-28 18:05:01,480.47,0,0,0,0,0,0,0,0.00,0,1.00,3.31,1.87,0.00,0.23,D,0.00,12.00,12.00,12.00,2.02,^,0.00,,10.30,8.20,504,19.92,50.5,1,0,0.00,0.00,0.00,12.00,0.00,0.00,0,0,0.00,0,0.00
2026-03-28 18:05:02,481.48,0,0,0,0,0,0,0,0.00,0,1.00,3.31,1.87,0.34,0.73,D,0.00,12.00,12.00,12.00,1.45,^,0.00,,8.90,8.30,504,0.00,50.5,1,0,0.00,0.00,0.00,12.00,0.00,0.00,0,0,0.00,0,0.00
2026-03-28 18:05:03,482.49,0,0,0,0,0,0,0,0.00,0,1.00,3.31,1.86,2.56,1.00,D,0.00,12.00,12.00,12.00,1.41,^,0.00,,11.10,8.30,504,0.00,50.5,1,0,0.00,0.00,0.00,12.00,0.00,0.00,0,0,0.00,0,0.00
2026-03-28 18:05:04,483.51,0,0,0,0,0,0,0,0.00,0,1.00,3.31,1.87,2.60,1.00,D,0.00,12.00,12.00,12.00,1.41,^,0.00,,17.20,8.30,504,0.00,49.9,1,0,0.00,0.00,0.00,12.00,0.00,0.00,0,0,0.00,0,0.00
2026-03-28 18:05:05,484.52,0,0,0,0,0,0,0,0.00,0,1.00,3.31,1.87,2.50,1.00,D,0.00,12.00,12.00,12.00,1.27,^,0.00,,12.70,8.30,504,0.00,51.6,1,0,0.00,0.00,0.00,12.00,0.00,0.00,0,0,0.00,0,0.00
2026-03-28 18:05:06,485.53,0,0,0,0,0,0,0,0.00,0,1.00,3.31,1.87,2.73,1.00,D,0.00,12.00,12.00,12.00,1.49,^,0.00,,16.40,8.30,504,0.00,52.1,1,0,0.00,0.00,0.00,12.00,0.00,0.00,0,0,0.00,0,0.00
2026-03-28 18:05:07,486.54,0,0,0,0,0,0,0,0.00,0,1.00,3.31,1.87,2.69,1.00,D,0.00,12.00,12.00,12.00,1.35,^,0.00,,13.70,8.30,504,0.00,51.6,1,0,0.00,0.00,0.00,12.00,0.00,0.00,0,0,0.00,0,0.00
2026-03-28 18:05:08,487.56,0,0,0,0,0,0,0,1.00,0,1.00,3.31,1.87,2.81,1.00,D,0.00,12.00,12.00,12.00,1.16,^,0.00,,15.00,8.30,504,0.00,51.6,1,0,0.00,0.00,0.00,12.00,0.00,0.00,0,0,0.00,0,0.00
2026-03-28 18:05:09,488.57,0,0,0,0,0,0,0,0.41,0,1.00,3.31,1.88,2.74,1.00,D,0.00,12.00,12.00,12.00,1.05,^,0.00,,12.90,8.30,504,0.00,51.0,1,0,0.00,0.00,0.00,12.00,0.00,0.00,0,0,0.00,0,0.00
2026-03-28 18:05:10,489.57,0,0,0,0,0,0,0,0.00,0,1.00,3.31,1.88,2.59,1.00,D,0.00,12.00,12.00,12.00,1.26,^,0.00,,10.60,8.30,504,0.00,51.6,1,0,0.00,0.00,0.00,12.00,0.00,0.00,0,0,0.00,0,0.00
2026-03-28 18:05:11,490.58,0,0,0,0,0,0,0,0.84,0,1.00,3.31,1.88,2.61,1.00,D,0.00,12.00,12.00,12.00,1.11,^,0.00,,7.20,8.30,504,0.00,51.6,1,0,0.00,0.00,0.00,12.00,0.00,0.00,0,0,0.00,0,0.00
2026-03-28 18:05:12,491.59,0,0,0,0,0,0,0,0.83,0,1.00,3.31,1.88,2.75,1.00,D,0.00,12.00,12.00,12.00,0.95,^,0.00,,7.80,8.30,504,0.00,52.7,1,0,0.00,0.00,0.00,12.00,0.00,0.00,0,0,0.00,0,0.00
2026-03-28 18:05:13,492.60,0,0,0,0,0,0,0,1.00,0,1.00,3.31,1.88,2.66,1.00,D,0.00,12.00,12.00,12.00,1.05,^,0.00,,8.70,8.30,504,0.00,52.1,1,0,0.00,0.00,0.00,12.00,0.00,0.00,0,0,0.00,0,0.00
2026-03-28 18:05:14,493.62,0,0,0,0,0,0,0,0.00,0,1.00,3.31,1.88,2.70,1.00,D,0.00,12.00,12.00,2.38,1.07,^,0.00,,7.20,8.30,504,0.00,51.6,1,0,0.00,0.00,0.00,12.00,0.00,0.00,0,0,0.00,0,0.00
2026-03-28 18:05:15,494.63,0,0,0,0,0,0,0,0.00,0,1.00,3.31,1.89,2.48,1.00,D,0.00,12.00,12.00,12.00,0.91,^,0.00,,8.00,8.30,504,0.00,50.5,1,0,0.00,0.00,0.00,12.00,0.00,0.00,0,0,0.00,0,0.00
2026-03-28 18:05:16,495.64,0,0,0,0,0,0,0,-1.00,0,1.00,3.31,1.89,2.88,1.00,D,0.00,12.00,1.54,1.23,1.04,^,0.00,,8.20,8.30,504,0.00,52.1,1,0,0.00,0.00,0.00,12.00,0.00,0.00,0,0,0.00,0,0.00
2026-03-28 18:05:17,496.66,0,0,0,0,0,0,0,1.00,0,1.00,3.31,1.89,2.33,1.00,D,0.00,12.00,12.00,1.56,0.85,^,0.00,,11.20,8.30,504,0.00,51.0,1,0,0.00,0.00,0.00,12.00,0.00,0.00,0,0,0.00,0,0.00
2026-03-28 18:05:18,497.67,0,0,0,0,0,0,0,0.28,0,1.00,3.31,1.89,2.79,1.00,D,0.00,12.00,12.00,0.73,1.03,^,0.00,,9.30,8.30,504,0.00,50.5,1,0,0.00,0.00,0.00,12.00,0.00,0.00,0,0,0.00,0,0.00
2026-03-28 18:05:19,498.69,0,0,0,0,0,0,0,0.00,0,1.00,3.31,1.89,2.74,1.00,D,0.00,12.00,12.00,1.98,0.75,^,0.00,,10.60,8.30,504,0.00,51.6,1,0,0.00,0.00,0.00,12.00,0.00,0.00,0,0,0.00,0,0.00
2026-03-28 18:05:20,499.70,0,0,0,0,0,0,0,0.00,0,1.00,3.31,1.89,2.72,1.00,D,0.00,1.50,12.00,1.76,0.62,^,0.00,,9.20,8.30,504,0.00,49.9,1,0,0.00,0.00,0.00,1.50,0.00,0.00,0,0,0.00,0,0.00
2026-03-28 18:05:21,500.71,0,0,0,0,0,0,0,0.00,0,1.00,3.31,1.89,2.68,1.00,D,0.00,12.00,12.00,0.73,0.94,^,0.00,,8.20,8.30,504,0.00,52.1,1,0,0.00,0.00,0.00,12.00,0.00,0.00,0,0,0.00,0,0.00
2026-03-28 18:05:22,501.72,0,0,0,0,0,0,0,0.00,0,1.00,3.31,1.90,2.68,1.00,D,0.00,12.00,12.00,0.98,0.90,^,0.00,,9.90,8.30,504,0.00,50.5,1,0,0.00,0.00,0.00,12.00,0.00,0.00,0,0,0.00,0,0.00
2026-03-28 18:05:23,502.73,0,0,0,0,0,0,0,0.87,0,1.00,3.31,1.90,2.74,1.00,D,0.00,1.88,12.00,1.60,0.76,^,0.00,,10.00,8.30,504,0.00,52.1,1,0,0.00,0.00,0.00,1.88,0.00,0.00,0,0,0.00,0,0.00
2026-03-28 18:05:24,503.75,0,0,0,0,0,0,0,0.00,0,1.00,3.31,1.90,2.74,1.00,D,0.00,1.31,12.00,0.75,0.82,^,0.00,,9.50,8.30,504,0.00,51.0,1,0,0.00,0.00,0.00,1.31,0.00,0.00,0,0,0.00,0,0.00
2026-03-28 18:05:25,504.75,0,0,0,0,0,0,0,0.00,0,1.00,3.31,1.90,2.72,1.00,D,0.00,1.58,12.00,0.65,0.76,^,0.00,,10.90,8.30,504,0.00,50.5,1,0,0.00,0.00,0.00,1.58,0.00,0.00,0,0,0.00,0,0.00
2026-03-28 18:05:26,505.76,0,0,0,0,0,0,0,0.00,0,1.00,3.31,1.90,2.66,1.00,D,0.00,1.70,12.00,0.74,0.71,^,0.00,,8.80,8.30,504,0.00,51.6,1,0,0.00,0.00,0.00,1.70,0.00,0.00,0,0,0.00,0,0.00
2026-03-28 18:05:27,506.77,0,0,0,0,0,0,0,0.65,0,1.00,3.31,1.90,2.79,1.00,D,0.00,12.00,12.00,0.80,0.71,^,0.00,,9.70,8.30,504,0.00,52.1,1,0,0.00,0.00,0.00,12.00,0.00,0.00,0,0,0.00,0,0.00
2026-03-28 18:05:28,507.78,0,0,0,0,0,0,0,0.00,0,1.00,3.31,1.91,2.66,1.00,D,0.00,12.00,12.00,1.16,0.95,^,0.00,,11.20,8.30,504,0.00,51.6,1,0,0.00,0.00,0.00,12.00,0.00,0.00,0,0,0.00,0,0.00
2026-03-28 18:05:29,508.79,0,0,0,0,0,0,0,0.79,0,1.00,3.31,1.91,2.74,1.00,D,0.00,1.63,12.00,1.15,1.14,^,0.00,,9.80,8.30,504,0.00,51.6,1,0,0.00,0.00,0.00,1.63,0.00,0.00,0,0,0.00,0,0.00
2026-03-28 18:05:30,509.80,0,0,0,0,0,0,0,0.78,0,1.00,3.31,1.91,2.61,1.00,D,0.00,12.00,12.00,0.92,1.10,^,0.00,,13.80,8.30,504,0.00,51.6,1,0,0.00,0.00,0.00,12.00,0.00,0.00,0,0,0.00,0,0.00
2026-03-28 18:05:31,510.82,0,0,0,0,0,0,0,-0.63,0,1.00,3.31,1.91,2.59,1.00,D,0.00,1.02,12.00,0.94,1.07,^,0.00,,11.70,8.30,504,0.00,52.1,1,0,0.00,0.00,0.00,1.02,0.00,0.00,0,0,0.00,0,0.00
2026-03-28 18:05:32,511.83,0,0,0,0,0,0,0,-0.48,0,1.00,3.31,1.91,2.62,1.00,D,0.00,1.11,12.00,0.82,0.67,^,0.00,,14.10,8.30,504,0.00,50.5,1,0,0.00,0.00,0.00,1.11,0.00,0.00,0,0,0.00,0,0.00
2026-03-28 18:05:33,512.84,0,0,0,0,0,0,0,0.00,0,1.00,3.31,1.91,2.65,1.00,D,0.00,1.61,12.00,0.68,0.69,^,0.00,,15.40,8.30,504,0.00,50.5,1,0,0.00,0.00,0.00,1.61,0.00,0.00,0,0,0.00,0,0.00
2026-03-28 18:05:34,513.84,0,0,0,0,0,0,0,0.00,0,1.00,3.31,1.91,2.72,1.00,D,0.00,12.00,12.00,0.69,0.73,^,0.00,,11.70,8.30,504,0.00,51.0,1,0,0.00,0.00,0.00,12.00,0.00,0.00,0,0,0.00,0,0.00
2026-03-28 18:05:35,514.85,0,0,0,0,0,0,0,0.35,0,1.00,3.31,1.92,2.78,1.00,D,0.00,12.00,12.00,0.76,0.73,^,0.00,,14.40,8.30,504,0.00,51.6,1,0,0.00,0.00,0.00,12.00,0.00,0.00,0,0,0.00,0,0.00
2026-03-28 18:05:36,515.86,0,0,0,0,0,0,0,0.54,0,1.00,3.31,1.92,2.64,1.00,D,0.00,12.00,2.11,1.27,0.99,^,0.00,,14.10,8.30,504,0.00,50.5,1,0,0.00,0.00,0.00,12.00,0.00,0.00,0,0,0.00,0,0.00
2026-03-28 18:05:37,516.87,0,0,0,0,0,0,0,-0.67,0,1.00,3.31,1.92,2.67,1.00,D,0.00,12.00,12.00,0.91,0.81,^,0.00,,13.40,8.30,504,0.00,51.0,1,0,0.00,0.00,0.00,12.00,0.00,0.00,0,0,0.00,0,0.00
2026-03-28 18:05:38,517.88,0,0,0,0,0,0,0,0.00,0,1.00,3.31,1.92,2.52,1.00,D,0.00,1.32,12.00,0.98,0.67,^,0.00,,12.60,8.30,504,0.00,50.5,1,0,0.00,0.00,0.00,1.32,0.00,0.00,0,0,0.00,0,0.00
2026-03-28 18:05:39,518.90,0,0,0,0,0,0,0,0.00,0,1.00,3.31,1.92,2.63,1.00,D,0.00,12.00,12.00,0.90,0.67,^,0.00,,12.60,8.30,504,0.00,51.6,1,0,0.00,0.00,0.00,12.00,0.00,0.00,0,0,0.00,0,0.00
2026-03-28 18:05:40,519.90,0,0,0,0,0,0,0,0.00,0,1.00,3.31,1.92,2.67,1.00,D,0.00,1.97,12.00,0.94,0.82,^,0.00,,11.20,8.30,504,0.00,52.1,1,0,0.00,0.00,0.00,1.97,0.00,0.00,0,0,0.00,0,0.00
2026-03-28 18:05:41,520.92,0,0,0,0,0,0,0,0.13,0,1.00,3.31,1.92,2.85,1.00,D,0.00,12.00,12.00,0.93,0.74,^,0.00,,11.70,8.30,504,0.00,51.0,1,0,0.00,0.00,0.00,12.00,0.00,0.00,0,0,0.00,0,0.00
2026-03-28 18:05:42,521.93,0,0,0,0,0,0,0,0.74,0,1.00,3.31,1.93,2.69,1.00,D,0.00,12.00,12.00,1.45,0.67,^,0.00,,13.50,8.30,504,0.00,52.1,1,0,0.00,0.00,0.00,12.00,0.00,0.00,0,0,0.00,0,0.00
2026-03-28 18:05:43,522.94,0,0,0,0,0,0,0,0.00,0,1.00,3.31,1.93,2.40,1.00,D,0.00,1.65,12.00,1.22,0.82,^,0.00,,12.70,8.30,504,0.00,50.5,1,0,0.00,0.00,0.00,1.65,0.00,0.00,0,0,0.00,0,0.00
2026-03-28 18:05:44,523.95,0,0,0,0,0,0,0,-0.21,0,1.00,3.31,1.93,2.68,1.00,D,0.00,0.92,12.00,0.69,0.88,CAUTION_WARNING,0.00,,15.30,8.30,504,0.00,49.9,1,0,0.00,0.00,0.00,0.92,0.00,0.00,0,0,0.00,0,0.00
2026-03-28 18:05:45,524.97,0,0,0,0,0,0,0,0.00,0,1.00,3.31,1.93,2.74,1.00,D,0.00,12.00,12.00,0.92,0.80,^,0.00,,15.40,8.20,504,0.00,51.0,1,0,0.00,0.00,0.00,12.00,0.00,0.00,0,0,0.00,0,0.00
2026-03-28 18:05:46,525.98,0,0,0,0,0,0,0,0.00,0,1.00,3.31,1.93,2.72,1.00,D,0.00,12.00,12.00,1.27,0.88,^,0.00,,16.50,8.20,504,0.00,52.1,1,0,0.00,0.00,0.00,12.00,0.00,0.00,0,0,0.00,0,0.00
2026-03-28 18:05:47,526.99,0,0,0,0,0,0,0,0.00,0,1.00,3.31,1.93,2.73,1.00,D,0.00,12.00,12.00,1.17,0.87,^,0.00,,14.30,8.30,504,0.00,51.0,1,0,0.00,0.00,0.00,12.00,0.00,0.00,0,0,0.00,0,0.00
2026-03-28 18:05:48,528.01,0,0,0,0,0,0,0,-0.33,0,1.00,3.31,1.93,2.62,1.00,D,0.00,12.00,12.00,1.16,0.68,^,0.00,,14.30,8.30,504,0.00,50.5,1,0,0.00,0.00,0.00,12.00,0.00,0.00,0,0,0.00,0,0.00
2026-03-28 18:05:49,529.02,0,0,0,0,0,0,0,0.00,0,1.00,3.31,1.94,2.64,1.00,D,0.00,12.00,12.00,12.00,0.58,^,0.00,,14.80,8.30,504,0.00,49.4,1,0,0.00,0.00,0.00,12.00,0.00,0.00,0,0,0.00,0,0.00
2026-03-28 18:05:50,530.03,0,0,0,0,0,0,0,0.00,0,1.00,3.31,1.94,2.64,1.00,D,0.00,12.00,12.00,12.00,0.87,^,0.00,,14.00,8.30,504,0.00,51.0,1,0,0.00,0.00,0.00,12.00,0.00,0.00,0,0,0.00,0,0.00
2026-03-28 18:05:51,531.04,0,0,0,0,0,0,0,0.00,0,1.00,3.31,1.94,2.55,1.00,D,0.00,12.00,12.00,2.77,0.72,^,0.00,,13.10,8.30,504,0.00,50.5,1,0,0.00,0.00,0.00,12.00,0.00,0.00,0,0,0.00,0,0.00
2026-03-28 18:05:52,532.04,0,0,0,0,0,0,0,0.00,0,1.00,3.31,1.94,2.38,1.00,D,0.00,12.00,12.00,12.00,0.59,^,0.00,,13.60,8.30,504,0.00,51.0,1,0,0.00,0.00,0.00,12.00,0.00,0.00,0,0,0.00,0,0.00
2026-03-28 18:05:53,533.05,0,0,0,0,0,0,0,1.00,0,1.00,3.31,1.94,2.71,1.00,D,0.00,12.00,12.00,2.06,0.94,^,0.00,,14.00,8.30,504,0.00,51.6,1,0,0.00,0.00,0.00,12.00,0.00,0.00,0,0,0.00,0,0.00
2026-03-28 18:05:54,534.06,0,0,0,0,0,0,0,0.00,0,1.00,3.31,1.94,2.62,1.00,D,0.00,12.00,12.00,1.16,0.73,^,0.00,,11.50,8.30,504,0.00,49.4,1,0,0.00,0.00,0.00,12.00,0.00,0.00,0,0,0.00,0,0.00
2026-03-28 18:05:55,535.07,0,0,0,0,0,0,0,0.00,0,1.00,3.31,1.94,2.74,1.00,D,0.00,12.00,12.00,0.91,0.72,^,0.00,,11.60,8.30,504,0.00,50.5,1,0,0.00,0.00,0.00,12.00,0.00,0.00,0,0,0.00,0,0.00
2026-03-28 18:05:56,536.09,0,0,0,0,0,0,0,0.98,0,1.00,3.31,1.95,2.74,1.00,D,0.00,12.00,12.00,12.00,0.92,^,0.00,,12.30,8.30,504,0.00,50.5,1,0,0.00,0.00,0.00,12.00,0.00,0.00,0,0,0.00,0,0.00
2026-03-28 18:05:57,537.10,0,0,0,0,0,0,0,0.33,0,1.00,3.31,1.95,2.63,1.00,D,0.00,12.00,12.00,12.00,0.69,^,0.00,,14.80,8.30,504,0.00,49.9,1,0,0.00,0.00,0.00,12.00,0.00,0.00,0,0,0.00,0,0.00
2026-03-28 18:05:58,538.11,0,0,0,0,0,0,0,0.00,0,1.00,3.31,1.95,2.64,1.00,D,0.00,12.00,12.00,12.00,0.75,^,0.00,,14.00,8.30,504,0.00,51.0,1,0,0.00,0.00,0.00,12.00,0.00,0.00,0,0,0.00,0,0.00
2026-03-28 18:05:59,539.12,0,0,0,0,0,0,0,0.00,0,1.00,3.31,1.95,2.70,1.00,D,0.00,12.00,12.00,12.00,0.88,^,0.00,,13.60,8.30,504,0.00,50.5,1,0,0.00,0.00,0.00,12.00,0.00,0.00,0,0,0.00,0,0.00
2026-03-28 18:06:00,540.13,0,0,0,0,0,0,0,0.00,0,1.00,3.31,1.95,2.70,1.00,D,0.00,12.00,12.00,12.00,0.65,^,0.00,,12.00,8.20,504,0.00,51.0,1,0,0.00,0.00,0.00,12.00,0.00,0.00,0,0,0.00,0,0.00
2026-03-28 18:06:01,541.14,0,0,0,0,0,0,0,0.00,0,1.00,3.31,1.95,2.54,1.00,D,0.00,12.00,12.00,12.00,0.53,^,0.00,,14.10,8.30,504,0.00,51.0,1,0,0.00,0.00,0.00,12.00,0.00,0.00,0,0,0.00,0,0.00
2026-03-28 18:06:02,542.16,0,0,0,0,0,0,0,0.00,0,1.00,3.31,1.95,2.68,1.00,D,0.00,12.00,12.00,12.00,0.86,^,0.00,,13.90,8.20,504,0.00,49.4,1,0,0.00,0.00,0.00,12.00,0.00,0.00,0,0,0.00,0,0.00
2026-03-28 18:06:03,543.17,0,0,0,0,0,0,0,0.00,0,1.00,3.31,1.95,2.64,1.00,D,0.00,12.00,12.00,12.00,0.68,^,0.00,,13.00,8.20,504,0.00,49.4,1,0,0.00,0.00,0.00,12.00,0.00,0.00,0,0,0.00,0,0.00
2026-03-28 18:06:04,544.18,0,0,0,0,0,0,0,0.00,0,1.00,3.31,1.96,2.64,1.00,D,0.00,12.00,12.00,12.00,0.59,^,0.00,,14.50,8.20,504,0.00,49.9,1,0,0.00,0.00,0.00,12.00,0.00,0.00,0,0,0.00,0,0.00
2026-03-28 18:06:05,545.19,0,0,0,0,0,0,0,0.00,0,1.00,3.31,1.96,2.68,1.00,D,0.00,12.00,12.00,12.00,0.97,^,0.00,,11.40,8.20,504,0.00,50.5,1,0,0.00,0.00,0.00,12.00,0.00,0.00,0,0,0.00,0,0.00
2026-03-28 18:06:06,546.21,0,0,0,0,0,0,0,1.00,0,1.00,3.31,1.96,2.72,1.00,D,0.00,12.00,12.00,12.00,0.78,^,0.00,,12.80,8.20,504,0.00,50.5,1,0,0.00,0.00,0.00,12.00,0.00,0.00,0,0,0.00,0,0.00
2026-03-28 18:06:07,547.22,0,0,0,0,0,0,0,0.00,0,1.00,3.31,1.96,2.60,1.00,D,0.00,12.00,12.00,2.88,0.73,^,0.00,,14.40,8.20,504,0.00,50.5,1,0,0.00,0.00,0.00,12.00,0.00,0.00,0,0,0.00,0,0.00
2026-03-28 18:06:09,548.24,0,0,0,0,0,0,0,0.00,0,1.00,3.31,1.96,2.72,1.00,D,0.00,12.00,12.00,12.00,0.86,^,0.00,,12.80,8.20,504,0.00,50.5,1,0,0.00,0.00,0.00,12.00,0.00,0.00,0,0,0.00,0,0.00
2026-03-28 18:06:10,549.25,0,0,0,0,0,0,0,0.00,0,1.00,3.31,1.96,2.45,1.00,D,0.00,12.00,12.00,12.00,0.85,^,0.00,,16.00,8.30,504,0.00,49.4,1,0,0.00,0.00,0.00,12.00,0.00,0.00,0,0,0.00,0,0.00
2026-03-28 18:06:11,550.27,0,0,0,0,0,0,0,0.00,0,1.00,3.31,1.96,2.69,1.00,D,0.00,12.00,12.00,12.00,0.64,^,0.00,,13.30,8.30,504,0.00,50.5,1,0,0.00,0.00,0.00,12.00,0.00,0.00,0,0,0.00,0,0.00
2026-03-28 18:06:12,551.28,0,0,0,0,0,0,0,0.00,0,1.00,3.31,1.96,2.65,1.00,D,0.00,12.00,12.00,12.00,0.71,^,0.00,,13.20,8.30,504,0.00,48.3,1,0,0.00,0.00,0.00,12.00,0.00,0.00,0,0,0.00,0,0.00
2026-03-28 18:06:13,552.29,0,0,0,0,0,0,0,0.00,0,1.00,3.31,1.97,2.68,1.00,D,0.00,12.00,12.00,12.00,0.81,^,0.00,,15.40,8.20,504,0.00,50.5,1,0,0.00,0.00,0.00,12.00,0.00,0.00,0,0,0.00,0,0.00
2026-03-28 18:06:14,553.29,0,0,0,0,0,0,0,0.00,0,1.00,3.31,1.97,2.61,1.00,D,0.00,12.00,12.00,12.00,0.64,^,0.00,,14.00,8.30,504,0.00,49.9,1,0,0.00,0.00,0.00,12.00,0.00,0.00,0,0,0.00,0,0.00
2026-03-28 18:06:15,554.31,0,0,0,0,0,0,0,0.00,0,1.00,3.31,1.97,2.65,1.00,D,0.00,1.58,12.00,1.58,0.48,^,0.00,,14.00,8.30,504,0.00,49.9,1,0,0.00,0.00,0.00,1.58,0.00,0.00,0,0,0.00,0,0.00
2026-03-28 18:06:16,555.32,0,0,0,0,0,0,0,0.00,0,1.00,3.31,1.97,2.58,1.00,D,0.00,12.00,12.00,1.34,0.71,^,0.00,,14.40,8.30,504,0.00,49.9,1,0,0.00,0.00,0.00,12.00,0.00,0.00,0,0,0.00,0,0.00
2026-03-28 18:06:17,556.33,0,0,0,0,0,0,0,0.00,0,1.00,3.31,1.97,2.60,1.00,D,0.00,12.00,12.00,0.66,0.66,^,0.00,,13.60,8.20,504,0.00,49.4,1,0,0.00,0.00,0.00,12.00,0.00,0.00,0,0,0.00,0,0.00
2026-03-28 18:06:18,557.34,0,0,0,0,0,0,0,0.00,0,1.00,3.31,1.97,2.75,1.00,D,0.00,12.00,12.00,12.00,0.55,^,0.00,,12.80,8.20,504,0.00,49.9,1,0,0.00,0.00,0.00,12.00,0.00,0.00,0,0,0.00,0,0.00
2026-03-28 18:06:19,558.36,0,0,0,0,0,0,0,0.90,0,1.00,3.31,1.97,2.64,1.00,D,0.00,12.00,12.00,12.00,0.55,^,0.00,,15.50,8.30,504,0.00,49.4,1,0,0.00,0.00,0.00,12.00,0.00,0.00,0,0,0.00,0,0.00
2026-03-28 18:06:20,559.37,0,0,0,0,0,0,0,-0.44,0,1.00,3.31,1.97,2.38,1.00,D,0.00,12.00,12.00,12.00,0.76,^,0.00,,14.50,8.30,504,0.00,50.5,1,0,0.00,0.00,0.00,12.00,0.00,0.00,0,0,0.00,0,0.00
2026-03-28 18:06:21,560.38,0,0,0,0,0,0,0,0.00,0,1.00,3.31,1.98,2.64,1.00,D,0.00,12.00,12.00,12.00,0.65,^,0.00,,14.70,8.30,504,0.00,51.0,1,0,0.00,0.00,0.00,12.00,0.00,0.00,0,0,0.00,0,0.00
2026-03-28 18:06:22,561.39,0,0,0,0,0,0,0,0.00,0,1.00,3.31,1.98,2.45,1.00,D,0.00,12.00,12.00,12.00,0.67,^,0.00,,14.20,8.30,504,0.00,49.4,1,0,0.00,0.00,0.00,12.00,0.00,0.00,0,0,0.00,0,0.00
2026-03-28 18:06:23,562.39,0,0,0,0,0,0,0,0.00,0,1.00,3.31,1.98,2.59,1.00,D,0.00,12.00,12.00,12.00,0.86,^,0.00,,11.10,8.30,504,0.00,49.4,1,0,0.00,0.00,0.00,12.00,0.00,0.00,0,0,0.00,0,0.00
2026-03-28 18:06:24,563.41,0,0,0,0,0,0,0,1.00,0,1.00,3.31,1.98,2.56,1.00,D,0.00,12.00,12.00,12.00,0.54,^,0.00,,13.50,8.30,504,0.00,51.0,1,0,0.00,0.00,0.00,12.00,0.00,0.00,0,0,0.00,0,0.00
2026-03-28 18:06:25,564.42,0,0,0,0,0,0,0,0.00,0,1.00,3.31,1.98,2.64,1.00,D,0.00,12.00,12.00,12.00,0.94,^,0.00,,13.60,8.30,504,0.00,48.8,1,0,0.00,0.00,0.00,12.00,0.00,0.00,0,0,0.00,0,0.00
2026-03-28 18:06:26,565.43,0,0,0,0,0,0,0,0.47,0,1.00,3.31,1.98,2.69,1.00,D,0.00,12.00,12.00,12.00,0.73,^,0.00,,13.50,8.30,504,0.00,50.5,1,0,0.00,0.00,0.00,12.00,0.00,0.00,0,0,0.00,0,0.00
2026-03-28 18:06:27,566.45,0,0,0,0,0,0,0,0.39,0,1.00,3.31,1.98,2.77,1.00,D,0.00,12.00,12.00,12.00,0.89,^,0.00,,14.00,8.30,504,0.00,49.4,1,0,0.00,0.00,0.00,12.00,0.00,0.00,0,0,0.00,0,0.00
2026-03-28 18:06:28,567.46,0,0,0,0,0,0,0,0.00,0,1.00,3.31,1.98,2.62,1.00,D,0.00,12.00,12.00,12.00,1.20,^,0.00,,13.40,8.30,504,0.00,48.3,1,0,0.00,0.00,0.00,12.00,0.00,0.00,0,0,0.00,0,0.00
2026-03-28 18:06:29,568.46,0,0,0,0,0,0,0,0.00,0,1.00,3.31,1.98,2.67,1.00,D,0.00,12.00,12.00,12.00,1.06,^,0.00,,12.30,8.30,504,0.00,49.9,1,0,0.00,0.00,0.00,12.00,0.00,0.00,0,0,0.00,0,0.00
2026-03-28 18:06:30,569.47,0,0,0,0,0,0,0,1.00,0,1.00,3.31,1.99,2.69,1.00,D,0.00,12.00,12.00,12.00,0.86,^,0.00,,14.00,8.30,504,0.00,48.3,1,0,0.00,0.00,0.00,12.00,0.00,0.00,0,0,0.00,0,0.00
2026-03-28 18:06:31,570.47,0,0,0,0,0,0,0,1.00,0,1.00,3.31,1.99,2.79,1.00,D,0.00,12.00,12.00,12.00,1.01,^,0.00,,14.20,8.30,504,0.00,48.8,1,0,0.00,0.00,0.00,12.00,0.00,0.00,0,0,0.00,0,0.00
2026-03-28 18:06:32,571.48,0,0,0,0,0,0,0,0.00,0,1.00,3.31,1.99,2.75,1.00,D,0.00,12.00,12.00,12.00,0.79,^,0.00,,14.00,8.30,504,0.00,49.9,1,0,0.00,0.00,0.00,12.00,0.00,0.00,0,0,0.00,0,0.00
2026-03-28 18:06:33,572.50,0,0,0,0,0,0,0,1.00,0,1.00,3.31,1.99,2.73,1.00,D,0.00,12.00,12.00,12.00,0.80,^,0.00,,14.00,8.30,504,0.00,50.5,1,0,0.00,0.00,0.00,12.00,0.00,0.00,0,0,0.00,0,0.00
2026-03-28 18:06:34,573.51,0,0,0,0,0,0,0,0.00,0,1.00,3.31,1.99,2.84,1.00,D,0.00,12.00,12.00,12.00,0.98,^,0.00,,13.00,8.30,504,0.00,49.4,1,0,0.00,0.00,0.00,12.00,0.00,0.00,0,0,0.00,0,0.00
2026-03-28 18:06:35,574.51,0,0,0,0,0,0,0,0.69,0,1.00,3.31,1.99,2.81,1.00,D,0.00,12.00,12.00,12.00,1.01,^,0.00,,9.50,8.30,504,0.00,49.4,1,0,0.00,0.00,0.00,12.00,0.00,0.00,0,0,0.00,0,0.00
2026-03-28 18:06:36,575.52,0,0,0,0,0,0,0,0.00,0,1.00,3.31,1.99,2.71,1.00,D,0.00,12.00,12.00,12.00,0.81,^,0.00,,12.60,8.30,504,0.00,51.0,1,0,0.00,0.00,0.00,12.00,0.00,0.00,0,0,0.00,0,0.00
2026-03-28 18:06:37,576.53,0,0,0,0,0,0,0,0.00,0,1.00,3.31,1.99,2.81,1.00,D,0.00,12.00,12.00,12.00,0.81,^,0.00,,7.50,8.20,504,0.00,49.9,1,0,0.00,0.00,0.00,12.00,0.00,0.00,0,0,0.00,0,0.00
2026-03-28 18:06:38,577.55,0,0,0,0,0,0,0,1.00,0,1.00,3.31,2.00,2.90,1.00,D,0.00,12.00,12.00,12.00,0.99,^,0.00,,7.70,8.20,504,0.00,49.4,1,0,0.00,0.00,0.00,12.00,0.00,0.00,0,0,0.00,0,0.00
2026-03-28 18:06:39,578.56,0,0,0,0,0,0,0,0.00,0,1.00,3.31,2.00,2.86,1.00,D,0.00,12.00,12.00,12.00,0.83,^,0.00,,9.40,8.20,504,0.00,48.8,1,0,0.00,0.00,0.00,12.00,0.00,0.00,0,0,0.00,0,0.00
2026-03-28 18:06:40,579.58,0,0,0,0,0,0,0,1.00,0,1.00,3.31,2.00,3.06,1.00,D,0.00,1.14,0.60,12.00,0.61,^,0.00,,9.10,8.30,504,0.00,50.5,1,0,0.00,0.00,0.00,1.14,0.00,0.00,0,0,0.00,0,0.00
2026-03-28 18:06:41,580.59,0,0,0,0,0,0,0,1.00,0,1.00,3.31,2.00,2.85,1.00,D,0.00,12.00,0.71,12.00,0.71,^,0.00,,10.80,8.30,504,0.00,49.9,1,0,0.00,0.00,0.00,12.00,0.00,0.00,0,0,0.00,0,0.00
2026-03-28 18:06:42,581.60,0,0,0,0,0,0,0,1.00,0,1.00,3.31,2.00,2.64,1.00,D,0.00,12.00,0.67,12.00,0.65,^,0.00,,10.50,8.30,504,0.00,49.9,1,0,0.00,0.00,0.00,12.00,0.00,0.00,0,0,0.00,0,0.00
2026-03-28 18:06:43,582.61,0,0,0,0,0,0,0,0.00,0,1.00,3.31,2.00,2.23,1.00,D,0.00,12.00,0.73,12.00,0.62,^,0.00,,9.60,8.30,504,0.00,50.5,1,0,0.00,0.00,0.00,12.00,0.00,0.00,0,0,0.00,0,0.00
2026-03-28 18:06:44,583.62,0,0,0,0,0,0,0,0.00,0,1.00,3.31,2.00,2.82,1.00,D,0.00,12.00,12.00,12.00,0.79,^,0.00,,10.40,8.40,504,0.00,49.4,1,0,0.00,0.00,0.00,12.00,0.00,0.00,0,0,0.00,0,0.00
2026-03-28 18:06:45,584.64,0,0,0,0,0,0,0,0.00,0,1.00,3.31,2.01,2.68,1.00,D,0.00,12.00,12.00,12.00,0.99,^,0.00,,10.40,8.30,504,0.00,49.9,1,0,0.00,0.00,0.00,12.00,0.00,0.00,0,0,0.00,0,0.00
2026-03-28 18:06:46,585.65,0,0,0,0,0,0,0,0.60,0,1.00,3.31,2.01,2.74,1.00,D,0.00,12.00,12.00,12.00,0.92,^,0.00,,10.70,8.40,504,0.00,50.5,1,0,0.00,0.00,0.00,12.00,0.00,0.00,0,0,0.00,0,0.00
2026-03-28 18:06:47,586.66,0,0,0,0,0,0,0,0.00,0,1.00,3.31,2.01,2.78,1.00,D,0.00,12.00,12.00,12.00,0.84,^,0.00,,10.40,8.30,504,0.00,49.4,1,0,0.00,0.00,0.00,12.00,0.00,0.00,0,0,0.00,0,0.00
2026-03-28 18:06:48,587.67,0,0,0,0,0,0,0,1.00,0,1.00,3.31,2.01,2.89,1.00,D,0.00,12.00,12.00,12.00,0.86,^,0.00,,10.90,8.30,504,0.00,48.8,1,0,0.00,0.00,0.00,12.00,0.00,0.00,0,0,0.00,0,0.00
2026-03-28 18:06:49,588.68,0,0,0,0,0,0,0,1.00,0,1.00,3.31,2.01,2.84,1.00,D,0.00,12.00,12.00,2.17,1.03,^,0.00,,9.20,8.30,504,0.00,49.9,1,0,0.00,0.00,0.00,12.00,0.00,0.00,0,0,0.00,0,0.00
2026-03-28 18:06:50,589.70,0,0,0,0,0,0,0,0.00,0,1.00,3.31,2.01,2.72,1.00,D,0.00,12.00,12.00,12.00,0.98,^,0.00,,10.60,8.30,504,0.00,48.8,1,0,0.00,0.00,0.00,12.00,0.00,0.00,0,0,0.00,0,0.00
2026-03-28 18:06:51,590.71,0,0,0,0,0,0,0,0.00,0,1.00,3.31,2.01,2.75,1.00,D,0.00,12.00,12.00,1.95,0.90,^,0.00,,9.40,8.30,504,0.00,48.3,1,0,0.00,0.00,0.00,12.00,0.00,0.00,0,0,0.00,0,0.00
2026-03-28 18:06:52,591.73,0,0,0,0,0,0,0,1.00,0,1.00,3.31,2.01,2.57,1.00,D,0.00,12.00,12.00,12.00,0.72,^,0.00,,9.60,8.30,504,0.00,49.4,1,0,0.00,0.00,0.00,12.00,0.00,0.00,0,0,0.00,0,0.00
2026-03-28 18:06:53,592.74,0,0,0,0,0,0,0,0.00,0,1.00,3.31,2.02,2.70,1.00,D,0.00,12.00,12.00,12.00,0.78,^,0.00,,11.40,8.30,504,0.00,49.9,1,0,0.00,0.00,0.00,12.00,0.00,0.00,0,0,0.00,0,0.00
2026-03-28 18:06:54,593.75,0,0,0,0,0,0,0,1.00,0,1.00,3.31,2.02,2.73,1.00,D,0.00,12.00,12.00,12.00,0.64,^,0.00,,10.20,8.30,504,0.00,49.4,1,0,0.00,0.00,0.00,12.00,0.00,0.00,0,0,0.00,0,0.00
2026-03-28 18:06:55,594.76,0,0,0,0,0,0,0,0.00,0,1.00,3.31,2.02,2.91,1.00,D,0.00,12.00,12.00,12.00,0.46,^,0.00,,11.20,8.30,504,0.00,50.5,1,0,0.00,0.00,0.00,12.00,0.00,0.00,0,0,0.00,0,0.00
2026-03-28 18:06:56,595.78,0,0,0,0,0,0,0,0.00,0,1.00,3.31,2.02,2.82,1.00,D,0.00,12.00,12.00,12.00,0.62,^,0.00,,13.50,8.30,504,0.00,50.5,1,0,0.00,0.00,0.00,12.00,0.00,0.00,0,0,0.00,0,0.00
2026-03-28 18:06:57,596.78,0,0,0,0,0,0,0,0.00,0,1.00,3.31,2.02,2.54,1.00,D,0.00,12.00,12.00,12.00,0.78,^,0.00,,14.80,8.30,504,0.00,50.5,1,0,0.00,0.00,0.00,12.00,0.00,0.00,0,0,0.00,0,0.00
2026-03-28 18:06:58,597.79,0,0,0,0,0,0,0,0.00,0,1.00,3.31,2.02,3.00,1.00,D,0.00,12.00,12.00,12.00,0.78,^,0.00,,8.50,8.30,504,0.00,48.3,1,0,0.00,0.00,0.00,12.00,0.00,0.00,0,0,0.00,0,0.00
2026-03-28 18:06:59,598.80,0,0,0,0,0,0,0,0.00,0,1.00,3.31,2.02,2.76,1.00,D,0.00,12.00,12.00,12.00,1.09,^,0.00,,12.30,8.30,504,0.00,49.9,1,0,0.00,0.00,0.00,12.00,0.00,0.00,0,0,0.00,0,0.00
2026-03-28 18:07:00,599.82,0,0,0,0,0,0,0,1.00,0,1.00,3.31,2.03,2.76,1.00,D,0.00,12.00,12.00,12.00,1.13,^,0.00,,13.70,8.30,504,0.00,48.8,1,0,0.00,0.00,0.00,12.00,0.00,0.00,0,0,0.00,0,0.00
2026-03-28 18:07:01,600.83,0,0,0,0,0,0,0,1.00,0,1.00,3.31,2.03,2.52,1.00,D,0.00,12.00,0.85,12.00,0.80,^,0.00,,11.10,8.30,504,0.00,49.4,1,0,0.00,0.00,0.00,12.00,0.00,0.00,0,0,0.00,0,0.00
2026-03-28 18:07:02,601.85,0,0,0,0,0,0,0,0.00,0,1.00,3.31,2.03,2.84,1.00,D,0.00,12.00,12.00,12.00,0.78,^,0.00,,9.70,8.30,504,0.00,49.9,1,0,0.00,0.00,0.00,12.00,0.00,0.00,0,0,0.00,0,0.00
2026-03-28 18:07:03,602.86,0,0,0,0,0,0,0,0.00,0,1.00,3.31,2.03,2.47,1.00,D,0.00,12.00,12.00,12.00,0.86,^,0.00,,10.40,8.30,504,0.00,50.5,1,0,0.00,0.00,0.00,12.00,0.00,0.00,0,0,0.00,0,0.00
2026-03-28 18:07:04,603.87,0,0,0,0,0,0,0,0.00,0,1.00,3.31,2.03,2.99,1.00,D,0.00,12.00,12.00,12.00,1.00,^,0.00,,8.30,8.30,504,0.00,48.8,1,0,0.00,0.00,0.00,12.00,0.00,0.00,0,0,0.00,0,0.00
2026-03-28 18:07:05,604.88,0,0,0,0,0,0,0,0.00,0,1.00,3.31,2.03,2.74,1.00,D,0.00,12.00,12.00,12.00,0.85,^,0.00,,11.50,8.30,504,0.00,50.5,1,0,0.00,0.00,0.00,12.00,0.00,0.00,0,0,0.00,0,0.00
2026-03-28 18:07:06,605.89,0,0,0,0,0,0,0,0.00,0,1.00,3.31,2.03,2.60,1.00,D,0.00,12.00,12.00,2.24,0.67,^,0.00,,11.70,8.30,504,0.00,49.9,1,0,0.00,0.00,0.00,12.00,0.00,0.00,0,0,0.00,0,0.00
2026-03-28 18:07:07,606.90,0,0,0,0,0,0,0,0.00,0,1.00,3.31,2.03,2.80,1.00,D,0.00,1.81,12.00,1.36,0.82,^,0.00,,10.80,8.30,504,0.00,49.4,1,0,0.00,0.00,0.00,1.81,0.00,0.00,0,0,0.00,0,0.00
2026-03-28 18:07:08,607.92,0,0,0,0,0,0,0,0.00,0,1.00,3.31,2.03,2.76,1.00,D,0.00,1.70,12.00,1.03,0.82,^,0.00,,12.30,8.30,504,0.00,49.9,1,0,0.00,0.00,0.00,1.70,0.00,0.00,0,0,0.00,0,0.00
2026-03-28 18:07:09,608.93,0,0,0,0,0,0,0,0.00,0,1.00,3.31,2.04,2.80,1.00,D,0.00,0.88,12.00,0.69,0.80,CAUTION_WARNING,0.00,,14.80,8.30,504,0.00,49.4,1,0,0.00,0.00,0.00,0.88,0.00,0.00,0,0,0.00,0,0.00
2026-03-28 18:07:10,609.94,0,0,0,0,0,0,0,0.00,0,1.00,3.31,2.04,2.86,1.00,D,0.00,12.00,12.00,12.00,0.70,^,0.00,,13.10,8.30,504,0.00,49.9,1,0,0.00,0.00,0.00,12.00,0.00,0.00,0,0,0.00,0,0.00
2026-03-28 18:07:11,610.95,0,0,0,0,0,0,0,0.00,0,1.00,3.31,2.04,2.74,1.00,D,0.00,12.00,12.00,12.00,0.70,^,0.00,,12.90,8.30,504,0.00,49.4,1,0,0.00,0.00,0.00,12.00,0.00,0.00,0,0,0.00,0,0.00
2026-03-28 18:07:12,611.97,0,0,0,0,0,0,0,1.00,0,1.00,3.31,2.04,2.98,1.00,D,0.00,12.00,12.00,12.00,0.91,^,0.00,,13.10,8.30,504,0.00,49.9,1,0,0.00,0.00,0.00,12.00,0.00,0.00,0,0,0.00,0,0.00
2026-03-28 18:07:13,612.98,0,0,0,0,0,0,0,0.00,0,1.00,3.31,2.04,2.75,1.00,D,0.00,12.00,12.00,12.00,0.93,^,0.00,,13.80,8.30,504,0.00,48.8,1,0,0.00,0.00,0.00,12.00,0.00,0.00,0,0,0.00,0,0.00
2026-03-28 18:07:14,613.99,0,0,0,0,0,0,0,0.28,0,1.00,3.31,2.04,2.80,1.00,D,0.00,12.00,12.00,12.00,0.71,^,0.00,,37.50,8.60,504,0.00,50.5,1,0,0.00,0.00,0.00,12.00,0.00,0.00,0,0,0.00,0,0.00
2026-03-28 18:07:15,615.00,0,0,0,0,0,0,0,0.00,0,1.00,3.31,2.04,2.83,1.00,D,0.00,12.00,12.00,12.00,0.68,^,0.00,,10.20,8.60,504,0.00,51.0,1,0,0.00,0.00,0.00,12.00,0.00,0.00,0,0,0.00,0,0.00
2026-03-28 18:07:16,616.01,0,0,0,0,0,0,0,0.00,0,1.00,3.31,2.04,2.51,1.00,D,0.00,1.91,12.00,12.00,0.73,^,0.00,,10.40,8.50,504,0.00,51.0,1,0,0.00,0.00,0.00,1.91,0.00,0.00,0,0,0.00,0,0.00
2026-03-28 18:07:17,617.03,0,0,0,0,0,0,0,0.00,0,1.00,3.31,2.05,2.85,1.00,D,0.00,0.68,12.00,0.71,0.95,CAUTION_WARNING,0.00,,8.50,8.50,504,0.00,51.0,1,0,0.00,0.00,0.00,0.68,0.00,0.00,0,0,0.00,0,0.00
2026-03-28 18:07:18,618.04,0,0,0,0,0,0,0,0.00,0,1.00,3.31,2.05,2.84,1.00,D,0.00,0.65,12.00,0.36,0.43,CAUTION_WARNING,0.00,,8.80,8.50,504,0.00,51.0,1,0,0.00,0.00,0.00,0.65,0.00,0.00,0,0,0.00,0,0.00
2026-03-28 18:07:19,619.05,0,0,0,0,0,0,0,0.42,0,1.00,3.31,2.05,2.80,1.00,D,0.00,12.00,12.00,0.47,0.47,^,0.00,,14.70,8.40,504,0.00,49.9,1,0,0.00,0.00,0.00,12.00,0.00,0.00,0,0,0.00,0,0.00
2026-03-28 18:07:20,620.06,0,0,0,0,0,0,0,1.00,0,1.00,3.31,2.05,2.75,1.00,D,0.00,12.00,12.00,12.00,0.48,^,0.00,,15.00,8.40,504,0.00,49.9,1,0,0.00,0.00,0.00,12.00,0.00,0.00,0,0,0.00,0,0.00
2026-03-28 18:07:21,621.07,0,0,0,0,0,0,0,1.00,0,1.00,3.31,2.05,2.76,1.00,D,0.00,12.00,12.00,12.00,0.66,^,0.00,,15.40,8.40,504,0.00,49.9,1,0,0.00,0.00,0.00,12.00,0.00,0.00,0,0,0.00,0,0.00
2026-03-28 18:07:22,622.08,0,0,0,0,0,0,0,0.00,0,1.00,3.31,2.05,2.77,1.00,D,0.00,12.00,12.00,12.00,0.95,^,0.00,,12.90,8.40,504,0.00,51.0,1,0,0.00,0.00,0.00,12.00,0.00,0.00,0,0,0.00,0,0.00
2026-03-28 18:07:23,623.09,0,0,0,0,0,0,0,0.00,0,1.00,3.31,2.05,2.86,1.00,D,0.00,12.00,12.00,12.00,0.84,^,0.00,,14.10,8.40,504,0.00,51.0,1,0,0.00,0.00,0.00,12.00,0.00,0.00,0,0,0.00,0,0.00
2026-03-28 18:07:24,624.11,0,0,0,0,0,0,0,0.00,0,1.00,3.31,2.06,2.95,1.00,D,0.00,2.93,12.00,2.93,0.75,^,0.00,,16.00,8.40,504,0.00,49.9,1,0,0.00,0.00,0.00,2.93,0.00,0.00,0,0,0.00,0,0.00
2026-03-28 18:07:25,625.12,0,0,0,0,0,0,0,1.00,0,1.00,3.31,2.06,2.84,1.00,D,0.00,1.83,12.00,1.87,0.67,^,0.00,,13.30,8.40,504,0.00,50.5,1,0,0.00,0.00,0.00,1.83,0.00,0.00,0,0,0.00,0,0.00
2026-03-28 18:07:26,626.13,0,0,0,0,0,0,0,0.00,0,1.00,3.31,2.06,2.86,1.00,D,0.00,12.00,12.00,1.14,0.91,^,0.00,,16.20,8.40,504,0.00,51.0,1,0,0.00,0.00,0.00,12.00,0.00,0.00,0,0,0.00,0,0.00
2026-03-28 18:07:27,627.13,0,0,0,0,0,0,0,0.00,0,1.00,3.31,2.06,2.55,1.00,D,0.00,12.00,12.00,1.16,1.00,^,0.00,,13.70,8.40,504,0.00,51.0,1,0,0.00,0.00,0.00,12.00,0.00,0.00,0,0,0.00,0,0.00
2026-03-28 18:07:28,628.15,0,0,0,0,0,0,0,1.00,0,1.00,3.31,2.06,2.92,1.00,D,0.00,12.00,12.00,0.96,0.90,^,0.00,,13.90,8.40,504,0.00,50.5,1,0,0.00,0.00,0.00,12.00,0.00,0.00,0,0,0.00,0,0.00
2026-03-28 18:07:29,629.16,0,0,0,0,0,0,0,0.57,0,1.00,3.31,2.06,2.93,1.00,D,0.00,12.00,12.00,1.23,0.86,^,0.00,,14.40,8.40,504,0.00,50.5,1,0,0.00,0.00,0.00,12.00,0.00,0.00,0,0,0.00,0,0.00
2026-03-28 18:07:30,630.17,0,0,0,0,0,0,0,0.00,0,1.00,3.31,2.06,2.59,1.00,D,0.00,12.00,12.00,12.00,0.83,^,0.00,,14.80,8.40,504,0.00,49.4,1,0,0.00,0.00,0.00,12.00,0.00,0.00,0,0,0.00,0,0.00
2026-03-28 18:07:31,631.19,0,0,0,0,0,0,0,0.00,0,1.00,3.31,2.06,2.76,1.00,D,0.00,12.00,12.00,12.00,0.99,^,0.00,,13.50,8.40,504,0.00,51.0,1,0,0.00,0.00,0.00,12.00,0.00,0.00,0,0,0.00,0,0.00
2026-03-28 18:07:32,632.20,0,0,0,0,0,0,0,0.00,0,1.00,3.31,2.07,2.87,1.00,D,0.00,12.00,12.00,12.00,0.98,^,0.00,,12.70,8.30,504,0.00,49.4,1,0,0.00,0.00,0.00,12.00,0.00,0.00,0,0,0.00,0,0.00
2026-03-28 18:07:33,633.21,0,0,0,0,0,0,0,0.00,0,1.00,3.31,2.07,2.93,1.00,D,0.00,12.00,12.00,1.74,0.86,^,0.00,,13.00,8.30,504,0.00,48.8,1,0,0.00,0.00,0.00,12.00,0.00,0.00,0,0,0.00,0,0.00
2026-03-28 18:07:34,634.22,0,0,0,0,0,0,0,0.00,0,1.00,3.31,2.07,2.90,1.00,D,0.00,12.00,12.00,0.93,0.73,^,0.00,,14.00,8.30,504,0.00,50.5,1,0,0.00,0.00,0.00,12.00,0.00,0.00,0,0,0.00,0,0.00
2026-03-28 18:07:36,635.24,0,0,0,0,0,0,0,0.00,0,1.00,3.31,2.07,2.94,1.00,D,0.00,12.00,12.00,12.00,0.62,^,0.00,,12.60,8.30,504,0.00,49.4,1,0,0.00,0.00,0.00,12.00,0.00,0.00,0,0,0.00,0,0.00
2026-03-28 18:07:37,636.25,0,0,0,0,0,0,0,0.00,0,1.00,3.31,2.07,2.91,1.00,D,0.00,12.00,12.00,12.00,0.80,^,0.00,,12.90,8.30,504,0.00,49.4,1,0,0.00,0.00,0.00,12.00,0.00,0.00,0,0,0.00,0,0.00
2026-03-28 18:07:38,637.26,0,0,0,0,0,0,0,0.00,0,1.00,3.31,2.07,2.79,1.00,D,0.00,12.00,12.00,12.00,0.73,^,0.00,,14.00,8.30,504,0.00,48.8,1,0,0.00,0.00,0.00,12.00,0.00,0.00,0,0,0.00,0,0.00
2026-03-28 18:07:39,638.27,0,0,0,0,0,0,0,0.44,0,1.00,3.31,2.07,2.91,1.00,D,0.00,12.00,12.00,12.00,0.63,^,0.00,,13.60,8.30,504,0.00,48.3,1,0,0.00,0.00,0.00,12.00,0.00,0.00,0,0,0.00,0,0.00
2026-03-28 18:07:40,639.27,0,0,0,0,0,0,0,1.00,0,1.00,3.31,2.07,3.02,1.00,D,0.00,12.00,12.00,12.00,0.33,^,0.00,,13.80,8.30,504,0.00,51.0,1,0,0.00,0.00,0.00,12.00,0.00,0.00,0,0,0.00,0,0.00
2026-03-28 18:07:41,640.28,0,0,0,0,0,0,0,0.00,0,1.00,3.31,2.08,2.81,1.00,D,0.00,12.00,12.00,12.00,0.76,^,0.00,,13.50,8.30,504,0.00,49.9,1,0,0.00,0.00,0.00,12.00,0.00,0.00,0,0,0.00,0,0.00
2026-03-28 18:07:42,641.29,0,0,0,0,0,0,0,0.00,0,1.00,3.31,2.08,2.90,1.00,D,0.00,12.00,12.00,12.00,0.77,^,0.00,,13.30,8.30,504,0.00,51.0,1,0,0.00,0.00,0.00,12.00,0.00,0.00,0,0,0.00,0,0.00
2026-03-28 18:07:43,642.30,0,0,0,0,0,0,0,0.95,0,1.00,3.31,2.08,2.90,1.00,D,0.00,12.00,12.00,12.00,0.69,^,0.00,,13.20,8.30,504,0.00,48.8,1,0,0.00,0.00,0.00,12.00,0.00,0.00,0,0,0.00,0,0.00
2026-03-28 18:07:44,643.31,0,0,0,0,0,0,0,0.00,0,1.00,3.31,2.08,2.88,1.00,D,0.00,12.00,12.00,12.00,0.62,^,0.00,,13.70,8.30,504,0.00,48.8,1,0,0.00,0.00,0.00,12.00,0.00,0.00,0,0,0.00,0,0.00
2026-03-28 18:07:45,644.32,0,0,0,0,0,0,0,0.00,0,1.00,3.31,2.08,2.83,1.00,D,0.00,12.00,12.00,12.00,0.54,^,0.00,,13.50,8.30,504,0.00,48.8,1,0,0.00,0.00,0.00,12.00,0.00,0.00,0,0,0.00,0,0.00
2026-03-28 18:07:46,645.34,0,0,0,0,0,0,0,0.00,0,1.00,3.31,2.08,2.79,1.00,D,0.00,12.00,12.00,12.00,0.52,^,0.00,,14.20,8.30,504,0.00,49.9,1,0,0.00,0.00,0.00,12.00,0.00,0.00,0,0,0.00,0,0.00
2026-03-28 18:07:47,646.34,0,0,0,0,0,0,0,0.00,0,1.00,3.31,2.08,2.90,1.00,D,0.00,12.00,12.00,12.00,0.82,^,0.00,,13.70,8.30,504,0.00,48.8,1,0,0.00,0.00,0.00,12.00,0.00,0.00,0,0,0.00,0,0.00
2026-03-28 18:07:48,647.35,0,0,0,0,0,0,0,0.84,0,1.00,3.31,2.09,2.90,1.00,D,0.00,12.00,12.00,12.00,0.86,^,0.00,,13.30,8.30,504,0.00,48.8,1,0,0.00,0.00,0.00,12.00,0.00,0.00,0,0,0.00,0,0.00
2026-03-28 18:07:49,648.37,0,0,0,0,0,0,0,0.61,0,1.00,3.31,2.09,3.02,1.00,D,0.00,12.00,12.00,12.00,0.73,^,0.00,,16.70,8.30,504,0.00,48.8,1,0,0.00,0.00,0.00,12.00,0.00,0.00,0,0,0.00,0,0.00
2026-03-28 18:07:50,649.37,0,0,0,0,0,0,0,0.00,0,1.00,3.31,2.09,2.86,1.00,D,0.00,12.00,12.00,12.00,0.55,^,0.00,,13.00,8.30,504,0.00,49.9,1,0,0.00,0.00,0.00,12.00,0.00,0.00,0,0,0.00,0,0.00
2026-03-28 18:07:51,650.39,0,0,0,0,0,0,0,0.00,0,1.00,3.31,2.09,2.97,1.00,D,0.00,12.00,12.00,12.00,0.56,^,0.00,,13.40,8.30,504,0.00,50.5,1,0,0.00,0.00,0.00,12.00,0.00,0.00,0,0,0.00,0,0.00
2026-03-28 18:07:52,651.40,0,0,0,0,0,0,0,0.00,0,1.00,3.31,2.09,2.87,1.00,D,0.00,12.00,12.00,12.00,0.53,^,0.00,,13.90,8.30,504,0.00,49.9,1,0,0.00,0.00,0.00,12.00,0.00,0.00,0,0,0.00,0,0.00
2026-03-28 18:07:53,652.41,0,0,0,0,0,0,0,0.00,0,1.00,3.31,2.09,2.95,1.00,D,0.00,12.00,12.00,0.58,0.85,^,0.00,,9.00,8.30,504,0.00,48.8,1,0,0.00,0.00,0.00,12.00,0.00,0.00,0,0,0.00,0,0.00
2026-03-28 18:07:54,653.42,0,0,0,0,0,0,0,1.00,0,1.00,3.31,2.09,2.96,1.00,D,0.00,12.00,12.00,12.00,0.83,^,0.00,,12.10,8.30,504,0.00,48.8,1,0,0.00,0.00,0.00,12.00,0.00,0.00,0,0,0.00,0,0.00
2026-03-28 18:07:55,654.43,0,0,0,0,0,0,0,0.00,0,1.00,3.31,2.09,2.72,1.00,D,0.00,12.00,12.00,12.00,0.65,^,0.00,,13.00,8.30,504,0.00,49.9,1,0,0.00,0.00,0.00,12.00,0.00,0.00,0,0,0.00,0,0.00
2026-03-28 18:07:56,655.45,0,0,0,0,0,0,0,0.91,0,1.00,3.31,2.09,3.00,1.00,D,0.00,12.00,12.00,12.00,0.59,^,0.00,,12.10,8.30,504,0.00,49.4,1,0,0.00,0.00,0.00,12.00,0.00,0.00,0,0,0.00,0,0.00
2026-03-28 18:07:57,656.46,0,0,0,0,0,0,0,0.78,0,1.00,3.31,2.10,2.86,1.00,D,0.00,12.00,12.00,12.00,0.61,^,0.00,,17.30,8.30,504,0.00,49.9,1,0,0.00,0.00,0.00,12.00,0.00,0.00,0,0,0.00,0,0.00
2026-03-28 18:07:58,657.47,0,0,0,0,0,0,0,0.00,0,1.00,3.31,2.10,2.80,1.00,D,0.00,12.00,12.00,12.00,0.76,^,0.00,,17.70,8.30,504,0.00,49.9,1,0,0.00,0.00,0.00,12.00,0.00,0.00,0,0,0.00,0,0.00
2026-03-28 18:07:59,658.48,0,0,0,0,0,0,0,0.91,0,1.00,3.31,2.10,2.79,1.00,D,0.00,12.00,12.00,12.00,0.90,^,0.00,,11.80,8.30,504,0.00,49.4,1,0,0.00,0.00,0.00,12.00,0.00,0.00,0,0,0.00,0,0.00
2026-03-28 18:08:00,659.49,0,0,0,0,0,0,0,0.66,0,1.00,3.31,2.10,2.83,1.00,D,0.00,12.00,12.00,1.29,0.71,^,0.00,,14.70,8.20,504,0.00,49.4,1,0,0.00,0.00,0.00,12.00,0.00,0.00,0,0,0.00,0,0.00
2026-03-28 18:08:01,660.51,0,0,0,0,0,0,0,0.76,0,1.00,3.31,2.10,2.92,1.00,D,0.00,14.29,12.00,0.85,0.63,^,0.00,,19.40,8.30,504,0.00,49.9,1,0,0.00,0.00,0.00,14.29,0.00,0.00,0,0,0.00,0,0.00
2026-03-28 18:08:02,661.51,0,0,0,0,0,0,0,-0.10,0,1.00,3.31,2.10,2.80,1.00,D,0.00,1.49,12.00,0.91,0.52,^,0.00,,12.90,8.30,504,0.00,50.5,1,0,0.00,0.00,0.00,1.49,0.00,0.00,0,0,0.00,0,0.00
2026-03-28 18:08:03,662.53,0,0,0,0,0,0,0,0.13,0,1.00,3.31,2.10,2.98,1.00,D,0.00,11.76,12.00,1.42,0.47,^,0.00,,12.00,8.30,504,0.00,49.9,1,0,0.00,0.00,0.00,11.76,0.00,0.00,0,0,0.00,0,0.00
2026-03-28 18:08:04,663.54,0,0,0,0,0,0,0,1.00,0,1.00,3.31,2.10,2.85,1.00,D,0.00,10.54,12.00,12.00,0.67,^,0.00,,11.00,8.30,504,0.00,49.9,1,0,0.00,0.00,0.00,10.54,0.00,0.00,0,0,0.00,0,0.00
2026-03-28 18:08:05,664.56,0,0,0,0,0,0,0,0.00,0,1.00,3.31,2.11,2.85,1.00,D,0.00,9.30,12.00,12.00,0.87,^,0.00,,7.60,8.30,504,0.00,48.8,1,0,0.00,0.00,0.00,9.30,0.00,0.00,0,0,0.00,0,0.00
2026-03-28 18:08:06,665.57,0,0,0,0,0,0,0,0.00,0,1.00,3.31,2.11,2.81,1.00,D,0.00,8.05,12.00,2.05,0.79,^,0.00,,8.40,8.30,504,0.00,49.9,1,0,0.00,0.00,0.00,8.05,0.00,0.00,0,0,0.00,0,0.00
2026-03-28 18:08:07,666.58,0,0,0,0,0,0,0,0.00,0,1.00,3.31,2.11,2.98,1.00,D,0.00,6.85,12.00,12.00,0.60,^,0.00,,6.70,8.30,504,0.00,50.5,1,0,0.00,0.00,0.00,6.85,0.00,0.00,0,0,0.00,0,0.00
2026-03-28 18:08:08,667.59,0,0,0,0,0,0,0,0.00,0,1.00,3.31,2.11,2.81,1.00,D,0.00,5.75,12.00,12.00,0.57,^,0.00,,7.70,8.30,504,0.00,49.4,1,0,0.00,0.00,0.00,5.75,0.00,0.00,0,0,0.00,0,0.00
2026-03-28 18:08:09,668.61,0,0,0,0,0,0,0,0.00,0,1.00,3.31,2.11,2.85,1.00,D,0.00,4.54,12.00,12.00,0.69,^,0.00,,7.50,8.30,504,0.00,48.3,1,0,0.00,0.00,0.00,4.54,0.00,0.00,0,0,0.00,0,0.00
2026-03-28 18:08:10,669.62,0,0,0,0,0,0,0,0.00,0,1.00,3.31,2.11,2.88,1.00,D,0.00,3.31,12.00,2.28,0.87,^,0.00,,6.90,8.30,504,0.00,48.3,1,0,0.00,0.00,0.00,3.31,0.00,0.00,0,0,0.00,0,0.00
2026-03-28 18:08:11,670.63,0,0,0,0,0,0,0,0.00,0,1.00,3.31,2.11,2.81,1.00,D,0.00,2.18,12.00,1.84,0.76,^,0.00,,9.60,8.30,504,0.00,49.4,1,0,0.00,0.00,0.00,2.18,0.00,0.00,0,0,0.00,0,0.00
2026-03-28 18:08:12,671.64,0,0,0,0,0,0,0,0.00,0,1.00,3.31,2.11,2.69,1.00,D,0.00,1.15,12.00,1.18,0.62,^,0.00,,8.60,8.30,504,0.00,49.9,1,0,0.00,0.00,0.00,1.15,0.00,0.00,0,0,0.00,0,0.00
2026-03-28 18:08:13,672.66,0,0,0,0,0,0,0,0.00,0,1.00,3.31,2.11,2.82,1.00,D,0.00,12.00,12.00,1.44,0.53,^,0.00,,9.90,8.30,504,0.00,49.9,1,0,0.00,0.00,0.00,12.00,0.00,0.00,0,0,0.00,0,0.00
2026-03-28 18:08:14,673.67,0,0,0,0,0,0,0,0.00,0,1.00,3.31,2.12,2.65,1.00,D,0.00,12.00,12.00,12.00,0.37,^,0.00,,10.70,8.30,504,0.00,48.8,1,0,0.00,0.00,0.00,12.00,0.00,0.00,0,0,0.00,0,0.00
2026-03-28 18:08:15,674.68,0,0,0,0,0,0,0,0.00,0,1.00,3.31,2.12,2.76,1.00,D,0.00,12.00,12.00,12.00,0.61,^,0.00,,8.90,8.20,504,0.00,49.4,1,0,0.00,0.00,0.00,12.00,0.00,0.00,0,0,0.00,0,0.00
2026-03-28 18:08:16,675.68,0,0,0,0,0,0,0,0.00,0,1.00,3.31,2.12,2.70,1.00,D,0.00,12.00,12.00,12.00,0.90,^,0.00,,11.50,8.30,504,0.00,48.3,1,0,0.00,0.00,0.00,12.00,0.00,0.00,0,0,0.00,0,0.00
2026-03-28 18:08:17,676.70,0,0,0,0,0,0,0,0.00,0,1.00,3.31,2.12,2.66,1.00,D,0.00,12.00,12.00,2.28,0.82,^,0.00,,10.30,8.30,504,0.00,48.8,1,0,0.00,0.00,0.00,12.00,0.00,0.00,0,0,0.00,0,0.00
2026-03-28 18:08:18,677.71,0,0,0,0,0,0,0,0.00,0,1.00,3.31,2.12,2.77,1.00,D,0.00,12.00,12.00,1.34,0.83,^,0.00,,8.90,8.30,504,0.00,49.9,1,0,0.00,0.00,0.00,12.00,0.00,0.00,0,0,0.00,0,0.00
2026-03-28 18:08:19,678.72,0,0,0,0,0,0,0,1.00,0,1.00,3.31,2.12,2.78,1.00,D,0.00,12.00,12.00,1.18,0.68,^,0.00,,15.10,8.30,504,0.00,49.9,1,0,0.00,0.00,0.00,12.00,0.00,0.00,0,0,0.00,0,0.00
2026-03-28 18:08:20,679.74,0,0,0,0,0,0,0,1.00,0,1.00,3.31,2.12,2.95,1.00,D,0.00,12.00,12.00,1.42,0.63,^,0.00,,12.00,8.30,504,0.00,49.4,1,0,0.00,0.00,0.00,12.00,0.00,0.00,0,0,0.00,0,0.00
2026-03-28 18:08:21,680.74,0,0,0,0,0,0,0,0.00,0,1.00,3.31,2.12,2.90,1.00,D,0.00,12.00,12.00,12.00,0.75,^,0.00,,10.00,8.30,504,0.00,48.8,1,0,0.00,0.00,0.00,12.00,0.00,0.00,0,0,0.00,0,0.00
2026-03-28 18:08:22,681.75,0,0,0,0,0,0,0,0.00,0,1.00,3.31,2.12,2.89,1.00,D,0.00,12.00,12.00,12.00,0.61,^,0.00,,10.50,8.30,504,0.00,49.9,1,0,0.00,0.00,0.00,12.00,0.00,0.00,0,0,0.00,0,0.00
2026-03-28 18:08:23,682.77,0,0,0,0,0,0,0,0.00,0,1.00,3.31,2.12,2.68,1.00,D,0.00,12.00,12.00,12.00,0.47,^,0.00,,10.90,8.30,504,0.00,49.9,1,0,0.00,0.00,0.00,12.00,0.00,0.00,0,0,0.00,0,0.00
2026-03-28 18:08:24,683.78,0,0,0,0,0,0,0,0.83,0,1.00,3.31,2.13,2.85,1.00,D,0.00,12.00,12.00,12.00,0.49,^,0.00,,10.40,8.30,504,0.00,48.3,1,0,0.00,0.00,0.00,12.00,0.00,0.00,0,0,0.00,0,0.00
2026-03-28 18:08:25,684.80,0,0,0,0,0,0,0,0.00,0,1.00,3.31,2.13,2.98,1.00,D,0.00,12.00,12.00,12.00,0.61,^,0.00,,10.40,8.30,504,0.00,48.8,1,0,0.00,0.00,0.00,12.00,0.00,0.00,0,0,0.00,0,0.00
2026-03-28 18:08:26,685.81,0,0,0,0,0,0,0,1.00,0,1.00,3.31,2.13,2.81,1.00,D,0.00,12.00,12.00,12.00,0.91,^,0.00,,11.00,8.30,504,0.00,49.4,1,0,0.00,0.00,0.00,12.00,0.00,0.00,0,0,0.00,0,0.00
2026-03-28 18:08:27,686.82,0,0,0,0,0,0,0,0.00,0,1.00,3.31,2.13,2.75,1.00,D,0.00,12.00,12.00,12.00,0.80,^,0.00,,7.80,8.30,504,0.00,49.4,1,0,0.00,0.00,0.00,12.00,0.00,0.00,0,0,0.00,0,0.00
2026-03-28 18:08:28,687.83,0,0,0,0,0,0,0,0.00,0,1.00,3.31,2.13,2.49,1.00,D,0.00,12.00,12.00,12.00,0.72,^,0.00,,8.40,8.30,504,0.00,49.9,1,0,0.00,0.00,0.00,12.00,0.00,0.00,0,0,0.00,0,0.00
2026-03-28 18:08:29,688.85,0,0,0,0,0,0,0,0.00,0,1.00,3.31,2.13,2.91,1.00,D,0.00,12.00,12.00,12.00,0.84,^,0.00,,8.80,8.30,504,0.00,48.8,1,0,0.00,0.00,0.00,12.00,0.00,0.00,0,0,0.00,0,0.00
2026-03-28 18:08:30,689.86,0,0,0,0,0,0,0,1.00,0,1.00,3.31,2.13,2.95,1.00,D,0.00,12.00,12.00,12.00,0.69,^,0.00,,10.50,8.30,504,0.00,49.9,1,0,0.00,0.00,0.00,12.00,0.00,0.00,0,0,0.00,0,0.00
2026-03-28 18:08:31,690.87,0,0,0,0,0,0,0,0.81,0,1.00,3.31,2.13,2.91,1.00,D,0.00,12.00,12.00,12.00,0.65,^,0.00,,10.20,8.30,504,0.00,48.3,1,0,0.00,0.00,0.00,12.00,0.00,0.00,0,0,0.00,0,0.00
2026-03-28 18:08:32,691.89,0,0,0,0,0,0,0,0.89,0,1.00,3.31,2.13,2.84,1.00,D,0.00,12.00,12.00,12.00,0.58,^,0.00,,10.50,8.20,504,0.00,49.9,1,0,0.00,0.00,0.00,12.00,0.00,0.00,0,0,0.00,0,0.00
2026-03-28 18:08:33,692.89,0,0,0,0,0,0,0,0.00,0,1.00,3.31,2.13,2.83,1.00,D,0.00,12.00,12.00,1.56,0.52,^,0.00,,11.80,8.30,504,0.00,50.5,1,0,0.00,0.00,0.00,12.00,0.00,0.00,0,0,0.00,0,0.00
2026-03-28 18:08:34,693.90,0,0,0,0,0,0,0,0.00,0,1.00,3.31,2.14,2.88,1.00,D,0.00,12.00,12.00,1.07,0.46,^,0.00,,10.00,8.30,504,0.00,49.4,1,0,0.00,0.00,0.00,12.00,0.00,0.00,0,0,0.00,0,0.00
2026-03-28 18:08:35,694.91,0,0,0,0,0,0,0,0.00,0,1.00,3.31,2.14,2.91,1.00,D,0.00,12.00,12.00,1.88,0.61,^,0.00,,16.30,8.20,504,0.00,48.8,1,0,0.00,0.00,0.00,12.00,0.00,0.00,0,0,0.00,0,0.00
2026-03-28 18:08:36,695.93,0,0,0,0,0,0,0,0.00,0,1.00,3.31,2.14,2.90,1.00,D,0.00,12.00,12.00,12.00,0.81,^,0.00,,14.50,8.30,504,0.00,49.9,1,0,0.00,0.00,0.00,12.00,0.00,0.00,0,0,0.00,0,0.00
2026-03-28 18:08:37,696.94,0,0,0,0,0,0,0,0.00,0,1.00,3.31,2.14,2.78,1.00,D,0.00,12.00,12.00,12.00,0.66,^,0.00,,13.40,8.30,504,0.00,49.4,1,0,0.00,0.00,0.00,12.00,0.00,0.00,0,0,0.00,0,0.00
2026-03-28 18:08:38,697.95,0,0,0,0,0,0,0,0.00,0,1.00,3.31,2.14,2.78,1.00,D,0.00,12.00,12.00,12.00,0.59,^,0.00,,11.50,8.30,504,0.00,49.4,1,0,0.00,0.00,0.00,12.00,0.00,0.00,0,0,0.00,0,0.00
2026-03-28 18:08:39,698.96,0,0,0,0,0,0,0,0.14,0,1.00,3.31,2.14,2.88,1.00,D,0.00,12.00,12.00,12.00,0.62,^,0.00,,13.60,8.30,504,0.00,48.3,1,0,0.00,0.00,0.00,12.00,0.00,0.00,0,0,0.00,0,0.00
2026-03-28 18:08:40,699.98,0,0,0,0,0,0,0,1.00,0,1.00,3.31,2.14,2.95,1.00,D,0.00,12.00,12.00,12.00,0.87,^,0.00,,14.50,8.30,504,0.00,48.3,1,0,0.00,0.00,0.00,12.00,0.00,0.00,0,0,0.00,0,0.00
2026-03-28 18:08:41,700.98,0,0,0,0,0,0,0,0.00,0,1.00,3.31,2.14,2.78,1.00,D,0.00,12.00,12.00,12.00,0.73,^,0.00,,14.90,8.20,504,0.00,49.4,1,0,0.00,0.00,0.00,12.00,0.00,0.00,0,0,0.00,0,0.00
2026-03-28 18:08:42,701.99,0,0,0,0,0,0,0,0.49,0,1.00,3.31,2.14,2.89,1.00,D,0.00,12.00,12.00,12.00,0.58,^,0.00,,13.20,8.20,504,0.00,48.3,1,0,0.00,0.00,0.00,12.00,0.00,0.00,0,0,0.00,0,0.00
2026-03-28 18:08:43,703.00,0,0,0,0,0,0,0,0.00,0,1.00,3.31,2.14,2.85,1.00,D,0.00,12.00,12.00,12.00,0.54,^,0.00,,14.30,8.20,504,0.00,49.4,1,0,0.00,0.00,0.00,12.00,0.00,0.00,0,0,0.00,0,0.00
2026-03-28 18:08:44,704.01,0,0,0,0,0,0,0,0.00,0,1.00,3.31,2.15,2.74,1.00,D,0.00,12.00,12.00,1.65,0.64,^,0.00,,14.10,8.20,504,0.00,49.4,1,0,0.00,0.00,0.00,12.00,0.00,0.00,0,0,0.00,0,0.00
2026-03-28 18:08:45,705.02,0,0,0,0,0,0,0,0.00,0,0.94,3.31,2.15,2.78,0.94,D,0.00,12.00,12.00,2.21,0.80,^,0.00,,14.70,8.20,504,0.00,49.9,1,0,0.00,0.00,0.00,12.00,0.00,0.00,0,0,0.00,0,0.00
2026-03-28 18:08:46,706.03,0,0,0,0,0,0,0,0.00,0,1.00,3.31,2.15,2.92,1.00,D,0.00,12.00,12.00,1.75,0.65,^,0.00,,18.10,8.30,504,0.00,48.8,1,0,0.00,0.00,0.00,12.00,0.00,0.00,0,0,0.00,0,0.00
2026-03-28 18:08:47,707.05,0,0,0,0,0,0,0,0.99,0,1.00,3.31,2.15,2.81,1.00,D,0.00,12.00,12.00,1.52,0.65,^,0.00,,15.40,8.30,504,0.00,49.9,1,0,0.00,0.00,0.00,12.00,0.00,0.00,0,0,0.00,0,0.00
2026-03-28 18:08:48,708.06,0,0,0,0,0,0,0,0.00,0,1.00,3.31,2.15,2.67,1.00,D,0.00,12.00,12.00,1.55,0.49,^,0.00,,13.50,8.30,504,0.00,48.8,1,0,0.00,0.00,0.00,12.00,0.00,0.00,0,0,0.00,0,0.00
2026-03-28 18:08:49,709.08,0,0,0,0,0,0,0,0.00,0,1.00,3.31,2.15,2.75,1.00,D,0.00,12.00,12.00,12.00,0.47,^,0.00,,15.90,8.30,504,0.00,50.5,1,0,0.00,0.00,0.00,12.00,0.00,0.00,0,0,0.00,0,0.00
2026-03-28 18:08:50,710.09,0,0,0,0,0,0,0,0.00,0,1.00,3.31,2.15,2.76,1.00,D,0.00,12.00,12.00,12.00,0.83,^,0.00,,15.50,8.30,504,0.00,49.9,1,0,0.00,0.00,0.00,12.00,0.00,0.00,0,0,0.00,0,0.00
2026-03-28 18:08:51,711.10,0,0,0,0,0,0,0,0.00,0,1.00,3.31,2.15,2.91,1.00,D,0.00,12.00,12.00,12.00,0.83,^,0.00,,13.50,8.30,504,0.00,48.8,1,0,0.00,0.00,0.00,12.00,0.00,0.00,0,0,0.00,0,0.00
2026-03-28 18:08:52,712.10,0,0,0,0,0,0,0,0.00,0,1.00,3.31,2.15,2.74,1.00,D,0.00,12.00,12.00,12.00,0.59,^,0.00,,15.30,8.30,504,0.00,49.9,1,0,0.00,0.00,0.00,12.00,0.00,0.00,0,0,0.00,0,0.00
2026-03-28 18:08:53,713.10,0,0,0,0,0,0,0,0.00,0,1.00,3.31,2.15,2.92,1.00,D,0.00,12.00,12.00,12.00,0.35,^,0.00,,14.40,8.30,504,0.00,49.9,1,0,0.00,0.00,0.00,12.00,0.00,0.00,0,0,0.00,0,0.00
2026-03-28 18:08:54,714.10,0,0,0,0,0,0,0,1.00,0,1.00,3.31,2.16,2.94,1.00,D,0.00,12.00,12.00,12.00,0.90,^,0.00,,13.90,8.30,504,0.00,49.4,1,0,0.00,0.00,0.00,12.00,0.00,0.00,0,0,0.00,0,0.00
2026-03-28 18:08:55,715.10,0,0,0,0,0,0,0,0.00,0,1.00,3.31,2.16,2.83,1.00,D,0.00,12.00,12.00,12.00,0.92,^,0.00,,14.00,8.30,504,0.00,49.4,1,0,0.00,0.00,0.00,12.00,0.00,0.00,0,0,0.00,0,0.00
2026-03-28 18:08:56,716.10,0,0,0,0,0,0,0,1.00,0,1.00,3.31,2.16,2.92,1.00,D,0.00,12.00,12.00,2.37,0.78,^,0.00,,12.50,8.30,504,0.00,49.9,1,0,0.00,0.00,0.00,12.00,0.00,0.00,0,0,0.00,0,0.00
2026-03-28 18:08:57,717.12,0,0,0,0,0,0,0,0.00,0,0.00,3.31,2.16,2.24,0.47,D,0.00,1.73,12.00,1.54,0.85,^,0.00,,14.80,8.30,504,0.00,49.4,1,0,0.00,0.00,0.00,1.73,0.00,0.00,0,0,0.00,0,0.00
2026-03-28 18:08:58,718.13,0,0,0,0,0,0,0,0.00,0,0.00,3.31,2.16,1.04,0.00,D,0.00,12.00,12.00,1.08,0.70,^,0.00,,13.50,8.30,504,0.00,49.9,1,0,0.00,0.00,0.00,12.00,0.00,0.00,0,0,0.00,0,0.00
2026-03-28 18:08:59,719.15,0,0,0,0,0,0,0,0.00,0,0.00,3.31,2.15,0.00,0.00,D,0.00,12.00,0.61,1.09,1.38,^,0.00,,12.00,8.30,504,0.00,48.8,1,0,0.00,0.00,0.00,12.00,0.00,0.00,0,0,0.00,0,0.00
2026-03-28 18:09:00,720.16,0,0,0,0,0,0,0,0.00,0,0.00,3.31,2.15,0.00,0.00,D,0.00,0.46,0.22,1.10,1.36,STOP_WARNING,0.00,,11.60,8.30,504,1.02,47.7,1,0,0.00,0.00,0.00,0.46,0.00,0.00,0,0,0.00,0,0.00
2026-03-28 18:09:01,721.17,0,0,0,0,0,0,0,0.00,1,0.00,3.31,2.15,0.00,0.00,D,0.00,0.22,0.34,1.10,1.36,STOP_WARNING,0.00,,10.40,8.30,504,2.03,47.7,1,1,0.00,0.00,0.00,0.22,0.00,0.00,0,0,0.00,0,0.00
2026-03-28 18:09:02,722.18,0,0,0,0,0,0,0,0.00,1,0.00,3.31,2.15,0.00,0.00,D,0.00,0.24,0.49,0.55,0.55,STOP_WARNING,0.00,,10.00,8.30,504,0.01,48.8,1,1,0.00,0.00,0.00,0.24,0.00,0.00,0,0,0.00,0,0.00
2026-03-28 18:09:03,723.19,0,0,0,0,0,0,0,0.00,1,0.00,3.31,2.14,0.00,0.00,D,0.00,0.25,0.42,0.54,0.54,STOP_WARNING,0.00,,10.10,8.30,504,0.83,48.8,1,1,0.00,0.00,0.00,0.25,0.00,0.00,0,0,0.00,0,0.00
2026-03-28 18:09:04,724.20,0,0,0,0,0,0,0,0.00,1,0.00,3.31,2.14,0.00,0.00,D,0.00,0.24,0.42,1.28,0.12,STOP_WARNING,0.00,,9.70,8.20,504,0.27,48.8,1,1,0.00,0.00,0.00,0.24,0.00,0.00,0,0,0.00,0,0.00
2026-03-28 18:09:05,725.22,0,0,0,0,0,0,0,0.00,1,0.00,3.31,2.14,0.00,0.00,D,0.00,0.32,0.35,12.00,0.13,STOP_WARNING,0.00,,10.40,8.20,504,1.28,48.8,1,1,0.00,0.00,0.00,0.32,0.00,0.00,0,0,0.00,0,0.00
2026-03-28 18:09:06,726.23,0,0,0,0,0,0,0,0.00,1,0.00,3.31,2.13,0.00,0.00,D,0.00,0.35,0.26,0.29,0.09,STOP_WARNING,0.00,,12.60,8.30,504,2.29,48.3,1,1,0.00,0.00,0.00,0.35,0.00,0.00,0,0,0.00,0,0.00
2026-03-28 18:09:08,727.24,0,0,0,0,0,0,0,0.00,1,0.00,3.31,2.13,0.00,0.00,D,0.00,0.28,0.26,0.29,0.07,STOP_WARNING,0.00,,10.90,8.20,504,3.30,47.7,1,1,0.00,0.00,0.00,0.28,0.00,0.00,0,0,0.00,0,0.00
2026-03-28 18:09:09,728.25,0,0,0,0,0,0,0,0.00,1,0.00,3.31,2.13,0.00,0.00,D,0.00,0.34,0.40,1.15,0.12,STOP_WARNING,0.00,,12.60,8.20,504,4.31,47.7,1,1,0.00,0.00,0.00,0.34,0.00,0.00,0,0,0.00,0,0.00
2026-03-28 18:09:10,729.26,0,0,0,0,0,0,0,0.00,1,0.00,3.31,2.12,0.00,0.00,D,0.00,0.39,0.22,1.13,1.38,STOP_WARNING,0.00,,11.70,8.20,504,0.84,48.3,1,1,0.00,0.00,0.00,0.39,0.00,0.00,0,0,0.00,0,0.00
2026-03-28 18:09:11,730.27,0,0,0,0,0,0,0,0.00,1,1.00,3.31,2.12,0.00,0.00,D,0.00,12.00,0.47,1.12,0.42,^,0.00,,11.80,8.20,504,1.85,48.8,1,0,0.00,0.00,0.00,12.00,0.00,0.00,0,0,0.00,0,0.00
2026-03-28 18:09:12,731.29,0,0,0,0,0,0,0,0.00,1,0.00,3.31,2.12,0.00,0.00,D,0.00,12.00,12.00,1.14,0.75,^,0.00,,11.20,8.20,504,2.87,48.8,1,0,0.00,0.00,0.00,12.00,0.00,0.00,0,0,0.00,0,0.00
2026-03-28 18:09:13,732.30,0,0,1,0,0,0,0,0.00,0,1.00,3.31,2.12,0.01,0.28,D,0.00,12.00,12.00,1.12,0.96,^,0.00,,11.20,8.20,504,0.14,48.3,1,0,0.00,0.00,0.00,12.00,0.00,0.00,0,0,0.00,0,0.00
2026-03-28 18:09:14,733.31,0,0,0,0,0,0,0,0.00,0,1.00,3.31,2.11,0.87,0.79,D,0.00,12.00,12.00,1.19,0.62,^,0.00,,12.00,8.30,504,0.00,48.8,1,0,0.00,0.00,0.00,12.00,0.00,0.00,0,0,0.00,0,0.00
2026-03-28 18:09:15,734.31,0,0,0,0,0,0,0,0.00,0,1.00,3.31,2.11,2.79,1.00,D,0.00,12.00,12.00,2.70,1.07,^,0.00,,16.20,8.30,504,0.00,48.3,1,0,0.00,0.00,0.00,12.00,0.00,0.00,0,0,0.00,0,0.00
2026-03-28 18:09:16,735.32,0,0,0,0,0,0,0,0.00,0,1.00,3.31,2.11,2.79,1.00,D,0.00,12.00,12.00,12.00,1.04,^,0.00,,15.80,8.30,504,0.00,48.8,1,0,0.00,0.00,0.00,12.00,0.00,0.00,0,0,0.00,0,0.00
2026-03-28 18:09:17,736.32,0,0,0,0,0,0,0,0.00,0,1.00,3.31,2.11,2.75,1.00,D,0.00,12.00,12.00,12.00,1.38,^,0.00,,14.90,8.30,504,0.00,49.4,1,0,0.00,0.00,0.00,12.00,0.00,0.00,0,0,0.00,0,0.00
2026-03-28 18:09:18,737.33,0,0,0,0,0,0,0,0.00,0,0.00,3.31,2.12,2.30,0.44,D,0.00,12.00,12.00,12.00,1.28,^,0.00,,10.80,8.30,504,0.00,48.8,1,0,0.00,0.00,0.00,12.00,0.00,0.00,0,0,0.00,0,0.00
2026-03-28 18:09:19,738.34,0,0,0,0,0,0,0,0.00,0,0.00,3.31,2.12,1.29,0.00,D,0.00,12.00,12.00,12.00,0.99,^,0.00,,10.20,8.30,504,0.00,48.3,1,0,0.00,0.00,0.00,12.00,0.00,0.00,0,0,0.00,0,0.00
2026-03-28 18:09:20,739.36,0,0,0,0,0,0,0,0.00,0,0.00,3.31,2.11,0.32,0.00,D,0.00,12.00,12.00,12.00,0.93,^,0.00,,11.20,8.30,504,0.01,48.3,1,0,0.00,0.00,0.00,12.00,0.00,0.00,0,0,0.00,0,0.00
2026-03-28 18:09:21,740.37,0,0,0,0,0,0,0,0.00,0,0.00,3.31,2.11,0.00,0.00,D,0.00,12.00,12.00,12.00,0.67,^,0.00,,7.90,8.30,504,0.81,47.2,1,0,0.00,0.00,0.00,12.00,0.00,0.00,0,0,0.00,0,0.00
2026-03-28 18:09:22,741.38,0,0,0,0,0,0,0,0.00,0,0.00,3.31,2.11,0.00,0.00,D,0.00,12.00,12.00,12.00,0.67,^,0.00,,10.30,8.30,504,1.82,47.2,1,0,0.00,0.00,0.00,12.00,0.00,0.00,0,0,0.00,0,0.00
2026-03-28 18:09:23,742.39,0,0,0,0,0,0,0,0.00,0,0.00,3.31,2.10,0.00,0.00,D,0.00,12.00,12.00,12.00,0.68,^,0.00,,8.40,8.20,504,2.83,47.2,1,0,0.00,0.00,0.00,12.00,0.00,0.00,0,0,0.00,0,0.00
2026-03-28 18:09:24,743.41,0,0,0,0,0,0,0,0.00,0,0.00,3.31,2.10,0.00,0.00,D,0.00,12.00,12.00,12.00,0.68,^,0.00,,9.40,8.20,504,3.84,47.2,1,0,0.00,0.00,0.00,12.00,0.00,0.00,0,0,0.00,0,0.00
2026-03-28 18:09:25,744.42,0,0,0,0,0,0,0,0.00,0,0.00,3.31,2.10,0.00,0.00,D,0.00,12.00,12.00,12.00,0.69,^,0.00,,8.40,8.20,504,4.85,47.7,1,0,0.00,0.00,0.00,12.00,0.00,0.00,0,0,0.00,0,0.00
2026-03-28 18:09:26,745.43,0,0,0,0,0,0,0,1.00,0,1.00,3.31,2.10,0.00,0.34,D,0.00,12.00,12.00,12.00,0.70,^,0.00,,11.10,8.20,504,0.09,48.8,1,0,0.00,0.00,0.00,12.00,0.00,0.00,0,0,0.00,0,0.00
2026-03-28 18:09:27,746.44,0,0,0,0,0,0,0,0.50,0,1.00,3.31,2.09,0.82,0.84,D,0.00,12.00,12.00,12.00,0.57,^,0.00,,15.30,8.30,504,0.00,47.2,1,0,0.00,0.00,0.00,12.00,0.00,0.00,0,0,0.00,0,0.00
2026-03-28 18:09:28,747.45,0,0,0,0,0,0,0,1.00,0,1.00,3.31,2.09,2.72,1.00,D,0.00,12.00,12.00,12.00,0.72,^,0.00,,14.50,8.30,504,0.00,47.2,1,0,0.00,0.00,0.00,12.00,0.00,0.00,0,0,0.00,0,0.00
2026-03-28 18:09:29,748.46,0,0,0,0,0,0,0,0.00,0,1.00,3.31,2.09,2.82,1.00,D,0.00,12.00,12.00,12.00,1.02,^,0.00,,10.70,8.30,504,0.00,48.8,1,0,0.00,0.00,0.00,12.00,0.00,0.00,0,0,0.00,0,0.00
2026-03-28 18:09:30,749.47,0,0,0,0,0,0,0,0.00,0,1.00,3.31,2.10,2.90,1.00,D,0.00,12.00,12.00,12.00,1.07,^,0.00,,7.60,8.30,504,0.00,48.3,1,0,0.00,0.00,0.00,12.00,0.00,0.00,0,0,0.00,0,0.00
2026-03-28 18:09:31,750.49,0,0,0,0,0,0,0,0.00,0,1.00,3.31,2.10,2.95,1.00,D,0.00,12.00,12.00,12.00,1.15,^,0.00,,10.50,8.30,504,0.00,48.8,1,0,0.00,0.00,0.00,12.00,0.00,0.00,0,0,0.00,0,0.00
2026-03-28 18:09:32,751.50,0,0,0,0,0,0,0,0.00,0,1.00,3.31,2.10,2.73,1.00,D,0.00,12.00,12.00,12.00,0.81,^,0.00,,9.90,8.30,504,0.00,49.9,1,0,0.00,0.00,0.00,12.00,0.00,0.00,0,0,0.00,0,0.00
2026-03-28 18:09:33,752.51,0,0,0,0,0,0,0,0.00,0,1.00,3.31,2.10,2.86,1.00,D,0.00,12.00,12.00,12.00,0.65,^,0.00,,11.10,8.30,504,0.00,47.7,1,0,0.00,0.00,0.00,12.00,0.00,0.00,0,0,0.00,0,0.00
2026-03-28 18:09:34,753.53,0,0,0,0,0,0,0,0.00,0,1.00,3.31,2.10,2.71,1.00,D,0.00,2.21,12.00,1.64,0.73,^,0.00,,11.60,8.30,504,0.00,49.9,1,0,0.00,0.00,0.00,2.21,0.00,0.00,0,0,0.00,0,0.00
2026-03-28 18:09:35,754.54,0,0,0,0,0,0,0,0.00,0,1.00,3.31,2.10,2.86,1.00,D,0.00,12.00,12.00,1.11,1.12,^,0.00,,10.40,8.30,504,0.00,48.8,1,0,0.00,0.00,0.00,12.00,0.00,0.00,0,0,0.00,0,0.00
2026-03-28 18:09:36,755.55,0,0,0,0,0,0,0,0.00,0,1.00,3.31,2.10,2.89,1.00,D,0.00,12.00,12.00,12.00,0.93,^,0.00,,11.40,8.30,504,0.00,48.3,1,0,0.00,0.00,0.00,12.00,0.00,0.00,0,0,0.00,0,0.00
2026-03-28 18:09:37,756.57,0,0,0,0,0,0,0,0.61,0,1.00,3.31,2.10,2.76,1.00,D,0.00,12.00,12.00,12.00,0.67,^,0.00,,10.00,8.30,504,0.00,48.8,1,0,0.00,0.00,0.00,12.00,0.00,0.00,0,0,0.00,0,0.00
2026-03-28 18:09:38,757.57,0,0,0,0,0,0,0,0.00,0,1.00,3.31,2.10,2.88,1.00,D,0.00,12.00,12.00,12.00,0.79,^,0.00,,9.90,8.30,504,0.00,49.4,1,0,0.00,0.00,0.00,12.00,0.00,0.00,0,0,0.00,0,0.00
2026-03-28 18:09:39,758.57,0,0,0,0,0,0,0,0.00,0,1.00,3.31,2.10,2.93,1.00,D,0.00,12.00,12.00,12.00,0.74,^,0.00,,10.20,8.30,504,0.00,49.4,1,0,0.00,0.00,0.00,12.00,0.00,0.00,0,0,0.00,0,0.00
2026-03-28 18:09:40,759.58,0,0,0,0,0,0,0,0.00,0,1.00,3.31,2.11,2.76,1.00,D,0.00,12.00,12.00,12.00,0.50,^,0.00,,12.90,8.30,504,0.00,48.8,1,0,0.00,0.00,0.00,12.00,0.00,0.00,0,0,0.00,0,0.00
2026-03-28 18:09:41,760.58,0,0,0,0,0,0,0,0.00,0,1.00,3.31,2.11,2.93,1.00,D,0.00,12.00,12.00,12.00,0.54,^,0.00,,11.10,8.30,504,0.00,49.4,1,0,0.00,0.00,0.00,12.00,0.00,0.00,0,0,0.00,0,0.00
2026-03-28 18:09:42,761.59,0,0,0,0,0,0,0,0.00,0,1.00,3.31,2.11,2.82,1.00,D,0.00,12.00,12.00,12.00,0.56,^,0.00,,9.80,8.30,504,0.00,49.9,1,0,0.00,0.00,0.00,12.00,0.00,0.00,0,0,0.00,0,0.00
2026-03-28 18:09:43,762.61,0,0,0,0,0,0,0,0.00,0,1.00,3.31,2.11,2.73,1.00,D,0.00,12.00,12.00,12.00,0.77,^,0.00,,10.60,8.30,504,0.00,49.4,1,0,0.00,0.00,0.00,12.00,0.00,0.00,0,0,0.00,0,0.00
2026-03-28 18:09:44,763.62,0,0,0,0,0,0,0,0.00,0,1.00,3.31,2.11,2.84,1.00,D,0.00,12.00,12.00,12.00,0.74,^,0.00,,8.70,8.30,504,0.00,47.7,1,0,0.00,0.00,0.00,12.00,0.00,0.00,0,0,0.00,0,0.00
2026-03-28 18:09:45,764.64,0,0,0,0,0,0,0,0.00,0,1.00,3.31,2.11,2.79,1.00,D,0.00,12.00,12.00,12.00,1.00,^,0.00,,9.90,8.30,504,0.00,49.9,1,0,0.00,0.00,0.00,12.00,0.00,0.00,0,0,0.00,0,0.00
2026-03-28 18:09:46,765.65,0,0,0,0,0,0,0,0.88,0,1.00,3.31,2.11,2.88,1.00,D,0.00,12.00,12.00,12.00,1.45,^,0.00,,9.70,8.30,504,0.00,48.3,1,0,0.00,0.00,0.00,12.00,0.00,0.00,0,0,0.00,0,0.00
2026-03-28 18:09:47,766.66,0,0,0,0,0,0,0,0.95,0,1.00,3.31,2.11,2.89,1.00,D,0.00,12.00,12.00,12.00,1.47,^,0.00,,11.10,8.30,504,0.00,48.8,1,0,0.00,0.00,0.00,12.00,0.00,0.00,0,0,0.00,0,0.00
2026-03-28 18:09:48,767.68,0,0,0,0,0,0,0,0.00,0,1.00,3.31,2.11,2.73,1.00,D,0.00,12.00,12.00,2.23,1.94,^,0.00,,10.30,8.30,504,0.00,49.9,1,0,0.00,0.00,0.00,12.00,0.00,0.00,0,0,0.00,0,0.00
2026-03-28 18:09:49,768.78,0,0,0,0,0,0,0,0.00,0,1.00,3.31,2.11,2.76,1.00,D,0.00,12.00,12.00,2.00,1.79,^,0.00,,9.60,8.30,504,0.00,49.4,1,0,0.00,0.00,0.00,12.00,0.00,0.00,0,0,0.00,0,0.00
2026-03-28 18:09:50,769.69,0,0,0,0,0,0,0,1.00,0,1.00,3.31,2.11,2.69,1.00,D,0.00,12.00,12.00,12.00,1.87,^,0.00,,10.40,8.30,504,0.00,47.7,1,0,0.00,0.00,0.00,12.00,0.00,0.00,0,0,0.00,0,0.00
2026-03-28 18:09:51,770.70,0,0,0,0,0,0,0,0.00,0,1.00,3.31,2.11,2.74,1.00,D,0.00,12.00,12.00,12.00,2.03,^,0.00,,8.40,8.30,504,0.00,48.8,1,0,0.00,0.00,0.00,12.00,0.00,0.00,0,0,0.00,0,0.00
2026-03-28 18:09:52,771.71,0,0,0,0,0,0,0,0.28,0,1.00,3.31,2.12,2.63,1.00,D,0.00,12.00,12.00,12.00,1.80,^,0.00,,10.90,8.30,504,0.00,49.4,1,0,0.00,0.00,0.00,12.00,0.00,0.00,0,0,0.00,0,0.00
2026-03-28 18:09:53,772.72,0,0,0,0,0,0,0,0.00,0,1.00,3.31,2.12,2.88,1.00,D,0.00,12.00,12.00,12.00,1.61,^,0.00,,8.50,8.30,504,0.00,48.8,1,0,0.00,0.00,0.00,12.00,0.00,0.00,0,0,0.00,0,0.00
2026-03-28 18:09:54,773.74,0,0,0,0,0,0,0,0.00,0,1.00,3.31,2.12,2.77,1.00,D,0.00,12.00,12.00,12.00,1.71,^,0.00,,10.60,8.30,504,0.00,47.7,1,0,0.00,0.00,0.00,12.00,0.00,0.00,0,0,0.00,0,0.00
2026-03-28 18:09:55,774.75,0,0,0,0,0,0,0,0.25,0,1.00,3.31,2.12,2.82,1.00,D,0.00,12.00,12.00,12.00,1.72,^,0.00,,10.30,8.30,504,0.00,48.8,1,0,0.00,0.00,0.00,12.00,0.00,0.00,0,0,0.00,0,0.00
2026-03-28 18:09:56,775.77,0,0,0,0,0,0,0,0.39,0,1.00,3.31,2.12,2.81,1.00,D,0.00,12.00,12.00,12.00,1.46,^,0.00,,11.70,8.30,504,0.00,49.4,1,0,0.00,0.00,0.00,12.00,0.00,0.00,0,0,0.00,0,0.00
2026-03-28 18:09:57,776.78,0,0,0,0,0,0,0,0.00,0,1.00,3.31,2.12,2.67,1.00,D,0.00,12.00,12.00,12.00,1.32,^,0.00,,11.30,8.30,504,0.00,48.3,1,0,0.00,0.00,0.00,12.00,0.00,0.00,0,0,0.00,0,0.00
2026-03-28 18:09:58,777.79,0,0,0,0,0,0,0,0.00,0,1.00,3.31,2.12,2.76,1.00,D,0.00,2.16,12.00,2.00,1.41,^,0.00,,10.30,8.30,504,0.00,48.8,1,0,0.00,0.00,0.00,2.16,0.00,0.00,0,0,0.00,0,0.00
2026-03-28 18:09:59,778.79,0,0,0,0,0,0,0,0.00,0,1.00,3.31,2.12,2.83,1.00,D,0.00,12.00,12.00,1.40,1.34,^,0.00,,10.60,8.30,504,0.00,48.8,1,0,0.00,0.00,0.00,12.00,0.00,0.00,0,0,0.00,0,0.00
2026-03-28 18:10:00,779.80,0,0,0,0,0,0,0,1.00,0,1.00,3.31,2.12,2.81,1.00,D,0.00,12.00,12.00,12.00,1.13,^,0.00,,12.60,8.20,504,0.00,48.3,1,0,0.00,0.00,0.00,12.00,0.00,0.00,0,0,0.00,0,0.00
2026-03-28 18:10:01,780.81,0,0,0,0,0,0,0,0.00,0,1.00,3.31,2.12,2.74,1.00,D,0.00,12.00,12.00,12.00,1.03,^,0.00,,10.10,8.30,504,0.00,48.8,1,0,0.00,0.00,0.00,12.00,0.00,0.00,0,0,0.00,0,0.00
2026-03-28 18:10:02,781.83,0,0,0,0,0,0,0,0.00,0,1.00,3.31,2.12,2.73,1.00,D,0.00,12.00,12.00,12.00,1.22,^,0.00,,9.80,8.30,504,0.00,47.7,1,0,0.00,0.00,0.00,12.00,0.00,0.00,0,0,0.00,0,0.00
2026-03-28 18:10:03,782.84,0,0,0,0,0,0,0,0.00,0,1.00,3.31,2.13,2.66,1.00,D,0.00,12.00,12.00,12.00,1.07,^,0.00,,12.70,8.30,504,0.00,48.8,1,0,0.00,0.00,0.00,12.00,0.00,0.00,0,0,0.00,0,0.00
2026-03-28 18:10:04,783.85,0,0,0,0,0,0,0,0.00,0,1.00,3.31,2.13,2.81,1.00,D,0.00,12.00,12.00,12.00,0.89,^,0.00,,12.50,8.30,504,0.00,47.7,1,0,0.00,0.00,0.00,12.00,0.00,0.00,0,0,0.00,0,0.00
2026-03-28 18:10:05,784.86,0,0,0,0,0,0,0,0.00,0,1.00,3.31,2.13,2.66,1.00,D,0.00,12.00,12.00,12.00,0.72,^,0.00,,15.00,8.30,504,0.00,48.8,1,0,0.00,0.00,0.00,12.00,0.00,0.00,0,0,0.00,0,0.00
2026-03-28 18:10:06,785.87,0,0,0,0,0,0,0,0.00,0,1.00,3.31,2.13,2.77,1.00,D,0.00,12.00,12.00,12.00,0.93,^,0.00,,15.60,8.30,504,0.00,49.4,1,0,0.00,0.00,0.00,12.00,0.00,0.00,0,0,0.00,0,0.00
2026-03-28 18:10:07,786.88,0,0,0,0,0,0,0,0.00,0,1.00,3.31,2.13,2.62,1.00,D,0.00,12.00,12.00,12.00,0.86,^,0.00,,14.50,8.30,504,0.00,48.8,1,0,0.00,0.00,0.00,12.00,0.00,0.00,0,0,0.00,0,0.00
2026-03-28 18:10:08,787.89,0,0,0,0,0,0,0,0.00,0,1.00,3.31,2.13,2.54,1.00,D,0.00,1.46,12.00,1.46,0.78,^,0.00,,12.50,8.30,504,0.00,47.7,1,0,0.00,0.00,0.00,1.46,0.00,0.00,0,0,0.00,0,0.00
2026-03-28 18:10:09,788.90,0,0,0,0,0,0,0,0.00,0,1.00,3.31,2.13,2.77,1.00,D,0.00,12.00,12.00,0.89,0.85,^,0.00,,11.60,8.30,504,0.00,48.3,1,0,0.00,0.00,0.00,12.00,0.00,0.00,0,0,0.00,0,0.00
2026-03-28 18:10:10,789.92,0,0,0,0,0,0,0,0.00,0,1.00,3.31,2.13,2.74,1.00,D,0.00,12.00,12.00,12.00,0.89,^,0.00,,14.40,8.30,504,0.00,48.3,1,0,0.00,0.00,0.00,12.00,0.00,0.00,0,0,0.00,0,0.00
2026-03-28 18:10:11,790.93,0,0,0,0,0,0,0,0.00,0,1.00,3.31,2.13,2.80,1.00,D,0.00,12.00,12.00,12.00,1.02,^,0.00,,15.60,8.30,504,0.00,47.2,1,0,0.00,0.00,0.00,12.00,0.00,0.00,0,0,0.00,0,0.00
2026-03-28 18:10:12,791.94,0,0,0,0,0,0,0,0.00,0,1.00,3.31,2.13,2.75,1.00,D,0.00,12.00,12.00,12.00,0.96,^,0.00,,12.80,8.30,504,0.00,48.8,1,0,0.00,0.00,0.00,12.00,0.00,0.00,0,0,0.00,0,0.00
2026-03-28 18:10:13,792.96,0,0,0,0,0,0,0,0.00,0,1.00,3.31,2.13,2.58,1.00,D,0.00,12.00,12.00,12.00,1.27,^,0.00,,13.70,8.30,504,0.00,48.3,1,0,0.00,0.00,0.00,12.00,0.00,0.00,0,0,0.00,0,0.00
2026-03-28 18:10:14,793.96,0,0,0,0,0,0,0,0.00,0,1.00,3.31,2.13,2.75,1.00,D,0.00,12.00,12.00,12.00,1.07,^,0.00,,13.30,8.30,504,0.00,48.3,1,0,0.00,0.00,0.00,12.00,0.00,0.00,0,0,0.00,0,0.00
2026-03-28 18:10:15,794.97,0,0,0,0,0,0,0,0.00,0,1.00,3.31,2.13,2.61,1.00,D,0.00,12.00,12.00,12.00,0.93,^,0.00,,14.70,8.30,504,0.00,48.3,1,0,0.00,0.00,0.00,12.00,0.00,0.00,0,0,0.00,0,0.00
2026-03-28 18:10:16,795.98,0,0,0,0,0,0,0,0.00,0,1.00,3.31,2.14,2.72,1.00,D,0.00,12.00,12.00,12.00,0.83,^,0.00,,11.60,8.30,504,0.00,47.7,1,0,0.00,0.00,0.00,12.00,0.00,0.00,0,0,0.00,0,0.00
2026-03-28 18:10:17,796.99,0,0,0,0,0,0,0,0.42,0,1.00,3.31,2.14,2.70,1.00,D,0.00,12.00,12.00,12.00,0.97,^,0.00,,15.90,8.30,504,0.00,48.8,1,0,0.00,0.00,0.00,12.00,0.00,0.00,0,0,0.00,0,0.00
2026-03-28 18:10:18,798.00,0,0,0,0,0,0,0,1.00,0,1.00,3.31,2.14,2.70,1.00,D,0.00,12.00,12.00,12.00,0.88,^,0.00,,13.10,8.30,504,0.00,47.2,1,0,0.00,0.00,0.00,12.00,0.00,0.00,0,0,0.00,0,0.00
2026-03-28 18:10:19,799.02,0,0,0,0,0,0,0,0.83,0,1.00,3.31,2.14,2.54,1.00,D,0.00,12.00,12.00,12.00,0.74,^,0.00,,17.00,8.30,504,0.00,47.2,1,0,0.00,0.00,0.00,12.00,0.00,0.00,0,0,0.00,0,0.00
2026-03-28 18:10:20,800.03,0,0,0,0,0,0,0,0.87,0,1.00,3.31,2.14,2.71,1.00,D,0.00,12.00,12.00,12.00,0.66,^,0.00,,14.40,8.30,504,0.00,47.7,1,0,0.00,0.00,0.00,12.00,0.00,0.00,0,0,0.00,0,0.00
2026-03-28 18:10:21,801.04,0,0,0,0,0,0,0,0.00,0,1.00,3.31,2.14,2.55,1.00,D,0.00,12.00,12.00,12.00,0.64,^,0.00,,14.60,8.30,504,0.00,48.8,1,0,0.00,0.00,0.00,12.00,0.00,0.00,0,0,0.00,0,0.00
2026-03-28 18:10:22,802.05,0,0,0,0,0,0,0,0.00,0,1.00,3.31,2.14,2.68,1.00,D,0.00,12.00,12.00,12.00,0.91,^,0.00,,13.70,8.30,504,0.00,48.8,1,0,0.00,0.00,0.00,12.00,0.00,0.00,0,0,0.00,0,0.00
2026-03-28 18:10:23,803.06,0,0,0,0,0,0,0,0.28,0,1.00,3.31,2.14,2.65,1.00,D,0.00,2.07,12.00,1.69,0.74,^,0.00,,14.40,8.30,504,0.00,46.6,1,0,0.00,0.00,0.00,2.07,0.00,0.00,0,0,0.00,0,0.00
2026-03-28 18:10:24,804.07,0,0,0,0,0,0,0,0.00,0,1.00,3.31,2.14,2.74,1.00,D,0.00,12.00,12.00,1.25,0.77,^,0.00,,14.40,8.30,504,0.00,48.8,1,0,0.00,0.00,0.00,12.00,0.00,0.00,0,0,0.00,0,0.00
2026-03-28 18:10:25,805.08,0,0,0,0,0,0,0,0.00,0,1.00,3.31,2.14,2.67,1.00,D,0.00,12.00,12.00,1.33,0.90,^,0.00,,15.00,8.30,504,0.00,47.7,1,0,0.00,0.00,0.00,12.00,0.00,0.00,0,0,0.00,0,0.00
2026-03-28 18:10:26,806.20,0,0,0,0,0,0,0,0.00,0,1.00,3.31,2.14,2.66,1.00,D,0.00,12.00,12.00,12.00,0.71,^,0.00,,15.10,8.30,504,0.00,48.3,1,0,0.00,0.00,0.00,12.00,0.00,0.00,0,0,0.00,0,0.00
2026-03-28 18:10:27,807.10,0,0,0,0,0,0,0,1.00,0,1.00,3.31,2.14,2.55,1.00,D,0.00,12.00,12.00,12.00,0.72,^,0.00,,14.80,8.30,504,0.00,46.6,1,0,0.00,0.00,0.00,12.00,0.00,0.00,0,0,0.00,0,0.00
2026-03-28 18:10:28,808.11,0,0,0,0,0,0,0,0.00,0,1.00,3.31,2.14,2.74,1.00,D,0.00,12.00,12.00,12.00,0.67,^,0.00,,12.00,8.30,504,0.00,47.2,1,0,0.00,0.00,0.00,12.00,0.00,0.00,0,0,0.00,0,0.00
2026-03-28 18:10:29,809.12,0,0,0,0,0,0,0,0.29,0,1.00,3.31,2.14,2.54,1.00,D,0.00,12.00,12.00,2.00,0.80,^,0.00,,16.40,8.30,504,0.00,47.7,1,0,0.00,0.00,0.00,12.00,0.00,0.00,0,0,0.00,0,0.00
2026-03-28 18:10:30,810.13,0,0,0,0,0,0,0,0.00,0,1.00,3.31,2.14,2.70,1.00,D,0.00,12.00,12.00,1.46,0.68,^,0.00,,13.20,8.30,504,0.00,48.3,1,0,0.00,0.00,0.00,12.00,0.00,0.00,0,0,0.00,0,0.00
2026-03-28 18:10:31,811.14,0,0,0,0,0,0,0,0.00,0,1.00,3.31,2.14,2.76,1.00,D,0.00,12.00,12.00,1.48,0.55,^,0.00,,13.80,8.30,504,0.00,47.2,1,0,0.00,0.00,0.00,12.00,0.00,0.00,0,0,0.00,0,0.00
2026-03-28 18:10:32,812.16,0,0,0,0,0,0,0,0.00,0,1.00,3.31,2.15,2.75,1.00,D,0.00,12.00,12.00,1.34,0.90,^,0.00,,13.10,8.20,504,0.00,47.7,1,0,0.00,0.00,0.00,12.00,0.00,0.00,0,0,0.00,0,0.00
2026-03-28 18:10:33,813.17,0,0,0,0,0,0,0,1.00,0,1.00,3.31,2.15,2.53,1.00,D,0.00,12.00,12.00,2.67,0.73,^,0.00,,14.60,8.20,504,0.00,47.2,1,0,0.00,0.00,0.00,12.00,0.00,0.00,0,0,0.00,0,0.00
2026-03-28 18:10:34,814.18,0,0,0,0,0,0,0,1.00,0,1.00,3.31,2.15,2.68,1.00,D,0.00,12.00,12.00,2.37,0.98,^,0.00,,14.70,8.20,504,0.00,48.3,1,0,0.00,0.00,0.00,12.00,0.00,0.00,0,0,0.00,0,0.00
2026-03-28 18:10:35,815.19,0,0,0,0,0,0,0,0.00,0,1.00,3.31,2.15,2.62,1.00,D,0.00,12.00,12.00,2.09,0.86,^,0.00,,13.40,8.20,504,0.00,47.7,1,0,0.00,0.00,0.00,12.00,0.00,0.00,0,0,0.00,0,0.00
2026-03-28 18:10:36,816.21,0,0,0,0,0,0,0,0.00,0,1.00,3.31,2.15,2.60,1.00,D,0.00,12.00,12.00,1.91,0.55,^,0.00,,15.30,8.20,504,0.00,47.7,1,0,0.00,0.00,0.00,12.00,0.00,0.00,0,0,0.00,0,0.00
2026-03-28 18:10:37,817.22,0,0,0,0,0,0,0,0.00,0,1.00,3.31,2.15,2.67,1.00,D,0.00,12.00,12.00,12.00,0.70,^,0.00,,13.70,8.30,504,0.00,47.7,1,0,0.00,0.00,0.00,12.00,0.00,0.00,0,0,0.00,0,0.00
2026-03-28 18:10:38,818.22,0,0,0,0,0,0,0,0.10,0,1.00,3.31,2.15,2.63,1.00,D,0.00,12.00,12.00,12.00,0.77,^,0.00,,15.20,8.30,504,0.00,47.7,1,0,0.00,0.00,0.00,12.00,0.00,0.00,0,0,0.00,0,0.00
2026-03-28 18:10:40,819.23,0,0,0,0,0,0,0,0.00,0,1.00,3.31,2.15,2.70,1.00,D,0.00,12.00,12.00,12.00,0.63,^,0.00,,13.60,8.20,504,0.00,47.2,1,0,0.00,0.00,0.00,12.00,0.00,0.00,0,0,0.00,0,0.00
2026-03-28 18:10:41,820.24,0,0,0,0,0,0,0,0.00,0,1.00,3.31,2.15,2.44,1.00,D,0.00,12.00,12.00,12.00,0.77,^,0.00,,16.80,8.20,504,0.00,48.3,1,0,0.00,0.00,0.00,12.00,0.00,0.00,0,0,0.00,0,0.00
2026-03-28 18:10:42,821.25,0,0,0,0,0,0,0,0.00,0,1.00,3.31,2.15,2.61,1.00,D,0.00,12.00,12.00,12.00,0.71,^,0.00,,15.80,8.20,504,0.00,48.3,1,0,0.00,0.00,0.00,12.00,0.00,0.00,0,0,0.00,0,0.00
2026-03-28 18:10:43,822.25,0,0,0,0,0,0,0,0.76,0,1.00,3.31,2.15,2.66,1.00,D,0.00,12.00,12.00,12.00,0.56,^,0.00,,12.80,8.30,504,0.00,47.7,1,0,0.00,0.00,0.00,12.00,0.00,0.00,0,0,0.00,0,0.00
2026-03-28 18:10:44,823.27,0,0,0,0,0,0,0,0.84,0,1.00,3.31,2.15,2.76,1.00,D,0.00,12.00,12.00,1.89,0.64,^,0.00,,13.90,8.20,504,0.00,47.2,1,0,0.00,0.00,0.00,12.00,0.00,0.00,0,0,0.00,0,0.00
2026-03-28 18:10:45,824.28,0,0,0,0,0,0,0,0.00,0,1.00,3.31,2.15,2.41,1.00,D,0.00,12.00,12.00,1.55,0.73,^,0.00,,16.30,8.30,504,0.00,47.7,1,0,0.00,0.00,0.00,12.00,0.00,0.00,0,0,0.00,0,0.00
2026-03-28 18:10:46,825.29,0,0,0,0,0,0,0,0.00,0,1.00,3.31,2.15,2.63,1.00,D,0.00,12.00,12.00,1.56,0.53,^,0.00,,12.20,8.30,504,0.00,47.2,1,0,0.00,0.00,0.00,12.00,0.00,0.00,0,0,0.00,0,0.00
2026-03-28 18:10:47,826.30,0,0,0,0,0,0,0,0.20,0,1.00,3.31,2.15,2.77,1.00,D,0.00,12.00,12.00,12.00,0.53,^,0.00,,18.60,8.30,504,0.00,48.3,1,0,0.00,0.00,0.00,12.00,0.00,0.00,0,0,0.00,0,0.00
2026-03-28 18:10:48,827.31,0,0,0,0,0,0,0,0.26,0,1.00,3.31,2.15,2.67,1.00,D,0.00,12.00,12.00,12.00,0.73,^,0.00,,13.70,8.20,504,0.00,48.3,1,0,0.00,0.00,0.00,12.00,0.00,0.00,0,0,0.00,0,0.00
2026-03-28 18:10:49,828.31,0,0,0,0,0,0,0,0.00,0,1.00,3.31,2.16,2.63,1.00,D,0.00,12.00,12.00,12.00,0.61,^,0.00,,15.90,8.30,504,0.00,48.3,1,0,0.00,0.00,0.00,12.00,0.00,0.00,0,0,0.00,0,0.00
2026-03-28 18:10:50,829.33,0,0,0,0,0,0,0,1.00,0,1.00,3.31,2.16,2.62,1.00,D,0.00,12.00,12.00,12.00,0.67,^,0.00,,15.40,8.30,504,0.00,47.7,1,0,0.00,0.00,0.00,12.00,0.00,0.00,0,0,0.00,0,0.00
2026-03-28 18:10:51,830.34,0,0,0,0,0,0,0,0.00,0,1.00,3.31,2.16,2.30,1.00,D,0.00,12.00,12.00,12.00,0.81,^,0.00,,13.20,8.30,504,0.00,48.8,1,0,0.00,0.00,0.00,12.00,0.00,0.00,0,0,0.00,0,0.00
2026-03-28 18:10:52,831.36,0,0,0,0,0,0,0,0.00,0,1.00,3.31,2.16,2.63,1.00,D,0.00,12.00,12.00,12.00,0.44,^,0.00,,9.90,8.30,504,0.00,46.1,1,0,0.00,0.00,0.00,12.00,0.00,0.00,0,0,0.00,0,0.00
2026-03-28 18:10:53,832.37,0,0,0,0,0,0,0,0.00,0,1.00,3.31,2.16,2.60,1.00,D,0.00,12.00,12.00,12.00,0.44,^,0.00,,12.60,8.30,504,0.00,47.2,1,0,0.00,0.00,0.00,12.00,0.00,0.00,0,0,0.00,0,0.00
2026-03-28 18:10:54,833.38,0,0,0,0,0,0,0,0.00,0,1.00,3.31,2.16,2.63,1.00,D,0.00,12.00,12.00,12.00,0.78,^,0.00,,17.10,8.30,504,0.00,47.2,1,0,0.00,0.00,0.00,12.00,0.00,0.00,0,0,0.00,0,0.00
2026-03-28 18:10:55,834.40,0,0,0,0,0,0,0,0.00,0,1.00,3.31,2.16,2.61,1.00,D,0.00,12.00,12.00,12.00,0.57,^,0.00,,11.00,8.30,504,0.00,48.3,1,0,0.00,0.00,0.00,12.00,0.00,0.00,0,0,0.00,0,0.00
2026-03-28 18:10:56,835.41,0,0,0,0,0,0,0,0.00,0,1.00,3.31,2.16,2.71,1.00,D,0.00,12.00,12.00,2.04,0.42,^,0.00,,13.50,8.30,504,0.00,47.7,1,0,0.00,0.00,0.00,12.00,0.00,0.00,0,0,0.00,0,0.00
2026-03-28 18:10:57,836.42,0,0,0,0,0,0,0,0.00,0,1.00,3.31,2.16,2.42,1.00,D,0.00,12.00,12.00,2.00,0.64,^,0.00,,12.40,8.30,504,0.00,47.7,1,0,0.00,0.00,0.00,12.00,0.00,0.00,0,0,0.00,0,0.00
2026-03-28 18:10:58,837.43,0,0,0,0,0,0,0,0.00,0,1.00,3.31,2.16,2.60,1.00,D,0.00,12.00,12.00,12.00,0.36,^,0.00,,8.20,8.30,504,0.00,47.7,1,0,0.00,0.00,0.00,12.00,0.00,0.00,0,0,0.00,0,0.00
2026-03-28 18:10:59,838.45,0,0,0,0,0,0,0,1.00,0,1.00,3.31,2.16,2.65,1.00,D,0.00,12.00,12.00,12.00,0.36,^,0.00,,5.40,8.30,504,0.00,46.1,1,0,0.00,0.00,0.00,12.00,0.00,0.00,0,0,0.00,0,0.00
2026-03-28 18:11:00,839.46,0,0,0,0,0,0,0,0.00,0,1.00,3.31,2.16,2.56,1.00,D,0.00,12.00,12.00,12.00,0.53,^,0.00,,6.00,8.30,504,0.00,46.1,1,0,0.00,0.00,0.00,12.00,0.00,0.00,0,0,0.00,0,0.00
2026-03-28 18:11:01,840.47,0,0,0,0,0,0,0,0.00,0,1.00,3.31,2.16,2.64,1.00,D,0.00,12.00,12.00,12.00,0.67,^,0.00,,7.70,8.30,504,0.00,47.7,1,0,0.00,0.00,0.00,12.00,0.00,0.00,0,0,0.00,0,0.00
2026-03-28 18:11:02,841.49,0,0,0,0,0,0,0,1.00,0,1.00,3.31,2.16,2.64,1.00,D,0.00,12.00,12.00,12.00,0.66,^,0.00,,8.80,8.30,504,0.00,47.2,1,0,0.00,0.00,0.00,12.00,0.00,0.00,0,0,0.00,0,0.00
2026-03-28 18:11:03,842.50,0,0,0,0,0,0,0,0.00,0,1.00,3.31,2.16,2.60,1.00,D,0.00,12.00,12.00,12.00,0.64,^,0.00,,8.30,8.20,504,0.00,47.7,1,0,0.00,0.00,0.00,12.00,0.00,0.00,0,0,0.00,0,0.00
2026-03-28 18:11:04,843.51,0,0,0,0,0,0,0,0.00,0,1.00,3.31,2.16,2.72,1.00,D,0.00,12.00,12.00,12.00,0.50,^,0.00,,5.60,8.20,504,0.00,47.2,1,0,0.00,0.00,0.00,12.00,0.00,0.00,0,0,0.00,0,0.00
2026-03-28 18:11:05,844.51,0,0,0,0,0,0,0,0.00,0,1.00,3.31,2.16,2.53,1.00,D,0.00,12.00,12.00,12.00,0.59,^,0.00,,11.20,8.30,504,0.00,47.7,1,0,0.00,0.00,0.00,12.00,0.00,0.00,0,0,0.00,0,0.00
2026-03-28 18:11:06,845.52,0,0,0,0,0,0,0,0.00,0,1.00,3.31,2.16,2.63,1.00,D,0.00,12.00,12.00,12.00,0.71,^,0.00,,6.70,8.30,504,0.00,47.7,1,0,0.00,0.00,0.00,12.00,0.00,0.00,0,0,0.00,0,0.00
2026-03-28 18:11:07,846.52,0,0,0,0,0,0,0,0.00,0,1.00,3.31,2.16,2.30,1.00,D,0.00,12.00,12.00,12.00,0.45,^,0.00,,9.00,8.30,504,0.00,46.6,1,0,0.00,0.00,0.00,12.00,0.00,0.00,0,0,0.00,0,0.00
2026-03-28 18:11:08,847.54,0,0,0,0,0,0,0,0.00,0,1.00,3.31,2.16,2.62,1.00,D,0.00,12.00,12.00,12.00,0.90,^,0.00,,5.90,8.30,504,0.00,47.2,1,0,0.00,0.00,0.00,12.00,0.00,0.00,0,0,0.00,0,0.00
2026-03-28 18:11:09,848.55,0,0,0,0,0,0,0,0.00,0,1.00,3.31,2.17,2.69,1.00,D,0.00,12.00,12.00,12.00,0.74,^,0.00,,7.80,8.30,504,0.00,47.2,1,0,0.00,0.00,0.00,12.00,0.00,0.00,0,0,0.00,0,0.00
2026-03-28 18:11:10,849.56,0,0,0,0,0,0,0,-0.32,0,1.00,3.31,2.17,2.59,1.00,D,0.00,12.00,12.00,12.00,0.84,^,0.00,,10.70,8.30,504,0.00,47.2,1,0,0.00,0.00,0.00,12.00,0.00,0.00,0,0,0.00,0,0.00
2026-03-28 18:11:11,850.57,0,0,0,0,0,0,0,0.00,0,1.00,3.31,2.17,2.67,1.00,D,0.00,12.00,12.00,12.00,0.57,^,0.00,,9.00,8.30,504,0.00,46.6,1,0,0.00,0.00,0.00,12.00,0.00,0.00,0,0,0.00,0,0.00
2026-03-28 18:11:12,851.59,0,0,0,0,0,0,0,0.00,0,1.00,3.31,2.17,2.45,1.00,D,0.00,12.00,12.00,12.00,0.59,^,0.00,,9.80,8.30,504,0.00,46.6,1,0,0.00,0.00,0.00,12.00,0.00,0.00,0,0,0.00,0,0.00
2026-03-28 18:11:13,852.60,0,0,0,0,0,0,0,0.00,0,1.00,3.31,2.17,2.61,1.00,D,0.00,12.00,12.00,12.00,0.65,^,0.00,,10.00,8.30,504,0.00,47.2,1,0,0.00,0.00,0.00,12.00,0.00,0.00,0,0,0.00,0,0.00
2026-03-28 18:11:14,853.61,0,0,0,0,0,0,0,1.00,0,1.00,3.31,2.17,2.81,1.00,D,0.00,12.00,12.00,2.62,0.44,^,0.00,,12.10,8.30,504,0.00,46.6,1,0,0.00,0.00,0.00,12.00,0.00,0.00,0,0,0.00,0,0.00
2026-03-28 18:11:15,854.61,0,0,0,0,0,0,0,1.00,0,1.00,3.31,2.17,2.71,1.00,D,0.00,12.00,12.00,1.85,0.69,^,0.00,,11.20,8.30,504,0.00,47.7,1,0,0.00,0.00,0.00,12.00,0.00,0.00,0,0,0.00,0,0.00
2026-03-28 18:11:16,855.62,0,0,0,0,0,0,0,0.00,0,1.00,3.31,2.17,2.62,1.00,D,0.00,12.00,12.00,1.32,0.57,^,0.00,,10.10,8.30,504,0.00,46.6,1,0,0.00,0.00,0.00,12.00,0.00,0.00,0,0,0.00,0,0.00
2026-03-28 18:11:17,856.64,0,0,0,0,0,0,0,1.00,0,1.00,3.31,2.17,2.73,1.00,D,0.00,12.00,12.00,12.00,0.65,^,0.00,,10.50,8.30,504,0.00,46.1,1,0,0.00,0.00,0.00,12.00,0.00,0.00,0,0,0.00,0,0.00
2026-03-28 18:11:18,857.66,0,0,0,0,0,0,0,0.13,0,1.00,3.31,2.17,2.71,1.00,D,0.00,12.00,12.00,12.00,0.69,^,0.00,,9.30,8.30,504,0.00,46.1,1,0,0.00,0.00,0.00,12.00,0.00,0.00,0,0,0.00,0,0.00
2026-03-28 18:11:19,858.66,0,0,0,0,0,0,0,0.57,0,1.00,3.31,2.17,2.64,1.00,D,0.00,12.00,12.00,2.32,0.54,^,0.00,,10.50,8.30,504,0.00,47.2,1,0,0.00,0.00,0.00,12.00,0.00,0.00,0,0,0.00,0,0.00
2026-03-28 18:11:20,859.68,0,0,0,0,0,0,0,-0.49,0,1.00,3.31,2.17,2.36,1.00,D,0.00,12.00,12.00,12.00,0.65,^,0.00,,12.70,8.30,504,0.00,47.7,1,0,0.00,0.00,0.00,12.00,0.00,0.00,0,0,0.00,0,0.00
2026-03-28 18:11:21,860.69,0,0,0,0,0,0,0,0.00,0,1.00,3.31,2.17,2.31,1.00,D,0.00,12.00,12.00,12.00,0.47,^,0.00,,10.40,8.30,504,0.00,45.5,1,0,0.00,0.00,0.00,12.00,0.00,0.00,0,0,0.00,0,0.00
2026-03-28 18:11:22,861.69,0,0,0,0,0,0,0,-1.00,0,1.00,3.31,2.17,2.54,1.00,D,0.00,12.00,12.00,1.79,0.97,^,0.00,,8.80,8.20,504,0.00,47.2,1,0,0.00,0.00,0.00,12.00,0.00,0.00,0,0,0.00,0,0.00
2026-03-28 18:11:23,862.70,0,0,0,0,0,0,0,0.63,0,1.00,3.31,2.17,2.64,1.00,D,0.00,12.00,0.79,12.00,0.89,^,0.00,,7.70,8.30,504,0.00,46.6,1,0,0.00,0.00,0.00,12.00,0.00,0.00,0,0,0.00,0,0.00
2026-03-28 18:11:24,863.71,0,0,0,0,0,0,0,1.00,0,1.00,3.31,2.17,2.69,1.00,D,0.00,12.00,12.00,12.00,0.41,^,0.00,,10.10,8.20,504,0.00,46.1,1,0,0.00,0.00,0.00,12.00,0.00,0.00,0,0,0.00,0,0.00
2026-03-28 18:11:25,864.72,0,0,0,0,0,0,0,1.00,0,1.00,3.31,2.17,2.64,1.00,D,0.00,12.00,12.00,2.27,0.69,^,0.00,,10.80,8.20,504,0.00,47.2,1,0,0.00,0.00,0.00,12.00,0.00,0.00,0,0,0.00,0,0.00
2026-03-28 18:11:26,865.74,0,0,0,0,0,0,0,0.00,0,1.00,3.31,2.17,2.59,1.00,D,0.00,12.00,12.00,1.62,0.46,^,0.00,,10.40,8.30,504,0.00,46.6,1,0,0.00,0.00,0.00,12.00,0.00,0.00,0,0,0.00,0,0.00
2026-03-28 18:11:27,866.75,0,0,0,0,0,0,0,-1.00,0,1.00,3.31,2.17,2.20,1.00,D,0.00,12.00,12.00,1.89,0.78,^,0.00,,13.70,8.20,504,0.00,47.2,1,0,0.00,0.00,0.00,12.00,0.00,0.00,0,0,0.00,0,0.00
2026-03-28 18:11:28,867.76,0,0,0,0,0,0,0,0.00,0,1.00,3.31,2.17,2.40,1.00,D,0.00,12.00,12.00,12.00,0.56,^,0.00,,13.40,8.30,504,0.00,46.1,1,0,0.00,0.00,0.00,12.00,0.00,0.00,0,0,0.00,0,0.00
2026-03-28 18:11:29,868.76,0,0,0,0,0,0,0,0.00,0,1.00,3.31,2.17,2.50,1.00,D,0.00,12.00,12.00,12.00,0.68,^,0.00,,13.20,8.20,504,0.00,45.5,1,0,0.00,0.00,0.00,12.00,0.00,0.00,0,0,0.00,0,0.00
2026-03-28 18:11:30,869.78,0,0,0,0,0,0,0,1.00,0,1.00,3.31,2.17,2.27,1.00,D,0.00,12.00,12.00,12.00,0.83,^,0.00,,13.10,8.20,504,0.00,47.2,1,0,0.00,0.00,0.00,12.00,0.00,0.00,0,0,0.00,0,0.00
2026-03-28 18:11:31,870.79,0,0,0,0,0,0,0,0.60,0,1.00,3.31,2.17,2.67,1.00,D,0.00,12.00,12.00,12.00,0.50,^,0.00,,16.60,8.20,504,0.00,47.7,1,0,0.00,0.00,0.00,12.00,0.00,0.00,0,0,0.00,0,0.00
2026-03-28 18:11:32,871.80,0,0,0,0,0,0,0,-1.00,0,1.00,3.31,2.18,2.50,1.00,D,0.00,12.00,12.00,12.00,0.90,^,0.00,,13.50,8.20,504,0.00,47.2,1,0,0.00,0.00,0.00,12.00,0.00,0.00,0,0,0.00,0,0.00
2026-03-28 18:11:33,872.81,0,0,0,0,0,0,0,1.00,0,1.00,3.31,2.18,2.18,1.00,D,0.00,12.00,12.00,12.00,0.55,^,0.00,,16.80,8.20,504,0.00,47.2,1,0,0.00,0.00,0.00,12.00,0.00,0.00,0,0,0.00,0,0.00
2026-03-28 18:11:34,873.82,0,0,0,0,0,0,0,0.00,0,1.00,3.31,2.18,2.58,1.00,D,0.00,12.00,12.00,12.00,0.54,^,0.00,,14.90,8.20,504,0.00,47.7,1,0,0.00,0.00,0.00,12.00,0.00,0.00,0,0,0.00,0,0.00
2026-03-28 18:11:35,874.82,0,0,0,0,0,0,0,0.00,0,1.00,3.31,2.18,2.39,1.00,D,0.00,12.00,12.00,12.00,0.68,^,0.00,,13.60,8.20,504,0.00,46.6,1,0,0.00,0.00,0.00,12.00,0.00,0.00,0,0,0.00,0,0.00
2026-03-28 18:11:36,875.83,0,0,0,0,0,0,0,0.56,0,1.00,3.31,2.18,2.56,1.00,D,0.00,12.00,12.00,12.00,0.47,^,0.00,,14.30,8.20,504,0.00,46.1,1,0,0.00,0.00,0.00,12.00,0.00,0.00,0,0,0.00,0,0.00
2026-03-28 18:11:37,876.84,0,0,0,0,0,0,0,0.00,0,1.00,3.31,2.18,2.55,1.00,D,0.00,12.00,12.00,1.04,0.83,^,0.00,,13.20,8.20,504,0.00,46.6,1,0,0.00,0.00,0.00,12.00,0.00,0.00,0,0,0.00,0,0.00
2026-03-28 18:11:38,877.85,0,0,0,0,0,0,0,0.99,0,1.00,3.31,2.18,2.45,1.00,D,0.00,12.00,12.00,2.40,0.63,^,0.00,,12.80,8.30,504,0.00,47.2,1,0,0.00,0.00,0.00,12.00,0.00,0.00,0,0,0.00,0,0.00
2026-03-28 18:11:39,878.85,0,0,0,0,0,0,0,0.91,0,1.00,3.31,2.18,2.59,1.00,D,0.00,12.00,12.00,1.66,0.74,^,0.00,,16.00,8.30,504,0.00,47.7,1,0,0.00,0.00,0.00,12.00,0.00,0.00,0,0,0.00,0,0.00
2026-03-28 18:11:40,879.87,0,0,0,0,0,0,0,0.00,0,1.00,3.31,2.18,2.62,1.00,D,0.00,12.00,12.00,1.15,0.64,^,0.00,,13.10,8.30,504,0.00,46.1,1,0,0.00,0.00,0.00,12.00,0.00,0.00,0,0,0.00,0,0.00
2026-03-28 18:11:41,880.87,0,0,0,0,0,0,0,1.00,0,1.00,3.31,2.18,2.52,1.00,D,0.00,12.00,12.00,1.84,0.46,^,0.00,,14.90,8.30,504,0.00,45.5,1,0,0.00,0.00,0.00,12.00,0.00,0.00,0,0,0.00,0,0.00
2026-03-28 18:11:42,881.88,0,0,0,0,0,0,0,0.00,0,0.00,3.31,2.18,2.48,0.85,D,0.00,12.00,12.00,2.21,0.82,^,0.00,,13.40,8.30,504,0.00,46.6,1,0,0.00,0.00,0.00,12.00,0.00,0.00,0,0,0.00,0,0.00
2026-03-28 18:11:43,882.90,0,0,0,0,0,0,0,0.00,0,0.00,3.31,2.18,1.24,0.25,D,0.00,12.00,12.00,12.00,0.93,^,0.00,,13.10,8.30,504,0.00,46.1,1,0,0.00,0.00,0.00,12.00,0.00,0.00,0,0,0.00,0,0.00
2026-03-28 18:11:44,883.91,0,0,0,0,0,0,0,0.00,0,0.00,3.31,2.18,0.00,0.00,D,0.00,12.00,12.00,12.00,0.81,^,0.00,,12.70,8.20,504,0.49,43.9,1,0,0.00,0.00,0.00,12.00,0.00,0.00,0,0,0.00,0,0.00
2026-03-28 18:11:45,884.93,0,0,0,0,0,0,0,0.00,0,0.00,3.31,2.17,0.00,0.00,D,0.00,12.00,12.00,12.00,0.81,^,0.00,,12.00,8.30,504,1.50,44.4,1,0,0.00,0.00,0.00,12.00,0.00,0.00,0,0,0.00,0,0.00
2026-03-28 18:11:46,885.94,0,0,0,0,0,0,0,0.00,0,0.00,3.31,2.17,0.00,0.00,D,0.00,12.00,12.00,12.00,0.81,^,0.00,,11.50,8.30,504,2.51,45.5,1,0,0.00,0.00,0.00,12.00,0.00,0.00,0,0,0.00,0,0.00
2026-03-28 18:11:47,886.95,0,0,0,0,0,0,0,0.00,0,0.00,3.31,2.17,0.00,0.00,D,0.00,12.00,12.00,12.00,0.81,^,0.00,,12.30,8.20,504,3.52,44.4,1,0,0.00,0.00,0.00,12.00,0.00,0.00,0,0,0.00,0,0.00
2026-03-28 18:11:48,887.96,0,0,0,0,0,0,0,0.00,0,0.00,3.31,2.17,0.00,0.00,D,0.00,12.00,12.00,12.00,0.81,^,0.00,,11.80,8.30,504,4.54,45.0,1,0,0.00,0.00,0.00,12.00,0.00,0.00,0,0,0.00,0,0.00
2026-03-28 18:11:49,888.98,0,0,0,0,0,0,0,0.00,0,0.00,3.31,2.16,0.00,0.00,D,0.00,12.00,12.00,12.00,0.82,^,0.00,,12.30,8.20,504,5.55,45.0,1,0,0.00,0.00,0.00,12.00,0.00,0.00,0,0,0.00,0,0.00
2026-03-28 18:11:50,889.99,0,0,0,0,0,0,0,0.00,0,0.00,3.31,2.16,0.00,0.00,D,0.00,12.00,12.00,12.00,0.81,^,0.00,,12.30,8.20,504,6.56,45.0,1,0,0.00,0.00,0.00,12.00,0.00,0.00,0,0,0.00,0,0.00
2026-03-28 18:11:51,891.00,0,0,0,0,0,0,0,0.00,0,0.00,3.31,2.16,0.00,0.00,D,0.00,12.00,12.00,12.00,0.81,^,0.00,,11.80,8.30,504,7.58,45.5,1,0,0.00,0.00,0.00,12.00,0.00,0.00,0,0,0.00,0,0.00
2026-03-28 18:11:52,892.02,0,0,0,0,0,0,0,0.00,0,0.00,3.31,2.16,0.00,0.00,D,0.00,12.00,12.00,12.00,0.81,^,0.00,,11.60,8.30,504,8.59,45.5,1,0,0.00,0.00,0.00,12.00,0.00,0.00,0,0,0.00,0,0.00
2026-03-28 18:11:53,893.03,0,0,0,0,0,0,0,0.00,0,0.00,3.31,2.15,0.00,0.00,D,0.00,12.00,12.00,12.00,0.81,^,0.00,,12.70,8.20,504,9.61,45.0,1,0,0.00,0.00,0.00,12.00,0.00,0.00,0,0,0.00,0,0.00
2026-03-28 18:11:54,894.04,0,0,0,0,0,0,0,0.00,0,0.00,3.31,2.15,0.00,0.00,D,0.00,12.00,12.00,12.00,0.81,^,0.00,,11.80,8.30,504,10.62,45.0,1,0,0.00,0.00,0.00,12.00,0.00,0.00,0,0,0.00,0,0.00
2026-03-28 18:11:55,895.05,0,0,0,0,0,0,0,0.00,0,0.00,3.31,2.15,0.00,0.00,D,0.00,12.00,12.00,12.00,0.81,^,0.00,,11.10,8.20,504,11.63,45.0,1,0,0.00,0.00,0.00,12.00,0.00,0.00,0,0,0.00,0,0.00
2026-03-28 18:11:56,896.07,0,0,0,0,0,0,0,0.00,0,0.00,3.31,2.15,0.00,0.00,D,0.00,12.00,12.00,12.00,0.81,^,0.00,,12.70,8.20,504,12.64,45.5,1,0,0.00,0.00,0.00,12.00,0.00,0.00,0,0,0.00,0,0.00
2026-03-28 18:11:57,897.08,0,0,0,0,0,0,0,0.00,0,0.00,3.31,2.14,0.00,0.00,D,0.00,12.00,12.00,12.00,0.81,^,0.00,,12.20,8.20,504,13.65,43.9,1,0,0.00,0.00,0.00,12.00,0.00,0.00,0,0,0.00,0,0.00
2026-03-28 18:11:58,898.09,0,0,0,0,0,0,0,0.00,0,0.00,3.31,2.14,0.00,0.00,D,0.00,12.00,12.00,12.00,0.64,^,0.00,,11.70,8.20,504,14.67,45.0,1,0,0.00,0.00,0.00,12.00,0.00,0.00,0,0,0.00,0,0.00
2026-03-28 18:11:59,899.10,0,0,0,0,0,0,0,0.00,0,0.00,3.31,2.14,0.00,0.00,D,0.00,12.00,12.00,12.00,0.63,^,0.00,,12.00,8.20,504,15.68,45.0,1,0,0.00,0.00,0.00,12.00,0.00,0.00,0,0,0.00,0,0.00
2026-03-28 18:12:00,900.12,0,0,0,0,0,0,0,0.00,0,1.00,3.31,2.14,0.00,0.22,D,0.00,12.00,12.00,12.00,0.63,^,0.00,,12.30,8.30,504,16.69,43.3,1,0,0.00,0.00,0.00,12.00,0.00,0.00,0,0,0.00,0,0.00
2026-03-28 18:12:01,901.13,0,0,0,0,0,0,0,0.00,0,1.00,3.31,2.13,0.28,0.72,D,0.00,12.00,12.00,12.00,0.64,^,0.00,,11.20,8.30,504,0.00,44.4,1,0,0.00,0.00,0.00,12.00,0.00,0.00,0,0,0.00,0,0.00
2026-03-28 18:12:02,902.14,0,0,0,0,0,0,0,0.74,0,1.00,3.31,2.13,2.45,1.00,D,0.00,12.00,12.00,12.00,0.98,^,0.00,,12.50,8.30,504,0.00,45.5,1,0,0.00,0.00,0.00,12.00,0.00,0.00,0,0,0.00,0,0.00
2026-03-28 18:12:03,903.15,0,0,0,0,0,0,0,0.00,0,0.00,3.31,2.13,1.98,0.58,D,0.00,12.00,12.00,12.00,1.97,^,0.00,,11.80,8.30,504,0.00,45.0,1,0,0.00,0.00,0.00,12.00,0.00,0.00,0,0,0.00,0,0.00
2026-03-28 18:12:04,904.16,0,0,0,0,0,0,0,0.00,0,0.00,3.31,2.13,0.52,0.00,D,0.00,12.00,12.00,12.00,2.08,^,0.00,,10.20,8.30,504,0.01,43.3,1,0,0.00,0.00,0.00,12.00,0.00,0.00,0,0,0.00,0,0.00
2026-03-28 18:12:05,905.17,0,0,0,0,0,0,0,0.00,0,0.00,3.31,2.13,0.00,0.00,D,0.00,12.00,12.00,12.00,1.53,^,0.00,,10.00,8.20,504,0.76,44.4,1,0,0.00,0.00,0.00,12.00,0.00,0.00,0,0,0.00,0,0.00
2026-03-28 18:12:06,906.19,0,0,0,0,0,0,0,0.00,0,0.00,3.31,2.13,0.00,0.00,D,0.00,12.00,12.00,12.00,1.11,^,0.00,,11.10,8.20,504,1.77,45.5,1,0,0.00,0.00,0.00,12.00,0.00,0.00,0,0,0.00,0,0.00
2026-03-28 18:12:07,907.20,0,0,0,0,0,0,0,0.00,0,0.00,3.31,2.13,0.00,0.00,D,0.00,12.00,12.00,12.00,0.65,^,0.00,,10.50,8.30,504,2.78,45.0,1,0,0.00,0.00,0.00,12.00,0.00,0.00,0,0,0.00,0,0.00
2026-03-28 18:12:08,908.20,0,0,0,0,0,0,0,0.00,0,0.00,3.31,2.12,0.00,0.00,D,0.00,12.00,12.00,12.00,0.64,^,0.00,,11.10,8.20,504,3.78,43.9,1,0,0.00,0.00,0.00,12.00,0.00,0.00,0,0,0.00,0,0.00
2026-03-28 18:12:09,909.21,0,0,0,0,0,0,0,0.00,0,0.00,3.31,2.12,0.00,0.00,D,0.00,12.00,12.00,12.00,0.64,^,0.00,,11.30,8.20,504,4.80,43.9,1,0,0.00,0.00,0.00,12.00,0.00,0.00,0,0,0.00,0,0.00
2026-03-28 18:12:10,910.22,0,0,0,0,0,0,0,0.00,0,0.00,3.31,2.12,0.00,0.00,D,0.00,12.00,12.00,12.00,0.64,^,0.00,,11.60,8.20,504,5.81,45.5,1,0,0.00,0.00,0.00,12.00,0.00,0.00,0,0,0.00,0,0.00
2026-03-28 18:12:12,911.23,0,0,0,0,0,0,0,0.00,0,0.00,3.31,2.12,0.00,0.00,D,0.00,12.00,12.00,12.00,0.64,^,0.00,,13.20,8.20,504,6.82,43.3,1,0,0.00,0.00,0.00,12.00,0.00,0.00,0,0,0.00,0,0.00
2026-03-28 18:12:13,912.25,0,0,0,0,0,0,0,0.00,0,0.00,3.31,2.11,0.00,0.00,D,0.00,12.00,12.00,12.00,0.64,^,0.00,,11.40,8.20,504,7.84,44.4,1,0,0.00,0.00,0.00,12.00,0.00,0.00,0,0,0.00,0,0.00
2026-03-28 18:12:14,913.26,0,0,0,0,0,0,0,0.00,0,0.00,3.31,2.11,0.00,0.00,D,0.00,12.00,12.00,12.00,0.42,^,0.00,,11.10,8.20,504,8.84,44.4,1,0,0.00,0.00,0.00,12.00,0.00,0.00,0,0,0.00,0,0.00
2026-03-28 18:12:15,914.27,0,0,0,0,0,0,0,0.00,0,0.00,3.31,2.11,0.00,0.00,D,0.00,12.00,12.00,12.00,0.41,^,0.00,,9.10,8.20,504,9.86,43.3,1,0,0.00,0.00,0.00,12.00,0.00,0.00,0,0,0.00,0,0.00
2026-03-28 18:12:16,915.28,0,0,0,0,0,0,0,0.00,0,0.00,3.31,2.11,0.00,0.00,D,0.00,12.00,12.00,12.00,0.45,^,0.00,,8.80,8.20,504,10.87,43.3,1,0,0.00,0.00,0.00,12.00,0.00,0.00,0,0,0.00,0,0.00
2026-03-28 18:12:17,916.29,0,0,0,0,0,0,0,0.00,0,0.00,3.31,2.11,0.00,0.00,D,0.00,12.00,12.00,12.00,0.42,^,0.00,,9.40,8.20,504,11.88,44.4,1,0,0.00,0.00,0.00,12.00,0.00,0.00,0,0,0.00,0,0.00
2026-03-28 18:12:18,917.31,0,0,0,0,0,0,0,0.00,0,0.00,3.31,2.10,0.00,0.00,D,0.00,12.00,12.00,12.00,0.42,^,0.00,,8.20,8.20,504,12.89,43.3,1,0,0.00,0.00,0.00,12.00,0.00,0.00,0,0,0.00,0,0.00
2026-03-28 18:12:19,918.32,0,0,0,0,0,0,0,0.00,0,0.00,3.31,2.10,0.00,0.00,D,0.00,12.00,12.00,12.00,0.42,^,0.00,,8.60,8.20,504,13.91,45.0,1,0,0.00,0.00,0.00,12.00,0.00,0.00,0,0,0.00,0,0.00
2026-03-28 18:12:20,919.33,0,0,0,0,0,0,0,0.00,0,0.00,3.31,2.10,0.00,0.00,D,0.00,12.00,12.00,12.00,0.40,^,0.00,,8.20,8.20,504,14.92,43.3,1,0,0.00,0.00,0.00,12.00,0.00,0.00,0,0,0.00,0,0.00
2026-03-28 18:12:21,920.34,0,0,0,0,0,0,0,0.00,0,0.00,3.31,2.10,0.00,0.00,D,0.00,12.00,12.00,12.00,0.41,^,0.00,,8.20,8.20,504,15.93,43.9,1,0,0.00,0.00,0.00,12.00,0.00,0.00,0,0,0.00,0,0.00
2026-03-28 18:12:22,921.36,0,0,0,0,0,0,0,0.00,0,0.00,3.31,2.09,0.00,0.00,D,0.00,12.00,12.00,12.00,0.41,^,0.00,,7.70,8.20,504,16.95,43.9,1,0,0.00,0.00,0.00,12.00,0.00,0.00,0,0,0.00,0,0.00
2026-03-28 18:12:23,922.37,0,0,0,0,0,0,0,0.00,0,0.00,3.31,2.09,0.00,0.00,D,0.00,12.00,12.00,12.00,0.38,^,0.00,,11.40,8.20,504,17.96,44.4,1,0,0.00,0.00,0.00,12.00,0.00,0.00,0,0,0.00,0,0.00
2026-03-28 18:12:24,923.38,0,0,0,0,0,0,0,0.00,0,0.00,3.31,2.09,0.00,0.00,D,0.00,12.00,12.00,12.00,0.37,^,0.00,,4.80,8.30,504,18.97,43.9,1,0,0.00,0.00,0.00,12.00,0.00,0.00,0,0,0.00,0,0.00
2026-03-28 18:12:25,924.39,0,0,0,0,0,0,0,0.00,0,0.00,3.31,2.09,0.00,0.00,D,0.00,12.00,12.00,12.00,0.45,^,0.00,,3.50,8.30,504,19.98,44.4,1,0,0.00,0.00,0.00,12.00,0.00,0.00,0,0,0.00,0,0.00
2026-03-28 18:12:26,925.40,0,0,0,0,0,0,0,0.00,0,0.00,3.31,2.08,0.00,0.00,D,0.00,12.00,12.00,12.00,0.48,^,0.00,,2.20,8.20,504,20.99,43.9,1,0,0.00,0.00,0.00,12.00,0.00,0.00,0,0,0.00,0,0.00
2026-03-28 18:12:27,926.42,0,0,0,0,0,0,0,0.00,0,0.00,3.31,2.08,0.00,0.00,D,0.00,12.00,12.00,12.00,0.46,^,0.00,,3.00,8.20,504,22.00,42.8,1,0,0.00,0.00,0.00,12.00,0.00,0.00,0,0,0.00,0,0.00
2026-03-28 18:12:28,927.42,0,0,0,0,0,0,0,0.00,0,0.00,3.31,2.08,0.00,0.00,D,0.00,12.00,12.00,12.00,0.86,^,0.00,,3.20,8.20,504,23.01,43.3,1,0,0.00,0.00,0.00,12.00,0.00,0.00,0,0,0.00,0,0.00
2026-03-28 18:12:29,928.44,0,0,0,0,0,0,0,0.00,0,0.00,3.31,2.08,0.00,0.00,D,0.00,12.00,12.00,12.00,0.86,^,0.00,,3.50,8.20,504,24.03,45.5,1,0,0.00,0.00,0.00,12.00,0.00,0.00,0,0,0.00,0,0.00
2026-03-28 18:12:30,929.45,0,0,0,0,0,0,0,0.00,0,0.00,3.31,2.08,0.00,0.00,D,0.00,12.00,12.00,12.00,0.86,^,0.00,,2.40,8.20,504,25.04,44.4,1,0,0.00,0.00,0.00,12.00,0.00,0.00,0,0,0.00,0,0.00
2026-03-28 18:12:31,930.46,0,0,0,0,0,0,0,0.00,0,0.00,3.31,2.07,0.00,0.00,D,0.00,12.00,12.00,12.00,0.85,^,0.00,,2.90,8.30,504,26.05,43.9,1,0,0.00,0.00,0.00,12.00,0.00,0.00,0,0,0.00,0,0.00
2026-03-28 18:12:32,931.47,0,0,0,0,0,0,0,0.00,0,0.00,3.31,2.07,0.00,0.00,D,0.00,12.00,12.00,12.00,0.86,^,0.00,,3.20,8.20,504,27.06,43.3,1,0,0.00,0.00,0.00,12.00,0.00,0.00,0,0,0.00,0,0.00
2026-03-28 18:12:33,932.49,0,0,0,0,0,0,0,0.00,0,0.00,3.31,2.07,0.00,0.00,D,0.00,12.00,12.00,12.00,0.86,^,0.00,,2.20,8.20,504,28.08,43.9,1,0,0.00,0.00,0.00,12.00,0.00,0.00,0,0,0.00,0,0.00
2026-03-28 18:12:34,933.49,0,0,0,0,0,0,0,0.00,0,0.00,3.31,2.07,0.00,0.00,D,0.00,12.00,12.00,12.00,0.85,^,0.00,,4.00,8.30,504,29.08,43.9,1,0,0.00,0.00,0.00,12.00,0.00,0.00,0,0,0.00,0,0.00
2026-03-28 18:12:35,934.50,0,0,0,0,0,0,0,0.00,0,0.00,3.31,2.06,0.00,0.00,D,0.00,12.00,12.00,12.00,0.85,^,0.00,,4.50,8.30,504,30.09,43.3,1,0,0.00,0.00,0.00,12.00,0.00,0.00,0,0,0.00,0,0.00
2026-03-28 18:12:36,935.51,0,0,0,0,0,0,0,0.00,0,0.00,3.31,2.06,0.00,0.00,D,0.00,12.00,12.00,12.00,0.86,^,0.00,,3.50,8.20,504,31.09,43.9,1,0,0.00,0.00,0.00,12.00,0.00,0.00,0,0,0.00,0,0.00
2026-03-28 18:12:37,936.52,0,0,0,0,0,0,0,0.00,0,0.00,3.31,2.06,0.00,0.00,D,0.00,12.00,12.00,12.00,0.87,^,0.00,,4.30,8.20,504,32.11,44.4,1,0,0.00,0.00,0.00,12.00,0.00,0.00,0,0,0.00,0,0.00
2026-03-28 18:12:38,937.53,0,0,0,0,0,0,0,0.00,0,0.00,3.31,2.06,0.00,0.00,D,0.00,12.00,12.00,12.00,0.86,^,0.00,,5.30,8.20,504,33.12,42.8,1,0,0.00,0.00,0.00,12.00,0.00,0.00,0,0,0.00,0,0.00
2026-03-28 18:12:39,938.54,0,0,0,0,0,0,0,0.00,0,0.00,3.31,2.06,0.00,0.00,D,0.00,12.00,12.00,12.00,0.86,^,0.00,,5.50,8.20,504,34.13,43.9,1,0,0.00,0.00,0.00,12.00,0.00,0.00,0,0,0.00,0,0.00
2026-03-28 18:12:40,939.56,0,0,0,0,0,0,0,0.00,0,0.00,3.31,2.05,0.00,0.00,D,0.00,12.00,12.00,12.00,0.87,^,0.00,,6.00,8.20,504,35.15,43.9,1,0,0.00,0.00,0.00,12.00,0.00,0.00,0,0,0.00,0,0.00
2026-03-28 18:12:41,940.57,0,0,0,0,0,0,0,0.00,0,0.00,3.31,2.05,0.00,0.00,D,0.00,12.00,12.00,12.00,0.88,^,0.00,,6.50,8.20,504,36.16,42.8,1,0,0.00,0.00,0.00,12.00,0.00,0.00,0,0,0.00,0,0.00
2026-03-28 18:12:42,941.58,0,0,0,0,0,0,0,0.00,0,0.00,3.31,2.05,0.00,0.00,D,0.00,12.00,12.00,12.00,0.86,^,0.00,,5.80,8.30,504,37.17,43.9,1,0,0.00,0.00,0.00,12.00,0.00,0.00,0,0,0.00,0,0.00
2026-03-28 18:12:43,942.59,0,0,0,0,0,0,0,0.00,0,0.00,3.31,2.05,0.00,0.00,D,0.00,12.00,12.00,12.00,0.58,^,0.00,,7.00,8.20,504,38.18,43.9,1,0,0.00,0.00,0.00,12.00,0.00,0.00,0,0,0.00,0,0.00
2026-03-28 18:12:44,943.60,0,0,0,0,0,0,0,0.00,0,0.00,3.31,2.04,0.00,0.00,D,0.00,12.00,12.00,12.00,0.58,^,0.00,,6.30,8.30,504,39.19,44.4,1,0,0.00,0.00,0.00,12.00,0.00,0.00,0,0,0.00,0,0.00
2026-03-28 18:12:45,944.61,0,0,0,0,0,0,0,0.67,0,1.00,3.31,2.04,0.01,0.46,D,0.00,12.00,12.00,12.00,0.48,^,0.00,,9.50,8.30,504,0.01,43.9,1,0,0.00,0.00,0.00,12.00,0.00,0.00,0,0,0.00,0,0.00
2026-03-28 18:12:46,945.63,0,0,0,0,0,0,0,0.88,0,1.00,3.31,2.04,1.32,0.96,D,0.00,12.00,12.00,12.00,0.60,^,0.00,,11.90,8.30,504,0.00,45.5,1,0,0.00,0.00,0.00,12.00,0.00,0.00,0,0,0.00,0,0.00
2026-03-28 18:12:47,946.64,0,0,0,0,0,0,0,0.00,0,1.00,3.31,2.04,2.47,1.00,D,0.00,12.00,12.00,12.00,0.97,^,0.00,,11.50,8.30,504,0.00,45.0,1,0,0.00,0.00,0.00,12.00,0.00,0.00,0,0,0.00,0,0.00
2026-03-28 18:12:48,947.65,0,0,0,0,0,0,0,0.00,0,1.00,3.31,2.04,2.54,1.00,D,0.00,12.00,12.00,12.00,1.20,^,0.00,,5.10,8.30,504,0.00,45.0,1,0,0.00,0.00,0.00,12.00,0.00,0.00,0,0,0.00,0,0.00
2026-03-28 18:12:49,948.66,0,0,0,0,0,0,0,1.00,0,1.00,3.31,2.04,2.65,1.00,D,0.00,12.00,12.00,12.00,1.08,^,0.00,,5.80,8.30,504,0.00,46.1,1,0,0.00,0.00,0.00,12.00,0.00,0.00,0,0,0.00,0,0.00
2026-03-28 18:12:50,949.68,0,0,0,0,0,0,0,0.00,0,1.00,3.31,2.04,2.47,1.00,D,0.00,12.00,12.00,12.00,0.83,^,0.00,,7.70,8.30,504,0.00,46.1,1,0,0.00,0.00,0.00,12.00,0.00,0.00,0,0,0.00,0,0.00
2026-03-28 18:12:51,950.69,0,0,0,0,0,0,0,0.00,0,1.00,3.31,2.04,2.51,1.00,D,0.00,1.58,12.00,1.57,1.02,^,0.00,,9.70,8.30,504,0.00,45.0,1,0,0.00,0.00,0.00,1.58,0.00,0.00,0,0,0.00,0,0.00
2026-03-28 18:12:52,951.70,0,0,0,0,0,0,0,0.35,0,1.00,3.31,2.04,2.70,1.00,D,0.00,12.00,12.00,0.93,0.79,^,0.00,,6.00,8.30,504,0.00,46.1,1,0,0.00,0.00,0.00,12.00,0.00,0.00,0,0,0.00,0,0.00
2026-03-28 18:12:53,952.71,0,0,0,0,0,0,0,0.00,0,1.00,3.31,2.04,2.53,1.00,D,0.00,1.50,12.00,1.03,0.65,^,0.00,,9.40,8.30,504,0.00,45.5,1,0,0.00,0.00,0.00,1.50,0.00,0.00,0,0,0.00,0,0.00
2026-03-28 18:12:54,953.73,0,0,0,0,0,0,0,0.00,0,1.00,3.31,2.04,2.52,1.00,D,0.00,12.00,12.00,0.92,0.91,^,0.00,,11.10,8.30,504,0.00,45.5,1,0,0.00,0.00,0.00,12.00,0.00,0.00,0,0,0.00,0,0.00
2026-03-28 18:12:55,954.74,0,0,0,0,0,0,0,0.00,0,1.00,3.31,2.04,2.49,1.00,D,0.00,12.00,12.00,1.35,0.69,^,0.00,,12.00,8.30,504,0.00,46.6,1,0,0.00,0.00,0.00,12.00,0.00,0.00,0,0,0.00,0,0.00
2026-03-28 18:12:56,955.85,0,0,0,0,0,0,0,0.00,0,1.00,3.31,2.05,2.54,1.00,D,0.00,1.76,12.00,0.99,0.93,^,0.00,,12.00,8.30,504,0.00,45.5,1,0,0.00,0.00,0.00,1.76,0.00,0.00,0,0,0.00,0,0.00
2026-03-28 18:12:57,956.75,0,0,0,0,0,0,0,0.95,0,1.00,3.31,2.05,2.68,1.00,D,0.00,1.59,12.00,1.03,0.81,^,0.00,,10.70,8.30,504,0.00,45.0,1,0,0.00,0.00,0.00,1.59,0.00,0.00,0,0,0.00,0,0.00
2026-03-28 18:12:58,957.76,0,0,0,0,0,0,0,0.00,0,1.00,3.31,2.05,2.58,1.00,D,0.00,12.00,12.00,0.93,0.66,^,0.00,,12.40,8.30,504,0.00,45.5,1,0,0.00,0.00,0.00,12.00,0.00,0.00,0,0,0.00,0,0.00
2026-03-28 18:12:59,958.78,0,0,0,0,0,0,0,0.00,0,1.00,3.31,2.05,2.49,1.00,D,0.00,12.00,12.00,0.94,0.98,^,0.00,,14.90,8.30,504,0.00,45.5,1,0,0.00,0.00,0.00,12.00,0.00,0.00,0,0,0.00,0,0.00
2026-03-28 18:13:00,959.78,0,0,0,0,0,0,0,0.25,0,1.00,3.31,2.05,2.51,1.00,D,0.00,12.00,12.00,2.00,0.72,^,0.00,,12.40,8.30,504,0.00,45.5,1,0,0.00,0.00,0.00,12.00,0.00,0.00,0,0,0.00,0,0.00
2026-03-28 18:13:01,960.79,0,0,0,0,0,0,0,0.00,0,1.00,3.31,2.05,2.62,1.00,D,0.00,12.00,12.00,1.48,1.00,^,0.00,,10.90,8.30,504,0.00,45.0,1,0,0.00,0.00,0.00,12.00,0.00,0.00,0,0,0.00,0,0.00
2026-03-28 18:13:02,961.81,0,0,0,0,0,0,0,0.00,0,1.00,3.31,2.05,2.64,1.00,D,0.00,12.00,12.00,12.00,0.83,^,0.00,,14.00,8.30,504,0.00,44.4,1,0,0.00,0.00,0.00,12.00,0.00,0.00,0,0,0.00,0,0.00
2026-03-28 18:13:03,962.82,0,0,0,0,0,0,0,0.60,0,1.00,3.31,2.05,2.63,1.00,D,0.00,12.00,12.00,12.00,0.68,^,0.00,,15.30,8.20,504,0.00,45.5,1,0,0.00,0.00,0.00,12.00,0.00,0.00,0,0,0.00,0,0.00
2026-03-28 18:13:04,963.93,0,0,0,0,0,0,0,0.00,0,1.00,3.31,2.05,2.52,1.00,D,0.00,12.00,12.00,12.00,1.00,^,0.00,,13.90,8.30,504,0.00,46.1,1,0,0.00,0.00,0.00,12.00,0.00,0.00,0,0,0.00,0,0.00
2026-03-28 18:13:05,964.83,0,0,0,0,0,0,0,0.68,0,1.00,3.31,2.05,2.59,1.00,D,0.00,12.00,12.00,12.00,0.80,^,0.00,,15.50,8.30,504,0.00,46.1,1,0,0.00,0.00,0.00,12.00,0.00,0.00,0,0,0.00,0,0.00
2026-03-28 18:13:06,965.85,0,0,0,0,0,0,0,0.00,0,1.00,3.31,2.05,2.29,1.00,D,0.00,12.00,12.00,12.00,0.76,^,0.00,,15.50,8.30,504,0.00,45.0,1,0,0.00,0.00,0.00,12.00,0.00,0.00,0,0,0.00,0,0.00
2026-03-28 18:13:07,966.86,0,0,0,0,0,0,0,0.00,0,1.00,3.31,2.05,2.65,1.00,D,0.00,12.00,12.00,12.00,0.96,^,0.00,,11.70,8.30,504,0.00,46.1,1,0,0.00,0.00,0.00,12.00,0.00,0.00,0,0,0.00,0,0.00
2026-03-28 18:13:08,967.87,0,0,0,0,0,0,0,0.14,0,1.00,3.31,2.05,2.50,1.00,D,0.00,12.00,12.00,12.00,0.71,^,0.00,,15.90,8.30,504,0.00,46.6,1,0,0.00,0.00,0.00,12.00,0.00,0.00,0,0,0.00,0,0.00
2026-03-28 18:13:09,968.89,0,0,0,0,0,0,0,1.00,0,1.00,3.31,2.05,2.59,1.00,D,0.00,12.00,12.00,12.00,0.75,^,0.00,,14.30,8.30,504,0.00,46.1,1,0,0.00,0.00,0.00,12.00,0.00,0.00,0,0,0.00,0,0.00
2026-03-28 18:13:10,969.90,0,0,0,0,0,0,0,0.00,0,1.00,3.31,2.05,2.49,1.00,D,0.00,12.00,12.00,2.30,0.76,^,0.00,,15.40,8.30,504,0.00,45.5,1,0,0.00,0.00,0.00,12.00,0.00,0.00,0,0,0.00,0,0.00
2026-03-28 18:13:11,970.91,0,0,0,0,0,0,0,0.00,0,1.00,3.31,2.05,2.60,1.00,D,0.00,1.26,12.00,1.17,0.67,^,0.00,,13.20,8.20,504,0.00,46.1,1,0,0.00,0.00,0.00,1.26,0.00,0.00,0,0,0.00,0,0.00
2026-03-28 18:13:12,971.93,0,0,0,0,0,0,0,0.00,0,1.00,3.31,2.05,2.53,1.00,D,0.00,12.00,12.00,0.76,0.76,^,0.00,,12.90,8.30,504,0.00,45.5,1,0,0.00,0.00,0.00,12.00,0.00,0.00,0,0,0.00,0,0.00
2026-03-28 18:13:13,972.94,0,0,0,0,0,0,0,0.00,0,1.00,3.31,2.05,2.74,1.00,D,0.00,12.00,12.00,12.00,0.70,^,0.00,,13.70,8.20,504,0.00,43.9,1,0,0.00,0.00,0.00,12.00,0.00,0.00,0,0,0.00,0,0.00
2026-03-28 18:13:14,973.95,0,0,0,0,0,0,0,1.00,0,1.00,3.31,2.06,2.36,1.00,D,0.00,12.00,12.00,12.00,0.68,^,0.00,,14.60,8.20,504,0.00,45.5,1,0,0.00,0.00,0.00,12.00,0.00,0.00,0,0,0.00,0,0.00
2026-03-28 18:13:15,974.97,0,0,0,0,0,0,0,1.00,0,1.00,3.31,2.06,2.58,1.00,D,0.00,12.00,12.00,12.00,0.87,^,0.00,,13.50,8.20,504,0.00,45.0,1,0,0.00,0.00,0.00,12.00,0.00,0.00,0,0,0.00,0,0.00
2026-03-28 18:13:16,976.08,0,0,0,0,0,0,0,0.00,0,1.00,3.31,2.06,2.64,1.00,D,0.00,12.00,12.00,12.00,0.66,^,0.00,,13.80,8.30,504,0.00,46.1,1,0,0.00,0.00,0.00,12.00,0.00,0.00,0,0,0.00,0,0.00
2026-03-28 18:13:17,976.98,0,0,0,0,0,0,0,0.00,0,1.00,3.31,2.06,2.46,1.00,D,0.00,12.00,12.00,12.00,0.64,^,0.00,,12.40,8.30,504,0.00,45.5,1,0,0.00,0.00,0.00,12.00,0.00,0.00,0,0,0.00,0,0.00
2026-03-28 18:13:18,978.00,0,0,0,0,0,0,0,0.00,0,1.00,3.31,2.06,2.59,1.00,D,0.00,12.00,12.00,12.00,0.71,^,0.00,,13.20,8.30,504,0.00,45.5,1,0,0.00,0.00,0.00,12.00,0.00,0.00,0,0,0.00,0,0.00
2026-03-28 18:13:19,979.01,0,0,0,0,0,0,0,1.00,0,1.00,3.31,2.06,2.70,1.00,D,0.00,12.00,12.00,12.00,0.47,^,0.00,,15.50,8.30,504,0.00,43.9,1,0,0.00,0.00,0.00,12.00,0.00,0.00,0,0,0.00,0,0.00
2026-03-28 18:13:20,980.03,0,0,0,0,0,0,0,0.00,0,1.00,3.31,2.06,2.26,1.00,D,0.00,12.00,12.00,12.00,0.81,^,0.00,,15.80,8.30,504,0.00,46.1,1,0,0.00,0.00,0.00,12.00,0.00,0.00,0,0,0.00,0,0.00
2026-03-28 18:13:21,981.04,0,0,0,0,0,0,0,0.00,0,1.00,3.31,2.06,2.25,1.00,D,0.00,12.00,12.00,12.00,0.58,^,0.00,,15.10,8.30,504,0.00,45.5,1,0,0.00,0.00,0.00,12.00,0.00,0.00,0,0,0.00,0,0.00
2026-03-28 18:13:22,982.05,0,0,0,0,0,0,0,0.00,0,1.00,3.31,2.06,2.66,1.00,D,0.00,12.00,12.00,1.09,0.82,^,0.00,,14.40,8.30,504,0.00,45.0,1,0,0.00,0.00,0.00,12.00,0.00,0.00,0,0,0.00,0,0.00
2026-03-28 18:13:23,983.06,0,0,0,0,0,0,0,1.00,0,1.00,3.31,2.06,2.55,1.00,D,0.00,12.00,12.00,2.10,0.60,^,0.00,,15.20,8.30,504,0.00,46.6,1,0,0.00,0.00,0.00,12.00,0.00,0.00,0,0,0.00,0,0.00
2026-03-28 18:13:24,984.08,0,0,0,0,0,0,0,0.00,0,1.00,3.31,2.06,2.60,1.00,D,0.00,12.00,12.00,2.03,0.81,^,0.00,,13.20,8.20,504,0.00,44.4,1,0,0.00,0.00,0.00,12.00,0.00,0.00,0,0,0.00,0,0.00
2026-03-28 18:13:25,985.09,0,0,0,0,0,0,0,0.41,0,1.00,3.31,2.06,2.51,1.00,D,0.00,12.00,12.00,12.00,0.80,^,0.00,,15.10,8.30,504,0.00,45.5,1,0,0.00,0.00,0.00,12.00,0.00,0.00,0,0,0.00,0,0.00
2026-03-28 18:13:26,986.10,0,0,0,0,0,0,0,0.56,0,1.00,3.31,2.06,2.50,1.00,D,0.00,12.00,12.00,1.76,0.58,^,0.00,,16.00,8.30,504,0.00,45.0,1,0,0.00,0.00,0.00,12.00,0.00,0.00,0,0,0.00,0,0.00
2026-03-28 18:13:27,987.11,0,0,0,0,0,0,0,0.00,0,1.00,3.31,2.06,2.64,1.00,D,0.00,12.00,12.00,1.18,0.85,^,0.00,,15.80,8.30,504,0.00,45.0,1,0,0.00,0.00,0.00,12.00,0.00,0.00,0,0,0.00,0,0.00
2026-03-28 18:13:28,988.11,0,0,0,0,0,0,0,0.00,0,1.00,3.31,2.06,2.58,1.00,D,0.00,12.00,12.00,0.95,0.65,^,0.00,,14.60,8.30,504,0.00,43.9,1,0,0.00,0.00,0.00,12.00,0.00,0.00,0,0,0.00,0,0.00
2026-03-28 18:13:29,989.13,0,0,0,0,0,0,0,0.00,0,1.00,3.31,2.06,2.54,1.00,D,0.00,12.00,12.00,0.97,0.88,^,0.00,,11.70,8.30,504,0.00,45.0,1,0,0.00,0.00,0.00,12.00,0.00,0.00,0,0,0.00,0,0.00
2026-03-28 18:13:30,990.13,0,0,0,0,0,0,0,0.00,0,1.00,3.31,2.06,2.60,1.00,D,0.00,12.00,12.00,12.00,1.04,^,0.00,,13.40,8.30,504,0.00,45.5,1,0,0.00,0.00,0.00,12.00,0.00,0.00,0,0,0.00,0,0.00
2026-03-28 18:13:31,991.15,0,0,0,0,0,0,0,0.00,0,1.00,3.31,2.06,2.69,1.00,D,0.00,12.00,12.00,12.00,0.75,^,0.00,,13.10,8.20,504,0.00,45.0,1,0,0.00,0.00,0.00,12.00,0.00,0.00,0,0,0.00,0,0.00
2026-03-28 18:13:32,992.16,0,0,0,0,0,0,0,1.00,0,1.00,3.31,2.06,2.51,1.00,D,0.00,12.00,12.00,12.00,0.93,^,0.00,,13.20,8.30,504,0.00,45.5,1,0,0.00,0.00,0.00,12.00,0.00,0.00,0,0,0.00,0,0.00
2026-03-28 18:13:33,993.17,0,0,0,0,0,0,0,0.00,0,1.00,3.31,2.06,2.57,1.00,D,0.00,12.00,12.00,12.00,0.71,^,0.00,,12.90,8.30,504,0.00,45.5,1,0,0.00,0.00,0.00,12.00,0.00,0.00,0,0,0.00,0,0.00
2026-03-28 18:13:34,994.19,0,0,0,0,0,0,0,0.00,0,1.00,3.31,2.07,2.28,1.00,D,0.00,12.00,12.00,12.00,0.88,^,0.00,,15.40,8.20,504,0.00,44.4,1,0,0.00,0.00,0.00,12.00,0.00,0.00,0,0,0.00,0,0.00
2026-03-28 18:13:35,995.20,0,0,0,0,0,0,0,0.00,0,1.00,3.31,2.07,2.62,1.00,D,0.00,12.00,12.00,12.00,0.66,^,0.00,,12.50,8.20,504,0.00,45.0,1,0,0.00,0.00,0.00,12.00,0.00,0.00,0,0,0.00,0,0.00
2026-03-28 18:13:36,996.21,0,0,0,0,0,0,0,1.00,0,1.00,3.31,2.07,2.68,1.00,D,0.00,12.00,12.00,12.00,0.73,^,0.00,,15.40,8.20,504,0.00,45.5,1,0,0.00,0.00,0.00,12.00,0.00,0.00,0,0,0.00,0,0.00
2026-03-28 18:13:37,997.23,0,0,0,0,0,0,0,1.00,0,1.00,3.31,2.07,2.59,1.00,D,0.00,12.00,12.00,12.00,0.74,^,0.00,,13.10,8.30,504,0.00,44.4,1,0,0.00,0.00,0.00,12.00,0.00,0.00,0,0,0.00,0,0.00
2026-03-28 18:13:39,998.24,0,0,0,0,0,0,0,0.00,0,1.00,3.31,2.07,2.51,1.00,D,0.00,12.00,12.00,12.00,0.53,^,0.00,,13.40,8.30,504,0.00,45.5,1,0,0.00,0.00,0.00,12.00,0.00,0.00,0,0,0.00,0,0.00
2026-03-28 18:13:40,999.25,0,0,0,0,0,0,0,1.00,0,1.00,3.31,2.07,2.49,1.00,D,0.00,12.00,12.00,1.95,0.70,^,0.00,,13.80,8.40,504,0.00,45.0,1,0,0.00,0.00,0.00,12.00,0.00,0.00,0,0,0.00,0,0.00
2026-03-28 18:13:41,1000.26,0,0,0,0,0,0,0,0.00,0,1.00,3.31,2.07,2.59,1.00,D,0.00,2.28,12.00,1.23,0.74,^,0.00,,14.10,8.30,504,0.00,45.5,1,0,0.00,0.00,0.00,2.28,0.00,0.00,0,0,0.00,0,0.00
2026-03-28 18:13:42,1001.27,0,0,0,0,0,0,0,0.00,0,1.00,3.31,2.07,2.71,1.00,D,0.00,12.00,12.00,1.34,0.56,^,0.00,,10.90,8.40,504,0.00,43.9,1,0,0.00,0.00,0.00,12.00,0.00,0.00,0,0,0.00,0,0.00
2026-03-28 18:13:43,1002.28,0,0,0,0,0,0,0,0.70,0,1.00,3.31,2.07,2.46,1.00,D,0.00,12.00,12.00,1.47,0.70,^,0.00,,15.90,8.30,504,0.00,45.0,1,0,0.00,0.00,0.00,12.00,0.00,0.00,0,0,0.00,0,0.00
2026-03-28 18:13:44,1003.30,0,0,0,0,0,0,0,0.00,0,1.00,3.31,2.07,2.52,1.00,D,0.00,12.00,12.00,1.25,0.64,^,0.00,,13.30,8.30,504,0.00,45.0,1,0,0.00,0.00,0.00,12.00,0.00,0.00,0,0,0.00,0,0.00
2026-03-28 18:13:45,1004.31,0,0,0,0,0,0,0,0.00,0,1.00,3.31,2.07,2.56,1.00,D,0.00,12.00,12.00,0.90,0.59,^,0.00,,11.50,8.30,504,0.00,45.0,1,0,0.00,0.00,0.00,12.00,0.00,0.00,0,0,0.00,0,0.00
2026-03-28 18:13:46,1005.32,0,0,0,0,0,0,0,0.00,0,1.00,3.31,2.07,2.58,1.00,D,0.00,12.00,12.00,1.23,0.68,^,0.00,,12.60,8.30,504,0.00,45.0,1,0,0.00,0.00,0.00,12.00,0.00,0.00,0,0,0.00,0,0.00
2026-03-28 18:13:47,1006.33,0,0,0,0,0,0,0,0.92,0,1.00,3.31,2.07,2.61,1.00,D,0.00,2.05,12.00,1.22,0.90,^,0.00,,15.30,8.30,504,0.00,43.9,1,0,0.00,0.00,0.00,2.05,0.00,0.00,0,0,0.00,0,0.00
2026-03-28 18:13:48,1007.34,0,0,0,0,0,0,0,0.00,0,1.00,3.31,2.07,2.57,1.00,D,0.00,12.00,12.00,1.05,0.62,^,0.00,,14.00,8.30,504,0.00,45.5,1,0,0.00,0.00,0.00,12.00,0.00,0.00,0,0,0.00,0,0.00
2026-03-28 18:13:49,1008.35,0,0,0,0,0,0,0,0.00,0,1.00,3.31,2.07,2.54,1.00,D,0.00,1.52,12.00,0.99,0.71,^,0.00,,13.20,8.30,504,0.00,45.0,1,0,0.00,0.00,0.00,1.52,0.00,0.00,0,0,0.00,0,0.00
2026-03-28 18:13:50,1009.37,0,0,0,0,0,0,0,0.00,0,1.00,3.31,2.07,2.81,1.00,D,0.00,1.74,12.00,1.03,0.76,^,0.00,,16.00,8.30,504,0.00,45.0,1,0,0.00,0.00,0.00,1.74,0.00,0.00,0,0,0.00,0,0.00
2026-03-28 18:13:51,1010.38,0,0,0,0,0,0,0,1.00,0,1.00,3.31,2.07,2.50,1.00,D,0.00,12.00,12.00,1.11,0.56,^,0.00,,11.60,8.30,504,0.00,45.5,1,0,0.00,0.00,0.00,12.00,0.00,0.00,0,0,0.00,0,0.00
2026-03-28 18:13:52,1011.39,0,0,0,0,0,0,0,0.00,0,1.00,3.31,2.07,2.28,1.00,D,0.00,1.45,12.00,0.76,0.56,^,0.00,,9.50,8.30,504,0.00,46.1,1,0,0.00,0.00,0.00,1.45,0.00,0.00,0,0,0.00,0,0.00
2026-03-28 18:13:53,1012.41,0,0,0,0,0,0,0,0.00,0,1.00,3.31,2.07,2.61,1.00,D,0.00,1.16,12.00,0.64,0.74,^,0.00,,8.00,8.30,504,0.00,43.3,1,0,0.00,0.00,0.00,1.16,0.00,0.00,0,0,0.00,0,0.00
2026-03-28 18:13:54,1013.41,0,0,0,0,0,0,0,0.00,0,1.00,3.31,2.07,2.56,1.00,D,0.00,12.00,12.00,0.66,0.64,^,0.00,,8.30,8.30,504,0.00,45.5,1,0,0.00,0.00,0.00,12.00,0.00,0.00,0,0,0.00,0,0.00
2026-03-28 18:13:55,1014.43,0,0,0,0,0,0,0,1.00,0,1.00,3.31,2.08,2.53,1.00,D,0.00,12.00,12.00,12.00,0.80,^,0.00,,9.70,8.30,504,0.00,43.9,1,0,0.00,0.00,0.00,12.00,0.00,0.00,0,0,0.00,0,0.00
2026-03-28 18:13:56,1015.44,0,0,0,0,0,0,0,0.00,0,1.00,3.31,2.08,2.50,1.00,D,0.00,12.00,12.00,12.00,0.65,^,0.00,,8.00,8.30,504,0.00,45.0,1,0,0.00,0.00,0.00,12.00,0.00,0.00,0,0,0.00,0,0.00
2026-03-28 18:13:57,1016.45,0,0,0,0,0,0,0,0.00,0,1.00,3.31,2.08,2.62,1.00,D,0.00,12.00,12.00,2.22,0.53,^,0.00,,10.00,8.30,504,0.00,45.5,1,0,0.00,0.00,0.00,12.00,0.00,0.00,0,0,0.00,0,0.00
2026-03-28 18:13:58,1017.46,0,0,0,0,0,0,0,0.00,0,1.00,3.31,2.08,2.65,1.00,D,0.00,12.00,12.00,2.04,0.79,^,0.00,,9.30,8.30,504,0.00,44.4,1,0,0.00,0.00,0.00,12.00,0.00,0.00,0,0,0.00,0,0.00
2026-03-28 18:13:59,1018.47,0,0,0,0,0,0,0,0.00,0,1.00,3.31,2.08,2.50,1.00,D,0.00,12.00,12.00,2.20,0.74,^,0.00,,8.70,8.30,504,0.00,43.9,1,0,0.00,0.00,0.00,12.00,0.00,0.00,0,0,0.00,0,0.00
2026-03-28 18:14:00,1019.48,0,0,0,0,0,0,0,0.85,0,1.00,3.31,2.08,2.64,1.00,D,0.00,12.00,12.00,12.00,0.57,^,0.00,,7.20,8.30,504,0.00,45.5,1,0,0.00,0.00,0.00,12.00,0.00,0.00,0,0,0.00,0,0.00
2026-03-28 18:14:01,1020.49,0,0,0,0,0,0,0,0.00,0,1.00,3.31,2.08,2.56,1.00,D,0.00,12.00,12.00,2.15,0.67,^,0.00,,9.30,8.30,504,0.00,44.4,1,0,0.00,0.00,0.00,12.00,0.00,0.00,0,0,0.00,0,0.00
2026-03-28 18:14:02,1021.51,0,0,0,0,0,0,0,1.00,0,1.00,3.31,2.08,2.79,1.00,D,0.00,12.00,12.00,1.29,0.78,^,0.00,,12.00,8.30,504,0.00,45.0,1,0,0.00,0.00,0.00,12.00,0.00,0.00,0,0,0.00,0,0.00
2026-03-28 18:14:03,1022.52,0,0,0,0,0,0,0,0.00,0,1.00,3.31,2.08,2.68,1.00,D,0.00,12.00,12.00,1.14,0.57,^,0.00,,9.10,8.30,504,0.00,46.1,1,0,0.00,0.00,0.00,12.00,0.00,0.00,0,0,0.00,0,0.00
2026-03-28 18:14:04,1023.53,0,0,0,0,0,0,0,0.19,0,1.00,3.31,2.08,2.59,1.00,D,0.00,12.00,12.00,12.00,0.49,^,0.00,,9.90,8.30,504,0.00,45.0,1,0,0.00,0.00,0.00,12.00,0.00,0.00,0,0,0.00,0,0.00
2026-03-28 18:14:05,1024.55,0,0,0,0,0,0,0,0.99,0,1.00,3.31,2.08,2.56,1.00,D,0.00,12.00,12.00,12.00,0.72,^,0.00,,8.70,8.30,504,0.00,43.9,1,0,0.00,0.00,0.00,12.00,0.00,0.00,0,0,0.00,0,0.00
2026-03-28 18:14:06,1025.56,0,0,0,0,0,0,0,0.00,0,1.00,3.31,2.08,2.80,1.00,D,0.00,12.00,12.00,12.00,0.74,^,0.00,,11.20,8.30,504,0.00,46.1,1,0,0.00,0.00,0.00,12.00,0.00,0.00,0,0,0.00,0,0.00
2026-03-28 18:14:07,1026.57,0,0,0,0,0,0,0,0.00,0,1.00,3.31,2.08,2.47,1.00,D,0.00,12.00,12.00,12.00,0.48,^,0.00,,11.60,8.30,504,0.00,45.5,1,0,0.00,0.00,0.00,12.00,0.00,0.00,0,0,0.00,0,0.00
2026-03-28 18:14:08,1027.58,0,0,0,0,0,0,0,0.83,0,1.00,3.31,2.08,2.70,1.00,D,0.00,12.00,12.00,12.00,0.51,^,0.00,,10.60,8.30,504,0.00,45.5,1,0,0.00,0.00,0.00,12.00,0.00,0.00,0,0,0.00,0,0.00
2026-03-28 18:14:09,1028.60,0,0,0,0,0,0,0,0.00,0,1.00,3.31,2.08,2.63,1.00,D,0.00,12.00,12.00,12.00,0.72,^,0.00,,11.10,8.30,504,0.00,45.5,1,0,0.00,0.00,0.00,12.00,0.00,0.00,0,0,0.00,0,0.00
2026-03-28 18:14:10,1029.61,0,0,0,0,0,0,0,0.99,0,1.00,3.31,2.08,2.59,1.00,D,0.00,12.00,12.00,12.00,0.70,^,0.00,,10.70,8.30,504,0.00,46.1,1,0,0.00,0.00,0.00,12.00,0.00,0.00,0,0,0.00,0,0.00
2026-03-28 18:14:11,1030.62,0,0,0,0,0,0,0,0.00,0,1.00,3.31,2.08,2.47,1.00,D,0.00,12.00,12.00,12.00,0.52,^,0.00,,9.10,8.30,504,0.00,45.5,1,0,0.00,0.00,0.00,12.00,0.00,0.00,0,0,0.00,0,0.00
2026-03-28 18:14:12,1031.63,0,0,0,0,0,0,0,0.00,0,1.00,3.31,2.08,2.67,1.00,D,0.00,12.00,12.00,12.00,0.43,^,0.00,,8.70,8.30,504,0.00,45.5,1,0,0.00,0.00,0.00,12.00,0.00,0.00,0,0,0.00,0,0.00
2026-03-28 18:14:13,1032.65,0,0,0,0,0,0,0,0.77,0,1.00,3.31,2.08,2.59,1.00,D,0.00,12.00,12.00,12.00,0.66,^,0.00,,12.60,8.30,504,0.00,45.5,1,0,0.00,0.00,0.00,12.00,0.00,0.00,0,0,0.00,0,0.00
2026-03-28 18:14:14,1033.66,0,0,0,0,0,0,0,1.00,0,1.00,3.31,2.09,2.80,1.00,D,0.00,12.00,12.00,12.00,0.69,^,0.00,,11.80,8.30,504,0.00,46.1,1,0,0.00,0.00,0.00,12.00,0.00,0.00,0,0,0.00,0,0.00
2026-03-28 18:14:15,1034.78,0,0,0,0,0,0,0,1.00,0,1.00,3.31,2.09,2.45,1.00,D,0.00,12.00,12.00,12.00,0.55,^,0.00,,10.30,8.20,504,0.00,45.5,1,0,0.00,0.00,0.00,12.00,0.00,0.00,0,0,0.00,0,0.00
2026-03-28 18:14:16,1035.69,0,0,0,0,0,0,0,0.00,0,1.00,3.31,2.09,2.25,1.00,D,0.00,12.00,1.24,12.00,0.59,^,0.00,,10.60,8.20,504,0.00,46.6,1,0,0.00,0.00,0.00,12.00,0.00,0.00,0,0,0.00,0,0.00
2026-03-28 18:14:17,1036.70,0,0,0,0,0,0,0,1.00,0,1.00,3.31,2.09,2.91,1.00,D,0.00,0.82,0.54,2.28,0.54,CAUTION_WARNING,0.00,,11.30,8.30,504,0.00,45.0,1,0,0.00,0.00,0.00,0.82,0.00,0.00,0,0,0.00,0,0.00
2026-03-28 18:14:18,1037.70,0,0,0,0,0,0,0,0.49,0,1.00,3.31,2.09,2.62,1.00,D,0.00,12.00,12.00,12.00,0.91,^,0.00,,12.10,8.20,504,0.00,44.4,1,0,0.00,0.00,0.00,12.00,0.00,0.00,0,0,0.00,0,0.00
2026-03-28 18:14:19,1038.71,0,0,0,0,0,0,0,0.00,0,1.00,3.31,2.09,2.79,1.00,D,0.00,12.00,12.00,12.00,0.75,^,0.00,,14.80,8.30,504,0.00,45.0,1,0,0.00,0.00,0.00,12.00,0.00,0.00,0,0,0.00,0,0.00
2026-03-28 18:14:20,1039.73,0,0,0,0,0,0,0,1.00,0,1.00,3.31,2.09,2.42,1.00,D,0.00,12.00,12.00,12.00,1.10,^,0.00,,14.60,8.30,504,0.00,46.1,1,0,0.00,0.00,0.00,12.00,0.00,0.00,0,0,0.00,0,0.00
2026-03-28 18:14:21,1040.74,0,0,0,0,0,0,0,0.00,0,1.00,3.31,2.09,2.54,1.00,D,0.00,12.00,12.00,1.27,1.17,^,0.00,,11.50,8.30,504,0.00,46.1,1,0,0.00,0.00,0.00,12.00,0.00,0.00,0,0,0.00,0,0.00
2026-03-28 18:14:22,1041.75,0,0,0,0,0,0,0,1.00,0,1.00,3.31,2.09,2.76,1.00,D,0.00,12.00,12.00,1.10,0.92,^,0.00,,13.30,8.30,504,0.00,44.4,1,0,0.00,0.00,0.00,12.00,0.00,0.00,0,0,0.00,0,0.00
2026-03-28 18:14:23,1042.77,0,0,0,0,0,0,0,0.00,0,1.00,3.31,2.09,2.84,1.00,D,0.00,12.00,12.00,12.00,0.85,^,0.00,,12.20,8.30,504,0.00,45.5,1,0,0.00,0.00,0.00,12.00,0.00,0.00,0,0,0.00,0,0.00
2026-03-28 18:14:24,1043.77,0,0,0,0,0,0,0,0.37,0,1.00,3.31,2.09,2.27,1.00,D,0.00,12.00,12.00,12.00,0.69,^,0.00,,11.80,8.30,504,0.00,44.4,1,0,0.00,0.00,0.00,12.00,0.00,0.00,0,0,0.00,0,0.00
2026-03-28 18:14:25,1044.77,0,0,0,0,0,0,0,0.00,0,1.00,3.31,2.09,2.73,1.00,D,0.00,12.00,12.00,12.00,0.72,^,0.00,,14.80,8.30,504,0.00,44.4,1,0,0.00,0.00,0.00,12.00,0.00,0.00,0,0,0.00,0,0.00
2026-03-28 18:14:26,1045.78,0,0,0,0,0,0,0,1.00,0,1.00,3.31,2.09,2.86,1.00,D,0.00,12.00,1.12,12.00,0.76,^,0.00,,13.00,8.30,504,0.00,44.4,1,0,0.00,0.00,0.00,12.00,0.00,0.00,0,0,0.00,0,0.00
2026-03-28 18:14:27,1046.79,0,0,0,0,0,0,0,0.00,0,1.00,3.31,2.09,2.49,1.00,D,0.00,1.62,12.00,1.44,0.40,^,0.00,,12.60,8.30,504,0.00,45.5,1,0,0.00,0.00,0.00,1.62,0.00,0.00,0,0,0.00,0,0.00
2026-03-28 18:14:28,1047.80,0,0,0,0,0,0,0,0.00,0,1.00,3.31,2.09,2.63,1.00,D,0.00,12.00,12.00,0.95,0.50,^,0.00,,14.40,8.20,504,0.00,46.1,1,0,0.00,0.00,0.00,12.00,0.00,0.00,0,0,0.00,0,0.00
2026-03-28 18:14:29,1048.81,0,0,0,0,0,0,0,0.00,0,1.00,3.31,2.09,2.57,1.00,D,0.00,12.00,12.00,1.13,0.76,^,0.00,,15.10,8.30,504,0.00,45.0,1,0,0.00,0.00,0.00,12.00,0.00,0.00,0,0,0.00,0,0.00
2026-03-28 18:14:30,1049.83,0,0,0,0,0,0,0,1.00,0,1.00,3.31,2.09,2.75,1.00,D,0.00,12.00,12.00,12.00,0.62,^,0.00,,14.10,8.20,504,0.00,44.4,1,0,0.00,0.00,0.00,12.00,0.00,0.00,0,0,0.00,0,0.00
2026-03-28 18:14:31,1050.84,0,0,0,0,0,0,0,0.00,0,1.00,3.31,2.09,2.65,1.00,D,0.00,1.15,12.00,1.15,0.73,^,0.00,,13.90,8.20,504,0.00,44.4,1,0,0.00,0.00,0.00,1.15,0.00,0.00,0,0,0.00,0,0.00
2026-03-28 18:14:32,1051.85,0,0,0,0,0,0,0,0.00,0,1.00,3.31,2.09,2.55,1.00,D,0.00,12.00,12.00,0.73,0.74,^,0.00,,13.90,8.20,504,0.00,43.9,1,0,0.00,0.00,0.00,12.00,0.00,0.00,0,0,0.00,0,0.00
2026-03-28 18:14:33,1052.86,0,0,0,0,0,0,0,0.00,0,1.00,3.31,2.09,2.52,1.00,D,0.00,12.00,12.00,0.89,0.85,^,0.00,,15.30,8.20,504,0.00,45.0,1,0,0.00,0.00,0.00,12.00,0.00,0.00,0,0,0.00,0,0.00
2026-03-28 18:14:34,1053.87,0,0,0,0,0,0,0,0.00,0,1.00,3.31,2.10,2.49,1.00,D,0.00,12.00,12.00,12.00,0.94,^,0.00,,13.30,8.20,504,0.00,45.0,1,0,0.00,0.00,0.00,12.00,0.00,0.00,0,0,0.00,0,0.00
2026-03-28 18:14:35,1054.87,0,0,0,0,0,0,0,1.00,0,1.00,3.31,2.10,2.83,1.00,D,0.00,12.00,0.91,12.00,0.93,^,0.00,,15.60,8.30,504,0.00,45.0,1,0,0.00,0.00,0.00,12.00,0.00,0.00,0,0,0.00,0,0.00
2026-03-28 18:14:36,1055.89,0,0,0,0,0,0,0,1.00,0,1.00,3.31,2.10,2.69,1.00,D,0.00,12.00,12.00,1.74,0.58,^,0.00,,14.90,8.30,504,0.00,46.1,1,0,0.00,0.00,0.00,12.00,0.00,0.00,0,0,0.00,0,0.00
2026-03-28 18:14:37,1056.90,0,0,0,0,0,0,0,0.00,0,1.00,3.31,2.10,2.76,1.00,D,0.00,1.78,12.00,1.07,0.59,^,0.00,,14.90,8.30,504,0.00,45.5,1,0,0.00,0.00,0.00,1.78,0.00,0.00,0,0,0.00,0,0.00
2026-03-28 18:14:38,1057.90,0,0,0,0,0,0,0,0.13,0,1.00,3.31,2.10,2.69,1.00,D,0.00,2.30,0.43,1.22,0.43,^,0.00,,15.40,8.30,504,0.00,45.5,1,0,0.00,0.00,0.00,2.30,0.00,0.00,0,0,0.00,0,0.00
2026-03-28 18:14:39,1058.91,0,0,0,0,0,0,0,0.00,0,1.00,3.31,2.10,2.45,1.00,D,0.00,2.17,0.43,1.40,0.43,^,0.00,,13.00,8.30,504,0.00,45.5,1,0,0.00,0.00,0.00,2.17,0.00,0.00,0,0,0.00,0,0.00
2026-03-28 18:14:40,1059.92,0,0,0,0,0,0,0,0.00,0,1.00,3.31,2.10,2.58,1.00,D,0.00,1.38,0.77,1.01,1.25,^,0.00,,14.90,8.30,504,0.00,45.0,1,0,0.00,0.00,0.00,1.38,0.00,0.00,0,0,0.00,0,0.00
2026-03-28 18:14:41,1060.94,0,0,0,0,0,0,0,1.00,0,1.00,3.31,2.10,2.79,1.00,D,0.00,12.00,12.00,0.56,1.00,^,0.00,,14.40,8.30,504,0.00,45.0,1,0,0.00,0.00,0.00,12.00,0.00,0.00,0,0,0.00,0,0.00
2026-03-28 18:14:42,1061.95,0,0,0,0,0,0,0,0.55,0,1.00,3.31,2.10,2.70,1.00,D,0.00,1.03,12.00,1.27,1.36,^,0.00,,14.70,8.30,504,0.00,46.1,1,0,0.00,0.00,0.00,1.03,0.00,0.00,0,0,0.00,0,0.00
2026-03-28 18:14:43,1062.96,0,0,0,0,0,0,0,0.00,0,1.00,3.31,2.10,2.53,1.00,D,0.00,0.69,12.00,1.24,1.20,CAUTION_WARNING,0.00,,16.00,8.30,504,0.00,46.1,1,0,0.00,0.00,0.00,0.69,0.00,0.00,0,0,0.00,0,0.00
2026-03-28 18:14:44,1063.98,0,0,0,0,0,0,0,1.00,0,1.00,3.31,2.10,2.65,1.00,D,0.00,1.04,12.00,12.00,1.67,^,0.00,,15.80,8.30,504,0.00,45.5,1,0,0.00,0.00,0.00,1.04,0.00,0.00,0,0,0.00,0,0.00
2026-03-28 18:14:45,1064.99,0,0,0,0,0,0,0,0.00,0,1.00,3.31,2.10,2.73,1.00,D,0.00,1.37,1.64,12.00,12.00,^,0.00,,13.90,8.30,504,0.00,43.9,1,0,0.00,0.00,0.00,1.37,0.00,0.00,0,0,0.00,0,0.00
2026-03-28 18:14:46,1066.00,0,0,0,0,0,0,0,0.00,0,1.00,3.31,2.10,2.81,1.00,D,0.00,1.56,12.00,12.00,12.00,^,0.00,,14.50,8.30,504,0.00,45.5,1,0,0.00,0.00,0.00,1.56,0.00,0.00,0,0,0.00,0,0.00
2026-03-28 18:14:47,1067.01,0,0,0,0,0,0,0,0.00,0,1.00,3.31,2.10,2.68,1.00,D,0.00,1.35,12.00,12.00,12.00,^,0.00,,17.60,8.30,504,0.00,45.0,1,0,0.00,0.00,0.00,1.35,0.00,0.00,0,0,0.00,0,0.00
2026-03-28 18:14:48,1068.03,0,0,0,0,0,0,0,1.00,0,1.00,3.31,2.10,2.67,1.00,D,0.00,1.56,12.00,12.00,12.00,^,0.00,,15.20,8.30,504,0.00,45.5,1,0,0.00,0.00,0.00,1.56,0.00,0.00,0,0,0.00,0,0.00
2026-03-28 18:14:49,1069.04,0,0,0,0,0,0,0,0.00,0,1.00,3.31,2.10,2.65,1.00,D,0.00,12.00,2.25,12.00,12.00,^,0.00,,14.20,8.30,504,0.00,45.5,1,0,0.00,0.00,0.00,12.00,0.00,0.00,0,0,0.00,0,0.00
2026-03-28 18:14:50,1070.05,0,0,0,0,0,0,0,1.00,0,1.00,3.31,2.10,2.44,1.00,D,0.00,12.00,12.00,12.00,12.00,^,0.00,,12.10,8.30,504,0.00,45.5,1,0,0.00,0.00,0.00,12.00,0.00,0.00,0,0,0.00,0,0.00
2026-03-28 18:14:51,1071.07,0,0,0,0,0,0,0,1.00,0,1.00,3.31,2.10,2.84,1.00,D,0.00,2.14,12.00,12.00,12.00,^,0.00,,13.30,8.30,504,0.00,45.5,1,0,0.00,0.00,0.00,2.14,0.00,0.00,0,0,0.00,0,0.00
2026-03-28 18:14:52,1072.07,0,0,0,0,0,0,0,0.00,0,1.00,3.31,2.10,2.54,1.00,D,0.00,2.29,9.21,2.31,1.41,^,0.00,,12.90,8.30,504,0.00,45.5,1,0,0.00,0.00,0.00,2.29,0.00,0.00,0,0,0.00,0,0.00
2026-03-28 18:14:53,1073.09,0,0,0,0,0,0,0,1.00,0,1.00,3.31,2.10,2.75,1.00,D,0.00,12.00,12.00,1.33,1.18,^,0.00,,14.60,8.30,504,0.00,45.5,1,0,0.00,0.00,0.00,12.00,0.00,0.00,0,0,0.00,0,0.00
2026-03-28 18:14:54,1074.11,0,0,0,0,0,0,0,0.00,0,1.00,3.31,2.11,2.74,1.00,D,0.00,2.28,12.00,12.00,1.51,^,0.00,,15.20,8.30,504,0.00,45.0,1,0,0.00,0.00,0.00,2.28,0.00,0.00,0,0,0.00,0,0.00
2026-03-28 18:14:55,1075.12,0,0,0,0,0,0,0,1.00,0,1.00,3.31,2.11,2.83,1.00,D,0.00,12.00,12.00,12.00,12.00,^,0.00,,12.20,8.30,504,0.00,45.0,1,0,0.00,0.00,0.00,12.00,0.00,0.00,0,0,0.00,0,0.00
2026-03-28 18:14:56,1076.14,0,0,0,0,0,0,0,0.89,0,1.00,3.31,2.11,2.83,1.00,D,0.00,12.00,12.00,12.00,12.00,^,0.00,,14.80,8.30,504,0.00,45.5,1,0,0.00,0.00,0.00,12.00,0.00,0.00,0,0,0.00,0,0.00
2026-03-28 18:14:57,1077.15,0,0,0,0,0,0,0,0.00,0,1.00,3.31,2.11,2.66,1.00,D,0.00,12.00,12.00,12.00,12.00,^,0.00,,11.90,8.30,504,0.00,46.1,1,0,0.00,0.00,0.00,12.00,0.00,0.00,0,0,0.00,0,0.00
2026-03-28 18:14:58,1078.16,0,0,0,0,0,0,0,0.00,0,1.00,3.31,2.11,2.69,1.00,D,0.00,2.61,12.00,12.00,12.00,^,0.00,,11.30,8.30,504,0.00,44.4,1,0,0.00,0.00,0.00,2.61,0.00,0.00,0,0,0.00,0,0.00
2026-03-28 18:14:59,1079.17,0,0,0,0,0,0,0,0.00,0,1.00,3.31,2.11,2.76,1.00,D,0.00,2.33,12.00,12.00,9.94,^,0.00,,12.50,8.30,504,0.00,45.5,1,0,0.00,0.00,0.00,2.33,0.00,0.00,0,0,0.00,0,0.00
2026-03-28 18:15:00,1080.18,0,0,0,0,0,0,0,0.00,0,1.00,3.31,2.11,2.85,1.00,D,0.00,2.52,12.00,12.00,12.00,^,0.00,,12.80,8.30,504,0.00,45.5,1,0,0.00,0.00,0.00,2.52,0.00,0.00,0,0,0.00,0,0.00
2026-03-28 18:15:01,1081.19,0,0,0,0,0,0,0,0.00,0,1.00,3.31,2.11,2.83,1.00,D,0.00,12.00,12.00,12.00,12.00,^,0.00,,14.60,8.30,504,0.00,45.5,1,0,0.00,0.00,0.00,12.00,0.00,0.00,0,0,0.00,0,0.00
2026-03-28 18:15:02,1082.20,0,0,0,0,0,0,0,0.00,0,1.00,3.31,2.11,2.82,1.00,D,0.00,12.00,12.00,12.00,12.00,^,0.00,,15.20,8.30,504,0.00,44.4,1,0,0.00,0.00,0.00,12.00,0.00,0.00,0,0,0.00,0,0.00
2026-03-28 18:15:03,1083.21,0,0,0,0,0,0,0,0.57,0,1.00,3.31,2.11,2.71,1.00,D,0.00,2.37,12.00,12.00,12.00,^,0.00,,12.30,8.30,504,0.00,43.9,1,0,0.00,0.00,0.00,2.37,0.00,0.00,0,0,0.00,0,0.00
2026-03-28 18:15:04,1084.22,0,0,0,0,0,0,0,0.00,0,1.00,3.31,2.11,2.50,1.00,D,0.00,12.00,12.00,12.00,12.00,^,0.00,,11.60,8.30,504,0.00,45.5,1,0,0.00,0.00,0.00,12.00,0.00,0.00,0,0,0.00,0,0.00
2026-03-28 18:15:06,1085.24,0,0,0,0,0,0,0,-0.37,0,1.00,3.31,2.11,2.74,1.00,D,0.00,2.17,12.00,1.49,12.00,^,0.00,,13.20,8.30,504,0.00,45.0,1,0,0.00,0.00,0.00,2.17,0.00,0.00,0,0,0.00,0,0.00
2026-03-28 18:15:07,1086.25,0,0,0,0,0,0,0,1.00,0,1.00,3.31,2.11,2.83,1.00,D,0.00,2.43,12.00,1.58,1.41,^,0.00,,13.70,8.30,504,0.00,44.4,1,0,0.00,0.00,0.00,2.43,0.00,0.00,0,0,0.00,0,0.00
2026-03-28 18:15:08,1087.26,0,0,0,0,0,0,0,0.00,0,1.00,3.31,2.11,2.85,1.00,D,0.00,2.37,12.00,1.33,1.49,^,0.00,,12.80,8.30,504,0.00,45.0,1,0,0.00,0.00,0.00,2.37,0.00,0.00,0,0,0.00,0,0.00
2026-03-28 18:15:09,1088.28,0,0,0,0,0,0,0,0.99,0,1.00,3.31,2.11,2.88,1.00,D,0.00,12.00,12.00,12.00,1.93,^,0.00,,15.60,8.30,504,0.00,44.4,1,0,0.00,0.00,0.00,12.00,0.00,0.00,0,0,0.00,0,0.00
2026-03-28 18:15:10,1089.29,0,0,0,0,0,0,0,0.00,0,1.00,3.31,2.11,2.18,1.00,D,0.00,12.00,0.82,12.00,0.70,^,0.00,,13.90,8.30,504,0.00,45.0,1,0,0.00,0.00,0.00,12.00,0.00,0.00,0,0,0.00,0,0.00
2026-03-28 18:15:11,1090.30,0,0,0,0,0,0,0,0.00,0,1.00,3.31,2.11,2.56,1.00,D,0.00,12.00,12.00,12.00,12.00,^,0.00,,13.70,8.30,504,0.00,43.9,1,0,0.00,0.00,0.00,12.00,0.00,0.00,0,0,0.00,0,0.00
2026-03-28 18:15:12,1091.32,0,0,0,0,0,0,0,0.00,0,1.00,3.31,2.11,2.86,1.00,D,0.00,12.00,12.00,12.00,12.00,^,0.00,,11.50,8.30,504,0.00,43.9,1,0,0.00,0.00,0.00,12.00,0.00,0.00,0,0,0.00,0,0.00
2026-03-28 18:15:13,1092.33,0,0,0,0,0,0,0,0.00,0,1.00,3.31,2.12,2.75,1.00,D,0.00,12.00,12.00,12.00,12.00,^,0.00,,15.20,8.30,504,0.00,43.9,1,0,0.00,0.00,0.00,12.00,0.00,0.00,0,0,0.00,0,0.00
2026-03-28 18:15:14,1093.34,0,0,0,0,0,0,0,0.00,0,1.00,3.31,2.12,2.90,1.00,D,0.00,12.00,12.00,12.00,12.00,^,0.00,,11.80,8.30,504,0.00,45.0,1,0,0.00,0.00,0.00,12.00,0.00,0.00,0,0,0.00,0,0.00
2026-03-28 18:15:15,1094.36,0,0,0,0,0,0,0,0.00,0,0.00,3.31,2.12,2.76,0.79,D,0.00,12.00,12.00,12.00,13.78,^,0.00,,11.90,8.30,504,0.00,45.5,1,0,0.00,0.00,0.00,12.00,0.00,0.00,0,0,0.00,0,0.00
2026-03-28 18:15:16,1095.37,0,0,0,0,0,0,0,0.00,0,0.00,3.31,2.12,1.94,0.18,D,0.00,12.00,12.00,12.00,12.00,^,0.00,,10.40,8.30,504,0.00,43.9,1,0,0.00,0.00,0.00,12.00,0.00,0.00,0,0,0.00,0,0.00
2026-03-28 18:15:17,1096.38,0,0,0,0,0,0,0,0.00,0,0.00,3.31,2.12,1.04,0.00,D,0.00,0.65,0.66,1.11,12.00,CAUTION_WARNING,0.00,,9.20,8.30,504,0.00,44.4,1,0,0.00,0.00,0.00,0.65,0.00,0.00,0,0,0.00,0,0.00
2026-03-28 18:15:18,1097.40,0,0,0,0,0,0,0,0.00,0,1.00,3.31,2.12,0.12,0.13,D,0.00,6.59,12.00,12.00,12.00,^,0.00,,11.70,8.30,504,0.00,44.4,1,0,0.00,0.00,0.00,6.59,0.00,0.00,0,0,0.00,0,0.00
2026-03-28 18:15:19,1098.41,0,0,0,0,0,0,0,1.00,0,1.00,3.31,2.11,0.02,0.64,D,0.00,6.60,12.00,12.00,12.00,^,0.00,,10.70,8.30,504,0.00,44.4,1,0,0.00,0.00,0.00,6.60,0.00,0.00,0,0,0.00,0,0.00
2026-03-28 18:15:20,1099.43,0,0,0,0,0,0,0,0.00,0,1.00,3.31,2.11,2.08,1.00,D,0.00,12.00,12.00,12.00,2.74,^,0.00,,9.00,8.30,504,0.00,43.9,1,0,0.00,0.00,0.00,12.00,0.00,0.00,0,0,0.00,0,0.00
2026-03-28 18:15:21,1100.44,0,0,0,0,0,0,0,0.17,0,1.00,3.31,2.11,2.53,1.00,D,0.00,12.00,5.60,12.00,12.00,^,0.00,,9.90,8.30,504,0.00,45.0,1,0,0.00,0.00,0.00,12.00,0.00,0.00,0,0,0.00,0,0.00
2026-03-28 18:15:22,1101.45,0,0,0,0,0,0,0,0.00,0,1.00,3.31,2.11,2.91,1.00,D,0.00,12.00,12.00,2.45,12.00,^,0.00,,8.10,8.30,504,0.00,45.0,1,0,0.00,0.00,0.00,12.00,0.00,0.00,0,0,0.00,0,0.00
2026-03-28 18:15:23,1102.47,0,0,0,0,0,0,0,1.00,0,1.00,3.31,2.11,2.82,1.00,D,0.00,12.00,12.00,12.00,12.00,^,0.00,,7.50,8.30,504,0.00,44.4,1,0,0.00,0.00,0.00,12.00,0.00,0.00,0,0,0.00,0,0.00
2026-03-28 18:15:24,1103.48,0,0,0,0,0,0,0,0.00,0,0.00,3.31,2.11,2.64,0.70,D,0.00,1.64,12.00,2.43,12.00,^,0.00,,7.20,8.30,504,0.00,45.0,1,0,0.00,0.00,0.00,1.64,0.00,0.00,0,0,0.00,0,0.00
2026-03-28 18:15:25,1104.59,0,0,0,0,0,0,0,0.00,1,0.00,3.31,2.11,1.40,0.00,D,0.00,12.00,12.00,0.72,12.00,^,0.00,,7.80,8.30,504,0.00,44.4,1,0,0.00,0.00,0.00,12.00,0.00,0.00,0,0,0.00,0,0.00
2026-03-28 18:15:26,1105.50,0,0,0,0,0,0,0,0.00,0,0.00,3.31,2.11,0.00,0.00,D,0.00,12.00,12.00,0.46,0.54,^,0.00,,7.00,8.20,504,0.13,43.9,1,0,0.00,0.00,0.00,12.00,0.00,0.00,0,0,0.00,0,0.00
2026-03-28 18:15:27,1106.51,0,0,0,0,0,0,0,0.00,0,0.00,3.31,2.11,0.00,0.00,D,0.00,0.21,12.00,0.40,0.48,STOP_WARNING,0.00,,7.40,8.30,504,1.14,43.9,1,0,0.00,0.00,0.00,0.21,0.00,0.00,0,0,0.00,0,0.00
2026-03-28 18:15:28,1107.53,0,0,0,0,0,0,0,0.26,1,1.00,3.31,2.11,0.00,0.00,D,0.00,12.00,12.00,0.42,0.47,^,0.00,,6.80,8.30,504,2.16,43.3,1,0,0.00,0.00,0.00,12.00,0.00,0.00,0,0,0.00,0,0.00
2026-03-28 18:15:29,1108.53,0,0,0,0,0,0,0,0.00,1,1.00,3.31,2.11,0.00,0.00,D,0.00,12.00,12.00,2.81,1.03,^,0.00,,9.00,8.30,504,3.16,44.4,1,0,0.00,0.00,0.00,12.00,0.00,0.00,0,0,0.00,0,0.00
2026-03-28 18:15:30,1109.54,0,0,0,0,0,0,0,0.18,1,1.00,3.31,2.11,0.00,0.00,D,0.00,12.00,12.00,2.67,1.12,^,0.00,,9.20,8.30,504,4.17,45.0,1,0,0.00,0.00,0.00,12.00,0.00,0.00,0,0,0.00,0,0.00
2026-03-28 18:15:31,1110.56,0,0,1,0,0,0,0,1.00,0,1.00,3.31,2.10,0.01,0.19,D,0.00,12.00,12.00,12.00,1.09,^,0.00,,8.80,8.30,504,0.09,44.4,1,0,0.00,0.00,0.00,12.00,0.00,0.00,0,0,0.00,0,0.00
2026-03-28 18:15:32,1111.57,0,0,0,1,0,0,0,0.83,0,1.00,3.31,2.10,0.00,0.00,N,0.00,12.00,12.00,1.12,2.44,^,0.00,,8.40,8.30,504,0.41,44.4,1,0,0.00,0.00,0.00,12.00,0.00,0.00,0,0,0.00,0,0.00
2026-03-28 18:15:33,1112.58,0,0,1,0,0,0,0,1.00,0,1.00,3.31,2.10,0.01,0.35,D,0.00,12.00,12.00,1.15,2.44,^,0.00,,7.40,8.30,504,0.03,45.5,1,0,0.00,0.00,0.00,12.00,0.00,0.00,0,0,0.00,0,0.00
2026-03-28 18:15:34,1113.59,0,0,0,0,0,0,0,0.31,0,1.00,3.31,2.10,0.90,0.86,D,0.00,12.00,12.00,1.10,2.48,^,0.00,,8.50,8.30,504,0.00,45.5,1,0,0.00,0.00,0.00,12.00,0.00,0.00,0,0,0.00,0,0.00
2026-03-28 18:15:35,1114.60,0,0,0,0,0,0,0,0.00,0,1.00,3.31,2.10,2.75,1.00,D,0.00,12.00,12.00,1.16,2.45,^,0.00,,8.60,8.30,504,0.00,43.3,1,0,0.00,0.00,0.00,12.00,0.00,0.00,0,0,0.00,0,0.00
2026-03-28 18:15:36,1115.62,0,0,0,0,0,0,0,1.00,0,1.00,3.31,2.10,2.87,1.00,D,0.00,12.00,12.00,2.50,1.24,^,0.00,,8.90,8.20,504,0.00,45.5,1,0,0.00,0.00,0.00,12.00,0.00,0.00,0,0,0.00,0,0.00
2026-03-28 18:15:37,1116.63,0,0,0,0,0,0,0,0.57,0,1.00,3.31,2.10,2.78,1.00,D,0.00,12.00,12.00,1.66,1.49,^,0.00,,11.20,8.30,504,0.00,45.0,1,0,0.00,0.00,0.00,12.00,0.00,0.00,0,0,0.00,0,0.00
2026-03-28 18:15:38,1117.64,0,0,0,0,0,0,0,0.46,0,1.00,3.31,2.10,2.79,1.00,D,0.00,12.00,12.00,0.35,12.00,^,0.00,,14.30,8.30,504,0.00,45.0,1,0,0.00,0.00,0.00,12.00,0.00,0.00,0,0,0.00,0,0.00
2026-03-28 18:15:39,1118.64,0,0,0,0,0,0,0,0.00,0,1.00,3.31,2.10,2.07,1.00,D,0.00,12.00,12.00,0.92,0.83,^,0.00,,11.70,8.20,504,0.00,45.0,1,0,0.00,0.00,0.00,12.00,0.00,0.00,0,0,0.00,0,0.00
2026-03-28 18:15:40,1119.64,0,0,0,0,0,0,0,0.87,0,1.00,3.31,2.10,2.77,1.00,D,0.00,12.00,12.00,12.00,1.03,^,0.00,,9.00,8.30,504,0.00,45.0,1,0,0.00,0.00,0.00,12.00,0.00,0.00,0,0,0.00,0,0.00
2026-03-28 18:15:41,1120.66,0,0,0,0,0,0,0,0.00,0,1.00,3.31,2.10,2.87,1.00,D,0.00,12.00,12.00,12.00,0.74,^,0.00,,10.50,8.30,504,0.00,43.3,1,0,0.00,0.00,0.00,12.00,0.00,0.00,0,0,0.00,0,0.00
2026-03-28 18:15:42,1121.67,0,0,0,0,0,0,0,0.71,0,1.00,3.31,2.10,2.50,1.00,D,0.00,12.00,12.00,12.00,0.64,^,0.00,,12.90,8.30,504,0.00,45.5,1,0,0.00,0.00,0.00,12.00,0.00,0.00,0,0,0.00,0,0.00
2026-03-28 18:15:43,1122.68,0,0,0,0,0,0,0,-1.00,0,1.00,3.31,2.10,2.72,1.00,D,0.00,2.24,12.00,2.03,0.65,^,0.00,,10.40,8.30,504,0.00,45.0,1,0,0.00,0.00,0.00,2.24,0.00,0.00,0,0,0.00,0,0.00
2026-03-28 18:15:44,1123.69,0,0,0,0,0,0,0,0.00,0,1.00,3.31,2.10,2.76,1.00,D,0.00,1.13,12.00,1.21,0.97,^,0.00,,13.80,8.30,504,0.00,43.9,1,0,0.00,0.00,0.00,1.13,0.00,0.00,0,0,0.00,0,0.00
2026-03-28 18:15:45,1124.70,0,0,0,0,0,0,0,0.00,0,1.00,3.31,2.10,2.61,1.00,D,0.00,1.49,12.00,0.34,0.36,^,0.00,,8.00,8.30,504,0.00,43.9,1,0,0.00,0.00,0.00,1.49,0.00,0.00,0,0,0.00,0,0.00
2026-03-28 18:15:46,1125.72,0,0,0,0,0,0,0,0.00,0,1.00,3.31,2.10,2.72,1.00,D,0.00,12.00,12.00,0.66,0.62,^,0.00,,11.10,8.30,504,0.00,45.5,1,0,0.00,0.00,0.00,12.00,0.00,0.00,0,0,0.00,0,0.00
2026-03-28 18:15:47,1126.73,0,0,0,0,0,0,0,0.00,0,1.00,3.31,2.10,2.63,1.00,D,0.00,12.00,12.00,1.91,0.65,^,0.00,,12.90,8.30,504,0.00,44.4,1,0,0.00,0.00,0.00,12.00,0.00,0.00,0,0,0.00,0,0.00
2026-03-28 18:15:48,1127.74,0,0,0,0,0,0,0,0.71,0,1.00,3.31,2.10,2.85,1.00,D,0.00,12.00,12.00,12.00,0.80,^,0.00,,12.30,8.30,504,0.00,45.0,1,0,0.00,0.00,0.00,12.00,0.00,0.00,0,0,0.00,0,0.00
2026-03-28 18:15:49,1128.75,0,0,0,0,0,0,0,1.00,0,1.00,3.31,2.11,2.41,1.00,D,0.00,12.00,12.00,2.44,0.75,^,0.00,,14.40,8.30,504,0.00,45.0,1,0,0.00,0.00,0.00,12.00,0.00,0.00,0,0,0.00,0,0.00
2026-03-28 18:15:50,1129.77,0,0,0,0,0,0,0,0.38,0,1.00,3.31,2.11,2.66,1.00,D,0.00,12.00,12.00,2.40,0.91,^,0.00,,12.00,8.30,504,0.00,43.3,1,0,0.00,0.00,0.00,12.00,0.00,0.00,0,0,0.00,0,0.00
2026-03-28 18:15:51,1130.78,0,0,0,0,0,0,0,1.00,0,1.00,3.31,2.11,2.67,1.00,D,0.00,12.00,12.00,12.00,1.61,^,0.00,,14.20,8.30,504,0.00,45.0,1,0,0.00,0.00,0.00,12.00,0.00,0.00,0,0,0.00,0,0.00
2026-03-28 18:15:52,1131.80,0,0,0,0,0,0,0,1.00,0,1.00,3.31,2.11,2.73,1.00,D,0.00,12.00,12.00,0.69,2.52,^,0.00,,14.80,8.30,504,0.00,45.0,1,0,0.00,0.00,0.00,12.00,0.00,0.00,0,0,0.00,0,0.00
2026-03-28 18:15:53,1132.81,0,0,0,0,0,0,0,1.00,0,1.00,3.31,2.11,2.38,1.00,D,0.00,0.65,0.72,12.00,0.35,CAUTION_WARNING,0.00,,15.90,8.30,504,0.00,45.0,1,0,0.00,0.00,0.00,0.65,0.00,0.00,0,0,0.00,0,0.00
2026-03-28 18:15:54,1133.83,0,0,0,0,0,0,0,0.34,0,1.00,3.31,2.11,2.31,0.89,D,0.00,12.00,12.00,12.00,0.52,^,0.00,,16.00,8.20,504,0.00,45.5,1,0,0.00,0.00,0.00,12.00,0.00,0.00,0,0,0.00,0,0.00
2026-03-28 18:15:55,1134.84,0,0,0,0,0,0,0,0.00,0,1.00,3.31,2.11,2.59,1.00,D,0.00,12.00,12.00,12.00,12.00,^,0.00,,13.00,8.30,504,0.00,46.1,1,0,0.00,0.00,0.00,12.00,0.00,0.00,0,0,0.00,0,0.00
2026-03-28 18:15:56,1135.85,0,0,0,0,0,0,0,0.00,0,0.00,3.31,2.11,2.58,0.85,D,0.00,12.00,12.00,12.00,12.00,^,0.00,,15.20,8.20,504,0.00,45.5,1,0,0.00,0.00,0.00,12.00,0.00,0.00,0,0,0.00,0,0.00
2026-03-28 18:15:57,1136.86,0,0,0,0,0,0,0,0.88,0,1.00,3.31,2.11,2.51,1.00,D,0.00,12.00,12.00,12.00,12.00,^,0.00,,15.30,8.20,504,0.00,44.4,1,0,0.00,0.00,0.00,12.00,0.00,0.00,0,0,0.00,0,0.00
2026-03-28 18:15:58,1137.88,0,0,0,0,0,0,0,0.00,0,1.00,3.31,2.11,2.62,1.00,D,0.00,12.00,12.00,12.00,2.95,^,0.00,,17.10,8.20,504,0.00,43.9,1,0,0.00,0.00,0.00,12.00,0.00,0.00,0,0,0.00,0,0.00
2026-03-28 18:15:59,1138.89,0,0,0,0,0,0,0,0.55,0,0.00,3.31,2.11,2.66,0.90,D,0.00,12.00,12.00,12.00,2.52,^,0.00,,16.10,8.20,504,0.00,45.5,1,0,0.00,0.00,0.00,12.00,0.00,0.00,0,0,0.00,0,0.00
2026-03-28 18:16:00,1139.90,0,0,0,0,0,0,0,0.00,0,1.00,3.31,2.11,2.65,1.00,D,0.00,12.00,12.00,12.00,2.05,^,0.00,,15.70,8.20,504,0.00,43.3,1,0,0.00,0.00,0.00,12.00,0.00,0.00,0,0,0.00,0,0.00
2026-03-28 18:16:01,1140.91,0,0,0,0,0,0,0,0.97,0,1.00,3.31,2.11,2.75,1.00,D,0.00,12.00,12.00,12.00,2.07,^,0.00,,15.40,8.20,504,0.00,45.0,1,0,0.00,0.00,0.00,12.00,0.00,0.00,0,0,0.00,0,0.00
2026-03-28 18:16:02,1141.92,0,0,0,0,0,0,0,0.00,0,1.00,3.31,2.11,2.75,1.00,D,0.00,12.00,12.00,12.00,1.66,^,0.00,,12.70,8.20,504,0.00,45.0,1,0,0.00,0.00,0.00,12.00,0.00,0.00,0,0,0.00,0,0.00
2026-03-28 18:16:03,1142.94,0,0,0,0,0,0,0,0.00,0,1.00,3.31,2.11,2.80,1.00,D,0.00,12.00,12.00,12.00,1.37,^,0.00,,13.90,8.30,504,0.00,44.4,1,0,0.00,0.00,0.00,12.00,0.00,0.00,0,0,0.00,0,0.00
2026-03-28 18:16:04,1143.95,0,0,0,0,0,0,0,0.00,0,1.00,3.31,2.11,2.74,1.00,D,0.00,12.00,12.00,12.00,1.06,^,0.00,,14.00,8.20,504,0.00,44.4,1,0,0.00,0.00,0.00,12.00,0.00,0.00,0,0,0.00,0,0.00
2026-03-28 18:16:05,1144.96,0,0,0,0,0,0,0,1.00,0,1.00,3.31,2.11,2.78,1.00,D,0.00,12.00,12.00,12.00,1.01,^,0.00,,14.70,8.20,504,0.00,45.0,1,0,0.00,0.00,0.00,12.00,0.00,0.00,0,0,0.00,0,0.00
2026-03-28 18:16:06,1145.96,0,0,0,0,0,0,0,0.00,0,1.00,3.31,2.11,2.86,1.00,D,0.00,12.00,12.00,12.00,1.13,^,0.00,,13.60,8.20,504,0.00,44.4,1,0,0.00,0.00,0.00,12.00,0.00,0.00,0,0,0.00,0,0.00
2026-03-28 18:16:07,1146.97,0,0,0,0,0,0,0,0.00,0,1.00,3.31,2.11,2.66,1.00,D,0.00,12.00,12.00,12.00,0.98,^,0.00,,13.90,8.20,504,0.00,45.0,1,0,0.00,0.00,0.00,12.00,0.00,0.00,0,0,0.00,0,0.00
2026-03-28 18:16:08,1147.97,0,0,0,0,0,0,0,0.00,0,1.00,3.31,2.11,2.84,1.00,D,0.00,12.00,12.00,12.00,1.37,^,0.00,,13.90,8.20,504,0.00,43.9,1,0,0.00,0.00,0.00,12.00,0.00,0.00,0,0,0.00,0,0.00
2026-03-28 18:16:09,1148.98,0,0,0,0,0,0,0,0.00,0,1.00,3.31,2.11,2.77,1.00,D,0.00,12.00,1.51,12.00,1.68,^,0.00,,12.70,8.30,504,0.00,45.0,1,0,0.00,0.00,0.00,12.00,0.00,0.00,0,0,0.00,0,0.00
2026-03-28 18:16:10,1149.99,0,0,0,0,0,0,0,0.24,0,1.00,3.31,2.11,2.76,1.00,D,0.00,12.00,1.42,12.00,12.00,^,0.00,,12.50,8.20,504,0.00,45.0,1,0,0.00,0.00,0.00,12.00,0.00,0.00,0,0,0.00,0,0.00
2026-03-28 18:16:11,1151.00,0,0,0,0,0,0,0,0.99,0,1.00,3.31,2.12,2.68,1.00,D,0.00,12.00,1.24,12.00,12.00,^,0.00,,12.90,8.20,504,0.00,45.0,1,0,0.00,0.00,0.00,12.00,0.00,0.00,0,0,0.00,0,0.00
2026-03-28 18:16:12,1152.01,0,0,0,0,0,0,0,0.00,0,0.00,3.31,2.12,2.43,0.52,D,0.00,12.00,1.30,12.00,12.00,^,0.00,,12.20,8.30,504,0.00,45.0,1,0,0.00,0.00,0.00,12.00,0.00,0.00,0,0,0.00,0,0.00
2026-03-28 18:16:13,1153.03,0,0,0,0,0,0,0,0.00,0,1.00,3.31,2.12,1.42,0.51,D,0.00,12.00,1.13,12.00,12.00,^,0.00,,16.80,8.30,504,0.00,44.4,1,0,0.00,0.00,0.00,12.00,0.00,0.00,0,0,0.00,0,0.00
2026-03-28 18:16:14,1154.04,0,0,0,0,0,0,0,1.00,0,1.00,3.31,2.12,1.08,0.40,D,0.00,1.33,12.00,12.00,12.00,^,0.00,,14.10,8.20,504,0.00,43.3,1,0,0.00,0.00,0.00,1.33,0.00,0.00,0,0,0.00,0,0.00
2026-03-28 18:16:15,1155.05,0,0,0,0,0,0,0,1.00,0,1.00,3.31,2.11,1.35,0.90,D,0.00,2.00,12.00,12.00,12.00,^,0.00,,11.20,8.30,504,0.00,45.0,1,0,0.00,0.00,0.00,2.00,0.00,0.00,0,0,0.00,0,0.00
2026-03-28 18:16:16,1156.07,0,0,0,0,0,0,0,0.00,0,1.00,3.31,2.11,2.74,1.00,D,0.00,12.00,1.82,12.00,12.00,^,0.00,,15.60,8.30,504,0.00,45.5,1,0,0.00,0.00,0.00,12.00,0.00,0.00,0,0,0.00,0,0.00
2026-03-28 18:16:17,1157.08,0,0,0,0,0,0,0,1.00,0,1.00,3.31,2.11,2.58,1.00,D,0.00,1.27,12.00,12.00,12.00,^,0.00,,15.90,8.20,504,0.00,44.4,1,0,0.00,0.00,0.00,1.27,0.00,0.00,0,0,0.00,0,0.00
2026-03-28 18:16:18,1158.09,0,0,0,0,0,0,0,0.00,0,1.00,3.31,2.12,2.51,1.00,D,0.00,1.32,12.00,12.00,12.00,^,0.00,,13.70,8.30,504,0.00,45.0,1,0,0.00,0.00,0.00,1.32,0.00,0.00,0,0,0.00,0,0.00
2026-03-28 18:16:19,1159.09,0,0,0,0,0,0,0,0.00,0,1.00,3.31,2.12,2.57,1.00,D,0.00,1.51,12.00,12.00,12.00,^,0.00,,12.40,8.30,504,0.00,45.0,1,0,0.00,0.00,0.00,1.51,0.00,0.00,0,0,0.00,0,0.00
2026-03-28 18:16:20,1160.10,0,0,0,0,0,0,0,0.00,0,1.00,3.31,2.12,2.78,1.00,D,0.00,1.73,12.00,1.39,12.00,^,0.00,,12.00,8.30,504,0.00,45.0,1,0,0.00,0.00,0.00,1.73,0.00,0.00,0,0,0.00,0,0.00
2026-03-28 18:16:21,1161.11,0,0,0,0,0,0,0,0.00,0,1.00,3.31,2.12,2.31,1.00,D,0.00,12.00,12.00,1.70,12.00,^,0.00,,14.20,8.30,504,0.00,45.5,1,0,0.00,0.00,0.00,12.00,0.00,0.00,0,0,0.00,0,0.00
2026-03-28 18:16:22,1162.13,0,0,0,0,0,0,0,0.00,0,1.00,3.31,2.12,2.80,1.00,D,0.00,1.77,12.00,1.67,12.00,^,0.00,,12.40,8.30,504,0.00,45.0,1,0,0.00,0.00,0.00,1.77,0.00,0.00,0,0,0.00,0,0.00
2026-03-28 18:16:23,1163.14,0,0,0,0,0,0,0,0.14,0,1.00,3.31,2.12,2.66,1.00,D,0.00,12.00,2.64,1.47,12.00,^,0.00,,14.60,8.30,504,0.00,45.5,1,0,0.00,0.00,0.00,12.00,0.00,0.00,0,0,0.00,0,0.00
2026-03-28 18:16:24,1164.15,0,0,0,0,0,0,0,0.13,0,1.00,3.31,2.12,2.71,1.00,D,0.00,12.00,2.61,1.35,2.58,^,0.00,,13.80,8.30,504,0.00,45.5,1,0,0.00,0.00,0.00,12.00,0.00,0.00,0,0,0.00,0,0.00
2026-03-28 18:16:25,1165.16,0,0,0,0,0,0,0,0.41,0,1.00,3.31,2.12,2.45,1.00,D,0.00,12.00,12.00,1.86,12.00,^,0.00,,13.50,8.30,504,0.00,44.4,1,0,0.00,0.00,0.00,12.00,0.00,0.00,0,0,0.00,0,0.00
2026-03-28 18:16:26,1166.18,0,0,0,0,0,0,0,0.00,0,1.00,3.31,2.12,2.73,1.00,D,0.00,12.00,12.00,1.98,12.00,^,0.00,,12.40,8.30,504,0.00,45.5,1,0,0.00,0.00,0.00,12.00,0.00,0.00,0,0,0.00,0,0.00
2026-03-28 18:16:27,1167.19,0,0,0,0,0,0,0,0.00,0,1.00,3.31,2.12,2.72,1.00,D,0.00,12.00,12.00,1.77,12.00,^,0.00,,14.60,8.30,504,0.00,46.1,1,0,0.00,0.00,0.00,12.00,0.00,0.00,0,0,0.00,0,0.00
2026-03-28 18:16:28,1168.20,0,0,0,0,0,0,0,0.00,0,1.00,3.31,2.12,2.90,1.00,D,0.00,1.74,12.00,1.46,12.00,^,0.00,,9.80,8.30,504,0.00,45.0,1,0,0.00,0.00,0.00,1.74,0.00,0.00,0,0,0.00,0,0.00
2026-03-28 18:16:29,1169.20,0,0,0,0,0,0,0,0.00,0,1.00,3.31,2.12,2.75,1.00,D,0.00,12.00,12.00,1.67,12.00,^,0.00,,12.00,8.30,504,0.00,44.4,1,0,0.00,0.00,0.00,12.00,0.00,0.00,0,0,0.00,0,0.00
2026-03-28 18:16:30,1170.22,0,0,0,0,0,0,0,0.76,0,1.00,3.31,2.12,2.67,1.00,D,0.00,12.00,12.00,2.03,12.00,^,0.00,,13.60,8.30,504,0.00,43.9,1,0,0.00,0.00,0.00,12.00,0.00,0.00,0,0,0.00,0,0.00
2026-03-28 18:16:31,1171.23,0,0,0,0,0,0,0,0.00,0,1.00,3.31,2.12,2.49,1.00,D,0.00,12.00,1.92,2.25,12.00,^,0.00,,13.90,8.30,504,0.00,45.0,1,0,0.00,0.00,0.00,12.00,0.00,0.00,0,0,0.00,0,0.00
2026-03-28 18:16:33,1172.25,0,0,0,0,0,0,0,1.00,0,1.00,3.31,2.12,2.78,1.00,D,0.00,12.00,2.21,2.37,2.09,^,0.00,,10.70,8.30,504,0.00,45.0,1,0,0.00,0.00,0.00,12.00,0.00,0.00,0,0,0.00,0,0.00
2026-03-28 18:16:34,1173.26,0,0,0,0,0,0,0,0.00,0,1.00,3.31,2.12,2.52,1.00,D,0.00,12.00,12.00,2.48,2.12,^,0.00,,15.70,8.30,504,0.00,45.0,1,0,0.00,0.00,0.00,12.00,0.00,0.00,0,0,0.00,0,0.00
2026-03-28 18:16:35,1174.27,0,0,0,0,0,0,0,0.00,0,1.00,3.31,2.12,2.79,1.00,D,0.00,12.00,2.33,2.60,2.51,^,0.00,,13.10,8.30,504,0.00,45.5,1,0,0.00,0.00,0.00,12.00,0.00,0.00,0,0,0.00,0,0.00
2026-03-28 18:16:36,1175.28,0,0,0,0,0,0,0,0.00,0,1.00,3.31,2.12,2.73,1.00,D,0.00,12.00,1.97,12.00,12.00,^,0.00,,14.20,8.30,504,0.00,43.9,1,0,0.00,0.00,0.00,12.00,0.00,0.00,0,0,0.00,0,0.00
2026-03-28 18:16:37,1176.29,0,0,0,0,0,0,0,0.00,0,1.00,3.31,2.12,2.33,1.00,D,0.00,1.45,1.16,4.01,1.46,^,0.00,,15.20,8.30,504,0.00,43.9,1,0,0.00,0.00,0.00,1.45,0.00,0.00,0,0,0.00,0,0.00
2026-03-28 18:16:38,1177.31,0,0,0,0,0,0,0,0.77,0,1.00,3.31,2.12,2.63,1.00,D,0.00,12.00,0.96,12.00,1.00,^,0.00,,15.40,8.30,504,0.00,44.4,1,0,0.00,0.00,0.00,12.00,0.00,0.00,0,0,0.00,0,0.00
2026-03-28 18:16:39,1178.31,0,0,0,0,0,0,0,0.58,0,1.00,3.31,2.13,2.77,1.00,D,0.00,12.00,1.42,12.00,1.27,^,0.00,,16.90,8.30,504,0.00,45.5,1,0,0.00,0.00,0.00,12.00,0.00,0.00,0,0,0.00,0,0.00
2026-03-28 18:16:40,1179.32,0,0,0,0,0,0,0,0.60,0,1.00,3.31,2.13,2.59,1.00,D,0.00,12.00,2.29,12.00,1.59,^,0.00,,17.20,8.30,504,0.00,45.0,1,0,0.00,0.00,0.00,12.00,0.00,0.00,0,0,0.00,0,0.00
2026-03-28 18:16:41,1180.33,0,0,0,0,0,0,0,-0.86,0,1.00,3.31,2.13,2.81,1.00,D,0.00,12.00,12.00,12.00,12.00,^,0.00,,14.00,8.30,504,0.00,45.0,1,0,0.00,0.00,0.00,12.00,0.00,0.00,0,0,0.00,0,0.00
2026-03-28 18:16:42,1181.34,0,0,0,0,0,0,0,-0.13,0,1.00,3.31,2.13,2.73,1.00,D,0.00,12.00,12.00,12.00,12.00,^,0.00,,13.60,8.30,504,0.00,44.4,1,0,0.00,0.00,0.00,12.00,0.00,0.00,0,0,0.00,0,0.00
2026-03-28 18:16:43,1182.36,0,0,0,0,0,0,0,0.12,0,1.00,3.31,2.13,2.79,1.00,D,0.00,12.00,12.00,12.00,12.00,^,0.00,,14.20,8.30,504,0.00,44.4,1,0,0.00,0.00,0.00,12.00,0.00,0.00,0,0,0.00,0,0.00
2026-03-28 18:16:44,1183.37,0,0,0,0,0,0,0,0.00,0,1.00,3.31,2.13,2.61,1.00,D,0.00,12.00,12.00,12.00,12.00,^,0.00,,13.60,8.20,504,0.00,45.0,1,0,0.00,0.00,0.00,12.00,0.00,0.00,0,0,0.00,0,0.00
2026-03-28 18:16:45,1184.38,0,0,0,0,0,0,0,0.14,0,1.00,3.31,2.13,2.74,1.00,D,0.00,12.00,12.00,12.00,12.00,^,0.00,,13.20,8.30,504,0.00,46.1,1,0,0.00,0.00,0.00,12.00,0.00,0.00,0,0,0.00,0,0.00
2026-03-28 18:16:46,1185.38,0,0,0,0,0,0,0,0.53,0,1.00,3.31,2.13,2.64,1.00,D,0.00,12.00,12.00,12.00,12.00,^,0.00,,17.00,8.30,504,0.00,45.5,1,0,0.00,0.00,0.00,12.00,0.00,0.00,0,0,0.00,0,0.00
2026-03-28 18:16:47,1186.39,0,0,0,0,0,0,0,0.00,0,1.00,3.31,2.13,2.63,1.00,D,0.00,12.00,12.00,12.00,12.00,^,0.00,,12.50,8.30,504,0.00,43.9,1,0,0.00,0.00,0.00,12.00,0.00,0.00,0,0,0.00,0,0.00
2026-03-28 18:16:48,1187.40,0,0,0,0,0,0,0,0.00,0,1.00,3.31,2.13,2.56,1.00,D,0.00,12.00,12.00,12.00,12.00,^,0.00,,8.70,8.30,504,0.00,45.0,1,0,0.00,0.00,0.00,12.00,0.00,0.00,0,0,0.00,0,0.00
2026-03-28 18:16:49,1188.42,0,0,0,0,0,0,0,-0.25,0,1.00,3.31,2.13,2.60,1.00,D,0.00,12.00,12.00,12.00,12.00,^,0.00,,14.60,8.30,504,0.00,45.5,1,0,0.00,0.00,0.00,12.00,0.00,0.00,0,0,0.00,0,0.00
2026-03-28 18:16:50,1189.43,0,0,0,0,0,0,0,1.00,0,1.00,3.31,2.13,2.61,1.00,D,0.00,3.91,12.00,12.00,12.00,^,0.00,,8.90,8.30,504,0.00,46.1,1,0,0.00,0.00,0.00,3.91,0.00,0.00,0,0,0.00,0,0.00
2026-03-28 18:16:51,1190.44,0,0,0,0,0,0,0,0.00,0,0.00,3.31,2.13,2.34,0.56,D,0.00,12.00,12.00,12.00,12.00,^,0.00,,9.70,8.30,504,0.00,46.1,1,0,0.00,0.00,0.00,12.00,0.00,0.00,0,0,0.00,0,0.00
2026-03-28 18:16:52,1191.47,0,0,0,0,0,0,0,0.00,0,1.00,3.31,2.13,1.13,0.25,D,0.00,12.00,12.00,12.00,12.00,^,0.00,,5.90,8.30,504,0.00,46.1,1,0,0.00,0.00,0.00,12.00,0.00,0.00,0,0,0.00,0,0.00
2026-03-28 18:16:53,1192.45,0,0,0,0,0,0,0,0.00,0,0.00,3.31,2.13,0.51,0.00,D,0.00,12.00,12.00,12.00,12.00,^,0.00,,5.90,8.30,504,0.00,46.6,1,0,0.00,0.00,0.00,12.00,0.00,0.00,0,0,0.00,0,0.00
2026-03-28 18:16:54,1193.47,0,0,0,0,0,0,0,0.00,0,0.00,3.31,2.13,0.00,0.00,D,0.00,12.00,12.00,12.00,9.50,^,0.00,,4.70,8.30,504,0.58,45.5,1,0,0.00,0.00,0.00,12.00,0.00,0.00,0,0,0.00,0,0.00
2026-03-28 18:16:55,1194.48,0,0,0,0,0,0,0,0.00,0,0.00,3.31,2.13,0.00,0.00,D,0.00,12.00,12.00,12.00,9.50,^,0.00,,1.90,8.30,504,1.59,44.4,1,0,0.00,0.00,0.00,12.00,0.00,0.00,0,0,0.00,0,0.00
2026-03-28 18:16:56,1195.49,0,0,0,0,0,0,0,0.00,0,0.00,3.31,2.12,0.00,0.00,D,0.00,12.00,12.00,12.00,9.51,^,0.00,,3.70,8.30,504,2.61,45.0,1,0,0.00,0.00,0.00,12.00,0.00,0.00,0,0,0.00,0,0.00
2026-03-28 18:16:57,1196.50,0,0,0,0,0,0,0,0.00,0,0.00,3.31,2.12,0.00,0.00,D,0.00,12.00,12.00,12.00,12.00,^,0.00,,2.40,8.30,504,3.62,45.0,1,0,0.00,0.00,0.00,12.00,0.00,0.00,0,0,0.00,0,0.00
2026-03-28 18:16:58,1197.50,0,0,0,0,0,0,0,0.00,0,0.00,3.31,2.12,0.00,0.00,D,0.00,12.00,12.00,12.00,9.50,^,0.00,,3.80,8.30,504,4.62,43.9,1,0,0.00,0.00,0.00,12.00,0.00,0.00,0,0,0.00,0,0.00
2026-03-28 18:16:59,1198.52,0,0,0,0,0,0,0,0.00,0,0.00,3.31,2.12,0.00,0.00,D,0.00,12.00,12.00,12.00,9.50,^,0.00,,3.80,8.30,504,5.63,43.9,1,0,0.00,0.00,0.00,12.00,0.00,0.00,0,0,0.00,0,0.00
2026-03-28 18:17:00,1199.53,0,0,0,0,0,0,0,0.00,0,0.00,3.31,2.12,0.00,0.00,D,0.00,12.00,12.00,12.00,9.50,^,0.00,,4.20,8.30,504,6.65,43.9,1,0,0.00,0.00,0.00,12.00,0.00,0.00,0,0,0.00,0,0.00
2026-03-28 18:17:01,1200.54,0,0,0,0,0,0,0,0.00,0,0.00,3.31,2.11,0.00,0.00,D,0.00,12.00,12.00,12.00,9.48,^,0.00,,2.90,8.30,504,7.66,43.3,1,0,0.00,0.00,0.00,12.00,0.00,0.00,0,0,0.00,0,0.00
2026-03-28 18:17:02,1201.56,0,0,0,0,0,0,0,0.00,0,0.00,3.31,2.11,0.00,0.00,D,0.00,12.00,12.00,12.00,9.50,^,0.00,,4.30,8.30,504,8.68,42.8,1,0,0.00,0.00,0.00,12.00,0.00,0.00,0,0,0.00,0,0.00
2026-03-28 18:17:03,1202.57,0,0,0,0,0,0,0,0.00,0,0.00,3.31,2.11,0.00,0.00,D,0.00,12.00,12.00,12.00,9.50,^,0.00,,4.30,8.30,504,9.69,43.3,1,0,0.00,0.00,0.00,12.00,0.00,0.00,0,0,0.00,0,0.00
2026-03-28 18:17:04,1203.58,0,0,0,0,0,0,0,0.00,0,0.00,3.31,2.11,0.00,0.00,D,0.00,12.00,12.00,12.00,9.50,^,0.00,,5.20,8.20,504,10.70,43.9,1,0,0.00,0.00,0.00,12.00,0.00,0.00,0,0,0.00,0,0.00
2026-03-28 18:17:05,1204.59,0,0,0,0,0,0,0,0.00,0,0.00,3.31,2.11,0.00,0.00,D,0.00,12.00,12.00,12.00,9.51,^,0.00,,5.50,8.20,504,11.71,43.9,1,0,0.00,0.00,0.00,12.00,0.00,0.00,0,0,0.00,0,0.00
2026-03-28 18:17:06,1205.60,0,0,0,0,0,0,0,0.00,0,1.00,3.31,2.11,0.00,0.12,D,0.00,2.07,12.00,12.00,12.00,^,0.00,,6.30,8.30,504,12.72,43.9,1,0,0.00,0.00,0.00,2.07,0.00,0.00,0,0,0.00,0,0.00
2026-03-28 18:17:07,1206.61,0,0,0,0,0,0,0,0.78,0,1.00,3.31,2.10,0.22,0.62,D,0.00,2.00,12.00,12.00,12.00,^,0.00,,12.30,8.20,504,0.00,44.4,1,0,0.00,0.00,0.00,2.00,0.00,0.00,0,0,0.00,0,0.00
2026-03-28 18:17:08,1207.63,0,0,0,0,0,0,0,0.40,0,1.00,3.31,2.10,2.32,1.00,D,0.00,1.64,12.00,12.00,9.56,^,0.00,,9.60,8.30,504,0.00,45.5,1,0,0.00,0.00,0.00,1.64,0.00,0.00,0,0,0.00,0,0.00
2026-03-28 18:17:09,1208.64,0,0,0,0,0,0,0,0.61,0,1.00,3.31,2.10,2.39,1.00,D,0.00,12.00,1.04,14.73,12.00,^,0.00,,10.30,8.30,504,0.00,45.0,1,0,0.00,0.00,0.00,12.00,0.00,0.00,0,0,0.00,0,0.00
2026-03-28 18:17:10,1209.65,0,0,0,0,0,0,0,0.00,0,1.00,3.31,2.10,2.64,1.00,D,0.00,12.00,12.00,12.00,1.60,^,0.00,,9.80,8.20,504,0.00,45.0,1,0,0.00,0.00,0.00,12.00,0.00,0.00,0,0,0.00,0,0.00
2026-03-28 18:17:11,1210.67,0,0,0,0,0,0,0,0.00,0,1.00,3.31,2.10,2.26,1.00,D,0.00,12.00,1.78,0.42,1.72,^,0.00,,11.40,8.20,504,0.00,45.0,1,0,0.00,0.00,0.00,12.00,0.00,0.00,0,0,0.00,0,0.00
2026-03-28 18:17:12,1211.68,0,0,0,0,0,0,0,0.99,0,1.00,3.31,2.10,2.59,1.00,D,0.00,12.00,0.97,12.00,12.00,^,0.00,,12.10,8.30,504,0.00,46.1,1,0,0.00,0.00,0.00,12.00,0.00,0.00,0,0,0.00,0,0.00
2026-03-28 18:17:13,1212.69,0,0,0,0,0,0,0,0.00,0,1.00,3.31,2.10,2.84,1.00,D,0.00,12.00,0.90,12.00,1.08,^,0.00,,10.50,8.20,504,0.00,44.4,1,0,0.00,0.00,0.00,12.00,0.00,0.00,0,0,0.00,0,0.00
2026-03-28 18:17:14,1213.71,0,0,0,0,0,0,0,0.00,0,1.00,3.31,2.11,2.82,1.00,D,0.00,12.00,0.83,0.72,0.83,^,0.00,,8.40,8.20,504,0.00,43.9,1,0,0.00,0.00,0.00,12.00,0.00,0.00,0,0,0.00,0,0.00
2026-03-28 18:17:15,1214.72,0,0,0,0,0,0,0,0.00,0,1.00,3.31,2.11,2.83,1.00,D,0.00,12.00,12.00,0.66,0.83,^,0.00,,10.30,8.30,504,0.00,45.5,1,0,0.00,0.00,0.00,12.00,0.00,0.00,0,0,0.00,0,0.00
2026-03-28 18:17:16,1215.74,0,0,0,0,0,0,0,-0.30,0,1.00,3.31,2.11,2.87,1.00,D,0.00,12.00,12.00,1.25,0.97,^,0.00,,12.60,8.20,504,0.00,45.0,1,0,0.00,0.00,0.00,12.00,0.00,0.00,0,0,0.00,0,0.00
2026-03-28 18:17:17,1216.75,0,0,0,0,0,0,0,0.48,0,1.00,3.31,2.11,2.72,1.00,D,0.00,12.00,12.00,1.62,0.61,^,0.00,,13.70,8.20,504,0.00,43.9,1,0,0.00,0.00,0.00,12.00,0.00,0.00,0,0,0.00,0,0.00
2026-03-28 18:17:18,1217.76,0,0,0,0,0,0,0,0.36,0,1.00,3.31,2.11,2.70,1.00,D,0.00,12.00,12.00,0.52,0.70,^,0.00,,15.00,8.30,504,0.00,45.5,1,0,0.00,0.00,0.00,12.00,0.00,0.00,0,0,0.00,0,0.00
2026-03-28 18:17:19,1218.77,0,0,0,0,0,0,0,0.43,0,1.00,3.31,2.11,2.45,1.00,D,0.00,12.00,12.00,1.52,0.96,^,0.00,,14.80,8.30,504,0.00,45.5,1,0,0.00,0.00,0.00,12.00,0.00,0.00,0,0,0.00,0,0.00
2026-03-28 18:17:20,1219.78,0,0,0,0,0,0,0,0.00,0,1.00,3.31,2.11,2.56,1.00,D,0.00,12.00,12.00,2.72,0.75,^,0.00,,12.60,8.30,504,0.00,45.5,1,0,0.00,0.00,0.00,12.00,0.00,0.00,0,0,0.00,0,0.00
2026-03-28 18:17:21,1220.80,0,0,0,0,0,0,0,0.00,0,1.00,3.31,2.11,2.51,1.00,D,0.00,9.54,12.00,12.00,0.45,^,0.00,,14.70,8.30,504,0.00,45.5,1,0,0.00,0.00,0.00,9.54,0.00,0.00,0,0,0.00,0,0.00
2026-03-28 18:17:22,1221.81,0,0,0,0,0,0,0,0.73,0,1.00,3.31,2.11,2.57,1.00,D,0.00,8.46,12.00,12.00,0.69,^,0.00,,14.70,8.30,504,0.00,46.6,1,0,0.00,0.00,0.00,8.46,0.00,0.00,0,0,0.00,0,0.00
2026-03-28 18:17:23,1222.82,0,0,0,0,0,0,0,0.54,0,1.00,3.31,2.11,2.69,1.00,D,0.00,7.41,12.00,12.00,0.57,^,0.00,,12.90,8.30,504,0.00,45.5,1,0,0.00,0.00,0.00,7.41,0.00,0.00,0,0,0.00,0,0.00
2026-03-28 18:17:24,1223.83,0,0,0,0,0,0,0,0.63,0,1.00,3.31,2.11,2.66,1.00,D,0.00,12.00,12.00,12.00,0.78,^,0.00,,13.10,8.30,504,0.00,45.0,1,0,0.00,0.00,0.00,12.00,0.00,0.00,0,0,0.00,0,0.00
2026-03-28 18:17:25,1224.84,0,0,0,0,0,0,0,0.00,0,1.00,3.31,2.11,2.54,1.00,D,0.00,12.00,12.00,12.00,0.73,^,0.00,,12.30,8.30,504,0.00,46.1,1,0,0.00,0.00,0.00,12.00,0.00,0.00,0,0,0.00,0,0.00
2026-03-28 18:17:26,1225.85,0,0,0,0,0,0,0,0.00,0,1.00,3.31,2.11,2.73,1.00,D,0.00,12.00,12.00,12.00,0.82,^,0.00,,11.70,8.30,504,0.00,43.9,1,0,0.00,0.00,0.00,12.00,0.00,0.00,0,0,0.00,0,0.00
2026-03-28 18:17:27,1226.86,0,0,0,0,0,0,0,0.00,0,1.00,3.31,2.11,2.66,1.00,D,0.00,12.00,12.00,12.00,0.90,^,0.00,,14.70,8.20,504,0.00,44.4,1,0,0.00,0.00,0.00,12.00,0.00,0.00,0,0,0.00,0,0.00
2026-03-28 18:17:28,1227.86,0,0,0,0,0,0,0,0.00,0,1.00,3.31,2.11,2.71,1.00,D,0.00,12.00,12.00,12.00,0.74,^,0.00,,12.90,8.30,504,0.00,44.4,1,0,0.00,0.00,0.00,12.00,0.00,0.00,0,0,0.00,0,0.00
2026-03-28 18:17:29,1228.88,0,0,0,0,0,0,0,0.00,0,1.00,3.31,2.11,2.76,1.00,D,0.00,12.00,12.00,12.00,0.67,^,0.00,,14.40,8.30,504,0.00,45.0,1,0,0.00,0.00,0.00,12.00,0.00,0.00,0,0,0.00,0,0.00
2026-03-28 18:17:30,1229.89,0,0,0,0,0,0,0,1.00,0,1.00,3.31,2.11,2.83,1.00,D,0.00,12.00,12.00,12.00,0.86,^,0.00,,14.90,8.20,504,0.00,43.9,1,0,0.00,0.00,0.00,12.00,0.00,0.00,0,0,0.00,0,0.00
2026-03-28 18:17:31,1230.91,0,0,0,0,0,0,0,0.00,0,1.00,3.31,2.11,2.71,1.00,D,0.00,12.00,12.00,12.00,1.02,^,0.00,,12.80,8.30,504,0.00,45.5,1,0,0.00,0.00,0.00,12.00,0.00,0.00,0,0,0.00,0,0.00
2026-03-28 18:17:32,1231.92,0,0,0,0,0,0,0,0.18,0,1.00,3.31,2.11,2.75,1.00,D,0.00,12.00,12.00,12.00,0.92,^,0.00,,14.20,8.30,504,0.00,45.0,1,0,0.00,0.00,0.00,12.00,0.00,0.00,0,0,0.00,0,0.00
2026-03-28 18:17:33,1232.92,0,0,0,0,0,0,0,1.00,0,1.00,3.31,2.11,2.50,1.00,D,0.00,12.00,12.00,12.00,0.76,^,0.00,,13.70,8.30,504,0.00,43.9,1,0,0.00,0.00,0.00,12.00,0.00,0.00,0,0,0.00,0,0.00
2026-03-28 18:17:34,1233.93,0,0,0,0,0,0,0,-0.25,0,1.00,3.31,2.12,2.76,1.00,D,0.00,12.00,12.00,12.00,1.17,^,0.00,,12.80,8.30,504,0.00,44.4,1,0,0.00,0.00,0.00,12.00,0.00,0.00,0,0,0.00,0,0.00
2026-03-28 18:17:35,1234.94,0,0,0,0,0,0,0,0.00,0,1.00,3.31,2.12,2.74,1.00,D,0.00,12.00,12.00,12.00,1.26,^,0.00,,14.30,8.30,504,0.00,43.9,1,0,0.00,0.00,0.00,12.00,0.00,0.00,0,0,0.00,0,0.00
2026-03-28 18:17:36,1235.96,0,0,0,0,0,0,0,0.00,0,1.00,3.31,2.12,2.65,1.00,D,0.00,12.00,1.11,12.00,1.10,^,0.00,,13.00,8.30,504,0.00,43.3,1,0,0.00,0.00,0.00,12.00,0.00,0.00,0,0,0.00,0,0.00
2026-03-28 18:17:37,1236.97,0,0,0,0,0,0,0,0.00,0,1.00,3.31,2.12,2.70,1.00,D,0.00,12.00,0.73,12.00,12.00,^,0.00,,13.10,8.20,504,0.00,43.9,1,0,0.00,0.00,0.00,12.00,0.00,0.00,0,0,0.00,0,0.00
2026-03-28 18:17:38,1237.98,0,0,0,0,0,0,0,0.00,0,1.00,3.31,2.12,2.35,1.00,D,0.00,12.00,12.00,12.00,0.38,^,0.00,,12.80,8.30,504,0.00,45.5,1,0,0.00,0.00,0.00,12.00,0.00,0.00,0,0,0.00,0,0.00
2026-03-28 18:17:39,1239.00,0,0,0,0,0,0,0,0.00,0,1.00,3.31,2.12,2.30,1.00,D,0.00,12.00,12.00,12.00,0.56,^,0.00,,11.60,8.30,504,0.00,45.5,1,0,0.00,0.00,0.00,12.00,0.00,0.00,0,0,0.00,0,0.00
2026-03-28 18:17:40,1240.01,0,0,0,0,0,0,0,0.00,0,1.00,3.31,2.12,2.59,1.00,D,0.00,12.00,12.00,2.21,0.79,^,0.00,,12.00,8.20,504,0.00,45.0,1,0,0.00,0.00,0.00,12.00,0.00,0.00,0,0,0.00,0,0.00
2026-03-28 18:17:41,1241.02,0,0,0,0,0,0,0,0.00,0,1.00,3.31,2.12,2.34,1.00,D,0.00,12.00,0.53,2.16,0.54,^,0.00,,15.40,8.30,504,0.00,45.0,1,0,0.00,0.00,0.00,12.00,0.00,0.00,0,0,0.00,0,0.00
2026-03-28 18:17:42,1242.04,0,0,0,0,0,0,0,0.00,0,1.00,3.31,2.12,2.78,1.00,D,0.00,12.00,0.56,1.73,0.83,^,0.00,,13.90,8.30,504,0.00,45.5,1,0,0.00,0.00,0.00,12.00,0.00,0.00,0,0,0.00,0,0.00
2026-03-28 18:17:43,1243.05,0,0,0,0,0,0,0,0.00,0,1.00,3.31,2.12,2.78,1.00,D,0.00,12.00,0.59,1.71,0.59,^,0.00,,11.50,8.20,504,0.00,43.9,1,0,0.00,0.00,0.00,12.00,0.00,0.00,0,0,0.00,0,0.00
2026-03-28 18:17:44,1244.06,0,0,0,0,0,0,0,0.00,0,1.00,3.31,2.12,2.66,1.00,D,0.00,12.00,12.00,2.19,0.53,^,0.00,,14.30,8.30,504,0.00,44.4,1,0,0.00,0.00,0.00,12.00,0.00,0.00,0,0,0.00,0,0.00
2026-03-28 18:17:45,1245.07,0,0,0,0,0,0,0,0.00,0,1.00,3.31,2.12,2.78,1.00,D,0.00,12.00,12.00,12.00,0.75,^,0.00,,13.40,8.30,504,0.00,43.3,1,0,0.00,0.00,0.00,12.00,0.00,0.00,0,0,0.00,0,0.00
2026-03-28 18:17:46,1246.08,0,0,0,0,0,0,0,0.00,0,1.00,3.31,2.12,2.58,1.00,D,0.00,12.00,12.00,12.00,0.52,^,0.00,,14.20,8.30,504,0.00,44.4,1,0,0.00,0.00,0.00,12.00,0.00,0.00,0,0,0.00,0,0.00
2026-03-28 18:17:47,1247.09,0,0,0,0,0,0,0,0.00,0,1.00,3.31,2.12,2.71,1.00,D,0.00,12.00,12.00,12.00,0.72,^,0.00,,14.80,8.30,504,0.00,45.5,1,0,0.00,0.00,0.00,12.00,0.00,0.00,0,0,0.00,0,0.00
2026-03-28 18:17:48,1248.10,0,0,0,0,0,0,0,1.00,0,1.00,3.31,2.12,2.06,1.00,D,0.00,12.00,12.00,12.00,0.90,^,0.00,,11.50,8.30,504,0.00,46.1,1,0,0.00,0.00,0.00,12.00,0.00,0.00,0,0,0.00,0,0.00
2026-03-28 18:17:49,1249.11,0,0,0,0,0,0,0,0.00,0,1.00,3.31,2.12,2.09,1.00,D,0.00,2.09,12.00,1.14,0.80,^,0.00,,14.90,8.30,504,0.00,44.4,1,0,0.00,0.00,0.00,2.09,0.00,0.00,0,0,0.00,0,0.00
2026-03-28 18:17:50,1250.11,0,0,0,0,0,0,0,0.00,0,1.00,3.31,2.12,2.47,1.00,D,0.00,12.00,12.00,12.00,0.56,^,0.00,,14.10,8.30,504,0.00,43.9,1,0,0.00,0.00,0.00,12.00,0.00,0.00,0,0,0.00,0,0.00
2026-03-28 18:17:51,1251.12,0,0,0,0,0,0,0,1.00,0,1.00,3.31,2.12,2.84,1.00,D,0.00,12.00,12.00,12.00,0.72,^,0.00,,13.70,8.30,504,0.00,45.5,1,0,0.00,0.00,0.00,12.00,0.00,0.00,0,0,0.00,0,0.00
2026-03-28 18:17:52,1252.13,0,0,0,0,0,0,0,0.00,0,1.00,3.31,2.12,2.74,1.00,D,0.00,12.00,12.00,12.00,0.90,^,0.00,,12.60,8.30,504,0.00,45.5,1,0,0.00,0.00,0.00,12.00,0.00,0.00,0,0,0.00,0,0.00
2026-03-28 18:17:53,1253.15,0,0,0,0,0,0,0,0.00,0,1.00,3.31,2.12,2.49,1.00,D,0.00,12.00,12.00,12.00,0.71,^,0.00,,13.30,8.20,504,0.00,45.5,1,0,0.00,0.00,0.00,12.00,0.00,0.00,0,0,0.00,0,0.00
2026-03-28 18:17:54,1254.16,0,0,0,0,0,0,0,0.00,0,1.00,3.31,2.12,2.63,1.00,D,0.00,12.00,12.00,12.00,0.61,^,0.00,,13.40,8.30,504,0.00,45.5,1,0,0.00,0.00,0.00,12.00,0.00,0.00,0,0,0.00,0,0.00
2026-03-28 18:17:55,1255.17,0,0,0,0,0,0,0,1.00,0,1.00,3.31,2.12,2.85,1.00,D,0.00,12.00,12.00,12.00,0.79,^,0.00,,12.10,8.30,504,0.00,45.0,1,0,0.00,0.00,0.00,12.00,0.00,0.00,0,0,0.00,0,0.00
2026-03-28 18:17:56,1256.19,0,0,0,0,0,0,0,0.00,0,1.00,3.31,2.12,2.79,1.00,D,0.00,12.00,12.00,12.00,0.82,^,0.00,,8.70,8.30,504,0.00,44.4,1,0,0.00,0.00,0.00,12.00,0.00,0.00,0,0,0.00,0,0.00
2026-03-28 18:17:57,1257.20,0,0,0,0,0,0,0,1.00,0,1.00,3.31,2.12,2.76,1.00,D,0.00,12.00,12.00,12.00,0.69,^,0.00,,11.80,8.20,504,0.00,45.5,1,0,0.00,0.00,0.00,12.00,0.00,0.00,0,0,0.00,0,0.00
2026-03-28 18:17:58,1258.21,0,0,0,0,0,0,0,0.00,0,1.00,3.31,2.13,2.76,1.00,D,0.00,12.00,12.00,12.00,0.63,^,0.00,,14.00,8.30,504,0.00,45.5,1,0,0.00,0.00,0.00,12.00,0.00,0.00,0,0,0.00,0,0.00
2026-03-28 18:17:59,1259.23,0,0,0,0,0,0,0,0.70,0,1.00,3.31,2.13,2.84,1.00,D,0.00,12.00,12.00,12.00,0.67,^,0.00,,11.50,8.30,504,0.00,45.0,1,0,0.00,0.00,0.00,12.00,0.00,0.00,0,0,0.00,0,0.00
2026-03-28 18:18:01,1260.24,0,0,0,0,0,0,0,1.00,0,1.00,3.31,2.13,2.88,1.00,D,0.00,12.00,12.00,12.00,0.89,^,0.00,,14.60,8.30,504,0.00,45.5,1,0,0.00,0.00,0.00,12.00,0.00,0.00,0,0,0.00,0,0.00
2026-03-28 18:18:02,1261.25,0,0,0,0,0,0,0,0.00,0,1.00,3.31,2.13,2.41,1.00,D,0.00,12.00,12.00,12.00,0.82,^,0.00,,14.60,8.30,504,0.00,45.5,1,0,0.00,0.00,0.00,12.00,0.00,0.00,0,0,0.00,0,0.00
2026-03-28 18:18:03,1262.26,0,0,0,0,0,0,0,1.00,0,1.00,3.31,2.13,2.48,1.00,D,0.00,12.00,12.00,12.00,0.69,^,0.00,,11.20,8.30,504,0.00,44.4,1,0,0.00,0.00,0.00,12.00,0.00,0.00,0,0,0.00,0,0.00
2026-03-28 18:18:04,1263.27,0,0,0,0,0,0,0,0.00,0,1.00,3.31,2.13,2.80,1.00,D,0.00,12.00,12.00,12.00,0.53,^,0.00,,11.90,8.30,504,0.00,45.5,1,0,0.00,0.00,0.00,12.00,0.00,0.00,0,0,0.00,0,0.00
2026-03-28 18:18:05,1264.28,0,0,0,0,0,0,0,0.00,0,1.00,3.31,2.13,2.94,1.00,D,0.00,12.00,12.00,12.00,0.63,^,0.00,,10.20,8.30,504,0.00,46.1,1,0,0.00,0.00,0.00,12.00,0.00,0.00,0,0,0.00,0,0.00
2026-03-28 18:18:06,1265.30,0,0,0,0,0,0,0,1.00,0,1.00,3.31,2.13,2.91,1.00,D,0.00,12.00,12.00,12.00,0.64,^,0.00,,14.10,8.30,504,0.00,45.5,1,0,0.00,0.00,0.00,12.00,0.00,0.00,0,0,0.00,0,0.00
2026-03-28 18:18:07,1266.31,0,0,0,0,0,0,0,0.42,0,1.00,3.31,2.13,2.73,1.00,D,0.00,12.00,12.00,12.00,0.69,^,0.00,,14.70,8.30,504,0.00,46.6,1,0,0.00,0.00,0.00,12.00,0.00,0.00,0,0,0.00,0,0.00
2026-03-28 18:18:08,1267.31,0,0,0,0,0,0,0,0.00,0,1.00,3.31,2.13,2.81,1.00,D,0.00,12.00,12.00,12.00,0.61,^,0.00,,14.80,8.20,504,0.00,45.0,1,0,0.00,0.00,0.00,12.00,0.00,0.00,0,0,0.00,0,0.00
2026-03-28 18:18:09,1268.33,0,0,0,0,0,0,0,0.00,0,1.00,3.31,2.13,2.71,1.00,D,0.00,12.00,12.00,12.00,0.72,^,0.00,,13.50,8.30,504,0.00,44.4,1,0,0.00,0.00,0.00,12.00,0.00,0.00,0,0,0.00,0,0.00
2026-03-28 18:18:10,1269.34,0,0,0,0,0,0,0,0.76,0,1.00,3.31,2.13,3.13,1.00,D,0.00,12.00,12.00,12.00,0.88,^,0.00,,14.20,8.30,504,0.00,44.4,1,0,0.00,0.00,0.00,12.00,0.00,0.00,0,0,0.00,0,0.00
2026-03-28 18:18:11,1270.35,0,0,0,0,0,0,0,1.00,0,1.00,3.31,2.13,2.90,1.00,D,0.00,12.00,12.00,12.00,0.82,^,0.00,,16.30,8.30,504,0.00,46.1,1,0,0.00,0.00,0.00,12.00,0.00,0.00,0,0,0.00,0,0.00
2026-03-28 18:18:12,1271.35,0,0,0,0,0,0,0,1.00,0,1.00,3.31,2.13,2.92,1.00,D,0.00,12.00,12.00,12.00,0.69,^,0.00,,15.80,8.30,504,0.00,45.5,1,0,0.00,0.00,0.00,12.00,0.00,0.00,0,0,0.00,0,0.00
2026-03-28 18:18:13,1272.36,0,0,0,0,0,0,0,0.00,0,1.00,3.31,2.13,2.74,1.00,D,0.00,12.00,12.00,12.00,0.55,^,0.00,,14.60,8.30,504,0.00,44.4,1,0,0.00,0.00,0.00,12.00,0.00,0.00,0,0,0.00,0,0.00
2026-03-28 18:18:14,1273.37,0,0,0,0,0,0,0,0.00,0,1.00,3.31,2.13,2.87,1.00,D,0.00,12.00,12.00,12.00,0.45,^,0.00,,11.10,8.30,504,0.00,45.5,1,0,0.00,0.00,0.00,12.00,0.00,0.00,0,0,0.00,0,0.00
2026-03-28 18:18:15,1274.39,0,0,0,0,0,0,0,0.00,0,1.00,3.31,2.13,2.77,1.00,D,0.00,12.00,12.00,12.00,0.53,^,0.00,,15.90,8.30,504,0.00,44.4,1,0,0.00,0.00,0.00,12.00,0.00,0.00,0,0,0.00,0,0.00
2026-03-28 18:18:16,1275.40,0,0,0,0,0,0,0,0.00,0,1.00,3.31,2.13,2.82,1.00,D,0.00,12.00,12.00,12.00,0.77,^,0.00,,8.20,8.20,504,0.00,44.4,1,0,0.00,0.00,0.00,12.00,0.00,0.00,0,0,0.00,0,0.00
2026-03-28 18:18:17,1276.42,0,0,0,0,0,0,0,0.00,0,1.00,3.31,2.13,2.77,1.00,D,0.00,12.00,12.00,12.00,0.70,^,0.00,,8.60,8.20,504,0.00,45.5,1,0,0.00,0.00,0.00,12.00,0.00,0.00,0,0,0.00,0,0.00
2026-03-28 18:18:18,1277.43,0,0,0,0,0,0,0,0.00,0,1.00,3.31,2.14,2.55,1.00,D,0.00,12.00,12.00,12.00,0.56,^,0.00,,10.40,8.20,504,0.00,43.9,1,0,0.00,0.00,0.00,12.00,0.00,0.00,0,0,0.00,0,0.00
2026-03-28 18:18:19,1278.44,0,0,0,0,0,0,0,0.00,0,1.00,3.31,2.14,2.61,1.00,D,0.00,12.00,12.00,12.00,0.48,^,0.00,,10.20,8.30,504,0.00,45.5,1,0,0.00,0.00,0.00,12.00,0.00,0.00,0,0,0.00,0,0.00
2026-03-28 18:18:20,1279.45,0,0,0,0,0,0,0,0.00,0,1.00,3.31,2.14,2.76,1.00,D,0.00,12.00,12.00,12.00,0.60,^,0.00,,10.60,8.30,504,0.00,45.0,1,0,0.00,0.00,0.00,12.00,0.00,0.00,0,0,0.00,0,0.00
2026-03-28 18:18:21,1280.45,0,0,0,0,0,0,0,0.00,0,1.00,3.31,2.14,2.84,1.00,D,0.00,12.00,12.00,12.00,0.79,^,0.00,,11.90,8.30,504,0.00,44.4,1,0,0.00,0.00,0.00,12.00,0.00,0.00,0,0,0.00,0,0.00
2026-03-28 18:18:22,1281.47,0,0,0,0,0,0,0,0.00,0,1.00,3.31,2.14,2.64,1.00,D,0.00,12.00,12.00,12.00,0.67,^,0.00,,11.50,8.30,504,0.00,45.5,1,0,0.00,0.00,0.00,12.00,0.00,0.00,0,0,0.00,0,0.00
2026-03-28 18:18:23,1282.48,0,0,0,0,0,0,0,0.00,0,1.00,3.31,2.14,2.70,1.00,D,0.00,12.00,12.00,12.00,0.61,^,0.00,,8.90,8.30,504,0.00,45.5,1,0,0.00,0.00,0.00,12.00,0.00,0.00,0,0,0.00,0,0.00
2026-03-28 18:18:24,1283.50,0,0,0,0,0,0,0,0.72,0,1.00,3.31,2.14,2.86,1.00,D,0.00,12.00,12.00,12.00,0.75,^,0.00,,12.50,8.30,504,0.00,45.0,1,0,0.00,0.00,0.00,12.00,0.00,0.00,0,0,0.00,0,0.00
2026-03-28 18:18:25,1284.51,0,0,0,0,0,0,0,0.00,0,1.00,3.31,2.14,2.75,1.00,D,0.00,12.00,12.00,12.00,0.93,^,0.00,,9.80,8.30,504,0.00,45.5,1,0,0.00,0.00,0.00,12.00,0.00,0.00,0,0,0.00,0,0.00
2026-03-28 18:18:26,1285.53,0,0,0,0,0,0,0,0.00,0,1.00,3.31,2.14,2.82,1.00,D,0.00,12.00,12.00,2.40,0.99,^,0.00,,7.90,8.30,504,0.00,45.5,1,0,0.00,0.00,0.00,12.00,0.00,0.00,0,0,0.00,0,0.00
2026-03-28 18:18:27,1286.54,0,0,0,0,0,0,0,0.00,0,1.00,3.31,2.14,2.79,1.00,D,0.00,12.00,12.00,12.00,0.87,^,0.00,,10.30,8.30,504,0.00,44.4,1,0,0.00,0.00,0.00,12.00,0.00,0.00,0,0,0.00,0,0.00
2026-03-28 18:18:28,1287.55,0,0,0,0,0,0,0,0.00,0,1.00,3.31,2.14,2.71,1.00,D,0.00,12.00,12.00,12.00,0.66,^,0.00,,13.00,8.30,504,0.00,46.1,1,0,0.00,0.00,0.00,12.00,0.00,0.00,0,0,0.00,0,0.00
2026-03-28 18:18:29,1288.56,0,0,0,0,0,0,0,0.27,0,1.00,3.31,2.14,2.77,1.00,D,0.00,12.00,12.00,12.00,0.50,^,0.00,,11.90,8.30,504,0.00,46.1,1,0,0.00,0.00,0.00,12.00,0.00,0.00,0,0,0.00,0,0.00
2026-03-28 18:18:30,1289.57,0,0,0,0,0,0,0,0.00,0,1.00,3.31,2.14,2.73,1.00,D,0.00,12.00,12.00,12.00,0.46,^,0.00,,9.80,8.30,504,0.00,43.9,1,0,0.00,0.00,0.00,12.00,0.00,0.00,0,0,0.00,0,0.00
2026-03-28 18:18:31,1290.58,0,0,0,0,0,0,0,0.00,0,1.00,3.31,2.14,2.72,1.00,D,0.00,12.00,12.00,12.00,0.64,^,0.00,,10.20,8.30,504,0.00,46.1,1,0,0.00,0.00,0.00,12.00,0.00,0.00,0,0,0.00,0,0.00
2026-03-28 18:18:32,1291.59,0,0,0,0,0,0,0,0.20,0,1.00,3.31,2.14,2.88,1.00,D,0.00,12.00,12.00,12.00,0.73,^,0.00,,11.20,8.20,504,0.00,44.4,1,0,0.00,0.00,0.00,12.00,0.00,0.00,0,0,0.00,0,0.00
2026-03-28 18:18:33,1292.61,0,0,0,0,0,0,0,0.00,0,1.00,3.31,2.14,2.90,1.00,D,0.00,12.00,12.00,2.35,0.60,^,0.00,,11.00,8.30,504,0.00,45.0,1,0,0.00,0.00,0.00,12.00,0.00,0.00,0,0,0.00,0,0.00
2026-03-28 18:18:34,1293.61,0,0,0,0,0,0,0,0.00,0,1.00,3.31,2.14,2.56,1.00,D,0.00,12.00,12.00,12.00,0.66,^,0.00,,11.50,8.30,504,0.00,46.1,1,0,0.00,0.00,0.00,12.00,0.00,0.00,0,0,0.00,0,0.00
2026-03-28 18:18:35,1294.62,0,0,0,0,0,0,0,1.00,0,1.00,3.31,2.14,2.81,1.00,D,0.00,12.00,12.00,12.00,0.83,^,0.00,,9.30,8.20,504,0.00,45.0,1,0,0.00,0.00,0.00,12.00,0.00,0.00,0,0,0.00,0,0.00
2026-03-28 18:18:36,1295.63,0,1,0,0,0,0,0,0.00,0,0.00,3.31,2.14,2.81,0.86,D,2.77,12.00,12.00,2.15,0.79,^,0.00,,8.50,8.20,504,0.00,44.4,1,0,-0.02,0.00,0.00,12.00,0.00,0.00,0,0,0.00,0,0.00
2026-03-28 18:18:37,1296.65,0,1,0,0,0,0,0,0.50,0,0.00,3.31,2.14,2.06,0.37,D,2.77,12.00,12.00,2.22,0.61,^,0.00,,11.50,8.30,504,0.00,44.4,1,0,0.38,0.00,0.00,12.00,0.00,0.00,0,0,0.00,0,0.00
2026-03-28 18:18:38,1297.66,0,1,0,0,0,0,0,1.00,0,0.00,3.31,2.14,1.74,0.63,D,2.77,12.00,12.00,12.00,0.45,^,0.00,,9.60,8.30,504,0.00,45.5,1,0,0.63,0.00,0.00,12.00,0.00,0.00,0,0,0.00,0,0.00
2026-03-28 18:18:39,1298.67,0,1,0,0,0,0,0,0.17,0,0.00,3.31,2.14,1.86,0.66,D,2.77,12.00,12.00,12.00,0.57,^,0.00,,14.10,8.30,504,0.00,45.5,1,0,0.66,0.00,0.00,12.00,0.00,0.00,0,0,0.00,0,0.00
2026-03-28 18:18:40,1299.68,0,0,0,0,0,0,0,0.00,0,1.00,3.31,2.14,1.86,0.79,D,2.77,12.00,12.00,2.64,0.54,^,0.00,,11.10,8.30,504,0.00,45.5,1,0,0.00,0.00,0.00,12.00,0.00,0.00,0,0,0.00,0,0.00
2026-03-28 18:18:41,1300.69,0,0,0,0,0,0,0,0.00,0,1.00,3.31,2.14,2.43,1.00,D,2.77,12.00,12.00,2.21,0.68,^,0.00,,13.40,8.30,504,0.00,44.4,1,0,0.00,0.00,0.00,12.00,0.00,0.00,0,0,0.00,0,0.00
2026-03-28 18:18:42,1301.70,0,0,0,0,0,0,0,0.00,0,1.00,3.31,2.14,2.71,1.00,D,2.77,12.00,12.00,1.96,1.07,^,0.00,,12.00,8.30,504,0.00,46.1,1,0,0.00,0.00,0.00,12.00,0.00,0.00,0,0,0.00,0,0.00
2026-03-28 18:18:43,1302.71,0,0,0,0,0,0,0,0.00,0,1.00,3.31,2.14,2.74,1.00,D,2.77,12.00,12.00,2.43,0.97,^,0.00,,10.30,8.30,504,0.00,46.1,1,0,0.00,0.00,0.00,12.00,0.00,0.00,0,0,0.00,0,0.00
2026-03-28 18:18:44,1303.72,0,0,0,0,0,0,0,0.27,0,1.00,3.31,2.14,2.93,1.00,D,2.77,12.00,12.00,12.00,0.88,^,0.00,,10.40,8.20,504,0.00,45.5,1,0,0.00,0.00,0.00,12.00,0.00,0.00,0,0,0.00,0,0.00
2026-03-28 18:18:45,1304.73,0,1,0,0,0,0,0,0.00,0,1.00,3.31,2.15,2.62,0.81,D,2.51,12.00,12.00,12.00,0.91,^,0.00,,11.90,8.20,504,0.00,45.0,1,0,-0.06,0.00,0.00,12.00,0.00,0.00,0,0,0.00,0,0.00
2026-03-28 18:18:46,1305.74,0,1,0,0,0,0,0,1.00,0,0.00,3.31,2.15,1.74,0.34,D,2.51,12.00,12.00,12.00,0.73,^,0.00,,8.90,8.30,504,0.00,46.1,1,0,0.39,0.00,0.00,12.00,0.00,0.00,0,0,0.00,0,0.00
2026-03-28 18:18:47,1306.74,0,1,0,0,0,0,0,0.00,0,0.00,3.31,2.14,1.47,0.62,D,2.51,12.00,12.00,12.00,0.51,^,0.00,,12.30,8.30,504,0.00,45.5,1,0,0.62,0.00,0.00,12.00,0.00,0.00,0,0,0.00,0,0.00
2026-03-28 18:18:48,1307.75,0,1,0,0,0,0,0,0.00,0,0.00,3.31,2.14,1.65,0.61,D,2.51,12.00,12.00,12.00,0.52,^,0.00,,11.90,8.20,504,0.00,45.5,1,0,0.61,0.00,0.00,12.00,0.00,0.00,0,0,0.00,0,0.00
2026-03-28 18:18:49,1308.77,0,1,0,0,0,0,0,0.91,0,0.00,3.31,2.14,1.58,0.72,D,2.51,12.00,12.00,12.00,0.58,^,0.00,,13.90,8.30,504,0.00,45.5,1,0,0.72,0.00,0.00,12.00,0.00,0.00,0,0,0.00,0,0.00
2026-03-28 18:18:50,1309.77,0,1,0,0,0,0,0,0.00,0,0.00,3.31,2.14,1.76,0.71,D,2.51,12.00,12.00,12.00,0.53,^,0.00,,4.30,8.30,504,0.00,46.6,1,0,0.71,0.00,0.00,12.00,0.00,0.00,0,0,0.00,0,0.00
2026-03-28 18:18:51,1310.78,0,0,0,0,0,0,0,0.00,0,0.17,3.31,2.14,1.87,0.69,D,2.51,12.00,12.00,12.00,0.50,^,0.00,,3.60,8.30,504,0.00,45.0,1,0,0.00,0.00,0.00,12.00,0.00,0.00,0,0,0.00,0,0.00
2026-03-28 18:18:52,1311.79,0,0,0,0,0,0,0,0.00,0,1.00,3.31,2.14,2.62,1.00,D,2.51,12.00,12.00,12.00,0.68,^,0.00,,5.00,8.30,504,0.00,46.1,1,0,0.00,0.00,0.00,12.00,0.00,0.00,0,0,0.00,0,0.00
2026-03-28 18:18:53,1312.80,0,0,0,0,0,0,0,0.00,0,1.00,3.31,2.14,2.52,1.00,D,2.51,12.00,12.00,12.00,0.74,^,0.00,,5.50,8.30,504,0.00,45.0,1,0,0.00,0.00,0.00,12.00,0.00,0.00,0,0,0.00,0,0.00
2026-03-28 18:18:54,1313.82,0,1,0,0,0,0,0,0.00,0,1.00,3.31,2.14,2.90,0.98,D,2.90,12.00,12.00,12.00,0.70,^,0.00,,9.80,8.30,504,0.00,46.1,1,0,-0.01,0.00,0.00,12.00,0.00,0.00,0,0,0.00,0,0.00
2026-03-28 18:18:55,1314.83,0,1,0,0,0,0,0,0.78,0,1.00,3.31,2.14,1.83,0.55,D,2.90,12.00,2.38,12.00,0.52,^,0.00,,11.90,8.30,504,0.00,44.4,1,0,0.55,0.00,0.00,12.00,0.00,0.00,0,0,0.00,0,0.00
2026-03-28 18:18:56,1315.85,0,0,0,0,0,0,0,0.00,0,1.00,3.31,2.14,1.73,1.00,D,2.90,12.00,2.08,2.50,0.55,^,0.00,,14.40,8.30,504,0.00,44.4,1,0,0.00,0.00,0.00,12.00,0.00,0.00,0,0,0.00,0,0.00
2026-03-28 18:18:57,1316.95,0,0,0,0,0,0,0,0.00,0,1.00,3.31,2.14,2.49,1.00,D,2.90,12.00,12.00,1.71,0.71,^,0.00,,15.30,8.30,504,0.00,46.1,1,0,0.00,0.00,0.00,12.00,0.00,0.00,0,0,0.00,0,0.00
2026-03-28 18:18:58,1317.85,0,1,0,0,0,0,0,1.00,0,1.00,3.31,2.14,2.48,0.68,D,2.72,12.00,2.21,12.00,0.65,^,0.00,,14.20,8.30,504,0.00,46.1,1,0,0.11,0.00,0.00,12.00,0.00,0.00,0,0,0.00,0,0.00
2026-03-28 18:18:59,1318.86,0,1,0,0,0,0,0,0.31,0,0.00,3.31,2.14,1.19,0.58,D,2.72,12.00,1.80,12.00,0.69,^,0.00,,12.50,8.30,504,0.00,46.1,1,0,0.82,0.00,0.00,12.00,0.00,0.00,0,0,0.00,0,0.00
2026-03-28 18:19:00,1319.87,0,1,0,0,0,0,0,0.00,0,0.00,3.31,2.14,1.71,0.68,D,2.72,12.00,2.19,12.00,0.41,^,0.00,,16.30,8.30,504,0.00,45.0,1,0,0.68,0.00,0.00,12.00,0.00,0.00,0,0,0.00,0,0.00
2026-03-28 18:19:01,1320.88,0,1,0,0,0,0,0,0.00,0,0.00,3.31,2.14,1.81,0.71,D,2.72,12.00,12.00,12.00,0.30,^,0.00,,13.10,8.30,504,0.00,45.5,1,0,0.71,0.00,0.00,12.00,0.00,0.00,0,0,0.00,0,0.00
2026-03-28 18:19:02,1321.88,0,1,0,0,0,0,0,0.00,0,0.00,3.31,2.14,1.93,0.72,D,2.72,12.00,12.00,12.00,0.61,^,0.00,,14.90,8.30,504,0.00,45.5,1,0,0.72,0.00,0.00,12.00,0.00,0.00,0,0,0.00,0,0.00
2026-03-28 18:19:03,1322.89,0,1,0,0,0,0,0,1.00,0,0.00,3.31,2.14,1.93,0.79,D,2.72,12.00,1.77,12.00,0.73,^,0.00,,14.30,8.30,504,0.00,45.5,1,0,0.79,0.00,0.00,12.00,0.00,0.00,0,0,0.00,0,0.00
2026-03-28 18:19:04,1323.91,0,1,0,0,0,0,0,0.91,0,0.00,3.31,2.14,2.21,0.71,D,2.72,12.00,1.62,12.00,0.63,^,0.00,,15.10,8.20,504,0.00,45.5,1,0,0.71,0.00,0.00,12.00,0.00,0.00,0,0,0.00,0,0.00
2026-03-28 18:19:05,1324.92,0,1,0,0,0,0,0,0.00,0,0.00,3.31,2.14,2.13,0.81,D,2.72,12.00,1.77,12.00,0.34,^,0.00,,13.60,8.20,504,0.00,45.5,1,0,0.81,0.00,0.00,12.00,0.00,0.00,0,0,0.00,0,0.00
2026-03-28 18:19:06,1325.93,0,1,0,0,0,0,0,0.00,0,0.00,3.31,2.14,2.20,0.82,D,2.72,12.00,1.75,12.00,0.52,^,0.00,,14.50,8.20,504,0.00,45.0,1,0,0.82,0.00,0.00,12.00,0.00,0.00,0,0,0.00,0,0.00
2026-03-28 18:19:07,1326.94,0,1,0,0,0,0,0,0.22,0,0.00,3.31,2.14,2.15,0.89,D,2.72,12.00,1.67,12.00,0.67,^,0.00,,15.10,8.30,504,0.00,45.5,1,0,0.89,0.00,0.00,12.00,0.00,0.00,0,0,0.00,0,0.00
2026-03-28 18:19:08,1327.94,0,1,0,0,0,0,0,0.00,0,0.00,3.31,2.14,2.44,0.79,D,2.72,12.00,12.00,12.00,0.72,^,0.00,,14.40,8.30,504,0.00,45.0,1,0,0.79,0.00,0.00,12.00,0.00,0.00,0,0,0.00,0,0.00
2026-03-28 18:19:09,1328.95,0,1,0,0,0,0,0,0.25,0,0.00,3.31,2.14,2.30,0.89,D,2.72,12.00,1.58,12.00,0.78,^,0.00,,13.90,8.30,504,0.00,45.5,1,0,0.89,0.00,0.00,12.00,0.00,0.00,0,0,0.00,0,0.00
2026-03-28 18:19:10,1329.97,0,1,0,0,0,0,0,0.00,0,0.00,3.31,2.14,2.29,0.94,D,2.72,12.00,2.16,12.00,0.63,^,0.00,,15.60,8.30,504,0.00,45.5,1,0,0.94,0.00,0.00,12.00,0.00,0.00,0,0,0.00,0,0.00
2026-03-28 18:19:11,1330.98,0,1,0,0,0,0,0,0.00,0,0.00,3.31,2.14,2.44,0.89,D,2.72,12.00,1.90,7.64,0.79,^,0.00,,16.30,8.30,504,0.00,45.5,1,0,0.89,0.00,0.00,12.00,0.00,0.00,0,0,0.00,0,0.00
2026-03-28 18:19:12,1331.99,0,1,0,0,0,0,0,0.00,0,0.00,3.31,2.14,2.28,0.97,D,2.72,12.00,2.27,12.00,0.85,^,0.00,,15.90,8.30,504,0.00,46.1,1,0,1.00,0.00,0.00,12.00,0.00,0.00,0,0,0.00,0,0.00
2026-03-28 18:19:13,1333.00,0,0,0,0,0,0,0,0.00,1,0.00,3.31,2.14,2.33,0.00,D,2.72,12.00,2.72,12.00,0.82,^,0.00,,14.00,8.30,504,0.00,45.5,1,0,0.00,0.00,0.00,12.00,0.00,0.00,0,0,0.00,0,0.00
2026-03-28 18:19:14,1334.02,0,0,0,0,0,0,0,0.00,0,0.00,3.31,2.14,1.17,0.00,D,2.72,12.00,1.80,12.00,0.88,^,0.00,,12.90,8.30,504,0.00,44.4,1,0,0.00,0.00,0.00,12.00,0.00,0.00,0,0,0.00,0,0.00
2026-03-28 18:19:15,1335.03,0,0,0,0,0,0,0,0.00,0,0.00,3.31,2.14,0.34,0.00,D,2.72,12.00,1.65,12.00,0.68,^,0.00,,13.40,8.30,504,0.01,44.4,1,0,0.00,0.00,0.00,12.00,0.00,0.00,0,0,0.00,0,0.00
2026-03-28 18:19:16,1336.04,0,0,0,0,0,0,0,0.00,0,0.00,3.31,2.14,0.00,0.00,D,2.72,12.00,1.65,12.00,0.59,^,0.00,,11.60,8.30,504,0.78,43.9,1,0,0.00,0.00,0.00,12.00,0.00,0.00,0,0,0.00,0,0.00
2026-03-28 18:19:17,1337.06,0,0,0,0,0,0,0,0.00,0,0.00,3.31,2.14,0.00,0.00,D,2.72,12.00,1.65,12.00,0.59,^,0.00,,11.30,8.30,504,1.79,45.0,1,0,0.00,0.00,0.00,12.00,0.00,0.00,0,0,0.00,0,0.00
2026-03-28 18:19:18,1338.07,0,0,0,0,0,0,0,0.00,0,0.00,3.31,2.14,0.00,0.00,D,2.72,12.00,1.66,12.00,0.59,^,0.00,,11.50,8.30,504,2.80,43.9,1,0,0.00,0.00,0.00,12.00,0.00,0.00,0,0,0.00,0,0.00
2026-03-28 18:19:19,1339.08,0,0,0,0,0,0,0,0.00,0,0.00,3.31,2.14,0.00,0.00,D,2.72,12.00,1.66,12.00,0.59,^,0.00,,12.50,8.20,504,3.82,44.4,1,0,0.00,0.00,0.00,12.00,0.00,0.00,0,0,0.00,0,0.00
2026-03-28 18:19:20,1340.09,0,0,0,0,0,0,0,0.00,0,0.00,3.31,2.13,0.00,0.00,D,2.72,12.00,1.66,12.00,0.59,^,0.00,,11.60,8.20,504,4.83,43.3,1,0,0.00,0.00,0.00,12.00,0.00,0.00,0,0,0.00,0,0.00
2026-03-28 18:19:21,1341.10,0,0,0,0,0,0,0,0.00,0,0.00,3.31,2.13,0.00,0.00,D,2.72,12.00,1.65,12.00,0.60,^,0.00,,11.80,8.30,504,5.84,42.8,1,0,0.00,0.00,0.00,12.00,0.00,0.00,0,0,0.00,0,0.00
2026-03-28 18:19:22,1342.11,0,0,0,0,0,0,0,0.00,0,0.00,3.31,2.13,0.00,0.00,D,2.72,12.00,1.65,12.00,0.59,^,0.00,,11.80,8.30,504,6.85,44.4,1,0,0.00,0.00,0.00,12.00,0.00,0.00,0,0,0.00,0,0.00
2026-03-28 18:19:23,1343.13,0,0,0,0,0,0,0,0.00,0,0.00,3.31,2.13,0.00,0.00,D,2.72,12.00,1.65,12.00,0.59,^,0.00,,12.00,8.20,504,7.86,43.9,1,0,0.00,0.00,0.00,12.00,0.00,0.00,0,0,0.00,0,0.00
2026-03-28 18:19:24,1344.14,0,0,0,0,0,0,0,0.00,0,0.00,3.31,2.13,0.00,0.00,D,2.72,12.00,1.66,12.00,0.59,^,0.00,,11.80,8.20,504,8.87,44.4,1,0,0.00,0.00,0.00,12.00,0.00,0.00,0,0,0.00,0,0.00
2026-03-28 18:19:25,1345.15,0,0,0,0,0,0,0,0.00,0,0.00,3.31,2.13,0.00,0.00,D,2.72,12.00,1.66,12.00,0.59,^,0.00,,11.20,8.30,504,9.89,42.8,1,0,0.00,0.00,0.00,12.00,0.00,0.00,0,0,0.00,0,0.00
2026-03-28 18:19:26,1346.16,0,0,0,0,0,0,0,0.00,0,0.00,3.31,2.12,0.00,0.00,D,2.72,12.00,1.66,12.00,0.59,^,0.00,,10.70,8.30,504,10.90,43.9,1,0,0.00,0.00,0.00,12.00,0.00,0.00,0,0,0.00,0,0.00
2026-03-28 18:19:27,1347.17,0,0,0,0,0,0,0,0.00,0,0.00,3.31,2.12,0.00,0.00,D,2.72,12.00,1.66,12.00,0.60,^,0.00,,12.10,8.30,504,11.91,42.8,1,0,0.00,0.00,0.00,12.00,0.00,0.00,0,0,0.00,0,0.00
2026-03-28 18:19:28,1348.18,0,0,0,0,0,0,0,0.00,0,0.00,3.31,2.12,0.00,0.00,D,2.72,12.00,1.65,12.00,0.59,^,0.00,,12.90,8.30,504,12.92,42.8,1,0,0.00,0.00,0.00,12.00,0.00,0.00,0,0,0.00,0,0.00
2026-03-28 18:19:29,1349.19,0,0,0,0,0,0,0,0.00,0,0.00,3.31,2.12,0.00,0.00,D,2.72,12.00,1.66,12.00,0.55,^,0.00,,10.20,8.30,504,13.93,42.8,1,0,0.00,0.00,0.00,12.00,0.00,0.00,0,0,0.00,0,0.00
2026-03-28 18:19:30,1350.20,0,0,0,0,0,0,0,0.00,0,0.00,3.31,2.12,0.00,0.00,D,2.72,12.00,1.65,12.00,0.52,^,0.00,,11.20,8.20,504,14.93,43.9,1,0,0.00,0.00,0.00,12.00,0.00,0.00,0,0,0.00,0,0.00
2026-03-28 18:19:31,1351.21,0,0,0,0,0,0,0,0.00,0,1.00,3.31,2.12,0.00,0.26,D,2.72,12.00,1.66,12.00,0.52,^,0.00,,11.60,8.30,504,15.95,43.3,1,0,0.00,0.00,0.00,12.00,0.00,0.00,0,0,0.00,0,0.00
2026-03-28 18:19:32,1352.23,0,0,0,0,0,0,0,0.87,0,1.00,3.31,2.11,0.80,0.76,D,2.72,12.00,1.59,12.00,0.60,^,0.00,,11.40,8.30,504,0.00,43.3,1,0,0.00,0.00,0.00,12.00,0.00,0.00,0,0,0.00,0,0.00
2026-03-28 18:19:34,1353.23,0,0,0,0,0,0,0,0.00,0,1.00,3.31,2.11,2.58,1.00,D,2.72,12.00,1.62,12.00,0.94,^,0.00,,15.00,8.30,504,0.00,45.0,1,0,0.00,0.00,0.00,12.00,0.00,0.00,0,0,0.00,0,0.00
2026-03-28 18:19:35,1354.25,0,0,0,0,0,0,0,0.00,0,1.00,3.31,2.12,2.70,1.00,D,2.72,12.00,1.56,12.00,0.87,^,0.00,,14.50,8.30,504,0.00,45.0,1,0,0.00,0.00,0.00,12.00,0.00,0.00,0,0,0.00,0,0.00
2026-03-28 18:19:36,1355.25,0,0,0,0,0,0,0,0.18,0,1.00,3.31,2.12,2.62,1.00,D,2.72,12.00,1.23,12.00,0.69,^,0.00,,16.40,8.30,504,0.00,43.3,1,0,0.00,0.00,0.00,12.00,0.00,0.00,0,0,0.00,0,0.00
2026-03-28 18:19:37,1356.27,0,0,0,0,0,0,0,0.37,0,1.00,3.31,2.12,2.72,1.00,D,2.72,12.00,12.00,12.00,0.94,^,0.00,,16.10,8.30,504,0.00,45.5,1,0,0.00,0.00,0.00,12.00,0.00,0.00,0,0,0.00,0,0.00
2026-03-28 18:19:38,1357.28,0,0,0,0,0,0,0,0.00,0,1.00,3.31,2.12,2.84,1.00,D,2.72,12.00,12.00,12.00,0.90,^,0.00,,16.10,8.30,504,0.00,45.0,1,0,0.00,0.00,0.00,12.00,0.00,0.00,0,0,0.00,0,0.00
2026-03-28 18:19:39,1358.29,0,0,0,0,0,0,0,0.00,0,1.00,3.31,2.12,2.91,1.00,D,2.72,12.00,1.93,12.00,0.93,^,0.00,,12.50,8.30,504,0.00,45.0,1,0,0.00,0.00,0.00,12.00,0.00,0.00,0,0,0.00,0,0.00
2026-03-28 18:19:40,1359.31,0,0,0,0,0,0,0,0.10,0,1.00,3.31,2.12,2.88,1.00,D,2.72,12.00,1.89,1.72,0.89,^,0.00,,15.20,8.30,504,0.00,44.4,1,0,0.00,0.00,0.00,12.00,0.00,0.00,0,0,0.00,0,0.00
2026-03-28 18:19:41,1360.32,0,0,0,0,0,0,0,0.00,0,1.00,3.31,2.12,2.76,1.00,D,2.72,12.00,12.00,12.00,0.88,^,0.00,,13.20,8.30,504,0.00,45.5,1,0,0.00,0.00,0.00,12.00,0.00,0.00,0,0,0.00,0,0.00
2026-03-28 18:19:42,1361.33,0,0,0,0,0,0,0,0.00,0,0.00,3.31,2.12,2.58,0.89,D,2.72,12.00,12.00,12.00,1.15,^,0.00,,17.40,8.30,504,0.00,44.4,1,0,0.00,0.00,0.00,12.00,0.00,0.00,0,0,0.00,0,0.00
2026-03-28 18:19:43,1362.34,0,0,0,0,0,0,0,0.00,0,0.00,3.31,2.12,1.86,0.29,D,2.72,12.00,12.00,1.80,1.22,^,0.00,,16.00,8.30,504,0.00,45.0,1,0,0.00,0.00,0.00,12.00,0.00,0.00,0,0,0.00,0,0.00
2026-03-28 18:19:44,1363.35,0,0,0,0,0,0,0,0.00,0,0.00,3.31,2.12,1.22,0.43,D,2.72,12.00,0.97,1.54,0.94,^,0.00,,15.40,8.30,504,0.00,45.0,1,0,0.00,0.00,0.00,12.00,0.00,0.00,0,0,0.00,0,0.00
2026-03-28 18:19:45,1364.36,0,0,0,0,0,0,0,0.77,0,1.00,3.31,2.12,0.97,0.64,D,2.72,12.00,0.84,1.47,0.85,^,0.00,,10.60,8.30,504,0.00,45.0,1,0,0.00,0.00,0.00,12.00,0.00,0.00,0,0,0.00,0,0.00
2026-03-28 18:19:46,1365.37,0,0,0,0,0,0,0,1.00,0,1.00,3.31,2.12,2.49,1.00,D,2.72,12.00,0.63,1.50,0.66,^,0.00,,10.20,8.30,504,0.00,43.9,1,0,0.00,0.00,0.00,12.00,0.00,0.00,0,0,0.00,0,0.00
2026-03-28 18:19:47,1366.38,0,0,0,0,0,0,0,0.00,0,0.00,3.31,2.12,2.10,0.77,D,2.72,12.00,12.00,1.55,0.52,^,0.00,,8.80,8.30,504,0.00,45.0,1,0,0.00,0.00,0.00,12.00,0.00,0.00,0,0,0.00,0,0.00
2026-03-28 18:19:48,1367.39,0,0,0,0,0,0,0,0.00,0,0.00,3.31,2.12,0.15,0.16,D,2.72,12.00,12.00,1.48,0.16,^,0.00,,6.10,8.30,504,0.14,43.3,1,0,0.00,0.00,0.00,12.00,0.00,0.00,0,0,0.00,0,0.00
2026-03-28 18:19:49,1368.41,0,0,0,0,0,0,0,0.00,0,0.00,3.31,2.11,0.00,0.00,D,2.72,12.00,12.00,1.32,0.17,^,0.00,,4.00,8.30,504,0.16,44.4,1,0,0.00,0.00,0.00,12.00,0.00,0.00,0,0,0.00,0,0.00
2026-03-28 18:19:50,1369.41,0,0,0,0,0,0,0,0.00,0,1.00,3.31,2.11,0.00,0.10,D,2.72,12.00,12.00,1.30,0.48,^,0.00,,4.60,8.30,504,1.17,45.0,1,0,0.00,0.00,0.00,12.00,0.00,0.00,0,0,0.00,0,0.00
2026-03-28 18:19:51,1370.42,0,0,0,0,0,0,0,0.00,0,1.00,3.31,2.11,0.09,0.61,D,2.72,12.00,12.00,1.31,0.57,^,0.00,,10.10,8.30,504,0.00,45.5,1,0,0.00,0.00,0.00,12.00,0.00,0.00,0,0,0.00,0,0.00
2026-03-28 18:19:52,1371.44,0,0,0,0,0,0,0,1.00,0,1.00,3.31,2.11,2.17,1.00,D,2.72,12.00,12.00,1.56,0.82,^,0.00,,11.30,8.30,504,0.00,45.0,1,0,0.00,0.00,0.00,12.00,0.00,0.00,0,0,0.00,0,0.00
2026-03-28 18:19:53,1372.45,0,0,0,0,0,0,0,0.00,0,1.00,3.31,2.11,2.61,1.00,D,2.72,12.00,0.79,1.49,1.37,^,0.00,,8.90,8.30,504,0.00,43.9,1,0,0.00,0.00,0.00,12.00,0.00,0.00,0,0,0.00,0,0.00
2026-03-28 18:19:54,1373.46,0,0,0,0,0,0,0,1.00,0,1.00,3.31,2.11,2.41,1.00,D,2.72,12.00,12.00,1.95,0.81,^,0.00,,9.20,8.30,504,0.00,45.0,1,0,0.00,0.00,0.00,12.00,0.00,0.00,0,0,0.00,0,0.00
2026-03-28 18:19:55,1374.47,0,0,0,0,0,0,0,-1.00,1,0.00,3.31,2.11,1.51,0.00,D,2.72,1.18,12.00,1.20,12.00,^,0.00,,11.30,8.30,504,0.00,43.9,1,0,0.00,0.00,0.00,1.18,0.00,0.00,0,0,0.00,0,0.00
2026-03-28 18:19:56,1375.49,0,0,0,0,0,0,0,0.00,0,0.00,3.31,2.11,0.00,0.00,D,2.72,0.70,0.85,0.84,12.00,CAUTION_WARNING,0.00,,9.80,8.30,504,0.63,44.4,1,0,0.00,0.00,0.00,0.70,0.00,0.00,0,0,0.00,0,0.00
2026-03-28 18:19:57,1376.50,0,0,0,0,0,0,0,0.00,0,0.00,3.31,2.11,0.00,0.00,D,2.72,0.70,0.86,0.84,2.15,CAUTION_WARNING,0.00,,5.30,8.30,504,1.65,44.4,1,0,0.00,0.00,0.00,0.70,0.00,0.00,0,0,0.00,0,0.00
2026-03-28 18:19:58,1377.51,0,0,0,0,0,0,0,0.00,0,0.00,3.31,2.11,0.00,0.00,D,2.72,0.70,0.85,0.84,1.10,CAUTION_WARNING,0.00,,4.30,8.30,504,2.65,42.8,1,0,0.00,0.00,0.00,0.70,0.00,0.00,0,0,0.00,0,0.00
2026-03-28 18:19:59,1378.52,0,0,0,0,0,0,0,0.00,0,0.00,3.31,2.11,0.00,0.00,D,2.72,0.69,0.86,0.12,0.12,CAUTION_WARNING,0.00,,4.30,8.30,504,3.67,43.9,1,0,0.00,0.00,0.00,0.69,0.00,0.00,0,0,0.00,0,0.00
2026-03-28 18:20:00,1379.53,0,0,0,0,0,0,0,0.00,0,0.00,3.31,2.10,0.00,0.00,D,2.72,1.12,0.95,0.23,0.27,^,0.00,,4.80,8.30,504,4.68,43.3,1,0,0.00,0.00,0.00,1.12,0.00,0.00,0,0,0.00,0,0.00
2026-03-28 18:20:01,1380.54,0,0,0,0,0,0,0,0.00,0,0.00,3.31,2.10,0.00,0.00,D,2.72,1.48,12.00,0.43,0.85,^,0.00,,5.80,8.30,504,0.19,42.8,1,0,0.00,0.00,0.00,1.48,0.00,0.00,0,0,0.00,0,0.00
2026-03-28 18:20:02,1381.55,0,0,0,1,0,0,0,-0.23,0,0.00,3.31,2.10,0.00,0.00,R,2.72,1.47,12.00,1.19,1.19,^,0.00,,8.20,8.30,504,1.20,44.4,1,0,0.00,0.00,0.00,1.47,0.00,0.00,0,0,0.00,0,0.00
2026-03-28 18:20:03,1382.57,0,0,0,0,0,0,0,-0.99,0,1.00,3.31,2.10,0.00,-0.31,R,2.72,1.48,12.00,1.76,12.00,^,0.00,,9.10,8.30,504,0.27,45.0,1,0,0.00,0.00,0.00,1.48,0.00,0.00,0,0,0.00,0,0.00
2026-03-28 18:20:04,1383.57,0,0,0,0,0,0,0,-0.99,0,0.00,3.31,2.10,0.87,-0.82,R,2.72,1.57,12.00,2.08,1.47,^,0.00,,6.20,8.30,504,0.00,45.5,1,0,0.00,0.00,0.00,1.57,0.00,0.00,0,0,0.00,0,0.00
2026-03-28 18:20:05,1384.58,0,0,1,0,0,0,0,0.73,0,1.00,3.31,2.10,0.68,0.25,D,2.72,1.97,1.97,12.00,12.00,^,0.00,,10.80,8.30,504,0.00,45.5,1,0,0.00,0.00,0.00,1.97,0.00,0.00,0,0,0.00,0,0.00
2026-03-28 18:20:06,1385.59,0,0,0,0,0,0,0,0.73,0,1.00,3.31,2.10,0.12,0.75,D,2.72,2.01,12.00,12.00,12.00,^,0.00,,7.50,8.30,504,0.00,44.4,1,0,0.00,0.00,0.00,2.01,0.00,0.00,0,0,0.00,0,0.00
2026-03-28 18:20:07,1386.60,0,0,0,0,0,0,0,0.00,0,0.00,3.31,2.10,1.65,0.76,D,2.72,1.48,1.62,12.00,12.00,^,0.00,,10.20,8.30,504,0.00,45.0,1,0,0.00,0.00,0.00,1.48,0.00,0.00,0,0,0.00,0,0.00
2026-03-28 18:20:08,1387.60,0,0,0,0,0,0,0,0.00,0,0.00,3.31,2.09,0.40,0.15,D,2.72,1.71,1.39,0.46,1.34,^,0.00,,7.90,8.30,504,0.00,43.9,1,0,0.00,0.00,0.00,1.71,0.00,0.00,0,0,0.00,0,0.00
2026-03-28 18:20:09,1388.62,0,0,0,0,0,0,0,0.00,0,0.00,3.31,2.09,0.00,0.00,D,2.72,1.65,1.39,0.10,0.11,^,0.00,,7.40,8.30,504,0.82,43.9,1,0,0.00,0.00,0.00,1.65,0.00,0.00,0,0,0.00,0,0.00
2026-03-28 18:20:10,1389.63,0,0,0,0,0,0,0,0.00,0,0.00,3.31,2.09,0.00,0.00,D,2.72,1.68,1.39,0.12,0.12,^,0.00,,7.30,8.30,504,0.05,44.4,1,0,0.00,0.00,0.00,1.68,0.00,0.00,0,0,0.00,0,0.00
2026-03-28 18:20:11,1390.64,0,0,0,0,0,0,0,0.00,0,0.00,3.31,2.09,0.00,0.00,D,2.72,1.69,1.39,0.11,0.11,^,0.00,,8.20,8.30,504,0.19,43.9,1,0,0.00,0.00,0.00,1.69,0.00,0.00,0,0,0.00,0,0.00
2026-03-28 18:20:12,1391.66,0,0,0,0,0,0,0,0.00,0,0.00,3.31,2.09,0.00,0.00,D,2.72,1.67,1.39,0.11,0.11,^,0.00,,8.40,8.20,504,0.08,44.4,1,0,0.00,0.00,0.00,1.67,0.00,0.00,0,0,0.00,0,0.00
2026-03-28 18:20:13,1392.66,0,0,0,0,0,0,0,0.00,0,0.00,3.31,2.09,0.00,0.00,D,2.72,1.71,1.39,0.15,1.36,^,0.00,,7.80,8.20,504,0.95,43.9,1,0,0.00,0.00,0.00,1.71,0.00,0.00,0,0,0.00,0,0.00
2026-03-28 18:20:14,1393.67,0,0,0,0,0,0,0,0.00,0,0.00,3.31,2.09,0.00,0.00,D,2.72,0.24,1.39,0.25,1.33,STOP_WARNING,0.00,,8.20,8.30,504,0.31,43.9,1,0,0.00,0.00,0.00,0.24,0.00,0.00,0,0,0.00,0,0.00
2026-03-28 18:20:15,1394.68,0,0,0,0,0,0,0,1.00,0,1.00,3.31,2.08,0.01,0.44,D,2.72,0.95,1.39,0.82,1.34,CAUTION_WARNING,0.00,,9.50,8.30,504,0.03,45.0,1,0,0.00,0.00,0.00,0.95,0.00,0.00,0,0,0.00,0,0.00
2026-03-28 18:20:16,1395.70,0,0,0,0,0,0,0,0.99,0,1.00,3.31,2.08,1.02,0.95,D,2.72,1.53,1.34,1.37,1.38,^,0.00,,11.90,8.30,504,0.00,43.9,1,0,0.00,0.00,0.00,1.53,0.00,0.00,0,0,0.00,0,0.00
2026-03-28 18:20:17,1396.71,0,0,0,0,0,0,0,1.00,0,1.00,3.31,2.08,2.10,1.00,D,2.72,0.86,0.83,1.23,1.38,CAUTION_WARNING,0.00,,13.00,8.30,504,0.00,43.9,1,0,0.00,0.00,0.00,0.86,0.00,0.00,0,0,0.00,0,0.00
2026-03-28 18:20:18,1397.72,0,0,0,0,0,0,0,0.00,0,1.00,3.31,2.08,2.31,1.00,D,2.72,0.72,0.78,12.00,0.50,CAUTION_WARNING,0.00,,12.80,8.30,504,0.00,43.9,1,0,0.00,0.00,0.00,0.72,0.00,0.00,0,0,0.00,0,0.00
2026-03-28 18:20:19,1398.73,0,0,0,0,0,0,0,0.00,0,1.00,3.31,2.08,2.68,1.00,D,2.72,12.00,12.00,1.05,0.49,^,0.00,,11.80,8.30,504,0.00,44.4,1,0,0.00,0.00,0.00,12.00,0.00,0.00,0,0,0.00,0,0.00
2026-03-28 18:20:20,1399.75,0,0,0,0,0,0,0,0.00,0,1.00,3.31,2.08,2.40,1.00,D,2.72,12.00,3.45,12.00,0.78,^,0.00,,13.50,8.30,504,0.00,43.3,1,0,0.00,0.00,0.00,12.00,0.00,0.00,0,0,0.00,0,0.00
2026-03-28 18:20:21,1400.76,0,0,0,0,0,0,0,0.00,0,1.00,3.31,2.08,2.16,1.00,D,2.72,12.00,12.00,12.00,0.82,^,0.00,,13.90,8.30,504,0.00,45.5,1,0,0.00,0.00,0.00,12.00,0.00,0.00,0,0,0.00,0,0.00
2026-03-28 18:20:22,1401.78,0,0,0,0,0,0,0,1.00,0,1.00,3.31,2.08,2.23,1.00,D,2.72,12.00,12.00,12.00,0.92,^,0.00,,15.00,8.30,504,0.00,45.0,1,0,0.00,0.00,0.00,12.00,0.00,0.00,0,0,0.00,0,0.00
2026-03-28 18:20:23,1402.79,0,0,0,0,0,0,0,0.00,0,1.00,3.31,2.08,2.34,1.00,D,2.72,0.94,1.10,12.00,0.95,CAUTION_WARNING,0.00,,14.10,8.30,504,0.00,44.4,1,0,0.00,0.00,0.00,0.94,0.00,0.00,0,0,0.00,0,0.00
2026-03-28 18:20:24,1403.80,0,0,0,0,0,0,0,0.00,0,0.83,3.31,2.08,2.29,0.86,D,2.72,1.46,0.63,12.00,0.49,^,0.00,,16.70,8.30,504,0.00,43.9,1,0,0.00,0.00,0.00,1.46,0.00,0.00,0,0,0.00,0,0.00
2026-03-28 18:20:25,1404.82,0,0,0,0,0,0,0,0.00,0,0.96,3.31,2.08,2.18,0.96,D,2.72,1.74,0.61,1.41,0.59,^,0.00,,15.80,8.30,504,0.00,45.5,1,0,0.00,0.00,0.00,1.74,0.00,0.00,0,0,0.00,0,0.00
2026-03-28 18:20:26,1405.81,0,0,0,0,0,0,0,0.00,0,1.00,3.31,2.08,2.34,1.00,D,2.72,1.31,0.52,1.96,0.53,^,0.00,,16.80,8.40,504,0.00,44.4,1,0,0.00,0.00,0.00,1.31,0.00,0.00,0,0,0.00,0,0.00
2026-03-28 18:20:27,1406.83,0,0,0,0,0,0,0,0.00,0,1.00,3.31,2.08,2.53,1.00,D,2.72,12.00,0.66,0.55,0.66,^,0.00,,14.00,8.30,504,0.00,46.1,1,0,0.00,0.00,0.00,12.00,0.00,0.00,0,0,0.00,0,0.00
2026-03-28 18:20:28,1407.84,0,0,0,0,0,0,0,1.00,0,1.00,3.31,2.08,2.59,1.00,D,2.72,12.00,1.92,12.00,0.50,^,0.00,,13.80,8.30,504,0.00,46.1,1,0,0.00,0.00,0.00,12.00,0.00,0.00,0,0,0.00,0,0.00
2026-03-28 18:20:29,1408.85,0,0,0,0,0,0,0,0.00,0,1.00,3.31,2.09,2.63,1.00,D,2.72,12.00,1.05,12.00,0.85,^,0.00,,12.10,8.30,504,0.00,45.5,1,0,0.00,0.00,0.00,12.00,0.00,0.00,0,0,0.00,0,0.00
2026-03-28 18:20:30,1409.86,0,0,0,0,0,0,0,0.00,0,1.00,3.31,2.09,2.58,1.00,D,2.72,12.00,0.97,12.00,0.85,^,0.00,,13.80,8.30,504,0.00,44.4,1,0,0.00,0.00,0.00,12.00,0.00,0.00,0,0,0.00,0,0.00
2026-03-28 18:20:31,1410.87,0,0,0,0,0,0,0,0.00,0,1.00,3.31,2.09,2.58,1.00,D,2.72,12.00,0.82,12.00,0.81,^,0.00,,15.20,8.30,504,0.00,46.1,1,0,0.00,0.00,0.00,12.00,0.00,0.00,0,0,0.00,0,0.00
2026-03-28 18:20:32,1411.88,0,0,0,0,0,0,0,0.00,0,1.00,3.31,2.09,2.62,1.00,D,2.72,1.43,0.79,12.00,0.90,^,0.00,,13.60,8.30,504,0.00,46.6,1,0,0.00,0.00,0.00,1.43,0.00,0.00,0,0,0.00,0,0.00
2026-03-28 18:20:33,1412.89,0,0,0,0,0,0,0,0.00,0,1.00,3.31,2.09,2.57,1.00,D,2.72,12.00,0.72,12.00,0.71,^,0.00,,14.40,8.30,504,0.00,45.5,1,0,0.00,0.00,0.00,12.00,0.00,0.00,0,0,0.00,0,0.00
2026-03-28 18:20:34,1413.90,0,0,0,0,0,0,0,1.00,0,1.00,3.31,2.09,2.62,1.00,D,2.72,0.80,0.68,12.00,0.65,CAUTION_WARNING,0.00,,13.00,8.30,504,0.00,46.1,1,0,0.00,0.00,0.00,0.80,0.00,0.00,0,0,0.00,0,0.00
2026-03-28 18:20:35,1414.91,0,0,0,0,0,0,0,0.00,0,1.00,3.31,2.09,2.48,1.00,D,2.72,12.00,0.61,12.00,0.55,^,0.00,,12.30,8.30,504,0.00,45.5,1,0,0.00,0.00,0.00,12.00,0.00,0.00,0,0,0.00,0,0.00
2026-03-28 18:20:36,1415.91,0,0,0,0,0,0,0,0.00,0,1.00,3.31,2.09,2.64,1.00,D,2.72,12.00,0.94,12.00,0.75,^,0.00,,13.90,8.30,504,0.00,44.4,1,0,0.00,0.00,0.00,12.00,0.00,0.00,0,0,0.00,0,0.00
2026-03-28 18:20:37,1416.93,0,0,0,0,0,0,0,1.00,0,1.00,3.31,2.09,2.58,1.00,D,2.72,1.58,0.74,12.00,0.76,^,0.00,,13.90,8.30,504,0.00,46.1,1,0,0.00,0.00,0.00,1.58,0.00,0.00,0,0,0.00,0,0.00
2026-03-28 18:20:38,1417.94,0,0,0,0,0,0,0,0.00,0,1.00,3.31,2.09,2.55,1.00,D,2.72,12.00,1.20,12.00,0.90,^,0.00,,13.80,8.30,504,0.00,43.9,1,0,0.00,0.00,0.00,12.00,0.00,0.00,0,0,0.00,0,0.00
2026-03-28 18:20:39,1418.95,0,0,0,0,0,0,0,0.00,0,1.00,3.31,2.09,2.32,1.00,D,2.72,12.00,1.76,1.38,0.94,^,0.00,,15.00,8.30,504,0.00,45.5,1,0,0.00,0.00,0.00,12.00,0.00,0.00,0,0,0.00,0,0.00
2026-03-28 18:20:40,1419.96,0,0,0,0,0,0,0,0.00,0,1.00,3.31,2.09,2.60,1.00,D,2.72,12.00,1.74,0.76,1.24,^,0.00,,12.90,8.30,504,0.00,45.0,1,0,0.00,0.00,0.00,12.00,0.00,0.00,0,0,0.00,0,0.00
2026-03-28 18:20:41,1420.96,0,0,0,0,0,0,0,0.00,0,1.00,3.31,2.09,2.59,1.00,D,2.72,12.00,12.00,1.15,0.86,^,0.00,,14.20,8.30,504,0.00,46.1,1,0,0.00,0.00,0.00,12.00,0.00,0.00,0,0,0.00,0,0.00
2026-03-28 18:20:42,1421.98,0,0,0,0,0,0,0,1.00,0,1.00,3.31,2.09,2.80,1.00,D,2.72,12.00,2.62,1.22,1.27,^,0.00,,13.30,8.30,504,0.00,46.1,1,0,0.00,0.00,0.00,12.00,0.00,0.00,0,0,0.00,0,0.00
2026-03-28 18:20:43,1422.98,0,0,0,0,0,0,0,0.71,0,0.00,3.31,2.09,2.77,0.88,D,2.72,12.00,2.51,12.00,1.12,^,0.00,,15.20,8.30,504,0.00,45.5,1,0,0.00,0.00,0.00,12.00,0.00,0.00,0,0,0.00,0,0.00
2026-03-28 18:20:44,1423.99,0,0,0,0,0,0,0,0.00,1,0.00,3.31,2.09,1.84,0.00,D,2.72,12.00,12.00,12.00,1.31,^,0.00,,15.20,8.30,504,0.00,43.9,1,0,0.00,0.00,0.00,12.00,0.00,0.00,0,0,0.00,0,0.00
2026-03-28 18:20:45,1425.10,0,0,0,0,0,0,0,0.00,0,0.00,3.31,2.09,1.58,0.00,D,2.72,12.00,12.00,12.00,1.16,^,0.00,,12.60,8.30,504,0.00,45.0,1,0,0.00,0.00,0.00,12.00,0.00,0.00,0,0,0.00,0,0.00
2026-03-28 18:20:46,1426.01,0,0,0,0,0,0,0,0.00,0,0.00,3.31,2.09,0.82,0.00,D,2.72,12.00,12.00,12.00,1.11,^,0.00,,11.70,8.30,504,0.00,43.9,1,0,0.00,0.00,0.00,12.00,0.00,0.00,0,0,0.00,0,0.00
2026-03-28 18:20:47,1427.12,0,0,0,0,0,0,0,0.00,0,0.00,3.31,2.09,0.00,0.00,D,2.72,12.00,12.00,12.00,0.78,^,0.00,,12.30,8.30,504,0.52,44.4,1,0,0.00,0.00,0.00,12.00,0.00,0.00,0,0,0.00,0,0.00
2026-03-28 18:20:48,1428.02,0,0,0,0,0,0,0,0.00,0,0.00,3.31,2.09,0.00,0.00,D,2.72,12.00,12.00,12.00,0.54,^,0.00,,12.00,8.30,504,1.42,44.4,1,0,0.00,0.00,0.00,12.00,0.00,0.00,0,0,0.00,0,0.00
2026-03-28 18:20:49,1429.04,0,0,0,0,0,0,0,0.00,0,0.00,3.31,2.09,0.00,0.00,D,2.72,12.00,12.00,12.00,0.54,^,0.00,,16.30,8.30,504,2.44,45.0,1,0,0.00,0.00,0.00,12.00,0.00,0.00,0,0,0.00,0,0.00
2026-03-28 18:20:50,1430.04,0,0,0,0,0,0,0,0.00,0,0.00,3.31,2.08,0.00,0.00,D,2.72,12.00,12.00,12.00,0.54,^,0.00,,10.90,8.30,504,3.44,44.4,1,0,0.00,0.00,0.00,12.00,0.00,0.00,0,0,0.00,0,0.00
2026-03-28 18:20:51,1431.05,0,0,0,0,0,0,0,0.00,0,0.00,3.31,2.08,0.00,0.00,D,2.72,12.00,12.00,12.00,0.54,^,0.00,,10.90,8.30,504,4.45,45.5,1,0,0.00,0.00,0.00,12.00,0.00,0.00,0,0,0.00,0,0.00
2026-03-28 18:20:52,1432.06,0,0,0,0,0,0,0,0.00,0,0.00,3.31,2.08,0.00,0.00,D,2.72,12.00,12.00,12.00,0.54,^,0.00,,11.10,8.30,504,5.46,44.4,1,0,0.00,0.00,0.00,12.00,0.00,0.00,0,0,0.00,0,0.00
2026-03-28 18:20:53,1433.08,0,0,0,0,0,0,0,0.00,0,0.00,3.31,2.08,0.00,0.00,D,2.72,12.00,12.00,12.00,0.54,^,0.00,,9.60,8.30,504,6.47,45.5,1,0,0.00,0.00,0.00,12.00,0.00,0.00,0,0,0.00,0,0.00
2026-03-28 18:20:54,1434.09,0,0,0,0,0,0,0,0.00,0,0.00,3.31,2.08,0.00,0.00,D,2.72,12.00,12.00,12.00,0.54,^,0.00,,11.10,8.30,504,7.49,46.1,1,0,0.00,0.00,0.00,12.00,0.00,0.00,0,0,0.00,0,0.00
2026-03-28 18:20:55,1435.10,0,0,0,0,0,0,0,0.00,0,0.00,3.31,2.08,0.00,0.00,D,2.72,12.00,12.00,12.00,0.54,^,0.00,,12.90,8.30,504,8.50,45.0,1,0,0.00,0.00,0.00,12.00,0.00,0.00,0,0,0.00,0,0.00
2026-03-28 18:20:56,1436.11,0,0,0,0,0,0,0,0.00,0,0.00,3.31,2.07,0.00,0.00,D,2.72,12.00,12.00,12.00,0.54,^,0.00,,11.10,8.30,504,9.51,43.9,1,0,0.00,0.00,0.00,12.00,0.00,0.00,0,0,0.00,0,0.00
2026-03-28 18:20:57,1437.12,0,0,0,0,0,0,0,0.00,0,0.00,3.31,2.07,0.00,0.00,D,2.72,12.00,12.00,12.00,0.54,^,0.00,,12.60,8.30,504,10.52,45.0,1,0,0.00,0.00,0.00,12.00,0.00,0.00,0,0,0.00,0,0.00
2026-03-28 18:20:58,1438.14,0,0,0,0,0,0,0,0.00,0,0.00,3.31,2.07,0.00,0.00,D,2.72,12.00,12.00,12.00,0.54,^,0.00,,13.00,8.30,504,11.54,43.9,1,0,0.00,0.00,0.00,12.00,0.00,0.00,0,0,0.00,0,0.00
2026-03-28 18:20:59,1439.15,0,0,0,0,0,0,0,0.00,0,0.00,3.31,2.07,0.00,0.00,D,2.72,12.00,12.00,12.00,0.54,^,0.00,,11.30,8.30,504,12.55,44.4,1,0,0.00,0.00,0.00,12.00,0.00,0.00,0,0,0.00,0,0.00
2026-03-28 18:21:00,1440.16,0,0,0,0,0,0,0,0.00,0,0.00,3.31,2.07,0.00,0.00,D,2.72,12.00,12.00,12.00,0.54,^,0.00,,12.40,8.20,504,13.56,45.0,1,0,0.00,0.00,0.00,12.00,0.00,0.00,0,0,0.00,0,0.00
2026-03-28 18:21:01,1441.17,0,0,0,0,0,0,0,0.00,0,0.00,3.31,2.07,0.00,0.00,D,2.72,12.00,12.00,12.00,0.54,^,0.00,,11.80,8.20,504,14.57,44.4,1,0,0.00,0.00,0.00,12.00,0.00,0.00,0,0,0.00,0,0.00
2026-03-28 18:21:02,1442.18,0,0,0,0,0,0,0,0.00,0,0.00,3.31,2.07,0.00,0.00,D,2.72,12.00,12.00,12.00,0.54,^,0.00,,11.10,8.30,504,15.58,43.9,1,0,0.00,0.00,0.00,12.00,0.00,0.00,0,0,0.00,0,0.00
2026-03-28 18:21:03,1443.20,0,0,0,0,0,0,0,0.00,0,0.00,3.31,2.06,0.00,0.00,D,2.72,12.00,12.00,12.00,0.54,^,0.00,,12.60,8.20,504,16.60,43.3,1,0,0.00,0.00,0.00,12.00,0.00,0.00,0,0,0.00,0,0.00
2026-03-28 18:21:04,1444.21,0,0,0,0,0,0,0,0.00,0,0.00,3.31,2.06,0.00,0.00,D,2.72,12.00,12.00,12.00,0.54,^,0.00,,12.60,8.20,504,17.61,45.0,1,0,0.00,0.00,0.00,12.00,0.00,0.00,0,0,0.00,0,0.00
2026-03-28 18:21:05,1445.22,0,0,0,0,0,0,0,0.00,0,0.00,3.31,2.06,0.00,0.00,D,2.72,12.00,12.00,12.00,0.54,^,0.00,,11.50,8.30,504,18.62,44.4,1,0,0.00,0.00,0.00,12.00,0.00,0.00,0,0,0.00,0,0.00
2026-03-28 18:21:07,1446.23,0,0,0,0,0,0,0,0.00,0,0.00,3.31,2.06,0.00,0.00,D,2.72,12.00,12.00,12.00,0.54,^,0.00,,11.80,8.20,504,19.63,45.0,1,0,0.00,0.00,0.00,12.00,0.00,0.00,0,0,0.00,0,0.00
2026-03-28 18:21:08,1447.24,0,0,0,0,0,0,0,0.00,0,0.00,3.31,2.06,0.00,0.00,D,2.72,12.00,12.00,12.00,0.54,^,0.00,,11.60,8.20,504,20.64,43.9,1,0,0.00,0.00,0.00,12.00,0.00,0.00,0,0,0.00,0,0.00
2026-03-28 18:21:09,1448.25,0,0,0,0,0,0,0,0.00,0,0.00,3.31,2.06,0.00,0.00,D,2.72,12.00,12.00,12.00,0.54,^,0.00,,10.80,8.30,504,21.65,43.9,1,0,0.00,0.00,0.00,12.00,0.00,0.00,0,0,0.00,0,0.00
2026-03-28 18:21:10,1449.27,0,0,0,0,0,0,0,0.00,0,0.00,3.31,2.06,0.00,0.00,D,2.72,12.00,12.00,12.00,0.54,^,0.00,,11.50,8.30,504,22.67,43.9,1,0,0.00,0.00,0.00,12.00,0.00,0.00,0,0,0.00,0,0.00
2026-03-28 18:21:11,1450.28,0,0,0,0,0,0,0,0.00,0,0.00,3.31,2.05,0.00,0.00,D,2.72,12.00,12.00,12.00,0.54,^,0.00,,13.90,8.30,504,23.68,42.8,1,0,0.00,0.00,0.00,12.00,0.00,0.00,0,0,0.00,0,0.00
2026-03-28 18:21:12,1451.29,0,0,0,0,0,0,0,0.00,0,0.00,3.31,2.05,0.00,0.00,D,2.72,12.00,12.00,12.00,0.54,^,0.00,,8.90,8.30,504,24.69,44.4,1,0,0.00,0.00,0.00,12.00,0.00,0.00,0,0,0.00,0,0.00
2026-03-28 18:21:13,1452.30,0,0,0,0,0,0,0,0.00,0,0.00,3.31,2.05,0.00,0.00,D,2.72,12.00,12.00,12.00,0.54,^,0.00,,6.00,8.30,504,25.70,44.4,1,0,0.00,0.00,0.00,12.00,0.00,0.00,0,0,0.00,0,0.00
2026-03-28 18:21:14,1453.32,0,0,0,0,0,0,0,0.00,0,0.00,3.31,2.05,0.00,0.00,D,2.72,12.00,12.00,12.00,0.54,^,0.00,,5.20,8.20,504,26.72,43.9,1,0,0.00,0.00,0.00,12.00,0.00,0.00,0,0,0.00,0,0.00
2026-03-28 18:21:15,1454.33,0,0,0,0,0,0,0,0.00,0,0.00,3.31,2.05,0.00,0.00,D,2.72,12.00,12.00,12.00,0.54,^,0.00,,5.50,8.20,504,27.73,44.4,1,0,0.00,0.00,0.00,12.00,0.00,0.00,0,0,0.00,0,0.00
2026-03-28 18:21:16,1455.34,0,0,0,0,0,0,0,0.00,0,0.00,3.31,2.05,0.00,0.00,D,2.72,12.00,12.00,12.00,0.54,^,0.00,,5.80,8.30,504,28.74,42.8,1,0,0.00,0.00,0.00,12.00,0.00,0.00,0,0,0.00,0,0.00
2026-03-28 18:21:17,1456.35,0,0,0,0,0,0,0,0.00,0,0.00,3.31,2.05,0.00,0.00,D,2.72,12.00,12.00,12.00,0.54,^,0.00,,5.30,8.30,504,29.75,43.9,1,0,0.00,0.00,0.00,12.00,0.00,0.00,0,0,0.00,0,0.00
2026-03-28 18:21:18,1457.36,0,0,0,0,0,0,0,0.00,0,0.00,3.31,2.04,0.00,0.00,D,2.72,12.00,12.00,12.00,0.54,^,0.00,,4.20,8.20,504,30.76,43.9,1,0,0.00,0.00,0.00,12.00,0.00,0.00,0,0,0.00,0,0.00
2026-03-28 18:21:19,1458.38,0,0,0,0,0,0,0,0.00,0,0.00,3.31,2.04,0.00,0.00,D,2.72,12.00,12.00,12.00,0.54,^,0.00,,3.90,8.20,504,31.78,43.3,1,0,0.00,0.00,0.00,12.00,0.00,0.00,0,0,0.00,0,0.00
2026-03-28 18:21:20,1459.39,0,0,0,0,0,0,0,0.00,0,0.00,3.31,2.04,0.00,0.00,D,2.72,12.00,12.00,12.00,0.54,^,0.00,,4.90,8.20,504,32.79,43.9,1,0,0.00,0.00,0.00,12.00,0.00,0.00,0,0,0.00,0,0.00
2026-03-28 18:21:21,1460.40,0,0,0,0,0,0,0,0.00,0,0.00,3.31,2.04,0.00,0.00,D,2.72,12.00,12.00,12.00,0.54,^,0.00,,4.70,8.20,504,33.80,43.3,1,0,0.00,0.00,0.00,12.00,0.00,0.00,0,0,0.00,0,0.00
2026-03-28 18:21:22,1461.42,0,0,0,0,0,0,0,0.00,0,0.00,3.31,2.04,0.00,0.00,D,2.72,12.00,12.00,12.00,0.54,^,0.00,,5.20,8.20,504,34.82,42.8,1,0,0.00,0.00,0.00,12.00,0.00,0.00,0,0,0.00,0,0.00
2026-03-28 18:21:23,1462.43,0,0,0,0,0,0,0,0.00,0,0.00,3.31,2.04,0.00,0.00,D,2.72,12.00,12.00,12.00,0.53,^,0.00,,4.70,8.20,504,35.83,44.4,1,0,0.00,0.00,0.00,12.00,0.00,0.00,0,0,0.00,0,0.00
2026-03-28 18:21:24,1463.44,0,0,0,0,0,0,0,0.00,0,0.00,3.31,2.04,0.00,0.00,D,2.72,12.00,12.00,12.00,0.54,^,0.00,,4.20,8.20,504,36.84,43.9,1,0,0.00,0.00,0.00,12.00,0.00,0.00,0,0,0.00,0,0.00
2026-03-28 18:21:25,1464.45,0,0,0,0,0,0,0,0.00,0,0.00,3.31,2.03,0.00,0.00,D,2.72,12.00,12.00,12.00,0.54,^,0.00,,4.50,8.30,504,37.85,42.8,1,0,0.00,0.00,0.00,12.00,0.00,0.00,0,0,0.00,0,0.00
2026-03-28 18:21:26,1465.46,0,0,0,0,0,0,0,0.00,0,0.00,3.31,2.03,0.00,0.00,D,2.72,12.00,12.00,12.00,0.54,^,0.00,,5.50,8.30,504,38.86,43.9,1,0,0.00,0.00,0.00,12.00,0.00,0.00,0,0,0.00,0,0.00
2026-03-28 18:21:27,1466.48,0,0,0,0,0,0,0,0.00,0,0.00,3.31,2.03,0.00,0.00,D,2.72,12.00,12.00,12.00,0.54,^,0.00,,4.00,8.20,504,39.88,43.9,1,0,0.00,0.00,0.00,12.00,0.00,0.00,0,0,0.00,0,0.00
2026-03-28 18:21:28,1467.49,0,0,0,0,0,0,0,0.00,0,0.00,3.31,2.03,0.00,0.00,D,2.72,12.00,12.00,12.00,0.54,^,0.00,,4.50,8.30,504,40.89,42.8,1,0,0.00,0.00,0.00,12.00,0.00,0.00,0,0,0.00,0,0.00
2026-03-28 18:21:29,1468.50,0,0,0,0,0,0,0,0.00,0,0.00,3.31,2.03,0.00,0.00,D,2.72,12.00,12.00,12.00,0.53,^,0.00,,3.00,8.30,504,41.90,43.3,1,0,0.00,0.00,0.00,12.00,0.00,0.00,0,0,0.00,0,0.00
2026-03-28 18:21:30,1469.51,0,0,0,0,0,0,0,0.00,0,0.00,3.31,2.03,0.00,0.00,D,2.72,12.00,12.00,12.00,0.54,^,0.00,,3.70,8.30,504,42.91,43.9,1,0,0.00,0.00,0.00,12.00,0.00,0.00,0,0,0.00,0,0.00
2026-03-28 18:21:31,1470.52,0,0,0,0,0,0,0,0.00,0,0.00,3.31,2.03,0.00,0.00,D,2.72,12.00,12.00,12.00,0.54,^,0.00,,3.30,8.30,504,43.92,43.3,1,0,0.00,0.00,0.00,12.00,0.00,0.00,0,0,0.00,0,0.00
2026-03-28 18:21:32,1471.53,0,0,0,0,0,0,0,0.00,0,0.00,3.31,2.02,0.00,0.00,D,2.72,12.00,12.00,12.00,0.54,^,0.00,,3.80,8.30,504,44.93,43.3,1,0,0.00,0.00,0.00,12.00,0.00,0.00,0,0,0.00,0,0.00
2026-03-28 18:21:33,1472.55,0,0,0,0,0,0,0,0.00,0,1.00,3.31,2.02,0.00,0.31,D,2.72,12.00,12.00,12.00,0.54,^,0.00,,3.50,8.30,504,45.95,42.8,1,0,0.00,0.00,0.00,12.00,0.00,0.00,0,0,0.00,0,0.00
2026-03-28 18:21:34,1473.56,0,0,0,0,0,0,0,0.17,0,1.00,3.31,2.02,0.25,0.82,D,2.72,12.00,12.00,12.00,0.56,^,0.00,,4.30,8.30,504,0.00,43.9,1,0,0.00,0.00,0.00,12.00,0.00,0.00,0,0,0.00,0,0.00
2026-03-28 18:21:35,1474.57,0,0,0,0,0,0,0,0.00,0,1.00,3.31,2.02,2.31,1.00,D,2.72,12.00,12.00,12.00,1.15,^,0.00,,11.00,8.30,504,0.00,44.4,1,0,0.00,0.00,0.00,12.00,0.00,0.00,0,0,0.00,0,0.00
2026-03-28 18:21:36,1475.58,0,0,0,0,0,0,0,0.00,0,1.00,3.31,2.02,2.59,1.00,D,2.72,12.00,12.00,12.00,1.30,^,0.00,,11.80,8.30,504,0.00,45.5,1,0,0.00,0.00,0.00,12.00,0.00,0.00,0,0,0.00,0,0.00
2026-03-28 18:21:37,1476.59,0,0,0,0,0,0,0,0.00,0,1.00,3.31,2.02,2.77,1.00,D,2.72,12.00,12.00,12.00,1.71,^,0.00,,10.40,8.30,504,0.00,43.9,1,0,0.00,0.00,0.00,12.00,0.00,0.00,0,0,0.00,0,0.00
2026-03-28 18:21:38,1477.61,0,0,0,0,0,0,0,1.00,0,1.00,3.31,2.02,2.58,1.00,D,2.72,12.00,12.00,12.00,1.50,^,0.00,,10.40,8.30,504,0.00,43.9,1,0,0.00,0.00,0.00,12.00,0.00,0.00,0,0,0.00,0,0.00
2026-03-28 18:21:39,1478.61,0,0,0,0,0,0,0,0.00,0,1.00,3.31,2.02,2.55,1.00,D,2.72,12.00,12.00,12.00,1.28,^,0.00,,12.10,8.30,504,0.00,45.5,1,0,0.00,0.00,0.00,12.00,0.00,0.00,0,0,0.00,0,0.00
2026-03-28 18:21:40,1479.72,0,0,0,0,0,0,0,0.13,0,1.00,3.31,2.02,2.65,1.00,D,2.72,1.36,12.00,1.36,1.20,^,0.00,,11.80,8.30,504,0.00,45.5,1,0,0.00,0.00,0.00,1.36,0.00,0.00,0,0,0.00,0,0.00
2026-03-28 18:21:41,1480.63,0,0,0,0,0,0,0,0.00,0,1.00,3.31,2.02,2.72,1.00,D,2.72,1.26,12.00,0.73,0.81,^,0.00,,9.40,8.30,504,0.00,43.9,1,0,0.00,0.00,0.00,1.26,0.00,0.00,0,0,0.00,0,0.00
2026-03-28 18:21:42,1481.64,0,0,0,0,0,0,0,0.00,0,1.00,3.31,2.02,2.78,1.00,D,2.72,0.82,12.00,0.62,0.49,CAUTION_WARNING,0.00,,10.90,8.30,504,0.00,45.5,1,0,0.00,0.00,0.00,0.82,0.00,0.00,0,0,0.00,0,0.00
2026-03-28 18:21:43,1482.66,0,0,0,0,0,0,0,0.00,0,1.00,3.31,2.03,2.95,1.00,D,2.72,1.30,12.00,1.29,0.42,^,0.00,,12.00,8.30,504,0.00,45.5,1,0,0.00,0.00,0.00,1.30,0.00,0.00,0,0,0.00,0,0.00
2026-03-28 18:21:44,1483.67,0,0,0,0,0,0,0,0.00,0,1.00,3.31,2.03,2.89,1.00,D,2.72,1.09,2.06,0.62,0.69,^,0.00,,13.10,8.30,504,0.00,45.5,1,0,0.00,0.00,0.00,1.09,0.00,0.00,0,0,0.00,0,0.00
2026-03-28 18:21:45,1484.68,0,0,0,0,0,0,0,0.00,0,1.00,3.31,2.03,2.84,1.00,D,2.72,12.00,1.31,0.67,0.63,^,0.00,,11.00,8.30,504,0.00,46.1,1,0,0.00,0.00,0.00,12.00,0.00,0.00,0,0,0.00,0,0.00
2026-03-28 18:21:46,1485.70,0,0,0,0,0,0,0,0.00,0,1.00,3.31,2.03,2.73,1.00,D,2.72,12.00,1.90,2.67,1.10,^,0.00,,13.40,8.30,504,0.00,45.5,1,0,0.00,0.00,0.00,12.00,0.00,0.00,0,0,0.00,0,0.00
2026-03-28 18:21:47,1486.71,0,0,0,0,0,0,0,0.00,0,1.00,3.31,2.03,2.90,1.00,D,2.72,1.76,1.53,1.20,1.10,^,0.00,,14.80,8.30,504,0.00,45.5,1,0,0.00,0.00,0.00,1.76,0.00,0.00,0,0,0.00,0,0.00
2026-03-28 18:21:48,1487.72,0,0,0,0,0,0,0,0.29,0,1.00,3.31,2.03,2.78,1.00,D,2.72,1.56,1.03,1.05,0.87,^,0.00,,15.10,8.30,504,0.00,46.1,1,0,0.00,0.00,0.00,1.56,0.00,0.00,0,0,0.00,0,0.00
2026-03-28 18:21:49,1488.73,0,0,0,0,0,0,0,0.00,0,1.00,3.31,2.03,2.80,1.00,D,2.72,12.00,0.91,0.78,0.71,^,0.00,,14.50,8.30,504,0.00,45.0,1,0,0.00,0.00,0.00,12.00,0.00,0.00,0,0,0.00,0,0.00
2026-03-28 18:21:50,1489.73,0,0,0,0,0,0,0,0.00,0,1.00,3.31,2.03,2.50,1.00,D,2.72,12.00,12.00,12.00,0.62,^,0.00,,17.50,8.30,504,0.00,45.5,1,0,0.00,0.00,0.00,12.00,0.00,0.00,0,0,0.00,0,0.00
2026-03-28 18:21:51,1490.74,0,0,0,0,0,0,0,0.00,0,1.00,3.31,2.03,2.93,1.00,D,2.72,12.00,12.00,12.00,0.77,^,0.00,,14.50,8.30,504,0.00,45.5,1,0,0.00,0.00,0.00,12.00,0.00,0.00,0,0,0.00,0,0.00
2026-03-28 18:21:52,1491.75,0,0,0,0,0,0,0,0.83,0,1.00,3.31,2.03,2.79,1.00,D,2.72,12.00,12.00,12.00,0.96,^,0.00,,16.40,8.30,504,0.00,45.0,1,0,0.00,0.00,0.00,12.00,0.00,0.00,0,0,0.00,0,0.00
2026-03-28 18:21:53,1492.77,0,0,0,0,0,0,0,0.00,0,1.00,3.31,2.03,2.80,1.00,D,2.72,12.00,12.00,12.00,0.84,^,0.00,,15.00,8.30,504,0.00,45.5,1,0,0.00,0.00,0.00,12.00,0.00,0.00,0,0,0.00,0,0.00
2026-03-28 18:21:54,1493.78,0,0,0,0,0,0,0,0.20,0,1.00,3.31,2.03,2.71,1.00,D,2.72,12.00,12.00,12.00,0.74,^,0.00,,12.60,8.30,504,0.00,44.4,1,0,0.00,0.00,0.00,12.00,0.00,0.00,0,0,0.00,0,0.00
2026-03-28 18:21:55,1494.79,0,0,0,0,0,0,0,0.00,0,1.00,3.31,2.03,2.51,1.00,D,2.72,12.00,12.00,12.00,0.55,^,0.00,,14.00,8.30,504,0.00,45.5,1,0,0.00,0.00,0.00,12.00,0.00,0.00,0,0,0.00,0,0.00
2026-03-28 18:21:56,1495.80,0,0,0,0,0,0,0,0.00,0,1.00,3.31,2.03,2.42,1.00,D,2.72,12.00,12.00,12.00,0.86,^,0.00,,14.40,8.30,504,0.00,45.5,1,0,0.00,0.00,0.00,12.00,0.00,0.00,0,0,0.00,0,0.00
2026-03-28 18:21:57,1496.80,0,0,0,0,0,0,0,0.00,0,1.00,3.31,2.03,2.29,1.00,D,2.72,12.00,12.00,12.00,0.68,^,0.00,,13.80,8.30,504,0.00,45.5,1,0,0.00,0.00,0.00,12.00,0.00,0.00,0,0,0.00,0,0.00
2026-03-28 18:21:58,1497.81,0,0,0,0,0,0,0,0.00,0,1.00,3.31,2.03,2.33,1.00,D,2.72,12.00,12.00,2.17,1.03,^,0.00,,13.60,8.30,504,0.00,45.0,1,0,0.00,0.00,0.00,12.00,0.00,0.00,0,0,0.00,0,0.00
2026-03-28 18:21:59,1498.82,0,0,0,0,0,0,0,0.00,0,1.00,3.31,2.03,2.34,1.00,D,2.72,1.79,12.00,1.38,0.70,^,0.00,,15.80,8.30,504,0.00,45.0,1,0,0.00,0.00,0.00,1.79,0.00,0.00,0,0,0.00,0,0.00
2026-03-28 18:22:00,1499.83,0,0,0,0,0,0,0,0.00,0,1.00,3.31,2.03,2.27,1.00,D,2.72,1.43,12.00,1.06,0.73,^,0.00,,15.00,8.30,504,0.00,44.4,1,0,0.00,0.00,0.00,1.43,0.00,0.00,0,0,0.00,0,0.00
2026-03-28 18:22:01,1500.85,0,0,0,0,0,0,0,1.00,0,1.00,3.31,2.03,2.58,1.00,D,2.72,12.00,12.00,12.00,0.63,^,0.00,,15.10,8.30,504,0.00,44.4,1,0,0.00,0.00,0.00,12.00,0.00,0.00,0,0,0.00,0,0.00
2026-03-28 18:22:02,1501.85,0,0,0,0,0,0,0,0.00,0,1.00,3.31,2.03,2.31,1.00,D,2.72,12.00,12.00,2.42,0.78,^,0.00,,13.80,8.30,504,0.00,45.0,1,0,0.00,0.00,0.00,12.00,0.00,0.00,0,0,0.00,0,0.00
2026-03-28 18:22:03,1502.86,0,0,0,0,0,0,0,0.00,0,1.00,3.31,2.03,2.79,1.00,D,2.72,12.00,12.00,12.00,0.68,^,0.00,,14.00,8.30,504,0.00,45.5,1,0,0.00,0.00,0.00,12.00,0.00,0.00,0,0,0.00,0,0.00
2026-03-28 18:22:04,1503.87,0,0,0,0,0,0,0,1.00,0,1.00,3.31,2.03,2.50,1.00,D,2.72,12.00,12.00,12.00,0.79,^,0.00,,14.00,8.30,504,0.00,45.5,1,0,0.00,0.00,0.00,12.00,0.00,0.00,0,0,0.00,0,0.00
2026-03-28 18:22:05,1504.88,0,0,0,0,0,0,0,0.00,0,1.00,3.31,2.03,2.30,1.00,D,2.72,12.00,12.00,12.00,0.53,^,0.00,,14.40,8.30,504,0.00,45.5,1,0,0.00,0.00,0.00,12.00,0.00,0.00,0,0,0.00,0,0.00
2026-03-28 18:22:06,1505.89,0,0,0,0,0,0,0,1.00,0,1.00,3.31,2.03,2.53,1.00,D,2.72,12.00,12.00,12.00,0.56,^,0.00,,15.00,8.30,504,0.00,44.4,1,0,0.00,0.00,0.00,12.00,0.00,0.00,0,0,0.00,0,0.00
2026-03-28 18:22:07,1506.91,0,0,0,0,0,0,0,0.68,0,1.00,3.31,2.03,2.77,1.00,D,2.72,12.00,12.00,2.17,0.58,^,0.00,,13.80,8.30,504,0.00,44.4,1,0,0.00,0.00,0.00,12.00,0.00,0.00,0,0,0.00,0,0.00
2026-03-28 18:22:08,1507.92,0,0,0,0,0,0,0,0.00,0,1.00,3.31,2.03,2.64,1.00,D,2.72,12.00,12.00,2.24,0.55,^,0.00,,16.00,8.30,504,0.00,44.4,1,0,0.00,0.00,0.00,12.00,0.00,0.00,0,0,0.00,0,0.00
2026-03-28 18:22:09,1508.94,0,0,0,0,0,0,0,0.00,0,1.00,3.31,2.04,2.59,1.00,D,2.72,12.00,12.00,2.12,0.52,^,0.00,,14.90,8.30,504,0.00,45.5,1,0,0.00,0.00,0.00,12.00,0.00,0.00,0,0,0.00,0,0.00
2026-03-28 18:22:10,1509.95,0,0,0,0,0,0,0,1.00,0,1.00,3.31,2.04,2.71,1.00,D,2.72,12.00,12.00,12.00,0.85,^,0.00,,13.80,8.30,504,0.00,44.4,1,0,0.00,0.00,0.00,12.00,0.00,0.00,0,0,0.00,0,0.00
2026-03-28 18:22:11,1510.96,0,0,0,0,0,0,0,0.00,0,1.00,3.31,2.04,2.77,1.00,D,2.72,12.00,12.00,1.99,0.74,^,0.00,,12.60,8.20,504,0.00,45.0,1,0,0.00,0.00,0.00,12.00,0.00,0.00,0,0,0.00,0,0.00
2026-03-28 18:22:12,1511.97,0,0,0,0,0,0,0,0.00,0,1.00,3.31,2.04,2.59,1.00,D,2.72,12.00,12.00,1.38,0.69,^,0.00,,13.70,8.30,504,0.00,43.9,1,0,0.00,0.00,0.00,12.00,0.00,0.00,0,0,0.00,0,0.00
2026-03-28 18:22:13,1512.99,0,0,0,0,0,0,0,0.00,0,1.00,3.31,2.04,2.78,1.00,D,2.72,12.00,12.00,12.00,0.63,^,0.00,,11.10,8.20,504,0.00,43.3,1,0,0.00,0.00,0.00,12.00,0.00,0.00,0,0,0.00,0,0.00
2026-03-28 18:22:14,1513.99,0,0,0,0,0,0,0,0.00,0,1.00,3.31,2.04,2.72,1.00,D,2.72,12.00,12.00,12.00,0.85,^,0.00,,12.50,8.30,504,0.00,43.9,1,0,0.00,0.00,0.00,12.00,0.00,0.00,0,0,0.00,0,0.00
2026-03-28 18:22:15,1515.00,0,0,0,0,0,0,0,0.25,0,1.00,3.31,2.04,2.85,1.00,D,2.72,12.00,12.00,12.00,0.91,^,0.00,,14.70,8.30,504,0.00,44.4,1,0,0.00,0.00,0.00,12.00,0.00,0.00,0,0,0.00,0,0.00
2026-03-28 18:22:16,1516.02,0,0,0,0,0,0,0,0.00,0,1.00,3.31,2.04,2.84,1.00,D,2.72,12.00,12.00,2.00,0.83,^,0.00,,14.10,8.30,504,0.00,44.4,1,0,0.00,0.00,0.00,12.00,0.00,0.00,0,0,0.00,0,0.00
2026-03-28 18:22:17,1517.03,0,0,0,0,0,0,0,1.00,0,1.00,3.31,2.04,2.71,1.00,D,2.72,12.00,12.00,1.88,0.70,^,0.00,,11.20,8.30,504,0.00,44.4,1,0,0.00,0.00,0.00,12.00,0.00,0.00,0,0,0.00,0,0.00
2026-03-28 18:22:18,1518.04,0,0,0,0,0,0,0,0.00,0,1.00,3.31,2.04,2.69,1.00,D,2.72,12.00,12.00,12.00,0.65,^,0.00,,13.30,8.30,504,0.00,43.3,1,0,0.00,0.00,0.00,12.00,0.00,0.00,0,0,0.00,0,0.00
2026-03-28 18:22:19,1519.05,0,0,0,0,0,0,0,0.00,0,1.00,3.31,2.04,2.79,1.00,D,2.72,12.00,12.00,1.96,0.64,^,0.00,,14.10,8.30,504,0.00,43.3,1,0,0.00,0.00,0.00,12.00,0.00,0.00,0,0,0.00,0,0.00
2026-03-28 18:22:20,1520.06,0,0,0,0,0,0,0,1.00,0,1.00,3.31,2.04,2.91,1.00,D,2.72,12.00,12.00,12.00,0.71,^,0.00,,13.90,8.30,504,0.00,45.5,1,0,0.00,0.00,0.00,12.00,0.00,0.00,0,0,0.00,0,0.00
2026-03-28 18:22:21,1521.08,0,0,0,0,0,0,0,1.00,0,1.00,3.31,2.04,2.83,1.00,D,2.72,12.00,12.00,2.02,0.94,^,0.00,,12.60,8.30,504,0.00,44.4,1,0,0.00,0.00,0.00,12.00,0.00,0.00,0,0,0.00,0,0.00
2026-03-28 18:22:22,1522.10,0,0,0,0,0,0,0,0.00,0,1.00,3.31,2.04,2.82,1.00,D,2.72,12.00,12.00,1.64,0.72,^,0.00,,13.00,8.30,504,0.00,43.3,1,0,0.00,0.00,0.00,12.00,0.00,0.00,0,0,0.00,0,0.00
2026-03-28 18:22:23,1523.11,0,0,0,0,0,0,0,0.00,0,1.00,3.31,2.04,2.61,1.00,D,2.72,12.00,12.00,1.75,0.57,^,0.00,,13.20,8.30,504,0.00,44.4,1,0,0.00,0.00,0.00,12.00,0.00,0.00,0,0,0.00,0,0.00
2026-03-28 18:22:24,1524.12,0,0,0,0,0,0,0,0.00,0,1.00,3.31,2.04,2.73,1.00,D,2.72,12.00,12.00,12.00,0.60,^,0.00,,16.60,8.30,504,0.00,43.9,1,0,0.00,0.00,0.00,12.00,0.00,0.00,0,0,0.00,0,0.00
2026-03-28 18:22:25,1525.14,0,0,0,0,0,0,0,0.00,0,1.00,3.31,2.04,2.75,1.00,D,2.72,12.00,12.00,12.00,0.80,^,0.00,,14.90,8.30,504,0.00,43.9,1,0,0.00,0.00,0.00,12.00,0.00,0.00,0,0,0.00,0,0.00
2026-03-28 18:22:26,1526.14,0,0,0,0,0,0,0,0.21,0,1.00,3.31,2.04,2.86,1.00,D,2.72,12.00,12.00,12.00,0.83,^,0.00,,15.10,8.30,504,0.00,43.3,1,0,0.00,0.00,0.00,12.00,0.00,0.00,0,0,0.00,0,0.00
2026-03-28 18:22:27,1527.14,0,0,0,0,0,0,0,1.00,0,0.00,3.31,2.04,3.07,0.78,D,2.72,12.00,12.00,12.00,0.89,^,0.00,,17.10,8.30,504,0.00,43.9,1,0,0.00,0.00,0.00,12.00,0.00,0.00,0,0,0.00,0,0.00
2026-03-28 18:22:28,1528.15,0,0,0,0,0,0,0,0.33,0,1.00,3.31,2.04,2.80,1.00,D,2.72,12.00,12.00,1.89,0.56,^,0.00,,17.40,8.30,504,0.00,45.0,1,0,0.00,0.00,0.00,12.00,0.00,0.00,0,0,0.00,0,0.00
2026-03-28 18:22:29,1529.16,0,0,0,0,0,0,0,0.00,0,1.00,3.31,2.05,2.78,1.00,D,2.72,12.00,12.00,2.97,0.65,^,0.00,,15.40,8.30,504,0.00,45.5,1,0,0.00,0.00,0.00,12.00,0.00,0.00,0,0,0.00,0,0.00
2026-03-28 18:22:30,1530.17,0,0,0,0,0,0,0,0.00,0,1.00,3.31,2.05,2.70,1.00,D,2.72,12.00,12.00,12.00,0.82,^,0.00,,14.00,8.30,504,0.00,45.5,1,0,0.00,0.00,0.00,12.00,0.00,0.00,0,0,0.00,0,0.00
2026-03-28 18:22:31,1531.17,0,0,0,0,0,0,0,1.00,0,1.00,3.31,2.05,2.93,1.00,D,2.72,12.00,12.00,1.89,0.90,^,0.00,,16.50,8.30,504,0.00,45.0,1,0,0.00,0.00,0.00,12.00,0.00,0.00,0,0,0.00,0,0.00
2026-03-28 18:22:32,1532.18,0,0,0,0,0,0,0,0.00,0,1.00,3.31,2.05,2.62,1.00,D,2.72,12.00,12.00,1.91,0.65,^,0.00,,14.50,8.30,504,0.00,45.5,1,0,0.00,0.00,0.00,12.00,0.00,0.00,0,0,0.00,0,0.00
2026-03-28 18:22:33,1533.20,0,0,0,0,0,0,0,1.00,0,1.00,3.31,2.05,3.09,1.00,D,2.72,12.00,12.00,1.11,0.76,^,0.00,,15.70,8.20,504,0.00,45.0,1,0,0.00,0.00,0.00,12.00,0.00,0.00,0,0,0.00,0,0.00
2026-03-28 18:22:34,1534.21,0,0,0,0,0,0,0,0.00,0,1.00,3.31,2.05,2.96,1.00,D,2.72,12.00,12.00,0.83,0.63,^,0.00,,15.80,8.30,504,0.00,45.0,1,0,0.00,0.00,0.00,12.00,0.00,0.00,0,0,0.00,0,0.00
2026-03-28 18:22:35,1535.21,0,0,0,0,0,0,0,0.00,0,1.00,3.31,2.05,2.70,1.00,D,2.72,12.00,12.00,12.00,0.55,^,0.00,,17.60,8.30,504,0.00,45.5,1,0,0.00,0.00,0.00,12.00,0.00,0.00,0,0,0.00,0,0.00
2026-03-28 18:22:36,1536.22,0,0,0,0,0,0,0,1.00,0,1.00,3.31,2.05,2.53,1.00,D,2.72,12.00,12.00,12.00,0.50,^,0.00,,14.50,8.30,504,0.00,45.0,1,0,0.00,0.00,0.00,12.00,0.00,0.00,0,0,0.00,0,0.00
2026-03-28 18:22:38,1537.23,0,0,0,0,0,0,0,0.00,0,1.00,3.31,2.05,2.76,1.00,D,2.72,12.00,12.00,12.00,0.83,^,0.00,,13.30,8.30,504,0.00,44.4,1,0,0.00,0.00,0.00,12.00,0.00,0.00,0,0,0.00,0,0.00
2026-03-28 18:22:39,1538.24,0,0,0,0,0,0,0,1.00,0,0.00,3.31,2.05,2.32,0.48,D,2.72,12.00,12.00,12.00,0.81,^,0.00,,15.50,8.30,504,0.00,44.4,1,0,0.00,0.00,0.00,12.00,0.00,0.00,0,0,0.00,0,0.00
2026-03-28 18:22:40,1539.26,0,0,0,0,0,0,0,0.00,0,0.00,3.31,2.05,1.57,0.00,D,2.72,12.00,12.00,12.00,0.81,^,0.00,,16.90,8.30,504,0.00,44.4,1,0,0.00,0.00,0.00,12.00,0.00,0.00,0,0,0.00,0,0.00
2026-03-28 18:22:41,1540.27,0,0,0,0,0,0,0,0.00,0,0.00,3.31,2.05,0.62,0.00,D,2.72,12.00,12.00,12.00,0.79,^,0.00,,5.20,8.30,504,0.00,43.9,1,0,0.00,0.00,0.00,12.00,0.00,0.00,0,0,0.00,0,0.00
2026-03-28 18:22:42,1541.28,0,0,0,0,0,0,0,1.00,0,1.00,3.31,2.05,0.09,0.14,D,2.72,12.00,12.00,12.00,0.67,^,0.00,,5.70,8.30,504,0.00,45.0,1,0,0.00,0.00,0.00,12.00,0.00,0.00,0,0,0.00,0,0.00
2026-03-28 18:22:43,1542.29,0,0,0,0,0,0,0,1.00,0,1.00,3.31,2.05,0.77,0.65,D,2.72,12.00,12.00,12.00,0.55,^,0.00,,5.80,8.30,504,0.00,43.3,1,0,0.00,0.00,0.00,12.00,0.00,0.00,0,0,0.00,0,0.00
2026-03-28 18:22:44,1543.31,0,0,0,0,0,0,0,0.00,0,1.00,3.31,2.05,2.40,1.00,D,2.72,12.00,12.00,12.00,0.98,^,0.00,,9.20,8.30,504,0.00,43.9,1,0,0.00,0.00,0.00,12.00,0.00,0.00,0,0,0.00,0,0.00
2026-03-28 18:22:45,1544.32,0,0,0,0,0,0,0,-1.00,0,1.00,3.31,2.05,2.72,1.00,D,2.72,12.00,12.00,12.00,1.31,^,0.00,,7.60,8.30,504,0.00,43.3,1,0,0.00,0.00,0.00,12.00,0.00,0.00,0,0,0.00,0,0.00
2026-03-28 18:22:46,1545.43,0,0,0,0,0,0,0,0.00,0,1.00,3.31,2.05,2.59,1.00,D,2.72,12.00,12.00,12.00,1.12,^,0.00,,7.90,8.30,504,0.00,44.4,1,0,0.00,0.00,0.00,12.00,0.00,0.00,0,0,0.00,0,0.00
2026-03-28 18:22:47,1546.34,0,0,0,0,0,0,0,1.00,0,1.00,3.31,2.05,2.69,1.00,D,2.72,12.00,12.00,12.00,0.93,^,0.00,,10.40,8.30,504,0.00,44.4,1,0,0.00,0.00,0.00,12.00,0.00,0.00,0,0,0.00,0,0.00
2026-03-28 18:22:48,1547.35,0,0,0,0,0,0,0,0.00,0,1.00,3.31,2.05,2.73,1.00,D,2.72,12.00,12.00,12.00,1.00,^,0.00,,9.70,8.30,504,0.00,43.9,1,0,0.00,0.00,0.00,12.00,0.00,0.00,0,0,0.00,0,0.00
2026-03-28 18:22:49,1548.36,0,0,0,0,0,0,0,0.00,0,1.00,3.31,2.05,2.79,1.00,D,2.72,12.00,12.00,12.00,1.05,^,0.00,,8.20,8.30,504,0.00,42.8,1,0,0.00,0.00,0.00,12.00,0.00,0.00,0,0,0.00,0,0.00
2026-03-28 18:22:50,1549.38,0,0,0,0,0,0,0,0.00,0,1.00,3.31,2.05,2.69,1.00,D,2.72,12.00,12.00,12.00,0.86,^,0.00,,8.20,8.30,504,0.00,42.8,1,0,0.00,0.00,0.00,12.00,0.00,0.00,0,0,0.00,0,0.00
2026-03-28 18:22:51,1550.39,0,0,0,0,0,0,0,0.00,0,1.00,3.31,2.05,2.46,1.00,D,2.72,12.00,12.00,12.00,0.66,^,0.00,,12.30,8.30,504,0.00,44.4,1,0,0.00,0.00,0.00,12.00,0.00,0.00,0,0,0.00,0,0.00
2026-03-28 18:22:52,1551.40,0,0,0,0,0,0,0,0.87,0,1.00,3.31,2.05,2.87,1.00,D,2.72,12.00,12.00,12.00,0.54,^,0.00,,9.90,8.30,504,0.00,44.4,1,0,0.00,0.00,0.00,12.00,0.00,0.00,0,0,0.00,0,0.00
2026-03-28 18:22:53,1552.42,0,0,0,0,0,0,0,0.00,0,1.00,3.31,2.05,2.80,1.00,D,2.72,12.00,12.00,12.00,0.53,^,0.00,,9.60,8.20,504,0.00,43.9,1,0,0.00,0.00,0.00,12.00,0.00,0.00,0,0,0.00,0,0.00
2026-03-28 18:22:54,1553.41,0,0,0,0,0,0,0,0.00,0,1.00,3.31,2.05,2.75,1.00,D,2.72,12.00,12.00,12.00,0.65,^,0.00,,11.80,8.20,504,0.00,44.4,1,0,0.00,0.00,0.00,12.00,0.00,0.00,0,0,0.00,0,0.00
2026-03-28 18:22:55,1554.43,0,0,0,0,0,0,0,0.00,0,1.00,3.31,2.05,2.76,1.00,D,2.72,12.00,12.00,12.00,0.78,^,0.00,,10.30,8.30,504,0.00,45.0,1,0,0.00,0.00,0.00,12.00,0.00,0.00,0,0,0.00,0,0.00
2026-03-28 18:22:56,1555.44,0,0,0,0,0,0,0,0.00,0,1.00,3.31,2.05,2.86,1.00,D,2.72,12.00,12.00,12.00,0.71,^,0.00,,8.90,8.30,504,0.00,44.4,1,0,0.00,0.00,0.00,12.00,0.00,0.00,0,0,0.00,0,0.00
2026-03-28 18:22:57,1556.45,0,0,0,0,0,0,0,0.00,0,1.00,3.31,2.05,2.69,1.00,D,2.72,12.00,12.00,1.72,0.54,^,0.00,,10.30,8.30,504,0.00,44.4,1,0,0.00,0.00,0.00,12.00,0.00,0.00,0,0,0.00,0,0.00
2026-03-28 18:22:58,1557.46,0,0,0,0,0,0,0,0.00,0,1.00,3.31,2.05,2.77,1.00,D,2.72,12.00,12.00,0.86,0.48,^,0.00,,9.70,8.30,504,0.00,44.4,1,0,0.00,0.00,0.00,12.00,0.00,0.00,0,0,0.00,0,0.00
2026-03-28 18:22:59,1558.47,0,0,0,0,0,0,0,0.00,0,1.00,3.31,2.05,2.87,1.00,D,2.72,12.00,12.00,1.17,0.55,^,0.00,,8.60,8.30,504,0.00,43.9,1,0,0.00,0.00,0.00,12.00,0.00,0.00,0,0,0.00,0,0.00
2026-03-28 18:23:00,1559.49,0,0,0,0,0,0,0,0.00,0,1.00,3.31,2.05,2.81,1.00,D,2.72,12.00,12.00,1.05,0.60,^,0.00,,12.90,8.30,504,0.00,44.4,1,0,0.00,0.00,0.00,12.00,0.00,0.00,0,0,0.00,0,0.00
2026-03-28 18:23:01,1560.49,0,0,0,0,0,0,0,0.00,0,1.00,3.31,2.05,2.82,1.00,D,2.72,12.00,12.00,12.00,0.69,^,0.00,,10.30,8.30,504,0.00,42.8,1,0,0.00,0.00,0.00,12.00,0.00,0.00,0,0,0.00,0,0.00
2026-03-28 18:23:02,1561.50,0,0,0,0,0,0,0,0.57,0,1.00,3.31,2.05,2.82,1.00,D,2.72,12.00,12.00,12.00,0.64,^,0.00,,11.10,8.30,504,0.00,43.9,1,0,0.00,0.00,0.00,12.00,0.00,0.00,0,0,0.00,0,0.00
2026-03-28 18:23:03,1562.51,0,0,0,0,0,0,0,0.00,0,1.00,3.31,2.05,2.75,1.00,D,2.72,12.00,12.00,12.00,0.45,^,0.00,,10.40,8.30,504,0.00,44.4,1,0,0.00,0.00,0.00,12.00,0.00,0.00,0,0,0.00,0,0.00
2026-03-28 18:23:04,1563.52,0,0,0,0,0,0,0,0.00,0,1.00,3.31,2.06,2.62,1.00,D,2.72,12.00,12.00,1.91,0.60,^,0.00,,10.60,8.30,504,0.00,44.4,1,0,0.00,0.00,0.00,12.00,0.00,0.00,0,0,0.00,0,0.00
2026-03-28 18:23:05,1564.53,0,0,0,0,0,0,0,1.00,0,1.00,3.31,2.06,2.83,1.00,D,2.72,12.00,0.73,12.00,0.72,^,0.00,,11.10,8.30,504,0.00,43.3,1,0,0.00,0.00,0.00,12.00,0.00,0.00,0,0,0.00,0,0.00
2026-03-28 18:23:06,1565.54,0,0,0,0,0,0,0,0.00,0,1.00,3.31,2.06,2.67,1.00,D,2.72,12.00,12.00,12.00,0.67,^,0.00,,10.60,8.30,504,0.00,43.9,1,0,0.00,0.00,0.00,12.00,0.00,0.00,0,0,0.00,0,0.00
2026-03-28 18:23:07,1566.56,0,0,0,0,0,0,0,0.86,0,1.00,3.31,2.06,2.84,1.00,D,2.72,12.00,12.00,12.00,0.58,^,0.00,,8.70,8.30,504,0.00,44.4,1,0,0.00,0.00,0.00,12.00,0.00,0.00,0,0,0.00,0,0.00
2026-03-28 18:23:08,1567.57,0,0,0,0,0,0,0,0.00,0,1.00,3.31,2.06,2.49,1.00,D,2.72,12.00,12.00,12.00,0.33,^,0.00,,10.90,8.30,504,0.00,44.4,1,0,0.00,0.00,0.00,12.00,0.00,0.00,0,0,0.00,0,0.00
2026-03-28 18:23:09,1568.58,0,0,0,0,0,0,0,0.00,0,1.00,3.31,2.06,2.81,1.00,D,2.72,12.00,12.00,12.00,0.52,^,0.00,,13.20,8.30,504,0.00,44.4,1,0,0.00,0.00,0.00,12.00,0.00,0.00,0,0,0.00,0,0.00
2026-03-28 18:23:10,1569.59,0,0,0,0,0,0,0,0.00,0,1.00,3.31,2.06,2.82,1.00,D,2.72,12.00,12.00,12.00,0.45,^,0.00,,10.40,8.30,504,0.00,44.4,1,0,0.00,0.00,0.00,12.00,0.00,0.00,0,0,0.00,0,0.00
2026-03-28 18:23:11,1570.60,0,0,0,0,0,0,0,0.00,0,1.00,3.31,2.06,2.89,1.00,D,2.72,12.00,12.00,12.00,0.42,^,0.00,,10.60,8.30,504,0.00,43.3,1,0,0.00,0.00,0.00,12.00,0.00,0.00,0,0,0.00,0,0.00
2026-03-28 18:23:12,1571.61,0,0,0,0,0,0,0,0.00,0,1.00,3.31,2.06,2.70,1.00,D,2.72,12.00,12.00,12.00,0.41,^,0.00,,12.30,8.30,504,0.00,43.9,1,0,0.00,0.00,0.00,12.00,0.00,0.00,0,0,0.00,0,0.00
2026-03-28 18:23:13,1572.62,0,0,0,0,0,0,0,0.00,0,1.00,3.31,2.06,2.75,1.00,D,2.72,12.00,12.00,12.00,0.76,^,0.00,,14.20,8.30,504,0.00,43.9,1,0,0.00,0.00,0.00,12.00,0.00,0.00,0,0,0.00,0,0.00
2026-03-28 18:23:14,1573.63,0,0,0,0,0,0,0,0.00,0,1.00,3.31,2.06,2.64,1.00,D,2.72,12.00,12.00,12.00,0.65,^,0.00,,14.40,8.30,504,0.00,44.4,1,0,0.00,0.00,0.00,12.00,0.00,0.00,0,0,0.00,0,0.00
2026-03-28 18:23:15,1574.65,0,0,0,0,0,0,0,1.00,0,1.00,3.31,2.06,2.87,1.00,D,2.72,12.00,12.00,12.00,0.64,^,0.00,,13.00,8.30,504,0.00,45.0,1,0,0.00,0.00,0.00,12.00,0.00,0.00,0,0,0.00,0,0.00
2026-03-28 18:23:16,1575.65,0,0,0,0,0,0,0,1.00,0,1.00,3.31,2.06,2.81,1.00,D,2.72,12.00,12.00,12.00,0.57,^,0.00,,12.60,8.30,504,0.00,43.3,1,0,0.00,0.00,0.00,12.00,0.00,0.00,0,0,0.00,0,0.00
2026-03-28 18:23:17,1576.66,0,0,0,0,0,0,0,0.00,0,1.00,3.31,2.06,2.46,1.00,D,2.72,12.00,12.00,2.10,0.70,^,0.00,,13.00,8.30,504,0.00,44.4,1,0,0.00,0.00,0.00,12.00,0.00,0.00,0,0,0.00,0,0.00
2026-03-28 18:23:18,1577.67,0,0,0,0,0,0,0,0.00,0,1.00,3.31,2.06,2.66,1.00,D,2.72,12.00,12.00,1.47,0.80,^,0.00,,14.60,8.30,504,0.00,45.5,1,0,0.00,0.00,0.00,12.00,0.00,0.00,0,0,0.00,0,0.00
2026-03-28 18:23:19,1578.68,0,0,0,0,0,0,0,1.00,0,1.00,3.31,2.06,2.78,1.00,D,2.72,12.00,12.00,1.35,0.67,^,0.00,,14.80,8.30,504,0.00,43.9,1,0,0.00,0.00,0.00,12.00,0.00,0.00,0,0,0.00,0,0.00
2026-03-28 18:23:20,1579.69,0,0,0,0,0,0,0,0.00,0,1.00,3.31,2.06,2.72,1.00,D,2.72,12.00,12.00,2.38,0.56,^,0.00,,16.40,8.30,504,0.00,44.4,1,0,0.00,0.00,0.00,12.00,0.00,0.00,0,0,0.00,0,0.00
2026-03-28 18:23:21,1580.70,0,0,0,0,0,0,0,1.00,0,1.00,3.31,2.06,2.82,1.00,D,2.72,12.00,12.00,12.00,0.50,^,0.00,,15.20,8.20,504,0.00,45.5,1,0,0.00,0.00,0.00,12.00,0.00,0.00,0,0,0.00,0,0.00
2026-03-28 18:23:22,1581.71,0,0,0,0,0,0,0,0.00,0,1.00,3.31,2.06,2.68,1.00,D,2.72,12.00,12.00,12.00,0.48,^,0.00,,15.10,8.20,504,0.00,44.4,1,0,0.00,0.00,0.00,12.00,0.00,0.00,0,0,0.00,0,0.00
2026-03-28 18:23:23,1582.71,0,0,0,0,0,0,0,0.00,0,1.00,3.31,2.06,2.86,1.00,D,2.72,12.00,12.00,12.00,0.57,^,0.00,,16.50,8.20,504,0.00,45.5,1,0,0.00,0.00,0.00,12.00,0.00,0.00,0,0,0.00,0,0.00
2026-03-28 18:23:24,1583.72,0,0,0,0,0,0,0,0.00,0,1.00,3.31,2.06,2.68,1.00,D,2.72,12.00,12.00,2.18,0.85,^,0.00,,14.40,8.30,504,0.00,43.3,1,0,0.00,0.00,0.00,12.00,0.00,0.00,0,0,0.00,0,0.00
2026-03-28 18:23:25,1584.72,0,0,0,0,0,0,0,1.00,0,1.00,3.31,2.06,2.85,1.00,D,2.72,12.00,12.00,1.70,0.79,^,0.00,,14.50,8.30,504,0.00,44.4,1,0,0.00,0.00,0.00,12.00,0.00,0.00,0,0,0.00,0,0.00
2026-03-28 18:23:26,1585.73,0,0,0,0,0,0,0,0.00,0,1.00,3.31,2.07,2.73,1.00,D,2.72,12.00,12.00,1.60,0.62,^,0.00,,14.40,8.30,504,0.00,45.5,1,0,0.00,0.00,0.00,12.00,0.00,0.00,0,0,0.00,0,0.00
2026-03-28 18:23:27,1586.74,0,0,0,0,0,0,0,0.00,0,1.00,3.31,2.07,2.79,1.00,D,2.72,12.00,12.00,1.65,0.59,^,0.00,,15.70,8.20,504,0.00,44.4,1,0,0.00,0.00,0.00,12.00,0.00,0.00,0,0,0.00,0,0.00
2026-03-28 18:23:28,1587.75,0,0,0,0,0,0,0,0.00,0,1.00,3.31,2.07,2.74,1.00,D,2.72,12.00,12.00,1.40,0.56,^,0.00,,14.60,8.20,504,0.00,43.3,1,0,0.00,0.00,0.00,12.00,0.00,0.00,0,0,0.00,0,0.00
2026-03-28 18:23:29,1588.76,0,0,0,0,0,0,0,0.00,0,1.00,3.31,2.07,2.73,1.00,D,2.72,12.00,12.00,1.41,0.57,^,0.00,,13.70,8.30,504,0.00,44.4,1,0,0.00,0.00,0.00,12.00,0.00,0.00,0,0,0.00,0,0.00
2026-03-28 18:23:30,1589.78,0,0,0,0,0,0,0,0.00,0,1.00,3.31,2.07,2.44,1.00,D,2.72,12.00,12.00,1.61,0.72,^,0.00,,16.70,8.30,504,0.00,44.4,1,0,0.00,0.00,0.00,12.00,0.00,0.00,0,0,0.00,0,0.00
2026-03-28 18:23:31,1590.79,0,0,0,0,0,0,0,0.00,0,1.00,3.31,2.07,2.74,1.00,D,2.72,12.00,12.00,1.47,0.60,^,0.00,,13.90,8.30,504,0.00,44.4,1,0,0.00,0.00,0.00,12.00,0.00,0.00,0,0,0.00,0,0.00
2026-03-28 18:23:32,1591.81,0,0,0,0,0,0,0,0.00,0,1.00,3.31,2.07,2.62,1.00,D,2.72,12.00,12.00,1.23,0.51,^,0.00,,12.60,8.30,504,0.00,42.8,1,0,0.00,0.00,0.00,12.00,0.00,0.00,0,0,0.00,0,0.00
2026-03-28 18:23:33,1592.82,0,0,0,0,0,0,0,0.00,0,1.00,3.31,2.07,2.80,1.00,D,2.72,12.00,12.00,0.96,0.53,^,0.00,,14.30,8.30,504,0.00,43.9,1,0,0.00,0.00,0.00,12.00,0.00,0.00,0,0,0.00,0,0.00
2026-03-28 18:23:34,1593.82,0,0,0,0,0,0,0,0.73,0,1.00,3.31,2.07,2.77,1.00,D,2.72,12.00,12.00,1.38,0.50,^,0.00,,14.30,8.30,504,0.00,44.4,1,0,0.00,0.00,0.00,12.00,0.00,0.00,0,0,0.00,0,0.00
2026-03-28 18:23:35,1594.83,0,0,0,0,0,0,0,0.74,0,1.00,3.31,2.07,2.79,1.00,D,2.72,12.00,12.00,1.65,0.76,^,0.00,,12.70,8.30,504,0.00,42.8,1,0,0.00,0.00,0.00,12.00,0.00,0.00,0,0,0.00,0,0.00
2026-03-28 18:23:36,1595.84,0,0,0,0,0,0,0,0.00,0,1.00,3.31,2.07,2.69,1.00,D,2.72,12.00,12.00,1.68,0.76,^,0.00,,15.50,8.30,504,0.00,43.3,1,0,0.00,0.00,0.00,12.00,0.00,0.00,0,0,0.00,0,0.00
2026-03-28 18:23:37,1596.85,0,0,0,0,0,0,0,0.00,0,1.00,3.31,2.07,2.74,1.00,D,2.72,1.82,12.00,1.60,0.65,^,0.00,,13.60,8.30,504,0.00,43.9,1,0,0.00,0.00,0.00,1.82,0.00,0.00,0,0,0.00,0,0.00
2026-03-28 18:23:38,1597.86,0,0,0,0,0,0,0,0.47,0,1.00,3.31,2.07,2.61,1.00,D,2.72,1.06,12.00,0.95,0.54,^,0.00,,16.90,8.30,504,0.00,44.4,1,0,0.00,0.00,0.00,1.06,0.00,0.00,0,0,0.00,0,0.00
2026-03-28 18:23:39,1598.88,0,0,0,0,0,0,0,0.00,0,1.00,3.31,2.07,2.85,1.00,D,2.72,0.34,12.00,0.22,0.24,STOP_WARNING,0.00,,13.30,8.30,504,0.00,43.9,1,0,0.00,0.00,0.00,0.34,0.00,0.00,0,0,0.00,0,0.00
2026-03-28 18:23:40,1599.88,0,0,0,0,0,0,0,0.00,0,1.00,3.31,2.07,2.77,1.00,D,2.72,12.00,12.00,0.40,0.29,^,0.00,,14.60,8.30,504,0.00,43.3,1,0,0.00,0.00,0.00,12.00,0.00,0.00,0,0,0.00,0,0.00
2026-03-28 18:23:41,1600.89,0,0,0,0,0,0,0,0.24,0,1.00,3.31,2.07,2.87,1.00,D,2.72,12.00,12.00,1.44,0.81,^,0.00,,14.50,8.30,504,0.00,43.9,1,0,0.00,0.00,0.00,12.00,0.00,0.00,0,0,0.00,0,0.00
2026-03-28 18:23:42,1601.90,0,0,0,0,0,0,0,1.00,0,1.00,3.31,2.07,2.40,1.00,D,2.72,12.00,12.00,1.65,0.72,^,0.00,,15.40,8.30,504,0.00,43.3,1,0,0.00,0.00,0.00,12.00,0.00,0.00,0,0,0.00,0,0.00
2026-03-28 18:23:43,1602.91,0,0,0,0,0,0,0,0.00,0,1.00,3.31,2.07,2.81,1.00,D,2.72,12.00,12.00,1.17,0.56,^,0.00,,16.40,8.30,504,0.00,44.4,1,0,0.00,0.00,0.00,12.00,0.00,0.00,0,0,0.00,0,0.00
2026-03-28 18:23:44,1604.03,0,0,0,0,0,0,0,0.00,0,1.00,3.31,2.07,2.77,1.00,D,2.72,12.00,12.00,1.39,0.56,^,0.00,,15.60,8.30,504,0.00,44.4,1,0,0.00,0.00,0.00,12.00,0.00,0.00,0,0,0.00,0,0.00
2026-03-28 18:23:45,1604.93,0,0,0,0,0,0,0,1.00,0,1.00,3.31,2.07,2.91,1.00,D,2.72,12.00,12.00,1.64,0.59,^,0.00,,12.20,8.30,504,0.00,43.9,1,0,0.00,0.00,0.00,12.00,0.00,0.00,0,0,0.00,0,0.00
2026-03-28 18:23:46,1605.95,0,0,0,0,0,0,0,0.69,0,1.00,3.31,2.07,2.66,1.00,D,2.72,12.00,12.00,1.97,0.76,^,0.00,,16.90,8.30,504,0.00,45.0,1,0,0.00,0.00,0.00,12.00,0.00,0.00,0,0,0.00,0,0.00
2026-03-28 18:23:47,1606.96,0,0,0,0,0,0,0,0.00,0,1.00,3.31,2.07,2.67,1.00,D,2.72,12.00,12.00,1.88,0.72,^,0.00,,13.60,8.30,504,0.00,43.3,1,0,0.00,0.00,0.00,12.00,0.00,0.00,0,0,0.00,0,0.00
2026-03-28 18:23:48,1607.97,0,0,0,0,0,0,0,0.00,0,1.00,3.31,2.07,2.73,1.00,D,2.72,12.00,12.00,1.75,0.63,^,0.00,,15.10,8.30,504,0.00,43.9,1,0,0.00,0.00,0.00,12.00,0.00,0.00,0,0,0.00,0,0.00
2026-03-28 18:23:49,1608.98,0,0,0,0,0,0,0,0.00,0,1.00,3.31,2.07,2.82,1.00,D,2.72,12.00,12.00,1.90,0.56,^,0.00,,12.50,8.30,504,0.00,43.9,1,0,0.00,0.00,0.00,12.00,0.00,0.00,0,0,0.00,0,0.00
2026-03-28 18:23:50,1610.00,0,0,0,0,0,0,0,0.00,0,1.00,3.31,2.08,2.87,1.00,D,2.72,12.00,12.00,12.00,0.59,^,0.00,,13.40,8.30,504,0.00,43.9,1,0,0.00,0.00,0.00,12.00,0.00,0.00,0,0,0.00,0,0.00
2026-03-28 18:23:51,1611.01,0,0,0,0,0,0,0,1.00,0,1.00,3.31,2.08,2.59,1.00,D,2.72,12.00,12.00,12.00,0.68,^,0.00,,15.30,8.30,504,0.00,43.9,1,0,0.00,0.00,0.00,12.00,0.00,0.00,0,0,0.00,0,0.00
2026-03-28 18:23:52,1612.02,0,0,0,0,0,0,0,0.00,0,1.00,3.31,2.08,2.70,1.00,D,2.72,12.00,12.00,12.00,0.67,^,0.00,,14.30,8.30,504,0.00,43.3,1,0,0.00,0.00,0.00,12.00,0.00,0.00,0,0,0.00,0,0.00
2026-03-28 18:23:53,1613.03,0,0,0,0,0,0,0,1.00,0,1.00,3.31,2.08,2.93,1.00,D,2.72,12.00,12.00,12.00,0.85,^,0.00,,12.10,8.30,504,0.00,43.3,1,0,0.00,0.00,0.00,12.00,0.00,0.00,0,0,0.00,0,0.00
2026-03-28 18:23:54,1614.04,0,0,0,0,0,0,0,1.00,0,1.00,3.31,2.08,2.81,1.00,D,2.72,12.00,12.00,12.00,1.00,^,0.00,,15.20,8.30,504,0.00,44.4,1,0,0.00,0.00,0.00,12.00,0.00,0.00,0,0,0.00,0,0.00
2026-03-28 18:23:55,1615.05,0,0,0,0,0,0,0,0.00,0,1.00,3.31,2.08,2.69,1.00,D,2.72,12.00,12.00,12.00,0.63,^,0.00,,14.00,8.30,504,0.00,44.4,1,0,0.00,0.00,0.00,12.00,0.00,0.00,0,0,0.00,0,0.00
2026-03-28 18:23:56,1616.06,0,0,0,0,0,0,0,1.00,0,1.00,3.31,2.08,2.84,1.00,D,2.72,12.00,12.00,1.70,0.46,^,0.00,,14.10,8.30,504,0.00,45.0,1,0,0.00,0.00,0.00,12.00,0.00,0.00,0,0,0.00,0,0.00
2026-03-28 18:23:57,1617.08,0,0,0,0,0,0,0,0.00,0,1.00,3.31,2.08,2.65,1.00,D,2.72,12.00,12.00,12.00,0.82,^,0.00,,15.70,8.30,504,0.00,45.0,1,0,0.00,0.00,0.00,12.00,0.00,0.00,0,0,0.00,0,0.00
2026-03-28 18:23:58,1618.09,0,0,0,0,0,0,0,-0.41,0,1.00,3.31,2.08,2.60,1.00,D,2.72,12.00,12.00,1.63,0.57,^,0.00,,18.30,8.30,504,0.00,45.0,1,0,0.00,0.00,0.00,12.00,0.00,0.00,0,0,0.00,0,0.00
2026-03-28 18:23:59,1619.11,0,0,0,0,0,0,0,0.00,0,1.00,3.31,2.08,2.61,1.00,D,2.72,1.70,12.00,1.34,0.57,^,0.00,,15.50,8.30,504,0.00,45.5,1,0,0.00,0.00,0.00,1.70,0.00,0.00,0,0,0.00,0,0.00
2026-03-28 18:24:00,1620.12,0,0,0,0,0,0,0,0.00,0,1.00,3.31,2.08,2.77,1.00,D,2.72,1.49,12.00,0.72,0.58,^,0.00,,11.10,8.30,504,0.00,45.5,1,0,0.00,0.00,0.00,1.49,0.00,0.00,0,0,0.00,0,0.00
2026-03-28 18:24:02,1621.24,0,0,0,0,0,0,0,1.00,0,1.00,3.31,2.08,2.80,1.00,D,2.72,12.00,12.00,0.42,0.61,^,0.00,,13.40,8.30,504,0.00,45.5,1,0,0.00,0.00,0.00,12.00,0.00,0.00,0,0,0.00,0,0.00
2026-03-28 18:24:02,1622.14,0,0,0,0,0,0,0,0.26,0,1.00,3.31,2.08,2.76,1.00,D,2.72,12.00,12.00,1.06,0.78,^,0.00,,13.80,8.30,504,0.00,45.5,1,0,0.00,0.00,0.00,12.00,0.00,0.00,0,0,0.00,0,0.00
2026-03-28 18:24:03,1623.15,0,0,0,0,0,0,0,0.00,0,1.00,3.31,2.08,2.75,1.00,D,2.72,12.00,12.00,12.00,0.62,^,0.00,,14.30,8.30,504,0.00,45.5,1,0,0.00,0.00,0.00,12.00,0.00,0.00,0,0,0.00,0,0.00
2026-03-28 18:24:04,1624.16,0,0,0,0,0,0,0,-0.26,0,1.00,3.31,2.08,2.69,1.00,D,2.72,12.00,12.00,12.00,0.59,^,0.00,,14.60,8.30,504,0.00,44.4,1,0,0.00,0.00,0.00,12.00,0.00,0.00,0,0,0.00,0,0.00
2026-03-28 18:24:05,1625.18,0,0,0,0,0,0,0,0.00,0,1.00,3.31,2.08,2.36,1.00,D,2.72,12.00,12.00,12.00,0.50,^,0.00,,16.70,8.30,504,0.00,43.9,1,0,0.00,0.00,0.00,12.00,0.00,0.00,0,0,0.00,0,0.00
2026-03-28 18:24:06,1626.19,0,0,0,0,0,0,0,0.00,0,1.00,3.31,2.08,2.85,1.00,D,2.72,12.00,12.00,1.38,0.66,^,0.00,,14.30,8.30,504,0.00,46.1,1,0,0.00,0.00,0.00,12.00,0.00,0.00,0,0,0.00,0,0.00
2026-03-28 18:24:07,1627.19,0,0,0,0,0,0,0,1.00,0,1.00,3.31,2.08,2.74,1.00,D,2.72,12.00,12.00,12.00,0.59,^,0.00,,18.00,8.30,504,0.00,45.0,1,0,0.00,0.00,0.00,12.00,0.00,0.00,0,0,0.00,0,0.00
2026-03-28 18:24:08,1628.20,0,0,0,0,0,0,0,0.00,0,1.00,3.31,2.08,2.60,1.00,D,2.72,12.00,12.00,1.85,0.54,^,0.00,,8.30,8.30,504,0.00,45.5,1,0,0.00,0.00,0.00,12.00,0.00,0.00,0,0,0.00,0,0.00
2026-03-28 18:24:09,1629.22,0,0,0,0,0,0,0,0.00,0,1.00,3.31,2.08,2.73,1.00,D,2.72,12.00,12.00,12.00,0.36,^,0.00,,9.30,8.30,504,0.00,45.0,1,0,0.00,0.00,0.00,12.00,0.00,0.00,0,0,0.00,0,0.00
2026-03-28 18:24:10,1630.23,0,0,0,0,0,0,0,0.00,0,1.00,3.31,2.08,2.58,1.00,D,2.72,12.00,12.00,12.00,0.53,^,0.00,,10.20,8.30,504,0.00,45.0,1,0,0.00,0.00,0.00,12.00,0.00,0.00,0,0,0.00,0,0.00
2026-03-28 18:24:12,1631.24,0,0,0,0,0,0,0,0.00,0,1.00,3.31,2.08,2.58,1.00,D,2.72,12.00,12.00,12.00,0.70,^,0.00,,9.20,8.30,504,0.00,43.9,1,0,0.00,0.00,0.00,12.00,0.00,0.00,0,0,0.00,0,0.00
2026-03-28 18:24:13,1632.25,0,0,0,0,0,0,0,0.00,0,1.00,3.31,2.08,2.79,1.00,D,2.72,12.00,12.00,1.67,0.64,^,0.00,,10.50,8.30,504,0.00,45.0,1,0,0.00,0.00,0.00,12.00,0.00,0.00,0,0,0.00,0,0.00
2026-03-28 18:24:14,1633.27,0,0,0,0,0,0,0,0.00,0,1.00,3.31,2.08,2.71,1.00,D,2.72,12.00,12.00,12.00,0.52,^,0.00,,8.20,8.30,504,0.00,44.4,1,0,0.00,0.00,0.00,12.00,0.00,0.00,0,0,0.00,0,0.00
2026-03-28 18:24:15,1634.28,0,0,0,0,0,0,0,0.25,0,1.00,3.31,2.08,2.52,1.00,D,2.72,12.00,12.00,12.00,0.36,^,0.00,,10.20,8.30,504,0.00,43.9,1,0,0.00,0.00,0.00,12.00,0.00,0.00,0,0,0.00,0,0.00
2026-03-28 18:24:16,1635.30,0,0,0,0,0,0,0,-1.00,0,1.00,3.31,2.08,2.64,1.00,D,2.72,12.00,12.00,12.00,0.53,^,0.00,,9.20,8.30,504,0.00,45.0,1,0,0.00,0.00,0.00,12.00,0.00,0.00,0,0,0.00,0,0.00
2026-03-28 18:24:17,1636.31,0,0,0,0,0,0,0,0.00,0,1.00,3.31,2.08,2.37,1.00,D,2.72,12.00,12.00,12.00,0.48,^,0.00,,12.10,8.30,504,0.00,46.1,1,0,0.00,0.00,0.00,12.00,0.00,0.00,0,0,0.00,0,0.00
2026-03-28 18:24:18,1637.33,0,0,0,0,0,0,0,0.43,0,1.00,3.31,2.09,2.80,1.00,D,2.72,12.00,12.00,12.00,0.56,^,0.00,,11.90,8.30,504,0.00,43.9,1,0,0.00,0.00,0.00,12.00,0.00,0.00,0,0,0.00,0,0.00
2026-03-28 18:24:19,1638.34,0,0,0,0,0,0,0,0.00,0,1.00,3.31,2.09,2.75,1.00,D,2.72,12.00,12.00,12.00,0.62,^,0.00,,9.20,8.30,504,0.00,43.9,1,0,0.00,0.00,0.00,12.00,0.00,0.00,0,0,0.00,0,0.00
2026-03-28 18:24:20,1639.35,0,0,0,0,0,0,0,0.16,0,1.00,3.31,2.09,2.86,1.00,D,2.72,12.00,0.40,12.00,0.41,^,0.00,,9.20,8.30,504,0.00,45.5,1,0,0.00,0.00,0.00,12.00,0.00,0.00,0,0,0.00,0,0.00
2026-03-28 18:24:21,1640.36,0,0,0,0,0,0,0,0.00,0,1.00,3.31,2.09,2.76,1.00,D,2.72,12.00,12.00,12.00,0.50,^,0.00,,11.00,8.30,504,0.00,43.9,1,0,0.00,0.00,0.00,12.00,0.00,0.00,0,0,0.00,0,0.00
2026-03-28 18:24:22,1641.38,0,0,0,0,0,0,0,0.00,0,1.00,3.31,2.09,2.70,1.00,D,2.72,12.00,12.00,1.49,0.73,^,0.00,,7.60,8.30,504,0.00,45.5,1,0,0.00,0.00,0.00,12.00,0.00,0.00,0,0,0.00,0,0.00
2026-03-28 18:24:23,1642.39,0,0,0,0,0,0,0,0.00,0,1.00,3.31,2.09,2.66,1.00,D,2.72,12.00,12.00,1.45,0.65,^,0.00,,8.10,8.30,504,0.00,43.9,1,0,0.00,0.00,0.00,12.00,0.00,0.00,0,0,0.00,0,0.00
2026-03-28 18:24:24,1643.40,0,0,0,0,0,0,0,0.00,0,1.00,3.31,2.09,2.63,1.00,D,2.72,12.00,12.00,1.86,0.61,^,0.00,,7.00,8.30,504,0.00,45.5,1,0,0.00,0.00,0.00,12.00,0.00,0.00,0,0,0.00,0,0.00
2026-03-28 18:24:25,1644.42,0,0,0,0,0,0,0,1.00,0,1.00,3.31,2.09,2.41,1.00,D,2.72,12.00,12.00,12.00,0.48,^,0.00,,11.80,8.30,504,0.00,45.5,1,0,0.00,0.00,0.00,12.00,0.00,0.00,0,0,0.00,0,0.00
2026-03-28 18:24:26,1645.43,0,0,0,0,0,0,0,0.00,0,1.00,3.31,2.09,2.76,1.00,D,2.72,12.00,12.00,12.00,0.87,^,0.00,,8.40,8.30,504,0.00,45.5,1,0,0.00,0.00,0.00,12.00,0.00,0.00,0,0,0.00,0,0.00
2026-03-28 18:24:27,1646.44,0,0,0,0,0,0,0,0.00,0,1.00,3.31,2.09,2.83,1.00,D,2.72,12.00,12.00,12.00,0.77,^,0.00,,9.00,8.30,504,0.00,43.9,1,0,0.00,0.00,0.00,12.00,0.00,0.00,0,0,0.00,0,0.00
2026-03-28 18:24:28,1647.45,0,0,0,0,0,0,0,0.00,0,1.00,3.31,2.09,2.84,1.00,D,2.72,12.00,12.00,12.00,0.62,^,0.00,,10.00,8.30,504,0.00,45.0,1,0,0.00,0.00,0.00,12.00,0.00,0.00,0,0,0.00,0,0.00
2026-03-28 18:24:29,1648.47,0,0,0,0,0,0,0,0.00,0,1.00,3.31,2.09,2.64,1.00,D,2.72,12.00,12.00,12.00,0.53,^,0.00,,10.30,8.30,504,0.00,45.5,1,0,0.00,0.00,0.00,12.00,0.00,0.00,0,0,0.00,0,0.00
2026-03-28 18:24:30,1649.48,0,0,0,0,0,0,0,1.00,0,1.00,3.31,2.09,2.72,1.00,D,2.72,12.00,12.00,12.00,0.51,^,0.00,,11.40,8.30,504,0.00,44.4,1,0,0.00,0.00,0.00,12.00,0.00,0.00,0,0,0.00,0,0.00
2026-03-28 18:24:31,1650.49,0,0,0,0,0,0,0,0.00,0,1.00,3.31,2.09,2.61,1.00,D,2.72,12.00,12.00,12.00,0.58,^,0.00,,10.70,8.30,504,0.00,45.5,1,0,0.00,0.00,0.00,12.00,0.00,0.00,0,0,0.00,0,0.00
2026-03-28 18:24:32,1651.50,0,0,0,0,0,0,0,0.25,0,1.00,3.31,2.09,2.73,1.00,D,2.72,12.00,12.00,12.00,0.72,^,0.00,,11.20,8.30,504,0.00,43.9,1,0,0.00,0.00,0.00,12.00,0.00,0.00,0,0,0.00,0,0.00
2026-03-28 18:24:33,1652.51,0,0,0,0,0,0,0,1.00,0,1.00,3.31,2.09,2.81,1.00,D,2.72,12.00,12.00,12.00,0.51,^,0.00,,9.90,8.30,504,0.00,45.0,1,0,0.00,0.00,0.00,12.00,0.00,0.00,0,0,0.00,0,0.00
2026-03-28 18:24:34,1653.53,0,0,0,0,0,0,0,0.00,0,1.00,3.31,2.09,2.59,1.00,D,2.72,12.00,12.00,12.00,0.48,^,0.00,,10.10,8.30,504,0.00,45.5,1,0,0.00,0.00,0.00,12.00,0.00,0.00,0,0,0.00,0,0.00
2026-03-28 18:24:35,1654.54,0,0,0,0,0,0,0,0.00,0,1.00,3.31,2.09,2.74,1.00,D,2.72,12.00,12.00,12.00,0.36,^,0.00,,10.00,8.30,504,0.00,44.4,1,0,0.00,0.00,0.00,12.00,0.00,0.00,0,0,0.00,0,0.00
2026-03-28 18:24:36,1655.55,0,0,0,0,0,0,0,0.59,0,1.00,3.31,2.09,2.66,1.00,D,2.72,12.00,12.00,12.00,0.48,^,0.00,,9.80,8.30,504,0.00,45.0,1,0,0.00,0.00,0.00,12.00,0.00,0.00,0,0,0.00,0,0.00
2026-03-28 18:24:37,1656.57,0,0,0,0,0,0,0,0.00,0,1.00,3.31,2.09,2.71,1.00,D,2.72,12.00,12.00,12.00,0.26,^,0.00,,10.10,8.30,504,0.00,45.5,1,0,0.00,0.00,0.00,12.00,0.00,0.00,0,0,0.00,0,0.00
2026-03-28 18:24:38,1657.58,0,0,0,0,0,0,0,0.00,0,1.00,3.31,2.09,2.48,1.00,D,2.72,12.00,12.00,12.00,0.42,^,0.00,,13.00,8.30,504,0.00,44.4,1,0,0.00,0.00,0.00,12.00,0.00,0.00,0,0,0.00,0,0.00
2026-03-28 18:24:39,1658.60,0,0,0,0,0,0,0,1.00,0,1.00,3.31,2.09,2.71,1.00,D,2.72,12.00,12.00,12.00,0.48,^,0.00,,10.60,8.30,504,0.00,45.5,1,0,0.00,0.00,0.00,12.00,0.00,0.00,0,0,0.00,0,0.00
2026-03-28 18:24:40,1659.61,0,0,0,0,0,0,0,0.00,0,1.00,3.31,2.09,2.76,1.00,D,2.72,12.00,12.00,12.00,0.66,^,0.00,,12.70,8.30,504,0.00,45.5,1,0,0.00,0.00,0.00,12.00,0.00,0.00,0,0,0.00,0,0.00
2026-03-28 18:24:41,1660.62,0,0,0,0,0,0,0,0.00,0,1.00,3.31,2.09,2.70,1.00,D,2.72,12.00,12.00,12.00,0.85,^,0.00,,11.90,8.30,504,0.00,45.5,1,0,0.00,0.00,0.00,12.00,0.00,0.00,0,0,0.00,0,0.00
2026-03-28 18:24:42,1661.64,0,0,0,0,0,0,0,0.00,0,1.00,3.31,2.09,2.65,1.00,D,2.72,12.00,12.00,12.00,0.84,^,0.00,,12.90,8.30,504,0.00,45.5,1,0,0.00,0.00,0.00,12.00,0.00,0.00,0,0,0.00,0,0.00
2026-03-28 18:24:43,1662.65,0,0,0,0,0,0,0,0.80,0,1.00,3.31,2.09,2.67,1.00,D,2.72,12.00,12.00,2.14,0.83,^,0.00,,14.60,8.30,504,0.00,45.5,1,0,0.00,0.00,0.00,12.00,0.00,0.00,0,0,0.00,0,0.00
2026-03-28 18:24:44,1663.66,0,0,0,0,0,0,0,0.00,0,1.00,3.31,2.09,2.56,1.00,D,2.72,12.00,12.00,1.59,0.70,^,0.00,,14.30,8.30,504,0.00,45.5,1,0,0.00,0.00,0.00,12.00,0.00,0.00,0,0,0.00,0,0.00
2026-03-28 18:24:45,1664.68,0,0,0,0,0,0,0,0.00,0,1.00,3.31,2.10,2.67,1.00,D,2.72,12.00,12.00,1.31,0.65,^,0.00,,12.90,8.30,504,0.00,43.9,1,0,0.00,0.00,0.00,12.00,0.00,0.00,0,0,0.00,0,0.00
2026-03-28 18:24:46,1665.69,0,0,0,0,0,0,0,1.00,0,1.00,3.31,2.10,2.63,1.00,D,2.72,12.00,12.00,12.00,0.54,^,0.00,,14.80,8.30,504,0.00,45.5,1,0,0.00,0.00,0.00,12.00,0.00,0.00,0,0,0.00,0,0.00
2026-03-28 18:24:47,1666.71,0,0,0,0,0,0,0,0.00,0,1.00,3.31,2.10,2.72,1.00,D,2.72,12.00,12.00,12.00,0.47,^,0.00,,14.10,8.30,504,0.00,45.5,1,0,0.00,0.00,0.00,12.00,0.00,0.00,0,0,0.00,0,0.00
2026-03-28 18:24:48,1667.72,0,0,0,0,0,0,0,0.00,0,1.00,3.31,2.10,2.53,1.00,D,2.72,12.00,12.00,12.00,0.64,^,0.00,,16.00,8.30,504,0.00,45.0,1,0,0.00,0.00,0.00,12.00,0.00,0.00,0,0,0.00,0,0.00
2026-03-28 18:24:49,1668.73,0,0,0,0,0,0,0,0.86,0,1.00,3.31,2.10,2.75,1.00,D,2.72,12.00,12.00,12.00,0.68,^,0.00,,13.90,8.30,504,0.00,43.9,1,0,0.00,0.00,0.00,12.00,0.00,0.00,0,0,0.00,0,0.00
2026-03-28 18:24:50,1669.74,0,0,0,0,0,0,0,0.00,0,1.00,3.31,2.10,2.58,1.00,D,2.72,12.00,12.00,12.00,0.62,^,0.00,,14.90,8.30,504,0.00,45.5,1,0,0.00,0.00,0.00,12.00,0.00,0.00,0,0,0.00,0,0.00
2026-03-28 18:24:51,1670.74,0,0,0,0,0,0,0,0.00,0,1.00,3.31,2.10,2.65,1.00,D,2.72,12.00,12.00,12.00,0.41,^,0.00,,14.30,8.30,504,0.00,44.4,1,0,0.00,0.00,0.00,12.00,0.00,0.00,0,0,0.00,0,0.00
2026-03-28 18:24:52,1671.75,0,0,0,0,0,0,0,0.00,0,1.00,3.31,2.10,2.62,1.00,D,2.72,12.00,12.00,12.00,0.45,^,0.00,,15.20,8.30,504,0.00,46.1,1,0,0.00,0.00,0.00,12.00,0.00,0.00,0,0,0.00,0,0.00
2026-03-28 18:24:53,1672.77,0,0,0,0,0,0,0,1.00,0,1.00,3.31,2.10,2.77,1.00,D,2.72,12.00,12.00,12.00,0.68,^,0.00,,13.70,8.30,504,0.00,45.5,1,0,0.00,0.00,0.00,12.00,0.00,0.00,0,0,0.00,0,0.00
2026-03-28 18:24:54,1673.78,0,0,0,0,0,0,0,0.00,0,1.00,3.31,2.10,2.49,1.00,D,2.72,12.00,12.00,12.00,0.55,^,0.00,,13.90,8.30,504,0.00,46.1,1,0,0.00,0.00,0.00,12.00,0.00,0.00,0,0,0.00,0,0.00
2026-03-28 18:24:55,1674.79,0,0,0,0,0,0,0,0.00,0,1.00,3.31,2.10,2.69,1.00,D,2.72,12.00,12.00,12.00,0.41,^,0.00,,16.50,8.30,504,0.00,45.0,1,0,0.00,0.00,0.00,12.00,0.00,0.00,0,0,0.00,0,0.00
2026-03-28 18:24:56,1675.80,0,0,0,0,0,0,0,0.00,0,1.00,3.31,2.10,2.70,1.00,D,2.72,12.00,12.00,12.00,0.42,^,0.00,,13.90,8.30,504,0.00,44.4,1,0,0.00,0.00,0.00,12.00,0.00,0.00,0,0,0.00,0,0.00
2026-03-28 18:24:57,1676.82,0,0,0,0,0,0,0,0.00,0,1.00,3.31,2.10,2.78,1.00,D,2.72,12.00,12.00,12.00,0.68,^,0.00,,11.70,8.30,504,0.00,45.5,1,0,0.00,0.00,0.00,12.00,0.00,0.00,0,0,0.00,0,0.00
2026-03-28 18:24:58,1677.82,0,0,0,0,0,0,0,0.00,0,1.00,3.31,2.10,2.32,1.00,D,2.72,12.00,12.00,12.00,0.56,^,0.00,,15.40,8.30,504,0.00,46.1,1,0,0.00,0.00,0.00,12.00,0.00,0.00,0,0,0.00,0,0.00
2026-03-28 18:24:59,1678.83,0,0,0,0,0,0,0,0.00,0,0.91,3.31,2.10,2.69,0.97,D,2.72,12.00,12.00,12.00,0.60,^,0.00,,12.20,8.30,504,0.00,46.1,1,0,0.00,0.00,0.00,12.00,0.00,0.00,0,0,0.00,0,0.00
2026-03-28 18:25:00,1679.84,0,0,0,0,0,0,0,0.19,0,1.00,3.31,2.10,2.60,1.00,D,2.72,12.00,12.00,2.22,0.61,^,0.00,,14.50,8.30,504,0.00,45.0,1,0,0.00,0.00,0.00,12.00,0.00,0.00,0,0,0.00,0,0.00
2026-03-28 18:25:01,1680.85,0,0,0,0,0,0,0,0.00,0,1.00,3.31,2.10,2.69,1.00,D,2.72,12.00,12.00,1.51,0.84,^,0.00,,12.10,8.30,504,0.00,45.0,1,0,0.00,0.00,0.00,12.00,0.00,0.00,0,0,0.00,0,0.00
2026-03-28 18:25:02,1681.87,0,0,0,0,0,0,0,0.21,0,0.98,3.31,2.10,2.28,0.98,D,2.72,12.00,12.00,12.00,0.61,^,0.00,,16.50,8.30,504,0.00,46.1,1,0,0.00,0.00,0.00,12.00,0.00,0.00,0,0,0.00,0,0.00
2026-03-28 18:25:03,1682.87,0,0,0,0,0,0,0,0.32,0,1.00,3.31,2.10,2.34,1.00,D,2.72,12.00,12.00,12.00,0.58,^,0.00,,14.90,8.30,504,0.00,46.1,1,0,0.00,0.00,0.00,12.00,0.00,0.00,0,0,0.00,0,0.00
2026-03-28 18:25:04,1683.88,0,0,0,0,0,0,0,1.00,0,1.00,3.31,2.10,2.54,1.00,D,2.72,12.00,12.00,12.00,0.81,^,0.00,,16.50,8.30,504,0.00,46.1,1,0,0.00,0.00,0.00,12.00,0.00,0.00,0,0,0.00,0,0.00
2026-03-28 18:25:05,1684.89,0,0,0,0,0,0,0,0.00,0,1.00,3.31,2.10,2.38,1.00,D,2.72,12.00,12.00,1.03,0.91,^,0.00,,16.70,8.30,504,0.00,44.4,1,0,0.00,0.00,0.00,12.00,0.00,0.00,0,0,0.00,0,0.00
2026-03-28 18:25:06,1685.91,0,0,0,0,0,0,0,0.00,0,1.00,3.31,2.10,2.82,1.00,D,2.72,12.00,12.00,12.00,0.47,^,0.00,,16.50,8.30,504,0.00,46.1,1,0,0.00,0.00,0.00,12.00,0.00,0.00,0,0,0.00,0,0.00
2026-03-28 18:25:07,1686.92,0,0,0,0,0,0,0,0.00,0,0.66,3.31,2.10,2.10,0.63,D,2.72,12.00,12.00,12.00,0.56,^,0.00,,16.40,8.30,504,0.00,44.4,1,0,0.00,0.00,0.00,12.00,0.00,0.00,0,0,0.00,0,0.00
2026-03-28 18:25:08,1687.93,0,0,0,0,0,0,0,0.00,0,1.00,3.31,2.10,2.25,1.00,D,2.72,12.00,12.00,12.00,0.49,^,0.00,,17.30,8.30,504,0.00,46.1,1,0,0.00,0.00,0.00,12.00,0.00,0.00,0,0,0.00,0,0.00
2026-03-28 18:25:09,1688.94,0,0,0,0,0,0,0,0.00,0,1.00,3.31,2.10,2.55,1.00,D,2.72,12.00,12.00,12.00,0.37,^,0.00,,15.10,8.30,504,0.00,46.1,1,0,0.00,0.00,0.00,12.00,0.00,0.00,0,0,0.00,0,0.00
2026-03-28 18:25:10,1689.95,0,0,0,0,0,0,0,0.00,0,1.00,3.31,2.10,2.72,1.00,D,2.72,12.00,12.00,12.00,0.56,^,0.00,,15.90,8.30,504,0.00,45.5,1,0,0.00,0.00,0.00,12.00,0.00,0.00,0,0,0.00,0,0.00
2026-03-28 18:25:11,1690.97,0,0,0,0,0,0,0,0.91,0,1.00,3.31,2.10,2.75,1.00,D,2.72,12.00,12.00,1.20,0.70,^,0.00,,14.90,8.30,504,0.00,46.6,1,0,0.00,0.00,0.00,12.00,0.00,0.00,0,0,0.00,0,0.00
2026-03-28 18:25:12,1691.98,0,0,0,0,0,0,0,0.17,0,1.00,3.31,2.10,2.65,1.00,D,2.72,12.00,12.00,12.00,0.56,^,0.00,,14.40,8.30,504,0.00,45.5,1,0,0.00,0.00,0.00,12.00,0.00,0.00,0,0,0.00,0,0.00
2026-03-28 18:25:13,1692.99,0,0,0,0,0,0,0,0.00,0,1.00,3.31,2.10,2.46,1.00,D,2.72,12.00,12.00,12.00,0.45,^,0.00,,14.90,8.30,504,0.00,46.1,1,0,0.00,0.00,0.00,12.00,0.00,0.00,0,0,0.00,0,0.00
2026-03-28 18:25:14,1694.00,0,0,0,0,0,0,0,0.00,0,1.00,3.31,2.10,2.70,1.00,D,2.72,12.00,12.00,12.00,0.67,^,0.00,,12.70,8.30,504,0.00,45.0,1,0,0.00,0.00,0.00,12.00,0.00,0.00,0,0,0.00,0,0.00
2026-03-28 18:25:15,1695.02,0,0,0,0,0,0,0,0.00,0,1.00,3.31,2.10,2.70,1.00,D,2.72,12.00,12.00,12.00,0.81,^,0.00,,14.60,8.30,504,0.00,45.0,1,0,0.00,0.00,0.00,12.00,0.00,0.00,0,0,0.00,0,0.00
2026-03-28 18:25:16,1696.03,0,0,0,0,0,0,0,0.00,0,1.00,3.31,2.10,2.40,1.00,D,2.72,12.00,12.00,12.00,0.51,^,0.00,,15.00,8.30,504,0.00,44.4,1,0,0.00,0.00,0.00,12.00,0.00,0.00,0,0,0.00,0,0.00
2026-03-28 18:25:17,1697.04,0,0,0,0,0,0,0,0.00,0,1.00,3.31,2.10,2.68,1.00,D,2.72,12.00,12.00,12.00,0.50,^,0.00,,13.70,8.30,504,0.00,45.0,1,0,0.00,0.00,0.00,12.00,0.00,0.00,0,0,0.00,0,0.00
2026-03-28 18:25:18,1698.04,0,0,0,0,0,0,0,1.00,0,1.00,3.31,2.10,2.68,1.00,D,2.72,12.00,12.00,12.00,0.67,^,0.00,,12.30,8.30,504,0.00,45.5,1,0,0.00,0.00,0.00,12.00,0.00,0.00,0,0,0.00,0,0.00
2026-03-28 18:25:19,1699.06,0,0,0,0,0,0,0,0.67,0,1.00,3.31,2.11,2.66,1.00,D,2.72,12.00,12.00,12.00,0.77,^,0.00,,12.90,8.30,504,0.00,46.6,1,0,0.00,0.00,0.00,12.00,0.00,0.00,0,0,0.00,0,0.00
2026-03-28 18:25:20,1700.07,0,0,0,0,0,0,0,0.00,0,1.00,3.31,2.11,2.34,1.00,D,2.72,12.00,12.00,12.00,0.64,^,0.00,,12.70,8.30,504,0.00,46.1,1,0,0.00,0.00,0.00,12.00,0.00,0.00,0,0,0.00,0,0.00
2026-03-28 18:25:21,1701.09,0,0,0,0,0,0,0,1.00,0,1.00,3.31,2.11,2.89,1.00,D,2.72,12.00,12.00,2.27,0.49,^,0.00,,11.50,8.30,504,0.00,45.5,1,0,0.00,0.00,0.00,12.00,0.00,0.00,0,0,0.00,0,0.00
2026-03-28 18:25:22,1702.10,0,0,0,0,0,0,0,1.00,0,1.00,3.31,2.11,2.82,1.00,D,2.72,12.00,12.00,12.00,0.77,^,0.00,,10.80,8.30,504,0.00,45.5,1,0,0.00,0.00,0.00,12.00,0.00,0.00,0,0,0.00,0,0.00
2026-03-28 18:25:23,1703.10,0,0,0,0,0,0,0,0.00,0,1.00,3.31,2.11,2.66,1.00,D,2.72,12.00,12.00,2.06,0.75,^,0.00,,14.00,8.30,504,0.00,46.1,1,0,0.00,0.00,0.00,12.00,0.00,0.00,0,0,0.00,0,0.00
2026-03-28 18:25:24,1704.12,0,0,0,0,0,0,0,0.00,0,1.00,3.31,2.11,2.53,1.00,D,2.72,12.00,12.00,12.00,0.62,^,0.00,,12.30,8.30,504,0.00,46.1,1,0,0.00,0.00,0.00,12.00,0.00,0.00,0,0,0.00,0,0.00
2026-03-28 18:25:25,1705.13,0,0,0,0,0,0,0,0.00,0,1.00,3.31,2.11,2.64,1.00,D,2.72,12.00,12.00,1.94,0.52,^,0.00,,11.60,8.30,504,0.00,46.1,1,0,0.00,0.00,0.00,12.00,0.00,0.00,0,0,0.00,0,0.00
2026-03-28 18:25:26,1706.15,0,0,0,0,0,0,0,0.00,0,0.67,3.31,2.11,2.41,0.86,D,2.72,12.00,12.00,12.00,0.80,^,0.00,,13.50,8.30,504,0.00,46.1,1,0,0.00,0.00,0.00,12.00,0.00,0.00,0,0,0.00,0,0.00
2026-03-28 18:25:27,1707.16,0,0,0,0,0,0,0,0.00,0,1.00,3.31,2.11,2.42,1.00,D,2.72,12.00,12.00,12.00,0.56,^,0.00,,11.90,8.30,504,0.00,43.9,1,0,0.00,0.00,0.00,12.00,0.00,0.00,0,0,0.00,0,0.00
2026-03-28 18:25:28,1708.17,0,0,0,0,0,0,0,0.00,0,1.00,3.31,2.11,2.62,1.00,D,2.72,12.00,12.00,12.00,0.46,^,0.00,,14.90,8.30,504,0.00,45.5,1,0,0.00,0.00,0.00,12.00,0.00,0.00,0,0,0.00,0,0.00
2026-03-28 18:25:29,1709.18,0,0,0,0,0,0,0,0.40,0,1.00,3.31,2.11,2.69,1.00,D,2.72,12.00,12.00,12.00,0.76,^,0.00,,11.10,8.30,504,0.00,46.1,1,0,0.00,0.00,0.00,12.00,0.00,0.00,0,0,0.00,0,0.00
2026-03-28 18:25:30,1710.20,0,0,0,0,0,0,0,0.20,0,1.00,3.31,2.11,2.77,1.00,D,2.72,12.00,12.00,12.00,0.70,^,0.00,,11.10,8.30,504,0.00,46.1,1,0,0.00,0.00,0.00,12.00,0.00,0.00,0,0,0.00,0,0.00
2026-03-28 18:25:31,1711.21,0,0,0,0,0,0,0,0.00,0,1.00,3.31,2.11,2.64,1.00,D,2.72,12.00,12.00,12.00,0.55,^,0.00,,14.90,8.30,504,0.00,45.5,1,0,0.00,0.00,0.00,12.00,0.00,0.00,0,0,0.00,0,0.00
2026-03-28 18:25:32,1712.23,0,0,0,0,0,0,0,0.00,0,1.00,3.31,2.11,2.65,1.00,D,2.72,12.00,12.00,2.31,0.48,^,0.00,,11.70,8.30,504,0.00,44.4,1,0,0.00,0.00,0.00,12.00,0.00,0.00,0,0,0.00,0,0.00
2026-03-28 18:25:34,1713.24,0,0,0,0,0,0,0,0.66,0,1.00,3.31,2.11,2.71,1.00,D,2.72,12.00,12.00,12.00,0.48,^,0.00,,14.80,8.30,504,0.00,45.5,1,0,0.00,0.00,0.00,12.00,0.00,0.00,0,0,0.00,0,0.00
2026-03-28 18:25:35,1714.25,0,0,0,0,0,0,0,0.00,0,1.00,3.31,2.11,2.80,1.00,D,2.72,12.00,12.00,12.00,0.79,^,0.00,,14.90,8.30,504,0.00,46.1,1,0,0.00,0.00,0.00,12.00,0.00,0.00,0,0,0.00,0,0.00
2026-03-28 18:25:36,1715.27,0,0,0,0,0,0,0,0.00,0,1.00,3.31,2.11,2.66,1.00,D,2.72,12.00,12.00,12.00,0.63,^,0.00,,14.10,8.30,504,0.00,45.5,1,0,0.00,0.00,0.00,12.00,0.00,0.00,0,0,0.00,0,0.00
2026-03-28 18:25:37,1716.28,0,0,0,0,0,0,0,0.00,0,1.00,3.31,2.11,2.48,1.00,D,2.72,12.00,12.00,12.00,0.51,^,0.00,,8.40,8.30,504,0.00,46.1,1,0,0.00,0.00,0.00,12.00,0.00,0.00,0,0,0.00,0,0.00
2026-03-28 18:25:38,1717.30,0,0,0,0,0,0,0,1.00,0,1.00,3.31,2.11,2.67,1.00,D,2.72,12.00,12.00,12.00,0.57,^,0.00,,6.50,8.30,504,0.00,45.5,1,0,0.00,0.00,0.00,12.00,0.00,0.00,0,0,0.00,0,0.00
2026-03-28 18:25:39,1718.31,0,0,0,0,0,0,0,1.00,0,1.00,3.31,2.11,2.62,1.00,D,2.72,12.00,12.00,12.00,0.74,^,0.00,,7.30,8.30,504,0.00,46.6,1,0,0.00,0.00,0.00,12.00,0.00,0.00,0,0,0.00,0,0.00
2026-03-28 18:25:40,1719.32,0,0,0,0,0,0,0,0.00,0,1.00,3.31,2.11,2.56,1.00,D,2.72,12.00,12.00,12.00,0.61,^,0.00,,9.30,8.30,504,0.00,46.1,1,0,0.00,0.00,0.00,12.00,0.00,0.00,0,0,0.00,0,0.00
2026-03-28 18:25:41,1720.33,0,0,0,0,0,0,0,0.00,0,1.00,3.31,2.11,2.52,1.00,D,2.72,12.00,12.00,12.00,0.43,^,0.00,,6.70,8.30,504,0.00,45.5,1,0,0.00,0.00,0.00,12.00,0.00,0.00,0,0,0.00,0,0.00
2026-03-28 18:25:42,1721.34,0,0,0,0,0,0,0,0.00,0,1.00,3.31,2.11,2.63,1.00,D,2.72,12.00,12.00,0.45,0.45,^,0.00,,7.70,8.30,504,0.00,45.0,1,0,0.00,0.00,0.00,12.00,0.00,0.00,0,0,0.00,0,0.00
2026-03-28 18:25:43,1722.35,0,0,0,0,0,0,0,0.00,0,1.00,3.31,2.11,2.66,1.00,D,2.72,12.00,12.00,12.00,0.51,^,0.00,,7.90,8.30,504,0.00,46.1,1,0,0.00,0.00,0.00,12.00,0.00,0.00,0,0,0.00,0,0.00
2026-03-28 18:25:44,1723.36,0,0,0,0,0,0,0,0.00,0,1.00,3.31,2.11,2.63,1.00,D,2.72,12.00,12.00,12.00,0.55,^,0.00,,9.60,8.30,504,0.00,45.0,1,0,0.00,0.00,0.00,12.00,0.00,0.00,0,0,0.00,0,0.00
2026-03-28 18:25:45,1724.37,0,0,0,0,0,0,0,0.00,0,1.00,3.31,2.11,2.64,1.00,D,2.72,12.00,12.00,12.00,0.47,^,0.00,,8.70,8.30,504,0.00,45.0,1,0,0.00,0.00,0.00,12.00,0.00,0.00,0,0,0.00,0,0.00
2026-03-28 18:25:46,1725.38,0,0,0,0,0,0,0,1.00,0,1.00,3.31,2.11,2.59,1.00,D,2.72,12.00,12.00,12.00,0.60,^,0.00,,9.90,8.30,504,0.00,46.1,1,0,0.00,0.00,0.00,12.00,0.00,0.00,0,0,0.00,0,0.00
2026-03-28 18:25:47,1726.38,0,0,0,0,0,0,0,0.00,0,1.00,3.31,2.11,2.54,1.00,D,2.72,12.00,12.00,12.00,0.51,^,0.00,,9.40,8.30,504,0.00,44.4,1,0,0.00,0.00,0.00,12.00,0.00,0.00,0,0,0.00,0,0.00
2026-03-28 18:25:48,1727.40,0,0,0,0,0,0,0,0.85,0,1.00,3.31,2.11,2.62,1.00,D,2.72,12.00,12.00,12.00,0.37,^,0.00,,9.40,8.30,504,0.00,45.0,1,0,0.00,0.00,0.00,12.00,0.00,0.00,0,0,0.00,0,0.00
2026-03-28 18:25:49,1728.41,0,0,0,0,0,0,0,0.00,0,1.00,3.31,2.11,2.53,1.00,D,2.72,12.00,12.00,12.00,0.31,^,0.00,,8.00,8.30,504,0.00,45.5,1,0,0.00,0.00,0.00,12.00,0.00,0.00,0,0,0.00,0,0.00
2026-03-28 18:25:50,1729.42,0,0,0,0,0,0,0,0.95,0,1.00,3.31,2.11,2.67,1.00,D,2.72,12.00,12.00,0.92,0.56,^,0.00,,9.40,8.30,504,0.00,46.1,1,0,0.00,0.00,0.00,12.00,0.00,0.00,0,0,0.00,0,0.00
2026-03-28 18:25:51,1730.43,0,0,0,0,0,0,0,0.00,0,1.00,3.31,2.11,2.46,1.00,D,2.72,12.00,12.00,12.00,0.54,^,0.00,,12.20,8.30,504,0.00,45.0,1,0,0.00,0.00,0.00,12.00,0.00,0.00,0,0,0.00,0,0.00
2026-03-28 18:25:52,1731.45,0,0,0,0,0,0,0,0.00,0,1.00,3.31,2.11,2.61,1.00,D,2.72,12.00,12.00,12.00,0.29,^,0.00,,14.60,8.30,504,0.00,47.2,1,0,0.00,0.00,0.00,12.00,0.00,0.00,0,0,0.00,0,0.00
2026-03-28 18:25:53,1732.46,0,0,0,0,0,0,0,0.00,0,1.00,3.31,2.11,2.71,1.00,D,2.72,12.00,12.00,0.38,0.58,^,0.00,,8.90,8.30,504,0.00,45.0,1,0,0.00,0.00,0.00,12.00,0.00,0.00,0,0,0.00,0,0.00
2026-03-28 18:25:54,1733.47,0,0,0,0,0,0,0,0.00,0,1.00,3.31,2.12,2.41,1.00,D,2.72,12.00,12.00,12.00,0.71,^,0.00,,12.10,8.30,504,0.00,46.6,1,0,0.00,0.00,0.00,12.00,0.00,0.00,0,0,0.00,0,0.00
2026-03-28 18:25:55,1734.48,0,0,0,0,0,0,0,0.00,0,1.00,3.31,2.12,2.65,1.00,D,2.72,12.00,12.00,0.79,0.48,^,0.00,,6.50,8.30,504,0.00,45.5,1,0,0.00,0.00,0.00,12.00,0.00,0.00,0,0,0.00,0,0.00
2026-03-28 18:25:56,1735.50,0,0,0,0,0,0,0,0.00,0,1.00,3.31,2.12,2.35,1.00,D,2.72,12.00,12.00,12.00,0.52,^,0.00,,10.90,8.30,504,0.00,45.5,1,0,0.00,0.00,0.00,12.00,0.00,0.00,0,0,0.00,0,0.00
2026-03-28 18:25:57,1736.51,0,0,0,0,0,0,0,1.00,0,1.00,3.31,2.12,2.71,1.00,D,2.72,12.00,12.00,12.00,0.76,^,0.00,,8.50,8.30,504,0.00,45.5,1,0,0.00,0.00,0.00,12.00,0.00,0.00,0,0,0.00,0,0.00
2026-03-28 18:25:58,1737.52,0,0,0,0,0,0,0,0.00,0,0.87,3.31,2.12,2.60,0.86,D,2.72,12.00,12.00,12.00,0.65,^,0.00,,10.60,8.30,504,0.00,46.1,1,0,0.00,0.00,0.00,12.00,0.00,0.00,0,0,0.00,0,0.00
2026-03-28 18:25:59,1738.53,0,0,0,0,0,0,0,0.00,0,0.00,3.31,2.12,2.33,0.71,D,2.72,12.00,12.00,12.00,0.62,^,0.00,,10.50,8.30,504,0.00,46.1,1,0,0.00,0.00,0.00,12.00,0.00,0.00,0,0,0.00,0,0.00
2026-03-28 18:26:00,1739.54,0,0,0,0,0,0,0,0.00,0,0.00,3.31,2.12,1.58,0.11,D,2.72,12.00,12.00,12.00,0.45,^,0.00,,9.10,8.30,504,0.00,44.4,1,0,0.00,0.00,0.00,12.00,0.00,0.00,0,0,0.00,0,0.00
2026-03-28 18:26:01,1740.55,0,0,0,0,0,0,0,0.67,0,0.79,3.31,2.12,0.25,0.05,D,2.72,12.00,12.00,12.00,0.38,^,0.00,,8.70,8.30,504,0.01,45.0,1,0,0.00,0.00,0.00,12.00,0.00,0.00,0,0,0.00,0,0.00
2026-03-28 18:26:02,1741.56,0,0,0,0,0,0,0,0.53,0,1.00,3.31,2.11,0.15,0.55,D,2.72,12.00,12.00,12.00,0.38,^,0.00,,8.60,8.30,504,0.00,46.1,1,0,0.00,0.00,0.00,12.00,0.00,0.00,0,0,0.00,0,0.00
2026-03-28 18:26:03,1742.58,0,0,0,0,0,0,0,1.00,0,1.00,3.31,2.11,1.89,1.00,D,2.72,12.00,12.00,12.00,0.49,^,0.00,,9.40,8.30,504,0.00,44.4,1,0,0.00,0.00,0.00,12.00,0.00,0.00,0,0,0.00,0,0.00
2026-03-28 18:26:04,1743.59,0,0,0,0,0,0,0,0.00,0,1.00,3.31,2.11,2.63,1.00,D,2.72,12.00,12.00,12.00,0.70,^,0.00,,11.10,8.30,504,0.00,46.1,1,0,0.00,0.00,0.00,12.00,0.00,0.00,0,0,0.00,0,0.00
2026-03-28 18:26:05,1744.60,0,0,0,0,0,0,0,0.91,0,1.00,3.31,2.11,2.66,1.00,D,2.72,12.00,12.00,12.00,0.72,^,0.00,,11.20,8.30,504,0.00,46.6,1,0,0.00,0.00,0.00,12.00,0.00,0.00,0,0,0.00,0,0.00
2026-03-28 18:26:06,1745.62,0,0,0,0,0,0,0,0.00,0,1.00,3.31,2.11,2.58,1.00,D,2.72,12.00,12.00,12.00,0.57,^,0.00,,11.00,8.30,504,0.00,45.5,1,0,0.00,0.00,0.00,12.00,0.00,0.00,0,0,0.00,0,0.00
2026-03-28 18:26:07,1746.63,0,0,0,0,0,0,0,0.52,0,1.00,3.31,2.12,2.70,1.00,D,2.72,12.00,12.00,12.00,0.56,^,0.00,,10.40,8.30,504,0.00,46.1,1,0,0.00,0.00,0.00,12.00,0.00,0.00,0,0,0.00,0,0.00
2026-03-28 18:26:08,1747.63,0,0,0,0,0,0,0,0.00,0,1.00,3.31,2.12,2.53,1.00,D,2.72,12.00,12.00,12.00,0.80,^,0.00,,12.90,8.30,504,0.00,45.0,1,0,0.00,0.00,0.00,12.00,0.00,0.00,0,0,0.00,0,0.00
2026-03-28 18:26:09,1748.64,0,0,0,0,0,0,0,1.00,0,1.00,3.31,2.12,2.85,1.00,D,2.72,12.00,12.00,12.00,0.62,^,0.00,,11.10,8.30,504,0.00,45.5,1,0,0.00,0.00,0.00,12.00,0.00,0.00,0,0,0.00,0,0.00
2026-03-28 18:26:10,1749.64,0,0,0,0,0,0,0,0.00,0,1.00,3.31,2.12,2.61,1.00,D,2.72,12.00,12.00,12.00,0.54,^,0.00,,14.70,8.30,504,0.00,45.0,1,0,0.00,0.00,0.00,12.00,0.00,0.00,0,0,0.00,0,0.00
2026-03-28 18:26:11,1750.66,0,0,0,0,0,0,0,0.00,0,1.00,3.31,2.12,2.69,1.00,D,2.72,12.00,12.00,12.00,0.46,^,0.00,,14.00,8.30,504,0.00,45.0,1,0,0.00,0.00,0.00,12.00,0.00,0.00,0,0,0.00,0,0.00
2026-03-28 18:26:12,1751.67,0,0,0,0,0,0,0,0.00,0,1.00,3.31,2.12,2.55,1.00,D,2.72,12.00,12.00,2.78,0.58,^,0.00,,12.10,8.30,504,0.00,45.5,1,0,0.00,0.00,0.00,12.00,0.00,0.00,0,0,0.00,0,0.00
2026-03-28 18:26:13,1752.68,0,0,0,0,0,0,0,1.00,0,1.00,3.31,2.12,2.70,1.00,D,2.72,12.00,12.00,2.69,0.63,^,0.00,,12.70,8.30,504,0.00,46.1,1,0,0.00,0.00,0.00,12.00,0.00,0.00,0,0,0.00,0,0.00
2026-03-28 18:26:14,1753.70,0,0,0,0,0,0,0,0.00,0,1.00,3.31,2.12,2.67,1.00,D,2.72,12.00,12.00,2.49,0.56,^,0.00,,15.30,8.30,504,0.00,45.5,1,0,0.00,0.00,0.00,12.00,0.00,0.00,0,0,0.00,0,0.00
2026-03-28 18:26:15,1754.71,0,0,0,0,0,0,0,0.00,0,1.00,3.31,2.12,2.66,1.00,D,2.72,12.00,12.00,12.00,0.59,^,0.00,,14.90,8.30,504,0.00,46.1,1,0,0.00,0.00,0.00,12.00,0.00,0.00,0,0,0.00,0,0.00
2026-03-28 18:26:16,1755.73,0,0,0,0,0,0,0,-0.11,0,1.00,3.31,2.12,2.52,1.00,D,2.72,12.00,12.00,2.44,0.77,^,0.00,,14.00,8.30,504,0.00,46.6,1,0,0.00,0.00,0.00,12.00,0.00,0.00,0,0,0.00,0,0.00
2026-03-28 18:26:17,1756.74,0,0,0,0,0,0,0,0.00,0,1.00,3.31,2.12,2.65,1.00,D,2.72,12.00,12.00,2.22,0.63,^,0.00,,15.80,8.30,504,0.00,46.1,1,0,0.00,0.00,0.00,12.00,0.00,0.00,0,0,0.00,0,0.00
2026-03-28 18:26:18,1757.75,0,0,0,0,0,0,0,0.00,0,1.00,3.31,2.12,2.77,1.00,D,2.72,12.00,12.00,12.00,0.58,^,0.00,,13.70,8.30,504,0.00,46.6,1,0,0.00,0.00,0.00,12.00,0.00,0.00,0,0,0.00,0,0.00
2026-03-28 18:26:19,1758.77,0,0,0,0,0,0,0,0.00,0,1.00,3.31,2.12,2.73,1.00,D,2.72,12.00,12.00,2.73,0.69,^,0.00,,13.10,8.30,504,0.00,45.0,1,0,0.00,0.00,0.00,12.00,0.00,0.00,0,0,0.00,0,0.00
2026-03-28 18:26:20,1759.78,0,0,0,0,0,0,0,0.00,0,1.00,3.31,2.12,2.49,1.00,D,2.72,12.00,12.00,12.00,0.85,^,0.00,,13.00,8.30,504,0.00,45.0,1,0,0.00,0.00,0.00,12.00,0.00,0.00,0,0,0.00,0,0.00
2026-03-28 18:26:21,1760.79,0,0,0,0,0,0,0,0.00,0,1.00,3.31,2.12,2.71,1.00,D,2.72,12.00,12.00,2.53,0.66,^,0.00,,14.60,8.30,504,0.00,46.1,1,0,0.00,0.00,0.00,12.00,0.00,0.00,0,0,0.00,0,0.00
2026-03-28 18:26:22,1761.80,0,0,0,0,0,0,0,0.00,0,1.00,3.31,2.12,2.63,1.00,D,2.72,12.00,12.00,2.23,0.56,^,0.00,,13.70,8.30,504,0.00,46.1,1,0,0.00,0.00,0.00,12.00,0.00,0.00,0,0,0.00,0,0.00
2026-03-28 18:26:23,1762.82,0,0,0,0,0,0,0,0.00,0,1.00,3.31,2.12,2.52,1.00,D,2.72,12.00,12.00,2.24,0.56,^,0.00,,13.60,8.30,504,0.00,46.6,1,0,0.00,0.00,0.00,12.00,0.00,0.00,0,0,0.00,0,0.00
2026-03-28 18:26:24,1763.84,0,0,0,0,0,0,0,1.00,0,1.00,3.31,2.12,2.68,1.00,D,2.72,12.00,12.00,2.24,0.82,^,0.00,,14.20,8.30,504,0.00,46.6,1,0,0.00,0.00,0.00,12.00,0.00,0.00,0,0,0.00,0,0.00
2026-03-28 18:26:25,1764.84,0,0,0,0,0,0,0,0.00,0,1.00,3.31,2.12,2.64,1.00,D,2.72,12.00,12.00,2.11,0.66,^,0.00,,11.80,8.30,504,0.00,46.1,1,0,0.00,0.00,0.00,12.00,0.00,0.00,0,0,0.00,0,0.00
2026-03-28 18:26:26,1765.86,0,0,0,0,0,0,0,0.00,0,1.00,3.31,2.12,2.56,1.00,D,2.72,12.00,12.00,2.24,0.54,^,0.00,,13.70,8.30,504,0.00,46.1,1,0,0.00,0.00,0.00,12.00,0.00,0.00,0,0,0.00,0,0.00
2026-03-28 18:26:27,1766.87,0,0,0,0,0,0,0,0.00,0,1.00,3.31,2.12,2.69,1.00,D,2.72,12.00,12.00,2.29,0.45,^,0.00,,15.80,8.30,504,0.00,45.5,1,0,0.00,0.00,0.00,12.00,0.00,0.00,0,0,0.00,0,0.00
2026-03-28 18:26:28,1767.88,0,0,0,0,0,0,0,0.00,0,1.00,3.31,2.12,2.67,1.00,D,2.72,12.00,12.00,2.33,0.47,^,0.00,,14.20,8.30,504,0.00,46.1,1,0,0.00,0.00,0.00,12.00,0.00,0.00,0,0,0.00,0,0.00
2026-03-28 18:26:29,1768.89,0,0,0,0,0,0,0,0.00,0,1.00,3.31,2.12,2.60,1.00,D,2.72,12.00,12.00,2.31,0.70,^,0.00,,16.30,8.30,504,0.00,46.6,1,0,0.00,0.00,0.00,12.00,0.00,0.00,0,0,0.00,0,0.00
2026-03-28 18:26:30,1769.91,0,0,0,0,0,0,0,0.00,0,1.00,3.31,2.12,2.69,1.00,D,2.72,12.00,12.00,2.10,0.78,^,0.00,,13.20,8.30,504,0.00,46.1,1,0,0.00,0.00,0.00,12.00,0.00,0.00,0,0,0.00,0,0.00
2026-03-28 18:26:31,1770.92,0,0,0,0,0,0,0,0.00,0,1.00,3.31,2.12,2.72,1.00,D,2.72,12.00,12.00,12.00,0.47,^,0.00,,13.60,8.30,504,0.00,46.6,1,0,0.00,0.00,0.00,12.00,0.00,0.00,0,0,0.00,0,0.00
2026-03-28 18:26:32,1771.94,0,0,0,0,0,0,0,0.00,0,1.00,3.31,2.12,2.68,1.00,D,2.72,12.00,12.00,2.72,0.55,^,0.00,,14.90,8.20,504,0.00,45.5,1,0,0.00,0.00,0.00,12.00,0.00,0.00,0,0,0.00,0,0.00
2026-03-28 18:26:33,1772.94,0,0,0,0,0,0,0,0.00,0,1.00,3.31,2.12,2.60,1.00,D,2.72,12.00,12.00,2.52,0.67,^,0.00,,15.70,8.30,504,0.00,46.1,1,0,0.00,0.00,0.00,12.00,0.00,0.00,0,0,0.00,0,0.00
2026-03-28 18:26:34,1773.95,0,0,0,0,0,0,0,0.00,0,1.00,3.31,2.12,2.68,1.00,D,2.72,12.00,12.00,12.00,0.72,^,0.00,,12.20,8.30,504,0.00,46.1,1,0,0.00,0.00,0.00,12.00,0.00,0.00,0,0,0.00,0,0.00
2026-03-28 18:26:35,1774.96,0,0,0,0,0,0,0,0.00,0,1.00,3.31,2.12,2.68,1.00,D,2.72,12.00,12.00,2.53,0.64,^,0.00,,14.90,8.20,504,0.00,46.6,1,0,0.00,0.00,0.00,12.00,0.00,0.00,0,0,0.00,0,0.00
2026-03-28 18:26:36,1775.97,0,0,0,0,0,0,0,0.29,0,1.00,3.31,2.12,2.61,1.00,D,2.72,12.00,12.00,12.00,0.52,^,0.00,,15.10,8.20,504,0.00,46.1,1,0,0.00,0.00,0.00,12.00,0.00,0.00,0,0,0.00,0,0.00
2026-03-28 18:26:37,1776.99,0,0,0,0,0,0,0,1.00,0,1.00,3.31,2.12,2.74,1.00,D,2.72,12.00,12.00,12.00,0.47,^,0.00,,15.60,8.30,504,0.00,46.6,1,0,0.00,0.00,0.00,12.00,0.00,0.00,0,0,0.00,0,0.00
2026-03-28 18:26:38,1778.00,0,0,0,0,0,0,0,0.80,0,1.00,3.31,2.12,2.71,1.00,D,2.72,12.00,12.00,12.00,0.63,^,0.00,,15.50,8.30,504,0.00,46.1,1,0,0.00,0.00,0.00,12.00,0.00,0.00,0,0,0.00,0,0.00
2026-03-28 18:26:39,1779.01,0,0,0,0,0,0,0,0.00,0,1.00,3.31,2.12,2.75,1.00,D,2.72,12.00,12.00,12.00,0.42,^,0.00,,15.40,8.30,504,0.00,46.1,1,0,0.00,0.00,0.00,12.00,0.00,0.00,0,0,0.00,0,0.00
2026-03-28 18:26:40,1780.01,0,0,0,0,0,0,0,0.00,0,1.00,3.31,2.12,2.48,1.00,D,2.72,12.00,12.00,12.00,0.42,^,0.00,,16.70,8.30,504,0.00,46.6,1,0,0.00,0.00,0.00,12.00,0.00,0.00,0,0,0.00,0,0.00
2026-03-28 18:26:41,1781.02,0,0,0,0,0,0,0,0.00,0,1.00,3.31,2.13,2.74,1.00,D,2.72,12.00,12.00,12.00,0.59,^,0.00,,14.60,8.30,504,0.00,45.5,1,0,0.00,0.00,0.00,12.00,0.00,0.00,0,0,0.00,0,0.00
2026-03-28 18:26:42,1782.03,0,0,0,0,0,0,0,0.00,0,1.00,3.31,2.13,2.74,1.00,D,2.72,12.00,12.00,12.00,0.79,^,0.00,,12.70,8.30,504,0.00,46.6,1,0,0.00,0.00,0.00,12.00,0.00,0.00,0,0,0.00,0,0.00
2026-03-28 18:26:43,1783.04,0,0,0,0,0,0,0,0.63,0,1.00,3.31,2.13,2.60,1.00,D,2.72,12.00,12.00,12.00,0.73,^,0.00,,15.60,8.30,504,0.00,45.5,1,0,0.00,0.00,0.00,12.00,0.00,0.00,0,0,0.00,0,0.00
2026-03-28 18:26:44,1784.06,0,0,0,0,0,0,0,0.00,0,1.00,3.31,2.13,2.70,1.00,D,2.72,12.00,12.00,12.00,0.66,^,0.00,,13.60,8.30,504,0.00,46.6,1,0,0.00,0.00,0.00,12.00,0.00,0.00,0,0,0.00,0,0.00
2026-03-28 18:26:45,1785.07,0,0,0,0,0,0,0,0.00,0,1.00,3.31,2.13,2.53,1.00,D,2.72,12.00,1.13,12.00,0.55,^,0.00,,15.00,8.30,504,0.00,46.6,1,0,0.00,0.00,0.00,12.00,0.00,0.00,0,0,0.00,0,0.00
2026-03-28 18:26:46,1786.08,0,0,0,0,0,0,0,0.27,0,1.00,3.31,2.13,2.63,1.00,D,2.72,12.00,12.00,12.00,0.56,^,0.00,,12.60,8.30,504,0.00,46.6,1,0,0.00,0.00,0.00,12.00,0.00,0.00,0,0,0.00,0,0.00
2026-03-28 18:26:47,1787.10,0,0,0,0,0,0,0,0.00,0,1.00,3.31,2.13,2.65,1.00,D,2.72,12.00,12.00,12.00,0.75,^,0.00,,13.30,8.30,504,0.00,47.2,1,0,0.00,0.00,0.00,12.00,0.00,0.00,0,0,0.00,0,0.00
2026-03-28 18:26:48,1788.11,0,0,0,0,0,0,0,0.00,0,1.00,3.31,2.13,2.63,1.00,D,2.72,12.00,12.00,12.00,0.52,^,0.00,,12.20,8.30,504,0.00,46.6,1,0,0.00,0.00,0.00,12.00,0.00,0.00,0,0,0.00,0,0.00
2026-03-28 18:26:49,1789.12,0,0,0,0,0,0,0,0.00,0,1.00,3.31,2.13,2.66,1.00,D,2.72,12.00,12.00,12.00,0.39,^,0.00,,15.40,8.30,504,0.00,46.1,1,0,0.00,0.00,0.00,12.00,0.00,0.00,0,0,0.00,0,0.00
2026-03-28 18:26:50,1790.13,0,0,0,0,0,0,0,0.21,0,1.00,3.31,2.13,2.78,1.00,D,2.72,12.00,12.00,12.00,0.48,^,0.00,,13.40,8.30,504,0.00,45.0,1,0,0.00,0.00,0.00,12.00,0.00,0.00,0,0,0.00,0,0.00
2026-03-28 18:26:51,1791.15,0,0,0,0,0,0,0,0.00,0,1.00,3.31,2.13,2.35,1.00,D,2.72,12.00,12.00,12.00,0.89,^,0.00,,12.50,8.30,504,0.00,46.6,1,0,0.00,0.00,0.00,12.00,0.00,0.00,0,0,0.00,0,0.00
2026-03-28 18:26:52,1792.16,0,0,0,0,0,0,0,0.26,0,1.00,3.31,2.13,2.56,1.00,D,2.72,12.00,12.00,12.00,0.71,^,0.00,,10.50,8.30,504,0.00,46.6,1,0,0.00,0.00,0.00,12.00,0.00,0.00,0,0,0.00,0,0.00
2026-03-28 18:26:53,1793.17,0,0,0,0,0,0,0,0.00,0,1.00,3.31,2.13,2.63,1.00,D,2.72,12.00,12.00,0.55,0.56,^,0.00,,12.60,8.30,504,0.00,46.6,1,0,0.00,0.00,0.00,12.00,0.00,0.00,0,0,0.00,0,0.00
2026-03-28 18:26:54,1794.18,0,0,0,0,0,0,0,0.00,0,1.00,3.31,2.13,2.63,1.00,D,2.72,12.00,12.00,12.00,0.43,^,0.00,,12.10,8.30,504,0.00,46.1,1,0,0.00,0.00,0.00,12.00,0.00,0.00,0,0,0.00,0,0.00
2026-03-28 18:26:55,1795.19,0,0,0,0,0,0,0,0.00,0,1.00,3.31,2.13,2.72,1.00,D,2.72,12.00,12.00,12.00,0.52,^,0.00,,13.20,8.30,504,0.00,46.1,1,0,0.00,0.00,0.00,12.00,0.00,0.00,0,0,0.00,0,0.00
2026-03-28 18:26:56,1796.20,0,0,0,0,0,0,0,0.00,0,1.00,3.31,2.13,2.64,1.00,D,2.72,12.00,12.00,12.00,0.63,^,0.00,,12.20,8.30,504,0.00,46.6,1,0,0.00,0.00,0.00,12.00,0.00,0.00,0,0,0.00,0,0.00
2026-03-28 18:26:57,1797.21,0,0,0,0,0,0,0,0.00,0,1.00,3.31,2.13,2.46,1.00,D,2.72,12.00,12.00,12.00,0.55,^,0.00,,12.70,8.30,504,0.00,45.0,1,0,0.00,0.00,0.00,12.00,0.00,0.00,0,0,0.00,0,0.00
2026-03-28 18:26:58,1798.23,0,0,0,0,0,0,0,0.00,0,1.00,3.31,2.13,2.61,1.00,D,2.72,12.00,12.00,12.00,0.57,^,0.00,,12.10,8.30,504,0.00,46.1,1,0,0.00,0.00,0.00,12.00,0.00,0.00,0,0,0.00,0,0.00
2026-03-28 18:26:59,1799.23,0,0,0,0,0,0,0,0.00,0,1.00,3.31,2.13,2.69,1.00,D,2.72,12.00,12.00,12.00,0.72,^,0.00,,13.00,8.30,504,0.00,46.6,1,0,0.00,0.00,0.00,12.00,0.00,0.00,0,0,0.00,0,0.00
2026-03-28 18:27:01,1800.24,0,0,0,0,0,0,0,0.00,0,1.00,3.31,2.13,2.56,1.00,D,2.72,12.00,12.00,12.00,0.46,^,0.00,,12.50,8.30,504,0.00,46.1,1,0,0.00,0.00,0.00,12.00,0.00,0.00,0,0,0.00,0,0.00
2026-03-28 18:27:02,1801.25,0,0,0,0,0,0,0,0.00,0,1.00,3.31,2.13,2.63,1.00,D,2.72,12.00,12.00,12.00,0.51,^,0.00,,10.20,8.30,504,0.00,45.5,1,0,0.00,0.00,0.00,12.00,0.00,0.00,0,0,0.00,0,0.00
2026-03-28 18:27:03,1802.26,0,0,0,0,0,0,0,0.00,0,1.00,3.31,2.13,2.26,1.00,D,2.72,12.00,12.00,12.00,0.73,^,0.00,,9.80,8.30,504,0.00,46.1,1,0,0.00,0.00,0.00,12.00,0.00,0.00,0,0,0.00,0,0.00
2026-03-28 18:27:04,1803.27,0,0,0,0,0,0,0,0.00,0,1.00,3.31,2.13,2.79,1.00,D,2.72,1.26,12.00,0.61,0.75,^,0.00,,14.00,8.30,504,0.00,45.0,1,0,0.00,0.00,0.00,1.26,0.00,0.00,0,0,0.00,0,0.00
2026-03-28 18:27:05,1804.29,0,0,0,0,0,0,0,0.33,0,1.00,3.31,2.13,2.25,1.00,D,2.72,12.00,12.00,1.41,0.49,^,0.00,,11.30,8.30,504,0.00,46.6,1,0,0.00,0.00,0.00,12.00,0.00,0.00,0,0,0.00,0,0.00
2026-03-28 18:27:06,1805.30,0,0,0,0,0,0,0,1.00,0,1.00,3.31,2.13,2.65,1.00,D,2.72,12.00,12.00,12.00,0.79,^,0.00,,7.20,8.30,504,0.00,46.1,1,0,0.00,0.00,0.00,12.00,0.00,0.00,0,0,0.00,0,0.00
2026-03-28 18:27:07,1806.31,0,0,0,0,0,0,0,0.00,0,1.00,3.31,2.13,2.58,1.00,D,2.72,12.00,12.00,12.00,0.76,^,0.00,,8.90,8.30,504,0.00,45.5,1,0,0.00,0.00,0.00,12.00,0.00,0.00,0,0,0.00,0,0.00
2026-03-28 18:27:08,1807.33,0,0,0,0,0,0,0,0.00,0,1.00,3.31,2.13,2.65,1.00,D,2.72,12.00,12.00,12.00,0.70,^,0.00,,4.30,8.30,504,0.00,46.1,1,0,0.00,0.00,0.00,12.00,0.00,0.00,0,0,0.00,0,0.00
2026-03-28 18:27:09,1808.34,0,0,0,0,0,0,0,1.00,0,1.00,3.31,2.13,2.61,1.00,D,2.72,14.24,12.00,12.00,0.78,^,0.00,,8.20,8.30,504,0.00,45.5,1,0,0.00,0.00,0.00,14.24,0.00,0.00,0,0,0.00,0,0.00
2026-03-28 18:27:10,1809.35,0,0,0,0,0,0,0,0.00,0,1.00,3.31,2.13,2.67,1.00,D,2.72,12.00,12.00,12.00,0.64,^,0.00,,4.60,8.30,504,0.00,45.0,1,0,0.00,0.00,0.00,12.00,0.00,0.00,0,0,0.00,0,0.00
2026-03-28 18:27:11,1810.37,0,0,0,0,0,0,0,0.00,0,1.00,3.31,2.13,2.58,1.00,D,2.72,12.00,12.00,12.00,0.44,^,0.00,,7.80,8.30,504,0.00,46.1,1,0,0.00,0.00,0.00,12.00,0.00,0.00,0,0,0.00,0,0.00
2026-03-28 18:27:12,1811.38,0,0,0,0,0,0,0,1.00,0,1.00,3.31,2.13,2.44,1.00,D,2.72,12.00,12.00,12.00,0.46,^,0.00,,8.40,8.30,504,0.00,45.5,1,0,0.00,0.00,0.00,12.00,0.00,0.00,0,0,0.00,0,0.00
2026-03-28 18:27:13,1812.49,0,0,0,0,0,0,0,1.00,0,1.00,3.31,2.13,2.73,1.00,D,2.72,12.00,12.00,0.33,0.33,^,0.00,,6.40,8.30,504,0.00,46.6,1,0,0.00,0.00,0.00,12.00,0.00,0.00,0,0,0.00,0,0.00
2026-03-28 18:27:14,1813.39,0,0,0,0,0,0,0,0.00,0,1.00,3.31,2.13,2.62,1.00,D,2.72,12.00,12.00,12.00,0.46,^,0.00,,6.70,8.30,504,0.00,45.0,1,0,0.00,0.00,0.00,12.00,0.00,0.00,0,0,0.00,0,0.00
2026-03-28 18:27:15,1814.40,0,0,0,0,0,0,0,0.00,0,1.00,3.31,2.13,2.60,1.00,D,2.72,12.00,12.00,0.56,0.51,^,0.00,,7.70,8.30,504,0.00,46.6,1,0,0.00,0.00,0.00,12.00,0.00,0.00,0,0,0.00,0,0.00
2026-03-28 18:27:16,1815.42,0,0,0,0,0,0,0,0.33,0,1.00,3.31,2.13,2.62,1.00,D,2.72,12.00,12.00,0.57,0.57,^,0.00,,8.50,8.30,504,0.00,46.6,1,0,0.00,0.00,0.00,12.00,0.00,0.00,0,0,0.00,0,0.00
2026-03-28 18:27:17,1816.43,0,0,0,0,0,0,0,0.00,0,1.00,3.31,2.13,2.57,1.00,D,2.72,12.00,12.00,12.00,0.56,^,0.00,,10.10,8.30,504,0.00,45.5,1,0,0.00,0.00,0.00,12.00,0.00,0.00,0,0,0.00,0,0.00
2026-03-28 18:27:18,1817.44,0,0,0,0,0,0,0,0.00,0,1.00,3.31,2.13,2.67,1.00,D,2.72,12.00,12.00,12.00,0.39,^,0.00,,10.00,8.30,504,0.00,47.2,1,0,0.00,0.00,0.00,12.00,0.00,0.00,0,0,0.00,0,0.00
2026-03-28 18:27:19,1818.46,0,0,0,0,0,0,0,0.00,0,1.00,3.31,2.14,2.58,1.00,D,2.72,12.00,12.00,12.00,0.35,^,0.00,,8.50,8.30,504,0.00,46.1,1,0,0.00,0.00,0.00,12.00,0.00,0.00,0,0,0.00,0,0.00
2026-03-28 18:27:20,1819.48,0,0,0,0,0,0,0,1.00,0,1.00,3.31,2.14,2.73,1.00,D,2.72,12.00,12.00,12.00,0.59,^,0.00,,10.60,8.30,504,0.00,45.5,1,0,0.00,0.00,0.00,12.00,0.00,0.00,0,0,0.00,0,0.00
2026-03-28 18:27:21,1820.48,0,0,0,0,0,0,0,0.00,0,1.00,3.31,2.14,2.54,1.00,D,2.72,12.00,12.00,12.00,0.87,^,0.00,,9.40,8.30,504,0.00,47.2,1,0,0.00,0.00,0.00,12.00,0.00,0.00,0,0,0.00,0,0.00
2026-03-28 18:27:22,1821.48,0,0,0,0,0,0,0,1.00,0,1.00,3.31,2.14,2.59,1.00,D,2.72,12.00,12.00,12.00,1.15,^,0.00,,10.70,8.30,504,0.00,45.5,1,0,0.00,0.00,0.00,12.00,0.00,0.00,0,0,0.00,0,0.00
2026-03-28 18:27:23,1822.50,0,0,0,0,0,0,0,0.83,0,1.00,3.31,2.14,2.59,1.00,D,2.72,12.00,12.00,2.58,1.03,^,0.00,,11.20,8.30,504,0.00,46.6,1,0,0.00,0.00,0.00,12.00,0.00,0.00,0,0,0.00,0,0.00
2026-03-28 18:27:24,1823.51,0,0,0,0,0,0,0,0.00,0,1.00,3.31,2.14,2.60,1.00,D,2.72,12.00,12.00,12.00,1.33,^,0.00,,9.70,8.30,504,0.00,46.1,1,0,0.00,0.00,0.00,12.00,0.00,0.00,0,0,0.00,0,0.00
2026-03-28 18:27:25,1824.52,0,0,0,0,0,0,0,0.00,0,1.00,3.31,2.14,2.52,1.00,D,2.72,12.00,12.00,2.03,1.24,^,0.00,,7.00,8.30,504,0.00,45.0,1,0,0.00,0.00,0.00,12.00,0.00,0.00,0,0,0.00,0,0.00
2026-03-28 18:27:26,1825.53,0,0,0,0,0,0,0,0.00,0,1.00,3.31,2.14,2.52,1.00,D,2.72,12.00,12.00,2.05,1.26,^,0.00,,9.50,8.30,504,0.00,46.1,1,0,0.00,0.00,0.00,12.00,0.00,0.00,0,0,0.00,0,0.00
2026-03-28 18:27:27,1826.54,0,0,0,0,0,0,0,0.00,0,1.00,3.31,2.14,2.63,1.00,D,2.72,12.00,12.00,2.00,1.52,^,0.00,,7.70,8.30,504,0.00,46.1,1,0,0.00,0.00,0.00,12.00,0.00,0.00,0,0,0.00,0,0.00
2026-03-28 18:27:28,1827.56,0,0,0,0,0,0,0,0.00,0,1.00,3.31,2.14,2.55,1.00,D,2.72,12.00,12.00,1.25,1.40,^,0.00,,11.50,8.30,504,0.00,46.1,1,0,0.00,0.00,0.00,12.00,0.00,0.00,0,0,0.00,0,0.00
2026-03-28 18:27:29,1828.57,0,0,0,0,0,0,0,0.00,0,1.00,3.31,2.14,2.40,1.00,D,2.72,12.00,12.00,1.00,1.01,^,0.00,,9.90,8.30,504,0.00,46.1,1,0,0.00,0.00,0.00,12.00,0.00,0.00,0,0,0.00,0,0.00
2026-03-28 18:27:30,1829.58,0,0,0,0,0,0,0,0.00,0,1.00,3.31,2.14,2.42,1.00,D,2.72,12.00,12.00,1.92,1.38,^,0.00,,10.50,8.30,504,0.00,46.6,1,0,0.00,0.00,0.00,12.00,0.00,0.00,0,0,0.00,0,0.00
2026-03-28 18:27:31,1830.58,0,0,0,0,0,0,0,0.00,0,1.00,3.31,2.14,2.66,1.00,D,2.72,12.00,12.00,1.85,1.70,^,0.00,,10.40,8.30,504,0.00,46.1,1,0,0.00,0.00,0.00,12.00,0.00,0.00,0,0,0.00,0,0.00
2026-03-28 18:27:32,1831.59,0,0,0,0,0,0,0,0.00,0,1.00,3.31,2.14,2.40,1.00,D,2.72,12.00,12.00,1.70,2.00,^,0.00,,10.90,8.30,504,0.00,46.6,1,0,0.00,0.00,0.00,12.00,0.00,0.00,0,0,0.00,0,0.00
2026-03-28 18:27:33,1832.60,0,0,0,0,0,0,0,0.77,0,1.00,3.31,2.14,2.63,1.00,D,2.72,12.00,12.00,1.06,1.90,^,0.00,,9.70,8.30,504,0.00,45.5,1,0,0.00,0.00,0.00,12.00,0.00,0.00,0,0,0.00,0,0.00
2026-03-28 18:27:34,1833.62,0,0,0,0,0,0,0,0.00,0,1.00,3.31,2.14,2.48,1.00,D,2.72,12.00,12.00,2.07,2.09,^,0.00,,9.30,8.20,504,0.00,47.2,1,0,0.00,0.00,0.00,12.00,0.00,0.00,0,0,0.00,0,0.00
2026-03-28 18:27:35,1834.63,0,0,0,0,0,0,0,0.30,0,1.00,3.31,2.14,2.53,1.00,D,2.72,12.00,12.00,2.15,2.15,^,0.00,,11.40,8.30,504,0.00,46.6,1,0,0.00,0.00,0.00,12.00,0.00,0.00,0,0,0.00,0,0.00
2026-03-28 18:27:36,1835.63,0,0,0,0,0,0,0,0.00,0,1.00,3.31,2.14,2.48,1.00,D,2.72,12.00,12.00,2.03,2.13,^,0.00,,12.20,8.30,504,0.00,46.6,1,0,0.00,0.00,0.00,12.00,0.00,0.00,0,0,0.00,0,0.00
2026-03-28 18:27:37,1836.63,0,0,0,0,0,0,0,0.47,0,1.00,3.31,2.14,2.33,1.00,D,2.72,12.00,12.00,12.00,2.26,^,0.00,,14.00,8.20,504,0.00,46.1,1,0,0.00,0.00,0.00,12.00,0.00,0.00,0,0,0.00,0,0.00
2026-03-28 18:27:38,1837.63,0,0,0,0,0,0,0,0.00,0,1.00,3.31,2.14,2.44,1.00,D,2.72,2.36,12.00,1.83,12.00,^,0.00,,13.60,8.30,504,0.00,46.6,1,0,0.00,0.00,0.00,2.36,0.00,0.00,0,0,0.00,0,0.00
2026-03-28 18:27:39,1838.65,0,0,0,0,0,0,0,0.00,0,1.00,3.31,2.14,2.32,1.00,D,2.72,12.00,12.00,1.86,1.86,^,0.00,,12.80,8.30,504,0.00,46.1,1,0,0.00,0.00,0.00,12.00,0.00,0.00,0,0,0.00,0,0.00
2026-03-28 18:27:40,1839.66,0,0,0,0,0,0,0,0.00,0,1.00,3.31,2.14,2.45,1.00,D,2.72,12.00,12.00,1.77,1.78,^,0.00,,13.10,8.30,504,0.00,46.6,1,0,0.00,0.00,0.00,12.00,0.00,0.00,0,0,0.00,0,0.00
2026-03-28 18:27:41,1840.67,0,0,0,0,0,0,0,0.00,0,1.00,3.31,2.14,2.31,1.00,D,2.72,12.00,1.25,1.88,1.88,^,0.00,,15.50,8.20,504,0.00,47.2,1,0,0.00,0.00,0.00,12.00,0.00,0.00,0,0,0.00,0,0.00
2026-03-28 18:27:42,1841.68,0,0,0,0,0,0,0,0.00,0,1.00,3.31,2.14,2.46,1.00,D,2.72,12.00,12.00,1.90,1.91,^,0.00,,12.20,8.20,504,0.00,45.5,1,0,0.00,0.00,0.00,12.00,0.00,0.00,0,0,0.00,0,0.00
2026-03-28 18:27:43,1842.70,0,0,0,0,0,0,0,0.00,0,1.00,3.31,2.14,2.35,1.00,D,2.72,12.00,12.00,2.01,2.01,^,0.00,,15.60,8.20,504,0.00,46.6,1,0,0.00,0.00,0.00,12.00,0.00,0.00,0,0,0.00,0,0.00
2026-03-28 18:27:44,1843.71,0,0,0,0,0,0,0,1.00,0,1.00,3.31,2.14,2.43,1.00,D,2.72,12.00,12.00,2.12,2.11,^,0.00,,13.10,8.30,504,0.00,46.1,1,0,0.00,0.00,0.00,12.00,0.00,0.00,0,0,0.00,0,0.00
2026-03-28 18:27:45,1844.72,0,0,0,0,0,0,0,0.00,0,1.00,3.31,2.14,2.50,1.00,D,2.72,12.00,12.00,2.01,2.01,^,0.00,,12.90,8.30,504,0.00,44.4,1,0,0.00,0.00,0.00,12.00,0.00,0.00,0,0,0.00,0,0.00
2026-03-28 18:27:46,1845.73,0,0,0,0,0,0,0,0.00,0,1.00,3.31,2.14,2.35,1.00,D,2.72,12.00,12.00,12.00,2.03,^,0.00,,14.90,8.20,504,0.00,46.6,1,0,0.00,0.00,0.00,12.00,0.00,0.00,0,0,0.00,0,0.00
2026-03-28 18:27:47,1846.73,0,0,0,0,0,0,0,0.00,0,1.00,3.31,2.14,2.59,1.00,D,2.72,12.00,12.00,2.38,12.00,^,0.00,,12.80,8.20,504,0.00,45.0,1,0,0.00,0.00,0.00,12.00,0.00,0.00,0,0,0.00,0,0.00
2026-03-28 18:27:48,1847.74,0,0,0,0,0,0,0,0.00,0,1.00,3.31,2.14,2.48,1.00,D,2.72,12.00,12.00,12.00,2.07,^,0.00,,13.20,8.20,504,0.00,46.6,1,0,0.00,0.00,0.00,12.00,0.00,0.00,0,0,0.00,0,0.00
2026-03-28 18:27:49,1848.76,0,0,0,0,0,0,0,0.31,0,1.00,3.31,2.14,2.32,1.00,D,2.72,12.00,12.00,12.00,2.40,^,0.00,,10.50,8.20,504,0.00,46.6,1,0,0.00,0.00,0.00,12.00,0.00,0.00,0,0,0.00,0,0.00
2026-03-28 18:27:50,1849.77,0,0,0,0,0,0,0,0.00,0,1.00,3.31,2.14,2.21,1.00,D,2.72,12.00,12.00,2.56,12.00,^,0.00,,9.10,8.20,504,0.00,46.6,1,0,0.00,0.00,0.00,12.00,0.00,0.00,0,0,0.00,0,0.00
2026-03-28 18:27:51,1850.78,0,0,0,0,0,0,0,0.00,0,1.00,3.31,2.14,2.39,1.00,D,2.72,12.00,12.00,12.00,12.00,^,0.00,,9.80,8.30,504,0.00,46.1,1,0,0.00,0.00,0.00,12.00,0.00,0.00,0,0,0.00,0,0.00
2026-03-28 18:27:52,1851.79,0,0,0,0,0,0,0,0.13,0,1.00,3.31,2.14,2.24,1.00,D,2.72,12.00,12.00,12.00,12.00,^,0.00,,10.70,8.30,504,0.00,45.5,1,0,0.00,0.00,0.00,12.00,0.00,0.00,0,0,0.00,0,0.00
2026-03-28 18:27:53,1852.81,0,0,0,0,0,0,0,0.56,0,1.00,3.31,2.14,2.14,1.00,D,2.72,12.00,12.00,12.00,12.00,^,0.00,,13.40,8.30,504,0.00,46.1,1,0,0.00,0.00,0.00,12.00,0.00,0.00,0,0,0.00,0,0.00
2026-03-28 18:27:54,1853.82,0,0,0,0,0,0,0,0.00,0,1.00,3.31,2.14,2.21,1.00,D,2.72,12.00,12.00,2.33,12.00,^,0.00,,14.50,8.30,504,0.00,46.6,1,0,0.00,0.00,0.00,12.00,0.00,0.00,0,0,0.00,0,0.00
2026-03-28 18:27:55,1854.83,0,0,0,0,0,0,0,0.00,0,1.00,3.31,2.14,1.95,1.00,D,2.72,12.00,1.90,1.69,1.60,^,0.00,,11.40,8.30,504,0.00,45.5,1,0,0.00,0.00,0.00,12.00,0.00,0.00,0,0,0.00,0,0.00
2026-03-28 18:27:56,1855.83,0,0,0,0,0,0,0,0.00,0,1.00,3.31,2.14,2.12,1.00,D,2.72,12.00,1.47,1.87,0.85,^,0.00,,12.80,8.30,504,0.00,46.6,1,0,0.00,0.00,0.00,12.00,0.00,0.00,0,0,0.00,0,0.00
2026-03-28 18:27:57,1856.85,0,0,0,0,0,0,0,0.00,0,1.00,3.31,2.14,2.39,1.00,D,2.72,12.00,12.00,1.96,2.12,^,0.00,,15.20,8.30,504,0.00,46.6,1,0,0.00,0.00,0.00,12.00,0.00,0.00,0,0,0.00,0,0.00
2026-03-28 18:27:58,1857.86,0,0,0,0,0,0,0,1.00,0,1.00,3.31,2.14,2.56,1.00,D,2.72,12.00,12.00,12.00,2.10,^,0.00,,17.40,8.30,504,0.00,47.2,1,0,0.00,0.00,0.00,12.00,0.00,0.00,0,0,0.00,0,0.00
2026-03-28 18:27:59,1858.86,0,0,0,0,0,0,0,0.00,0,1.00,3.31,2.14,2.45,1.00,D,2.72,12.00,12.00,1.35,1.78,^,0.00,,14.40,8.30,504,0.00,46.1,1,0,0.00,0.00,0.00,12.00,0.00,0.00,0,0,0.00,0,0.00
2026-03-28 18:28:00,1859.87,0,0,0,0,0,0,0,0.00,0,1.00,3.31,2.14,2.59,1.00,D,2.72,12.00,12.00,12.00,1.73,^,0.00,,14.90,8.30,504,0.00,46.6,1,0,0.00,0.00,0.00,12.00,0.00,0.00,0,0,0.00,0,0.00
2026-03-28 18:28:01,1860.89,0,0,0,0,0,0,0,0.00,0,1.00,3.31,2.14,2.47,1.00,D,2.72,12.00,12.00,12.00,2.00,^,0.00,,15.10,8.30,504,0.00,46.6,1,0,0.00,0.00,0.00,12.00,0.00,0.00,0,0,0.00,0,0.00
2026-03-28 18:28:02,1861.90,0,0,0,0,0,0,0,0.00,0,1.00,3.31,2.14,2.27,1.00,D,2.72,12.00,12.00,12.00,1.73,^,0.00,,15.20,8.30,504,0.00,46.6,1,0,0.00,0.00,0.00,12.00,0.00,0.00,0,0,0.00,0,0.00
2026-03-28 18:28:03,1862.90,0,0,0,0,0,0,0,0.00,0,1.00,3.31,2.14,2.45,1.00,D,2.72,12.00,12.00,1.43,1.61,^,0.00,,14.20,8.30,504,0.00,47.7,1,0,0.00,0.00,0.00,12.00,0.00,0.00,0,0,0.00,0,0.00
2026-03-28 18:28:04,1863.91,0,0,0,0,0,0,0,0.00,0,1.00,3.31,2.14,2.39,1.00,D,2.72,12.00,12.00,12.00,1.70,^,0.00,,11.70,8.30,504,0.00,45.5,1,0,0.00,0.00,0.00,12.00,0.00,0.00,0,0,0.00,0,0.00
2026-03-28 18:28:05,1864.93,0,0,0,0,0,0,0,0.00,0,0.00,3.31,2.14,1.71,0.41,D,2.72,12.00,12.00,12.00,1.49,^,0.00,,13.30,8.20,504,0.00,45.0,1,0,0.00,0.00,0.00,12.00,0.00,0.00,0,0,0.00,0,0.00
2026-03-28 18:28:06,1865.94,0,0,0,0,0,0,0,0.92,0,1.00,3.31,2.14,0.50,0.30,D,2.72,12.00,12.00,12.00,1.25,^,0.00,,15.20,8.20,504,0.00,46.6,1,0,0.00,0.00,0.00,12.00,0.00,0.00,0,0,0.00,0,0.00
2026-03-28 18:28:07,1866.95,0,0,0,0,0,0,0,0.00,0,1.00,3.31,2.14,0.70,0.80,D,2.72,12.00,12.00,12.00,0.61,^,0.00,,12.90,8.30,504,0.00,46.1,1,0,0.00,0.00,0.00,12.00,0.00,0.00,0,0,0.00,0,0.00
2026-03-28 18:28:08,1867.96,0,0,0,0,0,0,0,0.00,0,1.00,3.31,2.14,2.10,1.00,D,2.72,12.00,12.00,12.00,0.80,^,0.00,,12.30,8.30,504,0.00,46.1,1,0,0.00,0.00,0.00,12.00,0.00,0.00,0,0,0.00,0,0.00
2026-03-28 18:28:09,1868.98,0,0,0,0,0,0,0,0.00,0,1.00,3.31,2.14,2.19,1.00,D,2.72,12.00,12.00,12.00,0.64,^,0.00,,16.40,8.20,504,0.00,45.5,1,0,0.00,0.00,0.00,12.00,0.00,0.00,0,0,0.00,0,0.00
2026-03-28 18:28:10,1869.99,0,0,0,0,0,0,0,0.00,0,1.00,3.31,2.14,2.28,1.00,D,2.72,12.00,12.00,12.00,0.84,^,0.00,,12.90,8.30,504,0.00,47.2,1,0,0.00,0.00,0.00,12.00,0.00,0.00,0,0,0.00,0,0.00
2026-03-28 18:28:11,1871.00,0,0,0,0,0,0,0,0.00,0,1.00,3.31,2.14,2.31,1.00,D,2.72,12.00,12.00,12.00,0.57,^,0.00,,11.70,8.30,504,0.00,46.1,1,0,0.00,0.00,0.00,12.00,0.00,0.00,0,0,0.00,0,0.00
2026-03-28 18:28:12,1872.01,0,0,0,0,0,0,0,0.00,0,1.00,3.31,2.14,2.31,1.00,D,2.72,12.00,12.00,12.00,0.68,^,0.00,,12.70,8.30,504,0.00,45.0,1,0,0.00,0.00,0.00,12.00,0.00,0.00,0,0,0.00,0,0.00
2026-03-28 18:28:13,1873.03,0,0,0,0,0,0,0,0.00,0,1.00,3.31,2.14,2.36,1.00,D,2.72,12.00,12.00,12.00,0.68,^,0.00,,12.70,8.20,504,0.00,46.1,1,0,0.00,0.00,0.00,12.00,0.00,0.00,0,0,0.00,0,0.00
2026-03-28 18:28:14,1874.03,0,0,0,0,0,0,0,1.00,0,1.00,3.31,2.14,2.39,1.00,D,2.72,12.00,12.00,12.00,0.58,^,0.00,,13.50,8.30,504,0.00,46.6,1,0,0.00,0.00,0.00,12.00,0.00,0.00,0,0,0.00,0,0.00
2026-03-28 18:28:15,1875.04,0,0,0,0,0,0,0,0.00,0,1.00,3.31,2.14,2.32,1.00,D,2.72,12.00,12.00,12.00,0.86,^,0.00,,12.10,8.30,504,0.00,47.2,1,0,0.00,0.00,0.00,12.00,0.00,0.00,0,0,0.00,0,0.00
2026-03-28 18:28:16,1876.05,0,0,0,0,0,0,0,0.00,0,1.00,3.31,2.14,2.20,1.00,D,2.72,12.00,12.00,2.12,0.81,^,0.00,,13.40,8.20,504,0.00,46.6,1,0,0.00,0.00,0.00,12.00,0.00,0.00,0,0,0.00,0,0.00
2026-03-28 18:28:17,1877.07,0,0,0,0,0,0,0,0.00,0,1.00,3.31,2.14,2.14,1.00,D,2.72,12.00,12.00,1.41,0.71,^,0.00,,12.90,8.30,504,0.00,46.1,1,0,0.00,0.00,0.00,12.00,0.00,0.00,0,0,0.00,0,0.00
2026-03-28 18:28:18,1878.08,0,0,0,0,0,0,0,0.00,0,1.00,3.31,2.14,2.30,1.00,D,2.72,12.00,12.00,1.05,0.69,^,0.00,,14.10,8.30,504,0.00,46.6,1,0,0.00,0.00,0.00,12.00,0.00,0.00,0,0,0.00,0,0.00
2026-03-28 18:28:19,1879.09,0,0,0,0,0,0,0,0.00,0,1.00,3.31,2.14,1.86,1.00,D,2.72,12.00,12.00,12.00,0.80,^,0.00,,14.10,8.30,504,0.00,46.6,1,0,0.00,0.00,0.00,12.00,0.00,0.00,0,0,0.00,0,0.00
2026-03-28 18:28:20,1880.10,0,0,0,0,0,0,0,0.00,0,1.00,3.31,2.14,1.44,1.00,D,2.72,12.00,12.00,12.00,0.47,^,0.00,,12.90,8.30,504,0.00,46.1,1,0,0.00,0.00,0.00,12.00,0.00,0.00,0,0,0.00,0,0.00
2026-03-28 18:28:21,1881.11,0,0,0,0,0,0,0,0.00,0,1.00,3.31,2.14,2.17,1.00,D,2.72,12.00,12.00,2.58,0.42,^,0.00,,16.30,8.30,504,0.00,46.6,1,0,0.00,0.00,0.00,12.00,0.00,0.00,0,0,0.00,0,0.00
2026-03-28 18:28:22,1882.13,0,0,0,0,0,0,0,1.00,0,1.00,3.31,2.14,2.53,1.00,D,2.72,12.00,12.00,12.00,0.59,^,0.00,,13.00,8.30,504,0.00,46.6,1,0,0.00,0.00,0.00,12.00,0.00,0.00,0,0,0.00,0,0.00
2026-03-28 18:28:23,1883.14,0,0,0,0,0,0,0,0.00,0,1.00,3.31,2.14,2.42,1.00,D,2.72,12.00,12.00,12.00,0.59,^,0.00,,13.80,8.30,504,0.00,47.2,1,0,0.00,0.00,0.00,12.00,0.00,0.00,0,0,0.00,0,0.00
2026-03-28 18:28:24,1884.16,0,0,0,0,0,0,0,0.00,0,1.00,3.31,2.14,2.30,1.00,D,2.72,12.00,12.00,12.00,0.57,^,0.00,,14.60,8.30,504,0.00,46.6,1,0,0.00,0.00,0.00,12.00,0.00,0.00,0,0,0.00,0,0.00
2026-03-28 18:28:25,1885.17,0,0,0,0,0,0,0,0.68,0,1.00,3.31,2.14,2.02,1.00,D,2.72,12.00,12.00,12.00,0.63,^,0.00,,11.70,8.30,504,0.00,45.0,1,0,0.00,0.00,0.00,12.00,0.00,0.00,0,0,0.00,0,0.00
2026-03-28 18:28:26,1886.18,0,0,0,0,0,0,0,0.00,0,1.00,3.31,2.14,2.12,1.00,D,2.72,12.00,12.00,12.00,0.78,^,0.00,,10.90,8.30,504,0.00,46.1,1,0,0.00,0.00,0.00,12.00,0.00,0.00,0,0,0.00,0,0.00
2026-03-28 18:28:27,1887.20,0,0,0,0,0,0,0,0.00,0,1.00,3.31,2.14,2.16,1.00,D,2.72,12.00,12.00,1.68,0.81,^,0.00,,12.30,8.30,504,0.00,46.6,1,0,0.00,0.00,0.00,12.00,0.00,0.00,0,0,0.00,0,0.00
2026-03-28 18:28:28,1888.21,0,0,0,0,0,0,0,0.00,0,1.00,3.31,2.14,2.25,1.00,D,2.72,12.00,12.00,1.20,0.90,^,0.00,,13.70,8.30,504,0.00,46.1,1,0,0.00,0.00,0.00,12.00,0.00,0.00,0,0,0.00,0,0.00
2026-03-28 18:28:29,1889.23,0,0,0,0,0,0,0,0.00,0,1.00,3.31,2.14,2.30,1.00,D,2.72,12.00,12.00,12.00,0.76,^,0.00,,14.50,8.30,504,0.00,46.6,1,0,0.00,0.00,0.00,12.00,0.00,0.00,0,0,0.00,0,0.00
2026-03-28 18:28:31,1890.24,0,0,0,0,0,0,0,0.00,0,1.00,3.31,2.14,2.36,1.00,D,2.72,12.00,0.71,12.00,0.71,^,0.00,,10.30,8.30,504,0.00,46.1,1,0,0.00,0.00,0.00,12.00,0.00,0.00,0,0,0.00,0,0.00
2026-03-28 18:28:32,1891.25,0,0,0,0,0,0,0,0.71,0,1.00,3.31,2.14,2.25,1.00,D,2.72,12.00,0.68,12.00,0.69,^,0.00,,12.20,8.30,504,0.00,46.6,1,0,0.00,0.00,0.00,12.00,0.00,0.00,0,0,0.00,0,0.00
2026-03-28 18:28:33,1892.26,0,0,0,0,0,0,0,0.00,0,1.00,3.31,2.14,2.22,1.00,D,2.72,12.00,0.83,12.00,0.64,^,0.00,,11.50,8.30,504,0.00,45.0,1,0,0.00,0.00,0.00,12.00,0.00,0.00,0,0,0.00,0,0.00
2026-03-28 18:28:34,1893.27,0,0,0,0,0,0,0,0.00,0,1.00,3.31,2.14,2.26,1.00,D,2.72,12.00,0.94,12.00,0.65,^,0.00,,8.00,8.30,504,0.00,45.5,1,0,0.00,0.00,0.00,12.00,0.00,0.00,0,0,0.00,0,0.00
2026-03-28 18:28:35,1894.29,0,0,0,0,0,0,0,0.00,0,1.00,3.31,2.14,2.35,1.00,D,2.72,12.00,0.66,12.00,12.00,^,0.00,,6.20,8.30,504,0.00,45.5,1,0,0.00,0.00,0.00,12.00,0.00,0.00,0,0,0.00,0,0.00
2026-03-28 18:28:36,1895.30,0,0,0,0,0,0,0,0.00,0,1.00,3.31,2.14,2.33,1.00,D,2.72,12.00,0.56,12.00,12.00,^,0.00,,9.80,8.30,504,0.00,45.0,1,0,0.00,0.00,0.00,12.00,0.00,0.00,0,0,0.00,0,0.00
2026-03-28 18:28:37,1896.31,0,0,0,0,0,0,0,0.00,0,1.00,3.31,2.14,2.09,1.00,D,2.72,12.00,0.66,12.00,0.71,^,0.00,,10.50,8.30,504,0.00,46.6,1,0,0.00,0.00,0.00,12.00,0.00,0.00,0,0,0.00,0,0.00
2026-03-28 18:28:38,1897.32,0,0,0,0,0,0,0,0.00,0,1.00,3.31,2.14,2.41,1.00,D,2.72,12.00,1.03,12.00,12.00,^,0.00,,9.70,8.40,504,0.00,46.6,1,0,0.00,0.00,0.00,12.00,0.00,0.00,0,0,0.00,0,0.00
2026-03-28 18:28:39,1898.33,0,0,0,0,0,0,0,0.00,0,1.00,3.31,2.14,2.39,1.00,D,2.72,12.00,1.00,12.00,12.00,^,0.00,,5.60,8.30,504,0.00,46.1,1,0,0.00,0.00,0.00,12.00,0.00,0.00,0,0,0.00,0,0.00
2026-03-28 18:28:40,1899.35,0,0,0,0,0,0,0,0.00,0,1.00,3.31,2.14,2.40,1.00,D,2.72,12.00,0.91,12.00,12.00,^,0.00,,7.80,8.30,504,0.00,46.1,1,0,0.00,0.00,0.00,12.00,0.00,0.00,0,0,0.00,0,0.00
2026-03-28 18:28:41,1900.36,0,0,0,0,0,0,0,1.00,0,1.00,3.31,2.14,1.85,1.00,D,2.72,0.60,0.54,12.00,12.00,CAUTION_WARNING,0.00,,10.30,8.30,504,0.00,45.0,1,0,0.00,0.00,0.00,0.60,0.00,0.00,0,0,0.00,0,0.00
2026-03-28 18:28:42,1901.37,0,0,0,0,0,0,0,0.00,0,1.00,3.31,2.14,2.10,1.00,D,2.72,0.83,12.00,12.00,12.00,CAUTION_WARNING,0.00,,9.00,8.30,504,0.00,45.5,1,0,0.00,0.00,0.00,0.83,0.00,0.00,0,0,0.00,0,0.00
2026-03-28 18:28:43,1902.39,0,0,0,0,0,0,0,0.00,0,1.00,3.31,2.14,2.29,1.00,D,2.72,1.15,12.00,2.23,12.00,^,0.00,,9.10,8.30,504,0.00,45.5,1,0,0.00,0.00,0.00,1.15,0.00,0.00,0,0,0.00,0,0.00
2026-03-28 18:28:44,1903.40,0,0,0,0,0,0,0,0.00,0,1.00,3.31,2.14,2.17,1.00,D,2.72,1.00,12.00,1.91,2.03,^,0.00,,6.60,8.30,504,0.00,45.5,1,0,0.00,0.00,0.00,1.00,0.00,0.00,0,0,0.00,0,0.00
2026-03-28 18:28:45,1904.41,0,0,0,0,0,0,0,0.00,0,1.00,3.31,2.14,2.06,1.00,D,2.72,12.00,12.00,0.96,2.24,^,0.00,,9.10,8.30,504,0.00,45.5,1,0,0.00,0.00,0.00,12.00,0.00,0.00,0,0,0.00,0,0.00
2026-03-28 18:28:46,1905.42,0,0,0,0,0,0,0,0.00,0,1.00,3.31,2.14,2.28,1.00,D,2.72,12.00,12.00,0.51,12.00,^,0.00,,8.50,8.30,504,0.00,47.2,1,0,0.00,0.00,0.00,12.00,0.00,0.00,0,0,0.00,0,0.00
2026-03-28 18:28:47,1906.52,0,0,0,0,0,0,0,0.00,0,1.00,3.31,2.14,2.26,1.00,D,2.72,12.00,12.00,0.33,0.34,^,0.00,,7.10,8.30,504,0.00,47.2,1,0,0.00,0.00,0.00,12.00,0.00,0.00,0,0,0.00,0,0.00
2026-03-28 18:28:48,1907.43,0,0,0,0,0,0,0,0.00,0,1.00,3.31,2.14,2.32,1.00,D,2.72,12.00,12.00,12.00,0.48,^,0.00,,8.20,8.30,504,0.00,46.6,1,0,0.00,0.00,0.00,12.00,0.00,0.00,0,0,0.00,0,0.00
2026-03-28 18:28:49,1908.44,0,0,0,0,0,0,0,0.00,0,1.00,3.31,2.14,2.37,1.00,D,2.72,12.00,12.00,12.00,0.57,^,0.00,,7.60,8.30,504,0.00,46.1,1,0,0.00,0.00,0.00,12.00,0.00,0.00,0,0,0.00,0,0.00
2026-03-28 18:28:50,1909.45,0,0,0,0,0,0,0,0.00,0,1.00,3.31,2.14,2.31,1.00,D,2.72,12.00,12.00,12.00,0.81,^,0.00,,10.60,8.30,504,0.00,46.6,1,0,0.00,0.00,0.00,12.00,0.00,0.00,0,0,0.00,0,0.00
2026-03-28 18:28:51,1910.47,0,0,0,0,0,0,0,0.00,0,1.00,3.31,2.14,2.27,1.00,D,2.72,12.00,12.00,12.00,0.69,^,0.00,,7.80,8.30,504,0.00,45.0,1,0,0.00,0.00,0.00,12.00,0.00,0.00,0,0,0.00,0,0.00
2026-03-28 18:28:52,1911.48,0,0,0,0,0,0,0,0.61,0,1.00,3.31,2.14,2.30,1.00,D,2.72,12.00,12.00,12.00,0.76,^,0.00,,9.20,8.30,504,0.00,45.5,1,0,0.00,0.00,0.00,12.00,0.00,0.00,0,0,0.00,0,0.00
2026-03-28 18:28:53,1912.49,0,0,0,0,0,0,0,0.91,0,1.00,3.31,2.14,2.10,1.00,D,2.72,12.00,12.00,12.00,0.78,^,0.00,,8.50,8.30,504,0.00,46.6,1,0,0.00,0.00,0.00,12.00,0.00,0.00,0,0,0.00,0,0.00
2026-03-28 18:28:54,1913.51,0,0,0,0,0,0,0,0.00,0,1.00,3.31,2.14,1.98,1.00,D,2.72,12.00,12.00,8.48,0.55,^,0.00,,9.30,8.30,504,0.00,46.1,1,0,0.00,0.00,0.00,12.00,0.00,0.00,0,0,0.00,0,0.00
2026-03-28 18:28:55,1914.52,0,0,0,0,0,0,0,-0.28,0,1.00,3.31,2.14,2.28,1.00,D,2.72,12.00,12.00,12.00,0.79,^,0.00,,7.90,8.30,504,0.00,45.5,1,0,0.00,0.00,0.00,12.00,0.00,0.00,0,0,0.00,0,0.00
2026-03-28 18:28:56,1915.53,0,0,0,0,0,0,0,0.10,0,1.00,3.31,2.14,2.30,1.00,D,2.72,12.00,12.00,12.00,0.59,^,0.00,,10.90,8.30,504,0.00,45.5,1,0,0.00,0.00,0.00,12.00,0.00,0.00,0,0,0.00,0,0.00
2026-03-28 18:28:57,1916.54,0,0,0,0,0,0,0,0.00,0,1.00,3.31,2.14,2.24,1.00,D,2.72,12.00,12.00,12.00,0.57,^,0.00,,8.70,8.30,504,0.00,46.6,1,0,0.00,0.00,0.00,12.00,0.00,0.00,0,0,0.00,0,0.00
2026-03-28 18:28:58,1917.55,0,0,0,0,0,0,0,0.00,0,1.00,3.31,2.14,2.17,1.00,D,2.72,12.00,12.00,12.00,0.46,^,0.00,,8.30,8.30,504,0.00,45.5,1,0,0.00,0.00,0.00,12.00,0.00,0.00,0,0,0.00,0,0.00
2026-03-28 18:28:59,1918.57,0,0,0,0,0,0,0,-0.51,0,1.00,3.31,2.14,2.27,1.00,D,2.72,12.00,12.00,12.00,0.54,^,0.00,,10.70,8.30,504,0.00,46.6,1,0,0.00,0.00,0.00,12.00,0.00,0.00,0,0,0.00,0,0.00
2026-03-28 18:29:00,1919.58,0,0,0,0,0,0,0,-0.21,0,1.00,3.31,2.14,2.19,1.00,D,2.72,12.00,12.00,12.00,0.73,^,0.00,,12.90,8.30,504,0.00,46.6,1,0,0.00,0.00,0.00,12.00,0.00,0.00,0,0,0.00,0,0.00
2026-03-28 18:29:01,1920.59,0,0,0,0,0,0,0,0.00,0,1.00,3.31,2.14,2.19,1.00,D,2.72,12.00,12.00,12.00,0.74,^,0.00,,14.00,8.30,504,0.00,47.2,1,0,0.00,0.00,0.00,12.00,0.00,0.00,0,0,0.00,0,0.00
2026-03-28 18:29:02,1921.60,0,0,0,0,0,0,0,0.00,0,1.00,3.31,2.14,2.33,1.00,D,2.72,12.00,12.00,2.21,0.71,^,0.00,,8.10,8.30,504,0.00,46.1,1,0,0.00,0.00,0.00,12.00,0.00,0.00,0,0,0.00,0,0.00
2026-03-28 18:29:03,1922.61,0,0,0,0,0,0,0,0.00,0,1.00,3.31,2.14,2.41,1.00,D,2.72,12.00,12.00,12.00,0.45,^,0.00,,5.50,8.30,504,0.00,46.1,1,0,0.00,0.00,0.00,12.00,0.00,0.00,0,0,0.00,0,0.00
2026-03-28 18:29:04,1923.63,0,0,0,0,0,0,0,1.00,0,1.00,3.31,2.14,2.18,1.00,D,2.72,12.00,0.37,12.00,0.36,^,0.00,,9.20,8.30,504,0.00,45.5,1,0,0.00,0.00,0.00,12.00,0.00,0.00,0,0,0.00,0,0.00
2026-03-28 18:29:05,1924.64,0,0,0,0,0,0,0,0.00,0,1.00,3.31,2.14,2.20,1.00,D,2.72,12.00,12.00,12.00,0.59,^,0.00,,8.20,8.30,504,0.00,46.6,1,0,0.00,0.00,0.00,12.00,0.00,0.00,0,0,0.00,0,0.00
2026-03-28 18:29:06,1925.64,0,0,0,0,0,0,0,0.00,0,0.00,3.31,2.14,1.52,0.45,D,2.72,12.00,0.60,12.00,0.61,^,0.00,,11.50,8.30,504,0.00,45.0,1,0,0.00,0.00,0.00,12.00,0.00,0.00,0,0,0.00,0,0.00
2026-03-28 18:29:07,1926.65,0,0,0,0,0,0,0,0.89,0,1.00,3.31,2.14,0.37,0.26,D,2.72,12.00,0.37,12.00,12.00,^,0.00,,11.20,8.30,504,0.01,45.5,1,0,0.00,0.00,0.00,12.00,0.00,0.00,0,0,0.00,0,0.00
2026-03-28 18:29:08,1927.67,0,0,0,0,0,0,0,0.82,0,1.00,3.31,2.14,0.48,0.77,D,2.72,0.88,12.00,12.00,12.00,CAUTION_WARNING,0.00,,9.90,8.30,504,0.00,46.6,1,0,0.00,0.00,0.00,0.88,0.00,0.00,0,0,0.00,0,0.00
2026-03-28 18:29:09,1928.68,0,0,0,0,0,0,0,0.62,0,1.00,3.31,2.14,1.78,1.00,D,2.72,1.30,12.00,12.00,12.00,^,0.00,,13.90,8.30,504,0.00,47.2,1,0,0.00,0.00,0.00,1.30,0.00,0.00,0,0,0.00,0,0.00
2026-03-28 18:29:10,1929.69,0,0,0,0,0,0,0,-1.00,0,1.00,3.31,2.14,1.99,1.00,D,2.72,1.22,12.00,1.25,12.00,^,0.00,,13.80,8.30,504,0.00,46.1,1,0,0.00,0.00,0.00,1.22,0.00,0.00,0,0,0.00,0,0.00
2026-03-28 18:29:11,1930.70,0,0,0,0,0,0,0,0.00,0,0.00,3.31,2.14,1.77,0.74,D,2.72,1.03,12.00,0.87,1.16,^,0.00,,12.60,8.30,504,0.00,47.2,1,0,0.00,0.00,0.00,1.03,0.00,0.00,0,0,0.00,0,0.00
2026-03-28 18:29:12,1931.72,0,0,0,0,0,0,0,0.00,0,0.00,3.31,2.14,1.00,0.13,D,2.72,12.00,12.00,0.54,1.45,^,0.00,,8.20,8.30,504,0.00,45.5,1,0,0.00,0.00,0.00,12.00,0.00,0.00,0,0,0.00,0,0.00
2026-03-28 18:29:13,1932.73,0,0,0,0,0,0,0,0.00,0,0.00,3.31,2.14,0.00,0.00,D,2.72,0.81,12.00,0.77,1.55,CAUTION_WARNING,0.00,,6.90,8.30,504,0.36,45.5,1,0,0.00,0.00,0.00,0.81,0.00,0.00,0,0,0.00,0,0.00
2026-03-28 18:29:14,1933.74,0,0,0,0,0,0,0,0.00,0,0.00,3.31,2.14,0.00,0.00,D,2.72,0.90,12.00,0.90,1.55,CAUTION_WARNING,0.00,,6.90,8.30,504,1.37,46.1,1,0,0.00,0.00,0.00,0.90,0.00,0.00,0,0,0.00,0,0.00
2026-03-28 18:29:15,1934.75,0,0,0,0,0,0,0,0.00,0,0.00,3.31,2.14,0.00,0.00,D,2.72,12.00,12.00,0.96,12.00,^,0.00,,6.70,8.30,504,2.38,46.6,1,0,0.00,0.00,0.00,12.00,0.00,0.00,0,0,0.00,0,0.00
2026-03-28 18:29:16,1935.76,0,0,0,0,0,0,0,0.00,0,0.00,3.31,2.14,0.00,0.00,D,2.72,12.00,12.00,0.95,1.55,^,0.00,,6.40,8.30,504,3.39,45.5,1,0,0.00,0.00,0.00,12.00,0.00,0.00,0,0,0.00,0,0.00
2026-03-28 18:29:17,1936.78,0,0,0,0,0,0,0,0.00,0,0.00,3.31,2.13,0.00,0.00,D,2.72,12.00,12.00,0.95,1.55,^,0.00,,7.20,8.30,504,4.40,45.5,1,0,0.00,0.00,0.00,12.00,0.00,0.00,0,0,0.00,0,0.00
2026-03-28 18:29:18,1937.79,0,0,0,0,0,0,0,0.00,0,0.00,3.31,2.13,0.00,0.00,D,2.72,1.18,12.00,0.95,1.55,^,0.00,,6.50,8.20,504,5.42,46.1,1,0,0.00,0.00,0.00,1.18,0.00,0.00,0,0,0.00,0,0.00
2026-03-28 18:29:19,1938.80,0,0,0,0,0,0,0,0.00,0,0.00,3.31,2.13,0.00,0.00,D,2.72,1.18,12.00,0.95,1.55,^,0.00,,6.60,8.20,504,6.43,44.4,1,0,0.00,0.00,0.00,1.18,0.00,0.00,0,0,0.00,0,0.00
2026-03-28 18:29:20,1939.82,0,0,0,0,0,0,0,0.00,0,0.00,3.31,2.13,0.00,0.00,D,2.72,12.00,12.00,0.95,12.00,^,0.00,,6.90,8.20,504,7.44,45.5,1,0,0.00,0.00,0.00,12.00,0.00,0.00,0,0,0.00,0,0.00
2026-03-28 18:29:21,1940.83,0,0,0,0,0,0,0,0.00,0,0.00,3.31,2.13,0.00,0.00,D,2.72,1.17,12.00,0.95,1.55,^,0.00,,7.90,8.20,504,8.46,45.5,1,0,0.00,0.00,0.00,1.17,0.00,0.00,0,0,0.00,0,0.00
2026-03-28 18:29:22,1941.84,0,0,0,0,0,0,0,0.00,0,0.00,3.31,2.13,0.00,0.00,D,2.72,12.00,12.00,0.94,12.00,^,0.00,,6.40,8.20,504,9.47,43.9,1,0,0.00,0.00,0.00,12.00,0.00,0.00,0,0,0.00,0,0.00
2026-03-28 18:29:23,1942.85,0,0,0,0,0,0,0,0.00,0,0.00,3.31,2.13,0.00,0.00,D,2.72,12.00,12.00,0.94,12.00,^,0.00,,6.90,8.20,504,10.48,45.0,1,0,0.00,0.00,0.00,12.00,0.00,0.00,0,0,0.00,0,0.00
2026-03-28 18:29:24,1943.87,0,0,0,0,0,0,0,0.00,0,0.00,3.31,2.13,0.00,0.00,D,2.72,1.14,12.00,0.95,12.00,^,0.00,,6.70,8.30,504,11.49,45.0,1,0,0.00,0.00,0.00,1.14,0.00,0.00,0,0,0.00,0,0.00
2026-03-28 18:29:25,1944.88,0,0,0,0,0,0,0,0.00,0,0.00,3.31,2.13,0.00,0.00,D,2.72,0.81,12.00,0.84,12.00,CAUTION_WARNING,0.00,,6.60,8.30,504,12.51,45.0,1,0,0.00,0.00,0.00,0.81,0.00,0.00,0,0,0.00,0,0.00
2026-03-28 18:29:26,1945.89,0,0,0,0,0,0,0,0.00,0,0.00,3.31,2.12,0.00,0.00,D,2.72,0.79,12.00,0.80,12.00,CAUTION_WARNING,0.00,,7.90,8.30,504,13.52,43.9,1,0,0.00,0.00,0.00,0.79,0.00,0.00,0,0,0.00,0,0.00
2026-03-28 18:29:27,1946.91,0,0,0,0,0,0,0,0.00,0,0.00,3.31,2.12,0.00,0.00,D,2.72,0.80,12.00,0.80,1.55,CAUTION_WARNING,0.00,,7.80,8.20,504,14.54,45.0,1,0,0.00,0.00,0.00,0.80,0.00,0.00,0,0,0.00,0,0.00
2026-03-28 18:29:28,1947.92,0,0,0,0,0,0,0,0.00,0,0.00,3.31,2.12,0.00,0.00,D,2.72,0.80,12.00,0.81,1.55,CAUTION_WARNING,0.00,,8.10,8.20,504,15.55,45.5,1,0,0.00,0.00,0.00,0.80,0.00,0.00,0,0,0.00,0,0.00
2026-03-28 18:29:29,1948.93,0,0,0,0,0,0,0,0.00,0,0.00,3.31,2.12,0.00,0.00,D,2.72,0.80,12.00,0.80,1.56,CAUTION_WARNING,0.00,,8.30,8.20,504,16.56,43.3,1,0,0.00,0.00,0.00,0.80,0.00,0.00,0,0,0.00,0,0.00
2026-03-28 18:29:30,1949.94,0,0,0,0,0,0,0,0.00,0,0.00,3.31,2.12,0.00,0.00,D,2.72,0.80,12.00,0.80,12.00,CAUTION_WARNING,0.00,,8.10,8.20,504,17.57,45.5,1,0,0.00,0.00,0.00,0.80,0.00,0.00,0,0,0.00,0,0.00
2026-03-28 18:29:31,1950.95,0,0,0,0,0,0,0,0.00,0,0.00,3.31,2.12,0.00,0.00,D,2.72,0.80,12.00,0.80,1.55,CAUTION_WARNING,0.00,,9.90,8.20,504,18.58,44.4,1,0,0.00,0.00,0.00,0.80,0.00,0.00,0,0,0.00,0,0.00
2026-03-28 18:29:32,1951.97,0,0,0,0,0,0,0,0.00,0,0.00,3.31,2.12,0.00,0.00,D,2.72,0.80,12.00,0.80,12.00,CAUTION_WARNING,0.00,,9.00,8.30,504,19.59,44.4,1,0,0.00,0.00,0.00,0.80,0.00,0.00,0,0,0.00,0,0.00
2026-03-28 18:29:33,1952.98,0,0,0,0,0,0,0,0.00,0,0.00,3.31,2.12,0.00,0.00,D,2.72,0.80,12.00,0.80,1.55,CAUTION_WARNING,0.00,,9.20,8.30,504,20.61,45.0,1,0,0.00,0.00,0.00,0.80,0.00,0.00,0,0,0.00,0,0.00
2026-03-28 18:29:34,1953.99,0,0,0,0,0,0,0,0.00,0,0.00,3.31,2.12,0.00,0.00,D,2.72,0.80,12.00,0.80,12.00,CAUTION_WARNING,0.00,,7.60,8.30,504,21.62,44.4,1,0,0.00,0.00,0.00,0.80,0.00,0.00,0,0,0.00,0,0.00
2026-03-28 18:29:35,1955.01,0,0,0,0,0,0,0,0.00,0,0.00,3.31,2.12,0.00,0.00,D,2.72,0.80,12.00,0.80,12.00,CAUTION_WARNING,0.00,,7.60,8.20,504,22.63,43.9,1,0,0.00,0.00,0.00,0.80,0.00,0.00,0,0,0.00,0,0.00
2026-03-28 18:29:36,1956.01,0,0,0,0,0,0,0,0.00,0,0.00,3.31,2.11,0.00,0.00,D,2.72,0.80,12.00,0.80,1.55,CAUTION_WARNING,0.00,,7.40,8.20,504,23.64,44.4,1,0,0.00,0.00,0.00,0.80,0.00,0.00,0,0,0.00,0,0.00
2026-03-28 18:29:37,1957.03,0,0,0,0,0,0,0,0.00,0,0.00,3.31,2.11,0.00,0.00,D,2.72,0.80,12.00,0.80,12.00,CAUTION_WARNING,0.00,,7.30,8.20,504,24.66,44.4,1,0,0.00,0.00,0.00,0.80,0.00,0.00,0,0,0.00,0,0.00
2026-03-28 18:29:38,1958.04,0,0,0,0,0,0,0,0.00,0,0.00,3.31,2.11,0.00,0.00,D,2.72,0.80,12.00,0.80,1.56,CAUTION_WARNING,0.00,,7.80,8.20,504,25.67,43.3,1,0,0.00,0.00,0.00,0.80,0.00,0.00,0,0,0.00,0,0.00
2026-03-28 18:29:39,1959.05,0,0,0,0,0,0,0,0.00,0,0.00,3.31,2.11,0.00,0.00,D,2.72,0.80,12.00,0.80,1.55,CAUTION_WARNING,0.00,,8.70,8.20,504,26.68,43.9,1,0,0.00,0.00,0.00,0.80,0.00,0.00,0,0,0.00,0,0.00
2026-03-28 18:29:40,1960.06,0,0,0,0,0,0,0,0.00,0,0.00,3.31,2.11,0.00,0.00,D,2.72,0.80,12.00,0.80,12.00,CAUTION_WARNING,0.00,,8.00,8.20,504,27.69,43.9,1,0,0.00,0.00,0.00,0.80,0.00,0.00,0,0,0.00,0,0.00
2026-03-28 18:29:41,1961.08,0,0,0,0,0,0,0,0.00,0,0.00,3.31,2.11,0.00,0.00,D,2.72,0.80,12.00,0.80,1.55,CAUTION_WARNING,0.00,,8.70,8.20,504,28.70,44.4,1,0,0.00,0.00,0.00,0.80,0.00,0.00,0,0,0.00,0,0.00
2026-03-28 18:29:42,1962.09,0,0,0,0,0,0,0,0.00,0,0.00,3.31,2.11,0.00,0.00,D,2.72,0.80,12.00,0.80,12.00,CAUTION_WARNING,0.00,,9.60,8.20,504,29.72,44.4,1,0,0.00,0.00,0.00,0.80,0.00,0.00,0,0,0.00,0,0.00
2026-03-28 18:29:43,1963.10,0,0,0,0,0,0,0,0.00,0,0.00,3.31,2.11,0.00,0.00,D,2.72,0.80,12.00,0.80,1.55,CAUTION_WARNING,0.00,,8.50,8.30,504,30.73,44.4,1,0,0.00,0.00,0.00,0.80,0.00,0.00,0,0,0.00,0,0.00
2026-03-28 18:29:44,1964.11,0,0,0,0,0,0,0,0.00,0,0.00,3.31,2.11,0.00,0.00,D,2.72,0.81,12.00,0.81,1.56,CAUTION_WARNING,0.00,,7.80,8.30,504,31.74,42.8,1,0,0.00,0.00,0.00,0.81,0.00,0.00,0,0,0.00,0,0.00
2026-03-28 18:29:45,1965.13,0,0,0,0,0,0,0,0.00,0,0.00,3.31,2.10,0.00,0.00,D,2.72,0.83,12.00,0.83,12.00,CAUTION_WARNING,0.00,,7.50,8.30,504,32.75,43.9,1,0,0.00,0.00,0.00,0.83,0.00,0.00,0,0,0.00,0,0.00
2026-03-28 18:29:47,1966.24,0,0,0,0,0,0,0,0.00,0,0.00,3.31,2.10,0.00,0.00,D,2.72,0.83,12.00,0.83,1.55,CAUTION_WARNING,0.00,,6.80,8.30,504,33.86,43.9,1,0,0.00,0.00,0.00,0.83,0.00,0.00,0,0,0.00,0,0.00
2026-03-28 18:29:47,1967.14,0,0,0,0,0,0,0,0.00,0,0.00,3.31,2.10,0.00,0.00,D,2.72,0.83,12.00,0.84,1.55,CAUTION_WARNING,0.00,,7.80,8.30,504,34.77,42.8,1,0,0.00,0.00,0.00,0.83,0.00,0.00,0,0,0.00,0,0.00
2026-03-28 18:29:48,1968.15,0,0,0,0,0,0,0,0.00,0,0.00,3.31,2.10,0.00,0.00,D,2.72,0.83,12.00,0.85,1.55,CAUTION_WARNING,0.00,,6.30,8.30,504,35.78,42.8,1,0,0.00,0.00,0.00,0.83,0.00,0.00,0,0,0.00,0,0.00
2026-03-28 18:29:49,1969.16,0,0,0,0,0,0,0,0.00,0,0.00,3.31,2.10,0.00,0.00,D,2.72,0.83,12.00,0.84,1.55,CAUTION_WARNING,0.00,,7.30,8.30,504,36.79,44.4,1,0,0.00,0.00,0.00,0.83,0.00,0.00,0,0,0.00,0,0.00
2026-03-28 18:29:50,1970.18,0,0,0,0,0,0,0,0.00,0,1.00,3.31,2.10,0.00,0.45,D,2.72,0.83,12.00,0.84,1.55,CAUTION_WARNING,0.00,,8.00,8.30,504,37.81,42.8,1,0,0.00,0.00,0.00,0.83,0.00,0.00,0,0,0.00,0,0.00
2026-03-28 18:29:51,1971.19,0,0,0,0,0,0,0,0.00,0,0.19,3.31,2.10,0.53,0.87,D,2.72,0.79,3.64,0.80,12.00,CAUTION_WARNING,0.00,,8.50,8.30,504,0.00,44.4,1,0,0.00,0.00,0.00,0.79,0.00,0.00,0,0,0.00,0,0.00
2026-03-28 18:29:52,1972.20,0,0,0,0,0,0,0,0.00,0,0.13,3.31,2.10,0.86,0.51,D,2.72,12.00,12.00,0.50,12.00,^,0.00,,12.70,8.30,504,0.00,44.4,1,0,0.00,0.00,0.00,12.00,0.00,0.00,0,0,0.00,0,0.00
2026-03-28 18:29:53,1973.21,0,0,0,0,0,0,0,0.00,0,0.00,3.31,2.10,0.62,0.38,D,2.72,12.00,12.00,0.46,0.45,^,0.00,,13.30,8.30,504,0.00,43.3,1,0,0.00,0.00,0.00,12.00,0.00,0.00,0,0,0.00,0,0.00
2026-03-28 18:29:55,1974.23,0,0,0,0,0,0,0,0.00,0,0.00,3.31,2.10,0.00,0.00,D,2.72,12.00,12.00,0.63,0.49,^,0.00,,12.10,8.30,504,0.35,43.9,1,0,0.00,0.00,0.00,12.00,0.00,0.00,0,0,0.00,0,0.00
2026-03-28 18:29:56,1975.23,0,0,0,0,0,0,0,0.00,0,0.00,3.31,2.09,0.00,0.00,D,2.72,12.00,12.00,0.64,0.49,^,0.00,,11.80,8.30,504,1.36,45.0,1,0,0.00,0.00,0.00,12.00,0.00,0.00,0,0,0.00,0,0.00
2026-03-28 18:29:57,1976.25,0,0,0,0,0,0,0,0.00,0,0.00,3.31,2.09,0.00,0.00,D,2.72,12.00,12.00,0.64,0.49,^,0.00,,11.40,8.30,504,2.37,44.4,1,0,0.00,0.00,0.00,12.00,0.00,0.00,0,0,0.00,0,0.00
2026-03-28 18:29:58,1977.26,0,0,0,0,0,0,0,0.00,0,0.00,3.31,2.09,0.00,0.00,D,2.72,12.00,12.00,0.64,0.50,^,0.00,,11.70,8.30,504,3.38,43.9,1,0,0.00,0.00,0.00,12.00,0.00,0.00,0,0,0.00,0,0.00
2026-03-28 18:29:59,1978.27,0,0,0,0,0,0,0,0.00,0,0.00,3.31,2.09,0.00,0.00,D,2.72,12.00,12.00,0.64,0.50,^,0.00,,12.00,8.30,504,4.39,42.2,1,0,0.00,0.00,0.00,12.00,0.00,0.00,0,0,0.00,0,0.00
2026-03-28 18:30:00,1979.28,0,0,0,0,0,0,0,0.00,0,0.00,3.31,2.09,0.00,0.00,D,2.72,12.00,12.00,0.64,0.49,^,0.00,,10.10,8.30,504,5.41,44.4,1,0,0.00,0.00,0.00,12.00,0.00,0.00,0,0,0.00,0,0.00
2026-03-28 18:30:01,1980.29,0,0,0,0,0,0,0,0.00,0,0.00,3.31,2.09,0.00,0.00,D,2.72,12.00,12.00,0.64,0.49,^,0.00,,13.20,8.30,504,6.42,43.3,1,0,0.00,0.00,0.00,12.00,0.00,0.00,0,0,0.00,0,0.00
2026-03-28 18:30:02,1981.30,0,0,0,0,0,0,0,0.00,0,0.00,3.31,2.09,0.00,0.00,D,2.72,12.00,12.00,0.64,0.49,^,0.00,,7.60,8.30,504,7.42,43.9,1,0,0.00,0.00,0.00,12.00,0.00,0.00,0,0,0.00,0,0.00
2026-03-28 18:30:03,1982.31,0,0,0,0,0,0,0,0.00,0,0.00,3.31,2.09,0.00,0.00,D,2.72,12.00,12.00,0.64,0.49,^,0.00,,7.20,8.30,504,8.43,43.9,1,0,0.00,0.00,0.00,12.00,0.00,0.00,0,0,0.00,0,0.00
2026-03-28 18:30:04,1983.32,0,0,0,0,0,0,0,0.00,0,0.00,3.31,2.09,0.00,0.00,D,2.72,12.00,12.00,0.61,0.48,^,0.00,,6.20,8.30,504,9.45,43.9,1,0,0.00,0.00,0.00,12.00,0.00,0.00,0,0,0.00,0,0.00
2026-03-28 18:30:05,1984.33,0,0,0,0,0,0,0,0.00,0,0.00,3.31,2.08,0.00,0.00,D,2.72,12.00,12.00,12.00,0.48,^,0.00,,6.20,8.30,504,10.46,43.9,1,0,0.00,0.00,0.00,12.00,0.00,0.00,0,0,0.00,0,0.00
2026-03-28 18:30:06,1985.35,0,0,0,0,0,0,0,1.00,0,1.00,3.31,2.08,0.00,0.26,D,2.72,12.00,12.00,12.00,0.48,^,0.00,,7.70,8.30,504,11.47,43.3,1,0,0.00,0.00,0.00,12.00,0.00,0.00,0,0,0.00,0,0.00
2026-03-28 18:30:07,1986.36,0,0,0,0,0,0,0,0.33,0,0.00,3.31,2.08,0.45,0.50,D,2.72,12.00,12.00,0.49,0.51,^,0.00,,9.90,8.30,504,0.00,43.3,1,0,0.00,0.00,0.00,12.00,0.00,0.00,0,0,0.00,0,0.00
2026-03-28 18:30:08,1987.37,0,0,0,0,0,0,0,0.00,0,0.00,3.31,2.08,0.00,0.00,D,2.72,12.00,12.00,0.44,0.13,^,0.00,,7.50,8.30,504,0.05,43.9,1,0,0.00,0.00,0.00,12.00,0.00,0.00,0,0,0.00,0,0.00
2026-03-28 18:30:09,1988.39,0,0,0,0,0,0,0,0.00,0,0.00,3.31,2.08,0.00,0.00,D,2.72,12.00,12.00,0.21,0.20,^,0.00,,5.60,8.30,504,0.03,43.9,1,0,0.00,0.00,0.00,12.00,0.00,0.00,0,0,0.00,0,0.00
2026-03-28 18:30:10,1989.40,0,0,0,0,0,0,0,0.00,0,0.00,3.31,2.08,0.00,0.00,D,2.72,0.80,0.35,0.52,0.32,CAUTION_WARNING,0.00,,6.10,8.30,504,1.05,42.2,1,0,0.00,0.00,0.00,0.80,0.00,0.00,0,0,0.00,0,0.00
2026-03-28 18:30:11,1990.41,0,0,0,0,0,0,0,0.00,0,0.00,3.31,2.08,0.00,0.00,D,2.72,0.44,0.20,12.00,0.20,STOP_WARNING,0.00,,7.00,8.30,504,2.06,42.8,1,0,0.00,0.00,0.00,0.44,0.00,0.00,0,0,0.00,0,0.00
2026-03-28 18:30:12,1991.42,0,0,0,0,0,0,0,0.00,0,0.00,3.31,2.08,0.00,0.00,D,2.72,12.00,12.00,12.00,0.25,^,0.00,,6.40,8.30,504,0.01,43.9,1,0,0.00,0.00,0.00,12.00,0.00,0.00,0,0,0.00,0,0.00
2026-03-28 18:30:13,1992.44,0,0,0,0,0,0,0,1.00,0,1.00,3.31,2.08,0.02,0.39,D,2.72,12.00,12.00,12.00,0.41,^,0.00,,8.30,8.30,504,0.01,43.9,1,0,0.00,0.00,0.00,12.00,0.00,0.00,0,0,0.00,0,0.00
2026-03-28 18:30:14,1993.44,0,0,0,0,0,0,0,0.00,0,1.00,3.31,2.08,0.64,0.89,D,2.72,12.00,12.00,12.00,0.64,^,0.00,,9.00,8.20,504,0.00,43.9,1,0,0.00,0.00,0.00,12.00,0.00,0.00,0,0,0.00,0,0.00
2026-03-28 18:30:15,1994.44,0,0,0,0,0,0,0,0.00,0,1.00,3.31,2.08,1.92,1.00,D,2.72,12.00,12.00,12.00,0.71,^,0.00,,8.40,8.30,504,0.00,43.9,1,0,0.00,0.00,0.00,12.00,0.00,0.00,0,0,0.00,0,0.00
2026-03-28 18:30:16,1995.45,0,0,0,0,0,0,0,0.00,0,1.00,3.31,2.08,2.03,1.00,D,2.72,12.00,12.00,12.00,0.56,^,0.00,,8.10,8.30,504,0.00,44.4,1,0,0.00,0.00,0.00,12.00,0.00,0.00,0,0,0.00,0,0.00
2026-03-28 18:30:17,1996.47,0,0,0,0,0,0,0,0.00,0,1.00,3.31,2.08,2.04,1.00,D,2.72,12.00,12.00,12.00,0.42,^,0.00,,6.30,8.20,504,0.00,44.4,1,0,0.00,0.00,0.00,12.00,0.00,0.00,0,0,0.00,0,0.00
2026-03-28 18:30:18,1997.48,0,0,0,0,0,0,0,0.00,0,1.00,3.31,2.08,2.10,1.00,D,2.72,12.00,12.00,12.00,0.76,^,0.00,,10.00,8.20,504,0.00,43.3,1,0,0.00,0.00,0.00,12.00,0.00,0.00,0,0,0.00,0,0.00
2026-03-28 18:30:19,1998.49,0,0,0,0,0,0,0,0.00,0,1.00,3.31,2.08,2.02,1.00,D,2.72,12.00,12.00,12.00,0.69,^,0.00,,8.90,8.30,504,0.00,43.9,1,0,0.00,0.00,0.00,12.00,0.00,0.00,0,0,0.00,0,0.00
2026-03-28 18:30:20,1999.50,0,0,0,0,0,0,0,0.00,0,1.00,3.31,2.08,2.02,1.00,D,2.72,12.00,12.00,12.00,0.81,^,0.00,,8.10,8.30,504,0.00,45.0,1,0,0.00,0.00,0.00,12.00,0.00,0.00,0,0,0.00,0,0.00
2026-03-28 18:30:21,2000.51,0,0,0,0,0,0,0,0.00,0,1.00,3.31,2.08,2.50,1.00,D,2.72,1.38,12.00,0.87,0.78,^,0.00,,8.10,8.30,504,0.00,43.9,1,0,0.00,0.00,0.00,1.38,0.00,0.00,0,0,0.00,0,0.00
2026-03-28 18:30:22,2001.52,0,0,0,0,0,0,0,0.70,0,1.00,3.31,2.08,2.65,1.00,D,2.72,12.00,12.00,0.89,0.75,^,0.00,,10.40,8.30,504,0.00,42.8,1,0,0.00,0.00,0.00,12.00,0.00,0.00,0,0,0.00,0,0.00
2026-03-28 18:30:23,2002.54,0,0,0,0,0,0,0,0.00,1,0.00,3.31,2.08,2.34,0.11,D,2.72,12.00,12.00,1.64,1.13,^,0.00,,11.70,8.30,504,0.00,44.4,1,0,0.00,0.00,0.00,12.00,0.00,0.00,0,0,0.00,0,0.00
2026-03-28 18:30:24,2003.55,0,0,0,0,0,0,0,0.00,0,0.00,3.31,2.08,0.44,0.00,D,2.72,12.00,12.00,12.00,1.12,^,0.00,,6.70,8.30,504,0.00,43.9,1,0,0.00,0.00,0.00,12.00,0.00,0.00,0,0,0.00,0,0.00
2026-03-28 18:30:25,2004.56,0,0,0,0,0,0,0,0.00,0,0.00,3.31,2.07,0.00,0.00,D,2.72,12.00,12.00,12.00,0.84,^,0.00,,6.70,8.30,504,0.90,43.9,1,0,0.00,0.00,0.00,12.00,0.00,0.00,0,0,0.00,0,0.00
2026-03-28 18:30:26,2005.57,0,0,0,0,0,0,0,0.00,0,1.00,3.31,2.07,0.00,0.30,D,2.72,12.00,12.00,12.00,0.97,^,0.00,,8.70,8.30,504,1.91,43.9,1,0,0.00,0.00,0.00,12.00,0.00,0.00,0,0,0.00,0,0.00
2026-03-28 18:30:27,2006.59,0,0,0,0,0,0,0,0.00,0,1.00,3.31,2.07,0.06,0.81,D,2.72,12.00,12.00,12.00,0.60,^,0.00,,10.60,8.30,504,0.00,43.3,1,0,0.00,0.00,0.00,12.00,0.00,0.00,0,0,0.00,0,0.00
2026-03-28 18:30:28,2007.60,0,0,0,0,0,0,0,0.00,0,1.00,3.31,2.07,1.46,1.00,D,2.72,12.00,12.00,12.00,0.72,^,0.00,,9.70,8.30,504,0.00,45.0,1,0,0.00,0.00,0.00,12.00,0.00,0.00,0,0,0.00,0,0.00
2026-03-28 18:30:29,2008.61,0,0,0,0,0,0,0,0.00,0,1.00,3.31,2.07,1.81,1.00,D,2.72,15.24,12.00,12.00,0.86,^,0.00,,8.30,8.30,504,0.00,44.4,1,0,0.00,0.00,0.00,15.24,0.00,0.00,0,0,0.00,0,0.00
2026-03-28 18:30:30,2009.63,0,0,0,0,0,0,0,0.00,0,1.00,3.31,2.07,1.81,1.00,D,2.72,12.00,12.00,12.00,0.98,^,0.00,,9.40,8.30,504,0.00,43.3,1,0,0.00,0.00,0.00,12.00,0.00,0.00,0,0,0.00,0,0.00
2026-03-28 18:30:31,2010.64,0,0,0,0,0,0,0,1.00,0,1.00,3.31,2.07,2.00,1.00,D,2.72,12.00,12.00,12.00,0.56,^,0.00,,10.90,8.30,504,0.00,44.4,1,0,0.00,0.00,0.00,12.00,0.00,0.00,0,0,0.00,0,0.00
2026-03-28 18:30:32,2011.65,0,0,0,0,0,0,0,0.00,0,1.00,3.31,2.07,1.94,1.00,D,2.72,12.00,12.00,12.00,0.70,^,0.00,,9.90,8.30,504,0.00,44.4,1,0,0.00,0.00,0.00,12.00,0.00,0.00,0,0,0.00,0,0.00
2026-03-28 18:30:33,2012.66,0,0,0,0,0,0,0,0.00,0,0.00,3.31,2.07,1.37,0.52,D,2.72,12.00,12.00,12.00,0.26,^,0.00,,8.80,8.30,504,0.00,42.8,1,0,0.00,0.00,0.00,12.00,0.00,0.00,0,0,0.00,0,0.00
2026-03-28 18:30:34,2013.66,0,0,0,0,0,0,0,0.00,0,0.00,3.31,2.07,0.00,0.00,D,2.72,1.43,12.00,12.00,0.26,^,0.00,,8.50,8.30,504,0.11,44.4,1,0,0.00,0.00,0.00,1.43,0.00,0.00,0,0,0.00,0,0.00
2026-03-28 18:30:35,2014.68,0,0,0,0,0,0,0,0.00,0,0.00,3.31,2.07,0.00,0.00,D,2.72,0.72,0.90,0.80,0.44,CAUTION_WARNING,0.00,,8.40,8.30,504,1.13,43.9,1,0,0.00,0.00,0.00,0.72,0.00,0.00,0,0,0.00,0,0.00
2026-03-28 18:30:36,2015.69,0,0,0,0,0,0,0,0.00,0,0.00,3.31,2.07,0.00,0.00,D,2.72,12.00,12.00,12.00,0.11,^,0.00,,9.50,8.30,504,2.14,42.8,1,0,0.00,0.00,0.00,12.00,0.00,0.00,0,0,0.00,0,0.00
2026-03-28 18:30:37,2016.70,0,0,0,0,0,0,0,0.00,0,1.00,3.31,2.07,0.00,0.19,D,2.72,12.00,12.00,12.00,0.19,^,0.00,,8.30,8.30,504,3.15,43.9,1,0,0.00,0.00,0.00,12.00,0.00,0.00,0,0,0.00,0,0.00
2026-03-28 18:30:38,2017.71,0,0,0,0,0,0,0,0.00,0,1.00,3.31,2.07,1.10,0.70,D,2.72,12.00,12.00,12.00,0.18,^,0.00,,7.70,8.30,504,0.00,41.7,1,0,0.00,0.00,0.00,12.00,0.00,0.00,0,0,0.00,0,0.00
2026-03-28 18:30:39,2018.73,0,0,0,0,0,0,0,0.00,0,1.00,3.31,2.07,2.61,1.00,D,2.72,6.12,12.00,12.00,0.20,^,0.00,,7.70,8.30,504,0.00,43.9,1,0,0.00,0.00,0.00,6.12,0.00,0.00,0,0,0.00,0,0.00
2026-03-28 18:30:40,2019.74,0,0,0,0,0,0,0,0.00,0,1.00,3.31,2.07,2.68,1.00,D,2.72,12.00,12.00,12.00,0.23,^,0.00,,8.40,8.20,504,0.00,43.3,1,0,0.00,0.00,0.00,12.00,0.00,0.00,0,0,0.00,0,0.00
2026-03-28 18:30:41,2020.75,0,0,0,0,0,0,0,0.00,0,1.00,3.31,2.07,2.68,1.00,D,2.72,12.00,9.66,12.00,0.20,^,0.00,,10.10,8.30,504,0.00,42.2,1,0,0.00,0.00,0.00,12.00,0.00,0.00,0,0,0.00,0,0.00
2026-03-28 18:30:42,2021.76,0,0,0,0,0,0,0,0.00,0,1.00,3.31,2.07,2.69,1.00,D,2.72,12.00,12.00,12.00,0.22,^,0.00,,13.30,8.30,504,0.00,41.7,1,0,0.00,0.00,0.00,12.00,0.00,0.00,0,0,0.00,0,0.00
2026-03-28 18:30:43,2022.78,0,0,0,0,0,0,0,0.00,0,1.00,3.31,2.07,2.71,1.00,D,2.72,12.00,2.12,12.00,0.36,^,0.00,,13.30,8.30,504,0.00,43.3,1,0,0.00,0.00,0.00,12.00,0.00,0.00,0,0,0.00,0,0.00
2026-03-28 18:30:44,2023.79,0,0,0,0,0,0,0,0.00,0,1.00,3.31,2.07,1.99,0.62,D,2.72,0.91,12.00,0.90,0.28,CAUTION_WARNING,0.00,,14.50,8.30,504,0.00,43.9,1,0,0.00,0.00,0.00,0.91,0.00,0.00,0,0,0.00,0,0.00
2026-03-28 18:30:45,2024.79,0,0,0,0,0,0,0,0.00,0,1.00,3.31,2.07,1.42,1.00,D,2.72,12.00,12.00,12.00,0.67,^,0.00,,12.20,8.30,504,0.00,43.3,1,0,0.00,0.00,0.00,12.00,0.00,0.00,0,0,0.00,0,0.00
2026-03-28 18:30:46,2025.80,0,0,0,0,0,0,0,1.00,0,1.00,3.31,2.07,1.98,1.00,D,2.72,12.00,12.00,12.00,0.60,^,0.00,,9.00,8.30,504,0.00,42.8,1,0,0.00,0.00,0.00,12.00,0.00,0.00,0,0,0.00,0,0.00
2026-03-28 18:30:47,2026.81,0,0,0,0,0,0,0,0.90,0,1.00,3.31,2.07,2.07,1.00,D,2.72,12.00,2.29,12.00,0.67,^,0.00,,10.70,8.30,504,0.00,42.8,1,0,0.00,0.00,0.00,12.00,0.00,0.00,0,0,0.00,0,0.00
2026-03-28 18:30:48,2027.82,0,0,0,0,0,0,0,0.49,0,1.00,3.31,2.07,2.10,1.00,D,2.72,12.00,1.81,12.00,0.53,^,0.00,,9.00,8.30,504,0.00,42.8,1,0,0.00,0.00,0.00,12.00,0.00,0.00,0,0,0.00,0,0.00
2026-03-28 18:30:49,2028.83,0,0,0,0,0,0,0,0.00,0,1.00,3.31,2.07,2.02,1.00,D,2.72,12.00,1.64,12.00,0.82,^,0.00,,9.20,8.30,504,0.00,43.9,1,0,0.00,0.00,0.00,12.00,0.00,0.00,0,0,0.00,0,0.00
2026-03-28 18:30:50,2029.83,0,0,0,0,0,0,0,1.00,0,1.00,3.31,2.07,2.00,1.00,D,2.72,12.00,1.60,12.00,0.67,^,0.00,,8.20,8.30,504,0.00,43.9,1,0,0.00,0.00,0.00,12.00,0.00,0.00,0,0,0.00,0,0.00
2026-03-28 18:30:51,2030.84,0,0,0,0,0,0,0,0.00,0,1.00,3.31,2.07,2.12,1.00,D,2.72,12.00,12.00,12.00,1.01,^,0.00,,9.10,8.30,504,0.00,42.2,1,0,0.00,0.00,0.00,12.00,0.00,0.00,0,0,0.00,0,0.00
2026-03-28 18:30:52,2031.85,0,0,0,0,0,0,0,0.00,0,1.00,3.31,2.07,2.42,1.00,D,2.72,12.00,12.00,12.00,1.01,^,0.00,,14.50,8.30,504,0.00,43.3,1,0,0.00,0.00,0.00,12.00,0.00,0.00,0,0,0.00,0,0.00
2026-03-28 18:30:53,2032.85,0,0,0,0,0,0,0,1.00,0,1.00,3.31,2.07,2.26,1.00,D,2.72,12.00,0.83,12.00,2.55,^,0.00,,11.40,8.30,504,0.00,44.4,1,0,0.00,0.00,0.00,12.00,0.00,0.00,0,0,0.00,0,0.00
2026-03-28 18:30:54,2033.86,0,0,0,0,0,0,0,0.00,0,1.00,3.31,2.07,2.11,1.00,D,2.72,12.00,1.00,12.00,0.75,^,0.00,,12.90,8.30,504,0.00,43.3,1,0,0.00,0.00,0.00,12.00,0.00,0.00,0,0,0.00,0,0.00
2026-03-28 18:30:55,2034.88,0,0,0,0,0,0,0,0.00,0,1.00,3.31,2.07,2.35,1.00,D,2.72,12.00,1.22,12.00,0.88,^,0.00,,11.80,8.30,504,0.00,42.8,1,0,0.00,0.00,0.00,12.00,0.00,0.00,0,0,0.00,0,0.00
2026-03-28 18:30:56,2035.89,0,0,0,0,0,0,0,0.00,0,1.00,3.31,2.07,2.40,1.00,D,2.72,12.00,1.15,12.00,1.19,^,0.00,,15.30,8.30,504,0.00,45.5,1,0,0.00,0.00,0.00,12.00,0.00,0.00,0,0,0.00,0,0.00
2026-03-28 18:30:57,2037.00,0,0,0,0,0,0,0,0.00,0,1.00,3.31,2.07,2.55,1.00,D,2.72,12.00,1.60,12.00,1.58,^,0.00,,16.10,8.30,504,0.00,44.4,1,0,0.00,0.00,0.00,12.00,0.00,0.00,0,0,0.00,0,0.00
2026-03-28 18:30:58,2037.91,0,0,0,0,0,0,0,0.00,0,1.00,3.31,2.07,2.30,1.00,D,2.72,12.00,1.43,12.00,12.00,^,0.00,,14.90,8.30,504,0.00,43.3,1,0,0.00,0.00,0.00,12.00,0.00,0.00,0,0,0.00,0,0.00
2026-03-28 18:30:59,2038.92,0,0,0,0,0,0,0,0.00,0,1.00,3.31,2.07,2.34,1.00,D,2.72,12.00,1.38,12.00,1.38,^,0.00,,14.40,8.30,504,0.00,45.5,1,0,0.00,0.00,0.00,12.00,0.00,0.00,0,0,0.00,0,0.00
2026-03-28 18:31:00,2039.93,0,0,0,0,0,0,0,0.00,0,1.00,3.31,2.07,2.33,1.00,D,2.72,12.00,1.40,12.00,12.00,^,0.00,,12.10,8.30,504,0.00,45.5,1,0,0.00,0.00,0.00,12.00,0.00,0.00,0,0,0.00,0,0.00
2026-03-28 18:31:01,2040.94,0,0,0,0,0,0,0,0.00,0,1.00,3.31,2.07,2.44,1.00,D,2.72,12.00,1.29,12.00,12.00,^,0.00,,13.30,8.30,504,0.00,44.4,1,0,0.00,0.00,0.00,12.00,0.00,0.00,0,0,0.00,0,0.00
2026-03-28 18:31:02,2041.96,0,0,0,0,0,0,0,0.00,0,1.00,3.31,2.07,2.52,1.00,D,2.72,12.00,1.30,12.00,12.00,^,0.00,,11.50,8.30,504,0.00,44.4,1,0,0.00,0.00,0.00,12.00,0.00,0.00,0,0,0.00,0,0.00
2026-03-28 18:31:03,2042.97,0,0,0,0,0,0,0,0.59,0,1.00,3.31,2.07,2.57,1.00,D,2.72,12.00,1.10,12.00,12.00,^,0.00,,13.90,8.30,504,0.00,43.3,1,0,0.00,0.00,0.00,12.00,0.00,0.00,0,0,0.00,0,0.00
2026-03-28 18:31:04,2043.98,0,0,0,0,0,0,0,0.00,0,1.00,3.31,2.07,2.35,1.00,D,2.72,12.00,0.79,12.00,12.00,^,0.00,,15.60,8.30,504,0.00,43.9,1,0,0.00,0.00,0.00,12.00,0.00,0.00,0,0,0.00,0,0.00
2026-03-28 18:31:05,2045.00,0,0,0,0,0,0,0,0.00,0,1.00,3.31,2.07,2.44,1.00,D,2.72,12.00,1.31,12.00,1.07,^,0.00,,10.90,8.30,504,0.00,44.4,1,0,0.00,0.00,0.00,12.00,0.00,0.00,0,0,0.00,0,0.00
2026-03-28 18:31:06,2046.01,0,0,0,0,0,0,0,0.00,0,1.00,3.31,2.07,2.41,1.00,D,2.72,12.00,1.19,12.00,2.75,^,0.00,,15.00,8.30,504,0.00,43.9,1,0,0.00,0.00,0.00,12.00,0.00,0.00,0,0,0.00,0,0.00
2026-03-28 18:31:07,2047.02,0,0,0,0,0,0,0,0.00,0,1.00,3.31,2.07,2.22,1.00,D,2.72,12.00,1.23,12.00,1.22,^,0.00,,12.70,8.30,504,0.00,43.3,1,0,0.00,0.00,0.00,12.00,0.00,0.00,0,0,0.00,0,0.00
2026-03-28 18:31:08,2048.03,0,0,0,0,0,0,0,0.00,0,1.00,3.31,2.07,2.30,1.00,D,2.72,12.00,1.29,12.00,2.73,^,0.00,,12.30,8.40,504,0.00,43.3,1,0,0.00,0.00,0.00,12.00,0.00,0.00,0,0,0.00,0,0.00
2026-03-28 18:31:09,2049.04,0,0,0,0,0,0,0,0.91,0,1.00,3.31,2.07,2.31,1.00,D,2.72,12.00,1.17,12.00,12.00,^,0.00,,10.60,8.40,504,0.00,44.4,1,0,0.00,0.00,0.00,12.00,0.00,0.00,0,0,0.00,0,0.00
2026-03-28 18:31:10,2050.06,0,0,0,0,0,0,0,0.78,0,1.00,3.31,2.07,2.27,1.00,D,2.72,12.00,1.16,12.00,12.00,^,0.00,,15.20,8.30,504,0.00,44.4,1,0,0.00,0.00,0.00,12.00,0.00,0.00,0,0,0.00,0,0.00
2026-03-28 18:31:11,2051.13,0,0,0,0,0,0,0,0.00,0,1.00,3.31,2.07,2.30,1.00,D,2.72,12.00,1.22,12.00,12.00,^,0.00,,10.30,8.30,504,0.00,43.9,1,0,0.00,0.00,0.00,12.00,0.00,0.00,0,0,0.00,0,0.00
2026-03-28 18:31:12,2052.08,0,0,0,0,0,0,0,0.00,0,1.00,3.31,2.07,2.37,1.00,D,2.72,12.00,1.29,12.00,12.00,^,0.00,,13.30,8.30,504,0.00,43.9,1,0,0.00,0.00,0.00,12.00,0.00,0.00,0,0,0.00,0,0.00
2026-03-28 18:31:13,2053.10,0,0,0,0,0,0,0,-0.29,0,1.00,3.31,2.07,2.35,1.00,D,2.72,12.00,1.11,12.00,12.00,^,0.00,,12.10,8.30,504,0.00,44.4,1,0,0.00,0.00,0.00,12.00,0.00,0.00,0,0,0.00,0,0.00
2026-03-28 18:31:14,2054.11,0,0,0,0,0,0,0,0.00,0,1.00,3.31,2.07,2.15,1.00,D,2.72,12.00,0.96,12.00,0.83,^,0.00,,16.00,8.30,504,0.00,43.3,1,0,0.00,0.00,0.00,12.00,0.00,0.00,0,0,0.00,0,0.00
2026-03-28 18:31:15,2055.12,0,0,0,0,0,0,0,0.00,0,1.00,3.31,2.07,2.14,1.00,D,2.72,12.00,0.85,12.00,0.68,^,0.00,,12.10,8.30,504,0.00,43.9,1,0,0.00,0.00,0.00,12.00,0.00,0.00,0,0,0.00,0,0.00
2026-03-28 18:31:16,2056.13,0,0,0,0,0,0,0,0.00,0,1.00,3.31,2.07,2.24,1.00,D,2.72,12.00,12.00,12.00,0.60,^,0.00,,10.10,8.30,504,0.00,44.4,1,0,0.00,0.00,0.00,12.00,0.00,0.00,0,0,0.00,0,0.00
2026-03-28 18:31:18,2057.24,0,0,0,0,0,0,0,0.00,0,1.00,3.31,2.07,2.19,1.00,D,2.72,12.00,12.00,12.00,0.73,^,0.00,,10.40,8.30,504,0.00,44.4,1,0,0.00,0.00,0.00,12.00,0.00,0.00,0,0,0.00,0,0.00
2026-03-28 18:31:18,2058.14,0,0,0,0,0,0,0,0.00,0,1.00,3.31,2.07,2.22,1.00,D,2.72,12.00,12.00,12.00,0.96,^,0.00,,9.80,8.30,504,0.00,43.9,1,0,0.00,0.00,0.00,12.00,0.00,0.00,0,0,0.00,0,0.00
2026-03-28 18:31:19,2059.16,0,0,0,0,0,0,0,0.00,0,1.00,3.31,2.07,2.30,1.00,D,2.72,12.00,12.00,12.00,0.84,^,0.00,,9.90,8.30,504,0.00,43.9,1,0,0.00,0.00,0.00,12.00,0.00,0.00,0,0,0.00,0,0.00
2026-03-28 18:31:20,2060.17,0,0,0,0,0,0,0,0.00,0,1.00,3.31,2.07,2.22,1.00,D,2.72,12.00,12.00,12.00,0.49,^,0.00,,11.60,8.30,504,0.00,42.8,1,0,0.00,0.00,0.00,12.00,0.00,0.00,0,0,0.00,0,0.00
2026-03-28 18:31:21,2061.18,0,0,0,0,0,0,0,0.00,0,1.00,3.31,2.07,2.37,1.00,D,2.72,12.00,12.00,12.00,0.59,^,0.00,,9.70,8.30,504,0.00,43.3,1,0,0.00,0.00,0.00,12.00,0.00,0.00,0,0,0.00,0,0.00
2026-03-28 18:31:22,2062.18,0,0,0,0,0,0,0,0.00,0,1.00,3.31,2.07,2.12,1.00,D,2.72,12.00,12.00,12.00,0.65,^,0.00,,13.20,8.30,504,0.00,43.9,1,0,0.00,0.00,0.00,12.00,0.00,0.00,0,0,0.00,0,0.00
2026-03-28 18:31:23,2063.19,0,0,0,0,0,0,0,0.59,0,1.00,3.31,2.07,2.15,1.00,D,2.72,12.00,12.00,12.00,0.72,^,0.00,,11.70,8.30,504,0.00,43.3,1,0,0.00,0.00,0.00,12.00,0.00,0.00,0,0,0.00,0,0.00
2026-03-28 18:31:24,2064.20,0,0,0,0,0,0,0,0.00,0,1.00,3.31,2.07,2.11,1.00,D,2.72,12.00,12.00,12.00,0.68,^,0.00,,12.10,8.30,504,0.00,43.9,1,0,0.00,0.00,0.00,12.00,0.00,0.00,0,0,0.00,0,0.00
2026-03-28 18:31:25,2065.21,0,0,0,0,0,0,0,0.00,0,1.00,3.31,2.07,2.13,1.00,D,2.72,12.00,12.00,12.00,1.03,^,0.00,,10.40,8.30,504,0.00,43.3,1,0,0.00,0.00,0.00,12.00,0.00,0.00,0,0,0.00,0,0.00
2026-03-28 18:31:26,2066.23,0,0,0,0,0,0,0,0.00,0,1.00,3.31,2.07,2.44,1.00,D,2.72,12.00,12.00,12.00,0.87,^,0.00,,11.60,8.30,504,0.00,41.7,1,0,0.00,0.00,0.00,12.00,0.00,0.00,0,0,0.00,0,0.00
2026-03-28 18:31:28,2067.24,0,0,0,0,0,0,0,0.00,0,1.00,3.31,2.07,2.20,1.00,D,2.72,12.00,12.00,12.00,0.81,^,0.00,,13.30,8.30,504,0.00,43.3,1,0,0.00,0.00,0.00,12.00,0.00,0.00,0,0,0.00,0,0.00
2026-03-28 18:31:29,2068.25,0,0,0,0,0,0,0,0.00,0,1.00,3.31,2.07,2.31,1.00,D,2.72,12.00,12.00,12.00,0.91,^,0.00,,11.60,8.30,504,0.00,43.3,1,0,0.00,0.00,0.00,12.00,0.00,0.00,0,0,0.00,0,0.00
2026-03-28 18:31:30,2069.26,0,0,0,0,0,0,0,0.00,0,1.00,3.31,2.07,2.19,1.00,D,2.72,12.00,12.00,12.00,0.70,^,0.00,,5.90,8.30,504,0.00,43.3,1,0,0.00,0.00,0.00,12.00,0.00,0.00,0,0,0.00,0,0.00
2026-03-28 18:31:31,2070.27,0,0,0,0,0,0,0,0.00,0,1.00,3.31,2.07,2.43,1.00,D,2.72,12.00,12.00,12.00,0.96,^,0.00,,3.00,8.30,504,0.00,42.2,1,0,0.00,0.00,0.00,12.00,0.00,0.00,0,0,0.00,0,0.00
2026-03-28 18:31:32,2071.28,0,0,0,0,0,0,0,1.00,0,1.00,3.31,2.07,2.05,1.00,D,2.72,12.00,12.00,12.00,0.66,^,0.00,,7.20,8.30,504,0.00,41.7,1,0,0.00,0.00,0.00,12.00,0.00,0.00,0,0,0.00,0,0.00
2026-03-28 18:31:33,2072.30,0,0,0,0,0,0,0,0.00,0,1.00,3.31,2.07,2.37,1.00,D,2.72,12.00,2.76,12.00,0.68,^,0.00,,8.40,8.30,504,0.00,43.3,1,0,0.00,0.00,0.00,12.00,0.00,0.00,0,0,0.00,0,0.00
2026-03-28 18:31:34,2073.31,0,0,0,0,0,0,0,0.00,0,1.00,3.31,2.07,2.28,1.00,D,2.72,12.00,12.00,12.00,0.82,^,0.00,,4.80,8.30,504,0.00,42.2,1,0,0.00,0.00,0.00,12.00,0.00,0.00,0,0,0.00,0,0.00
2026-03-28 18:31:35,2074.32,0,0,0,0,0,0,0,0.00,0,1.00,3.31,2.07,2.28,1.00,D,2.72,12.00,12.00,12.00,0.74,^,0.00,,8.20,8.30,504,0.00,43.3,1,0,0.00,0.00,0.00,12.00,0.00,0.00,0,0,0.00,0,0.00
2026-03-28 18:31:36,2075.33,0,0,0,0,0,0,0,0.00,0,1.00,3.31,2.07,2.35,1.00,D,2.72,12.00,12.00,12.00,1.03,^,0.00,,5.40,8.30,504,0.00,42.8,1,0,0.00,0.00,0.00,12.00,0.00,0.00,0,0,0.00,0,0.00
2026-03-28 18:31:37,2076.34,0,0,0,0,0,0,0,0.00,0,1.00,3.31,2.07,2.27,1.00,D,2.72,12.00,2.43,12.00,0.77,^,0.00,,8.00,8.30,504,0.00,43.3,1,0,0.00,0.00,0.00,12.00,0.00,0.00,0,0,0.00,0,0.00
2026-03-28 18:31:38,2077.35,0,0,0,0,0,0,0,0.00,0,1.00,3.31,2.07,2.65,1.00,D,2.72,12.00,2.41,12.00,0.89,^,0.00,,10.20,8.30,504,0.00,43.9,1,0,0.00,0.00,0.00,12.00,0.00,0.00,0,0,0.00,0,0.00
2026-03-28 18:31:39,2078.36,0,0,0,0,0,0,0,0.00,0,1.00,3.31,2.07,2.39,1.00,D,2.72,12.00,12.00,12.00,0.94,^,0.00,,8.80,8.30,504,0.00,43.3,1,0,0.00,0.00,0.00,12.00,0.00,0.00,0,0,0.00,0,0.00
2026-03-28 18:31:40,2079.38,0,0,0,0,0,0,0,0.00,0,1.00,3.31,2.07,2.32,1.00,D,2.72,12.00,12.00,12.00,0.68,^,0.00,,9.90,8.30,504,0.00,43.3,1,0,0.00,0.00,0.00,12.00,0.00,0.00,0,0,0.00,0,0.00
2026-03-28 18:31:41,2080.39,0,0,0,0,0,0,0,0.00,0,1.00,3.31,2.07,2.43,1.00,D,2.72,12.00,12.00,12.00,0.74,^,0.00,,8.30,8.30,504,0.00,42.8,1,0,0.00,0.00,0.00,12.00,0.00,0.00,0,0,0.00,0,0.00
2026-03-28 18:31:42,2081.40,0,0,0,0,0,0,0,0.76,0,1.00,3.31,2.07,2.42,1.00,D,2.72,12.00,12.00,12.00,0.91,^,0.00,,7.00,8.30,504,0.00,43.3,1,0,0.00,0.00,0.00,12.00,0.00,0.00,0,0,0.00,0,0.00
2026-03-28 18:31:43,2082.42,0,0,0,0,0,0,0,1.00,0,1.00,3.31,2.07,2.33,1.00,D,2.72,12.00,12.00,12.00,0.72,^,0.00,,9.90,8.30,504,0.00,43.9,1,0,0.00,0.00,0.00,12.00,0.00,0.00,0,0,0.00,0,0.00
2026-03-28 18:31:44,2083.43,0,0,0,0,0,0,0,0.00,0,1.00,3.31,2.07,2.51,1.00,D,2.72,12.00,12.00,12.00,0.72,^,0.00,,8.50,8.30,504,0.00,41.7,1,0,0.00,0.00,0.00,12.00,0.00,0.00,0,0,0.00,0,0.00
2026-03-28 18:31:45,2084.43,0,0,0,0,0,0,0,0.00,0,1.00,3.31,2.07,2.44,1.00,D,2.72,12.00,2.14,12.00,0.95,^,0.00,,11.00,8.30,504,0.00,44.4,1,0,0.00,0.00,0.00,12.00,0.00,0.00,0,0,0.00,0,0.00
2026-03-28 18:31:46,2085.44,0,0,0,0,0,0,0,0.00,0,1.00,3.31,2.07,2.24,1.00,D,2.72,12.00,2.20,12.00,0.72,^,0.00,,10.10,8.30,504,0.00,43.9,1,0,0.00,0.00,0.00,12.00,0.00,0.00,0,0,0.00,0,0.00
2026-03-28 18:31:47,2086.46,0,0,0,0,0,0,0,0.00,0,1.00,3.31,2.07,2.24,1.00,D,2.72,12.00,12.00,12.00,0.69,^,0.00,,8.10,8.30,504,0.00,43.9,1,0,0.00,0.00,0.00,12.00,0.00,0.00,0,0,0.00,0,0.00
2026-03-28 18:31:48,2087.46,0,0,0,0,0,0,0,0.00,0,1.00,3.31,2.07,2.16,1.00,D,2.72,12.00,12.00,12.00,0.76,^,0.00,,9.20,8.30,504,0.00,43.9,1,0,0.00,0.00,0.00,12.00,0.00,0.00,0,0,0.00,0,0.00
2026-03-28 18:31:49,2088.48,0,0,0,0,0,0,0,0.00,0,1.00,3.31,2.07,2.32,1.00,D,2.72,12.00,12.00,12.00,0.73,^,0.00,,11.80,8.30,504,0.00,42.8,1,0,0.00,0.00,0.00,12.00,0.00,0.00,0,0,0.00,0,0.00
2026-03-28 18:31:50,2089.49,0,0,0,0,0,0,0,0.00,0,1.00,3.31,2.07,2.26,1.00,D,2.72,12.00,12.00,12.00,0.92,^,0.00,,9.70,8.30,504,0.00,43.9,1,0,0.00,0.00,0.00,12.00,0.00,0.00,0,0,0.00,0,0.00
2026-03-28 18:31:51,2090.51,0,0,0,0,0,0,0,0.00,0,1.00,3.31,2.07,2.37,1.00,D,2.72,12.00,12.00,12.00,0.63,^,0.00,,10.50,8.30,504,0.00,43.3,1,0,0.00,0.00,0.00,12.00,0.00,0.00,0,0,0.00,0,0.00
2026-03-28 18:31:52,2091.52,0,0,0,0,0,0,0,0.00,0,1.00,3.31,2.07,2.45,1.00,D,2.72,12.00,12.00,12.00,0.46,^,0.00,,9.40,8.30,504,0.00,43.3,1,0,0.00,0.00,0.00,12.00,0.00,0.00,0,0,0.00,0,0.00
2026-03-28 18:31:53,2092.53,0,0,0,0,0,0,0,0.00,0,1.00,3.31,2.07,2.62,1.00,D,2.72,12.00,12.00,12.00,0.91,^,0.00,,8.50,8.30,504,0.00,43.3,1,0,0.00,0.00,0.00,12.00,0.00,0.00,0,0,0.00,0,0.00
2026-03-28 18:31:54,2093.54,0,0,0,0,0,0,0,0.00,0,1.00,3.31,2.07,2.61,1.00,D,2.72,12.00,2.02,12.00,0.70,^,0.00,,8.80,8.30,504,0.00,43.9,1,0,0.00,0.00,0.00,12.00,0.00,0.00,0,0,0.00,0,0.00
2026-03-28 18:31:55,2094.56,0,0,0,0,0,0,0,0.99,0,1.00,3.31,2.08,2.53,1.00,D,2.72,12.00,1.73,12.00,0.67,^,0.00,,9.60,8.30,504,0.00,42.8,1,0,0.00,0.00,0.00,12.00,0.00,0.00,0,0,0.00,0,0.00
2026-03-28 18:31:56,2095.57,0,0,0,0,0,0,0,0.00,0,1.00,3.31,2.08,2.54,1.00,D,2.72,12.00,1.60,12.00,0.78,^,0.00,,12.30,8.30,504,0.00,44.4,1,0,0.00,0.00,0.00,12.00,0.00,0.00,0,0,0.00,0,0.00
2026-03-28 18:31:57,2096.58,0,0,0,0,0,0,0,0.47,0,1.00,3.31,2.08,2.39,1.00,D,2.72,12.00,1.44,12.00,0.64,^,0.00,,14.60,8.30,504,0.00,43.9,1,0,0.00,0.00,0.00,12.00,0.00,0.00,0,0,0.00,0,0.00
2026-03-28 18:31:58,2097.60,0,0,0,0,0,0,0,0.00,0,1.00,3.31,2.08,2.53,1.00,D,2.72,12.00,1.47,12.00,0.73,^,0.00,,10.20,8.40,504,0.00,43.9,1,0,0.00,0.00,0.00,12.00,0.00,0.00,0,0,0.00,0,0.00
2026-03-28 18:31:59,2098.61,0,0,0,0,0,0,0,0.00,0,1.00,3.31,2.08,2.43,1.00,D,2.72,12.00,1.56,12.00,0.93,^,0.00,,12.70,8.30,504,0.00,42.8,1,0,0.00,0.00,0.00,12.00,0.00,0.00,0,0,0.00,0,0.00
2026-03-28 18:32:00,2099.72,0,0,0,0,0,0,0,0.00,0,1.00,3.31,2.08,2.41,1.00,D,2.72,12.00,12.00,12.00,0.75,^,0.00,,9.40,8.30,504,0.00,42.8,1,0,0.00,0.00,0.00,12.00,0.00,0.00,0,0,0.00,0,0.00
2026-03-28 18:32:01,2100.62,0,0,0,0,0,0,0,0.00,0,1.00,3.31,2.08,2.26,1.00,D,2.72,12.00,12.00,12.00,0.91,^,0.00,,9.10,8.30,504,0.00,43.9,1,0,0.00,0.00,0.00,12.00,0.00,0.00,0,0,0.00,0,0.00
2026-03-28 18:32:02,2101.64,0,0,0,0,0,0,0,0.69,0,1.00,3.31,2.08,2.25,1.00,D,2.72,12.00,1.76,12.00,0.83,^,0.00,,11.10,8.30,504,0.00,42.2,1,0,0.00,0.00,0.00,12.00,0.00,0.00,0,0,0.00,0,0.00
2026-03-28 18:32:03,2102.65,0,0,0,0,0,0,0,0.00,0,1.00,3.31,2.08,2.46,1.00,D,2.72,12.00,12.00,12.00,0.78,^,0.00,,12.20,8.30,504,0.00,43.3,1,0,0.00,0.00,0.00,12.00,0.00,0.00,0,0,0.00,0,0.00
2026-03-28 18:32:04,2103.67,0,0,0,0,0,0,0,0.00,0,1.00,3.31,2.08,2.29,1.00,D,2.72,12.00,12.00,12.00,1.01,^,0.00,,14.40,8.30,504,0.00,42.8,1,0,0.00,0.00,0.00,12.00,0.00,0.00,0,0,0.00,0,0.00
2026-03-28 18:32:05,2104.68,0,0,0,0,0,0,0,0.00,0,1.00,3.31,2.08,2.29,1.00,D,2.72,12.00,12.00,12.00,0.68,^,0.00,,15.30,8.30,504,0.00,42.8,1,0,0.00,0.00,0.00,12.00,0.00,0.00,0,0,0.00,0,0.00
2026-03-28 18:32:06,2105.69,0,0,0,0,0,0,0,0.00,0,1.00,3.31,2.08,2.42,1.00,D,2.72,12.00,12.00,12.00,0.71,^,0.00,,13.40,8.30,504,0.00,42.8,1,0,0.00,0.00,0.00,12.00,0.00,0.00,0,0,0.00,0,0.00
2026-03-28 18:32:07,2106.70,0,0,0,0,0,0,0,0.00,0,1.00,3.31,2.08,2.25,1.00,D,2.72,12.00,12.00,12.00,0.89,^,0.00,,14.70,8.30,504,0.00,42.8,1,0,0.00,0.00,0.00,12.00,0.00,0.00,0,0,0.00,0,0.00
2026-03-28 18:32:08,2107.72,0,0,0,0,0,0,0,0.19,0,1.00,3.31,2.08,2.16,1.00,D,2.72,12.00,1.77,12.00,0.69,^,0.00,,14.70,8.30,504,0.00,43.9,1,0,0.00,0.00,0.00,12.00,0.00,0.00,0,0,0.00,0,0.00
2026-03-28 18:32:09,2108.73,0,0,0,0,0,0,0,0.50,0,1.00,3.31,2.08,2.07,1.00,D,2.72,12.00,1.90,12.00,0.87,^,0.00,,13.80,8.30,504,0.00,43.3,1,0,0.00,0.00,0.00,12.00,0.00,0.00,0,0,0.00,0,0.00
2026-03-28 18:32:10,2109.74,0,0,0,0,0,0,0,0.76,0,1.00,3.31,2.08,2.25,1.00,D,2.72,12.00,1.72,12.00,0.63,^,0.00,,14.60,8.30,504,0.00,43.9,1,0,0.00,0.00,0.00,12.00,0.00,0.00,0,0,0.00,0,0.00
2026-03-28 18:32:11,2110.75,0,0,0,0,0,0,0,0.17,0,1.00,3.31,2.08,2.29,1.00,D,2.72,12.00,1.73,12.00,0.54,^,0.00,,14.30,8.30,504,0.00,43.9,1,0,0.00,0.00,0.00,12.00,0.00,0.00,0,0,0.00,0,0.00
2026-03-28 18:32:12,2111.76,0,0,0,0,0,0,0,0.00,0,1.00,3.31,2.08,2.16,1.00,D,2.72,12.00,12.00,12.00,0.77,^,0.00,,16.40,8.30,504,0.00,43.3,1,0,0.00,0.00,0.00,12.00,0.00,0.00,0,0,0.00,0,0.00
2026-03-28 18:32:13,2112.78,0,0,0,0,0,0,0,0.00,0,1.00,3.31,2.08,2.29,1.00,D,2.72,12.00,2.33,12.00,0.62,^,0.00,,14.20,8.30,504,0.00,43.3,1,0,0.00,0.00,0.00,12.00,0.00,0.00,0,0,0.00,0,0.00
2026-03-28 18:32:14,2113.79,0,0,0,0,0,0,0,0.55,0,1.00,3.31,2.08,2.50,1.00,D,2.72,12.00,1.66,12.00,0.78,^,0.00,,13.60,8.30,504,0.00,43.3,1,0,0.00,0.00,0.00,12.00,0.00,0.00,0,0,0.00,0,0.00
2026-03-28 18:32:15,2114.79,0,0,0,0,0,0,0,0.00,0,1.00,3.31,2.08,2.49,1.00,D,2.72,12.00,1.44,12.00,0.79,^,0.00,,14.70,8.30,504,0.00,43.9,1,0,0.00,0.00,0.00,12.00,0.00,0.00,0,0,0.00,0,0.00
2026-03-28 18:32:16,2115.80,0,0,0,0,0,0,0,0.00,0,1.00,3.31,2.08,2.57,1.00,D,2.72,12.00,12.00,12.00,0.81,^,0.00,,12.20,8.30,504,0.00,44.4,1,0,0.00,0.00,0.00,12.00,0.00,0.00,0,0,0.00,0,0.00
2026-03-28 18:32:17,2116.81,0,0,0,0,0,0,0,0.00,0,1.00,3.31,2.08,2.54,1.00,D,2.72,12.00,12.00,12.00,0.92,^,0.00,,10.40,8.30,504,0.00,43.9,1,0,0.00,0.00,0.00,12.00,0.00,0.00,0,0,0.00,0,0.00
2026-03-28 18:32:18,2117.82,0,0,0,0,0,0,0,1.00,0,1.00,3.31,2.08,2.26,1.00,D,2.72,12.00,12.00,12.00,0.75,^,0.00,,12.10,8.30,504,0.00,44.4,1,0,0.00,0.00,0.00,12.00,0.00,0.00,0,0,0.00,0,0.00
2026-03-28 18:32:19,2118.83,0,0,0,0,0,0,0,0.84,0,1.00,3.31,2.08,2.62,1.00,D,2.72,12.00,12.00,12.00,0.90,^,0.00,,8.10,8.30,504,0.00,43.9,1,0,0.00,0.00,0.00,12.00,0.00,0.00,0,0,0.00,0,0.00
2026-03-28 18:32:20,2119.84,0,0,0,0,0,0,0,0.00,0,1.00,3.31,2.08,2.59,1.00,D,2.72,12.00,12.00,12.00,1.06,^,0.00,,14.30,8.30,504,0.00,42.8,1,0,0.00,0.00,0.00,12.00,0.00,0.00,0,0,0.00,0,0.00
2026-03-28 18:32:21,2120.85,0,0,0,0,0,0,0,1.00,0,1.00,3.31,2.08,2.67,1.00,D,2.72,12.00,2.22,12.00,0.89,^,0.00,,9.90,8.30,504,0.00,43.3,1,0,0.00,0.00,0.00,12.00,0.00,0.00,0,0,0.00,0,0.00
2026-03-28 18:32:22,2121.87,0,0,0,0,0,0,0,1.00,0,1.00,3.31,2.08,2.46,1.00,D,2.72,2.72,1.44,12.00,0.87,^,0.00,,10.50,8.30,504,0.00,43.9,1,0,0.00,0.00,0.00,2.72,0.00,0.00,0,0,0.00,0,0.00
2026-03-28 18:32:23,2122.88,0,0,0,0,0,0,0,0.00,0,1.00,3.31,2.08,2.56,1.00,D,2.72,12.00,1.98,12.00,0.98,^,0.00,,9.70,8.30,504,0.00,42.8,1,0,0.00,0.00,0.00,12.00,0.00,0.00,0,0,0.00,0,0.00
2026-03-28 18:32:24,2123.89,0,0,0,0,0,0,0,0.00,0,1.00,3.31,2.08,2.43,1.00,D,2.72,12.00,2.58,12.00,0.84,^,0.00,,8.50,8.30,504,0.00,43.9,1,0,0.00,0.00,0.00,12.00,0.00,0.00,0,0,0.00,0,0.00
2026-03-28 18:32:25,2124.91,0,0,0,0,0,0,0,-1.00,0,1.00,3.31,2.08,2.56,1.00,D,2.72,12.00,12.00,12.00,0.99,^,0.00,,10.60,8.30,504,0.00,42.8,1,0,0.00,0.00,0.00,12.00,0.00,0.00,0,0,0.00,0,0.00
2026-03-28 18:32:26,2125.91,0,0,0,0,0,0,0,0.00,0,1.00,3.31,2.08,2.53,1.00,D,2.72,12.00,2.53,12.00,1.12,^,0.00,,11.80,8.30,504,0.00,43.9,1,0,0.00,0.00,0.00,12.00,0.00,0.00,0,0,0.00,0,0.00
2026-03-28 18:32:27,2126.92,0,0,0,0,0,0,0,0.00,0,1.00,3.31,2.08,2.27,1.00,D,2.72,12.00,1.95,12.00,0.88,^,0.00,,9.70,8.30,504,0.00,43.9,1,0,0.00,0.00,0.00,12.00,0.00,0.00,0,0,0.00,0,0.00
2026-03-28 18:32:28,2127.94,0,0,0,0,0,0,0,0.99,0,1.00,3.31,2.08,2.51,1.00,D,2.72,3.10,2.00,12.00,0.96,^,0.00,,9.60,8.30,504,0.00,43.9,1,0,0.00,0.00,0.00,3.10,0.00,0.00,0,0,0.00,0,0.00
2026-03-28 18:32:29,2128.95,0,0,0,0,0,0,0,1.00,0,1.00,3.31,2.08,2.36,1.00,D,2.72,2.05,1.37,12.00,0.91,^,0.00,,13.40,8.30,504,0.00,43.9,1,0,0.00,0.00,0.00,2.05,0.00,0.00,0,0,0.00,0,0.00
2026-03-28 18:32:30,2129.96,0,0,0,0,0,0,0,1.00,0,1.00,3.31,2.08,2.50,1.00,D,2.72,12.00,1.43,12.00,0.80,^,0.00,,9.50,8.30,504,0.00,43.9,1,0,0.00,0.00,0.00,12.00,0.00,0.00,0,0,0.00,0,0.00
2026-03-28 18:32:31,2130.97,0,0,0,0,0,0,0,-0.32,0,1.00,3.31,2.08,2.32,1.00,D,2.72,12.00,2.13,12.00,1.08,^,0.00,,10.50,8.30,504,0.00,43.9,1,0,0.00,0.00,0.00,12.00,0.00,0.00,0,0,0.00,0,0.00
2026-03-28 18:32:32,2131.98,0,0,0,0,0,0,0,0.00,0,1.00,3.31,2.08,2.48,1.00,D,2.72,12.00,12.00,12.00,1.27,^,0.00,,14.60,8.30,504,0.00,43.9,1,0,0.00,0.00,0.00,12.00,0.00,0.00,0,0,0.00,0,0.00
2026-03-28 18:32:33,2133.00,0,0,0,0,0,0,0,0.00,0,0.00,3.31,2.08,2.30,0.82,D,2.72,12.00,12.00,12.00,1.29,^,0.00,,13.70,8.30,504,0.00,43.3,1,0,0.00,0.00,0.00,12.00,0.00,0.00,0,0,0.00,0,0.00
2026-03-28 18:32:34,2134.01,0,0,0,0,0,0,0,1.00,0,1.00,3.31,2.08,1.09,0.64,D,2.72,12.00,1.66,12.00,0.97,^,0.00,,8.20,8.30,504,0.00,42.2,1,0,0.00,0.00,0.00,12.00,0.00,0.00,0,0,0.00,0,0.00
2026-03-28 18:32:35,2135.02,0,0,0,0,0,0,0,0.58,0,1.00,3.31,2.08,1.61,1.00,D,2.72,12.00,1.47,12.00,0.70,^,0.00,,14.60,8.20,504,0.00,43.9,1,0,0.00,0.00,0.00,12.00,0.00,0.00,0,0,0.00,0,0.00
2026-03-28 18:32:36,2136.03,0,0,0,0,0,0,0,0.00,0,1.00,3.31,2.08,2.43,1.00,D,2.72,12.00,1.81,12.00,0.76,^,0.00,,13.70,8.20,504,0.00,45.0,1,0,0.00,0.00,0.00,12.00,0.00,0.00,0,0,0.00,0,0.00
2026-03-28 18:32:37,2137.04,0,0,0,0,0,0,0,1.00,0,1.00,3.31,2.08,2.40,1.00,D,2.72,0.86,0.84,12.00,0.98,CAUTION_WARNING,0.00,,11.00,8.30,504,0.00,43.9,1,0,0.00,0.00,0.00,0.86,0.00,0.00,0,0,0.00,0,0.00
2026-03-28 18:32:38,2138.05,0,0,0,0,0,0,0,0.99,0,1.00,3.31,2.08,2.37,1.00,D,2.72,1.58,0.54,12.00,0.55,^,0.00,,11.90,8.30,504,0.00,42.8,1,0,0.00,0.00,0.00,1.58,0.00,0.00,0,0,0.00,0,0.00
2026-03-28 18:32:39,2139.07,0,0,0,0,0,0,0,1.00,0,1.00,3.31,2.08,2.41,1.00,D,2.72,12.00,12.00,12.00,0.97,^,0.00,,14.80,8.30,504,0.00,43.9,1,0,0.00,0.00,0.00,12.00,0.00,0.00,0,0,0.00,0,0.00
2026-03-28 18:32:40,2140.08,0,0,0,0,0,0,0,1.00,0,1.00,3.31,2.08,2.57,1.00,D,2.72,12.00,12.00,12.00,0.74,^,0.00,,14.00,8.30,504,0.00,43.9,1,0,0.00,0.00,0.00,12.00,0.00,0.00,0,0,0.00,0,0.00
2026-03-28 18:32:41,2141.09,0,0,0,0,0,0,0,0.00,0,1.00,3.31,2.08,1.69,1.00,D,2.72,0.04,0.39,0.54,0.85,STOP_WARNING,0.00,,13.80,8.30,504,0.00,45.0,1,0,0.00,0.00,0.00,0.04,0.00,0.00,0,0,0.00,0,0.00
2026-03-28 18:32:42,2142.10,0,0,0,0,0,0,0,0.00,0,1.00,3.31,2.08,2.34,1.00,D,2.72,12.00,12.00,12.00,0.84,^,0.00,,12.70,8.30,504,0.00,44.4,1,0,0.00,0.00,0.00,12.00,0.00,0.00,0,0,0.00,0,0.00
2026-03-28 18:32:43,2143.11,0,0,0,0,0,0,0,0.25,0,0.00,3.31,2.08,2.54,0.87,D,2.72,12.00,12.00,12.00,0.84,^,0.00,,12.10,8.30,504,0.00,42.2,1,0,0.00,0.00,0.00,12.00,0.00,0.00,0,0,0.00,0,0.00
2026-03-28 18:32:44,2144.12,0,0,0,0,0,0,0,0.00,0,0.00,3.31,2.08,1.51,0.27,D,2.72,12.00,12.00,12.00,0.84,^,0.00,,12.00,8.30,504,0.00,43.3,1,0,0.00,0.00,0.00,12.00,0.00,0.00,0,0,0.00,0,0.00
2026-03-28 18:32:45,2145.13,0,0,0,0,0,0,0,0.00,0,0.00,3.31,2.08,0.00,0.00,D,2.72,12.00,12.00,12.00,0.84,^,0.00,,9.40,8.30,504,0.23,43.3,1,0,0.00,0.00,0.00,12.00,0.00,0.00,0,0,0.00,0,0.00
2026-03-28 18:32:46,2146.15,0,0,0,0,0,0,0,0.00,0,0.00,3.31,2.08,0.00,0.00,D,2.72,12.00,12.00,12.00,0.84,^,0.00,,9.70,8.30,504,1.25,43.9,1,0,0.00,0.00,0.00,12.00,0.00,0.00,0,0,0.00,0,0.00
2026-03-28 18:32:47,2147.16,0,0,0,0,0,0,0,0.00,0,0.00,3.31,2.08,0.00,0.00,D,2.72,12.00,12.00,12.00,0.06,^,0.00,,7.70,8.20,504,2.25,42.2,1,0,0.00,0.00,0.00,12.00,0.00,0.00,0,0,0.00,0,0.00
2026-03-28 18:32:48,2148.17,0,0,0,0,0,0,0,0.00,0,0.00,3.31,2.08,0.00,0.00,D,2.72,12.00,12.00,12.00,0.04,^,0.00,,9.30,8.30,504,0.33,42.2,1,0,0.00,0.00,0.00,12.00,0.00,0.00,0,0,0.00,0,0.00
2026-03-28 18:32:49,2149.18,0,0,0,0,0,0,0,0.00,0,1.00,3.31,2.08,0.01,0.17,D,2.72,12.00,12.00,12.00,0.35,^,0.00,,9.90,8.30,504,0.23,43.3,1,0,0.00,0.00,0.00,12.00,0.00,0.00,0,0,0.00,0,0.00
2026-03-28 18:32:50,2150.19,0,0,0,0,0,0,0,0.80,0,1.00,3.31,2.08,0.15,0.67,D,2.72,12.00,12.00,12.00,0.90,^,0.00,,14.70,8.30,504,0.00,42.2,1,0,0.00,0.00,0.00,12.00,0.00,0.00,0,0,0.00,0,0.00
2026-03-28 18:32:51,2151.21,0,0,0,0,0,0,0,0.55,0,1.00,3.31,2.07,2.07,1.00,D,2.72,12.00,12.00,12.00,1.21,^,0.00,,13.40,8.30,504,0.00,43.3,1,0,0.00,0.00,0.00,12.00,0.00,0.00,0,0,0.00,0,0.00
2026-03-28 18:32:52,2152.21,0,0,0,0,0,0,0,0.00,0,1.00,3.31,2.08,1.95,1.00,D,2.72,12.00,12.00,12.00,1.31,^,0.00,,17.10,8.30,504,0.00,43.3,1,0,0.00,0.00,0.00,12.00,0.00,0.00,0,0,0.00,0,0.00
2026-03-28 18:32:53,2153.22,0,0,0,0,0,0,0,0.00,0,1.00,3.31,2.08,2.55,1.00,D,2.72,12.00,12.00,12.00,1.20,^,0.00,,12.10,8.30,504,0.00,43.3,1,0,0.00,0.00,0.00,12.00,0.00,0.00,0,0,0.00,0,0.00
2026-03-28 18:32:55,2154.23,0,0,0,0,0,0,0,0.00,0,1.00,3.31,2.08,2.50,1.00,D,2.72,12.00,12.00,12.00,1.46,^,0.00,,11.90,8.30,504,0.00,43.3,1,0,0.00,0.00,0.00,12.00,0.00,0.00,0,0,0.00,0,0.00
2026-03-28 18:32:56,2155.23,0,0,0,0,0,0,0,0.00,0,1.00,3.31,2.08,2.51,1.00,D,2.72,12.00,12.00,12.00,1.39,^,0.00,,12.90,8.30,504,0.00,42.2,1,0,0.00,0.00,0.00,12.00,0.00,0.00,0,0,0.00,0,0.00
2026-03-28 18:32:57,2156.25,0,0,0,0,0,0,0,0.31,0,1.00,3.31,2.08,2.51,1.00,D,2.72,12.00,12.00,12.00,1.30,^,0.00,,13.60,8.30,504,0.00,42.8,1,0,0.00,0.00,0.00,12.00,0.00,0.00,0,0,0.00,0,0.00
2026-03-28 18:32:58,2157.26,0,0,0,0,0,0,0,0.47,0,1.00,3.31,2.08,2.24,1.00,D,2.72,12.00,12.00,12.00,1.49,^,0.00,,14.20,8.30,504,0.00,43.3,1,0,0.00,0.00,0.00,12.00,0.00,0.00,0,0,0.00,0,0.00
2026-03-28 18:32:59,2158.27,0,0,0,0,0,0,0,0.00,0,1.00,3.31,2.08,2.52,1.00,D,2.72,12.00,12.00,12.00,1.53,^,0.00,,9.20,8.20,504,0.00,43.3,1,0,0.00,0.00,0.00,12.00,0.00,0.00,0,0,0.00,0,0.00
2026-03-28 18:33:00,2159.28,0,0,0,0,0,0,0,0.00,0,1.00,3.31,2.08,2.47,1.00,D,2.72,12.00,12.00,12.00,1.49,^,0.00,,10.80,8.30,504,0.00,43.9,1,0,0.00,0.00,0.00,12.00,0.00,0.00,0,0,0.00,0,0.00
2026-03-28 18:33:01,2160.29,0,0,0,0,0,0,0,0.00,0,1.00,3.31,2.08,2.59,1.00,D,2.72,12.00,12.00,12.00,1.36,^,0.00,,12.10,8.30,504,0.00,45.0,1,0,0.00,0.00,0.00,12.00,0.00,0.00,0,0,0.00,0,0.00
2026-03-28 18:33:02,2161.31,0,0,0,0,0,0,0,0.58,0,1.00,3.31,2.08,2.40,1.00,D,2.72,12.00,12.00,12.00,0.75,^,0.00,,11.10,8.30,504,0.00,42.8,1,0,0.00,0.00,0.00,12.00,0.00,0.00,0,0,0.00,0,0.00
2026-03-28 18:33:03,2162.32,0,0,0,0,0,0,0,0.14,0,1.00,3.31,2.08,2.55,1.00,D,2.72,12.00,12.00,12.00,0.61,^,0.00,,9.10,8.30,504,0.00,43.3,1,0,0.00,0.00,0.00,12.00,0.00,0.00,0,0,0.00,0,0.00
2026-03-28 18:33:04,2163.33,0,0,0,0,0,0,0,1.00,0,1.00,3.31,2.08,2.49,1.00,D,2.72,12.00,12.00,12.00,0.80,^,0.00,,9.30,8.30,504,0.00,42.2,1,0,0.00,0.00,0.00,12.00,0.00,0.00,0,0,0.00,0,0.00
2026-03-28 18:33:05,2164.34,0,0,0,0,0,0,0,0.00,0,1.00,3.31,2.08,2.64,1.00,D,2.72,0.97,12.00,0.98,0.92,CAUTION_WARNING,0.00,,9.50,8.30,504,0.00,42.8,1,0,0.00,0.00,0.00,0.97,0.00,0.00,0,0,0.00,0,0.00
2026-03-28 18:33:06,2165.36,0,0,0,0,0,0,0,0.15,0,1.00,3.31,2.08,1.84,1.00,D,2.72,12.00,12.00,12.00,0.91,^,0.00,,10.60,8.30,504,0.00,42.8,1,0,0.00,0.00,0.00,12.00,0.00,0.00,0,0,0.00,0,0.00
2026-03-28 18:33:07,2166.37,0,0,0,0,0,0,0,0.00,0,1.00,3.31,2.08,1.94,1.00,D,2.72,12.00,12.00,12.00,0.92,^,0.00,,11.10,8.30,504,0.00,43.9,1,0,0.00,0.00,0.00,12.00,0.00,0.00,0,0,0.00,0,0.00
2026-03-28 18:33:08,2167.38,0,0,0,0,0,0,0,0.00,0,1.00,3.31,2.08,2.45,1.00,D,2.72,12.00,12.00,12.00,1.30,^,0.00,,8.30,8.30,504,0.00,42.8,1,0,0.00,0.00,0.00,12.00,0.00,0.00,0,0,0.00,0,0.00
2026-03-28 18:33:09,2168.40,0,0,0,0,0,0,0,0.00,0,1.00,3.31,2.08,2.51,1.00,D,2.72,12.00,12.00,12.00,1.70,^,0.00,,7.60,8.30,504,0.00,43.3,1,0,0.00,0.00,0.00,12.00,0.00,0.00,0,0,0.00,0,0.00
2026-03-28 18:33:10,2169.40,0,0,0,0,0,0,0,0.00,0,1.00,3.31,2.08,2.56,1.00,D,2.72,12.00,12.00,1.57,2.15,^,0.00,,8.10,8.30,504,0.00,43.3,1,0,0.00,0.00,0.00,12.00,0.00,0.00,0,0,0.00,0,0.00
2026-03-28 18:33:11,2170.41,0,0,0,0,0,0,0,0.00,0,0.00,3.31,2.08,2.45,0.84,D,2.72,12.00,12.00,12.00,1.58,^,0.00,,8.10,8.30,504,0.00,43.3,1,0,0.00,0.00,0.00,12.00,0.00,0.00,0,0,0.00,0,0.00
2026-03-28 18:33:12,2171.43,0,0,0,0,0,0,0,1.00,0,1.00,3.31,2.08,1.08,0.43,D,2.72,12.00,12.00,12.00,2.03,^,0.00,,13.60,8.30,504,0.00,43.9,1,0,0.00,0.00,0.00,12.00,0.00,0.00,0,0,0.00,0,0.00
2026-03-28 18:33:13,2172.44,0,0,0,0,0,0,0,0.00,0,1.00,3.31,2.08,1.18,0.94,D,2.72,12.00,12.00,2.43,1.76,^,0.00,,11.30,8.30,504,0.00,44.4,1,0,0.00,0.00,0.00,12.00,0.00,0.00,0,0,0.00,0,0.00
2026-03-28 18:33:14,2173.45,0,0,0,0,0,0,0,0.00,0,1.00,3.31,2.08,2.46,1.00,D,2.72,2.34,12.00,2.27,1.92,^,0.00,,10.00,8.30,504,0.00,42.2,1,0,0.00,0.00,0.00,2.34,0.00,0.00,0,0,0.00,0,0.00
2026-03-28 18:33:15,2174.47,0,0,0,0,0,0,0,0.00,0,0.00,3.31,2.08,2.26,0.70,D,2.72,12.00,12.00,1.45,1.92,^,0.00,,9.20,8.30,504,0.00,43.3,1,0,0.00,0.00,0.00,12.00,0.00,0.00,0,0,0.00,0,0.00
2026-03-28 18:33:16,2175.48,0,0,0,0,0,0,0,0.00,0,0.00,3.31,2.08,1.14,0.10,D,2.72,12.00,12.00,1.56,1.57,^,0.00,,6.70,8.30,504,0.00,42.8,1,0,0.00,0.00,0.00,12.00,0.00,0.00,0,0,0.00,0,0.00
2026-03-28 18:33:17,2176.49,0,0,0,0,0,0,0,0.00,0,1.00,3.31,2.08,0.01,0.10,D,2.72,12.00,12.00,1.62,0.90,^,0.00,,7.50,8.30,504,0.26,43.3,1,0,0.00,0.00,0.00,12.00,0.00,0.00,0,0,0.00,0,0.00
2026-03-28 18:33:18,2177.50,0,0,0,0,0,0,0,0.48,0,1.00,3.31,2.08,0.13,0.61,D,2.72,12.00,12.00,1.63,0.41,^,0.00,,8.60,8.30,504,0.00,43.3,1,0,0.00,0.00,0.00,12.00,0.00,0.00,0,0,0.00,0,0.00
2026-03-28 18:33:19,2178.52,0,0,0,0,0,0,0,1.00,0,1.00,3.31,2.07,1.94,1.00,D,2.72,12.00,12.00,1.90,0.62,^,0.00,,13.80,8.30,504,0.00,43.9,1,0,0.00,0.00,0.00,12.00,0.00,0.00,0,0,0.00,0,0.00
2026-03-28 18:33:20,2179.53,0,0,0,0,0,0,0,0.43,0,1.00,3.31,2.08,2.57,1.00,D,2.72,12.00,12.00,1.55,1.00,^,0.00,,9.60,8.30,504,0.00,42.2,1,0,0.00,0.00,0.00,12.00,0.00,0.00,0,0,0.00,0,0.00
2026-03-28 18:33:21,2180.54,0,0,0,0,0,0,0,0.29,0,1.00,3.31,2.08,2.60,1.00,D,2.72,12.00,12.00,1.38,1.05,^,0.00,,12.80,8.30,504,0.00,43.3,1,0,0.00,0.00,0.00,12.00,0.00,0.00,0,0,0.00,0,0.00
2026-03-28 18:33:22,2181.55,0,0,0,0,0,0,0,0.00,0,1.00,3.31,2.08,2.51,1.00,D,2.72,12.00,12.00,1.52,1.11,^,0.00,,11.30,8.30,504,0.00,42.2,1,0,0.00,0.00,0.00,12.00,0.00,0.00,0,0,0.00,0,0.00
2026-03-28 18:33:23,2182.55,0,0,0,0,0,0,0,0.00,0,1.00,3.31,2.08,2.44,1.00,D,2.72,12.00,12.00,1.32,0.85,^,0.00,,9.10,8.30,504,0.00,42.8,1,0,0.00,0.00,0.00,12.00,0.00,0.00,0,0,0.00,0,0.00
2026-03-28 18:33:24,2183.56,0,0,0,0,0,0,0,0.00,0,1.00,3.31,2.08,2.47,1.00,D,2.72,12.00,12.00,1.03,0.77,^,0.00,,12.20,8.30,504,0.00,43.9,1,0,0.00,0.00,0.00,12.00,0.00,0.00,0,0,0.00,0,0.00
2026-03-28 18:33:25,2184.57,0,0,0,0,0,0,0,1.00,0,1.00,3.31,2.08,2.65,1.00,D,2.72,12.00,12.00,2.20,0.74,^,0.00,,14.70,8.30,504,0.00,43.9,1,0,0.00,0.00,0.00,12.00,0.00,0.00,0,0,0.00,0,0.00
2026-03-28 18:33:26,2185.59,0,0,0,0,0,0,0,0.00,0,1.00,3.31,2.08,2.46,1.00,D,2.72,12.00,12.00,1.75,0.57,^,0.00,,14.20,8.30,504,0.00,42.8,1,0,0.00,0.00,0.00,12.00,0.00,0.00,0,0,0.00,0,0.00
2026-03-28 18:33:27,2186.60,0,0,0,0,0,0,0,0.28,0,1.00,3.31,2.08,2.64,1.00,D,2.72,12.00,12.00,1.87,0.80,^,0.00,,16.10,8.30,504,0.00,43.9,1,0,0.00,0.00,0.00,12.00,0.00,0.00,0,0,0.00,0,0.00
2026-03-28 18:33:28,2187.62,0,0,0,0,0,0,0,0.00,0,1.00,3.31,2.08,2.41,1.00,D,2.72,12.00,12.00,1.75,0.66,^,0.00,,14.90,8.30,504,0.00,43.9,1,0,0.00,0.00,0.00,12.00,0.00,0.00,0,0,0.00,0,0.00
2026-03-28 18:33:29,2188.63,0,0,0,0,0,0,0,0.50,0,1.00,3.31,2.08,2.50,1.00,D,2.72,12.00,12.00,12.00,0.45,^,0.00,,11.40,8.30,504,0.00,42.8,1,0,0.00,0.00,0.00,12.00,0.00,0.00,0,0,0.00,0,0.00
2026-03-28 18:33:30,2189.64,0,0,0,0,0,0,0,-0.10,0,1.00,3.31,2.08,2.51,1.00,D,2.72,12.00,12.00,1.27,0.69,^,0.00,,11.30,8.30,504,0.00,42.8,1,0,0.00,0.00,0.00,12.00,0.00,0.00,0,0,0.00,0,0.00
2026-03-28 18:33:31,2190.65,0,0,0,0,0,0,0,-1.00,0,1.00,3.31,2.08,2.76,1.00,D,2.72,12.00,12.00,12.00,0.96,^,0.00,,12.60,8.30,504,0.00,45.0,1,0,0.00,0.00,0.00,12.00,0.00,0.00,0,0,0.00,0,0.00
2026-03-28 18:33:32,2191.66,0,0,0,0,0,0,0,0.00,0,1.00,3.31,2.08,2.62,1.00,D,2.72,12.00,12.00,12.00,0.82,^,0.00,,13.20,8.30,504,0.00,43.3,1,0,0.00,0.00,0.00,12.00,0.00,0.00,0,0,0.00,0,0.00
2026-03-28 18:33:33,2192.68,0,0,0,0,0,0,0,0.40,0,1.00,3.31,2.08,2.45,1.00,D,2.72,12.00,12.00,12.00,0.83,^,0.00,,14.60,8.30,504,0.00,43.3,1,0,0.00,0.00,0.00,12.00,0.00,0.00,0,0,0.00,0,0.00
2026-03-28 18:33:34,2193.69,0,0,0,0,0,0,0,0.00,0,1.00,3.31,2.08,2.59,1.00,D,2.72,12.00,12.00,12.00,0.93,^,0.00,,14.50,8.30,504,0.00,42.2,1,0,0.00,0.00,0.00,12.00,0.00,0.00,0,0,0.00,0,0.00
2026-03-28 18:33:35,2194.70,0,0,0,0,0,0,0,-1.00,0,1.00,3.31,2.08,2.57,1.00,D,2.72,12.00,1.60,12.00,0.80,^,0.00,,14.40,8.30,504,0.00,43.9,1,0,0.00,0.00,0.00,12.00,0.00,0.00,0,0,0.00,0,0.00
2026-03-28 18:33:36,2195.71,0,0,0,0,0,0,0,0.00,0,1.00,3.31,2.08,2.69,1.00,D,2.72,1.64,0.94,12.00,1.16,^,0.00,,15.60,8.30,504,0.00,42.8,1,0,0.00,0.00,0.00,1.64,0.00,0.00,0,0,0.00,0,0.00
2026-03-28 18:33:37,2196.73,0,0,0,0,0,0,0,1.00,0,1.00,3.31,2.08,1.25,1.00,D,2.72,12.00,0.41,2.29,0.76,^,0.00,,13.10,8.30,504,0.00,43.9,1,0,0.00,0.00,0.00,12.00,0.00,0.00,0,0,0.00,0,0.00
2026-03-28 18:33:38,2197.74,0,0,0,0,0,0,0,1.00,0,1.00,3.31,2.08,0.60,1.00,D,2.72,12.00,0.44,12.00,0.82,^,0.00,,9.80,8.30,504,0.00,43.9,1,0,0.00,0.00,0.00,12.00,0.00,0.00,0,0,0.00,0,0.00
2026-03-28 18:33:39,2198.75,0,0,0,0,0,0,0,0.00,0,1.00,3.31,2.08,0.37,1.00,D,2.72,12.00,0.45,12.00,0.58,^,0.00,,8.20,8.30,504,0.00,43.9,1,0,0.00,0.00,0.00,12.00,0.00,0.00,0,0,0.00,0,0.00
2026-03-28 18:33:40,2199.76,0,0,0,0,0,0,0,1.00,0,1.00,3.31,2.08,0.64,1.00,D,2.72,12.00,0.48,1.58,0.28,^,0.00,,10.10,8.30,504,0.00,43.9,1,0,0.00,0.00,0.00,12.00,0.00,0.00,0,0,0.00,0,0.00
2026-03-28 18:33:41,2200.76,0,0,0,0,0,0,0,1.00,0,1.00,3.31,2.08,0.92,1.00,D,2.72,1.54,0.44,0.88,0.62,^,0.00,,9.80,8.30,504,0.00,43.9,1,0,0.00,0.00,0.00,1.54,0.00,0.00,0,0,0.00,0,0.00
2026-03-28 18:33:42,2201.77,0,0,0,0,0,0,0,0.76,0,1.00,3.31,2.08,1.79,1.00,D,2.72,12.00,12.00,0.80,0.77,^,0.00,,10.40,8.30,504,0.00,43.9,1,0,0.00,0.00,0.00,12.00,0.00,0.00,0,0,0.00,0,0.00
2026-03-28 18:33:43,2202.79,0,0,0,0,0,0,0,1.00,0,1.00,3.31,2.08,1.85,1.00,D,2.72,12.00,12.00,0.81,0.55,^,0.00,,11.00,8.30,504,0.00,43.3,1,0,0.00,0.00,0.00,12.00,0.00,0.00,0,0,0.00,0,0.00
2026-03-28 18:33:44,2203.80,0,0,0,0,0,0,0,0.00,0,1.00,3.31,2.08,1.77,1.00,D,2.72,0.81,12.00,0.63,1.19,CAUTION_WARNING,0.00,,12.20,8.30,504,0.00,42.8,1,0,0.00,0.00,0.00,0.81,0.00,0.00,0,0,0.00,0,0.00
2026-03-28 18:33:45,2204.91,0,0,0,0,0,0,0,-0.48,0,1.00,3.31,2.08,1.93,1.00,D,2.72,12.00,0.81,2.07,0.78,^,0.00,,11.40,8.30,504,0.00,43.3,1,0,0.00,0.00,0.00,12.00,0.00,0.00,0,0,0.00,0,0.00
2026-03-28 18:33:46,2205.82,0,0,0,0,0,0,0,0.00,0,1.00,3.31,2.07,1.29,1.00,D,2.72,12.00,0.77,2.29,0.83,^,0.00,,9.80,8.30,504,0.00,43.3,1,0,0.00,0.00,0.00,12.00,0.00,0.00,0,0,0.00,0,0.00
2026-03-28 18:33:47,2206.83,0,0,0,0,0,0,0,0.00,0,1.00,3.31,2.07,1.68,1.00,D,2.72,12.00,1.11,0.66,0.66,^,0.00,,13.50,8.30,504,0.00,43.9,1,0,0.00,0.00,0.00,12.00,0.00,0.00,0,0,0.00,0,0.00
2026-03-28 18:33:48,2207.27,0,0,0,0,1,0,0,0.00,0,1.00,3.31,2.07,1.95,1.00,D,2.72,12.00,0.94,0.57,0.74,^,0.00,,10.10,8.30,504,0.00,42.2,1,0,0.00,0.00,0.00,12.00,0.00,0.00,0,0,0.00,0,0.00
