Current Time,Time Since Program Started (s),Autonomous Mode (On/Off),Cruise Control (Active/Inactive),Shift Up PRND (Event),Shift Down PRND (Event),Quit (Event),Increase CC (Event),Decrease CC (Event),Steer (Value),Brake (On/Off),Gas (Value),Maximum Speed Recall (MPH),Average Speed (MPH),Current Speed (MPH),Motor PWM Value,Gear Mode,Cruise Control Target Speed (MPH),LiDAR Front Distance (m),LiDAR Left Distance (m),LiDAR Right Distance (m),LiDAR Back Distance (m),LiDAR Determined Direction,Target Heading (deg),Stop Reason,CPU Usage (%),Memory Usage (%),Number of LiDAR Points in Scan,Time Since Last Hall Sensor Pulse (s),CPU Temp (C),AEB Enabled (On/Off),AEB Triggered (On/Off),PID Output (Cruise Control),LiDAR Best Heading (deg),LiDAR Heading Confidence,LiDAR Forward Clearance (m),Camera Steering Bias,Camera Confidence,Camera Left Edge Found,Camera Right Edge Found,Camera Corridor Width (px),Driveway Cut Suspected
2026-04-25 14:52:44,3.78,0,0,0,0,0,0,0,0.00,1,0.00,0.00,0.00,0.00,0.00,P,0.00,0.88,0.76,0.51,0.48,WARN_WARNING,0.00,,21.70,12.50,504,3.78,41.1,1,0,0.00,0.00,0.00,0.88,0.00,0.00,0,0,0.00,0
2026-04-25 14:52:45,4.80,0,0,0,0,0,0,0,0.00,1,0.00,0.00,0.00,0.00,0.00,P,0.00,0.88,0.76,1.29,0.56,WARN_WARNING,0.00,,12.40,12.60,504,4.80,42.8,1,0,0.00,0.00,0.00,0.88,0.00,0.00,0,0,0.00,0
2026-04-25 14:52:46,5.81,0,0,0,0,0,0,0,0.00,1,0.00,0.00,0.00,0.00,0.00,P,0.00,0.89,0.76,0.46,0.43,WARN_WARNING,0.00,,12.20,12.50,504,5.81,42.2,1,0,0.00,0.00,0.00,0.89,0.00,0.00,0,0,0.00,0
2026-04-25 14:52:47,6.82,0,0,0,0,0,0,0,0.00,1,0.00,0.00,0.00,0.00,0.00,P,0.00,0.88,0.76,0.25,0.28,WARN_WARNING,0.00,,12.60,12.50,504,0.36,43.9,1,0,0.00,0.00,0.00,0.88,0.00,0.00,0,0,0.00,0
2026-04-25 14:52:48,7.83,0,0,0,0,0,0,0,0.00,1,0.00,0.00,0.00,0.00,0.00,P,0.00,0.90,0.76,0.23,0.23,WARN_WARNING,0.00,,13.20,12.50,504,0.46,43.3,1,0,0.00,0.00,0.00,0.90,0.00,0.00,0,0,0.00,0
2026-04-25 14:52:49,8.94,0,0,0,0,0,0,0,0.00,1,0.00,0.00,0.00,0.00,0.00,P,0.00,0.88,0.76,0.20,0.21,WARN_WARNING,0.00,,11.70,12.50,504,1.57,43.3,1,0,0.00,0.00,0.00,0.88,0.00,0.00,0,0,0.00,0
2026-04-25 14:52:50,9.85,0,0,0,0,0,0,0,0.00,1,0.00,0.00,0.00,0.00,0.00,P,0.00,0.88,0.76,0.22,0.19,WARN_WARNING,0.00,,13.30,12.50,504,2.47,42.8,1,0,0.00,0.00,0.00,0.88,0.00,0.00,0,0,0.00,0
2026-04-25 14:52:51,10.86,0,0,0,0,0,0,0,0.00,1,0.00,0.00,0.00,0.00,0.00,P,0.00,0.89,0.76,0.18,0.17,WARN_WARNING,0.00,,15.60,12.90,504,0.05,43.3,1,0,0.00,0.00,0.00,0.89,0.00,0.00,0,0,0.00,0
2026-04-25 14:52:52,11.87,0,0,0,0,0,0,0,0.00,1,0.00,0.00,0.00,0.00,0.00,P,0.00,0.09,0.10,0.06,0.17,STOP_WARNING,0.00,aeb_stop,15.60,13.00,504,1.06,41.7,1,1,0.00,0.00,0.00,0.09,0.00,0.00,0,0,0.00,0
2026-04-25 14:52:53,12.88,0,0,0,0,0,0,0,0.00,1,0.00,0.00,0.00,0.00,0.00,P,0.00,0.19,0.04,0.16,0.05,STOP_WARNING,0.00,aeb_stop,17.10,13.00,504,2.07,42.8,1,1,0.00,0.00,0.00,0.19,0.00,0.00,0,0,0.00,0
2026-04-25 14:52:54,13.89,0,0,0,0,0,0,0,0.00,1,0.00,0.00,0.00,0.00,0.00,P,0.00,0.14,0.04,0.12,0.05,STOP_WARNING,0.00,aeb_stop,14.90,12.90,504,0.51,42.2,1,1,0.00,0.00,0.00,0.14,0.00,0.00,0,0,0.00,0
2026-04-25 14:52:55,15.00,0,0,0,0,0,0,0,0.00,1,0.00,0.00,0.00,0.00,0.00,P,0.00,0.21,0.11,0.14,0.10,STOP_WARNING,0.00,aeb_stop,15.40,12.80,504,1.62,42.8,1,1,0.00,0.00,0.00,0.21,0.00,0.00,0,0,0.00,0
2026-04-25 14:52:56,15.90,0,0,0,0,0,0,0,0.00,1,0.00,0.00,0.00,0.00,0.00,P,0.00,0.88,0.76,0.18,0.23,WARN_WARNING,0.00,,15.70,12.80,504,2.53,43.3,1,0,0.00,0.00,0.00,0.88,0.00,0.00,0,0,0.00,0
2026-04-25 14:52:57,16.91,0,0,0,0,0,0,0,0.00,1,0.00,0.00,0.00,0.00,0.00,P,0.00,0.88,0.76,0.18,0.19,WARN_WARNING,0.00,,14.50,12.70,504,3.54,42.8,1,0,0.00,0.00,0.00,0.88,0.00,0.00,0,0,0.00,0
2026-04-25 14:52:58,17.93,0,0,0,0,0,0,0,0.00,1,0.00,0.00,0.00,0.00,0.00,P,0.00,0.89,0.76,0.18,0.17,WARN_WARNING,0.00,,14.90,12.80,504,4.55,42.2,1,0,0.00,0.00,0.00,0.89,0.00,0.00,0,0,0.00,0
2026-04-25 14:52:59,18.94,0,0,0,0,0,0,0,0.00,1,0.00,0.00,0.00,0.00,0.00,P,0.00,0.89,0.76,0.18,0.18,WARN_WARNING,0.00,,15.80,12.80,504,5.56,42.8,1,0,0.00,0.00,0.00,0.89,0.00,0.00,0,0,0.00,0
2026-04-25 14:53:00,19.95,0,0,0,0,0,0,0,0.00,1,0.00,0.00,0.00,0.00,0.00,P,0.00,0.91,0.08,0.17,0.18,WARN_WARNING,0.00,,14.70,12.70,504,6.58,43.3,1,0,0.00,0.00,0.00,0.91,0.00,0.00,0,0,0.00,0
2026-04-25 14:53:01,21.07,0,0,0,0,0,0,0,0.00,1,0.00,0.00,0.00,0.00,0.00,P,0.00,0.06,0.04,0.17,0.03,STOP_WARNING,0.00,aeb_stop,14.70,12.70,504,7.69,41.7,1,1,0.00,0.00,0.00,0.06,0.00,0.00,0,0,0.00,0
2026-04-25 14:53:02,21.97,0,0,0,0,0,0,0,0.00,1,0.00,0.00,0.00,0.00,0.00,P,0.00,0.10,0.76,0.04,0.04,STOP_WARNING,0.00,aeb_stop,14.10,13.10,504,8.59,41.7,1,1,0.00,0.00,0.00,0.10,0.00,0.00,0,0,0.00,0
2026-04-25 14:53:03,22.98,0,0,0,0,0,0,0,0.00,1,0.00,0.00,0.00,0.00,0.00,P,0.00,0.12,0.76,0.03,0.03,STOP_WARNING,0.00,aeb_stop,14.90,13.20,504,9.60,42.8,1,1,0.00,0.00,0.00,0.12,0.00,0.00,0,0,0.00,0
2026-04-25 14:53:04,23.99,0,0,0,0,0,0,0,0.00,1,0.00,0.00,0.00,0.00,0.00,P,0.00,0.88,0.76,0.03,0.13,WARN_WARNING,0.00,,13.40,13.20,504,10.61,42.2,1,0,0.00,0.00,0.00,0.88,0.00,0.00,0,0,0.00,0
2026-04-25 14:53:05,25.00,0,0,0,0,0,0,0,0.00,1,0.00,0.00,0.00,0.00,0.00,P,0.00,0.09,0.75,0.03,0.03,STOP_WARNING,0.00,aeb_stop,15.40,13.10,504,11.62,42.2,1,1,0.00,0.00,0.00,0.09,0.00,0.00,0,0,0.00,0
2026-04-25 14:53:06,26.01,0,0,0,0,0,0,0,0.00,1,0.00,0.00,0.00,0.00,0.00,P,0.00,0.04,0.06,0.02,0.02,STOP_WARNING,0.00,aeb_stop,16.20,13.00,504,12.64,42.2,1,1,0.00,0.00,0.00,0.04,0.00,0.00,0,0,0.00,0
2026-04-25 14:53:07,27.03,0,0,0,0,0,0,0,0.00,1,0.00,0.00,0.00,0.00,0.00,P,0.00,0.04,0.06,0.03,0.02,STOP_WARNING,0.00,aeb_stop,15.60,12.90,504,0.58,43.3,1,1,0.00,0.00,0.00,0.04,0.00,0.00,0,0,0.00,0
2026-04-25 14:53:08,28.04,0,0,0,0,0,0,0,0.00,1,0.00,0.00,0.00,0.00,0.00,P,0.00,0.04,0.05,0.02,0.02,STOP_WARNING,0.00,aeb_stop,15.60,12.90,504,0.45,43.3,1,1,0.00,0.00,0.00,0.04,0.00,0.00,0,0,0.00,0
2026-04-25 14:53:09,29.05,0,0,0,0,0,0,0,0.00,1,0.00,0.00,0.00,0.00,0.00,P,0.00,0.04,0.03,0.02,0.02,STOP_WARNING,0.00,aeb_stop,14.00,12.80,504,1.46,42.8,1,1,0.00,0.00,0.00,0.04,0.00,0.00,0,0,0.00,0
2026-04-25 14:53:10,30.06,0,0,0,0,0,0,0,0.00,1,0.00,0.00,0.00,0.00,0.00,P,0.00,0.04,0.03,0.02,0.02,STOP_WARNING,0.00,aeb_stop,14.10,12.70,504,0.28,43.3,1,1,0.00,0.00,0.00,0.04,0.00,0.00,0,0,0.00,0
2026-04-25 14:53:11,31.17,0,0,0,0,0,0,0,0.00,1,0.00,0.00,0.00,0.00,0.00,P,0.00,0.04,0.03,0.02,0.02,STOP_WARNING,0.00,aeb_stop,15.60,12.60,504,1.40,43.9,1,1,0.00,0.00,0.00,0.04,0.00,0.00,0,0,0.00,0
2026-04-25 14:53:12,32.07,0,0,0,0,0,0,0,0.00,1,0.00,0.00,0.00,0.00,0.00,P,0.00,0.04,0.03,0.02,0.02,STOP_WARNING,0.00,aeb_stop,14.40,12.50,504,0.27,42.8,1,1,0.00,0.00,0.00,0.04,0.00,0.00,0,0,0.00,0
2026-04-25 14:53:13,33.09,0,0,0,0,0,0,0,0.00,1,0.00,0.00,0.00,0.00,0.00,P,0.00,0.04,0.03,0.02,0.02,STOP_WARNING,0.00,aeb_stop,14.70,12.30,504,1.28,43.9,1,1,0.00,0.00,0.00,0.04,0.00,0.00,0,0,0.00,0
2026-04-25 14:53:14,34.10,0,0,0,0,0,0,0,0.00,1,0.00,0.00,0.00,0.00,0.00,P,0.00,0.04,0.03,0.02,0.02,STOP_WARNING,0.00,aeb_stop,14.50,12.30,504,2.29,42.8,1,1,0.00,0.00,0.00,0.04,0.00,0.00,0,0,0.00,0
2026-04-25 14:53:15,35.10,0,0,0,0,0,0,0,0.00,1,0.00,0.00,0.00,0.00,0.00,P,0.00,0.08,0.76,0.05,0.03,STOP_WARNING,0.00,aeb_stop,14.60,12.40,504,3.29,43.3,1,1,0.00,0.00,0.00,0.08,0.00,0.00,0,0,0.00,0
2026-04-25 14:53:16,36.11,0,0,0,0,0,0,0,0.00,1,0.00,0.00,0.00,0.00,0.00,P,0.00,0.90,0.76,0.21,0.09,WARN_WARNING,0.00,,13.90,12.40,504,4.30,42.8,1,0,0.00,0.00,0.00,0.90,0.00,0.00,0,0,0.00,0
2026-04-25 14:53:17,37.12,0,0,0,0,0,0,0,0.00,1,0.00,0.00,0.00,0.00,0.00,P,0.00,0.89,0.76,0.19,0.19,WARN_WARNING,0.00,,14.70,12.40,504,0.05,42.8,1,0,0.00,0.00,0.00,0.89,0.00,0.00,0,0,0.00,0
2026-04-25 14:53:19,38.23,0,0,0,0,0,0,0,0.00,1,0.00,0.00,0.00,0.00,0.00,P,0.00,0.89,0.76,0.18,0.18,WARN_WARNING,0.00,,13.30,12.40,504,1.17,42.8,1,0,0.00,0.00,0.00,0.89,0.00,0.00,0,0,0.00,0
2026-04-25 14:53:19,39.13,0,0,0,0,0,0,0,0.00,1,0.00,0.00,0.00,0.00,0.00,P,0.00,0.88,0.76,0.18,0.10,WARN_WARNING,0.00,,11.10,12.40,504,2.07,43.3,1,0,0.00,0.00,0.00,0.88,0.00,0.00,0,0,0.00,0
2026-04-25 14:53:20,40.15,0,0,0,0,0,0,0,0.00,1,0.00,0.00,0.00,0.00,0.00,P,0.00,0.89,0.76,0.18,0.16,WARN_WARNING,0.00,,12.10,12.30,504,0.22,44.4,1,0,0.00,0.00,0.00,0.89,0.00,0.00,0,0,0.00,0
2026-04-25 14:53:21,41.16,0,0,0,0,0,0,0,0.00,1,0.00,0.00,0.00,0.00,0.00,P,0.00,0.79,0.76,0.07,0.08,WARN_WARNING,0.00,,12.00,12.80,504,1.23,43.9,1,0,0.00,0.00,0.00,0.79,0.00,0.00,0,0,0.00,0
2026-04-25 14:53:22,42.17,0,0,0,0,0,0,0,0.00,1,0.00,0.00,0.00,0.00,0.00,P,0.00,0.79,0.04,0.03,0.03,WARN_WARNING,0.00,,12.20,13.10,504,2.24,44.4,1,0,0.00,0.00,0.00,0.79,0.00,0.00,0,0,0.00,0
2026-04-25 14:53:24,43.28,0,0,0,0,0,0,0,0.00,1,0.00,0.00,0.00,0.00,0.00,P,0.00,0.09,0.04,0.03,0.03,STOP_WARNING,0.00,aeb_stop,14.90,13.00,504,3.35,44.4,1,1,0.00,0.00,0.00,0.09,0.00,0.00,0,0,0.00,0
2026-04-25 14:53:25,44.19,0,0,0,0,0,0,0,0.00,1,0.00,0.00,0.00,0.00,0.00,P,0.00,1.01,0.03,0.03,0.02,WARN_WARNING,0.00,,15.90,13.10,504,4.26,43.9,1,0,0.00,0.00,0.00,1.01,0.00,0.00,0,0,0.00,0
2026-04-25 14:53:26,45.19,0,0,0,0,0,0,0,0.00,1,0.00,0.00,0.00,0.00,0.00,P,0.00,0.89,0.03,1.21,0.02,WARN_WARNING,0.00,,13.80,13.00,504,0.69,44.4,1,0,0.00,0.00,0.00,0.89,0.00,0.00,0,0,0.00,0
2026-04-25 14:53:27,46.20,0,0,0,0,0,0,0,0.00,1,0.00,0.00,0.00,0.00,0.00,P,0.00,0.08,0.03,1.29,0.02,STOP_WARNING,0.00,aeb_stop,12.20,12.90,504,1.70,45.5,1,1,0.00,0.00,0.00,0.08,0.00,0.00,0,0,0.00,0
2026-04-25 14:53:28,47.21,0,0,0,0,0,0,0,0.00,1,0.00,0.00,0.00,0.00,0.00,P,0.00,0.07,0.03,0.03,0.02,STOP_WARNING,0.00,aeb_stop,14.10,12.90,504,2.71,45.5,1,1,0.00,0.00,0.00,0.07,0.00,0.00,0,0,0.00,0
2026-04-25 14:53:29,48.22,0,0,0,0,0,0,0,0.00,1,0.00,0.00,0.00,0.00,0.00,P,0.00,0.08,0.03,0.03,0.02,STOP_WARNING,0.00,aeb_stop,13.30,12.80,504,0.24,45.0,1,1,0.00,0.00,0.00,0.08,0.00,0.00,0,0,0.00,0
2026-04-25 14:53:30,49.34,0,0,0,0,0,0,0,0.00,1,0.00,0.00,0.00,0.00,0.00,P,0.00,0.90,0.76,0.13,0.04,WARN_WARNING,0.00,,11.30,12.70,504,1.35,45.0,1,0,0.00,0.00,0.00,0.90,0.00,0.00,0,0,0.00,0
2026-04-25 14:53:31,50.24,0,0,0,0,0,0,0,0.00,1,0.00,0.00,0.00,0.00,0.00,P,0.00,0.89,0.76,0.07,0.06,WARN_WARNING,0.00,,12.60,12.70,504,0.38,45.0,1,0,0.00,0.00,0.00,0.89,0.00,0.00,0,0,0.00,0
2026-04-25 14:53:32,51.25,0,0,0,0,0,0,0,0.00,1,0.00,0.00,0.00,0.00,0.00,P,0.00,0.88,0.76,0.21,0.13,WARN_WARNING,0.00,,14.20,12.50,504,0.05,43.9,1,0,0.00,0.00,0.00,0.88,0.00,0.00,0,0,0.00,0
2026-04-25 14:53:33,52.26,0,0,0,0,0,0,0,0.00,1,0.00,0.00,0.00,0.00,0.00,P,0.00,0.89,0.76,0.22,0.07,WARN_WARNING,0.00,,14.30,12.50,504,1.06,45.0,1,0,0.00,0.00,0.00,0.89,0.00,0.00,0,0,0.00,0
2026-04-25 14:53:34,53.37,0,0,0,0,0,0,0,0.00,1,0.00,0.00,0.00,0.00,0.00,P,0.00,0.88,0.76,0.28,0.13,WARN_WARNING,0.00,,14.50,12.50,504,2.17,45.5,1,0,0.00,0.00,0.00,0.88,0.00,0.00,0,0,0.00,0
2026-04-25 14:53:35,54.28,0,0,0,0,0,0,0,0.00,1,0.00,0.00,0.00,0.00,0.00,P,0.00,0.89,0.76,0.28,0.14,WARN_WARNING,0.00,,13.90,12.50,504,3.07,45.5,1,0,0.00,0.00,0.00,0.89,0.00,0.00,0,0,0.00,0
2026-04-25 14:53:36,55.29,0,0,0,0,0,0,0,0.00,1,0.00,0.00,0.00,0.00,0.00,P,0.00,0.89,0.76,0.21,0.18,WARN_WARNING,0.00,,14.50,12.50,504,0.78,43.3,1,0,0.00,0.00,0.00,0.89,0.00,0.00,0,0,0.00,0
2026-04-25 14:53:37,56.30,0,0,0,0,0,0,0,0.00,1,0.00,0.00,0.00,0.00,0.00,P,0.00,0.88,0.76,0.38,0.25,WARN_WARNING,0.00,,14.90,12.40,504,0.50,43.9,1,0,0.00,0.00,0.00,0.88,0.00,0.00,0,0,0.00,0
2026-04-25 14:53:38,57.31,0,0,0,0,0,0,0,0.00,1,0.00,0.00,0.00,0.00,0.00,P,0.00,0.89,0.76,1.29,0.41,WARN_WARNING,0.00,,15.20,12.40,504,1.52,43.9,1,0,0.00,0.00,0.00,0.89,0.00,0.00,0,0,0.00,0
2026-04-25 14:53:39,58.33,0,0,0,0,0,0,0,0.00,1,0.00,0.00,0.00,0.00,0.00,P,0.00,0.89,0.76,1.30,0.69,WARN_WARNING,0.00,,14.50,12.40,504,2.53,44.4,1,0,0.00,0.00,0.00,0.89,0.00,0.00,0,0,0.00,0
2026-04-25 14:53:40,59.34,0,0,0,0,0,0,0,0.00,1,0.00,0.00,0.00,0.00,0.00,P,0.00,0.89,0.76,1.29,1.16,WARN_WARNING,0.00,,16.30,12.40,504,0.49,44.4,1,0,0.00,0.00,0.00,0.89,0.00,0.00,0,0,0.00,0
2026-04-25 14:53:41,60.35,0,0,0,0,0,0,0,0.00,1,0.00,0.00,0.00,0.00,0.00,P,0.00,0.88,0.76,1.30,1.32,WARN_WARNING,0.00,,14.90,12.40,504,1.50,44.4,1,0,0.00,0.00,0.00,0.88,0.00,0.00,0,0,0.00,0
2026-04-25 14:53:42,61.36,0,0,0,0,0,0,0,0.00,1,0.00,0.00,0.00,0.00,0.00,P,0.00,0.88,0.76,1.30,1.35,WARN_WARNING,0.00,,14.30,12.30,504,0.69,45.0,1,0,0.00,0.00,0.00,0.88,0.00,0.00,0,0,0.00,0
2026-04-25 14:53:43,62.37,0,0,0,0,0,0,0,0.00,1,0.00,0.00,0.00,0.00,0.00,P,0.00,0.78,0.76,1.29,1.40,WARN_WARNING,0.00,,15.50,12.30,504,1.70,44.4,1,0,0.00,0.00,0.00,0.78,0.00,0.00,0,0,0.00,0
2026-04-25 14:53:44,63.38,0,0,0,0,0,0,0,0.00,1,0.00,0.00,0.00,0.00,0.00,P,0.00,0.88,0.76,1.28,1.39,WARN_WARNING,0.00,,16.20,12.30,504,2.71,45.5,1,0,0.00,0.00,0.00,0.88,0.00,0.00,0,0,0.00,0
2026-04-25 14:53:45,64.39,0,0,0,0,0,0,0,0.00,1,0.00,0.00,0.00,0.00,0.00,P,0.00,0.88,0.76,1.30,1.37,WARN_WARNING,0.00,,13.20,12.30,504,0.11,45.0,1,0,0.00,0.00,0.00,0.88,0.00,0.00,0,0,0.00,0
2026-04-25 14:53:46,65.41,0,0,0,0,0,0,0,0.00,1,0.00,0.00,0.00,0.00,0.00,P,0.00,0.89,0.76,1.28,1.33,WARN_WARNING,0.00,,16.00,12.20,504,1.13,44.4,1,0,0.00,0.00,0.00,0.89,0.00,0.00,0,0,0.00,0
2026-04-25 14:53:47,66.42,0,0,0,0,0,0,0,0.00,1,0.00,0.00,0.00,0.00,0.00,P,0.00,0.89,0.76,1.29,1.22,WARN_WARNING,0.00,,14.90,12.20,504,2.14,43.3,1,0,0.00,0.00,0.00,0.89,0.00,0.00,0,0,0.00,0
2026-04-25 14:53:48,67.43,0,0,0,0,0,0,0,0.00,1,0.00,0.00,0.00,0.00,0.00,P,0.00,0.88,0.76,1.28,1.22,WARN_WARNING,0.00,,14.50,12.20,504,3.15,44.4,1,0,0.00,0.00,0.00,0.88,0.00,0.00,0,0,0.00,0
2026-04-25 14:53:49,68.44,0,0,0,0,0,0,0,0.00,1,0.00,0.00,0.00,0.00,0.00,P,0.00,0.88,0.76,1.29,1.21,WARN_WARNING,0.00,,16.20,12.20,504,4.16,44.4,1,0,0.00,0.00,0.00,0.88,0.00,0.00,0,0,0.00,0
2026-04-25 14:53:50,69.56,0,0,0,0,0,0,0,0.00,1,0.00,0.00,0.00,0.00,0.00,P,0.00,0.88,0.76,1.29,1.26,WARN_WARNING,0.00,,14.30,12.20,504,5.28,45.0,1,0,0.00,0.00,0.00,0.88,0.00,0.00,0,0,0.00,0
2026-04-25 14:53:51,70.46,0,0,0,0,0,0,0,0.00,1,0.00,0.00,0.00,0.00,0.00,P,0.00,0.88,0.76,1.29,1.41,WARN_WARNING,0.00,,14.10,12.20,504,6.18,43.3,1,0,0.00,0.00,0.00,0.88,0.00,0.00,0,0,0.00,0
2026-04-25 14:53:52,71.47,0,0,0,0,0,0,0,0.00,1,0.00,0.00,0.00,0.00,0.00,P,0.00,0.88,0.76,1.29,1.46,WARN_WARNING,0.00,,14.00,12.20,504,7.19,45.5,1,0,0.00,0.00,0.00,0.88,0.00,0.00,0,0,0.00,0
2026-04-25 14:53:53,72.48,0,0,0,0,0,0,0,0.00,1,0.00,0.00,0.00,0.00,0.00,P,0.00,0.90,0.76,1.29,1.46,WARN_WARNING,0.00,,15.20,12.20,504,8.20,45.0,1,0,0.00,0.00,0.00,0.90,0.00,0.00,0,0,0.00,0
2026-04-25 14:53:54,73.50,0,0,0,0,0,0,0,0.00,1,0.00,0.00,0.00,0.00,0.00,P,0.00,0.90,0.76,1.29,1.46,WARN_WARNING,0.00,,13.80,12.20,504,0.34,43.9,1,0,0.00,0.00,0.00,0.90,0.00,0.00,0,0,0.00,0
2026-04-25 14:53:55,74.51,0,0,0,0,0,0,0,0.00,1,0.00,0.00,0.00,0.00,0.00,P,0.00,0.88,0.76,1.18,1.46,WARN_WARNING,0.00,,14.80,12.20,504,1.35,45.0,1,0,0.00,0.00,0.00,0.88,0.00,0.00,0,0,0.00,0
2026-04-25 14:53:56,75.52,0,0,0,0,0,0,0,0.00,1,0.00,0.00,0.00,0.00,0.00,P,0.00,0.88,0.76,1.29,1.46,WARN_WARNING,0.00,,15.10,12.20,504,2.37,43.9,1,0,0.00,0.00,0.00,0.88,0.00,0.00,0,0,0.00,0
2026-04-25 14:53:57,76.53,0,0,0,0,0,0,0,0.00,1,0.00,0.00,0.00,0.00,0.00,P,0.00,0.88,0.76,1.29,1.46,WARN_WARNING,0.00,,14.50,12.20,504,3.38,46.1,1,0,0.00,0.00,0.00,0.88,0.00,0.00,0,0,0.00,0
2026-04-25 14:53:58,77.54,0,0,0,0,0,0,0,0.00,1,0.00,0.00,0.00,0.00,0.00,P,0.00,0.89,0.76,1.17,1.46,WARN_WARNING,0.00,,15.00,12.20,504,4.39,44.4,1,0,0.00,0.00,0.00,0.89,0.00,0.00,0,0,0.00,0
2026-04-25 14:53:59,78.55,0,0,0,0,0,0,0,0.00,1,0.00,0.00,0.00,0.00,0.00,P,0.00,0.88,0.76,1.29,1.46,WARN_WARNING,0.00,,16.40,12.10,504,0.23,44.4,1,0,0.00,0.00,0.00,0.88,0.00,0.00,0,0,0.00,0
2026-04-25 14:54:00,79.57,0,0,0,0,0,0,0,0.00,1,0.00,0.00,0.00,0.00,0.00,P,0.00,0.89,0.76,1.18,1.46,WARN_WARNING,0.00,,14.20,12.20,504,0.11,45.0,1,0,0.00,0.00,0.00,0.89,0.00,0.00,0,0,0.00,0
2026-04-25 14:54:01,80.58,0,0,0,0,0,0,0,0.00,1,0.00,0.00,0.00,0.00,0.00,P,0.00,0.88,0.76,1.30,1.46,WARN_WARNING,0.00,,15.10,12.20,504,1.13,43.9,1,0,0.00,0.00,0.00,0.88,0.00,0.00,0,0,0.00,0
2026-04-25 14:54:02,81.59,0,0,0,0,0,0,0,0.00,1,0.00,0.00,0.00,0.00,0.00,P,0.00,0.88,0.76,1.29,1.46,WARN_WARNING,0.00,,15.30,12.10,504,2.14,44.4,1,0,0.00,0.00,0.00,0.88,0.00,0.00,0,0,0.00,0
2026-04-25 14:54:03,82.61,0,0,0,0,0,0,0,0.00,1,0.00,0.00,0.00,0.00,0.00,P,0.00,0.90,0.76,1.29,1.46,WARN_WARNING,0.00,,14.10,12.10,504,0.45,46.1,1,0,0.00,0.00,0.00,0.90,0.00,0.00,0,0,0.00,0
2026-04-25 14:54:04,83.62,0,0,0,0,0,0,0,0.00,1,0.00,0.00,0.00,0.00,0.00,P,0.00,0.87,0.76,1.29,1.46,WARN_WARNING,0.00,,15.20,12.10,504,0.50,43.9,1,0,0.00,0.00,0.00,0.87,0.00,0.00,0,0,0.00,0
2026-04-25 14:54:05,84.63,0,0,0,0,0,0,0,0.00,1,0.00,0.00,0.00,0.00,0.00,P,0.00,0.89,0.76,1.29,1.46,WARN_WARNING,0.00,,15.60,12.10,504,1.51,46.1,1,0,0.00,0.00,0.00,0.89,0.00,0.00,0,0,0.00,0
2026-04-25 14:54:06,85.74,0,0,0,0,0,0,0,0.00,1,0.00,0.00,0.00,0.00,0.00,P,0.00,0.89,0.76,1.29,1.46,WARN_WARNING,0.00,,14.00,12.10,504,0.17,45.0,1,0,0.00,0.00,0.00,0.89,0.00,0.00,0,0,0.00,0
2026-04-25 14:54:07,86.65,0,0,0,0,0,0,0,0.00,1,0.00,0.00,0.00,0.00,0.00,P,0.00,0.89,0.76,1.29,1.46,WARN_WARNING,0.00,,14.70,12.10,504,1.08,45.5,1,0,0.00,0.00,0.00,0.89,0.00,0.00,0,0,0.00,0
2026-04-25 14:54:08,87.65,0,0,0,0,0,0,0,0.00,1,0.00,0.00,0.00,0.00,0.00,P,0.00,0.89,0.76,1.30,1.46,WARN_WARNING,0.00,,14.30,12.10,504,0.35,43.9,1,0,0.00,0.00,0.00,0.89,0.00,0.00,0,0,0.00,0
2026-04-25 14:54:09,88.66,0,0,0,0,0,0,0,0.00,1,0.00,0.00,0.00,0.00,0.00,P,0.00,0.88,0.76,1.29,1.46,WARN_WARNING,0.00,,15.20,12.10,504,1.36,45.0,1,0,0.00,0.00,0.00,0.88,0.00,0.00,0,0,0.00,0
2026-04-25 14:54:10,89.67,0,0,0,0,0,0,0,0.00,1,0.00,0.00,0.00,0.00,0.00,P,0.00,0.89,0.76,1.29,1.46,WARN_WARNING,0.00,,14.50,12.20,504,2.37,45.5,1,0,0.00,0.00,0.00,0.89,0.00,0.00,0,0,0.00,0
2026-04-25 14:54:11,90.69,0,0,0,0,0,0,0,0.00,1,0.00,0.00,0.00,0.00,0.00,P,0.00,0.89,0.76,1.28,1.46,WARN_WARNING,0.00,,15.50,12.20,504,0.46,45.0,1,0,0.00,0.00,0.00,0.89,0.00,0.00,0,0,0.00,0
2026-04-25 14:54:12,91.69,0,0,0,0,0,0,0,0.00,1,0.00,0.00,0.00,0.00,0.00,P,0.00,0.89,0.76,1.30,1.46,WARN_WARNING,0.00,,15.90,12.20,504,1.46,45.0,1,0,0.00,0.00,0.00,0.89,0.00,0.00,0,0,0.00,0
2026-04-25 14:54:13,92.70,0,0,0,0,0,0,0,0.00,1,0.00,0.00,0.00,0.00,0.00,P,0.00,0.88,0.76,1.20,1.46,WARN_WARNING,0.00,,15.30,12.20,504,2.47,46.1,1,0,0.00,0.00,0.00,0.88,0.00,0.00,0,0,0.00,0
2026-04-25 14:54:14,93.71,0,0,0,0,0,0,0,0.00,1,0.00,0.00,0.00,0.00,0.00,P,0.00,0.77,0.76,1.29,1.46,WARN_WARNING,0.00,,14.90,12.20,504,0.26,45.5,1,0,0.00,0.00,0.00,0.77,0.00,0.00,0,0,0.00,0
2026-04-25 14:54:15,94.72,0,0,0,0,0,0,0,0.00,1,0.00,0.00,0.00,0.00,0.00,P,0.00,0.88,0.76,1.30,1.46,WARN_WARNING,0.00,,14.30,12.20,504,1.27,45.5,1,0,0.00,0.00,0.00,0.88,0.00,0.00,0,0,0.00,0
2026-04-25 14:54:16,95.74,0,0,0,0,0,0,0,0.00,1,0.00,0.00,0.00,0.00,0.00,P,0.00,0.88,0.76,1.30,1.46,WARN_WARNING,0.00,,14.20,12.20,504,2.28,45.0,1,0,0.00,0.00,0.00,0.88,0.00,0.00,0,0,0.00,0
2026-04-25 14:54:17,96.75,0,0,0,0,0,0,0,0.00,1,0.00,0.00,0.00,0.00,0.00,P,0.00,0.88,0.76,1.30,1.46,WARN_WARNING,0.00,,15.80,12.10,504,3.29,45.5,1,0,0.00,0.00,0.00,0.88,0.00,0.00,0,0,0.00,0
2026-04-25 14:54:18,97.76,0,0,0,0,0,0,0,0.00,1,0.00,0.00,0.00,0.00,0.00,P,0.00,0.88,0.76,1.30,1.46,WARN_WARNING,0.00,,15.20,12.10,504,0.45,43.9,1,0,0.00,0.00,0.00,0.88,0.00,0.00,0,0,0.00,0
2026-04-25 14:54:19,98.77,0,0,0,0,0,0,0,0.00,1,0.00,0.00,0.00,0.00,0.00,P,0.00,0.79,0.76,1.29,1.46,WARN_WARNING,0.00,,15.50,12.10,504,1.46,45.0,1,0,0.00,0.00,0.00,0.79,0.00,0.00,0,0,0.00,0
2026-04-25 14:54:20,99.79,0,0,0,0,0,0,0,0.00,1,0.00,0.00,0.00,0.00,0.00,P,0.00,0.90,0.76,1.30,1.46,WARN_WARNING,0.00,,15.90,12.10,504,2.48,43.9,1,0,0.00,0.00,0.00,0.90,0.00,0.00,0,0,0.00,0
2026-04-25 14:54:21,100.80,0,0,0,0,0,0,0,0.00,1,0.00,0.00,0.00,0.00,0.00,P,0.00,0.88,0.76,1.29,1.46,WARN_WARNING,0.00,,13.60,12.10,504,3.49,45.5,1,0,0.00,0.00,0.00,0.88,0.00,0.00,0,0,0.00,0
2026-04-25 14:54:22,101.81,0,0,0,0,0,0,0,0.00,1,0.00,0.00,0.00,0.00,0.00,P,0.00,0.89,0.76,1.30,1.46,WARN_WARNING,0.00,,15.10,12.20,504,4.51,45.0,1,0,0.00,0.00,0.00,0.89,0.00,0.00,0,0,0.00,0
2026-04-25 14:54:23,102.83,0,0,0,0,0,0,0,0.00,1,0.00,0.00,0.00,0.00,0.00,P,0.00,0.88,0.76,1.29,1.46,WARN_WARNING,0.00,,17.10,12.20,504,5.52,45.0,1,0,0.00,0.00,0.00,0.88,0.00,0.00,0,0,0.00,0
2026-04-25 14:54:24,103.83,0,0,0,0,0,0,0,0.00,1,0.00,0.00,0.00,0.00,0.00,P,0.00,0.88,0.76,1.30,1.46,WARN_WARNING,0.00,,15.60,12.20,504,6.52,45.0,1,0,0.00,0.00,0.00,0.88,0.00,0.00,0,0,0.00,0
2026-04-25 14:54:25,104.85,0,0,0,0,0,0,0,0.00,1,0.00,0.00,0.00,0.00,0.00,P,0.00,0.88,0.76,1.29,1.46,WARN_WARNING,0.00,,15.90,12.20,504,7.54,43.3,1,0,0.00,0.00,0.00,0.88,0.00,0.00,0,0,0.00,0
2026-04-25 14:54:26,105.86,0,0,0,0,0,0,0,0.00,1,0.00,0.00,0.00,0.00,0.00,P,0.00,0.90,0.76,1.28,1.46,WARN_WARNING,0.00,,15.50,12.20,504,8.55,45.5,1,0,0.00,0.00,0.00,0.90,0.00,0.00,0,0,0.00,0
2026-04-25 14:54:27,106.87,0,0,0,0,0,0,0,0.00,1,0.00,0.00,0.00,0.00,0.00,P,0.00,0.89,0.76,1.28,1.46,WARN_WARNING,0.00,,15.50,12.20,504,0.34,43.9,1,0,0.00,0.00,0.00,0.89,0.00,0.00,0,0,0.00,0
2026-04-25 14:54:28,107.89,0,0,0,0,0,0,0,0.00,1,0.00,0.00,0.00,0.00,0.00,P,0.00,0.89,0.76,1.29,1.46,WARN_WARNING,0.00,,14.70,12.20,504,0.02,45.5,1,0,0.00,0.00,0.00,0.89,0.00,0.00,0,0,0.00,0
2026-04-25 14:54:29,108.90,0,0,0,0,0,0,0,0.00,1,0.00,0.00,0.00,0.00,0.00,P,0.00,0.88,0.76,1.29,1.46,WARN_WARNING,0.00,,16.70,12.10,504,1.03,44.4,1,0,0.00,0.00,0.00,0.88,0.00,0.00,0,0,0.00,0
2026-04-25 14:54:30,110.01,0,0,0,0,0,0,0,0.00,1,0.00,0.00,0.00,0.00,0.00,P,0.00,0.88,0.76,1.30,1.46,WARN_WARNING,0.00,,15.50,12.10,504,2.14,44.4,1,0,0.00,0.00,0.00,0.88,0.00,0.00,0,0,0.00,0
2026-04-25 14:54:31,110.92,0,0,0,0,0,0,0,0.00,1,0.00,0.00,0.00,0.00,0.00,P,0.00,0.89,0.76,1.30,1.46,WARN_WARNING,0.00,,15.20,12.10,504,0.63,46.1,1,0,0.00,0.00,0.00,0.89,0.00,0.00,0,0,0.00,0
2026-04-25 14:54:32,111.93,0,0,0,0,0,0,0,0.00,1,0.00,0.00,0.00,0.00,0.00,P,0.00,0.89,0.76,1.29,1.46,WARN_WARNING,0.00,,17.20,12.10,504,1.64,45.5,1,0,0.00,0.00,0.00,0.89,0.00,0.00,0,0,0.00,0
2026-04-25 14:54:33,112.95,0,0,0,0,0,0,0,0.00,1,0.00,0.00,0.00,0.00,0.00,P,0.00,0.89,0.76,1.29,1.46,WARN_WARNING,0.00,,15.30,12.10,504,0.76,43.9,1,0,0.00,0.00,0.00,0.89,0.00,0.00,0,0,0.00,0
2026-04-25 14:54:34,113.96,0,0,0,0,0,0,0,0.00,1,0.00,0.00,0.00,0.00,0.00,P,0.00,0.88,0.76,1.29,1.46,WARN_WARNING,0.00,,15.70,12.10,504,1.77,45.5,1,0,0.00,0.00,0.00,0.88,0.00,0.00,0,0,0.00,0
2026-04-25 14:54:35,114.97,0,0,0,0,0,0,0,0.00,1,0.00,0.00,0.00,0.00,0.00,P,0.00,0.88,0.76,1.29,1.46,WARN_WARNING,0.00,,15.10,12.10,504,2.79,45.5,1,0,0.00,0.00,0.00,0.88,0.00,0.00,0,0,0.00,0
2026-04-25 14:54:36,115.98,0,0,0,0,0,0,0,0.00,1,0.00,0.00,0.00,0.00,0.00,P,0.00,0.89,0.76,1.29,1.46,WARN_WARNING,0.00,,13.40,12.10,504,3.79,45.5,1,0,0.00,0.00,0.00,0.89,0.00,0.00,0,0,0.00,0
2026-04-25 14:54:37,116.99,0,0,0,0,0,0,0,0.00,1,0.00,0.00,0.00,0.00,0.00,P,0.00,0.89,0.76,1.30,1.46,WARN_WARNING,0.00,,13.90,12.10,504,4.80,45.0,1,0,0.00,0.00,0.00,0.89,0.00,0.00,0,0,0.00,0
2026-04-25 14:54:38,118.00,0,0,0,0,0,0,0,0.00,1,0.00,0.00,0.00,0.00,0.00,P,0.00,0.88,0.76,1.30,1.46,WARN_WARNING,0.00,,13.60,12.10,504,5.82,45.0,1,0,0.00,0.00,0.00,0.88,0.00,0.00,0,0,0.00,0
2026-04-25 14:54:39,119.01,0,0,0,0,0,0,0,0.00,1,0.00,0.00,0.00,0.00,0.00,P,0.00,0.87,0.76,1.28,1.46,WARN_WARNING,0.00,,13.80,12.10,504,6.83,45.5,1,0,0.00,0.00,0.00,0.87,0.00,0.00,0,0,0.00,0
2026-04-25 14:54:40,120.03,0,0,0,0,0,0,0,0.00,1,0.00,0.00,0.00,0.00,0.00,P,0.00,0.89,0.76,1.17,1.46,WARN_WARNING,0.00,,14.60,12.10,504,7.84,44.4,1,0,0.00,0.00,0.00,0.89,0.00,0.00,0,0,0.00,0
2026-04-25 14:54:41,121.04,0,0,0,0,0,0,0,0.00,1,0.00,0.00,0.00,0.00,0.00,P,0.00,0.76,0.76,1.29,1.46,WARN_WARNING,0.00,,16.80,12.10,504,8.85,44.4,1,0,0.00,0.00,0.00,0.76,0.00,0.00,0,0,0.00,0
2026-04-25 14:54:42,122.15,0,0,0,0,0,0,0,0.00,1,0.00,0.00,0.00,0.00,0.00,P,0.00,0.88,0.76,1.29,1.46,WARN_WARNING,0.00,,16.60,12.10,504,0.15,45.5,1,0,0.00,0.00,0.00,0.88,0.00,0.00,0,0,0.00,0
2026-04-25 14:54:43,123.05,0,0,0,0,0,0,0,0.00,1,0.00,0.00,0.00,0.00,0.00,P,0.00,0.89,0.76,1.28,1.46,WARN_WARNING,0.00,,15.40,12.10,504,1.06,45.0,1,0,0.00,0.00,0.00,0.89,0.00,0.00,0,0,0.00,0
2026-04-25 14:54:44,124.07,0,0,0,0,0,0,0,0.00,1,0.00,0.00,0.00,0.00,0.00,P,0.00,0.89,0.76,1.29,1.46,WARN_WARNING,0.00,,14.70,12.10,504,2.07,45.0,1,0,0.00,0.00,0.00,0.89,0.00,0.00,0,0,0.00,0
2026-04-25 14:54:45,125.07,0,0,0,0,0,0,0,0.00,1,0.00,0.00,0.00,0.00,0.00,P,0.00,0.88,0.76,1.30,1.46,WARN_WARNING,0.00,,14.50,12.10,504,3.08,46.1,1,0,0.00,0.00,0.00,0.88,0.00,0.00,0,0,0.00,0
2026-04-25 14:54:47,126.19,0,0,0,0,0,0,0,0.00,1,0.00,0.00,0.00,0.00,0.00,P,0.00,0.89,0.76,1.29,1.46,WARN_WARNING,0.00,,14.10,12.10,504,4.19,45.5,1,0,0.00,0.00,0.00,0.89,0.00,0.00,0,0,0.00,0
2026-04-25 14:54:47,127.09,0,0,0,0,0,0,0,0.00,1,0.00,0.00,0.00,0.00,0.00,P,0.00,0.88,0.76,1.30,1.46,WARN_WARNING,0.00,,17.30,12.10,504,5.09,44.4,1,0,0.00,0.00,0.00,0.88,0.00,0.00,0,0,0.00,0
2026-04-25 14:54:48,128.10,0,0,0,0,0,0,0,0.00,1,0.00,0.00,0.00,0.00,0.00,P,0.00,0.88,0.76,1.29,1.46,WARN_WARNING,0.00,,15.10,12.10,504,6.10,43.9,1,0,0.00,0.00,0.00,0.88,0.00,0.00,0,0,0.00,0
2026-04-25 14:54:49,129.12,0,0,0,0,0,0,0,0.00,1,0.00,0.00,0.00,0.00,0.00,P,0.00,0.88,0.76,1.29,1.46,WARN_WARNING,0.00,,15.80,12.10,504,7.12,45.5,1,0,0.00,0.00,0.00,0.88,0.00,0.00,0,0,0.00,0
2026-04-25 14:54:51,130.23,0,0,0,0,0,0,0,0.00,1,0.00,0.00,0.00,0.00,0.00,P,0.00,0.88,0.76,1.29,1.46,WARN_WARNING,0.00,,14.00,12.10,504,8.23,43.9,1,0,0.00,0.00,0.00,0.88,0.00,0.00,0,0,0.00,0
2026-04-25 14:54:51,131.13,0,0,0,0,0,0,0,0.00,1,0.00,0.00,0.00,0.00,0.00,P,0.00,0.88,0.76,1.29,1.46,WARN_WARNING,0.00,,13.90,12.10,504,9.13,45.0,1,0,0.00,0.00,0.00,0.88,0.00,0.00,0,0,0.00,0
2026-04-25 14:54:53,132.24,0,0,0,0,0,0,0,0.00,1,0.00,0.00,0.00,0.00,0.00,P,0.00,0.89,0.76,1.29,1.46,WARN_WARNING,0.00,,15.10,12.10,504,10.24,45.0,1,0,0.00,0.00,0.00,0.89,0.00,0.00,0,0,0.00,0
2026-04-25 14:54:53,133.14,0,0,0,0,0,0,0,0.00,1,0.00,0.00,0.00,0.00,0.00,P,0.00,0.88,0.76,1.30,1.46,WARN_WARNING,0.00,,13.70,12.10,504,0.55,43.9,1,0,0.00,0.00,0.00,0.88,0.00,0.00,0,0,0.00,0
2026-04-25 14:54:54,134.16,0,0,0,0,0,0,0,0.00,1,0.00,0.00,0.00,0.00,0.00,P,0.00,0.90,0.76,1.29,1.46,WARN_WARNING,0.00,,14.60,12.10,504,1.56,46.1,1,0,0.00,0.00,0.00,0.90,0.00,0.00,0,0,0.00,0
2026-04-25 14:54:55,135.17,0,0,0,0,0,0,0,0.00,1,0.00,0.00,0.00,0.00,0.00,P,0.00,0.89,0.76,1.29,1.46,WARN_WARNING,0.00,,15.50,12.10,504,2.58,45.0,1,0,0.00,0.00,0.00,0.89,0.00,0.00,0,0,0.00,0
2026-04-25 14:54:57,136.28,0,0,0,0,0,0,0,0.00,1,0.00,0.00,0.00,0.00,0.00,P,0.00,0.89,0.76,1.29,1.46,WARN_WARNING,0.00,,15.40,12.10,504,0.81,45.0,1,0,0.00,0.00,0.00,0.89,0.00,0.00,0,0,0.00,0
2026-04-25 14:54:58,137.18,0,0,0,0,0,0,0,0.00,1,0.00,0.00,0.00,0.00,0.00,P,0.00,0.88,0.76,1.29,1.46,WARN_WARNING,0.00,,13.50,12.10,504,1.71,45.0,1,0,0.00,0.00,0.00,0.88,0.00,0.00,0,0,0.00,0
2026-04-25 14:54:59,138.18,0,0,0,0,0,0,0,0.00,1,0.00,0.00,0.00,0.00,0.00,P,0.00,0.89,0.76,1.18,1.46,WARN_WARNING,0.00,,14.40,12.10,504,0.64,44.4,1,0,0.00,0.00,0.00,0.89,0.00,0.00,0,0,0.00,0
2026-04-25 14:55:00,139.20,0,0,0,0,0,0,0,0.00,1,0.00,0.00,0.00,0.00,0.00,P,0.00,0.89,0.76,1.30,1.46,WARN_WARNING,0.00,,14.20,12.10,504,0.64,44.4,1,0,0.00,0.00,0.00,0.89,0.00,0.00,0,0,0.00,0
2026-04-25 14:55:01,140.20,0,0,0,0,0,0,0,0.00,1,0.00,0.00,0.00,0.00,0.00,P,0.00,0.89,0.76,1.28,1.46,WARN_WARNING,0.00,,14.60,12.10,504,1.64,45.0,1,0,0.00,0.00,0.00,0.89,0.00,0.00,0,0,0.00,0
2026-04-25 14:55:02,141.21,0,0,0,0,0,0,0,0.00,1,0.00,0.00,0.00,0.00,0.00,P,0.00,0.88,0.76,1.30,1.46,WARN_WARNING,0.00,,15.00,12.10,504,0.51,43.9,1,0,0.00,0.00,0.00,0.88,0.00,0.00,0,0,0.00,0
2026-04-25 14:55:03,142.22,0,0,0,0,0,0,0,0.00,1,0.00,0.00,0.00,0.00,0.00,P,0.00,0.79,0.76,1.29,1.46,WARN_WARNING,0.00,,13.80,12.10,504,1.52,45.0,1,0,0.00,0.00,0.00,0.79,0.00,0.00,0,0,0.00,0
2026-04-25 14:55:04,143.23,0,0,0,0,0,0,0,0.00,1,0.00,0.00,0.00,0.00,0.00,P,0.00,0.88,0.76,1.30,1.46,WARN_WARNING,0.00,,15.10,12.10,504,0.48,45.5,1,0,0.00,0.00,0.00,0.88,0.00,0.00,0,0,0.00,0
2026-04-25 14:55:05,144.25,0,0,0,0,0,0,0,0.00,1,0.00,0.00,0.00,0.00,0.00,P,0.00,0.89,0.76,1.30,1.46,WARN_WARNING,0.00,,14.20,12.00,504,1.50,45.5,1,0,0.00,0.00,0.00,0.89,0.00,0.00,0,0,0.00,0
2026-04-25 14:55:06,145.26,0,0,0,0,0,0,0,0.00,1,0.00,0.00,0.00,0.00,0.00,P,0.00,0.88,0.76,1.30,1.46,WARN_WARNING,0.00,,14.70,12.00,504,2.51,45.5,1,0,0.00,0.00,0.00,0.88,0.00,0.00,0,0,0.00,0
2026-04-25 14:55:07,146.27,0,0,0,0,0,0,0,0.00,1,0.00,0.00,0.00,0.00,0.00,P,0.00,0.89,0.76,1.29,1.46,WARN_WARNING,0.00,,14.20,12.10,504,3.52,46.1,1,0,0.00,0.00,0.00,0.89,0.00,0.00,0,0,0.00,0
2026-04-25 14:55:08,147.28,0,0,0,0,0,0,0,0.00,1,0.00,0.00,0.00,0.00,0.00,P,0.00,0.88,0.76,1.29,1.46,WARN_WARNING,0.00,,14.20,12.10,504,4.54,44.4,1,0,0.00,0.00,0.00,0.88,0.00,0.00,0,0,0.00,0
2026-04-25 14:55:09,148.30,0,0,0,0,0,0,0,0.00,1,0.00,0.00,0.00,0.00,0.00,P,0.00,0.89,0.76,1.29,1.46,WARN_WARNING,0.00,,15.50,12.10,504,5.55,45.5,1,0,0.00,0.00,0.00,0.89,0.00,0.00,0,0,0.00,0
2026-04-25 14:55:10,149.31,0,0,0,0,0,0,0,0.00,1,0.00,0.00,0.00,0.00,0.00,P,0.00,0.88,0.76,1.29,1.46,WARN_WARNING,0.00,,14.50,12.10,504,0.63,45.5,1,0,0.00,0.00,0.00,0.88,0.00,0.00,0,0,0.00,0
2026-04-25 14:55:11,150.42,0,0,0,0,0,0,0,0.00,1,0.00,0.00,0.00,0.00,0.00,P,0.00,0.88,0.76,1.28,1.46,WARN_WARNING,0.00,,13.60,12.10,504,1.74,45.5,1,0,0.00,0.00,0.00,0.88,0.00,0.00,0,0,0.00,0
2026-04-25 14:55:12,151.32,0,0,0,0,0,0,0,0.00,1,0.00,0.00,0.00,0.00,0.00,P,0.00,0.89,0.76,1.20,1.46,WARN_WARNING,0.00,,14.10,12.10,504,2.65,46.1,1,0,0.00,0.00,0.00,0.89,0.00,0.00,0,0,0.00,0
2026-04-25 14:55:13,152.44,0,0,0,0,0,0,0,0.00,1,0.00,0.00,0.00,0.00,0.00,P,0.00,0.89,0.76,1.28,1.46,WARN_WARNING,0.00,,14.50,12.10,504,3.76,45.5,1,0,0.00,0.00,0.00,0.89,0.00,0.00,0,0,0.00,0
2026-04-25 14:55:14,153.34,0,0,0,0,0,0,0,0.00,1,0.00,0.00,0.00,0.00,0.00,P,0.00,0.88,0.76,1.29,1.46,WARN_WARNING,0.00,,13.90,12.10,504,4.66,45.5,1,0,0.00,0.00,0.00,0.88,0.00,0.00,0,0,0.00,0
2026-04-25 14:55:15,154.35,0,0,0,0,0,0,0,0.00,1,0.00,0.00,0.00,0.00,0.00,P,0.00,0.88,0.76,1.29,1.46,WARN_WARNING,0.00,,15.50,12.10,504,5.67,45.0,1,0,0.00,0.00,0.00,0.88,0.00,0.00,0,0,0.00,0
2026-04-25 14:55:16,155.36,0,0,0,0,0,0,0,0.00,1,0.00,0.00,0.00,0.00,0.00,P,0.00,0.88,0.76,1.28,1.46,WARN_WARNING,0.00,,16.00,12.10,504,6.68,43.9,1,0,0.00,0.00,0.00,0.88,0.00,0.00,0,0,0.00,0
2026-04-25 14:55:17,156.37,0,0,0,0,0,0,0,0.00,1,0.00,0.00,0.00,0.00,0.00,P,0.00,0.88,0.76,1.29,1.46,WARN_WARNING,0.00,,14.20,12.10,504,0.08,45.0,1,0,0.00,0.00,0.00,0.88,0.00,0.00,0,0,0.00,0
2026-04-25 14:55:18,157.39,0,0,0,0,0,0,0,0.00,1,0.00,0.00,0.00,0.00,0.00,P,0.00,0.88,0.76,1.29,1.46,WARN_WARNING,0.00,,14.60,12.10,504,1.10,45.0,1,0,0.00,0.00,0.00,0.88,0.00,0.00,0,0,0.00,0
2026-04-25 14:55:19,158.50,0,0,0,0,0,0,0,0.00,1,0.00,0.00,0.00,0.00,0.00,P,0.00,0.88,0.76,1.30,1.46,WARN_WARNING,0.00,,15.40,12.10,504,2.21,46.6,1,0,0.00,0.00,0.00,0.88,0.00,0.00,0,0,0.00,0
2026-04-25 14:55:20,159.40,0,0,0,0,0,0,0,0.00,1,0.00,0.00,0.00,0.00,0.00,P,0.00,0.88,0.76,1.28,1.46,WARN_WARNING,0.00,,14.30,12.10,504,3.11,45.0,1,0,0.00,0.00,0.00,0.88,0.00,0.00,0,0,0.00,0
2026-04-25 14:55:21,160.41,0,0,0,0,0,0,0,0.00,1,0.00,0.00,0.00,0.00,0.00,P,0.00,0.88,0.76,1.29,1.46,WARN_WARNING,0.00,,14.90,12.10,504,0.31,45.0,1,0,0.00,0.00,0.00,0.88,0.00,0.00,0,0,0.00,0
2026-04-25 14:55:22,161.43,0,0,0,0,0,0,0,0.00,1,0.00,0.00,0.00,0.00,0.00,P,0.00,0.88,0.76,1.30,1.46,WARN_WARNING,0.00,,13.60,12.10,504,1.32,45.5,1,0,0.00,0.00,0.00,0.88,0.00,0.00,0,0,0.00,0
2026-04-25 14:55:23,162.43,0,0,0,0,0,0,0,0.00,1,0.00,0.00,0.00,0.00,0.00,P,0.00,0.88,0.76,1.28,1.46,WARN_WARNING,0.00,,13.50,12.10,504,2.32,46.6,1,0,0.00,0.00,0.00,0.88,0.00,0.00,0,0,0.00,0
2026-04-25 14:55:24,163.44,0,0,0,0,0,0,0,0.00,1,0.00,0.00,0.00,0.00,0.00,P,0.00,0.89,0.76,1.29,1.46,WARN_WARNING,0.00,,11.90,12.10,504,3.34,45.0,1,0,0.00,0.00,0.00,0.89,0.00,0.00,0,0,0.00,0
2026-04-25 14:55:25,164.46,0,0,0,0,0,0,0,0.00,1,0.00,0.00,0.00,0.00,0.00,P,0.00,0.88,0.76,1.30,1.46,WARN_WARNING,0.00,,12.40,12.00,504,4.35,46.6,1,0,0.00,0.00,0.00,0.88,0.00,0.00,0,0,0.00,0
2026-04-25 14:55:26,165.47,0,0,0,0,0,0,0,0.00,1,0.00,0.00,0.00,0.00,0.00,P,0.00,0.89,0.76,1.28,1.46,WARN_WARNING,0.00,,13.30,12.10,504,5.36,46.6,1,0,0.00,0.00,0.00,0.89,0.00,0.00,0,0,0.00,0
2026-04-25 14:55:27,166.48,0,0,0,0,0,0,0,0.00,1,0.00,0.00,0.00,0.00,0.00,P,0.00,0.88,0.76,1.29,1.46,WARN_WARNING,0.00,,13.90,12.10,504,6.37,47.2,1,0,0.00,0.00,0.00,0.88,0.00,0.00,0,0,0.00,0
2026-04-25 14:55:28,167.49,0,0,0,0,0,0,0,0.00,1,0.00,0.00,0.00,0.00,0.00,P,0.00,0.89,0.76,1.29,1.46,WARN_WARNING,0.00,,14.80,12.10,504,7.39,46.6,1,0,0.00,0.00,0.00,0.89,0.00,0.00,0,0,0.00,0
2026-04-25 14:55:29,168.51,0,0,0,0,0,0,0,0.00,1,0.00,0.00,0.00,0.00,0.00,P,0.00,0.89,0.76,1.29,1.46,WARN_WARNING,0.00,,14.70,12.10,504,8.40,45.0,1,0,0.00,0.00,0.00,0.89,0.00,0.00,0,0,0.00,0
2026-04-25 14:55:30,169.52,0,0,0,0,0,0,0,0.00,1,0.00,0.00,0.00,0.00,0.00,P,0.00,0.88,0.76,1.30,1.46,WARN_WARNING,0.00,,13.60,12.10,504,9.42,46.1,1,0,0.00,0.00,0.00,0.88,0.00,0.00,0,0,0.00,0
2026-04-25 14:55:31,170.53,0,0,0,0,0,0,0,0.00,1,0.00,0.00,0.00,0.00,0.00,P,0.00,0.88,0.76,1.30,1.46,WARN_WARNING,0.00,,16.30,12.10,504,10.43,46.1,1,0,0.00,0.00,0.00,0.88,0.00,0.00,0,0,0.00,0
2026-04-25 14:55:32,171.55,0,0,0,0,0,0,0,0.00,1,0.00,0.00,0.00,0.00,0.00,P,0.00,0.89,0.76,1.29,1.46,WARN_WARNING,0.00,,15.10,12.10,504,0.95,46.1,1,0,0.00,0.00,0.00,0.89,0.00,0.00,0,0,0.00,0
2026-04-25 14:55:33,172.56,0,0,0,0,0,0,0,0.00,1,0.00,0.00,0.00,0.00,0.00,P,0.00,0.88,0.76,1.30,1.46,WARN_WARNING,0.00,,14.60,12.10,504,1.96,45.0,1,0,0.00,0.00,0.00,0.88,0.00,0.00,0,0,0.00,0
2026-04-25 14:55:34,173.57,0,0,0,0,0,0,0,0.00,1,0.00,0.00,0.00,0.00,0.00,P,0.00,0.88,0.76,1.28,1.46,WARN_WARNING,0.00,,15.80,12.10,504,0.88,46.1,1,0,0.00,0.00,0.00,0.88,0.00,0.00,0,0,0.00,0
2026-04-25 14:55:35,174.58,0,0,0,0,0,0,0,0.00,1,0.00,0.00,0.00,0.00,0.00,P,0.00,0.89,0.76,1.18,1.46,WARN_WARNING,0.00,,16.40,12.10,504,0.32,45.5,1,0,0.00,0.00,0.00,0.89,0.00,0.00,0,0,0.00,0
2026-04-25 14:55:36,175.59,0,0,0,0,0,0,0,0.00,1,0.00,0.00,0.00,0.00,0.00,P,0.00,0.88,0.76,1.29,1.46,WARN_WARNING,0.00,,14.50,12.10,504,0.71,45.5,1,0,0.00,0.00,0.00,0.88,0.00,0.00,0,0,0.00,0
2026-04-25 14:55:37,176.61,0,0,0,0,0,0,0,0.00,1,0.00,0.00,0.00,0.00,0.00,P,0.00,0.88,0.76,1.30,1.46,WARN_WARNING,0.00,,15.60,12.10,504,0.90,45.0,1,0,0.00,0.00,0.00,0.88,0.00,0.00,0,0,0.00,0
2026-04-25 14:55:38,177.62,0,0,0,0,0,0,0,0.00,1,0.00,0.00,0.00,0.00,0.00,P,0.00,0.88,0.76,1.29,1.46,WARN_WARNING,0.00,,16.10,12.10,504,1.92,44.4,1,0,0.00,0.00,0.00,0.88,0.00,0.00,0,0,0.00,0
2026-04-25 14:55:39,178.63,0,0,0,0,0,0,0,0.00,1,0.00,0.00,0.00,0.00,0.00,P,0.00,0.88,0.76,1.29,1.46,WARN_WARNING,0.00,,13.60,12.10,504,2.93,46.1,1,0,0.00,0.00,0.00,0.88,0.00,0.00,0,0,0.00,0
2026-04-25 14:55:40,179.64,0,0,0,0,0,0,0,0.00,1,0.00,0.00,0.00,0.00,0.00,P,0.00,0.87,0.76,1.29,1.46,WARN_WARNING,0.00,,14.80,12.10,504,3.94,46.1,1,0,0.00,0.00,0.00,0.87,0.00,0.00,0,0,0.00,0
2026-04-25 14:55:41,180.75,0,0,0,0,0,0,0,0.00,1,0.00,0.00,0.00,0.00,0.00,P,0.00,0.89,0.76,1.30,1.46,WARN_WARNING,0.00,,14.70,12.10,504,5.05,45.0,1,0,0.00,0.00,0.00,0.89,0.00,0.00,0,0,0.00,0
2026-04-25 14:55:42,181.66,0,0,0,0,0,0,0,0.00,1,0.00,0.00,0.00,0.00,0.00,P,0.00,0.88,0.76,1.29,1.46,WARN_WARNING,0.00,,14.40,12.10,504,0.80,46.6,1,0,0.00,0.00,0.00,0.88,0.00,0.00,0,0,0.00,0
2026-04-25 14:55:43,182.67,0,0,0,0,0,0,0,0.00,1,0.00,0.00,0.00,0.00,0.00,P,0.00,0.88,0.76,1.29,1.46,WARN_WARNING,0.00,,15.20,12.10,504,1.82,45.0,1,0,0.00,0.00,0.00,0.88,0.00,0.00,0,0,0.00,0
2026-04-25 14:55:44,183.68,0,0,0,0,0,0,0,0.00,1,0.00,0.00,0.00,0.00,0.00,P,0.00,0.89,0.76,1.30,1.46,WARN_WARNING,0.00,,14.50,12.10,504,2.83,46.1,1,0,0.00,0.00,0.00,0.89,0.00,0.00,0,0,0.00,0
2026-04-25 14:55:45,184.69,0,0,0,0,0,0,0,0.00,1,0.00,0.00,0.00,0.00,0.00,P,0.00,0.89,0.76,1.30,1.46,WARN_WARNING,0.00,,13.40,12.10,504,0.42,45.0,1,0,0.00,0.00,0.00,0.89,0.00,0.00,0,0,0.00,0
2026-04-25 14:55:46,185.70,0,0,0,0,0,0,0,0.00,1,0.00,0.00,0.00,0.00,0.00,P,0.00,0.88,0.76,1.29,1.46,WARN_WARNING,0.00,,14.70,12.10,504,1.43,45.0,1,0,0.00,0.00,0.00,0.88,0.00,0.00,0,0,0.00,0
2026-04-25 14:55:47,186.71,0,0,0,0,0,0,0,0.00,1,0.00,0.00,0.00,0.00,0.00,P,0.00,0.88,0.76,1.28,1.46,WARN_WARNING,0.00,,14.70,12.20,504,2.44,45.5,1,0,0.00,0.00,0.00,0.88,0.00,0.00,0,0,0.00,0
2026-04-25 14:55:48,187.73,0,0,0,0,0,0,0,0.00,1,0.00,0.00,0.00,0.00,0.00,P,0.00,0.89,0.76,1.29,1.46,WARN_WARNING,0.00,,16.60,12.20,504,3.46,46.1,1,0,0.00,0.00,0.00,0.89,0.00,0.00,0,0,0.00,0
2026-04-25 14:55:49,188.74,0,0,0,0,0,0,0,0.00,1,0.00,0.00,0.00,0.00,0.00,P,0.00,0.88,0.76,1.30,1.46,WARN_WARNING,0.00,,14.30,12.20,504,0.75,46.6,1,0,0.00,0.00,0.00,0.88,0.00,0.00,0,0,0.00,0
2026-04-25 14:55:50,189.75,0,0,0,0,0,0,0,0.00,1,0.00,0.00,0.00,0.00,0.00,P,0.00,0.88,0.76,1.30,1.46,WARN_WARNING,0.00,,12.20,12.10,504,1.76,46.6,1,0,0.00,0.00,0.00,0.88,0.00,0.00,0,0,0.00,0
2026-04-25 14:55:51,190.77,0,0,0,0,0,0,0,0.00,1,0.00,0.00,0.00,0.00,0.00,P,0.00,0.89,0.76,1.29,1.46,WARN_WARNING,0.00,,12.10,12.20,504,0.26,45.5,1,0,0.00,0.00,0.00,0.89,0.00,0.00,0,0,0.00,0
2026-04-25 14:55:52,191.78,0,0,0,0,0,0,0,0.00,1,0.00,0.00,0.00,0.00,0.00,P,0.00,0.88,0.76,1.29,1.46,WARN_WARNING,0.00,,13.90,12.20,504,1.28,46.1,1,0,0.00,0.00,0.00,0.88,0.00,0.00,0,0,0.00,0
2026-04-25 14:55:53,192.79,0,0,0,0,0,0,0,0.00,1,0.00,0.00,0.00,0.00,0.00,P,0.00,0.88,0.76,1.30,1.46,WARN_WARNING,0.00,,14.40,12.20,504,2.29,47.2,1,0,0.00,0.00,0.00,0.88,0.00,0.00,0,0,0.00,0
2026-04-25 14:55:54,193.81,0,0,0,0,0,0,0,0.00,1,0.00,0.00,0.00,0.00,0.00,P,0.00,0.89,0.76,1.30,1.46,WARN_WARNING,0.00,,12.70,12.10,504,3.31,45.5,1,0,0.00,0.00,0.00,0.89,0.00,0.00,0,0,0.00,0
2026-04-25 14:55:55,194.82,0,0,0,0,0,0,0,0.00,1,0.00,0.00,0.00,0.00,0.00,P,0.00,0.88,0.76,1.30,1.46,WARN_WARNING,0.00,,15.60,12.20,504,4.32,46.1,1,0,0.00,0.00,0.00,0.88,0.00,0.00,0,0,0.00,0
2026-04-25 14:55:56,195.84,0,0,0,0,0,0,0,0.00,1,0.00,0.00,0.00,0.00,0.00,P,0.00,0.88,0.76,1.29,1.46,WARN_WARNING,0.00,,14.90,12.20,504,5.34,46.6,1,0,0.00,0.00,0.00,0.88,0.00,0.00,0,0,0.00,0
2026-04-25 14:55:57,196.85,0,0,0,0,0,0,0,0.00,1,0.00,0.00,0.00,0.00,0.00,P,0.00,0.89,0.76,1.30,1.46,WARN_WARNING,0.00,,15.60,12.20,504,6.35,46.1,1,0,0.00,0.00,0.00,0.89,0.00,0.00,0,0,0.00,0
2026-04-25 14:55:58,197.86,0,0,0,0,0,0,0,0.00,1,0.00,0.00,0.00,0.00,0.00,P,0.00,0.89,0.76,1.30,1.46,WARN_WARNING,0.00,,14.30,12.20,504,0.21,45.0,1,0,0.00,0.00,0.00,0.89,0.00,0.00,0,0,0.00,0
2026-04-25 14:55:59,198.87,0,0,0,0,0,0,0,0.00,1,0.00,0.00,0.00,0.00,0.00,P,0.00,0.89,0.76,1.29,1.46,WARN_WARNING,0.00,,17.50,12.20,504,1.22,45.0,1,0,0.00,0.00,0.00,0.89,0.00,0.00,0,0,0.00,0
2026-04-25 14:56:00,199.88,0,0,0,0,0,0,0,0.00,1,0.00,0.00,0.00,0.00,0.00,P,0.00,0.89,0.76,1.30,1.46,WARN_WARNING,0.00,,14.80,12.10,504,0.45,46.6,1,0,0.00,0.00,0.00,0.89,0.00,0.00,0,0,0.00,0
2026-04-25 14:56:01,200.90,0,0,0,0,0,0,0,0.00,1,0.00,0.00,0.00,0.00,0.00,P,0.00,0.89,0.76,1.30,1.46,WARN_WARNING,0.00,,16.00,12.30,504,1.47,46.1,1,0,0.00,0.00,0.00,0.89,0.00,0.00,0,0,0.00,0
2026-04-25 14:56:02,201.90,0,0,0,0,0,0,0,0.00,1,0.00,0.00,0.00,0.00,0.00,P,0.00,0.90,0.76,1.29,1.46,WARN_WARNING,0.00,,14.40,12.30,504,2.48,45.0,1,0,0.00,0.00,0.00,0.90,0.00,0.00,0,0,0.00,0
2026-04-25 14:56:03,203.02,0,0,0,0,0,0,0,0.00,1,0.00,0.00,0.00,0.00,0.00,P,0.00,0.88,0.76,1.30,1.46,WARN_WARNING,0.00,,14.30,12.40,504,3.59,45.0,1,0,0.00,0.00,0.00,0.88,0.00,0.00,0,0,0.00,0
2026-04-25 14:56:04,203.92,0,0,0,0,0,0,0,0.00,1,0.00,0.00,0.00,0.00,0.00,P,0.00,0.89,0.76,1.29,1.46,WARN_WARNING,0.00,,16.70,12.40,504,0.71,46.6,1,0,0.00,0.00,0.00,0.89,0.00,0.00,0,0,0.00,0
2026-04-25 14:56:05,205.03,0,0,0,0,0,0,0,0.00,1,0.00,0.00,0.00,0.00,0.00,P,0.00,0.88,0.76,1.30,1.46,WARN_WARNING,0.00,,14.90,12.40,504,1.82,46.1,1,0,0.00,0.00,0.00,0.88,0.00,0.00,0,0,0.00,0
2026-04-25 14:56:06,205.94,0,0,0,0,0,0,0,0.00,1,0.00,0.00,0.00,0.00,0.00,P,0.00,0.88,0.76,1.29,1.46,WARN_WARNING,0.00,,14.10,12.30,504,2.73,45.0,1,0,0.00,0.00,0.00,0.88,0.00,0.00,0,0,0.00,0
2026-04-25 14:56:07,206.94,0,0,0,0,0,0,0,0.00,1,0.00,0.00,0.00,0.00,0.00,P,0.00,0.89,0.76,1.29,1.46,WARN_WARNING,0.00,,14.80,12.30,504,3.73,45.0,1,0,0.00,0.00,0.00,0.89,0.00,0.00,0,0,0.00,0
2026-04-25 14:56:08,207.95,0,0,0,0,0,0,0,0.00,1,0.00,0.00,0.00,0.00,0.00,P,0.00,0.87,0.76,1.29,1.46,WARN_WARNING,0.00,,15.70,12.20,504,0.96,46.1,1,0,0.00,0.00,0.00,0.87,0.00,0.00,0,0,0.00,0
2026-04-25 14:56:09,209.06,0,0,0,0,0,0,0,0.00,1,0.00,0.00,0.00,0.00,0.00,P,0.00,0.89,0.76,1.29,1.46,WARN_WARNING,0.00,,16.30,12.30,504,0.91,46.1,1,0,0.00,0.00,0.00,0.89,0.00,0.00,0,0,0.00,0
2026-04-25 14:56:10,209.97,0,0,0,0,0,0,0,0.00,1,0.00,0.00,0.00,0.00,0.00,P,0.00,0.89,0.76,1.28,1.46,WARN_WARNING,0.00,,14.30,12.30,504,1.81,46.1,1,0,0.00,0.00,0.00,0.89,0.00,0.00,0,0,0.00,0
2026-04-25 14:56:11,211.08,0,0,0,0,0,0,0,0.00,1,0.00,0.00,0.00,0.00,0.00,P,0.00,0.88,0.76,1.29,1.46,WARN_WARNING,0.00,,15.60,12.30,504,2.92,45.5,1,0,0.00,0.00,0.00,0.88,0.00,0.00,0,0,0.00,0
2026-04-25 14:56:12,211.98,0,0,0,0,0,0,0,0.00,1,0.00,0.00,0.00,0.00,0.00,P,0.00,0.87,0.76,1.29,1.46,WARN_WARNING,0.00,,14.80,12.30,504,3.83,45.0,1,0,0.00,0.00,0.00,0.87,0.00,0.00,0,0,0.00,0
2026-04-25 14:56:13,213.00,0,0,0,0,0,0,0,0.00,1,0.00,0.00,0.00,0.00,0.00,P,0.00,0.89,0.76,1.30,1.46,WARN_WARNING,0.00,,15.30,12.40,504,0.74,46.1,1,0,0.00,0.00,0.00,0.89,0.00,0.00,0,0,0.00,0
2026-04-25 14:56:14,214.01,0,0,0,0,0,0,0,0.00,1,0.00,0.00,0.00,0.00,0.00,P,0.00,0.88,0.76,1.30,1.46,WARN_WARNING,0.00,,15.80,12.50,504,1.75,45.5,1,0,0.00,0.00,0.00,0.88,0.00,0.00,0,0,0.00,0
2026-04-25 14:56:15,215.12,0,0,0,0,0,0,0,0.00,1,0.00,0.00,0.00,0.00,0.00,P,0.00,0.89,0.76,1.29,1.46,WARN_WARNING,0.00,,14.30,12.30,504,1.07,46.1,1,0,0.00,0.00,0.00,0.89,0.00,0.00,0,0,0.00,0
2026-04-25 14:56:16,216.03,0,0,0,0,0,0,0,0.00,1,0.00,0.00,0.00,0.00,0.00,P,0.00,0.88,0.76,1.28,1.46,WARN_WARNING,0.00,,13.90,12.20,504,1.97,45.5,1,0,0.00,0.00,0.00,0.88,0.00,0.00,0,0,0.00,0
2026-04-25 14:56:17,217.04,0,0,0,0,0,0,0,0.00,1,0.00,0.00,0.00,0.00,0.00,P,0.00,0.89,0.76,1.30,1.46,WARN_WARNING,0.00,,15.80,12.40,504,2.99,45.5,1,0,0.00,0.00,0.00,0.89,0.00,0.00,0,0,0.00,0
2026-04-25 14:56:18,218.05,0,0,0,0,0,0,0,0.00,1,0.00,0.00,0.00,0.00,0.00,P,0.00,0.89,0.76,1.29,1.46,WARN_WARNING,0.00,,13.90,12.60,504,4.00,46.1,1,0,0.00,0.00,0.00,0.89,0.00,0.00,0,0,0.00,0
2026-04-25 14:56:19,219.16,0,0,0,0,0,0,0,0.00,1,0.00,0.00,0.00,0.00,0.00,P,0.00,0.90,0.76,1.29,1.46,WARN_WARNING,0.00,,16.00,12.60,504,1.00,45.0,1,0,0.00,0.00,0.00,0.90,0.00,0.00,0,0,0.00,0
2026-04-25 14:56:20,220.07,0,0,0,0,0,0,0,0.00,1,0.00,0.00,0.00,0.00,0.00,P,0.00,0.90,0.76,1.29,1.46,WARN_WARNING,0.00,,15.40,12.60,504,0.70,46.1,1,0,0.00,0.00,0.00,0.90,0.00,0.00,0,0,0.00,0
2026-04-25 14:56:21,221.08,0,0,0,0,0,0,0,0.00,1,0.00,0.00,0.00,0.00,0.00,P,0.00,0.88,0.76,1.29,1.46,WARN_WARNING,0.00,,14.50,12.40,504,0.40,46.6,1,0,0.00,0.00,0.00,0.88,0.00,0.00,0,0,0.00,0
2026-04-25 14:56:23,222.19,0,0,0,0,0,0,0,0.00,1,0.00,0.00,0.00,0.00,0.00,P,0.00,0.88,0.76,1.30,1.46,WARN_WARNING,0.00,,14.50,12.40,504,1.52,45.0,1,0,0.00,0.00,0.00,0.88,0.00,0.00,0,0,0.00,0
2026-04-25 14:56:23,223.10,0,0,0,0,0,0,0,0.00,1,0.00,0.00,0.00,0.00,0.00,P,0.00,0.90,0.76,1.29,1.46,WARN_WARNING,0.00,,15.80,12.50,504,2.43,44.4,1,0,0.00,0.00,0.00,0.90,0.00,0.00,0,0,0.00,0
2026-04-25 14:56:24,224.11,0,0,0,0,0,0,0,0.00,1,0.00,0.00,0.00,0.00,0.00,P,0.00,0.87,0.76,1.29,1.46,WARN_WARNING,0.00,,15.80,12.70,504,0.73,46.6,1,0,0.00,0.00,0.00,0.87,0.00,0.00,0,0,0.00,0
2026-04-25 14:56:25,225.12,0,0,0,0,0,0,0,0.00,1,0.00,0.00,0.00,0.00,0.00,P,0.00,0.87,0.76,1.29,1.46,WARN_WARNING,0.00,,15.80,12.80,504,1.74,46.1,1,0,0.00,0.00,0.00,0.87,0.00,0.00,0,0,0.00,0
2026-04-25 14:56:26,226.13,0,0,0,0,0,0,0,0.00,1,0.00,0.00,0.00,0.00,0.00,P,0.00,0.88,0.76,1.30,0.94,WARN_WARNING,0.00,,16.40,12.70,504,2.75,46.1,1,0,0.00,0.00,0.00,0.88,0.00,0.00,0,0,0.00,0
2026-04-25 14:56:28,227.25,0,0,0,0,0,0,0,0.00,1,0.00,0.00,0.00,0.00,0.00,P,0.00,0.89,0.76,1.29,0.35,WARN_WARNING,0.00,,15.10,12.80,504,0.71,45.0,1,0,0.00,0.00,0.00,0.89,0.00,0.00,0,0,0.00,0
2026-04-25 14:56:28,228.15,0,0,0,0,0,0,0,0.00,1,0.00,0.00,0.00,0.00,0.00,P,0.00,0.88,0.76,1.29,0.32,WARN_WARNING,0.00,,13.70,13.10,504,1.62,46.1,1,0,0.00,0.00,0.00,0.88,0.00,0.00,0,0,0.00,0
2026-04-25 14:56:29,229.16,0,0,0,0,0,0,0,0.00,1,0.00,0.00,0.00,0.00,0.00,P,0.00,0.88,0.76,1.29,0.28,WARN_WARNING,0.00,,14.90,12.90,504,0.66,45.5,1,0,0.00,0.00,0.00,0.88,0.00,0.00,0,0,0.00,0
2026-04-25 14:56:31,230.18,0,0,0,0,0,0,0,0.00,1,0.00,0.00,0.00,0.00,0.00,P,0.00,0.89,0.76,1.24,0.24,WARN_WARNING,0.00,,14.70,12.80,504,1.68,46.6,1,0,0.00,0.00,0.00,0.89,0.00,0.00,0,0,0.00,0
2026-04-25 14:56:32,231.29,0,0,0,0,0,0,0,0.00,1,0.00,0.00,0.00,0.00,0.00,P,0.00,0.88,0.76,1.30,0.21,WARN_WARNING,0.00,,14.90,12.60,504,2.79,44.4,1,0,0.00,0.00,0.00,0.88,0.00,0.00,0,0,0.00,0
2026-04-25 14:56:33,232.19,0,0,0,0,0,0,0,0.00,1,0.00,0.00,0.00,0.00,0.00,P,0.00,0.78,0.76,0.24,0.23,WARN_WARNING,0.00,,14.50,12.60,504,0.26,46.1,1,0,0.00,0.00,0.00,0.78,0.00,0.00,0,0,0.00,0
2026-04-25 14:56:34,233.21,0,0,0,0,0,0,0,0.00,1,0.00,0.00,0.00,0.00,0.00,P,0.00,0.89,0.76,1.29,0.28,WARN_WARNING,0.00,,15.10,12.60,504,1.27,46.1,1,0,0.00,0.00,0.00,0.89,0.00,0.00,0,0,0.00,0
2026-04-25 14:56:35,234.22,0,0,0,0,0,0,0,0.00,1,0.00,0.00,0.00,0.00,0.00,P,0.00,0.89,0.76,1.30,0.05,WARN_WARNING,0.00,,14.90,12.60,504,2.29,46.1,1,0,0.00,0.00,0.00,0.89,0.00,0.00,0,0,0.00,0
2026-04-25 14:56:36,235.23,0,0,0,0,0,0,0,0.00,1,0.00,0.00,0.00,0.00,0.00,P,0.00,0.87,0.76,0.14,0.13,WARN_WARNING,0.00,,14.80,12.50,504,3.30,45.5,1,0,0.00,0.00,0.00,0.87,0.00,0.00,0,0,0.00,0
2026-04-25 14:56:37,236.24,0,0,0,0,0,0,0,0.00,1,0.00,0.00,0.00,0.00,0.00,P,0.00,0.88,0.76,1.29,0.12,WARN_WARNING,0.00,,13.60,12.50,504,0.22,46.1,1,0,0.00,0.00,0.00,0.88,0.00,0.00,0,0,0.00,0
2026-04-25 14:56:38,237.35,0,0,0,0,0,0,0,0.00,1,0.00,0.00,0.00,0.00,0.00,P,0.00,0.12,0.76,0.12,0.12,STOP_WARNING,0.00,aeb_stop,14.20,12.40,504,0.24,46.1,1,1,0.00,0.00,0.00,0.12,0.00,0.00,0,0,0.00,0
2026-04-25 14:56:39,238.26,0,0,0,0,0,0,0,0.00,1,0.00,0.00,0.00,0.00,0.00,P,0.00,0.12,0.76,0.11,0.11,STOP_WARNING,0.00,aeb_stop,15.40,12.40,504,1.15,45.0,1,1,0.00,0.00,0.00,0.12,0.00,0.00,0,0,0.00,0
2026-04-25 14:56:40,239.37,0,0,0,0,0,0,0,0.00,1,0.00,0.00,0.00,0.00,0.00,P,0.00,0.87,0.76,1.31,0.12,WARN_WARNING,0.00,,15.60,12.40,504,0.05,46.1,1,0,0.00,0.00,0.00,0.87,0.00,0.00,0,0,0.00,0
2026-04-25 14:56:41,240.28,0,0,0,0,0,0,0,0.00,1,0.00,0.00,0.00,0.00,0.00,P,0.00,0.87,0.76,1.30,0.19,WARN_WARNING,0.00,,14.30,12.30,504,0.96,46.6,1,0,0.00,0.00,0.00,0.87,0.00,0.00,0,0,0.00,0
2026-04-25 14:56:42,241.39,0,0,0,0,0,0,0,0.00,1,0.00,0.00,0.00,0.00,0.00,P,0.00,0.87,0.76,1.31,0.29,WARN_WARNING,0.00,,14.90,12.30,504,2.07,45.5,1,0,0.00,0.00,0.00,0.87,0.00,0.00,0,0,0.00,0
2026-04-25 14:56:43,242.29,0,0,0,0,0,0,0,0.00,1,0.00,0.00,0.00,0.00,0.00,P,0.00,0.89,0.76,0.17,0.16,WARN_WARNING,0.00,,13.90,12.30,504,2.97,46.1,1,0,0.00,0.00,0.00,0.89,0.00,0.00,0,0,0.00,0
2026-04-25 14:56:44,243.31,0,0,0,0,0,0,0,0.00,1,0.00,0.00,0.00,0.00,0.00,P,0.00,0.87,0.76,0.15,0.03,WARN_WARNING,0.00,,14.70,12.20,504,3.98,46.6,1,0,0.00,0.00,0.00,0.87,0.00,0.00,0,0,0.00,0
2026-04-25 14:56:45,244.32,0,0,0,0,0,0,0,0.00,1,0.00,0.00,0.00,0.00,0.00,P,0.00,0.88,0.76,1.30,0.21,WARN_WARNING,0.00,,16.00,12.10,504,0.59,45.5,1,0,0.00,0.00,0.00,0.88,0.00,0.00,0,0,0.00,0
2026-04-25 14:56:46,245.43,0,0,0,0,0,0,0,0.00,1,0.00,0.00,0.00,0.00,0.00,P,0.00,0.89,0.76,0.17,0.04,WARN_WARNING,0.00,,15.40,12.20,504,1.70,45.5,1,0,0.00,0.00,0.00,0.89,0.00,0.00,0,0,0.00,0
2026-04-25 14:56:47,246.33,0,0,0,0,0,0,0,0.00,1,0.00,0.00,0.00,0.00,0.00,P,0.00,0.89,0.76,0.14,0.02,WARN_WARNING,0.00,,13.40,12.20,504,2.60,46.6,1,0,0.00,0.00,0.00,0.89,0.00,0.00,0,0,0.00,0
2026-04-25 14:56:48,247.34,0,0,0,0,0,0,0,0.00,1,0.00,0.00,0.00,0.00,0.00,P,0.00,0.87,0.76,0.14,0.04,WARN_WARNING,0.00,,14.90,12.10,504,3.61,46.6,1,0,0.00,0.00,0.00,0.87,0.00,0.00,0,0,0.00,0
2026-04-25 14:56:49,248.34,0,0,0,0,0,0,0,0.00,1,0.00,0.00,0.00,0.00,0.00,P,0.00,0.87,0.03,0.14,0.03,WARN_WARNING,0.00,,14.70,12.10,504,4.61,46.1,1,0,0.00,0.00,0.00,0.87,0.00,0.00,0,0,0.00,0
2026-04-25 14:56:50,249.36,0,0,0,0,0,0,0,0.00,1,0.00,0.00,0.00,0.00,0.00,P,0.00,0.88,0.76,0.14,0.03,WARN_WARNING,0.00,,15.10,12.10,504,5.63,45.5,1,0,0.00,0.00,0.00,0.88,0.00,0.00,0,0,0.00,0
2026-04-25 14:56:51,250.37,0,0,0,0,0,0,0,0.00,1,0.00,0.00,0.00,0.00,0.00,P,0.00,0.90,0.76,0.17,0.09,WARN_WARNING,0.00,,15.80,12.10,504,0.03,46.1,1,0,0.00,0.00,0.00,0.90,0.00,0.00,0,0,0.00,0
2026-04-25 14:56:52,251.38,0,0,0,0,0,0,0,0.00,1,0.00,0.00,0.00,0.00,0.00,P,0.00,0.88,0.76,0.18,0.18,WARN_WARNING,0.00,,15.30,12.10,504,0.24,45.5,1,0,0.00,0.00,0.00,0.88,0.00,0.00,0,0,0.00,0
2026-04-25 14:56:53,252.39,0,0,0,0,0,0,0,0.00,1,0.00,0.00,0.00,0.00,0.00,P,0.00,0.88,0.76,0.16,0.07,WARN_WARNING,0.00,,15.80,12.10,504,0.69,45.0,1,0,0.00,0.00,0.00,0.88,0.00,0.00,0,0,0.00,0
2026-04-25 14:56:54,253.41,0,0,0,0,0,0,0,0.00,1,0.00,0.00,0.00,0.00,0.00,P,0.00,0.86,0.76,0.14,0.04,WARN_WARNING,0.00,,13.80,12.10,504,0.90,44.4,1,0,0.00,0.00,0.00,0.86,0.00,0.00,0,0,0.00,0
2026-04-25 14:56:55,254.41,0,0,0,0,0,0,0,0.00,1,0.00,0.00,0.00,0.00,0.00,P,0.00,0.89,0.76,0.15,0.04,WARN_WARNING,0.00,,15.90,12.10,504,1.90,45.5,1,0,0.00,0.00,0.00,0.89,0.00,0.00,0,0,0.00,0
2026-04-25 14:56:56,255.42,0,0,0,0,0,0,0,0.00,1,0.00,0.00,0.00,0.00,0.00,P,0.00,0.77,0.76,0.15,0.05,WARN_WARNING,0.00,,15.50,12.10,504,2.91,46.6,1,0,0.00,0.00,0.00,0.77,0.00,0.00,0,0,0.00,0
2026-04-25 14:56:57,256.44,0,0,0,0,0,0,0,0.00,1,0.00,0.00,0.00,0.00,0.00,P,0.00,0.87,0.76,1.27,0.14,WARN_WARNING,0.00,,14.70,12.10,504,0.93,44.4,1,0,0.00,0.00,0.00,0.87,0.00,0.00,0,0,0.00,0
2026-04-25 14:56:58,257.45,0,0,0,0,0,0,0,0.00,1,0.00,0.00,0.00,0.00,0.00,P,0.00,0.09,0.76,0.08,0.09,STOP_WARNING,0.00,aeb_stop,14.90,12.10,504,1.95,45.0,1,1,0.00,0.00,0.00,0.09,0.00,0.00,0,0,0.00,0
2026-04-25 14:56:59,258.47,0,0,0,0,0,0,0,0.00,1,0.00,0.00,0.00,0.00,0.00,P,0.00,0.11,0.75,0.09,0.08,STOP_WARNING,0.00,aeb_stop,15.20,12.10,504,2.96,46.1,1,1,0.00,0.00,0.00,0.11,0.00,0.00,0,0,0.00,0
2026-04-25 14:57:00,259.48,0,0,0,0,0,0,0,0.00,1,0.00,0.00,0.00,0.00,0.00,P,0.00,0.11,0.75,0.08,0.08,STOP_WARNING,0.00,aeb_stop,14.70,12.10,504,0.82,45.5,1,1,0.00,0.00,0.00,0.11,0.00,0.00,0,0,0.00,0
2026-04-25 14:57:01,260.49,0,0,0,0,0,0,0,0.00,1,0.00,0.00,0.00,0.00,0.00,P,0.00,0.89,0.76,1.30,0.10,WARN_WARNING,0.00,,15.20,12.10,504,1.83,45.0,1,0,0.00,0.00,0.00,0.89,0.00,0.00,0,0,0.00,0
2026-04-25 14:57:02,261.51,0,0,0,0,0,0,0,0.00,1,0.00,0.00,0.00,0.00,0.00,P,0.00,0.12,0.76,0.12,0.10,STOP_WARNING,0.00,aeb_stop,15.30,12.10,504,0.12,43.9,1,1,0.00,0.00,0.00,0.12,0.00,0.00,0,0,0.00,0
2026-04-25 14:57:03,262.52,0,0,0,0,0,0,0,0.00,1,0.00,0.00,0.00,0.00,0.00,P,0.00,0.88,0.76,1.31,0.10,WARN_WARNING,0.00,,14.30,12.10,504,0.02,45.0,1,0,0.00,0.00,0.00,0.88,0.00,0.00,0,0,0.00,0
2026-04-25 14:57:04,263.63,0,0,0,0,0,0,0,0.00,1,0.00,0.00,0.00,0.00,0.00,P,0.00,0.89,0.77,1.33,0.12,WARN_WARNING,0.00,,16.40,12.10,504,1.13,46.6,1,0,0.00,0.00,0.00,0.89,0.00,0.00,0,0,0.00,0
2026-04-25 14:57:05,264.54,0,0,0,0,0,0,0,0.00,1,0.00,0.00,0.00,0.00,0.00,P,0.00,0.90,0.77,1.33,0.12,WARN_WARNING,0.00,,13.90,12.10,504,2.03,46.6,1,0,0.00,0.00,0.00,0.90,0.00,0.00,0,0,0.00,0
2026-04-25 14:57:06,265.65,0,0,0,0,0,0,0,0.00,1,0.00,0.00,0.00,0.00,0.00,P,0.00,0.89,0.76,1.30,0.14,WARN_WARNING,0.00,,14.10,12.10,504,0.52,45.5,1,0,0.00,0.00,0.00,0.89,0.00,0.00,0,0,0.00,0
2026-04-25 14:57:07,266.55,0,0,0,0,0,0,0,0.00,1,0.00,0.00,0.00,0.00,0.00,P,0.00,0.89,0.76,0.19,0.19,WARN_WARNING,0.00,,13.70,12.10,504,1.42,46.1,1,0,0.00,0.00,0.00,0.89,0.00,0.00,0,0,0.00,0
2026-04-25 14:57:08,267.56,0,0,0,0,0,0,0,0.00,1,0.00,0.00,0.00,0.00,0.00,P,0.00,0.88,0.76,1.30,0.06,WARN_WARNING,0.00,,14.20,12.10,504,2.43,45.5,1,0,0.00,0.00,0.00,0.88,0.00,0.00,0,0,0.00,0
2026-04-25 14:57:09,268.57,0,0,0,0,0,0,0,0.00,1,0.00,0.00,0.00,0.00,0.00,P,0.00,0.10,0.09,1.30,0.11,STOP_WARNING,0.00,aeb_stop,13.60,12.10,504,3.44,46.1,1,1,0.00,0.00,0.00,0.10,0.00,0.00,0,0,0.00,0
2026-04-25 14:57:10,269.58,0,0,0,0,0,0,0,0.00,1,0.00,0.00,0.00,0.00,0.00,P,0.00,0.89,0.76,1.30,0.07,WARN_WARNING,0.00,,15.10,12.00,504,4.46,45.5,1,0,0.00,0.00,0.00,0.89,0.00,0.00,0,0,0.00,0
2026-04-25 14:57:11,270.60,0,0,0,0,0,0,0,0.00,1,0.00,0.00,0.00,0.00,0.00,P,0.00,0.89,0.76,1.30,0.04,WARN_WARNING,0.00,,15.20,12.10,504,5.47,46.1,1,0,0.00,0.00,0.00,0.89,0.00,0.00,0,0,0.00,0
2026-04-25 14:57:12,271.61,0,0,0,0,0,0,0,0.00,1,0.00,0.00,0.00,0.00,0.00,P,0.00,0.88,0.76,1.32,0.03,WARN_WARNING,0.00,,14.60,12.10,504,6.48,44.4,1,0,0.00,0.00,0.00,0.88,0.00,0.00,0,0,0.00,0
2026-04-25 14:57:13,272.62,0,0,0,0,0,0,0,0.00,1,0.00,0.00,0.00,0.00,0.00,P,0.00,0.89,0.76,1.31,0.06,WARN_WARNING,0.00,,15.40,12.00,504,0.03,45.5,1,0,0.00,0.00,0.00,0.89,0.00,0.00,0,0,0.00,0
2026-04-25 14:57:14,273.63,0,0,0,0,0,0,0,0.00,1,0.00,0.00,0.00,0.00,0.00,P,0.00,0.90,0.76,1.33,0.06,WARN_WARNING,0.00,,13.70,12.00,504,0.98,45.5,1,0,0.00,0.00,0.00,0.90,0.00,0.00,0,0,0.00,0
2026-04-25 14:57:15,274.64,0,0,0,0,0,0,0,0.00,1,0.00,0.00,0.00,0.00,0.00,P,0.00,0.90,0.77,1.33,0.05,WARN_WARNING,0.00,,15.10,12.00,504,0.51,45.5,1,0,0.00,0.00,0.00,0.90,0.00,0.00,0,0,0.00,0
2026-04-25 14:57:16,275.75,0,0,0,0,0,0,0,0.00,1,0.00,0.00,0.00,0.00,0.00,P,0.00,0.90,0.77,1.33,0.05,WARN_WARNING,0.00,,14.50,12.00,504,0.02,45.0,1,0,0.00,0.00,0.00,0.90,0.00,0.00,0,0,0.00,0
2026-04-25 14:57:17,276.65,0,0,0,0,0,0,0,0.00,1,0.00,0.00,0.00,0.00,0.00,P,0.00,0.89,0.77,1.32,0.06,WARN_WARNING,0.00,,14.10,12.00,504,0.45,45.0,1,0,0.00,0.00,0.00,0.89,0.00,0.00,0,0,0.00,0
2026-04-25 14:57:18,277.67,0,0,0,0,0,0,0,0.00,1,0.00,0.00,0.00,0.00,0.00,P,0.00,0.90,0.77,1.32,0.06,WARN_WARNING,0.00,,14.70,12.00,504,0.18,45.5,1,0,0.00,0.00,0.00,0.90,0.00,0.00,0,0,0.00,0
2026-04-25 14:57:19,278.68,0,0,0,0,0,0,0,0.00,1,0.00,0.00,0.00,0.00,0.00,P,0.00,0.89,0.77,1.32,0.04,WARN_WARNING,0.00,,14.30,12.10,504,1.20,45.0,1,0,0.00,0.00,0.00,0.89,0.00,0.00,0,0,0.00,0
2026-04-25 14:57:20,279.79,0,0,0,0,0,0,0,0.00,1,0.00,0.00,0.00,0.00,0.00,P,0.00,0.89,0.77,1.31,0.04,WARN_WARNING,0.00,,15.40,12.10,504,0.34,45.5,1,0,0.00,0.00,0.00,0.89,0.00,0.00,0,0,0.00,0
2026-04-25 14:57:21,280.70,0,0,0,0,0,0,0,0.00,1,0.00,0.00,0.00,0.00,0.00,P,0.00,0.89,0.12,0.10,0.07,WARN_WARNING,0.00,,14.50,12.10,504,1.25,46.1,1,0,0.00,0.00,0.00,0.89,0.00,0.00,0,0,0.00,0
2026-04-25 14:57:22,281.81,0,0,0,0,0,0,0,0.00,1,0.00,0.00,0.00,0.00,0.00,P,0.00,0.90,0.76,1.32,0.05,WARN_WARNING,0.00,,15.80,12.00,504,2.36,46.6,1,0,0.00,0.00,0.00,0.90,0.00,0.00,0,0,0.00,0
2026-04-25 14:57:23,282.71,0,0,0,0,0,0,0,0.00,1,0.00,0.00,0.00,0.00,0.00,P,0.00,0.89,0.76,1.31,0.04,WARN_WARNING,0.00,,14.50,12.00,504,3.27,46.6,1,0,0.00,0.00,0.00,0.89,0.00,0.00,0,0,0.00,0
2026-04-25 14:57:24,283.73,0,0,0,0,0,0,0,0.00,1,0.00,0.00,0.00,0.00,0.00,P,0.00,0.89,0.76,1.31,0.05,WARN_WARNING,0.00,,14.20,12.00,504,4.28,46.1,1,0,0.00,0.00,0.00,0.89,0.00,0.00,0,0,0.00,0
2026-04-25 14:57:25,284.73,0,0,0,0,0,0,0,0.00,1,0.00,0.00,0.00,0.00,0.00,P,0.00,0.90,0.76,1.31,0.22,WARN_WARNING,0.00,,15.40,12.00,504,5.28,45.5,1,0,0.00,0.00,0.00,0.90,0.00,0.00,0,0,0.00,0
2026-04-25 14:57:26,285.74,0,0,0,0,0,0,0,0.00,1,0.00,0.00,0.00,0.00,0.00,P,0.00,0.90,0.77,1.31,0.43,WARN_WARNING,0.00,,14.70,12.10,504,6.30,46.6,1,0,0.00,0.00,0.00,0.90,0.00,0.00,0,0,0.00,0
2026-04-25 14:57:27,286.76,0,0,0,0,0,0,0,0.00,1,0.00,0.00,0.00,0.00,0.00,P,0.00,0.90,0.76,0.44,0.39,WARN_WARNING,0.00,,15.40,12.10,504,7.31,45.5,1,0,0.00,0.00,0.00,0.90,0.00,0.00,0,0,0.00,0
2026-04-25 14:57:28,287.76,0,0,0,0,0,0,0,0.00,1,0.00,0.00,0.00,0.00,0.00,P,0.00,0.90,0.76,0.66,0.42,WARN_WARNING,0.00,,13.40,12.10,504,0.94,45.5,1,0,0.00,0.00,0.00,0.90,0.00,0.00,0,0,0.00,0
2026-04-25 14:57:29,288.78,0,0,0,0,0,0,0,0.00,1,0.00,0.00,0.00,0.00,0.00,P,0.00,0.90,0.76,0.57,0.45,WARN_WARNING,0.00,,16.00,12.10,504,1.96,46.1,1,0,0.00,0.00,0.00,0.90,0.00,0.00,0,0,0.00,0
2026-04-25 14:57:30,289.89,0,0,0,0,0,0,0,0.00,1,0.00,0.00,0.00,0.00,0.00,P,0.00,0.90,0.76,0.51,0.35,WARN_WARNING,0.00,,14.70,12.10,504,0.56,46.1,1,0,0.00,0.00,0.00,0.90,0.00,0.00,0,0,0.00,0
2026-04-25 14:57:31,290.79,0,0,1,0,0,0,0,0.00,0,0.00,0.00,0.00,0.00,0.00,N,0.00,0.90,0.77,1.32,0.38,WARN_WARNING,0.00,,14.80,12.10,504,0.42,46.1,1,0,0.00,0.00,0.00,0.90,0.00,0.00,0,0,0.00,0
2026-04-25 14:57:32,291.90,0,0,1,0,0,0,0,0.00,0,0.00,0.00,0.00,0.00,0.00,D,0.00,0.89,0.76,1.31,0.32,WARN_WARNING,0.00,,14.50,12.10,504,1.53,46.1,1,0,0.00,0.00,0.00,0.89,0.00,0.00,0,0,0.00,0
2026-04-25 14:57:33,292.81,0,0,0,0,0,0,0,0.00,0,0.00,0.00,0.00,0.00,0.00,D,0.00,0.90,0.77,1.31,0.21,WARN_WARNING,0.00,,15.00,12.10,504,2.44,45.0,1,0,0.00,0.00,0.00,0.90,0.00,0.00,0,0,0.00,0
2026-04-25 14:57:34,293.82,0,0,0,0,0,0,0,0.00,0,0.00,0.00,0.00,0.00,0.00,D,0.00,0.91,1.74,0.84,0.14,WARN_WARNING,0.00,,16.20,12.10,504,0.82,43.9,1,0,0.00,0.00,0.00,0.91,0.00,0.00,0,0,0.00,0
2026-04-25 14:57:35,294.83,0,0,0,0,0,0,0,0.00,0,1.00,1.05,0.00,1.05,0.50,D,0.00,1.78,0.89,1.02,0.20,^,0.00,,15.90,12.10,504,0.00,45.0,1,0,0.00,0.00,0.00,1.78,0.00,0.00,0,0,0.00,0
2026-04-25 14:57:36,295.95,0,0,0,0,0,0,0,0.00,0,1.00,3.92,0.01,3.92,1.00,D,0.00,2.20,0.33,1.02,0.20,^,0.00,,17.30,12.10,504,0.00,45.0,1,0,0.00,0.00,0.00,2.20,0.00,0.00,0,0,0.00,0
2026-04-25 14:57:37,296.85,0,0,0,0,0,0,0,0.00,0,1.00,4.39,0.02,4.39,1.00,D,0.00,2.32,0.86,0.94,0.22,^,0.00,,18.60,12.10,504,0.00,46.6,1,0,0.00,0.00,0.00,2.32,0.00,0.00,0,0,0.00,0
2026-04-25 14:57:38,297.87,0,0,0,0,0,0,0,0.00,0,1.00,4.40,0.04,3.28,1.00,D,0.00,1.39,0.80,0.96,0.70,WARN_WARNING,0.00,,17.90,12.10,504,0.00,45.5,1,0,0.00,0.00,0.00,1.39,0.00,0.00,0,0,0.00,0
2026-04-25 14:57:39,298.88,0,0,0,0,0,0,0,0.00,0,1.00,4.40,0.05,4.09,1.00,D,0.00,2.57,0.71,1.28,0.65,^,0.00,,19.30,12.10,504,0.00,46.1,1,0,0.00,0.00,0.00,2.57,0.00,0.00,0,0,0.00,0
2026-04-25 14:57:40,299.89,0,0,0,0,0,0,0,0.00,0,1.00,4.40,0.06,3.99,1.00,D,0.00,12.00,12.00,1.16,1.15,^,0.00,,16.90,12.10,504,0.00,46.1,1,0,0.00,0.00,0.00,12.00,0.00,0.00,0,0,0.00,0
2026-04-25 14:57:41,300.91,0,0,0,0,0,0,0,0.00,0,1.00,4.40,0.08,4.14,1.00,D,0.00,3.11,4.46,1.52,1.41,^,0.00,,17.10,12.10,504,0.00,43.9,1,0,0.00,0.00,0.00,3.11,0.00,0.00,0,0,0.00,0
2026-04-25 14:57:42,301.92,0,0,0,0,0,0,0,0.00,0,1.00,4.40,0.09,4.12,1.00,D,0.00,12.00,12.00,1.62,2.21,^,0.00,,16.90,12.10,504,0.00,45.0,1,0,0.00,0.00,0.00,12.00,0.00,0.00,0,0,0.00,0
2026-04-25 14:57:43,302.93,0,0,0,0,0,0,0,0.00,0,1.00,4.47,0.10,4.47,1.00,D,0.00,12.00,12.00,12.00,1.66,^,0.00,,17.90,12.10,504,0.00,45.0,1,0,0.00,0.00,0.00,12.00,0.00,0.00,0,0,0.00,0
2026-04-25 14:57:44,303.95,0,0,0,0,0,0,0,0.00,0,1.00,4.86,0.12,4.86,1.00,D,0.00,12.00,12.00,12.00,2.54,^,0.00,,17.70,12.10,504,0.00,45.5,1,0,0.00,0.00,0.00,12.00,0.00,0.00,0,0,0.00,0
2026-04-25 14:57:45,304.95,0,0,0,0,0,0,0,-0.45,0,1.00,4.95,0.13,4.95,1.00,D,0.00,12.00,12.00,12.00,12.00,^,0.00,,16.40,12.20,504,0.00,45.0,1,0,0.00,0.00,0.00,12.00,0.00,0.00,0,0,0.00,0
2026-04-25 14:57:46,305.96,0,0,0,0,0,0,0,0.00,0,1.00,4.95,0.15,3.50,1.00,D,0.00,12.00,12.00,12.00,11.64,^,0.00,,16.70,12.10,504,0.00,46.1,1,0,0.00,0.00,0.00,12.00,0.00,0.00,0,0,0.00,0
2026-04-25 14:57:47,306.97,0,0,0,0,0,0,0,0.00,1,0.00,4.95,0.16,1.44,0.00,D,0.00,12.00,12.00,12.00,12.14,^,0.00,,17.60,12.10,504,0.00,46.1,1,0,0.00,0.00,0.00,12.00,0.00,0.00,0,0,0.00,0
2026-04-25 14:57:48,308.08,0,0,0,0,0,0,0,0.00,0,0.00,4.95,0.16,0.00,0.00,D,0.00,12.00,12.00,12.00,12.13,^,0.00,,14.60,12.10,504,0.67,46.1,1,0,0.00,0.00,0.00,12.00,0.00,0.00,0,0,0.00,0
2026-04-25 14:57:49,308.99,0,0,0,0,0,0,0,0.00,0,0.00,4.95,0.16,0.00,0.00,D,0.00,12.00,12.00,12.00,1.50,^,0.00,,14.20,12.10,504,1.57,45.0,1,0,0.00,0.00,0.00,12.00,0.00,0.00,0,0,0.00,0
2026-04-25 14:57:50,310.10,1,0,0,0,0,0,0,-0.27,0,0.20,4.95,0.16,0.00,0.12,D,0.00,12.00,12.00,12.00,0.65,^,-16.48,,14.90,12.10,504,2.69,45.5,1,0,0.00,0.00,0.00,12.00,-0.27,1.00,0,0,0.00,0
2026-04-25 14:57:51,311.00,1,0,0,0,0,0,0,-0.18,0,1.00,4.95,0.16,0.00,0.43,D,0.00,12.00,12.00,12.00,0.56,^,-11.07,,14.60,12.10,504,3.59,45.0,1,0,0.00,0.00,0.00,12.00,-0.18,1.00,0,0,0.00,0
2026-04-25 14:57:52,312.11,1,0,0,0,0,0,0,0.03,0,1.00,4.95,0.16,1.39,0.94,D,0.00,12.00,12.00,12.00,0.68,^,2.07,,14.80,12.10,504,0.00,45.0,1,0,0.00,0.00,0.00,12.00,0.03,1.00,0,0,0.00,0
2026-04-25 14:57:53,313.02,1,0,0,0,0,0,0,-0.10,0,1.00,4.95,0.17,3.41,1.00,D,0.00,12.00,12.00,12.00,1.52,^,-5.95,,16.80,12.10,504,0.00,46.1,1,0,0.00,0.00,0.00,12.00,-0.10,1.00,0,0,0.00,0
2026-04-25 14:57:54,314.03,1,0,0,0,0,0,0,0.04,0,1.00,4.95,0.18,3.69,1.00,D,0.00,12.00,12.00,12.00,2.12,^,2.70,,15.80,12.10,504,0.00,45.5,1,0,0.00,0.00,0.00,12.00,0.04,1.00,0,0,0.00,0
2026-04-25 14:57:55,315.05,1,0,0,0,0,0,0,-0.07,0,1.00,4.95,0.19,3.42,1.00,D,0.00,2.59,12.00,2.92,2.40,^,-4.07,,14.40,12.10,504,0.00,47.2,1,0,0.00,0.00,0.00,2.59,-0.07,1.00,0,0,0.00,0
2026-04-25 14:57:56,316.16,1,0,0,0,0,0,0,-0.05,0,1.00,4.95,0.20,2.76,0.78,D,0.00,12.00,1.27,1.94,4.14,^,-3.24,,15.20,12.20,504,0.00,47.2,1,0,0.00,0.00,0.00,12.00,-0.05,1.00,0,0,0.00,0
2026-04-25 14:57:57,317.06,1,0,0,0,0,0,0,0.22,0,1.00,4.95,0.21,1.95,0.59,D,0.00,3.77,1.11,1.31,1.05,^,13.31,,14.40,12.20,504,0.00,45.5,1,0,0.00,0.00,0.00,3.77,0.22,1.00,0,0,0.00,0
2026-04-25 14:57:58,318.08,1,0,0,0,0,0,0,0.11,0,1.00,4.95,0.21,2.60,1.00,D,0.00,2.90,12.00,0.83,1.33,^,6.80,,13.00,12.20,504,0.00,47.7,1,0,0.00,0.00,0.00,2.90,0.11,1.00,0,0,0.00,0
2026-04-25 14:57:59,319.09,1,0,0,0,0,0,0,-0.29,0,0.20,4.95,0.22,3.46,0.93,D,0.00,1.54,12.00,12.00,1.59,WARN_WARNING,-17.28,,15.40,12.20,504,0.00,46.1,1,0,0.00,0.00,0.00,1.54,-0.29,1.00,0,0,0.00,0
2026-04-25 14:58:00,320.10,1,0,0,0,0,0,0,-0.20,0,1.00,4.95,0.23,1.50,0.26,D,0.00,12.00,12.00,0.56,1.45,^,-12.14,,17.50,12.20,504,0.00,46.6,1,0,0.00,0.00,0.00,12.00,-0.20,1.00,0,0,0.00,0
2026-04-25 14:58:02,321.21,1,0,0,0,0,0,0,-0.27,0,0.20,4.95,0.23,0.74,0.72,D,0.00,12.00,12.00,0.49,0.46,^,-16.00,,16.40,12.20,504,0.00,47.2,1,0,0.00,0.00,0.00,12.00,-0.27,1.00,0,0,0.00,0
2026-04-25 14:58:02,322.11,1,0,0,0,0,0,0,0.43,0,0.20,4.95,0.23,3.13,0.99,D,0.00,12.00,13.40,12.00,0.94,^,26.06,,16.90,12.20,504,0.00,46.6,1,0,0.00,0.00,0.00,12.00,0.43,1.00,0,0,0.00,0
2026-04-25 14:58:03,323.11,1,0,0,0,0,0,0,-0.04,0,1.00,4.95,0.24,2.78,0.96,D,0.00,12.00,13.44,12.00,1.49,^,-2.70,,17.10,12.20,504,0.00,46.1,1,0,0.00,0.00,0.00,12.00,-0.04,1.00,0,0,0.00,0
2026-04-25 14:58:04,324.13,1,0,0,0,0,0,0,0.07,0,1.00,4.95,0.25,3.42,1.00,D,0.00,12.00,13.02,12.00,1.67,^,4.10,,16.70,12.10,504,0.00,46.6,1,0,0.00,0.00,0.00,12.00,0.07,1.00,0,0,0.00,0
2026-04-25 14:58:05,325.14,1,0,0,0,0,0,0,0.04,0,1.00,4.95,0.26,3.64,1.00,D,0.00,12.00,12.00,12.00,1.96,^,2.13,,18.00,12.10,504,0.00,45.0,1,0,0.00,0.00,0.00,12.00,0.04,1.00,0,0,0.00,0
2026-04-25 14:58:07,326.25,1,0,0,0,0,0,0,0.12,0,1.00,4.95,0.27,3.61,1.00,D,0.00,12.00,12.00,12.00,2.01,^,7.40,,16.90,12.10,504,0.00,46.1,1,0,0.00,0.00,0.00,12.00,0.12,1.00,0,0,0.00,0
2026-04-25 14:58:07,327.16,1,0,0,0,0,0,0,0.10,0,1.00,4.95,0.28,3.49,1.00,D,0.00,12.00,12.00,12.00,2.03,^,6.16,,15.30,12.10,504,0.00,46.1,1,0,0.00,0.00,0.00,12.00,0.10,1.00,0,0,0.00,0
2026-04-25 14:58:08,328.16,1,0,0,0,0,0,0,0.23,0,1.00,4.95,0.29,3.22,0.87,D,0.00,12.00,12.00,12.00,2.01,^,14.02,,14.50,12.10,504,0.00,46.6,1,0,0.00,0.00,0.00,12.00,0.23,1.00,0,0,0.00,0
2026-04-25 14:58:09,329.17,1,0,0,0,0,0,0,0.06,0,1.00,4.95,0.30,3.49,1.00,D,0.00,12.00,3.02,12.00,2.06,^,3.51,,13.70,12.20,504,0.00,46.1,1,0,0.00,0.00,0.00,12.00,0.06,1.00,0,0,0.00,0
2026-04-25 14:58:11,330.19,0,0,0,0,0,0,0,0.00,1,1.00,4.95,0.31,1.23,0.00,D,0.00,12.00,2.77,12.00,2.26,^,0.00,,13.20,12.20,504,0.00,47.2,1,0,0.00,0.00,0.00,12.00,0.00,0.00,0,0,0.00,0
2026-04-25 14:58:12,331.20,0,0,0,0,0,0,0,0.00,0,1.00,4.95,0.31,0.00,0.28,D,0.00,12.00,2.75,12.00,1.31,^,0.00,,13.10,12.20,504,0.66,46.6,1,0,0.00,0.00,0.00,12.00,0.00,0.00,0,0,0.00,0
2026-04-25 14:58:13,332.21,0,0,0,0,0,0,0,0.00,0,1.00,4.95,0.31,0.38,0.79,D,0.00,12.00,2.76,12.00,1.02,^,0.00,,13.00,12.10,504,0.00,45.5,1,0,0.00,0.00,0.00,12.00,0.00,0.00,0,0,0.00,0
2026-04-25 14:58:14,333.22,0,0,0,0,0,0,0,0.00,0,1.00,4.95,0.32,3.33,1.00,D,0.00,12.00,2.56,12.00,1.58,^,0.00,,16.00,12.20,504,0.00,46.6,1,0,0.00,0.00,0.00,12.00,0.00,0.00,0,0,0.00,0
2026-04-25 14:58:15,334.23,0,0,0,0,0,0,0,0.00,0,1.00,4.95,0.33,3.66,1.00,D,0.00,12.00,2.09,12.00,2.45,^,0.00,,16.10,12.10,504,0.00,46.6,1,0,0.00,0.00,0.00,12.00,0.00,0.00,0,0,0.00,0
2026-04-25 14:58:16,335.24,0,0,0,0,0,0,0,0.00,0,1.00,4.95,0.33,3.57,1.00,D,0.00,12.00,12.00,12.00,2.31,^,0.00,,16.30,12.10,504,0.00,46.6,1,0,0.00,0.00,0.00,12.00,0.00,0.00,0,0,0.00,0
2026-04-25 14:58:17,336.36,0,0,0,0,0,0,0,0.00,0,1.00,4.95,0.34,3.59,1.00,D,0.00,12.00,12.00,12.00,12.00,^,0.00,,18.00,12.10,504,0.00,46.6,1,0,0.00,0.00,0.00,12.00,0.00,0.00,0,0,0.00,0
2026-04-25 14:58:18,337.26,0,0,0,0,0,0,0,0.00,0,1.00,4.95,0.35,3.61,1.00,D,0.00,3.55,12.00,12.00,12.00,^,0.00,,18.30,12.10,504,0.00,45.5,1,0,0.00,0.00,0.00,3.55,0.00,0.00,0,0,0.00,0
2026-04-25 14:58:19,338.27,0,0,0,0,0,0,0,0.00,0,1.00,4.95,0.36,0.02,0.02,D,0.00,3.14,12.00,12.00,1.69,^,0.00,,15.70,12.10,504,0.01,45.5,1,0,0.00,0.00,0.00,3.14,0.00,0.00,0,0,0.00,0
2026-04-25 14:58:20,339.29,0,0,0,1,0,0,0,0.00,0,1.00,4.95,0.36,0.01,-0.41,R,0.00,12.00,12.00,12.00,1.29,^,0.00,,15.90,12.10,504,0.13,45.5,1,0,0.00,0.00,0.00,12.00,0.00,0.00,0,0,0.00,0
2026-04-25 14:58:21,340.30,0,0,0,0,0,0,0,0.00,0,0.00,4.95,0.36,0.62,-0.51,R,0.00,12.00,12.00,12.00,1.23,^,0.00,,15.50,12.10,504,0.00,45.0,1,0,0.00,0.00,0.00,12.00,0.00,0.00,0,0,0.00,0
2026-04-25 14:58:22,341.31,0,0,0,0,0,0,0,0.00,0,0.00,4.95,0.36,0.83,-0.00,R,0.00,3.58,12.00,12.00,0.84,^,0.00,,16.60,12.10,504,0.00,45.5,1,0,0.00,0.00,0.00,3.58,0.00,0.00,0,0,0.00,0
2026-04-25 14:58:23,342.32,0,0,0,0,0,0,0,0.00,0,0.00,4.95,0.36,0.00,-0.00,R,0.00,12.00,12.00,12.00,1.04,^,0.00,,13.20,12.10,504,0.18,46.6,1,0,0.00,0.00,0.00,12.00,0.00,0.00,0,0,0.00,0
2026-04-25 14:58:24,343.33,0,0,0,0,0,0,0,0.00,0,0.00,4.95,0.36,0.00,-0.00,R,0.00,12.00,12.00,12.00,1.32,^,0.00,,13.40,12.10,504,1.19,45.5,1,0,0.00,0.00,0.00,12.00,0.00,0.00,0,0,0.00,0
2026-04-25 14:58:25,344.44,0,0,0,0,0,0,0,0.00,0,0.00,4.95,0.36,0.00,-0.00,R,0.00,3.73,12.00,12.00,1.34,^,0.00,,13.20,12.20,504,2.30,46.6,1,0,0.00,0.00,0.00,3.73,0.00,0.00,0,0,0.00,0
2026-04-25 14:58:26,345.34,0,0,0,0,0,0,0,0.00,0,0.00,4.95,0.35,0.00,-0.00,R,0.00,12.00,12.00,12.00,1.24,^,0.00,,11.20,12.20,504,3.20,46.6,1,0,0.00,0.00,0.00,12.00,0.00,0.00,0,0,0.00,0
2026-04-25 14:58:27,346.36,0,0,0,0,0,0,0,0.00,0,0.00,4.95,0.35,0.00,-0.00,R,0.00,12.00,12.00,12.00,1.17,^,0.00,,13.20,12.10,504,4.22,46.1,1,0,0.00,0.00,0.00,12.00,0.00,0.00,0,0,0.00,0
2026-04-25 14:58:28,347.37,1,0,0,0,0,0,0,0.53,0,0.20,4.95,0.35,0.00,0.20,D,0.00,12.00,12.00,12.00,1.18,^,31.55,,13.30,12.10,504,5.23,46.6,1,0,0.00,0.00,0.00,12.00,0.53,1.00,0,0,0.00,0
2026-04-25 14:58:29,348.38,1,0,0,0,0,0,0,0.53,0,0.20,4.95,0.35,0.00,0.20,D,0.00,12.00,12.00,12.00,1.17,^,31.93,,14.00,12.10,504,6.24,45.5,1,0,0.00,0.00,0.00,12.00,0.53,1.00,0,0,0.00,0
2026-04-25 14:58:30,349.39,1,0,0,0,0,0,0,0.51,0,0.20,4.95,0.35,0.00,0.20,D,0.00,3.90,12.00,12.00,1.17,^,30.87,,14.00,12.10,504,7.25,46.6,1,0,0.00,0.00,0.00,3.90,0.51,1.00,0,0,0.00,0
2026-04-25 14:58:31,350.50,0,0,0,0,0,0,0,0.00,0,0.20,4.95,0.35,0.00,0.20,D,0.00,3.74,12.00,12.00,1.17,^,0.00,,14.80,12.10,504,0.06,46.1,1,0,0.00,0.00,0.00,3.74,0.00,0.00,0,0,0.00,0
2026-04-25 14:58:32,351.41,1,0,0,0,0,0,0,0.53,0,0.20,4.95,0.35,0.00,0.20,D,0.00,12.00,12.00,12.00,0.87,^,31.90,,13.20,12.10,504,0.97,46.1,1,0,0.00,0.00,0.00,12.00,0.53,1.00,0,0,0.00,0
2026-04-25 14:58:33,352.42,1,0,0,0,0,0,0,0.49,0,0.20,4.95,0.35,0.00,0.20,D,0.00,3.95,12.00,12.00,0.38,^,29.26,,15.40,12.10,504,1.98,45.5,1,0,0.00,0.00,0.00,3.95,0.49,1.00,0,0,0.00,0
2026-04-25 14:58:34,353.43,1,0,0,0,0,0,0,0.53,0,0.20,4.95,0.35,0.00,0.20,D,0.00,12.00,12.00,12.00,0.34,^,31.64,,17.30,12.10,504,2.99,46.1,1,0,0.00,0.00,0.00,12.00,0.53,1.00,0,0,0.00,0
2026-04-25 14:58:35,354.44,1,0,0,0,0,0,0,0.51,0,0.20,4.95,0.35,0.00,0.20,D,0.00,12.00,12.00,12.00,0.37,^,30.34,,12.90,12.10,504,4.00,44.4,1,0,0.00,0.00,0.00,12.00,0.51,1.00,0,0,0.00,0
2026-04-25 14:58:36,355.45,1,0,0,0,0,0,0,0.55,0,0.20,4.95,0.34,0.00,0.20,D,0.00,3.73,0.62,12.00,0.50,^,32.93,,14.60,12.20,504,5.01,46.6,1,0,0.00,0.00,0.00,3.73,0.55,1.00,0,0,0.00,0
2026-04-25 14:58:37,356.46,1,0,0,0,0,0,0,0.49,0,0.20,4.95,0.34,0.00,0.20,D,0.00,3.73,12.00,12.00,0.35,^,29.23,,13.50,12.20,504,6.02,46.6,1,0,0.00,0.00,0.00,3.73,0.49,1.00,0,0,0.00,0
2026-04-25 14:58:38,357.48,1,0,0,0,0,0,0,0.47,0,0.20,4.95,0.34,0.00,0.20,D,0.00,12.00,12.00,12.00,0.42,^,28.17,,14.40,12.10,504,7.03,45.5,1,0,0.00,0.00,0.00,12.00,0.47,1.00,0,0,0.00,0
2026-04-25 14:58:39,358.49,0,0,0,0,0,0,0,1.00,0,1.00,4.95,0.34,0.05,0.58,D,0.00,12.00,12.00,12.00,0.75,^,0.00,,15.30,12.20,504,0.01,46.1,1,0,0.00,0.00,0.00,12.00,0.00,0.00,0,0,0.00,0
2026-04-25 14:58:40,359.50,0,0,0,0,0,0,0,0.00,0,0.20,4.95,0.34,0.45,0.28,D,0.00,3.58,3.60,12.00,0.88,^,0.00,,15.50,12.20,504,0.00,46.1,1,0,0.00,0.00,0.00,3.58,0.00,0.00,0,0,0.00,0
2026-04-25 14:58:41,360.51,0,0,0,0,0,0,0,0.00,0,0.20,4.95,0.34,0.00,0.20,D,0.00,3.55,3.57,12.00,0.91,^,0.00,,13.90,12.20,504,0.81,46.1,1,0,0.00,0.00,0.00,3.55,0.00,0.00,0,0,0.00,0
2026-04-25 14:58:42,361.52,0,0,0,0,0,0,0,0.00,0,0.20,4.95,0.34,0.00,0.20,D,0.00,3.56,3.57,12.00,0.69,^,0.00,,14.80,12.20,504,1.82,46.1,1,0,0.00,0.00,0.00,3.56,0.00,0.00,0,0,0.00,0
2026-04-25 14:58:43,362.54,0,0,0,0,0,0,0,0.00,0,0.20,4.95,0.34,0.00,0.20,D,0.00,3.56,3.57,12.00,0.40,^,0.00,,15.80,12.10,504,2.84,44.4,1,0,0.00,0.00,0.00,3.56,0.00,0.00,0,0,0.00,0
2026-04-25 14:58:44,363.55,0,0,0,0,0,0,0,0.00,0,0.20,4.95,0.34,0.00,0.20,D,0.00,3.57,3.57,12.00,0.41,^,0.00,,15.30,12.20,504,3.85,45.5,1,0,0.00,0.00,0.00,3.57,0.00,0.00,0,0,0.00,0
2026-04-25 14:58:45,364.66,0,0,0,0,0,0,0,0.00,0,0.20,4.95,0.34,0.00,0.20,D,0.00,3.55,3.57,12.00,0.61,^,0.00,,14.80,12.20,504,4.96,45.0,1,0,0.00,0.00,0.00,3.55,0.00,0.00,0,0,0.00,0
2026-04-25 14:58:46,365.58,0,0,0,0,0,0,0,0.00,0,0.20,4.95,0.34,0.00,0.20,D,0.00,3.55,3.57,12.00,0.81,^,0.00,,14.10,12.20,504,5.88,46.1,1,0,0.00,0.00,0.00,3.55,0.00,0.00,0,0,0.00,0
2026-04-25 14:58:47,366.59,0,0,0,0,0,0,0,0.00,1,0.00,4.95,0.34,0.00,0.00,D,0.00,0.15,0.16,12.00,0.32,STOP_WARNING,0.00,aeb_stop,13.50,12.10,504,6.89,43.9,1,1,0.00,0.00,0.00,0.15,0.00,0.00,0,0,0.00,0
2026-04-25 14:58:48,367.60,0,0,0,0,0,0,0,0.00,1,0.00,4.95,0.33,0.00,0.00,D,0.00,3.56,0.28,12.00,0.29,^,0.00,,14.10,12.20,504,7.91,44.4,1,0,0.00,0.00,0.00,3.56,0.00,0.00,0,0,0.00,0
2026-04-25 14:58:49,368.62,1,0,0,0,0,0,0,0.47,0,0.20,4.95,0.33,0.00,0.10,D,0.00,3.56,3.56,12.00,0.67,^,28.03,,14.60,12.10,504,8.92,44.4,1,0,0.00,0.00,0.00,3.56,0.47,1.00,0,0,0.00,0
2026-04-25 14:58:50,369.63,1,0,0,0,0,0,0,0.44,0,0.20,4.95,0.33,0.00,0.20,D,0.00,3.55,12.00,12.00,1.01,^,26.54,,13.70,12.10,504,9.93,45.5,1,0,0.00,0.00,0.00,3.55,0.44,1.00,0,0,0.00,0
2026-04-25 14:58:51,370.74,1,0,0,0,0,0,0,0.45,0,0.20,4.95,0.33,0.00,0.20,D,0.00,3.56,3.57,12.00,1.01,^,27.13,,14.40,12.10,504,11.05,45.0,1,0,0.00,0.00,0.00,3.56,0.45,1.00,0,0,0.00,0
2026-04-25 14:58:52,371.64,1,0,0,0,0,0,0,0.45,0,0.20,4.95,0.33,0.00,0.20,D,0.00,3.57,12.00,12.00,0.79,^,26.76,,13.70,12.10,504,11.95,45.5,1,0,0.00,0.00,0.00,3.57,0.45,1.00,0,0,0.00,0
2026-04-25 14:58:53,372.65,1,0,0,0,0,0,0,0.00,1,0.00,4.95,0.33,0.00,0.00,D,0.00,0.15,0.16,12.00,0.28,STOP_WARNING,0.00,blocked_path,13.50,12.10,504,12.96,46.1,1,1,0.00,0.00,0.00,0.15,0.48,1.00,0,0,0.00,0
2026-04-25 14:58:54,373.67,1,0,0,0,0,0,0,0.50,0,0.20,4.95,0.33,0.00,0.20,D,0.00,3.55,3.57,12.00,0.38,^,30.10,,14.00,12.10,504,13.97,45.0,1,0,0.00,0.00,0.00,3.55,0.50,1.00,0,0,0.00,0
2026-04-25 14:58:55,374.68,1,0,0,0,0,0,0,0.49,0,0.20,4.95,0.33,0.00,0.20,D,0.00,3.55,3.57,12.00,0.41,^,29.67,,14.40,12.10,504,14.98,45.5,1,0,0.00,0.00,0.00,3.55,0.49,1.00,0,0,0.00,0
2026-04-25 14:58:56,375.70,1,0,0,0,0,0,0,0.00,1,0.00,4.95,0.33,0.00,0.00,D,0.00,0.12,0.11,12.00,0.26,STOP_WARNING,0.00,blocked_path,13.70,12.10,504,16.00,45.5,1,1,0.00,0.00,0.00,0.12,0.54,1.00,0,0,0.00,0
2026-04-25 14:58:57,376.81,1,0,0,0,0,0,0,0.51,0,0.20,4.95,0.33,0.00,0.08,D,0.00,3.55,0.16,12.00,0.26,^,30.44,,14.80,12.10,504,17.11,45.5,1,0,0.00,0.00,0.00,3.55,0.51,1.00,0,0,0.00,0
2026-04-25 14:58:58,377.71,1,0,0,0,0,0,0,0.50,0,0.20,4.95,0.33,0.00,0.20,D,0.00,3.55,3.58,12.00,0.87,^,29.97,,15.40,12.10,504,18.02,45.0,1,0,0.00,0.00,0.00,3.55,0.50,1.00,0,0,0.00,0
2026-04-25 14:58:59,378.83,1,0,0,0,0,0,0,0.51,0,0.20,4.95,0.32,0.00,0.20,D,0.00,3.56,12.00,12.00,1.33,^,30.32,,13.60,12.10,504,19.13,45.0,1,0,0.00,0.00,0.00,3.56,0.51,1.00,0,0,0.00,0
2026-04-25 14:59:00,379.73,1,0,0,0,0,0,0,0.44,0,0.20,4.95,0.32,0.00,0.20,D,0.00,3.55,12.00,12.00,1.38,^,26.52,,14.10,12.10,504,20.03,44.4,1,0,0.00,0.00,0.00,3.55,0.44,1.00,0,0,0.00,0
2026-04-25 14:59:01,380.74,1,0,0,0,0,0,0,0.48,0,0.20,4.95,0.32,0.00,0.20,D,0.00,3.55,3.57,12.00,1.38,^,28.70,,14.60,12.10,504,21.04,45.0,1,0,0.00,0.00,0.00,3.55,0.48,1.00,0,0,0.00,0
2026-04-25 14:59:02,381.86,0,0,0,0,0,0,0,0.00,0,1.00,4.95,0.32,0.01,0.50,D,0.00,3.55,3.57,12.00,1.39,^,0.00,,14.40,12.10,504,0.17,44.4,1,0,0.00,0.00,0.00,3.55,0.00,0.00,0,0,0.00,0
2026-04-25 14:59:03,382.76,1,0,0,0,0,0,0,0.46,0,0.20,4.95,0.32,1.12,0.56,D,0.00,3.41,3.41,12.00,1.58,^,27.54,,14.90,12.10,504,0.00,44.4,1,0,0.00,0.00,0.00,3.41,0.46,1.00,0,0,0.00,0
2026-04-25 14:59:04,383.77,1,0,0,0,0,0,0,0.21,0,1.00,4.95,0.32,0.22,0.50,D,0.00,12.00,3.19,12.00,1.46,^,12.32,,15.20,12.10,504,0.00,46.1,1,0,0.00,0.00,0.00,12.00,0.21,1.00,0,0,0.00,0
2026-04-25 14:59:05,384.78,1,0,0,0,0,0,0,0.31,0,0.20,4.95,0.32,0.22,0.37,D,0.00,12.00,3.14,12.00,1.13,^,18.86,,14.70,12.10,504,0.01,46.1,1,0,0.00,0.00,0.00,12.00,0.31,1.00,0,0,0.00,0
2026-04-25 14:59:06,385.80,1,0,0,0,0,0,0,0.08,0,1.00,4.95,0.32,0.54,0.79,D,0.00,12.00,3.10,12.00,0.80,^,5.09,,14.80,12.20,504,0.00,45.5,1,0,0.00,0.00,0.00,12.00,0.08,1.00,0,0,0.00,0
2026-04-25 14:59:07,386.81,1,0,0,0,0,0,0,0.30,0,0.20,4.95,0.33,3.28,0.97,D,0.00,12.00,2.69,12.00,1.14,^,17.96,,17.10,12.10,504,0.00,46.1,1,0,0.00,0.00,0.00,12.00,0.30,1.00,0,0,0.00,0
2026-04-25 14:59:08,387.82,1,0,0,0,0,0,0,-0.20,0,1.00,4.95,0.34,3.29,0.92,D,0.00,12.00,2.57,12.00,1.62,^,-12.00,,17.00,12.20,504,0.00,46.1,1,0,0.00,0.00,0.00,12.00,-0.20,1.00,0,0,0.00,0
2026-04-25 14:59:09,388.83,1,0,0,0,0,0,0,0.32,0,0.20,4.95,0.34,3.35,0.96,D,0.00,14.69,2.09,12.00,1.55,^,19.02,,17.90,12.20,504,0.00,46.1,1,0,0.00,0.00,0.00,14.69,0.32,1.00,0,0,0.00,0
2026-04-25 14:59:10,389.84,0,0,0,0,0,0,0,0.00,1,0.20,4.95,0.35,1.50,0.00,D,0.00,12.00,12.00,12.00,1.71,^,0.00,,18.70,12.10,504,0.00,45.5,1,0,0.00,0.00,0.00,12.00,0.00,0.00,0,0,0.00,0
2026-04-25 14:59:11,390.86,0,0,0,0,0,0,0,0.00,0,0.20,4.95,0.35,0.00,0.20,D,0.00,12.00,12.00,12.00,1.22,^,0.00,,15.30,12.20,504,0.57,44.4,1,0,0.00,0.00,0.00,12.00,0.00,0.00,0,0,0.00,0
2026-04-25 14:59:12,391.87,0,0,0,0,0,0,0,0.00,0,0.20,4.95,0.35,0.00,0.20,D,0.00,12.00,12.00,12.00,1.03,^,0.00,,14.60,12.20,504,1.59,45.0,1,0,0.00,0.00,0.00,12.00,0.00,0.00,0,0,0.00,0
2026-04-25 14:59:13,392.88,0,0,0,1,0,0,0,-0.54,0,0.20,4.95,0.35,0.00,0.00,N,0.00,12.00,12.00,12.00,1.06,^,0.00,,15.50,12.20,504,2.60,44.4,1,0,0.00,0.00,0.00,12.00,0.00,0.00,0,0,0.00,0
2026-04-25 14:59:14,393.90,0,0,0,1,0,0,0,0.00,0,1.00,4.95,0.35,0.14,-0.51,R,0.00,12.00,12.00,12.00,1.04,^,0.00,,14.80,12.20,504,0.05,45.5,1,0,0.00,0.00,0.00,12.00,0.00,0.00,0,0,0.00,0
2026-04-25 14:59:15,395.01,0,0,0,0,0,0,0,0.64,0,0.00,4.95,0.35,1.21,-0.52,R,0.00,12.00,12.00,12.00,0.83,^,0.00,,14.50,12.20,504,0.00,44.4,1,0,0.00,0.00,0.00,12.00,0.00,0.00,0,0,0.00,0
2026-04-25 14:59:16,395.91,0,0,1,0,0,0,0,0.00,0,0.85,4.95,0.35,0.84,0.02,D,0.00,12.00,2.70,12.00,0.50,^,0.00,,18.40,12.20,504,0.00,46.1,1,0,0.00,0.00,0.00,12.00,0.00,0.00,0,0,0.00,0
2026-04-25 14:59:17,397.02,0,0,0,0,0,0,0,-0.98,0,1.00,4.95,0.35,0.05,0.53,D,0.00,12.00,2.74,12.00,0.73,^,0.00,,15.10,12.20,504,0.00,45.5,1,0,0.00,0.00,0.00,12.00,0.00,0.00,0,0,0.00,0
2026-04-25 14:59:18,397.93,0,0,0,0,0,0,0,0.00,0,0.00,4.95,0.35,0.56,0.33,D,0.00,14.06,2.52,12.00,0.88,^,0.00,,15.50,12.20,504,0.00,45.5,1,0,0.00,0.00,0.00,14.06,0.00,0.00,0,0,0.00,0
2026-04-25 14:59:19,398.94,1,0,0,0,0,0,0,0.15,0,1.00,4.95,0.35,0.01,0.53,D,0.00,13.93,2.52,12.00,0.82,^,9.03,,14.40,12.20,504,0.03,44.4,1,0,0.00,0.00,0.00,13.93,0.15,1.00,0,0,0.00,0
2026-04-25 14:59:20,399.95,1,0,0,0,0,0,0,0.25,0,0.20,4.95,0.35,0.01,0.20,D,0.00,13.93,2.52,12.00,0.67,^,15.22,,15.20,12.20,504,0.20,45.5,1,0,0.00,0.00,0.00,13.93,0.25,1.00,0,0,0.00,0
2026-04-25 14:59:21,400.96,1,0,0,0,0,0,0,0.27,0,0.20,4.95,0.35,0.00,0.20,D,0.00,13.92,2.52,12.00,0.68,^,16.36,,14.50,12.20,504,0.42,45.0,1,0,0.00,0.00,0.00,13.92,0.27,1.00,0,0,0.00,0
2026-04-25 14:59:22,401.97,1,0,0,0,0,0,0,-0.07,0,1.00,4.95,0.35,0.00,0.32,D,0.00,13.92,2.52,12.00,0.49,^,-4.32,,14.70,12.20,504,1.43,47.2,1,0,0.00,0.00,0.00,13.92,-0.07,1.00,0,0,0.00,0
2026-04-25 14:59:23,402.99,1,0,0,0,0,0,0,-0.08,0,1.00,4.95,0.35,0.46,0.83,D,0.00,13.92,2.52,12.00,0.62,^,-4.56,,16.00,12.20,504,0.00,44.4,1,0,0.00,0.00,0.00,13.92,-0.08,1.00,0,0,0.00,0
2026-04-25 14:59:24,403.99,1,0,0,0,0,0,0,0.44,0,0.20,4.95,0.35,3.11,0.78,D,0.00,12.00,2.71,12.00,1.13,^,26.70,,17.00,12.20,504,0.00,45.5,1,0,0.00,0.00,0.00,12.00,0.44,1.00,0,0,0.00,0
2026-04-25 14:59:25,405.01,0,0,0,0,0,0,0,1.00,0,1.00,4.95,0.35,0.07,0.11,D,0.00,12.00,12.65,12.00,1.05,^,0.00,,15.80,12.20,504,0.11,45.5,1,0,0.00,0.00,0.00,12.00,0.00,0.00,0,0,0.00,0
2026-04-25 14:59:26,406.02,0,0,0,1,0,0,0,0.95,0,1.00,4.95,0.35,0.00,-0.42,R,0.00,12.00,12.63,12.00,1.03,^,0.00,,16.10,12.20,504,0.06,45.5,1,0,0.00,0.00,0.00,12.00,0.00,0.00,0,0,0.00,0
2026-04-25 14:59:27,407.13,0,0,0,0,0,0,0,0.99,0,0.00,4.95,0.35,0.75,-0.59,R,0.00,12.00,12.69,12.00,1.13,^,0.00,,14.10,12.20,504,0.00,45.5,1,0,0.00,0.00,0.00,12.00,0.00,0.00,0,0,0.00,0
2026-04-25 14:59:28,408.03,0,0,1,0,0,0,0,-0.99,0,1.00,4.95,0.35,0.20,0.32,D,0.00,13.00,2.72,12.00,0.81,^,0.00,,17.10,12.10,504,0.06,46.1,1,0,0.00,0.00,0.00,13.00,0.00,0.00,0,0,0.00,0
2026-04-25 14:59:29,409.15,0,0,0,0,0,0,0,0.00,0,1.00,4.95,0.35,0.50,0.83,D,0.00,12.00,2.61,12.00,0.65,^,0.00,,17.70,12.10,504,0.00,45.5,1,0,0.00,0.00,0.00,12.00,0.00,0.00,0,0,0.00,0
2026-04-25 14:59:30,410.05,0,0,0,0,0,0,0,0.00,0,0.00,4.95,0.36,2.10,0.51,D,0.00,12.00,2.54,12.00,1.08,^,0.00,,18.10,12.20,504,0.00,45.5,1,0,0.00,0.00,0.00,12.00,0.00,0.00,0,0,0.00,0
2026-04-25 14:59:31,411.06,0,0,0,0,0,0,0,0.00,0,0.00,4.95,0.36,0.00,0.00,D,0.00,12.00,2.59,12.00,1.03,^,0.00,,14.00,12.20,504,0.01,47.2,1,0,0.00,0.00,0.00,12.00,0.00,0.00,0,0,0.00,0
2026-04-25 14:59:32,412.07,0,0,0,0,0,0,0,0.00,0,1.00,4.95,0.36,0.02,0.13,D,0.00,12.00,2.59,12.00,1.04,^,0.00,,12.80,12.10,504,0.07,46.6,1,0,0.00,0.00,0.00,12.00,0.00,0.00,0,0,0.00,0
2026-04-25 14:59:33,413.09,0,0,0,0,0,0,0,0.20,0,1.00,4.95,0.36,0.04,0.64,D,0.00,12.00,2.58,12.00,0.90,^,0.00,,14.10,12.10,504,0.00,46.6,1,0,0.00,0.00,0.00,12.00,0.00,0.00,0,0,0.00,0
2026-04-25 14:59:34,414.10,0,0,0,0,0,0,0,0.00,0,0.20,4.95,0.36,0.78,0.33,D,0.00,12.00,2.67,12.00,0.81,^,0.00,,15.10,12.10,504,0.00,45.5,1,0,0.00,0.00,0.00,12.00,0.00,0.00,0,0,0.00,0
2026-04-25 14:59:36,415.21,0,0,0,0,0,0,0,0.00,0,0.20,4.95,0.36,0.00,0.20,D,0.00,13.94,2.69,12.00,0.60,^,0.00,,12.40,12.10,504,0.55,46.6,1,0,0.00,0.00,0.00,13.94,0.00,0.00,0,0,0.00,0
2026-04-25 14:59:36,416.12,0,0,0,0,0,0,0,0.00,0,0.20,4.95,0.35,0.00,0.20,D,0.00,13.94,2.67,12.00,0.55,^,0.00,,16.30,12.10,504,1.46,46.1,1,0,0.00,0.00,0.00,13.94,0.00,0.00,0,0,0.00,0
2026-04-25 14:59:37,417.13,0,0,0,0,0,0,0,0.00,0,0.20,4.95,0.35,0.00,0.20,D,0.00,13.95,0.43,12.00,0.41,^,0.00,,15.70,12.20,504,2.47,45.0,1,0,0.00,0.00,0.00,13.95,0.00,0.00,0,0,0.00,0
2026-04-25 14:59:38,418.14,0,0,0,0,0,0,0,0.00,0,0.20,4.95,0.35,0.00,0.20,D,0.00,13.97,0.42,12.00,0.43,^,0.00,,14.60,12.20,504,3.48,46.1,1,0,0.00,0.00,0.00,13.97,0.00,0.00,0,0,0.00,0
2026-04-25 14:59:39,419.15,0,0,0,0,0,0,0,0.00,0,0.20,4.95,0.35,0.00,0.20,D,0.00,13.99,0.43,12.00,0.45,^,0.00,,13.70,12.10,504,4.49,46.6,1,0,0.00,0.00,0.00,13.99,0.00,0.00,0,0,0.00,0
2026-04-25 14:59:40,420.17,0,0,0,0,0,0,0,0.00,0,0.20,4.95,0.35,0.00,0.20,D,0.00,13.96,2.71,12.00,0.49,^,0.00,,15.30,12.10,504,5.51,46.6,1,0,0.00,0.00,0.00,13.96,0.00,0.00,0,0,0.00,0
2026-04-25 14:59:42,421.18,0,0,0,0,0,0,0,0.00,0,0.20,4.95,0.35,0.00,0.20,D,0.00,13.97,2.71,12.00,0.96,^,0.00,,15.80,12.10,504,6.52,46.1,1,0,0.00,0.00,0.00,13.97,0.00,0.00,0,0,0.00,0
2026-04-25 14:59:43,422.19,1,0,0,0,0,0,0,0.27,0,0.20,4.95,0.35,0.00,0.20,D,0.00,13.93,2.70,12.00,1.19,^,16.34,,15.00,12.10,504,7.53,45.5,1,0,0.00,0.00,0.00,13.93,0.27,1.00,0,0,0.00,0
2026-04-25 14:59:44,423.19,1,0,0,0,0,0,0,0.27,0,0.20,4.95,0.35,0.00,0.20,D,0.00,14.00,2.71,12.00,1.26,^,16.45,,14.10,12.10,504,8.53,44.4,1,0,0.00,0.00,0.00,14.00,0.27,1.00,0,0,0.00,0
2026-04-25 14:59:45,424.21,1,0,0,0,0,0,0,0.28,0,0.20,4.95,0.35,0.00,0.20,D,0.00,13.98,2.69,12.00,0.98,^,16.59,,14.70,12.10,504,9.55,45.0,1,0,0.00,0.00,0.00,13.98,0.28,1.00,0,0,0.00,0
2026-04-25 14:59:46,425.21,1,0,0,0,0,0,0,0.27,0,0.20,4.95,0.35,0.00,0.20,D,0.00,13.95,2.68,12.00,0.48,^,16.50,,13.60,12.10,504,10.55,46.1,1,0,0.00,0.00,0.00,13.95,0.27,1.00,0,0,0.00,0
2026-04-25 14:59:47,426.22,1,0,0,0,0,0,0,0.22,0,1.00,4.95,0.35,0.00,0.22,D,0.00,13.95,2.67,12.00,0.40,^,13.39,,15.70,12.10,504,11.56,45.0,1,0,0.00,0.00,0.00,13.95,0.22,1.00,0,0,0.00,0
2026-04-25 14:59:48,427.33,1,0,0,0,0,0,0,-0.10,0,1.00,4.95,0.35,0.07,0.72,D,0.00,13.96,2.71,12.00,0.39,^,-5.79,,15.20,12.10,504,0.00,46.1,1,0,0.00,0.00,0.00,13.96,-0.10,1.00,0,0,0.00,0
2026-04-25 14:59:49,428.24,1,0,0,0,0,0,0,0.28,0,0.20,4.95,0.35,3.01,0.92,D,0.00,12.00,12.00,12.00,0.79,^,16.97,,16.50,12.10,504,0.00,46.1,1,0,0.00,0.00,0.00,12.00,0.28,1.00,0,0,0.00,0
2026-04-25 14:59:50,429.25,1,0,0,0,0,0,0,0.30,0,0.20,4.95,0.35,2.12,0.41,D,0.00,12.27,12.00,12.00,1.15,^,18.29,,16.00,12.10,504,0.00,46.1,1,0,0.00,0.00,0.00,12.27,0.30,1.00,0,0,0.00,0
2026-04-25 14:59:51,430.27,1,0,0,0,0,0,0,0.27,0,0.20,4.95,0.36,0.72,0.20,D,0.00,12.00,12.00,12.00,0.79,^,16.15,,16.20,12.10,504,0.00,46.1,1,0,0.00,0.00,0.00,12.00,0.27,1.00,0,0,0.00,0
2026-04-25 14:59:52,431.28,1,0,0,0,0,0,0,0.28,0,0.20,4.95,0.36,0.00,0.20,D,0.00,12.00,12.00,12.00,0.76,^,16.52,,14.40,12.10,504,0.69,43.9,1,0,0.00,0.00,0.00,12.00,0.28,1.00,0,0,0.00,0
2026-04-25 14:59:53,432.29,1,0,0,0,0,0,0,0.27,0,0.20,4.95,0.36,0.00,0.20,D,0.00,12.00,12.00,12.00,0.66,^,16.18,,14.60,12.10,504,1.70,43.9,1,0,0.00,0.00,0.00,12.00,0.27,1.00,0,0,0.00,0
2026-04-25 14:59:54,433.31,1,0,0,0,0,0,0,-0.14,0,1.00,4.95,0.35,0.01,0.50,D,0.00,12.00,12.00,12.00,0.35,^,-8.65,,14.90,12.10,504,0.03,44.4,1,0,0.00,0.00,0.00,12.00,-0.14,1.00,0,0,0.00,0
2026-04-25 14:59:55,434.32,1,0,0,0,0,0,0,-0.21,0,1.00,4.95,0.35,0.04,0.22,D,0.00,12.00,12.00,12.00,0.39,^,-12.47,,13.80,12.10,504,0.17,46.1,1,0,0.00,0.00,0.00,12.00,-0.21,1.00,0,0,0.00,0
2026-04-25 14:59:56,435.33,1,0,0,0,0,0,0,0.07,0,1.00,4.95,0.35,0.23,0.72,D,0.00,12.00,12.00,12.00,0.41,^,4.49,,14.70,12.10,504,0.00,45.0,1,0,0.00,0.00,0.00,12.00,0.07,1.00,0,0,0.00,0
2026-04-25 14:59:57,436.34,1,0,0,0,0,0,0,0.03,0,1.00,4.95,0.36,3.24,1.00,D,0.00,12.00,12.00,12.00,1.01,^,1.51,,15.70,12.10,504,0.00,45.5,1,0,0.00,0.00,0.00,12.00,0.03,1.00,0,0,0.00,0
2026-04-25 14:59:58,437.45,0,0,0,0,0,0,0,0.00,0,1.00,4.95,0.36,0.03,0.10,D,0.00,12.00,10.59,12.00,1.17,^,0.00,,13.50,12.20,504,0.24,46.6,1,0,0.00,0.00,0.00,12.00,0.00,0.00,0,0,0.00,0
2026-04-25 14:59:59,438.36,0,0,0,0,0,0,0,-0.81,0,1.00,4.95,0.36,0.10,0.61,D,0.00,12.00,10.59,12.00,0.86,^,0.00,,13.90,12.20,504,0.01,45.5,1,0,0.00,0.00,0.00,12.00,0.00,0.00,0,0,0.00,0
2026-04-25 15:00:00,439.37,0,0,0,0,0,0,0,0.00,0,0.00,4.95,0.36,1.40,0.51,D,0.00,12.00,12.00,12.00,0.91,^,0.00,,13.30,12.10,504,0.00,47.2,1,0,0.00,0.00,0.00,12.00,0.00,0.00,0,0,0.00,0
2026-04-25 15:00:01,440.38,0,0,0,0,0,0,0,0.00,0,0.00,4.95,0.36,0.96,0.56,D,0.00,12.38,12.00,12.00,1.19,^,0.00,,14.80,12.10,504,0.00,45.5,1,0,0.00,0.00,0.00,12.38,0.00,0.00,0,0,0.00,0
2026-04-25 15:00:02,441.39,1,0,0,0,0,0,0,0.31,0,0.20,4.95,0.36,0.03,0.20,D,0.00,12.00,12.00,12.00,1.07,^,18.30,,14.60,12.10,504,0.15,45.5,1,0,0.00,0.00,0.00,12.00,0.31,1.00,0,0,0.00,0
2026-04-25 15:00:03,442.40,1,0,0,0,0,0,0,0.31,0,0.20,4.95,0.36,0.00,0.20,D,0.00,12.00,12.00,12.00,1.01,^,18.62,,14.40,12.10,504,1.16,46.1,1,0,0.00,0.00,0.00,12.00,0.31,1.00,0,0,0.00,0
2026-04-25 15:00:04,443.41,1,0,0,0,0,0,0,0.31,0,0.20,4.95,0.36,0.00,0.20,D,0.00,12.00,12.00,12.00,0.98,^,18.87,,14.40,12.10,504,2.18,46.6,1,0,0.00,0.00,0.00,12.00,0.31,1.00,0,0,0.00,0
2026-04-25 15:00:05,444.43,1,0,0,0,0,0,0,0.30,0,0.20,4.95,0.36,0.00,0.20,D,0.00,12.00,12.00,12.00,0.98,^,17.92,,12.80,12.10,504,0.92,46.1,1,0,0.00,0.00,0.00,12.00,0.30,1.00,0,0,0.00,0
2026-04-25 15:00:06,445.44,1,0,0,0,0,0,0,0.32,0,0.20,4.95,0.36,0.00,0.20,D,0.00,12.00,12.00,12.00,0.71,^,19.25,,14.20,12.10,504,1.93,46.1,1,0,0.00,0.00,0.00,12.00,0.32,1.00,0,0,0.00,0
2026-04-25 15:00:07,446.45,1,0,0,0,0,0,0,0.29,0,0.20,4.95,0.36,0.00,0.20,D,0.00,12.00,12.00,12.00,0.66,^,17.38,,14.00,12.10,504,2.95,46.6,1,0,0.00,0.00,0.00,12.00,0.29,1.00,0,0,0.00,0
2026-04-25 15:00:08,447.57,1,0,0,0,0,0,0,0.32,0,0.20,4.95,0.36,0.00,0.20,D,0.00,12.00,12.00,12.00,0.67,^,18.98,,13.30,12.10,504,4.06,45.0,1,0,0.00,0.00,0.00,12.00,0.32,1.00,0,0,0.00,0
2026-04-25 15:00:09,448.47,1,0,0,0,0,0,0,0.29,0,0.20,4.95,0.36,0.00,0.20,D,0.00,12.00,12.00,12.00,0.69,^,17.48,,15.30,12.10,504,4.97,45.5,1,0,0.00,0.00,0.00,12.00,0.29,1.00,0,0,0.00,0
2026-04-25 15:00:10,449.58,1,0,0,0,0,0,0,0.29,0,0.20,4.95,0.35,0.00,0.20,D,0.00,12.00,12.00,12.00,0.69,^,17.56,,14.00,12.10,504,0.84,45.5,1,0,0.00,0.00,0.00,12.00,0.29,1.00,0,0,0.00,0
2026-04-25 15:00:11,450.49,0,0,0,0,0,0,0,0.00,0,1.00,4.95,0.35,0.01,0.23,D,0.00,12.00,12.00,12.00,0.70,^,0.00,,14.30,12.10,504,0.17,45.5,1,0,0.00,0.00,0.00,12.00,0.00,0.00,0,0,0.00,0
2026-04-25 15:00:12,451.60,0,0,0,0,0,0,0,-1.00,0,1.00,4.95,0.35,0.12,0.74,D,0.00,12.00,12.00,12.00,0.70,^,0.00,,14.90,12.10,504,0.00,44.4,1,0,0.00,0.00,0.00,12.00,0.00,0.00,0,0,0.00,0
2026-04-25 15:00:13,452.51,0,0,0,0,0,0,0,0.00,0,0.00,4.95,0.35,1.48,0.41,D,0.00,12.00,12.00,12.00,1.08,^,0.00,,15.60,12.10,504,0.00,46.1,1,0,0.00,0.00,0.00,12.00,0.00,0.00,0,0,0.00,0
2026-04-25 15:00:14,453.52,0,0,0,0,0,0,0,0.00,0,0.00,4.95,0.36,0.00,0.00,D,0.00,12.00,12.00,12.00,1.08,^,0.00,,14.20,12.10,504,0.04,46.1,1,0,0.00,0.00,0.00,12.00,0.00,0.00,0,0,0.00,0
2026-04-25 15:00:15,454.53,0,0,0,0,0,0,0,0.00,0,0.00,4.95,0.35,0.00,0.00,D,0.00,12.00,12.00,12.00,0.64,^,0.00,,14.80,12.10,504,0.96,44.4,1,0,0.00,0.00,0.00,12.00,0.00,0.00,0,0,0.00,0
2026-04-25 15:00:16,455.55,1,0,0,0,0,0,0,0.20,0,1.00,4.95,0.35,0.00,0.18,D,0.00,12.00,12.00,12.00,0.46,^,12.18,,14.70,12.10,504,1.98,45.0,1,0,0.00,0.00,0.00,12.00,0.20,1.00,0,0,0.00,0
2026-04-25 15:00:17,456.56,1,0,0,0,0,0,0,0.33,0,0.20,4.95,0.35,0.13,0.61,D,0.00,12.00,12.00,12.00,0.46,^,20.02,,13.10,12.10,504,0.00,46.1,1,0,0.00,0.00,0.00,12.00,0.33,1.00,0,0,0.00,0
2026-04-25 15:00:18,457.58,1,0,0,0,0,0,0,0.30,0,0.20,4.95,0.35,0.26,0.41,D,0.00,12.00,12.00,12.00,0.52,^,18.01,,14.70,12.10,504,0.01,46.1,1,0,0.00,0.00,0.00,12.00,0.30,1.00,0,0,0.00,0
2026-04-25 15:00:19,458.59,1,0,0,0,0,0,0,0.35,0,0.20,4.95,0.35,0.00,0.20,D,0.00,12.00,12.00,12.00,0.60,^,21.02,,14.30,12.10,504,0.88,46.1,1,0,0.00,0.00,0.00,12.00,0.35,1.00,0,0,0.00,0
2026-04-25 15:00:20,459.60,1,0,0,0,0,0,0,0.34,0,0.20,4.95,0.35,0.00,0.20,D,0.00,12.00,12.00,12.00,0.63,^,20.48,,13.10,12.10,504,1.89,44.4,1,0,0.00,0.00,0.00,12.00,0.34,1.00,0,0,0.00,0
2026-04-25 15:00:21,460.61,1,0,0,0,0,0,0,0.35,0,0.20,4.95,0.35,0.00,0.20,D,0.00,12.00,12.00,12.00,0.65,^,20.71,,13.60,12.20,504,2.90,46.1,1,0,0.00,0.00,0.00,12.00,0.35,1.00,0,0,0.00,0
2026-04-25 15:00:22,461.62,1,0,0,0,0,0,0,0.34,0,0.20,4.95,0.35,0.00,0.20,D,0.00,12.00,12.00,12.00,0.67,^,20.22,,14.00,12.20,504,3.91,46.1,1,0,0.00,0.00,0.00,12.00,0.34,1.00,0,0,0.00,0
2026-04-25 15:00:23,462.63,1,0,0,0,0,0,0,0.34,0,0.20,4.95,0.35,0.00,0.20,D,0.00,12.00,12.00,12.00,0.65,^,20.60,,14.00,12.20,504,4.92,44.4,1,0,0.00,0.00,0.00,12.00,0.34,1.00,0,0,0.00,0
2026-04-25 15:00:24,463.65,1,0,0,0,0,0,0,0.34,0,0.20,4.95,0.35,0.00,0.20,D,0.00,12.00,12.00,12.00,0.62,^,20.53,,15.40,12.20,504,5.93,45.5,1,0,0.00,0.00,0.00,12.00,0.34,1.00,0,0,0.00,0
2026-04-25 15:00:25,464.66,1,0,0,0,0,0,0,0.35,0,0.20,4.95,0.35,0.00,0.20,D,0.00,12.00,12.00,12.00,0.64,^,20.95,,14.20,12.20,504,6.94,45.0,1,0,0.00,0.00,0.00,12.00,0.35,1.00,0,0,0.00,0
2026-04-25 15:00:26,465.77,1,0,0,0,0,0,0,0.32,0,0.20,4.95,0.35,0.00,0.20,D,0.00,12.00,12.00,12.00,0.62,^,19.31,,13.30,12.20,504,8.06,45.5,1,0,0.00,0.00,0.00,12.00,0.32,1.00,0,0,0.00,0
2026-04-25 15:00:27,466.67,1,0,0,0,0,0,0,0.34,0,0.20,4.95,0.35,0.00,0.20,D,0.00,12.00,12.00,12.00,0.62,^,20.48,,14.30,12.20,504,8.96,45.5,1,0,0.00,0.00,0.00,12.00,0.34,1.00,0,0,0.00,0
2026-04-25 15:00:28,467.78,1,0,0,0,0,0,0,0.35,0,0.20,4.95,0.35,0.00,0.20,D,0.00,12.00,12.00,12.00,0.49,^,20.72,,13.70,12.20,504,0.50,45.5,1,0,0.00,0.00,0.00,12.00,0.35,1.00,0,0,0.00,0
2026-04-25 15:00:29,468.69,1,0,0,0,0,0,0,0.34,0,0.20,4.95,0.34,0.00,0.20,D,0.00,12.00,12.00,12.00,0.32,^,20.48,,13.40,12.20,504,1.40,45.0,1,0,0.00,0.00,0.00,12.00,0.34,1.00,0,0,0.00,0
2026-04-25 15:00:30,469.80,1,0,0,0,0,0,0,0.35,0,0.20,4.95,0.34,0.00,0.20,D,0.00,12.00,12.00,12.00,0.34,^,20.81,,16.00,12.10,504,2.52,46.6,1,0,0.00,0.00,0.00,12.00,0.35,1.00,0,0,0.00,0
2026-04-25 15:00:31,470.70,1,0,0,0,0,0,0,0.35,0,0.20,4.95,0.34,0.00,0.20,D,0.00,12.00,0.48,12.00,0.33,^,20.72,,13.40,12.10,504,3.42,46.1,1,0,0.00,0.00,0.00,12.00,0.35,1.00,0,0,0.00,0
2026-04-25 15:00:32,471.71,1,0,0,0,0,0,0,-0.05,0,1.00,4.95,0.34,0.01,0.54,D,0.00,12.00,0.53,12.00,0.29,^,-3.08,,13.10,12.20,504,0.01,45.0,1,0,0.00,0.00,0.00,12.00,-0.05,1.00,0,0,0.00,0
2026-04-25 15:00:33,472.73,1,0,0,0,0,0,0,0.15,0,1.00,4.95,0.34,2.18,1.00,D,0.00,12.00,12.00,12.00,0.47,^,8.86,,16.30,12.20,504,0.00,46.1,1,0,0.00,0.00,0.00,12.00,0.15,1.00,0,0,0.00,0
2026-04-25 15:00:34,473.74,1,0,0,0,0,0,0,0.04,0,1.00,4.95,0.35,2.96,0.91,D,0.00,12.00,12.00,12.00,1.29,^,2.27,,16.10,12.10,504,0.00,46.1,1,0,0.00,0.00,0.00,12.00,0.04,1.00,0,0,0.00,0
2026-04-25 15:00:35,474.75,1,0,0,0,0,0,0,0.11,0,1.00,4.95,0.36,3.63,1.00,D,0.00,12.00,12.00,12.00,1.91,^,6.52,,13.10,12.10,504,0.00,46.1,1,0,0.00,0.00,0.00,12.00,0.11,1.00,0,0,0.00,0
2026-04-25 15:00:36,475.76,1,0,0,0,0,0,0,0.05,0,1.00,4.95,0.36,3.65,1.00,D,0.00,12.00,12.00,12.00,2.09,^,2.83,,14.20,12.10,504,0.00,47.7,1,0,0.00,0.00,0.00,12.00,0.05,1.00,0,0,0.00,0
2026-04-25 15:00:37,476.77,0,0,0,0,0,0,0,0.00,0,1.00,4.95,0.37,0.05,0.14,D,0.00,12.00,12.00,12.00,1.95,^,0.00,,13.40,12.20,504,0.05,46.6,1,0,0.00,0.00,0.00,12.00,0.00,0.00,0,0,0.00,0
2026-04-25 15:00:38,477.79,0,0,0,0,0,0,0,-0.19,0,0.85,4.95,0.36,0.07,0.61,D,0.00,12.00,12.00,12.00,1.04,^,0.00,,11.80,12.20,504,0.01,46.6,1,0,0.00,0.00,0.00,12.00,0.00,0.00,0,0,0.00,0
2026-04-25 15:00:39,478.80,0,0,0,0,0,0,0,-0.81,0,0.37,4.95,0.36,0.99,0.39,D,0.00,12.00,12.00,12.00,0.90,^,0.00,,16.20,12.20,504,0.00,45.5,1,0,0.00,0.00,0.00,12.00,0.00,0.00,0,0,0.00,0
2026-04-25 15:00:40,479.81,0,0,0,0,0,0,0,0.00,0,0.00,4.95,0.37,0.27,0.15,D,0.00,12.00,12.00,12.00,0.81,^,0.00,,18.80,12.10,504,0.03,46.1,1,0,0.00,0.00,0.00,12.00,0.00,0.00,0,0,0.00,0
2026-04-25 15:00:41,480.81,0,0,0,0,0,0,0,0.00,0,1.00,4.95,0.36,0.06,0.66,D,0.00,12.00,12.00,12.00,0.62,^,0.00,,16.10,12.20,504,0.00,46.1,1,0,0.00,0.00,0.00,12.00,0.00,0.00,0,0,0.00,0
2026-04-25 15:00:42,481.93,1,0,0,0,0,0,0,0.09,0,1.00,4.95,0.37,0.86,0.62,D,0.00,12.00,12.00,12.00,0.86,^,5.56,,15.50,12.20,504,0.00,46.1,1,0,0.00,0.00,0.00,12.00,0.09,1.00,0,0,0.00,0
2026-04-25 15:00:43,482.83,1,0,0,0,0,0,0,0.07,0,1.00,4.95,0.37,2.72,1.00,D,0.00,12.00,12.00,12.00,1.38,^,4.12,,16.00,12.20,504,0.00,45.0,1,0,0.00,0.00,0.00,12.00,0.07,1.00,0,0,0.00,0
2026-04-25 15:00:44,483.83,1,0,0,0,0,0,0,-0.02,0,1.00,4.95,0.37,3.53,1.00,D,0.00,12.00,12.00,12.00,1.77,^,-1.12,,15.30,12.20,504,0.00,45.0,1,0,0.00,0.00,0.00,12.00,-0.02,1.00,0,0,0.00,0
2026-04-25 15:00:45,484.85,1,0,0,0,0,0,0,0.22,0,1.00,4.95,0.38,3.56,1.00,D,0.00,12.00,12.00,12.00,2.12,^,13.19,,16.20,12.10,504,0.00,46.1,1,0,0.00,0.00,0.00,12.00,0.22,1.00,0,0,0.00,0
2026-04-25 15:00:46,485.96,0,0,0,0,0,0,0,0.00,0,1.00,4.95,0.39,1.12,0.02,D,0.00,12.00,12.00,12.00,2.38,^,0.00,,17.30,12.10,504,0.03,46.1,1,0,0.00,0.00,0.00,12.00,0.00,0.00,0,0,0.00,0
2026-04-25 15:00:47,486.86,0,0,0,0,0,0,0,1.00,0,1.00,4.95,0.39,0.00,0.52,D,0.00,12.00,12.00,12.00,1.63,^,0.00,,13.90,12.10,504,0.02,45.0,1,0,0.00,0.00,0.00,12.00,0.00,0.00,0,0,0.00,0
2026-04-25 15:00:48,487.88,0,0,0,0,0,0,0,1.00,0,1.00,4.95,0.39,0.12,0.40,D,0.00,12.00,12.00,12.00,1.41,^,0.00,,15.90,12.20,504,0.12,46.1,1,0,0.00,0.00,0.00,12.00,0.00,0.00,0,0,0.00,0
2026-04-25 15:00:49,488.89,0,0,0,0,0,0,0,1.00,0,0.48,4.95,0.39,1.26,0.86,D,0.00,12.00,12.00,12.00,1.24,^,0.00,,15.30,12.20,504,0.00,46.1,1,0,0.00,0.00,0.00,12.00,0.00,0.00,0,0,0.00,0
2026-04-25 15:00:50,489.90,0,0,0,0,0,0,0,-0.18,0,1.00,4.95,0.39,1.09,0.66,D,0.00,12.00,12.00,12.00,1.40,^,0.00,,16.80,12.20,504,0.00,45.5,1,0,0.00,0.00,0.00,12.00,0.00,0.00,0,0,0.00,0
2026-04-25 15:00:51,490.91,0,0,0,0,0,0,0,0.00,0,0.00,4.95,0.39,1.11,0.36,D,0.00,12.00,12.00,12.00,1.03,^,0.00,,14.60,12.20,504,0.00,46.6,1,0,0.00,0.00,0.00,12.00,0.00,0.00,0,0,0.00,0
2026-04-25 15:00:52,491.93,0,0,0,0,0,0,0,-1.00,0,1.00,4.95,0.39,0.01,0.12,D,0.00,12.00,12.00,12.00,0.77,^,0.00,,12.60,12.20,504,0.26,47.2,1,0,0.00,0.00,0.00,12.00,0.00,0.00,0,0,0.00,0
2026-04-25 15:00:53,492.94,0,0,0,0,0,0,0,-1.00,0,1.00,4.95,0.39,0.11,0.63,D,0.00,12.00,12.00,12.00,0.56,^,0.00,,12.00,12.20,504,0.00,47.2,1,0,0.00,0.00,0.00,12.00,0.00,0.00,0,0,0.00,0
2026-04-25 15:00:54,494.05,0,0,0,0,0,0,0,0.00,0,1.00,4.95,0.39,2.03,1.00,D,0.00,12.00,12.00,12.00,0.89,^,0.00,,13.80,12.20,504,0.00,45.5,1,0,0.00,0.00,0.00,12.00,0.00,0.00,0,0,0.00,0
2026-04-25 15:00:55,494.95,0,0,0,0,0,0,0,0.00,0,1.00,4.95,0.39,3.54,1.00,D,0.00,12.00,2.32,12.00,1.30,^,0.00,,14.60,12.20,504,0.00,47.2,1,0,0.00,0.00,0.00,12.00,0.00,0.00,0,0,0.00,0
2026-04-25 15:00:56,495.97,0,0,0,0,0,0,0,0.00,0,1.00,4.95,0.40,3.58,1.00,D,0.00,12.00,1.66,12.00,1.69,^,0.00,,15.90,12.20,504,0.00,45.5,1,0,0.00,0.00,0.00,12.00,0.00,0.00,0,0,0.00,0
2026-04-25 15:00:57,496.98,0,0,0,0,0,0,0,0.00,0,1.00,4.95,0.41,3.60,1.00,D,0.00,12.00,12.00,12.00,1.80,^,0.00,,15.40,12.20,504,0.00,47.2,1,0,0.00,0.00,0.00,12.00,0.00,0.00,0,0,0.00,0
2026-04-25 15:00:58,498.00,0,0,0,0,0,0,0,0.00,1,1.00,4.95,0.41,2.38,0.00,D,0.00,12.00,12.00,12.00,2.14,^,0.00,,17.30,12.10,504,0.00,46.1,1,0,0.00,0.00,0.00,12.00,0.00,0.00,0,0,0.00,0
2026-04-25 15:00:59,499.01,0,0,0,1,0,0,0,-1.00,0,1.00,4.95,0.41,0.21,-0.22,R,0.00,12.00,12.00,12.00,1.35,^,0.00,,15.40,12.10,504,0.00,46.6,1,0,0.00,0.00,0.00,12.00,0.00,0.00,0,0,0.00,0
2026-04-25 15:01:00,500.02,0,0,0,0,0,0,0,0.00,0,0.00,4.95,0.41,0.45,-0.18,R,0.00,12.00,12.00,12.00,1.03,^,0.00,,15.60,12.20,504,0.00,46.6,1,0,0.00,0.00,0.00,12.00,0.00,0.00,0,0,0.00,0
2026-04-25 15:01:01,501.02,0,0,0,0,0,0,0,1.00,0,1.00,4.95,0.41,0.49,-0.61,R,0.00,12.00,12.00,12.00,0.89,^,0.00,,17.30,12.10,504,0.00,46.1,1,0,0.00,0.00,0.00,12.00,0.00,0.00,0,0,0.00,0
2026-04-25 15:01:02,502.13,0,0,0,1,0,0,0,-1.00,1,1.00,4.95,0.41,0.48,0.00,P,0.00,12.00,12.00,12.00,0.51,^,0.00,,17.40,12.20,504,0.00,46.1,1,0,0.00,0.00,0.00,12.00,0.00,0.00,0,0,0.00,0
2026-04-25 15:01:03,503.04,0,0,0,0,0,0,0,0.96,1,1.00,4.95,0.41,0.00,0.00,P,0.00,12.00,12.00,12.00,0.62,^,0.00,,14.60,12.20,504,0.16,44.4,1,0,0.00,0.00,0.00,12.00,0.00,0.00,0,0,0.00,0
2026-04-25 15:01:04,504.05,0,0,1,0,0,0,0,1.00,0,1.00,4.95,0.41,0.00,0.03,D,0.00,12.00,12.00,12.00,0.70,^,0.00,,15.90,12.20,504,1.17,44.4,1,0,0.00,0.00,0.00,12.00,0.00,0.00,0,0,0.00,0
2026-04-25 15:01:05,505.06,0,0,0,0,0,0,0,1.00,0,1.00,4.95,0.41,0.01,0.54,D,0.00,12.00,12.00,12.00,0.69,^,0.00,,14.10,12.10,504,0.00,45.0,1,0,0.00,0.00,0.00,12.00,0.00,0.00,0,0,0.00,0
2026-04-25 15:01:06,506.17,0,0,0,0,0,0,0,0.00,0,0.20,4.95,0.41,1.87,0.67,D,0.00,12.00,12.00,12.00,0.88,^,0.00,,15.30,12.10,504,0.00,46.1,1,0,0.00,0.00,0.00,12.00,0.00,0.00,0,0,0.00,0
2026-04-25 15:01:07,507.08,0,0,0,0,0,0,0,0.00,0,0.20,4.95,0.41,0.71,0.20,D,0.00,12.00,12.00,12.00,1.10,^,0.00,,15.90,12.10,504,0.00,46.1,1,0,0.00,0.00,0.00,12.00,0.00,0.00,0,0,0.00,0
2026-04-25 15:01:08,508.09,0,0,0,0,0,0,0,0.00,0,0.20,4.95,0.41,0.00,0.20,D,0.00,12.00,12.00,12.00,0.76,^,0.00,,14.10,12.20,504,0.01,45.0,1,0,0.00,0.00,0.00,12.00,0.00,0.00,0,0,0.00,0
2026-04-25 15:01:09,509.11,0,0,0,0,0,0,0,0.00,0,0.20,4.95,0.41,0.00,0.20,D,0.00,12.00,12.00,12.00,0.32,^,0.00,,13.70,12.10,504,1.03,46.1,1,0,0.00,0.00,0.00,12.00,0.00,0.00,0,0,0.00,0
2026-04-25 15:01:10,510.12,0,0,0,0,0,0,0,0.00,0,0.20,4.95,0.41,0.00,0.20,D,0.00,12.00,12.00,12.00,0.27,^,0.00,,14.60,12.10,504,2.04,44.4,1,0,0.00,0.00,0.00,12.00,0.00,0.00,0,0,0.00,0
2026-04-25 15:01:11,511.13,0,0,0,0,0,0,0,0.00,0,0.20,4.95,0.41,0.00,0.20,D,0.00,12.00,12.00,12.00,0.39,^,0.00,,14.40,12.10,504,3.05,46.1,1,0,0.00,0.00,0.00,12.00,0.00,0.00,0,0,0.00,0
2026-04-25 15:01:12,512.14,0,0,0,0,0,0,0,0.00,0,0.20,4.95,0.41,0.00,0.20,D,0.00,12.00,12.00,12.00,0.63,^,0.00,,13.00,12.10,504,4.07,46.1,1,0,0.00,0.00,0.00,12.00,0.00,0.00,0,0,0.00,0
2026-04-25 15:01:13,513.15,0,0,0,0,0,0,0,0.00,0,0.00,4.95,0.41,0.00,0.00,D,0.00,12.00,12.00,12.00,0.99,^,0.00,,14.80,12.10,504,5.08,45.5,1,0,0.00,0.00,0.00,12.00,0.00,0.00,0,0,0.00,0
2026-04-25 15:01:14,514.17,1,0,0,0,0,0,0,0.12,0,1.00,4.95,0.41,0.00,0.39,D,0.00,12.00,12.00,12.00,1.16,^,7.16,,14.20,12.10,504,6.09,46.1,1,0,0.00,0.00,0.00,12.00,0.12,1.00,0,0,0.00,0
2026-04-25 15:01:16,515.18,1,0,0,0,0,0,0,0.27,0,0.20,4.95,0.41,1.09,0.86,D,0.00,12.00,12.00,12.00,1.25,^,15.90,,14.30,12.20,504,0.00,44.4,1,0,0.00,0.00,0.00,12.00,0.27,1.00,0,0,0.00,0
2026-04-25 15:01:17,516.29,1,0,0,0,0,0,0,0.05,0,1.00,4.95,0.41,2.29,0.97,D,0.00,12.00,12.00,12.00,1.46,^,2.79,,16.30,12.20,504,0.00,46.1,1,0,0.00,0.00,0.00,12.00,0.05,1.00,0,0,0.00,0
2026-04-25 15:01:18,517.19,1,0,0,0,0,0,0,-0.17,0,1.00,4.95,0.42,3.66,1.00,D,0.00,12.00,12.00,12.00,1.35,^,-10.39,,16.20,12.10,504,0.00,46.6,1,0,0.00,0.00,0.00,12.00,-0.17,1.00,0,0,0.00,0
2026-04-25 15:01:19,518.21,1,0,0,0,0,0,0,0.18,0,1.00,4.95,0.42,3.61,0.97,D,0.00,12.00,12.00,12.00,1.67,^,10.74,,17.40,12.10,504,0.00,45.0,1,0,0.00,0.00,0.00,12.00,0.18,1.00,0,0,0.00,0
2026-04-25 15:01:20,519.21,1,0,0,0,0,0,0,0.20,0,1.00,4.95,0.43,3.66,1.00,D,0.00,12.00,12.00,12.00,1.84,^,11.76,,17.60,12.20,504,0.00,46.1,1,0,0.00,0.00,0.00,12.00,0.20,1.00,0,0,0.00,0
2026-04-25 15:01:21,520.23,1,0,0,0,0,0,0,0.25,0,0.20,4.95,0.44,3.70,0.99,D,0.00,12.00,12.00,12.00,1.80,^,15.11,,15.50,12.10,504,0.00,46.6,1,0,0.00,0.00,0.00,12.00,0.25,1.00,0,0,0.00,0
2026-04-25 15:01:22,521.34,1,0,0,0,0,0,0,-0.17,0,1.00,4.95,0.44,3.65,1.00,D,0.00,12.00,12.00,12.00,1.73,^,-10.01,,13.50,12.10,504,0.00,46.1,1,0,0.00,0.00,0.00,12.00,-0.17,1.00,0,0,0.00,0
2026-04-25 15:01:23,522.24,1,0,0,0,0,0,0,0.08,0,1.00,4.95,0.45,3.60,1.00,D,0.00,12.00,12.00,12.00,2.13,^,4.68,,14.20,12.10,504,0.00,48.3,1,0,0.00,0.00,0.00,12.00,0.08,1.00,0,0,0.00,0
2026-04-25 15:01:24,523.26,1,0,0,0,0,0,0,-0.33,0,0.20,4.95,0.45,3.66,0.99,D,0.00,12.00,12.00,12.00,2.42,^,-19.58,,13.50,12.10,504,0.00,47.2,1,0,0.00,0.00,0.00,12.00,-0.33,1.00,0,0,0.00,0
2026-04-25 15:01:25,524.27,1,0,0,0,0,0,0,0.07,0,1.00,4.95,0.46,3.65,1.00,D,0.00,12.00,12.00,12.00,2.45,^,4.40,,12.90,12.10,504,0.00,45.5,1,0,0.00,0.00,0.00,12.00,0.07,1.00,0,0,0.00,0
2026-04-25 15:01:26,525.28,1,0,0,0,0,0,0,0.07,0,1.00,4.95,0.47,3.58,1.00,D,0.00,12.00,12.00,12.00,12.00,^,4.29,,14.20,12.20,504,0.00,47.7,1,0,0.00,0.00,0.00,12.00,0.07,1.00,0,0,0.00,0
2026-04-25 15:01:27,526.39,1,0,0,0,0,0,0,-0.01,0,1.00,4.95,0.47,3.70,1.00,D,0.00,12.00,12.00,12.00,2.40,^,-0.33,,13.10,12.20,504,0.00,47.2,1,0,0.00,0.00,0.00,12.00,-0.01,1.00,0,0,0.00,0
2026-04-25 15:01:28,527.29,1,0,0,0,0,0,0,0.14,0,1.00,4.95,0.48,3.72,1.00,D,0.00,12.00,12.00,12.00,12.00,^,8.22,,13.60,12.20,504,0.00,47.2,1,0,0.00,0.00,0.00,12.00,0.14,1.00,0,0,0.00,0
2026-04-25 15:01:29,528.31,1,0,0,0,0,0,0,0.19,0,1.00,4.95,0.49,3.70,1.00,D,0.00,12.00,12.00,12.00,2.45,^,11.11,,14.40,12.20,504,0.00,47.2,1,0,0.00,0.00,0.00,12.00,0.19,1.00,0,0,0.00,0
2026-04-25 15:01:30,529.32,1,0,0,0,0,0,0,-0.06,0,1.00,4.95,0.49,3.62,1.00,D,0.00,12.00,1.98,12.00,12.00,^,-3.33,,15.00,12.20,504,0.00,47.7,1,0,0.00,0.00,0.00,12.00,-0.06,1.00,0,0,0.00,0
2026-04-25 15:01:31,530.33,1,0,0,0,0,0,0,0.23,0,1.00,4.95,0.50,3.69,1.00,D,0.00,12.00,1.27,12.00,1.16,^,13.76,,15.50,12.20,504,0.00,46.6,1,0,0.00,0.00,0.00,12.00,0.23,1.00,0,0,0.00,0
2026-04-25 15:01:32,531.34,1,0,0,0,0,0,0,-0.15,0,1.00,4.95,0.50,2.67,0.74,D,0.00,12.00,2.17,12.00,1.91,^,-8.93,,17.80,12.20,504,0.00,46.6,1,0,0.00,0.00,0.00,12.00,-0.15,1.00,0,0,0.00,0
2026-04-25 15:01:33,532.35,0,0,0,0,0,0,0,0.00,1,1.00,4.95,0.51,3.13,0.00,D,0.00,12.00,12.00,12.00,2.33,^,0.00,,16.80,12.20,504,0.00,46.1,1,0,0.00,0.00,0.00,12.00,0.00,0.00,0,0,0.00,0
2026-04-25 15:01:34,533.36,0,0,0,0,0,0,0,-0.84,0,1.00,4.95,0.51,0.00,0.27,D,0.00,12.00,12.00,12.00,1.57,^,0.00,,14.50,12.20,504,0.46,47.2,1,0,0.00,0.00,0.00,12.00,0.00,0.00,0,0,0.00,0
2026-04-25 15:01:35,534.47,0,0,0,0,0,0,0,-0.99,0,1.00,4.95,0.51,0.29,0.78,D,0.00,12.00,12.00,12.00,0.94,^,0.00,,13.70,12.20,504,0.00,46.6,1,0,0.00,0.00,0.00,12.00,0.00,0.00,0,0,0.00,0
2026-04-25 15:01:36,535.37,0,0,0,0,0,0,0,0.00,0,1.00,4.95,0.51,0.99,0.62,D,0.00,12.00,2.44,12.00,1.05,^,0.00,,16.90,12.20,504,0.00,46.6,1,0,0.00,0.00,0.00,12.00,0.00,0.00,0,0,0.00,0
2026-04-25 15:01:37,536.48,0,0,0,0,0,0,0,0.00,0,0.00,4.95,0.51,0.06,0.03,D,0.00,12.00,12.00,12.00,1.28,^,0.00,,15.00,12.20,504,0.02,46.6,1,0,0.00,0.00,0.00,12.00,0.00,0.00,0,0,0.00,0
2026-04-25 15:01:38,537.49,1,0,0,0,0,0,0,0.22,0,1.00,4.95,0.51,0.00,0.27,D,0.00,12.00,12.00,12.00,1.27,^,13.03,,14.10,12.20,504,0.71,45.0,1,0,0.00,0.00,0.00,12.00,0.22,1.00,0,0,0.00,0
2026-04-25 15:01:39,538.39,1,0,0,0,0,0,0,0.22,0,1.00,4.95,0.51,0.00,0.44,D,0.00,12.00,12.00,12.00,1.27,^,12.99,,14.10,12.20,504,1.62,46.1,1,0,0.00,0.00,0.00,12.00,0.22,1.00,0,0,0.00,0
2026-04-25 15:01:40,539.40,1,0,0,0,0,0,0,0.10,0,1.00,4.95,0.51,1.32,0.94,D,0.00,12.00,12.00,12.00,1.41,^,6.18,,16.10,12.20,504,0.00,46.1,1,0,0.00,0.00,0.00,12.00,0.10,1.00,0,0,0.00,0
2026-04-25 15:01:41,540.41,1,0,0,0,0,0,0,0.28,0,0.20,4.95,0.51,3.49,0.97,D,0.00,12.00,12.00,12.00,2.16,^,17.06,,16.50,12.10,504,0.00,46.1,1,0,0.00,0.00,0.00,12.00,0.28,1.00,0,0,0.00,0
2026-04-25 15:01:42,541.43,1,0,0,0,0,0,0,0.01,0,1.00,4.95,0.51,3.30,0.93,D,0.00,12.00,12.00,12.00,2.69,^,0.36,,17.30,12.20,504,0.00,45.5,1,0,0.00,0.00,0.00,12.00,0.01,1.00,0,0,0.00,0
2026-04-25 15:01:43,542.54,0,0,0,0,0,0,0,0.00,0,1.00,4.95,0.52,0.96,0.10,D,0.00,12.00,12.00,12.00,2.27,^,0.00,,18.00,12.20,504,0.00,45.5,1,0,0.00,0.00,0.00,12.00,0.00,0.00,0,0,0.00,0
2026-04-25 15:01:44,543.45,0,0,0,0,0,0,0,0.00,0,1.00,4.95,0.52,0.03,0.58,D,0.00,12.00,12.00,12.00,1.28,^,0.00,,14.30,12.20,504,0.00,45.5,1,0,0.00,0.00,0.00,12.00,0.00,0.00,0,0,0.00,0
2026-04-25 15:01:45,544.46,1,0,0,0,0,0,0,-0.22,0,1.00,4.95,0.52,1.77,0.90,D,0.00,12.00,12.00,12.00,1.05,^,-13.07,,15.70,12.20,504,0.00,46.6,1,0,0.00,0.00,0.00,12.00,-0.22,1.00,0,0,0.00,0
2026-04-25 15:01:46,545.48,1,0,0,0,0,0,0,0.14,0,1.00,4.95,0.52,3.16,1.00,D,0.00,12.00,12.00,12.00,1.44,^,8.24,,16.20,12.20,504,0.00,46.6,1,0,0.00,0.00,0.00,12.00,0.14,1.00,0,0,0.00,0
2026-04-25 15:01:47,546.49,1,0,0,0,0,0,0,0.16,0,1.00,4.95,0.53,3.59,1.00,D,0.00,12.00,12.00,12.00,1.65,^,9.40,,15.00,12.20,504,0.00,44.4,1,0,0.00,0.00,0.00,12.00,0.16,1.00,0,0,0.00,0
2026-04-25 15:01:48,547.51,1,0,0,0,0,0,0,-0.11,0,1.00,4.95,0.53,2.93,0.99,D,0.00,12.00,3.17,12.00,1.79,^,-6.63,,16.40,12.20,504,0.00,46.1,1,0,0.00,0.00,0.00,12.00,-0.11,1.00,0,0,0.00,0
2026-04-25 15:01:49,548.51,1,0,0,0,0,0,0,0.25,0,1.00,4.95,0.54,3.40,0.78,D,0.00,2.72,2.19,12.00,1.67,^,14.72,,17.70,12.20,504,0.00,46.6,1,0,0.00,0.00,0.00,2.72,0.25,1.00,0,0,0.00,0
2026-04-25 15:01:50,549.52,1,0,0,0,0,0,0,-0.04,0,1.00,4.95,0.54,3.01,1.00,D,0.00,12.00,1.95,12.00,1.31,^,-2.34,,18.60,12.20,504,0.00,46.6,1,0,0.00,0.00,0.00,12.00,-0.04,1.00,0,0,0.00,0
2026-04-25 15:01:51,550.53,0,0,0,0,0,0,0,0.00,1,1.00,4.95,0.55,1.65,0.00,D,0.00,12.00,1.35,12.00,1.29,^,0.00,,17.00,12.20,504,0.00,46.6,1,0,0.00,0.00,0.00,12.00,0.00,0.00,0,0,0.00,0
2026-04-25 15:01:52,551.54,0,0,0,0,0,0,0,0.00,1,1.00,4.95,0.55,0.00,0.00,D,0.00,12.00,1.32,12.00,0.36,^,0.00,,14.90,12.20,504,0.52,45.5,1,0,0.00,0.00,0.00,12.00,0.00,0.00,0,0,0.00,0
2026-04-25 15:01:53,552.55,0,0,0,0,0,0,0,0.00,1,0.00,4.95,0.55,0.00,0.00,D,0.00,12.00,1.33,0.10,0.28,^,0.00,,14.20,12.20,504,0.31,46.6,1,0,0.00,0.00,0.00,12.00,0.00,0.00,0,0,0.00,0
2026-04-25 15:01:54,553.57,0,0,0,0,0,0,0,0.00,1,0.00,4.95,0.54,0.00,0.00,D,0.00,12.00,1.33,12.00,0.49,^,0.00,,15.00,12.10,504,1.32,45.0,1,0,0.00,0.00,0.00,12.00,0.00,0.00,0,0,0.00,0
2026-04-25 15:01:55,554.58,0,0,0,0,0,0,0,0.00,0,0.00,4.95,0.54,0.00,0.00,D,0.00,12.00,1.33,12.00,0.63,^,0.00,,14.10,12.20,504,2.34,46.1,1,0,0.00,0.00,0.00,12.00,0.00,0.00,0,0,0.00,0
2026-04-25 15:01:56,555.60,1,0,0,0,0,0,0,0.22,0,1.00,4.95,0.54,0.01,0.36,D,0.00,12.00,1.33,12.00,0.62,^,13.48,,14.60,12.10,504,0.05,46.1,1,0,0.00,0.00,0.00,12.00,0.22,1.00,0,0,0.00,0
2026-04-25 15:01:57,556.61,1,0,0,0,0,0,0,0.24,0,1.00,4.95,0.54,0.57,0.57,D,0.00,12.00,1.31,12.00,0.68,^,14.55,,14.90,12.10,504,0.00,44.4,1,0,0.00,0.00,0.00,12.00,0.24,1.00,0,0,0.00,0
2026-04-25 15:01:58,557.62,1,0,0,0,0,0,0,0.14,0,1.00,4.95,0.54,1.73,0.84,D,0.00,12.00,12.00,12.00,1.06,^,8.41,,15.50,12.20,504,0.00,46.1,1,0,0.00,0.00,0.00,12.00,0.14,1.00,0,0,0.00,0
2026-04-25 15:01:59,558.62,1,0,0,0,0,0,0,0.18,0,1.00,4.95,0.55,2.61,0.90,D,0.00,12.00,12.00,12.00,1.32,^,10.83,,17.30,12.20,504,0.00,45.0,1,0,0.00,0.00,0.00,12.00,0.18,1.00,0,0,0.00,0
2026-04-25 15:02:00,559.64,0,0,0,0,0,0,0,0.00,1,1.00,4.95,0.55,1.18,0.00,D,0.00,12.00,12.00,12.00,1.47,^,0.00,,16.20,12.20,504,0.00,45.5,1,0,0.00,0.00,0.00,12.00,0.00,0.00,0,0,0.00,0
2026-04-25 15:02:01,560.75,0,0,0,0,0,0,0,0.00,0,1.00,4.95,0.55,0.00,0.48,D,0.00,12.00,12.00,12.00,0.91,^,0.00,,13.80,12.20,504,0.01,45.0,1,0,0.00,0.00,0.00,12.00,0.00,0.00,0,0,0.00,0
2026-04-25 15:02:02,561.65,0,0,0,0,0,0,0,0.00,1,1.00,4.95,0.55,0.00,0.00,D,0.00,12.00,12.00,12.00,0.44,^,0.00,,14.10,12.20,504,0.09,45.5,1,0,0.00,0.00,0.00,12.00,0.00,0.00,0,0,0.00,0
2026-04-25 15:02:03,562.66,0,0,0,0,0,0,0,0.00,1,0.00,4.95,0.55,0.00,0.00,D,0.00,0.09,12.00,0.09,0.22,STOP_WARNING,0.00,aeb_stop,15.70,12.10,504,1.10,46.1,1,1,0.00,0.00,0.00,0.09,0.00,0.00,0,0,0.00,0
2026-04-25 15:02:04,563.68,0,0,0,0,0,0,0,0.00,1,0.00,4.95,0.55,0.00,0.00,D,0.00,0.09,12.00,0.09,0.22,STOP_WARNING,0.00,aeb_stop,14.20,12.20,504,0.27,46.1,1,1,0.00,0.00,0.00,0.09,0.00,0.00,0,0,0.00,0
2026-04-25 15:02:05,564.69,0,0,0,0,0,0,0,0.00,1,0.00,4.95,0.55,0.00,0.00,D,0.00,0.10,12.00,0.09,0.22,STOP_WARNING,0.00,aeb_stop,14.40,12.10,504,1.29,46.1,1,1,0.00,0.00,0.00,0.10,0.00,0.00,0,0,0.00,0
2026-04-25 15:02:06,565.71,0,0,0,0,0,0,0,0.00,1,0.00,4.95,0.54,0.00,0.00,D,0.00,0.11,12.00,0.10,0.22,STOP_WARNING,0.00,aeb_stop,14.80,12.10,504,0.25,46.1,1,1,0.00,0.00,0.00,0.11,0.00,0.00,0,0,0.00,0
2026-04-25 15:02:07,566.82,0,0,0,0,0,0,0,0.00,0,0.00,4.95,0.54,0.00,0.00,D,0.00,12.00,12.00,0.09,0.22,^,0.00,,13.70,12.10,504,1.37,45.5,1,0,0.00,0.00,0.00,12.00,0.00,0.00,0,0,0.00,0
2026-04-25 15:02:08,567.72,0,0,0,1,0,0,0,1.00,0,1.00,4.95,0.54,0.02,-0.24,R,0.00,12.00,12.00,12.00,0.41,^,0.00,,15.60,12.20,504,0.00,45.5,1,0,0.00,0.00,0.00,12.00,0.00,0.00,0,0,0.00,0
2026-04-25 15:02:09,568.73,0,0,0,0,0,0,0,0.00,0,0.00,4.95,0.54,0.70,-0.64,R,0.00,12.00,12.00,12.00,0.93,^,0.00,,15.30,12.20,504,0.00,46.1,1,0,0.00,0.00,0.00,12.00,0.00,0.00,0,0,0.00,0
2026-04-25 15:02:10,569.74,0,0,0,0,0,0,0,0.47,0,0.00,4.95,0.54,1.38,-0.36,R,0.00,12.00,12.00,12.00,0.99,^,0.00,,14.40,12.10,504,0.00,46.1,1,0,0.00,0.00,0.00,12.00,0.00,0.00,0,0,0.00,0
2026-04-25 15:02:11,570.75,0,0,1,0,0,0,0,0.00,0,0.00,4.95,0.54,0.64,0.00,D,0.00,12.00,12.00,12.00,0.87,^,0.00,,13.70,12.10,504,0.00,46.6,1,0,0.00,0.00,0.00,12.00,0.00,0.00,0,0,0.00,0
2026-04-25 15:02:12,571.76,1,0,0,0,0,0,0,-0.05,0,1.00,4.95,0.54,0.00,0.25,D,0.00,12.00,12.00,12.00,0.95,^,-3.16,,12.70,12.10,504,0.43,46.1,1,0,0.00,0.00,0.00,12.00,-0.05,1.00,0,0,0.00,0
2026-04-25 15:02:13,572.77,1,0,0,0,0,0,0,0.13,0,1.00,4.95,0.54,0.35,0.75,D,0.00,12.00,12.00,12.00,0.69,^,7.72,,12.00,12.20,504,0.00,46.6,1,0,0.00,0.00,0.00,12.00,0.13,1.00,0,0,0.00,0
2026-04-25 15:02:14,573.78,1,0,0,0,0,0,0,0.18,0,1.00,4.95,0.54,3.28,1.00,D,0.00,12.00,12.00,12.00,0.95,^,10.98,,14.90,12.20,504,0.00,46.6,1,0,0.00,0.00,0.00,12.00,0.18,1.00,0,0,0.00,0
2026-04-25 15:02:15,574.78,1,0,0,0,0,0,0,-0.03,0,1.00,4.95,0.55,3.41,1.00,D,0.00,12.00,12.00,12.00,1.43,^,-1.91,,16.90,12.10,504,0.00,45.0,1,0,0.00,0.00,0.00,12.00,-0.03,1.00,0,0,0.00,0
2026-04-25 15:02:16,575.80,1,0,0,0,0,0,0,-0.03,0,1.00,4.95,0.55,3.27,1.00,D,0.00,12.00,12.00,12.00,1.56,^,-2.07,,18.40,12.20,504,0.00,46.1,1,0,0.00,0.00,0.00,12.00,-0.03,1.00,0,0,0.00,0
2026-04-25 15:02:17,576.80,0,0,0,0,0,0,0,0.00,0,1.00,4.95,0.56,0.15,0.02,D,0.00,3.22,12.00,12.00,1.74,^,0.00,,15.60,12.10,504,0.01,46.6,1,0,0.00,0.00,0.00,3.22,0.00,0.00,0,0,0.00,0
2026-04-25 15:02:18,577.82,0,0,0,0,0,0,0,0.00,0,1.00,4.95,0.56,0.03,0.52,D,0.00,3.24,12.00,12.00,0.79,^,0.00,,13.70,12.20,504,0.01,45.5,1,0,0.00,0.00,0.00,3.24,0.00,0.00,0,0,0.00,0
2026-04-25 15:02:19,578.83,0,0,0,0,0,0,0,0.00,1,1.00,4.95,0.56,0.56,0.00,D,0.00,2.98,12.00,12.00,0.49,^,0.00,,15.60,12.20,504,0.01,45.5,1,0,0.00,0.00,0.00,2.98,0.00,0.00,0,0,0.00,0
2026-04-25 15:02:20,579.84,0,0,0,0,0,0,0,0.00,1,1.00,4.95,0.56,0.00,0.00,D,0.00,3.02,12.00,12.00,0.14,^,0.00,,12.60,12.10,504,0.60,46.1,1,0,0.00,0.00,0.00,3.02,0.00,0.00,0,0,0.00,0
2026-04-25 15:02:21,580.95,0,0,0,0,0,0,0,0.00,1,1.00,4.95,0.55,0.00,0.00,D,0.00,3.02,12.00,12.00,0.15,^,0.00,,14.40,12.10,504,0.55,46.1,1,0,0.00,0.00,0.00,3.02,0.00,0.00,0,0,0.00,0
2026-04-25 15:02:22,581.86,0,0,0,0,0,0,0,0.00,1,1.00,4.95,0.55,0.00,0.00,D,0.00,3.01,12.00,12.00,0.14,^,0.00,,14.20,12.10,504,1.45,45.0,1,0,0.00,0.00,0.00,3.01,0.00,0.00,0,0,0.00,0
2026-04-25 15:02:23,582.97,0,0,0,0,0,0,0,0.00,1,1.00,4.95,0.55,0.00,0.00,D,0.00,3.00,3.42,12.00,0.13,^,0.00,,14.60,12.10,504,0.70,45.5,1,0,0.00,0.00,0.00,3.00,0.00,0.00,0,0,0.00,0
2026-04-25 15:02:24,583.88,0,0,0,0,0,0,0,0.00,1,1.00,4.95,0.55,0.00,0.00,D,0.00,3.02,12.00,12.00,0.12,^,0.00,,14.00,12.10,504,1.60,45.5,1,0,0.00,0.00,0.00,3.02,0.00,0.00,0,0,0.00,0
2026-04-25 15:02:25,584.89,0,0,0,0,0,0,0,0.00,1,1.00,4.95,0.55,0.00,0.00,D,0.00,3.01,12.00,0.12,0.12,^,0.00,,14.60,12.10,504,0.16,45.0,1,0,0.00,0.00,0.00,3.01,0.00,0.00,0,0,0.00,0
2026-04-25 15:02:26,585.90,0,0,0,0,0,0,0,0.00,1,1.00,4.95,0.55,0.00,0.00,D,0.00,3.01,12.00,0.13,0.13,^,0.00,,13.10,12.10,504,1.17,46.6,1,0,0.00,0.00,0.00,3.01,0.00,0.00,0,0,0.00,0
2026-04-25 15:02:27,586.91,0,0,0,0,0,0,0,0.00,1,1.00,4.95,0.55,0.00,0.00,D,0.00,3.01,12.00,0.11,0.12,^,0.00,,14.10,12.10,504,0.80,45.5,1,0,0.00,0.00,0.00,3.01,0.00,0.00,0,0,0.00,0
2026-04-25 15:02:28,587.92,0,0,0,0,0,0,0,0.00,1,1.00,4.95,0.55,0.00,0.00,D,0.00,3.02,12.00,0.04,0.04,^,0.00,,14.20,12.10,504,1.81,45.5,1,0,0.00,0.00,0.00,3.02,0.00,0.00,0,0,0.00,0
2026-04-25 15:02:29,589.03,0,0,0,0,0,0,0,0.00,1,1.00,4.95,0.55,0.00,0.00,D,0.00,3.05,12.00,0.05,0.05,^,0.00,,13.70,12.10,504,0.57,46.1,1,0,0.00,0.00,0.00,3.05,0.00,0.00,0,0,0.00,0
2026-04-25 15:02:30,589.94,0,0,0,0,0,0,0,0.00,1,1.00,4.95,0.55,0.00,0.00,D,0.00,2.98,12.00,0.04,0.04,^,0.00,,15.10,12.10,504,0.30,45.5,1,0,0.00,0.00,0.00,2.98,0.00,0.00,0,0,0.00,0
2026-04-25 15:02:31,590.94,0,0,0,0,0,0,0,0.00,1,1.00,4.95,0.55,0.00,0.00,D,0.00,3.07,12.00,0.06,0.06,^,0.00,,14.80,12.10,504,1.30,46.1,1,0,0.00,0.00,0.00,3.07,0.00,0.00,0,0,0.00,0
2026-04-25 15:02:32,591.95,0,0,0,0,0,0,0,0.00,1,1.00,4.95,0.54,0.00,0.00,D,0.00,3.03,12.00,0.10,0.11,^,0.00,,14.20,12.10,504,2.31,46.6,1,0,0.00,0.00,0.00,3.03,0.00,0.00,0,0,0.00,0
2026-04-25 15:02:33,592.96,0,0,0,0,0,0,0,0.00,1,1.00,4.95,0.54,0.00,0.00,D,0.00,3.02,12.00,0.12,0.23,^,0.00,,11.90,12.10,504,0.89,45.5,1,0,0.00,0.00,0.00,3.02,0.00,0.00,0,0,0.00,0
2026-04-25 15:02:34,593.98,0,0,0,0,0,0,0,0.00,1,1.00,4.95,0.54,0.00,0.00,D,0.00,3.03,12.00,0.07,0.08,^,0.00,,13.40,12.10,504,0.06,46.1,1,0,0.00,0.00,0.00,3.03,0.00,0.00,0,0,0.00,0
2026-04-25 15:02:35,595.09,0,0,0,0,0,0,0,0.00,1,1.00,4.95,0.54,0.00,0.00,D,0.00,3.01,12.00,0.06,0.07,^,0.00,,11.70,12.10,504,1.03,45.5,1,0,0.00,0.00,0.00,3.01,0.00,0.00,0,0,0.00,0
2026-04-25 15:02:36,595.99,0,0,0,0,0,0,0,0.00,1,1.00,4.95,0.54,0.00,0.00,D,0.00,3.00,12.00,0.09,0.25,^,0.00,,11.70,12.10,504,1.93,47.2,1,0,0.00,0.00,0.00,3.00,0.00,0.00,0,0,0.00,0
2026-04-25 15:02:37,597.00,0,0,0,0,0,0,0,0.00,1,1.00,4.95,0.54,0.00,0.00,D,0.00,3.01,12.00,0.07,0.09,^,0.00,,16.30,12.10,504,0.99,46.6,1,0,0.00,0.00,0.00,3.01,0.00,0.00,0,0,0.00,0
2026-04-25 15:02:38,598.01,0,0,0,0,0,0,0,0.00,1,1.00,4.95,0.54,0.00,0.00,D,0.00,3.01,12.00,0.07,0.07,^,0.00,,13.40,12.10,504,0.44,45.0,1,0,0.00,0.00,0.00,3.01,0.00,0.00,0,0,0.00,0
2026-04-25 15:02:39,599.02,0,0,0,0,0,0,0,0.00,1,1.00,4.95,0.54,0.00,0.00,D,0.00,3.02,12.00,0.15,0.17,^,0.00,,15.80,12.10,504,1.45,46.1,1,0,0.00,0.00,0.00,3.02,0.00,0.00,0,0,0.00,0
2026-04-25 15:02:40,600.04,0,0,0,0,0,0,0,0.00,1,1.00,4.95,0.54,0.00,0.00,D,0.00,3.01,0.21,0.15,0.22,^,0.00,,12.60,12.10,504,2.46,46.1,1,0,0.00,0.00,0.00,3.01,0.00,0.00,0,0,0.00,0
2026-04-25 15:02:41,601.05,0,0,0,0,0,0,0,0.00,1,1.00,4.95,0.54,0.00,0.00,D,0.00,3.02,0.27,0.13,0.22,^,0.00,,11.50,12.10,504,3.47,45.5,1,0,0.00,0.00,0.00,3.02,0.00,0.00,0,0,0.00,0
2026-04-25 15:02:42,602.06,0,0,0,0,0,0,0,0.00,1,1.00,4.95,0.54,0.00,0.00,D,0.00,3.02,0.27,0.10,0.24,^,0.00,,11.00,12.10,504,4.48,45.5,1,0,0.00,0.00,0.00,3.02,0.00,0.00,0,0,0.00,0
2026-04-25 15:02:43,603.07,0,0,0,0,0,0,0,0.00,1,1.00,4.95,0.53,0.00,0.00,D,0.00,3.02,0.28,0.07,0.23,^,0.00,,13.40,12.10,504,5.49,45.5,1,0,0.00,0.00,0.00,3.02,0.00,0.00,0,0,0.00,0
2026-04-25 15:02:44,604.08,0,0,0,0,0,0,0,0.00,1,1.00,4.95,0.53,0.00,0.00,D,0.00,3.02,0.28,0.07,0.22,^,0.00,,13.00,12.10,504,6.51,46.1,1,0,0.00,0.00,0.00,3.02,0.00,0.00,0,0,0.00,0
2026-04-25 15:02:45,605.09,0,0,0,0,0,0,0,0.00,1,1.00,4.95,0.53,0.00,0.00,D,0.00,3.02,0.27,0.07,0.23,^,0.00,,13.60,12.10,504,7.52,46.1,1,0,0.00,0.00,0.00,3.02,0.00,0.00,0,0,0.00,0
2026-04-25 15:02:46,606.10,0,0,0,0,0,0,0,0.00,1,1.00,4.95,0.53,0.00,0.00,D,0.00,3.02,0.27,0.12,0.22,^,0.00,,15.50,12.10,504,8.53,46.6,1,0,0.00,0.00,0.00,3.02,0.00,0.00,0,0,0.00,0
2026-04-25 15:02:47,607.11,0,0,0,0,0,0,0,0.00,1,1.00,4.95,0.53,0.00,0.00,D,0.00,3.02,0.27,0.12,0.22,^,0.00,,15.40,12.20,504,9.54,47.7,1,0,0.00,0.00,0.00,3.02,0.00,0.00,0,0,0.00,0
2026-04-25 15:02:48,608.11,0,0,0,0,0,0,0,0.00,1,1.00,4.95,0.53,0.00,0.00,D,0.00,3.01,0.25,0.14,0.22,^,0.00,,12.90,12.20,504,0.41,46.6,1,0,0.00,0.00,0.00,3.01,0.00,0.00,0,0,0.00,0
2026-04-25 15:02:49,609.13,0,0,0,0,0,0,0,0.00,1,1.00,4.95,0.53,0.00,0.00,D,0.00,3.02,0.24,12.00,0.20,^,0.00,,13.00,12.20,504,1.43,47.2,1,0,0.00,0.00,0.00,3.02,0.00,0.00,0,0,0.00,0
2026-04-25 15:02:50,610.14,0,0,0,0,0,0,0,0.00,0,1.00,4.95,0.53,0.00,0.24,D,0.00,3.02,12.00,12.00,0.56,^,0.00,,12.10,12.10,504,2.44,47.2,1,0,0.00,0.00,0.00,3.02,0.00,0.00,0,0,0.00,0
2026-04-25 15:02:51,611.15,1,0,0,0,0,0,0,0.23,0,1.00,4.95,0.53,0.01,0.52,D,0.00,3.02,12.00,12.00,0.97,^,14.10,,11.90,12.10,504,0.06,47.7,1,0,0.00,0.00,0.00,3.02,0.23,1.00,0,0,0.00,0
2026-04-25 15:02:52,612.16,1,0,0,0,0,0,0,0.43,0,0.20,4.95,0.53,0.60,0.37,D,0.00,2.89,3.32,12.00,1.05,^,25.96,,14.00,12.10,504,0.00,45.5,1,0,0.00,0.00,0.00,2.89,0.43,1.00,0,0,0.00,0
2026-04-25 15:02:53,613.17,1,0,0,0,0,0,0,0.44,0,0.20,4.95,0.53,0.00,0.20,D,0.00,2.84,3.00,12.00,0.70,^,26.49,,14.10,12.10,504,0.59,46.1,1,0,0.00,0.00,0.00,2.84,0.44,1.00,0,0,0.00,0
2026-04-25 15:02:55,614.18,1,0,0,0,0,0,0,0.44,0,0.20,4.95,0.53,0.00,0.20,D,0.00,2.84,2.92,12.00,0.69,^,26.28,,14.20,12.10,504,1.60,45.5,1,0,0.00,0.00,0.00,2.84,0.44,1.00,0,0,0.00,0
2026-04-25 15:02:56,615.20,1,0,0,0,0,0,0,0.43,0,0.20,4.95,0.52,0.00,0.20,D,0.00,2.85,3.31,12.00,0.69,^,25.57,,16.60,12.10,504,0.36,46.6,1,0,0.00,0.00,0.00,2.85,0.43,1.00,0,0,0.00,0
2026-04-25 15:02:57,616.21,1,0,0,0,0,0,0,0.24,0,1.00,4.95,0.52,0.00,0.21,D,0.00,2.84,2.97,12.00,0.34,^,14.40,,14.50,12.10,504,1.37,45.5,1,0,0.00,0.00,0.00,2.84,0.24,1.00,0,0,0.00,0
2026-04-25 15:02:58,617.23,1,0,0,0,0,0,0,-0.05,0,1.00,4.95,0.52,0.12,0.71,D,0.00,2.84,3.31,12.00,0.41,^,-3.15,,12.70,12.10,504,0.00,45.0,1,0,0.00,0.00,0.00,2.84,-0.05,1.00,0,0,0.00,0
2026-04-25 15:02:59,618.24,1,0,0,0,0,0,0,-0.03,0,1.00,4.95,0.52,3.00,1.00,D,0.00,2.28,2.51,12.00,0.79,^,-1.55,,14.30,12.10,504,0.00,47.2,1,0,0.00,0.00,0.00,2.28,-0.03,1.00,0,0,0.00,0
2026-04-25 15:03:00,619.25,1,0,0,0,0,0,0,0.60,0,0.20,4.95,0.53,3.39,0.71,D,0.00,1.52,0.95,12.00,1.41,WARN_WARNING,36.27,,14.20,12.10,504,0.00,47.2,1,0,0.00,0.00,0.00,1.52,0.60,1.00,0,0,0.00,0
2026-04-25 15:03:01,620.26,1,0,0,0,0,0,0,0.16,0,1.00,4.95,0.53,2.53,1.00,D,0.00,12.00,12.00,12.00,1.17,^,9.38,,12.40,12.10,504,0.00,47.7,1,0,0.00,0.00,0.00,12.00,0.16,1.00,0,0,0.00,0
2026-04-25 15:03:02,621.27,1,0,0,0,0,0,0,-0.02,0,1.00,4.95,0.54,3.67,1.00,D,0.00,12.00,12.00,12.00,1.75,^,-1.46,,14.40,12.10,504,0.00,47.2,1,0,0.00,0.00,0.00,12.00,-0.02,1.00,0,0,0.00,0
2026-04-25 15:03:03,622.28,0,0,0,0,0,0,0,0.00,0,1.00,4.95,0.54,0.02,0.26,D,0.00,12.00,12.00,12.00,1.54,^,0.00,,14.20,12.10,504,0.26,46.6,1,0,0.00,0.00,0.00,12.00,0.00,0.00,0,0,0.00,0
2026-04-25 15:03:04,623.29,0,0,0,0,0,0,0,-0.99,0,1.00,4.95,0.54,0.25,0.75,D,0.00,12.00,12.00,12.00,0.76,^,0.00,,15.70,12.10,504,0.00,45.5,1,0,0.00,0.00,0.00,12.00,0.00,0.00,0,0,0.00,0
2026-04-25 15:03:05,624.31,1,0,0,0,0,0,0,0.09,0,1.00,4.95,0.54,1.18,0.86,D,0.00,12.00,12.00,12.00,1.11,^,5.28,,13.60,12.10,504,0.00,46.6,1,0,0.00,0.00,0.00,12.00,0.09,1.00,0,0,0.00,0
2026-04-25 15:03:06,625.42,1,0,0,0,0,0,0,0.11,0,1.00,4.95,0.54,3.35,0.99,D,0.00,12.00,12.00,12.00,1.56,^,6.78,,14.70,12.20,504,0.00,47.2,1,0,0.00,0.00,0.00,12.00,0.11,1.00,0,0,0.00,0
2026-04-25 15:03:07,626.32,1,0,0,0,0,0,0,0.00,0,1.00,4.95,0.55,3.61,1.00,D,0.00,12.00,12.00,12.00,1.81,^,0.14,,13.10,12.20,504,0.00,48.3,1,0,0.00,0.00,0.00,12.00,0.00,1.00,0,0,0.00,0
2026-04-25 15:03:08,627.33,1,0,0,0,0,0,0,0.00,0,1.00,4.95,0.55,3.59,1.00,D,0.00,12.00,12.00,12.00,1.97,^,0.30,,13.70,12.20,504,0.00,48.3,1,0,0.00,0.00,0.00,12.00,0.00,1.00,0,0,0.00,0
2026-04-25 15:03:09,628.45,1,0,0,0,0,0,0,0.13,0,1.00,4.95,0.56,3.58,1.00,D,0.00,12.00,12.00,12.00,1.96,^,7.55,,14.40,12.20,504,0.00,48.3,1,0,0.00,0.00,0.00,12.00,0.13,1.00,0,0,0.00,0
2026-04-25 15:03:10,629.35,1,0,0,0,0,0,0,0.08,0,1.00,4.95,0.56,3.48,0.95,D,0.00,12.00,12.00,12.00,1.84,^,4.78,,16.20,12.10,504,0.00,47.2,1,0,0.00,0.00,0.00,12.00,0.08,1.00,0,0,0.00,0
2026-04-25 15:03:11,630.46,1,0,0,0,0,0,0,0.11,0,1.00,4.95,0.57,3.59,1.00,D,0.00,12.00,12.00,12.00,1.76,^,6.35,,16.60,12.20,504,0.00,46.6,1,0,0.00,0.00,0.00,12.00,0.11,1.00,0,0,0.00,0
2026-04-25 15:03:12,631.36,1,0,0,0,0,0,0,-0.04,0,1.00,4.95,0.57,3.56,1.00,D,0.00,12.00,12.00,12.00,1.94,^,-2.35,,16.00,12.20,504,0.00,46.6,1,0,0.00,0.00,0.00,12.00,-0.04,1.00,0,0,0.00,0
2026-04-25 15:03:13,632.37,1,0,0,0,0,0,0,0.18,0,1.00,4.95,0.58,3.57,1.00,D,0.00,12.00,3.65,12.00,2.21,^,11.02,,14.80,12.10,504,0.00,46.1,1,0,0.00,0.00,0.00,12.00,0.18,1.00,0,0,0.00,0
2026-04-25 15:03:14,633.38,1,0,0,0,0,0,0,0.11,0,1.00,4.95,0.58,3.60,1.00,D,0.00,12.00,1.10,12.00,2.37,^,6.67,,15.30,12.10,504,0.00,46.1,1,0,0.00,0.00,0.00,12.00,0.11,1.00,0,0,0.00,0
2026-04-25 15:03:15,634.40,1,0,0,0,0,0,0,0.06,0,1.00,4.95,0.59,3.47,1.00,D,0.00,12.00,12.00,12.00,1.58,^,3.66,,14.60,12.10,504,0.00,48.3,1,0,0.00,0.00,0.00,12.00,0.06,1.00,0,0,0.00,0
2026-04-25 15:03:16,635.41,1,0,0,0,0,0,0,0.24,0,1.00,4.95,0.59,3.59,1.00,D,0.00,12.00,1.96,12.00,1.90,^,14.18,,15.10,12.10,504,0.00,47.7,1,0,0.00,0.00,0.00,12.00,0.24,1.00,0,0,0.00,0
2026-04-25 15:03:17,636.43,1,0,0,0,0,0,0,-0.16,0,1.00,4.95,0.59,3.52,1.00,D,0.00,12.00,1.99,12.00,1.95,^,-9.61,,14.60,12.10,504,0.00,48.3,1,0,0.00,0.00,0.00,12.00,-0.16,1.00,0,0,0.00,0
2026-04-25 15:03:18,637.44,1,0,0,0,0,0,0,0.07,0,1.00,4.95,0.60,3.41,1.00,D,0.00,12.00,12.00,12.00,1.95,^,4.10,,15.00,12.10,504,0.00,46.6,1,0,0.00,0.00,0.00,12.00,0.07,1.00,0,0,0.00,0
2026-04-25 15:03:19,638.45,1,0,0,0,0,0,0,-0.13,0,1.00,4.95,0.60,3.54,1.00,D,0.00,12.00,12.00,12.00,1.97,^,-7.59,,14.50,12.10,504,0.00,47.7,1,0,0.00,0.00,0.00,12.00,-0.13,1.00,0,0,0.00,0
2026-04-25 15:03:20,639.47,1,0,0,0,0,0,0,-0.12,0,1.00,4.95,0.61,3.39,1.00,D,0.00,12.00,12.00,12.00,2.05,^,-7.28,,15.10,12.10,504,0.00,48.3,1,0,0.00,0.00,0.00,12.00,-0.12,1.00,0,0,0.00,0
2026-04-25 15:03:21,640.48,1,0,0,0,0,0,0,0.53,0,0.20,4.95,0.61,3.33,0.87,D,0.00,12.00,12.00,12.00,2.12,^,31.88,,15.60,12.10,504,0.00,46.6,1,0,0.00,0.00,0.00,12.00,0.53,1.00,0,0,0.00,0
2026-04-25 15:03:22,641.59,1,0,0,0,0,0,0,0.17,0,1.00,4.95,0.62,2.01,0.44,D,0.00,12.00,12.00,12.00,1.75,^,10.36,,12.40,12.10,504,0.00,48.3,1,0,0.00,0.00,0.00,12.00,0.17,1.00,0,0,0.00,0
2026-04-25 15:03:23,642.50,1,0,0,0,0,0,0,0.13,0,1.00,4.95,0.62,0.20,0.34,D,0.00,12.00,12.00,12.00,0.97,^,7.80,,13.30,12.10,504,0.08,47.2,1,0,0.00,0.00,0.00,12.00,0.13,1.00,0,0,0.00,0
2026-04-25 15:03:24,643.51,1,0,0,0,0,0,0,0.10,0,1.00,4.95,0.62,0.45,0.81,D,0.00,12.00,12.00,12.00,0.92,^,6.03,,15.10,12.10,504,0.00,45.5,1,0,0.00,0.00,0.00,12.00,0.10,1.00,0,0,0.00,0
2026-04-25 15:03:25,644.52,1,0,0,0,0,0,0,0.07,0,1.00,4.95,0.62,3.15,1.00,D,0.00,12.00,12.00,12.00,1.12,^,4.29,,14.70,12.10,504,0.00,46.1,1,0,0.00,0.00,0.00,12.00,0.07,1.00,0,0,0.00,0
2026-04-25 15:03:26,645.53,1,0,0,0,0,0,0,0.24,0,1.00,4.95,0.62,3.49,1.00,D,0.00,12.00,12.00,12.00,1.38,^,14.66,,16.30,12.20,504,0.00,47.7,1,0,0.00,0.00,0.00,12.00,0.24,1.00,0,0,0.00,0
2026-04-25 15:03:27,646.55,1,0,0,0,0,0,0,0.17,0,1.00,4.95,0.63,3.52,1.00,D,0.00,12.00,2.67,12.00,1.44,^,10.13,,16.50,12.20,504,0.00,45.5,1,0,0.00,0.00,0.00,12.00,0.17,1.00,0,0,0.00,0
2026-04-25 15:03:28,647.56,0,0,0,0,0,0,0,0.00,0,0.20,4.95,0.63,1.39,0.02,D,0.00,3.36,2.61,12.00,1.49,^,0.00,,15.70,12.20,504,0.00,46.6,1,0,0.00,0.00,0.00,3.36,0.00,0.00,0,0,0.00,0
2026-04-25 15:03:29,648.58,0,0,0,0,0,0,0,-0.99,0,1.00,4.95,0.63,0.02,0.51,D,0.00,3.25,12.00,12.00,1.03,^,0.00,,15.20,12.20,504,0.06,47.2,1,0,0.00,0.00,0.00,3.25,0.00,0.00,0,0,0.00,0
2026-04-25 15:03:30,649.69,1,0,0,0,0,0,0,-0.37,0,0.20,4.95,0.63,1.10,0.79,D,0.00,3.06,2.56,12.00,0.97,^,-22.11,,13.90,12.20,504,0.00,46.1,1,0,0.00,0.00,0.00,3.06,-0.37,1.00,0,0,0.00,0
2026-04-25 15:03:31,650.59,1,0,0,0,0,0,0,0.42,0,0.20,4.95,0.63,2.03,0.77,D,0.00,12.00,2.15,2.55,1.36,^,25.36,,12.40,12.10,504,0.00,46.6,1,0,0.00,0.00,0.00,12.00,0.42,1.00,0,0,0.00,0
2026-04-25 15:03:32,651.70,1,0,0,0,0,0,0,0.25,0,1.00,4.95,0.63,1.97,0.71,D,0.00,12.00,2.01,1.91,1.31,^,14.89,,12.30,12.10,504,0.00,47.2,1,0,0.00,0.00,0.00,12.00,0.25,1.00,0,0,0.00,0
2026-04-25 15:03:33,652.61,1,0,0,0,0,0,0,-0.16,0,1.00,4.95,0.64,1.31,0.83,D,0.00,3.49,12.00,1.38,1.22,^,-9.39,,13.90,12.10,504,0.00,47.7,1,0,0.00,0.00,0.00,3.49,-0.16,1.00,0,0,0.00,0
2026-04-25 15:03:34,653.62,1,0,0,0,0,0,0,-0.04,0,1.00,4.95,0.64,3.27,1.00,D,0.00,12.00,12.00,0.91,1.07,^,-2.48,,13.50,12.10,504,0.00,46.1,1,0,0.00,0.00,0.00,12.00,-0.04,1.00,0,0,0.00,0
2026-04-25 15:03:35,654.62,1,0,0,0,0,0,0,0.18,0,1.00,4.95,0.64,3.44,1.00,D,0.00,12.00,12.00,1.61,1.55,^,10.76,,15.80,12.10,504,0.00,46.1,1,0,0.00,0.00,0.00,12.00,0.18,1.00,0,0,0.00,0
2026-04-25 15:03:36,655.64,1,0,0,0,0,0,0,0.08,0,1.00,4.95,0.65,3.26,1.00,D,0.00,12.00,12.00,1.36,1.16,^,4.74,,16.60,12.10,504,0.00,47.7,1,0,0.00,0.00,0.00,12.00,0.08,1.00,0,0,0.00,0
2026-04-25 15:03:37,656.65,1,0,0,0,0,0,0,0.23,0,1.00,4.95,0.65,3.48,0.92,D,0.00,12.00,12.00,12.00,1.88,^,13.86,,18.10,12.10,504,0.00,47.2,1,0,0.00,0.00,0.00,12.00,0.23,1.00,0,0,0.00,0
2026-04-25 15:03:38,657.66,1,0,0,0,0,0,0,0.13,0,1.00,4.95,0.65,3.35,1.00,D,0.00,12.00,12.00,12.00,1.84,^,7.62,,17.00,12.10,504,0.00,46.6,1,0,0.00,0.00,0.00,12.00,0.13,1.00,0,0,0.00,0
2026-04-25 15:03:39,658.78,1,0,0,0,0,0,0,0.07,0,1.00,4.95,0.66,3.35,1.00,D,0.00,12.00,12.00,12.00,1.90,^,4.42,,15.40,12.10,504,0.00,47.7,1,0,0.00,0.00,0.00,12.00,0.07,1.00,0,0,0.00,0
2026-04-25 15:03:40,659.68,1,0,0,0,0,0,0,0.15,0,1.00,4.95,0.66,3.44,1.00,D,0.00,12.00,12.00,12.00,1.90,^,9.08,,14.20,12.10,504,0.00,47.7,1,0,0.00,0.00,0.00,12.00,0.15,1.00,0,0,0.00,0
2026-04-25 15:03:41,660.80,1,0,0,0,0,0,0,0.11,0,1.00,4.95,0.67,3.52,1.00,D,0.00,12.00,2.10,12.00,2.07,^,6.81,,15.80,12.10,504,0.00,46.6,1,0,0.00,0.00,0.00,12.00,0.11,1.00,0,0,0.00,0
2026-04-25 15:03:42,661.70,1,0,0,0,0,0,0,0.14,0,1.00,4.95,0.67,3.53,1.00,D,0.00,12.00,12.00,12.00,2.26,^,8.27,,14.90,12.10,504,0.00,46.6,1,0,0.00,0.00,0.00,12.00,0.14,1.00,0,0,0.00,0
2026-04-25 15:03:43,662.72,1,0,0,0,0,0,0,0.08,0,1.00,4.95,0.68,3.56,1.00,D,0.00,12.00,12.00,12.00,12.00,^,4.57,,14.30,12.10,504,0.00,46.6,1,0,0.00,0.00,0.00,12.00,0.08,1.00,0,0,0.00,0
2026-04-25 15:03:44,663.83,1,0,0,0,0,0,0,0.32,0,0.20,4.95,0.68,3.45,0.91,D,0.00,12.00,12.00,12.00,2.28,^,19.33,,15.00,12.10,504,0.00,46.6,1,0,0.00,0.00,0.00,12.00,0.32,1.00,0,0,0.00,0
2026-04-25 15:03:45,664.73,1,0,0,0,0,0,0,-0.10,0,1.00,4.95,0.68,3.43,1.00,D,0.00,12.00,12.00,12.00,2.10,^,-5.70,,17.20,12.10,504,0.00,47.7,1,0,0.00,0.00,0.00,12.00,-0.10,1.00,0,0,0.00,0
2026-04-25 15:03:46,665.74,1,0,0,0,0,0,0,0.24,0,1.00,4.95,0.69,3.58,1.00,D,0.00,3.55,12.00,12.00,2.17,^,14.22,,14.10,12.10,504,0.00,46.1,1,0,0.00,0.00,0.00,3.55,0.24,1.00,0,0,0.00,0
2026-04-25 15:03:47,666.75,1,0,0,0,0,0,0,0.88,0,0.20,4.95,0.69,3.18,0.80,D,0.00,2.40,2.38,12.00,12.00,^,52.91,,14.90,12.10,504,0.00,47.2,1,0,0.00,0.00,0.00,2.40,0.88,1.00,0,0,0.00,0
2026-04-25 15:03:48,667.86,1,0,0,0,0,0,0,0.25,0,0.20,4.95,0.69,0.44,0.23,D,0.00,12.00,2.00,12.00,1.88,^,15.07,,14.20,12.10,504,0.02,47.2,1,0,0.00,0.00,0.00,12.00,0.25,1.00,0,0,0.00,0
2026-04-25 15:03:49,668.77,1,0,0,0,0,0,0,0.15,0,1.00,4.95,0.69,0.03,0.65,D,0.00,12.00,2.00,12.00,0.92,^,8.93,,14.50,12.10,504,0.02,46.1,1,0,0.00,0.00,0.00,12.00,0.15,1.00,0,0,0.00,0
2026-04-25 15:03:50,669.79,1,0,0,0,0,0,0,0.36,0,0.20,4.95,0.69,2.13,0.89,D,0.00,2.31,1.77,12.00,1.03,^,21.66,,13.50,12.10,504,0.00,48.3,1,0,0.00,0.00,0.00,2.31,0.36,1.00,0,0,0.00,0
2026-04-25 15:03:51,670.80,1,0,0,0,0,0,0,-0.36,0,0.20,4.95,0.70,1.61,0.48,D,0.00,12.00,1.45,12.00,0.86,^,-21.41,,15.70,12.10,504,0.00,47.2,1,0,0.00,0.00,0.00,12.00,-0.36,1.00,0,0,0.00,0
2026-04-25 15:03:52,671.91,1,0,0,0,0,0,0,0.12,0,1.00,4.95,0.70,0.58,0.25,D,0.00,2.17,1.27,12.00,0.68,^,7.37,,15.80,12.10,504,0.03,46.1,1,0,0.00,0.00,0.00,2.17,0.12,1.00,0,0,0.00,0
2026-04-25 15:03:53,672.82,1,0,0,0,0,0,0,0.45,0,0.20,4.95,0.70,0.00,0.20,D,0.00,12.00,1.27,12.00,1.01,^,26.95,,13.50,12.10,504,0.93,47.2,1,0,0.00,0.00,0.00,12.00,0.45,1.00,0,0,0.00,0
2026-04-25 15:03:54,673.83,1,0,0,0,0,0,0,0.46,0,0.20,4.95,0.70,0.00,0.20,D,0.00,12.00,1.27,12.00,1.39,^,27.63,,14.70,12.10,504,1.94,46.6,1,0,0.00,0.00,0.00,12.00,0.46,1.00,0,0,0.00,0
2026-04-25 15:03:55,674.84,1,0,0,0,0,0,0,0.50,0,0.20,4.95,0.69,0.00,0.20,D,0.00,12.00,1.27,12.00,1.38,^,30.14,,15.40,12.10,504,2.95,45.5,1,0,0.00,0.00,0.00,12.00,0.50,1.00,0,0,0.00,0
2026-04-25 15:03:56,675.85,1,0,0,0,0,0,0,0.49,0,0.20,4.95,0.69,0.00,0.20,D,0.00,12.00,1.26,12.00,1.39,^,29.34,,15.40,12.10,504,3.96,46.6,1,0,0.00,0.00,0.00,12.00,0.49,1.00,0,0,0.00,0
2026-04-25 15:03:57,676.85,1,0,0,0,0,0,0,0.47,0,0.20,4.95,0.69,0.00,0.20,D,0.00,2.15,1.26,12.00,1.22,^,28.07,,13.60,12.10,504,4.97,46.6,1,0,0.00,0.00,0.00,2.15,0.47,1.00,0,0,0.00,0
2026-04-25 15:03:58,677.97,1,0,0,0,0,0,0,0.40,0,0.20,4.95,0.69,0.01,0.20,D,0.00,2.10,1.27,12.00,1.05,^,23.80,,11.70,12.10,504,0.28,47.2,1,0,0.00,0.00,0.00,2.10,0.40,1.00,0,0,0.00,0
2026-04-25 15:03:59,678.87,1,0,0,0,0,0,0,0.24,0,1.00,4.95,0.69,0.00,0.22,D,0.00,2.10,1.27,12.00,1.06,^,14.46,,12.90,12.10,504,1.19,46.1,1,0,0.00,0.00,0.00,2.10,0.24,1.00,0,0,0.00,0
2026-04-25 15:04:00,679.88,1,0,0,0,0,0,0,0.31,0,0.20,4.95,0.69,0.10,0.67,D,0.00,2.15,1.26,12.00,0.56,^,18.72,,13.40,12.10,504,0.00,46.1,1,0,0.00,0.00,0.00,2.15,0.31,1.00,0,0,0.00,0
2026-04-25 15:04:01,680.90,1,0,0,0,0,0,0,0.43,0,0.20,4.95,0.69,0.01,0.20,D,0.00,12.00,1.25,12.00,0.67,^,25.82,,12.20,12.10,504,0.26,47.2,1,0,0.00,0.00,0.00,12.00,0.43,1.00,0,0,0.00,0
2026-04-25 15:04:02,681.91,1,0,0,0,0,0,0,0.37,0,0.20,4.95,0.69,0.00,0.20,D,0.00,12.00,1.25,12.00,0.67,^,22.15,,14.50,12.10,504,1.27,46.6,1,0,0.00,0.00,0.00,12.00,0.37,1.00,0,0,0.00,0
2026-04-25 15:04:03,682.92,1,0,0,0,0,0,0,0.27,0,0.20,4.95,0.69,0.00,0.20,D,0.00,12.00,1.25,12.00,0.33,^,16.42,,14.80,12.10,504,2.28,46.6,1,0,0.00,0.00,0.00,12.00,0.27,1.00,0,0,0.00,0
2026-04-25 15:04:04,683.94,1,0,0,0,0,0,0,0.08,0,1.00,4.95,0.69,0.00,0.28,D,0.00,12.00,1.25,12.00,0.29,^,4.73,,18.80,12.10,504,0.87,45.5,1,0,0.00,0.00,0.00,12.00,0.08,1.00,0,0,0.00,0
2026-04-25 15:04:05,684.95,1,0,0,0,0,0,0,0.39,0,0.20,4.95,0.68,0.00,0.20,D,0.00,12.00,1.25,12.00,0.86,^,23.20,,11.50,12.10,504,0.51,45.5,1,0,0.00,0.00,0.00,12.00,0.39,1.00,0,0,0.00,0
2026-04-25 15:04:06,685.96,1,0,0,0,0,0,0,0.42,0,0.20,4.95,0.68,0.00,0.20,D,0.00,12.00,1.25,12.00,1.15,^,25.38,,13.30,12.10,504,0.89,47.2,1,0,0.00,0.00,0.00,12.00,0.42,1.00,0,0,0.00,0
2026-04-25 15:04:07,686.97,1,0,0,0,0,0,0,0.43,0,0.20,4.95,0.68,0.00,0.20,D,0.00,12.00,1.25,12.00,1.30,^,25.68,,12.00,12.10,504,1.90,47.2,1,0,0.00,0.00,0.00,12.00,0.43,1.00,0,0,0.00,0
2026-04-25 15:04:08,687.98,1,0,0,0,0,0,0,0.42,0,0.20,4.95,0.68,0.00,0.20,D,0.00,12.00,1.25,12.00,1.31,^,25.24,,11.50,12.10,504,2.91,47.2,1,0,0.00,0.00,0.00,12.00,0.42,1.00,0,0,0.00,0
2026-04-25 15:04:09,688.99,0,0,0,0,0,0,0,0.00,0,1.00,4.95,0.68,0.00,0.38,D,0.00,12.00,1.25,12.00,1.32,^,0.00,,12.40,12.10,504,3.92,47.7,1,0,0.00,0.00,0.00,12.00,0.00,0.00,0,0,0.00,0
2026-04-25 15:04:10,690.01,1,0,0,0,0,0,0,0.36,0,0.20,4.95,0.68,0.41,0.44,D,0.00,12.00,1.24,12.00,1.31,^,21.75,,15.40,12.10,504,0.00,46.6,1,0,0.00,0.00,0.00,12.00,0.36,1.00,0,0,0.00,0
2026-04-25 15:04:11,691.02,1,0,0,0,0,0,0,0.27,0,0.20,4.95,0.68,0.00,0.20,D,0.00,12.00,1.24,12.00,1.26,^,16.37,,13.80,12.10,504,0.32,46.1,1,0,0.00,0.00,0.00,12.00,0.27,1.00,0,0,0.00,0
2026-04-25 15:04:12,692.03,1,0,0,0,0,0,0,0.29,0,0.20,4.95,0.68,0.00,0.20,D,0.00,12.00,1.24,12.00,1.25,^,17.66,,14.20,12.10,504,1.33,45.0,1,0,0.00,0.00,0.00,12.00,0.29,1.00,0,0,0.00,0
2026-04-25 15:04:13,693.05,1,0,0,0,0,0,0,0.29,0,0.20,4.95,0.68,0.00,0.20,D,0.00,12.00,1.24,12.00,1.26,^,17.58,,14.90,12.10,504,2.35,46.1,1,0,0.00,0.00,0.00,12.00,0.29,1.00,0,0,0.00,0
2026-04-25 15:04:14,694.06,1,0,0,0,0,0,0,0.38,0,0.20,4.95,0.68,0.00,0.20,D,0.00,12.00,1.24,12.00,0.83,^,22.85,,15.80,12.10,504,3.36,46.1,1,0,0.00,0.00,0.00,12.00,0.38,1.00,0,0,0.00,0
2026-04-25 15:04:15,695.07,1,0,0,0,0,0,0,0.27,0,0.20,4.95,0.67,0.00,0.20,D,0.00,12.00,1.24,12.00,0.61,^,16.07,,15.20,12.10,504,4.37,45.5,1,0,0.00,0.00,0.00,12.00,0.27,1.00,0,0,0.00,0
2026-04-25 15:04:16,696.08,1,0,0,0,0,0,0,0.25,0,0.20,4.95,0.67,0.02,0.47,D,0.00,12.00,1.24,12.00,0.56,^,15.11,,15.40,12.10,504,0.21,46.6,1,0,0.00,0.00,0.00,12.00,0.25,1.00,0,0,0.00,0
2026-04-25 15:04:17,697.09,1,0,0,0,0,0,0,0.23,0,1.00,4.95,0.67,0.81,0.85,D,0.00,12.00,1.22,12.00,0.58,^,14.09,,15.50,12.10,504,0.00,45.5,1,0,0.00,0.00,0.00,12.00,0.23,1.00,0,0,0.00,0
2026-04-25 15:04:18,698.11,1,0,0,0,0,0,0,-0.27,0,0.20,4.95,0.68,3.27,0.99,D,0.00,12.00,1.30,12.00,0.95,^,-16.27,,14.30,12.10,504,0.00,46.6,1,0,0.00,0.00,0.00,12.00,-0.27,1.00,0,0,0.00,0
2026-04-25 15:04:19,699.12,1,0,0,0,0,0,0,-0.13,0,1.00,4.95,0.68,3.16,0.82,D,0.00,12.00,12.00,12.00,1.55,^,-7.82,,13.50,12.10,504,0.00,46.6,1,0,0.00,0.00,0.00,12.00,-0.13,1.00,0,0,0.00,0
2026-04-25 15:04:20,700.12,1,0,0,0,0,0,0,0.08,0,1.00,4.95,0.68,3.45,1.00,D,0.00,12.00,12.00,12.00,1.60,^,4.62,,12.50,12.10,504,0.00,46.6,1,0,0.00,0.00,0.00,12.00,0.08,1.00,0,0,0.00,0
2026-04-25 15:04:21,701.13,1,0,0,0,0,0,0,-0.12,0,1.00,4.95,0.69,3.42,1.00,D,0.00,12.00,12.00,12.00,1.72,^,-7.49,,13.50,12.10,504,0.00,48.3,1,0,0.00,0.00,0.00,12.00,-0.12,1.00,0,0,0.00,0
2026-04-25 15:04:22,702.14,1,0,0,0,0,0,0,-0.00,0,1.00,4.95,0.69,3.62,1.00,D,0.00,12.00,12.00,12.00,1.97,^,-0.16,,15.70,12.10,504,0.00,47.7,1,0,0.00,0.00,0.00,12.00,-0.00,1.00,0,0,0.00,0
2026-04-25 15:04:23,703.15,1,0,0,0,0,0,0,0.17,0,1.00,4.95,0.70,3.67,1.00,D,0.00,12.00,12.00,12.00,2.16,^,10.39,,14.10,12.10,504,0.00,47.2,1,0,0.00,0.00,0.00,12.00,0.17,1.00,0,0,0.00,0
2026-04-25 15:04:24,704.17,1,0,0,0,0,0,0,-0.11,0,1.00,4.95,0.70,3.68,1.00,D,0.00,12.00,12.00,12.00,2.08,^,-6.57,,14.40,12.10,504,0.00,46.6,1,0,0.00,0.00,0.00,12.00,-0.11,1.00,0,0,0.00,0
2026-04-25 15:04:26,705.18,1,0,0,0,0,0,0,-0.15,0,1.00,4.95,0.70,3.65,1.00,D,0.00,12.00,12.00,12.00,2.05,^,-8.82,,13.90,12.10,504,0.00,47.7,1,0,0.00,0.00,0.00,12.00,-0.15,1.00,0,0,0.00,0
2026-04-25 15:04:27,706.19,1,0,0,0,0,0,0,0.19,0,1.00,4.95,0.71,3.64,0.99,D,0.00,12.00,12.00,12.00,2.11,^,11.38,,13.70,12.10,504,0.00,47.7,1,0,0.00,0.00,0.00,12.00,0.19,1.00,0,0,0.00,0
2026-04-25 15:04:28,707.21,1,0,0,0,0,0,0,0.13,0,1.00,4.95,0.71,3.62,1.00,D,0.00,12.00,12.00,12.00,2.17,^,7.68,,14.80,12.10,504,0.00,47.7,1,0,0.00,0.00,0.00,12.00,0.13,1.00,0,0,0.00,0
2026-04-25 15:04:29,708.22,1,0,0,0,0,0,0,-0.07,0,1.00,4.95,0.72,3.61,1.00,D,0.00,12.00,2.22,12.00,2.39,^,-4.02,,16.50,12.10,504,0.00,46.1,1,0,0.00,0.00,0.00,12.00,-0.07,1.00,0,0,0.00,0
2026-04-25 15:04:30,709.23,1,0,0,0,0,0,0,0.13,0,1.00,4.95,0.72,3.80,1.00,D,0.00,12.00,12.00,12.00,2.00,^,7.69,,17.30,12.10,504,0.00,46.1,1,0,0.00,0.00,0.00,12.00,0.13,1.00,0,0,0.00,0
2026-04-25 15:04:31,710.23,1,0,0,0,0,0,0,0.13,0,1.00,4.95,0.72,3.75,1.00,D,0.00,12.00,12.00,12.00,12.00,^,7.65,,18.40,12.10,504,0.00,46.6,1,0,0.00,0.00,0.00,12.00,0.13,1.00,0,0,0.00,0
2026-04-25 15:04:32,711.24,1,0,0,0,0,0,0,0.09,0,1.00,4.95,0.73,3.83,1.00,D,0.00,12.00,1.69,12.00,12.00,^,5.17,,16.50,12.10,504,0.00,46.1,1,0,0.00,0.00,0.00,12.00,0.09,1.00,0,0,0.00,0
2026-04-25 15:04:33,712.25,1,0,0,0,0,0,0,0.11,0,1.00,4.95,0.73,3.90,1.00,D,0.00,12.00,12.00,12.00,1.56,^,6.87,,17.00,12.20,504,0.00,46.1,1,0,0.00,0.00,0.00,12.00,0.11,1.00,0,0,0.00,0
2026-04-25 15:04:34,713.27,1,0,0,0,0,0,0,0.19,0,1.00,4.95,0.74,3.72,1.00,D,0.00,12.00,12.00,12.00,2.47,^,11.33,,17.90,12.20,504,0.00,46.1,1,0,0.00,0.00,0.00,12.00,0.19,1.00,0,0,0.00,0
2026-04-25 15:04:35,714.28,0,0,0,0,0,0,0,0.00,1,0.20,4.95,0.74,0.84,0.00,D,0.00,12.00,12.00,12.00,12.00,^,0.00,,16.50,12.10,504,0.00,45.0,1,0,0.00,0.00,0.00,12.00,0.00,0.00,0,0,0.00,0
2026-04-25 15:04:36,715.28,0,0,0,0,0,0,0,-1.00,0,1.00,4.95,0.74,0.00,0.42,D,0.00,12.00,12.00,12.00,1.91,^,0.00,,14.60,12.10,504,0.73,45.5,1,0,0.00,0.00,0.00,12.00,0.00,0.00,0,0,0.00,0
2026-04-25 15:04:37,716.39,0,0,0,0,0,0,0,0.00,0,0.00,4.95,0.74,0.63,0.45,D,0.00,12.00,12.00,12.00,0.96,^,0.00,,15.90,12.10,504,0.00,46.1,1,0,0.00,0.00,0.00,12.00,0.00,0.00,0,0,0.00,0
2026-04-25 15:04:38,717.30,1,0,0,0,0,0,0,-0.05,0,1.00,4.95,0.74,0.03,0.48,D,0.00,12.00,12.00,12.00,0.83,^,-2.82,,15.70,12.10,504,0.01,46.1,1,0,0.00,0.00,0.00,12.00,-0.05,1.00,0,0,0.00,0
2026-04-25 15:04:39,718.31,1,0,0,0,0,0,0,0.16,0,1.00,4.95,0.74,1.78,0.99,D,0.00,12.00,12.00,12.00,0.64,^,9.73,,15.40,12.10,504,0.00,46.1,1,0,0.00,0.00,0.00,12.00,0.16,1.00,0,0,0.00,0
2026-04-25 15:04:40,719.32,0,0,0,0,0,0,0,0.00,1,0.20,4.95,0.74,3.21,0.00,D,0.00,12.00,2.58,12.00,1.30,^,0.00,,17.20,12.20,504,0.00,46.6,1,0,0.00,0.00,0.00,12.00,0.00,0.00,0,0,0.00,0
2026-04-25 15:04:41,720.43,0,0,0,0,0,0,0,0.00,0,1.00,4.95,0.74,0.00,0.33,D,0.00,12.00,2.57,12.00,1.01,^,0.00,,15.70,12.20,504,0.04,46.1,1,0,0.00,0.00,0.00,12.00,0.00,0.00,0,0,0.00,0
2026-04-25 15:04:42,721.34,0,0,0,0,0,0,0,0.00,0,0.00,4.95,0.74,0.64,0.76,D,0.00,12.00,2.56,12.00,0.56,^,0.00,,15.10,12.10,504,0.00,44.4,1,0,0.00,0.00,0.00,12.00,0.00,0.00,0,0,0.00,0
2026-04-25 15:04:43,722.35,1,0,0,0,0,0,0,0.08,0,1.00,4.95,0.74,2.34,1.00,D,0.00,12.00,12.00,12.00,1.12,^,5.06,,15.30,12.10,504,0.00,46.1,1,0,0.00,0.00,0.00,12.00,0.08,1.00,0,0,0.00,0
2026-04-25 15:04:44,723.35,1,0,0,0,0,0,0,-0.04,0,1.00,4.95,0.75,3.44,1.00,D,0.00,12.00,12.00,12.00,2.02,^,-2.31,,17.40,12.20,504,0.00,45.0,1,0,0.00,0.00,0.00,12.00,-0.04,1.00,0,0,0.00,0
2026-04-25 15:04:45,724.37,1,0,0,0,0,0,0,0.40,0,0.20,4.95,0.75,3.87,0.87,D,0.00,12.00,12.00,12.00,2.92,^,24.27,,14.40,12.10,504,0.00,46.6,1,0,0.00,0.00,0.00,12.00,0.40,1.00,0,0,0.00,0
2026-04-25 15:04:46,725.38,1,0,0,0,0,0,0,0.01,0,1.00,4.95,0.75,2.97,0.41,D,0.00,12.00,12.00,12.00,12.00,^,0.89,,13.00,12.20,504,0.00,47.2,1,0,0.00,0.00,0.00,12.00,0.01,1.00,0,0,0.00,0
2026-04-25 15:04:47,726.39,0,0,0,0,0,0,0,0.00,1,1.00,4.95,0.76,1.04,0.00,D,0.00,12.00,12.00,12.00,2.38,^,0.00,,14.30,12.10,504,0.00,47.2,1,0,0.00,0.00,0.00,12.00,0.00,0.00,0,0,0.00,0
2026-04-25 15:04:48,727.40,0,0,0,1,0,0,0,0.96,0,1.00,4.95,0.75,0.00,-0.29,R,0.00,12.00,12.00,12.00,1.66,^,0.00,,12.80,12.10,504,0.58,46.6,1,0,0.00,0.00,0.00,12.00,0.00,0.00,0,0,0.00,0
2026-04-25 15:04:49,728.41,0,0,0,0,0,0,0,1.00,0,1.00,4.95,0.75,0.05,-0.53,R,0.00,12.00,12.00,12.00,1.30,^,0.00,,12.80,12.20,504,0.00,45.5,1,0,0.00,0.00,0.00,12.00,0.00,0.00,0,0,0.00,0
2026-04-25 15:04:50,729.43,0,0,1,0,0,0,0,0.10,0,0.00,4.95,0.75,1.71,0.00,D,0.00,12.00,12.00,12.00,1.05,^,0.00,,15.40,12.10,504,0.00,46.1,1,0,0.00,0.00,0.00,12.00,0.00,0.00,0,0,0.00,0
2026-04-25 15:04:51,730.44,0,0,1,0,0,0,0,-0.38,0,1.00,4.95,0.75,0.06,0.30,D,0.00,12.00,12.00,12.00,0.84,^,0.00,,12.00,12.20,504,0.01,46.6,1,0,0.00,0.00,0.00,12.00,0.00,0.00,0,0,0.00,0
2026-04-25 15:04:52,731.45,0,0,0,0,0,0,0,0.00,0,1.00,4.95,0.75,0.93,0.80,D,0.00,12.00,12.00,12.00,0.71,^,0.00,,14.70,12.20,504,0.00,47.7,1,0,0.00,0.00,0.00,12.00,0.00,0.00,0,0,0.00,0
2026-04-25 15:04:53,732.46,0,0,0,0,0,0,0,0.00,0,0.00,4.95,0.76,2.49,0.53,D,0.00,12.00,12.00,12.00,1.06,^,0.00,,14.40,12.10,504,0.00,47.2,1,0,0.00,0.00,0.00,12.00,0.00,0.00,0,0,0.00,0
2026-04-25 15:04:54,733.48,0,0,0,0,0,0,0,0.00,0,0.00,4.95,0.76,1.32,0.00,D,0.00,12.00,12.00,12.00,1.15,^,0.00,,12.60,12.10,504,0.00,46.6,1,0,0.00,0.00,0.00,12.00,0.00,0.00,0,0,0.00,0
2026-04-25 15:04:55,734.49,1,0,0,0,0,0,0,-0.06,0,1.00,4.95,0.76,0.02,0.40,D,0.00,12.00,2.39,12.00,0.55,^,-3.50,,13.90,12.10,504,0.08,47.2,1,0,0.00,0.00,0.00,12.00,-0.06,1.00,0,0,0.00,0
2026-04-25 15:04:56,735.50,1,0,0,0,0,0,0,0.10,0,1.00,4.95,0.76,1.23,0.90,D,0.00,12.00,2.25,12.00,0.45,^,6.08,,15.20,12.10,504,0.00,47.2,1,0,0.00,0.00,0.00,12.00,0.10,1.00,0,0,0.00,0
2026-04-25 15:04:57,736.51,1,0,0,0,0,0,0,-0.20,0,1.00,4.95,0.76,3.11,1.00,D,0.00,12.00,1.87,12.00,0.94,^,-11.79,,16.80,12.10,504,0.00,47.2,1,0,0.00,0.00,0.00,12.00,-0.20,1.00,0,0,0.00,0
2026-04-25 15:04:58,737.52,1,0,0,0,0,0,0,-0.13,0,1.00,4.95,0.76,3.94,1.00,D,0.00,12.00,12.00,12.00,1.72,^,-7.95,,13.40,12.10,504,0.00,47.7,1,0,0.00,0.00,0.00,12.00,-0.13,1.00,0,0,0.00,0
2026-04-25 15:04:59,738.53,1,0,0,0,0,0,0,0.28,0,0.20,4.95,0.77,3.82,0.91,D,0.00,12.00,12.00,12.00,1.98,^,16.85,,14.40,12.10,504,0.00,47.7,1,0,0.00,0.00,0.00,12.00,0.28,1.00,0,0,0.00,0
2026-04-25 15:05:00,739.55,1,0,0,0,0,0,0,-0.06,0,1.00,4.95,0.77,3.17,0.85,D,0.00,12.00,12.00,12.00,12.00,^,-3.32,,15.00,12.10,504,0.00,47.2,1,0,0.00,0.00,0.00,12.00,-0.06,1.00,0,0,0.00,0
2026-04-25 15:05:01,740.56,1,0,0,0,0,0,0,0.23,0,1.00,4.95,0.77,3.94,1.00,D,0.00,12.00,12.00,12.00,2.61,^,13.82,,13.60,12.10,504,0.00,47.7,1,0,0.00,0.00,0.00,12.00,0.23,1.00,0,0,0.00,0
2026-04-25 15:05:02,741.57,1,0,0,0,0,0,0,0.08,0,1.00,4.95,0.78,3.93,1.00,D,0.00,12.00,12.00,12.00,12.00,^,4.63,,16.00,12.10,504,0.00,46.6,1,0,0.00,0.00,0.00,12.00,0.08,1.00,0,0,0.00,0
2026-04-25 15:05:03,742.69,1,0,0,0,0,0,0,0.18,0,1.00,4.95,0.78,3.16,0.98,D,0.00,12.00,12.00,12.00,12.00,^,10.70,,16.20,12.10,504,0.00,46.1,1,0,0.00,0.00,0.00,12.00,0.18,1.00,0,0,0.00,0
2026-04-25 15:05:04,743.59,0,0,0,1,0,0,0,-0.99,0,0.20,4.95,0.78,0.00,0.00,N,0.00,12.00,12.00,12.00,2.27,^,0.00,,15.80,12.10,504,0.04,46.6,1,0,0.00,0.00,0.00,12.00,0.00,0.00,0,0,0.00,0
2026-04-25 15:05:05,744.60,0,0,0,1,0,0,0,-0.99,0,1.00,4.95,0.78,0.01,-0.47,R,0.00,12.00,12.00,12.00,1.35,^,0.00,,15.60,12.10,504,0.02,46.6,1,0,0.00,0.00,0.00,12.00,0.00,0.00,0,0,0.00,0
2026-04-25 15:05:06,745.62,0,0,1,0,0,0,0,0.00,0,0.00,4.95,0.78,0.73,0.00,D,0.00,12.00,12.00,12.00,0.90,^,0.00,,17.20,12.10,504,0.00,45.5,1,0,0.00,0.00,0.00,12.00,0.00,0.00,0,0,0.00,0
2026-04-25 15:05:07,746.63,0,0,0,0,0,0,0,0.65,0,1.00,4.95,0.78,0.06,0.44,D,0.00,12.00,12.00,12.00,0.79,^,0.00,,15.10,12.10,504,0.01,46.6,1,0,0.00,0.00,0.00,12.00,0.00,0.00,0,0,0.00,0
2026-04-25 15:05:08,747.64,0,0,0,0,0,0,0,0.00,0,0.00,4.95,0.78,0.95,0.35,D,0.00,12.00,12.00,12.00,0.60,^,0.00,,16.50,12.10,504,0.00,47.2,1,0,0.00,0.00,0.00,12.00,0.00,0.00,0,0,0.00,0
2026-04-25 15:05:09,748.65,0,0,0,0,0,0,0,0.62,0,1.00,4.95,0.78,0.17,0.46,D,0.00,12.00,12.00,12.00,0.49,^,0.00,,12.90,12.10,504,0.01,47.7,1,0,0.00,0.00,0.00,12.00,0.00,0.00,0,0,0.00,0
2026-04-25 15:05:10,749.66,0,0,0,0,0,0,0,0.12,0,0.06,4.95,0.78,0.54,0.17,D,0.00,12.00,12.00,12.00,0.66,^,0.00,,12.10,12.10,504,0.00,46.6,1,0,0.00,0.00,0.00,12.00,0.00,0.00,0,0,0.00,0
2026-04-25 15:05:11,750.67,0,0,0,0,0,0,0,0.00,0,1.00,4.95,0.78,0.30,0.67,D,0.00,12.00,12.00,12.00,0.72,^,0.00,,14.20,12.10,504,0.00,47.7,1,0,0.00,0.00,0.00,12.00,0.00,0.00,0,0,0.00,0
2026-04-25 15:05:12,751.69,0,0,0,0,0,0,0,0.00,0,0.00,4.95,0.78,0.75,0.10,D,0.00,12.00,2.27,12.00,0.88,^,0.00,,14.10,12.10,504,0.00,46.6,1,0,0.00,0.00,0.00,12.00,0.00,0.00,0,0,0.00,0
2026-04-25 15:05:13,752.69,1,0,0,0,0,0,0,-0.17,0,1.00,4.95,0.78,0.16,0.49,D,0.00,12.00,2.23,12.00,0.64,^,-10.41,,13.60,12.10,504,0.00,46.1,1,0,0.00,0.00,0.00,12.00,-0.17,1.00,0,0,0.00,0
2026-04-25 15:05:14,753.70,1,0,0,0,0,0,0,-0.13,0,1.00,4.95,0.78,1.10,0.78,D,0.00,12.00,2.14,12.00,0.63,^,-7.99,,14.60,12.10,504,0.00,47.2,1,0,0.00,0.00,0.00,12.00,-0.13,1.00,0,0,0.00,0
2026-04-25 15:05:15,754.81,1,0,0,0,0,0,0,0.49,0,0.20,4.95,0.78,3.41,0.94,D,0.00,1.89,1.88,12.00,1.14,WARN_WARNING,29.50,,16.30,12.10,504,0.00,45.5,1,0,0.00,0.00,0.00,1.89,0.49,1.00,0,0,0.00,0
2026-04-25 15:05:16,755.72,1,0,0,0,0,0,0,0.01,0,1.00,4.95,0.78,3.24,1.00,D,0.00,12.00,1.39,12.00,1.34,^,0.75,,18.70,12.10,504,0.00,47.2,1,0,0.00,0.00,0.00,12.00,0.01,1.00,0,0,0.00,0
2026-04-25 15:05:17,756.73,1,0,0,0,0,0,0,0.44,0,0.20,4.95,0.79,3.71,0.92,D,0.00,12.00,12.00,12.00,1.86,^,26.30,,15.00,12.20,504,0.00,47.7,1,0,0.00,0.00,0.00,12.00,0.44,1.00,0,0,0.00,0
2026-04-25 15:05:18,757.75,1,0,0,0,0,0,0,0.32,0,0.20,4.95,0.79,3.20,0.62,D,0.00,12.00,12.00,12.00,12.00,^,19.19,,14.90,12.10,504,0.00,48.3,1,0,0.00,0.00,0.00,12.00,0.32,1.00,0,0,0.00,0
2026-04-25 15:05:19,758.86,0,0,0,0,0,0,0,0.00,0,0.20,4.95,0.79,0.94,0.02,D,0.00,12.00,12.00,12.00,12.00,^,0.00,,12.60,12.10,504,0.00,47.7,1,0,0.00,0.00,0.00,12.00,0.00,0.00,0,0,0.00,0
2026-04-25 15:05:20,759.76,0,0,0,1,0,0,0,-0.99,0,1.00,4.95,0.79,0.01,-0.24,R,0.00,12.00,12.00,12.00,1.87,^,0.00,,12.20,12.10,504,0.12,47.7,1,0,0.00,0.00,0.00,12.00,0.00,0.00,0,0,0.00,0
2026-04-25 15:05:21,760.78,0,0,0,0,0,0,0,-0.99,0,1.00,4.95,0.79,0.32,-0.75,R,0.00,12.00,12.00,12.00,1.24,^,0.00,,16.20,12.10,504,0.00,46.6,1,0,0.00,0.00,0.00,12.00,0.00,0.00,0,0,0.00,0
2026-04-25 15:05:22,761.79,0,0,1,0,0,0,0,1.00,0,1.00,4.95,0.79,0.58,0.06,D,0.00,0.71,12.00,12.00,1.97,WARN_WARNING,0.00,,16.50,12.10,504,0.00,47.2,1,0,0.00,0.00,0.00,0.71,0.00,0.00,0,0,0.00,0
2026-04-25 15:05:23,762.90,0,0,0,0,0,0,0,1.00,0,1.00,4.95,0.79,0.26,0.57,D,0.00,0.70,0.73,2.34,2.05,WARN_WARNING,0.00,,12.00,12.10,504,0.00,46.1,1,0,0.00,0.00,0.00,0.70,0.00,0.00,0,0,0.00,0
2026-04-25 15:05:24,763.80,0,0,0,0,0,0,0,0.00,0,0.00,4.95,0.79,2.65,0.82,D,0.00,12.00,12.00,2.12,0.61,^,0.00,,14.70,12.10,504,0.00,47.7,1,0,0.00,0.00,0.00,12.00,0.00,0.00,0,0,0.00,0
2026-04-25 15:05:25,764.81,0,0,0,0,0,0,0,0.18,0,1.00,4.95,0.79,2.52,0.96,D,0.00,12.00,12.00,1.69,0.86,^,0.00,,16.60,12.10,504,0.00,46.1,1,0,0.00,0.00,0.00,12.00,0.00,0.00,0,0,0.00,0
2026-04-25 15:05:26,765.83,0,0,0,0,0,0,0,0.00,0,1.00,4.95,0.80,3.19,0.99,D,0.00,12.00,12.00,1.42,0.93,^,0.00,,16.30,12.10,504,0.00,47.7,1,0,0.00,0.00,0.00,12.00,0.00,0.00,0,0,0.00,0
2026-04-25 15:05:27,766.84,0,0,0,0,0,0,0,0.00,0,0.93,4.95,0.80,3.07,0.71,D,0.00,12.00,12.00,1.76,1.09,^,0.00,,17.80,12.10,504,0.00,47.2,1,0,0.00,0.00,0.00,12.00,0.00,0.00,0,0,0.00,0
2026-04-25 15:05:28,767.85,0,0,0,0,0,0,0,0.00,0,0.89,4.95,0.80,2.20,0.74,D,0.00,12.00,12.00,1.98,0.99,^,0.00,,15.80,12.10,504,0.00,47.2,1,0,0.00,0.00,0.00,12.00,0.00,0.00,0,0,0.00,0
2026-04-25 15:05:29,768.87,0,0,0,0,0,0,0,0.00,0,0.50,4.95,0.81,2.38,0.50,D,0.00,12.00,12.00,12.00,0.94,^,0.00,,15.90,12.10,504,0.00,47.2,1,0,0.00,0.00,0.00,12.00,0.00,0.00,0,0,0.00,0
2026-04-25 15:05:30,769.88,0,0,0,0,0,0,0,0.00,0,0.84,4.95,0.81,1.63,0.50,D,0.00,12.00,12.00,12.00,0.58,^,0.00,,14.90,12.10,504,0.00,48.3,1,0,0.00,0.00,0.00,12.00,0.00,0.00,0,0,0.00,0
2026-04-25 15:05:31,770.89,0,0,0,0,0,0,0,0.00,0,0.78,4.95,0.81,2.12,0.94,D,0.00,12.00,12.00,12.00,0.60,^,0.00,,13.20,12.10,504,0.00,47.7,1,0,0.00,0.00,0.00,12.00,0.00,0.00,0,0,0.00,0
2026-04-25 15:05:32,771.90,1,0,0,0,0,0,0,-0.09,0,1.00,4.95,0.81,3.27,0.97,D,0.00,12.00,12.00,12.00,0.96,^,-5.37,,14.80,12.20,504,0.00,46.6,1,0,0.00,0.00,0.00,12.00,-0.09,1.00,0,0,0.00,0
2026-04-25 15:05:33,772.91,0,0,0,0,0,0,0,0.00,1,0.20,4.95,0.82,3.56,0.00,D,0.00,12.00,12.00,12.00,1.60,^,0.00,,14.20,12.20,504,0.00,48.3,1,0,0.00,0.00,0.00,12.00,0.00,0.00,0,0,0.00,0
2026-04-25 15:05:34,773.93,0,0,0,1,0,0,0,-1.00,0,0.20,4.95,0.81,0.01,-0.05,R,0.00,12.00,12.00,2.65,1.04,^,0.00,,14.30,12.20,504,0.20,47.2,1,0,0.00,0.00,0.00,12.00,0.00,0.00,0,0,0.00,0
2026-04-25 15:05:35,774.94,0,0,0,0,0,0,0,0.00,0,1.00,4.95,0.81,0.06,-0.54,R,0.00,12.00,12.00,12.00,0.88,^,0.00,,14.70,12.20,504,0.00,47.2,1,0,0.00,0.00,0.00,12.00,0.00,0.00,0,0,0.00,0
2026-04-25 15:05:36,775.96,0,0,0,0,0,0,0,-0.43,0,0.00,4.95,0.81,0.75,-0.55,R,0.00,12.00,12.00,12.00,0.65,^,0.00,,16.40,12.10,504,0.00,45.5,1,0,0.00,0.00,0.00,12.00,0.00,0.00,0,0,0.00,0
2026-04-25 15:05:37,776.96,0,0,1,0,0,0,0,0.61,0,1.00,4.95,0.81,0.07,0.34,D,0.00,12.00,12.00,12.00,0.60,^,0.00,,14.60,12.20,504,0.01,47.7,1,0,0.00,0.00,0.00,12.00,0.00,0.00,0,0,0.00,0
2026-04-25 15:05:38,778.08,0,0,0,0,0,0,0,0.40,0,1.00,4.95,0.81,0.99,0.84,D,0.00,12.00,12.00,12.00,0.53,^,0.00,,11.80,12.10,504,0.00,48.3,1,0,0.00,0.00,0.00,12.00,0.00,0.00,0,0,0.00,0
2026-04-25 15:05:39,779.09,0,0,0,0,0,0,0,0.00,0,0.00,4.95,0.81,2.00,0.41,D,0.00,12.00,12.00,12.00,0.67,^,0.00,,13.70,12.10,504,0.00,47.7,1,0,0.00,0.00,0.00,12.00,0.00,0.00,0,0,0.00,0
2026-04-25 15:05:40,779.99,1,0,0,0,0,0,0,0.08,0,1.00,4.95,0.82,1.31,0.57,D,0.00,12.00,12.00,12.00,0.75,^,5.00,,13.40,12.10,504,0.00,46.1,1,0,0.00,0.00,0.00,12.00,0.08,1.00,0,0,0.00,0
2026-04-25 15:05:41,781.00,1,0,0,0,0,0,0,-0.20,0,1.00,4.95,0.82,2.58,1.00,D,0.00,12.00,12.00,12.00,0.61,^,-12.14,,13.60,12.10,504,0.00,48.3,1,0,0.00,0.00,0.00,12.00,-0.20,1.00,0,0,0.00,0
2026-04-25 15:05:42,782.01,1,0,0,0,0,0,0,0.04,0,1.00,4.95,0.82,2.71,0.87,D,0.00,12.00,12.00,1.96,1.09,^,2.18,,15.90,12.10,504,0.00,46.1,1,0,0.00,0.00,0.00,12.00,0.04,1.00,0,0,0.00,0
2026-04-25 15:05:43,783.02,0,0,0,0,0,0,0,0.00,1,1.00,4.95,0.82,3.33,0.00,D,0.00,12.00,12.00,12.00,1.05,^,0.00,,16.70,12.10,504,0.00,46.6,1,0,0.00,0.00,0.00,12.00,0.00,0.00,0,0,0.00,0
2026-04-25 15:05:44,784.04,0,0,0,1,0,0,0,-0.99,0,1.00,4.95,0.82,0.01,-0.18,R,0.00,12.00,12.00,12.00,0.96,^,0.00,,15.30,12.10,504,0.34,46.6,1,0,0.00,0.00,0.00,12.00,0.00,0.00,0,0,0.00,0
2026-04-25 15:05:45,785.15,0,0,0,0,0,0,0,-0.99,0,1.00,4.95,0.82,0.17,-0.69,R,0.00,12.00,12.00,12.00,0.96,^,0.00,,16.00,12.10,504,0.00,45.5,1,0,0.00,0.00,0.00,12.00,0.00,0.00,0,0,0.00,0
2026-04-25 15:05:46,786.07,0,0,1,0,0,0,0,0.00,0,0.00,4.95,0.82,0.91,0.00,N,0.00,12.00,12.00,2.29,0.62,^,0.00,,15.70,12.10,504,0.00,46.1,1,0,0.00,0.00,0.00,12.00,0.00,0.00,0,0,0.00,0
2026-04-25 15:05:47,787.08,0,0,1,0,0,0,0,0.99,0,1.00,4.95,0.82,0.02,0.36,D,0.00,12.00,12.00,2.03,0.45,^,0.00,,13.80,12.10,504,0.00,46.6,1,0,0.00,0.00,0.00,12.00,0.00,0.00,0,0,0.00,0
2026-04-25 15:05:48,788.09,0,0,0,0,0,0,0,0.28,0,0.00,4.95,0.82,1.15,0.71,D,0.00,12.00,12.00,2.01,0.50,^,0.00,,13.60,12.10,504,0.00,47.7,1,0,0.00,0.00,0.00,12.00,0.00,0.00,0,0,0.00,0
2026-04-25 15:05:49,789.10,0,0,0,0,0,0,0,0.00,0,1.00,4.95,0.82,3.30,1.00,D,0.00,12.00,12.00,1.80,0.97,^,0.00,,13.00,12.10,504,0.00,47.7,1,0,0.00,0.00,0.00,12.00,0.00,0.00,0,0,0.00,0
2026-04-25 15:05:50,790.11,0,0,0,0,0,0,0,0.00,0,1.00,4.95,0.82,3.81,1.00,D,0.00,12.00,12.00,1.16,1.16,^,0.00,,12.60,12.10,504,0.00,47.7,1,0,0.00,0.00,0.00,12.00,0.00,0.00,0,0,0.00,0
2026-04-25 15:05:51,791.13,0,0,0,0,0,0,0,0.00,0,1.00,4.95,0.83,3.26,1.00,D,0.00,12.00,12.00,12.00,1.75,^,0.00,,17.30,12.10,504,0.00,46.1,1,0,0.00,0.00,0.00,12.00,0.00,0.00,0,0,0.00,0
2026-04-25 15:05:52,792.15,0,0,0,0,0,0,0,0.00,0,1.00,4.95,0.83,3.55,1.00,D,0.00,12.00,12.00,12.00,1.85,^,0.00,,15.20,12.10,504,0.00,46.1,1,0,0.00,0.00,0.00,12.00,0.00,0.00,0,0,0.00,0
2026-04-25 15:05:53,793.16,1,0,0,0,0,0,0,0.05,0,1.00,4.95,0.84,3.88,1.00,D,0.00,12.00,12.00,12.00,1.87,^,2.79,,14.00,12.10,504,0.00,48.3,1,0,0.00,0.00,0.00,12.00,0.05,1.00,0,0,0.00,0
2026-04-25 15:05:54,794.17,0,0,0,0,0,0,0,0.00,0,1.00,4.95,0.84,0.65,0.08,D,0.00,12.00,12.00,12.00,1.78,^,0.00,,15.20,12.10,504,0.00,47.7,1,0,0.00,0.00,0.00,12.00,0.00,0.00,0,0,0.00,0
2026-04-25 15:05:55,795.17,0,0,0,0,0,0,0,1.00,0,1.00,4.95,0.84,0.14,0.58,D,0.00,12.00,12.00,12.00,0.98,^,0.00,,13.00,12.10,504,0.00,46.6,1,0,0.00,0.00,0.00,12.00,0.00,0.00,0,0,0.00,0
2026-04-25 15:05:57,796.18,0,0,0,0,0,0,0,0.00,0,0.00,4.95,0.84,2.38,0.70,D,0.00,12.00,12.00,12.00,0.61,^,0.00,,13.00,12.10,504,0.00,47.7,1,0,0.00,0.00,0.00,12.00,0.00,0.00,0,0,0.00,0
2026-04-25 15:05:58,797.19,1,0,0,0,0,0,0,0.16,0,1.00,4.95,0.84,1.23,0.28,D,0.00,12.00,12.00,2.41,0.74,^,9.41,,15.50,12.10,504,0.00,46.1,1,0,0.00,0.00,0.00,12.00,0.16,1.00,0,0,0.00,0
2026-04-25 15:05:59,798.21,1,0,0,0,0,0,0,0.25,0,0.20,4.95,0.84,0.01,0.30,D,0.00,12.00,12.00,2.27,0.43,^,15.22,,14.90,12.10,504,0.30,45.5,1,0,0.00,0.00,0.00,12.00,0.25,1.00,0,0,0.00,0
2026-04-25 15:06:00,799.32,1,0,0,0,0,0,0,0.22,0,1.00,4.95,0.84,0.00,0.22,D,0.00,12.00,12.00,2.27,0.41,^,13.02,,14.20,12.20,504,0.09,46.6,1,0,0.00,0.00,0.00,12.00,0.22,1.00,0,0,0.00,0
2026-04-25 15:06:01,800.22,1,0,0,0,0,0,0,0.25,0,0.20,4.95,0.84,0.00,0.28,D,0.00,12.00,12.00,2.27,0.22,^,15.08,,15.20,12.10,504,0.87,46.6,1,0,0.00,0.00,0.00,12.00,0.25,1.00,0,0,0.00,0
2026-04-25 15:06:02,801.24,1,0,0,0,0,0,0,0.25,0,0.20,4.95,0.84,0.00,0.20,D,0.00,12.00,0.23,2.27,0.26,^,15.22,,14.90,12.20,504,1.89,46.1,1,0,0.00,0.00,0.00,12.00,0.25,1.00,0,0,0.00,0
2026-04-25 15:06:03,802.24,1,0,0,0,0,0,0,0.25,0,0.20,4.95,0.83,0.00,0.32,D,0.00,12.00,12.00,2.27,0.37,^,15.26,,15.10,12.20,504,2.89,45.0,1,0,0.00,0.00,0.00,12.00,0.25,1.00,0,0,0.00,0
2026-04-25 15:06:04,803.35,1,0,0,0,0,0,0,0.26,0,0.20,4.95,0.83,0.01,0.20,D,0.00,12.00,12.00,0.31,0.36,^,15.52,,14.20,12.20,504,0.27,46.6,1,0,0.00,0.00,0.00,12.00,0.26,1.00,0,0,0.00,0
2026-04-25 15:06:05,804.25,1,0,0,0,0,0,0,0.24,0,1.00,4.95,0.83,0.00,0.22,D,0.00,12.00,12.00,0.44,12.00,^,14.24,,14.70,12.20,504,0.23,46.1,1,0,0.00,0.00,0.00,12.00,0.24,1.00,0,0,0.00,0
2026-04-25 15:06:06,805.26,1,0,0,0,0,0,0,0.23,0,1.00,4.95,0.83,0.00,0.33,D,0.00,1.16,12.00,1.06,12.00,WARN_WARNING,13.87,,11.80,12.20,504,1.24,47.7,1,0,0.00,0.00,0.00,1.16,0.23,1.00,0,0,0.00,0
2026-04-25 15:06:07,806.27,1,0,0,0,0,0,0,0.06,0,1.00,4.95,0.83,0.29,0.73,D,0.00,1.40,12.00,2.25,12.00,^,3.31,,12.50,12.20,504,0.00,47.2,1,0,0.00,0.00,0.00,1.40,0.06,1.00,0,0,0.00,0
2026-04-25 15:06:08,807.28,1,0,0,0,0,0,0,-0.21,0,1.00,4.95,0.83,3.31,1.00,D,0.00,12.00,12.00,0.60,12.00,^,-12.40,,13.90,12.20,504,0.00,47.7,1,0,0.00,0.00,0.00,12.00,-0.21,1.00,0,0,0.00,0
2026-04-25 15:06:09,808.30,1,0,0,0,0,0,0,-0.02,0,1.00,4.95,0.84,4.09,1.00,D,0.00,12.00,12.00,1.98,1.38,^,-1.38,,14.70,12.20,504,0.00,47.7,1,0,0.00,0.00,0.00,12.00,-0.02,1.00,0,0,0.00,0
2026-04-25 15:06:10,809.31,1,0,0,0,0,0,0,0.06,0,1.00,4.95,0.84,4.08,1.00,D,0.00,12.00,12.00,12.00,1.84,^,3.77,,16.00,12.20,504,0.00,47.2,1,0,0.00,0.00,0.00,12.00,0.06,1.00,0,0,0.00,0
2026-04-25 15:06:11,810.33,1,0,0,0,0,0,0,-0.07,0,1.00,4.95,0.84,4.08,1.00,D,0.00,12.00,12.00,1.27,1.32,^,-4.27,,15.40,12.20,504,0.00,48.8,1,0,0.00,0.00,0.00,12.00,-0.07,1.00,0,0,0.00,0
2026-04-25 15:06:12,811.33,1,0,0,0,0,0,0,0.10,0,1.00,4.95,0.85,4.08,1.00,D,0.00,12.00,12.00,12.00,1.84,^,5.96,,13.50,12.20,504,0.00,47.7,1,0,0.00,0.00,0.00,12.00,0.10,1.00,0,0,0.00,0
2026-04-25 15:06:13,812.34,1,0,0,0,0,0,0,0.19,0,1.00,4.95,0.85,4.12,1.00,D,0.00,12.00,12.00,12.00,2.33,^,11.60,,13.60,12.20,504,0.00,47.2,1,0,0.00,0.00,0.00,12.00,0.19,1.00,0,0,0.00,0
2026-04-25 15:06:14,813.36,1,0,0,0,0,0,0,-0.12,0,1.00,4.95,0.86,4.00,1.00,D,0.00,12.00,12.00,12.00,2.31,^,-7.11,,14.20,12.20,504,0.00,47.7,1,0,0.00,0.00,0.00,12.00,-0.12,1.00,0,0,0.00,0
2026-04-25 15:06:15,814.37,1,0,0,0,0,0,0,0.11,0,1.00,4.95,0.86,3.99,1.00,D,0.00,12.00,12.00,12.00,2.43,^,6.69,,13.50,12.10,504,0.00,47.7,1,0,0.00,0.00,0.00,12.00,0.11,1.00,0,0,0.00,0
2026-04-25 15:06:16,815.38,1,0,0,0,0,0,0,0.23,0,1.00,4.95,0.86,4.09,0.97,D,0.00,12.00,12.00,12.00,2.56,^,14.08,,16.60,12.10,504,0.00,46.6,1,0,0.00,0.00,0.00,12.00,0.23,1.00,0,0,0.00,0
2026-04-25 15:06:17,816.39,1,0,0,0,0,0,0,0.00,0,1.00,4.95,0.87,3.98,1.00,D,0.00,12.00,12.00,12.00,12.00,^,0.01,,17.70,12.10,504,0.00,46.6,1,0,0.00,0.00,0.00,12.00,0.00,1.00,0,0,0.00,0
2026-04-25 15:06:18,817.41,1,0,0,0,0,0,0,-0.13,0,1.00,4.95,0.87,4.13,1.00,D,0.00,12.00,12.00,12.00,12.00,^,-7.54,,15.90,12.10,504,0.00,45.0,1,0,0.00,0.00,0.00,12.00,-0.13,1.00,0,0,0.00,0
2026-04-25 15:06:19,818.42,1,0,0,0,0,0,0,-0.03,0,1.00,4.95,0.87,4.11,1.00,D,0.00,12.00,12.00,12.00,12.00,^,-1.67,,17.00,12.10,504,0.00,45.5,1,0,0.00,0.00,0.00,12.00,-0.03,1.00,0,0,0.00,0
2026-04-25 15:06:20,819.53,1,0,0,0,0,0,0,-0.06,0,1.00,4.95,0.88,3.93,1.00,D,0.00,12.00,12.00,2.05,2.06,^,-3.76,,17.20,12.10,504,0.00,45.5,1,0,0.00,0.00,0.00,12.00,-0.06,1.00,0,0,0.00,0
2026-04-25 15:06:21,820.44,1,0,0,0,0,0,0,-0.10,0,1.00,4.95,0.88,3.97,1.00,D,0.00,12.00,12.00,2.30,2.18,^,-6.12,,17.30,12.10,504,0.00,46.6,1,0,0.00,0.00,0.00,12.00,-0.10,1.00,0,0,0.00,0
2026-04-25 15:06:22,821.55,1,0,0,0,0,0,0,-0.05,0,1.00,4.95,0.89,4.13,1.00,D,0.00,12.00,12.00,12.00,12.00,^,-3.23,,16.20,12.10,504,0.00,45.5,1,0,0.00,0.00,0.00,12.00,-0.05,1.00,0,0,0.00,0
2026-04-25 15:06:23,822.45,1,0,0,0,0,0,0,0.02,0,1.00,4.95,0.89,4.16,1.00,D,0.00,12.00,12.00,2.82,12.00,^,1.19,,15.60,12.10,504,0.00,45.0,1,0,0.00,0.00,0.00,12.00,0.02,1.00,0,0,0.00,0
2026-04-25 15:06:24,823.46,1,0,0,0,0,0,0,0.10,0,1.00,4.95,0.89,4.10,1.00,D,0.00,12.00,12.00,2.11,2.28,^,5.98,,16.10,12.10,504,0.00,46.6,1,0,0.00,0.00,0.00,12.00,0.10,1.00,0,0,0.00,0
2026-04-25 15:06:25,824.47,1,0,0,0,0,0,0,-0.18,0,1.00,4.95,0.90,4.09,1.00,D,0.00,12.00,12.00,12.00,2.40,^,-10.74,,17.80,12.10,504,0.00,46.1,1,0,0.00,0.00,0.00,12.00,-0.18,1.00,0,0,0.00,0
2026-04-25 15:06:26,825.49,1,0,0,0,0,0,0,-0.10,0,1.00,4.95,0.90,4.28,1.00,D,0.00,12.00,12.00,12.00,12.00,^,-5.73,,17.50,12.10,504,0.00,46.1,1,0,0.00,0.00,0.00,12.00,-0.10,1.00,0,0,0.00,0
2026-04-25 15:06:27,826.50,1,0,0,0,0,0,0,-0.06,0,1.00,4.95,0.91,4.24,1.00,D,0.00,12.00,12.00,12.00,12.00,^,-3.68,,15.90,12.10,504,0.00,46.1,1,0,0.00,0.00,0.00,12.00,-0.06,1.00,0,0,0.00,0
2026-04-25 15:06:28,827.61,0,0,0,0,0,0,0,0.00,0,1.00,4.95,0.91,0.08,0.03,D,0.00,12.00,12.00,12.00,12.00,^,0.00,,16.60,12.10,504,0.19,46.1,1,0,0.00,0.00,0.00,12.00,0.00,0.00,0,0,0.00,0
2026-04-25 15:06:29,828.51,0,0,0,0,0,0,0,1.00,0,1.00,4.95,0.91,0.20,0.50,D,0.00,12.00,12.00,12.00,1.34,^,0.00,,15.10,12.10,504,0.00,44.4,1,0,0.00,0.00,0.00,12.00,0.00,0.00,0,0,0.00,0
2026-04-25 15:06:30,829.53,0,0,0,0,0,0,0,0.00,0,0.00,4.95,0.91,1.61,0.54,D,0.00,12.00,12.00,12.00,0.83,^,0.00,,15.10,12.10,504,0.00,45.5,1,0,0.00,0.00,0.00,12.00,0.00,0.00,0,0,0.00,0
2026-04-25 15:06:31,830.54,0,0,0,0,0,0,0,0.00,0,0.00,4.95,0.91,1.19,0.27,D,0.00,12.00,12.00,12.00,0.74,^,0.00,,14.20,12.10,504,0.00,45.0,1,0,0.00,0.00,0.00,12.00,0.00,0.00,0,0,0.00,0
2026-04-25 15:06:32,831.55,0,0,0,0,0,0,0,0.00,0,0.00,4.95,0.91,0.00,0.00,D,0.00,12.00,7.85,12.00,0.62,^,0.00,,15.70,12.10,504,0.12,43.9,1,0,0.00,0.00,0.00,12.00,0.00,0.00,0,0,0.00,0
2026-04-25 15:06:33,832.56,1,0,0,0,0,0,0,-0.27,0,0.20,4.95,0.91,0.00,0.20,D,0.00,12.00,12.00,12.00,0.60,^,-16.34,,14.20,12.10,504,1.13,46.1,1,0,0.00,0.00,0.00,12.00,-0.27,1.00,0,0,0.00,0
2026-04-25 15:06:34,833.68,1,0,0,0,0,0,0,-0.28,0,0.20,4.95,0.90,0.00,0.20,D,0.00,12.00,12.00,12.00,0.59,^,-16.85,,14.20,12.10,504,0.60,46.1,1,0,0.00,0.00,0.00,12.00,-0.28,1.00,0,0,0.00,0
2026-04-25 15:06:35,834.58,1,0,0,0,0,0,0,-0.16,0,1.00,4.95,0.90,0.01,0.22,D,0.00,12.00,12.00,12.00,0.52,^,-9.61,,15.40,12.10,504,0.08,45.0,1,0,0.00,0.00,0.00,12.00,-0.16,1.00,0,0,0.00,0
2026-04-25 15:06:36,835.69,1,0,0,0,0,0,0,-0.32,0,0.20,4.95,0.90,0.00,0.20,D,0.00,12.00,12.00,0.25,12.00,^,-19.25,,14.00,12.10,504,1.19,46.1,1,0,0.00,0.00,0.00,12.00,-0.32,1.00,0,0,0.00,0
2026-04-25 15:06:37,836.60,1,0,0,0,0,0,0,-0.44,0,0.20,4.95,0.90,0.01,0.20,D,0.00,1.38,12.00,12.00,12.00,^,-26.40,,13.60,12.10,504,0.10,45.5,1,0,0.00,0.00,0.00,1.38,-0.44,1.00,0,0,0.00,0
2026-04-25 15:06:38,837.71,1,0,0,0,0,0,0,0.14,0,1.00,4.95,0.90,0.00,0.30,D,0.00,1.98,12.00,12.00,12.00,^,8.30,,15.20,12.10,504,1.21,45.5,1,0,0.00,0.00,0.00,1.98,0.14,1.00,0,0,0.00,0
2026-04-25 15:06:39,838.62,1,0,0,0,0,0,0,0.14,0,1.00,4.95,0.90,0.61,0.81,D,0.00,1.92,12.00,12.00,12.00,^,8.12,,14.60,12.10,504,0.00,44.4,1,0,0.00,0.00,0.00,1.92,0.14,1.00,0,0,0.00,0
2026-04-25 15:06:40,839.63,1,0,0,0,0,0,0,-0.38,0,0.20,4.95,0.90,3.48,0.83,D,0.00,12.00,1.00,12.00,12.00,^,-22.80,,15.70,12.10,504,0.00,44.4,1,0,0.00,0.00,0.00,12.00,-0.38,1.00,0,0,0.00,0
2026-04-25 15:06:41,840.64,1,0,0,0,0,0,0,-0.12,0,1.00,4.95,0.90,1.53,0.39,D,0.00,12.00,0.54,12.00,12.00,^,-7.38,,16.70,12.10,504,0.00,44.4,1,0,0.00,0.00,0.00,12.00,-0.12,1.00,0,0,0.00,0
2026-04-25 15:06:42,841.65,1,0,0,0,0,0,0,-0.04,0,1.00,4.95,0.90,1.96,0.86,D,0.00,12.00,12.00,12.00,0.60,^,-2.52,,15.90,12.10,504,0.00,46.1,1,0,0.00,0.00,0.00,12.00,-0.04,1.00,0,0,0.00,0
2026-04-25 15:06:43,842.67,1,0,0,0,0,0,0,0.16,0,1.00,4.95,0.91,3.95,1.00,D,0.00,12.00,12.00,2.94,1.04,^,9.79,,13.50,12.10,504,0.00,45.5,1,0,0.00,0.00,0.00,12.00,0.16,1.00,0,0,0.00,0
2026-04-25 15:06:44,843.68,0,0,0,0,0,0,0,-0.97,0,1.00,4.95,0.91,4.03,1.00,D,0.00,12.00,12.00,2.82,1.51,^,0.00,,15.40,12.10,504,0.00,47.7,1,0,0.00,0.00,0.00,12.00,0.00,0.00,0,0,0.00,0
2026-04-25 15:06:45,844.69,1,0,0,0,0,0,0,0.08,0,1.00,4.95,0.91,4.14,1.00,D,0.00,12.00,12.00,12.00,2.36,^,4.56,,14.90,12.10,504,0.00,47.2,1,0,0.00,0.00,0.00,12.00,0.08,1.00,0,0,0.00,0
2026-04-25 15:06:46,845.70,1,0,0,0,0,0,0,0.07,0,1.00,4.95,0.92,3.99,1.00,D,0.00,4.08,12.00,12.00,2.29,^,4.29,,14.70,12.10,504,0.00,47.2,1,0,0.00,0.00,0.00,4.08,0.07,1.00,0,0,0.00,0
2026-04-25 15:06:47,846.71,0,0,0,0,0,0,0,0.00,1,1.00,4.95,0.92,0.94,0.00,D,0.00,12.00,12.00,2.97,2.17,^,0.00,,15.00,12.10,504,0.00,47.7,1,0,0.00,0.00,0.00,12.00,0.00,0.00,0,0,0.00,0
2026-04-25 15:06:48,847.82,0,0,0,1,0,0,0,-1.00,0,1.00,4.95,0.92,0.24,0.00,N,0.00,12.00,1.00,2.85,1.05,^,0.00,,15.50,12.10,504,0.01,46.6,1,0,0.00,0.00,0.00,12.00,0.00,0.00,0,0,0.00,0
2026-04-25 15:06:49,848.72,0,0,0,1,0,0,0,0.00,0,1.00,4.95,0.92,0.03,-0.45,R,0.00,12.00,1.12,2.85,1.14,^,0.00,,15.30,12.10,504,0.03,47.2,1,0,0.00,0.00,0.00,12.00,0.00,0.00,0,0,0.00,0
2026-04-25 15:06:50,849.73,0,0,0,0,0,0,0,0.00,0,1.00,4.95,0.92,1.18,-0.95,R,0.00,12.00,1.10,2.88,1.24,^,0.00,,13.80,12.10,504,0.00,47.7,1,0,0.00,0.00,0.00,12.00,0.00,0.00,0,0,0.00,0
2026-04-25 15:06:51,850.74,0,0,0,0,0,0,0,0.00,0,1.00,4.95,0.92,0.01,-1.00,R,0.00,1.13,1.00,3.00,1.19,WARN_WARNING,0.00,,12.10,12.10,504,0.00,47.7,1,0,0.00,0.00,0.00,1.13,0.00,0.00,0,0,0.00,0
2026-04-25 15:06:52,851.85,0,0,0,0,0,0,0,-0.99,0,1.00,4.95,0.92,0.00,-1.00,R,0.00,1.11,0.98,2.99,1.21,WARN_WARNING,0.00,,13.10,12.10,504,1.03,47.7,1,0,0.00,0.00,0.00,1.11,0.00,0.00,0,0,0.00,0
2026-04-25 15:06:53,852.76,0,0,0,0,0,0,0,0.91,0,1.00,4.95,0.92,0.01,-1.00,R,0.00,1.12,1.00,2.99,1.25,WARN_WARNING,0.00,,13.90,12.10,504,0.30,47.2,1,0,0.00,0.00,0.00,1.12,0.00,0.00,0,0,0.00,0
2026-04-25 15:06:54,853.77,0,0,0,0,0,0,0,-0.17,0,1.00,4.95,0.91,0.00,-1.00,R,0.00,1.11,1.01,3.00,1.26,WARN_WARNING,0.00,,16.60,12.10,504,1.31,46.6,1,0,0.00,0.00,0.00,1.11,0.00,0.00,0,0,0.00,0
2026-04-25 15:06:55,854.78,0,0,0,0,0,0,0,0.00,0,1.00,4.95,0.91,0.00,-1.00,R,0.00,1.13,1.02,2.99,1.16,WARN_WARNING,0.00,,11.30,12.10,504,0.50,47.2,1,0,0.00,0.00,0.00,1.13,0.00,0.00,0,0,0.00,0
2026-04-25 15:06:56,855.79,0,0,1,0,0,0,0,1.00,0,0.00,4.95,0.91,0.00,0.00,N,0.00,1.13,1.03,2.99,1.11,WARN_WARNING,0.00,,13.50,12.10,504,0.01,46.1,1,0,0.00,0.00,0.00,1.13,0.00,0.00,0,0,0.00,0
2026-04-25 15:06:57,856.80,0,0,1,1,0,0,0,0.00,0,0.00,4.95,0.91,0.25,0.00,N,0.00,1.36,1.09,2.93,0.82,^,0.00,,13.20,12.10,504,0.00,47.7,1,0,0.00,0.00,0.00,1.36,0.00,0.00,0,0,0.00,0
2026-04-25 15:06:58,857.82,0,0,0,1,0,0,0,0.00,0,1.00,4.95,0.91,0.13,-0.35,R,0.00,12.00,0.99,2.91,0.92,^,0.00,,12.20,12.10,504,0.10,47.7,1,0,0.00,0.00,0.00,12.00,0.00,0.00,0,0,0.00,0
2026-04-25 15:06:59,858.83,0,0,0,0,0,0,0,-1.00,0,1.00,4.95,0.91,0.36,-0.85,R,0.00,12.00,0.92,2.90,0.92,^,0.00,,16.20,12.10,504,0.00,47.2,1,0,0.00,0.00,0.00,12.00,0.00,0.00,0,0,0.00,0
2026-04-25 15:07:00,859.94,0,0,0,0,0,0,0,1.00,0,1.00,4.95,0.91,1.03,-1.00,R,0.00,1.47,0.96,3.27,0.76,^,0.00,,16.10,12.10,504,0.00,47.7,1,0,0.00,0.00,0.00,1.47,0.00,0.00,0,0,0.00,0
2026-04-25 15:07:01,860.85,0,0,0,0,0,0,0,0.00,0,1.00,4.95,0.91,1.25,-1.00,R,0.00,1.30,1.22,3.41,1.13,^,0.00,,15.60,12.10,504,0.00,45.5,1,0,0.00,0.00,0.00,1.30,0.00,0.00,0,0,0.00,0
2026-04-25 15:07:02,861.96,0,0,1,0,0,0,0,0.00,0,0.00,4.95,0.91,0.00,0.00,N,0.00,1.30,1.23,3.41,0.99,^,0.00,,15.20,12.10,504,0.00,45.0,1,0,0.00,0.00,0.00,1.30,0.00,0.00,0,0,0.00,0
2026-04-25 15:07:03,862.86,0,0,1,0,0,0,0,0.00,0,0.00,4.95,0.91,0.30,0.00,D,0.00,12.00,1.17,3.46,0.74,^,0.00,,17.20,12.10,504,0.00,47.7,1,0,0.00,0.00,0.00,12.00,0.00,0.00,0,0,0.00,0
2026-04-25 15:07:04,863.97,0,0,0,0,0,0,0,0.00,1,0.00,4.95,0.91,0.00,0.00,D,0.00,12.00,12.00,3.26,0.65,^,0.00,,12.00,12.10,504,0.01,47.2,1,0,0.00,0.00,0.00,12.00,0.00,0.00,0,0,0.00,0
2026-04-25 15:07:05,864.88,0,0,0,0,0,0,0,0.00,0,0.00,4.95,0.91,0.00,0.00,D,0.00,12.00,0.39,3.22,0.45,^,0.00,,12.00,12.10,504,0.56,45.5,1,0,0.00,0.00,0.00,12.00,0.00,0.00,0,0,0.00,0
2026-04-25 15:07:06,865.89,0,0,0,0,0,0,0,0.00,0,0.00,4.95,0.91,0.00,0.00,D,0.00,12.00,0.28,3.20,0.29,^,0.00,,11.80,12.10,504,0.22,47.2,1,0,0.00,0.00,0.00,12.00,0.00,0.00,0,0,0.00,0
2026-04-25 15:07:07,866.90,0,0,0,0,0,0,0,0.00,0,0.00,4.95,0.91,0.00,0.00,D,0.00,12.00,0.27,3.13,0.33,^,0.00,,11.00,12.10,504,0.23,48.3,1,0,0.00,0.00,0.00,12.00,0.00,0.00,0,0,0.00,0
2026-04-25 15:07:08,867.92,0,0,0,0,0,0,0,0.00,0,0.00,4.95,0.90,0.00,0.00,D,0.00,12.00,0.29,3.12,0.29,^,0.00,,12.40,12.10,504,0.27,46.6,1,0,0.00,0.00,0.00,12.00,0.00,0.00,0,0,0.00,0
2026-04-25 15:07:09,868.92,0,0,0,0,0,0,0,0.00,0,0.00,4.95,0.90,0.00,0.00,D,0.00,12.00,0.29,3.12,0.28,^,0.00,,14.20,12.10,504,0.15,46.1,1,0,0.00,0.00,0.00,12.00,0.00,0.00,0,0,0.00,0
2026-04-25 15:07:10,869.94,0,0,0,0,0,0,0,0.00,0,0.00,4.95,0.90,0.00,0.00,D,0.00,12.00,0.29,3.11,0.28,^,0.00,,14.60,12.10,504,0.13,45.0,1,0,0.00,0.00,0.00,12.00,0.00,0.00,0,0,0.00,0
2026-04-25 15:07:11,870.95,0,0,0,0,0,0,0,0.00,0,0.00,4.95,0.90,0.00,0.00,D,0.00,12.00,0.42,0.47,0.46,^,0.00,,14.40,12.10,504,0.00,44.4,1,0,0.00,0.00,0.00,12.00,0.00,0.00,0,0,0.00,0
2026-04-25 15:07:12,871.96,0,0,0,0,0,0,0,0.00,0,0.00,4.95,0.90,0.00,0.00,D,0.00,0.60,12.00,0.20,0.19,WARN_WARNING,0.00,,13.70,12.10,504,0.16,45.0,1,0,0.00,0.00,0.00,0.60,0.00,0.00,0,0,0.00,0
2026-04-25 15:07:13,872.97,0,0,0,0,0,0,0,0.00,1,0.00,4.95,0.90,0.00,0.00,D,0.00,0.58,12.00,0.19,0.18,STOP_WARNING,0.00,aeb_stop,16.80,12.10,504,0.15,44.4,1,1,0.00,0.00,0.00,0.58,0.00,0.00,0,0,0.00,0
2026-04-25 15:07:14,873.99,0,0,0,0,0,0,0,0.00,1,0.00,4.95,0.90,0.00,0.00,D,0.00,0.13,12.00,0.11,0.10,STOP_WARNING,0.00,aeb_stop,13.90,12.10,504,0.04,46.1,1,1,0.00,0.00,0.00,0.13,0.00,0.00,0,0,0.00,0
2026-04-25 15:07:15,875.00,0,0,0,0,0,0,0,0.00,1,0.00,4.95,0.90,0.00,0.00,D,0.00,0.12,12.00,0.11,0.09,STOP_WARNING,0.00,aeb_stop,12.50,12.10,504,0.90,46.1,1,1,0.00,0.00,0.00,0.12,0.00,0.00,0,0,0.00,0
2026-04-25 15:07:16,876.11,0,0,0,0,0,0,0,0.00,1,0.00,4.95,0.90,0.00,0.00,D,0.00,0.12,12.00,0.11,0.09,STOP_WARNING,0.00,aeb_stop,11.40,12.10,504,0.01,45.5,1,1,0.00,0.00,0.00,0.12,0.00,0.00,0,0,0.00,0
2026-04-25 15:07:17,877.01,0,0,0,0,0,0,0,0.00,1,0.00,4.95,0.90,0.00,0.00,D,0.00,0.12,12.00,0.10,0.09,STOP_WARNING,0.00,aeb_stop,11.30,12.10,504,0.03,46.6,1,1,0.00,0.00,0.00,0.12,0.00,0.00,0,0,0.00,0
2026-04-25 15:07:18,878.02,0,0,0,0,0,0,0,0.00,1,0.00,4.95,0.89,0.00,0.00,D,0.00,0.11,12.00,0.10,0.09,STOP_WARNING,0.00,aeb_stop,13.90,12.10,504,0.07,45.5,1,1,0.00,0.00,0.00,0.11,0.00,0.00,0,0,0.00,0
2026-04-25 15:07:19,879.03,0,0,0,0,0,0,0,0.00,1,0.00,4.95,0.89,0.00,0.00,D,0.00,0.12,12.00,0.10,0.08,STOP_WARNING,0.00,aeb_stop,13.00,12.10,504,0.60,46.6,1,1,0.00,0.00,0.00,0.12,0.00,0.00,0,0,0.00,0
2026-04-25 15:07:20,880.04,0,0,0,0,0,0,0,0.00,1,0.00,4.95,0.89,0.00,0.00,D,0.00,0.12,12.00,0.11,0.08,STOP_WARNING,0.00,aeb_stop,14.20,12.10,504,0.10,46.6,1,1,0.00,0.00,0.00,0.12,0.00,0.00,0,0,0.00,0
2026-04-25 15:07:21,881.06,0,0,0,0,0,0,0,0.00,1,0.00,4.95,0.89,0.00,0.00,D,0.00,0.11,12.00,0.11,0.09,STOP_WARNING,0.00,aeb_stop,14.40,12.10,504,0.09,46.6,1,1,0.00,0.00,0.00,0.11,0.00,0.00,0,0,0.00,0
2026-04-25 15:07:22,882.17,0,0,0,0,0,0,0,0.00,1,0.00,4.95,0.89,0.00,0.00,D,0.00,0.12,12.00,0.10,0.08,STOP_WARNING,0.00,aeb_stop,13.70,12.10,504,0.00,46.1,1,1,0.00,0.00,0.00,0.12,0.00,0.00,0,0,0.00,0
2026-04-25 15:07:23,883.07,0,0,0,0,0,0,0,0.00,1,0.00,4.95,0.89,0.00,0.00,D,0.00,0.11,12.00,0.11,0.08,STOP_WARNING,0.00,aeb_stop,14.10,12.10,504,0.05,46.1,1,1,0.00,0.00,0.00,0.11,0.00,0.00,0,0,0.00,0
2026-04-25 15:07:25,884.18,0,0,0,0,0,0,0,0.00,1,0.00,4.95,0.89,0.00,0.00,D,0.00,0.12,12.00,0.10,0.09,STOP_WARNING,0.00,aeb_stop,14.60,12.10,504,0.06,45.0,1,1,0.00,0.00,0.00,0.12,0.00,0.00,0,0,0.00,0
2026-04-25 15:07:25,885.09,0,0,0,0,0,0,0,0.00,1,0.00,4.95,0.89,0.00,0.00,D,0.00,0.11,12.00,0.10,0.09,STOP_WARNING,0.00,aeb_stop,14.50,12.10,504,0.21,45.5,1,1,0.00,0.00,0.00,0.11,0.00,0.00,0,0,0.00,0
2026-04-25 15:07:26,886.10,0,0,0,0,0,0,0,0.00,1,0.00,4.95,0.89,0.00,0.00,D,0.00,0.11,12.00,0.10,0.09,STOP_WARNING,0.00,aeb_stop,14.00,12.10,504,0.05,44.4,1,1,0.00,0.00,0.00,0.11,0.00,0.00,0,0,0.00,0
2026-04-25 15:07:27,887.12,0,0,0,0,0,0,0,0.00,1,0.00,4.95,0.89,0.00,0.00,D,0.00,0.11,12.00,0.11,0.09,STOP_WARNING,0.00,aeb_stop,13.90,12.10,504,0.20,44.4,1,1,0.00,0.00,0.00,0.11,0.00,0.00,0,0,0.00,0
2026-04-25 15:07:28,888.13,0,0,0,0,0,0,0,0.00,1,0.00,4.95,0.88,0.00,0.00,D,0.00,0.11,12.00,0.11,0.09,STOP_WARNING,0.00,aeb_stop,14.20,12.10,504,0.05,45.5,1,1,0.00,0.00,0.00,0.11,0.00,0.00,0,0,0.00,0
2026-04-25 15:07:29,889.14,0,0,0,0,0,0,0,0.00,1,0.00,4.95,0.88,0.00,0.00,D,0.00,0.11,12.00,0.10,0.09,STOP_WARNING,0.00,aeb_stop,15.00,12.10,504,0.42,46.1,1,1,0.00,0.00,0.00,0.11,0.00,0.00,0,0,0.00,0
2026-04-25 15:07:30,890.14,0,0,0,0,0,0,0,0.00,1,0.00,4.95,0.88,0.00,0.00,D,0.00,0.11,12.00,0.10,0.09,STOP_WARNING,0.00,aeb_stop,14.50,12.20,504,0.05,46.1,1,1,0.00,0.00,0.00,0.11,0.00,0.00,0,0,0.00,0
2026-04-25 15:07:31,891.15,0,0,0,0,0,0,0,0.00,1,0.00,4.95,0.88,0.00,0.00,D,0.00,0.11,12.00,0.09,0.09,STOP_WARNING,0.00,aeb_stop,13.80,12.10,504,0.04,45.0,1,1,0.00,0.00,0.00,0.11,0.00,0.00,0,0,0.00,0
2026-04-25 15:07:33,892.26,0,0,0,0,0,0,0,0.00,1,0.00,4.95,0.88,0.00,0.00,D,0.00,0.11,12.00,0.10,0.10,STOP_WARNING,0.00,aeb_stop,13.50,12.10,504,0.00,45.5,1,1,0.00,0.00,0.00,0.11,0.00,0.00,0,0,0.00,0
2026-04-25 15:07:33,893.17,0,0,0,0,0,0,0,0.00,1,0.00,4.95,0.88,0.00,0.00,D,0.00,0.11,12.00,0.10,0.10,STOP_WARNING,0.00,aeb_stop,14.60,12.10,504,0.08,45.5,1,1,0.00,0.00,0.00,0.11,0.00,0.00,0,0,0.00,0
2026-04-25 15:07:35,894.18,0,0,0,0,0,0,0,0.00,1,0.00,4.95,0.88,0.00,0.00,D,0.00,0.10,12.00,12.00,0.10,STOP_WARNING,0.00,aeb_stop,13.80,12.10,504,0.02,45.5,1,1,0.00,0.00,0.00,0.10,0.00,0.00,0,0,0.00,0
2026-04-25 15:07:36,895.19,0,0,0,0,0,0,0,0.00,1,0.00,4.95,0.88,0.00,0.00,D,0.00,0.10,12.00,0.10,0.14,STOP_WARNING,0.00,aeb_stop,13.20,12.10,504,0.00,46.1,1,1,0.00,0.00,0.00,0.10,0.00,0.00,0,0,0.00,0
2026-04-25 15:07:37,896.21,0,0,0,0,0,0,0,0.00,1,0.00,4.95,0.88,0.00,0.00,D,0.00,0.10,12.00,12.00,0.11,STOP_WARNING,0.00,aeb_stop,16.20,12.10,504,0.00,44.4,1,1,0.00,0.00,0.00,0.10,0.00,0.00,0,0,0.00,0
2026-04-25 15:07:38,897.22,0,0,0,0,0,0,0,0.00,1,0.00,4.95,0.88,0.00,0.00,D,0.00,0.10,12.00,0.09,0.10,STOP_WARNING,0.00,aeb_stop,12.00,12.10,504,0.00,46.1,1,1,0.00,0.00,0.00,0.10,0.00,0.00,0,0,0.00,0
2026-04-25 15:07:39,898.23,0,0,0,0,0,0,0,0.00,1,0.00,4.95,0.87,0.00,0.00,D,0.00,0.10,12.00,0.10,0.10,STOP_WARNING,0.00,aeb_stop,11.70,12.10,504,0.74,45.0,1,1,0.00,0.00,0.00,0.10,0.00,0.00,0,0,0.00,0
2026-04-25 15:07:40,899.24,0,0,0,0,0,0,0,0.00,1,0.00,4.95,0.87,0.00,0.00,D,0.00,0.24,12.00,0.08,0.07,STOP_WARNING,0.00,aeb_stop,12.80,12.00,504,1.75,45.0,1,1,0.00,0.00,0.00,0.24,0.00,0.00,0,0,0.00,0
2026-04-25 15:07:41,900.35,0,0,0,0,0,0,0,0.00,1,0.00,4.95,0.87,0.00,0.00,D,0.00,0.72,0.60,0.24,0.23,WARN_WARNING,0.00,,12.80,12.10,504,2.86,45.0,1,0,0.00,0.00,0.00,0.72,0.00,0.00,0,0,0.00,0
2026-04-25 15:07:42,901.26,0,0,0,0,0,0,0,0.00,1,0.00,4.95,0.87,0.00,0.00,D,0.00,12.00,0.15,3.10,0.12,^,0.00,,11.30,12.10,504,0.02,46.1,1,0,0.00,0.00,0.00,12.00,0.00,0.00,0,0,0.00,0
2026-04-25 15:07:43,902.26,0,0,0,0,0,0,0,0.00,1,0.00,4.95,0.87,0.00,0.00,D,0.00,12.00,12.00,3.08,0.14,^,0.00,,15.40,12.10,504,0.68,46.6,1,0,0.00,0.00,0.00,12.00,0.00,0.00,0,0,0.00,0
2026-04-25 15:07:44,903.27,0,0,0,0,0,0,0,0.00,1,0.00,4.95,0.87,0.00,0.00,D,0.00,12.00,0.38,3.08,0.12,^,0.00,,13.60,12.10,504,1.69,45.0,1,0,0.00,0.00,0.00,12.00,0.00,0.00,0,0,0.00,0
2026-04-25 15:07:45,904.28,0,0,0,0,0,0,0,0.00,1,0.00,4.95,0.87,0.00,0.00,D,0.00,12.00,12.00,3.07,0.10,^,0.00,,13.90,12.10,504,0.13,43.9,1,0,0.00,0.00,0.00,12.00,0.00,0.00,0,0,0.00,0
2026-04-25 15:07:46,905.30,0,0,0,0,0,0,0,0.00,1,0.00,4.95,0.87,0.00,0.00,D,0.00,12.00,0.37,3.07,0.10,^,0.00,,15.50,12.10,504,0.03,45.5,1,0,0.00,0.00,0.00,12.00,0.00,0.00,0,0,0.00,0
2026-04-25 15:07:47,906.31,0,0,0,0,0,0,0,0.00,0,0.00,4.95,0.87,0.00,0.00,D,0.00,12.00,0.38,3.08,0.13,^,0.00,,17.10,12.10,504,0.06,44.4,1,0,0.00,0.00,0.00,12.00,0.00,0.00,0,0,0.00,0
2026-04-25 15:07:48,907.32,0,0,0,0,0,0,0,0.00,0,0.00,4.95,0.87,0.00,0.00,D,0.00,12.00,12.00,3.08,0.12,^,0.00,,15.10,12.10,504,0.35,43.9,1,0,0.00,0.00,0.00,12.00,0.00,0.00,0,0,0.00,0
2026-04-25 15:07:49,908.34,0,0,0,0,0,0,0,0.18,0,0.00,4.95,0.86,0.00,0.00,D,0.00,12.00,0.23,3.08,0.09,^,0.00,,15.50,12.10,504,1.36,45.5,1,0,0.00,0.00,0.00,12.00,0.00,0.00,0,0,0.00,0
2026-04-25 15:07:50,909.35,0,0,0,0,0,0,0,0.17,0,0.00,4.95,0.86,0.00,0.00,D,0.00,12.00,0.24,3.08,0.09,^,0.00,,17.00,12.10,504,0.28,45.5,1,0,0.00,0.00,0.00,12.00,0.00,0.00,0,0,0.00,0
2026-04-25 15:07:51,910.46,0,0,0,0,0,0,0,0.00,0,0.00,4.95,0.86,0.00,0.00,D,0.00,12.00,0.23,3.08,0.07,^,0.00,,12.40,12.10,504,0.31,44.4,1,0,0.00,0.00,0.00,12.00,0.00,0.00,0,0,0.00,0
2026-04-25 15:07:52,911.36,0,0,0,0,0,0,0,0.00,0,0.00,4.95,0.86,0.00,0.00,D,0.00,12.00,0.24,3.08,0.32,^,0.00,,12.40,12.10,504,0.34,46.6,1,0,0.00,0.00,0.00,12.00,0.00,0.00,0,0,0.00,0
2026-04-25 15:07:53,912.47,0,0,0,0,0,0,0,0.00,0,0.00,4.95,0.86,0.00,0.00,D,0.00,12.00,12.00,3.08,0.47,^,0.00,,12.20,12.10,504,1.45,46.6,1,0,0.00,0.00,0.00,12.00,0.00,0.00,0,0,0.00,0
2026-04-25 15:07:54,913.38,0,0,0,0,0,0,0,0.00,0,0.00,4.95,0.86,0.00,0.00,D,0.00,12.00,12.00,3.08,0.66,^,0.00,,11.10,12.10,504,2.36,45.5,1,0,0.00,0.00,0.00,12.00,0.00,0.00,0,0,0.00,0
2026-04-25 15:07:55,914.39,0,0,0,0,0,0,0,0.00,0,0.00,4.95,0.86,0.00,0.00,D,0.00,12.00,12.00,3.07,0.61,^,0.00,,14.50,12.10,504,3.37,46.6,1,0,0.00,0.00,0.00,12.00,0.00,0.00,0,0,0.00,0
2026-04-25 15:07:56,915.40,0,0,0,0,0,0,0,0.99,0,1.00,4.95,0.86,0.06,0.47,D,0.00,12.00,12.00,3.08,0.64,^,0.00,,14.50,12.10,504,0.00,45.5,1,0,0.00,0.00,0.00,12.00,0.00,0.00,0,0,0.00,0
2026-04-25 15:07:57,916.42,0,0,0,0,0,0,0,0.99,0,0.00,4.95,0.86,2.12,0.66,D,0.00,2.86,12.00,2.31,0.76,^,0.00,,14.60,12.10,504,0.00,46.1,1,0,0.00,0.00,0.00,2.86,0.00,0.00,0,0,0.00,0
2026-04-25 15:07:58,917.43,0,0,0,0,0,0,0,0.00,0,1.00,4.95,0.86,0.31,0.42,D,0.00,12.00,2.37,12.00,0.93,^,0.00,,16.10,12.10,504,0.02,46.1,1,0,0.00,0.00,0.00,12.00,0.00,0.00,0,0,0.00,0
2026-04-25 15:07:59,918.44,0,0,0,0,0,0,0,0.00,0,1.00,4.95,0.86,0.36,0.92,D,0.00,12.00,2.36,12.00,0.44,^,0.00,,14.10,12.10,504,0.00,46.1,1,0,0.00,0.00,0.00,12.00,0.00,0.00,0,0,0.00,0
2026-04-25 15:08:00,919.45,0,0,0,0,0,0,0,-0.11,0,0.00,4.95,0.86,1.61,0.80,D,0.00,12.00,2.26,12.00,0.58,^,0.00,,15.40,12.10,504,0.00,46.1,1,0,0.00,0.00,0.00,12.00,0.00,0.00,0,0,0.00,0
2026-04-25 15:08:01,920.46,0,0,0,0,0,0,0,0.00,0,1.00,4.95,0.86,2.06,0.85,D,0.00,12.00,1.94,2.61,0.92,^,0.00,,15.80,12.10,504,0.00,45.5,1,0,0.00,0.00,0.00,12.00,0.00,0.00,0,0,0.00,0
2026-04-25 15:08:02,921.48,0,0,0,0,0,0,0,0.00,1,1.00,4.95,0.86,1.63,0.00,D,0.00,2.13,1.64,1.69,1.50,^,0.00,,16.30,12.10,504,0.00,45.5,1,0,0.00,0.00,0.00,2.13,0.00,0.00,0,0,0.00,0
2026-04-25 15:08:03,922.49,0,0,0,0,0,0,0,-0.62,0,0.43,4.95,0.86,0.09,0.43,D,0.00,1.92,1.63,1.58,1.13,^,0.00,,14.40,12.10,504,0.00,45.5,1,0,0.00,0.00,0.00,1.92,0.00,0.00,0,0,0.00,0
2026-04-25 15:08:04,923.50,0,0,0,0,0,0,0,-1.00,0,0.20,4.95,0.86,0.01,0.20,D,0.00,1.88,1.62,1.52,0.56,^,0.00,,14.70,12.10,504,0.08,46.1,1,0,0.00,0.00,0.00,1.88,0.00,0.00,0,0,0.00,0
2026-04-25 15:08:05,924.52,0,0,0,0,0,0,0,-0.17,0,1.00,4.95,0.86,0.05,0.48,D,0.00,1.87,1.62,1.49,0.44,^,0.00,,16.40,12.10,504,0.00,44.4,1,0,0.00,0.00,0.00,1.87,0.00,0.00,0,0,0.00,0
2026-04-25 15:08:06,925.53,0,0,0,0,0,0,0,0.00,0,0.20,4.95,0.86,0.59,0.20,D,0.00,12.00,1.56,1.52,0.62,^,0.00,,15.80,12.10,504,0.00,44.4,1,0,0.00,0.00,0.00,12.00,0.00,0.00,0,0,0.00,0
2026-04-25 15:08:07,926.54,0,0,0,0,0,0,0,-0.72,0,0.20,4.95,0.86,0.01,0.20,D,0.00,12.00,1.56,1.39,0.44,^,0.00,,15.30,12.10,504,0.32,45.5,1,0,0.00,0.00,0.00,12.00,0.00,0.00,0,0,0.00,0
2026-04-25 15:08:08,927.55,0,0,0,0,0,0,0,0.00,0,0.20,4.95,0.86,0.32,0.38,D,0.00,12.00,1.53,1.40,0.37,^,0.00,,16.80,12.10,504,0.00,45.5,1,0,0.00,0.00,0.00,12.00,0.00,0.00,0,0,0.00,0
2026-04-25 15:08:09,928.56,0,0,0,0,0,0,0,0.00,0,0.20,4.95,0.86,0.50,0.20,D,0.00,12.00,1.47,1.38,0.50,^,0.00,,14.10,12.10,504,0.00,43.9,1,0,0.00,0.00,0.00,12.00,0.00,0.00,0,0,0.00,0
2026-04-25 15:08:10,929.57,0,0,0,0,0,0,0,0.00,0,0.20,4.95,0.86,0.30,0.20,D,0.00,12.00,1.44,1.35,0.47,^,0.00,,14.90,12.10,504,0.00,44.4,1,0,0.00,0.00,0.00,12.00,0.00,0.00,0,0,0.00,0
2026-04-25 15:08:11,930.58,0,0,0,0,0,0,0,0.00,0,0.20,4.95,0.86,0.40,0.20,D,0.00,12.00,1.43,1.37,0.57,^,0.00,,14.80,12.10,504,0.00,45.5,1,0,0.00,0.00,0.00,12.00,0.00,0.00,0,0,0.00,0
2026-04-25 15:08:12,931.59,0,0,0,0,0,0,0,0.00,0,0.20,4.95,0.86,0.46,0.20,D,0.00,12.00,2.55,1.37,0.57,^,0.00,,15.40,12.10,504,0.00,45.5,1,0,0.00,0.00,0.00,12.00,0.00,0.00,0,0,0.00,0
2026-04-25 15:08:13,932.60,0,0,0,0,0,0,0,0.00,0,0.20,4.95,0.86,0.39,0.20,D,0.00,12.00,2.42,1.35,0.60,^,0.00,,16.70,12.10,504,0.00,45.0,1,0,0.00,0.00,0.00,12.00,0.00,0.00,0,0,0.00,0
2026-04-25 15:08:14,933.61,0,0,0,0,0,0,0,0.00,0,0.20,4.95,0.86,0.33,0.20,D,0.00,12.00,2.29,1.25,0.76,^,0.00,,15.00,12.10,504,0.00,43.9,1,0,0.00,0.00,0.00,12.00,0.00,0.00,0,0,0.00,0
2026-04-25 15:08:15,934.61,0,0,0,0,0,0,0,0.00,0,0.20,4.95,0.85,0.30,0.20,D,0.00,12.00,2.19,1.32,0.88,^,0.00,,14.20,12.10,504,0.00,45.0,1,0,0.00,0.00,0.00,12.00,0.00,0.00,0,0,0.00,0
2026-04-25 15:08:16,935.62,0,0,0,0,0,0,0,0.00,0,0.20,4.95,0.85,0.34,0.20,D,0.00,12.00,2.08,1.34,1.00,^,0.00,,14.20,12.10,504,0.00,43.3,1,0,0.00,0.00,0.00,12.00,0.00,0.00,0,0,0.00,0
2026-04-25 15:08:17,936.64,0,0,0,0,0,0,0,0.00,0,0.20,4.95,0.85,0.29,0.20,D,0.00,12.00,1.98,1.34,1.08,^,0.00,,15.00,12.10,504,0.00,45.5,1,0,0.00,0.00,0.00,12.00,0.00,0.00,0,0,0.00,0
2026-04-25 15:08:18,937.65,0,0,0,0,0,0,0,0.00,0,0.20,4.95,0.85,0.26,0.20,D,0.00,12.00,1.89,1.39,1.19,^,0.00,,15.90,12.10,504,0.00,45.0,1,0,0.00,0.00,0.00,12.00,0.00,0.00,0,0,0.00,0
2026-04-25 15:08:19,938.66,0,0,0,0,0,0,0,0.00,0,0.20,4.95,0.85,0.33,0.20,D,0.00,12.00,1.78,1.39,1.34,^,0.00,,16.50,12.10,504,0.00,46.1,1,0,0.00,0.00,0.00,12.00,0.00,0.00,0,0,0.00,0
2026-04-25 15:08:20,939.67,0,0,0,0,0,0,0,0.00,0,0.20,4.95,0.85,0.24,0.20,D,0.00,12.00,1.70,1.42,1.41,^,0.00,,15.40,12.10,504,0.00,43.3,1,0,0.00,0.00,0.00,12.00,0.00,0.00,0,0,0.00,0
2026-04-25 15:08:21,940.69,0,0,0,0,0,0,0,0.00,0,0.33,4.95,0.85,0.29,0.20,D,0.00,12.00,1.59,1.49,1.19,^,0.00,,14.10,12.20,504,0.00,43.9,1,0,0.00,0.00,0.00,12.00,0.00,0.00,0,0,0.00,0
2026-04-25 15:08:22,941.70,0,0,0,0,0,0,0,0.00,0,1.00,4.95,0.85,0.90,0.70,D,0.00,12.00,1.46,1.54,0.74,^,0.00,,15.50,12.10,504,0.00,45.0,1,0,0.00,0.00,0.00,12.00,0.00,0.00,0,0,0.00,0
2026-04-25 15:08:23,942.70,1,0,0,0,0,0,0,-0.07,0,1.00,4.95,0.85,3.51,0.84,D,0.00,2.37,12.00,1.77,1.08,^,-4.30,,17.30,12.10,504,0.00,45.0,1,0,0.00,0.00,0.00,2.37,-0.07,1.00,0,0,0.00,0
2026-04-25 15:08:24,943.72,1,0,0,0,0,0,0,-0.27,0,0.20,4.95,0.85,3.85,0.99,D,0.00,12.00,12.00,1.25,1.32,^,-16.39,,17.10,12.10,504,0.00,44.4,1,0,0.00,0.00,0.00,12.00,-0.27,1.00,0,0,0.00,0
2026-04-25 15:08:25,944.73,1,0,0,0,0,0,0,-0.37,0,0.20,4.95,0.86,0.46,0.18,D,0.00,12.00,12.00,1.80,1.39,^,-22.37,,15.10,12.10,504,0.00,45.0,1,0,0.00,0.00,0.00,12.00,-0.37,1.00,0,0,0.00,0
2026-04-25 15:08:26,945.74,0,0,0,0,0,0,0,0.98,0,0.20,4.95,0.86,0.28,0.20,D,0.00,12.00,12.00,12.00,0.69,^,0.00,,15.70,12.10,504,0.00,43.9,1,0,0.00,0.00,0.00,12.00,0.00,0.00,0,0,0.00,0
2026-04-25 15:08:27,946.74,0,0,0,0,0,0,0,0.98,1,0.20,4.95,0.85,0.23,0.17,D,0.00,12.00,12.00,1.84,0.43,^,0.00,,14.80,12.10,504,0.00,44.4,1,0,0.00,0.00,0.00,12.00,0.00,0.00,0,0,0.00,0
2026-04-25 15:08:28,947.76,1,0,0,0,0,0,0,-0.14,0,1.00,4.95,0.85,0.02,0.32,D,0.00,12.00,12.00,1.78,0.44,^,-8.35,,15.40,12.10,504,0.01,44.4,1,0,0.00,0.00,0.00,12.00,-0.14,1.00,0,0,0.00,0
2026-04-25 15:08:29,948.77,1,0,0,0,0,0,0,-0.43,0,0.20,4.95,0.85,1.35,0.60,D,0.00,12.00,12.00,12.00,0.69,^,-25.52,,16.20,12.10,504,0.00,43.9,1,0,0.00,0.00,0.00,12.00,-0.43,1.00,0,0,0.00,0
2026-04-25 15:08:30,949.78,0,0,0,0,0,0,0,0.00,0,0.20,4.95,0.85,0.27,0.19,D,0.00,12.00,12.00,12.00,0.80,^,0.00,,16.10,12.10,504,0.01,45.5,1,0,0.00,0.00,0.00,12.00,0.00,0.00,0,0,0.00,0
2026-04-25 15:08:31,950.79,0,0,0,0,0,0,0,1.00,0,1.00,4.95,0.85,0.53,0.58,D,0.00,12.00,12.00,12.00,0.53,^,0.00,,16.50,12.10,504,0.00,43.9,1,0,0.00,0.00,0.00,12.00,0.00,0.00,0,0,0.00,0
2026-04-25 15:08:32,951.80,0,0,0,0,0,0,0,0.16,0,0.00,4.95,0.85,1.47,0.17,D,0.00,12.00,12.00,2.52,0.62,^,0.00,,16.70,12.10,504,0.00,45.0,1,0,0.00,0.00,0.00,12.00,0.00,0.00,0,0,0.00,0
2026-04-25 15:08:33,952.82,1,0,0,0,0,0,0,-0.42,0,0.20,4.95,0.85,0.61,0.20,D,0.00,12.00,12.00,2.27,0.55,^,-25.47,,18.00,12.10,504,0.00,43.9,1,0,0.00,0.00,0.00,12.00,-0.42,1.00,0,0,0.00,0
2026-04-25 15:08:34,953.83,1,0,0,0,0,0,0,-0.01,0,1.00,4.95,0.85,0.77,0.53,D,0.00,12.00,12.00,2.60,0.44,^,-0.38,,14.60,12.10,504,0.00,43.9,1,0,0.00,0.00,0.00,12.00,-0.01,1.00,0,0,0.00,0
2026-04-25 15:08:35,954.84,1,0,0,0,0,0,0,0.02,0,1.00,4.95,0.85,2.75,1.00,D,0.00,12.00,12.00,2.22,0.65,^,1.08,,15.60,12.10,504,0.00,45.0,1,0,0.00,0.00,0.00,12.00,0.02,1.00,0,0,0.00,0
2026-04-25 15:08:36,955.85,1,0,0,0,0,0,0,0.05,0,1.00,4.95,0.86,4.11,1.00,D,0.00,12.00,12.00,2.40,1.20,^,3.26,,16.80,12.10,504,0.00,45.0,1,0,0.00,0.00,0.00,12.00,0.05,1.00,0,0,0.00,0
2026-04-25 15:08:37,956.87,1,0,0,0,0,0,0,0.16,0,1.00,4.95,0.86,4.19,1.00,D,0.00,12.00,12.00,12.00,1.63,^,9.32,,17.10,12.10,504,0.00,44.4,1,0,0.00,0.00,0.00,12.00,0.16,1.00,0,0,0.00,0
2026-04-25 15:08:38,957.88,1,0,0,0,0,0,0,0.04,0,1.00,4.95,0.86,4.20,1.00,D,0.00,12.00,12.00,12.00,1.81,^,2.67,,18.00,12.10,504,0.00,45.0,1,0,0.00,0.00,0.00,12.00,0.04,1.00,0,0,0.00,0
2026-04-25 15:08:39,958.89,1,0,0,0,0,0,0,0.28,0,0.20,4.95,0.87,4.33,0.98,D,0.00,12.00,12.00,12.00,2.14,^,16.82,,16.70,12.20,504,0.00,43.9,1,0,0.00,0.00,0.00,12.00,0.28,1.00,0,0,0.00,0
2026-04-25 15:08:40,960.00,1,0,0,0,0,0,0,0.07,0,1.00,4.95,0.87,4.29,0.97,D,0.00,12.00,12.00,2.42,2.17,^,4.34,,16.50,12.20,504,0.00,45.5,1,0,0.00,0.00,0.00,12.00,0.07,1.00,0,0,0.00,0
2026-04-25 15:08:41,960.90,1,0,0,0,0,0,0,0.22,0,1.00,4.95,0.88,4.15,1.00,D,0.00,12.00,12.00,1.51,1.64,^,12.96,,17.90,12.10,504,0.00,45.0,1,0,0.00,0.00,0.00,12.00,0.22,1.00,0,0,0.00,0
2026-04-25 15:08:42,961.92,1,0,0,0,0,0,0,-0.27,0,0.20,4.95,0.88,4.19,0.96,D,0.00,1.14,12.00,1.31,1.43,WARN_WARNING,-16.37,,15.40,12.10,504,0.00,45.0,1,0,0.00,0.00,0.00,1.14,-0.27,1.00,0,0,0.00,0
2026-04-25 15:08:43,962.92,1,0,0,0,0,0,0,0.17,0,1.00,4.95,0.88,4.08,1.00,D,0.00,12.00,12.00,0.82,0.73,^,10.10,,13.70,12.20,504,0.00,45.0,1,0,0.00,0.00,0.00,12.00,0.17,1.00,0,0,0.00,0
2026-04-25 15:08:44,963.94,1,0,0,0,0,0,0,0.06,0,1.00,4.95,0.89,4.18,0.95,D,0.00,12.00,12.00,12.00,1.02,^,3.32,,14.20,12.20,504,0.00,46.1,1,0,0.00,0.00,0.00,12.00,0.06,1.00,0,0,0.00,0
2026-04-25 15:08:45,964.95,1,0,0,0,0,0,0,0.04,0,1.00,4.95,0.89,3.85,1.00,D,0.00,12.00,12.00,12.00,0.83,^,2.34,,14.00,12.20,504,0.00,46.6,1,0,0.00,0.00,0.00,12.00,0.04,1.00,0,0,0.00,0
2026-04-25 15:08:46,965.96,1,0,0,0,0,0,0,0.25,0,0.20,4.95,0.89,4.04,0.97,D,0.00,12.00,12.00,12.00,0.92,^,15.01,,16.80,12.20,504,0.00,46.1,1,0,0.00,0.00,0.00,12.00,0.25,1.00,0,0,0.00,0
2026-04-25 15:08:47,966.98,1,0,0,0,0,0,0,0.09,0,1.00,4.95,0.90,4.12,1.00,D,0.00,12.00,12.00,12.00,1.10,^,5.17,,16.10,12.20,504,0.00,45.5,1,0,0.00,0.00,0.00,12.00,0.09,1.00,0,0,0.00,0
2026-04-25 15:08:48,967.99,1,0,0,0,0,0,0,0.04,0,1.00,4.95,0.90,4.24,1.00,D,0.00,12.00,12.00,12.00,1.09,^,2.69,,16.60,12.10,504,0.00,46.1,1,0,0.00,0.00,0.00,12.00,0.04,1.00,0,0,0.00,0
2026-04-25 15:08:49,969.00,1,0,0,0,0,0,0,0.24,0,1.00,4.95,0.90,4.19,1.00,D,0.00,12.00,12.00,1.95,1.07,^,14.56,,16.90,12.10,504,0.00,45.5,1,0,0.00,0.00,0.00,12.00,0.24,1.00,0,0,0.00,0
2026-04-25 15:08:50,970.02,1,0,0,0,0,0,0,0.12,0,1.00,4.95,0.91,4.22,1.00,D,0.00,12.00,12.00,12.00,0.93,^,7.22,,17.60,12.10,504,0.00,45.5,1,0,0.00,0.00,0.00,12.00,0.12,1.00,0,0,0.00,0
2026-04-25 15:08:51,971.03,1,0,0,0,0,0,0,-0.00,0,1.00,4.95,0.91,4.18,1.00,D,0.00,2.36,12.00,1.65,0.93,^,-0.03,,19.80,12.10,504,0.00,45.5,1,0,0.00,0.00,0.00,2.36,-0.00,1.00,0,0,0.00,0
2026-04-25 15:08:52,972.04,1,0,0,0,0,0,0,0.11,0,1.00,4.95,0.91,4.06,1.00,D,0.00,12.00,12.00,1.23,0.93,^,6.38,,17.00,12.10,504,0.00,45.5,1,0,0.00,0.00,0.00,12.00,0.11,1.00,0,0,0.00,0
2026-04-25 15:08:53,973.05,1,0,0,0,0,0,0,-0.14,0,1.00,4.95,0.92,4.15,1.00,D,0.00,12.00,12.00,12.00,0.90,^,-8.58,,16.80,12.10,504,0.00,43.9,1,0,0.00,0.00,0.00,12.00,-0.14,1.00,0,0,0.00,0
2026-04-25 15:08:54,974.17,1,0,0,0,0,0,0,-0.23,0,1.00,4.95,0.92,4.19,1.00,D,0.00,12.00,12.00,12.00,0.96,^,-13.67,,16.40,12.10,504,0.00,45.5,1,0,0.00,0.00,0.00,12.00,-0.23,1.00,0,0,0.00,0
2026-04-25 15:08:55,975.07,0,0,0,0,0,0,0,0.00,1,1.00,4.95,0.92,1.49,0.00,D,0.00,12.00,12.00,12.00,0.97,^,0.00,,16.50,12.10,504,0.00,45.0,1,0,0.00,0.00,0.00,12.00,0.00,0.00,0,0,0.00,0
2026-04-25 15:08:56,976.08,0,0,0,0,0,0,0,0.00,1,1.00,4.95,0.92,0.00,0.00,D,0.00,12.00,1.05,12.00,1.03,^,0.00,,16.90,12.10,504,0.00,44.4,1,0,0.00,0.00,0.00,12.00,0.00,0.00,0,0,0.00,0
2026-04-25 15:08:57,977.09,0,0,0,1,0,0,0,-1.00,0,1.00,4.95,0.92,0.15,-0.18,R,0.00,12.00,1.26,12.00,0.96,^,0.00,,15.10,12.10,504,0.01,43.9,1,0,0.00,0.00,0.00,12.00,0.00,0.00,0,0,0.00,0
2026-04-25 15:08:59,978.21,0,0,0,0,0,0,0,0.92,0,1.00,4.95,0.92,0.10,-0.68,R,0.00,12.00,1.41,12.00,0.98,^,0.00,,13.30,12.10,504,0.01,44.4,1,0,0.00,0.00,0.00,12.00,0.00,0.00,0,0,0.00,0
2026-04-25 15:08:59,979.11,0,0,0,0,0,0,0,-0.44,0,1.00,4.95,0.92,1.13,-0.76,R,0.00,1.44,12.00,12.00,0.97,^,0.00,,17.00,12.10,504,0.00,45.5,1,0,0.00,0.00,0.00,1.44,0.00,0.00,0,0,0.00,0
2026-04-25 15:09:00,980.12,0,0,0,0,0,0,0,-1.00,0,1.00,4.95,0.92,0.00,-1.00,R,0.00,1.24,1.37,12.00,1.05,^,0.00,,14.70,12.10,504,0.96,44.4,1,0,0.00,0.00,0.00,1.24,0.00,0.00,0,0,0.00,0
2026-04-25 15:09:01,981.13,0,0,0,0,0,0,0,0.00,0,1.00,4.95,0.92,0.00,-1.00,R,0.00,1.20,1.29,12.00,1.04,WARN_WARNING,0.00,,14.20,12.10,504,0.48,44.4,1,0,0.00,0.00,0.00,1.20,0.00,0.00,0,0,0.00,0
2026-04-25 15:09:03,982.25,0,0,0,0,0,0,0,1.00,0,1.00,4.95,0.92,0.00,-1.00,R,0.00,1.20,1.28,12.00,1.04,WARN_WARNING,0.00,,14.50,12.10,504,0.11,46.6,1,0,0.00,0.00,0.00,1.20,0.00,0.00,0,0,0.00,0
2026-04-25 15:09:03,983.15,0,0,0,0,0,0,0,0.00,0,1.00,4.95,0.92,0.00,-1.00,R,0.00,1.18,1.26,12.00,1.04,WARN_WARNING,0.00,,16.50,12.10,504,1.01,45.5,1,0,0.00,0.00,0.00,1.18,0.00,0.00,0,0,0.00,0
2026-04-25 15:09:05,984.26,0,0,1,0,0,0,0,0.00,0,0.00,4.95,0.92,0.46,0.00,D,0.00,12.00,12.00,12.00,1.11,^,0.00,,14.80,12.10,504,0.00,43.3,1,0,0.00,0.00,0.00,12.00,0.00,0.00,0,0,0.00,0
2026-04-25 15:09:05,985.17,0,0,0,1,0,0,0,0.00,0,1.00,4.95,0.91,0.14,-0.19,R,0.00,12.00,12.00,12.00,1.30,^,0.00,,14.20,12.10,504,0.00,45.0,1,0,0.00,0.00,0.00,12.00,0.00,0.00,0,0,0.00,0
2026-04-25 15:09:07,986.18,0,0,1,0,0,0,0,-0.28,0,0.00,4.95,0.91,0.00,0.00,N,0.00,12.00,12.00,12.00,1.25,^,0.00,,14.40,12.10,504,0.00,45.5,1,0,0.00,0.00,0.00,12.00,0.00,0.00,0,0,0.00,0
2026-04-25 15:09:08,987.19,0,0,0,1,0,0,0,0.00,1,0.00,4.95,0.91,0.00,0.00,P,0.00,12.00,12.00,12.00,1.25,^,0.00,,12.60,12.10,504,0.08,46.6,1,0,0.00,0.00,0.00,12.00,0.00,0.00,0,0,0.00,0
2026-04-25 15:09:09,988.20,0,0,0,0,0,0,0,-1.00,1,1.00,4.95,0.91,0.00,0.00,P,0.00,12.00,12.00,12.00,1.25,^,0.00,,12.20,12.10,504,0.19,45.0,1,0,0.00,0.00,0.00,12.00,0.00,0.00,0,0,0.00,0
2026-04-25 15:09:10,989.22,0,0,1,0,0,0,0,-1.00,0,1.00,4.95,0.91,0.01,-0.04,R,0.00,12.00,12.00,12.00,1.26,^,0.00,,12.60,12.10,504,0.21,45.5,1,0,0.00,0.00,0.00,12.00,0.00,0.00,0,0,0.00,0
2026-04-25 15:09:11,990.23,0,0,0,1,0,0,0,-0.99,1,0.00,4.95,0.91,0.00,0.00,P,0.00,12.00,12.00,12.00,1.25,^,0.00,,11.70,12.10,504,0.13,46.1,1,0,0.00,0.00,0.00,12.00,0.00,0.00,0,0,0.00,0
2026-04-25 15:09:12,991.24,0,0,0,0,0,0,0,-0.99,1,0.00,4.95,0.91,0.00,0.00,P,0.00,12.00,12.00,12.00,1.24,^,0.00,,13.40,12.10,504,1.14,45.5,1,0,0.00,0.00,0.00,12.00,0.00,0.00,0,0,0.00,0
2026-04-25 15:09:13,992.25,0,0,1,0,0,0,0,0.00,0,0.00,4.95,0.91,0.00,0.00,D,0.00,12.00,12.00,12.00,1.25,^,0.00,,16.50,12.10,504,0.34,45.5,1,0,0.00,0.00,0.00,12.00,0.00,0.00,0,0,0.00,0
2026-04-25 15:09:14,993.27,0,0,0,0,0,0,0,0.00,0,1.00,4.95,0.91,0.03,0.48,D,0.00,12.00,12.00,12.00,1.26,^,0.00,,14.60,12.10,504,0.02,43.9,1,0,0.00,0.00,0.00,12.00,0.00,0.00,0,0,0.00,0
2026-04-25 15:09:15,994.28,0,0,0,1,0,0,0,-1.00,0,1.00,4.95,0.91,0.06,-0.07,R,0.00,12.00,12.00,12.00,1.26,^,0.00,,16.30,12.10,504,0.05,44.4,1,0,0.00,0.00,0.00,12.00,0.00,0.00,0,0,0.00,0
2026-04-25 15:09:16,995.29,0,0,0,0,0,0,0,-0.19,0,1.00,4.95,0.91,0.03,-0.58,R,0.00,12.00,12.00,12.00,1.24,^,0.00,,14.10,12.10,504,0.11,45.5,1,0,0.00,0.00,0.00,12.00,0.00,0.00,0,0,0.00,0
2026-04-25 15:09:17,996.40,0,0,0,0,0,0,0,-1.00,0,0.76,4.95,0.91,1.03,-0.64,R,0.00,12.00,12.00,12.00,1.11,^,0.00,,15.60,12.10,504,0.00,44.4,1,0,0.00,0.00,0.00,12.00,0.00,0.00,0,0,0.00,0
2026-04-25 15:09:18,997.31,0,0,0,0,0,0,0,0.00,0,1.00,4.95,0.91,0.50,-0.88,R,0.00,1.30,1.28,12.00,1.05,^,0.00,,15.90,12.10,504,0.10,45.0,1,0,0.00,0.00,0.00,1.30,0.00,0.00,0,0,0.00,0
2026-04-25 15:09:19,998.32,0,0,0,0,0,0,0,1.00,0,1.00,4.95,0.91,0.01,-1.00,R,0.00,1.18,1.15,12.00,1.06,WARN_WARNING,0.00,,16.30,12.10,504,0.01,43.3,1,0,0.00,0.00,0.00,1.18,0.00,0.00,0,0,0.00,0
2026-04-25 15:09:20,999.33,0,0,0,0,0,0,0,0.00,0,1.00,4.95,0.90,0.27,-1.00,R,0.00,1.09,1.08,12.00,1.03,WARN_WARNING,0.00,,15.70,12.10,504,0.00,44.4,1,0,0.00,0.00,0.00,1.09,0.00,0.00,0,0,0.00,0
2026-04-25 15:09:21,1000.34,0,0,0,0,0,0,0,1.00,0,1.00,4.95,0.90,0.03,-1.00,R,0.00,1.11,1.10,12.00,1.01,WARN_WARNING,0.00,,14.50,12.10,504,0.01,45.0,1,0,0.00,0.00,0.00,1.11,0.00,0.00,0,0,0.00,0
2026-04-25 15:09:22,1001.34,0,0,0,0,0,0,0,0.00,0,1.00,4.95,0.90,0.07,-0.89,R,0.00,1.42,1.42,12.00,0.95,^,0.00,,15.90,12.10,504,0.18,43.9,1,0,0.00,0.00,0.00,1.42,0.00,0.00,0,0,0.00,0
2026-04-25 15:09:23,1002.36,0,0,0,0,0,0,0,1.00,0,1.00,4.95,0.90,0.21,-1.00,R,0.00,1.41,1.41,12.00,1.07,^,0.00,,14.60,12.10,504,0.00,45.0,1,0,0.00,0.00,0.00,1.41,0.00,0.00,0,0,0.00,0
2026-04-25 15:09:24,1003.37,0,0,1,0,0,0,0,0.00,0,0.00,4.95,0.90,1.54,0.00,N,0.00,12.00,12.00,12.00,0.58,^,0.00,,14.80,12.10,504,0.00,46.1,1,0,0.00,0.00,0.00,12.00,0.00,0.00,0,0,0.00,0
2026-04-25 15:09:25,1004.38,0,0,1,0,0,0,0,0.75,0,1.00,4.95,0.90,0.14,0.39,D,0.00,12.00,12.00,0.72,0.60,^,0.00,,15.20,12.10,504,0.00,45.0,1,0,0.00,0.00,0.00,12.00,0.00,0.00,0,0,0.00,0
2026-04-25 15:09:26,1005.39,0,0,0,0,0,0,0,0.00,0,0.00,4.95,0.90,0.69,0.13,D,0.00,12.00,12.00,0.67,0.63,^,0.00,,13.20,12.10,504,0.00,45.5,1,0,0.00,0.00,0.00,12.00,0.00,0.00,0,0,0.00,0
2026-04-25 15:09:27,1006.41,0,0,0,0,0,0,0,0.00,0,0.00,4.95,0.90,0.00,0.00,D,0.00,12.00,12.00,0.49,12.00,^,0.00,,12.20,12.10,504,0.29,46.1,1,0,0.00,0.00,0.00,12.00,0.00,0.00,0,0,0.00,0
2026-04-25 15:09:28,1007.42,1,0,0,0,0,0,0,-0.10,0,1.00,4.95,0.90,0.09,0.44,D,0.00,12.00,12.00,0.66,0.63,^,-6.12,,12.40,12.10,504,0.01,46.1,1,0,0.00,0.00,0.00,12.00,-0.10,1.00,0,0,0.00,0
2026-04-25 15:09:29,1008.43,1,0,0,0,0,0,0,-0.19,0,1.00,4.95,0.90,1.72,0.84,D,0.00,12.00,12.00,12.00,0.74,^,-11.30,,12.90,12.10,504,0.00,46.6,1,0,0.00,0.00,0.00,12.00,-0.19,1.00,0,0,0.00,0
2026-04-25 15:09:30,1009.44,0,0,0,0,0,0,0,0.00,0,1.00,4.95,0.90,3.83,1.00,D,0.00,12.00,12.00,12.00,1.11,^,0.00,,15.20,12.10,504,0.00,46.1,1,0,0.00,0.00,0.00,12.00,0.00,0.00,0,0,0.00,0
2026-04-25 15:09:31,1010.55,0,0,0,0,0,0,0,0.00,0,1.00,4.95,0.91,4.14,1.00,D,0.00,12.00,12.00,1.80,1.59,^,0.00,,13.90,12.10,504,0.00,45.0,1,0,0.00,0.00,0.00,12.00,0.00,0.00,0,0,0.00,0
2026-04-25 15:09:32,1011.45,0,0,0,0,0,0,0,0.00,0,1.00,4.95,0.91,4.25,1.00,D,0.00,12.00,12.00,1.74,1.47,^,0.00,,13.20,12.10,504,0.00,45.5,1,0,0.00,0.00,0.00,12.00,0.00,0.00,0,0,0.00,0
2026-04-25 15:09:33,1012.46,0,0,0,0,0,0,0,0.00,0,1.00,4.95,0.91,4.23,1.00,D,0.00,12.00,12.00,12.00,1.92,^,0.00,,13.80,12.10,504,0.00,46.6,1,0,0.00,0.00,0.00,12.00,0.00,0.00,0,0,0.00,0
2026-04-25 15:09:34,1013.47,0,0,0,0,0,0,0,0.00,0,1.00,4.95,0.92,4.25,1.00,D,0.00,12.00,12.00,12.00,2.44,^,0.00,,15.80,12.10,504,0.00,47.2,1,0,0.00,0.00,0.00,12.00,0.00,0.00,0,0,0.00,0
2026-04-25 15:09:35,1014.49,0,0,0,0,0,0,0,0.00,0,1.00,4.95,0.92,4.26,1.00,D,0.00,12.00,12.00,12.00,2.68,^,0.00,,15.70,12.10,504,0.00,45.0,1,0,0.00,0.00,0.00,12.00,0.00,0.00,0,0,0.00,0
2026-04-25 15:09:36,1015.50,0,0,0,0,0,0,0,0.00,0,1.00,4.95,0.92,4.31,1.00,D,0.00,12.00,12.00,12.00,12.00,^,0.00,,15.90,12.10,504,0.00,46.1,1,0,0.00,0.00,0.00,12.00,0.00,0.00,0,0,0.00,0
2026-04-25 15:09:37,1016.51,0,0,0,0,0,0,0,0.00,0,0.20,4.95,0.93,4.04,0.67,D,0.00,12.00,12.00,12.00,12.00,^,0.00,,16.30,12.10,504,0.00,46.6,1,0,0.00,0.00,0.00,12.00,0.00,0.00,0,0,0.00,0
2026-04-25 15:09:38,1017.52,0,0,0,0,0,0,0,0.00,0,0.20,4.95,0.93,2.98,0.20,D,0.00,2.94,12.00,12.00,2.71,^,0.00,,12.80,12.10,504,0.00,46.6,1,0,0.00,0.00,0.00,2.94,0.00,0.00,0,0,0.00,0
2026-04-25 15:09:39,1018.53,0,0,0,0,0,0,0,0.00,0,0.20,4.95,0.93,1.81,0.20,D,0.00,12.00,12.00,2.06,2.18,^,0.00,,11.90,12.10,504,0.00,46.6,1,0,0.00,0.00,0.00,12.00,0.00,0.00,0,0,0.00,0
2026-04-25 15:09:40,1019.54,0,0,0,0,0,0,0,0.00,0,0.20,4.95,0.93,0.41,0.20,D,0.00,12.00,12.00,1.59,1.24,^,0.00,,13.60,12.10,504,0.00,46.6,1,0,0.00,0.00,0.00,12.00,0.00,0.00,0,0,0.00,0
2026-04-25 15:09:41,1020.56,0,0,0,0,0,0,0,0.00,0,0.20,4.95,0.93,0.00,0.20,D,0.00,12.00,12.00,1.62,0.75,^,0.00,,13.20,12.10,504,0.68,46.6,1,0,0.00,0.00,0.00,12.00,0.00,0.00,0,0,0.00,0
2026-04-25 15:09:42,1021.57,0,0,0,0,0,0,0,0.00,0,0.00,4.95,0.93,0.00,0.00,D,0.00,12.00,12.00,1.62,0.77,^,0.00,,13.30,12.10,504,1.69,45.5,1,0,0.00,0.00,0.00,12.00,0.00,0.00,0,0,0.00,0
2026-04-25 15:09:43,1022.57,1,0,0,0,0,0,0,-0.48,0,0.20,4.95,0.93,0.00,0.20,D,0.00,12.00,12.00,1.62,0.79,^,-28.57,,14.80,12.10,504,2.70,45.5,1,0,0.00,0.00,0.00,12.00,-0.48,1.00,0,0,0.00,0
2026-04-25 15:09:44,1023.58,0,0,0,0,0,0,0,0.00,0,1.00,4.95,0.93,0.00,0.38,D,0.00,12.00,12.00,1.62,0.80,^,0.00,,15.30,12.10,504,3.71,44.4,1,0,0.00,0.00,0.00,12.00,0.00,0.00,0,0,0.00,0
2026-04-25 15:09:45,1024.59,0,0,0,0,0,0,0,0.00,0,0.00,4.95,0.93,0.58,0.34,D,0.00,12.00,12.00,1.62,0.86,^,0.00,,14.50,12.10,504,0.01,46.6,1,0,0.00,0.00,0.00,12.00,0.00,0.00,0,0,0.00,0
2026-04-25 15:09:46,1025.61,0,0,0,0,0,0,0,0.00,0,1.00,4.95,0.92,0.02,0.42,D,0.00,12.00,12.00,1.62,0.83,^,0.00,,14.20,12.10,504,0.16,44.4,1,0,0.00,0.00,0.00,12.00,0.00,0.00,0,0,0.00,0
2026-04-25 15:09:47,1026.62,0,0,0,0,0,0,0,0.00,0,1.00,4.95,0.92,0.60,0.92,D,0.00,12.00,12.00,1.62,0.86,^,0.00,,15.00,12.10,504,0.00,45.5,1,0,0.00,0.00,0.00,12.00,0.00,0.00,0,0,0.00,0
2026-04-25 15:09:48,1027.63,0,0,0,0,0,0,0,0.00,0,0.00,4.95,0.92,2.38,0.33,D,0.00,12.00,12.00,1.28,1.27,^,0.00,,13.70,12.10,504,0.00,46.6,1,0,0.00,0.00,0.00,12.00,0.00,0.00,0,0,0.00,0
2026-04-25 15:09:49,1028.64,1,0,0,0,0,0,0,0.00,0,1.00,4.95,0.93,1.51,0.17,D,0.00,12.00,12.00,1.80,1.52,^,0.03,,13.60,12.10,504,0.00,45.5,1,0,0.00,0.00,0.00,12.00,0.00,1.00,0,0,0.00,0
2026-04-25 15:09:50,1029.65,1,0,0,0,0,0,0,0.17,0,1.00,4.95,0.93,1.44,0.64,D,0.00,12.00,12.00,1.83,1.32,^,10.19,,13.60,12.10,504,0.00,47.2,1,0,0.00,0.00,0.00,12.00,0.17,1.00,0,0,0.00,0
2026-04-25 15:09:51,1030.67,1,0,0,0,0,0,0,0.25,0,0.20,4.95,0.93,2.51,0.54,D,0.00,12.00,12.00,1.53,1.31,^,15.17,,13.40,12.10,504,0.00,47.2,1,0,0.00,0.00,0.00,12.00,0.25,1.00,0,0,0.00,0
2026-04-25 15:09:52,1031.68,1,0,0,0,0,0,0,0.11,0,1.00,4.95,0.93,2.61,0.84,D,0.00,12.00,12.00,1.40,1.06,^,6.36,,13.00,12.10,504,0.00,45.5,1,0,0.00,0.00,0.00,12.00,0.11,1.00,0,0,0.00,0
2026-04-25 15:09:53,1032.69,1,0,0,0,0,0,0,-0.14,0,1.00,4.95,0.93,3.91,1.00,D,0.00,12.00,12.00,12.00,1.18,^,-8.17,,15.30,12.10,504,0.00,47.2,1,0,0.00,0.00,0.00,12.00,-0.14,1.00,0,0,0.00,0
2026-04-25 15:09:54,1033.70,1,0,0,0,0,0,0,-0.04,0,1.00,4.95,0.93,4.19,1.00,D,0.00,12.00,12.00,12.00,1.54,^,-2.32,,14.00,12.10,504,0.00,46.1,1,0,0.00,0.00,0.00,12.00,-0.04,1.00,0,0,0.00,0
2026-04-25 15:09:55,1034.81,1,0,0,0,0,0,0,0.00,0,1.00,4.95,0.94,4.16,1.00,D,0.00,12.00,12.00,12.00,1.96,^,0.27,,14.60,12.10,504,0.00,45.5,1,0,0.00,0.00,0.00,12.00,0.00,1.00,0,0,0.00,0
2026-04-25 15:09:56,1035.72,1,0,0,0,0,0,0,0.00,0,1.00,4.95,0.94,4.18,1.00,D,0.00,12.00,12.00,12.00,2.30,^,0.18,,13.40,12.10,504,0.00,46.6,1,0,0.00,0.00,0.00,12.00,0.00,1.00,0,0,0.00,0
2026-04-25 15:09:57,1036.83,1,0,0,0,0,0,0,-0.13,0,1.00,4.95,0.94,4.13,1.00,D,0.00,12.00,12.00,12.00,12.00,^,-7.91,,15.10,12.10,504,0.00,45.0,1,0,0.00,0.00,0.00,12.00,-0.13,1.00,0,0,0.00,0
2026-04-25 15:09:58,1037.73,1,0,0,0,0,0,0,0.10,0,1.00,4.95,0.95,4.16,1.00,D,0.00,12.00,12.00,12.00,2.77,^,5.95,,13.20,12.10,504,0.00,46.1,1,0,0.00,0.00,0.00,12.00,0.10,1.00,0,0,0.00,0
2026-04-25 15:09:59,1038.74,0,0,0,0,0,0,0,1.00,0,1.00,4.95,0.95,0.24,0.17,D,0.00,12.00,12.00,2.60,2.40,^,0.00,,13.70,12.10,504,0.00,47.2,1,0,0.00,0.00,0.00,12.00,0.00,0.00,0,0,0.00,0
2026-04-25 15:10:00,1039.75,0,0,0,0,0,0,0,1.00,0,1.00,4.95,0.95,0.28,0.68,D,0.00,12.00,12.00,2.60,1.26,^,0.00,,11.80,12.10,504,0.00,46.1,1,0,0.00,0.00,0.00,12.00,0.00,0.00,0,0,0.00,0
2026-04-25 15:10:01,1040.76,0,0,0,0,0,0,0,0.00,0,1.00,4.95,0.95,1.89,0.59,D,0.00,12.00,12.00,2.69,0.89,^,0.00,,12.60,12.10,504,0.00,47.7,1,0,0.00,0.00,0.00,12.00,0.00,0.00,0,0,0.00,0
2026-04-25 15:10:02,1041.78,0,0,0,0,0,0,0,0.00,0,0.00,4.95,0.95,2.06,0.42,D,0.00,12.00,12.00,2.42,0.80,^,0.00,,13.20,12.10,504,0.00,46.1,1,0,0.00,0.00,0.00,12.00,0.00,0.00,0,0,0.00,0
2026-04-25 15:10:03,1042.79,0,0,0,0,0,0,0,0.00,0,1.00,4.95,0.95,1.41,0.22,D,0.00,12.00,12.00,12.00,0.71,^,0.00,,12.60,12.10,504,0.00,48.8,1,0,0.00,0.00,0.00,12.00,0.00,0.00,0,0,0.00,0
2026-04-25 15:10:04,1043.80,0,0,0,0,0,0,0,0.00,0,0.78,4.95,0.95,1.39,0.72,D,0.00,12.00,12.00,2.07,0.63,^,0.00,,14.70,12.10,504,0.00,46.6,1,0,0.00,0.00,0.00,12.00,0.00,0.00,0,0,0.00,0
2026-04-25 15:10:05,1044.81,0,0,0,0,0,0,0,0.00,0,0.00,4.95,0.95,2.16,0.28,D,0.00,12.00,12.00,12.00,0.81,^,0.00,,14.90,12.10,504,0.00,46.6,1,0,0.00,0.00,0.00,12.00,0.00,0.00,0,0,0.00,0
2026-04-25 15:10:06,1045.82,0,0,0,0,0,0,0,0.00,0,0.00,4.95,0.95,1.04,0.00,D,0.00,12.00,12.00,12.00,1.00,^,0.00,,14.20,12.10,504,0.00,47.2,1,0,0.00,0.00,0.00,12.00,0.00,0.00,0,0,0.00,0
2026-04-25 15:10:07,1046.82,0,0,0,0,0,0,0,0.00,0,0.00,4.95,0.95,0.00,0.00,D,0.00,12.00,12.00,12.00,1.33,^,0.00,,12.10,12.10,504,0.05,46.6,1,0,0.00,0.00,0.00,12.00,0.00,0.00,0,0,0.00,0
2026-04-25 15:10:08,1047.83,0,0,0,0,0,0,0,0.00,0,0.00,4.95,0.95,0.00,0.00,D,0.00,12.00,12.00,12.00,1.90,^,0.00,,12.50,12.10,504,1.06,45.5,1,0,0.00,0.00,0.00,12.00,0.00,0.00,0,0,0.00,0
2026-04-25 15:10:09,1048.83,0,0,0,0,0,0,0,0.00,0,0.00,4.95,0.95,0.00,0.00,D,0.00,12.00,12.00,1.76,2.13,^,0.00,,11.90,12.10,504,2.06,45.5,1,0,0.00,0.00,0.00,12.00,0.00,0.00,0,0,0.00,0
2026-04-25 15:10:10,1049.85,1,0,0,0,0,0,0,0.04,0,1.00,4.95,0.95,0.04,0.47,D,0.00,12.00,12.00,12.00,2.15,^,2.19,,13.60,12.10,504,0.00,46.1,1,0,0.00,0.00,0.00,12.00,0.04,1.00,0,0,0.00,0
2026-04-25 15:10:11,1050.86,1,0,0,0,0,0,0,0.02,0,1.00,4.95,0.95,1.91,0.97,D,0.00,12.00,12.00,12.00,2.45,^,1.13,,16.00,12.10,504,0.00,46.6,1,0,0.00,0.00,0.00,12.00,0.02,1.00,0,0,0.00,0
2026-04-25 15:10:12,1051.87,1,0,0,0,0,0,0,0.10,0,1.00,4.95,0.95,4.04,1.00,D,0.00,12.00,12.00,2.03,12.00,^,5.98,,15.00,12.10,504,0.00,46.1,1,0,0.00,0.00,0.00,12.00,0.10,1.00,0,0,0.00,0
2026-04-25 15:10:13,1052.88,1,0,0,0,0,0,0,-0.02,0,1.00,4.95,0.95,4.04,1.00,D,0.00,12.00,12.00,1.85,1.75,^,-1.32,,17.70,12.10,504,0.00,45.0,1,0,0.00,0.00,0.00,12.00,-0.02,1.00,0,0,0.00,0
2026-04-25 15:10:14,1053.90,0,0,0,0,0,0,0,0.26,0,1.00,4.95,0.96,4.18,1.00,D,0.00,12.00,12.00,12.00,2.27,^,0.00,,17.40,12.10,504,0.00,45.5,1,0,0.00,0.00,0.00,12.00,0.00,0.00,0,0,0.00,0
2026-04-25 15:10:15,1054.91,0,0,0,0,0,0,0,0.00,0,1.00,4.95,0.96,4.22,1.00,D,0.00,12.00,12.00,2.83,12.00,^,0.00,,16.60,12.10,504,0.00,45.5,1,0,0.00,0.00,0.00,12.00,0.00,0.00,0,0,0.00,0
2026-04-25 15:10:16,1055.92,0,0,0,0,0,0,0,0.55,0,1.00,4.95,0.96,4.21,1.00,D,0.00,12.00,12.00,12.00,2.49,^,0.00,,16.60,12.10,504,0.00,46.1,1,0,0.00,0.00,0.00,12.00,0.00,0.00,0,0,0.00,0
2026-04-25 15:10:17,1056.93,0,0,0,0,0,0,0,0.00,0,1.00,4.95,0.97,4.33,1.00,D,0.00,12.00,12.00,2.15,12.00,^,0.00,,15.60,12.10,504,0.00,46.6,1,0,0.00,0.00,0.00,12.00,0.00,0.00,0,0,0.00,0
2026-04-25 15:10:18,1057.95,0,0,0,0,0,0,0,0.00,0,1.00,4.95,0.97,3.14,1.00,D,0.00,12.00,12.00,2.40,12.00,^,0.00,,14.50,12.00,504,0.00,47.2,1,0,0.00,0.00,0.00,12.00,0.00,0.00,0,0,0.00,0
2026-04-25 15:10:19,1059.06,0,0,0,0,0,0,0,0.00,0,1.00,4.95,0.97,4.01,1.00,D,0.00,12.00,12.00,12.00,2.60,^,0.00,,13.80,12.10,504,0.00,46.6,1,0,0.00,0.00,0.00,12.00,0.00,0.00,0,0,0.00,0
2026-04-25 15:10:20,1059.96,0,0,0,0,0,0,0,0.00,0,1.00,4.95,0.97,4.14,1.00,D,0.00,12.00,12.00,12.00,12.00,^,0.00,,14.40,12.10,504,0.00,46.1,1,0,0.00,0.00,0.00,12.00,0.00,0.00,0,0,0.00,0
2026-04-25 15:10:21,1060.97,0,0,0,0,0,0,0,1.00,0,1.00,4.95,0.98,4.29,1.00,D,0.00,12.00,12.00,12.00,12.00,^,0.00,,15.70,12.20,504,0.00,45.5,1,0,0.00,0.00,0.00,12.00,0.00,0.00,0,0,0.00,0
2026-04-25 15:10:22,1061.98,0,0,0,0,0,0,0,0.00,0,1.00,4.95,0.98,4.22,1.00,D,0.00,12.00,12.00,12.00,12.00,^,0.00,,16.70,12.10,504,0.00,45.5,1,0,0.00,0.00,0.00,12.00,0.00,0.00,0,0,0.00,0
2026-04-25 15:10:23,1062.99,0,0,0,0,0,0,0,0.00,0,1.00,4.95,0.98,4.22,1.00,D,0.00,12.00,12.00,12.00,12.00,^,0.00,,15.90,12.10,504,0.00,46.6,1,0,0.00,0.00,0.00,12.00,0.00,0.00,0,0,0.00,0
2026-04-25 15:10:24,1064.01,0,0,0,0,0,0,0,0.00,0,1.00,4.95,0.99,4.25,1.00,D,0.00,12.00,12.00,2.09,12.00,^,0.00,,16.10,12.20,504,0.00,45.5,1,0,0.00,0.00,0.00,12.00,0.00,0.00,0,0,0.00,0
2026-04-25 15:10:25,1065.02,0,0,0,0,0,0,0,0.00,0,1.00,4.95,0.99,4.21,1.00,D,0.00,12.00,12.00,12.00,2.00,^,0.00,,15.70,12.30,504,0.00,46.1,1,0,0.00,0.00,0.00,12.00,0.00,0.00,0,0,0.00,0
2026-04-25 15:10:26,1066.03,0,0,0,0,0,0,0,0.00,0,1.00,4.95,0.99,4.27,1.00,D,0.00,12.00,12.00,12.00,12.00,^,0.00,,17.90,12.20,504,0.00,46.6,1,0,0.00,0.00,0.00,12.00,0.00,0.00,0,0,0.00,0
2026-04-25 15:10:27,1067.14,1,0,0,0,0,0,0,-0.28,0,0.20,4.95,1.00,4.25,0.98,D,0.00,12.00,12.00,12.00,12.00,^,-16.54,,16.40,12.20,504,0.00,45.5,1,0,0.00,0.00,0.00,12.00,-0.28,1.00,0,0,0.00,0
2026-04-25 15:10:28,1068.05,1,0,0,0,0,0,0,-0.27,0,0.20,4.95,1.00,4.12,0.93,D,0.00,12.00,12.00,12.00,12.00,^,-16.11,,17.20,12.40,504,0.00,46.1,1,0,0.00,0.00,0.00,12.00,-0.27,1.00,0,0,0.00,0
2026-04-25 15:10:29,1069.06,0,0,0,0,0,0,0,0.00,0,0.20,4.95,1.00,0.00,0.01,D,0.00,12.00,12.00,12.00,12.00,^,0.00,,16.20,12.30,504,0.00,43.9,1,0,0.00,0.00,0.00,12.00,0.00,0.00,0,0,0.00,0
2026-04-25 15:10:30,1070.07,0,0,0,0,0,0,0,1.00,0,1.00,4.95,1.00,0.14,0.51,D,0.00,12.00,12.00,12.00,12.00,^,0.00,,15.00,12.30,504,0.00,46.6,1,0,0.00,0.00,0.00,12.00,0.00,0.00,0,0,0.00,0
2026-04-25 15:10:31,1071.09,0,0,0,0,0,0,0,0.00,0,0.00,4.95,1.00,2.02,0.60,D,0.00,12.00,12.00,12.00,1.65,^,0.00,,14.40,12.40,504,0.00,45.5,1,0,0.00,0.00,0.00,12.00,0.00,0.00,0,0,0.00,0
2026-04-25 15:10:32,1072.10,0,0,0,0,0,0,0,0.00,0,0.00,4.95,1.00,1.37,0.00,D,0.00,12.00,12.00,1.62,1.26,^,0.00,,15.50,12.30,504,0.00,46.6,1,0,0.00,0.00,0.00,12.00,0.00,0.00,0,0,0.00,0
2026-04-25 15:10:33,1073.11,0,0,0,0,0,0,0,0.00,0,0.00,4.95,1.00,0.38,0.01,D,0.00,12.00,12.00,1.55,0.61,^,0.00,,14.00,12.70,504,0.01,46.1,1,0,0.00,0.00,0.00,12.00,0.00,0.00,0,0,0.00,0
2026-04-25 15:10:34,1074.12,1,0,0,0,0,0,0,0.16,0,1.00,4.95,1.00,0.00,0.01,D,0.00,12.00,12.00,1.55,0.40,^,9.55,,11.40,12.90,504,0.91,46.1,1,0,0.00,0.00,0.00,12.00,0.16,1.00,0,0,0.00,0
2026-04-25 15:10:35,1075.14,1,0,0,0,0,0,0,0.12,0,1.00,4.95,1.00,0.06,0.51,D,0.00,12.00,12.00,1.55,0.41,^,7.38,,13.00,13.20,504,0.00,46.6,1,0,0.00,0.00,0.00,12.00,0.12,1.00,0,0,0.00,0
2026-04-25 15:10:36,1076.15,1,0,0,0,0,0,0,0.20,0,1.00,4.95,1.00,2.02,0.99,D,0.00,3.12,12.00,1.57,0.60,^,12.12,,13.40,13.30,504,0.00,47.2,1,0,0.00,0.00,0.00,3.12,0.20,1.00,0,0,0.00,0
2026-04-25 15:10:37,1077.15,0,0,0,0,0,0,0,0.00,0,0.20,4.95,1.00,1.28,0.11,D,0.00,1.95,12.00,1.68,1.12,^,0.00,,15.40,13.20,504,0.00,46.6,1,0,0.00,0.00,0.00,1.95,0.00,0.00,0,0,0.00,0
2026-04-25 15:10:38,1078.16,1,0,0,0,0,0,0,-0.26,0,0.20,4.95,1.00,0.61,0.19,D,0.00,12.00,12.00,1.56,0.88,^,-15.74,,15.80,12.90,504,0.00,46.1,1,0,0.00,0.00,0.00,12.00,-0.26,1.00,0,0,0.00,0
2026-04-25 15:10:39,1079.18,1,0,0,0,0,0,0,-0.28,0,0.20,4.95,1.00,0.59,0.47,D,0.00,12.00,12.00,1.50,0.60,^,-17.01,,16.40,13.10,504,0.00,45.5,1,0,0.00,0.00,0.00,12.00,-0.28,1.00,0,0,0.00,0
2026-04-25 15:10:41,1080.19,1,0,0,0,0,0,0,-0.02,0,1.00,4.95,1.00,1.99,0.87,D,0.00,12.00,12.00,1.78,0.75,^,-0.92,,14.70,13.00,504,0.00,45.5,1,0,0.00,0.00,0.00,12.00,-0.02,1.00,0,0,0.00,0
2026-04-25 15:10:42,1081.20,1,0,0,0,0,0,0,0.06,0,1.00,4.95,1.00,3.90,1.00,D,0.00,12.00,12.00,12.00,1.00,^,3.42,,19.20,12.90,504,0.00,43.9,1,0,0.00,0.00,0.00,12.00,0.06,1.00,0,0,0.00,0
2026-04-25 15:10:43,1082.21,0,0,0,0,0,0,0,1.00,0,1.00,4.95,1.00,0.18,0.14,D,0.00,12.00,12.00,12.00,1.06,^,0.00,,15.80,12.90,504,0.01,45.5,1,0,0.00,0.00,0.00,12.00,0.00,0.00,0,0,0.00,0
2026-04-25 15:10:44,1083.32,0,0,0,0,0,0,0,1.00,0,1.00,4.95,1.00,0.30,0.64,D,0.00,12.00,12.00,12.00,0.53,^,0.00,,15.00,13.00,504,0.00,45.5,1,0,0.00,0.00,0.00,12.00,0.00,0.00,0,0,0.00,0
2026-04-25 15:10:45,1084.22,0,0,0,0,0,0,0,1.00,0,1.00,4.95,1.00,1.12,0.42,D,0.00,12.00,12.00,2.45,0.66,^,0.00,,15.10,13.20,504,0.00,45.5,1,0,0.00,0.00,0.00,12.00,0.00,0.00,0,0,0.00,0
2026-04-25 15:10:46,1085.24,0,0,0,0,0,0,0,0.00,0,0.00,4.95,1.00,1.91,0.68,D,0.00,12.00,12.00,2.70,0.67,^,0.00,,16.70,13.20,504,0.00,43.9,1,0,0.00,0.00,0.00,12.00,0.00,0.00,0,0,0.00,0
2026-04-25 15:10:47,1086.25,0,0,0,0,0,0,0,0.00,0,0.00,4.95,1.00,1.89,0.07,D,0.00,12.00,12.00,2.55,0.76,^,0.00,,15.80,13.10,504,0.00,46.1,1,0,0.00,0.00,0.00,12.00,0.00,0.00,0,0,0.00,0
2026-04-25 15:10:48,1087.26,0,0,0,0,0,0,0,0.00,0,0.00,4.95,1.00,0.53,0.00,D,0.00,12.00,12.00,2.48,0.41,^,0.00,,14.50,12.80,504,0.00,45.5,1,0,0.00,0.00,0.00,12.00,0.00,0.00,0,0,0.00,0
2026-04-25 15:10:49,1088.27,1,0,0,0,0,0,0,-0.06,0,1.00,4.95,1.00,0.00,0.10,D,0.00,12.00,12.00,2.44,0.38,^,-3.30,,15.40,12.60,504,0.78,43.9,1,0,0.00,0.00,0.00,12.00,-0.06,1.00,0,0,0.00,0
2026-04-25 15:10:50,1089.38,0,0,0,0,0,0,0,0.00,0,0.00,4.95,1.00,0.00,0.00,D,0.00,12.00,12.00,2.39,0.46,^,0.00,,13.60,12.50,504,0.73,44.4,1,0,0.00,0.00,0.00,12.00,0.00,0.00,0,0,0.00,0
2026-04-25 15:10:51,1090.29,0,0,0,0,0,0,0,0.00,0,0.00,4.95,1.00,0.00,0.00,D,0.00,12.00,12.00,2.43,0.47,^,0.00,,14.00,12.40,504,1.64,45.5,1,0,0.00,0.00,0.00,12.00,0.00,0.00,0,0,0.00,0
2026-04-25 15:10:52,1091.30,0,0,0,0,0,0,0,0.00,0,0.00,4.95,1.00,0.00,0.00,D,0.00,12.00,12.00,2.39,0.43,^,0.00,,13.80,12.40,504,2.65,44.4,1,0,0.00,0.00,0.00,12.00,0.00,0.00,0,0,0.00,0
2026-04-25 15:10:53,1092.31,0,0,0,0,0,0,0,0.00,0,1.00,4.95,1.00,0.04,0.43,D,0.00,12.00,12.00,2.43,0.46,^,0.00,,15.40,12.40,504,0.01,43.9,1,0,0.00,0.00,0.00,12.00,0.00,0.00,0,0,0.00,0
2026-04-25 15:10:54,1093.32,1,0,0,0,0,0,0,0.03,0,1.00,4.95,1.00,0.27,0.43,D,0.00,12.00,12.00,2.50,0.54,^,1.75,,13.70,12.50,504,0.00,44.4,1,0,0.00,0.00,0.00,12.00,0.03,1.00,0,0,0.00,0
2026-04-25 15:10:55,1094.43,1,0,0,0,0,0,0,-0.06,0,1.00,4.95,1.00,1.74,0.90,D,0.00,12.00,12.00,2.23,0.73,^,-3.68,,17.40,12.40,504,0.00,45.5,1,0,0.00,0.00,0.00,12.00,-0.06,1.00,0,0,0.00,0
2026-04-25 15:10:56,1095.33,1,0,0,0,0,0,0,0.16,0,1.00,4.95,1.00,3.95,1.00,D,0.00,2.58,12.00,1.69,1.27,^,9.89,,17.70,12.50,504,0.00,45.5,1,0,0.00,0.00,0.00,2.58,0.16,1.00,0,0,0.00,0
2026-04-25 15:10:57,1096.35,1,0,0,0,0,0,0,-0.17,0,1.00,4.95,1.00,4.22,1.00,D,0.00,12.00,12.00,1.21,1.34,^,-10.30,,17.30,12.50,504,0.00,45.5,1,0,0.00,0.00,0.00,12.00,-0.17,1.00,0,0,0.00,0
2026-04-25 15:10:58,1097.36,1,0,0,0,0,0,0,-0.09,0,1.00,4.95,1.00,4.20,0.99,D,0.00,12.00,12.00,0.95,0.99,^,-5.23,,17.80,12.60,504,0.00,45.0,1,0,0.00,0.00,0.00,12.00,-0.09,1.00,0,0,0.00,0
2026-04-25 15:10:59,1098.37,1,0,0,0,0,0,0,0.03,0,1.00,4.95,1.01,4.07,1.00,D,0.00,12.00,14.00,12.00,1.86,^,1.79,,16.50,12.50,504,0.00,45.5,1,0,0.00,0.00,0.00,12.00,0.03,1.00,0,0,0.00,0
2026-04-25 15:11:00,1099.38,0,0,0,0,0,0,0,0.00,1,1.00,4.95,1.01,4.11,0.00,D,0.00,12.00,13.34,12.00,2.16,^,0.00,,17.30,12.50,504,0.00,45.5,1,0,0.00,0.00,0.00,12.00,0.00,0.00,0,0,0.00,0
2026-04-25 15:11:01,1100.40,0,0,0,0,0,0,0,0.00,0,1.00,4.95,1.01,0.11,0.22,D,0.00,12.00,12.00,12.00,1.53,^,0.00,,15.10,12.40,504,0.01,45.5,1,0,0.00,0.00,0.00,12.00,0.00,0.00,0,0,0.00,0
2026-04-25 15:11:02,1101.51,0,0,0,0,0,0,0,0.00,0,1.00,4.95,1.01,0.70,0.72,D,0.00,12.00,12.00,12.00,0.69,^,0.00,,14.10,12.40,504,0.00,45.5,1,0,0.00,0.00,0.00,12.00,0.00,0.00,0,0,0.00,0
2026-04-25 15:11:03,1102.41,1,0,0,0,0,0,0,0.25,0,0.20,4.95,1.01,3.32,0.99,D,0.00,12.00,12.00,0.64,0.64,^,15.03,,15.90,12.30,504,0.00,45.5,1,0,0.00,0.00,0.00,12.00,0.25,1.00,0,0,0.00,0
2026-04-25 15:11:04,1103.43,1,0,0,0,0,0,0,-0.35,0,0.20,4.95,1.01,4.09,0.96,D,0.00,12.00,12.00,12.00,0.96,^,-21.13,,17.30,12.30,504,0.00,43.9,1,0,0.00,0.00,0.00,12.00,-0.35,1.00,0,0,0.00,0
2026-04-25 15:11:05,1104.43,1,0,0,0,0,0,0,0.06,0,1.00,4.95,1.02,3.52,1.00,D,0.00,12.00,15.03,12.00,1.06,^,3.56,,15.90,12.30,504,0.00,43.9,1,0,0.00,0.00,0.00,12.00,0.06,1.00,0,0,0.00,0
2026-04-25 15:11:06,1105.45,1,0,0,0,0,0,0,0.22,0,1.00,4.95,1.02,4.22,0.98,D,0.00,12.00,12.00,3.22,1.40,^,13.06,,16.10,12.30,504,0.00,43.9,1,0,0.00,0.00,0.00,12.00,0.22,1.00,0,0,0.00,0
2026-04-25 15:11:07,1106.47,0,0,0,0,0,0,0,1.00,0,0.20,4.95,1.02,3.54,0.57,D,0.00,3.38,12.00,12.00,1.75,^,0.00,,18.30,12.30,504,0.00,43.3,1,0,0.00,0.00,0.00,3.38,0.00,0.00,0,0,0.00,0
2026-04-25 15:11:08,1107.47,0,0,0,0,0,0,0,-1.00,0,0.20,4.95,1.02,1.53,0.20,D,0.00,12.00,2.89,12.00,0.91,^,0.00,,16.60,12.30,504,0.00,44.4,1,0,0.00,0.00,0.00,12.00,0.00,0.00,0,0,0.00,0
2026-04-25 15:11:09,1108.48,0,0,0,0,0,0,0,0.00,0,0.20,4.95,1.02,0.30,0.20,D,0.00,12.00,2.70,12.00,0.60,^,0.00,,14.40,12.30,504,0.01,43.9,1,0,0.00,0.00,0.00,12.00,0.00,0.00,0,0,0.00,0
2026-04-25 15:11:10,1109.49,0,0,0,0,0,0,0,0.00,0,0.20,4.95,1.02,0.00,0.20,D,0.00,12.00,2.70,12.00,0.42,^,0.00,,14.90,12.20,504,0.89,45.5,1,0,0.00,0.00,0.00,12.00,0.00,0.00,0,0,0.00,0
2026-04-25 15:11:11,1110.51,1,0,0,0,0,0,0,0.10,0,1.00,4.95,1.02,0.00,0.37,D,0.00,12.00,2.70,12.00,0.42,^,5.94,,14.20,12.30,504,0.01,45.0,1,0,0.00,0.00,0.00,12.00,0.10,1.00,0,0,0.00,0
2026-04-25 15:11:12,1111.52,1,0,0,0,0,0,0,0.07,0,1.00,4.95,1.02,1.12,0.87,D,0.00,12.00,2.59,12.00,0.55,^,4.06,,14.70,12.20,504,0.00,44.4,1,0,0.00,0.00,0.00,12.00,0.07,1.00,0,0,0.00,0
2026-04-25 15:11:13,1112.53,1,0,0,0,0,0,0,-0.29,0,0.20,4.95,1.02,3.44,0.78,D,0.00,12.00,1.97,2.18,1.15,^,-17.25,,17.20,12.20,504,0.00,44.4,1,0,0.00,0.00,0.00,12.00,-0.29,1.00,0,0,0.00,0
2026-04-25 15:11:14,1113.54,1,0,0,0,0,0,0,-0.20,0,1.00,4.95,1.02,3.64,0.99,D,0.00,3.22,1.15,12.00,1.32,^,-12.03,,17.80,12.20,504,0.00,45.5,1,0,0.00,0.00,0.00,3.22,-0.20,1.00,0,0,0.00,0
2026-04-25 15:11:15,1114.55,0,0,0,0,0,0,0,1.00,1,1.00,4.95,1.03,2.48,0.00,D,0.00,1.58,12.00,12.00,1.37,^,0.00,,16.00,12.20,504,0.00,45.0,1,0,0.00,0.00,0.00,1.58,0.00,0.00,0,0,0.00,0
2026-04-25 15:11:16,1115.56,0,0,0,0,0,0,0,1.00,0,1.00,4.95,1.03,0.19,0.41,D,0.00,1.32,12.00,2.69,1.08,^,0.00,,18.10,12.20,504,0.00,45.0,1,0,0.00,0.00,0.00,1.32,0.00,0.00,0,0,0.00,0
2026-04-25 15:11:17,1116.57,1,0,0,0,0,0,0,0.34,0,0.20,4.95,1.02,0.32,0.20,D,0.00,1.19,1.20,2.48,0.46,WARN_WARNING,20.15,,14.70,12.20,504,0.00,45.0,1,0,0.00,0.00,0.00,1.19,0.34,1.00,0,0,0.00,0
2026-04-25 15:11:18,1117.59,0,0,0,0,0,0,0,0.00,0,0.00,4.95,1.02,0.00,0.00,D,0.00,1.17,1.17,2.47,0.46,WARN_WARNING,0.00,,15.30,12.20,504,0.36,45.5,1,0,0.00,0.00,0.00,1.17,0.00,0.00,0,0,0.00,0
2026-04-25 15:11:19,1118.60,0,0,0,0,0,0,0,0.00,0,1.00,4.95,1.02,0.03,0.34,D,0.00,1.18,1.17,2.47,0.46,WARN_WARNING,0.00,,15.00,12.20,504,0.00,43.9,1,0,0.00,0.00,0.00,1.18,0.00,0.00,0,0,0.00,0
2026-04-25 15:11:20,1119.61,0,0,0,0,0,0,0,0.00,0,0.00,4.95,1.02,0.39,0.10,D,0.00,12.00,1.07,2.36,0.53,^,0.00,,15.10,12.20,504,0.01,45.0,1,0,0.00,0.00,0.00,12.00,0.00,0.00,0,0,0.00,0
2026-04-25 15:11:21,1120.62,0,0,0,0,0,0,0,0.00,0,1.00,4.95,1.02,0.10,0.51,D,0.00,12.00,1.04,2.34,0.54,^,0.00,,13.60,12.20,504,0.01,44.4,1,0,0.00,0.00,0.00,12.00,0.00,0.00,0,0,0.00,0
2026-04-25 15:11:22,1121.73,1,0,0,0,0,0,0,-0.01,0,1.00,4.95,1.02,0.80,0.47,D,0.00,12.00,0.85,2.12,0.70,^,-0.71,,15.50,12.20,504,0.00,44.4,1,0,0.00,0.00,0.00,12.00,-0.01,1.00,0,0,0.00,0
2026-04-25 15:11:23,1122.64,1,0,0,0,0,0,0,-0.15,0,1.00,4.95,1.02,2.11,0.97,D,0.00,12.00,0.61,1.75,0.70,^,-9.15,,16.50,12.20,504,0.00,45.5,1,0,0.00,0.00,0.00,12.00,-0.15,1.00,0,0,0.00,0
2026-04-25 15:11:24,1123.65,1,0,0,0,0,0,0,-0.05,0,1.00,4.95,1.02,3.93,1.00,D,0.00,12.00,12.00,1.38,1.36,^,-2.78,,15.90,12.20,504,0.00,45.5,1,0,0.00,0.00,0.00,12.00,-0.05,1.00,0,0,0.00,0
2026-04-25 15:11:25,1124.66,1,0,0,0,0,0,0,-0.28,0,0.20,4.95,1.03,3.51,0.86,D,0.00,12.00,12.00,12.00,2.01,^,-16.78,,14.00,12.20,504,0.00,45.5,1,0,0.00,0.00,0.00,12.00,-0.28,1.00,0,0,0.00,0
2026-04-25 15:11:26,1125.68,0,0,0,0,0,0,0,0.00,0,1.00,4.95,1.03,4.18,1.00,D,0.00,12.00,12.00,12.00,2.27,^,0.00,,14.60,12.20,504,0.00,46.1,1,0,0.00,0.00,0.00,12.00,0.00,0.00,0,0,0.00,0
2026-04-25 15:11:27,1126.69,0,0,0,0,0,0,0,1.00,1,1.00,4.95,1.03,2.01,0.00,D,0.00,12.00,1.53,12.00,2.77,^,0.00,,14.20,12.20,504,0.00,45.5,1,0,0.00,0.00,0.00,12.00,0.00,0.00,0,0,0.00,0
2026-04-25 15:11:28,1127.70,0,0,0,0,0,0,0,1.00,0,1.00,4.95,1.03,0.03,0.28,D,0.00,12.00,12.00,12.00,2.04,^,0.00,,11.80,12.20,504,0.17,45.0,1,0,0.00,0.00,0.00,12.00,0.00,0.00,0,0,0.00,0
2026-04-25 15:11:29,1128.71,0,0,0,0,0,0,0,1.00,0,1.00,4.95,1.03,0.22,0.79,D,0.00,12.00,12.00,12.00,1.22,^,0.00,,15.10,12.20,504,0.00,46.6,1,0,0.00,0.00,0.00,12.00,0.00,0.00,0,0,0.00,0
2026-04-25 15:11:30,1129.72,0,0,0,0,0,0,0,1.00,0,1.00,4.95,1.03,1.67,0.73,D,0.00,12.00,12.00,12.00,0.69,^,0.00,,11.50,12.20,504,0.00,46.6,1,0,0.00,0.00,0.00,12.00,0.00,0.00,0,0,0.00,0
2026-04-25 15:11:31,1130.74,0,0,0,0,0,0,0,0.00,0,1.00,4.95,1.03,3.50,1.00,D,0.00,12.00,12.00,12.00,0.97,^,0.00,,13.90,12.20,504,0.00,46.6,1,0,0.00,0.00,0.00,12.00,0.00,0.00,0,0,0.00,0
2026-04-25 15:11:32,1131.75,0,0,0,0,0,0,0,0.00,0,1.00,4.95,1.03,3.37,1.00,D,0.00,12.00,12.00,12.00,1.31,^,0.00,,13.60,12.20,504,0.00,45.5,1,0,0.00,0.00,0.00,12.00,0.00,0.00,0,0,0.00,0
2026-04-25 15:11:33,1132.76,0,0,0,0,0,0,0,0.00,0,1.00,4.95,1.04,3.17,1.00,D,0.00,12.00,12.00,12.00,1.62,^,0.00,,12.60,12.20,504,0.00,45.5,1,0,0.00,0.00,0.00,12.00,0.00,0.00,0,0,0.00,0
2026-04-25 15:11:34,1133.77,0,0,0,0,0,0,0,0.76,0,1.00,4.95,1.04,3.05,1.00,D,0.00,12.00,12.00,12.00,1.58,^,0.00,,15.20,12.20,504,0.00,45.5,1,0,0.00,0.00,0.00,12.00,0.00,0.00,0,0,0.00,0
2026-04-25 15:11:35,1134.79,0,0,0,0,0,0,0,0.00,0,1.00,4.95,1.04,2.82,1.00,D,0.00,12.00,12.00,12.00,1.43,^,0.00,,16.50,12.20,504,0.00,45.0,1,0,0.00,0.00,0.00,12.00,0.00,0.00,0,0,0.00,0
2026-04-25 15:11:36,1135.80,0,0,0,0,0,0,0,0.00,0,1.00,4.95,1.04,2.60,1.00,D,0.00,12.00,12.00,12.00,1.56,^,0.00,,16.00,12.20,504,0.00,44.4,1,0,0.00,0.00,0.00,12.00,0.00,0.00,0,0,0.00,0
2026-04-25 15:11:37,1136.81,0,0,0,0,0,0,0,0.00,0,1.00,4.95,1.04,2.46,1.00,D,0.00,4.33,12.00,12.00,1.43,^,0.00,,15.60,12.20,504,0.00,46.1,1,0,0.00,0.00,0.00,4.33,0.00,0.00,0,0,0.00,0
2026-04-25 15:11:38,1137.82,0,0,0,0,0,0,0,0.00,0,1.00,4.95,1.04,2.43,1.00,D,0.00,3.38,2.84,3.63,1.63,^,0.00,,18.90,12.20,504,0.00,45.5,1,0,0.00,0.00,0.00,3.38,0.00,0.00,0,0,0.00,0
2026-04-25 15:11:39,1138.83,0,0,0,0,0,0,0,0.00,0,1.00,4.95,1.04,2.52,1.00,D,0.00,12.00,2.24,3.21,1.60,^,0.00,,15.40,12.20,504,0.00,45.5,1,0,0.00,0.00,0.00,12.00,0.00,0.00,0,0,0.00,0
2026-04-25 15:11:40,1139.85,0,0,0,0,0,0,0,0.00,0,1.00,4.95,1.05,2.66,1.00,D,0.00,1.99,1.67,12.00,1.64,^,0.00,,16.80,12.30,504,0.00,45.5,1,0,0.00,0.00,0.00,1.99,0.00,0.00,0,0,0.00,0
2026-04-25 15:11:41,1140.86,0,0,0,0,0,0,0,0.61,0,1.00,4.95,1.05,2.61,1.00,D,0.00,1.19,1.51,0.73,1.51,WARN_WARNING,0.00,,17.60,12.40,504,0.00,46.1,1,0,0.00,0.00,0.00,1.19,0.00,0.00,0,0,0.00,0
2026-04-25 15:11:42,1141.87,0,0,0,0,0,0,0,0.00,0,1.00,4.95,1.05,2.86,1.00,D,0.00,12.00,1.08,0.50,0.50,^,0.00,,16.50,12.50,504,0.00,45.5,1,0,0.00,0.00,0.00,12.00,0.00,0.00,0,0,0.00,0
2026-04-25 15:11:43,1142.88,0,0,0,0,0,0,0,0.00,0,1.00,4.95,1.05,2.68,1.00,D,0.00,0.83,1.47,0.81,0.47,WARN_WARNING,0.00,,16.10,12.40,504,0.00,45.0,1,0,0.00,0.00,0.00,0.83,0.00,0.00,0,0,0.00,0
2026-04-25 15:11:44,1143.89,0,0,0,0,0,0,0,0.00,0,1.00,4.95,1.05,2.74,1.00,D,0.00,1.09,0.70,0.44,0.44,WARN_WARNING,0.00,,16.20,12.50,504,0.00,46.1,1,0,0.00,0.00,0.00,1.09,0.00,0.00,0,0,0.00,0
2026-04-25 15:11:45,1144.85,0,0,0,0,1,0,0,0.00,0,0.00,4.95,1.05,0.00,0.00,D,0.00,1.30,0.66,0.49,0.49,^,0.00,,13.90,12.50,504,0.01,47.2,1,0,0.00,0.00,0.00,1.30,0.00,0.00,0,0,0.00,0
