Current Time,Time Since Program Started (s),Autonomous Mode (On/Off),Cruise Control (Active/Inactive),Shift Up PRND (Event),Shift Down PRND (Event),Quit (Event),Increase CC (Event),Decrease CC (Event),Steer (Value),Brake (On/Off),Gas (Value),Maximum Speed Recall (MPH),Average Speed (MPH),Current Speed (MPH),Motor PWM Value,Gear Mode,Cruise Control Target Speed (MPH),LiDAR Front Distance (m),LiDAR Left Distance (m),LiDAR Right Distance (m),LiDAR Back Distance (m),LiDAR Determined Direction,Target Heading (deg),Stop Reason,CPU Usage (%),Memory Usage (%),Number of LiDAR Points in Scan,Time Since Last Hall Sensor Pulse (s),CPU Temp (C),AEB Enabled (On/Off),AEB Triggered (On/Off),PID Output (Cruise Control),LiDAR Best Heading (deg),LiDAR Heading Confidence,LiDAR Forward Clearance (m),Camera Steering Bias,Camera Confidence,Camera Left Edge Found,Camera Right Edge Found,Camera Corridor Width (px),Driveway Cut Suspected,Front Ultrasonic Distance (cm)
2026-03-29 15:05:49,2.34,0,0,0,0,0,0,0,0.00,1,0.00,0.00,0.00,0.00,0.00,P,0.00,0.89,0.52,0.56,0.52,CAUTION_WARNING,0.00,,16.30,8.80,504,2.34,48.8,1,0,0.00,0.00,0.00,0.89,0.00,0.00,0,0,0.00,0,0.00
2026-03-29 15:05:50,3.35,0,0,0,0,0,0,0,0.00,1,0.00,0.00,0.00,0.00,0.00,P,0.00,0.87,0.52,0.56,0.52,CAUTION_WARNING,0.00,,1.30,8.80,504,3.35,49.4,1,0,0.00,0.00,0.00,0.87,0.00,0.00,0,0,0.00,0,0.00
2026-03-29 15:05:51,4.35,0,0,0,0,0,0,0,0.00,1,0.00,0.00,0.00,0.00,0.00,P,0.00,0.86,0.52,0.56,0.52,CAUTION_WARNING,0.00,,8.90,9.80,504,4.35,49.9,1,0,0.00,0.00,0.00,0.86,0.00,0.00,0,0,0.00,0,0.00
2026-03-29 15:05:52,5.36,0,0,0,0,0,0,0,0.00,1,0.00,0.00,0.00,0.00,0.00,P,0.00,0.90,0.52,0.56,0.52,CAUTION_WARNING,0.00,,10.60,9.90,504,5.36,49.4,1,0,0.00,0.00,0.00,0.90,0.00,0.00,0,0,0.00,0,0.00
2026-03-29 15:05:53,6.38,0,0,0,0,0,0,0,0.00,1,0.00,0.00,0.00,0.00,0.00,P,0.00,0.88,0.52,0.56,0.52,CAUTION_WARNING,0.00,,6.60,9.70,504,6.38,51.0,1,0,0.00,0.00,0.00,0.88,0.00,0.00,0,0,0.00,0,0.00
2026-03-29 15:05:54,7.38,0,0,0,0,0,0,0,0.00,1,0.00,0.00,0.00,0.00,0.00,P,0.00,0.85,0.52,0.56,0.52,CAUTION_WARNING,0.00,,10.40,9.50,504,7.38,51.6,1,0,0.00,0.00,0.00,0.85,0.00,0.00,0,0,0.00,0,0.00
2026-03-29 15:05:55,8.39,0,0,0,0,0,0,0,0.00,1,0.00,0.00,0.00,0.00,0.00,P,0.00,0.87,0.52,0.56,0.52,CAUTION_WARNING,0.00,,8.70,9.60,504,8.39,51.0,1,0,0.00,0.00,0.00,0.87,0.00,0.00,0,0,0.00,0,0.00
2026-03-29 15:05:56,9.40,0,0,0,0,0,0,0,0.00,1,0.00,0.00,0.00,0.00,0.00,P,0.00,0.88,0.52,0.56,0.52,CAUTION_WARNING,0.00,,12.00,9.50,504,9.40,52.1,1,0,0.00,0.00,0.00,0.88,0.00,0.00,0,0,0.00,0,0.00
2026-03-29 15:05:57,10.42,0,0,0,0,0,0,0,0.00,1,0.00,0.00,0.00,0.00,0.00,P,0.00,0.88,0.52,0.56,0.52,CAUTION_WARNING,0.00,,8.30,9.60,504,10.42,49.9,1,0,0.00,0.00,0.00,0.88,0.00,0.00,0,0,0.00,0,0.00
2026-03-29 15:05:58,11.42,0,0,0,0,0,0,0,0.00,1,0.00,0.00,0.00,0.00,0.00,P,0.00,0.88,0.52,0.56,0.52,CAUTION_WARNING,0.00,,10.70,9.60,504,11.42,52.1,1,0,0.00,0.00,0.00,0.88,0.00,0.00,0,0,0.00,0,0.00
2026-03-29 15:05:59,12.43,0,0,0,0,0,0,0,0.00,1,0.00,0.00,0.00,0.00,0.00,P,0.00,0.87,0.52,0.56,0.52,CAUTION_WARNING,0.00,,6.80,9.40,504,12.43,51.0,1,0,0.00,0.00,0.00,0.87,0.00,0.00,0,0,0.00,0,0.00
2026-03-29 15:06:00,13.45,0,0,0,0,0,0,0,0.00,1,0.00,0.00,0.00,0.00,0.00,P,0.00,0.87,0.52,0.56,0.52,CAUTION_WARNING,0.00,,9.60,9.60,504,13.45,52.7,1,0,0.00,0.00,0.00,0.87,0.00,0.00,0,0,0.00,0,0.00
2026-03-29 15:06:01,14.46,0,0,0,0,0,0,0,0.00,1,0.00,0.00,0.00,0.00,0.00,P,0.00,0.89,0.52,0.56,0.52,CAUTION_WARNING,0.00,,8.10,9.60,504,14.46,52.1,1,0,0.00,0.00,0.00,0.89,0.00,0.00,0,0,0.00,0,0.00
2026-03-29 15:06:02,15.48,0,0,0,0,0,0,0,0.00,1,0.00,0.00,0.00,0.00,0.00,P,0.00,0.86,0.52,0.56,0.52,CAUTION_WARNING,0.00,,8.60,9.60,504,15.48,51.0,1,0,0.00,0.00,0.00,0.86,0.00,0.00,0,0,0.00,0,0.00
2026-03-29 15:06:03,16.49,0,0,0,0,0,0,0,0.00,1,0.00,0.00,0.00,0.00,0.00,P,0.00,0.87,0.52,0.56,0.52,CAUTION_WARNING,0.00,,11.80,9.60,504,16.49,51.0,1,0,0.00,0.00,0.00,0.87,0.00,0.00,0,0,0.00,0,0.00
2026-03-29 15:06:04,17.50,0,0,0,0,0,0,0,0.00,1,0.00,0.00,0.00,0.00,0.00,P,0.00,0.88,0.52,0.56,0.52,CAUTION_WARNING,0.00,,10.30,9.60,504,17.50,50.5,1,0,0.00,0.00,0.00,0.88,0.00,0.00,0,0,0.00,0,0.00
2026-03-29 15:06:05,18.52,0,0,0,0,0,0,0,0.00,1,0.00,0.00,0.00,0.00,0.00,P,0.00,0.85,0.52,0.56,0.52,CAUTION_WARNING,0.00,,11.20,9.60,504,18.52,52.1,1,0,0.00,0.00,0.00,0.85,0.00,0.00,0,0,0.00,0,0.00
2026-03-29 15:06:06,19.53,0,0,0,0,0,0,0,0.00,1,0.00,0.00,0.00,0.00,0.00,P,0.00,0.88,0.52,0.56,0.52,CAUTION_WARNING,0.00,,8.00,9.60,504,19.53,52.1,1,0,0.00,0.00,0.00,0.88,0.00,0.00,0,0,0.00,0,0.00
2026-03-29 15:06:07,20.54,0,0,0,0,0,0,0,0.00,1,0.00,0.00,0.00,0.00,0.00,P,0.00,0.87,0.52,0.56,0.52,CAUTION_WARNING,0.00,,9.60,9.60,504,20.54,51.6,1,0,0.00,0.00,0.00,0.87,0.00,0.00,0,0,0.00,0,0.00
2026-03-29 15:06:08,21.55,0,0,0,0,0,0,0,0.00,1,0.00,0.00,0.00,0.00,0.00,P,0.00,0.88,0.52,0.56,0.52,CAUTION_WARNING,0.00,,7.60,9.50,504,21.55,52.1,1,0,0.00,0.00,0.00,0.88,0.00,0.00,0,0,0.00,0,0.00
2026-03-29 15:06:09,22.57,0,0,0,0,0,0,0,0.00,1,0.00,0.00,0.00,0.00,0.00,P,0.00,0.88,0.52,0.56,0.52,CAUTION_WARNING,0.00,,11.60,9.50,504,22.57,52.7,1,0,0.00,0.00,0.00,0.88,0.00,0.00,0,0,0.00,0,0.00
2026-03-29 15:06:10,23.58,0,0,0,0,0,0,0,0.00,1,0.00,0.00,0.00,0.00,0.00,P,0.00,0.88,0.52,0.56,0.52,CAUTION_WARNING,0.00,,7.50,9.40,504,23.58,52.7,1,0,0.00,0.00,0.00,0.88,0.00,0.00,0,0,0.00,0,0.00
2026-03-29 15:06:11,24.59,0,0,0,0,0,0,0,0.00,1,0.00,0.00,0.00,0.00,0.00,P,0.00,0.88,0.52,0.56,0.52,CAUTION_WARNING,0.00,,9.60,9.50,504,24.59,52.7,1,0,0.00,0.00,0.00,0.88,0.00,0.00,0,0,0.00,0,0.00
2026-03-29 15:06:12,25.60,0,0,0,0,0,0,0,0.00,1,0.00,0.00,0.00,0.00,0.00,P,0.00,0.88,0.52,0.56,0.52,CAUTION_WARNING,0.00,,6.90,9.60,504,25.60,52.7,1,0,0.00,0.00,0.00,0.88,0.00,0.00,0,0,0.00,0,0.00
2026-03-29 15:06:13,26.61,0,0,0,0,0,0,0,0.00,1,0.00,0.00,0.00,0.00,0.00,P,0.00,0.88,0.52,0.56,0.52,CAUTION_WARNING,0.00,,10.60,9.60,504,26.61,53.2,1,0,0.00,0.00,0.00,0.88,0.00,0.00,0,0,0.00,0,0.00
2026-03-29 15:06:14,27.63,0,0,0,0,0,0,0,0.00,1,0.00,0.00,0.00,0.00,0.00,P,0.00,0.87,0.52,0.56,0.52,CAUTION_WARNING,0.00,,8.30,9.60,504,27.63,52.1,1,0,0.00,0.00,0.00,0.87,0.00,0.00,0,0,0.00,0,0.00
2026-03-29 15:06:15,28.64,0,0,0,0,0,0,0,0.00,1,0.00,0.00,0.00,0.00,0.00,P,0.00,0.88,0.52,0.56,0.52,CAUTION_WARNING,0.00,,10.10,9.60,504,28.64,52.1,1,0,0.00,0.00,0.00,0.88,0.00,0.00,0,0,0.00,0,0.00
2026-03-29 15:06:16,29.65,0,0,0,0,0,0,0,0.00,1,0.00,0.00,0.00,0.00,0.00,P,0.00,0.87,0.52,0.56,0.52,CAUTION_WARNING,0.00,,7.60,9.60,504,29.65,53.2,1,0,0.00,0.00,0.00,0.87,0.00,0.00,0,0,0.00,0,0.00
2026-03-29 15:06:17,30.67,0,0,0,0,0,0,0,0.00,1,0.00,0.00,0.00,0.00,0.00,P,0.00,0.86,0.52,0.56,0.52,CAUTION_WARNING,0.00,,10.10,9.70,504,30.67,53.8,1,0,0.00,0.00,0.00,0.86,0.00,0.00,0,0,0.00,0,0.00
2026-03-29 15:06:18,31.68,0,0,0,0,0,0,0,0.00,1,0.00,0.00,0.00,0.00,0.00,P,0.00,0.87,0.52,0.56,0.52,CAUTION_WARNING,0.00,,8.30,9.60,504,31.68,52.7,1,0,0.00,0.00,0.00,0.87,0.00,0.00,0,0,0.00,0,0.00
2026-03-29 15:06:19,32.69,0,0,0,0,0,0,0,0.00,1,0.00,0.00,0.00,0.00,0.00,P,0.00,0.87,0.52,0.56,0.52,CAUTION_WARNING,0.00,,9.20,9.60,504,32.69,51.6,1,0,0.00,0.00,0.00,0.87,0.00,0.00,0,0,0.00,0,0.00
2026-03-29 15:06:20,33.71,0,0,0,0,0,0,0,0.00,1,0.00,0.00,0.00,0.00,0.00,P,0.00,0.86,0.52,0.56,0.52,CAUTION_WARNING,0.00,,12.60,9.50,504,33.71,52.7,1,0,0.00,0.00,0.00,0.86,0.00,0.00,0,0,0.00,0,0.00
2026-03-29 15:06:21,34.72,0,0,0,0,0,0,0,0.00,1,0.00,0.00,0.00,0.00,0.00,P,0.00,0.88,0.52,0.56,0.52,CAUTION_WARNING,0.00,,7.80,9.40,504,34.72,53.8,1,0,0.00,0.00,0.00,0.88,0.00,0.00,0,0,0.00,0,0.00
2026-03-29 15:06:22,35.73,0,0,0,0,0,0,0,0.00,1,0.00,0.00,0.00,0.00,0.00,P,0.00,0.87,0.52,0.56,0.52,CAUTION_WARNING,0.00,,11.20,9.40,504,35.73,53.2,1,0,0.00,0.00,0.00,0.87,0.00,0.00,0,0,0.00,0,0.00
2026-03-29 15:06:23,36.74,0,0,0,0,0,0,0,0.00,1,0.00,0.00,0.00,0.00,0.00,P,0.00,0.87,0.52,0.56,0.52,CAUTION_WARNING,0.00,,8.20,9.50,504,36.74,53.8,1,0,0.00,0.00,0.00,0.87,0.00,0.00,0,0,0.00,0,0.00
2026-03-29 15:06:24,37.76,0,0,0,0,0,0,0,0.00,1,0.00,0.00,0.00,0.00,0.00,P,0.00,0.88,0.52,0.56,0.52,CAUTION_WARNING,0.00,,11.00,9.60,504,37.76,53.2,1,0,0.00,0.00,0.00,0.88,0.00,0.00,0,0,0.00,0,0.00
2026-03-29 15:06:25,38.77,0,0,0,0,0,0,0,0.00,1,0.00,0.00,0.00,0.00,0.00,P,0.00,0.89,0.52,0.56,0.52,CAUTION_WARNING,0.00,,9.00,9.60,504,38.77,53.2,1,0,0.00,0.00,0.00,0.89,0.00,0.00,0,0,0.00,0,0.00
2026-03-29 15:06:26,39.78,0,0,0,0,0,0,0,0.00,1,0.00,0.00,0.00,0.00,0.00,P,0.00,0.87,0.52,0.56,0.52,CAUTION_WARNING,0.00,,11.60,9.70,504,39.78,52.1,1,0,0.00,0.00,0.00,0.87,0.00,0.00,0,0,0.00,0,0.00
2026-03-29 15:06:27,40.80,0,0,0,0,0,0,0,0.00,1,0.00,0.00,0.00,0.00,0.00,P,0.00,0.86,0.52,0.56,0.52,CAUTION_WARNING,0.00,,8.70,9.50,504,40.80,52.1,1,0,0.00,0.00,0.00,0.86,0.00,0.00,0,0,0.00,0,0.00
2026-03-29 15:06:28,41.81,0,0,0,0,0,0,0,0.00,1,0.00,0.00,0.00,0.00,0.00,P,0.00,0.89,0.52,0.56,0.52,CAUTION_WARNING,0.00,,11.00,9.50,504,41.81,53.2,1,0,0.00,0.00,0.00,0.89,0.00,0.00,0,0,0.00,0,0.00
2026-03-29 15:06:29,42.83,0,0,0,0,0,0,0,0.00,1,0.00,0.00,0.00,0.00,0.00,P,0.00,0.86,0.52,0.56,0.52,CAUTION_WARNING,0.00,,8.30,9.60,504,42.83,53.8,1,0,0.00,0.00,0.00,0.86,0.00,0.00,0,0,0.00,0,0.00
2026-03-29 15:06:30,43.84,0,0,0,0,0,0,0,0.00,1,0.00,0.00,0.00,0.00,0.00,P,0.00,0.85,0.52,0.56,0.52,CAUTION_WARNING,0.00,,11.00,9.70,504,43.84,54.3,1,0,0.00,0.00,0.00,0.85,0.00,0.00,0,0,0.00,0,0.00
2026-03-29 15:06:31,44.85,0,0,0,0,0,0,0,0.00,1,0.00,0.00,0.00,0.00,0.00,P,0.00,0.88,0.52,0.56,0.52,CAUTION_WARNING,0.00,,7.90,9.60,504,44.85,53.2,1,0,0.00,0.00,0.00,0.88,0.00,0.00,0,0,0.00,0,0.00
2026-03-29 15:06:32,45.87,0,0,0,0,0,0,0,0.00,1,0.00,0.00,0.00,0.00,0.00,P,0.00,0.86,0.52,0.56,0.52,CAUTION_WARNING,0.00,,11.90,9.60,504,45.87,52.1,1,0,0.00,0.00,0.00,0.86,0.00,0.00,0,0,0.00,0,0.00
2026-03-29 15:06:33,46.88,0,0,0,0,0,0,0,0.00,1,0.00,0.00,0.00,0.00,0.00,P,0.00,0.85,0.52,0.56,0.52,CAUTION_WARNING,0.00,,9.00,9.40,504,46.88,52.7,1,0,0.00,0.00,0.00,0.85,0.00,0.00,0,0,0.00,0,0.00
2026-03-29 15:06:35,47.89,0,0,0,0,0,0,0,0.00,1,0.00,0.00,0.00,0.00,0.00,P,0.00,0.86,0.52,0.56,0.52,CAUTION_WARNING,0.00,,12.40,9.40,504,47.89,53.8,1,0,0.00,0.00,0.00,0.86,0.00,0.00,0,0,0.00,0,0.00
2026-03-29 15:06:36,48.90,0,0,0,0,0,0,0,0.00,1,0.00,0.00,0.00,0.00,0.00,P,0.00,0.85,0.52,0.56,0.52,CAUTION_WARNING,0.00,,8.00,9.50,504,48.90,53.2,1,0,0.00,0.00,0.00,0.85,0.00,0.00,0,0,0.00,0,0.00
2026-03-29 15:06:37,49.92,0,0,0,0,0,0,0,0.00,1,0.00,0.00,0.00,0.00,0.00,P,0.00,0.88,0.52,0.56,0.52,CAUTION_WARNING,0.00,,9.60,9.50,504,49.92,54.3,1,0,0.00,0.00,0.00,0.88,0.00,0.00,0,0,0.00,0,0.00
2026-03-29 15:06:38,50.93,0,0,0,0,0,0,0,0.00,1,0.00,0.00,0.00,0.00,0.00,P,0.00,0.87,0.52,0.56,0.52,CAUTION_WARNING,0.00,,12.80,9.50,504,50.93,53.8,1,0,0.00,0.00,0.00,0.87,0.00,0.00,0,0,0.00,0,0.00
2026-03-29 15:06:39,51.94,0,0,0,0,0,0,0,0.00,1,0.00,0.00,0.00,0.00,0.00,P,0.00,0.87,0.52,0.56,0.52,CAUTION_WARNING,0.00,,12.10,9.40,504,51.94,53.2,1,0,0.00,0.00,0.00,0.87,0.00,0.00,0,0,0.00,0,0.00
2026-03-29 15:06:40,52.94,0,0,0,0,0,0,0,0.00,1,0.00,0.00,0.00,0.00,0.00,P,0.00,0.87,0.52,0.56,0.52,CAUTION_WARNING,0.00,,10.90,9.30,504,52.94,53.8,1,0,0.00,0.00,0.00,0.87,0.00,0.00,0,0,0.00,0,0.00
2026-03-29 15:06:41,53.94,0,0,0,0,0,0,0,0.00,1,0.00,0.00,0.00,0.00,0.00,P,0.00,0.88,0.52,0.56,0.52,CAUTION_WARNING,0.00,,8.10,9.40,504,53.94,53.8,1,0,0.00,0.00,0.00,0.88,0.00,0.00,0,0,0.00,0,0.00
2026-03-29 15:06:42,54.95,0,0,0,0,0,0,0,0.00,1,0.00,0.00,0.00,0.00,0.00,P,0.00,0.87,0.52,0.56,0.52,CAUTION_WARNING,0.00,,8.70,9.50,504,54.95,53.8,1,0,0.00,0.00,0.00,0.87,0.00,0.00,0,0,0.00,0,0.00
2026-03-29 15:06:43,55.96,0,0,0,0,0,0,0,0.00,1,0.00,0.00,0.00,0.00,0.00,P,0.00,0.88,0.52,0.56,0.52,CAUTION_WARNING,0.00,,8.30,9.50,504,55.96,54.9,1,0,0.00,0.00,0.00,0.88,0.00,0.00,0,0,0.00,0,0.00
2026-03-29 15:06:44,56.96,0,0,0,0,0,0,0,0.00,1,0.00,0.00,0.00,0.00,0.00,P,0.00,0.88,0.52,0.56,0.52,CAUTION_WARNING,0.00,,10.70,9.50,504,56.96,53.2,1,0,0.00,0.00,0.00,0.88,0.00,0.00,0,0,0.00,0,0.00
2026-03-29 15:06:45,57.97,0,0,0,0,0,0,0,0.00,1,0.00,0.00,0.00,0.00,0.00,P,0.00,0.24,0.52,0.23,0.33,STOP_WARNING,0.00,,8.30,9.30,504,57.97,52.7,1,0,0.00,0.00,0.00,0.24,0.00,0.00,0,0,0.00,0,0.00
2026-03-29 15:06:46,58.97,0,0,0,0,0,0,0,0.00,1,0.00,0.00,0.00,0.00,0.00,P,0.00,0.45,0.52,0.56,0.52,STOP_WARNING,0.00,,10.30,9.50,504,58.97,54.3,1,1,0.00,0.00,0.00,0.45,0.00,0.00,0,0,0.00,0,0.00
2026-03-29 15:06:47,59.98,0,0,0,0,0,0,0,0.00,1,0.00,0.00,0.00,0.00,0.00,P,0.00,0.52,0.29,0.56,0.52,CAUTION_WARNING,0.00,,8.40,9.40,504,59.98,54.9,1,0,0.00,0.00,0.00,0.52,0.00,0.00,0,0,0.00,0,0.00
2026-03-29 15:06:48,61.00,0,0,0,0,0,0,0,0.00,1,0.00,0.00,0.00,0.00,0.00,P,0.00,0.36,0.29,0.56,0.52,STOP_WARNING,0.00,,9.90,9.40,504,61.00,53.8,1,0,0.00,0.00,0.00,0.36,0.00,0.00,0,0,0.00,0,0.00
2026-03-29 15:06:49,62.01,0,0,0,0,0,0,0,0.00,1,0.00,0.00,0.00,0.00,0.00,P,0.00,0.22,0.34,0.22,0.52,STOP_WARNING,0.00,,8.60,9.30,504,62.01,54.9,1,1,0.00,0.00,0.00,0.22,0.00,0.00,0,0,0.00,0,0.00
2026-03-29 15:06:50,63.02,0,0,0,0,0,0,0,0.00,1,0.00,0.00,0.00,0.00,0.00,P,0.00,0.48,0.25,0.25,0.26,STOP_WARNING,0.00,,11.90,9.40,504,63.02,54.9,1,1,0.00,0.00,0.00,0.48,0.00,0.00,0,0,0.00,0,0.00
2026-03-29 15:06:51,64.03,0,0,0,0,0,0,0,0.00,1,1.00,0.00,0.00,0.00,0.00,P,0.00,0.71,0.52,0.31,0.29,CAUTION_WARNING,0.00,,12.20,9.40,504,64.03,54.9,1,0,0.00,0.00,0.00,0.71,0.00,0.00,0,0,0.00,0,0.00
2026-03-29 15:06:52,65.05,0,0,0,0,0,0,0,-0.51,1,1.00,0.00,0.00,0.00,0.00,P,0.00,0.70,0.52,0.31,0.30,CAUTION_WARNING,0.00,,12.90,9.50,504,65.05,56.5,1,0,0.00,0.00,0.00,0.70,0.00,0.00,0,0,0.00,0,0.00
2026-03-29 15:06:53,66.06,0,0,0,0,0,0,0,-0.55,1,1.00,0.00,0.00,0.00,0.00,P,0.00,0.67,0.52,0.30,0.30,CAUTION_WARNING,0.00,,27.40,9.40,504,66.06,55.4,1,0,0.00,0.00,0.00,0.67,0.00,0.00,0,0,0.00,0,0.00
2026-03-29 15:06:54,67.08,0,0,0,0,0,0,0,0.00,1,1.00,0.00,0.00,0.00,0.00,P,0.00,0.69,0.52,0.30,0.31,CAUTION_WARNING,0.00,,16.20,9.50,504,67.08,54.3,1,0,0.00,0.00,0.00,0.69,0.00,0.00,0,0,0.00,0,0.00
2026-03-29 15:06:55,68.07,0,0,0,0,0,0,0,0.00,1,0.00,0.00,0.00,0.00,0.00,P,0.00,0.76,0.52,0.35,0.32,CAUTION_WARNING,0.00,,13.80,9.60,504,68.07,54.9,1,0,0.00,0.00,0.00,0.76,0.00,0.00,0,0,0.00,0,0.00
2026-03-29 15:06:56,69.09,0,0,0,0,0,0,0,0.00,1,1.00,0.00,0.00,0.00,0.00,P,0.00,0.83,0.52,0.45,0.34,CAUTION_WARNING,0.00,,14.20,9.60,504,69.09,56.5,1,0,0.00,0.00,0.00,0.83,0.00,0.00,0,0,0.00,0,0.00
2026-03-29 15:06:57,70.09,0,0,0,0,0,0,0,0.00,1,1.00,0.00,0.00,0.00,0.00,P,0.00,0.82,0.52,0.42,0.33,CAUTION_WARNING,0.00,,14.60,9.50,504,70.09,56.0,1,0,0.00,0.00,0.00,0.82,0.00,0.00,0,0,0.00,0,0.00
2026-03-29 15:06:58,71.10,0,0,0,0,0,0,0,0.00,1,0.00,0.52,0.00,0.52,0.00,P,0.00,0.65,0.55,0.39,0.30,CAUTION_WARNING,0.00,,18.50,9.30,504,0.00,54.9,1,0,0.00,0.00,0.00,0.65,0.00,0.00,0,0,0.00,0,0.00
2026-03-29 15:06:59,72.10,0,0,0,0,0,0,0,0.00,1,1.00,0.78,0.01,0.28,0.00,P,0.00,0.70,0.48,0.38,0.36,CAUTION_WARNING,0.00,,20.70,9.40,504,0.02,56.5,1,0,0.00,0.00,0.00,0.70,0.00,0.00,0,0,0.00,0,0.00
2026-03-29 15:07:00,73.12,0,0,1,0,0,0,0,0.00,0,0.00,0.78,0.01,0.00,0.00,R,0.00,0.67,0.48,0.38,0.27,CAUTION_WARNING,0.00,,13.30,9.60,504,0.00,55.4,1,0,0.00,0.00,0.00,0.67,0.00,0.00,0,0,0.00,0,0.00
2026-03-29 15:07:01,74.13,0,0,1,0,0,0,0,0.00,0,1.00,0.78,0.01,0.00,0.30,D,0.00,0.67,0.47,0.38,0.29,CAUTION_WARNING,0.00,,17.30,9.40,504,0.05,55.4,1,0,0.00,0.00,0.00,0.67,0.00,0.00,0,0,0.00,0,0.00
2026-03-29 15:07:02,75.15,0,0,0,0,0,0,0,0.62,0,0.00,0.81,0.01,0.81,0.66,D,0.00,1.09,0.44,0.38,0.38,^,0.00,,20.50,9.50,504,0.00,56.5,1,0,0.00,0.00,0.00,1.09,0.00,0.00,0,0,0.00,0,0.00
2026-03-29 15:07:03,76.16,0,0,0,0,0,0,0,0.00,1,0.00,1.18,0.03,0.36,0.00,D,0.00,0.80,0.33,0.43,0.40,CAUTION_WARNING,0.00,,22.30,9.50,504,0.00,55.4,1,0,0.00,0.00,0.00,0.80,0.00,0.00,0,0,0.00,0,0.00
2026-03-29 15:07:04,77.18,0,0,0,0,0,0,0,0.00,0,0.00,1.18,0.02,0.00,0.00,D,0.00,0.80,0.33,0.32,0.18,CAUTION_WARNING,0.00,,11.50,9.40,504,0.95,54.9,1,0,0.00,0.00,0.00,0.80,0.00,0.00,0,0,0.00,0,0.00
2026-03-29 15:07:05,78.19,0,0,0,0,0,0,0,0.00,0,0.00,1.18,0.02,0.00,0.00,D,0.00,1.88,0.51,0.41,0.21,^,0.00,,12.10,9.40,504,1.97,56.5,1,0,0.00,0.00,0.00,1.88,0.00,0.00,0,0,0.00,0,0.00
2026-03-29 15:07:06,79.20,0,0,0,0,0,0,0,0.00,0,0.00,1.18,0.02,0.00,0.00,D,0.00,2.24,1.39,1.07,0.26,^,0.00,,11.00,9.40,504,2.98,56.0,1,0,0.00,0.00,0.00,2.24,0.00,0.00,0,0,0.00,0,0.00
2026-03-29 15:07:07,80.22,0,0,0,0,0,0,0,0.00,0,0.00,1.18,0.02,0.00,0.00,D,0.00,2.24,12.00,1.43,0.19,^,0.00,,10.90,9.40,504,3.99,56.5,1,0,0.00,0.00,0.00,2.24,0.00,0.00,0,0,0.00,0,0.00
2026-03-29 15:07:08,81.22,0,0,0,0,0,0,0,0.00,0,0.00,1.18,0.02,0.00,0.00,D,0.00,2.18,0.92,1.21,0.41,^,0.00,,9.40,9.40,504,0.64,55.4,1,0,0.00,0.00,0.00,2.18,0.00,0.00,0,0,0.00,0,0.00
2026-03-29 15:07:09,82.25,0,0,0,0,0,0,0,0.67,0,1.00,1.18,0.02,0.40,0.49,D,0.00,2.14,0.86,1.19,0.50,^,0.00,,21.40,9.40,504,0.00,57.1,1,0,0.00,0.00,0.00,2.14,0.00,0.00,0,0,0.00,0,0.00
2026-03-29 15:07:10,83.25,0,0,0,0,0,0,0,0.00,0,1.00,1.95,0.04,1.95,1.00,D,0.00,1.67,0.67,1.08,0.74,^,0.00,,19.10,9.40,504,0.00,56.0,1,0,0.00,0.00,0.00,1.67,0.00,0.00,0,0,0.00,0,0.00
2026-03-29 15:07:11,84.27,0,0,0,0,0,0,0,-0.49,0,0.00,2.83,0.07,2.56,0.64,D,0.00,1.64,12.00,1.05,0.70,^,0.00,,14.70,9.50,504,0.00,56.5,1,0,0.00,0.00,0.00,1.64,0.00,0.00,0,0,0.00,0,0.00
2026-03-29 15:07:12,85.28,0,0,0,0,0,0,0,0.00,0,0.00,2.83,0.09,1.22,0.03,D,0.00,3.03,12.00,0.68,1.14,^,0.00,,29.10,9.70,504,0.00,55.4,1,0,0.00,0.00,0.00,3.03,0.00,0.00,0,0,0.00,0,0.00
2026-03-29 15:07:13,86.30,0,0,0,0,0,0,0,0.00,0,0.00,2.83,0.10,0.31,0.00,D,0.00,2.10,12.00,0.56,1.25,^,0.00,,18.40,9.70,504,0.00,56.0,1,0,0.00,0.00,0.00,2.10,0.00,0.00,0,0,0.00,0,0.00
2026-03-29 15:07:14,87.31,0,0,0,0,0,0,0,0.00,0,0.00,2.83,0.10,0.00,0.00,D,0.00,2.12,12.00,0.55,1.25,^,0.00,,13.70,9.70,504,0.97,55.4,1,0,0.00,0.00,0.00,2.12,0.00,0.00,0,0,0.00,0,0.00
2026-03-29 15:07:15,88.33,0,0,0,0,0,0,0,0.00,0,0.00,2.83,0.10,0.00,0.00,D,0.00,2.14,12.00,0.55,1.25,^,0.00,,11.20,9.60,504,1.99,55.4,1,0,0.00,0.00,0.00,2.14,0.00,0.00,0,0,0.00,0,0.00
2026-03-29 15:07:16,89.34,0,0,0,0,0,0,0,0.00,0,0.00,2.83,0.10,0.00,0.00,D,0.00,2.10,12.00,0.55,1.25,^,0.00,,13.60,9.50,504,3.00,56.0,1,0,0.00,0.00,0.00,2.10,0.00,0.00,0,0,0.00,0,0.00
2026-03-29 15:07:17,90.36,0,0,0,0,0,0,0,0.00,0,0.00,2.83,0.10,0.00,0.00,D,0.00,2.09,12.00,0.55,1.25,^,0.00,,10.70,9.50,504,4.02,56.5,1,0,0.00,0.00,0.00,2.09,0.00,0.00,0,0,0.00,0,0.00
2026-03-29 15:07:18,91.37,0,0,0,0,0,0,0,0.00,0,0.00,2.83,0.10,0.00,0.00,D,0.00,2.11,12.00,0.55,1.25,^,0.00,,13.80,9.50,504,5.03,57.1,1,0,0.00,0.00,0.00,2.11,0.00,0.00,0,0,0.00,0,0.00
2026-03-29 15:07:19,92.38,0,0,0,0,0,0,0,0.00,0,0.00,2.83,0.09,0.00,0.00,D,0.00,2.12,12.00,0.55,1.25,^,0.00,,10.40,9.50,504,6.04,56.5,1,0,0.00,0.00,0.00,2.12,0.00,0.00,0,0,0.00,0,0.00
2026-03-29 15:07:20,93.39,0,0,0,0,0,0,0,0.00,0,0.00,2.83,0.09,0.00,0.00,D,0.00,2.12,12.00,0.55,1.25,^,0.00,,12.60,9.30,504,7.05,56.0,1,0,0.00,0.00,0.00,2.12,0.00,0.00,0,0,0.00,0,0.00
2026-03-29 15:07:21,94.39,0,0,0,0,0,0,0,0.00,0,0.00,2.83,0.09,0.00,0.00,D,0.00,2.15,12.00,0.55,1.25,^,0.00,,7.50,9.30,504,8.05,56.5,1,0,0.00,0.00,0.00,2.15,0.00,0.00,0,0,0.00,0,0.00
2026-03-29 15:07:22,95.41,0,0,0,0,0,0,0,0.00,0,0.00,2.83,0.09,0.00,0.00,D,0.00,2.13,12.00,0.55,1.25,^,0.00,,9.90,9.30,504,9.07,55.4,1,0,0.00,0.00,0.00,2.13,0.00,0.00,0,0,0.00,0,0.00
2026-03-29 15:07:23,96.42,0,0,0,0,0,0,0,0.00,0,0.00,2.83,0.09,0.00,0.00,D,0.00,2.12,12.00,0.55,1.25,^,0.00,,7.50,9.30,504,10.08,55.4,1,0,0.00,0.00,0.00,2.12,0.00,0.00,0,0,0.00,0,0.00
2026-03-29 15:07:24,97.42,0,0,0,0,0,0,0,0.00,0,0.00,2.83,0.09,0.00,0.00,D,0.00,2.12,12.00,0.55,1.25,^,0.00,,12.50,9.30,504,11.08,57.6,1,0,0.00,0.00,0.00,2.12,0.00,0.00,0,0,0.00,0,0.00
2026-03-29 15:07:25,98.43,0,0,0,0,0,0,0,0.00,0,0.00,2.83,0.09,0.00,0.00,D,0.00,2.14,12.00,0.55,1.25,^,0.00,,10.40,9.30,504,12.09,56.0,1,0,0.00,0.00,0.00,2.14,0.00,0.00,0,0,0.00,0,0.00
2026-03-29 15:07:26,99.44,0,0,0,0,0,0,0,0.00,0,0.00,2.83,0.09,0.00,0.00,D,0.00,2.13,12.00,0.55,1.25,^,0.00,,11.20,9.20,504,13.10,56.0,1,0,0.00,0.00,0.00,2.13,0.00,0.00,0,0,0.00,0,0.00
2026-03-29 15:07:27,100.45,0,0,0,0,0,0,0,0.00,0,0.00,2.83,0.09,0.00,0.00,D,0.00,2.15,12.00,0.55,1.25,^,0.00,,12.10,9.30,504,14.11,56.0,1,0,0.00,0.00,0.00,2.15,0.00,0.00,0,0,0.00,0,0.00
2026-03-29 15:07:28,101.46,0,0,0,0,0,0,0,0.00,0,0.00,2.83,0.09,0.00,0.00,D,0.00,2.14,12.00,0.55,1.25,^,0.00,,11.20,9.30,504,15.12,55.4,1,0,0.00,0.00,0.00,2.14,0.00,0.00,0,0,0.00,0,0.00
2026-03-29 15:07:29,102.47,0,0,0,0,0,0,0,0.00,0,0.00,2.83,0.09,0.00,0.00,D,0.00,2.15,12.00,0.55,1.22,^,0.00,,13.20,9.30,504,16.13,57.6,1,0,0.00,0.00,0.00,2.15,0.00,0.00,0,0,0.00,0,0.00
2026-03-29 15:07:30,103.48,0,0,0,0,0,0,0,0.00,0,0.00,2.83,0.08,0.00,0.00,D,0.00,2.13,12.00,0.55,0.37,^,0.00,,10.90,9.30,504,17.14,56.5,1,0,0.00,0.00,0.00,2.13,0.00,0.00,0,0,0.00,0,0.00
2026-03-29 15:07:31,104.49,0,0,0,0,0,0,0,0.00,0,0.00,2.83,0.08,0.00,0.00,D,0.00,0.08,0.04,0.55,0.04,STOP_WARNING,0.00,,13.90,9.30,504,18.15,57.1,1,0,0.00,0.00,0.00,0.08,0.00,0.00,0,0,0.00,0,0.00
2026-03-29 15:07:32,105.50,0,0,0,0,0,0,0,0.00,1,0.00,2.83,0.08,0.00,0.00,D,0.00,0.08,0.05,0.55,0.32,STOP_WARNING,0.00,,9.60,9.30,504,19.16,56.0,1,1,0.00,0.00,0.00,0.08,0.00,0.00,0,0,0.00,0,0.00
2026-03-29 15:07:33,106.51,0,0,0,0,0,0,0,0.00,1,1.00,2.83,0.08,0.00,0.00,D,0.00,2.12,12.00,0.55,0.36,^,0.00,,23.10,9.20,504,20.16,58.2,1,0,0.00,0.00,0.00,2.12,0.00,0.00,0,0,0.00,0,0.00
2026-03-29 15:07:34,107.52,0,0,0,0,0,0,0,0.00,1,1.00,2.83,0.08,0.00,0.00,D,0.00,2.15,12.00,0.55,0.36,^,0.00,,20.10,9.30,504,21.18,57.6,1,0,0.00,0.00,0.00,2.15,0.00,0.00,0,0,0.00,0,0.00
2026-03-29 15:07:35,108.53,0,0,1,0,0,0,0,0.38,0,1.00,2.83,0.08,0.01,0.23,D,0.00,2.13,12.00,0.55,0.36,^,0.00,,25.60,9.40,504,0.05,59.3,1,0,0.00,0.00,0.00,2.13,0.00,0.00,0,0,0.00,0,0.00
2026-03-29 15:07:36,109.54,0,0,0,0,0,0,0,0.00,0,1.00,2.83,0.08,0.77,0.74,D,0.00,2.10,12.00,0.55,0.42,^,0.00,,20.20,9.50,504,0.00,57.6,1,0,0.00,0.00,0.00,2.10,0.00,0.00,0,0,0.00,0,0.00
2026-03-29 15:07:37,110.56,0,0,0,0,0,0,0,0.57,0,1.00,2.83,0.10,2.65,1.00,D,0.00,12.00,12.00,1.30,0.74,^,0.00,,32.20,9.40,504,0.00,59.3,1,0,0.00,0.00,0.00,12.00,0.00,0.00,0,0,0.00,0,0.00
2026-03-29 15:07:38,111.56,0,0,0,0,0,0,0,0.80,0,1.00,2.96,0.12,2.87,1.00,D,0.00,12.00,3.24,1.42,0.50,^,0.00,,29.60,9.40,504,0.00,58.7,1,0,0.00,0.00,0.00,12.00,0.00,0.00,0,0,0.00,0,0.00
2026-03-29 15:07:39,112.57,0,0,0,0,0,0,0,0.00,0,1.00,3.00,0.15,2.98,1.00,D,0.00,12.00,12.00,1.32,1.31,^,0.00,,19.30,9.80,504,0.00,58.2,1,0,0.00,0.00,0.00,12.00,0.00,0.00,0,0,0.00,0,0.00
2026-03-29 15:07:40,113.57,0,0,0,0,0,0,0,0.00,0,0.00,3.09,0.17,3.03,0.90,D,0.00,12.00,12.00,1.54,1.44,^,0.00,,15.50,9.60,504,0.00,58.7,1,0,0.00,0.00,0.00,12.00,0.00,0.00,0,0,0.00,0,0.00
2026-03-29 15:07:41,114.58,0,0,0,0,0,0,0,0.00,0,0.00,3.09,0.19,2.25,0.30,D,0.00,12.00,12.00,2.09,1.98,^,0.00,,14.00,9.60,504,0.00,59.3,1,0,0.00,0.00,0.00,12.00,0.00,0.00,0,0,0.00,0,0.00
2026-03-29 15:07:42,115.59,0,0,0,0,0,0,0,0.00,0,1.00,3.09,0.21,1.50,0.42,D,0.00,12.00,12.00,2.12,1.96,^,0.00,,31.00,9.60,504,0.00,59.3,1,0,0.00,0.00,0.00,12.00,0.00,0.00,0,0,0.00,0,0.00
2026-03-29 15:07:43,116.60,0,0,0,0,0,0,0,0.55,0,1.00,3.09,0.22,2.10,0.93,D,0.00,12.00,12.00,12.00,1.60,^,0.00,,27.70,9.70,504,0.00,59.3,1,0,0.00,0.00,0.00,12.00,0.00,0.00,0,0,0.00,0,0.00
2026-03-29 15:07:44,117.61,0,0,0,0,0,0,0,0.00,0,1.00,3.09,0.24,2.80,1.00,D,0.00,12.00,12.00,12.00,1.50,^,0.00,,34.20,9.80,504,0.00,59.3,1,0,0.00,0.00,0.00,12.00,0.00,0.00,0,0,0.00,0,0.00
2026-03-29 15:07:45,118.62,0,0,0,0,0,0,0,0.00,0,1.00,3.33,0.26,3.32,1.00,D,0.00,12.00,12.00,12.00,1.54,^,0.00,,16.60,9.90,504,0.00,57.6,1,0,0.00,0.00,0.00,12.00,0.00,0.00,0,0,0.00,0,0.00
2026-03-29 15:07:46,119.63,0,0,0,0,0,0,0,0.00,0,1.00,3.33,0.29,3.06,1.00,D,0.00,12.00,12.00,12.00,1.60,^,0.00,,34.00,9.80,504,0.00,59.8,1,0,0.00,0.00,0.00,12.00,0.00,0.00,0,0,0.00,0,0.00
2026-03-29 15:07:47,120.63,0,0,0,0,0,0,0,0.00,0,1.00,3.33,0.31,3.23,1.00,D,0.00,12.00,12.00,12.00,1.63,^,0.00,,21.40,9.80,504,0.00,59.3,1,0,0.00,0.00,0.00,12.00,0.00,0.00,0,0,0.00,0,0.00
2026-03-29 15:07:48,121.65,0,0,0,0,0,0,0,0.00,0,1.00,3.33,0.34,3.06,1.00,D,0.00,12.00,12.00,12.00,1.61,^,0.00,,28.00,9.70,504,0.00,60.4,1,0,0.00,0.00,0.00,12.00,0.00,0.00,0,0,0.00,0,0.00
2026-03-29 15:07:49,122.66,0,0,0,0,0,0,0,0.00,0,1.00,3.33,0.36,3.02,1.00,D,0.00,12.00,12.00,12.00,1.56,^,0.00,,25.10,9.70,504,0.00,58.7,1,0,0.00,0.00,0.00,12.00,0.00,0.00,0,0,0.00,0,0.00
2026-03-29 15:07:50,123.69,0,0,0,0,0,0,0,0.00,0,1.00,3.33,0.38,2.55,1.00,D,0.00,2.78,2.04,12.00,1.08,^,0.00,,30.50,9.70,504,0.00,60.4,1,0,0.00,0.00,0.00,2.78,0.00,0.00,0,0,0.00,0,0.00
2026-03-29 15:07:51,124.69,0,0,0,0,0,0,0,0.00,0,1.00,3.33,0.40,2.73,1.00,D,0.00,1.63,1.51,12.00,0.81,^,0.00,,23.50,9.70,504,0.00,59.8,1,0,0.00,0.00,0.00,1.63,0.00,0.00,0,0,0.00,0,0.00
2026-03-29 15:07:52,125.70,0,0,0,0,0,0,0,0.40,0,1.00,3.33,0.42,2.65,1.00,D,0.00,12.00,1.44,0.91,0.87,^,0.00,,29.40,9.60,504,0.00,60.9,1,0,0.00,0.00,0.00,12.00,0.00,0.00,0,0,0.00,0,0.00
2026-03-29 15:07:53,126.75,0,0,0,0,0,0,0,0.00,0,1.00,3.33,0.43,2.66,1.00,D,0.00,2.21,12.00,12.00,0.83,^,0.00,,26.70,9.60,504,0.00,57.1,1,0,0.00,0.00,0.00,2.21,0.00,0.00,0,0,0.00,0,0.00
2026-03-29 15:07:54,127.76,0,0,0,0,0,0,0,0.00,0,1.00,3.33,0.45,2.74,1.00,D,0.00,1.09,12.00,1.18,0.75,^,0.00,,24.50,10.00,504,0.00,59.8,1,0,0.00,0.00,0.00,1.09,0.00,0.00,0,0,0.00,0,0.00
2026-03-29 15:07:55,128.76,0,0,0,0,0,0,0,1.00,0,1.00,3.33,0.47,2.78,1.00,D,0.00,12.00,12.00,12.00,0.58,^,0.00,,22.80,10.10,504,0.00,58.2,1,0,0.00,0.00,0.00,12.00,0.00,0.00,0,0,0.00,0,0.00
2026-03-29 15:07:56,129.77,0,0,0,0,0,0,0,1.00,0,1.00,3.33,0.49,2.60,1.00,D,0.00,12.00,12.00,12.00,0.80,^,0.00,,22.60,10.10,504,0.00,60.4,1,0,0.00,0.00,0.00,12.00,0.00,0.00,0,0,0.00,0,0.00
2026-03-29 15:07:57,130.78,0,0,0,0,0,0,0,0.00,0,1.00,3.33,0.50,2.72,1.00,D,0.00,12.00,12.00,12.00,0.59,^,0.00,,20.30,9.80,504,0.00,59.8,1,0,0.00,0.00,0.00,12.00,0.00,0.00,0,0,0.00,0,0.00
2026-03-29 15:07:58,131.80,0,0,0,0,0,0,0,1.00,0,1.00,3.33,0.52,2.63,1.00,D,0.00,12.00,12.00,12.00,0.59,^,0.00,,23.90,9.80,504,0.00,59.8,1,0,0.00,0.00,0.00,12.00,0.00,0.00,0,0,0.00,0,0.00
2026-03-29 15:07:59,132.81,0,0,0,0,0,0,0,0.00,0,1.00,3.33,0.54,2.76,1.00,D,0.00,12.00,12.00,12.00,0.90,^,0.00,,19.60,9.90,504,0.00,59.8,1,0,0.00,0.00,0.00,12.00,0.00,0.00,0,0,0.00,0,0.00
2026-03-29 15:08:00,133.83,0,0,0,0,0,0,0,0.00,0,1.00,3.33,0.55,2.74,1.00,D,0.00,12.00,12.00,12.00,1.00,^,0.00,,11.60,9.70,504,0.00,59.3,1,0,0.00,0.00,0.00,12.00,0.00,0.00,0,0,0.00,0,0.00
2026-03-29 15:08:01,134.84,0,0,0,0,0,0,0,0.00,0,1.00,3.33,0.57,2.58,1.00,D,0.00,12.00,12.00,12.00,0.92,^,0.00,,19.20,9.70,504,0.00,58.2,1,0,0.00,0.00,0.00,12.00,0.00,0.00,0,0,0.00,0,0.00
2026-03-29 15:08:02,135.86,0,0,0,0,0,0,0,0.00,0,1.00,3.33,0.59,2.74,1.00,D,0.00,12.00,12.00,12.00,1.17,^,0.00,,14.70,9.90,504,0.00,58.2,1,0,0.00,0.00,0.00,12.00,0.00,0.00,0,0,0.00,0,0.00
2026-03-29 15:08:03,136.85,0,0,0,0,0,0,0,0.00,0,1.00,3.33,0.60,2.72,1.00,D,0.00,12.00,12.00,12.00,0.98,^,0.00,,22.80,9.70,504,0.00,59.8,1,0,0.00,0.00,0.00,12.00,0.00,0.00,0,0,0.00,0,0.00
2026-03-29 15:08:04,137.87,0,0,0,0,0,0,0,0.14,0,1.00,3.33,0.62,2.75,1.00,D,0.00,12.00,12.00,12.00,0.78,^,0.00,,13.40,10.00,504,0.00,57.6,1,0,0.00,0.00,0.00,12.00,0.00,0.00,0,0,0.00,0,0.00
2026-03-29 15:08:05,138.89,0,0,0,0,0,0,0,0.96,0,1.00,3.33,0.63,2.71,1.00,D,0.00,12.00,2.57,12.00,0.84,^,0.00,,30.10,10.10,504,0.00,59.8,1,0,0.00,0.00,0.00,12.00,0.00,0.00,0,0,0.00,0,0.00
2026-03-29 15:08:07,139.90,0,0,0,0,0,0,0,0.00,0,1.00,3.33,0.65,2.60,1.00,D,0.00,12.00,1.62,12.00,0.77,^,0.00,,24.10,10.00,504,0.00,59.8,1,0,0.00,0.00,0.00,12.00,0.00,0.00,0,0,0.00,0,0.00
2026-03-29 15:08:08,140.91,0,0,0,0,0,0,0,0.00,0,1.00,3.33,0.66,2.57,1.00,D,0.00,12.00,1.05,12.00,0.68,^,0.00,,25.50,10.00,504,0.00,58.7,1,0,0.00,0.00,0.00,12.00,0.00,0.00,0,0,0.00,0,0.00
2026-03-29 15:08:09,141.91,0,0,0,0,0,0,0,0.00,0,1.00,3.33,0.68,2.42,1.00,D,0.00,12.00,0.94,12.00,0.90,^,0.00,,22.40,10.00,504,0.00,60.4,1,0,0.00,0.00,0.00,12.00,0.00,0.00,0,0,0.00,0,0.00
2026-03-29 15:08:10,142.92,0,0,0,0,0,0,0,0.19,0,1.00,3.33,0.69,2.80,1.00,D,0.00,12.00,1.47,12.00,0.77,^,0.00,,19.00,10.00,504,0.00,60.9,1,0,0.00,0.00,0.00,12.00,0.00,0.00,0,0,0.00,0,0.00
2026-03-29 15:08:11,143.93,0,0,0,0,0,0,0,0.00,0,1.00,3.33,0.70,2.72,1.00,D,0.00,12.00,2.19,12.00,0.73,^,0.00,,24.00,10.00,504,0.00,59.3,1,0,0.00,0.00,0.00,12.00,0.00,0.00,0,0,0.00,0,0.00
2026-03-29 15:08:12,144.93,0,0,0,0,0,0,0,0.00,0,1.00,3.33,0.72,2.71,1.00,D,0.00,12.00,12.00,12.00,0.87,^,0.00,,20.50,9.80,504,0.00,59.8,1,0,0.00,0.00,0.00,12.00,0.00,0.00,0,0,0.00,0,0.00
2026-03-29 15:08:13,145.95,0,0,0,0,0,0,0,1.00,0,1.00,3.33,0.73,2.69,1.00,D,0.00,12.00,12.00,12.00,0.76,^,0.00,,18.40,9.80,504,0.00,59.3,1,0,0.00,0.00,0.00,12.00,0.00,0.00,0,0,0.00,0,0.00
2026-03-29 15:08:14,146.96,0,0,0,0,0,0,0,0.00,0,1.00,3.33,0.75,2.74,1.00,D,0.00,12.00,2.69,12.00,0.58,^,0.00,,20.30,9.50,504,0.00,59.3,1,0,0.00,0.00,0.00,12.00,0.00,0.00,0,0,0.00,0,0.00
2026-03-29 15:08:15,147.98,0,0,0,0,0,0,0,0.00,0,1.00,3.33,0.76,2.66,1.00,D,0.00,12.00,2.31,12.00,0.60,^,0.00,,30.70,9.60,504,0.00,59.8,1,0,0.00,0.00,0.00,12.00,0.00,0.00,0,0,0.00,0,0.00
2026-03-29 15:08:16,148.98,0,0,0,0,0,0,0,0.00,0,1.00,3.33,0.77,2.74,1.00,D,0.00,12.00,2.50,12.00,0.69,^,0.00,,20.80,9.80,504,0.00,58.7,1,0,0.00,0.00,0.00,12.00,0.00,0.00,0,0,0.00,0,0.00
2026-03-29 15:08:17,149.98,0,0,0,0,0,0,0,0.00,0,1.00,3.33,0.78,2.65,1.00,D,0.00,12.00,2.37,12.00,0.51,^,0.00,,17.00,9.60,504,0.00,60.4,1,0,0.00,0.00,0.00,12.00,0.00,0.00,0,0,0.00,0,0.00
2026-03-29 15:08:18,150.98,0,0,0,0,0,0,0,0.00,0,1.00,3.33,0.80,2.76,1.00,D,0.00,12.00,1.96,12.00,0.58,^,0.00,,14.70,9.40,504,0.00,57.6,1,0,0.00,0.00,0.00,12.00,0.00,0.00,0,0,0.00,0,0.00
2026-03-29 15:08:19,151.99,0,0,0,0,0,0,0,0.11,0,1.00,3.33,0.81,2.64,1.00,D,0.00,12.00,1.72,12.00,0.71,^,0.00,,28.40,9.70,504,0.00,60.4,1,0,0.00,0.00,0.00,12.00,0.00,0.00,0,0,0.00,0,0.00
2026-03-29 15:08:20,152.99,0,0,0,0,0,0,0,0.53,0,1.00,3.33,0.82,2.68,1.00,D,0.00,12.00,12.00,12.00,0.54,^,0.00,,25.30,9.80,504,0.00,59.8,1,0,0.00,0.00,0.00,12.00,0.00,0.00,0,0,0.00,0,0.00
2026-03-29 15:08:21,154.00,0,0,0,0,0,0,0,0.00,0,1.00,3.33,0.83,2.58,1.00,D,0.00,12.00,12.00,12.00,0.70,^,0.00,,23.30,9.80,504,0.00,60.4,1,0,0.00,0.00,0.00,12.00,0.00,0.00,0,0,0.00,0,0.00
2026-03-29 15:08:22,155.01,0,0,0,0,0,0,0,0.00,0,1.00,3.33,0.85,2.66,1.00,D,0.00,12.00,12.00,12.00,0.73,^,0.00,,24.00,9.90,504,0.00,59.8,1,0,0.00,0.00,0.00,12.00,0.00,0.00,0,0,0.00,0,0.00
2026-03-29 15:08:23,156.03,0,0,0,0,0,0,0,0.00,0,1.00,3.33,0.86,2.69,1.00,D,0.00,12.00,12.00,12.00,0.97,^,0.00,,17.30,9.80,504,0.00,58.7,1,0,0.00,0.00,0.00,12.00,0.00,0.00,0,0,0.00,0,0.00
2026-03-29 15:08:24,157.03,0,0,0,0,0,0,0,0.00,0,1.00,3.33,0.87,2.75,1.00,D,0.00,12.00,2.29,12.00,1.48,^,0.00,,15.70,9.90,504,0.00,59.3,1,0,0.00,0.00,0.00,12.00,0.00,0.00,0,0,0.00,0,0.00
2026-03-29 15:08:25,158.04,0,0,0,0,0,0,0,0.00,0,1.00,3.33,0.88,2.77,1.00,D,0.00,12.00,2.51,12.00,2.01,^,0.00,,14.00,10.00,504,0.00,59.3,1,0,0.00,0.00,0.00,12.00,0.00,0.00,0,0,0.00,0,0.00
2026-03-29 15:08:26,159.06,0,0,0,0,0,0,0,0.00,0,1.00,3.33,0.89,2.53,1.00,D,0.00,12.00,1.72,12.00,1.47,^,0.00,,21.80,10.00,504,0.00,59.8,1,0,0.00,0.00,0.00,12.00,0.00,0.00,0,0,0.00,0,0.00
2026-03-29 15:08:27,160.07,0,0,0,0,0,0,0,0.00,0,1.00,3.33,0.90,2.74,1.00,D,0.00,12.00,1.81,12.00,1.96,^,0.00,,18.50,10.00,504,0.00,58.7,1,0,0.00,0.00,0.00,12.00,0.00,0.00,0,0,0.00,0,0.00
2026-03-29 15:08:28,161.08,0,0,0,0,0,0,0,0.90,0,1.00,3.33,0.92,2.56,1.00,D,0.00,12.00,12.00,12.00,2.07,^,0.00,,30.00,10.00,504,0.00,60.4,1,0,0.00,0.00,0.00,12.00,0.00,0.00,0,0,0.00,0,0.00
2026-03-29 15:08:29,162.09,0,0,0,0,0,0,0,0.00,0,1.00,3.33,0.93,2.74,1.00,D,0.00,12.00,12.00,12.00,2.10,^,0.00,,14.50,9.90,504,0.00,59.8,1,0,0.00,0.00,0.00,12.00,0.00,0.00,0,0,0.00,0,0.00
2026-03-29 15:08:30,163.11,0,0,0,0,0,0,0,0.00,0,1.00,3.33,0.94,2.66,1.00,D,0.00,12.00,12.00,12.00,2.25,^,0.00,,25.90,9.80,504,0.00,60.4,1,0,0.00,0.00,0.00,12.00,0.00,0.00,0,0,0.00,0,0.00
2026-03-29 15:08:31,164.12,0,0,0,0,0,0,0,0.00,0,0.00,3.33,0.95,2.39,0.73,D,0.00,12.00,12.00,12.00,1.89,^,0.00,,22.80,9.90,504,0.00,59.3,1,0,0.00,0.00,0.00,12.00,0.00,0.00,0,0,0.00,0,0.00
2026-03-29 15:08:32,165.13,0,0,0,0,0,0,0,0.00,0,0.00,3.33,0.95,1.13,0.12,D,0.00,12.00,12.00,12.00,1.37,^,0.00,,15.60,9.90,504,0.00,59.8,1,0,0.00,0.00,0.00,12.00,0.00,0.00,0,0,0.00,0,0.00
2026-03-29 15:08:33,166.15,0,0,0,0,0,0,0,0.00,0,0.00,3.33,0.95,0.00,0.00,D,0.00,12.00,12.00,12.00,0.67,^,0.00,,11.60,9.80,504,0.53,58.2,1,0,0.00,0.00,0.00,12.00,0.00,0.00,0,0,0.00,0,0.00
2026-03-29 15:08:34,167.15,0,0,0,0,0,0,0,0.00,0,0.00,3.33,0.94,0.00,0.00,D,0.00,12.00,12.00,12.00,0.03,^,0.00,,13.00,9.80,504,0.27,59.8,1,0,0.00,0.00,0.00,12.00,0.00,0.00,0,0,0.00,0,0.00
2026-03-29 15:08:35,168.16,0,0,0,0,0,0,0,0.00,0,0.00,3.33,0.94,0.00,0.00,D,0.00,12.00,12.00,12.00,0.03,^,0.00,,14.00,9.70,504,0.22,59.3,1,0,0.00,0.00,0.00,12.00,0.00,0.00,0,0,0.00,0,0.00
2026-03-29 15:08:36,169.18,0,0,0,0,0,0,0,0.00,0,0.00,3.33,0.93,0.00,0.00,D,0.00,12.00,12.00,12.00,0.40,^,0.00,,12.20,9.70,504,0.55,59.8,1,0,0.00,0.00,0.00,12.00,0.00,0.00,0,0,0.00,0,0.00
2026-03-29 15:08:37,170.19,0,0,0,0,0,0,0,0.00,0,1.00,3.33,0.93,0.00,0.30,D,0.00,12.00,12.00,12.00,0.90,^,0.00,,17.60,9.70,504,1.56,59.3,1,0,0.00,0.00,0.00,12.00,0.00,0.00,0,0,0.00,0,0.00
2026-03-29 15:08:38,171.19,0,0,0,0,0,0,0,0.00,0,1.00,3.33,0.92,0.53,0.80,D,0.00,12.00,12.00,12.00,0.80,^,0.00,,22.10,9.70,504,0.00,59.3,1,0,0.00,0.00,0.00,12.00,0.00,0.00,0,0,0.00,0,0.00
2026-03-29 15:08:39,172.20,0,0,0,0,0,0,0,1.00,0,1.00,3.33,0.93,2.55,1.00,D,0.00,12.00,12.00,12.00,1.22,^,0.00,,26.10,9.60,504,0.00,59.8,1,0,0.00,0.00,0.00,12.00,0.00,0.00,0,0,0.00,0,0.00
2026-03-29 15:08:40,173.21,0,0,0,0,0,0,0,0.00,0,1.00,3.33,0.94,2.78,1.00,D,0.00,12.00,12.00,12.00,1.18,^,0.00,,16.00,9.70,504,0.00,59.8,1,0,0.00,0.00,0.00,12.00,0.00,0.00,0,0,0.00,0,0.00
2026-03-29 15:08:41,174.21,0,0,0,0,0,0,0,0.00,0,1.00,3.33,0.95,2.67,1.00,D,0.00,12.00,2.77,12.00,1.44,^,0.00,,22.30,9.70,504,0.00,59.3,1,0,0.00,0.00,0.00,12.00,0.00,0.00,0,0,0.00,0,0.00
2026-03-29 15:08:42,175.21,0,0,0,0,0,0,0,0.00,0,1.00,3.33,0.96,2.67,1.00,D,0.00,12.00,1.73,12.00,1.28,^,0.00,,17.90,9.80,504,0.00,59.8,1,0,0.00,0.00,0.00,12.00,0.00,0.00,0,0,0.00,0,0.00
2026-03-29 15:08:43,176.21,0,0,0,0,0,0,0,1.00,0,1.00,3.33,0.97,2.75,1.00,D,0.00,12.00,1.07,12.00,1.40,^,0.00,,27.60,9.90,504,0.00,60.4,1,0,0.00,0.00,0.00,12.00,0.00,0.00,0,0,0.00,0,0.00
2026-03-29 15:08:44,177.23,0,0,0,0,0,0,0,0.00,0,1.00,3.33,0.98,2.74,1.00,D,0.00,12.00,12.00,12.00,1.29,^,0.00,,22.20,10.00,504,0.00,60.4,1,0,0.00,0.00,0.00,12.00,0.00,0.00,0,0,0.00,0,0.00
2026-03-29 15:08:45,178.25,0,0,0,0,0,0,0,0.00,0,1.00,3.33,0.99,2.72,1.00,D,0.00,12.00,12.00,12.00,1.29,^,0.00,,18.30,10.00,504,0.00,59.3,1,0,0.00,0.00,0.00,12.00,0.00,0.00,0,0,0.00,0,0.00
2026-03-29 15:08:46,179.25,0,0,0,0,0,0,0,0.00,0,1.00,3.33,1.00,2.57,1.00,D,0.00,12.00,12.00,12.00,1.49,^,0.00,,26.90,9.60,504,0.00,59.3,1,0,0.00,0.00,0.00,12.00,0.00,0.00,0,0,0.00,0,0.00
2026-03-29 15:08:47,180.26,0,0,0,0,0,0,0,0.18,0,1.00,3.33,1.01,2.86,1.00,D,0.00,12.00,12.00,12.00,1.30,^,0.00,,15.80,9.80,504,0.00,59.8,1,0,0.00,0.00,0.00,12.00,0.00,0.00,0,0,0.00,0,0.00
2026-03-29 15:08:48,181.28,0,0,0,0,0,0,0,0.00,0,1.00,3.33,1.01,2.63,1.00,D,0.00,12.00,2.01,12.00,1.29,^,0.00,,27.80,9.80,504,0.00,59.3,1,0,0.00,0.00,0.00,12.00,0.00,0.00,0,0,0.00,0,0.00
2026-03-29 15:08:49,182.29,0,0,0,0,0,0,0,0.00,0,1.00,3.33,1.02,2.64,1.00,D,0.00,12.00,12.00,12.00,1.53,^,0.00,,19.90,9.80,504,0.00,59.8,1,0,0.00,0.00,0.00,12.00,0.00,0.00,0,0,0.00,0,0.00
2026-03-29 15:08:50,183.31,0,0,0,0,0,0,0,0.00,0,1.00,3.33,1.03,2.73,1.00,D,0.00,12.00,2.00,12.00,1.45,^,0.00,,15.40,9.80,504,0.00,60.4,1,0,0.00,0.00,0.00,12.00,0.00,0.00,0,0,0.00,0,0.00
2026-03-29 15:08:51,184.32,0,0,0,0,0,0,0,0.00,0,1.00,3.33,1.04,2.75,1.00,D,0.00,12.00,1.81,12.00,1.34,^,0.00,,12.80,9.80,504,0.00,58.7,1,0,0.00,0.00,0.00,12.00,0.00,0.00,0,0,0.00,0,0.00
2026-03-29 15:08:52,185.34,0,0,0,0,0,0,0,0.00,0,1.00,3.33,1.05,2.70,1.00,D,0.00,12.00,1.53,12.00,1.53,^,0.00,,27.30,9.90,504,0.00,60.9,1,0,0.00,0.00,0.00,12.00,0.00,0.00,0,0,0.00,0,0.00
2026-03-29 15:08:53,186.35,0,0,0,0,0,0,0,0.00,0,1.00,3.33,1.06,2.74,1.00,D,0.00,12.00,1.99,12.00,1.39,^,0.00,,21.90,9.90,504,0.00,60.4,1,0,0.00,0.00,0.00,12.00,0.00,0.00,0,0,0.00,0,0.00
2026-03-29 15:08:54,187.36,0,0,0,0,0,0,0,0.00,0,1.00,3.33,1.07,2.75,1.00,D,0.00,12.00,1.84,12.00,1.30,^,0.00,,18.50,9.90,504,0.00,59.3,1,0,0.00,0.00,0.00,12.00,0.00,0.00,0,0,0.00,0,0.00
2026-03-29 15:08:55,188.36,0,0,0,0,0,0,0,0.85,0,1.00,3.33,1.08,2.78,1.00,D,0.00,12.00,12.00,12.00,1.52,^,0.00,,18.00,10.10,504,0.00,60.4,1,0,0.00,0.00,0.00,12.00,0.00,0.00,0,0,0.00,0,0.00
2026-03-29 15:08:56,189.36,0,0,0,0,0,0,0,0.00,0,1.00,3.33,1.09,2.60,1.00,D,0.00,12.00,12.00,12.00,1.41,^,0.00,,22.30,10.00,504,0.00,61.5,1,0,0.00,0.00,0.00,12.00,0.00,0.00,0,0,0.00,0,0.00
2026-03-29 15:08:57,190.36,0,0,0,0,0,0,0,0.00,0,1.00,3.33,1.10,2.72,1.00,D,0.00,12.00,12.00,12.00,1.36,^,0.00,,17.50,10.20,504,0.00,60.4,1,0,0.00,0.00,0.00,12.00,0.00,0.00,0,0,0.00,0,0.00
2026-03-29 15:08:58,191.37,0,0,0,0,0,0,0,0.00,0,1.00,3.33,1.10,2.64,1.00,D,0.00,12.00,12.00,12.00,1.44,^,0.00,,24.80,10.20,504,0.00,58.7,1,0,0.00,0.00,0.00,12.00,0.00,0.00,0,0,0.00,0,0.00
2026-03-29 15:08:59,192.39,0,0,0,0,0,0,0,0.00,0,1.00,3.33,1.11,2.73,1.00,D,0.00,12.00,12.00,12.00,1.36,^,0.00,,21.80,9.90,504,0.00,59.3,1,0,0.00,0.00,0.00,12.00,0.00,0.00,0,0,0.00,0,0.00
2026-03-29 15:09:00,193.40,0,0,0,0,0,0,0,0.00,0,1.00,3.33,1.12,2.75,1.00,D,0.00,12.00,12.00,12.00,1.27,^,0.00,,15.60,10.10,504,0.00,60.4,1,0,0.00,0.00,0.00,12.00,0.00,0.00,0,0,0.00,0,0.00
2026-03-29 15:09:01,194.41,0,0,0,0,0,0,0,0.00,0,1.00,3.33,1.13,2.56,1.00,D,0.00,12.00,12.00,12.00,1.43,^,0.00,,24.00,9.80,504,0.00,60.4,1,0,0.00,0.00,0.00,12.00,0.00,0.00,0,0,0.00,0,0.00
2026-03-29 15:09:02,195.42,0,0,0,0,0,0,0,0.00,0,1.00,3.33,1.14,2.73,1.00,D,0.00,12.00,12.00,12.00,1.32,^,0.00,,12.50,9.80,504,0.00,58.7,1,0,0.00,0.00,0.00,12.00,0.00,0.00,0,0,0.00,0,0.00
2026-03-29 15:09:03,196.44,0,0,0,0,0,0,0,0.00,0,1.00,3.33,1.14,2.70,1.00,D,0.00,12.00,2.12,12.00,1.18,^,0.00,,20.10,9.70,504,0.00,58.7,1,0,0.00,0.00,0.00,12.00,0.00,0.00,0,0,0.00,0,0.00
2026-03-29 15:09:04,197.44,0,0,0,0,0,0,0,0.00,0,1.00,3.33,1.15,2.75,1.00,D,0.00,12.00,1.27,12.00,1.37,^,0.00,,23.20,10.10,504,0.00,60.4,1,0,0.00,0.00,0.00,12.00,0.00,0.00,0,0,0.00,0,0.00
2026-03-29 15:09:05,198.46,0,0,0,0,0,0,0,1.00,0,1.00,3.33,1.16,2.65,1.00,D,0.00,12.00,0.64,12.00,1.00,^,0.00,,24.70,9.90,504,0.00,61.5,1,0,0.00,0.00,0.00,12.00,0.00,0.00,0,0,0.00,0,0.00
2026-03-29 15:09:06,199.45,0,0,0,0,0,0,0,0.00,0,1.00,3.33,1.17,2.73,1.00,D,0.00,12.00,1.70,12.00,1.05,^,0.00,,18.80,9.90,504,0.00,60.4,1,0,0.00,0.00,0.00,12.00,0.00,0.00,0,0,0.00,0,0.00
2026-03-29 15:09:07,200.46,0,0,0,0,0,0,0,0.95,0,1.00,3.33,1.18,2.64,1.00,D,0.00,12.00,1.51,12.00,1.25,^,0.00,,22.40,9.80,504,0.00,60.9,1,0,0.00,0.00,0.00,12.00,0.00,0.00,0,0,0.00,0,0.00
2026-03-29 15:09:08,201.46,0,0,0,0,0,0,0,0.00,0,1.00,3.33,1.18,2.66,1.00,D,0.00,12.00,12.00,12.00,1.18,^,0.00,,22.40,9.80,504,0.00,59.8,1,0,0.00,0.00,0.00,12.00,0.00,0.00,0,0,0.00,0,0.00
2026-03-29 15:09:09,202.48,0,0,0,0,0,0,0,0.00,0,1.00,3.33,1.19,2.78,1.00,D,0.00,12.00,12.00,12.00,0.97,^,0.00,,19.10,10.00,504,0.00,60.4,1,0,0.00,0.00,0.00,12.00,0.00,0.00,0,0,0.00,0,0.00
2026-03-29 15:09:10,203.49,0,0,0,0,0,0,0,0.00,0,1.00,3.33,1.20,2.67,1.00,D,0.00,12.00,12.00,12.00,1.09,^,0.00,,19.00,10.00,504,0.00,60.4,1,0,0.00,0.00,0.00,12.00,0.00,0.00,0,0,0.00,0,0.00
2026-03-29 15:09:11,204.49,0,0,0,0,0,0,0,0.00,0,1.00,3.33,1.20,2.71,1.00,D,0.00,12.00,12.00,12.00,1.12,^,0.00,,16.40,9.70,504,0.00,59.8,1,0,0.00,0.00,0.00,12.00,0.00,0.00,0,0,0.00,0,0.00
2026-03-29 15:09:12,205.49,0,0,0,0,0,0,0,0.00,0,1.00,3.33,1.21,2.57,1.00,D,0.00,12.00,12.00,12.00,0.85,^,0.00,,22.50,9.70,504,0.00,59.8,1,0,0.00,0.00,0.00,12.00,0.00,0.00,0,0,0.00,0,0.00
2026-03-29 15:09:13,206.50,0,0,0,0,0,0,0,0.00,0,1.00,3.33,1.22,2.67,1.00,D,0.00,12.00,12.00,12.00,0.88,^,0.00,,14.30,9.60,504,0.00,59.3,1,0,0.00,0.00,0.00,12.00,0.00,0.00,0,0,0.00,0,0.00
2026-03-29 15:09:14,207.52,0,0,0,0,0,0,0,0.00,0,1.00,3.33,1.23,2.58,1.00,D,0.00,12.00,12.00,12.00,0.98,^,0.00,,24.20,9.70,504,0.00,60.9,1,0,0.00,0.00,0.00,12.00,0.00,0.00,0,0,0.00,0,0.00
2026-03-29 15:09:15,208.53,0,0,0,0,0,0,0,1.00,0,1.00,3.33,1.23,2.72,1.00,D,0.00,12.00,12.00,12.00,0.80,^,0.00,,21.20,9.60,504,0.00,59.3,1,0,0.00,0.00,0.00,12.00,0.00,0.00,0,0,0.00,0,0.00
2026-03-29 15:09:16,209.54,0,0,0,0,0,0,0,0.00,0,1.00,3.33,1.24,2.72,1.00,D,0.00,12.00,2.77,12.00,0.88,^,0.00,,19.10,9.70,504,0.00,59.8,1,0,0.00,0.00,0.00,12.00,0.00,0.00,0,0,0.00,0,0.00
2026-03-29 15:09:17,210.55,0,0,0,0,0,0,0,1.00,0,1.00,3.33,1.25,2.64,1.00,D,0.00,2.22,1.83,12.00,0.91,^,0.00,,23.50,9.90,504,0.00,60.4,1,0,0.00,0.00,0.00,2.22,0.00,0.00,0,0,0.00,0,0.00
2026-03-29 15:09:18,211.55,0,0,0,0,0,0,0,0.31,0,1.00,3.33,1.25,2.66,1.00,D,0.00,12.00,1.35,12.00,0.74,^,0.00,,21.40,9.70,504,0.00,60.4,1,0,0.00,0.00,0.00,12.00,0.00,0.00,0,0,0.00,0,0.00
2026-03-29 15:09:19,212.56,0,0,0,0,0,0,0,0.00,0,1.00,3.33,1.26,2.39,1.00,D,0.00,12.00,0.99,12.00,0.91,^,0.00,,25.80,9.70,504,0.00,60.4,1,0,0.00,0.00,0.00,12.00,0.00,0.00,0,0,0.00,0,0.00
2026-03-29 15:09:20,213.57,0,0,0,0,0,0,0,0.00,0,1.00,3.33,1.27,2.84,1.00,D,0.00,12.00,12.00,12.00,0.83,^,0.00,,10.80,9.90,504,0.00,59.8,1,0,0.00,0.00,0.00,12.00,0.00,0.00,0,0,0.00,0,0.00
2026-03-29 15:09:21,214.57,0,0,0,0,0,0,0,1.00,0,1.00,3.33,1.27,2.70,1.00,D,0.00,12.00,12.00,12.00,0.84,^,0.00,,22.80,9.70,504,0.00,60.9,1,0,0.00,0.00,0.00,12.00,0.00,0.00,0,0,0.00,0,0.00
2026-03-29 15:09:22,215.58,0,0,0,0,0,0,0,0.00,0,1.00,3.33,1.28,2.70,1.00,D,0.00,12.00,12.00,12.00,0.92,^,0.00,,16.50,9.90,504,0.00,58.7,1,0,0.00,0.00,0.00,12.00,0.00,0.00,0,0,0.00,0,0.00
2026-03-29 15:09:23,216.60,0,0,0,0,0,0,0,-1.00,0,1.00,3.33,1.29,2.54,1.00,D,0.00,12.00,12.00,12.00,0.71,^,0.00,,27.40,10.00,504,0.00,59.3,1,0,0.00,0.00,0.00,12.00,0.00,0.00,0,0,0.00,0,0.00
2026-03-29 15:09:24,217.61,0,0,0,0,0,0,0,-0.98,1,0.00,3.33,1.29,1.03,0.66,D,0.00,12.00,12.00,12.00,0.57,^,0.00,,21.90,9.80,504,0.02,58.7,1,0,0.00,0.00,0.00,12.00,0.00,0.00,0,0,0.00,0,0.00
2026-03-29 15:09:25,218.62,0,0,0,1,0,0,0,-0.99,0,1.00,3.33,1.29,0.02,-0.35,R,0.00,12.00,12.00,12.00,0.63,^,0.00,,21.30,9.80,504,0.01,60.4,1,0,0.00,0.00,0.00,12.00,0.00,0.00,0,0,0.00,0,0.00
2026-03-29 15:09:26,219.64,0,0,1,0,0,0,0,1.00,0,0.00,3.33,1.28,0.67,0.00,D,0.00,12.00,12.00,12.00,0.66,^,0.00,,12.60,9.80,504,0.00,59.8,1,0,0.00,0.00,0.00,12.00,0.00,0.00,0,0,0.00,0,0.00
2026-03-29 15:09:27,220.65,0,0,0,0,0,0,0,1.00,0,1.00,3.33,1.28,0.01,0.51,D,0.00,12.00,12.00,12.00,0.61,^,0.00,,14.70,9.90,504,0.19,59.8,1,0,0.00,0.00,0.00,12.00,0.00,0.00,0,0,0.00,0,0.00
2026-03-29 15:09:28,221.66,0,0,0,0,0,0,0,0.00,0,1.00,3.33,1.27,1.46,1.00,D,0.00,12.00,12.00,12.00,0.60,^,0.00,,23.60,9.80,504,0.00,58.7,1,0,0.00,0.00,0.00,12.00,0.00,0.00,0,0,0.00,0,0.00
2026-03-29 15:09:29,222.67,0,0,0,0,0,0,0,1.00,0,1.00,3.33,1.28,1.47,1.00,D,0.00,2.65,12.00,12.00,0.84,^,0.00,,19.00,9.80,504,0.00,59.8,1,0,0.00,0.00,0.00,2.65,0.00,0.00,0,0,0.00,0,0.00
2026-03-29 15:09:30,223.68,0,0,0,0,0,0,0,0.00,0,1.00,3.33,1.28,2.61,1.00,D,0.00,12.00,1.55,12.00,0.88,^,0.00,,19.50,9.50,504,0.00,58.7,1,0,0.00,0.00,0.00,12.00,0.00,0.00,0,0,0.00,0,0.00
2026-03-29 15:09:31,224.69,0,0,0,0,0,0,0,0.00,0,1.00,3.33,1.29,2.71,1.00,D,0.00,12.00,1.17,12.00,1.05,^,0.00,,10.70,9.80,504,0.00,58.7,1,0,0.00,0.00,0.00,12.00,0.00,0.00,0,0,0.00,0,0.00
2026-03-29 15:09:32,225.70,0,0,0,0,0,0,0,0.00,0,1.00,3.33,1.29,2.53,1.00,D,0.00,12.00,1.21,12.00,0.96,^,0.00,,21.50,9.60,504,0.00,58.7,1,0,0.00,0.00,0.00,12.00,0.00,0.00,0,0,0.00,0,0.00
2026-03-29 15:09:33,226.72,0,0,0,0,0,0,0,0.00,0,1.00,3.33,1.30,2.76,1.00,D,0.00,12.00,1.73,12.00,0.81,^,0.00,,19.70,9.70,504,0.00,59.8,1,0,0.00,0.00,0.00,12.00,0.00,0.00,0,0,0.00,0,0.00
2026-03-29 15:09:34,227.73,0,0,0,0,0,0,0,1.00,0,1.00,3.33,1.30,2.54,1.00,D,0.00,12.00,1.46,12.00,0.81,^,0.00,,24.70,9.60,504,0.00,60.4,1,0,0.00,0.00,0.00,12.00,0.00,0.00,0,0,0.00,0,0.00
2026-03-29 15:09:35,228.72,0,0,0,0,0,0,0,0.00,0,1.00,3.33,1.31,2.67,1.00,D,0.00,12.00,1.56,12.00,0.93,^,0.00,,18.00,9.40,504,0.00,59.3,1,0,0.00,0.00,0.00,12.00,0.00,0.00,0,0,0.00,0,0.00
2026-03-29 15:09:36,229.74,0,0,0,0,0,0,0,0.00,0,1.00,3.33,1.32,2.69,1.00,D,0.00,12.00,1.66,12.00,0.74,^,0.00,,19.90,9.60,504,0.00,59.3,1,0,0.00,0.00,0.00,12.00,0.00,0.00,0,0,0.00,0,0.00
2026-03-29 15:09:37,230.74,0,0,0,0,0,0,0,0.75,0,1.00,3.33,1.32,2.66,1.00,D,0.00,12.00,1.47,12.00,0.73,^,0.00,,18.70,9.60,504,0.00,60.4,1,0,0.00,0.00,0.00,12.00,0.00,0.00,0,0,0.00,0,0.00
2026-03-29 15:09:38,231.75,0,0,0,0,0,0,0,0.42,0,1.00,3.33,1.33,2.77,1.00,D,0.00,12.00,1.47,12.00,0.87,^,0.00,,15.10,9.70,504,0.00,58.2,1,0,0.00,0.00,0.00,12.00,0.00,0.00,0,0,0.00,0,0.00
2026-03-29 15:09:39,232.76,0,0,0,0,0,0,0,0.00,0,1.00,3.33,1.33,2.58,1.00,D,0.00,12.00,12.00,12.00,0.68,^,0.00,,16.30,9.40,504,0.00,59.3,1,0,0.00,0.00,0.00,12.00,0.00,0.00,0,0,0.00,0,0.00
2026-03-29 15:09:40,233.78,0,0,0,0,0,0,0,0.00,0,1.00,3.33,1.34,2.67,1.00,D,0.00,12.00,12.00,12.00,0.97,^,0.00,,15.70,9.70,504,0.00,57.6,1,0,0.00,0.00,0.00,12.00,0.00,0.00,0,0,0.00,0,0.00
2026-03-29 15:09:41,234.79,0,0,0,0,0,0,0,1.00,0,1.00,3.33,1.34,2.73,1.00,D,0.00,12.00,12.00,12.00,1.06,^,0.00,,18.90,9.50,504,0.00,60.4,1,0,0.00,0.00,0.00,12.00,0.00,0.00,0,0,0.00,0,0.00
2026-03-29 15:09:42,235.81,0,0,0,0,0,0,0,0.00,0,1.00,3.33,1.35,2.46,1.00,D,0.00,12.00,12.00,12.00,0.97,^,0.00,,11.80,9.60,504,0.00,58.2,1,0,0.00,0.00,0.00,12.00,0.00,0.00,0,0,0.00,0,0.00
2026-03-29 15:09:43,236.82,0,0,0,0,0,0,0,0.00,0,1.00,3.33,1.36,2.70,1.00,D,0.00,12.00,12.00,12.00,1.29,^,0.00,,16.50,9.60,504,0.00,60.4,1,0,0.00,0.00,0.00,12.00,0.00,0.00,0,0,0.00,0,0.00
2026-03-29 15:09:44,237.83,0,0,0,0,0,0,0,0.00,0,0.00,3.33,1.36,1.89,0.50,D,0.00,1.86,1.86,12.00,1.03,^,0.00,,10.70,9.60,504,0.00,59.3,1,0,0.00,0.00,0.00,1.86,0.00,0.00,0,0,0.00,0,0.00
2026-03-29 15:09:45,238.83,0,0,0,0,0,0,0,0.00,0,1.00,3.33,1.36,0.36,0.38,D,0.00,1.76,1.48,12.00,0.78,^,0.00,,19.60,9.60,504,0.00,60.4,1,0,0.00,0.00,0.00,1.76,0.00,0.00,0,0,0.00,0,0.00
2026-03-29 15:09:46,239.84,0,0,0,0,0,0,0,0.55,0,1.00,3.33,1.36,0.94,0.88,D,0.00,1.49,1.33,12.00,0.32,^,0.00,,19.50,9.30,504,0.00,59.3,1,0,0.00,0.00,0.00,1.49,0.00,0.00,0,0,0.00,0,0.00
2026-03-29 15:09:47,240.86,0,0,0,0,0,0,0,0.87,0,1.00,3.33,1.36,2.62,1.00,D,0.00,1.27,0.75,12.00,0.69,^,0.00,,16.60,9.60,504,0.00,59.8,1,0,0.00,0.00,0.00,1.27,0.00,0.00,0,0,0.00,0,0.00
2026-03-29 15:09:48,241.85,0,0,0,0,0,0,0,0.00,0,1.00,3.33,1.36,2.49,1.00,D,0.00,12.00,0.55,12.00,0.57,^,0.00,,24.10,9.90,504,0.00,60.4,1,0,0.00,0.00,0.00,12.00,0.00,0.00,0,0,0.00,0,0.00
2026-03-29 15:09:49,242.87,0,0,0,0,0,0,0,0.00,0,1.00,3.33,1.37,2.70,1.00,D,0.00,12.00,1.67,12.00,0.78,^,0.00,,13.90,9.90,504,0.00,59.3,1,0,0.00,0.00,0.00,12.00,0.00,0.00,0,0,0.00,0,0.00
2026-03-29 15:09:50,243.88,0,0,0,0,0,0,0,0.00,0,1.00,3.33,1.37,2.66,1.00,D,0.00,12.00,1.80,12.00,0.79,^,0.00,,16.00,9.80,504,0.00,58.7,1,0,0.00,0.00,0.00,12.00,0.00,0.00,0,0,0.00,0,0.00
2026-03-29 15:09:52,244.89,0,0,0,0,0,0,0,0.00,0,1.00,3.33,1.38,2.69,1.00,D,0.00,12.00,1.56,12.00,1.12,^,0.00,,11.90,9.60,504,0.00,58.7,1,0,0.00,0.00,0.00,12.00,0.00,0.00,0,0,0.00,0,0.00
2026-03-29 15:09:53,245.90,0,0,0,0,0,0,0,0.00,0,1.00,3.33,1.38,2.14,1.00,D,0.00,12.00,12.00,12.00,0.92,^,0.00,,20.70,9.60,504,0.00,60.4,1,0,0.00,0.00,0.00,12.00,0.00,0.00,0,0,0.00,0,0.00
2026-03-29 15:09:54,246.91,0,0,0,0,0,0,0,0.00,0,1.00,3.33,1.39,2.71,1.00,D,0.00,12.00,12.00,12.00,1.10,^,0.00,,11.90,10.00,504,0.00,59.3,1,0,0.00,0.00,0.00,12.00,0.00,0.00,0,0,0.00,0,0.00
2026-03-29 15:09:55,247.92,0,0,0,0,0,0,0,0.32,0,1.00,3.33,1.39,2.70,1.00,D,0.00,12.00,12.00,12.00,0.94,^,0.00,,14.90,9.90,504,0.00,60.9,1,0,0.00,0.00,0.00,12.00,0.00,0.00,0,0,0.00,0,0.00
2026-03-29 15:09:56,248.93,0,0,0,0,0,0,0,0.00,0,1.00,3.33,1.40,2.64,1.00,D,0.00,12.00,12.00,12.00,0.77,^,0.00,,14.00,9.90,504,0.00,57.6,1,0,0.00,0.00,0.00,12.00,0.00,0.00,0,0,0.00,0,0.00
2026-03-29 15:09:57,249.95,0,0,0,0,0,0,0,1.00,0,1.00,3.33,1.40,2.58,1.00,D,0.00,12.00,12.00,12.00,1.04,^,0.00,,14.30,9.80,504,0.00,59.3,1,0,0.00,0.00,0.00,12.00,0.00,0.00,0,0,0.00,0,0.00
2026-03-29 15:09:58,250.95,0,0,0,0,0,0,0,1.00,0,1.00,3.33,1.41,2.58,1.00,D,0.00,12.00,12.00,12.00,0.89,^,0.00,,18.70,9.90,504,0.00,59.3,1,0,0.00,0.00,0.00,12.00,0.00,0.00,0,0,0.00,0,0.00
2026-03-29 15:09:59,251.96,0,0,0,0,0,0,0,0.00,0,1.00,3.33,1.41,2.49,1.00,D,0.00,12.00,12.00,12.00,0.85,^,0.00,,11.00,10.00,504,0.00,59.3,1,0,0.00,0.00,0.00,12.00,0.00,0.00,0,0,0.00,0,0.00
2026-03-29 15:10:00,252.97,0,0,0,0,0,0,0,0.00,0,1.00,3.33,1.42,2.64,1.00,D,0.00,12.00,2.16,12.00,0.86,^,0.00,,16.20,9.90,504,0.00,58.2,1,0,0.00,0.00,0.00,12.00,0.00,0.00,0,0,0.00,0,0.00
2026-03-29 15:10:01,253.99,0,0,0,0,0,0,0,0.91,0,1.00,3.33,1.42,2.58,1.00,D,0.00,12.00,1.87,12.00,0.69,^,0.00,,12.30,9.90,504,0.00,58.7,1,0,0.00,0.00,0.00,12.00,0.00,0.00,0,0,0.00,0,0.00
2026-03-29 15:10:02,254.99,0,0,0,0,0,0,0,0.00,0,1.00,3.33,1.43,2.24,1.00,D,0.00,12.00,1.33,12.00,0.90,^,0.00,,16.40,9.80,504,0.00,59.8,1,0,0.00,0.00,0.00,12.00,0.00,0.00,0,0,0.00,0,0.00
2026-03-29 15:10:03,256.00,0,0,0,0,0,0,0,1.00,0,1.00,3.33,1.43,2.16,1.00,D,0.00,12.00,0.87,12.00,0.63,^,0.00,,12.00,9.60,504,0.00,58.7,1,0,0.00,0.00,0.00,12.00,0.00,0.00,0,0,0.00,0,0.00
2026-03-29 15:10:04,257.01,0,0,0,0,0,0,0,1.00,0,1.00,3.33,1.43,2.10,1.00,D,0.00,0.97,0.83,12.00,0.74,CAUTION_WARNING,0.00,,15.50,9.40,504,0.00,59.8,1,0,0.00,0.00,0.00,0.97,0.00,0.00,0,0,0.00,0,0.00
2026-03-29 15:10:05,258.02,0,0,0,0,0,0,0,1.00,0,1.00,3.33,1.43,2.37,1.00,D,0.00,2.72,1.13,12.00,0.76,^,0.00,,12.50,9.60,504,0.00,58.7,1,0,0.00,0.00,0.00,2.72,0.00,0.00,0,0,0.00,0,0.00
2026-03-29 15:10:06,259.03,0,0,0,0,0,0,0,0.00,0,1.00,3.33,1.44,2.79,1.00,D,0.00,1.66,12.00,12.00,0.99,^,0.00,,13.70,9.60,504,0.00,58.7,1,0,0.00,0.00,0.00,1.66,0.00,0.00,0,0,0.00,0,0.00
2026-03-29 15:10:07,260.04,0,0,0,0,0,0,0,0.00,0,1.00,3.33,1.44,2.51,1.00,D,0.00,0.57,12.00,0.77,1.01,CAUTION_WARNING,0.00,,14.00,9.60,504,0.00,57.6,1,0,0.00,0.00,0.00,0.57,0.00,0.00,0,0,0.00,0,0.00
2026-03-29 15:10:08,261.05,0,0,0,0,0,0,0,1.00,0,1.00,3.33,1.45,2.53,1.00,D,0.00,1.62,2.46,12.00,0.56,^,0.00,,15.90,9.40,504,0.00,58.7,1,0,0.00,0.00,0.00,1.62,0.00,0.00,0,0,0.00,0,0.00
2026-03-29 15:10:09,262.06,0,0,0,0,0,0,0,0.00,0,1.00,3.33,1.45,2.61,1.00,D,0.00,0.53,12.00,0.60,1.05,CAUTION_WARNING,0.00,,15.50,9.40,504,0.00,58.7,1,0,0.00,0.00,0.00,0.53,0.00,0.00,0,0,0.00,0,0.00
2026-03-29 15:10:10,263.07,0,0,0,0,0,0,0,0.00,0,1.00,3.33,1.46,2.66,1.00,D,0.00,12.00,2.48,12.00,0.53,^,0.00,,10.20,9.40,504,0.00,57.6,1,0,0.00,0.00,0.00,12.00,0.00,0.00,0,0,0.00,0,0.00
2026-03-29 15:10:11,264.08,0,0,0,0,0,0,0,0.99,0,1.00,3.33,1.46,2.62,1.00,D,0.00,12.00,2.10,12.00,0.92,^,0.00,,16.50,9.40,504,0.00,59.8,1,0,0.00,0.00,0.00,12.00,0.00,0.00,0,0,0.00,0,0.00
2026-03-29 15:10:12,265.10,0,0,0,0,0,0,0,0.00,0,1.00,3.33,1.47,2.67,1.00,D,0.00,12.00,12.00,12.00,0.70,^,0.00,,10.40,9.40,504,0.00,58.7,1,0,0.00,0.00,0.00,12.00,0.00,0.00,0,0,0.00,0,0.00
2026-03-29 15:10:13,266.11,0,0,0,0,0,0,0,0.00,0,1.00,3.33,1.47,2.48,1.00,D,0.00,12.00,2.12,12.00,0.82,^,0.00,,19.00,9.50,504,0.00,57.6,1,0,0.00,0.00,0.00,12.00,0.00,0.00,0,0,0.00,0,0.00
2026-03-29 15:10:14,267.12,0,0,0,0,0,0,0,0.00,0,1.00,3.33,1.47,2.66,1.00,D,0.00,12.00,12.00,12.00,0.61,^,0.00,,15.60,9.40,504,0.00,58.7,1,0,0.00,0.00,0.00,12.00,0.00,0.00,0,0,0.00,0,0.00
2026-03-29 15:10:15,268.14,0,0,0,0,0,0,0,0.00,0,1.00,3.33,1.48,2.55,1.00,D,0.00,12.00,2.10,12.00,0.53,^,0.00,,16.60,9.50,504,0.00,57.6,1,0,0.00,0.00,0.00,12.00,0.00,0.00,0,0,0.00,0,0.00
2026-03-29 15:10:16,269.15,0,0,0,0,0,0,0,0.00,0,1.00,3.33,1.48,2.62,1.00,D,0.00,12.00,2.08,12.00,0.75,^,0.00,,15.00,9.60,504,0.00,58.7,1,0,0.00,0.00,0.00,12.00,0.00,0.00,0,0,0.00,0,0.00
2026-03-29 15:10:17,270.16,0,0,0,0,0,0,0,0.00,0,1.00,3.33,1.49,2.65,1.00,D,0.00,12.00,12.00,12.00,0.54,^,0.00,,12.90,9.60,504,0.00,59.3,1,0,0.00,0.00,0.00,12.00,0.00,0.00,0,0,0.00,0,0.00
2026-03-29 15:10:18,271.18,0,0,0,0,0,0,0,0.00,0,1.00,3.33,1.49,2.67,1.00,D,0.00,12.00,12.00,12.00,0.62,^,0.00,,18.00,9.40,504,0.00,59.3,1,0,0.00,0.00,0.00,12.00,0.00,0.00,0,0,0.00,0,0.00
2026-03-29 15:10:19,272.19,0,0,0,0,0,0,0,1.00,0,1.00,3.33,1.50,2.67,1.00,D,0.00,12.00,12.00,12.00,0.67,^,0.00,,11.40,9.20,504,0.00,57.6,1,0,0.00,0.00,0.00,12.00,0.00,0.00,0,0,0.00,0,0.00
2026-03-29 15:10:20,273.20,0,0,0,0,0,0,0,0.00,0,1.00,3.33,1.50,2.51,1.00,D,0.00,12.00,12.00,12.00,0.55,^,0.00,,22.40,9.50,504,0.00,58.7,1,0,0.00,0.00,0.00,12.00,0.00,0.00,0,0,0.00,0,0.00
2026-03-29 15:10:21,274.22,0,0,0,0,0,0,0,-1.00,0,1.00,3.33,1.50,2.62,1.00,D,0.00,12.00,12.00,12.00,0.57,^,0.00,,15.50,9.50,504,0.00,57.1,1,0,0.00,0.00,0.00,12.00,0.00,0.00,0,0,0.00,0,0.00
2026-03-29 15:10:22,275.23,0,0,0,0,0,0,0,0.00,0,1.00,3.33,1.51,2.49,1.00,D,0.00,12.00,12.00,12.00,0.73,^,0.00,,21.10,9.50,504,0.00,60.4,1,0,0.00,0.00,0.00,12.00,0.00,0.00,0,0,0.00,0,0.00
2026-03-29 15:10:23,276.23,0,0,0,0,0,0,0,0.00,0,1.00,3.33,1.51,2.55,1.00,D,0.00,12.00,7.39,12.00,0.66,^,0.00,,21.00,10.10,504,0.00,59.3,1,0,0.00,0.00,0.00,12.00,0.00,0.00,0,0,0.00,0,0.00
2026-03-29 15:10:24,277.24,0,0,0,0,0,0,0,0.70,0,1.00,3.33,1.52,2.85,1.00,D,0.00,12.00,12.00,12.00,0.70,^,0.00,,20.80,10.10,504,0.00,58.7,1,0,0.00,0.00,0.00,12.00,0.00,0.00,0,0,0.00,0,0.00
2026-03-29 15:10:25,278.25,0,0,0,0,0,0,0,1.00,0,1.00,3.33,1.52,2.62,1.00,D,0.00,12.00,12.00,12.00,0.89,^,0.00,,21.70,10.00,504,0.00,57.6,1,0,0.00,0.00,0.00,12.00,0.00,0.00,0,0,0.00,0,0.00
2026-03-29 15:10:26,279.25,0,0,0,0,0,0,0,0.00,0,1.00,3.33,1.52,2.69,1.00,D,0.00,12.00,2.04,12.00,0.73,^,0.00,,11.60,10.00,504,0.00,58.7,1,0,0.00,0.00,0.00,12.00,0.00,0.00,0,0,0.00,0,0.00
2026-03-29 15:10:27,280.25,0,0,0,0,0,0,0,0.00,0,1.00,3.33,1.53,2.70,1.00,D,0.00,12.00,1.73,12.00,0.65,^,0.00,,16.90,9.90,504,0.00,58.2,1,0,0.00,0.00,0.00,12.00,0.00,0.00,0,0,0.00,0,0.00
2026-03-29 15:10:28,281.25,0,0,0,0,0,0,0,0.00,0,1.00,3.33,1.53,2.65,1.00,D,0.00,12.00,1.88,12.00,0.79,^,0.00,,12.70,9.80,504,0.00,58.2,1,0,0.00,0.00,0.00,12.00,0.00,0.00,0,0,0.00,0,0.00
2026-03-29 15:10:29,282.27,0,0,0,0,0,0,0,0.00,0,1.00,3.33,1.54,2.71,1.00,D,0.00,12.00,12.00,12.00,0.76,^,0.00,,19.50,9.80,504,0.00,57.1,1,0,0.00,0.00,0.00,12.00,0.00,0.00,0,0,0.00,0,0.00
2026-03-29 15:10:30,283.26,0,0,0,0,0,0,0,0.00,0,1.00,3.33,1.54,2.70,1.00,D,0.00,12.00,1.49,12.00,0.61,^,0.00,,11.90,9.80,504,0.00,58.2,1,0,0.00,0.00,0.00,12.00,0.00,0.00,0,0,0.00,0,0.00
2026-03-29 15:10:31,284.28,0,0,0,0,0,0,0,0.00,0,1.00,3.33,1.54,2.73,1.00,D,0.00,12.00,1.19,12.00,0.70,^,0.00,,11.60,9.80,504,0.00,58.2,1,0,0.00,0.00,0.00,12.00,0.00,0.00,0,0,0.00,0,0.00
2026-03-29 15:10:32,285.29,0,0,0,0,0,0,0,0.00,0,1.00,3.33,1.55,2.58,1.00,D,0.00,12.00,1.32,12.00,0.57,^,0.00,,13.70,9.80,504,0.00,58.7,1,0,0.00,0.00,0.00,12.00,0.00,0.00,0,0,0.00,0,0.00
2026-03-29 15:10:33,286.30,0,0,0,0,0,0,0,0.00,0,0.20,3.33,1.55,2.57,0.94,D,0.00,12.00,1.30,12.00,0.62,^,0.00,,19.20,9.70,504,0.00,58.7,1,0,0.00,0.00,0.00,12.00,0.00,0.00,0,0,0.00,0,0.00
2026-03-29 15:10:34,287.31,0,0,0,0,0,0,0,0.00,0,0.00,3.33,1.55,1.61,0.33,D,0.00,12.00,1.49,12.00,0.88,^,0.00,,15.30,9.80,504,0.00,58.7,1,0,0.00,0.00,0.00,12.00,0.00,0.00,0,0,0.00,0,0.00
2026-03-29 15:10:35,288.31,0,0,0,0,0,0,0,0.00,0,0.00,3.33,1.55,0.00,0.00,D,0.00,12.00,1.70,12.00,0.93,^,0.00,,10.30,9.80,504,0.08,57.1,1,0,0.00,0.00,0.00,12.00,0.00,0.00,0,0,0.00,0,0.00
2026-03-29 15:10:36,289.32,0,0,0,0,0,0,0,0.00,0,0.00,3.33,1.55,0.00,0.00,D,0.00,12.00,1.69,12.00,0.92,^,0.00,,12.20,9.70,504,1.10,57.1,1,0,0.00,0.00,0.00,12.00,0.00,0.00,0,0,0.00,0,0.00
2026-03-29 15:10:37,290.33,0,0,0,0,0,0,0,0.00,0,0.00,3.33,1.54,0.00,0.00,D,0.00,12.00,1.70,12.00,0.92,^,0.00,,8.30,9.70,504,2.11,57.1,1,0,0.00,0.00,0.00,12.00,0.00,0.00,0,0,0.00,0,0.00
2026-03-29 15:10:38,291.35,0,0,0,0,0,0,0,0.00,0,0.00,3.33,1.54,0.00,0.00,D,0.00,12.00,1.70,12.00,0.93,^,0.00,,16.20,9.80,504,3.12,59.3,1,0,0.00,0.00,0.00,12.00,0.00,0.00,0,0,0.00,0,0.00
2026-03-29 15:10:39,292.36,0,0,0,0,0,0,0,0.00,0,0.00,3.33,1.53,0.00,0.00,D,0.00,12.00,1.70,12.00,0.93,^,0.00,,8.10,9.70,504,4.14,57.6,1,0,0.00,0.00,0.00,12.00,0.00,0.00,0,0,0.00,0,0.00
2026-03-29 15:10:40,293.38,0,0,0,0,0,0,0,0.00,0,0.00,3.33,1.52,0.00,0.00,D,0.00,12.00,1.70,12.00,0.93,^,0.00,,12.60,9.70,504,5.15,57.1,1,0,0.00,0.00,0.00,12.00,0.00,0.00,0,0,0.00,0,0.00
2026-03-29 15:10:41,294.39,0,0,0,0,0,0,0,0.00,0,0.00,3.33,1.52,0.00,0.00,D,0.00,12.00,1.70,12.00,0.93,^,0.00,,10.50,9.60,504,6.16,57.1,1,0,0.00,0.00,0.00,12.00,0.00,0.00,0,0,0.00,0,0.00
2026-03-29 15:10:42,295.40,0,0,0,0,0,0,0,0.00,0,1.00,3.33,1.51,0.00,0.06,D,0.00,12.00,1.69,12.00,0.92,^,0.00,,9.70,9.70,504,7.17,58.7,1,0,0.00,0.00,0.00,12.00,0.00,0.00,0,0,0.00,0,0.00
2026-03-29 15:10:43,296.41,0,0,0,0,0,0,0,0.00,0,1.00,3.33,1.51,0.04,0.56,D,0.00,12.00,1.71,12.00,0.93,^,0.00,,12.00,9.60,504,0.00,58.2,1,0,0.00,0.00,0.00,12.00,0.00,0.00,0,0,0.00,0,0.00
2026-03-29 15:10:44,297.42,0,0,0,0,0,0,0,1.00,0,1.00,3.33,1.51,1.92,1.00,D,0.00,12.00,1.47,12.00,0.87,^,0.00,,10.80,9.60,504,0.00,58.2,1,0,0.00,0.00,0.00,12.00,0.00,0.00,0,0,0.00,0,0.00
2026-03-29 15:10:45,298.43,0,0,0,0,0,0,0,0.00,0,1.00,3.33,1.51,2.69,1.00,D,0.00,12.00,12.00,12.00,1.19,^,0.00,,18.70,9.60,504,0.00,57.6,1,0,0.00,0.00,0.00,12.00,0.00,0.00,0,0,0.00,0,0.00
2026-03-29 15:10:46,299.45,0,0,0,0,0,0,0,0.00,0,1.00,3.33,1.51,2.34,1.00,D,0.00,12.00,12.00,12.00,1.11,^,0.00,,9.60,9.60,504,0.00,57.6,1,0,0.00,0.00,0.00,12.00,0.00,0.00,0,0,0.00,0,0.00
2026-03-29 15:10:47,300.45,0,0,0,0,0,0,0,0.00,0,1.00,3.33,1.52,2.65,1.00,D,0.00,12.00,12.00,12.00,1.41,^,0.00,,14.40,9.40,504,0.00,57.1,1,0,0.00,0.00,0.00,12.00,0.00,0.00,0,0,0.00,0,0.00
2026-03-29 15:10:48,301.47,0,0,0,0,0,0,0,0.00,0,1.00,3.33,1.52,2.58,1.00,D,0.00,12.00,12.00,12.00,1.16,^,0.00,,13.50,9.50,504,0.00,57.6,1,0,0.00,0.00,0.00,12.00,0.00,0.00,0,0,0.00,0,0.00
2026-03-29 15:10:49,302.48,0,0,0,0,0,0,0,0.76,0,1.00,3.33,1.52,2.70,1.00,D,0.00,12.00,12.00,12.00,0.98,^,0.00,,14.50,9.50,504,0.00,58.2,1,0,0.00,0.00,0.00,12.00,0.00,0.00,0,0,0.00,0,0.00
2026-03-29 15:10:50,303.49,0,0,0,0,0,0,0,0.00,0,1.00,3.33,1.53,2.69,1.00,D,0.00,12.00,12.00,12.00,0.98,^,0.00,,12.60,9.40,504,0.00,57.1,1,0,0.00,0.00,0.00,12.00,0.00,0.00,0,0,0.00,0,0.00
2026-03-29 15:10:51,304.50,0,0,0,0,0,0,0,0.00,0,1.00,3.33,1.53,2.74,1.00,D,0.00,12.00,2.31,12.00,1.18,^,0.00,,15.20,9.40,504,0.00,58.2,1,0,0.00,0.00,0.00,12.00,0.00,0.00,0,0,0.00,0,0.00
2026-03-29 15:10:52,305.51,0,0,0,0,0,0,0,0.00,0,1.00,3.33,1.54,2.60,1.00,D,0.00,12.00,12.00,12.00,1.05,^,0.00,,18.20,9.30,504,0.00,56.0,1,0,0.00,0.00,0.00,12.00,0.00,0.00,0,0,0.00,0,0.00
2026-03-29 15:10:53,306.53,0,0,0,0,0,0,0,0.00,0,1.00,3.33,1.54,2.82,1.00,D,0.00,12.00,12.00,12.00,0.99,^,0.00,,12.00,9.40,504,0.00,57.6,1,0,0.00,0.00,0.00,12.00,0.00,0.00,0,0,0.00,0,0.00
2026-03-29 15:10:54,307.54,0,0,0,0,0,0,0,0.00,0,1.00,3.33,1.54,2.74,1.00,D,0.00,12.00,12.00,12.00,1.05,^,0.00,,16.40,9.40,504,0.00,57.6,1,0,0.00,0.00,0.00,12.00,0.00,0.00,0,0,0.00,0,0.00
2026-03-29 15:10:55,308.55,0,0,0,0,0,0,0,0.00,0,1.00,3.33,1.55,2.75,1.00,D,0.00,12.00,1.26,12.00,1.26,^,0.00,,10.90,9.40,504,0.00,57.6,1,0,0.00,0.00,0.00,12.00,0.00,0.00,0,0,0.00,0,0.00
2026-03-29 15:10:56,309.57,0,0,0,0,0,0,0,0.00,0,1.00,3.33,1.55,2.61,1.00,D,0.00,12.00,12.00,12.00,1.06,^,0.00,,16.30,9.40,504,0.00,56.5,1,0,0.00,0.00,0.00,12.00,0.00,0.00,0,0,0.00,0,0.00
2026-03-29 15:10:57,310.58,0,0,0,0,0,0,0,0.00,0,1.00,3.33,1.56,2.73,1.00,D,0.00,12.00,12.00,12.00,0.93,^,0.00,,12.30,9.30,504,0.00,57.6,1,0,0.00,0.00,0.00,12.00,0.00,0.00,0,0,0.00,0,0.00
2026-03-29 15:10:58,311.58,0,0,0,0,0,0,0,0.00,0,1.00,3.33,1.56,2.62,1.00,D,0.00,12.00,1.96,12.00,1.03,^,0.00,,18.20,9.40,504,0.00,58.7,1,0,0.00,0.00,0.00,12.00,0.00,0.00,0,0,0.00,0,0.00
2026-03-29 15:10:59,312.59,0,0,0,0,0,0,0,1.00,0,1.00,3.33,1.56,2.67,1.00,D,0.00,12.00,1.24,12.00,0.94,^,0.00,,12.70,9.40,504,0.00,57.1,1,0,0.00,0.00,0.00,12.00,0.00,0.00,0,0,0.00,0,0.00
2026-03-29 15:11:00,313.61,0,0,0,0,0,0,0,0.00,0,0.00,3.33,1.57,2.75,0.92,D,0.00,12.00,1.44,12.00,0.90,^,0.00,,15.90,9.40,504,0.00,58.2,1,0,0.00,0.00,0.00,12.00,0.00,0.00,0,0,0.00,0,0.00
2026-03-29 15:11:01,314.62,0,0,0,0,0,0,0,0.00,0,0.00,3.33,1.57,1.73,0.32,D,0.00,12.00,1.51,12.00,0.91,^,0.00,,13.00,9.40,504,0.00,57.6,1,0,0.00,0.00,0.00,12.00,0.00,0.00,0,0,0.00,0,0.00
2026-03-29 15:11:02,315.63,0,0,0,0,0,0,0,0.00,0,0.00,3.33,1.57,0.00,0.00,D,0.00,12.00,1.18,12.00,0.98,^,0.00,,11.60,9.40,504,0.09,57.1,1,0,0.00,0.00,0.00,12.00,0.00,0.00,0,0,0.00,0,0.00
2026-03-29 15:11:03,316.64,0,0,0,0,0,0,0,0.32,0,0.00,3.33,1.56,0.00,0.00,D,0.00,12.00,1.16,12.00,0.77,^,0.00,,11.80,9.40,504,1.10,56.0,1,0,0.00,0.00,0.00,12.00,0.00,0.00,0,0,0.00,0,0.00
2026-03-29 15:11:04,317.65,0,0,0,0,0,0,0,0.00,0,0.00,3.33,1.56,0.00,0.00,D,0.00,12.00,1.16,12.00,0.77,^,0.00,,14.10,9.40,504,2.12,57.1,1,0,0.00,0.00,0.00,12.00,0.00,0.00,0,0,0.00,0,0.00
2026-03-29 15:11:05,318.67,0,0,0,0,0,0,0,0.00,0,0.00,3.33,1.55,0.00,0.00,D,0.00,12.00,1.17,12.00,0.77,^,0.00,,12.30,9.40,504,3.13,56.5,1,0,0.00,0.00,0.00,12.00,0.00,0.00,0,0,0.00,0,0.00
2026-03-29 15:11:06,319.68,0,0,0,0,0,0,0,0.00,0,0.00,3.33,1.55,0.00,0.00,D,0.00,12.00,1.17,12.00,0.80,^,0.00,,8.50,9.40,504,4.15,56.5,1,0,0.00,0.00,0.00,12.00,0.00,0.00,0,0,0.00,0,0.00
2026-03-29 15:11:07,320.70,0,0,0,0,0,0,0,0.00,0,0.00,3.33,1.54,0.00,0.00,D,0.00,12.00,1.18,12.00,0.96,^,0.00,,17.70,9.40,504,5.16,57.1,1,0,0.00,0.00,0.00,12.00,0.00,0.00,0,0,0.00,0,0.00
2026-03-29 15:11:08,321.70,0,0,0,0,0,0,0,0.00,0,0.00,3.33,1.54,0.00,0.00,D,0.00,12.00,1.16,12.00,1.31,^,0.00,,9.60,9.30,504,6.16,56.5,1,0,0.00,0.00,0.00,12.00,0.00,0.00,0,0,0.00,0,0.00
2026-03-29 15:11:09,322.71,0,0,0,0,0,0,0,0.00,0,0.00,3.33,1.53,0.00,0.00,D,0.00,12.00,1.18,12.00,1.32,^,0.00,,10.20,9.40,504,7.17,58.2,1,0,0.00,0.00,0.00,12.00,0.00,0.00,0,0,0.00,0,0.00
2026-03-29 15:11:10,323.71,0,0,0,0,0,0,0,0.00,0,0.00,3.33,1.53,0.00,0.00,D,0.00,12.00,1.16,12.00,1.32,^,0.00,,11.00,9.30,504,8.18,56.5,1,0,0.00,0.00,0.00,12.00,0.00,0.00,0,0,0.00,0,0.00
2026-03-29 15:11:11,324.72,0,0,0,0,0,0,0,0.00,0,0.00,3.33,1.52,0.00,0.00,D,0.00,12.00,1.16,12.00,1.32,^,0.00,,9.50,9.30,504,9.19,57.1,1,0,0.00,0.00,0.00,12.00,0.00,0.00,0,0,0.00,0,0.00
2026-03-29 15:11:12,325.74,0,0,0,0,0,0,0,0.00,0,0.00,3.33,1.52,0.00,0.00,D,0.00,12.00,1.16,1.30,1.29,^,0.00,,13.90,9.30,504,10.20,56.0,1,0,0.00,0.00,0.00,12.00,0.00,0.00,0,0,0.00,0,0.00
2026-03-29 15:11:13,326.75,0,0,0,0,0,0,0,0.00,0,0.00,3.33,1.51,0.00,0.00,D,0.00,12.00,1.18,0.97,0.91,^,0.00,,8.40,9.20,504,11.22,55.4,1,0,0.00,0.00,0.00,12.00,0.00,0.00,0,0,0.00,0,0.00
2026-03-29 15:11:14,327.86,0,0,0,0,0,0,0,0.00,0,0.00,3.33,1.51,0.00,0.00,D,0.00,12.00,1.18,12.00,0.81,^,0.00,,18.80,9.30,504,12.32,57.1,1,0,0.00,0.00,0.00,12.00,0.00,0.00,0,0,0.00,0,0.00
2026-03-29 15:11:15,328.77,0,0,0,0,0,0,0,0.22,0,0.00,3.33,1.50,0.00,0.00,D,0.00,12.00,1.18,12.00,0.81,^,0.00,,13.40,9.40,504,13.23,57.1,1,0,0.00,0.00,0.00,12.00,0.00,0.00,0,0,0.00,0,0.00
2026-03-29 15:11:16,329.79,0,0,0,0,0,0,0,0.00,0,0.00,3.33,1.50,0.00,0.00,D,0.00,12.00,1.19,12.00,0.82,^,0.00,,13.70,9.40,504,14.25,57.1,1,0,0.00,0.00,0.00,12.00,0.00,0.00,0,0,0.00,0,0.00
2026-03-29 15:11:17,330.79,0,0,0,0,0,0,0,-0.44,0,0.00,3.33,1.49,0.00,0.00,D,0.00,12.00,1.15,12.00,0.41,^,0.00,,14.00,9.30,504,15.26,57.1,1,0,0.00,0.00,0.00,12.00,0.00,0.00,0,0,0.00,0,0.00
2026-03-29 15:11:18,331.81,0,0,0,0,0,0,0,0.00,0,0.00,3.33,1.49,0.00,0.00,D,0.00,12.00,1.16,12.00,0.37,^,0.00,,11.30,9.30,504,16.27,57.6,1,0,0.00,0.00,0.00,12.00,0.00,0.00,0,0,0.00,0,0.00
2026-03-29 15:11:19,332.81,0,0,0,0,0,0,0,0.00,0,0.05,3.33,1.49,0.00,0.02,D,0.00,12.00,1.17,12.00,0.38,^,0.00,,10.90,9.30,504,17.27,55.4,1,0,0.00,0.00,0.00,12.00,0.00,0.00,0,0,0.00,0,0.00
2026-03-29 15:11:20,333.82,0,0,0,0,0,0,0,0.00,0,1.00,3.33,1.48,0.02,0.46,D,0.00,12.00,1.17,12.00,0.60,^,0.00,,10.70,9.30,504,0.18,54.9,1,0,0.00,0.00,0.00,12.00,0.00,0.00,0,0,0.00,0,0.00
2026-03-29 15:11:21,334.84,0,0,0,0,0,0,0,0.00,0,0.00,3.33,1.48,0.55,0.80,D,0.00,12.00,1.35,12.00,0.74,^,0.00,,13.50,9.10,504,0.00,57.1,1,0,0.00,0.00,0.00,12.00,0.00,0.00,0,0,0.00,0,0.00
2026-03-29 15:11:22,335.85,0,0,0,0,0,0,0,0.00,1,0.00,3.33,1.47,0.00,0.00,D,0.00,12.00,12.00,12.00,0.56,^,0.00,,8.10,9.50,504,0.05,56.5,1,0,0.00,0.00,0.00,12.00,0.00,0.00,0,0,0.00,0,0.00
2026-03-29 15:11:23,336.86,0,0,0,0,0,0,0,0.00,1,0.00,3.33,1.47,0.00,0.00,D,0.00,12.00,12.00,12.00,0.56,^,0.00,,11.80,9.30,504,0.63,56.0,1,0,0.00,0.00,0.00,12.00,0.00,0.00,0,0,0.00,0,0.00
2026-03-29 15:11:24,337.88,0,0,0,0,0,0,0,0.00,0,0.00,3.33,1.46,0.00,0.00,D,0.00,12.00,12.00,12.00,0.56,^,0.00,,7.10,9.30,504,0.15,56.5,1,0,0.00,0.00,0.00,12.00,0.00,0.00,0,0,0.00,0,0.00
2026-03-29 15:11:25,338.89,0,0,1,0,0,0,0,0.00,0,0.00,3.33,1.46,0.00,0.00,D,0.00,12.00,12.00,12.00,0.67,^,0.00,,12.30,9.40,504,1.16,57.1,1,0,0.00,0.00,0.00,12.00,0.00,0.00,0,0,0.00,0,0.00
2026-03-29 15:11:27,339.90,0,0,0,1,0,0,0,0.00,0,0.00,3.33,1.46,0.00,0.00,N,0.00,12.00,12.00,12.00,0.65,^,0.00,,8.00,9.30,504,2.17,56.0,1,0,0.00,0.00,0.00,12.00,0.00,0.00,0,0,0.00,0,0.00
2026-03-29 15:11:28,340.92,0,0,0,0,0,0,0,0.00,0,0.00,3.33,1.45,0.00,0.00,N,0.00,12.00,12.00,12.00,0.47,^,0.00,,10.30,9.40,504,3.18,55.4,1,0,0.00,0.00,0.00,12.00,0.00,0.00,0,0,0.00,0,0.00
2026-03-29 15:11:29,341.93,0,0,0,0,0,0,0,0.00,0,0.00,3.33,1.45,0.00,0.00,N,0.00,12.00,12.00,12.00,0.47,^,0.00,,9.80,9.30,504,4.20,56.0,1,0,0.00,0.00,0.00,12.00,0.00,0.00,0,0,0.00,0,0.00
2026-03-29 15:11:30,342.94,0,0,0,0,0,0,0,0.00,0,0.00,3.33,1.44,0.00,0.00,N,0.00,12.00,12.00,12.00,0.48,^,0.00,,6.30,9.20,504,5.21,56.0,1,0,0.00,0.00,0.00,12.00,0.00,0.00,0,0,0.00,0,0.00
2026-03-29 15:11:31,343.94,0,0,0,1,0,0,0,0.00,1,0.00,3.33,1.44,0.00,0.00,P,0.00,12.00,12.00,12.00,0.48,^,0.00,,11.40,9.30,504,6.21,56.0,1,0,0.00,0.00,0.00,12.00,0.00,0.00,0,0,0.00,0,0.00
2026-03-29 15:11:32,344.95,0,0,0,1,0,0,0,0.00,1,1.00,3.33,1.43,0.00,0.00,P,0.00,12.00,12.00,12.00,0.48,^,0.00,,8.50,9.30,504,7.22,56.0,1,0,0.00,0.00,0.00,12.00,0.00,0.00,0,0,0.00,0,0.00
2026-03-29 15:11:33,345.97,0,0,0,1,0,0,0,0.00,1,0.00,3.33,1.43,0.00,0.00,P,0.00,12.00,12.00,0.62,0.50,^,0.00,,13.00,9.30,504,8.24,54.9,1,0,0.00,0.00,0.00,12.00,0.00,0.00,0,0,0.00,0,0.00
2026-03-29 15:11:34,346.98,0,0,0,0,0,0,0,0.00,1,0.00,3.33,1.43,0.00,0.00,P,0.00,12.00,12.00,0.59,0.68,^,0.00,,10.60,9.40,504,9.25,54.9,1,0,0.00,0.00,0.00,12.00,0.00,0.00,0,0,0.00,0,0.00
2026-03-29 15:11:35,347.99,0,0,0,1,0,0,0,0.00,1,0.53,3.33,1.42,0.00,0.00,P,0.00,0.78,12.00,0.76,0.95,CAUTION_WARNING,0.00,,11.30,9.30,504,0.71,55.4,1,0,0.00,0.00,0.00,0.78,0.00,0.00,0,0,0.00,0,0.00
2026-03-29 15:11:36,349.00,0,0,0,1,0,0,0,0.00,1,0.51,3.33,1.42,0.00,0.00,P,0.00,0.79,12.00,0.77,1.06,CAUTION_WARNING,0.00,,10.00,9.30,504,1.73,54.3,1,0,0.00,0.00,0.00,0.79,0.00,0.00,0,0,0.00,0,0.00
2026-03-29 15:11:37,350.02,0,0,0,0,0,0,0,0.00,1,1.00,3.33,1.41,0.00,0.00,P,0.00,0.80,12.00,0.77,1.11,CAUTION_WARNING,0.00,,12.70,9.30,504,2.74,56.0,1,0,0.00,0.00,0.00,0.80,0.00,0.00,0,0,0.00,0,0.00
2026-03-29 15:11:38,351.03,0,0,0,0,0,0,0,0.00,1,0.00,3.33,1.41,0.00,0.00,P,0.00,12.00,0.03,0.04,0.03,^,0.00,,16.60,9.30,504,3.75,55.4,1,0,0.00,0.00,0.00,12.00,0.00,0.00,0,0,0.00,0,0.00
2026-03-29 15:11:39,352.05,0,0,0,0,0,0,0,0.00,1,0.00,3.33,1.41,0.00,0.00,P,0.00,0.06,12.00,0.31,0.39,STOP_WARNING,0.00,,15.40,9.70,504,0.19,53.8,1,0,0.00,0.00,0.00,0.06,0.00,0.00,0,0,0.00,0,0.00
2026-03-29 15:11:40,353.06,0,0,0,0,0,0,0,0.00,1,0.00,3.33,1.40,0.00,0.00,P,0.00,0.06,1.35,0.29,0.58,STOP_WARNING,0.00,,9.50,9.70,504,0.05,55.4,1,1,0.00,0.00,0.00,0.06,0.00,0.00,0,0,0.00,0,0.00
2026-03-29 15:11:41,354.07,0,0,0,0,0,0,0,0.00,1,0.00,3.33,1.40,0.00,0.00,P,0.00,12.00,1.32,0.32,0.87,^,0.00,,7.60,9.50,504,0.63,55.4,1,0,0.00,0.00,0.00,12.00,0.00,0.00,0,0,0.00,0,0.00
2026-03-29 15:11:42,355.08,0,0,0,0,0,0,0,0.00,1,1.00,3.33,1.39,0.00,0.00,P,0.00,12.00,1.32,0.62,0.58,^,0.00,,16.80,9.30,504,1.65,56.5,1,0,0.00,0.00,0.00,12.00,0.00,0.00,0,0,0.00,0,0.00
2026-03-29 15:11:43,356.10,0,0,0,0,0,0,0,0.20,1,0.00,3.33,1.39,0.00,0.00,P,0.00,12.00,1.33,12.00,0.86,^,0.00,,10.00,9.40,504,2.66,54.3,1,0,0.00,0.00,0.00,12.00,0.00,0.00,0,0,0.00,0,0.00
2026-03-29 15:11:44,357.12,0,0,1,0,0,0,0,0.00,0,0.00,3.33,1.39,0.00,0.00,N,0.00,12.00,1.31,12.00,0.44,^,0.00,,14.80,9.30,504,3.68,56.5,1,0,0.00,0.00,0.00,12.00,0.00,0.00,0,0,0.00,0,0.00
2026-03-29 15:11:45,358.12,0,0,0,0,0,0,0,0.00,0,1.00,3.33,1.38,0.00,0.00,N,0.00,12.00,1.32,12.00,0.45,^,0.00,,11.40,9.30,504,4.69,54.3,1,0,0.00,0.00,0.00,12.00,0.00,0.00,0,0,0.00,0,0.00
2026-03-29 15:11:46,359.14,0,0,0,0,0,0,0,0.00,0,0.98,3.33,1.38,0.00,0.00,N,0.00,12.00,1.32,12.00,0.46,^,0.00,,10.60,9.20,504,5.70,55.4,1,0,0.00,0.00,0.00,12.00,0.00,0.00,0,0,0.00,0,0.00
2026-03-29 15:11:47,360.15,0,0,1,0,0,0,0,0.00,0,0.00,3.33,1.37,0.00,0.00,D,0.00,12.00,1.32,12.00,0.45,^,0.00,,13.10,9.30,504,6.72,56.5,1,0,0.00,0.00,0.00,12.00,0.00,0.00,0,0,0.00,0,0.00
2026-03-29 15:11:48,361.17,0,0,1,0,0,0,0,0.00,0,1.00,3.33,1.37,0.07,0.47,D,0.00,12.00,1.30,12.00,0.46,^,0.00,,9.70,9.40,504,0.00,54.3,1,0,0.00,0.00,0.00,12.00,0.00,0.00,0,0,0.00,0,0.00
2026-03-29 15:11:49,362.18,0,0,0,0,0,0,0,0.00,0,1.00,3.33,1.37,1.50,0.98,D,0.00,12.00,1.13,12.00,0.75,^,0.00,,14.00,9.40,504,0.00,56.0,1,0,0.00,0.00,0.00,12.00,0.00,0.00,0,0,0.00,0,0.00
2026-03-29 15:11:50,363.20,0,0,0,0,0,0,0,-0.24,0,1.00,3.33,1.37,2.67,1.00,D,0.00,12.00,12.00,12.00,1.26,^,0.00,,13.60,9.40,504,0.00,54.9,1,0,0.00,0.00,0.00,12.00,0.00,0.00,0,0,0.00,0,0.00
2026-03-29 15:11:51,364.21,0,0,0,0,0,0,0,-0.13,0,1.00,3.33,1.37,2.83,1.00,D,0.00,12.00,12.00,12.00,2.01,^,0.00,,21.10,9.40,504,0.00,56.5,1,0,0.00,0.00,0.00,12.00,0.00,0.00,0,0,0.00,0,0.00
2026-03-29 15:11:52,365.22,0,0,0,0,0,0,0,0.00,0,1.00,3.33,1.38,2.89,1.00,D,0.00,12.00,12.00,12.00,12.00,^,0.00,,10.90,9.30,504,0.00,53.8,1,0,0.00,0.00,0.00,12.00,0.00,0.00,0,0,0.00,0,0.00
2026-03-29 15:11:53,366.24,0,0,0,0,0,0,0,0.00,0,1.00,3.33,1.38,2.87,1.00,D,0.00,12.00,2.18,12.00,12.00,^,0.00,,13.10,9.40,504,0.00,55.4,1,0,0.00,0.00,0.00,12.00,0.00,0.00,0,0,0.00,0,0.00
2026-03-29 15:11:54,367.25,0,0,0,0,0,0,0,0.00,0,1.00,3.33,1.39,2.80,1.00,D,0.00,1.23,0.93,12.00,12.00,^,0.00,,13.60,9.40,504,0.00,55.4,1,0,0.00,0.00,0.00,1.23,0.00,0.00,0,0,0.00,0,0.00
2026-03-29 15:11:55,368.26,0,0,0,0,0,0,0,0.00,0,0.00,3.33,1.39,0.48,0.73,D,0.00,0.88,0.82,12.00,12.00,CAUTION_WARNING,0.00,,8.90,9.10,504,0.02,54.3,1,0,0.00,0.00,0.00,0.88,0.00,0.00,0,0,0.00,0,0.00
2026-03-29 15:11:56,369.27,0,0,0,0,0,0,0,0.00,0,0.00,3.33,1.38,0.03,0.12,D,0.00,0.80,0.78,12.00,12.00,CAUTION_WARNING,0.00,,9.60,9.30,504,0.04,55.4,1,0,0.00,0.00,0.00,0.80,0.00,0.00,0,0,0.00,0,0.00
2026-03-29 15:11:57,370.39,0,0,0,0,0,0,0,0.00,0,0.00,3.33,1.38,0.00,0.00,D,0.00,0.80,0.78,12.00,12.00,CAUTION_WARNING,0.00,,8.70,9.50,504,0.04,54.9,1,0,0.00,0.00,0.00,0.80,0.00,0.00,0,0,0.00,0,0.00
2026-03-29 15:11:58,371.30,0,0,0,0,0,0,0,0.00,1,0.00,3.33,1.37,0.00,0.00,D,0.00,0.79,0.78,12.00,12.00,CAUTION_WARNING,0.00,,13.40,9.50,504,0.95,54.3,1,0,0.00,0.00,0.00,0.79,0.00,0.00,0,0,0.00,0,0.00
2026-03-29 15:11:59,372.31,0,0,0,0,0,0,0,0.00,0,0.00,3.33,1.37,0.00,0.00,D,0.00,0.79,0.77,12.00,12.00,CAUTION_WARNING,0.00,,6.60,9.40,504,1.96,55.4,1,0,0.00,0.00,0.00,0.79,0.00,0.00,0,0,0.00,0,0.00
2026-03-29 15:12:00,373.32,0,0,0,1,0,0,0,0.00,0,0.00,3.33,1.37,0.00,0.00,R,0.00,0.79,0.77,12.00,12.00,CAUTION_WARNING,0.00,,9.30,9.30,504,2.97,54.3,1,0,0.00,0.00,0.00,0.79,0.00,0.00,0,0,0.00,0,0.00
2026-03-29 15:12:01,374.32,0,0,0,0,0,0,0,0.00,0,1.00,3.33,1.36,0.02,-0.31,R,0.00,0.78,0.77,12.00,12.00,CAUTION_WARNING,0.00,,8.40,9.40,504,0.13,54.3,1,0,0.00,0.00,0.00,0.78,0.00,0.00,0,0,0.00,0,0.00
2026-03-29 15:12:02,375.34,0,0,0,0,0,0,0,0.00,0,1.00,3.33,1.36,1.12,-0.92,R,0.00,0.95,0.90,12.00,12.00,CAUTION_WARNING,0.00,,8.60,9.30,504,0.00,55.4,1,0,0.00,0.00,0.00,0.95,0.00,0.00,0,0,0.00,0,0.00
2026-03-29 15:12:03,376.35,0,0,0,0,0,0,0,0.00,0,1.00,3.33,1.36,2.77,-1.00,R,0.00,2.17,1.83,12.00,12.00,^,0.00,,12.30,9.30,504,0.00,55.4,1,0,0.00,0.00,0.00,2.17,0.00,0.00,0,0,0.00,0,0.00
2026-03-29 15:12:04,377.35,0,0,0,0,0,0,0,0.69,0,1.00,3.33,1.37,2.74,-1.00,R,0.00,12.00,12.00,12.00,12.00,^,0.00,,14.50,9.40,504,0.00,54.9,1,0,0.00,0.00,0.00,12.00,0.00,0.00,0,0,0.00,0,0.00
2026-03-29 15:12:05,378.36,0,0,0,0,0,0,0,0.00,0,0.72,3.33,1.37,2.75,-0.94,R,0.00,12.00,12.00,12.00,2.74,^,0.00,,17.60,9.30,504,0.00,54.3,1,0,0.00,0.00,0.00,12.00,0.00,0.00,0,0,0.00,0,0.00
2026-03-29 15:12:06,379.37,0,0,1,0,0,0,0,0.00,0,0.00,3.33,1.37,1.42,0.00,D,0.00,12.00,12.00,12.00,1.88,^,0.00,,11.90,9.30,504,0.00,53.8,1,0,0.00,0.00,0.00,12.00,0.00,0.00,0,0,0.00,0,0.00
2026-03-29 15:12:07,380.39,0,0,0,0,0,0,0,0.00,0,0.49,3.33,1.37,0.01,0.16,D,0.00,12.00,12.00,12.00,1.73,^,0.00,,15.70,9.30,504,0.22,54.9,1,0,0.00,0.00,0.00,12.00,0.00,0.00,0,0,0.00,0,0.00
2026-03-29 15:12:08,381.41,0,0,0,0,0,0,0,0.00,0,0.00,3.33,1.37,0.47,0.62,D,0.00,12.00,12.00,12.00,1.82,^,0.00,,12.10,9.10,504,0.00,54.3,1,0,0.00,0.00,0.00,12.00,0.00,0.00,0,0,0.00,0,0.00
2026-03-29 15:12:09,382.42,0,0,0,0,0,0,0,0.00,0,0.00,3.33,1.37,0.48,0.05,D,0.00,12.00,12.00,12.00,2.02,^,0.00,,12.10,9.30,504,0.00,54.9,1,0,0.00,0.00,0.00,12.00,0.00,0.00,0,0,0.00,0,0.00
2026-03-29 15:12:10,383.43,0,0,0,0,0,0,0,0.00,0,0.00,3.33,1.36,0.00,0.00,D,0.00,12.00,12.00,12.00,2.00,^,0.00,,12.00,9.40,504,0.79,55.4,1,0,0.00,0.00,0.00,12.00,0.00,0.00,0,0,0.00,0,0.00
2026-03-29 15:12:11,384.44,0,0,0,0,0,0,0,0.00,0,0.00,3.33,1.36,0.00,0.00,D,0.00,12.00,12.00,12.00,1.74,^,0.00,,8.80,9.40,504,1.80,53.8,1,0,0.00,0.00,0.00,12.00,0.00,0.00,0,0,0.00,0,0.00
2026-03-29 15:12:12,385.46,0,0,0,0,0,0,0,0.00,0,0.00,3.33,1.35,0.00,0.00,D,0.00,12.00,12.00,12.00,1.74,^,0.00,,15.00,9.30,504,2.81,55.4,1,0,0.00,0.00,0.00,12.00,0.00,0.00,0,0,0.00,0,0.00
2026-03-29 15:12:13,386.47,0,0,0,0,0,0,0,0.00,0,0.00,3.33,1.35,0.00,0.00,D,0.00,12.00,12.00,12.00,1.78,^,0.00,,9.00,9.20,504,3.82,54.9,1,0,0.00,0.00,0.00,12.00,0.00,0.00,0,0,0.00,0,0.00
2026-03-29 15:12:14,387.49,0,0,0,0,0,0,0,0.00,0,0.00,3.33,1.35,0.00,0.00,D,0.00,12.00,12.00,12.00,1.79,^,0.00,,14.70,9.20,504,4.84,53.8,1,0,0.00,0.00,0.00,12.00,0.00,0.00,0,0,0.00,0,0.00
2026-03-29 15:12:15,388.50,0,0,0,0,0,0,0,0.00,0,1.00,3.33,1.34,0.00,0.26,D,0.00,12.00,12.00,12.00,1.78,^,0.00,,12.90,9.50,504,5.85,54.3,1,0,0.00,0.00,0.00,12.00,0.00,0.00,0,0,0.00,0,0.00
2026-03-29 15:12:16,389.50,0,0,0,0,0,0,0,0.00,0,1.00,3.33,1.34,0.03,0.54,D,0.00,12.00,12.00,12.00,1.76,^,0.00,,16.00,9.60,504,0.01,54.3,1,0,0.00,0.00,0.00,12.00,0.00,0.00,0,0,0.00,0,0.00
2026-03-29 15:12:17,390.52,0,0,0,0,0,0,0,0.00,0,1.00,3.33,1.34,1.86,1.00,D,0.00,12.00,12.00,12.00,2.06,^,0.00,,12.90,9.60,504,0.00,54.9,1,0,0.00,0.00,0.00,12.00,0.00,0.00,0,0,0.00,0,0.00
2026-03-29 15:12:18,391.53,0,0,0,0,0,0,0,0.00,0,1.00,3.33,1.34,2.82,1.00,D,0.00,12.00,12.00,12.00,3.01,^,0.00,,10.40,9.60,504,0.00,55.4,1,0,0.00,0.00,0.00,12.00,0.00,0.00,0,0,0.00,0,0.00
2026-03-29 15:12:19,392.54,0,0,0,0,0,0,0,0.00,0,0.00,3.33,1.35,2.40,0.82,D,0.00,2.31,12.00,12.00,12.00,^,0.00,,13.00,9.40,504,0.00,54.3,1,0,0.00,0.00,0.00,2.31,0.00,0.00,0,0,0.00,0,0.00
2026-03-29 15:12:20,393.56,0,0,0,0,0,0,0,0.00,0,0.00,3.33,1.35,0.04,0.21,D,0.00,2.07,12.00,1.29,0.96,^,0.00,,8.00,9.60,504,0.01,54.9,1,0,0.00,0.00,0.00,2.07,0.00,0.00,0,0,0.00,0,0.00
2026-03-29 15:12:21,394.57,0,0,1,0,0,0,0,0.00,0,1.00,3.33,1.34,0.01,0.28,D,0.00,2.09,12.00,12.00,1.12,^,0.00,,10.90,9.50,504,0.09,54.9,1,0,0.00,0.00,0.00,2.09,0.00,0.00,0,0,0.00,0,0.00
2026-03-29 15:12:22,395.58,0,0,0,1,0,0,0,0.00,0,0.00,3.33,1.34,0.00,0.00,R,0.00,2.09,12.00,12.00,1.13,^,0.00,,7.10,9.40,504,0.49,54.3,1,0,0.00,0.00,0.00,2.09,0.00,0.00,0,0,0.00,0,0.00
2026-03-29 15:12:23,396.60,0,0,0,1,0,0,0,0.00,1,0.29,3.33,1.33,0.00,0.00,P,0.00,2.09,12.00,12.00,1.13,^,0.00,,27.10,9.90,504,0.62,55.4,1,0,0.00,0.00,0.00,2.09,0.00,0.00,0,0,0.00,0,0.00
2026-03-29 15:12:24,397.61,0,0,0,0,0,0,0,0.00,1,0.00,3.33,1.33,0.00,0.00,P,0.00,2.09,12.00,12.00,1.13,^,0.00,,33.00,11.20,504,0.06,55.4,1,0,0.00,0.00,0.00,2.09,0.00,0.00,0,0,0.00,0,0.00
2026-03-29 15:12:25,398.61,0,0,1,0,0,0,0,0.00,0,1.00,3.33,1.33,0.00,0.00,N,0.00,2.09,12.00,12.00,1.15,^,0.00,,28.40,10.90,504,0.99,56.5,1,0,0.00,0.00,0.00,2.09,0.00,0.00,0,0,0.00,0,0.00
2026-03-29 15:12:26,399.62,0,0,0,0,0,0,0,0.00,0,1.00,3.33,1.32,0.00,0.00,N,0.00,2.09,12.00,12.00,1.15,^,0.00,,8.60,11.10,504,2.00,55.4,1,0,0.00,0.00,0.00,2.09,0.00,0.00,0,0,0.00,0,0.00
2026-03-29 15:12:27,400.64,0,0,0,1,0,0,0,0.00,1,1.00,3.33,1.32,0.00,0.00,P,0.00,2.09,12.00,12.00,1.15,^,0.00,,10.90,11.00,504,3.01,55.4,1,0,0.00,0.00,0.00,2.09,0.00,0.00,0,0,0.00,0,0.00
2026-03-29 15:12:28,401.65,0,0,0,1,0,0,0,0.00,1,0.00,3.33,1.32,0.00,0.00,P,0.00,2.09,12.00,12.00,1.15,^,0.00,,10.60,10.80,504,4.02,55.4,1,0,0.00,0.00,0.00,2.09,0.00,0.00,0,0,0.00,0,0.00
2026-03-29 15:12:29,402.66,0,0,0,0,0,0,0,0.00,1,0.00,3.33,1.31,0.00,0.00,P,0.00,2.09,12.00,12.00,1.15,^,0.00,,6.30,10.80,504,5.04,54.9,1,0,0.00,0.00,0.00,2.09,0.00,0.00,0,0,0.00,0,0.00
2026-03-29 15:12:30,403.67,0,0,0,0,0,0,0,0.00,1,0.00,3.33,1.31,0.00,0.00,P,0.00,2.09,12.00,12.00,1.12,^,0.00,,9.50,10.50,504,6.05,55.4,1,0,0.00,0.00,0.00,2.09,0.00,0.00,0,0,0.00,0,0.00
2026-03-29 15:12:31,404.69,0,0,0,0,0,0,0,0.00,1,0.00,3.33,1.31,0.00,0.00,P,0.00,2.09,12.00,1.67,0.49,^,0.00,,5.80,10.40,504,7.06,53.8,1,0,0.00,0.00,0.00,2.09,0.00,0.00,0,0,0.00,0,0.00
2026-03-29 15:12:32,405.70,0,0,1,0,0,0,0,0.00,0,0.00,3.33,1.31,0.00,0.00,R,0.00,2.09,12.00,12.00,0.35,^,0.00,,8.90,10.20,504,8.08,56.5,1,0,0.00,0.00,0.00,2.09,0.00,0.00,0,0,0.00,0,0.00
2026-03-29 15:12:33,406.71,0,0,0,0,0,0,0,0.00,0,0.00,3.33,1.30,0.00,0.00,R,0.00,2.09,12.00,1.21,0.37,^,0.00,,9.90,10.20,504,9.09,53.2,1,0,0.00,0.00,0.00,2.09,0.00,0.00,0,0,0.00,0,0.00
2026-03-29 15:12:34,407.73,0,0,0,0,0,0,0,-0.50,0,0.00,3.33,1.30,0.00,0.00,R,0.00,2.10,12.00,1.12,0.37,^,0.00,,10.90,10.20,504,0.50,54.9,1,0,0.00,0.00,0.00,2.10,0.00,0.00,0,0,0.00,0,0.00
2026-03-29 15:12:35,408.74,0,0,0,0,0,0,0,0.00,0,0.00,3.33,1.30,0.00,0.00,R,0.00,2.11,12.00,1.20,0.36,^,0.00,,13.10,10.00,504,0.76,53.8,1,0,0.00,0.00,0.00,2.11,0.00,0.00,0,0,0.00,0,0.00
2026-03-29 15:12:36,409.75,0,0,0,0,0,0,0,1.00,0,1.00,3.33,1.29,0.00,-0.13,R,0.00,0.12,0.12,1.20,0.30,STOP_WARNING,0.00,,8.90,9.90,504,0.85,54.3,1,0,0.00,0.00,0.00,0.12,0.00,0.00,0,0,0.00,0,0.00
2026-03-29 15:12:37,410.77,0,0,0,0,0,0,0,0.23,0,0.00,3.33,1.29,0.20,-0.44,R,0.00,1.19,0.12,0.26,1.14,^,0.00,,13.30,9.90,504,0.00,54.3,1,0,0.00,0.00,0.00,1.19,0.00,0.00,0,0,0.00,0,0.00
2026-03-29 15:12:38,411.77,0,0,0,0,0,0,0,0.00,0,1.00,3.33,1.29,0.00,-0.28,R,0.00,1.18,2.14,0.35,0.74,^,0.00,,12.20,9.90,504,0.31,53.2,1,0,0.00,0.00,0.00,1.18,0.00,0.00,0,0,0.00,0,0.00
2026-03-29 15:12:39,412.78,0,0,0,0,0,0,0,0.00,0,1.00,3.33,1.28,0.05,-0.67,R,0.00,1.17,1.20,12.00,0.74,^,0.00,,13.70,9.80,504,0.00,56.0,1,0,0.00,0.00,0.00,1.17,0.00,0.00,0,0,0.00,0,0.00
2026-03-29 15:12:40,413.79,0,0,0,0,0,0,0,0.00,0,0.00,3.33,1.28,1.00,-0.50,R,0.00,12.00,1.13,0.76,0.63,^,0.00,,17.00,9.60,504,0.00,54.9,1,0,0.00,0.00,0.00,12.00,0.00,0.00,0,0,0.00,0,0.00
2026-03-29 15:12:41,414.80,0,0,0,0,0,0,0,0.00,0,0.00,3.33,1.28,0.43,-0.00,R,0.00,0.55,1.18,0.67,12.00,CAUTION_WARNING,0.00,,10.40,9.70,504,0.00,54.9,1,0,0.00,0.00,0.00,0.55,0.00,0.00,0,0,0.00,0,0.00
2026-03-29 15:12:42,415.82,0,0,1,0,0,0,0,0.00,0,1.00,3.33,1.28,0.30,0.07,D,0.00,1.03,1.19,1.55,12.00,^,0.00,,19.60,9.70,504,0.01,53.2,1,0,0.00,0.00,0.00,1.03,0.00,0.00,0,0,0.00,0,0.00
2026-03-29 15:12:43,416.83,0,0,0,0,0,0,0,0.00,0,1.00,3.33,1.28,0.00,0.10,D,0.00,1.54,1.19,1.54,12.00,^,0.00,,9.60,9.90,504,0.91,54.9,1,0,0.00,0.00,0.00,1.54,0.00,0.00,0,0,0.00,0,0.00
2026-03-29 15:12:44,417.84,0,0,0,0,0,0,0,0.00,0,1.00,3.33,1.27,0.89,0.60,D,0.00,2.10,1.19,1.54,12.00,^,0.00,,15.10,9.90,504,0.00,54.3,1,0,0.00,0.00,0.00,2.10,0.00,0.00,0,0,0.00,0,0.00
2026-03-29 15:12:45,418.85,0,0,0,0,0,0,0,0.00,0,0.00,3.33,1.27,2.28,0.82,D,0.00,0.69,0.70,12.00,1.24,CAUTION_WARNING,0.00,,12.70,9.70,504,0.00,55.4,1,0,0.00,0.00,0.00,0.69,0.00,0.00,0,0,0.00,0,0.00
2026-03-29 15:12:46,419.85,0,0,0,0,0,0,0,0.00,0,0.00,3.33,1.28,1.59,0.22,D,0.00,1.23,0.23,1.50,0.22,^,0.00,,11.20,9.80,504,0.00,54.3,1,0,0.00,0.00,0.00,1.23,0.00,0.00,0,0,0.00,0,0.00
2026-03-29 15:12:47,420.85,0,0,0,0,0,0,0,0.00,0,0.10,3.33,1.27,0.00,0.01,D,0.00,1.16,0.37,1.31,0.86,^,0.00,,9.20,9.70,504,0.30,53.8,1,0,0.00,0.00,0.00,1.16,0.00,0.00,0,0,0.00,0,0.00
2026-03-29 15:12:48,421.86,0,0,0,0,0,0,0,0.00,0,0.00,3.33,1.27,0.00,0.00,D,0.00,1.16,0.36,0.81,0.88,^,0.00,,8.50,9.70,504,1.31,54.9,1,0,0.00,0.00,0.00,1.16,0.00,0.00,0,0,0.00,0,0.00
2026-03-29 15:12:49,422.88,0,0,1,0,0,0,0,0.00,0,0.00,3.33,1.27,0.00,0.00,D,0.00,1.15,0.37,0.39,0.45,^,0.00,,12.00,9.60,504,0.51,54.3,1,0,0.00,0.00,0.00,1.15,0.00,0.00,0,0,0.00,0,0.00
2026-03-29 15:12:51,423.89,0,0,1,0,0,0,0,1.00,0,0.00,3.33,1.26,0.02,0.25,D,0.00,1.15,0.36,12.00,0.34,^,0.00,,9.30,9.60,504,0.18,54.3,1,0,0.00,0.00,0.00,1.15,0.00,0.00,0,0,0.00,0,0.00
2026-03-29 15:12:52,424.91,0,0,0,0,0,0,0,-0.21,0,0.00,3.33,1.26,0.00,0.00,D,0.00,1.17,0.36,12.00,0.37,^,0.00,,14.40,9.60,504,0.34,55.4,1,0,0.00,0.00,0.00,1.17,0.00,0.00,0,0,0.00,0,0.00
2026-03-29 15:12:53,425.92,0,0,0,0,0,0,0,0.99,0,0.00,3.33,1.26,0.00,0.00,D,0.00,1.17,0.36,12.00,0.37,^,0.00,,13.10,9.60,504,1.35,54.9,1,0,0.00,0.00,0.00,1.17,0.00,0.00,0,0,0.00,0,0.00
2026-03-29 15:12:54,426.93,0,0,0,0,0,0,0,0.99,0,1.00,3.33,1.26,0.00,0.46,D,0.00,1.16,0.36,12.00,0.38,^,0.00,,10.90,9.90,504,0.01,53.2,1,0,0.00,0.00,0.00,1.16,0.00,0.00,0,0,0.00,0,0.00
2026-03-29 15:12:55,427.93,0,0,0,0,0,0,0,0.00,0,0.00,3.33,1.25,1.10,0.69,D,0.00,12.00,0.71,12.00,0.34,^,0.00,,11.00,9.90,504,0.00,53.8,1,0,0.00,0.00,0.00,12.00,0.00,0.00,0,0,0.00,0,0.00
2026-03-29 15:12:56,428.94,0,0,0,0,0,0,0,1.00,0,1.00,3.33,1.25,0.16,0.21,D,0.00,12.00,0.89,12.00,0.49,^,0.00,,12.50,9.80,504,0.01,52.7,1,0,0.00,0.00,0.00,12.00,0.00,0.00,0,0,0.00,0,0.00
2026-03-29 15:12:57,429.95,0,0,0,0,0,0,0,-0.15,0,0.00,3.33,1.25,0.02,0.54,D,0.00,12.00,0.88,12.00,0.48,^,0.00,,21.40,9.90,504,0.05,53.2,1,0,0.00,0.00,0.00,12.00,0.00,0.00,0,0,0.00,0,0.00
2026-03-29 15:12:58,430.97,0,0,0,0,0,0,0,-1.00,0,0.00,3.33,1.25,0.00,0.00,D,0.00,12.00,0.79,12.00,0.49,^,0.00,,14.60,10.00,504,0.05,52.7,1,0,0.00,0.00,0.00,12.00,0.00,0.00,0,0,0.00,0,0.00
2026-03-29 15:12:59,431.98,0,0,0,0,0,0,0,0.98,0,1.00,3.33,1.24,0.03,0.30,D,0.00,12.00,0.81,0.47,0.44,^,0.00,,16.00,9.80,504,0.16,54.3,1,0,0.00,0.00,0.00,12.00,0.00,0.00,0,0,0.00,0,0.00
2026-03-29 15:13:00,432.99,0,0,0,0,0,0,0,0.98,0,1.00,3.33,1.24,0.34,0.66,D,0.00,12.00,0.83,0.92,0.55,^,0.00,,9.00,9.80,504,0.00,52.7,1,0,0.00,0.00,0.00,12.00,0.00,0.00,0,0,0.00,0,0.00
2026-03-29 15:13:01,434.10,0,0,0,0,0,0,0,-0.19,0,1.00,3.33,1.24,2.18,1.00,D,0.00,12.00,1.29,0.89,0.87,^,0.00,,13.10,9.60,504,0.00,53.8,1,0,0.00,0.00,0.00,12.00,0.00,0.00,0,0,0.00,0,0.00
2026-03-29 15:13:02,435.01,0,0,0,0,0,0,0,0.00,0,1.00,3.33,1.24,2.74,1.00,D,0.00,12.00,1.43,12.00,1.22,^,0.00,,17.20,9.70,504,0.00,54.3,1,0,0.00,0.00,0.00,12.00,0.00,0.00,0,0,0.00,0,0.00
2026-03-29 15:13:03,436.02,0,0,0,0,0,0,0,0.00,0,1.00,3.33,1.25,2.05,1.00,D,0.00,12.00,12.00,12.00,1.08,^,0.00,,13.70,9.70,504,0.00,54.3,1,0,0.00,0.00,0.00,12.00,0.00,0.00,0,0,0.00,0,0.00
2026-03-29 15:13:04,437.03,0,0,0,0,0,0,0,0.00,0,1.00,3.33,1.25,2.96,1.00,D,0.00,12.00,1.45,12.00,2.02,^,0.00,,15.80,9.70,504,0.00,54.9,1,0,0.00,0.00,0.00,12.00,0.00,0.00,0,0,0.00,0,0.00
2026-03-29 15:13:05,438.05,0,0,0,0,0,0,0,-1.00,0,1.00,3.33,1.25,2.80,1.00,D,0.00,12.00,12.00,12.00,1.25,^,0.00,,13.40,9.70,504,0.00,52.7,1,0,0.00,0.00,0.00,12.00,0.00,0.00,0,0,0.00,0,0.00
2026-03-29 15:13:06,439.06,0,0,0,0,0,0,0,0.00,0,1.00,3.33,1.26,2.93,1.00,D,0.00,12.00,12.00,12.00,1.79,^,0.00,,13.70,9.60,504,0.00,53.8,1,0,0.00,0.00,0.00,12.00,0.00,0.00,0,0,0.00,0,0.00
2026-03-29 15:13:07,440.08,0,0,0,0,0,0,0,1.00,0,1.00,3.33,1.26,2.46,1.00,D,0.00,12.00,12.00,12.00,2.77,^,0.00,,13.80,9.50,504,0.00,53.8,1,0,0.00,0.00,0.00,12.00,0.00,0.00,0,0,0.00,0,0.00
2026-03-29 15:13:08,441.09,0,0,0,0,0,0,0,1.00,0,1.00,3.33,1.26,2.68,1.00,D,0.00,12.00,12.00,12.00,3.06,^,0.00,,14.10,9.60,504,0.00,54.3,1,0,0.00,0.00,0.00,12.00,0.00,0.00,0,0,0.00,0,0.00
2026-03-29 15:13:09,442.11,0,0,0,0,0,0,0,1.00,0,1.00,3.33,1.27,2.45,1.00,D,0.00,12.00,12.00,12.00,12.00,^,0.00,,19.80,9.40,504,0.00,54.9,1,0,0.00,0.00,0.00,12.00,0.00,0.00,0,0,0.00,0,0.00
2026-03-29 15:13:10,443.12,0,0,0,0,0,0,0,1.00,0,1.00,3.33,1.27,2.45,1.00,D,0.00,12.00,12.00,12.00,12.00,^,0.00,,9.70,9.60,504,0.00,53.8,1,0,0.00,0.00,0.00,12.00,0.00,0.00,0,0,0.00,0,0.00
2026-03-29 15:13:11,444.13,0,0,0,0,0,0,0,0.00,0,1.00,3.33,1.27,2.62,1.00,D,0.00,2.37,2.23,12.00,12.00,^,0.00,,16.00,9.50,504,0.00,55.4,1,0,0.00,0.00,0.00,2.37,0.00,0.00,0,0,0.00,0,0.00
2026-03-29 15:13:12,445.15,0,0,0,0,0,0,0,0.00,0,1.00,3.33,1.28,2.59,1.00,D,0.00,1.88,1.47,12.00,12.00,^,0.00,,14.50,9.40,504,0.00,54.3,1,0,0.00,0.00,0.00,1.88,0.00,0.00,0,0,0.00,0,0.00
2026-03-29 15:13:13,446.16,0,0,0,0,0,0,0,0.00,0,1.00,3.33,1.28,2.76,1.00,D,0.00,0.72,1.11,12.00,12.00,CAUTION_WARNING,0.00,,14.40,9.50,504,0.00,54.9,1,0,0.00,0.00,0.00,0.72,0.00,0.00,0,0,0.00,0,0.00
2026-03-29 15:13:14,447.17,0,0,0,0,0,0,0,0.84,0,1.00,3.33,1.28,2.68,1.00,D,0.00,12.00,12.00,1.47,0.90,^,0.00,,13.50,9.30,504,0.00,54.3,1,0,0.00,0.00,0.00,12.00,0.00,0.00,0,0,0.00,0,0.00
2026-03-29 15:13:15,448.19,0,0,0,0,0,0,0,0.00,0,1.00,3.33,1.29,2.74,1.00,D,0.00,12.00,12.00,12.00,1.52,^,0.00,,11.50,9.50,504,0.00,56.0,1,0,0.00,0.00,0.00,12.00,0.00,0.00,0,0,0.00,0,0.00
2026-03-29 15:13:16,449.20,0,0,0,0,0,0,0,0.00,0,1.00,3.33,1.29,2.79,1.00,D,0.00,12.00,12.00,1.96,2.86,^,0.00,,11.90,9.40,504,0.00,53.2,1,0,0.00,0.00,0.00,12.00,0.00,0.00,0,0,0.00,0,0.00
2026-03-29 15:13:17,450.21,0,0,0,0,0,0,0,0.66,0,1.00,3.33,1.29,2.85,1.00,D,0.00,12.00,12.00,1.99,1.85,^,0.00,,14.80,9.40,504,0.00,53.8,1,0,0.00,0.00,0.00,12.00,0.00,0.00,0,0,0.00,0,0.00
2026-03-29 15:13:18,451.23,0,0,0,0,0,0,0,0.87,0,1.00,3.33,1.30,2.73,1.00,D,0.00,12.00,12.00,1.85,2.12,^,0.00,,19.20,9.40,504,0.00,55.4,1,0,0.00,0.00,0.00,12.00,0.00,0.00,0,0,0.00,0,0.00
2026-03-29 15:13:19,452.24,0,0,0,0,0,0,0,0.00,0,1.00,3.33,1.30,2.36,1.00,D,0.00,12.00,12.00,1.80,12.00,^,0.00,,11.10,9.40,504,0.00,54.3,1,0,0.00,0.00,0.00,12.00,0.00,0.00,0,0,0.00,0,0.00
2026-03-29 15:13:20,453.26,0,0,0,0,0,0,0,0.00,0,1.00,3.33,1.30,2.80,1.00,D,0.00,12.00,12.00,12.00,1.60,^,0.00,,16.50,9.50,504,0.00,54.9,1,0,0.00,0.00,0.00,12.00,0.00,0.00,0,0,0.00,0,0.00
2026-03-29 15:13:21,454.27,0,0,0,0,0,0,0,-0.86,0,1.00,3.33,1.30,2.71,1.00,D,0.00,12.00,12.00,1.61,1.63,^,0.00,,17.50,9.50,504,0.00,54.3,1,0,0.00,0.00,0.00,12.00,0.00,0.00,0,0,0.00,0,0.00
2026-03-29 15:13:22,455.29,0,0,0,0,0,0,0,-1.00,0,1.00,3.33,1.31,2.66,1.00,D,0.00,12.00,12.00,12.00,12.00,^,0.00,,13.10,9.50,504,0.00,54.3,1,0,0.00,0.00,0.00,12.00,0.00,0.00,0,0,0.00,0,0.00
2026-03-29 15:13:23,456.29,0,0,0,0,0,0,0,-1.00,0,1.00,3.33,1.31,3.03,1.00,D,0.00,12.00,12.00,12.00,12.00,^,0.00,,15.90,9.50,504,0.00,52.7,1,0,0.00,0.00,0.00,12.00,0.00,0.00,0,0,0.00,0,0.00
2026-03-29 15:13:24,457.31,0,0,0,0,0,0,0,0.00,0,1.00,3.33,1.32,2.54,1.00,D,0.00,12.00,12.00,12.00,12.00,^,0.00,,10.50,9.50,504,0.00,53.2,1,0,0.00,0.00,0.00,12.00,0.00,0.00,0,0,0.00,0,0.00
2026-03-29 15:13:25,458.32,0,0,0,0,0,0,0,0.00,0,1.00,3.33,1.32,2.80,1.00,D,0.00,12.00,1.98,12.00,12.00,^,0.00,,12.30,9.40,504,0.00,52.1,1,0,0.00,0.00,0.00,12.00,0.00,0.00,0,0,0.00,0,0.00
2026-03-29 15:13:26,459.33,0,0,0,0,0,0,0,0.00,0,1.00,3.33,1.32,2.84,1.00,D,0.00,12.00,1.25,12.00,1.49,^,0.00,,9.90,9.50,504,0.00,53.2,1,0,0.00,0.00,0.00,12.00,0.00,0.00,0,0,0.00,0,0.00
2026-03-29 15:13:27,460.35,0,0,0,0,0,0,0,0.00,0,1.00,3.33,1.32,2.56,1.00,D,0.00,12.00,1.27,12.00,1.00,^,0.00,,15.20,9.50,504,0.00,54.9,1,0,0.00,0.00,0.00,12.00,0.00,0.00,0,0,0.00,0,0.00
2026-03-29 15:13:28,461.36,0,0,0,0,0,0,0,0.00,0,1.00,3.33,1.33,2.88,1.00,D,0.00,12.00,12.00,12.00,1.48,^,0.00,,10.70,9.40,504,0.00,53.2,1,0,0.00,0.00,0.00,12.00,0.00,0.00,0,0,0.00,0,0.00
2026-03-29 15:13:29,462.37,0,0,0,0,0,0,0,0.00,0,1.00,3.33,1.33,2.86,1.00,D,0.00,2.56,12.00,12.00,1.85,^,0.00,,10.70,9.40,504,0.00,54.9,1,0,0.00,0.00,0.00,2.56,0.00,0.00,0,0,0.00,0,0.00
2026-03-29 15:13:30,463.38,0,0,0,0,0,0,0,0.00,0,1.00,3.33,1.33,1.79,1.00,D,0.00,1.62,12.00,1.78,12.00,^,0.00,,9.80,9.40,504,0.00,53.8,1,0,0.00,0.00,0.00,1.62,0.00,0.00,0,0,0.00,0,0.00
2026-03-29 15:13:31,464.39,0,0,0,0,0,0,0,0.00,0,1.00,3.33,1.33,2.01,1.00,D,0.00,1.02,0.71,1.47,12.00,^,0.00,,6.90,9.30,504,0.00,53.2,1,0,0.00,0.00,0.00,1.02,0.00,0.00,0,0,0.00,0,0.00
2026-03-29 15:13:32,465.41,0,0,0,0,0,0,0,0.00,0,1.00,3.33,1.34,2.75,1.00,D,0.00,12.00,12.00,0.57,0.61,^,0.00,,11.60,9.30,504,0.00,53.2,1,0,0.00,0.00,0.00,12.00,0.00,0.00,0,0,0.00,0,0.00
2026-03-29 15:13:33,466.42,0,0,0,0,0,0,0,0.00,0,1.00,3.33,1.34,2.75,1.00,D,0.00,12.00,12.00,12.00,1.41,^,0.00,,11.90,9.30,504,0.00,53.2,1,0,0.00,0.00,0.00,12.00,0.00,0.00,0,0,0.00,0,0.00
2026-03-29 15:13:34,467.43,0,0,0,0,0,0,0,0.00,0,1.00,3.33,1.34,2.63,1.00,D,0.00,12.00,12.00,12.00,2.41,^,0.00,,13.60,9.40,504,0.00,54.3,1,0,0.00,0.00,0.00,12.00,0.00,0.00,0,0,0.00,0,0.00
2026-03-29 15:13:35,468.45,0,0,0,0,0,0,0,1.00,0,0.00,3.33,1.35,2.24,0.66,D,0.00,12.00,12.00,12.00,12.00,^,0.00,,12.10,9.40,504,0.00,53.2,1,0,0.00,0.00,0.00,12.00,0.00,0.00,0,0,0.00,0,0.00
2026-03-29 15:13:36,469.45,0,0,0,0,0,0,0,1.00,0,1.00,3.33,1.35,0.64,0.52,D,0.00,12.00,12.00,12.00,12.00,^,0.00,,12.70,9.00,504,0.00,52.7,1,0,0.00,0.00,0.00,12.00,0.00,0.00,0,0,0.00,0,0.00
2026-03-29 15:13:37,470.46,0,0,0,0,0,0,0,1.00,0,1.00,3.33,1.34,1.58,1.00,D,0.00,12.00,12.00,12.00,12.00,^,0.00,,14.20,9.30,504,0.00,53.2,1,0,0.00,0.00,0.00,12.00,0.00,0.00,0,0,0.00,0,0.00
2026-03-29 15:13:38,471.48,0,0,0,0,0,0,0,1.00,0,1.00,3.33,1.35,2.51,1.00,D,0.00,12.00,12.00,12.00,12.00,^,0.00,,11.30,9.30,504,0.00,51.6,1,0,0.00,0.00,0.00,12.00,0.00,0.00,0,0,0.00,0,0.00
2026-03-29 15:13:39,472.48,0,0,0,0,0,0,0,0.00,0,1.00,3.33,1.35,2.94,1.00,D,0.00,12.00,12.00,12.00,12.00,^,0.00,,17.80,9.20,504,0.00,53.8,1,0,0.00,0.00,0.00,12.00,0.00,0.00,0,0,0.00,0,0.00
2026-03-29 15:13:40,473.50,0,0,0,0,0,0,0,0.00,0,1.00,3.33,1.35,3.01,1.00,D,0.00,12.00,12.00,12.00,12.00,^,0.00,,9.80,9.30,504,0.00,53.8,1,0,0.00,0.00,0.00,12.00,0.00,0.00,0,0,0.00,0,0.00
2026-03-29 15:13:41,474.51,0,0,0,0,0,0,0,0.00,0,1.00,3.33,1.36,2.54,1.00,D,0.00,12.00,2.32,2.39,12.00,^,0.00,,15.20,9.30,504,0.00,54.3,1,0,0.00,0.00,0.00,12.00,0.00,0.00,0,0,0.00,0,0.00
2026-03-29 15:13:42,475.52,0,0,0,0,0,0,0,-1.00,0,1.00,3.33,1.36,2.76,1.00,D,0.00,1.07,12.00,1.08,12.00,^,0.00,,16.50,9.20,504,0.00,52.1,1,0,0.00,0.00,0.00,1.07,0.00,0.00,0,0,0.00,0,0.00
2026-03-29 15:13:43,476.54,0,0,0,0,0,0,0,0.83,0,1.00,3.33,1.36,2.99,1.00,D,0.00,12.00,12.00,12.00,1.26,^,0.00,,15.90,9.50,504,0.00,53.2,1,0,0.00,0.00,0.00,12.00,0.00,0.00,0,0,0.00,0,0.00
2026-03-29 15:13:44,477.54,0,0,0,0,0,0,0,1.00,0,1.00,3.33,1.36,2.47,1.00,D,0.00,12.00,12.00,12.00,2.49,^,0.00,,20.10,9.80,504,0.00,53.8,1,0,0.00,0.00,0.00,12.00,0.00,0.00,0,0,0.00,0,0.00
2026-03-29 15:13:45,478.55,0,0,0,0,0,0,0,1.00,0,1.00,3.33,1.37,2.26,1.00,D,0.00,12.00,12.00,3.17,12.00,^,0.00,,11.20,9.80,504,0.00,54.3,1,0,0.00,0.00,0.00,12.00,0.00,0.00,0,0,0.00,0,0.00
2026-03-29 15:13:46,479.57,0,0,0,0,0,0,0,0.00,0,1.00,3.33,1.37,2.82,1.00,D,0.00,2.65,12.00,2.42,12.00,^,0.00,,17.40,9.40,504,0.00,53.8,1,0,0.00,0.00,0.00,2.65,0.00,0.00,0,0,0.00,0,0.00
2026-03-29 15:13:47,480.58,0,0,0,0,0,0,0,1.00,0,1.00,3.33,1.37,2.89,1.00,D,0.00,12.00,12.00,1.52,12.00,^,0.00,,10.80,9.50,504,0.00,53.2,1,0,0.00,0.00,0.00,12.00,0.00,0.00,0,0,0.00,0,0.00
2026-03-29 15:13:48,481.59,0,0,0,0,0,0,0,1.00,0,1.00,3.33,1.38,2.42,1.00,D,0.00,1.11,12.00,1.02,12.00,^,0.00,,15.30,9.50,504,0.00,53.8,1,0,0.00,0.00,0.00,1.11,0.00,0.00,0,0,0.00,0,0.00
2026-03-29 15:13:49,482.60,0,0,0,0,0,0,0,0.00,0,1.00,3.33,1.38,2.81,1.00,D,0.00,1.15,12.00,0.52,0.56,^,0.00,,17.50,9.50,504,0.00,53.8,1,0,0.00,0.00,0.00,1.15,0.00,0.00,0,0,0.00,0,0.00
2026-03-29 15:13:50,483.61,0,0,0,0,0,0,0,0.00,0,1.00,3.33,1.38,2.78,1.00,D,0.00,12.00,12.00,1.98,0.71,^,0.00,,12.10,9.50,504,0.00,52.7,1,0,0.00,0.00,0.00,12.00,0.00,0.00,0,0,0.00,0,0.00
2026-03-29 15:13:51,484.62,0,0,0,0,0,0,0,0.00,0,1.00,3.33,1.38,2.49,1.00,D,0.00,12.00,12.00,12.00,1.47,^,0.00,,19.30,9.40,504,0.00,53.8,1,0,0.00,0.00,0.00,12.00,0.00,0.00,0,0,0.00,0,0.00
2026-03-29 15:13:52,485.63,0,0,0,0,0,0,0,0.00,0,1.00,3.33,1.38,2.43,1.00,D,0.00,12.00,12.00,12.00,2.04,^,0.00,,15.90,9.50,504,0.00,51.6,1,0,0.00,0.00,0.00,12.00,0.00,0.00,0,0,0.00,0,0.00
2026-03-29 15:13:53,486.64,0,0,0,0,0,0,0,0.00,0,1.00,3.33,1.39,2.77,1.00,D,0.00,1.89,12.00,1.80,2.22,^,0.00,,14.20,9.50,504,0.00,53.2,1,0,0.00,0.00,0.00,1.89,0.00,0.00,0,0,0.00,0,0.00
2026-03-29 15:13:54,487.66,0,0,0,0,0,0,0,0.00,0,1.00,3.33,1.39,2.76,1.00,D,0.00,12.00,12.00,1.38,2.97,^,0.00,,9.50,9.50,504,0.00,52.1,1,0,0.00,0.00,0.00,12.00,0.00,0.00,0,0,0.00,0,0.00
2026-03-29 15:13:55,488.67,0,0,0,0,0,0,0,1.00,0,1.00,3.33,1.39,2.88,1.00,D,0.00,12.00,12.00,12.00,1.57,^,0.00,,15.40,9.50,504,0.00,53.8,1,0,0.00,0.00,0.00,12.00,0.00,0.00,0,0,0.00,0,0.00
2026-03-29 15:13:56,489.68,0,0,0,0,0,0,0,0.00,0,1.00,3.33,1.40,2.64,1.00,D,0.00,12.00,12.00,1.89,1.85,^,0.00,,20.10,9.40,504,0.00,53.8,1,0,0.00,0.00,0.00,12.00,0.00,0.00,0,0,0.00,0,0.00
2026-03-29 15:13:57,490.69,0,0,0,0,0,0,0,0.67,0,1.00,3.33,1.40,2.88,1.00,D,0.00,12.00,12.00,12.00,12.00,^,0.00,,14.50,9.40,504,0.00,53.8,1,0,0.00,0.00,0.00,12.00,0.00,0.00,0,0,0.00,0,0.00
2026-03-29 15:13:58,491.70,0,0,0,0,0,0,0,1.00,0,1.00,3.33,1.40,2.74,1.00,D,0.00,12.00,12.00,12.00,12.00,^,0.00,,19.80,9.40,504,0.00,53.8,1,0,0.00,0.00,0.00,12.00,0.00,0.00,0,0,0.00,0,0.00
2026-03-29 15:13:59,492.72,0,0,0,0,0,0,0,1.00,0,1.00,3.33,1.40,2.25,1.00,D,0.00,12.00,12.00,12.00,12.00,^,0.00,,14.50,9.20,504,0.00,53.2,1,0,0.00,0.00,0.00,12.00,0.00,0.00,0,0,0.00,0,0.00
2026-03-29 15:14:00,493.73,0,0,0,0,0,0,0,0.00,0,0.00,3.33,1.40,1.91,0.70,D,0.00,12.00,2.08,2.70,12.00,^,0.00,,18.10,9.40,504,0.00,54.3,1,0,0.00,0.00,0.00,12.00,0.00,0.00,0,0,0.00,0,0.00
2026-03-29 15:14:01,494.73,0,0,0,0,0,0,0,0.00,0,0.00,3.33,1.40,0.23,0.10,D,0.00,1.99,12.00,1.73,2.19,^,0.00,,7.40,9.40,504,0.03,52.7,1,0,0.00,0.00,0.00,1.99,0.00,0.00,0,0,0.00,0,0.00
2026-03-29 15:14:02,495.74,0,0,0,0,0,0,0,0.00,0,0.00,3.33,1.40,0.00,0.00,D,0.00,1.25,12.00,1.01,2.16,^,0.00,,6.00,9.30,504,1.04,52.1,1,0,0.00,0.00,0.00,1.25,0.00,0.00,0,0,0.00,0,0.00
2026-03-29 15:14:03,496.76,0,0,0,0,0,0,0,0.00,0,0.00,3.33,1.40,0.00,0.00,D,0.00,0.60,12.00,0.87,0.88,CAUTION_WARNING,0.00,,10.60,9.20,504,2.06,53.2,1,0,0.00,0.00,0.00,0.60,0.00,0.00,0,0,0.00,0,0.00
2026-03-29 15:14:04,497.77,0,0,0,0,0,0,0,0.78,0,0.00,3.33,1.40,0.00,0.00,D,0.00,0.51,0.48,12.00,0.89,CAUTION_WARNING,0.00,,10.90,9.20,504,0.31,52.7,1,0,0.00,0.00,0.00,0.51,0.00,0.00,0,0,0.00,0,0.00
2026-03-29 15:14:05,498.77,0,0,0,0,0,0,0,0.00,1,0.00,3.33,1.39,0.00,0.00,D,0.00,12.00,0.52,12.00,0.90,^,0.00,,16.20,9.20,504,0.58,52.7,1,0,0.00,0.00,0.00,12.00,0.00,0.00,0,0,0.00,0,0.00
2026-03-29 15:14:06,499.78,0,0,0,0,0,0,0,0.00,0,0.00,3.33,1.39,0.01,0.11,D,0.00,12.00,0.52,12.00,0.91,^,0.00,,9.40,9.20,504,0.16,51.0,1,0,0.00,0.00,0.00,12.00,0.00,0.00,0,0,0.00,0,0.00
2026-03-29 15:14:07,500.80,0,0,0,1,0,0,0,0.00,0,1.00,3.33,1.39,0.01,-0.36,R,0.00,12.00,0.52,12.00,0.91,^,0.00,,8.30,9.20,504,0.25,51.6,1,0,0.00,0.00,0.00,12.00,0.00,0.00,0,0,0.00,0,0.00
2026-03-29 15:14:08,501.81,0,0,0,0,0,0,0,0.39,0,0.00,3.33,1.38,0.01,-0.24,R,0.00,12.00,0.52,12.00,0.90,^,0.00,,12.40,9.00,504,0.09,52.1,1,0,0.00,0.00,0.00,12.00,0.00,0.00,0,0,0.00,0,0.00
2026-03-29 15:14:09,502.82,0,0,0,0,0,0,0,-0.22,0,0.00,3.33,1.38,0.00,-0.00,R,0.00,12.00,0.52,12.00,0.88,^,0.00,,9.10,9.10,504,0.90,53.2,1,0,0.00,0.00,0.00,12.00,0.00,0.00,0,0,0.00,0,0.00
2026-03-29 15:14:10,503.83,0,0,0,0,0,0,0,0.00,0,0.00,3.33,1.38,0.00,-0.00,R,0.00,12.00,0.52,12.00,0.90,^,0.00,,16.00,9.10,504,0.92,52.7,1,0,0.00,0.00,0.00,12.00,0.00,0.00,0,0,0.00,0,0.00
2026-03-29 15:14:11,504.85,0,0,0,0,0,0,0,0.49,0,0.00,3.33,1.38,0.00,-0.00,R,0.00,12.00,0.51,12.00,0.90,^,0.00,,13.00,9.10,504,1.93,53.2,1,0,0.00,0.00,0.00,12.00,0.00,0.00,0,0,0.00,0,0.00
2026-03-29 15:14:12,505.86,0,0,0,0,0,0,0,0.00,0,0.00,3.33,1.37,0.00,-0.00,R,0.00,0.47,0.36,12.00,0.90,STOP_WARNING,0.00,,12.60,9.20,504,2.95,52.1,1,0,0.00,0.00,0.00,0.47,0.00,0.00,0,0,0.00,0,0.00
2026-03-29 15:14:13,506.88,0,0,0,0,0,0,0,0.00,0,0.00,3.33,1.37,0.00,-0.00,R,0.00,0.24,0.24,12.00,0.90,STOP_WARNING,0.00,,7.00,9.20,504,0.28,51.0,1,1,0.00,0.00,0.00,0.24,0.00,0.00,0,0,0.00,0,0.00
2026-03-29 15:14:15,507.89,0,0,0,0,0,0,0,0.00,0,0.00,3.33,1.37,0.00,-0.00,R,0.00,0.35,0.20,12.00,0.86,STOP_WARNING,0.00,,7.20,9.00,504,0.31,51.0,1,1,0.00,0.00,0.00,0.35,0.00,0.00,0,0,0.00,0,0.00
2026-03-29 15:14:16,508.91,0,0,0,0,0,0,0,0.00,0,0.00,3.33,1.37,0.29,-0.00,R,0.00,0.07,0.22,12.00,0.20,STOP_WARNING,0.00,,13.40,9.10,504,0.00,50.5,1,1,0.00,0.00,0.00,0.07,0.00,0.00,0,0,0.00,0,0.00
2026-03-29 15:14:17,509.92,0,0,0,0,0,0,0,0.00,0,0.00,3.33,1.36,0.00,-0.00,R,0.00,12.00,0.25,12.00,0.24,^,0.00,,11.10,9.20,504,0.76,52.1,1,0,0.00,0.00,0.00,12.00,0.00,0.00,0,0,0.00,0,0.00
2026-03-29 15:14:18,510.94,0,0,1,0,0,0,0,0.00,0,0.23,3.33,1.36,0.00,0.00,N,0.00,12.00,0.31,12.00,0.32,^,0.00,,18.00,9.20,504,1.77,52.7,1,0,0.00,0.00,0.00,12.00,0.00,0.00,0,0,0.00,0,0.00
2026-03-29 15:14:19,511.95,0,0,0,0,0,0,0,0.00,0,0.00,3.33,1.36,0.00,0.00,N,0.00,12.00,0.31,12.00,0.33,^,0.00,,11.10,9.20,504,2.78,52.7,1,0,0.00,0.00,0.00,12.00,0.00,0.00,0,0,0.00,0,0.00
2026-03-29 15:14:20,512.96,0,0,0,0,0,0,0,0.00,0,0.00,3.33,1.35,0.00,0.00,N,0.00,12.00,0.33,12.00,0.32,^,0.00,,9.60,9.20,504,3.80,52.1,1,0,0.00,0.00,0.00,12.00,0.00,0.00,0,0,0.00,0,0.00
2026-03-29 15:14:21,513.96,0,0,0,0,0,0,0,0.00,0,0.00,3.33,1.35,0.00,0.00,N,0.00,12.00,0.32,12.00,0.39,^,0.00,,11.00,9.20,504,4.79,52.1,1,0,0.00,0.00,0.00,12.00,0.00,0.00,0,0,0.00,0,0.00
2026-03-29 15:14:22,514.96,0,0,0,0,0,0,0,0.00,0,0.00,3.33,1.35,0.00,0.00,N,0.00,12.00,0.37,12.00,0.40,^,0.00,,8.90,9.20,504,5.80,50.5,1,0,0.00,0.00,0.00,12.00,0.00,0.00,0,0,0.00,0,0.00
2026-03-29 15:14:23,515.97,0,0,0,0,0,0,0,0.00,0,0.47,3.33,1.35,0.00,0.00,N,0.00,12.00,0.37,12.00,0.40,^,0.00,,14.90,9.10,504,6.81,53.2,1,0,0.00,0.00,0.00,12.00,0.00,0.00,0,0,0.00,0,0.00
2026-03-29 15:14:24,516.99,0,0,0,0,0,0,0,0.00,0,0.00,3.33,1.34,0.00,0.00,N,0.00,12.00,0.38,12.00,0.40,^,0.00,,9.40,9.40,504,7.83,51.0,1,0,0.00,0.00,0.00,12.00,0.00,0.00,0,0,0.00,0,0.00
2026-03-29 15:14:25,518.01,0,0,0,0,0,0,0,0.00,0,0.00,3.33,1.34,0.00,0.00,N,0.00,12.00,0.38,12.00,0.41,^,0.00,,15.20,9.30,504,8.85,52.1,1,0,0.00,0.00,0.00,12.00,0.00,0.00,0,0,0.00,0,0.00
2026-03-29 15:14:26,519.02,0,0,0,0,0,0,0,1.00,0,0.00,3.33,1.34,0.00,0.00,N,0.00,12.00,0.37,12.00,0.41,^,0.00,,17.30,9.20,504,9.86,53.2,1,0,0.00,0.00,0.00,12.00,0.00,0.00,0,0,0.00,0,0.00
2026-03-29 15:14:27,520.03,0,0,0,0,0,0,0,1.00,0,1.00,3.33,1.34,0.00,0.00,N,0.00,12.00,0.38,12.00,0.42,^,0.00,,14.00,9.50,504,10.87,51.6,1,0,0.00,0.00,0.00,12.00,0.00,0.00,0,0,0.00,0,0.00
2026-03-29 15:14:28,521.03,0,0,0,0,0,0,0,0.00,0,0.00,3.33,1.33,0.00,0.00,N,0.00,12.00,0.39,12.00,0.42,^,0.00,,16.90,9.80,504,11.87,53.2,1,0,0.00,0.00,0.00,12.00,0.00,0.00,0,0,0.00,0,0.00
2026-03-29 15:14:29,522.04,0,0,0,0,0,0,0,0.00,0,0.00,3.33,1.33,0.00,0.00,N,0.00,12.00,0.37,12.00,0.43,^,0.00,,11.50,9.80,504,12.88,50.5,1,0,0.00,0.00,0.00,12.00,0.00,0.00,0,0,0.00,0,0.00
2026-03-29 15:14:30,523.07,0,0,0,0,0,0,0,0.00,0,1.00,3.33,1.33,0.00,0.00,N,0.00,12.00,0.38,12.00,0.43,^,0.00,,13.20,9.70,504,13.90,53.8,1,0,0.00,0.00,0.00,12.00,0.00,0.00,0,0,0.00,0,0.00
2026-03-29 15:14:31,524.07,0,0,0,0,0,0,0,0.00,0,0.00,3.33,1.33,0.00,0.00,N,0.00,12.00,0.38,12.00,0.43,^,0.00,,12.70,9.50,504,14.91,52.7,1,0,0.00,0.00,0.00,12.00,0.00,0.00,0,0,0.00,0,0.00
2026-03-29 15:14:32,525.08,0,0,0,0,0,0,0,0.00,0,1.00,3.33,1.32,0.00,0.00,N,0.00,12.00,0.37,0.76,0.43,^,0.00,,9.70,9.70,504,15.92,53.2,1,0,0.00,0.00,0.00,12.00,0.00,0.00,0,0,0.00,0,0.00
2026-03-29 15:14:33,526.10,0,0,0,0,0,0,0,0.00,0,0.00,3.33,1.32,0.00,0.00,N,0.00,12.00,0.43,1.11,0.43,^,0.00,,16.90,9.80,504,16.93,52.7,1,0,0.00,0.00,0.00,12.00,0.00,0.00,0,0,0.00,0,0.00
2026-03-29 15:14:34,527.11,0,0,0,0,0,0,0,0.00,0,0.00,3.33,1.32,0.00,0.00,N,0.00,12.00,0.47,1.58,0.42,^,0.00,,8.90,9.70,504,17.95,51.6,1,0,0.00,0.00,0.00,12.00,0.00,0.00,0,0,0.00,0,0.00
2026-03-29 15:14:35,528.12,0,0,0,0,0,0,0,0.00,0,0.00,3.33,1.32,0.00,0.00,N,0.00,1.74,0.47,1.74,0.43,^,0.00,,12.60,9.70,504,18.96,52.7,1,0,0.00,0.00,0.00,1.74,0.00,0.00,0,0,0.00,0,0.00
2026-03-29 15:14:36,529.13,0,0,0,0,0,0,0,0.00,0,0.00,3.33,1.31,0.00,0.00,N,0.00,1.72,0.47,1.54,0.43,^,0.00,,7.70,9.60,504,19.97,50.5,1,0,0.00,0.00,0.00,1.72,0.00,0.00,0,0,0.00,0,0.00
2026-03-29 15:14:37,530.14,0,0,0,0,0,0,0,0.00,0,1.00,3.33,1.31,0.00,0.00,N,0.00,12.00,0.47,1.23,0.43,^,0.00,,13.10,9.60,504,20.98,52.7,1,0,0.00,0.00,0.00,12.00,0.00,0.00,0,0,0.00,0,0.00
2026-03-29 15:14:38,531.14,0,0,0,0,0,0,0,0.00,0,0.00,3.33,1.31,0.00,0.00,N,0.00,12.00,0.47,0.86,0.43,^,0.00,,13.00,9.60,504,21.97,51.0,1,0,0.00,0.00,0.00,12.00,0.00,0.00,0,0,0.00,0,0.00
2026-03-29 15:14:39,532.15,0,0,1,0,0,0,0,0.00,0,1.00,3.33,1.31,0.00,0.18,D,0.00,12.00,0.47,0.89,0.43,^,0.00,,13.20,9.60,504,0.38,52.1,1,0,0.00,0.00,0.00,12.00,0.00,0.00,0,0,0.00,0,0.00
2026-03-29 15:14:40,533.15,0,0,1,1,0,0,0,0.00,0,0.00,3.33,1.30,0.00,0.00,N,0.00,12.00,0.47,0.86,0.43,^,0.00,,16.70,9.60,504,0.52,52.7,1,0,0.00,0.00,0.00,12.00,0.00,0.00,0,0,0.00,0,0.00
2026-03-29 15:14:41,534.17,0,0,1,0,0,0,0,0.00,0,0.00,3.33,1.30,0.00,0.00,D,0.00,12.00,0.47,0.87,0.43,^,0.00,,10.40,9.50,504,1.54,52.7,1,0,0.00,0.00,0.00,12.00,0.00,0.00,0,0,0.00,0,0.00
2026-03-29 15:14:42,535.17,0,0,0,0,0,0,0,0.00,0,0.00,3.33,1.30,0.00,0.00,D,0.00,12.00,0.46,0.88,0.37,^,0.00,,11.90,9.50,504,2.54,53.2,1,0,0.00,0.00,0.00,12.00,0.00,0.00,0,0,0.00,0,0.00
2026-03-29 15:14:43,536.18,0,0,0,0,0,0,0,0.00,0,1.00,3.33,1.30,0.00,0.10,D,0.00,12.00,0.48,0.85,0.65,^,0.00,,13.50,9.50,504,3.55,52.1,1,0,0.00,0.00,0.00,12.00,0.00,0.00,0,0,0.00,0,0.00
2026-03-29 15:14:44,537.19,0,0,0,0,0,0,0,0.00,0,0.00,3.33,1.29,0.00,0.00,D,0.00,12.00,0.80,0.85,12.00,^,0.00,,13.20,9.50,504,4.57,50.5,1,0,0.00,0.00,0.00,12.00,0.00,0.00,0,0,0.00,0,0.00
2026-03-29 15:14:45,538.19,0,0,0,0,0,0,0,0.00,0,0.00,3.33,1.29,0.00,0.00,D,0.00,12.00,0.80,0.79,12.00,^,0.00,,13.40,9.50,504,5.57,52.1,1,0,0.00,0.00,0.00,12.00,0.00,0.00,0,0,0.00,0,0.00
2026-03-29 15:14:46,539.21,0,0,0,0,0,0,0,0.00,0,0.00,3.33,1.29,0.00,0.00,D,0.00,12.00,0.81,0.81,12.00,^,0.00,,9.00,9.40,504,6.58,51.6,1,0,0.00,0.00,0.00,12.00,0.00,0.00,0,0,0.00,0,0.00
2026-03-29 15:14:47,540.21,0,0,0,0,0,0,0,0.00,0,0.00,3.33,1.29,0.00,0.00,D,0.00,12.00,0.81,0.77,12.00,^,0.00,,12.10,9.40,504,7.58,51.0,1,0,0.00,0.00,0.00,12.00,0.00,0.00,0,0,0.00,0,0.00
2026-03-29 15:14:48,541.22,0,0,0,0,0,0,0,0.00,0,0.00,3.33,1.28,0.00,0.00,D,0.00,12.00,0.81,0.59,12.00,^,0.00,,10.10,9.40,504,8.59,50.5,1,0,0.00,0.00,0.00,12.00,0.00,0.00,0,0,0.00,0,0.00
2026-03-29 15:14:49,542.22,0,0,0,0,0,0,0,0.00,0,0.00,3.33,1.28,0.00,0.00,D,0.00,12.00,0.81,0.60,0.60,^,0.00,,10.10,9.40,504,9.59,51.6,1,0,0.00,0.00,0.00,12.00,0.00,0.00,0,0,0.00,0,0.00
2026-03-29 15:14:50,543.22,0,0,0,0,0,0,0,0.00,0,0.00,3.33,1.28,0.00,0.00,D,0.00,12.00,0.81,12.00,0.92,^,0.00,,13.20,9.40,504,10.59,52.1,1,0,0.00,0.00,0.00,12.00,0.00,0.00,0,0,0.00,0,0.00
2026-03-29 15:14:51,544.23,0,0,0,0,0,0,0,0.00,0,0.00,3.33,1.28,0.00,0.00,D,0.00,12.00,0.81,12.00,0.94,^,0.00,,9.30,9.40,504,11.60,51.0,1,0,0.00,0.00,0.00,12.00,0.00,0.00,0,0,0.00,0,0.00
2026-03-29 15:14:52,545.24,0,0,0,0,0,0,0,0.00,0,0.00,3.33,1.27,0.00,0.00,D,0.00,12.00,0.81,12.00,0.94,^,0.00,,12.20,9.30,504,12.61,52.7,1,0,0.00,0.00,0.00,12.00,0.00,0.00,0,0,0.00,0,0.00
2026-03-29 15:14:53,546.25,0,0,0,0,0,0,0,0.00,0,0.00,3.33,1.27,0.00,0.00,D,0.00,12.00,0.80,12.00,0.95,^,0.00,,9.80,9.30,504,13.63,50.5,1,0,0.00,0.00,0.00,12.00,0.00,0.00,0,0,0.00,0,0.00
2026-03-29 15:14:54,547.27,0,0,0,0,0,0,0,0.00,0,0.00,3.33,1.27,0.00,0.00,D,0.00,12.00,0.81,12.00,0.95,^,0.00,,10.30,9.30,504,14.64,52.1,1,0,0.00,0.00,0.00,12.00,0.00,0.00,0,0,0.00,0,0.00
2026-03-29 15:14:55,548.28,0,0,0,0,0,0,0,0.00,0,0.00,3.33,1.27,0.00,0.00,D,0.00,12.00,0.81,12.00,0.94,^,0.00,,11.70,9.30,504,15.65,51.0,1,0,0.00,0.00,0.00,12.00,0.00,0.00,0,0,0.00,0,0.00
2026-03-29 15:14:56,549.29,0,0,0,0,0,0,0,0.00,0,0.00,3.33,1.26,0.00,0.00,D,0.00,12.00,0.81,12.00,0.96,^,0.00,,9.50,9.20,504,16.66,51.0,1,0,0.00,0.00,0.00,12.00,0.00,0.00,0,0,0.00,0,0.00
2026-03-29 15:14:57,550.30,0,0,0,0,0,0,0,0.00,0,0.00,3.33,1.26,0.00,0.00,D,0.00,12.00,0.81,12.00,0.91,^,0.00,,13.90,9.30,504,17.68,51.6,1,0,0.00,0.00,0.00,12.00,0.00,0.00,0,0,0.00,0,0.00
2026-03-29 15:14:58,551.32,0,0,0,0,0,0,0,0.00,0,0.00,3.33,1.26,0.00,0.00,D,0.00,12.00,0.81,12.00,0.58,^,0.00,,9.20,9.30,504,18.69,50.5,1,0,0.00,0.00,0.00,12.00,0.00,0.00,0,0,0.00,0,0.00
2026-03-29 15:14:59,552.32,0,0,0,0,0,0,0,0.00,0,0.00,3.33,1.26,0.00,0.00,D,0.00,12.00,0.81,12.00,0.55,^,0.00,,11.40,9.30,504,19.69,52.1,1,0,0.00,0.00,0.00,12.00,0.00,0.00,0,0,0.00,0,0.00
2026-03-29 15:15:00,553.33,0,0,0,0,0,0,0,0.00,1,0.00,3.33,1.26,0.00,0.00,D,0.00,12.00,0.81,12.00,0.56,^,0.00,,11.30,9.30,504,20.71,51.6,1,0,0.00,0.00,0.00,12.00,0.00,0.00,0,0,0.00,0,0.00
2026-03-29 15:15:01,554.35,0,0,0,0,0,0,0,1.00,0,0.00,3.33,1.25,0.00,0.04,D,0.00,12.00,0.81,12.00,0.58,^,0.00,,11.20,9.30,504,21.72,51.0,1,0,0.00,0.00,0.00,12.00,0.00,0.00,0,0,0.00,0,0.00
2026-03-29 15:15:02,555.36,0,0,0,0,0,0,0,1.00,0,1.00,3.33,1.25,0.00,0.18,D,0.00,12.00,0.81,0.90,0.91,^,0.00,,18.20,9.30,504,0.01,51.0,1,0,0.00,0.00,0.00,12.00,0.00,0.00,0,0,0.00,0,0.00
2026-03-29 15:15:03,556.37,0,0,0,0,0,0,0,0.98,0,0.00,3.33,1.25,0.02,0.27,D,0.00,12.00,0.81,0.89,0.81,^,0.00,,15.40,9.40,504,0.13,52.1,1,0,0.00,0.00,0.00,12.00,0.00,0.00,0,0,0.00,0,0.00
2026-03-29 15:15:04,557.38,0,0,0,0,0,0,0,0.99,0,1.00,3.33,1.25,0.08,0.67,D,0.00,12.00,0.80,0.90,0.81,^,0.00,,14.40,9.50,504,0.00,51.6,1,0,0.00,0.00,0.00,12.00,0.00,0.00,0,0,0.00,0,0.00
2026-03-29 15:15:05,558.38,0,0,0,0,0,0,0,-1.00,0,1.00,3.33,1.25,2.30,1.00,D,0.00,12.00,12.00,0.93,0.90,^,0.00,,14.90,9.50,504,0.00,52.1,1,0,0.00,0.00,0.00,12.00,0.00,0.00,0,0,0.00,0,0.00
2026-03-29 15:15:06,559.39,0,0,0,0,0,0,0,1.00,0,1.00,3.33,1.25,2.66,1.00,D,0.00,12.00,2.10,12.00,1.52,^,0.00,,13.60,9.40,504,0.00,52.1,1,0,0.00,0.00,0.00,12.00,0.00,0.00,0,0,0.00,0,0.00
2026-03-29 15:15:07,560.41,0,0,0,0,0,0,0,1.00,0,1.00,3.33,1.25,2.47,1.00,D,0.00,12.00,1.73,12.00,1.33,^,0.00,,20.80,9.30,504,0.00,52.7,1,0,0.00,0.00,0.00,12.00,0.00,0.00,0,0,0.00,0,0.00
2026-03-29 15:15:08,561.42,0,0,0,0,0,0,0,1.00,0,1.00,3.33,1.25,2.72,1.00,D,0.00,0.68,12.00,12.00,3.20,CAUTION_WARNING,0.00,,10.20,9.40,504,0.00,52.1,1,0,0.00,0.00,0.00,0.68,0.00,0.00,0,0,0.00,0,0.00
2026-03-29 15:15:09,562.44,0,0,0,0,0,0,0,1.00,0,1.00,3.33,1.26,2.26,1.00,D,0.00,12.00,12.00,2.90,12.00,^,0.00,,13.40,9.40,504,0.00,51.0,1,0,0.00,0.00,0.00,12.00,0.00,0.00,0,0,0.00,0,0.00
2026-03-29 15:15:10,563.43,0,0,0,0,0,0,0,1.00,0,1.00,3.33,1.26,2.82,1.00,D,0.00,1.82,12.00,2.05,2.22,^,0.00,,19.40,9.00,504,0.00,51.6,1,0,0.00,0.00,0.00,1.82,0.00,0.00,0,0,0.00,0,0.00
2026-03-29 15:15:11,564.45,0,0,0,0,0,0,0,0.00,0,1.00,3.33,1.26,1.44,1.00,D,0.00,2.25,0.99,12.00,12.00,^,0.00,,15.60,9.30,504,0.00,51.0,1,0,0.00,0.00,0.00,2.25,0.00,0.00,0,0,0.00,0,0.00
2026-03-29 15:15:12,565.45,0,0,0,0,0,0,0,0.00,0,0.00,3.33,1.26,1.85,0.54,D,0.00,1.37,0.67,12.00,0.67,^,0.00,,13.20,9.20,504,0.00,52.1,1,0,0.00,0.00,0.00,1.37,0.00,0.00,0,0,0.00,0,0.00
2026-03-29 15:15:13,566.46,0,0,0,0,0,0,0,0.00,1,0.00,3.33,1.26,0.00,0.00,D,0.00,12.00,0.75,1.04,0.70,^,0.00,,9.60,9.20,504,0.14,51.0,1,0,0.00,0.00,0.00,12.00,0.00,0.00,0,0,0.00,0,0.00
2026-03-29 15:15:14,567.48,0,0,0,0,0,0,0,-1.00,1,0.00,3.33,1.26,0.00,0.00,D,0.00,12.00,0.77,1.03,0.70,^,0.00,,16.90,9.20,504,1.15,52.7,1,0,0.00,0.00,0.00,12.00,0.00,0.00,0,0,0.00,0,0.00
2026-03-29 15:15:15,568.48,0,0,0,0,0,0,0,-1.00,0,1.00,3.33,1.26,0.00,0.06,D,0.00,12.00,0.76,1.04,0.70,^,0.00,,10.70,9.20,504,2.15,50.5,1,0,0.00,0.00,0.00,12.00,0.00,0.00,0,0,0.00,0,0.00
2026-03-29 15:15:16,569.50,0,0,0,0,0,0,0,-1.00,0,0.00,3.33,1.25,0.00,0.16,D,0.00,12.00,0.75,1.03,0.70,^,0.00,,12.50,9.10,504,0.31,52.1,1,0,0.00,0.00,0.00,12.00,0.00,0.00,0,0,0.00,0,0.00
2026-03-29 15:15:17,570.51,0,0,0,0,0,0,0,0.00,0,0.00,3.33,1.25,0.00,0.00,D,0.00,12.00,0.75,1.03,0.70,^,0.00,,10.40,9.30,504,0.98,50.5,1,0,0.00,0.00,0.00,12.00,0.00,0.00,0,0,0.00,0,0.00
2026-03-29 15:15:18,571.52,0,0,0,0,0,0,0,0.00,0,1.00,3.33,1.25,0.00,0.48,D,0.00,12.00,0.76,1.03,0.47,^,0.00,,7.80,9.20,504,0.32,50.5,1,0,0.00,0.00,0.00,12.00,0.00,0.00,0,0,0.00,0,0.00
2026-03-29 15:15:19,572.53,0,0,0,0,0,0,0,0.00,0,1.00,3.33,1.25,0.69,0.86,D,0.00,12.00,12.00,1.00,0.47,^,0.00,,11.40,9.30,504,0.00,52.1,1,0,0.00,0.00,0.00,12.00,0.00,0.00,0,0,0.00,0,0.00
2026-03-29 15:15:20,573.55,0,0,0,0,0,0,0,-1.00,0,0.00,3.33,1.25,1.06,0.48,D,0.00,12.00,12.00,0.83,0.89,^,0.00,,10.70,8.90,504,0.00,50.5,1,0,0.00,0.00,0.00,12.00,0.00,0.00,0,0,0.00,0,0.00
2026-03-29 15:15:21,574.57,0,0,0,0,0,0,0,0.00,1,0.00,3.33,1.25,0.00,0.00,D,0.00,12.00,12.00,12.00,0.88,^,0.00,,11.40,9.20,504,0.74,51.0,1,0,0.00,0.00,0.00,12.00,0.00,0.00,0,0,0.00,0,0.00
2026-03-29 15:15:22,575.58,0,0,0,0,0,0,0,0.00,0,0.00,3.33,1.24,0.00,0.00,D,0.00,12.00,12.00,12.00,0.58,^,0.00,,11.10,9.20,504,1.74,51.0,1,0,0.00,0.00,0.00,12.00,0.00,0.00,0,0,0.00,0,0.00
2026-03-29 15:15:23,576.59,0,0,0,0,0,0,0,0.00,0,0.00,3.33,1.24,0.00,0.00,D,0.00,12.00,12.00,0.09,0.10,^,0.00,,6.70,9.10,504,2.76,51.6,1,0,0.00,0.00,0.00,12.00,0.00,0.00,0,0,0.00,0,0.00
2026-03-29 15:15:24,577.59,0,0,0,0,0,0,0,0.00,0,0.00,3.33,1.24,0.00,0.00,D,0.00,12.00,12.00,0.09,0.20,^,0.00,,10.60,9.20,504,0.51,51.6,1,0,0.00,0.00,0.00,12.00,0.00,0.00,0,0,0.00,0,0.00
2026-03-29 15:15:25,578.61,0,0,0,0,0,0,0,0.00,0,0.00,3.33,1.24,0.00,0.00,D,0.00,12.00,12.00,0.06,0.20,^,0.00,,7.50,9.20,504,0.40,51.0,1,0,0.00,0.00,0.00,12.00,0.00,0.00,0,0,0.00,0,0.00
2026-03-29 15:15:26,579.63,0,0,0,0,0,0,0,0.00,0,0.00,3.33,1.24,0.00,0.00,D,0.00,12.00,12.00,0.35,0.15,^,0.00,,12.50,9.20,504,0.88,52.1,1,0,0.00,0.00,0.00,12.00,0.00,0.00,0,0,0.00,0,0.00
2026-03-29 15:15:27,580.63,0,0,0,0,0,0,0,0.00,0,0.00,3.33,1.23,0.04,0.31,D,0.00,12.00,12.00,0.52,0.89,^,0.00,,14.60,9.30,504,0.06,51.6,1,0,0.00,0.00,0.00,12.00,0.00,0.00,0,0,0.00,0,0.00
2026-03-29 15:15:28,581.64,0,0,0,0,0,0,0,0.00,0,1.00,3.33,1.23,0.00,0.11,D,0.00,12.00,12.00,0.84,0.88,^,0.00,,15.10,9.30,504,1.07,50.5,1,0,0.00,0.00,0.00,12.00,0.00,0.00,0,0,0.00,0,0.00
2026-03-29 15:15:29,582.66,0,0,0,0,0,0,0,0.00,0,1.00,3.33,1.23,0.20,0.62,D,0.00,12.00,12.00,0.84,0.88,^,0.00,,13.90,9.30,504,0.00,51.0,1,0,0.00,0.00,0.00,12.00,0.00,0.00,0,0,0.00,0,0.00
2026-03-29 15:15:30,583.67,0,0,0,0,0,0,0,0.00,0,0.00,3.33,1.23,1.09,0.33,D,0.00,12.00,12.00,1.85,0.97,^,0.00,,15.60,9.40,504,0.00,52.1,1,0,0.00,0.00,0.00,12.00,0.00,0.00,0,0,0.00,0,0.00
2026-03-29 15:15:31,584.67,0,0,0,0,0,0,0,0.00,0,0.48,3.33,1.23,0.17,0.09,D,0.00,12.00,12.00,1.85,1.12,^,0.00,,16.90,9.50,504,0.00,51.0,1,0,0.00,0.00,0.00,12.00,0.00,0.00,0,0,0.00,0,0.00
2026-03-29 15:15:32,585.68,0,0,0,0,0,0,0,-1.00,0,1.00,3.33,1.23,0.27,0.59,D,0.00,12.00,12.00,1.79,0.83,^,0.00,,17.60,9.70,504,0.00,52.1,1,0,0.00,0.00,0.00,12.00,0.00,0.00,0,0,0.00,0,0.00
2026-03-29 15:15:33,586.70,0,0,0,0,0,0,0,0.00,0,1.00,3.33,1.23,2.39,1.00,D,0.00,12.00,0.81,12.00,0.81,^,0.00,,11.30,9.70,504,0.00,52.1,1,0,0.00,0.00,0.00,12.00,0.00,0.00,0,0,0.00,0,0.00
2026-03-29 15:15:34,587.70,0,0,0,0,0,0,0,0.00,0,1.00,3.33,1.23,2.80,1.00,D,0.00,12.00,0.40,12.00,0.48,^,0.00,,15.30,9.60,504,0.00,52.7,1,0,0.00,0.00,0.00,12.00,0.00,0.00,0,0,0.00,0,0.00
2026-03-29 15:15:35,588.72,0,0,0,0,0,0,0,0.71,0,1.00,3.33,1.23,2.69,1.00,D,0.00,12.00,12.00,12.00,1.02,^,0.00,,15.20,9.60,504,0.00,52.1,1,0,0.00,0.00,0.00,12.00,0.00,0.00,0,0,0.00,0,0.00
2026-03-29 15:15:36,589.73,0,0,0,0,0,0,0,1.00,0,1.00,3.33,1.23,2.74,1.00,D,0.00,12.00,1.88,12.00,2.10,^,0.00,,23.40,9.50,504,0.00,52.7,1,0,0.00,0.00,0.00,12.00,0.00,0.00,0,0,0.00,0,0.00
2026-03-29 15:15:37,590.74,0,0,0,0,0,0,0,-1.00,0,1.00,3.33,1.24,2.83,1.00,D,0.00,12.00,12.00,12.00,1.97,^,0.00,,13.70,9.50,504,0.00,51.0,1,0,0.00,0.00,0.00,12.00,0.00,0.00,0,0,0.00,0,0.00
2026-03-29 15:15:38,591.75,0,0,0,0,0,0,0,-1.00,0,1.00,3.33,1.24,2.81,1.00,D,0.00,1.51,12.00,12.00,12.00,^,0.00,,11.40,9.50,504,0.00,52.1,1,0,0.00,0.00,0.00,1.51,0.00,0.00,0,0,0.00,0,0.00
2026-03-29 15:15:39,592.80,0,0,0,0,0,0,0,0.00,0,1.00,3.33,1.24,2.73,1.00,D,0.00,12.00,12.00,1.49,1.26,^,0.00,,14.60,9.50,504,0.00,51.0,1,0,0.00,0.00,0.00,12.00,0.00,0.00,0,0,0.00,0,0.00
2026-03-29 15:15:40,593.80,0,0,0,0,0,0,0,0.00,0,1.00,3.33,1.24,2.68,1.00,D,0.00,2.08,12.00,12.00,1.86,^,0.00,,11.40,9.50,504,0.00,51.6,1,0,0.00,0.00,0.00,2.08,0.00,0.00,0,0,0.00,0,0.00
2026-03-29 15:15:41,594.77,0,0,0,0,0,0,0,0.00,0,0.60,3.33,1.25,2.70,0.88,D,0.00,1.37,12.00,1.68,12.00,^,0.00,,15.20,9.60,504,0.00,50.5,1,0,0.00,0.00,0.00,1.37,0.00,0.00,0,0,0.00,0,0.00
2026-03-29 15:15:42,595.78,0,0,0,0,0,0,0,1.00,0,0.00,3.33,1.25,1.77,0.27,D,0.00,0.55,12.00,12.00,1.70,CAUTION_WARNING,0.00,,14.10,9.40,504,0.00,51.6,1,0,0.00,0.00,0.00,0.55,0.00,0.00,0,0,0.00,0,0.00
2026-03-29 15:15:43,596.79,0,0,0,0,0,0,0,0.93,0,0.00,3.33,1.25,0.00,0.00,D,0.00,0.10,12.00,0.25,1.86,STOP_WARNING,0.00,,14.30,9.50,504,0.00,51.6,1,0,0.00,0.00,0.00,0.10,0.00,0.00,0,0,0.00,0,0.00
2026-03-29 15:15:44,597.81,0,0,0,0,0,0,0,0.95,0,1.00,3.33,1.25,0.01,0.30,D,0.00,12.00,12.00,12.00,0.69,^,0.00,,17.80,9.50,504,0.06,50.5,1,0,0.00,0.00,0.00,12.00,0.00,0.00,0,0,0.00,0,0.00
2026-03-29 15:15:45,598.81,0,0,0,0,0,0,0,0.95,0,1.00,3.33,1.24,0.62,0.80,D,0.00,12.00,12.00,12.00,1.12,^,0.00,,8.70,9.50,504,0.00,51.6,1,0,0.00,0.00,0.00,12.00,0.00,0.00,0,0,0.00,0,0.00
2026-03-29 15:15:46,599.82,0,0,0,0,0,0,0,0.95,0,1.00,3.33,1.24,2.21,1.00,D,0.00,12.00,12.00,1.71,1.68,^,0.00,,15.90,9.60,504,0.00,51.0,1,0,0.00,0.00,0.00,12.00,0.00,0.00,0,0,0.00,0,0.00
2026-03-29 15:15:47,600.83,0,0,0,0,0,0,0,0.00,0,0.00,3.33,1.25,1.35,0.76,D,0.00,0.95,12.00,1.37,12.00,CAUTION_WARNING,0.00,,7.70,9.60,504,0.00,51.0,1,0,0.00,0.00,0.00,0.95,0.00,0.00,0,0,0.00,0,0.00
2026-03-29 15:15:48,601.83,0,0,0,0,0,0,0,0.00,1,0.00,3.33,1.24,0.00,0.00,D,0.00,0.84,12.00,1.34,1.27,CAUTION_WARNING,0.00,,8.70,9.40,504,0.43,50.5,1,0,0.00,0.00,0.00,0.84,0.00,0.00,0,0,0.00,0,0.00
2026-03-29 15:15:49,602.84,0,0,0,0,0,0,0,0.00,1,0.00,3.33,1.24,0.00,0.00,D,0.00,0.67,12.00,1.21,1.28,CAUTION_WARNING,0.00,,8.10,9.40,504,1.44,51.6,1,0,0.00,0.00,0.00,0.67,0.00,0.00,0,0,0.00,0,0.00
2026-03-29 15:15:50,603.85,0,0,0,0,0,0,0,0.00,0,0.00,3.33,1.24,0.00,0.00,D,0.00,0.51,12.00,0.72,1.28,CAUTION_WARNING,0.00,,6.30,9.30,504,2.45,50.5,1,0,0.00,0.00,0.00,0.51,0.00,0.00,0,0,0.00,0,0.00
2026-03-29 15:15:51,604.87,0,0,1,0,0,0,0,0.00,0,1.00,3.33,1.24,0.00,0.27,D,0.00,0.58,12.00,12.00,0.56,CAUTION_WARNING,0.00,,10.60,9.30,504,3.46,51.0,1,0,0.00,0.00,0.00,0.58,0.00,0.00,0,0,0.00,0,0.00
2026-03-29 15:15:52,605.88,0,0,0,0,0,0,0,0.00,0,1.00,3.33,1.24,0.00,0.78,D,0.00,0.58,12.00,12.00,0.50,CAUTION_WARNING,0.00,,7.10,9.20,504,0.00,49.4,1,0,0.00,0.00,0.00,0.58,0.00,0.00,0,0,0.00,0,0.00
2026-03-29 15:15:53,606.88,0,0,0,0,0,0,0,0.00,0,1.00,3.33,1.24,1.56,1.00,D,0.00,0.58,12.00,12.00,0.52,CAUTION_WARNING,0.00,,9.30,9.30,504,0.00,51.6,1,0,0.00,0.00,0.00,0.58,0.00,0.00,0,0,0.00,0,0.00
2026-03-29 15:15:55,607.89,0,0,0,0,0,0,0,0.00,0,0.00,3.33,1.24,1.57,0.88,D,0.00,0.59,12.00,12.00,0.62,CAUTION_WARNING,0.00,,10.70,9.30,504,0.00,50.5,1,0,0.00,0.00,0.00,0.59,0.00,0.00,0,0,0.00,0,0.00
2026-03-29 15:15:56,608.91,0,0,1,1,0,0,0,0.00,0,0.00,3.33,1.24,0.00,0.00,N,0.00,0.44,12.00,0.59,0.79,STOP_WARNING,0.00,,7.60,9.40,504,0.20,49.9,1,0,0.00,0.00,0.00,0.44,0.00,0.00,0,0,0.00,0,0.00
2026-03-29 15:15:57,609.91,0,0,0,0,0,0,0,0.00,1,0.00,3.33,1.23,0.55,0.00,N,0.00,0.27,12.00,0.62,0.76,STOP_WARNING,0.00,,11.20,9.30,504,0.00,51.0,1,1,0.00,0.00,0.00,0.27,0.00,0.00,0,0,0.00,0,0.00
2026-03-29 15:15:58,610.91,0,0,0,0,0,0,0,0.00,1,0.00,3.33,1.23,0.00,0.00,N,0.00,0.36,1.37,0.67,12.00,STOP_WARNING,0.00,,11.10,9.20,504,0.31,51.6,1,1,0.00,0.00,0.00,0.36,0.00,0.00,0,0,0.00,0,0.00
2026-03-29 15:15:59,611.92,0,0,0,0,0,0,0,0.00,1,0.00,3.33,1.23,0.00,0.00,N,0.00,0.23,0.25,0.66,12.00,STOP_WARNING,0.00,,9.90,9.30,504,1.31,51.6,1,1,0.00,0.00,0.00,0.23,0.00,0.00,0,0,0.00,0,0.00
2026-03-29 15:16:00,612.93,0,0,0,0,0,0,0,0.00,1,0.00,3.33,1.23,0.54,0.00,N,0.00,0.19,0.23,0.70,12.00,STOP_WARNING,0.00,,7.80,9.30,504,0.00,51.0,1,1,0.00,0.00,0.00,0.19,0.00,0.00,0,0,0.00,0,0.00
2026-03-29 15:16:01,613.94,0,0,0,0,0,0,0,0.00,0,0.00,3.33,1.23,0.00,0.00,N,0.00,0.67,0.56,0.65,12.00,CAUTION_WARNING,0.00,,8.00,9.20,504,0.31,51.0,1,0,0.00,0.00,0.00,0.67,0.00,0.00,0,0,0.00,0,0.00
2026-03-29 15:16:02,614.94,0,0,0,0,0,0,0,0.93,0,0.00,3.33,1.22,0.00,0.00,N,0.00,12.00,0.73,0.60,12.00,^,0.00,,12.00,9.20,504,1.32,51.0,1,0,0.00,0.00,0.00,12.00,0.00,0.00,0,0,0.00,0,0.00
2026-03-29 15:16:03,615.94,0,0,0,0,0,0,0,-0.13,0,1.00,3.33,1.22,0.00,0.00,N,0.00,12.00,0.84,0.61,12.00,^,0.00,,7.70,9.10,504,2.32,50.5,1,0,0.00,0.00,0.00,12.00,0.00,0.00,0,0,0.00,0,0.00
2026-03-29 15:16:04,616.96,0,0,0,0,0,0,0,0.00,0,0.00,3.33,1.22,0.00,0.00,N,0.00,12.00,0.85,0.41,12.00,^,0.00,,11.30,9.20,504,3.34,51.6,1,0,0.00,0.00,0.00,12.00,0.00,0.00,0,0,0.00,0,0.00
2026-03-29 15:16:05,617.97,0,0,0,0,0,0,0,0.00,0,1.00,3.33,1.22,0.00,0.00,N,0.00,12.00,0.85,12.00,0.35,^,0.00,,7.60,9.20,504,4.35,48.3,1,0,0.00,0.00,0.00,12.00,0.00,0.00,0,0,0.00,0,0.00
2026-03-29 15:16:06,618.99,0,0,0,0,0,0,0,0.00,0,1.00,3.33,1.22,0.00,0.00,N,0.00,12.00,0.85,12.00,0.40,^,0.00,,7.30,9.10,504,5.37,50.5,1,0,0.00,0.00,0.00,12.00,0.00,0.00,0,0,0.00,0,0.00
2026-03-29 15:16:07,620.00,0,0,0,0,0,0,0,0.00,0,1.00,3.33,1.21,0.00,0.00,N,0.00,12.00,0.85,12.00,0.36,^,0.00,,13.00,9.10,504,6.38,50.5,1,0,0.00,0.00,0.00,12.00,0.00,0.00,0,0,0.00,0,0.00
2026-03-29 15:16:08,621.01,0,0,0,0,0,0,0,0.00,0,0.00,3.33,1.21,0.00,0.00,N,0.00,12.00,0.58,12.00,0.68,^,0.00,,8.50,9.10,504,7.39,51.0,1,0,0.00,0.00,0.00,12.00,0.00,0.00,0,0,0.00,0,0.00
2026-03-29 15:16:09,622.03,0,0,0,0,0,0,0,0.00,0,0.00,3.33,1.21,0.00,0.00,N,0.00,0.04,0.04,12.00,0.89,STOP_WARNING,0.00,,10.80,9.10,504,8.40,51.0,1,0,0.00,0.00,0.00,0.04,0.00,0.00,0,0,0.00,0,0.00
2026-03-29 15:16:10,623.04,0,0,0,0,0,0,0,0.00,1,0.00,3.33,1.21,0.00,0.00,N,0.00,0.03,0.04,12.00,0.69,STOP_WARNING,0.00,,6.20,9.20,504,0.92,49.9,1,1,0.00,0.00,0.00,0.03,0.00,0.00,0,0,0.00,0,0.00
2026-03-29 15:16:11,624.05,0,0,0,0,0,0,0,0.00,0,0.00,3.33,1.21,0.00,0.00,N,0.00,12.00,0.25,12.00,0.40,^,0.00,,8.30,9.20,504,1.93,49.4,1,0,0.00,0.00,0.00,12.00,0.00,0.00,0,0,0.00,0,0.00
2026-03-29 15:16:12,625.05,0,0,0,0,0,0,0,0.00,0,0.00,3.33,1.20,0.00,0.00,N,0.00,12.00,0.15,12.00,0.27,^,0.00,,9.20,9.20,504,0.00,50.5,1,0,0.00,0.00,0.00,12.00,0.00,0.00,0,0,0.00,0,0.00
2026-03-29 15:16:13,626.06,0,0,0,0,0,0,0,0.00,0,0.00,3.33,1.20,0.00,0.00,N,0.00,12.00,12.00,0.35,0.32,^,0.00,,8.30,9.00,504,0.40,49.4,1,0,0.00,0.00,0.00,12.00,0.00,0.00,0,0,0.00,0,0.00
2026-03-29 15:16:14,627.08,0,0,0,0,0,0,0,0.00,0,0.00,3.33,1.20,0.00,0.00,N,0.00,12.00,0.52,0.72,0.65,^,0.00,,15.20,9.30,504,1.41,51.0,1,0,0.00,0.00,0.00,12.00,0.00,0.00,0,0,0.00,0,0.00
2026-03-29 15:16:15,628.09,0,0,0,0,0,0,0,0.00,0,0.13,3.33,1.20,0.00,0.00,N,0.00,12.00,12.00,0.85,0.48,^,0.00,,16.00,9.20,504,2.43,51.0,1,0,0.00,0.00,0.00,12.00,0.00,0.00,0,0,0.00,0,0.00
2026-03-29 15:16:16,629.09,0,0,0,0,0,0,0,0.00,0,1.00,3.33,1.20,0.00,0.00,N,0.00,12.00,12.00,0.99,0.51,^,0.00,,12.40,9.20,504,3.43,49.4,1,0,0.00,0.00,0.00,12.00,0.00,0.00,0,0,0.00,0,0.00
2026-03-29 15:16:17,630.09,0,0,1,1,0,0,0,0.00,0,0.00,3.33,1.20,0.00,0.00,N,0.00,12.00,12.00,1.00,1.01,^,0.00,,16.30,9.30,504,4.43,50.5,1,0,0.00,0.00,0.00,12.00,0.00,0.00,0,0,0.00,0,0.00
2026-03-29 15:16:18,631.11,0,0,0,0,0,0,0,0.00,0,0.00,3.33,1.19,0.00,0.00,N,0.00,12.00,12.00,0.89,1.02,^,0.00,,14.10,9.20,504,5.45,50.5,1,0,0.00,0.00,0.00,12.00,0.00,0.00,0,0,0.00,0,0.00
2026-03-29 15:16:19,632.12,0,0,1,1,0,0,0,0.00,0,0.00,3.33,1.19,0.00,0.00,N,0.00,12.00,12.00,0.59,0.59,^,0.00,,13.60,9.20,504,6.46,51.6,1,0,0.00,0.00,0.00,12.00,0.00,0.00,0,0,0.00,0,0.00
2026-03-29 15:16:20,633.13,0,0,0,0,0,0,0,0.00,0,0.00,3.33,1.19,0.00,0.00,N,0.00,12.00,12.00,12.00,0.34,^,0.00,,10.50,9.20,504,7.47,51.0,1,0,0.00,0.00,0.00,12.00,0.00,0.00,0,0,0.00,0,0.00
2026-03-29 15:16:21,634.15,0,0,1,0,0,0,0,0.00,0,0.00,3.33,1.19,0.00,0.00,D,0.00,12.00,12.00,12.00,0.44,^,0.00,,9.50,9.20,504,8.49,50.5,1,0,0.00,0.00,0.00,12.00,0.00,0.00,0,0,0.00,0,0.00
2026-03-29 15:16:22,635.15,0,0,0,0,0,0,0,0.00,0,0.05,3.33,1.19,0.00,0.02,D,0.00,12.00,12.00,12.00,0.97,^,0.00,,12.50,9.20,504,9.49,50.5,1,0,0.00,0.00,0.00,12.00,0.00,0.00,0,0,0.00,0,0.00
2026-03-29 15:16:23,636.17,0,0,0,0,0,0,0,0.00,0,1.00,3.33,1.18,0.00,0.29,D,0.00,12.00,12.00,12.00,1.04,^,0.00,,9.80,9.10,504,10.50,49.4,1,0,0.00,0.00,0.00,12.00,0.00,0.00,0,0,0.00,0,0.00
2026-03-29 15:16:24,637.17,0,0,0,0,0,0,0,0.00,0,1.00,3.33,1.18,0.08,0.31,D,0.00,12.00,12.00,12.00,1.05,^,0.00,,16.30,9.20,504,0.00,51.6,1,0,0.00,0.00,0.00,12.00,0.00,0.00,0,0,0.00,0,0.00
2026-03-29 15:16:25,638.18,0,0,0,0,0,0,0,0.00,0,0.00,3.33,1.18,0.67,0.45,D,0.00,12.00,12.00,12.00,1.06,^,0.00,,12.60,9.20,504,0.00,50.5,1,0,0.00,0.00,0.00,12.00,0.00,0.00,0,0,0.00,0,0.00
2026-03-29 15:16:26,639.19,0,0,0,0,0,0,0,1.00,0,1.00,3.33,1.18,0.00,0.04,D,0.00,12.00,12.00,12.00,1.06,^,0.00,,11.70,9.30,504,0.29,51.0,1,0,0.00,0.00,0.00,12.00,0.00,0.00,0,0,0.00,0,0.00
2026-03-29 15:16:27,640.19,0,0,0,0,0,0,0,1.00,0,1.00,3.33,1.18,0.00,0.35,D,0.00,12.00,12.00,12.00,1.05,^,0.00,,15.50,9.30,504,0.45,49.9,1,0,0.00,0.00,0.00,12.00,0.00,0.00,0,0,0.00,0,0.00
2026-03-29 15:16:28,641.21,0,0,0,0,0,0,0,1.00,0,1.00,3.33,1.18,0.00,0.45,D,0.00,12.00,12.00,12.00,1.05,^,0.00,,14.60,9.50,504,0.01,50.5,1,0,0.00,0.00,0.00,12.00,0.00,0.00,0,0,0.00,0,0.00
2026-03-29 15:16:29,642.21,0,0,0,0,0,0,0,1.00,0,1.00,3.33,1.17,1.22,0.95,D,0.00,12.00,12.00,12.00,1.12,^,0.00,,13.60,9.60,504,0.00,52.1,1,0,0.00,0.00,0.00,12.00,0.00,0.00,0,0,0.00,0,0.00
2026-03-29 15:16:30,643.22,0,0,0,0,0,0,0,0.00,0,0.00,3.33,1.18,2.15,0.50,D,0.00,12.00,12.00,12.00,1.88,^,0.00,,17.10,9.50,504,0.00,50.5,1,0,0.00,0.00,0.00,12.00,0.00,0.00,0,0,0.00,0,0.00
2026-03-29 15:16:31,644.24,0,0,0,0,0,0,0,1.00,0,1.00,3.33,1.18,0.72,0.63,D,0.00,12.00,12.00,12.00,2.08,^,0.00,,14.50,9.50,504,0.00,50.5,1,0,0.00,0.00,0.00,12.00,0.00,0.00,0,0,0.00,0,0.00
2026-03-29 15:16:32,645.25,0,0,0,0,0,0,0,0.99,0,1.00,3.33,1.18,0.66,0.57,D,0.00,12.00,12.00,12.00,2.38,^,0.00,,15.60,9.50,504,0.00,50.5,1,0,0.00,0.00,0.00,12.00,0.00,0.00,0,0,0.00,0,0.00
2026-03-29 15:16:33,646.25,0,0,0,0,0,0,0,0.00,0,1.00,3.33,1.17,0.68,0.56,D,0.00,12.00,12.00,12.00,2.62,^,0.00,,14.00,9.30,504,0.00,51.0,1,0,0.00,0.00,0.00,12.00,0.00,0.00,0,0,0.00,0,0.00
2026-03-29 15:16:34,647.27,0,0,0,0,0,0,0,0.00,0,0.00,3.33,1.17,0.52,0.28,D,0.00,12.00,1.67,12.00,12.00,^,0.00,,19.70,9.30,504,0.00,49.9,1,0,0.00,0.00,0.00,12.00,0.00,0.00,0,0,0.00,0,0.00
2026-03-29 15:16:35,648.28,0,0,0,0,0,0,0,0.00,0,0.00,3.33,1.17,0.00,0.00,D,0.00,12.00,1.61,12.00,12.00,^,0.00,,9.10,9.30,504,0.52,50.5,1,0,0.00,0.00,0.00,12.00,0.00,0.00,0,0,0.00,0,0.00
2026-03-29 15:16:36,649.29,0,0,0,0,0,0,0,0.00,0,0.00,3.33,1.17,0.00,0.00,D,0.00,12.00,1.61,12.00,12.00,^,0.00,,9.10,9.40,504,1.54,51.0,1,0,0.00,0.00,0.00,12.00,0.00,0.00,0,0,0.00,0,0.00
2026-03-29 15:16:37,650.31,0,0,0,0,0,0,0,0.00,0,0.00,3.33,1.17,0.00,0.00,D,0.00,12.00,1.48,12.00,3.06,^,0.00,,11.60,9.30,504,2.55,51.0,1,0,0.00,0.00,0.00,12.00,0.00,0.00,0,0,0.00,0,0.00
2026-03-29 15:16:38,651.31,0,0,0,0,0,0,0,0.00,0,0.00,3.33,1.17,0.00,0.00,D,0.00,12.00,1.42,12.00,2.53,^,0.00,,8.40,9.10,504,3.55,50.5,1,0,0.00,0.00,0.00,12.00,0.00,0.00,0,0,0.00,0,0.00
2026-03-29 15:16:39,652.33,0,0,0,0,0,0,0,0.00,0,0.00,3.33,1.16,0.00,0.00,D,0.00,12.00,1.48,12.00,2.57,^,0.00,,14.00,9.30,504,4.57,49.9,0,0,0.00,0.00,0.00,12.00,0.00,0.00,0,0,0.00,0,0.00
2026-03-29 15:16:40,653.34,0,0,0,0,0,0,0,0.00,0,0.00,3.33,1.16,0.00,0.00,D,0.00,12.00,1.48,12.00,2.49,^,0.00,,8.80,9.30,504,5.58,49.9,0,0,0.00,0.00,0.00,12.00,0.00,0.00,0,0,0.00,0,0.00
2026-03-29 15:16:41,654.36,0,0,0,0,0,0,0,0.00,0,0.00,3.33,1.16,0.00,0.00,D,0.00,12.00,1.49,12.00,1.71,^,0.00,,10.60,9.30,504,6.60,51.0,0,0,0.00,0.00,0.00,12.00,0.00,0.00,0,0,0.00,0,0.00
2026-03-29 15:16:42,655.37,0,0,0,0,0,0,0,0.00,0,0.00,3.33,1.16,0.00,0.00,D,0.00,12.00,1.48,12.00,1.03,^,0.00,,9.20,9.30,504,7.61,51.0,0,0,0.00,0.00,0.00,12.00,0.00,0.00,0,0,0.00,0,0.00
2026-03-29 15:16:43,656.38,0,0,0,0,0,0,0,0.00,0,0.00,3.33,1.16,0.00,0.00,D,0.00,12.00,1.42,12.00,0.57,^,0.00,,8.60,9.00,504,8.62,50.5,0,0,0.00,0.00,0.00,12.00,0.00,0.00,0,0,0.00,0,0.00
2026-03-29 15:16:44,657.40,0,0,0,0,0,0,0,0.00,0,0.00,3.33,1.16,0.00,0.00,D,0.00,12.00,1.48,12.00,0.51,^,0.00,,12.10,9.30,504,9.64,50.5,0,0,0.00,0.00,0.00,12.00,0.00,0.00,0,0,0.00,0,0.00
2026-03-29 15:16:45,658.41,0,0,0,0,0,0,0,1.00,0,1.00,3.33,1.15,0.00,0.33,D,0.00,12.00,1.48,12.00,0.50,^,0.00,,11.00,9.30,504,0.16,50.5,0,0,0.00,0.00,0.00,12.00,0.00,0.00,0,0,0.00,0,0.00
2026-03-29 15:16:46,659.43,0,0,0,0,0,0,0,0.00,0,1.00,3.33,1.15,0.83,0.84,D,0.00,12.00,1.52,12.00,0.56,^,0.00,,15.40,9.30,504,0.00,51.0,0,0,0.00,0.00,0.00,12.00,0.00,0.00,0,0,0.00,0,0.00
2026-03-29 15:16:47,660.43,0,0,0,0,0,0,0,0.00,0,1.00,3.33,1.15,2.68,1.00,D,0.00,12.00,0.97,12.00,0.82,^,0.00,,18.60,9.30,504,0.00,51.0,0,0,0.00,0.00,0.00,12.00,0.00,0.00,0,0,0.00,0,0.00
2026-03-29 15:16:48,661.43,0,0,0,0,0,0,0,0.00,0,1.00,3.33,1.16,2.74,1.00,D,0.00,12.00,1.29,12.00,0.97,^,0.00,,10.90,9.30,504,0.00,49.9,0,0,0.00,0.00,0.00,12.00,0.00,0.00,0,0,0.00,0,0.00
2026-03-29 15:16:49,662.44,0,0,0,0,0,0,0,0.00,0,1.00,3.33,1.16,2.78,1.00,D,0.00,12.00,12.00,12.00,0.89,^,0.00,,18.80,9.20,504,0.00,51.0,0,0,0.00,0.00,0.00,12.00,0.00,0.00,0,0,0.00,0,0.00
2026-03-29 15:16:50,663.45,0,0,0,0,0,0,0,0.00,0,1.00,3.33,1.16,2.62,1.00,D,0.00,12.00,12.00,12.00,0.81,^,0.00,,13.50,9.30,504,0.00,49.9,0,0,0.00,0.00,0.00,12.00,0.00,0.00,0,0,0.00,0,0.00
2026-03-29 15:16:51,664.46,0,0,0,0,0,0,0,0.00,0,0.00,3.33,1.16,2.82,0.92,D,0.00,12.00,12.00,1.66,0.88,^,0.00,,15.90,9.30,504,0.00,50.5,0,0,0.00,0.00,0.00,12.00,0.00,0.00,0,0,0.00,0,0.00
2026-03-29 15:16:52,665.47,0,0,0,0,0,0,0,0.91,0,0.00,3.33,1.16,1.72,0.31,D,0.00,12.00,1.04,1.30,0.92,^,0.00,,17.90,9.40,504,0.00,51.6,0,0,0.00,0.00,0.00,12.00,0.00,0.00,0,0,0.00,0,0.00
2026-03-29 15:16:53,666.48,0,0,0,0,0,0,0,0.34,0,0.00,3.33,1.16,0.00,0.00,D,0.00,12.00,12.00,12.00,0.74,^,0.00,,12.80,9.40,504,0.04,51.0,0,0,0.00,0.00,0.00,12.00,0.00,0.00,0,0,0.00,0,0.00
2026-03-29 15:16:54,667.49,0,0,0,0,0,0,0,1.00,0,0.00,3.33,1.16,0.00,0.00,D,0.00,12.00,12.00,12.00,0.74,^,0.00,,16.60,9.30,504,1.06,51.0,0,0,0.00,0.00,0.00,12.00,0.00,0.00,0,0,0.00,0,0.00
2026-03-29 15:16:55,668.51,0,0,0,0,0,0,0,1.00,0,0.00,3.33,1.16,0.00,0.00,D,0.00,12.00,12.00,12.00,0.91,^,0.00,,9.30,9.40,504,2.07,51.0,0,0,0.00,0.00,0.00,12.00,0.00,0.00,0,0,0.00,0,0.00
2026-03-29 15:16:56,669.52,0,0,0,0,0,0,0,1.00,0,0.00,3.33,1.16,0.00,0.00,D,0.00,12.00,12.00,12.00,1.00,^,0.00,,18.10,9.30,504,3.09,49.9,0,0,0.00,0.00,0.00,12.00,0.00,0.00,0,0,0.00,0,0.00
2026-03-29 15:16:57,670.53,0,0,0,0,0,0,0,1.00,0,0.00,3.33,1.16,0.00,0.00,D,0.00,12.00,12.00,12.00,0.99,^,0.00,,18.20,9.40,504,4.09,51.0,0,0,0.00,0.00,0.00,12.00,0.00,0.00,0,0,0.00,0,0.00
2026-03-29 15:16:58,671.54,0,0,0,0,0,0,0,0.00,0,0.00,3.33,1.16,0.00,0.00,D,0.00,12.00,12.00,12.00,1.01,^,0.00,,15.00,9.30,504,5.11,49.9,0,0,0.00,0.00,0.00,12.00,0.00,0.00,0,0,0.00,0,0.00
2026-03-29 15:16:59,672.56,0,0,0,0,0,0,0,0.00,0,0.00,3.33,1.15,0.00,0.00,D,0.00,12.00,12.00,12.00,1.01,^,0.00,,10.90,9.10,504,6.12,51.0,0,0,0.00,0.00,0.00,12.00,0.00,0.00,0,0,0.00,0,0.00
2026-03-29 15:17:00,673.57,0,0,0,0,0,0,0,0.00,0,0.00,3.33,1.15,0.00,0.00,D,0.00,12.00,12.00,12.00,0.89,^,0.00,,7.60,9.40,504,7.14,49.4,0,0,0.00,0.00,0.00,12.00,0.00,0.00,0,0,0.00,0,0.00
2026-03-29 15:17:01,674.59,0,0,0,0,0,0,0,0.00,0,0.00,3.33,1.15,0.00,0.00,D,0.00,12.00,12.00,12.00,0.69,^,0.00,,12.70,9.40,504,8.15,51.0,0,0,0.00,0.00,0.00,12.00,0.00,0.00,0,0,0.00,0,0.00
2026-03-29 15:17:02,675.60,0,0,0,0,0,0,0,0.00,0,0.00,3.33,1.15,0.00,0.00,D,0.00,12.00,12.00,12.00,0.52,^,0.00,,7.40,9.40,504,9.16,49.9,0,0,0.00,0.00,0.00,12.00,0.00,0.00,0,0,0.00,0,0.00
2026-03-29 15:17:03,676.61,0,0,0,0,0,0,0,0.00,0,0.00,3.33,1.15,0.00,0.00,D,0.00,12.00,12.00,12.00,0.55,^,0.00,,8.70,9.20,504,10.18,50.5,0,0,0.00,0.00,0.00,12.00,0.00,0.00,0,0,0.00,0,0.00
2026-03-29 15:17:04,677.61,0,0,0,0,0,0,0,0.00,0,0.00,3.33,1.15,0.00,0.00,D,0.00,12.00,12.00,12.00,0.77,^,0.00,,10.90,9.20,504,11.18,50.5,0,0,0.00,0.00,0.00,12.00,0.00,0.00,0,0,0.00,0,0.00
2026-03-29 15:17:05,678.63,0,0,0,0,0,0,0,0.00,0,0.00,3.33,1.14,0.00,0.00,D,0.00,12.00,12.00,12.00,0.80,^,0.00,,8.10,9.30,504,12.19,49.9,0,0,0.00,0.00,0.00,12.00,0.00,0.00,0,0,0.00,0,0.00
2026-03-29 15:17:06,679.63,0,0,0,0,0,0,0,0.00,0,0.00,3.33,1.14,0.00,0.00,D,0.00,12.00,12.00,12.00,0.80,^,0.00,,11.90,9.20,504,13.19,51.0,0,0,0.00,0.00,0.00,12.00,0.00,0.00,0,0,0.00,0,0.00
2026-03-29 15:17:07,680.63,0,0,0,0,0,0,0,0.00,0,0.00,3.33,1.14,0.00,0.00,D,0.00,12.00,12.00,12.00,0.77,^,0.00,,8.40,9.20,504,14.19,50.5,0,0,0.00,0.00,0.00,12.00,0.00,0.00,0,0,0.00,0,0.00
2026-03-29 15:17:08,681.65,0,0,0,0,0,0,0,0.00,0,0.00,3.33,1.14,0.00,0.00,D,0.00,12.00,12.00,12.00,0.76,^,0.00,,8.30,9.10,504,15.21,50.5,0,0,0.00,0.00,0.00,12.00,0.00,0.00,0,0,0.00,0,0.00
2026-03-29 15:17:09,682.66,0,0,0,0,0,0,0,0.00,0,0.00,3.33,1.14,0.00,0.00,D,0.00,12.00,12.00,12.00,0.77,^,0.00,,12.00,9.20,504,16.22,50.5,0,0,0.00,0.00,0.00,12.00,0.00,0.00,0,0,0.00,0,0.00
2026-03-29 15:17:10,683.67,0,0,0,0,0,0,0,0.73,0,0.00,3.33,1.13,0.00,0.00,D,0.00,12.00,12.00,12.00,0.78,^,0.00,,9.40,9.30,504,17.23,49.9,0,0,0.00,0.00,0.00,12.00,0.00,0.00,0,0,0.00,0,0.00
2026-03-29 15:17:11,684.68,0,0,0,0,0,0,0,0.81,0,0.00,3.33,1.13,0.00,0.00,D,0.00,12.00,12.00,12.00,0.77,^,0.00,,16.00,9.40,504,18.24,49.9,0,0,0.00,0.00,0.00,12.00,0.00,0.00,0,0,0.00,0,0.00
2026-03-29 15:17:12,685.68,0,0,0,0,0,0,0,0.00,0,0.00,3.33,1.13,0.00,0.00,D,0.00,12.00,12.00,12.00,0.77,^,0.00,,11.60,9.40,504,19.24,49.9,0,0,0.00,0.00,0.00,12.00,0.00,0.00,0,0,0.00,0,0.00
2026-03-29 15:17:13,686.69,0,0,0,0,0,0,0,0.00,0,0.00,3.33,1.13,0.00,0.00,D,0.00,12.00,12.00,12.00,0.77,^,0.00,,8.10,9.30,504,20.26,50.5,0,0,0.00,0.00,0.00,12.00,0.00,0.00,0,0,0.00,0,0.00
2026-03-29 15:17:14,687.70,0,0,0,0,0,0,0,0.00,0,0.00,3.33,1.13,0.00,0.00,D,0.00,12.00,12.00,12.00,0.76,^,0.00,,10.20,9.30,504,21.26,48.8,0,0,0.00,0.00,0.00,12.00,0.00,0.00,0,0,0.00,0,0.00
2026-03-29 15:17:15,688.71,0,0,0,0,0,0,0,0.00,0,0.00,3.33,1.13,0.00,0.00,D,0.00,12.00,12.00,12.00,0.75,^,0.00,,7.40,9.40,504,22.27,49.9,0,0,0.00,0.00,0.00,12.00,0.00,0.00,0,0,0.00,0,0.00
2026-03-29 15:17:16,689.71,0,0,0,0,0,0,0,0.00,0,0.00,3.33,1.12,0.00,0.00,D,0.00,12.00,12.00,12.00,0.76,^,0.00,,12.40,9.40,504,23.28,51.0,0,0,0.00,0.00,0.00,12.00,0.00,0.00,0,0,0.00,0,0.00
2026-03-29 15:17:17,690.72,0,0,0,0,0,0,0,0.00,0,0.00,3.33,1.12,0.00,0.00,D,0.00,12.00,12.00,1.40,0.76,^,0.00,,7.90,9.40,504,24.28,49.9,0,0,0.00,0.00,0.00,12.00,0.00,0.00,0,0,0.00,0,0.00
2026-03-29 15:17:18,691.74,0,0,0,0,0,0,0,0.00,0,0.00,3.33,1.12,0.00,0.00,D,0.00,12.00,12.00,1.33,0.76,^,0.00,,8.80,9.30,504,25.30,49.9,0,0,0.00,0.00,0.00,12.00,0.00,0.00,0,0,0.00,0,0.00
2026-03-29 15:17:19,692.74,0,0,0,0,0,0,0,0.00,0,0.00,3.33,1.12,0.00,0.00,D,0.00,12.00,12.00,1.19,0.73,^,0.00,,12.00,9.30,504,26.30,49.9,0,0,0.00,0.00,0.00,12.00,0.00,0.00,0,0,0.00,0,0.00
2026-03-29 15:17:20,693.75,0,0,0,0,0,0,0,0.00,0,0.00,3.33,1.12,0.00,0.00,D,0.00,12.00,12.00,1.30,0.50,^,0.00,,8.30,9.40,504,27.31,49.9,0,0,0.00,0.00,0.00,12.00,0.00,0.00,0,0,0.00,0,0.00
2026-03-29 15:17:21,694.77,0,0,0,0,0,0,0,0.00,0,0.00,3.33,1.12,0.00,0.00,D,0.00,12.00,12.00,1.48,0.55,^,0.00,,11.90,9.30,504,28.33,51.0,0,0,0.00,0.00,0.00,12.00,0.00,0.00,0,0,0.00,0,0.00
2026-03-29 15:17:22,695.78,0,0,0,0,0,0,0,0.00,0,0.00,3.33,1.12,0.00,0.00,D,0.00,12.00,12.00,1.46,0.54,^,0.00,,8.30,9.30,504,29.34,50.5,0,0,0.00,0.00,0.00,12.00,0.00,0.00,0,0,0.00,0,0.00
2026-03-29 15:17:23,696.79,0,0,0,0,0,0,0,0.00,0,0.00,3.33,1.11,0.00,0.00,D,0.00,12.00,12.00,1.46,0.53,^,0.00,,10.10,9.20,504,30.36,49.4,0,0,0.00,0.00,0.00,12.00,0.00,0.00,0,0,0.00,0,0.00
2026-03-29 15:17:24,697.80,0,0,0,0,0,0,0,0.00,0,0.00,3.33,1.11,0.00,0.00,D,0.00,12.00,12.00,1.40,0.53,^,0.00,,11.10,9.20,504,31.37,48.8,0,0,0.00,0.00,0.00,12.00,0.00,0.00,0,0,0.00,0,0.00
2026-03-29 15:17:25,698.82,0,0,0,0,0,0,0,0.00,0,0.00,3.33,1.11,0.00,0.00,D,0.00,12.00,12.00,1.39,0.54,^,0.00,,8.80,9.20,504,32.38,49.4,0,0,0.00,0.00,0.00,12.00,0.00,0.00,0,0,0.00,0,0.00
2026-03-29 15:17:26,699.82,0,0,0,0,0,0,0,0.00,0,0.00,3.33,1.11,0.00,0.00,D,0.00,12.00,12.00,1.44,0.51,^,0.00,,11.80,9.20,504,33.38,50.5,0,0,0.00,0.00,0.00,12.00,0.00,0.00,0,0,0.00,0,0.00
2026-03-29 15:17:27,700.83,0,0,0,0,0,0,0,0.00,0,0.00,3.33,1.11,0.00,0.00,D,0.00,12.00,12.00,1.22,0.47,^,0.00,,8.50,9.20,504,34.39,48.3,0,0,0.00,0.00,0.00,12.00,0.00,0.00,0,0,0.00,0,0.00
2026-03-29 15:17:28,701.85,0,0,0,0,0,0,0,0.00,0,0.00,3.33,1.11,0.00,0.00,D,0.00,12.00,12.00,12.00,0.50,^,0.00,,10.40,9.10,504,35.41,48.8,0,0,0.00,0.00,0.00,12.00,0.00,0.00,0,0,0.00,0,0.00
2026-03-29 15:17:29,702.86,0,0,0,0,0,0,0,0.00,0,0.00,3.33,1.10,0.00,0.00,D,0.00,12.00,12.00,12.00,0.51,^,0.00,,11.10,9.20,504,36.42,50.5,0,0,0.00,0.00,0.00,12.00,0.00,0.00,0,0,0.00,0,0.00
2026-03-29 15:17:30,703.87,0,0,0,0,0,0,0,0.00,0,0.00,3.33,1.10,0.00,0.00,D,0.00,12.00,12.00,12.00,0.51,^,0.00,,9.00,9.20,504,37.43,48.8,0,0,0.00,0.00,0.00,12.00,0.00,0.00,0,0,0.00,0,0.00
2026-03-29 15:17:31,704.89,0,0,0,0,0,0,0,1.00,0,1.00,3.33,1.10,0.00,0.19,D,0.00,12.00,12.00,12.00,0.50,^,0.00,,15.60,9.20,504,38.45,49.9,0,0,0.00,0.00,0.00,12.00,0.00,0.00,0,0,0.00,0,0.00
2026-03-29 15:17:33,705.90,0,0,0,0,0,0,0,1.00,0,1.00,3.33,1.10,0.25,0.69,D,0.00,12.00,12.00,12.00,0.43,^,0.00,,11.00,9.20,504,0.00,49.4,0,0,0.00,0.00,0.00,12.00,0.00,0.00,0,0,0.00,0,0.00
2026-03-29 15:17:34,706.91,0,0,0,0,0,0,0,0.00,0,1.00,3.33,1.10,2.38,1.00,D,0.00,12.00,12.00,12.00,0.55,^,0.00,,12.10,9.20,504,0.00,49.4,0,0,0.00,0.00,0.00,12.00,0.00,0.00,0,0,0.00,0,0.00
2026-03-29 15:17:35,707.92,0,0,0,0,0,0,0,0.00,0,1.00,3.33,1.10,2.73,1.00,D,0.00,12.00,12.00,12.00,1.06,^,0.00,,14.50,9.30,504,0.00,49.9,0,0,0.00,0.00,0.00,12.00,0.00,0.00,0,0,0.00,0,0.00
2026-03-29 15:17:36,708.94,0,0,0,0,0,0,0,0.00,0,1.00,3.33,1.10,2.81,1.00,D,0.00,12.00,12.00,12.00,0.89,^,0.00,,10.60,9.40,504,0.00,48.8,0,0,0.00,0.00,0.00,12.00,0.00,0.00,0,0,0.00,0,0.00
2026-03-29 15:17:37,709.95,0,0,0,0,0,0,0,0.00,0,1.00,3.33,1.11,2.67,1.00,D,0.00,12.00,12.00,12.00,0.71,^,0.00,,18.60,9.60,504,0.00,51.0,0,0,0.00,0.00,0.00,12.00,0.00,0.00,0,0,0.00,0,0.00
2026-03-29 15:17:38,710.95,0,0,0,0,0,0,0,0.00,0,1.00,3.33,1.11,2.55,1.00,D,0.00,12.00,12.00,12.00,0.60,^,0.00,,14.10,9.60,504,0.00,50.5,0,0,0.00,0.00,0.00,12.00,0.00,0.00,0,0,0.00,0,0.00
2026-03-29 15:17:39,711.97,0,0,0,0,0,0,0,1.00,0,1.00,3.33,1.11,2.88,1.00,D,0.00,12.00,1.83,12.00,0.73,^,0.00,,13.30,9.40,504,0.00,51.0,0,0,0.00,0.00,0.00,12.00,0.00,0.00,0,0,0.00,0,0.00
2026-03-29 15:17:40,712.97,0,0,0,0,0,0,0,0.73,0,1.00,3.33,1.11,2.67,1.00,D,0.00,12.00,1.63,12.00,0.80,^,0.00,,19.50,9.50,504,0.00,49.4,0,0,0.00,0.00,0.00,12.00,0.00,0.00,0,0,0.00,0,0.00
2026-03-29 15:17:41,713.99,0,0,0,0,0,0,0,0.00,0,1.00,3.33,1.12,2.77,1.00,D,0.00,12.00,1.49,12.00,0.71,^,0.00,,9.60,9.70,504,0.00,49.4,0,0,0.00,0.00,0.00,12.00,0.00,0.00,0,0,0.00,0,0.00
2026-03-29 15:17:42,715.01,0,0,0,0,0,0,0,0.92,0,1.00,3.33,1.12,2.78,1.00,D,0.00,12.00,1.29,12.00,0.62,^,0.00,,16.50,9.70,504,0.00,51.6,0,0,0.00,0.00,0.00,12.00,0.00,0.00,0,0,0.00,0,0.00
2026-03-29 15:17:43,716.00,0,0,0,0,0,0,0,0.00,0,1.00,3.33,1.12,2.63,1.00,D,0.00,12.00,12.00,12.00,0.56,^,0.00,,13.50,9.60,504,0.00,51.0,0,0,0.00,0.00,0.00,12.00,0.00,0.00,0,0,0.00,0,0.00
2026-03-29 15:17:44,717.02,0,0,0,0,0,0,0,0.00,0,1.00,3.33,1.12,2.79,1.00,D,0.00,12.00,2.11,12.00,0.90,^,0.00,,13.20,9.50,504,0.00,51.0,0,0,0.00,0.00,0.00,12.00,0.00,0.00,0,0,0.00,0,0.00
2026-03-29 15:17:45,718.03,0,0,0,0,0,0,0,1.00,0,1.00,3.33,1.12,2.62,1.00,D,0.00,1.63,1.53,12.00,0.92,^,0.00,,16.20,9.50,504,0.00,50.5,0,0,0.00,0.00,0.00,1.63,0.00,0.00,0,0,0.00,0,0.00
2026-03-29 15:17:46,719.05,0,0,0,0,0,0,0,1.00,0,1.00,3.33,1.13,1.65,1.00,D,0.00,12.00,12.00,12.00,0.83,^,0.00,,9.10,9.50,504,0.00,50.5,0,0,0.00,0.00,0.00,12.00,0.00,0.00,0,0,0.00,0,0.00
2026-03-29 15:17:47,720.05,0,0,0,0,0,0,0,1.00,0,1.00,3.33,1.13,1.80,1.00,D,0.00,12.00,12.00,1.74,1.18,^,0.00,,16.50,9.40,504,0.00,49.4,0,0,0.00,0.00,0.00,12.00,0.00,0.00,0,0,0.00,0,0.00
2026-03-29 15:17:48,721.06,0,0,0,0,0,0,0,1.00,0,1.00,3.33,1.13,2.12,0.85,D,0.00,12.00,12.00,12.00,1.11,^,0.00,,14.30,9.40,504,0.00,49.9,0,0,0.00,0.00,0.00,12.00,0.00,0.00,0,0,0.00,0,0.00
2026-03-29 15:17:49,722.09,0,0,0,0,0,0,0,0.16,0,1.00,3.33,1.13,2.84,1.00,D,0.00,12.00,12.00,12.00,0.84,^,0.00,,14.40,9.40,504,0.00,49.4,0,0,0.00,0.00,0.00,12.00,0.00,0.00,0,0,0.00,0,0.00
2026-03-29 15:17:50,723.09,0,0,0,0,0,0,0,1.00,0,1.00,3.33,1.13,2.84,1.00,D,0.00,12.00,12.00,12.00,0.29,^,0.00,,13.20,9.30,504,0.00,49.9,0,0,0.00,0.00,0.00,12.00,0.00,0.00,0,0,0.00,0,0.00
2026-03-29 15:17:51,724.11,0,0,0,0,0,0,0,0.00,0,1.00,3.33,1.13,2.23,1.00,D,0.00,12.00,12.00,12.00,0.60,^,0.00,,12.30,9.50,504,0.00,49.9,0,0,0.00,0.00,0.00,12.00,0.00,0.00,0,0,0.00,0,0.00
2026-03-29 15:17:52,725.12,0,0,0,0,0,0,0,0.00,0,1.00,3.33,1.14,2.84,1.00,D,0.00,12.00,12.00,12.00,1.11,^,0.00,,16.00,9.50,504,0.00,50.5,0,0,0.00,0.00,0.00,12.00,0.00,0.00,0,0,0.00,0,0.00
2026-03-29 15:17:53,726.12,0,0,0,0,0,0,0,0.00,0,1.00,3.33,1.14,2.79,1.00,D,0.00,12.00,2.09,12.00,1.17,^,0.00,,15.40,9.40,504,0.00,50.5,0,0,0.00,0.00,0.00,12.00,0.00,0.00,0,0,0.00,0,0.00
2026-03-29 15:17:54,727.12,0,0,0,0,0,0,0,0.00,0,0.00,3.33,1.14,2.73,0.77,D,0.00,12.00,2.11,12.00,1.18,^,0.00,,14.00,9.40,504,0.00,49.4,0,0,0.00,0.00,0.00,12.00,0.00,0.00,0,0,0.00,0,0.00
2026-03-29 15:17:55,728.14,0,0,0,0,0,0,0,0.99,0,1.00,3.33,1.14,2.34,1.00,D,0.00,1.20,1.31,12.00,0.98,^,0.00,,14.40,9.30,504,0.00,49.4,0,0,0.00,0.00,0.00,1.20,0.00,0.00,0,0,0.00,0,0.00
2026-03-29 15:17:56,729.15,0,0,0,0,0,0,0,0.99,0,1.00,3.33,1.14,1.47,1.00,D,0.00,1.32,1.37,0.55,0.47,^,0.00,,8.40,9.30,504,0.00,49.9,0,0,0.00,0.00,0.00,1.32,0.00,0.00,0,0,0.00,0,0.00
2026-03-29 15:17:57,730.16,0,0,0,0,0,0,0,0.00,0,1.00,3.33,1.14,0.87,1.00,D,0.00,0.80,1.13,0.39,0.40,CAUTION_WARNING,0.00,,14.00,9.40,504,0.00,49.9,0,0,0.00,0.00,0.00,0.80,0.00,0.00,0,0,0.00,0,0.00
2026-03-29 15:17:58,731.18,0,0,0,0,0,0,0,0.00,0,0.00,3.33,1.14,0.01,0.54,D,0.00,0.97,1.08,0.43,0.02,CAUTION_WARNING,0.00,,8.20,9.20,504,0.13,48.8,0,0,0.00,0.00,0.00,0.97,0.00,0.00,0,0,0.00,0,0.00
2026-03-29 15:17:59,732.18,0,0,0,0,0,0,0,1.00,0,1.00,3.33,1.14,0.02,0.36,D,0.00,0.95,1.07,0.43,0.30,CAUTION_WARNING,0.00,,12.20,9.20,504,0.02,51.0,0,0,0.00,0.00,0.00,0.95,0.00,0.00,0,0,0.00,0,0.00
2026-03-29 15:18:00,733.19,0,0,0,0,0,0,0,1.00,0,1.00,3.33,1.14,0.80,0.87,D,0.00,0.90,1.01,0.46,0.28,CAUTION_WARNING,0.00,,7.90,9.30,504,0.00,49.9,0,0,0.00,0.00,0.00,0.90,0.00,0.00,0,0,0.00,0,0.00
2026-03-29 15:18:01,734.21,0,0,0,0,0,0,0,0.00,0,1.00,3.33,1.14,2.60,1.00,D,0.00,12.00,0.72,12.00,0.59,^,0.00,,12.30,9.30,504,0.00,48.8,0,0,0.00,0.00,0.00,12.00,0.00,0.00,0,0,0.00,0,0.00
2026-03-29 15:18:02,735.21,0,0,0,0,0,0,0,1.00,0,1.00,3.33,1.14,2.68,1.00,D,0.00,12.00,1.06,12.00,0.95,^,0.00,,18.30,9.30,504,0.00,49.4,0,0,0.00,0.00,0.00,12.00,0.00,0.00,0,0,0.00,0,0.00
2026-03-29 15:18:03,736.22,0,0,0,0,0,0,0,0.40,0,1.00,3.33,1.15,2.73,1.00,D,0.00,12.00,12.00,12.00,1.11,^,0.00,,11.50,9.30,504,0.00,48.8,0,0,0.00,0.00,0.00,12.00,0.00,0.00,0,0,0.00,0,0.00
2026-03-29 15:18:04,737.22,0,0,0,0,0,0,0,0.00,0,1.00,3.33,1.15,2.79,1.00,D,0.00,12.00,12.00,12.00,0.84,^,0.00,,13.60,9.30,504,0.00,51.0,0,0,0.00,0.00,0.00,12.00,0.00,0.00,0,0,0.00,0,0.00
2026-03-29 15:18:05,738.24,0,0,0,0,0,0,0,0.00,0,1.00,3.33,1.15,2.59,1.00,D,0.00,12.00,12.00,12.00,0.78,^,0.00,,17.40,9.40,504,0.00,49.4,0,0,0.00,0.00,0.00,12.00,0.00,0.00,0,0,0.00,0,0.00
2026-03-29 15:18:06,739.25,0,0,0,0,0,0,0,0.00,0,1.00,3.33,1.15,2.83,1.00,D,0.00,12.00,12.00,12.00,0.68,^,0.00,,12.30,9.30,504,0.00,49.4,0,0,0.00,0.00,0.00,12.00,0.00,0.00,0,0,0.00,0,0.00
2026-03-29 15:18:07,740.26,0,0,0,0,0,0,0,0.00,0,1.00,3.33,1.15,2.67,1.00,D,0.00,12.00,12.00,12.00,0.71,^,0.00,,19.10,9.30,504,0.00,48.8,0,0,0.00,0.00,0.00,12.00,0.00,0.00,0,0,0.00,0,0.00
2026-03-29 15:18:08,741.31,0,0,0,0,0,0,0,0.00,0,1.00,3.33,1.16,2.77,1.00,D,0.00,12.00,1.84,12.00,0.82,^,0.00,,9.00,9.10,504,0.00,48.8,0,0,0.00,0.00,0.00,12.00,0.00,0.00,0,0,0.00,0,0.00
2026-03-29 15:18:09,742.28,0,0,0,0,0,0,0,0.00,0,1.00,3.33,1.16,2.74,1.00,D,0.00,12.00,1.79,12.00,0.82,^,0.00,,13.30,9.30,504,0.00,51.6,0,0,0.00,0.00,0.00,12.00,0.00,0.00,0,0,0.00,0,0.00
2026-03-29 15:18:10,743.29,0,0,0,0,0,0,0,0.36,0,1.00,3.33,1.16,2.81,1.00,D,0.00,12.00,1.76,12.00,0.72,^,0.00,,16.60,9.20,504,0.00,50.5,0,0,0.00,0.00,0.00,12.00,0.00,0.00,0,0,0.00,0,0.00
2026-03-29 15:18:11,744.30,0,0,0,0,0,0,0,0.00,0,1.00,3.33,1.16,2.77,1.00,D,0.00,12.00,12.00,12.00,0.84,^,0.00,,14.60,9.20,504,0.00,49.9,0,0,0.00,0.00,0.00,12.00,0.00,0.00,0,0,0.00,0,0.00
2026-03-29 15:18:12,745.32,0,0,0,0,0,0,0,1.00,0,0.00,3.33,1.17,2.54,0.72,D,0.00,12.00,12.00,12.00,1.15,^,0.00,,20.20,9.20,504,0.00,49.9,0,0,0.00,0.00,0.00,12.00,0.00,0.00,0,0,0.00,0,0.00
2026-03-29 15:18:13,746.33,0,0,0,0,0,0,0,1.00,0,1.00,3.33,1.17,1.21,0.80,D,0.00,12.00,12.00,12.00,0.85,^,0.00,,17.50,9.60,504,0.00,50.5,0,0,0.00,0.00,0.00,12.00,0.00,0.00,0,0,0.00,0,0.00
2026-03-29 15:18:14,747.33,0,0,0,0,0,0,0,0.00,0,1.00,3.33,1.17,2.23,1.00,D,0.00,12.00,12.00,12.00,0.70,^,0.00,,17.50,9.90,504,0.00,50.5,0,0,0.00,0.00,0.00,12.00,0.00,0.00,0,0,0.00,0,0.00
2026-03-29 15:18:15,748.34,0,0,0,0,0,0,0,0.00,0,1.00,3.33,1.17,2.60,1.00,D,0.00,12.00,12.00,12.00,1.20,^,0.00,,15.00,9.90,504,0.00,49.9,0,0,0.00,0.00,0.00,12.00,0.00,0.00,0,0,0.00,0,0.00
2026-03-29 15:18:16,749.34,0,0,0,0,0,0,0,0.00,0,1.00,3.33,1.17,2.53,1.00,D,0.00,12.00,12.00,12.00,1.27,^,0.00,,15.30,9.80,504,0.00,48.8,0,0,0.00,0.00,0.00,12.00,0.00,0.00,0,0,0.00,0,0.00
2026-03-29 15:18:17,750.36,0,0,0,0,0,0,0,0.00,0,1.00,3.33,1.17,2.62,1.00,D,0.00,12.00,12.00,12.00,1.54,^,0.00,,22.80,9.40,504,0.00,50.5,0,0,0.00,0.00,0.00,12.00,0.00,0.00,0,0,0.00,0,0.00
2026-03-29 15:18:18,751.37,0,0,0,0,0,0,0,0.00,0,1.00,3.33,1.17,2.72,1.00,D,0.00,12.00,12.00,12.00,1.37,^,0.00,,22.40,9.30,504,0.00,49.4,0,0,0.00,0.00,0.00,12.00,0.00,0.00,0,0,0.00,0,0.00
2026-03-29 15:18:19,752.39,0,0,0,0,0,0,0,0.00,0,1.00,3.33,1.18,2.63,1.00,D,0.00,12.00,12.00,12.00,1.03,^,0.00,,17.80,9.50,504,0.00,51.6,0,0,0.00,0.00,0.00,12.00,0.00,0.00,0,0,0.00,0,0.00
2026-03-29 15:18:20,753.40,0,0,0,0,0,0,0,1.00,0,1.00,3.33,1.18,2.61,1.00,D,0.00,12.00,12.00,12.00,0.97,^,0.00,,17.00,9.50,504,0.00,51.6,0,0,0.00,0.00,0.00,12.00,0.00,0.00,0,0,0.00,0,0.00
2026-03-29 15:18:21,754.40,0,0,0,0,0,0,0,0.00,0,1.00,3.33,1.18,2.61,1.00,D,0.00,12.00,12.00,12.00,0.96,^,0.00,,11.50,9.50,504,0.00,50.5,0,0,0.00,0.00,0.00,12.00,0.00,0.00,0,0,0.00,0,0.00
2026-03-29 15:18:22,755.41,0,0,0,0,0,0,0,0.00,0,1.00,3.33,1.18,2.39,1.00,D,0.00,12.00,12.00,12.00,0.87,^,0.00,,22.60,9.50,504,0.00,49.9,0,0,0.00,0.00,0.00,12.00,0.00,0.00,0,0,0.00,0,0.00
2026-03-29 15:18:23,756.43,0,0,0,0,0,0,0,0.00,0,1.00,3.33,1.18,2.83,1.00,D,0.00,12.00,12.00,12.00,1.05,^,0.00,,15.60,9.50,504,0.00,49.9,0,0,0.00,0.00,0.00,12.00,0.00,0.00,0,0,0.00,0,0.00
2026-03-29 15:18:24,757.44,0,0,0,0,0,0,0,0.86,0,1.00,3.33,1.19,2.59,1.00,D,0.00,12.00,12.00,12.00,0.71,^,0.00,,14.40,9.50,504,0.00,51.6,0,0,0.00,0.00,0.00,12.00,0.00,0.00,0,0,0.00,0,0.00
2026-03-29 15:18:25,758.46,0,0,0,0,0,0,0,0.00,0,1.00,3.33,1.19,2.49,1.00,D,0.00,12.00,2.73,12.00,0.73,^,0.00,,17.40,9.60,504,0.00,49.9,0,0,0.00,0.00,0.00,12.00,0.00,0.00,0,0,0.00,0,0.00
2026-03-29 15:18:26,759.46,0,0,0,0,0,0,0,1.00,0,1.00,3.33,1.19,2.88,1.00,D,0.00,12.00,2.20,12.00,0.76,^,0.00,,10.30,9.50,504,0.00,49.9,0,0,0.00,0.00,0.00,12.00,0.00,0.00,0,0,0.00,0,0.00
2026-03-29 15:18:27,760.46,0,0,0,0,0,0,0,0.00,0,1.00,3.33,1.19,2.30,1.00,D,0.00,12.00,12.00,12.00,0.94,^,0.00,,18.40,9.50,504,0.00,49.9,0,0,0.00,0.00,0.00,12.00,0.00,0.00,0,0,0.00,0,0.00
2026-03-29 15:18:28,761.48,0,0,0,0,0,0,0,0.00,0,1.00,3.33,1.19,2.57,1.00,D,0.00,12.00,12.00,12.00,0.88,^,0.00,,13.20,9.40,504,0.00,49.4,0,0,0.00,0.00,0.00,12.00,0.00,0.00,0,0,0.00,0,0.00
2026-03-29 15:18:29,762.49,0,0,0,0,0,0,0,0.00,0,1.00,3.33,1.20,2.35,1.00,D,0.00,12.00,12.00,12.00,1.02,^,0.00,,15.90,9.40,504,0.00,51.6,0,0,0.00,0.00,0.00,12.00,0.00,0.00,0,0,0.00,0,0.00
2026-03-29 15:18:30,763.49,0,0,0,0,0,0,0,0.00,0,1.00,3.33,1.20,2.56,1.00,D,0.00,12.00,12.00,12.00,0.85,^,0.00,,14.40,9.40,504,0.00,51.0,0,0,0.00,0.00,0.00,12.00,0.00,0.00,0,0,0.00,0,0.00
2026-03-29 15:18:31,764.50,0,0,0,0,0,0,0,1.00,0,1.00,3.33,1.20,2.68,1.00,D,0.00,1.81,1.56,12.00,0.71,^,0.00,,14.70,9.20,504,0.00,49.9,0,0,0.00,0.00,0.00,1.81,0.00,0.00,0,0,0.00,0,0.00
2026-03-29 15:18:32,765.50,0,0,0,0,0,0,0,1.00,0,1.00,3.33,1.20,2.48,1.00,D,0.00,12.00,1.08,12.00,0.69,^,0.00,,17.30,9.50,504,0.00,51.0,0,0,0.00,0.00,0.00,12.00,0.00,0.00,0,0,0.00,0,0.00
2026-03-29 15:18:33,766.52,0,0,0,0,0,0,0,0.00,0,1.00,3.33,1.20,2.33,1.00,D,0.00,12.00,12.00,12.00,0.69,^,0.00,,13.40,9.40,504,0.00,49.9,0,0,0.00,0.00,0.00,12.00,0.00,0.00,0,0,0.00,0,0.00
2026-03-29 15:18:34,767.52,0,0,0,0,0,0,0,0.77,0,1.00,3.33,1.20,2.41,1.00,D,0.00,12.00,12.00,12.00,0.50,^,0.00,,13.30,9.50,504,0.00,51.0,0,0,0.00,0.00,0.00,12.00,0.00,0.00,0,0,0.00,0,0.00
2026-03-29 15:18:35,768.63,0,0,0,0,0,0,0,0.00,0,1.00,3.33,1.21,2.65,1.00,D,0.00,12.00,12.00,12.00,0.67,^,0.00,,14.00,9.50,504,0.00,50.5,0,0,0.00,0.00,0.00,12.00,0.00,0.00,0,0,0.00,0,0.00
2026-03-29 15:18:36,769.54,0,0,0,0,0,0,0,0.00,0,1.00,3.33,1.21,2.77,1.00,D,0.00,12.00,12.00,12.00,0.95,^,0.00,,13.00,9.50,504,0.00,51.0,0,0,0.00,0.00,0.00,12.00,0.00,0.00,0,0,0.00,0,0.00
2026-03-29 15:18:37,770.56,0,0,0,0,0,0,0,0.00,0,1.00,3.33,1.21,2.82,1.00,D,0.00,12.00,12.00,12.00,1.20,^,0.00,,18.70,9.40,504,0.00,50.5,0,0,0.00,0.00,0.00,12.00,0.00,0.00,0,0,0.00,0,0.00
2026-03-29 15:18:38,771.57,0,0,0,0,0,0,0,1.00,0,1.00,3.33,1.21,2.55,1.00,D,0.00,12.00,12.00,12.00,1.50,^,0.00,,14.10,9.30,504,0.00,50.5,0,0,0.00,0.00,0.00,12.00,0.00,0.00,0,0,0.00,0,0.00
2026-03-29 15:18:39,772.59,0,0,0,0,0,0,0,1.00,0,1.00,3.33,1.21,2.49,1.00,D,0.00,12.00,12.00,12.00,1.97,^,0.00,,14.70,9.70,504,0.00,51.0,0,0,0.00,0.00,0.00,12.00,0.00,0.00,0,0,0.00,0,0.00
2026-03-29 15:18:40,773.59,0,0,0,0,0,0,0,0.00,0,1.00,3.33,1.22,2.42,1.00,D,0.00,12.00,12.00,1.59,1.59,^,0.00,,21.00,9.70,504,0.00,51.0,0,0,0.00,0.00,0.00,12.00,0.00,0.00,0,0,0.00,0,0.00
2026-03-29 15:18:41,774.61,0,0,0,0,0,0,0,1.00,0,1.00,3.33,1.22,2.05,1.00,D,0.00,1.32,1.31,12.00,12.00,^,0.00,,16.70,9.70,504,0.00,49.4,0,0,0.00,0.00,0.00,1.32,0.00,0.00,0,0,0.00,0,0.00
2026-03-29 15:18:42,775.61,0,0,0,0,0,0,0,0.00,0,1.00,3.33,1.22,2.17,1.00,D,0.00,1.19,0.74,1.89,0.82,^,0.00,,17.60,9.60,504,0.00,49.4,0,0,0.00,0.00,0.00,1.19,0.00,0.00,0,0,0.00,0,0.00
2026-03-29 15:18:43,776.62,0,0,0,0,0,0,0,0.00,0,1.00,3.33,1.22,2.15,1.00,D,0.00,12.00,0.70,1.81,0.64,^,0.00,,15.30,9.60,504,0.00,50.5,0,0,0.00,0.00,0.00,12.00,0.00,0.00,0,0,0.00,0,0.00
2026-03-29 15:18:44,777.64,0,0,0,0,0,0,0,0.00,0,1.00,3.33,1.22,2.26,1.00,D,0.00,1.65,0.86,1.66,0.84,^,0.00,,16.40,9.50,504,0.00,49.4,0,0,0.00,0.00,0.00,1.65,0.00,0.00,0,0,0.00,0,0.00
2026-03-29 15:18:45,778.64,0,0,0,0,0,0,0,1.00,0,1.00,3.33,1.22,2.44,1.00,D,0.00,0.60,0.78,1.33,0.85,CAUTION_WARNING,0.00,,16.10,9.40,504,0.00,50.5,0,0,0.00,0.00,0.00,0.60,0.00,0.00,0,0,0.00,0,0.00
2026-03-29 15:18:46,779.65,0,0,0,0,0,0,0,1.00,0,1.00,3.33,1.22,1.88,1.00,D,0.00,0.54,0.13,12.00,0.08,CAUTION_WARNING,0.00,,10.00,9.40,504,0.00,50.5,0,0,0.00,0.00,0.00,0.54,0.00,0.00,0,0,0.00,0,0.00
2026-03-29 15:18:47,780.67,0,0,0,0,0,0,0,0.00,0,1.00,3.33,1.22,2.12,1.00,D,0.00,12.00,0.57,12.00,0.40,^,0.00,,17.30,9.40,504,0.00,51.0,0,0,0.00,0.00,0.00,12.00,0.00,0.00,0,0,0.00,0,0.00
2026-03-29 15:18:48,781.68,0,0,0,0,0,0,0,0.00,0,1.00,3.33,1.23,2.56,1.00,D,0.00,12.00,12.00,12.00,1.20,^,0.00,,15.80,9.10,504,0.00,50.5,0,0,0.00,0.00,0.00,12.00,0.00,0.00,0,0,0.00,0,0.00
2026-03-29 15:18:49,782.70,0,0,0,0,0,0,0,0.84,0,1.00,3.33,1.23,2.36,1.00,D,0.00,12.00,12.00,3.03,1.90,^,0.00,,15.20,9.40,504,0.00,51.0,0,0,0.00,0.00,0.00,12.00,0.00,0.00,0,0,0.00,0,0.00
2026-03-29 15:18:50,783.71,0,0,0,0,0,0,0,1.00,0,1.00,3.33,1.23,2.31,1.00,D,0.00,12.00,12.00,2.33,12.00,^,0.00,,20.80,9.40,504,0.00,50.5,0,0,0.00,0.00,0.00,12.00,0.00,0.00,0,0,0.00,0,0.00
2026-03-29 15:18:51,784.71,0,0,0,0,0,0,0,1.00,0,1.00,3.33,1.23,2.34,1.00,D,0.00,1.76,1.78,1.63,12.00,^,0.00,,14.00,9.40,504,0.00,50.5,0,0,0.00,0.00,0.00,1.76,0.00,0.00,0,0,0.00,0,0.00
2026-03-29 15:18:52,785.73,0,0,0,0,0,0,0,0.00,0,1.00,3.33,1.23,2.36,1.00,D,0.00,12.00,0.90,1.15,1.37,^,0.00,,15.90,9.40,504,0.00,51.0,0,0,0.00,0.00,0.00,12.00,0.00,0.00,0,0,0.00,0,0.00
2026-03-29 15:18:53,786.74,0,0,0,0,0,0,0,0.61,0,1.00,3.33,1.23,2.46,1.00,D,0.00,12.00,12.00,1.64,0.60,^,0.00,,17.60,9.10,504,0.00,51.0,0,0,0.00,0.00,0.00,12.00,0.00,0.00,0,0,0.00,0,0.00
2026-03-29 15:18:54,787.75,0,0,0,0,0,0,0,0.00,0,1.00,3.33,1.23,2.35,1.00,D,0.00,12.00,12.00,2.33,1.35,^,0.00,,13.70,9.40,504,0.00,51.0,0,0,0.00,0.00,0.00,12.00,0.00,0.00,0,0,0.00,0,0.00
2026-03-29 15:18:55,788.74,0,0,0,0,0,0,0,0.00,0,1.00,3.33,1.24,2.67,1.00,D,0.00,12.00,12.00,1.56,2.38,^,0.00,,16.30,9.40,504,0.00,50.5,0,0,0.00,0.00,0.00,12.00,0.00,0.00,0,0,0.00,0,0.00
2026-03-29 15:18:56,789.74,0,0,0,0,0,0,0,0.16,0,1.00,3.33,1.24,2.60,1.00,D,0.00,12.00,12.00,1.32,1.31,^,0.00,,19.60,9.30,504,0.00,50.5,0,0,0.00,0.00,0.00,12.00,0.00,0.00,0,0,0.00,0,0.00
2026-03-29 15:18:57,790.76,0,0,0,0,0,0,0,0.00,0,1.00,3.33,1.24,2.46,1.00,D,0.00,12.00,12.00,12.00,1.55,^,0.00,,14.20,9.40,504,0.00,48.8,0,0,0.00,0.00,0.00,12.00,0.00,0.00,0,0,0.00,0,0.00
2026-03-29 15:18:58,791.77,0,0,0,0,0,0,0,0.00,0,1.00,3.33,1.24,2.46,1.00,D,0.00,12.00,12.00,12.00,12.00,^,0.00,,13.40,9.20,504,0.00,50.5,0,0,0.00,0.00,0.00,12.00,0.00,0.00,0,0,0.00,0,0.00
2026-03-29 15:18:59,792.78,0,0,0,0,0,0,0,-1.00,0,1.00,3.33,1.24,2.70,1.00,D,0.00,12.00,12.00,12.00,12.00,^,0.00,,11.40,9.30,504,0.00,50.5,0,0,0.00,0.00,0.00,12.00,0.00,0.00,0,0,0.00,0,0.00
2026-03-29 15:19:00,793.78,0,0,0,0,0,0,0,0.00,0,1.00,3.33,1.24,2.76,1.00,D,0.00,12.00,12.00,12.00,12.00,^,0.00,,19.50,9.30,504,0.00,49.4,0,0,0.00,0.00,0.00,12.00,0.00,0.00,0,0,0.00,0,0.00
2026-03-29 15:19:01,794.78,0,0,0,0,0,0,0,0.13,0,1.00,3.33,1.25,2.88,1.00,D,0.00,2.61,12.00,12.00,12.00,^,0.00,,14.50,9.60,504,0.00,49.4,0,0,0.00,0.00,0.00,2.61,0.00,0.00,0,0,0.00,0,0.00
2026-03-29 15:19:02,795.78,0,0,0,0,0,0,0,0.11,0,1.00,3.33,1.25,2.87,1.00,D,0.00,12.00,1.50,12.00,1.73,^,0.00,,16.80,9.70,504,0.00,51.0,0,0,0.00,0.00,0.00,12.00,0.00,0.00,0,0,0.00,0,0.00
2026-03-29 15:19:03,796.79,0,0,0,0,0,0,0,0.00,0,1.00,3.33,1.25,2.78,1.00,D,0.00,2.78,0.69,12.00,1.53,^,0.00,,18.60,9.50,504,0.00,51.0,0,0,0.00,0.00,0.00,2.78,0.00,0.00,0,0,0.00,0,0.00
2026-03-29 15:19:04,797.80,0,0,0,0,0,0,0,0.99,0,1.00,3.33,1.25,2.55,1.00,D,0.00,1.69,1.66,2.00,0.25,^,0.00,,16.00,9.60,504,0.00,49.9,0,0,0.00,0.00,0.00,1.69,0.00,0.00,0,0,0.00,0,0.00
2026-03-29 15:19:05,798.82,0,0,0,0,0,0,0,0.55,0,1.00,3.33,1.25,2.97,1.00,D,0.00,12.00,1.10,1.15,0.64,^,0.00,,19.20,9.60,504,0.00,51.6,0,0,0.00,0.00,0.00,12.00,0.00,0.00,0,0,0.00,0,0.00
2026-03-29 15:19:06,799.83,0,0,0,0,0,0,0,1.00,0,1.00,3.33,1.26,3.03,1.00,D,0.00,12.00,1.03,12.00,0.84,^,0.00,,18.30,9.70,504,0.00,50.5,0,0,0.00,0.00,0.00,12.00,0.00,0.00,0,0,0.00,0,0.00
2026-03-29 15:19:07,800.85,0,0,0,0,0,0,0,1.00,0,1.00,3.33,1.26,3.10,1.00,D,0.00,12.00,12.00,12.00,0.91,^,0.00,,14.50,9.60,504,0.00,50.5,0,0,0.00,0.00,0.00,12.00,0.00,0.00,0,0,0.00,0,0.00
2026-03-29 15:19:08,801.86,0,0,0,0,0,0,0,0.00,0,1.00,3.33,1.26,3.09,1.00,D,0.00,2.19,12.00,12.00,0.87,^,0.00,,14.00,9.50,504,0.00,49.4,0,0,0.00,0.00,0.00,2.19,0.00,0.00,0,0,0.00,0,0.00
2026-03-29 15:19:09,802.87,0,0,0,0,0,0,0,1.00,0,1.00,3.33,1.26,3.15,1.00,D,0.00,12.00,12.00,1.21,0.81,^,0.00,,11.90,9.60,504,0.00,49.9,0,0,0.00,0.00,0.00,12.00,0.00,0.00,0,0,0.00,0,0.00
2026-03-29 15:19:10,803.89,0,0,0,0,0,0,0,0.00,0,1.00,3.33,1.27,3.09,1.00,D,0.00,2.35,1.67,1.29,0.78,^,0.00,,18.10,9.60,504,0.00,51.6,0,0,0.00,0.00,0.00,2.35,0.00,0.00,0,0,0.00,0,0.00
2026-03-29 15:19:12,804.90,0,0,0,0,0,0,0,0.00,0,1.00,3.33,1.27,3.29,1.00,D,0.00,1.36,1.78,1.10,0.80,^,0.00,,9.40,9.60,504,0.00,49.9,0,0,0.00,0.00,0.00,1.36,0.00,0.00,0,0,0.00,0,0.00
2026-03-29 15:19:13,805.92,0,0,0,0,0,0,0,1.00,0,1.00,3.38,1.27,3.14,1.00,D,0.00,12.00,1.29,1.18,0.72,^,0.00,,20.60,9.60,504,0.00,49.9,0,0,0.00,0.00,0.00,12.00,0.00,0.00,0,0,0.00,0,0.00
2026-03-29 15:19:14,806.93,0,0,0,0,0,0,0,1.00,0,1.00,3.38,1.27,3.37,1.00,D,0.00,12.00,1.64,12.00,0.73,^,0.00,,14.80,9.50,504,0.00,50.5,0,0,0.00,0.00,0.00,12.00,0.00,0.00,0,0,0.00,0,0.00
2026-03-29 15:19:15,807.94,0,0,0,0,0,0,0,0.00,0,1.00,3.38,1.28,3.10,1.00,D,0.00,12.00,12.00,12.00,0.86,^,0.00,,13.00,9.50,504,0.00,48.8,0,0,0.00,0.00,0.00,12.00,0.00,0.00,0,0,0.00,0,0.00
2026-03-29 15:19:16,808.95,0,0,0,0,0,0,0,0.00,0,1.00,3.38,1.28,3.01,1.00,D,0.00,12.00,1.23,12.00,0.97,^,0.00,,14.30,9.50,504,0.00,49.9,0,0,0.00,0.00,0.00,12.00,0.00,0.00,0,0,0.00,0,0.00
2026-03-29 15:19:17,809.96,0,0,0,0,0,0,0,0.00,0,1.00,3.38,1.28,2.73,1.00,D,0.00,12.00,12.00,12.00,0.86,^,0.00,,9.80,9.50,504,0.00,48.3,0,0,0.00,0.00,0.00,12.00,0.00,0.00,0,0,0.00,0,0.00
2026-03-29 15:19:18,810.97,0,0,0,0,0,0,0,0.00,0,1.00,3.38,1.28,2.52,1.00,D,0.00,12.00,12.00,12.00,1.30,^,0.00,,16.80,9.50,504,0.00,50.5,0,0,0.00,0.00,0.00,12.00,0.00,0.00,0,0,0.00,0,0.00
2026-03-29 15:19:19,811.99,0,0,0,0,0,0,0,0.80,0,1.00,3.38,1.28,2.55,1.00,D,0.00,12.00,12.00,12.00,1.17,^,0.00,,13.90,9.50,504,0.00,49.4,0,0,0.00,0.00,0.00,12.00,0.00,0.00,0,0,0.00,0,0.00
2026-03-29 15:19:20,813.00,0,0,0,0,0,0,0,1.00,0,1.00,3.38,1.28,2.50,1.00,D,0.00,12.00,1.84,12.00,1.24,^,0.00,,14.10,9.50,504,0.00,49.9,0,0,0.00,0.00,0.00,12.00,0.00,0.00,0,0,0.00,0,0.00
2026-03-29 15:19:21,814.01,0,0,0,0,0,0,0,0.40,0,1.00,3.38,1.29,2.54,1.00,D,0.00,12.00,2.02,12.00,0.91,^,0.00,,15.30,9.40,504,0.00,48.8,0,0,0.00,0.00,0.00,12.00,0.00,0.00,0,0,0.00,0,0.00
2026-03-29 15:19:22,815.03,0,0,0,0,0,0,0,0.00,0,1.00,3.38,1.29,2.74,1.00,D,0.00,12.00,12.00,12.00,0.88,^,0.00,,11.40,9.90,504,0.00,49.4,0,0,0.00,0.00,0.00,12.00,0.00,0.00,0,0,0.00,0,0.00
2026-03-29 15:19:23,816.04,0,0,0,0,0,0,0,1.00,0,1.00,3.38,1.29,2.63,1.00,D,0.00,12.00,12.00,12.00,1.03,^,0.00,,11.70,9.90,504,0.00,49.9,0,0,0.00,0.00,0.00,12.00,0.00,0.00,0,0,0.00,0,0.00
2026-03-29 15:19:24,817.05,0,0,0,0,0,0,0,0.00,0,1.00,3.38,1.29,2.33,1.00,D,0.00,12.00,12.00,12.00,0.73,^,0.00,,11.90,9.40,504,0.00,48.3,0,0,0.00,0.00,0.00,12.00,0.00,0.00,0,0,0.00,0,0.00
2026-03-29 15:19:25,818.05,0,0,0,0,0,0,0,0.00,0,1.00,3.38,1.29,2.75,1.00,D,0.00,12.00,12.00,12.00,0.90,^,0.00,,12.20,9.50,504,0.00,48.3,0,0,0.00,0.00,0.00,12.00,0.00,0.00,0,0,0.00,0,0.00
2026-03-29 15:19:26,819.07,0,0,0,0,0,0,0,0.00,0,1.00,3.38,1.29,2.46,1.00,D,0.00,12.00,12.00,12.00,0.78,^,0.00,,17.10,9.40,504,0.00,49.9,0,0,0.00,0.00,0.00,12.00,0.00,0.00,0,0,0.00,0,0.00
2026-03-29 15:19:27,820.08,0,0,0,0,0,0,0,0.00,0,1.00,3.38,1.30,2.34,1.00,D,0.00,12.00,12.00,12.00,0.58,^,0.00,,11.60,9.50,504,0.00,49.4,0,0,0.00,0.00,0.00,12.00,0.00,0.00,0,0,0.00,0,0.00
2026-03-29 15:19:28,821.09,0,0,0,0,0,0,0,0.00,0,1.00,3.38,1.30,2.62,1.00,D,0.00,12.00,12.00,12.00,0.59,^,0.00,,17.10,9.50,504,0.00,50.5,0,0,0.00,0.00,0.00,12.00,0.00,0.00,0,0,0.00,0,0.00
2026-03-29 15:19:29,822.10,0,0,0,0,0,0,0,0.00,0,1.00,3.38,1.30,2.68,1.00,D,0.00,12.00,12.00,12.00,0.81,^,0.00,,15.50,9.50,504,0.00,49.9,0,0,0.00,0.00,0.00,12.00,0.00,0.00,0,0,0.00,0,0.00
2026-03-29 15:19:30,823.10,0,0,0,0,0,0,0,0.00,0,1.00,3.38,1.30,2.48,1.00,D,0.00,12.00,12.00,12.00,0.63,^,0.00,,15.50,9.50,504,0.00,49.9,0,0,0.00,0.00,0.00,12.00,0.00,0.00,0,0,0.00,0,0.00
2026-03-29 15:19:31,824.11,0,0,0,0,0,0,0,1.00,0,1.00,3.38,1.30,2.60,1.00,D,0.00,12.00,12.00,12.00,0.50,^,0.00,,18.20,9.50,504,0.00,50.5,0,0,0.00,0.00,0.00,12.00,0.00,0.00,0,0,0.00,0,0.00
2026-03-29 15:19:32,825.11,0,0,0,0,0,0,0,0.00,0,1.00,3.38,1.30,2.52,1.00,D,0.00,12.00,12.00,12.00,0.49,^,0.00,,15.80,9.50,504,0.00,49.9,0,0,0.00,0.00,0.00,12.00,0.00,0.00,0,0,0.00,0,0.00
2026-03-29 15:19:33,826.12,0,0,0,0,0,0,0,1.00,0,1.00,3.38,1.31,2.75,1.00,D,0.00,12.00,12.00,12.00,0.76,^,0.00,,13.70,9.50,504,0.00,48.8,0,0,0.00,0.00,0.00,12.00,0.00,0.00,0,0,0.00,0,0.00
2026-03-29 15:19:34,827.13,0,0,0,0,0,0,0,0.00,0,1.00,3.38,1.31,2.63,1.00,D,0.00,12.00,12.00,12.00,0.62,^,0.00,,17.90,9.40,504,0.00,50.5,0,0,0.00,0.00,0.00,12.00,0.00,0.00,0,0,0.00,0,0.00
2026-03-29 15:19:35,828.15,0,0,0,0,0,0,0,0.00,0,1.00,3.38,1.31,2.69,1.00,D,0.00,12.00,12.00,12.00,0.51,^,0.00,,9.90,9.50,504,0.00,48.8,0,0,0.00,0.00,0.00,12.00,0.00,0.00,0,0,0.00,0,0.00
2026-03-29 15:19:36,829.15,0,0,0,0,0,0,0,0.61,0,1.00,3.38,1.31,2.54,1.00,D,0.00,12.00,12.00,12.00,0.59,^,0.00,,17.90,9.50,504,0.00,50.5,0,0,0.00,0.00,0.00,12.00,0.00,0.00,0,0,0.00,0,0.00
2026-03-29 15:19:37,830.17,0,0,0,0,0,0,0,0.00,0,1.00,3.38,1.31,2.25,1.00,D,0.00,12.00,12.00,12.00,0.78,^,0.00,,13.90,9.50,504,0.00,49.9,0,0,0.00,0.00,0.00,12.00,0.00,0.00,0,0,0.00,0,0.00
2026-03-29 15:19:38,831.17,0,0,0,0,0,0,0,0.32,0,1.00,3.38,1.31,2.62,1.00,D,0.00,12.00,12.00,12.00,0.55,^,0.00,,16.50,9.50,504,0.00,48.8,0,0,0.00,0.00,0.00,12.00,0.00,0.00,0,0,0.00,0,0.00
2026-03-29 15:19:39,832.18,0,0,0,0,0,0,0,0.00,0,1.00,3.38,1.31,2.54,1.00,D,0.00,12.00,12.00,12.00,0.52,^,0.00,,25.80,9.70,504,0.00,48.8,0,0,0.00,0.00,0.00,12.00,0.00,0.00,0,0,0.00,0,0.00
2026-03-29 15:19:40,833.20,0,0,0,0,0,0,0,0.99,0,1.00,3.38,1.32,2.76,1.00,D,0.00,12.00,12.00,12.00,0.78,^,0.00,,11.50,9.70,504,0.00,49.9,0,0,0.00,0.00,0.00,12.00,0.00,0.00,0,0,0.00,0,0.00
2026-03-29 15:19:41,834.21,0,0,0,0,0,0,0,0.00,0,1.00,3.38,1.32,2.61,1.00,D,0.00,12.00,12.00,12.00,0.68,^,0.00,,18.80,9.80,504,0.00,51.0,0,0,0.00,0.00,0.00,12.00,0.00,0.00,0,0,0.00,0,0.00
2026-03-29 15:19:42,835.22,0,0,0,0,0,0,0,1.00,0,1.00,3.38,1.32,2.77,1.00,D,0.00,12.00,12.00,12.00,0.55,^,0.00,,11.70,9.80,504,0.00,49.9,0,0,0.00,0.00,0.00,12.00,0.00,0.00,0,0,0.00,0,0.00
2026-03-29 15:19:43,836.24,0,0,0,0,0,0,0,0.00,0,1.00,3.38,1.32,2.73,1.00,D,0.00,12.00,12.00,12.00,0.62,^,0.00,,12.50,9.80,504,0.00,49.9,0,0,0.00,0.00,0.00,12.00,0.00,0.00,0,0,0.00,0,0.00
2026-03-29 15:19:44,837.25,0,0,0,0,0,0,0,0.00,0,1.00,3.38,1.32,2.65,1.00,D,0.00,12.00,12.00,12.00,0.80,^,0.00,,12.10,9.70,504,0.00,49.4,0,0,0.00,0.00,0.00,12.00,0.00,0.00,0,0,0.00,0,0.00
2026-03-29 15:19:45,838.26,0,0,0,0,0,0,0,-1.00,0,1.00,3.38,1.32,2.62,1.00,D,0.00,12.00,12.00,12.00,0.72,^,0.00,,12.80,9.80,504,0.00,49.4,0,0,0.00,0.00,0.00,12.00,0.00,0.00,0,0,0.00,0,0.00
2026-03-29 15:19:46,839.27,0,0,0,0,0,0,0,0.00,0,1.00,3.38,1.33,2.34,1.00,D,0.00,12.00,12.00,12.00,0.56,^,0.00,,17.10,9.40,504,0.00,49.4,0,0,0.00,0.00,0.00,12.00,0.00,0.00,0,0,0.00,0,0.00
2026-03-29 15:19:47,840.28,0,0,0,0,0,0,0,0.00,0,1.00,3.38,1.33,2.54,1.00,D,0.00,12.00,12.00,12.00,0.55,^,0.00,,10.70,9.60,504,0.00,48.8,0,0,0.00,0.00,0.00,12.00,0.00,0.00,0,0,0.00,0,0.00
2026-03-29 15:19:48,841.28,0,0,0,0,0,0,0,0.00,0,1.00,3.38,1.33,2.66,1.00,D,0.00,12.00,12.00,12.00,0.73,^,0.00,,10.90,9.60,504,0.00,48.8,0,0,0.00,0.00,0.00,12.00,0.00,0.00,0,0,0.00,0,0.00
2026-03-29 15:19:49,842.30,0,0,0,0,0,0,0,0.00,0,1.00,3.38,1.33,2.56,1.00,D,0.00,12.00,12.00,12.00,0.73,^,0.00,,16.50,9.60,504,0.00,50.5,0,0,0.00,0.00,0.00,12.00,0.00,0.00,0,0,0.00,0,0.00
2026-03-29 15:19:50,843.30,0,0,0,0,0,0,0,0.00,0,1.00,3.38,1.33,2.58,1.00,D,0.00,12.00,12.00,12.00,0.60,^,0.00,,14.80,9.70,504,0.00,49.9,0,0,0.00,0.00,0.00,12.00,0.00,0.00,0,0,0.00,0,0.00
2026-03-29 15:19:51,844.32,0,0,0,0,0,0,0,0.30,0,1.00,3.38,1.33,2.73,1.00,D,0.00,12.00,12.00,12.00,0.52,^,0.00,,17.70,9.70,504,0.00,51.0,0,0,0.00,0.00,0.00,12.00,0.00,0.00,0,0,0.00,0,0.00
2026-03-29 15:19:52,845.33,0,0,0,0,0,0,0,0.92,0,1.00,3.38,1.33,2.79,1.00,D,0.00,12.00,12.00,12.00,0.59,^,0.00,,21.80,9.80,504,0.00,49.4,0,0,0.00,0.00,0.00,12.00,0.00,0.00,0,0,0.00,0,0.00
2026-03-29 15:19:53,846.34,0,0,0,0,0,0,0,0.55,0,1.00,3.38,1.34,2.54,1.00,D,0.00,12.00,12.00,3.30,0.71,^,0.00,,16.00,9.80,504,0.00,48.8,0,0,0.00,0.00,0.00,12.00,0.00,0.00,0,0,0.00,0,0.00
2026-03-29 15:19:54,847.35,0,0,0,0,0,0,0,0.00,0,1.00,3.38,1.34,2.57,1.00,D,0.00,12.00,12.00,12.00,0.55,^,0.00,,16.90,9.70,504,0.00,49.9,0,0,0.00,0.00,0.00,12.00,0.00,0.00,0,0,0.00,0,0.00
2026-03-29 15:19:55,848.36,0,0,0,0,0,0,0,0.00,0,1.00,3.38,1.34,2.65,1.00,D,0.00,12.00,12.00,12.00,0.53,^,0.00,,11.40,9.80,504,0.00,49.9,0,0,0.00,0.00,0.00,12.00,0.00,0.00,0,0,0.00,0,0.00
2026-03-29 15:19:56,849.37,0,0,0,0,0,0,0,0.00,0,1.00,3.38,1.34,2.69,1.00,D,0.00,12.00,12.00,12.00,0.61,^,0.00,,15.50,9.80,504,0.00,51.0,0,0,0.00,0.00,0.00,12.00,0.00,0.00,0,0,0.00,0,0.00
2026-03-29 15:19:57,850.38,0,0,0,0,0,0,0,0.00,0,1.00,3.38,1.34,2.66,1.00,D,0.00,12.00,12.00,12.00,0.85,^,0.00,,14.70,9.80,504,0.00,50.5,0,0,0.00,0.00,0.00,12.00,0.00,0.00,0,0,0.00,0,0.00
2026-03-29 15:19:58,851.39,0,0,0,0,0,0,0,0.00,0,1.00,3.38,1.34,2.32,1.00,D,0.00,12.00,12.00,12.00,0.71,^,0.00,,10.60,9.60,504,0.00,48.8,0,0,0.00,0.00,0.00,12.00,0.00,0.00,0,0,0.00,0,0.00
2026-03-29 15:19:59,852.40,0,0,0,0,0,0,0,0.00,0,1.00,3.38,1.35,2.68,1.00,D,0.00,12.00,12.00,12.00,0.57,^,0.00,,13.40,9.60,504,0.00,50.5,0,0,0.00,0.00,0.00,12.00,0.00,0.00,0,0,0.00,0,0.00
2026-03-29 15:20:00,853.42,0,0,0,0,0,0,0,0.36,0,1.00,3.38,1.35,2.84,1.00,D,0.00,12.00,12.00,12.00,0.49,^,0.00,,12.90,9.70,504,0.00,49.9,0,0,0.00,0.00,0.00,12.00,0.00,0.00,0,0,0.00,0,0.00
2026-03-29 15:20:01,854.43,0,0,0,0,0,0,0,0.00,0,1.00,3.38,1.35,2.23,1.00,D,0.00,12.00,12.00,12.00,0.50,^,0.00,,13.40,9.60,504,0.00,48.8,0,0,0.00,0.00,0.00,12.00,0.00,0.00,0,0,0.00,0,0.00
2026-03-29 15:20:02,855.43,0,0,0,0,0,0,0,0.71,0,1.00,3.38,1.35,2.67,1.00,D,0.00,12.00,12.00,12.00,0.76,^,0.00,,16.10,9.60,504,0.00,49.9,0,0,0.00,0.00,0.00,12.00,0.00,0.00,0,0,0.00,0,0.00
2026-03-29 15:20:03,856.45,0,0,0,0,0,0,0,0.00,0,1.00,3.38,1.35,2.55,1.00,D,0.00,12.00,12.00,12.00,0.69,^,0.00,,12.60,9.50,504,0.00,49.9,0,0,0.00,0.00,0.00,12.00,0.00,0.00,0,0,0.00,0,0.00
2026-03-29 15:20:04,857.45,0,0,0,0,0,0,0,0.00,0,1.00,3.38,1.35,2.71,1.00,D,0.00,12.00,12.00,12.00,0.61,^,0.00,,18.30,9.80,504,0.00,49.9,0,0,0.00,0.00,0.00,12.00,0.00,0.00,0,0,0.00,0,0.00
2026-03-29 15:20:05,858.45,0,0,0,0,0,0,0,0.00,0,1.00,3.38,1.35,2.68,1.00,D,0.00,12.00,12.00,12.00,0.54,^,0.00,,12.10,9.80,504,0.00,49.4,0,0,0.00,0.00,0.00,12.00,0.00,0.00,0,0,0.00,0,0.00
2026-03-29 15:20:06,859.46,0,0,0,0,0,0,0,1.00,0,1.00,3.38,1.36,2.67,1.00,D,0.00,12.00,12.00,12.00,0.83,^,0.00,,13.00,10.00,504,0.00,51.6,0,0,0.00,0.00,0.00,12.00,0.00,0.00,0,0,0.00,0,0.00
2026-03-29 15:20:07,860.48,0,0,0,0,0,0,0,1.00,0,1.00,3.38,1.36,2.65,1.00,D,0.00,12.00,12.00,12.00,0.84,^,0.00,,16.80,9.40,504,0.00,51.0,0,0,0.00,0.00,0.00,12.00,0.00,0.00,0,0,0.00,0,0.00
2026-03-29 15:20:08,861.49,0,0,0,0,0,0,0,0.96,0,1.00,3.38,1.36,2.73,1.00,D,0.00,12.00,12.00,12.00,0.71,^,0.00,,11.80,9.50,504,0.00,48.8,0,0,0.00,0.00,0.00,12.00,0.00,0.00,0,0,0.00,0,0.00
2026-03-29 15:20:09,862.50,0,0,0,0,0,0,0,1.00,0,1.00,3.38,1.36,2.77,1.00,D,0.00,12.00,12.00,12.00,0.49,^,0.00,,16.60,9.50,504,0.00,50.5,0,0,0.00,0.00,0.00,12.00,0.00,0.00,0,0,0.00,0,0.00
2026-03-29 15:20:10,863.51,0,0,0,0,0,0,0,0.00,0,1.00,3.38,1.36,2.63,1.00,D,0.00,12.00,1.42,12.00,0.56,^,0.00,,10.70,9.50,504,0.00,49.9,0,0,0.00,0.00,0.00,12.00,0.00,0.00,0,0,0.00,0,0.00
2026-03-29 15:20:11,864.53,0,0,0,0,0,0,0,0.00,0,1.00,3.38,1.36,2.58,1.00,D,0.00,12.00,12.00,12.00,0.81,^,0.00,,14.30,9.50,504,0.00,50.5,0,0,0.00,0.00,0.00,12.00,0.00,0.00,0,0,0.00,0,0.00
2026-03-29 15:20:12,865.54,0,0,0,0,0,0,0,0.00,0,1.00,3.38,1.36,2.59,1.00,D,0.00,12.00,12.00,12.00,0.62,^,0.00,,14.80,9.70,504,0.00,51.0,0,0,0.00,0.00,0.00,12.00,0.00,0.00,0,0,0.00,0,0.00
2026-03-29 15:20:13,866.55,0,0,0,0,0,0,0,1.00,0,1.00,3.38,1.37,2.66,1.00,D,0.00,12.00,12.00,12.00,0.54,^,0.00,,13.50,9.60,504,0.00,48.8,0,0,0.00,0.00,0.00,12.00,0.00,0.00,0,0,0.00,0,0.00
2026-03-29 15:20:14,867.57,0,0,0,0,0,0,0,0.00,0,1.00,3.38,1.37,2.63,1.00,D,0.00,12.00,12.00,12.00,0.56,^,0.00,,18.00,9.50,504,0.00,50.5,0,0,0.00,0.00,0.00,12.00,0.00,0.00,0,0,0.00,0,0.00
2026-03-29 15:20:15,868.58,0,0,0,0,0,0,0,1.00,0,1.00,3.38,1.37,2.63,1.00,D,0.00,12.00,12.00,12.00,0.76,^,0.00,,12.50,9.70,504,0.00,48.8,0,0,0.00,0.00,0.00,12.00,0.00,0.00,0,0,0.00,0,0.00
2026-03-29 15:20:16,869.60,0,0,0,0,0,0,0,0.00,0,1.00,3.38,1.37,2.64,1.00,D,0.00,12.00,12.00,12.00,0.68,^,0.00,,15.70,9.70,504,0.00,50.5,0,0,0.00,0.00,0.00,12.00,0.00,0.00,0,0,0.00,0,0.00
2026-03-29 15:20:17,870.61,0,0,0,0,0,0,0,0.00,0,1.00,3.38,1.37,2.56,1.00,D,0.00,12.00,12.00,12.00,0.55,^,0.00,,14.60,9.70,504,0.00,50.5,0,0,0.00,0.00,0.00,12.00,0.00,0.00,0,0,0.00,0,0.00
2026-03-29 15:20:18,871.62,0,0,0,0,0,0,0,0.00,0,1.00,3.38,1.37,2.76,1.00,D,0.00,12.00,12.00,12.00,0.52,^,0.00,,12.90,9.60,504,0.00,50.5,0,0,0.00,0.00,0.00,12.00,0.00,0.00,0,0,0.00,0,0.00
2026-03-29 15:20:19,872.63,0,0,0,0,0,0,0,0.00,0,1.00,3.38,1.37,2.54,1.00,D,0.00,12.00,12.00,12.00,0.57,^,0.00,,23.40,9.40,504,0.00,49.4,0,0,0.00,0.00,0.00,12.00,0.00,0.00,0,0,0.00,0,0.00
2026-03-29 15:20:20,873.64,0,0,0,0,0,0,0,1.00,0,1.00,3.38,1.38,2.57,1.00,D,0.00,12.00,12.00,12.00,0.72,^,0.00,,13.30,9.60,504,0.00,49.9,0,0,0.00,0.00,0.00,12.00,0.00,0.00,0,0,0.00,0,0.00
2026-03-29 15:20:21,874.66,0,0,0,0,0,0,0,0.00,0,1.00,3.38,1.38,2.64,1.00,D,0.00,12.00,12.00,12.00,0.57,^,0.00,,13.80,9.60,504,0.00,48.3,0,0,0.00,0.00,0.00,12.00,0.00,0.00,0,0,0.00,0,0.00
2026-03-29 15:20:22,875.67,0,0,0,0,0,0,0,0.00,0,1.00,3.38,1.38,2.71,1.00,D,0.00,12.00,12.00,12.00,0.47,^,0.00,,16.30,9.50,504,0.00,49.4,0,0,0.00,0.00,0.00,12.00,0.00,0.00,0,0,0.00,0,0.00
2026-03-29 15:20:23,876.68,0,0,0,0,0,0,0,0.00,0,1.00,3.38,1.38,2.63,1.00,D,0.00,12.00,12.00,12.00,0.42,^,0.00,,11.60,9.40,504,0.00,48.3,0,0,0.00,0.00,0.00,12.00,0.00,0.00,0,0,0.00,0,0.00
2026-03-29 15:20:24,877.68,0,0,0,0,0,0,0,0.00,0,1.00,3.38,1.38,2.65,1.00,D,0.00,12.00,12.00,12.00,0.55,^,0.00,,18.30,9.20,504,0.00,49.4,0,0,0.00,0.00,0.00,12.00,0.00,0.00,0,0,0.00,0,0.00
2026-03-29 15:20:25,878.70,0,0,0,0,0,0,0,0.00,0,1.00,3.38,1.38,2.33,1.00,D,0.00,12.00,12.00,12.00,0.73,^,0.00,,10.80,9.60,504,0.00,49.9,0,0,0.00,0.00,0.00,12.00,0.00,0.00,0,0,0.00,0,0.00
2026-03-29 15:20:26,879.72,0,0,0,0,0,0,0,0.00,0,1.00,3.38,1.38,2.71,1.00,D,0.00,12.00,12.00,12.00,0.57,^,0.00,,12.70,9.50,504,0.00,51.0,0,0,0.00,0.00,0.00,12.00,0.00,0.00,0,0,0.00,0,0.00
2026-03-29 15:20:27,880.72,0,0,0,0,0,0,0,0.87,0,1.00,3.38,1.39,2.43,1.00,D,0.00,12.00,12.00,12.00,0.64,^,0.00,,17.30,9.50,504,0.00,48.8,0,0,0.00,0.00,0.00,12.00,0.00,0.00,0,0,0.00,0,0.00
2026-03-29 15:20:28,881.72,0,0,0,0,0,0,0,1.00,0,1.00,3.38,1.39,2.57,1.00,D,0.00,12.00,2.09,12.00,0.66,^,0.00,,11.40,9.40,504,0.00,48.3,0,0,0.00,0.00,0.00,12.00,0.00,0.00,0,0,0.00,0,0.00
2026-03-29 15:20:29,882.72,0,0,0,0,0,0,0,1.00,0,1.00,3.38,1.39,2.64,1.00,D,0.00,12.00,2.04,12.00,0.79,^,0.00,,18.40,9.40,504,0.00,49.4,0,0,0.00,0.00,0.00,12.00,0.00,0.00,0,0,0.00,0,0.00
2026-03-29 15:20:30,883.73,0,0,0,0,0,0,0,0.00,0,1.00,3.38,1.39,2.65,1.00,D,0.00,12.00,2.00,12.00,0.80,^,0.00,,13.70,9.30,504,0.00,49.9,0,0,0.00,0.00,0.00,12.00,0.00,0.00,0,0,0.00,0,0.00
2026-03-29 15:20:31,884.74,0,0,0,0,0,0,0,1.00,0,1.00,3.38,1.39,2.09,1.00,D,0.00,12.00,1.82,12.00,0.72,^,0.00,,11.50,9.40,504,0.00,51.0,0,0,0.00,0.00,0.00,12.00,0.00,0.00,0,0,0.00,0,0.00
2026-03-29 15:20:32,885.75,0,0,0,0,0,0,0,0.98,0,1.00,3.38,1.39,2.23,1.00,D,0.00,1.49,1.80,12.00,0.69,^,0.00,,13.90,9.60,504,0.00,50.5,0,0,0.00,0.00,0.00,1.49,0.00,0.00,0,0,0.00,0,0.00
2026-03-29 15:20:33,886.75,0,0,0,0,0,0,0,1.00,0,1.00,3.38,1.39,1.91,1.00,D,0.00,1.26,1.79,12.00,0.27,^,0.00,,11.30,9.60,504,0.00,49.4,0,0,0.00,0.00,0.00,1.26,0.00,0.00,0,0,0.00,0,0.00
2026-03-29 15:20:34,887.77,0,0,0,0,0,0,0,1.00,0,1.00,3.38,1.39,1.39,1.00,D,0.00,1.97,0.81,12.00,1.09,^,0.00,,14.40,9.40,504,0.00,49.9,0,0,0.00,0.00,0.00,1.97,0.00,0.00,0,0,0.00,0,0.00
2026-03-29 15:20:35,888.78,0,0,0,0,0,0,0,0.00,0,1.00,3.38,1.39,1.18,1.00,D,0.00,1.89,1.10,12.00,0.77,^,0.00,,8.50,9.50,504,0.00,49.9,0,0,0.00,0.00,0.00,1.89,0.00,0.00,0,0,0.00,0,0.00
2026-03-29 15:20:36,889.79,0,0,0,0,0,0,0,0.00,0,1.00,3.38,1.39,1.22,1.00,D,0.00,1.76,1.09,12.00,0.25,^,0.00,,11.10,9.30,504,0.00,48.8,0,0,0.00,0.00,0.00,1.76,0.00,0.00,0,0,0.00,0,0.00
2026-03-29 15:20:37,890.80,0,0,0,0,0,0,0,1.00,0,1.00,3.38,1.39,1.99,1.00,D,0.00,0.94,0.94,12.00,0.03,CAUTION_WARNING,0.00,,13.50,9.60,504,0.00,49.4,0,0,0.00,0.00,0.00,0.94,0.00,0.00,0,0,0.00,0,0.00
2026-03-29 15:20:38,891.81,0,0,0,0,0,0,0,0.14,0,1.00,3.38,1.39,1.80,1.00,D,0.00,0.96,0.96,12.00,0.03,CAUTION_WARNING,0.00,,13.90,9.50,504,0.00,49.4,0,0,0.00,0.00,0.00,0.96,0.00,0.00,0,0,0.00,0,0.00
2026-03-29 15:20:39,892.82,0,0,0,0,0,0,0,0.99,0,1.00,3.38,1.39,1.93,1.00,D,0.00,1.07,0.59,12.00,0.44,^,0.00,,13.60,9.40,504,0.00,49.9,0,0,0.00,0.00,0.00,1.07,0.00,0.00,0,0,0.00,0,0.00
2026-03-29 15:20:40,893.83,0,0,0,0,0,0,0,0.00,0,1.00,3.38,1.39,2.20,1.00,D,0.00,12.00,0.72,12.00,0.70,^,0.00,,10.60,9.40,504,0.00,49.9,0,0,0.00,0.00,0.00,12.00,0.00,0.00,0,0,0.00,0,0.00
2026-03-29 15:20:41,894.84,0,0,0,0,0,0,0,0.00,0,1.00,3.38,1.40,2.62,1.00,D,0.00,12.00,1.41,12.00,1.07,^,0.00,,11.60,9.40,504,0.00,48.3,0,0,0.00,0.00,0.00,12.00,0.00,0.00,0,0,0.00,0,0.00
2026-03-29 15:20:42,895.85,0,0,0,0,0,0,0,0.00,0,1.00,3.38,1.40,2.49,1.00,D,0.00,12.00,1.49,12.00,1.34,^,0.00,,16.10,9.40,504,0.00,51.0,0,0,0.00,0.00,0.00,12.00,0.00,0.00,0,0,0.00,0,0.00
2026-03-29 15:20:43,896.85,0,0,0,0,0,0,0,1.00,0,1.00,3.38,1.40,2.67,1.00,D,0.00,1.57,1.04,12.00,1.03,^,0.00,,12.20,9.20,504,0.00,48.8,0,0,0.00,0.00,0.00,1.57,0.00,0.00,0,0,0.00,0,0.00
2026-03-29 15:20:44,897.85,0,0,0,0,0,0,0,0.00,0,1.00,3.38,1.40,2.52,1.00,D,0.00,12.00,1.37,12.00,0.86,^,0.00,,15.80,9.30,504,0.00,50.5,0,0,0.00,0.00,0.00,12.00,0.00,0.00,0,0,0.00,0,0.00
2026-03-29 15:20:45,898.85,0,0,0,0,0,0,0,0.00,0,1.00,3.38,1.40,2.44,1.00,D,0.00,12.00,1.21,12.00,0.85,^,0.00,,15.70,9.30,504,0.00,49.9,0,0,0.00,0.00,0.00,12.00,0.00,0.00,0,0,0.00,0,0.00
2026-03-29 15:20:46,899.86,0,0,0,0,0,0,0,0.63,0,1.00,3.38,1.40,2.71,1.00,D,0.00,12.00,1.43,12.00,0.97,^,0.00,,10.20,9.30,504,0.00,49.4,0,0,0.00,0.00,0.00,12.00,0.00,0.00,0,0,0.00,0,0.00
2026-03-29 15:20:47,900.88,0,0,0,0,0,0,0,1.00,0,1.00,3.38,1.40,2.45,1.00,D,0.00,12.00,1.06,12.00,0.75,^,0.00,,19.00,9.10,504,0.00,50.5,0,0,0.00,0.00,0.00,12.00,0.00,0.00,0,0,0.00,0,0.00
2026-03-29 15:20:48,901.88,0,0,0,0,0,0,0,0.00,0,1.00,3.38,1.41,2.68,1.00,D,0.00,12.00,1.41,12.00,0.59,^,0.00,,15.00,9.10,504,0.00,50.5,0,0,0.00,0.00,0.00,12.00,0.00,0.00,0,0,0.00,0,0.00
2026-03-29 15:20:50,902.90,0,0,0,0,0,0,0,0.00,0,1.00,3.38,1.41,2.67,1.00,D,0.00,12.00,1.74,12.00,0.62,^,0.00,,13.00,9.40,504,0.00,50.5,0,0,0.00,0.00,0.00,12.00,0.00,0.00,0,0,0.00,0,0.00
2026-03-29 15:20:51,903.91,0,0,0,0,0,0,0,0.00,0,1.00,3.38,1.41,2.58,1.00,D,0.00,12.00,1.56,12.00,0.77,^,0.00,,16.80,9.40,504,0.00,49.9,0,0,0.00,0.00,0.00,12.00,0.00,0.00,0,0,0.00,0,0.00
2026-03-29 15:20:52,904.92,0,0,0,0,0,0,0,1.00,0,1.00,3.38,1.41,2.56,1.00,D,0.00,12.00,1.06,12.00,1.02,^,0.00,,14.70,9.40,504,0.00,48.3,0,0,0.00,0.00,0.00,12.00,0.00,0.00,0,0,0.00,0,0.00
2026-03-29 15:20:53,905.93,0,0,0,0,0,0,0,0.00,0,1.00,3.38,1.41,2.63,1.00,D,0.00,12.00,1.65,12.00,0.51,^,0.00,,16.80,9.30,504,0.00,49.4,0,0,0.00,0.00,0.00,12.00,0.00,0.00,0,0,0.00,0,0.00
2026-03-29 15:20:54,906.95,0,0,0,0,0,0,0,1.00,0,0.00,3.38,1.41,2.53,0.78,D,0.00,12.00,1.55,12.00,0.66,^,0.00,,11.80,9.10,504,0.00,49.4,0,0,0.00,0.00,0.00,12.00,0.00,0.00,0,0,0.00,0,0.00
2026-03-29 15:20:55,907.95,0,0,0,0,0,0,0,0.00,0,0.00,3.38,1.41,0.93,0.00,D,0.00,1.65,1.04,12.00,0.45,^,0.00,,12.00,9.30,504,0.00,51.0,0,0,0.00,0.00,0.00,1.65,0.00,0.00,0,0,0.00,0,0.00
2026-03-29 15:20:56,908.96,0,0,0,0,0,0,0,0.00,0,0.00,3.38,1.41,0.00,0.00,D,0.00,1.52,0.96,0.13,0.14,^,0.00,,10.70,9.30,504,0.58,48.3,0,0,0.00,0.00,0.00,1.52,0.00,0.00,0,0,0.00,0,0.00
2026-03-29 15:20:57,909.97,0,0,0,0,0,0,0,0.94,0,1.00,3.38,1.41,0.00,0.05,D,0.00,1.52,0.96,12.00,0.38,^,0.00,,10.50,9.30,504,1.59,48.3,0,0,0.00,0.00,0.00,1.52,0.00,0.00,0,0,0.00,0,0.00
2026-03-29 15:20:58,910.98,0,0,0,0,0,0,0,0.94,0,1.00,3.38,1.41,0.05,0.55,D,0.00,1.52,0.96,12.00,0.48,^,0.00,,19.70,9.50,504,0.01,48.3,0,0,0.00,0.00,0.00,1.52,0.00,0.00,0,0,0.00,0,0.00
2026-03-29 15:20:59,911.99,0,0,0,0,0,0,0,1.00,0,1.00,3.38,1.41,1.59,1.00,D,0.00,12.00,0.81,12.00,0.78,^,0.00,,17.00,9.20,504,0.00,49.4,0,0,0.00,0.00,0.00,12.00,0.00,0.00,0,0,0.00,0,0.00
2026-03-29 15:21:00,913.00,0,0,0,0,0,0,0,0.00,0,1.00,3.38,1.41,2.60,1.00,D,0.00,12.00,1.55,12.00,0.86,^,0.00,,20.30,9.40,504,0.00,49.4,0,0,0.00,0.00,0.00,12.00,0.00,0.00,0,0,0.00,0,0.00
2026-03-29 15:21:01,914.01,0,0,0,0,0,0,0,0.00,0,1.00,3.38,1.41,2.79,1.00,D,0.00,12.00,1.58,12.00,1.08,^,0.00,,16.40,9.40,504,0.00,48.3,0,0,0.00,0.00,0.00,12.00,0.00,0.00,0,0,0.00,0,0.00
2026-03-29 15:21:02,915.02,0,0,0,0,0,0,0,0.00,0,1.00,3.38,1.41,2.59,1.00,D,0.00,12.00,1.42,12.00,0.87,^,0.00,,11.70,9.40,504,0.00,49.4,0,0,0.00,0.00,0.00,12.00,0.00,0.00,0,0,0.00,0,0.00
2026-03-29 15:21:03,916.04,0,0,0,0,0,0,0,0.00,0,1.00,3.38,1.41,2.63,1.00,D,0.00,12.00,1.50,12.00,0.65,^,0.00,,15.40,9.40,504,0.00,50.5,0,0,0.00,0.00,0.00,12.00,0.00,0.00,0,0,0.00,0,0.00
2026-03-29 15:21:04,917.05,0,0,0,0,0,0,0,0.00,0,1.00,3.38,1.41,2.31,1.00,D,0.00,12.00,0.78,12.00,0.57,^,0.00,,12.10,9.40,504,0.00,48.8,0,0,0.00,0.00,0.00,12.00,0.00,0.00,0,0,0.00,0,0.00
2026-03-29 15:21:05,918.07,0,0,0,0,0,0,0,1.00,0,1.00,3.38,1.41,2.64,1.00,D,0.00,12.00,1.24,12.00,0.56,^,0.00,,14.80,9.40,504,0.00,50.5,0,0,0.00,0.00,0.00,12.00,0.00,0.00,0,0,0.00,0,0.00
2026-03-29 15:21:06,919.08,0,0,0,0,0,0,0,0.00,0,1.00,3.38,1.42,2.69,1.00,D,0.00,12.00,1.39,12.00,0.81,^,0.00,,14.80,9.50,504,0.00,49.9,0,0,0.00,0.00,0.00,12.00,0.00,0.00,0,0,0.00,0,0.00
2026-03-29 15:21:07,920.09,0,0,0,0,0,0,0,0.00,0,1.00,3.38,1.42,2.64,1.00,D,0.00,12.00,1.32,12.00,0.68,^,0.00,,12.80,9.60,504,0.00,49.4,0,0,0.00,0.00,0.00,12.00,0.00,0.00,0,0,0.00,0,0.00
2026-03-29 15:21:08,921.11,0,0,0,0,0,0,0,1.00,0,1.00,3.38,1.42,2.69,1.00,D,0.00,12.00,1.29,12.00,0.70,^,0.00,,16.00,9.60,504,0.00,49.4,0,0,0.00,0.00,0.00,12.00,0.00,0.00,0,0,0.00,0,0.00
2026-03-29 15:21:09,922.11,0,0,0,0,0,0,0,0.00,0,1.00,3.38,1.42,2.73,1.00,D,0.00,12.00,1.42,12.00,0.94,^,0.00,,15.00,9.60,504,0.00,50.5,0,0,0.00,0.00,0.00,12.00,0.00,0.00,0,0,0.00,0,0.00
2026-03-29 15:21:10,923.13,0,0,0,0,0,0,0,1.00,0,1.00,3.38,1.42,2.72,1.00,D,0.00,1.73,0.99,12.00,0.77,^,0.00,,16.70,9.60,504,0.00,50.5,0,0,0.00,0.00,0.00,1.73,0.00,0.00,0,0,0.00,0,0.00
2026-03-29 15:21:11,924.14,0,0,0,0,0,0,0,0.00,0,1.00,3.38,1.42,2.69,1.00,D,0.00,1.55,0.97,12.00,0.68,^,0.00,,15.90,9.50,504,0.00,49.9,0,0,0.00,0.00,0.00,1.55,0.00,0.00,0,0,0.00,0,0.00
2026-03-29 15:21:12,925.15,0,0,0,0,0,0,0,0.59,0,1.00,3.38,1.42,2.63,1.00,D,0.00,12.00,1.12,12.00,0.58,^,0.00,,10.80,9.50,504,0.00,49.4,0,0,0.00,0.00,0.00,12.00,0.00,0.00,0,0,0.00,0,0.00
2026-03-29 15:21:13,926.16,0,0,0,0,0,0,0,0.00,0,1.00,3.38,1.42,2.68,1.00,D,0.00,12.00,1.19,12.00,0.71,^,0.00,,15.90,9.50,504,0.00,50.5,0,0,0.00,0.00,0.00,12.00,0.00,0.00,0,0,0.00,0,0.00
2026-03-29 15:21:14,927.17,0,0,0,0,0,0,0,0.00,0,1.00,3.38,1.43,2.65,1.00,D,0.00,12.00,1.33,12.00,0.70,^,0.00,,9.80,9.50,504,0.00,49.9,0,0,0.00,0.00,0.00,12.00,0.00,0.00,0,0,0.00,0,0.00
2026-03-29 15:21:15,928.18,0,0,0,0,0,0,0,0.00,0,1.00,3.38,1.43,2.33,1.00,D,0.00,12.00,1.13,12.00,0.58,^,0.00,,15.30,9.50,504,0.00,49.4,0,0,0.00,0.00,0.00,12.00,0.00,0.00,0,0,0.00,0,0.00
2026-03-29 15:21:16,929.19,0,0,0,0,0,0,0,1.00,0,1.00,3.38,1.43,2.72,1.00,D,0.00,1.52,1.01,12.00,0.54,^,0.00,,15.60,9.50,504,0.00,49.4,0,0,0.00,0.00,0.00,1.52,0.00,0.00,0,0,0.00,0,0.00
2026-03-29 15:21:17,930.20,0,0,0,0,0,0,0,0.00,0,1.00,3.38,1.43,2.46,1.00,D,0.00,12.00,1.02,12.00,0.74,^,0.00,,11.70,9.40,504,0.00,49.9,0,0,0.00,0.00,0.00,12.00,0.00,0.00,0,0,0.00,0,0.00
2026-03-29 15:21:18,931.21,0,0,0,0,0,0,0,0.00,0,1.00,3.38,1.43,2.77,1.00,D,0.00,12.00,1.47,12.00,0.59,^,0.00,,15.00,9.40,504,0.00,49.4,0,0,0.00,0.00,0.00,12.00,0.00,0.00,0,0,0.00,0,0.00
2026-03-29 15:21:19,932.22,0,0,0,0,0,0,0,0.00,0,1.00,3.38,1.43,2.66,1.00,D,0.00,12.00,1.52,12.00,0.61,^,0.00,,12.70,9.30,504,0.00,48.8,0,0,0.00,0.00,0.00,12.00,0.00,0.00,0,0,0.00,0,0.00
2026-03-29 15:21:20,933.24,0,0,0,0,0,0,0,1.00,0,1.00,3.38,1.43,2.69,1.00,D,0.00,12.00,1.42,12.00,0.56,^,0.00,,11.10,9.40,504,0.00,50.5,0,0,0.00,0.00,0.00,12.00,0.00,0.00,0,0,0.00,0,0.00
2026-03-29 15:21:21,934.24,0,0,0,0,0,0,0,1.00,0,1.00,3.38,1.43,2.62,1.00,D,0.00,12.00,1.33,12.00,0.68,^,0.00,,20.60,9.30,504,0.00,50.5,0,0,0.00,0.00,0.00,12.00,0.00,0.00,0,0,0.00,0,0.00
2026-03-29 15:21:22,935.26,0,0,0,0,0,0,0,0.58,0,1.00,3.38,1.44,2.60,1.00,D,0.00,12.00,1.51,12.00,0.70,^,0.00,,12.50,9.40,504,0.00,49.4,0,0,0.00,0.00,0.00,12.00,0.00,0.00,0,0,0.00,0,0.00
2026-03-29 15:21:23,936.27,0,0,0,0,0,0,0,0.00,0,1.00,3.38,1.44,2.47,1.00,D,0.00,12.00,1.51,12.00,0.55,^,0.00,,17.30,9.30,504,0.00,50.5,0,0,0.00,0.00,0.00,12.00,0.00,0.00,0,0,0.00,0,0.00
2026-03-29 15:21:24,937.29,0,0,0,0,0,0,0,0.00,0,1.00,3.38,1.44,2.51,1.00,D,0.00,12.00,1.14,12.00,0.54,^,0.00,,12.80,9.30,504,0.00,48.8,0,0,0.00,0.00,0.00,12.00,0.00,0.00,0,0,0.00,0,0.00
2026-03-29 15:21:25,938.31,0,0,0,0,0,0,0,0.00,0,1.00,3.38,1.44,2.40,1.00,D,0.00,2.25,1.31,12.00,0.63,^,0.00,,15.00,9.30,504,0.00,48.8,0,0,0.00,0.00,0.00,2.25,0.00,0.00,0,0,0.00,0,0.00
2026-03-29 15:21:26,939.32,0,0,0,0,0,0,0,0.00,0,1.00,3.38,1.44,2.61,1.00,D,0.00,12.00,1.23,12.00,0.64,^,0.00,,16.40,9.30,504,0.00,50.5,0,0,0.00,0.00,0.00,12.00,0.00,0.00,0,0,0.00,0,0.00
2026-03-29 15:21:27,940.32,0,0,0,0,0,0,0,0.00,0,1.00,3.38,1.44,2.69,1.00,D,0.00,12.00,1.64,12.00,0.53,^,0.00,,10.60,9.40,504,0.00,48.3,0,0,0.00,0.00,0.00,12.00,0.00,0.00,0,0,0.00,0,0.00
2026-03-29 15:21:28,941.34,0,0,0,0,0,0,0,0.73,0,1.00,3.38,1.44,2.63,1.00,D,0.00,12.00,1.71,12.00,0.50,^,0.00,,16.90,9.40,504,0.00,50.5,0,0,0.00,0.00,0.00,12.00,0.00,0.00,0,0,0.00,0,0.00
2026-03-29 15:21:29,942.35,0,0,0,0,0,0,0,0.00,0,1.00,3.38,1.44,2.51,1.00,D,0.00,12.00,1.43,12.00,0.66,^,0.00,,11.50,9.40,504,0.00,50.5,0,0,0.00,0.00,0.00,12.00,0.00,0.00,0,0,0.00,0,0.00
2026-03-29 15:21:30,943.35,0,0,0,0,0,0,0,0.00,0,1.00,3.38,1.45,2.70,1.00,D,0.00,12.00,2.06,12.00,0.61,^,0.00,,11.20,9.40,504,0.00,49.9,0,0,0.00,0.00,0.00,12.00,0.00,0.00,0,0,0.00,0,0.00
2026-03-29 15:21:31,944.35,0,0,0,0,0,0,0,0.80,0,1.00,3.38,1.45,2.67,1.00,D,0.00,12.00,1.75,12.00,0.52,^,0.00,,18.60,9.80,504,0.00,50.5,0,0,0.00,0.00,0.00,12.00,0.00,0.00,0,0,0.00,0,0.00
2026-03-29 15:21:32,945.35,0,0,0,0,0,0,0,0.00,0,1.00,3.38,1.45,2.64,1.00,D,0.00,12.00,1.30,12.00,0.68,^,0.00,,10.10,9.70,504,0.00,49.9,0,0,0.00,0.00,0.00,12.00,0.00,0.00,0,0,0.00,0,0.00
2026-03-29 15:21:33,946.36,0,0,0,0,0,0,0,0.00,0,1.00,3.38,1.45,2.64,1.00,D,0.00,12.00,1.47,12.00,0.70,^,0.00,,16.20,9.70,504,0.00,49.9,0,0,0.00,0.00,0.00,12.00,0.00,0.00,0,0,0.00,0,0.00
2026-03-29 15:21:34,947.38,0,0,0,0,0,0,0,0.00,0,1.00,3.38,1.45,2.30,1.00,D,0.00,12.00,1.19,12.00,0.57,^,0.00,,14.90,9.70,504,0.00,49.9,0,0,0.00,0.00,0.00,12.00,0.00,0.00,0,0,0.00,0,0.00
2026-03-29 15:21:35,948.39,0,0,0,0,0,0,0,0.00,0,1.00,3.38,1.45,2.66,1.00,D,0.00,12.00,1.24,12.00,0.53,^,0.00,,14.00,9.70,504,0.00,49.9,0,0,0.00,0.00,0.00,12.00,0.00,0.00,0,0,0.00,0,0.00
2026-03-29 15:21:36,949.40,0,0,0,0,0,0,0,0.00,0,1.00,3.38,1.45,2.67,1.00,D,0.00,12.00,1.54,12.00,0.59,^,0.00,,17.50,9.40,504,0.00,49.9,0,0,0.00,0.00,0.00,12.00,0.00,0.00,0,0,0.00,0,0.00
2026-03-29 15:21:37,950.41,0,0,0,0,0,0,0,1.00,0,1.00,3.38,1.45,2.56,1.00,D,0.00,1.78,1.27,12.00,0.76,^,0.00,,14.50,9.60,504,0.00,50.5,0,0,0.00,0.00,0.00,1.78,0.00,0.00,0,0,0.00,0,0.00
2026-03-29 15:21:38,951.43,0,0,0,0,0,0,0,0.00,0,1.00,3.38,1.46,2.50,1.00,D,0.00,12.00,1.18,12.00,0.67,^,0.00,,12.60,9.60,504,0.00,50.5,0,0,0.00,0.00,0.00,12.00,0.00,0.00,0,0,0.00,0,0.00
2026-03-29 15:21:39,952.44,0,0,0,0,0,0,0,0.00,0,1.00,3.38,1.46,2.82,1.00,D,0.00,12.00,1.57,12.00,0.48,^,0.00,,12.90,9.50,504,0.00,48.8,0,0,0.00,0.00,0.00,12.00,0.00,0.00,0,0,0.00,0,0.00
2026-03-29 15:21:40,953.45,0,0,0,0,0,0,0,0.49,0,1.00,3.38,1.46,2.74,1.00,D,0.00,12.00,1.57,12.00,0.77,^,0.00,,14.20,9.60,504,0.00,49.9,0,0,0.00,0.00,0.00,12.00,0.00,0.00,0,0,0.00,0,0.00
2026-03-29 15:21:41,954.46,0,0,0,0,0,0,0,0.00,0,1.00,3.38,1.46,2.61,1.00,D,0.00,12.00,1.72,12.00,0.68,^,0.00,,17.50,9.50,504,0.00,50.5,0,0,0.00,0.00,0.00,12.00,0.00,0.00,0,0,0.00,0,0.00
2026-03-29 15:21:42,955.47,0,0,0,0,0,0,0,1.00,0,1.00,3.38,1.46,2.63,1.00,D,0.00,12.00,1.69,12.00,0.56,^,0.00,,13.90,9.50,504,0.00,50.5,0,0,0.00,0.00,0.00,12.00,0.00,0.00,0,0,0.00,0,0.00
2026-03-29 15:21:43,956.48,0,0,0,0,0,0,0,0.00,0,1.00,3.38,1.46,2.57,1.00,D,0.00,12.00,1.36,12.00,0.52,^,0.00,,17.20,9.40,504,0.00,49.4,0,0,0.00,0.00,0.00,12.00,0.00,0.00,0,0,0.00,0,0.00
2026-03-29 15:21:44,957.50,0,0,0,0,0,0,0,0.00,0,1.00,3.38,1.46,2.52,1.00,D,0.00,12.00,1.45,12.00,0.75,^,0.00,,13.80,9.30,504,0.00,50.5,0,0,0.00,0.00,0.00,12.00,0.00,0.00,0,0,0.00,0,0.00
2026-03-29 15:21:45,958.51,0,0,0,0,0,0,0,0.00,0,1.00,3.38,1.46,2.58,1.00,D,0.00,12.00,1.38,12.00,0.77,^,0.00,,14.80,9.40,504,0.00,48.8,0,0,0.00,0.00,0.00,12.00,0.00,0.00,0,0,0.00,0,0.00
2026-03-29 15:21:46,959.52,0,0,0,0,0,0,0,0.00,0,1.00,3.38,1.47,2.39,1.00,D,0.00,12.00,0.80,12.00,0.73,^,0.00,,16.30,9.40,504,0.00,50.5,0,0,0.00,0.00,0.00,12.00,0.00,0.00,0,0,0.00,0,0.00
2026-03-29 15:21:47,960.52,0,0,0,0,0,0,0,0.23,0,1.00,3.38,1.47,2.47,1.00,D,0.00,12.00,1.06,12.00,0.72,^,0.00,,12.40,9.40,504,0.00,51.0,0,0,0.00,0.00,0.00,12.00,0.00,0.00,0,0,0.00,0,0.00
2026-03-29 15:21:48,961.54,0,0,0,0,0,0,0,0.47,0,1.00,3.38,1.47,2.58,1.00,D,0.00,12.00,1.17,12.00,0.78,^,0.00,,18.30,9.40,504,0.00,49.9,0,0,0.00,0.00,0.00,12.00,0.00,0.00,0,0,0.00,0,0.00
2026-03-29 15:21:49,962.54,0,0,0,0,0,0,0,0.00,0,1.00,3.38,1.47,2.28,1.00,D,0.00,12.00,0.71,12.00,0.46,^,0.00,,15.40,9.30,504,0.00,49.4,0,0,0.00,0.00,0.00,12.00,0.00,0.00,0,0,0.00,0,0.00
2026-03-29 15:21:50,963.55,0,0,0,0,0,0,0,0.00,0,1.00,3.38,1.47,2.49,1.00,D,0.00,12.00,1.72,12.00,0.53,^,0.00,,12.20,9.40,504,0.00,49.4,0,0,0.00,0.00,0.00,12.00,0.00,0.00,0,0,0.00,0,0.00
2026-03-29 15:21:51,964.56,0,0,0,0,0,0,0,0.00,0,1.00,3.38,1.47,2.71,1.00,D,0.00,12.00,1.46,12.00,0.81,^,0.00,,15.30,9.40,504,0.00,49.4,0,0,0.00,0.00,0.00,12.00,0.00,0.00,0,0,0.00,0,0.00
2026-03-29 15:21:52,965.57,0,0,0,0,0,0,0,0.00,0,1.00,3.38,1.47,2.61,1.00,D,0.00,12.00,1.76,12.00,0.67,^,0.00,,13.50,9.00,504,0.00,49.4,0,0,0.00,0.00,0.00,12.00,0.00,0.00,0,0,0.00,0,0.00
2026-03-29 15:21:53,966.58,0,0,0,0,0,0,0,0.00,0,1.00,3.38,1.47,2.60,1.00,D,0.00,12.00,1.45,12.00,0.54,^,0.00,,15.10,9.30,504,0.00,51.6,0,0,0.00,0.00,0.00,12.00,0.00,0.00,0,0,0.00,0,0.00
2026-03-29 15:21:54,967.59,0,0,0,0,0,0,0,0.52,0,1.00,3.38,1.48,2.51,1.00,D,0.00,12.00,0.72,12.00,0.52,^,0.00,,19.20,9.20,504,0.00,50.5,0,0,0.00,0.00,0.00,12.00,0.00,0.00,0,0,0.00,0,0.00
2026-03-29 15:21:55,968.60,0,0,0,0,0,0,0,0.69,0,1.00,3.38,1.48,2.66,1.00,D,0.00,12.00,1.29,12.00,0.75,^,0.00,,13.00,9.50,504,0.00,51.0,0,0,0.00,0.00,0.00,12.00,0.00,0.00,0,0,0.00,0,0.00
2026-03-29 15:21:56,969.62,0,0,0,0,0,0,0,1.00,0,1.00,3.38,1.48,2.54,1.00,D,0.00,1.37,1.07,12.00,0.60,^,0.00,,17.00,9.50,504,0.00,50.5,0,0,0.00,0.00,0.00,1.37,0.00,0.00,0,0,0.00,0,0.00
2026-03-29 15:21:57,970.63,0,0,0,0,0,0,0,0.00,0,1.00,3.38,1.48,2.50,1.00,D,0.00,12.00,0.80,12.00,0.46,^,0.00,,13.70,9.50,504,0.00,48.8,0,0,0.00,0.00,0.00,12.00,0.00,0.00,0,0,0.00,0,0.00
2026-03-29 15:21:58,971.65,0,0,0,0,0,0,0,0.00,0,1.00,3.38,1.48,2.63,1.00,D,0.00,12.00,1.28,12.00,0.79,^,0.00,,15.30,9.50,504,0.00,50.5,0,0,0.00,0.00,0.00,12.00,0.00,0.00,0,0,0.00,0,0.00
2026-03-29 15:21:59,972.65,0,0,0,0,0,0,0,0.00,0,1.00,3.38,1.48,2.70,1.00,D,0.00,12.00,1.32,12.00,0.63,^,0.00,,15.10,9.10,504,0.00,50.5,0,0,0.00,0.00,0.00,12.00,0.00,0.00,0,0,0.00,0,0.00
2026-03-29 15:22:00,973.66,0,0,0,0,0,0,0,0.00,0,1.00,3.38,1.48,2.67,1.00,D,0.00,12.00,2.19,12.00,0.54,^,0.00,,16.40,9.50,504,0.00,49.9,0,0,0.00,0.00,0.00,12.00,0.00,0.00,0,0,0.00,0,0.00
2026-03-29 15:22:01,974.67,0,0,0,0,0,0,0,0.00,0,1.00,3.38,1.48,2.46,1.00,D,0.00,12.00,1.81,12.00,0.60,^,0.00,,16.50,9.50,504,0.00,50.5,0,0,0.00,0.00,0.00,12.00,0.00,0.00,0,0,0.00,0,0.00
2026-03-29 15:22:02,975.69,0,0,0,0,0,0,0,0.00,0,1.00,3.38,1.48,2.42,1.00,D,0.00,12.00,1.30,12.00,0.68,^,0.00,,13.30,9.50,504,0.00,49.9,0,0,0.00,0.00,0.00,12.00,0.00,0.00,0,0,0.00,0,0.00
2026-03-29 15:22:03,976.71,0,0,0,0,0,0,0,0.00,0,1.00,3.38,1.49,2.71,1.00,D,0.00,12.00,1.78,12.00,0.55,^,0.00,,12.10,9.50,504,0.00,51.0,0,0,0.00,0.00,0.00,12.00,0.00,0.00,0,0,0.00,0,0.00
2026-03-29 15:22:04,977.71,0,0,0,0,0,0,0,1.00,0,1.00,3.38,1.49,2.80,1.00,D,0.00,12.00,1.88,12.00,0.47,^,0.00,,15.60,9.40,504,0.00,50.5,0,0,0.00,0.00,0.00,12.00,0.00,0.00,0,0,0.00,0,0.00
2026-03-29 15:22:05,978.72,0,0,0,0,0,0,0,0.00,0,1.00,3.38,1.49,2.43,1.00,D,0.00,12.00,1.20,12.00,0.47,^,0.00,,12.40,9.50,504,0.00,50.5,0,0,0.00,0.00,0.00,12.00,0.00,0.00,0,0,0.00,0,0.00
2026-03-29 15:22:06,979.73,0,0,0,0,0,0,0,0.00,0,1.00,3.38,1.49,2.34,1.00,D,0.00,12.00,1.47,12.00,0.73,^,0.00,,18.20,9.50,504,0.00,51.6,0,0,0.00,0.00,0.00,12.00,0.00,0.00,0,0,0.00,0,0.00
2026-03-29 15:22:07,980.75,0,0,0,0,0,0,0,0.00,0,1.00,3.38,1.49,2.51,1.00,D,0.00,12.00,1.76,12.00,0.56,^,0.00,,14.70,9.50,504,0.00,50.5,0,0,0.00,0.00,0.00,12.00,0.00,0.00,0,0,0.00,0,0.00
2026-03-29 15:22:08,981.76,0,0,0,0,0,0,0,1.00,0,1.00,3.38,1.49,2.52,1.00,D,0.00,12.00,1.06,12.00,0.50,^,0.00,,15.50,9.80,504,0.00,49.9,0,0,0.00,0.00,0.00,12.00,0.00,0.00,0,0,0.00,0,0.00
2026-03-29 15:22:09,982.76,0,0,0,0,0,0,0,0.65,0,1.00,3.38,1.49,2.63,1.00,D,0.00,12.00,1.76,12.00,0.49,^,0.00,,17.90,9.60,504,0.00,49.9,0,0,0.00,0.00,0.00,12.00,0.00,0.00,0,0,0.00,0,0.00
2026-03-29 15:22:10,983.77,0,0,0,0,0,0,0,0.00,0,1.00,3.38,1.49,2.70,1.00,D,0.00,12.00,1.69,12.00,0.73,^,0.00,,15.10,9.80,504,0.00,49.4,0,0,0.00,0.00,0.00,12.00,0.00,0.00,0,0,0.00,0,0.00
2026-03-29 15:22:11,984.79,0,0,0,0,0,0,0,0.00,0,1.00,3.38,1.49,2.61,1.00,D,0.00,12.00,1.11,12.00,0.61,^,0.00,,19.50,9.80,504,0.00,49.9,0,0,0.00,0.00,0.00,12.00,0.00,0.00,0,0,0.00,0,0.00
2026-03-29 15:22:12,985.79,0,0,0,0,0,0,0,0.00,0,1.00,3.38,1.50,2.67,1.00,D,0.00,12.00,1.53,12.00,0.57,^,0.00,,13.60,9.80,504,0.00,50.5,0,0,0.00,0.00,0.00,12.00,0.00,0.00,0,0,0.00,0,0.00
2026-03-29 15:22:13,986.80,0,0,0,0,0,0,0,1.00,0,1.00,3.38,1.50,2.60,1.00,D,0.00,12.00,1.19,12.00,0.67,^,0.00,,14.90,9.70,504,0.00,50.5,0,0,0.00,0.00,0.00,12.00,0.00,0.00,0,0,0.00,0,0.00
2026-03-29 15:22:14,987.81,0,0,0,0,0,0,0,0.00,0,1.00,3.38,1.50,2.66,1.00,D,0.00,12.00,1.50,12.00,0.77,^,0.00,,14.70,9.10,504,0.00,50.5,0,0,0.00,0.00,0.00,12.00,0.00,0.00,0,0,0.00,0,0.00
2026-03-29 15:22:15,988.81,0,0,0,0,0,0,0,0.70,0,1.00,3.38,1.50,2.62,1.00,D,0.00,12.00,1.53,12.00,0.63,^,0.00,,17.00,9.50,504,0.00,50.5,0,0,0.00,0.00,0.00,12.00,0.00,0.00,0,0,0.00,0,0.00
2026-03-29 15:22:16,989.82,0,0,0,0,0,0,0,0.00,0,1.00,3.38,1.50,2.62,1.00,D,0.00,12.00,1.47,12.00,0.54,^,0.00,,24.30,9.50,504,0.00,51.6,0,0,0.00,0.00,0.00,12.00,0.00,0.00,0,0,0.00,0,0.00
2026-03-29 15:22:17,990.83,0,0,0,0,0,0,0,0.00,0,1.00,3.38,1.50,2.60,1.00,D,0.00,12.00,12.00,12.00,0.78,^,0.00,,16.30,9.50,504,0.00,49.4,0,0,0.00,0.00,0.00,12.00,0.00,0.00,0,0,0.00,0,0.00
2026-03-29 15:22:18,991.84,0,0,0,0,0,0,0,0.00,0,1.00,3.38,1.50,2.70,1.00,D,0.00,12.00,1.80,12.00,0.68,^,0.00,,16.50,9.40,504,0.00,51.6,0,0,0.00,0.00,0.00,12.00,0.00,0.00,0,0,0.00,0,0.00
2026-03-29 15:22:19,992.85,0,0,0,0,0,0,0,0.00,0,1.00,3.38,1.50,2.62,1.00,D,0.00,12.00,1.30,12.00,0.55,^,0.00,,17.50,9.20,504,0.00,49.4,0,0,0.00,0.00,0.00,12.00,0.00,0.00,0,0,0.00,0,0.00
2026-03-29 15:22:20,993.87,0,0,0,0,0,0,0,0.00,0,1.00,3.38,1.50,2.63,1.00,D,0.00,12.00,12.00,12.00,0.48,^,0.00,,14.80,9.50,504,0.00,51.0,0,0,0.00,0.00,0.00,12.00,0.00,0.00,0,0,0.00,0,0.00
2026-03-29 15:22:21,994.88,0,0,0,0,0,0,0,0.86,0,1.00,3.38,1.51,2.71,1.00,D,0.00,12.00,1.94,12.00,0.48,^,0.00,,21.20,9.50,504,0.00,49.9,0,0,0.00,0.00,0.00,12.00,0.00,0.00,0,0,0.00,0,0.00
2026-03-29 15:22:23,995.90,0,0,0,0,0,0,0,0.00,0,1.00,3.38,1.51,2.46,1.00,D,0.00,12.00,1.31,12.00,0.72,^,0.00,,15.30,9.70,504,0.00,50.5,0,0,0.00,0.00,0.00,12.00,0.00,0.00,0,0,0.00,0,0.00
2026-03-29 15:22:24,996.91,0,0,0,0,0,0,0,0.00,0,1.00,3.38,1.51,2.56,1.00,D,0.00,12.00,1.65,12.00,0.61,^,0.00,,13.20,9.70,504,0.00,51.0,0,0,0.00,0.00,0.00,12.00,0.00,0.00,0,0,0.00,0,0.00
2026-03-29 15:22:25,997.91,0,0,0,0,0,0,0,0.00,0,1.00,3.38,1.51,2.59,1.00,D,0.00,12.00,1.68,12.00,0.50,^,0.00,,14.60,9.60,504,0.00,51.0,0,0,0.00,0.00,0.00,12.00,0.00,0.00,0,0,0.00,0,0.00
2026-03-29 15:22:26,998.93,0,0,0,0,0,0,0,1.00,0,1.00,3.38,1.51,2.39,1.00,D,0.00,12.00,1.33,12.00,0.47,^,0.00,,11.00,9.60,504,0.00,50.5,0,0,0.00,0.00,0.00,12.00,0.00,0.00,0,0,0.00,0,0.00
2026-03-29 15:22:27,999.94,0,0,0,0,0,0,0,0.00,0,1.00,3.38,1.51,2.62,1.00,D,0.00,12.00,12.00,12.00,0.71,^,0.00,,14.90,9.50,504,0.00,50.5,0,0,0.00,0.00,0.00,12.00,0.00,0.00,0,0,0.00,0,0.00
2026-03-29 15:22:28,1000.95,0,0,0,0,0,0,0,0.00,0,1.00,3.38,1.51,2.63,1.00,D,0.00,12.00,2.13,12.00,0.63,^,0.00,,9.20,9.20,504,0.00,50.5,0,0,0.00,0.00,0.00,12.00,0.00,0.00,0,0,0.00,0,0.00
2026-03-29 15:22:29,1001.97,0,0,0,0,0,0,0,0.00,0,1.00,3.38,1.51,2.29,1.00,D,0.00,12.00,12.00,12.00,0.41,^,0.00,,13.80,9.20,504,0.00,51.6,0,0,0.00,0.00,0.00,12.00,0.00,0.00,0,0,0.00,0,0.00
2026-03-29 15:22:30,1002.98,0,0,0,0,0,0,0,1.00,0,1.00,3.38,1.51,2.50,1.00,D,0.00,12.00,12.00,12.00,0.51,^,0.00,,13.80,9.20,504,0.00,51.0,0,0,0.00,0.00,0.00,12.00,0.00,0.00,0,0,0.00,0,0.00
2026-03-29 15:22:31,1003.99,0,0,0,0,0,0,0,0.57,0,1.00,3.38,1.52,2.60,1.00,D,0.00,12.00,1.85,12.00,0.75,^,0.00,,11.50,9.30,504,0.00,50.5,0,0,0.00,0.00,0.00,12.00,0.00,0.00,0,0,0.00,0,0.00
2026-03-29 15:22:32,1005.01,0,0,0,0,0,0,0,1.00,0,1.00,3.38,1.52,2.72,1.00,D,0.00,12.00,12.00,12.00,0.61,^,0.00,,18.10,9.60,504,0.00,51.0,0,0,0.00,0.00,0.00,12.00,0.00,0.00,0,0,0.00,0,0.00
2026-03-29 15:22:33,1006.02,0,0,0,0,0,0,0,1.00,0,1.00,3.38,1.52,2.50,1.00,D,0.00,2.21,1.74,12.00,0.63,^,0.00,,18.00,9.60,504,0.00,49.9,0,0,0.00,0.00,0.00,2.21,0.00,0.00,0,0,0.00,0,0.00
2026-03-29 15:22:34,1007.02,0,0,0,0,0,0,0,0.00,0,1.00,3.38,1.52,2.43,1.00,D,0.00,12.00,1.59,12.00,0.75,^,0.00,,13.20,9.50,504,0.00,49.4,0,0,0.00,0.00,0.00,12.00,0.00,0.00,0,0,0.00,0,0.00
2026-03-29 15:22:35,1008.04,0,0,0,0,0,0,0,1.00,0,1.00,3.38,1.52,2.65,1.00,D,0.00,12.00,1.73,12.00,0.58,^,0.00,,14.30,9.50,504,0.00,51.0,0,0,0.00,0.00,0.00,12.00,0.00,0.00,0,0,0.00,0,0.00
2026-03-29 15:22:36,1009.05,0,0,0,0,0,0,0,1.00,0,1.00,3.38,1.52,2.61,1.00,D,0.00,12.00,12.00,12.00,0.51,^,0.00,,11.80,9.50,504,0.00,49.4,0,0,0.00,0.00,0.00,12.00,0.00,0.00,0,0,0.00,0,0.00
2026-03-29 15:22:37,1010.06,0,0,0,0,0,0,0,0.81,0,1.00,3.38,1.52,2.63,1.00,D,0.00,12.00,2.23,12.00,0.74,^,0.00,,18.00,9.50,504,0.00,49.4,0,0,0.00,0.00,0.00,12.00,0.00,0.00,0,0,0.00,0,0.00
2026-03-29 15:22:38,1011.07,0,0,0,0,0,0,0,0.00,0,1.00,3.38,1.52,2.62,1.00,D,0.00,12.00,1.89,12.00,0.67,^,0.00,,14.20,9.50,504,0.00,49.9,0,0,0.00,0.00,0.00,12.00,0.00,0.00,0,0,0.00,0,0.00
2026-03-29 15:22:39,1012.09,0,0,0,0,0,0,0,0.00,0,1.00,3.38,1.52,2.63,1.00,D,0.00,12.00,1.83,12.00,0.57,^,0.00,,15.90,9.50,504,0.00,51.0,0,0,0.00,0.00,0.00,12.00,0.00,0.00,0,0,0.00,0,0.00
2026-03-29 15:22:40,1013.10,0,0,0,0,0,0,0,1.00,0,1.00,3.38,1.52,2.64,1.00,D,0.00,12.00,1.35,12.00,0.70,^,0.00,,15.80,9.40,504,0.00,50.5,0,0,0.00,0.00,0.00,12.00,0.00,0.00,0,0,0.00,0,0.00
2026-03-29 15:22:41,1014.11,0,0,0,0,0,0,0,0.00,0,1.00,3.38,1.53,2.67,1.00,D,0.00,12.00,1.84,12.00,0.59,^,0.00,,11.40,9.40,504,0.00,49.4,0,0,0.00,0.00,0.00,12.00,0.00,0.00,0,0,0.00,0,0.00
2026-03-29 15:22:42,1015.12,0,0,0,0,0,0,0,0.00,0,1.00,3.38,1.53,2.46,1.00,D,0.00,12.00,12.00,12.00,0.48,^,0.00,,14.60,9.40,504,0.00,51.6,0,0,0.00,0.00,0.00,12.00,0.00,0.00,0,0,0.00,0,0.00
2026-03-29 15:22:43,1016.14,0,0,0,0,0,0,0,1.00,0,0.77,3.38,1.53,1.63,0.94,D,0.00,12.00,2.29,12.00,0.80,^,0.00,,16.20,9.40,504,0.00,48.3,0,0,0.00,0.00,0.00,12.00,0.00,0.00,0,0,0.00,0,0.00
2026-03-29 15:22:44,1017.15,0,0,0,1,0,0,0,-1.00,0,0.00,3.38,1.53,0.88,0.00,N,0.00,12.00,12.00,12.00,0.82,^,0.00,,21.20,9.40,504,0.00,51.0,0,0,0.00,0.00,0.00,12.00,0.00,0.00,0,0,0.00,0,0.00
2026-03-29 15:22:45,1018.16,0,0,0,1,0,0,0,-1.00,0,1.00,3.38,1.53,0.16,-0.54,R,0.00,12.00,12.00,12.00,0.74,^,0.00,,13.60,9.40,504,0.00,51.0,0,0,0.00,0.00,0.00,12.00,0.00,0.00,0,0,0.00,0,0.00
2026-03-29 15:22:46,1019.17,0,0,1,0,0,0,0,0.00,0,0.00,3.38,1.53,2.30,0.00,N,0.00,12.00,12.00,12.00,0.51,^,0.00,,11.30,9.40,504,0.00,50.5,0,0,0.00,0.00,0.00,12.00,0.00,0.00,0,0,0.00,0,0.00
2026-03-29 15:22:47,1020.18,0,0,1,0,0,0,0,1.00,0,1.00,3.38,1.53,0.14,0.35,D,0.00,12.00,12.00,12.00,0.40,^,0.00,,18.80,9.40,504,0.01,49.9,0,0,0.00,0.00,0.00,12.00,0.00,0.00,0,0,0.00,0,0.00
2026-03-29 15:22:48,1021.19,0,0,0,0,0,0,0,1.00,0,1.00,3.38,1.52,0.99,0.85,D,0.00,12.00,12.00,12.00,0.44,^,0.00,,11.40,9.40,504,0.00,50.5,0,0,0.00,0.00,0.00,12.00,0.00,0.00,0,0,0.00,0,0.00
2026-03-29 15:22:49,1022.20,0,0,0,0,0,0,0,0.00,0,0.00,3.38,1.52,1.54,0.35,D,0.00,12.00,12.00,1.98,0.80,^,0.00,,15.20,9.40,504,0.00,50.5,0,0,0.00,0.00,0.00,12.00,0.00,0.00,0,0,0.00,0,0.00
2026-03-29 15:22:50,1023.22,0,0,0,0,0,0,0,1.00,0,1.00,3.38,1.52,0.67,0.03,D,0.00,12.00,12.00,1.86,1.27,^,0.00,,11.40,9.20,504,0.00,50.5,0,0,0.00,0.00,0.00,12.00,0.00,0.00,0,0,0.00,0,0.00
2026-03-29 15:22:51,1024.22,0,0,0,0,0,0,0,1.00,0,1.00,3.38,1.52,0.31,0.54,D,0.00,12.00,12.00,1.83,1.05,^,0.00,,11.70,9.30,504,0.00,50.5,0,0,0.00,0.00,0.00,12.00,0.00,0.00,0,0,0.00,0,0.00
2026-03-29 15:22:52,1025.24,0,0,0,0,0,0,0,0.00,0,1.00,3.38,1.52,1.94,1.00,D,0.00,1.45,12.00,1.59,1.12,^,0.00,,17.90,9.30,504,0.00,50.5,0,0,0.00,0.00,0.00,1.45,0.00,0.00,0,0,0.00,0,0.00
2026-03-29 15:22:53,1026.25,0,0,0,0,0,0,0,-1.00,0,1.00,3.38,1.52,2.65,1.00,D,0.00,12.00,12.00,0.90,0.85,^,0.00,,12.30,9.30,504,0.00,48.8,0,0,0.00,0.00,0.00,12.00,0.00,0.00,0,0,0.00,0,0.00
2026-03-29 15:22:54,1027.26,0,0,0,0,0,0,0,0.00,0,1.00,3.38,1.52,2.74,1.00,D,0.00,12.00,2.19,12.00,1.67,^,0.00,,15.50,9.30,504,0.00,49.9,0,0,0.00,0.00,0.00,12.00,0.00,0.00,0,0,0.00,0,0.00
2026-03-29 15:22:55,1028.28,0,0,0,0,0,0,0,0.00,0,1.00,3.38,1.53,2.33,1.00,D,0.00,12.00,1.62,12.00,2.05,^,0.00,,12.60,9.10,504,0.00,48.3,0,0,0.00,0.00,0.00,12.00,0.00,0.00,0,0,0.00,0,0.00
2026-03-29 15:22:56,1029.29,0,0,0,0,0,0,0,0.00,0,1.00,3.38,1.53,2.32,1.00,D,0.00,12.00,0.80,12.00,12.00,^,0.00,,14.10,9.30,504,0.00,49.9,0,0,0.00,0.00,0.00,12.00,0.00,0.00,0,0,0.00,0,0.00
2026-03-29 15:22:57,1030.31,0,0,0,0,0,0,0,0.42,0,1.00,3.38,1.53,2.62,1.00,D,0.00,12.00,2.53,12.00,0.85,^,0.00,,18.30,9.30,504,0.00,49.4,0,0,0.00,0.00,0.00,12.00,0.00,0.00,0,0,0.00,0,0.00
2026-03-29 15:22:58,1031.32,0,0,0,0,0,0,0,0.17,0,1.00,3.38,1.53,2.48,1.00,D,0.00,12.00,12.00,12.00,0.74,^,0.00,,14.40,9.20,504,0.00,49.4,0,0,0.00,0.00,0.00,12.00,0.00,0.00,0,0,0.00,0,0.00
2026-03-29 15:22:59,1032.33,0,0,0,0,0,0,0,0.25,0,1.00,3.38,1.53,2.43,1.00,D,0.00,12.00,12.00,12.00,0.94,^,0.00,,19.00,9.70,504,0.00,49.4,0,0,0.00,0.00,0.00,12.00,0.00,0.00,0,0,0.00,0,0.00
2026-03-29 15:23:00,1033.35,0,0,0,0,0,0,0,-0.49,0,1.00,3.38,1.53,2.74,1.00,D,0.00,12.00,12.00,12.00,0.81,^,0.00,,15.90,9.80,504,0.00,49.4,0,0,0.00,0.00,0.00,12.00,0.00,0.00,0,0,0.00,0,0.00
2026-03-29 15:23:01,1034.36,0,0,0,0,0,0,0,0.28,0,1.00,3.38,1.53,2.54,1.00,D,0.00,12.00,12.00,12.00,1.02,^,0.00,,14.80,9.80,504,0.00,49.9,0,0,0.00,0.00,0.00,12.00,0.00,0.00,0,0,0.00,0,0.00
2026-03-29 15:23:02,1035.37,0,0,0,0,0,0,0,0.21,0,1.00,3.38,1.53,2.75,1.00,D,0.00,12.00,12.00,12.00,0.94,^,0.00,,17.60,10.00,504,0.00,50.5,0,0,0.00,0.00,0.00,12.00,0.00,0.00,0,0,0.00,0,0.00
2026-03-29 15:23:03,1036.39,0,0,0,0,0,0,0,0.96,0,1.00,3.38,1.53,2.51,1.00,D,0.00,12.00,12.00,12.00,0.79,^,0.00,,15.80,9.80,504,0.00,48.8,0,0,0.00,0.00,0.00,12.00,0.00,0.00,0,0,0.00,0,0.00
2026-03-29 15:23:04,1037.40,0,0,0,0,0,0,0,1.00,0,1.00,3.38,1.53,2.70,1.00,D,0.00,12.00,12.00,12.00,1.24,^,0.00,,16.70,9.80,504,0.00,50.5,0,0,0.00,0.00,0.00,12.00,0.00,0.00,0,0,0.00,0,0.00
2026-03-29 15:23:05,1038.41,0,0,0,0,0,0,0,0.82,0,1.00,3.38,1.54,2.47,1.00,D,0.00,12.00,12.00,12.00,1.05,^,0.00,,15.50,9.70,504,0.00,48.3,0,0,0.00,0.00,0.00,12.00,0.00,0.00,0,0,0.00,0,0.00
2026-03-29 15:23:06,1039.42,0,0,0,0,0,0,0,0.00,0,1.00,3.38,1.54,2.51,1.00,D,0.00,12.00,12.00,12.00,0.90,^,0.00,,12.80,9.70,504,0.00,49.4,0,0,0.00,0.00,0.00,12.00,0.00,0.00,0,0,0.00,0,0.00
2026-03-29 15:23:07,1040.44,0,0,0,0,0,0,0,1.00,0,1.00,3.38,1.54,2.52,1.00,D,0.00,12.00,12.00,12.00,1.10,^,0.00,,18.30,9.70,504,0.00,49.9,0,0,0.00,0.00,0.00,12.00,0.00,0.00,0,0,0.00,0,0.00
2026-03-29 15:23:08,1041.44,0,0,0,0,0,0,0,1.00,0,1.00,3.38,1.54,2.64,1.00,D,0.00,12.00,12.00,12.00,0.88,^,0.00,,10.90,9.70,504,0.00,50.5,0,0,0.00,0.00,0.00,12.00,0.00,0.00,0,0,0.00,0,0.00
2026-03-29 15:23:09,1042.44,0,0,0,0,0,0,0,1.00,0,1.00,3.38,1.54,2.78,1.00,D,0.00,12.00,12.00,12.00,0.77,^,0.00,,13.30,9.40,504,0.00,49.4,0,0,0.00,0.00,0.00,12.00,0.00,0.00,0,0,0.00,0,0.00
2026-03-29 15:23:10,1043.45,0,0,0,0,0,0,0,1.00,0,1.00,3.38,1.54,2.59,1.00,D,0.00,12.00,12.00,12.00,1.01,^,0.00,,18.30,9.60,504,0.00,50.5,0,0,0.00,0.00,0.00,12.00,0.00,0.00,0,0,0.00,0,0.00
2026-03-29 15:23:11,1044.46,0,0,0,0,0,0,0,0.00,0,1.00,3.38,1.54,2.51,1.00,D,0.00,12.00,12.00,12.00,0.81,^,0.00,,12.00,9.90,504,0.00,49.9,0,0,0.00,0.00,0.00,12.00,0.00,0.00,0,0,0.00,0,0.00
2026-03-29 15:23:12,1045.48,0,0,0,0,0,0,0,1.00,0,1.00,3.38,1.54,2.60,1.00,D,0.00,12.00,12.00,12.00,0.65,^,0.00,,16.80,9.90,504,0.00,51.0,0,0,0.00,0.00,0.00,12.00,0.00,0.00,0,0,0.00,0,0.00
2026-03-29 15:23:13,1046.49,0,0,0,0,0,0,0,0.00,0,1.00,3.38,1.54,2.66,1.00,D,0.00,12.00,12.00,12.00,0.67,^,0.00,,14.60,9.90,504,0.00,49.9,0,0,0.00,0.00,0.00,12.00,0.00,0.00,0,0,0.00,0,0.00
2026-03-29 15:23:14,1047.51,0,0,0,0,0,0,0,0.00,0,1.00,3.38,1.54,2.62,1.00,D,0.00,12.00,12.00,12.00,0.66,^,0.00,,16.70,9.80,504,0.00,49.4,0,0,0.00,0.00,0.00,12.00,0.00,0.00,0,0,0.00,0,0.00
2026-03-29 15:23:15,1048.52,0,0,0,0,0,0,0,0.00,0,1.00,3.38,1.55,2.65,1.00,D,0.00,12.00,12.00,12.00,0.72,^,0.00,,14.30,9.80,504,0.00,49.9,0,0,0.00,0.00,0.00,12.00,0.00,0.00,0,0,0.00,0,0.00
2026-03-29 15:23:16,1049.54,0,0,0,0,0,0,0,0.00,0,1.00,3.38,1.55,2.59,1.00,D,0.00,12.00,12.00,12.00,0.59,^,0.00,,13.00,9.80,504,0.00,49.9,0,0,0.00,0.00,0.00,12.00,0.00,0.00,0,0,0.00,0,0.00
2026-03-29 15:23:17,1050.55,0,0,0,0,0,0,0,0.00,0,1.00,3.38,1.55,2.71,1.00,D,0.00,12.00,12.00,12.00,0.60,^,0.00,,14.90,9.80,504,0.00,50.5,0,0,0.00,0.00,0.00,12.00,0.00,0.00,0,0,0.00,0,0.00
2026-03-29 15:23:18,1051.56,0,0,0,0,0,0,0,0.00,0,1.00,3.38,1.55,2.61,1.00,D,0.00,2.40,2.30,12.00,0.95,^,0.00,,11.50,9.70,504,0.00,49.4,0,0,0.00,0.00,0.00,2.40,0.00,0.00,0,0,0.00,0,0.00
2026-03-29 15:23:19,1052.59,0,0,0,0,0,0,0,0.00,0,1.00,3.38,1.55,2.16,1.00,D,0.00,12.00,2.24,12.00,0.69,^,0.00,,17.40,9.60,504,0.00,49.9,0,0,0.00,0.00,0.00,12.00,0.00,0.00,0,0,0.00,0,0.00
2026-03-29 15:23:20,1053.57,0,0,0,0,0,0,0,1.00,0,1.00,3.38,1.55,2.12,1.00,D,0.00,12.00,1.66,12.00,0.68,^,0.00,,16.60,9.60,504,0.00,49.9,0,0,0.00,0.00,0.00,12.00,0.00,0.00,0,0,0.00,0,0.00
2026-03-29 15:23:21,1054.58,0,0,0,0,0,0,0,0.00,0,1.00,3.38,1.55,2.05,1.00,D,0.00,12.00,12.00,12.00,0.65,^,0.00,,11.80,9.60,504,0.00,48.8,0,0,0.00,0.00,0.00,12.00,0.00,0.00,0,0,0.00,0,0.00
2026-03-29 15:23:22,1055.59,0,0,0,0,0,0,0,1.00,0,1.00,3.38,1.55,2.53,1.00,D,0.00,12.00,12.00,12.00,0.64,^,0.00,,16.50,9.60,504,0.00,48.8,0,0,0.00,0.00,0.00,12.00,0.00,0.00,0,0,0.00,0,0.00
2026-03-29 15:23:23,1056.60,0,0,0,0,0,0,0,0.00,0,1.00,3.38,1.55,2.46,1.00,D,0.00,12.00,12.00,12.00,0.77,^,0.00,,15.10,9.50,504,0.00,49.4,0,0,0.00,0.00,0.00,12.00,0.00,0.00,0,0,0.00,0,0.00
2026-03-29 15:23:24,1057.61,0,0,0,0,0,0,0,0.00,0,1.00,3.38,1.55,2.57,1.00,D,0.00,12.00,12.00,12.00,0.74,^,0.00,,12.60,9.40,504,0.00,49.9,0,0,0.00,0.00,0.00,12.00,0.00,0.00,0,0,0.00,0,0.00
2026-03-29 15:23:25,1058.62,0,0,0,0,0,0,0,0.42,0,1.00,3.38,1.55,2.47,1.00,D,0.00,12.00,12.00,12.00,0.76,^,0.00,,17.90,9.40,504,0.00,48.8,0,0,0.00,0.00,0.00,12.00,0.00,0.00,0,0,0.00,0,0.00
2026-03-29 15:23:26,1059.63,0,0,0,0,0,0,0,0.00,0,1.00,3.38,1.55,2.57,1.00,D,0.00,12.00,12.00,12.00,0.55,^,0.00,,11.30,9.40,504,0.00,49.4,0,0,0.00,0.00,0.00,12.00,0.00,0.00,0,0,0.00,0,0.00
2026-03-29 15:23:27,1060.64,0,0,0,0,0,0,0,0.00,0,1.00,3.38,1.56,2.55,1.00,D,0.00,12.00,12.00,12.00,0.58,^,0.00,,18.00,9.70,504,0.00,49.9,0,0,0.00,0.00,0.00,12.00,0.00,0.00,0,0,0.00,0,0.00
2026-03-29 15:23:28,1061.65,0,0,0,0,0,0,0,0.00,0,1.00,3.38,1.56,2.57,1.00,D,0.00,12.00,12.00,12.00,0.64,^,0.00,,11.90,9.70,504,0.00,49.9,0,0,0.00,0.00,0.00,12.00,0.00,0.00,0,0,0.00,0,0.00
2026-03-29 15:23:29,1062.67,0,0,0,0,0,0,0,1.00,0,1.00,3.38,1.56,2.52,1.00,D,0.00,12.00,12.00,12.00,0.51,^,0.00,,18.70,9.60,504,0.00,50.5,0,0,0.00,0.00,0.00,12.00,0.00,0.00,0,0,0.00,0,0.00
2026-03-29 15:23:30,1063.67,0,0,0,0,0,0,0,0.00,0,1.00,3.38,1.56,2.54,1.00,D,0.00,12.00,12.00,12.00,0.61,^,0.00,,19.40,9.10,504,0.00,48.8,0,0,0.00,0.00,0.00,12.00,0.00,0.00,0,0,0.00,0,0.00
2026-03-29 15:23:31,1064.68,0,0,0,0,0,0,0,1.00,0,1.00,3.38,1.56,2.64,1.00,D,0.00,12.00,12.00,12.00,0.69,^,0.00,,16.00,9.40,504,0.00,49.9,0,0,0.00,0.00,0.00,12.00,0.00,0.00,0,0,0.00,0,0.00
2026-03-29 15:23:32,1065.69,0,0,0,0,0,0,0,0.00,0,1.00,3.38,1.56,2.48,1.00,D,0.00,12.00,12.00,12.00,0.55,^,0.00,,16.40,9.50,504,0.00,50.5,0,0,0.00,0.00,0.00,12.00,0.00,0.00,0,0,0.00,0,0.00
2026-03-29 15:23:33,1066.69,0,0,0,0,0,0,0,0.00,0,1.00,3.38,1.56,2.55,1.00,D,0.00,12.00,12.00,12.00,0.62,^,0.00,,11.50,9.50,504,0.00,48.8,0,0,0.00,0.00,0.00,12.00,0.00,0.00,0,0,0.00,0,0.00
2026-03-29 15:23:34,1067.71,0,0,0,0,0,0,0,0.00,0,1.00,3.38,1.56,2.61,1.00,D,0.00,12.00,12.00,12.00,0.91,^,0.00,,10.70,9.40,504,0.00,49.9,0,0,0.00,0.00,0.00,12.00,0.00,0.00,0,0,0.00,0,0.00
2026-03-29 15:23:35,1068.72,0,0,0,0,0,0,0,0.00,0,1.00,3.38,1.56,2.61,1.00,D,0.00,12.00,12.00,12.00,0.68,^,0.00,,19.40,9.30,504,0.00,51.6,0,0,0.00,0.00,0.00,12.00,0.00,0.00,0,0,0.00,0,0.00
2026-03-29 15:23:36,1069.73,0,0,0,0,0,0,0,0.83,0,1.00,3.38,1.56,2.48,1.00,D,0.00,12.00,1.69,12.00,0.71,^,0.00,,13.10,9.40,504,0.00,49.9,0,0,0.00,0.00,0.00,12.00,0.00,0.00,0,0,0.00,0,0.00
2026-03-29 15:23:37,1070.74,0,0,0,0,0,0,0,0.00,0,1.00,3.38,1.56,2.53,1.00,D,0.00,12.00,1.68,12.00,0.69,^,0.00,,20.40,9.60,504,0.00,51.0,0,0,0.00,0.00,0.00,12.00,0.00,0.00,0,0,0.00,0,0.00
2026-03-29 15:23:38,1071.75,0,0,0,0,0,0,0,0.00,0,1.00,3.38,1.57,2.57,1.00,D,0.00,12.00,12.00,12.00,0.57,^,0.00,,14.90,9.60,504,0.00,50.5,0,0,0.00,0.00,0.00,12.00,0.00,0.00,0,0,0.00,0,0.00
2026-03-29 15:23:39,1072.75,0,0,0,0,0,0,0,0.00,0,1.00,3.38,1.57,2.46,1.00,D,0.00,12.00,12.00,12.00,0.66,^,0.00,,15.90,9.40,504,0.00,48.3,0,0,0.00,0.00,0.00,12.00,0.00,0.00,0,0,0.00,0,0.00
2026-03-29 15:23:40,1073.76,0,0,0,0,0,0,0,0.00,0,1.00,3.38,1.57,2.27,1.00,D,0.00,12.00,12.00,12.00,0.70,^,0.00,,18.30,9.40,504,0.00,48.8,0,0,0.00,0.00,0.00,12.00,0.00,0.00,0,0,0.00,0,0.00
2026-03-29 15:23:41,1074.78,0,0,0,0,0,0,0,1.00,0,1.00,3.38,1.57,2.71,1.00,D,0.00,12.00,12.00,12.00,0.51,^,0.00,,17.30,9.50,504,0.00,49.9,0,0,0.00,0.00,0.00,12.00,0.00,0.00,0,0,0.00,0,0.00
2026-03-29 15:23:42,1075.79,0,0,0,0,0,0,0,0.00,0,1.00,3.38,1.57,2.44,1.00,D,0.00,12.00,12.00,12.00,0.60,^,0.00,,24.10,9.50,504,0.00,49.9,0,0,0.00,0.00,0.00,12.00,0.00,0.00,0,0,0.00,0,0.00
2026-03-29 15:23:43,1076.80,0,0,0,0,0,0,0,0.00,0,1.00,3.38,1.57,2.42,1.00,D,0.00,12.00,12.00,12.00,0.66,^,0.00,,20.30,9.50,504,0.00,49.4,0,0,0.00,0.00,0.00,12.00,0.00,0.00,0,0,0.00,0,0.00
2026-03-29 15:23:44,1077.81,0,0,0,0,0,0,0,0.76,0,1.00,3.38,1.57,2.47,1.00,D,0.00,12.00,12.00,12.00,0.51,^,0.00,,14.90,9.30,504,0.00,49.9,0,0,0.00,0.00,0.00,12.00,0.00,0.00,0,0,0.00,0,0.00
2026-03-29 15:23:45,1078.82,0,0,0,0,0,0,0,-0.37,0,1.00,3.38,1.57,2.25,1.00,D,0.00,12.00,12.00,12.00,0.52,^,0.00,,18.10,9.40,504,0.00,49.9,0,0,0.00,0.00,0.00,12.00,0.00,0.00,0,0,0.00,0,0.00
2026-03-29 15:23:46,1079.84,0,0,0,0,0,0,0,-1.00,0,1.00,3.38,1.57,2.24,1.00,D,0.00,12.00,12.00,12.00,0.72,^,0.00,,15.60,9.40,504,0.00,50.5,0,0,0.00,0.00,0.00,12.00,0.00,0.00,0,0,0.00,0,0.00
2026-03-29 15:23:47,1080.85,0,0,0,0,0,0,0,-0.60,0,1.00,3.38,1.57,2.07,1.00,D,0.00,12.00,12.00,12.00,0.56,^,0.00,,18.10,9.40,504,0.00,49.9,0,0,0.00,0.00,0.00,12.00,0.00,0.00,0,0,0.00,0,0.00
2026-03-29 15:23:48,1081.85,0,0,0,0,0,0,0,1.00,0,1.00,3.38,1.57,2.25,1.00,D,0.00,12.00,1.84,12.00,0.59,^,0.00,,18.10,9.40,504,0.00,50.5,0,0,0.00,0.00,0.00,12.00,0.00,0.00,0,0,0.00,0,0.00
2026-03-29 15:23:49,1082.86,0,0,0,0,0,0,0,0.00,0,1.00,3.38,1.58,2.67,1.00,D,0.00,12.00,1.97,12.00,0.76,^,0.00,,13.30,9.20,504,0.00,49.9,0,0,0.00,0.00,0.00,12.00,0.00,0.00,0,0,0.00,0,0.00
2026-03-29 15:23:50,1083.86,0,0,0,0,0,0,0,1.00,0,1.00,3.38,1.58,2.52,1.00,D,0.00,12.00,1.87,12.00,0.59,^,0.00,,16.40,9.40,504,0.00,52.1,0,0,0.00,0.00,0.00,12.00,0.00,0.00,0,0,0.00,0,0.00
2026-03-29 15:23:51,1084.86,0,0,0,0,0,0,0,0.00,0,1.00,3.38,1.58,2.43,1.00,D,0.00,12.00,12.00,12.00,0.51,^,0.00,,10.90,9.40,504,0.00,49.4,0,0,0.00,0.00,0.00,12.00,0.00,0.00,0,0,0.00,0,0.00
2026-03-29 15:23:53,1085.90,0,0,0,0,0,0,0,0.00,0,1.00,3.38,1.58,2.36,1.00,D,0.00,12.00,12.00,12.00,0.67,^,0.00,,15.50,9.40,504,0.00,49.4,0,0,0.00,0.00,0.00,12.00,0.00,0.00,0,0,0.00,0,0.00
2026-03-29 15:23:54,1086.89,0,0,0,0,0,0,0,0.58,0,1.00,3.38,1.58,2.66,0.99,D,0.00,12.00,12.00,12.00,0.51,^,0.00,,19.00,9.40,504,0.00,51.0,0,0,0.00,0.00,0.00,12.00,0.00,0.00,0,0,0.00,0,0.00
2026-03-29 15:23:55,1087.91,0,0,0,0,0,0,0,1.00,0,1.00,3.38,1.58,2.52,1.00,D,0.00,12.00,12.00,12.00,0.51,^,0.00,,12.10,9.30,504,0.00,50.5,0,0,0.00,0.00,0.00,12.00,0.00,0.00,0,0,0.00,0,0.00
2026-03-29 15:23:56,1088.90,0,0,0,0,0,0,0,0.00,0,1.00,3.38,1.58,2.23,1.00,D,0.00,12.00,12.00,12.00,0.63,^,0.00,,16.40,9.20,504,0.00,50.5,0,0,0.00,0.00,0.00,12.00,0.00,0.00,0,0,0.00,0,0.00
2026-03-29 15:23:57,1089.91,0,0,0,0,0,0,0,0.00,0,1.00,3.38,1.58,2.48,1.00,D,0.00,12.00,12.00,12.00,0.44,^,0.00,,12.40,9.30,504,0.00,48.8,0,0,0.00,0.00,0.00,12.00,0.00,0.00,0,0,0.00,0,0.00
2026-03-29 15:23:58,1090.92,0,0,0,0,0,0,0,0.00,0,1.00,3.38,1.58,2.42,1.00,D,0.00,12.00,12.00,12.00,0.37,^,0.00,,11.00,9.30,504,0.00,50.5,0,0,0.00,0.00,0.00,12.00,0.00,0.00,0,0,0.00,0,0.00
2026-03-29 15:23:59,1091.92,0,0,0,0,0,0,0,0.00,0,1.00,3.38,1.58,2.25,1.00,D,0.00,12.00,12.00,12.00,0.74,^,0.00,,14.40,9.60,504,0.00,49.4,0,0,0.00,0.00,0.00,12.00,0.00,0.00,0,0,0.00,0,0.00
2026-03-29 15:24:00,1092.93,0,0,0,0,0,0,0,1.00,0,1.00,3.38,1.58,2.54,1.00,D,0.00,12.00,12.00,12.00,0.82,^,0.00,,12.00,9.50,504,0.00,49.9,0,0,0.00,0.00,0.00,12.00,0.00,0.00,0,0,0.00,0,0.00
2026-03-29 15:24:01,1093.95,0,0,0,0,0,0,0,0.00,0,1.00,3.38,1.58,2.53,1.00,D,0.00,12.00,1.27,12.00,0.80,^,0.00,,18.50,9.50,504,0.00,49.9,0,0,0.00,0.00,0.00,12.00,0.00,0.00,0,0,0.00,0,0.00
2026-03-29 15:24:02,1094.95,0,0,0,0,0,0,0,0.00,0,1.00,3.38,1.59,2.69,1.00,D,0.00,12.00,12.00,12.00,0.54,^,0.00,,13.40,9.50,504,0.00,50.5,0,0,0.00,0.00,0.00,12.00,0.00,0.00,0,0,0.00,0,0.00
2026-03-29 15:24:03,1095.97,0,0,0,0,0,0,0,1.00,0,1.00,3.38,1.59,2.64,1.00,D,0.00,12.00,12.00,12.00,0.69,^,0.00,,11.40,9.60,504,0.00,49.9,0,0,0.00,0.00,0.00,12.00,0.00,0.00,0,0,0.00,0,0.00
2026-03-29 15:24:04,1096.98,0,0,0,0,0,0,0,0.00,0,1.00,3.38,1.59,2.41,1.00,D,0.00,12.00,12.00,12.00,0.68,^,0.00,,19.70,9.50,504,0.00,50.5,0,0,0.00,0.00,0.00,12.00,0.00,0.00,0,0,0.00,0,0.00
2026-03-29 15:24:05,1097.99,0,0,0,0,0,0,0,1.00,0,1.00,3.38,1.59,2.63,1.00,D,0.00,12.00,12.00,12.00,0.51,^,0.00,,11.10,9.60,504,0.00,49.4,0,0,0.00,0.00,0.00,12.00,0.00,0.00,0,0,0.00,0,0.00
2026-03-29 15:24:06,1099.01,0,0,0,0,0,0,0,0.00,0,1.00,3.38,1.59,2.53,1.00,D,0.00,12.00,12.00,12.00,0.45,^,0.00,,16.90,9.70,504,0.00,51.0,0,0,0.00,0.00,0.00,12.00,0.00,0.00,0,0,0.00,0,0.00
2026-03-29 15:24:07,1100.02,0,0,0,0,0,0,0,1.00,0,1.00,3.38,1.59,2.29,1.00,D,0.00,12.00,12.00,12.00,0.58,^,0.00,,13.40,9.60,504,0.00,49.9,0,0,0.00,0.00,0.00,12.00,0.00,0.00,0,0,0.00,0,0.00
2026-03-29 15:24:08,1101.03,0,0,0,0,0,0,0,0.00,0,1.00,3.38,1.59,2.47,1.00,D,0.00,12.00,12.00,12.00,0.54,^,0.00,,13.30,9.60,504,0.00,50.5,0,0,0.00,0.00,0.00,12.00,0.00,0.00,0,0,0.00,0,0.00
2026-03-29 15:24:09,1102.04,0,0,0,0,0,0,0,0.56,0,1.00,3.38,1.59,2.46,1.00,D,0.00,12.00,12.00,12.00,0.49,^,0.00,,16.20,9.60,504,0.00,50.5,0,0,0.00,0.00,0.00,12.00,0.00,0.00,0,0,0.00,0,0.00
2026-03-29 15:24:10,1103.05,0,0,0,0,0,0,0,0.00,0,1.00,3.38,1.59,2.40,1.00,D,0.00,12.00,12.00,12.00,0.57,^,0.00,,12.60,9.40,504,0.00,49.9,0,0,0.00,0.00,0.00,12.00,0.00,0.00,0,0,0.00,0,0.00
2026-03-29 15:24:11,1104.06,0,0,0,0,0,0,0,1.00,0,1.00,3.38,1.59,2.65,1.00,D,0.00,12.00,1.84,12.00,0.80,^,0.00,,16.80,9.50,504,0.00,51.6,0,0,0.00,0.00,0.00,12.00,0.00,0.00,0,0,0.00,0,0.00
2026-03-29 15:24:12,1105.06,0,0,0,0,0,0,0,0.00,0,1.00,3.38,1.59,2.53,1.00,D,0.00,12.00,0.94,12.00,0.75,^,0.00,,15.10,9.20,504,0.00,50.5,0,0,0.00,0.00,0.00,12.00,0.00,0.00,0,0,0.00,0,0.00
2026-03-29 15:24:13,1106.07,0,0,0,0,0,0,0,0.00,0,1.00,3.38,1.59,2.59,1.00,D,0.00,12.00,12.00,12.00,0.61,^,0.00,,13.90,9.50,504,0.00,51.0,0,0,0.00,0.00,0.00,12.00,0.00,0.00,0,0,0.00,0,0.00
2026-03-29 15:24:14,1107.09,0,0,0,0,0,0,0,1.00,0,1.00,3.38,1.60,2.59,1.00,D,0.00,12.00,12.00,12.00,0.69,^,0.00,,15.70,9.60,504,0.00,50.5,0,0,0.00,0.00,0.00,12.00,0.00,0.00,0,0,0.00,0,0.00
2026-03-29 15:24:15,1108.10,0,0,0,0,0,0,0,0.00,0,1.00,3.38,1.60,2.43,1.00,D,0.00,12.00,1.87,12.00,0.47,^,0.00,,16.80,9.60,504,0.00,50.5,0,0,0.00,0.00,0.00,12.00,0.00,0.00,0,0,0.00,0,0.00
2026-03-29 15:24:16,1109.12,0,0,0,0,0,0,0,0.00,0,1.00,3.38,1.60,2.60,1.00,D,0.00,12.00,12.00,12.00,0.47,^,0.00,,16.80,9.80,504,0.00,49.9,0,0,0.00,0.00,0.00,12.00,0.00,0.00,0,0,0.00,0,0.00
2026-03-29 15:24:17,1110.13,0,0,0,0,0,0,0,0.67,0,1.00,3.38,1.60,2.74,1.00,D,0.00,12.00,12.00,12.00,0.51,^,0.00,,14.50,9.60,504,0.00,51.0,0,0,0.00,0.00,0.00,12.00,0.00,0.00,0,0,0.00,0,0.00
2026-03-29 15:24:18,1111.13,0,0,0,0,0,0,0,0.99,0,1.00,3.38,1.60,2.61,1.00,D,0.00,12.00,12.00,12.00,0.70,^,0.00,,18.80,9.70,504,0.00,49.9,0,0,0.00,0.00,0.00,12.00,0.00,0.00,0,0,0.00,0,0.00
2026-03-29 15:24:19,1112.15,0,0,0,0,0,0,0,0.00,0,1.00,3.38,1.60,2.48,1.00,D,0.00,12.00,1.65,12.00,0.66,^,0.00,,19.50,9.70,504,0.00,50.5,0,0,0.00,0.00,0.00,12.00,0.00,0.00,0,0,0.00,0,0.00
2026-03-29 15:24:20,1113.16,0,0,0,0,0,0,0,0.00,0,1.00,3.38,1.60,2.54,1.00,D,0.00,12.00,1.45,12.00,0.67,^,0.00,,15.10,9.70,504,0.00,50.5,0,0,0.00,0.00,0.00,12.00,0.00,0.00,0,0,0.00,0,0.00
2026-03-29 15:24:21,1114.18,0,0,0,0,0,0,0,0.00,0,1.00,3.38,1.60,2.63,1.00,D,0.00,12.00,12.00,12.00,0.58,^,0.00,,16.30,9.70,504,0.00,50.5,0,0,0.00,0.00,0.00,12.00,0.00,0.00,0,0,0.00,0,0.00
2026-03-29 15:24:22,1115.19,0,0,0,0,0,0,0,0.00,0,1.00,3.38,1.60,2.23,1.00,D,0.00,12.00,12.00,12.00,0.70,^,0.00,,19.20,9.60,504,0.00,50.5,0,0,0.00,0.00,0.00,12.00,0.00,0.00,0,0,0.00,0,0.00
2026-03-29 15:24:23,1116.20,0,0,0,0,0,0,0,0.00,0,1.00,3.38,1.60,2.61,1.00,D,0.00,12.00,12.00,12.00,0.86,^,0.00,,12.30,9.60,504,0.00,49.4,0,0,0.00,0.00,0.00,12.00,0.00,0.00,0,0,0.00,0,0.00
2026-03-29 15:24:24,1117.21,0,0,0,0,0,0,0,0.00,0,1.00,3.38,1.60,2.43,1.00,D,0.00,12.00,1.95,12.00,0.69,^,0.00,,20.50,9.60,504,0.00,49.4,0,0,0.00,0.00,0.00,12.00,0.00,0.00,0,0,0.00,0,0.00
2026-03-29 15:24:25,1118.22,0,0,0,0,0,0,0,0.00,0,1.00,3.38,1.60,2.63,1.00,D,0.00,12.00,12.00,12.00,0.63,^,0.00,,10.10,9.40,504,0.00,49.4,0,0,0.00,0.00,0.00,12.00,0.00,0.00,0,0,0.00,0,0.00
2026-03-29 15:24:26,1119.24,0,0,0,0,0,0,0,0.00,0,1.00,3.38,1.61,2.62,1.00,D,0.00,12.00,12.00,12.00,0.65,^,0.00,,16.20,9.50,504,0.00,49.4,0,0,0.00,0.00,0.00,12.00,0.00,0.00,0,0,0.00,0,0.00
2026-03-29 15:24:27,1120.25,0,0,0,0,0,0,0,0.00,0,1.00,3.38,1.61,2.25,1.00,D,0.00,12.00,12.00,12.00,0.82,^,0.00,,17.30,9.50,504,0.00,49.4,0,0,0.00,0.00,0.00,12.00,0.00,0.00,0,0,0.00,0,0.00
2026-03-29 15:24:28,1121.27,0,0,0,0,0,0,0,1.00,0,1.00,3.38,1.61,2.49,1.00,D,0.00,12.00,2.40,12.00,0.71,^,0.00,,12.60,9.40,504,0.00,49.9,0,0,0.00,0.00,0.00,12.00,0.00,0.00,0,0,0.00,0,0.00
2026-03-29 15:24:29,1122.28,0,0,0,0,0,0,0,0.45,0,1.00,3.38,1.61,2.63,1.00,D,0.00,12.00,2.54,12.00,0.56,^,0.00,,18.90,9.40,504,0.00,51.0,0,0,0.00,0.00,0.00,12.00,0.00,0.00,0,0,0.00,0,0.00
2026-03-29 15:24:30,1123.28,0,0,0,0,0,0,0,1.00,0,1.00,3.38,1.61,2.59,1.00,D,0.00,12.00,12.00,12.00,0.76,^,0.00,,13.50,9.40,504,0.00,49.4,0,0,0.00,0.00,0.00,12.00,0.00,0.00,0,0,0.00,0,0.00
2026-03-29 15:24:31,1124.29,0,0,0,0,0,0,0,1.00,0,1.00,3.38,1.61,2.66,1.00,D,0.00,12.00,2.50,12.00,0.60,^,0.00,,14.20,9.40,504,0.00,49.9,0,0,0.00,0.00,0.00,12.00,0.00,0.00,0,0,0.00,0,0.00
2026-03-29 15:24:32,1125.30,0,0,0,0,0,0,0,0.00,0,1.00,3.38,1.61,2.63,1.00,D,0.00,12.00,2.64,12.00,0.56,^,0.00,,13.40,9.40,504,0.00,50.5,0,0,0.00,0.00,0.00,12.00,0.00,0.00,0,0,0.00,0,0.00
2026-03-29 15:24:33,1126.32,0,0,0,0,0,0,0,1.00,0,1.00,3.38,1.61,2.58,1.00,D,0.00,12.00,2.62,12.00,0.77,^,0.00,,12.20,9.30,504,0.00,49.9,0,0,0.00,0.00,0.00,12.00,0.00,0.00,0,0,0.00,0,0.00
2026-03-29 15:24:34,1127.32,0,0,0,0,0,0,0,0.00,0,1.00,3.38,1.61,2.36,1.00,D,0.00,12.00,2.46,12.00,0.58,^,0.00,,18.50,9.00,504,0.00,50.5,0,0,0.00,0.00,0.00,12.00,0.00,0.00,0,0,0.00,0,0.00
2026-03-29 15:24:35,1128.33,0,0,0,0,0,0,0,0.00,0,1.00,3.38,1.61,2.67,1.00,D,0.00,12.00,2.77,12.00,0.51,^,0.00,,11.10,9.40,504,0.00,48.3,0,0,0.00,0.00,0.00,12.00,0.00,0.00,0,0,0.00,0,0.00
2026-03-29 15:24:36,1129.35,0,0,0,0,0,0,0,1.00,0,1.00,3.38,1.61,2.40,1.00,D,0.00,12.00,1.49,12.00,0.57,^,0.00,,18.10,9.50,504,0.00,51.0,0,0,0.00,0.00,0.00,12.00,0.00,0.00,0,0,0.00,0,0.00
2026-03-29 15:24:37,1130.36,0,0,0,0,0,0,0,0.00,0,1.00,3.38,1.61,2.54,1.00,D,0.00,12.00,12.00,12.00,0.73,^,0.00,,12.30,9.50,504,0.00,49.4,0,0,0.00,0.00,0.00,12.00,0.00,0.00,0,0,0.00,0,0.00
2026-03-29 15:24:38,1131.37,0,0,0,0,0,0,0,1.00,0,1.00,3.38,1.62,2.57,1.00,D,0.00,12.00,2.66,12.00,0.54,^,0.00,,13.60,9.50,504,0.00,48.8,0,0,0.00,0.00,0.00,12.00,0.00,0.00,0,0,0.00,0,0.00
2026-03-29 15:24:39,1132.39,0,0,0,0,0,0,0,0.00,0,1.00,3.38,1.62,2.63,1.00,D,0.00,12.00,12.00,12.00,0.35,^,0.00,,14.60,9.50,504,0.00,49.4,0,0,0.00,0.00,0.00,12.00,0.00,0.00,0,0,0.00,0,0.00
2026-03-29 15:24:40,1133.40,0,0,0,0,0,0,0,0.82,0,1.00,3.38,1.62,2.67,1.00,D,0.00,12.00,12.00,12.00,0.46,^,0.00,,10.40,9.30,504,0.00,50.5,0,0,0.00,0.00,0.00,12.00,0.00,0.00,0,0,0.00,0,0.00
2026-03-29 15:24:41,1134.41,0,0,0,0,0,0,0,1.00,0,1.00,3.38,1.62,2.64,1.00,D,0.00,12.00,12.00,12.00,0.69,^,0.00,,18.80,9.50,504,0.00,51.0,0,0,0.00,0.00,0.00,12.00,0.00,0.00,0,0,0.00,0,0.00
2026-03-29 15:24:42,1135.42,0,0,0,0,0,0,0,0.00,0,1.00,3.38,1.62,2.56,1.00,D,0.00,12.00,12.00,12.00,0.56,^,0.00,,15.10,9.50,504,0.00,49.9,0,0,0.00,0.00,0.00,12.00,0.00,0.00,0,0,0.00,0,0.00
2026-03-29 15:24:43,1136.42,0,0,0,0,0,0,0,0.00,0,1.00,3.38,1.62,2.43,1.00,D,0.00,12.00,12.00,12.00,0.52,^,0.00,,14.30,9.40,504,0.00,49.9,0,0,0.00,0.00,0.00,12.00,0.00,0.00,0,0,0.00,0,0.00
2026-03-29 15:24:44,1137.43,0,0,0,0,0,0,0,0.00,0,1.00,3.38,1.62,2.46,1.00,D,0.00,12.00,12.00,12.00,0.60,^,0.00,,15.70,9.40,504,0.00,49.9,0,0,0.00,0.00,0.00,12.00,0.00,0.00,0,0,0.00,0,0.00
2026-03-29 15:24:45,1138.45,0,0,0,0,0,0,0,0.00,0,1.00,3.38,1.62,2.62,1.00,D,0.00,12.00,12.00,12.00,0.58,^,0.00,,12.70,9.40,504,0.00,50.5,0,0,0.00,0.00,0.00,12.00,0.00,0.00,0,0,0.00,0,0.00
2026-03-29 15:24:46,1139.46,0,0,0,0,0,0,0,1.00,0,1.00,3.38,1.62,2.58,1.00,D,0.00,12.00,12.00,12.00,0.51,^,0.00,,17.10,9.40,504,0.00,51.0,0,0,0.00,0.00,0.00,12.00,0.00,0.00,0,0,0.00,0,0.00
2026-03-29 15:24:47,1140.47,0,0,0,0,0,0,0,0.00,0,1.00,3.38,1.62,2.59,1.00,D,0.00,12.00,1.93,12.00,0.41,^,0.00,,17.70,9.40,504,0.00,51.0,0,0,0.00,0.00,0.00,12.00,0.00,0.00,0,0,0.00,0,0.00
2026-03-29 15:24:48,1141.49,0,0,0,0,0,0,0,0.00,0,1.00,3.38,1.62,2.50,1.00,D,0.00,12.00,1.73,12.00,0.46,^,0.00,,12.50,9.40,504,0.00,49.4,0,0,0.00,0.00,0.00,12.00,0.00,0.00,0,0,0.00,0,0.00
2026-03-29 15:24:49,1142.49,0,0,0,0,0,0,0,0.00,0,1.00,3.38,1.62,2.69,1.00,D,0.00,12.00,12.00,12.00,0.61,^,0.00,,17.60,9.60,504,0.00,50.5,0,0,0.00,0.00,0.00,12.00,0.00,0.00,0,0,0.00,0,0.00
2026-03-29 15:24:50,1143.50,0,0,0,0,0,0,0,0.00,0,1.00,3.38,1.63,2.64,1.00,D,0.00,12.00,12.00,12.00,0.64,^,0.00,,12.10,9.60,504,0.00,49.9,0,0,0.00,0.00,0.00,12.00,0.00,0.00,0,0,0.00,0,0.00
2026-03-29 15:24:51,1144.52,0,0,0,0,0,0,0,1.00,0,1.00,3.38,1.63,2.49,1.00,D,0.00,12.00,12.00,12.00,0.76,^,0.00,,15.10,9.60,504,0.00,49.4,0,0,0.00,0.00,0.00,12.00,0.00,0.00,0,0,0.00,0,0.00
2026-03-29 15:24:52,1145.53,0,0,0,0,0,0,0,0.83,0,1.00,3.38,1.63,2.59,1.00,D,0.00,12.00,12.00,12.00,0.74,^,0.00,,12.60,9.60,504,0.00,51.0,0,0,0.00,0.00,0.00,12.00,0.00,0.00,0,0,0.00,0,0.00
2026-03-29 15:24:53,1146.54,0,0,0,0,0,0,0,0.00,0,1.00,3.38,1.63,2.43,1.00,D,0.00,12.00,12.00,12.00,0.72,^,0.00,,13.70,9.60,504,0.00,50.5,0,0,0.00,0.00,0.00,12.00,0.00,0.00,0,0,0.00,0,0.00
2026-03-29 15:24:54,1147.55,0,0,0,0,0,0,0,0.00,0,0.00,3.38,1.63,2.70,0.92,D,0.00,12.00,12.00,12.00,0.43,^,0.00,,17.30,9.60,504,0.00,51.0,0,0,0.00,0.00,0.00,12.00,0.00,0.00,0,0,0.00,0,0.00
2026-03-29 15:24:55,1148.57,0,0,0,0,0,0,0,0.00,0,0.00,3.38,1.63,1.65,0.31,D,0.00,12.00,12.00,12.00,0.59,^,0.00,,12.70,9.50,504,0.00,49.9,0,0,0.00,0.00,0.00,12.00,0.00,0.00,0,0,0.00,0,0.00
2026-03-29 15:24:56,1149.58,0,0,0,0,0,0,0,0.00,0,0.00,3.38,1.63,0.00,0.00,D,0.00,12.00,12.00,12.00,0.56,^,0.00,,11.40,9.50,504,0.07,52.1,0,0,0.00,0.00,0.00,12.00,0.00,0.00,0,0,0.00,0,0.00
2026-03-29 15:24:57,1150.59,0,0,0,0,0,0,0,0.00,0,0.00,3.38,1.63,0.00,0.00,D,0.00,12.00,1.27,12.00,1.45,^,0.00,,9.30,9.40,504,1.09,51.0,0,0,0.00,0.00,0.00,12.00,0.00,0.00,0,0,0.00,0,0.00
2026-03-29 15:24:58,1151.60,0,0,0,0,0,0,0,0.00,0,0.00,3.38,1.63,0.00,0.00,D,0.00,12.00,1.36,12.00,12.00,^,0.00,,8.80,9.40,504,2.10,49.4,0,0,0.00,0.00,0.00,12.00,0.00,0.00,0,0,0.00,0,0.00
2026-03-29 15:24:59,1152.61,0,0,0,0,0,0,0,0.00,0,0.00,3.38,1.62,0.00,0.00,D,0.00,12.00,0.61,12.00,0.73,^,0.00,,13.60,9.40,504,3.11,49.9,0,0,0.00,0.00,0.00,12.00,0.00,0.00,0,0,0.00,0,0.00
2026-03-29 15:25:00,1153.62,0,0,0,0,0,0,0,0.00,0,0.00,3.38,1.62,0.00,0.00,D,0.00,0.04,0.09,12.00,0.66,STOP_WARNING,0.00,,8.40,9.30,504,4.12,48.8,0,0,0.00,0.00,0.00,0.04,0.00,0.00,0,0,0.00,0,0.00
2026-03-29 15:25:01,1154.64,0,0,0,0,0,0,0,0.00,0,0.00,3.38,1.62,0.00,0.00,D,0.00,0.05,0.10,0.07,0.65,STOP_WARNING,0.00,,10.80,9.40,504,0.00,51.0,0,0,0.00,0.00,0.00,0.05,0.00,0.00,0,0,0.00,0,0.00
2026-03-29 15:25:02,1155.65,0,0,0,0,0,0,0,0.00,0,0.00,3.38,1.62,0.00,0.00,D,0.00,0.05,0.39,12.00,0.65,STOP_WARNING,0.00,,10.10,9.40,504,0.62,50.5,0,0,0.00,0.00,0.00,0.05,0.00,0.00,0,0,0.00,0,0.00
2026-03-29 15:25:03,1156.67,0,0,0,0,0,0,0,0.00,0,0.00,3.38,1.62,0.00,0.00,D,0.00,0.06,0.38,0.07,0.64,STOP_WARNING,0.00,,15.10,9.20,504,1.63,49.4,0,0,0.00,0.00,0.00,0.06,0.00,0.00,0,0,0.00,0,0.00
2026-03-29 15:25:04,1157.68,0,0,0,0,0,0,0,0.00,0,0.00,3.38,1.62,0.00,0.00,D,0.00,0.07,0.38,0.10,0.63,STOP_WARNING,0.00,,12.60,9.50,504,2.64,49.4,0,0,0.00,0.00,0.00,0.07,0.00,0.00,0,0,0.00,0,0.00
2026-03-29 15:25:05,1158.69,0,0,0,0,0,0,0,0.93,0,1.00,3.38,1.62,0.00,0.18,D,0.00,12.00,0.42,12.00,0.65,^,0.00,,12.10,9.40,504,0.31,49.9,0,0,0.00,0.00,0.00,12.00,0.00,0.00,0,0,0.00,0,0.00
2026-03-29 15:25:06,1159.70,0,0,0,0,0,0,0,1.00,0,1.00,3.38,1.61,0.28,0.69,D,0.00,12.00,12.00,12.00,0.43,^,0.00,,17.10,9.50,504,0.00,51.0,0,0,0.00,0.00,0.00,12.00,0.00,0.00,0,0,0.00,0,0.00
2026-03-29 15:25:07,1160.72,0,0,0,0,0,0,0,0.00,0,1.00,3.38,1.61,2.38,1.00,D,0.00,12.00,12.00,12.00,0.80,^,0.00,,14.80,9.70,504,0.00,49.9,0,0,0.00,0.00,0.00,12.00,0.00,0.00,0,0,0.00,0,0.00
2026-03-29 15:25:08,1161.73,0,0,0,0,0,0,0,0.00,0,1.00,3.38,1.62,2.65,1.00,D,0.00,12.00,12.00,12.00,1.07,^,0.00,,10.70,9.70,504,0.00,49.4,0,0,0.00,0.00,0.00,12.00,0.00,0.00,0,0,0.00,0,0.00
2026-03-29 15:25:09,1162.74,0,0,0,0,0,0,0,0.00,0,1.00,3.38,1.62,2.64,1.00,D,0.00,12.00,1.94,12.00,1.06,^,0.00,,15.90,9.60,504,0.00,48.8,0,0,0.00,0.00,0.00,12.00,0.00,0.00,0,0,0.00,0,0.00
2026-03-29 15:25:10,1163.76,0,0,0,0,0,0,0,0.00,0,1.00,3.38,1.62,2.24,1.00,D,0.00,12.00,12.00,12.00,0.82,^,0.00,,13.50,9.50,504,0.00,49.9,0,0,0.00,0.00,0.00,12.00,0.00,0.00,0,0,0.00,0,0.00
2026-03-29 15:25:11,1164.77,0,0,0,0,0,0,0,0.17,0,1.00,3.38,1.62,2.55,1.00,D,0.00,12.00,12.00,12.00,0.77,^,0.00,,15.40,9.50,504,0.00,51.0,0,0,0.00,0.00,0.00,12.00,0.00,0.00,0,0,0.00,0,0.00
2026-03-29 15:25:12,1165.78,0,0,0,0,0,0,0,0.00,0,0.00,3.38,1.62,2.26,0.63,D,0.00,12.00,12.00,12.00,0.98,^,0.00,,13.60,9.50,504,0.00,49.9,0,0,0.00,0.00,0.00,12.00,0.00,0.00,0,0,0.00,0,0.00
2026-03-29 15:25:13,1166.79,0,0,0,0,0,0,0,0.00,0,0.00,3.38,1.62,0.84,0.02,D,0.00,12.00,12.00,12.00,0.89,^,0.00,,8.20,9.50,504,0.00,48.3,0,0,0.00,0.00,0.00,12.00,0.00,0.00,0,0,0.00,0,0.00
2026-03-29 15:25:14,1167.80,0,0,0,0,0,0,0,0.00,0,0.00,3.38,1.62,0.00,0.00,D,0.00,12.00,12.00,12.00,0.94,^,0.00,,11.40,9.50,504,0.68,50.5,0,0,0.00,0.00,0.00,12.00,0.00,0.00,0,0,0.00,0,0.00
2026-03-29 15:25:15,1168.81,0,0,0,0,0,0,0,0.00,0,0.00,3.38,1.62,0.00,0.00,D,0.00,12.00,12.00,12.00,0.94,^,0.00,,9.00,9.40,504,1.69,48.8,0,0,0.00,0.00,0.00,12.00,0.00,0.00,0,0,0.00,0,0.00
2026-03-29 15:25:16,1169.82,0,0,0,0,0,0,0,0.00,0,0.00,3.38,1.61,0.00,0.00,D,0.00,12.00,12.00,12.00,0.94,^,0.00,,10.90,9.40,504,2.70,49.9,0,0,0.00,0.00,0.00,12.00,0.00,0.00,0,0,0.00,0,0.00
2026-03-29 15:25:17,1170.83,0,0,0,0,0,0,0,0.00,0,0.00,3.38,1.61,0.00,0.00,D,0.00,12.00,12.00,12.00,0.95,^,0.00,,8.20,9.40,504,3.71,49.9,0,0,0.00,0.00,0.00,12.00,0.00,0.00,0,0,0.00,0,0.00
2026-03-29 15:25:18,1171.85,0,0,0,0,0,0,0,0.00,0,0.00,3.38,1.61,0.00,0.00,D,0.00,12.00,12.00,12.00,0.95,^,0.00,,7.60,9.40,504,4.73,48.8,0,0,0.00,0.00,0.00,12.00,0.00,0.00,0,0,0.00,0,0.00
2026-03-29 15:25:19,1172.86,0,0,0,0,0,0,0,0.00,0,0.00,3.38,1.61,0.00,0.00,D,0.00,12.00,12.00,12.00,0.95,^,0.00,,12.30,9.40,504,5.74,48.8,0,0,0.00,0.00,0.00,12.00,0.00,0.00,0,0,0.00,0,0.00
2026-03-29 15:25:20,1173.88,0,0,0,0,0,0,0,0.00,0,0.00,3.38,1.61,0.00,0.00,D,0.00,12.00,12.00,12.00,0.96,^,0.00,,7.40,9.20,504,6.76,49.4,0,0,0.00,0.00,0.00,12.00,0.00,0.00,0,0,0.00,0,0.00
2026-03-29 15:25:21,1174.88,0,0,0,0,0,0,0,1.00,0,1.00,3.38,1.61,0.00,0.39,D,0.00,12.00,12.00,12.00,1.00,^,0.00,,17.10,9.40,504,7.77,50.5,0,0,0.00,0.00,0.00,12.00,0.00,0.00,0,0,0.00,0,0.00
2026-03-29 15:25:23,1175.89,0,0,0,0,0,0,0,1.00,0,1.00,3.38,1.61,0.96,0.89,D,0.00,12.00,12.00,12.00,0.76,^,0.00,,12.20,9.30,504,0.00,50.5,0,0,0.00,0.00,0.00,12.00,0.00,0.00,0,0,0.00,0,0.00
2026-03-29 15:25:24,1176.90,0,0,0,0,0,0,0,0.00,0,1.00,3.38,1.61,2.40,1.00,D,0.00,12.00,12.00,12.00,0.76,^,0.00,,10.70,9.30,504,0.00,49.4,0,0,0.00,0.00,0.00,12.00,0.00,0.00,0,0,0.00,0,0.00
2026-03-29 15:25:25,1177.91,0,0,0,0,0,0,0,0.00,0,1.00,3.38,1.61,2.79,1.00,D,0.00,12.00,12.00,12.00,1.06,^,0.00,,17.40,9.30,504,0.00,49.4,0,0,0.00,0.00,0.00,12.00,0.00,0.00,0,0,0.00,0,0.00
2026-03-29 15:25:26,1178.93,0,0,0,0,0,0,0,0.90,0,1.00,3.38,1.61,2.58,1.00,D,0.00,12.00,12.00,12.00,0.79,^,0.00,,15.50,9.20,504,0.00,50.5,0,0,0.00,0.00,0.00,12.00,0.00,0.00,0,0,0.00,0,0.00
2026-03-29 15:25:27,1179.94,0,0,0,0,0,0,0,1.00,0,1.00,3.38,1.61,2.53,1.00,D,0.00,12.00,12.00,12.00,0.60,^,0.00,,17.70,9.40,504,0.00,49.9,0,0,0.00,0.00,0.00,12.00,0.00,0.00,0,0,0.00,0,0.00
2026-03-29 15:25:28,1180.95,0,0,0,0,0,0,0,0.00,0,1.00,3.38,1.61,2.77,1.00,D,0.00,12.00,12.00,12.00,0.73,^,0.00,,13.20,9.50,504,0.00,49.9,0,0,0.00,0.00,0.00,12.00,0.00,0.00,0,0,0.00,0,0.00
2026-03-29 15:25:29,1181.96,0,0,0,0,0,0,0,1.00,0,1.00,3.38,1.61,2.50,1.00,D,0.00,12.00,2.50,12.00,0.82,^,0.00,,12.20,9.50,504,0.00,50.5,0,0,0.00,0.00,0.00,12.00,0.00,0.00,0,0,0.00,0,0.00
2026-03-29 15:25:30,1182.98,0,0,0,0,0,0,0,0.97,0,1.00,3.38,1.61,2.53,1.00,D,0.00,12.00,2.33,12.00,0.67,^,0.00,,14.00,9.30,504,0.00,48.8,0,0,0.00,0.00,0.00,12.00,0.00,0.00,0,0,0.00,0,0.00
2026-03-29 15:25:31,1183.99,0,0,0,0,0,0,0,1.00,0,1.00,3.38,1.61,1.93,1.00,D,0.00,12.00,2.18,12.00,0.65,^,0.00,,13.30,9.20,504,0.00,50.5,0,0,0.00,0.00,0.00,12.00,0.00,0.00,0,0,0.00,0,0.00
2026-03-29 15:25:32,1185.00,0,0,0,0,0,0,0,0.00,0,1.00,3.38,1.61,2.82,1.00,D,0.00,12.00,12.00,12.00,0.43,^,0.00,,11.00,9.30,504,0.00,50.5,0,0,0.00,0.00,0.00,12.00,0.00,0.00,0,0,0.00,0,0.00
2026-03-29 15:25:33,1186.02,0,0,0,0,0,0,0,1.00,0,1.00,3.38,1.61,2.81,1.00,D,0.00,12.00,12.00,12.00,0.48,^,0.00,,9.70,9.40,504,0.00,48.8,0,0,0.00,0.00,0.00,12.00,0.00,0.00,0,0,0.00,0,0.00
2026-03-29 15:25:34,1187.03,0,0,0,0,0,0,0,0.00,0,1.00,3.38,1.62,2.70,1.00,D,0.00,12.00,2.03,12.00,0.23,^,0.00,,9.90,9.50,504,0.00,49.4,0,0,0.00,0.00,0.00,12.00,0.00,0.00,0,0,0.00,0,0.00
2026-03-29 15:25:35,1188.04,0,0,0,0,0,0,0,0.00,0,1.00,3.38,1.62,1.95,1.00,D,0.00,12.00,2.23,0.93,0.26,^,0.00,,13.30,9.50,504,0.00,50.5,0,0,0.00,0.00,0.00,12.00,0.00,0.00,0,0,0.00,0,0.00
2026-03-29 15:25:36,1189.05,0,0,0,0,0,0,0,0.00,0,1.00,3.38,1.62,2.54,1.00,D,0.00,12.00,2.45,12.00,0.91,^,0.00,,12.90,9.20,504,0.00,49.9,0,0,0.00,0.00,0.00,12.00,0.00,0.00,0,0,0.00,0,0.00
2026-03-29 15:25:37,1190.06,0,0,0,0,0,0,0,0.00,0,1.00,3.38,1.62,2.60,1.00,D,0.00,12.00,12.00,12.00,1.11,^,0.00,,15.70,9.40,504,0.00,51.6,0,0,0.00,0.00,0.00,12.00,0.00,0.00,0,0,0.00,0,0.00
2026-03-29 15:25:38,1191.07,0,0,0,0,0,0,0,0.00,0,1.00,3.38,1.62,2.73,1.00,D,0.00,12.00,12.00,12.00,0.88,^,0.00,,15.90,9.40,504,0.00,49.9,0,0,0.00,0.00,0.00,12.00,0.00,0.00,0,0,0.00,0,0.00
2026-03-29 15:25:39,1192.09,0,0,0,0,0,0,0,1.00,0,1.00,3.38,1.62,2.80,1.00,D,0.00,12.00,12.00,12.00,0.80,^,0.00,,10.20,9.40,504,0.00,49.4,0,0,0.00,0.00,0.00,12.00,0.00,0.00,0,0,0.00,0,0.00
2026-03-29 15:25:40,1193.10,0,0,0,0,0,0,0,0.00,0,1.00,3.38,1.62,2.32,1.00,D,0.00,12.00,12.00,12.00,0.81,^,0.00,,19.30,9.40,504,0.00,49.4,0,0,0.00,0.00,0.00,12.00,0.00,0.00,0,0,0.00,0,0.00
2026-03-29 15:25:41,1194.11,0,0,0,0,0,0,0,0.00,0,1.00,3.38,1.62,2.55,1.00,D,0.00,12.00,12.00,12.00,0.65,^,0.00,,14.10,9.30,504,0.00,50.5,0,0,0.00,0.00,0.00,12.00,0.00,0.00,0,0,0.00,0,0.00
2026-03-29 15:25:42,1195.12,0,0,0,0,0,0,0,0.30,0,1.00,3.38,1.62,2.57,1.00,D,0.00,12.00,12.00,12.00,0.50,^,0.00,,17.10,9.40,504,0.00,51.0,0,0,0.00,0.00,0.00,12.00,0.00,0.00,0,0,0.00,0,0.00
2026-03-29 15:25:43,1196.12,0,0,0,0,0,0,0,0.00,0,1.00,3.38,1.62,2.42,1.00,D,0.00,12.00,2.42,12.00,0.44,^,0.00,,15.60,9.30,504,0.00,49.4,0,0,0.00,0.00,0.00,12.00,0.00,0.00,0,0,0.00,0,0.00
2026-03-29 15:25:44,1197.12,0,0,0,0,0,0,0,0.00,0,1.00,3.38,1.62,2.56,1.00,D,0.00,12.00,12.00,12.00,0.54,^,0.00,,13.30,9.60,504,0.00,48.8,0,0,0.00,0.00,0.00,12.00,0.00,0.00,0,0,0.00,0,0.00
2026-03-29 15:25:45,1198.22,0,0,0,0,0,0,0,0.00,0,1.00,3.38,1.62,2.73,1.00,D,0.00,12.00,12.00,12.00,0.61,^,0.00,,15.40,9.60,504,0.00,50.5,0,0,0.00,0.00,0.00,12.00,0.00,0.00,0,0,0.00,0,0.00
2026-03-29 15:25:46,1199.13,0,0,0,0,0,0,0,0.00,0,1.00,3.38,1.62,2.45,1.00,D,0.00,12.00,1.89,12.00,0.60,^,0.00,,13.90,9.10,504,0.00,49.4,0,0,0.00,0.00,0.00,12.00,0.00,0.00,0,0,0.00,0,0.00
2026-03-29 15:25:47,1200.14,0,0,0,0,0,0,0,1.00,0,1.00,3.38,1.63,2.16,1.00,D,0.00,2.21,1.34,12.00,0.96,^,0.00,,17.40,9.40,504,0.00,49.9,0,0,0.00,0.00,0.00,2.21,0.00,0.00,0,0,0.00,0,0.00
2026-03-29 15:25:48,1201.16,0,0,0,1,0,0,0,-0.99,0,1.00,3.38,1.62,0.03,-0.14,R,0.00,12.00,1.33,12.00,0.81,^,0.00,,13.90,9.60,504,0.19,49.9,0,0,0.00,0.00,0.00,12.00,0.00,0.00,0,0,0.00,0,0.00
2026-03-29 15:25:49,1202.17,0,0,0,0,0,0,0,-0.99,0,1.00,3.38,1.62,0.06,-0.74,R,0.00,12.00,1.32,12.00,0.86,^,0.00,,7.60,9.50,504,0.00,48.3,0,0,0.00,0.00,0.00,12.00,0.00,0.00,0,0,0.00,0,0.00
2026-03-29 15:25:50,1203.19,0,0,1,0,0,0,0,0.77,0,0.00,3.38,1.62,1.97,0.00,D,0.00,0.97,1.49,12.00,1.14,CAUTION_WARNING,0.00,,16.30,9.50,504,0.00,50.5,0,0,0.00,0.00,0.00,0.97,0.00,0.00,0,0,0.00,0,0.00
2026-03-29 15:25:51,1204.20,0,0,0,0,0,0,0,0.00,0,1.00,3.38,1.62,0.30,0.42,D,0.00,1.09,2.42,12.00,1.26,^,0.00,,13.80,9.50,504,0.00,49.9,0,0,0.00,0.00,0.00,1.09,0.00,0.00,0,0,0.00,0,0.00
2026-03-29 15:25:52,1205.21,0,0,0,0,0,0,0,0.00,0,1.00,3.38,1.62,1.28,0.92,D,0.00,12.00,1.49,0.85,1.20,^,0.00,,15.50,9.70,504,0.00,50.5,0,0,0.00,0.00,0.00,12.00,0.00,0.00,0,0,0.00,0,0.00
2026-03-29 15:25:53,1206.21,0,0,0,0,0,0,0,1.00,0,1.00,3.38,1.62,2.73,1.00,D,0.00,12.00,2.58,12.00,0.71,^,0.00,,19.60,9.80,504,0.00,49.4,0,0,0.00,0.00,0.00,12.00,0.00,0.00,0,0,0.00,0,0.00
2026-03-29 15:25:54,1207.22,0,0,0,0,0,0,0,0.00,0,1.00,3.38,1.62,2.67,1.00,D,0.00,12.00,12.00,12.00,0.73,^,0.00,,13.10,9.70,504,0.00,49.4,0,0,0.00,0.00,0.00,12.00,0.00,0.00,0,0,0.00,0,0.00
2026-03-29 15:25:55,1208.23,0,0,0,0,0,0,0,0.95,0,1.00,3.38,1.62,2.72,1.00,D,0.00,12.00,2.98,12.00,0.64,^,0.00,,14.70,9.70,504,0.00,51.0,0,0,0.00,0.00,0.00,12.00,0.00,0.00,0,0,0.00,0,0.00
2026-03-29 15:25:56,1209.25,0,0,0,0,0,0,0,0.00,0,1.00,3.38,1.62,2.57,1.00,D,0.00,12.00,2.78,12.00,0.56,^,0.00,,15.60,9.70,504,0.00,50.5,0,0,0.00,0.00,0.00,12.00,0.00,0.00,0,0,0.00,0,0.00
2026-03-29 15:25:57,1210.26,0,0,0,0,0,0,0,1.00,0,1.00,3.38,1.63,2.59,1.00,D,0.00,12.00,2.80,12.00,0.81,^,0.00,,18.60,10.00,504,0.00,49.9,0,0,0.00,0.00,0.00,12.00,0.00,0.00,0,0,0.00,0,0.00
2026-03-29 15:25:58,1211.27,0,0,0,0,0,0,0,0.00,0,1.00,3.38,1.63,2.78,1.00,D,0.00,12.00,2.70,12.00,0.78,^,0.00,,15.20,9.90,504,0.00,49.9,0,0,0.00,0.00,0.00,12.00,0.00,0.00,0,0,0.00,0,0.00
2026-03-29 15:25:59,1212.28,0,0,0,0,0,0,0,0.00,0,1.00,3.38,1.63,2.64,1.00,D,0.00,12.00,2.64,12.00,0.65,^,0.00,,15.70,9.90,504,0.00,48.8,0,0,0.00,0.00,0.00,12.00,0.00,0.00,0,0,0.00,0,0.00
2026-03-29 15:26:00,1213.28,0,0,0,0,0,0,0,0.00,0,1.00,3.38,1.63,2.45,1.00,D,0.00,12.00,2.47,12.00,0.62,^,0.00,,15.20,9.90,504,0.00,50.5,0,0,0.00,0.00,0.00,12.00,0.00,0.00,0,0,0.00,0,0.00
2026-03-29 15:26:01,1214.30,0,0,0,0,0,0,0,0.00,0,1.00,3.38,1.63,2.77,1.00,D,0.00,12.00,12.00,12.00,0.83,^,0.00,,13.40,9.70,504,0.00,50.5,0,0,0.00,0.00,0.00,12.00,0.00,0.00,0,0,0.00,0,0.00
2026-03-29 15:26:02,1215.30,0,0,0,0,0,0,0,0.00,0,1.00,3.38,1.63,2.82,1.00,D,0.00,12.00,12.00,12.00,0.78,^,0.00,,14.20,9.70,504,0.00,49.4,0,0,0.00,0.00,0.00,12.00,0.00,0.00,0,0,0.00,0,0.00
2026-03-29 15:26:03,1216.32,0,0,0,0,0,0,0,0.00,0,1.00,3.38,1.63,2.50,1.00,D,0.00,12.00,12.00,12.00,0.59,^,0.00,,18.70,9.70,504,0.00,50.5,0,0,0.00,0.00,0.00,12.00,0.00,0.00,0,0,0.00,0,0.00
2026-03-29 15:26:04,1217.32,0,0,0,0,0,0,0,0.00,0,1.00,3.38,1.63,2.65,1.00,D,0.00,12.00,12.00,12.00,0.55,^,0.00,,14.40,9.70,504,0.00,49.9,0,0,0.00,0.00,0.00,12.00,0.00,0.00,0,0,0.00,0,0.00
2026-03-29 15:26:05,1218.33,0,0,0,0,0,0,0,0.00,0,1.00,3.38,1.63,2.31,1.00,D,0.00,12.00,12.00,12.00,0.61,^,0.00,,17.80,9.60,504,0.00,50.5,0,0,0.00,0.00,0.00,12.00,0.00,0.00,0,0,0.00,0,0.00
2026-03-29 15:26:06,1219.34,0,0,0,0,0,0,0,0.00,0,1.00,3.38,1.63,2.80,1.00,D,0.00,12.00,12.00,12.00,0.76,^,0.00,,13.60,9.70,504,0.00,51.0,0,0,0.00,0.00,0.00,12.00,0.00,0.00,0,0,0.00,0,0.00
2026-03-29 15:26:07,1220.35,0,0,0,0,0,0,0,0.00,0,1.00,3.38,1.63,2.51,1.00,D,0.00,12.00,12.00,12.00,0.70,^,0.00,,17.60,9.70,504,0.00,49.9,0,0,0.00,0.00,0.00,12.00,0.00,0.00,0,0,0.00,0,0.00
2026-03-29 15:26:08,1221.36,0,0,0,0,0,0,0,0.67,0,1.00,3.38,1.63,2.71,1.00,D,0.00,12.00,12.00,12.00,0.65,^,0.00,,16.70,9.60,504,0.00,51.0,0,0,0.00,0.00,0.00,12.00,0.00,0.00,0,0,0.00,0,0.00
2026-03-29 15:26:09,1222.37,0,0,0,0,0,0,0,1.00,0,1.00,3.38,1.64,2.80,1.00,D,0.00,12.00,0.95,12.00,0.64,^,0.00,,11.80,9.70,504,0.00,49.4,0,0,0.00,0.00,0.00,12.00,0.00,0.00,0,0,0.00,0,0.00
2026-03-29 15:26:10,1223.38,0,0,0,0,0,0,0,0.00,0,1.00,3.38,1.64,2.59,1.00,D,0.00,12.00,12.00,12.00,0.83,^,0.00,,16.70,9.60,504,0.00,49.9,0,0,0.00,0.00,0.00,12.00,0.00,0.00,0,0,0.00,0,0.00
2026-03-29 15:26:11,1224.40,0,0,0,0,0,0,0,0.00,0,1.00,3.38,1.64,2.84,1.00,D,0.00,12.00,12.00,12.00,0.80,^,0.00,,14.30,9.60,504,0.00,49.4,0,0,0.00,0.00,0.00,12.00,0.00,0.00,0,0,0.00,0,0.00
2026-03-29 15:26:12,1225.41,0,0,0,0,0,0,0,0.00,0,1.00,3.38,1.64,2.80,1.00,D,0.00,12.00,12.00,12.00,0.75,^,0.00,,14.00,9.50,504,0.00,51.0,0,0,0.00,0.00,0.00,12.00,0.00,0.00,0,0,0.00,0,0.00
2026-03-29 15:26:13,1226.41,0,0,0,0,0,0,0,0.00,0,1.00,3.38,1.64,2.65,1.00,D,0.00,12.00,12.00,12.00,0.72,^,0.00,,16.10,9.60,504,0.00,49.4,0,0,0.00,0.00,0.00,12.00,0.00,0.00,0,0,0.00,0,0.00
2026-03-29 15:26:14,1227.43,0,0,0,0,0,0,0,0.00,0,1.00,3.38,1.64,2.90,1.00,D,0.00,12.00,12.00,12.00,0.94,^,0.00,,13.10,9.50,504,0.00,49.4,0,0,0.00,0.00,0.00,12.00,0.00,0.00,0,0,0.00,0,0.00
2026-03-29 15:26:15,1228.44,0,0,0,0,0,0,0,1.00,0,1.00,3.38,1.64,2.73,1.00,D,0.00,12.00,12.00,12.00,0.82,^,0.00,,13.90,9.50,504,0.00,51.0,0,0,0.00,0.00,0.00,12.00,0.00,0.00,0,0,0.00,0,0.00
2026-03-29 15:26:16,1229.45,0,0,0,0,0,0,0,0.98,0,1.00,3.38,1.64,2.84,1.00,D,0.00,12.00,12.00,12.00,0.86,^,0.00,,14.60,9.40,504,0.00,50.5,0,0,0.00,0.00,0.00,12.00,0.00,0.00,0,0,0.00,0,0.00
2026-03-29 15:26:17,1230.45,0,0,0,0,0,0,0,1.00,0,1.00,3.38,1.64,2.84,1.00,D,0.00,12.00,12.00,12.00,1.09,^,0.00,,15.20,9.50,504,0.00,50.5,0,0,0.00,0.00,0.00,12.00,0.00,0.00,0,0,0.00,0,0.00
2026-03-29 15:26:18,1231.47,0,0,0,0,0,0,0,0.00,0,1.00,3.38,1.64,2.66,1.00,D,0.00,12.00,12.00,12.00,1.22,^,0.00,,20.70,9.50,504,0.00,52.1,0,0,0.00,0.00,0.00,12.00,0.00,0.00,0,0,0.00,0,0.00
2026-03-29 15:26:19,1232.48,0,0,0,0,0,0,0,0.38,0,1.00,3.38,1.64,2.65,1.00,D,0.00,12.00,12.00,12.00,0.95,^,0.00,,12.20,9.50,504,0.00,50.5,0,0,0.00,0.00,0.00,12.00,0.00,0.00,0,0,0.00,0,0.00
2026-03-29 15:26:20,1233.49,0,0,0,0,0,0,0,0.00,0,1.00,3.38,1.65,2.60,1.00,D,0.00,12.00,12.00,12.00,0.81,^,0.00,,18.10,9.60,504,0.00,52.1,0,0,0.00,0.00,0.00,12.00,0.00,0.00,0,0,0.00,0,0.00
2026-03-29 15:26:21,1234.49,0,0,0,0,0,0,0,0.00,0,1.00,3.38,1.65,2.61,1.00,D,0.00,12.00,12.00,12.00,0.75,^,0.00,,14.10,9.50,504,0.00,51.0,0,0,0.00,0.00,0.00,12.00,0.00,0.00,0,0,0.00,0,0.00
2026-03-29 15:26:22,1235.50,0,0,0,0,0,0,0,0.00,0,1.00,3.38,1.65,2.59,1.00,D,0.00,12.00,12.00,12.00,0.87,^,0.00,,15.60,9.60,504,0.00,51.0,0,0,0.00,0.00,0.00,12.00,0.00,0.00,0,0,0.00,0,0.00
2026-03-29 15:26:23,1236.51,0,0,0,0,0,0,0,0.00,0,1.00,3.38,1.65,2.65,1.00,D,0.00,12.00,12.00,12.00,0.71,^,0.00,,27.70,9.50,504,0.00,51.6,0,0,0.00,0.00,0.00,12.00,0.00,0.00,0,0,0.00,0,0.00
2026-03-29 15:26:24,1237.51,0,0,0,0,0,0,0,0.00,0,1.00,3.38,1.65,2.76,1.00,D,0.00,12.00,12.00,12.00,0.59,^,0.00,,18.60,9.50,504,0.00,49.4,0,0,0.00,0.00,0.00,12.00,0.00,0.00,0,0,0.00,0,0.00
2026-03-29 15:26:25,1238.53,0,0,0,0,0,0,0,0.00,0,1.00,3.38,1.65,2.78,1.00,D,0.00,12.00,12.00,12.00,0.58,^,0.00,,14.40,9.50,504,0.00,49.9,0,0,0.00,0.00,0.00,12.00,0.00,0.00,0,0,0.00,0,0.00
2026-03-29 15:26:26,1239.54,0,0,0,0,0,0,0,0.18,0,1.00,3.38,1.65,2.68,1.00,D,0.00,12.00,12.00,12.00,0.74,^,0.00,,16.80,9.30,504,0.00,49.9,0,0,0.00,0.00,0.00,12.00,0.00,0.00,0,0,0.00,0,0.00
2026-03-29 15:26:27,1240.55,0,0,0,0,0,0,0,1.00,0,1.00,3.38,1.65,2.71,1.00,D,0.00,12.00,12.00,12.00,0.80,^,0.00,,12.10,9.50,504,0.00,50.5,0,0,0.00,0.00,0.00,12.00,0.00,0.00,0,0,0.00,0,0.00
2026-03-29 15:26:28,1241.56,0,0,0,0,0,0,0,1.00,0,1.00,3.38,1.65,2.54,1.00,D,0.00,12.00,12.00,12.00,0.69,^,0.00,,19.50,9.40,504,0.00,49.9,0,0,0.00,0.00,0.00,12.00,0.00,0.00,0,0,0.00,0,0.00
2026-03-29 15:26:29,1242.57,0,0,0,0,0,0,0,1.00,0,1.00,3.38,1.65,2.44,1.00,D,0.00,12.00,12.00,12.00,0.48,^,0.00,,12.70,9.40,504,0.00,49.4,0,0,0.00,0.00,0.00,12.00,0.00,0.00,0,0,0.00,0,0.00
2026-03-29 15:26:30,1243.57,0,0,0,0,0,0,0,0.00,0,1.00,3.38,1.65,2.36,1.00,D,0.00,12.00,12.00,12.00,0.68,^,0.00,,18.20,9.30,504,0.00,51.0,0,0,0.00,0.00,0.00,12.00,0.00,0.00,0,0,0.00,0,0.00
2026-03-29 15:26:31,1244.58,0,0,0,0,0,0,0,0.00,0,1.00,3.38,1.65,2.74,1.00,D,0.00,12.00,12.00,12.00,0.77,^,0.00,,11.30,9.70,504,0.00,49.4,0,0,0.00,0.00,0.00,12.00,0.00,0.00,0,0,0.00,0,0.00
2026-03-29 15:26:32,1245.60,0,0,0,0,0,0,0,0.00,0,1.00,3.38,1.65,2.72,1.00,D,0.00,12.00,12.00,12.00,1.10,^,0.00,,8.20,9.70,504,0.00,50.5,0,0,0.00,0.00,0.00,12.00,0.00,0.00,0,0,0.00,0,0.00
2026-03-29 15:26:33,1246.60,0,0,0,0,0,0,0,1.00,0,1.00,3.38,1.66,2.71,1.00,D,0.00,12.00,12.00,12.00,0.85,^,0.00,,17.10,9.60,504,0.00,49.9,0,0,0.00,0.00,0.00,12.00,0.00,0.00,0,0,0.00,0,0.00
2026-03-29 15:26:34,1247.61,0,0,0,0,0,0,0,0.00,0,1.00,3.38,1.66,2.72,1.00,D,0.00,12.00,12.00,12.00,0.69,^,0.00,,12.10,9.40,504,0.00,49.9,0,0,0.00,0.00,0.00,12.00,0.00,0.00,0,0,0.00,0,0.00
2026-03-29 15:26:35,1248.63,0,0,0,0,0,0,0,1.00,0,1.00,3.38,1.66,2.31,1.00,D,0.00,12.00,12.00,12.00,0.64,^,0.00,,13.50,9.40,504,0.00,51.0,0,0,0.00,0.00,0.00,12.00,0.00,0.00,0,0,0.00,0,0.00
2026-03-29 15:26:36,1249.63,0,0,0,0,0,0,0,0.00,0,1.00,3.38,1.66,2.66,1.00,D,0.00,12.00,12.00,12.00,0.81,^,0.00,,16.30,9.30,504,0.00,49.4,0,0,0.00,0.00,0.00,12.00,0.00,0.00,0,0,0.00,0,0.00
2026-03-29 15:26:37,1250.64,0,0,0,0,0,0,0,0.00,0,1.00,3.38,1.66,2.77,1.00,D,0.00,12.00,12.00,12.00,0.70,^,0.00,,9.70,9.50,504,0.00,49.9,0,0,0.00,0.00,0.00,12.00,0.00,0.00,0,0,0.00,0,0.00
2026-03-29 15:26:38,1251.66,0,0,0,0,0,0,0,0.00,0,1.00,3.38,1.66,2.71,1.00,D,0.00,12.00,12.00,12.00,0.55,^,0.00,,17.30,9.70,504,0.00,50.5,0,0,0.00,0.00,0.00,12.00,0.00,0.00,0,0,0.00,0,0.00
2026-03-29 15:26:39,1252.67,0,0,0,0,0,0,0,0.00,0,1.00,3.38,1.66,2.72,1.00,D,0.00,12.00,12.00,12.00,0.49,^,0.00,,13.30,9.70,504,0.00,51.0,0,0,0.00,0.00,0.00,12.00,0.00,0.00,0,0,0.00,0,0.00
2026-03-29 15:26:40,1253.67,0,0,0,0,0,0,0,1.00,0,1.00,3.38,1.66,2.54,1.00,D,0.00,12.00,12.00,12.00,0.58,^,0.00,,13.40,9.60,504,0.00,48.8,0,0,0.00,0.00,0.00,12.00,0.00,0.00,0,0,0.00,0,0.00
2026-03-29 15:26:41,1254.69,0,0,0,0,0,0,0,1.00,0,1.00,3.38,1.66,2.71,1.00,D,0.00,12.00,12.00,12.00,0.74,^,0.00,,18.90,9.40,504,0.00,49.9,0,0,0.00,0.00,0.00,12.00,0.00,0.00,0,0,0.00,0,0.00
2026-03-29 15:26:42,1255.70,0,0,0,0,0,0,0,0.00,0,1.00,3.38,1.66,2.75,1.00,D,0.00,12.00,12.00,12.00,0.69,^,0.00,,13.70,9.50,504,0.00,51.0,0,0,0.00,0.00,0.00,12.00,0.00,0.00,0,0,0.00,0,0.00
2026-03-29 15:26:43,1256.70,0,0,0,0,0,0,0,1.00,0,1.00,3.38,1.66,2.78,1.00,D,0.00,12.00,12.00,12.00,0.68,^,0.00,,16.10,9.50,504,0.00,49.9,0,0,0.00,0.00,0.00,12.00,0.00,0.00,0,0,0.00,0,0.00
2026-03-29 15:26:44,1257.71,0,0,0,0,0,0,0,0.00,0,1.00,3.38,1.66,2.81,1.00,D,0.00,12.00,12.00,12.00,0.67,^,0.00,,16.00,9.60,504,0.00,50.5,0,0,0.00,0.00,0.00,12.00,0.00,0.00,0,0,0.00,0,0.00
2026-03-29 15:26:45,1258.72,0,0,0,0,0,0,0,0.00,0,1.00,3.38,1.67,2.71,1.00,D,0.00,12.00,12.00,12.00,0.84,^,0.00,,17.30,9.70,504,0.00,51.0,0,0,0.00,0.00,0.00,12.00,0.00,0.00,0,0,0.00,0,0.00
2026-03-29 15:26:46,1259.72,0,0,0,0,0,0,0,0.00,0,1.00,3.38,1.67,2.59,1.00,D,0.00,12.00,12.00,12.00,0.86,^,0.00,,15.50,9.80,504,0.00,51.0,0,0,0.00,0.00,0.00,12.00,0.00,0.00,0,0,0.00,0,0.00
2026-03-29 15:26:47,1260.73,0,0,0,0,0,0,0,0.41,0,1.00,3.38,1.67,2.69,1.00,D,0.00,12.00,12.00,12.00,0.96,^,0.00,,9.70,9.90,504,0.00,49.9,0,0,0.00,0.00,0.00,12.00,0.00,0.00,0,0,0.00,0,0.00
2026-03-29 15:26:48,1261.74,0,0,0,0,0,0,0,0.00,0,1.00,3.38,1.67,2.56,1.00,D,0.00,12.00,2.38,12.00,0.96,^,0.00,,10.30,9.90,504,0.00,51.0,0,0,0.00,0.00,0.00,12.00,0.00,0.00,0,0,0.00,0,0.00
2026-03-29 15:26:49,1262.75,0,0,0,0,0,0,0,0.00,0,1.00,3.38,1.67,2.46,1.00,D,0.00,12.00,2.29,12.00,1.40,^,0.00,,14.50,9.60,504,0.00,50.5,0,0,0.00,0.00,0.00,12.00,0.00,0.00,0,0,0.00,0,0.00
2026-03-29 15:26:50,1263.76,0,0,0,0,0,0,0,0.61,0,0.00,3.38,1.67,2.24,0.42,D,0.00,12.00,2.33,12.00,1.54,^,0.00,,12.00,9.60,504,0.00,49.9,0,0,0.00,0.00,0.00,12.00,0.00,0.00,0,0,0.00,0,0.00
2026-03-29 15:26:51,1264.76,0,0,0,0,0,0,0,0.00,0,0.00,3.38,1.67,1.09,0.00,D,0.00,12.00,2.23,12.00,1.00,^,0.00,,18.60,9.60,504,0.00,51.0,0,0,0.00,0.00,0.00,12.00,0.00,0.00,0,0,0.00,0,0.00
2026-03-29 15:26:52,1265.77,0,0,0,0,0,0,0,0.00,0,0.00,3.38,1.67,0.00,0.00,D,0.00,12.00,2.18,12.00,0.19,^,0.00,,7.20,9.60,504,0.02,49.9,0,0,0.00,0.00,0.00,12.00,0.00,0.00,0,0,0.00,0,0.00
2026-03-29 15:26:53,1266.78,0,0,0,0,0,0,0,0.00,0,0.00,3.38,1.67,0.00,0.00,D,0.00,1.04,0.67,12.00,0.28,^,0.00,,9.30,9.50,504,0.64,49.9,0,0,0.00,0.00,0.00,1.04,0.00,0.00,0,0,0.00,0,0.00
2026-03-29 15:26:54,1267.78,0,0,0,0,0,0,0,0.00,0,0.00,3.38,1.67,0.00,0.00,D,0.00,12.00,12.00,12.00,0.39,^,0.00,,8.90,9.50,504,1.64,50.5,0,0,0.00,0.00,0.00,12.00,0.00,0.00,0,0,0.00,0,0.00
2026-03-29 15:26:55,1268.79,0,0,0,0,0,0,0,0.00,0,0.00,3.38,1.66,0.30,0.00,D,0.00,12.00,2.20,12.00,0.35,^,0.00,,8.60,9.40,504,0.00,49.9,0,0,0.00,0.00,0.00,12.00,0.00,0.00,0,0,0.00,0,0.00
2026-03-29 15:26:56,1269.79,0,0,0,0,0,0,0,0.00,0,0.00,3.38,1.66,0.00,0.00,D,0.00,12.00,12.00,12.00,0.62,^,0.00,,12.90,9.40,504,0.74,49.4,0,0,0.00,0.00,0.00,12.00,0.00,0.00,0,0,0.00,0,0.00
2026-03-29 15:26:57,1270.80,0,0,0,0,0,0,0,0.00,0,1.00,3.38,1.66,0.00,0.02,D,0.00,12.00,12.00,12.00,0.55,^,0.00,,8.20,9.40,504,1.75,49.4,0,0,0.00,0.00,0.00,12.00,0.00,0.00,0,0,0.00,0,0.00
2026-03-29 15:26:58,1271.82,0,0,0,0,0,0,0,0.00,0,1.00,3.38,1.66,0.02,0.53,D,0.00,12.00,12.00,12.00,0.68,^,0.00,,13.50,9.40,504,0.16,49.4,0,0,0.00,0.00,0.00,12.00,0.00,0.00,0,0,0.00,0,0.00
2026-03-29 15:26:59,1272.81,0,0,0,0,0,0,0,0.00,0,1.00,3.38,1.66,1.65,1.00,D,0.00,12.00,12.00,12.00,0.85,^,0.00,,19.90,9.40,504,0.00,50.5,0,0,0.00,0.00,0.00,12.00,0.00,0.00,0,0,0.00,0,0.00
2026-03-29 15:27:00,1273.82,0,0,0,0,0,0,0,1.00,0,1.00,3.38,1.66,2.69,1.00,D,0.00,12.00,12.00,12.00,1.07,^,0.00,,13.00,9.30,504,0.00,50.5,0,0,0.00,0.00,0.00,12.00,0.00,0.00,0,0,0.00,0,0.00
2026-03-29 15:27:01,1274.83,0,0,0,0,0,0,0,0.00,0,1.00,3.38,1.66,2.73,1.00,D,0.00,12.00,12.00,12.00,0.84,^,0.00,,15.70,9.50,504,0.00,51.0,0,0,0.00,0.00,0.00,12.00,0.00,0.00,0,0,0.00,0,0.00
2026-03-29 15:27:02,1275.84,0,0,0,0,0,0,0,0.00,0,1.00,3.38,1.66,2.69,1.00,D,0.00,12.00,12.00,12.00,0.73,^,0.00,,14.70,9.40,504,0.00,49.9,0,0,0.00,0.00,0.00,12.00,0.00,0.00,0,0,0.00,0,0.00
2026-03-29 15:27:03,1276.86,0,0,0,0,0,0,0,0.00,0,1.00,3.38,1.66,2.77,1.00,D,0.00,12.00,12.00,12.00,0.79,^,0.00,,11.00,9.40,504,0.00,49.4,0,0,0.00,0.00,0.00,12.00,0.00,0.00,0,0,0.00,0,0.00
2026-03-29 15:27:04,1277.86,0,0,0,0,0,0,0,0.00,0,1.00,3.38,1.66,2.70,1.00,D,0.00,12.00,12.00,12.00,0.86,^,0.00,,17.60,9.40,504,0.00,49.9,0,0,0.00,0.00,0.00,12.00,0.00,0.00,0,0,0.00,0,0.00
2026-03-29 15:27:05,1278.86,0,0,0,0,0,0,0,0.00,0,1.00,3.38,1.66,2.73,1.00,D,0.00,12.00,12.00,12.00,0.83,^,0.00,,12.50,9.30,504,0.00,50.5,0,0,0.00,0.00,0.00,12.00,0.00,0.00,0,0,0.00,0,0.00
2026-03-29 15:27:06,1279.87,0,0,0,0,0,0,0,0.00,0,1.00,3.38,1.66,2.73,1.00,D,0.00,12.00,12.00,12.00,0.68,^,0.00,,14.60,9.40,504,0.00,49.9,0,0,0.00,0.00,0.00,12.00,0.00,0.00,0,0,0.00,0,0.00
2026-03-29 15:27:07,1280.88,0,0,0,0,0,0,0,0.00,0,1.00,3.38,1.67,2.94,1.00,D,0.00,12.00,12.00,12.00,0.60,^,0.00,,15.20,9.40,504,0.00,50.5,0,0,0.00,0.00,0.00,12.00,0.00,0.00,0,0,0.00,0,0.00
2026-03-29 15:27:08,1281.88,0,0,0,0,0,0,0,0.00,0,1.00,3.38,1.67,2.76,1.00,D,0.00,12.00,2.25,12.00,0.56,^,0.00,,11.50,9.40,504,0.00,49.9,0,0,0.00,0.00,0.00,12.00,0.00,0.00,0,0,0.00,0,0.00
2026-03-29 15:27:10,1282.90,0,0,0,0,0,0,0,1.00,0,1.00,3.38,1.67,2.71,1.00,D,0.00,12.00,12.00,12.00,0.68,^,0.00,,15.90,9.40,504,0.00,51.0,0,0,0.00,0.00,0.00,12.00,0.00,0.00,0,0,0.00,0,0.00
2026-03-29 15:27:11,1283.90,0,0,0,0,0,0,0,0.00,0,1.00,3.38,1.67,2.82,1.00,D,0.00,12.00,12.00,12.00,0.80,^,0.00,,12.30,9.30,504,0.00,50.5,0,0,0.00,0.00,0.00,12.00,0.00,0.00,0,0,0.00,0,0.00
2026-03-29 15:27:12,1284.92,0,0,0,0,0,0,0,0.00,0,1.00,3.38,1.67,2.77,1.00,D,0.00,12.00,1.91,12.00,0.67,^,0.00,,16.90,9.40,504,0.00,51.6,0,0,0.00,0.00,0.00,12.00,0.00,0.00,0,0,0.00,0,0.00
2026-03-29 15:27:13,1285.92,0,0,0,0,0,0,0,0.00,0,1.00,3.38,1.67,2.76,1.00,D,0.00,12.00,12.00,12.00,0.61,^,0.00,,16.10,9.40,504,0.00,50.5,0,0,0.00,0.00,0.00,12.00,0.00,0.00,0,0,0.00,0,0.00
2026-03-29 15:27:14,1286.94,0,0,0,0,0,0,0,0.00,0,1.00,3.38,1.67,2.71,1.00,D,0.00,12.00,12.00,12.00,0.62,^,0.00,,15.90,9.30,504,0.00,50.5,0,0,0.00,0.00,0.00,12.00,0.00,0.00,0,0,0.00,0,0.00
2026-03-29 15:27:15,1287.95,0,0,0,0,0,0,0,0.00,0,0.90,3.38,1.67,2.83,0.92,D,0.00,12.00,12.00,12.00,0.57,^,0.00,,16.30,9.50,504,0.00,51.0,0,0,0.00,0.00,0.00,12.00,0.00,0.00,0,0,0.00,0,0.00
2026-03-29 15:27:16,1288.96,0,0,0,0,0,0,0,0.00,0,1.00,3.38,1.67,2.74,1.00,D,0.00,12.00,12.00,12.00,0.79,^,0.00,,16.10,9.20,504,0.00,51.0,0,0,0.00,0.00,0.00,12.00,0.00,0.00,0,0,0.00,0,0.00
2026-03-29 15:27:17,1289.97,0,0,0,0,0,0,0,0.99,0,1.00,3.38,1.67,2.76,1.00,D,0.00,12.00,12.00,12.00,0.80,^,0.00,,16.30,9.50,504,0.00,51.0,0,0,0.00,0.00,0.00,12.00,0.00,0.00,0,0,0.00,0,0.00
2026-03-29 15:27:18,1290.98,0,0,0,0,0,0,0,0.00,0,1.00,3.38,1.67,2.62,1.00,D,0.00,12.00,12.00,12.00,0.73,^,0.00,,17.80,9.90,504,0.00,50.5,0,0,0.00,0.00,0.00,12.00,0.00,0.00,0,0,0.00,0,0.00
2026-03-29 15:27:19,1292.00,0,0,0,0,0,0,0,0.00,0,1.00,3.38,1.67,2.81,1.00,D,0.00,12.00,12.00,12.00,0.51,^,0.00,,11.00,9.80,504,0.00,49.9,0,0,0.00,0.00,0.00,12.00,0.00,0.00,0,0,0.00,0,0.00
2026-03-29 15:27:20,1293.02,0,0,0,0,0,0,0,1.00,0,1.00,3.38,1.68,2.67,1.00,D,0.00,12.00,12.00,12.00,0.53,^,0.00,,15.80,9.80,504,0.00,50.5,0,0,0.00,0.00,0.00,12.00,0.00,0.00,0,0,0.00,0,0.00
2026-03-29 15:27:21,1294.02,0,0,0,0,0,0,0,0.00,0,1.00,3.38,1.68,2.48,1.00,D,0.00,12.00,12.00,12.00,0.70,^,0.00,,14.00,9.70,504,0.00,50.5,0,0,0.00,0.00,0.00,12.00,0.00,0.00,0,0,0.00,0,0.00
2026-03-29 15:27:22,1295.02,0,0,0,0,0,0,0,0.00,0,1.00,3.38,1.68,2.81,1.00,D,0.00,12.00,12.00,12.00,0.75,^,0.00,,13.10,9.70,504,0.00,50.5,0,0,0.00,0.00,0.00,12.00,0.00,0.00,0,0,0.00,0,0.00
2026-03-29 15:27:23,1296.03,0,0,0,0,0,0,0,0.00,0,1.00,3.38,1.68,2.85,1.00,D,0.00,12.00,12.00,12.00,0.67,^,0.00,,18.90,9.70,504,0.00,51.6,0,0,0.00,0.00,0.00,12.00,0.00,0.00,0,0,0.00,0,0.00
2026-03-29 15:27:24,1297.13,0,0,0,0,0,0,0,0.00,0,1.00,3.38,1.68,2.52,1.00,D,0.00,12.00,12.00,12.00,0.64,^,0.00,,16.40,9.70,504,0.00,49.4,0,0,0.00,0.00,0.00,12.00,0.00,0.00,0,0,0.00,0,0.00
2026-03-29 15:27:25,1298.05,0,0,0,0,0,0,0,0.94,0,1.00,3.38,1.68,2.79,1.00,D,0.00,12.00,12.00,12.00,0.50,^,0.00,,12.70,9.60,504,0.00,49.9,0,0,0.00,0.00,0.00,12.00,0.00,0.00,0,0,0.00,0,0.00
2026-03-29 15:27:26,1299.06,0,0,0,0,0,0,0,1.00,0,1.00,3.38,1.68,2.77,1.00,D,0.00,12.00,12.00,12.00,0.54,^,0.00,,15.80,9.50,504,0.00,49.4,0,0,0.00,0.00,0.00,12.00,0.00,0.00,0,0,0.00,0,0.00
2026-03-29 15:27:27,1300.07,0,0,0,0,0,0,0,0.00,0,1.00,3.38,1.68,2.81,1.00,D,0.00,12.00,12.00,12.00,0.74,^,0.00,,12.70,9.60,504,0.00,49.4,0,0,0.00,0.00,0.00,12.00,0.00,0.00,0,0,0.00,0,0.00
2026-03-29 15:27:28,1301.07,0,0,0,0,0,0,0,0.00,0,1.00,3.38,1.68,2.69,1.00,D,0.00,12.00,12.00,12.00,0.78,^,0.00,,16.70,9.60,504,0.00,50.5,0,0,0.00,0.00,0.00,12.00,0.00,0.00,0,0,0.00,0,0.00
2026-03-29 15:27:29,1302.07,0,0,0,0,0,0,0,1.00,0,1.00,3.38,1.68,2.54,1.00,D,0.00,12.00,12.00,12.00,0.82,^,0.00,,11.90,9.60,504,0.00,50.5,0,0,0.00,0.00,0.00,12.00,0.00,0.00,0,0,0.00,0,0.00
2026-03-29 15:27:30,1303.09,0,0,0,0,0,0,0,0.46,0,1.00,3.38,1.68,2.60,1.00,D,0.00,12.00,0.84,12.00,0.88,^,0.00,,14.30,9.40,504,0.00,49.9,0,0,0.00,0.00,0.00,12.00,0.00,0.00,0,0,0.00,0,0.00
2026-03-29 15:27:31,1304.10,0,0,0,0,0,0,0,0.00,0,1.00,3.38,1.68,2.85,1.00,D,0.00,12.00,1.29,12.00,0.70,^,0.00,,17.10,9.30,504,0.00,50.5,0,0,0.00,0.00,0.00,12.00,0.00,0.00,0,0,0.00,0,0.00
2026-03-29 15:27:32,1305.11,0,0,0,0,0,0,0,0.00,0,1.00,3.38,1.68,2.68,1.00,D,0.00,12.00,1.66,12.00,0.74,^,0.00,,15.20,9.30,504,0.00,49.9,0,0,0.00,0.00,0.00,12.00,0.00,0.00,0,0,0.00,0,0.00
2026-03-29 15:27:33,1306.12,0,0,0,0,0,0,0,0.18,0,1.00,3.38,1.69,2.79,1.00,D,0.00,12.00,1.30,12.00,0.59,^,0.00,,15.50,9.30,504,0.00,51.0,0,0,0.00,0.00,0.00,12.00,0.00,0.00,0,0,0.00,0,0.00
2026-03-29 15:27:34,1307.14,0,0,0,0,0,0,0,0.00,0,1.00,3.38,1.69,2.62,1.00,D,0.00,12.00,1.07,12.00,0.72,^,0.00,,16.40,9.50,504,0.00,50.5,0,0,0.00,0.00,0.00,12.00,0.00,0.00,0,0,0.00,0,0.00
2026-03-29 15:27:35,1308.15,0,0,0,0,0,0,0,0.00,0,1.00,3.38,1.69,2.81,1.00,D,0.00,12.00,1.21,12.00,0.54,^,0.00,,12.30,9.50,504,0.00,51.0,0,0,0.00,0.00,0.00,12.00,0.00,0.00,0,0,0.00,0,0.00
2026-03-29 15:27:36,1309.16,0,0,0,0,0,0,0,0.00,0,1.00,3.38,1.69,2.72,1.00,D,0.00,12.00,1.07,12.00,0.41,^,0.00,,15.00,9.30,504,0.00,50.5,0,0,0.00,0.00,0.00,12.00,0.00,0.00,0,0,0.00,0,0.00
2026-03-29 15:27:37,1310.17,0,0,0,0,0,0,0,0.00,0,1.00,3.38,1.69,2.88,1.00,D,0.00,12.00,1.50,12.00,0.66,^,0.00,,10.50,9.40,504,0.00,49.4,0,0,0.00,0.00,0.00,12.00,0.00,0.00,0,0,0.00,0,0.00
2026-03-29 15:27:38,1311.19,0,0,0,0,0,0,0,1.00,0,1.00,3.38,1.69,2.77,1.00,D,0.00,12.00,1.17,12.00,0.72,^,0.00,,22.20,9.40,504,0.00,51.6,0,0,0.00,0.00,0.00,12.00,0.00,0.00,0,0,0.00,0,0.00
2026-03-29 15:27:39,1312.20,0,0,0,0,0,0,0,0.00,0,1.00,3.38,1.69,2.87,1.00,D,0.00,12.00,1.24,12.00,0.62,^,0.00,,13.30,9.40,504,0.00,48.8,0,0,0.00,0.00,0.00,12.00,0.00,0.00,0,0,0.00,0,0.00
2026-03-29 15:27:40,1313.22,0,0,0,0,0,0,0,0.00,0,1.00,3.38,1.69,2.81,1.00,D,0.00,12.00,12.00,12.00,0.66,^,0.00,,13.90,9.40,504,0.00,50.5,0,0,0.00,0.00,0.00,12.00,0.00,0.00,0,0,0.00,0,0.00
2026-03-29 15:27:41,1314.22,0,0,0,0,0,0,0,0.78,0,1.00,3.38,1.69,2.64,1.00,D,0.00,12.00,1.35,12.00,0.79,^,0.00,,17.00,9.20,504,0.00,49.4,0,0,0.00,0.00,0.00,12.00,0.00,0.00,0,0,0.00,0,0.00
2026-03-29 15:27:42,1315.23,0,0,0,0,0,0,0,0.00,0,1.00,3.38,1.69,2.84,1.00,D,0.00,12.00,1.46,12.00,1.00,^,0.00,,11.20,9.30,504,0.00,49.9,0,0,0.00,0.00,0.00,12.00,0.00,0.00,0,0,0.00,0,0.00
2026-03-29 15:27:43,1316.25,0,0,0,0,0,0,0,0.00,0,1.00,3.38,1.69,2.40,1.00,D,0.00,12.00,12.00,12.00,0.89,^,0.00,,19.40,9.30,504,0.00,51.0,0,0,0.00,0.00,0.00,12.00,0.00,0.00,0,0,0.00,0,0.00
2026-03-29 15:27:44,1317.26,0,0,0,0,0,0,0,0.00,0,1.00,3.38,1.70,2.75,1.00,D,0.00,12.00,2.08,12.00,0.92,^,0.00,,15.00,9.30,504,0.00,49.9,0,0,0.00,0.00,0.00,12.00,0.00,0.00,0,0,0.00,0,0.00
2026-03-29 15:27:45,1318.27,0,0,0,0,0,0,0,0.00,0,1.00,3.38,1.70,2.99,1.00,D,0.00,12.00,12.00,12.00,0.89,^,0.00,,16.30,9.20,504,0.00,50.5,0,0,0.00,0.00,0.00,12.00,0.00,0.00,0,0,0.00,0,0.00
2026-03-29 15:27:46,1319.28,0,0,0,0,0,0,0,0.00,0,1.00,3.38,1.70,3.00,1.00,D,0.00,12.00,1.76,12.00,0.89,^,0.00,,28.30,9.30,504,0.00,51.0,0,0,0.00,0.00,0.00,12.00,0.00,0.00,0,0,0.00,0,0.00
2026-03-29 15:27:47,1320.29,0,0,0,0,0,0,0,1.00,0,1.00,3.38,1.70,2.79,1.00,D,0.00,12.00,1.80,12.00,0.96,^,0.00,,15.20,9.30,504,0.00,49.4,0,0,0.00,0.00,0.00,12.00,0.00,0.00,0,0,0.00,0,0.00
2026-03-29 15:27:48,1321.31,0,0,0,0,0,0,0,1.00,0,1.00,3.38,1.70,2.49,1.00,D,0.00,12.00,12.00,12.00,1.11,^,0.00,,14.10,9.30,504,0.00,50.5,0,0,0.00,0.00,0.00,12.00,0.00,0.00,0,0,0.00,0,0.00
2026-03-29 15:27:49,1322.32,0,0,0,0,0,0,0,0.99,0,1.00,3.38,1.70,2.70,1.00,D,0.00,12.00,12.00,12.00,1.61,^,0.00,,11.40,9.30,504,0.00,51.0,0,0,0.00,0.00,0.00,12.00,0.00,0.00,0,0,0.00,0,0.00
2026-03-29 15:27:50,1323.33,0,0,0,0,0,0,0,0.00,0,1.00,3.38,1.70,2.50,1.00,D,0.00,12.00,12.00,12.00,1.22,^,0.00,,10.40,9.20,504,0.00,50.5,0,0,0.00,0.00,0.00,12.00,0.00,0.00,0,0,0.00,0,0.00
2026-03-29 15:27:51,1324.35,0,0,0,0,0,0,0,0.00,0,1.00,3.38,1.70,2.66,1.00,D,0.00,12.00,12.00,12.00,1.23,^,0.00,,17.80,9.20,504,0.00,50.5,0,0,0.00,0.00,0.00,12.00,0.00,0.00,0,0,0.00,0,0.00
2026-03-29 15:27:52,1325.36,0,0,0,0,0,0,0,0.00,0,1.00,3.38,1.70,2.62,1.00,D,0.00,12.00,12.00,12.00,1.15,^,0.00,,13.50,9.30,504,0.00,48.3,0,0,0.00,0.00,0.00,12.00,0.00,0.00,0,0,0.00,0,0.00
2026-03-29 15:27:53,1326.38,0,0,0,0,0,0,0,0.00,0,1.00,3.38,1.70,2.39,1.00,D,0.00,12.00,12.00,12.00,0.97,^,0.00,,15.30,9.30,504,0.00,50.5,0,0,0.00,0.00,0.00,12.00,0.00,0.00,0,0,0.00,0,0.00
2026-03-29 15:27:54,1327.38,0,0,0,0,0,0,0,0.00,0,1.00,3.38,1.70,2.72,1.00,D,0.00,12.00,12.00,12.00,0.78,^,0.00,,17.10,9.30,504,0.00,49.9,0,0,0.00,0.00,0.00,12.00,0.00,0.00,0,0,0.00,0,0.00
2026-03-29 15:27:55,1328.39,0,0,0,0,0,0,0,0.00,0,1.00,3.38,1.70,2.60,1.00,D,0.00,12.00,12.00,12.00,0.70,^,0.00,,11.70,9.20,504,0.00,48.8,0,0,0.00,0.00,0.00,12.00,0.00,0.00,0,0,0.00,0,0.00
2026-03-29 15:27:56,1329.41,0,0,0,0,0,0,0,0.00,0,1.00,3.38,1.70,2.76,1.00,D,0.00,12.00,12.00,12.00,0.89,^,0.00,,16.40,9.20,504,0.00,49.9,0,0,0.00,0.00,0.00,12.00,0.00,0.00,0,0,0.00,0,0.00
2026-03-29 15:27:57,1330.41,0,0,0,0,0,0,0,0.00,0,1.00,3.38,1.71,2.60,1.00,D,0.00,12.00,12.00,12.00,0.96,^,0.00,,16.40,9.30,504,0.00,51.0,0,0,0.00,0.00,0.00,12.00,0.00,0.00,0,0,0.00,0,0.00
2026-03-29 15:27:58,1331.42,0,0,0,0,0,0,0,0.00,0,1.00,3.38,1.71,2.90,1.00,D,0.00,12.00,12.00,12.00,0.90,^,0.00,,12.00,9.30,504,0.00,50.5,0,0,0.00,0.00,0.00,12.00,0.00,0.00,0,0,0.00,0,0.00
2026-03-29 15:27:59,1332.44,0,0,0,0,0,0,0,1.00,0,1.00,3.38,1.71,2.77,1.00,D,0.00,12.00,12.00,12.00,0.81,^,0.00,,14.40,9.30,504,0.00,49.9,0,0,0.00,0.00,0.00,12.00,0.00,0.00,0,0,0.00,0,0.00
2026-03-29 15:28:00,1333.45,0,0,0,0,0,0,0,0.00,0,1.00,3.38,1.71,2.57,1.00,D,0.00,12.00,12.00,12.00,0.73,^,0.00,,12.90,9.20,504,0.00,50.5,0,0,0.00,0.00,0.00,12.00,0.00,0.00,0,0,0.00,0,0.00
2026-03-29 15:28:01,1334.45,0,0,0,0,0,0,0,0.00,0,1.00,3.38,1.71,2.77,1.00,D,0.00,12.00,12.00,12.00,0.73,^,0.00,,14.40,9.30,504,0.00,49.9,0,0,0.00,0.00,0.00,12.00,0.00,0.00,0,0,0.00,0,0.00
2026-03-29 15:28:02,1335.46,0,0,0,0,0,0,0,0.00,0,1.00,3.38,1.71,2.35,1.00,D,0.00,12.00,2.01,12.00,0.78,^,0.00,,13.00,9.30,504,0.00,50.5,0,0,0.00,0.00,0.00,12.00,0.00,0.00,0,0,0.00,0,0.00
2026-03-29 15:28:03,1336.48,0,0,0,0,0,0,0,0.00,0,1.00,3.38,1.71,2.56,1.00,D,0.00,12.00,12.00,12.00,0.84,^,0.00,,13.70,9.30,504,0.00,50.5,0,0,0.00,0.00,0.00,12.00,0.00,0.00,0,0,0.00,0,0.00
2026-03-29 15:28:04,1337.49,0,0,0,0,0,0,0,0.00,0,1.00,3.38,1.71,2.88,1.00,D,0.00,12.00,12.00,12.00,0.80,^,0.00,,15.50,9.40,504,0.00,49.9,0,0,0.00,0.00,0.00,12.00,0.00,0.00,0,0,0.00,0,0.00
2026-03-29 15:28:05,1338.50,0,0,0,0,0,0,0,0.88,0,1.00,3.38,1.71,2.96,1.00,D,0.00,12.00,12.00,12.00,0.94,^,0.00,,12.20,9.40,504,0.00,50.5,0,0,0.00,0.00,0.00,12.00,0.00,0.00,0,0,0.00,0,0.00
2026-03-29 15:28:06,1339.51,0,0,0,0,0,0,0,0.00,0,1.00,3.38,1.71,2.69,1.00,D,0.00,12.00,12.00,12.00,1.15,^,0.00,,14.10,9.10,504,0.00,50.5,0,0,0.00,0.00,0.00,12.00,0.00,0.00,0,0,0.00,0,0.00
2026-03-29 15:28:07,1340.53,0,0,0,0,0,0,0,0.00,0,1.00,3.38,1.71,2.77,1.00,D,0.00,12.00,12.00,12.00,1.14,^,0.00,,12.40,9.40,504,0.00,49.9,0,0,0.00,0.00,0.00,12.00,0.00,0.00,0,0,0.00,0,0.00
2026-03-29 15:28:08,1341.54,0,0,0,0,0,0,0,0.00,0,1.00,3.38,1.71,2.90,1.00,D,0.00,12.00,12.00,12.00,0.96,^,0.00,,13.90,9.30,504,0.00,49.4,0,0,0.00,0.00,0.00,12.00,0.00,0.00,0,0,0.00,0,0.00
2026-03-29 15:28:09,1342.55,0,0,0,0,0,0,0,0.00,0,1.00,3.38,1.71,2.68,1.00,D,0.00,12.00,12.00,12.00,0.85,^,0.00,,16.70,9.30,504,0.00,48.8,0,0,0.00,0.00,0.00,12.00,0.00,0.00,0,0,0.00,0,0.00
2026-03-29 15:28:10,1343.57,0,0,0,0,0,0,0,0.00,0,1.00,3.38,1.72,2.68,1.00,D,0.00,12.00,12.00,12.00,0.76,^,0.00,,13.10,9.40,504,0.00,50.5,0,0,0.00,0.00,0.00,12.00,0.00,0.00,0,0,0.00,0,0.00
2026-03-29 15:28:11,1344.58,0,0,0,0,0,0,0,0.00,0,1.00,3.38,1.72,2.80,1.00,D,0.00,12.00,12.00,12.00,0.72,^,0.00,,18.30,9.50,504,0.00,50.5,0,0,0.00,0.00,0.00,12.00,0.00,0.00,0,0,0.00,0,0.00
2026-03-29 15:28:12,1345.59,0,0,0,0,0,0,0,0.00,0,1.00,3.38,1.72,2.50,1.00,D,0.00,12.00,1.47,12.00,0.70,^,0.00,,12.00,9.50,504,0.00,49.4,0,0,0.00,0.00,0.00,12.00,0.00,0.00,0,0,0.00,0,0.00
2026-03-29 15:28:13,1346.59,0,0,0,0,0,0,0,0.00,0,1.00,3.38,1.72,2.87,1.00,D,0.00,12.00,1.46,12.00,0.55,^,0.00,,10.90,9.50,504,0.00,49.4,0,0,0.00,0.00,0.00,12.00,0.00,0.00,0,0,0.00,0,0.00
2026-03-29 15:28:14,1347.63,0,0,0,0,0,0,0,0.00,0,1.00,3.38,1.72,2.80,1.00,D,0.00,12.00,12.00,12.00,0.52,^,0.00,,14.80,9.50,504,0.00,50.5,0,0,0.00,0.00,0.00,12.00,0.00,0.00,0,0,0.00,0,0.00
2026-03-29 15:28:15,1348.62,0,0,0,0,0,0,0,0.00,0,1.00,3.38,1.72,2.95,1.00,D,0.00,12.00,12.00,12.00,0.76,^,0.00,,12.30,9.50,504,0.00,49.9,0,0,0.00,0.00,0.00,12.00,0.00,0.00,0,0,0.00,0,0.00
2026-03-29 15:28:16,1349.62,0,0,0,0,0,0,0,0.00,0,1.00,3.38,1.72,2.59,1.00,D,0.00,12.00,12.00,12.00,0.76,^,0.00,,16.00,9.50,504,0.00,51.0,0,0,0.00,0.00,0.00,12.00,0.00,0.00,0,0,0.00,0,0.00
2026-03-29 15:28:17,1350.63,0,0,0,0,0,0,0,0.00,0,1.00,3.38,1.72,2.77,1.00,D,0.00,12.00,12.00,12.00,0.53,^,0.00,,12.70,9.40,504,0.00,49.9,0,0,0.00,0.00,0.00,12.00,0.00,0.00,0,0,0.00,0,0.00
2026-03-29 15:28:18,1351.63,0,0,0,0,0,0,0,0.00,0,1.00,3.38,1.72,2.88,1.00,D,0.00,12.00,12.00,12.00,0.66,^,0.00,,12.40,9.50,504,0.00,49.9,0,0,0.00,0.00,0.00,12.00,0.00,0.00,0,0,0.00,0,0.00
2026-03-29 15:28:19,1352.65,0,0,0,0,0,0,0,0.85,0,1.00,3.38,1.72,2.85,1.00,D,0.00,12.00,12.00,12.00,0.66,^,0.00,,16.40,9.40,504,0.00,48.8,0,0,0.00,0.00,0.00,12.00,0.00,0.00,0,0,0.00,0,0.00
2026-03-29 15:28:20,1353.65,0,0,0,0,0,0,0,0.20,0,1.00,3.38,1.72,2.84,1.00,D,0.00,12.00,12.00,12.00,0.80,^,0.00,,14.00,9.30,504,0.00,49.4,0,0,0.00,0.00,0.00,12.00,0.00,0.00,0,0,0.00,0,0.00
2026-03-29 15:28:21,1354.66,0,0,0,0,0,0,0,1.00,0,1.00,3.38,1.72,2.65,1.00,D,0.00,12.00,1.88,12.00,0.86,^,0.00,,16.90,9.40,504,0.00,49.4,0,0,0.00,0.00,0.00,12.00,0.00,0.00,0,0,0.00,0,0.00
2026-03-29 15:28:22,1355.67,0,0,0,0,0,0,0,1.00,0,1.00,3.38,1.72,2.55,1.00,D,0.00,1.50,1.49,12.00,0.76,^,0.00,,14.70,9.40,504,0.00,49.9,0,0,0.00,0.00,0.00,1.50,0.00,0.00,0,0,0.00,0,0.00
2026-03-29 15:28:23,1356.67,0,0,0,0,0,0,0,0.00,0,1.00,3.38,1.73,2.84,1.00,D,0.00,12.00,1.07,12.00,0.57,^,0.00,,10.10,9.40,504,0.00,48.8,0,0,0.00,0.00,0.00,12.00,0.00,0.00,0,0,0.00,0,0.00
2026-03-29 15:28:24,1357.69,0,0,0,0,0,0,0,1.00,0,1.00,3.38,1.73,2.92,1.00,D,0.00,12.00,1.28,12.00,0.60,^,0.00,,17.20,9.40,504,0.00,49.9,0,0,0.00,0.00,0.00,12.00,0.00,0.00,0,0,0.00,0,0.00
2026-03-29 15:28:25,1358.70,0,0,0,0,0,0,0,0.00,0,1.00,3.38,1.73,2.96,1.00,D,0.00,12.00,1.89,12.00,0.63,^,0.00,,10.80,9.20,504,0.00,48.3,0,0,0.00,0.00,0.00,12.00,0.00,0.00,0,0,0.00,0,0.00
2026-03-29 15:28:26,1359.72,0,0,0,0,0,0,0,0.00,0,0.00,3.38,1.73,2.69,0.84,D,0.00,12.00,2.20,12.00,0.58,^,0.00,,15.40,9.30,504,0.00,50.5,0,0,0.00,0.00,0.00,12.00,0.00,0.00,0,0,0.00,0,0.00
2026-03-29 15:28:27,1360.73,0,0,0,0,0,0,0,1.00,0,1.00,3.38,1.73,2.47,1.00,D,0.00,12.00,1.62,12.00,0.57,^,0.00,,14.70,9.30,504,0.00,49.9,0,0,0.00,0.00,0.00,12.00,0.00,0.00,0,0,0.00,0,0.00
2026-03-29 15:28:28,1361.74,0,0,0,0,0,0,0,0.00,0,1.00,3.38,1.73,2.05,1.00,D,0.00,12.00,12.00,12.00,0.87,^,0.00,,9.80,9.40,504,0.00,49.9,0,0,0.00,0.00,0.00,12.00,0.00,0.00,0,0,0.00,0,0.00
2026-03-29 15:28:29,1362.75,0,0,0,0,0,0,0,0.00,0,1.00,3.38,1.73,2.41,1.00,D,0.00,12.00,12.00,12.00,0.71,^,0.00,,15.60,9.30,504,0.00,50.5,0,0,0.00,0.00,0.00,12.00,0.00,0.00,0,0,0.00,0,0.00
2026-03-29 15:28:30,1363.77,0,0,0,0,0,0,0,1.00,0,1.00,3.38,1.73,2.90,1.00,D,0.00,12.00,12.00,12.00,0.60,^,0.00,,14.00,9.20,504,0.00,49.4,0,0,0.00,0.00,0.00,12.00,0.00,0.00,0,0,0.00,0,0.00
2026-03-29 15:28:31,1364.78,0,0,0,0,0,0,0,0.00,0,1.00,3.38,1.73,2.94,1.00,D,0.00,12.00,12.00,12.00,0.67,^,0.00,,13.70,9.30,504,0.00,49.4,0,0,0.00,0.00,0.00,12.00,0.00,0.00,0,0,0.00,0,0.00
2026-03-29 15:28:32,1365.80,0,0,0,0,0,0,0,0.00,0,1.00,3.38,1.73,2.86,1.00,D,0.00,12.00,12.00,12.00,0.71,^,0.00,,12.10,9.40,504,0.00,48.8,0,0,0.00,0.00,0.00,12.00,0.00,0.00,0,0,0.00,0,0.00
2026-03-29 15:28:33,1366.80,0,0,0,0,0,0,0,0.00,0,1.00,3.38,1.73,2.75,1.00,D,0.00,12.00,12.00,12.00,0.86,^,0.00,,13.10,9.10,504,0.00,49.9,0,0,0.00,0.00,0.00,12.00,0.00,0.00,0,0,0.00,0,0.00
2026-03-29 15:28:34,1367.80,0,0,0,0,0,0,0,0.00,0,1.00,3.38,1.73,2.79,1.00,D,0.00,12.00,12.00,12.00,0.74,^,0.00,,18.70,9.40,504,0.00,50.5,0,0,0.00,0.00,0.00,12.00,0.00,0.00,0,0,0.00,0,0.00
2026-03-29 15:28:35,1368.81,0,0,0,0,0,0,0,0.00,0,1.00,3.38,1.73,2.76,1.00,D,0.00,12.00,1.95,12.00,0.66,^,0.00,,13.50,9.30,504,0.00,49.9,0,0,0.00,0.00,0.00,12.00,0.00,0.00,0,0,0.00,0,0.00
2026-03-29 15:28:36,1369.82,0,0,0,0,0,0,0,1.00,0,1.00,3.38,1.74,2.92,1.00,D,0.00,12.00,2.07,12.00,0.62,^,0.00,,14.50,9.40,504,0.00,49.4,0,0,0.00,0.00,0.00,12.00,0.00,0.00,0,0,0.00,0,0.00
2026-03-29 15:28:37,1370.82,0,0,0,0,0,0,0,0.18,0,1.00,3.38,1.74,2.79,1.00,D,0.00,12.00,1.77,12.00,0.68,^,0.00,,20.00,9.50,504,0.00,51.6,0,0,0.00,0.00,0.00,12.00,0.00,0.00,0,0,0.00,0,0.00
2026-03-29 15:28:38,1371.83,0,0,0,0,0,0,0,0.00,0,1.00,3.38,1.74,2.47,1.00,D,0.00,12.00,12.00,12.00,0.67,^,0.00,,14.10,9.50,504,0.00,49.9,0,0,0.00,0.00,0.00,12.00,0.00,0.00,0,0,0.00,0,0.00
2026-03-29 15:28:39,1372.85,0,0,0,0,0,0,0,0.00,0,1.00,3.38,1.74,2.46,1.00,D,0.00,12.00,12.00,12.00,0.85,^,0.00,,16.90,9.40,504,0.00,51.0,0,0,0.00,0.00,0.00,12.00,0.00,0.00,0,0,0.00,0,0.00
2026-03-29 15:28:40,1373.86,0,0,0,0,0,0,0,0.46,0,1.00,3.38,1.74,2.87,1.00,D,0.00,12.00,12.00,12.00,0.70,^,0.00,,12.10,9.30,504,0.00,49.4,0,0,0.00,0.00,0.00,12.00,0.00,0.00,0,0,0.00,0,0.00
2026-03-29 15:28:41,1374.87,0,0,0,0,0,0,0,0.00,0,1.00,3.38,1.74,2.81,1.00,D,0.00,12.00,12.00,12.00,0.65,^,0.00,,16.10,9.40,504,0.00,49.4,0,0,0.00,0.00,0.00,12.00,0.00,0.00,0,0,0.00,0,0.00
2026-03-29 15:28:42,1375.87,0,0,0,0,0,0,0,0.00,0,1.00,3.38,1.74,2.62,1.00,D,0.00,12.00,2.12,12.00,0.66,^,0.00,,14.70,9.40,504,0.00,49.9,0,0,0.00,0.00,0.00,12.00,0.00,0.00,0,0,0.00,0,0.00
2026-03-29 15:28:44,1376.89,0,0,0,0,0,0,0,0.24,0,1.00,3.38,1.74,2.74,1.00,D,0.00,12.00,1.83,12.00,0.83,^,0.00,,15.00,9.30,504,0.00,49.9,0,0,0.00,0.00,0.00,12.00,0.00,0.00,0,0,0.00,0,0.00
2026-03-29 15:28:45,1377.91,0,0,0,0,0,0,0,0.22,0,1.00,3.38,1.74,2.86,1.00,D,0.00,12.00,12.00,12.00,0.75,^,0.00,,16.10,9.60,504,0.00,49.9,0,0,0.00,0.00,0.00,12.00,0.00,0.00,0,0,0.00,0,0.00
2026-03-29 15:28:46,1378.91,0,0,0,0,0,0,0,0.00,0,1.00,3.38,1.74,2.84,1.00,D,0.00,12.00,1.37,12.00,0.79,^,0.00,,15.70,9.40,504,0.00,50.5,0,0,0.00,0.00,0.00,12.00,0.00,0.00,0,0,0.00,0,0.00
2026-03-29 15:28:47,1379.93,0,0,0,0,0,0,0,1.00,0,1.00,3.38,1.74,2.98,1.00,D,0.00,12.00,1.53,12.00,0.83,^,0.00,,11.50,9.50,504,0.00,48.8,0,0,0.00,0.00,0.00,12.00,0.00,0.00,0,0,0.00,0,0.00
2026-03-29 15:28:48,1380.93,0,0,0,0,0,0,0,1.00,0,1.00,3.38,1.74,2.68,1.00,D,0.00,12.00,12.00,12.00,1.02,^,0.00,,17.50,9.40,504,0.00,49.9,0,0,0.00,0.00,0.00,12.00,0.00,0.00,0,0,0.00,0,0.00
2026-03-29 15:28:49,1381.94,0,0,0,0,0,0,0,1.00,0,1.00,3.38,1.74,2.30,1.00,D,0.00,12.00,12.00,12.00,1.15,^,0.00,,12.80,9.40,504,0.00,49.4,0,0,0.00,0.00,0.00,12.00,0.00,0.00,0,0,0.00,0,0.00
2026-03-29 15:28:50,1382.96,0,0,0,0,0,0,0,0.00,0,1.00,3.38,1.74,2.38,1.00,D,0.00,12.00,12.00,12.00,1.00,^,0.00,,17.30,9.40,504,0.00,50.5,0,0,0.00,0.00,0.00,12.00,0.00,0.00,0,0,0.00,0,0.00
2026-03-29 15:28:51,1383.97,0,0,0,1,0,0,0,0.00,0,1.00,3.38,1.74,0.81,-0.05,R,0.00,12.00,12.00,12.00,1.19,^,0.00,,14.40,9.40,504,0.00,49.9,0,0,0.00,0.00,0.00,12.00,0.00,0.00,0,0,0.00,0,0.00
2026-03-29 15:28:52,1384.99,0,0,0,0,0,0,0,0.00,0,1.00,3.38,1.74,0.55,-0.66,R,0.00,12.00,12.00,12.00,1.59,^,0.00,,8.40,9.40,504,0.00,50.5,0,0,0.00,0.00,0.00,12.00,0.00,0.00,0,0,0.00,0,0.00
2026-03-29 15:28:53,1386.00,0,0,0,0,0,0,0,0.00,0,1.00,3.38,1.74,2.47,-1.00,R,0.00,12.00,12.00,12.00,1.58,^,0.00,,14.60,9.40,504,0.00,50.5,0,0,0.00,0.00,0.00,12.00,0.00,0.00,0,0,0.00,0,0.00
2026-03-29 15:28:54,1387.01,0,0,1,0,0,0,0,0.00,0,0.00,3.38,1.74,1.81,0.00,D,0.00,12.00,12.00,12.00,1.82,^,0.00,,11.30,9.00,504,0.00,49.4,0,0,0.00,0.00,0.00,12.00,0.00,0.00,0,0,0.00,0,0.00
2026-03-29 15:28:55,1388.01,0,0,0,0,0,0,0,0.00,0,0.00,3.38,1.74,0.43,0.00,D,0.00,12.00,12.00,2.12,2.00,^,0.00,,12.00,9.40,504,0.01,51.0,0,0,0.00,0.00,0.00,12.00,0.00,0.00,0,0,0.00,0,0.00
2026-03-29 15:28:56,1389.02,0,0,0,0,0,0,0,1.00,0,1.00,3.38,1.74,0.03,0.44,D,0.00,12.00,12.00,12.00,1.62,^,0.00,,12.80,9.30,504,0.01,49.9,0,0,0.00,0.00,0.00,12.00,0.00,0.00,0,0,0.00,0,0.00
2026-03-29 15:28:57,1390.03,0,0,0,0,0,0,0,1.00,0,1.00,3.38,1.74,1.13,0.95,D,0.00,12.00,12.00,12.00,1.66,^,0.00,,13.10,9.40,504,0.00,48.8,0,0,0.00,0.00,0.00,12.00,0.00,0.00,0,0,0.00,0,0.00
2026-03-29 15:28:58,1391.05,0,0,0,0,0,0,0,0.00,0,0.00,3.38,1.74,1.78,0.44,D,0.00,12.00,12.00,1.51,12.00,^,0.00,,17.20,9.40,504,0.00,48.8,0,0,0.00,0.00,0.00,12.00,0.00,0.00,0,0,0.00,0,0.00
2026-03-29 15:28:59,1392.06,0,0,0,0,0,0,0,0.00,0,0.00,3.38,1.74,0.46,0.00,D,0.00,12.00,12.00,1.47,1.46,^,0.00,,10.30,9.40,504,0.00,48.8,0,0,0.00,0.00,0.00,12.00,0.00,0.00,0,0,0.00,0,0.00
2026-03-29 15:29:00,1393.08,0,0,0,0,0,0,0,0.00,0,0.00,3.38,1.74,0.00,0.00,D,0.00,12.00,9.92,2.56,1.41,^,0.00,,11.10,9.40,504,0.70,49.9,0,0,0.00,0.00,0.00,12.00,0.00,0.00,0,0,0.00,0,0.00
2026-03-29 15:29:01,1394.09,0,0,0,0,0,0,0,0.00,0,0.00,3.38,1.74,0.00,0.00,D,0.00,12.00,12.00,1.41,1.14,^,0.00,,8.30,9.20,504,1.72,48.8,0,0,0.00,0.00,0.00,12.00,0.00,0.00,0,0,0.00,0,0.00
2026-03-29 15:29:02,1395.10,0,0,0,0,0,0,0,0.00,0,0.00,3.38,1.74,0.00,0.00,D,0.00,12.00,12.00,0.86,1.06,^,0.00,,8.40,9.40,504,2.72,48.8,0,0,0.00,0.00,0.00,12.00,0.00,0.00,0,0,0.00,0,0.00
2026-03-29 15:29:03,1396.11,0,0,0,0,0,0,0,0.00,0,0.00,3.38,1.74,0.00,0.00,D,0.00,12.00,12.00,0.86,12.00,^,0.00,,12.40,9.40,504,3.73,49.4,0,0,0.00,0.00,0.00,12.00,0.00,0.00,0,0,0.00,0,0.00
2026-03-29 15:29:04,1397.12,0,0,0,0,0,0,0,0.00,0,0.00,3.38,1.73,0.00,0.00,D,0.00,12.00,12.00,0.86,12.00,^,0.00,,7.40,9.30,504,4.75,49.4,0,0,0.00,0.00,0.00,12.00,0.00,0.00,0,0,0.00,0,0.00
2026-03-29 15:29:05,1398.13,0,0,0,0,0,0,0,0.00,0,0.00,3.38,1.73,0.00,0.00,D,0.00,12.00,12.00,0.86,12.00,^,0.00,,10.70,9.30,504,5.75,49.4,0,0,0.00,0.00,0.00,12.00,0.00,0.00,0,0,0.00,0,0.00
2026-03-29 15:29:06,1399.14,0,0,0,1,0,0,0,1.00,0,0.00,3.38,1.73,0.00,0.00,N,0.00,12.00,12.00,0.86,12.00,^,0.00,,16.30,9.10,504,6.76,48.8,0,0,0.00,0.00,0.00,12.00,0.00,0.00,0,0,0.00,0,0.00
2026-03-29 15:29:07,1400.15,0,0,0,1,0,0,0,1.00,0,1.00,3.38,1.73,0.01,-0.50,R,0.00,12.00,12.00,0.86,12.00,^,0.00,,13.50,9.30,504,0.11,48.3,0,0,0.00,0.00,0.00,12.00,0.00,0.00,0,0,0.00,0,0.00
2026-03-29 15:29:08,1401.15,0,0,0,0,0,0,0,1.00,0,0.89,3.38,1.73,1.65,-0.99,R,0.00,12.00,12.00,0.93,1.04,^,0.00,,15.20,9.40,504,0.00,48.8,0,0,0.00,0.00,0.00,12.00,0.00,0.00,0,0,0.00,0,0.00
2026-03-29 15:29:09,1402.16,0,0,1,0,0,0,0,0.00,0,1.00,3.38,1.73,0.75,0.19,D,0.00,12.00,12.00,1.01,0.97,^,0.00,,16.50,9.40,504,0.00,49.4,0,0,0.00,0.00,0.00,12.00,0.00,0.00,0,0,0.00,0,0.00
2026-03-29 15:29:10,1403.18,0,0,0,0,0,0,0,-0.11,0,1.00,3.38,1.73,0.40,0.70,D,0.00,12.00,12.00,1.01,0.96,^,0.00,,12.80,9.40,504,0.00,49.9,0,0,0.00,0.00,0.00,12.00,0.00,0.00,0,0,0.00,0,0.00
2026-03-29 15:29:11,1404.19,0,0,0,0,0,0,0,0.00,0,1.00,3.38,1.73,2.26,1.00,D,0.00,12.00,12.00,12.00,1.29,^,0.00,,16.40,9.20,504,0.00,48.3,0,0,0.00,0.00,0.00,12.00,0.00,0.00,0,0,0.00,0,0.00
2026-03-29 15:29:12,1405.20,0,0,0,0,0,0,0,1.00,0,1.00,3.38,1.73,2.56,1.00,D,0.00,12.00,12.00,12.00,1.53,^,0.00,,12.10,9.40,504,0.00,48.8,0,0,0.00,0.00,0.00,12.00,0.00,0.00,0,0,0.00,0,0.00
2026-03-29 15:29:13,1406.20,0,0,0,0,0,0,0,0.00,0,1.00,3.38,1.73,2.35,1.00,D,0.00,12.00,12.00,12.00,1.53,^,0.00,,16.60,9.50,504,0.00,49.4,0,0,0.00,0.00,0.00,12.00,0.00,0.00,0,0,0.00,0,0.00
2026-03-29 15:29:14,1407.22,0,0,0,0,0,0,0,0.00,0,1.00,3.38,1.73,2.27,1.00,D,0.00,12.00,12.00,12.00,1.09,^,0.00,,13.20,9.50,504,0.00,48.8,0,0,0.00,0.00,0.00,12.00,0.00,0.00,0,0,0.00,0,0.00
2026-03-29 15:29:15,1408.22,0,0,0,0,0,0,0,0.00,0,1.00,3.38,1.73,2.47,1.00,D,0.00,12.00,12.00,12.00,0.80,^,0.00,,14.10,9.40,504,0.00,49.4,0,0,0.00,0.00,0.00,12.00,0.00,0.00,0,0,0.00,0,0.00
2026-03-29 15:29:16,1409.22,0,0,0,0,0,0,0,0.99,0,1.00,3.38,1.73,2.49,1.00,D,0.00,12.00,12.00,12.00,0.79,^,0.00,,20.10,9.40,504,0.00,49.9,0,0,0.00,0.00,0.00,12.00,0.00,0.00,0,0,0.00,0,0.00
2026-03-29 15:29:17,1410.24,0,0,0,0,0,0,0,0.00,0,1.00,3.38,1.73,2.61,1.00,D,0.00,12.00,12.00,12.00,0.74,^,0.00,,12.60,9.40,504,0.00,49.4,0,0,0.00,0.00,0.00,12.00,0.00,0.00,0,0,0.00,0,0.00
2026-03-29 15:29:18,1411.34,0,0,0,0,0,0,0,1.00,0,1.00,3.38,1.73,2.71,1.00,D,0.00,12.00,12.00,12.00,0.77,^,0.00,,14.30,9.40,504,0.00,49.4,0,0,0.00,0.00,0.00,12.00,0.00,0.00,0,0,0.00,0,0.00
2026-03-29 15:29:19,1412.25,0,0,0,0,0,0,0,0.00,0,1.00,3.38,1.73,2.65,1.00,D,0.00,12.00,12.00,12.00,0.59,^,0.00,,14.50,9.40,504,0.00,49.4,0,0,0.00,0.00,0.00,12.00,0.00,0.00,0,0,0.00,0,0.00
2026-03-29 15:29:20,1413.25,0,0,0,0,0,0,0,1.00,0,1.00,3.38,1.73,2.71,1.00,D,0.00,12.00,12.00,12.00,0.75,^,0.00,,12.90,9.20,504,0.00,49.4,0,0,0.00,0.00,0.00,12.00,0.00,0.00,0,0,0.00,0,0.00
2026-03-29 15:29:21,1414.26,0,0,0,0,0,0,0,0.00,0,1.00,3.38,1.73,2.76,1.00,D,0.00,12.00,12.00,12.00,0.97,^,0.00,,15.50,9.60,504,0.00,49.9,0,0,0.00,0.00,0.00,12.00,0.00,0.00,0,0,0.00,0,0.00
2026-03-29 15:29:22,1415.28,0,0,0,0,0,0,0,0.00,0,1.00,3.38,1.73,2.25,1.00,D,0.00,12.00,12.00,12.00,0.91,^,0.00,,14.10,9.60,504,0.00,49.4,0,0,0.00,0.00,0.00,12.00,0.00,0.00,0,0,0.00,0,0.00
2026-03-29 15:29:23,1416.31,0,0,0,0,0,0,0,0.00,0,1.00,3.38,1.73,2.45,1.00,D,0.00,12.00,12.00,1.71,0.70,^,0.00,,10.80,9.50,504,0.00,49.9,0,0,0.00,0.00,0.00,12.00,0.00,0.00,0,0,0.00,0,0.00
2026-03-29 15:29:24,1417.31,0,0,0,0,0,0,0,0.00,0,1.00,3.38,1.74,2.40,1.00,D,0.00,12.00,12.00,12.00,0.90,^,0.00,,11.60,9.50,504,0.00,49.9,0,0,0.00,0.00,0.00,12.00,0.00,0.00,0,0,0.00,0,0.00
2026-03-29 15:29:25,1418.31,0,0,0,0,0,0,0,1.00,0,1.00,3.38,1.74,2.62,1.00,D,0.00,12.00,12.00,12.00,0.70,^,0.00,,13.20,9.80,504,0.00,49.4,0,0,0.00,0.00,0.00,12.00,0.00,0.00,0,0,0.00,0,0.00
2026-03-29 15:29:26,1419.31,0,0,0,0,0,0,0,0.00,0,1.00,3.38,1.74,2.71,1.00,D,0.00,12.00,12.00,12.00,0.69,^,0.00,,15.50,9.60,504,0.00,49.9,0,0,0.00,0.00,0.00,12.00,0.00,0.00,0,0,0.00,0,0.00
2026-03-29 15:29:27,1420.32,0,0,0,0,0,0,0,0.00,0,1.00,3.38,1.74,2.58,1.00,D,0.00,12.00,12.00,12.00,0.95,^,0.00,,12.50,9.70,504,0.00,48.3,0,0,0.00,0.00,0.00,12.00,0.00,0.00,0,0,0.00,0,0.00
2026-03-29 15:29:28,1421.33,0,0,0,0,0,0,0,1.00,0,1.00,3.38,1.74,2.81,1.00,D,0.00,12.00,12.00,2.00,0.89,^,0.00,,14.30,9.70,504,0.00,49.4,0,0,0.00,0.00,0.00,12.00,0.00,0.00,0,0,0.00,0,0.00
2026-03-29 15:29:29,1422.35,0,0,0,0,0,0,0,0.00,0,1.00,3.38,1.74,2.88,1.00,D,0.00,12.00,12.00,1.19,0.95,^,0.00,,14.30,9.60,504,0.00,47.7,0,0,0.00,0.00,0.00,12.00,0.00,0.00,0,0,0.00,0,0.00
2026-03-29 15:29:30,1423.36,0,0,0,0,0,0,0,1.00,0,1.00,3.38,1.74,2.46,1.00,D,0.00,12.00,12.00,1.50,0.74,^,0.00,,11.40,9.40,504,0.00,49.9,0,0,0.00,0.00,0.00,12.00,0.00,0.00,0,0,0.00,0,0.00
2026-03-29 15:29:31,1424.37,0,0,0,0,0,0,0,0.00,0,1.00,3.38,1.74,2.31,1.00,D,0.00,12.00,12.00,1.72,0.65,^,0.00,,16.70,9.70,504,0.00,49.4,0,0,0.00,0.00,0.00,12.00,0.00,0.00,0,0,0.00,0,0.00
2026-03-29 15:29:32,1425.38,0,0,0,0,0,0,0,0.99,0,1.00,3.38,1.74,2.42,1.00,D,0.00,12.00,12.00,12.00,0.75,^,0.00,,11.70,9.60,504,0.00,48.8,0,0,0.00,0.00,0.00,12.00,0.00,0.00,0,0,0.00,0,0.00
2026-03-29 15:29:33,1426.40,0,0,0,0,0,0,0,1.00,0,1.00,3.38,1.74,2.34,1.00,D,0.00,12.00,12.00,12.00,0.77,^,0.00,,13.20,9.60,504,0.00,49.9,0,0,0.00,0.00,0.00,12.00,0.00,0.00,0,0,0.00,0,0.00
2026-03-29 15:29:34,1427.40,0,0,0,0,0,0,0,0.00,0,1.00,3.38,1.74,2.65,1.00,D,0.00,12.00,12.00,12.00,0.95,^,0.00,,17.40,9.60,504,0.00,48.3,0,0,0.00,0.00,0.00,12.00,0.00,0.00,0,0,0.00,0,0.00
2026-03-29 15:29:35,1428.41,0,0,0,0,0,0,0,0.00,0,1.00,3.38,1.74,2.62,1.00,D,0.00,12.00,12.00,1.45,0.93,^,0.00,,13.00,9.60,504,0.00,47.7,0,0,0.00,0.00,0.00,12.00,0.00,0.00,0,0,0.00,0,0.00
2026-03-29 15:29:36,1429.42,0,0,0,0,0,0,0,0.00,0,1.00,3.38,1.74,2.52,1.00,D,0.00,12.00,12.00,1.32,0.87,^,0.00,,18.30,9.50,504,0.00,49.4,0,0,0.00,0.00,0.00,12.00,0.00,0.00,0,0,0.00,0,0.00
2026-03-29 15:29:37,1430.43,0,0,0,0,0,0,0,0.00,0,1.00,3.38,1.74,2.64,1.00,D,0.00,12.00,12.00,1.12,1.03,^,0.00,,10.70,9.50,504,0.00,47.2,0,0,0.00,0.00,0.00,12.00,0.00,0.00,0,0,0.00,0,0.00
2026-03-29 15:29:38,1431.44,0,0,0,0,0,0,0,1.00,0,1.00,3.38,1.74,2.52,1.00,D,0.00,12.00,12.00,1.50,1.01,^,0.00,,12.90,9.50,504,0.00,48.3,0,0,0.00,0.00,0.00,12.00,0.00,0.00,0,0,0.00,0,0.00
2026-03-29 15:29:39,1432.44,0,0,0,0,0,0,0,1.00,0,1.00,3.38,1.74,2.64,1.00,D,0.00,12.00,12.00,1.64,0.76,^,0.00,,15.10,9.20,504,0.00,49.4,0,0,0.00,0.00,0.00,12.00,0.00,0.00,0,0,0.00,0,0.00
2026-03-29 15:29:40,1433.46,0,0,0,0,0,0,0,-0.30,0,1.00,3.38,1.74,2.52,1.00,D,0.00,0.86,12.00,1.34,0.80,CAUTION_WARNING,0.00,,13.90,9.60,504,0.00,49.4,0,0,0.00,0.00,0.00,0.86,0.00,0.00,0,0,0.00,0,0.00
2026-03-29 15:29:41,1434.46,0,0,0,0,0,0,0,-0.23,0,1.00,3.38,1.75,2.04,1.00,D,0.00,0.06,0.13,0.13,0.87,STOP_WARNING,0.00,,14.00,9.70,504,0.00,49.4,0,0,0.00,0.00,0.00,0.06,0.00,0.00,0,0,0.00,0,0.00
2026-03-29 15:29:42,1435.47,0,0,0,1,0,0,0,1.00,0,1.00,3.38,1.74,0.01,-0.34,R,0.00,0.07,0.13,0.11,0.90,STOP_WARNING,0.00,,13.00,9.70,504,0.22,48.3,0,0,0.00,0.00,0.00,0.07,0.00,0.00,0,0,0.00,0,0.00
2026-03-29 15:29:43,1436.49,0,0,0,0,0,0,0,1.00,0,1.00,3.38,1.74,1.47,-0.95,R,0.00,0.04,0.20,0.23,0.94,STOP_WARNING,0.00,,9.20,9.80,504,0.00,48.8,0,0,0.00,0.00,0.00,0.04,0.00,0.00,0,0,0.00,0,0.00
2026-03-29 15:29:44,1437.50,0,0,1,0,0,0,0,-0.52,0,1.00,3.38,1.74,0.90,0.14,D,0.00,0.70,0.76,1.06,1.16,CAUTION_WARNING,0.00,,19.00,9.60,504,0.00,50.5,0,0,0.00,0.00,0.00,0.70,0.00,0.00,0,0,0.00,0,0.00
2026-03-29 15:29:45,1438.52,0,0,0,0,0,0,0,0.00,0,1.00,3.38,1.74,0.42,0.64,D,0.00,0.71,0.75,0.76,1.06,CAUTION_WARNING,0.00,,13.80,9.60,504,0.00,48.8,0,0,0.00,0.00,0.00,0.71,0.00,0.00,0,0,0.00,0,0.00
2026-03-29 15:29:46,1439.53,0,0,0,0,0,0,0,0.00,0,1.00,3.38,1.74,2.15,1.00,D,0.00,0.41,12.00,0.35,0.68,STOP_WARNING,0.00,,17.20,9.60,504,0.00,49.4,0,0,0.00,0.00,0.00,0.41,0.00,0.00,0,0,0.00,0,0.00
2026-03-29 15:29:47,1440.54,0,0,0,0,0,0,0,0.00,0,1.00,3.38,1.74,2.53,1.00,D,0.00,12.00,12.00,1.23,0.28,^,0.00,,11.50,9.60,504,0.00,48.8,0,0,0.00,0.00,0.00,12.00,0.00,0.00,0,0,0.00,0,0.00
2026-03-29 15:29:48,1441.54,0,0,0,0,0,0,0,1.00,0,1.00,3.38,1.74,2.28,1.00,D,0.00,12.00,12.00,1.04,1.03,^,0.00,,9.70,9.80,504,0.00,48.3,0,0,0.00,0.00,0.00,12.00,0.00,0.00,0,0,0.00,0,0.00
2026-03-29 15:29:49,1442.54,0,0,0,0,0,0,0,1.00,0,1.00,3.38,1.74,2.54,1.00,D,0.00,1.35,12.00,0.81,0.91,^,0.00,,12.30,9.80,504,0.00,48.8,0,0,0.00,0.00,0.00,1.35,0.00,0.00,0,0,0.00,0,0.00
2026-03-29 15:29:50,1443.56,0,0,0,0,0,0,0,1.00,0,1.00,3.38,1.74,2.26,1.00,D,0.00,0.71,12.00,0.59,0.83,CAUTION_WARNING,0.00,,11.10,9.80,504,0.00,48.3,0,0,0.00,0.00,0.00,0.71,0.00,0.00,0,0,0.00,0,0.00
2026-03-29 15:29:51,1444.56,0,0,0,0,0,0,0,0.00,0,1.00,3.38,1.74,2.19,1.00,D,0.00,1.58,0.78,0.32,0.64,^,0.00,,10.30,9.60,504,0.00,49.4,0,0,0.00,0.00,0.00,1.58,0.00,0.00,0,0,0.00,0,0.00
2026-03-29 15:29:52,1445.57,0,0,0,0,0,0,0,-0.20,0,1.00,3.38,1.75,2.22,1.00,D,0.00,1.17,12.00,0.48,0.66,^,0.00,,14.50,9.60,504,0.00,47.7,0,0,0.00,0.00,0.00,1.17,0.00,0.00,0,0,0.00,0,0.00
2026-03-29 15:29:53,1446.58,0,0,0,0,0,0,0,0.00,0,1.00,3.38,1.75,2.08,1.00,D,0.00,1.18,1.64,0.48,0.49,^,0.00,,10.60,9.60,504,0.00,48.8,0,0,0.00,0.00,0.00,1.18,0.00,0.00,0,0,0.00,0,0.00
2026-03-29 15:29:54,1447.59,0,0,0,0,0,0,0,-1.00,0,1.00,3.38,1.75,2.41,1.00,D,0.00,1.13,1.57,0.41,0.23,^,0.00,,14.50,9.60,504,0.00,49.4,0,0,0.00,0.00,0.00,1.13,0.00,0.00,0,0,0.00,0,0.00
2026-03-29 15:29:55,1448.60,0,0,0,0,0,0,0,0.00,0,1.00,3.38,1.75,2.84,1.00,D,0.00,1.14,0.87,0.87,0.75,^,0.00,,11.00,9.50,504,0.00,48.8,0,0,0.00,0.00,0.00,1.14,0.00,0.00,0,0,0.00,0,0.00
2026-03-29 15:29:56,1449.61,0,0,0,0,0,0,0,-0.35,0,1.00,3.38,1.75,2.85,1.00,D,0.00,12.00,1.21,12.00,1.20,^,0.00,,14.20,9.50,504,0.00,47.2,0,0,0.00,0.00,0.00,12.00,0.00,0.00,0,0,0.00,0,0.00
2026-03-29 15:29:57,1450.61,0,0,0,0,0,0,0,1.00,0,1.00,3.38,1.75,2.54,1.00,D,0.00,12.00,0.56,12.00,1.59,^,0.00,,19.40,9.50,504,0.00,48.8,0,0,0.00,0.00,0.00,12.00,0.00,0.00,0,0,0.00,0,0.00
2026-03-29 15:29:58,1451.63,0,0,0,0,0,0,0,1.00,0,1.00,3.38,1.75,2.62,1.00,D,0.00,12.00,1.72,12.00,0.72,^,0.00,,8.90,9.50,504,0.00,48.3,0,0,0.00,0.00,0.00,12.00,0.00,0.00,0,0,0.00,0,0.00
2026-03-29 15:29:59,1452.65,0,0,0,0,0,0,0,1.00,0,1.00,3.38,1.75,2.65,1.00,D,0.00,12.00,2.02,12.00,0.95,^,0.00,,15.00,9.50,504,0.00,48.8,0,0,0.00,0.00,0.00,12.00,0.00,0.00,0,0,0.00,0,0.00
2026-03-29 15:30:00,1453.65,0,0,0,0,0,0,0,0.00,0,1.00,3.38,1.75,2.55,1.00,D,0.00,12.00,1.17,12.00,1.32,^,0.00,,15.20,9.40,504,0.00,48.8,0,0,0.00,0.00,0.00,12.00,0.00,0.00,0,0,0.00,0,0.00
2026-03-29 15:30:01,1454.67,0,0,0,0,0,0,0,0.00,0,0.00,3.38,1.75,2.56,0.80,D,0.00,12.00,0.79,12.00,0.87,^,0.00,,11.40,9.50,504,0.00,48.3,0,0,0.00,0.00,0.00,12.00,0.00,0.00,0,0,0.00,0,0.00
2026-03-29 15:30:02,1455.68,0,0,0,0,0,0,0,1.00,0,0.00,3.38,1.75,0.91,0.19,D,0.00,1.61,0.53,12.00,0.55,^,0.00,,17.70,9.10,504,0.00,47.7,0,0,0.00,0.00,0.00,1.61,0.00,0.00,0,0,0.00,0,0.00
2026-03-29 15:30:03,1456.69,0,0,0,0,0,0,0,1.00,0,1.00,3.38,1.75,0.08,0.63,D,0.00,12.00,0.52,12.00,0.39,^,0.00,,10.90,9.40,504,0.00,48.8,0,0,0.00,0.00,0.00,12.00,0.00,0.00,0,0,0.00,0,0.00
2026-03-29 15:30:04,1457.70,0,0,0,0,0,0,0,0.95,0,0.00,3.38,1.75,1.21,0.49,D,0.00,1.46,1.29,12.00,0.33,^,0.00,,13.40,9.40,504,0.00,47.7,0,0,0.00,0.00,0.00,1.46,0.00,0.00,0,0,0.00,0,0.00
2026-03-29 15:30:05,1458.71,0,0,0,0,0,0,0,0.00,0,0.00,3.38,1.75,0.00,0.00,D,0.00,1.23,0.97,12.00,0.29,^,0.00,,11.90,9.30,504,0.25,47.7,0,0,0.00,0.00,0.00,1.23,0.00,0.00,0,0,0.00,0,0.00
2026-03-29 15:30:06,1459.71,0,0,0,0,0,0,0,1.00,0,1.00,3.38,1.75,0.01,0.33,D,0.00,1.22,0.97,12.00,0.25,^,0.00,,11.70,9.40,504,0.02,48.8,0,0,0.00,0.00,0.00,1.22,0.00,0.00,0,0,0.00,0,0.00
2026-03-29 15:30:07,1460.71,0,0,0,0,0,0,0,1.00,0,1.00,3.38,1.74,0.86,0.83,D,0.00,1.18,0.96,12.00,0.29,^,0.00,,11.50,9.40,504,0.00,48.8,0,0,0.00,0.00,0.00,1.18,0.00,0.00,0,0,0.00,0,0.00
2026-03-29 15:30:08,1461.71,0,0,0,0,0,0,0,1.00,0,1.00,3.38,1.74,1.14,0.81,D,0.00,12.00,1.00,12.00,0.82,^,0.00,,14.90,9.40,504,0.00,49.4,0,0,0.00,0.00,0.00,12.00,0.00,0.00,0,0,0.00,0,0.00
2026-03-29 15:30:09,1462.73,0,0,0,0,0,0,0,0.00,0,0.00,3.38,1.74,2.11,0.91,D,0.00,12.00,1.32,12.00,0.95,^,0.00,,11.90,9.30,504,0.00,47.7,0,0,0.00,0.00,0.00,12.00,0.00,0.00,0,0,0.00,0,0.00
2026-03-29 15:30:10,1463.74,0,0,0,0,0,0,0,0.00,0,0.00,3.38,1.74,1.64,0.30,D,0.00,12.00,1.77,12.00,0.84,^,0.00,,12.60,9.50,504,0.00,48.8,0,0,0.00,0.00,0.00,12.00,0.00,0.00,0,0,0.00,0,0.00
2026-03-29 15:30:11,1464.76,0,0,0,0,0,0,0,0.00,0,0.00,3.38,1.74,0.00,0.00,D,0.00,12.00,1.59,12.00,0.49,^,0.00,,9.60,9.60,504,0.11,48.8,0,0,0.00,0.00,0.00,12.00,0.00,0.00,0,0,0.00,0,0.00
2026-03-29 15:30:12,1465.77,0,0,0,0,0,0,0,0.00,0,0.00,3.38,1.74,0.00,0.00,D,0.00,12.00,1.54,12.00,0.28,^,0.00,,13.60,9.50,504,1.12,49.4,0,0,0.00,0.00,0.00,12.00,0.00,0.00,0,0,0.00,0,0.00
2026-03-29 15:30:13,1466.79,0,0,0,0,0,0,0,0.00,0,0.00,3.38,1.74,0.00,0.00,D,0.00,12.00,1.59,12.00,0.25,^,0.00,,10.30,9.50,504,2.14,48.8,0,0,0.00,0.00,0.00,12.00,0.00,0.00,0,0,0.00,0,0.00
2026-03-29 15:30:15,1467.90,0,0,0,0,0,0,0,0.00,0,1.00,3.38,1.74,0.00,0.43,D,0.00,12.00,1.58,12.00,0.21,^,0.00,,15.40,9.50,504,0.41,49.4,0,0,0.00,0.00,0.00,12.00,0.00,0.00,0,0,0.00,0,0.00
2026-03-29 15:30:15,1468.80,0,0,0,0,0,0,0,0.00,0,1.00,3.38,1.74,0.63,0.80,D,0.00,12.00,1.45,12.00,0.28,^,0.00,,15.50,9.20,504,0.00,47.2,0,0,0.00,0.00,0.00,12.00,0.00,0.00,0,0,0.00,0,0.00
2026-03-29 15:30:16,1469.81,0,0,0,0,0,0,0,0.00,0,1.00,3.38,1.74,1.60,0.76,D,0.00,12.00,1.17,12.00,0.76,^,0.00,,12.20,9.40,504,0.00,48.8,0,0,0.00,0.00,0.00,12.00,0.00,0.00,0,0,0.00,0,0.00
2026-03-29 15:30:17,1470.83,0,0,0,0,0,0,0,0.00,0,1.00,3.38,1.74,2.13,1.00,D,0.00,12.00,1.15,12.00,0.76,^,0.00,,17.30,9.40,504,0.00,49.9,0,0,0.00,0.00,0.00,12.00,0.00,0.00,0,0,0.00,0,0.00
2026-03-29 15:30:18,1471.84,0,0,0,0,0,0,0,1.00,0,1.00,3.38,1.74,2.56,1.00,D,0.00,12.00,0.91,12.00,0.86,^,0.00,,17.30,9.40,504,0.00,48.3,0,0,0.00,0.00,0.00,12.00,0.00,0.00,0,0,0.00,0,0.00
2026-03-29 15:30:19,1472.85,0,0,0,0,0,0,0,0.00,0,1.00,3.38,1.74,2.60,1.00,D,0.00,12.00,12.00,12.00,0.96,^,0.00,,12.70,9.40,504,0.00,48.8,0,0,0.00,0.00,0.00,12.00,0.00,0.00,0,0,0.00,0,0.00
2026-03-29 15:30:20,1473.86,0,0,0,0,0,0,0,0.00,0,1.00,3.38,1.74,2.46,1.00,D,0.00,13.43,12.00,12.00,0.91,^,0.00,,15.50,9.10,504,0.00,49.9,0,0,0.00,0.00,0.00,13.43,0.00,0.00,0,0,0.00,0,0.00
2026-03-29 15:30:21,1474.87,0,0,0,0,0,0,0,0.22,0,1.00,3.38,1.74,2.45,1.00,D,0.00,12.00,12.00,12.00,0.83,^,0.00,,13.90,9.40,504,0.00,47.2,0,0,0.00,0.00,0.00,12.00,0.00,0.00,0,0,0.00,0,0.00
2026-03-29 15:30:22,1475.88,0,0,0,0,0,0,0,1.00,0,1.00,3.38,1.74,2.53,1.00,D,0.00,12.00,1.37,12.00,1.06,^,0.00,,20.10,9.40,504,0.00,48.8,0,0,0.00,0.00,0.00,12.00,0.00,0.00,0,0,0.00,0,0.00
2026-03-29 15:30:24,1476.89,0,0,0,0,0,0,0,1.00,0,1.00,3.38,1.74,2.84,1.00,D,0.00,12.00,0.90,12.00,0.98,^,0.00,,16.00,9.40,504,0.00,49.4,0,0,0.00,0.00,0.00,12.00,0.00,0.00,0,0,0.00,0,0.00
2026-03-29 15:30:25,1477.90,0,0,0,0,0,0,0,0.00,0,1.00,3.38,1.74,2.55,1.00,D,0.00,12.00,1.89,12.00,0.81,^,0.00,,10.20,9.20,504,0.00,47.7,0,0,0.00,0.00,0.00,12.00,0.00,0.00,0,0,0.00,0,0.00
2026-03-29 15:30:26,1478.92,0,0,0,0,0,0,0,0.00,0,1.00,3.38,1.74,2.09,1.00,D,0.00,12.00,1.92,12.00,0.53,^,0.00,,16.70,9.30,504,0.00,49.9,0,0,0.00,0.00,0.00,12.00,0.00,0.00,0,0,0.00,0,0.00
2026-03-29 15:30:27,1479.93,0,0,0,0,0,0,0,0.00,0,1.00,3.38,1.74,2.31,1.00,D,0.00,12.00,12.00,12.00,0.79,^,0.00,,16.60,9.70,504,0.00,48.8,0,0,0.00,0.00,0.00,12.00,0.00,0.00,0,0,0.00,0,0.00
2026-03-29 15:30:28,1480.95,0,0,0,0,0,0,0,0.00,0,1.00,3.38,1.74,2.60,1.00,D,0.00,12.00,12.00,12.00,0.78,^,0.00,,17.80,9.70,504,0.00,48.8,0,0,0.00,0.00,0.00,12.00,0.00,0.00,0,0,0.00,0,0.00
2026-03-29 15:30:29,1481.96,0,0,0,0,0,0,0,0.00,0,1.00,3.38,1.74,2.57,1.00,D,0.00,12.00,12.00,12.00,0.77,^,0.00,,9.90,9.60,504,0.00,48.3,0,0,0.00,0.00,0.00,12.00,0.00,0.00,0,0,0.00,0,0.00
2026-03-29 15:30:30,1482.96,0,0,0,0,0,0,0,0.00,0,1.00,3.38,1.75,2.35,1.00,D,0.00,12.00,12.00,12.00,0.77,^,0.00,,12.70,9.60,504,0.00,48.8,0,0,0.00,0.00,0.00,12.00,0.00,0.00,0,0,0.00,0,0.00
2026-03-29 15:30:31,1483.97,0,0,0,0,0,0,0,0.00,0,1.00,3.38,1.75,2.55,1.00,D,0.00,12.00,12.00,12.00,0.68,^,0.00,,14.50,9.20,504,0.00,49.4,0,0,0.00,0.00,0.00,12.00,0.00,0.00,0,0,0.00,0,0.00
2026-03-29 15:30:32,1484.98,0,0,0,0,0,0,0,0.00,0,1.00,3.38,1.75,2.51,1.00,D,0.00,12.00,1.79,12.00,0.81,^,0.00,,10.50,9.40,504,0.00,47.2,0,0,0.00,0.00,0.00,12.00,0.00,0.00,0,0,0.00,0,0.00
2026-03-29 15:30:33,1486.00,0,0,0,0,0,0,0,0.00,0,1.00,3.38,1.75,2.65,1.00,D,0.00,12.00,1.90,12.00,1.01,^,0.00,,11.50,9.50,504,0.00,48.8,0,0,0.00,0.00,0.00,12.00,0.00,0.00,0,0,0.00,0,0.00
2026-03-29 15:30:34,1487.01,0,0,0,0,0,0,0,1.00,0,1.00,3.38,1.75,2.42,1.00,D,0.00,12.00,1.87,12.00,0.73,^,0.00,,11.40,9.50,504,0.00,48.8,0,0,0.00,0.00,0.00,12.00,0.00,0.00,0,0,0.00,0,0.00
2026-03-29 15:30:35,1488.01,0,0,0,0,0,0,0,0.00,0,1.00,3.38,1.75,2.26,1.00,D,0.00,12.00,1.47,12.00,0.50,^,0.00,,13.30,9.30,504,0.00,48.8,0,0,0.00,0.00,0.00,12.00,0.00,0.00,0,0,0.00,0,0.00
2026-03-29 15:30:36,1489.03,0,0,0,0,0,0,0,1.00,0,1.00,3.38,1.75,2.18,1.00,D,0.00,12.00,1.06,12.00,0.74,^,0.00,,18.90,9.50,504,0.00,49.4,0,0,0.00,0.00,0.00,12.00,0.00,0.00,0,0,0.00,0,0.00
2026-03-29 15:30:37,1490.04,0,0,0,0,0,0,0,0.00,0,1.00,3.38,1.75,2.08,1.00,D,0.00,12.00,12.00,12.00,0.55,^,0.00,,12.10,9.20,504,0.00,47.2,0,0,0.00,0.00,0.00,12.00,0.00,0.00,0,0,0.00,0,0.00
2026-03-29 15:30:38,1491.06,0,0,0,0,0,0,0,0.00,0,1.00,3.38,1.75,2.28,1.00,D,0.00,12.00,12.00,12.00,0.76,^,0.00,,14.00,9.50,504,0.00,47.7,0,0,0.00,0.00,0.00,12.00,0.00,0.00,0,0,0.00,0,0.00
2026-03-29 15:30:39,1492.05,0,0,0,0,0,0,0,0.00,0,1.00,3.38,1.75,2.45,1.00,D,0.00,12.00,12.00,12.00,0.66,^,0.00,,13.50,9.40,504,0.00,49.4,0,0,0.00,0.00,0.00,12.00,0.00,0.00,0,0,0.00,0,0.00
2026-03-29 15:30:40,1493.05,0,0,0,0,0,0,0,0.00,0,1.00,3.38,1.75,2.44,1.00,D,0.00,12.00,12.00,12.00,0.73,^,0.00,,14.10,9.40,504,0.00,48.8,0,0,0.00,0.00,0.00,12.00,0.00,0.00,0,0,0.00,0,0.00
2026-03-29 15:30:41,1494.06,0,0,0,0,0,0,0,0.39,0,1.00,3.38,1.75,2.37,1.00,D,0.00,12.00,12.00,12.00,0.50,^,0.00,,13.50,9.30,504,0.00,49.4,0,0,0.00,0.00,0.00,12.00,0.00,0.00,0,0,0.00,0,0.00
2026-03-29 15:30:42,1495.08,0,0,0,0,0,0,0,0.00,0,1.00,3.38,1.75,2.30,1.00,D,0.00,12.00,12.00,12.00,0.52,^,0.00,,14.90,9.30,504,0.00,48.8,0,0,0.00,0.00,0.00,12.00,0.00,0.00,0,0,0.00,0,0.00
2026-03-29 15:30:43,1496.08,0,0,0,0,0,0,0,0.00,0,1.00,3.38,1.75,2.39,1.00,D,0.00,12.00,12.00,12.00,0.69,^,0.00,,12.90,9.40,504,0.00,48.3,0,0,0.00,0.00,0.00,12.00,0.00,0.00,0,0,0.00,0,0.00
2026-03-29 15:30:44,1497.08,0,0,0,0,0,0,0,0.00,0,1.00,3.38,1.75,2.48,1.00,D,0.00,12.00,12.00,12.00,0.60,^,0.00,,18.00,9.30,504,0.00,48.3,0,0,0.00,0.00,0.00,12.00,0.00,0.00,0,0,0.00,0,0.00
2026-03-29 15:30:45,1498.08,0,0,0,0,0,0,0,0.00,0,1.00,3.38,1.75,2.30,1.00,D,0.00,12.00,12.00,12.00,0.70,^,0.00,,11.70,9.70,504,0.00,48.8,0,0,0.00,0.00,0.00,12.00,0.00,0.00,0,0,0.00,0,0.00
2026-03-29 15:30:46,1499.10,0,0,0,0,0,0,0,1.00,0,1.00,3.38,1.75,2.42,1.00,D,0.00,12.00,12.00,12.00,0.59,^,0.00,,11.90,9.60,504,0.00,47.7,0,0,0.00,0.00,0.00,12.00,0.00,0.00,0,0,0.00,0,0.00
2026-03-29 15:30:47,1500.10,0,0,0,0,0,0,0,0.00,0,1.00,3.38,1.75,2.29,1.00,D,0.00,12.00,12.00,12.00,0.51,^,0.00,,14.10,9.70,504,0.00,48.3,0,0,0.00,0.00,0.00,12.00,0.00,0.00,0,0,0.00,0,0.00
2026-03-29 15:30:48,1501.10,0,0,0,0,0,0,0,1.00,0,1.00,3.38,1.75,2.29,1.00,D,0.00,12.00,1.40,12.00,0.88,^,0.00,,11.30,9.50,504,0.00,48.3,0,0,0.00,0.00,0.00,12.00,0.00,0.00,0,0,0.00,0,0.00
2026-03-29 15:30:49,1502.12,0,0,0,0,0,0,0,0.00,0,1.00,3.38,1.75,2.35,1.00,D,0.00,12.00,1.41,12.00,0.59,^,0.00,,18.70,9.70,504,0.00,49.4,0,0,0.00,0.00,0.00,12.00,0.00,0.00,0,0,0.00,0,0.00
2026-03-29 15:30:50,1503.12,0,0,0,0,0,0,0,0.00,0,1.00,3.38,1.75,2.42,1.00,D,0.00,12.00,12.00,12.00,0.84,^,0.00,,12.00,9.70,504,0.00,47.2,0,0,0.00,0.00,0.00,12.00,0.00,0.00,0,0,0.00,0,0.00
2026-03-29 15:30:51,1504.13,0,0,0,0,0,0,0,0.00,0,1.00,3.38,1.75,2.17,1.00,D,0.00,12.00,12.00,12.00,0.70,^,0.00,,14.90,9.70,504,0.00,47.2,0,0,0.00,0.00,0.00,12.00,0.00,0.00,0,0,0.00,0,0.00
2026-03-29 15:30:52,1505.15,0,0,0,0,0,0,0,0.00,0,1.00,3.38,1.75,2.42,1.00,D,0.00,12.00,12.00,12.00,0.70,^,0.00,,15.60,9.80,504,0.00,48.8,0,0,0.00,0.00,0.00,12.00,0.00,0.00,0,0,0.00,0,0.00
2026-03-29 15:30:53,1506.16,0,0,0,0,0,0,0,0.00,0,1.00,3.38,1.75,2.40,1.00,D,0.00,12.00,12.00,12.00,0.72,^,0.00,,12.20,9.80,504,0.00,48.3,0,0,0.00,0.00,0.00,12.00,0.00,0.00,0,0,0.00,0,0.00
2026-03-29 15:30:54,1507.17,0,0,0,0,0,0,0,0.00,0,1.00,3.38,1.76,2.25,1.00,D,0.00,12.00,12.00,12.00,0.60,^,0.00,,14.50,9.70,504,0.00,48.3,0,0,0.00,0.00,0.00,12.00,0.00,0.00,0,0,0.00,0,0.00
2026-03-29 15:30:55,1508.18,0,0,0,0,0,0,0,0.00,0,1.00,3.38,1.76,2.43,1.00,D,0.00,12.00,12.00,12.00,0.74,^,0.00,,16.70,9.80,504,0.00,48.8,0,0,0.00,0.00,0.00,12.00,0.00,0.00,0,0,0.00,0,0.00
2026-03-29 15:30:56,1509.19,0,0,0,0,0,0,0,0.00,0,1.00,3.38,1.76,2.26,1.00,D,0.00,12.00,12.00,12.00,0.53,^,0.00,,13.30,9.50,504,0.00,48.3,0,0,0.00,0.00,0.00,12.00,0.00,0.00,0,0,0.00,0,0.00
2026-03-29 15:30:57,1510.20,0,0,0,0,0,0,0,0.54,0,1.00,3.38,1.76,2.37,1.00,D,0.00,12.00,12.00,12.00,0.74,^,0.00,,18.50,9.50,504,0.00,49.9,0,0,0.00,0.00,0.00,12.00,0.00,0.00,0,0,0.00,0,0.00
2026-03-29 15:30:58,1511.22,0,0,0,0,0,0,0,0.00,0,1.00,3.38,1.76,2.18,1.00,D,0.00,12.00,12.00,12.00,0.49,^,0.00,,15.80,9.40,504,0.00,48.3,0,0,0.00,0.00,0.00,12.00,0.00,0.00,0,0,0.00,0,0.00
2026-03-29 15:30:59,1512.23,0,0,0,0,0,0,0,0.96,0,1.00,3.38,1.76,2.29,1.00,D,0.00,12.00,12.00,12.00,0.44,^,0.00,,14.90,9.40,504,0.00,49.4,0,0,0.00,0.00,0.00,12.00,0.00,0.00,0,0,0.00,0,0.00
2026-03-29 15:31:00,1513.24,0,0,0,0,0,0,0,0.00,0,1.00,3.38,1.76,2.53,1.00,D,0.00,12.00,12.00,12.00,0.81,^,0.00,,14.40,9.50,504,0.00,47.7,0,0,0.00,0.00,0.00,12.00,0.00,0.00,0,0,0.00,0,0.00
2026-03-29 15:31:01,1514.26,0,0,0,0,0,0,0,0.00,0,1.00,3.38,1.76,2.24,1.00,D,0.00,12.00,1.67,12.00,0.60,^,0.00,,11.30,9.40,504,0.00,48.3,0,0,0.00,0.00,0.00,12.00,0.00,0.00,0,0,0.00,0,0.00
2026-03-29 15:31:02,1515.27,0,0,0,0,0,0,0,0.00,0,1.00,3.38,1.76,2.36,1.00,D,0.00,12.00,12.00,12.00,0.83,^,0.00,,12.80,9.40,504,0.00,48.8,0,0,0.00,0.00,0.00,12.00,0.00,0.00,0,0,0.00,0,0.00
2026-03-29 15:31:03,1516.29,0,0,0,0,0,0,0,1.00,0,1.00,3.38,1.76,2.44,1.00,D,0.00,12.00,12.00,12.00,0.57,^,0.00,,11.60,9.40,504,0.00,47.2,0,0,0.00,0.00,0.00,12.00,0.00,0.00,0,0,0.00,0,0.00
2026-03-29 15:31:04,1517.30,0,0,0,0,0,0,0,1.00,0,1.00,3.38,1.76,2.38,1.00,D,0.00,12.00,12.00,12.00,0.66,^,0.00,,17.30,9.40,504,0.00,47.7,0,0,0.00,0.00,0.00,12.00,0.00,0.00,0,0,0.00,0,0.00
2026-03-29 15:31:05,1518.31,0,0,0,0,0,0,0,0.00,0,1.00,3.38,1.76,2.33,1.00,D,0.00,12.00,12.00,12.00,0.60,^,0.00,,15.50,9.40,504,0.00,47.2,0,0,0.00,0.00,0.00,12.00,0.00,0.00,0,0,0.00,0,0.00
2026-03-29 15:31:06,1519.32,0,0,0,0,0,0,0,0.00,0,1.00,3.38,1.76,2.35,1.00,D,0.00,12.00,12.00,12.00,0.61,^,0.00,,14.30,9.40,504,0.00,48.8,0,0,0.00,0.00,0.00,12.00,0.00,0.00,0,0,0.00,0,0.00
2026-03-29 15:31:07,1520.32,0,0,0,0,0,0,0,1.00,0,1.00,3.38,1.76,2.44,1.00,D,0.00,12.00,12.00,12.00,0.63,^,0.00,,16.10,9.40,504,0.00,49.4,0,0,0.00,0.00,0.00,12.00,0.00,0.00,0,0,0.00,0,0.00
2026-03-29 15:31:08,1521.33,0,0,0,0,0,0,0,0.00,0,1.00,3.38,1.76,2.43,1.00,D,0.00,12.00,12.00,12.00,0.54,^,0.00,,12.40,9.40,504,0.00,48.3,0,0,0.00,0.00,0.00,12.00,0.00,0.00,0,0,0.00,0,0.00
2026-03-29 15:31:09,1522.35,0,0,0,0,0,0,0,0.00,0,1.00,3.38,1.76,2.33,1.00,D,0.00,12.00,12.00,12.00,0.66,^,0.00,,14.00,9.30,504,0.00,49.9,0,0,0.00,0.00,0.00,12.00,0.00,0.00,0,0,0.00,0,0.00
2026-03-29 15:31:10,1523.36,0,0,0,0,0,0,0,0.00,0,1.00,3.38,1.76,2.06,1.00,D,0.00,12.00,12.00,12.00,0.55,^,0.00,,13.80,9.30,504,0.00,48.3,0,0,0.00,0.00,0.00,12.00,0.00,0.00,0,0,0.00,0,0.00
2026-03-29 15:31:11,1524.36,0,0,0,0,0,0,0,0.00,0,1.00,3.38,1.76,2.35,1.00,D,0.00,12.00,12.00,12.00,0.75,^,0.00,,12.10,9.30,504,0.00,48.3,0,0,0.00,0.00,0.00,12.00,0.00,0.00,0,0,0.00,0,0.00
2026-03-29 15:31:12,1525.38,0,0,0,0,0,0,0,0.00,0,1.00,3.38,1.76,2.26,1.00,D,0.00,12.00,2.15,12.00,0.59,^,0.00,,14.40,9.20,504,0.00,48.8,0,0,0.00,0.00,0.00,12.00,0.00,0.00,0,0,0.00,0,0.00
2026-03-29 15:31:13,1526.39,0,0,0,0,0,0,0,0.00,0,1.00,3.38,1.76,2.14,1.00,D,0.00,12.00,1.50,12.00,0.71,^,0.00,,13.10,9.40,504,0.00,48.3,0,0,0.00,0.00,0.00,12.00,0.00,0.00,0,0,0.00,0,0.00
2026-03-29 15:31:14,1527.41,0,0,0,0,0,0,0,0.00,0,1.00,3.38,1.76,2.45,1.00,D,0.00,12.00,1.51,12.00,0.61,^,0.00,,13.80,9.60,504,0.00,48.3,0,0,0.00,0.00,0.00,12.00,0.00,0.00,0,0,0.00,0,0.00
2026-03-29 15:31:15,1528.42,0,0,0,0,0,0,0,1.00,0,1.00,3.38,1.76,2.32,1.00,D,0.00,12.00,12.00,12.00,0.79,^,0.00,,15.50,9.60,504,0.00,48.3,0,0,0.00,0.00,0.00,12.00,0.00,0.00,0,0,0.00,0,0.00
2026-03-29 15:31:16,1529.42,0,0,0,0,0,0,0,0.59,0,1.00,3.38,1.76,2.48,1.00,D,0.00,12.00,12.00,12.00,0.52,^,0.00,,9.80,9.50,504,0.00,47.7,0,0,0.00,0.00,0.00,12.00,0.00,0.00,0,0,0.00,0,0.00
2026-03-29 15:31:17,1530.44,0,0,0,0,0,0,0,1.00,0,1.00,3.38,1.76,2.15,1.00,D,0.00,12.00,12.00,12.00,0.74,^,0.00,,16.70,9.50,504,0.00,49.4,0,0,0.00,0.00,0.00,12.00,0.00,0.00,0,0,0.00,0,0.00
2026-03-29 15:31:18,1531.44,0,0,0,0,0,0,0,0.00,0,1.00,3.38,1.76,2.26,1.00,D,0.00,12.00,12.00,12.00,0.48,^,0.00,,13.70,9.50,504,0.00,48.8,0,0,0.00,0.00,0.00,12.00,0.00,0.00,0,0,0.00,0,0.00
2026-03-29 15:31:19,1532.46,0,0,0,0,0,0,0,0.00,0,1.00,3.38,1.76,2.39,1.00,D,0.00,12.00,12.00,12.00,0.65,^,0.00,,13.50,9.50,504,0.00,47.2,0,0,0.00,0.00,0.00,12.00,0.00,0.00,0,0,0.00,0,0.00
2026-03-29 15:31:20,1533.47,0,0,0,0,0,0,0,0.00,0,1.00,3.38,1.77,2.50,1.00,D,0.00,12.00,12.00,12.00,0.64,^,0.00,,13.60,9.50,504,0.00,48.8,0,0,0.00,0.00,0.00,12.00,0.00,0.00,0,0,0.00,0,0.00
2026-03-29 15:31:21,1534.48,0,0,0,0,0,0,0,0.00,0,1.00,3.38,1.77,2.42,1.00,D,0.00,12.00,12.00,12.00,0.89,^,0.00,,10.90,9.40,504,0.00,48.3,0,0,0.00,0.00,0.00,12.00,0.00,0.00,0,0,0.00,0,0.00
2026-03-29 15:31:22,1535.50,0,0,0,0,0,0,0,0.00,0,1.00,3.38,1.77,2.16,1.00,D,0.00,12.00,12.00,12.00,0.64,^,0.00,,16.70,9.40,504,0.00,48.8,0,0,0.00,0.00,0.00,12.00,0.00,0.00,0,0,0.00,0,0.00
2026-03-29 15:31:23,1536.50,0,0,0,0,0,0,0,1.00,0,1.00,3.38,1.77,2.39,1.00,D,0.00,12.00,12.00,12.00,0.65,^,0.00,,15.80,9.50,504,0.00,47.2,0,0,0.00,0.00,0.00,12.00,0.00,0.00,0,0,0.00,0,0.00
2026-03-29 15:31:24,1537.52,0,0,0,0,0,0,0,0.00,0,1.00,3.38,1.77,2.35,1.00,D,0.00,12.00,12.00,12.00,0.62,^,0.00,,11.30,9.50,504,0.00,46.6,0,0,0.00,0.00,0.00,12.00,0.00,0.00,0,0,0.00,0,0.00
2026-03-29 15:31:25,1538.53,0,0,0,0,0,0,0,1.00,0,1.00,3.38,1.77,2.06,1.00,D,0.00,12.00,12.00,12.00,0.44,^,0.00,,17.70,9.50,504,0.00,47.7,0,0,0.00,0.00,0.00,12.00,0.00,0.00,0,0,0.00,0,0.00
2026-03-29 15:31:26,1539.54,0,0,0,0,0,0,0,0.00,0,1.00,3.38,1.77,2.47,1.00,D,0.00,12.00,12.00,12.00,0.70,^,0.00,,14.00,9.10,504,0.00,48.3,0,0,0.00,0.00,0.00,12.00,0.00,0.00,0,0,0.00,0,0.00
2026-03-29 15:31:27,1540.56,0,0,0,0,0,0,0,0.00,0,1.00,3.38,1.77,2.68,1.00,D,0.00,12.00,12.00,12.00,0.68,^,0.00,,16.00,9.50,504,0.00,48.8,0,0,0.00,0.00,0.00,12.00,0.00,0.00,0,0,0.00,0,0.00
2026-03-29 15:31:28,1541.56,0,0,0,0,0,0,0,0.00,0,1.00,3.38,1.77,2.40,1.00,D,0.00,12.00,12.00,12.00,0.82,^,0.00,,14.60,9.40,504,0.00,48.3,0,0,0.00,0.00,0.00,12.00,0.00,0.00,0,0,0.00,0,0.00
2026-03-29 15:31:29,1542.58,0,0,0,0,0,0,0,1.00,0,1.00,3.38,1.77,1.85,1.00,D,0.00,12.00,12.00,12.00,0.67,^,0.00,,11.50,9.40,504,0.00,47.7,0,0,0.00,0.00,0.00,12.00,0.00,0.00,0,0,0.00,0,0.00
2026-03-29 15:31:30,1543.59,0,0,0,0,0,0,0,0.00,0,1.00,3.38,1.77,2.17,1.00,D,0.00,12.00,12.00,12.00,0.82,^,0.00,,21.10,9.40,504,0.00,47.2,0,0,0.00,0.00,0.00,12.00,0.00,0.00,0,0,0.00,0,0.00
2026-03-29 15:31:31,1544.60,0,0,0,0,0,0,0,0.00,0,1.00,3.38,1.77,2.39,1.00,D,0.00,12.00,12.00,12.00,0.86,^,0.00,,10.40,9.10,504,0.00,46.6,0,0,0.00,0.00,0.00,12.00,0.00,0.00,0,0,0.00,0,0.00
2026-03-29 15:31:32,1545.61,0,0,0,0,0,0,0,0.00,0,1.00,3.38,1.77,2.31,1.00,D,0.00,12.00,12.00,12.00,1.12,^,0.00,,16.10,9.40,504,0.00,48.8,0,0,0.00,0.00,0.00,12.00,0.00,0.00,0,0,0.00,0,0.00
2026-03-29 15:31:33,1546.62,0,0,0,0,0,0,0,0.00,0,1.00,3.38,1.77,2.40,1.00,D,0.00,12.00,12.00,12.00,1.14,^,0.00,,14.70,9.40,504,0.00,47.2,0,0,0.00,0.00,0.00,12.00,0.00,0.00,0,0,0.00,0,0.00
2026-03-29 15:31:34,1547.64,0,0,0,0,0,0,0,0.16,0,1.00,3.38,1.77,2.40,1.00,D,0.00,12.00,12.00,12.00,1.16,^,0.00,,11.50,9.40,504,0.00,47.7,0,0,0.00,0.00,0.00,12.00,0.00,0.00,0,0,0.00,0,0.00
2026-03-29 15:31:35,1548.65,0,0,0,0,0,0,0,0.00,0,1.00,3.38,1.77,2.27,1.00,D,0.00,12.00,1.63,12.00,1.02,^,0.00,,16.50,9.40,504,0.00,48.3,0,0,0.00,0.00,0.00,12.00,0.00,0.00,0,0,0.00,0,0.00
2026-03-29 15:31:36,1549.66,0,0,0,0,0,0,0,1.00,0,1.00,3.38,1.77,2.30,1.00,D,0.00,12.00,12.00,12.00,0.65,^,0.00,,14.40,9.30,504,0.00,46.6,0,0,0.00,0.00,0.00,12.00,0.00,0.00,0,0,0.00,0,0.00
2026-03-29 15:31:37,1550.67,0,0,0,0,0,0,0,0.00,0,1.00,3.38,1.77,2.41,1.00,D,0.00,12.00,12.00,12.00,0.88,^,0.00,,14.20,9.40,504,0.00,47.7,0,0,0.00,0.00,0.00,12.00,0.00,0.00,0,0,0.00,0,0.00
2026-03-29 15:31:38,1551.68,0,0,0,0,0,0,0,0.10,0,1.00,3.38,1.77,2.38,1.00,D,0.00,12.00,12.00,12.00,0.63,^,0.00,,18.70,9.40,504,0.00,47.2,0,0,0.00,0.00,0.00,12.00,0.00,0.00,0,0,0.00,0,0.00
2026-03-29 15:31:39,1552.69,0,0,0,0,0,0,0,0.77,0,0.00,3.38,1.77,1.67,0.52,D,0.00,12.00,12.00,12.00,0.61,^,0.00,,14.20,9.40,504,0.00,48.3,0,0,0.00,0.00,0.00,12.00,0.00,0.00,0,0,0.00,0,0.00
2026-03-29 15:31:40,1553.71,0,0,0,0,0,0,0,0.00,0,0.00,3.38,1.77,0.00,0.00,D,0.00,12.00,12.00,12.00,0.48,^,0.00,,15.40,9.40,504,0.12,47.7,0,0,0.00,0.00,0.00,12.00,0.00,0.00,0,0,0.00,0,0.00
2026-03-29 15:31:41,1554.72,0,0,0,0,0,0,0,0.00,0,0.00,3.38,1.77,0.00,0.00,D,0.00,12.00,12.00,12.00,0.49,^,0.00,,9.40,9.40,504,1.13,48.8,0,0,0.00,0.00,0.00,12.00,0.00,0.00,0,0,0.00,0,0.00
2026-03-29 15:31:42,1555.72,0,0,0,0,0,0,0,0.00,0,0.00,3.38,1.77,0.00,0.00,D,0.00,12.00,12.00,12.00,0.72,^,0.00,,9.20,9.70,504,2.14,47.7,0,0,0.00,0.00,0.00,12.00,0.00,0.00,0,0,0.00,0,0.00
2026-03-29 15:31:43,1556.73,0,0,0,0,0,0,0,0.00,0,0.00,3.38,1.77,0.00,0.00,D,0.00,12.00,12.00,12.00,0.71,^,0.00,,11.80,9.70,504,3.15,47.2,0,0,0.00,0.00,0.00,12.00,0.00,0.00,0,0,0.00,0,0.00
2026-03-29 15:31:44,1557.73,0,0,0,0,0,0,0,0.00,0,0.00,3.38,1.77,0.00,0.00,D,0.00,12.00,12.00,12.00,0.72,^,0.00,,8.40,9.70,504,4.15,46.1,0,0,0.00,0.00,0.00,12.00,0.00,0.00,0,0,0.00,0,0.00
2026-03-29 15:31:45,1558.74,0,0,0,0,0,0,0,0.00,0,0.00,3.38,1.77,0.00,0.00,D,0.00,12.00,12.00,12.00,0.72,^,0.00,,10.70,9.60,504,5.15,47.7,0,0,0.00,0.00,0.00,12.00,0.00,0.00,0,0,0.00,0,0.00
2026-03-29 15:31:46,1559.75,0,0,0,0,0,0,0,0.00,0,0.00,3.38,1.76,0.00,0.00,D,0.00,12.00,12.00,12.00,0.72,^,0.00,,10.90,9.40,504,6.16,47.2,0,0,0.00,0.00,0.00,12.00,0.00,0.00,0,0,0.00,0,0.00
2026-03-29 15:31:47,1560.75,0,0,0,0,0,0,0,0.00,0,0.00,3.38,1.76,0.00,0.00,D,0.00,12.00,12.00,12.00,0.72,^,0.00,,14.90,9.60,504,7.17,47.2,0,0,0.00,0.00,0.00,12.00,0.00,0.00,0,0,0.00,0,0.00
2026-03-29 15:31:48,1561.77,0,0,0,0,0,0,0,0.00,0,0.00,3.38,1.76,0.00,0.00,D,0.00,12.00,12.00,12.00,0.72,^,0.00,,13.50,9.50,504,8.18,47.7,0,0,0.00,0.00,0.00,12.00,0.00,0.00,0,0,0.00,0,0.00
2026-03-29 15:31:49,1562.78,0,0,0,0,0,0,0,0.00,0,0.00,3.38,1.76,0.00,0.00,D,0.00,12.00,12.00,12.00,0.71,^,0.00,,7.60,9.50,504,9.19,47.7,0,0,0.00,0.00,0.00,12.00,0.00,0.00,0,0,0.00,0,0.00
2026-03-29 15:31:50,1563.79,0,0,0,0,0,0,0,0.00,0,0.00,3.38,1.76,0.00,0.00,D,0.00,12.00,12.00,12.00,0.72,^,0.00,,9.50,9.50,504,10.20,47.7,0,0,0.00,0.00,0.00,12.00,0.00,0.00,0,0,0.00,0,0.00
2026-03-29 15:31:51,1564.78,0,0,0,0,0,0,0,0.00,0,0.00,3.38,1.76,0.00,0.00,D,0.00,12.00,12.00,12.00,0.72,^,0.00,,11.00,9.40,504,11.20,47.7,0,0,0.00,0.00,0.00,12.00,0.00,0.00,0,0,0.00,0,0.00
2026-03-29 15:31:52,1565.79,0,0,0,0,0,0,0,0.00,0,0.00,3.38,1.76,0.00,0.00,D,0.00,12.00,12.00,12.00,0.72,^,0.00,,8.10,9.40,504,12.21,47.2,0,0,0.00,0.00,0.00,12.00,0.00,0.00,0,0,0.00,0,0.00
2026-03-29 15:31:53,1566.81,0,0,0,0,0,0,0,0.00,0,0.00,3.38,1.76,0.00,0.00,D,0.00,12.00,12.00,12.00,0.72,^,0.00,,11.90,9.40,504,13.22,48.8,0,0,0.00,0.00,0.00,12.00,0.00,0.00,0,0,0.00,0,0.00
2026-03-29 15:31:54,1567.82,0,0,0,0,0,0,0,0.00,0,0.00,3.38,1.76,0.00,0.00,D,0.00,12.00,12.00,12.00,0.72,^,0.00,,7.60,9.40,504,14.24,46.6,0,0,0.00,0.00,0.00,12.00,0.00,0.00,0,0,0.00,0,0.00
2026-03-29 15:31:55,1568.84,0,0,0,0,0,0,0,0.00,0,0.00,3.38,1.75,0.00,0.00,D,0.00,12.00,12.00,12.00,0.71,^,0.00,,8.40,9.40,504,15.25,47.7,0,0,0.00,0.00,0.00,12.00,0.00,0.00,0,0,0.00,0,0.00
2026-03-29 15:31:56,1569.84,0,0,0,0,0,0,0,0.00,0,0.00,3.38,1.75,0.00,0.00,D,0.00,12.00,12.00,12.00,0.64,^,0.00,,11.50,9.20,504,16.26,47.2,0,0,0.00,0.00,0.00,12.00,0.00,0.00,0,0,0.00,0,0.00
2026-03-29 15:31:57,1570.86,0,0,0,0,0,0,0,0.00,0,0.00,3.38,1.75,0.00,0.00,D,0.00,12.00,12.00,12.00,0.51,^,0.00,,8.10,9.40,504,17.27,47.2,0,0,0.00,0.00,0.00,12.00,0.00,0.00,0,0,0.00,0,0.00
2026-03-29 15:31:58,1571.87,0,0,0,0,0,0,0,0.00,0,0.00,3.38,1.75,0.00,0.00,D,0.00,12.00,12.00,12.00,0.49,^,0.00,,13.00,9.30,504,18.28,48.3,0,0,0.00,0.00,0.00,12.00,0.00,0.00,0,0,0.00,0,0.00
2026-03-29 15:31:59,1572.87,0,0,0,0,0,0,0,0.00,0,1.00,3.38,1.75,0.00,0.37,D,0.00,12.00,12.00,12.00,0.49,^,0.00,,9.80,9.40,504,0.07,47.2,0,0,0.00,0.00,0.00,12.00,0.00,0.00,0,0,0.00,0,0.00
2026-03-29 15:32:00,1573.88,0,0,0,0,0,0,0,0.00,0,1.00,3.38,1.75,0.68,0.88,D,0.00,12.00,12.00,12.00,0.55,^,0.00,,15.00,9.20,504,0.00,46.6,0,0,0.00,0.00,0.00,12.00,0.00,0.00,0,0,0.00,0,0.00
2026-03-29 15:32:01,1574.88,0,0,0,0,0,0,0,1.00,0,1.00,3.38,1.75,2.23,1.00,D,0.00,12.00,2.50,12.00,1.09,^,0.00,,17.70,9.40,504,0.00,47.7,0,0,0.00,0.00,0.00,12.00,0.00,0.00,0,0,0.00,0,0.00
2026-03-29 15:32:03,1575.90,0,0,0,0,0,0,0,0.76,0,1.00,3.38,1.75,2.32,1.00,D,0.00,12.00,2.06,12.00,1.46,^,0.00,,12.50,9.40,504,0.00,47.2,0,0,0.00,0.00,0.00,12.00,0.00,0.00,0,0,0.00,0,0.00
2026-03-29 15:32:04,1576.91,0,0,0,0,0,0,0,0.21,0,1.00,3.38,1.75,2.47,1.00,D,0.00,12.00,12.00,12.00,1.20,^,0.00,,13.50,9.40,504,0.00,46.1,0,0,0.00,0.00,0.00,12.00,0.00,0.00,0,0,0.00,0,0.00
2026-03-29 15:32:05,1577.92,0,0,0,0,0,0,0,1.00,0,1.00,3.38,1.75,2.42,1.00,D,0.00,12.00,12.00,12.00,1.31,^,0.00,,12.10,9.30,504,0.00,47.2,0,0,0.00,0.00,0.00,12.00,0.00,0.00,0,0,0.00,0,0.00
2026-03-29 15:32:06,1578.94,0,0,0,0,0,0,0,0.00,0,1.00,3.38,1.75,2.33,1.00,D,0.00,12.00,12.00,12.00,0.91,^,0.00,,11.30,9.20,504,0.00,47.2,0,0,0.00,0.00,0.00,12.00,0.00,0.00,0,0,0.00,0,0.00
2026-03-29 15:32:07,1579.95,0,0,0,0,0,0,0,1.00,0,1.00,3.38,1.75,2.21,1.00,D,0.00,12.00,12.00,12.00,0.58,^,0.00,,17.20,9.10,504,0.00,47.7,0,0,0.00,0.00,0.00,12.00,0.00,0.00,0,0,0.00,0,0.00
2026-03-29 15:32:08,1580.96,0,0,0,0,0,0,0,0.00,0,1.00,3.38,1.75,2.41,1.00,D,0.00,12.00,12.00,12.00,0.78,^,0.00,,13.60,9.30,504,0.00,47.7,0,0,0.00,0.00,0.00,12.00,0.00,0.00,0,0,0.00,0,0.00
2026-03-29 15:32:09,1581.98,0,0,0,0,0,0,0,0.67,0,1.00,3.38,1.75,2.43,1.00,D,0.00,12.00,12.00,12.00,0.52,^,0.00,,13.30,9.30,504,0.00,47.7,0,0,0.00,0.00,0.00,12.00,0.00,0.00,0,0,0.00,0,0.00
2026-03-29 15:32:10,1582.99,0,0,0,0,0,0,0,0.00,0,1.00,3.38,1.75,2.45,1.00,D,0.00,12.00,2.05,12.00,0.74,^,0.00,,15.20,9.30,504,0.00,46.6,0,0,0.00,0.00,0.00,12.00,0.00,0.00,0,0,0.00,0,0.00
2026-03-29 15:32:11,1584.01,0,0,0,0,0,0,0,0.00,0,1.00,3.38,1.75,2.46,1.00,D,0.00,12.00,12.00,12.00,0.59,^,0.00,,9.80,9.20,504,0.00,47.7,0,0,0.00,0.00,0.00,12.00,0.00,0.00,0,0,0.00,0,0.00
2026-03-29 15:32:12,1585.02,0,0,0,0,0,0,0,0.00,0,1.00,3.38,1.75,2.35,1.00,D,0.00,12.00,12.00,2.86,0.48,^,0.00,,13.80,9.20,504,0.00,48.3,0,0,0.00,0.00,0.00,12.00,0.00,0.00,0,0,0.00,0,0.00
2026-03-29 15:32:13,1586.03,0,0,0,0,0,0,0,0.00,0,1.00,3.38,1.75,2.31,1.00,D,0.00,12.00,12.00,12.00,0.76,^,0.00,,11.00,9.30,504,0.00,47.7,0,0,0.00,0.00,0.00,12.00,0.00,0.00,0,0,0.00,0,0.00
2026-03-29 15:32:14,1587.05,0,0,0,0,0,0,0,0.00,0,1.00,3.38,1.75,2.42,1.00,D,0.00,12.00,12.00,12.00,0.86,^,0.00,,12.10,9.30,504,0.00,46.1,0,0,0.00,0.00,0.00,12.00,0.00,0.00,0,0,0.00,0,0.00
2026-03-29 15:32:15,1588.06,0,0,0,0,0,0,0,0.00,0,1.00,3.38,1.75,2.16,1.00,D,0.00,12.00,12.00,12.00,0.90,^,0.00,,15.10,9.30,504,0.00,46.6,0,0,0.00,0.00,0.00,12.00,0.00,0.00,0,0,0.00,0,0.00
2026-03-29 15:32:16,1589.08,0,0,0,0,0,0,0,1.00,0,1.00,3.38,1.75,2.49,1.00,D,0.00,12.00,12.00,12.00,0.95,^,0.00,,13.10,9.10,504,0.00,47.2,0,0,0.00,0.00,0.00,12.00,0.00,0.00,0,0,0.00,0,0.00
2026-03-29 15:32:17,1590.09,0,0,0,0,0,0,0,0.00,0,1.00,3.38,1.76,2.19,1.00,D,0.00,12.00,12.00,12.00,0.63,^,0.00,,17.50,9.30,504,0.00,47.7,0,0,0.00,0.00,0.00,12.00,0.00,0.00,0,0,0.00,0,0.00
2026-03-29 15:32:18,1591.10,0,0,0,0,0,0,0,1.00,0,1.00,3.38,1.76,2.43,1.00,D,0.00,12.00,12.00,12.00,0.57,^,0.00,,15.80,9.30,504,0.00,46.6,0,0,0.00,0.00,0.00,12.00,0.00,0.00,0,0,0.00,0,0.00
2026-03-29 15:32:19,1592.11,0,0,0,0,0,0,0,0.00,0,1.00,3.38,1.76,2.52,1.00,D,0.00,12.00,12.00,12.00,0.73,^,0.00,,14.30,9.30,504,0.00,47.2,0,0,0.00,0.00,0.00,12.00,0.00,0.00,0,0,0.00,0,0.00
2026-03-29 15:32:20,1593.13,0,0,0,0,0,0,0,0.00,0,1.00,3.38,1.76,2.49,1.00,D,0.00,12.00,12.00,12.00,0.57,^,0.00,,17.30,9.60,504,0.00,46.6,0,0,0.00,0.00,0.00,12.00,0.00,0.00,0,0,0.00,0,0.00
2026-03-29 15:32:21,1594.13,0,0,0,0,0,0,0,1.00,0,1.00,3.38,1.76,2.50,1.00,D,0.00,12.00,12.00,12.00,0.50,^,0.00,,12.10,9.50,504,0.00,47.2,0,0,0.00,0.00,0.00,12.00,0.00,0.00,0,0,0.00,0,0.00
2026-03-29 15:32:22,1595.14,0,0,0,0,0,0,0,0.00,0,1.00,3.38,1.76,2.46,1.00,D,0.00,12.00,2.14,12.00,0.72,^,0.00,,15.70,9.50,504,0.00,48.8,0,0,0.00,0.00,0.00,12.00,0.00,0.00,0,0,0.00,0,0.00
2026-03-29 15:32:23,1596.16,0,0,0,0,0,0,0,0.00,0,1.00,3.38,1.76,2.32,1.00,D,0.00,12.00,1.70,12.00,0.59,^,0.00,,16.50,9.50,504,0.00,47.7,0,0,0.00,0.00,0.00,12.00,0.00,0.00,0,0,0.00,0,0.00
2026-03-29 15:32:24,1597.18,0,0,0,0,0,0,0,1.00,0,1.00,3.38,1.76,2.31,1.00,D,0.00,12.00,12.00,12.00,0.49,^,0.00,,15.60,9.50,504,0.00,47.2,0,0,0.00,0.00,0.00,12.00,0.00,0.00,0,0,0.00,0,0.00
2026-03-29 15:32:25,1598.19,0,0,0,0,0,0,0,0.00,0,1.00,3.38,1.76,2.47,1.00,D,0.00,12.00,12.00,12.00,0.65,^,0.00,,13.50,9.20,504,0.00,46.1,0,0,0.00,0.00,0.00,12.00,0.00,0.00,0,0,0.00,0,0.00
2026-03-29 15:32:26,1599.20,0,0,0,0,0,0,0,0.00,0,1.00,3.38,1.76,2.19,1.00,D,0.00,12.00,12.00,12.00,0.48,^,0.00,,12.70,9.30,504,0.00,47.2,0,0,0.00,0.00,0.00,12.00,0.00,0.00,0,0,0.00,0,0.00
2026-03-29 15:32:27,1600.20,0,0,0,0,0,0,0,0.00,0,1.00,3.38,1.76,2.46,1.00,D,0.00,12.00,12.00,12.00,0.42,^,0.00,,14.10,9.40,504,0.00,48.3,0,0,0.00,0.00,0.00,12.00,0.00,0.00,0,0,0.00,0,0.00
2026-03-29 15:32:28,1601.22,0,0,0,0,0,0,0,1.00,0,1.00,3.38,1.76,2.45,1.00,D,0.00,12.00,12.00,12.00,0.76,^,0.00,,12.50,9.10,504,0.00,47.7,0,0,0.00,0.00,0.00,12.00,0.00,0.00,0,0,0.00,0,0.00
2026-03-29 15:32:29,1602.23,0,0,0,0,0,0,0,1.00,0,1.00,3.38,1.76,2.57,1.00,D,0.00,12.00,12.00,12.00,0.58,^,0.00,,11.00,9.40,504,0.00,47.2,0,0,0.00,0.00,0.00,12.00,0.00,0.00,0,0,0.00,0,0.00
2026-03-29 15:32:30,1603.23,0,0,0,0,0,0,0,0.00,0,1.00,3.38,1.76,2.43,1.00,D,0.00,12.00,12.00,12.00,0.68,^,0.00,,15.20,9.40,504,0.00,47.2,0,0,0.00,0.00,0.00,12.00,0.00,0.00,0,0,0.00,0,0.00
2026-03-29 15:32:31,1604.25,0,0,0,0,0,0,0,1.00,0,1.00,3.38,1.76,2.58,1.00,D,0.00,12.00,12.00,12.00,0.68,^,0.00,,10.40,9.50,504,0.00,45.5,0,0,0.00,0.00,0.00,12.00,0.00,0.00,0,0,0.00,0,0.00
2026-03-29 15:32:32,1605.26,0,0,0,0,0,0,0,0.00,0,1.00,3.38,1.76,2.40,1.00,D,0.00,12.00,12.00,12.00,0.52,^,0.00,,16.70,9.60,504,0.00,45.5,0,0,0.00,0.00,0.00,12.00,0.00,0.00,0,0,0.00,0,0.00
2026-03-29 15:32:33,1606.27,0,0,0,0,0,0,0,0.14,0,1.00,3.38,1.76,2.33,1.00,D,0.00,12.00,12.00,12.00,0.58,^,0.00,,14.80,9.50,504,0.00,47.2,0,0,0.00,0.00,0.00,12.00,0.00,0.00,0,0,0.00,0,0.00
2026-03-29 15:32:34,1607.28,0,0,0,0,0,0,0,0.32,0,1.00,3.38,1.76,2.53,1.00,D,0.00,12.00,12.00,12.00,0.43,^,0.00,,15.90,9.50,504,0.00,46.1,0,0,0.00,0.00,0.00,12.00,0.00,0.00,0,0,0.00,0,0.00
2026-03-29 15:32:35,1608.30,0,0,0,0,0,0,0,0.00,0,1.00,3.38,1.76,2.27,1.00,D,0.00,12.00,12.00,12.00,0.63,^,0.00,,19.20,9.20,504,0.00,47.2,0,0,0.00,0.00,0.00,12.00,0.00,0.00,0,0,0.00,0,0.00
2026-03-29 15:32:36,1609.31,0,0,0,0,0,0,0,0.74,0,1.00,3.38,1.76,2.31,1.00,D,0.00,12.00,12.00,12.00,0.58,^,0.00,,15.10,9.30,504,0.00,46.6,0,0,0.00,0.00,0.00,12.00,0.00,0.00,0,0,0.00,0,0.00
2026-03-29 15:32:37,1610.32,0,0,0,0,0,0,0,0.55,0,1.00,3.38,1.76,2.60,1.00,D,0.00,12.00,12.00,12.00,0.61,^,0.00,,15.40,9.50,504,0.00,47.7,0,0,0.00,0.00,0.00,12.00,0.00,0.00,0,0,0.00,0,0.00
2026-03-29 15:32:38,1611.32,0,0,0,0,0,0,0,0.00,0,1.00,3.38,1.76,2.44,1.00,D,0.00,12.00,12.00,12.00,0.59,^,0.00,,17.80,9.50,504,0.00,47.2,0,0,0.00,0.00,0.00,12.00,0.00,0.00,0,0,0.00,0,0.00
2026-03-29 15:32:39,1612.34,0,0,0,0,0,0,0,1.00,0,1.00,3.38,1.76,2.51,1.00,D,0.00,12.00,12.00,12.00,0.52,^,0.00,,10.70,9.50,504,0.00,46.6,0,0,0.00,0.00,0.00,12.00,0.00,0.00,0,0,0.00,0,0.00
2026-03-29 15:32:40,1613.35,0,0,0,0,0,0,0,0.00,0,1.00,3.38,1.76,2.29,1.00,D,0.00,12.00,12.00,12.00,0.67,^,0.00,,17.70,9.50,504,0.00,46.6,0,0,0.00,0.00,0.00,12.00,0.00,0.00,0,0,0.00,0,0.00
2026-03-29 15:32:41,1614.37,0,0,0,0,0,0,0,0.00,0,1.00,3.38,1.76,2.17,1.00,D,0.00,12.00,12.00,12.00,0.51,^,0.00,,11.10,9.40,504,0.00,47.2,0,0,0.00,0.00,0.00,12.00,0.00,0.00,0,0,0.00,0,0.00
2026-03-29 15:32:42,1615.38,0,0,0,0,0,0,0,0.00,0,1.00,3.38,1.77,2.46,1.00,D,0.00,12.00,12.00,12.00,0.45,^,0.00,,11.20,9.50,504,0.00,46.6,0,0,0.00,0.00,0.00,12.00,0.00,0.00,0,0,0.00,0,0.00
2026-03-29 15:32:43,1616.39,0,0,0,0,0,0,0,0.00,0,1.00,3.38,1.77,2.46,1.00,D,0.00,12.00,12.00,12.00,0.60,^,0.00,,17.40,9.40,504,0.00,47.2,0,0,0.00,0.00,0.00,12.00,0.00,0.00,0,0,0.00,0,0.00
2026-03-29 15:32:44,1617.39,0,0,0,0,0,0,0,1.00,0,1.00,3.38,1.77,2.47,1.00,D,0.00,12.00,12.00,12.00,0.48,^,0.00,,12.20,9.40,504,0.00,45.5,0,0,0.00,0.00,0.00,12.00,0.00,0.00,0,0,0.00,0,0.00
2026-03-29 15:32:45,1618.41,0,0,0,0,0,0,0,0.00,0,1.00,3.38,1.77,2.58,1.00,D,0.00,12.00,12.00,12.00,0.75,^,0.00,,15.40,9.40,504,0.00,47.7,0,0,0.00,0.00,0.00,12.00,0.00,0.00,0,0,0.00,0,0.00
2026-03-29 15:32:46,1619.42,0,0,0,0,0,0,0,0.00,0,1.00,3.38,1.77,2.32,1.00,D,0.00,12.00,12.00,12.00,0.60,^,0.00,,16.90,9.30,504,0.00,46.6,0,0,0.00,0.00,0.00,12.00,0.00,0.00,0,0,0.00,0,0.00
2026-03-29 15:32:47,1620.43,0,0,0,0,0,0,0,0.00,0,1.00,3.38,1.77,2.31,1.00,D,0.00,12.00,1.88,12.00,0.69,^,0.00,,15.00,9.40,504,0.00,45.5,0,0,0.00,0.00,0.00,12.00,0.00,0.00,0,0,0.00,0,0.00
2026-03-29 15:32:48,1621.44,0,0,0,0,0,0,0,1.00,0,1.00,3.38,1.77,2.53,1.00,D,0.00,12.00,12.00,12.00,0.67,^,0.00,,17.20,9.40,504,0.00,47.2,0,0,0.00,0.00,0.00,12.00,0.00,0.00,0,0,0.00,0,0.00
2026-03-29 15:32:49,1622.45,0,0,0,0,0,0,0,1.00,0,1.00,3.38,1.77,2.40,1.00,D,0.00,12.00,12.00,12.00,0.50,^,0.00,,13.90,9.30,504,0.00,46.6,0,0,0.00,0.00,0.00,12.00,0.00,0.00,0,0,0.00,0,0.00
2026-03-29 15:32:50,1623.47,0,0,0,0,0,0,0,0.00,0,1.00,3.38,1.77,2.48,1.00,D,0.00,12.00,12.00,12.00,0.71,^,0.00,,16.00,9.40,504,0.00,47.7,0,0,0.00,0.00,0.00,12.00,0.00,0.00,0,0,0.00,0,0.00
2026-03-29 15:32:51,1624.48,0,0,0,0,0,0,0,1.00,0,1.00,3.38,1.77,2.52,1.00,D,0.00,12.00,12.00,12.00,0.58,^,0.00,,13.30,9.30,504,0.00,47.2,0,0,0.00,0.00,0.00,12.00,0.00,0.00,0,0,0.00,0,0.00
2026-03-29 15:32:52,1625.49,0,0,0,0,0,0,0,0.00,0,1.00,3.38,1.77,2.47,1.00,D,0.00,12.00,12.00,12.00,0.46,^,0.00,,12.60,9.30,504,0.00,46.6,0,0,0.00,0.00,0.00,12.00,0.00,0.00,0,0,0.00,0,0.00
2026-03-29 15:32:53,1626.50,0,0,0,0,0,0,0,0.00,0,1.00,3.38,1.77,2.27,1.00,D,0.00,12.00,12.00,12.00,0.60,^,0.00,,14.40,9.30,504,0.00,47.2,0,0,0.00,0.00,0.00,12.00,0.00,0.00,0,0,0.00,0,0.00
2026-03-29 15:32:54,1627.51,0,0,0,0,0,0,0,0.61,0,1.00,3.38,1.77,2.57,1.00,D,0.00,12.00,12.00,12.00,0.58,^,0.00,,10.40,9.30,504,0.00,45.5,0,0,0.00,0.00,0.00,12.00,0.00,0.00,0,0,0.00,0,0.00
2026-03-29 15:32:55,1628.53,0,0,0,0,0,0,0,0.00,0,1.00,3.38,1.77,2.31,1.00,D,0.00,12.00,12.00,12.00,0.48,^,0.00,,15.90,9.30,504,0.00,47.2,0,0,0.00,0.00,0.00,12.00,0.00,0.00,0,0,0.00,0,0.00
2026-03-29 15:32:56,1629.54,0,0,0,0,0,0,0,0.94,0,1.00,3.38,1.77,2.31,1.00,D,0.00,12.00,12.00,12.00,0.62,^,0.00,,13.30,9.30,504,0.00,46.6,0,0,0.00,0.00,0.00,12.00,0.00,0.00,0,0,0.00,0,0.00
2026-03-29 15:32:57,1630.55,0,0,0,0,0,0,0,0.00,0,1.00,3.38,1.77,2.56,1.00,D,0.00,12.00,12.00,12.00,0.62,^,0.00,,10.10,9.30,504,0.00,45.5,0,0,0.00,0.00,0.00,12.00,0.00,0.00,0,0,0.00,0,0.00
2026-03-29 15:32:58,1631.56,0,0,0,0,0,0,0,0.00,0,1.00,3.38,1.77,2.45,1.00,D,0.00,12.00,12.00,12.00,0.53,^,0.00,,15.50,9.30,504,0.00,46.6,0,0,0.00,0.00,0.00,12.00,0.00,0.00,0,0,0.00,0,0.00
2026-03-29 15:32:59,1632.57,0,0,0,0,0,0,0,1.00,0,1.00,3.38,1.77,2.47,1.00,D,0.00,12.00,1.80,12.00,0.69,^,0.00,,13.30,9.30,504,0.00,46.6,0,0,0.00,0.00,0.00,12.00,0.00,0.00,0,0,0.00,0,0.00
2026-03-29 15:33:00,1633.59,0,0,0,0,0,0,0,0.00,0,1.00,3.38,1.77,2.45,1.00,D,0.00,12.00,12.00,12.00,0.77,^,0.00,,13.70,9.20,504,0.00,45.5,0,0,0.00,0.00,0.00,12.00,0.00,0.00,0,0,0.00,0,0.00
2026-03-29 15:33:01,1634.59,0,0,0,0,0,0,0,0.00,0,1.00,3.38,1.77,2.58,1.00,D,0.00,12.00,12.00,12.00,0.59,^,0.00,,15.80,9.30,504,0.00,46.6,0,0,0.00,0.00,0.00,12.00,0.00,0.00,0,0,0.00,0,0.00
2026-03-29 15:33:02,1635.61,0,0,0,0,0,0,0,1.00,0,1.00,3.38,1.77,2.35,1.00,D,0.00,12.00,12.00,12.00,0.64,^,0.00,,9.30,9.30,504,0.00,46.1,0,0,0.00,0.00,0.00,12.00,0.00,0.00,0,0,0.00,0,0.00
2026-03-29 15:33:03,1636.63,0,0,0,0,0,0,0,0.00,0,1.00,3.38,1.77,2.51,1.00,D,0.00,12.00,12.00,12.00,0.81,^,0.00,,16.50,9.20,504,0.00,46.6,0,0,0.00,0.00,0.00,12.00,0.00,0.00,0,0,0.00,0,0.00
2026-03-29 15:33:04,1637.64,0,0,0,0,0,0,0,0.11,0,1.00,3.38,1.77,2.33,1.00,D,0.00,12.00,12.00,12.00,0.70,^,0.00,,13.40,9.20,504,0.00,46.6,0,0,0.00,0.00,0.00,12.00,0.00,0.00,0,0,0.00,0,0.00
2026-03-29 15:33:05,1638.65,0,0,0,0,0,0,0,0.00,0,1.00,3.38,1.78,2.52,1.00,D,0.00,12.00,12.00,12.00,0.64,^,0.00,,13.80,9.20,504,0.00,46.1,0,0,0.00,0.00,0.00,12.00,0.00,0.00,0,0,0.00,0,0.00
2026-03-29 15:33:06,1639.66,0,0,0,0,0,0,0,0.00,0,1.00,3.38,1.78,2.28,1.00,D,0.00,12.00,12.00,12.00,0.76,^,0.00,,17.40,9.20,504,0.00,46.6,0,0,0.00,0.00,0.00,12.00,0.00,0.00,0,0,0.00,0,0.00
2026-03-29 15:33:07,1640.66,0,0,0,0,0,0,0,0.00,0,1.00,3.38,1.78,2.55,1.00,D,0.00,12.00,12.00,12.00,0.80,^,0.00,,13.40,9.60,504,0.00,46.6,0,0,0.00,0.00,0.00,12.00,0.00,0.00,0,0,0.00,0,0.00
2026-03-29 15:33:08,1641.68,0,0,0,0,0,0,0,1.00,0,1.00,3.38,1.78,2.49,1.00,D,0.00,12.00,12.00,12.00,0.76,^,0.00,,20.30,9.40,504,0.00,46.6,0,0,0.00,0.00,0.00,12.00,0.00,0.00,0,0,0.00,0,0.00
2026-03-29 15:33:09,1642.68,0,0,0,0,0,0,0,0.00,0,1.00,3.38,1.78,2.58,1.00,D,0.00,12.00,12.00,12.00,0.81,^,0.00,,18.40,9.50,504,0.00,45.5,0,0,0.00,0.00,0.00,12.00,0.00,0.00,0,0,0.00,0,0.00
2026-03-29 15:33:10,1643.69,0,0,0,0,0,0,0,0.00,0,0.03,3.38,1.78,1.83,0.90,D,0.00,1.62,12.00,12.00,0.71,^,0.00,,8.90,9.40,504,0.00,44.4,0,0,0.00,0.00,0.00,1.62,0.00,0.00,0,0,0.00,0,0.00
2026-03-29 15:33:11,1644.71,0,0,0,1,0,0,0,-0.95,0,0.00,3.38,1.78,0.00,0.00,R,0.00,1.58,12.00,12.00,0.31,^,0.00,,12.90,9.50,504,0.04,46.1,0,0,0.00,0.00,0.00,1.58,0.00,0.00,0,0,0.00,0,0.00
2026-03-29 15:33:12,1645.72,0,0,0,0,0,0,0,-0.99,0,1.00,3.38,1.78,0.27,-0.61,R,0.00,1.60,12.00,12.00,0.31,^,0.00,,9.10,9.50,504,0.00,46.1,0,0,0.00,0.00,0.00,1.60,0.00,0.00,0,0,0.00,0,0.00
2026-03-29 15:33:13,1646.74,0,0,1,0,0,0,0,1.00,0,1.00,3.38,1.77,1.07,0.02,D,0.00,12.00,1.79,0.67,12.00,^,0.00,,12.40,9.30,504,0.00,46.6,0,0,0.00,0.00,0.00,12.00,0.00,0.00,0,0,0.00,0,0.00
2026-03-29 15:33:14,1647.74,0,0,0,0,0,0,0,1.00,0,1.00,3.38,1.77,0.11,0.52,D,0.00,1.92,1.92,0.92,12.00,^,0.00,,13.10,9.60,504,0.00,45.5,0,0,0.00,0.00,0.00,1.92,0.00,0.00,0,0,0.00,0,0.00
2026-03-29 15:33:15,1648.75,0,0,0,0,0,0,0,0.00,0,1.00,3.38,1.77,1.45,1.00,D,0.00,12.00,1.64,0.64,12.00,^,0.00,,10.20,9.50,504,0.00,45.5,0,0,0.00,0.00,0.00,12.00,0.00,0.00,0,0,0.00,0,0.00
2026-03-29 15:33:16,1649.75,0,0,0,0,0,0,0,1.00,0,1.00,3.38,1.77,0.32,1.00,D,0.00,1.25,1.27,12.00,0.90,^,0.00,,12.90,9.60,504,0.00,46.1,0,0,0.00,0.00,0.00,1.25,0.00,0.00,0,0,0.00,0,0.00
2026-03-29 15:33:17,1650.77,0,0,0,0,0,0,0,1.00,0,1.00,3.38,1.77,2.68,1.00,D,0.00,12.00,1.09,12.00,0.73,^,0.00,,7.70,9.40,504,0.00,45.5,0,0,0.00,0.00,0.00,12.00,0.00,0.00,0,0,0.00,0,0.00
2026-03-29 15:33:18,1651.78,0,0,0,1,0,0,0,-0.15,0,1.00,3.38,1.77,0.45,-0.33,R,0.00,12.00,1.10,12.00,0.46,^,0.00,,14.00,9.40,504,0.01,45.0,0,0,0.00,0.00,0.00,12.00,0.00,0.00,0,0,0.00,0,0.00
2026-03-29 15:33:19,1652.80,0,0,0,0,0,0,0,0.00,0,1.00,3.38,1.77,1.28,-0.94,R,0.00,12.00,1.11,12.00,0.66,^,0.00,,11.80,9.40,504,0.00,43.9,0,0,0.00,0.00,0.00,12.00,0.00,0.00,0,0,0.00,0,0.00
2026-03-29 15:33:20,1653.81,0,0,1,0,0,0,0,1.00,0,1.00,3.38,1.77,0.33,0.07,D,0.00,12.00,1.31,12.00,0.51,^,0.00,,12.70,9.20,504,0.00,44.4,0,0,0.00,0.00,0.00,12.00,0.00,0.00,0,0,0.00,0,0.00
2026-03-29 15:33:21,1654.81,0,0,0,0,0,0,0,1.00,0,1.00,3.38,1.77,0.14,0.57,D,0.00,12.00,1.29,12.00,0.59,^,0.00,,11.80,9.30,504,0.00,45.0,0,0,0.00,0.00,0.00,12.00,0.00,0.00,0,0,0.00,0,0.00
2026-03-29 15:33:22,1655.82,0,0,0,0,0,0,0,1.00,0,1.00,3.38,1.77,1.24,1.00,D,0.00,12.00,1.23,12.00,0.70,^,0.00,,14.10,9.50,504,0.00,46.1,0,0,0.00,0.00,0.00,12.00,0.00,0.00,0,0,0.00,0,0.00
2026-03-29 15:33:23,1656.84,0,0,0,0,0,0,0,0.00,0,1.00,3.38,1.77,2.39,1.00,D,0.00,12.00,12.00,12.00,0.81,^,0.00,,10.20,9.60,504,0.00,46.1,0,0,0.00,0.00,0.00,12.00,0.00,0.00,0,0,0.00,0,0.00
2026-03-29 15:33:24,1657.86,0,0,0,0,0,0,0,0.00,0,1.00,3.38,1.77,2.20,1.00,D,0.00,12.00,12.00,12.00,0.92,^,0.00,,14.10,9.60,504,0.00,45.0,0,0,0.00,0.00,0.00,12.00,0.00,0.00,0,0,0.00,0,0.00
2026-03-29 15:33:25,1658.87,0,0,0,0,0,0,0,0.27,0,1.00,3.38,1.77,2.55,1.00,D,0.00,12.00,12.00,12.00,0.68,^,0.00,,12.90,9.50,504,0.00,45.5,0,0,0.00,0.00,0.00,12.00,0.00,0.00,0,0,0.00,0,0.00
2026-03-29 15:33:26,1659.88,0,0,0,0,0,0,0,0.00,0,1.00,3.38,1.77,2.52,1.00,D,0.00,12.00,12.00,12.00,0.73,^,0.00,,10.80,9.50,504,0.00,46.1,0,0,0.00,0.00,0.00,12.00,0.00,0.00,0,0,0.00,0,0.00
2026-03-29 15:33:28,1660.89,0,0,0,0,0,0,0,1.00,0,1.00,3.38,1.77,2.59,1.00,D,0.00,12.00,12.00,12.00,0.76,^,0.00,,12.90,9.50,504,0.00,46.6,0,0,0.00,0.00,0.00,12.00,0.00,0.00,0,0,0.00,0,0.00
2026-03-29 15:33:29,1661.90,0,0,0,0,0,0,0,0.00,0,1.00,3.38,1.77,2.48,1.00,D,0.00,12.00,12.00,12.00,0.56,^,0.00,,11.70,9.40,504,0.00,46.1,0,0,0.00,0.00,0.00,12.00,0.00,0.00,0,0,0.00,0,0.00
2026-03-29 15:33:30,1662.92,0,0,0,0,0,0,0,1.00,0,1.00,3.38,1.77,2.22,1.00,D,0.00,12.00,12.00,12.00,0.55,^,0.00,,12.80,9.40,504,0.00,45.5,0,0,0.00,0.00,0.00,12.00,0.00,0.00,0,0,0.00,0,0.00
2026-03-29 15:33:31,1663.94,0,0,0,0,0,0,0,0.00,0,1.00,3.38,1.77,2.24,1.00,D,0.00,12.00,12.00,12.00,0.61,^,0.00,,11.00,9.30,504,0.00,46.1,0,0,0.00,0.00,0.00,12.00,0.00,0.00,0,0,0.00,0,0.00
2026-03-29 15:33:32,1664.95,0,0,0,0,0,0,0,1.00,0,1.00,3.38,1.77,2.55,1.00,D,0.00,12.00,12.00,12.00,0.51,^,0.00,,11.60,9.40,504,0.00,46.6,0,0,0.00,0.00,0.00,12.00,0.00,0.00,0,0,0.00,0,0.00
2026-03-29 15:33:33,1665.96,0,0,0,0,0,0,0,0.00,0,1.00,3.38,1.77,2.32,1.00,D,0.00,12.00,12.00,12.00,0.53,^,0.00,,14.40,9.40,504,0.00,46.1,0,0,0.00,0.00,0.00,12.00,0.00,0.00,0,0,0.00,0,0.00
2026-03-29 15:33:34,1666.98,0,0,0,0,0,0,0,0.00,0,1.00,3.38,1.78,2.79,1.00,D,0.00,12.00,12.00,12.00,0.91,^,0.00,,12.50,9.30,504,0.00,45.0,0,0,0.00,0.00,0.00,12.00,0.00,0.00,0,0,0.00,0,0.00
2026-03-29 15:33:35,1667.99,0,0,0,0,0,0,0,0.00,0,1.00,3.38,1.78,2.63,1.00,D,0.00,12.00,12.00,12.00,0.80,^,0.00,,13.80,9.50,504,0.00,47.7,0,0,0.00,0.00,0.00,12.00,0.00,0.00,0,0,0.00,0,0.00
2026-03-29 15:33:36,1669.00,0,0,0,0,0,0,0,1.00,0,1.00,3.38,1.78,2.20,1.00,D,0.00,12.00,12.00,12.00,0.66,^,0.00,,11.00,9.60,504,0.00,45.5,0,0,0.00,0.00,0.00,12.00,0.00,0.00,0,0,0.00,0,0.00
2026-03-29 15:33:37,1670.03,0,0,0,0,0,0,0,0.00,0,1.00,3.38,1.78,2.39,1.00,D,0.00,12.00,2.23,12.00,0.70,^,0.00,,14.70,9.60,504,0.00,45.0,0,0,0.00,0.00,0.00,12.00,0.00,0.00,0,0,0.00,0,0.00
2026-03-29 15:33:38,1671.03,0,0,0,0,0,0,0,0.00,0,1.00,3.38,1.78,2.52,1.00,D,0.00,12.00,12.00,12.00,0.73,^,0.00,,14.10,9.50,504,0.00,46.1,0,0,0.00,0.00,0.00,12.00,0.00,0.00,0,0,0.00,0,0.00
2026-03-29 15:33:39,1672.04,0,0,0,0,0,0,0,0.00,0,1.00,3.38,1.78,2.56,1.00,D,0.00,12.00,1.67,12.00,0.88,^,0.00,,9.10,9.30,504,0.00,44.4,0,0,0.00,0.00,0.00,12.00,0.00,0.00,0,0,0.00,0,0.00
2026-03-29 15:33:40,1673.06,0,0,0,0,0,0,0,0.76,0,1.00,3.38,1.78,2.54,1.00,D,0.00,12.00,12.00,12.00,0.82,^,0.00,,14.70,9.50,504,0.00,46.6,0,0,0.00,0.00,0.00,12.00,0.00,0.00,0,0,0.00,0,0.00
2026-03-29 15:33:41,1674.06,0,0,0,0,0,0,0,0.00,0,1.00,3.38,1.78,2.42,1.00,D,0.00,12.00,12.00,12.00,0.62,^,0.00,,10.40,9.50,504,0.00,44.4,0,0,0.00,0.00,0.00,12.00,0.00,0.00,0,0,0.00,0,0.00
2026-03-29 15:33:42,1675.08,0,0,0,0,0,0,0,1.00,0,1.00,3.38,1.78,2.45,1.00,D,0.00,12.00,12.00,12.00,0.78,^,0.00,,11.50,9.30,504,0.00,46.1,0,0,0.00,0.00,0.00,12.00,0.00,0.00,0,0,0.00,0,0.00
2026-03-29 15:33:43,1676.09,0,0,0,0,0,0,0,0.00,0,1.00,3.38,1.78,2.86,1.00,D,0.00,12.00,12.00,12.00,0.73,^,0.00,,14.40,9.40,504,0.00,45.5,0,0,0.00,0.00,0.00,12.00,0.00,0.00,0,0,0.00,0,0.00
2026-03-29 15:33:44,1677.10,0,0,0,0,0,0,0,0.00,0,1.00,3.38,1.78,2.43,1.00,D,0.00,12.00,12.00,12.00,0.66,^,0.00,,13.40,9.30,504,0.00,45.0,0,0,0.00,0.00,0.00,12.00,0.00,0.00,0,0,0.00,0,0.00
2026-03-29 15:33:45,1678.12,0,0,0,0,0,0,0,1.00,0,1.00,3.38,1.78,2.16,1.00,D,0.00,12.00,12.00,12.00,0.51,^,0.00,,17.00,9.30,504,0.00,46.1,0,0,0.00,0.00,0.00,12.00,0.00,0.00,0,0,0.00,0,0.00
2026-03-29 15:33:46,1679.13,0,0,0,0,0,0,0,0.00,0,1.00,3.38,1.78,2.23,1.00,D,0.00,12.00,12.00,12.00,0.64,^,0.00,,14.30,9.40,504,0.00,45.0,0,0,0.00,0.00,0.00,12.00,0.00,0.00,0,0,0.00,0,0.00
2026-03-29 15:33:47,1680.14,0,0,0,0,0,0,0,0.00,0,1.00,3.38,1.78,2.32,1.00,D,0.00,12.00,1.92,12.00,0.67,^,0.00,,10.70,9.40,504,0.00,45.5,0,0,0.00,0.00,0.00,12.00,0.00,0.00,0,0,0.00,0,0.00
2026-03-29 15:33:48,1681.15,0,0,0,0,0,0,0,0.00,0,1.00,3.38,1.78,2.42,1.00,D,0.00,12.00,12.00,12.00,0.89,^,0.00,,14.90,9.30,504,0.00,45.0,0,0,0.00,0.00,0.00,12.00,0.00,0.00,0,0,0.00,0,0.00
2026-03-29 15:33:49,1682.16,0,0,0,0,0,0,0,0.70,0,1.00,3.38,1.78,2.47,1.00,D,0.00,12.00,12.00,12.00,0.67,^,0.00,,10.30,9.30,504,0.00,44.4,0,0,0.00,0.00,0.00,12.00,0.00,0.00,0,0,0.00,0,0.00
2026-03-29 15:33:50,1683.17,0,0,0,0,0,0,0,0.00,0,1.00,3.38,1.78,2.59,1.00,D,0.00,12.00,12.00,12.00,0.53,^,0.00,,14.20,9.30,504,0.00,45.0,0,0,0.00,0.00,0.00,12.00,0.00,0.00,0,0,0.00,0,0.00
2026-03-29 15:33:51,1684.18,0,0,0,0,0,0,0,0.00,0,1.00,3.38,1.78,2.63,1.00,D,0.00,12.00,12.00,12.00,0.64,^,0.00,,15.40,9.30,504,0.00,46.1,0,0,0.00,0.00,0.00,12.00,0.00,0.00,0,0,0.00,0,0.00
2026-03-29 15:33:52,1685.19,0,0,0,0,0,0,0,0.00,0,1.00,3.38,1.78,2.44,1.00,D,0.00,12.00,12.00,12.00,0.71,^,0.00,,13.50,9.30,504,0.00,45.5,0,0,0.00,0.00,0.00,12.00,0.00,0.00,0,0,0.00,0,0.00
2026-03-29 15:33:53,1686.19,0,0,0,0,0,0,0,0.14,0,1.00,3.38,1.78,2.30,1.00,D,0.00,12.00,12.00,12.00,0.57,^,0.00,,15.90,9.30,504,0.00,45.0,0,0,0.00,0.00,0.00,12.00,0.00,0.00,0,0,0.00,0,0.00
2026-03-29 15:33:54,1687.20,0,0,0,0,0,0,0,0.23,0,1.00,3.38,1.78,2.38,1.00,D,0.00,12.00,12.00,12.00,0.71,^,0.00,,13.70,9.30,504,0.00,44.4,0,0,0.00,0.00,0.00,12.00,0.00,0.00,0,0,0.00,0,0.00
2026-03-29 15:33:55,1688.31,0,0,0,0,0,0,0,0.00,0,1.00,3.38,1.78,2.64,1.00,D,0.00,12.00,12.00,12.00,0.67,^,0.00,,9.60,9.30,504,0.00,45.5,0,0,0.00,0.00,0.00,12.00,0.00,0.00,0,0,0.00,0,0.00
2026-03-29 15:33:56,1689.22,0,0,0,0,0,0,0,0.00,0,1.00,3.38,1.78,2.36,1.00,D,0.00,12.00,12.00,12.00,0.53,^,0.00,,16.50,9.30,504,0.00,45.5,0,0,0.00,0.00,0.00,12.00,0.00,0.00,0,0,0.00,0,0.00
2026-03-29 15:33:57,1690.23,0,0,0,0,0,0,0,0.53,0,1.00,3.38,1.78,2.54,1.00,D,0.00,12.00,12.00,12.00,0.53,^,0.00,,11.70,9.30,504,0.00,46.1,0,0,0.00,0.00,0.00,12.00,0.00,0.00,0,0,0.00,0,0.00
2026-03-29 15:33:58,1691.24,0,0,0,0,0,0,0,0.00,0,1.00,3.38,1.79,2.46,1.00,D,0.00,12.00,1.87,12.00,0.69,^,0.00,,15.60,9.10,504,0.00,45.0,0,0,0.00,0.00,0.00,12.00,0.00,0.00,0,0,0.00,0,0.00
2026-03-29 15:33:59,1692.25,0,0,0,0,0,0,0,0.00,0,1.00,3.38,1.79,2.48,1.00,D,0.00,12.00,12.00,12.00,0.54,^,0.00,,14.40,9.30,504,0.00,46.1,0,0,0.00,0.00,0.00,12.00,0.00,0.00,0,0,0.00,0,0.00
2026-03-29 15:34:00,1693.25,0,0,0,0,0,0,0,0.00,0,1.00,3.38,1.79,2.31,1.00,D,0.00,12.00,12.00,12.00,0.47,^,0.00,,10.80,9.40,504,0.00,45.5,0,0,0.00,0.00,0.00,12.00,0.00,0.00,0,0,0.00,0,0.00
2026-03-29 15:34:01,1694.27,0,0,0,0,0,0,0,0.00,0,1.00,3.38,1.79,2.58,1.00,D,0.00,12.00,12.00,12.00,0.70,^,0.00,,14.90,9.20,504,0.00,45.0,0,0,0.00,0.00,0.00,12.00,0.00,0.00,0,0,0.00,0,0.00
2026-03-29 15:34:02,1695.28,0,0,0,0,0,0,0,0.00,0,1.00,3.38,1.79,2.41,1.00,D,0.00,12.00,12.00,12.00,0.56,^,0.00,,12.00,9.40,504,0.00,45.5,0,0,0.00,0.00,0.00,12.00,0.00,0.00,0,0,0.00,0,0.00
2026-03-29 15:34:03,1696.30,0,0,0,0,0,0,0,0.81,0,1.00,3.38,1.79,2.66,1.00,D,0.00,12.00,12.00,12.00,0.44,^,0.00,,11.00,9.40,504,0.00,44.4,0,0,0.00,0.00,0.00,12.00,0.00,0.00,0,0,0.00,0,0.00
2026-03-29 15:34:04,1697.30,0,0,0,0,0,0,0,0.00,0,1.00,3.38,1.79,2.34,1.00,D,0.00,12.00,12.00,12.00,0.41,^,0.00,,15.30,9.50,504,0.00,45.5,0,0,0.00,0.00,0.00,12.00,0.00,0.00,0,0,0.00,0,0.00
2026-03-29 15:34:05,1698.32,0,0,0,0,0,0,0,1.00,0,1.00,3.38,1.79,2.55,1.00,D,0.00,12.00,12.00,12.00,0.79,^,0.00,,12.10,9.50,504,0.00,45.5,0,0,0.00,0.00,0.00,12.00,0.00,0.00,0,0,0.00,0,0.00
2026-03-29 15:34:06,1699.33,0,0,0,0,0,0,0,0.00,0,1.00,3.38,1.79,2.40,1.00,D,0.00,12.00,12.00,12.00,0.60,^,0.00,,15.10,9.50,504,0.00,46.6,0,0,0.00,0.00,0.00,12.00,0.00,0.00,0,0,0.00,0,0.00
2026-03-29 15:34:07,1700.34,0,0,0,0,0,0,0,0.00,0,1.00,3.38,1.79,2.35,1.00,D,0.00,12.00,12.00,12.00,0.66,^,0.00,,12.90,9.50,504,0.00,43.9,0,0,0.00,0.00,0.00,12.00,0.00,0.00,0,0,0.00,0,0.00
2026-03-29 15:34:08,1701.36,0,0,0,0,0,0,0,0.00,0,1.00,3.38,1.79,2.79,1.00,D,0.00,12.00,12.00,12.00,0.66,^,0.00,,10.40,9.50,504,0.00,44.4,0,0,0.00,0.00,0.00,12.00,0.00,0.00,0,0,0.00,0,0.00
2026-03-29 15:34:09,1702.37,0,0,0,0,0,0,0,0.00,0,1.00,3.38,1.79,2.21,1.00,D,0.00,12.00,12.00,12.00,0.54,^,0.00,,14.50,9.40,504,0.00,44.4,0,0,0.00,0.00,0.00,12.00,0.00,0.00,0,0,0.00,0,0.00
2026-03-29 15:34:10,1703.39,0,0,0,0,0,0,0,0.00,0,1.00,3.38,1.79,2.56,1.00,D,0.00,12.00,1.76,12.00,0.34,^,0.00,,13.50,9.50,504,0.00,43.9,0,0,0.00,0.00,0.00,12.00,0.00,0.00,0,0,0.00,0,0.00
2026-03-29 15:34:11,1704.40,0,0,0,0,0,0,0,0.00,0,1.00,3.38,1.79,2.61,1.00,D,0.00,12.00,12.00,12.00,0.55,^,0.00,,11.70,9.50,504,0.00,46.6,0,0,0.00,0.00,0.00,12.00,0.00,0.00,0,0,0.00,0,0.00
2026-03-29 15:34:12,1705.41,0,0,0,0,0,0,0,0.00,0,1.00,3.38,1.79,2.66,1.00,D,0.00,12.00,12.00,12.00,0.61,^,0.00,,9.90,9.50,504,0.00,44.4,0,0,0.00,0.00,0.00,12.00,0.00,0.00,0,0,0.00,0,0.00
2026-03-29 15:34:13,1706.41,0,0,0,0,0,0,0,0.00,0,1.00,3.38,1.79,2.21,1.00,D,0.00,12.00,12.00,12.00,0.47,^,0.00,,9.80,9.20,504,0.00,43.3,0,0,0.00,0.00,0.00,12.00,0.00,0.00,0,0,0.00,0,0.00
2026-03-29 15:34:14,1707.42,0,0,0,0,0,0,0,0.00,0,1.00,3.38,1.79,2.49,1.00,D,0.00,12.00,12.00,12.00,0.59,^,0.00,,15.60,9.40,504,0.00,45.5,0,0,0.00,0.00,0.00,12.00,0.00,0.00,0,0,0.00,0,0.00
2026-03-29 15:34:15,1708.44,0,0,0,0,0,0,0,0.64,0,1.00,3.38,1.79,2.44,1.00,D,0.00,12.00,12.00,12.00,0.67,^,0.00,,11.70,9.50,504,0.00,45.5,0,0,0.00,0.00,0.00,12.00,0.00,0.00,0,0,0.00,0,0.00
2026-03-29 15:34:16,1709.45,0,0,0,0,0,0,0,0.29,0,1.00,3.38,1.79,2.46,1.00,D,0.00,12.00,12.00,12.00,0.50,^,0.00,,14.70,9.50,504,0.00,46.1,0,0,0.00,0.00,0.00,12.00,0.00,0.00,0,0,0.00,0,0.00
2026-03-29 15:34:17,1710.46,0,0,0,0,0,0,0,-0.12,0,1.00,3.38,1.79,2.60,1.00,D,0.00,12.00,12.00,12.00,0.42,^,0.00,,14.90,9.20,504,0.00,46.1,0,0,0.00,0.00,0.00,12.00,0.00,0.00,0,0,0.00,0,0.00
2026-03-29 15:34:18,1711.48,0,0,0,0,0,0,0,0.00,0,1.00,3.38,1.79,2.65,1.00,D,0.00,12.00,12.00,12.00,0.72,^,0.00,,10.00,9.40,504,0.00,45.0,0,0,0.00,0.00,0.00,12.00,0.00,0.00,0,0,0.00,0,0.00
2026-03-29 15:34:19,1712.49,0,0,0,0,0,0,0,1.00,0,1.00,3.38,1.79,2.60,1.00,D,0.00,12.00,12.00,12.00,0.62,^,0.00,,18.00,9.70,504,0.00,44.4,0,0,0.00,0.00,0.00,12.00,0.00,0.00,0,0,0.00,0,0.00
2026-03-29 15:34:20,1713.51,0,0,0,0,0,0,0,0.00,0,1.00,3.38,1.80,2.58,1.00,D,0.00,12.00,12.00,12.00,0.58,^,0.00,,13.20,9.70,504,0.00,44.4,0,0,0.00,0.00,0.00,12.00,0.00,0.00,0,0,0.00,0,0.00
2026-03-29 15:34:21,1714.52,0,0,0,0,0,0,0,0.00,0,1.00,3.38,1.80,2.57,1.00,D,0.00,12.00,12.00,12.00,0.74,^,0.00,,12.70,9.70,504,0.00,45.0,0,0,0.00,0.00,0.00,12.00,0.00,0.00,0,0,0.00,0,0.00
2026-03-29 15:34:22,1715.53,0,0,0,0,0,0,0,0.00,0,1.00,3.38,1.80,2.49,1.00,D,0.00,12.00,12.00,12.00,0.59,^,0.00,,14.20,9.70,504,0.00,45.5,0,0,0.00,0.00,0.00,12.00,0.00,0.00,0,0,0.00,0,0.00
2026-03-29 15:34:23,1716.55,0,0,0,0,0,0,0,0.00,0,1.00,3.38,1.80,2.61,1.00,D,0.00,12.00,12.00,12.00,0.51,^,0.00,,12.70,9.70,504,0.00,45.0,0,0,0.00,0.00,0.00,12.00,0.00,0.00,0,0,0.00,0,0.00
2026-03-29 15:34:24,1717.57,0,0,0,0,0,0,0,0.52,0,1.00,3.38,1.80,2.43,1.00,D,0.00,12.00,12.00,12.00,0.60,^,0.00,,20.10,9.70,504,0.00,46.1,0,0,0.00,0.00,0.00,12.00,0.00,0.00,0,0,0.00,0,0.00
2026-03-29 15:34:25,1718.57,0,0,0,0,0,0,0,0.99,0,1.00,3.38,1.80,2.63,1.00,D,0.00,12.00,12.00,12.00,0.80,^,0.00,,13.80,9.70,504,0.00,45.0,0,0,0.00,0.00,0.00,12.00,0.00,0.00,0,0,0.00,0,0.00
2026-03-29 15:34:26,1719.58,0,0,0,0,0,0,0,0.00,0,1.00,3.38,1.80,2.75,1.00,D,0.00,12.00,12.00,12.00,0.86,^,0.00,,13.20,9.70,504,0.00,45.0,0,0,0.00,0.00,0.00,12.00,0.00,0.00,0,0,0.00,0,0.00
2026-03-29 15:34:27,1720.59,0,0,0,0,0,0,0,0.46,0,1.00,3.38,1.80,2.59,1.00,D,0.00,12.00,12.00,12.00,0.76,^,0.00,,19.30,9.60,504,0.00,43.9,0,0,0.00,0.00,0.00,12.00,0.00,0.00,0,0,0.00,0,0.00
2026-03-29 15:34:28,1721.61,0,0,0,0,0,0,0,1.00,0,1.00,3.38,1.80,2.48,1.00,D,0.00,12.00,12.00,12.00,0.89,^,0.00,,17.70,9.40,504,0.00,44.4,0,0,0.00,0.00,0.00,12.00,0.00,0.00,0,0,0.00,0,0.00
2026-03-29 15:34:29,1722.61,0,0,0,0,0,0,0,1.00,0,1.00,3.38,1.80,2.80,1.00,D,0.00,12.00,12.00,12.00,0.63,^,0.00,,14.80,9.50,504,0.00,46.6,0,0,0.00,0.00,0.00,12.00,0.00,0.00,0,0,0.00,0,0.00
2026-03-29 15:34:30,1723.61,0,0,0,0,0,0,0,0.00,0,1.00,3.38,1.80,2.44,1.00,D,0.00,12.00,12.00,12.00,0.49,^,0.00,,13.20,9.50,504,0.00,45.0,0,0,0.00,0.00,0.00,12.00,0.00,0.00,0,0,0.00,0,0.00
2026-03-29 15:34:31,1724.63,0,0,0,0,0,0,0,0.00,0,1.00,3.38,1.80,2.25,1.00,D,0.00,12.00,12.00,12.00,0.58,^,0.00,,11.10,9.40,504,0.00,44.4,0,0,0.00,0.00,0.00,12.00,0.00,0.00,0,0,0.00,0,0.00
2026-03-29 15:34:32,1725.64,0,0,0,0,0,0,0,0.00,0,1.00,3.38,1.80,2.63,1.00,D,0.00,12.00,12.00,12.00,0.69,^,0.00,,15.60,9.40,504,0.00,46.6,0,0,0.00,0.00,0.00,12.00,0.00,0.00,0,0,0.00,0,0.00
2026-03-29 15:34:33,1726.65,0,0,0,0,0,0,0,1.00,0,1.00,3.38,1.80,2.55,1.00,D,0.00,12.00,12.00,12.00,0.59,^,0.00,,13.40,9.50,504,0.00,43.9,0,0,0.00,0.00,0.00,12.00,0.00,0.00,0,0,0.00,0,0.00
2026-03-29 15:34:34,1727.66,0,0,0,0,0,0,0,0.00,0,1.00,3.38,1.80,2.72,1.00,D,0.00,12.00,12.00,12.00,0.61,^,0.00,,14.40,9.60,504,0.00,45.5,0,0,0.00,0.00,0.00,12.00,0.00,0.00,0,0,0.00,0,0.00
2026-03-29 15:34:35,1728.66,0,0,0,0,0,0,0,0.00,0,1.00,3.38,1.80,2.48,1.00,D,0.00,12.00,12.00,12.00,0.81,^,0.00,,15.90,9.60,504,0.00,45.5,0,0,0.00,0.00,0.00,12.00,0.00,0.00,0,0,0.00,0,0.00
2026-03-29 15:34:36,1729.67,0,0,0,0,0,0,0,1.00,0,1.00,3.38,1.80,2.65,1.00,D,0.00,12.00,12.00,12.00,0.59,^,0.00,,15.40,9.60,504,0.00,45.5,0,0,0.00,0.00,0.00,12.00,0.00,0.00,0,0,0.00,0,0.00
2026-03-29 15:34:37,1730.67,0,0,0,0,0,0,0,0.00,0,1.00,3.38,1.80,2.57,1.00,D,0.00,12.00,12.00,12.00,0.53,^,0.00,,16.00,9.60,504,0.00,45.5,0,0,0.00,0.00,0.00,12.00,0.00,0.00,0,0,0.00,0,0.00
2026-03-29 15:34:38,1731.69,0,0,0,0,0,0,0,0.00,0,1.00,3.38,1.80,2.72,1.00,D,0.00,12.00,12.00,12.00,0.67,^,0.00,,15.90,9.30,504,0.00,46.1,0,0,0.00,0.00,0.00,12.00,0.00,0.00,0,0,0.00,0,0.00
2026-03-29 15:34:39,1732.70,0,0,0,0,0,0,0,0.00,0,1.00,3.38,1.80,2.58,1.00,D,0.00,12.00,12.00,12.00,0.78,^,0.00,,12.20,9.50,504,0.00,45.5,0,0,0.00,0.00,0.00,12.00,0.00,0.00,0,0,0.00,0,0.00
2026-03-29 15:34:40,1733.71,0,0,0,0,0,0,0,1.00,0,1.00,3.38,1.80,2.47,1.00,D,0.00,12.00,12.00,12.00,0.58,^,0.00,,17.80,9.50,504,0.00,46.1,0,0,0.00,0.00,0.00,12.00,0.00,0.00,0,0,0.00,0,0.00
2026-03-29 15:34:41,1734.72,0,0,0,0,0,0,0,1.00,0,1.00,3.38,1.80,2.62,1.00,D,0.00,12.00,12.00,12.00,0.51,^,0.00,,13.60,9.50,504,0.00,44.4,0,0,0.00,0.00,0.00,12.00,0.00,0.00,0,0,0.00,0,0.00
2026-03-29 15:34:42,1735.72,0,0,0,0,0,0,0,1.00,0,1.00,3.38,1.80,2.66,1.00,D,0.00,12.00,12.00,12.00,0.72,^,0.00,,12.10,9.40,504,0.00,45.5,0,0,0.00,0.00,0.00,12.00,0.00,0.00,0,0,0.00,0,0.00
2026-03-29 15:34:43,1736.72,0,0,0,0,0,0,0,0.55,0,1.00,3.38,1.81,2.68,1.00,D,0.00,12.00,12.00,12.00,0.71,^,0.00,,15.60,9.50,504,0.00,43.9,0,0,0.00,0.00,0.00,12.00,0.00,0.00,0,0,0.00,0,0.00
2026-03-29 15:34:44,1737.74,0,0,0,0,0,0,0,0.00,0,1.00,3.38,1.81,2.14,0.97,D,0.00,12.00,2.06,12.00,0.56,^,0.00,,13.50,9.50,504,0.00,44.4,0,0,0.00,0.00,0.00,12.00,0.00,0.00,0,0,0.00,0,0.00
2026-03-29 15:34:45,1738.74,0,0,0,0,0,0,0,0.00,0,0.91,3.38,1.81,2.50,0.94,D,0.00,12.00,12.00,12.00,0.54,^,0.00,,18.60,9.50,504,0.00,44.4,0,0,0.00,0.00,0.00,12.00,0.00,0.00,0,0,0.00,0,0.00
2026-03-29 15:34:46,1739.75,0,0,0,0,0,0,0,0.48,0,1.00,3.38,1.81,2.65,1.00,D,0.00,12.00,12.00,12.00,0.70,^,0.00,,15.30,9.50,504,0.00,44.4,0,0,0.00,0.00,0.00,12.00,0.00,0.00,0,0,0.00,0,0.00
2026-03-29 15:34:47,1740.77,0,0,0,0,0,0,0,0.00,0,1.00,3.38,1.81,2.35,1.00,D,0.00,12.00,1.60,12.00,0.83,^,0.00,,12.30,9.80,504,0.00,44.4,0,0,0.00,0.00,0.00,12.00,0.00,0.00,0,0,0.00,0,0.00
2026-03-29 15:34:48,1741.77,0,0,0,0,0,0,0,0.00,0,1.00,3.38,1.81,2.64,1.00,D,0.00,12.00,12.00,12.00,0.63,^,0.00,,16.00,9.50,504,0.00,46.1,0,0,0.00,0.00,0.00,12.00,0.00,0.00,0,0,0.00,0,0.00
2026-03-29 15:34:49,1742.78,0,0,0,0,0,0,0,0.16,0,1.00,3.38,1.81,2.60,1.00,D,0.00,12.00,12.00,12.00,0.55,^,0.00,,11.80,9.70,504,0.00,44.4,0,0,0.00,0.00,0.00,12.00,0.00,0.00,0,0,0.00,0,0.00
2026-03-29 15:34:50,1743.79,0,0,0,0,0,0,0,0.00,0,1.00,3.38,1.81,2.54,1.00,D,0.00,12.00,1.81,12.00,0.62,^,0.00,,19.40,9.70,504,0.00,46.1,0,0,0.00,0.00,0.00,12.00,0.00,0.00,0,0,0.00,0,0.00
2026-03-29 15:34:51,1744.80,0,0,0,0,0,0,0,1.00,0,1.00,3.38,1.81,2.63,1.00,D,0.00,12.00,12.00,12.00,0.42,^,0.00,,15.40,9.60,504,0.00,43.9,0,0,0.00,0.00,0.00,12.00,0.00,0.00,0,0,0.00,0,0.00
2026-03-29 15:34:52,1745.80,0,0,0,0,0,0,0,0.00,0,1.00,3.38,1.81,2.66,1.00,D,0.00,12.00,1.73,12.00,0.32,^,0.00,,12.30,9.60,504,0.00,45.0,0,0,0.00,0.00,0.00,12.00,0.00,0.00,0,0,0.00,0,0.00
2026-03-29 15:34:53,1746.82,0,0,0,0,0,0,0,0.00,0,1.00,3.38,1.81,2.52,1.00,D,0.00,12.00,1.30,12.00,0.60,^,0.00,,17.60,9.80,504,0.00,45.0,0,0,0.00,0.00,0.00,12.00,0.00,0.00,0,0,0.00,0,0.00
2026-03-29 15:34:54,1747.82,0,0,0,0,0,0,0,0.00,0,1.00,3.38,1.81,2.53,1.00,D,0.00,12.00,1.25,12.00,0.83,^,0.00,,13.40,9.70,504,0.00,43.9,0,0,0.00,0.00,0.00,12.00,0.00,0.00,0,0,0.00,0,0.00
2026-03-29 15:34:55,1748.83,0,0,0,0,0,0,0,0.50,0,1.00,3.38,1.81,2.63,1.00,D,0.00,12.00,1.18,12.00,0.76,^,0.00,,12.10,9.70,504,0.00,43.9,0,0,0.00,0.00,0.00,12.00,0.00,0.00,0,0,0.00,0,0.00
2026-03-29 15:34:56,1749.83,0,0,0,0,0,0,0,1.00,0,1.00,3.38,1.81,2.65,1.00,D,0.00,12.00,1.37,0.67,0.75,^,0.00,,17.70,9.80,504,0.00,44.4,0,0,0.00,0.00,0.00,12.00,0.00,0.00,0,0,0.00,0,0.00
2026-03-29 15:34:57,1750.85,0,0,0,0,0,0,0,0.00,0,1.00,3.38,1.81,2.58,1.00,D,0.00,12.00,1.28,12.00,0.66,^,0.00,,13.90,9.70,504,0.00,45.5,0,0,0.00,0.00,0.00,12.00,0.00,0.00,0,0,0.00,0,0.00
2026-03-29 15:34:58,1751.86,0,0,0,0,0,0,0,0.00,0,1.00,3.38,1.81,2.47,1.00,D,0.00,12.00,1.53,0.57,0.51,^,0.00,,17.30,9.70,504,0.00,45.5,0,0,0.00,0.00,0.00,12.00,0.00,0.00,0,0,0.00,0,0.00
2026-03-29 15:34:59,1752.87,0,0,0,0,0,0,0,0.00,0,1.00,3.38,1.81,2.59,1.00,D,0.00,12.00,1.85,12.00,0.53,^,0.00,,13.70,9.70,504,0.00,44.4,0,0,0.00,0.00,0.00,12.00,0.00,0.00,0,0,0.00,0,0.00
2026-03-29 15:35:00,1753.88,0,0,0,0,0,0,0,0.00,0,1.00,3.38,1.81,2.73,1.00,D,0.00,12.00,1.80,12.00,0.54,^,0.00,,12.40,9.60,504,0.00,45.0,0,0,0.00,0.00,0.00,12.00,0.00,0.00,0,0,0.00,0,0.00
2026-03-29 15:35:01,1754.89,0,0,0,0,0,0,0,0.00,0,1.00,3.38,1.81,2.53,1.00,D,0.00,12.00,1.70,12.00,0.39,^,0.00,,15.30,9.20,504,0.00,45.5,0,0,0.00,0.00,0.00,12.00,0.00,0.00,0,0,0.00,0,0.00
2026-03-29 15:35:03,1755.90,0,0,0,0,0,0,0,0.00,0,1.00,3.38,1.81,2.73,1.00,D,0.00,12.00,1.53,12.00,0.47,^,0.00,,9.90,9.50,504,0.00,43.9,0,0,0.00,0.00,0.00,12.00,0.00,0.00,0,0,0.00,0,0.00
2026-03-29 15:35:04,1756.92,0,0,0,0,0,0,0,0.00,0,1.00,3.38,1.81,2.52,1.00,D,0.00,12.00,1.41,12.00,0.72,^,0.00,,12.70,9.60,504,0.00,45.0,0,0,0.00,0.00,0.00,12.00,0.00,0.00,0,0,0.00,0,0.00
2026-03-29 15:35:05,1757.92,0,0,0,0,0,0,0,0.73,0,1.00,3.38,1.81,2.70,1.00,D,0.00,12.00,1.36,12.00,0.72,^,0.00,,12.70,9.60,504,0.00,45.5,0,0,0.00,0.00,0.00,12.00,0.00,0.00,0,0,0.00,0,0.00
2026-03-29 15:35:06,1758.93,0,0,0,0,0,0,0,0.00,0,1.00,3.38,1.82,2.65,1.00,D,0.00,12.00,1.59,0.62,0.58,^,0.00,,10.60,9.70,504,0.00,45.0,0,0,0.00,0.00,0.00,12.00,0.00,0.00,0,0,0.00,0,0.00
2026-03-29 15:35:07,1759.94,0,0,0,0,0,0,0,1.00,0,1.00,3.38,1.82,2.62,1.00,D,0.00,12.00,12.00,0.56,1.70,^,0.00,,16.90,9.70,504,0.00,46.1,0,0,0.00,0.00,0.00,12.00,0.00,0.00,0,0,0.00,0,0.00
2026-03-29 15:35:08,1760.94,0,0,0,0,0,0,0,0.00,0,1.00,3.38,1.82,2.36,1.00,D,0.00,0.87,12.00,12.00,1.38,CAUTION_WARNING,0.00,,9.30,9.30,504,0.00,45.0,0,0,0.00,0.00,0.00,0.87,0.00,0.00,0,0,0.00,0,0.00
2026-03-29 15:35:09,1761.94,0,0,0,0,0,0,0,1.00,0,1.00,3.38,1.82,2.64,1.00,D,0.00,1.04,12.00,12.00,12.00,^,0.00,,10.00,9.50,504,0.00,44.4,0,0,0.00,0.00,0.00,1.04,0.00,0.00,0,0,0.00,0,0.00
2026-03-29 15:35:10,1762.94,0,0,0,0,0,0,0,0.79,0,1.00,3.38,1.82,2.68,1.00,D,0.00,1.40,12.00,1.39,12.00,^,0.00,,15.70,9.60,504,0.00,45.5,0,0,0.00,0.00,0.00,1.40,0.00,0.00,0,0,0.00,0,0.00
2026-03-29 15:35:11,1763.95,0,0,0,0,0,0,0,1.00,0,1.00,3.38,1.82,2.55,1.00,D,0.00,1.68,0.65,1.45,12.00,^,0.00,,11.50,9.60,504,0.00,44.4,0,0,0.00,0.00,0.00,1.68,0.00,0.00,0,0,0.00,0,0.00
2026-03-29 15:35:12,1764.96,0,0,0,0,0,0,0,0.00,0,1.00,3.38,1.82,2.69,1.00,D,0.00,1.38,12.00,12.00,1.05,^,0.00,,14.20,9.40,504,0.00,44.4,0,0,0.00,0.00,0.00,1.38,0.00,0.00,0,0,0.00,0,0.00
2026-03-29 15:35:13,1765.96,0,0,0,0,0,0,0,0.00,0,1.00,3.38,1.82,2.72,1.00,D,0.00,1.40,12.00,12.00,12.00,^,0.00,,14.30,9.50,504,0.00,45.5,0,0,0.00,0.00,0.00,1.40,0.00,0.00,0,0,0.00,0,0.00
2026-03-29 15:35:14,1766.98,0,0,0,0,0,0,0,1.00,0,1.00,3.38,1.82,2.80,1.00,D,0.00,12.00,12.00,1.55,12.00,^,0.00,,13.00,9.60,504,0.00,45.5,0,0,0.00,0.00,0.00,12.00,0.00,0.00,0,0,0.00,0,0.00
2026-03-29 15:35:15,1768.00,0,0,0,0,0,0,0,0.00,0,1.00,3.38,1.82,2.57,1.00,D,0.00,1.66,12.00,12.00,2.28,^,0.00,,14.70,9.60,504,0.00,46.1,0,0,0.00,0.00,0.00,1.66,0.00,0.00,0,0,0.00,0,0.00
2026-03-29 15:35:16,1769.01,0,0,0,0,0,0,0,1.00,0,1.00,3.38,1.82,2.43,1.00,D,0.00,12.00,2.20,1.77,12.00,^,0.00,,11.70,9.60,504,0.00,45.5,0,0,0.00,0.00,0.00,12.00,0.00,0.00,0,0,0.00,0,0.00
2026-03-29 15:35:17,1770.02,0,0,0,0,0,0,0,0.00,0,1.00,3.38,1.82,1.96,1.00,D,0.00,1.99,12.00,12.00,2.21,^,0.00,,12.20,9.40,504,0.00,45.5,0,0,0.00,0.00,0.00,1.99,0.00,0.00,0,0,0.00,0,0.00
2026-03-29 15:35:18,1771.03,0,0,0,0,0,0,0,0.00,0,1.00,3.38,1.82,2.19,1.00,D,0.00,2.14,1.67,12.00,2.31,^,0.00,,14.80,9.30,504,0.00,45.5,0,0,0.00,0.00,0.00,2.14,0.00,0.00,0,0,0.00,0,0.00
2026-03-29 15:35:19,1772.04,0,0,0,0,0,0,0,0.00,0,1.00,3.38,1.82,2.58,1.00,D,0.00,2.21,12.00,12.00,1.49,^,0.00,,12.10,9.40,504,0.00,45.0,0,0,0.00,0.00,0.00,2.21,0.00,0.00,0,0,0.00,0,0.00
2026-03-29 15:35:20,1773.05,0,0,0,0,0,0,0,0.00,0,1.00,3.38,1.82,2.78,1.00,D,0.00,1.91,12.00,12.00,2.05,^,0.00,,13.10,9.50,504,0.00,45.5,0,0,0.00,0.00,0.00,1.91,0.00,0.00,0,0,0.00,0,0.00
2026-03-29 15:35:21,1774.06,0,0,0,0,0,0,0,0.00,0,1.00,3.38,1.82,2.60,1.00,D,0.00,1.77,12.00,12.00,12.00,^,0.00,,15.20,9.50,504,0.00,43.9,0,0,0.00,0.00,0.00,1.77,0.00,0.00,0,0,0.00,0,0.00
2026-03-29 15:35:22,1775.07,0,0,0,0,0,0,0,0.11,0,1.00,3.38,1.82,2.72,1.00,D,0.00,1.65,12.00,12.00,12.00,^,0.00,,9.80,9.30,504,0.00,45.5,0,0,0.00,0.00,0.00,1.65,0.00,0.00,0,0,0.00,0,0.00
2026-03-29 15:35:23,1776.07,0,0,0,0,0,0,0,0.00,0,1.00,3.38,1.82,2.53,1.00,D,0.00,1.68,12.00,12.00,12.00,^,0.00,,16.20,9.30,504,0.00,45.5,0,0,0.00,0.00,0.00,1.68,0.00,0.00,0,0,0.00,0,0.00
2026-03-29 15:35:24,1777.08,0,0,0,0,0,0,0,0.15,0,1.00,3.38,1.82,2.60,1.00,D,0.00,1.72,12.00,12.00,12.00,^,0.00,,12.70,9.40,504,0.00,45.5,0,0,0.00,0.00,0.00,1.72,0.00,0.00,0,0,0.00,0,0.00
2026-03-29 15:35:25,1778.10,0,0,0,0,0,0,0,0.00,0,1.00,3.38,1.82,2.64,1.00,D,0.00,2.23,1.89,12.00,12.00,^,0.00,,16.50,9.60,504,0.00,46.1,0,0,0.00,0.00,0.00,2.23,0.00,0.00,0,0,0.00,0,0.00
2026-03-29 15:35:26,1779.10,0,0,0,0,0,0,0,0.00,0,1.00,3.38,1.82,2.72,1.00,D,0.00,1.92,12.00,12.00,12.00,^,0.00,,15.10,9.70,504,0.00,45.5,0,0,0.00,0.00,0.00,1.92,0.00,0.00,0,0,0.00,0,0.00
2026-03-29 15:35:27,1780.10,0,0,0,0,0,0,0,0.12,0,1.00,3.38,1.82,2.71,1.00,D,0.00,2.13,12.00,12.00,12.00,^,0.00,,10.80,9.60,504,0.00,43.9,0,0,0.00,0.00,0.00,2.13,0.00,0.00,0,0,0.00,0,0.00
2026-03-29 15:35:28,1781.13,0,0,0,0,0,0,0,0.91,0,1.00,3.38,1.82,2.49,1.00,D,0.00,1.89,12.00,12.00,12.00,^,0.00,,15.40,9.50,504,0.00,46.1,0,0,0.00,0.00,0.00,1.89,0.00,0.00,0,0,0.00,0,0.00
2026-03-29 15:35:29,1782.13,0,0,0,0,0,0,0,0.00,0,1.00,3.38,1.82,2.68,1.00,D,0.00,2.03,2.02,12.00,12.00,^,0.00,,14.50,9.60,504,0.00,44.4,0,0,0.00,0.00,0.00,2.03,0.00,0.00,0,0,0.00,0,0.00
2026-03-29 15:35:30,1783.14,0,0,0,0,0,0,0,0.00,0,1.00,3.38,1.83,2.40,1.00,D,0.00,12.00,2.24,12.00,12.00,^,0.00,,10.40,9.60,504,0.00,45.0,0,0,0.00,0.00,0.00,12.00,0.00,0.00,0,0,0.00,0,0.00
2026-03-29 15:35:31,1784.15,0,0,0,0,0,0,0,0.00,0,1.00,3.38,1.83,2.73,1.00,D,0.00,12.00,12.00,12.00,12.00,^,0.00,,12.10,9.70,504,0.00,43.9,0,0,0.00,0.00,0.00,12.00,0.00,0.00,0,0,0.00,0,0.00
2026-03-29 15:35:32,1785.16,0,0,0,0,0,0,0,-0.25,0,1.00,3.38,1.83,2.78,1.00,D,0.00,12.00,12.00,12.00,12.00,^,0.00,,13.30,9.70,504,0.00,45.5,0,0,0.00,0.00,0.00,12.00,0.00,0.00,0,0,0.00,0,0.00
2026-03-29 15:35:33,1786.17,0,0,0,0,0,0,0,1.00,0,1.00,3.38,1.83,2.19,1.00,D,0.00,12.00,12.00,12.00,12.00,^,0.00,,13.00,9.70,504,0.00,45.5,0,0,0.00,0.00,0.00,12.00,0.00,0.00,0,0,0.00,0,0.00
2026-03-29 15:35:34,1787.17,0,0,0,0,0,0,0,1.00,0,1.00,3.38,1.83,2.70,1.00,D,0.00,12.00,2.26,12.00,2.28,^,0.00,,16.00,9.70,504,0.00,45.0,0,0,0.00,0.00,0.00,12.00,0.00,0.00,0,0,0.00,0,0.00
2026-03-29 15:35:35,1788.18,0,0,0,0,0,0,0,0.00,0,1.00,3.38,1.83,2.80,1.00,D,0.00,12.00,12.00,12.00,2.48,^,0.00,,11.10,9.60,504,0.00,45.0,0,0,0.00,0.00,0.00,12.00,0.00,0.00,0,0,0.00,0,0.00
2026-03-29 15:35:36,1789.20,0,0,0,0,0,0,0,-0.40,0,1.00,3.38,1.83,2.59,1.00,D,0.00,12.00,12.00,12.00,12.00,^,0.00,,19.30,9.60,504,0.00,45.0,0,0,0.00,0.00,0.00,12.00,0.00,0.00,0,0,0.00,0,0.00
2026-03-29 15:35:37,1790.20,0,0,0,0,0,0,0,0.00,0,1.00,3.38,1.83,2.86,1.00,D,0.00,12.00,12.00,12.00,12.00,^,0.00,,19.10,9.50,504,0.00,43.9,0,0,0.00,0.00,0.00,12.00,0.00,0.00,0,0,0.00,0,0.00
2026-03-29 15:35:38,1791.22,0,0,0,0,0,0,0,0.00,0,1.00,3.38,1.83,2.71,1.00,D,0.00,12.00,12.00,12.00,12.00,^,0.00,,9.50,9.50,504,0.00,44.4,0,0,0.00,0.00,0.00,12.00,0.00,0.00,0,0,0.00,0,0.00
2026-03-29 15:35:39,1792.22,0,0,0,0,0,0,0,0.00,0,1.00,3.38,1.83,2.76,1.00,D,0.00,12.00,12.00,12.00,12.00,^,0.00,,15.60,9.50,504,0.00,45.5,0,0,0.00,0.00,0.00,12.00,0.00,0.00,0,0,0.00,0,0.00
2026-03-29 15:35:40,1793.22,0,0,0,0,0,0,0,1.00,0,1.00,3.38,1.83,2.37,1.00,D,0.00,12.00,12.00,12.00,12.00,^,0.00,,13.60,9.30,504,0.00,43.9,0,0,0.00,0.00,0.00,12.00,0.00,0.00,0,0,0.00,0,0.00
2026-03-29 15:35:41,1794.23,0,0,0,0,0,0,0,1.00,0,1.00,3.38,1.83,2.80,1.00,D,0.00,12.00,12.00,12.00,12.00,^,0.00,,12.40,9.40,504,0.00,43.9,0,0,0.00,0.00,0.00,12.00,0.00,0.00,0,0,0.00,0,0.00
2026-03-29 15:35:42,1795.23,0,0,0,0,0,0,0,1.00,0,1.00,3.38,1.83,2.47,1.00,D,0.00,12.00,1.64,12.00,1.63,^,0.00,,18.20,9.50,504,0.00,45.5,0,0,0.00,0.00,0.00,12.00,0.00,0.00,0,0,0.00,0,0.00
2026-03-29 15:35:43,1796.24,0,0,0,0,0,0,0,0.70,0,1.00,3.38,1.83,2.83,1.00,D,0.00,12.00,12.00,12.00,2.13,^,0.00,,13.80,9.60,504,0.00,43.9,0,0,0.00,0.00,0.00,12.00,0.00,0.00,0,0,0.00,0,0.00
2026-03-29 15:35:44,1797.25,0,0,0,0,0,0,0,0.00,0,1.00,3.38,1.83,2.41,1.00,D,0.00,12.00,12.00,12.00,12.00,^,0.00,,19.30,9.60,504,0.00,45.0,0,0,0.00,0.00,0.00,12.00,0.00,0.00,0,0,0.00,0,0.00
2026-03-29 15:35:45,1798.26,0,0,0,0,0,0,0,0.00,0,1.00,3.38,1.83,2.56,1.00,D,0.00,2.25,12.00,12.00,12.00,^,0.00,,14.00,9.60,504,0.00,43.9,0,0,0.00,0.00,0.00,2.25,0.00,0.00,0,0,0.00,0,0.00
2026-03-29 15:35:46,1799.27,0,0,0,0,0,0,0,0.00,0,1.00,3.38,1.83,2.87,1.00,D,0.00,2.13,12.00,12.00,12.00,^,0.00,,11.70,9.50,504,0.00,45.5,0,0,0.00,0.00,0.00,2.13,0.00,0.00,0,0,0.00,0,0.00
2026-03-29 15:35:47,1800.28,0,0,0,0,0,0,0,0.00,0,1.00,3.38,1.83,2.59,1.00,D,0.00,2.21,12.00,12.00,12.00,^,0.00,,20.50,9.50,504,0.00,44.4,0,0,0.00,0.00,0.00,2.21,0.00,0.00,0,0,0.00,0,0.00
2026-03-29 15:35:48,1801.29,0,0,0,0,0,0,0,0.00,0,1.00,3.38,1.83,2.57,0.91,D,0.00,2.23,1.89,12.00,12.00,^,0.00,,20.50,9.50,504,0.00,44.4,0,0,0.00,0.00,0.00,2.23,0.00,0.00,0,0,0.00,0,0.00
2026-03-29 15:35:49,1802.30,0,0,0,0,0,0,0,1.00,0,1.00,3.38,1.83,2.74,1.00,D,0.00,1.44,12.00,12.00,12.00,^,0.00,,14.40,9.50,504,0.00,43.3,0,0,0.00,0.00,0.00,1.44,0.00,0.00,0,0,0.00,0,0.00
2026-03-29 15:35:50,1803.31,0,0,0,0,0,0,0,1.00,0,1.00,3.38,1.83,2.63,1.00,D,0.00,0.51,0.53,12.00,12.00,CAUTION_WARNING,0.00,,16.30,9.50,504,0.00,45.0,0,0,0.00,0.00,0.00,0.51,0.00,0.00,0,0,0.00,0,0.00
2026-03-29 15:35:51,1804.32,0,0,0,0,0,0,0,0.00,0,1.00,3.38,1.83,2.53,1.00,D,0.00,12.00,12.00,12.00,0.56,^,0.00,,13.10,9.40,504,0.00,43.9,0,0,0.00,0.00,0.00,12.00,0.00,0.00,0,0,0.00,0,0.00
2026-03-29 15:35:52,1805.34,0,0,0,0,0,0,0,0.00,0,1.00,3.38,1.84,2.61,1.00,D,0.00,12.00,1.68,12.00,1.12,^,0.00,,17.80,9.40,504,0.00,44.4,0,0,0.00,0.00,0.00,12.00,0.00,0.00,0,0,0.00,0,0.00
2026-03-29 15:35:53,1806.35,0,0,0,0,0,0,0,0.00,0,1.00,3.38,1.84,2.72,1.00,D,0.00,12.00,12.00,12.00,1.04,^,0.00,,13.30,9.50,504,0.00,45.0,0,0,0.00,0.00,0.00,12.00,0.00,0.00,0,0,0.00,0,0.00
2026-03-29 15:35:54,1807.35,0,0,0,0,0,0,0,0.19,0,1.00,3.38,1.84,2.57,1.00,D,0.00,12.00,12.00,12.00,0.94,^,0.00,,15.30,9.40,504,0.00,43.3,0,0,0.00,0.00,0.00,12.00,0.00,0.00,0,0,0.00,0,0.00
2026-03-29 15:35:55,1808.35,0,0,0,0,0,0,0,0.00,0,1.00,3.38,1.84,2.78,1.00,D,0.00,12.00,12.00,12.00,0.89,^,0.00,,16.90,9.40,504,0.00,45.0,0,0,0.00,0.00,0.00,12.00,0.00,0.00,0,0,0.00,0,0.00
2026-03-29 15:35:56,1809.37,0,0,0,0,0,0,0,0.00,0,1.00,3.38,1.84,2.31,1.00,D,0.00,12.00,2.31,12.00,0.97,^,0.00,,9.90,9.40,504,0.00,42.8,0,0,0.00,0.00,0.00,12.00,0.00,0.00,0,0,0.00,0,0.00
2026-03-29 15:35:57,1810.38,0,0,0,0,0,0,0,0.00,0,1.00,3.38,1.84,2.85,1.00,D,0.00,12.00,12.00,12.00,0.96,^,0.00,,11.80,9.40,504,0.00,45.5,0,0,0.00,0.00,0.00,12.00,0.00,0.00,0,0,0.00,0,0.00
2026-03-29 15:35:58,1811.38,0,0,0,0,0,0,0,1.00,0,1.00,3.38,1.84,2.49,1.00,D,0.00,12.00,12.00,12.00,0.82,^,0.00,,14.10,9.40,504,0.00,44.4,0,0,0.00,0.00,0.00,12.00,0.00,0.00,0,0,0.00,0,0.00
2026-03-29 15:35:59,1812.40,0,0,0,0,0,0,0,0.00,0,1.00,3.38,1.84,2.15,1.00,D,0.00,12.00,12.00,12.00,0.62,^,0.00,,7.20,9.60,504,0.00,43.3,0,0,0.00,0.00,0.00,12.00,0.00,0.00,0,0,0.00,0,0.00
2026-03-29 15:36:00,1813.41,0,0,0,0,0,0,0,1.00,0,1.00,3.38,1.84,2.71,1.00,D,0.00,12.00,12.00,12.00,0.80,^,0.00,,16.50,9.60,504,0.00,45.5,0,0,0.00,0.00,0.00,12.00,0.00,0.00,0,0,0.00,0,0.00
2026-03-29 15:36:01,1814.42,0,0,0,0,0,0,0,0.29,0,1.00,3.38,1.84,2.58,1.00,D,0.00,12.00,12.00,12.00,0.92,^,0.00,,11.50,9.50,504,0.00,44.4,0,0,0.00,0.00,0.00,12.00,0.00,0.00,0,0,0.00,0,0.00
2026-03-29 15:36:02,1815.42,0,0,0,0,0,0,0,0.84,0,1.00,3.38,1.84,2.81,1.00,D,0.00,12.00,12.00,12.00,0.85,^,0.00,,11.70,9.60,504,0.00,44.4,0,0,0.00,0.00,0.00,12.00,0.00,0.00,0,0,0.00,0,0.00
2026-03-29 15:36:03,1816.43,0,0,0,0,0,0,0,0.00,0,1.00,3.38,1.84,2.61,1.00,D,0.00,12.00,12.00,12.00,0.76,^,0.00,,14.00,9.30,504,0.00,44.4,0,0,0.00,0.00,0.00,12.00,0.00,0.00,0,0,0.00,0,0.00
2026-03-29 15:36:04,1817.45,0,0,0,0,0,0,0,0.00,0,1.00,3.38,1.84,2.61,1.00,D,0.00,12.00,12.00,12.00,0.90,^,0.00,,11.80,9.60,504,0.00,43.3,0,0,0.00,0.00,0.00,12.00,0.00,0.00,0,0,0.00,0,0.00
2026-03-29 15:36:05,1818.46,0,0,0,0,0,0,0,0.00,0,1.00,3.38,1.84,2.86,1.00,D,0.00,12.00,12.00,12.00,1.05,^,0.00,,12.40,9.60,504,0.00,43.9,0,0,0.00,0.00,0.00,12.00,0.00,0.00,0,0,0.00,0,0.00
2026-03-29 15:36:06,1819.58,0,0,0,0,0,0,0,0.00,0,1.00,3.38,1.84,2.83,1.00,D,0.00,12.00,12.00,12.00,1.05,^,0.00,,11.50,9.40,504,0.00,44.4,0,0,0.00,0.00,0.00,12.00,0.00,0.00,0,0,0.00,0,0.00
2026-03-29 15:36:07,1820.48,0,0,0,0,0,0,0,0.00,0,1.00,3.38,1.84,2.66,1.00,D,0.00,12.00,12.00,12.00,0.98,^,0.00,,13.00,9.50,504,0.00,42.8,0,0,0.00,0.00,0.00,12.00,0.00,0.00,0,0,0.00,0,0.00
2026-03-29 15:36:08,1821.48,0,0,0,0,0,0,0,0.99,0,1.00,3.38,1.84,2.90,1.00,D,0.00,12.00,12.00,12.00,0.95,^,0.00,,16.60,9.40,504,0.00,45.0,0,0,0.00,0.00,0.00,12.00,0.00,0.00,0,0,0.00,0,0.00
2026-03-29 15:36:09,1822.50,0,0,0,0,0,0,0,0.00,0,1.00,3.38,1.84,2.70,1.00,D,0.00,12.00,12.00,12.00,0.84,^,0.00,,13.20,9.40,504,0.00,44.4,0,0,0.00,0.00,0.00,12.00,0.00,0.00,0,0,0.00,0,0.00
2026-03-29 15:36:10,1823.50,0,0,0,0,0,0,0,0.51,0,1.00,3.38,1.84,2.59,1.00,D,0.00,12.00,12.00,12.00,0.81,^,0.00,,14.40,9.40,504,0.00,43.3,0,0,0.00,0.00,0.00,12.00,0.00,0.00,0,0,0.00,0,0.00
2026-03-29 15:36:11,1824.51,0,0,0,0,0,0,0,0.00,0,1.00,3.38,1.84,2.59,1.00,D,0.00,12.00,12.00,12.00,0.85,^,0.00,,13.30,9.40,504,0.00,43.9,0,0,0.00,0.00,0.00,12.00,0.00,0.00,0,0,0.00,0,0.00
2026-03-29 15:36:12,1825.52,0,0,0,0,0,0,0,1.00,0,1.00,3.38,1.84,2.72,1.00,D,0.00,12.00,12.00,12.00,0.68,^,0.00,,9.20,9.40,504,0.00,44.4,0,0,0.00,0.00,0.00,12.00,0.00,0.00,0,0,0.00,0,0.00
2026-03-29 15:36:13,1826.53,0,0,0,0,0,0,0,0.00,0,1.00,3.38,1.84,2.66,1.00,D,0.00,12.00,12.00,12.00,0.49,^,0.00,,18.50,9.30,504,0.00,43.9,0,0,0.00,0.00,0.00,12.00,0.00,0.00,0,0,0.00,0,0.00
2026-03-29 15:36:14,1827.55,0,0,0,0,0,0,0,0.00,0,1.00,3.38,1.84,2.71,1.00,D,0.00,12.00,12.00,12.00,0.58,^,0.00,,9.40,9.40,504,0.00,42.8,0,0,0.00,0.00,0.00,12.00,0.00,0.00,0,0,0.00,0,0.00
2026-03-29 15:36:15,1828.56,0,0,0,0,0,0,0,0.00,0,1.00,3.38,1.85,2.62,1.00,D,0.00,12.00,12.00,12.00,0.76,^,0.00,,11.10,9.20,504,0.00,44.4,0,0,0.00,0.00,0.00,12.00,0.00,0.00,0,0,0.00,0,0.00
2026-03-29 15:36:16,1829.57,0,0,0,0,0,0,0,1.00,0,1.00,3.38,1.85,2.71,1.00,D,0.00,12.00,12.00,12.00,0.67,^,0.00,,17.70,9.40,504,0.00,43.9,0,0,0.00,0.00,0.00,12.00,0.00,0.00,0,0,0.00,0,0.00
2026-03-29 15:36:17,1830.59,0,0,0,0,0,0,0,0.00,0,1.00,3.38,1.85,2.57,1.00,D,0.00,12.00,12.00,12.00,0.54,^,0.00,,11.50,9.40,504,0.00,42.8,0,0,0.00,0.00,0.00,12.00,0.00,0.00,0,0,0.00,0,0.00
2026-03-29 15:36:18,1831.60,0,0,0,0,0,0,0,1.00,0,1.00,3.38,1.85,2.65,1.00,D,0.00,12.00,12.00,12.00,0.46,^,0.00,,15.20,9.30,504,0.00,43.9,0,0,0.00,0.00,0.00,12.00,0.00,0.00,0,0,0.00,0,0.00
2026-03-29 15:36:19,1832.61,0,0,0,0,0,0,0,1.00,1,0.00,3.38,1.85,1.85,0.00,D,0.00,12.00,12.00,12.00,0.37,^,0.00,,15.20,9.30,504,0.00,43.3,0,0,0.00,0.00,0.00,12.00,0.00,0.00,0,0,0.00,0,0.00
2026-03-29 15:36:20,1833.63,0,0,0,0,0,0,0,0.00,1,0.00,3.38,1.85,0.56,0.00,D,0.00,12.00,12.00,12.00,0.33,^,0.00,,8.70,9.20,504,0.00,43.3,0,0,0.00,0.00,0.00,12.00,0.00,0.00,0,0,0.00,0,0.00
2026-03-29 15:36:21,1834.64,0,0,0,0,0,0,0,0.00,0,1.00,3.38,1.85,0.00,0.05,D,0.00,12.00,12.00,12.00,0.28,^,0.00,,14.20,9.20,504,0.62,42.8,0,0,0.00,0.00,0.00,12.00,0.00,0.00,0,0,0.00,0,0.00
2026-03-29 15:36:22,1835.65,0,0,0,0,0,0,0,0.00,0,1.00,3.38,1.84,0.17,0.55,D,0.00,12.00,0.33,12.00,0.29,^,0.00,,9.60,9.30,504,0.00,44.4,0,0,0.00,0.00,0.00,12.00,0.00,0.00,0,0,0.00,0,0.00
2026-03-29 15:36:23,1836.66,0,0,0,0,0,0,0,0.31,0,1.00,3.38,1.84,1.85,1.00,D,0.00,12.00,12.00,12.00,0.41,^,0.00,,19.50,9.30,504,0.00,45.0,0,0,0.00,0.00,0.00,12.00,0.00,0.00,0,0,0.00,0,0.00
2026-03-29 15:36:24,1837.65,0,0,0,0,0,0,0,0.00,0,1.00,3.38,1.84,2.37,1.00,D,0.00,12.00,12.00,12.00,0.77,^,0.00,,18.30,9.40,504,0.00,45.5,0,0,0.00,0.00,0.00,12.00,0.00,0.00,0,0,0.00,0,0.00
2026-03-29 15:36:25,1838.67,0,0,0,0,0,0,0,0.00,0,1.00,3.38,1.84,2.42,1.00,D,0.00,12.00,12.00,12.00,1.06,^,0.00,,13.60,9.30,504,0.00,42.8,0,0,0.00,0.00,0.00,12.00,0.00,0.00,0,0,0.00,0,0.00
2026-03-29 15:36:26,1839.68,0,0,0,0,0,0,0,1.00,0,1.00,3.38,1.85,2.52,1.00,D,0.00,2.03,12.00,12.00,0.95,^,0.00,,15.60,9.20,504,0.00,45.0,0,0,0.00,0.00,0.00,2.03,0.00,0.00,0,0,0.00,0,0.00
2026-03-29 15:36:27,1840.70,0,0,0,0,0,0,0,0.00,0,1.00,3.38,1.85,2.40,1.00,D,0.00,12.00,12.00,12.00,0.84,^,0.00,,13.10,9.30,504,0.00,43.9,0,0,0.00,0.00,0.00,12.00,0.00,0.00,0,0,0.00,0,0.00
2026-03-29 15:36:28,1841.70,0,0,0,0,0,0,0,1.00,0,1.00,3.38,1.85,2.34,1.00,D,0.00,12.00,12.00,12.00,0.86,^,0.00,,17.60,9.30,504,0.00,43.3,0,0,0.00,0.00,0.00,12.00,0.00,0.00,0,0,0.00,0,0.00
2026-03-29 15:36:29,1842.72,0,0,0,0,0,0,0,0.00,0,1.00,3.38,1.85,2.11,1.00,D,0.00,12.00,12.00,12.00,0.59,^,0.00,,15.00,9.30,504,0.00,43.3,0,0,0.00,0.00,0.00,12.00,0.00,0.00,0,0,0.00,0,0.00
2026-03-29 15:36:30,1843.70,0,0,0,0,0,0,0,0.00,0,1.00,3.38,1.85,2.58,1.00,D,0.00,12.00,12.00,12.00,0.78,^,0.00,,12.70,9.30,504,0.00,43.9,0,0,0.00,0.00,0.00,12.00,0.00,0.00,0,0,0.00,0,0.00
2026-03-29 15:36:31,1844.72,0,0,0,0,0,0,0,0.00,0,1.00,3.38,1.85,2.22,1.00,D,0.00,12.00,12.00,12.00,0.60,^,0.00,,16.80,9.40,504,0.00,45.5,0,0,0.00,0.00,0.00,12.00,0.00,0.00,0,0,0.00,0,0.00
2026-03-29 15:36:32,1845.73,0,0,0,0,0,0,0,0.00,0,1.00,3.38,1.85,2.75,1.00,D,0.00,12.00,12.00,12.00,0.60,^,0.00,,11.30,9.40,504,0.00,43.3,0,0,0.00,0.00,0.00,12.00,0.00,0.00,0,0,0.00,0,0.00
2026-03-29 15:36:33,1846.73,0,0,0,0,0,0,0,1.00,0,1.00,3.38,1.85,2.44,1.00,D,0.00,12.00,12.00,12.00,0.89,^,0.00,,11.70,9.40,504,0.00,43.9,0,0,0.00,0.00,0.00,12.00,0.00,0.00,0,0,0.00,0,0.00
2026-03-29 15:36:34,1847.75,0,0,0,0,0,0,0,0.00,0,1.00,3.38,1.85,2.78,1.00,D,0.00,12.00,12.00,12.00,0.75,^,0.00,,14.70,9.50,504,0.00,43.3,0,0,0.00,0.00,0.00,12.00,0.00,0.00,0,0,0.00,0,0.00
2026-03-29 15:36:35,1848.76,0,0,0,0,0,0,0,0.00,0,1.00,3.38,1.85,2.61,1.00,D,0.00,12.00,12.00,12.00,0.61,^,0.00,,13.60,9.30,504,0.00,44.4,0,0,0.00,0.00,0.00,12.00,0.00,0.00,0,0,0.00,0,0.00
2026-03-29 15:36:36,1849.78,0,0,0,0,0,0,0,1.00,0,1.00,3.38,1.85,2.78,1.00,D,0.00,12.00,12.00,12.00,0.53,^,0.00,,15.10,9.50,504,0.00,44.4,0,0,0.00,0.00,0.00,12.00,0.00,0.00,0,0,0.00,0,0.00
2026-03-29 15:36:37,1850.78,0,0,0,0,0,0,0,0.00,0,1.00,3.38,1.85,2.68,1.00,D,0.00,12.00,1.83,12.00,0.44,^,0.00,,15.20,9.50,504,0.00,43.3,0,0,0.00,0.00,0.00,12.00,0.00,0.00,0,0,0.00,0,0.00
2026-03-29 15:36:38,1851.78,0,0,0,0,0,0,0,1.00,0,1.00,3.38,1.85,2.76,1.00,D,0.00,12.00,1.70,12.00,0.67,^,0.00,,11.10,9.50,504,0.00,43.9,0,0,0.00,0.00,0.00,12.00,0.00,0.00,0,0,0.00,0,0.00
2026-03-29 15:36:39,1852.79,0,0,0,0,0,0,0,0.00,0,1.00,3.38,1.85,2.67,1.00,D,0.00,12.00,1.28,12.00,0.86,^,0.00,,17.30,9.50,504,0.00,45.5,0,0,0.00,0.00,0.00,12.00,0.00,0.00,0,0,0.00,0,0.00
2026-03-29 15:36:40,1853.80,0,0,0,0,0,0,0,0.00,0,1.00,3.38,1.85,2.26,1.00,D,0.00,12.00,12.00,12.00,1.00,^,0.00,,10.30,9.40,504,0.00,43.3,0,0,0.00,0.00,0.00,12.00,0.00,0.00,0,0,0.00,0,0.00
2026-03-29 15:36:41,1854.82,0,0,0,0,0,0,0,0.00,0,1.00,3.38,1.85,2.57,1.00,D,0.00,12.00,12.00,12.00,0.79,^,0.00,,13.60,9.70,504,0.00,43.9,0,0,0.00,0.00,0.00,12.00,0.00,0.00,0,0,0.00,0,0.00
2026-03-29 15:36:42,1855.83,0,0,0,0,0,0,0,1.00,0,1.00,3.38,1.85,2.43,0.89,D,0.00,12.00,12.00,12.00,0.46,^,0.00,,21.30,9.60,504,0.00,44.4,0,0,0.00,0.00,0.00,12.00,0.00,0.00,0,0,0.00,0,0.00
2026-03-29 15:36:43,1856.84,0,0,0,0,0,0,0,0.00,0,0.98,3.38,1.85,2.65,0.83,D,0.00,12.00,12.00,12.00,0.76,^,0.00,,12.30,9.60,504,0.00,44.4,0,0,0.00,0.00,0.00,12.00,0.00,0.00,0,0,0.00,0,0.00
2026-03-29 15:36:44,1857.85,0,0,0,0,0,0,0,1.00,0,1.00,3.38,1.85,2.29,1.00,D,0.00,12.00,12.00,12.00,0.74,^,0.00,,15.60,9.60,504,0.00,45.0,0,0,0.00,0.00,0.00,12.00,0.00,0.00,0,0,0.00,0,0.00
2026-03-29 15:36:45,1858.86,0,0,0,0,0,0,0,0.00,0,1.00,3.38,1.85,2.60,1.00,D,0.00,12.00,12.00,12.00,1.03,^,0.00,,13.20,9.50,504,0.00,43.9,0,0,0.00,0.00,0.00,12.00,0.00,0.00,0,0,0.00,0,0.00
2026-03-29 15:36:46,1859.87,0,0,0,0,0,0,0,0.90,0,1.00,3.38,1.85,2.56,1.00,D,0.00,12.00,12.00,12.00,0.87,^,0.00,,13.80,9.70,504,0.00,42.8,0,0,0.00,0.00,0.00,12.00,0.00,0.00,0,0,0.00,0,0.00
2026-03-29 15:36:47,1860.88,0,0,0,0,0,0,0,1.00,0,1.00,3.38,1.85,2.77,1.00,D,0.00,12.00,12.00,12.00,0.72,^,0.00,,16.30,9.60,504,0.00,43.3,0,0,0.00,0.00,0.00,12.00,0.00,0.00,0,0,0.00,0,0.00
2026-03-29 15:36:49,1861.90,0,0,0,0,0,0,0,0.00,0,1.00,3.38,1.85,2.73,1.00,D,0.00,12.00,12.00,12.00,0.55,^,0.00,,12.70,9.60,504,0.00,44.4,0,0,0.00,0.00,0.00,12.00,0.00,0.00,0,0,0.00,0,0.00
2026-03-29 15:36:50,1862.91,0,0,0,0,0,0,0,0.00,0,1.00,3.38,1.85,2.65,1.00,D,0.00,12.00,12.00,12.00,0.57,^,0.00,,15.70,9.50,504,0.00,43.3,0,0,0.00,0.00,0.00,12.00,0.00,0.00,0,0,0.00,0,0.00
2026-03-29 15:36:51,1863.92,0,0,0,0,0,0,0,0.00,0,1.00,3.38,1.85,2.65,1.00,D,0.00,12.00,12.00,12.00,0.78,^,0.00,,15.30,9.30,504,0.00,43.9,0,0,0.00,0.00,0.00,12.00,0.00,0.00,0,0,0.00,0,0.00
2026-03-29 15:36:52,1864.94,0,0,0,0,0,0,0,1.00,0,1.00,3.38,1.85,2.63,1.00,D,0.00,12.00,12.00,12.00,0.65,^,0.00,,12.90,9.70,504,0.00,43.9,0,0,0.00,0.00,0.00,12.00,0.00,0.00,0,0,0.00,0,0.00
2026-03-29 15:36:53,1865.95,0,0,0,0,0,0,0,0.00,0,1.00,3.38,1.86,2.61,1.00,D,0.00,12.00,12.00,12.00,0.59,^,0.00,,20.40,9.60,504,0.00,44.4,0,0,0.00,0.00,0.00,12.00,0.00,0.00,0,0,0.00,0,0.00
2026-03-29 15:36:54,1866.96,0,0,0,0,0,0,0,0.00,0,1.00,3.38,1.86,2.66,1.00,D,0.00,12.00,12.00,12.00,0.79,^,0.00,,17.30,9.60,504,0.00,43.3,0,0,0.00,0.00,0.00,12.00,0.00,0.00,0,0,0.00,0,0.00
2026-03-29 15:36:55,1867.96,0,0,0,0,0,0,0,0.00,0,1.00,3.38,1.86,2.62,1.00,D,0.00,12.00,12.00,12.00,0.78,^,0.00,,14.40,9.40,504,0.00,44.4,0,0,0.00,0.00,0.00,12.00,0.00,0.00,0,0,0.00,0,0.00
2026-03-29 15:36:56,1868.97,0,0,0,0,0,0,0,0.17,0,1.00,3.38,1.86,2.60,1.00,D,0.00,12.00,12.00,12.00,0.69,^,0.00,,18.40,9.50,504,0.00,44.4,0,0,0.00,0.00,0.00,12.00,0.00,0.00,0,0,0.00,0,0.00
2026-03-29 15:36:57,1869.97,0,0,0,0,0,0,0,0.00,0,1.00,3.38,1.86,2.29,1.00,D,0.00,12.00,12.00,12.00,0.46,^,0.00,,12.30,9.60,504,0.00,43.9,0,0,0.00,0.00,0.00,12.00,0.00,0.00,0,0,0.00,0,0.00
2026-03-29 15:36:58,1870.99,0,0,0,0,0,0,0,0.00,0,1.00,3.38,1.86,2.45,1.00,D,0.00,12.00,12.00,12.00,0.58,^,0.00,,16.70,9.60,504,0.00,45.5,0,0,0.00,0.00,0.00,12.00,0.00,0.00,0,0,0.00,0,0.00
2026-03-29 15:36:59,1871.98,0,0,0,0,0,0,0,1.00,0,1.00,3.38,1.86,2.77,1.00,D,0.00,12.00,12.00,12.00,0.83,^,0.00,,14.60,9.80,504,0.00,43.3,0,0,0.00,0.00,0.00,12.00,0.00,0.00,0,0,0.00,0,0.00
2026-03-29 15:37:00,1873.00,0,0,0,0,0,0,0,0.00,0,1.00,3.38,1.86,2.66,1.00,D,0.00,12.00,12.00,12.00,0.64,^,0.00,,12.10,9.60,504,0.00,43.9,0,0,0.00,0.00,0.00,12.00,0.00,0.00,0,0,0.00,0,0.00
2026-03-29 15:37:01,1874.01,0,0,0,0,0,0,0,0.00,0,1.00,3.38,1.86,2.74,1.00,D,0.00,12.00,1.47,12.00,0.61,^,0.00,,15.20,9.70,504,0.00,44.4,0,0,0.00,0.00,0.00,12.00,0.00,0.00,0,0,0.00,0,0.00
2026-03-29 15:37:02,1875.01,0,0,0,0,0,0,0,1.00,0,1.00,3.38,1.86,2.23,1.00,D,0.00,12.00,0.73,12.00,0.64,^,0.00,,13.10,9.60,504,0.00,44.4,0,0,0.00,0.00,0.00,12.00,0.00,0.00,0,0,0.00,0,0.00
2026-03-29 15:37:03,1876.03,0,0,0,0,0,0,0,-0.32,0,1.00,3.38,1.86,2.67,1.00,D,0.00,12.00,12.00,12.00,0.68,^,0.00,,13.60,9.50,504,0.00,43.9,0,0,0.00,0.00,0.00,12.00,0.00,0.00,0,0,0.00,0,0.00
2026-03-29 15:37:04,1877.04,0,0,0,0,0,0,0,0.99,0,1.00,3.38,1.86,2.73,1.00,D,0.00,12.00,12.00,12.00,0.61,^,0.00,,21.30,9.50,504,0.00,44.4,0,0,0.00,0.00,0.00,12.00,0.00,0.00,0,0,0.00,0,0.00
2026-03-29 15:37:05,1878.06,0,0,0,0,0,0,0,0.00,0,1.00,3.38,1.86,2.57,1.00,D,0.00,12.00,12.00,12.00,0.60,^,0.00,,14.20,9.40,504,0.00,43.9,0,0,0.00,0.00,0.00,12.00,0.00,0.00,0,0,0.00,0,0.00
2026-03-29 15:37:06,1879.07,0,0,0,0,0,0,0,0.00,0,1.00,3.38,1.86,2.61,1.00,D,0.00,12.00,12.00,12.00,0.79,^,0.00,,15.80,9.50,504,0.00,45.0,0,0,0.00,0.00,0.00,12.00,0.00,0.00,0,0,0.00,0,0.00
2026-03-29 15:37:07,1880.07,0,0,0,0,0,0,0,0.92,0,1.00,3.38,1.86,2.52,1.00,D,0.00,12.00,12.00,12.00,0.62,^,0.00,,19.40,9.40,504,0.00,42.2,0,0,0.00,0.00,0.00,12.00,0.00,0.00,0,0,0.00,0,0.00
2026-03-29 15:37:08,1881.09,0,0,0,0,0,0,0,0.00,0,1.00,3.38,1.86,2.65,1.00,D,0.00,12.00,12.00,12.00,0.64,^,0.00,,16.70,9.40,504,0.00,43.9,0,0,0.00,0.00,0.00,12.00,0.00,0.00,0,0,0.00,0,0.00
2026-03-29 15:37:09,1882.11,0,0,0,0,0,0,0,1.00,0,1.00,3.38,1.86,2.74,1.00,D,0.00,12.00,1.82,12.00,0.86,^,0.00,,15.80,9.40,504,0.00,44.4,0,0,0.00,0.00,0.00,12.00,0.00,0.00,0,0,0.00,0,0.00
2026-03-29 15:37:10,1883.10,0,0,0,0,0,0,0,0.00,0,1.00,3.38,1.86,2.62,1.00,D,0.00,1.63,1.39,12.00,0.68,^,0.00,,11.40,9.40,504,0.00,43.9,0,0,0.00,0.00,0.00,1.63,0.00,0.00,0,0,0.00,0,0.00
2026-03-29 15:37:11,1884.12,0,0,0,0,0,0,0,0.00,0,1.00,3.38,1.86,1.70,1.00,D,0.00,12.00,1.01,12.00,0.60,^,0.00,,12.40,9.30,504,0.00,44.4,0,0,0.00,0.00,0.00,12.00,0.00,0.00,0,0,0.00,0,0.00
2026-03-29 15:37:12,1885.13,0,0,0,0,0,0,0,0.00,0,1.00,3.38,1.86,2.29,1.00,D,0.00,12.00,0.64,12.00,0.58,^,0.00,,15.00,9.30,504,0.00,42.8,0,0,0.00,0.00,0.00,12.00,0.00,0.00,0,0,0.00,0,0.00
2026-03-29 15:37:13,1886.14,0,0,0,0,0,0,0,0.00,0,1.00,3.38,1.86,2.51,1.00,D,0.00,12.00,1.03,12.00,0.66,^,0.00,,12.00,9.30,504,0.00,44.4,0,0,0.00,0.00,0.00,12.00,0.00,0.00,0,0,0.00,0,0.00
2026-03-29 15:37:14,1887.14,0,0,0,0,0,0,0,0.00,0,1.00,3.38,1.86,2.73,1.00,D,0.00,12.00,12.00,12.00,0.77,^,0.00,,16.10,9.60,504,0.00,43.3,0,0,0.00,0.00,0.00,12.00,0.00,0.00,0,0,0.00,0,0.00
2026-03-29 15:37:15,1888.15,0,0,0,0,0,0,0,0.00,0,1.00,3.38,1.86,2.51,1.00,D,0.00,12.00,12.00,12.00,0.65,^,0.00,,17.50,9.50,504,0.00,43.9,0,0,0.00,0.00,0.00,12.00,0.00,0.00,0,0,0.00,0,0.00
2026-03-29 15:37:16,1889.17,0,0,0,0,0,0,0,0.00,0,1.00,3.38,1.86,2.62,1.00,D,0.00,12.00,2.25,12.00,0.65,^,0.00,,13.60,9.50,504,0.00,43.9,0,0,0.00,0.00,0.00,12.00,0.00,0.00,0,0,0.00,0,0.00
2026-03-29 15:37:17,1890.17,0,0,0,0,0,0,0,1.00,0,1.00,3.38,1.86,2.51,1.00,D,0.00,12.00,1.98,12.00,0.68,^,0.00,,18.30,9.50,504,0.00,44.4,0,0,0.00,0.00,0.00,12.00,0.00,0.00,0,0,0.00,0,0.00
2026-03-29 15:37:18,1891.18,0,0,0,0,0,0,0,0.00,0,1.00,3.38,1.86,2.43,1.00,D,0.00,12.00,2.08,12.00,0.80,^,0.00,,13.50,9.50,504,0.00,43.9,0,0,0.00,0.00,0.00,12.00,0.00,0.00,0,0,0.00,0,0.00
2026-03-29 15:37:19,1892.20,0,0,0,0,0,0,0,0.00,0,1.00,3.38,1.86,2.34,1.00,D,0.00,12.00,1.81,12.00,0.58,^,0.00,,12.90,9.50,504,0.00,45.0,0,0,0.00,0.00,0.00,12.00,0.00,0.00,0,0,0.00,0,0.00
2026-03-29 15:37:20,1893.22,0,0,0,0,0,0,0,0.00,0,1.00,3.38,1.87,2.57,1.00,D,0.00,12.00,2.05,12.00,0.50,^,0.00,,15.50,9.50,504,0.00,42.8,0,0,0.00,0.00,0.00,12.00,0.00,0.00,0,0,0.00,0,0.00
2026-03-29 15:37:21,1894.23,0,0,0,0,0,0,0,0.16,0,1.00,3.38,1.87,2.71,1.00,D,0.00,12.00,2.08,12.00,0.60,^,0.00,,10.50,9.50,504,0.00,43.3,0,0,0.00,0.00,0.00,12.00,0.00,0.00,0,0,0.00,0,0.00
2026-03-29 15:37:22,1895.24,0,0,0,0,0,0,0,1.00,0,1.00,3.38,1.87,2.63,1.00,D,0.00,12.00,2.03,12.00,0.84,^,0.00,,18.30,9.10,504,0.00,44.4,0,0,0.00,0.00,0.00,12.00,0.00,0.00,0,0,0.00,0,0.00
2026-03-29 15:37:23,1896.26,0,0,0,0,0,0,0,1.00,0,1.00,3.38,1.87,2.67,1.00,D,0.00,12.00,1.55,12.00,0.66,^,0.00,,13.00,9.50,504,0.00,43.9,0,0,0.00,0.00,0.00,12.00,0.00,0.00,0,0,0.00,0,0.00
2026-03-29 15:37:24,1897.27,0,0,0,0,0,0,0,1.00,0,1.00,3.38,1.87,2.64,1.00,D,0.00,12.00,1.50,12.00,0.47,^,0.00,,12.10,9.40,504,0.00,43.9,0,0,0.00,0.00,0.00,12.00,0.00,0.00,0,0,0.00,0,0.00
2026-03-29 15:37:25,1898.28,0,0,0,0,0,0,0,0.00,0,1.00,3.38,1.87,2.51,1.00,D,0.00,12.00,1.75,12.00,0.49,^,0.00,,18.40,9.40,504,0.00,43.9,0,0,0.00,0.00,0.00,12.00,0.00,0.00,0,0,0.00,0,0.00
2026-03-29 15:37:26,1899.30,0,0,0,0,0,0,0,0.00,0,1.00,3.38,1.87,2.70,1.00,D,0.00,12.00,1.76,12.00,0.75,^,0.00,,9.20,9.30,504,0.00,43.3,0,0,0.00,0.00,0.00,12.00,0.00,0.00,0,0,0.00,0,0.00
2026-03-29 15:37:27,1900.31,0,0,0,0,0,0,0,0.00,0,1.00,3.38,1.87,2.47,1.00,D,0.00,12.00,1.97,12.00,0.72,^,0.00,,17.20,9.40,504,0.00,45.5,0,0,0.00,0.00,0.00,12.00,0.00,0.00,0,0,0.00,0,0.00
2026-03-29 15:37:28,1901.33,0,0,0,0,0,0,0,0.00,0,1.00,3.38,1.87,2.43,1.00,D,0.00,12.00,1.85,12.00,0.63,^,0.00,,10.90,9.30,504,0.00,42.8,0,0,0.00,0.00,0.00,12.00,0.00,0.00,0,0,0.00,0,0.00
2026-03-29 15:37:29,1902.33,0,0,0,0,0,0,0,0.00,0,1.00,3.38,1.87,2.71,1.00,D,0.00,12.00,1.89,12.00,0.59,^,0.00,,10.70,9.30,504,0.00,42.8,0,0,0.00,0.00,0.00,12.00,0.00,0.00,0,0,0.00,0,0.00
2026-03-29 15:37:30,1903.34,0,0,0,0,0,0,0,1.00,0,1.00,3.38,1.87,2.58,1.00,D,0.00,1.13,1.18,12.00,0.82,^,0.00,,20.30,9.30,504,0.00,42.8,0,0,0.00,0.00,0.00,1.13,0.00,0.00,0,0,0.00,0,0.00
2026-03-29 15:37:31,1904.35,0,0,0,0,0,0,0,1.00,0,1.00,3.38,1.87,1.26,1.00,D,0.00,2.33,12.00,12.00,0.75,^,0.00,,10.10,9.20,504,0.00,42.2,0,0,0.00,0.00,0.00,2.33,0.00,0.00,0,0,0.00,0,0.00
2026-03-29 15:37:32,1905.35,0,0,0,1,0,0,0,-0.91,0,0.00,3.38,1.87,0.93,0.00,R,0.00,2.33,12.00,12.00,0.62,^,0.00,,14.00,9.20,504,0.00,45.0,0,0,0.00,0.00,0.00,2.33,0.00,0.00,0,0,0.00,0,0.00
2026-03-29 15:37:33,1906.47,0,0,0,0,0,0,0,-0.95,0,1.00,3.38,1.87,0.21,-0.59,R,0.00,2.32,12.00,12.00,0.61,^,0.00,,10.70,9.10,504,0.04,42.2,0,0,0.00,0.00,0.00,2.32,0.00,0.00,0,0,0.00,0,0.00
2026-03-29 15:37:34,1907.37,0,0,0,0,0,0,0,0.00,0,1.00,3.38,1.87,2.08,-1.00,R,0.00,12.00,12.00,12.00,0.50,^,0.00,,10.60,9.00,504,0.00,42.8,0,0,0.00,0.00,0.00,12.00,0.00,0.00,0,0,0.00,0,0.00
2026-03-29 15:37:35,1908.38,0,0,1,0,0,0,0,1.00,0,1.00,3.38,1.87,0.10,0.18,D,0.00,0.82,1.35,0.87,1.44,CAUTION_WARNING,0.00,,17.00,9.30,504,0.00,43.9,0,0,0.00,0.00,0.00,0.82,0.00,0.00,0,0,0.00,0,0.00
2026-03-29 15:37:36,1909.40,0,0,0,0,0,0,0,0.00,0,1.00,3.38,1.87,0.04,0.68,D,0.00,12.00,1.05,0.89,1.06,^,0.00,,11.40,9.30,504,0.00,42.8,0,0,0.00,0.00,0.00,12.00,0.00,0.00,0,0,0.00,0,0.00
2026-03-29 15:37:37,1910.41,0,0,0,0,0,0,0,1.00,0,1.00,3.38,1.87,2.02,1.00,D,0.00,12.00,0.62,0.81,0.76,^,0.00,,10.60,9.30,504,0.00,43.3,0,0,0.00,0.00,0.00,12.00,0.00,0.00,0,0,0.00,0,0.00
2026-03-29 15:37:38,1911.42,0,0,0,0,0,0,0,1.00,0,1.00,3.38,1.87,1.56,1.00,D,0.00,12.00,2.47,12.00,0.90,^,0.00,,16.60,9.50,504,0.00,42.8,0,0,0.00,0.00,0.00,12.00,0.00,0.00,0,0,0.00,0,0.00
2026-03-29 15:37:39,1912.43,0,0,0,0,0,0,0,0.00,0,1.00,3.38,1.87,2.17,1.00,D,0.00,12.00,0.82,12.00,0.70,^,0.00,,11.50,9.70,504,0.00,43.3,0,0,0.00,0.00,0.00,12.00,0.00,0.00,0,0,0.00,0,0.00
2026-03-29 15:37:40,1913.45,0,0,0,0,0,0,0,0.00,0,1.00,3.38,1.87,2.66,1.00,D,0.00,12.00,12.00,12.00,0.84,^,0.00,,11.50,9.70,504,0.00,43.3,0,0,0.00,0.00,0.00,12.00,0.00,0.00,0,0,0.00,0,0.00
2026-03-29 15:37:41,1914.46,0,0,0,0,0,0,0,0.00,0,1.00,3.38,1.87,2.50,1.00,D,0.00,12.00,1.88,12.00,0.74,^,0.00,,15.50,9.40,504,0.00,43.9,0,0,0.00,0.00,0.00,12.00,0.00,0.00,0,0,0.00,0,0.00
2026-03-29 15:37:42,1915.47,0,0,0,0,0,0,0,0.00,0,1.00,3.38,1.87,2.67,1.00,D,0.00,12.00,2.31,12.00,0.67,^,0.00,,8.90,9.60,504,0.00,42.2,0,0,0.00,0.00,0.00,12.00,0.00,0.00,0,0,0.00,0,0.00
2026-03-29 15:37:43,1916.48,0,0,0,0,0,0,0,0.00,0,1.00,3.38,1.87,2.42,1.00,D,0.00,12.00,12.00,12.00,0.78,^,0.00,,14.00,9.70,504,0.00,43.3,0,0,0.00,0.00,0.00,12.00,0.00,0.00,0,0,0.00,0,0.00
2026-03-29 15:37:44,1917.50,0,0,0,0,0,0,0,1.00,0,1.00,3.38,1.87,2.30,1.00,D,0.00,12.00,1.82,12.00,0.60,^,0.00,,11.20,9.70,504,0.00,42.2,0,0,0.00,0.00,0.00,12.00,0.00,0.00,0,0,0.00,0,0.00
2026-03-29 15:37:45,1918.51,0,0,0,0,0,0,0,1.00,0,1.00,3.38,1.87,2.58,1.00,D,0.00,12.00,1.17,12.00,0.61,^,0.00,,12.50,9.70,504,0.00,43.9,0,0,0.00,0.00,0.00,12.00,0.00,0.00,0,0,0.00,0,0.00
2026-03-29 15:37:46,1919.52,0,0,0,0,0,0,0,0.00,0,1.00,3.38,1.87,2.36,1.00,D,0.00,12.00,12.00,12.00,0.75,^,0.00,,12.40,9.70,504,0.00,43.9,0,0,0.00,0.00,0.00,12.00,0.00,0.00,0,0,0.00,0,0.00
2026-03-29 15:37:47,1920.54,0,0,0,0,0,0,0,0.00,0,1.00,3.38,1.87,2.78,1.00,D,0.00,12.00,12.00,12.00,0.80,^,0.00,,12.70,9.60,504,0.00,44.4,0,0,0.00,0.00,0.00,12.00,0.00,0.00,0,0,0.00,0,0.00
2026-03-29 15:37:48,1921.55,0,0,0,0,0,0,0,0.00,0,1.00,3.38,1.87,2.24,1.00,D,0.00,12.00,0.71,12.00,0.80,^,0.00,,11.30,9.50,504,0.00,42.2,0,0,0.00,0.00,0.00,12.00,0.00,0.00,0,0,0.00,0,0.00
2026-03-29 15:37:49,1922.55,0,0,0,0,0,0,0,0.00,0,1.00,3.38,1.87,2.05,1.00,D,0.00,2.15,0.25,12.00,0.24,^,0.00,,8.20,9.50,504,0.00,43.3,0,0,0.00,0.00,0.00,2.15,0.00,0.00,0,0,0.00,0,0.00
2026-03-29 15:37:50,1923.57,0,0,0,0,0,0,0,0.00,0,1.00,3.38,1.87,2.07,1.00,D,0.00,1.55,12.00,12.00,0.59,^,0.00,,11.30,9.40,504,0.00,43.3,0,0,0.00,0.00,0.00,1.55,0.00,0.00,0,0,0.00,0,0.00
2026-03-29 15:37:51,1924.57,0,0,0,0,0,0,0,1.00,0,1.00,3.38,1.87,1.99,1.00,D,0.00,12.00,12.00,1.00,0.90,^,0.00,,19.00,9.20,504,0.00,43.9,0,0,0.00,0.00,0.00,12.00,0.00,0.00,0,0,0.00,0,0.00
2026-03-29 15:37:52,1925.58,0,0,0,0,0,0,0,1.00,0,1.00,3.38,1.87,2.16,1.00,D,0.00,12.00,2.17,0.70,0.87,^,0.00,,13.80,9.30,504,0.00,43.3,0,0,0.00,0.00,0.00,12.00,0.00,0.00,0,0,0.00,0,0.00
2026-03-29 15:37:53,1926.58,0,0,0,0,0,0,0,0.00,0,1.00,3.38,1.87,1.98,1.00,D,0.00,12.00,1.95,1.73,0.78,^,0.00,,12.40,9.30,504,0.00,43.9,0,0,0.00,0.00,0.00,12.00,0.00,0.00,0,0,0.00,0,0.00
2026-03-29 15:37:54,1927.60,0,0,0,0,0,0,0,1.00,0,1.00,3.38,1.87,1.84,1.00,D,0.00,12.00,1.68,1.97,0.85,^,0.00,,11.10,9.30,504,0.00,41.7,0,0,0.00,0.00,0.00,12.00,0.00,0.00,0,0,0.00,0,0.00
2026-03-29 15:37:55,1928.60,0,0,0,0,0,0,0,1.00,0,1.00,3.38,1.87,2.04,1.00,D,0.00,12.00,12.00,2.01,0.81,^,0.00,,11.30,9.30,504,0.00,41.7,0,0,0.00,0.00,0.00,12.00,0.00,0.00,0,0,0.00,0,0.00
2026-03-29 15:37:56,1929.61,0,0,0,0,0,0,0,0.00,0,1.00,3.38,1.87,1.95,1.00,D,0.00,12.00,12.00,1.53,0.70,^,0.00,,15.60,9.10,504,0.00,43.3,0,0,0.00,0.00,0.00,12.00,0.00,0.00,0,0,0.00,0,0.00
2026-03-29 15:37:57,1930.63,0,0,0,0,0,0,0,0.00,0,1.00,3.38,1.87,2.04,1.00,D,0.00,12.00,12.00,1.29,0.72,^,0.00,,8.90,9.30,504,0.00,42.8,0,0,0.00,0.00,0.00,12.00,0.00,0.00,0,0,0.00,0,0.00
2026-03-29 15:37:58,1931.64,0,0,0,0,0,0,0,1.00,0,1.00,3.38,1.87,2.01,1.00,D,0.00,12.00,12.00,1.72,0.63,^,0.00,,12.50,9.30,504,0.00,43.3,0,0,0.00,0.00,0.00,12.00,0.00,0.00,0,0,0.00,0,0.00
2026-03-29 15:37:59,1932.65,0,0,0,0,0,0,0,0.00,0,1.00,3.38,1.87,2.15,1.00,D,0.00,12.00,12.00,1.74,0.71,^,0.00,,13.20,9.60,504,0.00,41.7,0,0,0.00,0.00,0.00,12.00,0.00,0.00,0,0,0.00,0,0.00
2026-03-29 15:38:00,1933.67,0,0,0,0,0,0,0,0.69,0,1.00,3.38,1.87,2.14,1.00,D,0.00,12.00,12.00,1.94,0.93,^,0.00,,9.30,9.30,504,0.00,43.3,0,0,0.00,0.00,0.00,12.00,0.00,0.00,0,0,0.00,0,0.00
2026-03-29 15:38:01,1934.68,0,0,0,0,0,0,0,1.00,0,1.00,3.38,1.87,2.16,1.00,D,0.00,12.00,12.00,12.00,0.61,^,0.00,,14.90,9.50,504,0.00,43.9,0,0,0.00,0.00,0.00,12.00,0.00,0.00,0,0,0.00,0,0.00
2026-03-29 15:38:02,1935.69,0,0,0,0,0,0,0,1.00,0,1.00,3.38,1.87,1.82,1.00,D,0.00,12.00,12.00,12.00,0.62,^,0.00,,16.20,9.50,504,0.00,43.3,0,0,0.00,0.00,0.00,12.00,0.00,0.00,0,0,0.00,0,0.00
2026-03-29 15:38:03,1936.71,0,0,0,0,0,0,0,1.00,0,1.00,3.38,1.87,2.22,1.00,D,0.00,12.00,12.00,12.00,0.75,^,0.00,,11.80,9.50,504,0.00,41.7,0,0,0.00,0.00,0.00,12.00,0.00,0.00,0,0,0.00,0,0.00
2026-03-29 15:38:04,1937.71,0,0,0,0,0,0,0,1.00,0,1.00,3.38,1.87,2.06,1.00,D,0.00,12.00,12.00,2.53,0.58,^,0.00,,20.10,9.50,504,0.00,44.4,0,0,0.00,0.00,0.00,12.00,0.00,0.00,0,0,0.00,0,0.00
2026-03-29 15:38:05,1938.72,0,0,0,0,0,0,0,0.00,0,1.00,3.38,1.87,2.10,1.00,D,0.00,12.00,12.00,12.00,0.60,^,0.00,,11.20,9.30,504,0.00,42.8,0,0,0.00,0.00,0.00,12.00,0.00,0.00,0,0,0.00,0,0.00
2026-03-29 15:38:06,1939.73,0,0,0,0,0,0,0,0.00,0,1.00,3.38,1.87,2.06,1.00,D,0.00,12.00,12.00,12.00,0.61,^,0.00,,13.50,9.40,504,0.00,43.3,0,0,0.00,0.00,0.00,12.00,0.00,0.00,0,0,0.00,0,0.00
2026-03-29 15:38:07,1940.74,0,0,0,0,0,0,0,1.00,0,1.00,3.38,1.87,2.14,1.00,D,0.00,12.00,12.00,12.00,0.56,^,0.00,,17.00,9.70,504,0.00,42.8,0,0,0.00,0.00,0.00,12.00,0.00,0.00,0,0,0.00,0,0.00
2026-03-29 15:38:08,1941.75,0,0,0,0,0,0,0,1.00,0,1.00,3.38,1.87,2.32,1.00,D,0.00,12.00,12.00,12.00,0.56,^,0.00,,16.90,9.70,504,0.00,42.8,0,0,0.00,0.00,0.00,12.00,0.00,0.00,0,0,0.00,0,0.00
2026-03-29 15:38:09,1942.76,0,0,0,0,0,0,0,1.00,0,1.00,3.38,1.87,2.14,1.00,D,0.00,12.00,12.00,12.00,0.63,^,0.00,,16.30,9.60,504,0.00,43.3,0,0,0.00,0.00,0.00,12.00,0.00,0.00,0,0,0.00,0,0.00
2026-03-29 15:38:10,1943.78,0,0,0,0,0,0,0,1.00,0,1.00,3.38,1.87,2.08,1.00,D,0.00,12.00,12.00,12.00,0.65,^,0.00,,13.00,9.40,504,0.00,42.8,0,0,0.00,0.00,0.00,12.00,0.00,0.00,0,0,0.00,0,0.00
2026-03-29 15:38:11,1944.79,0,0,0,0,0,0,0,1.00,0,1.00,3.38,1.87,2.35,1.00,D,0.00,12.00,1.65,12.00,0.60,^,0.00,,13.90,9.50,504,0.00,43.9,0,0,0.00,0.00,0.00,12.00,0.00,0.00,0,0,0.00,0,0.00
2026-03-29 15:38:12,1945.80,0,0,0,0,0,0,0,0.00,0,0.90,3.38,1.87,1.80,0.90,D,0.00,12.00,1.57,12.00,0.62,^,0.00,,22.10,9.40,504,0.00,42.8,0,0,0.00,0.00,0.00,12.00,0.00,0.00,0,0,0.00,0,0.00
2026-03-29 15:38:13,1946.81,0,0,0,0,0,0,0,0.00,0,1.00,3.38,1.87,1.99,1.00,D,0.00,12.00,1.28,12.00,0.60,^,0.00,,12.90,9.60,504,0.00,42.8,0,0,0.00,0.00,0.00,12.00,0.00,0.00,0,0,0.00,0,0.00
2026-03-29 15:38:14,1947.82,0,0,0,0,0,0,0,0.00,0,1.00,3.38,1.87,2.03,1.00,D,0.00,12.00,12.00,12.00,0.53,^,0.00,,16.30,9.60,504,0.00,44.4,0,0,0.00,0.00,0.00,12.00,0.00,0.00,0,0,0.00,0,0.00
2026-03-29 15:38:15,1948.83,0,0,0,0,0,0,0,0.00,0,1.00,3.38,1.87,2.47,1.00,D,0.00,12.00,12.00,12.00,0.69,^,0.00,,12.40,9.60,504,0.00,43.9,0,0,0.00,0.00,0.00,12.00,0.00,0.00,0,0,0.00,0,0.00
2026-03-29 15:38:16,1949.84,0,0,0,0,0,0,0,1.00,0,1.00,3.38,1.87,2.42,1.00,D,0.00,12.00,12.00,12.00,0.63,^,0.00,,11.90,9.60,504,0.00,43.3,0,0,0.00,0.00,0.00,12.00,0.00,0.00,0,0,0.00,0,0.00
2026-03-29 15:38:17,1950.85,0,0,0,0,0,0,0,0.00,0,1.00,3.38,1.87,2.18,1.00,D,0.00,12.00,12.00,12.00,0.84,^,0.00,,14.10,9.60,504,0.00,41.7,0,0,0.00,0.00,0.00,12.00,0.00,0.00,0,0,0.00,0,0.00
2026-03-29 15:38:18,1951.87,0,0,0,0,0,0,0,0.00,0,1.00,3.38,1.87,2.34,1.00,D,0.00,12.00,12.00,12.00,0.66,^,0.00,,11.40,9.60,504,0.00,42.8,0,0,0.00,0.00,0.00,12.00,0.00,0.00,0,0,0.00,0,0.00
2026-03-29 15:38:19,1952.88,0,0,0,0,0,0,0,1.00,0,1.00,3.38,1.87,2.26,1.00,D,0.00,12.00,12.00,12.00,0.91,^,0.00,,16.80,9.60,504,0.00,42.2,0,0,0.00,0.00,0.00,12.00,0.00,0.00,0,0,0.00,0,0.00
2026-03-29 15:38:21,1953.89,0,0,0,0,0,0,0,1.00,0,1.00,3.38,1.87,2.08,1.00,D,0.00,12.00,12.00,12.00,0.85,^,0.00,,11.10,9.60,504,0.00,43.3,0,0,0.00,0.00,0.00,12.00,0.00,0.00,0,0,0.00,0,0.00
2026-03-29 15:38:22,1954.90,0,0,0,1,0,0,0,-1.00,0,1.00,3.38,1.87,1.27,-0.21,R,0.00,12.00,12.00,12.00,1.15,^,0.00,,10.90,9.60,504,0.00,43.3,0,0,0.00,0.00,0.00,12.00,0.00,0.00,0,0,0.00,0,0.00
2026-03-29 15:38:23,1955.92,0,0,0,0,0,0,0,-1.00,0,1.00,3.38,1.87,0.48,-0.82,R,0.00,12.00,12.00,12.00,1.18,^,0.00,,14.60,9.40,504,0.00,42.8,0,0,0.00,0.00,0.00,12.00,0.00,0.00,0,0,0.00,0,0.00
2026-03-29 15:38:24,1956.93,0,0,1,0,0,0,0,1.00,0,0.00,3.38,1.87,1.02,0.00,D,0.00,12.00,12.00,0.93,12.00,^,0.00,,12.00,9.20,504,0.00,42.8,0,0,0.00,0.00,0.00,12.00,0.00,0.00,0,0,0.00,0,0.00
2026-03-29 15:38:25,1957.94,0,0,0,0,0,0,0,1.00,0,1.00,3.38,1.87,0.21,0.51,D,0.00,12.00,12.00,0.98,12.00,^,0.00,,9.80,9.50,504,0.00,43.3,0,0,0.00,0.00,0.00,12.00,0.00,0.00,0,0,0.00,0,0.00
2026-03-29 15:38:26,1958.95,0,0,0,0,0,0,0,1.00,0,1.00,3.38,1.87,1.48,1.00,D,0.00,12.00,12.00,1.20,0.96,^,0.00,,17.30,9.90,504,0.00,42.8,0,0,0.00,0.00,0.00,12.00,0.00,0.00,0,0,0.00,0,0.00
2026-03-29 15:38:27,1959.97,0,0,0,0,0,0,0,1.00,0,1.00,3.38,1.87,1.22,0.76,D,0.00,12.00,12.00,12.00,1.16,^,0.00,,9.80,9.90,504,0.00,42.8,0,0,0.00,0.00,0.00,12.00,0.00,0.00,0,0,0.00,0,0.00
2026-03-29 15:38:28,1960.97,0,0,0,0,0,0,0,1.00,0,1.00,3.38,1.87,1.85,1.00,D,0.00,12.00,12.00,1.40,1.35,^,0.00,,10.40,9.90,504,0.00,41.7,0,0,0.00,0.00,0.00,12.00,0.00,0.00,0,0,0.00,0,0.00
2026-03-29 15:38:29,1961.98,0,0,0,0,0,0,0,0.90,0,1.00,3.38,1.87,2.04,1.00,D,0.00,12.00,12.00,12.00,1.21,^,0.00,,17.20,9.90,504,0.00,42.8,0,0,0.00,0.00,0.00,12.00,0.00,0.00,0,0,0.00,0,0.00
2026-03-29 15:38:30,1962.98,0,0,0,0,0,0,0,0.00,0,1.00,3.38,1.87,2.21,1.00,D,0.00,12.00,12.00,12.00,1.07,^,0.00,,9.10,9.70,504,0.00,43.3,0,0,0.00,0.00,0.00,12.00,0.00,0.00,0,0,0.00,0,0.00
2026-03-29 15:38:31,1963.98,0,0,0,0,0,0,0,0.00,0,1.00,3.38,1.87,2.16,1.00,D,0.00,12.00,12.00,12.00,0.86,^,0.00,,14.00,9.70,504,0.00,42.2,0,0,0.00,0.00,0.00,12.00,0.00,0.00,0,0,0.00,0,0.00
2026-03-29 15:38:32,1965.00,0,0,0,0,0,0,0,1.00,0,1.00,3.38,1.87,2.32,1.00,D,0.00,12.00,12.00,12.00,1.05,^,0.00,,9.20,9.70,504,0.00,43.3,0,0,0.00,0.00,0.00,12.00,0.00,0.00,0,0,0.00,0,0.00
2026-03-29 15:38:33,1966.02,0,0,0,0,0,0,0,0.00,0,1.00,3.38,1.87,2.41,1.00,D,0.00,12.00,12.00,1.80,0.78,^,0.00,,12.60,9.70,504,0.00,43.3,0,0,0.00,0.00,0.00,12.00,0.00,0.00,0,0,0.00,0,0.00
2026-03-29 15:38:34,1967.01,0,0,0,0,0,0,0,1.00,0,1.00,3.38,1.87,2.50,1.00,D,0.00,12.00,12.00,1.55,0.81,^,0.00,,19.70,9.70,504,0.00,41.7,0,0,0.00,0.00,0.00,12.00,0.00,0.00,0,0,0.00,0,0.00
2026-03-29 15:38:35,1968.03,0,0,0,0,0,0,0,1.00,0,1.00,3.38,1.87,2.46,1.00,D,0.00,12.00,12.00,1.61,0.93,^,0.00,,12.00,9.30,504,0.00,42.8,0,0,0.00,0.00,0.00,12.00,0.00,0.00,0,0,0.00,0,0.00
2026-03-29 15:38:36,1969.04,0,0,0,0,0,0,0,1.00,0,1.00,3.38,1.87,2.23,1.00,D,0.00,12.00,12.00,12.00,0.55,^,0.00,,15.90,9.40,504,0.00,42.2,0,0,0.00,0.00,0.00,12.00,0.00,0.00,0,0,0.00,0,0.00
2026-03-29 15:38:37,1970.05,0,0,0,0,0,0,0,-1.00,0,1.00,3.38,1.87,2.17,1.00,D,0.00,12.00,12.00,2.34,0.57,^,0.00,,13.50,9.40,504,0.00,41.7,0,0,0.00,0.00,0.00,12.00,0.00,0.00,0,0,0.00,0,0.00
2026-03-29 15:38:38,1971.06,0,0,0,0,0,0,0,1.00,0,1.00,3.38,1.87,2.24,1.00,D,0.00,12.00,12.00,12.00,0.76,^,0.00,,14.50,9.40,504,0.00,43.3,0,0,0.00,0.00,0.00,12.00,0.00,0.00,0,0,0.00,0,0.00
2026-03-29 15:38:39,1972.07,0,0,0,0,0,0,0,0.00,0,1.00,3.38,1.87,2.26,1.00,D,0.00,12.00,12.00,12.00,0.68,^,0.00,,17.50,9.40,504,0.00,43.3,0,0,0.00,0.00,0.00,12.00,0.00,0.00,0,0,0.00,0,0.00
2026-03-29 15:38:40,1973.08,0,0,0,0,0,0,0,0.68,0,1.00,3.38,1.87,2.33,1.00,D,0.00,12.00,12.00,12.00,0.99,^,0.00,,9.30,9.40,504,0.00,43.9,0,0,0.00,0.00,0.00,12.00,0.00,0.00,0,0,0.00,0,0.00
2026-03-29 15:38:41,1974.10,0,0,0,0,0,0,0,1.00,0,1.00,3.38,1.87,2.27,1.00,D,0.00,12.00,12.00,12.00,1.07,^,0.00,,9.50,9.40,504,0.00,42.8,0,0,0.00,0.00,0.00,12.00,0.00,0.00,0,0,0.00,0,0.00
2026-03-29 15:38:42,1975.11,0,0,0,0,0,0,0,0.50,0,1.00,3.38,1.87,2.22,1.00,D,0.00,12.00,1.50,12.00,0.88,^,0.00,,9.40,9.30,504,0.00,42.8,0,0,0.00,0.00,0.00,12.00,0.00,0.00,0,0,0.00,0,0.00
2026-03-29 15:38:43,1976.12,0,0,0,0,0,0,0,0.00,0,1.00,3.38,1.87,2.03,1.00,D,0.00,12.00,12.00,12.00,0.81,^,0.00,,10.40,9.20,504,0.00,42.8,0,0,0.00,0.00,0.00,12.00,0.00,0.00,0,0,0.00,0,0.00
2026-03-29 15:38:44,1977.13,0,0,0,0,0,0,0,1.00,0,1.00,3.38,1.87,2.28,1.00,D,0.00,12.00,12.00,1.53,1.16,^,0.00,,11.70,9.20,504,0.00,41.1,0,0,0.00,0.00,0.00,12.00,0.00,0.00,0,0,0.00,0,0.00
2026-03-29 15:38:45,1978.15,0,0,0,0,0,0,0,0.16,0,1.00,3.38,1.87,2.21,1.00,D,0.00,2.21,12.00,1.00,1.50,^,0.00,,8.40,9.10,504,0.00,42.8,0,0,0.00,0.00,0.00,2.21,0.00,0.00,0,0,0.00,0,0.00
2026-03-29 15:38:46,1979.15,0,0,0,0,0,0,0,1.00,0,1.00,3.38,1.87,2.30,1.00,D,0.00,12.00,1.63,1.57,1.08,^,0.00,,7.40,9.20,504,0.00,41.7,0,0,0.00,0.00,0.00,12.00,0.00,0.00,0,0,0.00,0,0.00
2026-03-29 15:38:47,1980.17,0,0,0,0,0,0,0,0.00,0,1.00,3.38,1.87,2.78,1.00,D,0.00,12.00,1.04,12.00,2.13,^,0.00,,13.40,9.20,504,0.00,41.1,0,0,0.00,0.00,0.00,12.00,0.00,0.00,0,0,0.00,0,0.00
2026-03-29 15:38:48,1981.18,0,0,0,0,0,0,0,-0.44,0,1.00,3.38,1.87,2.46,1.00,D,0.00,12.00,12.00,12.00,0.88,^,0.00,,12.40,9.40,504,0.00,42.8,0,0,0.00,0.00,0.00,12.00,0.00,0.00,0,0,0.00,0,0.00
2026-03-29 15:38:49,1982.20,0,0,0,0,0,0,0,0.99,0,1.00,3.38,1.87,2.52,1.00,D,0.00,12.00,12.00,12.00,0.60,^,0.00,,16.20,9.40,504,0.00,42.2,0,0,0.00,0.00,0.00,12.00,0.00,0.00,0,0,0.00,0,0.00
2026-03-29 15:38:50,1983.20,0,0,0,0,0,0,0,0.23,0,1.00,3.38,1.87,2.41,1.00,D,0.00,12.00,1.77,12.00,0.65,^,0.00,,15.70,9.30,504,0.00,41.1,0,0,0.00,0.00,0.00,12.00,0.00,0.00,0,0,0.00,0,0.00
2026-03-29 15:38:51,1984.21,0,0,0,0,0,0,0,0.00,0,1.00,3.38,1.87,2.52,1.00,D,0.00,12.00,1.82,2.03,0.78,^,0.00,,17.60,9.60,504,0.00,42.8,0,0,0.00,0.00,0.00,12.00,0.00,0.00,0,0,0.00,0,0.00
2026-03-29 15:38:52,1985.23,0,0,0,0,0,0,0,0.00,0,1.00,3.38,1.87,2.48,1.00,D,0.00,1.42,1.71,12.00,0.77,^,0.00,,13.10,9.70,504,0.00,42.2,0,0,0.00,0.00,0.00,1.42,0.00,0.00,0,0,0.00,0,0.00
2026-03-29 15:38:53,1986.24,0,0,0,0,0,0,0,-0.29,0,0.00,3.38,1.88,2.28,0.91,D,0.00,0.55,1.16,12.00,1.02,CAUTION_WARNING,0.00,,9.20,9.60,504,0.00,42.8,0,0,0.00,0.00,0.00,0.55,0.00,0.00,0,0,0.00,0,0.00
2026-03-29 15:38:54,1987.24,0,0,0,1,0,0,0,-0.73,0,1.00,3.38,1.87,0.09,-0.42,R,0.00,0.33,0.93,0.42,1.10,STOP_WARNING,0.00,,12.20,9.60,504,0.00,42.8,0,0,0.00,0.00,0.00,0.33,0.00,0.00,0,0,0.00,0,0.00
2026-03-29 15:38:55,1988.25,0,0,0,0,0,0,0,0.00,0,1.00,3.38,1.87,1.94,-1.00,R,0.00,0.34,0.93,12.00,1.09,STOP_WARNING,0.00,,11.60,9.40,504,0.00,42.2,0,0,0.00,0.00,0.00,0.34,0.00,0.00,0,0,0.00,0,0.00
2026-03-29 15:38:56,1989.26,0,0,0,0,0,0,0,0.00,0,1.00,3.38,1.87,2.61,-1.00,R,0.00,0.34,0.93,12.00,1.07,STOP_WARNING,0.00,,7.80,9.50,504,0.00,42.8,0,0,0.00,0.00,0.00,0.34,0.00,0.00,0,0,0.00,0,0.00
2026-03-29 15:38:57,1990.27,0,0,0,0,0,0,0,0.00,0,1.00,3.38,1.87,2.65,-1.00,R,0.00,0.34,0.92,12.00,0.45,STOP_WARNING,0.00,,10.40,9.20,504,0.00,42.8,0,0,0.00,0.00,0.00,0.34,0.00,0.00,0,0,0.00,0,0.00
2026-03-29 15:38:58,1991.29,0,0,0,0,0,0,0,0.00,0,1.00,3.38,1.88,2.50,-1.00,R,0.00,0.42,1.10,0.32,0.37,STOP_WARNING,0.00,,8.40,9.20,504,0.00,41.7,0,0,0.00,0.00,0.00,0.42,0.00,0.00,0,0,0.00,0,0.00
2026-03-29 15:38:59,1992.30,0,0,0,0,0,0,0,0.00,0,1.00,3.38,1.88,2.22,-1.00,R,0.00,0.45,1.12,12.00,0.39,STOP_WARNING,0.00,,10.40,9.00,504,0.00,41.7,0,0,0.00,0.00,0.00,0.45,0.00,0.00,0,0,0.00,0,0.00
2026-03-29 15:39:00,1993.31,0,0,0,0,0,0,0,-0.99,0,1.00,3.38,1.88,2.04,-1.00,R,0.00,0.63,1.28,0.39,1.39,CAUTION_WARNING,0.00,,13.40,9.30,504,0.00,43.3,0,0,0.00,0.00,0.00,0.63,0.00,0.00,0,0,0.00,0,0.00
2026-03-29 15:39:01,1994.32,0,0,1,0,0,0,0,0.00,0,0.00,3.38,1.88,1.37,0.00,N,0.00,0.82,1.26,2.17,1.39,CAUTION_WARNING,0.00,,8.20,9.30,504,0.00,42.2,0,0,0.00,0.00,0.00,0.82,0.00,0.00,0,0,0.00,0,0.00
2026-03-29 15:39:02,1995.34,0,0,1,0,0,0,0,0.00,0,1.00,3.38,1.87,0.00,0.16,D,0.00,0.89,1.29,2.20,1.34,CAUTION_WARNING,0.00,,11.30,9.20,504,0.52,42.8,0,0,0.00,0.00,0.00,0.89,0.00,0.00,0,0,0.00,0,0.00
2026-03-29 15:39:03,1996.35,0,0,0,0,0,0,0,0.00,0,1.00,3.38,1.87,0.09,0.67,D,0.00,1.01,1.29,0.80,1.35,^,0.00,,12.40,9.10,504,0.00,42.8,0,0,0.00,0.00,0.00,1.01,0.00,0.00,0,0,0.00,0,0.00
2026-03-29 15:39:04,1997.36,0,0,0,0,0,0,0,1.00,0,1.00,3.38,1.87,2.27,1.00,D,0.00,12.00,1.02,2.14,1.00,^,0.00,,13.60,9.20,504,0.00,42.8,0,0,0.00,0.00,0.00,12.00,0.00,0.00,0,0,0.00,0,0.00
2026-03-29 15:39:05,1998.36,0,0,0,0,0,0,0,0.00,0,1.00,3.38,1.87,2.48,1.00,D,0.00,12.00,12.00,12.00,0.57,^,0.00,,14.70,9.20,504,0.00,43.3,0,0,0.00,0.00,0.00,12.00,0.00,0.00,0,0,0.00,0,0.00
2026-03-29 15:39:06,1999.38,0,0,0,0,0,0,0,0.00,0,1.00,3.38,1.87,2.78,1.00,D,0.00,12.00,1.81,0.74,1.31,^,0.00,,8.90,9.10,504,0.00,42.8,0,0,0.00,0.00,0.00,12.00,0.00,0.00,0,0,0.00,0,0.00
2026-03-29 15:39:07,2000.39,0,0,0,0,0,0,0,0.00,0,1.00,3.38,1.87,2.33,1.00,D,0.00,12.00,1.59,12.00,0.99,^,0.00,,9.50,9.20,504,0.00,42.8,0,0,0.00,0.00,0.00,12.00,0.00,0.00,0,0,0.00,0,0.00
2026-03-29 15:39:08,2001.39,0,0,0,0,0,0,0,0.00,0,1.00,3.38,1.87,2.40,1.00,D,0.00,12.00,12.00,12.00,0.98,^,0.00,,16.70,9.20,504,0.00,43.3,0,0,0.00,0.00,0.00,12.00,0.00,0.00,0,0,0.00,0,0.00
2026-03-29 15:39:09,2002.40,0,0,0,0,0,0,0,1.00,0,1.00,3.38,1.87,2.79,1.00,D,0.00,12.00,12.00,12.00,1.14,^,0.00,,12.20,9.00,504,0.00,42.2,0,0,0.00,0.00,0.00,12.00,0.00,0.00,0,0,0.00,0,0.00
2026-03-29 15:39:10,2003.41,0,0,0,0,0,0,0,0.82,0,1.00,3.38,1.88,2.55,1.00,D,0.00,12.00,12.00,12.00,0.82,^,0.00,,14.00,9.20,504,0.00,43.3,0,0,0.00,0.00,0.00,12.00,0.00,0.00,0,0,0.00,0,0.00
2026-03-29 15:39:11,2004.42,0,0,0,0,0,0,0,0.00,0,1.00,3.38,1.88,2.34,1.00,D,0.00,12.00,12.00,12.00,0.67,^,0.00,,15.90,9.20,504,0.00,41.7,0,0,0.00,0.00,0.00,12.00,0.00,0.00,0,0,0.00,0,0.00
2026-03-29 15:39:12,2005.43,0,0,0,0,0,0,0,0.00,0,1.00,3.38,1.88,2.60,1.00,D,0.00,12.00,12.00,12.00,0.61,^,0.00,,12.80,9.10,504,0.00,43.9,0,0,0.00,0.00,0.00,12.00,0.00,0.00,0,0,0.00,0,0.00
2026-03-29 15:39:13,2006.45,0,0,0,0,0,0,0,0.83,0,1.00,3.38,1.88,2.52,1.00,D,0.00,12.00,12.00,12.00,0.63,^,0.00,,13.90,9.40,504,0.00,43.9,0,0,0.00,0.00,0.00,12.00,0.00,0.00,0,0,0.00,0,0.00
2026-03-29 15:39:14,2007.45,0,0,0,0,0,0,0,1.00,0,1.00,3.38,1.88,2.69,1.00,D,0.00,12.00,12.00,12.00,0.74,^,0.00,,12.30,9.20,504,0.00,42.2,0,0,0.00,0.00,0.00,12.00,0.00,0.00,0,0,0.00,0,0.00
2026-03-29 15:39:15,2008.46,0,0,0,0,0,0,0,1.00,0,1.00,3.38,1.88,2.60,1.00,D,0.00,12.00,12.00,12.00,0.47,^,0.00,,16.20,9.40,504,0.00,42.2,0,0,0.00,0.00,0.00,12.00,0.00,0.00,0,0,0.00,0,0.00
2026-03-29 15:39:16,2009.47,0,0,0,0,0,0,0,1.00,0,1.00,3.38,1.88,2.41,1.00,D,0.00,12.00,12.00,12.00,0.44,^,0.00,,14.20,9.40,504,0.00,43.3,0,0,0.00,0.00,0.00,12.00,0.00,0.00,0,0,0.00,0,0.00
2026-03-29 15:39:17,2010.49,0,0,0,0,0,0,0,0.00,0,1.00,3.38,1.88,2.66,1.00,D,0.00,12.00,12.00,12.00,0.64,^,0.00,,11.10,9.20,504,0.00,42.8,0,0,0.00,0.00,0.00,12.00,0.00,0.00,0,0,0.00,0,0.00
2026-03-29 15:39:18,2011.50,0,0,0,0,0,0,0,-1.00,0,1.00,3.38,1.88,2.66,1.00,D,0.00,12.00,12.00,12.00,0.72,^,0.00,,13.00,9.20,504,0.00,42.8,0,0,0.00,0.00,0.00,12.00,0.00,0.00,0,0,0.00,0,0.00
2026-03-29 15:39:19,2012.52,0,0,0,0,0,0,0,1.00,0,1.00,3.38,1.88,2.41,1.00,D,0.00,12.00,12.00,12.00,0.54,^,0.00,,15.80,9.20,504,0.00,42.8,0,0,0.00,0.00,0.00,12.00,0.00,0.00,0,0,0.00,0,0.00
2026-03-29 15:39:20,2013.53,0,0,0,0,0,0,0,0.00,0,1.00,3.38,1.88,1.97,1.00,D,0.00,12.00,12.00,12.00,0.59,^,0.00,,9.90,9.20,504,0.00,42.2,0,0,0.00,0.00,0.00,12.00,0.00,0.00,0,0,0.00,0,0.00
2026-03-29 15:39:21,2014.54,0,0,0,0,0,0,0,1.00,0,1.00,3.38,1.88,1.96,1.00,D,0.00,12.00,2.49,12.00,0.60,^,0.00,,12.40,9.20,504,0.00,41.7,0,0,0.00,0.00,0.00,12.00,0.00,0.00,0,0,0.00,0,0.00
2026-03-29 15:39:22,2015.56,0,0,0,0,0,0,0,1.00,0,1.00,3.38,1.88,2.45,1.00,D,0.00,12.00,2.16,12.00,0.65,^,0.00,,8.90,9.30,504,0.00,42.2,0,0,0.00,0.00,0.00,12.00,0.00,0.00,0,0,0.00,0,0.00
2026-03-29 15:39:23,2016.58,0,0,0,0,0,0,0,1.00,0,1.00,3.38,1.88,2.63,1.00,D,0.00,2.27,12.00,12.00,0.68,^,0.00,,11.90,9.30,504,0.00,43.3,0,0,0.00,0.00,0.00,2.27,0.00,0.00,0,0,0.00,0,0.00
2026-03-29 15:39:24,2017.58,0,0,0,0,0,0,0,1.00,0,1.00,3.38,1.88,2.64,1.00,D,0.00,12.00,12.00,0.85,0.57,^,0.00,,15.20,9.30,504,0.00,42.8,0,0,0.00,0.00,0.00,12.00,0.00,0.00,0,0,0.00,0,0.00
2026-03-29 15:39:25,2018.59,0,0,0,0,0,0,0,0.00,0,1.00,3.38,1.88,2.60,1.00,D,0.00,12.00,12.00,12.00,0.50,^,0.00,,13.40,9.30,504,0.00,42.2,0,0,0.00,0.00,0.00,12.00,0.00,0.00,0,0,0.00,0,0.00
2026-03-29 15:39:26,2019.60,0,0,0,0,0,0,0,1.00,0,1.00,3.38,1.88,2.65,1.00,D,0.00,12.00,12.00,12.00,0.45,^,0.00,,16.00,9.30,504,0.00,43.3,0,0,0.00,0.00,0.00,12.00,0.00,0.00,0,0,0.00,0,0.00
2026-03-29 15:39:27,2020.60,0,0,0,0,0,0,0,1.00,0,1.00,3.38,1.88,1.78,1.00,D,0.00,12.00,12.00,12.00,0.47,^,0.00,,10.50,9.30,504,0.00,41.7,0,0,0.00,0.00,0.00,12.00,0.00,0.00,0,0,0.00,0,0.00
2026-03-29 15:39:28,2021.62,0,0,0,0,0,0,0,0.00,0,1.00,3.38,1.88,2.27,1.00,D,0.00,12.00,2.20,12.00,0.51,^,0.00,,11.10,9.20,504,0.00,43.3,0,0,0.00,0.00,0.00,12.00,0.00,0.00,0,0,0.00,0,0.00
2026-03-29 15:39:29,2022.73,0,0,0,0,0,0,0,0.00,0,1.00,3.38,1.88,2.41,1.00,D,0.00,12.00,12.00,12.00,0.61,^,0.00,,16.20,9.20,504,0.00,43.3,0,0,0.00,0.00,0.00,12.00,0.00,0.00,0,0,0.00,0,0.00
2026-03-29 15:39:30,2023.63,0,0,0,0,0,0,0,1.00,0,1.00,3.38,1.88,2.63,1.00,D,0.00,12.00,12.00,12.00,0.73,^,0.00,,13.90,9.30,504,0.00,42.8,0,0,0.00,0.00,0.00,12.00,0.00,0.00,0,0,0.00,0,0.00
2026-03-29 15:39:31,2024.65,0,0,0,0,0,0,0,0.00,0,1.00,3.38,1.88,2.58,1.00,D,0.00,12.00,12.00,12.00,0.69,^,0.00,,13.60,9.30,504,0.00,42.2,0,0,0.00,0.00,0.00,12.00,0.00,0.00,0,0,0.00,0,0.00
2026-03-29 15:39:32,2025.66,0,0,0,0,0,0,0,1.00,0,1.00,3.38,1.88,2.31,1.00,D,0.00,12.00,12.00,12.00,0.67,^,0.00,,13.50,9.30,504,0.00,42.8,0,0,0.00,0.00,0.00,12.00,0.00,0.00,0,0,0.00,0,0.00
2026-03-29 15:39:33,2026.67,0,0,0,0,0,0,0,0.00,0,0.00,3.38,1.88,2.41,0.87,D,0.00,12.00,12.00,12.00,0.38,^,0.00,,17.50,9.50,504,0.00,42.2,0,0,0.00,0.00,0.00,12.00,0.00,0.00,0,0,0.00,0,0.00
2026-03-29 15:39:34,2027.68,0,0,0,0,0,0,0,0.00,0,0.00,3.38,1.88,1.61,0.27,D,0.00,12.00,12.00,0.51,0.67,^,0.00,,16.50,9.30,504,0.00,42.2,0,0,0.00,0.00,0.00,12.00,0.00,0.00,0,0,0.00,0,0.00
2026-03-29 15:39:35,2028.70,0,0,0,0,0,0,0,0.00,0,0.00,3.38,1.88,0.00,0.00,D,0.00,12.00,12.00,1.05,12.00,^,0.00,,7.80,9.50,504,0.10,43.3,0,0,0.00,0.00,0.00,12.00,0.00,0.00,0,0,0.00,0,0.00
2026-03-29 15:39:36,2029.72,0,0,0,0,0,0,0,0.00,0,0.00,3.38,1.88,0.00,0.00,D,0.00,2.19,2.39,12.00,12.00,^,0.00,,7.70,9.40,504,1.00,42.2,0,0,0.00,0.00,0.00,2.19,0.00,0.00,0,0,0.00,0,0.00
2026-03-29 15:39:37,2030.73,0,0,0,0,0,0,0,1.00,0,1.00,3.38,1.88,0.00,0.09,D,0.00,12.00,12.00,12.00,12.00,^,0.00,,10.90,9.40,504,2.00,42.8,0,0,0.00,0.00,0.00,12.00,0.00,0.00,0,0,0.00,0,0.00
2026-03-29 15:39:38,2031.73,0,0,0,0,0,0,0,1.00,0,1.00,3.38,1.88,0.13,0.59,D,0.00,12.00,12.00,12.00,12.00,^,0.00,,9.50,9.40,504,0.00,41.7,0,0,0.00,0.00,0.00,12.00,0.00,0.00,0,0,0.00,0,0.00
2026-03-29 15:39:39,2032.75,0,0,0,0,0,0,0,1.00,0,1.00,3.38,1.88,1.89,1.00,D,0.00,12.00,2.26,12.00,12.00,^,0.00,,14.30,9.40,504,0.00,42.2,0,0,0.00,0.00,0.00,12.00,0.00,0.00,0,0,0.00,0,0.00
2026-03-29 15:39:40,2033.76,0,0,0,0,0,0,0,0.32,0,0.95,3.38,1.88,2.42,0.95,D,0.00,12.00,12.00,12.00,12.00,^,0.00,,17.90,9.40,504,0.00,43.3,0,0,0.00,0.00,0.00,12.00,0.00,0.00,0,0,0.00,0,0.00
2026-03-29 15:39:41,2034.77,0,0,0,0,0,0,0,1.00,0,0.84,3.38,1.88,2.31,0.84,D,0.00,12.00,12.00,12.00,12.00,^,0.00,,17.60,9.20,504,0.00,42.8,0,0,0.00,0.00,0.00,12.00,0.00,0.00,0,0,0.00,0,0.00
2026-03-29 15:39:42,2035.79,0,0,0,0,0,0,0,0.00,0,0.52,3.38,1.88,1.74,0.52,D,0.00,12.00,2.29,12.00,12.00,^,0.00,,24.30,9.50,504,0.00,42.2,0,0,0.00,0.00,0.00,12.00,0.00,0.00,0,0,0.00,0,0.00
2026-03-29 15:39:43,2036.79,0,0,0,0,0,0,0,0.11,0,0.64,3.38,1.88,1.14,0.44,D,0.00,12.00,12.00,12.00,12.00,^,0.00,,15.60,9.30,504,0.00,42.2,0,0,0.00,0.00,0.00,12.00,0.00,0.00,0,0,0.00,0,0.00
2026-03-29 15:39:44,2037.79,0,0,0,0,0,0,0,1.00,0,1.00,3.38,1.88,1.41,0.94,D,0.00,12.00,12.00,12.00,12.00,^,0.00,,11.50,9.40,504,0.00,42.2,0,0,0.00,0.00,0.00,12.00,0.00,0.00,0,0,0.00,0,0.00
2026-03-29 15:39:45,2038.80,0,0,0,0,0,0,0,0.00,0,1.00,3.38,1.88,2.49,1.00,D,0.00,12.00,1.19,12.00,12.00,^,0.00,,13.30,9.40,504,0.00,43.3,0,0,0.00,0.00,0.00,12.00,0.00,0.00,0,0,0.00,0,0.00
2026-03-29 15:39:46,2039.80,0,0,0,0,0,0,0,1.00,0,1.00,3.38,1.88,2.57,1.00,D,0.00,12.00,0.69,12.00,12.00,^,0.00,,9.80,9.50,504,0.00,43.3,0,0,0.00,0.00,0.00,12.00,0.00,0.00,0,0,0.00,0,0.00
2026-03-29 15:39:47,2040.81,0,0,0,0,0,0,0,0.00,0,1.00,3.38,1.88,2.11,1.00,D,0.00,12.00,12.00,12.00,1.29,^,0.00,,12.50,9.50,504,0.00,42.2,0,0,0.00,0.00,0.00,12.00,0.00,0.00,0,0,0.00,0,0.00
2026-03-29 15:39:48,2041.83,0,0,0,0,0,0,0,0.00,0,1.00,3.38,1.88,2.74,1.00,D,0.00,12.00,12.00,12.00,2.14,^,0.00,,8.00,9.40,504,0.00,42.8,0,0,0.00,0.00,0.00,12.00,0.00,0.00,0,0,0.00,0,0.00
2026-03-29 15:39:49,2042.84,0,0,0,0,0,0,0,0.00,0,1.00,3.38,1.88,2.56,1.00,D,0.00,12.00,12.00,12.00,2.48,^,0.00,,7.90,9.40,504,0.00,42.8,0,0,0.00,0.00,0.00,12.00,0.00,0.00,0,0,0.00,0,0.00
2026-03-29 15:39:50,2043.86,0,0,0,0,0,0,0,0.00,0,1.00,3.38,1.88,2.36,1.00,D,0.00,12.00,2.36,12.00,2.35,^,0.00,,13.50,9.40,504,0.00,41.7,0,0,0.00,0.00,0.00,12.00,0.00,0.00,0,0,0.00,0,0.00
2026-03-29 15:39:51,2044.87,0,0,0,0,0,0,0,0.00,0,1.00,3.38,1.88,2.52,1.00,D,0.00,12.00,12.00,12.00,12.00,^,0.00,,10.70,9.40,504,0.00,43.3,0,0,0.00,0.00,0.00,12.00,0.00,0.00,0,0,0.00,0,0.00
2026-03-29 15:39:52,2045.88,0,0,0,0,0,0,0,0.99,0,1.00,3.38,1.88,2.71,1.00,D,0.00,2.37,12.00,12.00,12.00,^,0.00,,14.60,9.30,504,0.00,41.7,0,0,0.00,0.00,0.00,2.37,0.00,0.00,0,0,0.00,0,0.00
2026-03-29 15:39:54,2046.90,0,0,0,0,0,0,0,0.00,0,1.00,3.38,1.88,2.67,1.00,D,0.00,2.18,12.00,12.00,12.00,^,0.00,,12.40,9.20,504,0.00,41.7,0,0,0.00,0.00,0.00,2.18,0.00,0.00,0,0,0.00,0,0.00
2026-03-29 15:39:55,2047.91,0,0,0,0,0,0,0,1.00,0,1.00,3.38,1.88,2.45,1.00,D,0.00,2.17,12.00,1.85,12.00,^,0.00,,11.50,9.40,504,0.00,41.7,0,0,0.00,0.00,0.00,2.17,0.00,0.00,0,0,0.00,0,0.00
2026-03-29 15:39:56,2048.91,0,0,0,0,0,0,0,0.00,0,1.00,3.38,1.88,2.76,1.00,D,0.00,1.27,12.00,12.00,2.48,^,0.00,,13.60,9.40,504,0.00,42.2,0,0,0.00,0.00,0.00,1.27,0.00,0.00,0,0,0.00,0,0.00
2026-03-29 15:39:57,2049.91,0,0,0,0,0,0,0,0.00,0,1.00,3.38,1.88,2.53,1.00,D,0.00,0.52,12.00,0.49,12.00,CAUTION_WARNING,0.00,,11.20,9.40,504,0.00,43.3,0,0,0.00,0.00,0.00,0.52,0.00,0.00,0,0,0.00,0,0.00
2026-03-29 15:39:58,2050.92,0,0,0,0,0,0,0,0.00,0,1.00,3.38,1.88,2.45,1.00,D,0.00,12.00,12.00,12.00,0.51,^,0.00,,12.20,9.10,504,0.00,43.3,0,0,0.00,0.00,0.00,12.00,0.00,0.00,0,0,0.00,0,0.00
2026-03-29 15:39:59,2051.94,0,0,0,0,0,0,0,1.00,0,1.00,3.38,1.88,2.65,1.00,D,0.00,12.00,12.00,12.00,0.60,^,0.00,,16.20,9.30,504,0.00,42.8,0,0,0.00,0.00,0.00,12.00,0.00,0.00,0,0,0.00,0,0.00
2026-03-29 15:40:00,2052.95,0,0,0,0,0,0,0,0.00,0,1.00,3.38,1.88,2.61,1.00,D,0.00,12.00,12.00,12.00,0.57,^,0.00,,13.30,9.40,504,0.00,41.7,0,0,0.00,0.00,0.00,12.00,0.00,0.00,0,0,0.00,0,0.00
2026-03-29 15:40:01,2053.97,0,0,0,0,0,0,0,0.00,0,1.00,3.38,1.88,2.65,1.00,D,0.00,12.00,12.00,12.00,0.90,^,0.00,,13.50,9.30,504,0.00,43.9,0,0,0.00,0.00,0.00,12.00,0.00,0.00,0,0,0.00,0,0.00
2026-03-29 15:40:02,2054.98,0,0,0,0,0,0,0,0.74,0,1.00,3.38,1.88,2.58,1.00,D,0.00,12.00,12.00,12.00,0.78,^,0.00,,15.00,9.30,504,0.00,42.2,0,0,0.00,0.00,0.00,12.00,0.00,0.00,0,0,0.00,0,0.00
2026-03-29 15:40:03,2055.99,0,0,0,0,0,0,0,0.00,0,1.00,3.38,1.88,2.55,1.00,D,0.00,12.00,12.00,12.00,0.66,^,0.00,,13.30,9.10,504,0.00,43.3,0,0,0.00,0.00,0.00,12.00,0.00,0.00,0,0,0.00,0,0.00
2026-03-29 15:40:04,2057.00,0,0,0,0,0,0,0,1.00,0,1.00,3.38,1.88,2.61,1.00,D,0.00,12.00,12.00,12.00,0.73,^,0.00,,19.70,9.30,504,0.00,43.9,0,0,0.00,0.00,0.00,12.00,0.00,0.00,0,0,0.00,0,0.00
2026-03-29 15:40:05,2058.01,0,0,0,0,0,0,0,0.98,0,1.00,3.38,1.88,2.55,1.00,D,0.00,12.00,12.00,12.00,0.79,^,0.00,,15.10,9.30,504,0.00,43.9,0,0,0.00,0.00,0.00,12.00,0.00,0.00,0,0,0.00,0,0.00
2026-03-29 15:40:06,2059.02,0,0,0,0,0,0,0,0.00,0,1.00,3.38,1.88,2.40,1.00,D,0.00,12.00,12.00,12.00,0.66,^,0.00,,14.20,9.30,504,0.00,41.7,0,0,0.00,0.00,0.00,12.00,0.00,0.00,0,0,0.00,0,0.00
2026-03-29 15:40:07,2060.04,0,0,0,0,0,0,0,1.00,0,1.00,3.38,1.88,2.72,1.00,D,0.00,12.00,12.00,12.00,0.65,^,0.00,,17.40,9.30,504,0.00,43.9,0,0,0.00,0.00,0.00,12.00,0.00,0.00,0,0,0.00,0,0.00
2026-03-29 15:40:08,2061.04,0,0,0,0,0,0,0,0.00,0,1.00,3.38,1.89,2.65,1.00,D,0.00,12.00,12.00,12.00,0.64,^,0.00,,9.40,9.30,504,0.00,41.7,0,0,0.00,0.00,0.00,12.00,0.00,0.00,0,0,0.00,0,0.00
2026-03-29 15:40:09,2062.06,0,0,0,0,0,0,0,0.00,0,1.00,3.38,1.89,2.65,1.00,D,0.00,12.00,12.00,12.00,0.86,^,0.00,,13.90,9.40,504,0.00,43.9,0,0,0.00,0.00,0.00,12.00,0.00,0.00,0,0,0.00,0,0.00
2026-03-29 15:40:10,2063.06,0,0,0,0,0,0,0,1.00,0,1.00,3.38,1.89,2.64,1.00,D,0.00,12.00,12.00,12.00,0.62,^,0.00,,17.20,9.40,504,0.00,43.9,0,0,0.00,0.00,0.00,12.00,0.00,0.00,0,0,0.00,0,0.00
2026-03-29 15:40:11,2064.07,0,0,0,0,0,0,0,1.00,0,1.00,3.38,1.89,2.65,1.00,D,0.00,12.00,12.00,12.00,0.61,^,0.00,,11.90,9.50,504,0.00,42.2,0,0,0.00,0.00,0.00,12.00,0.00,0.00,0,0,0.00,0,0.00
2026-03-29 15:40:12,2065.07,0,0,0,0,0,0,0,0.00,0,1.00,3.38,1.89,2.53,1.00,D,0.00,12.00,12.00,12.00,0.74,^,0.00,,15.30,9.40,504,0.00,43.9,0,0,0.00,0.00,0.00,12.00,0.00,0.00,0,0,0.00,0,0.00
2026-03-29 15:40:13,2066.08,0,0,0,0,0,0,0,0.00,0,1.00,3.38,1.89,2.48,1.00,D,0.00,12.00,12.00,12.00,0.69,^,0.00,,11.60,9.30,504,0.00,42.2,0,0,0.00,0.00,0.00,12.00,0.00,0.00,0,0,0.00,0,0.00
2026-03-29 15:40:14,2067.09,0,0,0,0,0,0,0,1.00,0,1.00,3.38,1.89,2.57,1.00,D,0.00,12.00,12.00,12.00,0.50,^,0.00,,15.70,9.40,504,0.00,43.9,0,0,0.00,0.00,0.00,12.00,0.00,0.00,0,0,0.00,0,0.00
2026-03-29 15:40:15,2068.10,0,0,0,0,0,0,0,0.00,0,1.00,3.38,1.89,2.40,1.00,D,0.00,12.00,12.00,12.00,0.61,^,0.00,,15.40,9.60,504,0.00,43.3,0,0,0.00,0.00,0.00,12.00,0.00,0.00,0,0,0.00,0,0.00
2026-03-29 15:40:16,2069.12,0,0,0,0,0,0,0,0.00,0,1.00,3.38,1.89,2.60,1.00,D,0.00,12.00,2.71,12.00,0.77,^,0.00,,15.00,9.70,504,0.00,43.3,0,0,0.00,0.00,0.00,12.00,0.00,0.00,0,0,0.00,0,0.00
2026-03-29 15:40:17,2070.13,0,0,0,0,0,0,0,0.00,0,1.00,3.38,1.89,2.69,1.00,D,0.00,12.00,2.36,12.00,0.59,^,0.00,,12.80,9.70,504,0.00,43.3,0,0,0.00,0.00,0.00,12.00,0.00,0.00,0,0,0.00,0,0.00
2026-03-29 15:40:18,2071.14,0,0,0,0,0,0,0,0.99,0,1.00,3.38,1.89,2.04,1.00,D,0.00,1.48,1.73,12.00,1.00,^,0.00,,9.60,9.70,504,0.00,41.1,0,0,0.00,0.00,0.00,1.48,0.00,0.00,0,0,0.00,0,0.00
2026-03-29 15:40:19,2072.16,0,0,0,0,0,0,0,0.99,0,1.00,3.38,1.89,1.67,1.00,D,0.00,12.00,1.34,12.00,1.34,^,0.00,,9.00,9.50,504,0.00,42.8,0,0,0.00,0.00,0.00,12.00,0.00,0.00,0,0,0.00,0,0.00
2026-03-29 15:40:20,2073.16,0,0,0,0,0,0,0,0.00,0,1.00,3.38,1.89,1.88,1.00,D,0.00,12.00,12.00,1.05,1.27,^,0.00,,14.50,9.40,504,0.00,42.8,0,0,0.00,0.00,0.00,12.00,0.00,0.00,0,0,0.00,0,0.00
2026-03-29 15:40:21,2074.18,0,0,0,0,0,0,0,0.00,0,1.00,3.38,1.89,2.54,1.00,D,0.00,12.00,12.00,12.00,0.87,^,0.00,,13.30,9.50,504,0.00,43.3,0,0,0.00,0.00,0.00,12.00,0.00,0.00,0,0,0.00,0,0.00
2026-03-29 15:40:22,2075.19,0,0,0,0,0,0,0,0.00,0,1.00,3.38,1.89,2.28,1.00,D,0.00,12.00,12.00,12.00,1.14,^,0.00,,11.00,9.40,504,0.00,42.8,0,0,0.00,0.00,0.00,12.00,0.00,0.00,0,0,0.00,0,0.00
2026-03-29 15:40:23,2076.20,0,0,0,0,0,0,0,0.62,0,1.00,3.38,1.89,2.32,1.00,D,0.00,12.00,1.85,12.00,1.05,^,0.00,,10.40,9.30,504,0.00,42.8,0,0,0.00,0.00,0.00,12.00,0.00,0.00,0,0,0.00,0,0.00
2026-03-29 15:40:24,2077.22,0,0,0,0,0,0,0,0.00,0,1.00,3.38,1.89,2.22,1.00,D,0.00,12.00,12.00,12.00,0.87,^,0.00,,7.70,9.40,504,0.00,42.8,0,0,0.00,0.00,0.00,12.00,0.00,0.00,0,0,0.00,0,0.00
2026-03-29 15:40:25,2078.23,0,0,0,0,0,0,0,0.00,0,1.00,3.38,1.89,2.25,1.00,D,0.00,12.00,12.00,12.00,0.83,^,0.00,,11.70,9.50,504,0.00,43.3,0,0,0.00,0.00,0.00,12.00,0.00,0.00,0,0,0.00,0,0.00
2026-03-29 15:40:26,2079.24,0,0,0,0,0,0,0,1.00,0,1.00,3.38,1.89,2.32,1.00,D,0.00,12.00,1.80,12.00,0.67,^,0.00,,15.00,9.20,504,0.00,43.3,0,0,0.00,0.00,0.00,12.00,0.00,0.00,0,0,0.00,0,0.00
2026-03-29 15:40:27,2080.28,0,0,0,0,0,0,0,0.00,0,1.00,3.38,1.89,2.17,1.00,D,0.00,12.00,1.83,12.00,0.52,^,0.00,,13.40,9.20,504,0.00,42.8,0,0,0.00,0.00,0.00,12.00,0.00,0.00,0,0,0.00,0,0.00
2026-03-29 15:40:28,2081.26,0,0,0,0,0,0,0,0.43,0,1.00,3.38,1.89,2.11,1.00,D,0.00,12.00,1.83,12.00,0.72,^,0.00,,14.60,9.30,504,0.00,42.8,0,0,0.00,0.00,0.00,12.00,0.00,0.00,0,0,0.00,0,0.00
2026-03-29 15:40:29,2082.27,0,0,0,0,0,0,0,0.00,0,1.00,3.38,1.89,2.33,1.00,D,0.00,12.00,12.00,12.00,0.72,^,0.00,,10.30,9.40,504,0.00,42.8,0,0,0.00,0.00,0.00,12.00,0.00,0.00,0,0,0.00,0,0.00
2026-03-29 15:40:30,2083.27,0,0,0,0,0,0,0,0.00,0,1.00,3.38,1.89,1.89,1.00,D,0.00,12.00,1.92,12.00,0.67,^,0.00,,10.90,9.30,504,0.00,43.3,0,0,0.00,0.00,0.00,12.00,0.00,0.00,0,0,0.00,0,0.00
2026-03-29 15:40:31,2084.28,0,0,0,0,0,0,0,0.28,0,1.00,3.38,1.89,2.18,1.00,D,0.00,12.00,1.78,12.00,0.58,^,0.00,,12.50,9.40,504,0.00,42.8,0,0,0.00,0.00,0.00,12.00,0.00,0.00,0,0,0.00,0,0.00
2026-03-29 15:40:32,2085.29,0,0,0,0,0,0,0,0.00,0,1.00,3.38,1.89,2.12,1.00,D,0.00,12.00,1.91,12.00,0.51,^,0.00,,9.30,9.30,504,0.00,42.2,0,0,0.00,0.00,0.00,12.00,0.00,0.00,0,0,0.00,0,0.00
2026-03-29 15:40:33,2086.30,0,0,0,0,0,0,0,0.00,0,1.00,3.38,1.89,1.99,1.00,D,0.00,12.00,1.72,12.00,0.76,^,0.00,,13.50,9.40,504,0.00,42.8,0,0,0.00,0.00,0.00,12.00,0.00,0.00,0,0,0.00,0,0.00
2026-03-29 15:40:34,2087.32,0,0,0,0,0,0,0,0.00,0,1.00,3.38,1.89,2.11,1.00,D,0.00,12.00,1.81,12.00,0.74,^,0.00,,7.10,9.40,504,0.00,42.2,0,0,0.00,0.00,0.00,12.00,0.00,0.00,0,0,0.00,0,0.00
2026-03-29 15:40:35,2088.33,0,0,0,0,0,0,0,0.00,0,1.00,3.38,1.89,1.97,1.00,D,0.00,12.00,12.00,0.94,0.79,^,0.00,,8.20,9.40,504,0.00,42.2,0,0,0.00,0.00,0.00,12.00,0.00,0.00,0,0,0.00,0,0.00
2026-03-29 15:40:36,2089.35,0,0,0,0,0,0,0,1.00,0,1.00,3.38,1.89,1.95,1.00,D,0.00,12.00,1.87,12.00,0.81,^,0.00,,13.50,9.50,504,0.00,41.7,0,0,0.00,0.00,0.00,12.00,0.00,0.00,0,0,0.00,0,0.00
2026-03-29 15:40:37,2090.36,0,0,0,0,0,0,0,0.00,0,1.00,3.38,1.89,1.94,1.00,D,0.00,12.00,2.13,0.86,1.76,^,0.00,,10.90,9.30,504,0.00,42.2,0,0,0.00,0.00,0.00,12.00,0.00,0.00,0,0,0.00,0,0.00
2026-03-29 15:40:38,2091.37,0,0,0,0,0,0,0,0.00,0,1.00,3.38,1.89,2.23,1.00,D,0.00,12.00,1.84,12.00,0.89,^,0.00,,12.50,9.40,504,0.00,42.8,0,0,0.00,0.00,0.00,12.00,0.00,0.00,0,0,0.00,0,0.00
2026-03-29 15:40:39,2092.39,0,0,0,0,0,0,0,0.40,0,1.00,3.38,1.89,2.33,1.00,D,0.00,12.00,12.00,1.15,1.02,^,0.00,,10.80,9.30,504,0.00,40.6,0,0,0.00,0.00,0.00,12.00,0.00,0.00,0,0,0.00,0,0.00
2026-03-29 15:40:40,2093.40,0,0,0,0,0,0,0,0.00,0,1.00,3.38,1.89,2.14,1.00,D,0.00,12.00,12.00,0.83,1.09,^,0.00,,10.20,9.50,504,0.00,41.7,0,0,0.00,0.00,0.00,12.00,0.00,0.00,0,0,0.00,0,0.00
2026-03-29 15:40:41,2094.42,0,0,0,0,0,0,0,0.00,0,1.00,3.38,1.89,2.01,1.00,D,0.00,12.00,1.98,12.00,0.82,^,0.00,,15.20,9.50,504,0.00,41.7,0,0,0.00,0.00,0.00,12.00,0.00,0.00,0,0,0.00,0,0.00
2026-03-29 15:40:42,2095.43,0,0,0,0,0,0,0,0.00,0,1.00,3.38,1.89,2.09,1.00,D,0.00,12.00,1.44,12.00,1.21,^,0.00,,10.70,9.40,504,0.00,41.7,0,0,0.00,0.00,0.00,12.00,0.00,0.00,0,0,0.00,0,0.00
2026-03-29 15:40:43,2096.44,0,0,0,0,0,0,0,0.23,0,1.00,3.38,1.89,2.02,1.00,D,0.00,12.00,1.40,1.37,1.21,^,0.00,,10.90,9.40,504,0.00,42.8,0,0,0.00,0.00,0.00,12.00,0.00,0.00,0,0,0.00,0,0.00
2026-03-29 15:40:44,2097.47,0,0,0,0,0,0,0,0.00,0,1.00,3.38,1.89,1.91,1.00,D,0.00,12.00,2.21,1.07,1.74,^,0.00,,11.60,9.30,504,0.00,41.1,0,0,0.00,0.00,0.00,12.00,0.00,0.00,0,0,0.00,0,0.00
2026-03-29 15:40:45,2098.45,0,0,0,0,0,0,0,0.00,0,1.00,3.38,1.89,2.05,1.00,D,0.00,12.00,1.78,1.29,1.46,^,0.00,,9.40,9.40,504,0.00,41.1,0,0,0.00,0.00,0.00,12.00,0.00,0.00,0,0,0.00,0,0.00
2026-03-29 15:40:46,2099.47,0,0,0,0,0,0,0,1.00,0,1.00,3.38,1.89,1.67,1.00,D,0.00,12.00,12.00,1.23,1.68,^,0.00,,15.20,9.40,504,0.00,42.2,0,0,0.00,0.00,0.00,12.00,0.00,0.00,0,0,0.00,0,0.00
2026-03-29 15:40:47,2100.48,0,0,0,0,0,0,0,-0.90,0,1.00,3.38,1.89,2.20,1.00,D,0.00,12.00,12.00,0.96,0.96,^,0.00,,10.50,9.20,504,0.00,41.7,0,0,0.00,0.00,0.00,12.00,0.00,0.00,0,0,0.00,0,0.00
2026-03-29 15:40:48,2101.49,0,0,0,0,0,0,0,0.00,0,1.00,3.38,1.89,1.93,1.00,D,0.00,12.00,12.00,1.22,1.04,^,0.00,,13.90,9.30,504,0.00,42.2,0,0,0.00,0.00,0.00,12.00,0.00,0.00,0,0,0.00,0,0.00
2026-03-29 15:40:49,2102.50,0,0,0,0,0,0,0,0.00,0,1.00,3.38,1.89,2.00,1.00,D,0.00,12.00,1.84,0.86,1.76,^,0.00,,11.30,9.30,504,0.00,40.0,0,0,0.00,0.00,0.00,12.00,0.00,0.00,0,0,0.00,0,0.00
2026-03-29 15:40:50,2103.52,0,0,0,0,0,0,0,0.00,0,1.00,3.38,1.89,2.03,1.00,D,0.00,12.00,12.00,0.83,0.66,^,0.00,,12.90,9.30,504,0.00,41.1,0,0,0.00,0.00,0.00,12.00,0.00,0.00,0,0,0.00,0,0.00
2026-03-29 15:40:51,2104.53,0,0,0,0,0,0,0,-0.82,0,1.00,3.38,1.89,1.95,1.00,D,0.00,12.00,12.00,0.77,0.76,^,0.00,,11.50,9.40,504,0.00,42.8,0,0,0.00,0.00,0.00,12.00,0.00,0.00,0,0,0.00,0,0.00
2026-03-29 15:40:52,2105.54,0,0,0,0,0,0,0,0.00,0,1.00,3.38,1.89,1.95,1.00,D,0.00,12.00,1.78,0.74,0.74,^,0.00,,15.70,9.30,504,0.00,41.7,0,0,0.00,0.00,0.00,12.00,0.00,0.00,0,0,0.00,0,0.00
2026-03-29 15:40:53,2106.55,0,0,0,0,0,0,0,0.00,0,1.00,3.38,1.89,2.16,1.00,D,0.00,12.00,1.84,12.00,0.70,^,0.00,,8.10,9.40,504,0.00,41.7,0,0,0.00,0.00,0.00,12.00,0.00,0.00,0,0,0.00,0,0.00
2026-03-29 15:40:54,2107.55,0,0,0,0,0,0,0,0.00,0,1.00,3.38,1.89,1.84,1.00,D,0.00,12.00,1.87,12.00,0.60,^,0.00,,13.40,9.30,504,0.00,41.7,0,0,0.00,0.00,0.00,12.00,0.00,0.00,0,0,0.00,0,0.00
2026-03-29 15:40:55,2108.57,0,0,0,0,0,0,0,1.00,0,1.00,3.38,1.89,2.13,1.00,D,0.00,12.00,1.72,12.00,0.69,^,0.00,,8.10,9.30,504,0.00,41.7,0,0,0.00,0.00,0.00,12.00,0.00,0.00,0,0,0.00,0,0.00
2026-03-29 15:40:56,2109.58,0,0,0,0,0,0,0,1.00,0,1.00,3.38,1.89,1.98,1.00,D,0.00,12.00,2.14,12.00,1.02,^,0.00,,13.50,9.30,504,0.00,41.7,0,0,0.00,0.00,0.00,12.00,0.00,0.00,0,0,0.00,0,0.00
2026-03-29 15:40:57,2110.58,0,0,0,0,0,0,0,1.00,0,1.00,3.38,1.89,1.71,1.00,D,0.00,12.00,1.43,12.00,1.11,^,0.00,,13.20,9.50,504,0.00,42.2,0,0,0.00,0.00,0.00,12.00,0.00,0.00,0,0,0.00,0,0.00
2026-03-29 15:40:58,2111.60,0,0,0,0,0,0,0,1.00,0,1.00,3.38,1.89,1.69,1.00,D,0.00,12.00,1.29,12.00,1.17,^,0.00,,11.10,9.50,504,0.00,42.2,0,0,0.00,0.00,0.00,12.00,0.00,0.00,0,0,0.00,0,0.00
2026-03-29 15:40:59,2112.61,0,0,0,0,0,0,0,0.00,0,1.00,3.38,1.89,1.11,1.00,D,0.00,12.00,1.85,0.98,0.93,^,0.00,,15.30,9.40,504,0.00,41.7,0,0,0.00,0.00,0.00,12.00,0.00,0.00,0,0,0.00,0,0.00
2026-03-29 15:41:00,2113.61,0,0,0,0,0,0,0,0.00,0,1.00,3.38,1.89,2.52,1.00,D,0.00,12.00,1.84,0.60,1.47,^,0.00,,14.50,9.20,504,0.00,41.7,0,0,0.00,0.00,0.00,12.00,0.00,0.00,0,0,0.00,0,0.00
2026-03-29 15:41:01,2114.62,0,0,0,0,0,0,0,0.00,0,1.00,3.38,1.89,2.56,1.00,D,0.00,12.00,1.86,0.52,0.49,^,0.00,,16.40,9.40,504,0.00,41.7,0,0,0.00,0.00,0.00,12.00,0.00,0.00,0,0,0.00,0,0.00
2026-03-29 15:41:02,2115.62,0,0,0,0,0,0,0,1.00,0,1.00,3.38,1.89,1.95,1.00,D,0.00,12.00,12.00,12.00,0.40,^,0.00,,19.00,9.30,504,0.00,42.2,0,0,0.00,0.00,0.00,12.00,0.00,0.00,0,0,0.00,0,0.00
2026-03-29 15:41:03,2116.62,0,0,0,0,0,0,0,0.00,0,1.00,3.38,1.89,1.60,1.00,D,0.00,12.00,12.00,12.00,0.66,^,0.00,,13.10,9.40,504,0.00,41.1,0,0,0.00,0.00,0.00,12.00,0.00,0.00,0,0,0.00,0,0.00
2026-03-29 15:41:04,2117.64,0,0,0,0,0,0,0,0.00,0,1.00,3.38,1.89,2.10,1.00,D,0.00,12.00,2.34,12.00,0.86,^,0.00,,14.10,9.10,504,0.00,42.2,0,0,0.00,0.00,0.00,12.00,0.00,0.00,0,0,0.00,0,0.00
2026-03-29 15:41:05,2118.65,0,0,0,0,0,0,0,0.00,0,1.00,3.38,1.89,2.38,1.00,D,0.00,12.00,12.00,12.00,0.73,^,0.00,,16.20,9.40,504,0.00,42.2,0,0,0.00,0.00,0.00,12.00,0.00,0.00,0,0,0.00,0,0.00
2026-03-29 15:41:06,2119.66,0,0,0,0,0,0,0,0.00,0,1.00,3.38,1.89,2.46,1.00,D,0.00,12.00,12.00,12.00,1.06,^,0.00,,9.20,9.30,504,0.00,40.0,0,0,0.00,0.00,0.00,12.00,0.00,0.00,0,0,0.00,0,0.00
2026-03-29 15:41:07,2120.67,0,0,0,0,0,0,0,0.00,0,1.00,3.38,1.89,2.51,1.00,D,0.00,12.00,12.00,12.00,0.85,^,0.00,,17.40,9.30,504,0.00,41.1,0,0,0.00,0.00,0.00,12.00,0.00,0.00,0,0,0.00,0,0.00
2026-03-29 15:41:08,2121.67,0,0,0,0,0,0,0,1.00,0,1.00,3.38,1.89,2.53,1.00,D,0.00,12.00,12.00,12.00,0.64,^,0.00,,14.40,9.40,504,0.00,42.2,0,0,0.00,0.00,0.00,12.00,0.00,0.00,0,0,0.00,0,0.00
2026-03-29 15:41:09,2122.69,0,0,0,0,0,0,0,0.00,0,1.00,3.38,1.89,2.57,1.00,D,0.00,12.00,12.00,12.00,0.66,^,0.00,,11.90,9.40,504,0.00,41.1,0,0,0.00,0.00,0.00,12.00,0.00,0.00,0,0,0.00,0,0.00
2026-03-29 15:41:10,2123.69,0,0,0,0,0,0,0,1.00,0,1.00,3.38,1.89,2.62,1.00,D,0.00,12.00,12.00,12.00,0.81,^,0.00,,14.80,9.50,504,0.00,41.1,0,0,0.00,0.00,0.00,12.00,0.00,0.00,0,0,0.00,0,0.00
2026-03-29 15:41:11,2124.70,0,0,0,0,0,0,0,0.00,0,1.00,3.38,1.89,2.64,1.00,D,0.00,12.00,12.00,12.00,0.60,^,0.00,,14.20,9.40,504,0.00,42.2,0,0,0.00,0.00,0.00,12.00,0.00,0.00,0,0,0.00,0,0.00
2026-03-29 15:41:12,2125.73,0,0,0,0,0,0,0,0.00,0,1.00,3.38,1.89,2.33,1.00,D,0.00,12.00,12.00,12.00,0.43,^,0.00,,13.60,9.70,504,0.00,42.2,0,0,0.00,0.00,0.00,12.00,0.00,0.00,0,0,0.00,0,0.00
2026-03-29 15:41:13,2126.73,0,0,0,0,0,0,0,1.00,0,1.00,3.38,1.89,2.47,1.00,D,0.00,12.00,12.00,12.00,0.43,^,0.00,,20.90,9.60,504,0.00,41.7,0,0,0.00,0.00,0.00,12.00,0.00,0.00,0,0,0.00,0,0.00
2026-03-29 15:41:14,2127.74,0,0,0,0,0,0,0,0.00,0,1.00,3.38,1.90,2.48,1.00,D,0.00,12.00,12.00,12.00,0.60,^,0.00,,12.10,9.60,504,0.00,40.6,0,0,0.00,0.00,0.00,12.00,0.00,0.00,0,0,0.00,0,0.00
2026-03-29 15:41:15,2128.75,0,0,0,0,0,0,0,0.00,0,1.00,3.38,1.90,2.58,1.00,D,0.00,12.00,12.00,12.00,0.82,^,0.00,,12.70,9.60,504,0.00,42.2,0,0,0.00,0.00,0.00,12.00,0.00,0.00,0,0,0.00,0,0.00
2026-03-29 15:41:16,2129.76,0,0,0,0,0,0,0,1.00,0,1.00,3.38,1.90,2.63,1.00,D,0.00,12.00,12.00,12.00,0.77,^,0.00,,15.60,9.40,504,0.00,42.8,0,0,0.00,0.00,0.00,12.00,0.00,0.00,0,0,0.00,0,0.00
2026-03-29 15:41:17,2130.77,0,0,0,0,0,0,0,0.97,0,1.00,3.38,1.90,2.64,1.00,D,0.00,12.00,12.00,12.00,0.71,^,0.00,,10.50,9.60,504,0.00,42.2,0,0,0.00,0.00,0.00,12.00,0.00,0.00,0,0,0.00,0,0.00
2026-03-29 15:41:18,2131.78,0,0,0,0,0,0,0,1.00,0,1.00,3.38,1.90,2.44,1.00,D,0.00,12.00,12.00,12.00,0.64,^,0.00,,16.10,9.60,504,0.00,42.2,0,0,0.00,0.00,0.00,12.00,0.00,0.00,0,0,0.00,0,0.00
2026-03-29 15:41:19,2132.78,0,0,0,0,0,0,0,1.00,0,1.00,3.38,1.90,2.49,1.00,D,0.00,12.00,12.00,12.00,0.51,^,0.00,,12.70,9.50,504,0.00,41.7,0,0,0.00,0.00,0.00,12.00,0.00,0.00,0,0,0.00,0,0.00
2026-03-29 15:41:20,2133.81,0,0,0,0,0,0,0,0.00,0,1.00,3.38,1.90,2.43,1.00,D,0.00,12.00,12.00,12.00,0.49,^,0.00,,14.50,9.40,504,0.00,42.8,0,0,0.00,0.00,0.00,12.00,0.00,0.00,0,0,0.00,0,0.00
2026-03-29 15:41:21,2134.81,0,0,0,0,0,0,0,1.00,0,1.00,3.38,1.90,2.63,1.00,D,0.00,12.00,12.00,12.00,0.62,^,0.00,,14.40,9.60,504,0.00,41.7,0,0,0.00,0.00,0.00,12.00,0.00,0.00,0,0,0.00,0,0.00
2026-03-29 15:41:22,2135.83,0,0,0,0,0,0,0,0.00,0,1.00,3.38,1.90,2.67,1.00,D,0.00,12.00,2.46,12.00,0.81,^,0.00,,11.20,9.60,504,0.00,40.6,0,0,0.00,0.00,0.00,12.00,0.00,0.00,0,0,0.00,0,0.00
2026-03-29 15:41:23,2136.84,0,0,0,0,0,0,0,1.00,0,1.00,3.38,1.90,2.39,1.00,D,0.00,12.00,12.00,12.00,0.68,^,0.00,,20.20,9.60,504,0.00,41.7,0,0,0.00,0.00,0.00,12.00,0.00,0.00,0,0,0.00,0,0.00
2026-03-29 15:41:24,2137.85,0,0,0,0,0,0,0,1.00,0,1.00,3.38,1.90,2.66,1.00,D,0.00,12.00,12.00,12.00,0.59,^,0.00,,12.60,9.60,504,0.00,41.1,0,0,0.00,0.00,0.00,12.00,0.00,0.00,0,0,0.00,0,0.00
2026-03-29 15:41:25,2138.86,0,0,0,0,0,0,0,0.00,0,1.00,3.38,1.90,2.23,1.00,D,0.00,12.00,2.21,12.00,0.68,^,0.00,,13.90,9.80,504,0.00,40.6,0,0,0.00,0.00,0.00,12.00,0.00,0.00,0,0,0.00,0,0.00
2026-03-29 15:41:26,2139.86,0,0,0,0,0,0,0,0.00,0,1.00,3.38,1.90,2.67,1.00,D,0.00,12.00,2.26,12.00,0.87,^,0.00,,15.70,9.50,504,0.00,40.6,0,0,0.00,0.00,0.00,12.00,0.00,0.00,0,0,0.00,0,0.00
2026-03-29 15:41:27,2140.88,0,0,0,0,0,0,0,1.00,0,1.00,3.38,1.90,2.71,1.00,D,0.00,12.00,1.79,12.00,0.72,^,0.00,,11.90,9.70,504,0.00,42.2,0,0,0.00,0.00,0.00,12.00,0.00,0.00,0,0,0.00,0,0.00
2026-03-29 15:41:29,2141.89,0,0,0,0,0,0,0,0.00,0,1.00,3.38,1.90,2.58,1.00,D,0.00,12.00,2.07,12.00,0.51,^,0.00,,13.70,9.70,504,0.00,42.2,0,0,0.00,0.00,0.00,12.00,0.00,0.00,0,0,0.00,0,0.00
2026-03-29 15:41:30,2142.90,0,0,0,0,0,0,0,0.00,0,1.00,3.38,1.90,2.55,1.00,D,0.00,12.00,12.00,12.00,0.47,^,0.00,,11.50,9.60,504,0.00,42.2,0,0,0.00,0.00,0.00,12.00,0.00,0.00,0,0,0.00,0,0.00
2026-03-29 15:41:31,2143.92,0,0,0,0,0,0,0,0.00,0,1.00,3.38,1.90,2.63,1.00,D,0.00,12.00,2.63,12.00,0.78,^,0.00,,10.20,9.30,504,0.00,42.2,0,0,0.00,0.00,0.00,12.00,0.00,0.00,0,0,0.00,0,0.00
2026-03-29 15:41:32,2144.93,0,0,0,0,0,0,0,0.00,0,1.00,3.38,1.90,2.64,1.00,D,0.00,12.00,2.78,12.00,0.63,^,0.00,,15.10,9.50,504,0.00,42.8,0,0,0.00,0.00,0.00,12.00,0.00,0.00,0,0,0.00,0,0.00
2026-03-29 15:41:33,2145.94,0,0,0,0,0,0,0,0.00,0,1.00,3.38,1.90,2.70,1.00,D,0.00,12.00,12.00,12.00,0.56,^,0.00,,13.30,9.30,504,0.00,42.2,0,0,0.00,0.00,0.00,12.00,0.00,0.00,0,0,0.00,0,0.00
2026-03-29 15:41:34,2146.96,0,0,0,0,0,0,0,1.00,0,1.00,3.38,1.90,2.64,1.00,D,0.00,12.00,2.07,12.00,0.63,^,0.00,,13.90,9.00,504,0.00,43.3,0,0,0.00,0.00,0.00,12.00,0.00,0.00,0,0,0.00,0,0.00
2026-03-29 15:41:35,2147.96,0,0,0,0,0,0,0,0.00,0,1.00,3.38,1.90,2.37,1.00,D,0.00,12.00,1.32,12.00,0.91,^,0.00,,20.30,9.40,504,0.00,42.8,0,0,0.00,0.00,0.00,12.00,0.00,0.00,0,0,0.00,0,0.00
2026-03-29 15:41:36,2148.98,0,0,0,0,0,0,0,1.00,0,1.00,3.38,1.90,2.72,1.00,D,0.00,12.00,1.33,12.00,0.90,^,0.00,,11.60,9.20,504,0.00,42.2,0,0,0.00,0.00,0.00,12.00,0.00,0.00,0,0,0.00,0,0.00
2026-03-29 15:41:37,2149.99,0,0,0,0,0,0,0,0.99,0,1.00,3.38,1.90,2.52,1.00,D,0.00,12.00,1.12,12.00,0.96,^,0.00,,15.40,9.50,504,0.00,42.2,0,0,0.00,0.00,0.00,12.00,0.00,0.00,0,0,0.00,0,0.00
2026-03-29 15:41:38,2150.99,0,0,0,0,0,0,0,1.00,0,1.00,3.38,1.90,2.82,1.00,D,0.00,12.00,1.18,12.00,0.97,^,0.00,,15.60,9.50,504,0.00,41.1,0,0,0.00,0.00,0.00,12.00,0.00,0.00,0,0,0.00,0,0.00
2026-03-29 15:41:39,2152.01,0,0,0,0,0,0,0,0.00,0,1.00,3.38,1.90,2.36,1.00,D,0.00,12.00,0.79,12.00,0.54,^,0.00,,15.10,9.40,504,0.00,41.7,0,0,0.00,0.00,0.00,12.00,0.00,0.00,0,0,0.00,0,0.00
2026-03-29 15:41:40,2153.01,0,0,0,0,0,0,0,0.00,0,1.00,3.38,1.90,2.79,1.00,D,0.00,12.00,12.00,12.00,0.73,^,0.00,,16.60,9.40,504,0.00,41.7,0,0,0.00,0.00,0.00,12.00,0.00,0.00,0,0,0.00,0,0.00
2026-03-29 15:41:41,2154.01,0,0,0,0,0,0,0,0.00,0,1.00,3.38,1.90,2.63,1.00,D,0.00,12.00,2.03,12.00,0.55,^,0.00,,11.60,9.20,504,0.00,42.2,0,0,0.00,0.00,0.00,12.00,0.00,0.00,0,0,0.00,0,0.00
2026-03-29 15:41:42,2155.02,0,0,0,0,0,0,0,1.00,0,1.00,3.38,1.90,2.54,1.00,D,0.00,12.00,1.31,12.00,0.43,^,0.00,,13.30,9.50,504,0.00,42.2,0,0,0.00,0.00,0.00,12.00,0.00,0.00,0,0,0.00,0,0.00
2026-03-29 15:41:43,2156.03,0,0,0,0,0,0,0,-0.41,0,1.00,3.38,1.90,2.69,1.00,D,0.00,12.00,1.51,12.00,0.59,^,0.00,,17.30,9.40,504,0.00,41.7,0,0,0.00,0.00,0.00,12.00,0.00,0.00,0,0,0.00,0,0.00
2026-03-29 15:41:44,2157.05,0,0,0,0,0,0,0,0.00,0,1.00,3.38,1.90,2.66,1.00,D,0.00,12.00,1.75,12.00,0.82,^,0.00,,15.00,9.40,504,0.00,42.2,0,0,0.00,0.00,0.00,12.00,0.00,0.00,0,0,0.00,0,0.00
2026-03-29 15:41:45,2158.05,0,0,0,0,0,0,0,0.00,0,1.00,3.38,1.90,2.70,1.00,D,0.00,12.00,1.48,12.00,0.84,^,0.00,,15.20,9.40,504,0.00,42.8,0,0,0.00,0.00,0.00,12.00,0.00,0.00,0,0,0.00,0,0.00
2026-03-29 15:41:46,2159.06,0,0,0,0,0,0,0,1.00,0,1.00,3.38,1.91,2.89,1.00,D,0.00,12.00,0.96,12.00,0.86,^,0.00,,14.90,9.30,504,0.00,42.8,0,0,0.00,0.00,0.00,12.00,0.00,0.00,0,0,0.00,0,0.00
2026-03-29 15:41:47,2160.07,0,0,0,0,0,0,0,1.00,0,1.00,3.38,1.91,1.79,1.00,D,0.00,12.00,1.04,12.00,1.05,^,0.00,,11.80,9.40,504,0.00,42.2,0,0,0.00,0.00,0.00,12.00,0.00,0.00,0,0,0.00,0,0.00
2026-03-29 15:41:48,2161.08,0,0,0,0,0,0,0,1.00,0,1.00,3.38,1.91,2.22,1.00,D,0.00,12.00,1.23,0.84,0.60,^,0.00,,16.20,9.40,504,0.00,43.3,0,0,0.00,0.00,0.00,12.00,0.00,0.00,0,0,0.00,0,0.00
2026-03-29 15:41:49,2162.09,0,0,0,0,0,0,0,1.00,0,1.00,3.38,1.91,1.99,1.00,D,0.00,12.00,0.49,12.00,0.93,^,0.00,,14.70,9.40,504,0.00,41.7,0,0,0.00,0.00,0.00,12.00,0.00,0.00,0,0,0.00,0,0.00
2026-03-29 15:41:50,2163.10,0,0,0,0,0,0,0,0.00,0,1.00,3.38,1.91,2.30,1.00,D,0.00,12.00,1.26,0.64,0.87,^,0.00,,15.80,9.60,504,0.00,42.2,0,0,0.00,0.00,0.00,12.00,0.00,0.00,0,0,0.00,0,0.00
2026-03-29 15:41:51,2164.12,0,0,0,0,0,0,0,1.00,0,1.00,3.38,1.91,2.56,1.00,D,0.00,12.00,1.89,12.00,0.36,^,0.00,,13.50,9.60,504,0.00,42.8,0,0,0.00,0.00,0.00,12.00,0.00,0.00,0,0,0.00,0,0.00
2026-03-29 15:41:52,2165.13,0,0,0,0,0,0,0,0.00,0,1.00,3.38,1.91,2.40,1.00,D,0.00,12.00,12.00,12.00,0.86,^,0.00,,10.80,9.80,504,0.00,41.7,0,0,0.00,0.00,0.00,12.00,0.00,0.00,0,0,0.00,0,0.00
2026-03-29 15:41:53,2166.14,0,0,0,0,0,0,0,1.00,0,1.00,3.38,1.91,2.58,1.00,D,0.00,12.00,12.00,12.00,1.09,^,0.00,,17.20,9.80,504,0.00,41.7,0,0,0.00,0.00,0.00,12.00,0.00,0.00,0,0,0.00,0,0.00
2026-03-29 15:41:54,2167.14,0,0,0,0,0,0,0,-0.23,0,1.00,3.38,1.91,2.20,1.00,D,0.00,12.00,2.22,12.00,1.05,^,0.00,,16.30,9.80,504,0.00,42.2,0,0,0.00,0.00,0.00,12.00,0.00,0.00,0,0,0.00,0,0.00
2026-03-29 15:41:55,2168.16,0,0,0,0,0,0,0,1.00,0,1.00,3.38,1.91,1.55,1.00,D,0.00,12.00,0.58,12.00,12.00,^,0.00,,17.20,9.70,504,0.00,42.8,0,0,0.00,0.00,0.00,12.00,0.00,0.00,0,0,0.00,0,0.00
2026-03-29 15:41:56,2169.16,0,0,0,0,0,0,0,0.00,0,1.00,3.38,1.91,2.20,1.00,D,0.00,12.00,1.54,12.00,0.60,^,0.00,,13.20,9.70,504,0.00,42.8,0,0,0.00,0.00,0.00,12.00,0.00,0.00,0,0,0.00,0,0.00
2026-03-29 15:41:57,2170.17,0,0,0,0,0,0,0,0.00,0,1.00,3.38,1.91,2.55,1.00,D,0.00,12.00,1.66,12.00,0.74,^,0.00,,13.30,9.60,504,0.00,42.2,0,0,0.00,0.00,0.00,12.00,0.00,0.00,0,0,0.00,0,0.00
2026-03-29 15:41:58,2171.19,0,0,0,0,0,0,0,0.00,0,1.00,3.38,1.91,2.44,1.00,D,0.00,12.00,1.55,12.00,0.84,^,0.00,,15.90,9.60,504,0.00,43.3,0,0,0.00,0.00,0.00,12.00,0.00,0.00,0,0,0.00,0,0.00
2026-03-29 15:41:59,2172.20,0,0,0,0,0,0,0,0.00,0,1.00,3.38,1.91,2.38,1.00,D,0.00,12.00,1.34,12.00,0.69,^,0.00,,15.70,9.50,504,0.00,42.8,0,0,0.00,0.00,0.00,12.00,0.00,0.00,0,0,0.00,0,0.00
2026-03-29 15:42:00,2173.21,0,0,0,0,0,0,0,1.00,0,1.00,3.38,1.91,2.54,1.00,D,0.00,12.00,1.65,12.00,0.60,^,0.00,,19.50,9.40,504,0.00,41.1,0,0,0.00,0.00,0.00,12.00,0.00,0.00,0,0,0.00,0,0.00
2026-03-29 15:42:01,2174.23,0,0,0,0,0,0,0,0.00,0,1.00,3.38,1.91,2.66,1.00,D,0.00,12.00,1.70,12.00,0.80,^,0.00,,15.90,9.40,504,0.00,43.3,0,0,0.00,0.00,0.00,12.00,0.00,0.00,0,0,0.00,0,0.00
2026-03-29 15:42:02,2175.24,0,0,0,0,0,0,0,0.00,0,1.00,3.38,1.91,1.97,1.00,D,0.00,12.00,1.34,12.00,0.53,^,0.00,,11.90,9.40,504,0.00,42.2,0,0,0.00,0.00,0.00,12.00,0.00,0.00,0,0,0.00,0,0.00
2026-03-29 15:42:03,2176.26,0,0,0,0,0,0,0,0.84,0,1.00,3.38,1.91,2.35,1.00,D,0.00,12.00,1.58,12.00,0.40,^,0.00,,17.30,9.40,504,0.00,41.7,0,0,0.00,0.00,0.00,12.00,0.00,0.00,0,0,0.00,0,0.00
2026-03-29 15:42:04,2177.27,0,0,0,0,0,0,0,1.00,0,1.00,3.38,1.91,2.72,1.00,D,0.00,12.00,1.43,12.00,0.77,^,0.00,,18.00,9.10,504,0.00,42.8,0,0,0.00,0.00,0.00,12.00,0.00,0.00,0,0,0.00,0,0.00
2026-03-29 15:42:05,2178.28,0,0,0,0,0,0,0,0.00,0,1.00,3.38,1.91,2.23,1.00,D,0.00,12.00,1.09,12.00,0.57,^,0.00,,9.20,9.50,504,0.00,41.7,0,0,0.00,0.00,0.00,12.00,0.00,0.00,0,0,0.00,0,0.00
2026-03-29 15:42:06,2179.29,0,0,0,0,0,0,0,0.00,0,1.00,3.38,1.91,2.27,1.00,D,0.00,12.00,1.86,12.00,0.55,^,0.00,,15.70,9.50,504,0.00,43.9,0,0,0.00,0.00,0.00,12.00,0.00,0.00,0,0,0.00,0,0.00
2026-03-29 15:42:07,2180.30,0,0,0,0,0,0,0,0.00,0,1.00,3.38,1.91,2.62,1.00,D,0.00,12.00,1.90,12.00,0.87,^,0.00,,9.90,9.50,504,0.00,43.9,0,0,0.00,0.00,0.00,12.00,0.00,0.00,0,0,0.00,0,0.00
2026-03-29 15:42:08,2181.32,0,0,0,0,0,0,0,0.00,0,1.00,3.38,1.91,2.54,1.00,D,0.00,12.00,1.64,12.00,0.60,^,0.00,,11.30,9.40,504,0.00,42.8,0,0,0.00,0.00,0.00,12.00,0.00,0.00,0,0,0.00,0,0.00
2026-03-29 15:42:09,2182.33,0,0,0,0,0,0,0,0.00,0,1.00,3.38,1.91,2.37,1.00,D,0.00,12.00,1.72,12.00,0.54,^,0.00,,19.00,9.40,504,0.00,42.2,0,0,0.00,0.00,0.00,12.00,0.00,0.00,0,0,0.00,0,0.00
2026-03-29 15:42:10,2183.35,0,0,0,0,0,0,0,0.00,0,1.00,3.38,1.91,2.06,1.00,D,0.00,12.00,1.76,12.00,0.51,^,0.00,,12.10,9.40,504,0.00,42.2,0,0,0.00,0.00,0.00,12.00,0.00,0.00,0,0,0.00,0,0.00
2026-03-29 15:42:11,2184.36,0,0,0,0,0,0,0,0.00,0,1.00,3.38,1.91,2.43,1.00,D,0.00,12.00,2.04,12.00,0.48,^,0.00,,17.10,9.40,504,0.00,42.8,0,0,0.00,0.00,0.00,12.00,0.00,0.00,0,0,0.00,0,0.00
2026-03-29 15:42:12,2185.37,0,0,0,0,0,0,0,0.00,0,1.00,3.38,1.91,2.34,1.00,D,0.00,12.00,1.88,12.00,0.69,^,0.00,,12.20,9.40,504,0.00,42.2,0,0,0.00,0.00,0.00,12.00,0.00,0.00,0,0,0.00,0,0.00
2026-03-29 15:42:13,2186.38,0,0,0,0,0,0,0,1.00,0,1.00,3.38,1.91,2.34,1.00,D,0.00,12.00,1.93,12.00,0.68,^,0.00,,13.50,9.30,504,0.00,41.7,0,0,0.00,0.00,0.00,12.00,0.00,0.00,0,0,0.00,0,0.00
2026-03-29 15:42:14,2187.39,0,0,0,0,0,0,0,0.00,0,1.00,3.38,1.91,2.27,1.00,D,0.00,12.00,1.81,12.00,0.56,^,0.00,,16.80,9.30,504,0.00,42.8,0,0,0.00,0.00,0.00,12.00,0.00,0.00,0,0,0.00,0,0.00
2026-03-29 15:42:15,2188.40,0,0,0,0,0,0,0,0.00,0,1.00,3.38,1.91,2.18,1.00,D,0.00,12.00,12.00,12.00,0.76,^,0.00,,14.30,9.00,504,0.00,42.8,0,0,0.00,0.00,0.00,12.00,0.00,0.00,0,0,0.00,0,0.00
2026-03-29 15:42:16,2189.42,0,0,0,0,0,0,0,-1.00,0,1.00,3.38,1.91,2.65,1.00,D,0.00,12.00,12.00,12.00,0.74,^,0.00,,13.10,9.40,504,0.00,41.1,0,0,0.00,0.00,0.00,12.00,0.00,0.00,0,0,0.00,0,0.00
2026-03-29 15:42:17,2190.42,0,0,0,0,0,0,0,1.00,0,1.00,3.38,1.91,2.67,1.00,D,0.00,12.00,12.00,12.00,0.51,^,0.00,,24.40,9.50,504,0.00,43.3,0,0,0.00,0.00,0.00,12.00,0.00,0.00,0,0,0.00,0,0.00
2026-03-29 15:42:18,2191.42,0,0,0,0,0,0,0,0.83,0,1.00,3.38,1.91,2.33,1.00,D,0.00,12.00,2.12,12.00,0.68,^,0.00,,19.30,9.50,504,0.00,43.3,0,0,0.00,0.00,0.00,12.00,0.00,0.00,0,0,0.00,0,0.00
2026-03-29 15:42:19,2192.42,0,0,0,0,0,0,0,0.00,0,1.00,3.38,1.91,2.59,1.00,D,0.00,12.00,12.00,12.00,0.61,^,0.00,,14.50,9.40,504,0.00,43.3,0,0,0.00,0.00,0.00,12.00,0.00,0.00,0,0,0.00,0,0.00
2026-03-29 15:42:20,2193.43,0,0,0,0,0,0,0,0.00,0,1.00,3.38,1.91,2.54,1.00,D,0.00,12.00,1.54,12.00,0.41,^,0.00,,14.30,9.30,504,0.00,41.7,0,0,0.00,0.00,0.00,12.00,0.00,0.00,0,0,0.00,0,0.00
2026-03-29 15:42:21,2194.45,0,0,0,0,0,0,0,0.00,0,1.00,3.38,1.91,2.60,1.00,D,0.00,12.00,1.35,12.00,0.49,^,0.00,,12.60,9.40,504,0.00,42.2,0,0,0.00,0.00,0.00,12.00,0.00,0.00,0,0,0.00,0,0.00
2026-03-29 15:42:22,2195.46,0,0,0,0,0,0,0,0.00,0,1.00,3.38,1.91,2.45,1.00,D,0.00,12.00,1.13,12.00,0.52,^,0.00,,16.10,9.50,504,0.00,43.3,0,0,0.00,0.00,0.00,12.00,0.00,0.00,0,0,0.00,0,0.00
2026-03-29 15:42:23,2196.47,0,0,0,0,0,0,0,0.00,0,1.00,3.38,1.91,2.36,1.00,D,0.00,12.00,1.54,12.00,0.55,^,0.00,,13.50,9.50,504,0.00,42.8,0,0,0.00,0.00,0.00,12.00,0.00,0.00,0,0,0.00,0,0.00
2026-03-29 15:42:24,2197.58,0,0,0,0,0,0,0,0.00,0,1.00,3.38,1.91,2.55,1.00,D,0.00,12.00,2.22,12.00,0.79,^,0.00,,13.10,9.50,504,0.00,42.2,0,0,0.00,0.00,0.00,12.00,0.00,0.00,0,0,0.00,0,0.00
2026-03-29 15:42:25,2198.50,0,0,0,0,0,0,0,0.00,0,1.00,3.38,1.91,2.30,1.00,D,0.00,12.00,1.81,12.00,0.52,^,0.00,,16.50,9.40,504,0.00,43.9,0,0,0.00,0.00,0.00,12.00,0.00,0.00,0,0,0.00,0,0.00
2026-03-29 15:42:26,2199.51,0,0,0,0,0,0,0,0.00,0,1.00,3.38,1.91,2.39,1.00,D,0.00,12.00,2.08,12.00,0.52,^,0.00,,13.40,9.70,504,0.00,41.1,0,0,0.00,0.00,0.00,12.00,0.00,0.00,0,0,0.00,0,0.00
2026-03-29 15:42:27,2200.51,0,0,0,0,0,0,0,0.00,0,1.00,3.38,1.91,2.23,1.00,D,0.00,12.00,1.88,12.00,0.77,^,0.00,,18.00,9.70,504,0.00,43.9,0,0,0.00,0.00,0.00,12.00,0.00,0.00,0,0,0.00,0,0.00
2026-03-29 15:42:28,2201.53,0,0,0,0,0,0,0,1.00,0,1.00,3.38,1.91,2.56,1.00,D,0.00,12.00,1.68,12.00,0.60,^,0.00,,10.80,9.60,504,0.00,42.8,0,0,0.00,0.00,0.00,12.00,0.00,0.00,0,0,0.00,0,0.00
2026-03-29 15:42:29,2202.65,0,0,0,0,0,0,0,0.00,0,1.00,3.38,1.91,2.41,1.00,D,0.00,12.00,1.94,12.00,0.59,^,0.00,,16.60,9.60,504,0.00,43.9,0,0,0.00,0.00,0.00,12.00,0.00,0.00,0,0,0.00,0,0.00
2026-03-29 15:42:30,2203.55,0,0,0,0,0,0,0,0.00,0,1.00,3.38,1.91,2.51,1.00,D,0.00,12.00,1.83,12.00,0.71,^,0.00,,18.70,9.50,504,0.00,42.2,0,0,0.00,0.00,0.00,12.00,0.00,0.00,0,0,0.00,0,0.00
2026-03-29 15:42:31,2204.57,0,0,0,0,0,0,0,0.00,0,1.00,3.38,1.92,2.49,1.00,D,0.00,12.00,12.00,12.00,0.72,^,0.00,,12.60,9.30,504,0.00,42.2,0,0,0.00,0.00,0.00,12.00,0.00,0.00,0,0,0.00,0,0.00
2026-03-29 15:42:32,2205.58,0,0,0,0,0,0,0,1.00,0,1.00,3.38,1.92,2.67,1.00,D,0.00,1.64,1.60,12.00,0.68,^,0.00,,15.00,9.50,504,0.00,43.3,0,0,0.00,0.00,0.00,1.64,0.00,0.00,0,0,0.00,0,0.00
2026-03-29 15:42:33,2206.59,0,0,0,0,0,0,0,1.00,0,1.00,3.38,1.92,2.59,1.00,D,0.00,12.00,1.07,12.00,1.14,^,0.00,,12.80,9.50,504,0.00,43.9,0,0,0.00,0.00,0.00,12.00,0.00,0.00,0,0,0.00,0,0.00
2026-03-29 15:42:34,2207.61,0,0,0,0,0,0,0,1.00,0,1.00,3.38,1.92,2.38,1.00,D,0.00,12.00,12.00,12.00,0.90,^,0.00,,11.70,9.40,504,0.00,42.2,0,0,0.00,0.00,0.00,12.00,0.00,0.00,0,0,0.00,0,0.00
2026-03-29 15:42:35,2208.62,0,0,0,0,0,0,0,0.00,0,1.00,3.38,1.92,2.49,1.00,D,0.00,12.00,12.00,12.00,0.55,^,0.00,,14.30,9.50,504,0.00,41.1,0,0,0.00,0.00,0.00,12.00,0.00,0.00,0,0,0.00,0,0.00
2026-03-29 15:42:36,2209.63,0,0,0,0,0,0,0,0.00,0,1.00,3.38,1.92,2.44,1.00,D,0.00,12.00,12.00,12.00,0.88,^,0.00,,11.50,9.40,504,0.00,42.8,0,0,0.00,0.00,0.00,12.00,0.00,0.00,0,0,0.00,0,0.00
2026-03-29 15:42:37,2210.65,0,0,0,0,0,0,0,0.00,0,1.00,3.38,1.92,2.48,1.00,D,0.00,12.00,12.00,12.00,1.08,^,0.00,,14.50,9.40,504,0.00,43.3,0,0,0.00,0.00,0.00,12.00,0.00,0.00,0,0,0.00,0,0.00
2026-03-29 15:42:38,2211.66,0,0,0,0,0,0,0,0.97,0,1.00,3.38,1.92,2.22,1.00,D,0.00,12.00,12.00,12.00,1.10,^,0.00,,12.40,9.40,504,0.00,42.8,0,0,0.00,0.00,0.00,12.00,0.00,0.00,0,0,0.00,0,0.00
2026-03-29 15:42:39,2212.66,0,0,0,0,0,0,0,0.83,0,1.00,3.38,1.92,2.46,1.00,D,0.00,12.00,12.00,12.00,0.91,^,0.00,,17.30,9.40,504,0.00,42.2,0,0,0.00,0.00,0.00,12.00,0.00,0.00,0,0,0.00,0,0.00
2026-03-29 15:42:40,2213.66,0,0,0,0,0,0,0,0.00,0,1.00,3.38,1.92,2.36,1.00,D,0.00,12.00,12.00,12.00,0.83,^,0.00,,18.90,9.30,504,0.00,43.3,0,0,0.00,0.00,0.00,12.00,0.00,0.00,0,0,0.00,0,0.00
2026-03-29 15:42:41,2214.66,0,0,0,0,0,0,0,0.57,0,1.00,3.38,1.92,2.44,1.00,D,0.00,12.00,12.00,12.00,1.09,^,0.00,,15.50,9.40,504,0.00,42.8,0,0,0.00,0.00,0.00,12.00,0.00,0.00,0,0,0.00,0,0.00
2026-03-29 15:42:42,2215.66,0,0,0,0,0,0,0,0.75,0,1.00,3.38,1.92,2.57,1.00,D,0.00,12.00,12.00,12.00,0.93,^,0.00,,16.30,9.50,504,0.00,42.2,0,0,0.00,0.00,0.00,12.00,0.00,0.00,0,0,0.00,0,0.00
2026-03-29 15:42:43,2216.66,0,0,0,0,0,0,0,0.00,0,1.00,3.38,1.92,2.47,1.00,D,0.00,12.00,12.00,12.00,0.92,^,0.00,,18.70,9.30,504,0.00,43.3,0,0,0.00,0.00,0.00,12.00,0.00,0.00,0,0,0.00,0,0.00
2026-03-29 15:42:44,2217.68,0,0,0,0,0,0,0,0.13,0,1.00,3.38,1.92,2.42,1.00,D,0.00,12.00,12.00,12.00,0.97,^,0.00,,12.60,9.60,504,0.00,43.3,0,0,0.00,0.00,0.00,12.00,0.00,0.00,0,0,0.00,0,0.00
2026-03-29 15:42:45,2218.69,0,0,0,0,0,0,0,0.00,0,1.00,3.38,1.92,2.59,1.00,D,0.00,12.00,12.00,12.00,0.90,^,0.00,,15.70,9.60,504,0.00,42.8,0,0,0.00,0.00,0.00,12.00,0.00,0.00,0,0,0.00,0,0.00
2026-03-29 15:42:46,2219.70,0,0,0,0,0,0,0,1.00,0,1.00,3.38,1.92,2.34,1.00,D,0.00,12.00,12.00,12.00,0.97,^,0.00,,15.10,9.50,504,0.00,43.3,0,0,0.00,0.00,0.00,12.00,0.00,0.00,0,0,0.00,0,0.00
2026-03-29 15:42:47,2220.72,0,0,0,0,0,0,0,0.00,0,1.00,3.38,1.92,2.39,1.00,D,0.00,12.00,12.00,12.00,0.78,^,0.00,,9.60,9.50,504,0.00,41.7,0,0,0.00,0.00,0.00,12.00,0.00,0.00,0,0,0.00,0,0.00
2026-03-29 15:42:48,2221.72,0,0,0,0,0,0,0,0.00,0,1.00,3.38,1.92,2.40,1.00,D,0.00,12.00,12.00,1.57,0.63,^,0.00,,14.90,9.50,504,0.00,42.8,0,0,0.00,0.00,0.00,12.00,0.00,0.00,0,0,0.00,0,0.00
2026-03-29 15:42:49,2222.74,0,0,0,0,0,0,0,0.00,0,1.00,3.38,1.92,2.43,1.00,D,0.00,12.00,12.00,12.00,0.56,^,0.00,,12.30,9.20,504,0.00,43.9,0,0,0.00,0.00,0.00,12.00,0.00,0.00,0,0,0.00,0,0.00
2026-03-29 15:42:50,2223.75,0,0,0,0,0,0,0,0.00,0,1.00,3.38,1.92,2.44,1.00,D,0.00,12.00,12.00,12.00,0.83,^,0.00,,13.70,9.50,504,0.00,43.9,0,0,0.00,0.00,0.00,12.00,0.00,0.00,0,0,0.00,0,0.00
2026-03-29 15:42:51,2224.76,0,0,0,0,0,0,0,0.00,0,1.00,3.38,1.92,2.61,1.00,D,0.00,12.00,12.00,12.00,0.64,^,0.00,,16.50,9.40,504,0.00,43.3,0,0,0.00,0.00,0.00,12.00,0.00,0.00,0,0,0.00,0,0.00
2026-03-29 15:42:52,2225.76,0,0,0,0,0,0,0,1.00,0,1.00,3.38,1.92,2.77,1.00,D,0.00,12.00,12.00,12.00,0.61,^,0.00,,16.80,9.70,504,0.00,43.3,0,0,0.00,0.00,0.00,12.00,0.00,0.00,0,0,0.00,0,0.00
2026-03-29 15:42:53,2226.77,0,0,0,0,0,0,0,0.00,0,1.00,3.38,1.92,2.68,1.00,D,0.00,12.00,12.00,1.87,0.82,^,0.00,,14.70,9.90,504,0.00,43.3,0,0,0.00,0.00,0.00,12.00,0.00,0.00,0,0,0.00,0,0.00
2026-03-29 15:42:54,2227.78,0,0,0,0,0,0,0,-0.90,0,1.00,3.38,1.92,2.41,1.00,D,0.00,12.00,12.00,12.00,0.69,^,0.00,,14.50,9.70,504,0.00,42.8,0,0,0.00,0.00,0.00,12.00,0.00,0.00,0,0,0.00,0,0.00
2026-03-29 15:42:55,2228.80,0,0,0,0,0,0,0,1.00,0,1.00,3.38,1.92,2.61,1.00,D,0.00,12.00,12.00,12.00,0.65,^,0.00,,14.20,9.70,504,0.00,43.3,0,0,0.00,0.00,0.00,12.00,0.00,0.00,0,0,0.00,0,0.00
2026-03-29 15:42:56,2229.81,0,0,0,0,0,0,0,0.00,0,1.00,3.38,1.92,2.47,1.00,D,0.00,12.00,12.00,12.00,0.90,^,0.00,,16.90,9.60,504,0.00,44.4,0,0,0.00,0.00,0.00,12.00,0.00,0.00,0,0,0.00,0,0.00
2026-03-29 15:42:57,2230.82,0,0,0,0,0,0,0,0.00,0,1.00,3.38,1.92,2.72,1.00,D,0.00,12.00,12.00,12.00,0.75,^,0.00,,10.80,9.60,504,0.00,42.8,0,0,0.00,0.00,0.00,12.00,0.00,0.00,0,0,0.00,0,0.00
2026-03-29 15:42:58,2231.84,0,0,0,0,0,0,0,0.00,0,1.00,3.38,1.92,2.66,1.00,D,0.00,12.00,12.00,12.00,0.68,^,0.00,,15.60,9.60,504,0.00,43.9,0,0,0.00,0.00,0.00,12.00,0.00,0.00,0,0,0.00,0,0.00
2026-03-29 15:43:00,2232.95,0,0,0,0,0,0,0,1.00,0,1.00,3.38,1.92,2.68,1.00,D,0.00,12.00,12.00,12.00,0.73,^,0.00,,16.70,9.50,504,0.00,43.9,0,0,0.00,0.00,0.00,12.00,0.00,0.00,0,0,0.00,0,0.00
2026-03-29 15:43:00,2233.85,0,0,0,0,0,0,0,0.00,0,1.00,3.38,1.92,2.32,1.00,D,0.00,12.00,12.00,12.00,0.92,^,0.00,,12.10,9.80,504,0.00,41.1,0,0,0.00,0.00,0.00,12.00,0.00,0.00,0,0,0.00,0,0.00
2026-03-29 15:43:01,2234.87,0,0,0,0,0,0,0,0.94,0,1.00,3.38,1.92,2.56,1.00,D,0.00,12.00,12.00,12.00,0.96,^,0.00,,17.40,9.80,504,0.00,43.9,0,0,0.00,0.00,0.00,12.00,0.00,0.00,0,0,0.00,0,0.00
2026-03-29 15:43:02,2235.88,0,0,0,0,0,0,0,0.00,0,1.00,3.38,1.92,2.68,1.00,D,0.00,12.00,12.00,2.13,0.83,^,0.00,,11.50,9.70,504,0.00,42.2,0,0,0.00,0.00,0.00,12.00,0.00,0.00,0,0,0.00,0,0.00
2026-03-29 15:43:04,2236.90,0,0,0,0,0,0,0,0.49,0,1.00,3.38,1.92,2.52,1.00,D,0.00,12.00,12.00,12.00,0.89,^,0.00,,15.50,9.70,504,0.00,41.7,0,0,0.00,0.00,0.00,12.00,0.00,0.00,0,0,0.00,0,0.00
2026-03-29 15:43:05,2237.91,0,0,0,0,0,0,0,0.00,0,1.00,3.38,1.92,2.74,1.00,D,0.00,12.00,12.00,12.00,0.85,^,0.00,,20.20,9.80,504,0.00,42.2,0,0,0.00,0.00,0.00,12.00,0.00,0.00,0,0,0.00,0,0.00
2026-03-29 15:43:06,2238.92,0,0,0,0,0,0,0,0.00,0,1.00,3.38,1.92,2.52,1.00,D,0.00,12.00,12.00,12.00,0.81,^,0.00,,14.10,9.80,504,0.00,42.8,0,0,0.00,0.00,0.00,12.00,0.00,0.00,0,0,0.00,0,0.00
2026-03-29 15:43:07,2239.94,0,0,0,0,0,0,0,0.00,0,1.00,3.38,1.92,2.78,1.00,D,0.00,12.00,12.00,12.00,0.62,^,0.00,,15.80,9.80,504,0.00,43.9,0,0,0.00,0.00,0.00,12.00,0.00,0.00,0,0,0.00,0,0.00
2026-03-29 15:43:08,2241.05,0,0,0,0,0,0,0,0.00,0,1.00,3.38,1.92,2.35,0.96,D,0.00,12.00,12.00,2.36,0.76,^,0.00,,18.10,9.70,504,0.00,42.8,0,0,0.00,0.00,0.00,12.00,0.00,0.00,0,0,0.00,0,0.00
2026-03-29 15:43:09,2241.95,0,0,0,0,0,0,0,0.00,0,0.00,3.38,1.93,2.52,0.85,D,0.00,12.00,12.00,2.40,0.85,^,0.00,,10.10,9.60,504,0.00,42.8,0,0,0.00,0.00,0.00,12.00,0.00,0.00,0,0,0.00,0,0.00
2026-03-29 15:43:10,2242.96,0,0,0,0,0,0,0,0.00,0,0.00,3.38,1.93,1.95,0.24,D,0.00,12.00,12.00,12.00,1.32,^,0.00,,12.00,9.40,504,0.00,41.7,0,0,0.00,0.00,0.00,12.00,0.00,0.00,0,0,0.00,0,0.00
2026-03-29 15:43:11,2243.98,0,0,0,0,0,0,0,0.00,0,0.00,3.38,1.93,1.57,0.00,D,0.00,12.00,12.00,12.00,1.87,^,0.00,,8.60,9.50,504,0.00,42.8,0,0,0.00,0.00,0.00,12.00,0.00,0.00,0,0,0.00,0,0.00
2026-03-29 15:43:12,2244.99,0,0,0,0,0,0,0,0.00,0,0.00,3.38,1.92,0.00,0.00,D,0.00,12.00,12.00,12.00,2.03,^,0.00,,10.60,9.50,504,0.21,42.8,0,0,0.00,0.00,0.00,12.00,0.00,0.00,0,0,0.00,0,0.00
2026-03-29 15:43:13,2245.99,0,0,0,0,0,0,0,0.00,0,0.00,3.38,1.92,0.00,0.00,D,0.00,12.00,12.00,12.00,2.04,^,0.00,,13.50,9.50,504,1.21,41.7,0,0,0.00,0.00,0.00,12.00,0.00,0.00,0,0,0.00,0,0.00
2026-03-29 15:43:14,2247.01,0,0,0,0,0,0,0,0.00,0,0.00,3.38,1.92,0.00,0.00,D,0.00,12.00,12.00,12.00,2.03,^,0.00,,8.60,9.30,504,2.22,42.2,0,0,0.00,0.00,0.00,12.00,0.00,0.00,0,0,0.00,0,0.00
2026-03-29 15:43:15,2248.02,0,0,0,0,0,0,0,0.00,0,0.00,3.38,1.92,0.00,0.00,D,0.00,12.00,12.00,12.00,2.00,^,0.00,,12.30,9.40,504,3.24,41.1,0,0,0.00,0.00,0.00,12.00,0.00,0.00,0,0,0.00,0,0.00
2026-03-29 15:43:16,2249.02,0,0,0,0,0,0,0,0.00,0,0.00,3.38,1.92,0.00,0.00,D,0.00,12.00,12.00,12.00,1.64,^,0.00,,8.20,9.40,504,4.24,42.8,0,0,0.00,0.00,0.00,12.00,0.00,0.00,0,0,0.00,0,0.00
2026-03-29 15:43:17,2250.04,0,0,0,0,0,0,0,0.00,0,1.00,3.38,1.92,0.00,0.33,D,0.00,12.00,12.00,12.00,1.18,^,0.00,,8.60,9.40,504,5.26,42.8,0,0,0.00,0.00,0.00,12.00,0.00,0.00,0,0,0.00,0,0.00
2026-03-29 15:43:18,2251.04,0,0,0,0,0,0,0,1.00,0,1.00,3.38,1.92,0.33,0.84,D,0.00,12.00,12.00,12.00,1.17,^,0.00,,15.80,9.40,504,0.00,43.3,0,0,0.00,0.00,0.00,12.00,0.00,0.00,0,0,0.00,0,0.00
2026-03-29 15:43:19,2252.05,0,0,0,0,0,0,0,1.00,0,1.00,3.38,1.92,2.06,1.00,D,0.00,12.00,12.00,12.00,1.48,^,0.00,,11.70,9.20,504,0.00,42.8,0,0,0.00,0.00,0.00,12.00,0.00,0.00,0,0,0.00,0,0.00
2026-03-29 15:43:20,2253.07,0,0,0,0,0,0,0,0.00,0,1.00,3.38,1.92,2.39,1.00,D,0.00,12.00,12.00,12.00,1.59,^,0.00,,19.80,9.50,504,0.00,42.8,0,0,0.00,0.00,0.00,12.00,0.00,0.00,0,0,0.00,0,0.00
2026-03-29 15:43:21,2254.07,0,0,0,0,0,0,0,0.98,0,1.00,3.38,1.92,2.64,1.00,D,0.00,12.00,12.00,12.00,1.45,^,0.00,,16.80,9.30,504,0.00,43.9,0,0,0.00,0.00,0.00,12.00,0.00,0.00,0,0,0.00,0,0.00
2026-03-29 15:43:22,2255.08,0,0,0,0,0,0,0,0.00,0,1.00,3.38,1.92,2.46,1.00,D,0.00,12.00,12.00,1.16,1.08,^,0.00,,14.80,9.60,504,0.00,42.8,0,0,0.00,0.00,0.00,12.00,0.00,0.00,0,0,0.00,0,0.00
2026-03-29 15:43:23,2256.09,0,0,0,0,0,0,0,0.00,0,1.00,3.38,1.92,2.05,1.00,D,0.00,12.00,12.00,12.00,0.77,^,0.00,,18.60,9.90,504,0.00,43.3,0,0,0.00,0.00,0.00,12.00,0.00,0.00,0,0,0.00,0,0.00
2026-03-29 15:43:24,2257.11,0,0,0,0,0,0,0,0.00,0,1.00,3.38,1.92,2.35,1.00,D,0.00,12.00,12.00,12.00,0.70,^,0.00,,12.90,9.90,504,0.00,42.8,0,0,0.00,0.00,0.00,12.00,0.00,0.00,0,0,0.00,0,0.00
2026-03-29 15:43:25,2258.12,0,0,0,0,0,0,0,0.00,0,1.00,3.38,1.92,2.40,1.00,D,0.00,12.00,12.00,12.00,1.02,^,0.00,,17.90,9.80,504,0.00,43.9,0,0,0.00,0.00,0.00,12.00,0.00,0.00,0,0,0.00,0,0.00
2026-03-29 15:43:26,2259.13,0,0,0,0,0,0,0,0.00,0,1.00,3.38,1.92,2.60,1.00,D,0.00,12.00,12.00,12.00,0.67,^,0.00,,12.50,9.80,504,0.00,42.8,0,0,0.00,0.00,0.00,12.00,0.00,0.00,0,0,0.00,0,0.00
2026-03-29 15:43:27,2260.15,0,0,0,0,0,0,0,1.00,0,1.00,3.38,1.92,2.61,1.00,D,0.00,12.00,12.00,12.00,0.68,^,0.00,,13.90,9.70,504,0.00,42.8,0,0,0.00,0.00,0.00,12.00,0.00,0.00,0,0,0.00,0,0.00
2026-03-29 15:43:28,2261.16,0,0,0,0,0,0,0,0.00,0,1.00,3.38,1.92,2.35,1.00,D,0.00,12.00,12.00,2.66,0.83,^,0.00,,19.30,9.70,504,0.00,44.4,0,0,0.00,0.00,0.00,12.00,0.00,0.00,0,0,0.00,0,0.00
2026-03-29 15:43:29,2262.16,0,0,0,0,0,0,0,0.00,0,1.00,3.38,1.92,2.36,1.00,D,0.00,12.00,12.00,2.31,0.92,^,0.00,,12.20,9.50,504,0.00,41.7,0,0,0.00,0.00,0.00,12.00,0.00,0.00,0,0,0.00,0,0.00
2026-03-29 15:43:30,2263.18,0,0,0,0,0,0,0,0.00,0,1.00,3.38,1.92,2.60,1.00,D,0.00,12.00,12.00,12.00,0.96,^,0.00,,11.20,9.60,504,0.00,41.7,0,0,0.00,0.00,0.00,12.00,0.00,0.00,0,0,0.00,0,0.00
2026-03-29 15:43:31,2264.18,0,0,0,0,0,0,0,1.00,0,1.00,3.38,1.92,2.85,1.00,D,0.00,12.00,12.00,12.00,0.63,^,0.00,,20.90,9.50,504,0.00,42.2,0,0,0.00,0.00,0.00,12.00,0.00,0.00,0,0,0.00,0,0.00
2026-03-29 15:43:32,2265.19,0,0,0,0,0,0,0,0.00,0,1.00,3.38,1.92,2.43,1.00,D,0.00,12.00,12.00,12.00,0.86,^,0.00,,15.30,9.50,504,0.00,42.8,0,0,0.00,0.00,0.00,12.00,0.00,0.00,0,0,0.00,0,0.00
2026-03-29 15:43:33,2266.20,0,0,0,0,0,0,0,0.00,0,1.00,3.38,1.92,2.38,1.00,D,0.00,12.00,12.00,12.00,0.88,^,0.00,,16.30,9.50,504,0.00,43.9,0,0,0.00,0.00,0.00,12.00,0.00,0.00,0,0,0.00,0,0.00
2026-03-29 15:43:34,2267.20,0,0,0,0,0,0,0,0.00,0,1.00,3.38,1.92,2.74,1.00,D,0.00,1.60,12.00,12.00,0.75,^,0.00,,12.50,9.40,504,0.00,42.2,0,0,0.00,0.00,0.00,1.60,0.00,0.00,0,0,0.00,0,0.00
2026-03-29 15:43:35,2268.21,0,0,0,0,0,0,0,0.00,0,1.00,3.38,1.92,2.18,1.00,D,0.00,0.50,0.46,12.00,0.93,CAUTION_WARNING,0.00,,15.40,9.50,504,0.00,42.8,0,0,0.00,0.00,0.00,0.50,0.00,0.00,0,0,0.00,0,0.00
2026-03-29 15:43:36,2269.22,0,0,0,0,0,0,0,1.00,0,1.00,3.38,1.92,2.89,1.00,D,0.00,1.71,12.00,12.00,0.45,^,0.00,,27.10,9.40,504,0.00,43.9,0,0,0.00,0.00,0.00,1.71,0.00,0.00,0,0,0.00,0,0.00
2026-03-29 15:43:37,2270.24,0,0,0,0,0,0,0,1.00,1,0.00,3.38,1.92,2.01,0.50,D,0.00,0.93,12.00,1.07,1.14,CAUTION_WARNING,0.00,,18.20,9.40,504,0.00,43.3,0,0,0.00,0.00,0.00,0.93,0.00,0.00,0,0,0.00,0,0.00
2026-03-29 15:43:38,2271.24,0,0,0,1,0,0,0,-0.32,0,1.00,3.38,1.92,1.05,-0.21,R,0.00,0.10,0.27,12.00,1.75,STOP_WARNING,0.00,,14.60,9.40,504,0.00,42.8,0,0,0.00,0.00,0.00,0.10,0.00,0.00,0,0,0.00,0,0.00
2026-03-29 15:43:39,2272.24,0,0,0,0,0,0,0,1.00,0,1.00,3.38,1.92,0.56,-0.81,R,0.00,0.30,0.29,12.00,1.77,STOP_WARNING,0.00,,18.20,9.10,504,0.00,42.8,0,0,0.00,0.00,0.00,0.30,0.00,0.00,0,0,0.00,0,0.00
2026-03-29 15:43:40,2273.26,0,0,0,0,0,0,0,1.00,0,1.00,3.38,1.92,2.34,-1.00,R,0.00,0.84,12.00,1.95,0.65,CAUTION_WARNING,0.00,,15.10,9.30,504,0.00,41.1,0,0,0.00,0.00,0.00,0.84,0.00,0.00,0,0,0.00,0,0.00
2026-03-29 15:43:41,2274.28,0,0,0,0,0,0,0,1.00,0,0.37,3.38,1.92,1.66,-0.96,R,0.00,12.00,12.00,1.61,0.68,^,0.00,,15.30,9.30,504,0.00,43.9,0,0,0.00,0.00,0.00,12.00,0.00,0.00,0,0,0.00,0,0.00
2026-03-29 15:43:42,2275.28,0,0,1,0,0,0,0,1.00,0,1.00,3.38,1.92,0.58,0.08,D,0.00,12.00,12.00,1.83,0.47,^,0.00,,17.80,9.40,504,0.00,42.8,0,0,0.00,0.00,0.00,12.00,0.00,0.00,0,0,0.00,0,0.00
2026-03-29 15:43:43,2276.29,0,0,0,0,0,0,0,1.00,0,1.00,3.38,1.92,0.87,0.59,D,0.00,1.61,12.00,1.63,0.70,^,0.00,,11.90,9.40,504,0.00,41.7,0,0,0.00,0.00,0.00,1.61,0.00,0.00,0,0,0.00,0,0.00
2026-03-29 15:43:44,2277.31,0,0,0,0,0,0,0,1.00,0,1.00,3.38,1.92,2.02,1.00,D,0.00,1.02,12.00,1.26,1.28,^,0.00,,15.00,9.20,504,0.00,42.8,0,0,0.00,0.00,0.00,1.02,0.00,0.00,0,0,0.00,0,0.00
2026-03-29 15:43:45,2278.32,0,0,0,0,0,0,0,0.00,0,0.00,3.38,1.92,0.79,0.68,D,0.00,0.51,0.44,1.81,1.69,CAUTION_WARNING,0.00,,9.20,9.40,504,0.00,42.2,0,0,0.00,0.00,0.00,0.51,0.00,0.00,0,0,0.00,0,0.00
2026-03-29 15:43:46,2279.34,0,0,0,0,0,0,0,0.00,0,0.00,3.38,1.92,1.35,0.77,D,0.00,0.19,0.20,1.88,1.75,STOP_WARNING,0.00,,12.00,9.40,504,0.00,42.8,0,0,0.00,0.00,0.00,0.19,0.00,0.00,0,0,0.00,0,0.00
2026-03-29 15:43:47,2280.35,0,0,0,1,0,0,0,1.00,0,1.00,3.38,1.92,0.06,-0.43,R,0.00,0.02,0.19,1.49,1.93,STOP_WARNING,0.00,,16.90,9.70,504,0.00,43.3,0,0,0.00,0.00,0.00,0.02,0.00,0.00,0,0,0.00,0,0.00
2026-03-29 15:43:48,2281.35,0,0,0,0,0,0,0,1.00,0,1.00,3.38,1.92,1.05,-0.75,R,0.00,0.39,0.42,1.48,1.71,STOP_WARNING,0.00,,12.80,9.60,504,0.00,42.8,0,0,0.00,0.00,0.00,0.39,0.00,0.00,0,0,0.00,0,0.00
2026-03-29 15:43:49,2282.35,0,0,0,0,0,0,0,1.00,0,0.00,3.38,1.92,1.40,-0.62,R,0.00,0.91,0.57,1.03,0.56,CAUTION_WARNING,0.00,,15.30,9.70,504,0.00,42.8,0,0,0.00,0.00,0.00,0.91,0.00,0.00,0,0,0.00,0,0.00
2026-03-29 15:43:50,2283.36,0,0,0,0,0,0,0,1.00,0,0.00,3.38,1.92,2.39,-0.94,R,0.00,12.00,0.63,1.28,0.72,^,0.00,,12.10,9.60,504,0.00,42.8,0,0,0.00,0.00,0.00,12.00,0.00,0.00,0,0,0.00,0,0.00
2026-03-29 15:43:51,2284.36,0,0,0,0,0,0,0,-0.18,0,0.00,3.38,1.92,2.48,-0.85,R,0.00,12.00,12.00,1.51,0.64,^,0.00,,12.90,9.40,504,0.00,42.8,0,0,0.00,0.00,0.00,12.00,0.00,0.00,0,0,0.00,0,0.00
2026-03-29 15:43:52,2285.36,0,0,1,0,0,0,0,0.86,0,0.00,3.38,1.92,1.32,0.00,D,0.00,1.68,12.00,1.42,0.42,^,0.00,,19.50,9.70,504,0.00,44.4,0,0,0.00,0.00,0.00,1.68,0.00,0.00,0,0,0.00,0,0.00
2026-03-29 15:43:53,2286.37,0,0,0,0,0,0,0,1.00,0,1.00,3.38,1.92,0.09,0.39,D,0.00,1.77,12.00,1.42,0.34,^,0.00,,14.80,9.40,504,0.01,43.9,0,0,0.00,0.00,0.00,1.77,0.00,0.00,0,0,0.00,0,0.00
2026-03-29 15:43:54,2287.38,0,0,0,0,0,0,0,1.00,0,0.40,3.38,1.92,0.73,0.23,D,0.00,1.58,12.00,1.37,0.55,^,0.00,,13.00,9.60,504,0.00,43.3,0,0,0.00,0.00,0.00,1.58,0.00,0.00,0,0,0.00,0,0.00
2026-03-29 15:43:55,2288.38,0,0,0,0,0,0,0,1.00,0,0.00,3.38,1.92,0.83,0.46,D,0.00,1.29,12.00,1.34,0.84,^,0.00,,19.80,9.60,504,0.00,43.9,0,0,0.00,0.00,0.00,1.29,0.00,0.00,0,0,0.00,0,0.00
2026-03-29 15:43:56,2289.39,0,0,0,0,0,0,0,1.00,0,0.00,3.38,1.92,0.44,0.00,D,0.00,0.95,12.00,1.34,1.18,CAUTION_WARNING,0.00,,8.50,9.60,504,0.00,42.8,0,0,0.00,0.00,0.00,0.95,0.00,0.00,0,0,0.00,0,0.00
2026-03-29 15:43:57,2290.40,0,0,0,0,0,0,0,1.00,0,1.00,3.38,1.92,0.00,0.26,D,0.00,0.86,12.00,1.33,1.26,CAUTION_WARNING,0.00,,15.00,9.90,504,0.01,43.9,0,0,0.00,0.00,0.00,0.86,0.00,0.00,0,0,0.00,0,0.00
2026-03-29 15:43:58,2291.42,0,0,0,0,0,0,0,1.00,0,0.52,3.38,1.92,0.91,0.73,D,0.00,0.73,12.00,1.33,1.33,CAUTION_WARNING,0.00,,9.30,9.80,504,0.00,43.9,0,0,0.00,0.00,0.00,0.73,0.00,0.00,0,0,0.00,0,0.00
2026-03-29 15:43:59,2292.42,0,0,0,1,0,0,0,-1.00,0,1.00,3.38,1.92,0.95,-0.28,R,0.00,0.20,0.23,0.23,1.49,STOP_WARNING,0.00,,13.00,9.80,504,0.00,41.7,0,0,0.00,0.00,0.00,0.20,0.00,0.00,0,0,0.00,0,0.00
2026-03-29 15:44:00,2293.43,0,0,0,0,0,0,0,-1.00,0,0.00,3.38,1.91,0.66,-0.76,R,0.00,0.25,0.27,12.00,1.43,STOP_WARNING,0.00,,16.20,9.80,504,0.00,43.9,0,0,0.00,0.00,0.00,0.25,0.00,0.00,0,0,0.00,0,0.00
2026-03-29 15:44:01,2294.45,0,0,1,0,0,0,0,1.00,0,1.00,3.38,1.91,0.00,0.17,D,0.00,0.42,0.41,1.40,1.69,STOP_WARNING,0.00,,15.10,9.70,504,0.39,41.1,0,0,0.00,0.00,0.00,0.42,0.00,0.00,0,0,0.00,0,0.00
2026-03-29 15:44:02,2295.46,0,0,0,0,0,0,0,1.00,0,0.00,3.38,1.91,0.61,0.53,D,0.00,0.36,0.33,1.36,1.76,STOP_WARNING,0.00,,14.40,9.80,504,0.00,42.8,0,0,0.00,0.00,0.00,0.36,0.00,0.00,0,0,0.00,0,0.00
2026-03-29 15:44:03,2296.47,0,0,0,0,0,0,0,0.00,0,1.00,3.38,1.91,0.47,0.49,D,0.00,12.00,0.17,1.25,0.18,^,0.00,,17.00,9.50,504,0.00,43.3,0,0,0.00,0.00,0.00,12.00,0.00,0.00,0,0,0.00,0,0.00
2026-03-29 15:44:04,2297.48,0,0,0,0,0,0,0,0.00,0,1.00,3.38,1.91,1.72,1.00,D,0.00,12.00,12.00,12.00,0.31,^,0.00,,16.80,9.80,504,0.00,43.3,0,0,0.00,0.00,0.00,12.00,0.00,0.00,0,0,0.00,0,0.00
2026-03-29 15:44:05,2298.50,0,0,0,0,0,0,0,0.00,0,1.00,3.38,1.91,2.58,1.00,D,0.00,1.92,12.00,12.00,1.09,^,0.00,,17.90,9.70,504,0.00,43.9,0,0,0.00,0.00,0.00,1.92,0.00,0.00,0,0,0.00,0,0.00
2026-03-29 15:44:06,2299.51,0,0,0,0,0,0,0,0.88,0,1.00,3.38,1.91,2.62,1.00,D,0.00,12.00,12.00,1.32,0.93,^,0.00,,14.00,9.70,504,0.00,43.9,0,0,0.00,0.00,0.00,12.00,0.00,0.00,0,0,0.00,0,0.00
2026-03-29 15:44:07,2300.52,0,0,0,0,0,0,0,0.00,0,1.00,3.38,1.91,2.73,1.00,D,0.00,12.00,12.00,1.22,0.81,^,0.00,,13.10,9.70,504,0.00,43.3,0,0,0.00,0.00,0.00,12.00,0.00,0.00,0,0,0.00,0,0.00
2026-03-29 15:44:08,2301.53,0,0,0,0,0,0,0,0.00,0,1.00,3.38,1.91,2.86,1.00,D,0.00,12.00,12.00,1.99,0.79,^,0.00,,15.90,9.60,504,0.00,43.3,0,0,0.00,0.00,0.00,12.00,0.00,0.00,0,0,0.00,0,0.00
2026-03-29 15:44:09,2302.53,0,0,0,0,0,0,0,0.00,0,1.00,3.38,1.91,2.40,1.00,D,0.00,12.00,12.00,1.99,0.83,^,0.00,,14.00,9.60,504,0.00,43.3,0,0,0.00,0.00,0.00,12.00,0.00,0.00,0,0,0.00,0,0.00
2026-03-29 15:44:10,2303.55,0,0,0,0,0,0,0,0.00,0,1.00,3.38,1.91,2.74,1.00,D,0.00,12.00,12.00,1.91,0.83,^,0.00,,13.60,9.60,504,0.00,43.9,0,0,0.00,0.00,0.00,12.00,0.00,0.00,0,0,0.00,0,0.00
2026-03-29 15:44:11,2304.66,0,0,0,0,0,0,0,0.00,0,1.00,3.38,1.91,2.48,1.00,D,0.00,12.00,12.00,12.00,0.69,^,0.00,,15.70,9.60,504,0.00,42.8,0,0,0.00,0.00,0.00,12.00,0.00,0.00,0,0,0.00,0,0.00
2026-03-29 15:44:12,2305.56,0,0,0,0,0,0,0,0.00,0,1.00,3.38,1.91,2.74,1.00,D,0.00,12.00,12.00,12.00,0.52,^,0.00,,9.90,9.40,504,0.00,41.7,0,0,0.00,0.00,0.00,12.00,0.00,0.00,0,0,0.00,0,0.00
2026-03-29 15:44:13,2306.57,0,0,0,0,0,0,0,0.99,0,1.00,3.38,1.91,2.72,1.00,D,0.00,12.00,12.00,12.00,0.61,^,0.00,,19.00,9.60,504,0.00,43.3,0,0,0.00,0.00,0.00,12.00,0.00,0.00,0,0,0.00,0,0.00
2026-03-29 15:44:14,2307.58,0,0,0,0,0,0,0,0.00,0,1.00,3.38,1.92,2.79,1.00,D,0.00,12.00,12.00,12.00,0.84,^,0.00,,14.00,9.50,504,0.00,43.3,0,0,0.00,0.00,0.00,12.00,0.00,0.00,0,0,0.00,0,0.00
2026-03-29 15:44:15,2308.59,0,0,0,0,0,0,0,0.98,0,1.00,3.38,1.92,2.65,1.00,D,0.00,12.00,12.00,12.00,0.97,^,0.00,,13.90,9.50,504,0.00,42.2,0,0,0.00,0.00,0.00,12.00,0.00,0.00,0,0,0.00,0,0.00
2026-03-29 15:44:16,2309.60,0,0,0,0,0,0,0,0.55,0,1.00,3.38,1.92,2.61,1.00,D,0.00,12.00,12.00,12.00,0.73,^,0.00,,16.10,9.60,504,0.00,43.3,0,0,0.00,0.00,0.00,12.00,0.00,0.00,0,0,0.00,0,0.00
2026-03-29 15:44:17,2310.60,0,0,0,0,0,0,0,0.00,0,1.00,3.38,1.92,2.77,1.00,D,0.00,12.00,12.00,12.00,0.58,^,0.00,,10.60,9.20,504,0.00,41.7,0,0,0.00,0.00,0.00,12.00,0.00,0.00,0,0,0.00,0,0.00
2026-03-29 15:44:18,2311.62,0,0,0,0,0,0,0,0.00,0,1.00,3.38,1.92,2.65,1.00,D,0.00,12.00,12.00,1.76,0.48,^,0.00,,16.40,9.40,504,0.00,43.9,0,0,0.00,0.00,0.00,12.00,0.00,0.00,0,0,0.00,0,0.00
2026-03-29 15:44:19,2312.62,0,0,0,0,0,0,0,1.00,0,1.00,3.38,1.92,2.89,1.00,D,0.00,12.00,12.00,1.88,0.50,^,0.00,,12.20,9.50,504,0.00,43.3,0,0,0.00,0.00,0.00,12.00,0.00,0.00,0,0,0.00,0,0.00
2026-03-29 15:44:20,2313.63,0,0,0,0,0,0,0,0.00,0,1.00,3.38,1.92,2.20,1.00,D,0.00,1.41,12.00,1.16,0.84,^,0.00,,12.80,9.50,504,0.00,42.8,0,0,0.00,0.00,0.00,1.41,0.00,0.00,0,0,0.00,0,0.00
2026-03-29 15:44:21,2314.65,0,0,0,0,0,0,0,1.00,0,1.00,3.38,1.92,2.76,1.00,D,0.00,1.16,12.00,0.72,0.64,^,0.00,,16.20,9.50,504,0.00,43.3,0,0,0.00,0.00,0.00,1.16,0.00,0.00,0,0,0.00,0,0.00
2026-03-29 15:44:22,2315.66,0,0,0,0,0,0,0,0.64,0,1.00,3.38,1.92,2.65,1.00,D,0.00,12.00,12.00,0.45,0.45,^,0.00,,11.50,9.40,504,0.00,41.7,0,0,0.00,0.00,0.00,12.00,0.00,0.00,0,0,0.00,0,0.00
2026-03-29 15:44:23,2316.67,0,0,0,0,0,0,0,1.00,0,1.00,3.38,1.92,2.62,1.00,D,0.00,12.00,12.00,12.00,0.85,^,0.00,,18.70,9.50,504,0.00,43.3,0,0,0.00,0.00,0.00,12.00,0.00,0.00,0,0,0.00,0,0.00
2026-03-29 15:44:24,2317.67,0,0,0,0,0,0,0,0.00,0,1.00,3.38,1.92,2.65,1.00,D,0.00,12.00,12.00,12.00,0.76,^,0.00,,12.20,9.50,504,0.00,41.7,0,0,0.00,0.00,0.00,12.00,0.00,0.00,0,0,0.00,0,0.00
2026-03-29 15:44:25,2318.69,0,0,0,0,0,0,0,0.00,0,1.00,3.38,1.92,2.74,1.00,D,0.00,12.00,12.00,12.00,0.60,^,0.00,,14.10,9.50,504,0.00,41.1,0,0,0.00,0.00,0.00,12.00,0.00,0.00,0,0,0.00,0,0.00
2026-03-29 15:44:26,2319.70,0,0,0,0,0,0,0,0.00,0,1.00,3.38,1.92,2.29,1.00,D,0.00,12.00,12.00,12.00,0.54,^,0.00,,17.80,9.40,504,0.00,41.7,0,0,0.00,0.00,0.00,12.00,0.00,0.00,0,0,0.00,0,0.00
2026-03-29 15:44:27,2320.71,0,0,0,0,0,0,0,1.00,0,1.00,3.38,1.92,2.72,1.00,D,0.00,12.00,12.00,12.00,0.55,^,0.00,,15.50,9.30,504,0.00,41.7,0,0,0.00,0.00,0.00,12.00,0.00,0.00,0,0,0.00,0,0.00
2026-03-29 15:44:28,2321.72,0,0,0,0,0,0,0,0.00,0,1.00,3.38,1.92,2.75,1.00,D,0.00,12.00,12.00,12.00,0.79,^,0.00,,12.40,9.40,504,0.00,42.8,0,0,0.00,0.00,0.00,12.00,0.00,0.00,0,0,0.00,0,0.00
2026-03-29 15:44:29,2322.72,0,0,0,0,0,0,0,0.00,0,1.00,3.38,1.92,2.72,1.00,D,0.00,1.81,12.00,1.17,0.84,^,0.00,,12.90,9.40,504,0.00,42.8,0,0,0.00,0.00,0.00,1.81,0.00,0.00,0,0,0.00,0,0.00
2026-03-29 15:44:30,2323.73,0,0,0,0,0,0,0,1.00,0,1.00,3.38,1.92,2.63,1.00,D,0.00,12.00,12.00,12.00,0.64,^,0.00,,10.40,9.40,504,0.00,42.2,0,0,0.00,0.00,0.00,12.00,0.00,0.00,0,0,0.00,0,0.00
2026-03-29 15:44:31,2324.73,0,0,0,0,0,0,0,0.00,0,1.00,3.38,1.92,2.48,1.00,D,0.00,12.00,12.00,1.91,0.68,^,0.00,,16.10,9.30,504,0.00,43.3,0,0,0.00,0.00,0.00,12.00,0.00,0.00,0,0,0.00,0,0.00
2026-03-29 15:44:32,2325.75,0,0,0,0,0,0,0,0.00,0,1.00,3.38,1.92,2.69,1.00,D,0.00,12.00,12.00,1.80,0.63,^,0.00,,15.90,9.20,504,0.00,43.3,0,0,0.00,0.00,0.00,12.00,0.00,0.00,0,0,0.00,0,0.00
2026-03-29 15:44:33,2326.76,0,0,0,0,0,0,0,1.00,0,1.00,3.38,1.92,2.66,1.00,D,0.00,12.00,12.00,2.01,0.72,^,0.00,,13.30,9.30,504,0.00,41.1,0,0,0.00,0.00,0.00,12.00,0.00,0.00,0,0,0.00,0,0.00
2026-03-29 15:44:34,2327.77,0,0,0,0,0,0,0,1.00,0,1.00,3.38,1.92,2.64,1.00,D,0.00,12.00,12.00,1.74,0.61,^,0.00,,15.90,9.30,504,0.00,43.3,0,0,0.00,0.00,0.00,12.00,0.00,0.00,0,0,0.00,0,0.00
2026-03-29 15:44:35,2328.78,0,0,0,0,0,0,0,0.54,0,1.00,3.38,1.92,2.77,1.00,D,0.00,12.00,12.00,1.55,0.47,^,0.00,,12.00,9.30,504,0.00,42.8,0,0,0.00,0.00,0.00,12.00,0.00,0.00,0,0,0.00,0,0.00
2026-03-29 15:44:36,2329.80,0,0,0,0,0,0,0,0.00,0,1.00,3.38,1.92,2.61,1.00,D,0.00,12.00,12.00,1.35,0.44,^,0.00,,14.70,9.30,504,0.00,42.2,0,0,0.00,0.00,0.00,12.00,0.00,0.00,0,0,0.00,0,0.00
2026-03-29 15:44:37,2330.81,0,0,0,0,0,0,0,0.00,0,1.00,3.38,1.92,2.58,1.00,D,0.00,12.00,12.00,12.00,0.33,^,0.00,,17.30,9.20,504,0.00,42.8,0,0,0.00,0.00,0.00,12.00,0.00,0.00,0,0,0.00,0,0.00
2026-03-29 15:44:38,2331.82,0,0,0,0,0,0,0,0.00,0,1.00,3.38,1.92,2.52,1.00,D,0.00,12.00,12.00,12.00,0.44,^,0.00,,11.80,9.30,504,0.00,42.2,0,0,0.00,0.00,0.00,12.00,0.00,0.00,0,0,0.00,0,0.00
2026-03-29 15:44:39,2332.83,0,0,0,0,0,0,0,0.14,0,1.00,3.38,1.92,2.84,1.00,D,0.00,12.00,12.00,12.00,0.92,^,0.00,,13.70,9.30,504,0.00,43.3,0,0,0.00,0.00,0.00,12.00,0.00,0.00,0,0,0.00,0,0.00
2026-03-29 15:44:40,2333.85,0,0,0,0,0,0,0,0.00,0,1.00,3.38,1.92,2.20,1.00,D,0.00,12.00,12.00,12.00,1.06,^,0.00,,16.30,9.60,504,0.00,43.3,0,0,0.00,0.00,0.00,12.00,0.00,0.00,0,0,0.00,0,0.00
2026-03-29 15:44:41,2334.86,0,0,0,0,0,0,0,1.00,0,1.00,3.38,1.92,2.79,1.00,D,0.00,12.00,12.00,12.00,1.03,^,0.00,,13.70,9.30,504,0.00,42.8,0,0,0.00,0.00,0.00,12.00,0.00,0.00,0,0,0.00,0,0.00
2026-03-29 15:44:42,2335.87,0,0,0,0,0,0,0,1.00,0,1.00,3.38,1.92,2.42,0.93,D,0.00,12.00,0.63,12.00,1.38,^,0.00,,18.00,9.30,504,0.00,43.3,0,0,0.00,0.00,0.00,12.00,0.00,0.00,0,0,0.00,0,0.00
2026-03-29 15:44:43,2336.88,0,0,0,0,0,0,0,0.00,0,1.00,3.38,1.92,1.78,1.00,D,0.00,12.00,12.00,1.01,1.10,^,0.00,,11.00,9.40,504,0.00,42.8,0,0,0.00,0.00,0.00,12.00,0.00,0.00,0,0,0.00,0,0.00
2026-03-29 15:44:45,2337.90,0,0,0,0,0,0,0,1.00,0,1.00,3.38,1.92,2.67,1.00,D,0.00,12.00,12.00,1.95,0.66,^,0.00,,15.80,9.40,504,0.00,41.7,0,0,0.00,0.00,0.00,12.00,0.00,0.00,0,0,0.00,0,0.00
2026-03-29 15:44:46,2338.90,0,0,0,0,0,0,0,0.10,0,1.00,3.38,1.92,2.75,1.00,D,0.00,12.00,12.00,1.79,0.72,^,0.00,,16.10,9.30,504,0.00,42.8,0,0,0.00,0.00,0.00,12.00,0.00,0.00,0,0,0.00,0,0.00
2026-03-29 15:44:47,2339.91,0,0,0,0,0,0,0,0.00,0,1.00,3.38,1.92,2.46,1.00,D,0.00,12.00,12.00,1.60,0.98,^,0.00,,12.00,9.20,504,0.00,41.7,0,0,0.00,0.00,0.00,12.00,0.00,0.00,0,0,0.00,0,0.00
2026-03-29 15:44:48,2340.93,0,0,0,0,0,0,0,0.99,0,1.00,3.38,1.92,2.62,1.00,D,0.00,12.00,12.00,12.00,0.67,^,0.00,,19.30,9.20,504,0.00,42.2,0,0,0.00,0.00,0.00,12.00,0.00,0.00,0,0,0.00,0,0.00
2026-03-29 15:44:49,2341.93,0,0,0,0,0,0,0,1.00,0,1.00,3.38,1.92,2.70,1.00,D,0.00,12.00,12.00,12.00,0.55,^,0.00,,12.10,9.30,504,0.00,42.2,0,0,0.00,0.00,0.00,12.00,0.00,0.00,0,0,0.00,0,0.00
2026-03-29 15:44:50,2342.94,0,0,0,0,0,0,0,1.00,0,1.00,3.38,1.93,2.79,1.00,D,0.00,12.00,12.00,12.00,0.65,^,0.00,,15.10,9.30,504,0.00,42.8,0,0,0.00,0.00,0.00,12.00,0.00,0.00,0,0,0.00,0,0.00
2026-03-29 15:44:51,2343.94,0,0,0,0,0,0,0,0.00,0,1.00,3.38,1.93,2.70,1.00,D,0.00,12.00,12.00,12.00,0.62,^,0.00,,14.60,9.30,504,0.00,42.8,0,0,0.00,0.00,0.00,12.00,0.00,0.00,0,0,0.00,0,0.00
2026-03-29 15:44:52,2344.96,0,0,0,0,0,0,0,0.00,0,1.00,3.38,1.93,2.25,1.00,D,0.00,12.00,12.00,12.00,0.69,^,0.00,,15.00,9.30,504,0.00,42.8,0,0,0.00,0.00,0.00,12.00,0.00,0.00,0,0,0.00,0,0.00
2026-03-29 15:44:53,2345.97,0,0,0,0,0,0,0,0.00,0,1.00,3.38,1.93,2.67,1.00,D,0.00,12.00,12.00,12.00,0.60,^,0.00,,19.70,9.60,504,0.00,42.8,0,0,0.00,0.00,0.00,12.00,0.00,0.00,0,0,0.00,0,0.00
2026-03-29 15:44:54,2346.97,0,0,0,0,0,0,0,1.00,0,1.00,3.38,1.93,2.63,1.00,D,0.00,12.00,12.00,12.00,0.61,^,0.00,,18.10,9.60,504,0.00,42.8,0,0,0.00,0.00,0.00,12.00,0.00,0.00,0,0,0.00,0,0.00
2026-03-29 15:44:55,2347.98,0,0,0,0,0,0,0,0.00,0,1.00,3.38,1.93,2.71,1.00,D,0.00,12.00,12.00,12.00,0.56,^,0.00,,11.20,9.60,504,0.00,42.8,0,0,0.00,0.00,0.00,12.00,0.00,0.00,0,0,0.00,0,0.00
2026-03-29 15:44:56,2348.99,0,0,0,0,0,0,0,0.00,0,1.00,3.38,1.93,2.65,1.00,D,0.00,12.00,12.00,12.00,0.69,^,0.00,,17.40,9.60,504,0.00,43.3,0,0,0.00,0.00,0.00,12.00,0.00,0.00,0,0,0.00,0,0.00
2026-03-29 15:44:57,2350.01,0,0,0,0,0,0,0,1.00,0,1.00,3.38,1.93,2.60,1.00,D,0.00,12.00,12.00,1.79,0.60,^,0.00,,12.20,9.40,504,0.00,41.1,0,0,0.00,0.00,0.00,12.00,0.00,0.00,0,0,0.00,0,0.00
2026-03-29 15:44:58,2351.03,0,0,0,0,0,0,0,1.00,0,1.00,3.38,1.93,2.67,1.00,D,0.00,12.00,12.00,12.00,0.69,^,0.00,,17.60,9.60,504,0.00,43.9,0,0,0.00,0.00,0.00,12.00,0.00,0.00,0,0,0.00,0,0.00
2026-03-29 15:44:59,2352.03,0,0,0,0,0,0,0,0.00,0,1.00,3.38,1.93,2.60,1.00,D,0.00,1.46,12.00,1.70,0.74,^,0.00,,19.50,9.60,504,0.00,42.8,0,0,0.00,0.00,0.00,1.46,0.00,0.00,0,0,0.00,0,0.00
2026-03-29 15:45:00,2353.04,0,0,0,0,0,0,0,1.00,0,1.00,3.38,1.93,2.57,1.00,D,0.00,12.00,12.00,0.67,0.56,^,0.00,,11.90,9.60,504,0.00,41.7,0,0,0.00,0.00,0.00,12.00,0.00,0.00,0,0,0.00,0,0.00
2026-03-29 15:45:01,2354.05,0,0,0,0,0,0,0,1.00,0,1.00,3.38,1.93,2.53,1.00,D,0.00,12.00,12.00,1.51,0.46,^,0.00,,20.00,9.80,504,0.00,43.9,0,0,0.00,0.00,0.00,12.00,0.00,0.00,0,0,0.00,0,0.00
2026-03-29 15:45:02,2355.06,0,0,0,0,0,0,0,1.00,0,1.00,3.38,1.93,2.60,1.00,D,0.00,12.00,12.00,12.00,0.57,^,0.00,,13.00,9.60,504,0.00,42.2,0,0,0.00,0.00,0.00,12.00,0.00,0.00,0,0,0.00,0,0.00
2026-03-29 15:45:03,2356.07,0,0,0,0,0,0,0,0.00,0,1.00,3.38,1.93,2.61,1.00,D,0.00,12.00,12.00,12.00,0.75,^,0.00,,13.60,9.70,504,0.00,43.3,0,0,0.00,0.00,0.00,12.00,0.00,0.00,0,0,0.00,0,0.00
2026-03-29 15:45:04,2357.09,0,0,0,0,0,0,0,0.00,0,1.00,3.38,1.93,2.68,1.00,D,0.00,12.00,12.00,12.00,0.58,^,0.00,,14.70,9.70,504,0.00,42.2,0,0,0.00,0.00,0.00,12.00,0.00,0.00,0,0,0.00,0,0.00
2026-03-29 15:45:05,2358.11,0,0,0,0,0,0,0,1.00,0,1.00,3.38,1.93,2.43,1.00,D,0.00,12.00,12.00,12.00,0.91,^,0.00,,14.30,9.70,504,0.00,42.8,0,0,0.00,0.00,0.00,12.00,0.00,0.00,0,0,0.00,0,0.00
2026-03-29 15:45:06,2359.12,0,0,0,0,0,0,0,0.00,0,1.00,3.38,1.93,2.51,1.00,D,0.00,12.00,12.00,12.00,0.71,^,0.00,,16.20,9.60,504,0.00,45.0,0,0,0.00,0.00,0.00,12.00,0.00,0.00,0,0,0.00,0,0.00
2026-03-29 15:45:07,2360.13,0,0,0,0,0,0,0,0.00,0,1.00,3.38,1.93,2.53,1.00,D,0.00,12.00,12.00,12.00,0.32,^,0.00,,10.00,9.50,504,0.00,42.8,0,0,0.00,0.00,0.00,12.00,0.00,0.00,0,0,0.00,0,0.00
2026-03-29 15:45:08,2361.14,0,0,0,0,0,0,0,0.00,0,1.00,3.38,1.93,2.61,1.00,D,0.00,12.00,12.00,12.00,0.28,^,0.00,,11.10,9.60,504,0.00,42.8,0,0,0.00,0.00,0.00,12.00,0.00,0.00,0,0,0.00,0,0.00
2026-03-29 15:45:09,2362.16,0,0,0,0,0,0,0,0.00,0,1.00,3.38,1.93,2.53,1.00,D,0.00,12.00,12.00,12.00,0.38,^,0.00,,21.40,9.80,504,0.00,41.7,0,0,0.00,0.00,0.00,12.00,0.00,0.00,0,0,0.00,0,0.00
2026-03-29 15:45:10,2363.17,0,0,0,0,0,0,0,0.00,0,1.00,3.38,1.93,2.34,1.00,D,0.00,12.00,12.00,12.00,0.50,^,0.00,,16.20,9.80,504,0.00,42.8,0,0,0.00,0.00,0.00,12.00,0.00,0.00,0,0,0.00,0,0.00
2026-03-29 15:45:11,2364.18,0,0,0,0,0,0,0,1.00,0,1.00,3.38,1.93,2.74,1.00,D,0.00,12.00,12.00,12.00,0.72,^,0.00,,18.70,9.70,504,0.00,43.9,0,0,0.00,0.00,0.00,12.00,0.00,0.00,0,0,0.00,0,0.00
2026-03-29 15:45:12,2365.20,0,0,0,0,0,0,0,1.00,0,1.00,3.38,1.93,2.54,1.00,D,0.00,12.00,12.00,0.79,0.83,^,0.00,,14.40,9.70,504,0.00,43.3,0,0,0.00,0.00,0.00,12.00,0.00,0.00,0,0,0.00,0,0.00
2026-03-29 15:45:13,2366.21,0,0,0,0,0,0,0,1.00,0,1.00,3.38,1.93,2.75,1.00,D,0.00,12.00,12.00,1.92,0.50,^,0.00,,11.30,9.70,504,0.00,41.1,0,0,0.00,0.00,0.00,12.00,0.00,0.00,0,0,0.00,0,0.00
2026-03-29 15:45:14,2367.21,0,0,0,0,0,0,0,0.41,0,1.00,3.38,1.93,2.72,1.00,D,0.00,12.00,12.00,1.58,0.63,^,0.00,,18.90,9.70,504,0.00,42.8,0,0,0.00,0.00,0.00,12.00,0.00,0.00,0,0,0.00,0,0.00
2026-03-29 15:45:15,2368.22,0,0,0,0,0,0,0,0.00,0,1.00,3.38,1.93,1.95,1.00,D,0.00,12.00,12.00,0.85,0.84,^,0.00,,12.60,9.80,504,0.00,42.8,0,0,0.00,0.00,0.00,12.00,0.00,0.00,0,0,0.00,0,0.00
2026-03-29 15:45:16,2369.24,0,0,0,0,0,0,0,1.00,0,1.00,3.38,1.93,2.68,1.00,D,0.00,12.00,12.00,0.57,0.55,^,0.00,,13.90,9.80,504,0.00,43.9,0,0,0.00,0.00,0.00,12.00,0.00,0.00,0,0,0.00,0,0.00
2026-03-29 15:45:17,2370.24,0,0,0,0,0,0,0,1.00,0,1.00,3.38,1.93,2.69,1.00,D,0.00,12.00,12.00,12.00,0.02,^,0.00,,17.40,9.70,504,0.00,42.2,0,0,0.00,0.00,0.00,12.00,0.00,0.00,0,0,0.00,0,0.00
2026-03-29 15:45:18,2371.26,0,0,0,0,0,0,0,0.00,0,1.00,3.38,1.93,2.52,1.00,D,0.00,12.00,12.00,2.00,0.02,^,0.00,,11.40,9.70,504,0.00,42.8,0,0,0.00,0.00,0.00,12.00,0.00,0.00,0,0,0.00,0,0.00
2026-03-29 15:45:19,2372.26,0,0,0,0,0,0,0,0.00,0,1.00,3.38,1.93,2.50,1.00,D,0.00,12.00,12.00,12.00,0.02,^,0.00,,21.10,9.50,504,0.00,43.9,0,0,0.00,0.00,0.00,12.00,0.00,0.00,0,0,0.00,0,0.00
2026-03-29 15:45:20,2373.28,0,0,0,0,0,0,0,0.00,0,1.00,3.38,1.93,2.52,1.00,D,0.00,12.00,12.00,12.00,0.02,^,0.00,,12.50,9.50,504,0.00,42.2,0,0,0.00,0.00,0.00,12.00,0.00,0.00,0,0,0.00,0,0.00
2026-03-29 15:45:21,2374.29,0,0,0,0,0,0,0,0.00,0,1.00,3.38,1.93,2.56,1.00,D,0.00,12.00,12.00,0.74,0.02,^,0.00,,14.40,9.40,504,0.00,43.9,0,0,0.00,0.00,0.00,12.00,0.00,0.00,0,0,0.00,0,0.00
2026-03-29 15:45:22,2375.30,0,0,0,0,0,0,0,0.00,0,1.00,3.38,1.93,2.60,1.00,D,0.00,1.71,12.00,0.73,0.61,^,0.00,,15.20,9.40,504,0.00,43.3,0,0,0.00,0.00,0.00,1.71,0.00,0.00,0,0,0.00,0,0.00
2026-03-29 15:45:23,2376.31,0,0,0,0,0,0,0,0.00,0,1.00,3.38,1.93,2.33,1.00,D,0.00,12.00,12.00,1.37,0.63,^,0.00,,14.60,9.40,504,0.00,43.3,0,0,0.00,0.00,0.00,12.00,0.00,0.00,0,0,0.00,0,0.00
2026-03-29 15:45:24,2377.33,0,0,0,0,0,0,0,1.00,0,1.00,3.38,1.93,2.73,1.00,D,0.00,12.00,12.00,1.62,0.43,^,0.00,,17.90,9.40,504,0.00,43.3,0,0,0.00,0.00,0.00,12.00,0.00,0.00,0,0,0.00,0,0.00
2026-03-29 15:45:25,2378.34,0,0,0,0,0,0,0,0.00,0,1.00,3.38,1.93,2.67,1.00,D,0.00,12.00,12.00,12.00,0.53,^,0.00,,18.80,9.40,504,0.00,43.3,0,0,0.00,0.00,0.00,12.00,0.00,0.00,0,0,0.00,0,0.00
2026-03-29 15:45:26,2379.36,0,0,0,0,0,0,0,0.00,0,1.00,3.38,1.93,2.59,1.00,D,0.00,12.00,12.00,12.00,0.64,^,0.00,,16.50,9.20,504,0.00,43.3,0,0,0.00,0.00,0.00,12.00,0.00,0.00,0,0,0.00,0,0.00
2026-03-29 15:45:27,2380.37,0,0,0,0,0,0,0,1.00,0,1.00,3.38,1.94,2.67,1.00,D,0.00,12.00,12.00,12.00,0.98,^,0.00,,18.30,9.40,504,0.00,44.4,0,0,0.00,0.00,0.00,12.00,0.00,0.00,0,0,0.00,0,0.00
2026-03-29 15:45:28,2381.38,0,0,0,0,0,0,0,1.00,0,1.00,3.38,1.94,2.51,1.00,D,0.00,12.00,12.00,1.24,1.24,^,0.00,,11.70,9.50,504,0.00,42.2,0,0,0.00,0.00,0.00,12.00,0.00,0.00,0,0,0.00,0,0.00
2026-03-29 15:45:29,2382.39,0,0,0,0,0,0,0,0.00,0,1.00,3.38,1.94,2.34,1.00,D,0.00,12.00,12.00,0.93,12.00,^,0.00,,16.00,9.50,504,0.00,43.3,0,0,0.00,0.00,0.00,12.00,0.00,0.00,0,0,0.00,0,0.00
2026-03-29 15:45:30,2383.40,0,0,0,0,0,0,0,0.00,0,1.00,3.38,1.94,2.68,1.00,D,0.00,12.00,12.00,12.00,0.55,^,0.00,,13.70,9.50,504,0.00,43.3,0,0,0.00,0.00,0.00,12.00,0.00,0.00,0,0,0.00,0,0.00
2026-03-29 15:45:31,2384.41,0,0,0,0,0,0,0,1.00,0,1.00,3.38,1.94,2.70,1.00,D,0.00,12.00,12.00,12.00,0.46,^,0.00,,10.40,9.40,504,0.00,43.3,0,0,0.00,0.00,0.00,12.00,0.00,0.00,0,0,0.00,0,0.00
2026-03-29 15:45:32,2385.43,0,0,0,0,0,0,0,1.00,0,1.00,3.38,1.94,2.35,1.00,D,0.00,12.00,12.00,12.00,1.03,^,0.00,,19.10,9.50,504,0.00,43.9,0,0,0.00,0.00,0.00,12.00,0.00,0.00,0,0,0.00,0,0.00
2026-03-29 15:45:33,2386.44,0,0,0,0,0,0,0,0.64,0,1.00,3.38,1.94,2.71,1.00,D,0.00,12.00,12.00,0.86,1.15,^,0.00,,12.80,9.60,504,0.00,43.3,0,0,0.00,0.00,0.00,12.00,0.00,0.00,0,0,0.00,0,0.00
2026-03-29 15:45:34,2387.45,0,0,0,0,0,0,0,0.00,0,1.00,3.38,1.94,2.35,1.00,D,0.00,12.00,12.00,0.84,12.00,^,0.00,,17.00,9.60,504,0.00,43.9,0,0,0.00,0.00,0.00,12.00,0.00,0.00,0,0,0.00,0,0.00
2026-03-29 15:45:35,2388.46,0,0,0,0,0,0,0,0.00,0,1.00,3.38,1.94,2.65,1.00,D,0.00,12.00,12.00,2.70,0.74,^,0.00,,18.90,9.60,504,0.00,42.8,0,0,0.00,0.00,0.00,12.00,0.00,0.00,0,0,0.00,0,0.00
2026-03-29 15:45:36,2389.47,0,0,0,0,0,0,0,0.00,0,1.00,3.38,1.94,2.22,1.00,D,0.00,12.00,12.00,1.05,1.04,^,0.00,,13.10,9.50,504,0.00,42.2,0,0,0.00,0.00,0.00,12.00,0.00,0.00,0,0,0.00,0,0.00
2026-03-29 15:45:37,2390.48,0,0,0,0,0,0,0,1.00,0,1.00,3.38,1.94,2.33,1.00,D,0.00,12.00,15.86,0.98,0.96,^,0.00,,18.90,9.60,504,0.00,42.2,0,0,0.00,0.00,0.00,12.00,0.00,0.00,0,0,0.00,0,0.00
2026-03-29 15:45:38,2391.50,0,0,0,0,0,0,0,1.00,0,1.00,3.38,1.94,2.60,1.00,D,0.00,12.00,12.00,1.85,0.57,^,0.00,,10.70,9.60,504,0.00,43.9,0,0,0.00,0.00,0.00,12.00,0.00,0.00,0,0,0.00,0,0.00
2026-03-29 15:45:39,2392.51,0,0,0,0,0,0,0,0.00,0,1.00,3.38,1.94,2.52,1.00,D,0.00,12.00,12.00,12.00,0.55,^,0.00,,11.90,9.60,504,0.00,43.9,0,0,0.00,0.00,0.00,12.00,0.00,0.00,0,0,0.00,0,0.00
2026-03-29 15:45:40,2393.52,0,0,0,0,0,0,0,1.00,0,1.00,3.38,1.94,2.65,1.00,D,0.00,12.00,12.00,1.51,0.61,^,0.00,,17.30,9.60,504,0.00,43.3,0,0,0.00,0.00,0.00,12.00,0.00,0.00,0,0,0.00,0,0.00
2026-03-29 15:45:41,2394.54,0,0,0,0,0,0,0,1.00,0,1.00,3.38,1.94,2.62,1.00,D,0.00,12.00,12.00,1.15,0.80,^,0.00,,12.90,9.50,504,0.00,44.4,0,0,0.00,0.00,0.00,12.00,0.00,0.00,0,0,0.00,0,0.00
2026-03-29 15:45:42,2395.55,0,0,0,0,0,0,0,0.00,0,1.00,3.38,1.94,2.49,1.00,D,0.00,12.00,12.00,1.10,0.67,^,0.00,,16.80,9.50,504,0.00,42.2,0,0,0.00,0.00,0.00,12.00,0.00,0.00,0,0,0.00,0,0.00
2026-03-29 15:45:43,2396.56,0,0,0,0,0,0,0,0.00,0,1.00,3.38,1.94,2.56,1.00,D,0.00,12.00,12.00,1.12,0.57,^,0.00,,13.10,9.50,504,0.00,43.9,0,0,0.00,0.00,0.00,12.00,0.00,0.00,0,0,0.00,0,0.00
2026-03-29 15:45:44,2397.57,0,0,0,0,0,0,0,1.00,0,1.00,3.38,1.94,2.45,1.00,D,0.00,12.00,12.00,1.89,0.66,^,0.00,,13.20,9.40,504,0.00,42.8,0,0,0.00,0.00,0.00,12.00,0.00,0.00,0,0,0.00,0,0.00
2026-03-29 15:45:45,2398.58,0,0,0,0,0,0,0,0.00,0,1.00,3.38,1.94,2.58,1.00,D,0.00,1.33,12.00,1.34,0.74,^,0.00,,16.40,9.40,504,0.00,43.3,0,0,0.00,0.00,0.00,1.33,0.00,0.00,0,0,0.00,0,0.00
2026-03-29 15:45:46,2399.60,0,0,0,0,0,0,0,0.00,0,1.00,3.38,1.94,1.77,1.00,D,0.00,12.00,12.00,1.03,0.78,^,0.00,,6.90,9.30,504,0.00,41.7,0,0,0.00,0.00,0.00,12.00,0.00,0.00,0,0,0.00,0,0.00
2026-03-29 15:45:47,2400.61,0,0,0,0,0,0,0,0.99,0,1.00,3.38,1.94,1.69,1.00,D,0.00,12.00,12.00,1.44,0.62,^,0.00,,13.40,9.20,504,0.00,42.8,0,0,0.00,0.00,0.00,12.00,0.00,0.00,0,0,0.00,0,0.00
2026-03-29 15:45:48,2401.62,0,0,0,0,0,0,0,0.00,0,1.00,3.38,1.94,2.46,1.00,D,0.00,12.00,12.00,1.68,0.74,^,0.00,,12.10,9.20,504,0.00,43.9,0,0,0.00,0.00,0.00,12.00,0.00,0.00,0,0,0.00,0,0.00
2026-03-29 15:45:49,2402.63,0,0,0,0,0,0,0,0.00,0,1.00,3.38,1.94,2.52,1.00,D,0.00,12.00,12.00,12.00,0.87,^,0.00,,13.10,9.20,504,0.00,42.2,0,0,0.00,0.00,0.00,12.00,0.00,0.00,0,0,0.00,0,0.00
2026-03-29 15:45:50,2403.74,0,0,0,0,0,0,0,0.00,0,1.00,3.38,1.94,2.58,1.00,D,0.00,12.00,12.00,1.04,1.02,^,0.00,,15.80,9.20,504,0.00,41.1,0,0,0.00,0.00,0.00,12.00,0.00,0.00,0,0,0.00,0,0.00
2026-03-29 15:45:51,2404.65,0,0,0,0,0,0,0,0.00,0,1.00,3.38,1.94,2.14,1.00,D,0.00,12.00,12.00,1.32,0.79,^,0.00,,12.80,9.30,504,0.00,42.8,0,0,0.00,0.00,0.00,12.00,0.00,0.00,0,0,0.00,0,0.00
2026-03-29 15:45:52,2405.66,0,0,0,0,0,0,0,-1.00,0,1.00,3.38,1.94,2.19,1.00,D,0.00,12.00,12.00,12.00,0.34,^,0.00,,14.80,9.30,504,0.00,43.3,0,0,0.00,0.00,0.00,12.00,0.00,0.00,0,0,0.00,0,0.00
2026-03-29 15:45:53,2406.67,0,0,0,0,0,0,0,0.00,0,1.00,3.38,1.94,2.19,1.00,D,0.00,12.00,12.00,12.00,0.52,^,0.00,,13.20,9.20,504,0.00,43.3,0,0,0.00,0.00,0.00,12.00,0.00,0.00,0,0,0.00,0,0.00
2026-03-29 15:45:54,2407.68,0,0,0,0,0,0,0,-1.00,0,1.00,3.38,1.94,2.11,1.00,D,0.00,12.00,0.71,12.00,0.31,^,0.00,,9.20,9.10,504,0.00,43.3,0,0,0.00,0.00,0.00,12.00,0.00,0.00,0,0,0.00,0,0.00
2026-03-29 15:45:55,2408.70,0,0,0,0,0,0,0,-1.00,0,1.00,3.38,1.94,2.49,1.00,D,0.00,12.00,0.70,12.00,0.30,^,0.00,,11.10,9.00,504,0.00,43.3,0,0,0.00,0.00,0.00,12.00,0.00,0.00,0,0,0.00,0,0.00
2026-03-29 15:45:56,2409.71,0,0,0,1,0,0,0,0.81,0,1.00,3.38,1.94,0.65,-0.14,R,0.00,12.00,0.52,12.00,0.31,^,0.00,,13.60,9.20,504,0.00,42.8,0,0,0.00,0.00,0.00,12.00,0.00,0.00,0,0,0.00,0,0.00
2026-03-29 15:45:57,2410.73,0,0,0,0,0,0,0,0.00,0,0.00,3.38,1.94,0.84,-0.36,R,0.00,12.00,0.52,12.00,0.29,^,0.00,,11.20,9.10,504,0.00,43.9,0,0,0.00,0.00,0.00,12.00,0.00,0.00,0,0,0.00,0,0.00
2026-03-29 15:45:58,2411.73,0,0,0,0,0,0,0,0.00,0,0.00,3.38,1.94,0.00,-0.00,R,0.00,12.00,0.51,0.16,0.18,^,0.00,,8.60,9.10,504,0.39,42.8,0,0,0.00,0.00,0.00,12.00,0.00,0.00,0,0,0.00,0,0.00
2026-03-29 15:45:59,2412.74,0,0,0,0,0,0,0,0.00,0,0.00,3.38,1.94,0.00,-0.00,R,0.00,12.00,0.52,0.14,0.24,^,0.00,,6.40,9.10,504,1.39,42.8,0,0,0.00,0.00,0.00,12.00,0.00,0.00,0,0,0.00,0,0.00
2026-03-29 15:46:00,2413.75,0,0,0,0,0,0,0,0.00,0,0.00,3.38,1.94,0.00,-0.00,R,0.00,12.00,0.70,12.00,0.27,^,0.00,,9.70,9.20,504,0.21,42.8,0,0,0.00,0.00,0.00,12.00,0.00,0.00,0,0,0.00,0,0.00
2026-03-29 15:46:01,2414.75,0,0,0,0,0,0,0,0.00,0,0.00,3.38,1.94,0.00,-0.00,R,0.00,12.00,0.70,12.00,0.48,^,0.00,,11.20,9.20,504,1.22,42.8,0,0,0.00,0.00,0.00,12.00,0.00,0.00,0,0,0.00,0,0.00
2026-03-29 15:46:02,2415.75,0,0,1,0,0,0,0,-1.00,0,1.00,3.38,1.94,0.00,0.18,D,0.00,12.00,0.70,12.00,0.69,^,0.00,,14.70,9.40,504,2.22,42.2,0,0,0.00,0.00,0.00,12.00,0.00,0.00,0,0,0.00,0,0.00
2026-03-29 15:46:03,2416.77,0,0,0,0,0,0,0,-0.97,0,1.00,3.38,1.94,0.00,0.68,D,0.00,12.00,0.70,12.00,0.70,^,0.00,,14.10,9.30,504,3.24,42.8,0,0,0.00,0.00,0.00,12.00,0.00,0.00,0,0,0.00,0,0.00
2026-03-29 15:46:04,2417.77,0,0,0,0,0,0,0,0.20,0,1.00,3.38,1.93,1.00,1.00,D,0.00,12.00,0.71,12.00,0.53,^,0.00,,14.80,9.30,504,0.00,41.7,0,0,0.00,0.00,0.00,12.00,0.00,0.00,0,0,0.00,0,0.00
2026-03-29 15:46:05,2418.78,0,0,0,0,0,0,0,0.00,0,1.00,3.38,1.93,2.04,1.00,D,0.00,12.00,12.00,1.54,0.89,^,0.00,,20.30,9.30,504,0.00,42.8,0,0,0.00,0.00,0.00,12.00,0.00,0.00,0,0,0.00,0,0.00
2026-03-29 15:46:06,2419.80,0,0,0,0,0,0,0,0.00,0,1.00,3.38,1.93,2.62,1.00,D,0.00,12.00,12.00,1.15,0.99,^,0.00,,19.50,9.20,504,0.00,43.9,0,0,0.00,0.00,0.00,12.00,0.00,0.00,0,0,0.00,0,0.00
2026-03-29 15:46:07,2420.80,0,0,0,0,0,0,0,0.00,0,1.00,3.38,1.93,2.45,1.00,D,0.00,0.96,12.00,0.78,0.99,CAUTION_WARNING,0.00,,13.50,9.30,504,0.00,42.8,0,0,0.00,0.00,0.00,0.96,0.00,0.00,0,0,0.00,0,0.00
2026-03-29 15:46:08,2421.81,0,0,0,0,0,0,0,1.00,0,1.00,3.38,1.94,2.68,1.00,D,0.00,12.00,12.00,0.69,0.68,^,0.00,,18.80,9.30,504,0.00,43.9,0,0,0.00,0.00,0.00,12.00,0.00,0.00,0,0,0.00,0,0.00
2026-03-29 15:46:09,2422.82,0,0,0,0,0,0,0,1.00,0,1.00,3.38,1.94,2.71,1.00,D,0.00,12.00,12.00,12.00,1.15,^,0.00,,20.30,9.30,504,0.00,41.7,0,0,0.00,0.00,0.00,12.00,0.00,0.00,0,0,0.00,0,0.00
2026-03-29 15:46:10,2423.83,0,0,0,0,0,0,0,0.00,0,1.00,3.38,1.94,2.35,1.00,D,0.00,12.00,12.00,12.00,0.90,^,0.00,,16.80,9.30,504,0.00,42.2,0,0,0.00,0.00,0.00,12.00,0.00,0.00,0,0,0.00,0,0.00
2026-03-29 15:46:11,2424.84,0,0,0,0,0,0,0,0.00,0,1.00,3.38,1.94,2.52,1.00,D,0.00,12.00,12.00,12.00,0.85,^,0.00,,17.40,9.20,504,0.00,43.3,0,0,0.00,0.00,0.00,12.00,0.00,0.00,0,0,0.00,0,0.00
2026-03-29 15:46:12,2425.84,0,0,0,0,0,0,0,0.00,0,1.00,3.38,1.94,2.30,1.00,D,0.00,12.00,12.00,12.00,0.86,^,0.00,,11.30,9.30,504,0.00,42.8,0,0,0.00,0.00,0.00,12.00,0.00,0.00,0,0,0.00,0,0.00
2026-03-29 15:46:13,2426.85,0,0,0,0,0,0,0,0.00,0,1.00,3.38,1.94,2.53,1.00,D,0.00,12.00,12.00,12.00,0.76,^,0.00,,14.40,9.30,504,0.00,43.9,0,0,0.00,0.00,0.00,12.00,0.00,0.00,0,0,0.00,0,0.00
2026-03-29 15:46:14,2427.86,0,0,0,0,0,0,0,0.00,0,1.00,3.38,1.94,2.47,1.00,D,0.00,12.00,12.00,12.00,0.90,^,0.00,,17.20,9.30,504,0.00,43.3,0,0,0.00,0.00,0.00,12.00,0.00,0.00,0,0,0.00,0,0.00
2026-03-29 15:46:16,2428.97,0,0,0,0,0,0,0,0.00,0,1.00,3.38,1.94,2.43,1.00,D,0.00,12.00,12.00,12.00,0.78,^,0.00,,17.40,9.30,504,0.00,43.3,0,0,0.00,0.00,0.00,12.00,0.00,0.00,0,0,0.00,0,0.00
2026-03-29 15:46:16,2429.87,0,0,0,0,0,0,0,0.00,0,1.00,3.38,1.94,2.56,1.00,D,0.00,12.00,12.00,12.00,0.65,^,0.00,,13.70,9.30,504,0.00,43.9,0,0,0.00,0.00,0.00,12.00,0.00,0.00,0,0,0.00,0,0.00
2026-03-29 15:46:17,2430.87,0,0,0,0,0,0,0,0.20,0,1.00,3.38,1.94,2.47,1.00,D,0.00,12.00,12.00,12.00,0.63,^,0.00,,17.90,9.30,504,0.00,42.2,0,0,0.00,0.00,0.00,12.00,0.00,0.00,0,0,0.00,0,0.00
2026-03-29 15:46:18,2431.89,0,0,0,0,0,0,0,1.00,0,1.00,3.38,1.94,2.70,1.00,D,0.00,12.00,12.00,12.00,0.83,^,0.00,,10.00,9.30,504,0.00,43.9,0,0,0.00,0.00,0.00,12.00,0.00,0.00,0,0,0.00,0,0.00
2026-03-29 15:46:20,2432.90,0,0,0,0,0,0,0,0.00,0,1.00,3.38,1.94,2.61,1.00,D,0.00,12.00,2.35,1.69,0.74,^,0.00,,14.40,9.30,504,0.00,43.3,0,0,0.00,0.00,0.00,12.00,0.00,0.00,0,0,0.00,0,0.00
2026-03-29 15:46:21,2433.91,0,0,0,0,0,0,0,0.00,0,1.00,3.38,1.94,2.54,1.00,D,0.00,12.00,1.44,12.00,0.69,^,0.00,,14.30,9.10,504,0.00,41.7,0,0,0.00,0.00,0.00,12.00,0.00,0.00,0,0,0.00,0,0.00
2026-03-29 15:46:22,2434.93,0,0,0,0,0,0,0,0.00,0,1.00,3.38,1.94,2.40,1.00,D,0.00,12.00,12.00,12.00,0.68,^,0.00,,16.00,9.30,504,0.00,42.8,0,0,0.00,0.00,0.00,12.00,0.00,0.00,0,0,0.00,0,0.00
2026-03-29 15:46:23,2435.94,0,0,0,0,0,0,0,0.00,0,1.00,3.38,1.94,2.58,1.00,D,0.00,1.73,1.74,12.00,1.04,^,0.00,,15.40,9.30,504,0.00,43.9,0,0,0.00,0.00,0.00,1.73,0.00,0.00,0,0,0.00,0,0.00
2026-03-29 15:46:24,2436.95,0,0,0,0,0,0,0,1.00,0,1.00,3.38,1.94,2.42,1.00,D,0.00,12.00,0.91,1.73,0.99,^,0.00,,10.60,9.20,504,0.00,43.3,0,0,0.00,0.00,0.00,12.00,0.00,0.00,0,0,0.00,0,0.00
2026-03-29 15:46:25,2437.96,0,0,0,0,0,0,0,0.21,0,1.00,3.38,1.94,2.60,1.00,D,0.00,12.00,12.00,1.33,0.86,^,0.00,,21.30,9.20,504,0.00,43.9,0,0,0.00,0.00,0.00,12.00,0.00,0.00,0,0,0.00,0,0.00
2026-03-29 15:46:26,2438.97,0,0,0,0,0,0,0,1.00,0,1.00,3.38,1.94,2.73,1.00,D,0.00,12.00,12.00,12.00,0.97,^,0.00,,14.20,9.20,504,0.00,42.2,0,0,0.00,0.00,0.00,12.00,0.00,0.00,0,0,0.00,0,0.00
2026-03-29 15:46:27,2439.98,0,0,0,0,0,0,0,0.00,0,1.00,3.38,1.94,2.75,1.00,D,0.00,12.00,12.00,12.00,0.80,^,0.00,,11.50,9.30,504,0.00,43.9,0,0,0.00,0.00,0.00,12.00,0.00,0.00,0,0,0.00,0,0.00
2026-03-29 15:46:28,2441.00,0,0,0,0,0,0,0,0.00,0,1.00,3.38,1.94,2.43,1.00,D,0.00,12.00,12.00,12.00,0.95,^,0.00,,13.40,9.30,504,0.00,43.3,0,0,0.00,0.00,0.00,12.00,0.00,0.00,0,0,0.00,0,0.00
2026-03-29 15:46:29,2442.01,0,0,0,0,0,0,0,0.00,0,1.00,3.38,1.94,2.62,1.00,D,0.00,12.00,12.00,12.00,1.04,^,0.00,,17.00,9.20,504,0.00,42.8,0,0,0.00,0.00,0.00,12.00,0.00,0.00,0,0,0.00,0,0.00
2026-03-29 15:46:30,2443.02,0,0,0,0,0,0,0,0.00,0,1.00,3.38,1.94,2.59,1.00,D,0.00,12.00,12.00,12.00,0.90,^,0.00,,16.30,9.20,504,0.00,43.9,0,0,0.00,0.00,0.00,12.00,0.00,0.00,0,0,0.00,0,0.00
2026-03-29 15:46:31,2444.04,0,0,0,0,0,0,0,0.00,0,1.00,3.38,1.94,2.84,1.00,D,0.00,12.00,12.00,12.00,0.81,^,0.00,,10.90,9.20,504,0.00,43.3,0,0,0.00,0.00,0.00,12.00,0.00,0.00,0,0,0.00,0,0.00
2026-03-29 15:46:32,2445.05,0,0,0,0,0,0,0,0.00,0,1.00,3.38,1.94,2.07,1.00,D,0.00,12.00,12.00,12.00,0.93,^,0.00,,15.10,9.20,504,0.00,43.3,0,0,0.00,0.00,0.00,12.00,0.00,0.00,0,0,0.00,0,0.00
2026-03-29 15:46:33,2446.06,0,0,0,0,0,0,0,0.00,0,1.00,3.38,1.94,2.66,1.00,D,0.00,12.00,12.00,12.00,1.68,^,0.00,,15.10,9.10,504,0.00,43.3,0,0,0.00,0.00,0.00,12.00,0.00,0.00,0,0,0.00,0,0.00
2026-03-29 15:46:34,2447.09,0,0,0,0,0,0,0,0.00,0,1.00,3.38,1.94,2.60,1.00,D,0.00,12.00,12.00,12.00,12.00,^,0.00,,11.40,9.40,504,0.00,42.8,0,0,0.00,0.00,0.00,12.00,0.00,0.00,0,0,0.00,0,0.00
2026-03-29 15:46:35,2448.09,0,0,0,0,0,0,0,0.85,0,1.00,3.38,1.94,2.71,1.00,D,0.00,12.00,12.00,12.00,12.00,^,0.00,,13.90,9.50,504,0.00,44.4,0,0,0.00,0.00,0.00,12.00,0.00,0.00,0,0,0.00,0,0.00
2026-03-29 15:46:36,2449.10,0,0,0,0,0,0,0,0.00,0,1.00,3.38,1.94,2.62,1.00,D,0.00,12.00,12.00,1.55,1.56,^,0.00,,13.20,9.40,504,0.00,42.8,0,0,0.00,0.00,0.00,12.00,0.00,0.00,0,0,0.00,0,0.00
2026-03-29 15:46:37,2450.11,0,0,0,0,0,0,0,0.00,0,1.00,3.38,1.94,2.48,1.00,D,0.00,12.00,12.00,1.57,2.06,^,0.00,,12.70,9.50,504,0.00,41.7,0,0,0.00,0.00,0.00,12.00,0.00,0.00,0,0,0.00,0,0.00
2026-03-29 15:46:38,2451.12,0,0,0,0,0,0,0,0.00,0,1.00,3.38,1.94,2.68,1.00,D,0.00,12.00,12.00,1.27,1.44,^,0.00,,14.00,9.50,504,0.00,43.9,0,0,0.00,0.00,0.00,12.00,0.00,0.00,0,0,0.00,0,0.00
2026-03-29 15:46:39,2452.13,0,0,0,0,0,0,0,0.00,0,1.00,3.38,1.94,2.49,1.00,D,0.00,12.00,12.00,1.33,1.35,^,0.00,,12.20,9.50,504,0.00,43.3,0,0,0.00,0.00,0.00,12.00,0.00,0.00,0,0,0.00,0,0.00
2026-03-29 15:46:40,2453.15,0,0,0,0,0,0,0,0.00,0,1.00,3.38,1.94,2.77,1.00,D,0.00,12.00,12.00,1.00,1.02,^,0.00,,10.90,9.40,504,0.00,41.7,0,0,0.00,0.00,0.00,12.00,0.00,0.00,0,0,0.00,0,0.00
2026-03-29 15:46:41,2454.15,0,0,0,0,0,0,0,0.00,0,1.00,3.38,1.94,2.56,1.00,D,0.00,12.00,12.00,1.32,1.34,^,0.00,,15.70,9.50,504,0.00,43.3,0,0,0.00,0.00,0.00,12.00,0.00,0.00,0,0,0.00,0,0.00
2026-03-29 15:46:42,2455.17,0,0,0,0,0,0,0,0.00,0,1.00,3.38,1.94,2.37,1.00,D,0.00,12.00,12.00,1.25,1.36,^,0.00,,13.20,9.60,504,0.00,42.8,0,0,0.00,0.00,0.00,12.00,0.00,0.00,0,0,0.00,0,0.00
2026-03-29 15:46:43,2456.18,0,0,0,0,0,0,0,0.00,0,1.00,3.38,1.94,2.47,1.00,D,0.00,12.00,0.02,1.15,1.20,^,0.00,,17.10,9.60,504,0.00,43.9,0,0,0.00,0.00,0.00,12.00,0.00,0.00,0,0,0.00,0,0.00
2026-03-29 15:46:44,2457.19,0,0,0,0,0,0,0,-1.00,0,1.00,3.38,1.94,2.86,1.00,D,0.00,12.00,0.02,12.00,1.43,^,0.00,,16.30,9.50,504,0.00,42.2,0,0,0.00,0.00,0.00,12.00,0.00,0.00,0,0,0.00,0,0.00
2026-03-29 15:46:45,2458.20,0,0,0,0,0,0,0,0.00,0,1.00,3.38,1.94,2.11,1.00,D,0.00,12.00,12.00,12.00,0.86,^,0.00,,12.70,9.50,504,0.00,42.8,0,0,0.00,0.00,0.00,12.00,0.00,0.00,0,0,0.00,0,0.00
2026-03-29 15:46:46,2459.21,0,0,0,0,0,0,0,0.00,0,1.00,3.38,1.94,2.23,1.00,D,0.00,12.00,12.00,0.68,0.64,^,0.00,,17.30,9.60,504,0.00,42.8,0,0,0.00,0.00,0.00,12.00,0.00,0.00,0,0,0.00,0,0.00
2026-03-29 15:46:47,2460.23,0,0,0,0,0,0,0,1.00,0,1.00,3.38,1.94,2.23,1.00,D,0.00,12.00,12.00,12.00,12.00,^,0.00,,10.80,9.80,504,0.00,42.8,0,0,0.00,0.00,0.00,12.00,0.00,0.00,0,0,0.00,0,0.00
2026-03-29 15:46:48,2461.24,0,0,0,0,0,0,0,0.00,0,1.00,3.38,1.94,2.27,1.00,D,0.00,12.00,12.00,12.00,2.22,^,0.00,,17.80,9.80,504,0.00,42.8,0,0,0.00,0.00,0.00,12.00,0.00,0.00,0,0,0.00,0,0.00
2026-03-29 15:46:49,2462.25,0,0,0,0,0,0,0,1.00,0,1.00,3.38,1.94,2.23,1.00,D,0.00,12.00,2.34,12.00,2.31,^,0.00,,13.60,9.80,504,0.00,42.8,0,0,0.00,0.00,0.00,12.00,0.00,0.00,0,0,0.00,0,0.00
2026-03-29 15:46:50,2463.27,0,0,0,0,0,0,0,0.42,0,1.00,3.38,1.95,2.28,1.00,D,0.00,12.00,12.00,12.00,12.00,^,0.00,,15.20,9.70,504,0.00,41.7,0,0,0.00,0.00,0.00,12.00,0.00,0.00,0,0,0.00,0,0.00
2026-03-29 15:46:51,2464.27,0,0,0,0,0,0,0,0.24,0,1.00,3.38,1.95,2.14,1.00,D,0.00,12.00,12.00,12.00,2.46,^,0.00,,18.00,9.80,504,0.00,42.8,0,0,0.00,0.00,0.00,12.00,0.00,0.00,0,0,0.00,0,0.00
2026-03-29 15:46:52,2465.28,0,0,0,0,0,0,0,0.00,0,1.00,3.38,1.95,2.22,1.00,D,0.00,12.00,12.00,12.71,2.54,^,0.00,,15.00,9.80,504,0.00,41.7,0,0,0.00,0.00,0.00,12.00,0.00,0.00,0,0,0.00,0,0.00
2026-03-29 15:46:53,2466.29,0,0,0,0,0,0,0,0.00,0,1.00,3.38,1.95,2.24,1.00,D,0.00,12.00,2.39,12.00,2.63,^,0.00,,16.70,9.70,504,0.00,42.2,0,0,0.00,0.00,0.00,12.00,0.00,0.00,0,0,0.00,0,0.00
2026-03-29 15:46:54,2467.28,0,0,0,0,0,0,0,0.12,0,1.00,3.38,1.95,2.15,1.00,D,0.00,12.00,2.37,12.00,2.35,^,0.00,,18.60,9.40,504,0.00,42.2,0,0,0.00,0.00,0.00,12.00,0.00,0.00,0,0,0.00,0,0.00
2026-03-29 15:46:55,2468.30,0,0,0,0,0,0,0,0.00,0,1.00,3.38,1.95,2.10,1.00,D,0.00,12.00,2.58,12.00,12.00,^,0.00,,13.30,9.30,504,0.00,43.3,0,0,0.00,0.00,0.00,12.00,0.00,0.00,0,0,0.00,0,0.00
2026-03-29 15:46:56,2469.31,0,0,0,0,0,0,0,0.00,0,1.00,3.38,1.95,2.18,1.00,D,0.00,12.00,12.00,12.44,2.56,^,0.00,,13.70,9.70,504,0.00,43.3,0,0,0.00,0.00,0.00,12.00,0.00,0.00,0,0,0.00,0,0.00
2026-03-29 15:46:57,2470.33,0,0,0,0,0,0,0,0.00,0,1.00,3.38,1.95,2.25,1.00,D,0.00,12.00,12.00,12.00,12.00,^,0.00,,17.10,9.60,504,0.00,43.9,0,0,0.00,0.00,0.00,12.00,0.00,0.00,0,0,0.00,0,0.00
2026-03-29 15:46:58,2471.34,0,0,0,0,0,0,0,1.00,0,1.00,3.38,1.95,2.35,1.00,D,0.00,12.00,12.00,12.00,12.00,^,0.00,,11.60,9.60,504,0.00,42.8,0,0,0.00,0.00,0.00,12.00,0.00,0.00,0,0,0.00,0,0.00
2026-03-29 15:46:59,2472.35,0,0,0,0,0,0,0,0.00,0,1.00,3.38,1.95,2.53,1.00,D,0.00,0.02,12.00,12.00,12.00,STOP_WARNING,0.00,,14.70,9.60,504,0.00,43.3,0,0,0.00,0.00,0.00,0.02,0.00,0.00,0,0,0.00,0,0.00
2026-03-29 15:47:00,2473.37,0,0,0,0,0,0,0,0.00,0,1.00,3.38,1.95,1.71,1.00,D,0.00,12.00,12.00,12.00,12.00,^,0.00,,11.60,9.60,504,0.00,43.3,0,0,0.00,0.00,0.00,12.00,0.00,0.00,0,0,0.00,0,0.00
2026-03-29 15:47:01,2474.38,0,0,0,0,0,0,0,1.00,0,1.00,3.38,1.95,2.34,1.00,D,0.00,0.02,12.00,12.00,12.00,STOP_WARNING,0.00,,17.20,9.60,504,0.00,43.9,0,0,0.00,0.00,0.00,0.02,0.00,0.00,0,0,0.00,0,0.00
2026-03-29 15:47:02,2475.39,0,0,0,0,0,0,0,0.15,0,1.00,3.38,1.95,2.24,1.00,D,0.00,12.00,12.00,12.00,12.00,^,0.00,,12.80,9.60,504,0.00,43.3,0,0,0.00,0.00,0.00,12.00,0.00,0.00,0,0,0.00,0,0.00
2026-03-29 15:47:03,2476.41,0,0,0,0,0,0,0,0.56,0,1.00,3.38,1.95,1.94,1.00,D,0.00,0.02,12.00,12.00,12.00,STOP_WARNING,0.00,,14.40,9.50,504,0.00,43.3,0,0,0.00,0.00,0.00,0.02,0.00,0.00,0,0,0.00,0,0.00
2026-03-29 15:47:04,2477.42,0,0,0,0,0,0,0,0.18,0,1.00,3.38,1.95,1.72,1.00,D,0.00,12.00,12.00,12.00,12.00,^,0.00,,18.90,9.40,504,0.00,42.8,0,0,0.00,0.00,0.00,12.00,0.00,0.00,0,0,0.00,0,0.00
2026-03-29 15:47:05,2478.43,0,0,0,0,0,0,0,0.00,0,1.00,3.38,1.95,1.96,1.00,D,0.00,12.00,12.00,12.00,12.00,^,0.00,,15.20,9.40,504,0.00,42.8,0,0,0.00,0.00,0.00,12.00,0.00,0.00,0,0,0.00,0,0.00
2026-03-29 15:47:06,2479.45,0,0,0,0,0,0,0,0.56,0,1.00,3.38,1.95,1.95,1.00,D,0.00,12.00,12.00,12.00,12.00,^,0.00,,17.30,9.40,504,0.00,43.3,0,0,0.00,0.00,0.00,12.00,0.00,0.00,0,0,0.00,0,0.00
2026-03-29 15:47:07,2480.45,0,0,0,0,0,0,0,0.00,0,1.00,3.38,1.95,1.96,1.00,D,0.00,12.00,12.00,12.00,12.00,^,0.00,,17.40,9.40,504,0.00,42.2,0,0,0.00,0.00,0.00,12.00,0.00,0.00,0,0,0.00,0,0.00
2026-03-29 15:47:08,2481.46,0,0,0,0,0,0,0,0.00,0,1.00,3.38,1.95,2.00,1.00,D,0.00,12.00,12.00,2.49,12.00,^,0.00,,15.80,9.40,504,0.00,43.9,0,0,0.00,0.00,0.00,12.00,0.00,0.00,0,0,0.00,0,0.00
2026-03-29 15:47:09,2482.47,0,0,0,0,0,0,0,0.00,0,1.00,3.38,1.95,1.83,1.00,D,0.00,12.00,12.00,2.40,12.00,^,0.00,,16.10,9.40,504,0.00,43.9,0,0,0.00,0.00,0.00,12.00,0.00,0.00,0,0,0.00,0,0.00
2026-03-29 15:47:10,2483.49,0,0,0,0,0,0,0,0.00,0,1.00,3.38,1.95,2.22,1.00,D,0.00,12.00,12.00,12.00,12.00,^,0.00,,16.30,9.40,504,0.00,42.8,0,0,0.00,0.00,0.00,12.00,0.00,0.00,0,0,0.00,0,0.00
2026-03-29 15:47:11,2484.50,0,0,0,0,0,0,0,0.00,0,1.00,3.38,1.95,2.14,1.00,D,0.00,12.00,12.00,2.76,12.00,^,0.00,,17.70,9.40,504,0.00,44.4,0,0,0.00,0.00,0.00,12.00,0.00,0.00,0,0,0.00,0,0.00
2026-03-29 15:47:12,2485.50,0,0,0,0,0,0,0,0.00,0,1.00,3.38,1.95,2.26,1.00,D,0.00,2.51,12.00,2.99,12.00,^,0.00,,16.00,9.40,504,0.00,43.9,0,0,0.00,0.00,0.00,2.51,0.00,0.00,0,0,0.00,0,0.00
2026-03-29 15:47:13,2486.52,0,0,0,0,0,0,0,0.34,0,0.26,3.38,1.95,2.01,0.82,D,0.00,1.40,2.29,1.69,12.00,^,0.00,,12.90,9.40,504,0.00,41.7,0,0,0.00,0.00,0.00,1.40,0.00,0.00,0,0,0.00,0,0.00
2026-03-29 15:47:14,2487.53,0,0,0,0,0,0,0,0.30,0,0.68,3.38,1.95,1.20,0.68,D,0.00,0.97,0.82,1.00,2.40,CAUTION_WARNING,0.00,,22.90,9.30,504,0.00,45.0,0,0,0.00,0.00,0.00,0.97,0.00,0.00,0,0,0.00,0,0.00
2026-03-29 15:47:15,2488.54,0,0,0,0,0,0,0,0.59,0,0.55,3.38,1.95,0.95,0.67,D,0.00,0.61,0.55,0.64,2.08,CAUTION_WARNING,0.00,,19.50,9.20,504,0.00,44.4,0,0,0.00,0.00,0.00,0.61,0.00,0.00,0,0,0.00,0,0.00
2026-03-29 15:47:16,2489.56,0,0,0,0,0,0,0,0.66,0,0.33,3.38,1.95,0.03,0.18,D,0.00,0.03,0.45,0.45,2.10,STOP_WARNING,0.00,,20.20,9.50,504,0.22,44.4,0,0,0.00,0.00,0.00,0.03,0.00,0.00,0,0,0.00,0,0.00
2026-03-29 15:47:17,2490.57,0,0,0,0,0,0,0,0.00,0,0.00,3.38,1.94,0.00,0.30,D,0.00,0.03,0.45,0.45,2.10,STOP_WARNING,0.00,,15.60,9.50,504,1.23,43.9,0,0,0.00,0.00,0.00,0.03,0.00,0.00,0,0,0.00,0,0.00
2026-03-29 15:47:18,2491.58,0,0,0,0,0,0,0,0.00,0,0.00,3.38,1.94,0.00,0.00,D,0.00,0.03,0.50,0.45,2.10,STOP_WARNING,0.00,,9.80,9.50,504,2.24,43.9,0,0,0.00,0.00,0.00,0.03,0.00,0.00,0,0,0.00,0,0.00
2026-03-29 15:47:19,2492.60,0,0,0,0,0,0,0,0.00,0,0.00,3.38,1.94,0.00,0.00,D,0.00,0.03,0.64,0.45,2.10,STOP_WARNING,0.00,,11.10,9.50,504,3.26,43.9,0,0,0.00,0.00,0.00,0.03,0.00,0.00,0,0,0.00,0,0.00
2026-03-29 15:47:20,2493.60,0,0,0,0,0,0,0,0.00,0,0.00,3.38,1.94,0.00,0.00,D,0.00,0.02,0.64,0.45,2.10,STOP_WARNING,0.00,,9.00,9.10,504,4.26,43.3,0,0,0.00,0.00,0.00,0.02,0.00,0.00,0,0,0.00,0,0.00
2026-03-29 15:47:21,2494.62,0,0,0,0,0,0,0,0.00,0,0.00,3.38,1.94,0.00,0.00,D,0.00,0.03,0.62,0.45,2.10,STOP_WARNING,0.00,,9.40,9.40,504,5.28,42.8,0,0,0.00,0.00,0.00,0.03,0.00,0.00,0,0,0.00,0,0.00
2026-03-29 15:47:22,2495.63,0,0,0,0,0,0,0,0.00,0,0.00,3.38,1.94,0.00,0.00,D,0.00,0.03,0.64,0.45,2.09,STOP_WARNING,0.00,,12.50,9.40,504,6.29,43.3,0,0,0.00,0.00,0.00,0.03,0.00,0.00,0,0,0.00,0,0.00
2026-03-29 15:47:23,2496.63,0,0,0,0,0,0,0,0.00,0,0.00,3.38,1.94,0.00,0.00,D,0.00,0.03,0.64,0.45,2.10,STOP_WARNING,0.00,,9.10,9.30,504,7.29,43.9,0,0,0.00,0.00,0.00,0.03,0.00,0.00,0,0,0.00,0,0.00
2026-03-29 15:47:24,2497.64,0,0,0,0,0,0,0,0.00,0,0.00,3.38,1.94,0.00,0.00,D,0.00,0.03,0.64,0.45,2.10,STOP_WARNING,0.00,,11.40,9.30,504,8.30,44.4,0,0,0.00,0.00,0.00,0.03,0.00,0.00,0,0,0.00,0,0.00
2026-03-29 15:47:25,2498.66,0,0,0,0,0,0,0,0.00,0,0.00,3.38,1.94,0.00,0.00,D,0.00,0.03,0.64,0.45,2.10,STOP_WARNING,0.00,,15.60,9.10,504,9.32,41.7,0,0,0.00,0.00,0.00,0.03,0.00,0.00,0,0,0.00,0,0.00
2026-03-29 15:47:26,2499.67,0,0,0,0,0,0,0,0.00,0,0.00,3.38,1.94,0.00,0.00,D,0.00,0.03,0.63,0.45,2.10,STOP_WARNING,0.00,,10.10,9.30,504,10.33,42.8,0,0,0.00,0.00,0.00,0.03,0.00,0.00,0,0,0.00,0,0.00
2026-03-29 15:47:27,2500.68,0,0,0,0,0,0,0,1.00,0,1.00,3.38,1.94,0.00,0.33,D,0.00,0.03,0.64,0.46,0.61,STOP_WARNING,0.00,,16.80,9.30,504,11.34,43.9,0,0,0.00,0.00,0.00,0.03,0.00,0.00,0,0,0.00,0,0.00
2026-03-29 15:47:28,2501.70,0,0,0,0,0,0,0,1.00,0,1.00,3.38,1.94,0.13,0.84,D,0.00,12.00,0.64,12.00,0.58,^,0.00,,9.10,9.40,504,0.00,42.8,0,0,0.00,0.00,0.00,12.00,0.00,0.00,0,0,0.00,0,0.00
2026-03-29 15:47:29,2502.72,0,0,0,0,0,0,0,0.42,0,0.00,3.38,1.94,0.85,0.72,D,0.00,12.00,1.49,12.00,0.69,^,0.00,,16.80,9.20,504,0.00,43.3,0,0,0.00,0.00,0.00,12.00,0.00,0.00,0,0,0.00,0,0.00
2026-03-29 15:47:30,2503.71,0,0,0,0,0,0,0,0.42,0,0.00,3.38,1.94,0.32,0.46,D,0.00,12.00,1.46,12.00,0.84,^,0.00,,19.40,9.20,504,0.00,44.4,0,0,0.00,0.00,0.00,12.00,0.00,0.00,0,0,0.00,0,0.00
2026-03-29 15:47:31,2504.73,0,0,0,0,0,0,0,0.63,0,0.79,3.38,1.93,0.06,0.75,D,0.00,12.00,1.45,12.00,0.86,^,0.00,,15.30,9.30,504,0.00,43.9,0,0,0.00,0.00,0.00,12.00,0.00,0.00,0,0,0.00,0,0.00
2026-03-29 15:47:32,2505.73,0,0,0,0,0,0,0,0.00,0,1.00,3.38,1.93,0.37,0.84,D,0.00,12.00,1.45,0.70,0.97,^,0.00,,18.50,9.50,504,0.00,43.9,0,0,0.00,0.00,0.00,12.00,0.00,0.00,0,0,0.00,0,0.00
2026-03-29 15:47:33,2506.74,0,0,0,0,0,0,0,0.54,0,1.00,3.38,1.93,2.11,1.00,D,0.00,12.00,1.33,0.68,0.57,^,0.00,,12.70,9.50,504,0.00,43.3,0,0,0.00,0.00,0.00,12.00,0.00,0.00,0,0,0.00,0,0.00
2026-03-29 15:47:34,2507.74,0,0,0,0,0,0,0,0.00,0,0.90,3.38,1.93,1.90,0.91,D,0.00,12.00,1.33,12.00,0.76,^,0.00,,15.00,9.50,504,0.00,42.8,0,0,0.00,0.00,0.00,12.00,0.00,0.00,0,0,0.00,0,0.00
2026-03-29 15:47:35,2508.76,0,0,0,0,0,0,0,0.20,0,1.00,3.38,1.93,2.37,1.00,D,0.00,12.00,1.34,12.00,0.66,^,0.00,,17.80,9.40,504,0.00,44.4,0,0,0.00,0.00,0.00,12.00,0.00,0.00,0,0,0.00,0,0.00
2026-03-29 15:47:36,2509.77,0,0,0,0,0,0,0,0.00,0,0.27,3.38,1.93,2.27,0.96,D,0.00,2.52,1.62,0.53,1.26,^,0.00,,13.30,9.50,504,0.00,43.9,0,0,0.00,0.00,0.00,2.52,0.00,0.00,0,0,0.00,0,0.00
2026-03-29 15:47:37,2510.79,0,0,0,0,0,0,0,0.14,0,0.00,3.38,1.93,1.37,0.35,D,0.00,1.73,1.31,0.41,0.39,^,0.00,,18.00,9.50,504,0.00,45.0,0,0,0.00,0.00,0.00,1.73,0.00,0.00,0,0,0.00,0,0.00
2026-03-29 15:47:38,2511.78,0,0,0,0,0,0,0,0.66,0,0.00,3.38,1.93,0.00,0.00,D,0.00,1.52,1.15,1.55,0.62,^,0.00,,16.40,9.50,504,0.22,43.9,0,0,0.00,0.00,0.00,1.52,0.00,0.00,0,0,0.00,0,0.00
2026-03-29 15:47:39,2512.80,0,0,0,0,0,0,0,0.81,0,1.00,3.38,1.93,0.00,0.50,D,0.00,1.53,1.15,1.54,0.63,^,0.00,,13.90,9.30,504,1.23,43.3,0,0,0.00,0.00,0.00,1.53,0.00,0.00,0,0,0.00,0,0.00
2026-03-29 15:47:40,2513.81,0,0,0,0,0,0,0,0.37,0,0.84,3.38,1.93,0.79,0.97,D,0.00,1.45,1.11,1.61,1.38,^,0.00,,16.90,9.40,504,0.00,44.4,0,0,0.00,0.00,0.00,1.45,0.00,0.00,0,0,0.00,0,0.00
2026-03-29 15:47:41,2514.83,0,0,0,0,0,0,0,0.00,0,1.00,3.38,1.93,1.05,0.93,D,0.00,0.84,1.19,0.96,1.19,CAUTION_WARNING,0.00,,16.20,9.50,504,0.00,43.9,0,0,0.00,0.00,0.00,0.84,0.00,0.00,0,0,0.00,0,0.00
2026-03-29 15:47:42,2515.84,0,0,0,0,0,0,0,0.00,1,0.00,3.38,1.93,1.12,0.39,D,0.00,0.04,0.74,0.05,1.40,STOP_WARNING,0.00,,17.50,9.20,504,0.00,44.4,0,0,0.00,0.00,0.00,0.04,0.00,0.00,0,0,0.00,0,0.00
2026-03-29 15:47:43,2516.85,0,0,0,0,0,0,0,0.00,0,0.00,3.38,1.93,0.00,0.00,D,0.00,0.58,0.71,0.31,0.66,CAUTION_WARNING,0.00,,7.80,9.50,504,0.41,43.3,0,0,0.00,0.00,0.00,0.58,0.00,0.00,0,0,0.00,0,0.00
2026-03-29 15:47:44,2517.87,0,0,0,0,0,0,0,0.00,0,0.00,3.38,1.93,0.00,0.00,D,0.00,0.58,0.27,0.30,1.47,CAUTION_WARNING,0.00,,6.60,9.20,504,1.42,43.9,0,0,0.00,0.00,0.00,0.58,0.00,0.00,0,0,0.00,0,0.00
2026-03-29 15:47:45,2518.88,0,0,0,0,0,0,0,0.00,0,0.00,3.38,1.93,0.00,0.00,D,0.00,0.58,0.27,0.31,1.47,CAUTION_WARNING,0.00,,8.40,9.50,504,2.43,42.8,0,0,0.00,0.00,0.00,0.58,0.00,0.00,0,0,0.00,0,0.00
2026-03-29 15:47:47,2519.89,0,0,0,0,0,0,0,0.00,0,0.00,3.38,1.93,0.00,0.00,D,0.00,0.58,0.25,0.31,0.34,CAUTION_WARNING,0.00,,5.80,9.50,504,3.45,43.3,0,0,0.00,0.00,0.00,0.58,0.00,0.00,0,0,0.00,0,0.00
2026-03-29 15:47:48,2520.90,0,0,0,0,0,0,0,0.00,0,0.00,3.38,1.93,0.00,0.00,D,0.00,0.58,0.28,0.31,0.35,CAUTION_WARNING,0.00,,6.60,9.40,504,4.45,43.3,0,0,0.00,0.00,0.00,0.58,0.00,0.00,0,0,0.00,0,0.00
2026-03-29 15:47:49,2521.90,0,0,0,0,0,0,0,0.00,0,0.00,3.38,1.93,0.00,0.00,D,0.00,0.57,0.29,0.31,1.46,CAUTION_WARNING,0.00,,9.00,9.40,504,5.46,43.3,0,0,0.00,0.00,0.00,0.57,0.00,0.00,0,0,0.00,0,0.00
2026-03-29 15:47:50,2522.91,0,0,0,0,0,0,0,0.00,0,0.00,3.38,1.93,0.00,0.00,D,0.00,0.58,0.29,0.30,1.46,CAUTION_WARNING,0.00,,6.30,9.10,504,6.47,43.3,0,0,0.00,0.00,0.00,0.58,0.00,0.00,0,0,0.00,0,0.00
2026-03-29 15:47:51,2523.93,0,0,0,0,0,0,0,0.00,0,0.00,3.38,1.93,0.00,0.00,D,0.00,0.58,0.42,0.31,1.46,CAUTION_WARNING,0.00,,8.60,9.30,504,7.48,43.9,0,0,0.00,0.00,0.00,0.58,0.00,0.00,0,0,0.00,0,0.00
2026-03-29 15:47:52,2524.94,0,0,0,0,0,0,0,0.00,0,0.00,3.38,1.92,0.00,0.00,D,0.00,0.57,0.39,0.30,0.42,CAUTION_WARNING,0.00,,6.00,9.40,504,8.49,41.7,0,0,0.00,0.00,0.00,0.57,0.00,0.00,0,0,0.00,0,0.00
2026-03-29 15:47:53,2525.95,0,0,0,0,0,0,0,0.00,0,0.00,3.38,1.92,0.00,0.00,D,0.00,0.58,0.83,0.31,0.41,CAUTION_WARNING,0.00,,5.30,9.30,504,9.50,42.8,0,0,0.00,0.00,0.00,0.58,0.00,0.00,0,0,0.00,0,0.00
2026-03-29 15:47:54,2526.96,0,0,0,0,0,0,0,0.00,0,0.00,3.38,1.92,0.00,0.00,D,0.00,0.58,0.39,0.30,0.39,CAUTION_WARNING,0.00,,8.30,9.20,504,10.52,43.9,0,0,0.00,0.00,0.00,0.58,0.00,0.00,0,0,0.00,0,0.00
2026-03-29 15:47:55,2527.98,0,0,0,0,0,0,0,0.00,0,0.00,3.38,1.92,0.00,0.00,D,0.00,0.58,0.37,0.31,0.38,CAUTION_WARNING,0.00,,6.30,9.10,504,11.53,42.8,0,0,0.00,0.00,0.00,0.58,0.00,0.00,0,0,0.00,0,0.00
2026-03-29 15:47:56,2528.99,0,0,0,0,0,0,0,0.00,0,0.00,3.38,1.92,0.00,0.00,D,0.00,0.57,0.42,0.30,0.37,CAUTION_WARNING,0.00,,9.70,9.10,504,12.54,43.9,0,0,0.00,0.00,0.00,0.57,0.00,0.00,0,0,0.00,0,0.00
2026-03-29 15:47:57,2530.00,0,0,0,0,0,0,0,0.00,0,0.00,3.38,1.92,0.00,0.00,D,0.00,0.58,0.40,0.30,0.23,CAUTION_WARNING,0.00,,6.30,9.20,504,13.55,42.8,0,0,0.00,0.00,0.00,0.58,0.00,0.00,0,0,0.00,0,0.00
2026-03-29 15:47:58,2531.01,0,0,0,0,0,0,0,0.00,0,0.00,3.38,1.92,0.00,0.00,D,0.00,0.57,0.83,0.30,1.46,CAUTION_WARNING,0.00,,7.00,9.20,504,14.56,43.3,0,0,0.00,0.00,0.00,0.57,0.00,0.00,0,0,0.00,0,0.00
2026-03-29 15:47:59,2532.03,0,0,0,0,0,0,0,0.00,0,0.00,3.38,1.92,0.00,0.00,D,0.00,0.57,0.83,0.31,1.46,CAUTION_WARNING,0.00,,9.00,9.20,504,15.58,42.8,0,0,0.00,0.00,0.00,0.57,0.00,0.00,0,0,0.00,0,0.00
2026-03-29 15:48:00,2533.04,0,0,0,0,0,0,0,0.00,0,0.00,3.38,1.92,0.00,0.00,D,0.00,0.58,0.83,0.31,1.46,CAUTION_WARNING,0.00,,5.80,9.20,504,16.59,42.2,0,0,0.00,0.00,0.00,0.58,0.00,0.00,0,0,0.00,0,0.00
2026-03-29 15:48:01,2534.05,0,0,0,0,0,0,0,0.00,0,0.00,3.38,1.92,0.00,0.00,D,0.00,0.58,0.83,0.31,1.46,CAUTION_WARNING,0.00,,8.50,9.20,504,17.60,43.9,0,0,0.00,0.00,0.00,0.58,0.00,0.00,0,0,0.00,0,0.00
2026-03-29 15:48:02,2535.06,0,0,0,0,0,0,0,0.00,0,0.00,3.38,1.92,0.00,0.00,D,0.00,0.57,0.83,0.31,1.46,CAUTION_WARNING,0.00,,6.80,9.20,504,18.61,42.8,0,0,0.00,0.00,0.00,0.57,0.00,0.00,0,0,0.00,0,0.00
2026-03-29 15:48:03,2536.07,0,0,0,0,0,0,0,0.00,0,0.00,3.38,1.92,0.00,0.00,D,0.00,0.56,0.83,0.30,1.46,CAUTION_WARNING,0.00,,5.80,9.10,504,19.63,42.8,0,0,0.00,0.00,0.00,0.56,0.00,0.00,0,0,0.00,0,0.00
2026-03-29 15:48:04,2537.08,0,0,0,0,0,0,0,0.00,0,0.00,3.38,1.92,0.00,0.00,D,0.00,0.57,0.83,0.30,1.46,CAUTION_WARNING,0.00,,9.00,9.20,504,20.64,43.3,0,0,0.00,0.00,0.00,0.57,0.00,0.00,0,0,0.00,0,0.00
2026-03-29 15:48:05,2538.10,0,0,0,0,0,0,0,0.00,0,0.00,3.38,1.91,0.00,0.00,D,0.00,0.57,0.83,0.30,1.46,CAUTION_WARNING,0.00,,7.00,9.10,504,21.65,42.8,0,0,0.00,0.00,0.00,0.57,0.00,0.00,0,0,0.00,0,0.00
2026-03-29 15:48:06,2539.11,0,0,0,0,0,0,0,0.00,0,0.00,3.38,1.91,0.00,0.00,D,0.00,0.58,0.83,0.31,1.46,CAUTION_WARNING,0.00,,9.20,9.20,504,22.66,43.3,0,0,0.00,0.00,0.00,0.58,0.00,0.00,0,0,0.00,0,0.00
2026-03-29 15:48:07,2540.12,0,0,0,0,0,0,0,0.00,0,0.00,3.38,1.91,0.00,0.00,D,0.00,0.58,0.83,0.31,1.46,CAUTION_WARNING,0.00,,8.70,9.20,504,23.67,42.8,0,0,0.00,0.00,0.00,0.58,0.00,0.00,0,0,0.00,0,0.00
2026-03-29 15:48:08,2541.12,0,0,0,0,0,0,0,0.00,0,0.00,3.38,1.91,0.00,0.00,D,0.00,0.57,0.83,0.30,1.46,CAUTION_WARNING,0.00,,6.60,9.20,504,24.67,42.8,0,0,0.00,0.00,0.00,0.57,0.00,0.00,0,0,0.00,0,0.00
2026-03-29 15:48:09,2542.13,0,0,0,0,0,0,0,0.00,0,0.00,3.38,1.91,0.00,0.00,D,0.00,0.57,0.83,0.30,1.46,CAUTION_WARNING,0.00,,9.30,9.20,504,25.68,42.8,0,0,0.00,0.00,0.00,0.57,0.00,0.00,0,0,0.00,0,0.00
2026-03-29 15:48:10,2543.14,0,0,0,0,0,0,0,0.00,0,0.00,3.38,1.91,0.00,0.00,D,0.00,0.57,0.83,0.30,1.46,CAUTION_WARNING,0.00,,6.70,9.10,504,26.69,42.2,0,0,0.00,0.00,0.00,0.57,0.00,0.00,0,0,0.00,0,0.00
2026-03-29 15:48:11,2544.15,0,0,0,0,0,0,0,0.00,0,0.00,3.38,1.91,0.00,0.00,D,0.00,0.58,0.83,0.31,1.46,CAUTION_WARNING,0.00,,7.00,9.20,504,0.63,42.2,0,0,0.00,0.00,0.00,0.58,0.00,0.00,0,0,0.00,0,0.00
2026-03-29 15:48:12,2545.17,0,0,0,0,0,0,0,0.00,0,0.00,3.38,1.91,0.00,0.00,D,0.00,0.57,0.83,0.30,1.46,CAUTION_WARNING,0.00,,9.60,9.20,504,0.41,41.7,0,0,0.00,0.00,0.00,0.57,0.00,0.00,0,0,0.00,0,0.00
2026-03-29 15:48:13,2546.18,0,0,0,0,0,0,0,0.00,0,0.00,3.38,1.91,0.00,0.00,D,0.00,0.57,0.83,0.31,1.46,CAUTION_WARNING,0.00,,6.00,9.10,504,1.43,42.8,0,0,0.00,0.00,0.00,0.57,0.00,0.00,0,0,0.00,0,0.00
2026-03-29 15:48:14,2547.19,0,0,0,0,0,0,0,0.00,0,0.00,3.38,1.91,0.00,0.00,D,0.00,0.57,0.83,0.31,1.46,CAUTION_WARNING,0.00,,9.00,9.20,504,2.44,43.3,0,0,0.00,0.00,0.00,0.57,0.00,0.00,0,0,0.00,0,0.00
2026-03-29 15:48:15,2548.20,0,0,0,0,0,0,0,0.00,0,0.00,3.38,1.91,0.00,0.00,D,0.00,0.58,0.83,0.30,1.46,CAUTION_WARNING,0.00,,5.90,9.10,504,3.44,43.3,0,0,0.00,0.00,0.00,0.58,0.00,0.00,0,0,0.00,0,0.00
2026-03-29 15:48:16,2549.21,0,0,0,0,0,0,0,0.00,0,0.00,3.38,1.91,0.00,0.00,D,0.00,0.57,0.83,0.31,1.46,CAUTION_WARNING,0.00,,6.00,9.20,504,4.45,42.8,0,0,0.00,0.00,0.00,0.57,0.00,0.00,0,0,0.00,0,0.00
2026-03-29 15:48:17,2550.22,0,0,0,0,0,0,0,0.00,0,0.00,3.38,1.91,0.00,0.00,D,0.00,0.58,0.83,0.30,1.46,CAUTION_WARNING,0.00,,9.60,9.20,504,5.47,41.7,0,0,0.00,0.00,0.00,0.58,0.00,0.00,0,0,0.00,0,0.00
2026-03-29 15:48:18,2551.23,0,0,0,0,0,0,0,0.00,0,0.00,3.38,1.90,0.00,0.00,D,0.00,0.57,0.83,0.30,1.46,CAUTION_WARNING,0.00,,6.00,9.20,504,6.48,41.7,0,0,0.00,0.00,0.00,0.57,0.00,0.00,0,0,0.00,0,0.00
2026-03-29 15:48:19,2552.25,0,0,0,0,0,0,0,0.00,0,0.00,3.38,1.90,0.00,0.00,D,0.00,0.57,0.83,0.30,1.46,CAUTION_WARNING,0.00,,9.20,9.20,504,7.50,43.9,0,0,0.00,0.00,0.00,0.57,0.00,0.00,0,0,0.00,0,0.00
2026-03-29 15:48:20,2553.26,0,0,0,0,0,0,0,0.00,0,0.00,3.38,1.90,0.00,0.00,D,0.00,0.57,0.83,0.31,1.46,CAUTION_WARNING,0.00,,5.60,9.10,504,8.50,43.3,0,0,0.00,0.00,0.00,0.57,0.00,0.00,0,0,0.00,0,0.00
2026-03-29 15:48:21,2554.27,0,0,0,0,0,0,0,0.00,0,0.00,3.38,1.90,0.00,0.00,D,0.00,0.56,0.83,0.31,1.46,CAUTION_WARNING,0.00,,5.60,9.20,504,9.52,42.8,0,0,0.00,0.00,0.00,0.56,0.00,0.00,0,0,0.00,0,0.00
2026-03-29 15:48:22,2555.28,0,0,0,0,0,0,0,0.00,0,0.00,3.38,1.90,0.00,0.00,D,0.00,0.58,0.83,0.30,1.46,CAUTION_WARNING,0.00,,8.90,9.20,504,10.53,41.1,0,0,0.00,0.00,0.00,0.58,0.00,0.00,0,0,0.00,0,0.00
2026-03-29 15:48:23,2556.29,0,0,0,0,0,0,0,0.00,0,0.00,3.38,1.90,0.00,0.00,D,0.00,0.58,0.83,0.31,1.46,CAUTION_WARNING,0.00,,7.80,9.20,504,11.53,42.8,0,0,0.00,0.00,0.00,0.58,0.00,0.00,0,0,0.00,0,0.00
2026-03-29 15:48:24,2557.30,0,0,0,0,0,0,0,0.00,0,0.00,3.38,1.90,0.00,0.00,D,0.00,0.58,0.83,0.31,1.46,CAUTION_WARNING,0.00,,7.80,9.20,504,12.55,42.8,0,0,0.00,0.00,0.00,0.58,0.00,0.00,0,0,0.00,0,0.00
2026-03-29 15:48:25,2558.31,0,0,0,0,0,0,0,0.00,0,0.00,3.38,1.90,0.00,0.00,D,0.00,0.57,0.83,0.30,1.46,CAUTION_WARNING,0.00,,7.30,9.20,504,13.56,42.8,0,0,0.00,0.00,0.00,0.57,0.00,0.00,0,0,0.00,0,0.00
2026-03-29 15:48:26,2559.33,0,0,0,0,0,0,0,0.00,0,0.00,3.38,1.90,0.00,0.00,D,0.00,0.55,0.83,0.30,1.46,CAUTION_WARNING,0.00,,6.00,9.20,504,14.57,43.3,0,0,0.00,0.00,0.00,0.55,0.00,0.00,0,0,0.00,0,0.00
2026-03-29 15:48:27,2560.34,0,0,0,0,0,0,0,0.00,0,0.00,3.38,1.90,0.00,0.00,D,0.00,0.57,0.83,0.30,1.46,CAUTION_WARNING,0.00,,8.30,9.20,504,15.59,42.8,0,0,0.00,0.00,0.00,0.57,0.00,0.00,0,0,0.00,0,0.00
2026-03-29 15:48:28,2561.36,0,0,0,0,0,0,0,0.00,0,0.00,3.38,1.90,0.00,0.00,D,0.00,0.57,0.83,0.30,1.46,CAUTION_WARNING,0.00,,7.30,9.20,504,16.60,41.1,0,0,0.00,0.00,0.00,0.57,0.00,0.00,0,0,0.00,0,0.00
2026-03-29 15:48:29,2562.37,0,0,0,0,0,0,0,0.00,0,0.00,3.38,1.90,0.00,0.00,D,0.00,0.56,0.83,0.30,1.46,CAUTION_WARNING,0.00,,7.80,9.20,504,17.61,43.9,0,0,0.00,0.00,0.00,0.56,0.00,0.00,0,0,0.00,0,0.00
2026-03-29 15:48:30,2563.38,0,0,0,0,0,0,0,0.00,0,0.00,3.38,1.90,0.00,0.00,D,0.00,0.57,0.83,0.30,1.46,CAUTION_WARNING,0.00,,6.60,9.20,504,18.62,42.8,0,0,0.00,0.00,0.00,0.57,0.00,0.00,0,0,0.00,0,0.00
2026-03-29 15:48:31,2564.39,0,0,0,0,0,0,0,0.00,0,0.00,3.38,1.89,0.00,0.00,D,0.00,0.56,0.83,0.30,1.46,CAUTION_WARNING,0.00,,5.80,9.20,504,19.64,42.2,0,0,0.00,0.00,0.00,0.56,0.00,0.00,0,0,0.00,0,0.00
2026-03-29 15:48:32,2565.41,0,0,0,0,0,0,0,0.00,0,0.00,3.38,1.89,0.00,0.00,D,0.00,0.56,0.83,0.30,1.46,CAUTION_WARNING,0.00,,7.80,9.20,504,20.65,43.3,0,0,0.00,0.00,0.00,0.56,0.00,0.00,0,0,0.00,0,0.00
2026-03-29 15:48:33,2566.42,0,0,0,0,0,0,0,0.00,0,0.00,3.38,1.89,0.00,0.00,D,0.00,0.56,0.83,0.31,1.46,CAUTION_WARNING,0.00,,5.60,9.20,504,21.66,43.3,0,0,0.00,0.00,0.00,0.56,0.00,0.00,0,0,0.00,0,0.00
2026-03-29 15:48:34,2567.43,0,0,0,0,0,0,0,0.00,0,0.00,3.38,1.89,0.00,0.00,D,0.00,0.57,0.83,0.30,1.46,CAUTION_WARNING,0.00,,9.20,9.10,504,22.68,42.8,0,0,0.00,0.00,0.00,0.57,0.00,0.00,0,0,0.00,0,0.00
2026-03-29 15:48:35,2568.44,0,0,0,0,0,0,0,0.00,0,0.00,3.38,1.89,0.00,0.00,D,0.00,0.56,0.83,0.30,1.46,CAUTION_WARNING,0.00,,6.90,9.20,504,23.69,41.1,0,0,0.00,0.00,0.00,0.56,0.00,0.00,0,0,0.00,0,0.00
2026-03-29 15:48:36,2569.45,0,0,0,0,0,0,0,0.00,1,0.00,3.38,1.89,0.00,0.00,D,0.00,0.55,0.83,0.30,1.46,CAUTION_WARNING,0.00,,7.10,9.20,504,24.70,41.7,0,0,0.00,0.00,0.00,0.55,0.00,0.00,0,0,0.00,0,0.00
2026-03-29 15:48:37,2570.47,0,0,0,0,0,0,0,0.00,0,0.00,3.38,1.89,0.00,0.00,D,0.00,0.56,0.83,0.30,1.46,CAUTION_WARNING,0.00,,10.20,9.20,504,25.71,42.8,0,0,0.00,0.00,0.00,0.56,0.00,0.00,0,0,0.00,0,0.00
2026-03-29 15:48:38,2571.48,0,0,0,0,0,0,0,0.00,0,0.00,3.38,1.89,0.00,0.00,D,0.00,0.56,0.83,0.30,1.46,CAUTION_WARNING,0.00,,5.80,9.20,504,26.72,41.1,0,0,0.00,0.00,0.00,0.56,0.00,0.00,0,0,0.00,0,0.00
2026-03-29 15:48:39,2572.49,0,0,0,0,0,0,0,0.00,0,0.00,3.38,1.89,0.00,0.00,D,0.00,0.56,0.83,0.31,1.46,CAUTION_WARNING,0.00,,6.30,9.10,504,27.73,41.7,0,0,0.00,0.00,0.00,0.56,0.00,0.00,0,0,0.00,0,0.00
2026-03-29 15:48:40,2573.50,0,0,0,0,0,0,0,0.00,0,0.00,3.38,1.89,0.00,0.00,D,0.00,0.56,0.83,0.31,1.46,CAUTION_WARNING,0.00,,8.60,9.20,504,28.75,43.3,0,0,0.00,0.00,0.00,0.56,0.00,0.00,0,0,0.00,0,0.00
2026-03-29 15:48:41,2574.51,0,0,0,0,0,0,0,0.00,0,0.00,3.38,1.89,0.00,0.00,D,0.00,0.56,0.83,0.30,1.46,CAUTION_WARNING,0.00,,6.50,9.20,504,29.76,42.8,0,0,0.00,0.00,0.00,0.56,0.00,0.00,0,0,0.00,0,0.00
2026-03-29 15:48:42,2575.52,0,0,0,0,0,0,0,0.00,0,0.00,3.38,1.89,0.00,0.00,D,0.00,0.56,0.83,0.31,1.46,CAUTION_WARNING,0.00,,8.30,9.20,504,30.77,42.2,0,0,0.00,0.00,0.00,0.56,0.00,0.00,0,0,0.00,0,0.00
2026-03-29 15:48:43,2576.54,0,0,0,0,0,0,0,0.00,0,0.00,3.38,1.89,0.00,0.00,D,0.00,0.56,0.83,0.31,1.46,CAUTION_WARNING,0.00,,8.30,9.20,504,31.78,43.3,0,0,0.00,0.00,0.00,0.56,0.00,0.00,0,0,0.00,0,0.00
2026-03-29 15:48:44,2577.55,0,0,0,0,0,0,0,0.00,0,0.00,3.38,1.89,0.00,0.00,D,0.00,0.56,0.83,0.31,1.46,CAUTION_WARNING,0.00,,11.20,9.20,504,32.80,41.7,0,0,0.00,0.00,0.00,0.56,0.00,0.00,0,0,0.00,0,0.00
2026-03-29 15:48:45,2578.55,0,0,0,0,0,0,0,0.00,0,0.00,3.38,1.88,0.00,0.00,D,0.00,0.56,0.83,0.31,1.46,CAUTION_WARNING,0.00,,10.40,9.20,504,33.80,42.2,0,0,0.00,0.00,0.00,0.56,0.00,0.00,0,0,0.00,0,0.00
2026-03-29 15:48:46,2579.56,0,0,0,0,0,0,0,0.00,0,0.00,3.38,1.88,0.00,0.00,D,0.00,0.56,0.83,0.31,1.46,CAUTION_WARNING,0.00,,4.90,9.20,504,34.81,41.7,0,0,0.00,0.00,0.00,0.56,0.00,0.00,0,0,0.00,0,0.00
2026-03-29 15:48:47,2580.57,0,0,0,0,0,0,0,0.00,0,0.00,3.38,1.88,0.00,0.00,D,0.00,0.55,0.83,0.31,1.46,CAUTION_WARNING,0.00,,7.90,9.10,504,35.82,43.9,0,0,0.00,0.00,0.00,0.55,0.00,0.00,0,0,0.00,0,0.00
2026-03-29 15:48:48,2581.59,0,0,0,0,0,0,0,0.00,0,0.00,3.38,1.88,0.00,0.00,D,0.00,0.57,0.83,0.31,1.46,CAUTION_WARNING,0.00,,5.80,9.20,504,36.83,43.9,0,0,0.00,0.00,0.00,0.57,0.00,0.00,0,0,0.00,0,0.00
2026-03-29 15:48:49,2582.60,0,0,0,0,0,0,0,0.00,0,0.00,3.38,1.88,0.00,0.00,D,0.00,0.56,0.52,0.31,1.46,CAUTION_WARNING,0.00,,6.30,9.10,504,37.85,41.7,0,0,0.00,0.00,0.00,0.56,0.00,0.00,0,0,0.00,0,0.00
2026-03-29 15:48:50,2583.61,0,0,0,0,0,0,0,0.00,0,0.00,3.38,1.88,0.00,0.00,D,0.00,0.57,0.41,0.31,1.46,CAUTION_WARNING,0.00,,8.60,9.20,504,38.86,42.2,0,0,0.00,0.00,0.00,0.57,0.00,0.00,0,0,0.00,0,0.00
2026-03-29 15:48:51,2584.62,0,0,0,0,0,0,0,0.00,0,0.00,3.38,1.88,0.00,0.00,D,0.00,0.56,0.23,0.30,0.24,CAUTION_WARNING,0.00,,6.60,9.30,504,39.87,42.2,0,0,0.00,0.00,0.00,0.56,0.00,0.00,0,0,0.00,0,0.00
2026-03-29 15:48:52,2585.64,0,0,0,0,0,0,0,0.00,0,0.00,3.38,1.88,0.00,0.00,D,0.00,0.44,0.32,0.26,0.36,STOP_WARNING,0.00,,7.40,9.00,504,0.00,42.2,0,0,0.00,0.00,0.00,0.44,0.00,0.00,0,0,0.00,0,0.00
2026-03-29 15:48:53,2586.65,0,0,0,0,0,0,0,0.00,0,0.00,3.38,1.88,0.00,0.00,D,0.00,0.04,0.39,0.23,0.51,STOP_WARNING,0.00,,6.60,9.30,504,0.33,42.2,0,0,0.00,0.00,0.00,0.04,0.00,0.00,0,0,0.00,0,0.00
2026-03-29 15:48:54,2587.66,0,0,0,0,0,0,0,0.00,0,0.00,3.38,1.88,0.00,0.00,D,0.00,0.51,0.39,0.27,0.89,CAUTION_WARNING,0.00,,6.40,9.20,504,1.35,43.3,0,0,0.00,0.00,0.00,0.51,0.00,0.00,0,0,0.00,0,0.00
2026-03-29 15:48:55,2588.67,0,0,0,0,0,0,0,0.00,0,0.00,3.38,1.88,0.00,0.00,D,0.00,0.25,0.25,0.29,0.25,STOP_WARNING,0.00,,9.40,9.30,504,2.36,43.3,0,0,0.00,0.00,0.00,0.25,0.00,0.00,0,0,0.00,0,0.00
2026-03-29 15:48:56,2589.69,0,0,0,0,0,0,0,0.00,0,0.00,3.38,1.88,0.00,0.00,D,0.00,0.04,0.24,0.43,0.36,STOP_WARNING,0.00,,6.30,9.30,504,3.37,41.1,0,0,0.00,0.00,0.00,0.04,0.00,0.00,0,0,0.00,0,0.00
2026-03-29 15:48:57,2590.69,0,0,0,0,0,0,0,0.00,0,0.00,3.38,1.88,0.00,0.00,D,0.00,0.38,0.34,0.78,0.33,STOP_WARNING,0.00,,11.20,9.30,504,4.37,43.9,0,0,0.00,0.00,0.00,0.38,0.00,0.00,0,0,0.00,0,0.00
2026-03-29 15:48:58,2591.70,0,0,0,0,0,0,0,0.00,0,0.00,3.38,1.87,0.00,0.00,D,0.00,0.40,0.34,0.63,0.43,STOP_WARNING,0.00,,9.90,9.30,504,5.38,42.2,0,0,0.00,0.00,0.00,0.40,0.00,0.00,0,0,0.00,0,0.00
2026-03-29 15:48:59,2592.71,0,0,0,0,0,0,0,0.00,0,0.00,3.38,1.87,0.00,0.00,D,0.00,0.46,0.36,0.51,0.51,STOP_WARNING,0.00,,8.30,9.20,504,6.39,43.9,0,0,0.00,0.00,0.00,0.46,0.00,0.00,0,0,0.00,0,0.00
2026-03-29 15:49:00,2593.72,0,0,0,0,0,0,0,0.00,0,0.00,3.38,1.87,0.00,0.00,D,0.00,0.59,0.39,0.60,0.41,CAUTION_WARNING,0.00,,11.40,9.10,504,7.41,42.8,0,0,0.00,0.00,0.00,0.59,0.00,0.00,0,0,0.00,0,0.00
2026-03-29 15:49:01,2594.74,0,0,0,0,0,0,0,0.00,0,0.00,3.38,1.87,0.00,0.00,D,0.00,0.66,0.37,0.67,0.42,CAUTION_WARNING,0.00,,6.90,9.20,504,8.42,43.3,0,0,0.00,0.00,0.00,0.66,0.00,0.00,0,0,0.00,0,0.00
2026-03-29 15:49:02,2595.75,0,0,0,0,0,0,0,0.00,0,0.00,3.38,1.87,0.00,0.00,D,0.00,0.46,0.36,0.46,0.53,STOP_WARNING,0.00,,9.40,9.20,504,9.44,44.4,0,0,0.00,0.00,0.00,0.46,0.00,0.00,0,0,0.00,0,0.00
2026-03-29 15:49:03,2596.76,0,0,0,0,0,0,0,0.00,0,0.00,3.38,1.87,0.00,0.00,D,0.00,0.28,0.26,0.47,0.80,STOP_WARNING,0.00,,9.20,9.20,504,10.45,43.9,0,0,0.00,0.00,0.00,0.28,0.00,0.00,0,0,0.00,0,0.00
2026-03-29 15:49:04,2597.77,0,0,0,0,0,0,0,0.00,0,0.00,3.38,1.87,0.00,0.00,D,0.00,0.34,0.30,2.12,2.16,STOP_WARNING,0.00,,6.90,9.10,504,11.46,43.9,0,0,0.00,0.00,0.00,0.34,0.00,0.00,0,0,0.00,0,0.00
2026-03-29 15:49:05,2598.79,0,0,0,0,0,0,0,0.00,0,0.00,3.38,1.87,0.00,0.00,D,0.00,0.28,0.26,2.75,2.15,STOP_WARNING,0.00,,10.70,9.10,504,12.47,44.4,0,0,0.00,0.00,0.00,0.28,0.00,0.00,0,0,0.00,0,0.00
2026-03-29 15:49:06,2599.80,0,0,0,0,0,0,0,0.00,0,0.00,3.38,1.87,0.00,0.00,D,0.00,0.31,0.28,2.65,1.37,STOP_WARNING,0.00,,6.90,9.20,504,13.48,42.2,0,0,0.00,0.00,0.00,0.31,0.00,0.00,0,0,0.00,0,0.00
2026-03-29 15:49:07,2600.81,0,0,0,0,0,0,0,0.00,0,0.00,3.38,1.87,0.00,0.00,D,0.00,0.26,0.25,0.99,0.53,STOP_WARNING,0.00,,10.50,9.20,504,14.50,43.3,0,0,0.00,0.00,0.00,0.26,0.00,0.00,0,0,0.00,0,0.00
2026-03-29 15:49:08,2601.82,0,0,0,0,0,0,0,0.00,0,0.00,3.38,1.87,0.00,0.00,D,0.00,0.24,0.24,0.59,0.60,STOP_WARNING,0.00,,10.60,9.20,504,15.51,44.4,0,0,0.00,0.00,0.00,0.24,0.00,0.00,0,0,0.00,0,0.00
2026-03-29 15:49:09,2602.83,0,0,0,0,0,0,0,0.00,0,0.00,3.38,1.87,0.00,0.00,D,0.00,0.32,0.29,0.99,1.20,STOP_WARNING,0.00,,7.40,9.10,504,16.52,42.8,0,0,0.00,0.00,0.00,0.32,0.00,0.00,0,0,0.00,0,0.00
2026-03-29 15:49:10,2603.84,0,0,0,0,0,0,0,0.00,0,0.00,3.38,1.87,0.00,0.00,D,0.00,0.40,0.35,1.22,1.31,STOP_WARNING,0.00,,10.20,9.10,504,17.53,44.4,0,0,0.00,0.00,0.00,0.40,0.00,0.00,0,0,0.00,0,0.00
2026-03-29 15:49:11,2604.86,0,0,0,0,0,0,0,0.00,0,0.00,3.38,1.87,0.00,0.00,D,0.00,0.42,0.36,2.29,1.65,STOP_WARNING,0.00,,7.60,9.20,504,18.54,42.8,0,0,0.00,0.00,0.00,0.42,0.00,0.00,0,0,0.00,0,0.00
2026-03-29 15:49:12,2605.86,0,0,0,0,0,0,0,0.00,0,0.00,3.38,1.86,0.00,0.00,D,0.00,0.34,0.31,1.93,1.23,STOP_WARNING,0.00,,8.70,9.20,504,19.55,44.4,0,0,0.00,0.00,0.00,0.34,0.00,0.00,0,0,0.00,0,0.00
2026-03-29 15:49:13,2606.87,0,0,0,0,0,0,0,0.00,0,0.00,3.38,1.86,0.00,0.00,D,0.00,0.42,0.34,0.74,0.55,STOP_WARNING,0.00,,10.10,9.30,504,20.56,43.9,0,0,0.00,0.00,0.00,0.42,0.00,0.00,0,0,0.00,0,0.00
2026-03-29 15:49:14,2607.88,0,0,0,0,0,0,0,0.00,0,0.00,3.38,1.86,0.00,0.00,D,0.00,1.04,0.42,0.67,0.41,^,0.00,,6.30,9.20,504,21.57,44.4,0,0,0.00,0.00,0.00,1.04,0.00,0.00,0,0,0.00,0,0.00
2026-03-29 15:49:16,2608.90,0,0,0,0,0,0,0,0.00,0,0.00,3.38,1.86,0.00,0.00,D,0.00,1.02,0.35,0.68,0.44,^,0.00,,8.10,9.30,504,0.43,43.9,0,0,0.00,0.00,0.00,1.02,0.00,0.00,0,0,0.00,0,0.00
2026-03-29 15:49:17,2609.91,0,0,0,0,0,0,0,0.00,0,0.00,3.38,1.86,0.00,0.00,D,0.00,1.02,0.38,0.68,0.02,^,0.00,,7.20,9.20,504,1.44,43.9,0,0,0.00,0.00,0.00,1.02,0.00,0.00,0,0,0.00,0,0.00
2026-03-29 15:49:18,2610.92,0,0,0,0,0,0,0,0.00,0,0.00,3.38,1.86,0.00,0.00,D,0.00,0.48,12.00,0.68,0.02,STOP_WARNING,0.00,,7.50,9.20,504,2.46,45.0,0,0,0.00,0.00,0.00,0.48,0.00,0.00,0,0,0.00,0,0.00
2026-03-29 15:49:19,2611.93,0,0,0,0,0,0,0,0.00,0,0.00,3.38,1.86,0.00,0.00,D,0.00,0.73,0.69,0.68,0.02,CAUTION_WARNING,0.00,,9.60,9.20,504,3.46,43.9,0,0,0.00,0.00,0.00,0.73,0.00,0.00,0,0,0.00,0,0.00
2026-03-29 15:49:20,2612.94,0,0,0,0,0,0,0,0.00,0,0.00,3.38,1.86,0.00,0.00,D,0.00,1.02,0.91,0.68,0.02,^,0.00,,5.80,9.10,504,4.48,43.9,0,0,0.00,0.00,0.00,1.02,0.00,0.00,0,0,0.00,0,0.00
2026-03-29 15:49:21,2613.95,0,0,0,0,0,0,0,0.00,0,0.00,3.38,1.86,0.00,0.00,D,0.00,1.02,1.58,0.68,0.02,^,0.00,,9.00,9.20,504,5.49,43.3,0,0,0.00,0.00,0.00,1.02,0.00,0.00,0,0,0.00,0,0.00
2026-03-29 15:49:22,2614.96,0,0,0,0,0,0,0,0.00,0,0.00,3.38,1.86,0.00,0.00,D,0.00,1.02,2.13,0.68,0.02,^,0.00,,6.10,9.10,504,6.50,43.3,0,0,0.00,0.00,0.00,1.02,0.00,0.00,0,0,0.00,0,0.00
2026-03-29 15:49:23,2615.98,0,0,0,0,0,0,0,0.00,0,0.00,3.38,1.86,0.00,0.00,D,0.00,1.02,1.96,0.68,0.02,^,0.00,,7.70,9.20,504,7.52,44.4,0,0,0.00,0.00,0.00,1.02,0.00,0.00,0,0,0.00,0,0.00
2026-03-29 15:49:24,2616.99,0,0,0,0,0,0,0,0.00,0,0.00,3.38,1.86,0.00,0.00,D,0.00,1.02,12.00,0.68,0.02,^,0.00,,10.20,9.10,504,8.53,43.9,0,0,0.00,0.00,0.00,1.02,0.00,0.00,0,0,0.00,0,0.00
2026-03-29 15:49:25,2618.01,0,0,0,0,0,0,0,0.00,0,0.00,3.38,1.86,0.00,0.00,D,0.00,1.02,12.00,0.68,0.02,^,0.00,,5.90,9.20,504,9.54,42.2,0,0,0.00,0.00,0.00,1.02,0.00,0.00,0,0,0.00,0,0.00
2026-03-29 15:49:26,2619.01,0,0,0,0,0,0,0,0.00,0,0.00,3.38,1.86,0.00,0.00,D,0.00,1.02,12.00,0.68,0.02,^,0.00,,8.10,9.10,504,10.55,42.2,0,0,0.00,0.00,0.00,1.02,0.00,0.00,0,0,0.00,0,0.00
2026-03-29 15:49:27,2620.03,0,0,0,0,0,0,0,0.00,0,0.00,3.38,1.85,0.00,0.00,D,0.00,1.02,12.00,0.68,0.02,^,0.00,,5.30,9.20,504,11.56,42.2,0,0,0.00,0.00,0.00,1.02,0.00,0.00,0,0,0.00,0,0.00
2026-03-29 15:49:28,2621.04,0,0,0,0,0,0,0,0.00,0,0.00,3.38,1.85,0.00,0.00,D,0.00,1.02,12.00,0.68,0.02,^,0.00,,7.80,9.20,504,12.58,45.0,0,0,0.00,0.00,0.00,1.02,0.00,0.00,0,0,0.00,0,0.00
2026-03-29 15:49:29,2622.06,0,0,0,0,0,0,0,0.00,0,0.00,3.38,1.85,0.00,0.00,D,0.00,1.02,12.00,0.68,0.02,^,0.00,,7.00,9.20,504,13.59,43.9,0,0,0.00,0.00,0.00,1.02,0.00,0.00,0,0,0.00,0,0.00
2026-03-29 15:49:30,2623.07,0,0,0,0,0,0,0,0.00,0,0.00,3.38,1.85,0.00,0.00,D,0.00,1.02,12.00,0.68,0.02,^,0.00,,7.10,9.10,504,14.60,43.3,0,0,0.00,0.00,0.00,1.02,0.00,0.00,0,0,0.00,0,0.00
2026-03-29 15:49:31,2624.08,0,0,0,0,0,0,0,0.00,0,0.00,3.38,1.85,0.00,0.00,D,0.00,1.02,12.00,0.68,0.02,^,0.00,,9.30,9.20,504,15.62,43.9,0,0,0.00,0.00,0.00,1.02,0.00,0.00,0,0,0.00,0,0.00
2026-03-29 15:49:32,2625.09,0,0,0,0,0,0,0,0.00,0,0.00,3.38,1.85,0.00,0.00,D,0.00,1.02,12.00,0.68,0.02,^,0.00,,5.80,9.00,504,16.63,43.9,0,0,0.00,0.00,0.00,1.02,0.00,0.00,0,0,0.00,0,0.00
2026-03-29 15:49:33,2626.11,0,0,0,0,0,0,0,0.00,0,0.00,3.38,1.85,0.00,0.00,D,0.00,1.02,12.00,0.68,0.02,^,0.00,,7.40,9.20,504,17.64,43.9,0,0,0.00,0.00,0.00,1.02,0.00,0.00,0,0,0.00,0,0.00
2026-03-29 15:49:34,2627.11,0,0,0,0,0,0,0,0.00,0,0.00,3.38,1.85,0.00,0.00,D,0.00,1.02,12.00,0.68,0.02,^,0.00,,7.10,9.20,504,18.65,42.2,0,0,0.00,0.00,0.00,1.02,0.00,0.00,0,0,0.00,0,0.00
2026-03-29 15:49:35,2628.13,0,0,0,0,0,0,0,0.00,0,0.00,3.38,1.85,0.00,0.00,D,0.00,1.02,12.00,0.68,0.02,^,0.00,,5.80,9.30,504,19.67,42.8,0,0,0.00,0.00,0.00,1.02,0.00,0.00,0,0,0.00,0,0.00
2026-03-29 15:49:36,2629.14,0,0,0,0,0,0,0,0.00,0,0.00,3.38,1.85,0.00,0.00,D,0.00,1.02,12.00,0.68,0.02,^,0.00,,9.90,9.10,504,20.68,43.3,0,0,0.00,0.00,0.00,1.02,0.00,0.00,0,0,0.00,0,0.00
2026-03-29 15:49:37,2630.15,0,0,0,0,0,0,0,0.00,0,0.00,3.38,1.85,0.00,0.00,D,0.00,1.02,12.00,0.68,0.02,^,0.00,,5.60,9.20,504,21.69,43.3,0,0,0.00,0.00,0.00,1.02,0.00,0.00,0,0,0.00,0,0.00
2026-03-29 15:49:38,2631.17,0,0,0,0,0,0,0,0.00,0,0.00,3.38,1.85,0.00,0.00,D,0.00,1.02,12.00,0.68,0.02,^,0.00,,8.10,9.20,504,22.71,43.9,0,0,0.00,0.00,0.00,1.02,0.00,0.00,0,0,0.00,0,0.00
2026-03-29 15:49:39,2632.18,0,0,0,0,0,0,0,0.00,0,0.00,3.38,1.85,0.00,0.00,D,0.00,1.02,12.00,0.68,0.02,^,0.00,,6.30,9.20,504,23.72,42.8,0,0,0.00,0.00,0.00,1.02,0.00,0.00,0,0,0.00,0,0.00
2026-03-29 15:49:40,2633.19,0,0,0,0,0,0,0,0.00,0,0.00,3.38,1.85,0.00,0.00,D,0.00,1.02,12.00,0.68,0.02,^,0.00,,5.60,9.20,504,24.73,43.9,0,0,0.00,0.00,0.00,1.02,0.00,0.00,0,0,0.00,0,0.00
2026-03-29 15:49:41,2634.20,0,0,0,0,0,0,0,0.00,0,0.00,3.38,1.84,0.00,0.00,D,0.00,1.02,12.00,0.68,0.02,^,0.00,,8.60,9.20,504,25.74,43.3,0,0,0.00,0.00,0.00,1.02,0.00,0.00,0,0,0.00,0,0.00
2026-03-29 15:49:42,2635.22,0,0,0,0,0,0,0,0.00,0,0.00,3.38,1.84,0.00,0.00,D,0.00,1.02,12.00,0.68,0.02,^,0.00,,9.00,9.10,504,26.75,42.8,0,0,0.00,0.00,0.00,1.02,0.00,0.00,0,0,0.00,0,0.00
2026-03-29 15:49:43,2636.22,0,0,0,0,0,0,0,0.00,0,0.00,3.38,1.84,0.00,0.00,D,0.00,1.02,12.00,0.68,0.02,^,0.00,,8.90,9.20,504,27.76,44.4,0,0,0.00,0.00,0.00,1.02,0.00,0.00,0,0,0.00,0,0.00
2026-03-29 15:49:44,2637.24,0,0,0,0,0,0,0,0.00,0,0.00,3.38,1.84,0.00,0.00,D,0.00,1.02,12.00,0.68,0.02,^,0.00,,6.30,9.20,504,28.77,42.8,0,0,0.00,0.00,0.00,1.02,0.00,0.00,0,0,0.00,0,0.00
2026-03-29 15:49:45,2638.25,0,0,0,0,0,0,0,0.00,0,0.00,3.38,1.84,0.00,0.00,D,0.00,1.02,12.00,0.68,0.02,^,0.00,,5.30,9.10,504,29.78,43.9,0,0,0.00,0.00,0.00,1.02,0.00,0.00,0,0,0.00,0,0.00
2026-03-29 15:49:46,2639.26,0,0,0,0,0,0,0,0.00,0,0.00,3.38,1.84,0.00,0.00,D,0.00,1.02,12.00,0.68,0.02,^,0.00,,7.60,9.20,504,30.80,42.2,0,0,0.00,0.00,0.00,1.02,0.00,0.00,0,0,0.00,0,0.00
2026-03-29 15:49:47,2640.27,0,0,0,0,0,0,0,0.00,0,0.00,3.38,1.84,0.00,0.00,D,0.00,1.02,12.00,0.68,0.02,^,0.00,,6.00,9.20,504,31.81,43.9,0,0,0.00,0.00,0.00,1.02,0.00,0.00,0,0,0.00,0,0.00
2026-03-29 15:49:48,2641.29,0,0,0,0,0,0,0,0.00,0,0.00,3.38,1.84,0.00,0.00,D,0.00,1.02,12.00,0.68,0.02,^,0.00,,11.20,9.20,504,32.82,43.9,0,0,0.00,0.00,0.00,1.02,0.00,0.00,0,0,0.00,0,0.00
2026-03-29 15:49:49,2642.30,0,0,0,0,0,0,0,0.00,0,0.00,3.38,1.84,0.00,0.00,D,0.00,1.02,12.00,0.68,0.02,^,0.00,,6.50,9.20,504,33.83,42.8,0,0,0.00,0.00,0.00,1.02,0.00,0.00,0,0,0.00,0,0.00
2026-03-29 15:49:50,2643.31,0,0,0,0,0,0,0,0.00,0,0.00,3.38,1.84,0.00,0.00,D,0.00,1.02,12.00,0.68,0.02,^,0.00,,5.10,9.20,504,34.85,44.4,0,0,0.00,0.00,0.00,1.02,0.00,0.00,0,0,0.00,0,0.00
2026-03-29 15:49:51,2644.32,0,0,0,0,0,0,0,0.00,0,0.00,3.38,1.84,0.00,0.00,D,0.00,1.02,12.00,0.68,0.02,^,0.00,,7.60,9.10,504,35.86,43.9,0,0,0.00,0.00,0.00,1.02,0.00,0.00,0,0,0.00,0,0.00
2026-03-29 15:49:52,2645.34,0,0,0,0,0,0,0,0.00,0,0.00,3.38,1.84,0.00,0.00,D,0.00,1.02,12.00,0.68,0.02,^,0.00,,5.10,9.20,504,36.87,43.9,0,0,0.00,0.00,0.00,1.02,0.00,0.00,0,0,0.00,0,0.00
2026-03-29 15:49:53,2646.35,0,0,0,0,0,0,0,0.00,0,0.00,3.38,1.84,0.00,0.00,D,0.00,1.02,12.00,0.68,0.02,^,0.00,,8.30,9.20,504,37.88,44.4,0,0,0.00,0.00,0.00,1.02,0.00,0.00,0,0,0.00,0,0.00
2026-03-29 15:49:54,2647.36,0,0,0,0,0,0,0,0.00,0,0.00,3.38,1.84,0.00,0.00,D,0.00,1.02,12.00,0.68,0.02,^,0.00,,7.30,9.20,504,38.90,43.9,0,0,0.00,0.00,0.00,1.02,0.00,0.00,0,0,0.00,0,0.00
2026-03-29 15:49:55,2648.37,0,0,0,0,0,0,0,0.00,0,0.00,3.38,1.83,0.00,0.00,D,0.00,1.02,12.00,0.68,0.02,^,0.00,,7.50,9.20,504,39.91,42.8,0,0,0.00,0.00,0.00,1.02,0.00,0.00,0,0,0.00,0,0.00
2026-03-29 15:49:56,2649.39,0,0,0,0,0,0,0,0.00,0,0.00,3.38,1.83,0.00,0.00,D,0.00,1.02,12.00,0.68,0.02,^,0.00,,9.30,9.20,504,40.92,43.9,0,0,0.00,0.00,0.00,1.02,0.00,0.00,0,0,0.00,0,0.00
2026-03-29 15:49:57,2650.39,0,0,0,0,0,0,0,0.00,0,0.00,3.38,1.83,0.00,0.00,D,0.00,1.02,12.00,0.68,0.02,^,0.00,,5.90,9.20,504,41.92,43.9,0,0,0.00,0.00,0.00,1.02,0.00,0.00,0,0,0.00,0,0.00
2026-03-29 15:49:58,2651.40,0,0,0,0,0,0,0,0.00,0,0.00,3.38,1.83,0.00,0.00,D,0.00,1.02,12.00,0.68,0.02,^,0.00,,9.30,9.20,504,42.94,44.4,0,0,0.00,0.00,0.00,1.02,0.00,0.00,0,0,0.00,0,0.00
2026-03-29 15:49:59,2652.41,0,0,0,0,0,0,0,0.00,0,0.00,3.38,1.83,0.00,0.00,D,0.00,1.02,12.00,0.68,0.02,^,0.00,,6.30,9.20,504,43.95,42.8,0,0,0.00,0.00,0.00,1.02,0.00,0.00,0,0,0.00,0,0.00
2026-03-29 15:50:00,2653.42,0,0,0,0,0,0,0,0.00,0,0.00,3.38,1.83,0.00,0.00,D,0.00,1.02,12.00,0.68,0.44,^,0.00,,6.10,9.10,504,44.96,43.9,0,0,0.00,0.00,0.00,1.02,0.00,0.00,0,0,0.00,0,0.00
2026-03-29 15:50:01,2654.43,0,0,0,0,0,0,0,0.00,0,0.00,3.38,1.83,0.00,0.00,D,0.00,1.02,2.68,0.68,0.44,^,0.00,,10.30,9.10,504,45.97,43.3,0,0,0.00,0.00,0.00,1.02,0.00,0.00,0,0,0.00,0,0.00
2026-03-29 15:50:02,2655.45,0,0,0,0,0,0,0,0.00,0,0.00,3.38,1.83,0.00,0.00,D,0.00,1.02,12.00,0.68,0.44,^,0.00,,6.00,9.20,504,46.98,43.9,0,0,0.00,0.00,0.00,1.02,0.00,0.00,0,0,0.00,0,0.00
2026-03-29 15:50:03,2656.46,0,0,0,0,0,0,0,0.00,0,0.00,3.38,1.83,0.00,0.00,D,0.00,1.02,12.00,0.68,0.44,^,0.00,,15.60,9.20,504,47.99,43.3,0,0,0.00,0.00,0.00,1.02,0.00,0.00,0,0,0.00,0,0.00
2026-03-29 15:50:04,2657.47,0,0,0,0,0,0,0,0.00,0,0.00,3.38,1.83,0.00,0.00,D,0.00,1.02,12.00,0.68,0.43,^,0.00,,7.00,9.20,504,49.01,43.9,0,0,0.00,0.00,0.00,1.02,0.00,0.00,0,0,0.00,0,0.00
2026-03-29 15:50:05,2658.49,0,0,0,0,0,0,0,0.00,0,0.00,3.38,1.83,0.00,0.00,D,0.00,1.02,12.00,0.68,0.44,^,0.00,,6.50,9.00,504,50.02,45.0,0,0,0.00,0.00,0.00,1.02,0.00,0.00,0,0,0.00,0,0.00
2026-03-29 15:50:06,2659.49,0,0,0,0,0,0,0,0.00,0,0.00,3.38,1.83,0.00,0.00,D,0.00,1.02,12.00,0.68,0.44,^,0.00,,8.40,9.20,504,51.03,43.9,0,0,0.00,0.00,0.00,1.02,0.00,0.00,0,0,0.00,0,0.00
2026-03-29 15:50:07,2660.51,0,0,0,0,0,0,0,0.00,0,0.00,3.38,1.83,0.00,0.00,D,0.00,1.02,12.00,0.68,0.44,^,0.00,,6.80,9.20,504,52.04,43.3,0,0,0.00,0.00,0.00,1.02,0.00,0.00,0,0,0.00,0,0.00
2026-03-29 15:50:08,2661.52,0,0,0,0,0,0,0,0.00,0,0.00,3.38,1.83,0.00,0.00,D,0.00,1.02,12.00,0.68,0.44,^,0.00,,8.50,9.40,504,53.06,45.0,0,0,0.00,0.00,0.00,1.02,0.00,0.00,0,0,0.00,0,0.00
2026-03-29 15:50:09,2662.53,0,0,0,0,0,0,0,0.00,0,0.00,3.38,1.82,0.00,0.00,D,0.00,1.02,12.00,0.68,0.44,^,0.00,,5.80,9.30,504,54.07,44.4,0,0,0.00,0.00,0.00,1.02,0.00,0.00,0,0,0.00,0,0.00
2026-03-29 15:50:10,2663.55,0,0,0,0,0,0,0,0.00,0,0.00,3.38,1.82,0.00,0.00,D,0.00,1.02,12.00,0.68,0.44,^,0.00,,6.90,9.20,504,55.08,45.5,0,0,0.00,0.00,0.00,1.02,0.00,0.00,0,0,0.00,0,0.00
2026-03-29 15:50:11,2664.56,0,0,0,0,0,0,0,0.00,0,0.00,3.38,1.82,0.00,0.00,D,0.00,1.02,12.00,0.68,0.44,^,0.00,,8.90,9.30,504,56.10,42.8,0,0,0.00,0.00,0.00,1.02,0.00,0.00,0,0,0.00,0,0.00
2026-03-29 15:50:12,2665.57,0,0,0,0,0,0,0,0.00,0,0.00,3.38,1.82,0.00,0.00,D,0.00,1.02,12.00,0.68,0.44,^,0.00,,6.80,9.30,504,57.11,43.3,0,0,0.00,0.00,0.00,1.02,0.00,0.00,0,0,0.00,0,0.00
2026-03-29 15:50:13,2666.58,0,0,0,0,0,0,0,0.00,0,0.00,3.38,1.82,0.00,0.00,D,0.00,1.02,12.00,0.68,0.44,^,0.00,,10.50,9.30,504,58.12,44.4,0,0,0.00,0.00,0.00,1.02,0.00,0.00,0,0,0.00,0,0.00
2026-03-29 15:50:14,2667.60,0,0,0,0,0,0,0,0.00,0,0.00,3.38,1.82,0.00,0.00,D,0.00,1.02,12.00,0.68,0.44,^,0.00,,6.00,9.30,504,59.13,44.4,0,0,0.00,0.00,0.00,1.02,0.00,0.00,0,0,0.00,0,0.00
2026-03-29 15:50:15,2668.61,0,0,0,0,0,0,0,0.00,0,0.00,3.38,1.82,0.00,0.00,D,0.00,1.02,12.00,0.68,0.43,^,0.00,,7.90,9.20,504,60.14,44.4,0,0,0.00,0.00,0.00,1.02,0.00,0.00,0,0,0.00,0,0.00
2026-03-29 15:50:16,2669.62,0,0,0,0,0,0,0,0.00,0,0.00,3.38,1.82,0.00,0.00,D,0.00,1.02,12.00,0.68,0.44,^,0.00,,5.30,9.10,504,61.15,43.3,0,0,0.00,0.00,0.00,1.02,0.00,0.00,0,0,0.00,0,0.00
2026-03-29 15:50:17,2670.63,0,0,0,0,0,0,0,0.00,0,0.00,3.38,1.82,0.00,0.00,D,0.00,1.02,12.00,0.68,0.44,^,0.00,,5.80,9.20,504,62.17,43.3,0,0,0.00,0.00,0.00,1.02,0.00,0.00,0,0,0.00,0,0.00
2026-03-29 15:50:18,2671.64,0,0,0,0,0,0,0,0.00,0,0.00,3.38,1.82,0.00,0.00,D,0.00,1.02,12.00,0.68,0.44,^,0.00,,9.60,9.10,504,63.18,43.3,0,0,0.00,0.00,0.00,1.02,0.00,0.00,0,0,0.00,0,0.00
2026-03-29 15:50:19,2672.76,0,0,0,0,0,0,0,0.00,0,0.00,3.38,1.82,0.00,0.00,D,0.00,1.02,12.00,0.68,0.44,^,0.00,,6.60,9.20,504,64.29,43.9,0,0,0.00,0.00,0.00,1.02,0.00,0.00,0,0,0.00,0,0.00
2026-03-29 15:50:20,2673.66,0,0,0,0,0,0,0,0.00,0,0.00,3.38,1.82,0.00,0.00,D,0.00,1.02,12.00,0.68,0.44,^,0.00,,9.10,9.20,504,65.20,43.9,0,0,0.00,0.00,0.00,1.02,0.00,0.00,0,0,0.00,0,0.00
2026-03-29 15:50:21,2674.68,0,0,0,0,0,0,0,0.00,0,0.00,3.38,1.82,0.00,0.00,D,0.00,1.02,12.00,0.68,0.44,^,0.00,,5.60,9.20,504,66.21,45.0,0,0,0.00,0.00,0.00,1.02,0.00,0.00,0,0,0.00,0,0.00
2026-03-29 15:50:22,2675.69,0,0,0,0,0,0,0,0.00,0,0.00,3.38,1.82,0.00,0.00,D,0.00,1.02,12.00,0.68,0.44,^,0.00,,5.30,9.20,504,67.22,44.4,0,0,0.00,0.00,0.00,1.02,0.00,0.00,0,0,0.00,0,0.00
2026-03-29 15:50:23,2676.70,0,0,0,0,0,0,0,0.00,0,0.00,3.38,1.82,0.00,0.00,D,0.00,1.02,12.00,0.68,0.44,^,0.00,,8.80,9.20,504,68.24,44.4,0,0,0.00,0.00,0.00,1.02,0.00,0.00,0,0,0.00,0,0.00
2026-03-29 15:50:24,2677.71,0,0,0,0,0,0,0,0.00,0,0.00,3.38,1.81,0.00,0.00,D,0.00,1.02,12.00,0.68,0.44,^,0.00,,6.80,9.20,504,69.25,43.9,0,0,0.00,0.00,0.00,1.02,0.00,0.00,0,0,0.00,0,0.00
2026-03-29 15:50:25,2678.72,0,0,0,0,0,0,0,0.00,0,0.00,3.38,1.81,0.00,0.00,D,0.00,1.02,12.00,0.68,0.44,^,0.00,,10.40,9.10,504,70.26,43.9,0,0,0.00,0.00,0.00,1.02,0.00,0.00,0,0,0.00,0,0.00
2026-03-29 15:50:26,2679.73,0,0,0,0,0,0,0,0.00,0,0.00,3.38,1.81,0.00,0.00,D,0.00,1.02,12.00,0.68,0.44,^,0.00,,6.10,9.10,504,71.27,43.3,0,0,0.00,0.00,0.00,1.02,0.00,0.00,0,0,0.00,0,0.00
2026-03-29 15:50:27,2680.75,0,0,0,0,0,0,0,0.00,0,0.00,3.38,1.81,0.00,0.00,D,0.00,1.02,12.00,0.68,0.44,^,0.00,,6.50,9.20,504,72.29,44.4,0,0,0.00,0.00,0.00,1.02,0.00,0.00,0,0,0.00,0,0.00
2026-03-29 15:50:28,2681.76,0,0,0,0,0,0,0,0.00,0,0.00,3.38,1.81,0.00,0.00,D,0.00,1.02,12.00,0.68,0.44,^,0.00,,7.60,9.20,504,73.30,44.4,0,0,0.00,0.00,0.00,1.02,0.00,0.00,0,0,0.00,0,0.00
2026-03-29 15:50:29,2682.77,0,0,0,0,0,0,0,0.00,0,0.00,3.38,1.81,0.00,0.00,D,0.00,1.02,12.00,0.68,0.44,^,0.00,,6.00,9.20,504,74.31,44.4,0,0,0.00,0.00,0.00,1.02,0.00,0.00,0,0,0.00,0,0.00
2026-03-29 15:50:30,2683.79,0,0,0,0,0,0,0,0.00,0,0.00,3.38,1.81,0.00,0.00,D,0.00,1.02,12.00,0.68,0.44,^,0.00,,9.50,9.20,504,75.32,45.0,0,0,0.00,0.00,0.00,1.02,0.00,0.00,0,0,0.00,0,0.00
2026-03-29 15:50:31,2684.80,0,0,0,0,0,0,0,0.00,0,0.00,3.38,1.81,0.00,0.00,D,0.00,1.02,12.00,0.68,0.44,^,0.00,,6.10,9.20,504,76.34,44.4,0,0,0.00,0.00,0.00,1.02,0.00,0.00,0,0,0.00,0,0.00
2026-03-29 15:50:32,2685.82,0,0,0,0,0,0,0,0.00,0,0.00,3.38,1.81,0.00,0.00,D,0.00,1.02,12.00,0.68,0.44,^,0.00,,9.40,9.20,504,77.35,43.9,0,0,0.00,0.00,0.00,1.02,0.00,0.00,0,0,0.00,0,0.00
2026-03-29 15:50:33,2686.83,0,0,0,0,0,0,0,0.00,0,0.00,3.38,1.81,0.00,0.00,D,0.00,1.02,12.00,0.68,0.44,^,0.00,,7.00,9.20,504,78.36,44.4,0,0,0.00,0.00,0.00,1.02,0.00,0.00,0,0,0.00,0,0.00
2026-03-29 15:50:34,2687.84,0,0,0,0,0,0,0,0.00,0,0.00,3.38,1.81,0.00,0.00,D,0.00,1.02,12.00,0.68,0.44,^,0.00,,6.00,9.20,504,79.38,44.4,0,0,0.00,0.00,0.00,1.02,0.00,0.00,0,0,0.00,0,0.00
2026-03-29 15:50:35,2688.85,0,0,0,0,0,0,0,0.00,0,0.00,3.38,1.81,0.00,0.00,D,0.00,1.02,12.00,0.68,0.44,^,0.00,,8.80,9.20,504,80.39,44.4,0,0,0.00,0.00,0.00,1.02,0.00,0.00,0,0,0.00,0,0.00
2026-03-29 15:50:36,2689.86,0,0,0,0,0,0,0,0.00,0,0.00,3.38,1.81,0.00,0.00,D,0.00,1.02,12.00,0.68,0.44,^,0.00,,6.00,9.20,504,81.40,43.9,0,0,0.00,0.00,0.00,1.02,0.00,0.00,0,0,0.00,0,0.00
2026-03-29 15:50:37,2690.87,0,0,0,0,0,0,0,0.00,0,0.00,3.38,1.81,0.00,0.00,D,0.00,1.02,12.00,0.68,0.44,^,0.00,,9.30,9.00,504,82.41,42.8,0,0,0.00,0.00,0.00,1.02,0.00,0.00,0,0,0.00,0,0.00
2026-03-29 15:50:38,2691.89,0,0,0,0,0,0,0,0.00,0,0.00,3.38,1.81,0.00,0.00,D,0.00,1.02,12.00,0.68,0.43,^,0.00,,7.60,9.20,504,83.42,43.3,0,0,0.00,0.00,0.00,1.02,0.00,0.00,0,0,0.00,0,0.00
2026-03-29 15:50:40,2692.90,0,0,0,0,0,0,0,0.00,0,0.00,3.38,1.80,0.00,0.00,D,0.00,1.02,12.00,0.68,0.43,^,0.00,,6.80,9.20,504,84.44,43.9,0,0,0.00,0.00,0.00,1.02,0.00,0.00,0,0,0.00,0,0.00
2026-03-29 15:50:41,2693.92,0,0,0,0,0,0,0,0.00,0,0.00,3.38,1.80,0.00,0.00,D,0.00,1.02,12.00,0.68,0.42,^,0.00,,8.60,9.20,504,85.45,45.0,0,0,0.00,0.00,0.00,1.02,0.00,0.00,0,0,0.00,0,0.00
2026-03-29 15:50:42,2694.93,0,0,0,0,0,0,0,0.00,0,0.00,3.38,1.80,0.00,0.00,D,0.00,1.02,12.00,0.68,0.42,^,0.00,,6.50,9.10,504,86.47,44.4,0,0,0.00,0.00,0.00,1.02,0.00,0.00,0,0,0.00,0,0.00
2026-03-29 15:50:43,2695.94,0,0,0,0,0,0,0,0.00,0,0.00,3.38,1.80,0.00,0.00,D,0.00,1.02,12.00,0.68,0.42,^,0.00,,8.10,9.20,504,87.48,43.3,0,0,0.00,0.00,0.00,1.02,0.00,0.00,0,0,0.00,0,0.00
2026-03-29 15:50:44,2696.96,0,0,0,0,0,0,0,0.00,0,0.00,3.38,1.80,0.00,0.00,D,0.00,1.02,12.00,0.68,0.42,^,0.00,,6.30,9.10,504,88.49,45.0,0,0,0.00,0.00,0.00,1.02,0.00,0.00,0,0,0.00,0,0.00
2026-03-29 15:50:45,2697.97,0,0,0,0,0,0,0,0.00,0,0.00,3.38,1.80,0.00,0.00,D,0.00,1.02,12.00,0.68,0.03,^,0.00,,8.80,9.10,504,89.51,43.9,0,0,0.00,0.00,0.00,1.02,0.00,0.00,0,0,0.00,0,0.00
2026-03-29 15:50:46,2698.98,0,0,0,0,0,0,0,0.00,0,0.00,3.38,1.80,0.00,0.00,D,0.00,1.02,12.00,0.68,0.05,^,0.00,,8.10,9.10,504,90.52,43.3,0,0,0.00,0.00,0.00,1.02,0.00,0.00,0,0,0.00,0,0.00
2026-03-29 15:50:47,2699.99,0,0,0,0,0,0,0,0.00,0,0.00,3.38,1.80,0.00,0.00,D,0.00,1.02,12.00,0.68,0.04,^,0.00,,7.00,9.10,504,91.53,44.4,0,0,0.00,0.00,0.00,1.02,0.00,0.00,0,0,0.00,0,0.00
2026-03-29 15:50:48,2701.00,0,0,0,0,0,0,0,0.00,0,0.00,3.38,1.80,0.00,0.00,D,0.00,1.02,12.00,0.68,0.04,^,0.00,,8.10,9.10,504,92.54,43.3,0,0,0.00,0.00,0.00,1.02,0.00,0.00,0,0,0.00,0,0.00
2026-03-29 15:50:49,2702.02,0,0,0,0,0,0,0,0.00,0,0.00,3.38,1.80,0.00,0.00,D,0.00,1.02,12.00,0.68,0.04,^,0.00,,5.80,9.20,504,93.55,44.4,0,0,0.00,0.00,0.00,1.02,0.00,0.00,0,0,0.00,0,0.00
2026-03-29 15:50:50,2703.03,0,0,0,0,0,0,0,0.00,0,0.00,3.38,1.80,0.00,0.00,D,0.00,1.02,12.00,0.68,0.04,^,0.00,,8.10,9.20,504,94.56,46.6,0,0,0.00,0.00,0.00,1.02,0.00,0.00,0,0,0.00,0,0.00
2026-03-29 15:50:51,2704.04,0,0,0,0,0,0,0,0.00,0,0.00,3.38,1.80,0.00,0.00,D,0.00,1.02,12.00,0.68,0.42,^,0.00,,6.80,9.20,504,95.57,44.4,0,0,0.00,0.00,0.00,1.02,0.00,0.00,0,0,0.00,0,0.00
2026-03-29 15:50:52,2705.05,0,0,0,0,0,0,0,0.00,0,0.00,3.38,1.80,0.00,0.00,D,0.00,1.02,12.00,0.68,0.42,^,0.00,,8.10,9.10,504,96.59,43.9,0,0,0.00,0.00,0.00,1.02,0.00,0.00,0,0,0.00,0,0.00
2026-03-29 15:50:53,2706.06,0,0,0,0,0,0,0,0.00,0,0.00,3.38,1.80,0.00,0.00,D,0.00,1.02,12.00,0.68,0.42,^,0.00,,9.40,9.10,504,97.60,45.0,0,0,0.00,0.00,0.00,1.02,0.00,0.00,0,0,0.00,0,0.00
2026-03-29 15:50:54,2707.07,0,0,0,0,0,0,0,0.00,0,0.00,3.38,1.79,0.00,0.00,D,0.00,1.02,12.00,0.68,0.42,^,0.00,,5.80,9.10,504,98.61,44.4,0,0,0.00,0.00,0.00,1.02,0.00,0.00,0,0,0.00,0,0.00
2026-03-29 15:50:55,2708.09,0,0,0,0,0,0,0,0.00,0,0.00,3.38,1.79,0.00,0.00,D,0.00,1.02,12.00,0.68,0.42,^,0.00,,8.10,9.20,504,99.62,45.5,0,0,0.00,0.00,0.00,1.02,0.00,0.00,0,0,0.00,0,0.00
2026-03-29 15:50:56,2709.10,0,0,0,0,0,0,0,0.00,0,0.00,3.38,1.79,0.00,0.00,D,0.00,1.02,12.00,0.68,0.42,^,0.00,,5.40,9.10,504,100.64,45.0,0,0,0.00,0.00,0.00,1.02,0.00,0.00,0,0,0.00,0,0.00
2026-03-29 15:50:57,2710.11,0,0,0,0,0,0,0,0.00,0,0.00,3.38,1.79,0.00,0.00,D,0.00,1.02,12.00,0.68,0.42,^,0.00,,6.80,9.20,504,101.65,45.0,0,0,0.00,0.00,0.00,1.02,0.00,0.00,0,0,0.00,0,0.00
2026-03-29 15:50:58,2711.12,0,0,0,0,0,0,0,0.00,0,0.00,3.38,1.79,0.00,0.00,D,0.00,1.02,12.00,0.68,0.42,^,0.00,,22.70,10.20,504,102.65,45.0,0,0,0.00,0.00,0.00,1.02,0.00,0.00,0,0,0.00,0,0.00
2026-03-29 15:50:59,2712.13,0,0,0,0,0,0,0,0.00,0,0.00,3.38,1.79,0.00,0.00,D,0.00,1.02,12.00,0.68,0.42,^,0.00,,15.90,10.10,504,103.66,45.5,0,0,0.00,0.00,0.00,1.02,0.00,0.00,0,0,0.00,0,0.00
2026-03-29 15:51:00,2713.14,0,0,0,0,0,0,0,0.00,0,0.00,3.38,1.79,0.00,0.00,D,0.00,1.02,12.00,0.68,0.42,^,0.00,,9.80,10.00,504,104.68,45.5,0,0,0.00,0.00,0.00,1.02,0.00,0.00,0,0,0.00,0,0.00
2026-03-29 15:51:01,2714.15,0,0,0,0,0,0,0,0.00,0,0.00,3.38,1.79,0.00,0.00,D,0.00,1.02,12.00,0.68,0.42,^,0.00,,6.80,10.00,504,105.69,45.0,0,0,0.00,0.00,0.00,1.02,0.00,0.00,0,0,0.00,0,0.00
2026-03-29 15:51:02,2715.17,0,0,0,0,0,0,0,0.00,0,0.00,3.38,1.79,0.00,0.00,D,0.00,1.02,12.00,0.69,0.04,^,0.00,,8.10,9.90,504,106.70,45.5,0,0,0.00,0.00,0.00,1.02,0.00,0.00,0,0,0.00,0,0.00
2026-03-29 15:51:03,2716.18,0,0,0,0,0,0,0,0.00,0,0.00,3.38,1.79,0.00,0.00,D,0.00,1.02,12.00,0.68,0.04,^,0.00,,10.80,9.90,504,107.71,46.1,0,0,0.00,0.00,0.00,1.02,0.00,0.00,0,0,0.00,0,0.00
2026-03-29 15:51:04,2717.19,0,0,0,0,0,0,0,0.00,0,0.00,3.38,1.79,0.00,0.00,D,0.00,1.02,12.00,0.68,0.03,^,0.00,,13.90,9.80,504,108.73,45.0,0,0,0.00,0.00,0.00,1.02,0.00,0.00,0,0,0.00,0,0.00
2026-03-29 15:51:05,2718.20,0,0,0,0,0,0,0,0.00,0,0.00,3.38,1.79,0.00,0.00,D,0.00,1.02,12.00,0.68,0.42,^,0.00,,27.90,9.90,504,109.74,45.5,0,0,0.00,0.00,0.00,1.02,0.00,0.00,0,0,0.00,0,0.00
2026-03-29 15:51:06,2719.21,0,0,0,0,0,0,0,0.00,0,0.00,3.38,1.79,0.00,0.00,D,0.00,1.02,12.00,0.68,0.42,^,0.00,,27.90,9.90,504,110.74,47.2,0,0,0.00,0.00,0.00,1.02,0.00,0.00,0,0,0.00,0,0.00
2026-03-29 15:51:07,2720.22,0,0,0,0,0,0,0,0.00,0,0.00,3.38,1.79,0.00,0.00,D,0.00,1.02,12.00,0.68,0.42,^,0.00,,19.90,9.80,504,111.76,46.6,0,0,0.00,0.00,0.00,1.02,0.00,0.00,0,0,0.00,0,0.00
2026-03-29 15:51:08,2721.23,0,0,0,0,0,0,0,0.00,0,0.00,3.38,1.79,0.00,0.00,D,0.00,1.02,12.00,0.68,0.42,^,0.00,,16.40,9.80,504,112.77,45.5,0,0,0.00,0.00,0.00,1.02,0.00,0.00,0,0,0.00,0,0.00
2026-03-29 15:51:09,2722.24,0,0,0,0,0,0,0,0.00,0,0.00,3.38,1.78,0.00,0.00,D,0.00,1.02,12.00,0.68,0.05,^,0.00,,9.60,9.80,504,113.78,44.4,0,0,0.00,0.00,0.00,1.02,0.00,0.00,0,0,0.00,0,0.00
2026-03-29 15:51:10,2723.26,0,0,0,0,0,0,0,0.00,0,0.00,3.38,1.78,0.00,0.00,D,0.00,1.02,12.00,0.68,0.04,^,0.00,,19.50,9.80,504,114.79,46.6,0,0,0.00,0.00,0.00,1.02,0.00,0.00,0,0,0.00,0,0.00
2026-03-29 15:51:11,2724.27,0,0,0,0,0,0,0,0.00,0,0.00,3.38,1.78,0.00,0.00,D,0.00,1.02,12.00,0.68,0.03,^,0.00,,25.50,9.50,504,115.81,47.7,0,0,0.00,0.00,0.00,1.02,0.00,0.00,0,0,0.00,0,0.00
2026-03-29 15:51:12,2725.29,0,0,0,0,0,0,0,0.00,0,0.00,3.38,1.78,0.00,0.00,D,0.00,1.02,12.00,0.68,0.04,^,0.00,,22.10,9.70,504,116.82,47.7,0,0,0.00,0.00,0.00,1.02,0.00,0.00,0,0,0.00,0,0.00
2026-03-29 15:51:13,2726.30,0,0,0,0,0,0,0,0.00,0,0.00,3.38,1.78,0.00,0.00,D,0.00,1.02,12.00,0.68,0.05,^,0.00,,23.30,9.90,504,117.83,46.6,0,0,0.00,0.00,0.00,1.02,0.00,0.00,0,0,0.00,0,0.00
2026-03-29 15:51:14,2727.30,0,0,0,0,0,0,0,0.00,0,0.00,3.38,1.78,0.00,0.00,D,0.00,1.02,12.00,0.68,0.05,^,0.00,,17.40,9.80,504,118.83,47.7,0,0,0.00,0.00,0.00,1.02,0.00,0.00,0,0,0.00,0,0.00
2026-03-29 15:51:15,2728.31,0,0,0,0,0,0,0,0.00,0,0.00,3.38,1.78,0.00,0.00,D,0.00,1.02,12.00,0.68,0.42,^,0.00,,26.90,9.90,504,119.84,47.7,0,0,0.00,0.00,0.00,1.02,0.00,0.00,0,0,0.00,0,0.00
2026-03-29 15:51:16,2729.32,0,0,0,0,0,0,0,0.00,0,0.00,3.38,1.78,0.00,0.00,D,0.00,1.02,12.00,0.68,0.42,^,0.00,,12.50,10.00,504,120.86,46.1,0,0,0.00,0.00,0.00,1.02,0.00,0.00,0,0,0.00,0,0.00
2026-03-29 15:51:17,2730.32,0,0,0,0,0,0,0,0.00,0,0.00,3.38,1.78,0.00,0.00,D,0.00,1.02,12.00,0.68,0.42,^,0.00,,10.40,10.00,504,121.86,47.7,0,0,0.00,0.00,0.00,1.02,0.00,0.00,0,0,0.00,0,0.00
2026-03-29 15:51:18,2731.34,0,0,0,0,0,0,0,0.00,0,0.00,3.38,1.78,0.00,0.00,D,0.00,1.02,12.00,0.68,0.42,^,0.00,,8.80,9.80,504,122.87,47.2,0,0,0.00,0.00,0.00,1.02,0.00,0.00,0,0,0.00,0,0.00
2026-03-29 15:51:19,2732.35,0,0,0,0,0,0,0,0.00,0,0.00,3.38,1.78,0.00,0.00,D,0.00,1.02,12.00,0.68,0.04,^,0.00,,9.00,9.80,504,123.89,47.7,0,0,0.00,0.00,0.00,1.02,0.00,0.00,0,0,0.00,0,0.00
2026-03-29 15:51:20,2733.36,0,0,0,0,0,0,0,0.00,0,0.00,3.38,1.78,0.00,0.00,D,0.00,1.02,12.00,0.68,0.42,^,0.00,,12.70,9.80,504,124.90,46.6,0,0,0.00,0.00,0.00,1.02,0.00,0.00,0,0,0.00,0,0.00
2026-03-29 15:51:21,2734.38,0,0,0,0,0,0,0,0.00,0,0.00,3.38,1.78,0.00,0.00,D,0.00,1.02,12.00,0.68,0.42,^,0.00,,9.30,10.00,504,125.91,46.6,0,0,0.00,0.00,0.00,1.02,0.00,0.00,0,0,0.00,0,0.00
2026-03-29 15:51:22,2735.38,0,0,0,0,0,0,0,0.00,0,0.00,3.38,1.78,0.00,0.00,D,0.00,1.02,12.00,0.68,0.42,^,0.00,,11.60,9.90,504,126.92,47.2,0,0,0.00,0.00,0.00,1.02,0.00,0.00,0,0,0.00,0,0.00
2026-03-29 15:51:23,2736.39,0,0,0,0,0,0,0,0.00,0,0.00,3.38,1.78,0.00,0.00,D,0.00,1.02,12.00,0.68,0.42,^,0.00,,8.60,9.80,504,127.92,46.1,0,0,0.00,0.00,0.00,1.02,0.00,0.00,0,0,0.00,0,0.00
2026-03-29 15:51:24,2737.39,0,0,0,0,0,0,0,0.00,0,0.00,3.38,1.78,0.00,0.00,D,0.00,1.02,12.00,0.68,0.42,^,0.00,,16.40,9.80,504,128.93,47.2,0,0,0.00,0.00,0.00,1.02,0.00,0.00,0,0,0.00,0,0.00
2026-03-29 15:51:25,2738.40,0,0,0,0,0,0,0,0.00,0,0.00,3.38,1.77,0.00,0.00,D,0.00,1.02,12.00,0.68,0.42,^,0.00,,10.60,9.70,504,129.94,46.1,0,0,0.00,0.00,0.00,1.02,0.00,0.00,0,0,0.00,0,0.00
2026-03-29 15:51:26,2739.41,0,0,0,0,0,0,0,0.00,0,0.00,3.38,1.77,0.00,0.00,D,0.00,1.02,12.00,0.68,0.42,^,0.00,,8.40,9.70,504,130.95,46.1,0,0,0.00,0.00,0.00,1.02,0.00,0.00,0,0,0.00,0,0.00
2026-03-29 15:51:27,2740.43,0,0,0,0,0,0,0,0.00,0,0.00,3.38,1.77,0.00,0.00,D,0.00,1.02,12.00,0.68,0.42,^,0.00,,14.40,9.70,504,131.96,47.7,0,0,0.00,0.00,0.00,1.02,0.00,0.00,0,0,0.00,0,0.00
2026-03-29 15:51:28,2741.44,0,0,0,0,0,0,0,0.00,0,0.00,3.38,1.77,0.00,0.00,D,0.00,1.02,12.00,0.68,0.42,^,0.00,,22.30,9.70,504,132.97,47.2,0,0,0.00,0.00,0.00,1.02,0.00,0.00,0,0,0.00,0,0.00
2026-03-29 15:51:29,2742.45,0,0,0,0,0,0,0,0.00,0,0.00,3.38,1.77,0.00,0.00,D,0.00,1.02,12.00,0.68,0.42,^,0.00,,12.40,9.60,504,133.98,47.7,0,0,0.00,0.00,0.00,1.02,0.00,0.00,0,0,0.00,0,0.00
2026-03-29 15:51:30,2743.46,0,0,0,0,0,0,0,0.00,0,0.00,3.38,1.77,0.00,0.00,D,0.00,1.02,12.00,0.68,0.42,^,0.00,,7.50,9.70,504,135.00,47.2,0,0,0.00,0.00,0.00,1.02,0.00,0.00,0,0,0.00,0,0.00
2026-03-29 15:51:31,2744.47,0,0,0,0,0,0,0,0.00,0,0.00,3.38,1.77,0.00,0.00,D,0.00,1.02,12.00,0.68,0.42,^,0.00,,9.60,9.70,504,136.01,47.2,0,0,0.00,0.00,0.00,1.02,0.00,0.00,0,0,0.00,0,0.00
2026-03-29 15:51:32,2745.48,0,0,0,0,0,0,0,0.00,0,0.00,3.38,1.77,0.00,0.00,D,0.00,1.02,12.00,0.68,0.42,^,0.00,,12.70,9.80,504,137.02,47.7,0,0,0.00,0.00,0.00,1.02,0.00,0.00,0,0,0.00,0,0.00
2026-03-29 15:51:33,2746.49,0,0,0,0,0,0,0,0.00,0,0.00,3.38,1.77,0.00,0.00,D,0.00,1.02,12.00,0.68,0.42,^,0.00,,11.40,9.70,504,138.03,46.6,0,0,0.00,0.00,0.00,1.02,0.00,0.00,0,0,0.00,0,0.00
2026-03-29 15:51:34,2747.50,0,0,0,0,0,0,0,0.00,0,0.00,3.38,1.77,0.00,0.00,D,0.00,1.02,12.00,0.68,0.42,^,0.00,,11.90,9.70,504,139.03,48.3,0,0,0.00,0.00,0.00,1.02,0.00,0.00,0,0,0.00,0,0.00
2026-03-29 15:51:35,2748.51,0,0,0,0,0,0,0,0.00,0,0.00,3.38,1.77,0.00,0.00,D,0.00,1.02,12.00,0.68,0.42,^,0.00,,9.50,9.70,504,140.05,47.7,0,0,0.00,0.00,0.00,1.02,0.00,0.00,0,0,0.00,0,0.00
2026-03-29 15:51:36,2749.53,0,0,0,0,0,0,0,0.00,0,0.00,3.38,1.77,0.00,0.00,D,0.00,1.02,12.00,0.68,0.42,^,0.00,,9.70,9.70,504,141.06,46.1,0,0,0.00,0.00,0.00,1.02,0.00,0.00,0,0,0.00,0,0.00
2026-03-29 15:51:37,2750.54,0,0,0,0,0,0,0,0.00,0,0.00,3.38,1.77,0.00,0.00,D,0.00,1.02,12.00,0.68,0.42,^,0.00,,13.80,9.70,504,142.07,47.2,0,0,0.00,0.00,0.00,1.02,0.00,0.00,0,0,0.00,0,0.00
2026-03-29 15:51:38,2751.55,0,0,0,0,0,0,0,0.00,0,0.00,3.38,1.77,0.00,0.00,D,0.00,1.02,12.00,0.68,0.42,^,0.00,,5.60,9.70,504,143.08,46.1,0,0,0.00,0.00,0.00,1.02,0.00,0.00,0,0,0.00,0,0.00
2026-03-29 15:51:39,2752.56,0,0,0,0,0,0,0,0.00,0,0.00,3.38,1.77,0.00,0.00,D,0.00,1.02,12.00,0.68,0.42,^,0.00,,11.20,9.70,504,144.10,47.7,0,0,0.00,0.00,0.00,1.02,0.00,0.00,0,0,0.00,0,0.00
2026-03-29 15:51:40,2753.57,0,0,0,0,0,0,0,0.00,0,0.00,3.38,1.76,0.00,0.00,D,0.00,1.02,12.00,0.68,0.42,^,0.00,,9.60,9.60,504,145.11,46.1,0,0,0.00,0.00,0.00,1.02,0.00,0.00,0,0,0.00,0,0.00
2026-03-29 15:51:41,2754.59,0,0,0,0,0,0,0,0.00,0,0.00,3.38,1.76,0.00,0.00,D,0.00,1.02,12.00,0.68,0.42,^,0.00,,12.10,9.70,504,146.12,47.2,0,0,0.00,0.00,0.00,1.02,0.00,0.00,0,0,0.00,0,0.00
2026-03-29 15:51:42,2755.60,0,0,0,0,0,0,0,0.00,0,0.00,3.38,1.76,0.00,0.00,D,0.00,1.02,12.00,0.68,0.42,^,0.00,,11.10,9.70,504,147.14,47.7,0,0,0.00,0.00,0.00,1.02,0.00,0.00,0,0,0.00,0,0.00
2026-03-29 15:51:43,2756.61,0,0,0,0,0,0,0,0.00,0,0.00,3.38,1.76,0.00,0.00,D,0.00,1.02,12.00,0.68,0.42,^,0.00,,9.80,9.60,504,148.15,47.2,0,0,0.00,0.00,0.00,1.02,0.00,0.00,0,0,0.00,0,0.00
2026-03-29 15:51:44,2757.62,0,0,0,0,0,0,0,0.00,0,0.00,3.38,1.76,0.00,0.00,D,0.00,1.02,12.00,0.68,0.42,^,0.00,,10.70,9.70,504,149.16,47.2,0,0,0.00,0.00,0.00,1.02,0.00,0.00,0,0,0.00,0,0.00
2026-03-29 15:51:45,2758.64,0,0,0,0,0,0,0,0.00,0,0.00,3.38,1.76,0.00,0.00,D,0.00,1.02,12.00,0.68,0.42,^,0.00,,10.40,9.60,504,150.17,46.6,0,0,0.00,0.00,0.00,1.02,0.00,0.00,0,0,0.00,0,0.00
2026-03-29 15:51:46,2759.65,0,0,0,0,0,0,0,0.00,0,0.00,3.38,1.76,0.00,0.00,D,0.00,1.02,12.00,0.68,0.42,^,0.00,,12.70,9.60,504,151.19,48.3,0,0,0.00,0.00,0.00,1.02,0.00,0.00,0,0,0.00,0,0.00
2026-03-29 15:51:47,2760.66,0,0,0,0,0,0,0,0.00,0,0.00,3.38,1.76,0.00,0.00,D,0.00,1.02,12.00,0.68,0.42,^,0.00,,9.10,9.80,504,152.20,47.7,0,0,0.00,0.00,0.00,1.02,0.00,0.00,0,0,0.00,0,0.00
2026-03-29 15:51:48,2761.68,0,0,0,0,0,0,0,0.00,0,0.00,3.38,1.76,0.00,0.00,D,0.00,1.02,12.00,0.68,0.42,^,0.00,,14.40,9.80,504,153.22,47.2,0,0,0.00,0.00,0.00,1.02,0.00,0.00,0,0,0.00,0,0.00
2026-03-29 15:51:49,2762.69,0,0,0,0,0,0,0,0.00,0,0.00,3.38,1.76,0.00,0.00,D,0.00,1.02,12.00,0.68,0.42,^,0.00,,8.20,9.80,504,154.23,46.6,0,0,0.00,0.00,0.00,1.02,0.00,0.00,0,0,0.00,0,0.00
2026-03-29 15:51:50,2763.70,0,0,0,0,0,0,0,0.00,0,0.00,3.38,1.76,0.00,0.00,D,0.00,1.02,12.00,0.68,0.42,^,0.00,,7.60,9.80,504,155.24,48.3,0,0,0.00,0.00,0.00,1.02,0.00,0.00,0,0,0.00,0,0.00
2026-03-29 15:51:51,2764.71,0,0,0,0,0,0,0,0.00,0,0.00,3.38,1.76,0.00,0.00,D,0.00,1.02,12.00,0.68,0.42,^,0.00,,10.00,9.70,504,156.24,47.2,0,0,0.00,0.00,0.00,1.02,0.00,0.00,0,0,0.00,0,0.00
2026-03-29 15:51:52,2765.72,0,0,0,0,0,0,0,0.00,0,0.00,3.38,1.76,0.00,0.00,D,0.00,1.02,12.00,0.68,0.42,^,0.00,,7.30,9.70,504,157.25,48.3,0,0,0.00,0.00,0.00,1.02,0.00,0.00,0,0,0.00,0,0.00
2026-03-29 15:51:53,2766.72,0,0,0,0,0,0,0,0.00,0,0.00,3.38,1.76,0.00,0.00,D,0.00,1.02,12.00,0.68,0.42,^,0.00,,9.50,9.70,504,158.26,47.2,0,0,0.00,0.00,0.00,1.02,0.00,0.00,0,0,0.00,0,0.00
2026-03-29 15:51:54,2767.73,0,0,0,0,0,0,0,0.00,0,0.00,3.38,1.76,0.00,0.00,D,0.00,1.02,12.00,0.68,0.42,^,0.00,,10.50,9.60,504,159.27,47.7,0,0,0.00,0.00,0.00,1.02,0.00,0.00,0,0,0.00,0,0.00
2026-03-29 15:51:55,2768.74,0,0,0,0,0,0,0,0.00,0,0.00,3.38,1.75,0.00,0.00,D,0.00,1.02,2.96,0.68,0.42,^,0.00,,7.10,9.60,504,160.28,48.3,0,0,0.00,0.00,0.00,1.02,0.00,0.00,0,0,0.00,0,0.00
2026-03-29 15:51:56,2769.05,0,0,0,0,1,0,0,0.00,0,0.00,3.38,1.75,0.00,0.00,D,0.00,1.02,2.98,0.68,0.42,^,0.00,,10.70,9.60,504,160.59,46.1,0,0,0.00,0.00,0.00,1.02,0.00,0.00,0,0,0.00,0,0.00
