Current Time,Time Since Program Started (s),Autonomous Mode (On/Off),Cruise Control (Active/Inactive),Shift Up PRND (Event),Shift Down PRND (Event),Quit (Event),Increase CC (Event),Decrease CC (Event),Steer (Value),Brake (On/Off),Gas (Value),Maximum Speed Recall (MPH),Average Speed (MPH),Current Speed (MPH),Motor PWM Value,Gear Mode,Cruise Control Target Speed (MPH),LiDAR Front Distance (m),LiDAR Left Distance (m),LiDAR Right Distance (m),LiDAR Back Distance (m),LiDAR Determined Direction,Target Heading (deg),Stop Reason,CPU Usage (%),Memory Usage (%),Number of LiDAR Points in Scan,Time Since Last Hall Sensor Pulse (s),CPU Temp (C),AEB Enabled (On/Off),AEB Triggered (On/Off),PID Output (Cruise Control),LiDAR Best Heading (deg),LiDAR Heading Confidence,LiDAR Forward Clearance (m),Camera Steering Bias,Camera Confidence,Camera Left Edge Found,Camera Right Edge Found,Camera Corridor Width (px),Driveway Cut Suspected
2026-05-02 19:08:09,3.84,0,0,0,0,0,0,0,0.00,1,0.00,0.00,0.00,0.00,0.00,P,0.00,12.00,12.00,12.00,12.00, ,0.00,,21.60,12.70,0,3.84,51.6,1,0,0.00,0.00,0.00,12.00,0.00,0.00,0,0,0.00,0
2026-05-02 19:08:10,4.85,0,0,1,0,0,0,0,0.00,0,0.00,0.00,0.00,0.00,-0.00,R,0.00,12.00,12.00,12.00,12.00, ,0.00,,10.70,12.70,0,4.85,51.6,1,0,0.00,0.00,0.00,12.00,0.00,0.00,0,0,0.00,0
2026-05-02 19:08:11,5.86,0,0,1,0,0,0,0,0.00,0,1.00,0.03,0.00,0.03,0.27,D,0.00,12.00,12.00,12.00,12.00, ,0.00,,11.90,12.70,0,0.06,51.6,1,0,0.00,0.00,0.00,12.00,0.00,0.00,0,0,0.00,0
2026-05-02 19:08:12,6.88,0,0,0,0,0,0,0,0.00,0,0.37,0.83,0.03,0.83,0.73,D,0.00,12.00,12.00,12.00,12.00, ,0.00,,12.80,12.70,0,0.00,51.6,1,0,0.00,0.00,0.00,12.00,0.00,0.00,0,0,0.00,0
2026-05-02 19:08:13,7.89,0,0,0,0,0,0,0,0.00,0,0.00,1.68,0.22,1.48,0.12,D,0.00,12.00,12.00,12.00,12.00, ,0.00,,12.90,12.70,0,0.00,52.1,1,0,0.00,0.00,0.00,12.00,0.00,0.00,0,0,0.00,0
2026-05-02 19:08:14,9.00,0,0,0,0,0,0,0,0.00,0,0.00,1.68,0.30,0.49,0.00,D,0.00,12.00,12.00,12.00,12.00, ,0.00,,12.40,12.70,0,0.01,52.7,1,0,0.00,0.00,0.00,12.00,0.00,0.00,0,0,0.00,0
2026-05-02 19:08:15,9.90,0,0,0,0,0,0,0,0.00,0,0.00,1.68,0.28,0.00,0.00,D,0.00,12.00,12.00,12.00,12.00, ,0.00,,12.10,12.70,0,0.79,52.1,1,0,0.00,0.00,0.00,12.00,0.00,0.00,0,0,0.00,0
2026-05-02 19:08:16,10.91,0,0,0,0,0,0,0,0.00,0,0.00,1.68,0.26,0.00,0.00,D,0.00,12.00,12.00,12.00,12.00, ,0.00,,13.40,12.60,0,1.80,51.6,1,0,0.00,0.00,0.00,12.00,0.00,0.00,0,0,0.00,0
2026-05-02 19:08:17,11.92,0,0,0,0,0,0,0,0.00,0,0.00,1.68,0.24,0.00,0.00,D,0.00,12.00,12.00,12.00,12.00, ,0.00,,13.60,12.50,0,2.81,51.6,1,0,0.00,0.00,0.00,12.00,0.00,0.00,0,0,0.00,0
2026-05-02 19:08:18,12.93,0,0,0,0,0,0,0,0.00,0,0.00,1.68,0.22,0.00,0.00,D,0.00,12.00,12.00,12.00,12.00, ,0.00,,13.40,12.60,0,3.82,51.0,1,0,0.00,0.00,0.00,12.00,0.00,0.00,0,0,0.00,0
2026-05-02 19:08:19,13.95,0,0,0,0,0,0,0,0.00,0,0.00,1.68,0.20,0.00,0.00,D,0.00,12.00,12.00,12.00,12.00, ,0.00,,12.80,12.70,0,4.84,49.9,1,0,0.00,0.00,0.00,12.00,0.00,0.00,0,0,0.00,0
2026-05-02 19:08:20,14.96,0,0,0,0,0,0,0,0.00,0,0.00,1.68,0.19,0.00,0.00,D,0.00,12.00,12.00,12.00,12.00, ,0.00,,13.60,12.70,0,5.85,51.0,1,0,0.00,0.00,0.00,12.00,0.00,0.00,0,0,0.00,0
2026-05-02 19:08:21,15.97,0,0,0,0,0,0,0,0.00,0,1.00,1.68,0.18,0.00,0.06,D,0.00,12.00,12.00,12.00,12.00, ,0.00,,13.60,12.70,0,6.86,49.4,1,0,0.00,0.00,0.00,12.00,0.00,0.00,0,0,0.00,0
2026-05-02 19:08:22,16.98,0,0,0,0,0,0,0,0.00,0,1.00,1.68,0.17,0.20,0.56,D,0.00,12.00,12.00,12.00,12.00, ,0.00,,13.90,12.90,0,0.00,51.0,1,0,0.00,0.00,0.00,12.00,0.00,0.00,0,0,0.00,0
2026-05-02 19:08:23,17.99,0,0,0,0,0,0,0,0.00,0,0.00,2.68,0.23,2.68,0.75,D,0.00,12.00,12.00,12.00,12.00, ,0.00,,14.10,12.70,0,0.00,51.0,1,0,0.00,0.00,0.00,12.00,0.00,0.00,0,0,0.00,0
2026-05-02 19:08:24,19.01,0,0,0,0,0,0,0,0.00,0,1.00,2.89,0.36,2.33,0.32,D,0.00,12.00,12.00,12.00,12.00, ,0.00,,15.80,12.80,0,0.00,50.5,1,0,0.00,0.00,0.00,12.00,0.00,0.00,0,0,0.00,0
2026-05-02 19:08:25,20.02,0,0,0,0,0,0,0,-0.32,0,0.85,2.89,0.45,1.85,0.33,D,0.00,12.00,12.00,12.00,12.00, ,0.00,,14.90,12.80,0,0.00,52.1,1,0,0.00,0.00,0.00,12.00,0.00,0.00,0,0,0.00,0
2026-05-02 19:08:26,21.03,0,0,0,0,0,0,0,0.27,0,0.66,2.89,0.51,1.60,0.11,D,0.00,12.00,12.00,12.00,12.00, ,0.00,,15.10,12.80,0,0.00,51.0,1,0,0.00,0.00,0.00,12.00,0.00,0.00,0,0,0.00,0
2026-05-02 19:08:27,22.04,0,0,0,0,0,0,0,0.00,0,0.44,2.89,0.54,1.33,0.33,D,0.00,12.00,12.00,12.00,12.00, ,0.00,,15.10,12.80,0,0.00,49.9,1,0,0.00,0.00,0.00,12.00,0.00,0.00,0,0,0.00,0
2026-05-02 19:08:28,23.15,0,0,0,0,0,0,0,-0.23,0,0.10,2.89,0.58,1.98,0.56,D,0.00,12.00,12.00,12.00,12.00, ,0.00,,15.80,12.90,0,0.00,51.0,1,0,0.00,0.00,0.00,12.00,0.00,0.00,0,0,0.00,0
2026-05-02 19:08:29,24.06,0,0,0,0,0,0,0,0.00,0,0.00,2.89,0.64,1.80,0.00,D,0.00,12.00,12.00,12.00,12.00, ,0.00,,16.70,12.90,0,0.00,51.0,1,0,0.00,0.00,0.00,12.00,0.00,0.00,0,0,0.00,0
2026-05-02 19:08:30,25.07,0,0,0,0,0,0,0,0.00,0,0.00,2.89,0.66,0.00,0.00,D,0.00,12.00,12.00,12.00,12.00, ,0.00,,16.00,12.80,0,0.01,50.5,1,0,0.00,0.00,0.00,12.00,0.00,0.00,0,0,0.00,0
2026-05-02 19:08:31,26.09,0,0,0,0,0,0,0,0.00,0,0.00,2.89,0.64,0.00,0.00,D,0.00,12.00,12.00,12.00,12.00, ,0.00,,13.40,12.70,0,0.86,50.5,1,0,0.00,0.00,0.00,12.00,0.00,0.00,0,0,0.00,0
2026-05-02 19:08:32,27.10,0,0,0,0,0,0,0,0.00,0,0.00,2.89,0.61,0.00,0.00,D,0.00,12.00,12.00,12.00,12.00, ,0.00,,14.00,12.80,0,1.87,49.9,1,0,0.00,0.00,0.00,12.00,0.00,0.00,0,0,0.00,0
2026-05-02 19:08:33,28.11,0,0,0,0,0,0,0,0.00,0,0.00,2.89,0.59,0.00,0.00,D,0.00,12.00,12.00,12.00,12.00, ,0.00,,13.60,12.80,0,2.89,49.9,1,0,0.00,0.00,0.00,12.00,0.00,0.00,0,0,0.00,0
2026-05-02 19:08:34,29.12,0,0,0,0,0,0,0,0.00,0,0.00,2.89,0.57,0.00,0.00,D,0.00,12.00,12.00,12.00,12.00, ,0.00,,13.20,12.80,0,3.90,49.4,1,0,0.00,0.00,0.00,12.00,0.00,0.00,0,0,0.00,0
2026-05-02 19:08:35,30.14,0,0,0,0,0,0,0,0.00,0,0.00,2.89,0.55,0.00,0.00,D,0.00,12.00,12.00,12.00,12.00, ,0.00,,13.40,12.70,0,4.91,49.4,1,0,0.00,0.00,0.00,12.00,0.00,0.00,0,0,0.00,0
2026-05-02 19:08:36,31.15,0,0,0,0,0,0,0,0.00,0,0.00,2.89,0.53,0.00,0.00,D,0.00,12.00,12.00,12.00,12.00, ,0.00,,13.70,12.70,0,5.92,51.0,1,0,0.00,0.00,0.00,12.00,0.00,0.00,0,0,0.00,0
2026-05-02 19:08:37,32.16,0,0,0,0,0,0,0,0.00,0,0.00,2.89,0.52,0.00,0.00,D,0.00,12.00,12.00,12.00,12.00, ,0.00,,12.90,12.60,0,6.93,51.0,1,0,0.00,0.00,0.00,12.00,0.00,0.00,0,0,0.00,0
2026-05-02 19:08:38,33.17,0,0,0,0,0,0,0,-0.46,0,1.00,2.89,0.50,0.00,0.36,D,0.00,12.00,12.00,12.00,12.00, ,0.00,,16.00,12.70,0,0.01,51.0,1,0,0.00,0.00,0.00,12.00,0.00,0.00,0,0,0.00,0
2026-05-02 19:08:39,34.18,0,0,0,0,0,0,0,0.00,0,1.00,2.89,0.50,1.31,0.87,D,0.00,12.00,12.00,12.00,12.00, ,0.00,,16.10,12.70,0,0.00,49.4,1,0,0.00,0.00,0.00,12.00,0.00,0.00,0,0,0.00,0
2026-05-02 19:08:40,35.19,0,0,0,0,0,0,0,0.00,0,0.00,4.31,0.58,4.31,0.77,D,0.00,12.00,12.00,12.00,12.00, ,0.00,,17.60,12.60,0,0.00,49.4,1,0,0.00,0.00,0.00,12.00,0.00,0.00,0,0,0.00,0
2026-05-02 19:08:41,36.21,0,0,0,0,0,0,0,0.00,0,0.00,4.37,0.68,4.37,0.16,D,0.00,12.00,12.00,12.00,12.00, ,0.00,,18.10,12.70,0,0.00,51.0,1,0,0.00,0.00,0.00,12.00,0.00,0.00,0,0,0.00,0
2026-05-02 19:08:42,37.22,0,0,0,0,0,0,0,0.00,0,0.00,4.49,0.78,4.43,0.00,D,0.00,12.00,12.00,12.00,12.00, ,0.00,,18.10,12.80,0,0.00,51.6,1,0,0.00,0.00,0.00,12.00,0.00,0.00,0,0,0.00,0
2026-05-02 19:08:43,38.23,0,0,0,0,0,0,0,0.00,0,0.00,4.49,0.87,3.77,0.00,D,0.00,12.00,12.00,12.00,12.00, ,0.00,,15.90,12.60,0,0.00,51.6,1,0,0.00,0.00,0.00,12.00,0.00,0.00,0,0,0.00,0
2026-05-02 19:08:44,39.24,1,0,0,0,0,0,0,-0.12,0,1.00,4.49,0.94,2.46,0.39,D,0.00,12.00,12.00,12.00,12.00, ,-6.90,,14.10,12.60,0,0.00,52.1,1,0,0.00,0.00,0.00,12.00,-0.12,1.00,0,0,0.00,0
2026-05-02 19:08:45,40.25,1,0,0,0,0,0,0,-0.24,0,1.00,4.49,0.97,1.95,0.89,D,0.00,12.00,12.00,12.00,12.00, ,-14.50,,12.80,12.70,0,0.00,51.6,1,0,0.00,0.00,0.00,12.00,-0.24,1.00,0,0,0.00,0
2026-05-02 19:08:46,41.26,1,0,0,0,0,0,0,0.18,0,1.00,4.49,1.01,3.53,1.00,D,0.00,12.00,12.00,12.00,12.00, ,10.78,,13.30,12.70,0,0.00,52.1,1,0,0.00,0.00,0.00,12.00,0.18,1.00,0,0,0.00,0
2026-05-02 19:08:48,42.27,1,0,0,0,0,0,0,-0.22,0,1.00,4.49,1.08,3.91,1.00,D,0.00,12.00,12.00,12.00,12.00, ,-13.13,,15.10,12.70,0,0.00,51.6,1,0,0.00,0.00,0.00,12.00,-0.22,1.00,0,0,0.00,0
2026-05-02 19:08:49,43.39,1,0,0,0,0,0,0,0.03,0,1.00,4.49,1.15,3.93,1.00,D,0.00,12.00,12.00,12.00,12.00, ,1.75,,16.10,12.60,0,0.00,51.0,1,0,0.00,0.00,0.00,12.00,0.03,1.00,0,0,0.00,0
2026-05-02 19:08:50,44.29,1,0,0,0,0,0,0,0.12,0,1.00,4.49,1.21,4.03,1.00,D,0.00,12.00,12.00,12.00,12.00, ,6.99,,15.20,12.70,0,0.00,51.0,1,0,0.00,0.00,0.00,12.00,0.12,1.00,0,0,0.00,0
2026-05-02 19:08:51,45.30,0,0,0,1,0,0,0,-0.87,0,0.00,4.49,1.23,0.00,0.00,N,0.00,12.00,12.00,12.00,12.00, ,0.00,,16.30,12.70,0,0.22,49.4,1,0,0.00,0.00,0.00,12.00,0.00,0.00,0,0,0.00,0
2026-05-02 19:08:52,46.32,0,0,0,1,0,0,0,0.00,0,1.00,4.49,1.21,0.04,-0.40,R,0.00,12.00,12.00,12.00,12.00, ,0.00,,14.00,12.70,0,0.01,51.0,1,0,0.00,0.00,0.00,12.00,0.00,0.00,0,0,0.00,0
2026-05-02 19:08:53,47.33,0,0,0,0,0,0,0,0.00,0,0.99,4.49,1.19,1.16,-0.50,R,0.00,12.00,12.00,12.00,12.00, ,0.00,,14.90,12.70,0,0.00,49.4,1,0,0.00,0.00,0.00,12.00,0.00,0.00,0,0,0.00,0
2026-05-02 19:08:54,48.34,0,0,0,0,0,0,0,0.00,0,0.00,4.49,1.20,2.28,-0.42,R,0.00,12.00,12.00,12.00,12.00, ,0.00,,15.90,12.70,0,0.00,51.0,1,0,0.00,0.00,0.00,12.00,0.00,0.00,0,0,0.00,0
2026-05-02 19:08:55,49.45,1,0,0,0,0,0,0,-0.40,0,1.00,4.49,1.21,1.33,0.09,D,0.00,12.00,12.00,12.00,12.00, ,-24.15,,14.60,12.70,0,0.00,51.0,1,0,0.00,0.00,0.00,12.00,-0.40,1.00,0,0,0.00,0
2026-05-02 19:08:56,50.35,1,0,0,0,0,0,0,-0.36,0,1.00,4.49,1.21,0.27,0.15,D,0.00,12.00,12.00,12.00,12.00, ,-21.60,,14.50,12.90,0,0.01,50.5,1,0,0.00,0.00,0.00,12.00,-0.36,1.00,0,0,0.00,0
2026-05-02 19:08:57,51.36,1,0,0,0,0,0,0,-0.37,0,1.00,4.49,1.18,0.21,0.66,D,0.00,12.00,12.00,12.00,12.00, ,-22.22,,14.60,12.90,0,0.01,51.0,1,0,0.00,0.00,0.00,12.00,-0.37,1.00,0,0,0.00,0
2026-05-02 19:08:58,52.37,1,0,0,0,0,0,0,0.02,0,1.00,4.49,1.19,2.78,1.00,D,0.00,12.00,12.00,12.00,12.00, ,1.30,,15.20,12.90,0,0.00,49.9,1,0,0.00,0.00,0.00,12.00,0.02,1.00,0,0,0.00,0
2026-05-02 19:08:59,53.38,1,0,0,0,0,0,0,0.23,0,1.00,4.49,1.23,3.66,1.00,D,0.00,12.00,12.00,12.00,12.00, ,13.52,,15.60,12.90,0,0.00,51.0,1,0,0.00,0.00,0.00,12.00,0.23,1.00,0,0,0.00,0
2026-05-02 19:09:00,54.39,0,0,0,0,0,0,0,0.00,1,0.00,4.49,1.27,1.55,0.00,D,0.00,12.00,12.00,12.00,12.00, ,0.00,,15.80,12.80,0,0.00,49.4,1,0,0.00,0.00,0.00,12.00,0.00,0.00,0,0,0.00,0
2026-05-02 19:09:01,55.50,0,0,0,0,0,0,0,0.00,0,0.00,4.49,1.25,0.00,0.00,D,0.00,12.00,12.00,12.00,12.00, ,0.00,,12.80,12.80,0,0.72,51.0,1,0,0.00,0.00,0.00,12.00,0.00,0.00,0,0,0.00,0
2026-05-02 19:09:02,56.41,0,0,0,0,0,0,0,0.00,0,0.00,4.49,1.23,0.00,0.00,D,0.00,12.00,12.00,12.00,12.00, ,0.00,,13.60,12.70,0,0.02,51.0,1,0,0.00,0.00,0.00,12.00,0.00,0.00,0,0,0.00,0
2026-05-02 19:09:03,57.52,0,0,0,0,0,0,0,0.00,0,0.00,4.49,1.20,0.00,0.00,D,0.00,12.00,12.00,12.00,12.00, ,0.00,,13.80,12.70,0,0.00,50.5,1,0,0.00,0.00,0.00,12.00,0.00,0.00,0,0,0.00,0
2026-05-02 19:09:04,58.42,0,0,0,0,0,0,0,0.00,0,0.00,4.49,1.19,0.00,0.00,D,0.00,12.00,12.00,12.00,12.00, ,0.00,,13.60,12.70,0,0.16,49.9,1,0,0.00,0.00,0.00,12.00,0.00,0.00,0,0,0.00,0
2026-05-02 19:09:05,59.53,0,0,0,0,0,0,0,0.00,0,0.00,4.49,1.16,0.00,0.00,D,0.00,12.00,12.00,12.00,12.00, ,0.00,,13.80,12.60,0,0.04,51.0,1,0,0.00,0.00,0.00,12.00,0.00,0.00,0,0,0.00,0
2026-05-02 19:09:06,60.44,0,0,0,0,0,0,0,0.00,0,0.00,4.49,1.15,0.00,0.00,D,0.00,12.00,12.00,12.00,12.00, ,0.00,,13.80,12.60,0,0.06,49.4,1,0,0.00,0.00,0.00,12.00,0.00,0.00,0,0,0.00,0
2026-05-02 19:09:07,61.45,0,0,0,0,0,0,0,0.00,0,0.00,4.49,1.13,0.00,0.00,D,0.00,12.00,12.00,12.00,12.00, ,0.00,,12.90,12.60,0,0.01,48.8,1,0,0.00,0.00,0.00,12.00,0.00,0.00,0,0,0.00,0
2026-05-02 19:09:08,62.46,0,0,0,0,0,0,0,0.00,0,0.00,4.49,1.11,0.25,0.00,D,0.00,12.00,12.00,12.00,12.00, ,0.00,,13.90,12.50,0,0.00,48.8,1,0,0.00,0.00,0.00,12.00,0.00,0.00,0,0,0.00,0
2026-05-02 19:09:09,63.47,0,0,0,0,0,0,0,0.00,0,0.00,4.49,1.09,0.00,0.00,D,0.00,12.00,12.00,12.00,12.00, ,0.00,,13.40,12.50,0,0.02,49.9,1,0,0.00,0.00,0.00,12.00,0.00,0.00,0,0,0.00,0
2026-05-02 19:09:10,64.48,0,0,0,0,0,0,0,0.00,0,0.00,4.49,1.07,0.00,0.00,D,0.00,12.00,12.00,12.00,12.00, ,0.00,,13.40,12.40,0,0.67,48.8,1,0,0.00,0.00,0.00,12.00,0.00,0.00,0,0,0.00,0
2026-05-02 19:09:11,65.49,0,0,0,0,0,0,0,0.00,0,0.00,4.49,1.06,0.00,0.00,D,0.00,12.00,12.00,12.00,12.00, ,0.00,,13.20,12.40,0,1.68,50.5,1,0,0.00,0.00,0.00,12.00,0.00,0.00,0,0,0.00,0
2026-05-02 19:09:12,66.51,0,0,0,1,0,0,0,0.00,0,0.00,4.49,1.04,0.00,-0.00,R,0.00,12.00,12.00,12.00,12.00, ,0.00,,13.90,12.40,0,2.69,48.8,1,0,0.00,0.00,0.00,12.00,0.00,0.00,0,0,0.00,0
2026-05-02 19:09:13,67.52,0,0,0,0,0,0,0,0.00,0,1.00,4.49,1.03,0.20,-0.51,R,0.00,12.00,12.00,12.00,12.00, ,0.00,,14.20,12.40,0,0.00,50.5,1,0,0.00,0.00,0.00,12.00,0.00,0.00,0,0,0.00,0
2026-05-02 19:09:14,68.53,0,0,0,0,0,0,0,0.00,0,0.00,4.49,1.03,2.48,-0.82,R,0.00,12.00,12.00,12.00,12.00, ,0.00,,14.90,12.40,0,0.00,50.5,1,0,0.00,0.00,0.00,12.00,0.00,0.00,0,0,0.00,0
2026-05-02 19:09:15,69.64,0,0,0,0,0,0,0,0.00,0,0.00,4.49,1.06,3.16,-0.44,R,0.00,12.00,12.00,12.00,12.00, ,0.00,,17.10,12.40,0,0.00,49.9,1,0,0.00,0.00,0.00,12.00,0.00,0.00,0,0,0.00,0
2026-05-02 19:09:16,70.54,1,0,1,0,0,0,0,0.18,0,1.00,4.49,1.08,2.53,0.14,D,0.00,12.00,12.00,12.00,12.00, ,11.06,,15.30,12.40,0,0.00,51.0,1,0,0.00,0.00,0.00,12.00,0.18,1.00,0,0,0.00,0
2026-05-02 19:09:17,71.55,1,0,0,0,0,0,0,0.17,0,1.00,4.49,1.09,0.17,0.64,D,0.00,12.00,12.00,12.00,12.00, ,10.46,,15.00,12.30,0,0.00,49.4,1,0,0.00,0.00,0.00,12.00,0.17,1.00,0,0,0.00,0
2026-05-02 19:09:18,72.56,1,0,0,0,0,0,0,0.06,0,1.00,4.49,1.09,3.07,1.00,D,0.00,12.00,12.00,12.00,12.00, ,3.37,,15.90,12.30,0,0.00,48.8,1,0,0.00,0.00,0.00,12.00,0.06,1.00,0,0,0.00,0
2026-05-02 19:09:19,73.58,1,0,0,0,0,0,0,0.11,0,1.00,4.49,1.13,3.62,1.00,D,0.00,12.00,12.00,12.00,12.00, ,6.61,,15.80,12.30,0,0.00,49.9,1,0,0.00,0.00,0.00,12.00,0.11,1.00,0,0,0.00,0
2026-05-02 19:09:20,74.59,1,0,0,0,0,0,0,0.16,0,1.00,4.49,1.17,4.03,1.00,D,0.00,12.00,12.00,12.00,12.00, ,9.45,,16.30,12.30,0,0.00,50.5,1,0,0.00,0.00,0.00,12.00,0.16,1.00,0,0,0.00,0
2026-05-02 19:09:21,75.70,1,0,0,0,0,0,0,-0.21,0,1.00,4.49,1.20,4.01,1.00,D,0.00,12.00,12.00,12.00,12.00, ,-12.42,,16.60,12.30,0,0.00,50.5,1,0,0.00,0.00,0.00,12.00,-0.21,1.00,0,0,0.00,0
2026-05-02 19:09:22,76.60,1,0,0,0,0,0,0,0.02,0,1.00,4.49,1.24,4.05,1.00,D,0.00,12.00,12.00,12.00,12.00, ,0.96,,15.20,12.30,0,0.00,48.8,1,0,0.00,0.00,0.00,12.00,0.02,1.00,0,0,0.00,0
2026-05-02 19:09:23,77.72,1,0,0,0,0,0,0,0.01,0,1.00,4.49,1.27,3.96,1.00,D,0.00,12.00,12.00,12.00,12.00, ,0.59,,15.60,12.30,0,0.00,49.9,1,0,0.00,0.00,0.00,12.00,0.01,1.00,0,0,0.00,0
2026-05-02 19:09:24,78.62,1,0,0,0,0,0,0,-0.07,0,1.00,4.49,1.31,4.00,1.00,D,0.00,12.00,12.00,12.00,12.00, ,-4.06,,15.80,12.30,0,0.00,49.4,1,0,0.00,0.00,0.00,12.00,-0.07,1.00,0,0,0.00,0
2026-05-02 19:09:25,79.73,1,0,0,0,0,0,0,0.13,0,1.00,4.49,1.34,4.04,1.00,D,0.00,12.00,12.00,12.00,12.00, ,7.88,,15.50,12.30,0,0.00,49.4,1,0,0.00,0.00,0.00,12.00,0.13,1.00,0,0,0.00,0
2026-05-02 19:09:26,80.63,1,0,0,0,0,0,0,0.21,0,1.00,4.49,1.38,3.89,1.00,D,0.00,12.00,12.00,12.00,12.00, ,12.55,,16.00,12.30,0,0.00,49.9,1,0,0.00,0.00,0.00,12.00,0.21,1.00,0,0,0.00,0
2026-05-02 19:09:27,81.75,1,0,0,0,0,0,0,0.05,0,1.00,4.49,1.41,3.90,1.00,D,0.00,12.00,12.00,12.00,12.00, ,2.96,,16.20,12.30,0,0.00,49.9,1,0,0.00,0.00,0.00,12.00,0.05,1.00,0,0,0.00,0
2026-05-02 19:09:28,82.65,1,0,0,0,0,0,0,-0.01,0,1.00,4.49,1.44,3.92,1.00,D,0.00,12.00,12.00,12.00,12.00, ,-0.62,,16.00,12.30,0,0.00,48.8,1,0,0.00,0.00,0.00,12.00,-0.01,1.00,0,0,0.00,0
2026-05-02 19:09:29,83.66,1,0,0,0,0,0,0,0.06,0,1.00,4.49,1.47,4.02,1.00,D,0.00,12.00,12.00,12.00,12.00, ,3.42,,15.90,12.30,0,0.00,50.5,1,0,0.00,0.00,0.00,12.00,0.06,1.00,0,0,0.00,0
2026-05-02 19:09:30,84.68,1,0,0,0,0,0,0,0.12,0,1.00,4.49,1.50,3.91,1.00,D,0.00,12.00,12.00,12.00,12.00, ,6.95,,16.80,12.30,0,0.00,50.5,1,0,0.00,0.00,0.00,12.00,0.12,1.00,0,0,0.00,0
2026-05-02 19:09:31,85.68,1,0,0,0,0,0,0,-0.13,0,1.00,4.49,1.53,3.92,1.00,D,0.00,12.00,12.00,12.00,12.00, ,-7.59,,14.50,12.30,0,0.00,50.5,1,0,0.00,0.00,0.00,12.00,-0.13,1.00,0,0,0.00,0
2026-05-02 19:09:32,86.69,1,0,0,0,0,0,0,-0.12,0,1.00,4.49,1.56,4.06,1.00,D,0.00,12.00,12.00,12.00,12.00, ,-7.19,,16.50,12.30,0,0.00,49.9,1,0,0.00,0.00,0.00,12.00,-0.12,1.00,0,0,0.00,0
2026-05-02 19:09:33,87.71,1,0,0,0,0,0,0,-0.04,0,1.00,4.49,1.58,3.99,1.00,D,0.00,12.00,12.00,12.00,12.00, ,-2.56,,16.00,12.30,0,0.00,50.5,1,0,0.00,0.00,0.00,12.00,-0.04,1.00,0,0,0.00,0
2026-05-02 19:09:34,88.72,1,0,0,0,0,0,0,-0.26,0,1.00,4.49,1.61,3.91,1.00,D,0.00,12.00,12.00,12.00,12.00, ,-15.68,,14.70,12.40,0,0.00,49.9,1,0,0.00,0.00,0.00,12.00,-0.26,1.00,0,0,0.00,0
2026-05-02 19:09:35,89.73,1,0,0,0,0,0,0,-0.09,0,1.00,4.49,1.64,3.99,1.00,D,0.00,12.00,12.00,12.00,12.00, ,-5.29,,15.80,12.40,0,0.00,49.4,1,0,0.00,0.00,0.00,12.00,-0.09,1.00,0,0,0.00,0
2026-05-02 19:09:36,90.74,1,0,0,0,0,0,0,0.11,0,1.00,4.49,1.66,3.97,1.00,D,0.00,12.00,12.00,12.00,12.00, ,6.37,,15.60,12.40,0,0.00,49.9,1,0,0.00,0.00,0.00,12.00,0.11,1.00,0,0,0.00,0
2026-05-02 19:09:37,91.76,1,0,0,0,0,0,0,0.12,0,1.00,4.49,1.69,3.89,1.00,D,0.00,12.00,12.00,12.00,12.00, ,7.39,,15.10,12.30,0,0.00,49.9,1,0,0.00,0.00,0.00,12.00,0.12,1.00,0,0,0.00,0
2026-05-02 19:09:38,92.77,1,0,0,0,0,0,0,-0.11,0,1.00,4.49,1.71,4.03,1.00,D,0.00,12.00,12.00,12.00,12.00, ,-6.68,,15.70,12.30,0,0.00,49.4,1,0,0.00,0.00,0.00,12.00,-0.11,1.00,0,0,0.00,0
2026-05-02 19:09:39,93.79,1,0,0,0,0,0,0,0.06,0,1.00,4.49,1.74,3.98,1.00,D,0.00,12.00,12.00,12.00,12.00, ,3.64,,16.00,12.30,0,0.00,49.4,1,0,0.00,0.00,0.00,12.00,0.06,1.00,0,0,0.00,0
2026-05-02 19:09:40,94.80,1,0,0,0,0,0,0,-0.00,0,1.00,4.49,1.76,4.02,1.00,D,0.00,12.00,12.00,12.00,12.00, ,-0.05,,14.60,12.30,0,0.00,49.9,1,0,0.00,0.00,0.00,12.00,-0.00,1.00,0,0,0.00,0
2026-05-02 19:09:41,95.91,1,0,0,0,0,0,0,0.09,0,1.00,4.49,1.78,4.04,1.00,D,0.00,12.00,12.00,12.00,12.00, ,5.50,,15.30,12.30,0,0.00,49.9,1,0,0.00,0.00,0.00,12.00,0.09,1.00,0,0,0.00,0
2026-05-02 19:09:42,96.82,1,0,0,0,0,0,0,0.03,0,1.00,4.49,1.81,3.95,1.00,D,0.00,12.00,12.00,12.00,12.00, ,1.98,,16.00,12.30,0,0.00,48.8,1,0,0.00,0.00,0.00,12.00,0.03,1.00,0,0,0.00,0
2026-05-02 19:09:43,97.83,1,0,0,0,0,0,0,0.15,0,1.00,4.49,1.83,3.92,1.00,D,0.00,12.00,12.00,12.00,12.00, ,9.20,,15.20,12.30,0,0.00,48.3,1,0,0.00,0.00,0.00,12.00,0.15,1.00,0,0,0.00,0
2026-05-02 19:09:44,98.84,1,0,0,0,0,0,0,0.10,0,1.00,4.49,1.85,3.91,1.00,D,0.00,12.00,12.00,12.00,12.00, ,6.29,,15.20,12.30,0,0.00,49.9,1,0,0.00,0.00,0.00,12.00,0.10,1.00,0,0,0.00,0
2026-05-02 19:09:45,99.95,1,0,0,0,0,0,0,-0.02,0,1.00,4.49,1.87,3.81,1.00,D,0.00,12.00,12.00,12.00,12.00, ,-1.04,,16.00,12.40,0,0.00,49.4,1,0,0.00,0.00,0.00,12.00,-0.02,1.00,0,0,0.00,0
2026-05-02 19:09:46,100.85,1,0,0,0,0,0,0,-0.07,0,1.00,4.49,1.89,3.94,1.00,D,0.00,12.00,12.00,12.00,12.00, ,-4.36,,15.70,12.40,0,0.00,49.4,1,0,0.00,0.00,0.00,12.00,-0.07,1.00,0,0,0.00,0
2026-05-02 19:09:47,101.87,1,0,0,0,0,0,0,0.05,0,1.00,4.49,1.91,3.97,1.00,D,0.00,12.00,12.00,12.00,12.00, ,3.30,,15.60,12.30,0,0.00,48.8,1,0,0.00,0.00,0.00,12.00,0.05,1.00,0,0,0.00,0
2026-05-02 19:09:48,102.88,1,0,0,0,0,0,0,0.04,0,1.00,4.49,1.94,3.94,1.00,D,0.00,12.00,12.00,12.00,12.00, ,2.16,,16.70,12.40,0,0.00,50.5,1,0,0.00,0.00,0.00,12.00,0.04,1.00,0,0,0.00,0
2026-05-02 19:09:49,103.99,1,0,0,0,0,0,0,-0.05,0,1.00,4.49,1.95,3.99,1.00,D,0.00,12.00,12.00,12.00,12.00, ,-2.90,,15.20,12.40,0,0.00,48.8,1,0,0.00,0.00,0.00,12.00,-0.05,1.00,0,0,0.00,0
2026-05-02 19:09:50,104.90,1,0,0,0,0,0,0,-0.01,0,1.00,4.49,1.97,4.00,1.00,D,0.00,12.00,12.00,12.00,12.00, ,-0.54,,16.00,12.40,0,0.00,49.9,1,0,0.00,0.00,0.00,12.00,-0.01,1.00,0,0,0.00,0
2026-05-02 19:09:51,105.91,1,0,0,0,0,0,0,0.01,0,1.00,4.49,1.99,3.99,1.00,D,0.00,12.00,12.00,12.00,12.00, ,0.72,,15.60,12.40,0,0.00,49.4,1,0,0.00,0.00,0.00,12.00,0.01,1.00,0,0,0.00,0
2026-05-02 19:09:52,106.92,1,0,0,0,0,0,0,-0.02,0,1.00,4.49,2.01,3.96,1.00,D,0.00,12.00,12.00,12.00,12.00, ,-1.41,,15.90,12.40,0,0.00,49.4,1,0,0.00,0.00,0.00,12.00,-0.02,1.00,0,0,0.00,0
2026-05-02 19:09:53,107.93,1,0,0,0,0,0,0,0.09,0,1.00,4.49,2.03,4.03,1.00,D,0.00,12.00,12.00,12.00,12.00, ,5.60,,15.60,12.40,0,0.00,48.8,1,0,0.00,0.00,0.00,12.00,0.09,1.00,0,0,0.00,0
2026-05-02 19:09:54,108.93,1,0,0,0,0,0,0,0.01,0,1.00,4.49,2.05,4.02,1.00,D,0.00,12.00,12.00,12.00,12.00, ,0.88,,16.40,12.40,0,0.00,49.9,1,0,0.00,0.00,0.00,12.00,0.01,1.00,0,0,0.00,0
2026-05-02 19:09:55,109.95,1,0,0,0,0,0,0,-0.10,0,1.00,4.49,2.07,4.07,1.00,D,0.00,12.00,12.00,12.00,12.00, ,-6.15,,13.00,12.40,0,0.00,49.9,1,0,0.00,0.00,0.00,12.00,-0.10,1.00,0,0,0.00,0
2026-05-02 19:09:56,111.06,1,0,0,0,0,0,0,0.10,0,1.00,4.49,2.08,4.09,1.00,D,0.00,12.00,12.00,12.00,12.00, ,5.71,,13.30,12.40,0,0.00,50.5,1,0,0.00,0.00,0.00,12.00,0.10,1.00,0,0,0.00,0
2026-05-02 19:09:57,111.96,1,0,0,0,0,0,0,0.02,0,1.00,4.49,2.10,3.97,1.00,D,0.00,12.00,12.00,12.00,12.00, ,0.91,,14.10,12.30,0,0.00,50.5,1,0,0.00,0.00,0.00,12.00,0.02,1.00,0,0,0.00,0
2026-05-02 19:09:58,112.97,1,0,0,0,0,0,0,0.01,0,1.00,4.49,2.12,4.08,1.00,D,0.00,12.00,12.00,12.00,12.00, ,0.32,,13.40,12.40,0,0.00,51.6,1,0,0.00,0.00,0.00,12.00,0.01,1.00,0,0,0.00,0
2026-05-02 19:09:59,113.99,1,0,0,0,0,0,0,0.16,0,1.00,4.49,2.14,4.10,1.00,D,0.00,12.00,12.00,12.00,12.00, ,9.73,,15.60,12.30,0,0.00,50.5,1,0,0.00,0.00,0.00,12.00,0.16,1.00,0,0,0.00,0
2026-05-02 19:10:00,115.00,1,0,0,0,0,0,0,0.01,0,1.00,4.49,2.15,3.88,1.00,D,0.00,12.00,12.00,12.00,12.00, ,0.47,,12.80,12.30,0,0.00,50.5,1,0,0.00,0.00,0.00,12.00,0.01,1.00,0,0,0.00,0
2026-05-02 19:10:01,116.02,1,0,0,0,0,0,0,0.03,0,1.00,4.49,2.17,4.08,1.00,D,0.00,12.00,12.00,12.00,12.00, ,1.83,,13.40,12.40,0,0.00,51.6,1,0,0.00,0.00,0.00,12.00,0.03,1.00,0,0,0.00,0
2026-05-02 19:10:02,117.03,1,0,0,0,0,0,0,-0.18,0,1.00,4.49,2.19,4.07,1.00,D,0.00,12.00,12.00,12.00,12.00, ,-10.91,,15.00,12.40,0,0.00,51.0,1,0,0.00,0.00,0.00,12.00,-0.18,1.00,0,0,0.00,0
2026-05-02 19:10:03,118.04,1,0,0,0,0,0,0,0.22,0,1.00,4.49,2.20,4.11,1.00,D,0.00,12.00,12.00,12.00,12.00, ,13.49,,13.30,12.30,0,0.00,52.7,1,0,0.00,0.00,0.00,12.00,0.22,1.00,0,0,0.00,0
2026-05-02 19:10:04,119.05,1,0,0,0,0,0,0,0.17,0,1.00,4.49,2.22,3.91,1.00,D,0.00,12.00,12.00,12.00,12.00, ,10.07,,14.20,12.30,0,0.00,51.6,1,0,0.00,0.00,0.00,12.00,0.17,1.00,0,0,0.00,0
2026-05-02 19:10:05,120.06,1,0,0,0,0,0,0,0.03,0,1.00,4.49,2.23,3.86,1.00,D,0.00,12.00,12.00,12.00,12.00, ,2.01,,13.00,12.30,0,0.00,50.5,1,0,0.00,0.00,0.00,12.00,0.03,1.00,0,0,0.00,0
2026-05-02 19:10:06,121.07,1,0,0,0,0,0,0,-0.15,0,1.00,4.49,2.25,4.00,1.00,D,0.00,12.00,12.00,12.00,12.00, ,-9.09,,14.10,12.30,0,0.00,52.7,1,0,0.00,0.00,0.00,12.00,-0.15,1.00,0,0,0.00,0
2026-05-02 19:10:07,122.08,1,0,0,0,0,0,0,-0.02,0,1.00,4.49,2.26,4.10,1.00,D,0.00,12.00,12.00,12.00,12.00, ,-1.06,,13.30,12.30,0,0.00,52.1,1,0,0.00,0.00,0.00,12.00,-0.02,1.00,0,0,0.00,0
2026-05-02 19:10:08,123.09,1,0,0,0,0,0,0,0.04,0,1.00,4.49,2.28,4.12,1.00,D,0.00,12.00,12.00,12.00,12.00, ,2.45,,13.30,12.30,0,0.00,51.0,1,0,0.00,0.00,0.00,12.00,0.04,1.00,0,0,0.00,0
2026-05-02 19:10:09,124.10,1,0,0,0,0,0,0,0.05,0,1.00,4.49,2.29,4.03,1.00,D,0.00,12.00,12.00,12.00,12.00, ,3.10,,13.30,12.30,0,0.00,49.9,1,0,0.00,0.00,0.00,12.00,0.05,1.00,0,0,0.00,0
2026-05-02 19:10:10,125.11,0,0,0,0,0,0,0,0.00,1,0.00,4.49,2.29,0.00,0.00,D,0.00,12.00,12.00,12.00,12.00, ,0.00,,14.60,12.30,0,0.06,50.5,1,0,0.00,0.00,0.00,12.00,0.00,0.00,0,0,0.00,0
2026-05-02 19:10:11,126.22,0,0,0,0,0,0,0,0.00,0,0.00,4.49,2.27,0.00,0.00,D,0.00,12.00,12.00,12.00,12.00, ,0.00,,13.50,12.30,0,1.04,49.4,1,0,0.00,0.00,0.00,12.00,0.00,0.00,0,0,0.00,0
2026-05-02 19:10:12,127.13,0,0,0,0,0,0,0,0.00,0,0.00,4.49,2.26,0.00,0.00,D,0.00,12.00,12.00,12.00,12.00, ,0.00,,13.30,12.30,0,1.95,50.5,1,0,0.00,0.00,0.00,12.00,0.00,0.00,0,0,0.00,0
2026-05-02 19:10:13,128.14,0,0,0,0,0,0,0,0.00,0,0.00,4.49,2.24,0.00,0.00,D,0.00,12.00,12.00,12.00,12.00, ,0.00,,14.30,12.30,0,2.96,50.5,1,0,0.00,0.00,0.00,12.00,0.00,0.00,0,0,0.00,0
2026-05-02 19:10:14,129.15,0,0,0,0,0,0,0,0.00,0,0.00,4.49,2.22,0.00,0.00,D,0.00,12.00,12.00,12.00,12.00, ,0.00,,13.40,12.30,0,0.14,50.5,1,0,0.00,0.00,0.00,12.00,0.00,0.00,0,0,0.00,0
2026-05-02 19:10:15,130.16,0,0,0,0,0,0,0,0.00,0,0.00,4.49,2.20,0.00,0.00,D,0.00,12.00,12.00,12.00,12.00, ,0.00,,13.40,12.30,0,0.12,49.4,1,0,0.00,0.00,0.00,12.00,0.00,0.00,0,0,0.00,0
2026-05-02 19:10:16,131.18,0,0,0,0,0,0,0,0.00,0,0.00,4.49,2.19,0.00,0.00,D,0.00,12.00,12.00,12.00,12.00, ,0.00,,13.80,12.30,0,0.22,50.5,1,0,0.00,0.00,0.00,12.00,0.00,0.00,0,0,0.00,0
2026-05-02 19:10:17,132.19,0,0,0,0,0,0,0,0.00,0,0.00,4.49,2.17,0.00,0.00,D,0.00,12.00,12.00,12.00,12.00, ,0.00,,13.50,12.30,0,0.06,49.9,1,0,0.00,0.00,0.00,12.00,0.00,0.00,0,0,0.00,0
2026-05-02 19:10:18,133.20,0,0,0,0,0,0,0,0.00,0,0.00,4.49,2.15,0.00,0.00,D,0.00,12.00,12.00,12.00,12.00, ,0.00,,13.60,12.30,0,0.12,49.9,1,0,0.00,0.00,0.00,12.00,0.00,0.00,0,0,0.00,0
2026-05-02 19:10:19,134.22,0,0,0,0,0,0,0,0.00,0,0.00,4.49,2.14,0.00,0.00,D,0.00,12.00,12.00,12.00,12.00, ,0.00,,12.90,12.30,0,1.14,48.3,1,0,0.00,0.00,0.00,12.00,0.00,0.00,0,0,0.00,0
2026-05-02 19:10:20,135.23,1,0,0,0,0,0,0,-0.01,0,1.00,4.49,2.12,0.00,0.08,D,0.00,12.00,12.00,12.00,12.00, ,-0.86,,14.00,12.30,0,2.15,51.0,1,0,0.00,0.00,0.00,12.00,-0.01,1.00,0,0,0.00,0
2026-05-02 19:10:21,136.25,1,0,0,0,0,0,0,-0.03,0,1.00,4.49,2.10,0.07,0.59,D,0.00,12.00,12.00,12.00,12.00, ,-1.65,,12.70,12.30,0,0.01,49.4,1,0,0.00,0.00,0.00,12.00,-0.03,1.00,0,0,0.00,0
2026-05-02 19:10:23,137.36,0,0,0,0,0,0,0,0.00,1,0.00,4.49,2.10,2.65,0.00,D,0.00,12.00,12.00,12.00,12.00, ,0.00,,14.50,12.30,0,0.00,50.5,1,0,0.00,0.00,0.00,12.00,0.00,0.00,0,0,0.00,0
2026-05-02 19:10:23,138.26,0,0,0,0,0,0,0,0.00,0,0.00,4.49,2.09,0.00,0.00,D,0.00,12.00,12.00,12.00,12.00, ,0.00,,12.60,12.30,0,0.43,49.4,1,0,0.00,0.00,0.00,12.00,0.00,0.00,0,0,0.00,0
2026-05-02 19:10:25,139.27,0,0,0,0,0,0,0,0.00,0,0.00,4.49,2.07,0.00,0.00,D,0.00,12.00,12.00,12.00,12.00, ,0.00,,10.40,12.30,0,1.44,49.4,1,0,0.00,0.00,0.00,12.00,0.00,0.00,0,0,0.00,0
2026-05-02 19:10:26,140.29,0,0,0,0,0,0,0,0.00,0,0.00,4.49,2.06,0.00,0.00,D,0.00,12.00,12.00,12.00,12.00, ,0.00,,11.50,12.30,0,2.45,50.5,1,0,0.00,0.00,0.00,12.00,0.00,0.00,0,0,0.00,0
2026-05-02 19:10:27,141.30,0,0,0,0,0,0,0,0.00,0,0.00,4.49,2.04,0.00,0.00,D,0.00,12.00,12.00,12.00,12.00, ,0.00,,12.00,12.30,0,3.46,51.0,1,0,0.00,0.00,0.00,12.00,0.00,0.00,0,0,0.00,0
2026-05-02 19:10:28,142.31,0,0,0,0,0,0,0,0.00,0,0.00,4.49,2.03,0.00,0.00,D,0.00,12.00,12.00,12.00,12.00, ,0.00,,10.90,12.30,0,4.47,51.0,1,0,0.00,0.00,0.00,12.00,0.00,0.00,0,0,0.00,0
2026-05-02 19:10:29,143.32,0,0,0,0,0,0,0,0.00,0,0.00,4.49,2.01,0.00,0.00,D,0.00,12.00,12.00,12.00,12.00, ,0.00,,13.30,12.30,0,5.49,49.4,1,0,0.00,0.00,0.00,12.00,0.00,0.00,0,0,0.00,0
2026-05-02 19:10:30,144.33,0,0,0,0,0,0,0,0.00,0,0.00,4.49,2.00,0.00,0.00,D,0.00,12.00,12.00,12.00,12.00, ,0.00,,14.10,12.30,0,0.37,49.4,1,0,0.00,0.00,0.00,12.00,0.00,0.00,0,0,0.00,0
2026-05-02 19:10:31,145.34,0,0,0,0,0,0,0,0.00,0,0.00,4.49,1.99,0.00,0.00,D,0.00,12.00,12.00,12.00,12.00, ,0.00,,12.90,12.30,0,0.39,48.3,1,0,0.00,0.00,0.00,12.00,0.00,0.00,0,0,0.00,0
2026-05-02 19:10:32,146.35,0,0,0,0,0,0,0,0.00,0,0.00,4.49,1.97,0.00,0.00,D,0.00,12.00,12.00,12.00,12.00, ,0.00,,13.40,12.20,0,0.13,49.4,1,0,0.00,0.00,0.00,12.00,0.00,0.00,0,0,0.00,0
2026-05-02 19:10:33,147.37,0,0,0,0,0,0,0,0.00,0,0.00,4.49,1.96,0.00,0.00,D,0.00,12.00,12.00,12.00,12.00, ,0.00,,13.60,12.30,0,0.18,48.8,1,0,0.00,0.00,0.00,12.00,0.00,0.00,0,0,0.00,0
2026-05-02 19:10:34,148.48,0,0,0,0,0,0,0,0.00,0,0.00,4.49,1.94,0.00,0.00,D,0.00,12.00,12.00,12.00,12.00, ,0.00,,13.10,12.30,0,0.00,47.7,1,0,0.00,0.00,0.00,12.00,0.00,0.00,0,0,0.00,0
2026-05-02 19:10:35,149.38,0,0,0,0,0,0,0,0.00,0,0.00,4.49,1.93,0.00,0.00,D,0.00,12.00,12.00,12.00,12.00, ,0.00,,13.80,12.30,0,0.35,48.8,1,0,0.00,0.00,0.00,12.00,0.00,0.00,0,0,0.00,0
2026-05-02 19:10:36,150.39,0,0,0,0,0,0,0,0.00,0,0.00,4.49,1.92,0.00,0.00,D,0.00,12.00,12.00,12.00,12.00, ,0.00,,14.10,12.30,0,1.36,50.5,1,0,0.00,0.00,0.00,12.00,0.00,0.00,0,0,0.00,0
2026-05-02 19:10:37,151.50,0,0,0,0,0,0,0,0.00,0,0.00,4.49,1.90,0.00,0.00,D,0.00,12.00,12.00,12.00,12.00, ,0.00,,12.30,12.30,0,2.47,49.9,1,0,0.00,0.00,0.00,12.00,0.00,0.00,0,0,0.00,0
2026-05-02 19:10:38,152.41,0,0,0,0,0,0,0,0.00,0,0.00,4.49,1.89,0.00,0.00,D,0.00,12.00,12.00,12.00,12.00, ,0.00,,14.00,12.30,0,3.38,48.3,1,0,0.00,0.00,0.00,12.00,0.00,0.00,0,0,0.00,0
2026-05-02 19:10:39,153.52,0,0,0,0,0,0,0,0.00,0,0.00,4.49,1.88,0.00,0.00,D,0.00,12.00,12.00,12.00,12.00, ,0.00,,14.20,12.30,0,4.49,49.4,1,0,0.00,0.00,0.00,12.00,0.00,0.00,0,0,0.00,0
2026-05-02 19:10:40,154.42,0,0,0,0,0,0,0,0.00,0,0.00,4.49,1.87,0.00,0.00,D,0.00,12.00,12.00,12.00,12.00, ,0.00,,11.80,12.30,0,0.01,48.8,1,0,0.00,0.00,0.00,12.00,0.00,0.00,0,0,0.00,0
2026-05-02 19:10:41,155.43,0,0,0,0,0,0,0,0.00,0,0.00,4.49,1.86,0.00,0.00,D,0.00,12.00,12.00,12.00,12.00, ,0.00,,13.10,12.30,0,0.11,48.3,1,0,0.00,0.00,0.00,12.00,0.00,0.00,0,0,0.00,0
2026-05-02 19:10:42,156.43,0,0,0,0,0,0,0,0.00,0,0.00,4.49,1.84,0.00,0.00,D,0.00,12.00,12.00,12.00,12.00, ,0.00,,12.80,12.30,0,1.11,49.9,1,0,0.00,0.00,0.00,12.00,0.00,0.00,0,0,0.00,0
2026-05-02 19:10:43,157.45,0,0,0,0,0,0,0,0.00,0,0.00,4.49,1.83,0.00,0.00,D,0.00,12.00,12.00,12.00,12.00, ,0.00,,12.90,12.30,0,0.12,48.8,1,0,0.00,0.00,0.00,12.00,0.00,0.00,0,0,0.00,0
2026-05-02 19:10:44,158.46,0,0,0,0,0,0,0,0.00,0,0.00,4.49,1.82,0.00,0.00,D,0.00,12.00,12.00,12.00,12.00, ,0.00,,13.50,12.30,0,0.16,48.8,1,0,0.00,0.00,0.00,12.00,0.00,0.00,0,0,0.00,0
2026-05-02 19:10:45,159.47,0,0,0,0,0,0,0,0.00,0,0.00,4.49,1.81,0.00,0.00,D,0.00,12.00,12.00,12.00,12.00, ,0.00,,13.70,12.30,0,0.00,48.8,1,0,0.00,0.00,0.00,12.00,0.00,0.00,0,0,0.00,0
2026-05-02 19:10:46,160.59,0,0,0,0,0,0,0,0.00,0,0.00,4.49,1.80,0.00,0.00,D,0.00,12.00,12.00,12.00,12.00, ,0.00,,12.50,12.30,0,0.54,47.7,1,0,0.00,0.00,0.00,12.00,0.00,0.00,0,0,0.00,0
2026-05-02 19:10:47,161.49,0,0,0,0,0,0,0,0.00,0,0.00,4.49,1.79,0.00,0.00,D,0.00,12.00,12.00,12.00,12.00, ,0.00,,13.00,12.30,0,0.28,49.4,1,0,0.00,0.00,0.00,12.00,0.00,0.00,0,0,0.00,0
2026-05-02 19:10:48,162.60,0,0,0,0,0,0,0,0.00,0,0.00,4.49,1.77,0.00,0.00,D,0.00,12.00,12.00,12.00,12.00, ,0.00,,13.10,12.30,0,0.45,49.4,1,0,0.00,0.00,0.00,12.00,0.00,0.00,0,0,0.00,0
2026-05-02 19:10:49,163.50,0,0,0,0,0,0,0,0.00,0,0.00,4.49,1.76,0.00,0.00,D,0.00,12.00,12.00,12.00,12.00, ,0.00,,13.00,12.30,0,0.44,49.4,1,0,0.00,0.00,0.00,12.00,0.00,0.00,0,0,0.00,0
2026-05-02 19:10:50,164.52,0,0,0,0,0,0,0,0.00,0,0.00,4.49,1.75,0.00,0.00,D,0.00,12.00,12.00,12.00,12.00, ,0.00,,12.90,12.30,0,0.54,47.7,1,0,0.00,0.00,0.00,12.00,0.00,0.00,0,0,0.00,0
2026-05-02 19:10:51,165.53,0,0,0,0,0,0,0,0.00,0,0.00,4.49,1.74,0.00,0.00,D,0.00,12.00,12.00,12.00,12.00, ,0.00,,12.90,12.30,0,0.47,48.8,1,0,0.00,0.00,0.00,12.00,0.00,0.00,0,0,0.00,0
2026-05-02 19:10:52,166.54,0,0,0,0,0,0,0,0.00,0,0.00,4.49,1.73,0.00,0.00,D,0.00,12.00,12.00,12.00,12.00, ,0.00,,12.80,12.20,0,0.23,48.8,1,0,0.00,0.00,0.00,12.00,0.00,0.00,0,0,0.00,0
2026-05-02 19:10:53,167.56,0,0,0,0,0,0,0,0.00,0,0.00,4.49,1.72,0.00,0.00,D,0.00,12.00,12.00,12.00,12.00, ,0.00,,13.50,12.20,0,0.34,48.8,1,0,0.00,0.00,0.00,12.00,0.00,0.00,0,0,0.00,0
2026-05-02 19:10:54,168.57,0,0,0,0,0,0,0,0.00,0,0.00,4.49,1.71,0.00,0.00,D,0.00,12.00,12.00,12.00,12.00, ,0.00,,12.60,12.30,0,0.15,48.8,1,0,0.00,0.00,0.00,12.00,0.00,0.00,0,0,0.00,0
2026-05-02 19:10:55,169.58,0,0,0,0,0,0,0,0.00,0,0.00,4.49,1.70,0.00,0.00,D,0.00,12.00,12.00,12.00,12.00, ,0.00,,13.60,12.30,0,0.01,48.8,1,0,0.00,0.00,0.00,12.00,0.00,0.00,0,0,0.00,0
2026-05-02 19:10:56,170.60,0,0,0,0,0,0,0,0.00,0,0.00,4.49,1.69,0.23,0.00,D,0.00,12.00,12.00,12.00,12.00, ,0.00,,13.60,12.30,0,0.01,47.7,1,0,0.00,0.00,0.00,12.00,0.00,0.00,0,0,0.00,0
2026-05-02 19:10:57,171.61,0,0,0,0,0,0,0,0.00,0,0.00,4.49,1.68,0.00,0.00,D,0.00,12.00,12.00,12.00,12.00, ,0.00,,13.40,12.20,0,0.50,48.8,1,0,0.00,0.00,0.00,12.00,0.00,0.00,0,0,0.00,0
2026-05-02 19:10:58,172.62,0,0,0,0,0,0,0,0.00,0,0.00,4.49,1.67,0.00,0.00,D,0.00,12.00,12.00,12.00,12.00, ,0.00,,13.20,12.30,0,1.52,49.4,1,0,0.00,0.00,0.00,12.00,0.00,0.00,0,0,0.00,0
2026-05-02 19:10:59,173.64,0,0,0,0,0,0,0,0.00,0,0.00,4.49,1.66,0.00,0.00,D,0.00,12.00,12.00,12.00,12.00, ,0.00,,13.30,12.30,0,0.38,49.4,1,0,0.00,0.00,0.00,12.00,0.00,0.00,0,0,0.00,0
2026-05-02 19:11:00,174.75,0,0,0,0,0,0,0,0.00,0,0.00,4.49,1.65,0.00,0.00,D,0.00,12.00,12.00,12.00,12.00, ,0.00,,12.90,12.30,0,0.02,48.3,1,0,0.00,0.00,0.00,12.00,0.00,0.00,0,0,0.00,0
2026-05-02 19:11:01,175.65,0,0,0,0,0,0,0,0.00,0,0.00,4.49,1.64,0.00,0.00,D,0.00,12.00,12.00,12.00,12.00, ,0.00,,13.30,12.20,0,0.26,48.3,1,0,0.00,0.00,0.00,12.00,0.00,0.00,0,0,0.00,0
2026-05-02 19:11:02,176.67,0,0,0,0,0,0,0,0.00,0,0.00,4.49,1.63,0.00,0.00,D,0.00,12.00,12.00,12.00,12.00, ,0.00,,14.00,12.20,0,0.22,48.8,1,0,0.00,0.00,0.00,12.00,0.00,0.00,0,0,0.00,0
2026-05-02 19:11:03,177.78,0,0,0,0,0,0,0,0.00,0,0.00,4.49,1.62,0.00,0.00,D,0.00,12.00,12.00,12.00,12.00, ,0.00,,13.80,12.30,0,1.33,48.3,1,0,0.00,0.00,0.00,12.00,0.00,0.00,0,0,0.00,0
2026-05-02 19:11:04,178.68,0,0,0,0,0,0,0,0.00,0,0.00,4.49,1.62,0.00,0.00,D,0.00,12.00,12.00,12.00,12.00, ,0.00,,13.10,12.20,0,2.24,48.8,1,0,0.00,0.00,0.00,12.00,0.00,0.00,0,0,0.00,0
2026-05-02 19:11:05,179.69,1,0,0,0,0,0,0,0.08,0,1.00,4.49,1.61,0.00,0.10,D,0.00,12.00,12.00,12.00,12.00, ,4.91,,13.90,12.20,0,3.25,48.8,1,0,0.00,0.00,0.00,12.00,0.08,1.00,0,0,0.00,0
2026-05-02 19:11:06,180.80,1,0,0,0,0,0,0,0.07,0,1.00,4.49,1.60,0.12,0.60,D,0.00,12.00,12.00,12.00,12.00, ,4.12,,13.20,12.30,0,0.00,47.7,1,0,0.00,0.00,0.00,12.00,0.07,1.00,0,0,0.00,0
2026-05-02 19:11:07,181.71,1,0,0,0,0,0,0,-0.04,0,1.00,4.49,1.59,2.81,1.00,D,0.00,12.00,12.00,12.00,12.00, ,-2.34,,14.60,12.30,0,0.00,47.2,1,0,0.00,0.00,0.00,12.00,-0.04,1.00,0,0,0.00,0
2026-05-02 19:11:08,182.72,1,0,0,0,0,0,0,0.07,0,1.00,4.49,1.61,3.90,1.00,D,0.00,12.00,12.00,12.00,12.00, ,4.20,,16.50,12.30,0,0.00,48.3,1,0,0.00,0.00,0.00,12.00,0.07,1.00,0,0,0.00,0
2026-05-02 19:11:09,183.73,1,0,0,0,0,0,0,-0.01,0,1.00,4.49,1.62,4.05,1.00,D,0.00,12.00,12.00,12.00,12.00, ,-0.81,,16.00,12.20,0,0.00,47.7,1,0,0.00,0.00,0.00,12.00,-0.01,1.00,0,0,0.00,0
2026-05-02 19:11:10,184.74,1,0,0,0,0,0,0,0.11,0,1.00,4.49,1.63,3.88,1.00,D,0.00,12.00,12.00,12.00,12.00, ,6.57,,15.60,12.20,0,0.00,48.8,1,0,0.00,0.00,0.00,12.00,0.11,1.00,0,0,0.00,0
2026-05-02 19:11:11,185.75,1,0,0,0,0,0,0,0.08,0,1.00,4.49,1.64,4.05,1.00,D,0.00,12.00,12.00,12.00,12.00, ,4.68,,15.40,12.20,0,0.00,47.7,1,0,0.00,0.00,0.00,12.00,0.08,1.00,0,0,0.00,0
2026-05-02 19:11:12,186.75,1,0,0,0,0,0,0,0.05,0,1.00,4.49,1.66,4.06,1.00,D,0.00,12.00,12.00,12.00,12.00, ,2.99,,15.80,12.30,0,0.00,48.8,1,0,0.00,0.00,0.00,12.00,0.05,1.00,0,0,0.00,0
2026-05-02 19:11:13,187.76,1,0,0,0,0,0,0,0.19,0,1.00,4.49,1.67,4.01,1.00,D,0.00,12.00,12.00,12.00,12.00, ,11.18,,15.00,12.30,0,0.00,48.8,1,0,0.00,0.00,0.00,12.00,0.19,1.00,0,0,0.00,0
2026-05-02 19:11:14,188.77,1,0,0,0,0,0,0,0.00,0,1.00,4.49,1.68,3.88,1.00,D,0.00,12.00,12.00,12.00,12.00, ,0.19,,16.50,12.20,0,0.00,48.8,1,0,0.00,0.00,0.00,12.00,0.00,1.00,0,0,0.00,0
2026-05-02 19:11:15,189.78,1,0,0,0,0,0,0,-0.01,0,1.00,4.49,1.70,4.02,1.00,D,0.00,12.00,12.00,12.00,12.00, ,-0.80,,15.00,12.30,0,0.00,48.8,1,0,0.00,0.00,0.00,12.00,-0.01,1.00,0,0,0.00,0
2026-05-02 19:11:16,190.79,1,0,0,0,0,0,0,-0.14,0,1.00,4.49,1.71,4.05,1.00,D,0.00,12.00,12.00,12.00,12.00, ,-8.23,,14.90,12.30,0,0.00,48.3,1,0,0.00,0.00,0.00,12.00,-0.14,1.00,0,0,0.00,0
2026-05-02 19:11:17,191.80,1,0,0,0,0,0,0,0.11,0,1.00,4.49,1.72,4.06,1.00,D,0.00,12.00,12.00,12.00,12.00, ,6.89,,15.50,12.30,0,0.00,48.8,1,0,0.00,0.00,0.00,12.00,0.11,1.00,0,0,0.00,0
2026-05-02 19:11:18,192.82,1,0,0,0,0,0,0,0.05,0,1.00,4.49,1.73,4.06,1.00,D,0.00,12.00,12.00,12.00,12.00, ,3.24,,15.50,12.30,0,0.00,48.8,1,0,0.00,0.00,0.00,12.00,0.05,1.00,0,0,0.00,0
2026-05-02 19:11:19,193.83,1,0,0,0,0,0,0,0.07,0,1.00,4.49,1.74,4.03,1.00,D,0.00,12.00,12.00,12.00,12.00, ,4.37,,15.10,12.20,0,0.00,48.8,1,0,0.00,0.00,0.00,12.00,0.07,1.00,0,0,0.00,0
2026-05-02 19:11:20,194.84,1,0,0,0,0,0,0,0.06,0,1.00,4.49,1.76,4.08,1.00,D,0.00,12.00,12.00,12.00,12.00, ,3.66,,16.00,12.30,0,0.00,48.8,1,0,0.00,0.00,0.00,12.00,0.06,1.00,0,0,0.00,0
2026-05-02 19:11:21,195.85,1,0,0,0,0,0,0,0.03,0,1.00,4.49,1.77,4.02,1.00,D,0.00,12.00,12.00,12.00,12.00, ,1.89,,14.70,12.30,0,0.00,48.8,1,0,0.00,0.00,0.00,12.00,0.03,1.00,0,0,0.00,0
2026-05-02 19:11:22,196.85,1,0,0,0,0,0,0,0.03,0,1.00,4.49,1.78,4.01,1.00,D,0.00,12.00,12.00,12.00,12.00, ,1.94,,15.10,12.30,0,0.00,49.4,1,0,0.00,0.00,0.00,12.00,0.03,1.00,0,0,0.00,0
2026-05-02 19:11:23,197.86,1,0,0,0,0,0,0,-0.08,0,1.00,4.49,1.79,3.98,1.00,D,0.00,12.00,12.00,12.00,12.00, ,-4.88,,15.80,12.30,0,0.00,48.8,1,0,0.00,0.00,0.00,12.00,-0.08,1.00,0,0,0.00,0
2026-05-02 19:11:24,198.97,1,0,0,0,0,0,0,-0.14,0,1.00,4.49,1.80,4.06,1.00,D,0.00,12.00,12.00,12.00,12.00, ,-8.33,,14.80,12.30,0,0.00,49.4,1,0,0.00,0.00,0.00,12.00,-0.14,1.00,0,0,0.00,0
2026-05-02 19:11:25,199.88,1,0,0,0,0,0,0,0.16,0,1.00,4.49,1.81,4.00,1.00,D,0.00,12.00,12.00,12.00,12.00, ,9.82,,15.80,12.20,0,0.00,48.8,1,0,0.00,0.00,0.00,12.00,0.16,1.00,0,0,0.00,0
2026-05-02 19:11:26,200.89,1,0,0,0,0,0,0,-0.15,0,1.00,4.49,1.82,3.90,1.00,D,0.00,12.00,12.00,12.00,12.00, ,-9.00,,15.40,12.30,0,0.00,48.8,1,0,0.00,0.00,0.00,12.00,-0.15,1.00,0,0,0.00,0
2026-05-02 19:11:27,201.90,1,0,0,0,0,0,0,0.14,0,1.00,4.49,1.84,4.05,1.00,D,0.00,12.00,12.00,12.00,12.00, ,8.63,,14.90,12.30,0,0.00,48.8,1,0,0.00,0.00,0.00,12.00,0.14,1.00,0,0,0.00,0
2026-05-02 19:11:28,202.91,1,0,0,0,0,0,0,0.09,0,1.00,4.49,1.85,3.92,1.00,D,0.00,12.00,12.00,12.00,12.00, ,5.25,,15.60,12.20,0,0.00,47.7,1,0,0.00,0.00,0.00,12.00,0.09,1.00,0,0,0.00,0
2026-05-02 19:11:29,203.91,1,0,0,0,0,0,0,-0.01,0,1.00,4.49,1.86,3.99,1.00,D,0.00,12.00,12.00,12.00,12.00, ,-0.53,,16.00,12.30,0,0.00,49.4,1,0,0.00,0.00,0.00,12.00,-0.01,1.00,0,0,0.00,0
2026-05-02 19:11:30,204.92,1,0,0,0,0,0,0,0.04,0,1.00,4.49,1.87,3.90,1.00,D,0.00,12.00,12.00,12.00,12.00, ,2.28,,14.40,12.30,0,0.00,49.4,1,0,0.00,0.00,0.00,12.00,0.04,1.00,0,0,0.00,0
2026-05-02 19:11:31,205.94,1,0,0,0,0,0,0,-0.10,0,1.00,4.49,1.88,4.02,1.00,D,0.00,12.00,12.00,12.00,12.00, ,-6.19,,15.40,12.30,0,0.00,49.4,1,0,0.00,0.00,0.00,12.00,-0.10,1.00,0,0,0.00,0
2026-05-02 19:11:32,206.95,1,0,0,0,0,0,0,0.10,0,1.00,4.49,1.89,3.96,1.00,D,0.00,12.00,12.00,12.00,12.00, ,5.80,,15.80,12.30,0,0.00,47.7,1,0,0.00,0.00,0.00,12.00,0.10,1.00,0,0,0.00,0
2026-05-02 19:11:33,207.95,1,0,0,0,0,0,0,-0.06,0,1.00,4.49,1.90,4.02,1.00,D,0.00,12.00,12.00,12.00,12.00, ,-3.36,,13.40,12.30,0,0.00,49.4,1,0,0.00,0.00,0.00,12.00,-0.06,1.00,0,0,0.00,0
2026-05-02 19:11:34,208.96,1,0,0,0,0,0,0,0.03,0,1.00,4.49,1.91,3.94,1.00,D,0.00,12.00,12.00,12.00,12.00, ,1.75,,13.70,12.20,0,0.00,48.8,1,0,0.00,0.00,0.00,12.00,0.03,1.00,0,0,0.00,0
2026-05-02 19:11:35,209.98,1,0,0,0,0,0,0,0.16,0,1.00,4.49,1.92,3.92,1.00,D,0.00,12.00,12.00,12.00,12.00, ,9.82,,13.50,12.30,0,0.00,49.9,1,0,0.00,0.00,0.00,12.00,0.16,1.00,0,0,0.00,0
2026-05-02 19:11:36,211.09,1,0,0,0,0,0,0,0.21,0,1.00,4.49,1.92,3.75,1.00,D,0.00,12.00,12.00,12.00,12.00, ,12.63,,12.20,12.30,0,0.00,50.5,1,0,0.00,0.00,0.00,12.00,0.21,1.00,0,0,0.00,0
2026-05-02 19:11:37,211.99,1,0,0,0,0,0,0,0.14,0,1.00,4.49,1.93,3.85,1.00,D,0.00,12.00,12.00,12.00,12.00, ,8.21,,13.40,12.30,0,0.00,51.0,1,0,0.00,0.00,0.00,12.00,0.14,1.00,0,0,0.00,0
2026-05-02 19:11:38,213.01,1,0,0,0,0,0,0,-0.05,0,1.00,4.49,1.94,3.97,1.00,D,0.00,12.00,12.00,12.00,12.00, ,-2.74,,15.80,12.30,0,0.00,48.8,1,0,0.00,0.00,0.00,12.00,-0.05,1.00,0,0,0.00,0
2026-05-02 19:11:39,214.02,1,0,0,0,0,0,0,0.05,0,1.00,4.49,1.95,3.93,1.00,D,0.00,12.00,12.00,12.00,12.00, ,2.73,,14.50,12.30,0,0.00,49.4,1,0,0.00,0.00,0.00,12.00,0.05,1.00,0,0,0.00,0
2026-05-02 19:11:40,215.13,1,0,0,0,0,0,0,0.07,0,1.00,4.49,1.96,4.00,1.00,D,0.00,12.00,12.00,12.00,12.00, ,4.15,,16.00,12.30,0,0.00,48.3,1,0,0.00,0.00,0.00,12.00,0.07,1.00,0,0,0.00,0
2026-05-02 19:11:41,216.04,1,0,0,0,0,0,0,-0.06,0,1.00,4.49,1.97,3.86,1.00,D,0.00,12.00,12.00,12.00,12.00, ,-3.57,,15.70,12.30,0,0.00,49.9,1,0,0.00,0.00,0.00,12.00,-0.06,1.00,0,0,0.00,0
2026-05-02 19:11:42,217.05,1,0,0,0,0,0,0,0.05,0,1.00,4.49,1.98,3.93,1.00,D,0.00,12.00,12.00,12.00,12.00, ,3.03,,15.10,12.30,0,0.00,49.4,1,0,0.00,0.00,0.00,12.00,0.05,1.00,0,0,0.00,0
2026-05-02 19:11:43,218.06,1,0,0,0,0,0,0,0.16,0,1.00,4.49,1.99,3.80,1.00,D,0.00,12.00,12.00,12.00,12.00, ,9.62,,16.00,12.20,0,0.00,49.4,1,0,0.00,0.00,0.00,12.00,0.16,1.00,0,0,0.00,0
2026-05-02 19:11:44,219.17,1,0,0,0,0,0,0,-0.25,0,1.00,4.49,2.00,3.98,1.00,D,0.00,12.00,12.00,12.00,12.00, ,-14.75,,15.50,12.20,0,0.00,49.4,1,0,0.00,0.00,0.00,12.00,-0.25,1.00,0,0,0.00,0
2026-05-02 19:11:45,220.08,1,0,0,0,0,0,0,0.05,0,1.00,4.49,2.01,4.01,1.00,D,0.00,12.00,12.00,12.00,12.00, ,2.83,,14.50,12.20,0,0.00,49.4,1,0,0.00,0.00,0.00,12.00,0.05,1.00,0,0,0.00,0
2026-05-02 19:11:46,221.09,1,0,0,0,0,0,0,0.06,0,1.00,4.49,2.02,4.05,1.00,D,0.00,12.00,12.00,12.00,12.00, ,3.55,,16.70,12.30,0,0.00,47.7,1,0,0.00,0.00,0.00,12.00,0.06,1.00,0,0,0.00,0
2026-05-02 19:11:47,222.10,1,0,0,0,0,0,0,0.17,0,1.00,4.49,2.03,3.93,1.00,D,0.00,12.00,12.00,12.00,12.00, ,10.00,,15.60,12.20,0,0.00,47.7,1,0,0.00,0.00,0.00,12.00,0.17,1.00,0,0,0.00,0
2026-05-02 19:11:48,223.11,1,0,0,0,0,0,0,0.07,0,1.00,4.49,2.04,3.96,1.00,D,0.00,12.00,12.00,12.00,12.00, ,4.06,,18.10,12.30,0,0.00,48.8,1,0,0.00,0.00,0.00,12.00,0.07,1.00,0,0,0.00,0
2026-05-02 19:11:49,224.12,1,0,0,0,0,0,0,0.14,0,1.00,4.49,2.04,4.08,1.00,D,0.00,12.00,12.00,12.00,12.00, ,8.34,,13.50,12.30,0,0.00,49.9,1,0,0.00,0.00,0.00,12.00,0.14,1.00,0,0,0.00,0
2026-05-02 19:11:50,225.23,1,0,0,0,0,0,0,-0.01,0,1.00,4.49,2.05,3.96,1.00,D,0.00,12.00,12.00,12.00,12.00, ,-0.73,,14.80,12.30,0,0.00,49.9,1,0,0.00,0.00,0.00,12.00,-0.01,1.00,0,0,0.00,0
2026-05-02 19:11:51,226.14,1,0,0,0,0,0,0,-0.05,0,1.00,4.49,2.06,4.08,1.00,D,0.00,12.00,12.00,12.00,12.00, ,-3.28,,12.80,12.30,0,0.00,50.5,1,0,0.00,0.00,0.00,12.00,-0.05,1.00,0,0,0.00,0
2026-05-02 19:11:52,227.15,1,0,0,0,0,0,0,0.08,0,1.00,4.49,2.07,4.11,1.00,D,0.00,12.00,12.00,12.00,12.00, ,4.72,,13.60,12.30,0,0.00,49.4,1,0,0.00,0.00,0.00,12.00,0.08,1.00,0,0,0.00,0
2026-05-02 19:11:53,228.16,1,0,0,0,0,0,0,-0.13,0,1.00,4.49,2.08,4.14,1.00,D,0.00,12.00,12.00,12.00,12.00, ,-7.69,,13.50,12.30,0,0.00,49.9,1,0,0.00,0.00,0.00,12.00,-0.13,1.00,0,0,0.00,0
2026-05-02 19:11:54,229.17,1,0,0,0,0,0,0,-0.10,0,1.00,4.49,2.09,4.23,1.00,D,0.00,12.00,12.00,12.00,12.00, ,-5.71,,14.70,12.30,0,0.00,49.9,1,0,0.00,0.00,0.00,12.00,-0.10,1.00,0,0,0.00,0
2026-05-02 19:11:55,230.19,1,0,0,0,0,0,0,0.23,0,1.00,4.49,2.10,4.17,1.00,D,0.00,12.00,12.00,12.00,12.00, ,13.94,,15.80,12.30,0,0.00,49.9,1,0,0.00,0.00,0.00,12.00,0.23,1.00,0,0,0.00,0
2026-05-02 19:11:56,231.19,1,0,0,0,0,0,0,0.32,0,1.00,4.49,2.11,4.06,1.00,D,0.00,12.00,12.00,12.00,12.00, ,19.47,,17.50,12.30,0,0.00,48.8,1,0,0.00,0.00,0.00,12.00,0.32,1.00,0,0,0.00,0
2026-05-02 19:11:57,232.20,1,0,0,0,0,0,0,-0.07,0,1.00,4.49,2.11,3.88,1.00,D,0.00,12.00,12.00,12.00,12.00, ,-4.35,,12.60,12.30,0,0.00,49.4,1,0,0.00,0.00,0.00,12.00,-0.07,1.00,0,0,0.00,0
2026-05-02 19:11:58,233.21,1,0,0,0,0,0,0,-0.15,0,1.00,4.49,2.12,4.05,1.00,D,0.00,12.00,12.00,12.00,12.00, ,-8.83,,13.50,12.30,0,0.00,50.5,1,0,0.00,0.00,0.00,12.00,-0.15,1.00,0,0,0.00,0
2026-05-02 19:12:00,234.32,1,0,0,0,0,0,0,0.24,0,1.00,4.49,2.13,4.11,1.00,D,0.00,12.00,12.00,12.00,12.00, ,14.42,,14.20,12.30,0,0.00,49.4,1,0,0.00,0.00,0.00,12.00,0.24,1.00,0,0,0.00,0
2026-05-02 19:12:00,235.23,1,0,0,0,0,0,0,0.20,0,1.00,4.49,2.14,3.81,1.00,D,0.00,12.00,12.00,12.00,12.00, ,11.97,,12.70,12.30,0,0.00,50.5,1,0,0.00,0.00,0.00,12.00,0.20,1.00,0,0,0.00,0
2026-05-02 19:12:01,236.25,1,0,0,0,0,0,0,-0.05,0,1.00,4.49,2.15,3.95,1.00,D,0.00,12.00,12.00,12.00,12.00, ,-2.90,,15.20,12.30,0,0.00,49.4,1,0,0.00,0.00,0.00,12.00,-0.05,1.00,0,0,0.00,0
2026-05-02 19:12:02,237.26,1,0,0,0,0,0,0,-0.04,0,1.00,4.49,2.16,4.16,1.00,D,0.00,12.00,12.00,12.00,12.00, ,-2.51,,16.30,12.30,0,0.00,50.5,1,0,0.00,0.00,0.00,12.00,-0.04,1.00,0,0,0.00,0
2026-05-02 19:12:04,238.27,1,0,0,0,0,0,0,-0.14,0,1.00,4.49,2.16,4.02,1.00,D,0.00,12.00,12.00,12.00,12.00, ,-8.15,,15.80,12.30,0,0.00,50.5,1,0,0.00,0.00,0.00,12.00,-0.14,1.00,0,0,0.00,0
2026-05-02 19:12:05,239.28,1,0,0,0,0,0,0,0.01,0,1.00,4.49,2.17,4.18,1.00,D,0.00,12.00,12.00,12.00,12.00, ,0.42,,13.70,12.30,0,0.00,49.9,1,0,0.00,0.00,0.00,12.00,0.01,1.00,0,0,0.00,0
2026-05-02 19:12:06,240.29,1,0,0,0,0,0,0,0.32,0,1.00,4.49,2.18,4.14,1.00,D,0.00,12.00,12.00,12.00,12.00, ,19.29,,12.80,12.30,0,0.00,48.8,1,0,0.00,0.00,0.00,12.00,0.32,1.00,0,0,0.00,0
2026-05-02 19:12:07,241.31,1,0,0,0,0,0,0,-0.14,0,1.00,4.49,2.19,3.78,1.00,D,0.00,12.00,12.00,12.00,12.00, ,-8.54,,12.60,12.30,0,0.00,51.0,1,0,0.00,0.00,0.00,12.00,-0.14,1.00,0,0,0.00,0
2026-05-02 19:12:08,242.33,1,0,0,0,0,0,0,0.19,0,1.00,4.49,2.20,4.25,1.00,D,0.00,12.00,12.00,12.00,12.00, ,11.47,,14.20,12.30,0,0.00,48.8,1,0,0.00,0.00,0.00,12.00,0.19,1.00,0,0,0.00,0
2026-05-02 19:12:09,243.34,1,0,0,0,0,0,0,0.20,0,1.00,4.49,2.20,4.03,1.00,D,0.00,12.00,12.00,12.00,12.00, ,11.96,,14.60,12.30,0,0.00,49.4,1,0,0.00,0.00,0.00,12.00,0.20,1.00,0,0,0.00,0
2026-05-02 19:12:10,244.35,1,0,0,0,0,0,0,-0.10,0,1.00,4.49,2.21,4.22,1.00,D,0.00,12.00,12.00,12.00,12.00, ,-6.18,,13.00,12.30,0,0.00,50.5,1,0,0.00,0.00,0.00,12.00,-0.10,1.00,0,0,0.00,0
2026-05-02 19:12:11,245.36,1,0,0,0,0,0,0,0.10,0,1.00,4.49,2.22,4.32,1.00,D,0.00,12.00,12.00,12.00,12.00, ,5.96,,14.30,12.20,0,0.00,49.4,1,0,0.00,0.00,0.00,12.00,0.10,1.00,0,0,0.00,0
2026-05-02 19:12:12,246.37,1,0,0,0,0,0,0,-0.02,0,1.00,4.49,2.23,4.27,1.00,D,0.00,12.00,12.00,12.00,12.00, ,-0.91,,12.50,12.20,0,0.00,50.5,1,0,0.00,0.00,0.00,12.00,-0.02,1.00,0,0,0.00,0
2026-05-02 19:12:13,247.38,1,0,0,0,0,0,0,0.07,0,1.00,4.49,2.24,4.32,1.00,D,0.00,12.00,12.00,12.00,12.00, ,4.18,,12.90,12.30,0,0.00,50.5,1,0,0.00,0.00,0.00,12.00,0.07,1.00,0,0,0.00,0
2026-05-02 19:12:14,248.39,1,0,0,0,0,0,0,0.09,0,1.00,4.49,2.25,4.39,1.00,D,0.00,12.00,12.00,12.00,12.00, ,5.52,,14.80,12.20,0,0.00,49.4,1,0,0.00,0.00,0.00,12.00,0.09,1.00,0,0,0.00,0
2026-05-02 19:12:15,249.40,1,0,0,0,0,0,0,-0.06,0,1.00,4.50,2.25,4.36,1.00,D,0.00,12.00,12.00,12.00,12.00, ,-3.54,,16.20,12.30,0,0.00,50.5,1,0,0.00,0.00,0.00,12.00,-0.06,1.00,0,0,0.00,0
2026-05-02 19:12:16,250.42,1,0,0,0,0,0,0,0.05,0,1.00,4.50,2.26,4.37,1.00,D,0.00,12.00,12.00,12.00,12.00, ,3.21,,12.60,12.30,0,0.00,51.0,1,0,0.00,0.00,0.00,12.00,0.05,1.00,0,0,0.00,0
2026-05-02 19:12:17,251.53,1,0,0,0,0,0,0,0.26,0,1.00,4.50,2.27,4.40,1.00,D,0.00,12.00,12.00,12.00,12.00, ,15.71,,13.80,12.20,0,0.00,50.5,1,0,0.00,0.00,0.00,12.00,0.26,1.00,0,0,0.00,0
2026-05-02 19:12:18,252.43,1,0,0,0,0,0,0,-0.12,0,1.00,4.50,2.28,4.35,1.00,D,0.00,12.00,12.00,12.00,12.00, ,-7.27,,13.50,12.20,0,0.00,51.0,1,0,0.00,0.00,0.00,12.00,-0.12,1.00,0,0,0.00,0
2026-05-02 19:12:19,253.44,1,0,0,0,0,0,0,0.01,0,1.00,4.50,2.29,4.35,1.00,D,0.00,12.00,12.00,12.00,12.00, ,0.31,,13.30,12.20,0,0.00,49.9,1,0,0.00,0.00,0.00,12.00,0.01,1.00,0,0,0.00,0
2026-05-02 19:12:20,254.46,1,0,0,0,0,0,0,0.08,0,1.00,4.50,2.30,4.35,1.00,D,0.00,12.00,12.00,12.00,12.00, ,4.76,,14.00,12.20,0,0.00,50.5,1,0,0.00,0.00,0.00,12.00,0.08,1.00,0,0,0.00,0
2026-05-02 19:12:21,255.47,1,0,0,0,0,0,0,-0.03,0,1.00,4.50,2.30,4.37,1.00,D,0.00,12.00,12.00,12.00,12.00, ,-2.06,,15.50,12.20,0,0.00,50.5,1,0,0.00,0.00,0.00,12.00,-0.03,1.00,0,0,0.00,0
2026-05-02 19:12:22,256.49,1,0,0,0,0,0,0,-0.13,0,1.00,4.50,2.31,4.41,1.00,D,0.00,12.00,12.00,12.00,12.00, ,-7.99,,16.10,12.20,0,0.00,49.9,1,0,0.00,0.00,0.00,12.00,-0.13,1.00,0,0,0.00,0
2026-05-02 19:12:23,257.60,1,0,0,0,0,0,0,0.12,0,1.00,4.50,2.32,4.48,1.00,D,0.00,12.00,12.00,12.00,12.00, ,7.00,,15.90,12.20,0,0.00,49.9,1,0,0.00,0.00,0.00,12.00,0.12,1.00,0,0,0.00,0
2026-05-02 19:12:24,258.50,1,0,0,0,0,0,0,0.24,0,1.00,4.51,2.33,4.37,1.00,D,0.00,12.00,12.00,12.00,12.00, ,14.26,,15.30,12.30,0,0.00,49.4,1,0,0.00,0.00,0.00,12.00,0.24,1.00,0,0,0.00,0
2026-05-02 19:12:25,259.52,1,0,0,0,0,0,0,0.24,0,1.00,4.51,2.34,4.10,1.00,D,0.00,12.00,12.00,12.00,12.00, ,14.49,,16.60,12.30,0,0.00,50.5,1,0,0.00,0.00,0.00,12.00,0.24,1.00,0,0,0.00,0
2026-05-02 19:12:26,260.53,1,0,0,0,0,0,0,0.15,0,1.00,4.51,2.34,4.19,1.00,D,0.00,12.00,12.00,12.00,12.00, ,8.97,,13.80,12.30,0,0.00,50.5,1,0,0.00,0.00,0.00,12.00,0.15,1.00,0,0,0.00,0
2026-05-02 19:12:27,261.53,1,0,0,0,0,0,0,-0.00,0,1.00,4.51,2.35,4.30,1.00,D,0.00,12.00,12.00,12.00,12.00, ,-0.04,,13.10,12.30,0,0.00,50.5,1,0,0.00,0.00,0.00,12.00,-0.00,1.00,0,0,0.00,0
2026-05-02 19:12:28,262.55,1,0,0,0,0,0,0,-0.04,0,1.00,4.51,2.36,4.32,1.00,D,0.00,12.00,12.00,12.00,12.00, ,-2.65,,13.20,12.30,0,0.00,49.9,1,0,0.00,0.00,0.00,12.00,-0.04,1.00,0,0,0.00,0
2026-05-02 19:12:29,263.66,1,0,0,0,0,0,0,-0.08,0,1.00,4.56,2.37,4.13,1.00,D,0.00,12.00,12.00,12.00,12.00, ,-4.60,,13.60,12.30,0,0.00,50.5,1,0,0.00,0.00,0.00,12.00,-0.08,1.00,0,0,0.00,0
2026-05-02 19:12:30,264.56,1,0,0,0,0,0,0,-0.25,0,1.00,4.56,2.37,4.26,1.00,D,0.00,12.00,12.00,12.00,12.00, ,-15.25,,15.80,12.30,0,0.00,48.8,1,0,0.00,0.00,0.00,12.00,-0.25,1.00,0,0,0.00,0
2026-05-02 19:12:31,265.56,1,0,0,0,0,0,0,-0.15,0,1.00,4.56,2.38,4.43,1.00,D,0.00,12.00,12.00,12.00,12.00, ,-9.30,,16.60,12.30,0,0.00,48.3,1,0,0.00,0.00,0.00,12.00,-0.15,1.00,0,0,0.00,0
2026-05-02 19:12:32,266.58,1,0,0,0,0,0,0,0.08,0,1.00,4.56,2.39,4.36,1.00,D,0.00,12.00,12.00,12.00,12.00, ,5.06,,15.60,12.30,0,0.00,49.9,1,0,0.00,0.00,0.00,12.00,0.08,1.00,0,0,0.00,0
2026-05-02 19:12:33,267.69,1,0,0,0,0,0,0,0.03,0,1.00,4.56,2.40,4.36,1.00,D,0.00,12.00,12.00,12.00,12.00, ,1.84,,15.00,12.30,0,0.00,49.4,1,0,0.00,0.00,0.00,12.00,0.03,1.00,0,0,0.00,0
2026-05-02 19:12:34,268.59,1,0,0,0,0,0,0,0.00,0,1.00,4.56,2.40,4.46,1.00,D,0.00,12.00,12.00,12.00,12.00, ,0.02,,15.40,12.30,0,0.00,49.4,1,0,0.00,0.00,0.00,12.00,0.00,1.00,0,0,0.00,0
2026-05-02 19:12:35,269.70,1,0,0,0,0,0,0,-0.13,0,1.00,4.56,2.41,4.13,1.00,D,0.00,12.00,12.00,12.00,12.00, ,-8.02,,15.50,12.30,0,0.00,49.4,1,0,0.00,0.00,0.00,12.00,-0.13,1.00,0,0,0.00,0
2026-05-02 19:12:36,270.61,1,0,0,0,0,0,0,-0.01,0,1.00,4.56,2.42,4.31,1.00,D,0.00,12.00,12.00,12.00,12.00, ,-0.33,,15.20,12.30,0,0.00,49.9,1,0,0.00,0.00,0.00,12.00,-0.01,1.00,0,0,0.00,0
2026-05-02 19:12:37,271.72,1,0,0,0,0,0,0,0.06,0,1.00,4.56,2.42,4.24,1.00,D,0.00,12.00,12.00,12.00,12.00, ,3.57,,15.50,12.20,0,0.00,48.3,1,0,0.00,0.00,0.00,12.00,0.06,1.00,0,0,0.00,0
2026-05-02 19:12:38,272.62,1,0,0,0,0,0,0,0.06,0,1.00,4.56,2.43,4.43,1.00,D,0.00,12.00,12.00,12.00,12.00, ,3.74,,17.40,12.30,0,0.00,48.3,1,0,0.00,0.00,0.00,12.00,0.06,1.00,0,0,0.00,0
2026-05-02 19:12:39,273.63,1,0,0,0,0,0,0,0.12,0,1.00,4.69,2.44,4.56,1.00,D,0.00,12.00,12.00,12.00,12.00, ,7.33,,12.60,12.30,0,0.00,49.9,1,0,0.00,0.00,0.00,12.00,0.12,1.00,0,0,0.00,0
2026-05-02 19:12:40,274.65,1,0,0,0,0,0,0,0.09,0,1.00,4.69,2.45,4.57,1.00,D,0.00,12.00,12.00,12.00,12.00, ,5.55,,12.70,12.30,0,0.00,49.9,1,0,0.00,0.00,0.00,12.00,0.09,1.00,0,0,0.00,0
2026-05-02 19:12:41,275.66,1,0,0,0,0,0,0,0.19,0,1.00,4.69,2.45,4.48,1.00,D,0.00,12.00,12.00,12.00,12.00, ,11.44,,13.70,12.20,0,0.00,49.4,1,0,0.00,0.00,0.00,12.00,0.19,1.00,0,0,0.00,0
2026-05-02 19:12:42,276.67,1,0,0,0,0,0,0,-0.09,0,1.00,4.69,2.46,4.57,1.00,D,0.00,12.00,12.00,12.00,12.00, ,-5.54,,12.50,12.20,0,0.00,49.4,1,0,0.00,0.00,0.00,12.00,-0.09,1.00,0,0,0.00,0
2026-05-02 19:12:43,277.67,1,0,0,0,0,0,0,0.15,0,1.00,4.69,2.47,4.46,1.00,D,0.00,12.00,12.00,12.00,12.00, ,9.24,,15.30,12.30,0,0.00,48.3,1,0,0.00,0.00,0.00,12.00,0.15,1.00,0,0,0.00,0
2026-05-02 19:12:44,278.69,1,0,0,0,0,0,0,-0.11,0,1.00,4.69,2.48,4.59,1.00,D,0.00,12.00,12.00,12.00,12.00, ,-6.36,,15.40,12.30,0,0.00,49.9,1,0,0.00,0.00,0.00,12.00,-0.11,1.00,0,0,0.00,0
2026-05-02 19:12:45,279.80,1,0,0,0,0,0,0,0.07,0,1.00,4.69,2.48,4.58,1.00,D,0.00,12.00,12.00,12.00,12.00, ,4.28,,15.40,12.30,0,0.00,49.9,1,0,0.00,0.00,0.00,12.00,0.07,1.00,0,0,0.00,0
2026-05-02 19:12:46,280.70,1,0,0,0,0,0,0,0.14,0,1.00,4.69,2.49,4.55,1.00,D,0.00,12.00,12.00,12.00,12.00, ,8.61,,16.50,12.20,0,0.00,47.7,1,0,0.00,0.00,0.00,12.00,0.14,1.00,0,0,0.00,0
2026-05-02 19:12:47,281.82,1,0,0,0,0,0,0,0.02,0,1.00,4.69,2.50,4.63,1.00,D,0.00,12.00,12.00,12.00,12.00, ,1.20,,16.00,12.20,0,0.00,49.4,1,0,0.00,0.00,0.00,12.00,0.02,1.00,0,0,0.00,0
2026-05-02 19:12:48,282.72,1,0,0,0,0,0,0,-0.05,0,1.00,4.69,2.51,4.63,1.00,D,0.00,12.00,12.00,12.00,12.00, ,-2.77,,15.20,12.20,0,0.00,48.8,1,0,0.00,0.00,0.00,12.00,-0.05,1.00,0,0,0.00,0
2026-05-02 19:12:49,283.84,1,0,0,0,0,0,0,0.20,0,1.00,4.69,2.51,4.66,1.00,D,0.00,12.00,12.00,12.00,12.00, ,12.11,,15.60,12.30,0,0.00,48.3,1,0,0.00,0.00,0.00,12.00,0.20,1.00,0,0,0.00,0
2026-05-02 19:12:50,284.74,1,0,0,0,0,0,0,-0.04,0,1.00,4.70,2.52,4.67,1.00,D,0.00,12.00,12.00,12.00,12.00, ,-2.51,,13.80,12.30,0,0.00,50.5,1,0,0.00,0.00,0.00,12.00,-0.04,1.00,0,0,0.00,0
2026-05-02 19:12:51,285.75,1,0,0,0,0,0,0,0.15,0,1.00,4.70,2.53,4.67,1.00,D,0.00,12.00,12.00,12.00,12.00, ,8.99,,13.00,12.20,0,0.00,50.5,1,0,0.00,0.00,0.00,12.00,0.15,1.00,0,0,0.00,0
2026-05-02 19:12:52,286.76,1,0,0,0,0,0,0,0.05,0,1.00,4.70,2.54,4.65,1.00,D,0.00,12.00,12.00,12.00,12.00, ,2.76,,14.20,12.20,0,0.00,50.5,1,0,0.00,0.00,0.00,12.00,0.05,1.00,0,0,0.00,0
2026-05-02 19:12:53,287.78,1,0,0,0,0,0,0,0.13,0,1.00,4.70,2.55,4.61,1.00,D,0.00,12.00,12.00,12.00,12.00, ,7.58,,13.90,12.20,0,0.00,49.4,1,0,0.00,0.00,0.00,12.00,0.13,1.00,0,0,0.00,0
2026-05-02 19:12:54,288.79,1,0,0,0,0,0,0,0.13,0,1.00,4.72,2.55,4.70,1.00,D,0.00,12.00,12.00,12.00,12.00, ,7.89,,14.10,12.20,0,0.00,49.9,1,0,0.00,0.00,0.00,12.00,0.13,1.00,0,0,0.00,0
2026-05-02 19:12:55,289.80,1,0,0,0,0,0,0,-0.05,0,1.00,4.75,2.56,4.64,1.00,D,0.00,12.00,12.00,12.00,12.00, ,-2.91,,15.60,12.20,0,0.00,49.9,1,0,0.00,0.00,0.00,12.00,-0.05,1.00,0,0,0.00,0
2026-05-02 19:12:56,290.80,1,0,0,0,0,0,0,0.18,0,1.00,4.75,2.57,4.63,1.00,D,0.00,12.00,12.00,12.00,12.00, ,10.76,,15.40,12.20,0,0.00,48.3,1,0,0.00,0.00,0.00,12.00,0.18,1.00,0,0,0.00,0
2026-05-02 19:12:57,291.80,1,0,0,0,0,0,0,0.10,0,1.00,4.75,2.57,4.49,1.00,D,0.00,12.00,12.00,12.00,12.00, ,6.16,,16.40,12.20,0,0.00,48.8,1,0,0.00,0.00,0.00,12.00,0.10,1.00,0,0,0.00,0
2026-05-02 19:12:58,292.81,1,0,0,0,0,0,0,-0.04,0,1.00,4.75,2.58,4.54,1.00,D,0.00,12.00,12.00,12.00,12.00, ,-2.43,,13.50,12.20,0,0.00,49.9,1,0,0.00,0.00,0.00,12.00,-0.04,1.00,0,0,0.00,0
2026-05-02 19:12:59,293.92,1,0,0,0,0,0,0,0.12,0,1.00,4.75,2.59,4.63,1.00,D,0.00,12.00,12.00,12.00,12.00, ,7.34,,13.50,12.20,0,0.00,49.4,1,0,0.00,0.00,0.00,12.00,0.12,1.00,0,0,0.00,0
2026-05-02 19:13:00,294.83,1,0,0,0,0,0,0,0.04,0,1.00,4.75,2.59,4.64,1.00,D,0.00,12.00,12.00,12.00,12.00, ,2.16,,13.70,12.20,0,0.00,49.4,1,0,0.00,0.00,0.00,12.00,0.04,1.00,0,0,0.00,0
2026-05-02 19:13:01,295.94,1,0,0,0,0,0,0,0.15,0,1.00,4.75,2.60,4.63,1.00,D,0.00,12.00,12.00,12.00,12.00, ,9.02,,14.40,12.20,0,0.00,48.8,1,0,0.00,0.00,0.00,12.00,0.15,1.00,0,0,0.00,0
2026-05-02 19:13:02,296.84,1,0,0,0,0,0,0,0.03,0,1.00,4.75,2.61,4.71,1.00,D,0.00,12.00,12.00,12.00,12.00, ,1.54,,14.20,12.20,0,0.00,49.4,1,0,0.00,0.00,0.00,12.00,0.03,1.00,0,0,0.00,0
2026-05-02 19:13:03,297.85,1,0,0,0,0,0,0,0.39,0,1.00,4.75,2.62,4.64,1.00,D,0.00,12.00,12.00,12.00,12.00, ,23.37,,14.80,12.20,0,0.00,48.8,1,0,0.00,0.00,0.00,12.00,0.39,1.00,0,0,0.00,0
2026-05-02 19:13:04,298.96,1,0,0,0,0,0,0,0.05,0,1.00,4.75,2.62,4.57,1.00,D,0.00,12.00,12.00,12.00,12.00, ,2.85,,16.00,12.20,0,0.00,49.4,1,0,0.00,0.00,0.00,12.00,0.05,1.00,0,0,0.00,0
2026-05-02 19:13:05,299.86,1,0,0,0,0,0,0,0.11,0,1.00,4.77,2.63,4.77,1.00,D,0.00,12.00,12.00,12.00,12.00, ,6.83,,14.30,12.20,0,0.00,48.8,1,0,0.00,0.00,0.00,12.00,0.11,1.00,0,0,0.00,0
2026-05-02 19:13:06,300.87,1,0,0,0,0,0,0,0.02,0,1.00,4.81,2.64,4.74,1.00,D,0.00,12.00,12.00,12.00,12.00, ,1.38,,15.40,12.20,0,0.00,48.8,1,0,0.00,0.00,0.00,12.00,0.02,1.00,0,0,0.00,0
2026-05-02 19:13:07,301.90,1,0,0,0,0,0,0,0.09,0,1.00,4.84,2.64,4.83,1.00,D,0.00,12.00,12.00,12.00,12.00, ,5.39,,16.80,12.40,0,0.00,48.3,1,0,0.00,0.00,0.00,12.00,0.09,1.00,0,0,0.00,0
2026-05-02 19:13:08,302.90,1,0,0,0,0,0,0,-0.03,0,1.00,4.88,2.65,4.73,1.00,D,0.00,12.00,12.00,12.00,12.00, ,-1.91,,23.20,12.40,0,0.00,50.5,1,0,0.00,0.00,0.00,12.00,-0.03,1.00,0,0,0.00,0
2026-05-02 19:13:09,303.91,1,0,0,0,0,0,0,0.14,0,1.00,4.88,2.66,4.77,1.00,D,0.00,12.00,12.00,12.00,12.00, ,8.19,,12.80,12.40,0,0.00,49.9,1,0,0.00,0.00,0.00,12.00,0.14,1.00,0,0,0.00,0
2026-05-02 19:13:10,304.93,1,0,0,0,0,0,0,-0.05,0,1.00,4.88,2.66,4.80,1.00,D,0.00,12.00,12.00,12.00,12.00, ,-3.21,,13.90,12.40,0,0.00,49.9,1,0,0.00,0.00,0.00,12.00,-0.05,1.00,0,0,0.00,0
2026-05-02 19:13:11,305.94,1,0,0,0,0,0,0,0.16,0,1.00,4.88,2.67,4.75,1.00,D,0.00,12.00,12.00,12.00,12.00, ,9.62,,13.70,12.30,0,0.00,49.4,1,0,0.00,0.00,0.00,12.00,0.16,1.00,0,0,0.00,0
2026-05-02 19:13:12,306.96,1,0,0,0,0,0,0,0.01,0,1.00,4.88,2.68,4.73,1.00,D,0.00,12.00,12.00,12.00,12.00, ,0.85,,13.90,12.30,0,0.00,49.9,1,0,0.00,0.00,0.00,12.00,0.01,1.00,0,0,0.00,0
2026-05-02 19:13:13,307.97,1,0,0,0,0,0,0,0.07,0,1.00,4.88,2.69,4.70,1.00,D,0.00,12.00,12.00,12.00,12.00, ,4.13,,16.50,12.30,0,0.00,49.4,1,0,0.00,0.00,0.00,12.00,0.07,1.00,0,0,0.00,0
2026-05-02 19:13:14,308.98,1,0,0,0,0,0,0,0.17,0,1.00,4.88,2.69,4.70,1.00,D,0.00,12.00,12.00,12.00,12.00, ,10.46,,15.20,12.30,0,0.00,48.8,1,0,0.00,0.00,0.00,12.00,0.17,1.00,0,0,0.00,0
2026-05-02 19:13:15,309.99,1,0,0,0,0,0,0,-0.05,0,1.00,4.88,2.70,4.77,1.00,D,0.00,12.00,12.00,12.00,12.00, ,-3.26,,15.60,12.30,0,0.00,48.3,1,0,0.00,0.00,0.00,12.00,-0.05,1.00,0,0,0.00,0
2026-05-02 19:13:16,310.99,1,0,0,0,0,0,0,0.14,0,1.00,4.88,2.70,4.65,1.00,D,0.00,12.00,12.00,12.00,12.00, ,8.24,,15.40,12.30,0,0.00,47.7,1,0,0.00,0.00,0.00,12.00,0.14,1.00,0,0,0.00,0
2026-05-02 19:13:17,312.00,1,0,0,0,0,0,0,0.24,0,1.00,4.88,2.71,4.72,1.00,D,0.00,12.00,12.00,12.00,12.00, ,14.21,,14.70,12.30,0,0.00,48.3,1,0,0.00,0.00,0.00,12.00,0.24,1.00,0,0,0.00,0
2026-05-02 19:13:18,313.01,1,0,0,0,0,0,0,0.14,0,1.00,4.88,2.72,4.53,1.00,D,0.00,12.00,12.00,12.00,12.00, ,8.56,,14.90,12.30,0,0.00,48.8,1,0,0.00,0.00,0.00,12.00,0.14,1.00,0,0,0.00,0
2026-05-02 19:13:19,314.02,1,0,0,0,0,0,0,0.19,0,1.00,4.88,2.72,4.51,1.00,D,0.00,12.00,12.00,12.00,12.00, ,11.57,,16.30,12.30,0,0.00,47.2,1,0,0.00,0.00,0.00,12.00,0.19,1.00,0,0,0.00,0
2026-05-02 19:13:20,315.03,1,0,0,0,0,0,0,-0.19,0,1.00,4.88,2.73,4.71,1.00,D,0.00,12.00,12.00,12.00,12.00, ,-11.17,,15.40,12.30,0,0.00,48.8,1,0,0.00,0.00,0.00,12.00,-0.19,1.00,0,0,0.00,0
2026-05-02 19:13:21,316.15,1,0,0,0,0,0,0,0.12,0,1.00,4.88,2.73,4.74,1.00,D,0.00,12.00,12.00,12.00,12.00, ,6.93,,15.70,12.30,0,0.00,48.3,1,0,0.00,0.00,0.00,12.00,0.12,1.00,0,0,0.00,0
2026-05-02 19:13:22,317.05,0,0,0,0,0,0,0,0.00,1,0.00,4.88,2.74,4.00,0.00,D,0.00,12.00,12.00,12.00,12.00, ,0.00,,16.70,12.30,0,0.00,48.3,1,0,0.00,0.00,0.00,12.00,0.00,0.00,0,0,0.00,0
2026-05-02 19:13:23,318.16,0,0,0,0,0,0,0,0.00,0,0.00,4.88,2.73,0.00,0.00,D,0.00,12.00,12.00,12.00,12.00, ,0.00,,10.70,12.30,0,0.42,49.9,1,0,0.00,0.00,0.00,12.00,0.00,0.00,0,0,0.00,0
2026-05-02 19:13:24,319.07,0,0,0,0,0,0,0,0.00,0,0.00,4.88,2.73,0.00,0.00,D,0.00,12.00,12.00,12.00,12.00, ,0.00,,10.80,12.30,0,1.32,47.7,1,0,0.00,0.00,0.00,12.00,0.00,0.00,0,0,0.00,0
2026-05-02 19:13:25,320.08,0,0,0,0,0,0,0,0.00,0,0.00,4.88,2.72,0.00,0.00,D,0.00,12.00,12.00,12.00,12.00, ,0.00,,12.00,12.30,0,2.33,48.8,1,0,0.00,0.00,0.00,12.00,0.00,0.00,0,0,0.00,0
2026-05-02 19:13:26,321.09,0,0,0,0,0,0,0,0.00,0,0.00,4.88,2.71,0.00,0.00,D,0.00,12.00,12.00,12.00,12.00, ,0.00,,12.00,12.30,0,3.35,49.9,1,0,0.00,0.00,0.00,12.00,0.00,0.00,0,0,0.00,0
2026-05-02 19:13:27,322.10,1,0,0,0,0,0,0,0.03,0,1.00,4.88,2.70,0.03,0.26,D,0.00,12.00,12.00,12.00,12.00, ,1.60,,11.40,12.30,0,0.02,48.8,1,0,0.00,0.00,0.00,12.00,0.03,1.00,0,0,0.00,0
2026-05-02 19:13:28,323.22,1,0,0,0,0,0,0,0.07,0,1.00,4.88,2.69,1.17,0.76,D,0.00,12.00,12.00,12.00,12.00, ,4.15,,14.30,12.30,0,0.00,49.9,1,0,0.00,0.00,0.00,12.00,0.07,1.00,0,0,0.00,0
2026-05-02 19:13:29,324.12,1,0,0,0,0,0,0,0.08,0,1.00,4.88,2.69,4.09,1.00,D,0.00,12.00,12.00,12.00,12.00, ,4.81,,15.40,12.30,0,0.00,49.9,1,0,0.00,0.00,0.00,12.00,0.08,1.00,0,0,0.00,0
2026-05-02 19:13:30,325.13,1,0,0,0,0,0,0,0.09,0,1.00,4.88,2.70,4.56,1.00,D,0.00,12.00,12.00,12.00,12.00, ,5.24,,13.10,12.30,0,0.00,48.8,1,0,0.00,0.00,0.00,12.00,0.09,1.00,0,0,0.00,0
2026-05-02 19:13:31,326.15,1,0,0,0,0,0,0,0.06,0,1.00,4.88,2.71,4.57,1.00,D,0.00,12.00,12.00,12.00,12.00, ,3.83,,13.50,12.30,0,0.00,48.3,1,0,0.00,0.00,0.00,12.00,0.06,1.00,0,0,0.00,0
2026-05-02 19:13:32,327.16,1,0,0,0,0,0,0,0.11,0,1.00,4.88,2.71,4.67,1.00,D,0.00,12.00,12.00,12.00,12.00, ,6.54,,12.80,12.30,0,0.00,50.5,1,0,0.00,0.00,0.00,12.00,0.11,1.00,0,0,0.00,0
2026-05-02 19:13:34,328.27,1,0,0,0,0,0,0,0.10,0,1.00,4.88,2.72,4.65,1.00,D,0.00,12.00,12.00,12.00,12.00, ,5.88,,13.00,12.30,0,0.00,48.8,1,0,0.00,0.00,0.00,12.00,0.10,1.00,0,0,0.00,0
2026-05-02 19:13:34,329.17,1,0,0,0,0,0,0,-0.10,0,1.00,4.88,2.72,4.66,1.00,D,0.00,12.00,12.00,12.00,12.00, ,-6.05,,13.10,12.40,0,0.00,49.4,1,0,0.00,0.00,0.00,12.00,-0.10,1.00,0,0,0.00,0
2026-05-02 19:13:35,330.19,1,0,0,0,0,0,0,0.19,0,1.00,4.88,2.73,4.64,1.00,D,0.00,12.00,12.00,12.00,12.00, ,11.50,,14.90,12.50,0,0.00,47.7,1,0,0.00,0.00,0.00,12.00,0.19,1.00,0,0,0.00,0
2026-05-02 19:13:36,331.20,1,0,0,0,0,0,0,-0.07,0,1.00,4.88,2.73,4.49,1.00,D,0.00,12.00,12.00,12.00,12.00, ,-4.26,,16.50,12.50,0,0.00,48.3,1,0,0.00,0.00,0.00,12.00,-0.07,1.00,0,0,0.00,0
2026-05-02 19:13:37,332.21,1,0,0,0,0,0,0,0.21,0,1.00,4.88,2.74,4.65,1.00,D,0.00,12.00,12.00,12.00,12.00, ,12.49,,16.70,12.60,0,0.00,48.8,1,0,0.00,0.00,0.00,12.00,0.21,1.00,0,0,0.00,0
2026-05-02 19:13:38,333.22,1,0,0,0,0,0,0,-0.15,0,1.00,4.88,2.75,4.63,1.00,D,0.00,12.00,12.00,12.00,12.00, ,-8.82,,15.40,12.60,0,0.00,47.2,1,0,0.00,0.00,0.00,12.00,-0.15,1.00,0,0,0.00,0
2026-05-02 19:13:39,334.23,1,0,0,0,0,0,0,0.07,0,1.00,4.88,2.75,4.77,1.00,D,0.00,12.00,12.00,12.00,12.00, ,4.23,,15.80,12.50,0,0.00,48.3,1,0,0.00,0.00,0.00,12.00,0.07,1.00,0,0,0.00,0
2026-05-02 19:13:40,335.25,1,0,0,0,0,0,0,0.16,0,1.00,4.88,2.76,4.61,1.00,D,0.00,12.00,12.00,12.00,12.00, ,9.60,,16.20,12.40,0,0.00,48.8,1,0,0.00,0.00,0.00,12.00,0.16,1.00,0,0,0.00,0
2026-05-02 19:13:42,336.26,1,0,0,0,0,0,0,-0.32,0,1.00,4.88,2.76,4.62,1.00,D,0.00,12.00,12.00,12.00,12.00, ,-19.13,,15.90,12.50,0,0.00,48.3,1,0,0.00,0.00,0.00,12.00,-0.32,1.00,0,0,0.00,0
2026-05-02 19:13:43,337.28,1,0,0,0,0,0,0,0.13,0,1.00,5.20,2.77,5.20,1.00,D,0.00,12.00,12.00,12.00,12.00, ,7.78,,17.00,12.50,0,0.00,48.3,1,0,0.00,0.00,0.00,12.00,0.13,1.00,0,0,0.00,0
2026-05-02 19:13:44,338.29,1,0,0,0,0,0,0,0.01,0,1.00,5.27,2.78,4.92,1.00,D,0.00,12.00,12.00,12.00,12.00, ,0.39,,16.20,12.60,0,0.00,47.7,1,0,0.00,0.00,0.00,12.00,0.01,1.00,0,0,0.00,0
2026-05-02 19:13:45,339.30,1,0,0,0,0,0,0,0.07,0,1.00,5.27,2.78,4.66,1.00,D,0.00,12.00,12.00,12.00,12.00, ,3.94,,13.70,12.80,0,0.00,47.2,1,0,0.00,0.00,0.00,12.00,0.07,1.00,0,0,0.00,0
2026-05-02 19:13:46,340.30,1,0,0,0,0,0,0,-0.12,0,1.00,5.27,2.79,4.61,1.00,D,0.00,12.00,12.00,12.00,12.00, ,-7.12,,13.60,13.00,0,0.00,49.4,1,0,0.00,0.00,0.00,12.00,-0.12,1.00,0,0,0.00,0
2026-05-02 19:13:47,341.31,1,0,0,0,0,0,0,0.13,0,1.00,5.27,2.79,4.52,1.00,D,0.00,12.00,12.00,12.00,12.00, ,7.54,,14.40,13.20,0,0.00,47.2,1,0,0.00,0.00,0.00,12.00,0.13,1.00,0,0,0.00,0
2026-05-02 19:13:48,342.42,1,0,0,0,0,0,0,-0.11,0,1.00,5.27,2.80,4.43,1.00,D,0.00,12.00,12.00,12.00,12.00, ,-6.88,,12.80,12.90,0,0.00,48.8,1,0,0.00,0.00,0.00,12.00,-0.11,1.00,0,0,0.00,0
2026-05-02 19:13:49,343.32,1,0,0,0,0,0,0,0.09,0,1.00,5.27,2.80,4.52,1.00,D,0.00,12.00,12.00,12.00,12.00, ,5.52,,14.60,12.70,0,0.00,47.2,1,0,0.00,0.00,0.00,12.00,0.09,1.00,0,0,0.00,0
2026-05-02 19:13:50,344.33,1,0,0,0,0,0,0,-0.05,0,1.00,5.27,2.81,4.42,1.00,D,0.00,12.00,12.00,12.00,12.00, ,-3.16,,16.20,12.70,0,0.00,48.3,1,0,0.00,0.00,0.00,12.00,-0.05,1.00,0,0,0.00,0
2026-05-02 19:13:51,345.35,1,0,0,0,0,0,0,-0.05,0,1.00,5.27,2.81,4.58,1.00,D,0.00,12.00,12.00,12.00,12.00, ,-2.83,,15.80,12.60,0,0.00,48.3,1,0,0.00,0.00,0.00,12.00,-0.05,1.00,0,0,0.00,0
2026-05-02 19:13:52,346.36,1,0,0,0,0,0,0,0.20,0,1.00,5.27,2.82,4.59,1.00,D,0.00,12.00,12.00,12.00,12.00, ,12.28,,15.20,12.60,0,0.00,48.3,1,0,0.00,0.00,0.00,12.00,0.20,1.00,0,0,0.00,0
2026-05-02 19:13:53,347.37,1,0,0,0,0,0,0,0.19,0,1.00,5.27,2.82,4.56,1.00,D,0.00,12.00,12.00,12.00,12.00, ,11.38,,17.40,12.60,0,0.00,47.7,1,0,0.00,0.00,0.00,12.00,0.19,1.00,0,0,0.00,0
2026-05-02 19:13:54,348.48,1,0,0,0,0,0,0,0.03,0,1.00,5.27,2.82,4.47,1.00,D,0.00,12.00,12.00,12.00,12.00, ,1.89,,15.40,12.50,0,0.00,47.2,1,0,0.00,0.00,0.00,12.00,0.03,1.00,0,0,0.00,0
2026-05-02 19:13:55,349.38,1,0,0,0,0,0,0,0.05,0,1.00,5.27,2.83,4.49,1.00,D,0.00,12.00,12.00,12.00,12.00, ,2.77,,15.50,12.50,0,0.00,47.2,1,0,0.00,0.00,0.00,12.00,0.05,1.00,0,0,0.00,0
2026-05-02 19:13:56,350.40,1,0,0,0,0,0,0,0.06,0,1.00,5.27,2.83,4.43,1.00,D,0.00,12.00,12.00,12.00,12.00, ,3.36,,17.10,12.60,0,0.00,48.3,1,0,0.00,0.00,0.00,12.00,0.06,1.00,0,0,0.00,0
2026-05-02 19:13:57,351.41,1,0,0,0,0,0,0,0.12,0,1.00,5.27,2.84,4.48,1.00,D,0.00,12.00,12.00,12.00,12.00, ,7.45,,15.30,12.60,0,0.00,47.2,1,0,0.00,0.00,0.00,12.00,0.12,1.00,0,0,0.00,0
2026-05-02 19:13:58,352.42,1,0,0,0,0,0,0,0.20,0,1.00,5.27,2.84,4.43,1.00,D,0.00,12.00,12.00,12.00,12.00, ,12.00,,15.80,12.50,0,0.00,47.7,1,0,0.00,0.00,0.00,12.00,0.20,1.00,0,0,0.00,0
2026-05-02 19:13:59,353.43,1,0,0,0,0,0,0,0.02,0,1.00,5.27,2.85,4.43,1.00,D,0.00,12.00,12.00,12.00,12.00, ,1.44,,13.30,12.50,0,0.00,47.7,1,0,0.00,0.00,0.00,12.00,0.02,1.00,0,0,0.00,0
2026-05-02 19:14:00,354.54,1,0,0,0,0,0,0,0.22,0,1.00,5.27,2.85,4.45,1.00,D,0.00,12.00,12.00,12.00,12.00, ,12.91,,12.90,12.60,0,0.00,48.8,1,0,0.00,0.00,0.00,12.00,0.22,1.00,0,0,0.00,0
2026-05-02 19:14:01,355.44,1,0,0,0,0,0,0,-0.08,0,1.00,5.27,2.86,4.46,1.00,D,0.00,12.00,12.00,12.00,12.00, ,-4.83,,13.30,12.70,0,0.00,48.8,1,0,0.00,0.00,0.00,12.00,-0.08,1.00,0,0,0.00,0
2026-05-02 19:14:02,356.56,1,0,0,0,0,0,0,0.22,0,1.00,5.27,2.86,4.53,1.00,D,0.00,12.00,12.00,12.00,12.00, ,13.32,,20.00,12.80,0,0.00,49.9,1,0,0.00,0.00,0.00,12.00,0.22,1.00,0,0,0.00,0
2026-05-02 19:14:03,357.48,1,0,0,0,0,0,0,-0.06,0,1.00,5.27,2.87,4.40,1.00,D,0.00,12.00,12.00,12.00,12.00, ,-3.63,,28.00,12.80,0,0.00,51.0,1,0,0.00,0.00,0.00,12.00,-0.06,1.00,0,0,0.00,0
2026-05-02 19:14:04,358.49,1,0,0,0,0,0,0,0.20,0,1.00,5.27,2.87,4.56,1.00,D,0.00,12.00,12.00,12.00,12.00, ,12.08,,28.00,12.80,0,0.00,49.4,1,0,0.00,0.00,0.00,12.00,0.20,1.00,0,0,0.00,0
2026-05-02 19:14:05,359.50,0,0,0,0,0,0,0,0.00,0,0.00,5.27,2.88,4.27,0.00,D,0.00,12.00,12.00,12.00,12.00, ,0.00,,26.80,12.70,0,0.00,50.5,1,0,0.00,0.00,0.00,12.00,0.00,0.00,0,0,0.00,0
2026-05-02 19:14:06,360.61,0,0,0,0,0,0,0,0.00,0,0.00,5.27,2.88,2.77,0.00,D,0.00,12.00,12.00,12.00,12.00, ,0.00,,24.30,12.70,0,0.00,51.6,1,0,0.00,0.00,0.00,12.00,0.00,0.00,0,0,0.00,0
2026-05-02 19:14:07,361.52,1,0,0,0,0,0,0,0.19,0,1.00,5.27,2.88,1.82,0.51,D,0.00,12.00,12.00,12.00,12.00, ,11.43,,27.90,12.70,0,0.00,51.0,1,0,0.00,0.00,0.00,12.00,0.19,1.00,0,0,0.00,0
2026-05-02 19:14:08,362.53,1,0,0,0,0,0,0,0.16,0,1.00,5.27,2.87,2.78,1.00,D,0.00,12.00,12.00,12.00,12.00, ,9.37,,29.00,12.60,0,0.00,51.0,1,0,0.00,0.00,0.00,12.00,0.16,1.00,0,0,0.00,0
2026-05-02 19:14:09,363.53,1,0,0,0,0,0,0,-0.10,0,1.00,5.27,2.88,4.31,1.00,D,0.00,12.00,12.00,12.00,12.00, ,-5.99,,19.50,12.60,0,0.00,50.5,1,0,0.00,0.00,0.00,12.00,-0.10,1.00,0,0,0.00,0
2026-05-02 19:14:10,364.56,1,0,0,0,0,0,0,0.15,0,1.00,5.27,2.88,4.49,1.00,D,0.00,12.00,12.00,12.00,12.00, ,9.12,,15.30,12.60,0,0.00,48.8,1,0,0.00,0.00,0.00,12.00,0.15,1.00,0,0,0.00,0
2026-05-02 19:14:11,365.57,1,0,0,0,0,0,0,-0.00,0,1.00,5.27,2.88,4.50,1.00,D,0.00,12.00,12.00,12.00,12.00, ,-0.22,,28.40,12.50,0,0.00,51.6,1,0,0.00,0.00,0.00,12.00,-0.00,1.00,0,0,0.00,0
2026-05-02 19:14:12,366.58,1,0,0,0,0,0,0,0.07,0,1.00,5.27,2.89,4.45,1.00,D,0.00,12.00,12.00,12.00,12.00, ,4.12,,27.20,12.50,0,0.00,51.0,1,0,0.00,0.00,0.00,12.00,0.07,1.00,0,0,0.00,0
2026-05-02 19:14:13,367.59,1,0,0,0,0,0,0,0.13,0,1.00,5.27,2.89,4.46,1.00,D,0.00,12.00,12.00,12.00,12.00, ,7.94,,28.90,12.50,0,0.00,51.0,1,0,0.00,0.00,0.00,12.00,0.13,1.00,0,0,0.00,0
2026-05-02 19:14:14,368.60,1,0,0,0,0,0,0,0.22,0,1.00,5.27,2.90,4.48,1.00,D,0.00,12.00,12.00,12.00,12.00, ,13.50,,27.20,12.40,0,0.00,51.6,1,0,0.00,0.00,0.00,12.00,0.22,1.00,0,0,0.00,0
2026-05-02 19:14:15,369.61,1,0,0,0,0,0,0,0.01,0,1.00,5.27,2.90,4.39,1.00,D,0.00,12.00,12.00,12.00,12.00, ,0.50,,27.20,12.40,0,0.00,51.6,1,0,0.00,0.00,0.00,12.00,0.01,1.00,0,0,0.00,0
2026-05-02 19:14:16,370.62,1,0,0,0,0,0,0,0.04,0,1.00,5.27,2.91,4.45,1.00,D,0.00,12.00,12.00,12.00,12.00, ,2.62,,14.00,12.40,0,0.00,51.0,1,0,0.00,0.00,0.00,12.00,0.04,1.00,0,0,0.00,0
2026-05-02 19:14:17,371.64,1,0,0,0,0,0,0,0.26,0,1.00,5.27,2.91,4.52,1.00,D,0.00,12.00,12.00,12.00,12.00, ,15.54,,13.70,12.40,0,0.00,51.0,1,0,0.00,0.00,0.00,12.00,0.26,1.00,0,0,0.00,0
2026-05-02 19:14:18,372.66,1,0,0,0,0,0,0,0.27,0,1.00,5.27,2.91,4.30,1.00,D,0.00,12.00,12.00,12.00,12.00, ,16.09,,29.90,12.40,0,0.00,51.6,1,0,0.00,0.00,0.00,12.00,0.27,1.00,0,0,0.00,0
2026-05-02 19:14:19,373.66,1,0,0,0,0,0,0,-0.08,0,1.00,5.27,2.92,4.42,1.00,D,0.00,12.00,12.00,12.00,12.00, ,-4.88,,23.50,12.40,0,0.00,51.0,1,0,0.00,0.00,0.00,12.00,-0.08,1.00,0,0,0.00,0
2026-05-02 19:14:20,374.77,1,0,0,0,0,0,0,0.13,0,1.00,5.27,2.92,4.50,1.00,D,0.00,12.00,12.00,12.00,12.00, ,8.02,,12.00,12.40,0,0.00,50.5,1,0,0.00,0.00,0.00,12.00,0.13,1.00,0,0,0.00,0
2026-05-02 19:14:21,375.67,1,0,0,0,0,0,0,-0.07,0,1.00,5.27,2.93,4.37,1.00,D,0.00,12.00,12.00,12.00,12.00, ,-4.17,,12.60,12.40,0,0.00,52.1,1,0,0.00,0.00,0.00,12.00,-0.07,1.00,0,0,0.00,0
2026-05-02 19:14:22,376.69,1,0,0,0,0,0,0,0.13,0,1.00,5.27,2.93,4.51,1.00,D,0.00,12.00,12.00,12.00,12.00, ,7.51,,14.80,12.40,0,0.00,50.5,1,0,0.00,0.00,0.00,12.00,0.13,1.00,0,0,0.00,0
2026-05-02 19:14:23,377.70,1,0,0,0,0,0,0,0.17,0,1.00,5.27,2.93,4.47,1.00,D,0.00,12.00,12.00,12.00,12.00, ,10.35,,13.00,12.40,0,0.00,50.5,1,0,0.00,0.00,0.00,12.00,0.17,1.00,0,0,0.00,0
2026-05-02 19:14:24,378.70,1,0,0,0,0,0,0,-0.01,0,1.00,5.27,2.94,4.49,1.00,D,0.00,12.00,12.00,12.00,12.00, ,-0.55,,14.80,12.40,0,0.00,50.5,1,0,0.00,0.00,0.00,12.00,-0.01,1.00,0,0,0.00,0
2026-05-02 19:14:25,379.72,1,0,0,0,0,0,0,0.23,0,1.00,5.27,2.94,4.47,1.00,D,0.00,12.00,12.00,12.00,12.00, ,13.89,,16.50,12.40,0,0.00,48.8,1,0,0.00,0.00,0.00,12.00,0.23,1.00,0,0,0.00,0
2026-05-02 19:14:26,380.73,1,0,0,0,0,0,0,-0.06,0,1.00,5.27,2.95,4.47,1.00,D,0.00,12.00,12.00,12.00,12.00, ,-3.66,,15.40,12.40,0,0.00,49.4,1,0,0.00,0.00,0.00,12.00,-0.06,1.00,0,0,0.00,0
2026-05-02 19:14:27,381.73,1,0,0,0,0,0,0,0.12,0,1.00,5.27,2.95,4.48,1.00,D,0.00,12.00,12.00,12.00,12.00, ,7.38,,15.40,12.40,0,0.00,47.7,1,0,0.00,0.00,0.00,12.00,0.12,1.00,0,0,0.00,0
2026-05-02 19:14:28,382.74,1,0,0,0,0,0,0,-0.15,0,1.00,5.27,2.95,4.48,1.00,D,0.00,12.00,12.00,12.00,12.00, ,-8.93,,15.20,12.30,0,0.00,47.7,1,0,0.00,0.00,0.00,12.00,-0.15,1.00,0,0,0.00,0
2026-05-02 19:14:29,383.86,1,0,0,0,0,0,0,0.14,0,1.00,5.27,2.96,4.50,1.00,D,0.00,12.00,12.00,12.00,12.00, ,8.36,,15.60,12.40,0,0.00,48.8,1,0,0.00,0.00,0.00,12.00,0.14,1.00,0,0,0.00,0
2026-05-02 19:14:30,384.76,1,0,0,0,0,0,0,0.13,0,1.00,5.27,2.96,4.42,1.00,D,0.00,12.00,12.00,12.00,12.00, ,7.78,,16.20,12.40,0,0.00,48.8,1,0,0.00,0.00,0.00,12.00,0.13,1.00,0,0,0.00,0
2026-05-02 19:14:31,385.76,1,0,0,0,0,0,0,0.09,0,1.00,5.27,2.97,4.49,1.00,D,0.00,12.00,12.00,12.00,12.00, ,5.21,,16.00,12.40,0,0.00,48.3,1,0,0.00,0.00,0.00,12.00,0.09,1.00,0,0,0.00,0
2026-05-02 19:14:32,386.78,1,0,0,0,0,0,0,0.02,0,1.00,5.27,2.97,4.44,1.00,D,0.00,12.00,12.00,12.00,12.00, ,1.37,,16.20,12.50,0,0.00,48.3,1,0,0.00,0.00,0.00,12.00,0.02,1.00,0,0,0.00,0
2026-05-02 19:14:33,387.79,1,0,0,0,0,0,0,0.02,0,1.00,5.27,2.97,4.48,1.00,D,0.00,12.00,12.00,12.00,12.00, ,1.33,,15.40,12.60,0,0.00,46.6,1,0,0.00,0.00,0.00,12.00,0.02,1.00,0,0,0.00,0
2026-05-02 19:14:34,388.80,1,0,0,0,0,0,0,-0.10,0,1.00,5.27,2.98,4.49,1.00,D,0.00,12.00,12.00,12.00,12.00, ,-5.73,,15.90,12.50,0,0.00,48.3,1,0,0.00,0.00,0.00,12.00,-0.10,1.00,0,0,0.00,0
2026-05-02 19:14:35,389.81,1,0,0,0,0,0,0,0.17,0,1.00,5.27,2.98,4.32,1.00,D,0.00,12.00,12.00,12.00,12.00, ,10.12,,15.60,12.70,0,0.00,48.3,1,0,0.00,0.00,0.00,12.00,0.17,1.00,0,0,0.00,0
2026-05-02 19:14:36,390.82,1,0,0,0,0,0,0,0.04,0,1.00,5.27,2.99,4.44,1.00,D,0.00,12.00,12.00,12.00,12.00, ,2.58,,15.90,12.60,0,0.00,47.7,1,0,0.00,0.00,0.00,12.00,0.04,1.00,0,0,0.00,0
2026-05-02 19:14:37,391.84,1,0,0,0,0,0,0,0.17,0,1.00,5.27,2.99,4.33,1.00,D,0.00,12.00,12.00,12.00,12.00, ,10.08,,16.40,12.60,0,0.00,46.6,1,0,0.00,0.00,0.00,12.00,0.17,1.00,0,0,0.00,0
2026-05-02 19:14:38,392.95,1,0,0,0,0,0,0,-0.03,0,1.00,5.27,2.99,4.46,1.00,D,0.00,12.00,12.00,12.00,12.00, ,-1.68,,15.20,12.70,0,0.00,47.2,1,0,0.00,0.00,0.00,12.00,-0.03,1.00,0,0,0.00,0
2026-05-02 19:14:39,393.85,1,0,0,0,0,0,0,0.02,0,1.00,5.27,3.00,4.46,1.00,D,0.00,12.00,12.00,12.00,12.00, ,1.21,,16.90,12.60,0,0.00,46.6,1,0,0.00,0.00,0.00,12.00,0.02,1.00,0,0,0.00,0
2026-05-02 19:14:40,394.86,1,0,0,0,0,0,0,0.15,0,1.00,5.27,3.00,4.50,1.00,D,0.00,12.00,12.00,12.00,12.00, ,9.25,,16.40,12.60,0,0.00,48.3,1,0,0.00,0.00,0.00,12.00,0.15,1.00,0,0,0.00,0
2026-05-02 19:14:41,395.87,1,0,0,0,0,0,0,-0.02,0,1.00,5.27,3.00,4.44,1.00,D,0.00,12.00,12.00,12.00,12.00, ,-1.34,,15.20,12.60,0,0.00,47.7,1,0,0.00,0.00,0.00,12.00,-0.02,1.00,0,0,0.00,0
2026-05-02 19:14:42,396.89,1,0,0,0,0,0,0,-0.00,0,1.00,5.27,3.01,4.42,1.00,D,0.00,12.00,12.00,12.00,12.00, ,-0.12,,16.20,12.50,0,0.00,48.3,1,0,0.00,0.00,0.00,12.00,-0.00,1.00,0,0,0.00,0
2026-05-02 19:14:43,397.90,1,0,0,0,0,0,0,0.21,0,1.00,5.27,3.01,4.46,1.00,D,0.00,12.00,12.00,12.00,12.00, ,12.55,,15.20,12.60,0,0.00,47.7,1,0,0.00,0.00,0.00,12.00,0.21,1.00,0,0,0.00,0
2026-05-02 19:14:44,398.91,1,0,0,0,0,0,0,0.18,0,1.00,5.27,3.02,4.45,1.00,D,0.00,12.00,12.00,12.00,12.00, ,11.07,,14.80,12.60,0,0.00,47.2,1,0,0.00,0.00,0.00,12.00,0.18,1.00,0,0,0.00,0
2026-05-02 19:14:45,399.91,1,0,0,0,0,0,0,0.13,0,1.00,5.27,3.02,4.48,1.00,D,0.00,12.00,12.00,12.00,12.00, ,7.89,,16.20,12.60,0,0.00,48.3,1,0,0.00,0.00,0.00,12.00,0.13,1.00,0,0,0.00,0
2026-05-02 19:14:46,400.92,1,0,0,0,0,0,0,-0.08,0,1.00,5.27,3.02,4.42,1.00,D,0.00,12.00,12.00,12.00,12.00, ,-4.67,,15.80,12.70,0,0.00,46.6,1,0,0.00,0.00,0.00,12.00,-0.08,1.00,0,0,0.00,0
2026-05-02 19:14:47,401.94,1,0,0,0,0,0,0,0.09,0,1.00,5.27,3.03,4.48,1.00,D,0.00,12.00,12.00,12.00,12.00, ,5.41,,14.90,12.60,0,0.00,47.7,1,0,0.00,0.00,0.00,12.00,0.09,1.00,0,0,0.00,0
2026-05-02 19:14:48,403.05,1,0,0,0,0,0,0,0.11,0,1.00,5.27,3.03,4.43,1.00,D,0.00,12.00,12.00,12.00,12.00, ,6.74,,15.80,12.70,0,0.00,48.3,1,0,0.00,0.00,0.00,12.00,0.11,1.00,0,0,0.00,0
2026-05-02 19:14:49,403.95,1,0,0,0,0,0,0,0.08,0,1.00,5.27,3.03,4.50,1.00,D,0.00,12.00,12.00,12.00,12.00, ,4.55,,15.80,12.80,0,0.00,48.3,1,0,0.00,0.00,0.00,12.00,0.08,1.00,0,0,0.00,0
2026-05-02 19:14:50,405.06,1,0,0,0,0,0,0,0.17,0,1.00,5.27,3.04,4.38,1.00,D,0.00,12.00,12.00,12.00,12.00, ,9.93,,15.20,12.60,0,0.00,46.6,1,0,0.00,0.00,0.00,12.00,0.17,1.00,0,0,0.00,0
2026-05-02 19:14:51,405.97,1,0,0,0,0,0,0,-0.06,0,1.00,5.27,3.04,4.51,1.00,D,0.00,12.00,12.00,12.00,12.00, ,-3.54,,16.80,12.60,0,0.00,46.6,1,0,0.00,0.00,0.00,12.00,-0.06,1.00,0,0,0.00,0
2026-05-02 19:14:52,407.08,1,0,0,0,0,0,0,0.18,0,1.00,5.27,3.04,4.53,1.00,D,0.00,12.00,12.00,12.00,12.00, ,11.00,,16.50,12.70,0,0.00,47.7,1,0,0.00,0.00,0.00,12.00,0.18,1.00,0,0,0.00,0
2026-05-02 19:14:53,407.98,1,0,0,0,0,0,0,0.35,0,1.00,5.27,3.05,4.49,1.00,D,0.00,12.00,12.00,12.00,12.00, ,21.00,,16.00,12.60,0,0.00,46.6,1,0,0.00,0.00,0.00,12.00,0.35,1.00,0,0,0.00,0
2026-05-02 19:14:54,409.10,1,0,0,0,0,0,0,0.39,0,1.00,5.27,3.05,4.42,1.00,D,0.00,12.00,12.00,12.00,12.00, ,23.58,,16.60,12.50,0,0.00,47.7,1,0,0.00,0.00,0.00,12.00,0.39,1.00,0,0,0.00,0
2026-05-02 19:14:55,410.00,1,0,0,0,0,0,0,0.37,0,1.00,5.27,3.05,4.29,1.00,D,0.00,12.00,12.00,12.00,12.00, ,21.95,,16.50,12.50,0,0.00,47.7,1,0,0.00,0.00,0.00,12.00,0.37,1.00,0,0,0.00,0
2026-05-02 19:14:56,411.11,1,0,0,0,0,0,0,0.26,0,1.00,5.27,3.06,4.30,1.00,D,0.00,12.00,12.00,12.00,12.00, ,15.84,,15.70,12.60,0,0.00,46.6,1,0,0.00,0.00,0.00,12.00,0.26,1.00,0,0,0.00,0
2026-05-02 19:14:57,412.01,1,0,0,0,0,0,0,0.05,0,1.00,5.27,3.06,4.42,1.00,D,0.00,12.00,12.00,12.00,12.00, ,2.89,,16.80,12.50,0,0.00,46.6,1,0,0.00,0.00,0.00,12.00,0.05,1.00,0,0,0.00,0
2026-05-02 19:14:58,413.02,1,0,0,0,0,0,0,0.03,0,1.00,5.27,3.06,4.38,1.00,D,0.00,12.00,12.00,12.00,12.00, ,2.10,,17.40,12.70,0,0.00,47.7,1,0,0.00,0.00,0.00,12.00,0.03,1.00,0,0,0.00,0
2026-05-02 19:14:59,414.03,1,0,0,0,0,0,0,0.17,0,1.00,5.27,3.07,4.33,1.00,D,0.00,12.00,12.00,12.00,12.00, ,10.48,,15.50,12.50,0,0.00,47.7,1,0,0.00,0.00,0.00,12.00,0.17,1.00,0,0,0.00,0
2026-05-02 19:15:00,415.04,1,0,0,0,0,0,0,0.24,0,1.00,5.27,3.07,4.31,1.00,D,0.00,12.00,12.00,12.00,12.00, ,14.20,,17.00,12.60,0,0.00,47.7,1,0,0.00,0.00,0.00,12.00,0.24,1.00,0,0,0.00,0
2026-05-02 19:15:01,416.06,1,0,0,0,0,0,0,0.11,0,1.00,5.27,3.07,4.40,1.00,D,0.00,12.00,12.00,12.00,12.00, ,6.80,,15.60,12.50,0,0.00,46.6,1,0,0.00,0.00,0.00,12.00,0.11,1.00,0,0,0.00,0
2026-05-02 19:15:02,417.17,1,0,0,0,0,0,0,-0.01,0,1.00,5.27,3.08,4.51,1.00,D,0.00,12.00,12.00,12.00,12.00, ,-0.30,,15.40,12.50,0,0.00,47.2,1,0,0.00,0.00,0.00,12.00,-0.01,1.00,0,0,0.00,0
2026-05-02 19:15:03,418.07,1,0,0,0,0,0,0,0.14,0,1.00,5.27,3.08,4.40,1.00,D,0.00,12.00,12.00,12.00,12.00, ,8.23,,15.80,12.30,0,0.00,47.2,1,0,0.00,0.00,0.00,12.00,0.14,1.00,0,0,0.00,0
2026-05-02 19:15:04,419.18,1,0,0,0,0,0,0,0.02,0,1.00,5.27,3.08,4.45,1.00,D,0.00,12.00,12.00,12.00,12.00, ,1.25,,16.00,12.40,0,0.00,46.6,1,0,0.00,0.00,0.00,12.00,0.02,1.00,0,0,0.00,0
2026-05-02 19:15:05,420.08,1,0,0,0,0,0,0,0.17,0,1.00,5.27,3.09,4.44,1.00,D,0.00,12.00,12.00,12.00,12.00, ,10.36,,15.00,12.40,0,0.00,46.6,1,0,0.00,0.00,0.00,12.00,0.17,1.00,0,0,0.00,0
2026-05-02 19:15:06,421.10,1,0,0,0,0,0,0,-0.07,0,1.00,5.27,3.09,4.46,1.00,D,0.00,12.00,12.00,12.00,12.00, ,-4.31,,16.50,12.40,0,0.00,48.8,1,0,0.00,0.00,0.00,12.00,-0.07,1.00,0,0,0.00,0
2026-05-02 19:15:07,422.11,1,0,0,0,0,0,0,0.13,0,1.00,5.27,3.09,4.52,1.00,D,0.00,12.00,12.00,12.00,12.00, ,7.59,,16.20,12.40,0,0.00,46.6,1,0,0.00,0.00,0.00,12.00,0.13,1.00,0,0,0.00,0
2026-05-02 19:15:08,423.12,1,0,0,0,0,0,0,0.07,0,1.00,5.27,3.10,4.40,1.00,D,0.00,12.00,12.00,12.00,12.00, ,4.20,,12.90,12.30,0,0.00,47.2,1,0,0.00,0.00,0.00,12.00,0.07,1.00,0,0,0.00,0
2026-05-02 19:15:09,424.13,1,0,0,0,0,0,0,0.02,0,1.00,5.27,3.10,4.43,1.00,D,0.00,12.00,12.00,12.00,12.00, ,1.47,,14.10,12.30,0,0.00,48.8,1,0,0.00,0.00,0.00,12.00,0.02,1.00,0,0,0.00,0
2026-05-02 19:15:10,425.14,1,0,0,0,0,0,0,0.09,0,1.00,5.27,3.10,4.44,1.00,D,0.00,12.00,12.00,12.00,12.00, ,5.26,,13.70,12.30,0,0.00,48.3,1,0,0.00,0.00,0.00,12.00,0.09,1.00,0,0,0.00,0
2026-05-02 19:15:11,426.16,1,0,0,0,0,0,0,0.10,0,1.00,5.27,3.11,4.43,1.00,D,0.00,12.00,12.00,12.00,12.00, ,5.74,,13.50,12.40,0,0.00,47.2,1,0,0.00,0.00,0.00,12.00,0.10,1.00,0,0,0.00,0
2026-05-02 19:15:12,427.16,1,0,0,0,0,0,0,0.16,0,1.00,5.27,3.11,4.54,1.00,D,0.00,12.00,12.00,12.00,12.00, ,9.66,,15.10,12.40,0,0.00,48.8,1,0,0.00,0.00,0.00,12.00,0.16,1.00,0,0,0.00,0
2026-05-02 19:15:13,428.18,1,0,0,0,0,0,0,0.03,0,1.00,5.27,3.11,4.54,1.00,D,0.00,12.00,12.00,12.00,12.00, ,1.67,,16.50,12.40,0,0.00,47.2,1,0,0.00,0.00,0.00,12.00,0.03,1.00,0,0,0.00,0
2026-05-02 19:15:14,429.19,1,0,0,0,0,0,0,0.13,0,1.00,5.27,3.12,4.37,1.00,D,0.00,12.00,12.00,12.00,12.00, ,7.68,,14.80,12.40,0,0.00,47.2,1,0,0.00,0.00,0.00,12.00,0.13,1.00,0,0,0.00,0
2026-05-02 19:15:15,430.19,1,0,0,0,0,0,0,-0.04,0,1.00,5.27,3.12,4.47,1.00,D,0.00,12.00,12.00,12.00,12.00, ,-2.30,,16.60,12.40,0,0.00,48.3,1,0,0.00,0.00,0.00,12.00,-0.04,1.00,0,0,0.00,0
2026-05-02 19:15:16,431.21,1,0,0,0,0,0,0,0.13,0,1.00,5.27,3.12,4.37,1.00,D,0.00,12.00,12.00,12.00,12.00, ,7.55,,16.20,12.40,0,0.00,46.6,1,0,0.00,0.00,0.00,12.00,0.13,1.00,0,0,0.00,0
2026-05-02 19:15:17,432.22,1,0,0,0,0,0,0,0.25,0,1.00,5.27,3.13,4.68,1.00,D,0.00,12.00,12.00,12.00,12.00, ,15.01,,15.00,12.40,0,0.00,46.6,1,0,0.00,0.00,0.00,12.00,0.25,1.00,0,0,0.00,0
2026-05-02 19:15:19,433.33,1,0,0,0,0,0,0,0.02,0,1.00,5.27,3.13,4.35,1.00,D,0.00,12.00,12.00,12.00,12.00, ,0.91,,16.40,12.40,0,0.00,46.6,1,0,0.00,0.00,0.00,12.00,0.02,1.00,0,0,0.00,0
2026-05-02 19:15:19,434.24,1,0,0,0,0,0,0,-0.07,0,1.00,5.27,3.13,4.17,1.00,D,0.00,12.00,12.00,12.00,12.00, ,-4.16,,15.80,12.40,0,0.00,47.2,1,0,0.00,0.00,0.00,12.00,-0.07,1.00,0,0,0.00,0
2026-05-02 19:15:20,435.25,1,0,0,0,0,0,0,0.01,0,1.00,5.27,3.13,4.51,1.00,D,0.00,12.00,12.00,12.00,12.00, ,0.64,,15.50,12.40,0,0.00,47.7,1,0,0.00,0.00,0.00,12.00,0.01,1.00,0,0,0.00,0
2026-05-02 19:15:21,436.26,1,0,0,0,0,0,0,0.21,0,1.00,5.27,3.14,4.54,1.00,D,0.00,12.00,12.00,12.00,12.00, ,12.44,,16.00,12.30,0,0.00,46.6,1,0,0.00,0.00,0.00,12.00,0.21,1.00,0,0,0.00,0
2026-05-02 19:15:23,437.27,1,0,0,0,0,0,0,0.20,0,1.00,5.27,3.14,4.35,1.00,D,0.00,12.00,12.00,12.00,12.00, ,12.20,,15.70,12.30,0,0.00,47.7,1,0,0.00,0.00,0.00,12.00,0.20,1.00,0,0,0.00,0
2026-05-02 19:15:24,438.28,1,0,0,0,0,0,0,-0.07,0,1.00,5.27,3.14,4.57,1.00,D,0.00,12.00,12.00,12.00,12.00, ,-3.92,,15.90,12.30,0,0.00,47.7,1,0,0.00,0.00,0.00,12.00,-0.07,1.00,0,0,0.00,0
2026-05-02 19:15:25,439.28,1,0,0,0,0,0,0,-0.23,0,1.00,5.27,3.15,4.48,1.00,D,0.00,12.00,12.00,12.00,12.00, ,-13.78,,15.50,12.30,0,0.00,47.7,1,0,0.00,0.00,0.00,12.00,-0.23,1.00,0,0,0.00,0
2026-05-02 19:15:26,440.30,1,0,0,0,0,0,0,0.18,0,1.00,5.27,3.15,4.27,1.00,D,0.00,12.00,12.00,12.00,12.00, ,10.84,,15.60,12.30,0,0.00,46.6,1,0,0.00,0.00,0.00,12.00,0.18,1.00,0,0,0.00,0
2026-05-02 19:15:27,441.31,1,0,0,0,0,0,0,-0.03,0,1.00,5.27,3.15,4.59,1.00,D,0.00,12.00,12.00,12.00,12.00, ,-2.07,,15.00,12.30,0,0.00,47.7,1,0,0.00,0.00,0.00,12.00,-0.03,1.00,0,0,0.00,0
2026-05-02 19:15:28,442.32,1,0,0,0,0,0,0,0.27,0,1.00,5.27,3.16,4.55,1.00,D,0.00,12.00,12.00,12.00,12.00, ,16.11,,15.90,12.30,0,0.00,46.6,1,0,0.00,0.00,0.00,12.00,0.27,1.00,0,0,0.00,0
2026-05-02 19:15:29,443.43,1,0,0,0,0,0,0,-0.07,0,1.00,5.27,3.16,4.64,1.00,D,0.00,12.00,12.00,12.00,12.00, ,-4.33,,15.30,12.30,0,0.00,48.3,1,0,0.00,0.00,0.00,12.00,-0.07,1.00,0,0,0.00,0
2026-05-02 19:15:30,444.34,1,0,0,0,0,0,0,-0.06,0,1.00,5.27,3.16,4.73,1.00,D,0.00,12.00,12.00,12.00,12.00, ,-3.45,,16.20,12.30,0,0.00,47.2,1,0,0.00,0.00,0.00,12.00,-0.06,1.00,0,0,0.00,0
2026-05-02 19:15:31,445.35,1,0,0,0,0,0,0,0.08,0,1.00,5.27,3.17,4.81,1.00,D,0.00,12.00,12.00,12.00,12.00, ,4.62,,15.40,12.30,0,0.00,46.6,1,0,0.00,0.00,0.00,12.00,0.08,1.00,0,0,0.00,0
2026-05-02 19:15:32,446.36,1,0,0,0,0,0,0,0.23,0,1.00,5.27,3.17,4.72,1.00,D,0.00,12.00,12.00,12.00,12.00, ,13.96,,15.50,12.30,0,0.00,48.3,1,0,0.00,0.00,0.00,12.00,0.23,1.00,0,0,0.00,0
2026-05-02 19:15:33,447.37,1,0,0,0,0,0,0,0.20,0,1.00,5.27,3.17,4.69,1.00,D,0.00,12.00,12.00,12.00,12.00, ,12.13,,15.40,12.30,0,0.00,47.7,1,0,0.00,0.00,0.00,12.00,0.20,1.00,0,0,0.00,0
2026-05-02 19:15:34,448.38,1,0,0,0,0,0,0,0.15,0,1.00,5.27,3.18,4.75,1.00,D,0.00,12.00,12.00,12.00,12.00, ,9.30,,17.30,12.30,0,0.00,47.7,1,0,0.00,0.00,0.00,12.00,0.15,1.00,0,0,0.00,0
2026-05-02 19:15:35,449.39,1,0,0,0,0,0,0,-0.22,0,1.00,5.27,3.18,4.85,1.00,D,0.00,12.00,12.00,12.00,12.00, ,-13.26,,14.50,12.30,0,0.00,46.1,1,0,0.00,0.00,0.00,12.00,-0.22,1.00,0,0,0.00,0
2026-05-02 19:15:36,450.40,1,0,0,0,0,0,0,0.02,0,1.00,5.27,3.18,4.83,1.00,D,0.00,12.00,12.00,12.00,12.00, ,1.39,,13.70,12.30,0,0.00,47.2,1,0,0.00,0.00,0.00,12.00,0.02,1.00,0,0,0.00,0
2026-05-02 19:15:37,451.41,1,0,0,0,0,0,0,0.14,0,1.00,5.27,3.19,4.62,1.00,D,0.00,12.00,12.00,12.00,12.00, ,8.57,,14.00,12.30,0,0.00,48.8,1,0,0.00,0.00,0.00,12.00,0.14,1.00,0,0,0.00,0
2026-05-02 19:15:38,452.43,1,0,0,0,0,0,0,0.14,0,1.00,5.27,3.19,4.85,1.00,D,0.00,12.00,12.00,12.00,12.00, ,8.44,,13.10,12.30,0,0.00,49.4,1,0,0.00,0.00,0.00,12.00,0.14,1.00,0,0,0.00,0
2026-05-02 19:15:39,453.54,1,0,0,0,0,0,0,0.18,0,1.00,5.27,3.19,4.71,1.00,D,0.00,12.00,12.00,12.00,12.00, ,10.92,,13.80,12.30,0,0.00,47.7,1,0,0.00,0.00,0.00,12.00,0.18,1.00,0,0,0.00,0
2026-05-02 19:15:40,454.44,1,0,0,0,0,0,0,-0.04,0,1.00,5.27,3.20,4.84,1.00,D,0.00,12.00,12.00,12.00,12.00, ,-2.34,,16.20,12.30,0,0.00,48.3,1,0,0.00,0.00,0.00,12.00,-0.04,1.00,0,0,0.00,0
2026-05-02 19:15:41,455.45,1,0,0,0,0,0,0,0.21,0,1.00,5.27,3.20,4.79,1.00,D,0.00,12.00,12.00,12.00,12.00, ,12.83,,14.80,12.20,0,0.00,47.2,1,0,0.00,0.00,0.00,12.00,0.21,1.00,0,0,0.00,0
2026-05-02 19:15:42,456.47,1,0,0,0,0,0,0,0.20,0,1.00,5.27,3.21,4.64,1.00,D,0.00,12.00,12.00,12.00,12.00, ,11.85,,15.90,12.20,0,0.00,46.6,1,0,0.00,0.00,0.00,12.00,0.20,1.00,0,0,0.00,0
2026-05-02 19:15:43,457.58,1,0,0,0,0,0,0,0.13,0,1.00,5.27,3.21,4.61,1.00,D,0.00,12.00,12.00,12.00,12.00, ,8.00,,16.00,12.30,0,0.00,48.3,1,0,0.00,0.00,0.00,12.00,0.13,1.00,0,0,0.00,0
2026-05-02 19:15:44,458.48,1,0,0,0,0,0,0,0.01,0,1.00,5.27,3.21,4.72,1.00,D,0.00,12.00,12.00,12.00,12.00, ,0.33,,15.00,12.20,0,0.00,48.8,1,0,0.00,0.00,0.00,12.00,0.01,1.00,0,0,0.00,0
2026-05-02 19:15:45,459.49,1,0,0,0,0,0,0,0.23,0,1.00,5.27,3.22,4.54,1.00,D,0.00,12.00,12.00,12.00,12.00, ,14.05,,16.50,12.30,0,0.00,47.2,1,0,0.00,0.00,0.00,12.00,0.23,1.00,0,0,0.00,0
2026-05-02 19:15:46,460.50,1,0,0,0,0,0,0,0.08,0,1.00,5.27,3.22,4.60,1.00,D,0.00,12.00,12.00,12.00,12.00, ,4.81,,16.00,12.30,0,0.00,47.7,1,0,0.00,0.00,0.00,12.00,0.08,1.00,0,0,0.00,0
2026-05-02 19:15:47,461.51,1,0,0,0,0,0,0,-0.18,0,1.00,5.27,3.22,4.68,1.00,D,0.00,12.00,12.00,12.00,12.00, ,-10.56,,15.20,12.30,0,0.00,46.6,1,0,0.00,0.00,0.00,12.00,-0.18,1.00,0,0,0.00,0
2026-05-02 19:15:48,462.52,1,0,0,0,0,0,0,0.17,0,1.00,5.27,3.22,4.69,1.00,D,0.00,12.00,12.00,12.00,12.00, ,10.09,,15.70,12.30,0,0.00,47.7,1,0,0.00,0.00,0.00,12.00,0.17,1.00,0,0,0.00,0
2026-05-02 19:15:49,463.54,1,0,0,0,0,0,0,0.23,0,1.00,5.27,3.23,4.46,1.00,D,0.00,12.00,12.00,12.00,12.00, ,14.01,,14.30,12.30,0,0.00,48.3,1,0,0.00,0.00,0.00,12.00,0.23,1.00,0,0,0.00,0
2026-05-02 19:15:50,464.55,1,0,0,0,0,0,0,-0.10,0,1.00,5.27,3.23,4.63,1.00,D,0.00,12.00,12.00,12.00,12.00, ,-6.24,,12.40,12.30,0,0.00,47.2,1,0,0.00,0.00,0.00,12.00,-0.10,1.00,0,0,0.00,0
2026-05-02 19:15:51,465.56,1,0,0,0,0,0,0,0.22,0,1.00,5.27,3.23,4.64,1.00,D,0.00,12.00,12.00,12.00,12.00, ,12.97,,13.50,12.30,0,0.00,48.8,1,0,0.00,0.00,0.00,12.00,0.22,1.00,0,0,0.00,0
2026-05-02 19:15:52,466.57,1,0,0,0,0,0,0,0.29,0,1.00,5.27,3.24,4.36,1.00,D,0.00,12.00,12.00,12.00,12.00, ,17.66,,13.40,12.30,0,0.00,47.7,1,0,0.00,0.00,0.00,12.00,0.29,1.00,0,0,0.00,0
2026-05-02 19:15:53,467.58,1,0,0,0,0,0,0,0.19,0,1.00,5.27,3.24,4.51,1.00,D,0.00,12.00,12.00,12.00,12.00, ,11.44,,13.70,12.30,0,0.00,47.2,1,0,0.00,0.00,0.00,12.00,0.19,1.00,0,0,0.00,0
2026-05-02 19:15:54,468.60,1,0,0,0,0,0,0,0.33,0,1.00,5.27,3.24,4.26,1.00,D,0.00,12.00,12.00,12.00,12.00, ,20.02,,14.40,12.30,0,0.00,46.6,1,0,0.00,0.00,0.00,12.00,0.33,1.00,0,0,0.00,0
2026-05-02 19:15:55,469.61,1,0,0,0,0,0,0,-0.10,0,1.00,5.27,3.24,4.44,1.00,D,0.00,12.00,12.00,12.00,12.00, ,-5.87,,15.20,12.30,0,0.00,48.3,1,0,0.00,0.00,0.00,12.00,-0.10,1.00,0,0,0.00,0
2026-05-02 19:15:56,470.63,1,0,0,0,0,0,0,0.01,0,1.00,5.27,3.25,4.52,1.00,D,0.00,12.00,12.00,12.00,12.00, ,0.68,,15.70,12.30,0,0.00,46.6,1,0,0.00,0.00,0.00,12.00,0.01,1.00,0,0,0.00,0
2026-05-02 19:15:57,471.63,1,0,0,0,0,0,0,0.09,0,1.00,5.27,3.25,4.54,1.00,D,0.00,12.00,12.00,12.00,12.00, ,5.67,,16.40,12.30,0,0.00,47.7,1,0,0.00,0.00,0.00,12.00,0.09,1.00,0,0,0.00,0
2026-05-02 19:15:58,472.64,1,0,0,0,0,0,0,0.24,0,1.00,5.27,3.25,4.44,1.00,D,0.00,12.00,12.00,12.00,12.00, ,14.39,,15.40,12.30,0,0.00,47.7,1,0,0.00,0.00,0.00,12.00,0.24,1.00,0,0,0.00,0
2026-05-02 19:15:59,473.75,1,0,0,0,0,0,0,0.08,0,1.00,5.27,3.25,4.43,1.00,D,0.00,12.00,12.00,12.00,12.00, ,4.86,,15.00,12.30,0,0.00,48.3,1,0,0.00,0.00,0.00,12.00,0.08,1.00,0,0,0.00,0
2026-05-02 19:16:00,474.66,1,0,0,0,0,0,0,-0.05,0,1.00,5.27,3.26,4.47,1.00,D,0.00,12.00,12.00,12.00,12.00, ,-3.09,,15.90,12.30,0,0.00,47.2,1,0,0.00,0.00,0.00,12.00,-0.05,1.00,0,0,0.00,0
2026-05-02 19:16:01,475.67,1,0,0,0,0,0,0,0.14,0,1.00,5.27,3.26,4.54,1.00,D,0.00,12.00,12.00,12.00,12.00, ,8.53,,16.20,12.20,0,0.00,47.2,1,0,0.00,0.00,0.00,12.00,0.14,1.00,0,0,0.00,0
2026-05-02 19:16:02,476.68,1,0,0,0,0,0,0,0.13,0,1.00,5.27,3.26,4.46,1.00,D,0.00,12.00,12.00,12.00,12.00, ,7.61,,15.90,12.30,0,0.00,47.2,1,0,0.00,0.00,0.00,12.00,0.13,1.00,0,0,0.00,0
2026-05-02 19:16:03,477.79,1,0,0,0,0,0,0,0.04,0,1.00,5.27,3.26,4.51,1.00,D,0.00,12.00,12.00,12.00,12.00, ,2.11,,16.20,12.20,0,0.00,47.7,1,0,0.00,0.00,0.00,12.00,0.04,1.00,0,0,0.00,0
2026-05-02 19:16:04,478.69,1,0,0,0,0,0,0,0.11,0,1.00,5.27,3.27,4.37,1.00,D,0.00,12.00,12.00,12.00,12.00, ,6.58,,15.20,12.20,0,0.00,46.6,1,0,0.00,0.00,0.00,12.00,0.11,1.00,0,0,0.00,0
2026-05-02 19:16:05,479.71,1,0,0,0,0,0,0,0.15,0,1.00,5.27,3.27,4.47,1.00,D,0.00,12.00,12.00,12.00,12.00, ,9.08,,24.20,12.30,0,0.00,48.3,1,0,0.00,0.00,0.00,12.00,0.15,1.00,0,0,0.00,0
2026-05-02 19:16:06,480.71,1,0,0,0,0,0,0,-0.03,0,1.00,5.27,3.27,4.51,1.00,D,0.00,12.00,12.00,12.00,12.00, ,-1.51,,16.30,12.30,0,0.00,47.2,1,0,0.00,0.00,0.00,12.00,-0.03,1.00,0,0,0.00,0
2026-05-02 19:16:07,481.72,1,0,0,0,0,0,0,0.24,0,1.00,5.27,3.28,4.56,1.00,D,0.00,12.00,12.00,12.00,12.00, ,14.16,,12.40,12.30,0,0.00,48.8,1,0,0.00,0.00,0.00,12.00,0.24,1.00,0,0,0.00,0
2026-05-02 19:16:08,482.74,1,0,0,0,0,0,0,0.29,0,1.00,5.27,3.28,4.38,1.00,D,0.00,12.00,12.00,12.00,12.00, ,17.15,,13.30,12.30,0,0.00,48.8,1,0,0.00,0.00,0.00,12.00,0.29,1.00,0,0,0.00,0
2026-05-02 19:16:09,483.76,1,0,0,0,0,0,0,0.40,0,1.00,5.27,3.28,4.32,1.00,D,0.00,12.00,12.00,12.00,12.00, ,24.12,,26.00,12.30,0,0.00,49.9,1,0,0.00,0.00,0.00,12.00,0.40,1.00,0,0,0.00,0
2026-05-02 19:16:10,484.76,1,0,0,0,0,0,0,0.37,0,1.00,5.27,3.28,4.34,1.00,D,0.00,12.00,12.00,12.00,12.00, ,22.23,,17.70,12.30,0,0.00,48.8,1,0,0.00,0.00,0.00,12.00,0.37,1.00,0,0,0.00,0
2026-05-02 19:16:11,485.87,1,0,0,0,0,0,0,0.19,0,1.00,5.27,3.28,4.54,1.00,D,0.00,12.00,12.00,12.00,12.00, ,11.27,,15.80,12.30,0,0.00,48.3,1,0,0.00,0.00,0.00,12.00,0.19,1.00,0,0,0.00,0
2026-05-02 19:16:12,486.78,1,0,0,0,0,0,0,0.15,0,1.00,5.27,3.29,4.55,1.00,D,0.00,12.00,12.00,12.00,12.00, ,9.13,,15.50,12.30,0,0.00,47.7,1,0,0.00,0.00,0.00,12.00,0.15,1.00,0,0,0.00,0
2026-05-02 19:16:13,487.79,1,0,0,0,0,0,0,0.07,0,1.00,5.27,3.29,4.40,1.00,D,0.00,12.00,12.00,12.00,12.00, ,4.20,,15.30,12.30,0,0.00,48.3,1,0,0.00,0.00,0.00,12.00,0.07,1.00,0,0,0.00,0
2026-05-02 19:16:14,488.81,1,0,0,0,0,0,0,0.04,0,1.00,5.27,3.29,4.17,1.00,D,0.00,12.00,12.00,12.00,12.00, ,2.24,,16.20,12.30,0,0.00,48.8,1,0,0.00,0.00,0.00,12.00,0.04,1.00,0,0,0.00,0
2026-05-02 19:16:15,489.92,1,0,0,0,0,0,0,-0.01,0,1.00,5.27,3.29,4.27,1.00,D,0.00,12.00,12.00,12.00,12.00, ,-0.60,,15.30,12.30,0,0.00,46.6,1,0,0.00,0.00,0.00,12.00,-0.01,1.00,0,0,0.00,0
2026-05-02 19:16:16,490.83,1,0,0,0,0,0,0,0.04,0,1.00,5.27,3.29,4.29,1.00,D,0.00,12.00,12.00,12.00,12.00, ,2.14,,16.10,12.30,0,0.00,47.7,1,0,0.00,0.00,0.00,12.00,0.04,1.00,0,0,0.00,0
2026-05-02 19:16:17,491.94,1,0,0,0,0,0,0,0.06,0,1.00,5.27,3.30,4.27,1.00,D,0.00,12.00,12.00,12.00,12.00, ,3.56,,15.80,12.30,0,0.00,47.7,1,0,0.00,0.00,0.00,12.00,0.06,1.00,0,0,0.00,0
2026-05-02 19:16:18,492.85,1,0,0,0,0,0,0,0.14,0,1.00,5.27,3.30,4.29,1.00,D,0.00,12.00,12.00,12.00,12.00, ,8.34,,15.90,12.30,0,0.00,47.7,1,0,0.00,0.00,0.00,12.00,0.14,1.00,0,0,0.00,0
2026-05-02 19:16:19,493.96,1,0,0,0,0,0,0,0.09,0,1.00,5.27,3.30,4.30,1.00,D,0.00,12.00,12.00,12.00,12.00, ,5.65,,15.00,12.30,0,0.00,46.6,1,0,0.00,0.00,0.00,12.00,0.09,1.00,0,0,0.00,0
2026-05-02 19:16:20,494.86,1,0,0,0,0,0,0,0.02,0,1.00,5.27,3.30,4.25,1.00,D,0.00,12.00,12.00,12.00,12.00, ,1.37,,15.20,12.30,0,0.00,47.7,1,0,0.00,0.00,0.00,12.00,0.02,1.00,0,0,0.00,0
2026-05-02 19:16:21,495.88,1,0,0,0,0,0,0,0.01,0,1.00,5.27,3.30,4.21,1.00,D,0.00,12.00,12.00,12.00,12.00, ,0.76,,16.20,12.30,0,0.00,46.6,1,0,0.00,0.00,0.00,12.00,0.01,1.00,0,0,0.00,0
2026-05-02 19:16:22,496.89,1,0,0,0,0,0,0,0.12,0,1.00,5.27,3.31,4.21,1.00,D,0.00,12.00,12.00,12.00,12.00, ,6.95,,14.70,12.20,0,0.00,46.6,1,0,0.00,0.00,0.00,12.00,0.12,1.00,0,0,0.00,0
2026-05-02 19:16:23,497.90,1,0,0,0,0,0,0,0.03,0,1.00,5.27,3.31,4.17,1.00,D,0.00,12.00,12.00,12.00,12.00, ,2.03,,15.20,12.20,0,0.00,46.1,1,0,0.00,0.00,0.00,12.00,0.03,1.00,0,0,0.00,0
2026-05-02 19:16:24,498.91,1,0,0,0,0,0,0,0.15,0,1.00,5.27,3.31,4.06,1.00,D,0.00,12.00,12.00,12.00,12.00, ,8.80,,15.70,12.30,0,0.00,46.1,1,0,0.00,0.00,0.00,12.00,0.15,1.00,0,0,0.00,0
2026-05-02 19:16:25,499.92,1,0,0,0,0,0,0,-0.09,0,1.00,5.27,3.31,4.16,1.00,D,0.00,12.00,12.00,12.00,12.00, ,-5.54,,15.00,12.30,0,0.00,47.7,1,0,0.00,0.00,0.00,12.00,-0.09,1.00,0,0,0.00,0
2026-05-02 19:16:26,500.93,1,0,0,0,0,0,0,-0.28,0,1.00,5.27,3.31,4.23,1.00,D,0.00,12.00,12.00,12.00,12.00, ,-16.51,,15.80,12.30,0,0.00,47.2,1,0,0.00,0.00,0.00,12.00,-0.28,1.00,0,0,0.00,0
2026-05-02 19:16:27,501.93,1,0,0,0,0,0,0,-0.22,0,1.00,5.27,3.32,4.30,1.00,D,0.00,12.00,12.00,12.00,12.00, ,-12.96,,17.10,12.30,0,0.00,46.6,1,0,0.00,0.00,0.00,12.00,-0.22,1.00,0,0,0.00,0
2026-05-02 19:16:28,502.94,1,0,0,0,0,0,0,0.08,0,1.00,5.27,3.32,4.26,1.00,D,0.00,12.00,12.00,12.00,12.00, ,4.52,,15.60,12.30,0,0.00,47.2,1,0,0.00,0.00,0.00,12.00,0.08,1.00,0,0,0.00,0
2026-05-02 19:16:29,504.06,1,0,0,0,0,0,0,-0.11,0,1.00,5.27,3.32,4.18,1.00,D,0.00,12.00,12.00,12.00,12.00, ,-6.77,,15.40,12.30,0,0.00,47.2,1,0,0.00,0.00,0.00,12.00,-0.11,1.00,0,0,0.00,0
2026-05-02 19:16:30,504.96,1,0,0,0,0,0,0,0.10,0,1.00,5.27,3.32,4.26,1.00,D,0.00,12.00,12.00,12.00,12.00, ,5.78,,15.60,12.30,0,0.00,46.6,1,0,0.00,0.00,0.00,12.00,0.10,1.00,0,0,0.00,0
2026-05-02 19:16:31,505.97,1,0,0,0,0,0,0,0.03,0,1.00,5.27,3.32,4.00,1.00,D,0.00,12.00,12.00,12.00,12.00, ,1.77,,15.60,12.30,0,0.00,47.2,1,0,0.00,0.00,0.00,12.00,0.03,1.00,0,0,0.00,0
2026-05-02 19:16:32,506.98,1,0,0,0,0,0,0,0.04,0,1.00,5.27,3.32,4.11,1.00,D,0.00,12.00,12.00,12.00,12.00, ,2.50,,15.60,12.20,0,0.00,46.6,1,0,0.00,0.00,0.00,12.00,0.04,1.00,0,0,0.00,0
2026-05-02 19:16:33,507.99,1,0,0,0,0,0,0,0.02,0,1.00,5.27,3.32,4.14,1.00,D,0.00,12.00,12.00,12.00,12.00, ,0.92,,15.30,12.30,0,0.00,47.7,1,0,0.00,0.00,0.00,12.00,0.02,1.00,0,0,0.00,0
2026-05-02 19:16:34,509.00,1,0,0,0,0,0,0,0.05,0,1.00,5.27,3.33,4.02,1.00,D,0.00,12.00,12.00,12.00,12.00, ,3.26,,15.10,12.30,0,0.00,46.6,1,0,0.00,0.00,0.00,12.00,0.05,1.00,0,0,0.00,0
2026-05-02 19:16:35,510.01,1,0,0,0,0,0,0,0.07,0,1.00,5.27,3.33,3.84,1.00,D,0.00,12.00,12.00,12.00,12.00, ,4.25,,15.50,12.30,0,0.00,47.2,1,0,0.00,0.00,0.00,12.00,0.07,1.00,0,0,0.00,0
2026-05-02 19:16:36,511.02,1,0,0,0,0,0,0,0.02,0,1.00,5.27,3.33,4.00,1.00,D,0.00,12.00,12.00,12.00,12.00, ,0.96,,16.30,12.30,0,0.00,46.1,1,0,0.00,0.00,0.00,12.00,0.02,1.00,0,0,0.00,0
2026-05-02 19:16:37,512.04,1,0,0,0,0,0,0,0.04,0,1.00,5.27,3.33,4.00,1.00,D,0.00,12.00,12.00,12.00,12.00, ,2.12,,15.60,12.30,0,0.00,47.2,1,0,0.00,0.00,0.00,12.00,0.04,1.00,0,0,0.00,0
2026-05-02 19:16:38,513.04,1,0,0,0,0,0,0,0.05,0,1.00,5.27,3.33,3.77,1.00,D,0.00,12.00,12.00,12.00,12.00, ,3.07,,15.50,12.30,0,0.00,46.1,1,0,0.00,0.00,0.00,12.00,0.05,1.00,0,0,0.00,0
2026-05-02 19:16:39,514.05,1,0,0,0,0,0,0,-0.04,0,1.00,5.27,3.33,3.74,1.00,D,0.00,12.00,12.00,12.00,12.00, ,-2.37,,23.20,12.30,0,0.00,47.7,1,0,0.00,0.00,0.00,12.00,-0.04,1.00,0,0,0.00,0
2026-05-02 19:16:40,515.06,1,0,0,0,0,0,0,0.06,0,1.00,5.27,3.33,3.69,1.00,D,0.00,12.00,12.00,12.00,12.00, ,3.70,,13.60,12.30,0,0.00,46.6,1,0,0.00,0.00,0.00,12.00,0.06,1.00,0,0,0.00,0
2026-05-02 19:16:41,516.07,1,0,0,0,0,0,0,-0.05,0,1.00,5.27,3.33,3.72,1.00,D,0.00,12.00,12.00,12.00,12.00, ,-3.00,,11.90,12.30,0,0.00,48.8,1,0,0.00,0.00,0.00,12.00,-0.05,1.00,0,0,0.00,0
2026-05-02 19:16:42,517.08,1,0,0,0,0,0,0,0.05,0,1.00,5.27,3.33,3.65,1.00,D,0.00,12.00,12.00,12.00,12.00, ,2.84,,12.90,12.20,0,0.00,47.2,1,0,0.00,0.00,0.00,12.00,0.05,1.00,0,0,0.00,0
2026-05-02 19:16:43,518.19,1,0,0,0,0,0,0,-0.01,0,1.00,5.27,3.33,3.67,1.00,D,0.00,12.00,12.00,12.00,12.00, ,-0.49,,13.40,12.30,0,0.00,47.2,1,0,0.00,0.00,0.00,12.00,-0.01,1.00,0,0,0.00,0
2026-05-02 19:16:44,519.10,1,0,0,0,0,0,0,-0.04,0,1.00,5.27,3.34,3.71,1.00,D,0.00,12.00,12.00,12.00,12.00, ,-2.32,,13.80,12.30,0,0.00,47.7,1,0,0.00,0.00,0.00,12.00,-0.04,1.00,0,0,0.00,0
2026-05-02 19:16:45,520.21,1,0,0,0,0,0,0,0.05,0,1.00,5.27,3.34,3.71,1.00,D,0.00,12.00,12.00,12.00,12.00, ,3.25,,18.20,12.30,0,0.00,48.3,1,0,0.00,0.00,0.00,12.00,0.05,1.00,0,0,0.00,0
2026-05-02 19:16:46,521.11,1,0,0,0,0,0,0,0.13,0,1.00,5.27,3.34,3.73,1.00,D,0.00,12.00,12.00,12.00,12.00, ,7.63,,12.90,12.30,0,0.00,48.3,1,0,0.00,0.00,0.00,12.00,0.13,1.00,0,0,0.00,0
2026-05-02 19:16:47,522.13,1,0,0,0,0,0,0,0.10,0,1.00,5.27,3.34,3.80,1.00,D,0.00,12.00,12.00,12.00,12.00, ,5.88,,13.40,12.30,0,0.00,48.3,1,0,0.00,0.00,0.00,12.00,0.10,1.00,0,0,0.00,0
2026-05-02 19:16:48,523.14,1,0,0,0,0,0,0,0.05,0,1.00,5.27,3.34,3.85,1.00,D,0.00,12.00,12.00,12.00,12.00, ,3.16,,14.10,12.30,0,0.00,48.8,1,0,0.00,0.00,0.00,12.00,0.05,1.00,0,0,0.00,0
2026-05-02 19:16:49,524.15,1,0,0,0,0,0,0,0.02,0,1.00,5.27,3.34,3.81,1.00,D,0.00,12.00,12.00,12.00,12.00, ,0.91,,12.60,12.30,0,0.00,47.7,1,0,0.00,0.00,0.00,12.00,0.02,1.00,0,0,0.00,0
2026-05-02 19:16:50,525.16,1,0,0,0,0,0,0,0.00,0,1.00,5.27,3.34,3.77,1.00,D,0.00,12.00,12.00,12.00,12.00, ,0.10,,13.50,12.20,0,0.00,48.8,1,0,0.00,0.00,0.00,12.00,0.00,1.00,0,0,0.00,0
2026-05-02 19:16:51,526.17,1,0,0,0,0,0,0,0.13,0,1.00,5.27,3.34,3.88,1.00,D,0.00,12.00,12.00,12.00,12.00, ,7.87,,14.40,12.20,0,0.00,47.2,1,0,0.00,0.00,0.00,12.00,0.13,1.00,0,0,0.00,0
2026-05-02 19:16:52,527.19,1,0,0,0,0,0,0,0.17,0,1.00,5.27,3.34,3.82,1.00,D,0.00,12.00,12.00,12.00,12.00, ,10.37,,13.20,12.20,0,0.00,48.3,1,0,0.00,0.00,0.00,12.00,0.17,1.00,0,0,0.00,0
2026-05-02 19:16:54,528.30,1,0,0,0,0,0,0,0.01,0,1.00,5.27,3.34,3.76,1.00,D,0.00,12.00,12.00,12.00,12.00, ,0.50,,12.80,12.20,0,0.00,47.7,1,0,0.00,0.00,0.00,12.00,0.01,1.00,0,0,0.00,0
2026-05-02 19:16:54,529.20,1,0,0,0,0,0,0,0.04,0,1.00,5.27,3.34,3.90,1.00,D,0.00,12.00,12.00,12.00,12.00, ,2.12,,13.80,12.30,0,0.00,49.4,1,0,0.00,0.00,0.00,12.00,0.04,1.00,0,0,0.00,0
2026-05-02 19:16:56,530.31,1,0,0,0,0,0,0,0.01,0,1.00,5.27,3.34,3.88,1.00,D,0.00,12.00,12.00,12.00,12.00, ,0.52,,12.20,12.20,0,0.00,47.7,1,0,0.00,0.00,0.00,12.00,0.01,1.00,0,0,0.00,0
2026-05-02 19:16:56,531.22,1,0,0,0,0,0,0,-0.00,0,1.00,5.27,3.35,3.86,1.00,D,0.00,12.00,12.00,12.00,12.00, ,-0.18,,15.30,12.20,0,0.00,48.8,1,0,0.00,0.00,0.00,12.00,-0.00,1.00,0,0,0.00,0
2026-05-02 19:16:58,532.33,1,0,0,0,0,0,0,-0.02,0,1.00,5.27,3.35,3.85,1.00,D,0.00,12.00,12.00,12.00,12.00, ,-1.36,,16.40,12.20,0,0.00,48.3,1,0,0.00,0.00,0.00,12.00,-0.02,1.00,0,0,0.00,0
2026-05-02 19:16:58,533.23,1,0,0,0,0,0,0,-0.01,0,1.00,5.27,3.35,3.92,1.00,D,0.00,12.00,12.00,12.00,12.00, ,-0.45,,15.00,12.20,0,0.00,47.2,1,0,0.00,0.00,0.00,12.00,-0.01,1.00,0,0,0.00,0
2026-05-02 19:17:00,534.35,1,0,0,0,0,0,0,0.12,0,1.00,5.27,3.35,3.90,1.00,D,0.00,12.00,12.00,12.00,12.00, ,6.94,,15.70,12.20,0,0.00,47.2,1,0,0.00,0.00,0.00,12.00,0.12,1.00,0,0,0.00,0
2026-05-02 19:17:00,535.25,1,0,0,0,0,0,0,0.13,0,1.00,5.27,3.35,3.95,1.00,D,0.00,12.00,12.00,12.00,12.00, ,7.56,,16.40,12.20,0,0.00,46.6,1,0,0.00,0.00,0.00,12.00,0.13,1.00,0,0,0.00,0
2026-05-02 19:17:02,536.36,1,0,0,0,0,0,0,0.07,0,1.00,5.27,3.35,3.93,1.00,D,0.00,12.00,12.00,12.00,12.00, ,4.43,,15.80,12.30,0,0.00,48.3,1,0,0.00,0.00,0.00,12.00,0.07,1.00,0,0,0.00,0
2026-05-02 19:17:03,537.27,1,0,0,0,0,0,0,0.05,0,1.00,5.27,3.35,3.94,1.00,D,0.00,12.00,12.00,12.00,12.00, ,3.05,,15.40,12.30,0,0.00,47.7,1,0,0.00,0.00,0.00,12.00,0.05,1.00,0,0,0.00,0
2026-05-02 19:17:04,538.38,1,0,0,0,0,0,0,-0.11,0,1.00,5.27,3.35,3.94,1.00,D,0.00,12.00,12.00,12.00,12.00, ,-6.44,,16.10,12.30,0,0.00,47.7,1,0,0.00,0.00,0.00,12.00,-0.11,1.00,0,0,0.00,0
2026-05-02 19:17:05,539.28,1,0,0,0,0,0,0,0.04,0,1.00,5.27,3.35,3.94,1.00,D,0.00,12.00,12.00,12.00,12.00, ,2.23,,15.70,12.30,0,0.00,46.1,1,0,0.00,0.00,0.00,12.00,0.04,1.00,0,0,0.00,0
2026-05-02 19:17:06,540.39,1,0,0,0,0,0,0,0.02,0,1.00,5.27,3.36,3.96,1.00,D,0.00,12.00,12.00,12.00,12.00, ,1.35,,15.70,12.30,0,0.00,47.7,1,0,0.00,0.00,0.00,12.00,0.02,1.00,0,0,0.00,0
2026-05-02 19:17:07,541.30,1,0,0,0,0,0,0,0.08,0,1.00,5.27,3.36,3.88,1.00,D,0.00,12.00,12.00,12.00,12.00, ,4.94,,15.70,12.30,0,0.00,46.6,1,0,0.00,0.00,0.00,12.00,0.08,1.00,0,0,0.00,0
2026-05-02 19:17:08,542.31,1,0,0,0,0,0,0,-0.12,0,1.00,5.27,3.36,3.98,1.00,D,0.00,12.00,12.00,12.00,12.00, ,-6.90,,15.10,12.30,0,0.00,47.2,1,0,0.00,0.00,0.00,12.00,-0.12,1.00,0,0,0.00,0
2026-05-02 19:17:09,543.32,1,0,0,0,0,0,0,0.18,0,1.00,5.27,3.36,3.90,1.00,D,0.00,12.00,12.00,12.00,12.00, ,10.51,,15.80,12.30,0,0.00,47.7,1,0,0.00,0.00,0.00,12.00,0.18,1.00,0,0,0.00,0
2026-05-02 19:17:10,544.33,1,0,0,0,0,0,0,0.27,0,1.00,5.27,3.36,4.06,1.00,D,0.00,12.00,12.00,12.00,12.00, ,15.93,,16.00,12.30,0,0.00,47.7,1,0,0.00,0.00,0.00,12.00,0.27,1.00,0,0,0.00,0
2026-05-02 19:17:11,545.35,1,0,0,0,0,0,0,-0.01,0,1.00,5.27,3.36,4.08,1.00,D,0.00,12.00,12.00,12.00,12.00, ,-0.70,,15.40,12.20,0,0.00,47.2,1,0,0.00,0.00,0.00,12.00,-0.01,1.00,0,0,0.00,0
2026-05-02 19:17:12,546.36,1,0,0,0,0,0,0,-0.24,0,1.00,5.27,3.36,4.08,1.00,D,0.00,12.00,12.00,12.00,12.00, ,-14.16,,16.70,12.30,0,0.00,46.6,1,0,0.00,0.00,0.00,12.00,-0.24,1.00,0,0,0.00,0
2026-05-02 19:17:13,547.37,1,0,0,0,0,0,0,-0.08,0,1.00,5.27,3.36,4.14,1.00,D,0.00,12.00,12.00,12.00,12.00, ,-4.95,,15.40,12.30,0,0.00,46.6,1,0,0.00,0.00,0.00,12.00,-0.08,1.00,0,0,0.00,0
2026-05-02 19:17:14,548.38,1,0,0,0,0,0,0,0.18,0,1.00,5.27,3.37,4.11,1.00,D,0.00,12.00,12.00,12.00,12.00, ,10.67,,14.60,12.30,0,0.00,48.8,1,0,0.00,0.00,0.00,12.00,0.18,1.00,0,0,0.00,0
2026-05-02 19:17:15,549.39,1,0,0,0,0,0,0,0.29,0,1.00,5.27,3.37,4.05,1.00,D,0.00,12.00,12.00,12.00,12.00, ,17.20,,14.30,12.30,0,0.00,47.2,1,0,0.00,0.00,0.00,12.00,0.29,1.00,0,0,0.00,0
2026-05-02 19:17:16,550.40,1,0,0,0,0,0,0,0.12,0,1.00,5.27,3.37,4.04,1.00,D,0.00,12.00,12.00,12.00,12.00, ,7.07,,13.20,12.30,0,0.00,48.3,1,0,0.00,0.00,0.00,12.00,0.12,1.00,0,0,0.00,0
2026-05-02 19:17:17,551.42,1,0,0,0,0,0,0,0.08,0,1.00,5.27,3.37,4.15,1.00,D,0.00,12.00,12.00,12.00,12.00, ,4.66,,13.00,12.30,0,0.00,48.8,1,0,0.00,0.00,0.00,12.00,0.08,1.00,0,0,0.00,0
2026-05-02 19:17:18,552.43,1,0,0,0,0,0,0,-0.01,0,1.00,5.27,3.37,4.14,1.00,D,0.00,12.00,12.00,12.00,12.00, ,-0.86,,14.90,12.20,0,0.00,48.8,1,0,0.00,0.00,0.00,12.00,-0.01,1.00,0,0,0.00,0
2026-05-02 19:17:19,553.44,1,0,0,0,0,0,0,0.11,0,1.00,5.27,3.37,4.09,1.00,D,0.00,12.00,12.00,12.00,12.00, ,6.73,,15.10,12.30,0,0.00,46.6,1,0,0.00,0.00,0.00,12.00,0.11,1.00,0,0,0.00,0
2026-05-02 19:17:20,554.45,1,0,0,0,0,0,0,-0.15,0,1.00,5.27,3.37,3.99,1.00,D,0.00,12.00,12.00,12.00,12.00, ,-9.27,,14.00,12.30,0,0.00,47.2,1,0,0.00,0.00,0.00,12.00,-0.15,1.00,0,0,0.00,0
2026-05-02 19:17:21,555.46,1,0,0,0,0,0,0,0.25,0,1.00,5.27,3.37,3.42,1.00,D,0.00,12.00,12.00,12.00,12.00, ,14.94,,16.40,12.30,0,0.00,47.7,1,0,0.00,0.00,0.00,12.00,0.25,1.00,0,0,0.00,0
2026-05-02 19:17:22,556.47,1,0,0,0,0,0,0,-0.04,0,1.00,5.27,3.38,4.04,1.00,D,0.00,12.00,12.00,12.00,12.00, ,-2.31,,14.60,12.30,0,0.00,47.2,1,0,0.00,0.00,0.00,12.00,-0.04,1.00,0,0,0.00,0
2026-05-02 19:17:23,557.48,1,0,0,0,0,0,0,0.15,0,1.00,5.27,3.38,4.10,1.00,D,0.00,12.00,12.00,12.00,12.00, ,8.70,,15.50,12.30,0,0.00,46.6,1,0,0.00,0.00,0.00,12.00,0.15,1.00,0,0,0.00,0
2026-05-02 19:17:24,558.49,1,0,0,0,0,0,0,0.03,0,1.00,5.27,3.38,4.22,1.00,D,0.00,12.00,12.00,12.00,12.00, ,1.54,,15.50,12.20,0,0.00,46.1,1,0,0.00,0.00,0.00,12.00,0.03,1.00,0,0,0.00,0
2026-05-02 19:17:25,559.50,1,0,0,0,0,0,0,0.09,0,1.00,5.27,3.38,4.14,1.00,D,0.00,12.00,12.00,12.00,12.00, ,5.64,,13.40,12.20,0,0.00,47.7,1,0,0.00,0.00,0.00,12.00,0.09,1.00,0,0,0.00,0
2026-05-02 19:17:26,560.62,1,0,0,0,0,0,0,0.11,0,1.00,5.27,3.38,4.05,1.00,D,0.00,12.00,12.00,12.00,12.00, ,6.41,,12.20,12.20,0,0.00,48.3,1,0,0.00,0.00,0.00,12.00,0.11,1.00,0,0,0.00,0
2026-05-02 19:17:27,561.52,1,0,0,0,0,0,0,0.16,0,1.00,5.27,3.38,4.11,1.00,D,0.00,12.00,12.00,12.00,12.00, ,9.57,,13.00,12.20,0,0.00,48.8,1,0,0.00,0.00,0.00,12.00,0.16,1.00,0,0,0.00,0
2026-05-02 19:17:28,562.53,1,0,0,0,0,0,0,-0.02,0,1.00,5.27,3.38,4.17,1.00,D,0.00,12.00,12.00,12.00,12.00, ,-1.21,,13.90,12.20,0,0.00,47.7,1,0,0.00,0.00,0.00,12.00,-0.02,1.00,0,0,0.00,0
2026-05-02 19:17:29,563.55,1,0,0,0,0,0,0,0.13,0,1.00,5.27,3.38,4.10,1.00,D,0.00,12.00,12.00,12.00,12.00, ,7.69,,12.90,12.20,0,0.00,48.3,1,0,0.00,0.00,0.00,12.00,0.13,1.00,0,0,0.00,0
2026-05-02 19:17:30,564.55,1,0,0,0,0,0,0,0.06,0,1.00,5.27,3.39,4.11,1.00,D,0.00,12.00,12.00,12.00,12.00, ,3.76,,16.50,12.30,0,0.00,46.6,1,0,0.00,0.00,0.00,12.00,0.06,1.00,0,0,0.00,0
2026-05-02 19:17:31,565.56,1,0,0,0,0,0,0,0.03,0,1.00,5.27,3.39,4.15,1.00,D,0.00,12.00,12.00,12.00,12.00, ,1.55,,15.30,12.30,0,0.00,47.7,1,0,0.00,0.00,0.00,12.00,0.03,1.00,0,0,0.00,0
2026-05-02 19:17:32,566.57,1,0,0,0,0,0,0,-0.01,0,1.00,5.27,3.39,4.16,1.00,D,0.00,12.00,12.00,12.00,12.00, ,-0.58,,16.20,12.30,0,0.00,46.6,1,0,0.00,0.00,0.00,12.00,-0.01,1.00,0,0,0.00,0
2026-05-02 19:17:33,567.58,1,0,0,0,0,0,0,-0.02,0,1.00,5.27,3.39,4.08,1.00,D,0.00,12.00,12.00,12.00,12.00, ,-1.46,,14.90,12.30,0,0.00,46.1,1,0,0.00,0.00,0.00,12.00,-0.02,1.00,0,0,0.00,0
2026-05-02 19:17:34,568.70,1,0,0,0,0,0,0,0.04,0,1.00,5.27,3.39,4.01,1.00,D,0.00,12.00,12.00,12.00,12.00, ,2.66,,15.50,12.30,0,0.00,47.7,1,0,0.00,0.00,0.00,12.00,0.04,1.00,0,0,0.00,0
2026-05-02 19:17:35,569.60,1,0,0,0,0,0,0,-0.07,0,1.00,5.27,3.39,4.03,1.00,D,0.00,12.00,12.00,12.00,12.00, ,-4.12,,15.30,12.30,0,0.00,47.7,1,0,0.00,0.00,0.00,12.00,-0.07,1.00,0,0,0.00,0
2026-05-02 19:17:36,570.61,1,0,0,0,0,0,0,0.11,0,1.00,5.27,3.39,4.15,1.00,D,0.00,12.00,12.00,12.00,12.00, ,6.52,,16.30,12.30,0,0.00,46.1,1,0,0.00,0.00,0.00,12.00,0.11,1.00,0,0,0.00,0
2026-05-02 19:17:37,571.62,1,0,0,0,0,0,0,0.18,0,1.00,5.27,3.39,4.09,1.00,D,0.00,12.00,12.00,12.00,12.00, ,10.95,,15.20,12.30,0,0.00,47.7,1,0,0.00,0.00,0.00,12.00,0.18,1.00,0,0,0.00,0
2026-05-02 19:17:38,572.64,1,0,0,0,0,0,0,-0.26,0,1.00,5.27,3.40,4.15,1.00,D,0.00,12.00,12.00,12.00,12.00, ,-15.62,,15.20,12.30,0,0.00,46.6,1,0,0.00,0.00,0.00,12.00,-0.26,1.00,0,0,0.00,0
2026-05-02 19:17:39,573.65,1,0,0,0,0,0,0,0.02,0,1.00,5.27,3.40,4.21,1.00,D,0.00,12.00,12.00,12.00,12.00, ,1.10,,16.50,12.30,0,0.00,46.6,1,0,0.00,0.00,0.00,12.00,0.02,1.00,0,0,0.00,0
2026-05-02 19:17:40,574.66,1,0,0,0,0,0,0,0.10,0,1.00,5.27,3.40,4.15,1.00,D,0.00,12.00,12.00,12.00,12.00, ,6.17,,15.80,12.30,0,0.00,47.7,1,0,0.00,0.00,0.00,12.00,0.10,1.00,0,0,0.00,0
2026-05-02 19:17:41,575.67,1,0,0,0,0,0,0,0.23,0,1.00,5.27,3.40,4.02,1.00,D,0.00,12.00,12.00,12.00,12.00, ,13.62,,15.90,12.30,0,0.00,46.6,1,0,0.00,0.00,0.00,12.00,0.23,1.00,0,0,0.00,0
2026-05-02 19:17:42,576.78,1,0,0,0,0,0,0,0.17,0,1.00,5.27,3.40,4.08,1.00,D,0.00,12.00,12.00,12.00,12.00, ,9.92,,16.60,12.30,0,0.00,48.3,1,0,0.00,0.00,0.00,12.00,0.17,1.00,0,0,0.00,0
2026-05-02 19:17:43,577.68,1,0,0,0,0,0,0,0.33,0,1.00,5.27,3.40,4.01,1.00,D,0.00,12.00,12.00,12.00,12.00, ,19.50,,15.20,12.30,0,0.00,46.6,1,0,0.00,0.00,0.00,12.00,0.33,1.00,0,0,0.00,0
2026-05-02 19:17:44,578.69,1,0,0,0,0,0,0,0.47,0,1.00,5.27,3.40,3.83,1.00,D,0.00,12.00,12.00,12.00,12.00, ,27.93,,14.90,12.30,0,0.00,47.7,1,0,0.00,0.00,0.00,12.00,0.47,1.00,0,0,0.00,0
2026-05-02 19:17:45,579.70,1,0,0,0,0,0,0,0.28,0,1.00,5.27,3.40,3.73,1.00,D,0.00,12.00,12.00,12.00,12.00, ,16.76,,15.80,12.30,0,0.00,47.2,1,0,0.00,0.00,0.00,12.00,0.28,1.00,0,0,0.00,0
2026-05-02 19:17:46,580.72,1,0,0,0,0,0,0,0.03,0,1.00,5.27,3.40,3.90,1.00,D,0.00,12.00,12.00,12.00,12.00, ,1.98,,15.10,12.30,0,0.00,45.5,1,0,0.00,0.00,0.00,12.00,0.03,1.00,0,0,0.00,0
2026-05-02 19:17:47,581.73,1,0,0,0,0,0,0,-0.05,0,1.00,5.27,3.41,4.06,1.00,D,0.00,12.00,12.00,12.00,12.00, ,-2.92,,15.30,12.30,0,0.00,47.7,1,0,0.00,0.00,0.00,12.00,-0.05,1.00,0,0,0.00,0
2026-05-02 19:17:48,582.74,1,0,0,0,0,0,0,0.10,0,1.00,5.27,3.41,4.04,1.00,D,0.00,12.00,12.00,12.00,12.00, ,5.90,,15.10,12.30,0,0.00,46.6,1,0,0.00,0.00,0.00,12.00,0.10,1.00,0,0,0.00,0
2026-05-02 19:17:49,583.75,1,0,0,0,0,0,0,0.19,0,1.00,5.27,3.41,3.92,1.00,D,0.00,12.00,12.00,12.00,12.00, ,11.61,,14.80,12.30,0,0.00,47.2,1,0,0.00,0.00,0.00,12.00,0.19,1.00,0,0,0.00,0
2026-05-02 19:17:50,584.77,1,0,0,0,0,0,0,0.17,0,1.00,5.27,3.41,3.90,1.00,D,0.00,12.00,12.00,12.00,12.00, ,10.37,,15.10,12.30,0,0.00,47.2,1,0,0.00,0.00,0.00,12.00,0.17,1.00,0,0,0.00,0
2026-05-02 19:17:51,585.78,1,0,0,0,0,0,0,-0.00,0,1.00,5.27,3.41,3.95,1.00,D,0.00,12.00,12.00,12.00,12.00, ,-0.00,,15.90,12.30,0,0.00,46.6,1,0,0.00,0.00,0.00,12.00,-0.00,1.00,0,0,0.00,0
2026-05-02 19:17:52,586.79,1,0,0,0,0,0,0,0.14,0,1.00,5.27,3.41,3.88,1.00,D,0.00,12.00,12.00,12.00,12.00, ,8.11,,15.30,12.30,0,0.00,46.6,1,0,0.00,0.00,0.00,12.00,0.14,1.00,0,0,0.00,0
2026-05-02 19:17:53,587.81,1,0,0,0,0,0,0,0.02,0,1.00,5.27,3.41,3.98,1.00,D,0.00,12.00,12.00,12.00,12.00, ,1.26,,15.70,12.30,0,0.00,45.5,1,0,0.00,0.00,0.00,12.00,0.02,1.00,0,0,0.00,0
2026-05-02 19:17:54,588.82,1,0,0,0,0,0,0,0.02,0,1.00,5.27,3.41,3.97,1.00,D,0.00,12.00,12.00,12.00,12.00, ,0.93,,14.70,12.30,0,0.00,47.7,1,0,0.00,0.00,0.00,12.00,0.02,1.00,0,0,0.00,0
2026-05-02 19:17:55,589.83,1,0,0,0,0,0,0,0.06,0,1.00,5.27,3.41,3.91,1.00,D,0.00,12.00,12.00,12.00,12.00, ,3.50,,13.20,12.30,0,0.00,46.6,1,0,0.00,0.00,0.00,12.00,0.06,1.00,0,0,0.00,0
2026-05-02 19:17:56,590.85,1,0,0,0,0,0,0,0.11,0,1.00,5.27,3.41,3.98,1.00,D,0.00,12.00,12.00,12.00,12.00, ,6.62,,12.30,12.30,0,0.00,48.3,1,0,0.00,0.00,0.00,12.00,0.11,1.00,0,0,0.00,0
2026-05-02 19:17:57,591.85,1,0,0,0,0,0,0,-0.06,0,1.00,5.27,3.41,3.95,1.00,D,0.00,12.00,12.00,12.00,12.00, ,-3.90,,13.30,12.30,0,0.00,47.2,1,0,0.00,0.00,0.00,12.00,-0.06,1.00,0,0,0.00,0
2026-05-02 19:17:58,592.86,1,0,0,0,0,0,0,0.09,0,1.00,5.27,3.42,3.93,1.00,D,0.00,12.00,12.00,12.00,12.00, ,5.41,,12.10,12.30,0,0.00,47.7,1,0,0.00,0.00,0.00,12.00,0.09,1.00,0,0,0.00,0
2026-05-02 19:17:59,593.87,1,0,0,0,0,0,0,0.22,0,1.00,5.27,3.42,3.86,1.00,D,0.00,12.00,12.00,12.00,12.00, ,13.02,,15.20,12.20,0,0.00,48.3,1,0,0.00,0.00,0.00,12.00,0.22,1.00,0,0,0.00,0
2026-05-02 19:18:00,594.99,1,0,0,0,0,0,0,-0.05,0,1.00,5.27,3.42,3.93,1.00,D,0.00,12.00,12.00,12.00,12.00, ,-3.10,,15.70,12.30,0,0.00,47.2,1,0,0.00,0.00,0.00,12.00,-0.05,1.00,0,0,0.00,0
2026-05-02 19:18:01,595.89,1,0,0,0,0,0,0,0.18,0,1.00,5.27,3.42,3.95,1.00,D,0.00,12.00,12.00,12.00,12.00, ,11.02,,15.30,12.30,0,0.00,47.2,1,0,0.00,0.00,0.00,12.00,0.18,1.00,0,0,0.00,0
2026-05-02 19:18:02,596.90,1,0,0,0,0,0,0,-0.06,0,1.00,5.27,3.42,4.00,1.00,D,0.00,12.00,12.00,12.00,12.00, ,-3.48,,15.20,12.20,0,0.00,46.1,1,0,0.00,0.00,0.00,12.00,-0.06,1.00,0,0,0.00,0
2026-05-02 19:18:03,597.91,1,0,0,0,0,0,0,0.23,0,1.00,5.27,3.42,4.01,1.00,D,0.00,12.00,12.00,12.00,12.00, ,13.63,,15.50,12.20,0,0.00,47.7,1,0,0.00,0.00,0.00,12.00,0.23,1.00,0,0,0.00,0
2026-05-02 19:18:04,598.93,1,0,0,0,0,0,0,-0.08,0,1.00,5.27,3.42,3.93,1.00,D,0.00,12.00,12.00,12.00,12.00, ,-4.67,,15.80,12.20,0,0.00,46.6,1,0,0.00,0.00,0.00,12.00,-0.08,1.00,0,0,0.00,0
2026-05-02 19:18:05,599.94,1,0,0,0,0,0,0,0.12,0,1.00,5.27,3.42,3.99,1.00,D,0.00,12.00,12.00,12.00,12.00, ,7.15,,16.50,12.20,0,0.00,46.1,1,0,0.00,0.00,0.00,12.00,0.12,1.00,0,0,0.00,0
2026-05-02 19:18:06,601.05,1,0,0,0,0,0,0,-0.01,0,1.00,5.27,3.42,3.84,1.00,D,0.00,12.00,12.00,12.00,12.00, ,-0.90,,16.10,12.20,0,0.00,47.2,1,0,0.00,0.00,0.00,12.00,-0.01,1.00,0,0,0.00,0
2026-05-02 19:18:07,602.06,1,0,0,0,0,0,0,-0.01,0,1.00,5.27,3.42,3.85,1.00,D,0.00,12.00,12.00,12.00,12.00, ,-0.60,,15.60,12.20,0,0.00,46.6,1,0,0.00,0.00,0.00,12.00,-0.01,1.00,0,0,0.00,0
2026-05-02 19:18:08,602.97,1,0,0,0,0,0,0,0.17,0,1.00,5.27,3.42,3.94,1.00,D,0.00,12.00,12.00,12.00,12.00, ,9.92,,15.70,12.20,0,0.00,47.2,1,0,0.00,0.00,0.00,12.00,0.17,1.00,0,0,0.00,0
2026-05-02 19:18:09,603.98,1,0,0,0,0,0,0,-0.03,0,1.00,5.27,3.42,4.05,1.00,D,0.00,12.00,12.00,12.00,12.00, ,-1.94,,16.00,12.30,0,0.00,46.1,1,0,0.00,0.00,0.00,12.00,-0.03,1.00,0,0,0.00,0
2026-05-02 19:18:10,605.00,1,0,0,0,0,0,0,0.12,0,1.00,5.27,3.43,4.01,1.00,D,0.00,12.00,12.00,12.00,12.00, ,7.46,,14.70,12.20,0,0.00,46.6,1,0,0.00,0.00,0.00,12.00,0.12,1.00,0,0,0.00,0
2026-05-02 19:18:11,606.01,1,0,0,0,0,0,0,-0.01,0,1.00,5.27,3.43,4.00,1.00,D,0.00,12.00,12.00,12.00,12.00, ,-0.83,,16.00,12.20,0,0.00,46.6,1,0,0.00,0.00,0.00,12.00,-0.01,1.00,0,0,0.00,0
2026-05-02 19:18:12,607.02,1,0,0,0,0,0,0,0.04,0,1.00,5.27,3.43,4.06,1.00,D,0.00,12.00,12.00,12.00,12.00, ,2.53,,16.00,12.20,0,0.00,47.7,1,0,0.00,0.00,0.00,12.00,0.04,1.00,0,0,0.00,0
2026-05-02 19:18:13,608.04,1,0,0,0,0,0,0,0.22,0,1.00,5.27,3.43,3.96,1.00,D,0.00,12.00,12.00,12.00,12.00, ,13.17,,14.70,12.20,0,0.00,47.2,1,0,0.00,0.00,0.00,12.00,0.22,1.00,0,0,0.00,0
2026-05-02 19:18:14,609.15,1,0,0,0,0,0,0,-0.03,0,1.00,5.27,3.43,3.84,1.00,D,0.00,12.00,12.00,12.00,12.00, ,-1.59,,15.80,12.20,0,0.00,47.2,1,0,0.00,0.00,0.00,12.00,-0.03,1.00,0,0,0.00,0
2026-05-02 19:18:15,610.06,1,0,0,0,0,0,0,0.09,0,1.00,5.27,3.43,3.96,1.00,D,0.00,12.00,12.00,12.00,12.00, ,5.49,,16.40,12.20,0,0.00,46.6,1,0,0.00,0.00,0.00,12.00,0.09,1.00,0,0,0.00,0
2026-05-02 19:18:16,611.06,1,0,0,0,0,0,0,-0.08,0,1.00,5.27,3.43,3.90,1.00,D,0.00,12.00,12.00,12.00,12.00, ,-4.79,,14.70,12.20,0,0.00,47.7,1,0,0.00,0.00,0.00,12.00,-0.08,1.00,0,0,0.00,0
2026-05-02 19:18:17,612.07,1,0,0,0,0,0,0,0.14,0,1.00,5.27,3.43,3.88,1.00,D,0.00,12.00,12.00,12.00,12.00, ,8.34,,15.90,12.20,0,0.00,45.5,1,0,0.00,0.00,0.00,12.00,0.14,1.00,0,0,0.00,0
2026-05-02 19:18:18,613.18,1,0,0,0,0,0,0,-0.05,0,1.00,5.27,3.43,3.97,1.00,D,0.00,12.00,12.00,12.00,12.00, ,-3.04,,15.80,12.20,0,0.00,47.2,1,0,0.00,0.00,0.00,12.00,-0.05,1.00,0,0,0.00,0
2026-05-02 19:18:19,614.08,1,0,0,0,0,0,0,0.05,0,1.00,5.27,3.43,3.82,1.00,D,0.00,12.00,12.00,12.00,12.00, ,2.71,,15.30,12.20,0,0.00,47.2,1,0,0.00,0.00,0.00,12.00,0.05,1.00,0,0,0.00,0
2026-05-02 19:18:20,615.10,1,0,0,0,0,0,0,0.18,0,1.00,5.27,3.43,3.87,1.00,D,0.00,12.00,12.00,12.00,12.00, ,10.71,,14.70,12.30,0,0.00,46.6,1,0,0.00,0.00,0.00,12.00,0.18,1.00,0,0,0.00,0
2026-05-02 19:18:21,616.11,1,0,0,0,0,0,0,-0.06,0,1.00,5.27,3.43,3.93,1.00,D,0.00,12.00,12.00,12.00,12.00, ,-3.59,,13.60,12.30,0,0.00,47.7,1,0,0.00,0.00,0.00,12.00,-0.06,1.00,0,0,0.00,0
2026-05-02 19:18:22,617.11,1,0,0,0,0,0,0,0.06,0,1.00,5.27,3.44,4.00,1.00,D,0.00,12.00,12.00,12.00,12.00, ,3.87,,12.60,12.20,0,0.00,46.6,1,0,0.00,0.00,0.00,12.00,0.06,1.00,0,0,0.00,0
2026-05-02 19:18:23,618.12,1,0,0,0,0,0,0,0.17,0,1.00,5.27,3.44,3.94,1.00,D,0.00,12.00,12.00,12.00,12.00, ,9.99,,13.90,12.30,0,0.00,47.2,1,0,0.00,0.00,0.00,12.00,0.17,1.00,0,0,0.00,0
2026-05-02 19:18:24,619.13,1,0,0,0,0,0,0,-0.00,0,1.00,5.27,3.44,3.92,1.00,D,0.00,12.00,12.00,12.00,12.00, ,-0.20,,14.40,12.20,0,0.00,47.7,1,0,0.00,0.00,0.00,12.00,-0.00,1.00,0,0,0.00,0
2026-05-02 19:18:25,620.14,1,0,0,0,0,0,0,0.13,0,1.00,5.27,3.44,3.89,1.00,D,0.00,12.00,12.00,12.00,12.00, ,7.92,,13.50,12.20,0,0.00,46.1,1,0,0.00,0.00,0.00,12.00,0.13,1.00,0,0,0.00,0
2026-05-02 19:18:26,621.15,1,0,0,0,0,0,0,-0.01,0,1.00,5.27,3.44,3.91,1.00,D,0.00,12.00,12.00,12.00,12.00, ,-0.76,,15.30,12.20,0,0.00,46.6,1,0,0.00,0.00,0.00,12.00,-0.01,1.00,0,0,0.00,0
2026-05-02 19:18:27,622.16,1,0,0,0,0,0,0,0.02,0,1.00,5.27,3.44,3.95,1.00,D,0.00,12.00,12.00,12.00,12.00, ,1.11,,15.90,12.20,0,0.00,47.2,1,0,0.00,0.00,0.00,12.00,0.02,1.00,0,0,0.00,0
2026-05-02 19:18:28,623.17,1,0,0,0,0,0,0,0.14,0,1.00,5.27,3.44,3.95,1.00,D,0.00,12.00,12.00,12.00,12.00, ,8.39,,15.90,12.20,0,0.00,46.6,1,0,0.00,0.00,0.00,12.00,0.14,1.00,0,0,0.00,0
2026-05-02 19:18:29,624.18,1,0,0,0,0,0,0,0.08,0,1.00,5.27,3.44,3.98,1.00,D,0.00,12.00,12.00,12.00,12.00, ,4.60,,16.10,12.30,0,0.00,47.2,1,0,0.00,0.00,0.00,12.00,0.08,1.00,0,0,0.00,0
2026-05-02 19:18:30,625.19,1,0,0,0,0,0,0,-0.03,0,1.00,5.27,3.44,3.96,1.00,D,0.00,12.00,12.00,12.00,12.00, ,-1.73,,15.70,12.20,0,0.00,45.0,1,0,0.00,0.00,0.00,12.00,-0.03,1.00,0,0,0.00,0
2026-05-02 19:18:31,626.20,1,0,0,0,0,0,0,0.16,0,1.00,5.27,3.44,4.02,1.00,D,0.00,12.00,12.00,12.00,12.00, ,9.84,,14.40,12.20,0,0.00,46.6,1,0,0.00,0.00,0.00,12.00,0.16,1.00,0,0,0.00,0
2026-05-02 19:18:32,627.22,1,0,0,0,0,0,0,-0.12,0,1.00,5.27,3.44,3.98,1.00,D,0.00,12.00,12.00,12.00,12.00, ,-7.36,,15.80,12.30,0,0.00,46.6,1,0,0.00,0.00,0.00,12.00,-0.12,1.00,0,0,0.00,0
2026-05-02 19:18:33,628.23,1,0,0,0,0,0,0,-0.14,0,1.00,5.27,3.44,4.05,1.00,D,0.00,12.00,12.00,12.00,12.00, ,-8.51,,15.90,12.20,0,0.00,46.1,1,0,0.00,0.00,0.00,12.00,-0.14,1.00,0,0,0.00,0
2026-05-02 19:18:34,629.24,1,0,0,0,0,0,0,-0.05,0,1.00,5.27,3.45,4.00,1.00,D,0.00,12.00,12.00,12.00,12.00, ,-2.82,,15.20,12.30,0,0.00,45.5,1,0,0.00,0.00,0.00,12.00,-0.05,1.00,0,0,0.00,0
2026-05-02 19:18:35,630.26,1,0,0,0,0,0,0,0.16,0,1.00,5.27,3.45,3.91,1.00,D,0.00,12.00,12.00,12.00,12.00, ,9.80,,15.60,12.30,0,0.00,45.5,1,0,0.00,0.00,0.00,12.00,0.16,1.00,0,0,0.00,0
2026-05-02 19:18:37,631.37,1,0,0,0,0,0,0,-0.03,0,1.00,5.27,3.45,3.94,1.00,D,0.00,12.00,12.00,12.00,12.00, ,-1.68,,15.90,12.30,0,0.00,46.6,1,0,0.00,0.00,0.00,12.00,-0.03,1.00,0,0,0.00,0
2026-05-02 19:18:38,632.27,1,0,0,0,0,0,0,0.03,0,1.00,5.27,3.45,3.95,1.00,D,0.00,12.00,12.00,12.00,12.00, ,1.82,,15.60,12.30,0,0.00,46.6,1,0,0.00,0.00,0.00,12.00,0.03,1.00,0,0,0.00,0
2026-05-02 19:18:39,633.29,1,0,0,0,0,0,0,0.09,0,1.00,5.27,3.45,3.92,1.00,D,0.00,12.00,12.00,12.00,12.00, ,5.21,,15.50,12.30,0,0.00,46.1,1,0,0.00,0.00,0.00,12.00,0.09,1.00,0,0,0.00,0
2026-05-02 19:18:40,634.30,1,0,0,0,0,0,0,0.03,0,1.00,5.27,3.45,3.91,1.00,D,0.00,12.00,12.00,12.00,12.00, ,1.74,,15.90,12.30,0,0.00,46.1,1,0,0.00,0.00,0.00,12.00,0.03,1.00,0,0,0.00,0
2026-05-02 19:18:41,635.31,1,0,0,0,0,0,0,0.02,0,1.00,5.27,3.45,3.92,1.00,D,0.00,12.00,12.00,12.00,12.00, ,0.97,,15.10,12.30,0,0.00,45.0,1,0,0.00,0.00,0.00,12.00,0.02,1.00,0,0,0.00,0
2026-05-02 19:18:42,636.32,1,0,0,0,0,0,0,0.05,0,1.00,5.27,3.45,3.93,1.00,D,0.00,12.00,12.00,12.00,12.00, ,2.80,,15.80,12.30,0,0.00,46.6,1,0,0.00,0.00,0.00,12.00,0.05,1.00,0,0,0.00,0
2026-05-02 19:18:43,637.33,1,0,0,0,0,0,0,0.02,0,1.00,5.27,3.45,4.01,1.00,D,0.00,12.00,12.00,12.00,12.00, ,1.35,,15.70,12.30,0,0.00,45.5,1,0,0.00,0.00,0.00,12.00,0.02,1.00,0,0,0.00,0
2026-05-02 19:18:44,638.34,1,0,0,0,0,0,0,-0.02,0,1.00,5.27,3.45,3.99,1.00,D,0.00,12.00,12.00,12.00,12.00, ,-1.29,,15.40,12.30,0,0.00,46.6,1,0,0.00,0.00,0.00,12.00,-0.02,1.00,0,0,0.00,0
2026-05-02 19:18:45,639.35,1,0,0,0,0,0,0,-0.02,0,1.00,5.27,3.45,4.00,1.00,D,0.00,12.00,12.00,12.00,12.00, ,-1.15,,16.10,12.30,0,0.00,47.2,1,0,0.00,0.00,0.00,12.00,-0.02,1.00,0,0,0.00,0
2026-05-02 19:18:46,640.36,1,0,0,0,0,0,0,0.09,0,1.00,5.27,3.45,4.00,1.00,D,0.00,12.00,12.00,12.00,12.00, ,5.53,,15.10,12.30,0,0.00,45.0,1,0,0.00,0.00,0.00,12.00,0.09,1.00,0,0,0.00,0
2026-05-02 19:18:47,641.47,1,0,0,0,0,0,0,0.11,0,1.00,5.27,3.45,3.98,1.00,D,0.00,12.00,12.00,12.00,12.00, ,6.86,,16.60,12.30,0,0.00,47.7,1,0,0.00,0.00,0.00,12.00,0.11,1.00,0,0,0.00,0
2026-05-02 19:18:48,642.38,1,0,0,0,0,0,0,0.05,0,1.00,5.27,3.46,4.02,1.00,D,0.00,12.00,12.00,12.00,12.00, ,3.03,,14.60,12.30,0,0.00,45.0,1,0,0.00,0.00,0.00,12.00,0.05,1.00,0,0,0.00,0
2026-05-02 19:18:49,643.39,1,0,0,0,0,0,0,0.06,0,1.00,5.27,3.46,3.96,1.00,D,0.00,12.00,12.00,12.00,12.00, ,3.47,,12.40,12.30,0,0.00,45.5,1,0,0.00,0.00,0.00,12.00,0.06,1.00,0,0,0.00,0
2026-05-02 19:18:50,644.40,1,0,0,0,0,0,0,-0.02,0,1.00,5.27,3.46,3.87,1.00,D,0.00,12.00,12.00,12.00,12.00, ,-1.07,,12.30,12.30,0,0.00,47.7,1,0,0.00,0.00,0.00,12.00,-0.02,1.00,0,0,0.00,0
2026-05-02 19:18:51,645.51,1,0,0,0,0,0,0,0.18,0,1.00,5.27,3.46,4.02,1.00,D,0.00,12.00,12.00,12.00,12.00, ,10.72,,13.40,12.30,0,0.00,48.3,1,0,0.00,0.00,0.00,12.00,0.18,1.00,0,0,0.00,0
2026-05-02 19:18:52,646.42,1,0,0,0,0,0,0,-0.03,0,1.00,5.27,3.46,3.98,1.00,D,0.00,12.00,12.00,12.00,12.00, ,-1.52,,12.60,12.30,0,0.00,47.7,1,0,0.00,0.00,0.00,12.00,-0.03,1.00,0,0,0.00,0
2026-05-02 19:18:53,647.43,1,0,0,0,0,0,0,0.06,0,1.00,5.27,3.46,4.11,1.00,D,0.00,12.00,12.00,12.00,12.00, ,3.69,,15.40,12.20,0,0.00,47.7,1,0,0.00,0.00,0.00,12.00,0.06,1.00,0,0,0.00,0
2026-05-02 19:18:54,648.44,1,0,0,0,0,0,0,0.27,0,1.00,5.27,3.46,3.99,1.00,D,0.00,12.00,12.00,12.00,12.00, ,16.27,,16.00,12.20,0,0.00,46.1,1,0,0.00,0.00,0.00,12.00,0.27,1.00,0,0,0.00,0
2026-05-02 19:18:55,649.45,1,0,0,0,0,0,0,0.22,0,1.00,5.27,3.46,3.85,1.00,D,0.00,12.00,12.00,12.00,12.00, ,13.46,,13.50,12.30,0,0.00,47.2,1,0,0.00,0.00,0.00,12.00,0.22,1.00,0,0,0.00,0
2026-05-02 19:18:56,650.46,1,0,0,0,0,0,0,0.08,0,1.00,5.27,3.46,3.87,1.00,D,0.00,12.00,12.00,12.00,12.00, ,5.02,,14.30,12.30,0,0.00,47.7,1,0,0.00,0.00,0.00,12.00,0.08,1.00,0,0,0.00,0
2026-05-02 19:18:57,651.47,1,0,0,0,0,0,0,0.19,0,1.00,5.27,3.46,4.03,1.00,D,0.00,12.00,12.00,12.00,12.00, ,11.23,,13.10,12.20,0,0.00,47.7,1,0,0.00,0.00,0.00,12.00,0.19,1.00,0,0,0.00,0
2026-05-02 19:18:58,652.49,1,0,0,0,0,0,0,-0.08,0,1.00,5.27,3.46,3.96,1.00,D,0.00,12.00,12.00,12.00,12.00, ,-4.75,,13.20,12.20,0,0.00,48.3,1,0,0.00,0.00,0.00,12.00,-0.08,1.00,0,0,0.00,0
2026-05-02 19:18:59,653.50,1,0,0,0,0,0,0,-0.03,0,1.00,5.27,3.46,4.06,1.00,D,0.00,12.00,12.00,12.00,12.00, ,-1.94,,13.20,12.30,0,0.00,48.3,1,0,0.00,0.00,0.00,12.00,-0.03,1.00,0,0,0.00,0
2026-05-02 19:19:00,654.51,1,0,0,0,0,0,0,0.01,0,1.00,5.27,3.47,3.96,1.00,D,0.00,12.00,12.00,12.00,12.00, ,0.90,,14.60,12.20,0,0.00,47.7,1,0,0.00,0.00,0.00,12.00,0.01,1.00,0,0,0.00,0
2026-05-02 19:19:01,655.52,1,0,0,0,0,0,0,0.03,0,1.00,5.27,3.47,3.99,1.00,D,0.00,12.00,12.00,12.00,12.00, ,1.63,,14.20,12.20,0,0.00,45.5,1,0,0.00,0.00,0.00,12.00,0.03,1.00,0,0,0.00,0
2026-05-02 19:19:02,656.54,1,0,0,0,0,0,0,0.12,0,1.00,5.27,3.47,4.04,1.00,D,0.00,12.00,12.00,12.00,12.00, ,7.37,,16.00,12.30,0,0.00,47.7,1,0,0.00,0.00,0.00,12.00,0.12,1.00,0,0,0.00,0
2026-05-02 19:19:03,657.65,1,0,0,0,0,0,0,-0.04,0,1.00,5.27,3.47,3.92,1.00,D,0.00,12.00,12.00,12.00,12.00, ,-2.31,,16.70,12.30,0,0.00,47.2,1,0,0.00,0.00,0.00,12.00,-0.04,1.00,0,0,0.00,0
2026-05-02 19:19:04,658.55,1,0,0,0,0,0,0,0.11,0,1.00,5.27,3.47,4.02,1.00,D,0.00,12.00,12.00,12.00,12.00, ,6.45,,14.80,12.30,0,0.00,46.6,1,0,0.00,0.00,0.00,12.00,0.11,1.00,0,0,0.00,0
2026-05-02 19:19:05,659.56,1,0,0,0,0,0,0,0.11,0,1.00,5.27,3.47,4.06,1.00,D,0.00,12.00,12.00,12.00,12.00, ,6.85,,15.40,12.30,0,0.00,47.7,1,0,0.00,0.00,0.00,12.00,0.11,1.00,0,0,0.00,0
2026-05-02 19:19:06,660.57,1,0,0,0,0,0,0,0.13,0,1.00,5.27,3.47,3.98,1.00,D,0.00,12.00,12.00,12.00,12.00, ,7.74,,15.40,12.20,0,0.00,46.1,1,0,0.00,0.00,0.00,12.00,0.13,1.00,0,0,0.00,0
2026-05-02 19:19:07,661.58,1,0,0,0,0,0,0,0.06,0,1.00,5.27,3.47,3.94,1.00,D,0.00,12.00,12.00,12.00,12.00, ,3.56,,14.70,12.30,0,0.00,46.1,1,0,0.00,0.00,0.00,12.00,0.06,1.00,0,0,0.00,0
2026-05-02 19:19:08,662.59,1,0,0,0,0,0,0,0.06,0,1.00,5.27,3.47,3.94,1.00,D,0.00,12.00,12.00,12.00,12.00, ,3.67,,15.60,12.30,0,0.00,46.6,1,0,0.00,0.00,0.00,12.00,0.06,1.00,0,0,0.00,0
2026-05-02 19:19:09,663.71,1,0,0,0,0,0,0,-0.06,0,1.00,5.27,3.47,4.02,1.00,D,0.00,12.00,12.00,12.00,12.00, ,-3.86,,15.00,12.30,0,0.00,47.2,1,0,0.00,0.00,0.00,12.00,-0.06,1.00,0,0,0.00,0
2026-05-02 19:19:10,664.61,1,0,0,0,0,0,0,0.09,0,1.00,5.27,3.47,4.02,1.00,D,0.00,12.00,12.00,12.00,12.00, ,5.69,,15.30,12.30,0,0.00,46.6,1,0,0.00,0.00,0.00,12.00,0.09,1.00,0,0,0.00,0
2026-05-02 19:19:11,665.72,1,0,0,0,0,0,0,0.12,0,1.00,5.27,3.47,3.87,1.00,D,0.00,12.00,12.00,12.00,12.00, ,6.97,,15.70,12.30,0,0.00,46.1,1,0,0.00,0.00,0.00,12.00,0.12,1.00,0,0,0.00,0
2026-05-02 19:19:12,666.62,1,0,0,0,0,0,0,0.09,0,1.00,5.27,3.48,3.97,1.00,D,0.00,12.00,12.00,12.00,12.00, ,5.13,,15.70,12.20,0,0.00,46.6,1,0,0.00,0.00,0.00,12.00,0.09,1.00,0,0,0.00,0
2026-05-02 19:19:13,667.73,1,0,0,0,0,0,0,0.03,0,1.00,5.27,3.48,3.93,1.00,D,0.00,12.00,12.00,12.00,12.00, ,2.00,,14.40,12.30,0,0.00,46.6,1,0,0.00,0.00,0.00,12.00,0.03,1.00,0,0,0.00,0
2026-05-02 19:19:14,668.64,1,0,0,0,0,0,0,0.19,0,1.00,5.27,3.48,3.92,1.00,D,0.00,12.00,12.00,12.00,12.00, ,11.38,,16.50,12.20,0,0.00,45.5,1,0,0.00,0.00,0.00,12.00,0.19,1.00,0,0,0.00,0
2026-05-02 19:19:15,669.65,1,0,0,0,0,0,0,-0.13,0,1.00,5.27,3.48,3.94,1.00,D,0.00,12.00,12.00,12.00,12.00, ,-7.58,,15.70,12.20,0,0.00,46.1,1,0,0.00,0.00,0.00,12.00,-0.13,1.00,0,0,0.00,0
2026-05-02 19:19:16,670.67,1,0,0,0,0,0,0,-0.12,0,1.00,5.27,3.48,3.98,1.00,D,0.00,12.00,12.00,12.00,12.00, ,-6.93,,13.00,12.30,0,0.00,46.6,1,0,0.00,0.00,0.00,12.00,-0.12,1.00,0,0,0.00,0
2026-05-02 19:19:17,671.67,1,0,0,0,0,0,0,0.01,0,1.00,5.27,3.48,3.99,1.00,D,0.00,12.00,12.00,12.00,12.00, ,0.59,,14.80,12.30,0,0.00,47.2,1,0,0.00,0.00,0.00,12.00,0.01,1.00,0,0,0.00,0
2026-05-02 19:19:18,672.68,1,0,0,0,0,0,0,0.15,0,1.00,5.27,3.48,3.87,1.00,D,0.00,12.00,12.00,12.00,12.00, ,8.75,,13.40,12.30,0,0.00,47.7,1,0,0.00,0.00,0.00,12.00,0.15,1.00,0,0,0.00,0
2026-05-02 19:19:19,673.79,1,0,0,0,0,0,0,-0.14,0,1.00,5.27,3.48,3.95,1.00,D,0.00,12.00,12.00,12.00,12.00, ,-8.12,,12.80,12.30,0,0.00,47.7,1,0,0.00,0.00,0.00,12.00,-0.14,1.00,0,0,0.00,0
2026-05-02 19:19:20,674.70,1,0,0,0,0,0,0,0.20,0,1.00,5.27,3.48,3.92,1.00,D,0.00,12.00,12.00,12.00,12.00, ,12.01,,13.50,12.30,0,0.00,47.2,1,0,0.00,0.00,0.00,12.00,0.20,1.00,0,0,0.00,0
2026-05-02 19:19:21,675.71,1,0,0,0,0,0,0,-0.00,0,1.00,5.27,3.48,3.79,1.00,D,0.00,12.00,12.00,12.00,12.00, ,-0.04,,15.70,12.30,0,0.00,47.2,1,0,0.00,0.00,0.00,12.00,-0.00,1.00,0,0,0.00,0
2026-05-02 19:19:22,676.72,1,0,0,0,0,0,0,0.12,0,1.00,5.27,3.48,3.90,1.00,D,0.00,12.00,12.00,12.00,12.00, ,7.41,,15.40,12.30,0,0.00,47.2,1,0,0.00,0.00,0.00,12.00,0.12,1.00,0,0,0.00,0
2026-05-02 19:19:23,677.73,1,0,0,0,0,0,0,0.15,0,1.00,5.27,3.48,3.84,1.00,D,0.00,12.00,12.00,12.00,12.00, ,8.95,,15.90,12.30,0,0.00,47.2,1,0,0.00,0.00,0.00,12.00,0.15,1.00,0,0,0.00,0
2026-05-02 19:19:24,678.75,1,0,0,0,0,0,0,0.08,0,1.00,5.27,3.48,3.86,1.00,D,0.00,12.00,12.00,12.00,12.00, ,4.83,,16.20,12.30,0,0.00,45.0,1,0,0.00,0.00,0.00,12.00,0.08,1.00,0,0,0.00,0
2026-05-02 19:19:25,679.86,1,0,0,0,0,0,0,0.05,0,1.00,5.27,3.48,3.90,1.00,D,0.00,12.00,12.00,12.00,12.00, ,3.05,,16.00,12.30,0,0.00,45.0,1,0,0.00,0.00,0.00,12.00,0.05,1.00,0,0,0.00,0
2026-05-02 19:19:26,680.76,1,0,0,0,0,0,0,0.13,0,1.00,5.27,3.48,3.79,1.00,D,0.00,12.00,12.00,12.00,12.00, ,7.70,,15.50,12.30,0,0.00,46.6,1,0,0.00,0.00,0.00,12.00,0.13,1.00,0,0,0.00,0
2026-05-02 19:19:27,681.77,1,0,0,0,0,0,0,0.13,0,1.00,5.27,3.48,3.86,1.00,D,0.00,12.00,12.00,12.00,12.00, ,7.71,,16.90,12.30,0,0.00,46.6,1,0,0.00,0.00,0.00,12.00,0.13,1.00,0,0,0.00,0
2026-05-02 19:19:28,682.78,1,0,0,0,0,0,0,0.16,0,1.00,5.27,3.48,3.86,1.00,D,0.00,12.00,12.00,12.00,12.00, ,9.45,,15.90,12.30,0,0.00,46.6,1,0,0.00,0.00,0.00,12.00,0.16,1.00,0,0,0.00,0
2026-05-02 19:19:29,683.89,1,0,0,0,0,0,0,-0.05,0,1.00,5.27,3.48,3.87,1.00,D,0.00,12.00,12.00,12.00,12.00, ,-3.05,,15.90,12.30,0,0.00,47.7,1,0,0.00,0.00,0.00,12.00,-0.05,1.00,0,0,0.00,0
2026-05-02 19:19:30,684.80,1,0,0,0,0,0,0,0.18,0,1.00,5.27,3.49,3.92,1.00,D,0.00,12.00,12.00,12.00,12.00, ,10.82,,15.50,12.30,0,0.00,47.2,1,0,0.00,0.00,0.00,12.00,0.18,1.00,0,0,0.00,0
2026-05-02 19:19:31,685.81,1,0,0,0,0,0,0,-0.05,0,1.00,5.27,3.49,3.87,1.00,D,0.00,12.00,12.00,12.00,12.00, ,-2.98,,14.70,12.30,0,0.00,46.6,1,0,0.00,0.00,0.00,12.00,-0.05,1.00,0,0,0.00,0
2026-05-02 19:19:32,686.82,1,0,0,0,0,0,0,0.16,0,1.00,5.27,3.49,3.90,1.00,D,0.00,12.00,12.00,12.00,12.00, ,9.51,,16.90,12.30,0,0.00,47.2,1,0,0.00,0.00,0.00,12.00,0.16,1.00,0,0,0.00,0
2026-05-02 19:19:33,687.93,1,0,0,0,0,0,0,0.20,0,1.00,5.27,3.49,3.90,1.00,D,0.00,12.00,12.00,12.00,12.00, ,12.07,,14.60,12.30,0,0.00,46.1,1,0,0.00,0.00,0.00,12.00,0.20,1.00,0,0,0.00,0
2026-05-02 19:19:34,688.84,1,0,0,0,0,0,0,0.10,0,1.00,5.27,3.49,3.87,1.00,D,0.00,12.00,12.00,12.00,12.00, ,6.05,,15.40,12.30,0,0.00,46.6,1,0,0.00,0.00,0.00,12.00,0.10,1.00,0,0,0.00,0
2026-05-02 19:19:35,689.85,1,0,0,0,0,0,0,0.08,0,1.00,5.27,3.49,3.88,1.00,D,0.00,12.00,12.00,12.00,12.00, ,4.54,,15.90,12.30,0,0.00,46.6,1,0,0.00,0.00,0.00,12.00,0.08,1.00,0,0,0.00,0
2026-05-02 19:19:36,690.86,1,0,0,0,0,0,0,-0.20,0,1.00,5.27,3.49,3.75,1.00,D,0.00,12.00,12.00,12.00,12.00, ,-12.00,,14.90,12.30,0,0.00,45.5,1,0,0.00,0.00,0.00,12.00,-0.20,1.00,0,0,0.00,0
2026-05-02 19:19:37,691.87,1,0,0,0,0,0,0,0.15,0,1.00,5.27,3.49,4.00,1.00,D,0.00,12.00,12.00,12.00,12.00, ,9.05,,15.60,12.30,0,0.00,46.1,1,0,0.00,0.00,0.00,12.00,0.15,1.00,0,0,0.00,0
2026-05-02 19:19:38,692.89,1,0,0,0,0,0,0,0.19,0,1.00,5.27,3.49,3.86,1.00,D,0.00,12.00,12.00,12.00,12.00, ,11.29,,16.10,12.30,0,0.00,46.6,1,0,0.00,0.00,0.00,12.00,0.19,1.00,0,0,0.00,0
2026-05-02 19:19:39,693.90,1,0,0,0,0,0,0,0.03,0,1.00,5.27,3.49,3.90,1.00,D,0.00,12.00,12.00,12.00,12.00, ,1.60,,12.40,12.30,0,0.00,47.2,1,0,0.00,0.00,0.00,12.00,0.03,1.00,0,0,0.00,0
2026-05-02 19:19:40,694.91,1,0,0,0,0,0,0,-0.18,0,1.00,5.27,3.49,3.99,1.00,D,0.00,12.00,12.00,12.00,12.00, ,-11.01,,12.60,12.20,0,0.00,47.2,1,0,0.00,0.00,0.00,12.00,-0.18,1.00,0,0,0.00,0
2026-05-02 19:19:41,695.92,1,0,0,0,0,0,0,-0.00,0,1.00,5.27,3.49,3.96,1.00,D,0.00,12.00,12.00,12.00,12.00, ,-0.02,,13.90,12.20,0,0.00,48.3,1,0,0.00,0.00,0.00,12.00,-0.00,1.00,0,0,0.00,0
2026-05-02 19:19:42,696.93,0,0,0,0,0,0,0,1.00,0,1.00,5.27,3.49,2.42,0.46,D,0.00,12.00,12.00,12.00,12.00, ,0.00,,12.80,12.30,0,0.00,47.7,1,0,0.00,0.00,0.00,12.00,0.00,0.00,0,0,0.00,0
2026-05-02 19:19:43,697.94,0,0,0,0,0,0,0,1.00,0,0.06,5.27,3.49,2.26,0.45,D,0.00,12.00,12.00,12.00,12.00, ,0.00,,13.20,12.20,0,0.00,47.2,1,0,0.00,0.00,0.00,12.00,0.00,0.00,0,0,0.00,0
2026-05-02 19:19:44,698.95,0,0,0,0,0,0,0,0.00,0,1.00,5.27,3.49,2.40,0.94,D,0.00,12.00,12.00,12.00,12.00, ,0.00,,15.30,12.30,0,0.00,47.2,1,0,0.00,0.00,0.00,12.00,0.00,0.00,0,0,0.00,0
2026-05-02 19:19:45,699.97,0,0,0,0,0,0,0,0.00,0,0.98,5.27,3.49,4.02,0.98,D,0.00,12.00,12.00,12.00,12.00, ,0.00,,15.20,12.30,0,0.00,47.2,1,0,0.00,0.00,0.00,12.00,0.00,0.00,0,0,0.00,0
2026-05-02 19:19:46,700.98,0,0,0,0,0,0,0,0.00,0,1.00,5.27,3.49,4.21,1.00,D,0.00,12.00,12.00,12.00,12.00, ,0.00,,13.60,12.30,0,0.00,48.3,1,0,0.00,0.00,0.00,12.00,0.00,0.00,0,0,0.00,0
2026-05-02 19:19:47,701.99,0,0,0,0,0,0,0,0.00,0,0.34,5.27,3.49,4.57,0.98,D,0.00,12.00,12.00,12.00,12.00, ,0.00,,13.70,12.30,0,0.00,47.2,1,0,0.00,0.00,0.00,12.00,0.00,0.00,0,0,0.00,0
2026-05-02 19:19:48,703.01,0,0,0,0,0,0,0,0.85,0,1.00,5.27,3.49,4.46,0.16,D,0.00,12.00,12.00,12.00,12.00, ,0.00,,12.40,12.30,0,0.00,47.7,1,0,0.00,0.00,0.00,12.00,0.00,0.00,0,0,0.00,0
2026-05-02 19:19:49,704.01,0,0,0,0,0,0,0,0.00,0,1.00,5.27,3.49,3.88,0.67,D,0.00,12.00,12.00,12.00,12.00, ,0.00,,13.30,12.20,0,0.00,48.8,1,0,0.00,0.00,0.00,12.00,0.00,0.00,0,0,0.00,0
2026-05-02 19:19:50,705.03,0,0,0,0,0,0,0,0.00,0,1.00,5.27,3.49,4.22,1.00,D,0.00,12.00,12.00,12.00,12.00, ,0.00,,16.20,12.20,0,0.00,47.2,1,0,0.00,0.00,0.00,12.00,0.00,0.00,0,0,0.00,0
2026-05-02 19:19:51,706.14,0,0,0,0,0,0,0,0.00,0,1.00,5.27,3.49,4.52,1.00,D,0.00,12.00,12.00,12.00,12.00, ,0.00,,15.20,12.20,0,0.00,47.7,1,0,0.00,0.00,0.00,12.00,0.00,0.00,0,0,0.00,0
2026-05-02 19:19:52,707.04,0,0,0,0,0,0,0,0.00,0,1.00,5.27,3.50,4.64,1.00,D,0.00,12.00,12.00,12.00,12.00, ,0.00,,16.20,12.20,0,0.00,47.2,1,0,0.00,0.00,0.00,12.00,0.00,0.00,0,0,0.00,0
2026-05-02 19:19:53,708.05,0,0,0,0,0,0,0,0.00,0,1.00,5.27,3.50,4.63,1.00,D,0.00,12.00,12.00,12.00,12.00, ,0.00,,16.20,12.20,0,0.00,46.1,1,0,0.00,0.00,0.00,12.00,0.00,0.00,0,0,0.00,0
2026-05-02 19:19:54,709.07,0,0,0,0,0,0,0,0.00,0,1.00,5.27,3.50,4.77,1.00,D,0.00,12.00,12.00,12.00,12.00, ,0.00,,15.40,12.20,0,0.00,46.6,1,0,0.00,0.00,0.00,12.00,0.00,0.00,0,0,0.00,0
2026-05-02 19:19:55,710.18,1,0,0,0,0,0,0,0.24,0,1.00,5.27,3.50,4.78,1.00,D,0.00,12.00,12.00,12.00,12.00, ,14.28,,16.50,12.30,0,0.00,45.5,1,0,0.00,0.00,0.00,12.00,0.24,1.00,0,0,0.00,0
2026-05-02 19:19:56,711.08,1,0,0,0,0,0,0,0.08,0,1.00,5.27,3.50,4.46,1.00,D,0.00,12.00,12.00,12.00,12.00, ,5.05,,16.70,12.30,0,0.00,46.1,1,0,0.00,0.00,0.00,12.00,0.08,1.00,0,0,0.00,0
2026-05-02 19:19:57,712.09,1,0,0,0,0,0,0,-0.01,0,1.00,5.27,3.50,4.77,1.00,D,0.00,12.00,12.00,12.00,12.00, ,-0.83,,15.50,12.30,0,0.00,46.1,1,0,0.00,0.00,0.00,12.00,-0.01,1.00,0,0,0.00,0
2026-05-02 19:19:58,713.11,1,0,0,0,0,0,0,0.24,0,1.00,5.27,3.51,4.71,1.00,D,0.00,12.00,12.00,12.00,12.00, ,14.23,,16.30,12.30,0,0.00,46.6,1,0,0.00,0.00,0.00,12.00,0.24,1.00,0,0,0.00,0
2026-05-02 19:19:59,714.12,1,0,0,0,0,0,0,0.11,0,1.00,5.27,3.51,4.54,1.00,D,0.00,12.00,12.00,12.00,12.00, ,6.37,,15.40,12.30,0,0.00,46.6,1,0,0.00,0.00,0.00,12.00,0.11,1.00,0,0,0.00,0
2026-05-02 19:20:00,715.13,1,0,0,0,0,0,0,-0.03,0,1.00,5.27,3.51,4.68,1.00,D,0.00,12.00,12.00,12.00,12.00, ,-1.91,,17.00,12.30,0,0.00,46.6,1,0,0.00,0.00,0.00,12.00,-0.03,1.00,0,0,0.00,0
2026-05-02 19:20:01,716.25,1,0,0,0,0,0,0,0.19,0,1.00,5.27,3.51,4.55,1.00,D,0.00,12.00,12.00,12.00,12.00, ,11.62,,16.90,12.30,0,0.00,47.7,1,0,0.00,0.00,0.00,12.00,0.19,1.00,0,0,0.00,0
2026-05-02 19:20:02,717.15,1,0,0,0,0,0,0,0.07,0,1.00,5.27,3.51,4.61,1.00,D,0.00,12.00,12.00,12.00,12.00, ,4.31,,17.40,12.30,0,0.00,46.1,1,0,0.00,0.00,0.00,12.00,0.07,1.00,0,0,0.00,0
2026-05-02 19:20:03,718.26,1,0,0,0,0,0,0,0.09,0,1.00,5.27,3.51,4.68,1.00,D,0.00,12.00,12.00,12.00,12.00, ,5.66,,16.70,12.30,0,0.00,45.5,1,0,0.00,0.00,0.00,12.00,0.09,1.00,0,0,0.00,0
2026-05-02 19:20:04,719.17,1,0,0,0,0,0,0,0.17,0,1.00,5.27,3.52,4.60,1.00,D,0.00,12.00,12.00,12.00,12.00, ,10.29,,15.80,12.30,0,0.00,46.6,1,0,0.00,0.00,0.00,12.00,0.17,1.00,0,0,0.00,0
2026-05-02 19:20:05,720.18,1,0,0,0,0,0,0,0.33,0,1.00,5.27,3.52,4.49,1.00,D,0.00,12.00,12.00,12.00,12.00, ,19.90,,16.30,12.30,0,0.00,45.0,1,0,0.00,0.00,0.00,12.00,0.33,1.00,0,0,0.00,0
2026-05-02 19:20:06,721.19,1,0,0,0,0,0,0,0.39,0,1.00,5.27,3.52,4.47,1.00,D,0.00,12.00,12.00,12.00,12.00, ,23.56,,15.20,12.30,0,0.00,46.6,1,0,0.00,0.00,0.00,12.00,0.39,1.00,0,0,0.00,0
2026-05-02 19:20:07,722.20,1,0,0,0,0,0,0,0.48,0,1.00,5.27,3.52,4.50,1.00,D,0.00,12.00,12.00,12.00,12.00, ,28.88,,16.50,12.30,0,0.00,47.2,1,0,0.00,0.00,0.00,12.00,0.48,1.00,0,0,0.00,0
2026-05-02 19:20:08,723.21,1,0,0,0,0,0,0,0.37,0,1.00,5.27,3.52,4.49,1.00,D,0.00,12.00,12.00,12.00,12.00, ,22.19,,17.30,12.30,0,0.00,45.5,1,0,0.00,0.00,0.00,12.00,0.37,1.00,0,0,0.00,0
2026-05-02 19:20:09,724.23,1,0,0,0,0,0,0,0.21,0,1.00,5.27,3.52,4.50,1.00,D,0.00,12.00,12.00,12.00,12.00, ,12.81,,15.40,12.30,0,0.00,46.6,1,0,0.00,0.00,0.00,12.00,0.21,1.00,0,0,0.00,0
2026-05-02 19:20:10,725.24,1,0,0,0,0,0,0,0.24,0,1.00,5.27,3.52,4.43,1.00,D,0.00,12.00,12.00,12.00,12.00, ,14.64,,15.20,12.30,0,0.00,46.6,1,0,0.00,0.00,0.00,12.00,0.24,1.00,0,0,0.00,0
2026-05-02 19:20:11,726.25,1,0,0,0,0,0,0,0.43,0,1.00,5.27,3.53,4.36,1.00,D,0.00,12.00,12.00,12.00,12.00, ,25.57,,15.50,12.30,0,0.00,46.6,1,0,0.00,0.00,0.00,12.00,0.43,1.00,0,0,0.00,0
2026-05-02 19:20:12,727.26,1,0,0,0,0,0,0,0.25,0,1.00,5.27,3.53,4.38,1.00,D,0.00,12.00,12.00,12.00,12.00, ,15.19,,14.70,12.30,0,0.00,46.1,1,0,0.00,0.00,0.00,12.00,0.25,1.00,0,0,0.00,0
2026-05-02 19:20:14,728.27,1,0,0,0,0,0,0,0.06,0,1.00,5.27,3.53,4.44,1.00,D,0.00,12.00,12.00,12.00,12.00, ,3.65,,16.20,12.30,0,0.00,46.6,1,0,0.00,0.00,0.00,12.00,0.06,1.00,0,0,0.00,0
2026-05-02 19:20:15,729.29,1,0,0,0,0,0,0,0.16,0,1.00,5.27,3.53,4.62,1.00,D,0.00,12.00,12.00,12.00,12.00, ,9.57,,15.30,12.30,0,0.00,47.2,1,0,0.00,0.00,0.00,12.00,0.16,1.00,0,0,0.00,0
2026-05-02 19:20:16,730.30,1,0,0,0,0,0,0,0.21,0,1.00,5.27,3.53,4.48,1.00,D,0.00,12.00,12.00,12.00,12.00, ,12.36,,15.70,12.20,0,0.00,46.6,1,0,0.00,0.00,0.00,12.00,0.21,1.00,0,0,0.00,0
2026-05-02 19:20:17,731.31,1,0,0,0,0,0,0,0.09,0,1.00,5.27,3.53,4.51,1.00,D,0.00,12.00,12.00,12.00,12.00, ,5.32,,16.00,12.30,0,0.00,46.6,1,0,0.00,0.00,0.00,12.00,0.09,1.00,0,0,0.00,0
2026-05-02 19:20:18,732.42,1,0,0,0,0,0,0,0.19,0,1.00,5.27,3.53,4.47,1.00,D,0.00,12.00,12.00,12.00,12.00, ,11.56,,15.40,12.30,0,0.00,46.6,1,0,0.00,0.00,0.00,12.00,0.19,1.00,0,0,0.00,0
2026-05-02 19:20:19,733.33,1,0,0,0,0,0,0,-0.10,0,1.00,5.27,3.54,4.59,1.00,D,0.00,12.00,12.00,12.00,12.00, ,-6.07,,14.70,12.30,0,0.00,46.6,1,0,0.00,0.00,0.00,12.00,-0.10,1.00,0,0,0.00,0
2026-05-02 19:20:20,734.34,1,0,0,0,0,0,0,0.12,0,1.00,5.27,3.54,4.65,1.00,D,0.00,12.00,12.00,12.00,12.00, ,6.93,,15.80,12.30,0,0.00,47.2,1,0,0.00,0.00,0.00,12.00,0.12,1.00,0,0,0.00,0
2026-05-02 19:20:21,735.35,1,0,0,0,0,0,0,-0.01,0,1.00,5.27,3.54,4.56,1.00,D,0.00,12.00,12.00,12.00,12.00, ,-0.81,,15.60,12.30,0,0.00,45.0,1,0,0.00,0.00,0.00,12.00,-0.01,1.00,0,0,0.00,0
2026-05-02 19:20:22,736.47,1,0,0,0,0,0,0,0.09,0,1.00,5.27,3.54,4.58,1.00,D,0.00,12.00,12.00,12.00,12.00, ,5.29,,15.70,12.30,0,0.00,46.1,1,0,0.00,0.00,0.00,12.00,0.09,1.00,0,0,0.00,0
2026-05-02 19:20:23,737.37,1,0,0,0,0,0,0,0.13,0,1.00,5.27,3.54,4.39,1.00,D,0.00,12.00,12.00,12.00,12.00, ,8.02,,15.80,12.30,0,0.00,46.6,1,0,0.00,0.00,0.00,12.00,0.13,1.00,0,0,0.00,0
2026-05-02 19:20:24,738.38,1,0,0,0,0,0,0,-0.02,0,1.00,5.27,3.54,4.51,1.00,D,0.00,12.00,12.00,12.00,12.00, ,-1.03,,15.30,12.30,0,0.00,46.6,1,0,0.00,0.00,0.00,12.00,-0.02,1.00,0,0,0.00,0
2026-05-02 19:20:25,739.39,1,0,0,0,0,0,0,-0.23,0,1.00,5.27,3.54,4.61,1.00,D,0.00,12.00,12.00,12.00,12.00, ,-13.82,,15.50,12.30,0,0.00,45.5,1,0,0.00,0.00,0.00,12.00,-0.23,1.00,0,0,0.00,0
2026-05-02 19:20:26,740.41,1,0,0,0,0,0,0,-0.22,0,1.00,5.27,3.54,4.50,1.00,D,0.00,12.00,12.00,12.00,12.00, ,-13.42,,16.80,12.30,0,0.00,45.5,1,0,0.00,0.00,0.00,12.00,-0.22,1.00,0,0,0.00,0
2026-05-02 19:20:27,741.42,1,0,0,0,0,0,0,-0.05,0,1.00,5.27,3.55,4.61,1.00,D,0.00,12.00,12.00,12.00,12.00, ,-3.27,,15.10,12.30,0,0.00,45.5,1,0,0.00,0.00,0.00,12.00,-0.05,1.00,0,0,0.00,0
2026-05-02 19:20:28,742.43,1,0,0,0,0,0,0,0.17,0,1.00,5.27,3.55,4.46,1.00,D,0.00,12.00,12.00,12.00,12.00, ,10.44,,14.90,12.30,0,0.00,46.6,1,0,0.00,0.00,0.00,12.00,0.17,1.00,0,0,0.00,0
2026-05-02 19:20:29,743.45,1,0,0,0,0,0,0,-0.06,0,1.00,5.27,3.55,4.57,1.00,D,0.00,12.00,12.00,12.00,12.00, ,-3.50,,17.00,12.30,0,0.00,47.2,1,0,0.00,0.00,0.00,12.00,-0.06,1.00,0,0,0.00,0
2026-05-02 19:20:30,744.46,1,0,0,0,0,0,0,0.28,0,1.00,5.27,3.55,4.47,1.00,D,0.00,12.00,12.00,12.00,12.00, ,16.84,,16.00,12.30,0,0.00,47.2,1,0,0.00,0.00,0.00,12.00,0.28,1.00,0,0,0.00,0
2026-05-02 19:20:31,745.47,1,0,0,0,0,0,0,0.00,0,1.00,5.27,3.55,4.40,1.00,D,0.00,12.00,12.00,12.00,12.00, ,0.06,,15.20,12.20,0,0.00,46.6,1,0,0.00,0.00,0.00,12.00,0.00,1.00,0,0,0.00,0
2026-05-02 19:20:32,746.48,1,0,0,0,0,0,0,-0.10,0,1.00,5.27,3.55,4.55,1.00,D,0.00,12.00,12.00,12.00,12.00, ,-6.04,,16.10,12.20,0,0.00,45.0,1,0,0.00,0.00,0.00,12.00,-0.10,1.00,0,0,0.00,0
2026-05-02 19:20:33,747.50,1,0,0,0,0,0,0,0.17,0,1.00,5.27,3.55,4.56,1.00,D,0.00,12.00,12.00,12.00,12.00, ,9.96,,15.80,12.30,0,0.00,46.1,1,0,0.00,0.00,0.00,12.00,0.17,1.00,0,0,0.00,0
2026-05-02 19:20:34,748.51,1,0,0,0,0,0,0,0.07,0,1.00,5.27,3.56,4.56,1.00,D,0.00,12.00,12.00,12.00,12.00, ,4.23,,15.50,12.30,0,0.00,46.6,1,0,0.00,0.00,0.00,12.00,0.07,1.00,0,0,0.00,0
2026-05-02 19:20:35,749.52,1,0,0,0,0,0,0,0.22,0,1.00,5.27,3.56,4.56,1.00,D,0.00,12.00,12.00,12.00,12.00, ,13.11,,15.90,12.20,0,0.00,44.4,1,0,0.00,0.00,0.00,12.00,0.22,1.00,0,0,0.00,0
2026-05-02 19:20:36,750.53,1,0,0,0,0,0,0,-0.02,0,1.00,5.27,3.56,4.52,1.00,D,0.00,12.00,12.00,12.00,12.00, ,-1.16,,16.30,12.30,0,0.00,44.4,1,0,0.00,0.00,0.00,12.00,-0.02,1.00,0,0,0.00,0
2026-05-02 19:20:37,751.55,1,0,0,0,0,0,0,0.16,0,1.00,5.27,3.56,4.64,1.00,D,0.00,12.00,12.00,12.00,12.00, ,9.71,,15.40,12.30,0,0.00,46.6,1,0,0.00,0.00,0.00,12.00,0.16,1.00,0,0,0.00,0
2026-05-02 19:20:38,752.56,1,0,0,0,0,0,0,0.09,0,1.00,5.27,3.56,4.58,1.00,D,0.00,12.00,12.00,12.00,12.00, ,5.53,,16.20,12.30,0,0.00,46.1,1,0,0.00,0.00,0.00,12.00,0.09,1.00,0,0,0.00,0
2026-05-02 19:20:39,753.57,1,0,0,0,0,0,0,0.02,0,1.00,5.27,3.56,4.53,1.00,D,0.00,12.00,12.00,12.00,12.00, ,1.14,,16.80,12.30,0,0.00,45.0,1,0,0.00,0.00,0.00,12.00,0.02,1.00,0,0,0.00,0
2026-05-02 19:20:40,754.68,1,0,0,0,0,0,0,0.12,0,1.00,5.27,3.56,4.56,1.00,D,0.00,12.00,12.00,12.00,12.00, ,7.48,,14.80,12.30,0,0.00,46.1,1,0,0.00,0.00,0.00,12.00,0.12,1.00,0,0,0.00,0
2026-05-02 19:20:41,755.58,1,0,0,0,0,0,0,0.10,0,1.00,5.27,3.56,4.64,1.00,D,0.00,12.00,12.00,12.00,12.00, ,6.18,,16.20,12.30,0,0.00,46.6,1,0,0.00,0.00,0.00,12.00,0.10,1.00,0,0,0.00,0
2026-05-02 19:20:42,756.60,1,0,0,0,0,0,0,-0.02,0,1.00,5.27,3.57,4.47,1.00,D,0.00,12.00,12.00,12.00,12.00, ,-1.12,,16.10,12.30,0,0.00,46.6,1,0,0.00,0.00,0.00,12.00,-0.02,1.00,0,0,0.00,0
2026-05-02 19:20:43,757.71,1,0,0,0,0,0,0,-0.00,0,1.00,5.27,3.57,4.63,1.00,D,0.00,12.00,12.00,12.00,12.00, ,-0.23,,15.60,12.30,0,0.00,45.0,1,0,0.00,0.00,0.00,12.00,-0.00,1.00,0,0,0.00,0
2026-05-02 19:20:44,758.62,1,0,0,0,0,0,0,0.18,0,1.00,5.27,3.57,4.67,1.00,D,0.00,12.00,12.00,12.00,12.00, ,11.01,,16.30,12.30,0,0.00,45.0,1,0,0.00,0.00,0.00,12.00,0.18,1.00,0,0,0.00,0
2026-05-02 19:20:45,759.63,1,0,0,0,0,0,0,0.18,0,1.00,5.27,3.57,4.46,1.00,D,0.00,12.00,12.00,12.00,12.00, ,10.54,,15.20,12.30,0,0.00,46.1,1,0,0.00,0.00,0.00,12.00,0.18,1.00,0,0,0.00,0
2026-05-02 19:20:46,760.64,1,0,0,0,0,0,0,-0.03,0,1.00,5.27,3.57,4.57,1.00,D,0.00,12.00,12.00,12.00,12.00, ,-1.98,,14.90,12.30,0,0.00,46.6,1,0,0.00,0.00,0.00,12.00,-0.03,1.00,0,0,0.00,0
2026-05-02 19:20:47,761.66,1,0,0,0,0,0,0,0.10,0,1.00,5.27,3.57,4.66,1.00,D,0.00,12.00,12.00,12.00,12.00, ,5.94,,17.20,12.30,0,0.00,45.5,1,0,0.00,0.00,0.00,12.00,0.10,1.00,0,0,0.00,0
2026-05-02 19:20:48,762.66,1,0,0,0,0,0,0,0.19,0,1.00,5.27,3.57,4.57,1.00,D,0.00,12.00,12.00,12.00,12.00, ,11.41,,13.30,12.30,0,0.00,46.1,1,0,0.00,0.00,0.00,12.00,0.19,1.00,0,0,0.00,0
2026-05-02 19:20:49,763.67,1,0,0,0,0,0,0,0.17,0,1.00,5.27,3.58,4.54,1.00,D,0.00,12.00,12.00,12.00,12.00, ,10.10,,12.90,12.20,0,0.00,45.5,1,0,0.00,0.00,0.00,12.00,0.17,1.00,0,0,0.00,0
2026-05-02 19:20:50,764.68,1,0,0,0,0,0,0,0.05,0,1.00,5.27,3.58,4.55,1.00,D,0.00,12.00,12.00,12.00,12.00, ,2.99,,14.40,12.30,0,0.00,47.2,1,0,0.00,0.00,0.00,12.00,0.05,1.00,0,0,0.00,0
2026-05-02 19:20:51,765.70,1,0,0,0,0,0,0,-0.22,0,1.00,5.27,3.58,4.65,1.00,D,0.00,12.00,12.00,12.00,12.00, ,-13.05,,13.20,12.30,0,0.00,47.2,1,0,0.00,0.00,0.00,12.00,-0.22,1.00,0,0,0.00,0
2026-05-02 19:20:52,766.71,1,0,0,0,0,0,0,0.20,0,1.00,5.27,3.58,4.71,1.00,D,0.00,12.00,12.00,12.00,12.00, ,11.81,,14.10,12.20,0,0.00,47.7,1,0,0.00,0.00,0.00,12.00,0.20,1.00,0,0,0.00,0
2026-05-02 19:20:53,767.72,1,0,0,0,0,0,0,0.01,0,1.00,5.27,3.58,4.66,1.00,D,0.00,12.00,12.00,12.00,12.00, ,0.67,,16.70,12.20,0,0.00,46.6,1,0,0.00,0.00,0.00,12.00,0.01,1.00,0,0,0.00,0
2026-05-02 19:20:54,768.73,1,0,0,0,0,0,0,0.18,0,1.00,5.27,3.58,4.70,1.00,D,0.00,12.00,12.00,12.00,12.00, ,10.71,,14.50,12.30,0,0.00,46.6,1,0,0.00,0.00,0.00,12.00,0.18,1.00,0,0,0.00,0
2026-05-02 19:20:55,769.75,1,0,0,0,0,0,0,0.07,0,1.00,5.27,3.58,4.36,1.00,D,0.00,12.00,12.00,12.00,12.00, ,4.21,,15.70,12.20,0,0.00,47.2,1,0,0.00,0.00,0.00,12.00,0.07,1.00,0,0,0.00,0
2026-05-02 19:20:56,770.76,1,0,0,0,0,0,0,-0.02,0,1.00,5.27,3.58,4.56,1.00,D,0.00,12.00,12.00,12.00,12.00, ,-1.14,,15.90,12.30,0,0.00,47.2,1,0,0.00,0.00,0.00,12.00,-0.02,1.00,0,0,0.00,0
2026-05-02 19:20:57,771.77,1,0,0,0,0,0,0,0.20,0,1.00,5.27,3.59,4.64,1.00,D,0.00,12.00,12.00,12.00,12.00, ,11.73,,15.40,12.30,0,0.00,45.5,1,0,0.00,0.00,0.00,12.00,0.20,1.00,0,0,0.00,0
2026-05-02 19:20:58,772.78,1,0,0,0,0,0,0,0.15,0,1.00,5.27,3.59,4.53,1.00,D,0.00,12.00,12.00,12.00,12.00, ,9.13,,15.00,12.20,0,0.00,46.6,1,0,0.00,0.00,0.00,12.00,0.15,1.00,0,0,0.00,0
2026-05-02 19:20:59,773.79,1,0,0,0,0,0,0,0.09,0,1.00,5.27,3.59,4.51,1.00,D,0.00,12.00,12.00,12.00,12.00, ,5.70,,16.30,12.30,0,0.00,46.1,1,0,0.00,0.00,0.00,12.00,0.09,1.00,0,0,0.00,0
2026-05-02 19:21:00,774.80,1,0,0,0,0,0,0,0.05,0,1.00,5.27,3.59,4.56,1.00,D,0.00,12.00,12.00,12.00,12.00, ,3.19,,14.70,12.30,0,0.00,45.5,1,0,0.00,0.00,0.00,12.00,0.05,1.00,0,0,0.00,0
2026-05-02 19:21:01,775.81,1,0,0,0,0,0,0,0.20,0,1.00,5.27,3.59,4.58,1.00,D,0.00,12.00,12.00,12.00,12.00, ,12.15,,16.40,12.20,0,0.00,46.6,1,0,0.00,0.00,0.00,12.00,0.20,1.00,0,0,0.00,0
2026-05-02 19:21:02,776.83,1,0,0,0,0,0,0,-0.07,0,1.00,5.27,3.59,4.53,1.00,D,0.00,12.00,12.00,12.00,12.00, ,-4.01,,14.90,12.20,0,0.00,45.5,1,0,0.00,0.00,0.00,12.00,-0.07,1.00,0,0,0.00,0
2026-05-02 19:21:03,777.84,1,0,0,0,0,0,0,0.11,0,1.00,5.27,3.59,4.55,1.00,D,0.00,12.00,12.00,12.00,12.00, ,6.41,,15.10,12.30,0,0.00,45.5,1,0,0.00,0.00,0.00,12.00,0.11,1.00,0,0,0.00,0
2026-05-02 19:21:04,778.85,1,0,0,0,0,0,0,0.04,0,1.00,5.27,3.59,4.49,1.00,D,0.00,12.00,12.00,12.00,12.00, ,2.40,,16.10,12.30,0,0.00,46.6,1,0,0.00,0.00,0.00,12.00,0.04,1.00,0,0,0.00,0
2026-05-02 19:21:05,779.86,1,0,0,0,0,0,0,0.04,0,1.00,5.27,3.60,4.75,1.00,D,0.00,12.00,12.00,12.00,12.00, ,2.58,,17.30,12.30,0,0.00,46.1,1,0,0.00,0.00,0.00,12.00,0.04,1.00,0,0,0.00,0
2026-05-02 19:21:06,780.97,1,0,0,0,0,0,0,0.12,0,1.00,5.27,3.60,4.51,1.00,D,0.00,12.00,12.00,12.00,12.00, ,7.05,,15.90,12.20,0,0.00,46.1,1,0,0.00,0.00,0.00,12.00,0.12,1.00,0,0,0.00,0
2026-05-02 19:21:07,781.88,1,0,0,0,0,0,0,0.10,0,1.00,5.27,3.60,4.59,1.00,D,0.00,12.00,12.00,12.00,12.00, ,5.79,,16.00,12.20,0,0.00,45.0,1,0,0.00,0.00,0.00,12.00,0.10,1.00,0,0,0.00,0
2026-05-02 19:21:08,782.89,1,0,0,0,0,0,0,-0.10,0,1.00,5.27,3.60,4.51,1.00,D,0.00,12.00,12.00,12.00,12.00, ,-5.94,,16.90,12.20,0,0.00,46.1,1,0,0.00,0.00,0.00,12.00,-0.10,1.00,0,0,0.00,0
2026-05-02 19:21:09,783.90,1,0,0,0,0,0,0,0.23,0,1.00,5.27,3.60,4.63,1.00,D,0.00,12.00,12.00,12.00,12.00, ,13.82,,15.90,12.20,0,0.00,45.5,1,0,0.00,0.00,0.00,12.00,0.23,1.00,0,0,0.00,0
2026-05-02 19:21:10,784.91,0,0,0,0,0,0,0,0.00,1,0.00,5.27,3.60,1.35,0.00,D,0.00,12.00,12.00,12.00,12.00, ,0.00,,15.60,12.30,0,0.00,46.6,1,0,0.00,0.00,0.00,12.00,0.00,0.00,0,0,0.00,0
2026-05-02 19:21:11,785.92,0,0,0,0,0,0,0,0.00,0,0.00,5.27,3.60,0.00,0.00,D,0.00,12.00,12.00,12.00,12.00, ,0.00,,13.70,12.30,0,0.16,46.1,1,0,0.00,0.00,0.00,12.00,0.00,0.00,0,0,0.00,0
2026-05-02 19:21:12,787.03,0,0,0,0,0,0,0,0.00,0,0.00,5.27,3.59,0.00,0.00,D,0.00,12.00,12.00,12.00,12.00, ,0.00,,13.30,12.30,0,1.27,46.6,1,0,0.00,0.00,0.00,12.00,0.00,0.00,0,0,0.00,0
2026-05-02 19:21:13,787.94,0,0,0,0,0,0,0,0.00,0,0.00,5.27,3.59,0.00,0.00,D,0.00,12.00,12.00,12.00,12.00, ,0.00,,13.30,12.30,0,2.17,46.1,1,0,0.00,0.00,0.00,12.00,0.00,0.00,0,0,0.00,0
2026-05-02 19:21:14,788.95,0,0,0,0,0,0,0,0.00,0,0.00,5.27,3.58,0.00,0.00,D,0.00,12.00,12.00,12.00,12.00, ,0.00,,13.60,12.30,0,3.19,46.6,1,0,0.00,0.00,0.00,12.00,0.00,0.00,0,0,0.00,0
2026-05-02 19:21:15,789.96,0,0,0,0,0,0,0,0.00,0,0.00,5.27,3.58,0.00,0.00,D,0.00,12.00,12.00,12.00,12.00, ,0.00,,12.70,12.20,0,4.20,46.6,1,0,0.00,0.00,0.00,12.00,0.00,0.00,0,0,0.00,0
2026-05-02 19:21:16,791.08,0,0,0,0,0,0,0,1.00,0,1.00,5.27,3.57,0.11,0.48,D,0.00,12.00,12.00,12.00,12.00, ,0.00,,13.80,12.30,0,0.00,46.1,1,0,0.00,0.00,0.00,12.00,0.00,0.00,0,0,0.00,0
2026-05-02 19:21:17,791.98,0,0,0,0,0,0,0,1.00,0,0.00,5.27,3.57,2.29,0.77,D,0.00,12.00,12.00,12.00,12.00, ,0.00,,14.30,12.30,0,0.00,46.6,1,0,0.00,0.00,0.00,12.00,0.00,0.00,0,0,0.00,0
2026-05-02 19:21:18,793.00,0,0,0,0,0,0,0,0.00,0,0.00,5.27,3.57,1.54,0.16,D,0.00,12.00,12.00,12.00,12.00, ,0.00,,14.40,12.30,0,0.00,46.6,1,0,0.00,0.00,0.00,12.00,0.00,0.00,0,0,0.00,0
2026-05-02 19:21:19,794.01,0,0,0,0,0,0,0,0.00,0,0.00,5.27,3.56,0.00,0.00,D,0.00,12.00,12.00,12.00,12.00, ,0.00,,13.70,12.30,0,0.37,45.5,1,0,0.00,0.00,0.00,12.00,0.00,0.00,0,0,0.00,0
2026-05-02 19:21:20,795.12,0,0,0,0,0,0,0,0.00,0,0.00,5.27,3.56,0.00,0.00,D,0.00,12.00,12.00,12.00,12.00, ,0.00,,12.70,12.30,0,0.02,46.1,1,0,0.00,0.00,0.00,12.00,0.00,0.00,0,0,0.00,0
2026-05-02 19:21:21,796.02,0,0,0,0,0,0,0,0.00,0,0.00,5.27,3.56,0.00,0.00,D,0.00,12.00,12.00,12.00,12.00, ,0.00,,12.80,12.30,0,0.13,46.6,1,0,0.00,0.00,0.00,12.00,0.00,0.00,0,0,0.00,0
2026-05-02 19:21:22,797.04,0,0,0,0,0,0,0,1.00,0,1.00,5.27,3.55,0.00,0.34,D,0.00,12.00,12.00,12.00,12.00, ,0.00,,13.90,12.30,0,0.72,46.6,1,0,0.00,0.00,0.00,12.00,0.00,0.00,0,0,0.00,0
2026-05-02 19:21:23,798.05,0,0,0,0,0,0,0,1.00,0,1.00,5.27,3.55,0.90,0.84,D,0.00,12.00,12.00,12.00,12.00, ,0.00,,13.70,12.30,0,0.00,46.6,1,0,0.00,0.00,0.00,12.00,0.00,0.00,0,0,0.00,0
2026-05-02 19:21:24,799.06,1,0,0,0,0,0,0,0.18,0,1.00,5.27,3.54,1.69,0.78,D,0.00,12.00,12.00,12.00,12.00, ,10.54,,14.60,12.30,0,0.00,46.6,1,0,0.00,0.00,0.00,12.00,0.18,1.00,0,0,0.00,0
2026-05-02 19:21:25,800.07,1,0,0,0,0,0,0,-0.05,0,1.00,5.27,3.54,3.63,1.00,D,0.00,12.00,12.00,12.00,12.00, ,-2.89,,15.50,12.30,0,0.00,46.6,1,0,0.00,0.00,0.00,12.00,-0.05,1.00,0,0,0.00,0
2026-05-02 19:21:26,801.08,1,0,0,0,0,0,0,0.26,0,1.00,5.27,3.54,4.04,1.00,D,0.00,12.00,12.00,12.00,12.00, ,15.30,,16.20,12.30,0,0.00,46.1,1,0,0.00,0.00,0.00,12.00,0.26,1.00,0,0,0.00,0
2026-05-02 19:21:27,802.09,1,0,0,0,0,0,0,0.13,0,1.00,5.27,3.54,4.06,1.00,D,0.00,12.00,12.00,12.00,12.00, ,7.60,,14.70,12.30,0,0.00,45.5,1,0,0.00,0.00,0.00,12.00,0.13,1.00,0,0,0.00,0
2026-05-02 19:21:28,803.10,1,0,0,0,0,0,0,-0.16,0,1.00,5.27,3.55,4.04,1.00,D,0.00,12.00,12.00,12.00,12.00, ,-9.32,,16.10,12.30,0,0.00,45.5,1,0,0.00,0.00,0.00,12.00,-0.16,1.00,0,0,0.00,0
2026-05-02 19:21:29,804.21,1,0,0,0,0,0,0,0.13,0,1.00,5.27,3.55,3.94,1.00,D,0.00,12.00,12.00,12.00,12.00, ,7.83,,16.10,12.30,0,0.00,45.0,1,0,0.00,0.00,0.00,12.00,0.13,1.00,0,0,0.00,0
2026-05-02 19:21:30,805.11,1,0,0,0,0,0,0,0.08,0,1.00,5.27,3.55,3.84,1.00,D,0.00,12.00,12.00,12.00,12.00, ,4.59,,15.70,12.30,0,0.00,45.0,1,0,0.00,0.00,0.00,12.00,0.08,1.00,0,0,0.00,0
2026-05-02 19:21:31,806.22,1,0,1,0,0,0,0,0.11,0,1.00,5.27,3.55,4.03,1.00,D,0.00,12.00,12.00,12.00,12.00, ,6.88,,16.90,12.30,0,0.00,44.4,1,0,0.00,0.00,0.00,12.00,0.11,1.00,0,0,0.00,0
2026-05-02 19:21:32,807.13,1,0,0,0,0,0,0,-0.10,0,1.00,5.27,3.55,4.10,1.00,D,0.00,12.00,12.00,12.00,12.00, ,-6.15,,14.50,12.30,0,0.00,46.1,1,0,0.00,0.00,0.00,12.00,-0.10,1.00,0,0,0.00,0
2026-05-02 19:21:33,808.14,1,0,0,0,0,0,0,0.14,0,1.00,5.27,3.55,4.11,1.00,D,0.00,12.00,12.00,12.00,12.00, ,8.45,,13.50,12.30,0,0.00,47.2,1,0,0.00,0.00,0.00,12.00,0.14,1.00,0,0,0.00,0
2026-05-02 19:21:34,809.15,1,0,0,0,0,0,0,-0.20,0,1.00,5.27,3.55,4.11,1.00,D,0.00,12.00,12.00,12.00,12.00, ,-11.82,,13.20,12.20,0,0.00,47.7,1,0,0.00,0.00,0.00,12.00,-0.20,1.00,0,0,0.00,0
2026-05-02 19:21:35,810.16,1,0,0,0,0,0,0,0.01,0,1.00,5.27,3.55,4.12,1.00,D,0.00,12.00,12.00,12.00,12.00, ,0.58,,13.50,12.20,0,0.00,46.1,1,0,0.00,0.00,0.00,12.00,0.01,1.00,0,0,0.00,0
2026-05-02 19:21:36,811.18,1,0,0,0,0,0,0,0.18,0,1.00,5.27,3.55,4.10,1.00,D,0.00,12.00,12.00,12.00,12.00, ,10.96,,13.20,12.20,0,0.00,45.5,1,0,0.00,0.00,0.00,12.00,0.18,1.00,0,0,0.00,0
2026-05-02 19:21:37,812.19,1,0,0,0,0,0,0,0.15,0,1.00,5.27,3.55,3.94,1.00,D,0.00,12.00,12.00,12.00,12.00, ,9.17,,14.80,12.30,0,0.00,47.2,1,0,0.00,0.00,0.00,12.00,0.15,1.00,0,0,0.00,0
2026-05-02 19:21:38,813.20,1,0,0,0,0,0,0,-0.02,0,1.00,5.27,3.55,4.06,1.00,D,0.00,12.00,12.00,12.00,12.00, ,-1.21,,13.50,12.30,0,0.00,47.7,1,0,0.00,0.00,0.00,12.00,-0.02,1.00,0,0,0.00,0
2026-05-02 19:21:39,814.22,1,0,0,0,0,0,0,0.14,0,1.00,5.27,3.55,4.00,1.00,D,0.00,12.00,12.00,12.00,12.00, ,8.40,,12.30,12.30,0,0.00,47.2,1,0,0.00,0.00,0.00,12.00,0.14,1.00,0,0,0.00,0
2026-05-02 19:21:40,815.23,1,0,0,0,0,0,0,0.11,0,1.00,5.27,3.55,4.07,1.00,D,0.00,12.00,12.00,12.00,12.00, ,6.80,,13.90,12.30,0,0.00,48.3,1,0,0.00,0.00,0.00,12.00,0.11,1.00,0,0,0.00,0
2026-05-02 19:21:41,816.25,1,0,0,0,0,0,0,0.05,0,1.00,5.27,3.55,4.06,1.00,D,0.00,12.00,12.00,12.00,12.00, ,2.80,,13.30,12.30,0,0.00,47.7,1,0,0.00,0.00,0.00,12.00,0.05,1.00,0,0,0.00,0
2026-05-02 19:21:42,817.26,1,0,0,0,0,0,0,0.02,0,1.00,5.27,3.55,3.99,1.00,D,0.00,12.00,12.00,12.00,12.00, ,1.11,,12.70,12.30,0,0.00,47.7,1,0,0.00,0.00,0.00,12.00,0.02,1.00,0,0,0.00,0
2026-05-02 19:21:44,818.27,1,0,0,0,0,0,0,0.18,0,1.00,5.27,3.55,4.04,1.00,D,0.00,12.00,12.00,12.00,12.00, ,10.50,,16.60,12.20,0,0.00,46.6,1,0,0.00,0.00,0.00,12.00,0.18,1.00,0,0,0.00,0
2026-05-02 19:21:45,819.38,1,0,0,0,0,0,0,0.08,0,1.00,5.27,3.55,3.99,1.00,D,0.00,12.00,12.00,12.00,12.00, ,4.60,,14.30,12.30,0,0.00,46.6,1,0,0.00,0.00,0.00,12.00,0.08,1.00,0,0,0.00,0
2026-05-02 19:21:46,820.28,1,0,0,0,0,0,0,0.05,0,1.00,5.27,3.55,4.08,1.00,D,0.00,12.00,12.00,12.00,12.00, ,2.81,,16.00,12.30,0,0.00,47.2,1,0,0.00,0.00,0.00,12.00,0.05,1.00,0,0,0.00,0
2026-05-02 19:21:47,821.39,1,0,0,0,0,0,0,-0.13,0,1.00,5.27,3.56,4.08,1.00,D,0.00,12.00,12.00,12.00,12.00, ,-7.62,,15.70,12.30,0,0.00,46.6,1,0,0.00,0.00,0.00,12.00,-0.13,1.00,0,0,0.00,0
2026-05-02 19:21:48,822.30,1,0,0,0,0,0,0,0.04,0,1.00,5.27,3.56,4.01,1.00,D,0.00,12.00,12.00,12.00,12.00, ,2.50,,15.20,12.30,0,0.00,46.1,1,0,0.00,0.00,0.00,12.00,0.04,1.00,0,0,0.00,0
2026-05-02 19:21:49,823.31,1,0,0,0,0,0,0,0.00,0,1.00,5.27,3.56,4.01,1.00,D,0.00,12.00,12.00,12.00,12.00, ,0.09,,15.60,12.30,0,0.00,46.6,1,0,0.00,0.00,0.00,12.00,0.00,1.00,0,0,0.00,0
2026-05-02 19:21:50,824.33,1,0,0,0,0,0,0,0.08,0,1.00,5.27,3.56,4.07,1.00,D,0.00,12.00,12.00,12.00,12.00, ,4.51,,16.50,12.30,0,0.00,45.5,1,0,0.00,0.00,0.00,12.00,0.08,1.00,0,0,0.00,0
2026-05-02 19:21:51,825.34,1,0,0,0,0,0,0,-0.02,0,1.00,5.27,3.56,4.05,1.00,D,0.00,12.00,12.00,12.00,12.00, ,-1.01,,14.90,12.20,0,0.00,45.5,1,0,0.00,0.00,0.00,12.00,-0.02,1.00,0,0,0.00,0
2026-05-02 19:21:52,826.35,1,0,0,0,0,0,0,0.00,0,1.00,5.27,3.56,4.02,1.00,D,0.00,12.00,12.00,12.00,12.00, ,0.01,,15.80,12.20,0,0.00,46.6,1,0,0.00,0.00,0.00,12.00,0.00,1.00,0,0,0.00,0
2026-05-02 19:21:53,827.36,1,0,0,0,0,0,0,0.08,0,1.00,5.27,3.56,4.06,1.00,D,0.00,12.00,12.00,12.00,12.00, ,4.64,,15.60,12.30,0,0.00,46.1,1,0,0.00,0.00,0.00,12.00,0.08,1.00,0,0,0.00,0
2026-05-02 19:21:54,828.38,1,0,0,0,0,0,0,0.08,0,1.00,5.27,3.56,4.08,1.00,D,0.00,12.00,12.00,12.00,12.00, ,4.52,,15.50,12.30,0,0.00,45.5,1,0,0.00,0.00,0.00,12.00,0.08,1.00,0,0,0.00,0
2026-05-02 19:21:55,829.49,1,0,0,0,0,0,0,-0.01,0,1.00,5.27,3.56,4.13,1.00,D,0.00,12.00,12.00,12.00,12.00, ,-0.78,,15.20,12.30,0,0.00,46.1,1,0,0.00,0.00,0.00,12.00,-0.01,1.00,0,0,0.00,0
2026-05-02 19:21:56,830.39,1,0,0,0,0,0,0,0.27,0,1.00,5.27,3.56,4.05,1.00,D,0.00,12.00,12.00,12.00,12.00, ,16.19,,16.00,12.30,0,0.00,45.5,1,0,0.00,0.00,0.00,12.00,0.27,1.00,0,0,0.00,0
2026-05-02 19:21:57,831.41,1,0,0,0,0,0,0,0.33,0,1.00,5.27,3.56,3.96,1.00,D,0.00,12.00,12.00,12.00,12.00, ,20.10,,14.40,12.30,0,0.00,45.0,1,0,0.00,0.00,0.00,12.00,0.33,1.00,0,0,0.00,0
2026-05-02 19:21:58,832.42,1,0,0,0,0,0,0,0.22,0,1.00,5.27,3.56,3.95,1.00,D,0.00,12.00,12.00,12.00,12.00, ,13.25,,15.60,12.30,0,0.00,46.1,1,0,0.00,0.00,0.00,12.00,0.22,1.00,0,0,0.00,0
2026-05-02 19:21:59,833.43,1,0,0,0,0,0,0,-0.05,0,1.00,5.27,3.56,3.94,1.00,D,0.00,12.00,12.00,12.00,12.00, ,-2.81,,16.00,12.30,0,0.00,46.1,1,0,0.00,0.00,0.00,12.00,-0.05,1.00,0,0,0.00,0
2026-05-02 19:22:00,834.45,1,0,0,0,0,0,0,0.07,0,1.00,5.27,3.56,4.01,1.00,D,0.00,12.00,12.00,12.00,12.00, ,4.11,,15.90,12.30,0,0.00,46.1,1,0,0.00,0.00,0.00,12.00,0.07,1.00,0,0,0.00,0
2026-05-02 19:22:01,835.46,1,0,0,0,0,0,0,0.08,0,1.00,5.27,3.56,4.00,1.00,D,0.00,12.00,12.00,12.00,12.00, ,4.80,,16.30,12.30,0,0.00,45.5,1,0,0.00,0.00,0.00,12.00,0.08,1.00,0,0,0.00,0
2026-05-02 19:22:02,836.47,1,0,0,0,0,0,0,0.05,0,1.00,5.27,3.56,4.04,1.00,D,0.00,12.00,12.00,12.00,12.00, ,2.89,,15.80,12.30,0,0.00,46.1,1,0,0.00,0.00,0.00,12.00,0.05,1.00,0,0,0.00,0
2026-05-02 19:22:03,837.48,1,0,0,0,0,0,0,0.00,0,1.00,5.27,3.56,4.02,1.00,D,0.00,12.00,12.00,12.00,12.00, ,0.05,,15.10,12.30,0,0.00,46.1,1,0,0.00,0.00,0.00,12.00,0.00,1.00,0,0,0.00,0
2026-05-02 19:22:04,838.49,1,0,0,0,0,0,0,0.07,0,1.00,5.27,3.57,4.05,1.00,D,0.00,12.00,12.00,12.00,12.00, ,4.16,,15.20,12.30,0,0.00,46.6,1,0,0.00,0.00,0.00,12.00,0.07,1.00,0,0,0.00,0
2026-05-02 19:22:05,839.61,1,0,0,0,0,0,0,0.14,0,1.00,5.27,3.57,4.05,1.00,D,0.00,12.00,12.00,12.00,12.00, ,8.18,,15.20,12.30,0,0.00,45.5,1,0,0.00,0.00,0.00,12.00,0.14,1.00,0,0,0.00,0
2026-05-02 19:22:06,840.51,1,0,0,0,0,0,0,0.08,0,1.00,5.27,3.57,4.07,1.00,D,0.00,12.00,12.00,12.00,12.00, ,4.58,,14.60,12.30,0,0.00,46.1,1,0,0.00,0.00,0.00,12.00,0.08,1.00,0,0,0.00,0
2026-05-02 19:22:07,841.52,1,0,0,0,0,0,0,-0.11,0,1.00,5.27,3.57,4.08,1.00,D,0.00,12.00,12.00,12.00,12.00, ,-6.42,,15.40,12.30,0,0.00,45.0,1,0,0.00,0.00,0.00,12.00,-0.11,1.00,0,0,0.00,0
2026-05-02 19:22:08,842.53,1,0,0,0,0,0,0,0.08,0,1.00,5.27,3.57,4.03,1.00,D,0.00,12.00,12.00,12.00,12.00, ,5.06,,15.60,12.30,0,0.00,46.1,1,0,0.00,0.00,0.00,12.00,0.08,1.00,0,0,0.00,0
2026-05-02 19:22:09,843.54,1,0,0,0,0,0,0,0.08,0,1.00,5.27,3.57,4.02,1.00,D,0.00,12.00,12.00,12.00,12.00, ,4.76,,15.10,12.30,0,0.00,46.1,1,0,0.00,0.00,0.00,12.00,0.08,1.00,0,0,0.00,0
2026-05-02 19:22:10,844.56,1,0,0,0,0,0,0,0.12,0,1.00,5.27,3.57,4.04,1.00,D,0.00,12.00,12.00,12.00,12.00, ,7.15,,15.80,12.30,0,0.00,46.1,1,0,0.00,0.00,0.00,12.00,0.12,1.00,0,0,0.00,0
2026-05-02 19:22:11,845.67,1,0,0,0,0,0,0,0.01,0,1.00,5.27,3.57,4.07,1.00,D,0.00,12.00,12.00,12.00,12.00, ,0.47,,14.50,12.30,0,0.00,45.0,1,0,0.00,0.00,0.00,12.00,0.01,1.00,0,0,0.00,0
2026-05-02 19:22:12,846.58,1,0,0,0,0,0,0,0.09,0,1.00,5.27,3.57,3.92,1.00,D,0.00,12.00,12.00,12.00,12.00, ,5.57,,15.10,12.30,0,0.00,45.5,1,0,0.00,0.00,0.00,12.00,0.09,1.00,0,0,0.00,0
2026-05-02 19:22:13,847.69,1,0,0,0,0,0,0,0.11,0,1.00,5.27,3.57,4.08,1.00,D,0.00,12.00,12.00,12.00,12.00, ,6.76,,15.30,12.30,0,0.00,45.5,1,0,0.00,0.00,0.00,12.00,0.11,1.00,0,0,0.00,0
2026-05-02 19:22:14,848.59,1,0,0,0,0,0,0,0.05,0,1.00,5.27,3.57,4.03,1.00,D,0.00,12.00,12.00,12.00,12.00, ,2.75,,15.70,12.30,0,0.00,46.1,1,0,0.00,0.00,0.00,12.00,0.05,1.00,0,0,0.00,0
2026-05-02 19:22:15,849.59,1,0,0,0,0,0,0,-0.06,0,1.00,5.27,3.57,4.13,1.00,D,0.00,12.00,12.00,12.00,12.00, ,-3.71,,14.80,12.30,0,0.00,44.4,1,0,0.00,0.00,0.00,12.00,-0.06,1.00,0,0,0.00,0
2026-05-02 19:22:16,850.60,1,0,0,0,0,0,0,0.21,0,1.00,5.27,3.57,4.04,1.00,D,0.00,12.00,12.00,12.00,12.00, ,12.81,,14.80,12.30,0,0.00,46.1,1,0,0.00,0.00,0.00,12.00,0.21,1.00,0,0,0.00,0
2026-05-02 19:22:17,851.61,1,0,0,0,0,0,0,0.18,0,1.00,5.27,3.57,3.92,1.00,D,0.00,12.00,12.00,12.00,12.00, ,11.08,,16.10,12.30,0,0.00,45.5,1,0,0.00,0.00,0.00,12.00,0.18,1.00,0,0,0.00,0
2026-05-02 19:22:18,852.62,1,0,0,0,0,0,0,-0.02,0,1.00,5.27,3.57,4.02,1.00,D,0.00,12.00,12.00,12.00,12.00, ,-1.03,,15.30,12.30,0,0.00,44.4,1,0,0.00,0.00,0.00,12.00,-0.02,1.00,0,0,0.00,0
2026-05-02 19:22:19,853.64,1,0,0,0,0,0,0,0.10,0,1.00,5.27,3.57,4.08,1.00,D,0.00,12.00,12.00,12.00,12.00, ,5.85,,15.20,12.30,0,0.00,45.0,1,0,0.00,0.00,0.00,12.00,0.10,1.00,0,0,0.00,0
2026-05-02 19:22:20,854.66,1,0,0,0,0,0,0,-0.01,0,1.00,5.27,3.57,4.03,1.00,D,0.00,12.00,12.00,12.00,12.00, ,-0.60,,16.90,12.30,0,0.00,45.5,1,0,0.00,0.00,0.00,12.00,-0.01,1.00,0,0,0.00,0
2026-05-02 19:22:21,855.67,1,0,0,0,0,0,0,0.10,0,1.00,5.27,3.57,4.01,1.00,D,0.00,12.00,12.00,12.00,12.00, ,6.19,,16.70,12.30,0,0.00,45.5,1,0,0.00,0.00,0.00,12.00,0.10,1.00,0,0,0.00,0
2026-05-02 19:22:22,856.68,1,0,0,0,0,0,0,0.10,0,1.00,5.27,3.58,3.83,1.00,D,0.00,12.00,12.00,12.00,12.00, ,5.74,,15.60,12.30,0,0.00,44.4,1,0,0.00,0.00,0.00,12.00,0.10,1.00,0,0,0.00,0
2026-05-02 19:22:23,857.69,1,0,0,0,0,0,0,0.04,0,1.00,5.27,3.58,3.74,1.00,D,0.00,12.00,12.00,12.00,12.00, ,2.54,,15.80,12.30,0,0.00,44.4,1,0,0.00,0.00,0.00,12.00,0.04,1.00,0,0,0.00,0
2026-05-02 19:22:24,858.70,1,0,0,0,0,0,0,-0.08,0,1.00,5.27,3.58,3.99,1.00,D,0.00,12.00,12.00,12.00,12.00, ,-4.68,,14.90,12.30,0,0.00,45.0,1,0,0.00,0.00,0.00,12.00,-0.08,1.00,0,0,0.00,0
2026-05-02 19:22:25,859.82,1,0,0,0,0,0,0,0.13,0,1.00,5.27,3.58,3.86,1.00,D,0.00,12.00,12.00,12.00,12.00, ,7.96,,16.40,12.30,0,0.00,43.9,1,0,0.00,0.00,0.00,12.00,0.13,1.00,0,0,0.00,0
2026-05-02 19:22:26,860.72,1,0,0,0,0,0,0,0.01,0,1.00,5.27,3.58,4.01,1.00,D,0.00,12.00,12.00,12.00,12.00, ,0.86,,16.20,12.30,0,0.00,46.1,1,0,0.00,0.00,0.00,12.00,0.01,1.00,0,0,0.00,0
2026-05-02 19:22:27,861.73,1,0,0,0,0,0,0,0.02,0,1.00,5.27,3.58,4.02,1.00,D,0.00,12.00,12.00,12.00,12.00, ,0.99,,14.70,12.30,0,0.00,46.1,1,0,0.00,0.00,0.00,12.00,0.02,1.00,0,0,0.00,0
2026-05-02 19:22:28,862.74,1,0,0,0,0,0,0,0.16,0,1.00,5.27,3.58,3.94,1.00,D,0.00,12.00,12.00,12.00,12.00, ,9.69,,14.50,12.30,0,0.00,46.6,1,0,0.00,0.00,0.00,12.00,0.16,1.00,0,0,0.00,0
2026-05-02 19:22:29,863.75,1,0,0,0,0,0,0,0.06,0,1.00,5.27,3.58,3.84,1.00,D,0.00,12.00,12.00,12.00,12.00, ,3.35,,12.50,12.30,0,0.00,45.5,1,0,0.00,0.00,0.00,12.00,0.06,1.00,0,0,0.00,0
2026-05-02 19:22:30,864.76,1,0,0,0,0,0,0,0.15,0,1.00,5.27,3.58,3.92,1.00,D,0.00,12.00,12.00,12.00,12.00, ,9.19,,12.50,12.30,0,0.00,45.5,1,0,0.00,0.00,0.00,12.00,0.15,1.00,0,0,0.00,0
2026-05-02 19:22:31,865.77,1,0,0,0,0,0,0,-0.16,0,1.00,5.27,3.58,4.01,1.00,D,0.00,12.00,12.00,12.00,12.00, ,-9.41,,14.80,12.30,0,0.00,46.6,1,0,0.00,0.00,0.00,12.00,-0.16,1.00,0,0,0.00,0
2026-05-02 19:22:32,866.79,1,0,0,0,0,0,0,0.14,0,1.00,5.27,3.58,4.06,1.00,D,0.00,12.00,12.00,12.00,12.00, ,8.32,,13.70,12.30,0,0.00,46.6,1,0,0.00,0.00,0.00,12.00,0.14,1.00,0,0,0.00,0
2026-05-02 19:22:33,867.80,1,0,0,0,0,0,0,0.11,0,1.00,5.27,3.58,3.90,1.00,D,0.00,12.00,12.00,12.00,12.00, ,6.87,,14.00,12.30,0,0.00,45.0,1,0,0.00,0.00,0.00,12.00,0.11,1.00,0,0,0.00,0
2026-05-02 19:22:34,868.81,1,0,0,0,0,0,0,-0.05,0,1.00,5.27,3.58,4.06,1.00,D,0.00,12.00,12.00,12.00,12.00, ,-2.73,,13.00,12.30,0,0.00,46.6,1,0,0.00,0.00,0.00,12.00,-0.05,1.00,0,0,0.00,0
2026-05-02 19:22:35,869.92,1,0,0,0,0,0,0,0.19,0,1.00,5.27,3.58,4.04,1.00,D,0.00,12.00,12.00,12.00,12.00, ,11.12,,13.40,12.30,0,0.00,46.6,1,0,0.00,0.00,0.00,12.00,0.19,1.00,0,0,0.00,0
2026-05-02 19:22:36,870.83,1,0,0,0,0,0,0,0.03,0,1.00,5.27,3.58,3.93,1.00,D,0.00,12.00,12.00,12.00,12.00, ,1.68,,12.60,12.30,0,0.00,45.5,1,0,0.00,0.00,0.00,12.00,0.03,1.00,0,0,0.00,0
2026-05-02 19:22:37,871.84,1,0,0,0,0,0,0,0.05,0,1.00,5.27,3.58,3.98,1.00,D,0.00,12.00,12.00,12.00,12.00, ,3.03,,13.70,12.30,0,0.00,47.2,1,0,0.00,0.00,0.00,12.00,0.05,1.00,0,0,0.00,0
2026-05-02 19:22:38,872.86,1,0,0,0,0,0,0,-0.10,0,1.00,5.27,3.58,3.97,1.00,D,0.00,12.00,12.00,12.00,12.00, ,-6.24,,14.40,12.30,0,0.00,46.6,1,0,0.00,0.00,0.00,12.00,-0.10,1.00,0,0,0.00,0
2026-05-02 19:22:39,873.87,1,0,0,0,0,0,0,-0.00,0,1.00,5.27,3.58,4.02,1.00,D,0.00,12.00,12.00,12.00,12.00, ,-0.22,,15.70,12.30,0,0.00,46.6,1,0,0.00,0.00,0.00,12.00,-0.00,1.00,0,0,0.00,0
2026-05-02 19:22:40,874.88,1,0,0,0,0,0,0,0.20,0,1.00,5.27,3.58,3.89,1.00,D,0.00,12.00,12.00,12.00,12.00, ,12.05,,12.90,12.30,0,0.00,47.2,1,0,0.00,0.00,0.00,12.00,0.20,1.00,0,0,0.00,0
2026-05-02 19:22:41,875.89,1,0,0,0,0,0,0,-0.19,0,1.00,5.27,3.58,3.98,1.00,D,0.00,12.00,12.00,12.00,12.00, ,-11.37,,13.70,12.30,0,0.00,47.2,1,0,0.00,0.00,0.00,12.00,-0.19,1.00,0,0,0.00,0
2026-05-02 19:22:42,876.90,1,0,0,0,0,0,0,0.28,0,1.00,5.27,3.58,4.00,1.00,D,0.00,12.00,12.00,12.00,12.00, ,16.94,,12.90,12.30,0,0.00,46.1,1,0,0.00,0.00,0.00,12.00,0.28,1.00,0,0,0.00,0
2026-05-02 19:22:43,877.91,1,0,0,0,0,0,0,0.13,0,1.00,5.27,3.58,3.80,1.00,D,0.00,12.00,12.00,12.00,12.00, ,7.79,,13.00,12.40,0,0.00,47.2,1,0,0.00,0.00,0.00,12.00,0.13,1.00,0,0,0.00,0
2026-05-02 19:22:44,878.92,1,0,0,0,0,0,0,0.08,0,1.00,5.27,3.58,3.98,1.00,D,0.00,12.00,12.00,12.00,12.00, ,4.77,,14.70,12.50,0,0.00,46.6,1,0,0.00,0.00,0.00,12.00,0.08,1.00,0,0,0.00,0
2026-05-02 19:22:45,879.93,1,0,0,0,0,0,0,0.06,0,1.00,5.27,3.59,3.90,1.00,D,0.00,12.00,12.00,12.00,12.00, ,3.59,,16.10,12.40,0,0.00,44.4,1,0,0.00,0.00,0.00,12.00,0.06,1.00,0,0,0.00,0
2026-05-02 19:22:46,880.95,1,0,0,0,0,0,0,-0.00,0,1.00,5.27,3.59,3.98,1.00,D,0.00,12.00,12.00,12.00,12.00, ,-0.14,,16.00,12.40,0,0.00,46.6,1,0,0.00,0.00,0.00,12.00,-0.00,1.00,0,0,0.00,0
2026-05-02 19:22:47,881.96,1,0,0,0,0,0,0,0.05,0,1.00,5.27,3.59,3.90,1.00,D,0.00,12.00,12.00,12.00,12.00, ,2.78,,17.90,12.40,0,0.00,46.6,1,0,0.00,0.00,0.00,12.00,0.05,1.00,0,0,0.00,0
2026-05-02 19:22:48,882.97,1,0,0,0,0,0,0,-0.05,0,1.00,5.27,3.59,3.99,1.00,D,0.00,12.00,12.00,12.00,12.00, ,-2.75,,14.90,12.40,0,0.00,46.1,1,0,0.00,0.00,0.00,12.00,-0.05,1.00,0,0,0.00,0
2026-05-02 19:22:49,884.08,1,0,0,0,0,0,0,0.14,0,1.00,5.27,3.59,3.90,1.00,D,0.00,12.00,12.00,12.00,12.00, ,8.34,,16.40,12.40,0,0.00,44.4,1,0,0.00,0.00,0.00,12.00,0.14,1.00,0,0,0.00,0
2026-05-02 19:22:50,884.99,1,0,0,0,0,0,0,0.15,0,1.00,5.27,3.59,3.86,1.00,D,0.00,12.00,12.00,12.00,12.00, ,8.97,,16.00,12.40,0,0.00,46.1,1,0,0.00,0.00,0.00,12.00,0.15,1.00,0,0,0.00,0
2026-05-02 19:22:51,886.10,1,0,0,0,0,0,0,0.17,0,1.00,5.27,3.59,3.72,1.00,D,0.00,12.00,12.00,12.00,12.00, ,10.14,,15.70,12.40,0,0.00,45.0,1,0,0.00,0.00,0.00,12.00,0.17,1.00,0,0,0.00,0
2026-05-02 19:22:52,887.01,1,0,0,0,0,0,0,0.05,0,1.00,5.27,3.59,3.93,1.00,D,0.00,12.00,12.00,12.00,12.00, ,2.73,,16.00,12.40,0,0.00,46.1,1,0,0.00,0.00,0.00,12.00,0.05,1.00,0,0,0.00,0
2026-05-02 19:22:53,888.12,1,0,0,0,0,0,0,0.06,0,1.00,5.27,3.59,3.97,1.00,D,0.00,12.00,12.00,12.00,12.00, ,3.30,,14.80,12.40,0,0.00,46.1,1,0,0.00,0.00,0.00,12.00,0.06,1.00,0,0,0.00,0
2026-05-02 19:22:54,889.02,1,0,0,0,0,0,0,0.22,0,1.00,5.27,3.59,3.96,1.00,D,0.00,12.00,12.00,12.00,12.00, ,12.95,,15.20,12.30,0,0.00,46.6,1,0,0.00,0.00,0.00,12.00,0.22,1.00,0,0,0.00,0
2026-05-02 19:22:55,890.03,1,0,0,0,0,0,0,0.20,0,1.00,5.27,3.59,3.97,1.00,D,0.00,12.00,12.00,12.00,12.00, ,12.17,,14.30,12.30,0,0.00,46.1,1,0,0.00,0.00,0.00,12.00,0.20,1.00,0,0,0.00,0
2026-05-02 19:22:56,891.05,1,0,0,0,0,0,0,-0.08,0,1.00,5.27,3.59,3.99,1.00,D,0.00,12.00,12.00,12.00,12.00, ,-4.86,,13.00,12.30,0,0.00,45.5,1,0,0.00,0.00,0.00,12.00,-0.08,1.00,0,0,0.00,0
2026-05-02 19:22:57,892.05,1,0,0,0,0,0,0,-0.04,0,1.00,5.27,3.59,3.92,1.00,D,0.00,12.00,12.00,12.00,12.00, ,-2.20,,13.50,12.40,0,0.00,46.6,1,0,0.00,0.00,0.00,12.00,-0.04,1.00,0,0,0.00,0
2026-05-02 19:22:58,893.07,1,0,0,0,0,0,0,0.28,0,1.00,5.27,3.59,3.97,1.00,D,0.00,12.00,12.00,12.00,12.00, ,16.53,,14.20,12.40,0,0.00,47.2,1,0,0.00,0.00,0.00,12.00,0.28,1.00,0,0,0.00,0
2026-05-02 19:22:59,894.08,1,0,0,0,0,0,0,-0.12,0,1.00,5.27,3.59,3.85,1.00,D,0.00,12.00,12.00,12.00,12.00, ,-6.92,,13.30,12.30,0,0.00,46.6,1,0,0.00,0.00,0.00,12.00,-0.12,1.00,0,0,0.00,0
2026-05-02 19:23:00,895.09,1,0,0,0,0,0,0,0.05,0,1.00,5.27,3.59,4.03,1.00,D,0.00,12.00,12.00,12.00,12.00, ,2.74,,13.40,12.30,0,0.00,47.7,1,0,0.00,0.00,0.00,12.00,0.05,1.00,0,0,0.00,0
2026-05-02 19:23:01,896.20,1,0,0,0,0,0,0,0.17,0,1.00,5.27,3.59,4.07,1.00,D,0.00,12.00,12.00,12.00,12.00, ,10.17,,14.00,12.30,0,0.00,47.7,1,0,0.00,0.00,0.00,12.00,0.17,1.00,0,0,0.00,0
2026-05-02 19:23:02,897.10,1,0,0,0,0,0,0,0.15,0,1.00,5.27,3.59,3.90,1.00,D,0.00,12.00,12.00,12.00,12.00, ,8.85,,13.00,12.30,0,0.00,47.7,1,0,0.00,0.00,0.00,12.00,0.15,1.00,0,0,0.00,0
2026-05-02 19:23:03,898.21,1,0,0,0,0,0,0,0.02,0,1.00,5.27,3.59,3.95,1.00,D,0.00,12.00,12.00,12.00,12.00, ,1.20,,13.20,12.30,0,0.00,48.3,1,0,0.00,0.00,0.00,12.00,0.02,1.00,0,0,0.00,0
2026-05-02 19:23:04,899.12,1,0,0,0,0,0,0,0.24,0,1.00,5.27,3.59,4.14,1.00,D,0.00,12.00,12.00,12.00,12.00, ,14.29,,15.00,12.30,0,0.00,46.6,1,0,0.00,0.00,0.00,12.00,0.24,1.00,0,0,0.00,0
2026-05-02 19:23:05,900.23,1,0,0,0,0,0,0,0.05,0,1.00,5.27,3.59,3.90,1.00,D,0.00,12.00,12.00,12.00,12.00, ,2.78,,15.40,12.30,0,0.00,47.7,1,0,0.00,0.00,0.00,12.00,0.05,1.00,0,0,0.00,0
2026-05-02 19:23:06,901.14,1,0,0,0,0,0,0,0.08,0,1.00,5.27,3.59,4.06,1.00,D,0.00,12.00,12.00,12.00,12.00, ,4.64,,15.20,12.30,0,0.00,45.5,1,0,0.00,0.00,0.00,12.00,0.08,1.00,0,0,0.00,0
2026-05-02 19:23:07,902.15,1,0,0,0,0,0,0,0.03,0,1.00,5.27,3.59,4.11,1.00,D,0.00,12.00,12.00,12.00,12.00, ,2.07,,15.20,12.30,0,0.00,46.1,1,0,0.00,0.00,0.00,12.00,0.03,1.00,0,0,0.00,0
2026-05-02 19:23:08,903.15,1,0,0,0,0,0,0,0.09,0,1.00,5.27,3.60,4.12,1.00,D,0.00,12.00,12.00,12.00,12.00, ,5.68,,14.60,12.30,0,0.00,47.7,1,0,0.00,0.00,0.00,12.00,0.09,1.00,0,0,0.00,0
2026-05-02 19:23:09,904.17,1,0,0,0,0,0,0,0.12,0,1.00,5.27,3.60,4.16,1.00,D,0.00,12.00,12.00,12.00,12.00, ,7.06,,16.20,12.30,0,0.00,46.1,1,0,0.00,0.00,0.00,12.00,0.12,1.00,0,0,0.00,0
2026-05-02 19:23:10,905.18,1,0,0,0,0,0,0,0.29,0,1.00,5.27,3.60,4.12,1.00,D,0.00,12.00,12.00,12.00,12.00, ,17.12,,16.70,12.30,0,0.00,46.1,1,0,0.00,0.00,0.00,12.00,0.29,1.00,0,0,0.00,0
2026-05-02 19:23:11,906.19,1,0,0,0,0,0,0,0.34,0,1.00,5.27,3.60,3.92,1.00,D,0.00,12.00,12.00,12.00,12.00, ,20.42,,15.30,12.30,0,0.00,45.0,1,0,0.00,0.00,0.00,12.00,0.34,1.00,0,0,0.00,0
2026-05-02 19:23:12,907.21,1,0,0,0,0,0,0,0.07,0,1.00,5.27,3.60,3.91,1.00,D,0.00,12.00,12.00,12.00,12.00, ,4.26,,15.80,12.30,0,0.00,45.0,1,0,0.00,0.00,0.00,12.00,0.07,1.00,0,0,0.00,0
2026-05-02 19:23:13,908.22,1,0,0,0,0,0,0,-0.19,0,1.00,5.27,3.60,4.09,1.00,D,0.00,12.00,12.00,12.00,12.00, ,-11.67,,16.00,12.30,0,0.00,47.2,1,0,0.00,0.00,0.00,12.00,-0.19,1.00,0,0,0.00,0
2026-05-02 19:23:14,909.23,1,0,0,0,0,0,0,0.19,0,1.00,5.27,3.60,4.14,1.00,D,0.00,12.00,12.00,12.00,12.00, ,11.62,,14.90,12.30,0,0.00,45.5,1,0,0.00,0.00,0.00,12.00,0.19,1.00,0,0,0.00,0
2026-05-02 19:23:15,910.24,1,0,0,0,0,0,0,0.23,0,1.00,5.27,3.60,3.82,1.00,D,0.00,12.00,12.00,12.00,12.00, ,13.57,,16.00,12.40,0,0.00,46.6,1,0,0.00,0.00,0.00,12.00,0.23,1.00,0,0,0.00,0
2026-05-02 19:23:16,911.26,1,0,0,0,0,0,0,-0.13,0,1.00,5.27,3.60,4.01,1.00,D,0.00,12.00,12.00,12.00,12.00, ,-8.04,,15.20,12.40,0,0.00,46.1,1,0,0.00,0.00,0.00,12.00,-0.13,1.00,0,0,0.00,0
2026-05-02 19:23:18,912.27,1,0,0,0,0,0,0,-0.00,0,1.00,5.27,3.60,4.22,1.00,D,0.00,12.00,12.00,12.00,12.00, ,-0.01,,14.50,12.30,0,0.00,45.5,1,0,0.00,0.00,0.00,12.00,-0.00,1.00,0,0,0.00,0
2026-05-02 19:23:19,913.28,1,0,0,0,0,0,0,-0.04,0,1.00,5.27,3.60,4.10,1.00,D,0.00,12.00,12.00,12.00,12.00, ,-2.45,,15.80,12.30,0,0.00,45.5,1,0,0.00,0.00,0.00,12.00,-0.04,1.00,0,0,0.00,0
2026-05-02 19:23:20,914.29,1,0,0,0,0,0,0,-0.03,0,1.00,5.27,3.60,4.10,1.00,D,0.00,12.00,12.00,12.00,12.00, ,-1.63,,16.30,12.40,0,0.00,46.1,1,0,0.00,0.00,0.00,12.00,-0.03,1.00,0,0,0.00,0
2026-05-02 19:23:21,915.30,1,0,0,0,0,0,0,0.28,0,1.00,5.27,3.60,4.07,1.00,D,0.00,12.00,12.00,12.00,12.00, ,16.95,,14.60,12.40,0,0.00,46.6,1,0,0.00,0.00,0.00,12.00,0.28,1.00,0,0,0.00,0
2026-05-02 19:23:22,916.32,1,0,0,0,0,0,0,-0.24,0,1.00,5.27,3.60,3.82,1.00,D,0.00,12.00,12.00,12.00,12.00, ,-14.35,,16.70,12.40,0,0.00,45.0,1,0,0.00,0.00,0.00,12.00,-0.24,1.00,0,0,0.00,0
2026-05-02 19:23:23,917.33,1,0,0,0,0,0,0,0.16,0,1.00,5.27,3.60,4.24,1.00,D,0.00,12.00,12.00,12.00,12.00, ,9.51,,15.60,12.30,0,0.00,46.1,1,0,0.00,0.00,0.00,12.00,0.16,1.00,0,0,0.00,0
2026-05-02 19:23:24,918.34,1,0,0,0,0,0,0,0.23,0,1.00,5.27,3.60,3.96,1.00,D,0.00,12.00,12.00,12.00,12.00, ,13.52,,14.70,12.40,0,0.00,45.0,1,0,0.00,0.00,0.00,12.00,0.23,1.00,0,0,0.00,0
2026-05-02 19:23:25,919.35,1,0,0,0,0,0,0,-0.11,0,1.00,5.27,3.60,4.26,1.00,D,0.00,12.00,12.00,12.00,12.00, ,-6.70,,15.90,12.40,0,0.00,45.0,1,0,0.00,0.00,0.00,12.00,-0.11,1.00,0,0,0.00,0
2026-05-02 19:23:26,920.36,1,0,0,0,0,0,0,0.08,0,1.00,5.27,3.60,4.29,1.00,D,0.00,12.00,12.00,12.00,12.00, ,4.85,,16.20,12.30,0,0.00,46.1,1,0,0.00,0.00,0.00,12.00,0.08,1.00,0,0,0.00,0
2026-05-02 19:23:27,921.37,1,0,0,0,0,0,0,0.14,0,1.00,5.27,3.60,4.22,1.00,D,0.00,12.00,12.00,12.00,12.00, ,8.16,,15.40,12.30,0,0.00,45.5,1,0,0.00,0.00,0.00,12.00,0.14,1.00,0,0,0.00,0
2026-05-02 19:23:28,922.39,1,0,0,0,0,0,0,0.11,0,1.00,5.27,3.61,4.25,1.00,D,0.00,12.00,12.00,12.00,12.00, ,6.86,,16.20,12.30,0,0.00,46.1,1,0,0.00,0.00,0.00,12.00,0.11,1.00,0,0,0.00,0
2026-05-02 19:23:29,923.40,1,0,0,0,0,0,0,0.09,0,1.00,5.27,3.61,4.41,1.00,D,0.00,12.00,12.00,12.00,12.00, ,5.39,,16.60,12.30,0,0.00,46.1,1,0,0.00,0.00,0.00,12.00,0.09,1.00,0,0,0.00,0
2026-05-02 19:23:30,924.40,1,0,0,0,0,0,0,-0.12,0,1.00,5.27,3.61,4.38,1.00,D,0.00,12.00,12.00,12.00,12.00, ,-7.24,,15.70,12.30,0,0.00,45.0,1,0,0.00,0.00,0.00,12.00,-0.12,1.00,0,0,0.00,0
2026-05-02 19:23:31,925.41,1,0,0,0,0,0,0,0.10,0,1.00,5.27,3.61,4.39,1.00,D,0.00,12.00,12.00,12.00,12.00, ,5.96,,15.50,12.30,0,0.00,45.5,1,0,0.00,0.00,0.00,12.00,0.10,1.00,0,0,0.00,0
2026-05-02 19:23:32,926.43,1,0,0,0,0,0,0,0.25,0,1.00,5.27,3.61,4.37,1.00,D,0.00,12.00,12.00,12.00,12.00, ,15.03,,15.50,12.30,0,0.00,45.0,1,0,0.00,0.00,0.00,12.00,0.25,1.00,0,0,0.00,0
2026-05-02 19:23:33,927.44,1,0,0,0,0,0,0,-0.11,0,1.00,5.27,3.61,4.36,1.00,D,0.00,12.00,12.00,12.00,12.00, ,-6.45,,13.80,12.30,0,0.00,46.6,1,0,0.00,0.00,0.00,12.00,-0.11,1.00,0,0,0.00,0
2026-05-02 19:23:34,928.45,1,0,0,0,0,0,0,0.14,0,1.00,5.27,3.61,4.34,1.00,D,0.00,12.00,12.00,12.00,12.00, ,8.36,,14.20,12.30,0,0.00,47.2,1,0,0.00,0.00,0.00,12.00,0.14,1.00,0,0,0.00,0
2026-05-02 19:23:35,929.56,1,0,0,0,0,0,0,0.12,0,1.00,5.27,3.61,4.35,1.00,D,0.00,12.00,12.00,12.00,12.00, ,7.09,,12.60,12.30,0,0.00,46.6,1,0,0.00,0.00,0.00,12.00,0.12,1.00,0,0,0.00,0
2026-05-02 19:23:36,930.46,1,0,0,0,0,0,0,-0.02,0,1.00,5.27,3.61,4.38,1.00,D,0.00,12.00,12.00,12.00,12.00, ,-1.17,,12.10,12.30,0,0.00,47.7,1,0,0.00,0.00,0.00,12.00,-0.02,1.00,0,0,0.00,0
2026-05-02 19:23:37,931.47,1,0,0,0,0,0,0,-0.12,0,1.00,5.27,3.61,4.38,1.00,D,0.00,12.00,12.00,12.00,12.00, ,-7.14,,14.50,12.30,0,0.00,46.6,1,0,0.00,0.00,0.00,12.00,-0.12,1.00,0,0,0.00,0
2026-05-02 19:23:38,932.48,1,0,0,0,0,0,0,0.17,0,1.00,5.27,3.61,4.43,1.00,D,0.00,12.00,12.00,12.00,12.00, ,10.43,,14.70,12.30,0,0.00,46.6,1,0,0.00,0.00,0.00,12.00,0.17,1.00,0,0,0.00,0
2026-05-02 19:23:39,933.50,1,0,0,0,0,0,0,0.23,0,1.00,5.27,3.61,4.21,1.00,D,0.00,12.00,12.00,12.00,12.00, ,13.88,,14.90,12.30,0,0.00,46.6,1,0,0.00,0.00,0.00,12.00,0.23,1.00,0,0,0.00,0
2026-05-02 19:23:40,934.51,1,0,0,0,0,0,0,0.00,0,1.00,5.27,3.62,4.23,1.00,D,0.00,12.00,12.00,12.00,12.00, ,0.08,,15.90,12.30,0,0.00,45.5,1,0,0.00,0.00,0.00,12.00,0.00,1.00,0,0,0.00,0
2026-05-02 19:23:41,935.62,1,0,0,0,0,0,0,0.06,0,1.00,5.27,3.62,4.42,1.00,D,0.00,12.00,12.00,12.00,12.00, ,3.71,,15.40,12.30,0,0.00,45.5,1,0,0.00,0.00,0.00,12.00,0.06,1.00,0,0,0.00,0
2026-05-02 19:23:42,936.53,1,0,0,0,0,0,0,0.22,0,1.00,5.27,3.62,4.27,1.00,D,0.00,12.00,12.00,12.00,12.00, ,13.47,,15.70,12.30,0,0.00,45.0,1,0,0.00,0.00,0.00,12.00,0.22,1.00,0,0,0.00,0
2026-05-02 19:23:43,937.64,1,0,0,0,0,0,0,0.12,0,1.00,5.27,3.62,4.27,1.00,D,0.00,12.00,12.00,12.00,12.00, ,7.29,,16.80,12.30,0,0.00,46.1,1,0,0.00,0.00,0.00,12.00,0.12,1.00,0,0,0.00,0
2026-05-02 19:23:44,938.55,1,0,0,0,0,0,0,-0.08,0,1.00,5.27,3.62,4.31,1.00,D,0.00,12.00,12.00,12.00,12.00, ,-4.81,,15.70,12.30,0,0.00,46.6,1,0,0.00,0.00,0.00,12.00,-0.08,1.00,0,0,0.00,0
2026-05-02 19:23:45,939.66,1,0,0,0,0,0,0,0.03,0,1.00,5.27,3.62,4.36,1.00,D,0.00,12.00,12.00,12.00,12.00, ,1.68,,15.30,12.30,0,0.00,46.1,1,0,0.00,0.00,0.00,12.00,0.03,1.00,0,0,0.00,0
2026-05-02 19:23:46,940.56,1,0,0,0,0,0,0,0.15,0,1.00,5.27,3.62,4.35,1.00,D,0.00,12.00,12.00,12.00,12.00, ,8.98,,16.20,12.30,0,0.00,45.0,1,0,0.00,0.00,0.00,12.00,0.15,1.00,0,0,0.00,0
2026-05-02 19:23:47,941.58,1,0,0,0,0,0,0,-0.05,0,1.00,5.27,3.62,4.27,1.00,D,0.00,12.00,12.00,12.00,12.00, ,-2.88,,16.00,12.30,0,0.00,46.6,1,0,0.00,0.00,0.00,12.00,-0.05,1.00,0,0,0.00,0
2026-05-02 19:23:48,942.59,1,0,0,0,0,0,0,-0.00,0,1.00,5.27,3.62,4.40,1.00,D,0.00,12.00,12.00,12.00,12.00, ,-0.26,,14.50,12.30,0,0.00,45.0,1,0,0.00,0.00,0.00,12.00,-0.00,1.00,0,0,0.00,0
2026-05-02 19:23:49,943.60,1,0,0,0,0,0,0,-0.03,0,1.00,5.27,3.62,4.38,1.00,D,0.00,12.00,12.00,12.00,12.00, ,-1.80,,15.90,12.30,0,0.00,46.1,1,0,0.00,0.00,0.00,12.00,-0.03,1.00,0,0,0.00,0
2026-05-02 19:23:50,944.61,1,0,0,0,0,0,0,-0.04,0,1.00,5.27,3.62,4.14,1.00,D,0.00,12.00,12.00,12.00,12.00, ,-2.64,,16.20,12.30,0,0.00,46.1,1,0,0.00,0.00,0.00,12.00,-0.04,1.00,0,0,0.00,0
2026-05-02 19:23:51,945.62,1,0,0,0,0,0,0,0.00,0,1.00,5.27,3.62,4.27,1.00,D,0.00,12.00,12.00,12.00,12.00, ,0.19,,15.20,12.30,0,0.00,45.0,1,0,0.00,0.00,0.00,12.00,0.00,1.00,0,0,0.00,0
2026-05-02 19:23:52,946.64,1,0,0,0,0,0,0,0.11,0,1.00,5.27,3.62,4.31,1.00,D,0.00,12.00,12.00,12.00,12.00, ,6.43,,15.80,12.30,0,0.00,46.1,1,0,0.00,0.00,0.00,12.00,0.11,1.00,0,0,0.00,0
2026-05-02 19:23:53,947.65,1,0,0,0,0,0,0,-0.03,0,1.00,5.27,3.63,4.39,1.00,D,0.00,12.00,12.00,12.00,12.00, ,-2.08,,15.80,12.30,0,0.00,46.6,1,0,0.00,0.00,0.00,12.00,-0.03,1.00,0,0,0.00,0
2026-05-02 19:23:54,948.66,1,0,0,0,0,0,0,0.09,0,1.00,5.27,3.63,4.61,1.00,D,0.00,12.00,12.00,12.00,12.00, ,5.51,,13.40,12.30,0,0.00,46.1,1,0,0.00,0.00,0.00,12.00,0.09,1.00,0,0,0.00,0
2026-05-02 19:23:55,949.68,1,0,0,0,0,0,0,0.14,0,1.00,5.27,3.63,4.45,1.00,D,0.00,12.00,12.00,12.00,12.00, ,8.42,,14.00,12.30,0,0.00,46.6,1,0,0.00,0.00,0.00,12.00,0.14,1.00,0,0,0.00,0
2026-05-02 19:23:56,950.69,1,0,0,0,0,0,0,0.03,0,1.00,5.27,3.63,4.51,1.00,D,0.00,12.00,12.00,12.00,12.00, ,1.55,,13.90,12.30,0,0.00,46.6,1,0,0.00,0.00,0.00,12.00,0.03,1.00,0,0,0.00,0
2026-05-02 19:23:57,951.70,1,0,0,0,0,0,0,0.09,0,1.00,5.27,3.63,4.50,1.00,D,0.00,12.00,12.00,12.00,12.00, ,5.58,,13.10,12.30,0,0.00,45.5,1,0,0.00,0.00,0.00,12.00,0.09,1.00,0,0,0.00,0
2026-05-02 19:23:58,952.72,1,0,0,0,0,0,0,0.10,0,1.00,5.27,3.63,4.53,1.00,D,0.00,12.00,12.00,12.00,12.00, ,6.00,,14.10,12.30,0,0.00,46.1,1,0,0.00,0.00,0.00,12.00,0.10,1.00,0,0,0.00,0
2026-05-02 19:23:59,953.73,1,0,0,0,0,0,0,-0.04,0,1.00,5.27,3.63,4.55,1.00,D,0.00,12.00,12.00,12.00,12.00, ,-2.36,,15.70,12.30,0,0.00,44.4,1,0,0.00,0.00,0.00,12.00,-0.04,1.00,0,0,0.00,0
2026-05-02 19:24:00,954.74,1,0,0,0,0,0,0,0.06,0,1.00,5.27,3.63,4.52,1.00,D,0.00,12.00,12.00,12.00,12.00, ,3.38,,15.60,12.30,0,0.00,46.6,1,0,0.00,0.00,0.00,12.00,0.06,1.00,0,0,0.00,0
2026-05-02 19:24:01,955.76,1,0,0,0,0,0,0,0.19,0,1.00,5.27,3.63,4.54,1.00,D,0.00,12.00,12.00,12.00,12.00, ,11.40,,15.50,12.30,0,0.00,44.4,1,0,0.00,0.00,0.00,12.00,0.19,1.00,0,0,0.00,0
2026-05-02 19:24:02,956.77,1,0,0,0,0,0,0,-0.02,0,1.00,5.27,3.63,4.59,1.00,D,0.00,12.00,12.00,12.00,12.00, ,-1.01,,14.90,12.30,0,0.00,46.1,1,0,0.00,0.00,0.00,12.00,-0.02,1.00,0,0,0.00,0
2026-05-02 19:24:03,957.78,1,0,0,0,0,0,0,0.16,0,1.00,5.27,3.63,4.59,1.00,D,0.00,12.00,12.00,12.00,12.00, ,9.57,,15.20,12.30,0,0.00,46.1,1,0,0.00,0.00,0.00,12.00,0.16,1.00,0,0,0.00,0
2026-05-02 19:24:04,958.79,1,0,0,0,0,0,0,0.12,0,1.00,5.27,3.64,4.67,1.00,D,0.00,12.00,12.00,12.00,12.00, ,7.03,,15.90,12.30,0,0.00,46.1,1,0,0.00,0.00,0.00,12.00,0.12,1.00,0,0,0.00,0
2026-05-02 19:24:05,959.80,1,0,0,0,0,0,0,0.09,0,1.00,5.27,3.64,4.58,1.00,D,0.00,12.00,12.00,12.00,12.00, ,5.64,,15.80,12.30,0,0.00,45.5,1,0,0.00,0.00,0.00,12.00,0.09,1.00,0,0,0.00,0
2026-05-02 19:24:06,960.81,1,0,0,0,0,0,0,0.10,0,1.00,5.27,3.64,4.62,1.00,D,0.00,12.00,12.00,12.00,12.00, ,6.07,,16.20,12.40,0,0.00,45.5,1,0,0.00,0.00,0.00,12.00,0.10,1.00,0,0,0.00,0
2026-05-02 19:24:07,961.82,1,0,0,0,0,0,0,0.18,0,1.00,5.27,3.64,4.64,1.00,D,0.00,12.00,12.00,12.00,12.00, ,10.96,,15.90,12.40,0,0.00,45.0,1,0,0.00,0.00,0.00,12.00,0.18,1.00,0,0,0.00,0
2026-05-02 19:24:08,962.82,1,0,0,0,0,0,0,-0.06,0,1.00,5.27,3.64,4.68,1.00,D,0.00,12.00,12.00,12.00,12.00, ,-3.79,,15.80,12.30,0,0.00,46.1,1,0,0.00,0.00,0.00,12.00,-0.06,1.00,0,0,0.00,0
2026-05-02 19:24:09,963.94,1,0,0,0,0,0,0,0.20,0,1.00,5.27,3.64,4.65,1.00,D,0.00,12.00,12.00,12.00,12.00, ,11.92,,16.40,12.30,0,0.00,45.5,1,0,0.00,0.00,0.00,12.00,0.20,1.00,0,0,0.00,0
2026-05-02 19:24:10,964.84,1,0,0,0,0,0,0,-0.15,0,1.00,5.27,3.64,4.66,1.00,D,0.00,12.00,12.00,12.00,12.00, ,-8.95,,16.50,12.30,0,0.00,45.5,1,0,0.00,0.00,0.00,12.00,-0.15,1.00,0,0,0.00,0
2026-05-02 19:24:11,965.85,1,0,0,0,0,0,0,0.18,0,1.00,5.27,3.64,4.63,1.00,D,0.00,12.00,12.00,12.00,12.00, ,10.61,,15.00,12.30,0,0.00,44.4,1,0,0.00,0.00,0.00,12.00,0.18,1.00,0,0,0.00,0
2026-05-02 19:24:12,966.95,1,0,0,0,0,0,0,0.09,0,1.00,5.27,3.64,4.53,1.00,D,0.00,12.00,12.00,12.00,12.00, ,5.62,,16.00,12.30,0,0.00,45.0,1,0,0.00,0.00,0.00,12.00,0.09,1.00,0,0,0.00,0
2026-05-02 19:24:13,967.85,1,0,0,0,0,0,0,0.05,0,1.00,5.27,3.65,4.69,1.00,D,0.00,12.00,12.00,12.00,12.00, ,2.86,,16.50,12.30,0,0.00,45.0,1,0,0.00,0.00,0.00,12.00,0.05,1.00,0,0,0.00,0
2026-05-02 19:24:14,968.87,1,0,0,0,0,0,0,0.17,0,1.00,5.27,3.65,4.70,1.00,D,0.00,12.00,12.00,12.00,12.00, ,10.14,,15.90,12.30,0,0.00,45.0,1,0,0.00,0.00,0.00,12.00,0.17,1.00,0,0,0.00,0
2026-05-02 19:24:15,969.98,1,0,0,0,0,0,0,0.07,0,1.00,5.27,3.65,4.63,1.00,D,0.00,12.00,12.00,12.00,12.00, ,4.26,,15.80,12.30,0,0.00,45.5,1,0,0.00,0.00,0.00,12.00,0.07,1.00,0,0,0.00,0
2026-05-02 19:24:16,970.88,1,0,0,0,0,0,0,0.16,0,1.00,5.27,3.65,4.73,1.00,D,0.00,12.00,12.00,12.00,12.00, ,9.41,,16.90,12.30,0,0.00,45.5,1,0,0.00,0.00,0.00,12.00,0.16,1.00,0,0,0.00,0
2026-05-02 19:24:17,971.90,1,0,0,0,0,0,0,0.09,0,1.00,5.27,3.65,4.70,1.00,D,0.00,12.00,12.00,12.00,12.00, ,5.26,,15.90,12.30,0,0.00,46.1,1,0,0.00,0.00,0.00,12.00,0.09,1.00,0,0,0.00,0
2026-05-02 19:24:18,972.91,1,0,0,0,0,0,0,0.14,0,1.00,5.27,3.65,4.69,1.00,D,0.00,12.00,12.00,12.00,12.00, ,8.28,,15.90,12.30,0,0.00,46.1,1,0,0.00,0.00,0.00,12.00,0.14,1.00,0,0,0.00,0
2026-05-02 19:24:19,973.92,1,0,0,0,0,0,0,-0.07,0,1.00,5.27,3.65,4.71,1.00,D,0.00,12.00,12.00,12.00,12.00, ,-4.10,,17.30,12.30,0,0.00,46.6,1,0,0.00,0.00,0.00,12.00,-0.07,1.00,0,0,0.00,0
2026-05-02 19:24:20,974.94,1,0,0,0,0,0,0,0.25,0,1.00,5.27,3.65,4.75,1.00,D,0.00,12.00,12.00,12.00,12.00, ,15.01,,15.90,12.30,0,0.00,46.1,1,0,0.00,0.00,0.00,12.00,0.25,1.00,0,0,0.00,0
2026-05-02 19:24:21,975.95,1,0,0,0,0,0,0,0.03,0,1.00,5.27,3.65,4.73,1.00,D,0.00,12.00,12.00,12.00,12.00, ,1.62,,16.20,12.30,0,0.00,45.5,1,0,0.00,0.00,0.00,12.00,0.03,1.00,0,0,0.00,0
2026-05-02 19:24:22,976.96,1,0,0,0,0,0,0,0.10,0,1.00,5.27,3.65,4.75,1.00,D,0.00,12.00,12.00,12.00,12.00, ,6.23,,17.40,12.30,0,0.00,46.1,1,0,0.00,0.00,0.00,12.00,0.10,1.00,0,0,0.00,0
2026-05-02 19:24:23,978.07,1,0,0,0,0,0,0,0.14,0,1.00,5.27,3.66,4.70,1.00,D,0.00,12.00,12.00,12.00,12.00, ,8.41,,15.20,12.30,0,0.00,45.5,1,0,0.00,0.00,0.00,12.00,0.14,1.00,0,0,0.00,0
2026-05-02 19:24:24,978.98,1,0,0,0,0,0,0,0.13,0,1.00,5.27,3.66,4.75,1.00,D,0.00,12.00,12.00,12.00,12.00, ,7.50,,16.00,12.30,0,0.00,44.4,1,0,0.00,0.00,0.00,12.00,0.13,1.00,0,0,0.00,0
2026-05-02 19:24:25,979.99,1,0,0,0,0,0,0,0.10,0,1.00,5.27,3.66,4.73,1.00,D,0.00,12.00,12.00,12.00,12.00, ,6.10,,16.10,12.30,0,0.00,45.5,1,0,0.00,0.00,0.00,12.00,0.10,1.00,0,0,0.00,0
2026-05-02 19:24:26,981.00,1,0,0,0,0,0,0,0.13,0,1.00,5.27,3.66,4.77,1.00,D,0.00,12.00,12.00,12.00,12.00, ,8.09,,13.90,12.40,0,0.00,46.6,1,0,0.00,0.00,0.00,12.00,0.13,1.00,0,0,0.00,0
2026-05-02 19:24:27,982.11,1,0,0,0,0,0,0,0.05,0,1.00,5.27,3.66,4.70,1.00,D,0.00,12.00,12.00,12.00,12.00, ,2.95,,13.70,12.30,0,0.00,47.2,1,0,0.00,0.00,0.00,12.00,0.05,1.00,0,0,0.00,0
2026-05-02 19:24:28,983.02,1,0,0,0,0,0,0,0.13,0,1.00,5.27,3.66,4.70,1.00,D,0.00,12.00,12.00,12.00,12.00, ,7.59,,14.40,12.30,0,0.00,47.2,1,0,0.00,0.00,0.00,12.00,0.13,1.00,0,0,0.00,0
2026-05-02 19:24:29,984.03,1,0,0,0,0,0,0,0.12,0,1.00,5.27,3.66,4.73,1.00,D,0.00,12.00,12.00,12.00,12.00, ,7.08,,12.40,12.40,0,0.00,46.1,1,0,0.00,0.00,0.00,12.00,0.12,1.00,0,0,0.00,0
2026-05-02 19:24:30,985.04,1,0,0,0,0,0,0,0.06,0,1.00,5.27,3.66,4.70,1.00,D,0.00,12.00,12.00,12.00,12.00, ,3.78,,14.80,12.40,0,0.00,46.6,1,0,0.00,0.00,0.00,12.00,0.06,1.00,0,0,0.00,0
2026-05-02 19:24:31,986.06,1,0,0,0,0,0,0,0.03,0,1.00,5.27,3.66,4.70,1.00,D,0.00,12.00,12.00,12.00,12.00, ,1.69,,16.00,12.40,0,0.00,44.4,1,0,0.00,0.00,0.00,12.00,0.03,1.00,0,0,0.00,0
2026-05-02 19:24:32,987.05,1,0,0,0,0,0,0,0.12,0,1.00,5.27,3.67,4.76,1.00,D,0.00,12.00,12.00,12.00,12.00, ,7.15,,12.60,12.40,0,0.00,46.6,1,0,0.00,0.00,0.00,12.00,0.12,1.00,0,0,0.00,0
2026-05-02 19:24:33,988.07,1,0,0,0,0,0,0,0.14,0,1.00,5.27,3.67,4.76,1.00,D,0.00,12.00,12.00,12.00,12.00, ,8.63,,13.50,12.40,0,0.00,46.6,1,0,0.00,0.00,0.00,12.00,0.14,1.00,0,0,0.00,0
2026-05-02 19:24:34,989.08,1,0,0,0,0,0,0,0.16,0,1.00,5.27,3.67,4.71,1.00,D,0.00,12.00,12.00,12.00,12.00, ,9.75,,13.50,12.30,0,0.00,46.6,1,0,0.00,0.00,0.00,12.00,0.16,1.00,0,0,0.00,0
2026-05-02 19:24:35,990.19,1,0,0,0,0,0,0,-0.03,0,1.00,5.27,3.67,4.76,1.00,D,0.00,12.00,12.00,12.00,12.00, ,-1.82,,13.50,12.40,0,0.00,46.6,1,0,0.00,0.00,0.00,12.00,-0.03,1.00,0,0,0.00,0
2026-05-02 19:24:36,991.10,1,0,0,0,0,0,0,0.18,0,1.00,5.27,3.67,4.75,1.00,D,0.00,12.00,12.00,12.00,12.00, ,11.06,,13.60,12.40,0,0.00,46.6,1,0,0.00,0.00,0.00,12.00,0.18,1.00,0,0,0.00,0
2026-05-02 19:24:37,992.11,1,0,0,0,0,0,0,0.04,0,1.00,5.27,3.67,4.67,1.00,D,0.00,12.00,12.00,12.00,12.00, ,2.68,,16.20,12.30,0,0.00,46.6,1,0,0.00,0.00,0.00,12.00,0.04,1.00,0,0,0.00,0
2026-05-02 19:24:38,993.12,1,0,0,0,0,0,0,0.08,0,1.00,5.27,3.67,4.64,1.00,D,0.00,12.00,12.00,12.00,12.00, ,5.04,,15.40,12.30,0,0.00,45.5,1,0,0.00,0.00,0.00,12.00,0.08,1.00,0,0,0.00,0
2026-05-02 19:24:39,994.13,1,0,0,0,0,0,0,0.17,0,1.00,5.27,3.67,4.66,1.00,D,0.00,12.00,12.00,12.00,12.00, ,10.18,,14.40,12.30,0,0.00,46.6,1,0,0.00,0.00,0.00,12.00,0.17,1.00,0,0,0.00,0
2026-05-02 19:24:40,995.15,1,0,0,0,0,0,0,0.11,0,1.00,5.27,3.67,4.66,1.00,D,0.00,12.00,12.00,12.00,12.00, ,6.30,,14.20,12.30,0,0.00,48.3,1,0,0.00,0.00,0.00,12.00,0.11,1.00,0,0,0.00,0
2026-05-02 19:24:41,996.26,1,0,0,0,0,0,0,0.12,0,1.00,5.27,3.67,4.65,1.00,D,0.00,12.00,12.00,12.00,12.00, ,7.30,,13.10,12.30,0,0.00,47.2,1,0,0.00,0.00,0.00,12.00,0.12,1.00,0,0,0.00,0
2026-05-02 19:24:42,997.16,1,0,0,0,0,0,0,0.22,0,1.00,5.27,3.68,4.63,1.00,D,0.00,12.00,12.00,12.00,12.00, ,13.25,,13.70,12.40,0,0.00,46.1,1,0,0.00,0.00,0.00,12.00,0.22,1.00,0,0,0.00,0
2026-05-02 19:24:44,998.27,1,0,0,0,0,0,0,-0.02,0,1.00,5.27,3.68,4.67,1.00,D,0.00,12.00,12.00,12.00,12.00, ,-1.03,,12.90,12.30,0,0.00,47.2,1,0,0.00,0.00,0.00,12.00,-0.02,1.00,0,0,0.00,0
2026-05-02 19:24:44,999.18,1,0,0,0,0,0,0,0.17,0,1.00,5.27,3.68,4.56,1.00,D,0.00,12.00,12.00,12.00,12.00, ,10.07,,15.60,12.30,0,0.00,46.6,1,0,0.00,0.00,0.00,12.00,0.17,1.00,0,0,0.00,0
2026-05-02 19:24:45,1000.19,1,0,0,0,0,0,0,0.08,0,1.00,5.27,3.68,4.64,1.00,D,0.00,12.00,12.00,12.00,12.00, ,4.76,,16.70,12.30,0,0.00,47.2,1,0,0.00,0.00,0.00,12.00,0.08,1.00,0,0,0.00,0
2026-05-02 19:24:46,1001.21,1,0,0,0,0,0,0,0.08,0,1.00,5.27,3.68,4.59,1.00,D,0.00,12.00,12.00,12.00,12.00, ,4.76,,15.40,12.30,0,0.00,47.2,1,0,0.00,0.00,0.00,12.00,0.08,1.00,0,0,0.00,0
2026-05-02 19:24:47,1002.22,1,0,0,0,0,0,0,0.23,0,1.00,5.27,3.68,4.57,1.00,D,0.00,12.00,12.00,12.00,12.00, ,13.58,,17.10,12.30,0,0.00,47.7,1,0,0.00,0.00,0.00,12.00,0.23,1.00,0,0,0.00,0
2026-05-02 19:24:48,1003.23,1,0,0,0,0,0,0,0.02,0,1.00,5.27,3.68,4.67,1.00,D,0.00,12.00,12.00,12.00,12.00, ,1.23,,16.10,12.30,0,0.00,46.6,1,0,0.00,0.00,0.00,12.00,0.02,1.00,0,0,0.00,0
2026-05-02 19:24:50,1004.35,1,0,0,0,0,0,0,0.18,0,1.00,5.27,3.68,4.56,1.00,D,0.00,12.00,12.00,12.00,12.00, ,11.02,,15.50,12.30,0,0.00,46.1,1,0,0.00,0.00,0.00,12.00,0.18,1.00,0,0,0.00,0
2026-05-02 19:24:50,1005.25,1,0,0,0,0,0,0,0.24,0,1.00,5.27,3.68,4.52,1.00,D,0.00,12.00,12.00,12.00,12.00, ,14.41,,15.50,12.30,0,0.00,46.1,1,0,0.00,0.00,0.00,12.00,0.24,1.00,0,0,0.00,0
2026-05-02 19:24:52,1006.27,1,0,0,0,0,0,0,-0.02,0,1.00,5.27,3.69,5.15,1.00,D,0.00,12.00,12.00,12.00,12.00, ,-1.11,,16.00,12.30,0,0.00,46.1,1,0,0.00,0.00,0.00,12.00,-0.02,1.00,0,0,0.00,0
2026-05-02 19:24:53,1007.28,1,0,0,0,0,0,0,0.18,0,1.00,5.27,3.69,4.69,1.00,D,0.00,12.00,12.00,12.00,12.00, ,10.87,,16.60,12.30,0,0.00,46.6,1,0,0.00,0.00,0.00,12.00,0.18,1.00,0,0,0.00,0
2026-05-02 19:24:54,1008.39,1,0,0,0,0,0,0,0.03,0,1.00,5.27,3.69,4.55,1.00,D,0.00,12.00,12.00,12.00,12.00, ,1.84,,15.90,12.30,0,0.00,45.5,1,0,0.00,0.00,0.00,12.00,0.03,1.00,0,0,0.00,0
2026-05-02 19:24:55,1009.29,1,0,0,0,0,0,0,-0.12,0,1.00,5.27,3.69,4.59,1.00,D,0.00,12.00,12.00,12.00,12.00, ,-7.31,,15.80,12.30,0,0.00,46.1,1,0,0.00,0.00,0.00,12.00,-0.12,1.00,0,0,0.00,0
2026-05-02 19:24:56,1010.30,1,0,0,0,0,0,0,-0.00,0,1.00,5.27,3.69,4.57,1.00,D,0.00,12.00,12.00,12.00,12.00, ,-0.22,,15.20,12.30,0,0.00,46.1,1,0,0.00,0.00,0.00,12.00,-0.00,1.00,0,0,0.00,0
2026-05-02 19:24:57,1011.31,1,0,0,0,0,0,0,0.18,0,1.00,5.27,3.69,4.41,1.00,D,0.00,12.00,12.00,12.00,12.00, ,10.56,,15.80,12.30,0,0.00,45.0,1,0,0.00,0.00,0.00,12.00,0.18,1.00,0,0,0.00,0
2026-05-02 19:24:58,1012.32,1,0,0,0,0,0,0,0.09,0,1.00,5.27,3.69,4.52,1.00,D,0.00,12.00,12.00,12.00,12.00, ,5.43,,16.50,12.30,0,0.00,46.1,1,0,0.00,0.00,0.00,12.00,0.09,1.00,0,0,0.00,0
2026-05-02 19:24:59,1013.34,1,0,0,0,0,0,0,0.17,0,1.00,5.27,3.69,4.55,1.00,D,0.00,12.00,12.00,12.00,12.00, ,10.18,,14.50,12.30,0,0.00,45.0,1,0,0.00,0.00,0.00,12.00,0.17,1.00,0,0,0.00,0
2026-05-02 19:25:00,1014.35,1,0,0,0,0,0,0,0.24,0,1.00,5.27,3.69,4.42,1.00,D,0.00,12.00,12.00,12.00,12.00, ,14.39,,15.40,12.30,0,0.00,46.1,1,0,0.00,0.00,0.00,12.00,0.24,1.00,0,0,0.00,0
2026-05-02 19:25:01,1015.36,1,0,0,0,0,0,0,0.10,0,1.00,5.27,3.69,4.44,1.00,D,0.00,12.00,12.00,12.00,12.00, ,5.92,,15.40,12.30,0,0.00,46.6,1,0,0.00,0.00,0.00,12.00,0.10,1.00,0,0,0.00,0
2026-05-02 19:25:02,1016.48,1,0,0,0,0,0,0,0.12,0,1.00,5.27,3.69,4.54,1.00,D,0.00,12.00,12.00,12.00,12.00, ,7.45,,15.20,12.30,0,0.00,46.6,1,0,0.00,0.00,0.00,12.00,0.12,1.00,0,0,0.00,0
2026-05-02 19:25:03,1017.38,1,0,0,0,0,0,0,-0.00,0,1.00,5.27,3.69,4.52,1.00,D,0.00,12.00,12.00,12.00,12.00, ,-0.19,,15.60,12.30,0,0.00,45.0,1,0,0.00,0.00,0.00,12.00,-0.00,1.00,0,0,0.00,0
2026-05-02 19:25:04,1018.39,1,0,0,0,0,0,0,0.11,0,1.00,5.27,3.70,4.48,1.00,D,0.00,12.00,12.00,12.00,12.00, ,6.82,,15.30,12.30,0,0.00,46.6,1,0,0.00,0.00,0.00,12.00,0.11,1.00,0,0,0.00,0
2026-05-02 19:25:05,1019.41,1,0,0,0,0,0,0,0.09,0,1.00,5.27,3.70,4.54,1.00,D,0.00,12.00,12.00,12.00,12.00, ,5.41,,12.60,12.30,0,0.00,46.6,1,0,0.00,0.00,0.00,12.00,0.09,1.00,0,0,0.00,0
2026-05-02 19:25:06,1020.41,1,0,0,0,0,0,0,-0.01,0,1.00,5.27,3.70,4.50,1.00,D,0.00,12.00,12.00,12.00,12.00, ,-0.54,,12.40,12.30,0,0.00,47.2,1,0,0.00,0.00,0.00,12.00,-0.01,1.00,0,0,0.00,0
2026-05-02 19:25:07,1021.43,1,0,0,0,0,0,0,-0.02,0,1.00,5.27,3.70,4.51,1.00,D,0.00,12.00,12.00,12.00,12.00, ,-1.34,,13.90,12.30,0,0.00,47.2,1,0,0.00,0.00,0.00,12.00,-0.02,1.00,0,0,0.00,0
2026-05-02 19:25:08,1022.44,1,0,0,0,0,0,0,0.15,0,1.00,5.27,3.70,4.49,1.00,D,0.00,12.00,12.00,12.00,12.00, ,8.98,,13.00,12.30,0,0.00,46.6,1,0,0.00,0.00,0.00,12.00,0.15,1.00,0,0,0.00,0
2026-05-02 19:25:09,1023.45,1,0,0,0,0,0,0,0.03,0,1.00,5.27,3.70,4.51,1.00,D,0.00,12.00,12.00,12.00,12.00, ,1.85,,13.80,12.30,0,0.00,45.5,1,0,0.00,0.00,0.00,12.00,0.03,1.00,0,0,0.00,0
2026-05-02 19:25:10,1024.46,1,0,0,0,0,0,0,-0.02,0,1.00,5.27,3.70,4.50,1.00,D,0.00,12.00,12.00,12.00,12.00, ,-1.32,,17.50,12.30,0,0.00,45.5,1,0,0.00,0.00,0.00,12.00,-0.02,1.00,0,0,0.00,0
2026-05-02 19:25:11,1025.48,1,0,0,0,0,0,0,0.07,0,1.00,5.27,3.70,4.56,1.00,D,0.00,12.00,12.00,12.00,12.00, ,4.21,,15.70,12.30,0,0.00,46.6,1,0,0.00,0.00,0.00,12.00,0.07,1.00,0,0,0.00,0
2026-05-02 19:25:12,1026.49,1,0,0,0,0,0,0,0.19,0,1.00,5.27,3.70,4.45,1.00,D,0.00,12.00,12.00,12.00,12.00, ,11.39,,16.10,12.30,0,0.00,46.1,1,0,0.00,0.00,0.00,12.00,0.19,1.00,0,0,0.00,0
2026-05-02 19:25:13,1027.50,1,0,0,0,0,0,0,-0.02,0,1.00,5.27,3.70,4.52,1.00,D,0.00,12.00,12.00,12.00,12.00, ,-1.28,,16.80,12.30,0,0.00,46.1,1,0,0.00,0.00,0.00,12.00,-0.02,1.00,0,0,0.00,0
2026-05-02 19:25:14,1028.62,1,0,0,0,0,0,0,0.09,0,1.00,5.27,3.70,4.48,1.00,D,0.00,12.00,12.00,12.00,12.00, ,5.69,,16.00,12.30,0,0.00,46.1,1,0,0.00,0.00,0.00,12.00,0.09,1.00,0,0,0.00,0
2026-05-02 19:25:15,1029.52,1,0,0,0,0,0,0,0.20,0,1.00,5.27,3.70,4.45,1.00,D,0.00,12.00,12.00,12.00,12.00, ,12.08,,15.80,12.30,0,0.00,45.5,1,0,0.00,0.00,0.00,12.00,0.20,1.00,0,0,0.00,0
2026-05-02 19:25:16,1030.53,1,0,0,0,0,0,0,0.05,0,1.00,5.27,3.70,4.49,1.00,D,0.00,12.00,12.00,12.00,12.00, ,2.79,,15.90,12.30,0,0.00,46.6,1,0,0.00,0.00,0.00,12.00,0.05,1.00,0,0,0.00,0
2026-05-02 19:25:17,1031.53,1,0,0,0,0,0,0,0.20,0,1.00,5.27,3.71,4.46,1.00,D,0.00,12.00,12.00,12.00,12.00, ,12.19,,13.40,12.30,0,0.00,46.6,1,0,0.00,0.00,0.00,12.00,0.20,1.00,0,0,0.00,0
2026-05-02 19:25:18,1032.54,1,0,0,0,0,0,0,-0.05,0,1.00,5.27,3.71,4.54,1.00,D,0.00,12.00,12.00,12.00,12.00, ,-2.82,,12.90,12.30,0,0.00,47.2,1,0,0.00,0.00,0.00,12.00,-0.05,1.00,0,0,0.00,0
2026-05-02 19:25:19,1033.56,1,0,0,0,0,0,0,0.11,0,1.00,5.27,3.71,4.47,1.00,D,0.00,12.00,12.00,12.00,12.00, ,6.61,,13.00,12.30,0,0.00,47.7,1,0,0.00,0.00,0.00,12.00,0.11,1.00,0,0,0.00,0
2026-05-02 19:25:20,1034.67,1,0,0,0,0,0,0,0.18,0,1.00,5.27,3.71,4.48,1.00,D,0.00,12.00,12.00,12.00,12.00, ,10.75,,13.50,12.30,0,0.00,46.1,1,0,0.00,0.00,0.00,12.00,0.18,1.00,0,0,0.00,0
2026-05-02 19:25:21,1035.57,1,0,0,0,0,0,0,0.12,0,1.00,5.27,3.71,4.51,1.00,D,0.00,12.00,12.00,12.00,12.00, ,7.18,,13.80,12.30,0,0.00,46.6,1,0,0.00,0.00,0.00,12.00,0.12,1.00,0,0,0.00,0
2026-05-02 19:25:22,1036.58,1,0,0,0,0,0,0,0.08,0,1.00,5.27,3.71,4.38,1.00,D,0.00,12.00,12.00,12.00,12.00, ,4.86,,16.30,12.30,0,0.00,46.6,1,0,0.00,0.00,0.00,12.00,0.08,1.00,0,0,0.00,0
2026-05-02 19:25:23,1037.59,1,0,0,0,0,0,0,0.04,0,1.00,5.27,3.71,4.48,1.00,D,0.00,12.00,12.00,12.00,12.00, ,2.67,,14.80,12.30,0,0.00,45.5,1,0,0.00,0.00,0.00,12.00,0.04,1.00,0,0,0.00,0
2026-05-02 19:25:24,1038.70,1,0,0,0,0,0,0,0.24,0,1.00,5.27,3.71,4.52,1.00,D,0.00,12.00,12.00,12.00,12.00, ,14.42,,16.40,12.30,0,0.00,47.2,1,0,0.00,0.00,0.00,12.00,0.24,1.00,0,0,0.00,0
2026-05-02 19:25:25,1039.61,1,0,0,0,0,0,0,0.24,0,1.00,5.27,3.71,4.41,1.00,D,0.00,12.00,12.00,12.00,12.00, ,14.12,,13.70,12.30,0,0.00,46.1,1,0,0.00,0.00,0.00,12.00,0.24,1.00,0,0,0.00,0
2026-05-02 19:25:26,1040.61,1,0,0,0,0,0,0,-0.19,0,1.00,5.27,3.71,4.49,1.00,D,0.00,12.00,12.00,12.00,12.00, ,-11.24,,14.60,12.30,0,0.00,47.2,1,0,0.00,0.00,0.00,12.00,-0.19,1.00,0,0,0.00,0
2026-05-02 19:25:27,1041.62,1,0,0,0,0,0,0,0.20,0,1.00,5.27,3.71,4.49,1.00,D,0.00,12.00,12.00,12.00,12.00, ,12.18,,12.90,12.30,0,0.00,47.7,1,0,0.00,0.00,0.00,12.00,0.20,1.00,0,0,0.00,0
2026-05-02 19:25:28,1042.62,1,0,0,0,0,0,0,0.09,0,1.00,5.27,3.71,4.48,1.00,D,0.00,12.00,12.00,12.00,12.00, ,5.11,,14.00,12.30,0,0.00,47.7,1,0,0.00,0.00,0.00,12.00,0.09,1.00,0,0,0.00,0
2026-05-02 19:25:29,1043.63,1,0,0,0,0,0,0,0.08,0,1.00,5.27,3.71,4.59,1.00,D,0.00,12.00,12.00,12.00,12.00, ,4.69,,12.40,12.30,0,0.00,47.7,1,0,0.00,0.00,0.00,12.00,0.08,1.00,0,0,0.00,0
2026-05-02 19:25:30,1044.65,1,0,0,0,0,0,0,0.16,0,1.00,5.27,3.71,4.49,1.00,D,0.00,12.00,12.00,12.00,12.00, ,9.54,,15.70,12.30,0,0.00,47.2,1,0,0.00,0.00,0.00,12.00,0.16,1.00,0,0,0.00,0
2026-05-02 19:25:31,1045.66,1,0,0,0,0,0,0,0.05,0,1.00,5.27,3.72,4.52,1.00,D,0.00,12.00,12.00,12.00,12.00, ,3.16,,16.70,12.30,0,0.00,46.6,1,0,0.00,0.00,0.00,12.00,0.05,1.00,0,0,0.00,0
2026-05-02 19:25:32,1046.67,1,0,0,0,0,0,0,0.09,0,1.00,5.27,3.72,4.48,1.00,D,0.00,12.00,12.00,12.00,12.00, ,5.64,,15.20,12.30,0,0.00,45.5,1,0,0.00,0.00,0.00,12.00,0.09,1.00,0,0,0.00,0
2026-05-02 19:25:33,1047.68,1,0,0,0,0,0,0,0.12,0,1.00,5.27,3.72,4.54,1.00,D,0.00,12.00,12.00,12.00,12.00, ,7.05,,15.00,12.30,0,0.00,46.6,1,0,0.00,0.00,0.00,12.00,0.12,1.00,0,0,0.00,0
2026-05-02 19:25:34,1048.69,1,0,0,0,0,0,0,0.10,0,1.00,5.27,3.72,4.51,1.00,D,0.00,12.00,12.00,12.00,12.00, ,5.79,,16.00,12.30,0,0.00,45.0,1,0,0.00,0.00,0.00,12.00,0.10,1.00,0,0,0.00,0
2026-05-02 19:25:35,1049.70,1,0,0,0,0,0,0,-0.14,0,1.00,5.27,3.72,4.50,1.00,D,0.00,12.00,12.00,12.00,12.00, ,-8.26,,15.50,12.30,0,0.00,46.1,1,0,0.00,0.00,0.00,12.00,-0.14,1.00,0,0,0.00,0
2026-05-02 19:25:36,1050.71,1,0,0,0,0,0,0,0.14,0,1.00,5.27,3.72,4.52,1.00,D,0.00,12.00,12.00,12.00,12.00, ,8.69,,16.10,12.30,0,0.00,46.6,1,0,0.00,0.00,0.00,12.00,0.14,1.00,0,0,0.00,0
2026-05-02 19:25:37,1051.72,1,0,0,0,0,0,0,0.11,0,1.00,5.27,3.72,4.49,1.00,D,0.00,12.00,12.00,12.00,12.00, ,6.79,,15.90,12.30,0,0.00,46.1,1,0,0.00,0.00,0.00,12.00,0.11,1.00,0,0,0.00,0
2026-05-02 19:25:38,1052.73,1,0,0,0,0,0,0,0.06,0,1.00,5.27,3.72,4.49,1.00,D,0.00,12.00,12.00,12.00,12.00, ,3.33,,15.40,12.30,0,0.00,46.6,1,0,0.00,0.00,0.00,12.00,0.06,1.00,0,0,0.00,0
2026-05-02 19:25:39,1053.74,1,0,0,0,0,0,0,0.16,0,1.00,5.27,3.72,4.45,1.00,D,0.00,12.00,12.00,12.00,12.00, ,9.59,,16.20,12.30,0,0.00,45.0,1,0,0.00,0.00,0.00,12.00,0.16,1.00,0,0,0.00,0
2026-05-02 19:25:40,1054.86,1,0,0,0,0,0,0,0.14,0,1.00,5.27,3.72,4.55,1.00,D,0.00,12.00,12.00,12.00,12.00, ,8.58,,16.80,12.30,0,0.00,46.6,1,0,0.00,0.00,0.00,12.00,0.14,1.00,0,0,0.00,0
2026-05-02 19:25:41,1055.76,1,0,0,0,0,0,0,-0.10,0,1.00,5.27,3.72,4.50,1.00,D,0.00,12.00,12.00,12.00,12.00, ,-5.80,,14.60,12.30,0,0.00,47.2,1,0,0.00,0.00,0.00,12.00,-0.10,1.00,0,0,0.00,0
2026-05-02 19:25:42,1056.77,1,0,0,0,0,0,0,0.11,0,1.00,5.27,3.72,4.45,1.00,D,0.00,12.00,12.00,12.00,12.00, ,6.52,,16.40,12.30,0,0.00,45.5,1,0,0.00,0.00,0.00,12.00,0.11,1.00,0,0,0.00,0
2026-05-02 19:25:43,1057.79,1,0,0,0,0,0,0,0.26,0,1.00,5.27,3.72,4.45,1.00,D,0.00,12.00,12.00,12.00,12.00, ,15.89,,16.50,12.30,0,0.00,46.1,1,0,0.00,0.00,0.00,12.00,0.26,1.00,0,0,0.00,0
2026-05-02 19:25:44,1058.80,1,0,0,0,0,0,0,0.11,0,1.00,5.27,3.72,4.31,1.00,D,0.00,12.00,12.00,12.00,12.00, ,6.85,,14.70,12.30,0,0.00,45.0,1,0,0.00,0.00,0.00,12.00,0.11,1.00,0,0,0.00,0
2026-05-02 19:25:45,1059.81,1,0,0,0,0,0,0,-0.01,0,1.00,5.27,3.73,4.48,1.00,D,0.00,12.00,12.00,12.00,12.00, ,-0.33,,16.50,12.30,0,0.00,46.1,1,0,0.00,0.00,0.00,12.00,-0.01,1.00,0,0,0.00,0
2026-05-02 19:25:46,1060.83,1,0,0,0,0,0,0,-0.01,0,1.00,5.27,3.73,4.51,1.00,D,0.00,12.00,12.00,12.00,12.00, ,-0.67,,16.00,12.30,0,0.00,45.0,1,0,0.00,0.00,0.00,12.00,-0.01,1.00,0,0,0.00,0
2026-05-02 19:25:47,1061.84,1,0,0,0,0,0,0,0.16,0,1.00,5.27,3.73,4.51,1.00,D,0.00,12.00,12.00,12.00,12.00, ,9.54,,15.40,12.30,0,0.00,46.1,1,0,0.00,0.00,0.00,12.00,0.16,1.00,0,0,0.00,0
2026-05-02 19:25:48,1062.85,1,0,0,0,0,0,0,0.04,0,1.00,5.27,3.73,4.48,1.00,D,0.00,12.00,12.00,12.00,12.00, ,2.50,,16.30,12.30,0,0.00,46.1,1,0,0.00,0.00,0.00,12.00,0.04,1.00,0,0,0.00,0
2026-05-02 19:25:49,1063.86,1,0,0,0,0,0,0,0.20,0,1.00,5.27,3.73,4.35,1.00,D,0.00,12.00,12.00,12.00,12.00, ,12.15,,15.30,12.30,0,0.00,45.5,1,0,0.00,0.00,0.00,12.00,0.20,1.00,0,0,0.00,0
2026-05-02 19:25:50,1064.88,1,0,0,0,0,0,0,0.01,0,1.00,5.27,3.73,4.47,1.00,D,0.00,12.00,12.00,12.00,12.00, ,0.35,,15.60,12.30,0,0.00,46.1,1,0,0.00,0.00,0.00,12.00,0.01,1.00,0,0,0.00,0
2026-05-02 19:25:51,1065.89,1,0,0,0,0,0,0,0.09,0,1.00,5.27,3.73,4.47,1.00,D,0.00,12.00,12.00,12.00,12.00, ,5.49,,16.90,12.30,0,0.00,45.5,1,0,0.00,0.00,0.00,12.00,0.09,1.00,0,0,0.00,0
2026-05-02 19:25:52,1066.90,1,0,0,0,0,0,0,0.21,0,1.00,5.27,3.73,4.48,1.00,D,0.00,12.00,12.00,12.00,12.00, ,12.68,,13.90,12.30,0,0.00,46.1,1,0,0.00,0.00,0.00,12.00,0.21,1.00,0,0,0.00,0
2026-05-02 19:25:53,1067.91,1,0,0,0,0,0,0,-0.08,0,1.00,5.27,3.73,4.48,1.00,D,0.00,12.00,12.00,12.00,12.00, ,-4.73,,13.30,12.30,0,0.00,46.6,1,0,0.00,0.00,0.00,12.00,-0.08,1.00,0,0,0.00,0
2026-05-02 19:25:54,1068.92,1,0,0,0,0,0,0,0.14,0,1.00,5.27,3.73,4.46,1.00,D,0.00,12.00,12.00,12.00,12.00, ,8.46,,14.20,12.30,0,0.00,46.6,1,0,0.00,0.00,0.00,12.00,0.14,1.00,0,0,0.00,0
2026-05-02 19:25:55,1069.93,1,0,0,0,0,0,0,0.04,0,1.00,5.27,3.73,4.47,1.00,D,0.00,12.00,12.00,12.00,12.00, ,2.64,,13.70,12.30,0,0.00,45.5,1,0,0.00,0.00,0.00,12.00,0.04,1.00,0,0,0.00,0
2026-05-02 19:25:56,1070.94,1,0,0,0,0,0,0,0.08,0,1.00,5.27,3.73,4.53,1.00,D,0.00,12.00,12.00,12.00,12.00, ,4.64,,12.80,12.30,0,0.00,47.2,1,0,0.00,0.00,0.00,12.00,0.08,1.00,0,0,0.00,0
2026-05-02 19:25:57,1071.95,1,0,0,0,0,0,0,0.00,0,1.00,5.27,3.73,4.50,1.00,D,0.00,12.00,12.00,12.00,12.00, ,0.06,,16.00,12.30,0,0.00,46.6,1,0,0.00,0.00,0.00,12.00,0.00,1.00,0,0,0.00,0
2026-05-02 19:25:58,1073.06,1,0,0,0,0,0,0,0.08,0,1.00,5.27,3.73,4.51,1.00,D,0.00,12.00,12.00,12.00,12.00, ,4.57,,15.80,12.30,0,0.00,46.1,1,0,0.00,0.00,0.00,12.00,0.08,1.00,0,0,0.00,0
2026-05-02 19:25:59,1073.97,1,0,0,0,0,0,0,-0.07,0,1.00,5.27,3.74,4.53,1.00,D,0.00,12.00,12.00,12.00,12.00, ,-3.94,,15.20,12.30,0,0.00,47.2,1,0,0.00,0.00,0.00,12.00,-0.07,1.00,0,0,0.00,0
2026-05-02 19:26:00,1075.08,1,0,0,0,0,0,0,0.01,0,1.00,5.27,3.74,4.59,1.00,D,0.00,12.00,12.00,12.00,12.00, ,0.87,,16.60,12.30,0,0.00,46.1,1,0,0.00,0.00,0.00,12.00,0.01,1.00,0,0,0.00,0
2026-05-02 19:26:01,1075.98,1,0,0,0,0,0,0,0.04,0,1.00,5.27,3.74,4.63,1.00,D,0.00,12.00,12.00,12.00,12.00, ,2.21,,15.00,12.30,0,0.00,46.1,1,0,0.00,0.00,0.00,12.00,0.04,1.00,0,0,0.00,0
2026-05-02 19:26:02,1077.09,1,0,0,0,0,0,0,0.35,0,1.00,5.27,3.74,4.54,1.00,D,0.00,12.00,12.00,12.00,12.00, ,21.13,,15.70,12.30,0,0.00,46.6,1,0,0.00,0.00,0.00,12.00,0.35,1.00,0,0,0.00,0
2026-05-02 19:26:03,1078.00,1,0,0,0,0,0,0,0.18,0,1.00,5.27,3.74,4.47,1.00,D,0.00,12.00,12.00,12.00,12.00, ,10.94,,15.50,12.30,0,0.00,46.1,1,0,0.00,0.00,0.00,12.00,0.18,1.00,0,0,0.00,0
2026-05-02 19:26:04,1079.11,1,0,0,0,0,0,0,0.10,0,1.00,5.27,3.74,4.37,1.00,D,0.00,12.00,12.00,12.00,12.00, ,6.06,,16.20,12.30,0,0.00,46.1,1,0,0.00,0.00,0.00,12.00,0.10,1.00,0,0,0.00,0
2026-05-02 19:26:05,1080.02,1,0,0,0,0,0,0,0.30,0,1.00,5.27,3.74,4.18,1.00,D,0.00,12.00,12.00,12.00,12.00, ,18.13,,15.80,12.30,0,0.00,46.6,1,0,0.00,0.00,0.00,12.00,0.30,1.00,0,0,0.00,0
2026-05-02 19:26:06,1081.03,1,0,0,0,0,0,0,0.18,0,1.00,5.27,3.74,4.33,1.00,D,0.00,12.00,12.00,12.00,12.00, ,11.02,,17.60,12.30,0,0.00,46.1,1,0,0.00,0.00,0.00,12.00,0.18,1.00,0,0,0.00,0
2026-05-02 19:26:07,1082.04,1,0,0,0,0,0,0,-0.04,0,1.00,5.27,3.74,4.47,1.00,D,0.00,12.00,12.00,12.00,12.00, ,-2.31,,15.90,12.30,0,0.00,44.4,1,0,0.00,0.00,0.00,12.00,-0.04,1.00,0,0,0.00,0
2026-05-02 19:26:08,1083.15,1,0,0,0,0,0,0,0.20,0,1.00,5.27,3.74,4.49,1.00,D,0.00,12.00,12.00,12.00,12.00, ,12.08,,15.20,12.40,0,0.00,44.4,1,0,0.00,0.00,0.00,12.00,0.20,1.00,0,0,0.00,0
2026-05-02 19:26:09,1084.06,1,0,0,0,0,0,0,0.07,0,1.00,5.27,3.74,4.48,1.00,D,0.00,12.00,12.00,12.00,12.00, ,4.03,,17.60,12.30,0,0.00,46.1,1,0,0.00,0.00,0.00,12.00,0.07,1.00,0,0,0.00,0
2026-05-02 19:26:10,1085.07,1,0,0,0,0,0,0,0.17,0,1.00,5.27,3.74,4.52,1.00,D,0.00,12.00,12.00,12.00,12.00, ,10.06,,14.90,12.30,0,0.00,46.1,1,0,0.00,0.00,0.00,12.00,0.17,1.00,0,0,0.00,0
2026-05-02 19:26:11,1086.08,1,0,0,0,0,0,0,-0.05,0,1.00,5.27,3.74,4.53,1.00,D,0.00,12.00,12.00,12.00,12.00, ,-3.17,,15.20,12.30,0,0.00,46.6,1,0,0.00,0.00,0.00,12.00,-0.05,1.00,0,0,0.00,0
2026-05-02 19:26:12,1087.10,1,0,0,0,0,0,0,0.16,0,1.00,5.27,3.74,4.56,1.00,D,0.00,12.00,12.00,12.00,12.00, ,9.46,,15.80,12.30,0,0.00,46.1,1,0,0.00,0.00,0.00,12.00,0.16,1.00,0,0,0.00,0
2026-05-02 19:26:13,1088.11,1,0,0,0,0,0,0,0.09,0,1.00,5.27,3.75,4.52,1.00,D,0.00,12.00,12.00,12.00,12.00, ,5.69,,16.00,12.30,0,0.00,45.5,1,0,0.00,0.00,0.00,12.00,0.09,1.00,0,0,0.00,0
2026-05-02 19:26:14,1089.12,1,0,0,0,0,0,0,0.20,0,1.00,5.27,3.75,4.57,1.00,D,0.00,12.00,12.00,12.00,12.00, ,12.02,,15.60,12.30,0,0.00,46.6,1,0,0.00,0.00,0.00,12.00,0.20,1.00,0,0,0.00,0
2026-05-02 19:26:15,1090.14,1,0,0,0,0,0,0,0.18,0,1.00,5.27,3.75,4.49,1.00,D,0.00,12.00,12.00,12.00,12.00, ,10.79,,16.30,12.30,0,0.00,46.1,1,0,0.00,0.00,0.00,12.00,0.18,1.00,0,0,0.00,0
2026-05-02 19:26:16,1091.14,1,0,0,0,0,0,0,0.01,0,1.00,5.27,3.75,4.51,1.00,D,0.00,12.00,12.00,12.00,12.00, ,0.87,,14.10,12.30,0,0.00,45.0,1,0,0.00,0.00,0.00,12.00,0.01,1.00,0,0,0.00,0
2026-05-02 19:26:17,1092.15,1,0,0,0,0,0,0,0.13,0,1.00,5.27,3.75,4.53,1.00,D,0.00,12.00,12.00,12.00,12.00, ,7.72,,12.80,12.30,0,0.00,46.6,1,0,0.00,0.00,0.00,12.00,0.13,1.00,0,0,0.00,0
2026-05-02 19:26:18,1093.17,1,0,0,0,0,0,0,0.20,0,1.00,5.27,3.75,4.40,1.00,D,0.00,12.00,12.00,12.00,12.00, ,12.05,,13.90,12.30,0,0.00,46.6,1,0,0.00,0.00,0.00,12.00,0.20,1.00,0,0,0.00,0
2026-05-02 19:26:19,1094.18,1,0,0,0,0,0,0,-0.10,0,1.00,5.27,3.75,4.58,1.00,D,0.00,12.00,12.00,12.00,12.00, ,-5.86,,12.50,12.30,0,0.00,47.7,1,0,0.00,0.00,0.00,12.00,-0.10,1.00,0,0,0.00,0
2026-05-02 19:26:20,1095.18,1,0,0,0,0,0,0,0.12,0,1.00,5.27,3.75,4.58,1.00,D,0.00,12.00,12.00,12.00,12.00, ,7.16,,12.30,12.30,0,0.00,47.2,1,0,0.00,0.00,0.00,12.00,0.12,1.00,0,0,0.00,0
2026-05-02 19:26:21,1096.20,1,0,0,0,0,0,0,0.03,0,1.00,5.27,3.75,4.57,1.00,D,0.00,12.00,12.00,12.00,12.00, ,1.58,,16.00,12.30,0,0.00,46.6,1,0,0.00,0.00,0.00,12.00,0.03,1.00,0,0,0.00,0
2026-05-02 19:26:22,1097.21,1,0,0,0,0,0,0,0.07,0,1.00,5.27,3.75,4.46,1.00,D,0.00,12.00,12.00,12.00,12.00, ,4.48,,16.10,12.30,0,0.00,46.1,1,0,0.00,0.00,0.00,12.00,0.07,1.00,0,0,0.00,0
2026-05-02 19:26:23,1098.22,1,0,0,0,0,0,0,0.10,0,1.00,5.27,3.75,4.59,1.00,D,0.00,12.00,12.00,12.00,12.00, ,5.81,,15.60,12.30,0,0.00,46.1,1,0,0.00,0.00,0.00,12.00,0.10,1.00,0,0,0.00,0
2026-05-02 19:26:24,1099.24,1,0,0,0,0,0,0,0.27,0,1.00,5.27,3.75,4.69,1.00,D,0.00,12.00,12.00,12.00,12.00, ,16.39,,15.40,12.30,0,0.00,47.7,1,0,0.00,0.00,0.00,12.00,0.27,1.00,0,0,0.00,0
2026-05-02 19:26:25,1100.24,1,0,0,0,0,0,0,-0.06,0,1.00,5.27,3.75,4.26,1.00,D,0.00,12.00,12.00,12.00,12.00, ,-3.76,,12.50,12.30,0,0.00,47.2,1,0,0.00,0.00,0.00,12.00,-0.06,1.00,0,0,0.00,0
2026-05-02 19:26:26,1101.25,1,0,0,0,0,0,0,0.11,0,1.00,5.27,3.75,4.40,1.00,D,0.00,12.00,12.00,12.00,12.00, ,6.30,,13.70,12.30,0,0.00,46.1,1,0,0.00,0.00,0.00,12.00,0.11,1.00,0,0,0.00,0
2026-05-02 19:26:28,1102.26,1,0,0,0,0,0,0,0.09,0,1.00,5.27,3.75,4.47,1.00,D,0.00,12.00,12.00,12.00,12.00, ,5.11,,13.90,12.30,0,0.00,47.2,1,0,0.00,0.00,0.00,12.00,0.09,1.00,0,0,0.00,0
2026-05-02 19:26:29,1103.28,1,0,0,0,0,0,0,0.15,0,1.00,5.27,3.76,4.53,1.00,D,0.00,12.00,12.00,12.00,12.00, ,8.79,,13.10,12.30,0,0.00,46.6,1,0,0.00,0.00,0.00,12.00,0.15,1.00,0,0,0.00,0
2026-05-02 19:26:30,1104.29,1,0,0,0,0,0,0,0.31,0,1.00,5.27,3.76,4.66,1.00,D,0.00,12.00,12.00,12.00,12.00, ,18.31,,15.00,12.30,0,0.00,47.2,1,0,0.00,0.00,0.00,12.00,0.31,1.00,0,0,0.00,0
2026-05-02 19:26:31,1105.30,1,0,0,0,0,0,0,0.37,0,1.00,5.27,3.76,4.72,1.00,D,0.00,12.00,12.00,12.00,12.00, ,21.99,,16.80,12.30,0,0.00,45.5,1,0,0.00,0.00,0.00,12.00,0.37,1.00,0,0,0.00,0
2026-05-02 19:26:32,1106.31,1,0,0,0,0,0,0,-0.06,0,1.00,5.27,3.76,4.11,1.00,D,0.00,12.00,12.00,12.00,12.00, ,-3.87,,14.30,12.30,0,0.00,46.1,1,0,0.00,0.00,0.00,12.00,-0.06,1.00,0,0,0.00,0
2026-05-02 19:26:33,1107.42,1,0,0,0,0,0,0,0.19,0,1.00,5.27,3.76,4.14,1.00,D,0.00,12.00,12.00,12.00,12.00, ,11.48,,15.90,12.30,0,0.00,45.5,1,0,0.00,0.00,0.00,12.00,0.19,1.00,0,0,0.00,0
2026-05-02 19:26:34,1108.32,1,0,0,0,0,0,0,-0.10,0,1.00,5.27,3.76,4.09,1.00,D,0.00,12.00,12.00,12.00,12.00, ,-5.77,,16.20,12.30,0,0.00,45.0,1,0,0.00,0.00,0.00,12.00,-0.10,1.00,0,0,0.00,0
2026-05-02 19:26:35,1109.33,0,0,0,1,0,0,0,0.00,0,1.00,5.27,3.76,0.20,-0.10,R,0.00,12.00,12.00,12.00,12.00, ,0.00,,13.90,12.30,0,0.00,46.6,1,0,0.00,0.00,0.00,12.00,0.00,0.00,0,0,0.00,0
2026-05-02 19:26:36,1110.35,0,0,0,0,0,0,0,0.00,0,1.00,5.27,3.75,0.63,-0.60,R,0.00,12.00,12.00,12.00,12.00, ,0.00,,14.70,12.30,0,0.00,46.6,1,0,0.00,0.00,0.00,12.00,0.00,0.00,0,0,0.00,0
2026-05-02 19:26:37,1111.46,0,0,0,0,0,0,0,0.00,0,1.00,5.27,3.75,2.67,-0.97,R,0.00,12.00,12.00,12.00,12.00, ,0.00,,15.50,12.30,0,0.00,45.5,1,0,0.00,0.00,0.00,12.00,0.00,0.00,0,0,0.00,0
2026-05-02 19:26:38,1112.36,0,0,0,0,0,0,0,0.11,0,0.00,5.27,3.75,3.53,-0.90,R,0.00,12.00,12.00,12.00,12.00, ,0.00,,15.10,12.30,0,0.00,46.6,1,0,0.00,0.00,0.00,12.00,0.00,0.00,0,0,0.00,0
2026-05-02 19:26:39,1113.37,0,0,0,0,0,0,0,0.00,0,1.00,5.27,3.75,2.87,-0.76,R,0.00,12.00,12.00,12.00,12.00, ,0.00,,15.30,12.30,0,0.00,45.5,1,0,0.00,0.00,0.00,12.00,0.00,0.00,0,0,0.00,0
2026-05-02 19:26:40,1114.38,0,0,0,0,0,0,0,0.00,0,1.00,5.27,3.75,3.29,-1.00,R,0.00,12.00,12.00,12.00,12.00, ,0.00,,16.10,12.30,0,0.00,45.0,1,0,0.00,0.00,0.00,12.00,0.00,0.00,0,0,0.00,0
2026-05-02 19:26:41,1115.39,1,0,0,0,0,0,0,-0.40,0,1.00,5.27,3.75,3.24,-0.66,D,0.00,12.00,12.00,12.00,12.00, ,-24.14,,11.70,12.30,0,0.00,46.6,1,0,0.00,0.00,0.00,12.00,-0.40,1.00,0,0,0.00,0
2026-05-02 19:26:42,1116.40,1,0,0,0,0,0,0,-0.42,0,1.00,5.27,3.75,1.01,-0.16,D,0.00,12.00,12.00,12.00,12.00, ,-24.91,,12.50,12.30,0,0.00,45.0,1,0,0.00,0.00,0.00,12.00,-0.42,1.00,0,0,0.00,0
2026-05-02 19:26:43,1117.51,1,0,0,0,0,0,0,-0.41,0,1.00,5.27,3.74,0.05,0.35,D,0.00,12.00,12.00,12.00,12.00, ,-24.34,,11.50,12.30,0,0.00,46.6,1,0,0.00,0.00,0.00,12.00,-0.41,1.00,0,0,0.00,0
2026-05-02 19:26:44,1118.43,1,0,0,0,0,0,0,-0.38,0,1.00,5.27,3.74,1.48,0.85,D,0.00,12.00,12.00,12.00,12.00, ,-22.54,,11.40,12.30,0,0.00,46.6,1,0,0.00,0.00,0.00,12.00,-0.38,1.00,0,0,0.00,0
2026-05-02 19:26:45,1119.44,1,0,0,0,0,0,0,0.13,0,1.00,5.27,3.74,4.21,1.00,D,0.00,12.00,12.00,12.00,12.00, ,8.05,,13.80,12.30,0,0.00,46.6,1,0,0.00,0.00,0.00,12.00,0.13,1.00,0,0,0.00,0
2026-05-02 19:26:46,1120.45,0,0,0,0,0,0,0,0.00,0,0.00,5.27,3.74,4.16,0.00,D,0.00,12.00,12.00,12.00,12.00, ,0.00,,13.80,12.30,0,0.00,46.6,1,0,0.00,0.00,0.00,12.00,0.00,0.00,0,0,0.00,0
2026-05-02 19:26:47,1121.46,0,0,0,0,0,0,0,0.00,0,0.00,5.27,3.74,2.74,0.00,D,0.00,12.00,12.00,12.00,12.00, ,0.00,,12.80,12.30,0,0.00,46.1,1,0,0.00,0.00,0.00,12.00,0.00,0.00,0,0,0.00,0
2026-05-02 19:26:48,1122.47,0,0,0,1,0,0,0,0.00,0,1.00,5.27,3.74,1.29,-0.30,R,0.00,12.00,12.00,12.00,12.00, ,0.00,,14.20,12.30,0,0.00,47.2,1,0,0.00,0.00,0.00,12.00,0.00,0.00,0,0,0.00,0
2026-05-02 19:26:49,1123.58,0,0,0,0,0,0,0,0.00,0,1.00,5.27,3.74,0.73,-0.81,R,0.00,12.00,12.00,12.00,12.00, ,0.00,,11.80,12.30,0,0.00,46.6,1,0,0.00,0.00,0.00,12.00,0.00,0.00,0,0,0.00,0
2026-05-02 19:26:50,1124.49,0,0,0,0,0,0,0,0.00,0,0.00,5.27,3.74,2.36,-0.58,R,0.00,12.00,12.00,12.00,12.00, ,0.00,,13.00,12.30,0,0.00,47.2,1,0,0.00,0.00,0.00,12.00,0.00,0.00,0,0,0.00,0
2026-05-02 19:26:51,1125.50,0,0,0,0,0,0,0,1.00,0,1.00,5.27,3.73,1.15,-0.23,R,0.00,12.00,12.00,12.00,12.00, ,0.00,,15.30,12.30,0,0.00,47.2,1,0,0.00,0.00,0.00,12.00,0.00,0.00,0,0,0.00,0
2026-05-02 19:26:52,1126.51,0,0,0,0,0,0,0,1.00,0,1.00,5.27,3.73,0.59,-0.73,R,0.00,12.00,12.00,12.00,12.00, ,0.00,,13.60,12.30,0,0.00,45.0,1,0,0.00,0.00,0.00,12.00,0.00,0.00,0,0,0.00,0
2026-05-02 19:26:53,1127.52,0,0,1,0,0,0,0,1.00,0,1.00,5.27,3.73,0.93,0.18,D,0.00,12.00,12.00,12.00,12.00, ,0.00,,15.00,12.30,0,0.00,47.2,1,0,0.00,0.00,0.00,12.00,0.00,0.00,0,0,0.00,0
2026-05-02 19:26:54,1128.54,0,0,0,0,0,0,0,1.00,0,1.00,5.27,3.73,0.41,0.68,D,0.00,12.00,12.00,12.00,12.00, ,0.00,,14.60,12.30,0,0.00,45.5,1,0,0.00,0.00,0.00,12.00,0.00,0.00,0,0,0.00,0
2026-05-02 19:26:55,1129.55,0,0,0,0,0,0,0,0.00,0,0.00,5.27,3.72,2.31,0.52,D,0.00,12.00,12.00,12.00,12.00, ,0.00,,14.80,12.30,0,0.00,45.5,1,0,0.00,0.00,0.00,12.00,0.00,0.00,0,0,0.00,0
2026-05-02 19:26:56,1130.56,0,0,0,0,0,0,0,0.00,0,0.00,5.27,3.72,2.07,0.25,D,0.00,12.00,12.00,12.00,12.00, ,0.00,,15.60,12.30,0,0.00,46.1,1,0,0.00,0.00,0.00,12.00,0.00,0.00,0,0,0.00,0
2026-05-02 19:26:57,1131.67,0,0,0,0,0,0,0,0.00,0,0.00,5.27,3.72,1.56,0.28,D,0.00,12.00,12.00,12.00,12.00, ,0.00,,17.00,12.30,0,0.00,45.0,1,0,0.00,0.00,0.00,12.00,0.00,0.00,0,0,0.00,0
2026-05-02 19:26:58,1132.57,0,0,0,0,0,0,0,0.00,0,0.00,5.27,3.72,1.28,0.44,D,0.00,12.00,12.00,12.00,12.00, ,0.00,,14.90,12.30,0,0.00,46.1,1,0,0.00,0.00,0.00,12.00,0.00,0.00,0,0,0.00,0
2026-05-02 19:26:59,1133.58,0,0,0,0,0,0,0,0.00,0,0.00,5.27,3.72,1.72,0.52,D,0.00,12.00,12.00,12.00,12.00, ,0.00,,15.60,12.30,0,0.00,47.2,1,0,0.00,0.00,0.00,12.00,0.00,0.00,0,0,0.00,0
2026-05-02 19:27:00,1134.60,0,0,0,0,0,0,0,-1.00,0,1.00,5.27,3.72,1.23,0.69,D,0.00,12.00,12.00,12.00,12.00, ,0.00,,15.90,12.30,0,0.00,46.6,1,0,0.00,0.00,0.00,12.00,0.00,0.00,0,0,0.00,0
2026-05-02 19:27:01,1135.61,0,0,0,0,0,0,0,1.00,0,1.00,5.27,3.71,1.78,0.74,D,0.00,12.00,12.00,12.00,12.00, ,0.00,,15.60,12.30,0,0.00,46.1,1,0,0.00,0.00,0.00,12.00,0.00,0.00,0,0,0.00,0
2026-05-02 19:27:02,1136.62,1,0,0,0,0,0,0,-0.27,0,1.00,5.27,3.71,3.09,1.00,D,0.00,12.00,12.00,12.00,12.00, ,-16.14,,16.00,12.30,0,0.00,46.6,1,0,0.00,0.00,0.00,12.00,-0.27,1.00,0,0,0.00,0
2026-05-02 19:27:03,1137.73,1,0,0,0,0,0,0,0.07,0,1.00,5.27,3.71,4.59,1.00,D,0.00,12.00,12.00,12.00,12.00, ,3.94,,17.20,12.30,0,0.00,46.6,1,0,0.00,0.00,0.00,12.00,0.07,1.00,0,0,0.00,0
2026-05-02 19:27:04,1138.63,1,0,0,0,0,0,0,0.01,0,1.00,5.27,3.71,4.63,1.00,D,0.00,12.00,12.00,12.00,12.00, ,0.69,,15.00,12.30,0,0.00,46.1,1,0,0.00,0.00,0.00,12.00,0.01,1.00,0,0,0.00,0
2026-05-02 19:27:05,1139.75,1,0,0,0,0,0,0,-0.08,0,1.00,5.27,3.71,4.78,1.00,D,0.00,12.00,12.00,12.00,12.00, ,-4.73,,15.20,12.30,0,0.00,46.1,1,0,0.00,0.00,0.00,12.00,-0.08,1.00,0,0,0.00,0
2026-05-02 19:27:06,1140.65,1,0,0,0,0,0,0,0.21,0,1.00,5.27,3.71,4.67,1.00,D,0.00,12.00,12.00,12.00,12.00, ,12.76,,17.00,12.30,0,0.00,46.1,1,0,0.00,0.00,0.00,12.00,0.21,1.00,0,0,0.00,0
2026-05-02 19:27:07,1141.66,1,0,0,0,0,0,0,-0.02,0,1.00,5.27,3.72,4.71,1.00,D,0.00,12.00,12.00,12.00,12.00, ,-1.30,,15.80,12.30,0,0.00,46.6,1,0,0.00,0.00,0.00,12.00,-0.02,1.00,0,0,0.00,0
2026-05-02 19:27:08,1142.67,1,0,0,0,0,0,0,0.11,0,1.00,5.27,3.72,4.83,1.00,D,0.00,12.00,12.00,12.00,12.00, ,6.64,,14.80,12.30,0,0.00,45.0,1,0,0.00,0.00,0.00,12.00,0.11,1.00,0,0,0.00,0
2026-05-02 19:27:09,1143.68,1,0,0,0,0,0,0,0.01,0,1.00,5.27,3.72,4.59,1.00,D,0.00,12.00,12.00,12.00,12.00, ,0.50,,15.60,12.30,0,0.00,46.1,1,0,0.00,0.00,0.00,12.00,0.01,1.00,0,0,0.00,0
2026-05-02 19:27:10,1144.69,1,0,0,0,0,0,0,0.10,0,1.00,5.27,3.72,4.69,1.00,D,0.00,12.00,12.00,12.00,12.00, ,5.83,,12.60,12.30,0,0.00,47.7,1,0,0.00,0.00,0.00,12.00,0.10,1.00,0,0,0.00,0
2026-05-02 19:27:11,1145.70,1,0,0,0,0,0,0,0.25,0,1.00,5.27,3.72,4.64,1.00,D,0.00,12.00,12.00,12.00,12.00, ,15.10,,12.80,12.30,0,0.00,46.6,1,0,0.00,0.00,0.00,12.00,0.25,1.00,0,0,0.00,0
2026-05-02 19:27:12,1146.72,1,0,0,0,0,0,0,-0.04,0,1.00,5.27,3.72,4.75,1.00,D,0.00,12.00,12.00,12.00,12.00, ,-2.56,,14.60,12.30,0,0.00,47.7,1,0,0.00,0.00,0.00,12.00,-0.04,1.00,0,0,0.00,0
2026-05-02 19:27:13,1147.73,1,0,0,0,0,0,0,0.14,0,1.00,5.27,3.72,4.75,1.00,D,0.00,12.00,12.00,12.00,12.00, ,8.39,,12.60,12.30,0,0.00,47.2,1,0,0.00,0.00,0.00,12.00,0.14,1.00,0,0,0.00,0
2026-05-02 19:27:14,1148.73,1,0,0,0,0,0,0,0.08,0,1.00,5.27,3.72,4.63,1.00,D,0.00,12.00,12.00,12.00,12.00, ,4.82,,14.40,12.30,0,0.00,46.6,1,0,0.00,0.00,0.00,12.00,0.08,1.00,0,0,0.00,0
2026-05-02 19:27:15,1149.74,1,0,0,0,0,0,0,0.02,0,1.00,5.27,3.72,4.75,1.00,D,0.00,12.00,12.00,12.00,12.00, ,0.93,,15.90,12.30,0,0.00,47.2,1,0,0.00,0.00,0.00,12.00,0.02,1.00,0,0,0.00,0
2026-05-02 19:27:16,1150.75,1,0,0,0,0,0,0,0.16,0,1.00,5.27,3.72,4.69,1.00,D,0.00,12.00,12.00,12.00,12.00, ,9.38,,12.60,12.20,0,0.00,47.2,1,0,0.00,0.00,0.00,12.00,0.16,1.00,0,0,0.00,0
2026-05-02 19:27:17,1151.75,1,0,0,0,0,0,0,0.21,0,1.00,5.27,3.72,4.60,1.00,D,0.00,12.00,12.00,12.00,12.00, ,12.73,,12.80,12.20,0,0.00,46.6,1,0,0.00,0.00,0.00,12.00,0.21,1.00,0,0,0.00,0
2026-05-02 19:27:18,1152.77,1,0,0,0,0,0,0,-0.29,0,1.00,5.27,3.73,4.65,1.00,D,0.00,12.00,12.00,12.00,12.00, ,-17.28,,14.20,12.30,0,0.00,46.6,1,0,0.00,0.00,0.00,12.00,-0.29,1.00,0,0,0.00,0
2026-05-02 19:27:19,1153.88,1,0,0,0,0,0,0,0.13,0,1.00,5.27,3.73,4.60,1.00,D,0.00,12.00,12.00,12.00,12.00, ,7.77,,12.80,12.30,0,0.00,47.2,1,0,0.00,0.00,0.00,12.00,0.13,1.00,0,0,0.00,0
2026-05-02 19:27:20,1154.78,1,0,0,0,0,0,0,0.26,0,1.00,5.27,3.73,4.36,1.00,D,0.00,12.00,12.00,12.00,12.00, ,15.83,,13.70,12.30,0,0.00,46.6,1,0,0.00,0.00,0.00,12.00,0.26,1.00,0,0,0.00,0
2026-05-02 19:27:21,1155.79,1,0,0,0,0,0,0,0.12,0,1.00,5.27,3.73,4.37,1.00,D,0.00,12.00,12.00,12.00,12.00, ,7.31,,16.20,12.30,0,0.00,45.5,1,0,0.00,0.00,0.00,12.00,0.12,1.00,0,0,0.00,0
2026-05-02 19:27:22,1156.81,1,0,0,0,0,0,0,-0.14,0,1.00,5.27,3.73,4.63,1.00,D,0.00,12.00,12.00,12.00,12.00, ,-8.47,,16.00,12.30,0,0.00,46.6,1,0,0.00,0.00,0.00,12.00,-0.14,1.00,0,0,0.00,0
2026-05-02 19:27:23,1157.82,1,0,0,0,0,0,0,0.15,0,1.00,5.27,3.73,4.65,1.00,D,0.00,12.00,12.00,12.00,12.00, ,9.25,,15.20,12.30,0,0.00,47.2,1,0,0.00,0.00,0.00,12.00,0.15,1.00,0,0,0.00,0
2026-05-02 19:27:24,1158.84,1,0,0,0,0,0,0,0.14,0,1.00,5.27,3.73,4.49,1.00,D,0.00,12.00,12.00,12.00,12.00, ,8.58,,15.40,12.30,0,0.00,45.5,1,0,0.00,0.00,0.00,12.00,0.14,1.00,0,0,0.00,0
2026-05-02 19:27:25,1159.84,1,0,0,0,0,0,0,-0.09,0,1.00,5.27,3.73,4.59,1.00,D,0.00,12.00,12.00,12.00,12.00, ,-5.10,,15.30,12.30,0,0.00,46.1,1,0,0.00,0.00,0.00,12.00,-0.09,1.00,0,0,0.00,0
2026-05-02 19:27:26,1160.86,1,0,0,0,0,0,0,0.17,0,1.00,5.27,3.73,4.56,1.00,D,0.00,12.00,12.00,12.00,12.00, ,9.95,,14.90,12.30,0,0.00,44.4,1,0,0.00,0.00,0.00,12.00,0.17,1.00,0,0,0.00,0
2026-05-02 19:27:27,1161.97,1,0,0,0,0,0,0,0.09,0,1.00,5.27,3.73,4.52,1.00,D,0.00,12.00,12.00,12.00,12.00, ,5.12,,15.80,12.30,0,0.00,45.0,1,0,0.00,0.00,0.00,12.00,0.09,1.00,0,0,0.00,0
2026-05-02 19:27:28,1162.88,1,0,0,0,0,0,0,0.04,0,1.00,5.27,3.73,4.46,1.00,D,0.00,12.00,12.00,12.00,12.00, ,2.23,,16.10,12.30,0,0.00,46.1,1,0,0.00,0.00,0.00,12.00,0.04,1.00,0,0,0.00,0
2026-05-02 19:27:29,1163.99,1,0,0,0,0,0,0,0.08,0,1.00,5.27,3.73,4.42,1.00,D,0.00,12.00,12.00,12.00,12.00, ,4.80,,16.00,12.30,0,0.00,46.1,1,0,0.00,0.00,0.00,12.00,0.08,1.00,0,0,0.00,0
2026-05-02 19:27:30,1164.89,1,0,0,0,0,0,0,0.02,0,1.00,5.27,3.73,4.47,1.00,D,0.00,12.00,12.00,12.00,12.00, ,1.20,,16.40,12.30,0,0.00,46.1,1,0,0.00,0.00,0.00,12.00,0.02,1.00,0,0,0.00,0
2026-05-02 19:27:31,1166.00,1,0,0,0,0,0,0,0.07,0,1.00,5.27,3.73,4.47,1.00,D,0.00,12.00,12.00,12.00,12.00, ,4.07,,15.50,12.30,0,0.00,46.1,1,0,0.00,0.00,0.00,12.00,0.07,1.00,0,0,0.00,0
2026-05-02 19:27:32,1166.91,1,0,0,0,0,0,0,0.12,0,1.00,5.27,3.73,4.41,1.00,D,0.00,12.00,12.00,12.00,12.00, ,7.44,,15.80,12.30,0,0.00,46.1,1,0,0.00,0.00,0.00,12.00,0.12,1.00,0,0,0.00,0
2026-05-02 19:27:33,1167.92,1,0,0,0,0,0,0,0.14,0,1.00,5.27,3.74,4.40,1.00,D,0.00,12.00,12.00,12.00,12.00, ,8.58,,16.30,12.30,0,0.00,46.1,1,0,0.00,0.00,0.00,12.00,0.14,1.00,0,0,0.00,0
2026-05-02 19:27:34,1168.93,1,0,0,0,0,0,0,0.09,0,1.00,5.27,3.74,4.45,1.00,D,0.00,12.00,12.00,12.00,12.00, ,5.41,,15.40,12.30,0,0.00,45.5,1,0,0.00,0.00,0.00,12.00,0.09,1.00,0,0,0.00,0
2026-05-02 19:27:35,1170.05,1,0,0,0,0,0,0,-0.03,0,1.00,5.27,3.74,4.42,1.00,D,0.00,12.00,12.00,12.00,12.00, ,-1.52,,15.40,12.30,0,0.00,45.5,1,0,0.00,0.00,0.00,12.00,-0.03,1.00,0,0,0.00,0
2026-05-02 19:27:36,1170.95,1,0,0,0,0,0,0,0.16,0,1.00,5.27,3.74,4.44,1.00,D,0.00,12.00,12.00,12.00,12.00, ,9.66,,15.70,12.30,0,0.00,45.0,1,0,0.00,0.00,0.00,12.00,0.16,1.00,0,0,0.00,0
2026-05-02 19:27:37,1171.96,1,0,0,0,0,0,0,0.10,0,1.00,5.27,3.74,4.42,1.00,D,0.00,12.00,12.00,12.00,12.00, ,6.22,,16.50,12.30,0,0.00,46.1,1,0,0.00,0.00,0.00,12.00,0.10,1.00,0,0,0.00,0
2026-05-02 19:27:38,1172.97,1,0,0,0,0,0,0,0.11,0,1.00,5.27,3.74,4.43,1.00,D,0.00,12.00,12.00,12.00,12.00, ,6.49,,15.90,12.30,0,0.00,44.4,1,0,0.00,0.00,0.00,12.00,0.11,1.00,0,0,0.00,0
2026-05-02 19:27:39,1174.08,1,0,0,0,0,0,0,-0.08,0,1.00,5.27,3.74,4.43,1.00,D,0.00,12.00,12.00,12.00,12.00, ,-4.74,,16.20,12.30,0,0.00,46.1,1,0,0.00,0.00,0.00,12.00,-0.08,1.00,0,0,0.00,0
2026-05-02 19:27:40,1174.99,1,0,0,0,0,0,0,0.09,0,1.00,5.27,3.74,4.46,1.00,D,0.00,12.00,12.00,12.00,12.00, ,5.32,,15.60,12.30,0,0.00,45.5,1,0,0.00,0.00,0.00,12.00,0.09,1.00,0,0,0.00,0
2026-05-02 19:27:41,1176.00,1,0,0,0,0,0,0,0.31,0,1.00,5.27,3.74,4.36,1.00,D,0.00,12.00,12.00,12.00,12.00, ,18.82,,15.90,12.30,0,0.00,45.5,1,0,0.00,0.00,0.00,12.00,0.31,1.00,0,0,0.00,0
2026-05-02 19:27:42,1177.01,1,0,0,0,0,0,0,0.25,0,1.00,5.27,3.74,4.16,1.00,D,0.00,12.00,12.00,12.00,12.00, ,15.03,,16.40,12.30,0,0.00,45.5,1,0,0.00,0.00,0.00,12.00,0.25,1.00,0,0,0.00,0
2026-05-02 19:27:43,1178.03,1,0,0,0,0,0,0,0.01,0,1.00,5.27,3.74,4.36,1.00,D,0.00,12.00,12.00,12.00,12.00, ,0.75,,15.90,12.30,0,0.00,46.6,1,0,0.00,0.00,0.00,12.00,0.01,1.00,0,0,0.00,0
2026-05-02 19:27:44,1179.04,1,0,0,0,0,0,0,-0.03,0,1.00,5.27,3.74,4.40,1.00,D,0.00,12.00,12.00,12.00,12.00, ,-1.73,,16.20,12.30,0,0.00,46.6,1,0,0.00,0.00,0.00,12.00,-0.03,1.00,0,0,0.00,0
2026-05-02 19:27:45,1180.05,1,0,0,0,0,0,0,0.04,0,1.00,5.27,3.74,4.43,1.00,D,0.00,12.00,12.00,12.00,12.00, ,2.37,,13.50,12.30,0,0.00,46.6,1,0,0.00,0.00,0.00,12.00,0.04,1.00,0,0,0.00,0
2026-05-02 19:27:46,1181.07,1,0,0,0,0,0,0,0.08,0,1.00,5.27,3.74,4.35,1.00,D,0.00,12.00,12.00,12.00,12.00, ,4.57,,13.00,12.30,0,0.00,46.6,1,0,0.00,0.00,0.00,12.00,0.08,1.00,0,0,0.00,0
2026-05-02 19:27:47,1182.08,1,0,0,0,0,0,0,0.06,0,1.00,5.27,3.74,4.29,1.00,D,0.00,12.00,12.00,12.00,12.00, ,3.77,,14.60,12.30,0,0.00,45.5,1,0,0.00,0.00,0.00,12.00,0.06,1.00,0,0,0.00,0
2026-05-02 19:27:48,1183.09,1,0,0,0,0,0,0,-0.02,0,1.00,5.27,3.74,4.18,1.00,D,0.00,12.00,12.00,12.00,12.00, ,-1.20,,13.90,12.30,0,0.00,47.7,1,0,0.00,0.00,0.00,12.00,-0.02,1.00,0,0,0.00,0
2026-05-02 19:27:49,1184.10,1,0,0,0,0,0,0,0.02,0,1.00,5.27,3.74,4.16,1.00,D,0.00,12.00,12.00,12.00,12.00, ,0.98,,14.50,12.30,0,0.00,47.7,1,0,0.00,0.00,0.00,12.00,0.02,1.00,0,0,0.00,0
2026-05-02 19:27:50,1185.11,1,0,0,0,0,0,0,0.11,0,1.00,5.27,3.74,4.20,1.00,D,0.00,12.00,12.00,12.00,12.00, ,6.44,,14.90,12.30,0,0.00,46.6,1,0,0.00,0.00,0.00,12.00,0.11,1.00,0,0,0.00,0
2026-05-02 19:27:51,1186.23,1,0,0,0,0,0,0,-0.11,0,1.00,5.27,3.74,4.22,1.00,D,0.00,12.00,12.00,12.00,12.00, ,-6.90,,15.40,12.30,0,0.00,46.6,1,0,0.00,0.00,0.00,12.00,-0.11,1.00,0,0,0.00,0
2026-05-02 19:27:52,1187.13,1,0,0,0,0,0,0,0.10,0,1.00,5.27,3.75,4.27,1.00,D,0.00,12.00,12.00,12.00,12.00, ,5.93,,16.60,12.30,0,0.00,47.2,1,0,0.00,0.00,0.00,12.00,0.10,1.00,0,0,0.00,0
2026-05-02 19:27:53,1188.24,1,0,0,0,0,0,0,0.06,0,1.00,5.27,3.75,4.22,1.00,D,0.00,12.00,12.00,12.00,12.00, ,3.87,,16.20,12.30,0,0.00,45.0,1,0,0.00,0.00,0.00,12.00,0.06,1.00,0,0,0.00,0
2026-05-02 19:27:54,1189.15,0,0,0,0,0,0,0,0.00,0,0.00,5.27,3.75,3.26,0.00,D,0.00,12.00,12.00,12.00,12.00, ,0.00,,16.10,12.30,0,0.00,46.1,1,0,0.00,0.00,0.00,12.00,0.00,0.00,0,0,0.00,0
2026-05-02 19:27:55,1190.16,1,0,0,0,0,0,0,0.21,0,1.00,5.27,3.74,1.47,0.30,D,0.00,12.00,12.00,12.00,12.00, ,12.51,,14.60,12.30,0,0.00,46.1,1,0,0.00,0.00,0.00,12.00,0.21,1.00,0,0,0.00,0
2026-05-02 19:27:56,1191.17,1,0,0,0,0,0,0,0.05,0,1.00,5.27,3.74,1.23,0.80,D,0.00,12.00,12.00,12.00,12.00, ,3.29,,14.80,12.30,0,0.00,46.1,1,0,0.00,0.00,0.00,12.00,0.05,1.00,0,0,0.00,0
2026-05-02 19:27:58,1192.28,1,0,0,0,0,0,0,-0.05,0,1.00,5.27,3.74,3.73,1.00,D,0.00,12.00,12.00,12.00,12.00, ,-3.04,,15.40,12.30,0,0.00,45.0,1,0,0.00,0.00,0.00,12.00,-0.05,1.00,0,0,0.00,0
2026-05-02 19:27:58,1193.18,1,0,0,0,0,0,0,0.13,0,1.00,5.27,3.74,4.09,1.00,D,0.00,12.00,12.00,12.00,12.00, ,7.71,,14.60,12.30,0,0.00,45.5,1,0,0.00,0.00,0.00,12.00,0.13,1.00,0,0,0.00,0
2026-05-02 19:27:59,1194.19,1,0,0,0,0,0,0,-0.20,0,1.00,5.27,3.74,4.16,1.00,D,0.00,12.00,12.00,12.00,12.00, ,-11.93,,15.70,12.30,0,0.00,46.6,1,0,0.00,0.00,0.00,12.00,-0.20,1.00,0,0,0.00,0
2026-05-02 19:28:00,1195.20,1,0,0,0,0,0,0,-0.12,0,1.00,5.27,3.74,4.10,1.00,D,0.00,12.00,12.00,12.00,12.00, ,-7.12,,16.60,12.30,0,0.00,46.6,1,0,0.00,0.00,0.00,12.00,-0.12,1.00,0,0,0.00,0
2026-05-02 19:28:02,1196.31,1,0,0,0,0,0,0,0.16,0,1.00,5.27,3.74,4.10,1.00,D,0.00,12.00,12.00,12.00,12.00, ,9.82,,14.60,12.30,0,0.00,45.5,1,0,0.00,0.00,0.00,12.00,0.16,1.00,0,0,0.00,0
2026-05-02 19:28:02,1197.22,1,0,0,0,0,0,0,0.01,0,1.00,5.27,3.74,3.96,1.00,D,0.00,12.00,12.00,12.00,12.00, ,0.45,,16.90,12.30,0,0.00,45.0,1,0,0.00,0.00,0.00,12.00,0.01,1.00,0,0,0.00,0
2026-05-02 19:28:03,1198.23,1,0,0,0,0,0,0,-0.19,0,1.00,5.27,3.74,4.14,1.00,D,0.00,12.00,12.00,12.00,12.00, ,-11.29,,15.50,12.30,0,0.00,44.4,1,0,0.00,0.00,0.00,12.00,-0.19,1.00,0,0,0.00,0
2026-05-02 19:28:04,1199.24,1,0,0,0,0,0,0,0.14,0,1.00,5.27,3.74,4.10,1.00,D,0.00,12.00,12.00,12.00,12.00, ,8.49,,14.90,12.30,0,0.00,46.1,1,0,0.00,0.00,0.00,12.00,0.14,1.00,0,0,0.00,0
2026-05-02 19:28:06,1200.35,1,0,0,0,0,0,0,-0.25,0,1.00,5.27,3.74,4.12,1.00,D,0.00,12.00,12.00,12.00,12.00, ,-15.11,,17.00,12.30,0,0.00,46.1,1,0,0.00,0.00,0.00,12.00,-0.25,1.00,0,0,0.00,0
2026-05-02 19:28:07,1201.26,1,0,0,0,0,0,0,-0.18,0,1.00,5.27,3.74,4.25,1.00,D,0.00,12.00,12.00,12.00,12.00, ,-10.63,,15.70,12.30,0,0.00,46.1,1,0,0.00,0.00,0.00,12.00,-0.18,1.00,0,0,0.00,0
2026-05-02 19:28:08,1202.38,1,0,0,0,0,0,0,0.16,0,1.00,5.27,3.74,4.10,1.00,D,0.00,12.00,12.00,12.00,12.00, ,9.70,,15.30,12.30,0,0.00,46.1,1,0,0.00,0.00,0.00,12.00,0.16,1.00,0,0,0.00,0
2026-05-02 19:28:09,1203.28,1,0,0,0,0,0,0,0.14,0,1.00,5.27,3.74,3.91,1.00,D,0.00,12.00,12.00,12.00,12.00, ,8.12,,15.70,12.30,0,0.00,46.1,1,0,0.00,0.00,0.00,12.00,0.14,1.00,0,0,0.00,0
2026-05-02 19:28:10,1204.39,1,0,0,0,0,0,0,-0.22,0,1.00,5.27,3.74,3.99,1.00,D,0.00,12.00,12.00,12.00,12.00, ,-13.13,,16.20,12.30,0,0.00,44.4,1,0,0.00,0.00,0.00,12.00,-0.22,1.00,0,0,0.00,0
2026-05-02 19:28:11,1205.30,1,0,0,0,0,0,0,0.03,0,1.00,5.27,3.74,3.99,1.00,D,0.00,12.00,12.00,12.00,12.00, ,2.00,,14.20,12.30,0,0.00,46.1,1,0,0.00,0.00,0.00,12.00,0.03,1.00,0,0,0.00,0
2026-05-02 19:28:12,1206.31,1,0,0,0,0,0,0,0.15,0,1.00,5.27,3.74,3.82,1.00,D,0.00,12.00,12.00,12.00,12.00, ,9.28,,15.90,12.40,0,0.00,46.6,1,0,0.00,0.00,0.00,12.00,0.15,1.00,0,0,0.00,0
2026-05-02 19:28:13,1207.32,1,0,0,0,0,0,0,-0.05,0,1.00,5.27,3.75,3.91,1.00,D,0.00,12.00,12.00,12.00,12.00, ,-3.12,,16.20,12.40,0,0.00,44.4,1,0,0.00,0.00,0.00,12.00,-0.05,1.00,0,0,0.00,0
2026-05-02 19:28:14,1208.43,1,0,0,0,0,0,0,0.10,0,1.00,5.27,3.74,3.93,1.00,D,0.00,12.00,12.00,12.00,12.00, ,5.92,,15.80,12.40,0,0.00,46.6,1,0,0.00,0.00,0.00,12.00,0.10,1.00,0,0,0.00,0
2026-05-02 19:28:15,1209.34,1,0,0,0,0,0,0,-0.03,0,1.00,5.27,3.75,3.76,1.00,D,0.00,12.00,12.00,12.00,12.00, ,-1.70,,15.50,12.40,0,0.00,45.5,1,0,0.00,0.00,0.00,12.00,-0.03,1.00,0,0,0.00,0
2026-05-02 19:28:16,1210.35,1,0,0,0,0,0,0,0.06,0,1.00,5.27,3.75,3.70,1.00,D,0.00,12.00,12.00,12.00,12.00, ,3.63,,15.70,12.40,0,0.00,45.5,1,0,0.00,0.00,0.00,12.00,0.06,1.00,0,0,0.00,0
2026-05-02 19:28:17,1211.36,1,0,0,0,0,0,0,-0.02,0,1.00,5.27,3.75,3.59,1.00,D,0.00,12.00,12.00,12.00,12.00, ,-1.17,,15.20,12.30,0,0.00,46.1,1,0,0.00,0.00,0.00,12.00,-0.02,1.00,0,0,0.00,0
2026-05-02 19:28:18,1212.47,1,0,0,0,0,0,0,0.03,0,1.00,5.27,3.74,3.64,1.00,D,0.00,12.00,12.00,12.00,12.00, ,1.57,,15.50,12.30,0,0.00,45.5,1,0,0.00,0.00,0.00,12.00,0.03,1.00,0,0,0.00,0
2026-05-02 19:28:19,1213.37,1,0,0,0,0,0,0,0.01,0,1.00,5.27,3.74,3.62,1.00,D,0.00,12.00,12.00,12.00,12.00, ,0.76,,15.20,12.40,0,0.00,45.5,1,0,0.00,0.00,0.00,12.00,0.01,1.00,0,0,0.00,0
2026-05-02 19:28:20,1214.39,1,0,0,0,0,0,0,0.02,0,1.00,5.27,3.74,3.56,1.00,D,0.00,12.00,12.00,12.00,12.00, ,1.47,,15.40,12.40,0,0.00,45.5,1,0,0.00,0.00,0.00,12.00,0.02,1.00,0,0,0.00,0
2026-05-02 19:28:21,1215.40,1,0,0,0,0,0,0,-0.05,0,1.00,5.27,3.74,3.65,1.00,D,0.00,12.00,12.00,12.00,12.00, ,-3.24,,15.70,12.50,0,0.00,45.5,1,0,0.00,0.00,0.00,12.00,-0.05,1.00,0,0,0.00,0
2026-05-02 19:28:22,1216.51,1,0,0,0,0,0,0,0.04,0,1.00,5.27,3.74,3.67,1.00,D,0.00,12.00,12.00,12.00,12.00, ,2.23,,14.90,12.50,0,0.00,46.6,1,0,0.00,0.00,0.00,12.00,0.04,1.00,0,0,0.00,0
2026-05-02 19:28:23,1217.42,1,0,0,0,0,0,0,0.16,0,1.00,5.27,3.74,3.61,1.00,D,0.00,12.00,12.00,12.00,12.00, ,9.46,,15.60,12.50,0,0.00,45.0,1,0,0.00,0.00,0.00,12.00,0.16,1.00,0,0,0.00,0
2026-05-02 19:28:24,1218.53,1,0,0,0,0,0,0,-0.08,0,1.00,5.27,3.74,3.78,1.00,D,0.00,12.00,12.00,12.00,12.00, ,-4.99,,16.50,12.70,0,0.00,44.4,1,0,0.00,0.00,0.00,12.00,-0.08,1.00,0,0,0.00,0
2026-05-02 19:28:25,1219.43,1,0,0,0,0,0,0,0.08,0,1.00,5.27,3.74,3.77,1.00,D,0.00,12.00,12.00,12.00,12.00, ,5.05,,15.40,12.50,0,0.00,44.4,1,0,0.00,0.00,0.00,12.00,0.08,1.00,0,0,0.00,0
2026-05-02 19:28:26,1220.44,1,0,0,0,0,0,0,-0.02,0,1.00,5.27,3.74,3.81,1.00,D,0.00,12.00,12.00,12.00,12.00, ,-1.22,,14.60,12.60,0,0.00,45.5,1,0,0.00,0.00,0.00,12.00,-0.02,1.00,0,0,0.00,0
2026-05-02 19:28:27,1221.45,1,0,0,0,0,0,0,0.13,0,1.00,5.27,3.74,3.82,1.00,D,0.00,12.00,12.00,12.00,12.00, ,7.66,,16.20,12.60,0,0.00,45.0,1,0,0.00,0.00,0.00,12.00,0.13,1.00,0,0,0.00,0
2026-05-02 19:28:28,1222.46,1,0,0,0,0,0,0,0.16,0,1.00,5.27,3.74,3.81,1.00,D,0.00,12.00,12.00,12.00,12.00, ,9.41,,15.30,12.60,0,0.00,45.0,1,0,0.00,0.00,0.00,12.00,0.16,1.00,0,0,0.00,0
2026-05-02 19:28:29,1223.47,1,0,0,0,0,0,0,0.06,0,1.00,5.27,3.74,3.73,1.00,D,0.00,12.00,12.00,12.00,12.00, ,3.58,,15.20,12.70,0,0.00,45.5,1,0,0.00,0.00,0.00,12.00,0.06,1.00,0,0,0.00,0
2026-05-02 19:28:30,1224.59,1,0,0,0,0,0,0,-0.02,0,1.00,5.27,3.74,3.84,1.00,D,0.00,12.00,12.00,12.00,12.00, ,-1.37,,15.30,13.00,0,0.00,46.1,1,0,0.00,0.00,0.00,12.00,-0.02,1.00,0,0,0.00,0
2026-05-02 19:28:31,1225.49,1,0,0,0,0,0,0,0.04,0,1.00,5.27,3.74,3.87,1.00,D,0.00,12.00,12.00,12.00,12.00, ,2.12,,14.20,13.40,0,0.00,45.5,1,0,0.00,0.00,0.00,12.00,0.04,1.00,0,0,0.00,0
2026-05-02 19:28:32,1226.60,1,0,0,0,0,0,0,0.14,0,1.00,5.27,3.74,3.84,1.00,D,0.00,12.00,12.00,12.00,12.00, ,8.17,,15.50,13.70,0,0.00,46.1,1,0,0.00,0.00,0.00,12.00,0.14,1.00,0,0,0.00,0
2026-05-02 19:28:33,1227.51,1,0,0,0,0,0,0,0.05,0,1.00,5.27,3.74,3.86,1.00,D,0.00,12.00,12.00,12.00,12.00, ,2.99,,16.00,13.40,0,0.00,45.0,1,0,0.00,0.00,0.00,12.00,0.05,1.00,0,0,0.00,0
2026-05-02 19:28:34,1228.52,1,0,0,0,0,0,0,-0.07,0,1.00,5.27,3.75,3.82,1.00,D,0.00,12.00,12.00,12.00,12.00, ,-4.39,,14.70,13.60,0,0.00,45.5,1,0,0.00,0.00,0.00,12.00,-0.07,1.00,0,0,0.00,0
2026-05-02 19:28:35,1229.53,1,0,0,0,0,0,0,0.07,0,1.00,5.27,3.75,3.88,1.00,D,0.00,12.00,12.00,12.00,12.00, ,4.27,,15.10,13.50,0,0.00,45.5,1,0,0.00,0.00,0.00,12.00,0.07,1.00,0,0,0.00,0
2026-05-02 19:28:36,1230.54,1,0,0,0,0,0,0,0.03,0,1.00,5.27,3.75,3.85,1.00,D,0.00,12.00,12.00,12.00,12.00, ,1.84,,15.50,13.40,0,0.00,45.0,1,0,0.00,0.00,0.00,12.00,0.03,1.00,0,0,0.00,0
2026-05-02 19:28:37,1231.55,1,0,0,0,0,0,0,0.14,0,1.00,5.27,3.75,3.97,1.00,D,0.00,12.00,12.00,12.00,12.00, ,8.29,,15.10,13.40,0,0.00,43.9,1,0,0.00,0.00,0.00,12.00,0.14,1.00,0,0,0.00,0
2026-05-02 19:28:38,1232.56,1,0,0,0,0,0,0,-0.00,0,1.00,5.27,3.75,3.93,1.00,D,0.00,12.00,12.00,12.00,12.00, ,-0.01,,15.70,13.20,0,0.00,46.1,1,0,0.00,0.00,0.00,12.00,-0.00,1.00,0,0,0.00,0
2026-05-02 19:28:39,1233.67,1,0,0,0,0,0,0,0.16,0,1.00,5.27,3.75,3.89,1.00,D,0.00,12.00,12.00,12.00,12.00, ,9.50,,16.10,13.10,0,0.00,45.5,1,0,0.00,0.00,0.00,12.00,0.16,1.00,0,0,0.00,0
2026-05-02 19:28:40,1234.57,1,0,0,0,0,0,0,0.11,0,1.00,5.27,3.75,3.96,1.00,D,0.00,12.00,12.00,12.00,12.00, ,6.48,,15.20,13.10,0,0.00,46.1,1,0,0.00,0.00,0.00,12.00,0.11,1.00,0,0,0.00,0
2026-05-02 19:28:41,1235.59,1,0,0,0,0,0,0,-0.09,0,1.00,5.27,3.75,3.97,1.00,D,0.00,12.00,12.00,12.00,12.00, ,-5.27,,14.90,13.10,0,0.00,45.5,1,0,0.00,0.00,0.00,12.00,-0.09,1.00,0,0,0.00,0
2026-05-02 19:28:42,1236.60,1,0,0,0,0,0,0,0.21,0,1.00,5.27,3.75,4.00,1.00,D,0.00,12.00,12.00,12.00,12.00, ,12.35,,15.40,13.10,0,0.00,45.0,1,0,0.00,0.00,0.00,12.00,0.21,1.00,0,0,0.00,0
2026-05-02 19:28:43,1237.61,1,0,0,0,0,0,0,-0.12,0,1.00,5.27,3.75,3.95,1.00,D,0.00,12.00,12.00,12.00,12.00, ,-7.12,,15.00,13.00,0,0.00,43.9,1,0,0.00,0.00,0.00,12.00,-0.12,1.00,0,0,0.00,0
2026-05-02 19:28:44,1238.62,1,0,0,0,0,0,0,-0.06,0,1.00,5.27,3.75,3.76,1.00,D,0.00,12.00,12.00,12.00,12.00, ,-3.35,,16.80,13.20,0,0.00,46.1,1,0,0.00,0.00,0.00,12.00,-0.06,1.00,0,0,0.00,0
2026-05-02 19:28:45,1239.72,1,0,0,0,0,0,0,0.19,0,1.00,5.27,3.75,3.98,1.00,D,0.00,12.00,12.00,12.00,12.00, ,11.53,,16.10,13.10,0,0.00,44.4,1,0,0.00,0.00,0.00,12.00,0.19,1.00,0,0,0.00,0
2026-05-02 19:28:46,1240.62,1,0,0,0,0,0,0,0.12,0,1.00,5.27,3.75,4.00,1.00,D,0.00,12.00,12.00,12.00,12.00, ,7.20,,15.20,12.80,0,0.00,44.4,1,0,0.00,0.00,0.00,12.00,0.12,1.00,0,0,0.00,0
2026-05-02 19:28:47,1241.64,1,0,0,0,0,0,0,0.14,0,1.00,5.27,3.75,4.07,1.00,D,0.00,12.00,12.00,12.00,12.00, ,8.61,,16.90,12.90,0,0.00,46.6,1,0,0.00,0.00,0.00,12.00,0.14,1.00,0,0,0.00,0
2026-05-02 19:28:48,1242.64,1,0,0,0,0,0,0,-0.13,0,1.00,5.27,3.75,4.06,1.00,D,0.00,12.00,12.00,12.00,12.00, ,-7.83,,18.00,12.90,0,0.00,46.1,1,0,0.00,0.00,0.00,12.00,-0.13,1.00,0,0,0.00,0
2026-05-02 19:28:49,1243.75,1,0,0,0,0,0,0,0.06,0,1.00,5.27,3.75,4.08,1.00,D,0.00,12.00,12.00,12.00,12.00, ,3.79,,12.80,13.00,0,0.00,45.5,1,0,0.00,0.00,0.00,12.00,0.06,1.00,0,0,0.00,0
2026-05-02 19:28:50,1244.65,1,0,0,0,0,0,0,0.06,0,1.00,5.27,3.75,4.08,1.00,D,0.00,12.00,12.00,12.00,12.00, ,3.57,,13.80,13.00,0,0.00,46.6,1,0,0.00,0.00,0.00,12.00,0.06,1.00,0,0,0.00,0
2026-05-02 19:28:51,1245.67,1,0,0,0,0,0,0,0.15,0,1.00,5.27,3.75,4.01,1.00,D,0.00,12.00,12.00,12.00,12.00, ,9.02,,14.20,13.00,0,0.00,45.5,1,0,0.00,0.00,0.00,12.00,0.15,1.00,0,0,0.00,0
2026-05-02 19:28:52,1246.68,1,0,0,0,0,0,0,-0.04,0,1.00,5.27,3.75,4.12,1.00,D,0.00,12.00,12.00,12.00,12.00, ,-2.51,,13.50,13.00,0,0.00,47.2,1,0,0.00,0.00,0.00,12.00,-0.04,1.00,0,0,0.00,0
2026-05-02 19:28:53,1247.69,1,0,0,0,0,0,0,0.12,0,1.00,5.27,3.75,4.14,1.00,D,0.00,12.00,12.00,12.00,12.00, ,7.10,,14.50,13.00,0,0.00,46.6,1,0,0.00,0.00,0.00,12.00,0.12,1.00,0,0,0.00,0
2026-05-02 19:28:54,1248.70,1,0,0,0,0,0,0,0.08,0,1.00,5.27,3.75,4.12,1.00,D,0.00,12.00,12.00,12.00,12.00, ,4.93,,14.70,12.90,0,0.00,47.2,1,0,0.00,0.00,0.00,12.00,0.08,1.00,0,0,0.00,0
2026-05-02 19:28:55,1249.70,1,0,0,0,0,0,0,0.13,0,1.00,5.27,3.75,4.03,1.00,D,0.00,12.00,12.00,12.00,12.00, ,7.83,,12.70,12.90,0,0.00,47.2,1,0,0.00,0.00,0.00,12.00,0.13,1.00,0,0,0.00,0
2026-05-02 19:28:56,1250.71,1,0,0,0,0,0,0,0.16,0,1.00,5.27,3.75,4.16,1.00,D,0.00,12.00,12.00,12.00,12.00, ,9.65,,13.90,12.90,0,0.00,47.2,1,0,0.00,0.00,0.00,12.00,0.16,1.00,0,0,0.00,0
2026-05-02 19:28:57,1251.72,1,0,0,0,0,0,0,0.09,0,1.00,5.27,3.75,3.47,1.00,D,0.00,12.00,12.00,12.00,12.00, ,5.63,,12.90,12.90,0,0.00,46.1,1,0,0.00,0.00,0.00,12.00,0.09,1.00,0,0,0.00,0
2026-05-02 19:28:58,1252.73,1,0,0,0,0,0,0,-0.08,0,1.00,5.27,3.75,4.09,1.00,D,0.00,12.00,12.00,12.00,12.00, ,-4.65,,12.80,12.90,0,0.00,47.7,1,0,0.00,0.00,0.00,12.00,-0.08,1.00,0,0,0.00,0
2026-05-02 19:28:59,1253.74,1,0,0,0,0,0,0,0.13,0,1.00,5.27,3.75,4.11,1.00,D,0.00,12.00,12.00,12.00,12.00, ,7.80,,14.60,12.90,0,0.00,47.2,1,0,0.00,0.00,0.00,12.00,0.13,1.00,0,0,0.00,0
2026-05-02 19:29:00,1254.76,1,0,0,0,0,0,0,0.09,0,1.00,5.27,3.75,4.21,1.00,D,0.00,12.00,12.00,12.00,12.00, ,5.19,,13.60,12.90,0,0.00,48.8,1,0,0.00,0.00,0.00,12.00,0.09,1.00,0,0,0.00,0
2026-05-02 19:29:01,1255.76,1,0,0,0,0,0,0,0.12,0,1.00,5.27,3.75,4.11,1.00,D,0.00,12.00,12.00,12.00,12.00, ,7.13,,13.70,12.60,0,0.00,46.6,1,0,0.00,0.00,0.00,12.00,0.12,1.00,0,0,0.00,0
2026-05-02 19:29:02,1256.78,1,0,0,0,0,0,0,0.20,0,1.00,5.27,3.75,3.75,1.00,D,0.00,12.00,12.00,12.00,12.00, ,12.00,,14.10,12.60,0,0.00,47.7,1,0,0.00,0.00,0.00,12.00,0.20,1.00,0,0,0.00,0
2026-05-02 19:29:03,1257.79,1,0,0,0,0,0,0,0.16,0,1.00,5.27,3.75,3.97,1.00,D,0.00,12.00,12.00,12.00,12.00, ,9.45,,13.00,12.60,0,0.00,48.3,1,0,0.00,0.00,0.00,12.00,0.16,1.00,0,0,0.00,0
2026-05-02 19:29:04,1258.80,1,0,0,0,0,0,0,-0.01,0,1.00,5.27,3.75,4.09,1.00,D,0.00,12.00,12.00,12.00,12.00, ,-0.80,,13.10,12.50,0,0.00,47.2,1,0,0.00,0.00,0.00,12.00,-0.01,1.00,0,0,0.00,0
2026-05-02 19:29:05,1259.81,1,0,0,0,0,0,0,0.16,0,1.00,5.27,3.75,4.05,1.00,D,0.00,12.00,12.00,12.00,12.00, ,9.36,,15.30,12.50,0,0.00,46.6,1,0,0.00,0.00,0.00,12.00,0.16,1.00,0,0,0.00,0
2026-05-02 19:29:06,1260.82,1,0,0,0,0,0,0,0.12,0,1.00,5.27,3.75,4.09,1.00,D,0.00,12.00,12.00,12.00,12.00, ,6.96,,16.00,12.60,0,0.00,46.1,1,0,0.00,0.00,0.00,12.00,0.12,1.00,0,0,0.00,0
2026-05-02 19:29:07,1261.84,1,0,0,0,0,0,0,0.04,0,1.00,5.27,3.75,4.19,1.00,D,0.00,12.00,12.00,12.00,12.00, ,2.43,,15.80,12.50,0,0.00,46.1,1,0,0.00,0.00,0.00,12.00,0.04,1.00,0,0,0.00,0
2026-05-02 19:29:08,1262.85,1,0,0,0,0,0,0,0.23,0,1.00,5.27,3.75,4.04,1.00,D,0.00,12.00,12.00,12.00,12.00, ,14.00,,16.00,12.50,0,0.00,45.0,1,0,0.00,0.00,0.00,12.00,0.23,1.00,0,0,0.00,0
2026-05-02 19:29:09,1263.86,1,0,0,0,0,0,0,-0.11,0,1.00,5.27,3.75,4.05,1.00,D,0.00,12.00,12.00,12.00,12.00, ,-6.65,,15.60,12.50,0,0.00,46.6,1,0,0.00,0.00,0.00,12.00,-0.11,1.00,0,0,0.00,0
2026-05-02 19:29:10,1264.87,1,0,0,0,0,0,0,-0.12,0,1.00,5.27,3.75,4.12,1.00,D,0.00,12.00,12.00,12.00,12.00, ,-7.34,,14.40,12.50,0,0.00,46.1,1,0,0.00,0.00,0.00,12.00,-0.12,1.00,0,0,0.00,0
2026-05-02 19:29:11,1265.87,1,0,0,0,0,0,0,-0.02,0,1.00,5.27,3.75,4.07,1.00,D,0.00,12.00,12.00,12.00,12.00, ,-1.31,,14.90,12.40,0,0.00,46.6,1,0,0.00,0.00,0.00,12.00,-0.02,1.00,0,0,0.00,0
2026-05-02 19:29:12,1266.99,1,0,0,0,0,0,0,0.14,0,1.00,5.27,3.75,4.08,1.00,D,0.00,12.00,12.00,12.00,12.00, ,8.21,,15.50,12.40,0,0.00,45.0,1,0,0.00,0.00,0.00,12.00,0.14,1.00,0,0,0.00,0
2026-05-02 19:29:13,1267.89,1,0,0,0,0,0,0,0.07,0,1.00,5.27,3.75,4.07,1.00,D,0.00,12.00,12.00,12.00,12.00, ,4.22,,14.90,12.40,0,0.00,46.1,1,0,0.00,0.00,0.00,12.00,0.07,1.00,0,0,0.00,0
2026-05-02 19:29:14,1268.90,1,0,0,0,0,0,0,0.06,0,1.00,5.27,3.75,4.15,1.00,D,0.00,12.00,12.00,12.00,12.00, ,3.86,,16.10,12.40,0,0.00,46.6,1,0,0.00,0.00,0.00,12.00,0.06,1.00,0,0,0.00,0
2026-05-02 19:29:15,1269.91,1,0,0,0,0,0,0,0.15,0,1.00,5.27,3.75,4.10,1.00,D,0.00,12.00,12.00,12.00,12.00, ,9.14,,16.00,12.40,0,0.00,46.1,1,0,0.00,0.00,0.00,12.00,0.15,1.00,0,0,0.00,0
2026-05-02 19:29:16,1270.92,1,0,0,0,0,0,0,-0.17,0,1.00,5.27,3.75,4.08,1.00,D,0.00,12.00,12.00,12.00,12.00, ,-10.46,,14.50,12.40,0,0.00,46.6,1,0,0.00,0.00,0.00,12.00,-0.17,1.00,0,0,0.00,0
2026-05-02 19:29:17,1271.94,1,0,0,0,0,0,0,-0.09,0,1.00,5.27,3.75,4.08,1.00,D,0.00,12.00,12.00,12.00,12.00, ,-5.24,,13.90,12.40,0,0.00,47.7,1,0,0.00,0.00,0.00,12.00,-0.09,1.00,0,0,0.00,0
2026-05-02 19:29:18,1272.95,1,0,0,0,0,0,0,0.03,0,1.00,5.27,3.75,4.06,1.00,D,0.00,12.00,12.00,12.00,12.00, ,2.03,,12.50,12.40,0,0.00,47.7,1,0,0.00,0.00,0.00,12.00,0.03,1.00,0,0,0.00,0
2026-05-02 19:29:19,1273.96,1,0,0,0,0,0,0,0.12,0,1.00,5.27,3.76,3.97,1.00,D,0.00,12.00,12.00,12.00,12.00, ,7.23,,12.80,12.40,0,0.00,46.6,1,0,0.00,0.00,0.00,12.00,0.12,1.00,0,0,0.00,0
2026-05-02 19:29:20,1274.96,1,0,0,0,0,0,0,0.26,0,1.00,5.27,3.76,3.82,1.00,D,0.00,12.00,12.00,12.00,12.00, ,15.71,,13.70,12.40,0,0.00,47.7,1,0,0.00,0.00,0.00,12.00,0.26,1.00,0,0,0.00,0
2026-05-02 19:29:21,1275.97,1,0,0,0,0,0,0,0.13,0,1.00,5.27,3.76,3.74,1.00,D,0.00,12.00,12.00,12.00,12.00, ,7.75,,14.10,12.40,0,0.00,46.1,1,0,0.00,0.00,0.00,12.00,0.13,1.00,0,0,0.00,0
2026-05-02 19:29:22,1277.09,1,0,0,0,0,0,0,-0.05,0,1.00,5.27,3.76,4.07,1.00,D,0.00,12.00,12.00,12.00,12.00, ,-3.24,,15.00,12.40,0,0.00,46.6,1,0,0.00,0.00,0.00,12.00,-0.05,1.00,0,0,0.00,0
2026-05-02 19:29:23,1278.00,1,0,0,0,0,0,0,0.14,0,1.00,5.27,3.76,4.05,1.00,D,0.00,12.00,12.00,12.00,12.00, ,8.25,,17.00,12.40,0,0.00,46.6,1,0,0.00,0.00,0.00,12.00,0.14,1.00,0,0,0.00,0
2026-05-02 19:29:24,1279.11,1,0,0,0,0,0,0,-0.07,0,1.00,5.27,3.76,4.05,1.00,D,0.00,12.00,12.00,12.00,12.00, ,-4.26,,14.60,12.40,0,0.00,45.0,1,0,0.00,0.00,0.00,12.00,-0.07,1.00,0,0,0.00,0
2026-05-02 19:29:25,1280.01,1,0,0,0,0,0,0,0.16,0,1.00,5.27,3.76,3.99,1.00,D,0.00,12.00,12.00,12.00,12.00, ,9.58,,16.30,12.30,0,0.00,46.1,1,0,0.00,0.00,0.00,12.00,0.16,1.00,0,0,0.00,0
2026-05-02 19:29:26,1281.02,1,0,0,0,0,0,0,0.01,0,1.00,5.27,3.76,4.07,1.00,D,0.00,12.00,12.00,12.00,12.00, ,0.43,,16.50,12.30,0,0.00,46.1,1,0,0.00,0.00,0.00,12.00,0.01,1.00,0,0,0.00,0
2026-05-02 19:29:27,1282.04,1,0,0,0,0,0,0,0.14,0,1.00,5.27,3.76,4.00,1.00,D,0.00,12.00,12.00,12.00,12.00, ,8.37,,16.00,12.30,0,0.00,45.5,1,0,0.00,0.00,0.00,12.00,0.14,1.00,0,0,0.00,0
2026-05-02 19:29:28,1283.05,1,0,0,0,0,0,0,0.11,0,1.00,5.27,3.76,3.96,1.00,D,0.00,12.00,12.00,12.00,12.00, ,6.49,,15.20,12.30,0,0.00,45.5,1,0,0.00,0.00,0.00,12.00,0.11,1.00,0,0,0.00,0
2026-05-02 19:29:29,1284.06,1,0,0,0,0,0,0,0.00,0,1.00,5.27,3.76,4.02,1.00,D,0.00,12.00,12.00,12.00,12.00, ,0.29,,14.40,12.40,0,0.00,47.2,1,0,0.00,0.00,0.00,12.00,0.00,1.00,0,0,0.00,0
2026-05-02 19:29:30,1285.17,1,0,0,0,0,0,0,0.02,0,1.00,5.27,3.76,4.01,1.00,D,0.00,12.00,12.00,12.00,12.00, ,1.37,,12.40,12.30,0,0.00,45.5,1,0,0.00,0.00,0.00,12.00,0.02,1.00,0,0,0.00,0
2026-05-02 19:29:31,1286.07,1,0,0,0,0,0,0,0.07,0,1.00,5.27,3.76,4.00,1.00,D,0.00,12.00,12.00,12.00,12.00, ,4.43,,13.60,12.40,0,0.00,46.1,1,0,0.00,0.00,0.00,12.00,0.07,1.00,0,0,0.00,0
2026-05-02 19:29:32,1287.08,1,0,0,0,0,0,0,0.05,0,1.00,5.27,3.76,4.05,1.00,D,0.00,12.00,12.00,12.00,12.00, ,3.18,,13.90,12.40,0,0.00,45.5,1,0,0.00,0.00,0.00,12.00,0.05,1.00,0,0,0.00,0
2026-05-02 19:29:33,1288.09,1,0,0,0,0,0,0,-0.13,0,1.00,5.27,3.76,4.05,1.00,D,0.00,12.00,12.00,12.00,12.00, ,-7.83,,13.90,12.40,0,0.00,47.2,1,0,0.00,0.00,0.00,12.00,-0.13,1.00,0,0,0.00,0
2026-05-02 19:29:34,1289.10,1,0,0,0,0,0,0,0.11,0,1.00,5.27,3.76,4.01,1.00,D,0.00,12.00,12.00,12.00,12.00, ,6.66,,15.50,12.30,0,0.00,45.5,1,0,0.00,0.00,0.00,12.00,0.11,1.00,0,0,0.00,0
2026-05-02 19:29:35,1290.11,1,0,0,0,0,0,0,0.18,0,1.00,5.27,3.76,3.93,1.00,D,0.00,12.00,12.00,12.00,12.00, ,10.54,,15.30,12.30,0,0.00,45.5,1,0,0.00,0.00,0.00,12.00,0.18,1.00,0,0,0.00,0
2026-05-02 19:29:36,1291.13,1,0,0,0,0,0,0,-0.07,0,1.00,5.27,3.76,4.03,1.00,D,0.00,12.00,12.00,12.00,12.00, ,-3.99,,16.20,12.40,0,0.00,46.6,1,0,0.00,0.00,0.00,12.00,-0.07,1.00,0,0,0.00,0
2026-05-02 19:29:37,1292.13,1,0,0,0,0,0,0,0.21,0,1.00,5.27,3.76,4.02,1.00,D,0.00,12.00,12.00,12.00,12.00, ,12.57,,15.40,12.30,0,0.00,46.6,1,0,0.00,0.00,0.00,12.00,0.21,1.00,0,0,0.00,0
2026-05-02 19:29:38,1293.15,1,0,0,0,0,0,0,-0.05,0,1.00,5.27,3.76,4.08,1.00,D,0.00,12.00,12.00,12.00,12.00, ,-3.26,,16.00,12.30,0,0.00,46.1,1,0,0.00,0.00,0.00,12.00,-0.05,1.00,0,0,0.00,0
2026-05-02 19:29:39,1294.15,1,0,0,0,0,0,0,0.07,0,1.00,5.27,3.76,4.13,1.00,D,0.00,12.00,12.00,12.00,12.00, ,3.95,,14.80,12.30,0,0.00,46.6,1,0,0.00,0.00,0.00,12.00,0.07,1.00,0,0,0.00,0
2026-05-02 19:29:40,1295.15,1,0,0,0,0,0,0,0.10,0,1.00,5.27,3.76,4.08,1.00,D,0.00,12.00,12.00,12.00,12.00, ,5.82,,15.90,12.30,0,0.00,45.0,1,0,0.00,0.00,0.00,12.00,0.10,1.00,0,0,0.00,0
2026-05-02 19:29:41,1296.16,1,0,0,0,0,0,0,-0.16,0,1.00,5.27,3.76,4.03,1.00,D,0.00,12.00,12.00,12.00,12.00, ,-9.45,,15.80,12.30,0,0.00,46.1,1,0,0.00,0.00,0.00,12.00,-0.16,1.00,0,0,0.00,0
2026-05-02 19:29:43,1297.28,1,0,0,0,0,0,0,0.13,0,1.00,5.27,3.76,3.90,1.00,D,0.00,12.00,12.00,12.00,12.00, ,7.72,,14.80,12.30,0,0.00,46.1,1,0,0.00,0.00,0.00,12.00,0.13,1.00,0,0,0.00,0
2026-05-02 19:29:43,1298.18,1,0,0,0,0,0,0,0.12,0,1.00,5.27,3.76,3.78,1.00,D,0.00,12.00,12.00,12.00,12.00, ,7.13,,15.20,12.30,0,0.00,45.5,1,0,0.00,0.00,0.00,12.00,0.12,1.00,0,0,0.00,0
2026-05-02 19:29:44,1299.18,1,0,0,0,0,0,0,0.13,0,1.00,5.27,3.76,4.01,1.00,D,0.00,12.00,12.00,12.00,12.00, ,8.10,,16.40,12.30,0,0.00,45.0,1,0,0.00,0.00,0.00,12.00,0.13,1.00,0,0,0.00,0
2026-05-02 19:29:45,1300.20,1,0,0,0,0,0,0,-0.12,0,1.00,5.27,3.76,4.09,1.00,D,0.00,12.00,12.00,12.00,12.00, ,-6.97,,15.30,12.30,0,0.00,46.1,1,0,0.00,0.00,0.00,12.00,-0.12,1.00,0,0,0.00,0
2026-05-02 19:29:46,1301.21,1,0,0,0,0,0,0,0.11,0,1.00,5.27,3.76,4.08,1.00,D,0.00,12.00,12.00,12.00,12.00, ,6.56,,15.70,12.30,0,0.00,46.1,1,0,0.00,0.00,0.00,12.00,0.11,1.00,0,0,0.00,0
2026-05-02 19:29:47,1302.22,1,0,0,0,0,0,0,-0.02,0,1.00,5.27,3.76,4.09,1.00,D,0.00,12.00,12.00,12.00,12.00, ,-1.27,,16.20,12.30,0,0.00,44.4,1,0,0.00,0.00,0.00,12.00,-0.02,1.00,0,0,0.00,0
2026-05-02 19:29:48,1303.23,1,0,0,0,0,0,0,0.17,0,1.00,5.27,3.76,3.98,1.00,D,0.00,12.00,12.00,12.00,12.00, ,10.39,,15.10,12.30,0,0.00,45.0,1,0,0.00,0.00,0.00,12.00,0.17,1.00,0,0,0.00,0
2026-05-02 19:29:49,1304.24,1,0,0,0,0,0,0,-0.02,0,1.00,5.27,3.76,4.05,1.00,D,0.00,12.00,12.00,12.00,12.00, ,-1.39,,15.00,12.30,0,0.00,45.5,1,0,0.00,0.00,0.00,12.00,-0.02,1.00,0,0,0.00,0
2026-05-02 19:29:50,1305.25,1,0,0,0,0,0,0,0.12,0,1.00,5.27,3.76,3.95,1.00,D,0.00,12.00,12.00,12.00,12.00, ,7.26,,15.80,12.30,0,0.00,44.4,1,0,0.00,0.00,0.00,12.00,0.12,1.00,0,0,0.00,0
2026-05-02 19:29:52,1306.27,1,0,0,0,0,0,0,0.03,0,1.00,5.27,3.76,4.04,1.00,D,0.00,12.00,12.00,12.00,12.00, ,1.63,,16.10,12.30,0,0.00,45.0,1,0,0.00,0.00,0.00,12.00,0.03,1.00,0,0,0.00,0
2026-05-02 19:29:53,1307.38,1,0,0,0,0,0,0,0.09,0,1.00,5.27,3.76,3.95,1.00,D,0.00,12.00,12.00,12.00,12.00, ,5.70,,16.40,12.30,0,0.00,46.1,1,0,0.00,0.00,0.00,12.00,0.09,1.00,0,0,0.00,0
2026-05-02 19:29:54,1308.28,1,0,0,0,0,0,0,0.08,0,1.00,5.27,3.76,4.02,1.00,D,0.00,12.00,12.00,12.00,12.00, ,5.09,,17.00,12.30,0,0.00,45.0,1,0,0.00,0.00,0.00,12.00,0.08,1.00,0,0,0.00,0
2026-05-02 19:29:55,1309.29,0,0,0,0,0,0,0,-0.99,0,1.00,5.27,3.76,1.92,0.49,D,0.00,12.00,12.00,12.00,12.00, ,0.00,,15.70,12.30,0,0.00,46.1,1,0,0.00,0.00,0.00,12.00,0.00,0.00,0,0,0.00,0
2026-05-02 19:29:56,1310.30,0,0,0,0,0,0,0,-0.99,0,0.00,5.27,3.76,1.39,0.87,D,0.00,12.00,12.00,12.00,12.00, ,0.00,,14.70,12.30,0,0.00,46.1,1,0,0.00,0.00,0.00,12.00,0.00,0.00,0,0,0.00,0
2026-05-02 19:29:57,1311.31,1,0,0,0,0,0,0,0.17,0,1.00,5.27,3.76,2.15,0.86,D,0.00,12.00,12.00,12.00,12.00, ,10.47,,15.00,12.30,0,0.00,46.6,1,0,0.00,0.00,0.00,12.00,0.17,1.00,0,0,0.00,0
2026-05-02 19:29:58,1312.33,1,0,0,0,0,0,0,-0.06,0,1.00,5.27,3.76,4.31,1.00,D,0.00,12.00,12.00,12.00,12.00, ,-3.70,,14.40,12.30,0,0.00,45.0,1,0,0.00,0.00,0.00,12.00,-0.06,1.00,0,0,0.00,0
2026-05-02 19:29:59,1313.44,1,0,0,0,0,0,0,0.20,0,1.00,5.27,3.76,4.62,1.00,D,0.00,12.00,12.00,12.00,12.00, ,11.89,,16.20,12.40,0,0.00,44.4,1,0,0.00,0.00,0.00,12.00,0.20,1.00,0,0,0.00,0
2026-05-02 19:30:00,1314.35,1,0,0,0,0,0,0,0.16,0,1.00,5.27,3.76,4.38,1.00,D,0.00,12.00,12.00,12.00,12.00, ,9.81,,15.80,12.40,0,0.00,46.1,1,0,0.00,0.00,0.00,12.00,0.16,1.00,0,0,0.00,0
2026-05-02 19:30:01,1315.35,1,0,0,0,0,0,0,0.12,0,1.00,5.27,3.76,4.55,1.00,D,0.00,12.00,12.00,12.00,12.00, ,7.32,,15.40,12.40,0,0.00,45.0,1,0,0.00,0.00,0.00,12.00,0.12,1.00,0,0,0.00,0
2026-05-02 19:30:02,1316.37,1,0,0,0,0,0,0,0.14,0,1.00,5.27,3.76,4.38,1.00,D,0.00,12.00,12.00,12.00,12.00, ,8.70,,16.30,12.30,0,0.00,45.0,1,0,0.00,0.00,0.00,12.00,0.14,1.00,0,0,0.00,0
2026-05-02 19:30:03,1317.38,1,0,0,0,0,0,0,0.04,0,1.00,5.27,3.76,4.46,1.00,D,0.00,12.00,12.00,12.00,12.00, ,2.36,,16.50,12.30,0,0.00,45.5,1,0,0.00,0.00,0.00,12.00,0.04,1.00,0,0,0.00,0
2026-05-02 19:30:04,1318.39,1,0,0,0,0,0,0,-0.07,0,1.00,5.27,3.76,4.46,1.00,D,0.00,12.00,12.00,12.00,12.00, ,-3.96,,15.20,12.30,0,0.00,45.0,1,0,0.00,0.00,0.00,12.00,-0.07,1.00,0,0,0.00,0
2026-05-02 19:30:05,1319.40,1,0,0,0,0,0,0,-0.01,0,1.00,5.27,3.76,4.50,1.00,D,0.00,12.00,12.00,12.00,12.00, ,-0.66,,16.40,12.30,0,0.00,46.1,1,0,0.00,0.00,0.00,12.00,-0.01,1.00,0,0,0.00,0
2026-05-02 19:30:06,1320.42,1,0,0,0,0,0,0,0.09,0,1.00,5.27,3.76,4.40,1.00,D,0.00,12.00,12.00,12.00,12.00, ,5.34,,17.10,12.30,0,0.00,45.5,1,0,0.00,0.00,0.00,12.00,0.09,1.00,0,0,0.00,0
2026-05-02 19:30:07,1321.43,1,0,0,0,0,0,0,0.16,0,1.00,5.27,3.76,4.69,1.00,D,0.00,12.00,12.00,12.00,12.00, ,9.37,,14.80,12.30,0,0.00,44.4,1,0,0.00,0.00,0.00,12.00,0.16,1.00,0,0,0.00,0
2026-05-02 19:30:08,1322.44,1,0,0,0,0,0,0,0.09,0,1.00,5.27,3.76,4.46,1.00,D,0.00,12.00,12.00,12.00,12.00, ,5.70,,16.30,12.30,0,0.00,46.1,1,0,0.00,0.00,0.00,12.00,0.09,1.00,0,0,0.00,0
2026-05-02 19:30:09,1323.45,1,0,0,0,0,0,0,0.08,0,1.00,5.27,3.76,4.52,1.00,D,0.00,12.00,12.00,12.00,12.00, ,4.95,,15.80,12.30,0,0.00,45.0,1,0,0.00,0.00,0.00,12.00,0.08,1.00,0,0,0.00,0
2026-05-02 19:30:10,1324.46,1,0,0,0,0,0,0,-0.07,0,1.00,5.27,3.76,4.44,1.00,D,0.00,12.00,12.00,12.00,12.00, ,-4.30,,14.90,12.30,0,0.00,45.0,1,0,0.00,0.00,0.00,12.00,-0.07,1.00,0,0,0.00,0
2026-05-02 19:30:11,1325.57,1,0,0,0,0,0,0,-0.02,0,1.00,5.27,3.76,4.61,1.00,D,0.00,12.00,12.00,12.00,12.00, ,-1.39,,16.20,12.30,0,0.00,46.1,1,0,0.00,0.00,0.00,12.00,-0.02,1.00,0,0,0.00,0
2026-05-02 19:30:12,1326.48,1,0,0,0,0,0,0,0.08,0,1.00,5.27,3.77,4.59,1.00,D,0.00,12.00,12.00,12.00,12.00, ,4.55,,14.90,12.30,0,0.00,46.1,1,0,0.00,0.00,0.00,12.00,0.08,1.00,0,0,0.00,0
2026-05-02 19:30:13,1327.48,1,0,0,0,0,0,0,0.16,0,1.00,5.27,3.77,4.56,1.00,D,0.00,12.00,12.00,12.00,12.00, ,9.42,,15.60,12.30,0,0.00,45.0,1,0,0.00,0.00,0.00,12.00,0.16,1.00,0,0,0.00,0
2026-05-02 19:30:14,1328.49,1,0,0,0,0,0,0,0.29,0,1.00,5.27,3.77,4.54,1.00,D,0.00,12.00,12.00,12.00,12.00, ,17.54,,16.90,12.30,0,0.00,46.1,1,0,0.00,0.00,0.00,12.00,0.29,1.00,0,0,0.00,0
2026-05-02 19:30:15,1329.50,1,0,0,0,0,0,0,0.26,0,1.00,5.27,3.77,4.45,1.00,D,0.00,12.00,12.00,12.00,12.00, ,15.41,,14.00,12.30,0,0.00,45.5,1,0,0.00,0.00,0.00,12.00,0.26,1.00,0,0,0.00,0
2026-05-02 19:30:16,1330.51,1,0,0,0,0,0,0,0.21,0,1.00,5.27,3.77,4.42,1.00,D,0.00,12.00,12.00,12.00,12.00, ,12.36,,12.40,12.30,0,0.00,46.1,1,0,0.00,0.00,0.00,12.00,0.21,1.00,0,0,0.00,0
2026-05-02 19:30:17,1331.53,1,0,0,0,0,0,0,-0.04,0,1.00,5.27,3.77,4.47,1.00,D,0.00,12.00,12.00,12.00,12.00, ,-2.28,,14.20,12.30,0,0.00,46.1,1,0,0.00,0.00,0.00,12.00,-0.04,1.00,0,0,0.00,0
2026-05-02 19:30:18,1332.53,1,0,0,0,0,0,0,0.24,0,1.00,5.27,3.77,4.53,1.00,D,0.00,12.00,12.00,12.00,12.00, ,14.16,,13.30,12.30,0,0.00,47.7,1,0,0.00,0.00,0.00,12.00,0.24,1.00,0,0,0.00,0
2026-05-02 19:30:19,1333.65,1,0,0,0,0,0,0,-0.04,0,1.00,5.27,3.77,4.38,1.00,D,0.00,12.00,12.00,12.00,12.00, ,-2.48,,11.60,12.30,0,0.00,47.2,1,0,0.00,0.00,0.00,12.00,-0.04,1.00,0,0,0.00,0
2026-05-02 19:30:20,1334.55,1,0,0,0,0,0,0,-0.04,0,1.00,5.27,3.77,4.59,1.00,D,0.00,12.00,12.00,12.00,12.00, ,-2.35,,15.50,12.30,0,0.00,46.6,1,0,0.00,0.00,0.00,12.00,-0.04,1.00,0,0,0.00,0
2026-05-02 19:30:21,1335.66,1,0,0,0,0,0,0,0.18,0,1.00,5.27,3.77,4.57,1.00,D,0.00,12.00,12.00,12.00,12.00, ,10.97,,15.40,12.30,0,0.00,46.6,1,0,0.00,0.00,0.00,12.00,0.18,1.00,0,0,0.00,0
2026-05-02 19:30:22,1336.57,1,0,0,0,0,0,0,0.24,0,1.00,5.27,3.77,4.43,1.00,D,0.00,12.00,12.00,12.00,12.00, ,14.68,,16.10,12.20,0,0.00,47.2,1,0,0.00,0.00,0.00,12.00,0.24,1.00,0,0,0.00,0
2026-05-02 19:30:23,1337.68,1,0,0,0,0,0,0,0.19,0,1.00,5.27,3.77,4.40,1.00,D,0.00,12.00,12.00,12.00,12.00, ,11.37,,16.50,12.30,0,0.00,46.6,1,0,0.00,0.00,0.00,12.00,0.19,1.00,0,0,0.00,0
2026-05-02 19:30:24,1338.58,1,0,0,0,0,0,0,0.03,0,1.00,5.27,3.77,4.47,1.00,D,0.00,12.00,12.00,12.00,12.00, ,1.64,,14.00,12.30,0,0.00,46.6,1,0,0.00,0.00,0.00,12.00,0.03,1.00,0,0,0.00,0
2026-05-02 19:30:25,1339.59,1,0,0,0,0,0,0,0.03,0,1.00,5.27,3.77,4.35,1.00,D,0.00,12.00,12.00,12.00,12.00, ,1.58,,15.40,12.30,0,0.00,45.5,1,0,0.00,0.00,0.00,12.00,0.03,1.00,0,0,0.00,0
2026-05-02 19:30:26,1340.60,1,0,0,0,0,0,0,0.06,0,1.00,5.27,3.77,4.49,1.00,D,0.00,12.00,12.00,12.00,12.00, ,3.75,,16.40,12.30,0,0.00,46.6,1,0,0.00,0.00,0.00,12.00,0.06,1.00,0,0,0.00,0
2026-05-02 19:30:27,1341.61,1,0,0,0,0,0,0,0.32,0,1.00,5.27,3.77,4.48,1.00,D,0.00,12.00,12.00,12.00,12.00, ,19.34,,15.50,12.30,0,0.00,46.1,1,0,0.00,0.00,0.00,12.00,0.32,1.00,0,0,0.00,0
2026-05-02 19:30:28,1342.62,1,0,0,0,0,0,0,0.15,0,1.00,5.27,3.77,4.40,1.00,D,0.00,12.00,12.00,12.00,12.00, ,8.90,,15.30,12.30,0,0.00,46.1,1,0,0.00,0.00,0.00,12.00,0.15,1.00,0,0,0.00,0
2026-05-02 19:30:29,1343.63,1,0,0,0,0,0,0,-0.10,0,1.00,5.27,3.77,4.42,1.00,D,0.00,12.00,12.00,12.00,12.00, ,-5.90,,15.80,12.20,0,0.00,45.0,1,0,0.00,0.00,0.00,12.00,-0.10,1.00,0,0,0.00,0
2026-05-02 19:30:30,1344.65,1,0,0,0,0,0,0,0.25,0,1.00,5.27,3.77,4.51,1.00,D,0.00,12.00,12.00,12.00,12.00, ,14.87,,15.40,12.30,0,0.00,46.1,1,0,0.00,0.00,0.00,12.00,0.25,1.00,0,0,0.00,0
2026-05-02 19:30:31,1345.66,1,0,0,0,0,0,0,0.07,0,1.00,5.27,3.78,4.27,1.00,D,0.00,12.00,12.00,12.00,12.00, ,4.02,,16.40,12.30,0,0.00,46.1,1,0,0.00,0.00,0.00,12.00,0.07,1.00,0,0,0.00,0
2026-05-02 19:30:32,1346.66,1,0,0,0,0,0,0,0.08,0,1.00,5.27,3.78,4.30,1.00,D,0.00,12.00,12.00,12.00,12.00, ,5.00,,16.60,12.30,0,0.00,45.0,1,0,0.00,0.00,0.00,12.00,0.08,1.00,0,0,0.00,0
2026-05-02 19:30:33,1347.67,1,0,0,0,0,0,0,0.05,0,1.00,5.27,3.78,4.39,1.00,D,0.00,12.00,12.00,12.00,12.00, ,3.28,,15.60,12.30,0,0.00,46.6,1,0,0.00,0.00,0.00,12.00,0.05,1.00,0,0,0.00,0
2026-05-02 19:30:34,1348.68,1,0,0,0,0,0,0,0.26,0,1.00,5.27,3.78,4.20,1.00,D,0.00,12.00,12.00,12.00,12.00, ,15.30,,16.30,12.30,0,0.00,46.6,1,0,0.00,0.00,0.00,12.00,0.26,1.00,0,0,0.00,0
2026-05-02 19:30:35,1349.70,1,0,0,0,0,0,0,-0.18,0,1.00,5.27,3.78,4.39,1.00,D,0.00,12.00,12.00,12.00,12.00, ,-10.64,,16.30,12.30,0,0.00,46.1,1,0,0.00,0.00,0.00,12.00,-0.18,1.00,0,0,0.00,0
2026-05-02 19:30:36,1350.71,1,0,0,0,0,0,0,0.18,0,1.00,5.27,3.78,4.44,1.00,D,0.00,12.00,12.00,12.00,12.00, ,10.89,,15.60,12.30,0,0.00,46.1,1,0,0.00,0.00,0.00,12.00,0.18,1.00,0,0,0.00,0
2026-05-02 19:30:37,1351.73,1,0,0,0,0,0,0,0.00,0,1.00,5.27,3.78,4.42,1.00,D,0.00,12.00,12.00,12.00,12.00, ,0.09,,15.90,12.30,0,0.00,45.5,1,0,0.00,0.00,0.00,12.00,0.00,1.00,0,0,0.00,0
2026-05-02 19:30:38,1352.74,1,0,0,0,0,0,0,0.29,0,1.00,5.27,3.78,4.40,1.00,D,0.00,12.00,12.00,12.00,12.00, ,17.41,,16.70,12.30,0,0.00,46.1,1,0,0.00,0.00,0.00,12.00,0.29,1.00,0,0,0.00,0
2026-05-02 19:30:39,1353.85,1,0,0,0,0,0,0,0.07,0,1.00,5.27,3.78,4.39,1.00,D,0.00,12.00,12.00,12.00,12.00, ,4.23,,15.50,12.30,0,0.00,46.1,1,0,0.00,0.00,0.00,12.00,0.07,1.00,0,0,0.00,0
2026-05-02 19:30:40,1354.76,1,0,0,0,0,0,0,0.22,0,1.00,5.27,3.78,4.39,1.00,D,0.00,12.00,12.00,12.00,12.00, ,13.29,,14.90,12.30,0,0.00,45.5,1,0,0.00,0.00,0.00,12.00,0.22,1.00,0,0,0.00,0
2026-05-02 19:30:41,1355.77,1,0,0,0,0,0,0,-0.01,0,1.00,5.27,3.78,4.42,1.00,D,0.00,12.00,12.00,12.00,12.00, ,-0.52,,15.80,12.30,0,0.00,46.1,1,0,0.00,0.00,0.00,12.00,-0.01,1.00,0,0,0.00,0
2026-05-02 19:30:42,1356.78,1,0,0,0,0,0,0,-0.04,0,1.00,5.27,3.78,4.38,1.00,D,0.00,12.00,12.00,12.00,12.00, ,-2.59,,14.70,12.30,0,0.00,44.4,1,0,0.00,0.00,0.00,12.00,-0.04,1.00,0,0,0.00,0
2026-05-02 19:30:43,1357.79,1,0,0,0,0,0,0,0.09,0,1.00,5.27,3.78,4.40,1.00,D,0.00,12.00,12.00,12.00,12.00, ,5.35,,15.40,12.30,0,0.00,45.5,1,0,0.00,0.00,0.00,12.00,0.09,1.00,0,0,0.00,0
2026-05-02 19:30:44,1358.81,1,0,0,0,0,0,0,0.12,0,1.00,5.27,3.78,4.30,1.00,D,0.00,12.00,12.00,12.00,12.00, ,6.90,,16.40,12.30,0,0.00,46.1,1,0,0.00,0.00,0.00,12.00,0.12,1.00,0,0,0.00,0
2026-05-02 19:30:45,1359.81,1,0,0,0,0,0,0,-0.14,0,1.00,5.27,3.78,4.36,1.00,D,0.00,12.00,12.00,12.00,12.00, ,-8.60,,15.60,12.30,0,0.00,46.1,1,0,0.00,0.00,0.00,12.00,-0.14,1.00,0,0,0.00,0
2026-05-02 19:30:46,1360.83,1,0,0,0,0,0,0,0.18,0,1.00,5.27,3.78,4.40,1.00,D,0.00,12.00,12.00,12.00,12.00, ,10.95,,15.80,12.30,0,0.00,44.4,1,0,0.00,0.00,0.00,12.00,0.18,1.00,0,0,0.00,0
2026-05-02 19:30:47,1361.84,1,0,0,0,0,0,0,0.28,0,1.00,5.27,3.78,4.48,1.00,D,0.00,12.00,12.00,12.00,12.00, ,16.68,,16.70,12.30,0,0.00,45.5,1,0,0.00,0.00,0.00,12.00,0.28,1.00,0,0,0.00,0
2026-05-02 19:30:48,1362.86,1,0,0,0,0,0,0,0.03,0,1.00,5.27,3.78,4.31,1.00,D,0.00,12.00,12.00,12.00,12.00, ,1.84,,15.80,12.30,0,0.00,46.1,1,0,0.00,0.00,0.00,12.00,0.03,1.00,0,0,0.00,0
2026-05-02 19:30:49,1363.87,1,0,0,0,0,0,0,-0.05,0,1.00,5.27,3.78,3.84,1.00,D,0.00,12.00,12.00,12.00,12.00, ,-3.20,,15.80,12.30,0,0.00,45.5,1,0,0.00,0.00,0.00,12.00,-0.05,1.00,0,0,0.00,0
2026-05-02 19:30:50,1364.88,1,0,0,0,0,0,0,-0.17,0,1.00,5.27,3.78,4.23,1.00,D,0.00,12.00,12.00,12.00,12.00, ,-10.02,,13.00,12.30,0,0.00,46.6,1,0,0.00,0.00,0.00,12.00,-0.17,1.00,0,0,0.00,0
2026-05-02 19:30:51,1365.89,1,0,0,0,0,0,0,-0.00,0,1.00,5.27,3.78,4.44,1.00,D,0.00,12.00,12.00,12.00,12.00, ,-0.24,,13.20,12.30,0,0.00,46.6,1,0,0.00,0.00,0.00,12.00,-0.00,1.00,0,0,0.00,0
2026-05-02 19:30:52,1366.91,1,0,0,0,0,0,0,0.11,0,1.00,5.27,3.78,4.44,1.00,D,0.00,12.00,12.00,12.00,12.00, ,6.84,,12.50,12.30,0,0.00,46.1,1,0,0.00,0.00,0.00,12.00,0.11,1.00,0,0,0.00,0
2026-05-02 19:30:53,1367.93,1,0,0,0,0,0,0,0.30,0,1.00,5.27,3.78,4.38,1.00,D,0.00,12.00,12.00,12.00,12.00, ,18.09,,14.30,12.30,0,0.00,47.7,1,0,0.00,0.00,0.00,12.00,0.30,1.00,0,0,0.00,0
2026-05-02 19:30:54,1368.93,1,0,0,0,0,0,0,0.24,0,1.00,5.27,3.79,4.20,1.00,D,0.00,12.00,12.00,12.00,12.00, ,14.17,,15.20,12.30,0,0.00,45.5,1,0,0.00,0.00,0.00,12.00,0.24,1.00,0,0,0.00,0
2026-05-02 19:30:55,1369.93,1,0,0,0,0,0,0,-0.10,0,1.00,5.27,3.79,4.38,1.00,D,0.00,12.00,12.00,12.00,12.00, ,-5.86,,16.10,12.30,0,0.00,46.6,1,0,0.00,0.00,0.00,12.00,-0.10,1.00,0,0,0.00,0
2026-05-02 19:30:56,1370.94,1,0,0,0,0,0,0,0.29,0,1.00,5.27,3.79,4.43,1.00,D,0.00,12.00,12.00,12.00,12.00, ,17.47,,15.90,12.30,0,0.00,46.6,1,0,0.00,0.00,0.00,12.00,0.29,1.00,0,0,0.00,0
2026-05-02 19:30:57,1371.95,1,0,0,0,0,0,0,0.04,0,1.00,5.27,3.79,4.42,1.00,D,0.00,12.00,12.00,12.00,12.00, ,2.20,,14.50,12.30,0,0.00,46.6,1,0,0.00,0.00,0.00,12.00,0.04,1.00,0,0,0.00,0
2026-05-02 19:30:58,1372.96,1,0,0,0,0,0,0,-0.01,0,1.00,5.27,3.79,4.32,1.00,D,0.00,12.00,12.00,12.00,12.00, ,-0.88,,16.20,12.30,0,0.00,46.6,1,0,0.00,0.00,0.00,12.00,-0.01,1.00,0,0,0.00,0
2026-05-02 19:30:59,1373.97,1,0,0,0,0,0,0,0.14,0,1.00,5.27,3.79,4.47,1.00,D,0.00,12.00,12.00,12.00,12.00, ,8.47,,16.10,12.30,0,0.00,46.6,1,0,0.00,0.00,0.00,12.00,0.14,1.00,0,0,0.00,0
2026-05-02 19:31:00,1374.99,1,0,0,0,0,0,0,0.30,0,1.00,5.27,3.79,4.59,1.00,D,0.00,12.00,12.00,12.00,12.00, ,17.88,,14.90,12.30,0,0.00,45.0,1,0,0.00,0.00,0.00,12.00,0.30,1.00,0,0,0.00,0
2026-05-02 19:31:01,1376.00,1,0,0,0,0,0,0,0.04,0,1.00,5.27,3.79,4.58,1.00,D,0.00,12.00,12.00,12.00,12.00, ,2.15,,16.30,12.30,0,0.00,45.5,1,0,0.00,0.00,0.00,12.00,0.04,1.00,0,0,0.00,0
2026-05-02 19:31:02,1377.01,1,0,0,0,0,0,0,0.21,0,1.00,5.27,3.79,4.47,1.00,D,0.00,12.00,12.00,12.00,12.00, ,12.44,,16.30,12.30,0,0.00,46.1,1,0,0.00,0.00,0.00,12.00,0.21,1.00,0,0,0.00,0
2026-05-02 19:31:03,1378.12,1,0,0,0,0,0,0,0.01,0,1.00,5.27,3.79,4.52,1.00,D,0.00,12.00,12.00,12.00,12.00, ,0.35,,14.40,12.30,0,0.00,46.1,1,0,0.00,0.00,0.00,12.00,0.01,1.00,0,0,0.00,0
2026-05-02 19:31:04,1379.02,1,0,0,0,0,0,0,0.14,0,1.00,5.27,3.79,4.55,1.00,D,0.00,12.00,12.00,12.00,12.00, ,8.28,,16.50,12.30,0,0.00,46.6,1,0,0.00,0.00,0.00,12.00,0.14,1.00,0,0,0.00,0
2026-05-02 19:31:05,1380.13,1,0,0,0,0,0,0,0.09,0,1.00,5.27,3.79,4.55,1.00,D,0.00,12.00,12.00,12.00,12.00, ,5.20,,15.20,12.30,0,0.00,45.0,1,0,0.00,0.00,0.00,12.00,0.09,1.00,0,0,0.00,0
2026-05-02 19:31:06,1381.03,1,0,0,0,0,0,0,-0.08,0,1.00,5.27,3.79,4.60,1.00,D,0.00,12.00,12.00,12.00,12.00, ,-4.68,,15.60,12.30,0,0.00,46.1,1,0,0.00,0.00,0.00,12.00,-0.08,1.00,0,0,0.00,0
2026-05-02 19:31:07,1382.15,1,0,0,0,0,0,0,0.11,0,1.00,5.27,3.79,4.61,1.00,D,0.00,12.00,12.00,12.00,12.00, ,6.48,,16.00,12.30,0,0.00,46.1,1,0,0.00,0.00,0.00,12.00,0.11,1.00,0,0,0.00,0
2026-05-02 19:31:08,1383.05,1,0,0,0,0,0,0,0.04,0,1.00,5.27,3.79,4.59,1.00,D,0.00,12.00,12.00,12.00,12.00, ,2.21,,15.30,12.30,0,0.00,44.4,1,0,0.00,0.00,0.00,12.00,0.04,1.00,0,0,0.00,0
2026-05-02 19:31:09,1384.16,1,0,0,0,0,0,0,0.17,0,1.00,5.27,3.79,4.68,1.00,D,0.00,12.00,12.00,12.00,12.00, ,10.27,,15.60,12.30,0,0.00,45.5,1,0,0.00,0.00,0.00,12.00,0.17,1.00,0,0,0.00,0
2026-05-02 19:31:10,1385.07,1,0,0,0,0,0,0,-0.02,0,1.00,5.27,3.79,4.61,1.00,D,0.00,12.00,12.00,12.00,12.00, ,-1.15,,15.60,12.30,0,0.00,43.9,1,0,0.00,0.00,0.00,12.00,-0.02,1.00,0,0,0.00,0
2026-05-02 19:31:11,1386.18,1,0,0,0,0,0,0,0.28,0,1.00,5.27,3.79,4.66,1.00,D,0.00,12.00,12.00,12.00,12.00, ,17.08,,16.10,12.30,0,0.00,46.1,1,0,0.00,0.00,0.00,12.00,0.28,1.00,0,0,0.00,0
2026-05-02 19:31:12,1387.08,1,0,0,0,0,0,0,0.04,0,1.00,5.27,3.79,4.66,1.00,D,0.00,12.00,12.00,12.00,12.00, ,2.39,,15.10,12.30,0,0.00,45.0,1,0,0.00,0.00,0.00,12.00,0.04,1.00,0,0,0.00,0
2026-05-02 19:31:13,1388.19,1,0,0,0,0,0,0,0.17,0,1.00,5.27,3.80,4.76,1.00,D,0.00,12.00,12.00,12.00,12.00, ,10.44,,17.10,12.30,0,0.00,43.9,1,0,0.00,0.00,0.00,12.00,0.17,1.00,0,0,0.00,0
2026-05-02 19:31:14,1389.10,1,0,0,0,0,0,0,0.01,0,1.00,5.27,3.80,4.84,1.00,D,0.00,12.00,12.00,12.00,12.00, ,0.35,,15.90,12.30,0,0.00,45.5,1,0,0.00,0.00,0.00,12.00,0.01,1.00,0,0,0.00,0
2026-05-02 19:31:15,1390.21,1,0,0,0,0,0,0,0.22,0,1.00,5.27,3.80,4.81,1.00,D,0.00,12.00,12.00,12.00,12.00, ,12.96,,16.50,12.30,0,0.00,45.0,1,0,0.00,0.00,0.00,12.00,0.22,1.00,0,0,0.00,0
2026-05-02 19:31:16,1391.11,1,0,0,0,0,0,0,0.10,0,1.00,5.27,3.80,4.78,1.00,D,0.00,12.00,12.00,12.00,12.00, ,6.10,,16.90,12.30,0,0.00,45.5,1,0,0.00,0.00,0.00,12.00,0.10,1.00,0,0,0.00,0
2026-05-02 19:31:17,1392.12,1,0,0,0,0,0,0,0.17,0,1.00,5.27,3.80,4.81,1.00,D,0.00,12.00,12.00,12.00,12.00, ,10.08,,15.30,12.30,0,0.00,45.0,1,0,0.00,0.00,0.00,12.00,0.17,1.00,0,0,0.00,0
2026-05-02 19:31:18,1393.13,1,0,0,0,0,0,0,0.01,0,1.00,5.27,3.80,4.90,1.00,D,0.00,12.00,12.00,12.00,12.00, ,0.70,,15.90,12.30,0,0.00,45.5,1,0,0.00,0.00,0.00,12.00,0.01,1.00,0,0,0.00,0
2026-05-02 19:31:19,1394.25,1,0,0,0,0,0,0,0.06,0,1.00,5.27,3.80,4.89,1.00,D,0.00,12.00,12.00,12.00,12.00, ,3.38,,17.10,12.30,0,0.00,46.6,1,0,0.00,0.00,0.00,12.00,0.06,1.00,0,0,0.00,0
2026-05-02 19:31:20,1395.15,1,0,0,0,0,0,0,0.17,0,1.00,5.27,3.80,5.18,1.00,D,0.00,12.00,12.00,12.00,12.00, ,10.42,,16.20,12.30,0,0.00,44.4,1,0,0.00,0.00,0.00,12.00,0.17,1.00,0,0,0.00,0
2026-05-02 19:31:21,1396.26,1,0,0,0,0,0,0,0.08,0,1.00,5.27,3.80,5.04,1.00,D,0.00,12.00,12.00,12.00,12.00, ,4.73,,15.70,12.30,0,0.00,45.5,1,0,0.00,0.00,0.00,12.00,0.08,1.00,0,0,0.00,0
2026-05-02 19:31:22,1397.17,1,0,0,0,0,0,0,0.27,0,1.00,5.27,3.80,5.11,1.00,D,0.00,12.00,12.00,12.00,12.00, ,16.41,,16.90,12.30,0,0.00,46.1,1,0,0.00,0.00,0.00,12.00,0.27,1.00,0,0,0.00,0
2026-05-02 19:31:23,1398.18,1,0,0,0,0,0,0,0.04,0,1.00,5.27,3.80,4.89,1.00,D,0.00,12.00,12.00,12.00,12.00, ,2.45,,16.60,12.30,0,0.00,45.0,1,0,0.00,0.00,0.00,12.00,0.04,1.00,0,0,0.00,0
2026-05-02 19:31:24,1399.19,1,0,0,0,0,0,0,0.09,0,1.00,5.27,3.80,4.76,1.00,D,0.00,12.00,12.00,12.00,12.00, ,5.40,,15.20,12.30,0,0.00,45.0,1,0,0.00,0.00,0.00,12.00,0.09,1.00,0,0,0.00,0
2026-05-02 19:31:25,1400.20,1,0,0,0,0,0,0,0.13,0,1.00,5.27,3.81,4.63,1.00,D,0.00,12.00,12.00,12.00,12.00, ,7.61,,16.50,12.30,0,0.00,46.6,1,0,0.00,0.00,0.00,12.00,0.13,1.00,0,0,0.00,0
2026-05-02 19:31:26,1401.21,1,0,0,0,0,0,0,0.18,0,1.00,5.27,3.81,4.64,1.00,D,0.00,12.00,12.00,12.00,12.00, ,10.80,,16.30,12.30,0,0.00,46.1,1,0,0.00,0.00,0.00,12.00,0.18,1.00,0,0,0.00,0
2026-05-02 19:31:28,1402.32,1,0,0,0,0,0,0,0.20,0,1.00,5.27,3.81,4.59,1.00,D,0.00,12.00,12.00,12.00,12.00, ,11.95,,14.60,12.30,0,0.00,45.0,1,0,0.00,0.00,0.00,12.00,0.20,1.00,0,0,0.00,0
2026-05-02 19:31:28,1403.22,1,0,0,0,0,0,0,0.24,0,1.00,5.27,3.81,4.40,1.00,D,0.00,12.00,12.00,12.00,12.00, ,14.40,,16.60,12.30,0,0.00,45.5,1,0,0.00,0.00,0.00,12.00,0.24,1.00,0,0,0.00,0
2026-05-02 19:31:29,1404.23,1,0,0,0,0,0,0,0.02,0,1.00,5.27,3.81,4.42,1.00,D,0.00,12.00,12.00,12.00,12.00, ,1.44,,15.90,12.30,0,0.00,46.1,1,0,0.00,0.00,0.00,12.00,0.02,1.00,0,0,0.00,0
2026-05-02 19:31:30,1405.25,1,0,0,0,0,0,0,0.07,0,1.00,5.27,3.81,4.44,1.00,D,0.00,12.00,12.00,12.00,12.00, ,4.38,,15.00,12.30,0,0.00,43.9,1,0,0.00,0.00,0.00,12.00,0.07,1.00,0,0,0.00,0
2026-05-02 19:31:32,1406.36,1,0,0,0,0,0,0,0.34,0,1.00,5.27,3.81,4.37,1.00,D,0.00,12.00,12.00,12.00,12.00, ,20.17,,16.90,12.30,0,0.00,44.4,1,0,0.00,0.00,0.00,12.00,0.34,1.00,0,0,0.00,0
2026-05-02 19:31:32,1407.26,1,0,0,0,0,0,0,0.31,0,1.00,5.27,3.81,4.33,1.00,D,0.00,12.00,12.00,12.00,12.00, ,18.52,,16.30,12.30,0,0.00,46.1,1,0,0.00,0.00,0.00,12.00,0.31,1.00,0,0,0.00,0
2026-05-02 19:31:34,1408.28,1,0,0,0,0,0,0,0.08,0,1.00,5.27,3.81,4.41,1.00,D,0.00,12.00,12.00,12.00,12.00, ,4.56,,14.60,12.30,0,0.00,45.5,1,0,0.00,0.00,0.00,12.00,0.08,1.00,0,0,0.00,0
2026-05-02 19:31:35,1409.28,1,0,0,0,0,0,0,0.11,0,1.00,5.27,3.81,4.45,1.00,D,0.00,12.00,12.00,12.00,12.00, ,6.72,,13.10,12.30,0,0.00,46.6,1,0,0.00,0.00,0.00,12.00,0.11,1.00,0,0,0.00,0
2026-05-02 19:31:36,1410.29,1,0,0,0,0,0,0,0.09,0,1.00,5.27,3.81,4.36,1.00,D,0.00,12.00,12.00,12.00,12.00, ,5.20,,12.10,12.30,0,0.00,45.5,1,0,0.00,0.00,0.00,12.00,0.09,1.00,0,0,0.00,0
2026-05-02 19:31:37,1411.29,0,0,0,0,0,0,0,0.00,0,1.00,5.27,3.81,4.40,0.02,D,0.00,12.00,12.00,12.00,12.00, ,0.00,,12.90,12.30,0,0.00,46.6,1,0,0.00,0.00,0.00,12.00,0.00,0.00,0,0,0.00,0
2026-05-02 19:31:38,1412.30,0,0,0,0,0,0,0,0.00,0,1.00,5.27,3.81,3.24,0.52,D,0.00,12.00,12.00,12.00,12.00, ,0.00,,13.70,12.30,0,0.00,46.6,1,0,0.00,0.00,0.00,12.00,0.00,0.00,0,0,0.00,0
2026-05-02 19:31:39,1413.32,0,0,0,0,0,0,0,0.00,0,1.00,5.27,3.81,3.51,1.00,D,0.00,12.00,12.00,12.00,12.00, ,0.00,,13.50,12.30,0,0.00,45.5,1,0,0.00,0.00,0.00,12.00,0.00,0.00,0,0,0.00,0
2026-05-02 19:31:40,1414.33,0,0,0,0,0,0,0,0.00,0,1.00,5.27,3.81,4.23,1.00,D,0.00,12.00,12.00,12.00,12.00, ,0.00,,14.50,12.30,0,0.00,47.2,1,0,0.00,0.00,0.00,12.00,0.00,0.00,0,0,0.00,0
2026-05-02 19:31:41,1415.44,0,0,0,0,0,0,0,0.00,0,0.00,5.27,3.81,4.33,0.84,D,0.00,12.00,12.00,12.00,12.00, ,0.00,,14.30,12.30,0,0.00,47.7,1,0,0.00,0.00,0.00,12.00,0.00,0.00,0,0,0.00,0
2026-05-02 19:31:42,1416.35,1,0,0,0,0,0,0,0.21,0,1.00,5.27,3.81,3.86,1.00,D,0.00,12.00,12.00,12.00,12.00, ,12.61,,14.10,12.30,0,0.00,46.1,1,0,0.00,0.00,0.00,12.00,0.21,1.00,0,0,0.00,0
2026-05-02 19:31:43,1417.36,0,0,0,0,0,0,0,1.00,0,1.00,5.27,3.81,2.08,0.22,D,0.00,12.00,12.00,12.00,12.00, ,0.00,,12.40,12.40,0,0.00,46.6,1,0,0.00,0.00,0.00,12.00,0.00,0.00,0,0,0.00,0
2026-05-02 19:31:44,1418.37,0,0,0,0,0,0,0,0.00,0,0.00,5.27,3.81,1.22,0.42,D,0.00,12.00,12.00,12.00,12.00, ,0.00,,12.90,12.30,0,0.00,46.6,1,0,0.00,0.00,0.00,12.00,0.00,0.00,0,0,0.00,0
2026-05-02 19:31:45,1419.39,0,0,0,0,0,0,0,0.00,0,0.00,5.27,3.81,0.00,0.00,D,0.00,12.00,12.00,12.00,12.00, ,0.00,,14.20,12.30,0,0.00,47.2,1,0,0.00,0.00,0.00,12.00,0.00,0.00,0,0,0.00,0
2026-05-02 19:31:46,1420.40,0,0,0,0,0,0,0,0.00,0,0.00,5.27,3.80,0.00,0.00,D,0.00,12.00,12.00,12.00,12.00, ,0.00,,13.60,12.30,0,0.98,46.6,1,0,0.00,0.00,0.00,12.00,0.00,0.00,0,0,0.00,0
2026-05-02 19:31:47,1421.41,0,0,0,0,0,0,0,0.00,0,0.00,5.27,3.80,0.00,0.00,D,0.00,12.00,12.00,12.00,12.00, ,0.00,,13.80,12.30,0,1.99,45.0,1,0,0.00,0.00,0.00,12.00,0.00,0.00,0,0,0.00,0
2026-05-02 19:31:48,1422.42,0,0,0,0,0,0,0,1.00,0,0.18,5.27,3.80,0.00,0.02,D,0.00,12.00,12.00,12.00,12.00, ,0.00,,13.40,12.30,0,0.71,45.0,1,0,0.00,0.00,0.00,12.00,0.00,0.00,0,0,0.00,0
2026-05-02 19:31:49,1423.43,0,0,0,0,0,0,0,0.53,0,1.00,5.27,3.80,0.19,0.52,D,0.00,12.00,12.00,12.00,12.00, ,0.00,,15.40,12.30,0,0.00,46.6,1,0,0.00,0.00,0.00,12.00,0.00,0.00,0,0,0.00,0
2026-05-02 19:31:50,1424.44,0,0,0,0,0,0,0,0.00,0,1.00,5.27,3.79,2.72,1.00,D,0.00,12.00,12.00,12.00,12.00, ,0.00,,14.80,12.30,0,0.00,46.6,1,0,0.00,0.00,0.00,12.00,0.00,0.00,0,0,0.00,0
2026-05-02 19:31:51,1425.45,0,0,0,0,0,0,0,0.00,0,0.00,5.27,3.79,2.73,0.82,D,0.00,12.00,12.00,12.00,12.00, ,0.00,,15.30,12.30,0,0.00,44.4,1,0,0.00,0.00,0.00,12.00,0.00,0.00,0,0,0.00,0
2026-05-02 19:31:52,1426.47,0,0,0,0,0,0,0,-1.00,0,0.00,5.27,3.79,3.47,0.00,D,0.00,12.00,12.00,12.00,12.00, ,0.00,,15.50,12.30,0,0.00,46.1,1,0,0.00,0.00,0.00,12.00,0.00,0.00,0,0,0.00,0
2026-05-02 19:31:53,1427.48,1,0,0,0,0,0,0,0.34,0,1.00,5.27,3.79,1.72,0.37,D,0.00,12.00,12.00,12.00,12.00, ,20.55,,14.50,12.30,0,0.00,46.1,1,0,0.00,0.00,0.00,12.00,0.34,1.00,0,0,0.00,0
2026-05-02 19:31:54,1428.49,1,0,0,0,0,0,0,-0.03,0,1.00,5.27,3.79,1.83,0.88,D,0.00,12.00,12.00,12.00,12.00, ,-1.67,,13.80,12.30,0,0.00,47.2,1,0,0.00,0.00,0.00,12.00,-0.03,1.00,0,0,0.00,0
2026-05-02 19:31:55,1429.51,1,0,0,0,0,0,0,0.01,0,1.00,5.27,3.79,3.96,1.00,D,0.00,12.00,12.00,12.00,12.00, ,0.83,,14.70,12.30,0,0.00,45.0,1,0,0.00,0.00,0.00,12.00,0.01,1.00,0,0,0.00,0
2026-05-02 19:31:56,1430.62,1,0,0,0,0,0,0,-0.00,0,1.00,5.27,3.79,4.30,1.00,D,0.00,12.00,12.00,12.00,12.00, ,-0.03,,15.00,12.30,0,0.00,47.2,1,0,0.00,0.00,0.00,12.00,-0.00,1.00,0,0,0.00,0
2026-05-02 19:31:57,1431.52,1,0,0,0,0,0,0,0.29,0,1.00,5.27,3.79,4.31,1.00,D,0.00,12.00,12.00,12.00,12.00, ,17.64,,14.30,12.40,0,0.00,46.1,1,0,0.00,0.00,0.00,12.00,0.29,1.00,0,0,0.00,0
2026-05-02 19:31:58,1432.53,0,0,0,0,0,0,0,0.00,1,0.00,5.27,3.79,2.55,0.00,D,0.00,12.00,12.00,12.00,12.00, ,0.00,,13.40,12.40,0,0.00,46.6,1,0,0.00,0.00,0.00,12.00,0.00,0.00,0,0,0.00,0
2026-05-02 19:31:59,1433.55,0,0,0,0,0,0,0,0.00,0,0.00,5.27,3.79,0.00,0.00,D,0.00,12.00,12.00,12.00,12.00, ,0.00,,12.30,12.40,0,0.60,46.6,1,0,0.00,0.00,0.00,12.00,0.00,0.00,0,0,0.00,0
2026-05-02 19:32:00,1434.56,0,0,0,0,0,0,0,0.00,0,0.00,5.27,3.79,0.00,0.00,D,0.00,12.00,12.00,12.00,12.00, ,0.00,,10.70,12.40,0,1.62,45.0,1,0,0.00,0.00,0.00,12.00,0.00,0.00,0,0,0.00,0
2026-05-02 19:32:01,1435.57,0,0,0,0,0,0,0,0.00,1,0.00,5.27,3.78,0.00,0.00,D,0.00,12.00,12.00,12.00,12.00, ,0.00,,11.80,12.40,0,2.63,47.2,1,0,0.00,0.00,0.00,12.00,0.00,0.00,0,0,0.00,0
2026-05-02 19:32:02,1436.59,0,0,0,0,0,0,0,0.00,0,0.00,5.27,3.78,0.00,0.00,D,0.00,12.00,12.00,12.00,12.00, ,0.00,,13.10,12.30,0,0.01,46.6,1,0,0.00,0.00,0.00,12.00,0.00,0.00,0,0,0.00,0
2026-05-02 19:32:03,1437.60,0,0,0,0,0,0,0,0.00,0,0.00,5.27,3.78,0.00,0.00,D,0.00,12.00,12.00,12.00,12.00, ,0.00,,12.50,12.30,0,0.03,46.6,1,0,0.00,0.00,0.00,12.00,0.00,0.00,0,0,0.00,0
2026-05-02 19:32:04,1438.61,0,0,0,0,0,0,0,0.00,0,0.00,5.27,3.77,0.00,0.00,D,0.00,12.00,12.00,12.00,12.00, ,0.00,,13.80,12.30,0,0.01,46.6,1,0,0.00,0.00,0.00,12.00,0.00,0.00,0,0,0.00,0
2026-05-02 19:32:05,1439.61,0,0,0,0,0,0,0,0.00,0,0.00,5.27,3.77,0.00,0.00,D,0.00,12.00,12.00,12.00,12.00, ,0.00,,13.30,12.30,0,0.00,45.0,1,0,0.00,0.00,0.00,12.00,0.00,0.00,0,0,0.00,0
2026-05-02 19:32:06,1440.63,0,0,0,0,0,0,0,0.00,0,0.00,5.27,3.77,0.00,0.00,D,0.00,12.00,12.00,12.00,12.00, ,0.00,,12.70,12.30,0,0.04,45.0,1,0,0.00,0.00,0.00,12.00,0.00,0.00,0,0,0.00,0
2026-05-02 19:32:07,1441.64,0,0,0,0,0,0,0,0.00,0,0.00,5.27,3.77,0.00,0.00,D,0.00,12.00,12.00,12.00,12.00, ,0.00,,13.60,12.30,0,0.02,45.5,1,0,0.00,0.00,0.00,12.00,0.00,0.00,0,0,0.00,0
2026-05-02 19:32:08,1442.75,0,0,0,0,0,0,0,0.00,0,0.00,5.27,3.76,0.00,0.00,D,0.00,12.00,12.00,12.00,12.00, ,0.00,,14.00,12.30,0,0.00,43.9,1,0,0.00,0.00,0.00,12.00,0.00,0.00,0,0,0.00,0
2026-05-02 19:32:09,1443.65,0,0,0,0,0,0,0,0.00,0,0.00,5.27,3.76,0.00,0.00,D,0.00,12.00,12.00,12.00,12.00, ,0.00,,13.10,12.30,0,0.03,44.4,1,0,0.00,0.00,0.00,12.00,0.00,0.00,0,0,0.00,0
2026-05-02 19:32:10,1444.66,0,0,0,0,0,0,0,0.00,0,0.00,5.27,3.76,0.00,0.00,D,0.00,12.00,12.00,12.00,12.00, ,0.00,,13.40,12.30,0,0.01,43.9,1,0,0.00,0.00,0.00,12.00,0.00,0.00,0,0,0.00,0
2026-05-02 19:32:11,1445.68,0,0,0,0,0,0,0,0.00,0,0.00,5.27,3.76,0.00,0.00,D,0.00,12.00,12.00,12.00,12.00, ,0.00,,13.60,12.30,0,0.00,45.0,1,0,0.00,0.00,0.00,12.00,0.00,0.00,0,0,0.00,0
2026-05-02 19:32:12,1446.69,0,0,0,0,0,0,0,0.00,0,0.00,5.27,3.75,0.26,0.00,D,0.00,12.00,12.00,12.00,12.00, ,0.00,,12.80,12.30,0,0.00,44.4,1,0,0.00,0.00,0.00,12.00,0.00,0.00,0,0,0.00,0
2026-05-02 19:32:13,1447.70,0,0,0,0,0,0,0,0.00,0,0.00,5.27,3.75,0.00,0.00,D,0.00,12.00,12.00,12.00,12.00, ,0.00,,13.80,12.30,0,0.00,45.0,1,0,0.00,0.00,0.00,12.00,0.00,0.00,0,0,0.00,0
2026-05-02 19:32:14,1448.71,0,0,0,0,0,0,0,0.00,0,0.00,5.27,3.75,0.00,0.00,D,0.00,12.00,12.00,12.00,12.00, ,0.00,,13.60,12.30,0,0.63,44.4,1,0,0.00,0.00,0.00,12.00,0.00,0.00,0,0,0.00,0
2026-05-02 19:32:15,1449.73,0,0,0,0,0,0,0,0.00,0,0.00,5.27,3.75,0.00,0.00,D,0.00,12.00,12.00,12.00,12.00, ,0.00,,12.70,12.30,0,1.64,45.5,1,0,0.00,0.00,0.00,12.00,0.00,0.00,0,0,0.00,0
2026-05-02 19:32:16,1450.74,1,0,0,0,0,0,0,-0.20,0,1.00,5.27,3.74,0.00,0.35,D,0.00,12.00,12.00,12.00,12.00, ,-11.76,,14.10,12.30,0,2.65,45.0,1,0,0.00,0.00,0.00,12.00,-0.20,1.00,0,0,0.00,0
2026-05-02 19:32:17,1451.75,1,0,0,0,0,0,0,-0.07,0,1.00,5.27,3.74,0.97,0.85,D,0.00,12.00,12.00,12.00,12.00, ,-4.24,,13.90,12.30,0,0.00,45.5,1,0,0.00,0.00,0.00,12.00,-0.07,1.00,0,0,0.00,0
2026-05-02 19:32:18,1452.76,1,0,0,0,0,0,0,0.17,0,1.00,5.27,3.74,3.91,1.00,D,0.00,12.00,12.00,12.00,12.00, ,10.28,,14.60,12.30,0,0.00,45.0,1,0,0.00,0.00,0.00,12.00,0.17,1.00,0,0,0.00,0
2026-05-02 19:32:19,1453.78,1,0,0,0,0,0,0,-0.10,0,1.00,5.27,3.74,4.04,1.00,D,0.00,12.00,12.00,12.00,12.00, ,-6.06,,16.10,12.30,0,0.00,45.5,1,0,0.00,0.00,0.00,12.00,-0.10,1.00,0,0,0.00,0
2026-05-02 19:32:20,1454.89,1,0,0,0,0,0,0,0.08,0,1.00,5.27,3.74,4.12,1.00,D,0.00,12.00,12.00,12.00,12.00, ,4.55,,15.50,12.30,0,0.00,45.0,1,0,0.00,0.00,0.00,12.00,0.08,1.00,0,0,0.00,0
2026-05-02 19:32:21,1455.79,1,0,0,0,0,0,0,0.20,0,1.00,5.27,3.74,3.99,1.00,D,0.00,12.00,12.00,12.00,12.00, ,12.18,,15.20,12.30,0,0.00,46.1,1,0,0.00,0.00,0.00,12.00,0.20,1.00,0,0,0.00,0
2026-05-02 19:32:22,1456.80,1,0,0,0,0,0,0,-0.08,0,1.00,5.27,3.74,3.99,1.00,D,0.00,12.00,12.00,12.00,12.00, ,-4.55,,13.50,12.30,0,0.00,45.0,1,0,0.00,0.00,0.00,12.00,-0.08,1.00,0,0,0.00,0
2026-05-02 19:32:23,1457.82,1,0,0,0,0,0,0,0.17,0,1.00,5.27,3.74,4.03,1.00,D,0.00,12.00,12.00,12.00,12.00, ,9.99,,13.80,12.30,0,0.00,45.0,1,0,0.00,0.00,0.00,12.00,0.17,1.00,0,0,0.00,0
2026-05-02 19:32:24,1458.93,1,0,0,0,0,0,0,0.04,0,1.00,5.27,3.74,4.01,1.00,D,0.00,12.00,12.00,12.00,12.00, ,2.50,,12.60,12.40,0,0.00,46.6,1,0,0.00,0.00,0.00,12.00,0.04,1.00,0,0,0.00,0
2026-05-02 19:32:25,1459.83,1,0,0,0,0,0,0,0.16,0,1.00,5.27,3.74,4.06,1.00,D,0.00,12.00,12.00,12.00,12.00, ,9.73,,14.60,12.40,0,0.00,46.6,1,0,0.00,0.00,0.00,12.00,0.16,1.00,0,0,0.00,0
2026-05-02 19:32:26,1460.84,1,0,0,0,0,0,0,0.05,0,1.00,5.27,3.74,4.06,1.00,D,0.00,12.00,12.00,12.00,12.00, ,2.84,,13.50,12.40,0,0.00,45.0,1,0,0.00,0.00,0.00,12.00,0.05,1.00,0,0,0.00,0
2026-05-02 19:32:27,1461.85,1,0,0,0,0,0,0,-0.04,0,1.00,5.27,3.74,4.05,1.00,D,0.00,12.00,12.00,12.00,12.00, ,-2.26,,16.20,12.40,0,0.00,45.5,1,0,0.00,0.00,0.00,12.00,-0.04,1.00,0,0,0.00,0
2026-05-02 19:32:28,1462.86,1,0,0,0,0,0,0,0.11,0,1.00,5.27,3.74,4.13,1.00,D,0.00,12.00,12.00,12.00,12.00, ,6.89,,16.20,12.30,0,0.00,46.1,1,0,0.00,0.00,0.00,12.00,0.11,1.00,0,0,0.00,0
2026-05-02 19:32:29,1463.88,1,0,0,0,0,0,0,0.13,0,1.00,5.27,3.74,4.00,1.00,D,0.00,12.00,12.00,12.00,12.00, ,7.65,,15.30,12.30,0,0.00,46.1,1,0,0.00,0.00,0.00,12.00,0.13,1.00,0,0,0.00,0
2026-05-02 19:32:30,1464.89,1,0,0,0,0,0,0,-0.04,0,1.00,5.27,3.74,4.08,1.00,D,0.00,12.00,12.00,12.00,12.00, ,-2.17,,15.10,12.30,0,0.00,44.4,1,0,0.00,0.00,0.00,12.00,-0.04,1.00,0,0,0.00,0
2026-05-02 19:32:31,1465.90,1,0,0,0,0,0,0,0.18,0,1.00,5.27,3.74,4.12,1.00,D,0.00,12.00,12.00,12.00,12.00, ,11.01,,16.00,12.30,0,0.00,45.5,1,0,0.00,0.00,0.00,12.00,0.18,1.00,0,0,0.00,0
2026-05-02 19:32:32,1467.01,1,0,0,0,0,0,0,-0.02,0,1.00,5.27,3.74,4.08,1.00,D,0.00,12.00,12.00,12.00,12.00, ,-1.30,,15.60,12.30,0,0.00,46.1,1,0,0.00,0.00,0.00,12.00,-0.02,1.00,0,0,0.00,0
2026-05-02 19:32:33,1467.92,1,0,0,0,0,0,0,0.12,0,1.00,5.27,3.74,4.15,1.00,D,0.00,12.00,12.00,12.00,12.00, ,7.20,,14.50,12.30,0,0.00,44.4,1,0,0.00,0.00,0.00,12.00,0.12,1.00,0,0,0.00,0
2026-05-02 19:32:34,1468.93,1,0,0,0,0,0,0,0.11,0,1.00,5.27,3.74,4.04,1.00,D,0.00,12.00,12.00,12.00,12.00, ,6.40,,16.20,12.30,0,0.00,45.5,1,0,0.00,0.00,0.00,12.00,0.11,1.00,0,0,0.00,0
2026-05-02 19:32:35,1469.94,1,0,0,0,0,0,0,0.07,0,1.00,5.27,3.74,4.07,1.00,D,0.00,12.00,12.00,12.00,12.00, ,4.14,,15.30,12.30,0,0.00,44.4,1,0,0.00,0.00,0.00,12.00,0.07,1.00,0,0,0.00,0
2026-05-02 19:32:36,1470.95,1,0,0,0,0,0,0,0.07,0,1.00,5.27,3.74,4.05,1.00,D,0.00,12.00,12.00,12.00,12.00, ,3.94,,14.50,12.30,0,0.00,45.5,1,0,0.00,0.00,0.00,12.00,0.07,1.00,0,0,0.00,0
2026-05-02 19:32:37,1471.96,1,0,0,0,0,0,0,0.14,0,1.00,5.27,3.74,4.06,1.00,D,0.00,12.00,12.00,12.00,12.00, ,8.24,,15.20,12.30,0,0.00,45.0,1,0,0.00,0.00,0.00,12.00,0.14,1.00,0,0,0.00,0
2026-05-02 19:32:38,1473.07,1,0,0,0,0,0,0,-0.01,0,1.00,5.27,3.74,4.03,1.00,D,0.00,12.00,12.00,12.00,12.00, ,-0.74,,13.10,12.30,0,0.00,46.6,1,0,0.00,0.00,0.00,12.00,-0.01,1.00,0,0,0.00,0
2026-05-02 19:32:39,1473.97,1,0,0,0,0,0,0,0.14,0,1.00,5.27,3.74,4.02,1.00,D,0.00,12.00,12.00,12.00,12.00, ,8.19,,13.40,12.30,0,0.00,45.0,1,0,0.00,0.00,0.00,12.00,0.14,1.00,0,0,0.00,0
2026-05-02 19:32:40,1474.99,1,0,0,0,0,0,0,0.07,0,1.00,5.27,3.74,3.92,1.00,D,0.00,12.00,12.00,12.00,12.00, ,4.38,,13.90,12.30,0,0.00,46.6,1,0,0.00,0.00,0.00,12.00,0.07,1.00,0,0,0.00,0
2026-05-02 19:32:41,1476.00,1,0,0,0,0,0,0,0.05,0,1.00,5.27,3.74,3.93,1.00,D,0.00,12.00,12.00,12.00,12.00, ,2.90,,12.80,12.30,0,0.00,45.5,1,0,0.00,0.00,0.00,12.00,0.05,1.00,0,0,0.00,0
2026-05-02 19:32:42,1477.01,1,0,0,0,0,0,0,0.09,0,1.00,5.27,3.74,3.88,1.00,D,0.00,12.00,12.00,12.00,12.00, ,5.28,,14.30,12.30,0,0.00,47.2,1,0,0.00,0.00,0.00,12.00,0.09,1.00,0,0,0.00,0
2026-05-02 19:32:43,1478.02,1,0,0,0,0,0,0,0.03,0,1.00,5.27,3.75,3.91,1.00,D,0.00,12.00,12.00,12.00,12.00, ,1.67,,16.20,12.30,0,0.00,45.0,1,0,0.00,0.00,0.00,12.00,0.03,1.00,0,0,0.00,0
2026-05-02 19:32:44,1479.03,1,0,0,0,0,0,0,0.22,0,1.00,5.27,3.75,3.87,1.00,D,0.00,12.00,12.00,12.00,12.00, ,12.97,,15.10,12.30,0,0.00,45.0,1,0,0.00,0.00,0.00,12.00,0.22,1.00,0,0,0.00,0
2026-05-02 19:32:45,1480.04,1,0,0,0,0,0,0,0.13,0,1.00,5.27,3.75,3.76,1.00,D,0.00,12.00,12.00,12.00,12.00, ,8.06,,15.80,12.30,0,0.00,46.1,1,0,0.00,0.00,0.00,12.00,0.13,1.00,0,0,0.00,0
2026-05-02 19:32:46,1481.05,1,0,0,0,0,0,0,-0.08,0,1.00,5.27,3.75,3.84,1.00,D,0.00,12.00,12.00,12.00,12.00, ,-4.83,,16.50,12.30,0,0.00,45.0,1,0,0.00,0.00,0.00,12.00,-0.08,1.00,0,0,0.00,0
2026-05-02 19:32:47,1482.07,1,0,0,0,0,0,0,-0.00,0,1.00,5.27,3.75,3.92,1.00,D,0.00,12.00,12.00,12.00,12.00, ,-0.18,,14.90,12.30,0,0.00,45.0,1,0,0.00,0.00,0.00,12.00,-0.00,1.00,0,0,0.00,0
2026-05-02 19:32:48,1483.08,1,0,0,0,0,0,0,0.23,0,1.00,5.27,3.75,3.87,1.00,D,0.00,12.00,12.00,12.00,12.00, ,13.85,,15.10,12.30,0,0.00,46.1,1,0,0.00,0.00,0.00,12.00,0.23,1.00,0,0,0.00,0
2026-05-02 19:32:49,1484.09,1,0,0,0,0,0,0,0.04,0,1.00,5.27,3.75,3.87,1.00,D,0.00,12.00,12.00,12.00,12.00, ,2.29,,15.80,12.30,0,0.00,46.1,1,0,0.00,0.00,0.00,12.00,0.04,1.00,0,0,0.00,0
2026-05-02 19:32:50,1485.11,1,0,0,0,0,0,0,0.18,0,1.00,5.27,3.75,3.93,1.00,D,0.00,12.00,12.00,12.00,12.00, ,10.64,,12.90,12.30,0,0.00,46.6,1,0,0.00,0.00,0.00,12.00,0.18,1.00,0,0,0.00,0
2026-05-02 19:32:51,1486.12,1,0,0,0,0,0,0,-0.01,0,1.00,5.27,3.75,3.83,1.00,D,0.00,12.00,12.00,12.00,12.00, ,-0.52,,13.00,12.30,0,0.00,46.6,1,0,0.00,0.00,0.00,12.00,-0.01,1.00,0,0,0.00,0
2026-05-02 19:32:52,1487.13,1,0,0,0,0,0,0,0.00,0,1.00,5.27,3.75,3.85,1.00,D,0.00,12.00,12.00,12.00,12.00, ,0.28,,14.60,12.30,0,0.00,47.7,1,0,0.00,0.00,0.00,12.00,0.00,1.00,0,0,0.00,0
2026-05-02 19:32:53,1488.14,1,0,0,0,0,0,0,-0.09,0,1.00,5.27,3.75,3.84,1.00,D,0.00,12.00,12.00,12.00,12.00, ,-5.54,,13.00,12.30,0,0.00,45.5,1,0,0.00,0.00,0.00,12.00,-0.09,1.00,0,0,0.00,0
2026-05-02 19:32:54,1489.15,1,0,0,0,0,0,0,0.17,0,1.00,5.27,3.75,3.88,1.00,D,0.00,12.00,12.00,12.00,12.00, ,9.94,,14.90,12.30,0,0.00,44.4,1,0,0.00,0.00,0.00,12.00,0.17,1.00,0,0,0.00,0
2026-05-02 19:32:55,1490.16,1,0,0,0,0,0,0,0.15,0,1.00,5.27,3.75,3.66,1.00,D,0.00,12.00,12.00,12.00,12.00, ,8.96,,15.60,12.30,0,0.00,45.5,1,0,0.00,0.00,0.00,12.00,0.15,1.00,0,0,0.00,0
2026-05-02 19:32:56,1491.17,1,0,0,0,0,0,0,0.02,0,1.00,5.27,3.75,3.82,1.00,D,0.00,12.00,12.00,12.00,12.00, ,1.13,,15.40,12.30,0,0.00,45.0,1,0,0.00,0.00,0.00,12.00,0.02,1.00,0,0,0.00,0
2026-05-02 19:32:57,1492.19,1,0,0,0,0,0,0,-0.01,0,1.00,5.27,3.75,3.76,1.00,D,0.00,12.00,12.00,12.00,12.00, ,-0.63,,15.60,12.30,0,0.00,46.1,1,0,0.00,0.00,0.00,12.00,-0.01,1.00,0,0,0.00,0
2026-05-02 19:32:58,1493.19,1,0,0,0,0,0,0,-0.15,0,1.00,5.27,3.75,3.83,1.00,D,0.00,12.00,12.00,12.00,12.00, ,-9.12,,16.30,12.30,0,0.00,46.1,1,0,0.00,0.00,0.00,12.00,-0.15,1.00,0,0,0.00,0
2026-05-02 19:32:59,1494.20,1,0,0,0,0,0,0,0.08,0,1.00,5.27,3.75,3.87,1.00,D,0.00,12.00,12.00,12.00,12.00, ,4.61,,14.70,12.30,0,0.00,46.1,1,0,0.00,0.00,0.00,12.00,0.08,1.00,0,0,0.00,0
2026-05-02 19:33:00,1495.21,1,0,0,0,0,0,0,0.13,0,1.00,5.27,3.75,3.87,1.00,D,0.00,12.00,12.00,12.00,12.00, ,7.58,,14.70,12.20,0,0.00,45.5,1,0,0.00,0.00,0.00,12.00,0.13,1.00,0,0,0.00,0
2026-05-02 19:33:01,1496.22,1,0,0,0,0,0,0,0.34,0,1.00,5.27,3.75,3.60,1.00,D,0.00,12.00,12.00,12.00,12.00, ,20.56,,16.40,12.30,0,0.00,45.5,1,0,0.00,0.00,0.00,12.00,0.34,1.00,0,0,0.00,0
2026-05-02 19:33:02,1497.23,1,0,0,0,0,0,0,-0.10,0,1.00,5.27,3.75,3.77,1.00,D,0.00,12.00,12.00,12.00,12.00, ,-6.20,,15.10,12.30,0,0.00,46.1,1,0,0.00,0.00,0.00,12.00,-0.10,1.00,0,0,0.00,0
2026-05-02 19:33:03,1498.24,1,0,0,0,0,0,0,0.10,0,1.00,5.27,3.75,3.76,1.00,D,0.00,12.00,12.00,12.00,12.00, ,6.18,,14.80,12.30,0,0.00,44.4,1,0,0.00,0.00,0.00,12.00,0.10,1.00,0,0,0.00,0
2026-05-02 19:33:04,1499.26,1,0,0,0,0,0,0,0.26,0,1.00,5.27,3.75,3.93,1.00,D,0.00,12.00,12.00,12.00,12.00, ,15.80,,16.20,12.20,0,0.00,45.0,1,0,0.00,0.00,0.00,12.00,0.26,1.00,0,0,0.00,0
2026-05-02 19:33:06,1500.27,1,0,0,0,0,0,0,0.21,0,1.00,5.27,3.75,3.72,1.00,D,0.00,12.00,12.00,12.00,12.00, ,12.42,,14.70,12.30,0,0.00,45.5,1,0,0.00,0.00,0.00,12.00,0.21,1.00,0,0,0.00,0
2026-05-02 19:33:07,1501.38,1,0,0,0,0,0,0,0.67,0,1.00,5.27,3.75,3.71,1.00,D,0.00,12.00,12.00,12.00,12.00, ,40.15,,15.60,12.30,0,0.00,44.4,1,0,0.00,0.00,0.00,12.00,0.67,1.00,0,0,0.00,0
2026-05-02 19:33:08,1502.28,1,0,0,0,0,0,0,0.07,0,1.00,5.27,3.75,3.17,1.00,D,0.00,12.00,12.00,12.00,12.00, ,4.47,,14.20,12.30,0,0.00,43.9,1,0,0.00,0.00,0.00,12.00,0.07,1.00,0,0,0.00,0
2026-05-02 19:33:09,1503.29,1,0,0,0,0,0,0,0.08,0,1.00,5.27,3.75,3.77,1.00,D,0.00,12.00,12.00,12.00,12.00, ,4.87,,14.80,12.40,0,0.00,45.5,1,0,0.00,0.00,0.00,12.00,0.08,1.00,0,0,0.00,0
2026-05-02 19:33:10,1504.30,1,0,0,0,0,0,0,0.04,0,1.00,5.27,3.75,3.72,1.00,D,0.00,12.00,12.00,12.00,12.00, ,2.19,,13.00,12.30,0,0.00,45.5,1,0,0.00,0.00,0.00,12.00,0.04,1.00,0,0,0.00,0
2026-05-02 19:33:11,1505.31,1,0,0,0,0,0,0,0.02,0,1.00,5.27,3.75,3.78,1.00,D,0.00,12.00,12.00,12.00,12.00, ,0.94,,14.20,12.30,0,0.00,45.0,1,0,0.00,0.00,0.00,12.00,0.02,1.00,0,0,0.00,0
2026-05-02 19:33:12,1506.32,1,0,0,0,0,0,0,0.09,0,1.00,5.27,3.75,3.87,1.00,D,0.00,12.00,12.00,12.00,12.00, ,5.63,,12.30,12.30,0,0.00,47.2,1,0,0.00,0.00,0.00,12.00,0.09,1.00,0,0,0.00,0
2026-05-02 19:33:13,1507.43,1,0,0,0,0,0,0,0.14,0,1.00,5.27,3.75,3.61,1.00,D,0.00,12.00,12.00,12.00,12.00, ,8.66,,13.30,12.30,0,0.00,46.1,1,0,0.00,0.00,0.00,12.00,0.14,1.00,0,0,0.00,0
2026-05-02 19:33:14,1508.34,1,0,0,0,0,0,0,0.18,0,1.00,5.27,3.75,4.01,1.00,D,0.00,12.00,12.00,12.00,12.00, ,10.73,,15.80,12.30,0,0.00,46.1,1,0,0.00,0.00,0.00,12.00,0.18,1.00,0,0,0.00,0
2026-05-02 19:33:15,1509.45,1,0,0,0,0,0,0,0.28,0,1.00,5.27,3.75,4.15,1.00,D,0.00,12.00,12.00,12.00,12.00, ,17.03,,15.20,12.30,0,0.00,45.5,1,0,0.00,0.00,0.00,12.00,0.28,1.00,0,0,0.00,0
2026-05-02 19:33:16,1510.35,1,0,0,0,0,0,0,0.04,0,1.00,5.27,3.75,4.01,1.00,D,0.00,12.00,12.00,12.00,12.00, ,2.66,,16.50,12.30,0,0.00,44.4,1,0,0.00,0.00,0.00,12.00,0.04,1.00,0,0,0.00,0
2026-05-02 19:33:17,1511.46,1,0,0,0,0,0,0,-0.13,0,1.00,5.27,3.75,3.58,1.00,D,0.00,12.00,12.00,12.00,12.00, ,-7.88,,16.10,12.30,0,0.00,46.1,1,0,0.00,0.00,0.00,12.00,-0.13,1.00,0,0,0.00,0
2026-05-02 19:33:18,1512.37,1,0,0,0,0,0,0,0.35,0,1.00,5.27,3.75,3.95,1.00,D,0.00,12.00,12.00,12.00,12.00, ,20.81,,15.20,12.30,0,0.00,45.5,1,0,0.00,0.00,0.00,12.00,0.35,1.00,0,0,0.00,0
2026-05-02 19:33:19,1513.38,1,0,0,0,0,0,0,0.07,0,1.00,5.27,3.75,3.96,1.00,D,0.00,12.00,12.00,12.00,12.00, ,4.14,,16.60,12.30,0,0.00,45.5,1,0,0.00,0.00,0.00,12.00,0.07,1.00,0,0,0.00,0
2026-05-02 19:33:20,1514.39,1,0,0,0,0,0,0,0.22,0,1.00,5.27,3.75,4.01,1.00,D,0.00,12.00,12.00,12.00,12.00, ,13.47,,17.00,12.30,0,0.00,45.5,1,0,0.00,0.00,0.00,12.00,0.22,1.00,0,0,0.00,0
2026-05-02 19:33:21,1515.40,1,0,0,0,0,0,0,0.09,0,1.00,5.27,3.75,2.96,1.00,D,0.00,12.00,12.00,12.00,12.00, ,5.34,,14.90,12.30,0,0.00,45.5,1,0,0.00,0.00,0.00,12.00,0.09,1.00,0,0,0.00,0
2026-05-02 19:33:22,1516.41,1,0,0,0,0,0,0,0.21,0,1.00,5.27,3.75,3.89,1.00,D,0.00,12.00,12.00,12.00,12.00, ,12.79,,15.30,12.30,0,0.00,45.0,1,0,0.00,0.00,0.00,12.00,0.21,1.00,0,0,0.00,0
2026-05-02 19:33:23,1517.42,0,0,0,0,0,0,0,0.00,0,0.00,5.27,3.75,2.91,0.00,D,0.00,12.00,12.00,12.00,12.00, ,0.00,,15.60,12.30,0,0.00,44.4,1,0,0.00,0.00,0.00,12.00,0.00,0.00,0,0,0.00,0
2026-05-02 19:33:24,1518.44,0,0,0,0,0,0,0,0.00,0,0.00,5.27,3.74,0.00,0.00,D,0.00,12.00,12.00,12.00,12.00, ,0.00,,13.70,12.30,0,0.01,45.5,1,0,0.00,0.00,0.00,12.00,0.00,0.00,0,0,0.00,0
2026-05-02 19:33:25,1519.55,0,0,0,1,0,0,0,1.00,0,1.00,5.27,3.74,0.01,-0.20,R,0.00,12.00,12.00,12.00,12.00, ,0.00,,13.80,12.30,0,0.33,45.0,1,0,0.00,0.00,0.00,12.00,0.00,0.00,0,0,0.00,0
2026-05-02 19:33:26,1520.45,0,0,0,0,0,0,0,0.00,0,0.86,5.27,3.74,0.85,-0.70,R,0.00,12.00,12.00,12.00,12.00, ,0.00,,14.40,12.30,0,0.00,45.5,1,0,0.00,0.00,0.00,12.00,0.00,0.00,0,0,0.00,0
2026-05-02 19:33:27,1521.57,0,0,0,0,0,0,0,0.00,0,1.00,5.27,3.74,1.55,-0.75,R,0.00,12.00,12.00,12.00,12.00, ,0.00,,14.70,12.30,0,0.00,45.0,1,0,0.00,0.00,0.00,12.00,0.00,0.00,0,0,0.00,0
2026-05-02 19:33:28,1522.47,0,0,0,0,0,0,0,0.00,0,0.00,5.27,3.74,2.17,-0.42,R,0.00,12.00,12.00,12.00,12.00, ,0.00,,15.40,12.30,0,0.00,44.4,1,0,0.00,0.00,0.00,12.00,0.00,0.00,0,0,0.00,0
2026-05-02 19:33:29,1523.49,0,0,1,0,0,0,0,0.00,0,0.00,5.27,3.74,0.00,0.00,D,0.00,12.00,12.00,12.00,12.00, ,0.00,,14.90,12.30,0,0.03,45.0,1,0,0.00,0.00,0.00,12.00,0.00,0.00,0,0,0.00,0
2026-05-02 19:33:30,1524.50,0,0,0,0,0,0,0,0.00,0,1.00,5.27,3.73,0.03,0.43,D,0.00,12.00,12.00,12.00,12.00, ,0.00,,12.70,12.30,0,0.00,44.4,1,0,0.00,0.00,0.00,12.00,0.00,0.00,0,0,0.00,0
2026-05-02 19:33:31,1525.51,0,0,0,0,0,0,0,0.00,0,0.00,5.27,3.73,0.74,0.37,D,0.00,12.00,12.00,12.00,12.00, ,0.00,,15.20,12.30,0,0.00,45.5,1,0,0.00,0.00,0.00,12.00,0.00,0.00,0,0,0.00,0
2026-05-02 19:33:32,1526.53,0,0,0,0,0,0,0,0.00,0,0.00,5.27,3.73,0.00,0.00,D,0.00,12.00,12.00,12.00,12.00, ,0.00,,13.60,12.30,0,0.43,45.0,1,0,0.00,0.00,0.00,12.00,0.00,0.00,0,0,0.00,0
2026-05-02 19:33:33,1527.54,0,0,0,0,0,0,0,0.00,0,0.00,5.27,3.73,0.00,0.00,D,0.00,12.00,12.00,12.00,12.00, ,0.00,,13.20,12.30,0,1.44,45.5,1,0,0.00,0.00,0.00,12.00,0.00,0.00,0,0,0.00,0
2026-05-02 19:33:34,1528.55,0,0,0,0,0,0,0,0.00,0,0.00,5.27,3.72,0.00,0.00,D,0.00,12.00,12.00,12.00,12.00, ,0.00,,13.90,12.40,0,0.01,44.4,1,0,0.00,0.00,0.00,12.00,0.00,0.00,0,0,0.00,0
2026-05-02 19:33:35,1529.56,0,0,0,0,0,0,0,0.00,0,0.00,5.27,3.72,0.00,0.00,D,0.00,12.00,12.00,12.00,12.00, ,0.00,,13.40,12.40,0,0.02,45.5,1,0,0.00,0.00,0.00,12.00,0.00,0.00,0,0,0.00,0
2026-05-02 19:33:36,1530.58,0,0,0,0,0,0,0,0.00,0,0.00,5.27,3.72,0.00,0.00,D,0.00,12.00,12.00,12.00,12.00, ,0.00,,13.20,12.50,0,0.01,45.0,1,0,0.00,0.00,0.00,12.00,0.00,0.00,0,0,0.00,0
2026-05-02 19:33:37,1531.58,0,0,0,0,0,0,0,0.00,0,0.00,5.27,3.72,0.32,0.00,D,0.00,12.00,12.00,12.00,12.00, ,0.00,,14.40,12.40,0,0.05,45.5,1,0,0.00,0.00,0.00,12.00,0.00,0.00,0,0,0.00,0
2026-05-02 19:33:38,1532.59,0,0,0,0,0,0,0,0.00,0,0.00,5.27,3.71,0.00,0.00,D,0.00,12.00,12.00,12.00,12.00, ,0.00,,12.70,12.60,0,0.06,45.0,1,0,0.00,0.00,0.00,12.00,0.00,0.00,0,0,0.00,0
2026-05-02 19:33:39,1533.60,0,0,0,0,0,0,0,0.00,0,0.00,5.27,3.71,0.00,0.00,D,0.00,12.00,12.00,12.00,12.00, ,0.00,,13.40,12.50,0,0.19,43.9,1,0,0.00,0.00,0.00,12.00,0.00,0.00,0,0,0.00,0
2026-05-02 19:33:40,1534.62,0,0,0,0,0,0,0,0.00,0,0.00,5.27,3.71,0.00,0.00,D,0.00,12.00,12.00,12.00,12.00, ,0.00,,13.60,12.50,0,0.36,43.9,1,0,0.00,0.00,0.00,12.00,0.00,0.00,0,0,0.00,0
2026-05-02 19:33:41,1535.63,0,0,0,0,0,0,0,0.00,0,0.00,5.27,3.71,0.00,0.00,D,0.00,12.00,12.00,12.00,12.00, ,0.00,,11.60,12.60,0,0.01,45.0,1,0,0.00,0.00,0.00,12.00,0.00,0.00,0,0,0.00,0
2026-05-02 19:33:42,1536.64,0,0,0,0,0,0,0,0.00,0,0.00,5.27,3.70,0.00,0.00,D,0.00,12.00,12.00,12.00,12.00, ,0.00,,11.10,12.50,0,0.21,45.5,1,0,0.00,0.00,0.00,12.00,0.00,0.00,0,0,0.00,0
2026-05-02 19:33:43,1537.66,0,0,0,0,0,0,0,0.00,0,0.00,5.27,3.70,0.00,0.00,D,0.00,12.00,12.00,12.00,12.00, ,0.00,,12.20,12.50,0,1.23,46.1,1,0,0.00,0.00,0.00,12.00,0.00,0.00,0,0,0.00,0
2026-05-02 19:33:44,1538.67,0,0,0,0,0,0,0,0.00,0,0.00,5.27,3.70,0.00,0.00,D,0.00,12.00,12.00,12.00,12.00, ,0.00,,10.70,12.50,0,2.24,45.0,1,0,0.00,0.00,0.00,12.00,0.00,0.00,0,0,0.00,0
2026-05-02 19:33:45,1539.78,1,0,0,0,0,0,0,0.25,0,1.00,5.27,3.70,0.00,0.23,D,0.00,12.00,12.00,12.00,12.00, ,15.13,,11.30,12.60,0,3.35,45.5,1,0,0.00,0.00,0.00,12.00,0.25,1.00,0,0,0.00,0
2026-05-02 19:33:46,1540.68,1,0,0,0,0,0,0,0.24,0,1.00,5.27,3.69,0.74,0.73,D,0.00,12.00,12.00,12.00,12.00, ,14.65,,14.70,12.50,0,0.00,45.5,1,0,0.00,0.00,0.00,12.00,0.24,1.00,0,0,0.00,0
2026-05-02 19:33:47,1541.69,1,0,0,0,0,0,0,0.20,0,1.00,5.27,3.69,3.70,1.00,D,0.00,12.00,12.00,12.00,12.00, ,11.93,,15.00,13.00,0,0.00,44.4,1,0,0.00,0.00,0.00,12.00,0.20,1.00,0,0,0.00,0
2026-05-02 19:33:48,1542.70,1,0,0,0,0,0,0,0.12,0,1.00,5.27,3.69,3.90,1.00,D,0.00,12.00,12.00,12.00,12.00, ,7.47,,14.30,13.30,0,0.00,44.4,1,0,0.00,0.00,0.00,12.00,0.12,1.00,0,0,0.00,0
2026-05-02 19:33:49,1543.81,1,0,0,0,0,0,0,0.15,0,1.00,5.27,3.69,3.46,1.00,D,0.00,12.00,12.00,12.00,12.00, ,9.14,,15.90,13.70,0,0.00,45.0,1,0,0.00,0.00,0.00,12.00,0.15,1.00,0,0,0.00,0
2026-05-02 19:33:50,1544.72,1,0,0,0,0,0,0,-0.09,0,1.00,5.27,3.69,4.05,1.00,D,0.00,12.00,12.00,12.00,12.00, ,-5.23,,15.20,13.30,0,0.00,45.0,1,0,0.00,0.00,0.00,12.00,-0.09,1.00,0,0,0.00,0
2026-05-02 19:33:51,1545.73,1,0,0,0,0,0,0,0.13,0,1.00,5.27,3.69,4.03,1.00,D,0.00,12.00,12.00,12.00,12.00, ,7.66,,15.60,13.40,0,0.00,45.0,1,0,0.00,0.00,0.00,12.00,0.13,1.00,0,0,0.00,0
2026-05-02 19:33:52,1546.74,1,0,0,0,0,0,0,0.16,0,1.00,5.27,3.69,4.06,1.00,D,0.00,12.00,12.00,12.00,12.00, ,9.58,,16.00,13.20,0,0.00,44.4,1,0,0.00,0.00,0.00,12.00,0.16,1.00,0,0,0.00,0
2026-05-02 19:33:53,1547.76,1,0,0,0,0,0,0,0.08,0,1.00,5.27,3.69,3.98,1.00,D,0.00,12.00,12.00,12.00,12.00, ,4.74,,15.10,13.00,0,0.00,43.9,1,0,0.00,0.00,0.00,12.00,0.08,1.00,0,0,0.00,0
2026-05-02 19:33:54,1548.77,1,0,0,0,0,0,0,0.12,0,1.00,5.27,3.69,3.94,1.00,D,0.00,12.00,12.00,12.00,12.00, ,7.12,,16.20,12.90,0,0.00,46.6,1,0,0.00,0.00,0.00,12.00,0.12,1.00,0,0,0.00,0
2026-05-02 19:33:55,1549.78,1,0,0,0,0,0,0,-0.17,0,1.00,5.27,3.70,4.05,1.00,D,0.00,12.00,12.00,12.00,12.00, ,-10.20,,16.60,12.90,0,0.00,45.5,1,0,0.00,0.00,0.00,12.00,-0.17,1.00,0,0,0.00,0
2026-05-02 19:33:56,1550.79,1,0,0,0,0,0,0,0.00,0,1.00,5.27,3.70,4.15,1.00,D,0.00,12.00,12.00,12.00,12.00, ,0.26,,15.30,12.80,0,0.00,45.0,1,0,0.00,0.00,0.00,12.00,0.00,1.00,0,0,0.00,0
2026-05-02 19:33:57,1551.81,1,0,0,0,0,0,0,0.04,0,1.00,5.27,3.70,4.02,1.00,D,0.00,12.00,12.00,12.00,12.00, ,2.59,,16.00,12.90,0,0.00,46.1,1,0,0.00,0.00,0.00,12.00,0.04,1.00,0,0,0.00,0
2026-05-02 19:33:58,1552.82,1,0,0,0,0,0,0,0.14,0,1.00,5.27,3.70,4.11,1.00,D,0.00,12.00,12.00,12.00,12.00, ,8.15,,16.50,13.10,0,0.00,46.1,1,0,0.00,0.00,0.00,12.00,0.14,1.00,0,0,0.00,0
2026-05-02 19:33:59,1553.93,1,0,0,0,0,0,0,-0.09,0,1.00,5.27,3.70,4.08,1.00,D,0.00,12.00,12.00,12.00,12.00, ,-5.32,,16.00,13.50,0,0.00,46.6,1,0,0.00,0.00,0.00,12.00,-0.09,1.00,0,0,0.00,0
2026-05-02 19:34:00,1554.84,1,0,0,0,0,0,0,0.08,0,1.00,5.27,3.70,4.09,1.00,D,0.00,12.00,12.00,12.00,12.00, ,4.74,,15.20,13.50,0,0.00,43.3,1,0,0.00,0.00,0.00,12.00,0.08,1.00,0,0,0.00,0
2026-05-02 19:34:01,1555.85,1,0,0,0,0,0,0,0.19,0,1.00,5.27,3.70,4.08,1.00,D,0.00,12.00,12.00,12.00,12.00, ,11.33,,16.20,13.60,0,0.00,43.9,1,0,0.00,0.00,0.00,12.00,0.19,1.00,0,0,0.00,0
2026-05-02 19:34:02,1556.86,1,0,0,0,0,0,0,0.16,0,1.00,5.27,3.70,3.98,1.00,D,0.00,12.00,12.00,12.00,12.00, ,9.87,,16.10,13.50,0,0.00,44.4,1,0,0.00,0.00,0.00,12.00,0.16,1.00,0,0,0.00,0
2026-05-02 19:34:03,1557.97,1,0,0,0,0,0,0,0.02,0,1.00,5.27,3.70,4.12,1.00,D,0.00,12.00,12.00,12.00,12.00, ,1.26,,15.60,13.30,0,0.00,45.5,1,0,0.00,0.00,0.00,12.00,0.02,1.00,0,0,0.00,0
2026-05-02 19:34:04,1558.88,1,0,0,0,0,0,0,0.19,0,1.00,5.27,3.70,4.07,1.00,D,0.00,12.00,12.00,12.00,12.00, ,11.21,,15.90,13.10,0,0.00,43.9,1,0,0.00,0.00,0.00,12.00,0.19,1.00,0,0,0.00,0
2026-05-02 19:34:05,1559.99,1,0,0,0,0,0,0,-0.02,0,1.00,5.27,3.70,4.04,1.00,D,0.00,12.00,12.00,12.00,12.00, ,-1.09,,15.00,13.10,0,0.00,44.4,1,0,0.00,0.00,0.00,12.00,-0.02,1.00,0,0,0.00,0
2026-05-02 19:34:06,1560.89,1,0,0,0,0,0,0,0.17,0,1.00,5.27,3.70,4.02,1.00,D,0.00,12.00,12.00,12.00,12.00, ,10.39,,15.30,13.00,0,0.00,45.0,1,0,0.00,0.00,0.00,12.00,0.17,1.00,0,0,0.00,0
2026-05-02 19:34:07,1561.91,1,0,0,0,0,0,0,0.33,0,1.00,5.27,3.70,3.97,1.00,D,0.00,12.00,12.00,12.00,12.00, ,19.57,,16.30,12.70,0,0.00,44.4,1,0,0.00,0.00,0.00,12.00,0.33,1.00,0,0,0.00,0
2026-05-02 19:34:08,1562.90,1,0,0,0,0,0,0,-0.20,0,1.00,5.27,3.70,4.08,1.00,D,0.00,12.00,12.00,12.00,12.00, ,-11.94,,15.40,12.70,0,0.00,46.1,1,0,0.00,0.00,0.00,12.00,-0.20,1.00,0,0,0.00,0
2026-05-02 19:34:09,1563.91,1,0,0,0,0,0,0,0.21,0,1.00,5.27,3.70,4.13,1.00,D,0.00,12.00,12.00,12.00,12.00, ,12.40,,15.80,12.60,0,0.00,44.4,1,0,0.00,0.00,0.00,12.00,0.21,1.00,0,0,0.00,0
2026-05-02 19:34:10,1564.93,1,0,0,0,0,0,0,0.31,0,1.00,5.27,3.70,3.90,1.00,D,0.00,12.00,12.00,12.00,12.00, ,18.89,,16.30,12.60,0,0.00,45.5,1,0,0.00,0.00,0.00,12.00,0.31,1.00,0,0,0.00,0
2026-05-02 19:34:11,1565.93,1,0,0,0,0,0,0,0.34,0,1.00,5.27,3.70,3.83,1.00,D,0.00,12.00,12.00,12.00,12.00, ,20.40,,15.50,12.60,0,0.00,45.0,1,0,0.00,0.00,0.00,12.00,0.34,1.00,0,0,0.00,0
2026-05-02 19:34:12,1566.94,1,0,0,0,0,0,0,0.30,0,1.00,5.27,3.70,3.72,1.00,D,0.00,12.00,12.00,12.00,12.00, ,17.89,,15.30,12.50,0,0.00,44.4,1,0,0.00,0.00,0.00,12.00,0.30,1.00,0,0,0.00,0
2026-05-02 19:34:13,1568.06,1,0,0,0,0,0,0,0.17,0,1.00,5.27,3.70,3.88,1.00,D,0.00,12.00,12.00,12.00,12.00, ,10.09,,15.70,12.50,0,0.00,44.4,1,0,0.00,0.00,0.00,12.00,0.17,1.00,0,0,0.00,0
2026-05-02 19:34:14,1568.96,1,0,0,0,0,0,0,-0.07,0,1.00,5.27,3.70,4.09,1.00,D,0.00,12.00,12.00,12.00,12.00, ,-4.35,,15.20,12.50,0,0.00,45.0,1,0,0.00,0.00,0.00,12.00,-0.07,1.00,0,0,0.00,0
2026-05-02 19:34:15,1570.07,1,0,0,0,0,0,0,0.14,0,1.00,5.27,3.70,4.13,1.00,D,0.00,12.00,12.00,12.00,12.00, ,8.68,,15.30,12.50,0,0.00,45.5,1,0,0.00,0.00,0.00,12.00,0.14,1.00,0,0,0.00,0
2026-05-02 19:34:16,1570.98,1,0,0,0,0,0,0,-0.03,0,1.00,5.27,3.70,4.05,1.00,D,0.00,12.00,12.00,12.00,12.00, ,-1.67,,14.90,12.50,0,0.00,45.5,1,0,0.00,0.00,0.00,12.00,-0.03,1.00,0,0,0.00,0
2026-05-02 19:34:17,1571.99,1,0,0,0,0,0,0,0.13,0,1.00,5.27,3.70,4.05,1.00,D,0.00,12.00,12.00,12.00,12.00, ,7.77,,14.70,12.50,0,0.00,45.5,1,0,0.00,0.00,0.00,12.00,0.13,1.00,0,0,0.00,0
2026-05-02 19:34:18,1573.00,1,0,0,0,0,0,0,0.19,0,1.00,5.27,3.70,4.04,1.00,D,0.00,12.00,12.00,12.00,12.00, ,11.20,,16.10,12.40,0,0.00,44.4,1,0,0.00,0.00,0.00,12.00,0.19,1.00,0,0,0.00,0
2026-05-02 19:34:19,1574.02,1,0,0,0,0,0,0,-0.02,0,1.00,5.27,3.70,4.08,1.00,D,0.00,12.00,12.00,12.00,12.00, ,-0.99,,16.40,12.40,0,0.00,44.4,1,0,0.00,0.00,0.00,12.00,-0.02,1.00,0,0,0.00,0
2026-05-02 19:34:20,1575.03,1,0,0,0,0,0,0,0.13,0,1.00,5.27,3.70,4.02,1.00,D,0.00,12.00,12.00,12.00,12.00, ,7.65,,14.40,12.50,0,0.00,46.1,1,0,0.00,0.00,0.00,12.00,0.13,1.00,0,0,0.00,0
2026-05-02 19:34:21,1576.04,1,0,0,0,0,0,0,0.20,0,1.00,5.27,3.70,4.06,1.00,D,0.00,12.00,12.00,12.00,12.00, ,12.00,,13.60,12.40,0,0.00,46.1,1,0,0.00,0.00,0.00,12.00,0.20,1.00,0,0,0.00,0
2026-05-02 19:34:22,1577.05,1,0,0,0,0,0,0,-0.04,0,1.00,5.27,3.70,4.06,1.00,D,0.00,12.00,12.00,12.00,12.00, ,-2.59,,13.90,12.40,0,0.00,46.1,1,0,0.00,0.00,0.00,12.00,-0.04,1.00,0,0,0.00,0
2026-05-02 19:34:23,1578.06,1,0,0,0,0,0,0,0.10,0,1.00,5.27,3.70,4.09,1.00,D,0.00,12.00,12.00,12.00,12.00, ,5.98,,12.20,12.40,0,0.00,46.1,1,0,0.00,0.00,0.00,12.00,0.10,1.00,0,0,0.00,0
2026-05-02 19:34:24,1579.07,1,0,0,0,0,0,0,0.16,0,1.00,5.27,3.70,4.04,1.00,D,0.00,12.00,12.00,12.00,12.00, ,9.49,,14.20,12.40,0,0.00,46.1,1,0,0.00,0.00,0.00,12.00,0.16,1.00,0,0,0.00,0
2026-05-02 19:34:25,1580.08,1,0,0,0,0,0,0,-0.02,0,1.00,5.27,3.70,4.01,1.00,D,0.00,12.00,12.00,12.00,12.00, ,-1.39,,14.80,12.40,0,0.00,45.5,1,0,0.00,0.00,0.00,12.00,-0.02,1.00,0,0,0.00,0
2026-05-02 19:34:26,1581.09,1,0,0,0,0,0,0,0.17,0,1.00,5.27,3.70,4.02,1.00,D,0.00,12.00,12.00,12.00,12.00, ,10.29,,13.30,12.40,0,0.00,47.7,1,0,0.00,0.00,0.00,12.00,0.17,1.00,0,0,0.00,0
2026-05-02 19:34:27,1582.10,1,0,0,0,0,0,0,0.03,0,1.00,5.27,3.70,4.08,1.00,D,0.00,12.00,12.00,12.00,12.00, ,1.88,,15.10,12.40,0,0.00,46.6,1,0,0.00,0.00,0.00,12.00,0.03,1.00,0,0,0.00,0
2026-05-02 19:34:28,1583.11,1,0,0,0,0,0,0,0.15,0,1.00,5.27,3.70,4.05,1.00,D,0.00,12.00,12.00,12.00,12.00, ,8.75,,13.70,12.40,0,0.00,46.6,1,0,0.00,0.00,0.00,12.00,0.15,1.00,0,0,0.00,0
2026-05-02 19:34:29,1584.22,1,0,0,0,0,0,0,-0.01,0,1.00,5.27,3.70,4.10,1.00,D,0.00,12.00,12.00,12.00,12.00, ,-0.46,,13.60,12.40,0,0.00,47.7,1,0,0.00,0.00,0.00,12.00,-0.01,1.00,0,0,0.00,0
2026-05-02 19:34:30,1585.13,1,0,0,0,0,0,0,0.40,0,1.00,5.27,3.70,4.08,1.00,D,0.00,12.00,12.00,12.00,12.00, ,23.70,,14.30,12.40,0,0.00,46.6,1,0,0.00,0.00,0.00,12.00,0.40,1.00,0,0,0.00,0
2026-05-02 19:34:31,1586.14,1,0,0,0,0,0,0,0.07,0,1.00,5.27,3.70,3.84,1.00,D,0.00,12.00,12.00,12.00,12.00, ,4.17,,15.90,12.40,0,0.00,45.5,1,0,0.00,0.00,0.00,12.00,0.07,1.00,0,0,0.00,0
2026-05-02 19:34:32,1587.14,1,0,0,0,0,0,0,-0.05,0,1.00,5.27,3.70,4.08,1.00,D,0.00,12.00,12.00,12.00,12.00, ,-2.84,,15.50,12.40,0,0.00,45.0,1,0,0.00,0.00,0.00,12.00,-0.05,1.00,0,0,0.00,0
2026-05-02 19:34:33,1588.25,1,0,0,0,0,0,0,0.07,0,1.00,5.27,3.70,4.04,1.00,D,0.00,12.00,12.00,12.00,12.00, ,4.41,,16.10,12.40,0,0.00,46.1,1,0,0.00,0.00,0.00,12.00,0.07,1.00,0,0,0.00,0
2026-05-02 19:34:34,1589.16,1,0,0,0,0,0,0,-0.08,0,1.00,5.27,3.70,4.03,1.00,D,0.00,12.00,12.00,12.00,12.00, ,-4.52,,15.10,12.40,0,0.00,45.0,1,0,0.00,0.00,0.00,12.00,-0.08,1.00,0,0,0.00,0
2026-05-02 19:34:35,1590.17,1,0,0,0,0,0,0,0.10,0,1.00,5.27,3.70,4.04,1.00,D,0.00,12.00,12.00,12.00,12.00, ,5.97,,16.00,12.40,0,0.00,46.1,1,0,0.00,0.00,0.00,12.00,0.10,1.00,0,0,0.00,0
2026-05-02 19:34:36,1591.19,1,0,0,0,0,0,0,0.26,0,1.00,5.27,3.70,4.20,1.00,D,0.00,12.00,12.00,12.00,12.00, ,15.50,,15.10,12.30,0,0.00,45.0,1,0,0.00,0.00,0.00,12.00,0.26,1.00,0,0,0.00,0
2026-05-02 19:34:37,1592.20,1,0,0,0,0,0,0,-0.03,0,1.00,5.27,3.70,3.90,1.00,D,0.00,12.00,12.00,12.00,12.00, ,-1.54,,15.10,12.30,0,0.00,45.5,1,0,0.00,0.00,0.00,12.00,-0.03,1.00,0,0,0.00,0
2026-05-02 19:34:38,1593.21,1,0,0,0,0,0,0,0.05,0,1.00,5.27,3.70,4.08,1.00,D,0.00,12.00,12.00,12.00,12.00, ,2.93,,14.40,12.40,0,0.00,45.5,1,0,0.00,0.00,0.00,12.00,0.05,1.00,0,0,0.00,0
2026-05-02 19:34:39,1594.22,1,0,0,0,0,0,0,0.14,0,1.00,5.27,3.70,4.03,1.00,D,0.00,12.00,12.00,12.00,12.00, ,8.30,,16.70,12.40,0,0.00,45.5,1,0,0.00,0.00,0.00,12.00,0.14,1.00,0,0,0.00,0
2026-05-02 19:34:40,1595.23,1,0,0,0,0,0,0,0.09,0,1.00,5.27,3.71,4.04,1.00,D,0.00,12.00,12.00,12.00,12.00, ,5.52,,14.50,12.40,0,0.00,45.0,1,0,0.00,0.00,0.00,12.00,0.09,1.00,0,0,0.00,0
2026-05-02 19:34:41,1596.24,1,0,0,0,0,0,0,0.11,0,1.00,5.27,3.71,3.97,1.00,D,0.00,12.00,12.00,12.00,12.00, ,6.34,,14.70,12.40,0,0.00,45.5,1,0,0.00,0.00,0.00,12.00,0.11,1.00,0,0,0.00,0
2026-05-02 19:34:42,1597.25,1,0,0,0,0,0,0,0.09,0,1.00,5.27,3.71,4.09,1.00,D,0.00,12.00,12.00,12.00,12.00, ,5.61,,15.80,12.30,0,0.00,45.5,1,0,0.00,0.00,0.00,12.00,0.09,1.00,0,0,0.00,0
2026-05-02 19:34:44,1598.36,1,0,0,0,0,0,0,0.01,0,1.00,5.27,3.71,4.04,1.00,D,0.00,12.00,12.00,12.00,12.00, ,0.67,,14.60,12.30,0,0.00,45.5,1,0,0.00,0.00,0.00,12.00,0.01,1.00,0,0,0.00,0
2026-05-02 19:34:44,1599.26,1,0,0,0,0,0,0,0.09,0,1.00,5.27,3.71,4.09,1.00,D,0.00,12.00,12.00,12.00,12.00, ,5.60,,15.20,12.30,0,0.00,45.0,1,0,0.00,0.00,0.00,12.00,0.09,1.00,0,0,0.00,0
2026-05-02 19:34:46,1600.27,1,0,0,0,0,0,0,0.19,0,1.00,5.27,3.71,4.13,1.00,D,0.00,12.00,12.00,12.00,12.00, ,11.49,,16.10,12.30,0,0.00,45.0,1,0,0.00,0.00,0.00,12.00,0.19,1.00,0,0,0.00,0
2026-05-02 19:34:47,1601.29,1,0,0,0,0,0,0,0.02,0,1.00,5.27,3.71,4.02,1.00,D,0.00,12.00,12.00,12.00,12.00, ,1.22,,15.30,12.30,0,0.00,44.4,1,0,0.00,0.00,0.00,12.00,0.02,1.00,0,0,0.00,0
2026-05-02 19:34:48,1602.30,1,0,0,0,0,0,0,0.15,0,1.00,5.27,3.71,4.13,1.00,D,0.00,12.00,12.00,12.00,12.00, ,8.88,,15.40,12.30,0,0.00,45.5,1,0,0.00,0.00,0.00,12.00,0.15,1.00,0,0,0.00,0
2026-05-02 19:34:49,1603.31,1,0,0,0,0,0,0,0.12,0,1.00,5.27,3.71,4.19,1.00,D,0.00,12.00,12.00,12.00,12.00, ,7.12,,15.60,12.30,0,0.00,45.0,1,0,0.00,0.00,0.00,12.00,0.12,1.00,0,0,0.00,0
2026-05-02 19:34:50,1604.42,1,0,0,0,0,0,0,-0.00,0,1.00,5.27,3.71,4.01,1.00,D,0.00,12.00,12.00,12.00,12.00, ,-0.07,,17.10,12.40,0,0.00,46.1,1,0,0.00,0.00,0.00,12.00,-0.00,1.00,0,0,0.00,0
2026-05-02 19:34:51,1605.33,1,0,0,0,0,0,0,0.08,0,1.00,5.27,3.71,3.99,1.00,D,0.00,12.00,12.00,12.00,12.00, ,4.90,,13.60,12.40,0,0.00,46.1,1,0,0.00,0.00,0.00,12.00,0.08,1.00,0,0,0.00,0
2026-05-02 19:34:52,1606.34,1,0,0,0,0,0,0,0.13,0,1.00,5.27,3.71,4.13,1.00,D,0.00,12.00,12.00,12.00,12.00, ,7.68,,14.60,12.40,0,0.00,45.0,1,0,0.00,0.00,0.00,12.00,0.13,1.00,0,0,0.00,0
2026-05-02 19:34:53,1607.36,1,0,0,0,0,0,0,0.11,0,1.00,5.27,3.71,4.16,1.00,D,0.00,12.00,12.00,12.00,12.00, ,6.48,,11.90,12.40,0,0.00,46.6,1,0,0.00,0.00,0.00,12.00,0.11,1.00,0,0,0.00,0
2026-05-02 19:34:54,1608.37,1,0,0,0,0,0,0,0.15,0,1.00,5.27,3.71,4.09,1.00,D,0.00,12.00,12.00,12.00,12.00, ,9.18,,12.30,12.40,0,0.00,45.5,1,0,0.00,0.00,0.00,12.00,0.15,1.00,0,0,0.00,0
2026-05-02 19:34:55,1609.39,1,0,0,0,0,0,0,0.11,0,1.00,5.27,3.71,4.10,1.00,D,0.00,12.00,12.00,12.00,12.00, ,6.78,,14.10,12.40,0,0.00,46.1,1,0,0.00,0.00,0.00,12.00,0.11,1.00,0,0,0.00,0
2026-05-02 19:34:56,1610.40,1,0,0,0,0,0,0,0.02,0,1.00,5.27,3.71,4.14,1.00,D,0.00,12.00,12.00,12.00,12.00, ,1.32,,14.90,12.40,0,0.00,45.5,1,0,0.00,0.00,0.00,12.00,0.02,1.00,0,0,0.00,0
2026-05-02 19:34:57,1611.41,1,0,0,0,0,0,0,0.07,0,1.00,5.27,3.71,4.10,1.00,D,0.00,12.00,12.00,12.00,12.00, ,3.92,,15.60,12.40,0,0.00,43.9,1,0,0.00,0.00,0.00,12.00,0.07,1.00,0,0,0.00,0
2026-05-02 19:34:58,1612.42,1,0,0,0,0,0,0,0.12,0,1.00,5.27,3.71,4.04,1.00,D,0.00,12.00,12.00,12.00,12.00, ,7.01,,15.40,12.30,0,0.00,45.0,1,0,0.00,0.00,0.00,12.00,0.12,1.00,0,0,0.00,0
2026-05-02 19:34:59,1613.43,1,0,0,0,0,0,0,-0.05,0,1.00,5.27,3.71,3.76,1.00,D,0.00,12.00,12.00,12.00,12.00, ,-3.25,,15.90,12.40,0,0.00,44.4,1,0,0.00,0.00,0.00,12.00,-0.05,1.00,0,0,0.00,0
2026-05-02 19:35:00,1614.44,1,0,0,0,0,0,0,-0.07,0,1.00,5.27,3.71,4.09,1.00,D,0.00,12.00,12.00,12.00,12.00, ,-4.40,,17.00,12.40,0,0.00,46.1,1,0,0.00,0.00,0.00,12.00,-0.07,1.00,0,0,0.00,0
2026-05-02 19:35:01,1615.46,1,0,0,0,0,0,0,0.12,0,1.00,5.27,3.71,4.19,1.00,D,0.00,12.00,12.00,12.00,12.00, ,7.12,,16.80,12.30,0,0.00,46.1,1,0,0.00,0.00,0.00,12.00,0.12,1.00,0,0,0.00,0
2026-05-02 19:35:02,1616.46,1,0,0,0,0,0,0,-0.00,0,1.00,5.27,3.71,4.09,1.00,D,0.00,12.00,12.00,12.00,12.00, ,-0.22,,15.30,12.30,0,0.00,43.9,1,0,0.00,0.00,0.00,12.00,-0.00,1.00,0,0,0.00,0
2026-05-02 19:35:03,1617.47,1,0,0,0,0,0,0,0.11,0,1.00,5.27,3.71,4.08,1.00,D,0.00,12.00,12.00,12.00,12.00, ,6.77,,15.60,12.30,0,0.00,44.4,1,0,0.00,0.00,0.00,12.00,0.11,1.00,0,0,0.00,0
2026-05-02 19:35:04,1618.48,1,0,0,0,0,0,0,0.13,0,1.00,5.27,3.71,4.06,1.00,D,0.00,12.00,12.00,12.00,12.00, ,7.80,,16.50,12.30,0,0.00,45.0,1,0,0.00,0.00,0.00,12.00,0.13,1.00,0,0,0.00,0
2026-05-02 19:35:05,1619.49,1,0,0,0,0,0,0,0.03,0,1.00,5.27,3.71,3.99,1.00,D,0.00,12.00,12.00,12.00,12.00, ,1.70,,14.90,12.30,0,0.00,43.9,1,0,0.00,0.00,0.00,12.00,0.03,1.00,0,0,0.00,0
2026-05-02 19:35:06,1620.51,1,0,0,0,0,0,0,0.39,0,1.00,5.27,3.71,4.15,1.00,D,0.00,12.00,12.00,12.00,12.00, ,23.17,,15.80,12.30,0,0.00,46.1,1,0,0.00,0.00,0.00,12.00,0.39,1.00,0,0,0.00,0
2026-05-02 19:35:07,1621.52,1,0,0,0,0,0,0,-0.19,0,1.00,5.27,3.71,4.15,1.00,D,0.00,12.00,12.00,12.00,12.00, ,-11.56,,15.30,12.30,0,0.00,45.5,1,0,0.00,0.00,0.00,12.00,-0.19,1.00,0,0,0.00,0
2026-05-02 19:35:08,1622.63,1,0,0,0,0,0,0,0.32,0,1.00,5.27,3.71,4.14,1.00,D,0.00,12.00,12.00,12.00,12.00, ,19.07,,15.30,12.30,0,0.00,43.9,1,0,0.00,0.00,0.00,12.00,0.32,1.00,0,0,0.00,0
2026-05-02 19:35:09,1623.53,1,0,0,0,0,0,0,0.31,0,1.00,5.27,3.71,3.94,1.00,D,0.00,12.00,12.00,12.00,12.00, ,18.32,,16.00,12.30,0,0.00,45.5,1,0,0.00,0.00,0.00,12.00,0.31,1.00,0,0,0.00,0
2026-05-02 19:35:10,1624.65,1,0,0,0,0,0,0,0.00,0,1.00,5.27,3.71,3.94,1.00,D,0.00,12.00,12.00,12.00,12.00, ,0.13,,15.70,12.30,0,0.00,45.0,1,0,0.00,0.00,0.00,12.00,0.00,1.00,0,0,0.00,0
2026-05-02 19:35:11,1625.55,1,0,0,0,0,0,0,0.29,0,1.00,5.27,3.71,4.06,1.00,D,0.00,12.00,12.00,12.00,12.00, ,17.41,,14.70,12.30,0,0.00,45.0,1,0,0.00,0.00,0.00,12.00,0.29,1.00,0,0,0.00,0
2026-05-02 19:35:12,1626.66,1,0,0,0,0,0,0,0.28,0,1.00,5.27,3.71,3.86,1.00,D,0.00,12.00,12.00,12.00,12.00, ,17.06,,15.30,12.30,0,0.00,44.4,1,0,0.00,0.00,0.00,12.00,0.28,1.00,0,0,0.00,0
2026-05-02 19:35:13,1627.57,1,0,0,0,0,0,0,0.26,0,1.00,5.27,3.71,3.83,1.00,D,0.00,12.00,12.00,12.00,12.00, ,15.54,,16.90,12.30,0,0.00,45.0,1,0,0.00,0.00,0.00,12.00,0.26,1.00,0,0,0.00,0
2026-05-02 19:35:14,1628.58,1,0,0,0,0,0,0,-0.09,0,1.00,5.27,3.71,3.84,1.00,D,0.00,12.00,12.00,12.00,12.00, ,-5.29,,15.10,12.30,0,0.00,43.9,1,0,0.00,0.00,0.00,12.00,-0.09,1.00,0,0,0.00,0
2026-05-02 19:35:15,1629.59,1,0,0,0,0,0,0,-0.22,0,1.00,5.27,3.71,4.06,1.00,D,0.00,12.00,12.00,12.00,12.00, ,-13.30,,15.30,12.30,0,0.00,45.0,1,0,0.00,0.00,0.00,12.00,-0.22,1.00,0,0,0.00,0
2026-05-02 19:35:16,1630.60,1,0,0,0,0,0,0,0.01,0,1.00,5.27,3.71,4.06,1.00,D,0.00,12.00,12.00,12.00,12.00, ,0.43,,16.80,12.30,0,0.00,46.6,1,0,0.00,0.00,0.00,12.00,0.01,1.00,0,0,0.00,0
2026-05-02 19:35:17,1631.62,1,0,0,0,0,0,0,0.19,0,1.00,5.27,3.71,4.08,1.00,D,0.00,12.00,12.00,12.00,12.00, ,11.17,,14.90,12.30,0,0.00,45.0,1,0,0.00,0.00,0.00,12.00,0.19,1.00,0,0,0.00,0
2026-05-02 19:35:18,1632.73,1,0,0,0,0,0,0,0.05,0,1.00,5.27,3.71,4.00,1.00,D,0.00,12.00,12.00,12.00,12.00, ,2.74,,16.70,12.30,0,0.00,45.5,1,0,0.00,0.00,0.00,12.00,0.05,1.00,0,0,0.00,0
2026-05-02 19:35:19,1633.63,1,0,0,0,0,0,0,-0.18,0,1.00,5.27,3.71,4.10,1.00,D,0.00,12.00,12.00,12.00,12.00, ,-10.96,,15.80,12.30,0,0.00,45.0,1,0,0.00,0.00,0.00,12.00,-0.18,1.00,0,0,0.00,0
2026-05-02 19:35:20,1634.74,1,0,0,0,0,0,0,0.10,0,1.00,5.27,3.71,4.10,1.00,D,0.00,12.00,12.00,12.00,12.00, ,5.83,,14.20,12.30,0,0.00,43.9,1,0,0.00,0.00,0.00,12.00,0.10,1.00,0,0,0.00,0
2026-05-02 19:35:21,1635.65,1,0,0,0,0,0,0,0.16,0,1.00,5.27,3.71,4.05,1.00,D,0.00,12.00,12.00,12.00,12.00, ,9.80,,16.00,12.30,0,0.00,45.5,1,0,0.00,0.00,0.00,12.00,0.16,1.00,0,0,0.00,0
2026-05-02 19:35:22,1636.66,1,0,0,0,0,0,0,0.12,0,1.00,5.27,3.71,3.98,1.00,D,0.00,12.00,12.00,12.00,12.00, ,7.12,,15.30,12.30,0,0.00,45.0,1,0,0.00,0.00,0.00,12.00,0.12,1.00,0,0,0.00,0
2026-05-02 19:35:23,1637.78,1,0,0,0,0,0,0,0.17,0,1.00,5.27,3.71,3.99,1.00,D,0.00,12.00,12.00,12.00,12.00, ,10.15,,14.70,12.30,0,0.00,43.9,1,0,0.00,0.00,0.00,12.00,0.17,1.00,0,0,0.00,0
2026-05-02 19:35:24,1638.68,1,0,0,0,0,0,0,0.06,0,1.00,5.27,3.71,3.99,1.00,D,0.00,12.00,12.00,12.00,12.00, ,3.59,,16.10,12.30,0,0.00,44.4,1,0,0.00,0.00,0.00,12.00,0.06,1.00,0,0,0.00,0
2026-05-02 19:35:25,1639.69,1,0,0,0,0,0,0,0.04,0,1.00,5.27,3.71,4.03,1.00,D,0.00,12.00,12.00,12.00,12.00, ,2.52,,16.00,12.30,0,0.00,45.0,1,0,0.00,0.00,0.00,12.00,0.04,1.00,0,0,0.00,0
2026-05-02 19:35:26,1640.70,1,0,0,0,0,0,0,0.00,0,1.00,5.27,3.71,4.00,1.00,D,0.00,12.00,12.00,12.00,12.00, ,0.14,,14.50,12.30,0,0.00,45.5,1,0,0.00,0.00,0.00,12.00,0.00,1.00,0,0,0.00,0
2026-05-02 19:35:27,1641.71,1,0,0,0,0,0,0,0.15,0,1.00,5.27,3.71,4.13,1.00,D,0.00,12.00,12.00,12.00,12.00, ,9.15,,16.00,12.30,0,0.00,45.5,1,0,0.00,0.00,0.00,12.00,0.15,1.00,0,0,0.00,0
2026-05-02 19:35:28,1642.73,1,0,0,0,0,0,0,0.21,0,1.00,5.27,3.71,4.03,1.00,D,0.00,12.00,12.00,12.00,12.00, ,12.40,,14.90,12.30,0,0.00,45.0,1,0,0.00,0.00,0.00,12.00,0.21,1.00,0,0,0.00,0
2026-05-02 19:35:29,1643.74,1,0,0,0,0,0,0,0.10,0,1.00,5.27,3.72,4.04,1.00,D,0.00,12.00,12.00,12.00,12.00, ,5.96,,15.20,12.40,0,0.00,43.9,1,0,0.00,0.00,0.00,12.00,0.10,1.00,0,0,0.00,0
2026-05-02 19:35:30,1644.75,1,0,0,0,0,0,0,0.10,0,1.00,5.27,3.72,3.81,1.00,D,0.00,12.00,12.00,12.00,12.00, ,6.13,,15.30,12.30,0,0.00,45.5,1,0,0.00,0.00,0.00,12.00,0.10,1.00,0,0,0.00,0
2026-05-02 19:35:31,1645.77,1,0,0,0,0,0,0,0.12,0,1.00,5.27,3.72,3.84,1.00,D,0.00,12.00,12.00,12.00,12.00, ,6.95,,15.50,12.30,0,0.00,45.5,1,0,0.00,0.00,0.00,12.00,0.12,1.00,0,0,0.00,0
2026-05-02 19:35:32,1646.78,1,0,0,0,0,0,0,0.08,0,1.00,5.27,3.72,3.83,1.00,D,0.00,12.00,12.00,12.00,12.00, ,4.85,,14.70,12.40,0,0.00,45.0,1,0,0.00,0.00,0.00,12.00,0.08,1.00,0,0,0.00,0
2026-05-02 19:35:33,1647.79,1,0,0,0,0,0,0,0.21,0,1.00,5.27,3.72,3.46,1.00,D,0.00,12.00,12.00,12.00,12.00, ,12.73,,15.60,12.40,0,0.00,45.5,1,0,0.00,0.00,0.00,12.00,0.21,1.00,0,0,0.00,0
2026-05-02 19:35:34,1648.80,0,0,0,0,0,0,0,-1.00,0,0.00,5.27,3.71,0.00,0.00,D,0.00,12.00,12.00,12.00,12.00, ,0.00,,15.90,12.40,0,0.00,44.4,1,0,0.00,0.00,0.00,12.00,0.00,0.00,0,0,0.00,0
2026-05-02 19:35:35,1649.81,0,0,0,0,0,0,0,0.00,0,0.00,5.27,3.71,0.00,0.00,D,0.00,12.00,12.00,12.00,12.00, ,0.00,,13.10,12.40,0,0.64,43.9,1,0,0.00,0.00,0.00,12.00,0.00,0.00,0,0,0.00,0
2026-05-02 19:35:36,1650.82,0,0,0,0,0,0,0,0.00,0,0.00,5.27,3.71,0.00,0.00,D,0.00,12.00,12.00,12.00,12.00, ,0.00,,13.80,12.30,0,1.66,45.0,1,0,0.00,0.00,0.00,12.00,0.00,0.00,0,0,0.00,0
2026-05-02 19:35:37,1651.84,0,0,0,0,0,0,0,0.00,0,0.00,5.27,3.71,0.00,0.00,D,0.00,12.00,12.00,12.00,12.00, ,0.00,,12.90,12.30,0,2.67,45.0,1,0,0.00,0.00,0.00,12.00,0.00,0.00,0,0,0.00,0
2026-05-02 19:35:38,1652.95,0,0,0,0,0,0,0,0.00,0,0.00,5.27,3.71,0.00,0.00,D,0.00,12.00,12.00,12.00,12.00, ,0.00,,13.10,12.30,0,3.78,43.9,1,0,0.00,0.00,0.00,12.00,0.00,0.00,0,0,0.00,0
2026-05-02 19:35:39,1653.86,0,0,0,0,0,0,0,0.00,0,0.00,5.27,3.70,0.00,0.00,D,0.00,12.00,12.00,12.00,12.00, ,0.00,,13.50,12.30,0,4.69,43.9,1,0,0.00,0.00,0.00,12.00,0.00,0.00,0,0,0.00,0
2026-05-02 19:35:40,1654.86,0,0,0,0,0,0,0,0.00,0,0.00,5.27,3.70,0.00,0.00,D,0.00,12.00,12.00,12.00,12.00, ,0.00,,12.70,12.30,0,0.14,45.0,1,0,0.00,0.00,0.00,12.00,0.00,0.00,0,0,0.00,0
2026-05-02 19:35:41,1655.88,0,0,0,0,0,0,0,0.00,0,0.00,5.27,3.70,0.00,0.00,D,0.00,12.00,12.00,12.00,12.00, ,0.00,,13.10,12.30,0,1.16,43.9,1,0,0.00,0.00,0.00,12.00,0.00,0.00,0,0,0.00,0
2026-05-02 19:35:42,1656.89,0,0,0,0,0,0,0,0.00,0,0.00,5.27,3.70,0.00,0.00,D,0.00,12.00,12.00,12.00,12.00, ,0.00,,14.00,12.40,0,2.17,45.0,1,0,0.00,0.00,0.00,12.00,0.00,0.00,0,0,0.00,0
2026-05-02 19:35:43,1657.90,0,0,0,0,0,0,0,0.00,0,0.00,5.27,3.69,0.00,0.00,D,0.00,12.00,12.00,12.00,12.00, ,0.00,,13.40,12.40,0,3.18,44.4,1,0,0.00,0.00,0.00,12.00,0.00,0.00,0,0,0.00,0
2026-05-02 19:35:44,1659.02,0,0,0,0,0,0,0,0.00,0,0.00,5.27,3.69,0.00,0.00,D,0.00,12.00,12.00,12.00,12.00, ,0.00,,13.20,12.40,0,0.03,44.4,1,0,0.00,0.00,0.00,12.00,0.00,0.00,0,0,0.00,0
2026-05-02 19:35:45,1659.92,0,0,0,0,0,0,0,0.00,0,0.00,5.27,3.69,0.00,0.00,D,0.00,12.00,12.00,12.00,12.00, ,0.00,,13.50,12.40,0,0.89,45.5,1,0,0.00,0.00,0.00,12.00,0.00,0.00,0,0,0.00,0
2026-05-02 19:35:46,1661.03,0,0,0,0,0,0,0,0.00,0,0.00,5.27,3.69,0.00,0.00,D,0.00,12.00,12.00,12.00,12.00, ,0.00,,12.50,12.40,0,2.00,45.0,1,0,0.00,0.00,0.00,12.00,0.00,0.00,0,0,0.00,0
2026-05-02 19:35:47,1661.93,0,0,0,0,0,0,0,0.00,0,0.00,5.27,3.69,0.00,0.00,D,0.00,12.00,12.00,12.00,12.00, ,0.00,,13.30,12.40,0,0.02,44.4,1,0,0.00,0.00,0.00,12.00,0.00,0.00,0,0,0.00,0
2026-05-02 19:35:48,1663.05,0,0,0,0,0,0,0,0.00,0,0.00,5.27,3.68,0.00,0.00,D,0.00,12.00,12.00,12.00,12.00, ,0.00,,13.50,12.40,0,0.04,46.1,1,0,0.00,0.00,0.00,12.00,0.00,0.00,0,0,0.00,0
2026-05-02 19:35:49,1663.96,0,0,0,0,0,0,0,0.00,0,0.00,5.27,3.68,0.00,0.00,D,0.00,12.00,12.00,12.00,12.00, ,0.00,,13.70,12.40,0,0.00,45.0,1,0,0.00,0.00,0.00,12.00,0.00,0.00,0,0,0.00,0
2026-05-02 19:35:50,1664.98,0,0,0,0,0,0,0,0.00,0,0.00,5.27,3.68,0.00,0.00,D,0.00,12.00,12.00,12.00,12.00, ,0.00,,13.10,12.40,0,0.23,42.8,1,0,0.00,0.00,0.00,12.00,0.00,0.00,0,0,0.00,0
2026-05-02 19:35:51,1665.98,0,0,0,0,0,0,0,0.00,0,0.00,5.27,3.68,0.00,0.00,D,0.00,12.00,12.00,12.00,12.00, ,0.00,,13.90,12.40,0,0.35,44.4,1,0,0.00,0.00,0.00,12.00,0.00,0.00,0,0,0.00,0
2026-05-02 19:35:52,1667.00,0,0,0,0,0,0,0,0.00,0,0.00,5.27,3.67,0.00,0.00,D,0.00,12.00,12.00,12.00,12.00, ,0.00,,12.90,12.40,0,0.02,43.9,1,0,0.00,0.00,0.00,12.00,0.00,0.00,0,0,0.00,0
2026-05-02 19:35:53,1668.01,0,0,0,0,0,0,0,0.00,0,0.00,5.27,3.67,0.00,0.00,D,0.00,12.00,12.00,12.00,12.00, ,0.00,,13.60,12.40,0,0.01,43.9,1,0,0.00,0.00,0.00,12.00,0.00,0.00,0,0,0.00,0
2026-05-02 19:35:54,1669.02,0,0,0,0,0,0,0,0.00,0,0.00,5.27,3.67,0.00,0.00,D,0.00,12.00,12.00,12.00,12.00, ,0.00,,14.00,12.40,0,0.28,45.0,1,0,0.00,0.00,0.00,12.00,0.00,0.00,0,0,0.00,0
2026-05-02 19:35:55,1670.03,0,0,0,0,0,0,0,0.00,0,0.00,5.27,3.67,0.00,0.00,D,0.00,12.00,12.00,12.00,12.00, ,0.00,,12.70,12.40,0,0.04,43.3,1,0,0.00,0.00,0.00,12.00,0.00,0.00,0,0,0.00,0
2026-05-02 19:35:56,1671.15,0,0,0,0,0,0,0,0.00,0,0.00,5.27,3.67,0.00,0.00,D,0.00,12.00,12.00,12.00,12.00, ,0.00,,13.60,12.40,0,0.01,45.0,1,0,0.00,0.00,0.00,12.00,0.00,0.00,0,0,0.00,0
2026-05-02 19:35:57,1672.05,0,0,0,0,0,0,0,0.00,0,0.00,5.27,3.66,0.00,0.00,D,0.00,12.00,12.00,12.00,12.00, ,0.00,,13.10,12.40,0,0.38,43.3,1,0,0.00,0.00,0.00,12.00,0.00,0.00,0,0,0.00,0
2026-05-02 19:35:58,1673.16,0,0,0,0,0,0,0,0.00,0,0.00,5.27,3.66,0.00,0.00,D,0.00,12.00,12.00,12.00,12.00, ,0.00,,12.70,12.40,0,1.49,43.9,1,0,0.00,0.00,0.00,12.00,0.00,0.00,0,0,0.00,0
2026-05-02 19:35:59,1674.06,0,0,0,0,0,0,0,0.00,0,0.00,5.27,3.66,0.00,0.00,D,0.00,12.00,12.00,12.00,12.00, ,0.00,,13.30,12.30,0,2.39,44.4,1,0,0.00,0.00,0.00,12.00,0.00,0.00,0,0,0.00,0
2026-05-02 19:36:00,1675.07,0,0,0,0,0,0,0,0.00,0,0.00,5.27,3.66,0.00,0.00,D,0.00,12.00,12.00,12.00,12.00, ,0.00,,13.40,12.30,0,0.64,44.4,1,0,0.00,0.00,0.00,12.00,0.00,0.00,0,0,0.00,0
2026-05-02 19:36:01,1676.09,0,0,0,0,0,0,0,0.00,0,0.00,5.27,3.65,0.00,0.00,D,0.00,12.00,12.00,12.00,12.00, ,0.00,,13.20,12.30,0,0.72,44.4,1,0,0.00,0.00,0.00,12.00,0.00,0.00,0,0,0.00,0
2026-05-02 19:36:02,1677.10,0,0,0,0,0,0,0,0.00,0,0.00,5.27,3.65,0.29,0.00,D,0.00,12.00,12.00,12.00,12.00, ,0.00,,13.10,12.30,0,0.00,44.4,1,0,0.00,0.00,0.00,12.00,0.00,0.00,0,0,0.00,0
2026-05-02 19:36:03,1678.12,0,0,0,0,0,0,0,0.00,0,0.00,5.27,3.65,0.00,0.00,D,0.00,12.00,12.00,12.00,12.00, ,0.00,,14.20,12.30,0,0.17,42.8,1,0,0.00,0.00,0.00,12.00,0.00,0.00,0,0,0.00,0
2026-05-02 19:36:04,1679.23,0,0,0,0,0,0,0,0.00,0,0.00,5.27,3.65,0.00,0.00,D,0.00,12.00,12.00,12.00,12.00, ,0.00,,12.50,12.30,0,0.52,43.9,1,0,0.00,0.00,0.00,12.00,0.00,0.00,0,0,0.00,0
2026-05-02 19:36:05,1680.13,0,0,0,0,0,0,0,0.00,0,0.00,5.27,3.65,0.00,0.00,D,0.00,12.00,12.00,12.00,12.00, ,0.00,,13.30,12.30,0,0.88,43.9,1,0,0.00,0.00,0.00,12.00,0.00,0.00,0,0,0.00,0
2026-05-02 19:36:06,1681.24,0,0,0,0,0,0,0,0.00,0,0.00,5.27,3.64,0.00,0.00,D,0.00,12.00,12.00,12.00,12.00, ,0.00,,13.50,12.30,0,1.99,43.9,1,0,0.00,0.00,0.00,12.00,0.00,0.00,0,0,0.00,0
2026-05-02 19:36:07,1682.14,0,0,0,0,0,0,0,0.00,0,0.00,5.27,3.64,0.00,0.00,D,0.00,12.00,12.00,12.00,12.00, ,0.00,,12.50,12.30,0,0.14,43.9,1,0,0.00,0.00,0.00,12.00,0.00,0.00,0,0,0.00,0
2026-05-02 19:36:08,1683.15,0,0,0,0,0,0,0,0.00,0,0.00,5.27,3.64,0.00,0.00,D,0.00,12.00,12.00,12.00,12.00, ,0.00,,12.90,12.30,0,1.14,43.9,1,0,0.00,0.00,0.00,12.00,0.00,0.00,0,0,0.00,0
2026-05-02 19:36:09,1684.17,0,0,0,0,0,0,0,0.00,0,0.00,5.27,3.64,0.00,0.00,D,0.00,12.00,12.00,12.00,12.00, ,0.00,,12.90,12.30,0,0.28,43.3,1,0,0.00,0.00,0.00,12.00,0.00,0.00,0,0,0.00,0
2026-05-02 19:36:11,1685.28,0,0,0,0,0,0,0,0.00,0,0.00,5.27,3.63,0.00,0.00,D,0.00,12.00,12.00,12.00,12.00, ,0.00,,12.90,12.30,0,0.76,44.4,1,0,0.00,0.00,0.00,12.00,0.00,0.00,0,0,0.00,0
2026-05-02 19:36:11,1686.18,0,0,0,0,0,0,0,0.00,0,0.00,5.27,3.63,0.00,0.00,D,0.00,12.00,12.00,12.00,12.00, ,0.00,,13.20,12.30,0,1.67,43.9,1,0,0.00,0.00,0.00,12.00,0.00,0.00,0,0,0.00,0
2026-05-02 19:36:12,1687.19,0,0,0,0,0,0,0,0.00,0,0.00,5.27,3.63,0.00,0.00,D,0.00,12.00,12.00,12.00,12.00, ,0.00,,13.10,12.30,0,2.68,43.3,1,0,0.00,0.00,0.00,12.00,0.00,0.00,0,0,0.00,0
2026-05-02 19:36:13,1688.20,0,0,0,0,0,0,0,0.00,0,0.00,5.27,3.63,0.00,0.00,D,0.00,12.00,12.00,12.00,12.00, ,0.00,,12.90,12.30,0,3.69,45.0,1,0,0.00,0.00,0.00,12.00,0.00,0.00,0,0,0.00,0
2026-05-02 19:36:14,1689.21,0,0,0,0,0,0,0,0.00,0,0.00,5.27,3.63,0.00,0.00,D,0.00,12.00,12.00,12.00,12.00, ,0.00,,12.90,12.30,0,4.70,44.4,1,0,0.00,0.00,0.00,12.00,0.00,0.00,0,0,0.00,0
2026-05-02 19:36:15,1690.22,0,0,0,0,0,0,0,0.00,0,0.00,5.27,3.62,0.00,0.00,D,0.00,12.00,12.00,12.00,12.00, ,0.00,,13.50,12.30,0,5.71,45.5,1,0,0.00,0.00,0.00,12.00,0.00,0.00,0,0,0.00,0
2026-05-02 19:36:16,1691.23,0,0,0,0,0,0,0,0.00,0,0.00,5.27,3.62,0.00,0.00,D,0.00,12.00,12.00,12.00,12.00, ,0.00,,10.70,12.30,0,6.72,45.5,1,0,0.00,0.00,0.00,12.00,0.00,0.00,0,0,0.00,0
2026-05-02 19:36:17,1692.25,0,0,0,0,0,0,0,0.00,0,0.00,5.27,3.62,0.00,0.00,D,0.00,12.00,12.00,12.00,12.00, ,0.00,,10.90,12.30,0,7.73,45.5,1,0,0.00,0.00,0.00,12.00,0.00,0.00,0,0,0.00,0
2026-05-02 19:36:18,1693.26,0,0,0,0,0,0,0,0.00,0,0.00,5.27,3.62,0.00,0.00,D,0.00,12.00,12.00,12.00,12.00, ,0.00,,11.70,12.30,0,0.24,44.4,1,0,0.00,0.00,0.00,12.00,0.00,0.00,0,0,0.00,0
2026-05-02 19:36:20,1694.27,0,0,0,0,0,0,0,0.00,0,0.00,5.27,3.62,0.00,0.00,D,0.00,12.00,12.00,12.00,12.00, ,0.00,,10.60,12.30,0,1.26,45.5,1,0,0.00,0.00,0.00,12.00,0.00,0.00,0,0,0.00,0
2026-05-02 19:36:21,1695.28,0,0,0,0,0,0,0,0.00,0,0.00,5.27,3.61,0.00,0.00,D,0.00,12.00,12.00,12.00,12.00, ,0.00,,11.80,12.30,0,2.27,45.0,1,0,0.00,0.00,0.00,12.00,0.00,0.00,0,0,0.00,0
2026-05-02 19:36:22,1696.30,0,0,0,0,0,0,0,0.00,0,0.00,5.27,3.61,0.00,0.00,D,0.00,12.00,12.00,12.00,12.00, ,0.00,,13.60,12.30,0,3.28,44.4,1,0,0.00,0.00,0.00,12.00,0.00,0.00,0,0,0.00,0
2026-05-02 19:36:23,1697.41,0,0,0,0,0,0,0,0.00,0,0.00,5.27,3.61,0.00,0.00,D,0.00,12.00,12.00,12.00,12.00, ,0.00,,12.70,12.30,0,4.39,43.9,1,0,0.00,0.00,0.00,12.00,0.00,0.00,0,0,0.00,0
2026-05-02 19:36:24,1698.31,0,0,0,0,0,0,0,0.00,0,0.00,5.27,3.61,0.00,0.00,D,0.00,12.00,12.00,12.00,12.00, ,0.00,,13.60,12.30,0,5.30,45.5,1,0,0.00,0.00,0.00,12.00,0.00,0.00,0,0,0.00,0
2026-05-02 19:36:25,1699.32,0,0,0,0,0,0,0,0.00,0,0.00,5.27,3.60,0.00,0.00,D,0.00,12.00,12.00,12.00,12.00, ,0.00,,13.10,12.30,0,6.31,45.0,1,0,0.00,0.00,0.00,12.00,0.00,0.00,0,0,0.00,0
2026-05-02 19:36:26,1700.34,0,0,0,0,0,0,0,0.00,0,0.00,5.27,3.60,0.00,0.00,D,0.00,12.00,12.00,12.00,12.00, ,0.00,,13.40,12.30,0,7.32,44.4,1,0,0.00,0.00,0.00,12.00,0.00,0.00,0,0,0.00,0
2026-05-02 19:36:27,1701.45,0,0,0,0,0,0,0,0.00,0,0.00,5.27,3.60,0.00,0.00,D,0.00,12.00,12.00,12.00,12.00, ,0.00,,13.50,12.30,0,8.43,43.3,1,0,0.00,0.00,0.00,12.00,0.00,0.00,0,0,0.00,0
2026-05-02 19:36:28,1702.35,0,0,0,0,0,0,0,0.00,0,0.00,5.27,3.60,0.00,0.00,D,0.00,12.00,12.00,12.00,12.00, ,0.00,,13.30,12.30,0,9.34,44.4,1,0,0.00,0.00,0.00,12.00,0.00,0.00,0,0,0.00,0
2026-05-02 19:36:29,1703.36,0,0,0,0,0,0,0,0.00,0,0.00,5.27,3.60,0.00,0.00,D,0.00,12.00,12.00,12.00,12.00, ,0.00,,12.70,12.30,0,10.35,44.4,1,0,0.00,0.00,0.00,12.00,0.00,0.00,0,0,0.00,0
2026-05-02 19:36:30,1704.37,0,0,0,0,0,0,0,0.00,0,0.00,5.27,3.59,0.00,0.00,D,0.00,12.00,12.00,12.00,12.00, ,0.00,,14.00,12.30,0,11.36,44.4,1,0,0.00,0.00,0.00,12.00,0.00,0.00,0,0,0.00,0
2026-05-02 19:36:31,1705.48,0,0,0,0,0,0,0,0.00,0,0.00,5.27,3.59,0.00,0.00,D,0.00,12.00,12.00,12.00,12.00, ,0.00,,12.70,12.30,0,12.47,44.4,1,0,0.00,0.00,0.00,12.00,0.00,0.00,0,0,0.00,0
2026-05-02 19:36:32,1706.39,0,0,0,0,0,0,0,0.00,0,0.00,5.27,3.59,0.00,0.00,D,0.00,12.00,12.00,12.00,12.00, ,0.00,,12.70,12.30,0,13.38,43.9,1,0,0.00,0.00,0.00,12.00,0.00,0.00,0,0,0.00,0
2026-05-02 19:36:33,1707.40,0,0,0,0,0,0,0,0.00,0,0.00,5.27,3.59,0.00,0.00,D,0.00,12.00,12.00,12.00,12.00, ,0.00,,14.20,12.30,0,14.39,44.4,1,0,0.00,0.00,0.00,12.00,0.00,0.00,0,0,0.00,0
2026-05-02 19:36:34,1708.41,0,0,0,0,0,0,0,0.00,0,0.00,5.27,3.59,0.00,0.00,D,0.00,12.00,12.00,12.00,12.00, ,0.00,,12.90,12.30,0,15.40,44.4,1,0,0.00,0.00,0.00,12.00,0.00,0.00,0,0,0.00,0
2026-05-02 19:36:35,1709.43,0,0,0,0,0,0,0,0.00,0,0.00,5.27,3.58,0.00,0.00,D,0.00,12.00,12.00,12.00,12.00, ,0.00,,13.40,12.30,0,16.41,43.3,1,0,0.00,0.00,0.00,12.00,0.00,0.00,0,0,0.00,0
2026-05-02 19:36:36,1710.44,0,0,0,0,0,0,0,0.00,0,0.00,5.27,3.58,0.00,0.00,D,0.00,12.00,12.00,12.00,12.00, ,0.00,,13.80,12.30,0,17.43,44.4,1,0,0.00,0.00,0.00,12.00,0.00,0.00,0,0,0.00,0
2026-05-02 19:36:37,1711.55,0,0,0,0,0,0,0,0.00,0,0.00,5.27,3.58,0.00,0.00,D,0.00,12.00,12.00,12.00,12.00, ,0.00,,13.30,12.30,0,18.54,45.5,1,0,0.00,0.00,0.00,12.00,0.00,0.00,0,0,0.00,0
2026-05-02 19:36:38,1712.46,0,0,0,0,0,0,0,0.00,0,0.00,5.27,3.58,0.00,0.00,D,0.00,12.00,12.00,12.00,12.00, ,0.00,,13.00,12.30,0,0.06,43.3,1,0,0.00,0.00,0.00,12.00,0.00,0.00,0,0,0.00,0
2026-05-02 19:36:39,1713.57,0,0,0,0,0,0,0,0.00,0,0.00,5.27,3.57,0.00,0.00,D,0.00,12.00,12.00,12.00,12.00, ,0.00,,14.10,12.30,0,0.13,44.4,1,0,0.00,0.00,0.00,12.00,0.00,0.00,0,0,0.00,0
2026-05-02 19:36:40,1714.47,0,0,0,0,0,0,0,0.00,0,0.00,5.27,3.57,0.00,0.00,D,0.00,12.00,12.00,12.00,12.00, ,0.00,,12.80,12.30,0,0.76,43.9,1,0,0.00,0.00,0.00,12.00,0.00,0.00,0,0,0.00,0
2026-05-02 19:36:41,1715.48,0,0,0,0,0,0,0,0.00,0,0.00,5.27,3.57,0.00,0.00,D,0.00,12.00,12.00,12.00,12.00, ,0.00,,12.90,12.30,0,1.77,45.0,1,0,0.00,0.00,0.00,12.00,0.00,0.00,0,0,0.00,0
2026-05-02 19:36:42,1716.50,0,0,0,0,0,0,0,0.00,0,0.00,5.27,3.57,0.00,0.00,D,0.00,12.00,12.00,12.00,12.00, ,0.00,,13.10,12.30,0,2.78,44.4,1,0,0.00,0.00,0.00,12.00,0.00,0.00,0,0,0.00,0
2026-05-02 19:36:43,1717.51,0,0,0,0,0,0,0,0.00,0,0.00,5.27,3.57,0.00,0.00,D,0.00,12.00,12.00,12.00,12.00, ,0.00,,13.10,12.30,0,3.79,44.4,1,0,0.00,0.00,0.00,12.00,0.00,0.00,0,0,0.00,0
2026-05-02 19:36:44,1718.52,0,0,0,0,0,0,0,0.00,0,0.00,5.27,3.56,0.00,0.00,D,0.00,12.00,12.00,12.00,12.00, ,0.00,,13.10,12.30,0,0.02,43.3,1,0,0.00,0.00,0.00,12.00,0.00,0.00,0,0,0.00,0
2026-05-02 19:36:45,1719.53,0,0,0,0,0,0,0,0.00,0,0.00,5.27,3.56,0.00,0.00,D,0.00,12.00,12.00,12.00,12.00, ,0.00,,13.60,12.30,0,0.97,45.5,1,0,0.00,0.00,0.00,12.00,0.00,0.00,0,0,0.00,0
2026-05-02 19:36:46,1720.55,0,0,0,0,0,0,0,0.00,0,0.00,5.27,3.56,0.00,0.00,D,0.00,12.00,12.00,12.00,12.00, ,0.00,,11.40,12.30,0,1.98,43.3,1,0,0.00,0.00,0.00,12.00,0.00,0.00,0,0,0.00,0
2026-05-02 19:36:47,1721.56,0,0,0,0,0,0,0,0.00,0,0.00,5.27,3.56,0.00,0.00,D,0.00,12.00,12.00,12.00,12.00, ,0.00,,10.90,12.30,0,2.99,45.0,1,0,0.00,0.00,0.00,12.00,0.00,0.00,0,0,0.00,0
2026-05-02 19:36:48,1722.57,0,0,0,0,0,0,0,0.46,0,0.35,5.27,3.56,0.00,0.04,D,0.00,12.00,12.00,12.00,12.00, ,0.00,,12.50,12.30,0,4.00,46.1,1,0,0.00,0.00,0.00,12.00,0.00,0.00,0,0,0.00,0
2026-05-02 19:36:49,1723.58,0,0,0,0,0,0,0,1.00,0,1.00,5.27,3.55,0.00,0.55,D,0.00,12.00,12.00,12.00,12.00, ,0.00,,12.10,12.30,0,0.01,44.4,1,0,0.00,0.00,0.00,12.00,0.00,0.00,0,0,0.00,0
2026-05-02 19:36:50,1724.59,0,0,0,0,0,0,0,0.00,0,0.00,5.27,3.55,1.04,0.56,D,0.00,12.00,12.00,12.00,12.00, ,0.00,,13.00,12.30,0,0.00,46.6,1,0,0.00,0.00,0.00,12.00,0.00,0.00,0,0,0.00,0
2026-05-02 19:36:51,1725.59,1,0,0,0,0,0,0,0.02,0,1.00,5.27,3.55,1.77,1.00,D,0.00,12.00,12.00,12.00,12.00, ,1.44,,15.30,12.40,0,0.00,46.1,1,0,0.00,0.00,0.00,12.00,0.02,1.00,0,0,0.00,0
2026-05-02 19:36:52,1726.60,1,0,0,0,0,0,0,0.00,0,1.00,5.27,3.55,3.53,1.00,D,0.00,12.00,12.00,12.00,12.00, ,0.23,,12.50,12.40,0,0.00,46.1,1,0,0.00,0.00,0.00,12.00,0.00,1.00,0,0,0.00,0
2026-05-02 19:36:53,1727.62,0,0,0,0,0,0,0,0.00,0,0.00,5.27,3.55,0.79,0.00,D,0.00,12.00,12.00,12.00,12.00, ,0.00,,13.50,12.40,0,0.00,45.5,1,0,0.00,0.00,0.00,12.00,0.00,0.00,0,0,0.00,0
2026-05-02 19:36:54,1728.63,0,0,0,0,0,0,0,0.00,0,0.00,5.27,3.55,0.00,0.00,D,0.00,12.00,12.00,12.00,12.00, ,0.00,,12.40,12.30,0,0.77,45.5,1,0,0.00,0.00,0.00,12.00,0.00,0.00,0,0,0.00,0
2026-05-02 19:36:55,1729.64,0,0,0,0,0,0,0,0.00,0,0.00,5.27,3.55,0.00,0.00,D,0.00,12.00,12.00,12.00,12.00, ,0.00,,10.90,12.40,0,1.78,45.5,1,0,0.00,0.00,0.00,12.00,0.00,0.00,0,0,0.00,0
2026-05-02 19:36:56,1730.66,0,0,0,0,0,0,0,0.00,0,0.00,5.27,3.54,0.00,0.00,D,0.00,12.00,12.00,12.00,12.00, ,0.00,,10.80,12.30,0,2.80,46.6,1,0,0.00,0.00,0.00,12.00,0.00,0.00,0,0,0.00,0
2026-05-02 19:36:57,1731.77,0,0,0,0,0,0,0,0.00,0,0.00,5.27,3.54,0.00,0.00,D,0.00,12.00,12.00,12.00,12.00, ,0.00,,13.50,12.40,0,3.91,45.0,1,0,0.00,0.00,0.00,12.00,0.00,0.00,0,0,0.00,0
2026-05-02 19:36:58,1732.67,0,0,0,0,0,0,0,0.00,0,0.00,5.27,3.54,0.00,0.00,D,0.00,12.00,12.00,12.00,12.00, ,0.00,,13.60,12.40,0,0.42,43.9,1,0,0.00,0.00,0.00,12.00,0.00,0.00,0,0,0.00,0
2026-05-02 19:36:59,1733.79,0,0,0,0,0,0,0,0.00,0,0.00,5.27,3.54,0.00,0.00,D,0.00,12.00,12.00,12.00,12.00, ,0.00,,13.40,12.40,0,0.00,44.4,1,0,0.00,0.00,0.00,12.00,0.00,0.00,0,0,0.00,0
2026-05-02 19:37:00,1734.69,0,0,0,0,0,0,0,0.00,0,0.00,5.27,3.54,0.00,0.00,D,0.00,12.00,12.00,12.00,12.00, ,0.00,,13.80,12.40,0,0.12,44.4,1,0,0.00,0.00,0.00,12.00,0.00,0.00,0,0,0.00,0
2026-05-02 19:37:01,1735.70,0,0,0,0,0,0,0,0.00,0,0.00,5.27,3.53,0.00,0.00,D,0.00,12.00,12.00,12.00,12.00, ,0.00,,12.70,12.30,0,0.00,44.4,1,0,0.00,0.00,0.00,12.00,0.00,0.00,0,0,0.00,0
2026-05-02 19:37:02,1736.71,0,0,0,0,0,0,0,0.00,0,0.00,5.27,3.53,0.00,0.00,D,0.00,12.00,12.00,12.00,12.00, ,0.00,,12.90,12.30,0,0.53,43.9,1,0,0.00,0.00,0.00,12.00,0.00,0.00,0,0,0.00,0
2026-05-02 19:37:03,1737.72,0,0,0,0,0,0,0,0.00,0,0.00,5.27,3.53,0.00,0.00,D,0.00,12.00,12.00,12.00,12.00, ,0.00,,13.60,12.40,0,0.51,44.4,1,0,0.00,0.00,0.00,12.00,0.00,0.00,0,0,0.00,0
2026-05-02 19:37:04,1738.73,1,0,0,0,0,0,0,0.15,0,1.00,5.27,3.53,0.00,0.08,D,0.00,12.00,12.00,12.00,12.00, ,8.73,,13.10,12.40,0,0.59,45.0,1,0,0.00,0.00,0.00,12.00,0.15,1.00,0,0,0.00,0
2026-05-02 19:37:05,1739.74,1,0,0,0,0,0,0,0.14,0,1.00,5.27,3.53,0.05,0.59,D,0.00,12.00,12.00,12.00,12.00, ,8.35,,13.90,12.40,0,0.00,45.0,1,0,0.00,0.00,0.00,12.00,0.14,1.00,0,0,0.00,0
2026-05-02 19:37:06,1740.76,1,0,0,0,0,0,0,-0.08,0,1.00,5.27,3.52,2.71,1.00,D,0.00,12.00,12.00,12.00,12.00, ,-4.71,,15.40,12.40,0,0.00,45.0,1,0,0.00,0.00,0.00,12.00,-0.08,1.00,0,0,0.00,0
2026-05-02 19:37:07,1741.87,1,0,0,0,0,0,0,0.11,0,1.00,5.27,3.52,3.84,1.00,D,0.00,12.00,12.00,12.00,12.00, ,6.52,,14.10,12.40,0,0.00,44.4,1,0,0.00,0.00,0.00,12.00,0.11,1.00,0,0,0.00,0
2026-05-02 19:37:08,1742.77,0,0,0,1,0,0,0,0.90,0,0.00,5.27,3.52,3.82,0.00,N,0.00,12.00,12.00,12.00,12.00, ,0.00,,15.60,12.30,0,0.00,45.0,1,0,0.00,0.00,0.00,12.00,0.00,0.00,0,0,0.00,0
2026-05-02 19:37:09,1743.79,0,0,0,1,0,0,0,0.93,0,1.00,5.27,3.52,0.74,-0.42,R,0.00,12.00,12.00,12.00,12.00, ,0.00,,14.60,12.40,0,0.02,45.5,1,0,0.00,0.00,0.00,12.00,0.00,0.00,0,0,0.00,0
2026-05-02 19:37:10,1744.80,0,0,0,0,0,0,0,0.94,0,1.00,5.27,3.52,1.99,-0.62,R,0.00,12.00,12.00,12.00,12.00, ,0.00,,13.10,12.30,0,0.00,43.3,1,0,0.00,0.00,0.00,12.00,0.00,0.00,0,0,0.00,0
2026-05-02 19:37:11,1745.81,0,0,0,0,0,0,0,1.00,0,0.00,5.27,3.52,2.11,-0.18,R,0.00,12.00,12.00,12.00,12.00, ,0.00,,15.40,12.30,0,0.00,44.4,1,0,0.00,0.00,0.00,12.00,0.00,0.00,0,0,0.00,0
2026-05-02 19:37:12,1746.82,0,0,0,0,0,0,0,-1.00,0,1.00,5.27,3.52,0.40,-0.47,R,0.00,12.00,12.00,12.00,12.00, ,0.00,,14.50,12.30,0,0.00,45.0,1,0,0.00,0.00,0.00,12.00,0.00,0.00,0,0,0.00,0
2026-05-02 19:37:13,1747.84,0,0,0,0,0,0,0,0.00,0,1.00,5.27,3.52,1.31,-0.98,R,0.00,12.00,12.00,12.00,12.00, ,0.00,,13.50,12.30,0,0.00,45.0,1,0,0.00,0.00,0.00,12.00,0.00,0.00,0,0,0.00,0
2026-05-02 19:37:14,1748.85,0,0,0,0,0,0,0,0.00,0,1.00,5.27,3.52,4.42,-1.00,R,0.00,12.00,12.00,12.00,12.00, ,0.00,,14.90,12.30,0,0.00,45.0,1,0,0.00,0.00,0.00,12.00,0.00,0.00,0,0,0.00,0
2026-05-02 19:37:15,1749.96,0,0,0,0,0,0,0,0.00,0,1.00,5.27,3.52,4.38,-1.00,R,0.00,12.00,12.00,12.00,12.00, ,0.00,,14.30,12.30,0,0.00,45.5,1,0,0.00,0.00,0.00,12.00,0.00,0.00,0,0,0.00,0
2026-05-02 19:37:16,1750.86,0,0,0,0,0,0,0,0.00,0,1.00,5.27,3.52,4.86,-1.00,R,0.00,12.00,12.00,12.00,12.00, ,0.00,,14.10,12.30,0,0.00,46.1,1,0,0.00,0.00,0.00,12.00,0.00,0.00,0,0,0.00,0
2026-05-02 19:37:17,1751.87,0,0,0,0,0,0,0,0.00,0,1.00,5.27,3.52,4.62,-1.00,R,0.00,12.00,12.00,12.00,12.00, ,0.00,,13.40,12.30,0,0.00,45.0,1,0,0.00,0.00,0.00,12.00,0.00,0.00,0,0,0.00,0
2026-05-02 19:37:18,1752.88,0,0,0,0,0,0,0,0.53,0,1.00,5.27,3.52,4.61,-1.00,R,0.00,12.00,12.00,12.00,12.00, ,0.00,,14.00,12.30,0,0.00,46.6,1,0,0.00,0.00,0.00,12.00,0.00,0.00,0,0,0.00,0
2026-05-02 19:37:19,1753.89,0,0,1,0,0,0,0,0.00,0,1.00,5.27,3.52,3.62,0.12,D,0.00,12.00,12.00,12.00,12.00, ,0.00,,13.80,12.30,0,0.00,45.5,1,0,0.00,0.00,0.00,12.00,0.00,0.00,0,0,0.00,0
2026-05-02 19:37:20,1754.91,0,0,0,0,0,0,0,0.00,0,1.00,5.27,3.52,0.51,0.63,D,0.00,12.00,12.00,12.00,12.00, ,0.00,,12.40,12.30,0,0.00,45.5,1,0,0.00,0.00,0.00,12.00,0.00,0.00,0,0,0.00,0
2026-05-02 19:37:21,1756.02,0,0,0,0,0,0,0,0.00,1,0.00,5.27,3.52,2.38,0.00,D,0.00,12.00,12.00,12.00,12.00, ,0.00,,12.80,12.30,0,0.00,46.1,1,0,0.00,0.00,0.00,12.00,0.00,0.00,0,0,0.00,0
2026-05-02 19:37:22,1756.92,0,0,0,0,0,0,0,0.00,0,0.00,5.27,3.52,0.00,0.00,D,0.00,12.00,12.00,12.00,12.00, ,0.00,,11.00,12.30,0,0.03,45.5,1,0,0.00,0.00,0.00,12.00,0.00,0.00,0,0,0.00,0
2026-05-02 19:37:23,1758.03,0,0,0,0,0,0,0,0.00,0,0.00,5.27,3.52,0.00,0.00,D,0.00,12.00,12.00,12.00,12.00, ,0.00,,11.70,12.30,0,0.01,45.5,1,0,0.00,0.00,0.00,12.00,0.00,0.00,0,0,0.00,0
2026-05-02 19:37:24,1758.94,0,0,0,0,0,0,0,0.00,0,0.00,5.27,3.51,0.00,0.00,D,0.00,12.00,12.00,12.00,12.00, ,0.00,,12.40,12.30,0,0.05,46.1,1,0,0.00,0.00,0.00,12.00,0.00,0.00,0,0,0.00,0
2026-05-02 19:37:25,1759.94,1,0,0,0,0,0,0,-0.01,0,1.00,5.27,3.51,0.00,0.15,D,0.00,12.00,12.00,12.00,12.00, ,-0.51,,13.10,12.30,0,1.05,46.1,1,0,0.00,0.00,0.00,12.00,-0.01,1.00,0,0,0.00,0
2026-05-02 19:37:26,1760.95,1,0,0,0,0,0,0,-0.00,0,1.00,5.27,3.51,0.10,0.65,D,0.00,12.00,12.00,12.00,12.00, ,-0.14,,13.50,12.30,0,0.00,45.5,1,0,0.00,0.00,0.00,12.00,-0.00,1.00,0,0,0.00,0
2026-05-02 19:37:27,1761.96,1,0,0,0,0,0,0,-0.07,0,1.00,5.27,3.51,2.96,1.00,D,0.00,12.00,12.00,12.00,12.00, ,-4.29,,15.90,12.30,0,0.00,45.0,1,0,0.00,0.00,0.00,12.00,-0.07,1.00,0,0,0.00,0
2026-05-02 19:37:28,1762.97,1,0,0,0,0,0,0,0.29,0,1.00,5.27,3.51,3.95,1.00,D,0.00,12.00,12.00,12.00,12.00, ,17.63,,16.00,12.30,0,0.00,46.6,1,0,0.00,0.00,0.00,12.00,0.29,1.00,0,0,0.00,0
2026-05-02 19:37:29,1763.99,1,0,0,0,0,0,0,0.09,0,1.00,5.27,3.51,3.66,1.00,D,0.00,12.00,12.00,12.00,12.00, ,5.32,,15.30,12.30,0,0.00,46.1,1,0,0.00,0.00,0.00,12.00,0.09,1.00,0,0,0.00,0
2026-05-02 19:37:30,1765.00,0,0,0,0,0,0,0,0.00,0,1.00,5.27,3.51,0.11,0.04,D,0.00,12.00,12.00,12.00,12.00, ,0.00,,13.20,12.30,0,0.00,45.5,1,0,0.00,0.00,0.00,12.00,0.00,0.00,0,0,0.00,0
2026-05-02 19:37:31,1766.01,0,0,0,0,0,0,0,0.00,0,1.00,5.27,3.51,0.18,0.55,D,0.00,12.00,12.00,12.00,12.00, ,0.00,,11.70,12.30,0,0.06,46.6,1,0,0.00,0.00,0.00,12.00,0.00,0.00,0,0,0.00,0
2026-05-02 19:37:32,1767.01,1,0,0,0,0,0,0,0.20,0,1.00,5.27,3.50,1.23,1.00,D,0.00,12.00,12.00,12.00,12.00, ,11.97,,12.70,12.30,0,0.00,45.5,1,0,0.00,0.00,0.00,12.00,0.20,1.00,0,0,0.00,0
2026-05-02 19:37:33,1768.03,0,0,0,0,0,0,0,0.00,0,0.00,5.27,3.50,2.13,0.00,D,0.00,12.00,12.00,12.00,12.00, ,0.00,,13.20,12.30,0,0.00,46.1,1,0,0.00,0.00,0.00,12.00,0.00,0.00,0,0,0.00,0
2026-05-02 19:37:34,1769.04,1,0,0,0,0,0,0,0.20,0,1.00,5.27,3.50,0.01,0.44,D,0.00,12.00,12.00,12.00,12.00, ,12.13,,12.00,12.30,0,0.27,47.2,1,0,0.00,0.00,0.00,12.00,0.20,1.00,0,0,0.00,0
2026-05-02 19:37:35,1770.15,1,0,0,0,0,0,0,-0.03,0,1.00,5.27,3.50,1.12,0.94,D,0.00,12.00,12.00,12.00,12.00, ,-1.71,,15.00,12.30,0,0.00,47.2,1,0,0.00,0.00,0.00,12.00,-0.03,1.00,0,0,0.00,0
2026-05-02 19:37:36,1771.06,1,0,0,0,0,0,0,-0.19,0,1.00,5.27,3.50,3.38,1.00,D,0.00,12.00,12.00,12.00,12.00, ,-11.43,,14.70,12.30,0,0.00,46.6,1,0,0.00,0.00,0.00,12.00,-0.19,1.00,0,0,0.00,0
2026-05-02 19:37:37,1772.06,0,0,0,0,0,0,0,0.00,0,0.00,5.27,3.50,0.41,0.00,D,0.00,12.00,12.00,12.00,12.00, ,0.00,,12.70,12.30,0,0.06,46.6,1,0,0.00,0.00,0.00,12.00,0.00,0.00,0,0,0.00,0
2026-05-02 19:37:38,1773.07,0,0,0,0,0,0,0,0.00,0,0.00,5.27,3.50,0.00,0.00,D,0.00,12.00,12.00,12.00,12.00, ,0.00,,12.20,12.30,0,0.48,46.6,1,0,0.00,0.00,0.00,12.00,0.00,0.00,0,0,0.00,0
2026-05-02 19:37:39,1774.08,0,0,0,0,0,0,0,0.00,0,0.00,5.27,3.49,0.00,0.00,D,0.00,12.00,12.00,12.00,12.00, ,0.00,,12.00,12.30,0,0.15,46.1,1,0,0.00,0.00,0.00,12.00,0.00,0.00,0,0,0.00,0
2026-05-02 19:37:40,1775.09,0,0,0,0,0,0,0,0.00,0,0.00,5.27,3.49,0.00,0.00,D,0.00,12.00,12.00,12.00,12.00, ,0.00,,10.90,12.30,0,0.02,47.2,1,0,0.00,0.00,0.00,12.00,0.00,0.00,0,0,0.00,0
2026-05-02 19:37:41,1776.11,0,0,0,0,0,0,0,0.00,0,0.00,5.27,3.49,0.00,0.00,D,0.00,12.00,12.00,12.00,12.00, ,0.00,,11.80,12.30,0,0.07,46.6,1,0,0.00,0.00,0.00,12.00,0.00,0.00,0,0,0.00,0
2026-05-02 19:37:42,1777.12,0,0,0,0,0,0,0,0.00,0,0.00,5.27,3.49,0.27,0.00,D,0.00,12.00,12.00,12.00,12.00, ,0.00,,12.20,12.30,0,0.00,46.6,1,0,0.00,0.00,0.00,12.00,0.00,0.00,0,0,0.00,0
2026-05-02 19:37:43,1778.13,0,0,0,0,0,0,0,0.00,0,0.00,5.27,3.49,0.00,0.00,D,0.00,12.00,12.00,12.00,12.00, ,0.00,,12.90,12.30,0,0.14,46.6,1,0,0.00,0.00,0.00,12.00,0.00,0.00,0,0,0.00,0
2026-05-02 19:37:44,1779.14,0,0,0,0,0,0,0,0.00,0,0.00,5.27,3.49,0.00,0.00,D,0.00,12.00,12.00,12.00,12.00, ,0.00,,13.60,12.30,0,0.02,45.5,1,0,0.00,0.00,0.00,12.00,0.00,0.00,0,0,0.00,0
2026-05-02 19:37:45,1780.15,0,0,0,0,0,0,0,0.00,0,0.00,5.27,3.48,0.00,0.00,D,0.00,12.00,12.00,12.00,12.00, ,0.00,,12.40,12.30,0,0.05,44.4,1,0,0.00,0.00,0.00,12.00,0.00,0.00,0,0,0.00,0
2026-05-02 19:37:46,1781.17,0,0,0,0,0,0,0,0.00,0,0.00,5.27,3.48,0.00,0.00,D,0.00,12.00,12.00,12.00,12.00, ,0.00,,12.90,12.30,0,0.20,45.0,1,0,0.00,0.00,0.00,12.00,0.00,0.00,0,0,0.00,0
2026-05-02 19:37:47,1782.17,0,0,0,0,0,0,0,0.00,0,0.00,5.27,3.48,0.00,0.00,D,0.00,12.00,12.00,12.00,12.00, ,0.00,,13.40,12.30,0,0.00,45.0,1,0,0.00,0.00,0.00,12.00,0.00,0.00,0,0,0.00,0
2026-05-02 19:37:48,1783.18,0,0,0,0,0,0,0,0.00,0,0.00,5.27,3.48,0.00,0.00,D,0.00,12.00,12.00,12.00,12.00, ,0.00,,10.90,12.30,0,0.01,46.1,1,0,0.00,0.00,0.00,12.00,0.00,0.00,0,0,0.00,0
2026-05-02 19:37:49,1784.19,0,0,0,0,0,0,0,0.00,0,0.00,5.27,3.48,0.00,0.00,D,0.00,12.00,12.00,12.00,12.00, ,0.00,,11.10,12.30,0,0.00,45.0,1,0,0.00,0.00,0.00,12.00,0.00,0.00,0,0,0.00,0
2026-05-02 19:37:50,1785.20,0,0,0,0,0,0,0,0.00,0,0.00,5.27,3.47,0.00,0.00,D,0.00,12.00,12.00,12.00,12.00, ,0.00,,12.00,12.30,0,0.01,46.6,1,0,0.00,0.00,0.00,12.00,0.00,0.00,0,0,0.00,0
2026-05-02 19:37:51,1786.21,0,0,0,0,0,0,0,0.00,0,0.00,5.27,3.47,0.00,0.00,D,0.00,12.00,12.00,12.00,12.00, ,0.00,,11.10,12.30,0,0.26,46.6,1,0,0.00,0.00,0.00,12.00,0.00,0.00,0,0,0.00,0
2026-05-02 19:37:52,1787.23,0,0,0,0,0,0,0,0.00,0,0.00,5.27,3.47,0.00,0.00,D,0.00,12.00,12.00,12.00,12.00, ,0.00,,12.10,12.30,0,0.01,45.0,1,0,0.00,0.00,0.00,12.00,0.00,0.00,0,0,0.00,0
2026-05-02 19:37:54,1788.34,0,0,0,0,0,0,0,0.00,0,0.00,5.27,3.47,0.00,0.00,D,0.00,12.00,12.00,12.00,12.00, ,0.00,,13.50,12.30,0,0.04,46.1,1,0,0.00,0.00,0.00,12.00,0.00,0.00,0,0,0.00,0
2026-05-02 19:37:54,1789.24,0,0,0,0,0,0,0,0.00,0,0.00,5.27,3.47,0.00,0.00,D,0.00,12.00,12.00,12.00,12.00, ,0.00,,13.10,12.30,0,0.94,46.1,1,0,0.00,0.00,0.00,12.00,0.00,0.00,0,0,0.00,0
2026-05-02 19:37:55,1790.25,0,0,0,1,0,0,0,1.00,0,1.00,5.27,3.46,0.02,-0.30,R,0.00,12.00,12.00,12.00,12.00, ,0.00,,13.40,12.30,0,0.02,45.0,1,0,0.00,0.00,0.00,12.00,0.00,0.00,0,0,0.00,0
2026-05-02 19:37:57,1791.27,0,0,0,0,0,0,0,0.00,0,1.00,5.27,3.46,1.27,-0.81,R,0.00,12.00,12.00,12.00,12.00, ,0.00,,15.40,12.30,0,0.00,44.4,1,0,0.00,0.00,0.00,12.00,0.00,0.00,0,0,0.00,0
2026-05-02 19:37:58,1792.28,0,0,0,0,0,0,0,0.00,0,0.00,5.27,3.46,3.30,-0.73,R,0.00,12.00,12.00,12.00,12.00, ,0.00,,16.20,12.30,0,0.00,46.1,1,0,0.00,0.00,0.00,12.00,0.00,0.00,0,0,0.00,0
2026-05-02 19:37:59,1793.29,0,0,0,0,0,0,0,0.00,0,0.00,5.27,3.46,4.00,-0.13,R,0.00,12.00,12.00,12.00,12.00, ,0.00,,15.00,12.30,0,0.00,45.5,1,0,0.00,0.00,0.00,12.00,0.00,0.00,0,0,0.00,0
2026-05-02 19:38:00,1794.30,0,0,0,1,0,0,0,0.91,1,1.00,5.27,3.46,0.76,0.00,P,0.00,12.00,12.00,12.00,12.00, ,0.00,,15.50,12.30,0,0.00,46.1,1,0,0.00,0.00,0.00,12.00,0.00,0.00,0,0,0.00,0
2026-05-02 19:38:01,1795.31,0,0,0,0,0,0,0,0.58,1,1.00,5.27,3.46,0.00,0.00,P,0.00,12.00,12.00,12.00,12.00, ,0.00,,13.30,12.30,0,0.21,45.0,1,0,0.00,0.00,0.00,12.00,0.00,0.00,0,0,0.00,0
2026-05-02 19:38:02,1796.33,0,0,1,0,0,0,0,0.99,0,1.00,5.27,3.46,0.00,-0.10,R,0.00,12.00,12.00,12.00,12.00, ,0.00,,13.50,12.30,0,1.23,45.0,1,0,0.00,0.00,0.00,12.00,0.00,0.00,0,0,0.00,0
2026-05-02 19:38:03,1797.34,0,0,0,0,0,0,0,0.99,0,1.00,5.27,3.46,0.46,-0.60,R,0.00,12.00,12.00,12.00,12.00, ,0.00,,14.20,12.30,0,0.00,44.4,1,0,0.00,0.00,0.00,12.00,0.00,0.00,0,0,0.00,0
2026-05-02 19:38:04,1798.35,0,0,0,0,0,0,0,0.00,0,1.00,5.27,3.45,3.29,-1.00,R,0.00,12.00,12.00,12.00,12.00, ,0.00,,14.40,12.30,0,0.00,45.5,1,0,0.00,0.00,0.00,12.00,0.00,0.00,0,0,0.00,0
2026-05-02 19:38:05,1799.37,0,0,0,0,0,0,0,0.00,0,1.00,5.27,3.45,4.42,-1.00,R,0.00,12.00,12.00,12.00,12.00, ,0.00,,15.90,12.30,0,0.00,45.0,1,0,0.00,0.00,0.00,12.00,0.00,0.00,0,0,0.00,0
2026-05-02 19:38:06,1800.38,0,0,0,0,0,0,0,0.00,0,0.00,5.27,3.45,0.53,-0.00,R,0.00,12.00,12.00,12.00,12.00, ,0.00,,15.00,12.30,0,0.00,45.5,1,0,0.00,0.00,0.00,12.00,0.00,0.00,0,0,0.00,0
2026-05-02 19:38:07,1801.39,0,0,0,0,0,0,0,0.00,0,0.00,5.27,3.45,0.00,-0.00,R,0.00,12.00,12.00,12.00,12.00, ,0.00,,14.40,12.30,0,0.08,43.9,1,0,0.00,0.00,0.00,12.00,0.00,0.00,0,0,0.00,0
2026-05-02 19:38:08,1802.50,0,0,0,0,0,0,0,0.00,0,0.00,5.27,3.45,0.00,-0.00,R,0.00,12.00,12.00,12.00,12.00, ,0.00,,13.40,12.30,0,1.19,45.5,1,0,0.00,0.00,0.00,12.00,0.00,0.00,0,0,0.00,0
2026-05-02 19:38:09,1803.41,0,0,0,0,0,0,0,0.00,0,0.00,5.27,3.45,0.00,-0.00,R,0.00,12.00,12.00,12.00,12.00, ,0.00,,13.80,12.30,0,2.09,43.9,1,0,0.00,0.00,0.00,12.00,0.00,0.00,0,0,0.00,0
2026-05-02 19:38:10,1804.42,0,0,0,0,0,0,0,0.00,0,0.00,5.27,3.45,0.00,-0.00,R,0.00,12.00,12.00,12.00,12.00, ,0.00,,13.50,12.30,0,3.11,44.4,1,0,0.00,0.00,0.00,12.00,0.00,0.00,0,0,0.00,0
2026-05-02 19:38:11,1805.43,0,0,0,0,0,0,0,-1.00,0,0.00,5.27,3.44,0.00,-0.00,R,0.00,12.00,12.00,12.00,12.00, ,0.00,,14.00,12.30,0,4.12,43.9,1,0,0.00,0.00,0.00,12.00,0.00,0.00,0,0,0.00,0
2026-05-02 19:38:12,1806.44,0,0,0,0,0,0,0,0.00,0,0.00,5.27,3.44,0.00,-0.00,R,0.00,12.00,12.00,12.00,12.00, ,0.00,,14.10,12.30,0,5.13,45.0,1,0,0.00,0.00,0.00,12.00,0.00,0.00,0,0,0.00,0
2026-05-02 19:38:13,1807.45,0,0,0,0,0,0,0,0.99,0,0.00,5.27,3.44,0.00,-0.00,R,0.00,12.00,12.00,12.00,12.00, ,0.00,,13.60,12.30,0,6.14,45.0,1,0,0.00,0.00,0.00,12.00,0.00,0.00,0,0,0.00,0
2026-05-02 19:38:14,1808.45,0,0,0,0,0,0,0,0.40,0,0.00,5.27,3.44,0.00,-0.00,R,0.00,12.00,12.00,12.00,12.00, ,0.00,,14.10,12.30,0,7.14,44.4,1,0,0.00,0.00,0.00,12.00,0.00,0.00,0,0,0.00,0
2026-05-02 19:38:15,1809.46,1,0,0,0,0,0,0,-0.27,0,1.00,5.27,3.44,0.00,0.25,D,0.00,12.00,12.00,12.00,12.00, ,-16.04,,14.10,12.30,0,8.15,44.4,1,0,0.00,0.00,0.00,12.00,-0.27,1.00,0,0,0.00,0
2026-05-02 19:38:16,1810.46,1,0,0,0,0,0,0,-0.25,0,1.00,5.27,3.44,0.25,0.75,D,0.00,12.00,12.00,12.00,12.00, ,-15.22,,12.90,12.30,0,0.00,44.4,1,0,0.00,0.00,0.00,12.00,-0.25,1.00,0,0,0.00,0
2026-05-02 19:38:17,1811.47,1,0,0,0,0,0,0,0.24,0,1.00,5.27,3.43,3.36,1.00,D,0.00,12.00,12.00,12.00,12.00, ,14.68,,14.80,12.30,0,0.00,45.5,1,0,0.00,0.00,0.00,12.00,0.24,1.00,0,0,0.00,0
2026-05-02 19:38:18,1812.47,1,0,0,0,0,0,0,0.31,0,1.00,5.27,3.43,3.87,1.00,D,0.00,12.00,12.00,12.00,12.00, ,18.67,,15.80,12.40,0,0.00,46.1,1,0,0.00,0.00,0.00,12.00,0.31,1.00,0,0,0.00,0
2026-05-02 19:38:19,1813.48,1,0,0,0,0,0,0,0.01,0,1.00,5.27,3.43,1.63,0.20,D,0.00,12.00,12.00,12.00,12.00, ,0.53,,13.30,12.40,0,0.00,46.6,1,0,0.00,0.00,0.00,12.00,0.01,1.00,0,0,0.00,0
2026-05-02 19:38:20,1814.49,1,0,0,0,0,0,0,-0.02,0,1.00,5.27,3.43,0.01,0.71,D,0.00,12.00,12.00,12.00,12.00, ,-1.00,,11.60,12.30,0,0.00,46.6,1,0,0.00,0.00,0.00,12.00,-0.02,1.00,0,0,0.00,0
2026-05-02 19:38:21,1815.51,1,0,0,0,0,0,0,0.20,0,1.00,5.27,3.43,2.94,1.00,D,0.00,12.00,12.00,12.00,12.00, ,11.74,,12.70,12.40,0,0.00,46.1,1,0,0.00,0.00,0.00,12.00,0.20,1.00,0,0,0.00,0
2026-05-02 19:38:22,1816.52,1,0,0,0,0,0,0,0.35,0,1.00,5.27,3.43,0.90,0.15,D,0.00,12.00,12.00,12.00,12.00, ,20.84,,13.00,12.40,0,0.01,47.2,1,0,0.00,0.00,0.00,12.00,0.35,1.00,0,0,0.00,0
2026-05-02 19:38:23,1817.53,1,0,0,0,0,0,0,0.37,0,1.00,5.27,3.43,0.00,0.66,D,0.00,12.00,12.00,12.00,12.00, ,22.18,,12.60,12.40,0,0.02,45.5,1,0,0.00,0.00,0.00,12.00,0.37,1.00,0,0,0.00,0
2026-05-02 19:38:24,1818.55,1,0,0,0,0,0,0,0.08,0,1.00,5.27,3.43,2.65,1.00,D,0.00,12.00,12.00,12.00,12.00, ,5.08,,16.50,12.40,0,0.00,45.5,1,0,0.00,0.00,0.00,12.00,0.08,1.00,0,0,0.00,0
2026-05-02 19:38:25,1819.56,1,0,0,0,0,0,0,0.04,0,1.00,5.27,3.43,3.54,1.00,D,0.00,12.00,12.00,12.00,12.00, ,2.21,,14.30,12.40,0,0.00,44.4,1,0,0.00,0.00,0.00,12.00,0.04,1.00,0,0,0.00,0
2026-05-02 19:38:26,1820.67,1,0,0,0,0,0,0,0.12,0,1.00,5.27,3.43,3.79,1.00,D,0.00,12.00,12.00,12.00,12.00, ,7.38,,15.50,12.40,0,0.00,44.4,1,0,0.00,0.00,0.00,12.00,0.12,1.00,0,0,0.00,0
2026-05-02 19:38:27,1821.58,1,0,0,0,0,0,0,0.18,0,1.00,5.27,3.43,3.71,1.00,D,0.00,12.00,12.00,12.00,12.00, ,10.90,,15.80,12.40,0,0.00,44.4,1,0,0.00,0.00,0.00,12.00,0.18,1.00,0,0,0.00,0
2026-05-02 19:38:28,1822.59,1,0,0,0,0,0,0,0.05,0,1.00,5.27,3.43,3.75,1.00,D,0.00,12.00,12.00,12.00,12.00, ,3.29,,14.90,12.40,0,0.00,45.0,1,0,0.00,0.00,0.00,12.00,0.05,1.00,0,0,0.00,0
2026-05-02 19:38:29,1823.60,1,0,0,0,0,0,0,0.07,0,1.00,5.27,3.43,3.69,1.00,D,0.00,12.00,12.00,12.00,12.00, ,4.42,,15.60,12.30,0,0.00,45.5,1,0,0.00,0.00,0.00,12.00,0.07,1.00,0,0,0.00,0
2026-05-02 19:38:30,1824.61,1,0,0,0,0,0,0,0.05,0,1.00,5.27,3.43,3.84,1.00,D,0.00,12.00,12.00,12.00,12.00, ,2.91,,14.90,12.30,0,0.00,45.5,1,0,0.00,0.00,0.00,12.00,0.05,1.00,0,0,0.00,0
2026-05-02 19:38:31,1825.63,1,0,0,0,0,0,0,0.04,0,1.00,5.27,3.43,3.83,1.00,D,0.00,12.00,12.00,12.00,12.00, ,2.55,,14.90,12.30,0,0.00,45.5,1,0,0.00,0.00,0.00,12.00,0.04,1.00,0,0,0.00,0
2026-05-02 19:38:32,1826.64,1,0,0,0,0,0,0,-0.01,0,1.00,5.27,3.43,3.82,1.00,D,0.00,12.00,12.00,12.00,12.00, ,-0.59,,15.90,12.30,0,0.00,43.9,1,0,0.00,0.00,0.00,12.00,-0.01,1.00,0,0,0.00,0
2026-05-02 19:38:33,1827.65,0,0,0,0,0,0,0,0.00,1,0.00,5.27,3.43,3.30,0.00,D,0.00,12.00,12.00,12.00,12.00, ,0.00,,15.60,12.40,0,0.00,45.0,1,0,0.00,0.00,0.00,12.00,0.00,0.00,0,0,0.00,0
2026-05-02 19:38:34,1828.66,0,0,0,1,0,0,0,0.96,0,1.00,5.27,3.43,0.00,-0.14,R,0.00,12.00,12.00,12.00,12.00, ,0.00,,13.80,12.30,0,0.38,45.5,1,0,0.00,0.00,0.00,12.00,0.00,0.00,0,0,0.00,0
2026-05-02 19:38:35,1829.67,0,0,0,0,0,0,0,0.00,0,0.00,5.27,3.43,0.52,-0.45,R,0.00,12.00,12.00,12.00,12.00, ,0.00,,14.90,12.30,0,0.00,45.5,1,0,0.00,0.00,0.00,12.00,0.00,0.00,0,0,0.00,0
2026-05-02 19:38:36,1830.69,0,0,0,0,0,0,0,0.00,0,0.10,5.27,3.42,1.56,-0.37,R,0.00,12.00,12.00,12.00,12.00, ,0.00,,16.00,12.30,0,0.00,43.9,1,0,0.00,0.00,0.00,12.00,0.00,0.00,0,0,0.00,0
2026-05-02 19:38:37,1831.70,0,0,0,0,0,0,0,0.00,0,0.00,5.27,3.42,0.43,-0.00,R,0.00,12.00,12.00,12.00,12.00, ,0.00,,15.00,12.30,0,0.00,43.9,1,0,0.00,0.00,0.00,12.00,0.00,0.00,0,0,0.00,0
2026-05-02 19:38:38,1832.81,0,0,0,0,0,0,0,0.00,0,0.00,5.27,3.42,0.00,-0.00,R,0.00,12.00,12.00,12.00,12.00, ,0.00,,14.00,12.30,0,0.94,45.0,1,0,0.00,0.00,0.00,12.00,0.00,0.00,0,0,0.00,0
2026-05-02 19:38:39,1833.71,0,0,0,0,0,0,0,0.00,0,0.00,5.27,3.42,0.00,-0.00,R,0.00,12.00,12.00,12.00,12.00, ,0.00,,12.80,12.30,0,1.85,44.4,1,0,0.00,0.00,0.00,12.00,0.00,0.00,0,0,0.00,0
2026-05-02 19:38:40,1834.72,0,0,0,0,0,0,0,0.00,0,0.00,5.27,3.42,0.00,-0.00,R,0.00,12.00,12.00,12.00,12.00, ,0.00,,12.50,12.40,0,2.86,43.3,1,0,0.00,0.00,0.00,12.00,0.00,0.00,0,0,0.00,0
2026-05-02 19:38:41,1835.73,0,0,0,0,0,0,0,0.00,0,0.00,5.27,3.42,0.00,-0.00,R,0.00,12.00,12.00,12.00,12.00, ,0.00,,13.80,12.40,0,3.87,45.0,1,0,0.00,0.00,0.00,12.00,0.00,0.00,0,0,0.00,0
2026-05-02 19:38:42,1836.75,0,0,0,0,0,0,0,0.00,0,0.00,5.27,3.41,0.00,-0.00,R,0.00,12.00,12.00,12.00,12.00, ,0.00,,13.10,12.30,0,4.88,44.4,1,0,0.00,0.00,0.00,12.00,0.00,0.00,0,0,0.00,0
2026-05-02 19:38:43,1837.76,0,0,0,0,0,0,0,0.00,0,0.00,5.27,3.41,0.00,-0.00,R,0.00,12.00,12.00,12.00,12.00, ,0.00,,13.10,12.30,0,5.89,45.5,1,0,0.00,0.00,0.00,12.00,0.00,0.00,0,0,0.00,0
2026-05-02 19:38:44,1838.78,0,0,0,0,0,0,0,0.00,0,1.00,5.27,3.41,0.00,-0.13,R,0.00,12.00,12.00,12.00,12.00, ,0.00,,14.10,12.30,0,6.91,45.0,1,0,0.00,0.00,0.00,12.00,0.00,0.00,0,0,0.00,0
2026-05-02 19:38:45,1839.79,0,0,1,0,0,0,0,0.00,0,0.00,5.27,3.41,0.54,0.00,N,0.00,12.00,12.00,12.00,12.00, ,0.00,,13.70,12.30,0,0.00,45.0,1,0,0.00,0.00,0.00,12.00,0.00,0.00,0,0,0.00,0
2026-05-02 19:38:46,1840.80,0,0,1,0,0,0,0,0.00,0,0.00,5.27,3.41,0.02,0.36,D,0.00,12.00,12.00,12.00,12.00, ,0.00,,13.00,12.30,0,0.03,43.9,1,0,0.00,0.00,0.00,12.00,0.00,0.00,0,0,0.00,0
2026-05-02 19:38:47,1841.81,0,0,0,0,0,0,0,0.00,0,1.00,5.27,3.40,0.00,0.03,D,0.00,12.00,12.00,12.00,12.00, ,0.00,,14.40,12.40,0,0.96,44.4,1,0,0.00,0.00,0.00,12.00,0.00,0.00,0,0,0.00,0
2026-05-02 19:38:48,1842.82,0,0,1,0,0,0,0,0.00,0,0.00,5.27,3.40,0.00,0.00,D,0.00,12.00,12.00,12.00,12.00, ,0.00,,13.70,12.40,0,1.97,45.0,1,0,0.00,0.00,0.00,12.00,0.00,0.00,0,0,0.00,0
2026-05-02 19:38:49,1843.85,0,0,1,0,0,0,0,0.00,0,0.00,5.27,3.40,0.00,0.00,D,0.00,12.00,12.00,12.00,12.00, ,0.00,,17.60,12.40,0,2.99,43.9,1,0,0.00,0.00,0.00,12.00,0.00,0.00,0,0,0.00,0
2026-05-02 19:38:50,1844.85,0,0,1,0,0,0,0,0.00,0,0.00,5.27,3.40,0.00,0.00,D,0.00,12.00,12.00,12.00,12.00, ,0.00,,23.90,12.40,0,3.99,46.1,1,0,0.00,0.00,0.00,12.00,0.00,0.00,0,0,0.00,0
2026-05-02 19:38:51,1845.85,0,0,1,0,0,0,0,0.00,0,1.00,5.27,3.40,0.00,0.15,D,0.00,12.00,12.00,12.00,12.00, ,0.00,,12.90,12.40,0,4.99,45.5,1,0,0.00,0.00,0.00,12.00,0.00,0.00,0,0,0.00,0
2026-05-02 19:38:52,1846.86,0,0,0,0,0,0,0,0.00,0,1.00,5.27,3.40,0.09,0.65,D,0.00,12.00,12.00,12.00,12.00, ,0.00,,11.20,12.30,0,0.00,46.1,1,0,0.00,0.00,0.00,12.00,0.00,0.00,0,0,0.00,0
2026-05-02 19:38:53,1847.87,0,0,0,0,0,0,0,0.00,0,0.22,5.27,3.39,1.20,0.56,D,0.00,12.00,12.00,12.00,12.00, ,0.00,,12.90,12.40,0,0.00,46.6,1,0,0.00,0.00,0.00,12.00,0.00,0.00,0,0,0.00,0
2026-05-02 19:38:54,1848.88,0,0,0,0,0,0,0,0.13,0,0.56,5.27,3.39,1.00,0.56,D,0.00,12.00,12.00,12.00,12.00, ,0.00,,12.10,12.30,0,0.00,46.1,1,0,0.00,0.00,0.00,12.00,0.00,0.00,0,0,0.00,0
2026-05-02 19:38:55,1849.89,0,0,0,1,0,0,0,1.00,0,1.00,5.27,3.39,0.24,-0.07,R,0.00,12.00,12.00,12.00,12.00, ,0.00,,14.10,12.40,0,0.01,45.0,1,0,0.00,0.00,0.00,12.00,0.00,0.00,0,0,0.00,0
2026-05-02 19:38:56,1851.01,0,0,0,0,0,0,0,1.00,0,1.00,5.27,3.39,0.58,-0.58,R,0.00,12.00,12.00,12.00,12.00, ,0.00,,14.10,12.40,0,0.00,45.5,1,0,0.00,0.00,0.00,12.00,0.00,0.00,0,0,0.00,0
2026-05-02 19:38:57,1851.91,0,0,0,0,0,0,0,-0.11,0,0.00,5.27,3.39,1.61,-0.36,R,0.00,12.00,12.00,12.00,12.00, ,0.00,,16.00,12.40,0,0.00,46.6,1,0,0.00,0.00,0.00,12.00,0.00,0.00,0,0,0.00,0
2026-05-02 19:38:58,1852.92,0,0,0,0,0,0,0,0.00,1,0.00,5.27,3.39,0.89,0.00,R,0.00,12.00,12.00,12.00,12.00, ,0.00,,14.10,12.30,0,0.01,44.4,1,0,0.00,0.00,0.00,12.00,0.00,0.00,0,0,0.00,0
2026-05-02 19:38:59,1853.92,0,0,0,0,0,0,0,0.00,0,0.00,5.27,3.39,0.00,-0.00,R,0.00,12.00,12.00,12.00,12.00, ,0.00,,14.20,12.30,0,0.78,45.0,1,0,0.00,0.00,0.00,12.00,0.00,0.00,0,0,0.00,0
2026-05-02 19:39:00,1855.03,0,0,0,0,0,0,0,0.00,0,0.00,5.27,3.38,0.00,-0.00,R,0.00,12.00,12.00,12.00,12.00, ,0.00,,13.50,12.40,0,1.89,46.6,1,0,0.00,0.00,0.00,12.00,0.00,0.00,0,0,0.00,0
2026-05-02 19:39:01,1855.93,0,0,0,0,0,0,0,0.00,0,0.00,5.27,3.38,0.00,-0.00,R,0.00,12.00,12.00,12.00,12.00, ,0.00,,13.00,12.30,0,2.79,45.0,1,0,0.00,0.00,0.00,12.00,0.00,0.00,0,0,0.00,0
2026-05-02 19:39:02,1857.05,0,0,0,0,0,0,0,0.00,0,0.00,5.27,3.38,0.00,-0.00,R,0.00,12.00,12.00,12.00,12.00, ,0.00,,13.70,12.30,0,0.14,45.0,1,0,0.00,0.00,0.00,12.00,0.00,0.00,0,0,0.00,0
2026-05-02 19:39:03,1857.95,0,0,0,0,0,0,0,0.00,0,0.00,5.27,3.38,0.00,-0.00,R,0.00,12.00,12.00,12.00,12.00, ,0.00,,12.60,12.30,0,1.04,43.9,1,0,0.00,0.00,0.00,12.00,0.00,0.00,0,0,0.00,0
2026-05-02 19:39:04,1858.96,0,0,0,0,0,0,0,0.00,0,0.00,5.27,3.38,0.00,-0.00,R,0.00,12.00,12.00,12.00,12.00, ,0.00,,12.90,12.30,0,2.06,45.5,1,0,0.00,0.00,0.00,12.00,0.00,0.00,0,0,0.00,0
2026-05-02 19:39:05,1859.97,0,0,0,0,0,0,0,0.00,0,0.00,5.27,3.37,0.00,-0.00,R,0.00,12.00,12.00,12.00,12.00, ,0.00,,13.30,12.30,0,3.07,44.4,1,0,0.00,0.00,0.00,12.00,0.00,0.00,0,0,0.00,0
2026-05-02 19:39:06,1861.09,0,0,0,0,0,0,0,0.00,0,0.00,5.27,3.37,0.00,-0.00,R,0.00,12.00,12.00,12.00,12.00, ,0.00,,13.30,12.30,0,4.18,43.9,1,0,0.00,0.00,0.00,12.00,0.00,0.00,0,0,0.00,0
2026-05-02 19:39:07,1861.99,0,0,0,0,0,0,0,0.00,0,0.00,5.27,3.37,0.00,-0.00,R,0.00,12.00,12.00,12.00,12.00, ,0.00,,13.50,12.30,0,0.24,45.5,1,0,0.00,0.00,0.00,12.00,0.00,0.00,0,0,0.00,0
2026-05-02 19:39:08,1863.00,0,0,0,0,0,0,0,0.00,0,0.00,5.27,3.37,0.00,-0.00,R,0.00,12.00,12.00,12.00,12.00, ,0.00,,14.20,12.30,0,0.65,45.0,1,0,0.00,0.00,0.00,12.00,0.00,0.00,0,0,0.00,0
2026-05-02 19:39:09,1864.11,0,0,0,0,0,0,0,0.00,0,0.00,5.27,3.37,0.00,-0.00,R,0.00,12.00,12.00,12.00,12.00, ,0.00,,12.50,12.30,0,0.21,45.5,1,0,0.00,0.00,0.00,12.00,0.00,0.00,0,0,0.00,0
2026-05-02 19:39:10,1865.02,0,0,0,0,0,0,0,0.00,0,0.00,5.27,3.37,0.00,-0.00,R,0.00,12.00,12.00,12.00,12.00, ,0.00,,13.80,12.30,0,1.12,43.9,1,0,0.00,0.00,0.00,12.00,0.00,0.00,0,0,0.00,0
2026-05-02 19:39:11,1866.02,0,0,0,0,0,0,0,0.00,0,0.00,5.27,3.36,0.00,-0.00,R,0.00,12.00,12.00,12.00,12.00, ,0.00,,14.30,12.30,0,2.13,45.5,1,0,0.00,0.00,0.00,12.00,0.00,0.00,0,0,0.00,0
2026-05-02 19:39:12,1867.03,0,0,0,0,0,0,0,0.00,0,0.00,5.27,3.36,0.00,-0.00,R,0.00,12.00,12.00,12.00,12.00, ,0.00,,12.50,12.30,0,0.01,45.0,1,0,0.00,0.00,0.00,12.00,0.00,0.00,0,0,0.00,0
2026-05-02 19:39:13,1868.05,0,0,0,0,0,0,0,0.00,0,0.00,5.27,3.36,0.00,-0.00,R,0.00,12.00,12.00,12.00,12.00, ,0.00,,13.40,12.30,0,0.26,45.5,1,0,0.00,0.00,0.00,12.00,0.00,0.00,0,0,0.00,0
2026-05-02 19:39:14,1869.06,0,0,0,0,0,0,0,0.00,0,0.00,5.27,3.36,0.00,-0.00,R,0.00,12.00,12.00,12.00,12.00, ,0.00,,17.50,12.60,0,1.27,44.4,1,0,0.00,0.00,0.00,12.00,0.00,0.00,0,0,0.00,0
2026-05-02 19:39:15,1870.08,0,0,0,0,0,0,0,0.00,0,0.00,5.27,3.36,0.00,-0.00,R,0.00,12.00,12.00,12.00,12.00, ,0.00,,10.90,12.60,0,2.29,46.1,1,0,0.00,0.00,0.00,12.00,0.00,0.00,0,0,0.00,0
2026-05-02 19:39:16,1871.09,0,0,0,0,0,0,0,0.00,0,0.00,5.27,3.35,0.00,-0.00,R,0.00,12.00,12.00,12.00,12.00, ,0.00,,11.30,12.60,0,3.30,45.5,1,0,0.00,0.00,0.00,12.00,0.00,0.00,0,0,0.00,0
2026-05-02 19:39:17,1872.10,0,0,0,0,0,0,0,0.00,0,0.00,5.27,3.35,0.00,-0.00,R,0.00,12.00,12.00,12.00,12.00, ,0.00,,12.20,12.50,0,4.31,45.5,1,0,0.00,0.00,0.00,12.00,0.00,0.00,0,0,0.00,0
2026-05-02 19:39:18,1873.12,0,0,1,0,0,0,0,0.00,0,0.00,5.27,3.35,0.00,0.00,D,0.00,12.00,12.00,12.00,12.00, ,0.00,,11.40,12.50,0,5.33,46.1,1,0,0.00,0.00,0.00,12.00,0.00,0.00,0,0,0.00,0
2026-05-02 19:39:19,1874.13,0,0,0,0,0,0,0,0.00,0,0.00,5.27,3.35,0.00,0.00,D,0.00,12.00,12.00,12.00,12.00, ,0.00,,11.60,12.50,0,6.34,45.0,1,0,0.00,0.00,0.00,12.00,0.00,0.00,0,0,0.00,0
2026-05-02 19:39:20,1875.14,0,0,0,0,0,0,0,0.00,0,0.00,5.27,3.35,0.00,0.00,D,0.00,12.00,12.00,12.00,12.00, ,0.00,,13.40,12.50,0,7.35,45.0,1,0,0.00,0.00,0.00,12.00,0.00,0.00,0,0,0.00,0
2026-05-02 19:39:21,1876.15,0,0,0,0,0,0,0,0.00,0,0.00,5.27,3.35,0.00,0.00,D,0.00,12.00,12.00,12.00,12.00, ,0.00,,12.50,12.50,0,8.36,43.9,1,0,0.00,0.00,0.00,12.00,0.00,0.00,0,0,0.00,0
2026-05-02 19:39:22,1877.16,0,0,0,0,0,0,0,0.00,0,0.00,5.27,3.34,0.00,0.00,D,0.00,12.00,12.00,12.00,12.00, ,0.00,,13.40,12.50,0,9.37,43.3,1,0,0.00,0.00,0.00,12.00,0.00,0.00,0,0,0.00,0
2026-05-02 19:39:23,1878.17,0,0,0,0,0,0,0,0.00,0,0.00,5.27,3.34,0.00,0.00,D,0.00,12.00,12.00,12.00,12.00, ,0.00,,13.40,12.50,0,10.38,43.9,1,0,0.00,0.00,0.00,12.00,0.00,0.00,0,0,0.00,0
2026-05-02 19:39:25,1879.28,0,0,1,0,0,0,0,0.00,0,0.78,5.27,3.34,0.00,0.02,D,0.00,12.00,12.00,12.00,12.00, ,0.00,,12.60,12.40,0,11.49,45.0,1,0,0.00,0.00,0.00,12.00,0.00,0.00,0,0,0.00,0
2026-05-02 19:39:25,1880.18,0,0,0,0,0,0,0,0.38,0,1.00,5.27,3.34,0.01,0.52,D,0.00,12.00,12.00,12.00,12.00, ,0.00,,14.40,12.40,0,0.02,45.0,1,0,0.00,0.00,0.00,12.00,0.00,0.00,0,0,0.00,0
2026-05-02 19:39:26,1881.20,0,0,0,0,0,0,0,0.00,1,0.00,5.27,3.34,0.49,0.00,D,0.00,12.00,12.00,12.00,12.00, ,0.00,,15.30,12.40,0,0.00,44.4,1,0,0.00,0.00,0.00,12.00,0.00,0.00,0,0,0.00,0
2026-05-02 19:39:27,1882.21,0,0,0,0,0,0,0,0.00,0,0.00,5.27,3.34,0.00,0.00,D,0.00,12.00,12.00,12.00,12.00, ,0.00,,12.70,12.40,0,0.86,43.3,1,0,0.00,0.00,0.00,12.00,0.00,0.00,0,0,0.00,0
2026-05-02 19:39:28,1883.22,0,0,0,0,0,0,0,0.00,0,0.00,5.27,3.33,0.00,0.00,D,0.00,12.00,12.00,12.00,12.00, ,0.00,,13.60,12.40,0,1.87,43.3,1,0,0.00,0.00,0.00,12.00,0.00,0.00,0,0,0.00,0
2026-05-02 19:39:29,1884.22,0,0,0,0,0,0,0,0.00,0,0.00,5.27,3.33,0.00,0.00,D,0.00,12.00,12.00,12.00,12.00, ,0.00,,13.20,12.40,0,0.01,43.9,1,0,0.00,0.00,0.00,12.00,0.00,0.00,0,0,0.00,0
2026-05-02 19:39:30,1885.24,0,0,0,0,0,0,0,0.00,0,0.00,5.27,3.33,0.00,0.00,D,0.00,12.00,12.00,12.00,12.00, ,0.00,,12.20,12.40,0,1.02,43.3,1,0,0.00,0.00,0.00,12.00,0.00,0.00,0,0,0.00,0
2026-05-02 19:39:31,1886.25,0,0,0,0,0,0,0,0.00,0,0.00,5.27,3.33,0.00,0.00,D,0.00,12.00,12.00,12.00,12.00, ,0.00,,13.40,12.40,0,2.03,45.5,1,0,0.00,0.00,0.00,12.00,0.00,0.00,0,0,0.00,0
2026-05-02 19:39:33,1887.26,0,0,0,0,0,0,0,0.00,0,0.00,5.27,3.33,0.00,0.00,D,0.00,12.00,12.00,12.00,12.00, ,0.00,,13.60,12.40,0,3.04,43.9,1,0,0.00,0.00,0.00,12.00,0.00,0.00,0,0,0.00,0
2026-05-02 19:39:34,1888.28,0,0,0,0,0,0,0,0.00,0,0.00,5.27,3.32,0.00,0.00,D,0.00,12.00,12.00,12.00,12.00, ,0.00,,13.10,12.40,0,4.06,45.0,1,0,0.00,0.00,0.00,12.00,0.00,0.00,0,0,0.00,0
2026-05-02 19:39:35,1889.29,0,0,0,0,0,0,0,0.00,0,0.00,5.27,3.32,0.00,0.00,D,0.00,12.00,12.00,12.00,12.00, ,0.00,,13.40,12.40,0,5.07,44.4,1,0,0.00,0.00,0.00,12.00,0.00,0.00,0,0,0.00,0
2026-05-02 19:39:36,1890.30,0,0,0,0,0,0,0,0.00,0,0.00,5.27,3.32,0.00,0.00,D,0.00,12.00,12.00,12.00,12.00, ,0.00,,13.10,12.30,0,6.08,44.4,1,0,0.00,0.00,0.00,12.00,0.00,0.00,0,0,0.00,0
2026-05-02 19:39:37,1891.31,0,0,0,0,0,0,0,0.00,0,0.00,5.27,3.32,0.00,0.00,D,0.00,12.00,12.00,12.00,12.00, ,0.00,,12.90,12.30,0,7.10,44.4,1,0,0.00,0.00,0.00,12.00,0.00,0.00,0,0,0.00,0
2026-05-02 19:39:38,1892.32,0,0,0,0,0,0,0,0.00,0,0.00,5.27,3.32,0.00,0.00,D,0.00,12.00,12.00,12.00,12.00, ,0.00,,13.50,12.30,0,8.10,44.4,1,0,0.00,0.00,0.00,12.00,0.00,0.00,0,0,0.00,0
2026-05-02 19:39:39,1893.43,0,0,0,0,0,0,0,0.00,0,0.00,5.27,3.32,0.00,0.00,D,0.00,12.00,12.00,12.00,12.00, ,0.00,,13.10,12.30,0,0.23,45.0,1,0,0.00,0.00,0.00,12.00,0.00,0.00,0,0,0.00,0
2026-05-02 19:39:40,1894.34,0,0,0,0,0,0,0,0.00,0,0.00,5.27,3.31,0.00,0.00,D,0.00,12.00,12.00,12.00,12.00, ,0.00,,13.90,12.30,0,1.14,44.4,1,0,0.00,0.00,0.00,12.00,0.00,0.00,0,0,0.00,0
2026-05-02 19:39:41,1895.46,0,0,0,0,0,0,0,0.00,0,0.00,5.27,3.31,0.00,0.00,D,0.00,12.00,12.00,12.00,12.00, ,0.00,,13.70,12.30,0,2.26,45.5,1,0,0.00,0.00,0.00,12.00,0.00,0.00,0,0,0.00,0
2026-05-02 19:39:42,1896.36,0,0,0,0,0,0,0,0.00,0,0.00,5.27,3.31,0.00,0.00,D,0.00,12.00,12.00,12.00,12.00, ,0.00,,13.00,12.30,0,3.16,45.5,1,0,0.00,0.00,0.00,12.00,0.00,0.00,0,0,0.00,0
2026-05-02 19:39:43,1897.37,0,0,0,0,0,0,0,0.00,0,0.00,5.27,3.31,0.00,0.00,D,0.00,12.00,12.00,12.00,12.00, ,0.00,,12.70,12.30,0,4.18,43.9,1,0,0.00,0.00,0.00,12.00,0.00,0.00,0,0,0.00,0
2026-05-02 19:39:44,1898.39,0,0,0,0,0,0,0,0.00,0,0.00,5.27,3.31,0.00,0.00,D,0.00,12.00,12.00,12.00,12.00, ,0.00,,13.40,12.30,0,0.62,45.0,1,0,0.00,0.00,0.00,12.00,0.00,0.00,0,0,0.00,0
2026-05-02 19:39:45,1899.39,0,0,0,0,0,0,0,0.00,0,0.00,5.27,3.31,0.00,0.00,D,0.00,12.00,12.00,12.00,12.00, ,0.00,,14.20,12.30,0,0.61,43.9,1,0,0.00,0.00,0.00,12.00,0.00,0.00,0,0,0.00,0
2026-05-02 19:39:46,1900.41,0,0,0,0,0,0,0,0.00,0,0.00,5.27,3.30,0.00,0.00,D,0.00,12.00,12.00,12.00,12.00, ,0.00,,12.40,12.30,0,1.62,44.4,1,0,0.00,0.00,0.00,12.00,0.00,0.00,0,0,0.00,0
2026-05-02 19:39:47,1901.42,0,0,0,0,0,0,0,0.00,0,0.00,5.27,3.30,0.00,0.00,D,0.00,12.00,12.00,12.00,12.00, ,0.00,,13.60,12.30,0,2.63,44.4,1,0,0.00,0.00,0.00,12.00,0.00,0.00,0,0,0.00,0
2026-05-02 19:39:48,1902.43,0,0,0,0,0,0,0,0.00,0,0.00,5.27,3.30,0.00,0.00,D,0.00,12.00,12.00,12.00,12.00, ,0.00,,13.30,12.30,0,3.65,44.4,1,0,0.00,0.00,0.00,12.00,0.00,0.00,0,0,0.00,0
2026-05-02 19:39:49,1903.54,0,0,0,0,0,0,0,0.00,0,0.00,5.27,3.30,0.00,0.00,D,0.00,12.00,12.00,12.00,12.00, ,0.00,,13.10,12.30,0,4.76,44.4,1,0,0.00,0.00,0.00,12.00,0.00,0.00,0,0,0.00,0
2026-05-02 19:39:50,1904.45,0,0,0,0,0,0,0,0.00,0,0.00,5.27,3.30,0.00,0.00,D,0.00,12.00,12.00,12.00,12.00, ,0.00,,14.00,12.30,0,0.17,43.9,1,0,0.00,0.00,0.00,12.00,0.00,0.00,0,0,0.00,0
2026-05-02 19:39:51,1905.46,0,0,0,0,0,0,0,0.00,0,0.00,5.27,3.29,0.00,0.00,D,0.00,12.00,12.00,12.00,12.00, ,0.00,,12.90,12.30,0,0.14,43.9,1,0,0.00,0.00,0.00,12.00,0.00,0.00,0,0,0.00,0
2026-05-02 19:39:52,1906.47,0,0,0,0,0,0,0,0.00,0,0.00,5.27,3.29,0.00,0.00,D,0.00,12.00,12.00,12.00,12.00, ,0.00,,12.50,12.30,0,0.05,45.0,1,0,0.00,0.00,0.00,12.00,0.00,0.00,0,0,0.00,0
2026-05-02 19:39:53,1907.58,0,0,0,0,0,0,0,0.00,0,0.00,5.27,3.29,0.00,0.00,D,0.00,12.00,12.00,12.00,12.00, ,0.00,,13.90,12.30,0,1.16,43.3,1,0,0.00,0.00,0.00,12.00,0.00,0.00,0,0,0.00,0
2026-05-02 19:39:54,1908.48,0,0,0,0,0,0,0,0.00,0,0.00,5.27,3.29,0.00,0.00,D,0.00,12.00,12.00,12.00,12.00, ,0.00,,13.80,12.30,0,2.06,43.3,1,0,0.00,0.00,0.00,12.00,0.00,0.00,0,0,0.00,0
2026-05-02 19:39:55,1909.60,0,0,0,0,0,0,0,0.00,0,0.00,5.27,3.29,0.00,0.00,D,0.00,12.00,12.00,12.00,12.00, ,0.00,,12.70,12.30,0,0.27,45.5,1,0,0.00,0.00,0.00,12.00,0.00,0.00,0,0,0.00,0
2026-05-02 19:39:56,1910.50,0,0,0,0,0,0,0,0.00,0,0.00,5.27,3.29,0.00,0.00,D,0.00,12.00,12.00,12.00,12.00, ,0.00,,13.80,12.30,0,0.37,44.4,1,0,0.00,0.00,0.00,12.00,0.00,0.00,0,0,0.00,0
2026-05-02 19:39:57,1911.51,0,0,0,0,0,0,0,0.00,0,0.00,5.27,3.28,0.00,0.00,D,0.00,12.00,12.00,12.00,12.00, ,0.00,,13.40,12.30,0,1.38,44.4,1,0,0.00,0.00,0.00,12.00,0.00,0.00,0,0,0.00,0
2026-05-02 19:39:58,1912.53,0,0,0,0,0,0,0,0.00,0,0.00,5.27,3.28,0.00,0.00,D,0.00,12.00,12.00,12.00,12.00, ,0.00,,12.70,12.30,0,2.40,45.5,1,0,0.00,0.00,0.00,12.00,0.00,0.00,0,0,0.00,0
2026-05-02 19:39:59,1913.54,0,0,0,0,0,0,0,0.00,0,0.00,5.27,3.28,0.00,0.00,D,0.00,12.00,12.00,12.00,12.00, ,0.00,,14.00,12.30,0,0.30,44.4,1,0,0.00,0.00,0.00,12.00,0.00,0.00,0,0,0.00,0
2026-05-02 19:40:00,1914.55,0,0,0,0,0,0,0,0.00,0,0.00,5.27,3.28,0.00,0.00,D,0.00,12.00,12.00,12.00,12.00, ,0.00,,12.90,12.30,0,0.01,43.3,1,0,0.00,0.00,0.00,12.00,0.00,0.00,0,0,0.00,0
2026-05-02 19:40:01,1915.56,0,0,0,0,0,0,0,0.00,0,0.00,5.27,3.28,0.00,0.00,D,0.00,12.00,12.00,12.00,12.00, ,0.00,,12.90,12.30,0,0.01,44.4,1,0,0.00,0.00,0.00,12.00,0.00,0.00,0,0,0.00,0
2026-05-02 19:40:02,1916.58,0,0,0,0,0,0,0,0.00,0,0.00,5.27,3.28,0.00,0.00,D,0.00,12.00,12.00,12.00,12.00, ,0.00,,14.10,12.30,0,0.00,43.9,1,0,0.00,0.00,0.00,12.00,0.00,0.00,0,0,0.00,0
2026-05-02 19:40:03,1917.59,0,0,0,0,0,0,0,0.00,0,0.00,5.27,3.27,0.00,0.00,D,0.00,12.00,12.00,12.00,12.00, ,0.00,,13.70,12.30,0,0.00,44.4,1,0,0.00,0.00,0.00,12.00,0.00,0.00,0,0,0.00,0
2026-05-02 19:40:04,1918.60,0,0,0,0,0,0,0,0.00,0,0.00,5.27,3.27,0.00,0.00,D,0.00,12.00,12.00,12.00,12.00, ,0.00,,13.60,12.30,0,0.04,45.0,1,0,0.00,0.00,0.00,12.00,0.00,0.00,0,0,0.00,0
2026-05-02 19:40:05,1919.61,0,0,0,0,0,0,0,0.00,0,0.00,5.27,3.27,0.00,0.00,D,0.00,12.00,12.00,12.00,12.00, ,0.00,,13.80,12.30,0,0.01,44.4,1,0,0.00,0.00,0.00,12.00,0.00,0.00,0,0,0.00,0
2026-05-02 19:40:06,1920.62,0,0,0,0,0,0,0,0.00,0,0.00,5.27,3.27,0.00,0.00,D,0.00,12.00,12.00,12.00,12.00, ,0.00,,13.40,12.30,0,0.01,44.4,1,0,0.00,0.00,0.00,12.00,0.00,0.00,0,0,0.00,0
2026-05-02 19:40:07,1921.64,0,0,0,0,0,0,0,0.00,0,0.00,5.27,3.27,0.00,0.00,D,0.00,12.00,12.00,12.00,12.00, ,0.00,,13.60,12.30,0,0.01,45.0,1,0,0.00,0.00,0.00,12.00,0.00,0.00,0,0,0.00,0
2026-05-02 19:40:08,1922.65,0,0,0,0,0,0,0,0.00,0,0.00,5.27,3.27,0.00,0.00,D,0.00,12.00,12.00,12.00,12.00, ,0.00,,13.60,12.30,0,0.01,44.4,1,0,0.00,0.00,0.00,12.00,0.00,0.00,0,0,0.00,0
2026-05-02 19:40:09,1923.66,0,0,0,0,0,0,0,0.00,0,0.00,5.27,3.26,0.00,0.00,D,0.00,12.00,12.00,12.00,12.00, ,0.00,,13.20,12.30,0,0.75,44.4,1,0,0.00,0.00,0.00,12.00,0.00,0.00,0,0,0.00,0
2026-05-02 19:40:10,1924.67,0,0,0,0,0,0,0,0.00,0,0.00,5.27,3.26,0.00,0.00,D,0.00,12.00,12.00,12.00,12.00, ,0.00,,12.90,12.30,0,0.00,45.0,1,0,0.00,0.00,0.00,12.00,0.00,0.00,0,0,0.00,0
2026-05-02 19:40:11,1925.69,0,0,0,0,0,0,0,0.00,0,0.00,5.27,3.26,0.00,0.00,D,0.00,12.00,12.00,12.00,12.00, ,0.00,,14.00,12.30,0,0.14,44.4,1,0,0.00,0.00,0.00,12.00,0.00,0.00,0,0,0.00,0
2026-05-02 19:40:12,1926.70,0,0,0,0,0,0,0,0.00,0,0.00,5.27,3.26,0.00,0.00,D,0.00,12.00,12.00,12.00,12.00, ,0.00,,13.20,12.30,0,1.15,42.8,1,0,0.00,0.00,0.00,12.00,0.00,0.00,0,0,0.00,0
2026-05-02 19:40:13,1927.81,0,0,0,0,0,0,0,0.00,0,0.00,5.27,3.26,0.00,0.00,D,0.00,12.00,12.00,12.00,12.00, ,0.00,,12.70,12.30,0,0.44,43.3,1,0,0.00,0.00,0.00,12.00,0.00,0.00,0,0,0.00,0
2026-05-02 19:40:14,1928.71,0,0,0,0,0,0,0,0.00,0,0.00,5.27,3.25,0.00,0.00,D,0.00,12.00,12.00,12.00,12.00, ,0.00,,13.50,12.30,0,1.34,44.4,1,0,0.00,0.00,0.00,12.00,0.00,0.00,0,0,0.00,0
2026-05-02 19:40:15,1929.72,0,0,0,0,0,0,0,0.00,0,0.00,5.27,3.25,0.00,0.00,D,0.00,12.00,12.00,12.00,12.00, ,0.00,,12.30,12.30,0,2.35,43.9,1,0,0.00,0.00,0.00,12.00,0.00,0.00,0,0,0.00,0
2026-05-02 19:40:16,1930.73,0,0,0,0,0,0,0,0.00,0,0.00,5.27,3.25,0.00,0.00,D,0.00,12.00,12.00,12.00,12.00, ,0.00,,12.90,12.30,0,3.36,44.4,1,0,0.00,0.00,0.00,12.00,0.00,0.00,0,0,0.00,0
2026-05-02 19:40:17,1931.75,0,0,0,0,0,0,0,0.00,0,0.00,5.27,3.25,0.00,0.00,D,0.00,12.00,12.00,12.00,12.00, ,0.00,,13.20,12.30,0,4.37,45.0,1,0,0.00,0.00,0.00,12.00,0.00,0.00,0,0,0.00,0
2026-05-02 19:40:18,1932.76,0,0,0,0,0,0,0,0.00,0,0.00,5.27,3.25,0.00,0.00,D,0.00,12.00,12.00,12.00,12.00, ,0.00,,11.50,12.30,0,0.54,46.1,1,0,0.00,0.00,0.00,12.00,0.00,0.00,0,0,0.00,0
2026-05-02 19:40:19,1933.77,0,0,0,0,0,0,0,0.00,0,0.00,5.27,3.25,0.00,0.00,D,0.00,12.00,12.00,12.00,12.00, ,0.00,,11.10,12.30,0,0.78,46.1,1,0,0.00,0.00,0.00,12.00,0.00,0.00,0,0,0.00,0
2026-05-02 19:40:20,1934.78,0,0,0,0,0,0,0,0.00,0,0.00,5.27,3.24,0.00,0.00,D,0.00,12.00,12.00,12.00,12.00, ,0.00,,12.00,12.30,0,1.80,46.1,1,0,0.00,0.00,0.00,12.00,0.00,0.00,0,0,0.00,0
2026-05-02 19:40:21,1935.79,0,0,0,0,0,0,0,0.00,0,0.00,5.27,3.24,0.00,0.00,D,0.00,12.00,12.00,12.00,12.00, ,0.00,,10.60,12.30,0,2.81,46.1,1,0,0.00,0.00,0.00,12.00,0.00,0.00,0,0,0.00,0
2026-05-02 19:40:22,1936.80,0,0,0,0,0,0,0,0.00,0,0.00,5.27,3.24,0.00,0.00,D,0.00,12.00,12.00,12.00,12.00, ,0.00,,11.50,12.30,0,3.82,45.5,1,0,0.00,0.00,0.00,12.00,0.00,0.00,0,0,0.00,0
2026-05-02 19:40:23,1937.92,0,0,0,0,0,0,0,0.00,0,0.00,5.27,3.24,0.00,0.00,D,0.00,12.00,12.00,12.00,12.00, ,0.00,,13.50,12.30,0,4.93,45.5,1,0,0.00,0.00,0.00,12.00,0.00,0.00,0,0,0.00,0
2026-05-02 19:40:24,1938.82,0,0,0,0,0,0,0,0.00,0,0.00,5.27,3.24,0.00,0.00,D,0.00,12.00,12.00,12.00,12.00, ,0.00,,13.00,12.30,0,5.84,43.9,1,0,0.00,0.00,0.00,12.00,0.00,0.00,0,0,0.00,0
2026-05-02 19:40:25,1939.83,0,0,0,0,0,0,0,0.00,0,0.00,5.27,3.24,0.00,0.00,D,0.00,12.00,12.00,12.00,12.00, ,0.00,,12.90,12.30,0,6.85,46.1,1,0,0.00,0.00,0.00,12.00,0.00,0.00,0,0,0.00,0
2026-05-02 19:40:26,1940.85,0,0,0,0,0,0,0,0.00,0,0.00,5.27,3.23,0.00,0.00,D,0.00,12.00,12.00,12.00,12.00, ,0.00,,13.30,12.30,0,7.87,43.9,1,0,0.00,0.00,0.00,12.00,0.00,0.00,0,0,0.00,0
2026-05-02 19:40:27,1941.86,0,0,0,0,0,0,0,0.00,0,0.00,5.27,3.23,0.00,0.00,D,0.00,12.00,12.00,12.00,12.00, ,0.00,,12.90,12.30,0,8.88,46.1,1,0,0.00,0.00,0.00,12.00,0.00,0.00,0,0,0.00,0
2026-05-02 19:40:28,1942.88,0,0,0,0,0,0,0,0.00,0,0.00,5.27,3.23,0.00,0.00,D,0.00,12.00,12.00,12.00,12.00, ,0.00,,13.30,12.30,0,9.89,44.4,1,0,0.00,0.00,0.00,12.00,0.00,0.00,0,0,0.00,0
2026-05-02 19:40:29,1943.89,0,0,0,0,0,0,0,0.00,0,0.00,5.27,3.23,0.00,0.00,D,0.00,12.00,12.00,12.00,12.00, ,0.00,,13.80,12.30,0,10.91,45.0,1,0,0.00,0.00,0.00,12.00,0.00,0.00,0,0,0.00,0
2026-05-02 19:40:30,1944.90,0,0,0,0,0,0,0,0.00,0,0.00,5.27,3.23,0.00,0.00,D,0.00,12.00,12.00,12.00,12.00, ,0.00,,16.60,12.50,0,0.52,46.1,1,0,0.00,0.00,0.00,12.00,0.00,0.00,0,0,0.00,0
2026-05-02 19:40:31,1945.92,0,0,0,0,0,0,0,0.00,0,0.00,5.27,3.23,0.00,0.00,D,0.00,12.00,12.00,12.00,12.00, ,0.00,,21.50,12.80,0,1.53,46.1,1,0,0.00,0.00,0.00,12.00,0.00,0.00,0,0,0.00,0
2026-05-02 19:40:32,1946.92,0,0,0,0,0,0,0,0.00,0,0.00,5.27,3.22,0.00,0.00,D,0.00,12.00,12.00,12.00,12.00, ,0.00,,23.40,13.10,0,2.53,46.1,1,0,0.00,0.00,0.00,12.00,0.00,0.00,0,0,0.00,0
2026-05-02 19:40:33,1947.93,0,0,0,0,0,0,0,0.00,0,0.00,5.27,3.22,0.00,0.00,D,0.00,12.00,12.00,12.00,12.00, ,0.00,,11.50,13.00,0,3.54,44.4,1,0,0.00,0.00,0.00,12.00,0.00,0.00,0,0,0.00,0
2026-05-02 19:40:34,1948.94,0,0,0,0,0,0,0,0.00,0,0.00,5.27,3.22,0.00,0.00,D,0.00,12.00,12.00,12.00,12.00, ,0.00,,11.40,13.00,0,4.55,46.6,1,0,0.00,0.00,0.00,12.00,0.00,0.00,0,0,0.00,0
2026-05-02 19:40:35,1949.95,0,0,0,0,0,0,0,0.00,0,0.00,5.27,3.22,0.00,0.00,D,0.00,12.00,12.00,12.00,12.00, ,0.00,,12.30,12.90,0,0.74,45.0,1,0,0.00,0.00,0.00,12.00,0.00,0.00,0,0,0.00,0
2026-05-02 19:40:36,1950.96,0,0,0,0,0,0,0,0.00,0,0.00,5.27,3.22,0.00,0.00,D,0.00,12.00,12.00,12.00,12.00, ,0.00,,12.80,12.90,0,0.20,45.0,1,0,0.00,0.00,0.00,12.00,0.00,0.00,0,0,0.00,0
2026-05-02 19:40:37,1951.98,0,0,0,0,0,0,0,0.00,0,0.00,5.27,3.22,0.00,0.00,D,0.00,12.00,12.00,12.00,12.00, ,0.00,,13.40,12.80,0,1.22,45.0,1,0,0.00,0.00,0.00,12.00,0.00,0.00,0,0,0.00,0
2026-05-02 19:40:38,1952.99,0,0,0,0,0,0,0,0.00,0,0.00,5.27,3.21,0.00,0.00,D,0.00,12.00,12.00,12.00,12.00, ,0.00,,13.60,12.80,0,2.23,44.4,1,0,0.00,0.00,0.00,12.00,0.00,0.00,0,0,0.00,0
2026-05-02 19:40:39,1954.00,0,0,0,0,0,0,0,0.00,0,0.00,5.27,3.21,0.00,0.00,D,0.00,12.00,12.00,12.00,12.00, ,0.00,,13.00,12.70,0,0.79,43.9,1,0,0.00,0.00,0.00,12.00,0.00,0.00,0,0,0.00,0
2026-05-02 19:40:40,1955.01,0,0,0,0,0,0,0,0.00,0,0.00,5.27,3.21,0.00,0.00,D,0.00,12.00,12.00,12.00,12.00, ,0.00,,13.20,12.70,0,1.81,45.5,1,0,0.00,0.00,0.00,12.00,0.00,0.00,0,0,0.00,0
2026-05-02 19:40:41,1956.02,0,0,0,0,0,0,0,0.00,0,0.00,5.27,3.21,0.00,0.00,D,0.00,12.00,12.00,12.00,12.00, ,0.00,,13.90,12.70,0,2.82,44.4,1,0,0.00,0.00,0.00,12.00,0.00,0.00,0,0,0.00,0
2026-05-02 19:40:42,1957.03,0,0,0,0,0,0,0,0.00,0,0.00,5.27,3.21,0.00,0.00,D,0.00,12.00,12.00,12.00,12.00, ,0.00,,13.20,12.70,0,0.20,45.0,1,0,0.00,0.00,0.00,12.00,0.00,0.00,0,0,0.00,0
2026-05-02 19:40:43,1958.04,0,0,0,0,0,0,0,0.00,0,0.00,5.27,3.21,0.00,0.00,D,0.00,12.00,12.00,12.00,12.00, ,0.00,,13.40,12.60,0,1.21,44.4,1,0,0.00,0.00,0.00,12.00,0.00,0.00,0,0,0.00,0
2026-05-02 19:40:44,1959.06,0,0,0,0,0,0,0,0.00,0,0.00,5.27,3.20,0.00,0.00,D,0.00,12.00,12.00,12.00,12.00, ,0.00,,13.40,12.60,0,2.23,43.9,1,0,0.00,0.00,0.00,12.00,0.00,0.00,0,0,0.00,0
2026-05-02 19:40:45,1960.07,0,0,0,0,0,0,0,0.00,0,0.00,5.27,3.20,0.00,0.00,D,0.00,12.00,12.00,12.00,12.00, ,0.00,,12.90,12.60,0,3.24,45.5,1,0,0.00,0.00,0.00,12.00,0.00,0.00,0,0,0.00,0
2026-05-02 19:40:46,1961.08,0,0,0,0,0,0,0,0.00,0,0.00,5.27,3.20,0.00,0.00,D,0.00,12.00,12.00,12.00,12.00, ,0.00,,15.20,12.70,0,0.14,45.5,1,0,0.00,0.00,0.00,12.00,0.00,0.00,0,0,0.00,0
2026-05-02 19:40:47,1962.09,0,0,0,0,0,0,0,0.00,0,0.00,5.27,3.20,0.00,0.00,D,0.00,12.00,12.00,12.00,12.00, ,0.00,,14.10,12.80,0,1.15,46.1,1,0,0.00,0.00,0.00,12.00,0.00,0.00,0,0,0.00,0
2026-05-02 19:40:48,1963.11,0,0,0,0,0,0,0,0.00,0,1.00,5.27,3.20,0.00,0.09,D,0.00,12.00,12.00,12.00,12.00, ,0.00,,10.90,12.70,0,2.16,45.0,1,0,0.00,0.00,0.00,12.00,0.00,0.00,0,0,0.00,0
2026-05-02 19:40:49,1964.12,0,0,0,0,0,0,0,0.00,0,1.00,5.27,3.20,0.03,0.60,D,0.00,12.00,12.00,12.00,12.00, ,0.00,,11.60,12.80,0,0.01,46.1,1,0,0.00,0.00,0.00,12.00,0.00,0.00,0,0,0.00,0
2026-05-02 19:40:50,1965.13,0,0,1,0,0,0,0,0.99,0,0.00,5.27,3.20,1.14,0.39,D,0.00,12.00,12.00,12.00,12.00, ,0.00,,12.60,12.70,0,0.00,45.5,1,0,0.00,0.00,0.00,12.00,0.00,0.00,0,0,0.00,0
2026-05-02 19:40:51,1966.14,0,0,0,0,0,0,0,0.00,0,0.00,5.27,3.19,0.00,0.00,D,0.00,12.00,12.00,12.00,12.00, ,0.00,,12.70,12.70,0,0.01,46.1,1,0,0.00,0.00,0.00,12.00,0.00,0.00,0,0,0.00,0
2026-05-02 19:40:52,1967.15,0,0,0,0,0,0,0,0.00,0,0.00,5.27,3.19,0.00,0.00,D,0.00,12.00,12.00,12.00,12.00, ,0.00,,13.90,12.60,0,0.77,46.1,1,0,0.00,0.00,0.00,12.00,0.00,0.00,0,0,0.00,0
2026-05-02 19:40:53,1968.16,0,0,0,0,0,0,0,0.00,0,0.00,5.27,3.19,0.00,0.00,D,0.00,12.00,12.00,12.00,12.00, ,0.00,,13.40,12.60,0,1.78,44.4,1,0,0.00,0.00,0.00,12.00,0.00,0.00,0,0,0.00,0
2026-05-02 19:40:54,1969.16,0,0,0,0,0,0,0,0.00,0,0.00,5.27,3.19,0.00,0.00,D,0.00,12.00,12.00,12.00,12.00, ,0.00,,12.60,12.60,0,2.78,45.5,1,0,0.00,0.00,0.00,12.00,0.00,0.00,0,0,0.00,0
2026-05-02 19:40:55,1970.18,0,0,0,0,0,0,0,0.00,0,0.00,5.27,3.19,0.00,0.00,D,0.00,12.00,12.00,12.00,12.00, ,0.00,,14.00,12.50,0,3.80,46.1,1,0,0.00,0.00,0.00,12.00,0.00,0.00,0,0,0.00,0
2026-05-02 19:40:56,1971.19,0,0,0,0,0,0,0,0.00,0,0.08,5.27,3.19,0.00,0.01,D,0.00,12.00,12.00,12.00,12.00, ,0.00,,13.40,12.50,0,4.81,45.5,1,0,0.00,0.00,0.00,12.00,0.00,0.00,0,0,0.00,0
2026-05-02 19:40:57,1972.20,0,0,0,0,0,0,0,0.00,0,0.00,5.27,3.18,0.01,0.43,D,0.00,12.00,12.00,12.00,12.00, ,0.00,,13.00,12.50,0,0.11,45.0,1,0,0.00,0.00,0.00,12.00,0.00,0.00,0,0,0.00,0
2026-05-02 19:40:58,1973.22,0,0,0,0,0,0,0,0.00,0,0.00,5.27,3.18,0.00,0.00,D,0.00,12.00,12.00,12.00,12.00, ,0.00,,14.10,12.50,0,0.94,45.0,1,0,0.00,0.00,0.00,12.00,0.00,0.00,0,0,0.00,0
2026-05-02 19:40:59,1974.23,0,0,0,0,0,0,0,0.00,0,0.00,5.27,3.18,0.00,0.00,D,0.00,12.00,12.00,12.00,12.00, ,0.00,,12.90,12.50,0,1.95,43.3,1,0,0.00,0.00,0.00,12.00,0.00,0.00,0,0,0.00,0
2026-05-02 19:41:00,1975.24,0,0,0,0,0,0,0,0.00,0,0.00,5.27,3.18,0.00,0.00,D,0.00,12.00,12.00,12.00,12.00, ,0.00,,12.80,12.50,0,0.10,45.5,1,0,0.00,0.00,0.00,12.00,0.00,0.00,0,0,0.00,0
2026-05-02 19:41:01,1976.25,0,0,0,0,0,0,0,0.00,0,0.00,5.27,3.18,0.00,0.00,D,0.00,12.00,12.00,12.00,12.00, ,0.00,,14.20,12.50,0,1.12,44.4,1,0,0.00,0.00,0.00,12.00,0.00,0.00,0,0,0.00,0
2026-05-02 19:41:03,1977.27,0,0,0,0,0,0,0,0.00,0,0.00,5.27,3.18,0.00,0.00,D,0.00,12.00,12.00,12.00,12.00, ,0.00,,15.30,12.50,0,2.13,45.5,1,0,0.00,0.00,0.00,12.00,0.00,0.00,0,0,0.00,0
2026-05-02 19:41:04,1978.28,0,0,0,0,0,0,0,0.00,0,0.00,5.27,3.17,0.00,0.00,D,0.00,12.00,12.00,12.00,12.00, ,0.00,,15.70,12.50,0,3.14,43.9,1,0,0.00,0.00,0.00,12.00,0.00,0.00,0,0,0.00,0
2026-05-02 19:41:05,1979.29,0,0,0,0,0,0,0,0.00,0,0.00,5.27,3.17,0.00,0.00,D,0.00,12.00,12.00,12.00,12.00, ,0.00,,19.70,12.30,0,4.16,45.0,1,0,0.00,0.00,0.00,12.00,0.00,0.00,0,0,0.00,0
2026-05-02 19:41:06,1980.30,0,0,0,0,0,0,0,0.00,0,0.00,5.27,3.17,0.00,0.00,D,0.00,12.00,12.00,12.00,12.00, ,0.00,,18.90,12.40,0,5.17,43.9,1,0,0.00,0.00,0.00,12.00,0.00,0.00,0,0,0.00,0
2026-05-02 19:41:07,1981.32,0,0,0,0,0,0,0,0.00,0,0.00,5.27,3.17,0.00,0.00,D,0.00,12.00,12.00,12.00,12.00, ,0.00,,19.10,12.40,0,6.18,45.0,1,0,0.00,0.00,0.00,12.00,0.00,0.00,0,0,0.00,0
2026-05-02 19:41:08,1982.33,0,0,0,0,0,0,0,0.00,0,0.00,5.27,3.17,0.00,0.00,D,0.00,12.00,12.00,12.00,12.00, ,0.00,,18.10,12.40,0,7.20,44.4,1,0,0.00,0.00,0.00,12.00,0.00,0.00,0,0,0.00,0
2026-05-02 19:41:09,1983.37,0,0,0,0,0,0,0,0.00,0,0.00,5.27,3.17,0.00,0.00,D,0.00,12.00,12.00,12.00,12.00, ,0.00,,18.30,12.40,0,8.24,46.1,1,0,0.00,0.00,0.00,12.00,0.00,0.00,0,0,0.00,0
2026-05-02 19:41:10,1984.34,0,0,0,0,0,0,0,0.00,0,0.00,5.27,3.16,0.00,0.00,D,0.00,12.00,12.00,12.00,12.00, ,0.00,,19.10,12.40,0,9.21,44.4,1,0,0.00,0.00,0.00,12.00,0.00,0.00,0,0,0.00,0
2026-05-02 19:41:11,1985.35,0,0,0,0,0,0,0,0.00,0,0.00,5.27,3.16,0.00,0.00,D,0.00,12.00,12.00,12.00,12.00, ,0.00,,21.00,12.30,0,10.22,45.5,1,0,0.00,0.00,0.00,12.00,0.00,0.00,0,0,0.00,0
2026-05-02 19:41:12,1986.36,0,0,0,0,0,0,0,0.00,0,0.00,5.27,3.16,0.00,0.00,D,0.00,12.00,12.00,12.00,12.00, ,0.00,,17.70,12.30,0,11.23,43.9,1,0,0.00,0.00,0.00,12.00,0.00,0.00,0,0,0.00,0
2026-05-02 19:41:13,1987.37,0,0,0,0,0,0,0,0.00,0,0.00,5.27,3.16,0.00,0.00,D,0.00,12.00,12.00,12.00,12.00, ,0.00,,19.60,12.40,0,12.24,46.1,1,0,0.00,0.00,0.00,12.00,0.00,0.00,0,0,0.00,0
2026-05-02 19:41:14,1988.39,0,0,0,0,0,0,0,0.00,0,0.00,5.27,3.16,0.00,0.00,D,0.00,12.00,12.00,12.00,12.00, ,0.00,,18.70,12.40,0,0.02,45.5,1,0,0.00,0.00,0.00,12.00,0.00,0.00,0,0,0.00,0
2026-05-02 19:41:15,1989.39,0,0,0,0,0,0,0,0.00,0,0.00,5.27,3.16,0.00,0.00,D,0.00,12.00,12.00,12.00,12.00, ,0.00,,20.60,12.40,0,1.03,44.4,1,0,0.00,0.00,0.00,12.00,0.00,0.00,0,0,0.00,0
2026-05-02 19:41:16,1990.40,0,0,0,0,0,0,0,0.00,0,0.00,5.27,3.15,0.00,0.00,D,0.00,12.00,12.00,12.00,12.00, ,0.00,,21.70,12.30,0,2.04,43.9,1,0,0.00,0.00,0.00,12.00,0.00,0.00,0,0,0.00,0
2026-05-02 19:41:17,1991.41,0,0,0,0,0,0,0,0.00,0,0.00,5.27,3.15,0.00,0.00,D,0.00,12.00,12.00,12.00,12.00, ,0.00,,22.20,12.40,0,0.01,44.4,1,0,0.00,0.00,0.00,12.00,0.00,0.00,0,0,0.00,0
2026-05-02 19:41:18,1992.43,0,0,0,0,0,0,0,0.00,0,0.00,5.27,3.15,0.00,0.00,D,0.00,12.00,12.00,12.00,12.00, ,0.00,,22.10,12.40,0,0.09,43.9,1,0,0.00,0.00,0.00,12.00,0.00,0.00,0,0,0.00,0
2026-05-02 19:41:19,1993.44,0,0,0,0,0,0,0,0.00,0,0.00,5.27,3.15,0.00,0.00,D,0.00,12.00,12.00,12.00,12.00, ,0.00,,20.70,12.30,0,1.10,44.4,1,0,0.00,0.00,0.00,12.00,0.00,0.00,0,0,0.00,0
2026-05-02 19:41:20,1994.46,0,0,0,0,0,0,0,0.00,0,0.00,5.27,3.15,0.00,0.00,D,0.00,12.00,12.00,12.00,12.00, ,0.00,,22.50,12.30,0,2.12,45.0,1,0,0.00,0.00,0.00,12.00,0.00,0.00,0,0,0.00,0
2026-05-02 19:41:21,1995.47,0,0,0,0,0,0,0,0.00,0,0.00,5.27,3.15,0.00,0.00,D,0.00,12.00,12.00,12.00,12.00, ,0.00,,21.00,12.30,0,3.13,46.1,1,0,0.00,0.00,0.00,12.00,0.00,0.00,0,0,0.00,0
2026-05-02 19:41:22,1996.48,0,0,0,0,0,0,0,0.86,0,1.00,5.27,3.15,0.00,0.37,D,0.00,12.00,12.00,12.00,12.00, ,0.00,,22.50,12.30,0,4.14,45.0,1,0,0.00,0.00,0.00,12.00,0.00,0.00,0,0,0.00,0
2026-05-02 19:41:23,1997.49,0,0,0,0,0,0,0,0.60,0,1.00,5.27,3.14,0.94,0.88,D,0.00,12.00,12.00,12.00,12.00, ,0.00,,23.20,12.30,0,0.00,45.5,1,0,0.00,0.00,0.00,12.00,0.00,0.00,0,0,0.00,0
2026-05-02 19:41:24,1998.50,0,0,0,0,0,0,0,0.00,0,1.00,5.27,3.14,1.67,0.52,D,0.00,12.00,12.00,12.00,12.00, ,0.00,,23.90,12.30,0,0.00,44.4,1,0,0.00,0.00,0.00,12.00,0.00,0.00,0,0,0.00,0
2026-05-02 19:41:25,1999.51,1,0,0,0,0,0,0,-0.17,0,1.00,5.27,3.14,1.85,0.98,D,0.00,12.00,12.00,12.00,12.00, ,-10.43,,23.90,12.30,0,0.00,46.6,1,0,0.00,0.00,0.00,12.00,-0.17,1.00,0,0,0.00,0
2026-05-02 19:41:26,2000.52,1,0,0,0,0,0,0,0.03,0,1.00,5.27,3.14,3.78,1.00,D,0.00,12.00,12.00,12.00,12.00, ,1.69,,23.60,12.30,0,0.00,46.6,1,0,0.00,0.00,0.00,12.00,0.03,1.00,0,0,0.00,0
2026-05-02 19:41:27,2001.54,1,0,0,0,0,0,0,0.18,0,1.00,5.27,3.14,3.87,1.00,D,0.00,12.00,12.00,12.00,12.00, ,10.75,,21.90,12.30,0,0.00,45.0,1,0,0.00,0.00,0.00,12.00,0.18,1.00,0,0,0.00,0
2026-05-02 19:41:28,2002.55,1,0,0,0,0,0,0,0.02,0,1.00,5.27,3.14,3.83,1.00,D,0.00,12.00,12.00,12.00,12.00, ,1.02,,21.70,12.30,0,0.00,45.5,1,0,0.00,0.00,0.00,12.00,0.02,1.00,0,0,0.00,0
2026-05-02 19:41:29,2003.56,1,0,0,0,0,0,0,0.27,0,1.00,5.27,3.14,3.60,1.00,D,0.00,12.00,12.00,12.00,12.00, ,16.19,,23.60,12.30,0,0.00,47.2,1,0,0.00,0.00,0.00,12.00,0.27,1.00,0,0,0.00,0
2026-05-02 19:41:30,2004.57,1,0,0,0,0,0,0,0.01,0,1.00,5.27,3.14,3.73,1.00,D,0.00,12.00,12.00,12.00,12.00, ,0.52,,21.90,12.30,0,0.00,45.5,1,0,0.00,0.00,0.00,12.00,0.01,1.00,0,0,0.00,0
2026-05-02 19:41:31,2005.58,1,0,0,0,0,0,0,0.21,0,1.00,5.27,3.14,3.72,1.00,D,0.00,12.00,12.00,12.00,12.00, ,12.55,,23.00,12.30,0,0.00,46.6,1,0,0.00,0.00,0.00,12.00,0.21,1.00,0,0,0.00,0
2026-05-02 19:41:32,2006.60,1,0,0,0,0,0,0,-0.05,0,1.00,5.27,3.14,3.75,1.00,D,0.00,12.00,12.00,12.00,12.00, ,-2.77,,25.60,12.30,0,0.00,45.5,1,0,0.00,0.00,0.00,12.00,-0.05,1.00,0,0,0.00,0
2026-05-02 19:41:33,2007.61,1,0,0,0,0,0,0,0.26,0,1.00,5.27,3.14,3.78,1.00,D,0.00,12.00,12.00,12.00,12.00, ,15.53,,21.60,12.30,0,0.00,45.5,1,0,0.00,0.00,0.00,12.00,0.26,1.00,0,0,0.00,0
2026-05-02 19:41:34,2008.62,1,0,0,0,0,0,0,-0.01,0,1.00,5.27,3.14,3.69,1.00,D,0.00,12.00,12.00,12.00,12.00, ,-0.54,,22.90,12.30,0,0.00,46.6,1,0,0.00,0.00,0.00,12.00,-0.01,1.00,0,0,0.00,0
2026-05-02 19:41:35,2009.62,1,0,0,0,0,0,0,0.08,0,1.00,5.27,3.15,3.77,1.00,D,0.00,12.00,12.00,12.00,12.00, ,4.81,,22.90,12.30,0,0.00,45.5,1,0,0.00,0.00,0.00,12.00,0.08,1.00,0,0,0.00,0
2026-05-02 19:41:36,2010.64,1,0,0,0,0,0,0,-0.01,0,1.00,5.27,3.15,3.76,1.00,D,0.00,12.00,12.00,12.00,12.00, ,-0.39,,22.50,12.30,0,0.00,47.2,1,0,0.00,0.00,0.00,12.00,-0.01,1.00,0,0,0.00,0
2026-05-02 19:41:37,2011.65,1,0,0,0,0,0,0,0.10,0,1.00,5.27,3.15,3.73,1.00,D,0.00,12.00,12.00,12.00,12.00, ,5.94,,22.50,12.30,0,0.00,46.6,1,0,0.00,0.00,0.00,12.00,0.10,1.00,0,0,0.00,0
2026-05-02 19:41:38,2012.65,1,0,0,0,0,0,0,0.03,0,1.00,5.27,3.15,3.71,1.00,D,0.00,12.00,12.00,12.00,12.00, ,1.57,,24.70,12.30,0,0.00,46.6,1,0,0.00,0.00,0.00,12.00,0.03,1.00,0,0,0.00,0
2026-05-02 19:41:39,2013.67,1,0,0,0,0,0,0,0.20,0,1.00,5.27,3.15,3.78,1.00,D,0.00,12.00,12.00,12.00,12.00, ,11.79,,24.00,12.30,0,0.00,46.6,1,0,0.00,0.00,0.00,12.00,0.20,1.00,0,0,0.00,0
2026-05-02 19:41:40,2014.68,1,0,0,0,0,0,0,0.00,0,1.00,5.27,3.15,3.72,1.00,D,0.00,12.00,12.00,12.00,12.00, ,0.08,,24.50,12.30,0,0.00,45.5,1,0,0.00,0.00,0.00,12.00,0.00,1.00,0,0,0.00,0
2026-05-02 19:41:41,2015.70,1,0,0,0,0,0,0,0.14,0,1.00,5.27,3.15,3.86,1.00,D,0.00,12.00,12.00,12.00,12.00, ,8.67,,25.70,12.30,0,0.00,47.2,1,0,0.00,0.00,0.00,12.00,0.14,1.00,0,0,0.00,0
2026-05-02 19:41:42,2016.71,1,0,0,0,0,0,0,0.16,0,1.00,5.27,3.15,3.79,1.00,D,0.00,12.00,12.00,12.00,12.00, ,9.30,,21.50,12.30,0,0.00,45.5,1,0,0.00,0.00,0.00,12.00,0.16,1.00,0,0,0.00,0
2026-05-02 19:41:43,2017.71,1,0,0,0,0,0,0,0.04,0,1.00,5.27,3.15,3.79,1.00,D,0.00,12.00,12.00,12.00,12.00, ,2.11,,22.50,12.30,0,0.00,47.2,1,0,0.00,0.00,0.00,12.00,0.04,1.00,0,0,0.00,0
2026-05-02 19:41:44,2018.72,1,0,0,0,0,0,0,0.05,0,1.00,5.27,3.15,3.75,1.00,D,0.00,12.00,12.00,12.00,12.00, ,3.00,,24.00,12.30,0,0.00,45.5,1,0,0.00,0.00,0.00,12.00,0.05,1.00,0,0,0.00,0
2026-05-02 19:41:45,2019.74,1,0,0,0,0,0,0,0.09,0,1.00,5.27,3.15,3.79,1.00,D,0.00,12.00,12.00,12.00,12.00, ,5.29,,22.50,12.30,0,0.00,47.2,1,0,0.00,0.00,0.00,12.00,0.09,1.00,0,0,0.00,0
2026-05-02 19:41:46,2020.75,1,0,0,0,0,0,0,0.08,0,1.00,5.27,3.15,3.78,1.00,D,0.00,12.00,12.00,12.00,12.00, ,4.92,,22.20,12.30,0,0.00,47.2,1,0,0.00,0.00,0.00,12.00,0.08,1.00,0,0,0.00,0
2026-05-02 19:41:47,2021.76,1,0,0,0,0,0,0,0.01,0,1.00,5.27,3.15,3.79,1.00,D,0.00,12.00,12.00,12.00,12.00, ,0.54,,24.90,12.30,0,0.00,45.5,1,0,0.00,0.00,0.00,12.00,0.01,1.00,0,0,0.00,0
2026-05-02 19:41:48,2022.77,1,0,0,0,0,0,0,0.07,0,1.00,5.27,3.15,3.77,1.00,D,0.00,12.00,12.00,12.00,12.00, ,4.34,,24.90,12.30,0,0.00,46.6,1,0,0.00,0.00,0.00,12.00,0.07,1.00,0,0,0.00,0
2026-05-02 19:41:49,2023.78,1,0,0,0,0,0,0,0.03,0,1.00,5.27,3.15,3.82,1.00,D,0.00,12.00,12.00,12.00,12.00, ,2.09,,23.70,12.30,0,0.00,46.1,1,0,0.00,0.00,0.00,12.00,0.03,1.00,0,0,0.00,0
2026-05-02 19:41:50,2024.79,1,0,0,0,0,0,0,0.08,0,1.00,5.27,3.15,3.77,1.00,D,0.00,12.00,12.00,12.00,12.00, ,4.81,,23.60,12.30,0,0.00,47.2,1,0,0.00,0.00,0.00,12.00,0.08,1.00,0,0,0.00,0
2026-05-02 19:41:51,2025.80,1,0,0,0,0,0,0,-0.01,0,1.00,5.27,3.15,3.84,1.00,D,0.00,12.00,12.00,12.00,12.00, ,-0.32,,22.40,12.30,0,0.00,47.2,1,0,0.00,0.00,0.00,12.00,-0.01,1.00,0,0,0.00,0
2026-05-02 19:41:52,2026.81,1,0,0,0,0,0,0,0.02,0,1.00,5.27,3.15,3.76,1.00,D,0.00,12.00,12.00,12.00,12.00, ,1.11,,22.90,12.30,0,0.00,46.1,1,0,0.00,0.00,0.00,12.00,0.02,1.00,0,0,0.00,0
2026-05-02 19:41:53,2027.82,1,0,0,0,0,0,0,-0.02,0,1.00,5.27,3.15,3.80,1.00,D,0.00,12.00,12.00,12.00,12.00, ,-1.42,,24.20,12.30,0,0.00,47.2,1,0,0.00,0.00,0.00,12.00,-0.02,1.00,0,0,0.00,0
2026-05-02 19:41:54,2028.82,1,0,0,0,0,0,0,0.01,0,1.00,5.27,3.15,3.76,1.00,D,0.00,12.00,12.00,12.00,12.00, ,0.72,,24.50,12.30,0,0.00,47.2,1,0,0.00,0.00,0.00,12.00,0.01,1.00,0,0,0.00,0
2026-05-02 19:41:55,2029.83,1,0,0,0,0,0,0,0.03,0,1.00,5.27,3.15,3.81,1.00,D,0.00,12.00,12.00,12.00,12.00, ,2.04,,25.30,12.30,0,0.00,47.2,1,0,0.00,0.00,0.00,12.00,0.03,1.00,0,0,0.00,0
2026-05-02 19:41:56,2030.84,1,0,0,0,0,0,0,-0.12,0,1.00,5.27,3.15,3.79,1.00,D,0.00,12.00,12.00,12.00,12.00, ,-7.29,,25.00,12.30,0,0.00,46.1,1,0,0.00,0.00,0.00,12.00,-0.12,1.00,0,0,0.00,0
2026-05-02 19:41:57,2031.86,1,0,0,0,0,0,0,-0.14,0,1.00,5.27,3.15,3.84,1.00,D,0.00,12.00,12.00,12.00,12.00, ,-8.33,,24.40,12.30,0,0.00,47.2,1,0,0.00,0.00,0.00,12.00,-0.14,1.00,0,0,0.00,0
2026-05-02 19:41:58,2032.86,1,0,0,0,0,0,0,-0.04,0,1.00,5.27,3.15,3.86,1.00,D,0.00,12.00,12.00,12.00,12.00, ,-2.14,,24.80,12.40,0,0.00,46.1,1,0,0.00,0.00,0.00,12.00,-0.04,1.00,0,0,0.00,0
2026-05-02 19:41:59,2033.88,1,0,0,0,0,0,0,0.13,0,1.00,5.27,3.15,3.87,1.00,D,0.00,12.00,12.00,12.00,12.00, ,7.51,,25.30,12.30,0,0.00,45.5,1,0,0.00,0.00,0.00,12.00,0.13,1.00,0,0,0.00,0
2026-05-02 19:42:00,2034.89,1,0,0,0,0,0,0,0.06,0,1.00,5.27,3.15,3.79,1.00,D,0.00,12.00,12.00,12.00,12.00, ,3.56,,24.30,12.30,0,0.00,46.1,1,0,0.00,0.00,0.00,12.00,0.06,1.00,0,0,0.00,0
2026-05-02 19:42:01,2035.90,1,0,0,0,0,0,0,0.11,0,1.00,5.27,3.15,3.84,1.00,D,0.00,12.00,12.00,12.00,12.00, ,6.35,,25.10,12.30,0,0.00,46.6,1,0,0.00,0.00,0.00,12.00,0.11,1.00,0,0,0.00,0
2026-05-02 19:42:02,2036.91,1,0,0,0,0,0,0,0.05,0,1.00,5.27,3.15,3.80,1.00,D,0.00,12.00,12.00,12.00,12.00, ,2.83,,24.70,12.30,0,0.00,46.6,1,0,0.00,0.00,0.00,12.00,0.05,1.00,0,0,0.00,0
2026-05-02 19:42:03,2037.93,1,0,0,0,0,0,0,0.12,0,1.00,5.27,3.15,3.87,1.00,D,0.00,12.00,12.00,12.00,12.00, ,7.12,,24.10,12.30,0,0.00,45.5,1,0,0.00,0.00,0.00,12.00,0.12,1.00,0,0,0.00,0
2026-05-02 19:42:04,2038.93,1,0,0,0,0,0,0,-0.01,0,1.00,5.27,3.15,3.82,1.00,D,0.00,12.00,12.00,12.00,12.00, ,-0.67,,25.50,12.30,0,0.00,46.1,1,0,0.00,0.00,0.00,12.00,-0.01,1.00,0,0,0.00,0
2026-05-02 19:42:05,2039.94,1,0,0,0,0,0,0,0.12,0,1.00,5.27,3.15,3.84,1.00,D,0.00,12.00,12.00,12.00,12.00, ,7.42,,24.90,12.30,0,0.00,45.5,1,0,0.00,0.00,0.00,12.00,0.12,1.00,0,0,0.00,0
2026-05-02 19:42:06,2040.94,1,0,0,0,0,0,0,-0.10,0,1.00,5.27,3.15,3.80,1.00,D,0.00,12.00,12.00,12.00,12.00, ,-5.73,,25.20,12.30,0,0.00,45.5,1,0,0.00,0.00,0.00,12.00,-0.10,1.00,0,0,0.00,0
2026-05-02 19:42:07,2041.96,1,0,0,0,0,0,0,0.08,0,1.00,5.27,3.16,3.84,1.00,D,0.00,12.00,12.00,12.00,12.00, ,4.51,,25.10,12.30,0,0.00,46.1,1,0,0.00,0.00,0.00,12.00,0.08,1.00,0,0,0.00,0
2026-05-02 19:42:08,2042.97,1,0,0,0,0,0,0,0.10,0,1.00,5.27,3.16,3.75,1.00,D,0.00,12.00,12.00,12.00,12.00, ,6.16,,25.70,12.30,0,0.00,47.7,1,0,0.00,0.00,0.00,12.00,0.10,1.00,0,0,0.00,0
2026-05-02 19:42:09,2043.98,1,0,0,0,0,0,0,0.00,0,1.00,5.27,3.16,3.85,1.00,D,0.00,12.00,12.00,12.00,12.00, ,0.29,,25.90,12.30,0,0.00,45.0,1,0,0.00,0.00,0.00,12.00,0.00,1.00,0,0,0.00,0
2026-05-02 19:42:10,2045.00,1,0,0,0,0,0,0,0.12,0,1.00,5.27,3.16,3.72,1.00,D,0.00,12.00,12.00,12.00,12.00, ,7.24,,24.70,12.30,0,0.00,47.2,1,0,0.00,0.00,0.00,12.00,0.12,1.00,0,0,0.00,0
2026-05-02 19:42:11,2046.01,1,0,0,0,0,0,0,-0.00,0,1.00,5.27,3.16,3.86,1.00,D,0.00,12.00,12.00,12.00,12.00, ,-0.26,,26.10,12.30,0,0.00,47.2,1,0,0.00,0.00,0.00,12.00,-0.00,1.00,0,0,0.00,0
2026-05-02 19:42:12,2047.02,1,0,0,0,0,0,0,0.07,0,1.00,5.27,3.16,3.76,1.00,D,0.00,12.00,12.00,12.00,12.00, ,4.41,,26.60,12.40,0,0.00,46.1,1,0,0.00,0.00,0.00,12.00,0.07,1.00,0,0,0.00,0
2026-05-02 19:42:13,2048.04,1,0,0,0,0,0,0,-0.00,0,1.00,5.27,3.16,3.82,1.00,D,0.00,12.00,12.00,12.00,12.00, ,-0.11,,26.00,12.40,0,0.00,45.5,1,0,0.00,0.00,0.00,12.00,-0.00,1.00,0,0,0.00,0
2026-05-02 19:42:14,2049.05,1,0,0,0,0,0,0,0.08,0,1.00,5.27,3.16,3.77,1.00,D,0.00,12.00,12.00,12.00,12.00, ,4.76,,26.50,12.30,0,0.00,47.2,1,0,0.00,0.00,0.00,12.00,0.08,1.00,0,0,0.00,0
2026-05-02 19:42:15,2050.07,1,0,0,0,0,0,0,0.14,0,1.00,5.27,3.16,3.84,1.00,D,0.00,12.00,12.00,12.00,12.00, ,8.38,,24.10,12.40,0,0.00,46.1,1,0,0.00,0.00,0.00,12.00,0.14,1.00,0,0,0.00,0
2026-05-02 19:42:16,2051.08,1,0,0,0,0,0,0,0.13,0,1.00,5.27,3.16,3.84,1.00,D,0.00,12.00,12.00,12.00,12.00, ,7.60,,25.60,12.40,0,0.00,45.5,1,0,0.00,0.00,0.00,12.00,0.13,1.00,0,0,0.00,0
2026-05-02 19:42:17,2052.09,1,0,0,0,0,0,0,0.01,0,1.00,5.27,3.16,3.82,1.00,D,0.00,12.00,12.00,12.00,12.00, ,0.53,,25.60,12.40,0,0.00,46.6,1,0,0.00,0.00,0.00,12.00,0.01,1.00,0,0,0.00,0
2026-05-02 19:42:18,2053.10,1,0,0,0,0,0,0,0.13,0,1.00,5.27,3.16,3.83,1.00,D,0.00,12.00,12.00,12.00,12.00, ,7.99,,25.00,12.40,0,0.00,46.1,1,0,0.00,0.00,0.00,12.00,0.13,1.00,0,0,0.00,0
2026-05-02 19:42:19,2054.11,1,0,0,0,0,0,0,0.03,0,1.00,5.27,3.16,3.83,1.00,D,0.00,12.00,12.00,12.00,12.00, ,1.95,,25.50,12.40,0,0.00,45.5,1,0,0.00,0.00,0.00,12.00,0.03,1.00,0,0,0.00,0
2026-05-02 19:42:20,2055.12,1,0,0,0,0,0,0,0.17,0,1.00,5.27,3.16,3.84,1.00,D,0.00,12.00,12.00,12.00,12.00, ,10.06,,26.30,12.40,0,0.00,46.6,1,0,0.00,0.00,0.00,12.00,0.17,1.00,0,0,0.00,0
2026-05-02 19:42:21,2056.13,1,0,0,0,0,0,0,0.01,0,1.00,5.27,3.16,3.86,1.00,D,0.00,12.00,12.00,12.00,12.00, ,0.71,,26.20,12.40,0,0.00,45.5,1,0,0.00,0.00,0.00,12.00,0.01,1.00,0,0,0.00,0
2026-05-02 19:42:22,2057.15,1,0,0,0,0,0,0,0.17,0,1.00,5.27,3.16,3.91,1.00,D,0.00,12.00,12.00,12.00,12.00, ,10.35,,26.70,12.40,0,0.00,45.5,1,0,0.00,0.00,0.00,12.00,0.17,1.00,0,0,0.00,0
2026-05-02 19:42:23,2058.15,1,0,0,0,0,0,0,-0.03,0,1.00,5.27,3.16,3.91,1.00,D,0.00,12.00,12.00,12.00,12.00, ,-1.93,,26.00,12.40,0,0.00,47.2,1,0,0.00,0.00,0.00,12.00,-0.03,1.00,0,0,0.00,0
2026-05-02 19:42:24,2059.16,1,0,0,0,0,0,0,0.16,0,1.00,5.27,3.16,3.95,1.00,D,0.00,12.00,12.00,12.00,12.00, ,9.68,,30.10,12.50,0,0.00,45.5,1,0,0.00,0.00,0.00,12.00,0.16,1.00,0,0,0.00,0
2026-05-02 19:42:25,2060.17,1,0,0,0,0,0,0,0.10,0,1.00,5.27,3.16,3.87,1.00,D,0.00,12.00,12.00,12.00,12.00, ,6.29,,38.10,12.90,0,0.00,46.6,1,0,0.00,0.00,0.00,12.00,0.10,1.00,0,0,0.00,0
2026-05-02 19:42:26,2061.19,1,0,0,0,0,0,0,0.08,0,1.00,5.27,3.16,3.65,1.00,D,0.00,12.00,12.00,12.00,12.00, ,4.99,,31.90,12.80,0,0.00,47.2,1,0,0.00,0.00,0.00,12.00,0.08,1.00,0,0,0.00,0
2026-05-02 19:42:27,2062.20,1,0,0,0,0,0,0,0.07,0,1.00,5.27,3.16,3.83,1.00,D,0.00,12.00,12.00,12.00,12.00, ,4.27,,31.20,13.00,0,0.00,48.8,1,0,0.00,0.00,0.00,12.00,0.07,1.00,0,0,0.00,0
2026-05-02 19:42:28,2063.22,1,0,0,0,0,0,0,0.11,0,1.00,5.27,3.16,3.88,1.00,D,0.00,12.00,12.00,12.00,12.00, ,6.31,,30.90,13.10,0,0.00,48.3,1,0,0.00,0.00,0.00,12.00,0.11,1.00,0,0,0.00,0
2026-05-02 19:42:29,2064.22,1,0,0,0,0,0,0,0.12,0,1.00,5.27,3.16,3.94,1.00,D,0.00,12.00,12.00,12.00,12.00, ,7.26,,38.50,13.00,0,0.00,47.7,1,0,0.00,0.00,0.00,12.00,0.12,1.00,0,0,0.00,0
2026-05-02 19:42:30,2065.24,1,0,0,0,0,0,0,0.31,0,1.00,5.27,3.16,4.10,1.00,D,0.00,12.00,12.00,12.00,12.00, ,18.46,,33.80,13.00,0,0.00,48.8,1,0,0.00,0.00,0.00,12.00,0.31,1.00,0,0,0.00,0
2026-05-02 19:42:31,2066.25,1,0,0,0,0,0,0,0.15,0,1.00,5.27,3.16,4.27,1.00,D,0.00,12.00,12.00,12.00,12.00, ,9.05,,26.40,13.00,0,0.00,48.8,1,0,0.00,0.00,0.00,12.00,0.15,1.00,0,0,0.00,0
2026-05-02 19:42:33,2067.27,1,0,0,0,0,0,0,0.29,0,1.00,5.27,3.16,4.09,1.00,D,0.00,12.00,12.00,12.00,12.00, ,17.30,,24.80,12.90,0,0.00,47.2,1,0,0.00,0.00,0.00,12.00,0.29,1.00,0,0,0.00,0
2026-05-02 19:42:34,2068.28,1,0,0,0,0,0,0,0.10,0,1.00,5.27,3.16,4.00,1.00,D,0.00,12.00,12.00,12.00,12.00, ,6.26,,32.70,13.30,0,0.00,48.8,1,0,0.00,0.00,0.00,12.00,0.10,1.00,0,0,0.00,0
2026-05-02 19:42:35,2069.29,1,0,0,0,0,0,0,0.18,0,1.00,5.27,3.16,4.04,1.00,D,0.00,12.00,12.00,12.00,12.00, ,10.72,,28.00,13.30,0,0.00,48.3,1,0,0.00,0.00,0.00,12.00,0.18,1.00,0,0,0.00,0
2026-05-02 19:42:36,2070.30,1,0,0,0,0,0,0,0.11,0,1.00,5.27,3.17,4.04,1.00,D,0.00,12.00,12.00,12.00,12.00, ,6.33,,26.70,13.20,0,0.00,47.2,1,0,0.00,0.00,0.00,12.00,0.11,1.00,0,0,0.00,0
2026-05-02 19:42:37,2071.31,1,0,0,0,0,0,0,-0.01,0,1.00,5.27,3.17,4.06,1.00,D,0.00,12.00,12.00,12.00,12.00, ,-0.71,,29.20,13.20,0,0.00,47.7,1,0,0.00,0.00,0.00,12.00,-0.01,1.00,0,0,0.00,0
2026-05-02 19:42:38,2072.33,1,0,0,0,0,0,0,0.04,0,1.00,5.27,3.17,4.19,1.00,D,0.00,12.00,12.00,12.00,12.00, ,2.37,,28.00,13.00,0,0.00,48.3,1,0,0.00,0.00,0.00,12.00,0.04,1.00,0,0,0.00,0
2026-05-02 19:42:39,2073.34,1,0,0,0,0,0,0,0.31,0,1.00,5.27,3.17,4.07,1.00,D,0.00,12.00,12.00,12.00,12.00, ,18.90,,30.60,13.00,0,0.00,47.7,1,0,0.00,0.00,0.00,12.00,0.31,1.00,0,0,0.00,0
2026-05-02 19:42:40,2074.35,1,0,0,0,0,0,0,-0.02,0,1.00,5.27,3.17,3.93,1.00,D,0.00,12.00,12.00,12.00,12.00, ,-1.04,,26.40,13.00,0,0.00,48.3,1,0,0.00,0.00,0.00,12.00,-0.02,1.00,0,0,0.00,0
2026-05-02 19:42:41,2075.37,1,0,0,0,0,0,0,0.03,0,1.00,5.27,3.17,4.08,1.00,D,0.00,12.00,12.00,12.00,12.00, ,1.63,,29.60,12.80,0,0.00,46.6,1,0,0.00,0.00,0.00,12.00,0.03,1.00,0,0,0.00,0
2026-05-02 19:42:42,2076.37,1,0,0,0,0,0,0,0.00,0,1.00,5.27,3.17,4.07,1.00,D,0.00,12.00,12.00,12.00,12.00, ,0.20,,37.80,13.00,0,0.00,46.6,1,0,0.00,0.00,0.00,12.00,0.00,1.00,0,0,0.00,0
2026-05-02 19:42:43,2077.38,1,0,0,0,0,0,0,0.45,0,1.00,5.27,3.17,4.11,1.00,D,0.00,12.00,12.00,12.00,12.00, ,26.76,,27.80,12.80,0,0.00,47.2,1,0,0.00,0.00,0.00,12.00,0.45,1.00,0,0,0.00,0
2026-05-02 19:42:44,2078.40,1,0,0,0,0,0,0,0.32,0,1.00,5.27,3.17,3.92,1.00,D,0.00,12.00,12.00,12.00,12.00, ,19.44,,34.00,12.80,0,0.00,47.2,1,0,0.00,0.00,0.00,12.00,0.32,1.00,0,0,0.00,0
2026-05-02 19:42:45,2079.41,1,0,0,0,0,0,0,0.27,0,1.00,5.27,3.17,3.76,1.00,D,0.00,12.00,12.00,12.00,12.00, ,16.01,,34.10,12.80,0,0.00,47.7,1,0,0.00,0.00,0.00,12.00,0.27,1.00,0,0,0.00,0
2026-05-02 19:42:46,2080.41,1,0,0,0,0,0,0,-0.18,0,1.00,5.27,3.17,3.96,1.00,D,0.00,12.00,12.00,12.00,12.00, ,-10.83,,27.50,12.80,0,0.00,46.6,1,0,0.00,0.00,0.00,12.00,-0.18,1.00,0,0,0.00,0
2026-05-02 19:42:47,2081.42,1,0,0,0,0,0,0,0.15,0,1.00,5.27,3.17,4.06,1.00,D,0.00,12.00,12.00,12.00,12.00, ,9.01,,38.50,12.80,0,0.00,46.1,1,0,0.00,0.00,0.00,12.00,0.15,1.00,0,0,0.00,0
2026-05-02 19:42:48,2082.43,1,0,0,0,0,0,0,0.04,0,1.00,5.27,3.17,3.99,1.00,D,0.00,12.00,12.00,12.00,12.00, ,2.59,,41.80,12.90,0,0.00,46.1,1,0,0.00,0.00,0.00,12.00,0.04,1.00,0,0,0.00,0
2026-05-02 19:42:49,2083.43,1,0,0,0,0,0,0,0.16,0,1.00,5.27,3.17,4.04,1.00,D,0.00,12.00,12.00,12.00,12.00, ,9.86,,37.40,12.90,0,0.00,45.0,1,0,0.00,0.00,0.00,12.00,0.16,1.00,0,0,0.00,0
2026-05-02 19:42:50,2084.44,1,0,0,0,0,0,0,-0.11,0,1.00,5.27,3.17,4.02,1.00,D,0.00,12.00,12.00,12.00,12.00, ,-6.50,,34.30,12.70,0,0.00,46.6,1,0,0.00,0.00,0.00,12.00,-0.11,1.00,0,0,0.00,0
2026-05-02 19:42:51,2085.45,1,0,0,0,0,0,0,-0.00,0,1.00,5.27,3.17,4.08,1.00,D,0.00,12.00,12.00,12.00,12.00, ,-0.04,,42.70,12.70,0,0.00,46.6,1,0,0.00,0.00,0.00,12.00,-0.00,1.00,0,0,0.00,0
2026-05-02 19:42:52,2086.45,1,0,0,0,0,0,0,0.21,0,1.00,5.27,3.17,4.03,1.00,D,0.00,12.00,12.00,12.00,12.00, ,12.75,,39.90,12.80,0,0.00,46.1,1,0,0.00,0.00,0.00,12.00,0.21,1.00,0,0,0.00,0
2026-05-02 19:42:53,2087.45,1,0,0,0,0,0,0,-0.01,0,1.00,5.27,3.17,4.01,1.00,D,0.00,12.00,12.00,12.00,12.00, ,-0.53,,34.70,12.90,0,0.00,46.1,1,0,0.00,0.00,0.00,12.00,-0.01,1.00,0,0,0.00,0
2026-05-02 19:42:54,2088.46,1,0,0,0,0,0,0,0.15,0,1.00,5.27,3.17,4.00,1.00,D,0.00,12.00,12.00,12.00,12.00, ,9.24,,31.30,12.80,0,0.00,45.5,1,0,0.00,0.00,0.00,12.00,0.15,1.00,0,0,0.00,0
2026-05-02 19:42:55,2089.48,1,0,0,0,0,0,0,0.11,0,1.00,5.27,3.17,4.03,1.00,D,0.00,12.00,12.00,12.00,12.00, ,6.44,,41.30,12.80,0,0.00,45.5,1,0,0.00,0.00,0.00,12.00,0.11,1.00,0,0,0.00,0
2026-05-02 19:42:56,2090.50,1,0,0,0,0,0,0,0.08,0,1.00,5.27,3.17,4.01,1.00,D,0.00,12.00,12.00,12.00,12.00, ,4.88,,32.30,12.60,0,0.00,46.1,1,0,0.00,0.00,0.00,12.00,0.08,1.00,0,0,0.00,0
2026-05-02 19:42:57,2091.51,1,0,0,0,0,0,0,-0.03,0,1.00,5.27,3.17,4.05,1.00,D,0.00,12.00,12.00,12.00,12.00, ,-1.53,,41.40,12.90,0,0.00,46.6,1,0,0.00,0.00,0.00,12.00,-0.03,1.00,0,0,0.00,0
2026-05-02 19:42:58,2092.53,1,0,0,0,0,0,0,0.07,0,1.00,5.27,3.17,4.05,1.00,D,0.00,12.00,12.00,12.00,12.00, ,4.48,,38.50,12.90,0,0.00,45.5,1,0,0.00,0.00,0.00,12.00,0.07,1.00,0,0,0.00,0
2026-05-02 19:42:59,2093.54,1,0,0,0,0,0,0,0.29,0,1.00,5.27,3.17,4.13,1.00,D,0.00,12.00,12.00,12.00,12.00, ,17.25,,36.70,12.60,0,0.00,45.5,1,0,0.00,0.00,0.00,12.00,0.29,1.00,0,0,0.00,0
2026-05-02 19:43:00,2094.54,1,0,0,0,0,0,0,0.30,0,1.00,5.27,3.18,4.11,1.00,D,0.00,12.00,12.00,12.00,12.00, ,17.80,,51.30,12.90,0,0.00,44.4,1,0,0.00,0.00,0.00,12.00,0.30,1.00,0,0,0.00,0
2026-05-02 19:43:01,2095.55,1,0,0,0,0,0,0,0.15,0,1.00,5.27,3.18,4.18,1.00,D,0.00,12.00,12.00,12.00,12.00, ,9.16,,34.40,12.90,0,0.00,44.4,1,0,0.00,0.00,0.00,12.00,0.15,1.00,0,0,0.00,0
2026-05-02 19:43:02,2096.55,1,0,0,0,0,0,0,-0.08,0,1.00,5.27,3.18,4.13,1.00,D,0.00,12.00,12.00,12.00,12.00, ,-4.50,,51.10,12.90,0,0.00,45.5,1,0,0.00,0.00,0.00,12.00,-0.08,1.00,0,0,0.00,0
2026-05-02 19:43:03,2097.55,1,0,0,0,0,0,0,0.06,0,1.00,5.27,3.18,4.37,1.00,D,0.00,12.00,12.00,12.00,12.00, ,3.68,,34.70,12.80,0,0.00,45.0,1,0,0.00,0.00,0.00,12.00,0.06,1.00,0,0,0.00,0
2026-05-02 19:43:04,2098.57,1,0,0,0,0,0,0,0.03,0,1.00,5.27,3.18,4.29,1.00,D,0.00,12.00,12.00,12.00,12.00, ,2.07,,38.80,12.80,0,0.00,45.0,1,0,0.00,0.00,0.00,12.00,0.03,1.00,0,0,0.00,0
2026-05-02 19:43:05,2099.58,1,0,0,0,0,0,0,0.22,0,1.00,5.27,3.18,4.30,1.00,D,0.00,12.00,12.00,12.00,12.00, ,13.23,,50.60,13.00,0,0.00,44.4,1,0,0.00,0.00,0.00,12.00,0.22,1.00,0,0,0.00,0
2026-05-02 19:43:06,2100.58,1,0,0,0,0,0,0,-0.03,0,1.00,5.27,3.18,4.29,1.00,D,0.00,12.00,12.00,12.00,12.00, ,-1.69,,36.50,12.90,0,0.00,44.4,1,0,0.00,0.00,0.00,12.00,-0.03,1.00,0,0,0.00,0
2026-05-02 19:43:07,2101.60,1,0,0,0,0,0,0,0.19,0,1.00,5.27,3.18,4.29,1.00,D,0.00,12.00,12.00,12.00,12.00, ,11.40,,40.10,13.00,0,0.00,45.5,1,0,0.00,0.00,0.00,12.00,0.19,1.00,0,0,0.00,0
2026-05-02 19:43:08,2102.70,1,0,0,0,0,0,0,0.04,0,1.00,5.27,3.18,4.34,1.00,D,0.00,12.00,12.00,12.00,12.00, ,2.57,,34.80,13.00,0,0.00,43.9,1,0,0.00,0.00,0.00,12.00,0.04,1.00,0,0,0.00,0
2026-05-02 19:43:09,2103.62,1,0,0,0,0,0,0,0.23,0,1.00,5.27,3.18,4.42,1.00,D,0.00,12.00,12.00,12.00,12.00, ,13.78,,31.90,12.80,0,0.00,43.9,1,0,0.00,0.00,0.00,12.00,0.23,1.00,0,0,0.00,0
2026-05-02 19:43:10,2104.62,1,0,0,0,0,0,0,0.06,0,1.00,5.27,3.18,4.27,1.00,D,0.00,12.00,12.00,12.00,12.00, ,3.85,,46.70,12.80,0,0.00,44.4,1,0,0.00,0.00,0.00,12.00,0.06,1.00,0,0,0.00,0
2026-05-02 19:43:11,2105.62,1,0,0,0,0,0,0,0.06,0,1.00,5.27,3.18,4.32,1.00,D,0.00,12.00,12.00,12.00,12.00, ,3.85,,33.30,12.80,0,0.00,45.5,1,0,0.00,0.00,0.00,12.00,0.06,1.00,0,0,0.00,0
2026-05-02 19:43:12,2106.62,1,0,0,0,0,0,0,0.04,0,1.00,5.27,3.18,4.26,1.00,D,0.00,12.00,12.00,12.00,12.00, ,2.24,,36.70,12.60,0,0.00,43.9,1,0,0.00,0.00,0.00,12.00,0.04,1.00,0,0,0.00,0
2026-05-02 19:43:13,2107.63,1,0,0,0,0,0,0,0.08,0,1.00,5.27,3.18,4.34,1.00,D,0.00,12.00,12.00,12.00,12.00, ,4.63,,51.80,12.90,0,0.00,45.5,1,0,0.00,0.00,0.00,12.00,0.08,1.00,0,0,0.00,0
2026-05-02 19:43:14,2108.63,1,0,0,0,0,0,0,0.02,0,1.00,5.27,3.18,4.30,1.00,D,0.00,12.00,12.00,12.00,12.00, ,1.22,,37.30,12.70,0,0.00,45.0,1,0,0.00,0.00,0.00,12.00,0.02,1.00,0,0,0.00,0
2026-05-02 19:43:15,2109.69,1,0,0,0,0,0,0,0.12,0,1.00,5.27,3.18,4.27,1.00,D,0.00,12.00,12.00,12.00,12.00, ,7.25,,44.10,12.70,0,0.00,45.5,1,0,0.00,0.00,0.00,12.00,0.12,1.00,0,0,0.00,0
2026-05-02 19:43:16,2110.66,1,0,0,0,0,0,0,0.02,0,1.00,5.27,3.18,4.42,1.00,D,0.00,12.00,12.00,12.00,12.00, ,1.28,,40.50,12.80,0,0.00,44.4,1,0,0.00,0.00,0.00,12.00,0.02,1.00,0,0,0.00,0
2026-05-02 19:43:17,2111.67,1,0,0,0,0,0,0,-0.09,0,1.00,5.27,3.18,4.44,1.00,D,0.00,12.00,12.00,12.00,12.00, ,-5.22,,34.00,12.60,0,0.00,43.9,1,0,0.00,0.00,0.00,12.00,-0.09,1.00,0,0,0.00,0
2026-05-02 19:43:18,2112.69,1,0,0,0,0,0,0,0.08,0,1.00,5.27,3.18,4.56,1.00,D,0.00,12.00,12.00,12.00,12.00, ,5.04,,48.90,12.80,0,0.00,45.5,1,0,0.00,0.00,0.00,12.00,0.08,1.00,0,0,0.00,0
2026-05-02 19:43:19,2113.71,1,0,0,0,0,0,0,0.06,0,1.00,5.27,3.19,4.46,1.00,D,0.00,12.00,12.00,12.00,12.00, ,3.77,,35.70,12.80,0,0.00,45.0,1,0,0.00,0.00,0.00,12.00,0.06,1.00,0,0,0.00,0
2026-05-02 19:43:20,2114.71,1,0,0,0,0,0,0,0.33,0,1.00,5.27,3.19,4.48,1.00,D,0.00,12.00,12.00,12.00,12.00, ,19.54,,36.90,12.60,0,0.00,45.0,1,0,0.00,0.00,0.00,12.00,0.33,1.00,0,0,0.00,0
2026-05-02 19:43:21,2115.73,1,0,0,0,0,0,0,0.29,0,1.00,5.27,3.19,4.38,1.00,D,0.00,12.00,12.00,12.00,12.00, ,17.17,,32.00,12.70,0,0.00,45.5,1,0,0.00,0.00,0.00,12.00,0.29,1.00,0,0,0.00,0
2026-05-02 19:43:22,2116.73,1,0,0,0,0,0,0,0.47,0,1.00,5.27,3.19,4.35,1.00,D,0.00,12.00,12.00,12.00,12.00, ,27.92,,40.30,12.70,0,0.00,45.5,1,0,0.00,0.00,0.00,12.00,0.47,1.00,0,0,0.00,0
2026-05-02 19:43:23,2117.74,1,0,0,0,0,0,0,0.42,0,1.00,5.27,3.19,4.36,1.00,D,0.00,12.00,12.00,12.00,12.00, ,25.14,,31.20,12.50,0,0.00,43.9,1,0,0.00,0.00,0.00,12.00,0.42,1.00,0,0,0.00,0
2026-05-02 19:43:24,2118.75,1,0,0,0,0,0,0,0.28,0,1.00,5.27,3.19,4.32,1.00,D,0.00,12.00,12.00,12.00,12.00, ,16.98,,42.30,12.80,0,0.00,45.5,1,0,0.00,0.00,0.00,12.00,0.28,1.00,0,0,0.00,0
2026-05-02 19:43:25,2119.75,1,0,0,0,0,0,0,0.07,0,1.00,5.27,3.19,4.15,1.00,D,0.00,12.00,12.00,12.00,12.00, ,4.33,,44.00,13.00,0,0.00,45.5,1,0,0.00,0.00,0.00,12.00,0.07,1.00,0,0,0.00,0
2026-05-02 19:43:26,2120.76,0,0,0,0,0,0,0,0.00,0,0.00,5.27,3.19,0.00,0.00,D,0.00,12.00,12.00,12.00,12.00, ,0.00,,32.80,12.80,0,0.00,43.9,1,0,0.00,0.00,0.00,12.00,0.00,0.00,0,0,0.00,0
2026-05-02 19:43:27,2121.78,0,0,0,1,0,0,0,-1.00,0,1.00,5.27,3.19,0.01,-0.35,R,0.00,12.00,12.00,12.00,12.00, ,0.00,,68.80,13.20,0,0.11,48.8,1,0,0.00,0.00,0.00,12.00,0.00,0.00,0,0,0.00,0
2026-05-02 19:43:28,2122.79,0,0,0,0,0,0,0,0.97,0,0.00,5.27,3.19,0.75,-0.63,R,0.00,12.00,12.00,12.00,12.00, ,0.00,,48.70,13.30,0,0.00,47.2,1,0,0.00,0.00,0.00,12.00,0.00,0.00,0,0,0.00,0
2026-05-02 19:43:29,2123.80,0,0,0,0,0,0,0,0.89,0,1.00,5.27,3.19,0.36,-0.22,R,0.00,12.00,12.00,12.00,12.00, ,0.00,,26.40,13.50,0,0.01,47.2,1,0,0.00,0.00,0.00,12.00,0.00,0.00,0,0,0.00,0
2026-05-02 19:43:30,2124.81,0,0,0,0,0,0,0,0.90,0,1.00,5.27,3.18,0.02,-0.73,R,0.00,12.00,12.00,12.00,12.00, ,0.00,,25.30,13.40,0,0.00,46.6,1,0,0.00,0.00,0.00,12.00,0.00,0.00,0,0,0.00,0
2026-05-02 19:43:31,2125.82,0,0,0,0,0,0,0,0.00,1,0.00,5.27,3.18,0.78,0.00,R,0.00,12.00,12.00,12.00,12.00, ,0.00,,22.60,13.40,0,0.00,46.1,1,0,0.00,0.00,0.00,12.00,0.00,0.00,0,0,0.00,0
2026-05-02 19:43:32,2126.83,0,0,0,0,0,0,0,0.00,0,0.00,5.27,3.18,0.00,-0.00,R,0.00,12.00,12.00,12.00,12.00, ,0.00,,22.90,13.30,0,0.37,47.2,1,0,0.00,0.00,0.00,12.00,0.00,0.00,0,0,0.00,0
2026-05-02 19:43:33,2127.84,0,0,0,0,0,0,0,0.00,0,0.00,5.27,3.18,0.00,-0.00,R,0.00,12.00,12.00,12.00,12.00, ,0.00,,23.70,13.30,0,1.38,46.6,1,0,0.00,0.00,0.00,12.00,0.00,0.00,0,0,0.00,0
2026-05-02 19:43:34,2128.85,0,0,0,0,0,0,0,0.00,0,0.00,5.27,3.18,0.00,-0.00,R,0.00,12.00,12.00,12.00,12.00, ,0.00,,24.00,13.20,0,2.39,46.6,1,0,0.00,0.00,0.00,12.00,0.00,0.00,0,0,0.00,0
2026-05-02 19:43:35,2129.87,0,0,0,0,0,0,0,0.00,0,0.00,5.27,3.18,0.00,-0.00,R,0.00,12.00,12.00,12.00,12.00, ,0.00,,22.70,13.10,0,3.41,46.1,1,0,0.00,0.00,0.00,12.00,0.00,0.00,0,0,0.00,0
2026-05-02 19:43:36,2130.88,0,0,0,0,0,0,0,0.00,0,0.00,5.27,3.18,0.00,-0.00,R,0.00,12.00,12.00,12.00,12.00, ,0.00,,21.70,13.00,0,4.42,47.2,1,0,0.00,0.00,0.00,12.00,0.00,0.00,0,0,0.00,0
2026-05-02 19:43:37,2131.99,0,0,0,0,0,0,0,0.00,0,0.00,5.27,3.17,0.00,-0.00,R,0.00,12.00,12.00,12.00,12.00, ,0.00,,22.30,13.00,0,5.53,47.2,1,0,0.00,0.00,0.00,12.00,0.00,0.00,0,0,0.00,0
2026-05-02 19:43:38,2132.89,0,0,0,0,0,0,0,0.00,0,0.00,5.27,3.17,0.00,-0.00,R,0.00,12.00,12.00,12.00,12.00, ,0.00,,21.90,13.00,0,6.44,46.6,1,0,0.00,0.00,0.00,12.00,0.00,0.00,0,0,0.00,0
2026-05-02 19:43:39,2133.91,0,0,0,0,0,0,0,0.00,0,0.00,5.27,3.17,0.00,-0.00,R,0.00,12.00,12.00,12.00,12.00, ,0.00,,22.20,12.90,0,7.45,47.7,1,0,0.00,0.00,0.00,12.00,0.00,0.00,0,0,0.00,0
2026-05-02 19:43:40,2134.92,0,0,0,0,0,0,0,0.00,0,0.00,5.27,3.17,0.00,-0.00,R,0.00,12.00,12.00,12.00,12.00, ,0.00,,22.40,12.90,0,8.46,45.5,1,0,0.00,0.00,0.00,12.00,0.00,0.00,0,0,0.00,0
2026-05-02 19:43:41,2135.93,0,0,0,0,0,0,0,0.00,0,0.00,5.27,3.17,0.00,-0.00,R,0.00,12.00,12.00,12.00,12.00, ,0.00,,22.70,12.80,0,9.47,45.0,1,0,0.00,0.00,0.00,12.00,0.00,0.00,0,0,0.00,0
2026-05-02 19:43:42,2136.94,0,0,0,0,0,0,0,0.00,0,0.00,5.27,3.17,0.00,-0.00,R,0.00,12.00,12.00,12.00,12.00, ,0.00,,23.90,12.80,0,0.10,45.5,1,0,0.00,0.00,0.00,12.00,0.00,0.00,0,0,0.00,0
2026-05-02 19:43:43,2137.95,0,0,0,0,0,0,0,0.00,0,0.00,5.27,3.16,0.00,-0.00,R,0.00,12.00,12.00,12.00,12.00, ,0.00,,23.70,12.60,0,1.11,45.5,1,0,0.00,0.00,0.00,12.00,0.00,0.00,0,0,0.00,0
2026-05-02 19:43:44,2138.96,0,0,0,0,0,0,0,0.00,0,0.00,5.27,3.16,0.00,-0.00,R,0.00,12.00,12.00,12.00,12.00, ,0.00,,24.70,12.90,0,2.13,45.5,1,0,0.00,0.00,0.00,12.00,0.00,0.00,0,0,0.00,0
2026-05-02 19:43:45,2140.07,0,0,0,0,0,0,0,0.00,0,0.00,5.27,3.16,0.00,-0.00,R,0.00,12.00,12.00,12.00,12.00, ,0.00,,21.60,12.90,0,3.24,46.1,1,0,0.00,0.00,0.00,12.00,0.00,0.00,0,0,0.00,0
2026-05-02 19:43:46,2140.97,0,0,0,0,0,0,0,0.00,0,0.00,5.27,3.16,0.00,-0.00,R,0.00,12.00,12.00,12.00,12.00, ,0.00,,20.60,12.90,0,4.14,46.6,1,0,0.00,0.00,0.00,12.00,0.00,0.00,0,0,0.00,0
2026-05-02 19:43:47,2141.98,0,0,0,0,0,0,0,0.00,0,0.00,5.27,3.16,0.00,-0.00,R,0.00,12.00,12.00,12.00,12.00, ,0.00,,21.30,12.80,0,5.15,46.6,1,0,0.00,0.00,0.00,12.00,0.00,0.00,0,0,0.00,0
2026-05-02 19:43:48,2143.00,0,0,0,0,0,0,0,0.00,0,0.00,5.27,3.16,0.00,-0.00,R,0.00,12.00,12.00,12.00,12.00, ,0.00,,20.90,12.70,0,6.16,47.2,1,0,0.00,0.00,0.00,12.00,0.00,0.00,0,0,0.00,0
2026-05-02 19:43:49,2144.00,0,0,0,0,0,0,0,0.00,0,0.00,5.27,3.16,0.00,-0.00,R,0.00,12.00,12.00,12.00,12.00, ,0.00,,22.30,12.80,0,7.17,47.7,1,0,0.00,0.00,0.00,12.00,0.00,0.00,0,0,0.00,0
2026-05-02 19:43:50,2145.01,0,0,0,0,0,0,0,0.00,0,0.00,5.27,3.15,0.00,-0.00,R,0.00,12.00,12.00,12.00,12.00, ,0.00,,23.60,12.90,0,8.17,46.6,1,0,0.00,0.00,0.00,12.00,0.00,0.00,0,0,0.00,0
2026-05-02 19:43:51,2146.00,0,0,0,0,0,0,0,0.00,0,0.00,5.27,3.15,0.00,-0.00,R,0.00,12.00,12.00,12.00,12.00, ,0.00,,35.30,13.40,0,9.17,46.6,1,0,0.00,0.00,0.00,12.00,0.00,0.00,0,0,0.00,0
2026-05-02 19:43:52,2147.02,0,0,0,0,0,0,0,0.00,0,0.00,5.27,3.15,0.00,-0.00,R,0.00,12.00,12.00,12.00,12.00, ,0.00,,26.10,13.30,0,0.03,47.7,1,0,0.00,0.00,0.00,12.00,0.00,0.00,0,0,0.00,0
2026-05-02 19:43:53,2148.03,0,0,0,0,0,0,0,0.00,0,0.00,5.27,3.15,0.00,-0.00,R,0.00,12.00,12.00,12.00,12.00, ,0.00,,36.60,13.60,0,1.04,48.3,1,0,0.00,0.00,0.00,12.00,0.00,0.00,0,0,0.00,0
2026-05-02 19:43:54,2149.05,0,0,0,0,0,0,0,0.00,0,0.00,5.27,3.15,0.00,-0.00,R,0.00,12.00,12.00,12.00,12.00, ,0.00,,20.60,13.40,0,2.05,47.7,1,0,0.00,0.00,0.00,12.00,0.00,0.00,0,0,0.00,0
2026-05-02 19:43:55,2150.06,0,0,1,0,0,0,0,0.00,0,0.00,5.27,3.15,0.00,0.00,N,0.00,12.00,12.00,12.00,12.00, ,0.00,,21.30,13.30,0,0.45,47.7,1,0,0.00,0.00,0.00,12.00,0.00,0.00,0,0,0.00,0
2026-05-02 19:43:56,2151.07,0,0,0,0,0,0,0,0.00,0,0.00,5.27,3.15,0.00,0.00,N,0.00,12.00,12.00,12.00,12.00, ,0.00,,23.30,13.30,0,1.46,47.7,1,0,0.00,0.00,0.00,12.00,0.00,0.00,0,0,0.00,0
                                                                                                                                                                                                                                                                                                                                                                                                                                                            