Current Time,Time Since Program Started (s),Autonomous Mode (On/Off),Cruise Control (Active/Inactive),Shift Up PRND (Event),Shift Down PRND (Event),Quit (Event),Increase CC (Event),Decrease CC (Event),Steer (Value),Brake (On/Off),Gas (Value),Maximum Speed Recall (MPH),Average Speed (MPH),Current Speed (MPH),Motor PWM Value,Gear Mode,Cruise Control Target Speed (MPH),LiDAR Front Distance (m),LiDAR Left Distance (m),LiDAR Right Distance (m),LiDAR Back Distance (m),LiDAR Determined Direction,Target Heading (deg),Stop Reason,CPU Usage (%),Memory Usage (%),Number of LiDAR Points in Scan,Time Since Last Hall Sensor Pulse (s),CPU Temp (C),AEB Enabled (On/Off),AEB Triggered (On/Off),PID Output (Cruise Control),LiDAR Best Heading (deg),LiDAR Heading Confidence,LiDAR Forward Clearance (m),Camera Steering Bias,Camera Confidence,Camera Left Edge Found,Camera Right Edge Found,Camera Corridor Width (px),Driveway Cut Suspected
2026-04-29 19:04:01,3.79,0,0,0,0,0,0,0,0.00,1,0.00,0.00,0.00,0.00,0.00,P,0.00,12.00,1.36,0.69,0.49,^,0.00,,21.50,12.60,504,0.69,40.6,1,0,0.00,0.00,0.00,12.00,0.00,0.00,0,0,0.00,0
2026-04-29 19:04:02,4.80,0,0,0,0,0,0,0,0.00,1,0.00,0.00,0.00,0.00,0.00,P,0.00,12.00,1.36,0.69,0.49,^,0.00,,13.20,12.60,504,1.71,39.5,1,0,0.00,0.00,0.00,12.00,0.00,0.00,0,0,0.00,0
2026-04-29 19:04:03,5.81,0,0,0,0,0,0,0,0.00,1,0.00,0.00,0.00,0.00,0.00,P,0.00,12.00,1.36,0.69,0.49,^,0.00,,12.10,12.60,504,2.72,41.1,1,0,0.00,0.00,0.00,12.00,0.00,0.00,0,0,0.00,0
2026-04-29 19:04:04,6.82,0,0,0,0,0,0,0,0.00,1,0.00,0.00,0.00,0.00,0.00,P,0.00,12.00,1.36,0.69,0.49,^,0.00,,11.90,12.60,504,3.73,41.7,1,0,0.00,0.00,0.00,12.00,0.00,0.00,0,0,0.00,0
2026-04-29 19:04:05,7.84,0,0,0,0,0,0,0,0.00,1,0.00,0.00,0.00,0.00,0.00,P,0.00,12.00,1.36,0.69,0.49,^,0.00,,12.20,12.60,504,0.89,42.2,1,0,0.00,0.00,0.00,12.00,0.00,0.00,0,0,0.00,0
2026-04-29 19:04:06,8.85,0,0,0,0,0,0,0,0.00,1,0.00,0.00,0.00,0.00,0.00,P,0.00,12.00,1.36,0.69,0.49,^,0.00,,11.60,12.60,504,1.90,40.6,1,0,0.00,0.00,0.00,12.00,0.00,0.00,0,0,0.00,0
2026-04-29 19:04:07,9.86,0,0,0,0,0,0,0,0.00,1,0.00,0.00,0.00,0.00,0.00,P,0.00,12.00,1.36,0.69,0.49,^,0.00,,13.00,12.60,504,2.92,42.2,1,0,0.00,0.00,0.00,12.00,0.00,0.00,0,0,0.00,0
2026-04-29 19:04:08,10.87,0,0,0,0,0,0,0,0.00,1,0.00,0.00,0.00,0.00,0.00,P,0.00,12.00,1.36,0.69,0.49,^,0.00,,15.60,12.60,504,0.80,41.7,1,0,0.00,0.00,0.00,12.00,0.00,0.00,0,0,0.00,0
2026-04-29 19:04:09,11.89,0,0,0,0,0,0,0,0.00,1,0.00,0.00,0.00,0.00,0.00,P,0.00,12.00,1.36,0.69,0.49,^,0.00,,15.40,12.60,504,0.25,41.7,1,0,0.00,0.00,0.00,12.00,0.00,0.00,0,0,0.00,0
2026-04-29 19:04:10,12.90,0,0,0,0,0,0,0,0.00,1,0.00,0.00,0.00,0.00,0.00,P,0.00,12.00,1.36,0.69,0.49,^,0.00,,17.50,12.60,504,1.26,42.2,1,0,0.00,0.00,0.00,12.00,0.00,0.00,0,0,0.00,0
2026-04-29 19:04:11,13.91,0,0,0,0,0,0,0,0.00,1,0.00,0.00,0.00,0.00,0.00,P,0.00,12.00,1.36,0.69,0.49,^,0.00,,16.70,12.70,504,2.27,41.7,1,0,0.00,0.00,0.00,12.00,0.00,0.00,0,0,0.00,0
2026-04-29 19:04:12,14.92,0,0,0,0,0,0,0,0.00,1,0.00,0.00,0.00,0.00,0.00,P,0.00,12.00,1.36,0.69,0.49,^,0.00,,14.60,12.70,504,3.28,41.7,1,0,0.00,0.00,0.00,12.00,0.00,0.00,0,0,0.00,0
2026-04-29 19:04:13,16.03,0,0,1,0,0,0,0,0.23,0,1.00,0.00,0.00,0.00,0.00,N,0.00,12.00,1.36,0.69,0.49,^,0.00,,17.20,12.60,504,4.40,41.7,1,0,0.00,0.00,0.00,12.00,0.00,0.00,0,0,0.00,0
2026-04-29 19:04:14,16.95,0,0,0,0,0,0,0,0.97,0,1.00,0.00,0.00,0.00,0.00,N,0.00,12.00,1.36,0.69,0.49,^,0.00,,17.60,12.60,504,5.31,41.7,1,0,0.00,0.00,0.00,12.00,0.00,0.00,0,0,0.00,0
2026-04-29 19:04:15,18.06,0,0,0,0,0,0,0,0.29,0,0.00,0.00,0.00,0.00,0.00,N,0.00,12.00,1.36,0.69,0.49,^,0.00,,18.20,12.60,504,6.42,41.7,1,0,0.00,0.00,0.00,12.00,0.00,0.00,0,0,0.00,0
2026-04-29 19:04:16,18.96,0,0,1,0,0,0,0,0.29,0,0.00,0.00,0.00,0.00,0.00,D,0.00,12.00,0.36,0.69,0.34,^,0.00,,16.80,12.60,504,0.19,41.1,1,0,0.00,0.00,0.00,12.00,0.00,0.00,0,0,0.00,0
2026-04-29 19:04:17,19.97,0,0,0,0,0,0,0,0.43,0,1.00,0.04,0.00,0.00,0.28,D,0.00,12.00,0.37,0.69,0.36,^,0.00,,15.30,12.50,504,0.34,41.7,1,0,0.00,0.00,0.00,12.00,0.00,0.00,0,0,0.00,0
2026-04-29 19:04:18,20.99,0,0,0,0,0,0,0,0.43,0,0.00,0.82,0.01,0.82,0.51,D,0.00,1.88,0.62,0.65,0.37,^,0.00,,15.70,12.50,504,0.00,41.7,1,0,0.00,0.00,0.00,1.88,0.00,0.00,0,0,0.00,0
2026-04-29 19:04:19,22.00,0,0,0,0,0,0,0,0.00,0,0.00,2.35,0.07,2.35,0.84,D,0.00,2.79,1.25,0.83,0.61,^,0.00,,16.70,12.50,504,0.00,42.2,1,0,0.00,0.00,0.00,2.79,0.00,0.00,0,0,0.00,0
2026-04-29 19:04:20,23.01,0,0,0,0,0,0,0,0.00,0,1.00,2.79,0.19,2.54,0.56,D,0.00,12.00,1.06,0.96,0.94,^,0.00,,16.70,12.40,504,0.00,41.7,1,0,0.00,0.00,0.00,12.00,0.00,0.00,0,0,0.00,0
2026-04-29 19:04:21,24.02,0,0,0,0,0,0,0,0.00,0,1.00,2.79,0.29,2.59,0.73,D,0.00,12.00,3.48,1.26,0.97,^,0.00,,18.40,12.40,504,0.00,42.2,1,0,0.00,0.00,0.00,12.00,0.00,0.00,0,0,0.00,0
2026-04-29 19:04:22,25.03,0,0,0,0,0,0,0,0.00,0,0.00,2.79,0.38,2.72,0.27,D,0.00,12.00,3.22,1.92,1.51,^,0.00,,17.90,12.40,504,0.00,42.2,1,0,0.00,0.00,0.00,12.00,0.00,0.00,0,0,0.00,0
2026-04-29 19:04:23,26.03,0,0,0,0,0,0,0,0.00,0,0.00,2.79,0.46,1.76,0.00,D,0.00,12.00,12.00,2.38,1.89,^,0.00,,16.60,12.40,504,0.00,42.2,1,0,0.00,0.00,0.00,12.00,0.00,0.00,0,0,0.00,0
2026-04-29 19:04:24,27.04,0,0,0,0,0,0,0,0.00,0,0.00,2.79,0.49,0.98,0.00,D,0.00,12.00,12.00,12.00,2.00,^,0.00,,15.30,12.80,504,0.00,42.2,1,0,0.00,0.00,0.00,12.00,0.00,0.00,0,0,0.00,0
2026-04-29 19:04:25,28.05,0,0,0,0,0,0,0,0.00,0,0.00,2.79,0.49,0.00,0.00,D,0.00,12.00,12.00,12.00,1.67,^,0.00,,16.10,13.10,504,0.00,42.8,1,0,0.00,0.00,0.00,12.00,0.00,0.00,0,0,0.00,0
2026-04-29 19:04:26,29.06,0,0,0,0,0,0,0,0.00,0,0.00,2.79,0.48,0.00,0.00,D,0.00,12.00,12.00,12.00,1.68,^,0.00,,14.20,12.80,504,0.72,41.7,1,0,0.00,0.00,0.00,12.00,0.00,0.00,0,0,0.00,0
2026-04-29 19:04:28,30.17,0,0,0,0,0,0,0,0.00,0,0.00,2.79,0.46,0.00,0.00,D,0.00,12.00,12.00,12.00,1.61,^,0.00,,14.90,12.70,504,1.84,41.7,1,0,0.00,0.00,0.00,12.00,0.00,0.00,0,0,0.00,0
2026-04-29 19:04:29,31.08,0,0,0,0,0,0,0,0.00,0,0.00,2.79,0.44,0.02,0.22,D,0.00,12.00,12.00,12.00,1.33,^,0.00,,15.90,12.70,504,0.00,42.2,1,0,0.00,0.00,0.00,12.00,0.00,0.00,0,0,0.00,0
2026-04-29 19:04:30,32.09,1,0,0,0,0,0,0,-0.20,0,1.00,2.79,0.44,0.67,0.70,D,0.00,12.00,3.52,12.00,0.85,^,-12.15,,14.20,12.60,504,0.00,42.2,1,0,0.00,0.00,0.00,12.00,-0.20,1.00,0,0,0.00,0
2026-04-29 19:04:31,33.10,1,0,0,0,0,0,0,-0.16,0,1.00,3.63,0.49,3.63,1.00,D,0.00,12.00,12.00,12.00,1.13,^,-9.67,,17.10,12.60,504,0.00,41.7,1,0,0.00,0.00,0.00,12.00,-0.16,1.00,0,0,0.00,0
2026-04-29 19:04:32,34.12,0,0,0,0,0,0,0,0.37,0,1.00,4.18,0.59,4.06,0.10,D,0.00,2.08,12.00,12.00,2.14,WARN_WARNING,0.00,,18.30,12.60,504,0.00,41.7,1,0,0.00,0.00,0.00,2.08,0.00,0.00,0,0,0.00,0
2026-04-29 19:04:33,35.13,0,0,0,0,0,0,0,0.00,0,0.00,4.18,0.69,3.45,0.03,D,0.00,12.00,1.27,12.00,1.32,^,0.00,,17.40,12.60,504,0.00,42.2,1,0,0.00,0.00,0.00,12.00,0.00,0.00,0,0,0.00,0
2026-04-29 19:04:34,36.14,0,0,0,0,0,0,0,0.00,0,0.00,4.18,0.76,3.42,0.00,D,0.00,12.00,12.00,12.00,2.85,^,0.00,,17.40,12.60,504,0.00,42.2,1,0,0.00,0.00,0.00,12.00,0.00,0.00,0,0,0.00,0
2026-04-29 19:04:35,37.16,0,0,0,0,0,0,0,0.00,0,0.00,4.18,0.84,3.53,0.00,D,0.00,12.00,12.00,12.00,2.41,^,0.00,,18.10,12.60,504,0.00,41.1,1,0,0.00,0.00,0.00,12.00,0.00,0.00,0,0,0.00,0
2026-04-29 19:04:36,38.17,0,0,0,0,0,0,0,-0.32,0,0.00,4.18,0.90,3.05,0.00,D,0.00,12.00,12.00,12.00,2.71,^,0.00,,18.60,12.90,504,0.00,41.7,1,0,0.00,0.00,0.00,12.00,0.00,0.00,0,0,0.00,0
2026-04-29 19:04:37,39.18,1,0,0,0,0,0,0,-0.06,0,1.00,4.18,0.95,2.16,0.22,D,0.00,12.00,12.00,12.00,2.71,^,-3.79,,14.50,13.00,504,0.00,43.3,1,0,0.00,0.00,0.00,12.00,-0.06,1.00,0,0,0.00,0
2026-04-29 19:04:38,40.19,1,0,0,0,0,0,0,-0.17,0,1.00,4.18,0.96,1.46,0.72,D,0.00,12.00,12.00,12.00,2.01,^,-9.93,,12.90,12.70,504,0.00,42.8,1,0,0.00,0.00,0.00,12.00,-0.17,1.00,0,0,0.00,0
2026-04-29 19:04:39,41.20,1,0,0,0,0,0,0,-0.21,0,1.00,4.18,0.99,3.11,1.00,D,0.00,12.00,12.00,12.00,1.72,^,-12.34,,14.50,12.50,504,0.00,43.3,1,0,0.00,0.00,0.00,12.00,-0.21,1.00,0,0,0.00,0
2026-04-29 19:04:40,42.21,1,0,0,0,0,0,0,0.09,0,1.00,4.18,1.06,3.76,1.00,D,0.00,12.00,12.00,12.00,1.73,^,5.53,,13.70,12.40,504,0.00,42.8,1,0,0.00,0.00,0.00,12.00,0.09,1.00,0,0,0.00,0
2026-04-29 19:04:41,43.32,1,0,0,0,0,0,0,-0.42,0,0.50,4.18,1.12,3.76,0.85,D,0.00,1.75,1.92,12.00,1.78,WARN_WARNING,-25.33,lidar_override,14.70,12.40,504,0.00,44.4,1,0,0.00,0.00,0.00,1.75,-0.08,1.00,0,0,0.00,0
2026-04-29 19:04:42,44.23,1,0,0,0,0,0,0,0.12,0,1.00,4.18,1.16,2.51,0.99,D,0.00,12.00,1.43,0.92,1.31,^,7.18,,16.70,12.40,504,0.00,43.3,1,0,0.00,0.00,0.00,12.00,0.12,1.00,0,0,0.00,0
2026-04-29 19:04:43,45.24,1,0,0,0,0,0,0,0.27,0,1.00,4.18,1.21,3.81,1.00,D,0.00,12.00,12.00,2.43,1.28,^,16.05,,17.20,12.60,504,0.00,41.7,1,0,0.00,0.00,0.00,12.00,0.27,1.00,0,0,0.00,0
2026-04-29 19:04:44,46.26,1,0,0,0,0,0,0,-0.02,0,1.00,4.18,1.27,3.99,1.00,D,0.00,12.00,12.00,1.21,1.35,^,-1.48,,16.50,12.60,504,0.00,43.3,1,0,0.00,0.00,0.00,12.00,-0.02,1.00,0,0,0.00,0
2026-04-29 19:04:45,47.27,1,0,0,0,0,0,0,0.07,0,1.00,4.18,1.32,3.95,1.00,D,0.00,12.00,12.00,12.00,1.08,^,3.98,,18.70,12.60,504,0.00,42.8,1,0,0.00,0.00,0.00,12.00,0.07,1.00,0,0,0.00,0
2026-04-29 19:04:46,48.28,1,0,0,0,0,0,0,-0.01,0,1.00,4.18,1.38,3.95,1.00,D,0.00,12.00,12.00,12.00,1.55,^,-0.85,,17.30,12.60,504,0.00,42.2,1,0,0.00,0.00,0.00,12.00,-0.01,1.00,0,0,0.00,0
2026-04-29 19:04:47,49.29,1,0,0,0,0,0,0,-0.01,0,1.00,4.18,1.43,3.86,1.00,D,0.00,12.00,12.00,12.00,1.52,^,-0.84,,16.60,12.60,504,0.00,41.7,1,0,0.00,0.00,0.00,12.00,-0.01,1.00,0,0,0.00,0
2026-04-29 19:04:48,50.31,1,0,0,0,0,0,0,0.04,0,1.00,4.18,1.48,3.89,1.00,D,0.00,12.00,12.00,12.00,1.53,^,2.43,,16.50,12.60,504,0.00,43.3,1,0,0.00,0.00,0.00,12.00,0.04,1.00,0,0,0.00,0
2026-04-29 19:04:49,51.32,1,0,0,0,0,0,0,-0.05,0,1.00,4.18,1.53,3.83,1.00,D,0.00,12.00,12.00,12.00,1.54,^,-2.97,,17.20,12.50,504,0.00,43.3,1,0,0.00,0.00,0.00,12.00,-0.05,1.00,0,0,0.00,0
2026-04-29 19:04:50,52.43,1,0,0,0,0,0,0,-0.01,0,1.00,4.18,1.57,3.86,1.00,D,0.00,12.00,12.00,12.00,1.50,^,-0.66,,17.40,12.50,504,0.00,41.7,1,0,0.00,0.00,0.00,12.00,-0.01,1.00,0,0,0.00,0
2026-04-29 19:04:51,53.34,1,0,0,0,0,0,0,-0.02,0,1.00,4.18,1.61,3.87,1.00,D,0.00,12.00,12.00,12.00,1.55,^,-0.94,,17.50,12.50,504,0.00,43.3,1,0,0.00,0.00,0.00,12.00,-0.02,1.00,0,0,0.00,0
2026-04-29 19:04:52,54.35,1,0,0,0,0,0,0,0.01,0,1.00,4.18,1.66,3.80,1.00,D,0.00,12.00,2.43,12.00,1.56,^,0.71,,16.60,12.50,504,0.00,43.9,1,0,0.00,0.00,0.00,12.00,0.01,1.00,0,0,0.00,0
2026-04-29 19:04:53,55.36,1,0,0,0,0,0,0,-0.07,0,1.00,4.18,1.70,3.89,1.00,D,0.00,12.00,1.78,12.00,1.56,^,-4.02,,16.50,12.40,504,0.00,41.7,1,0,0.00,0.00,0.00,12.00,-0.07,1.00,0,0,0.00,0
2026-04-29 19:04:54,56.37,1,0,0,0,0,0,0,0.01,0,1.00,4.18,1.73,3.81,1.00,D,0.00,12.00,2.07,12.00,1.60,^,0.79,,15.20,12.30,504,0.00,45.0,1,0,0.00,0.00,0.00,12.00,0.01,1.00,0,0,0.00,0
2026-04-29 19:04:55,57.38,1,0,0,0,0,0,0,0.02,0,1.00,4.18,1.77,3.88,1.00,D,0.00,12.00,12.00,12.00,1.63,^,1.18,,13.30,12.30,504,0.00,43.9,1,0,0.00,0.00,0.00,12.00,0.02,1.00,0,0,0.00,0
2026-04-29 19:04:56,58.40,1,0,0,0,0,0,0,-0.14,0,1.00,4.18,1.81,3.83,1.00,D,0.00,12.00,4.51,12.00,1.71,^,-8.18,,16.30,12.30,504,0.00,44.4,1,0,0.00,0.00,0.00,12.00,-0.14,1.00,0,0,0.00,0
2026-04-29 19:04:57,59.42,1,0,0,0,0,0,0,0.18,0,1.00,4.18,1.84,3.92,1.00,D,0.00,3.24,2.68,12.00,1.68,^,11.00,,14.20,12.30,504,0.00,45.5,1,0,0.00,0.00,0.00,3.24,0.18,1.00,0,0,0.00,0
2026-04-29 19:04:58,60.53,1,0,0,0,0,0,0,0.07,0,1.00,4.18,1.87,3.79,1.00,D,0.00,12.00,1.95,12.00,1.66,^,3.94,,14.30,12.30,504,0.00,44.4,1,0,0.00,0.00,0.00,12.00,0.07,1.00,0,0,0.00,0
2026-04-29 19:04:59,61.43,1,0,0,0,0,0,0,-0.14,0,1.00,4.18,1.91,3.94,1.00,D,0.00,12.00,1.89,12.00,1.50,^,-8.56,,18.00,12.30,504,0.00,45.0,1,0,0.00,0.00,0.00,12.00,-0.14,1.00,0,0,0.00,0
2026-04-29 19:05:00,62.44,1,0,0,0,0,0,0,0.04,0,1.00,4.18,1.94,3.84,1.00,D,0.00,12.00,2.20,12.00,1.58,^,2.14,,18.00,12.30,504,0.00,42.8,1,0,0.00,0.00,0.00,12.00,0.04,1.00,0,0,0.00,0
2026-04-29 19:05:01,63.46,1,0,0,0,0,0,0,-0.16,0,1.00,4.18,1.97,3.89,1.00,D,0.00,12.00,12.00,12.00,1.65,^,-9.36,,16.40,12.20,504,0.00,42.8,1,0,0.00,0.00,0.00,12.00,-0.16,1.00,0,0,0.00,0
2026-04-29 19:05:02,64.47,1,0,0,0,0,0,0,-0.03,0,1.00,4.18,2.00,3.98,1.00,D,0.00,12.00,12.00,12.00,1.78,^,-1.93,,17.90,12.20,504,0.00,43.3,1,0,0.00,0.00,0.00,12.00,-0.03,1.00,0,0,0.00,0
2026-04-29 19:05:03,65.49,1,0,0,0,0,0,0,0.09,0,1.00,4.18,2.03,3.85,1.00,D,0.00,12.00,12.00,12.00,1.81,^,5.31,,16.10,12.20,504,0.00,44.4,1,0,0.00,0.00,0.00,12.00,0.09,1.00,0,0,0.00,0
2026-04-29 19:05:04,66.50,1,0,0,0,0,0,0,-0.02,0,1.00,4.18,2.06,3.92,1.00,D,0.00,12.00,12.00,12.00,1.73,^,-1.47,,16.50,12.20,504,0.00,42.8,1,0,0.00,0.00,0.00,12.00,-0.02,1.00,0,0,0.00,0
2026-04-29 19:05:05,67.51,1,0,0,0,0,0,0,0.04,0,1.00,4.18,2.09,3.89,1.00,D,0.00,12.00,12.00,12.00,1.74,^,2.49,,17.80,12.20,504,0.00,45.0,1,0,0.00,0.00,0.00,12.00,0.04,1.00,0,0,0.00,0
2026-04-29 19:05:06,68.63,1,0,0,0,0,0,0,0.04,0,1.00,4.18,2.11,3.91,1.00,D,0.00,12.00,12.00,12.00,1.65,^,2.41,,16.60,12.20,504,0.00,42.2,1,0,0.00,0.00,0.00,12.00,0.04,1.00,0,0,0.00,0
2026-04-29 19:05:07,69.63,1,0,0,0,0,0,0,0.06,0,1.00,4.18,2.14,3.87,1.00,D,0.00,12.00,12.00,12.00,1.60,^,3.37,,16.20,12.20,504,0.00,45.0,1,0,0.00,0.00,0.00,12.00,0.06,1.00,0,0,0.00,0
2026-04-29 19:05:08,70.53,1,0,0,0,0,0,0,0.02,0,1.00,4.18,2.17,3.92,1.00,D,0.00,12.00,12.00,12.00,1.59,^,1.01,,16.40,12.20,504,0.00,43.9,1,0,0.00,0.00,0.00,12.00,0.02,1.00,0,0,0.00,0
2026-04-29 19:05:09,71.54,1,0,0,0,0,0,0,0.08,0,1.00,4.18,2.19,3.83,1.00,D,0.00,12.00,12.00,12.00,1.74,^,4.61,,16.60,12.20,504,0.00,43.9,1,0,0.00,0.00,0.00,12.00,0.08,1.00,0,0,0.00,0
2026-04-29 19:05:10,72.55,1,0,0,0,0,0,0,0.02,0,1.00,4.18,2.21,3.92,1.00,D,0.00,12.00,12.00,12.00,1.64,^,1.28,,17.10,12.10,504,0.00,42.8,1,0,0.00,0.00,0.00,12.00,0.02,1.00,0,0,0.00,0
2026-04-29 19:05:11,73.56,1,0,0,0,0,0,0,-0.07,0,1.00,4.18,2.24,3.85,1.00,D,0.00,12.00,12.00,12.00,1.61,^,-3.91,,17.90,12.20,504,0.00,43.3,1,0,0.00,0.00,0.00,12.00,-0.07,1.00,0,0,0.00,0
2026-04-29 19:05:12,74.57,1,0,0,0,0,0,0,0.04,0,1.00,4.18,2.26,3.86,1.00,D,0.00,12.00,12.00,12.00,1.59,^,2.65,,14.20,12.30,504,0.00,43.3,1,0,0.00,0.00,0.00,12.00,0.04,1.00,0,0,0.00,0
2026-04-29 19:05:13,75.58,1,0,0,0,0,0,0,-0.01,0,1.00,4.18,2.28,3.92,1.00,D,0.00,12.00,2.06,12.00,1.57,^,-0.64,,14.20,12.30,504,0.00,45.0,1,0,0.00,0.00,0.00,12.00,-0.01,1.00,0,0,0.00,0
2026-04-29 19:05:14,76.70,1,0,0,0,0,0,0,-0.02,0,1.00,4.18,2.30,3.88,1.00,D,0.00,12.00,12.00,12.00,1.59,^,-1.28,,14.30,12.30,504,0.00,43.3,1,0,0.00,0.00,0.00,12.00,-0.02,1.00,0,0,0.00,0
2026-04-29 19:05:15,77.60,1,0,0,0,0,0,0,0.11,0,1.00,4.18,2.32,3.80,1.00,D,0.00,12.00,12.00,12.00,1.55,^,6.33,,14.20,12.30,504,0.00,45.0,1,0,0.00,0.00,0.00,12.00,0.11,1.00,0,0,0.00,0
2026-04-29 19:05:16,78.61,1,0,0,0,0,0,0,-0.04,0,1.00,4.18,2.34,3.87,1.00,D,0.00,12.00,12.00,12.00,1.56,^,-2.26,,15.50,12.30,504,0.00,43.3,1,0,0.00,0.00,0.00,12.00,-0.04,1.00,0,0,0.00,0
2026-04-29 19:05:17,79.62,1,0,0,0,0,0,0,-0.00,0,1.00,4.18,2.36,3.91,1.00,D,0.00,12.00,12.00,12.00,1.59,^,-0.02,,13.60,12.30,504,0.00,43.9,1,0,0.00,0.00,0.00,12.00,-0.00,1.00,0,0,0.00,0
2026-04-29 19:05:18,80.64,1,0,0,0,0,0,0,0.08,0,1.00,4.18,2.38,3.90,1.00,D,0.00,12.00,12.00,12.00,1.47,^,4.76,,14.40,12.30,504,0.00,45.0,1,0,0.00,0.00,0.00,12.00,0.08,1.00,0,0,0.00,0
2026-04-29 19:05:19,81.65,1,0,0,0,0,0,0,0.02,0,1.00,4.18,2.40,3.97,1.00,D,0.00,12.00,12.00,12.00,1.33,^,0.92,,14.60,12.30,504,0.00,45.5,1,0,0.00,0.00,0.00,12.00,0.02,1.00,0,0,0.00,0
2026-04-29 19:05:20,82.66,1,0,0,0,0,0,0,0.02,0,1.00,4.18,2.42,3.94,1.00,D,0.00,12.00,12.00,12.00,1.32,^,1.38,,14.70,12.30,504,0.00,45.5,1,0,0.00,0.00,0.00,12.00,0.02,1.00,0,0,0.00,0
2026-04-29 19:05:21,83.68,1,0,0,0,0,0,0,0.10,0,1.00,4.18,2.44,3.95,1.00,D,0.00,12.00,12.00,12.00,1.57,^,5.94,,14.90,12.30,504,0.00,45.0,1,0,0.00,0.00,0.00,12.00,0.10,1.00,0,0,0.00,0
2026-04-29 19:05:22,84.79,1,0,0,0,0,0,0,0.05,0,1.00,4.18,2.45,3.97,1.00,D,0.00,12.00,12.00,12.00,1.75,^,3.26,,18.00,12.30,504,0.00,44.4,1,0,0.00,0.00,0.00,12.00,0.05,1.00,0,0,0.00,0
2026-04-29 19:05:23,85.69,1,0,0,0,0,0,0,0.08,0,1.00,4.18,2.47,3.91,1.00,D,0.00,12.00,12.00,12.00,1.65,^,4.90,,17.60,12.30,504,0.00,44.4,1,0,0.00,0.00,0.00,12.00,0.08,1.00,0,0,0.00,0
2026-04-29 19:05:24,86.71,1,0,0,0,0,0,0,-0.20,0,1.00,4.18,2.49,3.80,1.00,D,0.00,12.00,12.00,12.00,1.57,^,-11.71,,17.90,12.30,504,0.00,42.8,1,0,0.00,0.00,0.00,12.00,-0.20,1.00,0,0,0.00,0
2026-04-29 19:05:25,87.72,1,0,0,0,0,0,0,0.07,0,1.00,4.18,2.50,3.92,1.00,D,0.00,12.00,12.00,12.00,1.46,^,4.22,,19.00,12.30,504,0.00,43.9,1,0,0.00,0.00,0.00,12.00,0.07,1.00,0,0,0.00,0
2026-04-29 19:05:26,88.73,1,0,0,0,0,0,0,0.13,0,1.00,4.18,2.52,4.05,1.00,D,0.00,12.00,12.00,12.00,1.42,^,7.67,,16.80,12.30,504,0.00,44.4,1,0,0.00,0.00,0.00,12.00,0.13,1.00,0,0,0.00,0
2026-04-29 19:05:27,89.74,1,0,0,0,0,0,0,0.07,0,1.00,4.18,2.54,3.87,1.00,D,0.00,12.00,12.00,12.00,1.31,^,4.17,,17.50,12.20,504,0.00,44.4,1,0,0.00,0.00,0.00,12.00,0.07,1.00,0,0,0.00,0
2026-04-29 19:05:28,90.76,1,0,0,0,0,0,0,-0.05,0,1.00,4.18,2.55,3.95,1.00,D,0.00,12.00,1.73,12.00,1.33,^,-3.25,,17.40,12.20,504,0.00,42.8,1,0,0.00,0.00,0.00,12.00,-0.05,1.00,0,0,0.00,0
2026-04-29 19:05:29,91.77,1,0,0,0,0,0,0,0.02,0,1.00,4.18,2.57,3.90,1.00,D,0.00,12.00,0.98,12.00,0.88,^,1.08,,18.20,12.20,504,0.00,45.0,1,0,0.00,0.00,0.00,12.00,0.02,1.00,0,0,0.00,0
2026-04-29 19:05:30,92.78,1,0,0,0,0,0,0,-0.03,0,1.00,4.18,2.58,3.93,1.00,D,0.00,12.00,1.75,12.00,1.25,^,-1.95,,16.80,12.20,504,0.00,43.3,1,0,0.00,0.00,0.00,12.00,-0.03,1.00,0,0,0.00,0
2026-04-29 19:05:31,93.79,1,0,0,0,0,0,0,-0.11,0,1.00,4.18,2.60,3.94,1.00,D,0.00,12.00,12.00,12.00,1.35,^,-6.79,,17.00,12.20,504,0.00,44.4,1,0,0.00,0.00,0.00,12.00,-0.11,1.00,0,0,0.00,0
2026-04-29 19:05:32,94.80,1,0,0,0,0,0,0,0.01,0,1.00,4.18,2.61,3.99,1.00,D,0.00,12.00,12.00,12.00,1.50,^,0.89,,18.30,12.20,504,0.00,43.9,1,0,0.00,0.00,0.00,12.00,0.01,1.00,0,0,0.00,0
2026-04-29 19:05:33,95.82,1,0,0,0,0,0,0,-0.04,0,1.00,4.18,2.62,3.89,1.00,D,0.00,12.00,12.00,12.00,1.50,^,-2.57,,17.20,12.20,504,0.00,44.4,1,0,0.00,0.00,0.00,12.00,-0.04,1.00,0,0,0.00,0
2026-04-29 19:05:34,96.83,1,0,0,0,0,0,0,0.06,0,1.00,4.18,2.64,3.88,1.00,D,0.00,12.00,12.00,12.00,1.41,^,3.61,,17.70,12.20,504,0.00,43.9,1,0,0.00,0.00,0.00,12.00,0.06,1.00,0,0,0.00,0
2026-04-29 19:05:35,97.84,1,0,0,0,0,0,0,0.01,0,1.00,4.18,2.65,3.86,1.00,D,0.00,12.00,12.00,12.00,1.32,^,0.31,,15.80,12.20,504,0.00,44.4,1,0,0.00,0.00,0.00,12.00,0.01,1.00,0,0,0.00,0
2026-04-29 19:05:36,98.86,1,0,0,0,0,0,0,0.01,0,1.00,4.18,2.66,3.85,1.00,D,0.00,12.00,12.00,12.00,1.23,^,0.45,,17.40,12.20,504,0.00,42.8,1,0,0.00,0.00,0.00,12.00,0.01,1.00,0,0,0.00,0
2026-04-29 19:05:37,99.87,1,0,0,0,0,0,0,-0.03,0,1.00,4.18,2.68,3.94,1.00,D,0.00,12.00,2.57,12.00,1.24,^,-1.70,,18.70,12.20,504,0.00,43.9,1,0,0.00,0.00,0.00,12.00,-0.03,1.00,0,0,0.00,0
2026-04-29 19:05:38,100.88,1,0,0,0,0,0,0,0.08,0,1.00,4.18,2.69,3.89,1.00,D,0.00,12.00,1.75,12.00,1.21,^,5.10,,17.20,12.20,504,0.00,42.8,1,0,0.00,0.00,0.00,12.00,0.08,1.00,0,0,0.00,0
2026-04-29 19:05:39,101.89,1,0,0,0,0,0,0,0.04,0,1.00,4.18,2.70,3.82,1.00,D,0.00,12.00,12.00,12.00,1.27,^,2.40,,17.10,12.20,504,0.00,45.5,1,0,0.00,0.00,0.00,12.00,0.04,1.00,0,0,0.00,0
2026-04-29 19:05:40,102.89,1,0,0,0,0,0,0,0.05,0,1.00,4.18,2.71,3.95,1.00,D,0.00,12.00,12.00,12.00,1.34,^,3.09,,18.10,12.20,504,0.00,45.0,1,0,0.00,0.00,0.00,12.00,0.05,1.00,0,0,0.00,0
2026-04-29 19:05:41,103.90,1,0,0,0,0,0,0,0.07,0,1.00,4.18,2.72,3.89,1.00,D,0.00,12.00,12.00,12.00,1.51,^,4.00,,18.00,12.20,504,0.00,44.4,1,0,0.00,0.00,0.00,12.00,0.07,1.00,0,0,0.00,0
2026-04-29 19:05:42,104.92,1,0,0,0,0,0,0,0.02,0,1.00,4.18,2.73,3.79,1.00,D,0.00,12.00,12.00,12.00,1.42,^,1.21,,14.80,12.20,504,0.00,45.0,1,0,0.00,0.00,0.00,12.00,0.02,1.00,0,0,0.00,0
2026-04-29 19:05:43,105.93,1,0,0,0,0,0,0,0.01,0,1.00,4.18,2.74,3.83,1.00,D,0.00,12.00,2.35,12.00,1.28,^,0.64,,13.20,12.20,504,0.00,44.4,1,0,0.00,0.00,0.00,12.00,0.01,1.00,0,0,0.00,0
2026-04-29 19:05:44,106.94,1,0,0,0,0,0,0,-0.01,0,1.00,4.18,2.75,3.90,1.00,D,0.00,12.00,1.29,12.00,1.20,^,-0.72,,14.50,12.20,504,0.00,45.0,1,0,0.00,0.00,0.00,12.00,-0.01,1.00,0,0,0.00,0
2026-04-29 19:05:45,107.95,1,0,0,0,0,0,0,0.10,0,1.00,4.18,2.76,3.89,1.00,D,0.00,12.00,12.00,12.00,1.16,^,5.85,,16.00,12.20,504,0.00,43.9,1,0,0.00,0.00,0.00,12.00,0.10,1.00,0,0,0.00,0
2026-04-29 19:05:46,108.96,1,0,0,0,0,0,0,-0.02,0,1.00,4.18,2.78,3.90,1.00,D,0.00,12.00,12.00,12.00,1.15,^,-1.39,,15.00,12.20,504,0.00,45.0,1,0,0.00,0.00,0.00,12.00,-0.02,1.00,0,0,0.00,0
2026-04-29 19:05:47,109.98,1,0,0,0,0,0,0,0.08,0,1.00,4.18,2.79,3.86,1.00,D,0.00,12.00,12.00,12.00,1.24,^,4.84,,17.00,12.20,504,0.00,43.9,1,0,0.00,0.00,0.00,12.00,0.08,1.00,0,0,0.00,0
2026-04-29 19:05:48,110.99,1,0,0,0,0,0,0,0.04,0,1.00,4.18,2.80,3.93,1.00,D,0.00,12.00,12.00,12.00,1.40,^,2.21,,17.50,12.30,504,0.00,44.4,1,0,0.00,0.00,0.00,12.00,0.04,1.00,0,0,0.00,0
2026-04-29 19:05:49,112.00,1,0,0,0,0,0,0,0.02,0,1.00,4.18,2.81,3.86,1.00,D,0.00,12.00,12.00,12.00,1.45,^,1.03,,17.20,12.30,504,0.00,44.4,1,0,0.00,0.00,0.00,12.00,0.02,1.00,0,0,0.00,0
2026-04-29 19:05:50,113.02,1,0,0,0,0,0,0,-0.09,0,1.00,4.18,2.81,3.86,1.00,D,0.00,12.00,12.00,12.00,1.35,^,-5.14,,17.20,12.30,504,0.00,45.5,1,0,0.00,0.00,0.00,12.00,-0.09,1.00,0,0,0.00,0
2026-04-29 19:05:51,114.03,1,0,0,0,0,0,0,-0.02,0,1.00,4.18,2.82,3.87,1.00,D,0.00,12.00,12.00,12.00,1.25,^,-1.34,,18.10,12.20,504,0.00,44.4,1,0,0.00,0.00,0.00,12.00,-0.02,1.00,0,0,0.00,0
2026-04-29 19:05:52,115.04,1,0,0,0,0,0,0,0.01,0,1.00,4.18,2.83,3.82,1.00,D,0.00,12.00,12.00,12.00,1.32,^,0.57,,16.10,12.20,504,0.00,44.4,1,0,0.00,0.00,0.00,12.00,0.01,1.00,0,0,0.00,0
2026-04-29 19:05:53,116.05,1,0,0,0,0,0,0,-0.04,0,1.00,4.18,2.84,3.85,1.00,D,0.00,2.29,12.00,12.00,1.38,^,-2.69,,17.40,12.20,504,0.00,44.4,1,0,0.00,0.00,0.00,2.29,-0.04,1.00,0,0,0.00,0
2026-04-29 19:05:54,117.06,1,0,0,0,0,0,0,-0.17,0,1.00,4.18,2.85,3.24,1.00,D,0.00,12.00,1.28,12.00,1.32,^,-10.38,,17.80,12.20,504,0.00,44.4,1,0,0.00,0.00,0.00,12.00,-0.17,1.00,0,0,0.00,0
2026-04-29 19:05:56,118.08,1,0,0,0,0,0,0,-0.03,0,1.00,4.18,2.85,3.60,1.00,D,0.00,12.00,0.86,12.00,0.88,^,-2.05,,17.00,12.20,504,0.00,45.0,1,0,0.00,0.00,0.00,12.00,-0.03,1.00,0,0,0.00,0
2026-04-29 19:05:57,119.09,1,0,0,0,0,0,0,-0.02,0,1.00,4.18,2.86,3.85,1.00,D,0.00,12.00,1.78,12.00,1.48,^,-1.14,,18.30,12.20,504,0.00,43.3,1,0,0.00,0.00,0.00,12.00,-0.02,1.00,0,0,0.00,0
2026-04-29 19:05:58,120.10,0,0,0,0,0,0,0,-1.00,0,1.00,4.18,2.87,2.44,0.30,D,0.00,12.00,12.00,12.00,1.86,^,0.00,,19.40,12.20,504,0.00,43.9,1,0,0.00,0.00,0.00,12.00,0.00,0.00,0,0,0.00,0
2026-04-29 19:05:59,121.12,0,0,0,0,0,0,0,-1.00,0,1.00,4.18,2.85,0.73,0.68,D,0.00,12.00,1.82,12.00,2.00,^,0.00,,18.00,12.30,504,0.00,43.9,1,0,0.00,0.00,0.00,12.00,0.00,0.00,0,0,0.00,0
2026-04-29 19:06:00,122.13,0,0,0,0,0,0,0,0.00,0,0.00,4.18,2.84,2.47,0.87,D,0.00,1.91,1.88,1.17,12.00,^,0.00,,19.10,12.30,504,0.00,44.4,1,0,0.00,0.00,0.00,1.91,0.00,0.00,0,0,0.00,0
2026-04-29 19:06:01,123.15,0,0,0,0,0,0,0,0.00,0,0.00,4.18,2.84,3.02,0.26,D,0.00,1.32,1.22,0.94,1.02,WARN_WARNING,0.00,,20.60,12.40,504,0.00,45.0,1,0,0.00,0.00,0.00,1.32,0.00,0.00,0,0,0.00,0
2026-04-29 19:06:02,124.16,0,0,0,0,0,0,0,0.00,0,0.00,4.18,2.84,2.25,0.00,D,0.00,0.94,0.99,0.47,0.86,WARN_WARNING,0.00,,28.70,12.50,504,0.00,46.1,1,0,0.00,0.00,0.00,0.94,0.00,0.00,0,0,0.00,0
2026-04-29 19:06:03,125.17,0,0,0,0,0,0,0,0.00,0,0.00,4.18,2.83,1.54,0.00,D,0.00,12.00,12.00,0.53,0.52,^,0.00,,17.30,12.40,504,0.00,45.5,1,0,0.00,0.00,0.00,12.00,0.00,0.00,0,0,0.00,0
2026-04-29 19:06:04,126.18,0,0,0,0,0,0,0,0.55,0,1.00,4.18,2.82,0.97,0.23,D,0.00,12.00,12.00,0.65,0.63,^,0.00,,16.90,12.40,504,0.00,46.1,1,0,0.00,0.00,0.00,12.00,0.00,0.00,0,0,0.00,0
2026-04-29 19:06:05,127.19,0,0,0,0,0,0,0,0.35,0,1.00,4.18,2.81,1.55,0.74,D,0.00,12.00,12.00,0.63,0.47,^,0.00,,15.20,12.50,504,0.00,46.1,1,0,0.00,0.00,0.00,12.00,0.00,0.00,0,0,0.00,0
2026-04-29 19:06:06,128.21,0,0,0,0,0,0,0,0.00,0,0.69,4.18,2.80,2.41,0.57,D,0.00,12.00,12.00,0.85,0.50,^,0.00,,18.40,12.50,504,0.00,45.5,1,0,0.00,0.00,0.00,12.00,0.00,0.00,0,0,0.00,0
2026-04-29 19:06:07,129.22,0,0,0,0,0,0,0,-0.45,0,1.00,4.18,2.80,2.92,1.00,D,0.00,12.00,12.00,12.00,0.86,^,0.00,,17.40,12.50,504,0.00,44.4,1,0,0.00,0.00,0.00,12.00,0.00,0.00,0,0,0.00,0
2026-04-29 19:06:08,130.23,0,0,0,0,0,0,0,-0.68,0,0.00,4.18,2.80,3.01,0.44,D,0.00,12.00,12.00,12.00,1.20,^,0.00,,16.80,12.60,504,0.00,44.4,1,0,0.00,0.00,0.00,12.00,0.00,0.00,0,0,0.00,0
2026-04-29 19:06:09,131.24,1,0,0,0,0,0,0,-0.23,0,1.00,4.18,2.80,1.22,0.17,D,0.00,12.00,0.94,12.00,0.94,^,-13.88,,14.20,12.60,504,0.00,46.1,1,0,0.00,0.00,0.00,12.00,-0.23,1.00,0,0,0.00,0
2026-04-29 19:06:10,132.25,1,0,0,0,0,0,0,-0.17,0,1.00,4.18,2.78,0.25,0.67,D,0.00,2.38,12.00,12.00,0.72,^,-9.91,,13.60,12.60,504,0.00,45.0,1,0,0.00,0.00,0.00,2.38,-0.17,1.00,0,0,0.00,0
2026-04-29 19:06:11,133.26,1,0,0,0,0,0,0,0.42,0,0.50,4.18,2.77,3.10,0.98,D,0.00,1.70,12.00,12.00,1.17,WARN_WARNING,25.33,lidar_override,14.50,12.70,504,0.00,46.1,1,0,0.00,0.00,0.00,1.70,0.14,1.00,0,0,0.00,0
2026-04-29 19:06:12,134.28,1,0,0,0,0,0,0,-0.26,0,1.00,4.18,2.77,2.67,1.00,D,0.00,12.00,1.06,12.00,1.71,^,-15.82,,14.70,12.60,504,0.00,45.5,1,0,0.00,0.00,0.00,12.00,-0.26,1.00,0,0,0.00,0
2026-04-29 19:06:13,135.39,1,0,0,0,0,0,0,0.10,0,1.00,4.18,2.77,3.80,1.00,D,0.00,12.00,1.05,12.00,0.93,^,6.03,,16.30,12.60,504,0.00,45.5,1,0,0.00,0.00,0.00,12.00,0.10,1.00,0,0,0.00,0
2026-04-29 19:06:14,136.39,1,0,0,0,0,0,0,0.07,0,1.00,4.18,2.78,3.86,1.00,D,0.00,12.00,12.00,12.00,1.40,^,3.99,,19.00,12.80,504,0.00,45.0,1,0,0.00,0.00,0.00,12.00,0.07,1.00,0,0,0.00,0
2026-04-29 19:06:15,137.30,1,0,0,0,0,0,0,0.09,0,1.00,4.18,2.79,3.78,1.00,D,0.00,12.00,1.73,12.00,1.72,^,5.21,,17.60,13.10,504,0.00,45.0,1,0,0.00,0.00,0.00,12.00,0.09,1.00,0,0,0.00,0
2026-04-29 19:06:16,138.31,1,0,0,0,0,0,0,0.01,0,1.00,4.18,2.80,3.63,1.00,D,0.00,12.00,12.00,12.00,1.51,^,0.37,,16.80,13.30,504,0.00,45.0,1,0,0.00,0.00,0.00,12.00,0.01,1.00,0,0,0.00,0
2026-04-29 19:06:17,139.32,1,0,0,0,0,0,0,0.01,0,1.00,4.18,2.81,3.86,1.00,D,0.00,12.00,12.00,12.00,1.45,^,0.86,,17.20,13.40,504,0.00,44.4,1,0,0.00,0.00,0.00,12.00,0.01,1.00,0,0,0.00,0
2026-04-29 19:06:18,140.33,1,0,0,0,0,0,0,-0.03,0,1.00,4.18,2.81,3.81,1.00,D,0.00,12.00,12.00,12.00,1.49,^,-1.92,,17.30,13.10,504,0.00,45.0,1,0,0.00,0.00,0.00,12.00,-0.03,1.00,0,0,0.00,0
2026-04-29 19:06:19,141.35,1,0,0,0,0,0,0,-0.01,0,1.00,4.18,2.82,3.77,1.00,D,0.00,12.00,12.00,12.00,1.50,^,-0.67,,16.10,12.90,504,0.00,44.4,1,0,0.00,0.00,0.00,12.00,-0.01,1.00,0,0,0.00,0
2026-04-29 19:06:20,142.36,1,0,0,0,0,0,0,-0.03,0,1.00,4.18,2.83,3.74,1.00,D,0.00,12.00,12.00,12.00,1.46,^,-1.55,,16.20,12.80,504,0.00,43.3,1,0,0.00,0.00,0.00,12.00,-0.03,1.00,0,0,0.00,0
2026-04-29 19:06:21,143.47,1,0,0,0,0,0,0,0.07,0,1.00,4.18,2.83,3.81,1.00,D,0.00,12.00,12.00,12.00,1.32,^,4.24,,16.50,12.90,504,0.00,45.0,1,0,0.00,0.00,0.00,12.00,0.07,1.00,0,0,0.00,0
2026-04-29 19:06:22,144.37,1,0,0,0,0,0,0,0.01,0,1.00,4.18,2.84,3.78,1.00,D,0.00,12.00,12.00,12.00,1.24,^,0.81,,15.90,12.70,504,0.00,45.0,1,0,0.00,0.00,0.00,12.00,0.01,1.00,0,0,0.00,0
2026-04-29 19:06:23,145.39,1,0,0,0,0,0,0,-0.04,0,1.00,4.18,2.85,3.83,1.00,D,0.00,3.08,1.82,12.00,1.30,^,-2.34,,15.90,12.80,504,0.00,43.9,1,0,0.00,0.00,0.00,3.08,-0.04,1.00,0,0,0.00,0
2026-04-29 19:06:24,146.40,1,0,0,0,0,0,0,-0.42,0,0.50,4.18,2.85,3.29,0.77,D,0.00,1.53,12.00,12.00,1.78,WARN_WARNING,-25.33,lidar_override,16.20,12.70,504,0.00,45.0,1,0,0.00,0.00,0.00,1.53,0.17,1.00,0,0,0.00,0
2026-04-29 19:06:25,147.41,1,0,0,0,0,0,0,0.23,0,1.00,4.18,2.85,3.41,1.00,D,0.00,12.00,12.00,0.87,1.05,^,13.82,,17.40,12.50,504,0.00,44.4,1,0,0.00,0.00,0.00,12.00,0.23,1.00,0,0,0.00,0
2026-04-29 19:06:26,148.42,1,0,0,0,0,0,0,0.28,0,1.00,4.18,2.86,2.91,0.91,D,0.00,12.00,12.00,1.51,1.37,^,16.86,,16.60,12.50,504,0.00,44.4,1,0,0.00,0.00,0.00,12.00,0.28,1.00,0,0,0.00,0
2026-04-29 19:06:27,149.43,1,0,0,0,0,0,0,0.27,0,1.00,4.18,2.86,3.71,1.00,D,0.00,12.00,12.00,12.00,1.11,^,16.09,,16.40,12.40,504,0.00,43.3,1,0,0.00,0.00,0.00,12.00,0.27,1.00,0,0,0.00,0
2026-04-29 19:06:28,150.44,1,0,0,0,0,0,0,0.06,0,1.00,4.18,2.87,3.86,1.00,D,0.00,12.00,12.00,12.00,1.55,^,3.79,,18.10,12.40,504,0.00,44.4,1,0,0.00,0.00,0.00,12.00,0.06,1.00,0,0,0.00,0
2026-04-29 19:06:29,151.45,1,0,0,0,0,0,0,-0.09,0,1.00,4.18,2.87,3.74,1.00,D,0.00,12.00,12.00,12.00,1.45,^,-5.62,,19.60,12.50,504,0.00,45.0,1,0,0.00,0.00,0.00,12.00,-0.09,1.00,0,0,0.00,0
2026-04-29 19:06:30,152.46,1,0,0,0,0,0,0,-0.28,0,1.00,4.18,2.88,3.69,1.00,D,0.00,12.00,12.00,12.00,1.56,^,-16.62,,16.00,12.40,504,0.00,44.4,1,0,0.00,0.00,0.00,12.00,-0.28,1.00,0,0,0.00,0
2026-04-29 19:06:31,153.47,1,0,0,0,0,0,0,0.19,0,1.00,4.18,2.89,3.81,1.00,D,0.00,12.00,2.65,12.00,1.58,^,11.63,,18.70,12.30,504,0.00,42.8,1,0,0.00,0.00,0.00,12.00,0.19,1.00,0,0,0.00,0
2026-04-29 19:06:32,154.48,1,0,0,0,0,0,0,0.16,0,1.00,4.18,2.89,3.92,1.00,D,0.00,12.00,12.00,12.00,1.47,^,9.89,,18.00,12.30,504,0.00,44.4,1,0,0.00,0.00,0.00,12.00,0.16,1.00,0,0,0.00,0
2026-04-29 19:06:33,155.49,1,0,0,0,0,0,0,-0.36,0,1.00,4.18,2.90,3.55,1.00,D,0.00,12.00,7.40,12.00,1.74,^,-21.55,,13.80,12.30,504,0.00,46.1,1,0,0.00,0.00,0.00,12.00,-0.36,1.00,0,0,0.00,0
2026-04-29 19:06:34,156.51,1,0,0,0,0,0,0,-0.35,0,1.00,4.18,2.90,3.79,1.00,D,0.00,12.00,12.00,12.00,1.78,^,-21.27,,13.50,12.30,504,0.00,46.1,1,0,0.00,0.00,0.00,12.00,-0.35,1.00,0,0,0.00,0
2026-04-29 19:06:35,157.52,0,0,0,0,0,0,0,0.40,0,0.00,4.18,2.91,3.76,0.00,D,0.00,12.00,12.00,12.00,1.89,^,0.00,,14.20,12.30,504,0.00,44.4,1,0,0.00,0.00,0.00,12.00,0.00,0.00,0,0,0.00,0
2026-04-29 19:06:36,158.53,0,0,0,0,0,0,0,1.00,0,1.00,4.18,2.91,1.67,0.47,D,0.00,12.00,6.92,12.00,1.98,^,0.00,,14.90,12.30,504,0.00,45.5,1,0,0.00,0.00,0.00,12.00,0.00,0.00,0,0,0.00,0
2026-04-29 19:06:37,159.54,0,0,0,1,0,0,0,1.00,0,0.00,4.18,2.90,2.34,0.00,N,0.00,12.00,12.00,1.66,12.00,^,0.00,,14.60,12.30,504,0.00,43.9,1,0,0.00,0.00,0.00,12.00,0.00,0.00,0,0,0.00,0
2026-04-29 19:06:38,160.56,0,0,0,0,0,0,0,0.98,0,1.00,4.18,2.89,1.14,0.00,N,0.00,1.42,12.00,12.00,12.00,^,0.00,,15.20,12.30,504,0.00,45.5,1,0,0.00,0.00,0.00,1.42,0.00,0.00,0,0,0.00,0
2026-04-29 19:06:39,161.57,0,0,0,0,0,0,0,0.00,0,1.00,4.18,2.88,0.00,0.00,N,0.00,1.77,12.00,12.00,8.00,^,0.00,,15.10,12.30,504,0.01,46.6,1,0,0.00,0.00,0.00,1.77,0.00,0.00,0,0,0.00,0
2026-04-29 19:06:40,162.58,0,0,1,0,0,0,0,0.74,0,1.00,4.18,2.86,0.00,0.12,D,0.00,2.58,12.00,12.00,8.06,^,0.00,,15.00,12.30,504,0.85,46.1,1,0,0.00,0.00,0.00,2.58,0.00,0.00,0,0,0.00,0
2026-04-29 19:06:41,163.59,0,0,0,0,0,0,0,0.62,0,1.00,4.18,2.84,0.27,0.62,D,0.00,12.00,12.00,12.00,8.03,^,0.00,,13.40,12.30,504,0.00,47.2,1,0,0.00,0.00,0.00,12.00,0.00,0.00,0,0,0.00,0
2026-04-29 19:06:42,164.60,0,0,0,0,0,0,0,0.00,0,0.00,4.18,2.84,2.38,0.64,D,0.00,12.00,12.00,12.00,12.00,^,0.00,,15.80,12.30,504,0.00,46.1,1,0,0.00,0.00,0.00,12.00,0.00,0.00,0,0,0.00,0
2026-04-29 19:06:43,165.61,0,0,0,0,0,0,0,0.12,0,0.37,4.18,2.83,2.41,0.35,D,0.00,12.00,12.00,12.00,12.00,^,0.00,,17.50,12.30,504,0.00,44.4,1,0,0.00,0.00,0.00,12.00,0.00,0.00,0,0,0.00,0
2026-04-29 19:06:44,166.63,0,0,0,0,0,0,0,0.00,0,0.15,4.18,2.83,2.52,0.29,D,0.00,2.38,12.00,2.36,12.00,^,0.00,,19.50,12.30,504,0.00,44.4,1,0,0.00,0.00,0.00,2.38,0.00,0.00,0,0,0.00,0
2026-04-29 19:06:45,167.64,0,0,0,0,0,0,0,-1.00,0,1.00,4.18,2.83,1.55,0.69,D,0.00,12.00,12.00,1.91,2.10,^,0.00,,14.20,12.30,504,0.00,46.1,1,0,0.00,0.00,0.00,12.00,0.00,0.00,0,0,0.00,0
2026-04-29 19:06:46,168.66,1,0,0,0,0,0,0,-0.07,0,1.00,4.18,2.82,2.23,0.98,D,0.00,12.00,6.82,12.00,2.22,^,-4.46,,14.80,12.30,504,0.00,45.5,1,0,0.00,0.00,0.00,12.00,-0.07,1.00,0,0,0.00,0
2026-04-29 19:06:47,169.67,0,0,0,0,0,0,0,0.42,0,0.00,4.18,2.82,3.57,0.00,D,0.00,12.00,12.00,12.00,2.74,^,0.00,,15.90,12.30,504,0.00,45.5,1,0,0.00,0.00,0.00,12.00,0.00,0.00,0,0,0.00,0
2026-04-29 19:06:48,170.68,0,0,0,0,0,0,0,0.00,0,0.00,4.18,2.82,1.24,0.00,D,0.00,12.00,6.49,12.00,2.59,^,0.00,,13.60,12.30,504,0.00,46.6,1,0,0.00,0.00,0.00,12.00,0.00,0.00,0,0,0.00,0
2026-04-29 19:06:49,171.70,1,0,0,0,0,0,0,0.11,0,1.00,4.18,2.81,0.01,0.26,D,0.00,12.00,12.00,12.00,1.72,^,6.78,,16.30,12.30,504,0.01,44.4,1,0,0.00,0.00,0.00,12.00,0.11,1.00,0,0,0.00,0
2026-04-29 19:06:50,172.71,1,0,0,0,0,0,0,0.14,0,1.00,4.18,2.79,0.10,0.77,D,0.00,12.00,12.00,12.00,0.96,^,8.31,,14.00,12.20,504,0.00,44.4,1,0,0.00,0.00,0.00,12.00,0.14,1.00,0,0,0.00,0
2026-04-29 19:06:51,173.72,1,0,0,0,0,0,0,0.09,0,1.00,4.18,2.78,3.41,1.00,D,0.00,12.00,12.00,12.00,1.21,^,5.18,,17.10,12.30,504,0.00,46.6,1,0,0.00,0.00,0.00,12.00,0.09,1.00,0,0,0.00,0
2026-04-29 19:06:52,174.73,1,0,0,0,0,0,0,0.02,0,1.00,4.18,2.79,3.83,1.00,D,0.00,12.00,12.00,12.00,1.90,^,1.34,,15.50,12.30,504,0.00,45.5,1,0,0.00,0.00,0.00,12.00,0.02,1.00,0,0,0.00,0
2026-04-29 19:06:53,175.74,1,0,0,0,0,0,0,-0.17,0,1.00,4.18,2.80,3.82,1.00,D,0.00,12.00,12.00,12.00,2.28,^,-10.34,,14.90,12.20,504,0.00,45.0,1,0,0.00,0.00,0.00,12.00,-0.17,1.00,0,0,0.00,0
2026-04-29 19:06:54,176.76,1,0,0,0,0,0,0,0.08,0,1.00,4.18,2.80,3.86,1.00,D,0.00,12.00,2.56,12.00,2.45,^,4.56,,14.60,12.20,504,0.00,46.6,1,0,0.00,0.00,0.00,12.00,0.08,1.00,0,0,0.00,0
2026-04-29 19:06:55,177.87,1,0,0,0,0,0,0,-0.12,0,1.00,4.18,2.81,3.91,1.00,D,0.00,12.00,1.96,12.00,1.99,^,-7.08,,14.90,12.20,504,0.00,45.5,1,0,0.00,0.00,0.00,12.00,-0.12,1.00,0,0,0.00,0
2026-04-29 19:06:56,178.77,1,0,0,0,0,0,0,-0.09,0,1.00,4.18,2.81,3.94,1.00,D,0.00,12.00,1.90,12.00,1.86,^,-5.58,,16.20,12.20,504,0.00,45.0,1,0,0.00,0.00,0.00,12.00,-0.09,1.00,0,0,0.00,0
2026-04-29 19:06:57,179.77,1,0,0,0,0,0,0,0.04,0,1.00,4.18,2.82,3.97,1.00,D,0.00,12.00,12.00,12.00,2.08,^,2.65,,18.50,12.20,504,0.00,44.4,1,0,0.00,0.00,0.00,12.00,0.04,1.00,0,0,0.00,0
2026-04-29 19:06:58,180.78,1,0,0,0,0,0,0,-0.06,0,1.00,4.18,2.83,3.99,1.00,D,0.00,12.00,12.00,12.00,2.09,^,-3.69,,17.50,12.20,504,0.00,45.5,1,0,0.00,0.00,0.00,12.00,-0.06,1.00,0,0,0.00,0
2026-04-29 19:06:59,181.80,1,0,0,0,0,0,0,0.00,0,1.00,4.18,2.83,3.87,1.00,D,0.00,12.00,12.00,12.00,2.08,^,0.01,,16.40,12.20,504,0.00,46.1,1,0,0.00,0.00,0.00,12.00,0.00,1.00,0,0,0.00,0
2026-04-29 19:07:00,182.81,1,0,0,0,0,0,0,0.04,0,1.00,4.18,2.84,4.00,1.00,D,0.00,12.00,12.00,12.00,2.07,^,2.54,,14.70,12.20,504,0.00,46.1,1,0,0.00,0.00,0.00,12.00,0.04,1.00,0,0,0.00,0
2026-04-29 19:07:01,183.82,1,0,0,0,0,0,0,-0.07,0,1.00,4.18,2.85,3.99,1.00,D,0.00,12.00,12.00,12.00,2.09,^,-4.28,,14.00,12.20,504,0.00,47.2,1,0,0.00,0.00,0.00,12.00,-0.07,1.00,0,0,0.00,0
2026-04-29 19:07:02,184.82,1,0,0,0,0,0,0,0.03,0,1.00,4.18,2.85,3.96,1.00,D,0.00,12.00,12.00,12.00,2.24,^,1.76,,13.90,12.20,504,0.00,47.2,1,0,0.00,0.00,0.00,12.00,0.03,1.00,0,0,0.00,0
2026-04-29 19:07:03,185.83,1,0,0,0,0,0,0,-0.03,0,1.00,4.18,2.86,3.93,1.00,D,0.00,12.00,12.00,12.00,2.44,^,-1.59,,14.60,12.20,504,0.00,46.1,1,0,0.00,0.00,0.00,12.00,-0.03,1.00,0,0,0.00,0
2026-04-29 19:07:04,186.83,1,0,0,0,0,0,0,-0.07,0,1.00,4.18,2.86,3.86,1.00,D,0.00,12.00,12.00,12.00,2.49,^,-4.48,,15.20,12.20,504,0.00,45.0,1,0,0.00,0.00,0.00,12.00,-0.07,1.00,0,0,0.00,0
2026-04-29 19:07:05,187.83,1,0,0,0,0,0,0,-0.03,0,1.00,4.18,2.87,3.91,1.00,D,0.00,12.00,12.00,12.00,2.53,^,-1.58,,13.90,12.20,504,0.00,46.1,1,0,0.00,0.00,0.00,12.00,-0.03,1.00,0,0,0.00,0
2026-04-29 19:07:06,188.85,1,0,0,0,0,0,0,-0.06,0,1.00,4.18,2.87,3.91,1.00,D,0.00,12.00,12.00,12.00,2.64,^,-3.48,,13.00,12.20,504,0.00,44.4,1,0,0.00,0.00,0.00,12.00,-0.06,1.00,0,0,0.00,0
2026-04-29 19:07:07,189.86,1,0,0,0,0,0,0,0.04,0,1.00,4.18,2.88,3.99,1.00,D,0.00,12.00,12.00,12.00,2.72,^,2.53,,15.00,12.20,504,0.00,45.5,1,0,0.00,0.00,0.00,12.00,0.04,1.00,0,0,0.00,0
2026-04-29 19:07:08,190.86,1,0,0,0,0,0,0,-0.01,0,1.00,4.18,2.89,4.01,1.00,D,0.00,12.00,1.81,12.00,2.82,^,-0.66,,13.80,12.10,504,0.00,46.6,1,0,0.00,0.00,0.00,12.00,-0.01,1.00,0,0,0.00,0
2026-04-29 19:07:09,191.88,1,0,0,0,0,0,0,0.11,0,1.00,4.18,2.89,4.12,1.00,D,0.00,12.00,1.41,12.00,2.79,^,6.56,,17.20,12.10,504,0.00,46.6,1,0,0.00,0.00,0.00,12.00,0.11,1.00,0,0,0.00,0
2026-04-29 19:07:10,192.89,1,0,0,0,0,0,0,-0.31,0,1.00,4.18,2.90,3.90,1.00,D,0.00,12.00,12.00,12.00,2.78,^,-18.42,,16.60,12.10,504,0.00,45.5,1,0,0.00,0.00,0.00,12.00,-0.31,1.00,0,0,0.00,0
2026-04-29 19:07:11,193.91,1,0,0,0,0,0,0,-0.00,0,1.00,4.18,2.90,4.02,1.00,D,0.00,12.00,2.21,12.00,2.75,^,-0.03,,17.40,12.10,504,0.00,45.0,1,0,0.00,0.00,0.00,12.00,-0.00,1.00,0,0,0.00,0
2026-04-29 19:07:12,194.91,1,0,0,0,0,0,0,-0.10,0,1.00,4.18,2.91,4.01,1.00,D,0.00,12.00,12.00,12.00,2.03,^,-6.16,,18.60,12.10,504,0.00,45.5,1,0,0.00,0.00,0.00,12.00,-0.10,1.00,0,0,0.00,0
2026-04-29 19:07:13,195.93,1,0,0,0,0,0,0,0.05,0,1.00,4.18,2.91,4.10,1.00,D,0.00,12.00,12.00,12.00,2.77,^,3.29,,16.80,12.20,504,0.00,45.5,1,0,0.00,0.00,0.00,12.00,0.05,1.00,0,0,0.00,0
2026-04-29 19:07:14,196.94,1,0,0,0,0,0,0,-0.05,0,1.00,4.18,2.92,4.12,1.00,D,0.00,12.00,12.00,12.00,2.87,^,-2.71,,17.50,12.20,504,0.00,44.4,1,0,0.00,0.00,0.00,12.00,-0.05,1.00,0,0,0.00,0
2026-04-29 19:07:15,197.95,1,0,0,0,0,0,0,-0.05,0,1.00,4.24,2.93,4.22,1.00,D,0.00,12.00,12.00,12.00,12.00,^,-3.06,,16.40,12.20,504,0.00,45.5,1,0,0.00,0.00,0.00,12.00,-0.05,1.00,0,0,0.00,0
2026-04-29 19:07:16,198.96,0,0,0,0,0,0,0,0.00,0,0.00,4.24,2.93,3.78,0.00,D,0.00,12.00,1.93,12.00,12.00,^,0.00,,14.90,12.20,504,0.00,45.5,1,0,0.00,0.00,0.00,12.00,0.00,0.00,0,0,0.00,0
2026-04-29 19:07:18,200.07,0,0,0,0,0,0,0,0.00,0,0.00,4.24,2.93,2.18,0.00,D,0.00,12.00,1.58,12.00,1.59,^,0.00,,13.30,12.10,504,0.00,45.0,1,0,0.00,0.00,0.00,12.00,0.00,0.00,0,0,0.00,0
2026-04-29 19:07:18,200.97,0,0,0,0,0,0,0,0.00,0,1.00,4.24,2.93,1.03,0.38,D,0.00,12.00,12.00,12.00,1.64,^,0.00,,13.80,12.10,504,0.00,45.0,1,0,0.00,0.00,0.00,12.00,0.00,0.00,0,0,0.00,0
2026-04-29 19:07:19,201.99,0,0,0,0,0,0,0,0.19,0,0.74,4.24,2.92,1.10,0.24,D,0.00,12.00,12.00,12.00,1.46,^,0.00,,14.40,12.10,504,0.00,44.4,1,0,0.00,0.00,0.00,12.00,0.00,0.00,0,0,0.00,0
2026-04-29 19:07:20,203.00,0,0,0,0,0,0,0,1.00,0,0.77,4.24,2.91,1.20,0.54,D,0.00,12.00,12.00,12.00,0.89,^,0.00,,16.50,12.10,504,0.00,44.4,1,0,0.00,0.00,0.00,12.00,0.00,0.00,0,0,0.00,0
2026-04-29 19:07:21,204.01,0,0,0,0,0,0,0,0.00,0,1.00,4.24,2.90,1.94,0.81,D,0.00,12.00,12.00,12.00,0.61,^,0.00,,16.40,12.10,504,0.00,43.3,1,0,0.00,0.00,0.00,12.00,0.00,0.00,0,0,0.00,0
2026-04-29 19:07:22,205.02,0,0,0,0,0,0,0,0.00,1,1.00,4.24,2.90,0.00,0.00,D,0.00,12.00,12.00,12.00,0.52,^,0.00,,15.10,12.20,504,0.01,44.4,1,0,0.00,0.00,0.00,12.00,0.00,0.00,0,0,0.00,0
2026-04-29 19:07:23,206.04,0,0,0,1,0,0,0,-0.15,0,1.00,4.24,2.88,0.00,-0.08,R,0.00,12.00,12.00,12.00,0.43,^,0.00,,14.20,12.20,504,0.86,43.9,1,0,0.00,0.00,0.00,12.00,0.00,0.00,0,0,0.00,0
2026-04-29 19:07:24,207.05,0,0,1,0,0,0,0,0.00,0,1.00,4.24,2.87,0.00,0.07,D,0.00,12.00,12.00,12.00,0.43,^,0.00,,15.70,12.20,504,0.50,43.9,1,0,0.00,0.00,0.00,12.00,0.00,0.00,0,0,0.00,0
2026-04-29 19:07:25,208.07,0,0,0,0,0,0,0,-0.12,0,1.00,4.24,2.85,0.03,0.58,D,0.00,12.00,12.00,12.00,0.44,^,0.00,,14.70,12.20,504,0.02,43.9,1,0,0.00,0.00,0.00,12.00,0.00,0.00,0,0,0.00,0
2026-04-29 19:07:27,209.08,0,0,0,0,0,0,0,0.00,0,1.00,4.24,2.84,2.47,1.00,D,0.00,12.00,12.00,12.00,0.65,^,0.00,,17.00,12.20,504,0.00,45.0,1,0,0.00,0.00,0.00,12.00,0.00,0.00,0,0,0.00,0
2026-04-29 19:07:28,210.09,0,0,0,0,0,0,0,0.00,0,1.00,4.24,2.85,4.00,1.00,D,0.00,12.00,12.00,12.00,1.05,^,0.00,,18.70,12.20,504,0.00,45.5,1,0,0.00,0.00,0.00,12.00,0.00,0.00,0,0,0.00,0
2026-04-29 19:07:29,211.10,0,0,0,0,0,0,0,-0.20,0,1.00,4.24,2.85,3.82,1.00,D,0.00,12.00,12.00,12.00,1.57,^,0.00,,14.30,12.20,504,0.00,45.5,1,0,0.00,0.00,0.00,12.00,0.00,0.00,0,0,0.00,0
2026-04-29 19:07:30,212.11,0,0,0,0,0,0,0,0.00,0,1.00,4.24,2.86,4.14,1.00,D,0.00,12.00,12.00,12.00,2.08,^,0.00,,15.40,12.20,504,0.00,45.0,1,0,0.00,0.00,0.00,12.00,0.00,0.00,0,0,0.00,0
2026-04-29 19:07:31,213.12,0,0,0,0,0,0,0,0.00,0,1.00,4.25,2.86,4.16,1.00,D,0.00,12.00,12.00,12.00,2.48,^,0.00,,14.30,12.20,504,0.00,45.5,1,0,0.00,0.00,0.00,12.00,0.00,0.00,0,0,0.00,0
2026-04-29 19:07:32,214.14,0,0,0,0,0,0,0,-0.14,0,1.00,4.25,2.87,4.24,1.00,D,0.00,12.00,12.00,12.00,3.05,^,0.00,,14.10,12.20,504,0.00,47.7,1,0,0.00,0.00,0.00,12.00,0.00,0.00,0,0,0.00,0
2026-04-29 19:07:33,215.15,0,0,0,0,0,0,0,0.00,0,1.00,4.27,2.88,4.11,1.00,D,0.00,12.00,12.00,12.00,12.00,^,0.00,,17.50,12.20,504,0.00,45.5,1,0,0.00,0.00,0.00,12.00,0.00,0.00,0,0,0.00,0
2026-04-29 19:07:34,216.16,0,0,0,0,0,0,0,0.00,0,1.00,4.27,2.88,4.19,1.00,D,0.00,12.00,12.00,12.00,12.00,^,0.00,,17.70,12.20,504,0.00,45.5,1,0,0.00,0.00,0.00,12.00,0.00,0.00,0,0,0.00,0
2026-04-29 19:07:35,217.17,0,0,0,0,0,0,0,0.00,0,1.00,4.27,2.89,3.99,1.00,D,0.00,12.00,12.00,12.00,12.00,^,0.00,,16.70,12.20,504,0.00,45.5,1,0,0.00,0.00,0.00,12.00,0.00,0.00,0,0,0.00,0
2026-04-29 19:07:36,218.19,0,0,0,0,0,0,0,0.00,0,0.25,4.27,2.89,4.22,0.92,D,0.00,12.00,12.00,12.00,12.00,^,0.00,,17.80,12.20,504,0.00,45.5,1,0,0.00,0.00,0.00,12.00,0.00,0.00,0,0,0.00,0
2026-04-29 19:07:37,219.20,0,0,0,0,0,0,0,0.24,0,0.03,4.27,2.90,3.45,0.32,D,0.00,12.00,12.00,12.00,12.00,^,0.00,,17.30,12.20,504,0.00,43.9,1,0,0.00,0.00,0.00,12.00,0.00,0.00,0,0,0.00,0
2026-04-29 19:07:38,220.21,0,0,0,0,0,0,0,0.98,0,1.00,4.27,2.90,2.48,0.44,D,0.00,2.51,12.00,2.54,12.00,^,0.00,,15.40,12.20,504,0.00,46.1,1,0,0.00,0.00,0.00,2.51,0.00,0.00,0,0,0.00,0
2026-04-29 19:07:39,221.33,0,0,0,0,0,0,0,0.00,0,1.00,4.27,2.89,2.51,0.94,D,0.00,12.00,12.00,12.00,1.11,^,0.00,,14.80,12.20,504,0.00,45.0,1,0,0.00,0.00,0.00,12.00,0.00,0.00,0,0,0.00,0
2026-04-29 19:07:40,222.23,1,0,0,0,0,0,0,0.18,0,1.00,4.27,2.89,3.25,0.98,D,0.00,12.00,2.07,12.00,12.00,^,11.08,,14.10,12.20,504,0.00,45.0,1,0,0.00,0.00,0.00,12.00,0.18,1.00,0,0,0.00,0
2026-04-29 19:07:41,223.24,1,0,0,0,0,0,0,0.17,0,1.00,4.27,2.90,4.00,1.00,D,0.00,12.00,2.06,12.00,1.59,^,10.48,,17.10,12.20,504,0.00,46.6,1,0,0.00,0.00,0.00,12.00,0.17,1.00,0,0,0.00,0
2026-04-29 19:07:42,224.35,1,0,0,0,0,0,0,-0.22,0,1.00,4.27,2.90,4.16,1.00,D,0.00,12.00,12.00,12.00,2.64,^,-13.44,,14.10,12.20,504,0.00,46.1,1,0,0.00,0.00,0.00,12.00,-0.22,1.00,0,0,0.00,0
2026-04-29 19:07:43,225.26,1,0,0,0,0,0,0,0.13,0,1.00,4.27,2.91,4.03,1.00,D,0.00,12.00,12.00,12.00,12.00,^,7.79,,17.10,12.10,504,0.00,45.0,1,0,0.00,0.00,0.00,12.00,0.13,1.00,0,0,0.00,0
2026-04-29 19:07:44,226.27,1,0,0,0,0,0,0,-0.04,0,1.00,4.27,2.91,4.14,1.00,D,0.00,12.00,12.00,3.02,12.00,^,-2.54,,17.70,12.10,504,0.00,46.1,1,0,0.00,0.00,0.00,12.00,-0.04,1.00,0,0,0.00,0
2026-04-29 19:07:45,227.29,1,0,0,0,0,0,0,-0.01,0,1.00,4.27,2.92,4.15,1.00,D,0.00,12.00,2.41,1.94,2.40,^,-0.63,,16.40,12.10,504,0.00,44.4,1,0,0.00,0.00,0.00,12.00,-0.01,1.00,0,0,0.00,0
2026-04-29 19:07:46,228.30,1,0,0,0,0,0,0,0.14,0,1.00,4.27,2.93,4.20,1.00,D,0.00,12.00,2.51,12.00,2.04,^,8.34,,17.70,12.10,504,0.00,44.4,1,0,0.00,0.00,0.00,12.00,0.14,1.00,0,0,0.00,0
2026-04-29 19:07:47,229.32,1,0,0,0,0,0,0,-0.07,0,1.00,4.27,2.93,4.15,1.00,D,0.00,12.00,2.31,12.00,2.17,^,-4.03,,16.80,12.20,504,0.00,45.0,1,0,0.00,0.00,0.00,12.00,-0.07,1.00,0,0,0.00,0
2026-04-29 19:07:48,230.32,1,0,0,0,0,0,0,-0.07,0,1.00,4.27,2.94,4.00,1.00,D,0.00,12.00,2.02,12.00,2.32,^,-4.13,,16.80,12.10,504,0.00,45.5,1,0,0.00,0.00,0.00,12.00,-0.07,1.00,0,0,0.00,0
2026-04-29 19:07:49,231.33,1,0,0,0,0,0,0,0.32,0,1.00,4.27,2.94,4.04,1.00,D,0.00,2.76,1.05,12.00,12.00,^,19.13,,13.80,12.10,504,0.00,44.4,1,0,0.00,0.00,0.00,2.76,0.32,1.00,0,0,0.00,0
2026-04-29 19:07:50,232.35,1,0,0,0,0,0,0,0.02,0,1.00,4.27,2.94,3.99,1.00,D,0.00,12.00,1.66,12.00,1.46,^,1.37,,15.20,12.10,504,0.00,46.1,1,0,0.00,0.00,0.00,12.00,0.02,1.00,0,0,0.00,0
2026-04-29 19:07:51,233.36,1,0,0,0,0,0,0,-0.08,0,1.00,4.27,2.95,4.02,1.00,D,0.00,12.00,12.00,12.00,2.27,^,-5.05,,16.20,12.10,504,0.00,45.5,1,0,0.00,0.00,0.00,12.00,-0.08,1.00,0,0,0.00,0
2026-04-29 19:07:52,234.37,1,0,0,0,0,0,0,-0.04,0,1.00,4.27,2.95,4.16,1.00,D,0.00,12.00,2.23,12.00,12.00,^,-2.24,,15.50,12.10,504,0.00,44.4,1,0,0.00,0.00,0.00,12.00,-0.04,1.00,0,0,0.00,0
2026-04-29 19:07:53,235.38,1,0,0,0,0,0,0,0.03,0,1.00,4.27,2.96,4.19,1.00,D,0.00,12.00,12.00,12.00,2.50,^,1.90,,16.80,12.10,504,0.00,46.1,1,0,0.00,0.00,0.00,12.00,0.03,1.00,0,0,0.00,0
2026-04-29 19:07:54,236.50,1,0,0,0,0,0,0,0.10,0,1.00,4.27,2.96,4.16,1.00,D,0.00,12.00,2.11,12.00,12.00,^,5.84,,18.60,12.10,504,0.00,45.5,1,0,0.00,0.00,0.00,12.00,0.10,1.00,0,0,0.00,0
2026-04-29 19:07:55,237.40,1,0,0,0,0,0,0,-0.02,0,1.00,4.27,2.97,4.14,1.00,D,0.00,12.00,2.52,12.00,2.64,^,-0.95,,16.60,12.20,504,0.00,45.5,1,0,0.00,0.00,0.00,12.00,-0.02,1.00,0,0,0.00,0
2026-04-29 19:07:56,238.40,1,0,0,0,0,0,0,0.01,0,1.00,4.31,2.98,4.29,1.00,D,0.00,12.00,1.61,12.00,1.55,^,0.55,,19.40,12.10,504,0.00,45.5,1,0,0.00,0.00,0.00,12.00,0.01,1.00,0,0,0.00,0
2026-04-29 19:07:57,239.42,1,0,0,0,0,0,0,0.17,0,1.00,4.31,2.98,3.93,1.00,D,0.00,12.00,2.10,12.00,2.07,^,10.29,,16.50,12.20,504,0.00,45.5,1,0,0.00,0.00,0.00,12.00,0.17,1.00,0,0,0.00,0
2026-04-29 19:07:58,240.53,1,0,0,0,0,0,0,0.19,0,1.00,4.31,2.98,3.96,1.00,D,0.00,12.00,1.84,12.00,1.62,^,11.45,,15.60,12.10,504,0.00,45.5,1,0,0.00,0.00,0.00,12.00,0.19,1.00,0,0,0.00,0
2026-04-29 19:07:59,241.44,1,0,0,0,0,0,0,-0.07,0,1.00,4.31,2.99,4.13,1.00,D,0.00,12.00,1.72,12.00,1.36,^,-3.93,,16.10,12.10,504,0.00,43.3,1,0,0.00,0.00,0.00,12.00,-0.07,1.00,0,0,0.00,0
2026-04-29 19:08:00,242.45,0,0,0,0,0,0,0,0.00,0,0.00,4.31,2.99,0.00,0.00,D,0.00,12.00,2.23,12.00,1.80,^,0.00,,15.10,12.10,504,0.00,45.0,1,0,0.00,0.00,0.00,12.00,0.00,0.00,0,0,0.00,0
2026-04-29 19:08:01,243.45,0,0,0,1,0,0,0,-1.00,0,1.00,4.31,2.98,0.00,-0.16,R,0.00,12.00,2.41,12.00,1.80,^,0.00,,11.40,12.10,504,0.86,45.5,1,0,0.00,0.00,0.00,12.00,0.00,0.00,0,0,0.00,0
2026-04-29 19:08:02,244.45,0,0,0,0,0,0,0,0.66,0,1.00,4.31,2.96,0.41,-0.66,R,0.00,12.00,2.28,12.00,1.79,^,0.00,,12.80,12.10,504,0.00,44.4,1,0,0.00,0.00,0.00,12.00,0.00,0.00,0,0,0.00,0
2026-04-29 19:08:03,245.47,0,0,0,0,0,0,0,0.00,0,0.67,4.31,2.96,3.12,-0.78,R,0.00,12.00,1.76,12.00,1.65,^,0.00,,15.30,12.10,504,0.00,46.1,1,0,0.00,0.00,0.00,12.00,0.00,0.00,0,0,0.00,0
2026-04-29 19:08:04,246.47,0,0,0,0,0,0,0,0.00,0,0.05,4.31,2.96,3.18,-0.71,R,0.00,12.00,1.69,12.00,1.88,^,0.00,,15.80,12.10,504,0.00,46.6,1,0,0.00,0.00,0.00,12.00,0.00,0.00,0,0,0.00,0
2026-04-29 19:08:05,247.48,0,0,0,0,0,0,0,0.00,0,1.00,4.31,2.96,2.94,-0.98,R,0.00,12.00,1.55,12.00,1.53,^,0.00,,16.10,12.10,504,0.00,44.4,1,0,0.00,0.00,0.00,12.00,0.00,0.00,0,0,0.00,0
2026-04-29 19:08:06,248.49,0,0,0,0,0,0,0,0.00,0,1.00,4.31,2.96,3.41,-1.00,R,0.00,12.00,1.93,12.00,1.75,^,0.00,,19.00,12.10,504,0.00,44.4,1,0,0.00,0.00,0.00,12.00,0.00,0.00,0,0,0.00,0
2026-04-29 19:08:07,249.50,0,0,0,0,0,0,0,0.00,0,0.98,4.31,2.97,4.09,-0.98,R,0.00,12.00,0.84,12.00,0.91,^,0.00,,19.30,12.10,504,0.00,45.5,1,0,0.00,0.00,0.00,12.00,0.00,0.00,0,0,0.00,0
2026-04-29 19:08:08,250.51,0,0,0,0,0,0,0,0.00,0,0.98,4.31,2.97,3.82,-0.98,R,0.00,1.87,2.13,12.00,1.46,WARN_WARNING,0.00,,18.00,12.10,504,0.00,45.0,1,0,0.00,0.00,0.00,1.87,0.00,0.00,0,0,0.00,0
2026-04-29 19:08:09,251.53,0,0,0,0,0,0,0,0.00,0,1.00,4.31,2.97,4.15,-1.00,R,0.00,12.00,1.74,1.26,1.71,^,0.00,,21.30,12.10,504,0.00,46.1,1,0,0.00,0.00,0.00,12.00,0.00,0.00,0,0,0.00,0
2026-04-29 19:08:10,252.64,0,0,0,0,0,0,0,0.00,0,1.00,4.33,2.98,4.23,-1.00,R,0.00,12.00,1.92,1.63,2.15,^,0.00,,16.10,12.10,504,0.00,45.0,1,0,0.00,0.00,0.00,12.00,0.00,0.00,0,0,0.00,0
2026-04-29 19:08:11,253.55,0,0,0,0,0,0,0,0.38,0,1.00,4.33,2.98,4.21,-1.00,R,0.00,2.46,1.67,2.17,2.01,^,0.00,,18.40,12.10,504,0.00,44.4,1,0,0.00,0.00,0.00,2.46,0.00,0.00,0,0,0.00,0
2026-04-29 19:08:12,254.56,0,0,0,0,0,0,0,0.00,0,1.00,4.38,2.99,4.37,-1.00,R,0.00,2.73,2.14,12.00,1.90,^,0.00,,18.50,12.10,504,0.00,46.1,1,0,0.00,0.00,0.00,2.73,0.00,0.00,0,0,0.00,0
2026-04-29 19:08:13,255.57,0,0,0,0,0,0,0,0.00,0,1.00,4.38,2.99,4.32,-1.00,R,0.00,3.52,1.90,12.00,2.01,^,0.00,,16.90,12.10,504,0.00,44.4,1,0,0.00,0.00,0.00,3.52,0.00,0.00,0,0,0.00,0
2026-04-29 19:08:14,256.58,0,0,0,0,0,0,0,0.00,0,1.00,4.45,3.00,4.05,-1.00,R,0.00,12.00,1.36,12.00,2.14,^,0.00,,19.20,12.10,504,0.00,45.0,1,0,0.00,0.00,0.00,12.00,0.00,0.00,0,0,0.00,0
2026-04-29 19:08:15,257.60,0,0,0,0,0,0,0,0.00,0,1.00,4.45,3.00,4.37,-1.00,R,0.00,12.00,2.27,12.00,2.07,^,0.00,,15.90,12.10,504,0.00,44.4,1,0,0.00,0.00,0.00,12.00,0.00,0.00,0,0,0.00,0
2026-04-29 19:08:16,258.61,0,0,0,0,0,0,0,0.24,0,1.00,4.45,3.01,4.35,-1.00,R,0.00,12.00,2.14,12.00,12.00,^,0.00,,14.00,12.10,504,0.00,45.5,1,0,0.00,0.00,0.00,12.00,0.00,0.00,0,0,0.00,0
2026-04-29 19:08:17,259.63,0,0,0,0,0,0,0,0.00,0,1.00,4.45,3.01,4.26,-1.00,R,0.00,12.00,12.00,12.00,2.52,^,0.00,,15.30,12.10,504,0.00,45.5,1,0,0.00,0.00,0.00,12.00,0.00,0.00,0,0,0.00,0
2026-04-29 19:08:18,260.74,0,0,0,0,0,0,0,0.00,0,1.00,4.45,3.02,4.24,-1.00,R,0.00,12.00,2.42,12.00,12.00,^,0.00,,16.50,12.10,504,0.00,45.5,1,0,0.00,0.00,0.00,12.00,0.00,0.00,0,0,0.00,0
2026-04-29 19:08:19,261.64,0,0,0,0,0,0,0,0.00,0,1.00,4.45,3.02,4.21,-1.00,R,0.00,12.00,12.00,12.00,12.00,^,0.00,,15.00,12.10,504,0.00,46.6,1,0,0.00,0.00,0.00,12.00,0.00,0.00,0,0,0.00,0
2026-04-29 19:08:20,262.66,0,0,0,0,0,0,0,0.00,0,1.00,4.45,3.03,4.24,-1.00,R,0.00,12.00,12.00,12.00,12.00,^,0.00,,16.30,12.10,504,0.00,45.5,1,0,0.00,0.00,0.00,12.00,0.00,0.00,0,0,0.00,0
2026-04-29 19:08:21,263.67,0,0,0,0,0,0,0,0.00,0,1.00,4.45,3.03,4.31,-1.00,R,0.00,12.00,2.38,12.00,2.13,^,0.00,,16.60,12.10,504,0.00,45.5,1,0,0.00,0.00,0.00,12.00,0.00,0.00,0,0,0.00,0
2026-04-29 19:08:22,264.78,0,0,0,0,0,0,0,0.00,0,1.00,4.45,3.04,4.25,-1.00,R,0.00,12.00,1.70,12.00,2.47,^,0.00,,15.20,12.10,504,0.00,46.1,1,0,0.00,0.00,0.00,12.00,0.00,0.00,0,0,0.00,0
2026-04-29 19:08:23,265.69,0,0,0,0,0,0,0,0.00,0,1.00,4.45,3.04,4.21,-1.00,R,0.00,12.00,2.22,12.00,2.45,^,0.00,,15.30,12.10,504,0.00,46.1,1,0,0.00,0.00,0.00,12.00,0.00,0.00,0,0,0.00,0
2026-04-29 19:08:24,266.80,0,0,0,0,0,0,0,0.00,1,0.00,4.45,3.04,3.56,0.00,R,0.00,12.00,2.46,12.00,2.21,^,0.00,,13.90,12.10,504,0.00,46.1,1,0,0.00,0.00,0.00,12.00,0.00,0.00,0,0,0.00,0
2026-04-29 19:08:25,267.70,0,0,0,0,0,0,0,0.00,0,0.00,4.45,3.04,0.00,-0.00,R,0.00,12.00,2.42,12.00,2.21,^,0.00,,13.30,12.10,504,0.52,44.4,1,0,0.00,0.00,0.00,12.00,0.00,0.00,0,0,0.00,0
2026-04-29 19:08:26,268.71,0,0,0,0,0,0,0,0.00,0,0.00,4.45,3.03,0.00,-0.00,R,0.00,12.00,2.45,12.00,2.21,^,0.00,,15.00,12.10,504,1.53,45.0,1,0,0.00,0.00,0.00,12.00,0.00,0.00,0,0,0.00,0
2026-04-29 19:08:27,269.72,1,0,0,0,0,0,0,0.10,0,1.00,4.45,3.01,0.06,0.44,D,0.00,12.00,2.44,12.00,2.21,^,5.71,,14.50,12.10,504,0.00,45.0,1,0,0.00,0.00,0.00,12.00,0.10,1.00,0,0,0.00,0
2026-04-29 19:08:28,270.83,1,0,0,0,0,0,0,0.14,0,1.00,4.45,3.00,1.86,0.95,D,0.00,12.00,2.44,12.00,2.34,^,8.31,,15.60,12.10,504,0.00,43.3,1,0,0.00,0.00,0.00,12.00,0.14,1.00,0,0,0.00,0
2026-04-29 19:08:29,271.74,0,0,0,0,0,0,0,0.00,0,1.00,4.45,3.01,3.66,0.13,D,0.00,12.00,2.40,12.00,12.00,^,0.00,,18.00,12.10,504,0.00,44.4,1,0,0.00,0.00,0.00,12.00,0.00,0.00,0,0,0.00,0
2026-04-29 19:08:30,272.75,0,0,0,0,0,0,0,0.00,0,0.64,4.45,3.01,2.16,0.32,D,0.00,12.00,2.07,1.93,2.28,^,0.00,,16.40,12.10,504,0.00,44.4,1,0,0.00,0.00,0.00,12.00,0.00,0.00,0,0,0.00,0
2026-04-29 19:08:31,273.76,0,0,0,0,0,0,0,0.00,0,0.34,4.45,3.00,1.47,0.34,D,0.00,12.00,1.71,0.92,2.46,^,0.00,,15.20,12.10,504,0.00,45.0,1,0,0.00,0.00,0.00,12.00,0.00,0.00,0,0,0.00,0
2026-04-29 19:08:32,274.78,0,0,0,0,0,0,0,0.18,0,0.50,4.45,2.99,1.17,0.50,D,0.00,12.00,1.59,0.63,0.65,^,0.00,,13.90,12.10,504,0.00,45.0,1,0,0.00,0.00,0.00,12.00,0.00,0.00,0,0,0.00,0
2026-04-29 19:08:33,275.79,0,0,0,0,0,0,0,0.00,0,0.53,4.45,2.99,1.71,0.73,D,0.00,12.00,2.40,12.00,0.74,^,0.00,,13.30,12.10,504,0.00,46.1,1,0,0.00,0.00,0.00,12.00,0.00,0.00,0,0,0.00,0
2026-04-29 19:08:34,276.79,0,0,0,0,0,0,0,0.00,0,0.25,4.45,2.98,1.80,0.32,D,0.00,12.00,12.00,12.00,0.66,^,0.00,,14.10,12.10,504,0.00,45.5,1,0,0.00,0.00,0.00,12.00,0.00,0.00,0,0,0.00,0
2026-04-29 19:08:35,277.80,0,0,0,0,0,0,0,-0.12,0,0.65,4.45,2.98,1.43,0.65,D,0.00,12.00,12.00,12.00,0.49,^,0.00,,13.80,12.10,504,0.00,44.4,1,0,0.00,0.00,0.00,12.00,0.00,0.00,0,0,0.00,0
2026-04-29 19:08:36,278.81,0,0,0,0,0,0,0,0.00,0,0.49,4.45,2.97,1.74,0.49,D,0.00,12.00,12.00,12.00,0.52,^,0.00,,15.40,12.10,504,0.00,45.0,1,0,0.00,0.00,0.00,12.00,0.00,0.00,0,0,0.00,0
2026-04-29 19:08:37,279.83,0,0,0,0,0,0,0,0.00,0,0.59,4.45,2.97,1.60,0.59,D,0.00,12.00,12.00,12.00,0.76,^,0.00,,26.20,12.10,504,0.00,46.6,1,0,0.00,0.00,0.00,12.00,0.00,0.00,0,0,0.00,0
2026-04-29 19:08:38,280.84,0,0,0,0,0,0,0,-0.18,0,0.60,4.45,2.96,1.60,0.60,D,0.00,12.00,2.61,12.00,0.95,^,0.00,,28.80,12.10,504,0.00,46.1,1,0,0.00,0.00,0.00,12.00,0.00,0.00,0,0,0.00,0
2026-04-29 19:08:39,281.85,0,0,0,0,0,0,0,0.00,0,0.70,4.45,2.96,1.65,0.70,D,0.00,12.00,2.49,12.00,0.82,^,0.00,,26.90,12.10,504,0.00,47.7,1,0,0.00,0.00,0.00,12.00,0.00,0.00,0,0,0.00,0
2026-04-29 19:08:40,282.86,0,0,0,0,0,0,0,0.00,0,0.70,4.45,2.95,1.85,0.70,D,0.00,12.00,12.00,12.00,0.78,^,0.00,,27.10,12.10,504,0.00,47.7,1,0,0.00,0.00,0.00,12.00,0.00,0.00,0,0,0.00,0
2026-04-29 19:08:41,283.87,0,0,0,0,0,0,0,0.00,0,0.75,4.45,2.95,2.01,0.75,D,0.00,12.00,12.00,12.00,1.01,^,0.00,,28.40,12.10,504,0.00,47.2,1,0,0.00,0.00,0.00,12.00,0.00,0.00,0,0,0.00,0
2026-04-29 19:08:42,284.88,0,0,0,0,0,0,0,0.00,0,0.59,4.45,2.95,2.45,0.59,D,0.00,12.00,2.31,12.00,1.24,^,0.00,,29.60,12.10,504,0.00,46.1,1,0,0.00,0.00,0.00,12.00,0.00,0.00,0,0,0.00,0
2026-04-29 19:08:43,285.89,0,0,0,0,0,0,0,0.00,0,0.57,4.45,2.95,2.21,0.55,D,0.00,12.00,12.00,12.00,1.03,^,0.00,,28.50,12.20,504,0.00,47.7,1,0,0.00,0.00,0.00,12.00,0.00,0.00,0,0,0.00,0
2026-04-29 19:08:44,286.90,0,0,0,0,0,0,0,0.00,0,0.43,4.45,2.94,2.40,0.63,D,0.00,12.00,12.00,12.00,1.11,^,0.00,,28.50,12.10,504,0.00,48.8,1,0,0.00,0.00,0.00,12.00,0.00,0.00,0,0,0.00,0
2026-04-29 19:08:45,287.92,0,0,0,0,0,0,0,0.00,0,0.80,4.45,2.94,1.86,0.62,D,0.00,12.00,2.25,12.00,0.90,^,0.00,,29.00,12.20,504,0.00,48.8,1,0,0.00,0.00,0.00,12.00,0.00,0.00,0,0,0.00,0
2026-04-29 19:08:46,288.93,0,0,0,0,0,0,0,0.00,0,0.63,4.45,2.94,1.73,0.63,D,0.00,12.00,2.33,12.00,0.83,^,0.00,,27.60,12.20,504,0.00,48.8,1,0,0.00,0.00,0.00,12.00,0.00,0.00,0,0,0.00,0
2026-04-29 19:08:47,289.94,0,0,0,0,0,0,0,0.00,0,0.62,4.45,2.93,1.89,0.62,D,0.00,12.00,2.27,12.00,0.76,^,0.00,,29.40,12.20,504,0.00,49.4,1,0,0.00,0.00,0.00,12.00,0.00,0.00,0,0,0.00,0
2026-04-29 19:08:48,290.95,0,0,0,0,0,0,0,0.00,0,0.64,4.45,2.93,1.90,0.64,D,0.00,12.00,12.00,12.00,1.11,^,0.00,,29.90,12.20,504,0.00,49.4,1,0,0.00,0.00,0.00,12.00,0.00,0.00,0,0,0.00,0
2026-04-29 19:08:49,291.97,0,0,0,0,0,0,0,0.00,0,0.65,4.45,2.93,1.98,0.65,D,0.00,12.00,1.86,12.00,1.48,^,0.00,,27.30,12.20,504,0.00,47.7,1,0,0.00,0.00,0.00,12.00,0.00,0.00,0,0,0.00,0
2026-04-29 19:08:51,293.08,0,0,0,0,0,0,0,0.00,0,0.70,4.45,2.92,2.13,0.70,D,0.00,12.00,1.54,12.00,1.65,^,0.00,,26.40,12.20,504,0.00,48.3,1,0,0.00,0.00,0.00,12.00,0.00,0.00,0,0,0.00,0
2026-04-29 19:08:51,293.99,0,0,0,0,0,0,0,0.00,0,0.68,4.45,2.92,2.12,0.68,D,0.00,12.00,2.66,12.00,1.74,^,0.00,,28.70,12.20,504,0.00,49.4,1,0,0.00,0.00,0.00,12.00,0.00,0.00,0,0,0.00,0
2026-04-29 19:08:52,294.99,0,0,0,0,0,0,0,0.00,0,0.71,4.45,2.92,2.34,0.71,D,0.00,12.00,2.41,12.00,2.08,^,0.00,,28.80,12.20,504,0.00,49.4,1,0,0.00,0.00,0.00,12.00,0.00,0.00,0,0,0.00,0
2026-04-29 19:08:53,296.01,0,0,0,0,0,0,0,0.00,0,0.69,4.45,2.92,2.35,0.69,D,0.00,12.00,2.37,12.00,2.29,^,0.00,,30.40,12.20,504,0.00,48.8,1,0,0.00,0.00,0.00,12.00,0.00,0.00,0,0,0.00,0
2026-04-29 19:08:54,297.02,0,0,0,0,0,0,0,0.00,0,0.72,4.45,2.91,2.44,0.72,D,0.00,12.00,2.73,12.00,2.41,^,0.00,,28.00,12.10,504,0.00,47.7,1,0,0.00,0.00,0.00,12.00,0.00,0.00,0,0,0.00,0
2026-04-29 19:08:55,298.03,0,0,0,0,0,0,0,0.00,0,0.73,4.45,2.91,2.45,0.73,D,0.00,12.00,2.35,12.00,2.42,^,0.00,,28.80,12.10,504,0.00,48.8,1,0,0.00,0.00,0.00,12.00,0.00,0.00,0,0,0.00,0
2026-04-29 19:08:57,299.14,0,0,0,0,0,0,0,0.00,0,0.70,4.45,2.91,2.32,0.70,D,0.00,12.00,2.14,12.00,2.15,^,0.00,,28.20,12.20,504,0.00,47.7,1,0,0.00,0.00,0.00,12.00,0.00,0.00,0,0,0.00,0
2026-04-29 19:08:57,300.05,0,0,0,0,0,0,0,0.00,0,0.72,4.45,2.91,2.51,0.72,D,0.00,12.00,12.00,12.00,2.36,^,0.00,,28.60,12.30,504,0.00,48.8,1,0,0.00,0.00,0.00,12.00,0.00,0.00,0,0,0.00,0
2026-04-29 19:08:59,301.16,0,0,0,0,0,0,0,0.00,0,0.73,4.45,2.91,2.63,0.73,D,0.00,12.00,2.27,12.00,3.00,^,0.00,,27.00,12.20,504,0.00,48.3,1,0,0.00,0.00,0.00,12.00,0.00,0.00,0,0,0.00,0
2026-04-29 19:09:00,302.07,0,0,0,0,0,0,0,0.00,0,0.70,4.45,2.91,2.51,0.70,D,0.00,12.00,2.06,12.00,12.00,^,0.00,,29.20,12.20,504,0.00,49.4,1,0,0.00,0.00,0.00,12.00,0.00,0.00,0,0,0.00,0
2026-04-29 19:09:01,303.09,0,0,0,0,0,0,0,0.00,0,0.70,4.45,2.91,2.55,0.70,D,0.00,12.00,12.00,12.00,2.27,^,0.00,,28.10,12.20,504,0.00,49.9,1,0,0.00,0.00,0.00,12.00,0.00,0.00,0,0,0.00,0
2026-04-29 19:09:02,304.10,0,0,0,0,0,0,0,0.00,0,0.70,4.45,2.90,2.49,0.70,D,0.00,12.00,1.60,12.00,12.00,^,0.00,,29.90,12.20,504,0.00,48.3,1,0,0.00,0.00,0.00,12.00,0.00,0.00,0,0,0.00,0
2026-04-29 19:09:03,305.21,0,0,0,0,0,0,0,0.00,0,0.72,4.45,2.90,2.78,0.72,D,0.00,12.00,1.18,12.00,1.18,^,0.00,,28.20,12.20,504,0.00,48.8,1,0,0.00,0.00,0.00,12.00,0.00,0.00,0,0,0.00,0
2026-04-29 19:09:04,306.12,0,0,0,0,0,0,0,0.00,0,0.68,4.45,2.90,2.43,0.68,D,0.00,12.00,2.39,12.00,1.70,^,0.00,,29.60,12.10,504,0.00,49.9,1,0,0.00,0.00,0.00,12.00,0.00,0.00,0,0,0.00,0
2026-04-29 19:09:05,307.13,0,0,0,0,0,0,0,0.00,0,0.69,4.45,2.90,1.99,0.69,D,0.00,12.00,1.94,12.00,12.00,^,0.00,,29.60,12.20,504,0.00,49.4,1,0,0.00,0.00,0.00,12.00,0.00,0.00,0,0,0.00,0
2026-04-29 19:09:06,308.14,0,0,0,0,0,0,0,0.00,0,0.72,4.45,2.90,2.45,0.72,D,0.00,12.00,2.11,12.00,1.70,^,0.00,,29.50,12.20,504,0.00,49.4,1,0,0.00,0.00,0.00,12.00,0.00,0.00,0,0,0.00,0
2026-04-29 19:09:07,309.15,0,0,0,0,0,0,0,0.00,0,0.73,4.45,2.90,1.80,0.73,D,0.00,12.00,2.00,12.00,2.18,^,0.00,,27.10,12.20,504,0.00,49.4,1,0,0.00,0.00,0.00,12.00,0.00,0.00,0,0,0.00,0
2026-04-29 19:09:08,310.16,0,0,0,0,0,0,0,0.00,0,0.73,4.45,2.89,2.35,0.73,D,0.00,12.00,1.59,12.00,1.68,^,0.00,,29.80,12.20,504,0.00,48.3,1,0,0.00,0.00,0.00,12.00,0.00,0.00,0,0,0.00,0
2026-04-29 19:09:09,311.17,0,0,0,0,0,0,0,0.00,0,0.71,4.45,2.89,2.52,0.71,D,0.00,12.00,1.80,12.00,1.73,^,0.00,,29.90,12.20,504,0.00,49.9,1,0,0.00,0.00,0.00,12.00,0.00,0.00,0,0,0.00,0
2026-04-29 19:09:10,312.18,0,0,0,0,0,0,0,0.00,0,0.78,4.45,2.89,2.65,0.78,D,0.00,12.00,2.17,12.00,2.14,^,0.00,,26.80,12.20,504,0.00,50.5,1,0,0.00,0.00,0.00,12.00,0.00,0.00,0,0,0.00,0
2026-04-29 19:09:11,313.20,0,0,0,0,0,0,0,0.00,0,1.00,4.45,2.89,2.77,0.87,D,0.00,12.00,2.25,12.00,2.25,^,0.00,,28.60,12.20,504,0.00,50.5,1,0,0.00,0.00,0.00,12.00,0.00,0.00,0,0,0.00,0
2026-04-29 19:09:12,314.21,0,0,0,0,0,0,0,0.00,0,1.00,4.45,2.89,3.89,1.00,D,0.00,12.00,1.55,12.00,2.39,^,0.00,,29.00,12.20,504,0.00,49.4,1,0,0.00,0.00,0.00,12.00,0.00,0.00,0,0,0.00,0
2026-04-29 19:09:13,315.23,0,0,0,0,0,0,0,0.00,0,0.05,4.45,2.90,3.88,0.68,D,0.00,12.00,1.98,12.00,1.70,^,0.00,,28.90,12.20,504,0.00,49.4,1,0,0.00,0.00,0.00,12.00,0.00,0.00,0,0,0.00,0
2026-04-29 19:09:14,316.24,0,0,0,0,0,0,0,0.00,0,0.06,4.45,2.90,2.53,0.09,D,0.00,12.00,2.21,12.00,1.53,^,0.00,,29.00,12.10,504,0.00,49.4,1,0,0.00,0.00,0.00,12.00,0.00,0.00,0,0,0.00,0
2026-04-29 19:09:15,317.25,0,0,0,0,0,0,0,0.00,0,1.00,4.45,2.89,1.31,0.46,D,0.00,12.00,1.77,12.00,1.76,^,0.00,,28.40,12.10,504,0.00,48.8,1,0,0.00,0.00,0.00,12.00,0.00,0.00,0,0,0.00,0
2026-04-29 19:09:16,318.27,0,0,0,0,0,0,0,0.00,0,1.00,4.45,2.89,2.16,0.96,D,0.00,12.00,1.64,12.00,1.62,^,0.00,,29.30,12.10,504,0.00,50.5,1,0,0.00,0.00,0.00,12.00,0.00,0.00,0,0,0.00,0
2026-04-29 19:09:17,319.37,0,0,0,0,0,0,0,0.00,0,1.00,4.45,2.89,3.60,1.00,D,0.00,10.98,1.40,12.00,1.89,^,0.00,,27.30,12.10,504,0.00,50.5,1,0,0.00,0.00,0.00,10.98,0.00,0.00,0,0,0.00,0
2026-04-29 19:09:18,320.28,0,0,0,0,0,0,0,0.00,0,1.00,4.45,2.89,4.10,1.00,D,0.00,12.00,1.34,12.00,1.19,^,0.00,,31.70,12.20,504,0.00,49.9,1,0,0.00,0.00,0.00,12.00,0.00,0.00,0,0,0.00,0
2026-04-29 19:09:19,321.29,0,0,0,0,0,0,0,1.00,0,1.00,4.45,2.90,3.57,1.00,D,0.00,1.85,1.15,12.00,12.00,WARN_WARNING,0.00,,29.00,12.10,504,0.00,49.9,1,0,0.00,0.00,0.00,1.85,0.00,0.00,0,0,0.00,0
2026-04-29 19:09:20,322.30,0,0,0,0,0,0,0,0.00,0,1.00,4.45,2.90,3.95,1.00,D,0.00,12.00,1.12,12.00,1.00,^,0.00,,29.20,12.20,504,0.00,50.5,1,0,0.00,0.00,0.00,12.00,0.00,0.00,0,0,0.00,0
2026-04-29 19:09:21,323.32,0,0,0,0,0,0,0,0.00,0,1.00,4.45,2.90,4.03,1.00,D,0.00,12.00,1.64,12.00,1.58,^,0.00,,29.90,12.20,504,0.00,50.5,1,0,0.00,0.00,0.00,12.00,0.00,0.00,0,0,0.00,0
2026-04-29 19:09:22,324.33,0,0,0,0,0,0,0,0.00,0,1.00,4.45,2.91,4.33,1.00,D,0.00,3.60,1.90,12.00,1.88,^,0.00,,30.40,12.20,504,0.00,49.9,1,0,0.00,0.00,0.00,3.60,0.00,0.00,0,0,0.00,0
2026-04-29 19:09:23,325.35,0,0,0,0,0,0,0,-0.97,0,1.00,4.45,2.91,4.02,1.00,D,0.00,1.90,1.74,12.00,1.74,WARN_WARNING,0.00,,29.60,12.20,504,0.00,50.5,1,0,0.00,0.00,0.00,1.90,0.00,0.00,0,0,0.00,0
2026-04-29 19:09:24,326.36,0,0,0,0,0,0,0,0.00,0,0.00,4.45,2.92,3.41,0.00,D,0.00,12.00,1.78,0.75,0.76,^,0.00,,31.20,12.20,504,0.00,50.5,1,0,0.00,0.00,0.00,12.00,0.00,0.00,0,0,0.00,0
2026-04-29 19:09:25,327.47,0,0,0,0,0,0,0,0.00,1,0.00,4.45,2.91,1.27,0.00,D,0.00,12.00,1.42,0.90,0.90,^,0.00,,25.20,12.10,504,0.00,49.4,1,0,0.00,0.00,0.00,12.00,0.00,0.00,0,0,0.00,0
2026-04-29 19:09:26,328.38,0,0,0,1,0,0,0,-1.00,0,0.00,4.45,2.91,0.00,0.00,N,0.00,12.00,1.40,0.92,0.90,^,0.00,,27.50,12.20,504,0.80,51.0,1,0,0.00,0.00,0.00,12.00,0.00,0.00,0,0,0.00,0
2026-04-29 19:09:27,329.39,0,0,0,0,0,0,0,-1.00,0,1.00,4.45,2.90,0.00,0.00,N,0.00,12.00,1.40,0.91,0.90,^,0.00,,27.80,12.10,504,1.81,49.9,1,0,0.00,0.00,0.00,12.00,0.00,0.00,0,0,0.00,0
2026-04-29 19:09:28,330.40,0,0,1,0,0,0,0,-0.13,0,0.47,4.45,2.89,0.00,0.02,D,0.00,12.00,1.39,0.92,0.90,^,0.00,,25.70,12.20,504,2.82,48.8,1,0,0.00,0.00,0.00,12.00,0.00,0.00,0,0,0.00,0
2026-04-29 19:09:29,331.42,0,0,0,0,0,0,0,-0.77,0,1.00,4.45,2.88,0.03,0.52,D,0.00,12.00,1.38,0.92,0.90,^,0.00,,27.50,12.10,504,0.00,50.5,1,0,0.00,0.00,0.00,12.00,0.00,0.00,0,0,0.00,0
2026-04-29 19:09:30,332.43,0,0,0,1,0,0,0,-0.99,0,1.00,4.45,2.87,0.92,-0.06,R,0.00,1.85,1.25,1.14,1.01,^,0.00,,28.10,12.10,504,0.00,50.5,1,0,0.00,0.00,0.00,1.85,0.00,0.00,0,0,0.00,0
2026-04-29 19:09:31,333.44,0,0,0,0,0,0,0,-0.99,0,1.00,4.45,2.86,0.15,-0.56,R,0.00,1.60,1.20,1.22,1.04,^,0.00,,26.20,12.10,504,0.00,49.9,1,0,0.00,0.00,0.00,1.60,0.00,0.00,0,0,0.00,0
2026-04-29 19:09:32,334.46,0,0,0,0,0,0,0,0.00,0,1.00,4.45,2.86,2.67,-1.00,R,0.00,12.00,1.45,0.88,0.92,^,0.00,,29.30,12.10,504,0.00,50.5,1,0,0.00,0.00,0.00,12.00,0.00,0.00,0,0,0.00,0
2026-04-29 19:09:33,335.47,0,0,0,0,0,0,0,0.00,0,1.00,4.45,2.86,3.97,-1.00,R,0.00,2.06,1.54,1.32,1.44,WARN_WARNING,0.00,,30.00,12.10,504,0.00,51.0,1,0,0.00,0.00,0.00,2.06,0.00,0.00,0,0,0.00,0
2026-04-29 19:09:34,336.47,0,0,0,0,0,0,0,0.00,0,1.00,4.45,2.86,4.15,-1.00,R,0.00,12.00,1.51,2.85,1.75,^,0.00,,31.40,12.10,504,0.00,51.0,1,0,0.00,0.00,0.00,12.00,0.00,0.00,0,0,0.00,0
2026-04-29 19:09:35,337.59,0,0,1,0,0,0,0,0.00,0,0.00,4.45,2.87,4.10,0.00,N,0.00,4.34,1.97,12.00,1.36,^,0.00,,29.00,12.10,504,0.00,49.9,1,0,0.00,0.00,0.00,4.34,0.00,0.00,0,0,0.00,0
2026-04-29 19:09:36,338.50,0,0,1,0,0,0,0,0.00,0,1.00,4.45,2.87,1.90,0.36,D,0.00,5.53,1.46,12.00,1.23,^,0.00,,28.20,12.20,504,0.00,51.6,1,0,0.00,0.00,0.00,5.53,0.00,0.00,0,0,0.00,0
2026-04-29 19:09:37,339.51,0,0,0,0,0,0,0,0.00,0,1.00,4.45,2.86,1.27,0.87,D,0.00,5.47,1.45,12.00,1.23,^,0.00,,27.60,12.20,504,0.00,49.4,1,0,0.00,0.00,0.00,5.47,0.00,0.00,0,0,0.00,0
2026-04-29 19:09:38,340.63,0,0,0,0,0,0,0,0.00,0,1.00,4.45,2.86,3.90,1.00,D,0.00,4.20,2.08,12.00,1.50,^,0.00,,29.50,12.10,504,0.00,51.6,1,0,0.00,0.00,0.00,4.20,0.00,0.00,0,0,0.00,0
2026-04-29 19:09:39,341.54,0,0,0,0,0,0,0,0.00,0,1.00,4.45,2.87,4.02,0.87,D,0.00,2.52,1.91,12.00,2.11,^,0.00,,32.40,12.10,504,0.00,51.0,1,0,0.00,0.00,0.00,2.52,0.00,0.00,0,0,0.00,0
2026-04-29 19:09:40,342.64,0,0,0,0,0,0,0,0.00,0,1.00,4.45,2.87,4.10,1.00,D,0.00,1.87,1.87,1.10,1.56,WARN_WARNING,0.00,,29.40,12.10,504,0.00,49.4,1,0,0.00,0.00,0.00,1.87,0.00,0.00,0,0,0.00,0
2026-04-29 19:09:41,343.54,0,0,0,0,0,0,0,0.80,0,1.00,4.45,2.87,3.99,1.00,D,0.00,1.91,1.34,1.12,1.04,WARN_WARNING,0.00,,30.50,12.20,504,0.00,51.0,1,0,0.00,0.00,0.00,1.91,0.00,0.00,0,0,0.00,0
2026-04-29 19:09:42,344.55,0,0,0,0,0,0,0,0.00,0,1.00,4.45,2.88,3.94,1.00,D,0.00,1.95,1.58,1.18,1.19,WARN_WARNING,0.00,,30.10,12.20,504,0.00,49.9,1,0,0.00,0.00,0.00,1.95,0.00,0.00,0,0,0.00,0
2026-04-29 19:09:43,345.56,0,0,0,0,0,0,0,0.00,0,1.00,4.45,2.88,4.01,1.00,D,0.00,12.00,1.58,0.81,0.81,^,0.00,,31.40,12.20,504,0.00,50.5,1,0,0.00,0.00,0.00,12.00,0.00,0.00,0,0,0.00,0
2026-04-29 19:09:44,346.58,0,0,0,0,0,0,0,0.00,0,1.00,4.45,2.88,4.24,1.00,D,0.00,12.00,2.23,12.00,1.62,^,0.00,,31.00,12.20,504,0.00,51.6,1,0,0.00,0.00,0.00,12.00,0.00,0.00,0,0,0.00,0
2026-04-29 19:09:45,347.59,0,0,0,0,0,0,0,0.00,0,1.00,4.45,2.89,4.08,1.00,D,0.00,2.27,1.33,12.00,2.06,^,0.00,,28.80,12.20,504,0.00,51.0,1,0,0.00,0.00,0.00,2.27,0.00,0.00,0,0,0.00,0
2026-04-29 19:09:46,348.60,0,0,0,0,0,0,0,-0.12,0,1.00,4.45,2.89,4.20,1.00,D,0.00,12.00,1.35,12.00,1.60,^,0.00,,29.00,12.20,504,0.00,51.0,1,0,0.00,0.00,0.00,12.00,0.00,0.00,0,0,0.00,0
2026-04-29 19:09:47,349.62,0,0,0,0,0,0,0,-1.00,0,1.00,4.45,2.89,3.95,1.00,D,0.00,12.00,12.00,12.00,1.94,^,0.00,,30.20,12.20,504,0.00,51.0,1,0,0.00,0.00,0.00,12.00,0.00,0.00,0,0,0.00,0
2026-04-29 19:09:48,350.63,0,0,0,0,0,0,0,-0.12,0,1.00,4.45,2.89,2.88,1.00,D,0.00,1.64,6.43,12.00,12.00,^,0.00,,29.10,12.20,504,0.00,49.9,1,0,0.00,0.00,0.00,1.64,0.00,0.00,0,0,0.00,0
2026-04-29 19:09:49,351.64,0,0,0,0,0,0,0,0.30,0,1.00,4.45,2.90,3.95,1.00,D,0.00,12.00,12.00,2.02,1.03,^,0.00,,29.50,12.20,504,0.00,49.9,1,0,0.00,0.00,0.00,12.00,0.00,0.00,0,0,0.00,0
2026-04-29 19:09:50,352.66,0,0,0,0,0,0,0,0.00,0,1.00,4.45,2.90,4.04,1.00,D,0.00,1.85,12.00,1.00,1.76,WARN_WARNING,0.00,,30.20,12.10,504,0.00,51.0,1,0,0.00,0.00,0.00,1.85,0.00,0.00,0,0,0.00,0
2026-04-29 19:09:51,353.67,0,0,0,0,0,0,0,0.00,0,1.00,4.45,2.90,4.09,1.00,D,0.00,2.09,2.02,0.84,0.96,WARN_WARNING,0.00,,31.30,12.10,504,0.00,50.5,1,0,0.00,0.00,0.00,2.09,0.00,0.00,0,0,0.00,0
2026-04-29 19:09:52,354.68,0,0,0,0,0,0,0,0.00,0,1.00,4.45,2.91,4.12,1.00,D,0.00,1.95,1.21,0.97,1.29,WARN_WARNING,0.00,,30.60,12.10,504,0.00,51.0,1,0,0.00,0.00,0.00,1.95,0.00,0.00,0,0,0.00,0
2026-04-29 19:09:53,355.69,0,0,0,0,0,0,0,0.00,0,1.00,4.45,2.91,4.13,1.00,D,0.00,12.00,1.01,1.45,1.01,^,0.00,,28.80,12.10,504,0.00,51.0,1,0,0.00,0.00,0.00,12.00,0.00,0.00,0,0,0.00,0
2026-04-29 19:09:54,356.70,0,0,0,0,0,0,0,0.00,0,1.00,4.45,2.91,4.09,1.00,D,0.00,12.00,0.93,1.78,0.92,^,0.00,,29.50,12.10,504,0.00,51.0,1,0,0.00,0.00,0.00,12.00,0.00,0.00,0,0,0.00,0
2026-04-29 19:09:55,357.72,0,0,0,0,0,0,0,0.00,0,1.00,4.45,2.92,4.08,1.00,D,0.00,12.00,12.00,1.47,1.26,^,0.00,,29.30,12.10,504,0.00,51.0,1,0,0.00,0.00,0.00,12.00,0.00,0.00,0,0,0.00,0
2026-04-29 19:09:56,358.73,0,0,0,0,0,0,0,0.00,0,1.00,4.45,2.92,4.17,1.00,D,0.00,12.00,12.00,1.92,1.56,^,0.00,,29.90,12.10,504,0.00,50.5,1,0,0.00,0.00,0.00,12.00,0.00,0.00,0,0,0.00,0
2026-04-29 19:09:57,359.74,0,0,0,0,0,0,0,0.00,0,1.00,4.45,2.92,4.06,1.00,D,0.00,2.28,12.00,1.44,2.14,^,0.00,,30.90,12.10,504,0.00,51.0,1,0,0.00,0.00,0.00,2.28,0.00,0.00,0,0,0.00,0
2026-04-29 19:09:58,360.74,0,0,0,0,0,0,0,0.00,1,0.00,4.45,2.93,3.75,0.00,D,0.00,12.00,12.00,0.77,1.55,^,0.00,,28.50,12.20,504,0.00,49.9,1,0,0.00,0.00,0.00,12.00,0.00,0.00,0,0,0.00,0
2026-04-29 19:09:59,361.75,0,0,0,1,0,0,0,-0.10,0,0.00,4.45,2.92,0.00,-0.00,R,0.00,12.00,12.00,0.48,1.62,^,0.00,,27.40,12.20,504,0.51,51.0,1,0,0.00,0.00,0.00,12.00,0.00,0.00,0,0,0.00,0
2026-04-29 19:10:00,362.77,0,0,0,0,0,0,0,-0.98,0,1.00,4.45,2.91,0.06,-0.49,R,0.00,12.00,12.00,1.53,0.41,^,0.00,,25.90,12.20,504,0.02,50.5,1,0,0.00,0.00,0.00,12.00,0.00,0.00,0,0,0.00,0
2026-04-29 19:10:01,363.77,0,0,1,0,0,0,0,0.00,0,1.00,4.45,2.91,0.21,0.11,D,0.00,12.00,12.00,1.59,0.56,^,0.00,,26.70,12.20,504,0.01,49.9,1,0,0.00,0.00,0.00,12.00,0.00,0.00,0,0,0.00,0
2026-04-29 19:10:02,364.79,0,0,0,0,0,0,0,0.00,0,1.00,4.45,2.90,0.10,0.62,D,0.00,12.00,12.00,1.58,0.38,^,0.00,,27.00,12.20,504,0.00,51.0,1,0,0.00,0.00,0.00,12.00,0.00,0.00,0,0,0.00,0
2026-04-29 19:10:03,365.80,0,0,0,0,0,0,0,-0.11,0,1.00,4.45,2.89,2.94,1.00,D,0.00,12.00,12.00,1.34,0.60,^,0.00,,29.90,12.20,504,0.00,49.9,1,0,0.00,0.00,0.00,12.00,0.00,0.00,0,0,0.00,0
2026-04-29 19:10:04,366.81,0,0,0,0,0,0,0,0.00,0,1.00,4.45,2.89,3.98,1.00,D,0.00,12.00,12.00,12.00,1.49,^,0.00,,29.30,12.20,504,0.00,50.5,1,0,0.00,0.00,0.00,12.00,0.00,0.00,0,0,0.00,0
2026-04-29 19:10:05,367.82,0,0,0,0,0,0,0,0.00,0,1.00,4.45,2.90,3.97,1.00,D,0.00,12.00,12.00,12.00,2.12,^,0.00,,30.00,12.20,504,0.00,51.0,1,0,0.00,0.00,0.00,12.00,0.00,0.00,0,0,0.00,0
2026-04-29 19:10:06,368.84,0,0,0,0,0,0,0,0.00,0,1.00,4.45,2.90,4.08,1.00,D,0.00,12.00,12.00,12.00,2.16,^,0.00,,27.50,12.20,504,0.00,51.0,1,0,0.00,0.00,0.00,12.00,0.00,0.00,0,0,0.00,0
2026-04-29 19:10:07,369.85,0,0,0,0,0,0,0,0.00,0,1.00,4.45,2.90,4.04,1.00,D,0.00,12.00,12.00,12.00,2.19,^,0.00,,28.30,12.20,504,0.00,51.0,1,0,0.00,0.00,0.00,12.00,0.00,0.00,0,0,0.00,0
2026-04-29 19:10:08,370.97,0,0,0,0,0,0,0,0.00,0,1.00,4.45,2.91,4.12,1.00,D,0.00,12.00,12.00,12.00,2.28,^,0.00,,28.00,12.20,504,0.00,51.0,1,0,0.00,0.00,0.00,12.00,0.00,0.00,0,0,0.00,0
2026-04-29 19:10:09,371.88,0,0,0,0,0,0,0,0.00,0,1.00,4.45,2.91,4.19,1.00,D,0.00,12.00,12.00,12.00,2.44,^,0.00,,28.70,12.10,504,0.00,51.0,1,0,0.00,0.00,0.00,12.00,0.00,0.00,0,0,0.00,0
2026-04-29 19:10:10,372.89,0,0,0,0,0,0,0,0.00,0,1.00,4.45,2.91,4.23,1.00,D,0.00,12.00,12.00,12.00,2.64,^,0.00,,27.00,12.20,504,0.00,52.1,1,0,0.00,0.00,0.00,12.00,0.00,0.00,0,0,0.00,0
2026-04-29 19:10:11,373.90,0,0,0,0,0,0,0,0.00,0,1.00,4.45,2.92,4.24,1.00,D,0.00,12.00,12.00,12.00,2.88,^,0.00,,29.90,12.10,504,0.00,51.0,1,0,0.00,0.00,0.00,12.00,0.00,0.00,0,0,0.00,0
2026-04-29 19:10:12,374.92,0,0,0,0,0,0,0,0.00,0,1.00,4.45,2.92,4.24,1.00,D,0.00,12.00,12.00,12.00,12.00,^,0.00,,28.30,12.20,504,0.00,51.0,1,0,0.00,0.00,0.00,12.00,0.00,0.00,0,0,0.00,0
2026-04-29 19:10:13,375.93,0,0,0,0,0,0,0,0.00,0,1.00,4.49,2.93,4.20,1.00,D,0.00,12.00,12.00,12.00,3.52,^,0.00,,28.80,12.20,504,0.00,49.9,1,0,0.00,0.00,0.00,12.00,0.00,0.00,0,0,0.00,0
2026-04-29 19:10:14,376.94,0,0,0,0,0,0,0,-0.18,0,1.00,4.49,2.93,4.06,1.00,D,0.00,12.00,12.00,12.00,3.72,^,0.00,,30.80,12.10,504,0.00,51.6,1,0,0.00,0.00,0.00,12.00,0.00,0.00,0,0,0.00,0
2026-04-29 19:10:15,377.95,0,0,0,0,0,0,0,0.00,0,1.00,4.60,2.93,4.07,1.00,D,0.00,12.00,12.00,12.00,3.90,^,0.00,,29.90,12.10,504,0.00,51.6,1,0,0.00,0.00,0.00,12.00,0.00,0.00,0,0,0.00,0
2026-04-29 19:10:16,379.06,0,0,0,0,0,0,0,-0.31,0,1.00,4.60,2.93,3.90,1.00,D,0.00,12.00,12.00,12.00,12.00,^,0.00,,30.10,12.10,504,0.00,49.9,1,0,0.00,0.00,0.00,12.00,0.00,0.00,0,0,0.00,0
2026-04-29 19:10:17,379.98,0,0,0,0,0,0,0,0.00,0,1.00,4.60,2.94,3.44,1.00,D,0.00,12.00,12.00,12.00,3.93,^,0.00,,29.50,12.10,504,0.00,51.0,1,0,0.00,0.00,0.00,12.00,0.00,0.00,0,0,0.00,0
2026-04-29 19:10:19,381.09,0,0,0,0,0,0,0,0.00,0,0.00,4.60,2.94,3.85,0.84,D,0.00,12.00,12.00,0.89,12.00,^,0.00,,28.00,12.20,504,0.00,49.9,1,0,0.00,0.00,0.00,12.00,0.00,0.00,0,0,0.00,0
2026-04-29 19:10:19,382.00,0,0,0,0,0,0,0,0.00,0,1.00,4.60,2.94,0.19,0.39,D,0.00,12.00,12.00,12.00,1.18,^,0.00,,29.30,12.20,504,0.00,49.9,1,0,0.00,0.00,0.00,12.00,0.00,0.00,0,0,0.00,0
2026-04-29 19:10:20,383.01,0,0,0,0,0,0,0,0.00,0,0.94,4.60,2.93,0.94,0.90,D,0.00,12.00,12.00,12.00,1.22,^,0.00,,27.30,12.20,504,0.00,51.6,1,0,0.00,0.00,0.00,12.00,0.00,0.00,0,0,0.00,0
2026-04-29 19:10:21,384.03,0,0,0,0,0,0,0,0.00,0,0.00,4.60,2.93,0.00,0.00,D,0.00,12.00,12.00,12.00,1.33,^,0.00,,28.60,12.20,504,0.24,51.6,1,0,0.00,0.00,0.00,12.00,0.00,0.00,0,0,0.00,0
2026-04-29 19:10:22,385.04,0,0,0,0,0,0,0,0.00,0,0.00,4.60,2.92,0.00,0.00,D,0.00,12.00,0.59,12.00,0.60,^,0.00,,25.10,12.20,504,1.25,51.0,1,0,0.00,0.00,0.00,12.00,0.00,0.00,0,0,0.00,0
2026-04-29 19:10:23,386.05,0,0,0,0,0,0,0,0.00,0,0.00,4.60,2.91,0.00,0.00,D,0.00,12.00,0.37,12.00,0.39,^,0.00,,26.30,12.10,504,2.26,51.0,1,0,0.00,0.00,0.00,12.00,0.00,0.00,0,0,0.00,0
2026-04-29 19:10:24,387.07,0,0,0,0,0,0,0,0.00,0,0.00,4.60,2.90,0.00,0.00,D,0.00,12.00,0.26,12.00,0.27,^,0.00,,27.10,12.10,504,3.27,52.1,1,0,0.00,0.00,0.00,12.00,0.00,0.00,0,0,0.00,0
2026-04-29 19:10:26,388.08,0,0,0,0,0,0,0,0.00,0,0.00,4.60,2.89,0.00,0.00,D,0.00,12.00,0.46,12.00,0.45,^,0.00,,24.90,12.10,504,4.29,51.6,1,0,0.00,0.00,0.00,12.00,0.00,0.00,0,0,0.00,0
2026-04-29 19:10:27,389.09,0,0,0,0,0,0,0,0.00,0,0.00,4.60,2.89,0.00,0.00,D,0.00,12.00,12.00,12.00,0.55,^,0.00,,26.30,12.10,504,5.30,49.9,1,0,0.00,0.00,0.00,12.00,0.00,0.00,0,0,0.00,0
2026-04-29 19:10:28,390.11,0,0,0,0,0,0,0,0.00,0,0.00,4.60,2.88,0.00,0.00,D,0.00,12.00,12.00,12.00,0.63,^,0.00,,25.70,12.10,504,6.32,50.5,1,0,0.00,0.00,0.00,12.00,0.00,0.00,0,0,0.00,0
2026-04-29 19:10:29,391.12,0,0,0,0,0,0,0,0.00,0,0.00,4.60,2.87,0.00,0.00,D,0.00,12.00,12.00,12.00,0.61,^,0.00,,26.20,12.10,504,7.33,51.6,1,0,0.00,0.00,0.00,12.00,0.00,0.00,0,0,0.00,0
2026-04-29 19:10:30,392.14,0,0,0,0,0,0,0,0.00,0,0.00,4.60,2.86,0.00,0.00,D,0.00,12.00,12.00,12.00,0.59,^,0.00,,25.50,12.10,504,8.34,50.5,1,0,0.00,0.00,0.00,12.00,0.00,0.00,0,0,0.00,0
2026-04-29 19:10:31,393.14,1,0,0,0,0,0,0,0.07,0,1.00,4.60,2.86,0.00,0.22,D,0.00,12.00,12.00,12.00,0.58,^,4.20,,25.60,12.10,504,9.35,51.6,1,0,0.00,0.00,0.00,12.00,0.07,1.00,0,0,0.00,0
2026-04-29 19:10:32,394.16,0,0,0,0,0,0,0,0.00,0,0.45,4.60,2.85,0.61,0.01,D,0.00,12.00,12.00,12.00,0.55,^,0.00,,25.60,12.10,504,0.00,50.5,1,0,0.00,0.00,0.00,12.00,0.00,0.00,0,0,0.00,0
2026-04-29 19:10:33,395.17,0,0,0,0,0,0,0,0.00,0,1.00,4.60,2.84,0.40,0.51,D,0.00,12.00,0.56,12.00,0.35,^,0.00,,26.50,12.20,504,0.00,49.9,1,0,0.00,0.00,0.00,12.00,0.00,0.00,0,0,0.00,0
2026-04-29 19:10:34,396.18,0,0,0,0,0,0,0,0.22,0,1.00,4.60,2.84,2.51,1.00,D,0.00,12.00,12.00,12.00,0.39,^,0.00,,29.80,12.20,504,0.00,51.0,1,0,0.00,0.00,0.00,12.00,0.00,0.00,0,0,0.00,0
2026-04-29 19:10:35,397.19,0,0,0,0,0,0,0,0.00,0,0.54,4.60,2.84,3.39,0.54,D,0.00,12.00,12.00,12.00,0.91,^,0.00,,28.70,12.20,504,0.00,51.6,1,0,0.00,0.00,0.00,12.00,0.00,0.00,0,0,0.00,0
2026-04-29 19:10:36,398.21,0,0,0,0,0,0,0,0.00,0,1.00,4.60,2.84,2.78,0.68,D,0.00,12.00,12.00,2.03,1.00,^,0.00,,30.00,12.10,504,0.00,50.5,1,0,0.00,0.00,0.00,12.00,0.00,0.00,0,0,0.00,0
2026-04-29 19:10:37,399.22,0,0,0,0,0,0,0,0.00,0,0.46,4.60,2.84,3.70,0.91,D,0.00,12.00,12.00,12.00,1.10,^,0.00,,29.60,12.10,504,0.00,49.9,1,0,0.00,0.00,0.00,12.00,0.00,0.00,0,0,0.00,0
2026-04-29 19:10:38,400.23,0,0,0,0,0,0,0,0.00,1,0.00,4.60,2.84,2.51,0.00,D,0.00,12.00,12.00,12.00,1.61,^,0.00,,28.10,12.10,504,0.00,52.7,1,0,0.00,0.00,0.00,12.00,0.00,0.00,0,0,0.00,0
2026-04-29 19:10:39,401.34,0,0,0,0,0,0,0,0.00,0,0.00,4.60,2.84,0.00,0.00,D,0.00,12.00,12.00,12.00,0.54,^,0.00,,25.00,12.10,504,0.66,51.0,1,0,0.00,0.00,0.00,12.00,0.00,0.00,0,0,0.00,0
2026-04-29 19:10:40,402.26,0,0,0,0,0,0,0,0.00,0,0.00,4.60,2.83,0.00,0.00,D,0.00,12.00,0.28,12.00,0.29,^,0.00,,25.40,12.10,504,1.58,51.6,1,0,0.00,0.00,0.00,12.00,0.00,0.00,0,0,0.00,0
2026-04-29 19:10:41,403.27,0,0,0,0,0,0,0,0.00,0,0.00,4.60,2.82,0.00,0.00,D,0.00,12.00,0.32,12.00,0.29,^,0.00,,26.30,12.10,504,0.01,49.9,1,0,0.00,0.00,0.00,12.00,0.00,0.00,0,0,0.00,0
2026-04-29 19:10:42,404.28,0,0,0,0,0,0,0,0.00,0,0.00,4.60,2.82,0.00,0.00,D,0.00,12.00,0.34,12.00,0.29,^,0.00,,27.50,12.10,504,0.16,50.5,1,0,0.00,0.00,0.00,12.00,0.00,0.00,0,0,0.00,0
2026-04-29 19:10:43,405.30,0,0,0,0,0,0,0,0.00,0,0.00,4.60,2.81,0.00,0.00,D,0.00,12.00,12.00,12.00,0.30,^,0.00,,26.10,12.10,504,0.11,51.6,1,0,0.00,0.00,0.00,12.00,0.00,0.00,0,0,0.00,0
2026-04-29 19:10:44,406.31,0,0,0,0,0,0,0,0.00,0,0.00,4.60,2.80,0.00,0.00,D,0.00,12.00,12.00,12.00,0.31,^,0.00,,25.00,12.10,504,0.01,51.0,1,0,0.00,0.00,0.00,12.00,0.00,0.00,0,0,0.00,0
2026-04-29 19:10:45,407.32,0,0,0,0,0,0,0,0.00,0,0.00,4.60,2.80,0.24,0.00,D,0.00,12.00,12.00,12.00,0.32,^,0.00,,26.10,12.10,504,0.00,51.6,1,0,0.00,0.00,0.00,12.00,0.00,0.00,0,0,0.00,0
2026-04-29 19:10:46,408.33,0,0,0,0,0,0,0,0.00,0,0.00,4.60,2.79,0.00,0.00,D,0.00,12.00,12.00,12.00,0.35,^,0.00,,26.90,12.10,504,0.11,51.6,1,0,0.00,0.00,0.00,12.00,0.00,0.00,0,0,0.00,0
2026-04-29 19:10:47,409.35,0,0,0,0,0,0,0,0.00,0,0.00,4.60,2.78,0.00,0.00,D,0.00,12.00,12.00,12.00,0.34,^,0.00,,25.30,12.10,504,1.12,50.5,1,0,0.00,0.00,0.00,12.00,0.00,0.00,0,0,0.00,0
2026-04-29 19:10:48,410.36,0,0,0,0,0,0,0,0.00,0,0.00,4.60,2.78,0.00,0.00,D,0.00,12.00,12.00,12.00,0.67,^,0.00,,25.80,12.10,504,2.13,51.6,1,0,0.00,0.00,0.00,12.00,0.00,0.00,0,0,0.00,0
2026-04-29 19:10:49,411.36,0,0,0,0,0,0,0,0.00,0,0.00,4.60,2.77,0.00,0.00,D,0.00,12.00,12.00,12.00,1.14,^,0.00,,16.50,12.10,504,3.14,49.9,1,0,0.00,0.00,0.00,12.00,0.00,0.00,0,0,0.00,0
2026-04-29 19:10:50,412.38,0,0,0,0,0,0,0,0.00,0,0.00,4.60,2.76,0.00,0.00,D,0.00,12.00,12.00,12.00,0.75,^,0.00,,12.80,12.10,504,4.15,51.6,1,0,0.00,0.00,0.00,12.00,0.00,0.00,0,0,0.00,0
2026-04-29 19:10:51,413.39,0,0,0,0,0,0,0,0.00,0,0.00,4.60,2.76,0.00,0.00,D,0.00,12.00,12.00,12.00,0.65,^,0.00,,12.10,12.10,504,5.16,50.5,1,0,0.00,0.00,0.00,12.00,0.00,0.00,0,0,0.00,0
2026-04-29 19:10:52,414.40,0,0,0,0,0,0,0,0.00,0,0.00,4.60,2.75,0.00,0.00,D,0.00,12.00,12.00,12.00,0.84,^,0.00,,11.40,12.10,504,6.17,49.9,1,0,0.00,0.00,0.00,12.00,0.00,0.00,0,0,0.00,0
2026-04-29 19:10:53,415.41,0,0,0,0,0,0,0,0.00,0,0.00,4.60,2.74,0.00,0.00,D,0.00,12.00,12.00,12.00,1.61,^,0.00,,12.40,12.10,504,7.18,48.3,1,0,0.00,0.00,0.00,12.00,0.00,0.00,0,0,0.00,0
2026-04-29 19:10:54,416.52,0,0,0,0,0,0,0,0.00,0,0.00,4.60,2.73,0.00,0.00,D,0.00,12.00,12.00,12.00,1.42,^,0.00,,15.50,12.10,504,8.29,48.8,1,0,0.00,0.00,0.00,12.00,0.00,0.00,0,0,0.00,0
2026-04-29 19:10:55,417.42,0,0,0,0,0,0,0,0.00,0,0.00,4.60,2.73,0.00,0.00,D,0.00,12.00,12.00,12.00,0.96,^,0.00,,15.00,12.10,504,9.20,48.3,1,0,0.00,0.00,0.00,12.00,0.00,0.00,0,0,0.00,0
2026-04-29 19:10:56,418.44,0,0,0,0,0,0,0,0.00,0,0.00,4.60,2.72,0.00,0.00,D,0.00,12.00,12.00,12.00,0.90,^,0.00,,21.30,12.20,504,10.21,49.4,1,0,0.00,0.00,0.00,12.00,0.00,0.00,0,0,0.00,0
2026-04-29 19:10:57,419.55,0,0,0,0,0,0,0,0.00,0,1.00,4.60,2.71,0.05,0.39,D,0.00,12.00,12.00,12.00,0.87,^,0.00,,26.20,12.10,504,0.00,49.9,1,0,0.00,0.00,0.00,12.00,0.00,0.00,0,0,0.00,0
2026-04-29 19:10:58,420.57,0,0,0,0,0,0,0,0.00,0,0.00,4.60,2.71,0.00,0.00,D,0.00,12.00,12.00,12.00,0.55,^,0.00,,24.50,12.10,504,0.29,48.8,1,0,0.00,0.00,0.00,12.00,0.00,0.00,0,0,0.00,0
2026-04-29 19:10:59,421.58,0,0,0,0,0,0,0,0.00,0,0.00,4.60,2.70,0.00,0.00,D,0.00,12.00,12.00,12.00,0.35,^,0.00,,24.20,12.10,504,1.30,48.8,1,0,0.00,0.00,0.00,12.00,0.00,0.00,0,0,0.00,0
2026-04-29 19:11:00,422.49,0,0,0,0,0,0,0,0.00,0,0.00,4.60,2.70,0.00,0.00,D,0.00,12.00,12.00,12.00,0.39,^,0.00,,26.00,12.10,504,2.21,51.6,1,0,0.00,0.00,0.00,12.00,0.00,0.00,0,0,0.00,0
2026-04-29 19:11:01,423.49,0,0,0,0,0,0,0,0.00,0,0.00,4.60,2.69,0.00,0.00,D,0.00,12.00,12.00,12.00,0.38,^,0.00,,26.50,12.10,504,3.21,48.8,1,0,0.00,0.00,0.00,12.00,0.00,0.00,0,0,0.00,0
2026-04-29 19:11:02,424.50,0,0,0,0,0,0,0,0.00,0,0.00,4.60,2.68,0.00,0.00,D,0.00,12.00,0.60,12.00,0.34,^,0.00,,26.10,12.10,504,4.22,49.4,1,0,0.00,0.00,0.00,12.00,0.00,0.00,0,0,0.00,0
2026-04-29 19:11:03,425.52,0,0,0,0,0,0,0,0.00,0,0.00,4.60,2.68,0.00,0.00,D,0.00,12.00,0.58,12.00,0.31,^,0.00,,26.60,12.10,504,0.04,50.5,1,0,0.00,0.00,0.00,12.00,0.00,0.00,0,0,0.00,0
2026-04-29 19:11:04,426.53,0,0,0,0,0,0,0,0.00,0,1.00,4.60,2.67,0.09,0.46,D,0.00,12.00,12.00,12.00,0.39,^,0.00,,24.70,12.10,504,0.00,51.0,1,0,0.00,0.00,0.00,12.00,0.00,0.00,0,0,0.00,0
2026-04-29 19:11:05,427.54,0,0,0,0,0,0,0,0.00,0,0.00,4.60,2.67,2.07,0.75,D,0.00,12.00,12.00,12.00,0.46,^,0.00,,27.30,12.10,504,0.00,50.5,1,0,0.00,0.00,0.00,12.00,0.00,0.00,0,0,0.00,0
2026-04-29 19:11:06,428.56,0,0,0,0,0,0,0,0.00,0,1.00,4.60,2.67,3.07,0.94,D,0.00,12.00,12.00,12.00,0.70,^,0.00,,30.80,12.10,504,0.00,50.5,1,0,0.00,0.00,0.00,12.00,0.00,0.00,0,0,0.00,0
2026-04-29 19:11:07,429.56,0,0,0,0,0,0,0,0.00,0,0.92,4.60,2.67,3.42,0.69,D,0.00,12.00,12.00,2.23,1.24,^,0.00,,28.80,12.10,504,0.00,51.6,1,0,0.00,0.00,0.00,12.00,0.00,0.00,0,0,0.00,0
2026-04-29 19:11:08,430.57,0,0,0,0,0,0,0,0.00,0,1.00,4.60,2.67,3.76,0.91,D,0.00,12.00,12.00,2.05,1.27,^,0.00,,28.20,12.10,504,0.00,51.0,1,0,0.00,0.00,0.00,12.00,0.00,0.00,0,0,0.00,0
2026-04-29 19:11:09,431.58,0,0,0,0,0,0,0,-0.54,0,1.00,4.60,2.67,3.98,0.83,D,0.00,12.00,12.00,1.70,1.40,^,0.00,,31.20,12.10,504,0.00,50.5,1,0,0.00,0.00,0.00,12.00,0.00,0.00,0,0,0.00,0
2026-04-29 19:11:10,432.59,0,0,0,0,0,0,0,0.00,0,0.04,4.60,2.68,4.13,0.84,D,0.00,12.00,12.00,1.52,1.52,^,0.00,,29.40,12.10,504,0.00,51.6,1,0,0.00,0.00,0.00,12.00,0.00,0.00,0,0,0.00,0
2026-04-29 19:11:11,433.60,0,0,0,0,0,0,0,-0.71,0,1.00,4.60,2.68,3.59,0.85,D,0.00,2.90,12.00,1.71,1.54,^,0.00,,30.10,12.10,504,0.00,51.6,1,0,0.00,0.00,0.00,2.90,0.00,0.00,0,0,0.00,0
2026-04-29 19:11:12,434.62,0,0,0,0,0,0,0,0.00,0,0.00,4.60,2.68,4.00,0.86,D,0.00,12.00,12.00,1.75,1.73,^,0.00,,29.80,12.10,504,0.00,52.1,1,0,0.00,0.00,0.00,12.00,0.00,0.00,0,0,0.00,0
2026-04-29 19:11:13,435.63,0,0,0,0,0,0,0,0.00,0,0.86,4.60,2.68,3.52,0.39,D,0.00,12.00,12.00,1.45,1.42,^,0.00,,29.00,12.20,504,0.00,51.6,1,0,0.00,0.00,0.00,12.00,0.00,0.00,0,0,0.00,0
2026-04-29 19:11:14,436.64,0,0,0,0,0,0,0,0.00,0,1.00,4.60,2.69,3.16,0.90,D,0.00,12.00,12.00,1.70,1.55,^,0.00,,27.80,12.20,504,0.00,51.0,1,0,0.00,0.00,0.00,12.00,0.00,0.00,0,0,0.00,0
2026-04-29 19:11:15,437.65,0,0,0,0,0,0,0,0.00,0,0.00,4.60,2.69,4.04,0.68,D,0.00,12.00,12.00,12.00,2.35,^,0.00,,29.30,12.10,504,0.00,49.9,1,0,0.00,0.00,0.00,12.00,0.00,0.00,0,0,0.00,0
2026-04-29 19:11:16,438.65,0,0,0,0,0,0,0,0.00,0,0.00,4.60,2.69,3.44,0.35,D,0.00,12.00,12.00,12.00,2.67,^,0.00,,28.60,12.10,504,0.00,51.6,1,0,0.00,0.00,0.00,12.00,0.00,0.00,0,0,0.00,0
2026-04-29 19:11:17,439.67,0,0,0,0,0,0,0,0.00,0,1.00,4.60,2.69,3.14,0.80,D,0.00,12.00,12.00,12.00,2.71,^,0.00,,28.80,12.10,504,0.00,49.9,1,0,0.00,0.00,0.00,12.00,0.00,0.00,0,0,0.00,0
2026-04-29 19:11:18,440.68,0,0,0,0,0,0,0,0.00,0,1.00,4.60,2.69,3.05,0.60,D,0.00,12.00,12.00,12.00,2.80,^,0.00,,29.50,12.10,504,0.00,51.0,1,0,0.00,0.00,0.00,12.00,0.00,0.00,0,0,0.00,0
2026-04-29 19:11:19,441.69,0,0,0,0,0,0,0,0.10,0,1.00,4.60,2.69,3.06,0.43,D,0.00,12.00,12.00,12.00,12.00,^,0.00,,29.30,12.10,504,0.00,51.0,1,0,0.00,0.00,0.00,12.00,0.00,0.00,0,0,0.00,0
2026-04-29 19:11:20,442.71,0,0,0,0,0,0,0,0.00,0,0.04,4.60,2.70,3.16,0.85,D,0.00,12.00,12.00,12.00,2.49,^,0.00,,28.90,12.10,504,0.00,50.5,1,0,0.00,0.00,0.00,12.00,0.00,0.00,0,0,0.00,0
2026-04-29 19:11:21,443.72,0,0,0,0,0,0,0,0.00,0,0.00,4.60,2.70,3.46,0.84,D,0.00,12.00,12.00,2.51,2.41,^,0.00,,34.00,12.20,504,0.00,51.6,1,0,0.00,0.00,0.00,12.00,0.00,0.00,0,0,0.00,0
2026-04-29 19:11:22,444.74,0,0,0,0,0,0,0,0.00,0,0.00,4.60,2.70,3.67,0.69,D,0.00,12.00,12.00,2.35,2.52,^,0.00,,38.70,12.60,504,0.00,52.1,1,0,0.00,0.00,0.00,12.00,0.00,0.00,0,0,0.00,0
2026-04-29 19:11:23,445.75,0,0,0,0,0,0,0,-0.34,0,1.00,4.60,2.70,3.25,0.56,D,0.00,12.00,12.00,2.71,2.59,^,0.00,,30.20,12.50,504,0.00,51.6,1,0,0.00,0.00,0.00,12.00,0.00,0.00,0,0,0.00,0
2026-04-29 19:11:24,446.76,0,0,0,0,0,0,0,0.00,0,0.03,4.60,2.70,3.36,0.17,D,0.00,12.00,12.00,12.00,2.55,^,0.00,,28.20,12.50,504,0.00,52.7,1,0,0.00,0.00,0.00,12.00,0.00,0.00,0,0,0.00,0
2026-04-29 19:11:25,447.77,0,0,0,0,0,0,0,0.57,0,1.00,4.60,2.70,2.63,0.34,D,0.00,12.00,12.00,12.00,2.63,^,0.00,,28.30,12.50,504,0.00,51.6,1,0,0.00,0.00,0.00,12.00,0.00,0.00,0,0,0.00,0
2026-04-29 19:11:26,448.78,0,0,0,0,0,0,0,-1.00,0,1.00,4.60,2.70,2.17,0.84,D,0.00,12.00,2.98,1.69,1.86,^,0.00,,27.30,12.50,504,0.00,51.6,1,0,0.00,0.00,0.00,12.00,0.00,0.00,0,0,0.00,0
2026-04-29 19:11:27,449.80,0,0,0,0,0,0,0,0.00,0,0.04,4.60,2.70,3.54,0.94,D,0.00,12.00,1.47,12.00,2.22,^,0.00,,29.40,12.50,504,0.00,50.5,1,0,0.00,0.00,0.00,12.00,0.00,0.00,0,0,0.00,0
2026-04-29 19:11:28,450.81,0,0,0,0,0,0,0,0.00,0,1.00,4.60,2.70,2.52,0.80,D,0.00,12.00,0.78,12.00,0.90,^,0.00,,30.10,12.50,504,0.00,51.0,1,0,0.00,0.00,0.00,12.00,0.00,0.00,0,0,0.00,0
2026-04-29 19:11:29,451.81,1,0,0,0,0,0,0,-0.29,0,1.00,4.60,2.70,1.75,0.87,D,0.00,12.00,12.00,12.00,1.02,^,-17.21,,27.80,12.40,504,0.00,50.5,1,0,0.00,0.00,0.00,12.00,-0.29,1.00,0,0,0.00,0
2026-04-29 19:11:30,452.81,1,0,0,0,0,0,0,0.19,0,1.00,4.60,2.70,3.60,1.00,D,0.00,12.00,12.00,12.00,1.65,^,11.32,,29.90,12.40,504,0.00,52.1,1,0,0.00,0.00,0.00,12.00,0.19,1.00,0,0,0.00,0
2026-04-29 19:11:31,453.82,0,0,0,1,0,0,0,0.00,0,0.00,4.60,2.70,1.76,0.00,N,0.00,12.00,2.38,12.00,2.33,^,0.00,,28.00,12.40,504,0.00,51.6,1,0,0.00,0.00,0.00,12.00,0.00,0.00,0,0,0.00,0
2026-04-29 19:11:32,454.83,0,0,0,1,0,0,0,1.00,0,1.00,4.60,2.70,0.18,-0.36,R,0.00,12.00,2.29,12.00,2.44,^,0.00,,27.00,12.40,504,0.00,51.6,1,0,0.00,0.00,0.00,12.00,0.00,0.00,0,0,0.00,0
2026-04-29 19:11:33,455.95,0,0,0,0,0,0,0,0.00,0,0.38,4.60,2.69,1.69,-0.83,R,0.00,12.00,2.36,12.00,2.57,^,0.00,,25.90,12.30,504,0.00,52.1,1,0,0.00,0.00,0.00,12.00,0.00,0.00,0,0,0.00,0
2026-04-29 19:11:34,456.86,0,0,0,0,0,0,0,0.00,0,0.00,4.60,2.69,3.54,-0.64,R,0.00,12.00,12.00,12.00,2.12,^,0.00,,28.30,12.30,504,0.00,52.1,1,0,0.00,0.00,0.00,12.00,0.00,0.00,0,0,0.00,0
2026-04-29 19:11:35,457.87,0,0,0,0,0,0,0,0.00,0,1.00,4.60,2.69,0.11,-0.06,R,0.00,12.00,12.00,12.00,1.50,^,0.00,,27.60,12.20,504,0.05,52.7,1,0,0.00,0.00,0.00,12.00,0.00,0.00,0,0,0.00,0
2026-04-29 19:11:36,458.88,0,0,1,0,0,0,0,0.00,0,0.24,4.60,2.68,0.00,0.00,N,0.00,12.00,12.00,12.00,1.13,^,0.00,,28.60,12.40,504,1.06,51.0,1,0,0.00,0.00,0.00,12.00,0.00,0.00,0,0,0.00,0
2026-04-29 19:11:37,459.90,0,0,0,0,0,0,0,0.00,0,0.00,4.60,2.68,0.00,0.00,N,0.00,12.00,12.00,12.00,0.72,^,0.00,,26.20,12.40,504,2.07,51.6,1,0,0.00,0.00,0.00,12.00,0.00,0.00,0,0,0.00,0
2026-04-29 19:11:38,460.90,1,0,0,0,0,0,0,-0.40,0,1.00,4.60,2.67,0.02,0.46,D,0.00,12.00,12.00,12.00,0.64,^,-24.28,,25.90,12.40,504,0.00,52.1,1,0,0.00,0.00,0.00,12.00,-0.40,1.00,0,0,0.00,0
2026-04-29 19:11:39,461.91,1,0,0,0,0,0,0,0.02,0,1.00,4.60,2.67,1.46,0.97,D,0.00,12.00,12.00,12.00,0.86,^,0.97,,28.60,12.40,504,0.00,52.1,1,0,0.00,0.00,0.00,12.00,0.02,1.00,0,0,0.00,0
2026-04-29 19:11:40,462.92,1,0,0,0,0,0,0,0.33,0,1.00,4.60,2.67,3.70,1.00,D,0.00,12.00,2.52,12.00,2.10,^,19.74,,27.90,12.30,504,0.00,52.7,1,0,0.00,0.00,0.00,12.00,0.33,1.00,0,0,0.00,0
2026-04-29 19:11:41,463.93,1,0,0,0,0,0,0,0.19,0,1.00,4.60,2.67,4.00,1.00,D,0.00,12.00,12.00,12.00,2.21,^,11.53,,28.80,12.30,504,0.00,52.7,1,0,0.00,0.00,0.00,12.00,0.19,1.00,0,0,0.00,0
2026-04-29 19:11:42,464.95,1,0,0,0,0,0,0,-0.33,0,1.00,4.60,2.67,3.54,1.00,D,0.00,12.00,12.00,12.00,12.00,^,-19.83,,29.30,12.30,504,0.00,51.0,1,0,0.00,0.00,0.00,12.00,-0.33,1.00,0,0,0.00,0
2026-04-29 19:11:43,465.96,1,0,0,0,0,0,0,-0.17,0,1.00,4.60,2.68,3.84,1.00,D,0.00,12.00,6.51,12.00,12.00,^,-9.93,,30.30,12.30,504,0.00,52.1,1,0,0.00,0.00,0.00,12.00,-0.17,1.00,0,0,0.00,0
2026-04-29 19:11:44,466.97,0,0,0,0,0,0,0,0.39,0,1.00,4.60,2.68,2.81,0.23,D,0.00,12.00,12.00,12.00,6.05,^,0.00,,27.30,12.30,504,0.00,52.1,1,0,0.00,0.00,0.00,12.00,0.00,0.00,0,0,0.00,0
2026-04-29 19:11:45,467.98,0,0,0,0,0,0,0,0.00,0,0.00,4.60,2.67,1.34,0.69,D,0.00,12.00,12.00,12.00,12.00,^,0.00,,29.10,12.30,504,0.00,51.6,1,0,0.00,0.00,0.00,12.00,0.00,0.00,0,0,0.00,0
2026-04-29 19:11:46,468.99,1,0,0,0,0,0,0,-0.17,0,1.00,4.60,2.67,2.36,1.00,D,0.00,12.00,12.00,12.00,12.00,^,-10.23,,29.00,12.20,504,0.00,51.6,1,0,0.00,0.00,0.00,12.00,-0.17,1.00,0,0,0.00,0
2026-04-29 19:11:47,469.99,1,0,0,0,0,0,0,-0.01,0,1.00,4.60,2.67,3.72,1.00,D,0.00,12.00,12.00,12.00,7.61,^,-0.64,,29.30,12.20,504,0.00,52.1,1,0,0.00,0.00,0.00,12.00,-0.01,1.00,0,0,0.00,0
2026-04-29 19:11:48,471.00,0,0,0,1,0,0,0,0.00,0,1.00,4.60,2.68,3.87,-0.02,R,0.00,12.00,12.00,12.00,12.00,^,0.00,,29.50,12.20,504,0.00,53.2,1,0,0.00,0.00,0.00,12.00,0.00,0.00,0,0,0.00,0
2026-04-29 19:11:49,472.01,0,0,0,0,0,0,0,0.00,0,1.00,4.60,2.68,0.40,-0.53,R,0.00,12.00,2.68,12.00,12.00,^,0.00,,30.30,12.10,504,0.00,51.0,1,0,0.00,0.00,0.00,12.00,0.00,0.00,0,0,0.00,0
2026-04-29 19:11:50,473.02,0,0,0,0,0,0,0,0.00,0,1.00,4.60,2.67,2.67,-1.00,R,0.00,12.00,12.00,12.00,12.00,^,0.00,,27.20,12.10,504,0.00,53.2,1,0,0.00,0.00,0.00,12.00,0.00,0.00,0,0,0.00,0
2026-04-29 19:11:51,474.04,0,0,0,0,0,0,0,0.00,0,1.00,4.60,2.67,4.44,-1.00,R,0.00,12.00,12.00,12.00,7.76,^,0.00,,29.60,12.10,504,0.00,53.2,1,0,0.00,0.00,0.00,12.00,0.00,0.00,0,0,0.00,0
2026-04-29 19:11:52,475.04,0,0,0,0,0,0,0,0.00,0,0.00,4.66,2.68,4.53,-0.96,R,0.00,12.00,12.00,12.00,6.92,^,0.00,,29.30,12.10,504,0.00,51.6,1,0,0.00,0.00,0.00,12.00,0.00,0.00,0,0,0.00,0
2026-04-29 19:11:53,476.05,0,0,1,0,0,0,0,0.00,0,1.00,4.66,2.68,3.27,0.30,D,0.00,12.00,12.00,12.00,2.61,^,0.00,,27.00,12.10,504,0.00,52.7,1,0,0.00,0.00,0.00,12.00,0.00,0.00,0,0,0.00,0
2026-04-29 19:11:54,477.06,0,0,0,0,0,0,0,0.00,0,0.00,4.66,2.68,0.46,0.00,D,0.00,12.00,12.00,12.00,2.11,^,0.00,,26.70,12.10,504,0.00,52.7,1,0,0.00,0.00,0.00,12.00,0.00,0.00,0,0,0.00,0
2026-04-29 19:11:56,478.07,1,0,0,0,0,0,0,0.22,0,1.00,4.66,2.67,0.00,0.34,D,0.00,12.00,12.00,12.00,1.63,^,13.05,,25.30,12.10,504,0.43,51.6,1,0,0.00,0.00,0.00,12.00,0.22,1.00,0,0,0.00,0
2026-04-29 19:11:57,479.09,1,0,0,0,0,0,0,0.18,0,1.00,4.66,2.67,0.81,0.85,D,0.00,12.00,12.00,12.00,1.30,^,10.65,,26.30,12.10,504,0.00,51.6,1,0,0.00,0.00,0.00,12.00,0.18,1.00,0,0,0.00,0
2026-04-29 19:11:58,480.10,1,0,0,0,0,0,0,-0.09,0,1.00,4.66,2.67,3.56,1.00,D,0.00,12.00,12.00,12.00,2.21,^,-5.27,,28.40,12.10,504,0.00,52.7,1,0,0.00,0.00,0.00,12.00,-0.09,1.00,0,0,0.00,0
2026-04-29 19:11:59,481.11,1,0,0,0,0,0,0,-0.01,0,1.00,4.66,2.67,3.84,1.00,D,0.00,12.00,12.00,12.00,7.29,^,-0.34,,28.80,12.10,504,0.00,52.7,1,0,0.00,0.00,0.00,12.00,-0.01,1.00,0,0,0.00,0
2026-04-29 19:12:00,482.11,1,0,0,0,0,0,0,0.10,0,1.00,4.66,2.67,3.88,1.00,D,0.00,12.00,12.00,12.00,12.00,^,5.86,,29.00,12.10,504,0.00,52.7,1,0,0.00,0.00,0.00,12.00,0.10,1.00,0,0,0.00,0
2026-04-29 19:12:01,483.12,0,0,0,1,0,0,0,0.00,1,1.00,4.66,2.68,1.95,0.00,P,0.00,12.00,2.67,12.00,12.00,^,0.00,,28.80,12.20,504,0.00,53.2,1,0,0.00,0.00,0.00,12.00,0.00,0.00,0,0,0.00,0
2026-04-29 19:12:02,484.14,0,0,0,0,0,0,0,0.45,1,1.00,4.66,2.67,0.00,0.00,P,0.00,12.00,2.61,12.00,12.00,^,0.00,,28.20,12.20,504,0.48,52.1,1,0,0.00,0.00,0.00,12.00,0.00,0.00,0,0,0.00,0
2026-04-29 19:12:03,485.15,0,0,0,1,0,0,0,0.33,1,0.00,4.66,2.66,0.00,0.00,P,0.00,12.00,2.61,12.00,12.00,^,0.00,,26.50,12.10,504,1.49,51.6,1,0,0.00,0.00,0.00,12.00,0.00,0.00,0,0,0.00,0
2026-04-29 19:12:04,486.16,0,0,1,0,0,0,0,1.00,0,1.00,4.66,2.66,0.13,-0.38,R,0.00,12.00,2.61,12.00,8.75,^,0.00,,26.10,12.10,504,0.00,52.7,1,0,0.00,0.00,0.00,12.00,0.00,0.00,0,0,0.00,0
2026-04-29 19:12:05,487.18,0,0,0,0,0,0,0,0.00,0,1.00,4.66,2.66,1.72,-0.88,R,0.00,12.00,12.00,12.00,12.00,^,0.00,,26.40,12.20,504,0.00,51.6,1,0,0.00,0.00,0.00,12.00,0.00,0.00,0,0,0.00,0
2026-04-29 19:12:06,488.19,0,0,0,0,0,0,0,0.00,0,1.00,4.66,2.66,4.12,-1.00,R,0.00,12.00,12.00,12.00,7.77,^,0.00,,30.00,12.20,504,0.00,52.1,1,0,0.00,0.00,0.00,12.00,0.00,0.00,0,0,0.00,0
2026-04-29 19:12:07,489.20,0,0,0,0,0,0,0,0.00,0,1.00,4.67,2.66,4.54,-1.00,R,0.00,12.00,12.00,12.00,6.85,^,0.00,,30.20,12.20,504,0.00,53.2,1,0,0.00,0.00,0.00,12.00,0.00,0.00,0,0,0.00,0
2026-04-29 19:12:08,490.21,0,0,0,0,0,0,0,0.00,0,1.00,4.67,2.66,4.56,-1.00,R,0.00,12.00,6.52,12.00,12.00,^,0.00,,27.60,12.20,504,0.00,51.6,1,0,0.00,0.00,0.00,12.00,0.00,0.00,0,0,0.00,0
2026-04-29 19:12:09,491.22,0,0,1,0,0,0,0,0.00,0,0.00,4.67,2.67,4.18,0.00,D,0.00,12.00,6.31,12.00,2.08,^,0.00,,30.20,12.10,504,0.00,52.7,1,0,0.00,0.00,0.00,12.00,0.00,0.00,0,0,0.00,0
2026-04-29 19:12:10,492.24,1,0,0,0,0,0,0,0.17,0,1.00,4.67,2.67,3.01,0.23,D,0.00,12.00,2.08,12.00,0.92,^,10.30,,29.00,12.20,504,0.00,52.7,1,0,0.00,0.00,0.00,12.00,0.17,1.00,0,0,0.00,0
2026-04-29 19:12:11,493.25,1,0,0,0,0,0,0,0.24,0,1.00,4.67,2.67,0.44,0.74,D,0.00,12.00,2.18,12.00,0.73,^,14.13,,26.90,12.20,504,0.00,51.6,1,0,0.00,0.00,0.00,12.00,0.24,1.00,0,0,0.00,0
2026-04-29 19:12:12,494.27,1,0,0,0,0,0,0,-0.05,0,1.00,4.67,2.67,3.45,1.00,D,0.00,12.00,12.00,12.00,1.50,^,-2.83,,29.20,12.20,504,0.00,52.7,1,0,0.00,0.00,0.00,12.00,-0.05,1.00,0,0,0.00,0
2026-04-29 19:12:13,495.27,1,0,0,0,0,0,0,-0.14,0,1.00,4.67,2.67,3.76,1.00,D,0.00,12.00,12.00,12.00,12.00,^,-8.10,,29.20,12.20,504,0.00,51.0,1,0,0.00,0.00,0.00,12.00,-0.14,1.00,0,0,0.00,0
2026-04-29 19:12:14,496.28,1,0,0,0,0,0,0,0.01,0,1.00,4.67,2.67,3.90,1.00,D,0.00,12.00,12.00,12.00,6.72,^,0.44,,29.30,12.20,504,0.00,52.7,1,0,0.00,0.00,0.00,12.00,0.01,1.00,0,0,0.00,0
2026-04-29 19:12:15,497.29,1,0,0,0,0,0,0,-0.02,0,1.00,4.67,2.67,3.84,1.00,D,0.00,12.00,12.00,12.00,6.85,^,-0.93,,28.90,12.20,504,0.00,51.6,1,0,0.00,0.00,0.00,12.00,-0.02,1.00,0,0,0.00,0
2026-04-29 19:12:16,498.30,1,0,0,0,0,0,0,0.08,0,1.00,4.67,2.68,3.86,1.00,D,0.00,12.00,12.00,12.00,12.00,^,4.72,,28.80,12.20,504,0.00,51.0,1,0,0.00,0.00,0.00,12.00,0.08,1.00,0,0,0.00,0
2026-04-29 19:12:17,499.31,0,0,0,0,0,0,0,0.99,0,1.00,4.67,2.68,2.25,0.45,D,0.00,12.00,12.00,12.00,12.00,^,0.00,,29.60,12.20,504,0.00,51.6,1,0,0.00,0.00,0.00,12.00,0.00,0.00,0,0,0.00,0
2026-04-29 19:12:18,500.33,0,0,0,0,0,0,0,0.99,0,1.00,4.67,2.68,2.67,0.96,D,0.00,12.00,12.00,12.00,12.00,^,0.00,,27.70,12.20,504,0.00,52.1,1,0,0.00,0.00,0.00,12.00,0.00,0.00,0,0,0.00,0
2026-04-29 19:12:19,501.34,0,0,0,0,0,0,0,-0.48,0,1.00,4.67,2.68,4.19,1.00,D,0.00,12.00,12.00,12.00,12.00,^,0.00,,28.80,12.20,504,0.00,52.7,1,0,0.00,0.00,0.00,12.00,0.00,0.00,0,0,0.00,0
2026-04-29 19:12:20,502.35,0,0,0,0,0,0,0,0.00,0,1.00,4.67,2.68,4.44,1.00,D,0.00,12.00,12.00,12.00,12.00,^,0.00,,27.90,12.10,504,0.00,53.2,1,0,0.00,0.00,0.00,12.00,0.00,0.00,0,0,0.00,0
2026-04-29 19:12:21,503.36,0,0,0,0,0,0,0,0.00,0,1.00,4.67,2.68,4.46,1.00,D,0.00,12.00,12.00,12.00,12.00,^,0.00,,29.80,12.20,504,0.00,51.6,1,0,0.00,0.00,0.00,12.00,0.00,0.00,0,0,0.00,0
2026-04-29 19:12:22,504.36,0,0,0,0,0,0,0,0.00,0,1.00,4.67,2.69,4.47,1.00,D,0.00,1.83,12.00,1.86,12.00,WARN_WARNING,0.00,,29.30,12.20,504,0.00,52.7,1,0,0.00,0.00,0.00,1.83,0.00,0.00,0,0,0.00,0
2026-04-29 19:12:23,505.36,0,0,0,0,0,0,0,0.00,0,1.00,4.67,2.69,4.63,1.00,D,0.00,12.00,12.00,0.80,0.81,^,0.00,,29.30,12.20,504,0.00,51.6,1,0,0.00,0.00,0.00,12.00,0.00,0.00,0,0,0.00,0
2026-04-29 19:12:24,506.38,0,0,0,0,0,0,0,0.00,0,1.00,4.67,2.69,4.48,1.00,D,0.00,12.00,12.00,12.00,1.89,^,0.00,,30.00,12.20,504,0.00,53.2,1,0,0.00,0.00,0.00,12.00,0.00,0.00,0,0,0.00,0
2026-04-29 19:12:25,507.39,0,0,0,0,0,0,0,0.00,0,1.00,4.67,2.70,4.58,1.00,D,0.00,12.00,2.45,1.73,1.89,^,0.00,,31.40,12.20,504,0.00,53.8,1,0,0.00,0.00,0.00,12.00,0.00,0.00,0,0,0.00,0
2026-04-29 19:12:26,508.40,0,0,0,0,0,0,0,0.00,0,1.00,4.67,2.70,4.39,1.00,D,0.00,12.00,1.14,1.95,1.83,^,0.00,,30.00,12.20,504,0.00,51.6,1,0,0.00,0.00,0.00,12.00,0.00,0.00,0,0,0.00,0
2026-04-29 19:12:27,509.41,0,0,0,0,0,0,0,0.00,0,1.00,4.67,2.71,4.60,1.00,D,0.00,12.00,1.50,1.63,1.65,^,0.00,,29.40,12.10,504,0.00,53.2,1,0,0.00,0.00,0.00,12.00,0.00,0.00,0,0,0.00,0
2026-04-29 19:12:28,510.42,0,0,0,0,0,0,0,-0.83,0,1.00,4.67,2.71,4.39,1.00,D,0.00,1.81,12.00,1.51,1.59,WARN_WARNING,0.00,,30.70,12.20,504,0.00,53.2,1,0,0.00,0.00,0.00,1.81,0.00,0.00,0,0,0.00,0
2026-04-29 19:12:29,511.43,0,0,0,0,0,0,0,0.00,0,1.00,4.67,2.71,4.62,1.00,D,0.00,12.00,12.00,1.49,1.23,^,0.00,,29.60,12.30,504,0.00,52.7,1,0,0.00,0.00,0.00,12.00,0.00,0.00,0,0,0.00,0
2026-04-29 19:12:30,512.44,0,0,0,0,0,0,0,0.00,0,1.00,4.77,2.72,4.64,1.00,D,0.00,12.00,12.00,2.17,12.00,^,0.00,,30.70,12.30,504,0.00,52.1,1,0,0.00,0.00,0.00,12.00,0.00,0.00,0,0,0.00,0
2026-04-29 19:12:31,513.46,0,0,0,0,0,0,0,0.00,0,0.00,4.77,2.72,4.32,0.67,D,0.00,12.00,12.00,12.00,2.04,^,0.00,,29.00,12.20,504,0.00,52.7,1,0,0.00,0.00,0.00,12.00,0.00,0.00,0,0,0.00,0
2026-04-29 19:12:32,514.47,0,0,0,0,0,0,0,0.00,1,0.00,4.77,2.72,1.14,0.00,D,0.00,12.00,12.00,12.00,12.00,^,0.00,,27.40,12.30,504,0.00,53.2,1,0,0.00,0.00,0.00,12.00,0.00,0.00,0,0,0.00,0
2026-04-29 19:12:33,515.48,0,0,0,0,0,0,0,0.00,0,1.00,4.77,2.72,0.11,0.35,D,0.00,12.00,12.00,12.00,12.00,^,0.00,,26.60,12.30,504,0.01,51.6,1,0,0.00,0.00,0.00,12.00,0.00,0.00,0,0,0.00,0
2026-04-29 19:12:34,516.48,0,0,0,0,0,0,0,0.00,0,0.49,4.77,2.71,1.16,0.42,D,0.00,12.00,12.00,12.00,1.94,^,0.00,,27.60,12.50,504,0.00,53.2,1,0,0.00,0.00,0.00,12.00,0.00,0.00,0,0,0.00,0
2026-04-29 19:12:35,517.49,0,0,0,0,0,0,0,0.00,0,0.61,4.77,2.71,1.92,0.61,D,0.00,12.00,12.00,12.00,1.17,^,0.00,,25.70,12.50,504,0.00,52.7,1,0,0.00,0.00,0.00,12.00,0.00,0.00,0,0,0.00,0
2026-04-29 19:12:36,518.51,0,0,0,0,0,0,0,0.00,0,0.51,4.77,2.71,2.13,0.51,D,0.00,12.00,12.00,12.00,0.77,^,0.00,,28.30,12.30,504,0.00,52.7,1,0,0.00,0.00,0.00,12.00,0.00,0.00,0,0,0.00,0
2026-04-29 19:12:37,519.52,0,0,0,0,0,0,0,0.00,0,0.54,4.77,2.71,2.29,0.47,D,0.00,12.00,12.00,12.00,0.49,^,0.00,,28.60,12.50,504,0.00,53.2,1,0,0.00,0.00,0.00,12.00,0.00,0.00,0,0,0.00,0
2026-04-29 19:12:38,520.53,0,0,0,0,0,0,0,0.00,0,0.52,4.77,2.71,2.68,0.52,D,0.00,12.00,12.00,12.00,0.53,^,0.00,,28.90,12.90,504,0.00,53.2,1,0,0.00,0.00,0.00,12.00,0.00,0.00,0,0,0.00,0
2026-04-29 19:12:39,521.55,0,0,0,0,0,0,0,0.00,0,0.53,4.77,2.71,2.76,0.53,D,0.00,12.00,12.00,12.00,0.60,^,0.00,,29.90,13.10,504,0.00,52.1,1,0,0.00,0.00,0.00,12.00,0.00,0.00,0,0,0.00,0
2026-04-29 19:12:40,522.56,0,0,0,0,0,0,0,0.00,0,0.38,4.77,2.71,2.92,0.38,D,0.00,12.00,12.00,2.07,0.56,^,0.00,,29.30,13.00,504,0.00,53.2,1,0,0.00,0.00,0.00,12.00,0.00,0.00,0,0,0.00,0
2026-04-29 19:12:41,523.58,0,0,0,0,0,0,0,0.00,0,0.60,4.77,2.71,2.80,0.60,D,0.00,12.00,12.00,1.61,0.50,^,0.00,,29.90,13.00,504,0.00,52.1,1,0,0.00,0.00,0.00,12.00,0.00,0.00,0,0,0.00,0
2026-04-29 19:12:42,524.59,0,0,0,0,0,0,0,0.00,0,1.00,4.77,2.71,3.30,0.97,D,0.00,12.00,12.00,1.82,0.54,^,0.00,,29.00,12.60,504,0.00,53.2,1,0,0.00,0.00,0.00,12.00,0.00,0.00,0,0,0.00,0
2026-04-29 19:12:43,525.60,0,0,0,0,0,0,0,0.00,0,1.00,4.77,2.71,4.14,0.86,D,0.00,1.17,12.00,0.80,0.91,WARN_WARNING,0.00,,30.00,12.30,504,0.00,53.8,1,0,0.00,0.00,0.00,1.17,0.00,0.00,0,0,0.00,0
2026-04-29 19:12:44,526.61,0,0,0,0,0,0,0,0.00,1,0.00,4.77,2.71,0.54,0.00,D,0.00,12.00,12.00,0.57,0.58,^,0.00,,28.40,12.40,504,0.00,52.1,1,0,0.00,0.00,0.00,12.00,0.00,0.00,0,0,0.00,0
2026-04-29 19:12:45,527.63,0,0,0,0,0,0,0,0.00,1,0.00,4.77,2.71,0.00,0.00,D,0.00,12.00,12.00,0.56,0.35,^,0.00,,26.20,12.40,504,0.93,52.7,1,0,0.00,0.00,0.00,12.00,0.00,0.00,0,0,0.00,0
2026-04-29 19:12:46,528.63,0,0,0,0,0,0,0,0.00,1,1.00,4.77,2.70,0.00,0.00,D,0.00,12.00,12.00,0.56,0.55,^,0.00,,28.10,12.40,504,0.42,53.2,1,0,0.00,0.00,0.00,12.00,0.00,0.00,0,0,0.00,0
2026-04-29 19:12:47,529.64,0,0,0,1,0,0,0,-1.00,0,1.00,4.77,2.70,0.01,-0.26,R,0.00,12.00,12.00,0.56,0.57,^,0.00,,28.10,12.50,504,0.21,53.2,1,0,0.00,0.00,0.00,12.00,0.00,0.00,0,0,0.00,0
2026-04-29 19:12:48,530.65,0,0,0,0,0,0,0,-1.00,0,1.00,4.77,2.69,0.24,-0.76,R,0.00,12.00,12.00,0.56,0.57,^,0.00,,28.00,12.40,504,0.00,52.7,1,0,0.00,0.00,0.00,12.00,0.00,0.00,0,0,0.00,0
2026-04-29 19:12:49,531.65,0,0,1,0,0,0,0,0.00,0,0.00,4.77,2.69,2.41,0.00,D,0.00,12.00,12.00,0.89,0.58,^,0.00,,30.70,12.50,504,0.00,53.2,1,0,0.00,0.00,0.00,12.00,0.00,0.00,0,0,0.00,0
2026-04-29 19:12:50,532.67,0,0,0,0,0,0,0,0.00,0,1.00,4.77,2.69,0.24,0.43,D,0.00,12.00,12.00,0.94,0.51,^,0.00,,27.70,12.40,504,0.00,51.0,1,0,0.00,0.00,0.00,12.00,0.00,0.00,0,0,0.00,0
2026-04-29 19:12:51,533.68,0,0,0,0,0,0,0,0.00,0,1.00,4.77,2.68,2.15,0.93,D,0.00,12.00,12.00,0.88,0.74,^,0.00,,28.30,12.40,504,0.00,51.6,1,0,0.00,0.00,0.00,12.00,0.00,0.00,0,0,0.00,0
2026-04-29 19:12:52,534.69,0,0,0,0,0,0,0,0.00,0,1.00,4.77,2.68,4.28,1.00,D,0.00,12.00,12.00,2.33,0.91,^,0.00,,31.30,12.40,504,0.00,52.1,1,0,0.00,0.00,0.00,12.00,0.00,0.00,0,0,0.00,0
2026-04-29 19:12:53,535.70,0,0,0,0,0,0,0,0.00,0,1.00,4.77,2.69,4.09,1.00,D,0.00,12.00,12.00,12.00,1.49,^,0.00,,30.30,12.40,504,0.00,52.7,1,0,0.00,0.00,0.00,12.00,0.00,0.00,0,0,0.00,0
2026-04-29 19:12:54,536.71,0,0,0,0,0,0,0,0.00,0,0.03,4.77,2.69,4.22,0.64,D,0.00,12.00,12.00,12.00,1.84,^,0.00,,29.00,12.40,504,0.00,51.0,1,0,0.00,0.00,0.00,12.00,0.00,0.00,0,0,0.00,0
2026-04-29 19:12:55,537.72,0,0,0,0,0,0,0,0.00,0,0.55,4.77,2.69,3.92,0.69,D,0.00,12.00,12.00,12.00,2.00,^,0.00,,29.20,12.40,504,0.00,53.2,1,0,0.00,0.00,0.00,12.00,0.00,0.00,0,0,0.00,0
2026-04-29 19:12:56,538.74,0,0,0,0,0,0,0,0.00,0,0.80,4.77,2.69,4.09,0.93,D,0.00,12.00,12.00,12.00,2.05,^,0.00,,31.30,12.60,504,0.00,52.7,1,0,0.00,0.00,0.00,12.00,0.00,0.00,0,0,0.00,0
2026-04-29 19:12:57,539.75,0,0,0,0,0,0,0,0.00,0,0.83,4.77,2.70,4.20,0.94,D,0.00,12.00,12.00,2.24,2.14,^,0.00,,29.10,12.60,504,0.00,52.7,1,0,0.00,0.00,0.00,12.00,0.00,0.00,0,0,0.00,0
2026-04-29 19:12:58,540.76,0,0,0,0,0,0,0,-0.48,0,0.10,4.77,2.70,4.37,0.88,D,0.00,12.00,12.00,1.90,1.92,^,0.00,,29.70,12.60,504,0.00,52.1,1,0,0.00,0.00,0.00,12.00,0.00,0.00,0,0,0.00,0
2026-04-29 19:12:59,541.77,0,0,0,0,0,0,0,0.00,0,0.82,4.77,2.70,4.06,0.96,D,0.00,12.00,12.00,1.84,1.65,^,0.00,,30.20,12.50,504,0.00,53.2,1,0,0.00,0.00,0.00,12.00,0.00,0.00,0,0,0.00,0
2026-04-29 19:13:00,542.79,0,0,0,0,0,0,0,0.00,0,1.00,4.77,2.71,4.42,1.00,D,0.00,12.00,12.00,1.91,2.12,^,0.00,,29.60,12.40,504,0.00,53.2,1,0,0.00,0.00,0.00,12.00,0.00,0.00,0,0,0.00,0
2026-04-29 19:13:01,543.80,0,0,0,0,0,0,0,0.00,0,1.00,4.77,2.71,4.33,1.00,D,0.00,12.00,12.00,1.62,1.44,^,0.00,,30.70,12.40,504,0.00,52.7,1,0,0.00,0.00,0.00,12.00,0.00,0.00,0,0,0.00,0
2026-04-29 19:13:02,544.80,0,0,0,0,0,0,0,0.00,0,1.00,4.77,2.71,4.46,1.00,D,0.00,12.00,12.00,12.00,2.50,^,0.00,,30.90,12.60,504,0.00,53.8,1,0,0.00,0.00,0.00,12.00,0.00,0.00,0,0,0.00,0
2026-04-29 19:13:03,545.81,0,0,0,0,0,0,0,0.00,0,1.00,4.77,2.72,4.44,1.00,D,0.00,12.00,12.00,12.00,12.00,^,0.00,,29.40,12.60,504,0.00,52.1,1,0,0.00,0.00,0.00,12.00,0.00,0.00,0,0,0.00,0
2026-04-29 19:13:04,546.82,0,0,0,0,0,0,0,0.00,0,1.00,4.77,2.72,4.42,1.00,D,0.00,12.00,12.00,12.00,12.00,^,0.00,,30.80,12.50,504,0.00,53.2,1,0,0.00,0.00,0.00,12.00,0.00,0.00,0,0,0.00,0
2026-04-29 19:13:05,547.83,0,0,0,0,0,0,0,0.00,0,0.14,4.77,2.72,4.22,0.65,D,0.00,12.00,12.00,1.59,1.71,^,0.00,,30.50,12.50,504,0.00,53.8,1,0,0.00,0.00,0.00,12.00,0.00,0.00,0,0,0.00,0
2026-04-29 19:13:06,548.84,0,0,0,0,0,0,0,-0.54,0,0.00,4.77,2.72,3.37,0.05,D,0.00,12.00,12.00,1.39,1.35,^,0.00,,29.40,12.50,504,0.00,53.8,1,0,0.00,0.00,0.00,12.00,0.00,0.00,0,0,0.00,0
2026-04-29 19:13:07,549.85,0,1,0,0,0,0,0,0.00,0,0.00,4.77,2.72,2.30,0.23,D,2.74,12.00,12.00,2.67,1.62,^,0.00,,16.10,12.50,504,0.00,50.5,1,0,0.23,0.00,0.00,12.00,0.00,0.00,0,0,0.00,0
2026-04-29 19:13:08,550.96,0,1,0,0,0,0,0,0.00,0,0.00,4.77,2.72,2.03,0.42,D,2.74,12.00,12.00,12.00,2.65,^,0.00,,15.40,12.50,504,0.00,51.0,1,0,0.42,0.00,0.00,12.00,0.00,0.00,0,0,0.00,0
2026-04-29 19:13:09,551.87,0,1,0,0,0,0,0,0.00,0,0.00,4.77,2.72,2.09,0.44,D,2.74,12.00,12.00,12.00,2.03,^,0.00,,15.00,12.50,504,0.00,51.0,1,0,0.44,0.00,0.00,12.00,0.00,0.00,0,0,0.00,0
2026-04-29 19:13:10,552.88,0,1,0,0,0,1,0,0.00,0,0.00,4.77,2.72,2.14,0.58,D,3.00,12.00,12.00,12.00,1.71,^,0.00,,15.20,12.40,504,0.00,49.4,1,0,0.62,0.00,0.00,12.00,0.00,0.00,0,0,0.00,0
2026-04-29 19:13:11,553.89,0,1,0,0,0,1,0,-0.12,0,0.00,4.77,2.72,2.56,0.56,D,3.20,12.00,12.00,12.00,1.34,^,0.00,,15.00,12.40,504,0.00,49.9,1,0,0.56,0.00,0.00,12.00,0.00,0.00,0,0,0.00,0
2026-04-29 19:13:12,554.90,0,1,0,0,0,0,0,0.00,0,0.00,4.77,2.72,2.66,0.56,D,3.20,12.00,12.00,12.00,1.02,^,0.00,,14.00,12.40,504,0.00,51.0,1,0,0.56,0.00,0.00,12.00,0.00,0.00,0,0,0.00,0
2026-04-29 19:13:13,555.92,0,1,0,0,0,0,0,0.00,0,0.00,4.77,2.72,2.76,0.55,D,3.20,12.00,12.00,12.00,0.79,^,0.00,,14.30,12.40,504,0.00,51.0,1,0,0.55,0.00,0.00,12.00,0.00,0.00,0,0,0.00,0
2026-04-29 19:13:14,556.93,0,1,0,0,0,0,0,0.00,0,0.00,4.77,2.72,2.76,0.59,D,3.20,12.00,12.00,12.00,0.72,^,0.00,,14.00,12.40,504,0.00,51.0,1,0,0.59,0.00,0.00,12.00,0.00,0.00,0,0,0.00,0
2026-04-29 19:13:15,557.94,0,1,0,0,0,1,0,0.00,0,0.00,4.77,2.72,2.79,0.66,D,3.30,12.00,12.00,12.00,0.75,^,0.00,,13.00,12.40,504,0.00,50.5,1,0,0.66,0.00,0.00,12.00,0.00,0.00,0,0,0.00,0
2026-04-29 19:13:16,558.95,0,1,0,0,0,1,0,0.00,0,0.00,4.77,2.72,2.97,0.68,D,3.50,12.00,12.00,2.52,0.66,^,0.00,,14.20,12.30,504,0.00,51.0,1,0,0.70,0.00,0.00,12.00,0.00,0.00,0,0,0.00,0
2026-04-29 19:13:17,559.96,0,1,0,0,0,0,0,0.00,0,0.00,4.77,2.72,2.98,0.75,D,3.50,12.00,12.00,1.66,0.61,^,0.00,,14.70,12.40,504,0.00,50.5,1,0,0.75,0.00,0.00,12.00,0.00,0.00,0,0,0.00,0
2026-04-29 19:13:18,560.98,0,1,0,0,0,0,0,0.00,0,0.00,4.77,2.72,3.11,0.72,D,3.50,2.10,12.00,1.34,0.73,WARN_WARNING,0.00,,16.30,12.30,504,0.00,48.8,1,0,0.72,0.00,0.00,2.10,0.00,0.00,0,0,0.00,0
2026-04-29 19:13:19,561.99,0,1,0,0,0,0,0,0.00,0,0.00,4.77,2.72,3.26,0.66,D,3.50,12.00,12.00,1.02,0.87,^,0.00,,17.20,12.40,504,0.00,48.8,1,0,0.66,0.00,0.00,12.00,0.00,0.00,0,0,0.00,0
2026-04-29 19:13:21,563.10,0,1,0,0,0,0,0,0.00,0,0.00,4.77,2.72,3.27,0.67,D,3.50,12.00,13.97,1.15,0.74,^,0.00,,16.00,12.40,504,0.00,48.8,1,0,0.67,0.00,0.00,12.00,0.00,0.00,0,0,0.00,0
2026-04-29 19:13:21,564.01,0,1,0,0,0,0,0,0.00,0,0.00,4.77,2.72,3.24,0.71,D,3.50,12.00,12.00,12.00,0.65,^,0.00,,16.50,12.30,504,0.00,47.2,1,0,0.71,0.00,0.00,12.00,0.00,0.00,0,0,0.00,0
2026-04-29 19:13:22,565.01,0,1,0,0,0,0,0,0.00,0,0.00,4.77,2.72,3.28,0.70,D,3.50,12.00,12.00,12.00,0.58,^,0.00,,15.50,12.40,504,0.00,48.8,1,0,0.70,0.00,0.00,12.00,0.00,0.00,0,0,0.00,0
2026-04-29 19:13:23,566.02,0,1,0,0,0,0,0,0.00,0,0.00,4.77,2.73,3.32,0.70,D,3.50,12.00,12.00,12.00,0.62,^,0.00,,16.00,12.30,504,0.00,47.7,1,0,0.70,0.00,0.00,12.00,0.00,0.00,0,0,0.00,0
2026-04-29 19:13:24,567.03,0,1,0,0,0,0,0,0.00,0,0.00,4.77,2.73,3.32,0.72,D,3.50,12.00,12.00,12.00,0.73,^,0.00,,16.20,12.30,504,0.00,48.8,1,0,0.72,0.00,0.00,12.00,0.00,0.00,0,0,0.00,0
2026-04-29 19:13:25,568.05,0,1,0,0,0,0,0,0.00,0,0.00,4.77,2.73,3.32,0.74,D,3.50,12.00,12.00,12.00,0.78,^,0.00,,17.10,12.30,504,0.00,48.3,1,0,0.74,0.00,0.00,12.00,0.00,0.00,0,0,0.00,0
2026-04-29 19:13:26,569.06,0,1,0,0,0,0,0,0.00,0,0.00,4.77,2.73,3.42,0.70,D,3.50,12.00,12.00,12.00,0.74,^,0.00,,14.40,12.30,504,0.00,48.8,1,0,0.70,0.00,0.00,12.00,0.00,0.00,0,0,0.00,0
2026-04-29 19:13:28,570.07,0,1,0,0,0,0,0,0.00,0,0.00,4.77,2.73,3.30,0.77,D,3.50,12.00,12.00,12.00,0.78,^,0.00,,14.30,12.30,504,0.00,47.7,1,0,0.77,0.00,0.00,12.00,0.00,0.00,0,0,0.00,0
2026-04-29 19:13:29,571.09,0,1,0,0,0,0,0,0.00,0,0.00,4.77,2.73,3.35,0.75,D,3.50,12.00,12.00,12.00,0.85,^,0.00,,15.30,12.30,504,0.00,47.7,1,0,0.75,0.00,0.00,12.00,0.00,0.00,0,0,0.00,0
2026-04-29 19:13:30,572.10,0,1,0,0,0,0,0,1.00,0,0.00,4.77,2.73,2.98,0.89,D,3.50,12.00,12.00,1.81,0.99,^,0.00,,15.10,12.30,504,0.00,48.3,1,0,0.95,0.00,0.00,12.00,0.00,0.00,0,0,0.00,0
2026-04-29 19:13:31,573.11,0,1,0,0,0,0,0,0.00,0,0.00,4.77,2.73,3.41,0.68,D,3.50,12.00,12.00,12.00,1.04,^,0.00,,13.70,12.30,504,0.00,49.9,1,0,0.75,0.00,0.00,12.00,0.00,0.00,0,0,0.00,0
2026-04-29 19:13:32,574.12,0,1,0,0,0,0,0,0.00,0,0.00,4.77,2.73,3.35,0.80,D,3.50,12.00,12.00,12.00,0.92,^,0.00,,17.40,12.30,504,0.00,49.4,1,0,0.80,0.00,0.00,12.00,0.00,0.00,0,0,0.00,0
2026-04-29 19:13:33,575.13,0,1,0,0,0,0,0,-1.00,0,0.00,4.77,2.74,3.45,0.76,D,3.50,12.00,12.00,2.16,1.01,^,0.00,,18.50,12.30,504,0.00,47.2,1,0,0.76,0.00,0.00,12.00,0.00,0.00,0,0,0.00,0
2026-04-29 19:13:34,576.14,0,1,0,0,0,0,0,0.00,0,0.00,4.77,2.74,3.92,0.75,D,3.50,12.00,12.00,12.00,1.30,^,0.00,,18.60,12.30,504,0.00,48.3,1,0,0.55,0.00,0.00,12.00,0.00,0.00,0,0,0.00,0
2026-04-29 19:13:35,577.15,0,1,0,0,0,0,0,-0.97,0,0.00,4.77,2.74,3.27,0.87,D,3.50,12.00,12.00,12.00,1.25,^,0.00,,14.90,12.30,504,0.00,49.9,1,0,0.87,0.00,0.00,12.00,0.00,0.00,0,0,0.00,0
2026-04-29 19:13:36,578.17,0,1,0,0,0,0,0,-1.00,0,0.00,4.77,2.74,3.70,0.67,D,3.50,12.00,12.00,12.00,1.32,^,0.00,,14.90,12.30,504,0.00,48.3,1,0,0.65,0.00,0.00,12.00,0.00,0.00,0,0,0.00,0
2026-04-29 19:13:37,579.17,0,1,0,0,0,0,0,1.00,0,0.00,4.77,2.74,3.28,0.97,D,3.50,12.00,12.00,12.00,1.09,^,0.00,,12.00,12.30,504,0.00,49.4,1,0,0.91,0.00,0.00,12.00,0.00,0.00,0,0,0.00,0
2026-04-29 19:13:38,580.19,0,1,0,0,0,0,0,0.00,0,0.00,4.77,2.74,2.45,0.96,D,3.50,12.00,10.07,1.89,1.45,^,0.00,,15.50,12.30,504,0.00,49.9,1,0,1.32,0.00,0.00,12.00,0.00,0.00,0,0,0.00,0
2026-04-29 19:13:39,581.20,0,1,0,0,0,0,0,-1.00,0,0.00,4.77,2.74,3.04,0.76,D,3.50,12.00,12.00,1.88,1.60,^,0.00,,14.50,12.30,504,0.00,48.3,1,0,1.01,0.00,0.00,12.00,0.00,0.00,0,0,0.00,0
2026-04-29 19:13:40,582.21,0,1,0,0,0,0,0,0.00,0,0.00,4.77,2.74,4.06,0.75,D,3.50,12.00,12.00,1.92,1.63,^,0.00,,17.00,12.30,504,0.00,48.8,1,0,0.51,0.00,0.00,12.00,0.00,0.00,0,0,0.00,0
2026-04-29 19:13:41,583.33,0,1,0,0,0,0,0,0.00,0,0.00,4.77,2.74,3.46,0.82,D,3.50,12.00,12.00,12.00,1.52,^,0.00,,17.10,12.30,504,0.00,48.3,1,0,0.82,0.00,0.00,12.00,0.00,0.00,0,0,0.00,0
2026-04-29 19:13:42,584.23,0,1,0,0,0,0,0,1.00,0,0.00,4.77,2.74,2.94,0.98,D,3.50,12.00,12.00,12.00,1.54,^,0.00,,16.30,12.20,504,0.00,47.7,1,0,1.13,0.00,0.00,12.00,0.00,0.00,0,0,0.00,0
2026-04-29 19:13:43,585.24,0,1,0,0,0,0,0,1.00,0,0.00,4.77,2.75,3.29,0.90,D,3.50,12.00,12.00,12.00,1.68,^,0.00,,16.80,12.20,504,0.00,47.7,1,0,0.90,0.00,0.00,12.00,0.00,0.00,0,0,0.00,0
2026-04-29 19:13:44,586.25,0,1,0,0,0,0,0,0.00,0,0.00,4.77,2.75,2.66,1.00,D,3.50,12.00,12.00,12.00,1.50,^,0.00,,18.70,12.30,504,0.00,48.3,1,0,1.24,0.00,0.00,12.00,0.00,0.00,0,0,0.00,0
2026-04-29 19:13:45,587.27,0,1,0,0,0,0,0,0.00,0,0.00,4.77,2.75,3.80,0.61,D,3.50,12.00,12.00,12.00,1.41,^,0.00,,18.30,12.20,504,0.00,46.6,1,0,0.61,0.00,0.00,12.00,0.00,0.00,0,0,0.00,0
2026-04-29 19:13:46,588.28,0,1,0,0,0,0,0,0.00,0,0.00,4.77,2.75,3.11,0.80,D,3.50,12.00,12.00,12.00,1.30,^,0.00,,16.70,12.20,504,0.00,47.7,1,0,0.95,0.00,0.00,12.00,0.00,0.00,0,0,0.00,0
2026-04-29 19:13:47,589.30,0,1,0,0,0,0,0,-0.82,0,0.00,4.77,2.75,3.79,0.68,D,3.50,12.00,12.00,12.00,1.30,^,0.00,,18.30,12.20,504,0.00,47.7,1,0,0.61,0.00,0.00,12.00,0.00,0.00,0,0,0.00,0
2026-04-29 19:13:48,590.31,0,1,0,0,0,0,0,0.00,0,0.00,4.77,2.75,2.78,1.00,D,3.50,12.00,12.00,2.06,1.44,^,0.00,,17.50,12.30,504,0.00,47.7,1,0,1.21,0.00,0.00,12.00,0.00,0.00,0,0,0.00,0
2026-04-29 19:13:49,591.31,0,1,0,0,0,0,0,0.00,0,0.00,4.77,2.75,3.61,0.67,D,3.50,12.00,12.00,12.00,1.53,^,0.00,,17.30,12.20,504,0.00,47.7,1,0,0.72,0.00,0.00,12.00,0.00,0.00,0,0,0.00,0
2026-04-29 19:13:50,592.32,0,1,0,0,0,0,0,1.00,0,0.00,4.77,2.75,2.96,1.00,D,3.50,12.00,12.00,12.00,1.23,^,0.00,,16.40,12.20,504,0.00,46.6,1,0,1.07,0.00,0.00,12.00,0.00,0.00,0,0,0.00,0
2026-04-29 19:13:51,593.43,0,1,0,0,0,0,0,0.00,0,0.00,4.77,2.75,2.89,0.93,D,3.50,12.00,12.00,12.00,1.24,^,0.00,,17.30,12.20,504,0.00,47.2,1,0,1.10,0.00,0.00,12.00,0.00,0.00,0,0,0.00,0
2026-04-29 19:13:52,594.34,0,1,0,0,0,0,0,0.00,0,0.00,4.77,2.75,2.56,1.00,D,3.50,12.00,12.00,1.31,1.22,^,0.00,,17.30,12.20,504,0.00,47.7,1,0,1.29,0.00,0.00,12.00,0.00,0.00,0,0,0.00,0
2026-04-29 19:13:53,595.35,0,1,0,0,0,0,0,0.00,0,0.00,4.77,2.76,3.49,0.75,D,3.50,12.00,12.00,2.24,1.32,^,0.00,,18.10,12.20,504,0.00,46.1,1,0,0.78,0.00,0.00,12.00,0.00,0.00,0,0,0.00,0
2026-04-29 19:13:54,596.36,0,1,0,0,0,0,0,0.00,0,0.00,4.77,2.76,2.29,0.92,D,3.50,12.00,12.00,1.56,1.31,^,0.00,,16.80,12.20,504,0.00,47.7,1,0,1.39,0.00,0.00,12.00,0.00,0.00,0,0,0.00,0
2026-04-29 19:13:55,597.37,0,1,0,0,0,0,0,0.00,0,0.00,4.77,2.76,3.95,0.66,D,3.50,12.00,12.00,12.00,1.26,^,0.00,,16.50,12.20,504,0.00,47.7,1,0,0.54,0.00,0.00,12.00,0.00,0.00,0,0,0.00,0
2026-04-29 19:13:56,598.39,0,1,0,0,0,0,0,0.00,0,0.00,4.77,2.76,3.48,0.79,D,3.50,12.00,12.00,1.53,1.38,^,0.00,,17.50,12.20,504,0.00,46.6,1,0,0.79,0.00,0.00,12.00,0.00,0.00,0,0,0.00,0
2026-04-29 19:13:57,599.40,0,1,0,0,0,0,0,0.00,0,0.00,4.77,2.76,3.57,0.74,D,3.50,12.00,12.00,2.37,1.53,^,0.00,,17.00,12.20,504,0.00,45.5,1,0,0.74,0.00,0.00,12.00,0.00,0.00,0,0,0.00,0
2026-04-29 19:13:58,600.41,0,1,0,0,0,0,0,0.00,0,0.00,4.77,2.76,3.44,0.81,D,3.50,12.00,12.00,1.76,1.57,^,0.00,,16.10,12.20,504,0.00,47.7,1,0,0.81,0.00,0.00,12.00,0.00,0.00,0,0,0.00,0
2026-04-29 19:13:59,601.42,0,1,0,0,0,0,0,0.00,0,0.00,4.77,2.76,3.51,0.73,D,3.50,12.00,12.00,2.11,1.70,^,0.00,,18.10,12.20,504,0.00,47.7,1,0,0.75,0.00,0.00,12.00,0.00,0.00,0,0,0.00,0
2026-04-29 19:14:00,602.44,0,1,0,0,0,0,0,0.00,0,0.00,4.77,2.76,3.36,0.83,D,3.50,12.00,12.00,2.65,1.89,^,0.00,,18.40,12.20,504,0.00,46.1,1,0,0.83,0.00,0.00,12.00,0.00,0.00,0,0,0.00,0
2026-04-29 19:14:01,603.45,0,1,0,0,0,0,0,0.00,0,0.00,4.77,2.76,3.41,0.83,D,3.50,12.00,12.00,2.10,2.01,^,0.00,,16.20,12.20,504,0.00,47.2,1,0,0.83,0.00,0.00,12.00,0.00,0.00,0,0,0.00,0
2026-04-29 19:14:02,604.45,0,1,0,0,0,0,0,0.00,0,0.00,4.77,2.77,3.36,0.72,D,3.50,12.00,12.00,2.15,2.39,^,0.00,,17.70,12.20,504,0.00,45.5,1,0,0.84,0.00,0.00,12.00,0.00,0.00,0,0,0.00,0
2026-04-29 19:14:03,605.46,0,1,0,0,0,0,0,0.00,0,0.00,4.77,2.77,3.31,0.85,D,3.50,1.85,14.40,1.39,1.51,WARN_WARNING,0.00,,18.10,12.20,504,0.00,46.6,1,0,0.88,0.00,0.00,1.85,0.00,0.00,0,0,0.00,0
2026-04-29 19:14:04,606.46,0,0,0,0,0,0,0,0.00,0,1.00,4.77,2.77,3.85,1.00,D,3.50,12.00,12.00,0.84,0.97,^,0.00,,17.10,12.20,504,0.00,46.1,1,0,0.00,0.00,0.00,12.00,0.00,0.00,0,0,0.00,0
2026-04-29 19:14:05,607.47,0,0,0,0,0,0,0,0.00,0,1.00,4.77,2.77,4.27,1.00,D,3.50,12.00,12.00,1.06,0.90,^,0.00,,18.80,12.20,504,0.00,47.2,1,0,0.00,0.00,0.00,12.00,0.00,0.00,0,0,0.00,0
2026-04-29 19:14:06,608.48,0,0,0,0,0,0,0,0.00,0,1.00,4.77,2.77,4.48,1.00,D,3.50,12.00,12.00,12.00,1.96,^,0.00,,18.80,12.20,504,0.00,47.2,1,0,0.00,0.00,0.00,12.00,0.00,0.00,0,0,0.00,0
2026-04-29 19:14:07,609.49,0,0,0,0,0,0,0,0.00,0,1.00,4.77,2.78,4.49,1.00,D,3.50,12.00,13.91,12.00,12.00,^,0.00,,17.40,12.20,504,0.00,47.2,1,0,0.00,0.00,0.00,12.00,0.00,0.00,0,0,0.00,0
2026-04-29 19:14:08,610.50,0,0,0,0,0,0,0,0.00,0,1.00,4.77,2.78,4.28,1.00,D,3.50,12.00,12.00,12.00,14.04,^,0.00,,18.10,12.20,504,0.00,46.1,1,0,0.00,0.00,0.00,12.00,0.00,0.00,0,0,0.00,0
2026-04-29 19:14:09,611.62,0,0,0,0,0,0,0,0.00,0,0.00,4.77,2.78,4.35,0.75,D,3.50,12.00,12.00,12.00,12.00,^,0.00,,17.60,12.20,504,0.00,46.1,1,0,0.00,0.00,0.00,12.00,0.00,0.00,0,0,0.00,0
2026-04-29 19:14:10,612.52,0,0,0,0,0,0,0,0.00,0,0.00,4.77,2.78,0.48,0.00,D,3.50,12.00,12.00,2.42,15.24,^,0.00,,13.80,12.20,504,0.00,47.2,1,0,0.00,0.00,0.00,12.00,0.00,0.00,0,0,0.00,0
2026-04-29 19:14:11,613.52,0,0,0,0,0,0,0,0.00,0,0.00,4.77,2.78,0.00,0.00,D,3.50,12.00,12.00,2.54,14.82,^,0.00,,14.40,12.20,504,0.63,46.1,1,0,0.00,0.00,0.00,12.00,0.00,0.00,0,0,0.00,0
2026-04-29 19:14:12,614.53,0,0,0,0,0,0,0,0.00,0,0.00,4.77,2.77,0.00,0.00,D,3.50,12.00,12.00,2.52,1.96,^,0.00,,14.90,12.20,504,1.64,47.7,1,0,0.00,0.00,0.00,12.00,0.00,0.00,0,0,0.00,0
2026-04-29 19:14:13,615.54,0,0,0,0,0,0,0,0.00,0,1.00,4.77,2.77,0.09,0.46,D,3.50,12.00,12.00,2.52,1.15,^,0.00,,13.20,12.20,504,0.00,46.6,1,0,0.00,0.00,0.00,12.00,0.00,0.00,0,0,0.00,0
2026-04-29 19:14:14,616.55,0,0,0,0,0,0,0,0.00,0,0.37,4.77,2.77,2.11,0.93,D,3.50,12.00,12.00,2.22,0.80,^,0.00,,16.00,12.20,504,0.00,46.6,1,0,0.00,0.00,0.00,12.00,0.00,0.00,0,0,0.00,0
2026-04-29 19:14:15,617.57,0,0,0,0,0,0,0,0.00,0,0.00,4.77,2.77,2.99,0.33,D,3.50,12.00,12.00,1.99,1.39,^,0.00,,18.30,12.20,504,0.00,47.2,1,0,0.00,0.00,0.00,12.00,0.00,0.00,0,0,0.00,0
2026-04-29 19:14:16,618.58,0,0,0,0,0,0,0,0.00,0,0.52,4.77,2.77,1.98,0.06,D,3.50,12.00,2.53,1.84,1.54,^,0.00,,16.90,12.20,504,0.00,46.6,1,0,0.00,0.00,0.00,12.00,0.00,0.00,0,0,0.00,0
2026-04-29 19:14:17,619.59,0,0,0,0,0,0,0,-0.29,0,1.00,4.77,2.76,1.31,0.57,D,3.50,12.00,2.11,1.66,1.41,^,0.00,,17.00,12.20,504,0.00,47.2,1,0,0.00,0.00,0.00,12.00,0.00,0.00,0,0,0.00,0
2026-04-29 19:14:18,620.60,0,0,0,0,0,0,0,0.00,0,1.00,4.77,2.76,2.20,0.69,D,3.50,12.00,1.52,12.00,1.23,^,0.00,,17.10,12.20,504,0.00,47.2,1,0,0.00,0.00,0.00,12.00,0.00,0.00,0,0,0.00,0
2026-04-29 19:14:19,621.60,0,0,0,0,0,0,0,0.00,0,0.00,4.77,2.76,3.03,0.68,D,3.50,12.00,12.00,12.00,1.04,^,0.00,,17.00,12.20,504,0.00,46.6,1,0,0.00,0.00,0.00,12.00,0.00,0.00,0,0,0.00,0
2026-04-29 19:14:20,622.61,0,0,0,0,0,0,0,0.00,0,1.00,4.77,2.76,2.61,0.60,D,3.50,2.52,1.90,12.00,1.39,^,0.00,,17.10,12.20,504,0.00,46.6,1,0,0.00,0.00,0.00,2.52,0.00,0.00,0,0,0.00,0
2026-04-29 19:14:21,623.62,0,0,0,0,0,0,0,0.00,0,0.51,4.77,2.76,3.43,0.96,D,3.50,12.00,1.17,1.50,1.18,^,0.00,,18.60,12.20,504,0.00,46.1,1,0,0.00,0.00,0.00,12.00,0.00,0.00,0,0,0.00,0
2026-04-29 19:14:22,624.63,0,0,0,0,0,0,0,0.00,0,1.00,4.77,2.76,3.84,0.53,D,3.50,12.00,12.00,12.00,1.11,^,0.00,,14.80,12.20,504,0.00,47.7,1,0,0.00,0.00,0.00,12.00,0.00,0.00,0,0,0.00,0
2026-04-29 19:14:23,625.74,0,0,0,0,0,0,0,1.00,0,1.00,4.77,2.76,3.00,0.12,D,3.50,12.00,12.00,12.00,1.78,^,0.00,,15.20,12.20,504,0.00,47.7,1,0,0.00,0.00,0.00,12.00,0.00,0.00,0,0,0.00,0
2026-04-29 19:14:24,626.64,0,0,0,0,0,0,0,0.00,0,0.00,4.77,2.76,2.37,0.18,D,3.50,12.00,12.00,12.00,1.73,^,0.00,,15.20,12.20,504,0.00,47.7,1,0,0.00,0.00,0.00,12.00,0.00,0.00,0,0,0.00,0
2026-04-29 19:14:25,627.75,0,0,0,0,0,0,0,0.00,0,1.00,4.77,2.76,1.89,0.58,D,3.50,12.00,12.00,12.00,1.41,^,0.00,,12.00,12.20,504,0.00,47.2,1,0,0.00,0.00,0.00,12.00,0.00,0.00,0,0,0.00,0
2026-04-29 19:14:26,628.66,0,0,0,0,0,0,0,0.00,0,1.00,4.77,2.76,2.92,1.00,D,3.50,12.00,12.00,12.00,1.03,^,0.00,,13.90,12.20,504,0.00,47.7,1,0,0.00,0.00,0.00,12.00,0.00,0.00,0,0,0.00,0
2026-04-29 19:14:27,629.67,0,0,0,0,0,0,0,0.19,0,1.00,4.77,2.76,3.61,1.00,D,3.50,12.00,12.00,12.00,0.94,^,0.00,,16.10,12.20,504,0.00,46.6,1,0,0.00,0.00,0.00,12.00,0.00,0.00,0,0,0.00,0
2026-04-29 19:14:28,630.68,0,0,0,0,0,0,0,0.22,0,1.00,4.77,2.76,3.49,1.00,D,3.50,12.00,12.00,12.00,1.18,^,0.00,,16.80,12.20,504,0.00,47.2,1,0,0.00,0.00,0.00,12.00,0.00,0.00,0,0,0.00,0
2026-04-29 19:14:29,631.79,0,0,0,0,0,0,0,0.17,0,1.00,4.77,2.77,3.40,1.00,D,3.50,12.00,12.00,12.00,1.52,^,0.00,,15.70,12.20,504,0.00,46.1,1,0,0.00,0.00,0.00,12.00,0.00,0.00,0,0,0.00,0
2026-04-29 19:14:30,632.70,0,0,0,0,0,0,0,-0.16,0,1.00,4.77,2.77,3.30,1.00,D,3.50,12.00,12.00,2.27,1.68,^,0.00,,14.10,12.20,504,0.00,46.1,1,0,0.00,0.00,0.00,12.00,0.00,0.00,0,0,0.00,0
2026-04-29 19:14:31,633.71,0,0,0,0,0,0,0,0.00,0,1.00,4.77,2.77,3.55,1.00,D,3.50,12.00,12.00,12.00,2.38,^,0.00,,13.80,12.20,504,0.00,47.7,1,0,0.00,0.00,0.00,12.00,0.00,0.00,0,0,0.00,0
2026-04-29 19:14:32,634.72,0,0,0,0,0,0,0,-0.71,0,1.00,4.77,2.77,3.83,1.00,D,3.50,2.96,3.03,1.89,12.00,^,0.00,,14.60,12.20,504,0.00,48.8,1,0,0.00,0.00,0.00,2.96,0.00,0.00,0,0,0.00,0
2026-04-29 19:14:33,635.74,0,0,0,0,0,0,0,0.00,0,1.00,4.77,2.77,3.23,1.00,D,3.50,12.00,12.00,1.82,1.82,^,0.00,,15.30,12.20,504,0.00,47.2,1,0,0.00,0.00,0.00,12.00,0.00,0.00,0,0,0.00,0
2026-04-29 19:14:34,636.75,0,0,0,0,0,0,0,0.00,1,1.00,4.77,2.77,4.16,0.78,D,3.50,2.00,2.43,1.92,2.27,WARN_WARNING,0.00,,15.50,12.20,504,0.00,48.3,1,0,0.00,0.00,0.00,2.00,0.00,0.00,0,0,0.00,0
2026-04-29 19:14:35,637.76,0,0,0,0,0,0,0,0.00,0,0.00,4.77,2.77,0.00,0.00,D,3.50,1.53,1.60,1.58,2.29,^,0.00,,13.40,12.20,504,0.31,46.6,1,0,0.00,0.00,0.00,1.53,0.00,0.00,0,0,0.00,0
2026-04-29 19:14:36,638.77,0,0,0,0,0,0,0,0.00,0,0.00,4.77,2.77,0.00,0.00,D,3.50,1.53,1.61,1.59,1.98,^,0.00,,14.50,12.20,504,1.32,47.2,1,0,0.00,0.00,0.00,1.53,0.00,0.00,0,0,0.00,0
2026-04-29 19:14:37,639.78,0,0,0,0,0,0,0,0.00,0,0.00,4.77,2.76,0.00,0.00,D,3.50,1.53,1.61,1.58,1.06,^,0.00,,13.80,12.20,504,2.33,46.1,1,0,0.00,0.00,0.00,1.53,0.00,0.00,0,0,0.00,0
2026-04-29 19:14:38,640.79,0,0,0,0,0,0,0,0.00,0,0.00,4.77,2.76,0.00,0.00,D,3.50,1.53,1.60,0.68,0.67,^,0.00,,14.50,12.20,504,3.35,46.1,1,0,0.00,0.00,0.00,1.53,0.00,0.00,0,0,0.00,0
2026-04-29 19:14:39,641.81,0,0,0,1,0,0,0,0.00,0,0.00,4.77,2.75,0.00,-0.00,R,3.50,0.73,1.60,0.72,2.29,WARN_WARNING,0.00,,15.00,12.20,504,4.36,46.1,1,0,0.00,0.00,0.00,0.73,0.00,0.00,0,0,0.00,0
2026-04-29 19:14:40,642.92,0,0,0,0,0,0,0,0.00,0,0.00,4.77,2.75,0.00,-0.00,R,3.50,0.91,1.60,1.59,2.29,WARN_WARNING,0.00,,16.10,12.20,504,5.47,46.6,1,0,0.00,0.00,0.00,0.91,0.00,0.00,0,0,0.00,0
2026-04-29 19:14:41,643.82,0,0,0,0,0,0,0,0.00,0,0.00,4.77,2.74,0.00,-0.00,R,3.50,1.10,1.61,1.59,2.30,WARN_WARNING,0.00,,15.70,12.20,504,6.38,45.5,1,0,0.00,0.00,0.00,1.10,0.00,0.00,0,0,0.00,0
2026-04-29 19:14:42,644.82,0,0,0,0,0,0,0,0.00,0,0.00,4.77,2.74,0.00,-0.00,R,3.50,1.10,1.60,1.59,2.32,WARN_WARNING,0.00,,14.60,12.20,504,7.38,45.5,1,0,0.00,0.00,0.00,1.10,0.00,0.00,0,0,0.00,0
2026-04-29 19:14:43,645.82,0,0,0,0,0,0,0,0.00,0,0.00,4.77,2.74,0.00,-0.00,R,3.50,1.10,1.60,1.59,2.21,WARN_WARNING,0.00,,14.40,12.20,504,8.38,46.1,1,0,0.00,0.00,0.00,1.10,0.00,0.00,0,0,0.00,0
2026-04-29 19:14:44,646.84,0,0,0,0,0,0,0,0.00,0,0.00,4.77,2.73,0.00,-0.00,R,3.50,1.02,0.96,1.59,2.26,WARN_WARNING,0.00,,16.30,12.20,504,9.39,45.0,1,0,0.00,0.00,0.00,1.02,0.00,0.00,0,0,0.00,0
2026-04-29 19:14:45,647.95,0,0,0,0,0,0,0,0.00,0,0.00,4.77,2.73,0.00,-0.00,R,3.50,1.53,0.48,1.58,2.25,^,0.00,,14.60,12.20,504,10.50,46.1,1,0,0.00,0.00,0.00,1.53,0.00,0.00,0,0,0.00,0
2026-04-29 19:14:46,648.85,0,0,0,0,0,0,0,0.00,0,0.00,4.77,2.72,0.00,-0.00,R,3.50,1.54,1.60,1.59,0.67,^,0.00,,14.00,12.20,504,11.41,45.0,1,0,0.00,0.00,0.00,1.54,0.00,0.00,0,0,0.00,0
2026-04-29 19:14:47,649.86,0,0,0,0,0,0,0,0.00,0,0.00,4.77,2.72,0.00,-0.00,R,3.50,1.93,1.60,3.56,0.75,^,0.00,,13.60,12.10,504,12.42,45.0,1,0,0.00,0.00,0.00,1.93,0.00,0.00,0,0,0.00,0
2026-04-29 19:14:48,650.87,0,0,0,0,0,0,0,0.00,0,0.00,4.77,2.71,0.00,-0.00,R,3.50,1.93,1.61,3.56,0.78,^,0.00,,15.10,12.20,504,13.43,44.4,1,0,0.00,0.00,0.00,1.93,0.00,0.00,0,0,0.00,0
2026-04-29 19:14:49,651.89,0,0,0,0,0,0,0,0.00,0,0.00,4.77,2.71,0.00,-0.00,R,3.50,1.93,1.60,3.56,1.23,^,0.00,,14.40,12.20,504,14.44,46.1,1,0,0.00,0.00,0.00,1.93,0.00,0.00,0,0,0.00,0
2026-04-29 19:14:50,652.90,0,0,0,0,0,0,0,0.00,0,0.00,4.77,2.71,0.00,-0.00,R,3.50,1.93,1.60,3.56,1.44,^,0.00,,14.40,12.20,504,15.45,46.1,1,0,0.00,0.00,0.00,1.93,0.00,0.00,0,0,0.00,0
2026-04-29 19:14:51,653.91,0,0,0,0,0,0,0,0.00,0,0.00,4.77,2.70,0.00,-0.00,R,3.50,1.93,1.60,3.56,1.45,^,0.00,,14.90,12.20,504,16.47,46.1,1,0,0.00,0.00,0.00,1.93,0.00,0.00,0,0,0.00,0
2026-04-29 19:14:52,654.93,0,0,1,0,0,0,0,0.00,0,0.00,4.77,2.70,0.00,0.00,N,3.50,1.93,1.60,3.56,1.30,^,0.00,,13.30,12.10,504,17.48,45.5,1,0,0.00,0.00,0.00,1.93,0.00,0.00,0,0,0.00,0
2026-04-29 19:14:53,656.04,0,0,1,0,0,0,0,0.00,0,1.00,4.77,2.69,0.00,0.38,D,3.50,1.93,1.60,3.56,0.92,^,0.00,,13.90,12.20,504,0.05,45.0,1,0,0.00,0.00,0.00,1.93,0.00,0.00,0,0,0.00,0
2026-04-29 19:14:54,656.95,0,0,0,0,0,0,0,0.28,0,1.00,4.77,2.69,1.04,0.88,D,3.50,2.26,1.56,2.16,0.60,^,0.00,,16.10,12.20,504,0.00,45.5,1,0,0.00,0.00,0.00,2.26,0.00,0.00,0,0,0.00,0
2026-04-29 19:14:55,657.96,0,0,0,0,0,0,0,0.00,0,0.95,4.77,2.69,2.65,0.69,D,3.50,12.00,1.42,3.22,1.03,^,0.00,,17.10,12.20,504,0.00,46.1,1,0,0.00,0.00,0.00,12.00,0.00,0.00,0,0,0.00,0
2026-04-29 19:14:56,658.96,0,0,0,0,0,0,0,0.00,0,0.68,4.77,2.69,2.07,0.61,D,3.50,2.96,1.51,0.64,1.30,^,0.00,,15.90,12.20,504,0.00,46.6,1,0,0.00,0.00,0.00,2.96,0.00,0.00,0,0,0.00,0
2026-04-29 19:14:57,659.96,0,0,0,0,0,0,0,0.00,0,0.68,4.77,2.69,2.49,0.66,D,3.50,2.81,1.45,0.55,0.52,^,0.00,,18.20,12.20,504,0.00,45.5,1,0,0.00,0.00,0.00,2.81,0.00,0.00,0,0,0.00,0
2026-04-29 19:14:58,660.97,0,0,0,0,0,0,0,0.00,1,0.00,4.77,2.69,3.33,0.00,D,3.50,1.04,1.33,0.91,1.11,STOP_WARNING,0.00,aeb_stop,18.00,12.20,504,0.00,46.1,1,1,0.00,0.00,0.00,1.04,0.00,0.00,0,0,0.00,0
2026-04-29 19:15:00,662.08,0,0,0,1,0,0,0,-0.99,0,1.00,4.77,2.68,0.00,-0.07,R,3.50,0.99,1.43,0.70,1.27,WARN_WARNING,0.00,,16.40,12.20,504,0.48,46.1,1,0,0.00,0.00,0.00,0.99,0.00,0.00,0,0,0.00,0
2026-04-29 19:15:00,662.99,0,0,0,0,0,0,0,-0.99,0,0.00,4.77,2.68,0.22,-0.49,R,3.50,0.88,1.43,0.71,1.14,WARN_WARNING,0.00,,16.80,12.10,504,0.00,45.0,0,0,0.00,0.00,0.00,0.88,0.00,0.00,0,0,0.00,0
2026-04-29 19:15:02,664.10,0,0,1,0,0,0,0,-0.94,0,1.00,4.77,2.68,0.00,0.25,D,3.50,0.74,1.49,12.00,1.09,WARN_WARNING,0.00,,16.70,12.20,504,0.59,45.5,0,0,0.00,0.00,0.00,0.74,0.00,0.00,0,0,0.00,0
2026-04-29 19:15:02,665.01,0,0,0,0,0,0,0,-0.26,0,1.00,4.77,2.67,0.38,0.75,D,3.50,0.78,1.45,0.71,0.67,WARN_WARNING,0.00,,15.20,12.20,504,0.00,45.5,0,0,0.00,0.00,0.00,0.78,0.00,0.00,0,0,0.00,0
2026-04-29 19:15:03,666.02,0,0,0,0,0,0,0,0.78,0,1.00,4.77,2.67,3.59,1.00,D,3.50,0.96,0.68,0.52,0.50,STOP_WARNING,0.00,,17.70,12.20,504,0.00,44.4,0,0,0.00,0.00,0.00,0.96,0.00,0.00,0,0,0.00,0
2026-04-29 19:15:04,667.03,0,0,0,0,0,0,0,-1.00,0,0.00,4.77,2.67,2.24,0.43,D,3.50,1.47,0.94,1.15,0.51,^,0.00,,18.00,12.20,504,0.00,44.4,0,0,0.00,0.00,0.00,1.47,0.00,0.00,0,0,0.00,0
2026-04-29 19:15:05,668.04,0,0,0,1,0,0,0,1.00,0,1.00,4.77,2.67,1.03,-0.23,R,3.50,0.29,0.63,0.82,1.11,STOP_WARNING,0.00,,15.20,12.20,504,0.00,46.1,0,0,0.00,0.00,0.00,0.29,0.00,0.00,0,0,0.00,0
2026-04-29 19:15:06,669.06,0,0,0,0,0,0,0,1.00,0,1.00,4.77,2.67,0.76,-0.74,R,3.50,0.32,0.62,0.34,1.05,STOP_WARNING,0.00,,15.10,12.20,504,0.00,45.5,0,0,0.00,0.00,0.00,0.32,0.00,0.00,0,0,0.00,0
2026-04-29 19:15:08,670.07,0,0,1,0,0,0,0,-1.00,0,1.00,4.77,2.67,0.29,0.09,D,3.50,1.01,0.81,0.77,0.91,WARN_WARNING,0.00,,17.40,12.20,504,0.00,46.1,0,0,0.00,0.00,0.00,1.01,0.00,0.00,0,0,0.00,0
2026-04-29 19:15:09,671.08,0,0,0,0,0,0,0,0.00,0,1.00,4.77,2.66,0.78,0.59,D,3.50,0.92,0.72,0.68,0.72,WARN_WARNING,0.00,,15.00,12.20,504,0.00,46.1,0,0,0.00,0.00,0.00,0.92,0.00,0.00,0,0,0.00,0
2026-04-29 19:15:09,671.52,0,0,0,0,1,0,0,0.00,0,0.00,4.77,2.66,1.53,0.43,D,3.50,0.96,0.61,0.68,0.67,WARN_WARNING,0.00,,16.20,12.20,504,0.00,46.1,0,0,0.00,0.00,0.00,0.96,0.00,0.00,0,0,0.00,0
