Current Time,Time Since Program Started (s),Autonomous Mode (On/Off),Cruise Control (Active/Inactive),Shift Up PRND (Event),Shift Down PRND (Event),Quit (Event),Increase CC (Event),Decrease CC (Event),Steer (Value),Brake (On/Off),Gas (Value),Maximum Speed Recall (MPH),Average Speed (MPH),Current Speed (MPH),Motor PWM Value,Gear Mode,Cruise Control Target Speed (MPH),LiDAR Front Distance (m),LiDAR Left Distance (m),LiDAR Right Distance (m),LiDAR Back Distance (m),LiDAR Determined Direction,Target Heading (deg),Stop Reason,CPU Usage (%),Memory Usage (%),Number of LiDAR Points in Scan,Time Since Last Hall Sensor Pulse (s),CPU Temp (C),AEB Enabled (On/Off),AEB Triggered (On/Off),PID Output (Cruise Control),LiDAR Best Heading (deg),LiDAR Heading Confidence,LiDAR Forward Clearance (m),Camera Steering Bias,Camera Confidence,Camera Left Edge Found,Camera Right Edge Found,Camera Corridor Width (px),Driveway Cut Suspected
2026-05-10 18:28:41,4.30,0,0,0,0,0,0,0,0.00,1,0.00,0.00,0.00,0.00,0.00,P,0.00,1.56,0.88,1.72,1.34,^,0.00,,28.80,13.40,504,4.30,42.8,1,0,0.00,0.00,0.00,1.56,0.00,0.00,0,0,0.00,0
2026-05-10 18:28:42,5.31,0,0,0,0,0,0,0,0.00,1,0.00,0.00,0.00,0.00,0.00,P,0.00,1.56,0.88,1.72,1.34,^,0.00,,36.10,13.40,504,5.31,41.1,1,0,0.00,0.00,0.00,1.56,0.00,0.00,0,0,0.00,0
2026-05-10 18:28:43,6.34,0,0,0,0,0,0,0,0.00,1,0.00,0.00,0.00,0.00,0.00,P,0.00,1.56,0.88,1.73,1.34,^,0.00,,34.80,13.50,504,6.34,42.2,1,0,0.00,0.00,0.00,1.56,0.00,0.00,0,0,0.00,0
2026-05-10 18:28:44,7.36,0,0,0,0,0,0,0,0.00,1,0.00,0.00,0.00,0.00,0.00,P,0.00,1.56,0.88,1.73,1.34,^,0.00,,35.50,13.50,504,7.36,43.3,1,0,0.00,0.00,0.00,1.56,0.00,0.00,0,0,0.00,0
2026-05-10 18:28:45,8.36,0,0,0,0,0,0,0,0.00,1,0.00,0.00,0.00,0.00,0.00,P,0.00,1.56,0.88,1.73,1.34,^,0.00,,36.10,13.50,504,8.36,42.8,1,0,0.00,0.00,0.00,1.56,0.00,0.00,0,0,0.00,0
2026-05-10 18:28:46,9.40,0,0,0,0,0,0,0,0.00,1,0.00,0.00,0.00,0.00,0.00,P,0.00,1.56,0.88,1.72,1.34,^,0.00,,35.70,13.50,504,9.40,43.3,1,0,0.00,0.00,0.00,1.56,0.00,0.00,0,0,0.00,0
2026-05-10 18:28:47,10.40,0,0,0,0,0,0,0,0.00,1,0.00,0.00,0.00,0.00,0.00,P,0.00,1.56,0.88,1.72,1.34,^,0.00,,36.30,13.50,504,10.40,45.0,1,0,0.00,0.00,0.00,1.56,0.00,0.00,0,0,0.00,0
2026-05-10 18:28:48,11.41,0,0,0,0,0,0,0,0.00,1,0.00,0.00,0.00,0.00,0.00,P,0.00,1.56,0.88,1.72,1.34,^,0.00,,36.70,13.50,504,11.41,45.0,1,0,0.00,0.00,0.00,1.56,0.00,0.00,0,0,0.00,0
2026-05-10 18:28:49,12.42,0,0,0,0,0,0,0,0.00,1,0.00,0.00,0.00,0.00,0.00,P,0.00,1.56,0.88,1.72,1.34,^,0.00,,36.30,13.50,504,12.42,45.0,1,0,0.00,0.00,0.00,1.56,0.00,0.00,0,0,0.00,0
2026-05-10 18:28:50,13.42,0,0,0,0,0,0,0,0.00,1,0.00,0.00,0.00,0.00,0.00,P,0.00,1.56,0.88,1.73,1.34,^,0.00,,38.10,13.40,504,0.68,46.6,1,0,0.00,0.00,0.00,1.56,0.00,0.00,0,0,0.00,0
2026-05-10 18:28:51,14.42,0,0,0,0,0,0,0,0.00,1,0.00,0.00,0.00,0.00,0.00,P,0.00,1.56,0.88,1.72,1.34,^,0.00,,36.00,13.40,504,1.68,46.6,1,0,0.00,0.00,0.00,1.56,0.00,0.00,0,0,0.00,0
2026-05-10 18:28:52,15.44,0,0,0,0,0,0,0,0.00,1,0.00,0.00,0.00,0.00,0.00,P,0.00,1.56,0.88,1.73,1.34,^,0.00,,35.60,13.40,504,2.69,45.0,1,0,0.00,0.00,0.00,1.56,0.00,0.00,0,0,0.00,0
2026-05-10 18:28:53,16.44,0,0,0,0,0,0,0,0.00,1,0.00,0.00,0.00,0.00,0.00,P,0.00,1.56,0.88,1.72,1.34,^,0.00,,36.90,13.40,504,3.69,46.6,1,0,0.00,0.00,0.00,1.56,0.00,0.00,0,0,0.00,0
2026-05-10 18:28:54,17.44,0,0,0,0,0,0,0,0.00,1,0.00,0.00,0.00,0.00,0.00,P,0.00,1.56,0.88,1.73,1.34,^,0.00,,36.20,13.40,504,4.69,47.2,1,0,0.00,0.00,0.00,1.56,0.00,0.00,0,0,0.00,0
2026-05-10 18:28:55,18.46,0,0,0,0,0,0,0,0.00,1,0.00,0.00,0.00,0.00,0.00,P,0.00,1.56,0.88,1.73,1.34,^,0.00,,36.60,13.30,504,5.72,46.6,1,0,0.00,0.00,0.00,1.56,0.00,0.00,0,0,0.00,0
2026-05-10 18:28:56,19.48,0,0,0,0,0,0,0,0.00,1,0.00,0.00,0.00,0.00,0.00,P,0.00,1.56,0.88,1.72,1.34,^,0.00,,35.50,13.30,504,6.74,46.6,1,0,0.00,0.00,0.00,1.56,0.00,0.00,0,0,0.00,0
2026-05-10 18:28:57,20.49,0,0,0,0,0,0,0,0.00,1,0.00,0.00,0.00,0.00,0.00,P,0.00,1.56,0.88,1.72,1.34,^,0.00,,37.10,13.20,504,7.75,45.5,1,0,0.00,0.00,0.00,1.56,0.00,0.00,0,0,0.00,0
2026-05-10 18:28:58,21.51,0,0,0,0,0,0,0,0.00,1,0.00,0.00,0.00,0.00,0.00,P,0.00,1.56,0.87,1.73,1.34,^,0.00,,36.60,13.20,504,8.76,46.1,1,0,0.00,0.00,0.00,1.56,0.00,0.00,0,0,0.00,0
2026-05-10 18:28:59,22.51,0,0,0,0,0,0,0,0.00,1,0.00,0.00,0.00,0.00,0.00,P,0.00,1.56,0.88,1.73,1.34,^,0.00,,37.30,13.10,504,0.04,47.7,1,0,0.00,0.00,0.00,1.56,0.00,0.00,0,0,0.00,0
2026-05-10 18:29:00,23.53,0,0,0,0,0,0,0,0.00,1,0.00,0.00,0.00,0.00,0.00,P,0.00,1.56,0.88,1.72,1.34,^,0.00,,36.00,13.10,504,1.06,48.3,1,0,0.00,0.00,0.00,1.56,0.00,0.00,0,0,0.00,0
2026-05-10 18:29:01,24.54,0,0,0,0,0,0,0,0.00,1,0.00,0.00,0.00,0.00,0.00,P,0.00,1.56,0.87,1.73,1.34,^,0.00,,36.20,13.10,504,0.80,49.9,1,0,0.00,0.00,0.00,1.56,0.00,0.00,0,0,0.00,0
2026-05-10 18:29:02,25.55,0,0,0,0,0,0,0,0.00,1,0.00,0.00,0.00,0.00,0.00,P,0.00,1.56,0.88,1.73,1.34,^,0.00,,35.90,13.10,504,0.45,47.2,1,0,0.00,0.00,0.00,1.56,0.00,0.00,0,0,0.00,0
2026-05-10 18:29:03,26.55,0,0,0,0,0,0,0,0.00,1,0.00,0.00,0.00,0.00,0.00,P,0.00,1.56,0.88,1.73,1.34,^,0.00,,34.70,13.00,504,1.45,46.1,1,0,0.00,0.00,0.00,1.56,0.00,0.00,0,0,0.00,0
2026-05-10 18:29:04,27.57,0,0,0,0,0,0,0,0.00,1,0.00,0.00,0.00,0.00,0.00,P,0.00,1.56,0.88,1.73,1.34,^,0.00,,37.50,13.00,504,2.47,47.7,1,0,0.00,0.00,0.00,1.56,0.00,0.00,0,0,0.00,0
2026-05-10 18:29:05,28.58,0,0,0,0,0,0,0,0.00,1,0.00,0.00,0.00,0.00,0.00,P,0.00,1.56,0.88,1.73,1.34,^,0.00,,35.70,13.10,504,3.48,48.8,1,0,0.00,0.00,0.00,1.56,0.00,0.00,0,0,0.00,0
2026-05-10 18:29:06,29.59,0,0,0,0,0,0,0,0.00,1,0.00,0.00,0.00,0.00,0.00,P,0.00,1.56,0.88,1.72,1.34,^,0.00,,36.10,13.10,504,4.49,48.3,1,0,0.00,0.00,0.00,1.56,0.00,0.00,0,0,0.00,0
2026-05-10 18:29:07,30.71,0,0,0,0,0,0,0,0.00,1,0.00,0.00,0.00,0.00,0.00,P,0.00,1.56,0.88,1.72,1.34,^,0.00,,34.30,13.00,504,0.34,48.3,1,0,0.00,0.00,0.00,1.56,0.00,0.00,0,0,0.00,0
2026-05-10 18:29:08,31.61,0,0,0,0,0,0,0,0.00,1,0.00,0.00,0.00,0.00,0.00,P,0.00,1.56,0.88,1.73,1.34,^,0.00,,35.90,13.00,504,0.04,48.8,1,0,0.00,0.00,0.00,1.56,0.00,0.00,0,0,0.00,0
2026-05-10 18:29:09,32.63,0,0,0,0,0,0,0,0.00,1,0.00,0.00,0.00,0.00,0.00,P,0.00,1.56,0.88,1.72,1.34,^,0.00,,36.80,13.00,504,0.14,48.8,1,0,0.00,0.00,0.00,1.56,0.00,0.00,0,0,0.00,0
2026-05-10 18:29:10,33.64,0,0,0,0,0,0,0,0.00,1,0.00,0.00,0.00,0.00,0.00,P,0.00,1.56,0.88,1.73,1.34,^,0.00,,35.40,13.00,504,1.15,48.8,1,0,0.00,0.00,0.00,1.56,0.00,0.00,0,0,0.00,0
2026-05-10 18:29:11,34.65,0,0,0,0,0,0,0,0.00,1,0.00,0.00,0.00,0.00,0.00,P,0.00,1.56,0.88,1.72,1.34,^,0.00,,36.60,13.00,504,2.16,49.4,1,0,0.00,0.00,0.00,1.56,0.00,0.00,0,0,0.00,0
2026-05-10 18:29:12,35.65,0,0,0,0,0,0,0,0.00,1,0.00,0.00,0.00,0.00,0.00,P,0.00,1.56,0.88,1.73,1.34,^,0.00,,35.60,13.00,504,3.16,48.8,1,0,0.00,0.00,0.00,1.56,0.00,0.00,0,0,0.00,0
2026-05-10 18:29:13,36.67,0,0,0,0,0,0,0,0.00,1,0.00,0.00,0.00,0.00,0.00,P,0.00,1.56,0.88,1.72,1.34,^,0.00,,35.40,13.00,504,4.18,47.7,1,0,0.00,0.00,0.00,1.56,0.00,0.00,0,0,0.00,0
2026-05-10 18:29:14,37.67,0,0,0,0,0,0,0,0.00,1,0.00,0.00,0.00,0.00,0.00,P,0.00,1.56,0.88,1.72,1.34,^,0.00,,35.90,13.00,504,5.18,49.9,1,0,0.00,0.00,0.00,1.56,0.00,0.00,0,0,0.00,0
2026-05-10 18:29:15,38.69,0,0,0,0,0,0,0,0.00,1,0.00,0.00,0.00,0.00,0.00,P,0.00,1.56,0.87,1.73,1.34,^,0.00,,35.40,12.90,504,6.20,50.5,1,0,0.00,0.00,0.00,1.56,0.00,0.00,0,0,0.00,0
2026-05-10 18:29:16,39.80,0,0,0,0,0,0,0,0.00,1,0.00,0.00,0.00,0.00,0.00,P,0.00,1.56,0.88,1.72,1.34,^,0.00,,34.50,12.90,504,7.31,48.3,1,0,0.00,0.00,0.00,1.56,0.00,0.00,0,0,0.00,0
2026-05-10 18:29:17,40.72,0,0,0,0,0,0,0,0.00,1,0.00,0.00,0.00,0.00,0.00,P,0.00,1.56,0.88,1.72,1.34,^,0.00,,35.40,12.90,504,8.23,48.8,1,0,0.00,0.00,0.00,1.56,0.00,0.00,0,0,0.00,0
2026-05-10 18:29:18,41.72,0,0,0,0,0,0,0,0.00,1,0.00,0.00,0.00,0.00,0.00,P,0.00,1.56,0.88,1.72,1.34,^,0.00,,36.00,12.90,504,9.23,48.3,1,0,0.00,0.00,0.00,1.56,0.00,0.00,0,0,0.00,0
2026-05-10 18:29:19,42.74,0,0,0,0,0,0,0,0.00,1,0.00,0.00,0.00,0.00,0.00,P,0.00,1.56,0.88,1.73,1.34,^,0.00,,36.80,12.90,504,10.25,47.7,1,0,0.00,0.00,0.00,1.56,0.00,0.00,0,0,0.00,0
2026-05-10 18:29:20,43.76,0,0,0,0,0,0,0,0.00,1,0.00,0.00,0.00,0.00,0.00,P,0.00,1.56,0.88,1.72,1.34,^,0.00,,36.30,13.00,504,11.27,47.7,1,0,0.00,0.00,0.00,1.56,0.00,0.00,0,0,0.00,0
2026-05-10 18:29:21,44.77,0,0,0,0,0,0,0,0.00,1,0.00,0.00,0.00,0.00,0.00,P,0.00,1.56,0.88,1.73,1.34,^,0.00,,36.30,12.90,504,12.28,49.4,1,0,0.00,0.00,0.00,1.56,0.00,0.00,0,0,0.00,0
2026-05-10 18:29:22,45.88,0,0,0,0,0,0,0,0.00,1,0.00,0.00,0.00,0.00,0.00,P,0.00,1.56,0.88,1.73,1.35,^,0.00,,35.70,12.90,504,0.98,48.3,1,0,0.00,0.00,0.00,1.56,0.00,0.00,0,0,0.00,0
2026-05-10 18:29:23,46.80,0,0,0,0,0,0,0,0.00,1,0.00,0.00,0.00,0.00,0.00,P,0.00,1.56,0.88,1.72,1.34,^,0.00,,36.60,12.90,504,1.90,48.8,1,0,0.00,0.00,0.00,1.56,0.00,0.00,0,0,0.00,0
2026-05-10 18:29:24,47.82,0,0,0,0,0,0,0,0.00,1,0.00,0.00,0.00,0.00,0.00,P,0.00,1.56,0.88,1.72,1.34,^,0.00,,36.30,12.90,504,2.92,48.8,1,0,0.00,0.00,0.00,1.56,0.00,0.00,0,0,0.00,0
2026-05-10 18:29:25,48.83,0,0,0,0,0,0,0,0.00,1,0.00,0.00,0.00,0.00,0.00,P,0.00,1.56,0.88,1.72,1.35,^,0.00,,36.80,12.90,504,3.93,51.0,1,0,0.00,0.00,0.00,1.56,0.00,0.00,0,0,0.00,0
2026-05-10 18:29:26,49.85,0,0,0,0,0,0,0,0.00,1,0.00,0.00,0.00,0.00,0.00,P,0.00,1.56,0.88,1.72,1.34,^,0.00,,35.90,12.90,504,4.94,49.9,1,0,0.00,0.00,0.00,1.56,0.00,0.00,0,0,0.00,0
2026-05-10 18:29:27,50.87,0,0,0,0,0,0,0,0.00,1,0.00,0.00,0.00,0.00,0.00,P,0.00,1.56,0.88,1.73,1.34,^,0.00,,37.60,12.90,504,5.97,49.9,1,0,0.00,0.00,0.00,1.56,0.00,0.00,0,0,0.00,0
2026-05-10 18:29:28,51.89,0,0,0,0,0,0,0,0.00,1,0.00,0.00,0.00,0.00,0.00,P,0.00,1.56,0.88,1.73,1.34,^,0.00,,36.10,12.90,504,0.16,49.4,1,0,0.00,0.00,0.00,1.56,0.00,0.00,0,0,0.00,0
2026-05-10 18:29:29,52.90,0,0,0,0,0,0,0,0.00,1,0.00,0.00,0.00,0.00,0.00,P,0.00,1.56,0.88,1.72,1.34,^,0.00,,36.00,12.90,504,0.75,50.5,1,0,0.00,0.00,0.00,1.56,0.00,0.00,0,0,0.00,0
2026-05-10 18:29:30,53.91,0,0,0,0,0,0,0,0.00,1,0.00,0.00,0.00,0.00,0.00,P,0.00,1.56,0.87,1.73,1.34,^,0.00,,36.10,12.90,504,0.01,48.8,1,0,0.00,0.00,0.00,1.56,0.00,0.00,0,0,0.00,0
2026-05-10 18:29:31,54.93,0,0,0,0,0,0,0,0.00,1,0.00,0.00,0.00,0.00,0.00,P,0.00,1.56,0.88,1.73,1.33,^,0.00,,35.80,12.90,504,1.01,49.9,1,0,0.00,0.00,0.00,1.56,0.00,0.00,0,0,0.00,0
2026-05-10 18:29:32,55.93,0,0,0,0,0,0,0,0.00,1,0.00,0.00,0.00,0.00,0.00,P,0.00,1.56,0.88,1.72,1.34,^,0.00,,36.00,12.90,504,0.96,49.4,1,0,0.00,0.00,0.00,1.56,0.00,0.00,0,0,0.00,0
2026-05-10 18:29:33,56.94,0,0,0,0,0,0,0,0.00,1,0.00,0.00,0.00,0.00,0.00,P,0.00,1.56,0.88,1.72,1.35,^,0.00,,36.80,12.90,504,0.19,51.0,1,0,0.00,0.00,0.00,1.56,0.00,0.00,0,0,0.00,0
2026-05-10 18:29:34,57.94,0,0,0,0,0,0,0,0.00,1,0.00,0.00,0.00,0.00,0.00,P,0.00,1.56,0.88,1.73,1.34,^,0.00,,36.20,12.90,504,0.55,50.5,1,0,0.00,0.00,0.00,1.56,0.00,0.00,0,0,0.00,0
2026-05-10 18:29:35,58.96,0,0,0,0,0,0,0,0.00,1,0.00,0.00,0.00,0.00,0.00,P,0.00,1.56,0.88,1.72,1.34,^,0.00,,36.90,12.90,504,1.57,49.4,1,0,0.00,0.00,0.00,1.56,0.00,0.00,0,0,0.00,0
2026-05-10 18:29:36,59.96,0,0,0,0,0,0,0,0.00,1,0.00,0.00,0.00,0.00,0.00,P,0.00,1.56,0.88,1.73,1.34,^,0.00,,35.30,12.90,504,2.57,49.4,1,0,0.00,0.00,0.00,1.56,0.00,0.00,0,0,0.00,0
2026-05-10 18:29:37,60.97,0,0,0,0,0,0,0,0.00,1,0.00,0.00,0.00,0.00,0.00,P,0.00,1.56,0.88,1.72,1.35,^,0.00,,36.00,12.80,504,3.58,51.6,1,0,0.00,0.00,0.00,1.56,0.00,0.00,0,0,0.00,0
2026-05-10 18:29:38,61.99,0,0,0,0,0,0,0,0.00,1,0.00,0.00,0.00,0.00,0.00,P,0.00,1.56,0.88,1.72,1.34,^,0.00,,36.00,12.80,504,4.60,51.0,1,0,0.00,0.00,0.00,1.56,0.00,0.00,0,0,0.00,0
2026-05-10 18:29:39,62.99,0,0,0,0,0,0,0,0.00,1,0.00,0.00,0.00,0.00,0.00,P,0.00,1.56,0.88,1.72,1.34,^,0.00,,36.60,12.80,504,0.22,51.6,1,0,0.00,0.00,0.00,1.56,0.00,0.00,0,0,0.00,0
2026-05-10 18:29:40,64.01,0,0,0,0,0,0,0,0.00,1,0.00,0.00,0.00,0.00,0.00,P,0.00,1.56,0.87,1.72,1.34,^,0.00,,35.90,12.80,504,0.26,50.5,1,0,0.00,0.00,0.00,1.56,0.00,0.00,0,0,0.00,0
2026-05-10 18:29:41,65.04,0,0,0,0,0,0,0,0.00,1,0.00,0.00,0.00,0.00,0.00,P,0.00,1.56,0.88,1.73,1.34,^,0.00,,36.40,12.80,504,1.28,51.6,1,0,0.00,0.00,0.00,1.56,0.00,0.00,0,0,0.00,0
2026-05-10 18:29:42,66.05,0,0,0,0,0,0,0,0.00,1,0.00,0.00,0.00,0.00,0.00,P,0.00,1.56,0.88,1.72,1.34,^,0.00,,37.10,12.90,504,2.30,50.5,1,0,0.00,0.00,0.00,1.56,0.00,0.00,0,0,0.00,0
2026-05-10 18:29:43,67.08,0,0,0,0,0,0,0,0.00,1,0.00,0.00,0.00,0.00,0.00,P,0.00,1.56,0.88,1.73,1.34,^,0.00,,36.40,12.90,504,3.32,52.7,1,0,0.00,0.00,0.00,1.56,0.00,0.00,0,0,0.00,0
2026-05-10 18:29:44,68.10,0,0,0,0,0,0,0,0.00,1,0.00,0.00,0.00,0.00,0.00,P,0.00,1.56,0.88,1.73,1.34,^,0.00,,36.20,12.90,504,4.34,51.6,1,0,0.00,0.00,0.00,1.56,0.00,0.00,0,0,0.00,0
2026-05-10 18:29:45,69.10,0,0,0,0,0,0,0,0.00,1,0.00,0.00,0.00,0.00,0.00,P,0.00,1.56,0.88,1.73,1.34,^,0.00,,36.00,12.90,504,5.35,50.5,1,0,0.00,0.00,0.00,1.56,0.00,0.00,0,0,0.00,0
2026-05-10 18:29:46,70.12,0,0,0,0,0,0,0,0.00,1,0.00,0.00,0.00,0.00,0.00,P,0.00,1.56,0.88,1.72,1.34,^,0.00,,37.10,12.90,504,6.36,52.1,1,0,0.00,0.00,0.00,1.56,0.00,0.00,0,0,0.00,0
2026-05-10 18:29:47,71.13,0,0,0,0,0,0,0,0.00,1,0.00,0.00,0.00,0.00,0.00,P,0.00,1.56,0.88,1.72,1.34,^,0.00,,36.20,12.90,504,7.37,51.0,1,0,0.00,0.00,0.00,1.56,0.00,0.00,0,0,0.00,0
2026-05-10 18:29:48,72.13,0,0,0,0,0,0,0,0.00,1,0.00,0.00,0.00,0.00,0.00,P,0.00,1.56,0.88,1.73,1.34,^,0.00,,36.50,12.80,504,8.38,51.0,1,0,0.00,0.00,0.00,1.56,0.00,0.00,0,0,0.00,0
2026-05-10 18:29:49,73.15,0,0,0,0,0,0,0,0.00,1,0.00,0.00,0.00,0.00,0.00,P,0.00,1.56,0.87,1.73,1.34,^,0.00,,36.30,12.80,504,9.40,49.9,1,0,0.00,0.00,0.00,1.56,0.00,0.00,0,0,0.00,0
2026-05-10 18:29:50,74.16,0,0,0,0,0,0,0,0.00,1,0.00,0.00,0.00,0.00,0.00,P,0.00,1.56,0.88,1.73,1.34,^,0.00,,35.20,12.90,504,0.95,51.0,1,0,0.00,0.00,0.00,1.56,0.00,0.00,0,0,0.00,0
2026-05-10 18:29:51,75.17,0,0,0,0,0,0,0,0.00,1,0.00,0.00,0.00,0.00,0.00,P,0.00,1.56,0.88,1.72,1.34,^,0.00,,37.20,12.80,504,0.64,52.1,1,0,0.00,0.00,0.00,1.56,0.00,0.00,0,0,0.00,0
2026-05-10 18:29:52,76.17,0,0,0,0,0,0,0,0.00,1,0.00,0.00,0.00,0.00,0.00,P,0.00,1.56,0.88,1.72,1.34,^,0.00,,36.30,12.80,504,1.64,51.6,1,0,0.00,0.00,0.00,1.56,0.00,0.00,0,0,0.00,0
2026-05-10 18:29:54,77.20,0,0,0,0,0,0,0,0.00,1,0.00,0.00,0.00,0.00,0.00,P,0.00,1.56,0.88,1.72,1.34,^,0.00,,36.60,12.80,504,2.66,50.5,1,0,0.00,0.00,0.00,1.56,0.00,0.00,0,0,0.00,0
2026-05-10 18:29:55,78.20,0,0,0,0,0,0,0,0.00,1,0.00,0.00,0.00,0.00,0.00,P,0.00,1.56,0.88,1.72,1.34,^,0.00,,36.40,12.80,504,3.67,51.6,1,0,0.00,0.00,0.00,1.56,0.00,0.00,0,0,0.00,0
2026-05-10 18:29:56,79.22,0,0,0,0,0,0,0,0.00,1,0.00,0.00,0.00,0.00,0.00,P,0.00,1.56,0.88,1.72,1.34,^,0.00,,35.00,12.80,504,0.16,50.5,1,0,0.00,0.00,0.00,1.56,0.00,0.00,0,0,0.00,0
2026-05-10 18:29:57,80.23,0,0,0,0,0,0,0,0.00,1,0.00,0.00,0.00,0.00,0.00,P,0.00,1.56,0.87,1.72,1.34,^,0.00,,35.70,12.80,504,1.18,50.5,1,0,0.00,0.00,0.00,1.56,0.00,0.00,0,0,0.00,0
2026-05-10 18:29:58,81.24,0,0,0,0,0,0,0,0.00,1,0.00,0.00,0.00,0.00,0.00,P,0.00,1.56,0.88,1.72,1.34,^,0.00,,36.00,12.80,504,2.19,51.6,1,0,0.00,0.00,0.00,1.56,0.00,0.00,0,0,0.00,0
2026-05-10 18:29:59,82.26,0,0,0,0,0,0,0,0.00,1,0.00,0.00,0.00,0.00,0.00,P,0.00,1.56,0.88,1.73,1.34,^,0.00,,36.50,12.80,504,3.21,50.5,1,0,0.00,0.00,0.00,1.56,0.00,0.00,0,0,0.00,0
2026-05-10 18:30:00,83.28,0,0,0,0,0,0,0,0.00,1,0.00,0.00,0.00,0.00,0.00,P,0.00,1.56,0.88,1.73,1.34,^,0.00,,37.80,12.80,504,4.23,51.6,1,0,0.00,0.00,0.00,1.56,0.00,0.00,0,0,0.00,0
2026-05-10 18:30:01,84.30,0,0,0,0,0,0,0,0.00,1,0.00,0.00,0.00,0.00,0.00,P,0.00,1.56,0.88,1.73,1.34,^,0.00,,35.60,12.80,504,5.24,51.6,1,0,0.00,0.00,0.00,1.56,0.00,0.00,0,0,0.00,0
2026-05-10 18:30:02,85.31,0,0,0,0,0,0,0,0.00,1,0.00,0.00,0.00,0.00,0.00,P,0.00,1.56,0.88,1.72,1.34,^,0.00,,36.90,12.80,504,6.25,50.5,1,0,0.00,0.00,0.00,1.56,0.00,0.00,0,0,0.00,0
2026-05-10 18:30:03,86.32,0,0,0,0,0,0,0,0.00,1,0.00,0.00,0.00,0.00,0.00,P,0.00,1.56,0.88,1.73,1.34,^,0.00,,37.10,12.80,504,7.26,52.1,1,0,0.00,0.00,0.00,1.56,0.00,0.00,0,0,0.00,0
2026-05-10 18:30:04,87.33,0,0,0,0,0,0,0,0.00,1,0.00,0.00,0.00,0.00,0.00,P,0.00,1.56,0.88,1.72,1.34,^,0.00,,35.40,12.80,504,8.28,52.1,1,0,0.00,0.00,0.00,1.56,0.00,0.00,0,0,0.00,0
2026-05-10 18:30:05,88.34,0,0,0,0,0,0,0,0.00,1,0.00,0.00,0.00,0.00,0.00,P,0.00,1.56,0.88,1.72,1.34,^,0.00,,36.40,12.80,504,9.28,51.6,1,0,0.00,0.00,0.00,1.56,0.00,0.00,0,0,0.00,0
2026-05-10 18:30:06,89.34,0,0,0,0,0,0,0,0.00,1,0.00,0.00,0.00,0.00,0.00,P,0.00,1.56,0.88,1.73,1.34,^,0.00,,36.60,12.80,504,10.29,52.1,1,0,0.00,0.00,0.00,1.56,0.00,0.00,0,0,0.00,0
2026-05-10 18:30:07,90.35,0,0,0,0,0,0,0,0.00,1,0.00,0.00,0.00,0.00,0.00,P,0.00,1.56,0.88,1.72,1.33,^,0.00,,36.10,12.80,504,11.30,50.5,1,0,0.00,0.00,0.00,1.56,0.00,0.00,0,0,0.00,0
2026-05-10 18:30:08,91.37,0,0,0,0,0,0,0,0.00,1,0.00,0.00,0.00,0.00,0.00,P,0.00,1.56,0.88,1.73,1.34,^,0.00,,35.90,12.80,504,12.32,51.6,1,0,0.00,0.00,0.00,1.56,0.00,0.00,0,0,0.00,0
2026-05-10 18:30:09,92.38,0,0,0,0,0,0,0,0.00,1,0.00,0.00,0.00,0.00,0.00,P,0.00,1.56,0.88,1.72,1.34,^,0.00,,36.50,12.90,504,13.32,52.7,1,0,0.00,0.00,0.00,1.56,0.00,0.00,0,0,0.00,0
2026-05-10 18:30:10,93.39,0,0,0,0,0,0,0,0.00,1,0.00,0.00,0.00,0.00,0.00,P,0.00,1.56,0.88,1.72,1.34,^,0.00,,34.90,12.80,504,14.34,51.0,1,0,0.00,0.00,0.00,1.56,0.00,0.00,0,0,0.00,0
2026-05-10 18:30:11,94.50,0,0,0,0,0,0,0,0.00,1,0.00,0.00,0.00,0.00,0.00,P,0.00,1.56,0.88,1.73,1.34,^,0.00,,34.00,12.90,504,15.45,52.1,1,0,0.00,0.00,0.00,1.56,0.00,0.00,0,0,0.00,0
2026-05-10 18:30:12,95.42,0,0,0,0,0,0,0,0.00,1,0.00,0.00,0.00,0.00,0.00,P,0.00,1.56,0.88,1.72,1.35,^,0.00,,35.60,12.80,504,16.37,52.7,1,0,0.00,0.00,0.00,1.56,0.00,0.00,0,0,0.00,0
2026-05-10 18:30:13,96.44,0,0,0,0,0,0,0,0.00,1,0.00,0.00,0.00,0.00,0.00,P,0.00,1.56,0.88,1.73,1.34,^,0.00,,36.10,12.80,504,17.39,51.0,1,0,0.00,0.00,0.00,1.56,0.00,0.00,0,0,0.00,0
2026-05-10 18:30:14,97.46,0,0,0,0,0,0,0,0.00,1,0.00,0.00,0.00,0.00,0.00,P,0.00,1.56,0.88,1.72,1.34,^,0.00,,36.80,12.80,504,18.40,53.2,1,0,0.00,0.00,0.00,1.56,0.00,0.00,0,0,0.00,0
2026-05-10 18:30:15,98.48,0,0,0,0,0,0,0,0.00,1,0.00,0.00,0.00,0.00,0.00,P,0.00,1.56,0.88,1.73,1.34,^,0.00,,35.50,12.80,504,19.42,52.1,1,0,0.00,0.00,0.00,1.56,0.00,0.00,0,0,0.00,0
2026-05-10 18:30:16,99.49,0,0,0,0,0,0,0,0.00,1,0.00,0.00,0.00,0.00,0.00,P,0.00,1.56,0.87,1.72,1.34,^,0.00,,36.60,12.80,504,0.14,53.2,1,0,0.00,0.00,0.00,1.56,0.00,0.00,0,0,0.00,0
2026-05-10 18:30:17,100.50,0,0,0,0,0,0,0,0.00,1,0.00,0.00,0.00,0.00,0.00,P,0.00,1.56,0.88,1.73,1.34,^,0.00,,35.90,12.80,504,1.15,52.7,1,0,0.00,0.00,0.00,1.56,0.00,0.00,0,0,0.00,0
2026-05-10 18:30:18,101.51,0,0,0,0,0,0,0,0.00,1,0.00,0.00,0.00,0.00,0.00,P,0.00,1.56,0.88,1.72,1.34,^,0.00,,36.30,12.80,504,2.16,52.1,1,0,0.00,0.00,0.00,1.56,0.00,0.00,0,0,0.00,0
2026-05-10 18:30:19,102.53,0,0,0,0,0,0,0,0.00,1,0.00,0.00,0.00,0.00,0.00,P,0.00,1.56,0.88,1.72,1.33,^,0.00,,37.10,12.80,504,0.74,52.7,1,0,0.00,0.00,0.00,1.56,0.00,0.00,0,0,0.00,0
2026-05-10 18:30:20,103.55,0,0,0,0,0,0,0,0.00,1,0.00,0.00,0.00,0.00,0.00,P,0.00,1.56,0.88,1.72,1.34,^,0.00,,37.20,12.80,504,1.76,53.2,1,0,0.00,0.00,0.00,1.56,0.00,0.00,0,0,0.00,0
2026-05-10 18:30:21,104.57,0,0,0,0,0,0,0,0.00,1,0.00,0.00,0.00,0.00,0.00,P,0.00,1.56,0.88,1.72,1.34,^,0.00,,35.60,12.80,504,2.78,53.2,1,0,0.00,0.00,0.00,1.56,0.00,0.00,0,0,0.00,0
2026-05-10 18:30:22,105.58,0,0,0,0,0,0,0,0.00,1,0.00,0.00,0.00,0.00,0.00,P,0.00,1.56,0.88,1.72,1.34,^,0.00,,36.30,12.80,504,3.79,53.2,1,0,0.00,0.00,0.00,1.56,0.00,0.00,0,0,0.00,0
2026-05-10 18:30:23,106.59,0,0,0,0,0,0,0,0.00,1,0.00,0.00,0.00,0.00,0.00,P,0.00,1.56,0.88,1.73,1.34,^,0.00,,35.30,12.80,504,4.80,53.8,1,0,0.00,0.00,0.00,1.56,0.00,0.00,0,0,0.00,0
2026-05-10 18:30:24,107.61,0,0,0,0,0,0,0,0.00,1,0.00,0.00,0.00,0.00,0.00,P,0.00,1.56,0.88,1.73,1.34,^,0.00,,36.00,12.90,504,5.82,52.7,1,0,0.00,0.00,0.00,1.56,0.00,0.00,0,0,0.00,0
2026-05-10 18:30:25,108.63,0,0,0,0,0,0,0,0.00,1,0.00,0.00,0.00,0.00,0.00,P,0.00,1.56,0.87,1.73,1.34,^,0.00,,36.30,12.80,504,6.84,51.6,1,0,0.00,0.00,0.00,1.56,0.00,0.00,0,0,0.00,0
2026-05-10 18:30:26,109.63,0,0,0,0,0,0,0,0.00,1,0.00,0.00,0.00,0.00,0.00,P,0.00,1.56,0.88,1.72,1.34,^,0.00,,37.70,12.80,504,7.85,51.6,1,0,0.00,0.00,0.00,1.56,0.00,0.00,0,0,0.00,0
2026-05-10 18:30:27,110.64,0,0,0,0,0,0,0,0.00,1,0.00,0.00,0.00,0.00,0.00,P,0.00,1.56,0.87,1.72,1.34,^,0.00,,36.40,12.80,504,8.86,53.2,1,0,0.00,0.00,0.00,1.56,0.00,0.00,0,0,0.00,0
2026-05-10 18:30:28,111.65,0,0,0,0,0,0,0,0.00,1,0.00,0.00,0.00,0.00,0.00,P,0.00,1.56,0.88,1.72,1.34,^,0.00,,36.30,12.80,504,9.87,52.7,1,0,0.00,0.00,0.00,1.56,0.00,0.00,0,0,0.00,0
2026-05-10 18:30:29,112.68,0,0,0,0,0,0,0,0.00,1,0.00,0.00,0.00,0.00,0.00,P,0.00,1.56,0.88,1.72,1.33,^,0.00,,36.10,12.90,504,10.89,52.7,1,0,0.00,0.00,0.00,1.56,0.00,0.00,0,0,0.00,0
2026-05-10 18:30:30,113.70,0,0,0,0,0,0,0,0.00,1,0.00,0.00,0.00,0.00,0.00,P,0.00,1.56,0.87,1.72,1.34,^,0.00,,36.40,12.80,504,11.91,52.7,1,0,0.00,0.00,0.00,1.56,0.00,0.00,0,0,0.00,0
2026-05-10 18:30:31,114.71,0,0,0,0,0,0,0,0.00,1,0.00,0.00,0.00,0.00,0.00,P,0.00,1.56,0.88,1.72,1.34,^,0.00,,35.80,12.80,504,0.28,51.6,1,0,0.00,0.00,0.00,1.56,0.00,0.00,0,0,0.00,0
2026-05-10 18:30:32,115.73,0,0,0,0,0,0,0,0.00,1,0.00,0.00,0.00,0.00,0.00,P,0.00,1.56,0.88,1.72,1.34,^,0.00,,37.00,12.80,504,1.30,52.7,1,0,0.00,0.00,0.00,1.56,0.00,0.00,0,0,0.00,0
2026-05-10 18:30:33,116.75,0,0,0,0,0,0,0,0.00,1,0.00,0.00,0.00,0.00,0.00,P,0.00,1.56,0.88,1.73,1.34,^,0.00,,35.90,12.80,504,2.32,53.8,1,0,0.00,0.00,0.00,1.56,0.00,0.00,0,0,0.00,0
2026-05-10 18:30:34,117.76,0,0,0,0,0,0,0,0.00,1,0.00,0.00,0.00,0.00,0.00,P,0.00,1.56,0.88,1.72,1.34,^,0.00,,36.40,12.80,504,0.63,54.3,1,0,0.00,0.00,0.00,1.56,0.00,0.00,0,0,0.00,0
2026-05-10 18:30:35,118.77,0,0,0,0,0,0,0,0.00,1,0.00,0.00,0.00,0.00,0.00,P,0.00,1.56,0.87,1.73,1.34,^,0.00,,36.20,12.80,504,1.63,54.3,1,0,0.00,0.00,0.00,1.56,0.00,0.00,0,0,0.00,0
2026-05-10 18:30:36,119.79,0,0,0,0,0,0,0,0.00,1,0.00,0.00,0.00,0.00,0.00,P,0.00,1.56,0.88,1.72,1.34,^,0.00,,36.20,12.80,504,2.66,52.7,1,0,0.00,0.00,0.00,1.56,0.00,0.00,0,0,0.00,0
2026-05-10 18:30:37,120.81,0,0,0,0,0,0,0,0.00,1,0.00,0.00,0.00,0.00,0.00,P,0.00,1.56,0.88,1.73,1.34,^,0.00,,36.80,12.80,504,3.68,52.7,1,0,0.00,0.00,0.00,1.56,0.00,0.00,0,0,0.00,0
2026-05-10 18:30:38,121.82,0,0,0,0,0,0,0,0.00,1,0.00,0.00,0.00,0.00,0.00,P,0.00,1.56,0.88,1.72,1.34,^,0.00,,35.60,12.80,504,4.68,52.1,1,0,0.00,0.00,0.00,1.56,0.00,0.00,0,0,0.00,0
2026-05-10 18:30:39,122.83,0,0,0,0,0,0,0,0.00,1,0.00,0.00,0.00,0.00,0.00,P,0.00,1.56,0.88,1.73,1.34,^,0.00,,36.30,12.80,504,5.70,53.8,1,0,0.00,0.00,0.00,1.56,0.00,0.00,0,0,0.00,0
2026-05-10 18:30:40,123.85,0,0,0,0,0,0,0,0.00,1,0.00,0.00,0.00,0.00,0.00,P,0.00,1.56,0.88,1.72,1.34,^,0.00,,36.50,12.80,504,6.72,52.7,1,0,0.00,0.00,0.00,1.56,0.00,0.00,0,0,0.00,0
2026-05-10 18:30:41,124.87,0,0,0,0,0,0,0,0.00,1,0.00,0.00,0.00,0.00,0.00,P,0.00,1.56,0.87,1.72,1.34,^,0.00,,35.70,12.80,504,7.74,52.7,1,0,0.00,0.00,0.00,1.56,0.00,0.00,0,0,0.00,0
2026-05-10 18:30:42,125.89,0,0,0,0,0,0,0,0.00,1,0.00,0.00,0.00,0.00,0.00,P,0.00,1.56,0.88,1.72,1.34,^,0.00,,37.50,12.80,504,8.76,53.8,1,0,0.00,0.00,0.00,1.56,0.00,0.00,0,0,0.00,0
2026-05-10 18:30:43,126.90,0,0,0,0,0,0,0,0.00,1,0.00,0.00,0.00,0.00,0.00,P,0.00,1.56,0.88,1.73,1.34,^,0.00,,36.50,12.90,504,9.77,53.8,1,0,0.00,0.00,0.00,1.56,0.00,0.00,0,0,0.00,0
2026-05-10 18:30:44,127.91,0,0,0,0,0,0,0,0.00,1,0.00,0.00,0.00,0.00,0.00,P,0.00,1.56,0.88,1.72,1.34,^,0.00,,36.10,12.90,504,0.33,53.8,1,0,0.00,0.00,0.00,1.56,0.00,0.00,0,0,0.00,0
2026-05-10 18:30:45,128.93,0,0,0,0,0,0,0,0.00,1,0.00,0.00,0.00,0.00,0.00,P,0.00,1.56,0.88,1.73,1.35,^,0.00,,34.90,12.80,504,1.35,54.3,1,0,0.00,0.00,0.00,1.56,0.00,0.00,0,0,0.00,0
2026-05-10 18:30:46,129.95,0,0,0,0,0,0,0,0.00,1,0.00,0.00,0.00,0.00,0.00,P,0.00,1.56,0.88,1.72,1.34,^,0.00,,35.10,12.80,504,2.36,53.2,1,0,0.00,0.00,0.00,1.56,0.00,0.00,0,0,0.00,0
2026-05-10 18:30:47,130.95,0,0,0,0,0,0,0,0.00,1,0.00,0.00,0.00,0.00,0.00,P,0.00,1.56,0.88,1.73,1.34,^,0.00,,37.00,12.80,504,3.37,54.3,1,0,0.00,0.00,0.00,1.56,0.00,0.00,0,0,0.00,0
2026-05-10 18:30:48,131.95,0,0,0,0,0,0,0,0.00,1,0.00,0.00,0.00,0.00,0.00,P,0.00,1.56,0.88,1.73,1.34,^,0.00,,36.70,12.90,504,0.96,54.9,1,0,0.00,0.00,0.00,1.56,0.00,0.00,0,0,0.00,0
2026-05-10 18:30:49,132.96,0,0,0,0,0,0,0,0.00,1,0.00,0.00,0.00,0.00,0.00,P,0.00,1.56,0.88,1.73,1.34,^,0.00,,35.90,12.80,504,1.97,53.8,1,0,0.00,0.00,0.00,1.56,0.00,0.00,0,0,0.00,0
2026-05-10 18:30:50,133.98,0,0,0,0,0,0,0,0.00,1,0.00,0.00,0.00,0.00,0.00,P,0.00,1.56,0.88,1.73,1.34,^,0.00,,36.90,12.80,504,2.99,55.4,1,0,0.00,0.00,0.00,1.56,0.00,0.00,0,0,0.00,0
2026-05-10 18:30:51,134.99,0,0,0,0,0,0,0,0.00,1,0.00,0.00,0.00,0.00,0.00,P,0.00,1.56,0.88,1.72,1.34,^,0.00,,36.50,12.80,504,0.26,54.3,1,0,0.00,0.00,0.00,1.56,0.00,0.00,0,0,0.00,0
2026-05-10 18:30:52,136.01,0,0,0,0,0,0,0,0.00,1,0.00,0.00,0.00,0.00,0.00,P,0.00,1.56,0.88,1.73,1.34,^,0.00,,35.80,12.90,504,0.43,53.2,1,0,0.00,0.00,0.00,1.56,0.00,0.00,0,0,0.00,0
2026-05-10 18:30:53,137.02,0,0,0,0,0,0,0,0.00,1,0.00,0.00,0.00,0.00,0.00,P,0.00,1.56,0.88,1.73,1.34,^,0.00,,36.70,12.80,504,0.96,53.8,1,0,0.00,0.00,0.00,1.56,0.00,0.00,0,0,0.00,0
2026-05-10 18:30:54,138.04,0,0,0,0,0,0,0,0.00,1,0.00,0.00,0.00,0.00,0.00,P,0.00,1.56,0.88,1.72,1.34,^,0.00,,35.30,12.80,504,1.98,52.7,1,0,0.00,0.00,0.00,1.56,0.00,0.00,0,0,0.00,0
2026-05-10 18:30:55,139.06,0,0,0,0,0,0,0,0.00,1,0.00,0.00,0.00,0.00,0.00,P,0.00,1.56,0.88,1.73,1.34,^,0.00,,36.60,12.80,504,0.17,52.7,1,0,0.00,0.00,0.00,1.56,0.00,0.00,0,0,0.00,0
2026-05-10 18:30:56,140.08,0,0,0,0,0,0,0,0.00,1,0.00,0.00,0.00,0.00,0.00,P,0.00,1.56,0.88,1.72,1.34,^,0.00,,36.10,12.80,504,1.19,54.3,1,0,0.00,0.00,0.00,1.56,0.00,0.00,0,0,0.00,0
2026-05-10 18:30:57,141.10,0,0,0,0,0,0,0,0.00,1,0.00,0.00,0.00,0.00,0.00,P,0.00,1.56,0.88,1.72,1.34,^,0.00,,35.50,12.80,504,2.21,52.7,1,0,0.00,0.00,0.00,1.56,0.00,0.00,0,0,0.00,0
2026-05-10 18:30:58,142.10,0,0,0,0,0,0,0,0.00,1,0.00,0.00,0.00,0.00,0.00,P,0.00,1.56,0.88,1.73,1.34,^,0.00,,37.00,12.80,504,3.21,52.7,1,0,0.00,0.00,0.00,1.56,0.00,0.00,0,0,0.00,0
2026-05-10 18:30:59,143.13,0,0,0,0,0,0,0,0.00,1,0.00,0.00,0.00,0.00,0.00,P,0.00,1.56,0.88,1.72,1.34,^,0.00,,35.80,12.80,504,4.24,54.9,1,0,0.00,0.00,0.00,1.56,0.00,0.00,0,0,0.00,0
2026-05-10 18:31:00,144.14,0,0,0,0,0,0,0,0.00,1,0.00,0.00,0.00,0.00,0.00,P,0.00,1.56,0.88,1.73,1.33,^,0.00,,35.70,12.70,504,5.25,53.2,1,0,0.00,0.00,0.00,1.56,0.00,0.00,0,0,0.00,0
2026-05-10 18:31:01,145.16,0,0,0,0,0,0,0,0.00,1,0.00,0.00,0.00,0.00,0.00,P,0.00,1.56,0.87,1.73,1.34,^,0.00,,35.50,12.70,504,6.27,55.4,1,0,0.00,0.00,0.00,1.56,0.00,0.00,0,0,0.00,0
2026-05-10 18:31:02,146.16,0,0,0,0,0,0,0,0.00,1,0.00,0.00,0.00,0.00,0.00,P,0.00,1.56,0.88,1.72,1.34,^,0.00,,36.10,12.80,504,7.27,54.3,1,0,0.00,0.00,0.00,1.56,0.00,0.00,0,0,0.00,0
2026-05-10 18:31:03,147.17,0,0,0,0,0,0,0,0.00,1,0.00,0.00,0.00,0.00,0.00,P,0.00,1.56,0.88,1.72,1.34,^,0.00,,36.30,12.80,504,8.28,54.3,1,0,0.00,0.00,0.00,1.56,0.00,0.00,0,0,0.00,0
2026-05-10 18:31:04,148.18,0,0,0,0,0,0,0,0.00,1,0.00,0.00,0.00,0.00,0.00,P,0.00,1.56,0.88,1.73,1.34,^,0.00,,36.50,12.80,504,9.29,53.8,1,0,0.00,0.00,0.00,1.56,0.00,0.00,0,0,0.00,0
2026-05-10 18:31:06,149.19,0,0,0,0,0,0,0,0.00,1,0.00,0.00,0.00,0.00,0.00,P,0.00,1.56,0.87,1.73,1.34,^,0.00,,36.40,12.80,504,0.09,55.4,1,0,0.00,0.00,0.00,1.56,0.00,0.00,0,0,0.00,0
2026-05-10 18:31:07,150.20,0,0,0,0,0,0,0,0.00,1,0.00,0.00,0.00,0.00,0.00,P,0.00,1.56,0.87,1.72,1.34,^,0.00,,35.80,12.80,504,1.09,52.7,1,0,0.00,0.00,0.00,1.56,0.00,0.00,0,0,0.00,0
2026-05-10 18:31:08,151.21,0,0,0,0,0,0,0,0.00,1,0.00,0.00,0.00,0.00,0.00,P,0.00,1.56,0.88,1.72,1.34,^,0.00,,37.30,12.80,504,2.11,55.4,1,0,0.00,0.00,0.00,1.56,0.00,0.00,0,0,0.00,0
2026-05-10 18:31:09,152.23,0,0,0,0,0,0,0,0.00,1,0.00,0.00,0.00,0.00,0.00,P,0.00,1.56,0.88,1.73,1.34,^,0.00,,36.40,12.80,504,3.13,53.8,1,0,0.00,0.00,0.00,1.56,0.00,0.00,0,0,0.00,0
2026-05-10 18:31:10,153.26,0,0,0,0,0,0,0,0.00,1,0.00,0.00,0.00,0.00,0.00,P,0.00,1.56,0.87,1.73,1.34,^,0.00,,35.60,12.80,504,4.15,56.0,1,0,0.00,0.00,0.00,1.56,0.00,0.00,0,0,0.00,0
2026-05-10 18:31:11,154.27,0,0,0,0,0,0,0,0.00,1,0.00,0.00,0.00,0.00,0.00,P,0.00,1.56,0.88,1.73,1.34,^,0.00,,35.70,12.80,504,5.16,54.3,1,0,0.00,0.00,0.00,1.56,0.00,0.00,0,0,0.00,0
2026-05-10 18:31:12,155.29,0,0,0,0,0,0,0,0.00,1,0.00,0.00,0.00,0.00,0.00,P,0.00,1.56,0.88,1.72,1.34,^,0.00,,35.40,12.80,504,6.18,55.4,1,0,0.00,0.00,0.00,1.56,0.00,0.00,0,0,0.00,0
2026-05-10 18:31:13,156.30,0,0,0,0,0,0,0,0.00,1,0.00,0.00,0.00,0.00,0.00,P,0.00,1.56,0.88,1.73,1.34,^,0.00,,36.10,12.80,504,0.11,55.4,1,0,0.00,0.00,0.00,1.56,0.00,0.00,0,0,0.00,0
2026-05-10 18:31:14,157.32,0,0,0,0,0,0,0,0.00,1,0.00,0.00,0.00,0.00,0.00,P,0.00,1.56,0.87,1.73,1.35,^,0.00,,35.20,12.80,504,0.31,54.3,1,0,0.00,0.00,0.00,1.56,0.00,0.00,0,0,0.00,0
2026-05-10 18:31:15,158.32,0,0,0,0,0,0,0,0.00,1,0.00,0.00,0.00,0.00,0.00,P,0.00,1.56,0.88,1.73,1.34,^,0.00,,36.40,12.80,504,1.31,54.3,1,0,0.00,0.00,0.00,1.56,0.00,0.00,0,0,0.00,0
2026-05-10 18:31:16,159.34,0,0,0,0,0,0,0,0.00,1,0.00,0.00,0.00,0.00,0.00,P,0.00,1.56,0.88,1.72,1.34,^,0.00,,38.00,12.80,504,2.32,55.4,1,0,0.00,0.00,0.00,1.56,0.00,0.00,0,0,0.00,0
2026-05-10 18:31:17,160.35,0,0,0,0,0,0,0,0.00,1,0.00,0.00,0.00,0.00,0.00,P,0.00,1.56,0.88,1.73,1.34,^,0.00,,36.20,12.80,504,3.33,56.0,1,0,0.00,0.00,0.00,1.56,0.00,0.00,0,0,0.00,0
2026-05-10 18:31:18,161.36,0,0,0,0,0,0,0,0.00,1,0.00,0.00,0.00,0.00,0.00,P,0.00,1.56,0.88,1.73,1.34,^,0.00,,36.60,12.80,504,4.35,53.8,1,0,0.00,0.00,0.00,1.56,0.00,0.00,0,0,0.00,0
2026-05-10 18:31:19,162.37,0,0,0,0,0,0,0,0.00,1,0.00,0.00,0.00,0.00,0.00,P,0.00,1.56,0.88,1.73,1.34,^,0.00,,36.30,12.80,504,5.35,55.4,1,0,0.00,0.00,0.00,1.56,0.00,0.00,0,0,0.00,0
2026-05-10 18:31:20,163.37,0,0,0,0,0,0,0,0.00,1,0.00,0.00,0.00,0.00,0.00,P,0.00,1.56,0.88,1.72,1.34,^,0.00,,36.20,12.80,504,0.04,55.4,1,0,0.00,0.00,0.00,1.56,0.00,0.00,0,0,0.00,0
2026-05-10 18:31:21,164.38,0,0,0,0,0,0,0,0.00,1,0.00,0.00,0.00,0.00,0.00,P,0.00,1.56,0.88,1.73,1.34,^,0.00,,36.40,12.80,504,1.05,55.4,1,0,0.00,0.00,0.00,1.56,0.00,0.00,0,0,0.00,0
2026-05-10 18:31:22,165.40,0,0,0,0,0,0,0,0.00,1,0.00,0.00,0.00,0.00,0.00,P,0.00,1.56,0.88,1.73,1.34,^,0.00,,36.90,12.90,504,2.07,54.3,1,0,0.00,0.00,0.00,1.56,0.00,0.00,0,0,0.00,0
2026-05-10 18:31:23,166.42,0,0,0,0,0,0,0,0.00,1,0.00,0.00,0.00,0.00,0.00,P,0.00,1.56,0.88,1.72,1.34,^,0.00,,35.90,12.90,504,3.09,55.4,1,0,0.00,0.00,0.00,1.56,0.00,0.00,0,0,0.00,0
2026-05-10 18:31:24,167.43,0,0,0,0,0,0,0,0.00,1,0.00,0.00,0.00,0.00,0.00,P,0.00,1.56,0.88,1.73,1.34,^,0.00,,36.50,12.80,504,4.10,54.9,1,0,0.00,0.00,0.00,1.56,0.00,0.00,0,0,0.00,0
2026-05-10 18:31:25,168.45,0,0,0,0,0,0,0,0.00,1,0.00,0.00,0.00,0.00,0.00,P,0.00,1.56,0.88,1.73,1.34,^,0.00,,35.10,12.80,504,5.12,54.9,1,0,0.00,0.00,0.00,1.56,0.00,0.00,0,0,0.00,0
2026-05-10 18:31:26,169.47,0,0,0,0,0,0,0,0.00,1,0.00,0.00,0.00,0.00,0.00,P,0.00,1.56,0.87,1.73,1.34,^,0.00,,35.50,12.80,504,6.14,54.9,1,0,0.00,0.00,0.00,1.56,0.00,0.00,0,0,0.00,0
2026-05-10 18:31:27,170.47,0,0,0,0,0,0,0,0.00,1,0.00,0.00,0.00,0.00,0.00,P,0.00,1.56,0.88,1.73,1.34,^,0.00,,36.20,12.80,504,7.14,54.3,1,0,0.00,0.00,0.00,1.56,0.00,0.00,0,0,0.00,0
2026-05-10 18:31:28,171.47,0,0,0,0,0,0,0,0.00,1,0.00,0.00,0.00,0.00,0.00,P,0.00,1.56,0.88,1.73,1.34,^,0.00,,37.00,12.80,504,8.14,54.9,1,0,0.00,0.00,0.00,1.56,0.00,0.00,0,0,0.00,0
2026-05-10 18:31:29,172.48,0,0,0,0,0,0,0,0.00,1,0.00,0.00,0.00,0.00,0.00,P,0.00,1.56,0.88,1.73,1.34,^,0.00,,36.30,12.80,504,9.15,53.8,1,0,0.00,0.00,0.00,1.56,0.00,0.00,0,0,0.00,0
2026-05-10 18:31:30,173.49,0,0,0,0,0,0,0,0.00,1,0.00,0.00,0.00,0.00,0.00,P,0.00,1.56,0.88,1.72,1.34,^,0.00,,36.50,12.80,504,10.15,54.3,1,0,0.00,0.00,0.00,1.56,0.00,0.00,0,0,0.00,0
2026-05-10 18:31:31,174.50,0,0,0,0,0,0,0,0.00,1,0.00,0.00,0.00,0.00,0.00,P,0.00,1.56,0.88,1.73,1.34,^,0.00,,36.50,12.80,504,11.17,56.0,1,0,0.00,0.00,0.00,1.56,0.00,0.00,0,0,0.00,0
2026-05-10 18:31:32,175.52,0,0,0,0,0,0,0,0.00,1,0.00,0.00,0.00,0.00,0.00,P,0.00,1.56,0.88,1.73,1.34,^,0.00,,36.20,12.80,504,12.19,55.4,1,0,0.00,0.00,0.00,1.56,0.00,0.00,0,0,0.00,0
2026-05-10 18:31:33,176.53,0,0,0,0,0,0,0,0.00,1,0.00,0.00,0.00,0.00,0.00,P,0.00,1.56,0.88,1.72,1.34,^,0.00,,37.50,12.80,504,0.53,55.4,1,0,0.00,0.00,0.00,1.56,0.00,0.00,0,0,0.00,0
2026-05-10 18:31:34,177.55,0,0,0,0,0,0,0,0.00,1,0.00,0.00,0.00,0.00,0.00,P,0.00,1.56,0.88,1.72,1.34,^,0.00,,36.50,12.80,504,1.55,53.8,1,0,0.00,0.00,0.00,1.56,0.00,0.00,0,0,0.00,0
2026-05-10 18:31:35,178.56,0,0,0,0,0,0,0,0.00,1,0.00,0.00,0.00,0.00,0.00,P,0.00,1.56,0.88,1.73,1.34,^,0.00,,36.10,12.80,504,2.56,54.3,1,0,0.00,0.00,0.00,1.56,0.00,0.00,0,0,0.00,0
2026-05-10 18:31:36,179.56,0,0,0,0,0,0,0,0.00,1,0.00,0.00,0.00,0.00,0.00,P,0.00,1.56,0.88,1.73,1.34,^,0.00,,36.10,12.80,504,0.54,54.3,1,0,0.00,0.00,0.00,1.56,0.00,0.00,0,0,0.00,0
2026-05-10 18:31:37,180.59,0,0,0,0,0,0,0,0.00,1,0.00,0.00,0.00,0.00,0.00,P,0.00,1.56,0.88,1.73,1.34,^,0.00,,36.30,12.80,504,1.57,56.0,1,0,0.00,0.00,0.00,1.56,0.00,0.00,0,0,0.00,0
2026-05-10 18:31:38,181.59,0,0,0,0,0,0,0,0.00,1,0.00,0.00,0.00,0.00,0.00,P,0.00,1.56,0.88,1.73,1.34,^,0.00,,36.20,12.80,504,2.57,54.9,1,0,0.00,0.00,0.00,1.56,0.00,0.00,0,0,0.00,0
2026-05-10 18:31:39,182.71,0,0,0,0,0,0,0,0.00,1,0.00,0.00,0.00,0.00,0.00,P,0.00,1.56,0.88,1.72,1.34,^,0.00,,34.70,12.80,504,0.25,53.8,1,0,0.00,0.00,0.00,1.56,0.00,0.00,0,0,0.00,0
2026-05-10 18:31:40,183.61,0,0,0,0,0,0,0,0.00,1,0.00,0.00,0.00,0.00,0.00,P,0.00,1.56,0.88,1.73,1.34,^,0.00,,36.60,12.80,504,1.15,55.4,1,0,0.00,0.00,0.00,1.56,0.00,0.00,0,0,0.00,0
2026-05-10 18:31:41,184.61,0,0,0,0,0,0,0,0.00,1,0.00,0.00,0.00,0.00,0.00,P,0.00,1.56,0.88,1.72,1.34,^,0.00,,35.70,12.80,504,0.99,53.8,1,0,0.00,0.00,0.00,1.56,0.00,0.00,0,0,0.00,0
2026-05-10 18:31:42,185.62,0,0,0,0,0,0,0,0.00,1,0.00,0.00,0.00,0.00,0.00,P,0.00,1.56,0.88,1.72,1.34,^,0.00,,37.20,12.80,504,2.00,56.5,1,0,0.00,0.00,0.00,1.56,0.00,0.00,0,0,0.00,0
2026-05-10 18:31:43,186.63,0,0,0,0,0,0,0,0.00,1,0.00,0.00,0.00,0.00,0.00,P,0.00,1.56,0.88,1.73,1.34,^,0.00,,35.40,12.80,504,3.01,54.3,1,0,0.00,0.00,0.00,1.56,0.00,0.00,0,0,0.00,0
2026-05-10 18:31:44,187.65,0,0,0,0,0,0,0,0.00,1,0.00,0.00,0.00,0.00,0.00,P,0.00,1.56,0.88,1.72,1.34,^,0.00,,36.70,12.80,504,4.03,55.4,1,0,0.00,0.00,0.00,1.56,0.00,0.00,0,0,0.00,0
2026-05-10 18:31:45,188.67,0,0,0,0,0,0,0,0.00,1,0.00,0.00,0.00,0.00,0.00,P,0.00,1.56,0.88,1.73,1.35,^,0.00,,36.20,12.80,504,5.05,54.3,1,0,0.00,0.00,0.00,1.56,0.00,0.00,0,0,0.00,0
2026-05-10 18:31:46,189.67,0,0,0,0,0,0,0,0.00,1,0.00,0.00,0.00,0.00,0.00,P,0.00,1.56,0.88,1.72,1.34,^,0.00,,36.50,12.80,504,6.05,54.3,1,0,0.00,0.00,0.00,1.56,0.00,0.00,0,0,0.00,0
2026-05-10 18:31:47,190.68,0,0,0,0,0,0,0,0.00,1,0.00,0.00,0.00,0.00,0.00,P,0.00,1.56,0.88,1.72,1.34,^,0.00,,37.00,12.80,504,7.06,54.9,1,0,0.00,0.00,0.00,1.56,0.00,0.00,0,0,0.00,0
2026-05-10 18:31:48,191.69,0,0,0,0,0,0,0,0.00,1,0.00,0.00,0.00,0.00,0.00,P,0.00,1.56,0.88,1.73,1.35,^,0.00,,36.00,12.80,504,0.66,55.4,1,0,0.00,0.00,0.00,1.56,0.00,0.00,0,0,0.00,0
2026-05-10 18:31:49,192.70,0,0,0,0,0,0,0,0.00,1,0.00,0.00,0.00,0.00,0.00,P,0.00,1.56,0.88,1.73,1.34,^,0.00,,37.20,12.80,504,1.67,54.3,1,0,0.00,0.00,0.00,1.56,0.00,0.00,0,0,0.00,0
2026-05-10 18:31:50,193.72,0,0,0,0,0,0,0,0.00,1,0.00,0.00,0.00,0.00,0.00,P,0.00,1.56,0.88,1.73,1.34,^,0.00,,36.80,12.80,504,0.24,54.3,1,0,0.00,0.00,0.00,1.56,0.00,0.00,0,0,0.00,0
2026-05-10 18:31:51,194.73,0,0,0,0,0,0,0,0.00,1,0.00,0.00,0.00,0.00,0.00,P,0.00,1.56,0.88,1.73,1.34,^,0.00,,36.30,12.80,504,0.91,54.9,1,0,0.00,0.00,0.00,1.56,0.00,0.00,0,0,0.00,0
2026-05-10 18:31:52,195.75,0,0,0,0,0,0,0,0.00,1,0.00,0.00,0.00,0.00,0.00,P,0.00,1.56,0.88,1.73,1.33,^,0.00,,36.70,12.80,504,1.94,54.3,1,0,0.00,0.00,0.00,1.56,0.00,0.00,0,0,0.00,0
2026-05-10 18:31:53,196.76,0,0,0,0,0,0,0,0.00,1,0.00,0.00,0.00,0.00,0.00,P,0.00,1.56,0.88,1.72,1.34,^,0.00,,35.80,12.80,504,2.94,55.4,1,0,0.00,0.00,0.00,1.56,0.00,0.00,0,0,0.00,0
2026-05-10 18:31:54,197.78,0,0,0,0,0,0,0,0.00,1,0.00,0.00,0.00,0.00,0.00,P,0.00,1.56,0.88,1.72,1.34,^,0.00,,36.00,12.80,504,3.96,56.0,1,0,0.00,0.00,0.00,1.56,0.00,0.00,0,0,0.00,0
2026-05-10 18:31:55,198.78,0,0,0,0,0,0,0,0.00,1,0.00,0.00,0.00,0.00,0.00,P,0.00,1.56,0.87,1.72,1.34,^,0.00,,35.90,12.80,504,4.97,54.9,1,0,0.00,0.00,0.00,1.56,0.00,0.00,0,0,0.00,0
2026-05-10 18:31:56,199.81,0,0,0,0,0,0,0,0.00,1,0.00,0.00,0.00,0.00,0.00,P,0.00,1.56,0.88,1.73,1.34,^,0.00,,36.40,12.80,504,5.99,53.8,1,0,0.00,0.00,0.00,1.56,0.00,0.00,0,0,0.00,0
2026-05-10 18:31:57,200.82,0,0,0,0,0,0,0,0.00,1,0.00,0.00,0.00,0.00,0.00,P,0.00,1.56,0.89,1.73,1.35,^,0.00,,36.50,12.80,504,7.01,55.4,1,0,0.00,0.00,0.00,1.56,0.00,0.00,0,0,0.00,0
2026-05-10 18:31:58,201.84,0,0,0,0,0,0,0,0.00,1,0.00,0.00,0.00,0.00,0.00,P,0.00,1.56,0.88,1.72,1.34,^,0.00,,35.80,12.80,504,8.03,54.9,1,0,0.00,0.00,0.00,1.56,0.00,0.00,0,0,0.00,0
2026-05-10 18:31:59,202.85,0,0,0,0,0,0,0,0.00,1,0.00,0.00,0.00,0.00,0.00,P,0.00,1.56,0.88,1.73,1.34,^,0.00,,35.10,12.80,504,9.04,55.4,1,0,0.00,0.00,0.00,1.56,0.00,0.00,0,0,0.00,0
2026-05-10 18:32:00,203.87,0,0,0,0,0,0,0,0.00,1,0.00,0.00,0.00,0.00,0.00,P,0.00,1.56,0.87,1.73,1.34,^,0.00,,35.50,12.80,504,10.06,56.0,1,0,0.00,0.00,0.00,1.56,0.00,0.00,0,0,0.00,0
2026-05-10 18:32:01,204.89,0,0,0,0,0,0,0,0.00,1,0.00,0.00,0.00,0.00,0.00,P,0.00,1.56,0.88,1.72,1.35,^,0.00,,35.60,12.80,504,11.07,55.4,1,0,0.00,0.00,0.00,1.56,0.00,0.00,0,0,0.00,0
2026-05-10 18:32:02,205.90,0,0,0,0,0,0,0,0.00,1,0.00,0.00,0.00,0.00,0.00,P,0.00,1.56,0.87,1.72,1.34,^,0.00,,36.70,12.80,504,0.04,56.0,1,0,0.00,0.00,0.00,1.56,0.00,0.00,0,0,0.00,0
2026-05-10 18:32:03,206.92,0,0,0,0,0,0,0,0.00,1,0.00,0.00,0.00,0.00,0.00,P,0.00,1.56,0.88,1.72,1.34,^,0.00,,36.60,12.80,504,1.06,54.9,1,0,0.00,0.00,0.00,1.56,0.00,0.00,0,0,0.00,0
2026-05-10 18:32:04,207.92,0,0,0,0,0,0,0,0.00,1,0.00,0.00,0.00,0.00,0.00,P,0.00,1.56,0.88,1.72,1.34,^,0.00,,37.20,12.80,504,0.27,54.9,1,0,0.00,0.00,0.00,1.56,0.00,0.00,0,0,0.00,0
2026-05-10 18:32:05,208.93,0,0,0,0,0,0,0,0.00,1,0.00,0.00,0.00,0.00,0.00,P,0.00,1.56,0.88,1.73,1.34,^,0.00,,35.70,12.80,504,1.28,55.4,1,0,0.00,0.00,0.00,1.56,0.00,0.00,0,0,0.00,0
2026-05-10 18:32:06,209.93,0,0,0,0,0,0,0,0.00,1,0.00,0.00,0.00,0.00,0.00,P,0.00,1.56,0.88,1.72,1.34,^,0.00,,36.20,12.80,504,2.28,56.5,1,0,0.00,0.00,0.00,1.56,0.00,0.00,0,0,0.00,0
2026-05-10 18:32:07,210.93,0,0,0,0,0,0,0,0.00,1,0.00,0.00,0.00,0.00,0.00,P,0.00,1.56,0.88,1.73,1.34,^,0.00,,36.70,12.80,504,3.28,56.5,1,0,0.00,0.00,0.00,1.56,0.00,0.00,0,0,0.00,0
2026-05-10 18:32:08,212.04,0,0,0,0,0,0,0,0.00,1,0.00,0.00,0.00,0.00,0.00,P,0.00,1.56,0.88,1.73,1.34,^,0.00,,33.30,12.80,504,1.05,53.8,1,0,0.00,0.00,0.00,1.56,0.00,0.00,0,0,0.00,0
2026-05-10 18:32:09,212.94,0,0,0,0,0,0,0,0.00,1,0.00,0.00,0.00,0.00,0.00,P,0.00,1.56,0.88,1.73,1.34,^,0.00,,37.10,12.80,504,1.95,56.0,1,0,0.00,0.00,0.00,1.56,0.00,0.00,0,0,0.00,0
2026-05-10 18:32:10,213.95,0,0,0,0,0,0,0,0.00,1,0.00,0.00,0.00,0.00,0.00,P,0.00,1.56,0.88,1.73,1.34,^,0.00,,36.10,12.80,504,2.95,55.4,1,0,0.00,0.00,0.00,1.56,0.00,0.00,0,0,0.00,0
2026-05-10 18:32:11,214.96,0,0,0,0,0,0,0,0.00,1,0.00,0.00,0.00,0.00,0.00,P,0.00,1.56,0.88,1.72,1.33,^,0.00,,36.30,12.80,504,3.96,53.8,1,0,0.00,0.00,0.00,1.56,0.00,0.00,0,0,0.00,0
2026-05-10 18:32:12,215.96,0,0,0,0,0,0,0,0.00,1,0.00,0.00,0.00,0.00,0.00,P,0.00,1.56,0.88,1.73,1.34,^,0.00,,35.90,12.80,504,4.96,55.4,1,0,0.00,0.00,0.00,1.56,0.00,0.00,0,0,0.00,0
2026-05-10 18:32:13,216.97,0,0,0,0,0,0,0,0.00,1,0.00,0.00,0.00,0.00,0.00,P,0.00,1.56,0.88,1.72,1.34,^,0.00,,36.40,12.80,504,5.98,55.4,1,0,0.00,0.00,0.00,1.56,0.00,0.00,0,0,0.00,0
2026-05-10 18:32:14,217.98,0,0,0,0,0,0,0,0.00,1,0.00,0.00,0.00,0.00,0.00,P,0.00,1.56,0.88,1.73,1.34,^,0.00,,37.20,12.80,504,6.98,57.1,1,0,0.00,0.00,0.00,1.56,0.00,0.00,0,0,0.00,0
2026-05-10 18:32:15,219.00,0,0,0,0,0,0,0,0.00,1,0.00,0.00,0.00,0.00,0.00,P,0.00,1.56,0.88,1.73,1.34,^,0.00,,37.00,12.80,504,0.28,56.5,1,0,0.00,0.00,0.00,1.56,0.00,0.00,0,0,0.00,0
2026-05-10 18:32:16,220.02,0,0,0,0,0,0,0,0.00,1,0.00,0.00,0.00,0.00,0.00,P,0.00,1.56,0.88,1.73,1.33,^,0.00,,37.00,12.80,504,0.79,55.4,1,0,0.00,0.00,0.00,1.56,0.00,0.00,0,0,0.00,0
2026-05-10 18:32:17,221.03,0,0,0,0,0,0,0,0.00,1,0.00,0.00,0.00,0.00,0.00,P,0.00,1.56,0.88,1.72,1.35,^,0.00,,35.80,12.80,504,1.81,54.3,1,0,0.00,0.00,0.00,1.56,0.00,0.00,0,0,0.00,0
2026-05-10 18:32:18,222.03,0,0,0,0,0,0,0,0.00,1,0.00,0.00,0.00,0.00,0.00,P,0.00,1.56,0.88,1.72,1.34,^,0.00,,38.00,12.80,504,2.80,55.4,1,0,0.00,0.00,0.00,1.56,0.00,0.00,0,0,0.00,0
2026-05-10 18:32:19,223.04,0,0,0,0,0,0,0,0.00,1,0.00,0.00,0.00,0.00,0.00,P,0.00,1.56,0.88,1.72,1.34,^,0.00,,35.90,12.80,504,3.82,56.0,1,0,0.00,0.00,0.00,1.56,0.00,0.00,0,0,0.00,0
2026-05-10 18:32:20,224.04,0,0,0,0,0,0,0,0.00,1,0.00,0.00,0.00,0.00,0.00,P,0.00,1.56,0.88,1.72,1.34,^,0.00,,36.80,12.80,504,4.82,56.0,1,0,0.00,0.00,0.00,1.56,0.00,0.00,0,0,0.00,0
2026-05-10 18:32:21,225.05,0,0,0,0,0,0,0,0.00,1,0.00,0.00,0.00,0.00,0.00,P,0.00,1.56,0.88,1.73,1.35,^,0.00,,37.10,12.80,504,0.13,54.3,1,0,0.00,0.00,0.00,1.56,0.00,0.00,0,0,0.00,0
2026-05-10 18:32:22,226.07,0,0,0,0,0,0,0,0.00,1,0.00,0.00,0.00,0.00,0.00,P,0.00,1.56,0.88,1.73,1.34,^,0.00,,36.60,12.80,504,1.15,55.4,1,0,0.00,0.00,0.00,1.56,0.00,0.00,0,0,0.00,0
2026-05-10 18:32:23,227.09,0,0,0,0,0,0,0,0.00,1,0.00,0.00,0.00,0.00,0.00,P,0.00,1.56,0.88,1.72,1.34,^,0.00,,34.80,12.80,504,2.17,55.4,1,0,0.00,0.00,0.00,1.56,0.00,0.00,0,0,0.00,0
2026-05-10 18:32:24,228.11,0,0,0,0,0,0,0,0.00,1,0.00,0.00,0.00,0.00,0.00,P,0.00,1.56,0.88,1.72,1.34,^,0.00,,35.60,12.80,504,0.18,54.9,1,0,0.00,0.00,0.00,1.56,0.00,0.00,0,0,0.00,0
2026-05-10 18:32:25,229.13,0,0,0,0,0,0,0,0.00,1,0.00,0.00,0.00,0.00,0.00,P,0.00,1.56,0.88,1.73,1.34,^,0.00,,36.40,12.80,504,1.20,56.5,1,0,0.00,0.00,0.00,1.56,0.00,0.00,0,0,0.00,0
2026-05-10 18:32:26,230.15,0,0,0,0,0,0,0,0.00,1,0.00,0.00,0.00,0.00,0.00,P,0.00,1.56,0.88,1.73,1.34,^,0.00,,37.00,12.80,504,0.33,54.3,1,0,0.00,0.00,0.00,1.56,0.00,0.00,0,0,0.00,0
2026-05-10 18:32:27,231.17,0,0,0,0,0,0,0,0.00,1,0.00,0.00,0.00,0.00,0.00,P,0.00,1.56,0.88,1.73,1.35,^,0.00,,35.40,12.80,504,0.83,55.4,1,0,0.00,0.00,0.00,1.56,0.00,0.00,0,0,0.00,0
2026-05-10 18:32:29,232.19,0,0,0,0,0,0,0,0.00,1,0.00,0.00,0.00,0.00,0.00,P,0.00,1.56,0.88,1.72,1.34,^,0.00,,35.50,12.80,504,0.36,55.4,1,0,0.00,0.00,0.00,1.56,0.00,0.00,0,0,0.00,0
2026-05-10 18:32:30,233.21,0,0,0,0,0,0,0,0.00,1,0.00,0.00,0.00,0.00,0.00,P,0.00,1.56,0.88,1.73,1.34,^,0.00,,36.30,12.80,504,0.07,56.0,1,0,0.00,0.00,0.00,1.56,0.00,0.00,0,0,0.00,0
2026-05-10 18:32:31,234.22,0,0,0,0,0,0,0,0.00,1,0.00,0.00,0.00,0.00,0.00,P,0.00,1.56,0.88,1.73,1.34,^,0.00,,35.40,12.80,504,0.98,57.1,1,0,0.00,0.00,0.00,1.56,0.00,0.00,0,0,0.00,0
2026-05-10 18:32:32,235.23,0,0,0,0,0,0,0,0.00,1,0.00,0.00,0.00,0.00,0.00,P,0.00,1.56,0.88,1.73,1.34,^,0.00,,36.00,12.90,504,1.98,56.0,1,0,0.00,0.00,0.00,1.56,0.00,0.00,0,0,0.00,0
2026-05-10 18:32:33,236.23,0,0,0,0,0,0,0,0.00,1,0.00,0.00,0.00,0.00,0.00,P,0.00,1.56,0.88,1.73,1.34,^,0.00,,36.70,12.80,504,2.99,56.5,1,0,0.00,0.00,0.00,1.56,0.00,0.00,0,0,0.00,0
2026-05-10 18:32:34,237.23,0,0,0,0,0,0,0,0.00,1,0.00,0.00,0.00,0.00,0.00,P,0.00,1.56,0.88,1.72,1.34,^,0.00,,35.20,12.80,504,3.99,54.9,1,0,0.00,0.00,0.00,1.56,0.00,0.00,0,0,0.00,0
2026-05-10 18:32:35,238.25,0,0,0,0,0,0,0,0.00,1,0.00,0.00,0.00,0.00,0.00,P,0.00,1.56,0.88,1.73,1.34,^,0.00,,36.80,12.80,504,5.00,54.9,1,0,0.00,0.00,0.00,1.56,0.00,0.00,0,0,0.00,0
2026-05-10 18:32:36,239.25,0,0,0,0,0,0,0,0.00,1,0.00,0.00,0.00,0.00,0.00,P,0.00,1.56,0.88,1.73,1.34,^,0.00,,37.10,12.80,504,0.72,56.5,1,0,0.00,0.00,0.00,1.56,0.00,0.00,0,0,0.00,0
2026-05-10 18:32:37,240.26,0,0,0,0,0,0,0,0.00,1,0.00,0.00,0.00,0.00,0.00,P,0.00,1.56,0.88,1.73,1.34,^,0.00,,35.80,12.80,504,0.91,56.0,1,0,0.00,0.00,0.00,1.56,0.00,0.00,0,0,0.00,0
2026-05-10 18:32:38,241.28,0,0,0,0,0,0,0,0.00,1,0.00,0.00,0.00,0.00,0.00,P,0.00,1.56,0.88,1.73,1.34,^,0.00,,36.20,12.80,504,1.92,55.4,1,0,0.00,0.00,0.00,1.56,0.00,0.00,0,0,0.00,0
2026-05-10 18:32:39,242.30,0,0,0,0,0,0,0,0.00,1,0.00,0.00,0.00,0.00,0.00,P,0.00,1.56,0.89,1.72,1.34,^,0.00,,36.30,12.80,504,2.95,56.5,1,0,0.00,0.00,0.00,1.56,0.00,0.00,0,0,0.00,0
2026-05-10 18:32:40,243.32,0,0,0,0,0,0,0,0.00,1,0.00,0.00,0.00,0.00,0.00,P,0.00,1.56,0.88,1.72,1.35,^,0.00,,36.50,12.80,504,3.96,55.4,1,0,0.00,0.00,0.00,1.56,0.00,0.00,0,0,0.00,0
2026-05-10 18:32:41,244.34,0,0,0,0,0,0,0,0.00,1,0.00,0.00,0.00,0.00,0.00,P,0.00,1.56,0.88,1.72,1.34,^,0.00,,37.10,12.80,504,4.98,55.4,1,0,0.00,0.00,0.00,1.56,0.00,0.00,0,0,0.00,0
2026-05-10 18:32:42,245.34,0,0,0,0,0,0,0,0.00,1,0.00,0.00,0.00,0.00,0.00,P,0.00,1.56,0.88,1.73,1.34,^,0.00,,36.70,12.80,504,5.99,56.0,1,0,0.00,0.00,0.00,1.56,0.00,0.00,0,0,0.00,0
2026-05-10 18:32:43,246.36,0,0,0,0,0,0,0,0.00,1,0.00,0.00,0.00,0.00,0.00,P,0.00,1.56,0.88,1.73,1.34,^,0.00,,37.00,12.80,504,0.23,56.0,1,0,0.00,0.00,0.00,1.56,0.00,0.00,0,0,0.00,0
2026-05-10 18:32:44,247.38,0,0,0,0,0,0,0,0.00,1,0.00,0.00,0.00,0.00,0.00,P,0.00,1.56,0.88,1.72,1.34,^,0.00,,37.00,12.80,504,1.25,56.0,1,0,0.00,0.00,0.00,1.56,0.00,0.00,0,0,0.00,0
2026-05-10 18:32:45,248.40,0,0,0,0,0,0,0,0.00,1,0.00,0.00,0.00,0.00,0.00,P,0.00,1.56,0.88,1.72,1.34,^,0.00,,36.80,12.80,504,0.04,56.0,1,0,0.00,0.00,0.00,1.56,0.00,0.00,0,0,0.00,0
2026-05-10 18:32:46,249.41,0,0,0,0,0,0,0,0.00,1,0.00,0.00,0.00,0.00,0.00,P,0.00,1.56,0.88,1.73,1.34,^,0.00,,36.50,12.80,504,1.05,56.0,1,0,0.00,0.00,0.00,1.56,0.00,0.00,0,0,0.00,0
2026-05-10 18:32:47,250.44,0,0,0,0,0,0,0,0.00,1,0.00,0.00,0.00,0.00,0.00,P,0.00,1.56,0.88,1.73,1.33,^,0.00,,38.20,12.70,504,2.08,55.4,1,0,0.00,0.00,0.00,1.56,0.00,0.00,0,0,0.00,0
2026-05-10 18:32:48,251.45,0,0,0,0,0,0,0,0.00,1,0.00,0.00,0.00,0.00,0.00,P,0.00,1.56,0.87,1.73,1.34,^,0.00,,36.80,12.80,504,0.93,56.0,1,0,0.00,0.00,0.00,1.56,0.00,0.00,0,0,0.00,0
2026-05-10 18:32:49,252.46,0,0,0,0,0,0,0,0.00,1,0.00,0.00,0.00,0.00,0.00,P,0.00,1.56,0.88,1.73,1.34,^,0.00,,37.40,12.80,504,1.94,57.1,1,0,0.00,0.00,0.00,1.56,0.00,0.00,0,0,0.00,0
2026-05-10 18:32:50,253.47,0,0,0,0,0,0,0,0.00,1,0.00,0.00,0.00,0.00,0.00,P,0.00,1.56,0.88,1.72,1.34,^,0.00,,36.20,12.80,504,2.95,57.1,1,0,0.00,0.00,0.00,1.56,0.00,0.00,0,0,0.00,0
2026-05-10 18:32:51,254.48,0,0,0,0,0,0,0,0.00,1,0.00,0.00,0.00,0.00,0.00,P,0.00,1.56,0.88,1.72,1.34,^,0.00,,35.60,12.80,504,3.96,56.0,1,0,0.00,0.00,0.00,1.56,0.00,0.00,0,0,0.00,0
2026-05-10 18:32:52,255.49,0,0,0,0,0,0,0,0.00,1,0.00,0.00,0.00,0.00,0.00,P,0.00,1.56,0.88,1.72,1.34,^,0.00,,36.90,12.80,504,4.97,56.5,1,0,0.00,0.00,0.00,1.56,0.00,0.00,0,0,0.00,0
2026-05-10 18:32:53,256.50,0,0,0,0,0,0,0,0.00,1,0.00,0.00,0.00,0.00,0.00,P,0.00,1.56,0.88,1.73,1.34,^,0.00,,37.10,12.90,504,0.10,56.0,1,0,0.00,0.00,0.00,1.56,0.00,0.00,0,0,0.00,0
2026-05-10 18:32:54,257.51,0,0,0,0,0,0,0,0.00,1,0.00,0.00,0.00,0.00,0.00,P,0.00,1.56,0.88,1.73,1.34,^,0.00,,35.70,12.90,504,0.35,57.1,1,0,0.00,0.00,0.00,1.56,0.00,0.00,0,0,0.00,0
2026-05-10 18:32:55,258.52,0,0,0,0,0,0,0,0.00,1,0.00,0.00,0.00,0.00,0.00,P,0.00,1.56,0.88,1.72,1.34,^,0.00,,36.80,12.90,504,1.37,56.5,1,0,0.00,0.00,0.00,1.56,0.00,0.00,0,0,0.00,0
2026-05-10 18:32:56,259.54,0,0,0,0,0,0,0,0.00,1,0.00,0.00,0.00,0.00,0.00,P,0.00,1.56,0.88,1.72,1.34,^,0.00,,35.40,12.80,504,2.38,57.1,1,0,0.00,0.00,0.00,1.56,0.00,0.00,0,0,0.00,0
2026-05-10 18:32:57,260.56,0,0,0,0,0,0,0,0.00,1,0.00,0.00,0.00,0.00,0.00,P,0.00,1.56,0.88,1.72,1.34,^,0.00,,36.20,12.80,504,3.41,57.1,1,0,0.00,0.00,0.00,1.56,0.00,0.00,0,0,0.00,0
2026-05-10 18:32:58,261.58,0,0,0,0,0,0,0,0.00,1,0.00,0.00,0.00,0.00,0.00,P,0.00,1.56,0.88,1.73,1.34,^,0.00,,37.10,12.80,504,0.70,57.6,1,0,0.00,0.00,0.00,1.56,0.00,0.00,0,0,0.00,0
2026-05-10 18:32:59,262.58,0,0,0,0,0,0,0,0.00,1,0.00,0.00,0.00,0.00,0.00,P,0.00,1.56,0.88,1.73,1.34,^,0.00,,36.30,12.80,504,1.70,57.1,1,0,0.00,0.00,0.00,1.56,0.00,0.00,0,0,0.00,0
2026-05-10 18:33:00,263.58,0,0,0,0,0,0,0,0.00,1,0.00,0.00,0.00,0.00,0.00,P,0.00,1.56,0.88,1.72,1.34,^,0.00,,35.50,12.80,504,2.70,56.0,1,0,0.00,0.00,0.00,1.56,0.00,0.00,0,0,0.00,0
2026-05-10 18:33:01,264.60,0,0,0,0,0,0,0,0.00,1,0.00,0.00,0.00,0.00,0.00,P,0.00,1.56,0.87,1.72,1.34,^,0.00,,37.80,12.80,504,3.72,57.1,1,0,0.00,0.00,0.00,1.56,0.00,0.00,0,0,0.00,0
2026-05-10 18:33:02,265.62,0,0,0,0,0,0,0,0.00,1,0.00,0.00,0.00,0.00,0.00,P,0.00,1.56,0.88,1.73,1.34,^,0.00,,36.20,12.80,504,4.74,55.4,1,0,0.00,0.00,0.00,1.56,0.00,0.00,0,0,0.00,0
2026-05-10 18:33:03,266.65,0,0,0,0,0,0,0,0.00,1,0.00,0.00,0.00,0.00,0.00,P,0.00,1.56,0.88,1.72,1.34,^,0.00,,36.80,12.80,504,5.76,56.0,1,0,0.00,0.00,0.00,1.56,0.00,0.00,0,0,0.00,0
2026-05-10 18:33:04,267.75,0,0,0,0,0,0,0,0.00,1,0.00,0.00,0.00,0.00,0.00,P,0.00,1.56,0.88,1.72,1.34,^,0.00,,34.40,12.80,504,6.87,56.0,1,0,0.00,0.00,0.00,1.56,0.00,0.00,0,0,0.00,0
2026-05-10 18:33:05,268.66,0,0,0,0,0,0,0,0.00,1,0.00,0.00,0.00,0.00,0.00,P,0.00,1.56,0.88,1.73,1.34,^,0.00,,35.70,12.80,504,7.78,56.5,1,0,0.00,0.00,0.00,1.56,0.00,0.00,0,0,0.00,0
2026-05-10 18:33:06,269.67,0,0,0,0,0,0,0,0.00,1,0.00,0.00,0.00,0.00,0.00,P,0.00,1.56,0.88,1.73,1.34,^,0.00,,36.40,12.80,504,0.04,56.5,1,0,0.00,0.00,0.00,1.56,0.00,0.00,0,0,0.00,0
2026-05-10 18:33:07,270.68,0,0,0,0,0,0,0,0.00,1,0.00,0.00,0.00,0.00,0.00,P,0.00,1.56,0.88,1.72,1.35,^,0.00,,35.30,12.80,504,0.59,57.1,1,0,0.00,0.00,0.00,1.56,0.00,0.00,0,0,0.00,0
2026-05-10 18:33:08,271.69,0,0,0,0,0,0,0,0.00,1,0.00,0.00,0.00,0.00,0.00,P,0.00,1.56,0.88,1.73,1.34,^,0.00,,36.20,12.80,504,1.60,56.5,1,0,0.00,0.00,0.00,1.56,0.00,0.00,0,0,0.00,0
2026-05-10 18:33:09,272.69,0,0,0,0,0,0,0,0.00,1,0.00,0.00,0.00,0.00,0.00,P,0.00,1.56,0.88,1.73,1.34,^,0.00,,35.60,12.80,504,2.61,55.4,1,0,0.00,0.00,0.00,1.56,0.00,0.00,0,0,0.00,0
2026-05-10 18:33:10,273.71,0,0,0,0,0,0,0,0.00,1,0.00,0.00,0.00,0.00,0.00,P,0.00,1.56,0.88,1.72,1.34,^,0.00,,36.10,12.80,504,3.62,56.0,1,0,0.00,0.00,0.00,1.56,0.00,0.00,0,0,0.00,0
2026-05-10 18:33:11,274.73,0,0,0,0,0,0,0,0.00,1,0.00,0.00,0.00,0.00,0.00,P,0.00,1.56,0.88,1.72,1.34,^,0.00,,37.10,12.80,504,4.64,56.5,1,0,0.00,0.00,0.00,1.56,0.00,0.00,0,0,0.00,0
2026-05-10 18:33:12,275.74,0,0,0,0,0,0,0,0.00,1,0.00,0.00,0.00,0.00,0.00,P,0.00,1.56,0.88,1.72,1.34,^,0.00,,36.70,12.80,504,0.71,56.5,1,0,0.00,0.00,0.00,1.56,0.00,0.00,0,0,0.00,0
2026-05-10 18:33:13,276.76,0,0,0,0,0,0,0,0.00,1,0.00,0.00,0.00,0.00,0.00,P,0.00,1.56,0.88,1.73,1.33,^,0.00,,35.40,12.80,504,0.19,57.1,1,0,0.00,0.00,0.00,1.56,0.00,0.00,0,0,0.00,0
2026-05-10 18:33:14,277.76,0,0,0,0,0,0,0,0.00,1,0.00,0.00,0.00,0.00,0.00,P,0.00,1.56,0.88,1.73,1.34,^,0.00,,37.30,12.80,504,1.19,55.4,1,0,0.00,0.00,0.00,1.56,0.00,0.00,0,0,0.00,0
2026-05-10 18:33:15,278.76,0,0,0,0,0,0,0,0.00,1,0.00,0.00,0.00,0.00,0.00,P,0.00,1.56,0.88,1.73,1.34,^,0.00,,37.20,12.80,504,2.20,56.5,1,0,0.00,0.00,0.00,1.56,0.00,0.00,0,0,0.00,0
2026-05-10 18:33:16,279.78,0,0,0,0,0,0,0,0.00,1,0.00,0.00,0.00,0.00,0.00,P,0.00,1.56,0.88,1.72,1.35,^,0.00,,35.60,12.80,504,3.22,56.0,1,0,0.00,0.00,0.00,1.56,0.00,0.00,0,0,0.00,0
2026-05-10 18:33:17,280.80,0,0,0,0,0,0,0,0.00,1,0.00,0.00,0.00,0.00,0.00,P,0.00,1.56,0.87,1.73,1.34,^,0.00,,37.00,12.80,504,0.43,55.4,1,0,0.00,0.00,0.00,1.56,0.00,0.00,0,0,0.00,0
2026-05-10 18:33:18,281.82,0,0,0,0,0,0,0,0.00,1,0.00,0.00,0.00,0.00,0.00,P,0.00,1.56,0.88,1.73,1.34,^,0.00,,35.80,12.80,504,0.04,56.0,1,0,0.00,0.00,0.00,1.56,0.00,0.00,0,0,0.00,0
2026-05-10 18:33:19,282.83,0,0,0,0,0,0,0,0.00,1,0.00,0.00,0.00,0.00,0.00,P,0.00,1.56,0.88,1.73,1.34,^,0.00,,35.50,12.80,504,1.06,55.4,1,0,0.00,0.00,0.00,1.56,0.00,0.00,0,0,0.00,0
2026-05-10 18:33:20,283.85,0,0,0,0,0,0,0,0.00,1,0.00,0.00,0.00,0.00,0.00,P,0.00,1.56,0.88,1.73,1.34,^,0.00,,35.60,12.80,504,2.08,56.5,1,0,0.00,0.00,0.00,1.56,0.00,0.00,0,0,0.00,0
2026-05-10 18:33:21,284.87,0,0,0,0,0,0,0,0.00,1,0.00,0.00,0.00,0.00,0.00,P,0.00,1.56,0.88,1.72,1.34,^,0.00,,36.00,12.80,504,0.54,55.4,1,0,0.00,0.00,0.00,1.56,0.00,0.00,0,0,0.00,0
2026-05-10 18:33:22,285.89,0,0,0,0,0,0,0,0.00,1,0.00,0.00,0.00,0.00,0.00,P,0.00,1.56,0.88,1.72,1.33,^,0.00,,36.70,12.80,504,1.56,55.4,1,0,0.00,0.00,0.00,1.56,0.00,0.00,0,0,0.00,0
2026-05-10 18:33:23,286.90,0,0,0,0,0,0,0,0.00,1,0.00,0.00,0.00,0.00,0.00,P,0.00,1.56,0.88,1.72,1.33,^,0.00,,35.60,12.80,504,2.57,56.0,1,0,0.00,0.00,0.00,1.56,0.00,0.00,0,0,0.00,0
2026-05-10 18:33:24,287.90,0,0,0,0,0,0,0,0.00,1,0.00,0.00,0.00,0.00,0.00,P,0.00,1.56,0.88,1.72,1.34,^,0.00,,36.20,12.80,504,3.57,55.4,1,0,0.00,0.00,0.00,1.56,0.00,0.00,0,0,0.00,0
2026-05-10 18:33:25,288.90,0,0,0,0,0,0,0,0.00,1,0.00,0.00,0.00,0.00,0.00,P,0.00,1.56,0.88,1.73,1.34,^,0.00,,35.40,12.70,504,4.58,54.9,1,0,0.00,0.00,0.00,1.56,0.00,0.00,0,0,0.00,0
2026-05-10 18:33:26,289.90,0,0,0,0,0,0,0,0.00,1,0.00,0.00,0.00,0.00,0.00,P,0.00,1.56,0.88,1.72,1.34,^,0.00,,36.00,12.80,504,0.18,56.5,1,0,0.00,0.00,0.00,1.56,0.00,0.00,0,0,0.00,0
2026-05-10 18:33:27,290.92,0,0,0,0,0,0,0,0.00,1,0.00,0.00,0.00,0.00,0.00,P,0.00,1.56,0.87,1.72,1.34,^,0.00,,36.00,12.80,504,0.85,56.5,1,0,0.00,0.00,0.00,1.56,0.00,0.00,0,0,0.00,0
2026-05-10 18:33:28,291.93,0,0,0,0,0,0,0,0.00,1,0.00,0.00,0.00,0.00,0.00,P,0.00,1.56,0.88,1.73,1.34,^,0.00,,36.70,12.80,504,1.86,56.5,1,0,0.00,0.00,0.00,1.56,0.00,0.00,0,0,0.00,0
2026-05-10 18:33:29,292.93,0,0,0,0,0,0,0,0.00,1,0.00,0.00,0.00,0.00,0.00,P,0.00,1.56,0.88,1.72,1.35,^,0.00,,35.10,12.80,504,0.67,56.0,1,0,0.00,0.00,0.00,1.56,0.00,0.00,0,0,0.00,0
2026-05-10 18:33:30,293.95,0,0,0,0,0,0,0,0.00,1,0.00,0.00,0.00,0.00,0.00,P,0.00,1.56,0.88,1.73,1.34,^,0.00,,35.50,12.80,504,1.69,56.5,1,0,0.00,0.00,0.00,1.56,0.00,0.00,0,0,0.00,0
2026-05-10 18:33:31,294.97,0,0,0,0,0,0,0,0.00,1,0.00,0.00,0.00,0.00,0.00,P,0.00,1.56,0.88,1.73,1.34,^,0.00,,37.50,12.80,504,0.75,56.0,1,0,0.00,0.00,0.00,1.56,0.00,0.00,0,0,0.00,0
2026-05-10 18:33:32,295.99,0,0,0,0,0,0,0,0.00,1,0.00,0.00,0.00,0.00,0.00,P,0.00,1.56,0.88,1.72,1.34,^,0.00,,35.00,12.80,504,1.77,56.5,1,0,0.00,0.00,0.00,1.56,0.00,0.00,0,0,0.00,0
2026-05-10 18:33:33,297.01,0,0,0,0,0,0,0,0.00,1,0.00,0.00,0.00,0.00,0.00,P,0.00,1.56,0.88,1.73,1.34,^,0.00,,36.40,12.80,504,0.06,55.4,1,0,0.00,0.00,0.00,1.56,0.00,0.00,0,0,0.00,0
2026-05-10 18:33:34,298.02,0,0,0,0,0,0,0,0.00,1,0.00,0.00,0.00,0.00,0.00,P,0.00,1.56,0.88,1.72,1.34,^,0.00,,36.20,12.80,504,0.35,57.1,1,0,0.00,0.00,0.00,1.56,0.00,0.00,0,0,0.00,0
2026-05-10 18:33:35,299.04,0,0,0,0,0,0,0,0.00,1,0.00,0.00,0.00,0.00,0.00,P,0.00,1.56,0.88,1.73,1.34,^,0.00,,36.00,12.80,504,0.31,57.6,1,0,0.00,0.00,0.00,1.56,0.00,0.00,0,0,0.00,0
2026-05-10 18:33:36,300.05,0,0,0,0,0,0,0,0.00,1,0.00,0.00,0.00,0.00,0.00,P,0.00,1.56,0.88,1.72,1.34,^,0.00,,36.80,12.80,504,0.13,56.0,1,0,0.00,0.00,0.00,1.56,0.00,0.00,0,0,0.00,0
2026-05-10 18:33:37,301.06,0,0,0,0,0,0,0,0.00,1,0.00,0.00,0.00,0.00,0.00,P,0.00,1.56,0.88,1.72,1.34,^,0.00,,36.40,12.80,504,1.14,56.5,1,0,0.00,0.00,0.00,1.56,0.00,0.00,0,0,0.00,0
2026-05-10 18:33:38,302.07,0,0,0,0,0,0,0,0.00,1,0.00,0.00,0.00,0.00,0.00,P,0.00,1.56,0.88,1.73,1.34,^,0.00,,37.10,12.80,504,0.11,56.5,1,0,0.00,0.00,0.00,1.56,0.00,0.00,0,0,0.00,0
2026-05-10 18:33:39,303.09,0,0,0,0,0,0,0,0.00,1,0.00,0.00,0.00,0.00,0.00,P,0.00,1.56,0.88,1.72,1.34,^,0.00,,35.30,12.80,504,1.13,56.0,1,0,0.00,0.00,0.00,1.56,0.00,0.00,0,0,0.00,0
2026-05-10 18:33:40,304.12,0,0,0,0,0,0,0,0.00,1,0.00,0.00,0.00,0.00,0.00,P,0.00,1.56,0.88,1.72,1.34,^,0.00,,36.10,12.80,504,2.15,56.5,1,0,0.00,0.00,0.00,1.56,0.00,0.00,0,0,0.00,0
2026-05-10 18:33:41,305.13,0,0,0,0,0,0,0,0.00,1,0.00,0.00,0.00,0.00,0.00,P,0.00,1.56,0.88,1.73,1.34,^,0.00,,36.40,12.80,504,0.56,57.6,1,0,0.00,0.00,0.00,1.56,0.00,0.00,0,0,0.00,0
2026-05-10 18:33:42,306.15,0,0,0,0,0,0,0,0.00,1,0.00,0.00,0.00,0.00,0.00,P,0.00,1.56,0.88,1.73,1.34,^,0.00,,36.60,12.80,504,0.47,57.1,1,0,0.00,0.00,0.00,1.56,0.00,0.00,0,0,0.00,0
2026-05-10 18:33:43,307.15,0,0,0,0,0,0,0,0.00,1,0.00,0.00,0.00,0.00,0.00,P,0.00,1.56,0.88,1.72,1.34,^,0.00,,37.70,12.80,504,1.48,57.1,1,0,0.00,0.00,0.00,1.56,0.00,0.00,0,0,0.00,0
2026-05-10 18:33:44,308.17,0,0,0,0,0,0,0,0.00,1,0.00,0.00,0.00,0.00,0.00,P,0.00,1.56,0.88,1.72,1.34,^,0.00,,35.90,12.80,504,0.56,56.5,1,0,0.00,0.00,0.00,1.56,0.00,0.00,0,0,0.00,0
2026-05-10 18:33:45,309.17,0,0,0,0,0,0,0,0.00,1,0.00,0.00,0.00,0.00,0.00,P,0.00,1.56,0.88,1.72,1.34,^,0.00,,36.20,12.80,504,1.57,57.1,1,0,0.00,0.00,0.00,1.56,0.00,0.00,0,0,0.00,0
2026-05-10 18:33:47,310.28,0,0,0,0,0,0,0,0.00,1,0.00,0.00,0.00,0.00,0.00,P,0.00,1.56,0.88,1.73,1.34,^,0.00,,33.90,12.80,504,2.68,57.1,1,0,0.00,0.00,0.00,1.56,0.00,0.00,0,0,0.00,0
2026-05-10 18:33:48,311.19,0,0,0,0,0,0,0,0.00,1,0.00,0.00,0.00,0.00,0.00,P,0.00,1.56,0.88,1.72,1.34,^,0.00,,35.40,12.80,504,3.59,57.6,1,0,0.00,0.00,0.00,1.56,0.00,0.00,0,0,0.00,0
2026-05-10 18:33:49,312.20,0,0,0,0,0,0,0,0.00,1,0.00,0.00,0.00,0.00,0.00,P,0.00,1.56,0.88,1.72,1.34,^,0.00,,36.90,12.80,504,0.57,57.1,1,0,0.00,0.00,0.00,1.56,0.00,0.00,0,0,0.00,0
2026-05-10 18:33:50,313.22,0,0,0,0,0,0,0,0.00,1,0.00,0.00,0.00,0.00,0.00,P,0.00,1.56,0.87,1.73,1.34,^,0.00,,36.50,12.80,504,1.59,57.6,1,0,0.00,0.00,0.00,1.56,0.00,0.00,0,0,0.00,0
2026-05-10 18:33:51,314.24,0,0,0,0,0,0,0,0.00,1,0.00,0.00,0.00,0.00,0.00,P,0.00,1.56,0.88,1.73,1.34,^,0.00,,36.70,12.80,504,0.90,57.6,1,0,0.00,0.00,0.00,1.56,0.00,0.00,0,0,0.00,0
2026-05-10 18:33:52,315.25,0,0,0,0,0,0,0,0.00,1,0.00,0.00,0.00,0.00,0.00,P,0.00,1.56,0.88,1.73,1.35,^,0.00,,36.10,12.80,504,1.91,57.6,1,0,0.00,0.00,0.00,1.56,0.00,0.00,0,0,0.00,0
2026-05-10 18:33:53,316.26,0,0,0,0,0,0,0,0.00,1,0.00,0.00,0.00,0.00,0.00,P,0.00,1.56,0.88,1.72,1.34,^,0.00,,35.50,12.80,504,0.30,57.6,1,0,0.00,0.00,0.00,1.56,0.00,0.00,0,0,0.00,0
2026-05-10 18:33:54,317.38,0,0,0,0,0,0,0,0.00,1,0.00,0.00,0.00,0.00,0.00,P,0.00,1.56,0.88,1.73,1.34,^,0.00,,33.60,12.80,504,1.42,56.5,1,0,0.00,0.00,0.00,1.56,0.00,0.00,0,0,0.00,0
2026-05-10 18:33:55,318.28,0,0,0,0,0,0,0,0.00,1,0.00,0.00,0.00,0.00,0.00,P,0.00,1.56,0.88,1.72,1.34,^,0.00,,34.60,12.80,504,2.32,56.0,1,0,0.00,0.00,0.00,1.56,0.00,0.00,0,0,0.00,0
2026-05-10 18:33:56,319.30,0,0,0,0,0,0,0,0.00,1,0.00,0.00,0.00,0.00,0.00,P,0.00,1.56,0.88,1.73,1.34,^,0.00,,35.20,12.80,504,0.10,57.1,1,0,0.00,0.00,0.00,1.56,0.00,0.00,0,0,0.00,0
2026-05-10 18:33:57,320.33,0,0,0,0,0,0,0,0.00,1,0.00,0.00,0.00,0.00,0.00,P,0.00,1.56,0.88,1.72,1.34,^,0.00,,36.40,12.80,504,1.13,57.1,1,0,0.00,0.00,0.00,1.56,0.00,0.00,0,0,0.00,0
2026-05-10 18:33:58,321.33,0,0,0,0,0,0,0,0.00,1,0.00,0.00,0.00,0.00,0.00,P,0.00,1.56,0.87,1.72,1.34,^,0.00,,36.50,12.80,504,2.13,57.6,1,0,0.00,0.00,0.00,1.56,0.00,0.00,0,0,0.00,0
2026-05-10 18:33:59,322.35,0,0,0,0,0,0,0,0.00,1,0.00,0.00,0.00,0.00,0.00,P,0.00,1.56,0.88,1.73,1.34,^,0.00,,36.70,12.80,504,0.35,57.1,1,0,0.00,0.00,0.00,1.56,0.00,0.00,0,0,0.00,0
2026-05-10 18:34:00,323.37,0,0,0,0,0,0,0,0.00,1,0.00,0.00,0.00,0.00,0.00,P,0.00,1.56,0.88,1.73,1.34,^,0.00,,37.00,12.80,504,0.68,57.1,1,0,0.00,0.00,0.00,1.56,0.00,0.00,0,0,0.00,0
2026-05-10 18:34:01,324.39,0,0,0,0,0,0,0,0.00,1,0.00,0.00,0.00,0.00,0.00,P,0.00,1.56,0.88,1.73,1.34,^,0.00,,35.50,12.80,504,1.70,57.1,1,0,0.00,0.00,0.00,1.56,0.00,0.00,0,0,0.00,0
2026-05-10 18:34:02,325.41,0,0,0,0,0,0,0,0.00,1,0.00,0.00,0.00,0.00,0.00,P,0.00,1.56,0.88,1.72,1.34,^,0.00,,35.20,12.80,504,2.73,56.0,1,0,0.00,0.00,0.00,1.56,0.00,0.00,0,0,0.00,0
2026-05-10 18:34:03,326.42,0,0,0,0,0,0,0,0.00,1,0.00,0.00,0.00,0.00,0.00,P,0.00,1.56,0.88,1.73,1.34,^,0.00,,36.70,12.70,504,0.36,57.1,1,0,0.00,0.00,0.00,1.56,0.00,0.00,0,0,0.00,0
2026-05-10 18:34:04,327.44,0,0,0,0,0,0,0,0.00,1,0.00,0.00,0.00,0.00,0.00,P,0.00,1.56,0.88,1.72,1.34,^,0.00,,35.30,12.80,504,1.38,57.6,1,0,0.00,0.00,0.00,1.56,0.00,0.00,0,0,0.00,0
2026-05-10 18:34:05,328.45,0,0,0,0,0,0,0,0.00,1,0.00,0.00,0.00,0.00,0.00,P,0.00,1.56,0.88,1.73,1.35,^,0.00,,36.80,12.80,504,2.38,56.5,1,0,0.00,0.00,0.00,1.56,0.00,0.00,0,0,0.00,0
2026-05-10 18:34:06,329.46,0,0,0,0,0,0,0,0.00,1,0.00,0.00,0.00,0.00,0.00,P,0.00,1.56,0.88,1.73,1.34,^,0.00,,36.50,12.80,504,3.39,58.2,1,0,0.00,0.00,0.00,1.56,0.00,0.00,0,0,0.00,0
2026-05-10 18:34:07,330.46,0,0,0,0,0,0,0,0.00,1,0.00,0.00,0.00,0.00,0.00,P,0.00,1.56,0.88,1.73,1.34,^,0.00,,36.70,12.80,504,4.39,58.2,1,0,0.00,0.00,0.00,1.56,0.00,0.00,0,0,0.00,0
2026-05-10 18:34:08,331.46,0,0,0,0,0,0,0,0.00,1,0.00,0.00,0.00,0.00,0.00,P,0.00,1.56,0.88,1.72,1.34,^,0.00,,36.00,12.80,504,5.39,57.1,1,0,0.00,0.00,0.00,1.56,0.00,0.00,0,0,0.00,0
2026-05-10 18:34:09,332.48,0,0,0,0,0,0,0,0.00,1,0.00,0.00,0.00,0.00,0.00,P,0.00,1.56,0.88,1.73,1.34,^,0.00,,38.10,12.80,504,6.41,57.6,1,0,0.00,0.00,0.00,1.56,0.00,0.00,0,0,0.00,0
2026-05-10 18:34:10,333.49,0,0,0,0,0,0,0,0.00,1,0.00,0.00,0.00,0.00,0.00,P,0.00,1.56,0.88,1.73,1.34,^,0.00,,35.80,12.80,504,7.43,57.6,1,0,0.00,0.00,0.00,1.56,0.00,0.00,0,0,0.00,0
2026-05-10 18:34:11,334.51,0,0,0,0,0,0,0,0.00,1,0.00,0.00,0.00,0.00,0.00,P,0.00,1.56,0.88,1.72,1.34,^,0.00,,36.20,12.80,504,8.45,57.6,1,0,0.00,0.00,0.00,1.56,0.00,0.00,0,0,0.00,0
2026-05-10 18:34:12,335.53,0,0,0,0,0,0,0,0.00,1,0.00,0.00,0.00,0.00,0.00,P,0.00,1.56,0.88,1.73,1.34,^,0.00,,36.70,12.70,504,9.46,58.2,1,0,0.00,0.00,0.00,1.56,0.00,0.00,0,0,0.00,0
2026-05-10 18:34:13,336.54,0,0,0,0,0,0,0,0.00,1,0.00,0.00,0.00,0.00,0.00,P,0.00,1.56,0.88,1.72,1.34,^,0.00,,35.50,12.80,504,10.47,56.5,1,0,0.00,0.00,0.00,1.56,0.00,0.00,0,0,0.00,0
2026-05-10 18:34:14,337.54,0,0,0,0,0,0,0,0.00,1,0.00,0.00,0.00,0.00,0.00,P,0.00,1.56,0.88,1.73,1.34,^,0.00,,37.20,12.80,504,11.48,56.5,1,0,0.00,0.00,0.00,1.56,0.00,0.00,0,0,0.00,0
2026-05-10 18:34:15,338.55,0,0,0,0,0,0,0,0.00,1,0.00,0.00,0.00,0.00,0.00,P,0.00,1.56,0.89,1.72,1.34,^,0.00,,36.50,12.80,504,12.49,57.1,1,0,0.00,0.00,0.00,1.56,0.00,0.00,0,0,0.00,0
2026-05-10 18:34:16,339.57,0,0,0,0,0,0,0,0.00,1,0.00,0.00,0.00,0.00,0.00,P,0.00,1.56,0.88,1.73,1.34,^,0.00,,36.10,12.80,504,13.51,57.1,1,0,0.00,0.00,0.00,1.56,0.00,0.00,0,0,0.00,0
2026-05-10 18:34:17,340.59,0,0,0,0,0,0,0,0.00,1,0.00,0.00,0.00,0.00,0.00,P,0.00,1.56,0.88,1.73,1.35,^,0.00,,35.90,12.80,504,14.53,56.5,1,0,0.00,0.00,0.00,1.56,0.00,0.00,0,0,0.00,0
2026-05-10 18:34:18,341.59,0,0,0,0,0,0,0,0.00,1,0.00,0.00,0.00,0.00,0.00,P,0.00,1.56,0.88,1.73,1.34,^,0.00,,35.70,12.80,504,15.53,57.6,1,0,0.00,0.00,0.00,1.56,0.00,0.00,0,0,0.00,0
2026-05-10 18:34:19,342.70,0,0,0,0,0,0,0,0.00,1,0.00,0.00,0.00,0.00,0.00,P,0.00,1.56,0.88,1.72,1.34,^,0.00,,33.60,12.90,504,16.64,57.1,1,0,0.00,0.00,0.00,1.56,0.00,0.00,0,0,0.00,0
2026-05-10 18:34:20,343.61,0,0,0,0,0,0,0,0.00,1,0.00,0.00,0.00,0.00,0.00,P,0.00,1.56,0.88,1.72,1.34,^,0.00,,36.00,12.90,504,0.73,55.4,1,0,0.00,0.00,0.00,1.56,0.00,0.00,0,0,0.00,0
2026-05-10 18:34:21,344.63,0,0,0,0,0,0,0,0.00,1,0.00,0.00,0.00,0.00,0.00,P,0.00,1.56,0.88,1.73,1.34,^,0.00,,36.10,12.90,504,1.75,56.0,1,0,0.00,0.00,0.00,1.56,0.00,0.00,0,0,0.00,0
2026-05-10 18:34:22,345.65,0,0,0,0,0,0,0,0.00,1,0.00,0.00,0.00,0.00,0.00,P,0.00,1.56,0.87,1.73,1.34,^,0.00,,35.10,12.80,504,2.76,57.1,1,0,0.00,0.00,0.00,1.56,0.00,0.00,0,0,0.00,0
2026-05-10 18:34:23,346.67,0,0,0,0,0,0,0,0.00,1,0.00,0.00,0.00,0.00,0.00,P,0.00,1.56,0.88,1.73,1.34,^,0.00,,36.90,12.80,504,3.78,57.1,1,0,0.00,0.00,0.00,1.56,0.00,0.00,0,0,0.00,0
2026-05-10 18:34:24,347.68,0,0,0,0,0,0,0,0.00,1,0.00,0.00,0.00,0.00,0.00,P,0.00,1.56,0.88,1.72,1.34,^,0.00,,34.90,12.90,504,4.80,56.0,1,0,0.00,0.00,0.00,1.56,0.00,0.00,0,0,0.00,0
2026-05-10 18:34:25,348.71,0,0,0,0,0,0,0,0.00,1,0.00,0.00,0.00,0.00,0.00,P,0.00,1.56,0.88,1.72,1.34,^,0.00,,35.90,12.80,504,5.82,58.2,1,0,0.00,0.00,0.00,1.56,0.00,0.00,0,0,0.00,0
2026-05-10 18:34:26,349.73,0,0,0,0,0,0,0,0.00,1,0.00,0.00,0.00,0.00,0.00,P,0.00,1.56,0.88,1.72,1.34,^,0.00,,35.40,12.80,504,6.84,55.4,1,0,0.00,0.00,0.00,1.56,0.00,0.00,0,0,0.00,0
2026-05-10 18:34:27,350.75,0,0,0,0,0,0,0,0.00,1,0.00,0.00,0.00,0.00,0.00,P,0.00,1.56,0.88,1.72,1.35,^,0.00,,34.40,12.90,504,7.86,56.0,1,0,0.00,0.00,0.00,1.56,0.00,0.00,0,0,0.00,0
2026-05-10 18:34:28,351.85,0,0,0,0,0,0,0,0.00,1,0.00,0.00,0.00,0.00,0.00,P,0.00,1.56,0.88,1.73,1.34,^,0.00,,33.00,12.80,504,8.97,55.4,1,0,0.00,0.00,0.00,1.56,0.00,0.00,0,0,0.00,0
2026-05-10 18:34:29,352.77,0,0,0,0,0,0,0,0.00,1,0.00,0.00,0.00,0.00,0.00,P,0.00,1.56,0.88,1.72,1.34,^,0.00,,35.50,12.80,504,9.89,55.4,1,0,0.00,0.00,0.00,1.56,0.00,0.00,0,0,0.00,0
2026-05-10 18:34:30,353.78,0,0,0,0,0,0,0,0.00,1,0.00,0.00,0.00,0.00,0.00,P,0.00,1.56,0.88,1.73,1.34,^,0.00,,36.10,12.80,504,10.90,56.5,1,0,0.00,0.00,0.00,1.56,0.00,0.00,0,0,0.00,0
2026-05-10 18:34:31,354.80,0,0,0,0,0,0,0,0.00,1,0.00,0.00,0.00,0.00,0.00,P,0.00,1.56,0.88,1.72,1.34,^,0.00,,35.90,12.80,504,0.63,57.1,1,0,0.00,0.00,0.00,1.56,0.00,0.00,0,0,0.00,0
2026-05-10 18:34:32,355.81,0,0,0,0,0,0,0,0.00,1,0.00,0.00,0.00,0.00,0.00,P,0.00,1.56,0.88,1.72,1.34,^,0.00,,36.20,12.80,504,1.64,57.1,1,0,0.00,0.00,0.00,1.56,0.00,0.00,0,0,0.00,0
2026-05-10 18:34:33,356.82,0,0,0,0,0,0,0,0.00,1,0.00,0.00,0.00,0.00,0.00,P,0.00,1.56,0.88,1.73,1.34,^,0.00,,36.00,12.80,504,2.65,58.2,1,0,0.00,0.00,0.00,1.56,0.00,0.00,0,0,0.00,0
2026-05-10 18:34:34,357.82,0,0,0,0,0,0,0,0.00,1,0.00,0.00,0.00,0.00,0.00,P,0.00,1.56,0.88,1.73,1.34,^,0.00,,35.50,12.80,504,3.65,58.2,1,0,0.00,0.00,0.00,1.56,0.00,0.00,0,0,0.00,0
2026-05-10 18:34:35,358.84,0,0,0,0,0,0,0,0.00,1,0.00,0.00,0.00,0.00,0.00,P,0.00,1.56,0.88,1.72,1.34,^,0.00,,35.80,12.80,504,4.67,56.5,1,0,0.00,0.00,0.00,1.56,0.00,0.00,0,0,0.00,0
2026-05-10 18:34:36,359.85,0,0,0,0,0,0,0,0.00,1,0.00,0.00,0.00,0.00,0.00,P,0.00,1.56,0.88,1.73,1.35,^,0.00,,36.70,12.80,504,0.03,58.2,1,0,0.00,0.00,0.00,1.56,0.00,0.00,0,0,0.00,0
2026-05-10 18:34:37,360.86,0,0,0,0,0,0,0,0.00,1,0.00,0.00,0.00,0.00,0.00,P,0.00,1.56,0.88,1.73,1.34,^,0.00,,37.00,12.80,504,1.05,57.1,1,0,0.00,0.00,0.00,1.56,0.00,0.00,0,0,0.00,0
2026-05-10 18:34:38,361.89,0,0,0,0,0,0,0,0.00,1,0.00,0.00,0.00,0.00,0.00,P,0.00,1.56,0.88,1.73,1.34,^,0.00,,36.70,12.80,504,2.07,57.6,1,0,0.00,0.00,0.00,1.56,0.00,0.00,0,0,0.00,0
2026-05-10 18:34:39,362.90,0,0,0,0,0,0,0,0.00,1,0.00,0.00,0.00,0.00,0.00,P,0.00,1.56,0.88,1.73,1.34,^,0.00,,36.50,12.80,504,3.09,56.5,1,0,0.00,0.00,0.00,1.56,0.00,0.00,0,0,0.00,0
2026-05-10 18:34:40,363.92,0,0,0,0,0,0,0,0.00,1,0.00,0.00,0.00,0.00,0.00,P,0.00,1.56,0.88,1.73,1.34,^,0.00,,35.30,12.80,504,4.10,57.1,1,0,0.00,0.00,0.00,1.56,0.00,0.00,0,0,0.00,0
2026-05-10 18:34:41,364.93,0,0,0,0,0,0,0,0.00,1,0.00,0.00,0.00,0.00,0.00,P,0.00,1.56,0.88,1.73,1.34,^,0.00,,36.20,12.80,504,0.74,57.6,1,0,0.00,0.00,0.00,1.56,0.00,0.00,0,0,0.00,0
2026-05-10 18:34:42,365.95,0,0,0,0,0,0,0,0.00,1,0.00,0.00,0.00,0.00,0.00,P,0.00,1.56,0.88,1.73,1.34,^,0.00,,36.20,12.80,504,1.76,58.2,1,0,0.00,0.00,0.00,1.56,0.00,0.00,0,0,0.00,0
2026-05-10 18:34:43,366.97,0,0,0,0,0,0,0,0.00,1,0.00,0.00,0.00,0.00,0.00,P,0.00,1.56,0.88,1.72,1.34,^,0.00,,36.80,12.80,504,0.27,57.6,1,0,0.00,0.00,0.00,1.56,0.00,0.00,0,0,0.00,0
2026-05-10 18:34:44,367.97,0,0,0,0,0,0,0,0.00,1,0.00,0.00,0.00,0.00,0.00,P,0.00,1.56,0.88,1.73,1.33,^,0.00,,35.90,12.80,504,0.80,56.5,1,0,0.00,0.00,0.00,1.56,0.00,0.00,0,0,0.00,0
2026-05-10 18:34:45,368.98,0,0,0,0,0,0,0,0.00,1,0.00,0.00,0.00,0.00,0.00,P,0.00,1.56,0.88,1.73,1.34,^,0.00,,37.00,12.80,504,1.82,57.6,1,0,0.00,0.00,0.00,1.56,0.00,0.00,0,0,0.00,0
2026-05-10 18:34:46,370.00,0,0,0,0,0,0,0,0.00,1,0.00,0.00,0.00,0.00,0.00,P,0.00,1.56,0.88,1.72,1.33,^,0.00,,35.70,12.80,504,0.97,56.5,1,0,0.00,0.00,0.00,1.56,0.00,0.00,0,0,0.00,0
2026-05-10 18:34:47,371.00,0,0,0,0,0,0,0,0.00,1,0.00,0.00,0.00,0.00,0.00,P,0.00,1.56,0.88,1.72,1.34,^,0.00,,35.90,12.80,504,1.98,57.6,1,0,0.00,0.00,0.00,1.56,0.00,0.00,0,0,0.00,0
2026-05-10 18:34:48,372.01,0,0,0,0,0,0,0,0.00,1,0.00,0.00,0.00,0.00,0.00,P,0.00,1.56,0.88,1.72,1.34,^,0.00,,36.40,12.90,504,2.99,56.0,1,0,0.00,0.00,0.00,1.56,0.00,0.00,0,0,0.00,0
2026-05-10 18:34:49,373.02,0,0,0,0,0,0,0,0.00,1,0.00,0.00,0.00,0.00,0.00,P,0.00,1.56,0.88,1.73,1.34,^,0.00,,36.90,12.80,504,0.67,56.5,1,0,0.00,0.00,0.00,1.56,0.00,0.00,0,0,0.00,0
2026-05-10 18:34:50,374.02,0,0,0,0,0,0,0,0.00,1,0.00,0.00,0.00,0.00,0.00,P,0.00,1.56,0.88,1.73,1.34,^,0.00,,36.80,12.80,504,1.68,58.2,1,0,0.00,0.00,0.00,1.56,0.00,0.00,0,0,0.00,0
2026-05-10 18:34:51,375.03,0,0,0,0,0,0,0,0.00,1,0.00,0.00,0.00,0.00,0.00,P,0.00,1.56,0.88,1.73,1.34,^,0.00,,36.20,12.80,504,2.69,57.6,1,0,0.00,0.00,0.00,1.56,0.00,0.00,0,0,0.00,0
2026-05-10 18:34:52,376.15,0,0,0,0,0,0,0,0.00,1,0.00,0.00,0.00,0.00,0.00,P,0.00,1.56,0.88,1.72,1.34,^,0.00,,34.40,12.80,504,3.80,56.0,1,0,0.00,0.00,0.00,1.56,0.00,0.00,0,0,0.00,0
2026-05-10 18:34:53,377.07,0,0,0,0,0,0,0,0.00,1,0.00,0.00,0.00,0.00,0.00,P,0.00,1.56,0.88,1.73,1.34,^,0.00,,35.20,12.80,504,4.72,58.2,1,0,0.00,0.00,0.00,1.56,0.00,0.00,0,0,0.00,0
2026-05-10 18:34:54,378.07,0,0,0,0,0,0,0,0.00,1,0.00,0.00,0.00,0.00,0.00,P,0.00,1.56,0.88,1.73,1.34,^,0.00,,35.80,12.80,504,5.73,58.2,1,0,0.00,0.00,0.00,1.56,0.00,0.00,0,0,0.00,0
2026-05-10 18:34:55,379.09,0,0,0,0,0,0,0,0.00,1,0.00,0.00,0.00,0.00,0.00,P,0.00,1.56,0.88,1.72,1.34,^,0.00,,35.40,12.80,504,6.74,57.6,1,0,0.00,0.00,0.00,1.56,0.00,0.00,0,0,0.00,0
2026-05-10 18:34:56,380.12,0,0,0,0,0,0,0,0.00,1,0.00,0.00,0.00,0.00,0.00,P,0.00,1.56,0.88,1.73,1.33,^,0.00,,35.80,12.80,504,7.77,57.1,1,0,0.00,0.00,0.00,1.56,0.00,0.00,0,0,0.00,0
2026-05-10 18:34:57,381.14,0,0,0,0,0,0,0,0.00,1,0.00,0.00,0.00,0.00,0.00,P,0.00,1.56,0.88,1.73,1.34,^,0.00,,36.10,12.80,504,8.79,57.1,1,0,0.00,0.00,0.00,1.56,0.00,0.00,0,0,0.00,0
2026-05-10 18:34:58,382.16,0,0,0,0,0,0,0,0.00,1,0.00,0.00,0.00,0.00,0.00,P,0.00,1.56,0.88,1.72,1.34,^,0.00,,35.70,12.80,504,9.82,56.5,1,0,0.00,0.00,0.00,1.56,0.00,0.00,0,0,0.00,0
2026-05-10 18:35:00,383.28,0,0,0,0,0,0,0,0.00,1,0.00,0.00,0.00,0.00,0.00,P,0.00,1.56,0.88,1.73,1.34,^,0.00,,33.90,12.80,504,10.93,56.0,1,0,0.00,0.00,0.00,1.56,0.00,0.00,0,0,0.00,0
2026-05-10 18:35:00,384.18,0,0,0,0,0,0,0,0.00,1,0.00,0.00,0.00,0.00,0.00,P,0.00,1.56,0.87,1.72,1.34,^,0.00,,36.10,12.80,504,11.84,58.2,1,0,0.00,0.00,0.00,1.56,0.00,0.00,0,0,0.00,0
2026-05-10 18:35:02,385.19,0,0,0,0,0,0,0,0.00,1,0.00,0.00,0.00,0.00,0.00,P,0.00,1.56,0.88,1.73,1.34,^,0.00,,36.50,12.80,504,0.87,58.2,1,0,0.00,0.00,0.00,1.56,0.00,0.00,0,0,0.00,0
2026-05-10 18:35:03,386.21,0,0,0,0,0,0,0,0.00,1,0.00,0.00,0.00,0.00,0.00,P,0.00,1.56,0.88,1.73,1.34,^,0.00,,36.60,12.80,504,1.89,57.6,1,0,0.00,0.00,0.00,1.56,0.00,0.00,0,0,0.00,0
2026-05-10 18:35:04,387.22,0,0,0,0,0,0,0,0.00,1,0.00,0.00,0.00,0.00,0.00,P,0.00,1.56,0.88,1.73,1.34,^,0.00,,36.80,12.80,504,2.89,58.7,1,0,0.00,0.00,0.00,1.56,0.00,0.00,0,0,0.00,0
2026-05-10 18:35:05,388.22,0,0,0,0,0,0,0,0.00,1,0.00,0.00,0.00,0.00,0.00,P,0.00,1.56,0.88,1.72,1.34,^,0.00,,36.20,12.80,504,3.90,57.1,1,0,0.00,0.00,0.00,1.56,0.00,0.00,0,0,0.00,0
2026-05-10 18:35:06,389.25,0,0,0,0,0,0,0,0.00,1,0.00,0.00,0.00,0.00,0.00,P,0.00,1.56,0.88,1.73,1.34,^,0.00,,36.60,12.80,504,4.92,58.2,1,0,0.00,0.00,0.00,1.56,0.00,0.00,0,0,0.00,0
2026-05-10 18:35:07,390.26,0,0,0,0,0,0,0,0.00,1,0.00,0.00,0.00,0.00,0.00,P,0.00,1.56,0.88,1.73,1.35,^,0.00,,38.00,12.80,504,0.21,57.1,1,0,0.00,0.00,0.00,1.56,0.00,0.00,0,0,0.00,0
2026-05-10 18:35:08,391.27,0,0,0,0,0,0,0,0.00,1,0.00,0.00,0.00,0.00,0.00,P,0.00,1.56,0.88,1.72,1.34,^,0.00,,35.90,12.80,504,1.22,58.7,1,0,0.00,0.00,0.00,1.56,0.00,0.00,0,0,0.00,0
2026-05-10 18:35:09,392.29,0,0,0,0,0,0,0,0.00,1,0.00,0.00,0.00,0.00,0.00,P,0.00,1.56,0.88,1.73,1.34,^,0.00,,35.50,12.80,504,0.45,56.5,1,0,0.00,0.00,0.00,1.56,0.00,0.00,0,0,0.00,0
2026-05-10 18:35:10,393.30,0,0,0,0,0,0,0,0.00,1,0.00,0.00,0.00,0.00,0.00,P,0.00,1.56,0.88,1.73,1.34,^,0.00,,35.10,12.80,504,1.47,56.5,1,0,0.00,0.00,0.00,1.56,0.00,0.00,0,0,0.00,0
2026-05-10 18:35:11,394.31,0,0,0,0,0,0,0,0.00,1,0.00,0.00,0.00,0.00,0.00,P,0.00,1.56,0.88,1.73,1.34,^,0.00,,36.90,12.80,504,2.47,57.6,1,0,0.00,0.00,0.00,1.56,0.00,0.00,0,0,0.00,0
2026-05-10 18:35:12,395.31,0,0,0,0,0,0,0,0.00,1,0.00,0.00,0.00,0.00,0.00,P,0.00,1.56,0.88,1.73,1.34,^,0.00,,35.60,12.80,504,3.47,58.7,1,0,0.00,0.00,0.00,1.56,0.00,0.00,0,0,0.00,0
2026-05-10 18:35:13,396.33,0,0,0,0,0,0,0,0.00,1,0.00,0.00,0.00,0.00,0.00,P,0.00,1.56,0.88,1.72,1.34,^,0.00,,35.80,12.80,504,4.49,56.5,1,0,0.00,0.00,0.00,1.56,0.00,0.00,0,0,0.00,0
2026-05-10 18:35:14,397.33,0,0,0,0,0,0,0,0.00,1,0.00,0.00,0.00,0.00,0.00,P,0.00,1.56,0.88,1.73,1.33,^,0.00,,36.60,12.80,504,5.49,58.7,1,0,0.00,0.00,0.00,1.56,0.00,0.00,0,0,0.00,0
2026-05-10 18:35:15,398.34,0,0,0,0,0,0,0,0.00,1,0.00,0.00,0.00,0.00,0.00,P,0.00,1.56,0.88,1.73,1.34,^,0.00,,35.80,12.80,504,0.36,57.6,1,0,0.00,0.00,0.00,1.56,0.00,0.00,0,0,0.00,0
2026-05-10 18:35:16,399.36,0,0,0,0,0,0,0,0.00,1,0.00,0.00,0.00,0.00,0.00,P,0.00,1.56,0.88,1.73,1.34,^,0.00,,35.50,12.80,504,1.38,56.0,1,0,0.00,0.00,0.00,1.56,0.00,0.00,0,0,0.00,0
2026-05-10 18:35:17,400.39,0,0,0,0,0,0,0,0.00,1,0.00,0.00,0.00,0.00,0.00,P,0.00,1.56,0.88,1.72,1.34,^,0.00,,35.60,12.80,504,2.40,56.5,1,0,0.00,0.00,0.00,1.56,0.00,0.00,0,0,0.00,0
2026-05-10 18:35:18,401.40,0,0,0,0,0,0,0,0.00,1,0.00,0.00,0.00,0.00,0.00,P,0.00,1.56,0.88,1.72,1.35,^,0.00,,37.10,12.80,504,0.11,57.6,1,0,0.00,0.00,0.00,1.56,0.00,0.00,0,0,0.00,0
2026-05-10 18:35:19,402.43,0,0,0,0,0,0,0,0.00,1,0.00,0.00,0.00,0.00,0.00,P,0.00,1.56,0.88,1.73,1.34,^,0.00,,35.90,12.80,504,1.14,56.0,1,0,0.00,0.00,0.00,1.56,0.00,0.00,0,0,0.00,0
2026-05-10 18:35:20,403.45,0,0,0,0,0,0,0,0.00,1,0.00,0.00,0.00,0.00,0.00,P,0.00,1.56,0.88,1.73,1.34,^,0.00,,36.90,12.80,504,2.16,56.0,1,0,0.00,0.00,0.00,1.56,0.00,0.00,0,0,0.00,0
2026-05-10 18:35:21,404.46,0,0,0,0,0,0,0,0.00,1,0.00,0.00,0.00,0.00,0.00,P,0.00,1.56,0.88,1.72,1.34,^,0.00,,37.00,12.80,504,3.17,57.1,1,0,0.00,0.00,0.00,1.56,0.00,0.00,0,0,0.00,0
2026-05-10 18:35:22,405.46,0,0,0,0,0,0,0,0.00,1,0.00,0.00,0.00,0.00,0.00,P,0.00,1.56,0.88,1.73,1.34,^,0.00,,35.50,12.80,504,4.17,56.5,1,0,0.00,0.00,0.00,1.56,0.00,0.00,0,0,0.00,0
2026-05-10 18:35:23,406.47,0,0,0,0,0,0,0,0.00,1,0.00,0.00,0.00,0.00,0.00,P,0.00,1.56,0.88,1.72,1.34,^,0.00,,36.70,12.80,504,5.18,57.1,1,0,0.00,0.00,0.00,1.56,0.00,0.00,0,0,0.00,0
2026-05-10 18:35:24,407.49,0,0,0,0,0,0,0,0.00,1,0.00,0.00,0.00,0.00,0.00,P,0.00,1.56,0.88,1.73,1.34,^,0.00,,35.50,12.80,504,6.20,56.0,1,0,0.00,0.00,0.00,1.56,0.00,0.00,0,0,0.00,0
2026-05-10 18:35:25,408.50,0,0,0,0,0,0,0,0.00,1,0.00,0.00,0.00,0.00,0.00,P,0.00,1.56,0.88,1.72,1.35,^,0.00,,36.50,12.80,504,0.47,57.1,1,0,0.00,0.00,0.00,1.56,0.00,0.00,0,0,0.00,0
2026-05-10 18:35:26,409.50,0,0,0,0,0,0,0,0.00,1,0.00,0.00,0.00,0.00,0.00,P,0.00,1.56,0.88,1.72,1.34,^,0.00,,36.40,12.80,504,1.47,57.6,1,0,0.00,0.00,0.00,1.56,0.00,0.00,0,0,0.00,0
2026-05-10 18:35:27,410.51,0,0,0,0,0,0,0,0.00,1,0.00,0.00,0.00,0.00,0.00,P,0.00,1.56,0.88,1.73,1.34,^,0.00,,35.80,12.80,504,2.48,57.6,1,0,0.00,0.00,0.00,1.56,0.00,0.00,0,0,0.00,0
2026-05-10 18:35:28,411.62,0,0,0,0,0,0,0,0.00,1,0.00,0.00,0.00,0.00,0.00,P,0.00,1.56,0.88,1.72,1.34,^,0.00,,35.00,12.80,504,3.59,56.5,1,0,0.00,0.00,0.00,1.56,0.00,0.00,0,0,0.00,0
2026-05-10 18:35:29,412.54,0,0,0,0,0,0,0,0.00,1,0.00,0.00,0.00,0.00,0.00,P,0.00,1.56,0.88,1.73,1.35,^,0.00,,37.30,12.80,504,4.51,56.0,1,0,0.00,0.00,0.00,1.56,0.00,0.00,0,0,0.00,0
2026-05-10 18:35:30,413.56,0,0,0,0,0,0,0,0.00,1,0.00,0.00,0.00,0.00,0.00,P,0.00,1.56,0.88,1.72,1.34,^,0.00,,35.50,12.80,504,5.53,56.5,1,0,0.00,0.00,0.00,1.56,0.00,0.00,0,0,0.00,0
2026-05-10 18:35:31,414.57,0,0,0,0,0,0,0,0.00,1,0.00,0.00,0.00,0.00,0.00,P,0.00,1.56,0.88,1.73,1.34,^,0.00,,37.20,12.80,504,0.04,57.1,1,0,0.00,0.00,0.00,1.56,0.00,0.00,0,0,0.00,0
2026-05-10 18:35:32,415.59,0,0,0,0,0,0,0,0.00,1,0.00,0.00,0.00,0.00,0.00,P,0.00,1.56,0.88,1.72,1.34,^,0.00,,37.50,12.80,504,0.93,57.6,1,0,0.00,0.00,0.00,1.56,0.00,0.00,0,0,0.00,0
2026-05-10 18:35:33,416.61,0,0,0,0,0,0,0,0.00,1,0.00,0.00,0.00,0.00,0.00,P,0.00,1.56,0.88,1.73,1.34,^,0.00,,37.30,12.80,504,1.95,57.6,1,0,0.00,0.00,0.00,1.56,0.00,0.00,0,0,0.00,0
2026-05-10 18:35:34,417.61,0,0,0,0,0,0,0,0.00,1,0.00,0.00,0.00,0.00,0.00,P,0.00,1.56,0.88,1.72,1.34,^,0.00,,36.10,12.80,504,2.95,58.7,1,0,0.00,0.00,0.00,1.56,0.00,0.00,0,0,0.00,0
2026-05-10 18:35:35,418.63,0,0,0,0,0,0,0,0.00,1,0.00,0.00,0.00,0.00,0.00,P,0.00,1.56,0.88,1.73,1.34,^,0.00,,35.30,12.80,504,0.00,58.2,1,0,0.00,0.00,0.00,1.56,0.00,0.00,0,0,0.00,0
2026-05-10 18:35:36,419.64,0,0,0,0,0,0,0,0.00,1,0.00,0.00,0.00,0.00,0.00,P,0.00,1.56,0.88,1.73,1.34,^,0.00,,36.20,12.80,504,0.00,56.0,1,0,0.00,0.00,0.00,1.56,0.00,0.00,0,0,0.00,0
2026-05-10 18:35:37,420.64,0,0,0,0,0,0,0,0.00,1,0.00,0.00,0.00,0.00,0.00,P,0.00,1.56,0.88,1.73,1.34,^,0.00,,36.20,12.80,504,0.93,57.6,1,0,0.00,0.00,0.00,1.56,0.00,0.00,0,0,0.00,0
2026-05-10 18:35:38,421.66,0,0,0,0,0,0,0,0.00,1,0.00,0.00,0.00,0.00,0.00,P,0.00,1.56,0.87,1.73,1.34,^,0.00,,35.40,12.80,504,1.95,57.1,1,0,0.00,0.00,0.00,1.56,0.00,0.00,0,0,0.00,0
2026-05-10 18:35:39,422.68,0,0,0,0,0,0,0,0.00,1,0.00,0.00,0.00,0.00,0.00,P,0.00,1.56,0.88,1.73,1.34,^,0.00,,34.40,12.80,504,1.01,57.1,1,0,0.00,0.00,0.00,1.56,0.00,0.00,0,0,0.00,0
2026-05-10 18:35:40,423.69,0,0,0,0,0,0,0,0.00,1,0.00,0.00,0.00,0.00,0.00,P,0.00,1.56,0.88,1.73,1.34,^,0.00,,35.60,12.80,504,2.01,56.5,1,0,0.00,0.00,0.00,1.56,0.00,0.00,0,0,0.00,0
2026-05-10 18:35:41,424.71,0,0,0,0,0,0,0,0.00,1,0.00,0.00,0.00,0.00,0.00,P,0.00,1.56,0.88,1.72,1.34,^,0.00,,36.70,12.80,504,3.03,57.6,1,0,0.00,0.00,0.00,1.56,0.00,0.00,0,0,0.00,0
2026-05-10 18:35:42,425.71,0,0,0,0,0,0,0,0.00,1,0.00,0.00,0.00,0.00,0.00,P,0.00,1.56,0.88,1.72,1.34,^,0.00,,35.50,12.80,504,4.04,58.2,1,0,0.00,0.00,0.00,1.56,0.00,0.00,0,0,0.00,0
2026-05-10 18:35:43,426.71,0,0,0,0,0,0,0,0.00,1,0.00,0.00,0.00,0.00,0.00,P,0.00,1.56,0.88,1.72,1.34,^,0.00,,36.00,12.80,504,5.04,58.7,1,0,0.00,0.00,0.00,1.56,0.00,0.00,0,0,0.00,0
2026-05-10 18:35:44,427.72,0,0,0,0,0,0,0,0.00,1,0.00,0.00,0.00,0.00,0.00,P,0.00,1.56,0.88,1.73,1.34,^,0.00,,36.10,12.80,504,6.05,58.7,1,0,0.00,0.00,0.00,1.56,0.00,0.00,0,0,0.00,0
2026-05-10 18:35:45,428.73,0,0,0,0,0,0,0,0.00,1,0.00,0.00,0.00,0.00,0.00,P,0.00,1.56,0.88,1.73,1.34,^,0.00,,35.90,12.80,504,7.06,58.2,1,0,0.00,0.00,0.00,1.56,0.00,0.00,0,0,0.00,0
2026-05-10 18:35:46,429.84,0,0,0,0,0,0,0,0.00,1,0.00,0.00,0.00,0.00,0.00,P,0.00,1.56,0.88,1.73,1.34,^,0.00,,34.40,12.80,504,8.17,56.0,1,0,0.00,0.00,0.00,1.56,0.00,0.00,0,0,0.00,0
2026-05-10 18:35:47,430.76,0,0,0,0,0,0,0,0.00,1,0.00,0.00,0.00,0.00,0.00,P,0.00,1.56,0.88,1.72,1.34,^,0.00,,35.40,12.80,504,9.09,56.5,1,0,0.00,0.00,0.00,1.56,0.00,0.00,0,0,0.00,0
2026-05-10 18:35:48,431.78,0,0,0,0,0,0,0,0.00,1,0.00,0.00,0.00,0.00,0.00,P,0.00,1.56,0.88,1.73,1.34,^,0.00,,37.30,12.80,504,10.11,57.6,1,0,0.00,0.00,0.00,1.56,0.00,0.00,0,0,0.00,0
2026-05-10 18:35:49,432.80,0,0,0,0,0,0,0,0.00,1,0.00,0.00,0.00,0.00,0.00,P,0.00,1.56,0.88,1.72,1.34,^,0.00,,36.20,12.80,504,11.13,58.2,1,0,0.00,0.00,0.00,1.56,0.00,0.00,0,0,0.00,0
2026-05-10 18:35:50,433.80,0,0,0,0,0,0,0,0.00,1,0.00,0.00,0.00,0.00,0.00,P,0.00,1.56,0.88,1.72,1.34,^,0.00,,35.60,12.80,504,12.13,59.3,1,0,0.00,0.00,0.00,1.56,0.00,0.00,0,0,0.00,0
2026-05-10 18:35:51,434.81,0,0,0,0,0,0,0,0.00,1,0.00,0.00,0.00,0.00,0.00,P,0.00,1.56,0.88,1.73,1.33,^,0.00,,35.80,12.80,504,13.14,57.1,1,0,0.00,0.00,0.00,1.56,0.00,0.00,0,0,0.00,0
2026-05-10 18:35:52,435.82,0,0,0,0,0,0,0,0.00,1,0.00,0.00,0.00,0.00,0.00,P,0.00,1.56,0.88,1.73,1.34,^,0.00,,36.20,12.80,504,14.15,58.7,1,0,0.00,0.00,0.00,1.56,0.00,0.00,0,0,0.00,0
2026-05-10 18:35:53,436.83,0,0,0,0,0,0,0,0.00,1,0.00,0.00,0.00,0.00,0.00,P,0.00,1.56,0.88,1.73,1.34,^,0.00,,36.60,12.80,504,15.16,58.2,1,0,0.00,0.00,0.00,1.56,0.00,0.00,0,0,0.00,0
2026-05-10 18:35:54,437.85,0,0,0,0,0,0,0,0.00,1,0.00,0.00,0.00,0.00,0.00,P,0.00,1.56,0.88,1.73,1.34,^,0.00,,37.30,12.80,504,16.18,56.5,1,0,0.00,0.00,0.00,1.56,0.00,0.00,0,0,0.00,0
2026-05-10 18:35:55,438.87,0,0,0,0,0,0,0,0.00,1,0.00,0.00,0.00,0.00,0.00,P,0.00,1.56,0.88,1.73,1.34,^,0.00,,34.90,12.80,504,17.19,56.5,1,0,0.00,0.00,0.00,1.56,0.00,0.00,0,0,0.00,0
2026-05-10 18:35:56,439.89,0,0,0,0,0,0,0,0.00,1,0.00,0.00,0.00,0.00,0.00,P,0.00,1.56,0.88,1.72,1.34,^,0.00,,34.90,12.80,504,18.21,57.6,1,0,0.00,0.00,0.00,1.56,0.00,0.00,0,0,0.00,0
2026-05-10 18:35:57,440.91,0,0,0,0,0,0,0,0.00,1,0.00,0.00,0.00,0.00,0.00,P,0.00,1.56,0.88,1.72,1.35,^,0.00,,36.40,12.80,504,0.77,57.6,1,0,0.00,0.00,0.00,1.56,0.00,0.00,0,0,0.00,0
2026-05-10 18:35:58,442.02,0,0,0,0,0,0,0,0.00,1,0.00,0.00,0.00,0.00,0.00,P,0.00,1.56,0.88,1.73,1.34,^,0.00,,34.70,12.80,504,1.88,57.6,1,0,0.00,0.00,0.00,1.56,0.00,0.00,0,0,0.00,0
2026-05-10 18:35:59,442.94,0,0,0,0,0,0,0,0.00,1,0.00,0.00,0.00,0.00,0.00,P,0.00,1.56,0.88,1.73,1.34,^,0.00,,35.40,12.80,504,2.80,57.6,1,0,0.00,0.00,0.00,1.56,0.00,0.00,0,0,0.00,0
2026-05-10 18:36:00,443.94,0,0,0,0,0,0,0,0.00,1,0.00,0.00,0.00,0.00,0.00,P,0.00,1.56,0.88,1.73,1.34,^,0.00,,35.80,12.80,504,0.38,59.3,1,0,0.00,0.00,0.00,1.56,0.00,0.00,0,0,0.00,0
2026-05-10 18:36:01,444.96,0,0,0,0,0,0,0,0.00,1,0.00,0.00,0.00,0.00,0.00,P,0.00,1.56,0.88,1.73,1.34,^,0.00,,37.00,12.80,504,1.40,59.3,1,0,0.00,0.00,0.00,1.56,0.00,0.00,0,0,0.00,0
2026-05-10 18:36:02,445.97,0,0,0,0,0,0,0,0.00,1,0.00,0.00,0.00,0.00,0.00,P,0.00,1.56,0.88,1.72,1.34,^,0.00,,36.80,12.80,504,2.40,58.7,1,0,0.00,0.00,0.00,1.56,0.00,0.00,0,0,0.00,0
2026-05-10 18:36:03,446.98,0,0,0,0,0,0,0,0.00,1,0.00,0.00,0.00,0.00,0.00,P,0.00,1.56,0.88,1.72,1.34,^,0.00,,35.50,12.80,504,3.42,58.2,1,0,0.00,0.00,0.00,1.56,0.00,0.00,0,0,0.00,0
2026-05-10 18:36:04,448.00,0,0,0,0,0,0,0,0.00,1,0.00,0.00,0.00,0.00,0.00,P,0.00,1.56,0.88,1.73,1.34,^,0.00,,35.70,12.80,504,4.44,58.7,1,0,0.00,0.00,0.00,1.56,0.00,0.00,0,0,0.00,0
2026-05-10 18:36:05,449.02,0,0,0,0,0,0,0,0.00,1,0.00,0.00,0.00,0.00,0.00,P,0.00,1.56,0.88,1.72,1.34,^,0.00,,37.30,12.80,504,5.45,57.6,1,0,0.00,0.00,0.00,1.56,0.00,0.00,0,0,0.00,0
2026-05-10 18:36:06,450.03,0,0,0,0,0,0,0,0.00,1,0.00,0.00,0.00,0.00,0.00,P,0.00,1.56,0.88,1.73,1.34,^,0.00,,37.60,12.80,504,6.47,58.2,1,0,0.00,0.00,0.00,1.56,0.00,0.00,0,0,0.00,0
2026-05-10 18:36:07,451.05,0,0,0,0,0,0,0,0.00,1,0.00,0.00,0.00,0.00,0.00,P,0.00,1.56,0.88,1.72,1.34,^,0.00,,36.30,12.80,504,7.49,58.2,1,0,0.00,0.00,0.00,1.56,0.00,0.00,0,0,0.00,0
2026-05-10 18:36:08,452.05,0,0,0,0,0,0,0,0.00,1,0.00,0.00,0.00,0.00,0.00,P,0.00,1.56,0.88,1.73,1.34,^,0.00,,36.50,12.80,504,8.49,56.5,1,0,0.00,0.00,0.00,1.56,0.00,0.00,0,0,0.00,0
2026-05-10 18:36:09,453.06,0,0,0,0,0,0,0,0.00,1,0.00,0.00,0.00,0.00,0.00,P,0.00,1.56,0.88,1.72,1.34,^,0.00,,35.90,12.80,504,9.50,57.1,1,0,0.00,0.00,0.00,1.56,0.00,0.00,0,0,0.00,0
2026-05-10 18:36:10,454.07,0,0,0,0,0,0,0,0.00,1,0.00,0.00,0.00,0.00,0.00,P,0.00,1.56,0.88,1.73,1.34,^,0.00,,35.30,12.80,504,10.51,57.6,1,0,0.00,0.00,0.00,1.56,0.00,0.00,0,0,0.00,0
2026-05-10 18:36:11,455.09,0,0,0,0,0,0,0,0.00,1,0.00,0.00,0.00,0.00,0.00,P,0.00,1.56,0.88,1.72,1.34,^,0.00,,36.70,12.80,504,11.53,57.1,1,0,0.00,0.00,0.00,1.56,0.00,0.00,0,0,0.00,0
2026-05-10 18:36:12,456.11,0,0,0,0,0,0,0,0.00,1,0.00,0.00,0.00,0.00,0.00,P,0.00,1.56,0.88,1.72,1.34,^,0.00,,36.00,12.80,504,12.54,56.5,1,0,0.00,0.00,0.00,1.56,0.00,0.00,0,0,0.00,0
2026-05-10 18:36:13,457.11,0,0,0,0,0,0,0,0.00,1,0.00,0.00,0.00,0.00,0.00,P,0.00,1.56,0.88,1.72,1.34,^,0.00,,35.90,12.80,504,13.55,57.1,1,0,0.00,0.00,0.00,1.56,0.00,0.00,0,0,0.00,0
2026-05-10 18:36:15,458.22,0,0,0,0,0,0,0,0.00,1,0.00,0.00,0.00,0.00,0.00,P,0.00,1.56,0.88,1.72,1.34,^,0.00,,33.70,12.80,504,14.66,56.0,1,0,0.00,0.00,0.00,1.56,0.00,0.00,0,0,0.00,0
2026-05-10 18:36:15,459.14,0,0,0,0,0,0,0,0.00,1,0.00,0.00,0.00,0.00,0.00,P,0.00,1.56,0.88,1.72,1.34,^,0.00,,35.60,12.80,504,15.58,57.6,1,0,0.00,0.00,0.00,1.56,0.00,0.00,0,0,0.00,0
2026-05-10 18:36:16,460.16,0,0,0,0,0,0,0,0.00,1,0.00,0.00,0.00,0.00,0.00,P,0.00,1.56,0.88,1.72,1.34,^,0.00,,37.20,12.80,504,0.09,57.1,1,0,0.00,0.00,0.00,1.56,0.00,0.00,0,0,0.00,0
2026-05-10 18:36:17,461.16,0,0,0,0,0,0,0,0.00,1,0.00,0.00,0.00,0.00,0.00,P,0.00,1.56,0.88,1.73,1.34,^,0.00,,36.50,12.80,504,1.09,58.7,1,0,0.00,0.00,0.00,1.56,0.00,0.00,0,0,0.00,0
2026-05-10 18:36:18,462.18,0,0,0,0,0,0,0,0.00,1,0.00,0.00,0.00,0.00,0.00,P,0.00,1.56,0.88,1.73,1.34,^,0.00,,36.90,12.80,504,0.69,58.7,1,0,0.00,0.00,0.00,1.56,0.00,0.00,0,0,0.00,0
2026-05-10 18:36:19,463.18,0,0,0,0,0,0,0,0.00,1,0.00,0.00,0.00,0.00,0.00,P,0.00,1.56,0.88,1.73,1.34,^,0.00,,35.60,12.80,504,1.70,59.3,1,0,0.00,0.00,0.00,1.56,0.00,0.00,0,0,0.00,0
2026-05-10 18:36:21,464.20,0,0,0,0,0,0,0,0.00,1,0.00,0.00,0.00,0.00,0.00,P,0.00,1.56,0.88,1.72,1.34,^,0.00,,36.70,12.80,504,2.71,57.6,1,0,0.00,0.00,0.00,1.56,0.00,0.00,0,0,0.00,0
2026-05-10 18:36:22,465.21,0,0,0,0,0,0,0,0.00,1,0.00,0.00,0.00,0.00,0.00,P,0.00,1.56,0.88,1.73,1.34,^,0.00,,35.20,12.80,504,0.48,58.2,1,0,0.00,0.00,0.00,1.56,0.00,0.00,0,0,0.00,0
2026-05-10 18:36:23,466.23,0,0,0,0,0,0,0,0.00,1,0.00,0.00,0.00,0.00,0.00,P,0.00,1.56,0.88,1.73,1.34,^,0.00,,36.60,12.80,504,0.29,57.6,1,0,0.00,0.00,0.00,1.56,0.00,0.00,0,0,0.00,0
2026-05-10 18:36:24,467.24,0,0,0,0,0,0,0,0.00,1,0.00,0.00,0.00,0.00,0.00,P,0.00,1.56,0.88,1.73,1.34,^,0.00,,36.30,12.80,504,0.58,56.5,1,0,0.00,0.00,0.00,1.56,0.00,0.00,0,0,0.00,0
2026-05-10 18:36:25,468.26,0,0,0,0,0,0,0,0.00,1,0.00,0.00,0.00,0.00,0.00,P,0.00,1.56,0.88,1.72,1.34,^,0.00,,36.90,12.80,504,1.60,57.6,1,0,0.00,0.00,0.00,1.56,0.00,0.00,0,0,0.00,0
2026-05-10 18:36:26,469.28,0,0,0,0,0,0,0,0.00,1,0.00,0.00,0.00,0.00,0.00,P,0.00,1.56,0.88,1.72,1.34,^,0.00,,35.70,12.80,504,2.62,56.0,1,0,0.00,0.00,0.00,1.56,0.00,0.00,0,0,0.00,0
2026-05-10 18:36:27,470.29,0,0,0,0,0,0,0,0.00,1,0.00,0.00,0.00,0.00,0.00,P,0.00,1.56,0.88,1.72,1.35,^,0.00,,36.80,12.80,504,3.64,57.6,1,0,0.00,0.00,0.00,1.56,0.00,0.00,0,0,0.00,0
2026-05-10 18:36:28,471.32,0,0,0,0,0,0,0,0.00,1,0.00,0.00,0.00,0.00,0.00,P,0.00,1.56,0.88,1.72,1.34,^,0.00,,36.00,12.80,504,4.66,57.1,1,0,0.00,0.00,0.00,1.56,0.00,0.00,0,0,0.00,0
2026-05-10 18:36:29,472.32,0,0,0,0,0,0,0,0.00,1,0.00,0.00,0.00,0.00,0.00,P,0.00,1.56,0.88,1.73,1.34,^,0.00,,36.00,12.80,504,5.66,56.5,1,0,0.00,0.00,0.00,1.56,0.00,0.00,0,0,0.00,0
2026-05-10 18:36:30,473.33,0,0,0,0,0,0,0,0.00,1,0.00,0.00,0.00,0.00,0.00,P,0.00,1.56,0.88,1.73,1.34,^,0.00,,37.00,12.80,504,6.67,58.2,1,0,0.00,0.00,0.00,1.56,0.00,0.00,0,0,0.00,0
2026-05-10 18:36:31,474.35,0,0,0,0,0,0,0,0.00,1,0.00,0.00,0.00,0.00,0.00,P,0.00,1.56,0.89,1.73,1.34,^,0.00,,36.70,12.80,504,7.69,57.6,1,0,0.00,0.00,0.00,1.56,0.00,0.00,0,0,0.00,0
2026-05-10 18:36:32,475.36,0,0,0,0,0,0,0,0.00,1,0.00,0.00,0.00,0.00,0.00,P,0.00,1.56,0.88,1.73,1.35,^,0.00,,36.20,12.80,504,8.70,59.3,1,0,0.00,0.00,0.00,1.56,0.00,0.00,0,0,0.00,0
2026-05-10 18:36:33,476.36,0,0,0,0,0,0,0,0.00,1,0.00,0.00,0.00,0.00,0.00,P,0.00,1.56,0.88,1.73,1.33,^,0.00,,35.30,12.80,504,9.70,57.1,1,0,0.00,0.00,0.00,1.56,0.00,0.00,0,0,0.00,0
2026-05-10 18:36:34,477.37,0,0,0,0,0,0,0,0.00,1,0.00,0.00,0.00,0.00,0.00,P,0.00,1.56,0.87,1.72,1.34,^,0.00,,36.20,12.80,504,10.71,58.7,1,0,0.00,0.00,0.00,1.56,0.00,0.00,0,0,0.00,0
2026-05-10 18:36:35,478.38,0,0,0,0,0,0,0,0.00,1,0.00,0.00,0.00,0.00,0.00,P,0.00,1.56,0.88,1.73,1.34,^,0.00,,36.70,12.80,504,11.72,58.2,1,0,0.00,0.00,0.00,1.56,0.00,0.00,0,0,0.00,0
2026-05-10 18:36:36,479.38,0,0,0,0,0,0,0,0.00,1,0.00,0.00,0.00,0.00,0.00,P,0.00,1.56,0.88,1.73,1.34,^,0.00,,36.00,12.80,504,12.72,57.1,1,0,0.00,0.00,0.00,1.56,0.00,0.00,0,0,0.00,0
2026-05-10 18:36:37,480.40,0,0,0,0,0,0,0,0.00,1,0.00,0.00,0.00,0.00,0.00,P,0.00,1.56,0.88,1.73,1.34,^,0.00,,36.00,12.80,504,13.74,56.5,1,0,0.00,0.00,0.00,1.56,0.00,0.00,0,0,0.00,0
2026-05-10 18:36:38,481.43,0,0,0,0,0,0,0,0.00,1,0.00,0.00,0.00,0.00,0.00,P,0.00,1.56,0.88,1.72,1.34,^,0.00,,37.40,12.80,504,14.77,58.2,1,0,0.00,0.00,0.00,1.56,0.00,0.00,0,0,0.00,0
2026-05-10 18:36:39,482.44,0,0,0,0,0,0,0,0.00,1,0.00,0.00,0.00,0.00,0.00,P,0.00,1.56,0.88,1.73,1.34,^,0.00,,35.00,12.80,504,0.57,57.1,1,0,0.00,0.00,0.00,1.56,0.00,0.00,0,0,0.00,0
2026-05-10 18:36:40,483.55,0,0,0,0,0,0,0,0.00,1,0.00,0.00,0.00,0.00,0.00,P,0.00,1.56,0.88,1.73,1.34,^,0.00,,34.90,12.80,504,1.68,56.5,1,0,0.00,0.00,0.00,1.56,0.00,0.00,0,0,0.00,0
2026-05-10 18:36:41,484.46,0,0,0,0,0,0,0,0.00,1,0.00,0.00,0.00,0.00,0.00,P,0.00,1.56,0.88,1.72,1.35,^,0.00,,36.00,12.80,504,0.38,59.3,1,0,0.00,0.00,0.00,1.56,0.00,0.00,0,0,0.00,0
2026-05-10 18:36:42,485.47,0,0,0,0,0,0,0,0.00,1,0.00,0.00,0.00,0.00,0.00,P,0.00,1.56,0.88,1.73,1.34,^,0.00,,36.20,12.80,504,1.39,57.6,1,0,0.00,0.00,0.00,1.56,0.00,0.00,0,0,0.00,0
2026-05-10 18:36:43,486.49,0,0,0,0,0,0,0,0.00,1,0.00,0.00,0.00,0.00,0.00,P,0.00,1.56,0.88,1.73,1.34,^,0.00,,36.30,12.80,504,2.41,57.1,1,0,0.00,0.00,0.00,1.56,0.00,0.00,0,0,0.00,0
2026-05-10 18:36:44,487.51,0,0,0,0,0,0,0,0.00,1,0.00,0.00,0.00,0.00,0.00,P,0.00,1.56,0.88,1.73,1.33,^,0.00,,37.20,12.80,504,3.43,57.1,1,0,0.00,0.00,0.00,1.56,0.00,0.00,0,0,0.00,0
2026-05-10 18:36:45,488.53,0,0,0,0,0,0,0,0.00,1,0.00,0.00,0.00,0.00,0.00,P,0.00,1.56,0.88,1.73,1.34,^,0.00,,36.00,12.80,504,0.69,57.6,1,0,0.00,0.00,0.00,1.56,0.00,0.00,0,0,0.00,0
2026-05-10 18:36:46,489.55,0,0,0,0,0,0,0,0.00,1,0.00,0.00,0.00,0.00,0.00,P,0.00,1.56,0.88,1.73,1.34,^,0.00,,36.30,12.80,504,1.71,57.1,1,0,0.00,0.00,0.00,1.56,0.00,0.00,0,0,0.00,0
2026-05-10 18:36:47,490.57,0,0,0,0,0,0,0,0.00,1,0.00,0.00,0.00,0.00,0.00,P,0.00,1.56,0.88,1.73,1.34,^,0.00,,36.40,12.80,504,2.73,57.6,1,0,0.00,0.00,0.00,1.56,0.00,0.00,0,0,0.00,0
2026-05-10 18:36:48,491.58,0,0,0,0,0,0,0,0.00,1,0.00,0.00,0.00,0.00,0.00,P,0.00,1.56,0.88,1.73,1.34,^,0.00,,36.40,12.80,504,3.74,58.2,1,0,0.00,0.00,0.00,1.56,0.00,0.00,0,0,0.00,0
2026-05-10 18:36:49,492.60,0,0,0,0,0,0,0,0.00,1,0.00,0.00,0.00,0.00,0.00,P,0.00,1.56,0.88,1.72,1.33,^,0.00,,36.30,12.80,504,4.75,57.6,1,0,0.00,0.00,0.00,1.56,0.00,0.00,0,0,0.00,0
2026-05-10 18:36:50,493.59,0,0,0,0,0,0,0,0.00,1,0.00,0.00,0.00,0.00,0.00,P,0.00,1.56,0.88,1.73,1.34,^,0.00,,36.20,12.80,504,5.75,58.2,1,0,0.00,0.00,0.00,1.56,0.00,0.00,0,0,0.00,0
2026-05-10 18:36:51,494.61,0,0,0,0,0,0,0,0.00,1,0.00,0.00,0.00,0.00,0.00,P,0.00,1.56,0.88,1.73,1.34,^,0.00,,35.20,12.80,504,6.76,57.1,1,0,0.00,0.00,0.00,1.56,0.00,0.00,0,0,0.00,0
2026-05-10 18:36:52,495.63,0,0,0,0,0,0,0,0.00,1,0.00,0.00,0.00,0.00,0.00,P,0.00,1.56,0.88,1.73,1.34,^,0.00,,36.30,12.80,504,7.78,57.6,1,0,0.00,0.00,0.00,1.56,0.00,0.00,0,0,0.00,0
2026-05-10 18:36:53,496.63,0,0,0,0,0,0,0,0.00,1,0.00,0.00,0.00,0.00,0.00,P,0.00,1.56,0.88,1.73,1.34,^,0.00,,35.70,12.80,504,0.64,58.2,1,0,0.00,0.00,0.00,1.56,0.00,0.00,0,0,0.00,0
2026-05-10 18:36:54,497.66,0,0,0,0,0,0,0,0.00,1,0.00,0.00,0.00,0.00,0.00,P,0.00,1.56,0.88,1.73,1.35,^,0.00,,35.90,12.80,504,0.94,59.3,1,0,0.00,0.00,0.00,1.56,0.00,0.00,0,0,0.00,0
2026-05-10 18:36:55,498.67,0,0,0,0,0,0,0,0.00,1,0.00,0.00,0.00,0.00,0.00,P,0.00,1.56,0.88,1.73,1.34,^,0.00,,36.00,12.70,504,0.09,58.7,1,0,0.00,0.00,0.00,1.56,0.00,0.00,0,0,0.00,0
2026-05-10 18:36:56,499.68,0,0,0,0,0,0,0,0.00,1,0.00,0.00,0.00,0.00,0.00,P,0.00,1.56,0.88,1.73,1.35,^,0.00,,35.60,12.80,504,0.35,57.6,1,0,0.00,0.00,0.00,1.56,0.00,0.00,0,0,0.00,0
2026-05-10 18:36:57,500.69,0,0,0,0,0,0,0,0.00,1,0.00,0.00,0.00,0.00,0.00,P,0.00,1.56,0.88,1.73,1.34,^,0.00,,35.60,12.80,504,1.36,59.3,1,0,0.00,0.00,0.00,1.56,0.00,0.00,0,0,0.00,0
2026-05-10 18:36:58,501.70,0,0,0,0,0,0,0,0.00,1,0.00,0.00,0.00,0.00,0.00,P,0.00,1.56,0.88,1.73,1.34,^,0.00,,37.20,12.80,504,2.37,58.2,1,0,0.00,0.00,0.00,1.56,0.00,0.00,0,0,0.00,0
2026-05-10 18:36:59,502.71,0,0,0,0,0,0,0,0.00,1,0.00,0.00,0.00,0.00,0.00,P,0.00,1.56,0.88,1.72,1.34,^,0.00,,36.10,12.80,504,3.38,57.6,1,0,0.00,0.00,0.00,1.56,0.00,0.00,0,0,0.00,0
2026-05-10 18:37:00,503.71,0,0,0,0,0,0,0,0.00,1,0.00,0.00,0.00,0.00,0.00,P,0.00,1.56,0.88,1.73,1.34,^,0.00,,36.10,12.80,504,4.38,58.2,1,0,0.00,0.00,0.00,1.56,0.00,0.00,0,0,0.00,0
2026-05-10 18:37:01,504.72,0,0,0,0,0,0,0,0.00,1,0.00,0.00,0.00,0.00,0.00,P,0.00,1.56,0.88,1.72,1.34,^,0.00,,36.70,12.80,504,5.39,57.1,1,0,0.00,0.00,0.00,1.56,0.00,0.00,0,0,0.00,0
2026-05-10 18:37:02,505.72,0,0,0,0,0,0,0,0.00,1,0.00,0.00,0.00,0.00,0.00,P,0.00,1.56,0.89,1.73,1.34,^,0.00,,36.30,12.80,504,6.40,58.7,1,0,0.00,0.00,0.00,1.56,0.00,0.00,0,0,0.00,0
2026-05-10 18:37:03,506.75,0,0,0,0,0,0,0,0.00,1,0.00,0.00,0.00,0.00,0.00,P,0.00,1.56,0.88,1.72,1.34,^,0.00,,36.10,12.80,504,7.42,57.1,1,0,0.00,0.00,0.00,1.56,0.00,0.00,0,0,0.00,0
2026-05-10 18:37:04,507.75,0,0,0,0,0,0,0,0.00,1,0.00,0.00,0.00,0.00,0.00,P,0.00,1.56,0.88,1.73,1.34,^,0.00,,35.70,12.80,504,8.43,58.7,1,0,0.00,0.00,0.00,1.56,0.00,0.00,0,0,0.00,0
2026-05-10 18:37:05,508.75,0,0,0,0,0,0,0,0.00,1,0.00,0.00,0.00,0.00,0.00,P,0.00,1.56,0.88,1.73,1.34,^,0.00,,36.20,12.80,504,9.43,58.7,1,0,0.00,0.00,0.00,1.56,0.00,0.00,0,0,0.00,0
2026-05-10 18:37:06,509.77,0,0,0,0,0,0,0,0.00,1,0.00,0.00,0.00,0.00,0.00,P,0.00,1.56,0.88,1.73,1.34,^,0.00,,36.70,12.80,504,10.44,59.3,1,0,0.00,0.00,0.00,1.56,0.00,0.00,0,0,0.00,0
2026-05-10 18:37:07,510.78,0,0,0,0,0,0,0,0.00,1,0.00,0.00,0.00,0.00,0.00,P,0.00,1.56,0.88,1.73,1.34,^,0.00,,35.60,12.80,504,11.45,56.5,1,0,0.00,0.00,0.00,1.56,0.00,0.00,0,0,0.00,0
2026-05-10 18:37:08,511.89,0,0,0,0,0,0,0,0.00,1,0.00,0.00,0.00,0.00,0.00,P,0.00,1.56,0.88,1.73,1.34,^,0.00,,33.90,12.80,504,12.56,57.6,1,0,0.00,0.00,0.00,1.56,0.00,0.00,0,0,0.00,0
2026-05-10 18:37:09,512.81,0,0,0,0,0,0,0,0.00,1,0.00,0.00,0.00,0.00,0.00,P,0.00,1.56,0.88,1.73,1.34,^,0.00,,36.50,12.80,504,13.48,57.1,1,0,0.00,0.00,0.00,1.56,0.00,0.00,0,0,0.00,0
2026-05-10 18:37:10,513.83,0,0,0,0,0,0,0,0.00,1,0.00,0.00,0.00,0.00,0.00,P,0.00,1.56,0.88,1.73,1.34,^,0.00,,35.40,12.80,504,0.22,59.8,1,0,0.00,0.00,0.00,1.56,0.00,0.00,0,0,0.00,0
2026-05-10 18:37:11,514.84,0,0,0,0,0,0,0,0.00,1,0.00,0.00,0.00,0.00,0.00,P,0.00,1.56,0.88,1.73,1.34,^,0.00,,36.80,12.80,504,1.23,58.2,1,0,0.00,0.00,0.00,1.56,0.00,0.00,0,0,0.00,0
2026-05-10 18:37:12,515.86,0,0,0,0,0,0,0,0.00,1,0.00,0.00,0.00,0.00,0.00,P,0.00,1.56,0.88,1.73,1.34,^,0.00,,33.90,12.80,504,0.38,59.3,1,0,0.00,0.00,0.00,1.56,0.00,0.00,0,0,0.00,0
2026-05-10 18:37:13,516.88,0,0,0,0,0,0,0,0.00,1,0.00,0.00,0.00,0.00,0.00,P,0.00,1.56,0.88,1.73,1.34,^,0.00,,36.40,12.80,504,1.40,59.3,1,0,0.00,0.00,0.00,1.56,0.00,0.00,0,0,0.00,0
2026-05-10 18:37:14,517.99,0,0,0,0,0,0,0,0.00,1,0.00,0.00,0.00,0.00,0.00,P,0.00,1.56,0.88,1.72,1.34,^,0.00,,33.30,12.80,504,2.51,57.1,1,0,0.00,0.00,0.00,1.56,0.00,0.00,0,0,0.00,0
2026-05-10 18:37:15,518.90,0,0,0,0,0,0,0,0.00,1,0.00,0.00,0.00,0.00,0.00,P,0.00,1.56,0.89,1.72,1.33,^,0.00,,36.20,12.80,504,3.42,56.5,1,0,0.00,0.00,0.00,1.56,0.00,0.00,0,0,0.00,0
2026-05-10 18:37:16,519.91,0,0,0,0,0,0,0,0.00,1,0.00,0.00,0.00,0.00,0.00,P,0.00,1.56,0.88,1.72,1.34,^,0.00,,36.10,12.80,504,4.42,57.1,1,0,0.00,0.00,0.00,1.56,0.00,0.00,0,0,0.00,0
2026-05-10 18:37:17,520.93,0,0,0,0,0,0,0,0.00,1,0.00,0.00,0.00,0.00,0.00,P,0.00,1.56,0.88,1.73,1.34,^,0.00,,36.10,12.80,504,0.45,57.6,1,0,0.00,0.00,0.00,1.56,0.00,0.00,0,0,0.00,0
2026-05-10 18:37:18,521.94,0,0,0,0,0,0,0,0.00,1,0.00,0.00,0.00,0.00,0.00,P,0.00,1.56,0.88,1.73,1.35,^,0.00,,36.90,12.80,504,1.46,58.2,1,0,0.00,0.00,0.00,1.56,0.00,0.00,0,0,0.00,0
2026-05-10 18:37:19,522.94,0,0,0,0,0,0,0,0.00,1,0.00,0.00,0.00,0.00,0.00,P,0.00,1.56,0.88,1.73,1.34,^,0.00,,36.20,12.80,504,2.46,57.6,1,0,0.00,0.00,0.00,1.56,0.00,0.00,0,0,0.00,0
2026-05-10 18:37:20,523.95,0,0,0,0,0,0,0,0.00,1,0.00,0.00,0.00,0.00,0.00,P,0.00,1.56,0.88,1.73,1.34,^,0.00,,36.70,12.80,504,3.47,57.6,1,0,0.00,0.00,0.00,1.56,0.00,0.00,0,0,0.00,0
2026-05-10 18:37:21,524.98,0,0,0,0,0,0,0,0.00,1,0.00,0.00,0.00,0.00,0.00,P,0.00,1.56,0.88,1.73,1.33,^,0.00,,36.10,12.80,504,4.50,57.6,1,0,0.00,0.00,0.00,1.56,0.00,0.00,0,0,0.00,0
2026-05-10 18:37:22,525.99,0,0,0,0,0,0,0,0.00,1,0.00,0.00,0.00,0.00,0.00,P,0.00,1.56,0.88,1.72,1.34,^,0.00,,35.90,12.80,504,0.18,58.2,1,0,0.00,0.00,0.00,1.56,0.00,0.00,0,0,0.00,0
2026-05-10 18:37:23,527.00,0,0,0,0,0,0,0,0.00,1,0.00,0.00,0.00,0.00,0.00,P,0.00,1.56,0.88,1.73,1.34,^,0.00,,37.40,12.80,504,1.18,57.1,1,0,0.00,0.00,0.00,1.56,0.00,0.00,0,0,0.00,0
2026-05-10 18:37:24,528.02,0,0,0,0,0,0,0,0.00,1,0.00,0.00,0.00,0.00,0.00,P,0.00,1.56,0.88,1.73,1.34,^,0.00,,35.50,12.80,504,2.20,58.2,1,0,0.00,0.00,0.00,1.56,0.00,0.00,0,0,0.00,0
2026-05-10 18:37:25,529.03,0,0,0,0,0,0,0,0.00,1,0.00,0.00,0.00,0.00,0.00,P,0.00,1.56,0.88,1.73,1.34,^,0.00,,36.30,12.80,504,3.21,57.1,1,0,0.00,0.00,0.00,1.56,0.00,0.00,0,0,0.00,0
2026-05-10 18:37:26,530.05,0,0,0,0,0,0,0,0.00,1,0.00,0.00,0.00,0.00,0.00,P,0.00,1.56,0.88,1.73,1.34,^,0.00,,36.90,12.80,504,4.23,58.2,1,0,0.00,0.00,0.00,1.56,0.00,0.00,0,0,0.00,0
2026-05-10 18:37:27,531.07,0,0,0,0,0,0,0,0.00,1,0.00,0.00,0.00,0.00,0.00,P,0.00,1.56,0.88,1.72,1.34,^,0.00,,36.50,12.80,504,5.25,57.6,1,0,0.00,0.00,0.00,1.56,0.00,0.00,0,0,0.00,0
2026-05-10 18:37:28,532.08,0,0,0,0,0,0,0,0.00,1,0.00,0.00,0.00,0.00,0.00,P,0.00,1.56,0.88,1.72,1.34,^,0.00,,36.80,12.80,504,6.27,58.7,1,0,0.00,0.00,0.00,1.56,0.00,0.00,0,0,0.00,0
2026-05-10 18:37:29,533.08,0,0,0,0,0,0,0,0.00,1,0.00,0.00,0.00,0.00,0.00,P,0.00,1.56,0.88,1.72,1.34,^,0.00,,37.40,12.80,504,7.27,57.1,1,0,0.00,0.00,0.00,1.56,0.00,0.00,0,0,0.00,0
2026-05-10 18:37:30,534.10,0,0,0,0,0,0,0,0.00,1,0.00,0.00,0.00,0.00,0.00,P,0.00,1.56,0.88,1.73,1.34,^,0.00,,37.30,12.80,504,8.29,58.2,1,0,0.00,0.00,0.00,1.56,0.00,0.00,0,0,0.00,0
2026-05-10 18:37:31,535.12,0,0,0,0,0,0,0,0.00,1,0.00,0.00,0.00,0.00,0.00,P,0.00,1.56,0.88,1.73,1.34,^,0.00,,37.90,12.80,504,9.30,57.1,1,0,0.00,0.00,0.00,1.56,0.00,0.00,0,0,0.00,0
2026-05-10 18:37:32,536.13,0,0,0,0,0,0,0,0.00,1,0.00,0.00,0.00,0.00,0.00,P,0.00,1.56,0.88,1.73,1.35,^,0.00,,36.00,12.70,504,10.31,57.6,1,0,0.00,0.00,0.00,1.56,0.00,0.00,0,0,0.00,0
2026-05-10 18:37:33,537.13,0,0,0,0,0,0,0,0.00,1,0.00,0.00,0.00,0.00,0.00,P,0.00,1.56,0.88,1.73,1.34,^,0.00,,37.00,12.70,504,11.32,57.1,1,0,0.00,0.00,0.00,1.56,0.00,0.00,0,0,0.00,0
2026-05-10 18:37:34,538.13,0,0,0,0,0,0,0,0.00,1,0.00,0.00,0.00,0.00,0.00,P,0.00,1.56,0.88,1.73,1.34,^,0.00,,37.20,12.70,504,12.32,58.2,1,0,0.00,0.00,0.00,1.56,0.00,0.00,0,0,0.00,0
2026-05-10 18:37:35,539.14,0,0,0,0,0,0,0,0.00,1,0.00,0.00,0.00,0.00,0.00,P,0.00,1.56,0.88,1.73,1.34,^,0.00,,35.80,12.80,504,13.32,59.3,1,0,0.00,0.00,0.00,1.56,0.00,0.00,0,0,0.00,0
2026-05-10 18:37:36,540.16,0,0,0,0,0,0,0,0.00,1,0.00,0.00,0.00,0.00,0.00,P,0.00,1.56,0.88,1.73,1.34,^,0.00,,35.80,12.80,504,14.35,58.2,1,0,0.00,0.00,0.00,1.56,0.00,0.00,0,0,0.00,0
2026-05-10 18:37:37,541.19,0,0,0,0,0,0,0,0.00,1,0.00,0.00,0.00,0.00,0.00,P,0.00,1.56,0.88,1.72,1.34,^,0.00,,35.50,12.80,504,15.37,58.2,1,0,0.00,0.00,0.00,1.56,0.00,0.00,0,0,0.00,0
2026-05-10 18:37:38,542.19,0,0,0,0,0,0,0,0.00,1,0.00,0.00,0.00,0.00,0.00,P,0.00,1.56,0.88,1.73,1.34,^,0.00,,36.40,12.80,504,16.37,58.2,1,0,0.00,0.00,0.00,1.56,0.00,0.00,0,0,0.00,0
2026-05-10 18:37:40,543.19,0,0,0,0,0,0,0,0.00,1,0.00,0.00,0.00,0.00,0.00,P,0.00,1.56,0.88,1.72,1.34,^,0.00,,36.10,12.80,504,0.72,57.6,1,0,0.00,0.00,0.00,1.56,0.00,0.00,0,0,0.00,0
2026-05-10 18:37:41,544.21,0,0,0,0,0,0,0,0.00,1,0.00,0.00,0.00,0.00,0.00,P,0.00,1.56,0.88,1.72,1.34,^,0.00,,37.50,12.80,504,0.34,58.2,1,0,0.00,0.00,0.00,1.56,0.00,0.00,0,0,0.00,0
2026-05-10 18:37:42,545.23,0,0,0,0,0,0,0,0.00,1,0.00,0.00,0.00,0.00,0.00,P,0.00,1.56,0.88,1.73,1.34,^,0.00,,37.20,12.80,504,1.35,59.3,1,0,0.00,0.00,0.00,1.56,0.00,0.00,0,0,0.00,0
2026-05-10 18:37:43,546.23,0,0,0,0,0,0,0,0.00,1,0.00,0.00,0.00,0.00,0.00,P,0.00,1.56,0.88,1.73,1.34,^,0.00,,35.10,12.80,504,2.36,57.6,1,0,0.00,0.00,0.00,1.56,0.00,0.00,0,0,0.00,0
2026-05-10 18:37:44,547.25,0,0,0,0,0,0,0,0.00,1,0.00,0.00,0.00,0.00,0.00,P,0.00,1.56,0.88,1.73,1.35,^,0.00,,36.90,12.80,504,0.56,57.1,1,0,0.00,0.00,0.00,1.56,0.00,0.00,0,0,0.00,0
2026-05-10 18:37:45,548.26,0,0,0,0,0,0,0,0.00,1,0.00,0.00,0.00,0.00,0.00,P,0.00,1.56,0.88,1.72,1.34,^,0.00,,35.10,12.80,504,0.15,57.6,1,0,0.00,0.00,0.00,1.56,0.00,0.00,0,0,0.00,0
2026-05-10 18:37:46,549.26,0,0,0,0,0,0,0,0.00,1,0.00,0.00,0.00,0.00,0.00,P,0.00,1.56,0.88,1.73,1.34,^,0.00,,36.10,12.80,504,0.27,56.5,1,0,0.00,0.00,0.00,1.56,0.00,0.00,0,0,0.00,0
2026-05-10 18:37:47,550.28,0,0,0,0,0,0,0,0.00,1,0.00,0.00,0.00,0.00,0.00,P,0.00,1.56,0.89,1.73,1.35,^,0.00,,35.00,12.90,504,1.29,59.3,1,0,0.00,0.00,0.00,1.56,0.00,0.00,0,0,0.00,0
2026-05-10 18:37:48,551.29,0,0,0,0,0,0,0,0.00,1,0.00,0.00,0.00,0.00,0.00,P,0.00,1.56,0.88,1.72,1.34,^,0.00,,36.50,12.90,504,2.29,58.2,1,0,0.00,0.00,0.00,1.56,0.00,0.00,0,0,0.00,0
2026-05-10 18:37:49,552.31,0,0,0,0,0,0,0,0.00,1,0.00,0.00,0.00,0.00,0.00,P,0.00,1.56,0.88,1.72,1.34,^,0.00,,36.50,12.80,504,3.32,57.6,1,0,0.00,0.00,0.00,1.56,0.00,0.00,0,0,0.00,0
2026-05-10 18:37:50,553.32,0,0,0,0,0,0,0,0.00,1,0.00,0.00,0.00,0.00,0.00,P,0.00,1.56,0.88,1.73,1.34,^,0.00,,36.80,12.80,504,4.33,57.1,1,0,0.00,0.00,0.00,1.56,0.00,0.00,0,0,0.00,0
2026-05-10 18:37:51,554.34,0,0,0,0,0,0,0,0.00,1,0.00,0.00,0.00,0.00,0.00,P,0.00,1.56,0.88,1.73,1.34,^,0.00,,35.70,12.80,504,5.35,58.2,1,0,0.00,0.00,0.00,1.56,0.00,0.00,0,0,0.00,0
2026-05-10 18:37:52,555.36,0,0,0,0,0,0,0,0.00,1,0.00,0.00,0.00,0.00,0.00,P,0.00,1.56,0.87,1.72,1.34,^,0.00,,36.30,12.80,504,0.49,59.3,1,0,0.00,0.00,0.00,1.56,0.00,0.00,0,0,0.00,0
2026-05-10 18:37:53,556.36,0,0,0,0,0,0,0,0.00,1,0.00,0.00,0.00,0.00,0.00,P,0.00,1.56,0.88,1.73,1.34,^,0.00,,35.90,12.80,504,0.69,58.7,1,0,0.00,0.00,0.00,1.56,0.00,0.00,0,0,0.00,0
2026-05-10 18:37:54,557.37,0,0,0,0,0,0,0,0.00,1,0.00,0.00,0.00,0.00,0.00,P,0.00,1.56,0.88,1.72,1.35,^,0.00,,36.70,12.80,504,0.31,59.8,1,0,0.00,0.00,0.00,1.56,0.00,0.00,0,0,0.00,0
2026-05-10 18:37:55,558.39,0,0,0,0,0,0,0,0.00,1,0.00,0.00,0.00,0.00,0.00,P,0.00,1.56,0.88,1.73,1.34,^,0.00,,37.00,12.80,504,0.15,58.7,1,0,0.00,0.00,0.00,1.56,0.00,0.00,0,0,0.00,0
2026-05-10 18:37:56,559.40,0,0,0,0,0,0,0,0.00,1,0.00,0.00,0.00,0.00,0.00,P,0.00,1.56,0.87,1.72,1.34,^,0.00,,36.80,12.80,504,0.03,57.1,1,0,0.00,0.00,0.00,1.56,0.00,0.00,0,0,0.00,0
2026-05-10 18:37:57,560.50,0,0,0,0,0,0,0,0.00,1,0.00,0.00,0.00,0.00,0.00,P,0.00,1.56,0.88,1.72,1.34,^,0.00,,33.50,12.80,504,1.14,57.6,1,0,0.00,0.00,0.00,1.56,0.00,0.00,0,0,0.00,0
2026-05-10 18:37:58,561.42,0,0,0,0,0,0,0,0.00,1,0.00,0.00,0.00,0.00,0.00,P,0.00,1.56,0.88,1.72,1.34,^,0.00,,36.10,12.80,504,2.05,58.7,1,0,0.00,0.00,0.00,1.56,0.00,0.00,0,0,0.00,0
2026-05-10 18:37:59,562.44,0,0,0,0,0,0,0,0.00,1,0.00,0.00,0.00,0.00,0.00,P,0.00,1.56,0.88,1.73,1.34,^,0.00,,35.50,12.80,504,0.44,58.7,1,0,0.00,0.00,0.00,1.56,0.00,0.00,0,0,0.00,0
2026-05-10 18:38:00,563.45,0,0,0,0,0,0,0,0.00,1,0.00,0.00,0.00,0.00,0.00,P,0.00,1.56,0.88,1.73,1.34,^,0.00,,35.20,12.80,504,0.01,58.7,1,0,0.00,0.00,0.00,1.56,0.00,0.00,0,0,0.00,0
2026-05-10 18:38:01,564.47,0,0,0,0,0,0,0,0.00,1,0.00,0.00,0.00,0.00,0.00,P,0.00,1.56,0.88,1.73,1.34,^,0.00,,37.10,12.80,504,0.13,58.2,1,0,0.00,0.00,0.00,1.56,0.00,0.00,0,0,0.00,0
2026-05-10 18:38:02,565.48,0,0,0,0,0,0,0,0.00,1,0.00,0.00,0.00,0.00,0.00,P,0.00,1.56,0.88,1.73,1.34,^,0.00,,36.20,12.80,504,0.62,58.2,1,0,0.00,0.00,0.00,1.56,0.00,0.00,0,0,0.00,0
2026-05-10 18:38:03,566.50,0,0,0,0,0,0,0,0.00,1,0.00,0.00,0.00,0.00,0.00,P,0.00,1.56,0.88,1.73,1.34,^,0.00,,36.50,12.80,504,1.64,58.2,1,0,0.00,0.00,0.00,1.56,0.00,0.00,0,0,0.00,0
2026-05-10 18:38:04,567.50,0,0,0,0,0,0,0,0.00,1,0.00,0.00,0.00,0.00,0.00,P,0.00,1.56,0.88,1.73,1.35,^,0.00,,35.80,12.80,504,2.64,58.2,1,0,0.00,0.00,0.00,1.56,0.00,0.00,0,0,0.00,0
2026-05-10 18:38:05,568.50,0,0,0,0,0,0,0,0.00,1,0.00,0.00,0.00,0.00,0.00,P,0.00,1.56,0.88,1.73,1.34,^,0.00,,35.60,12.80,504,3.64,58.7,1,0,0.00,0.00,0.00,1.56,0.00,0.00,0,0,0.00,0
2026-05-10 18:38:06,569.53,0,0,0,0,0,0,0,0.00,1,0.00,0.00,0.00,0.00,0.00,P,0.00,1.56,0.88,1.72,1.34,^,0.00,,36.90,12.80,504,4.67,59.3,1,0,0.00,0.00,0.00,1.56,0.00,0.00,0,0,0.00,0
2026-05-10 18:38:07,570.53,0,0,0,0,0,0,0,0.00,1,0.00,0.00,0.00,0.00,0.00,P,0.00,1.56,0.88,1.73,1.34,^,0.00,,36.00,12.80,504,0.88,58.2,1,0,0.00,0.00,0.00,1.56,0.00,0.00,0,0,0.00,0
2026-05-10 18:38:08,571.54,0,0,0,0,0,0,0,0.00,1,0.00,0.00,0.00,0.00,0.00,P,0.00,1.56,0.88,1.72,1.34,^,0.00,,36.50,12.80,504,1.89,59.3,1,0,0.00,0.00,0.00,1.56,0.00,0.00,0,0,0.00,0
2026-05-10 18:38:09,572.54,0,0,0,0,0,0,0,0.00,1,0.00,0.00,0.00,0.00,0.00,P,0.00,1.56,0.89,1.73,1.34,^,0.00,,36.10,12.80,504,0.05,58.7,1,0,0.00,0.00,0.00,1.56,0.00,0.00,0,0,0.00,0
2026-05-10 18:38:10,573.56,0,0,0,0,0,0,0,0.00,1,0.00,0.00,0.00,0.00,0.00,P,0.00,1.56,0.88,1.72,1.34,^,0.00,,36.20,12.80,504,1.07,59.3,1,0,0.00,0.00,0.00,1.56,0.00,0.00,0,0,0.00,0
2026-05-10 18:38:11,574.56,0,0,0,0,0,0,0,0.00,1,0.00,0.00,0.00,0.00,0.00,P,0.00,1.56,0.88,1.72,1.34,^,0.00,,37.00,12.80,504,0.58,59.3,1,0,0.00,0.00,0.00,1.56,0.00,0.00,0,0,0.00,0
2026-05-10 18:38:12,575.57,0,0,0,0,0,0,0,0.00,1,0.00,0.00,0.00,0.00,0.00,P,0.00,1.56,0.88,1.73,1.34,^,0.00,,36.00,12.80,504,1.59,58.7,1,0,0.00,0.00,0.00,1.56,0.00,0.00,0,0,0.00,0
2026-05-10 18:38:13,576.58,0,0,0,0,0,0,0,0.00,1,0.00,0.00,0.00,0.00,0.00,P,0.00,1.56,0.88,1.72,1.34,^,0.00,,35.90,12.80,504,2.60,57.1,1,0,0.00,0.00,0.00,1.56,0.00,0.00,0,0,0.00,0
2026-05-10 18:38:14,577.60,0,0,0,0,0,0,0,0.00,1,0.00,0.00,0.00,0.00,0.00,P,0.00,1.56,0.88,1.72,1.34,^,0.00,,35.70,12.80,504,0.74,59.3,1,0,0.00,0.00,0.00,1.56,0.00,0.00,0,0,0.00,0
2026-05-10 18:38:15,578.61,0,0,0,0,0,0,0,0.00,1,0.00,0.00,0.00,0.00,0.00,P,0.00,1.56,0.88,1.73,1.34,^,0.00,,36.80,12.80,504,0.36,57.1,1,0,0.00,0.00,0.00,1.56,0.00,0.00,0,0,0.00,0
2026-05-10 18:38:16,579.62,0,0,0,0,0,0,0,0.00,1,0.00,0.00,0.00,0.00,0.00,P,0.00,1.56,0.88,1.73,1.35,^,0.00,,36.40,12.80,504,1.37,58.7,1,0,0.00,0.00,0.00,1.56,0.00,0.00,0,0,0.00,0
2026-05-10 18:38:17,580.64,0,0,0,0,0,0,0,0.00,1,0.00,0.00,0.00,0.00,0.00,P,0.00,1.56,0.88,1.73,1.35,^,0.00,,35.80,12.80,504,2.40,58.2,1,0,0.00,0.00,0.00,1.56,0.00,0.00,0,0,0.00,0
2026-05-10 18:38:18,581.67,0,0,0,0,0,0,0,0.00,1,0.00,0.00,0.00,0.00,0.00,P,0.00,1.56,0.88,1.72,1.34,^,0.00,,35.20,12.80,504,3.42,58.2,1,0,0.00,0.00,0.00,1.56,0.00,0.00,0,0,0.00,0
2026-05-10 18:38:19,582.68,0,0,0,0,0,0,0,0.00,1,0.00,0.00,0.00,0.00,0.00,P,0.00,1.56,0.89,1.73,1.34,^,0.00,,36.20,12.80,504,4.43,56.5,1,0,0.00,0.00,0.00,1.56,0.00,0.00,0,0,0.00,0
2026-05-10 18:38:20,583.69,0,0,0,0,0,0,0,0.00,1,0.00,0.00,0.00,0.00,0.00,P,0.00,1.56,0.88,1.72,1.34,^,0.00,,36.70,12.80,504,5.44,58.2,1,0,0.00,0.00,0.00,1.56,0.00,0.00,0,0,0.00,0
2026-05-10 18:38:21,584.70,0,0,0,0,0,0,0,0.00,1,0.00,0.00,0.00,0.00,0.00,P,0.00,1.56,0.88,1.73,1.35,^,0.00,,36.80,12.80,504,0.82,58.7,1,0,0.00,0.00,0.00,1.56,0.00,0.00,0,0,0.00,0
2026-05-10 18:38:22,585.71,0,0,0,0,0,0,0,0.00,1,0.00,0.00,0.00,0.00,0.00,P,0.00,1.56,0.88,1.73,1.34,^,0.00,,35.30,12.80,504,1.83,57.6,1,0,0.00,0.00,0.00,1.56,0.00,0.00,0,0,0.00,0
2026-05-10 18:38:23,586.71,0,0,0,0,0,0,0,0.00,1,0.00,0.00,0.00,0.00,0.00,P,0.00,1.56,0.89,1.73,1.34,^,0.00,,37.00,12.80,504,0.16,57.1,1,0,0.00,0.00,0.00,1.56,0.00,0.00,0,0,0.00,0
2026-05-10 18:38:24,587.71,0,0,0,0,0,0,0,0.00,1,0.00,0.00,0.00,0.00,0.00,P,0.00,1.56,0.88,1.72,1.34,^,0.00,,35.50,12.80,504,1.16,58.2,1,0,0.00,0.00,0.00,1.56,0.00,0.00,0,0,0.00,0
2026-05-10 18:38:25,588.73,0,0,0,0,0,0,0,0.00,1,0.00,0.00,0.00,0.00,0.00,P,0.00,1.56,0.89,1.73,1.33,^,0.00,,37.20,12.80,504,2.18,59.3,1,0,0.00,0.00,0.00,1.56,0.00,0.00,0,0,0.00,0
2026-05-10 18:38:26,589.75,0,0,0,0,0,0,0,0.00,1,0.00,0.00,0.00,0.00,0.00,P,0.00,1.56,0.88,1.72,1.34,^,0.00,,36.40,12.80,504,3.20,57.1,1,0,0.00,0.00,0.00,1.56,0.00,0.00,0,0,0.00,0
2026-05-10 18:38:27,590.76,0,0,0,0,0,0,0,0.00,1,0.00,0.00,0.00,0.00,0.00,P,0.00,1.56,0.88,1.73,1.34,^,0.00,,36.20,12.80,504,4.21,58.2,1,0,0.00,0.00,0.00,1.56,0.00,0.00,0,0,0.00,0
2026-05-10 18:38:28,591.88,0,0,0,0,0,0,0,0.00,1,0.00,0.00,0.00,0.00,0.00,P,0.00,1.56,0.88,1.73,1.34,^,0.00,,34.10,12.80,504,5.33,58.2,1,0,0.00,0.00,0.00,1.56,0.00,0.00,0,0,0.00,0
2026-05-10 18:38:29,592.80,0,0,0,0,0,0,0,0.00,1,0.00,0.00,0.00,0.00,0.00,P,0.00,1.56,0.88,1.73,1.34,^,0.00,,36.70,12.80,504,6.25,58.2,1,0,0.00,0.00,0.00,1.56,0.00,0.00,0,0,0.00,0
2026-05-10 18:38:30,593.82,0,0,0,0,0,0,0,0.00,1,0.00,0.00,0.00,0.00,0.00,P,0.00,1.56,0.88,1.73,1.34,^,0.00,,37.20,12.80,504,7.27,58.2,1,0,0.00,0.00,0.00,1.56,0.00,0.00,0,0,0.00,0
2026-05-10 18:38:31,594.83,0,0,0,0,0,0,0,0.00,1,0.00,0.00,0.00,0.00,0.00,P,0.00,1.56,0.88,1.72,1.34,^,0.00,,35.40,12.80,504,0.02,58.2,1,0,0.00,0.00,0.00,1.56,0.00,0.00,0,0,0.00,0
2026-05-10 18:38:32,595.85,0,0,0,0,0,0,0,0.00,1,0.00,0.00,0.00,0.00,0.00,P,0.00,1.56,0.88,1.73,1.34,^,0.00,,36.90,12.80,504,0.13,58.2,1,0,0.00,0.00,0.00,1.56,0.00,0.00,0,0,0.00,0
2026-05-10 18:38:33,596.87,0,0,0,0,0,0,0,0.00,1,0.00,0.00,0.00,0.00,0.00,P,0.00,1.56,0.88,1.73,1.35,^,0.00,,36.90,12.80,504,0.67,58.2,1,0,0.00,0.00,0.00,1.56,0.00,0.00,0,0,0.00,0
2026-05-10 18:38:34,597.88,0,0,0,0,0,0,0,0.00,1,0.00,0.00,0.00,0.00,0.00,P,0.00,1.56,0.88,1.73,1.34,^,0.00,,35.00,12.80,504,0.41,58.7,1,0,0.00,0.00,0.00,1.56,0.00,0.00,0,0,0.00,0
2026-05-10 18:38:35,598.90,0,0,0,0,0,0,0,0.00,1,0.00,0.00,0.00,0.00,0.00,P,0.00,1.56,0.88,1.72,1.35,^,0.00,,36.00,12.80,504,0.00,58.7,1,0,0.00,0.00,0.00,1.56,0.00,0.00,0,0,0.00,0
2026-05-10 18:38:36,599.92,0,0,0,0,0,0,0,0.00,1,0.00,0.00,0.00,0.00,0.00,P,0.00,1.56,0.88,1.73,1.34,^,0.00,,35.70,12.80,504,0.90,57.6,1,0,0.00,0.00,0.00,1.56,0.00,0.00,0,0,0.00,0
2026-05-10 18:38:37,600.93,0,0,0,0,0,0,0,0.00,1,0.00,0.00,0.00,0.00,0.00,P,0.00,1.56,0.88,1.73,1.34,^,0.00,,35.90,12.80,504,0.70,57.6,1,0,0.00,0.00,0.00,1.56,0.00,0.00,0,0,0.00,0
2026-05-10 18:38:38,601.93,0,0,0,0,0,0,0,0.00,1,0.00,0.00,0.00,0.00,0.00,P,0.00,1.56,0.88,1.73,1.34,^,0.00,,37.10,12.80,504,1.71,59.3,1,0,0.00,0.00,0.00,1.56,0.00,0.00,0,0,0.00,0
2026-05-10 18:38:39,602.94,0,0,0,0,0,0,0,0.00,1,0.00,0.00,0.00,0.00,0.00,P,0.00,1.56,0.88,1.73,1.34,^,0.00,,35.50,12.80,504,2.72,58.2,1,0,0.00,0.00,0.00,1.56,0.00,0.00,0,0,0.00,0
2026-05-10 18:38:40,603.96,0,0,0,0,0,0,0,0.00,1,0.00,0.00,0.00,0.00,0.00,P,0.00,1.56,0.88,1.72,1.35,^,0.00,,35.80,12.80,504,0.04,58.2,1,0,0.00,0.00,0.00,1.56,0.00,0.00,0,0,0.00,0
2026-05-10 18:38:41,604.97,0,0,0,0,0,0,0,0.00,1,0.00,0.00,0.00,0.00,0.00,P,0.00,1.56,0.88,1.73,1.34,^,0.00,,37.90,12.80,504,1.05,57.1,1,0,0.00,0.00,0.00,1.56,0.00,0.00,0,0,0.00,0
2026-05-10 18:38:42,605.97,0,0,0,0,0,0,0,0.00,1,0.00,0.00,0.00,0.00,0.00,P,0.00,1.56,0.88,1.73,1.34,^,0.00,,35.70,12.80,504,2.06,57.1,1,0,0.00,0.00,0.00,1.56,0.00,0.00,0,0,0.00,0
2026-05-10 18:38:43,606.98,0,0,0,0,0,0,0,0.00,1,0.00,0.00,0.00,0.00,0.00,P,0.00,1.56,0.88,1.73,1.34,^,0.00,,37.00,12.80,504,3.06,58.2,1,0,0.00,0.00,0.00,1.56,0.00,0.00,0,0,0.00,0
2026-05-10 18:38:44,607.99,0,0,0,0,0,0,0,0.00,1,0.00,0.00,0.00,0.00,0.00,P,0.00,1.56,0.88,1.73,1.34,^,0.00,,34.70,12.80,504,4.07,57.1,1,0,0.00,0.00,0.00,1.56,0.00,0.00,0,0,0.00,0
2026-05-10 18:38:45,608.99,0,0,0,0,0,0,0,0.00,1,0.00,0.00,0.00,0.00,0.00,P,0.00,1.56,0.88,1.73,1.34,^,0.00,,33.90,12.80,504,5.07,59.3,1,0,0.00,0.00,0.00,1.56,0.00,0.00,0,0,0.00,0
2026-05-10 18:38:46,610.00,0,0,0,0,0,0,0,0.00,1,0.00,0.00,0.00,0.00,0.00,P,0.00,1.56,0.88,1.72,1.34,^,0.00,,36.60,12.80,504,6.08,60.9,1,0,0.00,0.00,0.00,1.56,0.00,0.00,0,0,0.00,0
2026-05-10 18:38:47,611.02,0,0,0,0,0,0,0,0.00,1,0.00,0.00,0.00,0.00,0.00,P,0.00,1.56,0.88,1.73,1.34,^,0.00,,37.40,12.80,504,7.10,58.2,1,0,0.00,0.00,0.00,1.56,0.00,0.00,0,0,0.00,0
2026-05-10 18:38:48,612.03,0,0,0,0,0,0,0,0.00,1,0.00,0.00,0.00,0.00,0.00,P,0.00,1.56,0.88,1.73,1.35,^,0.00,,36.10,12.80,504,0.48,58.2,1,0,0.00,0.00,0.00,1.56,0.00,0.00,0,0,0.00,0
2026-05-10 18:38:49,613.05,0,0,0,0,0,0,0,0.00,1,0.00,0.00,0.00,0.00,0.00,P,0.00,1.56,0.88,1.73,1.35,^,0.00,,35.90,12.80,504,0.31,57.6,1,0,0.00,0.00,0.00,1.56,0.00,0.00,0,0,0.00,0
2026-05-10 18:38:50,614.07,0,0,0,0,0,0,0,0.00,1,0.00,0.00,0.00,0.00,0.00,P,0.00,1.56,0.88,1.73,1.33,^,0.00,,36.50,12.80,504,1.32,57.6,1,0,0.00,0.00,0.00,1.56,0.00,0.00,0,0,0.00,0
2026-05-10 18:38:51,615.07,0,0,0,0,0,0,0,0.00,1,0.00,0.00,0.00,0.00,0.00,P,0.00,1.56,0.88,1.72,1.34,^,0.00,,36.10,12.80,504,2.33,58.7,1,0,0.00,0.00,0.00,1.56,0.00,0.00,0,0,0.00,0
2026-05-10 18:38:52,616.08,0,0,0,0,0,0,0,0.00,1,0.00,0.00,0.00,0.00,0.00,P,0.00,1.56,0.87,1.72,1.34,^,0.00,,36.70,12.80,504,3.34,60.4,1,0,0.00,0.00,0.00,1.56,0.00,0.00,0,0,0.00,0
2026-05-10 18:38:53,617.09,0,0,0,0,0,0,0,0.00,1,0.00,0.00,0.00,0.00,0.00,P,0.00,1.56,0.89,1.73,1.34,^,0.00,,36.10,12.80,504,4.34,58.2,1,0,0.00,0.00,0.00,1.56,0.00,0.00,0,0,0.00,0
2026-05-10 18:38:54,618.11,0,0,0,0,0,0,0,0.00,1,0.00,0.00,0.00,0.00,0.00,P,0.00,1.56,0.88,1.72,1.34,^,0.00,,36.40,12.80,504,5.36,59.8,1,0,0.00,0.00,0.00,1.56,0.00,0.00,0,0,0.00,0
2026-05-10 18:38:55,619.10,0,0,0,0,0,0,0,0.00,1,0.00,0.00,0.00,0.00,0.00,P,0.00,1.56,0.88,1.72,1.34,^,0.00,,36.40,12.80,504,6.36,57.6,1,0,0.00,0.00,0.00,1.56,0.00,0.00,0,0,0.00,0
2026-05-10 18:38:56,620.11,0,0,0,0,0,0,0,0.00,1,0.00,0.00,0.00,0.00,0.00,P,0.00,1.56,0.88,1.73,1.34,^,0.00,,35.10,12.90,504,7.36,58.2,1,0,0.00,0.00,0.00,1.56,0.00,0.00,0,0,0.00,0
2026-05-10 18:38:57,621.12,0,0,0,0,0,0,0,0.00,1,0.00,0.00,0.00,0.00,0.00,P,0.00,1.56,0.88,1.73,1.34,^,0.00,,37.30,12.90,504,8.37,58.2,1,0,0.00,0.00,0.00,1.56,0.00,0.00,0,0,0.00,0
2026-05-10 18:38:58,622.14,0,0,0,0,0,0,0,0.00,1,0.00,0.00,0.00,0.00,0.00,P,0.00,1.56,0.88,1.73,1.35,^,0.00,,36.10,12.90,504,9.39,57.1,1,0,0.00,0.00,0.00,1.56,0.00,0.00,0,0,0.00,0
2026-05-10 18:38:59,623.15,0,0,0,0,0,0,0,0.00,1,0.00,0.00,0.00,0.00,0.00,P,0.00,1.56,0.88,1.72,1.33,^,0.00,,36.40,12.90,504,0.62,58.7,1,0,0.00,0.00,0.00,1.56,0.00,0.00,0,0,0.00,0
2026-05-10 18:39:00,624.17,0,0,0,0,0,0,0,0.00,1,0.00,0.00,0.00,0.00,0.00,P,0.00,1.56,0.88,1.72,1.34,^,0.00,,36.20,12.90,504,0.46,58.2,1,0,0.00,0.00,0.00,1.56,0.00,0.00,0,0,0.00,0
2026-05-10 18:39:02,625.20,0,0,0,0,0,0,0,0.00,1,0.00,0.00,0.00,0.00,0.00,P,0.00,1.56,0.88,1.72,1.34,^,0.00,,36.50,12.90,504,1.48,59.3,1,0,0.00,0.00,0.00,1.56,0.00,0.00,0,0,0.00,0
2026-05-10 18:39:03,626.19,0,0,0,0,0,0,0,0.00,1,0.00,0.00,0.00,0.00,0.00,P,0.00,1.56,0.88,1.72,1.34,^,0.00,,35.20,12.80,504,0.15,59.3,1,0,0.00,0.00,0.00,1.56,0.00,0.00,0,0,0.00,0
2026-05-10 18:39:04,627.21,0,0,0,0,0,0,0,0.00,1,0.00,0.00,0.00,0.00,0.00,P,0.00,1.56,0.88,1.73,1.34,^,0.00,,36.40,12.80,504,0.76,57.6,1,0,0.00,0.00,0.00,1.56,0.00,0.00,0,0,0.00,0
2026-05-10 18:39:05,628.22,0,0,0,0,0,0,0,0.00,1,0.00,0.00,0.00,0.00,0.00,P,0.00,1.56,0.88,1.72,1.34,^,0.00,,35.60,12.80,504,0.34,58.7,1,0,0.00,0.00,0.00,1.56,0.00,0.00,0,0,0.00,0
2026-05-10 18:39:06,629.23,0,0,0,0,0,0,0,0.00,1,0.00,0.00,0.00,0.00,0.00,P,0.00,1.56,0.87,1.73,1.34,^,0.00,,35.50,12.90,504,1.35,58.7,1,0,0.00,0.00,0.00,1.56,0.00,0.00,0,0,0.00,0
2026-05-10 18:39:07,630.25,0,0,0,0,0,0,0,0.00,1,0.00,0.00,0.00,0.00,0.00,P,0.00,1.56,0.88,1.73,1.34,^,0.00,,37.40,12.80,504,2.37,58.2,1,0,0.00,0.00,0.00,1.56,0.00,0.00,0,0,0.00,0
2026-05-10 18:39:08,631.25,0,0,0,0,0,0,0,0.00,1,0.00,0.00,0.00,0.00,0.00,P,0.00,1.56,0.88,1.73,1.34,^,0.00,,36.40,12.80,504,3.37,58.2,1,0,0.00,0.00,0.00,1.56,0.00,0.00,0,0,0.00,0
2026-05-10 18:39:09,632.26,0,0,0,0,0,0,0,0.00,1,0.00,0.00,0.00,0.00,0.00,P,0.00,1.56,0.88,1.72,1.34,^,0.00,,35.30,12.80,504,4.38,59.3,1,0,0.00,0.00,0.00,1.56,0.00,0.00,0,0,0.00,0
2026-05-10 18:39:10,633.27,0,0,0,0,0,0,0,0.00,1,0.00,0.00,0.00,0.00,0.00,P,0.00,1.56,0.88,1.73,1.34,^,0.00,,36.50,12.80,504,5.39,58.7,1,0,0.00,0.00,0.00,1.56,0.00,0.00,0,0,0.00,0
2026-05-10 18:39:11,634.29,0,0,0,0,0,0,0,0.00,1,0.00,0.00,0.00,0.00,0.00,P,0.00,1.56,0.88,1.72,1.34,^,0.00,,35.90,12.80,504,6.41,56.5,1,0,0.00,0.00,0.00,1.56,0.00,0.00,0,0,0.00,0
2026-05-10 18:39:12,635.31,0,0,0,0,0,0,0,0.00,1,0.00,0.00,0.00,0.00,0.00,P,0.00,1.56,0.88,1.72,1.34,^,0.00,,35.70,12.80,504,0.32,58.7,1,0,0.00,0.00,0.00,1.56,0.00,0.00,0,0,0.00,0
2026-05-10 18:39:13,636.33,0,0,0,0,0,0,0,0.00,1,0.00,0.00,0.00,0.00,0.00,P,0.00,1.56,0.88,1.73,1.33,^,0.00,,35.60,12.80,504,1.34,58.2,1,0,0.00,0.00,0.00,1.56,0.00,0.00,0,0,0.00,0
2026-05-10 18:39:14,637.35,0,0,0,0,0,0,0,0.00,1,0.00,0.00,0.00,0.00,0.00,P,0.00,1.56,0.88,1.73,1.34,^,0.00,,35.30,12.80,504,2.36,58.7,1,0,0.00,0.00,0.00,1.56,0.00,0.00,0,0,0.00,0
2026-05-10 18:39:15,638.36,0,0,0,0,0,0,0,0.00,1,0.00,0.00,0.00,0.00,0.00,P,0.00,1.56,0.88,1.73,1.34,^,0.00,,36.10,12.80,504,3.37,57.1,1,0,0.00,0.00,0.00,1.56,0.00,0.00,0,0,0.00,0
2026-05-10 18:39:16,639.38,0,0,0,0,0,0,0,0.00,1,0.00,0.00,0.00,0.00,0.00,P,0.00,1.56,0.88,1.72,1.34,^,0.00,,36.10,12.80,504,4.39,58.7,1,0,0.00,0.00,0.00,1.56,0.00,0.00,0,0,0.00,0
2026-05-10 18:39:17,640.40,0,0,0,0,0,0,0,0.00,1,0.00,0.00,0.00,0.00,0.00,P,0.00,1.56,0.88,1.72,1.34,^,0.00,,36.70,12.80,504,0.55,57.6,1,0,0.00,0.00,0.00,1.56,0.00,0.00,0,0,0.00,0
2026-05-10 18:39:18,641.40,0,0,0,0,0,0,0,0.00,1,0.00,0.00,0.00,0.00,0.00,P,0.00,1.56,0.88,1.72,1.34,^,0.00,,35.70,12.80,504,1.56,57.1,1,0,0.00,0.00,0.00,1.56,0.00,0.00,0,0,0.00,0
2026-05-10 18:39:19,642.42,0,0,0,0,0,0,0,0.00,1,0.00,0.00,0.00,0.00,0.00,P,0.00,1.56,0.88,1.72,1.34,^,0.00,,35.20,12.80,504,0.07,57.1,1,0,0.00,0.00,0.00,1.56,0.00,0.00,0,0,0.00,0
2026-05-10 18:39:20,643.43,0,0,0,0,0,0,0,0.00,1,0.00,0.00,0.00,0.00,0.00,P,0.00,1.56,0.88,1.72,1.35,^,0.00,,35.90,12.80,504,0.52,58.2,1,0,0.00,0.00,0.00,1.56,0.00,0.00,0,0,0.00,0
2026-05-10 18:39:21,644.44,0,0,0,0,0,0,0,0.00,1,0.00,0.00,0.00,0.00,0.00,P,0.00,1.56,0.88,1.73,1.34,^,0.00,,36.00,12.80,504,1.53,58.2,1,0,0.00,0.00,0.00,1.56,0.00,0.00,0,0,0.00,0
2026-05-10 18:39:22,645.46,0,0,0,0,0,0,0,0.00,1,0.00,0.00,0.00,0.00,0.00,P,0.00,1.56,0.88,1.73,1.35,^,0.00,,34.80,12.80,504,2.55,58.2,1,0,0.00,0.00,0.00,1.56,0.00,0.00,0,0,0.00,0
2026-05-10 18:39:23,646.47,0,0,0,0,0,0,0,0.00,1,0.00,0.00,0.00,0.00,0.00,P,0.00,1.56,0.88,1.72,1.34,^,0.00,,35.80,12.80,504,3.57,58.2,1,0,0.00,0.00,0.00,1.56,0.00,0.00,0,0,0.00,0
2026-05-10 18:39:24,647.49,0,0,0,0,0,0,0,0.00,1,0.00,0.00,0.00,0.00,0.00,P,0.00,1.56,0.88,1.73,1.34,^,0.00,,36.10,12.80,504,0.41,57.1,1,0,0.00,0.00,0.00,1.56,0.00,0.00,0,0,0.00,0
2026-05-10 18:39:25,648.49,0,0,0,0,0,0,0,0.00,1,0.00,0.00,0.00,0.00,0.00,P,0.00,1.56,0.88,1.72,1.34,^,0.00,,36.30,12.80,504,1.41,57.6,1,0,0.00,0.00,0.00,1.56,0.00,0.00,0,0,0.00,0
2026-05-10 18:39:26,649.50,0,0,0,0,0,0,0,0.00,1,0.00,0.00,0.00,0.00,0.00,P,0.00,1.56,0.88,1.73,1.34,^,0.00,,35.10,12.80,504,0.12,59.3,1,0,0.00,0.00,0.00,1.56,0.00,0.00,0,0,0.00,0
2026-05-10 18:39:27,650.51,0,0,0,0,0,0,0,0.00,1,0.00,0.00,0.00,0.00,0.00,P,0.00,1.56,0.88,1.73,1.34,^,0.00,,36.90,12.80,504,1.14,58.2,1,0,0.00,0.00,0.00,1.56,0.00,0.00,0,0,0.00,0
2026-05-10 18:39:28,651.52,0,0,0,0,0,0,0,0.00,1,0.00,0.00,0.00,0.00,0.00,P,0.00,1.56,0.88,1.73,1.35,^,0.00,,36.90,12.80,504,2.14,59.8,1,0,0.00,0.00,0.00,1.56,0.00,0.00,0,0,0.00,0
2026-05-10 18:39:29,652.53,0,0,0,0,0,0,0,0.00,1,0.00,0.00,0.00,0.00,0.00,P,0.00,1.56,0.88,1.72,1.34,^,0.00,,36.20,12.80,504,0.90,58.7,1,0,0.00,0.00,0.00,1.56,0.00,0.00,0,0,0.00,0
2026-05-10 18:39:30,653.55,0,0,0,0,0,0,0,0.00,1,0.00,0.00,0.00,0.00,0.00,P,0.00,1.56,0.88,1.73,1.34,^,0.00,,36.10,12.80,504,0.25,59.3,1,0,0.00,0.00,0.00,1.56,0.00,0.00,0,0,0.00,0
2026-05-10 18:39:31,654.55,0,0,0,0,0,0,0,0.00,1,0.00,0.00,0.00,0.00,0.00,P,0.00,1.56,0.88,1.72,1.34,^,0.00,,37.30,12.80,504,0.33,58.7,1,0,0.00,0.00,0.00,1.56,0.00,0.00,0,0,0.00,0
2026-05-10 18:39:32,655.57,0,0,0,0,0,0,0,0.00,1,0.00,0.00,0.00,0.00,0.00,P,0.00,1.56,0.88,1.73,1.34,^,0.00,,36.90,12.80,504,1.34,58.7,1,0,0.00,0.00,0.00,1.56,0.00,0.00,0,0,0.00,0
2026-05-10 18:39:33,656.59,0,0,0,0,0,0,0,0.00,1,0.00,0.00,0.00,0.00,0.00,P,0.00,1.56,0.88,1.73,1.34,^,0.00,,37.90,12.80,504,2.36,59.8,1,0,0.00,0.00,0.00,1.56,0.00,0.00,0,0,0.00,0
2026-05-10 18:39:34,657.61,0,0,0,0,0,0,0,0.00,1,0.00,0.00,0.00,0.00,0.00,P,0.00,1.56,0.88,1.72,1.34,^,0.00,,36.10,12.80,504,3.38,59.3,1,0,0.00,0.00,0.00,1.56,0.00,0.00,0,0,0.00,0
2026-05-10 18:39:35,658.61,0,0,0,0,0,0,0,0.00,1,0.00,0.00,0.00,0.00,0.00,P,0.00,1.56,0.88,1.73,1.34,^,0.00,,36.30,12.80,504,0.87,58.2,1,0,0.00,0.00,0.00,1.56,0.00,0.00,0,0,0.00,0
2026-05-10 18:39:36,659.64,0,0,0,0,0,0,0,0.00,1,0.00,0.00,0.00,0.00,0.00,P,0.00,1.56,0.88,1.73,1.34,^,0.00,,37.80,12.80,504,0.98,58.7,1,0,0.00,0.00,0.00,1.56,0.00,0.00,0,0,0.00,0
2026-05-10 18:39:37,660.65,0,0,0,0,0,0,0,0.00,1,0.00,0.00,0.00,0.00,0.00,P,0.00,1.56,0.88,1.73,1.34,^,0.00,,35.20,12.80,504,1.98,58.7,1,0,0.00,0.00,0.00,1.56,0.00,0.00,0,0,0.00,0
2026-05-10 18:39:38,661.67,0,0,0,0,0,0,0,0.00,1,0.00,0.00,0.00,0.00,0.00,P,0.00,1.56,0.88,1.72,1.34,^,0.00,,35.30,12.80,504,3.01,59.8,1,0,0.00,0.00,0.00,1.56,0.00,0.00,0,0,0.00,0
2026-05-10 18:39:39,662.69,0,0,0,0,0,0,0,0.00,1,0.00,0.00,0.00,0.00,0.00,P,0.00,1.56,0.88,1.72,1.34,^,0.00,,36.20,12.80,504,4.03,59.3,1,0,0.00,0.00,0.00,1.56,0.00,0.00,0,0,0.00,0
2026-05-10 18:39:40,663.70,0,0,0,0,0,0,0,0.00,1,0.00,0.00,0.00,0.00,0.00,P,0.00,1.56,0.88,1.73,1.34,^,0.00,,37.00,12.80,504,5.04,58.2,1,0,0.00,0.00,0.00,1.56,0.00,0.00,0,0,0.00,0
2026-05-10 18:39:41,664.72,0,0,0,0,0,0,0,0.00,1,0.00,0.00,0.00,0.00,0.00,P,0.00,1.56,0.88,1.72,1.34,^,0.00,,36.80,12.80,504,6.06,60.4,1,0,0.00,0.00,0.00,1.56,0.00,0.00,0,0,0.00,0
2026-05-10 18:39:42,665.73,0,0,0,0,0,0,0,0.00,1,0.00,0.00,0.00,0.00,0.00,P,0.00,1.56,0.89,1.73,1.35,^,0.00,,37.10,12.80,504,0.50,58.7,1,0,0.00,0.00,0.00,1.56,0.00,0.00,0,0,0.00,0
2026-05-10 18:39:43,666.74,0,0,0,0,0,0,0,0.00,1,0.00,0.00,0.00,0.00,0.00,P,0.00,1.56,0.88,1.72,1.34,^,0.00,,36.60,12.80,504,1.52,57.6,1,0,0.00,0.00,0.00,1.56,0.00,0.00,0,0,0.00,0
2026-05-10 18:39:44,667.76,0,0,0,0,0,0,0,0.00,1,0.00,0.00,0.00,0.00,0.00,P,0.00,1.56,0.88,1.73,1.34,^,0.00,,36.90,12.80,504,2.53,58.7,1,0,0.00,0.00,0.00,1.56,0.00,0.00,0,0,0.00,0
2026-05-10 18:39:45,668.77,0,0,0,0,0,0,0,0.00,1,0.00,0.00,0.00,0.00,0.00,P,0.00,1.56,0.88,1.72,1.34,^,0.00,,35.70,12.80,504,3.55,58.7,1,0,0.00,0.00,0.00,1.56,0.00,0.00,0,0,0.00,0
2026-05-10 18:39:46,669.79,0,0,0,0,0,0,0,0.00,1,0.00,0.00,0.00,0.00,0.00,P,0.00,1.56,0.89,1.73,1.34,^,0.00,,36.60,12.80,504,4.56,57.6,1,0,0.00,0.00,0.00,1.56,0.00,0.00,0,0,0.00,0
2026-05-10 18:39:47,670.81,0,0,0,0,0,0,0,0.00,1,0.00,0.00,0.00,0.00,0.00,P,0.00,1.56,0.88,1.72,1.35,^,0.00,,37.20,12.80,504,5.58,58.2,1,0,0.00,0.00,0.00,1.56,0.00,0.00,0,0,0.00,0
2026-05-10 18:39:48,671.81,0,0,0,0,0,0,0,0.00,1,0.00,0.00,0.00,0.00,0.00,P,0.00,1.56,0.88,1.73,1.34,^,0.00,,37.60,12.80,504,6.59,58.7,1,0,0.00,0.00,0.00,1.56,0.00,0.00,0,0,0.00,0
2026-05-10 18:39:49,672.83,0,0,0,0,0,0,0,0.00,1,0.00,0.00,0.00,0.00,0.00,P,0.00,1.56,0.88,1.72,1.34,^,0.00,,36.20,12.80,504,7.60,58.2,1,0,0.00,0.00,0.00,1.56,0.00,0.00,0,0,0.00,0
2026-05-10 18:39:50,673.83,0,0,0,0,0,0,0,0.00,1,0.00,0.00,0.00,0.00,0.00,P,0.00,1.56,0.88,1.73,1.34,^,0.00,,38.10,12.80,504,0.33,59.8,1,0,0.00,0.00,0.00,1.56,0.00,0.00,0,0,0.00,0
2026-05-10 18:39:51,674.83,0,0,0,0,0,0,0,0.00,1,0.00,0.00,0.00,0.00,0.00,P,0.00,1.56,0.88,1.73,1.34,^,0.00,,34.80,12.80,504,1.33,58.7,1,0,0.00,0.00,0.00,1.56,0.00,0.00,0,0,0.00,0
2026-05-10 18:39:52,675.85,0,0,0,0,0,0,0,0.00,1,0.00,0.00,0.00,0.00,0.00,P,0.00,1.56,0.88,1.73,1.34,^,0.00,,36.70,12.80,504,2.35,59.3,1,0,0.00,0.00,0.00,1.56,0.00,0.00,0,0,0.00,0
2026-05-10 18:39:53,676.87,0,0,0,0,0,0,0,0.00,1,0.00,0.00,0.00,0.00,0.00,P,0.00,1.56,0.88,1.73,1.34,^,0.00,,36.80,12.80,504,0.69,59.8,1,0,0.00,0.00,0.00,1.56,0.00,0.00,0,0,0.00,0
2026-05-10 18:39:54,677.89,0,0,0,0,0,0,0,0.00,1,0.00,0.00,0.00,0.00,0.00,P,0.00,1.56,0.88,1.72,1.34,^,0.00,,34.40,12.80,504,1.71,59.8,1,0,0.00,0.00,0.00,1.56,0.00,0.00,0,0,0.00,0
2026-05-10 18:39:55,678.92,0,0,0,0,0,0,0,0.00,1,0.00,0.00,0.00,0.00,0.00,P,0.00,1.56,0.88,1.73,1.34,^,0.00,,35.20,12.80,504,2.73,59.8,1,0,0.00,0.00,0.00,1.56,0.00,0.00,0,0,0.00,0
2026-05-10 18:39:56,679.94,0,0,0,0,0,0,0,0.00,1,0.00,0.00,0.00,0.00,0.00,P,0.00,1.56,0.88,1.73,1.34,^,0.00,,36.50,12.80,504,3.76,58.7,1,0,0.00,0.00,0.00,1.56,0.00,0.00,0,0,0.00,0
2026-05-10 18:39:57,680.96,0,0,0,0,0,0,0,0.00,1,0.00,0.00,0.00,0.00,0.00,P,0.00,1.56,0.88,1.73,1.34,^,0.00,,36.80,12.80,504,4.78,58.2,1,0,0.00,0.00,0.00,1.56,0.00,0.00,0,0,0.00,0
2026-05-10 18:39:58,681.97,0,0,0,0,0,0,0,0.00,1,0.00,0.00,0.00,0.00,0.00,P,0.00,1.56,0.88,1.72,1.34,^,0.00,,36.20,12.80,504,5.79,58.7,1,0,0.00,0.00,0.00,1.56,0.00,0.00,0,0,0.00,0
2026-05-10 18:39:59,682.99,0,0,0,0,0,0,0,0.00,1,0.00,0.00,0.00,0.00,0.00,P,0.00,1.56,0.88,1.73,1.34,^,0.00,,35.90,12.80,504,6.81,58.2,1,0,0.00,0.00,0.00,1.56,0.00,0.00,0,0,0.00,0
2026-05-10 18:40:00,684.01,0,0,0,0,0,0,0,0.00,1,0.00,0.00,0.00,0.00,0.00,P,0.00,1.56,0.88,1.73,1.34,^,0.00,,35.90,12.80,504,7.83,58.7,1,0,0.00,0.00,0.00,1.56,0.00,0.00,0,0,0.00,0
2026-05-10 18:40:01,685.02,0,0,0,0,0,0,0,0.00,1,0.00,0.00,0.00,0.00,0.00,P,0.00,1.56,0.88,1.73,1.34,^,0.00,,35.60,12.80,504,0.83,58.2,1,0,0.00,0.00,0.00,1.56,0.00,0.00,0,0,0.00,0
2026-05-10 18:40:02,686.03,0,0,0,0,0,0,0,0.00,1,0.00,0.00,0.00,0.00,0.00,P,0.00,1.56,0.88,1.73,1.34,^,0.00,,36.60,12.80,504,1.84,58.7,1,0,0.00,0.00,0.00,1.56,0.00,0.00,0,0,0.00,0
2026-05-10 18:40:03,687.05,0,0,0,0,0,0,0,0.00,1,0.00,0.00,0.00,0.00,0.00,P,0.00,1.56,0.88,1.72,1.34,^,0.00,,35.50,12.80,504,2.86,58.7,1,0,0.00,0.00,0.00,1.56,0.00,0.00,0,0,0.00,0
2026-05-10 18:40:04,688.05,0,0,0,0,0,0,0,0.00,1,0.00,0.00,0.00,0.00,0.00,P,0.00,1.56,0.88,1.72,1.34,^,0.00,,36.20,12.80,504,0.09,58.2,1,0,0.00,0.00,0.00,1.56,0.00,0.00,0,0,0.00,0
2026-05-10 18:40:05,689.06,0,0,0,0,0,0,0,0.00,1,0.00,0.00,0.00,0.00,0.00,P,0.00,1.56,0.87,1.73,1.35,^,0.00,,36.10,12.80,504,0.77,58.2,1,0,0.00,0.00,0.00,1.56,0.00,0.00,0,0,0.00,0
2026-05-10 18:40:06,690.07,0,0,0,0,0,0,0,0.00,1,0.00,0.00,0.00,0.00,0.00,P,0.00,1.56,0.88,1.72,1.35,^,0.00,,36.70,12.80,504,1.78,58.2,1,0,0.00,0.00,0.00,1.56,0.00,0.00,0,0,0.00,0
2026-05-10 18:40:07,691.08,0,0,0,0,0,0,0,0.00,1,0.00,0.00,0.00,0.00,0.00,P,0.00,1.56,0.88,1.73,1.34,^,0.00,,37.60,12.80,504,2.80,57.1,1,0,0.00,0.00,0.00,1.56,0.00,0.00,0,0,0.00,0
2026-05-10 18:40:08,692.10,0,0,0,0,0,0,0,0.00,1,0.00,0.00,0.00,0.00,0.00,P,0.00,1.56,0.88,1.73,1.34,^,0.00,,35.40,12.70,504,0.93,58.7,1,0,0.00,0.00,0.00,1.56,0.00,0.00,0,0,0.00,0
2026-05-10 18:40:09,693.12,0,0,0,0,0,0,0,0.00,1,0.00,0.00,0.00,0.00,0.00,P,0.00,1.56,0.88,1.73,1.34,^,0.00,,36.30,12.80,504,0.49,58.2,1,0,0.00,0.00,0.00,1.56,0.00,0.00,0,0,0.00,0
2026-05-10 18:40:10,694.12,0,0,0,0,0,0,0,0.00,1,0.00,0.00,0.00,0.00,0.00,P,0.00,1.56,0.88,1.72,1.34,^,0.00,,36.20,12.80,504,0.56,59.8,1,0,0.00,0.00,0.00,1.56,0.00,0.00,0,0,0.00,0
2026-05-10 18:40:11,695.12,0,0,0,0,0,0,0,0.00,1,0.00,0.00,0.00,0.00,0.00,P,0.00,1.56,0.88,1.73,1.33,^,0.00,,37.90,12.80,504,0.46,58.2,1,0,0.00,0.00,0.00,1.56,0.00,0.00,0,0,0.00,0
2026-05-10 18:40:12,696.13,0,0,0,0,0,0,0,0.00,1,0.00,0.00,0.00,0.00,0.00,P,0.00,1.56,0.88,1.72,1.35,^,0.00,,35.60,12.80,504,1.47,58.2,1,0,0.00,0.00,0.00,1.56,0.00,0.00,0,0,0.00,0
2026-05-10 18:40:13,697.13,0,0,0,0,0,0,0,0.00,1,0.00,0.00,0.00,0.00,0.00,P,0.00,1.56,0.88,1.73,1.33,^,0.00,,37.40,12.80,504,0.03,58.7,1,0,0.00,0.00,0.00,1.56,0.00,0.00,0,0,0.00,0
2026-05-10 18:40:14,698.15,0,0,0,0,0,0,0,0.00,1,0.00,0.00,0.00,0.00,0.00,P,0.00,1.56,0.88,1.72,1.34,^,0.00,,35.90,12.70,504,1.05,59.8,1,0,0.00,0.00,0.00,1.56,0.00,0.00,0,0,0.00,0
2026-05-10 18:40:15,699.16,0,0,0,0,0,0,0,0.00,1,0.00,0.00,0.00,0.00,0.00,P,0.00,1.56,0.88,1.73,1.34,^,0.00,,35.90,12.80,504,2.05,58.2,1,0,0.00,0.00,0.00,1.56,0.00,0.00,0,0,0.00,0
2026-05-10 18:40:16,700.17,0,0,0,0,0,0,0,0.00,1,0.00,0.00,0.00,0.00,0.00,P,0.00,1.56,0.88,1.73,1.35,^,0.00,,37.50,12.80,504,3.07,58.7,1,0,0.00,0.00,0.00,1.56,0.00,0.00,0,0,0.00,0
2026-05-10 18:40:17,701.19,0,0,0,0,0,0,0,0.00,1,0.00,0.00,0.00,0.00,0.00,P,0.00,1.56,0.88,1.72,1.34,^,0.00,,36.20,12.80,504,4.08,57.6,1,0,0.00,0.00,0.00,1.56,0.00,0.00,0,0,0.00,0
2026-05-10 18:40:19,702.20,0,0,0,0,0,0,0,0.00,1,0.00,0.00,0.00,0.00,0.00,P,0.00,1.56,0.88,1.72,1.34,^,0.00,,36.30,12.80,504,0.81,58.2,1,0,0.00,0.00,0.00,1.56,0.00,0.00,0,0,0.00,0
2026-05-10 18:40:20,703.22,0,0,0,0,0,0,0,0.00,1,0.00,0.00,0.00,0.00,0.00,P,0.00,1.56,0.88,1.73,1.34,^,0.00,,36.80,12.80,504,1.83,57.6,1,0,0.00,0.00,0.00,1.56,0.00,0.00,0,0,0.00,0
2026-05-10 18:40:21,704.22,0,0,0,0,0,0,0,0.00,1,0.00,0.00,0.00,0.00,0.00,P,0.00,1.56,0.88,1.73,1.34,^,0.00,,36.70,12.80,504,2.83,59.3,1,0,0.00,0.00,0.00,1.56,0.00,0.00,0,0,0.00,0
2026-05-10 18:40:22,705.23,0,0,0,0,0,0,0,0.00,1,0.00,0.00,0.00,0.00,0.00,P,0.00,1.56,0.88,1.73,1.34,^,0.00,,37.80,12.80,504,3.84,58.7,1,0,0.00,0.00,0.00,1.56,0.00,0.00,0,0,0.00,0
2026-05-10 18:40:23,706.23,0,0,0,0,0,0,0,0.00,1,0.00,0.00,0.00,0.00,0.00,P,0.00,1.56,0.88,1.72,1.34,^,0.00,,36.60,12.80,504,4.84,59.3,1,0,0.00,0.00,0.00,1.56,0.00,0.00,0,0,0.00,0
2026-05-10 18:40:24,707.24,0,0,0,0,0,0,0,0.00,1,0.00,0.00,0.00,0.00,0.00,P,0.00,1.56,0.88,1.73,1.34,^,0.00,,36.00,12.80,504,5.85,58.2,1,0,0.00,0.00,0.00,1.56,0.00,0.00,0,0,0.00,0
2026-05-10 18:40:25,708.35,0,0,0,0,0,0,0,0.00,1,0.00,0.00,0.00,0.00,0.00,P,0.00,1.56,0.88,1.72,1.34,^,0.00,,34.80,12.80,504,0.69,57.6,1,0,0.00,0.00,0.00,1.56,0.00,0.00,0,0,0.00,0
2026-05-10 18:40:26,709.26,0,0,0,0,0,0,0,0.00,1,0.00,0.00,0.00,0.00,0.00,P,0.00,1.56,0.89,1.72,1.34,^,0.00,,36.60,12.80,504,1.60,59.8,1,0,0.00,0.00,0.00,1.56,0.00,0.00,0,0,0.00,0
2026-05-10 18:40:27,710.26,0,0,0,0,0,0,0,0.00,1,0.00,0.00,0.00,0.00,0.00,P,0.00,1.56,0.88,1.73,1.34,^,0.00,,36.20,12.80,504,2.61,59.8,1,0,0.00,0.00,0.00,1.56,0.00,0.00,0,0,0.00,0
2026-05-10 18:40:28,711.27,0,0,0,0,0,0,0,0.00,1,0.00,0.00,0.00,0.00,0.00,P,0.00,1.56,0.88,1.73,1.34,^,0.00,,37.20,12.80,504,3.61,59.8,1,0,0.00,0.00,0.00,1.56,0.00,0.00,0,0,0.00,0
2026-05-10 18:40:29,712.28,0,0,0,0,0,0,0,0.00,1,0.00,0.00,0.00,0.00,0.00,P,0.00,1.56,0.88,1.72,1.34,^,0.00,,35.70,12.80,504,4.62,59.8,1,0,0.00,0.00,0.00,1.56,0.00,0.00,0,0,0.00,0
2026-05-10 18:40:30,713.28,0,0,0,0,0,0,0,0.00,1,0.00,0.00,0.00,0.00,0.00,P,0.00,1.56,0.88,1.73,1.34,^,0.00,,36.20,12.80,504,0.48,59.8,1,0,0.00,0.00,0.00,1.56,0.00,0.00,0,0,0.00,0
2026-05-10 18:40:31,714.30,0,0,0,0,0,0,0,0.00,1,0.00,0.00,0.00,0.00,0.00,P,0.00,1.56,0.88,1.73,1.34,^,0.00,,36.40,12.80,504,1.50,59.8,1,0,0.00,0.00,0.00,1.56,0.00,0.00,0,0,0.00,0
2026-05-10 18:40:32,715.32,0,0,0,0,0,0,0,0.00,1,0.00,0.00,0.00,0.00,0.00,P,0.00,1.56,0.88,1.73,1.34,^,0.00,,35.20,12.80,504,0.50,59.3,1,0,0.00,0.00,0.00,1.56,0.00,0.00,0,0,0.00,0
2026-05-10 18:40:33,716.33,0,0,0,0,0,0,0,0.00,1,0.00,0.00,0.00,0.00,0.00,P,0.00,1.56,0.88,1.72,1.34,^,0.00,,35.30,12.80,504,1.51,57.6,1,0,0.00,0.00,0.00,1.56,0.00,0.00,0,0,0.00,0
2026-05-10 18:40:34,717.34,0,0,0,0,0,0,0,0.00,1,0.00,0.00,0.00,0.00,0.00,P,0.00,1.56,0.88,1.73,1.34,^,0.00,,35.20,12.80,504,0.56,59.3,1,0,0.00,0.00,0.00,1.56,0.00,0.00,0,0,0.00,0
2026-05-10 18:40:35,718.35,0,0,0,0,0,0,0,0.00,1,0.00,0.00,0.00,0.00,0.00,P,0.00,1.56,0.88,1.73,1.34,^,0.00,,35.40,12.80,504,1.57,59.3,1,0,0.00,0.00,0.00,1.56,0.00,0.00,0,0,0.00,0
2026-05-10 18:40:36,719.35,0,0,0,0,0,0,0,0.00,1,0.00,0.00,0.00,0.00,0.00,P,0.00,1.56,0.88,1.72,1.34,^,0.00,,36.50,12.80,504,2.57,58.2,1,0,0.00,0.00,0.00,1.56,0.00,0.00,0,0,0.00,0
2026-05-10 18:40:37,720.36,0,0,0,0,0,0,0,0.00,1,0.00,0.00,0.00,0.00,0.00,P,0.00,1.56,0.88,1.72,1.34,^,0.00,,36.50,12.80,504,3.58,58.2,1,0,0.00,0.00,0.00,1.56,0.00,0.00,0,0,0.00,0
2026-05-10 18:40:38,721.37,0,0,0,0,0,0,0,0.00,1,0.00,0.00,0.00,0.00,0.00,P,0.00,1.56,0.88,1.72,1.34,^,0.00,,35.90,12.80,504,0.40,58.2,1,0,0.00,0.00,0.00,1.56,0.00,0.00,0,0,0.00,0
2026-05-10 18:40:39,722.39,0,0,0,0,0,0,0,0.00,1,0.00,0.00,0.00,0.00,0.00,P,0.00,1.56,0.88,1.73,1.35,^,0.00,,35.20,12.80,504,1.42,58.2,1,0,0.00,0.00,0.00,1.56,0.00,0.00,0,0,0.00,0
2026-05-10 18:40:40,723.39,0,0,0,0,0,0,0,0.00,1,0.00,0.00,0.00,0.00,0.00,P,0.00,1.56,0.88,1.73,1.34,^,0.00,,36.50,12.80,504,2.42,57.6,1,0,0.00,0.00,0.00,1.56,0.00,0.00,0,0,0.00,0
2026-05-10 18:40:41,724.50,0,0,0,0,0,0,0,0.00,1,0.00,0.00,0.00,0.00,0.00,P,0.00,1.56,0.88,1.72,1.34,^,0.00,,34.00,12.80,504,1.05,58.7,1,0,0.00,0.00,0.00,1.56,0.00,0.00,0,0,0.00,0
2026-05-10 18:40:42,725.41,0,0,0,0,0,0,0,0.00,1,0.00,0.00,0.00,0.00,0.00,P,0.00,1.56,0.88,1.72,1.34,^,0.00,,35.30,12.80,504,1.97,58.7,1,0,0.00,0.00,0.00,1.56,0.00,0.00,0,0,0.00,0
2026-05-10 18:40:43,726.42,0,0,0,0,0,0,0,0.00,1,0.00,0.00,0.00,0.00,0.00,P,0.00,1.56,0.88,1.73,1.34,^,0.00,,36.20,12.80,504,2.97,58.7,1,0,0.00,0.00,0.00,1.56,0.00,0.00,0,0,0.00,0
2026-05-10 18:40:44,727.44,0,0,0,0,0,0,0,0.00,1,0.00,0.00,0.00,0.00,0.00,P,0.00,1.56,0.88,1.72,1.34,^,0.00,,35.80,12.80,504,3.99,57.6,1,0,0.00,0.00,0.00,1.56,0.00,0.00,0,0,0.00,0
2026-05-10 18:40:45,728.46,0,0,0,0,0,0,0,0.00,1,0.00,0.00,0.00,0.00,0.00,P,0.00,1.56,0.88,1.72,1.34,^,0.00,,36.10,12.80,504,5.01,59.3,1,0,0.00,0.00,0.00,1.56,0.00,0.00,0,0,0.00,0
2026-05-10 18:40:46,729.48,0,0,0,0,0,0,0,0.00,1,0.00,0.00,0.00,0.00,0.00,P,0.00,1.56,0.88,1.73,1.34,^,0.00,,36.00,12.80,504,6.03,58.7,1,0,0.00,0.00,0.00,1.56,0.00,0.00,0,0,0.00,0
2026-05-10 18:40:47,730.48,0,0,0,0,0,0,0,0.00,1,0.00,0.00,0.00,0.00,0.00,P,0.00,1.56,0.88,1.73,1.34,^,0.00,,35.90,12.80,504,7.03,58.2,1,0,0.00,0.00,0.00,1.56,0.00,0.00,0,0,0.00,0
2026-05-10 18:40:48,731.48,0,0,0,0,0,0,0,0.00,1,0.00,0.00,0.00,0.00,0.00,P,0.00,1.56,0.88,1.72,1.34,^,0.00,,36.80,12.80,504,0.59,58.7,1,0,0.00,0.00,0.00,1.56,0.00,0.00,0,0,0.00,0
2026-05-10 18:40:49,732.50,0,0,0,0,0,0,0,0.00,1,0.00,0.00,0.00,0.00,0.00,P,0.00,1.56,0.88,1.72,1.34,^,0.00,,36.20,12.80,504,0.45,58.7,1,0,0.00,0.00,0.00,1.56,0.00,0.00,0,0,0.00,0
2026-05-10 18:40:50,733.51,0,0,0,0,0,0,0,0.00,1,0.00,0.00,0.00,0.00,0.00,P,0.00,1.56,0.88,1.73,1.34,^,0.00,,35.80,12.80,504,0.87,58.2,1,0,0.00,0.00,0.00,1.56,0.00,0.00,0,0,0.00,0
2026-05-10 18:40:51,734.52,0,0,0,0,0,0,0,0.00,1,0.00,0.00,0.00,0.00,0.00,P,0.00,1.56,0.88,1.73,1.34,^,0.00,,36.50,12.80,504,0.44,58.7,1,0,0.00,0.00,0.00,1.56,0.00,0.00,0,0,0.00,0
2026-05-10 18:40:52,735.52,0,0,0,0,0,0,0,0.00,1,0.00,0.00,0.00,0.00,0.00,P,0.00,1.56,0.88,1.73,1.34,^,0.00,,37.10,12.80,504,1.44,58.7,1,0,0.00,0.00,0.00,1.56,0.00,0.00,0,0,0.00,0
2026-05-10 18:40:53,736.54,0,0,0,0,0,0,0,0.00,1,0.00,0.00,0.00,0.00,0.00,P,0.00,1.56,0.88,1.72,1.34,^,0.00,,36.20,12.80,504,2.47,58.7,1,0,0.00,0.00,0.00,1.56,0.00,0.00,0,0,0.00,0
2026-05-10 18:40:54,737.55,0,0,0,0,0,0,0,0.00,1,0.00,0.00,0.00,0.00,0.00,P,0.00,1.56,0.88,1.73,1.34,^,0.00,,36.30,12.80,504,3.48,59.3,1,0,0.00,0.00,0.00,1.56,0.00,0.00,0,0,0.00,0
2026-05-10 18:40:55,738.57,0,0,0,0,0,0,0,0.00,1,0.00,0.00,0.00,0.00,0.00,P,0.00,1.56,0.88,1.73,1.34,^,0.00,,36.10,12.80,504,4.50,58.7,1,0,0.00,0.00,0.00,1.56,0.00,0.00,0,0,0.00,0
2026-05-10 18:40:56,739.58,0,0,0,0,0,0,0,0.00,1,0.00,0.00,0.00,0.00,0.00,P,0.00,1.56,0.88,1.73,1.34,^,0.00,,37.10,12.80,504,5.51,57.6,1,0,0.00,0.00,0.00,1.56,0.00,0.00,0,0,0.00,0
2026-05-10 18:40:57,740.60,0,0,0,0,0,0,0,0.00,1,0.00,0.00,0.00,0.00,0.00,P,0.00,1.56,0.88,1.73,1.34,^,0.00,,36.10,12.80,504,6.53,59.3,1,0,0.00,0.00,0.00,1.56,0.00,0.00,0,0,0.00,0
2026-05-10 18:40:58,741.62,0,0,0,0,0,0,0,0.00,1,0.00,0.00,0.00,0.00,0.00,P,0.00,1.56,0.88,1.72,1.34,^,0.00,,36.50,12.80,504,7.54,59.3,1,0,0.00,0.00,0.00,1.56,0.00,0.00,0,0,0.00,0
2026-05-10 18:40:59,742.63,0,0,0,0,0,0,0,0.00,1,0.00,0.00,0.00,0.00,0.00,P,0.00,1.56,0.88,1.73,1.34,^,0.00,,36.60,12.80,504,8.56,59.3,1,0,0.00,0.00,0.00,1.56,0.00,0.00,0,0,0.00,0
2026-05-10 18:41:00,743.65,0,0,0,0,0,0,0,0.00,1,0.00,0.00,0.00,0.00,0.00,P,0.00,1.56,0.88,1.73,1.34,^,0.00,,36.10,12.80,504,9.57,58.2,1,0,0.00,0.00,0.00,1.56,0.00,0.00,0,0,0.00,0
2026-05-10 18:41:01,744.64,0,0,0,0,0,0,0,0.00,1,0.00,0.00,0.00,0.00,0.00,P,0.00,1.56,0.88,1.73,1.35,^,0.00,,36.90,12.70,504,10.56,57.6,1,0,0.00,0.00,0.00,1.56,0.00,0.00,0,0,0.00,0
2026-05-10 18:41:02,745.64,0,0,0,0,0,0,0,0.00,1,0.00,0.00,0.00,0.00,0.00,P,0.00,1.56,0.88,1.72,1.34,^,0.00,,37.20,12.80,504,11.57,58.2,1,0,0.00,0.00,0.00,1.56,0.00,0.00,0,0,0.00,0
2026-05-10 18:41:03,746.65,0,0,0,0,0,0,0,0.00,1,0.00,0.00,0.00,0.00,0.00,P,0.00,1.56,0.88,1.72,1.35,^,0.00,,35.70,12.80,504,12.58,58.2,1,0,0.00,0.00,0.00,1.56,0.00,0.00,0,0,0.00,0
2026-05-10 18:41:04,747.67,0,0,0,0,0,0,0,0.00,1,0.00,0.00,0.00,0.00,0.00,P,0.00,1.56,0.88,1.73,1.34,^,0.00,,36.40,12.80,504,13.59,58.7,1,0,0.00,0.00,0.00,1.56,0.00,0.00,0,0,0.00,0
2026-05-10 18:41:05,748.68,0,0,0,0,0,0,0,0.00,1,0.00,0.00,0.00,0.00,0.00,P,0.00,1.56,0.88,1.73,1.34,^,0.00,,36.50,12.70,504,14.60,58.2,1,0,0.00,0.00,0.00,1.56,0.00,0.00,0,0,0.00,0
2026-05-10 18:41:06,749.70,0,0,0,0,0,0,0,0.00,1,0.00,0.00,0.00,0.00,0.00,P,0.00,1.56,0.88,1.72,1.34,^,0.00,,36.80,12.70,504,0.96,59.8,1,0,0.00,0.00,0.00,1.56,0.00,0.00,0,0,0.00,0
2026-05-10 18:41:07,750.72,0,0,0,0,0,0,0,0.00,1,0.00,0.00,0.00,0.00,0.00,P,0.00,1.56,0.88,1.72,1.34,^,0.00,,35.90,12.70,504,0.18,58.7,1,0,0.00,0.00,0.00,1.56,0.00,0.00,0,0,0.00,0
2026-05-10 18:41:08,751.72,0,0,0,0,0,0,0,0.00,1,0.00,0.00,0.00,0.00,0.00,P,0.00,1.56,0.88,1.73,1.34,^,0.00,,36.30,12.70,504,1.19,59.3,1,0,0.00,0.00,0.00,1.56,0.00,0.00,0,0,0.00,0
2026-05-10 18:41:09,752.73,0,0,0,0,0,0,0,0.00,1,0.00,0.00,0.00,0.00,0.00,P,0.00,1.56,0.88,1.73,1.34,^,0.00,,35.90,12.70,504,2.20,60.4,1,0,0.00,0.00,0.00,1.56,0.00,0.00,0,0,0.00,0
2026-05-10 18:41:10,753.74,0,0,0,0,0,0,0,0.00,1,0.00,0.00,0.00,0.00,0.00,P,0.00,1.56,0.88,1.72,1.34,^,0.00,,38.30,12.70,504,0.46,58.7,1,0,0.00,0.00,0.00,1.56,0.00,0.00,0,0,0.00,0
2026-05-10 18:41:11,754.74,0,0,0,0,0,0,0,0.00,1,0.00,0.00,0.00,0.00,0.00,P,0.00,1.56,0.88,1.73,1.34,^,0.00,,36.30,12.70,504,0.06,60.4,1,0,0.00,0.00,0.00,1.56,0.00,0.00,0,0,0.00,0
2026-05-10 18:41:12,755.76,0,0,0,0,0,0,0,0.00,1,0.00,0.00,0.00,0.00,0.00,P,0.00,1.56,0.88,1.72,1.35,^,0.00,,36.60,12.70,504,0.55,59.8,1,0,0.00,0.00,0.00,1.56,0.00,0.00,0,0,0.00,0
2026-05-10 18:41:13,756.79,0,0,0,0,0,0,0,0.00,1,0.00,0.00,0.00,0.00,0.00,P,0.00,1.56,0.88,1.73,1.34,^,0.00,,35.00,12.70,504,1.57,58.7,1,0,0.00,0.00,0.00,1.56,0.00,0.00,0,0,0.00,0
2026-05-10 18:41:14,757.79,0,0,0,0,0,0,0,0.00,1,0.00,0.00,0.00,0.00,0.00,P,0.00,1.56,0.88,1.72,1.34,^,0.00,,36.70,12.80,504,0.33,58.7,1,0,0.00,0.00,0.00,1.56,0.00,0.00,0,0,0.00,0
2026-05-10 18:41:15,758.79,0,0,0,0,0,0,0,0.00,1,0.00,0.00,0.00,0.00,0.00,P,0.00,1.56,0.88,1.72,1.34,^,0.00,,35.40,12.80,504,1.34,58.7,1,0,0.00,0.00,0.00,1.56,0.00,0.00,0,0,0.00,0
2026-05-10 18:41:16,759.82,0,0,0,0,0,0,0,0.00,1,0.00,0.00,0.00,0.00,0.00,P,0.00,1.56,0.88,1.72,1.34,^,0.00,,37.10,12.80,504,2.36,57.6,1,0,0.00,0.00,0.00,1.56,0.00,0.00,0,0,0.00,0
2026-05-10 18:41:17,760.82,0,0,0,0,0,0,0,0.00,1,0.00,0.00,0.00,0.00,0.00,P,0.00,1.56,0.88,1.72,1.34,^,0.00,,37.40,12.80,504,0.19,58.7,1,0,0.00,0.00,0.00,1.56,0.00,0.00,0,0,0.00,0
2026-05-10 18:41:18,761.84,0,0,0,0,0,0,0,0.00,1,0.00,0.00,0.00,0.00,0.00,P,0.00,1.56,0.88,1.73,1.34,^,0.00,,36.90,12.80,504,1.21,59.3,1,0,0.00,0.00,0.00,1.56,0.00,0.00,0,0,0.00,0
2026-05-10 18:41:19,762.86,0,0,0,0,0,0,0,0.00,1,0.00,0.00,0.00,0.00,0.00,P,0.00,1.56,0.88,1.73,1.34,^,0.00,,35.10,12.80,504,2.23,57.6,1,0,0.00,0.00,0.00,1.56,0.00,0.00,0,0,0.00,0
2026-05-10 18:41:20,763.88,0,0,0,0,0,0,0,0.00,1,0.00,0.00,0.00,0.00,0.00,P,0.00,1.56,0.87,1.73,1.35,^,0.00,,35.80,12.80,504,3.25,58.2,1,0,0.00,0.00,0.00,1.56,0.00,0.00,0,0,0.00,0
2026-05-10 18:41:21,764.90,0,0,0,0,0,0,0,0.00,1,0.00,0.00,0.00,0.00,0.00,P,0.00,1.56,0.88,1.73,1.34,^,0.00,,35.20,12.80,504,4.28,59.8,1,0,0.00,0.00,0.00,1.56,0.00,0.00,0,0,0.00,0
2026-05-10 18:41:22,765.91,0,0,0,0,0,0,0,0.00,1,0.00,0.00,0.00,0.00,0.00,P,0.00,1.56,0.88,1.73,1.34,^,0.00,,36.60,12.80,504,5.28,58.7,1,0,0.00,0.00,0.00,1.56,0.00,0.00,0,0,0.00,0
2026-05-10 18:41:23,766.91,0,0,0,0,0,0,0,0.00,1,0.00,0.00,0.00,0.00,0.00,P,0.00,1.56,0.88,1.72,1.34,^,0.00,,36.80,12.80,504,0.32,58.2,1,0,0.00,0.00,0.00,1.56,0.00,0.00,0,0,0.00,0
2026-05-10 18:41:24,767.92,0,0,0,0,0,0,0,0.00,1,0.00,0.00,0.00,0.00,0.00,P,0.00,1.56,0.88,1.73,1.35,^,0.00,,35.80,12.80,504,1.33,60.4,1,0,0.00,0.00,0.00,1.56,0.00,0.00,0,0,0.00,0
2026-05-10 18:41:25,768.93,0,0,0,0,0,0,0,0.00,1,0.00,0.00,0.00,0.00,0.00,P,0.00,1.56,0.88,1.73,1.34,^,0.00,,36.20,12.80,504,0.48,58.7,1,0,0.00,0.00,0.00,1.56,0.00,0.00,0,0,0.00,0
2026-05-10 18:41:26,769.93,0,0,0,0,0,0,0,0.00,1,0.00,0.00,0.00,0.00,0.00,P,0.00,1.56,0.88,1.73,1.34,^,0.00,,36.80,12.80,504,1.48,58.7,1,0,0.00,0.00,0.00,1.56,0.00,0.00,0,0,0.00,0
2026-05-10 18:41:27,770.94,0,0,0,0,0,0,0,0.00,1,0.00,0.00,0.00,0.00,0.00,P,0.00,1.56,0.88,1.73,1.34,^,0.00,,36.80,12.80,504,2.49,59.8,1,0,0.00,0.00,0.00,1.56,0.00,0.00,0,0,0.00,0
2026-05-10 18:41:28,772.05,0,0,0,0,0,0,0,0.00,1,0.00,0.00,0.00,0.00,0.00,P,0.00,1.56,0.88,1.73,1.34,^,0.00,,34.90,12.80,504,3.60,59.3,1,0,0.00,0.00,0.00,1.56,0.00,0.00,0,0,0.00,0
2026-05-10 18:41:29,772.96,0,0,0,0,0,0,0,0.00,1,0.00,0.00,0.00,0.00,0.00,P,0.00,1.56,0.88,1.73,1.34,^,0.00,,34.80,12.80,504,4.51,59.3,1,0,0.00,0.00,0.00,1.56,0.00,0.00,0,0,0.00,0
2026-05-10 18:41:30,773.97,0,0,0,0,0,0,0,0.00,1,0.00,0.00,0.00,0.00,0.00,P,0.00,1.56,0.87,1.73,1.34,^,0.00,,35.80,12.80,504,5.52,59.8,1,0,0.00,0.00,0.00,1.56,0.00,0.00,0,0,0.00,0
2026-05-10 18:41:31,774.98,0,0,0,0,0,0,0,0.00,1,0.00,0.00,0.00,0.00,0.00,P,0.00,1.56,0.88,1.73,1.34,^,0.00,,36.30,12.80,504,0.95,58.2,1,0,0.00,0.00,0.00,1.56,0.00,0.00,0,0,0.00,0
2026-05-10 18:41:32,776.00,0,0,0,0,0,0,0,0.00,1,0.00,0.00,0.00,0.00,0.00,P,0.00,1.56,0.88,1.73,1.34,^,0.00,,35.60,12.80,504,1.97,59.3,1,0,0.00,0.00,0.00,1.56,0.00,0.00,0,0,0.00,0
2026-05-10 18:41:33,777.02,0,0,0,0,0,0,0,0.00,1,0.00,0.00,0.00,0.00,0.00,P,0.00,1.56,0.88,1.73,1.34,^,0.00,,36.20,12.80,504,2.99,58.7,1,0,0.00,0.00,0.00,1.56,0.00,0.00,0,0,0.00,0
2026-05-10 18:41:34,778.13,0,0,0,0,0,0,0,0.00,1,0.00,0.00,0.00,0.00,0.00,P,0.00,1.56,0.88,1.73,1.34,^,0.00,,34.70,12.80,504,4.10,58.2,1,0,0.00,0.00,0.00,1.56,0.00,0.00,0,0,0.00,0
2026-05-10 18:41:35,779.03,0,0,0,0,0,0,0,0.00,1,0.00,0.00,0.00,0.00,0.00,P,0.00,1.56,0.88,1.72,1.34,^,0.00,,35.30,12.80,504,5.00,59.8,1,0,0.00,0.00,0.00,1.56,0.00,0.00,0,0,0.00,0
2026-05-10 18:41:36,780.05,0,0,0,0,0,0,0,0.00,1,0.00,0.00,0.00,0.00,0.00,P,0.00,1.56,0.88,1.72,1.34,^,0.00,,37.00,12.80,504,6.02,58.2,1,0,0.00,0.00,0.00,1.56,0.00,0.00,0,0,0.00,0
2026-05-10 18:41:37,781.07,0,0,0,0,0,0,0,0.00,1,0.00,0.00,0.00,0.00,0.00,P,0.00,1.56,0.88,1.72,1.34,^,0.00,,36.70,12.80,504,7.04,59.3,1,0,0.00,0.00,0.00,1.56,0.00,0.00,0,0,0.00,0
2026-05-10 18:41:38,782.07,0,0,0,0,0,0,0,0.00,1,0.00,0.00,0.00,0.00,0.00,P,0.00,1.56,0.88,1.73,1.34,^,0.00,,35.10,12.80,504,8.04,57.6,1,0,0.00,0.00,0.00,1.56,0.00,0.00,0,0,0.00,0
2026-05-10 18:41:39,783.09,0,0,0,0,0,0,0,0.00,1,0.00,0.00,0.00,0.00,0.00,P,0.00,1.56,0.88,1.73,1.33,^,0.00,,36.40,12.80,504,9.06,58.7,1,0,0.00,0.00,0.00,1.56,0.00,0.00,0,0,0.00,0
2026-05-10 18:41:40,784.09,0,0,0,0,0,0,0,0.00,1,0.00,0.00,0.00,0.00,0.00,P,0.00,1.56,0.88,1.72,1.35,^,0.00,,36.90,12.80,504,10.06,57.6,1,0,0.00,0.00,0.00,1.56,0.00,0.00,0,0,0.00,0
2026-05-10 18:41:41,785.10,0,0,0,0,0,0,0,0.00,1,0.00,0.00,0.00,0.00,0.00,P,0.00,1.56,0.88,1.73,1.35,^,0.00,,36.60,12.80,504,11.07,57.6,1,0,0.00,0.00,0.00,1.56,0.00,0.00,0,0,0.00,0
2026-05-10 18:41:42,786.11,0,0,0,0,0,0,0,0.00,1,0.00,0.00,0.00,0.00,0.00,P,0.00,1.56,0.88,1.72,1.34,^,0.00,,36.10,12.80,504,12.08,59.8,1,0,0.00,0.00,0.00,1.56,0.00,0.00,0,0,0.00,0
2026-05-10 18:41:43,787.13,0,0,0,0,0,0,0,0.00,1,0.00,0.00,0.00,0.00,0.00,P,0.00,1.56,0.88,1.73,1.34,^,0.00,,36.40,12.80,504,13.10,59.8,1,0,0.00,0.00,0.00,1.56,0.00,0.00,0,0,0.00,0
2026-05-10 18:41:44,788.15,0,0,0,0,0,0,0,0.00,1,0.00,0.00,0.00,0.00,0.00,P,0.00,1.56,0.89,1.73,1.34,^,0.00,,35.20,12.80,504,14.12,59.8,1,0,0.00,0.00,0.00,1.56,0.00,0.00,0,0,0.00,0
2026-05-10 18:41:45,789.15,0,0,0,0,0,0,0,0.00,1,0.00,0.00,0.00,0.00,0.00,P,0.00,1.56,0.88,1.73,1.35,^,0.00,,36.80,12.80,504,15.12,59.8,1,0,0.00,0.00,0.00,1.56,0.00,0.00,0,0,0.00,0
2026-05-10 18:41:46,790.16,0,0,0,0,0,0,0,0.00,1,0.00,0.00,0.00,0.00,0.00,P,0.00,1.56,0.88,1.73,1.34,^,0.00,,37.40,12.80,504,0.01,60.4,1,0,0.00,0.00,0.00,1.56,0.00,0.00,0,0,0.00,0
2026-05-10 18:41:47,791.17,0,0,0,0,0,0,0,0.00,1,0.00,0.00,0.00,0.00,0.00,P,0.00,1.56,0.88,1.72,1.34,^,0.00,,36.50,12.80,504,0.36,58.7,1,0,0.00,0.00,0.00,1.56,0.00,0.00,0,0,0.00,0
2026-05-10 18:41:48,792.17,0,0,0,0,0,0,0,0.00,1,0.00,0.00,0.00,0.00,0.00,P,0.00,1.56,0.88,1.72,1.34,^,0.00,,37.00,12.80,504,1.36,59.3,1,0,0.00,0.00,0.00,1.56,0.00,0.00,0,0,0.00,0
2026-05-10 18:41:49,793.19,0,0,0,0,0,0,0,0.00,1,0.00,0.00,0.00,0.00,0.00,P,0.00,1.56,0.88,1.73,1.34,^,0.00,,36.80,12.80,504,0.90,57.6,1,0,0.00,0.00,0.00,1.56,0.00,0.00,0,0,0.00,0
2026-05-10 18:41:51,794.20,0,0,0,0,0,0,0,0.00,1,0.00,0.00,0.00,0.00,0.00,P,0.00,1.56,0.88,1.73,1.34,^,0.00,,35.60,12.80,504,1.91,59.8,1,0,0.00,0.00,0.00,1.56,0.00,0.00,0,0,0.00,0
2026-05-10 18:41:52,795.21,0,0,0,0,0,0,0,0.00,1,0.00,0.00,0.00,0.00,0.00,P,0.00,1.56,0.88,1.72,1.34,^,0.00,,37.10,12.80,504,2.92,57.6,1,0,0.00,0.00,0.00,1.56,0.00,0.00,0,0,0.00,0
2026-05-10 18:41:53,796.23,0,0,0,0,0,0,0,0.00,1,0.00,0.00,0.00,0.00,0.00,P,0.00,1.56,0.88,1.73,1.34,^,0.00,,36.50,12.80,504,3.94,58.2,1,0,0.00,0.00,0.00,1.56,0.00,0.00,0,0,0.00,0
2026-05-10 18:41:54,797.25,0,0,0,0,0,0,0,0.00,1,0.00,0.00,0.00,0.00,0.00,P,0.00,1.56,0.88,1.73,1.34,^,0.00,,37.40,12.80,504,4.97,57.6,1,0,0.00,0.00,0.00,1.56,0.00,0.00,0,0,0.00,0
2026-05-10 18:41:55,798.26,0,0,0,0,0,0,0,0.00,1,0.00,0.00,0.00,0.00,0.00,P,0.00,1.56,0.88,1.73,1.34,^,0.00,,35.80,12.80,504,5.97,58.7,1,0,0.00,0.00,0.00,1.56,0.00,0.00,0,0,0.00,0
2026-05-10 18:41:56,799.28,0,0,0,0,0,0,0,0.00,1,0.00,0.00,0.00,0.00,0.00,P,0.00,1.56,0.88,1.73,1.34,^,0.00,,36.30,12.80,504,0.51,58.2,1,0,0.00,0.00,0.00,1.56,0.00,0.00,0,0,0.00,0
2026-05-10 18:41:57,800.30,0,0,0,0,0,0,0,0.00,1,0.00,0.00,0.00,0.00,0.00,P,0.00,1.56,0.88,1.72,1.34,^,0.00,,37.00,12.80,504,1.53,58.2,1,0,0.00,0.00,0.00,1.56,0.00,0.00,0,0,0.00,0
2026-05-10 18:41:58,801.31,0,0,0,0,0,0,0,0.00,1,0.00,0.00,0.00,0.00,0.00,P,0.00,1.56,0.88,1.72,1.35,^,0.00,,36.30,12.80,504,2.55,57.1,1,0,0.00,0.00,0.00,1.56,0.00,0.00,0,0,0.00,0
2026-05-10 18:41:59,802.33,0,0,0,0,0,0,0,0.00,1,0.00,0.00,0.00,0.00,0.00,P,0.00,1.56,0.88,1.73,1.34,^,0.00,,35.40,12.80,504,3.56,57.6,1,0,0.00,0.00,0.00,1.56,0.00,0.00,0,0,0.00,0
2026-05-10 18:42:00,803.35,0,0,0,0,0,0,0,0.00,1,0.00,0.00,0.00,0.00,0.00,P,0.00,1.56,0.88,1.73,1.34,^,0.00,,35.30,12.80,504,0.79,57.1,1,0,0.00,0.00,0.00,1.56,0.00,0.00,0,0,0.00,0
2026-05-10 18:42:01,804.37,0,0,0,0,0,0,0,0.00,1,0.00,0.00,0.00,0.00,0.00,P,0.00,1.56,0.88,1.72,1.34,^,0.00,,37.50,12.80,504,0.64,58.7,1,0,0.00,0.00,0.00,1.56,0.00,0.00,0,0,0.00,0
2026-05-10 18:42:02,805.39,0,0,0,0,0,0,0,0.00,1,0.00,0.00,0.00,0.00,0.00,P,0.00,1.56,0.88,1.72,1.34,^,0.00,,36.40,12.80,504,0.40,57.1,1,0,0.00,0.00,0.00,1.56,0.00,0.00,0,0,0.00,0
2026-05-10 18:42:03,806.41,0,0,0,0,0,0,0,0.00,1,0.00,0.00,0.00,0.00,0.00,P,0.00,1.56,0.88,1.73,1.34,^,0.00,,36.20,12.80,504,1.42,58.7,1,0,0.00,0.00,0.00,1.56,0.00,0.00,0,0,0.00,0
2026-05-10 18:42:04,807.43,0,0,0,0,0,0,0,0.00,1,0.00,0.00,0.00,0.00,0.00,P,0.00,1.56,0.88,1.73,1.34,^,0.00,,35.80,12.80,504,2.44,59.8,1,0,0.00,0.00,0.00,1.56,0.00,0.00,0,0,0.00,0
2026-05-10 18:42:05,808.44,0,0,0,0,0,0,0,0.00,1,0.00,0.00,0.00,0.00,0.00,P,0.00,1.56,0.88,1.72,1.34,^,0.00,,35.90,12.80,504,3.45,58.7,1,0,0.00,0.00,0.00,1.56,0.00,0.00,0,0,0.00,0
2026-05-10 18:42:06,809.45,0,0,0,0,0,0,0,0.00,1,0.00,0.00,0.00,0.00,0.00,P,0.00,1.56,0.88,1.72,1.33,^,0.00,,36.20,12.80,504,4.46,59.3,1,0,0.00,0.00,0.00,1.56,0.00,0.00,0,0,0.00,0
2026-05-10 18:42:07,810.47,0,0,0,0,0,0,0,0.00,1,0.00,0.00,0.00,0.00,0.00,P,0.00,1.56,0.88,1.73,1.34,^,0.00,,36.00,12.80,504,5.48,59.3,1,0,0.00,0.00,0.00,1.56,0.00,0.00,0,0,0.00,0
2026-05-10 18:42:08,811.48,0,0,0,0,0,0,0,0.00,1,0.00,0.00,0.00,0.00,0.00,P,0.00,1.56,0.88,1.72,1.34,^,0.00,,35.00,12.80,504,0.98,60.4,1,0,0.00,0.00,0.00,1.56,0.00,0.00,0,0,0.00,0
2026-05-10 18:42:09,812.49,0,0,0,0,0,0,0,0.00,1,0.00,0.00,0.00,0.00,0.00,P,0.00,1.56,0.88,1.72,1.34,^,0.00,,36.50,12.80,504,1.99,59.8,1,0,0.00,0.00,0.00,1.56,0.00,0.00,0,0,0.00,0
2026-05-10 18:42:10,813.51,0,0,0,0,0,0,0,0.00,1,0.00,0.00,0.00,0.00,0.00,P,0.00,1.56,0.88,1.73,1.34,^,0.00,,35.90,12.80,504,3.01,59.3,1,0,0.00,0.00,0.00,1.56,0.00,0.00,0,0,0.00,0
2026-05-10 18:42:11,814.52,0,0,0,0,0,0,0,0.00,1,0.00,0.00,0.00,0.00,0.00,P,0.00,1.56,0.88,1.72,1.34,^,0.00,,37.20,12.80,504,4.02,59.8,1,0,0.00,0.00,0.00,1.56,0.00,0.00,0,0,0.00,0
2026-05-10 18:42:12,815.52,0,0,0,0,0,0,0,0.00,1,0.00,0.00,0.00,0.00,0.00,P,0.00,1.56,0.88,1.73,1.34,^,0.00,,36.80,12.80,504,0.82,57.1,1,0,0.00,0.00,0.00,1.56,0.00,0.00,0,0,0.00,0
2026-05-10 18:42:13,816.54,0,0,0,0,0,0,0,0.00,1,0.00,0.00,0.00,0.00,0.00,P,0.00,1.56,0.88,1.72,1.33,^,0.00,,37.60,12.80,504,0.50,58.2,1,0,0.00,0.00,0.00,1.56,0.00,0.00,0,0,0.00,0
2026-05-10 18:42:14,817.56,0,0,0,0,0,0,0,0.00,1,0.00,0.00,0.00,0.00,0.00,P,0.00,1.56,0.88,1.73,1.34,^,0.00,,36.10,12.80,504,1.52,57.6,1,0,0.00,0.00,0.00,1.56,0.00,0.00,0,0,0.00,0
2026-05-10 18:42:15,818.56,0,0,0,0,0,0,0,0.00,1,0.00,0.00,0.00,0.00,0.00,P,0.00,1.56,0.88,1.73,1.34,^,0.00,,35.80,12.80,504,0.58,57.6,1,0,0.00,0.00,0.00,1.56,0.00,0.00,0,0,0.00,0
2026-05-10 18:42:16,819.58,0,0,0,0,0,0,0,0.00,1,0.00,0.00,0.00,0.00,0.00,P,0.00,1.56,0.88,1.72,1.34,^,0.00,,36.30,12.80,504,0.54,59.3,1,0,0.00,0.00,0.00,1.56,0.00,0.00,0,0,0.00,0
2026-05-10 18:42:17,820.58,0,0,0,0,0,0,0,0.00,1,0.00,0.00,0.00,0.00,0.00,P,0.00,1.56,0.87,1.73,1.34,^,0.00,,36.50,12.80,504,0.57,59.8,1,0,0.00,0.00,0.00,1.56,0.00,0.00,0,0,0.00,0
2026-05-10 18:42:18,821.60,0,0,0,0,0,0,0,0.00,1,0.00,0.00,0.00,0.00,0.00,P,0.00,1.56,0.88,1.72,1.34,^,0.00,,37.10,12.80,504,1.59,58.7,1,0,0.00,0.00,0.00,1.56,0.00,0.00,0,0,0.00,0
2026-05-10 18:42:19,822.62,0,0,0,0,0,0,0,0.00,1,0.00,0.00,0.00,0.00,0.00,P,0.00,1.56,0.88,1.72,1.35,^,0.00,,36.10,12.80,504,2.60,59.3,1,0,0.00,0.00,0.00,1.56,0.00,0.00,0,0,0.00,0
2026-05-10 18:42:20,823.64,0,0,0,0,0,0,0,0.00,1,0.00,0.00,0.00,0.00,0.00,P,0.00,1.56,0.88,1.73,1.34,^,0.00,,36.70,12.80,504,3.62,59.3,1,0,0.00,0.00,0.00,1.56,0.00,0.00,0,0,0.00,0
2026-05-10 18:42:21,824.65,0,0,0,0,0,0,0,0.00,1,0.00,0.00,0.00,0.00,0.00,P,0.00,1.56,0.88,1.72,1.34,^,0.00,,38.40,12.80,504,4.63,59.3,1,0,0.00,0.00,0.00,1.56,0.00,0.00,0,0,0.00,0
2026-05-10 18:42:22,825.66,0,0,0,0,0,0,0,0.00,1,0.00,0.00,0.00,0.00,0.00,P,0.00,1.56,0.88,1.72,1.34,^,0.00,,35.50,12.80,504,0.17,59.3,1,0,0.00,0.00,0.00,1.56,0.00,0.00,0,0,0.00,0
2026-05-10 18:42:23,826.68,0,0,0,0,0,0,0,0.00,1,0.00,0.00,0.00,0.00,0.00,P,0.00,1.56,0.88,1.72,1.34,^,0.00,,35.80,12.80,504,1.19,58.7,1,0,0.00,0.00,0.00,1.56,0.00,0.00,0,0,0.00,0
2026-05-10 18:42:24,827.69,0,0,0,0,0,0,0,0.00,1,0.00,0.00,0.00,0.00,0.00,P,0.00,1.56,0.88,1.72,1.34,^,0.00,,36.40,12.80,504,0.48,58.2,1,0,0.00,0.00,0.00,1.56,0.00,0.00,0,0,0.00,0
2026-05-10 18:42:25,828.72,0,0,0,0,0,0,0,0.00,1,0.00,0.00,0.00,0.00,0.00,P,0.00,1.56,0.88,1.72,1.34,^,0.00,,35.90,12.80,504,0.27,59.8,1,0,0.00,0.00,0.00,1.56,0.00,0.00,0,0,0.00,0
2026-05-10 18:42:26,829.74,0,0,0,0,0,0,0,0.00,1,0.00,0.00,0.00,0.00,0.00,P,0.00,1.56,0.88,1.72,1.34,^,0.00,,38.00,12.80,504,1.29,58.7,1,0,0.00,0.00,0.00,1.56,0.00,0.00,0,0,0.00,0
2026-05-10 18:42:27,830.74,0,0,0,0,0,0,0,0.00,1,0.00,0.00,0.00,0.00,0.00,P,0.00,1.56,0.88,1.72,1.34,^,0.00,,36.90,12.80,504,2.30,58.2,1,0,0.00,0.00,0.00,1.56,0.00,0.00,0,0,0.00,0
2026-05-10 18:42:28,831.75,0,0,0,0,0,0,0,0.00,1,0.00,0.00,0.00,0.00,0.00,P,0.00,1.56,0.88,1.73,1.34,^,0.00,,36.70,12.80,504,3.30,58.7,1,0,0.00,0.00,0.00,1.56,0.00,0.00,0,0,0.00,0
2026-05-10 18:42:29,832.76,0,0,0,0,0,0,0,0.00,1,0.00,0.00,0.00,0.00,0.00,P,0.00,1.56,0.88,1.72,1.34,^,0.00,,36.10,12.80,504,4.32,59.8,1,0,0.00,0.00,0.00,1.56,0.00,0.00,0,0,0.00,0
2026-05-10 18:42:30,833.77,0,0,0,0,0,0,0,0.00,1,0.00,0.00,0.00,0.00,0.00,P,0.00,1.56,0.88,1.72,1.34,^,0.00,,36.10,12.80,504,0.19,59.8,1,0,0.00,0.00,0.00,1.56,0.00,0.00,0,0,0.00,0
2026-05-10 18:42:31,834.79,0,0,0,0,0,0,0,0.00,1,0.00,0.00,0.00,0.00,0.00,P,0.00,1.56,0.88,1.73,1.34,^,0.00,,37.20,12.70,504,1.22,59.3,1,0,0.00,0.00,0.00,1.56,0.00,0.00,0,0,0.00,0
2026-05-10 18:42:32,835.81,0,0,0,0,0,0,0,0.00,1,0.00,0.00,0.00,0.00,0.00,P,0.00,1.56,0.88,1.73,1.34,^,0.00,,36.60,12.70,504,2.24,59.3,1,0,0.00,0.00,0.00,1.56,0.00,0.00,0,0,0.00,0
2026-05-10 18:42:33,836.83,0,0,0,0,0,0,0,0.00,1,0.00,0.00,0.00,0.00,0.00,P,0.00,1.56,0.88,1.73,1.34,^,0.00,,35.40,12.80,504,3.26,59.8,1,0,0.00,0.00,0.00,1.56,0.00,0.00,0,0,0.00,0
2026-05-10 18:42:34,837.83,0,0,0,0,0,0,0,0.00,1,0.00,0.00,0.00,0.00,0.00,P,0.00,1.56,0.88,1.72,1.33,^,0.00,,36.80,12.80,504,4.26,59.3,1,0,0.00,0.00,0.00,1.56,0.00,0.00,0,0,0.00,0
2026-05-10 18:42:35,838.84,0,0,0,0,0,0,0,0.00,1,0.00,0.00,0.00,0.00,0.00,P,0.00,1.56,0.88,1.73,1.34,^,0.00,,36.00,12.80,504,5.27,58.7,1,0,0.00,0.00,0.00,1.56,0.00,0.00,0,0,0.00,0
2026-05-10 18:42:36,839.85,0,0,0,0,0,0,0,0.00,1,0.00,0.00,0.00,0.00,0.00,P,0.00,1.56,0.88,1.73,1.34,^,0.00,,36.20,12.80,504,6.27,59.8,1,0,0.00,0.00,0.00,1.56,0.00,0.00,0,0,0.00,0
2026-05-10 18:42:37,840.86,0,0,0,0,0,0,0,0.00,1,0.00,0.00,0.00,0.00,0.00,P,0.00,1.56,0.88,1.72,1.34,^,0.00,,36.00,12.80,504,7.29,59.8,1,0,0.00,0.00,0.00,1.56,0.00,0.00,0,0,0.00,0
2026-05-10 18:42:38,841.87,0,0,0,0,0,0,0,0.00,1,0.00,0.00,0.00,0.00,0.00,P,0.00,1.56,0.88,1.72,1.34,^,0.00,,36.10,12.80,504,8.30,58.7,1,0,0.00,0.00,0.00,1.56,0.00,0.00,0,0,0.00,0
2026-05-10 18:42:39,842.89,0,0,0,0,0,0,0,0.00,1,0.00,0.00,0.00,0.00,0.00,P,0.00,1.56,0.88,1.72,1.34,^,0.00,,37.10,12.80,504,0.22,60.4,1,0,0.00,0.00,0.00,1.56,0.00,0.00,0,0,0.00,0
2026-05-10 18:42:40,843.90,0,0,0,0,0,0,0,0.00,1,0.00,0.00,0.00,0.00,0.00,P,0.00,1.56,0.88,1.73,1.34,^,0.00,,35.60,12.80,504,1.23,59.3,1,0,0.00,0.00,0.00,1.56,0.00,0.00,0,0,0.00,0
2026-05-10 18:42:41,844.91,0,0,0,0,0,0,0,0.00,1,0.00,0.00,0.00,0.00,0.00,P,0.00,1.56,0.88,1.72,1.34,^,0.00,,36.20,12.80,504,2.25,59.3,1,0,0.00,0.00,0.00,1.56,0.00,0.00,0,0,0.00,0
2026-05-10 18:42:42,845.92,0,0,0,0,0,0,0,0.00,1,0.00,0.00,0.00,0.00,0.00,P,0.00,1.56,0.88,1.72,1.34,^,0.00,,35.10,12.80,504,3.26,59.3,1,0,0.00,0.00,0.00,1.56,0.00,0.00,0,0,0.00,0
2026-05-10 18:42:43,846.93,0,0,0,0,0,0,0,0.00,1,0.00,0.00,0.00,0.00,0.00,P,0.00,1.56,0.88,1.73,1.34,^,0.00,,37.50,12.80,504,4.27,59.3,1,0,0.00,0.00,0.00,1.56,0.00,0.00,0,0,0.00,0
2026-05-10 18:42:44,847.94,0,0,0,0,0,0,0,0.00,1,0.00,0.00,0.00,0.00,0.00,P,0.00,1.56,0.88,1.72,1.34,^,0.00,,36.50,12.80,504,5.27,59.3,1,0,0.00,0.00,0.00,1.56,0.00,0.00,0,0,0.00,0
2026-05-10 18:42:45,848.96,0,0,0,0,0,0,0,0.00,1,0.00,0.00,0.00,0.00,0.00,P,0.00,1.56,0.88,1.72,1.34,^,0.00,,36.50,12.80,504,6.29,58.2,1,0,0.00,0.00,0.00,1.56,0.00,0.00,0,0,0.00,0
2026-05-10 18:42:46,849.98,0,0,0,0,0,0,0,0.00,1,0.00,0.00,0.00,0.00,0.00,P,0.00,1.56,0.88,1.72,1.34,^,0.00,,37.50,12.80,504,0.52,59.3,1,0,0.00,0.00,0.00,1.56,0.00,0.00,0,0,0.00,0
2026-05-10 18:42:47,850.98,0,0,0,0,0,0,0,0.00,1,0.00,0.00,0.00,0.00,0.00,P,0.00,1.56,0.88,1.72,1.35,^,0.00,,36.80,12.80,504,1.53,59.3,1,0,0.00,0.00,0.00,1.56,0.00,0.00,0,0,0.00,0
2026-05-10 18:42:48,851.99,0,0,0,0,0,0,0,0.00,1,0.00,0.00,0.00,0.00,0.00,P,0.00,1.56,0.88,1.72,1.34,^,0.00,,36.10,12.80,504,2.54,59.3,1,0,0.00,0.00,0.00,1.56,0.00,0.00,0,0,0.00,0
2026-05-10 18:42:49,853.10,0,0,0,0,0,0,0,0.00,1,0.00,0.00,0.00,0.00,0.00,P,0.00,1.56,0.89,1.73,1.34,^,0.00,,34.30,12.80,504,3.64,59.3,1,0,0.00,0.00,0.00,1.56,0.00,0.00,0,0,0.00,0
2026-05-10 18:42:50,854.02,0,0,0,0,0,0,0,0.00,1,0.00,0.00,0.00,0.00,0.00,P,0.00,1.56,0.88,1.72,1.34,^,0.00,,35.60,12.80,504,4.57,58.2,1,0,0.00,0.00,0.00,1.56,0.00,0.00,0,0,0.00,0
2026-05-10 18:42:51,855.03,0,0,0,0,0,0,0,0.00,1,0.00,0.00,0.00,0.00,0.00,P,0.00,1.56,0.88,1.72,1.34,^,0.00,,36.60,12.80,504,5.58,59.3,1,0,0.00,0.00,0.00,1.56,0.00,0.00,0,0,0.00,0
2026-05-10 18:42:52,856.04,0,0,0,0,0,0,0,0.00,1,0.00,0.00,0.00,0.00,0.00,P,0.00,1.56,0.88,1.73,1.34,^,0.00,,35.80,12.80,504,0.54,59.8,1,0,0.00,0.00,0.00,1.56,0.00,0.00,0,0,0.00,0
2026-05-10 18:42:53,857.15,0,0,0,0,0,0,0,0.00,1,0.00,0.00,0.00,0.00,0.00,P,0.00,1.56,0.88,1.72,1.34,^,0.00,,33.60,12.80,504,1.65,59.8,1,0,0.00,0.00,0.00,1.56,0.00,0.00,0,0,0.00,0
2026-05-10 18:42:54,858.06,0,0,0,0,0,0,0,0.00,1,0.00,0.00,0.00,0.00,0.00,P,0.00,1.56,0.88,1.72,1.34,^,0.00,,36.00,12.80,504,0.56,58.7,1,0,0.00,0.00,0.00,1.56,0.00,0.00,0,0,0.00,0
2026-05-10 18:42:55,859.06,0,0,0,0,0,0,0,0.00,1,0.00,0.00,0.00,0.00,0.00,P,0.00,1.56,0.88,1.72,1.34,^,0.00,,36.40,12.80,504,1.57,59.8,1,0,0.00,0.00,0.00,1.56,0.00,0.00,0,0,0.00,0
2026-05-10 18:42:56,860.08,0,0,0,0,0,0,0,0.00,1,0.00,0.00,0.00,0.00,0.00,P,0.00,1.56,0.88,1.72,1.34,^,0.00,,36.80,12.80,504,2.59,58.2,1,0,0.00,0.00,0.00,1.56,0.00,0.00,0,0,0.00,0
2026-05-10 18:42:57,861.09,0,0,0,0,0,0,0,0.00,1,0.00,0.00,0.00,0.00,0.00,P,0.00,1.56,0.88,1.73,1.34,^,0.00,,36.50,12.80,504,3.59,59.8,1,0,0.00,0.00,0.00,1.56,0.00,0.00,0,0,0.00,0
2026-05-10 18:42:58,862.11,0,0,0,0,0,0,0,0.00,1,0.00,0.00,0.00,0.00,0.00,P,0.00,1.56,0.88,1.72,1.34,^,0.00,,35.50,12.90,504,4.61,59.3,1,0,0.00,0.00,0.00,1.56,0.00,0.00,0,0,0.00,0
2026-05-10 18:43:00,863.22,0,0,0,0,0,0,0,0.00,1,0.00,0.00,0.00,0.00,0.00,P,0.00,1.56,0.88,1.72,1.34,^,0.00,,33.60,12.90,504,0.47,57.6,1,0,0.00,0.00,0.00,1.56,0.00,0.00,0,0,0.00,0
2026-05-10 18:43:00,864.15,0,0,0,0,0,0,0,0.00,1,0.00,0.00,0.00,0.00,0.00,P,0.00,1.56,0.88,1.72,1.34,^,0.00,,36.60,12.90,504,1.40,57.6,1,0,0.00,0.00,0.00,1.56,0.00,0.00,0,0,0.00,0
2026-05-10 18:43:01,865.15,0,0,0,0,0,0,0,0.00,1,0.00,0.00,0.00,0.00,0.00,P,0.00,1.56,0.88,1.73,1.34,^,0.00,,37.10,12.90,504,0.56,58.7,1,0,0.00,0.00,0.00,1.56,0.00,0.00,0,0,0.00,0
2026-05-10 18:43:02,866.17,0,0,0,0,0,0,0,0.00,1,0.00,0.00,0.00,0.00,0.00,P,0.00,1.56,0.88,1.72,1.34,^,0.00,,36.60,12.90,504,1.58,58.7,1,0,0.00,0.00,0.00,1.56,0.00,0.00,0,0,0.00,0
2026-05-10 18:43:03,866.43,0,0,0,0,1,0,0,0.00,1,0.00,0.00,0.00,0.00,0.00,P,0.00,1.56,0.88,1.72,1.34,^,0.00,,39.20,12.90,504,1.83,59.8,1,0,0.00,0.00,0.00,1.56,0.00,0.00,0,0,0.00,0
